[34m0000419[0m [36mI[0m Target type is nrf52833 [2m[board][0m
[34m0000448[0m [36mI[0m Performing connect pre-reset [2m[coresight_target][0m
[34m0000700[0m [36mI[0m DAP is not accessible after reset; attempting reconnect [2m[dap][0m
[34m0000807[0m [36mI[0m DP IDR = 0x2ba01477 (v1 rev2) [2m[dap][0m
[34m0000813[0m [36mI[0m AHB-AP#0 IDR = 0x24770011 (AHB-AP var1 rev2) [2m[discovery][0m
[34m0000814[0m [36mI[0m AP#1 IDR = 0x02880000 (AP var0 rev0) [2m[discovery][0m
[34m0000814[0m [36mI[0m NRF52833 not in secure state [2m[target_nRF52][0m
[34m0000817[0m [36mI[0m AHB-AP#0 Class 0x1 ROM table #0 @ 0xe00ff000 (designer=244 part=00d) [2m[rom_table][0m
[34m0000819[0m [36mI[0m [0]<e000e000:SCS v7-M class=14 designer=43b:Arm part=00c> [2m[rom_table][0m
[34m0000820[0m [36mI[0m [1]<e0001000:DWT v7-M class=14 designer=43b:Arm part=002> [2m[rom_table][0m
[34m0000821[0m [36mI[0m [2]<e0002000:FPB v7-M class=14 designer=43b:Arm part=003> [2m[rom_table][0m
[34m0000822[0m [36mI[0m [3]<e0000000:ITM v7-M class=14 designer=43b:Arm part=001> [2m[rom_table][0m
[34m0000824[0m [36mI[0m [4]<e0040000:TPIU M4 class=9 designer=43b:Arm part=9a1 devtype=11 archid=0000 devid=ca1:0:0> [2m[rom_table][0m
[34m0000826[0m [36mI[0m [5]<e0041000:ETM M4 class=9 designer=43b:Arm part=925 devtype=13 archid=0000 devid=0:0:0> [2m[rom_table][0m
[34m0000829[0m [36mI[0m CPU core #0: Cortex-M4 r0p1, v7.0-M architecture [2m[cortex_m][0m
[34m0000829[0m [36mI[0m   Extensions: [DSP, FPU, FPU_V4, MPU] [2m[cortex_m][0m
[34m0000829[0m [36mI[0m   FPU present: FPv4-SP-D16-M [2m[cortex_m][0m
[34m0000831[0m [36mI[0m This appears to be an nRF52833 AA B0 [2m[target_nRF52][0m
[34m0000834[0m [36mI[0m 4 hardware watchpoints [2m[dwt][0m
[34m0000835[0m [36mI[0m 6 hardware breakpoints, 4 literal comparators [2m[fpb][0m
[34m0000855[0m [36mI[0m 3 up channels and 3 down channels found [2m[rtt_cmd][0m
[34m0000855[0m [36mI[0m Reading from up channel 0 ("Terminal") [2m[rtt_cmd][0m
[34m0000856[0m [36mI[0m Writing to down channel 0 ("Terminal") [2m[rtt_cmd][0m
DBG_STACK_BOOT preset=mesh_anchor build=imec-stack-v1:mesh_anchor:9f0501d0c2370f8a9efa9a53f60364b1ae325699de2cefde9dd7c80e8ae3c0a7 epoch=6779779704386032471 uptime=252
mesh node identity: ficr=0x5057d35a87868805 node=0x191a9619c6c8cb07 preset=mesh_anchor
DBG_LED_SELFTEST_CH5_RX
DBG_DIRECT_GW_PROBE_BOOT resetreas=0x00000000 phase=4 attempt=1 seq=1 at=12685
DBG_NODE_COMM_BOOT stage=init ret=0 running=1 uptime=1261
DBG_BOOT_ANCHOR_ROLE_BEGIN
DBG_ANCHOR_BLE_DISABLED
DBG_ANCHOR_CH5_SCAN_WQ_STARTED
DBG_ANCHOR_CH5_SCAN_RESCHED ret=1 delay=2000
DBG_ANCHOR_CH5_SCAN_SCHEDULED startup=2000 interval=380 win=3
DBG_BOOT_ANCHOR_ROLE_DONE
DBG_BOOT_MESH_RX_ANCHOR_LOW_DUTY_OWNER
DBG_BOOT_MESH_TEST_BEGIN
DBG_BOOT_MESH_TEST_DONE
DBG_ANCHOR_CH5_SCAN_HANDLER role=2
DBG_ANCHOR_CH5_SCAN_ARM now=3266 win=3 complete=15 interval=380 wait=0 tx=0
DBG_DWM_CH5_RX_HUNT_START acq=3 complete=15 cap=1021
DBG_DWM_CH5_RX_HUNT_EMPTY ret=-116 status=0x00000000 acq=3
DBG_ANCHOR_CH5_SCAN_DONE ret=-116 len=0 fail=1 pre=0 q=0 rx_us=4028 complete=15
DBG_ANCHOR_CH5_SCAN_RESCHED ret=1 delay=380
DBG_COORD state=idle owner=report-tx reason=idle rx=0 tx=0 relay=0 route=0 ack=0 qack=0
DBG_ANCHOR_CH5_SCAN_HANDLER role=2
DBG_DWM_CH5_RX_HUNT_START acq=3 complete=15 cap=1021
DBG_DWM_CH5_RX_HUNT_EMPTY ret=-116 status=0x00000000 acq=3
DBG_ANCHOR_CH5_SCAN_RESCHED ret=1 delay=380
DBG_ANCHOR_CH5_SCAN_HANDLER role=2
DBG_DWM_CH5_RX_HUNT_START acq=3 complete=15 cap=1021
DBG_DWM_CH5_RX_HUNT_EMPTY ret=-116 status=0x00000000 acq=3
DBG_ANCHOR_CH5_SCAN_RESCHED ret=1 delay=380
DBG_ANCHOR_CH5_SCAN_HANDLER role=2
DBG_ANCHOR_CH5_SCAN_ARM now=4477 win=3 complete=15 interval=380 wait=0 tx=0
DBG_DWM_CH5_RX_HUNT_START acq=3 complete=15 cap=1021
DBG_DWM_CH5_RX_HUNT_EMPTY ret=-116 status=0x00000000 acq=3
DBG_ANCHOR_CH5_SCAN_DONE ret=-116 len=0 fail=1 pre=0 q=0 rx_us=3631 complete=15
DBG_ANCHOR_CH5_SCAN_RESCHED ret=1 delay=380
DBG_ANCHOR_CH5_SCAN_HANDLER role=2
DBG_DWM_CH5_RX_HUNT_START acq=3 complete=15 cap=1021
DBG_DWM_CH5_RX_HUNT_EMPTY ret=-116 status=0x00000000 acq=3
DBG_ANCHOR_CH5_SCAN_RESCHED ret=1 delay=380
DBG_ANCHOR_CH5_SCAN_HANDLER role=2
DBG_DWM_CH5_RX_HUNT_START acq=3 complete=15 cap=1021
DBG_DWM_CH5_RX_HUNT_EMPTY ret=-116 status=0x00000000 acq=3
DBG_ANCHOR_CH5_SCAN_RESCHED ret=1 delay=380
DBG_ANCHOR_CH5_SCAN_HANDLER role=2
DBG_ANCHOR_CH5_SCAN_ARM now=5689 win=3 complete=15 interval=380 wait=0 tx=0
DBG_DWM_CH5_RX_HUNT_START acq=3 complete=15 cap=1021
DBG_DWM_CH5_RX_HUNT_EMPTY ret=-116 status=0x00000000 acq=3
DBG_ANCHOR_CH5_SCAN_DONE ret=-116 len=0 fail=1 pre=0 q=0 rx_us=3631 complete=15
DBG_ANCHOR_CH5_SCAN_RESCHED ret=1 delay=380
DBG_ANCHOR_CH5_SCAN_HANDLER role=2
DBG_DWM_CH5_RX_HUNT_START acq=3 complete=15 cap=1021
DBG_DWM_CH5_RX_HUNT_EMPTY ret=-116 status=0x00000000 acq=3
DBG_ANCHOR_CH5_SCAN_RESCHED ret=1 delay=380
DBG_ANCHOR_CH5_SCAN_HANDLER role=2
DBG_DWM_CH5_RX_HUNT_START acq=3 complete=15 cap=1021
DBG_DWM_CH5_RX_HUNT_EMPTY ret=-116 status=0x00000000 acq=3
DBG_ANCHOR_CH5_SCAN_RESCHED ret=1 delay=380
DBG_ANCHOR_CH5_SCAN_HANDLER role=2
DBG_ANCHOR_CH5_SCAN_ARM now=6900 win=3 complete=15 interval=380 wait=0 tx=0
DBG_DWM_CH5_RX_HUNT_START acq=3 complete=15 cap=1021
DBG_DWM_CH5_RX_HUNT_EMPTY ret=-116 status=0x00000000 acq=3
DBG_ANCHOR_CH5_SCAN_DONE ret=-116 len=0 fail=1 pre=0 q=0 rx_us=3631 complete=15
DBG_ANCHOR_CH5_SCAN_RESCHED ret=1 delay=380
DBG_ANCHOR_CH5_SCAN_HANDLER role=2
DBG_DWM_CH5_RX_HUNT_START acq=3 complete=15 cap=1021
DBG_DWM_CH5_RX_HUNT_EMPTY ret=-116 status=0x00000000 acq=3
DBG_ANCHOR_CH5_SCAN_RESCHED ret=1 delay=380
DBG_ANCHOR_CH5_SCAN_HANDLER role=2
DBG_DWM_CH5_RX_HUNT_START acq=3 complete=15 cap=1021
DBG_DWM_CH5_RX_HUNT_EMPTY ret=-116 status=0x00000000 acq=3
DBG_ANCHOR_CH5_SCAN_RESCHED ret=1 delay=380
DBG_ANCHOR_CH5_SCAN_HANDLER role=2
DBG_ANCHOR_CH5_SCAN_ARM now=8112 win=3 complete=15 interval=380 wait=0 tx=0
DBG_DWM_CH5_RX_HUNT_START acq=3 complete=15 cap=1021
DBG_DWM_CH5_RX_HUNT_EMPTY ret=-116 status=0x00000000 acq=3
DBG_ANCHOR_CH5_SCAN_DONE ret=-116 len=0 fail=1 pre=0 q=0 rx_us=3265 complete=15
DBG_ANCHOR_CH5_SCAN_RESCHED ret=1 delay=380
DBG_ANCHOR_CH5_SCAN_HANDLER role=2
DBG_DWM_CH5_RX_HUNT_START acq=3 complete=15 cap=1021
DBG_DWM_CH5_RX_HUNT_EMPTY ret=-116 status=0x00000000 acq=3
DBG_ANCHOR_CH5_SCAN_RESCHED ret=1 delay=380
DBG_ANCHOR_CH5_SCAN_HANDLER role=2
DBG_DWM_CH5_RX_HUNT_START acq=3 complete=15 cap=1021
DBG_DWM_CH5_RX_HUNT_EMPTY ret=-116 status=0x00000000 acq=3
DBG_ANCHOR_CH5_SCAN_RESCHED ret=1 delay=380
DBG_ANCHOR_CH5_SCAN_HANDLER role=2
DBG_ANCHOR_CH5_SCAN_ARM now=9323 win=3 complete=15 interval=380 wait=0 tx=0
DBG_DWM_CH5_RX_HUNT_START acq=3 complete=15 cap=1021
DBG_DWM_CH5_RX_HUNT_EMPTY ret=-116 status=0x00000000 acq=3
DBG_ANCHOR_CH5_SCAN_DONE ret=-116 len=0 fail=1 pre=0 q=0 rx_us=3631 complete=15
DBG_ANCHOR_CH5_SCAN_RESCHED ret=1 delay=380
DBG_ANCHOR_CH5_SCAN_HANDLER role=2
DBG_DWM_CH5_RX_HUNT_START acq=3 complete=15 cap=1021
DBG_DWM_CH5_RX_HUNT_EMPTY ret=-116 status=0x00000000 acq=3
DBG_ANCHOR_CH5_SCAN_RESCHED ret=1 delay=380
DBG_ANCHOR_CH5_SCAN_HANDLER role=2
DBG_DWM_CH5_RX_HUNT_START acq=3 complete=15 cap=1021
DBG_DWM_CH5_RX_HUNT_EMPTY ret=-116 status=0x00000000 acq=3
DBG_ANCHOR_CH5_SCAN_RESCHED ret=1 delay=380
DBG_ANCHOR_CH5_SCAN_HANDLER role=2
DBG_ANCHOR_CH5_SCAN_ARM now=10534 win=3 complete=15 interval=380 wait=0 tx=0
DBG_DWM_CH5_RX_HUNT_START acq=3 complete=15 cap=1021
DBG_DWM_CH5_RX_HUNT_EMPTY ret=-116 status=0x00000000 acq=3
DBG_ANCHOR_CH5_SCAN_DONE ret=-116 len=0 fail=1 pre=0 q=0 rx_us=3845 complete=15
DBG_ANCHOR_CH5_SCAN_RESCHED ret=1 delay=380
DBG_ANCHOR_CH5_SCAN_HANDLER role=2
DBG_DWM_CH5_RX_HUNT_START acq=3 complete=15 cap=1021
DBG_DWM_CH5_RX_HUNT_EMPTY ret=-116 status=0x00000000 acq=3
DBG_ANCHOR_CH5_SCAN_RESCHED ret=1 delay=380
DBG_ANCHOR_CH5_SCAN_HANDLER role=2
DBG_DWM_CH5_RX_HUNT_START acq=3 complete=15 cap=1021
DBG_DWM_CH5_RX_HUNT_EMPTY ret=-116 status=0x00000000 acq=3
DBG_ANCHOR_CH5_SCAN_RESCHED ret=1 delay=380
DBG_ANCHOR_CH5_SCAN_HANDLER role=2
DBG_ANCHOR_CH5_SCAN_ARM now=11746 win=3 complete=15 interval=380 wait=0 tx=0
DBG_DWM_CH5_RX_HUNT_START acq=3 complete=15 cap=1021
DBG_DWM_CH5_RX_HUNT_EMPTY ret=-116 status=0x00000000 acq=3
DBG_ANCHOR_CH5_SCAN_DONE ret=-116 len=0 fail=1 pre=0 q=0 rx_us=3662 complete=15
DBG_ANCHOR_CH5_SCAN_RESCHED ret=1 delay=380
DBG_ANCHOR_CH5_SCAN_HANDLER role=2
DBG_DWM_CH5_RX_HUNT_START acq=3 complete=15 cap=1021
DBG_DWM_CH5_RX_HUNT_EMPTY ret=-116 status=0x00000000 acq=3
DBG_ANCHOR_CH5_SCAN_RESCHED ret=1 delay=380
DBG_ANCHOR_CH5_SCAN_HANDLER role=2
DBG_DWM_CH5_RX_HUNT_START acq=3 complete=15 cap=1021
DBG_DWM_CH5_RX_HUNT_EMPTY ret=-116 status=0x00000000 acq=3
DBG_ANCHOR_CH5_SCAN_RESCHED ret=1 delay=380
DBG_ANCHOR_CH5_SCAN_HANDLER role=2
DBG_ANCHOR_CH5_SCAN_ARM now=12957 win=3 complete=15 interval=380 wait=0 tx=0
DBG_DWM_CH5_RX_HUNT_START acq=3 complete=15 cap=1021
DBG_DWM_CH5_RX_HUNT_EMPTY ret=-116 status=0x00000000 acq=3
DBG_ANCHOR_CH5_SCAN_DONE ret=-116 len=0 fail=1 pre=0 q=0 rx_us=3631 complete=15
DBG_ANCHOR_CH5_SCAN_RESCHED ret=1 delay=380
DBG_ANCHOR_CH5_SCAN_HANDLER role=2
DBG_DWM_CH5_RX_HUNT_START acq=3 complete=15 cap=1021
DBG_DWM_CH5_RX_HUNT_EMPTY ret=-116 status=0x00000000 acq=3
DBG_ANCHOR_CH5_SCAN_RESCHED ret=1 delay=380
DBG_ANCHOR_CH5_SCAN_HANDLER role=2
DBG_DWM_CH5_RX_HUNT_START acq=3 complete=15 cap=1021
DBG_DWM_CH5_RX_HUNT_EMPTY ret=-116 status=0x00000000 acq=3
DBG_ANCHOR_CH5_SCAN_RESCHED ret=1 delay=380
DBG_ANCHOR_CH5_SCAN_HANDLER role=2
DBG_ANCHOR_CH5_SCAN_ARM now=14169 win=3 complete=15 interval=380 wait=0 tx=0
DBG_DWM_CH5_RX_HUNT_START acq=3 complete=15 cap=1021
DBG_DWM_CH5_RX_HUNT_EMPTY ret=-116 status=0x00000000 acq=3
DBG_ANCHOR_CH5_SCAN_DONE ret=-116 len=0 fail=1 pre=0 q=0 rx_us=3295 complete=15
DBG_ANCHOR_CH5_SCAN_RESCHED ret=1 delay=380
DBG_ANCHOR_CH5_SCAN_HANDLER role=2
DBG_DWM_CH5_RX_HUNT_START acq=3 complete=15 cap=1021
DBG_DWM_CH5_RX_HUNT_EMPTY ret=-116 status=0x00000000 acq=3
DBG_ANCHOR_CH5_SCAN_RESCHED ret=1 delay=380
DBG_ANCHOR_CH5_SCAN_HANDLER role=2
DBG_DWM_CH5_RX_HUNT_START acq=3 complete=15 cap=1021
DBG_DWM_CH5_RX_HUNT_EMPTY ret=-116 status=0x00000000 acq=3
DBG_ANCHOR_CH5_SCAN_RESCHED ret=1 delay=380
DBG_ANCHOR_CH5_SCAN_HANDLER role=2
DBG_ANCHOR_CH5_SCAN_ARM now=15380 win=3 complete=15 interval=380 wait=0 tx=0
DBG_DWM_CH5_RX_HUNT_START acq=3 complete=15 cap=1021
DBG_DWM_CH5_RX_HUNT_EMPTY ret=-116 status=0x00000000 acq=3
DBG_ANCHOR_CH5_SCAN_DONE ret=-116 len=0 fail=1 pre=0 q=0 rx_us=3631 complete=15
DBG_ANCHOR_CH5_SCAN_RESCHED ret=1 delay=380
DBG_ANCHOR_CH5_SCAN_HANDLER role=2
DBG_DWM_CH5_RX_HUNT_START acq=3 complete=15 cap=1021
DBG_DWM_CH5_RX_HUNT_EMPTY ret=-116 status=0x00000000 acq=3
DBG_ANCHOR_CH5_SCAN_RESCHED ret=1 delay=380
DBG_ANCHOR_CH5_SCAN_HANDLER role=2
DBG_DWM_CH5_RX_HUNT_START acq=3 complete=15 cap=1021
DBG_DWM_CH5_RX_HUNT_EMPTY ret=-116 status=0x00000000 acq=3
DBG_ANCHOR_CH5_SCAN_RESCHED ret=1 delay=380
DBG_ANCHOR_CH5_SCAN_HANDLER role=2
DBG_ANCHOR_CH5_SCAN_ARM now=16591 win=3 complete=15 interval=380 wait=0 tx=0
DBG_DWM_CH5_RX_HUNT_START acq=3 complete=15 cap=1021
DBG_DWM_CH5_RX_HUNT_EMPTY ret=-116 status=0x00000000 acq=3
DBG_ANCHOR_CH5_SCAN_DONE ret=-116 len=0 fail=1 pre=0 q=0 rx_us=3662 complete=15
DBG_ANCHOR_CH5_SCAN_RESCHED ret=1 delay=380
DBG_ANCHOR_CH5_SCAN_HANDLER role=2
DBG_DWM_CH5_RX_HUNT_START acq=3 complete=15 cap=1021
DBG_DWM_CH5_RX_HUNT_EMPTY ret=-116 status=0x00000000 acq=3
DBG_ANCHOR_CH5_SCAN_RESCHED ret=1 delay=380
DBG_ANCHOR_CH5_SCAN_HANDLER role=2
DBG_DWM_CH5_RX_HUNT_START acq=3 complete=15 cap=1021
DBG_DWM_CH5_RX_HUNT_EMPTY ret=-116 status=0x00000000 acq=3
DBG_ANCHOR_CH5_SCAN_RESCHED ret=1 delay=380
DBG_ANCHOR_CH5_SCAN_HANDLER role=2
DBG_ANCHOR_CH5_SCAN_ARM now=17803 win=3 complete=15 interval=380 wait=0 tx=0
DBG_DWM_CH5_RX_HUNT_START acq=3 complete=15 cap=1021
DBG_DWM_CH5_RX_HUNT_EMPTY ret=-116 status=0x00000000 acq=3
DBG_ANCHOR_CH5_SCAN_DONE ret=-116 len=0 fail=1 pre=0 q=0 rx_us=3814 complete=15
DBG_ANCHOR_CH5_SCAN_RESCHED ret=1 delay=380
DBG_ANCHOR_CH5_SCAN_HANDLER role=2
DBG_DWM_CH5_RX_HUNT_START acq=3 complete=15 cap=1021
DBG_DWM_CH5_RX_HUNT_EMPTY ret=-116 status=0x00000000 acq=3
DBG_ANCHOR_CH5_SCAN_RESCHED ret=1 delay=380
DBG_ANCHOR_CH5_SCAN_HANDLER role=2
DBG_DWM_CH5_RX_HUNT_START acq=3 complete=15 cap=1021
DBG_DWM_CH5_RX_HUNT_EMPTY ret=-116 status=0x00000000 acq=3
DBG_ANCHOR_CH5_SCAN_RESCHED ret=1 delay=380
DBG_ANCHOR_CH5_SCAN_HANDLER role=2
DBG_ANCHOR_CH5_SCAN_ARM now=19014 win=3 complete=15 interval=380 wait=0 tx=0
DBG_DWM_CH5_RX_HUNT_START acq=3 complete=15 cap=1021
DBG_DWM_CH5_RX_HUNT_EMPTY ret=-116 status=0x00000000 acq=3
DBG_ANCHOR_CH5_SCAN_DONE ret=-116 len=0 fail=1 pre=0 q=0 rx_us=3631 complete=15
DBG_ANCHOR_CH5_SCAN_RESCHED ret=1 delay=380
DBG_ANCHOR_CH5_SCAN_HANDLER role=2
DBG_DWM_CH5_RX_HUNT_START acq=3 complete=15 cap=1021
DBG_DWM_CH5_RX_HUNT_EMPTY ret=-116 status=0x00000000 acq=3
DBG_ANCHOR_CH5_SCAN_RESCHED ret=1 delay=380
DBG_ANCHOR_CH5_SCAN_HANDLER role=2
DBG_DWM_CH5_RX_HUNT_START acq=3 complete=15 cap=1021
DBG_DWM_CH5_RX_HUNT_EMPTY ret=-116 status=0x00000000 acq=3
DBG_ANCHOR_CH5_SCAN_RESCHED ret=1 delay=380
DBG_ANCHOR_CH5_SCAN_HANDLER role=2
DBG_ANCHOR_CH5_SCAN_ARM now=20226 win=3 complete=15 interval=380 wait=0 tx=0
DBG_DWM_CH5_RX_HUNT_START acq=3 complete=15 cap=1021
DBG_DWM_CH5_RX_HUNT_EMPTY ret=-116 status=0x00000000 acq=3
DBG_ANCHOR_CH5_SCAN_DONE ret=-116 len=0 fail=1 pre=0 q=0 rx_us=3448 complete=15
DBG_ANCHOR_CH5_SCAN_RESCHED ret=1 delay=380
DBG_ANCHOR_CH5_SCAN_HANDLER role=2
DBG_DWM_CH5_RX_HUNT_START acq=3 complete=15 cap=1021
DBG_DWM_CH5_RX_HUNT_EMPTY ret=-116 status=0x00000000 acq=3
DBG_ANCHOR_CH5_SCAN_RESCHED ret=1 delay=380
DBG_ANCHOR_CH5_SCAN_HANDLER role=2
DBG_DWM_CH5_RX_HUNT_START acq=3 complete=15 cap=1021
DBG_DWM_CH5_RX_HUNT_EMPTY ret=-116 status=0x00000000 acq=3
DBG_ANCHOR_CH5_SCAN_RESCHED ret=1 delay=380
DBG_ANCHOR_CH5_SCAN_HANDLER role=2
DBG_ANCHOR_CH5_SCAN_ARM now=21437 win=3 complete=15 interval=380 wait=0 tx=0
DBG_DWM_CH5_RX_HUNT_START acq=3 complete=15 cap=1021
DBG_DWM_CH5_RX_HUNT_EMPTY ret=-116 status=0x00000000 acq=3
DBG_ANCHOR_CH5_SCAN_DONE ret=-116 len=0 fail=1 pre=0 q=0 rx_us=3845 complete=15
DBG_ANCHOR_CH5_SCAN_RESCHED ret=1 delay=380
DBG_ANCHOR_CH5_SCAN_HANDLER role=2
DBG_DWM_CH5_RX_HUNT_START acq=3 complete=15 cap=1021
DBG_DWM_CH5_RX_HUNT_EMPTY ret=-116 status=0x00000000 acq=3
DBG_ANCHOR_CH5_SCAN_RESCHED ret=1 delay=380
DBG_ANCHOR_CH5_SCAN_HANDLER role=2
DBG_DWM_CH5_RX_HUNT_START acq=3 complete=15 cap=1021
DBG_DWM_CH5_RX_HUNT_EMPTY ret=-116 status=0x00000000 acq=3
DBG_ANCHOR_CH5_SCAN_RESCHED ret=1 delay=380
DBG_ANCHOR_CH5_SCAN_HANDLER role=2
DBG_ANCHOR_CH5_SCAN_ARM now=22649 win=3 complete=15 interval=380 wait=0 tx=0
DBG_DWM_CH5_RX_HUNT_START acq=3 complete=15 cap=1021
DBG_DWM_CH5_RX_HUNT_EMPTY ret=-116 status=0x00000000 acq=3
DBG_ANCHOR_CH5_SCAN_DONE ret=-116 len=0 fail=1 pre=0 q=0 rx_us=3845 complete=15
DBG_ANCHOR_CH5_SCAN_RESCHED ret=1 delay=380
DBG_ANCHOR_CH5_SCAN_HANDLER role=2
DBG_DWM_CH5_RX_HUNT_START acq=3 complete=15 cap=1021
DBG_DWM_CH5_RX_HUNT_EMPTY ret=-116 status=0x00000000 acq=3
DBG_ANCHOR_CH5_SCAN_RESCHED ret=1 delay=380
DBG_ANCHOR_CH5_SCAN_HANDLER role=2
DBG_DWM_CH5_RX_HUNT_START acq=3 complete=15 cap=1021
DBG_DWM_CH5_RX_HUNT_EMPTY ret=-116 status=0x00000000 acq=3
DBG_ANCHOR_CH5_SCAN_RESCHED ret=1 delay=380
DBG_ANCHOR_CH5_SCAN_HANDLER role=2
DBG_ANCHOR_CH5_SCAN_ARM now=23860 win=3 complete=15 interval=380 wait=0 tx=0
DBG_DWM_CH5_RX_HUNT_START acq=3 complete=15 cap=1021
DBG_DWM_CH5_RX_HUNT_EMPTY ret=-116 status=0x00000000 acq=3
DBG_ANCHOR_CH5_SCAN_DONE ret=-116 len=0 fail=1 pre=0 q=0 rx_us=3662 complete=15
DBG_ANCHOR_CH5_SCAN_RESCHED ret=1 delay=380
DBG_ANCHOR_CH5_SCAN_HANDLER role=2
DBG_DWM_CH5_RX_HUNT_START acq=3 complete=15 cap=1021
DBG_DWM_CH5_RX_HUNT_EMPTY ret=-116 status=0x00000000 acq=3
DBG_ANCHOR_CH5_SCAN_RESCHED ret=1 delay=380
DBG_ANCHOR_CH5_SCAN_HANDLER role=2
DBG_DWM_CH5_RX_HUNT_START acq=3 complete=15 cap=1021
DBG_DWM_CH5_RX_HUNT_EMPTY ret=-116 status=0x00000000 acq=3
DBG_ANCHOR_CH5_SCAN_RESCHED ret=1 delay=380
DBG_ANCHOR_CH5_SCAN_HANDLER role=2
DBG_ANCHOR_CH5_SCAN_ARM now=25072 win=3 complete=15 interval=380 wait=0 tx=0
DBG_DWM_CH5_RX_HUNT_START acq=3 complete=15 cap=1021
DBG_DWM_CH5_RX_HUNT_EMPTY ret=-116 status=0x00000000 acq=3
DBG_ANCHOR_CH5_SCAN_DONE ret=-116 len=0 fail=1 pre=0 q=0 rx_us=3448 complete=15
DBG_ANCHOR_CH5_SCAN_RESCHED ret=1 delay=380
DBG_ANCHOR_CH5_SCAN_HANDLER role=2
DBG_DWM_CH5_RX_HUNT_START acq=3 complete=15 cap=1021
DBG_DWM_CH5_RX_HUNT_EMPTY ret=-116 status=0x00000000 acq=3
DBG_ANCHOR_CH5_SCAN_RESCHED ret=1 delay=380
DBG_ANCHOR_CH5_SCAN_HANDLER role=2
DBG_DWM_CH5_RX_HUNT_START acq=3 complete=15 cap=1021
DBG_DWM_CH5_RX_HUNT_EMPTY ret=-116 status=0x00000000 acq=3
DBG_ANCHOR_CH5_SCAN_RESCHED ret=1 delay=380
DBG_ANCHOR_CH5_SCAN_HANDLER role=2
DBG_ANCHOR_CH5_SCAN_ARM now=26283 win=3 complete=15 interval=380 wait=0 tx=0
DBG_DWM_CH5_RX_HUNT_START acq=3 complete=15 cap=1021
DBG_DWM_CH5_RX_HUNT_EMPTY ret=-116 status=0x00000000 acq=3
DBG_ANCHOR_CH5_SCAN_DONE ret=-116 len=0 fail=1 pre=0 q=0 rx_us=3845 complete=15
DBG_ANCHOR_CH5_SCAN_RESCHED ret=1 delay=380
DBG_ANCHOR_CH5_SCAN_HANDLER role=2
DBG_DWM_CH5_RX_HUNT_START acq=3 complete=15 cap=1021
DBG_DWM_CH5_RX_HUNT_EMPTY ret=-116 status=0x00000000 acq=3
DBG_ANCHOR_CH5_SCAN_RESCHED ret=1 delay=380
DBG_ANCHOR_CH5_SCAN_HANDLER role=2
DBG_DWM_CH5_RX_HUNT_START acq=3 complete=15 cap=1021
DBG_DWM_CH5_RX_HUNT_EMPTY ret=-116 status=0x00000000 acq=3
DBG_ANCHOR_CH5_SCAN_RESCHED ret=1 delay=380
DBG_ANCHOR_CH5_SCAN_HANDLER role=2
DBG_ANCHOR_CH5_SCAN_ARM now=27494 win=3 complete=15 interval=380 wait=0 tx=0
DBG_DWM_CH5_RX_HUNT_START acq=3 complete=15 cap=1021
DBG_DWM_CH5_RX_HUNT_EMPTY ret=-116 status=0x00000000 acq=3
DBG_ANCHOR_CH5_SCAN_DONE ret=-116 len=0 fail=1 pre=0 q=0 rx_us=3814 complete=15
DBG_ANCHOR_CH5_SCAN_RESCHED ret=1 delay=380
DBG_ANCHOR_CH5_SCAN_HANDLER role=2
DBG_DWM_CH5_RX_HUNT_START acq=3 complete=15 cap=1021
DBG_DWM_CH5_RX_HUNT_EMPTY ret=-116 status=0x00000000 acq=3
DBG_ANCHOR_CH5_SCAN_RESCHED ret=1 delay=380
DBG_ANCHOR_CH5_SCAN_HANDLER role=2
DBG_DWM_CH5_RX_HUNT_START acq=3 complete=15 cap=1021
DBG_DWM_CH5_RX_HUNT_EMPTY ret=-116 status=0x00000000 acq=3
DBG_ANCHOR_CH5_SCAN_RESCHED ret=1 delay=380
DBG_ANCHOR_CH5_SCAN_HANDLER role=2
DBG_ANCHOR_CH5_SCAN_ARM now=28706 win=3 complete=15 interval=380 wait=0 tx=0
DBG_DWM_CH5_RX_HUNT_START acq=3 complete=15 cap=1021
DBG_DWM_CH5_RX_HUNT_EMPTY ret=-116 status=0x00000000 acq=3
DBG_ANCHOR_CH5_SCAN_DONE ret=-116 len=0 fail=1 pre=0 q=0 rx_us=3662 complete=15
DBG_ANCHOR_CH5_SCAN_RESCHED ret=1 delay=380
DBG_ANCHOR_CH5_SCAN_HANDLER role=2
DBG_DWM_CH5_RX_HUNT_START acq=3 complete=15 cap=1021
DBG_DWM_CH5_RX_HUNT_EMPTY ret=-116 status=0x00000000 acq=3
DBG_ANCHOR_CH5_SCAN_RESCHED ret=1 delay=380
DBG_ANCHOR_CH5_SCAN_HANDLER role=2
DBG_DWM_CH5_RX_HUNT_START acq=3 complete=15 cap=1021
DBG_DWM_CH5_RX_HUNT_EMPTY ret=-116 status=0x00000000 acq=3
DBG_ANCHOR_CH5_SCAN_RESCHED ret=1 delay=380
DBG_ANCHOR_CH5_SCAN_HANDLER role=2
DBG_ANCHOR_CH5_SCAN_ARM now=29917 win=3 complete=15 interval=380 wait=0 tx=0
DBG_DWM_CH5_RX_HUNT_START acq=3 complete=15 cap=1021
DBG_DWM_CH5_RX_HUNT_EMPTY ret=-116 status=0x00000000 acq=3
DBG_ANCHOR_CH5_SCAN_DONE ret=-116 len=0 fail=1 pre=0 q=0 rx_us=3631 complete=15
DBG_ANCHOR_CH5_SCAN_RESCHED ret=1 delay=380
DBG_ANCHOR_CH5_SCAN_HANDLER role=2
DBG_DWM_CH5_RX_HUNT_START acq=3 complete=15 cap=1021
DBG_DWM_CH5_RX_HUNT_EMPTY ret=-116 status=0x00000000 acq=3
DBG_ANCHOR_CH5_SCAN_RESCHED ret=1 delay=380
DBG_ANCHOR_CH5_SCAN_HANDLER role=2
DBG_DWM_CH5_RX_HUNT_START acq=3 complete=15 cap=1021
DBG_DWM_CH5_RX_HUNT_EMPTY ret=-116 status=0x00000000 acq=3
DBG_ANCHOR_CH5_SCAN_RESCHED ret=1 delay=380
DBG_ANCHOR_CH5_SCAN_HANDLER role=2
DBG_ANCHOR_CH5_SCAN_ARM now=31129 win=3 complete=15 interval=380 wait=0 tx=0
DBG_DWM_CH5_RX_HUNT_START acq=3 complete=15 cap=1021
DBG_DWM_CH5_RX_HUNT_EMPTY ret=-116 status=0x00000000 acq=3
DBG_ANCHOR_CH5_SCAN_DONE ret=-116 len=0 fail=1 pre=0 q=0 rx_us=3295 complete=15
DBG_ANCHOR_CH5_SCAN_RESCHED ret=1 delay=380
DBG_ANCHOR_CH5_SCAN_HANDLER role=2
DBG_DWM_CH5_RX_HUNT_START acq=3 complete=15 cap=1021
DBG_DWM_CH5_RX_HUNT_EMPTY ret=-116 status=0x00000000 acq=3
DBG_ANCHOR_CH5_SCAN_RESCHED ret=1 delay=380
DBG_ANCHOR_CH5_SCAN_HANDLER role=2
DBG_DWM_CH5_RX_HUNT_START acq=3 complete=15 cap=1021
DBG_DWM_CH5_RX_HUNT_EMPTY ret=-116 status=0x00000000 acq=3
DBG_ANCHOR_CH5_SCAN_RESCHED ret=1 delay=380
DBG_ANCHOR_CH5_SCAN_HANDLER role=2
DBG_ANCHOR_CH5_SCAN_ARM now=32340 win=3 complete=15 interval=380 wait=0 tx=0
DBG_DWM_CH5_RX_HUNT_START acq=3 complete=15 cap=1021
DBG_DWM_CH5_RX_HUNT_EMPTY ret=-116 status=0x00000000 acq=3
DBG_ANCHOR_CH5_SCAN_DONE ret=-116 len=0 fail=1 pre=0 q=0 rx_us=3784 complete=15
DBG_ANCHOR_CH5_SCAN_RESCHED ret=1 delay=380
DBG_ANCHOR_CH5_SCAN_HANDLER role=2
DBG_DWM_CH5_RX_HUNT_START acq=3 complete=15 cap=1021
DBG_DWM_CH5_RX_HUNT_EMPTY ret=-116 status=0x00000000 acq=3
DBG_ANCHOR_CH5_SCAN_RESCHED ret=1 delay=380
DBG_ANCHOR_CH5_SCAN_HANDLER role=2
DBG_DWM_CH5_RX_HUNT_START acq=3 complete=15 cap=1021
DBG_DWM_CH5_RX_HUNT_EMPTY ret=-116 status=0x00000000 acq=3
DBG_ANCHOR_CH5_SCAN_RESCHED ret=1 delay=380
DBG_ANCHOR_CH5_SCAN_HANDLER role=2
DBG_ANCHOR_CH5_SCAN_ARM now=33551 win=3 complete=15 interval=380 wait=0 tx=0
DBG_DWM_CH5_RX_HUNT_START acq=3 complete=15 cap=1021
DBG_DWM_CH5_RX_HUNT_EMPTY ret=-116 status=0x00000000 acq=3
DBG_ANCHOR_CH5_SCAN_DONE ret=-116 len=0 fail=1 pre=0 q=0 rx_us=3814 complete=15
DBG_ANCHOR_CH5_SCAN_RESCHED ret=1 delay=380
DBG_ANCHOR_CH5_SCAN_HANDLER role=2
DBG_DWM_CH5_RX_HUNT_START acq=3 complete=15 cap=1021
DBG_DWM_CH5_RX_HUNT_EMPTY ret=-116 status=0x00000000 acq=3
DBG_ANCHOR_CH5_SCAN_RESCHED ret=1 delay=380
DBG_ANCHOR_CH5_SCAN_HANDLER role=2
DBG_DWM_CH5_RX_HUNT_START acq=3 complete=15 cap=1021
DBG_DWM_CH5_RX_HUNT_EMPTY ret=-116 status=0x00000000 acq=3
DBG_ANCHOR_CH5_SCAN_RESCHED ret=1 delay=380
DBG_ANCHOR_CH5_SCAN_HANDLER role=2
DBG_ANCHOR_CH5_SCAN_ARM now=34763 win=3 complete=15 interval=380 wait=0 tx=0
DBG_DWM_CH5_RX_HUNT_START acq=3 complete=15 cap=1021
DBG_DWM_CH5_RX_HUNT_EMPTY ret=-116 status=0x00000000 acq=3
DBG_ANCHOR_CH5_SCAN_DONE ret=-116 len=0 fail=1 pre=0 q=0 rx_us=3814 complete=15
DBG_ANCHOR_CH5_SCAN_RESCHED ret=1 delay=380
DBG_ANCHOR_CH5_SCAN_HANDLER role=2
DBG_DWM_CH5_RX_HUNT_START acq=3 complete=15 cap=1021
DBG_DWM_CH5_RX_ACTIVITY_EXTEND ret=0 status=0x00000100 complete=15
DBG_DWM_CH5_RX_ACTIVITY_WAIT status=0x00000100 remain=15
DBG_DWM_CH5_RX_ACTIVITY_DONE raw=51 payload=49 status=0x00006f00 rearm=0 extended=1
DBG_ANCHOR_CH5_SCAN_DONE ret=0 len=49 fail=0 pre=1 q=100 rx_us=6469 complete=15
DBG_UWB_RX_CH5
DBG_ANCHOR_CH5_FRAME len=49 q=100 wake_ret=0
DBG_ANCHOR_ROUTE_WAKE_DISPATCH src=0x9999888877776666 evt=39900 attempt=1 flags=0x93 len=49 q=100
DBG_C5_CONTACT phase=open state=2 peer=0x9999888877776666 purpose=route_solicit reason=wake-claim
DBG_C5_CONTACT phase=accepted state=2 peer=0x9999888877776666 purpose=route_solicit reason=wake-claim
DBG_ANCHOR_ROUTE_WAKE_HANDOFF src=0x9999888877776666 evt=39900 attempt=1 flags=0x93 embedded=0 listen=2000
DBG_C5_CONTACT phase=closing state=4 peer=0x9999888877776666 purpose=route_solicit reason=replace
DBG_C5_CONTACT phase=open state=2 peer=0x9999888877776666 purpose=gateway_command_flood reason=gateway-command-wake-followup
DBG_C5_CONTACT phase=accepted state=2 peer=0x9999888877776666 purpose=gateway_command_flood reason=gateway-command-wake-follow
DBG_ROUTE_REPLY_LISTEN_START
DBG_DWM_WAKE_MESH_CTRL_OK sfd=4073
DBG_ROUTE_REPLY_LISTEN_CONFIG ret=0 ext=1
DBG_C5_CONTROL_LISTENER_HOLD_EXTENDED
DBG_C5_RX_FAIL status=0x00001700 finfo=0x00000000 fail=4 phy=4 ch=5 plen=3 pac=2 txc=9 rxc=9 sfd=2 rate=0 phr=1 phrr=0 sfdto=4
DBG_C5_CONTROL_LISTENER_HOLD_EXTENDED
DBG_C5_CONTROL_LISTENER_HOLD_EXTENDED
DBG_C5_CONTROL_LISTENER_HOLD_EXTENDED
DBG_C5_CONTROL_LISTENER_HOLD_EXTENDED
DBG_ROUTE_REPLY_RX_FRAME
DBG_C5_CONTROL_ROUTE_READY msg=0x40 prev=0x9999888877776666 ttl=8 origin_ttl=8 relay=0 ret=0
DBG_C5_CONTROL_ROUTE_STATE epoch=1 sel=0 next=0x9999888877776666 hop=0 timing=0
DBG_UWB_RX_CH5
DBG_MESH_RX_QUEUED ch=5 msg=0x40 src=0x9999888877776666 dst=0x0 prev=0x9999888877776666 seq=1 q=1
DBG_MESH_RX_DEFERRED q=1 msg=0x40
DBG_COORD state=mesh-rx owner=uwb-rx reason=mesh-rx rx=1 tx=0 relay=0 route=0 ack=0 qack=0
DBG_ANCHOR_MESH_RX_YIELD reason=anchor-low-duty-ch5-owner ch9=0 delay=0 scan_int=380 scan_win=3 wait=0 q=1
DBG_MESH_RX_WORK_WAIT q=1
DBG_MESH_RX_WORK_ENTER q=1
DBG_MESH_RX_DRAIN_ENTER owner=work q=1
DBG_C5_CONTACT phase=accepted state=2 peer=0x9999888877776666 purpose=gateway_command_flood reason=c5-control-rx
DBG_COORD state=idle owner=c5-flood reason=idle rx=0 tx=0 relay=0 route=0 ack=0 qack=0
DBG_C5_FLOOD_WAIT now=35401 wake=38471 first=38871 msg=40 attempt=1/3 reason=broadcast-forward
DBG_ROUTE_REPLY_LISTEN_DONE captured=1 ret=-11
DBG_ANCHOR_CH5_SCAN_RESCHED ret=1 delay=380
DBG_ANCHOR_CH5_SCAN_HANDLER role=2
DBG_ANCHOR_CH5_SCAN_ARM now=35782 win=3 complete=15 interval=380 wait=0 tx=0
DBG_DWM_CH5_RX_HUNT_START acq=3 complete=15 cap=1021
DBG_DWM_CH5_RX_HUNT_EMPTY ret=-116 status=0x00000000 acq=3
DBG_ANCHOR_CH5_SCAN_DONE ret=-116 len=0 fail=1 pre=0 q=0 rx_us=4058 complete=15
DBG_ANCHOR_CH5_SCAN_RESCHED ret=1 delay=380
DBG_ANCHOR_CH5_SCAN_HANDLER role=2
DBG_DWM_CH5_RX_HUNT_START acq=3 complete=15 cap=1021
DBG_DWM_CH5_RX_HUNT_EMPTY ret=-116 status=0x00000000 acq=3
DBG_ANCHOR_CH5_SCAN_RESCHED ret=1 delay=380
DBG_ANCHOR_CH5_SCAN_HANDLER role=2
DBG_DWM_CH5_RX_HUNT_START acq=3 complete=15 cap=1021
DBG_DWM_CH5_RX_HUNT_EMPTY ret=-116 status=0x00000000 acq=3
DBG_ANCHOR_CH5_SCAN_RESCHED ret=1 delay=380
DBG_ANCHOR_CH5_SCAN_HANDLER role=2
DBG_ANCHOR_CH5_SCAN_ARM now=36992 win=3 complete=15 interval=380 wait=0 tx=0
DBG_DWM_CH5_RX_HUNT_START acq=3 complete=15 cap=1021
DBG_DWM_CH5_RX_HUNT_EMPTY ret=-116 status=0x00000000 acq=3
DBG_ANCHOR_CH5_SCAN_DONE ret=-116 len=0 fail=1 pre=0 q=0 rx_us=3173 complete=15
DBG_ANCHOR_CH5_SCAN_RESCHED ret=1 delay=380
DBG_ANCHOR_CH5_SCAN_HANDLER role=2
DBG_DWM_CH5_RX_HUNT_START acq=3 complete=15 cap=1021
DBG_DWM_CH5_RX_HUNT_EMPTY ret=-116 status=0x00000000 acq=3
DBG_ANCHOR_CH5_SCAN_RESCHED ret=1 delay=380
DBG_ANCHOR_CH5_SCAN_HANDLER role=2
DBG_DWM_CH5_RX_HUNT_START acq=3 complete=15 cap=1021
DBG_DWM_CH5_RX_HUNT_EMPTY ret=-116 status=0x00000000 acq=3
DBG_ANCHOR_CH5_SCAN_RESCHED ret=1 delay=380
DBG_ANCHOR_CH5_SCAN_HANDLER role=2
DBG_ANCHOR_CH5_SCAN_ARM now=38201 win=3 complete=15 interval=380 wait=0 tx=0
DBG_DWM_CH5_RX_HUNT_START acq=3 complete=15 cap=1021
DBG_DWM_CH5_RX_HUNT_EMPTY ret=-116 status=0x00000000 acq=3
DBG_ANCHOR_CH5_SCAN_DONE ret=-116 len=0 fail=1 pre=0 q=0 rx_us=3265 complete=15
DBG_ANCHOR_CH5_SCAN_RESCHED ret=1 delay=380
DBG_WAKE_TRAIN_GUARD_OK
DBG_WAKE_TRAIN_CONFIG_BEGIN
DBG_WAKE_TRAIN_CONFIG_OK
DBG_WAKE_TRAIN_FIRST_SEND_BEGIN
DBG_WAKE_TRAIN_FIRST_SEND_OK
DBG_UWB_TX_CH5
DBG_TX_WAKE_CLAIM_SENT
DBG_UWB_TX_CH5
DBG_TX_WAKE_CLAIM_SENT
DBG_UWB_TX_CH5
DBG_TX_WAKE_CLAIM_SENT
DBG_UWB_TX_CH5
DBG_TX_WAKE_CLAIM_SENT
DBG_DWM_CH5_RX_HUNT_START acq=3 complete=15 cap=125
DBG_DWM_CH5_RX_HUNT_EMPTY ret=-116 status=0x00000000 acq=3
DBG_UWB_TX_CH5
DBG_TX_WAKE_CLAIM_SENT
DBG_UWB_TX_CH5
DBG_TX_WAKE_CLAIM_SENT
DBG_UWB_TX_CH5
DBG_TX_WAKE_CLAIM_SENT
DBG_DWM_CH5_RX_HUNT_START acq=3 complete=15 cap=125
DBG_DWM_CH5_RX_HUNT_EMPTY ret=-116 status=0x00000000 acq=3
DBG_UWB_TX_CH5
DBG_TX_WAKE_CLAIM_SENT
DBG_UWB_TX_CH5
DBG_TX_WAKE_CLAIM_SENT
DBG_UWB_TX_CH5
DBG_TX_WAKE_CLAIM_SENT
DBG_DWM_CH5_RX_HUNT_START acq=3 complete=15 cap=125
DBG_DWM_CH5_RX_HUNT_EMPTY ret=-116 status=0x00000000 acq=3
DBG_ANCHOR_CH5_SCAN_HANDLER role=2
DBG_ANCHOR_CH5_SCAN_BLOCKED win=0 survey=0 tx=0 retry_gap=0 wait=0 rx=0 rxq=0 rxr=0 ack=0 ch9=0 rf=1 retry=20 interval=380
DBG_ANCHOR_CH5_SCAN_RESCHED ret=1 delay=20
DBG_UWB_TX_CH5
DBG_TX_WAKE_CLAIM_SENT
DBG_UWB_TX_CH5
DBG_TX_WAKE_CLAIM_SENT
DBG_UWB_TX_CH5
DBG_TX_WAKE_CLAIM_SENT
DBG_DWM_CH5_RX_HUNT_START acq=3 complete=15 cap=125
DBG_ANCHOR_CH5_SCAN_HANDLER role=2
DBG_DWM_CH5_RX_HUNT_EMPTY ret=-116 status=0x00000000 acq=3
DBG_ANCHOR_CH5_SCAN_BLOCKED win=0 survey=0 tx=0 retry_gap=0 wait=0 rx=0 rxq=0 rxr=0 ack=0 ch9=0 rf=1 retry=20 interval=380
DBG_ANCHOR_CH5_SCAN_RESCHED ret=1 delay=20
DBG_UWB_TX_CH5
DBG_TX_WAKE_CLAIM_SENT
DBG_UWB_TX_CH5
DBG_TX_WAKE_CLAIM_SENT
DBG_UWB_TX_CH5
DBG_TX_WAKE_CLAIM_SENT
DBG_DWM_CH5_RX_HUNT_START acq=3 complete=15 cap=125
DBG_ANCHOR_CH5_SCAN_HANDLER role=2
DBG_DWM_CH5_RX_HUNT_EMPTY ret=-116 status=0x00000000 acq=3
DBG_ANCHOR_CH5_SCAN_BLOCKED win=0 survey=0 tx=0 retry_gap=0 wait=0 rx=0 rxq=0 rxr=0 ack=0 ch9=0 rf=1 retry=20 interval=380
DBG_ANCHOR_CH5_SCAN_RESCHED ret=1 delay=20
DBG_UWB_TX_CH5
DBG_TX_WAKE_CLAIM_SENT
DBG_UWB_TX_CH5
DBG_TX_WAKE_CLAIM_SENT
DBG_UWB_TX_CH5
DBG_TX_WAKE_CLAIM_SENT
DBG_DWM_CH5_RX_HUNT_START acq=3 complete=15 cap=125
DBG_ANCHOR_CH5_SCAN_HANDLER role=2
DBG_DWM_CH5_RX_HUNT_EMPTY ret=-116 status=0x00000000 acq=3
DBG_ANCHOR_CH5_SCAN_BLOCKED win=0 survey=0 tx=0 retry_gap=0 wait=0 rx=0 rxq=0 rxr=0 ack=0 ch9=0 rf=1 retry=20 interval=380
DBG_ANCHOR_CH5_SCAN_RESCHED ret=1 delay=20
DBG_UWB_TX_CH5
DBG_TX_WAKE_CLAIM_SENT
DBG_UWB_TX_CH5
DBG_TX_WAKE_CLAIM_SENT
DBG_UWB_TX_CH5
DBG_TX_WAKE_CLAIM_SENT
DBG_DWM_CH5_RX_HUNT_START acq=3 complete=15 cap=125
DBG_ANCHOR_CH5_SCAN_HANDLER role=2
DBG_DWM_CH5_RX_HUNT_EMPTY ret=-116 status=0x00000000 acq=3
DBG_ANCHOR_CH5_SCAN_BLOCKED win=0 survey=0 tx=0 retry_gap=0 wait=0 rx=0 rxq=0 rxr=0 ack=0 ch9=0 rf=1 retry=20 interval=380
DBG_ANCHOR_CH5_SCAN_RESCHED ret=1 delay=20
DBG_UWB_TX_CH5
DBG_TX_WAKE_CLAIM_SENT
DBG_UWB_TX_CH5
DBG_TX_WAKE_CLAIM_SENT
DBG_UWB_TX_CH5
DBG_TX_WAKE_CLAIM_SENT
DBG_DWM_CH5_RX_HUNT_START acq=3 complete=15 cap=125
DBG_ANCHOR_CH5_SCAN_HANDLER role=2
DBG_DWM_CH5_RX_HUNT_EMPTY ret=-116 status=0x00000000 acq=3
DBG_ANCHOR_CH5_SCAN_BLOCKED win=0 survey=0 tx=0 retry_gap=0 wait=0 rx=0 rxq=0 rxr=0 ack=0 ch9=0 rf=1 retry=20 interval=380
DBG_ANCHOR_CH5_SCAN_RESCHED ret=1 delay=20
DBG_UWB_TX_CH5
DBG_TX_WAKE_CLAIM_SENT
DBG_UWB_TX_CH5
DBG_TX_WAKE_CLAIM_SENT
DBG_UWB_TX_CH5
DBG_TX_WAKE_CLAIM_SENT
DBG_DWM_CH5_RX_HUNT_START acq=3 complete=15 cap=125
DBG_ANCHOR_CH5_SCAN_HANDLER role=2
DBG_DWM_CH5_RX_HUNT_EMPTY ret=-116 status=0x00000000 acq=3
DBG_ANCHOR_CH5_SCAN_BLOCKED win=0 survey=0 tx=0 retry_gap=0 wait=0 rx=0 rxq=0 rxr=0 ack=0 ch9=0 rf=1 retry=20 interval=380
DBG_ANCHOR_CH5_SCAN_RESCHED ret=1 delay=20
DBG_UWB_TX_CH5
DBG_TX_WAKE_CLAIM_SENT
DBG_UWB_TX_CH5
DBG_TX_WAKE_CLAIM_SENT
DBG_UWB_TX_CH5
DBG_TX_WAKE_CLAIM_SENT
DBG_DWM_CH5_RX_HUNT_START acq=3 complete=15 cap=125
DBG_ANCHOR_CH5_SCAN_HANDLER role=2
DBG_DWM_CH5_RX_HUNT_EMPTY ret=-116 status=0x00000000 acq=3
DBG_ANCHOR_CH5_SCAN_BLOCKED win=0 survey=0 tx=0 retry_gap=0 wait=0 rx=0 rxq=0 rxr=0 ack=0 ch9=0 rf=1 retry=20 interval=380
DBG_ANCHOR_CH5_SCAN_RESCHED ret=1 delay=20
DBG_UWB_TX_CH5
DBG_TX_WAKE_CLAIM_SENT
DBG_UWB_TX_CH5
DBG_TX_WAKE_CLAIM_SENT
DBG_UWB_TX_CH5
DBG_TX_WAKE_CLAIM_SENT
DBG_DWM_CH5_RX_HUNT_START acq=3 complete=15 cap=125
DBG_ANCHOR_CH5_SCAN_HANDLER role=2
DBG_DWM_CH5_RX_HUNT_EMPTY ret=-116 status=0x00000000 acq=3
DBG_ANCHOR_CH5_SCAN_BLOCKED win=0 survey=0 tx=0 retry_gap=0 wait=0 rx=0 rxq=0 rxr=0 ack=0 ch9=0 rf=1 retry=20 interval=380
DBG_ANCHOR_CH5_SCAN_RESCHED ret=1 delay=20
DBG_UWB_TX_CH5
DBG_TX_WAKE_CLAIM_SENT
DBG_UWB_TX_CH5
DBG_TX_WAKE_CLAIM_SENT
DBG_UWB_TX_CH5
DBG_TX_WAKE_CLAIM_SENT
DBG_DWM_CH5_RX_HUNT_START acq=3 complete=15 cap=125
DBG_ANCHOR_CH5_SCAN_HANDLER role=2
DBG_DWM_CH5_RX_HUNT_EMPTY ret=-116 status=0x00000000 acq=3
DBG_ANCHOR_CH5_SCAN_BLOCKED win=0 survey=0 tx=0 retry_gap=0 wait=0 rx=0 rxq=0 rxr=0 ack=0 ch9=0 rf=1 retry=20 interval=380
DBG_ANCHOR_CH5_SCAN_RESCHED ret=1 delay=20
DBG_UWB_TX_CH5
DBG_TX_WAKE_CLAIM_SENT
DBG_UWB_TX_CH5
DBG_TX_WAKE_CLAIM_SENT
DBG_UWB_TX_CH5
DBG_TX_WAKE_CLAIM_SENT
DBG_DWM_CH5_RX_HUNT_START acq=3 complete=15 cap=125
DBG_ANCHOR_CH5_SCAN_HANDLER role=2
DBG_DWM_CH5_RX_HUNT_EMPTY ret=-116 status=0x00000000 acq=3
DBG_ANCHOR_CH5_SCAN_BLOCKED win=0 survey=0 tx=0 retry_gap=0 wait=0 rx=0 rxq=0 rxr=0 ack=0 ch9=0 rf=1 retry=20 interval=380
DBG_ANCHOR_CH5_SCAN_RESCHED ret=1 delay=20
DBG_UWB_TX_CH5
DBG_TX_WAKE_CLAIM_SENT
DBG_UWB_TX_CH5
DBG_TX_WAKE_CLAIM_SENT
DBG_UWB_TX_CH5
DBG_TX_WAKE_CLAIM_SENT
DBG_DWM_CH5_RX_HUNT_START acq=3 complete=15 cap=125
DBG_ANCHOR_CH5_SCAN_HANDLER role=2
DBG_DWM_CH5_RX_HUNT_EMPTY ret=-116 status=0x00000000 acq=3
DBG_ANCHOR_CH5_SCAN_BLOCKED win=0 survey=0 tx=0 retry_gap=0 wait=0 rx=0 rxq=0 rxr=0 ack=0 ch9=0 rf=1 retry=20 interval=380
DBG_ANCHOR_CH5_SCAN_RESCHED ret=1 delay=20
DBG_UWB_TX_CH5
DBG_TX_WAKE_CLAIM_SENT
DBG_UWB_TX_CH5
DBG_TX_WAKE_CLAIM_SENT
DBG_UWB_TX_CH5
DBG_TX_WAKE_CLAIM_SENT
DBG_DWM_CH5_RX_HUNT_START acq=3 complete=15 cap=125
DBG_ANCHOR_CH5_SCAN_HANDLER role=2
DBG_DWM_CH5_RX_HUNT_EMPTY ret=-116 status=0x00000000 acq=3
DBG_ANCHOR_CH5_SCAN_BLOCKED win=0 survey=0 tx=0 retry_gap=0 wait=0 rx=0 rxq=0 rxr=0 ack=0 ch9=0 rf=1 retry=20 interval=380
DBG_ANCHOR_CH5_SCAN_RESCHED ret=1 delay=20
DBG_UWB_TX_CH5
DBG_TX_WAKE_CLAIM_SENT
DBG_UWB_TX_CH5
DBG_TX_WAKE_CLAIM_SENT
DBG_UWB_TX_CH5
DBG_TX_WAKE_CLAIM_SENT
DBG_DWM_CH5_RX_HUNT_START acq=3 complete=15 cap=125
DBG_ANCHOR_CH5_SCAN_HANDLER role=2
DBG_DWM_CH5_RX_HUNT_EMPTY ret=-116 status=0x00000000 acq=3
DBG_ANCHOR_CH5_SCAN_BLOCKED win=0 survey=0 tx=0 retry_gap=0 wait=0 rx=0 rxq=0 rxr=0 ack=0 ch9=0 rf=1 retry=20 interval=380
DBG_ANCHOR_CH5_SCAN_RESCHED ret=1 delay=20
DBG_UWB_TX_CH5
DBG_TX_WAKE_CLAIM_SENT
DBG_UWB_TX_CH5
DBG_TX_WAKE_CLAIM_SENT
DBG_UWB_TX_CH5
DBG_TX_WAKE_CLAIM_SENT
DBG_DWM_CH5_RX_HUNT_START acq=3 complete=15 cap=125
DBG_ANCHOR_CH5_SCAN_HANDLER role=2
DBG_DWM_CH5_RX_HUNT_EMPTY ret=-116 status=0x00000000 acq=3
DBG_ANCHOR_CH5_SCAN_BLOCKED win=0 survey=0 tx=0 retry_gap=0 wait=0 rx=0 rxq=0 rxr=0 ack=0 ch9=0 rf=1 retry=20 interval=380
DBG_ANCHOR_CH5_SCAN_RESCHED ret=1 delay=20
DBG_UWB_TX_CH5
DBG_TX_WAKE_CLAIM_SENT
DBG_ANCHOR_CH5_SCAN_HANDLER role=2
DBG_ANCHOR_CH5_SCAN_BLOCKED win=0 survey=0 tx=0 retry_gap=0 wait=0 rx=0 rxq=0 rxr=0 ack=0 ch9=0 rf=1 retry=20 interval=380
DBG_ANCHOR_CH5_SCAN_RESCHED ret=1 delay=20
DBG_C5_CONTROL_FOLLOWUP_TURNAROUND delay=60 msg=40 reason=broadcast-forward
DBG_ANCHOR_CH5_SCAN_HANDLER role=2
DBG_DWM_CH5_RX_HUNT_START acq=3 complete=15 cap=1021
DBG_DWM_CH5_RX_HUNT_EMPTY ret=-116 status=0x00000000 acq=3
DBG_ANCHOR_CH5_SCAN_RESCHED ret=1 delay=380
DBG_DWM_WAKE_MESH_CTRL_OK sfd=4073
DBG_C5_TX_CONFIG ret=0 ext=1 len=133 msg=40 reason=bounded-c5-flood
DBG_UWB_TX_CH5
DBG_DWM_WAKE_MESH_CTRL_OK sfd=4073
DBG_DWM_WAKE_MESH_CTRL_OK sfd=4073
DBG_C5_TX_CONFIG ret=0 ext=1 len=133 msg=40 reason=bounded-c5-flood
DBG_UWB_TX_CH5
DBG_DWM_WAKE_MESH_CTRL_OK sfd=4073
DBG_DWM_WAKE_MESH_CTRL_OK sfd=4073
DBG_C5_TX_CONFIG ret=0 ext=1 len=133 msg=40 reason=bounded-c5-flood
DBG_UWB_TX_CH5
DBG_DWM_WAKE_MESH_CTRL_OK sfd=4073
DBG_ANCHOR_CH5_SCAN_HANDLER role=2
DBG_ANCHOR_CH5_SCAN_BLOCKED win=0 survey=0 tx=0 retry_gap=0 wait=0 rx=0 rxq=0 rxr=0 ack=0 ch9=0 rf=1 retry=20 interval=380
DBG_ANCHOR_CH5_SCAN_RESCHED ret=1 delay=20
DBG_DWM_WAKE_MESH_CTRL_OK sfd=4073
DBG_C5_TX_CONFIG ret=0 ext=1 len=133 msg=40 reason=bounded-c5-flood
DBG_ANCHOR_CH5_SCAN_HANDLER role=2
DBG_ANCHOR_CH5_SCAN_BLOCKED win=0 survey=0 tx=0 retry_gap=0 wait=0 rx=0 rxq=0 rxr=0 ack=0 ch9=0 rf=1 retry=20 interval=380
DBG_ANCHOR_CH5_SCAN_RESCHED ret=1 delay=20
DBG_ANCHOR_CH5_SCAN_HANDLER role=2
DBG_ANCHOR_CH5_SCAN_BLOCKED win=0 survey=0 tx=0 retry_gap=0 wait=0 rx=0 rxq=0 rxr=0 ack=0 ch9=0 rf=1 retry=20 interval=380
DBG_ANCHOR_CH5_SCAN_RESCHED ret=1 delay=20
DBG_WAKE_TRAIN_CONFIG_BEGIN
DBG_ANCHOR_CH5_SCAN_HANDLER role=2
DBG_ANCHOR_CH5_SCAN_BLOCKED win=0 survey=0 tx=0 retry_gap=0 wait=0 rx=0 rxq=0 rxr=0 ack=0 ch9=0 rf=1 retry=20 interval=380
DBG_ANCHOR_CH5_SCAN_RESCHED ret=1 delay=20
DBG_WAKE_TRAIN_CONFIG_OK
DBG_WAKE_TRAIN_FIRST_SEND_BEGIN
DBG_WAKE_TRAIN_FIRST_SEND_OK
DBG_UWB_TX_CH5
DBG_TX_WAKE_CLAIM_SENT
DBG_ANCHOR_CH5_SCAN_HANDLER role=2
DBG_UWB_TX_CH5
DBG_TX_WAKE_CLAIM_SENT
DBG_ANCHOR_CH5_SCAN_BLOCKED win=0 survey=0 tx=0 retry_gap=0 wait=0 rx=0 rxq=0 rxr=0 ack=0 ch9=0 rf=1 retry=20 interval=380
DBG_ANCHOR_CH5_SCAN_RESCHED ret=1 delay=20
DBG_UWB_TX_CH5
DBG_TX_WAKE_CLAIM_SENT
DBG_UWB_TX_CH5
DBG_TX_WAKE_CLAIM_SENT
DBG_DWM_CH5_RX_HUNT_START acq=3 complete=15 cap=125
DBG_DWM_CH5_RX_HUNT_EMPTY ret=-116 status=0x00000000 acq=3
DBG_ANCHOR_CH5_SCAN_HANDLER role=2
DBG_UWB_TX_CH5
DBG_TX_WAKE_CLAIM_SENT
DBG_ANCHOR_CH5_SCAN_BLOCKED win=0 survey=0 tx=0 retry_gap=0 wait=0 rx=0 rxq=0 rxr=0 ack=0 ch9=0 rf=1 retry=20 interval=380
DBG_ANCHOR_CH5_SCAN_RESCHED ret=1 delay=20
DBG_UWB_TX_CH5
DBG_TX_WAKE_CLAIM_SENT
DBG_UWB_TX_CH5
DBG_TX_WAKE_CLAIM_SENT
DBG_DWM_CH5_RX_HUNT_START acq=3 complete=15 cap=125
DBG_DWM_CH5_RX_HUNT_EMPTY ret=-116 status=0x00000000 acq=3
DBG_ANCHOR_CH5_SCAN_HANDLER role=2
DBG_UWB_TX_CH5
DBG_TX_WAKE_CLAIM_SENT
DBG_ANCHOR_CH5_SCAN_BLOCKED win=0 survey=0 tx=0 retry_gap=0 wait=0 rx=0 rxq=0 rxr=0 ack=0 ch9=0 rf=1 retry=20 interval=380
DBG_ANCHOR_CH5_SCAN_RESCHED ret=1 delay=20
DBG_UWB_TX_CH5
DBG_TX_WAKE_CLAIM_SENT
DBG_UWB_TX_CH5
DBG_TX_WAKE_CLAIM_SENT
DBG_DWM_CH5_RX_HUNT_START acq=3 complete=15 cap=125
DBG_DWM_CH5_RX_HUNT_EMPTY ret=-116 status=0x00000000 acq=3
DBG_ANCHOR_CH5_SCAN_HANDLER role=2
DBG_UWB_TX_CH5
DBG_TX_WAKE_CLAIM_SENT
DBG_ANCHOR_CH5_SCAN_BLOCKED win=0 survey=0 tx=0 retry_gap=0 wait=0 rx=0 rxq=0 rxr=0 ack=0 ch9=0 rf=1 retry=20 interval=380
DBG_ANCHOR_CH5_SCAN_RESCHED ret=1 delay=20
DBG_UWB_TX_CH5
DBG_TX_WAKE_CLAIM_SENT
DBG_UWB_TX_CH5
DBG_TX_WAKE_CLAIM_SENT
DBG_DWM_CH5_RX_HUNT_START acq=3 complete=15 cap=125
DBG_DWM_CH5_RX_HUNT_EMPTY ret=-116 status=0x00000000 acq=3
DBG_ANCHOR_CH5_SCAN_HANDLER role=2
DBG_UWB_TX_CH5
DBG_TX_WAKE_CLAIM_SENT
DBG_ANCHOR_CH5_SCAN_BLOCKED win=0 survey=0 tx=0 retry_gap=0 wait=0 rx=0 rxq=0 rxr=0 ack=0 ch9=0 rf=1 retry=20 interval=380
DBG_ANCHOR_CH5_SCAN_RESCHED ret=1 delay=20
DBG_UWB_TX_CH5
DBG_TX_WAKE_CLAIM_SENT
DBG_UWB_TX_CH5
DBG_TX_WAKE_CLAIM_SENT
DBG_DWM_CH5_RX_HUNT_START acq=3 complete=15 cap=125
DBG_DWM_CH5_RX_HUNT_EMPTY ret=-116 status=0x00000000 acq=3
DBG_ANCHOR_CH5_SCAN_HANDLER role=2
DBG_UWB_TX_CH5
DBG_TX_WAKE_CLAIM_SENT
DBG_ANCHOR_CH5_SCAN_BLOCKED win=0 survey=0 tx=0 retry_gap=0 wait=0 rx=0 rxq=0 rxr=0 ack=0 ch9=0 rf=1 retry=20 interval=380
DBG_ANCHOR_CH5_SCAN_RESCHED ret=1 delay=20
DBG_UWB_TX_CH5
DBG_TX_WAKE_CLAIM_SENT
DBG_UWB_TX_CH5
DBG_TX_WAKE_CLAIM_SENT
DBG_DWM_CH5_RX_HUNT_START acq=3 complete=15 cap=125
DBG_DWM_CH5_RX_HUNT_EMPTY ret=-116 status=0x00000000 acq=3
DBG_ANCHOR_CH5_SCAN_HANDLER role=2
DBG_UWB_TX_CH5
DBG_TX_WAKE_CLAIM_SENT
DBG_ANCHOR_CH5_SCAN_BLOCKED win=0 survey=0 tx=0 retry_gap=0 wait=0 rx=0 rxq=0 rxr=0 ack=0 ch9=0 rf=1 retry=20 interval=380
DBG_ANCHOR_CH5_SCAN_RESCHED ret=1 delay=20
DBG_UWB_TX_CH5
DBG_TX_WAKE_CLAIM_SENT
DBG_UWB_TX_CH5
DBG_TX_WAKE_CLAIM_SENT
DBG_DWM_CH5_RX_HUNT_START acq=3 complete=15 cap=125
DBG_DWM_CH5_RX_HUNT_EMPTY ret=-116 status=0x00000000 acq=3
DBG_ANCHOR_CH5_SCAN_HANDLER role=2
DBG_UWB_TX_CH5
DBG_TX_WAKE_CLAIM_SENT
DBG_ANCHOR_CH5_SCAN_BLOCKED win=0 survey=0 tx=0 retry_gap=0 wait=0 rx=0 rxq=0 rxr=0 ack=0 ch9=0 rf=1 retry=20 interval=380
DBG_ANCHOR_CH5_SCAN_RESCHED ret=1 delay=20
DBG_UWB_TX_CH5
DBG_TX_WAKE_CLAIM_SENT
DBG_UWB_TX_CH5
DBG_TX_WAKE_CLAIM_SENT
DBG_DWM_CH5_RX_HUNT_START acq=3 complete=15 cap=125
DBG_DWM_CH5_RX_HUNT_EMPTY ret=-116 status=0x00000000 acq=3
DBG_ANCHOR_CH5_SCAN_HANDLER role=2
DBG_UWB_TX_CH5
DBG_TX_WAKE_CLAIM_SENT
DBG_ANCHOR_CH5_SCAN_BLOCKED win=0 survey=0 tx=0 retry_gap=0 wait=0 rx=0 rxq=0 rxr=0 ack=0 ch9=0 rf=1 retry=20 interval=380
DBG_ANCHOR_CH5_SCAN_RESCHED ret=1 delay=20
DBG_UWB_TX_CH5
DBG_TX_WAKE_CLAIM_SENT
DBG_UWB_TX_CH5
DBG_TX_WAKE_CLAIM_SENT
DBG_DWM_CH5_RX_HUNT_START acq=3 complete=15 cap=125
DBG_DWM_CH5_RX_HUNT_EMPTY ret=-116 status=0x00000000 acq=3
DBG_ANCHOR_CH5_SCAN_HANDLER role=2
DBG_UWB_TX_CH5
DBG_TX_WAKE_CLAIM_SENT
DBG_ANCHOR_CH5_SCAN_BLOCKED win=0 survey=0 tx=0 retry_gap=0 wait=0 rx=0 rxq=0 rxr=0 ack=0 ch9=0 rf=1 retry=20 interval=380
DBG_ANCHOR_CH5_SCAN_RESCHED ret=1 delay=20
DBG_UWB_TX_CH5
DBG_TX_WAKE_CLAIM_SENT
DBG_UWB_TX_CH5
DBG_TX_WAKE_CLAIM_SENT
DBG_DWM_CH5_RX_HUNT_START acq=3 complete=15 cap=125
DBG_DWM_CH5_RX_HUNT_EMPTY ret=-116 status=0x00000000 acq=3
DBG_ANCHOR_CH5_SCAN_HANDLER role=2
DBG_UWB_TX_CH5
DBG_TX_WAKE_CLAIM_SENT
DBG_ANCHOR_CH5_SCAN_BLOCKED win=0 survey=0 tx=0 retry_gap=0 wait=0 rx=0 rxq=0 rxr=0 ack=0 ch9=0 rf=1 retry=20 interval=380
DBG_ANCHOR_CH5_SCAN_RESCHED ret=1 delay=20
DBG_UWB_TX_CH5
DBG_TX_WAKE_CLAIM_SENT
DBG_UWB_TX_CH5
DBG_TX_WAKE_CLAIM_SENT
DBG_DWM_CH5_RX_HUNT_START acq=3 complete=15 cap=125
DBG_DWM_CH5_RX_HUNT_EMPTY ret=-116 status=0x00000000 acq=3
DBG_ANCHOR_CH5_SCAN_HANDLER role=2
DBG_UWB_TX_CH5
DBG_TX_WAKE_CLAIM_SENT
DBG_ANCHOR_CH5_SCAN_BLOCKED win=0 survey=0 tx=0 retry_gap=0 wait=0 rx=0 rxq=0 rxr=0 ack=0 ch9=0 rf=1 retry=20 interval=380
DBG_ANCHOR_CH5_SCAN_RESCHED ret=1 delay=20
DBG_UWB_TX_CH5
DBG_TX_WAKE_CLAIM_SENT
DBG_UWB_TX_CH5
DBG_TX_WAKE_CLAIM_SENT
DBG_DWM_CH5_RX_HUNT_START acq=3 complete=15 cap=125
DBG_DWM_CH5_RX_HUNT_EMPTY ret=-116 status=0x00000000 acq=3
DBG_ANCHOR_CH5_SCAN_HANDLER role=2
DBG_UWB_TX_CH5
DBG_TX_WAKE_CLAIM_SENT
DBG_ANCHOR_CH5_SCAN_BLOCKED win=0 survey=0 tx=0 retry_gap=0 wait=0 rx=0 rxq=0 rxr=0 ack=0 ch9=0 rf=1 retry=20 interval=380
DBG_ANCHOR_CH5_SCAN_RESCHED ret=1 delay=20
DBG_UWB_TX_CH5
DBG_TX_WAKE_CLAIM_SENT
DBG_UWB_TX_CH5
DBG_TX_WAKE_CLAIM_SENT
DBG_DWM_CH5_RX_HUNT_START acq=3 complete=15 cap=125
DBG_DWM_CH5_RX_HUNT_EMPTY ret=-116 status=0x00000000 acq=3
DBG_ANCHOR_CH5_SCAN_HANDLER role=2
DBG_UWB_TX_CH5
DBG_TX_WAKE_CLAIM_SENT
DBG_ANCHOR_CH5_SCAN_BLOCKED win=0 survey=0 tx=0 retry_gap=0 wait=0 rx=0 rxq=0 rxr=0 ack=0 ch9=0 rf=1 retry=20 interval=380
DBG_ANCHOR_CH5_SCAN_RESCHED ret=1 delay=20
DBG_UWB_TX_CH5
DBG_TX_WAKE_CLAIM_SENT
DBG_UWB_TX_CH5
DBG_TX_WAKE_CLAIM_SENT
DBG_DWM_CH5_RX_HUNT_START acq=3 complete=15 cap=125
DBG_DWM_CH5_RX_HUNT_EMPTY ret=-116 status=0x00000000 acq=3
DBG_ANCHOR_CH5_SCAN_HANDLER role=2
DBG_UWB_TX_CH5
DBG_TX_WAKE_CLAIM_SENT
DBG_ANCHOR_CH5_SCAN_BLOCKED win=0 survey=0 tx=0 retry_gap=0 wait=0 rx=0 rxq=0 rxr=0 ack=0 ch9=0 rf=1 retry=20 interval=380
DBG_ANCHOR_CH5_SCAN_RESCHED ret=1 delay=20
DBG_UWB_TX_CH5
DBG_TX_WAKE_CLAIM_SENT
DBG_UWB_TX_CH5
DBG_TX_WAKE_CLAIM_SENT
DBG_DWM_CH5_RX_HUNT_START acq=3 complete=15 cap=125
DBG_DWM_CH5_RX_HUNT_EMPTY ret=-116 status=0x00000000 acq=3
DBG_ANCHOR_CH5_SCAN_HANDLER role=2
DBG_UWB_TX_CH5
DBG_TX_WAKE_CLAIM_SENT
DBG_ANCHOR_CH5_SCAN_BLOCKED win=0 survey=0 tx=0 retry_gap=0 wait=0 rx=0 rxq=0 rxr=0 ack=0 ch9=0 rf=1 retry=20 interval=380
DBG_ANCHOR_CH5_SCAN_RESCHED ret=1 delay=20
DBG_UWB_TX_CH5
DBG_TX_WAKE_CLAIM_SENT
DBG_UWB_TX_CH5
DBG_TX_WAKE_CLAIM_SENT
DBG_DWM_CH5_RX_HUNT_START acq=3 complete=15 cap=125
DBG_DWM_CH5_RX_HUNT_EMPTY ret=-116 status=0x00000000 acq=3
DBG_ANCHOR_CH5_SCAN_HANDLER role=2
DBG_UWB_TX_CH5
DBG_TX_WAKE_CLAIM_SENT
DBG_ANCHOR_CH5_SCAN_BLOCKED win=0 survey=0 tx=0 retry_gap=0 wait=0 rx=0 rxq=0 rxr=0 ack=0 ch9=0 rf=1 retry=20 interval=380
DBG_ANCHOR_CH5_SCAN_RESCHED ret=1 delay=20
DBG_UWB_TX_CH5
DBG_TX_WAKE_CLAIM_SENT
DBG_UWB_TX_CH5
DBG_TX_WAKE_CLAIM_SENT
DBG_DWM_CH5_RX_HUNT_START acq=3 complete=15 cap=125
DBG_DWM_CH5_RX_HUNT_EMPTY ret=-116 status=0x00000000 acq=3
DBG_ANCHOR_CH5_SCAN_HANDLER role=2
DBG_UWB_TX_CH5
DBG_TX_WAKE_CLAIM_SENT
DBG_ANCHOR_CH5_SCAN_BLOCKED win=0 survey=0 tx=0 retry_gap=0 wait=0 rx=0 rxq=0 rxr=0 ack=0 ch9=0 rf=1 retry=20 interval=380
DBG_ANCHOR_CH5_SCAN_RESCHED ret=1 delay=20
DBG_ANCHOR_CH5_SCAN_HANDLER role=2
DBG_ANCHOR_CH5_SCAN_BLOCKED win=0 survey=0 tx=0 retry_gap=0 wait=0 rx=0 rxq=0 rxr=0 ack=0 ch9=0 rf=1 retry=20 interval=380
DBG_ANCHOR_CH5_SCAN_RESCHED ret=1 delay=20
DBG_C5_CONTROL_FOLLOWUP_TURNAROUND delay=60 msg=40 reason=broadcast-forward
DBG_ANCHOR_CH5_SCAN_HANDLER role=2
DBG_ANCHOR_CH5_SCAN_ARM now=39916 win=3 complete=15 interval=380 wait=0 tx=0
DBG_DWM_CH5_RX_HUNT_START acq=3 complete=15 cap=1021
DBG_DWM_CH5_RX_HUNT_EMPTY ret=-116 status=0x00000000 acq=3
DBG_ANCHOR_CH5_SCAN_DONE ret=-116 len=0 fail=1 pre=0 q=0 rx_us=3448 complete=15
DBG_ANCHOR_CH5_SCAN_RESCHED ret=1 delay=380
DBG_DWM_WAKE_MESH_CTRL_OK sfd=4073
DBG_C5_TX_CONFIG ret=0 ext=1 len=133 msg=40 reason=bounded-c5-flood
DBG_UWB_TX_CH5
DBG_DWM_WAKE_MESH_CTRL_OK sfd=4073
DBG_DWM_WAKE_MESH_CTRL_OK sfd=4073
DBG_C5_TX_CONFIG ret=0 ext=1 len=133 msg=40 reason=bounded-c5-flood
DBG_UWB_TX_CH5
DBG_DWM_WAKE_MESH_CTRL_OK sfd=4073
DBG_DWM_WAKE_MESH_CTRL_OK sfd=4073
DBG_C5_TX_CONFIG ret=0 ext=1 len=133 msg=40 reason=bounded-c5-flood
DBG_UWB_TX_CH5
DBG_DWM_WAKE_MESH_CTRL_OK sfd=4073
DBG_ANCHOR_CH5_SCAN_HANDLER role=2
DBG_ANCHOR_CH5_SCAN_BLOCKED win=0 survey=0 tx=0 retry_gap=0 wait=0 rx=0 rxq=0 rxr=0 ack=0 ch9=0 rf=1 retry=20 interval=380
DBG_ANCHOR_CH5_SCAN_RESCHED ret=1 delay=20
DBG_DWM_WAKE_MESH_CTRL_OK sfd=4073
DBG_C5_TX_CONFIG ret=0 ext=1 len=133 msg=40 reason=bounded-c5-flood
DBG_ANCHOR_CH5_SCAN_HANDLER role=2
DBG_UWB_TX_CH5
DBG_WAKE_TRAIN_GUARD_OK
DBG_ANCHOR_CH5_SCAN_BLOCKED win=0 survey=0 tx=0 retry_gap=0 wait=0 rx=0 rxq=0 rxr=0 ack=0 ch9=0 rf=1 retry=20 interval=380
DBG_ANCHOR_CH5_SCAN_RESCHED ret=1 delay=20
DBG_ANCHOR_CH5_SCAN_HANDLER role=2
DBG_ANCHOR_CH5_SCAN_BLOCKED win=0 survey=0 tx=0 retry_gap=0 wait=0 rx=0 rxq=0 rxr=0 ack=0 ch9=0 rf=1 retry=20 interval=380
DBG_ANCHOR_CH5_SCAN_RESCHED ret=1 delay=20
DBG_WAKE_TRAIN_CONFIG_BEGIN
DBG_ANCHOR_CH5_SCAN_HANDLER role=2
DBG_ANCHOR_CH5_SCAN_BLOCKED win=0 survey=0 tx=0 retry_gap=0 wait=0 rx=0 rxq=0 rxr=0 ack=0 ch9=0 rf=1 retry=20 interval=380
DBG_ANCHOR_CH5_SCAN_RESCHED ret=1 delay=20
DBG_WAKE_TRAIN_CONFIG_OK
DBG_WAKE_TRAIN_FIRST_SEND_BEGIN
DBG_WAKE_TRAIN_FIRST_SEND_OK
DBG_UWB_TX_CH5
DBG_TX_WAKE_CLAIM_SENT
DBG_ANCHOR_CH5_SCAN_HANDLER role=2
DBG_UWB_TX_CH5
DBG_TX_WAKE_CLAIM_SENT
DBG_ANCHOR_CH5_SCAN_BLOCKED win=0 survey=0 tx=0 retry_gap=0 wait=0 rx=0 rxq=0 rxr=0 ack=0 ch9=0 rf=1 retry=20 interval=380
DBG_ANCHOR_CH5_SCAN_RESCHED ret=1 delay=20
DBG_UWB_TX_CH5
DBG_TX_WAKE_CLAIM_SENT
DBG_DWM_CH5_RX_HUNT_START acq=3 complete=15 cap=125
DBG_DWM_CH5_RX_HUNT_EMPTY ret=-116 status=0x00000000 acq=3
DBG_UWB_TX_CH5
DBG_TX_WAKE_CLAIM_SENT
DBG_ANCHOR_CH5_SCAN_HANDLER role=2
DBG_UWB_TX_CH5
DBG_TX_WAKE_CLAIM_SENT
DBG_ANCHOR_CH5_SCAN_BLOCKED win=0 survey=0 tx=0 retry_gap=0 wait=0 rx=0 rxq=0 rxr=0 ack=0 ch9=0 rf=1 retry=20 interval=380
DBG_ANCHOR_CH5_SCAN_RESCHED ret=1 delay=20
DBG_UWB_TX_CH5
DBG_TX_WAKE_CLAIM_SENT
DBG_DWM_CH5_RX_HUNT_START acq=3 complete=15 cap=125
DBG_DWM_CH5_RX_HUNT_EMPTY ret=-116 status=0x00000000 acq=3
DBG_UWB_TX_CH5
DBG_TX_WAKE_CLAIM_SENT
DBG_ANCHOR_CH5_SCAN_HANDLER role=2
DBG_UWB_TX_CH5
DBG_TX_WAKE_CLAIM_SENT
DBG_ANCHOR_CH5_SCAN_BLOCKED win=0 survey=0 tx=0 retry_gap=0 wait=0 rx=0 rxq=0 rxr=0 ack=0 ch9=0 rf=1 retry=20 interval=380
DBG_ANCHOR_CH5_SCAN_RESCHED ret=1 delay=20
DBG_UWB_TX_CH5
DBG_TX_WAKE_CLAIM_SENT
DBG_DWM_CH5_RX_HUNT_START acq=3 complete=15 cap=125
DBG_DWM_CH5_RX_HUNT_EMPTY ret=-116 status=0x00000000 acq=3
DBG_UWB_TX_CH5
DBG_TX_WAKE_CLAIM_SENT
DBG_ANCHOR_CH5_SCAN_HANDLER role=2
DBG_UWB_TX_CH5
DBG_TX_WAKE_CLAIM_SENT
DBG_ANCHOR_CH5_SCAN_BLOCKED win=0 survey=0 tx=0 retry_gap=0 wait=0 rx=0 rxq=0 rxr=0 ack=0 ch9=0 rf=1 retry=20 interval=380
DBG_ANCHOR_CH5_SCAN_RESCHED ret=1 delay=20
DBG_UWB_TX_CH5
DBG_TX_WAKE_CLAIM_SENT
DBG_DWM_CH5_RX_HUNT_START acq=3 complete=15 cap=125
DBG_DWM_CH5_RX_HUNT_EMPTY ret=-116 status=0x00000000 acq=3
DBG_UWB_TX_CH5
DBG_TX_WAKE_CLAIM_SENT
DBG_ANCHOR_CH5_SCAN_HANDLER role=2
DBG_UWB_TX_CH5
DBG_TX_WAKE_CLAIM_SENT
DBG_ANCHOR_CH5_SCAN_BLOCKED win=0 survey=0 tx=0 retry_gap=0 wait=0 rx=0 rxq=0 rxr=0 ack=0 ch9=0 rf=1 retry=20 interval=380
DBG_ANCHOR_CH5_SCAN_RESCHED ret=1 delay=20
DBG_UWB_TX_CH5
DBG_TX_WAKE_CLAIM_SENT
DBG_DWM_CH5_RX_HUNT_START acq=3 complete=15 cap=125
DBG_DWM_CH5_RX_HUNT_EMPTY ret=-116 status=0x00000000 acq=3
DBG_UWB_TX_CH5
DBG_TX_WAKE_CLAIM_SENT
DBG_ANCHOR_CH5_SCAN_HANDLER role=2
DBG_UWB_TX_CH5
DBG_TX_WAKE_CLAIM_SENT
DBG_ANCHOR_CH5_SCAN_BLOCKED win=0 survey=0 tx=0 retry_gap=0 wait=0 rx=0 rxq=0 rxr=0 ack=0 ch9=0 rf=1 retry=20 interval=380
DBG_ANCHOR_CH5_SCAN_RESCHED ret=1 delay=20
DBG_UWB_TX_CH5
DBG_TX_WAKE_CLAIM_SENT
DBG_DWM_CH5_RX_HUNT_START acq=3 complete=15 cap=125
DBG_DWM_CH5_RX_HUNT_EMPTY ret=-116 status=0x00000000 acq=3
DBG_UWB_TX_CH5
DBG_TX_WAKE_CLAIM_SENT
DBG_ANCHOR_CH5_SCAN_HANDLER role=2
DBG_UWB_TX_CH5
DBG_TX_WAKE_CLAIM_SENT
DBG_ANCHOR_CH5_SCAN_BLOCKED win=0 survey=0 tx=0 retry_gap=0 wait=0 rx=0 rxq=0 rxr=0 ack=0 ch9=0 rf=1 retry=20 interval=380
DBG_ANCHOR_CH5_SCAN_RESCHED ret=1 delay=20
DBG_UWB_TX_CH5
DBG_TX_WAKE_CLAIM_SENT
DBG_DWM_CH5_RX_HUNT_START acq=3 complete=15 cap=125
DBG_DWM_CH5_RX_HUNT_EMPTY ret=-116 status=0x00000000 acq=3
DBG_UWB_TX_CH5
DBG_TX_WAKE_CLAIM_SENT
DBG_ANCHOR_CH5_SCAN_HANDLER role=2
DBG_UWB_TX_CH5
DBG_TX_WAKE_CLAIM_SENT
DBG_ANCHOR_CH5_SCAN_BLOCKED win=0 survey=0 tx=0 retry_gap=0 wait=0 rx=0 rxq=0 rxr=0 ack=0 ch9=0 rf=1 retry=20 interval=380
DBG_ANCHOR_CH5_SCAN_RESCHED ret=1 delay=20
DBG_UWB_TX_CH5
DBG_TX_WAKE_CLAIM_SENT
DBG_DWM_CH5_RX_HUNT_START acq=3 complete=15 cap=125
DBG_DWM_CH5_RX_HUNT_EMPTY ret=-116 status=0x00000000 acq=3
DBG_UWB_TX_CH5
DBG_TX_WAKE_CLAIM_SENT
DBG_ANCHOR_CH5_SCAN_HANDLER role=2
DBG_UWB_TX_CH5
DBG_TX_WAKE_CLAIM_SENT
DBG_ANCHOR_CH5_SCAN_BLOCKED win=0 survey=0 tx=0 retry_gap=0 wait=0 rx=0 rxq=0 rxr=0 ack=0 ch9=0 rf=1 retry=20 interval=380
DBG_ANCHOR_CH5_SCAN_RESCHED ret=1 delay=20
DBG_UWB_TX_CH5
DBG_TX_WAKE_CLAIM_SENT
DBG_DWM_CH5_RX_HUNT_START acq=3 complete=15 cap=125
DBG_DWM_CH5_RX_HUNT_EMPTY ret=-116 status=0x00000000 acq=3
DBG_UWB_TX_CH5
DBG_TX_WAKE_CLAIM_SENT
DBG_ANCHOR_CH5_SCAN_HANDLER role=2
DBG_UWB_TX_CH5
DBG_TX_WAKE_CLAIM_SENT
DBG_ANCHOR_CH5_SCAN_BLOCKED win=0 survey=0 tx=0 retry_gap=0 wait=0 rx=0 rxq=0 rxr=0 ack=0 ch9=0 rf=1 retry=20 interval=380
DBG_ANCHOR_CH5_SCAN_RESCHED ret=1 delay=20
DBG_UWB_TX_CH5
DBG_TX_WAKE_CLAIM_SENT
DBG_DWM_CH5_RX_HUNT_START acq=3 complete=15 cap=125
DBG_DWM_CH5_RX_HUNT_EMPTY ret=-116 status=0x00000000 acq=3
DBG_UWB_TX_CH5
DBG_TX_WAKE_CLAIM_SENT
DBG_ANCHOR_CH5_SCAN_HANDLER role=2
DBG_UWB_TX_CH5
DBG_TX_WAKE_CLAIM_SENT
DBG_ANCHOR_CH5_SCAN_BLOCKED win=0 survey=0 tx=0 retry_gap=0 wait=0 rx=0 rxq=0 rxr=0 ack=0 ch9=0 rf=1 retry=20 interval=380
DBG_ANCHOR_CH5_SCAN_RESCHED ret=1 delay=20
DBG_UWB_TX_CH5
DBG_TX_WAKE_CLAIM_SENT
DBG_DWM_CH5_RX_HUNT_START acq=3 complete=15 cap=125
DBG_DWM_CH5_RX_HUNT_EMPTY ret=-116 status=0x00000000 acq=3
DBG_UWB_TX_CH5
DBG_TX_WAKE_CLAIM_SENT
DBG_ANCHOR_CH5_SCAN_HANDLER role=2
DBG_UWB_TX_CH5
DBG_TX_WAKE_CLAIM_SENT
DBG_ANCHOR_CH5_SCAN_BLOCKED win=0 survey=0 tx=0 retry_gap=0 wait=0 rx=0 rxq=0 rxr=0 ack=0 ch9=0 rf=1 retry=20 interval=380
DBG_ANCHOR_CH5_SCAN_RESCHED ret=1 delay=20
DBG_UWB_TX_CH5
DBG_TX_WAKE_CLAIM_SENT
DBG_DWM_CH5_RX_HUNT_START acq=3 complete=15 cap=125
DBG_DWM_CH5_RX_HUNT_EMPTY ret=-116 status=0x00000000 acq=3
DBG_UWB_TX_CH5
DBG_TX_WAKE_CLAIM_SENT
DBG_ANCHOR_CH5_SCAN_HANDLER role=2
DBG_UWB_TX_CH5
DBG_TX_WAKE_CLAIM_SENT
DBG_ANCHOR_CH5_SCAN_BLOCKED win=0 survey=0 tx=0 retry_gap=0 wait=0 rx=0 rxq=0 rxr=0 ack=0 ch9=0 rf=1 retry=20 interval=380
DBG_ANCHOR_CH5_SCAN_RESCHED ret=1 delay=20
DBG_UWB_TX_CH5
DBG_TX_WAKE_CLAIM_SENT
DBG_DWM_CH5_RX_HUNT_START acq=3 complete=15 cap=125
DBG_DWM_CH5_RX_HUNT_EMPTY ret=-116 status=0x00000000 acq=3
DBG_UWB_TX_CH5
DBG_TX_WAKE_CLAIM_SENT
DBG_ANCHOR_CH5_SCAN_HANDLER role=2
DBG_UWB_TX_CH5
DBG_TX_WAKE_CLAIM_SENT
DBG_ANCHOR_CH5_SCAN_BLOCKED win=0 survey=0 tx=0 retry_gap=0 wait=0 rx=0 rxq=0 rxr=0 ack=0 ch9=0 rf=1 retry=20 interval=380
DBG_ANCHOR_CH5_SCAN_RESCHED ret=1 delay=20
DBG_UWB_TX_CH5
DBG_TX_WAKE_CLAIM_SENT
DBG_DWM_CH5_RX_HUNT_START acq=3 complete=15 cap=125
DBG_DWM_CH5_RX_HUNT_EMPTY ret=-116 status=0x00000000 acq=3
DBG_UWB_TX_CH5
DBG_TX_WAKE_CLAIM_SENT
DBG_ANCHOR_CH5_SCAN_HANDLER role=2
DBG_UWB_TX_CH5
DBG_TX_WAKE_CLAIM_SENT
DBG_ANCHOR_CH5_SCAN_BLOCKED win=0 survey=0 tx=0 retry_gap=0 wait=0 rx=0 rxq=0 rxr=0 ack=0 ch9=0 rf=1 retry=20 interval=380
DBG_ANCHOR_CH5_SCAN_RESCHED ret=1 delay=20
DBG_UWB_TX_CH5
DBG_TX_WAKE_CLAIM_SENT
DBG_DWM_CH5_RX_HUNT_START acq=3 complete=15 cap=125
DBG_DWM_CH5_RX_HUNT_EMPTY ret=-116 status=0x00000000 acq=3
DBG_UWB_TX_CH5
DBG_TX_WAKE_CLAIM_SENT
DBG_ANCHOR_CH5_SCAN_HANDLER role=2
DBG_UWB_TX_CH5
DBG_TX_WAKE_CLAIM_SENT
DBG_ANCHOR_CH5_SCAN_BLOCKED win=0 survey=0 tx=0 retry_gap=0 wait=0 rx=0 rxq=0 rxr=0 ack=0 ch9=0 rf=1 retry=20 interval=380
DBG_ANCHOR_CH5_SCAN_RESCHED ret=1 delay=20
DBG_UWB_TX_CH5
DBG_TX_WAKE_CLAIM_SENT
DBG_DWM_CH5_RX_HUNT_START acq=3 complete=15 cap=125
DBG_DWM_CH5_RX_HUNT_EMPTY ret=-116 status=0x00000000 acq=3
DBG_UWB_TX_CH5
DBG_TX_WAKE_CLAIM_SENT
DBG_ANCHOR_CH5_SCAN_HANDLER role=2
DBG_UWB_TX_CH5
DBG_TX_WAKE_CLAIM_SENT
DBG_ANCHOR_CH5_SCAN_BLOCKED win=0 survey=0 tx=0 retry_gap=0 wait=0 rx=0 rxq=0 rxr=0 ack=0 ch9=0 rf=1 retry=20 interval=380
DBG_ANCHOR_CH5_SCAN_RESCHED ret=1 delay=20
DBG_UWB_TX_CH5
DBG_TX_WAKE_CLAIM_SENT
DBG_DWM_CH5_RX_HUNT_START acq=3 complete=15 cap=125
DBG_DWM_CH5_RX_HUNT_EMPTY ret=-116 status=0x00000000 acq=3
DBG_UWB_TX_CH5
DBG_TX_WAKE_CLAIM_SENT
DBG_ANCHOR_CH5_SCAN_HANDLER role=2
DBG_UWB_TX_CH5
DBG_TX_WAKE_CLAIM_SENT
DBG_ANCHOR_CH5_SCAN_BLOCKED win=0 survey=0 tx=0 retry_gap=0 wait=0 rx=0 rxq=0 rxr=0 ack=0 ch9=0 rf=1 retry=20 interval=380
DBG_ANCHOR_CH5_SCAN_RESCHED ret=1 delay=20
DBG_ANCHOR_CH5_SCAN_HANDLER role=2
DBG_ANCHOR_CH5_SCAN_BLOCKED win=0 survey=0 tx=0 retry_gap=0 wait=0 rx=0 rxq=0 rxr=0 ack=0 ch9=0 rf=1 retry=20 interval=380
DBG_ANCHOR_CH5_SCAN_RESCHED ret=1 delay=20
DBG_C5_CONTROL_FOLLOWUP_TURNAROUND delay=60 msg=40 reason=broadcast-forward
DBG_ANCHOR_CH5_SCAN_HANDLER role=2
DBG_DWM_CH5_RX_HUNT_START acq=3 complete=15 cap=1021
DBG_DWM_CH5_RX_HUNT_EMPTY ret=-116 status=0x00000000 acq=3
DBG_ANCHOR_CH5_SCAN_RESCHED ret=1 delay=380
DBG_DWM_WAKE_MESH_CTRL_OK sfd=4073
DBG_C5_TX_CONFIG ret=0 ext=1 len=133 msg=40 reason=bounded-c5-flood
DBG_UWB_TX_CH5
DBG_DWM_WAKE_MESH_CTRL_OK sfd=4073
DBG_DWM_WAKE_MESH_CTRL_OK sfd=4073
DBG_C5_TX_CONFIG ret=0 ext=1 len=133 msg=40 reason=bounded-c5-flood
DBG_UWB_TX_CH5
DBG_DWM_WAKE_MESH_CTRL_OK sfd=4073
DBG_DWM_WAKE_MESH_CTRL_OK sfd=4073
DBG_C5_TX_CONFIG ret=0 ext=1 len=133 msg=40 reason=bounded-c5-flood
DBG_UWB_TX_CH5
DBG_DWM_WAKE_MESH_CTRL_OK sfd=4073
DBG_ANCHOR_CH5_SCAN_HANDLER role=2
DBG_ANCHOR_CH5_SCAN_BLOCKED win=0 survey=0 tx=0 retry_gap=0 wait=0 rx=0 rxq=0 rxr=0 ack=0 ch9=0 rf=1 retry=20 interval=380
DBG_ANCHOR_CH5_SCAN_RESCHED ret=1 delay=20
DBG_DWM_WAKE_MESH_CTRL_OK sfd=4073
DBG_C5_TX_CONFIG ret=0 ext=1 len=133 msg=40 reason=bounded-c5-flood
DBG_ANCHOR_CH5_SCAN_HANDLER role=2
DBG_ANCHOR_CH5_SCAN_BLOCKED win=0 survey=0 tx=0 retry_gap=0 wait=0 rx=0 rxq=0 rxr=0 ack=0 ch9=0 rf=1 retry=20 interval=380
DBG_ANCHOR_CH5_SCAN_RESCHED ret=1 delay=20
DBG_ANCHOR_CH5_SCAN_HANDLER role=2
DBG_ANCHOR_CH5_SCAN_ARM now=41305 win=20 complete=15 interval=380 wait=0 tx=0
DBG_DWM_CH5_RX_HUNT_START acq=20 complete=15 cap=1021
DBG_DWM_CH5_RX_HUNT_EMPTY ret=-116 status=0x00000000 acq=20
DBG_ANCHOR_CH5_SCAN_DONE ret=-116 len=0 fail=1 pre=0 q=0 rx_us=20660 complete=15
DBG_ANCHOR_CH5_SCAN_RESCHED ret=2 delay=0
DBG_ANCHOR_CH5_SCAN_HANDLER role=2
DBG_DWM_CH5_RX_HUNT_START acq=20 complete=15 cap=1021
DBG_DWM_CH5_RX_HUNT_EMPTY ret=-116 status=0x00000000 acq=20
DBG_ANCHOR_CH5_SCAN_RESCHED ret=2 delay=0
DBG_ANCHOR_CH5_SCAN_HANDLER role=2
DBG_DWM_CH5_RX_HUNT_START acq=20 complete=15 cap=1021
DBG_DWM_CH5_RX_HUNT_EMPTY ret=-116 status=0x00000000 acq=20
DBG_ANCHOR_CH5_SCAN_RESCHED ret=2 delay=0
DBG_ANCHOR_CH5_SCAN_HANDLER role=2
DBG_DWM_CH5_RX_HUNT_START acq=20 complete=15 cap=1021
DBG_DWM_CH5_RX_HUNT_EMPTY ret=-116 status=0x00000000 acq=20
DBG_ANCHOR_CH5_SCAN_RESCHED ret=2 delay=0
DBG_ANCHOR_CH5_SCAN_HANDLER role=2
DBG_DWM_CH5_RX_HUNT_START acq=20 complete=15 cap=1021
DBG_DWM_CH5_RX_HUNT_EMPTY ret=-116 status=0x00000000 acq=20
DBG_ANCHOR_CH5_SCAN_RESCHED ret=2 delay=0
DBG_ANCHOR_CH5_SCAN_HANDLER role=2
DBG_DWM_CH5_RX_HUNT_START acq=20 complete=15 cap=1021
DBG_DWM_CH5_RX_HUNT_EMPTY ret=-116 status=0x00000000 acq=20
DBG_ANCHOR_CH5_SCAN_RESCHED ret=2 delay=0
DBG_ANCHOR_CH5_SCAN_HANDLER role=2
DBG_DWM_CH5_RX_HUNT_START acq=20 complete=15 cap=1021
DBG_DWM_CH5_RX_HUNT_EMPTY ret=-116 status=0x00000000 acq=20
DBG_ANCHOR_CH5_SCAN_RESCHED ret=2 delay=0
DBG_ANCHOR_CH5_SCAN_HANDLER role=2
DBG_DWM_CH5_RX_HUNT_START acq=20 complete=15 cap=1021
DBG_DWM_CH5_RX_HUNT_EMPTY ret=-116 status=0x00000000 acq=20
DBG_ANCHOR_CH5_SCAN_RESCHED ret=2 delay=0
DBG_ANCHOR_CH5_SCAN_HANDLER role=2
DBG_DWM_CH5_RX_HUNT_START acq=20 complete=15 cap=1021
DBG_DWM_CH5_RX_HUNT_EMPTY ret=-116 status=0x00000000 acq=20
DBG_ANCHOR_CH5_SCAN_RESCHED ret=2 delay=0
DBG_ANCHOR_CH5_SCAN_HANDLER role=2
DBG_DWM_CH5_RX_HUNT_START acq=20 complete=15 cap=1021
DBG_DWM_CH5_RX_HUNT_EMPTY ret=-116 status=0x00000000 acq=20
DBG_ANCHOR_CH5_SCAN_RESCHED ret=2 delay=0
DBG_ANCHOR_CH5_SCAN_HANDLER role=2
DBG_DWM_CH5_RX_HUNT_START acq=20 complete=15 cap=1021
DBG_DWM_CH5_RX_HUNT_EMPTY ret=-116 status=0x00000000 acq=20
DBG_ANCHOR_CH5_SCAN_RESCHED ret=2 delay=0
DBG_ANCHOR_CH5_SCAN_HANDLER role=2
DBG_DWM_CH5_RX_HUNT_START acq=20 complete=15 cap=1021
DBG_DWM_CH5_RX_HUNT_EMPTY ret=-116 status=0x00000000 acq=20
DBG_ANCHOR_CH5_SCAN_RESCHED ret=2 delay=0
DBG_ANCHOR_CH5_SCAN_HANDLER role=2
DBG_DWM_CH5_RX_HUNT_START acq=20 complete=15 cap=1021
DBG_DWM_CH5_RX_HUNT_EMPTY ret=-116 status=0x00000000 acq=20
DBG_ANCHOR_CH5_SCAN_RESCHED ret=2 delay=0
DBG_ANCHOR_CH5_SCAN_HANDLER role=2
DBG_DWM_CH5_RX_HUNT_START acq=20 complete=15 cap=1021
DBG_DWM_CH5_RX_HUNT_EMPTY ret=-116 status=0x00000000 acq=20
DBG_ANCHOR_CH5_SCAN_RESCHED ret=2 delay=0
DBG_ANCHOR_CH5_SCAN_HANDLER role=2
DBG_DWM_CH5_RX_HUNT_START acq=20 complete=15 cap=1021
DBG_DWM_CH5_RX_HUNT_EMPTY ret=-116 status=0x00000000 acq=20
DBG_ANCHOR_CH5_SCAN_RESCHED ret=2 delay=0
DBG_ANCHOR_CH5_SCAN_HANDLER role=2
DBG_DWM_CH5_RX_HUNT_START acq=20 complete=15 cap=1021
DBG_DWM_CH5_RX_HUNT_EMPTY ret=-116 status=0x00000000 acq=20
DBG_ANCHOR_CH5_SCAN_RESCHED ret=2 delay=0
DBG_ANCHOR_CH5_SCAN_HANDLER role=2
DBG_DWM_CH5_RX_HUNT_START acq=20 complete=15 cap=1021
DBG_DWM_CH5_RX_HUNT_EMPTY ret=-116 status=0x00000000 acq=20
DBG_ANCHOR_CH5_SCAN_RESCHED ret=2 delay=0
DBG_ANCHOR_CH5_SCAN_HANDLER role=2
DBG_DWM_CH5_RX_HUNT_START acq=20 complete=15 cap=1021
DBG_DWM_CH5_RX_ACTIVITY_EXTEND ret=0 status=0x00000100 complete=15
DBG_DWM_CH5_RX_ACTIVITY_WAIT status=0x00000100 remain=15
DBG_DWM_CH5_RX_ACTIVITY_DONE raw=51 payload=49 status=0x00006f00 rearm=0 extended=1
DBG_ANCHOR_CH5_SCAN_DONE ret=0 len=49 fail=0 pre=1 q=100 rx_us=20000 complete=15
DBG_UWB_RX_CH5
DBG_ANCHOR_CH5_FRAME len=49 q=100 wake_ret=0
DBG_ANCHOR_ROUTE_WAKE_DISPATCH src=0x56da25fe4af6d141 evt=45528 attempt=1 flags=0x93 len=49 q=100
DBG_C5_CONTACT phase=open state=2 peer=0x56da25fe4af6d141 purpose=route_solicit reason=wake-claim
DBG_C5_CONTACT phase=accepted state=2 peer=0x56da25fe4af6d141 purpose=route_solicit reason=wake-claim
DBG_ANCHOR_ROUTE_WAKE_HANDOFF src=0x56da25fe4af6d141 evt=45528 attempt=1 flags=0x93 embedded=0 listen=2000
DBG_C5_CONTACT phase=closing state=4 peer=0x56da25fe4af6d141 purpose=route_solicit reason=replace
DBG_C5_CONTACT phase=open state=2 peer=0x56da25fe4af6d141 purpose=gateway_command_flood reason=gateway-command-wake-followup
DBG_ROUTE_REPLY_LISTEN_START
DBG_DWM_WAKE_MESH_CTRL_OK sfd=4073
DBG_ROUTE_REPLY_LISTEN_CONFIG ret=0 ext=1
DBG_C5_CONTROL_LISTENER_HOLD_EXTENDED
DBG_C5_RX_FAIL status=0x00001700 finfo=0x00000000 fail=4 phy=4 ch=5 plen=3 pac=2 txc=9 rxc=9 sfd=2 rate=0 phr=1 phrr=0 sfdto=4
DBG_C5_CONTROL_LISTENER_HOLD_EXTENDED
DBG_C5_CONTROL_LISTENER_HOLD_EXTENDED
DBG_C5_CONTROL_LISTENER_HOLD_EXTENDED
DBG_C5_CONTROL_LISTENER_HOLD_EXTENDED
DBG_C5_CONTROL_LISTENER_HOLD_EXTENDED
DBG_C5_CONTROL_LISTENER_HOLD_EXTENDED
DBG_C5_CONTROL_LISTENER_HOLD_EXTENDED
DBG_C5_CONTROL_LISTENER_HOLD_EXTENDED
DBG_C5_CONTROL_LISTENER_HOLD_EXTENDED
DBG_C5_CONTROL_LISTENER_HOLD_EXTENDED
DBG_C5_CONTROL_LISTENER_HOLD_EXTENDED
DBG_C5_CONTROL_LISTENER_HOLD_EXTENDED
DBG_C5_CONTROL_LISTENER_HOLD_EXTENDED
DBG_C5_CONTROL_LISTENER_HOLD_EXTENDED
DBG_NC o=0000000000000001 g=00000001 w=00 e=0000003c s=00000005 q=0000>0004 r=00000000 f=00000024 t=00000000 p=00000000 a=00
DBG_NODE_COMM_SUBMIT handle=1 profile=3 token=17039361 deadline=72158
DBG_DISCOVERY_SLOT_RESPONSE phase=1 epoch=16777219 hash=0xfbc0680ae0b03045 hop=1 slot=0 attempt=1 ret=0
DBG_ROUTE_REPLY_LISTEN_ABORTED
DBG_ROUTE_REPLY_LISTEN_DONE captured=0 ret=-140
DBG_C5_CONTACT phase=closing state=4 peer=0x56da25fe4af6d141 purpose=gateway_command_flood reason=reply-listen-timeout
DBG_ANCHOR_ROUTE_WAKE_HANDOFF_DONE src=0x56da25fe4af6d141 embedded=0 ret=-140 pending=0
DBG_ANCHOR_ROUTE_WAKE_DISPATCH_DONE handled=1 len=49 q=100
DBG_ANCHOR_CH5_SCAN_RESCHED ret=1 delay=380
DBG_PROTOCOL_RESPONSE_RX_HANDOFF_READY abort=1 owner=2 seq=1
DBG_DIRECT_GW_TX seq=1 now=42162 reason=node-comm-reliable-uplink
DBG_CH9_EVENT_STATE state=tx_payload peer=0x9999888877776666 start=42162 end=42412 reason=node-comm-reliable-uplink
DBG_DIRECT_GW_TX_CONFIG ret=0 now=42185 seq=1
DBG_CH9_TX_SEND_AT now=42186 earliest=42162 msg=41 len=97
DBG_CH9_TX_DONE now=42193 dur=7 len=97 msg=41
DBG_UWB_TX_CH9
DBG_CH9_TX_SINGLE_SEND_OK
DBG_CH9_EVENT_STATE state=complete peer=0x9999888877776666 start=42162 end=42412 reason=node-comm-reliable-uplink
DBG_DIRECT_GW_TX_ACK_TRANSIT_WAIT dst=0x9999888877776666 src=0x191a9619c6c8cb07 seq=1
DBG_DIRECT_GW_TX_ACK_WAIT ret=-116 seq=1
DBG_DWM_KEEP_IDLE reason=direct-gateway-payload ch9=0 ack=0 qack=0 ret=0
DBG_CH9_TX_SINGLE_SEND_FAIL
DBG_CH9_TX_SINGLE_FAIL ret=-11 seq=1
DBG_CH9_EVENT_STATE state=busy_retry_later peer=0x9999888877776666 start=42162 end=42412 reason=node-comm-reliable-uplink
DBG_CH9_TX_SINGLE_RETRYABLE ret=-11 seq=1
DBG_DIRECT_GW_ACK_DEFER_CORE seq=1 ret=-11 state=1 deadline=44193 reason=node-comm-reliable-uplink
DBG_NC o=0000000000000001 g=00000001 w=00 e=00000022 s=00000005 q=0004>0005 r=00000000 f=00000001 t=00000000 p=00000000 a=00
DBG_NODE_COMM_ATTEMPT handle=1 profile=3 attempt=1 ret=0 rf=1 scheduled=0 state=0
DBG_COORD state=mesh-rx owner=report-tx reason=ch9-ack-wait rx=0 tx=0 relay=1 route=0 ack=1 qack=0
DBG_ANCHOR_MESH_RX_YIELD reason=anchor-low-duty-ch5-owner ch9=0 delay=0 scan_int=380 scan_win=3 wait=0 q=0
DBG_ANCHOR_CH5_SCAN_HANDLER role=2
DBG_ANCHOR_CH5_SCAN_ARM now=42542 win=3 complete=15 interval=380 wait=0 tx=1
DBG_DWM_CH5_RX_HUNT_START acq=3 complete=15 cap=1021
DBG_DWM_CH5_RX_HUNT_EMPTY ret=-116 status=0x00000000 acq=3
DBG_ANCHOR_CH5_SCAN_DONE ret=-116 len=0 fail=1 pre=0 q=0 rx_us=3814 complete=15
DBG_ANCHOR_CH5_SCAN_RESCHED ret=1 delay=380
DBG_ANCHOR_CH5_SCAN_HANDLER role=2
DBG_DWM_CH5_RX_HUNT_START acq=3 complete=15 cap=1021
DBG_DWM_CH5_RX_ACTIVITY_EXTEND ret=0 status=0x00000100 complete=15
DBG_DWM_CH5_RX_ACTIVITY_WAIT status=0x00000100 remain=15
DBG_DWM_CH5_RX_ACTIVITY_DONE raw=51 payload=49 status=0x00006f00 rearm=0 extended=1
DBG_ANCHOR_CH5_SCAN_DONE ret=0 len=49 fail=0 pre=1 q=100 rx_us=6317 complete=15
DBG_UWB_RX_CH5
DBG_ANCHOR_CH5_FRAME len=49 q=100 wake_ret=0
DBG_ANCHOR_ROUTE_WAKE_DISPATCH src=0x56da25fe4af6d141 evt=46467 attempt=1 flags=0x93 len=49 q=100
DBG_C5_CONTACT phase=open state=2 peer=0x56da25fe4af6d141 purpose=route_solicit reason=wake-claim
DBG_C5_CONTACT phase=accepted state=2 peer=0x56da25fe4af6d141 purpose=route_solicit reason=wake-claim
DBG_ANCHOR_ROUTE_WAKE_HANDOFF src=0x56da25fe4af6d141 evt=46467 attempt=1 flags=0x93 embedded=0 listen=2000
DBG_C5_CONTACT phase=closing state=4 peer=0x56da25fe4af6d141 purpose=route_solicit reason=replace
DBG_C5_CONTACT phase=open state=2 peer=0x56da25fe4af6d141 purpose=gateway_command_flood reason=gateway-command-wake-followup
DBG_C5_CONTACT phase=accepted state=2 peer=0x56da25fe4af6d141 purpose=gateway_command_flood reason=gateway-command-wake-follow
DBG_ROUTE_REPLY_LISTEN_START
DBG_DWM_WAKE_MESH_CTRL_OK sfd=4073
DBG_ROUTE_REPLY_LISTEN_CONFIG ret=0 ext=1
DBG_C5_CONTROL_LISTENER_HOLD_EXTENDED
DBG_C5_RX_FAIL status=0x00001700 finfo=0x00000000 fail=4 phy=4 ch=5 plen=3 pac=2 txc=9 rxc=9 sfd=2 rate=0 phr=1 phrr=0 sfdto=4
DBG_C5_CONTROL_LISTENER_HOLD_EXTENDED
DBG_C5_CONTROL_LISTENER_HOLD_EXTENDED
DBG_C5_CONTROL_LISTENER_HOLD_EXTENDED
DBG_C5_CONTROL_LISTENER_HOLD_EXTENDED
DBG_C5_CONTROL_LISTENER_HOLD_EXTENDED
DBG_C5_CONTROL_LISTENER_HOLD_EXTENDED
DBG_C5_CONTROL_LISTENER_HOLD_EXTENDED
DBG_C5_CONTROL_LISTENER_HOLD_EXTENDED
DBG_C5_CONTROL_LISTENER_HOLD_EXTENDED
DBG_C5_CONTROL_LISTENER_HOLD_EXTENDED
DBG_C5_CONTROL_LISTENER_HOLD_EXTENDED
DBG_C5_CONTROL_LISTENER_HOLD_EXTENDED
DBG_C5_CONTROL_LISTENER_HOLD_EXTENDED
DBG_C5_CONTROL_LISTENER_HOLD_EXTENDED
DBG_C5_CONTROL_LISTENER_HOLD_EXTENDED
DBG_C5_CONTROL_LISTENER_HOLD_EXTENDED
DBG_C5_CONTROL_LISTENER_HOLD_EXTENDED
DBG_C5_CONTROL_LISTENER_HOLD_EXTENDED
DBG_C5_CONTROL_LISTENER_HOLD_EXTENDED
DBG_C5_CONTROL_LISTENER_HOLD_EXTENDED
DBG_C5_CONTROL_LISTENER_HOLD_EXTENDED
DBG_C5_CONTROL_LISTENER_HOLD_EXTENDED
DBG_C5_CONTROL_LISTENER_HOLD_EXTENDED
DBG_C5_CONTROL_LISTENER_HOLD_EXTENDED
DBG_C5_CONTROL_LISTENER_HOLD_EXTENDED
DBG_C5_CONTROL_LISTENER_HOLD_EXTENDED
DBG_C5_CONTROL_LISTENER_HOLD_EXTENDED
DBG_C5_CONTROL_LISTENER_HOLD_EXTENDED
DBG_C5_CONTROL_LISTENER_HOLD_EXTENDED
DBG_C5_CONTROL_LISTENER_HOLD_EXTENDED
DBG_C5_CONTROL_LISTENER_HOLD_EXTENDED
DBG_C5_CONTROL_LISTENER_HOLD_EXTENDED
DBG_C5_CONTROL_LISTENER_HOLD_EXTENDED
DBG_C5_CONTROL_LISTENER_HOLD_EXTENDED
DBG_C5_CONTROL_LISTENER_HOLD_EXTENDED
DBG_C5_CONTROL_LISTENER_HOLD_EXTENDED
DBG_C5_CONTROL_LISTENER_HOLD_EXTENDED
DBG_C5_CONTROL_LISTENER_HOLD_EXTENDED
DBG_C5_CONTROL_LISTENER_HOLD_EXTENDED
DBG_C5_CONTROL_LISTENER_HOLD_EXTENDED
DBG_C5_CONTROL_LISTENER_HOLD_EXTENDED
DBG_C5_CONTROL_LISTENER_HOLD_EXTENDED
DBG_C5_CONTROL_LISTENER_HOLD_EXTENDED
DBG_C5_CONTROL_LISTENER_HOLD_EXTENDED
DBG_C5_CONTROL_LISTENER_HOLD_EXTENDED
DBG_C5_CONTROL_LISTENER_HOLD_EXTENDED
DBG_C5_CONTROL_LISTENER_HOLD_EXTENDED
DBG_ROUTE_REPLY_RX_FRAME
DBG_C5_CONTROL_ROUTE_HINT_RETAIN msg=0x40 session=16777219 seq=1 prev=0x56da25fe4af6d141 epoch=1
DBG_C5_CONTROL_ROUTE_READY msg=0x40 prev=0x56da25fe4af6d141 ttl=6 origin_ttl=8 relay=0 ret=0
DBG_C5_CONTROL_ROUTE_STATE epoch=1 sel=0 next=0x9999888877776666 hop=0 timing=0
DBG_UWB_RX_CH5
DBG_MESH_RX_QUEUED ch=5 msg=0x40 src=0x9999888877776666 dst=0x0 prev=0x56da25fe4af6d141 seq=1 q=1
DBG_MESH_RX_DEFERRED q=1 msg=0x40
DBG_ANCHOR_MESH_RX_YIELD reason=anchor-low-duty-ch5-owner ch9=0 delay=0 scan_int=380 scan_win=3 wait=0 q=1
DBG_MESH_RX_WORK_WAIT q=1
DBG_MESH_RX_WORK_ENTER q=1
DBG_MESH_RX_DRAIN_ENTER owner=work q=1
DBG_MESH_RX_DRAIN_EXIT owner=work handled=1 q=0
DBG_MESH_RX_WORK_EXIT handled=1 q=0
DBG_ROUTE_REPLY_LISTEN_DONE captured=1 ret=-11
DBG_C5_CONTACT phase=closing state=4 peer=0x56da25fe4af6d141 purpose=gateway_command_flood reason=reply-listen-done
DBG_ANCHOR_ROUTE_WAKE_HANDOFF_DONE src=0x56da25fe4af6d141 embedded=0 ret=-11 pending=0
DBG_ANCHOR_CH5_SCAN_RESCHED ret=1 delay=380
DBG_ANCHOR_CH5_SCAN_HANDLER role=2
DBG_ANCHOR_CH5_SCAN_ARM now=43898 win=3 complete=15 interval=380 wait=0 tx=1
DBG_DWM_CH5_RX_HUNT_START acq=3 complete=15 cap=1021
DBG_DWM_CH5_RX_HUNT_EMPTY ret=-116 status=0x00000000 acq=3
DBG_ANCHOR_CH5_SCAN_DONE ret=-116 len=0 fail=1 pre=0 q=0 rx_us=3631 complete=15
DBG_ANCHOR_CH5_SCAN_RESCHED ret=1 delay=380
DBG_TX_TIMEOUT_ENTER relay=1 route=0 ch9pend=0 bundle=0 now=44193
DBG_ANCHOR_CH5_SCAN_HANDLER role=2
DBG_DWM_CH5_RX_HUNT_START acq=3 complete=15 cap=1021
DBG_DWM_CH5_RX_HUNT_EMPTY ret=-116 status=0x00000000 acq=3
DBG_ANCHOR_CH5_SCAN_RESCHED ret=1 delay=380
DBG_ANCHOR_CH5_SCAN_HANDLER role=2
DBG_DWM_CH5_RX_HUNT_START acq=3 complete=15 cap=1021
DBG_DWM_CH5_RX_ACTIVITY_EXTEND ret=0 status=0x00000100 complete=15
DBG_DWM_CH5_RX_ACTIVITY_WAIT status=0x00000100 remain=15
DBG_DWM_CH5_RX_ACTIVITY_DONE raw=51 payload=49 status=0x00006f00 rearm=0 extended=1
DBG_ANCHOR_CH5_SCAN_DONE ret=0 len=49 fail=0 pre=1 q=100 rx_us=6652 complete=15
DBG_UWB_RX_CH5
DBG_ANCHOR_CH5_FRAME len=49 q=100 wake_ret=0
DBG_ANCHOR_ROUTE_WAKE_DISPATCH src=0x708bc0aab970300e evt=46456 attempt=1 flags=0x93 len=49 q=100
DBG_C5_CONTACT phase=open state=2 peer=0x708bc0aab970300e purpose=route_solicit reason=wake-claim
DBG_C5_CONTACT phase=accepted state=2 peer=0x708bc0aab970300e purpose=route_solicit reason=wake-claim
DBG_ANCHOR_ROUTE_WAKE_HANDOFF src=0x708bc0aab970300e evt=46456 attempt=1 flags=0x93 embedded=0 listen=2000
DBG_C5_CONTACT phase=closing state=4 peer=0x708bc0aab970300e purpose=route_solicit reason=replace
DBG_C5_CONTACT phase=open state=2 peer=0x708bc0aab970300e purpose=gateway_command_flood reason=gateway-command-wake-followup
DBG_C5_CONTACT phase=accepted state=2 peer=0x708bc0aab970300e purpose=gateway_command_flood reason=gateway-command-wake-follow
DBG_ROUTE_REPLY_LISTEN_START
DBG_DWM_WAKE_MESH_CTRL_OK sfd=4073
DBG_ROUTE_REPLY_LISTEN_CONFIG ret=0 ext=1
DBG_C5_CONTROL_LISTENER_HOLD_EXTENDED
DBG_C5_RX_FAIL status=0x00001700 finfo=0x00000000 fail=4 phy=4 ch=5 plen=3 pac=2 txc=9 rxc=9 sfd=2 rate=0 phr=1 phrr=0 sfdto=4
DBG_ROUTE_REPLY_RX_FRAME
DBG_C5_CONTROL_ROUTE_HINT_RETAIN msg=0x40 session=16777219 seq=1 prev=0x56da25fe4af6d141 epoch=1
DBG_C5_CONTROL_ROUTE_READY msg=0x40 prev=0x56da25fe4af6d141 ttl=6 origin_ttl=8 relay=0 ret=0
DBG_C5_CONTROL_ROUTE_STATE epoch=1 sel=0 next=0x9999888877776666 hop=0 timing=0
DBG_UWB_RX_CH5
DBG_MESH_RX_QUEUED ch=5 msg=0x40 src=0x9999888877776666 dst=0x0 prev=0x56da25fe4af6d141 seq=1 q=1
DBG_MESH_RX_DEFERRED q=1 msg=0x40
DBG_ANCHOR_MESH_RX_YIELD reason=anchor-low-duty-ch5-owner ch9=0 delay=0 scan_int=380 scan_win=3 wait=0 q=1
DBG_MESH_RX_WORK_WAIT q=1
DBG_MESH_RX_WORK_ENTER q=1
DBG_MESH_RX_DRAIN_ENTER owner=work q=1
DBG_MESH_RX_DRAIN_EXIT owner=work handled=1 q=0
DBG_MESH_RX_WORK_EXIT handled=1 q=0
DBG_ROUTE_REPLY_LISTEN_DONE captured=1 ret=-11
DBG_C5_CONTACT phase=closing state=4 peer=0x708bc0aab970300e purpose=gateway_command_flood reason=reply-listen-done
DBG_ANCHOR_ROUTE_WAKE_HANDOFF_DONE src=0x708bc0aab970300e embedded=0 ret=-11 pending=0
DBG_ANCHOR_CH5_SCAN_RESCHED ret=1 delay=380
DBG_ANCHOR_CH5_SCAN_HANDLER role=2
DBG_ANCHOR_CH5_SCAN_ARM now=45151 win=3 complete=15 interval=380 wait=0 tx=1
DBG_DWM_CH5_RX_HUNT_START acq=3 complete=15 cap=1021
DBG_DWM_CH5_RX_HUNT_EMPTY ret=-116 status=0x00000000 acq=3
DBG_ANCHOR_CH5_SCAN_DONE ret=-116 len=0 fail=1 pre=0 q=0 rx_us=3631 complete=15
DBG_ANCHOR_CH5_SCAN_RESCHED ret=1 delay=380
DBG_ANCHOR_CH5_SCAN_HANDLER role=2
DBG_DWM_CH5_RX_HUNT_START acq=3 complete=15 cap=1021
DBG_DWM_CH5_RX_HUNT_EMPTY ret=-116 status=0x00000000 acq=3
DBG_ANCHOR_CH5_SCAN_RESCHED ret=1 delay=380
DBG_ANCHOR_CH5_SCAN_HANDLER role=2
DBG_DWM_CH5_RX_HUNT_START acq=3 complete=15 cap=1021
DBG_DWM_CH5_RX_HUNT_EMPTY ret=-116 status=0x00000000 acq=3
DBG_ANCHOR_CH5_SCAN_RESCHED ret=1 delay=380
DBG_TX_TIMEOUT_ENTER relay=1 route=0 ch9pend=0 bundle=0 now=46325
DBG_RETRANSMIT_DIRECT_GW seq=1 now=46327
DBG_DIRECT_GW_TX_CONFIG ret=0 now=46349 seq=1
DBG_CH9_TX_SEND_AT now=46350 earliest=46325 msg=41 len=97
DBG_CH9_TX_DONE now=46357 dur=7 len=97 msg=41
DBG_UWB_TX_CH9
DBG_CH9_TX_SINGLE_SEND_OK
DBG_CH9_EVENT_STATE state=complete peer=0x9999888877776666 start=46327 end=46577 reason=retransmit-direct-gateway
DBG_DIRECT_GW_TX_ACK_TRANSIT_WAIT dst=0x9999888877776666 src=0x191a9619c6c8cb07 seq=1
DBG_ANCHOR_CH5_SCAN_HANDLER role=2
DBG_ANCHOR_CH5_SCAN_BLOCKED win=0 survey=0 tx=1 retry_gap=0 wait=0 rx=0 rxq=0 rxr=0 ack=1 ch9=0 rf=1 retry=20 interval=380
DBG_ANCHOR_CH5_SCAN_RESCHED ret=1 delay=20
DBG_UWB_RX_CH9
DBG_MESH_RX_QUEUED ch=9 msg=0x32 src=0x9999888877776666 dst=0x191a9619c6c8cb07 prev=0x9999888877776666 seq=2 q=1
DBG_GATEWAY_ACK_RX
DBG_DIRECT_GW_ACK_TRANSIT queued=1 valid=1 dst=0x191a9619c6c8cb07 seq=2
DBG_DIRECT_GW_TX_ACK_WAIT ret=0 seq=1
DBG_DWM_KEEP_IDLE reason=direct-gateway-payload ch9=0 ack=0 qack=0 ret=0
DBG_NC o=0000000000000001 g=00000001 w=00 e=00000042 s=00000005 q=0005>0006 r=00000000 f=00000001 t=00000000 p=00000000 a=00
DBG_NC o=0000000000000001 g=00000001 w=00 e=00000023 s=00000005 q=0006>0004 r=00000000 f=00000024 t=00000000 p=00000000 a=00
DBG_NC o=0000000000000001 g=00000001 w=00 e=00000022 s=00000005 q=0004>0005 r=00000000 f=00000001 t=00000000 p=00000000 a=00
DBG_MESH_RX_WORK_WAIT q=1
DBG_MESH_RX_WORK_ENTER q=1
DBG_MESH_RX_DRAIN_ENTER owner=work q=1
DBG_CH9_TX_ACK_IDLE
DBG_LEGACY_ACK_NO_MATCH
DBG_MESH_RX_DRAIN_EXIT owner=work handled=1 q=0
DBG_MESH_RX_WORK_EXIT handled=1 q=0
DBG_TX_TIMEOUT_ENTER relay=1 route=0 ch9pend=0 bundle=0 now=46385
DBG_CH9_TX_DONE now=46391 dur=3 len=105 msg=33
DBG_UWB_TX_CH9
DBG_CH9_TX_SINGLE_SEND_OK
DBG_CH9_EVENT_STATE state=complete peer=0x9999888877776666 start=46387 end=46637 reason=retransmit-direct-gateway
DBG_DIRECT_GW_TX_ACK_TRANSIT_WAIT dst=0x9999888877776666 src=0x191a9619c6c8cb07 seq=1
DBG_ANCHOR_CH5_SCAN_HANDLER role=2
DBG_ANCHOR_CH5_SCAN_BLOCKED win=0 survey=0 tx=1 retry_gap=0 wait=0 rx=0 rxq=0 rxr=0 ack=1 ch9=0 rf=1 retry=20 interval=380
DBG_ANCHOR_CH5_SCAN_RESCHED ret=1 delay=20
DBG_UWB_RX_CH9
DBG_MESH_RX_QUEUED ch=9 msg=0x32 src=0x9999888877776666 dst=0x191a9619c6c8cb07 prev=0x9999888877776666 seq=3 q=1
DBG_GATEWAY_ACK_RX
DBG_DIRECT_GW_ACK_TRANSIT queued=1 valid=1 dst=0x191a9619c6c8cb07 seq=3
DBG_DIRECT_GW_TX_ACK_WAIT ret=0 seq=1
DBG_DWM_KEEP_IDLE reason=direct-gateway-payload ch9=0 ack=0 qack=0 ret=0
DBG_MESH_RX_WORK_WAIT q=1
DBG_MESH_RX_WORK_ENTER q=1
DBG_MESH_RX_DRAIN_ENTER owner=work q=1
DBG_CH9_TX_ACK_IDLE
DBG_LEGACY_ACK_CONFIRMED
DBG_NC o=0000000000000001 g=00000001 w=00 e=00000041 s=00000005 q=0005>0008 r=00000000 f=00000026 t=00000000 p=00000002 a=02
DBG_NODE_COMM_TERMINAL_BACKEND_RELEASE handle=1 reason=0 attempts=2 ret=-2 pending=0 outstanding=0 complete=1 failures=0
DBG_ACK_CONFIRM_TERMINAL stage=complete ret=0 original=65 seq=1
DBG_MESH_RX_WORK_EXIT handled=1 q=0
DBG_ANCHOR_CH5_SCAN_HANDLER role=2
DBG_ANCHOR_CH5_SCAN_ARM now=46432 win=3 complete=15 interval=380 wait=0 tx=0
DBG_DWM_CH5_RX_HUNT_START acq=3 complete=15 cap=1021
DBG_DWM_CH5_RX_ACTIVITY_EXTEND ret=0 status=0x00000100 complete=15
DBG_DWM_CH5_RX_ACTIVITY_WAIT status=0x00000100 remain=15
DBG_DWM_CH5_RX_ACTIVITY_DONE raw=51 payload=49 status=0x00006f00 rearm=0 extended=1
DBG_ANCHOR_CH5_SCAN_DONE ret=0 len=49 fail=0 pre=1 q=100 rx_us=4180 complete=15
DBG_UWB_RX_CH5
DBG_ANCHOR_CH5_FRAME len=49 q=100 wake_ret=0
DBG_ANCHOR_ROUTE_WAKE_DISPATCH src=0x708bc0aab970300e evt=47912 attempt=1 flags=0x93 len=49 q=100
DBG_C5_CONTACT phase=open state=2 peer=0x708bc0aab970300e purpose=route_solicit reason=wake-claim
DBG_C5_CONTACT phase=accepted state=2 peer=0x708bc0aab970300e purpose=route_solicit reason=wake-claim
DBG_ANCHOR_ROUTE_WAKE_HANDOFF src=0x708bc0aab970300e evt=47912 attempt=1 flags=0x93 embedded=0 listen=2000
DBG_C5_CONTACT phase=closing state=4 peer=0x708bc0aab970300e purpose=route_solicit reason=replace
DBG_ROUTE_REPLY_LISTEN_START
DBG_DWM_WAKE_MESH_CTRL_OK sfd=4073
DBG_ROUTE_REPLY_LISTEN_CONFIG ret=0 ext=1
DBG_C5_CONTROL_LISTENER_HOLD_EXTENDED
DBG_C5_RX_FAIL status=0x00001300 finfo=0x00000000 fail=4 phy=4 ch=5 plen=3 pac=2 txc=9 rxc=9 sfd=2 rate=0 phr=1 phrr=0 sfdto=4
DBG_C5_CONTROL_LISTENER_HOLD_EXTENDED
DBG_C5_CONTROL_LISTENER_HOLD_EXTENDED
DBG_C5_CONTROL_LISTENER_HOLD_EXTENDED
DBG_C5_CONTROL_LISTENER_HOLD_EXTENDED
DBG_C5_CONTROL_LISTENER_HOLD_EXTENDED
DBG_C5_CONTROL_LISTENER_HOLD_EXTENDED
DBG_C5_CONTROL_LISTENER_HOLD_EXTENDED
DBG_C5_CONTROL_LISTENER_HOLD_EXTENDED
DBG_C5_CONTROL_LISTENER_HOLD_EXTENDED
DBG_C5_CONTROL_LISTENER_HOLD_EXTENDED
DBG_C5_CONTROL_LISTENER_HOLD_EXTENDED
DBG_ROUTE_REPLY_RX_FRAME
DBG_C5_CONTROL_ROUTE_HINT_RETAIN msg=0x40 session=16777219 seq=1 prev=0x708bc0aab970300e epoch=1
DBG_C5_CONTROL_ROUTE_READY msg=0x40 prev=0x708bc0aab970300e ttl=6 origin_ttl=8 relay=0 ret=0
DBG_C5_CONTROL_ROUTE_STATE epoch=1 sel=0 next=0x9999888877776666 hop=0 timing=0
DBG_UWB_RX_CH5
DBG_MESH_RX_QUEUED ch=5 msg=0x40 src=0x9999888877776666 dst=0x0 prev=0x708bc0aab970300e seq=1 q=1
DBG_MESH_RX_DEFERRED q=1 msg=0x40
DBG_COORD state=mesh-rx owner=uwb-rx reason=mesh-rx rx=1 tx=0 relay=0 route=0 ack=0 qack=0
DBG_MESH_RX_WORK_WAIT q=1
DBG_MESH_RX_WORK_ENTER q=1
DBG_MESH_RX_DRAIN_ENTER owner=work q=1
DBG_MESH_RX_DRAIN_EXIT owner=work handled=1 q=0
DBG_MESH_RX_WORK_EXIT handled=1 q=0
DBG_COORD state=idle owner=report-tx reason=idle rx=0 tx=0 relay=0 route=0 ack=0 qack=0
DBG_ROUTE_REPLY_LISTEN_DONE captured=1 ret=-11
DBG_C5_CONTACT phase=closing state=4 peer=0x708bc0aab970300e purpose=gateway_command_flood reason=reply-listen-done
DBG_ANCHOR_ROUTE_WAKE_DISPATCH_DONE handled=1 len=49 q=100
DBG_ANCHOR_CH5_SCAN_HANDLER role=2
DBG_DWM_CH5_RX_HUNT_START acq=3 complete=15 cap=1021
DBG_DWM_CH5_RX_HUNT_EMPTY ret=-116 status=0x00000000 acq=3
DBG_ANCHOR_CH5_SCAN_RESCHED ret=1 delay=380
DBG_ANCHOR_CH5_SCAN_HANDLER role=2
DBG_ANCHOR_CH5_SCAN_ARM now=47508 win=3 complete=15 interval=380 wait=0 tx=0
DBG_DWM_CH5_RX_HUNT_START acq=3 complete=15 cap=1021
DBG_DWM_CH5_RX_HUNT_EMPTY ret=-116 status=0x00000000 acq=3
DBG_ANCHOR_CH5_SCAN_DONE ret=-116 len=0 fail=1 pre=0 q=0 rx_us=3265 complete=15
DBG_ANCHOR_CH5_SCAN_RESCHED ret=1 delay=380
DBG_ANCHOR_CH5_SCAN_HANDLER role=2
DBG_DWM_CH5_RX_HUNT_START acq=3 complete=15 cap=1021
DBG_DWM_CH5_RX_HUNT_EMPTY ret=-116 status=0x00000000 acq=3
DBG_ANCHOR_CH5_SCAN_RESCHED ret=1 delay=380
DBG_ANCHOR_CH5_SCAN_HANDLER role=2
DBG_DWM_CH5_RX_HUNT_START acq=3 complete=15 cap=1021
DBG_DWM_CH5_RX_HUNT_EMPTY ret=-116 status=0x00000000 acq=3
DBG_ANCHOR_CH5_SCAN_RESCHED ret=1 delay=380
DBG_ANCHOR_CH5_SCAN_HANDLER role=2
DBG_ANCHOR_CH5_SCAN_ARM now=48719 win=3 complete=15 interval=380 wait=0 tx=0
DBG_DWM_CH5_RX_HUNT_START acq=3 complete=15 cap=1021
DBG_DWM_CH5_RX_HUNT_EMPTY ret=-116 status=0x00000000 acq=3
DBG_ANCHOR_CH5_SCAN_DONE ret=-116 len=0 fail=1 pre=0 q=0 rx_us=3814 complete=15
DBG_ANCHOR_CH5_SCAN_RESCHED ret=1 delay=380
DBG_ANCHOR_CH5_SCAN_HANDLER role=2
DBG_DWM_CH5_RX_HUNT_START acq=3 complete=15 cap=1021
DBG_DWM_CH5_RX_HUNT_EMPTY ret=-116 status=0x00000000 acq=3
DBG_ANCHOR_CH5_SCAN_RESCHED ret=1 delay=380
DBG_ANCHOR_CH5_SCAN_HANDLER role=2
DBG_DWM_CH5_RX_HUNT_START acq=3 complete=15 cap=1021
DBG_DWM_CH5_RX_HUNT_EMPTY ret=-116 status=0x00000000 acq=3
DBG_ANCHOR_CH5_SCAN_RESCHED ret=1 delay=380
DBG_ANCHOR_CH5_SCAN_HANDLER role=2
DBG_ANCHOR_CH5_SCAN_ARM now=49930 win=3 complete=15 interval=380 wait=0 tx=0
DBG_DWM_CH5_RX_HUNT_START acq=3 complete=15 cap=1021
DBG_DWM_CH5_RX_HUNT_EMPTY ret=-116 status=0x00000000 acq=3
DBG_ANCHOR_CH5_SCAN_DONE ret=-116 len=0 fail=1 pre=0 q=0 rx_us=3631 complete=15
DBG_ANCHOR_CH5_SCAN_RESCHED ret=1 delay=380
DBG_ANCHOR_CH5_SCAN_HANDLER role=2
DBG_DWM_CH5_RX_HUNT_START acq=3 complete=15 cap=1021
DBG_DWM_CH5_RX_HUNT_EMPTY ret=-116 status=0x00000000 acq=3
DBG_ANCHOR_CH5_SCAN_RESCHED ret=1 delay=380
DBG_ANCHOR_CH5_SCAN_HANDLER role=2
DBG_DWM_CH5_RX_HUNT_START acq=3 complete=15 cap=1021
DBG_DWM_CH5_RX_HUNT_EMPTY ret=-116 status=0x00000000 acq=3
DBG_ANCHOR_CH5_SCAN_RESCHED ret=1 delay=380
DBG_ANCHOR_CH5_SCAN_HANDLER role=2
DBG_ANCHOR_CH5_SCAN_ARM now=51142 win=3 complete=15 interval=380 wait=0 tx=0
DBG_DWM_CH5_RX_HUNT_START acq=3 complete=15 cap=1021
DBG_DWM_CH5_RX_HUNT_EMPTY ret=-116 status=0x00000000 acq=3
DBG_ANCHOR_CH5_SCAN_DONE ret=-116 len=0 fail=1 pre=0 q=0 rx_us=3265 complete=15
DBG_ANCHOR_CH5_SCAN_RESCHED ret=1 delay=380
DBG_ANCHOR_CH5_SCAN_HANDLER role=2
DBG_DWM_CH5_RX_HUNT_START acq=3 complete=15 cap=1021
DBG_DWM_CH5_RX_ACTIVITY_EXTEND ret=0 status=0x00000100 complete=15
DBG_DWM_CH5_RX_ACTIVITY_WAIT status=0x00000100 remain=15
DBG_DWM_CH5_RX_ACTIVITY_DONE raw=51 payload=49 status=0x00006f00 rearm=0 extended=1
DBG_ANCHOR_CH5_SCAN_DONE ret=0 len=49 fail=0 pre=1 q=100 rx_us=4760 complete=15
DBG_UWB_RX_CH5
DBG_ANCHOR_CH5_FRAME len=49 q=100 wake_ret=0
DBG_ANCHOR_ROUTE_WAKE_DISPATCH src=0x56da25fe4af6d141 evt=54980 attempt=1 flags=0x92 len=49 q=100
DBG_C5_CONTACT phase=open state=2 peer=0x56da25fe4af6d141 purpose=route_solicit reason=wake-claim
DBG_C5_CONTACT phase=accepted state=2 peer=0x56da25fe4af6d141 purpose=route_solicit reason=wake-claim
DBG_ANCHOR_ROUTE_WAKE_HANDOFF src=0x56da25fe4af6d141 evt=54980 attempt=1 flags=0x92 embedded=0 listen=1448
DBG_C5_CONTACT phase=exchange state=3 peer=0x56da25fe4af6d141 purpose=route_solicit reason=anchor-route-wake-followup
DBG_ROUTE_REPLY_LISTEN_START
DBG_DWM_WAKE_MESH_CTRL_OK sfd=4073
DBG_ROUTE_REPLY_LISTEN_CONFIG ret=0 ext=1
DBG_DWM_CH5_RX_HUNT_START acq=61 complete=15 cap=1021
DBG_DWM_CH5_RX_ACTIVITY_EXTEND ret=0 status=0x00000100 complete=15
DBG_DWM_CH5_RX_ACTIVITY_WAIT status=0x00000100 remain=15
DBG_DWM_CH5_RX_ACTIVITY_DONE raw=51 payload=49 status=0x00006f00 rearm=0 extended=1
DBG_DWM_WAKE_MESH_CTRL_OK sfd=4073
DBG_ROUTE_REPLY_CLICK_PROBE_DONE duration_ms=43 outcome=restore ret=0
DBG_C5_RX_FAIL status=0x00001700 finfo=0x00000000 fail=4 phy=4 ch=5 plen=3 pac=2 txc=9 rxc=9 sfd=2 rate=0 phr=1 phrr=0 sfdto=4
DBG_DWM_CH5_RX_HUNT_START acq=61 complete=15 cap=1021
DBG_DWM_CH5_RX_ACTIVITY_EXTEND ret=0 status=0x00000100 complete=15
DBG_DWM_CH5_RX_ACTIVITY_WAIT status=0x00000100 remain=15
DBG_DWM_CH5_RX_ACTIVITY_DONE raw=51 payload=49 status=0x00006f00 rearm=0 extended=1
DBG_DWM_WAKE_MESH_CTRL_OK sfd=4073
DBG_ROUTE_REPLY_CLICK_PROBE_DONE duration_ms=43 outcome=restore ret=0
DBG_DWM_CH5_RX_HUNT_START acq=61 complete=15 cap=1021
DBG_DWM_CH5_RX_ACTIVITY_EXTEND ret=0 status=0x00000100 complete=15
DBG_DWM_CH5_RX_ACTIVITY_WAIT status=0x00000100 remain=15
DBG_DWM_CH5_RX_ACTIVITY_DONE raw=51 payload=49 status=0x00006f00 rearm=0 extended=1
DBG_DWM_WAKE_MESH_CTRL_OK sfd=4073
DBG_ROUTE_REPLY_CLICK_PROBE_DONE duration_ms=44 outcome=restore ret=0
DBG_DWM_CH5_RX_HUNT_START acq=61 complete=15 cap=1021
DBG_DWM_CH5_RX_ACTIVITY_EXTEND ret=0 status=0x00000100 complete=15
DBG_DWM_CH5_RX_ACTIVITY_WAIT status=0x00000100 remain=15
DBG_DWM_CH5_RX_ACTIVITY_DONE raw=51 payload=49 status=0x00006f00 rearm=0 extended=1
DBG_DWM_WAKE_MESH_CTRL_OK sfd=4073
DBG_ROUTE_REPLY_CLICK_PROBE_DONE duration_ms=43 outcome=restore ret=0
DBG_DWM_CH5_RX_HUNT_START acq=61 complete=15 cap=1021
DBG_DWM_CH5_RX_ACTIVITY_EXTEND ret=0 status=0x00000100 complete=15
DBG_DWM_CH5_RX_ACTIVITY_WAIT status=0x00000100 remain=15
DBG_DWM_CH5_RX_ACTIVITY_DONE raw=51 payload=49 status=0x00006f00 rearm=0 extended=1
DBG_DWM_WAKE_MESH_CTRL_OK sfd=4073
DBG_ROUTE_REPLY_CLICK_PROBE_DONE duration_ms=43 outcome=restore ret=0
DBG_DWM_CH5_RX_HUNT_START acq=61 complete=15 cap=1021
DBG_DWM_CH5_RX_ACTIVITY_EXTEND ret=0 status=0x00000100 complete=15
DBG_DWM_CH5_RX_ACTIVITY_WAIT status=0x00000100 remain=15
DBG_DWM_CH5_RX_ACTIVITY_DONE raw=51 payload=49 status=0x00006f00 rearm=0 extended=1
DBG_DWM_WAKE_MESH_CTRL_OK sfd=4073
DBG_ROUTE_REPLY_CLICK_PROBE_DONE duration_ms=43 outcome=restore ret=0
DBG_DWM_CH5_RX_HUNT_START acq=61 complete=15 cap=1021
DBG_DWM_CH5_RX_HUNT_EMPTY ret=-116 status=0x00000000 acq=61
DBG_DWM_WAKE_MESH_CTRL_OK sfd=4073
DBG_ROUTE_REPLY_CLICK_PROBE_DONE duration_ms=100 outcome=restore ret=0
DBG_ROUTE_REPLY_RX_FRAME
DBG_EVENT_CTRL_RX
DBG_UWB_RX_CH5
DBG_MESH_RX_QUEUED ch=5 msg=0x37 src=0x56da25fe4af6d141 dst=0x191a9619c6c8cb07 prev=0x56da25fe4af6d141 seq=1 q=1
DBG_MESH_RX_DEFERRED q=1 msg=0x37
DBG_EVENT_CTRL_POST_RX_QUEUED
DBG_COORD state=mesh-rx owner=uwb-rx reason=mesh-rx rx=1 tx=0 relay=0 route=0 ack=0 qack=0
DBG_ANCHOR_MESH_RX_YIELD reason=anchor-low-duty-ch5-owner ch9=0 delay=0 scan_int=380 scan_win=3 wait=0 q=1
DBG_MESH_RX_WORK_WAIT q=1
DBG_MESH_RX_WORK_ENTER q=1
DBG_MESH_RX_DRAIN_ENTER owner=work q=1
DBG_RX_HANDLE msg=0x37 act=0x00000002 st=0 q=0 sel=1 next=0x9999888877776666 hop=0
DBG_EVENT_RX msg=37 recv=52003 ref=51993 next=52503 cnt=3448723688 txeven=1
DBG_ROUTE_REPLY_LISTEN_DONE captured=1 ret=0
DBG_EVENT_CTRL_CONTACT_KEEP_RESPONSE
DBG_ANCHOR_ROUTE_WAKE_HANDOFF_DONE src=0x56da25fe4af6d141 embedded=0 ret=0 pending=0
DBG_ANCHOR_ROUTE_WAKE_DISPATCH_DONE handled=1 len=49 q=100
DBG_ANCHOR_CH5_SCAN_RESCHED ret=1 delay=380
DBG_EVENT_RETRY_SCHED msg=38 peer=0x56da25fe4af6d141 delay=563 rf=0 round=1 ret=1 reason=event-accept-send
DBG_C5_CONTACT phase=closing state=4 peer=0x56da25fe4af6d141 purpose=route_solicit reason=replace
DBG_C5_CONTACT phase=open state=2 peer=0x56da25fe4af6d141 purpose=channel9_timing_negotiation reason=c5-control-rx
DBG_C5_CONTACT phase=accepted state=2 peer=0x56da25fe4af6d141 purpose=channel9_timing_negotiation reason=c5-control-rx
DBG_MESH_RX_DRAIN_EXIT owner=work handled=0 q=0
DBG_MESH_RX_WORK_EXIT handled=0 q=0
DBG_COORD state=idle owner=report-tx reason=idle rx=0 tx=0 relay=0 route=0 ack=0 qack=0
DBG_ANCHOR_CH5_SCAN_HANDLER role=2
DBG_ANCHOR_CH5_SCAN_BLOCKED win=0 survey=0 tx=0 retry_gap=0 wait=0 rx=1 rxq=0 rxr=1 ack=0 ch9=0 rf=0 retry=20 interval=380
DBG_ANCHOR_CH5_SCAN_RESCHED ret=1 delay=20
DBG_ANCHOR_CH5_SCAN_HANDLER role=2
DBG_ANCHOR_CH5_SCAN_BLOCKED win=0 survey=0 tx=0 retry_gap=0 wait=0 rx=1 rxq=0 rxr=1 ack=0 ch9=0 rf=0 retry=20 interval=380
DBG_ANCHOR_CH5_SCAN_RESCHED ret=1 delay=20
DBG_ANCHOR_CH5_SCAN_HANDLER role=2
DBG_ANCHOR_CH5_SCAN_BLOCKED win=0 survey=0 tx=0 retry_gap=0 wait=0 rx=1 rxq=0 rxr=1 ack=0 ch9=0 rf=0 retry=20 interval=380
DBG_ANCHOR_CH5_SCAN_RESCHED ret=1 delay=20
DBG_ANCHOR_CH5_SCAN_HANDLER role=2
DBG_ANCHOR_CH5_SCAN_BLOCKED win=0 survey=0 tx=0 retry_gap=0 wait=0 rx=1 rxq=0 rxr=1 ack=0 ch9=0 rf=0 retry=20 interval=380
DBG_ANCHOR_CH5_SCAN_RESCHED ret=1 delay=20
DBG_ANCHOR_CH5_SCAN_HANDLER role=2
DBG_ANCHOR_CH5_SCAN_BLOCKED win=0 survey=0 tx=0 retry_gap=0 wait=0 rx=1 rxq=0 rxr=1 ack=0 ch9=0 rf=0 retry=20 interval=380
DBG_ANCHOR_CH5_SCAN_RESCHED ret=1 delay=20
DBG_ANCHOR_CH5_SCAN_HANDLER role=2
DBG_ANCHOR_CH5_SCAN_BLOCKED win=0 survey=0 tx=0 retry_gap=0 wait=0 rx=1 rxq=0 rxr=1 ack=0 ch9=0 rf=0 retry=20 interval=380
DBG_ANCHOR_CH5_SCAN_RESCHED ret=1 delay=20
DBG_ANCHOR_CH5_SCAN_HANDLER role=2
DBG_ANCHOR_CH5_SCAN_BLOCKED win=0 survey=0 tx=0 retry_gap=0 wait=0 rx=1 rxq=0 rxr=1 ack=0 ch9=0 rf=0 retry=20 interval=380
DBG_ANCHOR_CH5_SCAN_RESCHED ret=1 delay=20
DBG_ANCHOR_CH5_SCAN_HANDLER role=2
DBG_ANCHOR_CH5_SCAN_BLOCKED win=0 survey=0 tx=0 retry_gap=0 wait=0 rx=1 rxq=0 rxr=1 ack=0 ch9=0 rf=0 retry=20 interval=380
DBG_ANCHOR_CH5_SCAN_RESCHED ret=1 delay=20
DBG_ANCHOR_CH5_SCAN_HANDLER role=2
DBG_ANCHOR_CH5_SCAN_BLOCKED win=0 survey=0 tx=0 retry_gap=0 wait=0 rx=1 rxq=0 rxr=1 ack=0 ch9=0 rf=0 retry=20 interval=380
DBG_ANCHOR_CH5_SCAN_RESCHED ret=1 delay=20
DBG_ANCHOR_CH5_SCAN_HANDLER role=2
DBG_ANCHOR_CH5_SCAN_BLOCKED win=0 survey=0 tx=0 retry_gap=0 wait=0 rx=1 rxq=0 rxr=1 ack=0 ch9=0 rf=0 retry=20 interval=380
DBG_ANCHOR_CH5_SCAN_RESCHED ret=1 delay=20
DBG_ANCHOR_CH5_SCAN_HANDLER role=2
DBG_ANCHOR_CH5_SCAN_BLOCKED win=0 survey=0 tx=0 retry_gap=0 wait=0 rx=1 rxq=0 rxr=1 ack=0 ch9=0 rf=0 retry=20 interval=380
DBG_ANCHOR_CH5_SCAN_RESCHED ret=1 delay=20
DBG_ANCHOR_CH5_SCAN_HANDLER role=2
DBG_ANCHOR_CH5_SCAN_BLOCKED win=0 survey=0 tx=0 retry_gap=0 wait=0 rx=1 rxq=0 rxr=1 ack=0 ch9=0 rf=0 retry=20 interval=380
DBG_ANCHOR_CH5_SCAN_RESCHED ret=1 delay=20
DBG_ANCHOR_CH5_SCAN_HANDLER role=2
DBG_ANCHOR_CH5_SCAN_BLOCKED win=0 survey=0 tx=0 retry_gap=0 wait=0 rx=1 rxq=0 rxr=1 ack=0 ch9=0 rf=0 retry=20 interval=380
DBG_ANCHOR_CH5_SCAN_RESCHED ret=1 delay=20
DBG_C5_CONTACT phase=exchange state=3 peer=0x56da25fe4af6d141 purpose=channel9_timing_negotiation reason=mesh-event-accept-ret
DBG_ANCHOR_CH5_SCAN_HANDLER role=2
DBG_ANCHOR_CH5_SCAN_BLOCKED win=0 survey=0 tx=0 retry_gap=0 wait=0 rx=1 rxq=0 rxr=1 ack=0 ch9=0 rf=1 retry=20 interval=380
DBG_ANCHOR_CH5_SCAN_RESCHED ret=1 delay=20
DBG_DWM_WAKE_MESH_CTRL_OK sfd=4073
DBG_C5_TX_CONFIG ret=0 ext=1 len=103 msg=38 reason=mesh-event-accept-retry
DBG_ANCHOR_CH5_SCAN_HANDLER role=2
DBG_UWB_TX_CH5
DBG_C5_CONTACT phase=exchange state=3 peer=0x56da25fe4af6d141 purpose=channel9_timing_negotiation reason=mesh-event-accept-ret
DBG_C5_CONTACT phase=closing state=4 peer=0x56da25fe4af6d141 purpose=channel9_timing_negotiation reason=event-accept-sent
DBG_EVENT_ACCEPT_REALIGNED prev=0x56da25fe4af6d141 next=53143
DBG_CH5_GAP_SCAN now=52681 win=100 next_delay=1042
DBG_ANCHOR_CH5_SCAN_BLOCKED win=0 survey=0 tx=0 retry_gap=0 wait=0 rx=1 rxq=0 rxr=1 ack=0 ch9=0 rf=1 retry=20 interval=380
DBG_ANCHOR_CH5_SCAN_RESCHED ret=1 delay=20
DBG_ANCHOR_CH5_SCAN_HANDLER role=2
DBG_ANCHOR_CH5_SCAN_BLOCKED win=0 survey=0 tx=0 retry_gap=0 wait=0 rx=0 rxq=0 rxr=0 ack=0 ch9=0 rf=1 retry=20 interval=380
DBG_ANCHOR_CH5_SCAN_RESCHED ret=1 delay=20
DBG_ANCHOR_CH5_SCAN_HANDLER role=2
DBG_ANCHOR_CH5_SCAN_BLOCKED win=0 survey=0 tx=0 retry_gap=0 wait=0 rx=0 rxq=0 rxr=0 ack=0 ch9=0 rf=1 retry=20 interval=380
DBG_ANCHOR_CH5_SCAN_RESCHED ret=1 delay=20
DBG_ANCHOR_CH5_SCAN_HANDLER role=2
DBG_ANCHOR_CH5_SCAN_BLOCKED win=0 survey=0 tx=0 retry_gap=0 wait=0 rx=0 rxq=0 rxr=0 ack=0 ch9=0 rf=1 retry=20 interval=380
DBG_ANCHOR_CH5_SCAN_RESCHED ret=1 delay=20
DBG_ANCHOR_CH5_SCAN_HANDLER role=2
DBG_CH5_GAP_SCAN_DONE frames=0 last_error=0 now=52781 deadline=52781 click=0
DBG_DWM_KEEP_IDLE reason=mesh-rx ch9=1 ack=0 qack=0 ret=0
DBG_CH5_GAP_SCAN now=52782 win=100 next_delay=941
DBG_ANCHOR_CH5_SCAN_BLOCKED win=0 survey=0 tx=0 retry_gap=0 wait=0 rx=0 rxq=0 rxr=0 ack=0 ch9=0 rf=1 retry=20 interval=380
DBG_ANCHOR_CH5_SCAN_RESCHED ret=1 delay=20
DBG_ANCHOR_CH5_SCAN_HANDLER role=2
DBG_ANCHOR_CH5_SCAN_BLOCKED win=0 survey=0 tx=0 retry_gap=0 wait=0 rx=0 rxq=0 rxr=0 ack=0 ch9=0 rf=1 retry=20 interval=380
DBG_ANCHOR_CH5_SCAN_RESCHED ret=1 delay=20
DBG_ANCHOR_CH5_SCAN_HANDLER role=2
DBG_ANCHOR_CH5_SCAN_BLOCKED win=0 survey=0 tx=0 retry_gap=0 wait=0 rx=0 rxq=0 rxr=0 ack=0 ch9=0 rf=1 retry=20 interval=380
DBG_ANCHOR_CH5_SCAN_RESCHED ret=1 delay=20
DBG_UWB_RX_CH5
DBG_C5_CONTACT phase=open state=2 peer=0x708bc0aab970300e purpose=route_solicit reason=wake-claim
DBG_C5_CONTACT phase=accepted state=2 peer=0x708bc0aab970300e purpose=route_solicit reason=wake-claim
DBG_UWB_RX_CH5
DBG_C5_CONTACT phase=accepted state=2 peer=0x708bc0aab970300e purpose=route_solicit reason=wake-claim
DBG_UWB_RX_CH5
DBG_C5_CONTACT phase=accepted state=2 peer=0x708bc0aab970300e purpose=route_solicit reason=wake-claim
DBG_ANCHOR_CH5_SCAN_HANDLER role=2
DBG_ANCHOR_CH5_SCAN_BLOCKED win=0 survey=0 tx=0 retry_gap=0 wait=0 rx=0 rxq=0 rxr=0 ack=0 ch9=0 rf=1 retry=20 interval=380
DBG_ANCHOR_CH5_SCAN_RESCHED ret=1 delay=20
DBG_UWB_RX_CH5
DBG_C5_CONTACT phase=accepted state=2 peer=0x708bc0aab970300e purpose=route_solicit reason=wake-claim
DBG_UWB_RX_CH5
DBG_C5_CONTACT phase=accepted state=2 peer=0x708bc0aab970300e purpose=route_solicit reason=wake-claim
DBG_ANCHOR_CH5_SCAN_HANDLER role=2
DBG_ANCHOR_CH5_SCAN_BLOCKED win=0 survey=0 tx=0 retry_gap=0 wait=0 rx=0 rxq=0 rxr=0 ack=0 ch9=0 rf=1 retry=20 interval=380
DBG_ANCHOR_CH5_SCAN_RESCHED ret=1 delay=20
DBG_UWB_RX_CH5
DBG_C5_CONTACT phase=accepted state=2 peer=0x708bc0aab970300e purpose=route_solicit reason=wake-claim
DBG_CH5_GAP_SCAN_DONE frames=7 last_error=0 now=52882 deadline=52882 click=0
DBG_DWM_KEEP_IDLE reason=mesh-rx ch9=1 ack=0 qack=0 ret=0
DBG_CH5_GAP_SCAN now=52883 win=100 next_delay=840
DBG_ANCHOR_CH5_SCAN_HANDLER role=2
DBG_ANCHOR_CH5_SCAN_BLOCKED win=0 survey=0 tx=0 retry_gap=0 wait=0 rx=0 rxq=0 rxr=0 ack=0 ch9=0 rf=1 retry=20 interval=380
DBG_ANCHOR_CH5_SCAN_RESCHED ret=1 delay=20
DBG_UWB_RX_CH5
DBG_C5_CONTACT phase=accepted state=2 peer=0x708bc0aab970300e purpose=route_solicit reason=wake-claim
DBG_UWB_RX_CH5
DBG_C5_CONTACT phase=accepted state=2 peer=0x708bc0aab970300e purpose=route_solicit reason=wake-claim
DBG_UWB_RX_CH5
DBG_C5_CONTACT phase=accepted state=2 peer=0x708bc0aab970300e purpose=route_solicit reason=wake-claim
DBG_ANCHOR_CH5_SCAN_HANDLER role=2
DBG_ANCHOR_CH5_SCAN_BLOCKED win=0 survey=0 tx=0 retry_gap=0 wait=0 rx=0 rxq=0 rxr=0 ack=0 ch9=0 rf=1 retry=20 interval=380
DBG_ANCHOR_CH5_SCAN_RESCHED ret=1 delay=20
DBG_UWB_RX_CH5
DBG_C5_CONTACT phase=accepted state=2 peer=0x708bc0aab970300e purpose=route_solicit reason=wake-claim
DBG_UWB_RX_CH5
DBG_C5_CONTACT phase=accepted state=2 peer=0x708bc0aab970300e purpose=route_solicit reason=wake-claim
DBG_UWB_RX_CH5
DBG_C5_CONTACT phase=accepted state=2 peer=0x708bc0aab970300e purpose=route_solicit reason=wake-claim
DBG_ANCHOR_CH5_SCAN_HANDLER role=2
DBG_ANCHOR_CH5_SCAN_BLOCKED win=0 survey=0 tx=0 retry_gap=0 wait=0 rx=0 rxq=0 rxr=0 ack=0 ch9=0 rf=1 retry=20 interval=380
DBG_ANCHOR_CH5_SCAN_RESCHED ret=1 delay=20
DBG_UWB_RX_CH5
DBG_C5_CONTACT phase=accepted state=2 peer=0x708bc0aab970300e purpose=route_solicit reason=wake-claim
DBG_UWB_RX_CH5
DBG_C5_CONTACT phase=accepted state=2 peer=0x708bc0aab970300e purpose=route_solicit reason=wake-claim
DBG_UWB_RX_CH5
DBG_C5_CONTACT phase=accepted state=2 peer=0x708bc0aab970300e purpose=route_solicit reason=wake-claim
DBG_ANCHOR_CH5_SCAN_HANDLER role=2
DBG_ANCHOR_CH5_SCAN_BLOCKED win=0 survey=0 tx=0 retry_gap=0 wait=0 rx=0 rxq=0 rxr=0 ack=0 ch9=0 rf=1 retry=20 interval=380
DBG_ANCHOR_CH5_SCAN_RESCHED ret=1 delay=20
DBG_UWB_RX_CH5
DBG_C5_CONTACT phase=accepted state=2 peer=0x708bc0aab970300e purpose=route_solicit reason=wake-claim
DBG_CH5_GAP_SCAN_DONE frames=10 last_error=0 now=52983 deadline=52983 click=0
DBG_DWM_KEEP_IDLE reason=mesh-rx ch9=1 ack=0 qack=0 ret=0
DBG_CH5_GAP_SCAN now=52984 win=100 next_delay=739
DBG_ANCHOR_CH5_SCAN_HANDLER role=2
DBG_ANCHOR_CH5_SCAN_BLOCKED win=0 survey=0 tx=0 retry_gap=0 wait=0 rx=0 rxq=0 rxr=0 ack=0 ch9=0 rf=1 retry=20 interval=380
DBG_ANCHOR_CH5_SCAN_RESCHED ret=1 delay=20
DBG_UWB_RX_CH5
DBG_C5_CONTACT phase=accepted state=2 peer=0x708bc0aab970300e purpose=route_solicit reason=wake-claim
DBG_UWB_RX_CH5
DBG_C5_CONTACT phase=accepted state=2 peer=0x708bc0aab970300e purpose=route_solicit reason=wake-claim
DBG_UWB_RX_CH5
DBG_C5_CONTACT phase=accepted state=2 peer=0x708bc0aab970300e purpose=route_solicit reason=wake-claim
DBG_ANCHOR_CH5_SCAN_HANDLER role=2
DBG_ANCHOR_CH5_SCAN_BLOCKED win=0 survey=0 tx=0 retry_gap=0 wait=0 rx=0 rxq=0 rxr=0 ack=0 ch9=0 rf=1 retry=20 interval=380
DBG_ANCHOR_CH5_SCAN_RESCHED ret=1 delay=20
DBG_UWB_RX_CH5
DBG_C5_CONTACT phase=accepted state=2 peer=0x708bc0aab970300e purpose=route_solicit reason=wake-claim
DBG_UWB_RX_CH5
DBG_C5_CONTACT phase=accepted state=2 peer=0x708bc0aab970300e purpose=route_solicit reason=wake-claim
DBG_UWB_RX_CH5
DBG_C5_CONTACT phase=accepted state=2 peer=0x708bc0aab970300e purpose=route_solicit reason=wake-claim
DBG_ANCHOR_CH5_SCAN_HANDLER role=2
DBG_ANCHOR_CH5_SCAN_BLOCKED win=0 survey=0 tx=0 retry_gap=0 wait=0 rx=0 rxq=0 rxr=0 ack=0 ch9=0 rf=1 retry=20 interval=380
DBG_ANCHOR_CH5_SCAN_RESCHED ret=1 delay=20
DBG_UWB_RX_CH5
DBG_C5_CONTACT phase=accepted state=2 peer=0x708bc0aab970300e purpose=route_solicit reason=wake-claim
DBG_UWB_RX_CH5
DBG_C5_CONTACT phase=accepted state=2 peer=0x708bc0aab970300e purpose=route_solicit reason=wake-claim
DBG_UWB_RX_CH5
DBG_C5_CONTACT phase=accepted state=2 peer=0x708bc0aab970300e purpose=route_solicit reason=wake-claim
DBG_ANCHOR_CH5_SCAN_HANDLER role=2
DBG_ANCHOR_CH5_SCAN_BLOCKED win=0 survey=0 tx=0 retry_gap=0 wait=0 rx=0 rxq=0 rxr=0 ack=0 ch9=0 rf=1 retry=20 interval=380
DBG_ANCHOR_CH5_SCAN_RESCHED ret=1 delay=20
DBG_UWB_RX_CH5
DBG_C5_CONTACT phase=accepted state=2 peer=0x708bc0aab970300e purpose=route_solicit reason=wake-claim
DBG_UWB_RX_CH5
DBG_C5_CONTACT phase=accepted state=2 peer=0x708bc0aab970300e purpose=route_solicit reason=wake-claim
DBG_CH5_GAP_SCAN_DONE frames=11 last_error=0 now=53085 deadline=53084 click=0
DBG_DWM_KEEP_IDLE reason=mesh-rx ch9=1 ack=0 qack=0 ret=0
DBG_CH5_GAP_SCAN now=53086 win=100 next_delay=637
DBG_ANCHOR_CH5_SCAN_HANDLER role=2
DBG_ANCHOR_CH5_SCAN_BLOCKED win=0 survey=0 tx=0 retry_gap=0 wait=0 rx=0 rxq=0 rxr=0 ack=0 ch9=0 rf=1 retry=20 interval=380
DBG_ANCHOR_CH5_SCAN_RESCHED ret=1 delay=20
DBG_UWB_RX_CH5
DBG_C5_CONTACT phase=accepted state=2 peer=0x708bc0aab970300e purpose=route_solicit reason=wake-claim
DBG_ANCHOR_CH5_SCAN_HANDLER role=2
DBG_ANCHOR_CH5_SCAN_BLOCKED win=0 survey=0 tx=0 retry_gap=0 wait=0 rx=0 rxq=0 rxr=0 ack=0 ch9=0 rf=1 retry=20 interval=380
DBG_ANCHOR_CH5_SCAN_RESCHED ret=1 delay=20
DBG_UWB_RX_CH5
DBG_C5_CONTACT phase=accepted state=2 peer=0x708bc0aab970300e purpose=route_solicit reason=wake-claim
DBG_UWB_RX_CH5
DBG_C5_CONTACT phase=accepted state=2 peer=0x708bc0aab970300e purpose=route_solicit reason=wake-claim
DBG_UWB_RX_CH5
DBG_C5_CONTACT phase=accepted state=2 peer=0x708bc0aab970300e purpose=route_solicit reason=wake-claim
DBG_ANCHOR_CH5_SCAN_HANDLER role=2
DBG_ANCHOR_CH5_SCAN_BLOCKED win=0 survey=0 tx=0 retry_gap=0 wait=0 rx=0 rxq=0 rxr=0 ack=0 ch9=0 rf=1 retry=20 interval=380
DBG_ANCHOR_CH5_SCAN_RESCHED ret=1 delay=20
DBG_UWB_RX_CH5
DBG_C5_CONTACT phase=accepted state=2 peer=0x708bc0aab970300e purpose=route_solicit reason=wake-claim
DBG_UWB_RX_CH5
DBG_C5_CONTACT phase=accepted state=2 peer=0x708bc0aab970300e purpose=route_solicit reason=wake-claim
DBG_UWB_RX_CH5
DBG_C5_CONTACT phase=accepted state=2 peer=0x708bc0aab970300e purpose=route_solicit reason=wake-claim
DBG_ANCHOR_CH5_SCAN_HANDLER role=2
DBG_ANCHOR_CH5_SCAN_BLOCKED win=0 survey=0 tx=0 retry_gap=0 wait=0 rx=0 rxq=0 rxr=0 ack=0 ch9=0 rf=1 retry=20 interval=380
DBG_ANCHOR_CH5_SCAN_RESCHED ret=1 delay=20
DBG_UWB_RX_CH5
DBG_C5_CONTACT phase=accepted state=2 peer=0x708bc0aab970300e purpose=route_solicit reason=wake-claim
DBG_UWB_RX_CH5
DBG_C5_CONTACT phase=accepted state=2 peer=0x708bc0aab970300e purpose=route_solicit reason=wake-claim
DBG_UWB_RX_CH5
DBG_C5_CONTACT phase=accepted state=2 peer=0x708bc0aab970300e purpose=route_solicit reason=wake-claim
DBG_ANCHOR_CH5_SCAN_HANDLER role=2
DBG_CH5_GAP_SCAN_DONE frames=10 last_error=0 now=53187 deadline=53186 click=0
DBG_DWM_KEEP_IDLE reason=mesh-rx ch9=1 ack=0 qack=0 ret=0
DBG_CH5_GAP_SCAN now=53188 win=100 next_delay=535
DBG_ANCHOR_CH5_SCAN_BLOCKED win=0 survey=0 tx=0 retry_gap=0 wait=0 rx=0 rxq=0 rxr=0 ack=0 ch9=0 rf=1 retry=20 interval=380
DBG_ANCHOR_CH5_SCAN_RESCHED ret=1 delay=20
DBG_ANCHOR_CH5_SCAN_HANDLER role=2
DBG_ANCHOR_CH5_SCAN_BLOCKED win=0 survey=0 tx=0 retry_gap=0 wait=0 rx=0 rxq=0 rxr=0 ack=0 ch9=0 rf=1 retry=20 interval=380
DBG_ANCHOR_CH5_SCAN_RESCHED ret=1 delay=20
DBG_UWB_RX_CH5
DBG_C5_CONTACT phase=accepted state=2 peer=0x708bc0aab970300e purpose=route_solicit reason=wake-claim
DBG_UWB_RX_CH5
DBG_C5_CONTACT phase=accepted state=2 peer=0x708bc0aab970300e purpose=route_solicit reason=wake-claim
DBG_UWB_RX_CH5
DBG_C5_CONTACT phase=accepted state=2 peer=0x708bc0aab970300e purpose=route_solicit reason=wake-claim
DBG_ANCHOR_CH5_SCAN_HANDLER role=2
DBG_ANCHOR_CH5_SCAN_BLOCKED win=0 survey=0 tx=0 retry_gap=0 wait=0 rx=0 rxq=0 rxr=0 ack=0 ch9=0 rf=1 retry=20 interval=380
DBG_ANCHOR_CH5_SCAN_RESCHED ret=1 delay=20
DBG_UWB_RX_CH5
DBG_C5_CONTACT phase=accepted state=2 peer=0x708bc0aab970300e purpose=route_solicit reason=wake-claim
DBG_ANCHOR_CH5_SCAN_HANDLER role=2
DBG_ANCHOR_CH5_SCAN_BLOCKED win=0 survey=0 tx=0 retry_gap=0 wait=0 rx=0 rxq=0 rxr=0 ack=0 ch9=0 rf=1 retry=20 interval=380
DBG_ANCHOR_CH5_SCAN_RESCHED ret=1 delay=20
DBG_ANCHOR_CH5_SCAN_HANDLER role=2
DBG_ANCHOR_CH5_SCAN_BLOCKED win=0 survey=0 tx=0 retry_gap=0 wait=0 rx=0 rxq=0 rxr=0 ack=0 ch9=0 rf=1 retry=20 interval=380
DBG_ANCHOR_CH5_SCAN_RESCHED ret=1 delay=20
DBG_DWM_KEEP_IDLE reason=mesh-rx ch9=1 ack=0 qack=0 ret=0
DBG_CH5_GAP_SCAN now=53289 win=100 next_delay=434
DBG_ANCHOR_CH5_SCAN_HANDLER role=2
DBG_ANCHOR_CH5_SCAN_BLOCKED win=0 survey=0 tx=0 retry_gap=0 wait=0 rx=0 rxq=0 rxr=0 ack=0 ch9=0 rf=1 retry=20 interval=380
DBG_ANCHOR_CH5_SCAN_RESCHED ret=1 delay=20
DBG_ANCHOR_CH5_SCAN_HANDLER role=2
DBG_ANCHOR_CH5_SCAN_BLOCKED win=0 survey=0 tx=0 retry_gap=0 wait=0 rx=0 rxq=0 rxr=0 ack=0 ch9=0 rf=1 retry=20 interval=380
DBG_ANCHOR_CH5_SCAN_RESCHED ret=1 delay=20
DBG_ANCHOR_CH5_SCAN_HANDLER role=2
DBG_CH5_GAP_REARM_ERROR ret=-5 fail=4 rem=82
DBG_ANCHOR_CH5_SCAN_BLOCKED win=0 survey=0 tx=0 retry_gap=0 wait=0 rx=0 rxq=0 rxr=0 ack=0 ch9=0 rf=1 retry=20 interval=380
DBG_ANCHOR_CH5_SCAN_RESCHED ret=1 delay=20
DBG_ANCHOR_CH5_SCAN_HANDLER role=2
DBG_ANCHOR_CH5_SCAN_BLOCKED win=0 survey=0 tx=0 retry_gap=0 wait=0 rx=0 rxq=0 rxr=0 ack=0 ch9=0 rf=1 retry=20 interval=380
DBG_CH5_GAP_SCAN_DONE frames=0 last_error=-5 now=53390 deadline=53389 click=0
DBG_ANCHOR_CH5_SCAN_RESCHED ret=1 delay=20
DBG_DWM_KEEP_IDLE reason=mesh-rx ch9=1 ack=0 qack=0 ret=0
DBG_CH9_SKIP_STALE n=1 now=53391 next=53783 cnt=3448723690 reason=rx-delay
DBG_CH5_GAP_SCAN now=53391 win=100 next_delay=332
DBG_ANCHOR_CH5_SCAN_HANDLER role=2
DBG_ANCHOR_CH5_SCAN_BLOCKED win=0 survey=0 tx=0 retry_gap=0 wait=0 rx=0 rxq=0 rxr=0 ack=0 ch9=0 rf=1 retry=20 interval=380
DBG_ANCHOR_CH5_SCAN_RESCHED ret=1 delay=20
DBG_ANCHOR_CH5_SCAN_HANDLER role=2
DBG_ANCHOR_CH5_SCAN_BLOCKED win=0 survey=0 tx=0 retry_gap=0 wait=0 rx=0 rxq=0 rxr=0 ack=0 ch9=0 rf=1 retry=20 interval=380
DBG_ANCHOR_CH5_SCAN_RESCHED ret=1 delay=20
DBG_ANCHOR_CH5_SCAN_HANDLER role=2
DBG_ANCHOR_CH5_SCAN_BLOCKED win=0 survey=0 tx=0 retry_gap=0 wait=0 rx=0 rxq=0 rxr=0 ack=0 ch9=0 rf=1 retry=20 interval=380
DBG_ANCHOR_CH5_SCAN_RESCHED ret=1 delay=20
DBG_ANCHOR_CH5_SCAN_HANDLER role=2
DBG_CH5_GAP_SCAN_DONE frames=0 last_error=0 now=53491 deadline=53491 click=0
DBG_DWM_KEEP_IDLE reason=mesh-rx ch9=1 ack=0 qack=0 ret=0
DBG_CH5_GAP_SCAN now=53492 win=100 next_delay=231
DBG_ANCHOR_CH5_SCAN_BLOCKED win=0 survey=0 tx=0 retry_gap=0 wait=0 rx=0 rxq=0 rxr=0 ack=0 ch9=0 rf=1 retry=20 interval=380
DBG_ANCHOR_CH5_SCAN_RESCHED ret=1 delay=20
DBG_ANCHOR_CH5_SCAN_HANDLER role=2
DBG_ANCHOR_CH5_SCAN_BLOCKED win=0 survey=0 tx=0 retry_gap=0 wait=0 rx=0 rxq=0 rxr=0 ack=0 ch9=0 rf=1 retry=20 interval=380
DBG_ANCHOR_CH5_SCAN_RESCHED ret=1 delay=20
DBG_ANCHOR_CH5_SCAN_HANDLER role=2
DBG_ANCHOR_CH5_SCAN_BLOCKED win=0 survey=0 tx=0 retry_gap=0 wait=0 rx=0 rxq=0 rxr=0 ack=0 ch9=0 rf=1 retry=20 interval=380
DBG_ANCHOR_CH5_SCAN_RESCHED ret=1 delay=20
DBG_ANCHOR_CH5_SCAN_HANDLER role=2
DBG_ANCHOR_CH5_SCAN_BLOCKED win=0 survey=0 tx=0 retry_gap=0 wait=0 rx=0 rxq=0 rxr=0 ack=0 ch9=0 rf=1 retry=20 interval=380
DBG_ANCHOR_CH5_SCAN_RESCHED ret=1 delay=20
DBG_ANCHOR_CH5_SCAN_HANDLER role=2
DBG_CH5_GAP_SCAN_DONE frames=0 last_error=0 now=53593 deadline=53592 click=0
DBG_DWM_KEEP_IDLE reason=mesh-rx ch9=1 ack=0 qack=0 ret=0
DBG_CH5_GAP_SCAN now=53594 win=69 next_delay=129
DBG_ANCHOR_CH5_SCAN_BLOCKED win=0 survey=0 tx=0 retry_gap=0 wait=0 rx=0 rxq=0 rxr=0 ack=0 ch9=0 rf=1 retry=20 interval=380
DBG_ANCHOR_CH5_SCAN_RESCHED ret=1 delay=20
DBG_ANCHOR_CH5_SCAN_HANDLER role=2
DBG_ANCHOR_CH5_SCAN_BLOCKED win=0 survey=0 tx=0 retry_gap=0 wait=0 rx=0 rxq=0 rxr=0 ack=0 ch9=0 rf=1 retry=20 interval=380
DBG_ANCHOR_CH5_SCAN_RESCHED ret=1 delay=20
DBG_ANCHOR_CH5_SCAN_HANDLER role=2
DBG_ANCHOR_CH5_SCAN_BLOCKED win=0 survey=0 tx=0 retry_gap=0 wait=0 rx=0 rxq=0 rxr=0 ack=0 ch9=0 rf=1 retry=20 interval=380
DBG_ANCHOR_CH5_SCAN_RESCHED ret=1 delay=20
DBG_CH5_GAP_SCAN_DONE frames=0 last_error=0 now=53663 deadline=53663 click=0
DBG_DWM_KEEP_IDLE reason=mesh-rx ch9=1 ack=0 qack=0 ret=0
DBG_ANCHOR_CH5_SCAN_HANDLER role=2
DBG_ANCHOR_CH9_REARM delay=56 ret=1 ack=0
DBG_ANCHOR_CH5_SCAN_BLOCKED win=0 survey=0 tx=0 retry_gap=0 wait=0 rx=0 rxq=0 rxr=0 ack=0 ch9=1 rf=0 retry=301 interval=380
DBG_ANCHOR_CH5_SCAN_RESCHED ret=1 delay=301
DBG_CH9_RX_SLOT idx=0 cnt=3448723690 now=53723 start=53783 end=53903
DBG_CH9_EVENT_STATE state=granted peer=0x56da25fe4af6d141 start=53783 end=53903 reason=rx-slot
DBG_CH9_RX_START idx=0 now=53723 start=53783 end=53903 tail=60
DBG_CH9_RX_CONFIG_OK
DBG_CH9_RX_EARLY_ARM now=53743 start=53783 guard=60
DBG_CH9_RX_ARMED now=53743 start=53783 end=53903 deadline=53963
DBG_CH9_RX_FRAME
DBG_UWB_RX_CH9
DBG_CH9_RX_HW since_us=61506 host_delta=24 en32=0x000f304e rx32=0x00f970ea
DBG_CH9_RX_TIMING arm_delta=-40 hw_delta_us=21506 host_delta=24 len=97 q=100
DBG_UWB_RX_CH9
DBG_MESH_RX_QUEUED ch=9 msg=0x41 src=0x56da25fe4af6d141 dst=0x9999888877776666 prev=0x56da25fe4af6d141 seq=1 q=1
DBG_CH9_RX_EXPECTED delta=24 q=100
DBG_DWM_KEEP_IDLE reason=ch9-rx ch9=1 ack=0 qack=0 ret=0
DBG_CH9_RX_DONE_WITH_PEER
DBG_CH9_EVENT_STATE state=complete peer=0x56da25fe4af6d141 start=53783 end=53903 reason=rx-slot
DBG_MESH_RX_WORK_WAIT q=1
DBG_MESH_RX_WORK_ENTER q=1
DBG_MESH_RX_DRAIN_ENTER owner=work q=1
DBG_DIRECT_GW_TX seq=1 now=53966 reason=forward
DBG_CH9_EVENT_STATE state=tx_payload peer=0x9999888877776666 start=53966 end=54216 reason=forward
DBG_DIRECT_GW_TX_CONFIG ret=0 now=53967 seq=1
DBG_CH9_TX_SEND_AT now=53968 earliest=53966 msg=41 len=97
DBG_ANCHOR_CH5_SCAN_HANDLER role=2
DBG_ANCHOR_CH5_SCAN_BLOCKED win=0 survey=0 tx=1 retry_gap=0 wait=0 rx=0 rxq=0 rxr=0 ack=1 ch9=0 rf=1 retry=20 interval=380
DBG_ANCHOR_CH5_SCAN_RESCHED ret=1 delay=20
DBG_CH9_TX_DONE now=53971 dur=3 len=97 msg=41
DBG_UWB_TX_CH9
DBG_CH9_TX_SINGLE_SEND_OK
DBG_CH9_EVENT_STATE state=complete peer=0x9999888877776666 start=53966 end=54216 reason=forward
DBG_DIRECT_GW_TX_ACK_TRANSIT_WAIT dst=0x9999888877776666 src=0x56da25fe4af6d141 seq=1
DBG_ANCHOR_CH5_SCAN_HANDLER role=2
DBG_ANCHOR_CH5_SCAN_BLOCKED win=0 survey=0 tx=1 retry_gap=0 wait=0 rx=0 rxq=0 rxr=0 ack=1 ch9=0 rf=1 retry=20 interval=380
DBG_ANCHOR_CH5_SCAN_RESCHED ret=1 delay=20
DBG_ANCHOR_CH5_SCAN_HANDLER role=2
DBG_ANCHOR_CH5_SCAN_BLOCKED win=0 survey=0 tx=1 retry_gap=0 wait=0 rx=0 rxq=0 rxr=0 ack=1 ch9=0 rf=1 retry=20 interval=380
DBG_ANCHOR_CH5_SCAN_RESCHED ret=1 delay=20
DBG_ANCHOR_CH5_SCAN_HANDLER role=2
DBG_ANCHOR_CH5_SCAN_BLOCKED win=0 survey=0 tx=1 retry_gap=0 wait=0 rx=0 rxq=0 rxr=0 ack=1 ch9=0 rf=1 retry=20 interval=380
DBG_ANCHOR_CH5_SCAN_RESCHED ret=1 delay=20
DBG_ANCHOR_CH5_SCAN_HANDLER role=2
DBG_ANCHOR_CH5_SCAN_BLOCKED win=0 survey=0 tx=1 retry_gap=0 wait=0 rx=0 rxq=0 rxr=0 ack=1 ch9=0 rf=1 retry=20 interval=380
DBG_ANCHOR_CH5_SCAN_RESCHED ret=1 delay=20
DBG_ANCHOR_CH5_SCAN_HANDLER role=2
DBG_ANCHOR_CH5_SCAN_BLOCKED win=0 survey=0 tx=1 retry_gap=0 wait=0 rx=0 rxq=0 rxr=0 ack=1 ch9=0 rf=1 retry=20 interval=380
DBG_ANCHOR_CH5_SCAN_RESCHED ret=1 delay=20
DBG_ANCHOR_CH5_SCAN_HANDLER role=2
DBG_ANCHOR_CH5_SCAN_BLOCKED win=0 survey=0 tx=1 retry_gap=0 wait=0 rx=0 rxq=0 rxr=0 ack=1 ch9=0 rf=1 retry=20 interval=380
DBG_ANCHOR_CH5_SCAN_RESCHED ret=1 delay=20
DBG_ANCHOR_CH5_SCAN_HANDLER role=2
DBG_ANCHOR_CH5_SCAN_BLOCKED win=0 survey=0 tx=1 retry_gap=0 wait=0 rx=0 rxq=0 rxr=0 ack=1 ch9=0 rf=1 retry=20 interval=380
DBG_ANCHOR_CH5_SCAN_RESCHED ret=1 delay=20
DBG_ANCHOR_CH5_SCAN_HANDLER role=2
DBG_ANCHOR_CH5_SCAN_BLOCKED win=0 survey=0 tx=1 retry_gap=0 wait=0 rx=0 rxq=0 rxr=0 ack=1 ch9=0 rf=1 retry=20 interval=380
DBG_ANCHOR_CH5_SCAN_RESCHED ret=1 delay=20
DBG_ANCHOR_CH5_SCAN_HANDLER role=2
DBG_ANCHOR_CH5_SCAN_BLOCKED win=0 survey=0 tx=1 retry_gap=0 wait=0 rx=0 rxq=0 rxr=0 ack=1 ch9=0 rf=1 retry=20 interval=380
DBG_ANCHOR_CH5_SCAN_RESCHED ret=1 delay=20
DBG_ANCHOR_CH5_SCAN_HANDLER role=2
DBG_ANCHOR_CH5_SCAN_BLOCKED win=0 survey=0 tx=1 retry_gap=0 wait=0 rx=0 rxq=0 rxr=0 ack=1 ch9=0 rf=1 retry=20 interval=380
DBG_ANCHOR_CH5_SCAN_RESCHED ret=1 delay=20
DBG_DIRECT_GW_TX_ACK_WAIT ret=-116 seq=1
DBG_DWM_KEEP_IDLE reason=direct-gateway-payload ch9=1 ack=0 qack=0 ret=0
DBG_CH9_TX_SINGLE_SEND_FAIL
DBG_CH9_TX_SINGLE_FAIL ret=-11 seq=1
DBG_CH9_EVENT_STATE state=busy_retry_later peer=0x9999888877776666 start=53966 end=54216 reason=forward
DBG_CH9_TX_SINGLE_RETRYABLE ret=-11 seq=1
DBG_DIRECT_GW_ACK_DEFER_CORE seq=1 ret=-11 state=1 deadline=55972 reason=forward
DBG_TRANSIT_REVERSE_ROUTE_COMMIT src=0x56da25fe4af6d141 prev=0x56da25fe4af6d141
DBG_CH9_ACK_QUEUE_ADD
DBG_MESH_RX_DRAIN_EXIT owner=work handled=1 q=0
DBG_MESH_RX_WORK_EXIT handled=1 q=0
DBG_COORD state=mesh-rx owner=uwb-rx reason=ch9-ack-send rx=0 tx=0 relay=1 route=0 ack=1 qack=1
DBG_CH9_ACK_TX_WAIT
DBG_CH9_ACK_WAIT peer=0x56da25fe4af6d141 ret=-10 act=2 now=54225 start=54423 n=1
DBG_CH5_GAP_SCAN now=54225 win=78 next_delay=138
DBG_ANCHOR_CH5_SCAN_HANDLER role=2
DBG_ANCHOR_CH5_SCAN_BLOCKED win=0 survey=0 tx=1 retry_gap=0 wait=0 rx=0 rxq=0 rxr=0 ack=1 ch9=0 rf=1 retry=20 interval=380
DBG_ANCHOR_CH5_SCAN_HANDLER role=2
DBG_ANCHOR_CH5_SCAN_BLOCKED win=0 survey=0 tx=1 retry_gap=0 wait=0 rx=0 rxq=0 rxr=0 ack=1 ch9=0 rf=1 retry=20 interval=380
DBG_ANCHOR_CH5_SCAN_RESCHED ret=1 delay=20
DBG_ANCHOR_CH5_SCAN_HANDLER role=2
DBG_ANCHOR_CH5_SCAN_BLOCKED win=0 survey=0 tx=1 retry_gap=0 wait=0 rx=0 rxq=0 rxr=0 ack=1 ch9=0 rf=1 retry=20 interval=380
DBG_ANCHOR_CH5_SCAN_RESCHED ret=1 delay=20
DBG_CH5_GAP_SCAN_DONE frames=0 last_error=0 now=54303 deadline=54303 click=0
DBG_DWM_KEEP_IDLE reason=mesh-rx ch9=1 ack=0 qack=1 ret=0
DBG_ANCHOR_CH5_SCAN_HANDLER role=2
DBG_ANCHOR_CH9_REARM delay=57 ret=1 ack=1
DBG_ANCHOR_CH5_SCAN_BLOCKED win=0 survey=0 tx=1 retry_gap=0 wait=0 rx=0 rxq=0 rxr=0 ack=1 ch9=1 rf=0 retry=302 interval=380
DBG_ANCHOR_CH5_SCAN_RESCHED ret=1 delay=302
DBG_CH9_ACK_SLOT peer=0x56da25fe4af6d141 cnt=3448723691 now=54363 start=54423 end=54543 n=1
DBG_CH9_ACK_BUILD peer=0x56da25fe4af6d141 n=1 forwarded=0 seq=2 len=60
DBG_CH9_EVENT_STATE state=granted peer=0x56da25fe4af6d141 start=54423 end=54543 reason=ch9-ack-batch-slot
DBG_CH9_ACK_BATCH_TRY
DBG_CH9_EVENT_STATE state=tx_payload peer=0x56da25fe4af6d141 start=54423 end=54543 reason=ch9-ack-batch-slot
DBG_CH9_TX_PRE_GUARD_WAIT now=54364 guard=54413 earliest=54438 msg=31
DBG_CH9_TX_CONFIG ret=0 now=54433 earliest=54438 msg=31
DBG_CH9_TX_SEND_AT now=54438 earliest=54438 msg=31 len=121
DBG_DWM_KEEP_IDLE reason=ch9-ack-batch-slot ch9=1 ack=0 qack=1 ret=0
DBG_UWB_TX_CH9
DBG_CH9_ACK_BATCH_SENT
DBG_CH9_EVENT_STATE state=complete peer=0x56da25fe4af6d141 start=54423 end=54543 reason=ch9-ack-batch-slot
DBG_CH5_GAP_SCAN now=54443 win=100 next_delay=560
DBG_CH5_GAP_SCAN_DONE frames=0 last_error=0 now=54544 deadline=54543 click=0
DBG_DWM_KEEP_IDLE reason=mesh-rx ch9=1 ack=0 qack=0 ret=0
DBG_CH5_GAP_SCAN now=54545 win=100 next_delay=458
DBG_ANCHOR_CH5_SCAN_HANDLER role=2
DBG_ANCHOR_CH5_SCAN_BLOCKED win=0 survey=0 tx=1 retry_gap=0 wait=0 rx=0 rxq=0 rxr=0 ack=1 ch9=0 rf=1 retry=20 interval=380
DBG_ANCHOR_CH5_SCAN_RESCHED ret=1 delay=20
DBG_ANCHOR_CH5_SCAN_HANDLER role=2
DBG_ANCHOR_CH5_SCAN_BLOCKED win=0 survey=0 tx=1 retry_gap=0 wait=0 rx=0 rxq=0 rxr=0 ack=1 ch9=0 rf=1 retry=20 interval=380
DBG_ANCHOR_CH5_SCAN_RESCHED ret=1 delay=20
DBG_CH5_GAP_SCAN_DONE frames=0 last_error=0 now=54646 deadline=54645 click=0
DBG_DWM_KEEP_IDLE reason=mesh-rx ch9=1 ack=0 qack=0 ret=0
DBG_CH5_GAP_SCAN now=54647 win=100 next_delay=356
DBG_ANCHOR_CH5_SCAN_HANDLER role=2
DBG_ANCHOR_CH5_SCAN_BLOCKED win=0 survey=0 tx=1 retry_gap=0 wait=0 rx=0 rxq=0 rxr=0 ack=1 ch9=0 rf=1 retry=20 interval=380
DBG_ANCHOR_CH5_SCAN_RESCHED ret=1 delay=20
DBG_ANCHOR_CH5_SCAN_HANDLER role=2
DBG_ANCHOR_CH5_SCAN_BLOCKED win=0 survey=0 tx=1 retry_gap=0 wait=0 rx=0 rxq=0 rxr=0 ack=1 ch9=0 rf=1 retry=20 interval=380
DBG_ANCHOR_CH5_SCAN_RESCHED ret=1 delay=20
DBG_ANCHOR_CH5_SCAN_HANDLER role=2
DBG_ANCHOR_CH5_SCAN_BLOCKED win=0 survey=0 tx=1 retry_gap=0 wait=0 rx=0 rxq=0 rxr=0 ack=1 ch9=0 rf=1 retry=20 interval=380
DBG_ANCHOR_CH5_SCAN_RESCHED ret=1 delay=20
DBG_ANCHOR_CH5_SCAN_HANDLER role=2
DBG_ANCHOR_CH5_SCAN_BLOCKED win=0 survey=0 tx=1 retry_gap=0 wait=0 rx=0 rxq=0 rxr=0 ack=1 ch9=0 rf=1 retry=20 interval=380
DBG_ANCHOR_CH5_SCAN_RESCHED ret=1 delay=20
DBG_CH5_GAP_SCAN_DONE frames=0 last_error=0 now=54748 deadline=54747 click=0
DBG_DWM_KEEP_IDLE reason=mesh-rx ch9=1 ack=0 qack=0 ret=0
DBG_CH5_GAP_SCAN now=54749 win=100 next_delay=254
DBG_ANCHOR_CH5_SCAN_HANDLER role=2
DBG_ANCHOR_CH5_SCAN_BLOCKED win=0 survey=0 tx=1 retry_gap=0 wait=0 rx=0 rxq=0 rxr=0 ack=1 ch9=0 rf=1 retry=20 interval=380
DBG_ANCHOR_CH5_SCAN_RESCHED ret=1 delay=20
DBG_ANCHOR_CH5_SCAN_HANDLER role=2
DBG_ANCHOR_CH5_SCAN_BLOCKED win=0 survey=0 tx=1 retry_gap=0 wait=0 rx=0 rxq=0 rxr=0 ack=1 ch9=0 rf=1 retry=20 interval=380
DBG_ANCHOR_CH5_SCAN_RESCHED ret=1 delay=20
DBG_ANCHOR_CH5_SCAN_HANDLER role=2
DBG_ANCHOR_CH5_SCAN_BLOCKED win=0 survey=0 tx=1 retry_gap=0 wait=0 rx=0 rxq=0 rxr=0 ack=1 ch9=0 rf=1 retry=20 interval=380
DBG_ANCHOR_CH5_SCAN_RESCHED ret=1 delay=20
DBG_ANCHOR_CH5_SCAN_HANDLER role=2
DBG_ANCHOR_CH5_SCAN_BLOCKED win=0 survey=0 tx=1 retry_gap=0 wait=0 rx=0 rxq=0 rxr=0 ack=1 ch9=0 rf=1 retry=20 interval=380
DBG_ANCHOR_CH5_SCAN_RESCHED ret=1 delay=20
DBG_CH5_GAP_SCAN_DONE frames=0 last_error=0 now=54850 deadline=54849 click=0
DBG_DWM_KEEP_IDLE reason=mesh-rx ch9=1 ack=0 qack=0 ret=0
DBG_CH5_GAP_SCAN now=54851 win=92 next_delay=152
DBG_ANCHOR_CH5_SCAN_HANDLER role=2
DBG_ANCHOR_CH5_SCAN_BLOCKED win=0 survey=0 tx=1 retry_gap=0 wait=0 rx=0 rxq=0 rxr=0 ack=1 ch9=0 rf=1 retry=20 interval=380
DBG_ANCHOR_CH5_SCAN_RESCHED ret=1 delay=20
DBG_ANCHOR_CH5_SCAN_HANDLER role=2
DBG_ANCHOR_CH5_SCAN_BLOCKED win=0 survey=0 tx=1 retry_gap=0 wait=0 rx=0 rxq=0 rxr=0 ack=1 ch9=0 rf=1 retry=20 interval=380
DBG_ANCHOR_CH5_SCAN_RESCHED ret=1 delay=20
DBG_ANCHOR_CH5_SCAN_HANDLER role=2
DBG_ANCHOR_CH5_SCAN_BLOCKED win=0 survey=0 tx=1 retry_gap=0 wait=0 rx=0 rxq=0 rxr=0 ack=1 ch9=0 rf=1 retry=20 interval=380
DBG_ANCHOR_CH5_SCAN_RESCHED ret=1 delay=20
DBG_CH5_GAP_SCAN_DONE frames=0 last_error=0 now=54943 deadline=54943 click=0
DBG_DWM_KEEP_IDLE reason=mesh-rx ch9=1 ack=0 qack=0 ret=0
DBG_ANCHOR_CH5_SCAN_HANDLER role=2
DBG_ANCHOR_CH9_REARM delay=58 ret=1 ack=0
DBG_ANCHOR_CH5_SCAN_BLOCKED win=0 survey=0 tx=1 retry_gap=0 wait=0 rx=0 rxq=0 rxr=0 ack=1 ch9=1 rf=0 retry=303 interval=380
DBG_ANCHOR_CH5_SCAN_RESCHED ret=1 delay=303
DBG_CH9_RX_SLOT idx=0 cnt=3448723692 now=55003 start=55063 end=55183
DBG_CH9_EVENT_STATE state=granted peer=0x56da25fe4af6d141 start=55063 end=55183 reason=rx-slot
DBG_CH9_RX_START idx=0 now=55004 start=55063 end=55183 tail=60
DBG_CH9_RX_CONFIG_OK
DBG_CH9_RX_EARLY_ARM now=55023 start=55063 guard=60
DBG_CH9_RX_ARMED now=55023 start=55063 end=55183 deadline=55243
DBG_DWM_KEEP_IDLE reason=ch9-rx ch9=1 ack=0 qack=0 ret=0
DBG_CH9_RX_EMPTY
DBG_CH9_RX_TIMEOUT
DBG_CH9_RX_MISS frames=0 now=55244 start=55063 end=55183 fail=0
DBG_CH9_EVENT_STATE state=window_expired peer=0x56da25fe4af6d141 start=55063 end=55183 reason=rx-slot
DBG_ANCHOR_CH5_SCAN_HANDLER role=2
DBG_ANCHOR_CH5_SCAN_ARM now=55249 win=20 complete=15 interval=380 wait=0 tx=1
DBG_DWM_CH5_RX_HUNT_START acq=20 complete=15 cap=1021
DBG_DWM_CH5_RX_HUNT_EMPTY ret=-116 status=0x00000000 acq=20
DBG_ANCHOR_CH5_SCAN_DONE ret=-116 len=0 fail=1 pre=0 q=0 rx_us=20263 complete=15
DBG_ANCHOR_CH5_POST_CH9_RECOVERY_SCAN win=20 ret=-116 pre=0
DBG_ANCHOR_CH5_SCAN_RESCHED ret=1 delay=380
DBG_ANCHOR_CH5_SCAN_HANDLER role=2
DBG_DWM_CH5_RX_HUNT_START acq=3 complete=15 cap=1021
DBG_DWM_CH5_RX_HUNT_EMPTY ret=-116 status=0x00000000 acq=3
DBG_ANCHOR_CH5_SCAN_RESCHED ret=1 delay=380
DBG_TX_TIMEOUT_ENTER relay=1 route=0 ch9pend=0 bundle=0 now=55972
DBG_ANCHOR_CH5_SCAN_HANDLER role=2
DBG_DWM_CH5_RX_HUNT_START acq=3 complete=15 cap=1021
DBG_DWM_CH5_RX_HUNT_EMPTY ret=-116 status=0x00000000 acq=3
DBG_ANCHOR_CH5_SCAN_RESCHED ret=1 delay=380
DBG_CH9_SKIP_STALE n=1 now=56283 next=56343 cnt=3448723694 reason=rx-select
DBG_CH9_RX_SLOT idx=0 cnt=3448723694 now=56283 start=56343 end=56463
DBG_CH9_EVENT_STATE state=granted peer=0x56da25fe4af6d141 start=56343 end=56463 reason=rx-slot
DBG_CH9_RX_START idx=0 now=56283 start=56343 end=56463 tail=60
DBG_CH9_RX_CONFIG_OK
DBG_CH9_RX_EARLY_ARM now=56302 start=56343 guard=60
DBG_CH9_RX_ARMED now=56302 start=56343 end=56463 deadline=56523
DBG_ANCHOR_CH5_SCAN_HANDLER role=2
DBG_ANCHOR_CH5_SCAN_BLOCKED win=0 survey=0 tx=1 retry_gap=0 wait=0 rx=0 rxq=0 rxr=0 ack=0 ch9=0 rf=1 retry=20 interval=380
DBG_ANCHOR_CH5_SCAN_RESCHED ret=1 delay=20
DBG_ANCHOR_CH5_SCAN_HANDLER role=2
DBG_ANCHOR_CH5_SCAN_BLOCKED win=0 survey=0 tx=1 retry_gap=0 wait=0 rx=0 rxq=0 rxr=0 ack=0 ch9=0 rf=1 retry=20 interval=380
DBG_ANCHOR_CH5_SCAN_RESCHED ret=1 delay=20
DBG_DWM_KEEP_IDLE reason=ch9-rx ch9=1 ack=0 qack=0 ret=0
DBG_CH9_RX_EMPTY
DBG_CH9_RX_TIMEOUT
DBG_CH9_RX_MISS frames=0 now=56525 start=56343 end=56463 fail=0
DBG_CH9_EVENT_STATE state=window_expired peer=0x56da25fe4af6d141 start=56343 end=56463 reason=rx-slot
DBG_ANCHOR_CH5_SCAN_HANDLER role=2
DBG_ANCHOR_CH5_SCAN_ARM now=56527 win=20 complete=15 interval=380 wait=0 tx=1
DBG_DWM_CH5_RX_HUNT_START acq=20 complete=15 cap=1021
DBG_DWM_CH5_RX_HUNT_EMPTY ret=-116 status=0x00000000 acq=20
DBG_ANCHOR_CH5_SCAN_DONE ret=-116 len=0 fail=1 pre=0 q=0 rx_us=20660 complete=15
DBG_ANCHOR_CH5_POST_CH9_RECOVERY_SCAN win=20 ret=-116 pre=0
DBG_ANCHOR_CH5_SCAN_RESCHED ret=1 delay=380
DBG_ANCHOR_CH5_SCAN_HANDLER role=2
DBG_DWM_CH5_RX_HUNT_START acq=3 complete=15 cap=1021
DBG_DWM_CH5_RX_HUNT_EMPTY ret=-116 status=0x00000000 acq=3
DBG_ANCHOR_CH5_SCAN_RESCHED ret=1 delay=380
DBG_ANCHOR_CH5_SCAN_HANDLER role=2
DBG_DWM_CH5_RX_HUNT_START acq=3 complete=15 cap=1021
DBG_DWM_CH5_RX_HUNT_EMPTY ret=-116 status=0x00000000 acq=3
DBG_ANCHOR_CH5_SCAN_RESCHED ret=1 delay=380
DBG_CH9_SKIP_STALE n=1 now=57563 next=57623 cnt=3448723696 reason=rx-select
DBG_CH9_RX_SLOT idx=0 cnt=3448723696 now=57563 start=57623 end=57743
DBG_CH9_EVENT_STATE state=granted peer=0x56da25fe4af6d141 start=57623 end=57743 reason=rx-slot
DBG_CH9_RX_START idx=0 now=57564 start=57623 end=57743 tail=60
DBG_CH9_RX_CONFIG_OK
DBG_CH9_RX_EARLY_ARM now=57582 start=57623 guard=60
DBG_CH9_RX_ARMED now=57582 start=57623 end=57743 deadline=57803
DBG_ANCHOR_CH5_SCAN_HANDLER role=2
DBG_ANCHOR_CH5_SCAN_BLOCKED win=0 survey=0 tx=1 retry_gap=1 wait=0 rx=0 rxq=0 rxr=0 ack=0 ch9=0 rf=1 retry=20 interval=380
DBG_ANCHOR_CH5_SCAN_RESCHED ret=1 delay=20
DBG_ANCHOR_CH5_SCAN_HANDLER role=2
DBG_ANCHOR_CH5_SCAN_BLOCKED win=0 survey=0 tx=1 retry_gap=1 wait=0 rx=0 rxq=0 rxr=0 ack=0 ch9=0 rf=1 retry=20 interval=380
DBG_ANCHOR_CH5_SCAN_RESCHED ret=1 delay=20
DBG_DWM_KEEP_IDLE reason=ch9-rx ch9=1 ack=0 qack=0 ret=0
DBG_CH9_RX_EMPTY
DBG_CH9_RX_TIMEOUT
DBG_CH9_RX_MISS frames=0 now=57804 start=57623 end=57743 fail=0
DBG_CH9_EVENT_STATE state=window_expired peer=0x56da25fe4af6d141 start=57623 end=57743 reason=rx-slot
DBG_TX_TIMEOUT_ENTER relay=1 route=0 ch9pend=0 bundle=0 now=57805
DBG_RETRANSMIT_DIRECT_GW seq=1 now=57806
DBG_DIRECT_GW_TX_CONFIG ret=0 now=57807 seq=1
DBG_CH9_TX_SEND_AT now=57807 earliest=57805 msg=41 len=97
DBG_ANCHOR_CH5_SCAN_HANDLER role=2
DBG_ANCHOR_CH5_SCAN_BLOCKED win=0 survey=0 tx=1 retry_gap=0 wait=0 rx=0 rxq=0 rxr=0 ack=1 ch9=0 rf=1 retry=20 interval=380
DBG_ANCHOR_CH5_SCAN_RESCHED ret=1 delay=20
DBG_CH9_TX_DONE now=57811 dur=4 len=97 msg=41
DBG_UWB_TX_CH9
DBG_CH9_TX_SINGLE_SEND_OK
DBG_CH9_EVENT_STATE state=complete peer=0x9999888877776666 start=57806 end=58056 reason=retransmit-direct-gateway
DBG_DIRECT_GW_TX_ACK_TRANSIT_WAIT dst=0x9999888877776666 src=0x56da25fe4af6d141 seq=1
DBG_ANCHOR_CH5_SCAN_HANDLER role=2
DBG_ANCHOR_CH5_SCAN_BLOCKED win=0 survey=0 tx=1 retry_gap=0 wait=0 rx=0 rxq=0 rxr=0 ack=1 ch9=0 rf=1 retry=20 interval=380
DBG_ANCHOR_CH5_SCAN_RESCHED ret=1 delay=20
DBG_UWB_RX_CH9
DBG_MESH_RX_QUEUED ch=9 msg=0x32 src=0x9999888877776666 dst=0x56da25fe4af6d141 prev=0x9999888877776666 seq=5 q=1
DBG_GATEWAY_ACK_RX
DBG_DIRECT_GW_ACK_TRANSIT queued=1 valid=1 dst=0x56da25fe4af6d141 seq=5
DBG_DIRECT_GW_TX_ACK_WAIT ret=0 seq=1
DBG_DWM_KEEP_IDLE reason=direct-gateway-payload ch9=1 ack=0 qack=0 ret=0
DBG_MESH_RX_WORK_WAIT q=1
DBG_MESH_RX_WORK_ENTER q=1
DBG_MESH_RX_DRAIN_ENTER owner=work q=1
DBG_CH9_TX_ACK_IDLE
DBG_LEGACY_ACK_NO_MATCH
DBG_FORWARD_GATEWAY_ACK_CAND ch=9 src=0x9999888877776666 dst=0x56da25fe4af6d141 next=0x56da25fe4af6d141 local=0x191a9619c6c8cb
DBG_FORWARD_GATEWAY_ACK_MATCH
DBG_FORWARD_GATEWAY_ACK_QUEUE seq=5 next=0x56da25fe4af6d141 len=44 ids=0 first=0 last=0 owner=transit ret=0 reason=forward-gat
DBG_MESH_RX_DRAIN_EXIT owner=work handled=1 q=0
DBG_MESH_RX_WORK_EXIT handled=1 q=0
DBG_CH9_ACK_TX_WAIT
DBG_ANCHOR_CH5_SCAN_HANDLER role=2
DBG_ANCHOR_CH5_SCAN_BLOCKED win=0 survey=0 tx=1 retry_gap=0 wait=0 rx=0 rxq=0 rxr=0 ack=1 ch9=0 rf=1 retry=20 interval=380
DBG_ANCHOR_CH5_SCAN_RESCHED ret=1 delay=20
DBG_ANCHOR_CH5_SCAN_HANDLER role=2
DBG_ANCHOR_CH5_SCAN_BLOCKED win=0 survey=0 tx=1 retry_gap=0 wait=0 rx=0 rxq=0 rxr=0 ack=1 ch9=0 rf=1 retry=20 interval=380
DBG_ANCHOR_CH5_SCAN_RESCHED ret=1 delay=20
DBG_ANCHOR_CH5_SCAN_HANDLER role=2
DBG_ANCHOR_CH5_SCAN_BLOCKED win=0 survey=0 tx=1 retry_gap=0 wait=0 rx=0 rxq=0 rxr=0 ack=1 ch9=0 rf=1 retry=20 interval=380
DBG_ANCHOR_CH5_SCAN_RESCHED ret=1 delay=20
DBG_ANCHOR_CH5_SCAN_HANDLER role=2
DBG_ANCHOR_CH5_SCAN_BLOCKED win=0 survey=0 tx=1 retry_gap=0 wait=0 rx=0 rxq=0 rxr=0 ack=1 ch9=0 rf=1 retry=20 interval=380
DBG_ANCHOR_CH5_SCAN_RESCHED ret=1 delay=20
DBG_CH5_GAP_SCAN_DONE frames=0 last_error=0 now=57937 deadline=57937 click=0
DBG_DWM_KEEP_IDLE reason=mesh-rx ch9=1 ack=0 qack=1 ret=0
DBG_CH9_ACK_TX_WAIT
DBG_CH9_ACK_WAIT peer=0x56da25fe4af6d141 ret=-10 act=2 now=57938 start=58263 n=1
DBG_CH5_GAP_SCAN now=57938 win=100 next_delay=265
DBG_ANCHOR_CH5_SCAN_HANDLER role=2
DBG_ANCHOR_CH5_SCAN_BLOCKED win=0 survey=0 tx=1 retry_gap=0 wait=0 rx=0 rxq=0 rxr=0 ack=1 ch9=0 rf=1 retry=20 interval=380
DBG_ANCHOR_CH5_SCAN_RESCHED ret=1 delay=20
DBG_ANCHOR_CH5_SCAN_HANDLER role=2
DBG_ANCHOR_CH5_SCAN_BLOCKED win=0 survey=0 tx=1 retry_gap=0 wait=0 rx=0 rxq=0 rxr=0 ack=1 ch9=0 rf=1 retry=20 interval=380
DBG_ANCHOR_CH5_SCAN_RESCHED ret=1 delay=20
DBG_ANCHOR_CH5_SCAN_HANDLER role=2
DBG_ANCHOR_CH5_SCAN_BLOCKED win=0 survey=0 tx=1 retry_gap=0 wait=0 rx=0 rxq=0 rxr=0 ack=1 ch9=0 rf=1 retry=20 interval=380
DBG_ANCHOR_CH5_SCAN_RESCHED ret=1 delay=20
DBG_ANCHOR_CH5_SCAN_HANDLER role=2
DBG_ANCHOR_CH5_SCAN_BLOCKED win=0 survey=0 tx=1 retry_gap=0 wait=0 rx=0 rxq=0 rxr=0 ack=1 ch9=0 rf=1 retry=20 interval=380
DBG_ANCHOR_CH5_SCAN_RESCHED ret=1 delay=20
DBG_CH5_GAP_SCAN_DONE frames=0 last_error=0 now=58038 deadline=58038 click=0
DBG_DWM_KEEP_IDLE reason=mesh-rx ch9=1 ack=0 qack=1 ret=0
DBG_CH9_ACK_TX_WAIT
DBG_CH9_ACK_WAIT peer=0x56da25fe4af6d141 ret=-10 act=2 now=58039 start=58263 n=1
DBG_CH5_GAP_SCAN now=58039 win=100 next_delay=164
DBG_ANCHOR_CH5_SCAN_HANDLER role=2
DBG_ANCHOR_CH5_SCAN_BLOCKED win=0 survey=0 tx=1 retry_gap=0 wait=0 rx=0 rxq=0 rxr=0 ack=1 ch9=0 rf=1 retry=20 interval=380
DBG_ANCHOR_CH5_SCAN_RESCHED ret=1 delay=20
DBG_ANCHOR_CH5_SCAN_HANDLER role=2
DBG_ANCHOR_CH5_SCAN_BLOCKED win=0 survey=0 tx=1 retry_gap=0 wait=0 rx=0 rxq=0 rxr=0 ack=1 ch9=0 rf=1 retry=20 interval=380
DBG_ANCHOR_CH5_SCAN_RESCHED ret=1 delay=20
DBG_ANCHOR_CH5_SCAN_HANDLER role=2
DBG_ANCHOR_CH5_SCAN_BLOCKED win=0 survey=0 tx=1 retry_gap=0 wait=0 rx=0 rxq=0 rxr=0 ack=1 ch9=0 rf=1 retry=20 interval=380
DBG_ANCHOR_CH5_SCAN_RESCHED ret=1 delay=20
DBG_ANCHOR_CH5_SCAN_HANDLER role=2
DBG_ANCHOR_CH5_SCAN_BLOCKED win=0 survey=0 tx=1 retry_gap=0 wait=0 rx=0 rxq=0 rxr=0 ack=1 ch9=0 rf=1 retry=20 interval=380
DBG_CH5_GAP_SCAN_DONE frames=0 last_error=0 now=58139 deadline=58139 click=0
DBG_DWM_KEEP_IDLE reason=mesh-rx ch9=1 ack=0 qack=1 ret=0
DBG_ANCHOR_CH5_SCAN_RESCHED ret=1 delay=20
DBG_CH9_ACK_TX_WAIT
DBG_CH9_ACK_WAIT peer=0x56da25fe4af6d141 ret=-10 act=2 now=58143 start=58263 n=1
DBG_ANCHOR_CH5_SCAN_HANDLER role=2
DBG_ANCHOR_CH9_REARM delay=44 ret=1 ack=1
DBG_ANCHOR_CH5_SCAN_BLOCKED win=0 survey=0 tx=1 retry_gap=0 wait=0 rx=0 rxq=0 rxr=0 ack=1 ch9=1 rf=0 retry=289 interval=380
DBG_ANCHOR_CH5_SCAN_RESCHED ret=1 delay=289
DBG_CH9_ACK_SLOT peer=0x56da25fe4af6d141 cnt=3448723697 now=58203 start=58263 end=58383 n=1
DBG_CH9_ACK_BUILD peer=0x56da25fe4af6d141 n=1 forwarded=1 seq=5 len=44
DBG_CH9_EVENT_STATE state=granted peer=0x56da25fe4af6d141 start=58263 end=58383 reason=ch9-ack-batch-slot
DBG_CH9_ACK_BATCH_TRY
DBG_CH9_EVENT_STATE state=tx_payload peer=0x56da25fe4af6d141 start=58263 end=58383 reason=ch9-ack-batch-slot
DBG_CH9_TX_PRE_GUARD_WAIT now=58204 guard=58253 earliest=58278 msg=32
DBG_CH9_TX_CONFIG ret=0 now=58272 earliest=58278 msg=32
DBG_CH9_TX_SEND_AT now=58278 earliest=58278 msg=32 len=105
DBG_DWM_KEEP_IDLE reason=ch9-ack-batch-slot ch9=1 ack=0 qack=1 ret=0
DBG_UWB_TX_CH9
DBG_CH9_ACK_BATCH_SENT
DBG_CH9_EVENT_STATE state=complete peer=0x56da25fe4af6d141 start=58263 end=58383 reason=ch9-ack-batch-slot
DBG_FORWARD_GATEWAY_ACK_COMMIT seq=5 dst=0x56da25fe4af6d141 next=0x56da25fe4af6d141
DBG_COORD state=idle owner=report-tx reason=idle rx=0 tx=0 relay=0 route=0 ack=0 qack=0
DBG_CH5_GAP_SCAN now=58284 win=100 next_delay=559
DBG_CH5_GAP_SCAN_DONE frames=0 last_error=0 now=58385 deadline=58384 click=0
DBG_DWM_KEEP_IDLE reason=mesh-rx ch9=1 ack=0 qack=0 ret=0
DBG_CH5_GAP_SCAN now=58386 win=100 next_delay=457
DBG_ANCHOR_CH5_SCAN_HANDLER role=2
DBG_ANCHOR_CH5_SCAN_BLOCKED win=0 survey=0 tx=0 retry_gap=0 wait=0 rx=0 rxq=0 rxr=0 ack=0 ch9=0 rf=1 retry=20 interval=380
DBG_ANCHOR_CH5_SCAN_RESCHED ret=1 delay=20
DBG_ANCHOR_CH5_SCAN_HANDLER role=2
DBG_ANCHOR_CH5_SCAN_BLOCKED win=0 survey=0 tx=0 retry_gap=0 wait=0 rx=0 rxq=0 rxr=0 ack=0 ch9=0 rf=1 retry=20 interval=380
DBG_ANCHOR_CH5_SCAN_RESCHED ret=1 delay=20
DBG_CH5_GAP_SCAN_DONE frames=0 last_error=0 now=58486 deadline=58486 click=0
DBG_DWM_KEEP_IDLE reason=mesh-rx ch9=1 ack=0 qack=0 ret=0
DBG_CH5_GAP_SCAN now=58487 win=100 next_delay=356
DBG_ANCHOR_CH5_SCAN_HANDLER role=2
DBG_ANCHOR_CH5_SCAN_BLOCKED win=0 survey=0 tx=0 retry_gap=0 wait=0 rx=0 rxq=0 rxr=0 ack=0 ch9=0 rf=1 retry=20 interval=380
DBG_ANCHOR_CH5_SCAN_RESCHED ret=1 delay=20
DBG_ANCHOR_CH5_SCAN_HANDLER role=2
DBG_ANCHOR_CH5_SCAN_BLOCKED win=0 survey=0 tx=0 retry_gap=0 wait=0 rx=0 rxq=0 rxr=0 ack=0 ch9=0 rf=1 retry=20 interval=380
DBG_ANCHOR_CH5_SCAN_RESCHED ret=1 delay=20
DBG_ANCHOR_CH5_SCAN_HANDLER role=2
DBG_ANCHOR_CH5_SCAN_BLOCKED win=0 survey=0 tx=0 retry_gap=0 wait=0 rx=0 rxq=0 rxr=0 ack=0 ch9=0 rf=1 retry=20 interval=380
DBG_ANCHOR_CH5_SCAN_RESCHED ret=1 delay=20
DBG_ANCHOR_CH5_SCAN_HANDLER role=2
DBG_ANCHOR_CH5_SCAN_BLOCKED win=0 survey=0 tx=0 retry_gap=0 wait=0 rx=0 rxq=0 rxr=0 ack=0 ch9=0 rf=1 retry=20 interval=380
DBG_ANCHOR_CH5_SCAN_RESCHED ret=1 delay=20
DBG_CH5_GAP_SCAN_DONE frames=0 last_error=0 now=58587 deadline=58587 click=0
DBG_DWM_KEEP_IDLE reason=mesh-rx ch9=1 ack=0 qack=0 ret=0
DBG_CH5_GAP_SCAN now=58588 win=100 next_delay=255
DBG_ANCHOR_CH5_SCAN_HANDLER role=2
DBG_ANCHOR_CH5_SCAN_BLOCKED win=0 survey=0 tx=0 retry_gap=0 wait=0 rx=0 rxq=0 rxr=0 ack=0 ch9=0 rf=1 retry=20 interval=380
DBG_ANCHOR_CH5_SCAN_RESCHED ret=1 delay=20
DBG_ANCHOR_CH5_SCAN_HANDLER role=2
DBG_ANCHOR_CH5_SCAN_BLOCKED win=0 survey=0 tx=0 retry_gap=0 wait=0 rx=0 rxq=0 rxr=0 ack=0 ch9=0 rf=1 retry=20 interval=380
DBG_ANCHOR_CH5_SCAN_RESCHED ret=1 delay=20
DBG_ANCHOR_CH5_SCAN_HANDLER role=2
DBG_ANCHOR_CH5_SCAN_BLOCKED win=0 survey=0 tx=0 retry_gap=0 wait=0 rx=0 rxq=0 rxr=0 ack=0 ch9=0 rf=1 retry=20 interval=380
DBG_ANCHOR_CH5_SCAN_RESCHED ret=1 delay=20
DBG_ANCHOR_CH5_SCAN_HANDLER role=2
DBG_ANCHOR_CH5_SCAN_BLOCKED win=0 survey=0 tx=0 retry_gap=0 wait=0 rx=0 rxq=0 rxr=0 ack=0 ch9=0 rf=1 retry=20 interval=380
DBG_ANCHOR_CH5_SCAN_RESCHED ret=1 delay=20
DBG_CH5_GAP_SCAN_DONE frames=0 last_error=0 now=58689 deadline=58688 click=0
DBG_DWM_KEEP_IDLE reason=mesh-rx ch9=1 ack=0 qack=0 ret=0
DBG_CH5_GAP_SCAN now=58690 win=93 next_delay=153
DBG_ANCHOR_CH5_SCAN_HANDLER role=2
DBG_ANCHOR_CH5_SCAN_BLOCKED win=0 survey=0 tx=0 retry_gap=0 wait=0 rx=0 rxq=0 rxr=0 ack=0 ch9=0 rf=1 retry=20 interval=380
DBG_ANCHOR_CH5_SCAN_RESCHED ret=1 delay=20
DBG_ANCHOR_CH5_SCAN_HANDLER role=2
DBG_ANCHOR_CH5_SCAN_BLOCKED win=0 survey=0 tx=0 retry_gap=0 wait=0 rx=0 rxq=0 rxr=0 ack=0 ch9=0 rf=1 retry=20 interval=380
DBG_ANCHOR_CH5_SCAN_RESCHED ret=1 delay=20
DBG_ANCHOR_CH5_SCAN_HANDLER role=2
DBG_ANCHOR_CH5_SCAN_BLOCKED win=0 survey=0 tx=0 retry_gap=0 wait=0 rx=0 rxq=0 rxr=0 ack=0 ch9=0 rf=1 retry=20 interval=380
DBG_ANCHOR_CH5_SCAN_RESCHED ret=1 delay=20
DBG_CH5_GAP_SCAN_DONE frames=0 last_error=0 now=58783 deadline=58783 click=0
DBG_DWM_KEEP_IDLE reason=mesh-rx ch9=1 ack=0 qack=0 ret=0
DBG_ANCHOR_CH5_SCAN_HANDLER role=2
DBG_ANCHOR_CH9_REARM delay=58 ret=1 ack=0
DBG_ANCHOR_CH5_SCAN_BLOCKED win=0 survey=0 tx=0 retry_gap=0 wait=0 rx=0 rxq=0 rxr=0 ack=0 ch9=1 rf=0 retry=303 interval=380
DBG_ANCHOR_CH5_SCAN_RESCHED ret=1 delay=303
DBG_CH9_RX_SLOT idx=0 cnt=3448723698 now=58843 start=58903 end=59023
DBG_CH9_EVENT_STATE state=granted peer=0x56da25fe4af6d141 start=58903 end=59023 reason=rx-slot
DBG_CH9_RX_START idx=0 now=58843 start=58903 end=59023 tail=60
DBG_CH9_RX_CONFIG_OK
DBG_CH9_RX_EARLY_ARM now=58862 start=58903 guard=60
DBG_CH9_RX_ARMED now=58862 start=58903 end=59023 deadline=59083
DBG_CH9_RX_FRAME
DBG_UWB_RX_CH9
DBG_CH9_RX_HW since_us=95900 host_delta=59 en32=0x000f3294 rx32=0x017c7152
DBG_CH9_RX_TIMING arm_delta=-41 hw_delta_us=54900 host_delta=59 len=105 q=100
DBG_UWB_RX_CH9
DBG_MESH_RX_QUEUED ch=9 msg=0x33 src=0x56da25fe4af6d141 dst=0x9999888877776666 prev=0x56da25fe4af6d141 seq=1 q=1
DBG_CH9_RX_EXPECTED delta=59 q=100
DBG_DWM_KEEP_IDLE reason=ch9-rx ch9=1 ack=0 qack=0 ret=0
DBG_CH9_RX_DONE_WITH_PEER
DBG_CH9_EVENT_STATE state=complete peer=0x56da25fe4af6d141 start=58903 end=59023 reason=rx-slot
DBG_MESH_RX_WORK_WAIT q=1
DBG_MESH_RX_WORK_ENTER q=1
DBG_MESH_RX_DRAIN_ENTER owner=work q=1
DBG_DIRECT_GW_TX seq=1 now=59086 reason=forward
DBG_CH9_EVENT_STATE state=tx_payload peer=0x9999888877776666 start=59086 end=59336 reason=forward
DBG_DIRECT_GW_TX_CONFIG ret=0 now=59086 seq=1
DBG_CH9_TX_SEND_AT now=59087 earliest=59086 msg=33 len=105
DBG_ANCHOR_CH5_SCAN_HANDLER role=2
DBG_CH9_TX_DONE now=59091 dur=4 len=105 msg=33
DBG_UWB_TX_CH9
DBG_CH9_TX_SINGLE_SEND_OK
DBG_CH9_EVENT_STATE state=complete peer=0x9999888877776666 start=59086 end=59336 reason=forward
DBG_CH9_TX_ACK_CORE_OWNER src=0x56da25fe4af6d141 seq=1 next=0x9999888877776666 deadline=61091
DBG_DIRECT_GW_TX_ACK_TRANSIT_WAIT dst=0x9999888877776666 src=0x56da25fe4af6d141 seq=1
DBG_ANCHOR_CH5_SCAN_RESCHED ret=1 delay=20
DBG_UWB_RX_CH9
DBG_MESH_RX_QUEUED ch=9 msg=0x32 src=0x9999888877776666 dst=0x56da25fe4af6d141 prev=0x9999888877776666 seq=6 q=1
DBG_GATEWAY_ACK_RX
DBG_DIRECT_GW_ACK_TRANSIT queued=1 valid=1 dst=0x56da25fe4af6d141 seq=6
DBG_DIRECT_GW_TX_ACK_WAIT ret=0 seq=1
DBG_DWM_KEEP_IDLE reason=direct-gateway-payload ch9=1 ack=0 qack=0 ret=0
DBG_TRANSIT_REVERSE_ROUTE_COMMIT src=0x56da25fe4af6d141 prev=0x56da25fe4af6d141
DBG_CH9_ACK_QUEUE_ADD
DBG_CH9_TX_ACK_IDLE
DBG_LEGACY_ACK_NO_MATCH
DBG_FORWARD_GATEWAY_ACK_CAND ch=9 src=0x9999888877776666 dst=0x56da25fe4af6d141 next=0x56da25fe4af6d141 local=0x191a9619c6c8cb
DBG_FORWARD_GATEWAY_ACK_MATCH
DBG_CH9_ACK_QUEUE_REPLACE_GATEWAY
DBG_FORWARD_GATEWAY_ACK_QUEUE seq=6 next=0x56da25fe4af6d141 len=44 ids=0 first=0 last=0 owner=transit ret=0 reason=forward-gat
DBG_MESH_RX_DRAIN_EXIT owner=work handled=2 q=0
DBG_MESH_RX_WORK_EXIT handled=2 q=0
DBG_MESH_RX_WORK_WAIT q=0
DBG_MESH_RX_WORK_ENTER q=0
DBG_MESH_RX_DRAIN_ENTER owner=work q=0
DBG_MESH_RX_DRAIN_EXIT owner=work handled=0 q=0
DBG_ANCHOR_CH5_SCAN_HANDLER role=2
DBG_ANCHOR_CH5_SCAN_BLOCKED win=0 survey=0 tx=1 retry_gap=0 wait=0 rx=0 rxq=0 rxr=0 ack=1 ch9=0 rf=1 retry=20 interval=380
DBG_ANCHOR_CH5_SCAN_RESCHED ret=1 delay=20
DBG_ANCHOR_CH5_SCAN_HANDLER role=2
DBG_ANCHOR_CH5_SCAN_BLOCKED win=0 survey=0 tx=1 retry_gap=0 wait=0 rx=0 rxq=0 rxr=0 ack=1 ch9=0 rf=1 retry=20 interval=380
DBG_ANCHOR_CH5_SCAN_RESCHED ret=1 delay=20
DBG_ANCHOR_CH5_SCAN_HANDLER role=2
DBG_ANCHOR_CH5_SCAN_BLOCKED win=0 survey=0 tx=1 retry_gap=0 wait=0 rx=0 rxq=0 rxr=0 ack=1 ch9=0 rf=1 retry=20 interval=380
DBG_ANCHOR_CH5_SCAN_RESCHED ret=1 delay=20
DBG_ANCHOR_CH5_SCAN_HANDLER role=2
DBG_CH5_GAP_SCAN_DONE frames=0 last_error=0 now=59220 deadline=59219 click=0
DBG_DWM_KEEP_IDLE reason=mesh-rx ch9=1 ack=0 qack=1 ret=0
DBG_CH9_ACK_TX_WAIT
DBG_CH9_ACK_WAIT peer=0x56da25fe4af6d141 ret=-10 act=2 now=59221 start=59543 n=1
DBG_CH5_GAP_SCAN now=59221 win=100 next_delay=262
DBG_ANCHOR_CH5_SCAN_BLOCKED win=0 survey=0 tx=1 retry_gap=0 wait=0 rx=0 rxq=0 rxr=0 ack=1 ch9=0 rf=1 retry=20 interval=380
DBG_ANCHOR_CH5_SCAN_RESCHED ret=1 delay=20
DBG_ANCHOR_CH5_SCAN_HANDLER role=2
DBG_ANCHOR_CH5_SCAN_BLOCKED win=0 survey=0 tx=1 retry_gap=0 wait=0 rx=0 rxq=0 rxr=0 ack=1 ch9=0 rf=1 retry=20 interval=380
DBG_ANCHOR_CH5_SCAN_RESCHED ret=1 delay=20
DBG_ANCHOR_CH5_SCAN_HANDLER role=2
DBG_ANCHOR_CH5_SCAN_BLOCKED win=0 survey=0 tx=1 retry_gap=0 wait=0 rx=0 rxq=0 rxr=0 ack=1 ch9=0 rf=1 retry=20 interval=380
DBG_ANCHOR_CH5_SCAN_RESCHED ret=1 delay=20
DBG_ANCHOR_CH5_SCAN_HANDLER role=2
DBG_ANCHOR_CH5_SCAN_BLOCKED win=0 survey=0 tx=1 retry_gap=0 wait=0 rx=0 rxq=0 rxr=0 ack=1 ch9=0 rf=1 retry=20 interval=380
DBG_ANCHOR_CH5_SCAN_RESCHED ret=1 delay=20
DBG_ANCHOR_CH5_SCAN_HANDLER role=2
DBG_CH5_GAP_SCAN_DONE frames=0 last_error=0 now=59321 deadline=59321 click=0
DBG_DWM_KEEP_IDLE reason=mesh-rx ch9=1 ack=0 qack=1 ret=0
DBG_CH9_ACK_TX_WAIT
DBG_CH9_ACK_WAIT peer=0x56da25fe4af6d141 ret=-10 act=2 now=59322 start=59543 n=1
DBG_CH5_GAP_SCAN now=59322 win=100 next_delay=161
DBG_ANCHOR_CH5_SCAN_BLOCKED win=0 survey=0 tx=1 retry_gap=0 wait=0 rx=0 rxq=0 rxr=0 ack=1 ch9=0 rf=1 retry=20 interval=380
DBG_ANCHOR_CH5_SCAN_RESCHED ret=1 delay=20
DBG_ANCHOR_CH5_SCAN_HANDLER role=2
DBG_ANCHOR_CH5_SCAN_BLOCKED win=0 survey=0 tx=1 retry_gap=0 wait=0 rx=0 rxq=0 rxr=0 ack=1 ch9=0 rf=1 retry=20 interval=380
DBG_ANCHOR_CH5_SCAN_RESCHED ret=1 delay=20
DBG_ANCHOR_CH5_SCAN_HANDLER role=2
DBG_ANCHOR_CH5_SCAN_BLOCKED win=0 survey=0 tx=1 retry_gap=0 wait=0 rx=0 rxq=0 rxr=0 ack=1 ch9=0 rf=1 retry=20 interval=380
DBG_ANCHOR_CH5_SCAN_RESCHED ret=1 delay=20
DBG_ANCHOR_CH5_SCAN_HANDLER role=2
DBG_ANCHOR_CH5_SCAN_BLOCKED win=0 survey=0 tx=1 retry_gap=0 wait=0 rx=0 rxq=0 rxr=0 ack=1 ch9=0 rf=1 retry=20 interval=380
DBG_ANCHOR_CH5_SCAN_RESCHED ret=1 delay=20
DBG_ANCHOR_CH5_SCAN_HANDLER role=2
DBG_CH5_GAP_SCAN_DONE frames=0 last_error=0 now=59422 deadline=59422 click=0
DBG_DWM_KEEP_IDLE reason=mesh-rx ch9=1 ack=0 qack=1 ret=0
DBG_ANCHOR_CH5_SCAN_BLOCKED win=0 survey=0 tx=1 retry_gap=0 wait=0 rx=0 rxq=0 rxr=0 ack=1 ch9=0 rf=1 retry=20 interval=380
DBG_ANCHOR_CH5_SCAN_RESCHED ret=1 delay=20
DBG_ANCHOR_CH5_SCAN_HANDLER role=2
DBG_ANCHOR_CH9_REARM delay=40 ret=1 ack=1
DBG_ANCHOR_CH5_SCAN_BLOCKED win=0 survey=0 tx=1 retry_gap=0 wait=0 rx=0 rxq=0 rxr=0 ack=1 ch9=1 rf=0 retry=285 interval=380
DBG_ANCHOR_CH5_SCAN_RESCHED ret=1 delay=285
DBG_CH9_ACK_SLOT peer=0x56da25fe4af6d141 cnt=3448723699 now=59483 start=59543 end=59663 n=1
DBG_CH9_ACK_BUILD peer=0x56da25fe4af6d141 n=1 forwarded=1 seq=6 len=44
DBG_CH9_EVENT_STATE state=granted peer=0x56da25fe4af6d141 start=59543 end=59663 reason=ch9-ack-batch-slot
DBG_CH9_ACK_BATCH_TRY
DBG_CH9_EVENT_STATE state=tx_payload peer=0x56da25fe4af6d141 start=59543 end=59663 reason=ch9-ack-batch-slot
DBG_CH9_TX_PRE_GUARD_WAIT now=59484 guard=59533 earliest=59558 msg=32
DBG_CH9_TX_CONFIG ret=0 now=59552 earliest=59558 msg=32
DBG_CH9_TX_SEND_AT now=59558 earliest=59558 msg=32 len=105
DBG_DWM_KEEP_IDLE reason=ch9-ack-batch-slot ch9=1 ack=0 qack=1 ret=0
DBG_UWB_TX_CH9
DBG_CH9_ACK_BATCH_SENT
DBG_CH9_EVENT_STATE state=complete peer=0x56da25fe4af6d141 start=59543 end=59663 reason=ch9-ack-batch-slot
DBG_FORWARD_GATEWAY_ACK_COMMIT seq=6 dst=0x56da25fe4af6d141 next=0x56da25fe4af6d141
DBG_COORD state=idle owner=report-tx reason=idle rx=0 tx=0 relay=0 route=0 ack=0 qack=0
DBG_CH5_GAP_SCAN now=59564 win=100 next_delay=559
DBG_CH5_GAP_SCAN_DONE frames=0 last_error=0 now=59664 deadline=59664 click=0
DBG_DWM_KEEP_IDLE reason=mesh-rx ch9=1 ack=0 qack=0 ret=0
DBG_CH5_GAP_SCAN now=59665 win=100 next_delay=458
DBG_ANCHOR_CH5_SCAN_HANDLER role=2
DBG_ANCHOR_CH5_SCAN_BLOCKED win=0 survey=0 tx=0 retry_gap=0 wait=0 rx=0 rxq=0 rxr=0 ack=0 ch9=0 rf=1 retry=20 interval=380
DBG_ANCHOR_CH5_SCAN_RESCHED ret=1 delay=20
DBG_ANCHOR_CH5_SCAN_HANDLER role=2
DBG_ANCHOR_CH5_SCAN_BLOCKED win=0 survey=0 tx=0 retry_gap=0 wait=0 rx=0 rxq=0 rxr=0 ack=0 ch9=0 rf=1 retry=20 interval=380
DBG_ANCHOR_CH5_SCAN_RESCHED ret=1 delay=20
DBG_CH5_GAP_SCAN_DONE frames=0 last_error=0 now=59765 deadline=59765 click=0
DBG_DWM_KEEP_IDLE reason=mesh-rx ch9=1 ack=0 qack=0 ret=0
DBG_CH5_GAP_SCAN now=59766 win=100 next_delay=357
DBG_ANCHOR_CH5_SCAN_HANDLER role=2
DBG_ANCHOR_CH5_SCAN_BLOCKED win=0 survey=0 tx=0 retry_gap=0 wait=0 rx=0 rxq=0 rxr=0 ack=0 ch9=0 rf=1 retry=20 interval=380
DBG_ANCHOR_CH5_SCAN_RESCHED ret=1 delay=20
DBG_ANCHOR_CH5_SCAN_HANDLER role=2
DBG_ANCHOR_CH5_SCAN_BLOCKED win=0 survey=0 tx=0 retry_gap=0 wait=0 rx=0 rxq=0 rxr=0 ack=0 ch9=0 rf=1 retry=20 interval=380
DBG_ANCHOR_CH5_SCAN_RESCHED ret=1 delay=20
DBG_ANCHOR_CH5_SCAN_HANDLER role=2
DBG_ANCHOR_CH5_SCAN_BLOCKED win=0 survey=0 tx=0 retry_gap=0 wait=0 rx=0 rxq=0 rxr=0 ack=0 ch9=0 rf=1 retry=20 interval=380
DBG_ANCHOR_CH5_SCAN_RESCHED ret=1 delay=20
DBG_ANCHOR_CH5_SCAN_HANDLER role=2
DBG_ANCHOR_CH5_SCAN_BLOCKED win=0 survey=0 tx=0 retry_gap=0 wait=0 rx=0 rxq=0 rxr=0 ack=0 ch9=0 rf=1 retry=20 interval=380
DBG_ANCHOR_CH5_SCAN_RESCHED ret=1 delay=20
DBG_CH5_GAP_SCAN_DONE frames=0 last_error=0 now=59867 deadline=59866 click=0
DBG_DWM_KEEP_IDLE reason=mesh-rx ch9=1 ack=0 qack=0 ret=0
DBG_CH5_GAP_SCAN now=59868 win=100 next_delay=255
DBG_ANCHOR_CH5_SCAN_HANDLER role=2
DBG_ANCHOR_CH5_SCAN_BLOCKED win=0 survey=0 tx=0 retry_gap=0 wait=0 rx=0 rxq=0 rxr=0 ack=0 ch9=0 rf=1 retry=20 interval=380
DBG_ANCHOR_CH5_SCAN_RESCHED ret=1 delay=20
DBG_ANCHOR_CH5_SCAN_HANDLER role=2
DBG_ANCHOR_CH5_SCAN_BLOCKED win=0 survey=0 tx=0 retry_gap=0 wait=0 rx=0 rxq=0 rxr=0 ack=0 ch9=0 rf=1 retry=20 interval=380
DBG_ANCHOR_CH5_SCAN_RESCHED ret=1 delay=20
DBG_ANCHOR_CH5_SCAN_HANDLER role=2
DBG_ANCHOR_CH5_SCAN_BLOCKED win=0 survey=0 tx=0 retry_gap=0 wait=0 rx=0 rxq=0 rxr=0 ack=0 ch9=0 rf=1 retry=20 interval=380
DBG_ANCHOR_CH5_SCAN_RESCHED ret=1 delay=20
DBG_ANCHOR_CH5_SCAN_HANDLER role=2
DBG_ANCHOR_CH5_SCAN_BLOCKED win=0 survey=0 tx=0 retry_gap=0 wait=0 rx=0 rxq=0 rxr=0 ack=0 ch9=0 rf=1 retry=20 interval=380
DBG_CH5_GAP_SCAN_DONE frames=0 last_error=0 now=59968 deadline=59968 click=0
DBG_ANCHOR_CH5_SCAN_RESCHED ret=1 delay=20
DBG_DWM_KEEP_IDLE reason=mesh-rx ch9=1 ack=0 qack=0 ret=0
DBG_CH5_GAP_SCAN now=59969 win=94 next_delay=154
DBG_ANCHOR_CH5_SCAN_HANDLER role=2
DBG_ANCHOR_CH5_SCAN_BLOCKED win=0 survey=0 tx=0 retry_gap=0 wait=0 rx=0 rxq=0 rxr=0 ack=0 ch9=0 rf=1 retry=20 interval=380
DBG_ANCHOR_CH5_SCAN_RESCHED ret=1 delay=20
DBG_ANCHOR_CH5_SCAN_HANDLER role=2
DBG_ANCHOR_CH5_SCAN_BLOCKED win=0 survey=0 tx=0 retry_gap=0 wait=0 rx=0 rxq=0 rxr=0 ack=0 ch9=0 rf=1 retry=20 interval=380
DBG_ANCHOR_CH5_SCAN_RESCHED ret=1 delay=20
DBG_ANCHOR_CH5_SCAN_HANDLER role=2
DBG_ANCHOR_CH5_SCAN_BLOCKED win=0 survey=0 tx=0 retry_gap=0 wait=0 rx=0 rxq=0 rxr=0 ack=0 ch9=0 rf=1 retry=20 interval=380
DBG_ANCHOR_CH5_SCAN_RESCHED ret=1 delay=20
DBG_CH5_GAP_SCAN_DONE frames=0 last_error=0 now=60064 deadline=60063 click=0
DBG_DWM_KEEP_IDLE reason=mesh-rx ch9=1 ack=0 qack=0 ret=0
DBG_ANCHOR_CH5_SCAN_HANDLER role=2
DBG_ANCHOR_CH9_REARM delay=58 ret=1 ack=0
DBG_ANCHOR_CH5_SCAN_BLOCKED win=0 survey=0 tx=0 retry_gap=0 wait=0 rx=0 rxq=0 rxr=0 ack=0 ch9=1 rf=0 retry=303 interval=380
DBG_ANCHOR_CH5_SCAN_RESCHED ret=1 delay=303
DBG_CH9_RX_SLOT idx=0 cnt=3448723700 now=60123 start=60183 end=60303
DBG_CH9_EVENT_STATE state=granted peer=0x56da25fe4af6d141 start=60183 end=60303 reason=rx-slot
DBG_CH9_RX_START idx=0 now=60124 start=60183 end=60303 tail=60
DBG_CH9_RX_CONFIG_OK
DBG_CH9_RX_EARLY_ARM now=60142 start=60183 guard=60
DBG_CH9_RX_ARMED now=60142 start=60183 end=60303 deadline=60363
DBG_DWM_KEEP_IDLE reason=ch9-rx ch9=1 ack=0 qack=0 ret=0
DBG_CH9_RX_EMPTY
DBG_CH9_RX_TIMEOUT
DBG_CH9_RX_MISS frames=0 now=60365 start=60183 end=60303 fail=0
DBG_CH9_EVENT_STATE state=window_expired peer=0x56da25fe4af6d141 start=60183 end=60303 reason=rx-slot
DBG_ANCHOR_CH5_SCAN_HANDLER role=2
DBG_ANCHOR_CH5_SCAN_ARM now=60369 win=20 complete=15 interval=380 wait=0 tx=0
DBG_DWM_CH5_RX_HUNT_START acq=20 complete=15 cap=1021
DBG_DWM_CH5_RX_HUNT_EMPTY ret=-116 status=0x00000000 acq=20
DBG_ANCHOR_CH5_SCAN_DONE ret=-116 len=0 fail=1 pre=0 q=0 rx_us=20446 complete=15
DBG_ANCHOR_CH5_POST_CH9_RECOVERY_SCAN win=20 ret=-116 pre=0
DBG_ANCHOR_CH5_SCAN_RESCHED ret=1 delay=380
DBG_ANCHOR_CH5_SCAN_HANDLER role=2
DBG_DWM_CH5_RX_HUNT_START acq=3 complete=15 cap=1021
DBG_DWM_CH5_RX_ACTIVITY_EXTEND ret=0 status=0x00000100 complete=15
DBG_DWM_CH5_RX_ACTIVITY_WAIT status=0x00000100 remain=15
DBG_DWM_CH5_RX_ACTIVITY_DONE raw=51 payload=49 status=0x00006f00 rearm=0 extended=1
DBG_ANCHOR_CH5_SCAN_DONE ret=0 len=49 fail=0 pre=1 q=100 rx_us=8117 complete=15
DBG_UWB_RX_CH5
DBG_ANCHOR_CH5_FRAME len=49 q=100 wake_ret=0
DBG_ANCHOR_ROUTE_WAKE_DISPATCH src=0x708bc0aab970300e evt=62236 attempt=1 flags=0x92 len=49 q=100
DBG_C5_CONTACT phase=closing state=4 peer=0x708bc0aab970300e purpose=route_solicit reason=expired
DBG_C5_CONTACT phase=open state=2 peer=0x708bc0aab970300e purpose=route_solicit reason=wake-claim
DBG_C5_CONTACT phase=accepted state=2 peer=0x708bc0aab970300e purpose=route_solicit reason=wake-claim
DBG_ANCHOR_ROUTE_WAKE_HANDOFF src=0x708bc0aab970300e evt=62236 attempt=1 flags=0x92 embedded=0 listen=1250
DBG_C5_CONTACT phase=exchange state=3 peer=0x708bc0aab970300e purpose=route_solicit reason=anchor-route-wake-followup
DBG_ROUTE_REPLY_LISTEN_START
DBG_DWM_WAKE_MESH_CTRL_OK sfd=4073
DBG_ROUTE_REPLY_LISTEN_CONFIG ret=0 ext=1
DBG_DWM_CH5_RX_HUNT_START acq=61 complete=15 cap=1021
DBG_DWM_CH5_RX_ACTIVITY_EXTEND ret=0 status=0x00000100 complete=15
DBG_DWM_CH5_RX_ACTIVITY_WAIT status=0x00000100 remain=15
DBG_DWM_CH5_RX_ACTIVITY_DONE raw=51 payload=49 status=0x00006f00 rearm=0 extended=1
DBG_DWM_WAKE_MESH_CTRL_OK sfd=4073
DBG_ROUTE_REPLY_CLICK_PROBE_DONE duration_ms=43 outcome=restore ret=0
DBG_C5_RX_FAIL status=0x00001700 finfo=0x00000000 fail=4 phy=4 ch=5 plen=3 pac=2 txc=9 rxc=9 sfd=2 rate=0 phr=1 phrr=0 sfdto=4
DBG_DWM_CH5_RX_HUNT_START acq=61 complete=15 cap=1021
DBG_DWM_CH5_RX_HUNT_EMPTY ret=-116 status=0x00000000 acq=61
DBG_DWM_WAKE_MESH_CTRL_OK sfd=4073
DBG_ROUTE_REPLY_CLICK_PROBE_DONE duration_ms=99 outcome=restore ret=0
DBG_ROUTE_REPLY_RX_FRAME
DBG_EVENT_CTRL_RX
DBG_UWB_RX_CH5
DBG_MESH_RX_QUEUED ch=5 msg=0x37 src=0x708bc0aab970300e dst=0x191a9619c6c8cb07 prev=0x708bc0aab970300e seq=1 q=1
DBG_MESH_RX_DEFERRED q=1 msg=0x37
DBG_EVENT_CTRL_POST_RX_QUEUED
DBG_COORD state=mesh-rx owner=uwb-rx reason=mesh-rx rx=1 tx=0 relay=0 route=0 ack=0 qack=0
DBG_CH9_SKIP_STALE n=1 now=61025 next=61463 cnt=3448723702 reason=rx-select
DBG_CH5_GAP_SCAN now=61026 win=100 next_delay=377
DBG_ROUTE_REPLY_LISTEN_DONE captured=1 ret=0
DBG_EVENT_CTRL_CONTACT_KEEP_RESPONSE
DBG_MESH_RX_DIRECT_RF_BUSY submit=0 q=1 reason=anchor-route-wake-followup
DBG_ANCHOR_ROUTE_WAKE_HANDOFF_DONE src=0x708bc0aab970300e embedded=0 ret=0 pending=1
DBG_ANCHOR_ROUTE_WAKE_DISPATCH_DONE handled=1 len=49 q=100
DBG_ANCHOR_CH5_SCAN_RESCHED ret=1 delay=380
DBG_CH5_GAP_SCAN_DONE frames=0 last_error=0 now=61126 deadline=61126 click=0
DBG_DWM_KEEP_IDLE reason=mesh-rx ch9=1 ack=0 qack=0 ret=0
DBG_MESH_RX_WORK_WAIT q=1
DBG_MESH_RX_WORK_ENTER q=1
DBG_MESH_RX_DRAIN_ENTER owner=work q=1
DBG_RX_HANDLE msg=0x37 act=0x00000002 st=0 q=0 sel=1 next=0x9999888877776666 hop=0
DBG_EVENT_RX msg=37 recv=61021 ref=61011 next=61521 cnt=3173226827 txeven=1
DBG_EVENT_PROPOSE_REJECT_CHANNEL9_GUARD prev=0x708bc0aab970300e ret=-10 reason=5 conflict=0x56da25fe4af6d141
DBG_MESH_RX_DRAIN_EXIT owner=work handled=0 q=0
DBG_MESH_RX_WORK_EXIT handled=0 q=0
DBG_COORD state=idle owner=report-tx reason=idle rx=0 tx=0 relay=0 route=0 ack=0 qack=0
DBG_CH5_GAP_SCAN now=61129 win=100 next_delay=274
DBG_CH5_GAP_SCAN_DONE frames=0 last_error=0 now=61229 deadline=61229 click=0
DBG_DWM_KEEP_IDLE reason=mesh-rx ch9=1 ack=0 qack=0 ret=0
DBG_CH5_GAP_SCAN now=61230 win=100 next_delay=173
DBG_CH5_GAP_SCAN_DONE frames=0 last_error=0 now=61331 deadline=61330 click=0
DBG_DWM_KEEP_IDLE reason=mesh-rx ch9=1 ack=0 qack=0 ret=0
DBG_CH9_RX_SLOT idx=0 cnt=3448723702 now=61403 start=61463 end=61583
DBG_CH9_EVENT_STATE state=granted peer=0x56da25fe4af6d141 start=61463 end=61583 reason=rx-slot
DBG_CH9_RX_START idx=0 now=61404 start=61463 end=61583 tail=60
DBG_ANCHOR_CH5_SCAN_HANDLER role=2
DBG_ANCHOR_CH5_SCAN_BLOCKED win=0 survey=0 tx=0 retry_gap=0 wait=0 rx=0 rxq=0 rxr=0 ack=0 ch9=0 rf=1 retry=20 interval=380
DBG_ANCHOR_CH5_SCAN_RESCHED ret=1 delay=20
DBG_CH9_RX_CONFIG_OK
DBG_CH9_RX_EARLY_ARM now=61422 start=61463 guard=60
DBG_CH9_RX_ARMED now=61422 start=61463 end=61583 deadline=61643
DBG_ANCHOR_CH5_SCAN_HANDLER role=2
DBG_ANCHOR_CH5_SCAN_BLOCKED win=0 survey=0 tx=0 retry_gap=0 wait=0 rx=0 rxq=0 rxr=0 ack=0 ch9=0 rf=1 retry=20 interval=380
DBG_ANCHOR_CH5_SCAN_RESCHED ret=1 delay=20
DBG_ANCHOR_CH5_SCAN_HANDLER role=2
DBG_ANCHOR_CH5_SCAN_BLOCKED win=0 survey=0 tx=0 retry_gap=0 wait=0 rx=0 rxq=0 rxr=0 ack=0 ch9=0 rf=1 retry=20 interval=380
DBG_ANCHOR_CH5_SCAN_RESCHED ret=1 delay=20
DBG_ANCHOR_CH5_SCAN_HANDLER role=2
DBG_ANCHOR_CH5_SCAN_BLOCKED win=0 survey=0 tx=0 retry_gap=0 wait=0 rx=0 rxq=0 rxr=0 ack=0 ch9=0 rf=1 retry=20 interval=380
DBG_ANCHOR_CH5_SCAN_RESCHED ret=1 delay=20
DBG_ANCHOR_CH5_SCAN_HANDLER role=2
DBG_ANCHOR_CH5_SCAN_BLOCKED win=0 survey=0 tx=0 retry_gap=0 wait=0 rx=0 rxq=0 rxr=0 ack=0 ch9=0 rf=1 retry=20 interval=380
DBG_ANCHOR_CH5_SCAN_RESCHED ret=1 delay=20
DBG_ANCHOR_CH5_SCAN_HANDLER role=2
DBG_ANCHOR_CH5_SCAN_BLOCKED win=0 survey=0 tx=0 retry_gap=0 wait=0 rx=0 rxq=0 rxr=0 ack=0 ch9=0 rf=1 retry=20 interval=380
DBG_ANCHOR_CH5_SCAN_RESCHED ret=1 delay=20
DBG_ANCHOR_CH5_SCAN_HANDLER role=2
DBG_ANCHOR_CH5_SCAN_BLOCKED win=0 survey=0 tx=0 retry_gap=0 wait=0 rx=0 rxq=0 rxr=0 ack=0 ch9=0 rf=1 retry=20 interval=380
DBG_ANCHOR_CH5_SCAN_RESCHED ret=1 delay=20
DBG_ANCHOR_CH5_SCAN_HANDLER role=2
DBG_ANCHOR_CH5_SCAN_BLOCKED win=0 survey=0 tx=0 retry_gap=0 wait=0 rx=0 rxq=0 rxr=0 ack=0 ch9=0 rf=1 retry=20 interval=380
DBG_ANCHOR_CH5_SCAN_RESCHED ret=1 delay=20
DBG_ANCHOR_CH5_SCAN_HANDLER role=2
DBG_ANCHOR_CH5_SCAN_BLOCKED win=0 survey=0 tx=0 retry_gap=0 wait=0 rx=0 rxq=0 rxr=0 ack=0 ch9=0 rf=1 retry=20 interval=380
DBG_ANCHOR_CH5_SCAN_RESCHED ret=1 delay=20
DBG_ANCHOR_CH5_SCAN_HANDLER role=2
DBG_ANCHOR_CH5_SCAN_BLOCKED win=0 survey=0 tx=0 retry_gap=0 wait=0 rx=0 rxq=0 rxr=0 ack=0 ch9=0 rf=1 retry=20 interval=380
DBG_ANCHOR_CH5_SCAN_RESCHED ret=1 delay=20
DBG_DWM_KEEP_IDLE reason=ch9-rx ch9=1 ack=0 qack=0 ret=0
DBG_CH9_RX_EMPTY
DBG_CH9_RX_TIMEOUT
DBG_CH9_RX_MISS frames=0 now=61644 start=61463 end=61583 fail=0
DBG_CH9_EVENT_STATE state=window_expired peer=0x56da25fe4af6d141 start=61463 end=61583 reason=rx-slot
DBG_ANCHOR_CH5_SCAN_HANDLER role=2
DBG_ANCHOR_CH5_SCAN_ARM now=61660 win=20 complete=15 interval=380 wait=0 tx=0
DBG_DWM_CH5_RX_HUNT_START acq=20 complete=15 cap=1021
DBG_DWM_CH5_RX_HUNT_EMPTY ret=-116 status=0x00000000 acq=20
DBG_ANCHOR_CH5_SCAN_DONE ret=-116 len=0 fail=1 pre=0 q=0 rx_us=21087 complete=15
DBG_ANCHOR_CH5_POST_CH9_RECOVERY_SCAN win=20 ret=-116 pre=0
DBG_ANCHOR_CH5_SCAN_RESCHED ret=1 delay=380
DBG_ANCHOR_CH5_SCAN_HANDLER role=2
DBG_DWM_CH5_RX_HUNT_START acq=3 complete=15 cap=1021
DBG_DWM_CH5_RX_HUNT_EMPTY ret=-116 status=0x00000000 acq=3
DBG_ANCHOR_CH5_SCAN_RESCHED ret=1 delay=380
DBG_ANCHOR_CH5_SCAN_HANDLER role=2
DBG_DWM_CH5_RX_HUNT_START acq=3 complete=15 cap=1021
DBG_DWM_CH5_RX_HUNT_EMPTY ret=-116 status=0x00000000 acq=3
DBG_ANCHOR_CH5_SCAN_RESCHED ret=1 delay=380
DBG_CH9_SKIP_STALE n=1 now=62683 next=62743 cnt=3448723704 reason=rx-select
DBG_CH9_RX_SLOT idx=0 cnt=3448723704 now=62683 start=62743 end=62863
DBG_CH9_EVENT_STATE state=granted peer=0x56da25fe4af6d141 start=62743 end=62863 reason=rx-slot
DBG_CH9_RX_START idx=0 now=62683 start=62743 end=62863 tail=60
DBG_CH9_RX_CONFIG_OK
DBG_CH9_RX_EARLY_ARM now=62702 start=62743 guard=60
DBG_CH9_RX_ARMED now=62702 start=62743 end=62863 deadline=62923
DBG_ANCHOR_CH5_SCAN_HANDLER role=2
DBG_ANCHOR_CH5_SCAN_BLOCKED win=0 survey=0 tx=0 retry_gap=0 wait=0 rx=0 rxq=0 rxr=0 ack=0 ch9=0 rf=1 retry=20 interval=380
DBG_ANCHOR_CH5_SCAN_RESCHED ret=1 delay=20
DBG_ANCHOR_CH5_SCAN_HANDLER role=2
DBG_ANCHOR_CH5_SCAN_BLOCKED win=0 survey=0 tx=0 retry_gap=0 wait=0 rx=0 rxq=0 rxr=0 ack=0 ch9=0 rf=1 retry=20 interval=380
DBG_ANCHOR_CH5_SCAN_RESCHED ret=1 delay=20
DBG_DWM_KEEP_IDLE reason=ch9-rx ch9=1 ack=0 qack=0 ret=0
DBG_CH9_RX_EMPTY
DBG_CH9_RX_TIMEOUT
DBG_CH9_RX_MISS frames=0 now=62925 start=62743 end=62863 fail=0
DBG_CH9_EVENT_STATE state=window_expired peer=0x56da25fe4af6d141 start=62743 end=62863 reason=rx-slot
DBG_ANCHOR_CH5_SCAN_HANDLER role=2
DBG_ANCHOR_CH5_SCAN_ARM now=62938 win=20 complete=15 interval=380 wait=0 tx=0
DBG_DWM_CH5_RX_HUNT_START acq=20 complete=15 cap=1021
DBG_DWM_CH5_RX_HUNT_EMPTY ret=-116 status=0x00000000 acq=20
DBG_ANCHOR_CH5_SCAN_DONE ret=-116 len=0 fail=1 pre=0 q=0 rx_us=20660 complete=15
DBG_ANCHOR_CH5_POST_CH9_RECOVERY_SCAN win=20 ret=-116 pre=0
DBG_ANCHOR_CH5_SCAN_RESCHED ret=1 delay=380
DBG_ANCHOR_CH5_SCAN_HANDLER role=2
DBG_DWM_CH5_RX_HUNT_START acq=3 complete=15 cap=1021
DBG_DWM_CH5_RX_HUNT_EMPTY ret=-116 status=0x00000000 acq=3
DBG_ANCHOR_CH5_SCAN_RESCHED ret=1 delay=380
DBG_ANCHOR_CH5_SCAN_HANDLER role=2
DBG_DWM_CH5_RX_HUNT_START acq=3 complete=15 cap=1021
DBG_DWM_CH5_RX_HUNT_EMPTY ret=-116 status=0x00000000 acq=3
DBG_ANCHOR_CH5_SCAN_RESCHED ret=1 delay=380
DBG_CH9_SKIP_STALE n=1 now=63963 next=64023 cnt=3448723706 reason=rx-select
DBG_CH9_RX_SLOT idx=0 cnt=3448723706 now=63963 start=64023 end=64143
DBG_CH9_EVENT_STATE state=granted peer=0x56da25fe4af6d141 start=64023 end=64143 reason=rx-slot
DBG_CH9_RX_START idx=0 now=63963 start=64023 end=64143 tail=60
DBG_CH9_RX_CONFIG_OK
DBG_CH9_RX_EARLY_ARM now=63982 start=64023 guard=60
DBG_CH9_RX_ARMED now=63982 start=64023 end=64143 deadline=64203
DBG_ANCHOR_CH5_SCAN_HANDLER role=2
DBG_ANCHOR_CH5_SCAN_BLOCKED win=0 survey=0 tx=0 retry_gap=0 wait=0 rx=0 rxq=0 rxr=0 ack=0 ch9=0 rf=1 retry=20 interval=380
DBG_ANCHOR_CH5_SCAN_RESCHED ret=1 delay=20
DBG_ANCHOR_CH5_SCAN_HANDLER role=2
DBG_ANCHOR_CH5_SCAN_BLOCKED win=0 survey=0 tx=0 retry_gap=0 wait=0 rx=0 rxq=0 rxr=0 ack=0 ch9=0 rf=1 retry=20 interval=380
DBG_ANCHOR_CH5_SCAN_RESCHED ret=1 delay=20
DBG_DWM_KEEP_IDLE reason=ch9-rx ch9=1 ack=0 qack=0 ret=0
DBG_CH9_RX_EMPTY
DBG_CH9_RX_TIMEOUT
DBG_CH9_RX_MISS frames=0 now=64205 start=64023 end=64143 fail=0
DBG_CH9_EVENT_STATE state=window_expired peer=0x56da25fe4af6d141 start=64023 end=64143 reason=rx-slot
DBG_ANCHOR_CH5_SCAN_HANDLER role=2
DBG_ANCHOR_CH5_SCAN_ARM now=64216 win=20 complete=15 interval=380 wait=0 tx=0
DBG_DWM_CH5_RX_HUNT_START acq=20 complete=15 cap=1021
DBG_DWM_CH5_RX_HUNT_EMPTY ret=-116 status=0x00000000 acq=20
DBG_ANCHOR_CH5_SCAN_DONE ret=-116 len=0 fail=1 pre=0 q=0 rx_us=20507 complete=15
DBG_ANCHOR_CH5_POST_CH9_RECOVERY_SCAN win=20 ret=-116 pre=0
DBG_ANCHOR_CH5_SCAN_RESCHED ret=1 delay=380
DBG_ANCHOR_CH5_SCAN_HANDLER role=2
DBG_DWM_CH5_RX_HUNT_START acq=3 complete=15 cap=1021
DBG_DWM_CH5_RX_HUNT_EMPTY ret=-116 status=0x00000000 acq=3
DBG_ANCHOR_CH5_SCAN_RESCHED ret=1 delay=380
DBG_ANCHOR_CH5_SCAN_HANDLER role=2
DBG_DWM_CH5_RX_HUNT_START acq=3 complete=15 cap=1021
DBG_DWM_CH5_RX_HUNT_EMPTY ret=-116 status=0x00000000 acq=3
DBG_ANCHOR_CH5_SCAN_RESCHED ret=1 delay=380
DBG_CH9_SKIP_STALE n=1 now=65243 next=65303 cnt=3448723708 reason=rx-select
DBG_CH9_RX_SLOT idx=0 cnt=3448723708 now=65243 start=65303 end=65423
DBG_CH9_EVENT_STATE state=granted peer=0x56da25fe4af6d141 start=65303 end=65423 reason=rx-slot
DBG_CH9_RX_START idx=0 now=65243 start=65303 end=65423 tail=60
DBG_CH9_RX_CONFIG_OK
DBG_CH9_RX_EARLY_ARM now=65262 start=65303 guard=60
DBG_CH9_RX_ARMED now=65262 start=65303 end=65423 deadline=65483
DBG_ANCHOR_CH5_SCAN_HANDLER role=2
DBG_ANCHOR_CH5_SCAN_BLOCKED win=0 survey=0 tx=0 retry_gap=0 wait=0 rx=0 rxq=0 rxr=0 ack=0 ch9=0 rf=1 retry=20 interval=380
DBG_ANCHOR_CH5_SCAN_RESCHED ret=1 delay=20
DBG_ANCHOR_CH5_SCAN_HANDLER role=2
DBG_ANCHOR_CH5_SCAN_BLOCKED win=0 survey=0 tx=0 retry_gap=0 wait=0 rx=0 rxq=0 rxr=0 ack=0 ch9=0 rf=1 retry=20 interval=380
DBG_ANCHOR_CH5_SCAN_RESCHED ret=1 delay=20
DBG_DWM_KEEP_IDLE reason=ch9-rx ch9=1 ack=0 qack=0 ret=0
DBG_CH9_RX_EMPTY
DBG_CH9_RX_TIMEOUT
DBG_CH9_RX_MISS frames=0 now=65485 start=65303 end=65423 fail=0
DBG_CH9_EVENT_STATE state=window_expired peer=0x56da25fe4af6d141 start=65303 end=65423 reason=rx-slot
DBG_ANCHOR_CH5_SCAN_HANDLER role=2
DBG_ANCHOR_CH5_SCAN_ARM now=65493 win=20 complete=15 interval=380 wait=0 tx=0
DBG_DWM_CH5_RX_HUNT_START acq=20 complete=15 cap=1021
DBG_DWM_CH5_RX_HUNT_EMPTY ret=-116 status=0x00000000 acq=20
DBG_ANCHOR_CH5_SCAN_DONE ret=-116 len=0 fail=1 pre=0 q=0 rx_us=20812 complete=15
DBG_ANCHOR_CH5_POST_CH9_RECOVERY_SCAN win=20 ret=-116 pre=0
DBG_ANCHOR_CH5_SCAN_RESCHED ret=1 delay=380
DBG_ANCHOR_CH5_SCAN_HANDLER role=2
DBG_DWM_CH5_RX_HUNT_START acq=3 complete=15 cap=1021
DBG_DWM_CH5_RX_HUNT_EMPTY ret=-116 status=0x00000000 acq=3
DBG_ANCHOR_CH5_SCAN_RESCHED ret=1 delay=380
DBG_ANCHOR_CH5_SCAN_HANDLER role=2
DBG_DWM_CH5_RX_HUNT_START acq=3 complete=15 cap=1021
DBG_DWM_CH5_RX_HUNT_EMPTY ret=-116 status=0x00000000 acq=3
DBG_ANCHOR_CH5_SCAN_RESCHED ret=1 delay=380
DBG_CH9_SKIP_STALE n=1 now=66523 next=66583 cnt=3448723710 reason=rx-select
DBG_CH9_RX_SLOT idx=0 cnt=3448723710 now=66523 start=66583 end=66703
DBG_CH9_EVENT_STATE state=granted peer=0x56da25fe4af6d141 start=66583 end=66703 reason=rx-slot
DBG_CH9_RX_START idx=0 now=66524 start=66583 end=66703 tail=60
DBG_CH9_RX_CONFIG_OK
DBG_CH9_RX_EARLY_ARM now=66542 start=66583 guard=60
DBG_CH9_RX_ARMED now=66542 start=66583 end=66703 deadline=66763
DBG_ANCHOR_CH5_SCAN_HANDLER role=2
DBG_ANCHOR_CH5_SCAN_BLOCKED win=0 survey=0 tx=0 retry_gap=0 wait=0 rx=0 rxq=0 rxr=0 ack=0 ch9=0 rf=1 retry=20 interval=380
DBG_ANCHOR_CH5_SCAN_RESCHED ret=1 delay=20
DBG_ANCHOR_CH5_SCAN_HANDLER role=2
DBG_ANCHOR_CH5_SCAN_BLOCKED win=0 survey=0 tx=0 retry_gap=0 wait=0 rx=0 rxq=0 rxr=0 ack=0 ch9=0 rf=1 retry=20 interval=380
DBG_ANCHOR_CH5_SCAN_RESCHED ret=1 delay=20
DBG_DWM_KEEP_IDLE reason=ch9-rx ch9=1 ack=0 qack=0 ret=0
DBG_CH9_RX_EMPTY
DBG_CH9_RX_TIMEOUT
DBG_CH9_RX_MISS frames=0 now=66765 start=66583 end=66703 fail=0
DBG_CH9_EVENT_STATE state=window_expired peer=0x56da25fe4af6d141 start=66583 end=66703 reason=rx-slot
DBG_ANCHOR_CH5_SCAN_HANDLER role=2
DBG_ANCHOR_CH5_SCAN_ARM now=66771 win=20 complete=15 interval=380 wait=0 tx=0
DBG_DWM_CH5_RX_HUNT_START acq=20 complete=15 cap=1021
DBG_DWM_CH5_RX_HUNT_EMPTY ret=-116 status=0x00000000 acq=20
DBG_ANCHOR_CH5_SCAN_DONE ret=-116 len=0 fail=1 pre=0 q=0 rx_us=20629 complete=15
DBG_ANCHOR_CH5_POST_CH9_RECOVERY_SCAN win=20 ret=-116 pre=0
DBG_ANCHOR_CH5_SCAN_RESCHED ret=1 delay=380
DBG_ANCHOR_CH5_SCAN_HANDLER role=2
DBG_DWM_CH5_RX_HUNT_START acq=3 complete=15 cap=1021
DBG_DWM_CH5_RX_HUNT_EMPTY ret=-116 status=0x00000000 acq=3
DBG_ANCHOR_CH5_SCAN_RESCHED ret=1 delay=380
DBG_ANCHOR_CH5_SCAN_HANDLER role=2
DBG_DWM_CH5_RX_HUNT_START acq=3 complete=15 cap=1021
DBG_DWM_CH5_RX_HUNT_EMPTY ret=-116 status=0x00000000 acq=3
DBG_ANCHOR_CH5_SCAN_RESCHED ret=1 delay=380
DBG_CH9_SKIP_STALE n=1 now=67803 next=67863 cnt=3448723712 reason=rx-select
DBG_CH9_RX_SLOT idx=0 cnt=3448723712 now=67803 start=67863 end=67983
DBG_CH9_EVENT_STATE state=granted peer=0x56da25fe4af6d141 start=67863 end=67983 reason=rx-slot
DBG_CH9_RX_START idx=0 now=67803 start=67863 end=67983 tail=60
DBG_CH9_RX_CONFIG_OK
DBG_CH9_RX_EARLY_ARM now=67822 start=67863 guard=60
DBG_CH9_RX_ARMED now=67822 start=67863 end=67983 deadline=68043
DBG_ANCHOR_CH5_SCAN_HANDLER role=2
DBG_ANCHOR_CH5_SCAN_BLOCKED win=0 survey=0 tx=0 retry_gap=0 wait=0 rx=0 rxq=0 rxr=0 ack=0 ch9=0 rf=1 retry=20 interval=380
DBG_ANCHOR_CH5_SCAN_RESCHED ret=1 delay=20
DBG_ANCHOR_CH5_SCAN_HANDLER role=2
DBG_ANCHOR_CH5_SCAN_BLOCKED win=0 survey=0 tx=0 retry_gap=0 wait=0 rx=0 rxq=0 rxr=0 ack=0 ch9=0 rf=1 retry=20 interval=380
DBG_ANCHOR_CH5_SCAN_RESCHED ret=1 delay=20
DBG_DWM_KEEP_IDLE reason=ch9-rx ch9=1 ack=0 qack=0 ret=0
DBG_CH9_RX_EMPTY
DBG_CH9_RX_TIMEOUT
DBG_CH9_RX_MISS frames=0 now=68045 start=67863 end=67983 fail=0
DBG_CH9_EVENT_STATE state=window_expired peer=0x56da25fe4af6d141 start=67863 end=67983 reason=rx-slot
DBG_ANCHOR_CH5_SCAN_HANDLER role=2
DBG_ANCHOR_CH5_SCAN_ARM now=68049 win=20 complete=15 interval=380 wait=0 tx=0
DBG_DWM_CH5_RX_HUNT_START acq=20 complete=15 cap=1021
DBG_DWM_CH5_RX_HUNT_EMPTY ret=-116 status=0x00000000 acq=20
DBG_ANCHOR_CH5_SCAN_DONE ret=-116 len=0 fail=1 pre=0 q=0 rx_us=20141 complete=15
DBG_ANCHOR_CH5_POST_CH9_RECOVERY_SCAN win=20 ret=-116 pre=0
DBG_ANCHOR_CH5_SCAN_RESCHED ret=1 delay=380
DBG_ANCHOR_CH5_SCAN_HANDLER role=2
DBG_DWM_CH5_RX_HUNT_START acq=3 complete=15 cap=1021
DBG_DWM_CH5_RX_HUNT_EMPTY ret=-116 status=0x00000000 acq=3
DBG_ANCHOR_CH5_SCAN_RESCHED ret=1 delay=380
DBG_ANCHOR_CH5_SCAN_HANDLER role=2
DBG_DWM_CH5_RX_HUNT_START acq=3 complete=15 cap=1021
DBG_DWM_CH5_RX_ACTIVITY_EXTEND ret=0 status=0x00000100 complete=15
DBG_DWM_CH5_RX_ACTIVITY_WAIT status=0x00000100 remain=15
DBG_DWM_CH5_RX_ACTIVITY_DONE raw=51 payload=49 status=0x00006f00 rearm=0 extended=1
DBG_ANCHOR_CH5_SCAN_DONE ret=0 len=49 fail=0 pre=1 q=100 rx_us=5065 complete=15
DBG_UWB_RX_CH5
DBG_ANCHOR_CH5_FRAME len=49 q=100 wake_ret=0
DBG_ANCHOR_ROUTE_WAKE_DISPATCH src=0x708bc0aab970300e evt=70313 attempt=1 flags=0x92 len=49 q=100
DBG_C5_CONTACT phase=closing state=4 peer=0x708bc0aab970300e purpose=route_solicit reason=expired
DBG_C5_CONTACT phase=open state=2 peer=0x708bc0aab970300e purpose=route_solicit reason=wake-claim
DBG_C5_CONTACT phase=accepted state=2 peer=0x708bc0aab970300e purpose=route_solicit reason=wake-claim
DBG_ANCHOR_ROUTE_WAKE_HANDOFF src=0x708bc0aab970300e evt=70313 attempt=1 flags=0x92 embedded=0 listen=1250
DBG_C5_CONTACT phase=exchange state=3 peer=0x708bc0aab970300e purpose=route_solicit reason=anchor-route-wake-followup
DBG_ROUTE_REPLY_LISTEN_START
DBG_DWM_WAKE_MESH_CTRL_OK sfd=4073
DBG_ROUTE_REPLY_LISTEN_CONFIG ret=0 ext=1
DBG_DWM_CH5_RX_HUNT_START acq=61 complete=15 cap=1021
DBG_DWM_CH5_RX_ACTIVITY_EXTEND ret=0 status=0x00000100 complete=15
DBG_DWM_CH5_RX_ACTIVITY_WAIT status=0x00000100 remain=15
DBG_DWM_CH5_RX_ACTIVITY_DONE raw=51 payload=49 status=0x00006f00 rearm=0 extended=1
DBG_DWM_WAKE_MESH_CTRL_OK sfd=4073
DBG_ROUTE_REPLY_CLICK_PROBE_DONE duration_ms=43 outcome=restore ret=0
DBG_C5_RX_FAIL status=0x00001700 finfo=0x00000000 fail=4 phy=4 ch=5 plen=3 pac=2 txc=9 rxc=9 sfd=2 rate=0 phr=1 phrr=0 sfdto=4
DBG_DWM_CH5_RX_HUNT_START acq=61 complete=15 cap=1021
DBG_DWM_CH5_RX_HUNT_EMPTY ret=-116 status=0x00000000 acq=61
DBG_DWM_WAKE_MESH_CTRL_OK sfd=4073
DBG_ROUTE_REPLY_CLICK_PROBE_DONE duration_ms=99 outcome=restore ret=0
DBG_ROUTE_REPLY_RX_FRAME
DBG_UWB_RX_CH5
DBG_MESH_RX_QUEUED ch=5 msg=0x35 src=0x708bc0aab970300e dst=0x0 prev=0x708bc0aab970300e seq=2 q=1
DBG_MESH_RX_DEFERRED q=1 msg=0x35
DBG_ROUTE_REPLY_LISTEN_YIELD_REQUEST src=0x708bc0aab970300e prev=0x708bc0aab970300e target=0x9999888877776666
DBG_COORD state=mesh-rx owner=uwb-rx reason=mesh-rx rx=1 tx=0 relay=0 route=0 ack=0 qack=0
DBG_CH9_SKIP_STALE n=1 now=69082 next=69143 cnt=3448723714 reason=rx-select
DBG_MESH_RX_WORK_WAIT q=1
DBG_MESH_RX_WORK_ENTER q=1
DBG_MESH_RX_DRAIN_ENTER owner=work q=1
DBG_RX_HANDLE msg=0x35 act=0x00000040 st=-10 q=0 sel=1 next=0x9999888877776666 hop=0
DBG_C5_CONTACT phase=accepted state=2 peer=0x708bc0aab970300e purpose=route_solicit reason=c5-control-rx
DBG_MESH_RX_DRAIN_EXIT owner=work handled=1 q=0
DBG_MESH_RX_WORK_EXIT handled=1 q=0
DBG_COORD state=idle owner=uwb-rx reason=idle rx=0 tx=0 relay=0 route=0 ack=0 qack=0
DBG_CH9_RX_SLOT idx=0 cnt=3448723714 now=69085 start=69143 end=69263
DBG_CH9_RX_START idx=0 now=69085 start=69143 end=69263 tail=60
DBG_CH9_RX_CONFIG_OK
DBG_CH9_RX_EARLY_ARM now=69107 start=69143 guard=60
DBG_CH9_RX_ARMED now=69107 start=69143 end=69263 deadline=69323
DBG_DWM_KEEP_IDLE reason=ch9-rx ch9=1 ack=0 qack=0 ret=0
DBG_CH9_RX_EMPTY
DBG_CH9_RX_TIMEOUT
DBG_CH9_RX_MISS frames=0 now=69325 start=69143 end=69263 fail=0
DBG_CH9_EVENT_STATE state=window_expired peer=0x56da25fe4af6d141 start=69143 end=69263 reason=rx-slot
DBG_ANCHOR_CH5_SCAN_HANDLER role=2
DBG_ANCHOR_CH5_SCAN_ARM now=69466 win=20 complete=15 interval=380 wait=0 tx=0
DBG_DWM_CH5_RX_HUNT_START acq=20 complete=15 cap=1021
DBG_DWM_CH5_RX_HUNT_EMPTY ret=-116 status=0x00000000 acq=20
DBG_ANCHOR_CH5_SCAN_DONE ret=-116 len=0 fail=1 pre=0 q=0 rx_us=20812 complete=15
DBG_ANCHOR_CH5_POST_CH9_RECOVERY_SCAN win=20 ret=-116 pre=0
DBG_ANCHOR_CH5_SCAN_RESCHED ret=1 delay=380
DBG_ANCHOR_CH5_SCAN_HANDLER role=2
DBG_DWM_CH5_RX_HUNT_START acq=3 complete=15 cap=1021
DBG_DWM_CH5_RX_HUNT_EMPTY ret=-116 status=0x00000000 acq=3
DBG_ANCHOR_CH5_SCAN_RESCHED ret=1 delay=380
DBG_ANCHOR_CH5_SCAN_HANDLER role=2
DBG_DWM_CH5_RX_HUNT_START acq=3 complete=15 cap=1021
DBG_DWM_CH5_RX_HUNT_EMPTY ret=-116 status=0x00000000 acq=3
DBG_ANCHOR_CH5_SCAN_RESCHED ret=1 delay=380
DBG_CH9_SKIP_STALE n=1 now=70363 next=70423 cnt=3448723716 reason=rx-select
DBG_CH9_RX_SLOT idx=0 cnt=3448723716 now=70363 start=70423 end=70543
DBG_CH9_EVENT_STATE state=granted peer=0x56da25fe4af6d141 start=70423 end=70543 reason=rx-slot
DBG_CH9_RX_START idx=0 now=70364 start=70423 end=70543 tail=60
DBG_CH9_RX_CONFIG_OK
DBG_CH9_RX_EARLY_ARM now=70383 start=70423 guard=60
DBG_CH9_RX_ARMED now=70383 start=70423 end=70543 deadline=70603
DBG_DWM_KEEP_IDLE reason=ch9-rx ch9=1 ack=0 qack=0 ret=0
DBG_CH9_RX_EMPTY
DBG_CH9_RX_TIMEOUT
DBG_CH9_RX_MISS frames=0 now=70605 start=70423 end=70543 fail=0
DBG_CH9_EVENT_STATE state=window_expired peer=0x56da25fe4af6d141 start=70423 end=70543 reason=rx-slot
DBG_ANCHOR_CH5_SCAN_HANDLER role=2
DBG_ANCHOR_CH5_SCAN_ARM now=70693 win=20 complete=15 interval=380 wait=0 tx=0
DBG_DWM_CH5_RX_HUNT_START acq=20 complete=15 cap=1021
DBG_DWM_CH5_RX_HUNT_EMPTY ret=-116 status=0x00000000 acq=20
DBG_ANCHOR_CH5_SCAN_DONE ret=-116 len=0 fail=1 pre=0 q=0 rx_us=20446 complete=15
DBG_ANCHOR_CH5_POST_CH9_RECOVERY_SCAN win=20 ret=-116 pre=0
DBG_ANCHOR_CH5_SCAN_RESCHED ret=1 delay=380
DBG_ANCHOR_CH5_SCAN_HANDLER role=2
DBG_DWM_CH5_RX_HUNT_START acq=3 complete=15 cap=1021
DBG_DWM_CH5_RX_HUNT_EMPTY ret=-116 status=0x00000000 acq=3
DBG_ANCHOR_CH5_SCAN_RESCHED ret=1 delay=380
DBG_ANCHOR_CH5_SCAN_HANDLER role=2
DBG_DWM_CH5_RX_HUNT_START acq=3 complete=15 cap=1021
DBG_DWM_CH5_RX_HUNT_EMPTY ret=-116 status=0x00000000 acq=3
DBG_ANCHOR_CH5_SCAN_RESCHED ret=1 delay=380
DBG_CH9_SKIP_STALE n=1 now=71643 next=71703 cnt=3448723718 reason=rx-select
DBG_CH9_RX_SLOT idx=0 cnt=3448723718 now=71643 start=71703 end=71823
DBG_CH9_EVENT_STATE state=granted peer=0x56da25fe4af6d141 start=71703 end=71823 reason=rx-slot
DBG_CH9_RX_START idx=0 now=71644 start=71703 end=71823 tail=60
DBG_CH9_RX_CONFIG_OK
DBG_CH9_RX_EARLY_ARM now=71663 start=71703 guard=60
DBG_CH9_RX_ARMED now=71663 start=71703 end=71823 deadline=71883
DBG_DWM_KEEP_IDLE reason=ch9-rx ch9=1 ack=0 qack=0 ret=0
DBG_CH9_RX_EMPTY
DBG_CH9_RX_TIMEOUT
DBG_CH9_RX_MISS frames=0 now=71884 start=71703 end=71823 fail=0
DBG_CH9_EVENT_STATE state=window_expired peer=0x56da25fe4af6d141 start=71703 end=71823 reason=rx-slot
DBG_ANCHOR_CH5_SCAN_HANDLER role=2
DBG_ANCHOR_CH5_SCAN_ARM now=71919 win=20 complete=15 interval=380 wait=0 tx=0
DBG_DWM_CH5_RX_HUNT_START acq=20 complete=15 cap=1021
DBG_DWM_CH5_RX_HUNT_EMPTY ret=-116 status=0x00000000 acq=20
DBG_ANCHOR_CH5_SCAN_DONE ret=-116 len=0 fail=1 pre=0 q=0 rx_us=20446 complete=15
DBG_ANCHOR_CH5_POST_CH9_RECOVERY_SCAN win=20 ret=-116 pre=0
DBG_ANCHOR_CH5_SCAN_RESCHED ret=1 delay=380
DBG_ANCHOR_CH5_SCAN_HANDLER role=2
DBG_DWM_CH5_RX_HUNT_START acq=3 complete=15 cap=1021
DBG_DWM_CH5_RX_HUNT_EMPTY ret=-116 status=0x00000000 acq=3
DBG_ANCHOR_CH5_SCAN_RESCHED ret=1 delay=380
DBG_ANCHOR_CH5_SCAN_HANDLER role=2
DBG_DWM_CH5_RX_HUNT_START acq=3 complete=15 cap=1021
DBG_DWM_CH5_RX_HUNT_EMPTY ret=-116 status=0x00000000 acq=3
DBG_ANCHOR_CH5_SCAN_RESCHED ret=1 delay=380
DBG_CH9_SKIP_STALE n=1 now=72923 next=72983 cnt=3448723720 reason=rx-select
DBG_CH9_RX_SLOT idx=0 cnt=3448723720 now=72923 start=72983 end=73103
DBG_CH9_EVENT_STATE state=granted peer=0x56da25fe4af6d141 start=72983 end=73103 reason=rx-slot
DBG_CH9_RX_START idx=0 now=72923 start=72983 end=73103 tail=60
DBG_CH9_RX_CONFIG_OK
DBG_CH9_RX_EARLY_ARM now=72943 start=72983 guard=60
DBG_CH9_RX_ARMED now=72943 start=72983 end=73103 deadline=73163
DBG_ANCHOR_CH5_SCAN_HANDLER role=2
DBG_ANCHOR_CH5_SCAN_BLOCKED win=0 survey=0 tx=0 retry_gap=0 wait=0 rx=0 rxq=0 rxr=0 ack=0 ch9=0 rf=1 retry=20 interval=380
DBG_ANCHOR_CH5_SCAN_RESCHED ret=1 delay=20
DBG_DWM_KEEP_IDLE reason=ch9-rx ch9=1 ack=0 qack=0 ret=0
DBG_CH9_RX_EMPTY
DBG_CH9_RX_TIMEOUT
DBG_CH9_RX_MISS frames=0 now=73165 start=72983 end=73103 fail=0
DBG_CH9_EVENT_STATE state=window_expired peer=0x56da25fe4af6d141 start=72983 end=73103 reason=rx-slot
DBG_ANCHOR_CH5_SCAN_HANDLER role=2
DBG_ANCHOR_CH5_SCAN_ARM now=73171 win=20 complete=15 interval=380 wait=0 tx=0
DBG_DWM_CH5_RX_HUNT_START acq=20 complete=15 cap=1021
DBG_DWM_CH5_RX_HUNT_EMPTY ret=-116 status=0x00000000 acq=20
DBG_ANCHOR_CH5_SCAN_DONE ret=-116 len=0 fail=1 pre=0 q=0 rx_us=20294 complete=15
DBG_ANCHOR_CH5_POST_CH9_RECOVERY_SCAN win=20 ret=-116 pre=0
DBG_ANCHOR_CH5_SCAN_RESCHED ret=1 delay=380
DBG_ANCHOR_CH5_SCAN_HANDLER role=2
DBG_DWM_CH5_RX_HUNT_START acq=3 complete=15 cap=1021
DBG_DWM_CH5_RX_HUNT_EMPTY ret=-116 status=0x00000000 acq=3
DBG_ANCHOR_CH5_SCAN_RESCHED ret=1 delay=380
DBG_ANCHOR_CH5_SCAN_HANDLER role=2
DBG_DWM_CH5_RX_HUNT_START acq=3 complete=15 cap=1021
DBG_DWM_CH5_RX_HUNT_EMPTY ret=-116 status=0x00000000 acq=3
DBG_ANCHOR_CH5_SCAN_RESCHED ret=1 delay=380
DBG_CH9_SKIP_STALE n=1 now=74203 next=74263 cnt=3448723722 reason=rx-select
DBG_CH9_RX_SLOT idx=0 cnt=3448723722 now=74203 start=74263 end=74383
DBG_CH9_EVENT_STATE state=granted peer=0x56da25fe4af6d141 start=74263 end=74383 reason=rx-slot
DBG_CH9_RX_START idx=0 now=74204 start=74263 end=74383 tail=60
DBG_CH9_RX_CONFIG_OK
DBG_CH9_RX_EARLY_ARM now=74222 start=74263 guard=60
DBG_CH9_RX_ARMED now=74222 start=74263 end=74383 deadline=74443
DBG_ANCHOR_CH5_SCAN_HANDLER role=2
DBG_ANCHOR_CH5_SCAN_BLOCKED win=0 survey=0 tx=0 retry_gap=0 wait=0 rx=0 rxq=0 rxr=0 ack=0 ch9=0 rf=1 retry=20 interval=380
DBG_ANCHOR_CH5_SCAN_RESCHED ret=1 delay=20
DBG_ANCHOR_CH5_SCAN_HANDLER role=2
DBG_ANCHOR_CH5_SCAN_BLOCKED win=0 survey=0 tx=0 retry_gap=0 wait=0 rx=0 rxq=0 rxr=0 ack=0 ch9=0 rf=1 retry=20 interval=380
DBG_ANCHOR_CH5_SCAN_RESCHED ret=1 delay=20
DBG_DWM_KEEP_IDLE reason=ch9-rx ch9=1 ack=0 qack=0 ret=0
DBG_CH9_RX_EMPTY
DBG_CH9_RX_TIMEOUT
DBG_CH9_RX_MISS frames=0 now=74444 start=74263 end=74383 fail=0
DBG_CH9_EVENT_STATE state=window_expired peer=0x56da25fe4af6d141 start=74263 end=74383 reason=rx-slot
DBG_ANCHOR_CH5_SCAN_HANDLER role=2
DBG_ANCHOR_CH5_SCAN_ARM now=74449 win=20 complete=15 interval=380 wait=0 tx=0
DBG_DWM_CH5_RX_HUNT_START acq=20 complete=15 cap=1021
DBG_DWM_CH5_RX_ACTIVITY_EXTEND ret=0 status=0x00000100 complete=15
DBG_DWM_CH5_RX_ACTIVITY_WAIT status=0x00000100 remain=15
DBG_DWM_CH5_RX_ACTIVITY_DONE raw=51 payload=49 status=0x00006f00 rearm=0 extended=1
DBG_ANCHOR_CH5_SCAN_DONE ret=0 len=49 fail=0 pre=1 q=100 rx_us=20000 complete=15
DBG_UWB_RX_CH5
DBG_ANCHOR_CH5_FRAME len=49 q=100 wake_ret=0
DBG_ANCHOR_ROUTE_WAKE_DISPATCH src=0x708bc0aab970300e evt=76002 attempt=1 flags=0x92 len=49 q=100
DBG_ANCHOR_CH5_POST_CH9_RECOVERY_SCAN win=20 ret=0 pre=1
DBG_C5_CONTACT phase=open state=2 peer=0x708bc0aab970300e purpose=route_solicit reason=wake-claim
DBG_C5_CONTACT phase=accepted state=2 peer=0x708bc0aab970300e purpose=route_solicit reason=wake-claim
DBG_ANCHOR_ROUTE_WAKE_HANDOFF src=0x708bc0aab970300e evt=76002 attempt=1 flags=0x92 embedded=0 listen=1326
DBG_C5_CONTACT phase=exchange state=3 peer=0x708bc0aab970300e purpose=route_solicit reason=anchor-route-wake-followup
DBG_ROUTE_REPLY_LISTEN_START
DBG_DWM_WAKE_MESH_CTRL_OK sfd=4073
DBG_ROUTE_REPLY_LISTEN_CONFIG ret=0 ext=1
DBG_DWM_CH5_RX_HUNT_START acq=61 complete=15 cap=1021
DBG_DWM_CH5_RX_ACTIVITY_EXTEND ret=0 status=0x00000100 complete=15
DBG_DWM_CH5_RX_ACTIVITY_WAIT status=0x00000100 remain=15
DBG_DWM_CH5_RX_ACTIVITY_DONE raw=51 payload=49 status=0x00006f00 rearm=0 extended=1
DBG_DWM_WAKE_MESH_CTRL_OK sfd=4073
DBG_ROUTE_REPLY_CLICK_PROBE_DONE duration_ms=43 outcome=restore ret=0
DBG_C5_RX_FAIL status=0x00001300 finfo=0x00000000 fail=4 phy=4 ch=5 plen=3 pac=2 txc=9 rxc=9 sfd=2 rate=0 phr=1 phrr=0 sfdto=4
DBG_DWM_CH5_RX_HUNT_START acq=61 complete=15 cap=1021
DBG_DWM_CH5_RX_ACTIVITY_EXTEND ret=0 status=0x00000100 complete=15
DBG_DWM_CH5_RX_ACTIVITY_WAIT status=0x00000100 remain=15
DBG_DWM_CH5_RX_ACTIVITY_DONE raw=51 payload=49 status=0x00006f00 rearm=0 extended=1
DBG_DWM_WAKE_MESH_CTRL_OK sfd=4073
DBG_ROUTE_REPLY_CLICK_PROBE_DONE duration_ms=43 outcome=restore ret=0
DBG_DWM_CH5_RX_HUNT_START acq=61 complete=15 cap=1021
DBG_DWM_CH5_RX_ACTIVITY_EXTEND ret=0 status=0x00000100 complete=15
DBG_DWM_CH5_RX_ACTIVITY_WAIT status=0x00000100 remain=15
DBG_DWM_CH5_RX_ACTIVITY_DONE raw=51 payload=49 status=0x00006f00 rearm=0 extended=1
DBG_DWM_WAKE_MESH_CTRL_OK sfd=4073
DBG_ROUTE_REPLY_CLICK_PROBE_DONE duration_ms=43 outcome=restore ret=0
DBG_DWM_CH5_RX_HUNT_START acq=61 complete=15 cap=1021
DBG_DWM_CH5_RX_ACTIVITY_EXTEND ret=0 status=0x00000100 complete=15
DBG_DWM_CH5_RX_ACTIVITY_WAIT status=0x00000100 remain=15
DBG_DWM_CH5_RX_ACTIVITY_DONE raw=51 payload=49 status=0x00006f00 rearm=0 extended=1
DBG_DWM_WAKE_MESH_CTRL_OK sfd=4073
DBG_ROUTE_REPLY_CLICK_PROBE_DONE duration_ms=43 outcome=restore ret=0
DBG_ROUTE_REPLY_RX_FRAME
DBG_UWB_RX_CH5
DBG_MESH_RX_QUEUED ch=5 msg=0x35 src=0x708bc0aab970300e dst=0x0 prev=0x708bc0aab970300e seq=3 q=1
DBG_MESH_RX_DEFERRED q=1 msg=0x35
DBG_ROUTE_REPLY_LISTEN_YIELD_REQUEST src=0x708bc0aab970300e prev=0x708bc0aab970300e target=0x9999888877776666
DBG_COORD state=mesh-rx owner=uwb-rx reason=mesh-rx rx=1 tx=0 relay=0 route=0 ack=0 qack=0
DBG_CH5_GAP_SCAN now=74771 win=100 next_delay=712
DBG_ROUTE_REPLY_LISTEN_DONE captured=1 ret=-11
DBG_C5_CONTACT phase=closing state=4 peer=0x708bc0aab970300e purpose=route_solicit reason=reply-listen-done
DBG_MESH_RX_DIRECT_RF_BUSY submit=0 q=1 reason=anchor-route-wake-followup
DBG_ANCHOR_ROUTE_WAKE_HANDOFF_DONE src=0x708bc0aab970300e embedded=0 ret=-11 pending=1
DBG_ANCHOR_ROUTE_WAKE_DISPATCH_DONE handled=1 len=49 q=100
DBG_ANCHOR_CH5_SCAN_RESCHED ret=1 delay=380
DBG_CH5_GAP_SCAN_DONE frames=0 last_error=0 now=74872 deadline=74871 click=0
DBG_DWM_KEEP_IDLE reason=mesh-rx ch9=1 ack=0 qack=0 ret=0
DBG_MESH_RX_WORK_WAIT q=1
DBG_MESH_RX_WORK_ENTER q=1
DBG_MESH_RX_DRAIN_ENTER owner=work q=1
DBG_RX_HANDLE msg=0x35 act=0x00000040 st=-10 q=0 sel=1 next=0x9999888877776666 hop=0
DBG_C5_CONTACT phase=open state=2 peer=0x708bc0aab970300e purpose=route_solicit reason=c5-control-rx
DBG_C5_CONTACT phase=accepted state=2 peer=0x708bc0aab970300e purpose=route_solicit reason=c5-control-rx
DBG_MESH_RX_DRAIN_EXIT owner=work handled=1 q=0
DBG_MESH_RX_WORK_EXIT handled=1 q=0
DBG_COORD state=idle owner=report-tx reason=idle rx=0 tx=0 relay=0 route=0 ack=0 qack=0
DBG_CH5_GAP_SCAN now=74876 win=100 next_delay=607
DBG_CH5_GAP_SCAN_DONE frames=0 last_error=0 now=74976 deadline=74976 click=0
DBG_DWM_KEEP_IDLE reason=mesh-rx ch9=1 ack=0 qack=0 ret=0
DBG_CH5_GAP_SCAN now=74977 win=100 next_delay=506
DBG_CH5_GAP_SCAN_DONE frames=0 last_error=0 now=75077 deadline=75077 click=0
DBG_DWM_KEEP_IDLE reason=mesh-rx ch9=1 ack=0 qack=0 ret=0
DBG_CH5_GAP_SCAN now=75078 win=100 next_delay=405
DBG_ANCHOR_CH5_SCAN_HANDLER role=2
DBG_ANCHOR_CH5_SCAN_BLOCKED win=0 survey=0 tx=0 retry_gap=0 wait=0 rx=0 rxq=0 rxr=0 ack=0 ch9=0 rf=1 retry=20 interval=380
DBG_ANCHOR_CH5_SCAN_RESCHED ret=1 delay=20
DBG_CH5_GAP_SCAN_DONE frames=0 last_error=0 now=75178 deadline=75178 click=0
DBG_DWM_KEEP_IDLE reason=mesh-rx ch9=1 ack=0 qack=0 ret=0
DBG_CH9_SKIP_STALE n=1 now=75179 next=75543 cnt=3448723724 reason=rx-delay
DBG_CH5_GAP_SCAN now=75179 win=100 next_delay=304
DBG_ANCHOR_CH5_SCAN_HANDLER role=2
DBG_ANCHOR_CH5_SCAN_BLOCKED win=0 survey=0 tx=0 retry_gap=0 wait=0 rx=0 rxq=0 rxr=0 ack=0 ch9=0 rf=1 retry=20 interval=380
DBG_ANCHOR_CH5_SCAN_RESCHED ret=1 delay=20
DBG_ANCHOR_CH5_SCAN_HANDLER role=2
DBG_ANCHOR_CH5_SCAN_BLOCKED win=0 survey=0 tx=0 retry_gap=0 wait=0 rx=0 rxq=0 rxr=0 ack=0 ch9=0 rf=1 retry=20 interval=380
DBG_ANCHOR_CH5_SCAN_RESCHED ret=1 delay=20
DBG_ANCHOR_CH5_SCAN_HANDLER role=2
DBG_ANCHOR_CH5_SCAN_BLOCKED win=0 survey=0 tx=0 retry_gap=0 wait=0 rx=0 rxq=0 rxr=0 ack=0 ch9=0 rf=1 retry=20 interval=380
DBG_ANCHOR_CH5_SCAN_RESCHED ret=1 delay=20
DBG_ANCHOR_CH5_SCAN_HANDLER role=2
DBG_ANCHOR_CH5_SCAN_BLOCKED win=0 survey=0 tx=0 retry_gap=0 wait=0 rx=0 rxq=0 rxr=0 ack=0 ch9=0 rf=1 retry=20 interval=380
DBG_ANCHOR_CH5_SCAN_RESCHED ret=1 delay=20
DBG_ANCHOR_CH5_SCAN_HANDLER role=2
DBG_CH5_GAP_SCAN_DONE frames=0 last_error=0 now=75279 deadline=75279 click=0
DBG_DWM_KEEP_IDLE reason=mesh-rx ch9=1 ack=0 qack=0 ret=0
DBG_CH5_GAP_SCAN now=75280 win=100 next_delay=203
DBG_ANCHOR_CH5_SCAN_BLOCKED win=0 survey=0 tx=0 retry_gap=0 wait=0 rx=0 rxq=0 rxr=0 ack=0 ch9=0 rf=1 retry=20 interval=380
DBG_ANCHOR_CH5_SCAN_RESCHED ret=1 delay=20
DBG_ANCHOR_CH5_SCAN_HANDLER role=2
DBG_ANCHOR_CH5_SCAN_BLOCKED win=0 survey=0 tx=0 retry_gap=0 wait=0 rx=0 rxq=0 rxr=0 ack=0 ch9=0 rf=1 retry=20 interval=380
DBG_ANCHOR_CH5_SCAN_RESCHED ret=1 delay=20
DBG_ANCHOR_CH5_SCAN_HANDLER role=2
DBG_ANCHOR_CH5_SCAN_BLOCKED win=0 survey=0 tx=0 retry_gap=0 wait=0 rx=0 rxq=0 rxr=0 ack=0 ch9=0 rf=1 retry=20 interval=380
DBG_ANCHOR_CH5_SCAN_RESCHED ret=1 delay=20
DBG_ANCHOR_CH5_SCAN_HANDLER role=2
DBG_ANCHOR_CH5_SCAN_BLOCKED win=0 survey=0 tx=0 retry_gap=0 wait=0 rx=0 rxq=0 rxr=0 ack=0 ch9=0 rf=1 retry=20 interval=380
DBG_ANCHOR_CH5_SCAN_RESCHED ret=1 delay=20
DBG_ANCHOR_CH5_SCAN_HANDLER role=2
DBG_CH5_GAP_SCAN_DONE frames=0 last_error=0 now=75380 deadline=75380 click=0
DBG_DWM_KEEP_IDLE reason=mesh-rx ch9=1 ack=0 qack=0 ret=0
DBG_CH5_GAP_SCAN now=75381 win=42 next_delay=102
DBG_ANCHOR_CH5_SCAN_BLOCKED win=0 survey=0 tx=0 retry_gap=0 wait=0 rx=0 rxq=0 rxr=0 ack=0 ch9=0 rf=1 retry=20 interval=380
DBG_ANCHOR_CH5_SCAN_RESCHED ret=1 delay=20
DBG_ANCHOR_CH5_SCAN_HANDLER role=2
DBG_ANCHOR_CH5_SCAN_BLOCKED win=0 survey=0 tx=0 retry_gap=0 wait=0 rx=0 rxq=0 rxr=0 ack=0 ch9=0 rf=1 retry=20 interval=380
DBG_ANCHOR_CH5_SCAN_RESCHED ret=1 delay=20
DBG_CH5_GAP_SCAN_DONE frames=0 last_error=0 now=75423 deadline=75423 click=0
DBG_DWM_KEEP_IDLE reason=mesh-rx ch9=1 ack=0 qack=0 ret=0
DBG_ANCHOR_CH5_SCAN_HANDLER role=2
DBG_ANCHOR_CH9_REARM delay=55 ret=1 ack=0
DBG_ANCHOR_CH5_SCAN_BLOCKED win=0 survey=0 tx=0 retry_gap=0 wait=0 rx=0 rxq=0 rxr=0 ack=0 ch9=1 rf=0 retry=300 interval=380
DBG_ANCHOR_CH5_SCAN_RESCHED ret=1 delay=300
DBG_CH9_RX_SLOT idx=0 cnt=3448723724 now=75483 start=75543 end=75663
DBG_CH9_EVENT_STATE state=granted peer=0x56da25fe4af6d141 start=75543 end=75663 reason=rx-slot
DBG_CH9_RX_START idx=0 now=75483 start=75543 end=75663 tail=60
DBG_CH9_RX_CONFIG_OK
DBG_CH9_RX_EARLY_ARM now=75502 start=75543 guard=60
DBG_CH9_RX_ARMED now=75502 start=75543 end=75663 deadline=75723
DBG_DWM_KEEP_IDLE reason=ch9-rx ch9=1 ack=0 qack=0 ret=0
DBG_CH9_RX_EMPTY
DBG_CH9_RX_TIMEOUT
DBG_CH9_RX_MISS frames=0 now=75724 start=75543 end=75663 fail=0
DBG_CH9_EVENT_STATE state=window_expired peer=0x56da25fe4af6d141 start=75543 end=75663 reason=rx-slot
DBG_ANCHOR_CH5_SCAN_HANDLER role=2
DBG_ANCHOR_CH5_SCAN_ARM now=75729 win=20 complete=15 interval=380 wait=0 tx=0
DBG_DWM_CH5_RX_HUNT_START acq=20 complete=15 cap=1021
DBG_DWM_CH5_RX_HUNT_EMPTY ret=-116 status=0x00000000 acq=20
DBG_ANCHOR_CH5_SCAN_DONE ret=-116 len=0 fail=1 pre=0 q=0 rx_us=20263 complete=15
DBG_ANCHOR_CH5_POST_CH9_RECOVERY_SCAN win=20 ret=-116 pre=0
DBG_ANCHOR_CH5_SCAN_RESCHED ret=1 delay=380
DBG_ANCHOR_CH5_SCAN_HANDLER role=2
DBG_DWM_CH5_RX_HUNT_START acq=3 complete=15 cap=1021
DBG_DWM_CH5_RX_HUNT_EMPTY ret=-116 status=0x00000000 acq=3
DBG_ANCHOR_CH5_SCAN_RESCHED ret=1 delay=380
DBG_ANCHOR_CH5_SCAN_HANDLER role=2
DBG_DWM_CH5_RX_HUNT_START acq=3 complete=15 cap=1021
DBG_DWM_CH5_RX_HUNT_EMPTY ret=-116 status=0x00000000 acq=3
DBG_ANCHOR_CH5_SCAN_RESCHED ret=1 delay=380
DBG_CH9_SKIP_STALE n=1 now=76763 next=76823 cnt=3448723726 reason=rx-select
DBG_CH9_RX_SLOT idx=0 cnt=3448723726 now=76763 start=76823 end=76943
DBG_CH9_EVENT_STATE state=granted peer=0x56da25fe4af6d141 start=76823 end=76943 reason=rx-slot
DBG_CH9_RX_START idx=0 now=76763 start=76823 end=76943 tail=60
DBG_CH9_RX_CONFIG_OK
DBG_CH9_RX_EARLY_ARM now=76782 start=76823 guard=60
DBG_CH9_RX_ARMED now=76782 start=76823 end=76943 deadline=77003
DBG_ANCHOR_CH5_SCAN_HANDLER role=2
DBG_ANCHOR_CH5_SCAN_BLOCKED win=0 survey=0 tx=0 retry_gap=0 wait=0 rx=0 rxq=0 rxr=0 ack=0 ch9=0 rf=1 retry=20 interval=380
DBG_ANCHOR_CH5_SCAN_RESCHED ret=1 delay=20
DBG_ANCHOR_CH5_SCAN_HANDLER role=2
DBG_ANCHOR_CH5_SCAN_BLOCKED win=0 survey=0 tx=0 retry_gap=0 wait=0 rx=0 rxq=0 rxr=0 ack=0 ch9=0 rf=1 retry=20 interval=380
DBG_ANCHOR_CH5_SCAN_RESCHED ret=1 delay=20
DBG_DWM_KEEP_IDLE reason=ch9-rx ch9=1 ack=0 qack=0 ret=0
DBG_CH9_RX_EMPTY
DBG_CH9_RX_TIMEOUT
DBG_CH9_RX_MISS frames=0 now=77005 start=76823 end=76943 fail=0
DBG_CH9_EVENT_STATE state=window_expired peer=0x56da25fe4af6d141 start=76823 end=76943 reason=rx-slot
DBG_ANCHOR_CH5_SCAN_HANDLER role=2
DBG_ANCHOR_CH5_SCAN_ARM now=77005 win=20 complete=15 interval=380 wait=0 tx=0
DBG_DWM_CH5_RX_HUNT_START acq=20 complete=15 cap=1021
DBG_DWM_CH5_RX_HUNT_EMPTY ret=-116 status=0x00000000 acq=20
DBG_ANCHOR_CH5_SCAN_DONE ret=-116 len=0 fail=1 pre=0 q=0 rx_us=20812 complete=15
DBG_ANCHOR_CH5_POST_CH9_RECOVERY_SCAN win=20 ret=-116 pre=0
DBG_ANCHOR_CH5_SCAN_RESCHED ret=1 delay=380
DBG_ANCHOR_CH5_SCAN_HANDLER role=2
DBG_DWM_CH5_RX_HUNT_START acq=3 complete=15 cap=1021
DBG_DWM_CH5_RX_HUNT_EMPTY ret=-116 status=0x00000000 acq=3
DBG_ANCHOR_CH5_SCAN_RESCHED ret=1 delay=380
DBG_ANCHOR_CH5_SCAN_HANDLER role=2
DBG_DWM_CH5_RX_HUNT_START acq=3 complete=15 cap=1021
DBG_DWM_CH5_RX_HUNT_EMPTY ret=-116 status=0x00000000 acq=3
DBG_ANCHOR_CH5_SCAN_RESCHED ret=1 delay=380
DBG_CH9_SKIP_STALE n=1 now=78043 next=78103 cnt=3448723728 reason=rx-select
DBG_CH9_RX_SLOT idx=0 cnt=3448723728 now=78043 start=78103 end=78223
DBG_CH9_EVENT_STATE state=granted peer=0x56da25fe4af6d141 start=78103 end=78223 reason=rx-slot
DBG_CH9_RX_START idx=0 now=78044 start=78103 end=78223 tail=60
DBG_CH9_RX_CONFIG_OK
DBG_CH9_RX_EARLY_ARM now=78062 start=78103 guard=60
DBG_CH9_RX_ARMED now=78062 start=78103 end=78223 deadline=78283
DBG_ANCHOR_CH5_SCAN_HANDLER role=2
DBG_ANCHOR_CH5_SCAN_BLOCKED win=0 survey=0 tx=0 retry_gap=0 wait=0 rx=0 rxq=0 rxr=0 ack=0 ch9=0 rf=1 retry=20 interval=380
DBG_ANCHOR_CH5_SCAN_RESCHED ret=1 delay=20
DBG_ANCHOR_CH5_SCAN_HANDLER role=2
DBG_ANCHOR_CH5_SCAN_BLOCKED win=0 survey=0 tx=0 retry_gap=0 wait=0 rx=0 rxq=0 rxr=0 ack=0 ch9=0 rf=1 retry=20 interval=380
DBG_ANCHOR_CH5_SCAN_RESCHED ret=1 delay=20
DBG_DWM_KEEP_IDLE reason=ch9-rx ch9=1 ack=0 qack=0 ret=0
DBG_CH9_RX_EMPTY
DBG_CH9_RX_TIMEOUT
DBG_CH9_RX_MISS frames=0 now=78285 start=78103 end=78223 fail=0
DBG_CH9_EVENT_STATE state=window_expired peer=0x56da25fe4af6d141 start=78103 end=78223 reason=rx-slot
DBG_ANCHOR_CH5_SCAN_HANDLER role=2
DBG_ANCHOR_CH5_SCAN_ARM now=78285 win=20 complete=15 interval=380 wait=0 tx=0
DBG_DWM_CH5_RX_HUNT_START acq=20 complete=15 cap=1021
DBG_DWM_CH5_RX_HUNT_EMPTY ret=-116 status=0x00000000 acq=20
DBG_ANCHOR_CH5_SCAN_DONE ret=-116 len=0 fail=1 pre=0 q=0 rx_us=20996 complete=15
DBG_ANCHOR_CH5_POST_CH9_RECOVERY_SCAN win=20 ret=-116 pre=0
DBG_ANCHOR_CH5_SCAN_RESCHED ret=1 delay=380
DBG_ANCHOR_CH5_SCAN_HANDLER role=2
DBG_DWM_CH5_RX_HUNT_START acq=3 complete=15 cap=1021
DBG_DWM_CH5_RX_ACTIVITY_EXTEND ret=0 status=0x00000100 complete=15
DBG_DWM_CH5_RX_ACTIVITY_WAIT status=0x00000100 remain=15
DBG_DWM_CH5_RX_ACTIVITY_DONE raw=51 payload=49 status=0x00006f00 rearm=0 extended=1
DBG_ANCHOR_CH5_SCAN_DONE ret=0 len=49 fail=0 pre=1 q=100 rx_us=3000 complete=15
DBG_UWB_RX_CH5
DBG_ANCHOR_CH5_FRAME len=49 q=100 wake_ret=0
DBG_ANCHOR_ROUTE_WAKE_DISPATCH src=0x56da25fe4af6d141 evt=81878 attempt=1 flags=0x92 len=49 q=100
DBG_C5_CONTACT phase=closing state=4 peer=0x708bc0aab970300e purpose=route_solicit reason=replace
DBG_C5_CONTACT phase=open state=2 peer=0x56da25fe4af6d141 purpose=route_solicit reason=wake-claim
DBG_C5_CONTACT phase=accepted state=2 peer=0x56da25fe4af6d141 purpose=route_solicit reason=wake-claim
DBG_ANCHOR_ROUTE_WAKE_HANDOFF src=0x56da25fe4af6d141 evt=81878 attempt=1 flags=0x92 embedded=0 listen=1250
DBG_C5_CONTACT phase=exchange state=3 peer=0x56da25fe4af6d141 purpose=route_solicit reason=anchor-route-wake-followup
DBG_DWM_WAKE_MESH_CTRL_OK sfd=4073
DBG_ROUTE_REPLY_LISTEN_CONFIG ret=0 ext=1
DBG_DWM_CH5_RX_HUNT_START acq=61 complete=15 cap=1021
DBG_DWM_CH5_RX_HUNT_EMPTY ret=-116 status=0x00000000 acq=61
DBG_DWM_WAKE_MESH_CTRL_OK sfd=4073
DBG_ROUTE_REPLY_CLICK_PROBE_DONE duration_ms=99 outcome=restore ret=0
DBG_C5_RX_FAIL status=0x00001700 finfo=0x00000000 fail=4 phy=4 ch=5 plen=3 pac=2 txc=9 rxc=9 sfd=2 rate=0 phr=1 phrr=0 sfdto=4
DBG_ROUTE_REPLY_RX_FRAME
DBG_UWB_RX_CH5
DBG_MESH_RX_QUEUED ch=5 msg=0x35 src=0x708bc0aab970300e dst=0x0 prev=0x56da25fe4af6d141 seq=3 q=1
DBG_MESH_RX_DEFERRED q=1 msg=0x35
DBG_ROUTE_REPLY_LISTEN_YIELD_REQUEST src=0x708bc0aab970300e prev=0x56da25fe4af6d141 target=0x9999888877776666
DBG_COORD state=mesh-rx owner=uwb-rx reason=mesh-rx rx=1 tx=0 relay=0 route=0 ack=0 qack=0
DBG_CH5_GAP_SCAN now=78886 win=100 next_delay=437
DBG_ROUTE_REPLY_LISTEN_DONE captured=1 ret=-11
DBG_C5_CONTACT phase=closing state=4 peer=0x56da25fe4af6d141 purpose=route_solicit reason=reply-listen-done
DBG_MESH_RX_DIRECT_RF_BUSY submit=0 q=1 reason=anchor-route-wake-followup
DBG_ANCHOR_ROUTE_WAKE_HANDOFF_DONE src=0x56da25fe4af6d141 embedded=0 ret=-11 pending=1
DBG_ANCHOR_ROUTE_WAKE_DISPATCH_DONE handled=1 len=49 q=100
DBG_ANCHOR_CH5_SCAN_RESCHED ret=1 delay=380
DBG_CH5_GAP_SCAN_DONE frames=0 last_error=0 now=78987 deadline=78986 click=0
DBG_DWM_KEEP_IDLE reason=mesh-rx ch9=1 ack=0 qack=0 ret=0
DBG_CH9_SKIP_STALE n=1 now=78988 next=79383 cnt=3448723730 reason=rx-delay
DBG_MESH_RX_WORK_WAIT q=1
DBG_MESH_RX_WORK_ENTER q=1
DBG_MESH_RX_DRAIN_ENTER owner=work q=1
DBG_RX_HANDLE msg=0x35 act=0x00001000 st=0 q=0 sel=1 next=0x9999888877776666 hop=0
DBG_C5_CONTACT phase=open state=2 peer=0x56da25fe4af6d141 purpose=route_solicit reason=c5-control-rx
DBG_C5_CONTACT phase=accepted state=2 peer=0x56da25fe4af6d141 purpose=route_solicit reason=c5-control-rx
DBG_ROUTE_REPLY_ACTION reason=route-reply-action next=0x56da25fe4af6d141 seq=4 backup=0
DBG_ROUTE_REPLY_ETA_WAIT delay=142 earliest=79133 now=78991
DBG_C5_CONTACT phase=closing state=4 peer=0x56da25fe4af6d141 purpose=route_solicit reason=replace
DBG_C5_CONTACT phase=open state=2 peer=0x56da25fe4af6d141 purpose=route_reply reason=route-reply-action
DBG_C5_CONTACT phase=accepted state=2 peer=0x56da25fe4af6d141 purpose=route_reply reason=route-reply-action
DBG_C5_CONTACT phase=exchange state=3 peer=0x56da25fe4af6d141 purpose=route_reply reason=route-reply-action
DBG_C5_CONTACT phase=exchange state=3 peer=0x56da25fe4af6d141 purpose=route_reply reason=route-reply
DBG_COORD state=idle owner=route-reply reason=idle rx=0 tx=0 relay=0 route=0 ack=0 qack=0
DBG_DWM_WAKE_MESH_CTRL_OK sfd=4073
DBG_C5_TX_CONFIG ret=0 ext=1 len=203 msg=36 reason=route-reply
DBG_UWB_TX_CH5
DBG_C5_CONTACT phase=exchange state=3 peer=0x56da25fe4af6d141 purpose=route_reply reason=route-reply
DBG_ROUTE_REPLY_TX_REPEAT attempt=0 idx=0 ret=0 sent=1
DBG_C5_CONTACT phase=exchange state=3 peer=0x56da25fe4af6d141 purpose=route_reply reason=route-reply-ack-listen
DBG_ANCHOR_CH5_SCAN_HANDLER role=2
DBG_ANCHOR_CH5_SCAN_BLOCKED win=0 survey=0 tx=0 retry_gap=0 wait=0 rx=0 rxq=0 rxr=0 ack=0 ch9=0 rf=1 retry=20 interval=380
DBG_ANCHOR_CH5_SCAN_RESCHED ret=1 delay=20
DBG_ANCHOR_CH5_SCAN_HANDLER role=2
DBG_ANCHOR_CH5_SCAN_BLOCKED win=0 survey=0 tx=0 retry_gap=0 wait=0 rx=0 rxq=0 rxr=0 ack=0 ch9=0 rf=1 retry=20 interval=380
DBG_ANCHOR_CH5_SCAN_RESCHED ret=1 delay=20
DBG_ANCHOR_CH5_SCAN_HANDLER role=2
DBG_ANCHOR_CH5_SCAN_BLOCKED win=0 survey=0 tx=0 retry_gap=0 wait=0 rx=0 rxq=0 rxr=0 ack=0 ch9=0 rf=1 retry=20 interval=380
DBG_ANCHOR_CH5_SCAN_RESCHED ret=1 delay=20
DBG_ROUTE_REPLY_ATTEMPT attempt=0 send=0 listen=-116 listened=1
DBG_C5_CONTACT phase=closing state=4 peer=0x56da25fe4af6d141 purpose=route_reply reason=expired
DBG_C5_CONTACT phase=open state=1 peer=0x56da25fe4af6d141 purpose=route_reply reason=route-reply
DBG_WAKE_TRAIN_GUARD_OK
DBG_ANCHOR_CH5_SCAN_HANDLER role=2
DBG_ANCHOR_CH5_SCAN_BLOCKED win=0 survey=0 tx=0 retry_gap=0 wait=0 rx=0 rxq=0 rxr=0 ack=0 ch9=0 rf=1 retry=20 interval=380
DBG_ANCHOR_CH5_SCAN_RESCHED ret=1 delay=20
DBG_ANCHOR_CH5_SCAN_HANDLER role=2
DBG_WAKE_TRAIN_CONFIG_BEGIN
DBG_ANCHOR_CH5_SCAN_BLOCKED win=0 survey=0 tx=0 retry_gap=0 wait=0 rx=0 rxq=0 rxr=0 ack=0 ch9=0 rf=1 retry=20 interval=380
DBG_ANCHOR_CH5_SCAN_RESCHED ret=1 delay=20
DBG_WAKE_TRAIN_CONFIG_OK
DBG_WAKE_TRAIN_FIRST_SEND_BEGIN
DBG_ANCHOR_CH5_SCAN_HANDLER role=2
DBG_WAKE_TRAIN_FIRST_SEND_OK
DBG_UWB_TX_CH5
DBG_TX_WAKE_CLAIM_SENT
DBG_ANCHOR_CH5_SCAN_BLOCKED win=0 survey=0 tx=0 retry_gap=0 wait=0 rx=0 rxq=0 rxr=0 ack=0 ch9=0 rf=1 retry=20 interval=380
DBG_ANCHOR_CH5_SCAN_RESCHED ret=1 delay=20
DBG_UWB_TX_CH5
DBG_TX_WAKE_CLAIM_SENT
DBG_UWB_TX_CH5
DBG_TX_WAKE_CLAIM_SENT
DBG_UWB_TX_CH5
DBG_TX_WAKE_CLAIM_SENT
DBG_DWM_CH5_RX_HUNT_START acq=3 complete=15 cap=125
DBG_ANCHOR_CH5_SCAN_HANDLER role=2
DBG_DWM_CH5_RX_HUNT_EMPTY ret=-116 status=0x00000000 acq=3
DBG_ANCHOR_CH5_SCAN_BLOCKED win=0 survey=0 tx=0 retry_gap=0 wait=0 rx=0 rxq=0 rxr=0 ack=0 ch9=0 rf=1 retry=20 interval=380
DBG_ANCHOR_CH5_SCAN_RESCHED ret=1 delay=20
DBG_UWB_TX_CH5
DBG_TX_WAKE_CLAIM_SENT
DBG_UWB_TX_CH5
DBG_TX_WAKE_CLAIM_SENT
DBG_UWB_TX_CH5
DBG_TX_WAKE_CLAIM_SENT
DBG_DWM_CH5_RX_HUNT_START acq=3 complete=15 cap=125
DBG_ANCHOR_CH5_SCAN_HANDLER role=2
DBG_DWM_CH5_RX_HUNT_EMPTY ret=-116 status=0x00000000 acq=3
DBG_ANCHOR_CH5_SCAN_BLOCKED win=0 survey=0 tx=0 retry_gap=0 wait=0 rx=0 rxq=0 rxr=0 ack=0 ch9=0 rf=1 retry=20 interval=380
DBG_ANCHOR_CH5_SCAN_RESCHED ret=1 delay=20
DBG_UWB_TX_CH5
DBG_TX_WAKE_CLAIM_SENT
DBG_UWB_TX_CH5
DBG_TX_WAKE_CLAIM_SENT
DBG_UWB_TX_CH5
DBG_TX_WAKE_CLAIM_SENT
DBG_DWM_CH5_RX_HUNT_START acq=3 complete=15 cap=125
DBG_ANCHOR_CH5_SCAN_HANDLER role=2
DBG_DWM_CH5_RX_HUNT_EMPTY ret=-116 status=0x00000000 acq=3
DBG_ANCHOR_CH5_SCAN_BLOCKED win=0 survey=0 tx=0 retry_gap=0 wait=0 rx=0 rxq=0 rxr=0 ack=0 ch9=0 rf=1 retry=20 interval=380
DBG_ANCHOR_CH5_SCAN_RESCHED ret=1 delay=20
DBG_UWB_TX_CH5
DBG_TX_WAKE_CLAIM_SENT
DBG_UWB_TX_CH5
DBG_TX_WAKE_CLAIM_SENT
DBG_UWB_TX_CH5
DBG_TX_WAKE_CLAIM_SENT
DBG_DWM_CH5_RX_HUNT_START acq=3 complete=15 cap=125
DBG_ANCHOR_CH5_SCAN_HANDLER role=2
DBG_DWM_CH5_RX_HUNT_EMPTY ret=-116 status=0x00000000 acq=3
DBG_ANCHOR_CH5_SCAN_BLOCKED win=0 survey=0 tx=0 retry_gap=0 wait=0 rx=0 rxq=0 rxr=0 ack=0 ch9=0 rf=1 retry=20 interval=380
DBG_ANCHOR_CH5_SCAN_RESCHED ret=1 delay=20
DBG_UWB_TX_CH5
DBG_TX_WAKE_CLAIM_SENT
DBG_UWB_TX_CH5
DBG_TX_WAKE_CLAIM_SENT
DBG_UWB_TX_CH5
DBG_TX_WAKE_CLAIM_SENT
DBG_DWM_CH5_RX_HUNT_START acq=3 complete=15 cap=125
DBG_ANCHOR_CH5_SCAN_HANDLER role=2
DBG_DWM_CH5_RX_HUNT_EMPTY ret=-116 status=0x00000000 acq=3
DBG_ANCHOR_CH5_SCAN_BLOCKED win=0 survey=0 tx=0 retry_gap=0 wait=0 rx=0 rxq=0 rxr=0 ack=0 ch9=0 rf=1 retry=20 interval=380
DBG_ANCHOR_CH5_SCAN_RESCHED ret=1 delay=20
DBG_UWB_TX_CH5
DBG_TX_WAKE_CLAIM_SENT
DBG_UWB_TX_CH5
DBG_TX_WAKE_CLAIM_SENT
DBG_UWB_TX_CH5
DBG_TX_WAKE_CLAIM_SENT
DBG_DWM_CH5_RX_HUNT_START acq=3 complete=15 cap=125
DBG_ANCHOR_CH5_SCAN_HANDLER role=2
DBG_DWM_CH5_RX_HUNT_EMPTY ret=-116 status=0x00000000 acq=3
DBG_ANCHOR_CH5_SCAN_BLOCKED win=0 survey=0 tx=0 retry_gap=0 wait=0 rx=0 rxq=0 rxr=0 ack=0 ch9=0 rf=1 retry=20 interval=380
DBG_ANCHOR_CH5_SCAN_RESCHED ret=1 delay=20
DBG_UWB_TX_CH5
DBG_TX_WAKE_CLAIM_SENT
DBG_UWB_TX_CH5
DBG_TX_WAKE_CLAIM_SENT
DBG_UWB_TX_CH5
DBG_TX_WAKE_CLAIM_SENT
DBG_DWM_CH5_RX_HUNT_START acq=3 complete=15 cap=125
DBG_ANCHOR_CH5_SCAN_HANDLER role=2
DBG_DWM_CH5_RX_HUNT_EMPTY ret=-116 status=0x00000000 acq=3
DBG_ANCHOR_CH5_SCAN_BLOCKED win=0 survey=0 tx=0 retry_gap=0 wait=0 rx=0 rxq=0 rxr=0 ack=0 ch9=0 rf=1 retry=20 interval=380
DBG_ANCHOR_CH5_SCAN_RESCHED ret=1 delay=20
DBG_UWB_TX_CH5
DBG_TX_WAKE_CLAIM_SENT
DBG_UWB_TX_CH5
DBG_TX_WAKE_CLAIM_SENT
DBG_UWB_TX_CH5
DBG_TX_WAKE_CLAIM_SENT
DBG_DWM_CH5_RX_HUNT_START acq=3 complete=15 cap=125
DBG_ANCHOR_CH5_SCAN_HANDLER role=2
DBG_DWM_CH5_RX_HUNT_EMPTY ret=-116 status=0x00000000 acq=3
DBG_ANCHOR_CH5_SCAN_BLOCKED win=0 survey=0 tx=0 retry_gap=0 wait=0 rx=0 rxq=0 rxr=0 ack=0 ch9=0 rf=1 retry=20 interval=380
DBG_ANCHOR_CH5_SCAN_RESCHED ret=1 delay=20
DBG_UWB_TX_CH5
DBG_TX_WAKE_CLAIM_SENT
DBG_UWB_TX_CH5
DBG_TX_WAKE_CLAIM_SENT
DBG_UWB_TX_CH5
DBG_TX_WAKE_CLAIM_SENT
DBG_DWM_CH5_RX_HUNT_START acq=3 complete=15 cap=125
DBG_ANCHOR_CH5_SCAN_HANDLER role=2
DBG_DWM_CH5_RX_HUNT_EMPTY ret=-116 status=0x00000000 acq=3
DBG_ANCHOR_CH5_SCAN_BLOCKED win=0 survey=0 tx=0 retry_gap=0 wait=0 rx=0 rxq=0 rxr=0 ack=0 ch9=0 rf=1 retry=20 interval=380
DBG_ANCHOR_CH5_SCAN_RESCHED ret=1 delay=20
DBG_UWB_TX_CH5
DBG_TX_WAKE_CLAIM_SENT
DBG_UWB_TX_CH5
DBG_TX_WAKE_CLAIM_SENT
DBG_UWB_TX_CH5
DBG_TX_WAKE_CLAIM_SENT
DBG_DWM_CH5_RX_HUNT_START acq=3 complete=15 cap=125
DBG_ANCHOR_CH5_SCAN_HANDLER role=2
DBG_DWM_CH5_RX_HUNT_EMPTY ret=-116 status=0x00000000 acq=3
DBG_ANCHOR_CH5_SCAN_BLOCKED win=0 survey=0 tx=0 retry_gap=0 wait=0 rx=0 rxq=0 rxr=0 ack=0 ch9=0 rf=1 retry=20 interval=380
DBG_ANCHOR_CH5_SCAN_RESCHED ret=1 delay=20
DBG_UWB_TX_CH5
DBG_TX_WAKE_CLAIM_SENT
DBG_UWB_TX_CH5
DBG_TX_WAKE_CLAIM_SENT
DBG_UWB_TX_CH5
DBG_TX_WAKE_CLAIM_SENT
DBG_DWM_CH5_RX_HUNT_START acq=3 complete=15 cap=125
DBG_ANCHOR_CH5_SCAN_HANDLER role=2
DBG_DWM_CH5_RX_HUNT_EMPTY ret=-116 status=0x00000000 acq=3
DBG_ANCHOR_CH5_SCAN_BLOCKED win=0 survey=0 tx=0 retry_gap=0 wait=0 rx=0 rxq=0 rxr=0 ack=0 ch9=0 rf=1 retry=20 interval=380
DBG_ANCHOR_CH5_SCAN_RESCHED ret=1 delay=20
DBG_UWB_TX_CH5
DBG_TX_WAKE_CLAIM_SENT
DBG_UWB_TX_CH5
DBG_TX_WAKE_CLAIM_SENT
DBG_UWB_TX_CH5
DBG_TX_WAKE_CLAIM_SENT
DBG_DWM_CH5_RX_HUNT_START acq=3 complete=15 cap=125
DBG_ANCHOR_CH5_SCAN_HANDLER role=2
DBG_DWM_CH5_RX_HUNT_EMPTY ret=-116 status=0x00000000 acq=3
DBG_ANCHOR_CH5_SCAN_BLOCKED win=0 survey=0 tx=0 retry_gap=0 wait=0 rx=0 rxq=0 rxr=0 ack=0 ch9=0 rf=1 retry=20 interval=380
DBG_ANCHOR_CH5_SCAN_RESCHED ret=1 delay=20
DBG_UWB_TX_CH5
DBG_TX_WAKE_CLAIM_SENT
DBG_UWB_TX_CH5
DBG_TX_WAKE_CLAIM_SENT
DBG_UWB_TX_CH5
DBG_TX_WAKE_CLAIM_SENT
DBG_DWM_CH5_RX_HUNT_START acq=3 complete=15 cap=125
DBG_ANCHOR_CH5_SCAN_HANDLER role=2
DBG_DWM_CH5_RX_HUNT_EMPTY ret=-116 status=0x00000000 acq=3
DBG_ANCHOR_CH5_SCAN_BLOCKED win=0 survey=0 tx=0 retry_gap=0 wait=0 rx=0 rxq=0 rxr=0 ack=0 ch9=0 rf=1 retry=20 interval=380
DBG_ANCHOR_CH5_SCAN_RESCHED ret=1 delay=20
DBG_UWB_TX_CH5
DBG_TX_WAKE_CLAIM_SENT
DBG_UWB_TX_CH5
DBG_TX_WAKE_CLAIM_SENT
DBG_UWB_TX_CH5
DBG_TX_WAKE_CLAIM_SENT
DBG_DWM_CH5_RX_HUNT_START acq=3 complete=15 cap=125
DBG_ANCHOR_CH5_SCAN_HANDLER role=2
DBG_DWM_CH5_RX_HUNT_EMPTY ret=-116 status=0x00000000 acq=3
DBG_ANCHOR_CH5_SCAN_BLOCKED win=0 survey=0 tx=0 retry_gap=0 wait=0 rx=0 rxq=0 rxr=0 ack=0 ch9=0 rf=1 retry=20 interval=380
DBG_ANCHOR_CH5_SCAN_RESCHED ret=1 delay=20
DBG_UWB_TX_CH5
DBG_TX_WAKE_CLAIM_SENT
DBG_UWB_TX_CH5
DBG_TX_WAKE_CLAIM_SENT
DBG_UWB_TX_CH5
DBG_TX_WAKE_CLAIM_SENT
DBG_DWM_CH5_RX_HUNT_START acq=3 complete=15 cap=125
DBG_ANCHOR_CH5_SCAN_HANDLER role=2
DBG_DWM_CH5_RX_HUNT_EMPTY ret=-116 status=0x00000000 acq=3
DBG_ANCHOR_CH5_SCAN_BLOCKED win=0 survey=0 tx=0 retry_gap=0 wait=0 rx=0 rxq=0 rxr=0 ack=0 ch9=0 rf=1 retry=20 interval=380
DBG_ANCHOR_CH5_SCAN_RESCHED ret=1 delay=20
DBG_UWB_TX_CH5
DBG_TX_WAKE_CLAIM_SENT
DBG_UWB_TX_CH5
DBG_TX_WAKE_CLAIM_SENT
DBG_UWB_TX_CH5
DBG_TX_WAKE_CLAIM_SENT
DBG_DWM_CH5_RX_HUNT_START acq=3 complete=15 cap=125
DBG_ANCHOR_CH5_SCAN_HANDLER role=2
DBG_DWM_CH5_RX_HUNT_EMPTY ret=-116 status=0x00000000 acq=3
DBG_ANCHOR_CH5_SCAN_BLOCKED win=0 survey=0 tx=0 retry_gap=0 wait=0 rx=0 rxq=0 rxr=0 ack=0 ch9=0 rf=1 retry=20 interval=380
DBG_ANCHOR_CH5_SCAN_RESCHED ret=1 delay=20
DBG_UWB_TX_CH5
DBG_TX_WAKE_CLAIM_SENT
DBG_UWB_TX_CH5
DBG_TX_WAKE_CLAIM_SENT
DBG_UWB_TX_CH5
DBG_TX_WAKE_CLAIM_SENT
DBG_DWM_CH5_RX_HUNT_START acq=3 complete=15 cap=125
DBG_ANCHOR_CH5_SCAN_HANDLER role=2
DBG_DWM_CH5_RX_HUNT_EMPTY ret=-116 status=0x00000000 acq=3
DBG_ANCHOR_CH5_SCAN_BLOCKED win=0 survey=0 tx=0 retry_gap=0 wait=0 rx=0 rxq=0 rxr=0 ack=0 ch9=0 rf=1 retry=20 interval=380
DBG_ANCHOR_CH5_SCAN_RESCHED ret=1 delay=20
DBG_UWB_TX_CH5
DBG_TX_WAKE_CLAIM_SENT
DBG_ANCHOR_CH5_SCAN_HANDLER role=2
DBG_ANCHOR_CH5_SCAN_BLOCKED win=0 survey=0 tx=0 retry_gap=0 wait=0 rx=0 rxq=0 rxr=0 ack=0 ch9=0 rf=1 retry=20 interval=380
DBG_ANCHOR_CH5_SCAN_RESCHED ret=1 delay=20
DBG_C5_CONTACT phase=closing state=4 peer=0x56da25fe4af6d141 purpose=route_reply reason=replace
DBG_C5_CONTACT phase=open state=2 peer=0x56da25fe4af6d141 purpose=route_solicit reason=route-reply
DBG_C5_CONTACT phase=accepted state=2 peer=0x56da25fe4af6d141 purpose=route_solicit reason=route-reply
DBG_C5_CONTROL_FOLLOWUP_TURNAROUND delay=60 msg=36 reason=route-reply
DBG_ANCHOR_CH5_SCAN_HANDLER role=2
DBG_ANCHOR_CH9_REARM delay=0 ret=1 ack=0
DBG_ANCHOR_CH5_SCAN_BLOCKED win=0 survey=0 tx=0 retry_gap=0 wait=0 rx=0 rxq=0 rxr=0 ack=0 ch9=1 rf=0 retry=245 interval=380
DBG_ANCHOR_CH5_SCAN_RESCHED ret=1 delay=245
DBG_C5_CONTACT phase=closing state=4 peer=0x56da25fe4af6d141 purpose=route_solicit reason=replace
DBG_C5_CONTACT phase=open state=2 peer=0x56da25fe4af6d141 purpose=route_reply reason=route-reply
DBG_C5_CONTACT phase=accepted state=2 peer=0x56da25fe4af6d141 purpose=route_reply reason=route-reply
DBG_C5_CONTACT phase=exchange state=3 peer=0x56da25fe4af6d141 purpose=route_reply reason=route-reply
DBG_DWM_WAKE_MESH_CTRL_OK sfd=4073
DBG_C5_TX_CONFIG ret=0 ext=1 len=203 msg=36 reason=route-reply
DBG_UWB_TX_CH5
DBG_C5_CONTACT phase=exchange state=3 peer=0x56da25fe4af6d141 purpose=route_reply reason=route-reply
DBG_ROUTE_REPLY_TX_REPEAT attempt=1 idx=0 ret=0 sent=1
DBG_C5_CONTACT phase=exchange state=3 peer=0x56da25fe4af6d141 purpose=route_reply reason=route-reply-ack-listen
DBG_ANCHOR_CH5_SCAN_HANDLER role=2
DBG_ANCHOR_CH5_SCAN_BLOCKED win=0 survey=0 tx=0 retry_gap=0 wait=0 rx=0 rxq=0 rxr=0 ack=0 ch9=0 rf=1 retry=20 interval=380
DBG_ANCHOR_CH5_SCAN_RESCHED ret=1 delay=20
DBG_ROUTE_REPLY_ATTEMPT attempt=1 send=0 listen=-116 listened=1
DBG_C5_CONTACT phase=closing state=4 peer=0x56da25fe4af6d141 purpose=route_reply reason=expired
DBG_C5_CONTACT phase=open state=1 peer=0x56da25fe4af6d141 purpose=route_reply reason=route-reply
DBG_WAKE_TRAIN_GUARD_OK
DBG_ANCHOR_CH5_SCAN_HANDLER role=2
DBG_ANCHOR_CH5_SCAN_BLOCKED win=0 survey=0 tx=0 retry_gap=0 wait=0 rx=0 rxq=0 rxr=0 ack=0 ch9=0 rf=1 retry=20 interval=380
DBG_ANCHOR_CH5_SCAN_RESCHED ret=1 delay=20
DBG_ANCHOR_CH5_SCAN_HANDLER role=2
DBG_WAKE_TRAIN_CONFIG_BEGIN
DBG_ANCHOR_CH5_SCAN_BLOCKED win=0 survey=0 tx=0 retry_gap=0 wait=0 rx=0 rxq=0 rxr=0 ack=0 ch9=0 rf=1 retry=20 interval=380
DBG_ANCHOR_CH5_SCAN_RESCHED ret=1 delay=20
DBG_WAKE_TRAIN_CONFIG_OK
DBG_WAKE_TRAIN_FIRST_SEND_BEGIN
DBG_ANCHOR_CH5_SCAN_HANDLER role=2
DBG_WAKE_TRAIN_FIRST_SEND_OK
DBG_UWB_TX_CH5
DBG_TX_WAKE_CLAIM_SENT
DBG_ANCHOR_CH5_SCAN_BLOCKED win=0 survey=0 tx=0 retry_gap=0 wait=0 rx=0 rxq=0 rxr=0 ack=0 ch9=0 rf=1 retry=20 interval=380
DBG_ANCHOR_CH5_SCAN_RESCHED ret=1 delay=20
DBG_UWB_TX_CH5
DBG_TX_WAKE_CLAIM_SENT
DBG_UWB_TX_CH5
DBG_TX_WAKE_CLAIM_SENT
DBG_UWB_TX_CH5
DBG_TX_WAKE_CLAIM_SENT
DBG_DWM_CH5_RX_HUNT_START acq=3 complete=15 cap=125
DBG_ANCHOR_CH5_SCAN_HANDLER role=2
DBG_DWM_CH5_RX_HUNT_EMPTY ret=-116 status=0x00000000 acq=3
DBG_ANCHOR_CH5_SCAN_BLOCKED win=0 survey=0 tx=0 retry_gap=0 wait=0 rx=0 rxq=0 rxr=0 ack=0 ch9=0 rf=1 retry=20 interval=380
DBG_ANCHOR_CH5_SCAN_RESCHED ret=1 delay=20
DBG_UWB_TX_CH5
DBG_TX_WAKE_CLAIM_SENT
DBG_UWB_TX_CH5
DBG_TX_WAKE_CLAIM_SENT
DBG_UWB_TX_CH5
DBG_TX_WAKE_CLAIM_SENT
DBG_DWM_CH5_RX_HUNT_START acq=3 complete=15 cap=125
DBG_ANCHOR_CH5_SCAN_HANDLER role=2
DBG_DWM_CH5_RX_HUNT_EMPTY ret=-116 status=0x00000000 acq=3
DBG_ANCHOR_CH5_SCAN_BLOCKED win=0 survey=0 tx=0 retry_gap=0 wait=0 rx=0 rxq=0 rxr=0 ack=0 ch9=0 rf=1 retry=20 interval=380
DBG_ANCHOR_CH5_SCAN_RESCHED ret=1 delay=20
DBG_UWB_TX_CH5
DBG_TX_WAKE_CLAIM_SENT
DBG_UWB_TX_CH5
DBG_TX_WAKE_CLAIM_SENT
DBG_UWB_TX_CH5
DBG_TX_WAKE_CLAIM_SENT
DBG_DWM_CH5_RX_HUNT_START acq=3 complete=15 cap=125
DBG_ANCHOR_CH5_SCAN_HANDLER role=2
DBG_DWM_CH5_RX_HUNT_EMPTY ret=-116 status=0x00000000 acq=3
DBG_ANCHOR_CH5_SCAN_BLOCKED win=0 survey=0 tx=0 retry_gap=0 wait=0 rx=0 rxq=0 rxr=0 ack=0 ch9=0 rf=1 retry=20 interval=380
DBG_ANCHOR_CH5_SCAN_RESCHED ret=1 delay=20
DBG_UWB_TX_CH5
DBG_TX_WAKE_CLAIM_SENT
DBG_UWB_TX_CH5
DBG_TX_WAKE_CLAIM_SENT
DBG_UWB_TX_CH5
DBG_TX_WAKE_CLAIM_SENT
DBG_DWM_CH5_RX_HUNT_START acq=3 complete=15 cap=125
DBG_ANCHOR_CH5_SCAN_HANDLER role=2
DBG_DWM_CH5_RX_HUNT_EMPTY ret=-116 status=0x00000000 acq=3
DBG_ANCHOR_CH5_SCAN_BLOCKED win=0 survey=0 tx=0 retry_gap=0 wait=0 rx=0 rxq=0 rxr=0 ack=0 ch9=0 rf=1 retry=20 interval=380
DBG_ANCHOR_CH5_SCAN_RESCHED ret=1 delay=20
DBG_UWB_TX_CH5
DBG_TX_WAKE_CLAIM_SENT
DBG_UWB_TX_CH5
DBG_TX_WAKE_CLAIM_SENT
DBG_UWB_TX_CH5
DBG_TX_WAKE_CLAIM_SENT
DBG_DWM_CH5_RX_HUNT_START acq=3 complete=15 cap=125
DBG_ANCHOR_CH5_SCAN_HANDLER role=2
DBG_DWM_CH5_RX_HUNT_EMPTY ret=-116 status=0x00000000 acq=3
DBG_ANCHOR_CH5_SCAN_BLOCKED win=0 survey=0 tx=0 retry_gap=0 wait=0 rx=0 rxq=0 rxr=0 ack=0 ch9=0 rf=1 retry=20 interval=380
DBG_ANCHOR_CH5_SCAN_RESCHED ret=1 delay=20
DBG_UWB_TX_CH5
DBG_TX_WAKE_CLAIM_SENT
DBG_UWB_TX_CH5
DBG_TX_WAKE_CLAIM_SENT
DBG_UWB_TX_CH5
DBG_TX_WAKE_CLAIM_SENT
DBG_DWM_CH5_RX_HUNT_START acq=3 complete=15 cap=125
DBG_ANCHOR_CH5_SCAN_HANDLER role=2
DBG_DWM_CH5_RX_HUNT_EMPTY ret=-116 status=0x00000000 acq=3
DBG_ANCHOR_CH5_SCAN_BLOCKED win=0 survey=0 tx=0 retry_gap=0 wait=0 rx=0 rxq=0 rxr=0 ack=0 ch9=0 rf=1 retry=20 interval=380
DBG_ANCHOR_CH5_SCAN_RESCHED ret=1 delay=20
DBG_UWB_TX_CH5
DBG_TX_WAKE_CLAIM_SENT
DBG_UWB_TX_CH5
DBG_TX_WAKE_CLAIM_SENT
DBG_UWB_TX_CH5
DBG_TX_WAKE_CLAIM_SENT
DBG_DWM_CH5_RX_HUNT_START acq=3 complete=15 cap=125
DBG_ANCHOR_CH5_SCAN_HANDLER role=2
DBG_DWM_CH5_RX_HUNT_EMPTY ret=-116 status=0x00000000 acq=3
DBG_ANCHOR_CH5_SCAN_BLOCKED win=0 survey=0 tx=0 retry_gap=0 wait=0 rx=0 rxq=0 rxr=0 ack=0 ch9=0 rf=1 retry=20 interval=380
DBG_ANCHOR_CH5_SCAN_RESCHED ret=1 delay=20
DBG_UWB_TX_CH5
DBG_TX_WAKE_CLAIM_SENT
DBG_UWB_TX_CH5
DBG_TX_WAKE_CLAIM_SENT
DBG_UWB_TX_CH5
DBG_TX_WAKE_CLAIM_SENT
DBG_DWM_CH5_RX_HUNT_START acq=3 complete=15 cap=125
DBG_ANCHOR_CH5_SCAN_HANDLER role=2
DBG_DWM_CH5_RX_HUNT_EMPTY ret=-116 status=0x00000000 acq=3
DBG_ANCHOR_CH5_SCAN_BLOCKED win=0 survey=0 tx=0 retry_gap=0 wait=0 rx=0 rxq=0 rxr=0 ack=0 ch9=0 rf=1 retry=20 interval=380
DBG_ANCHOR_CH5_SCAN_RESCHED ret=1 delay=20
DBG_UWB_TX_CH5
DBG_TX_WAKE_CLAIM_SENT
DBG_UWB_TX_CH5
DBG_TX_WAKE_CLAIM_SENT
DBG_UWB_TX_CH5
DBG_TX_WAKE_CLAIM_SENT
DBG_DWM_CH5_RX_HUNT_START acq=3 complete=15 cap=125
DBG_ANCHOR_CH5_SCAN_HANDLER role=2
DBG_DWM_CH5_RX_HUNT_EMPTY ret=-116 status=0x00000000 acq=3
DBG_ANCHOR_CH5_SCAN_BLOCKED win=0 survey=0 tx=0 retry_gap=0 wait=0 rx=0 rxq=0 rxr=0 ack=0 ch9=0 rf=1 retry=20 interval=380
DBG_ANCHOR_CH5_SCAN_RESCHED ret=1 delay=20
DBG_UWB_TX_CH5
DBG_TX_WAKE_CLAIM_SENT
DBG_UWB_TX_CH5
DBG_TX_WAKE_CLAIM_SENT
DBG_UWB_TX_CH5
DBG_TX_WAKE_CLAIM_SENT
DBG_DWM_CH5_RX_HUNT_START acq=3 complete=15 cap=125
DBG_ANCHOR_CH5_SCAN_HANDLER role=2
DBG_DWM_CH5_RX_HUNT_EMPTY ret=-116 status=0x00000000 acq=3
DBG_ANCHOR_CH5_SCAN_BLOCKED win=0 survey=0 tx=0 retry_gap=0 wait=0 rx=0 rxq=0 rxr=0 ack=0 ch9=0 rf=1 retry=20 interval=380
DBG_ANCHOR_CH5_SCAN_RESCHED ret=1 delay=20
DBG_UWB_TX_CH5
DBG_TX_WAKE_CLAIM_SENT
DBG_UWB_TX_CH5
DBG_TX_WAKE_CLAIM_SENT
DBG_UWB_TX_CH5
DBG_TX_WAKE_CLAIM_SENT
DBG_DWM_CH5_RX_HUNT_START acq=3 complete=15 cap=125
DBG_ANCHOR_CH5_SCAN_HANDLER role=2
DBG_DWM_CH5_RX_HUNT_EMPTY ret=-116 status=0x00000000 acq=3
DBG_ANCHOR_CH5_SCAN_BLOCKED win=0 survey=0 tx=0 retry_gap=0 wait=0 rx=0 rxq=0 rxr=0 ack=0 ch9=0 rf=1 retry=20 interval=380
DBG_ANCHOR_CH5_SCAN_RESCHED ret=1 delay=20
DBG_UWB_TX_CH5
DBG_TX_WAKE_CLAIM_SENT
DBG_UWB_TX_CH5
DBG_TX_WAKE_CLAIM_SENT
DBG_UWB_TX_CH5
DBG_TX_WAKE_CLAIM_SENT
DBG_DWM_CH5_RX_HUNT_START acq=3 complete=15 cap=125
DBG_ANCHOR_CH5_SCAN_HANDLER role=2
DBG_DWM_CH5_RX_HUNT_EMPTY ret=-116 status=0x00000000 acq=3
DBG_ANCHOR_CH5_SCAN_BLOCKED win=0 survey=0 tx=0 retry_gap=0 wait=0 rx=0 rxq=0 rxr=0 ack=0 ch9=0 rf=1 retry=20 interval=380
DBG_ANCHOR_CH5_SCAN_RESCHED ret=1 delay=20
DBG_UWB_TX_CH5
DBG_TX_WAKE_CLAIM_SENT
DBG_UWB_TX_CH5
DBG_TX_WAKE_CLAIM_SENT
DBG_UWB_TX_CH5
DBG_TX_WAKE_CLAIM_SENT
DBG_DWM_CH5_RX_HUNT_START acq=3 complete=15 cap=125
DBG_ANCHOR_CH5_SCAN_HANDLER role=2
DBG_DWM_CH5_RX_HUNT_EMPTY ret=-116 status=0x00000000 acq=3
DBG_ANCHOR_CH5_SCAN_BLOCKED win=0 survey=0 tx=0 retry_gap=0 wait=0 rx=0 rxq=0 rxr=0 ack=0 ch9=0 rf=1 retry=20 interval=380
DBG_ANCHOR_CH5_SCAN_RESCHED ret=1 delay=20
DBG_UWB_TX_CH5
DBG_TX_WAKE_CLAIM_SENT
DBG_UWB_TX_CH5
DBG_TX_WAKE_CLAIM_SENT
DBG_UWB_TX_CH5
DBG_TX_WAKE_CLAIM_SENT
DBG_DWM_CH5_RX_HUNT_START acq=3 complete=15 cap=125
DBG_ANCHOR_CH5_SCAN_HANDLER role=2
DBG_DWM_CH5_RX_HUNT_EMPTY ret=-116 status=0x00000000 acq=3
DBG_ANCHOR_CH5_SCAN_BLOCKED win=0 survey=0 tx=0 retry_gap=0 wait=0 rx=0 rxq=0 rxr=0 ack=0 ch9=0 rf=1 retry=20 interval=380
DBG_ANCHOR_CH5_SCAN_RESCHED ret=1 delay=20
DBG_UWB_TX_CH5
DBG_TX_WAKE_CLAIM_SENT
DBG_UWB_TX_CH5
DBG_TX_WAKE_CLAIM_SENT
DBG_UWB_TX_CH5
DBG_TX_WAKE_CLAIM_SENT
DBG_DWM_CH5_RX_HUNT_START acq=3 complete=15 cap=125
DBG_ANCHOR_CH5_SCAN_HANDLER role=2
DBG_DWM_CH5_RX_HUNT_EMPTY ret=-116 status=0x00000000 acq=3
DBG_ANCHOR_CH5_SCAN_BLOCKED win=0 survey=0 tx=0 retry_gap=0 wait=0 rx=0 rxq=0 rxr=0 ack=0 ch9=0 rf=1 retry=20 interval=380
DBG_ANCHOR_CH5_SCAN_RESCHED ret=1 delay=20
DBG_UWB_TX_CH5
DBG_TX_WAKE_CLAIM_SENT
DBG_UWB_TX_CH5
DBG_TX_WAKE_CLAIM_SENT
DBG_UWB_TX_CH5
DBG_TX_WAKE_CLAIM_SENT
DBG_DWM_CH5_RX_HUNT_START acq=3 complete=15 cap=125
DBG_ANCHOR_CH5_SCAN_HANDLER role=2
DBG_DWM_CH5_RX_HUNT_EMPTY ret=-116 status=0x00000000 acq=3
DBG_ANCHOR_CH5_SCAN_BLOCKED win=0 survey=0 tx=0 retry_gap=0 wait=0 rx=0 rxq=0 rxr=0 ack=0 ch9=0 rf=1 retry=20 interval=380
DBG_ANCHOR_CH5_SCAN_RESCHED ret=1 delay=20
DBG_UWB_TX_CH5
DBG_TX_WAKE_CLAIM_SENT
DBG_UWB_TX_CH5
DBG_TX_WAKE_CLAIM_SENT
DBG_UWB_TX_CH5
DBG_TX_WAKE_CLAIM_SENT
DBG_DWM_CH5_RX_HUNT_START acq=3 complete=15 cap=125
DBG_ANCHOR_CH5_SCAN_HANDLER role=2
DBG_DWM_CH5_RX_HUNT_EMPTY ret=-116 status=0x00000000 acq=3
DBG_ANCHOR_CH5_SCAN_BLOCKED win=0 survey=0 tx=0 retry_gap=0 wait=0 rx=0 rxq=0 rxr=0 ack=0 ch9=0 rf=1 retry=20 interval=380
DBG_ANCHOR_CH5_SCAN_RESCHED ret=1 delay=20
DBG_UWB_TX_CH5
DBG_TX_WAKE_CLAIM_SENT
DBG_ANCHOR_CH5_SCAN_HANDLER role=2
DBG_ANCHOR_CH5_SCAN_BLOCKED win=0 survey=0 tx=0 retry_gap=0 wait=0 rx=0 rxq=0 rxr=0 ack=0 ch9=0 rf=1 retry=20 interval=380
DBG_ANCHOR_CH5_SCAN_RESCHED ret=1 delay=20
DBG_C5_CONTACT phase=closing state=4 peer=0x56da25fe4af6d141 purpose=route_reply reason=replace
DBG_C5_CONTACT phase=open state=2 peer=0x56da25fe4af6d141 purpose=route_solicit reason=route-reply
DBG_C5_CONTACT phase=accepted state=2 peer=0x56da25fe4af6d141 purpose=route_solicit reason=route-reply
DBG_C5_CONTROL_FOLLOWUP_TURNAROUND delay=60 msg=36 reason=route-reply
DBG_ANCHOR_CH5_SCAN_HANDLER role=2
DBG_ANCHOR_CH9_REARM delay=0 ret=1 ack=0
DBG_ANCHOR_CH5_SCAN_BLOCKED win=0 survey=0 tx=0 retry_gap=0 wait=0 rx=0 rxq=0 rxr=0 ack=0 ch9=1 rf=0 retry=245 interval=380
DBG_ANCHOR_CH5_SCAN_RESCHED ret=1 delay=245
DBG_C5_CONTACT phase=closing state=4 peer=0x56da25fe4af6d141 purpose=route_solicit reason=replace
DBG_C5_CONTACT phase=open state=2 peer=0x56da25fe4af6d141 purpose=route_reply reason=route-reply
DBG_C5_CONTACT phase=accepted state=2 peer=0x56da25fe4af6d141 purpose=route_reply reason=route-reply
DBG_C5_CONTACT phase=exchange state=3 peer=0x56da25fe4af6d141 purpose=route_reply reason=route-reply
DBG_DWM_WAKE_MESH_CTRL_OK sfd=4073
DBG_C5_TX_CONFIG ret=0 ext=1 len=203 msg=36 reason=route-reply
DBG_UWB_TX_CH5
DBG_C5_CONTACT phase=exchange state=3 peer=0x56da25fe4af6d141 purpose=route_reply reason=route-reply
DBG_ROUTE_REPLY_TX_REPEAT attempt=2 idx=0 ret=0 sent=1
DBG_C5_CONTACT phase=exchange state=3 peer=0x56da25fe4af6d141 purpose=route_reply reason=route-reply-ack-listen
DBG_ANCHOR_CH5_SCAN_HANDLER role=2
DBG_ANCHOR_CH5_SCAN_BLOCKED win=0 survey=0 tx=0 retry_gap=0 wait=0 rx=0 rxq=0 rxr=0 ack=0 ch9=0 rf=1 retry=20 interval=380
DBG_ANCHOR_CH5_SCAN_RESCHED ret=1 delay=20
DBG_ROUTE_REPLY_ATTEMPT attempt=2 send=0 listen=-116 listened=1
DBG_C5_CONTACT phase=closing state=4 peer=0x56da25fe4af6d141 purpose=route_reply reason=expired
DBG_C5_CONTACT phase=open state=1 peer=0x56da25fe4af6d141 purpose=route_reply reason=route-reply
DBG_WAKE_TRAIN_GUARD_OK
DBG_ANCHOR_CH5_SCAN_HANDLER role=2
DBG_ANCHOR_CH5_SCAN_BLOCKED win=0 survey=0 tx=0 retry_gap=0 wait=0 rx=0 rxq=0 rxr=0 ack=0 ch9=0 rf=1 retry=20 interval=380
DBG_ANCHOR_CH5_SCAN_RESCHED ret=1 delay=20
DBG_ANCHOR_CH5_SCAN_HANDLER role=2
DBG_WAKE_TRAIN_CONFIG_BEGIN
DBG_ANCHOR_CH5_SCAN_BLOCKED win=0 survey=0 tx=0 retry_gap=0 wait=0 rx=0 rxq=0 rxr=0 ack=0 ch9=0 rf=1 retry=20 interval=380
DBG_ANCHOR_CH5_SCAN_RESCHED ret=1 delay=20
DBG_WAKE_TRAIN_CONFIG_OK
DBG_WAKE_TRAIN_FIRST_SEND_BEGIN
DBG_ANCHOR_CH5_SCAN_HANDLER role=2
DBG_WAKE_TRAIN_FIRST_SEND_OK
DBG_UWB_TX_CH5
DBG_TX_WAKE_CLAIM_SENT
DBG_ANCHOR_CH5_SCAN_BLOCKED win=0 survey=0 tx=0 retry_gap=0 wait=0 rx=0 rxq=0 rxr=0 ack=0 ch9=0 rf=1 retry=20 interval=380
DBG_ANCHOR_CH5_SCAN_RESCHED ret=1 delay=20
DBG_UWB_TX_CH5
DBG_TX_WAKE_CLAIM_SENT
DBG_UWB_TX_CH5
DBG_TX_WAKE_CLAIM_SENT
DBG_UWB_TX_CH5
DBG_TX_WAKE_CLAIM_SENT
DBG_DWM_CH5_RX_HUNT_START acq=3 complete=15 cap=125
DBG_ANCHOR_CH5_SCAN_HANDLER role=2
DBG_DWM_CH5_RX_HUNT_EMPTY ret=-116 status=0x00000000 acq=3
DBG_ANCHOR_CH5_SCAN_BLOCKED win=0 survey=0 tx=0 retry_gap=0 wait=0 rx=0 rxq=0 rxr=0 ack=0 ch9=0 rf=1 retry=20 interval=380
DBG_ANCHOR_CH5_SCAN_RESCHED ret=1 delay=20
DBG_UWB_TX_CH5
DBG_TX_WAKE_CLAIM_SENT
DBG_UWB_TX_CH5
DBG_TX_WAKE_CLAIM_SENT
DBG_UWB_TX_CH5
DBG_TX_WAKE_CLAIM_SENT
DBG_DWM_CH5_RX_HUNT_START acq=3 complete=15 cap=125
DBG_ANCHOR_CH5_SCAN_HANDLER role=2
DBG_DWM_CH5_RX_HUNT_EMPTY ret=-116 status=0x00000000 acq=3
DBG_ANCHOR_CH5_SCAN_BLOCKED win=0 survey=0 tx=0 retry_gap=0 wait=0 rx=0 rxq=0 rxr=0 ack=0 ch9=0 rf=1 retry=20 interval=380
DBG_ANCHOR_CH5_SCAN_RESCHED ret=1 delay=20
DBG_UWB_TX_CH5
DBG_TX_WAKE_CLAIM_SENT
DBG_UWB_TX_CH5
DBG_TX_WAKE_CLAIM_SENT
DBG_UWB_TX_CH5
DBG_TX_WAKE_CLAIM_SENT
DBG_DWM_CH5_RX_HUNT_START acq=3 complete=15 cap=125
DBG_ANCHOR_CH5_SCAN_HANDLER role=2
DBG_DWM_CH5_RX_HUNT_EMPTY ret=-116 status=0x00000000 acq=3
DBG_ANCHOR_CH5_SCAN_BLOCKED win=0 survey=0 tx=0 retry_gap=0 wait=0 rx=0 rxq=0 rxr=0 ack=0 ch9=0 rf=1 retry=20 interval=380
DBG_ANCHOR_CH5_SCAN_RESCHED ret=1 delay=20
DBG_UWB_TX_CH5
DBG_TX_WAKE_CLAIM_SENT
DBG_UWB_TX_CH5
DBG_TX_WAKE_CLAIM_SENT
DBG_UWB_TX_CH5
DBG_TX_WAKE_CLAIM_SENT
DBG_DWM_CH5_RX_HUNT_START acq=3 complete=15 cap=125
DBG_ANCHOR_CH5_SCAN_HANDLER role=2
DBG_DWM_CH5_RX_HUNT_EMPTY ret=-116 status=0x00000000 acq=3
DBG_ANCHOR_CH5_SCAN_BLOCKED win=0 survey=0 tx=0 retry_gap=0 wait=0 rx=0 rxq=0 rxr=0 ack=0 ch9=0 rf=1 retry=20 interval=380
DBG_ANCHOR_CH5_SCAN_RESCHED ret=1 delay=20
DBG_UWB_TX_CH5
DBG_TX_WAKE_CLAIM_SENT
DBG_UWB_TX_CH5
DBG_TX_WAKE_CLAIM_SENT
DBG_UWB_TX_CH5
DBG_TX_WAKE_CLAIM_SENT
DBG_DWM_CH5_RX_HUNT_START acq=3 complete=15 cap=125
DBG_ANCHOR_CH5_SCAN_HANDLER role=2
DBG_DWM_CH5_RX_HUNT_EMPTY ret=-116 status=0x00000000 acq=3
DBG_ANCHOR_CH5_SCAN_BLOCKED win=0 survey=0 tx=0 retry_gap=0 wait=0 rx=0 rxq=0 rxr=0 ack=0 ch9=0 rf=1 retry=20 interval=380
DBG_ANCHOR_CH5_SCAN_RESCHED ret=1 delay=20
DBG_UWB_TX_CH5
DBG_TX_WAKE_CLAIM_SENT
DBG_UWB_TX_CH5
DBG_TX_WAKE_CLAIM_SENT
DBG_UWB_TX_CH5
DBG_TX_WAKE_CLAIM_SENT
DBG_DWM_CH5_RX_HUNT_START acq=3 complete=15 cap=125
DBG_ANCHOR_CH5_SCAN_HANDLER role=2
DBG_DWM_CH5_RX_HUNT_EMPTY ret=-116 status=0x00000000 acq=3
DBG_ANCHOR_CH5_SCAN_BLOCKED win=0 survey=0 tx=0 retry_gap=0 wait=0 rx=0 rxq=0 rxr=0 ack=0 ch9=0 rf=1 retry=20 interval=380
DBG_ANCHOR_CH5_SCAN_RESCHED ret=1 delay=20
DBG_UWB_TX_CH5
DBG_TX_WAKE_CLAIM_SENT
DBG_UWB_TX_CH5
DBG_TX_WAKE_CLAIM_SENT
DBG_UWB_TX_CH5
DBG_TX_WAKE_CLAIM_SENT
DBG_DWM_CH5_RX_HUNT_START acq=3 complete=15 cap=125
DBG_ANCHOR_CH5_SCAN_HANDLER role=2
DBG_DWM_CH5_RX_HUNT_EMPTY ret=-116 status=0x00000000 acq=3
DBG_ANCHOR_CH5_SCAN_BLOCKED win=0 survey=0 tx=0 retry_gap=0 wait=0 rx=0 rxq=0 rxr=0 ack=0 ch9=0 rf=1 retry=20 interval=380
DBG_ANCHOR_CH5_SCAN_RESCHED ret=1 delay=20
DBG_UWB_TX_CH5
DBG_TX_WAKE_CLAIM_SENT
DBG_UWB_TX_CH5
DBG_TX_WAKE_CLAIM_SENT
DBG_UWB_TX_CH5
DBG_TX_WAKE_CLAIM_SENT
DBG_DWM_CH5_RX_HUNT_START acq=3 complete=15 cap=125
DBG_ANCHOR_CH5_SCAN_HANDLER role=2
DBG_DWM_CH5_RX_HUNT_EMPTY ret=-116 status=0x00000000 acq=3
DBG_ANCHOR_CH5_SCAN_BLOCKED win=0 survey=0 tx=0 retry_gap=0 wait=0 rx=0 rxq=0 rxr=0 ack=0 ch9=0 rf=1 retry=20 interval=380
DBG_ANCHOR_CH5_SCAN_RESCHED ret=1 delay=20
DBG_UWB_TX_CH5
DBG_TX_WAKE_CLAIM_SENT
DBG_UWB_TX_CH5
DBG_TX_WAKE_CLAIM_SENT
DBG_UWB_TX_CH5
DBG_TX_WAKE_CLAIM_SENT
DBG_DWM_CH5_RX_HUNT_START acq=3 complete=15 cap=125
DBG_ANCHOR_CH5_SCAN_HANDLER role=2
DBG_DWM_CH5_RX_HUNT_EMPTY ret=-116 status=0x00000000 acq=3
DBG_ANCHOR_CH5_SCAN_BLOCKED win=0 survey=0 tx=0 retry_gap=0 wait=0 rx=0 rxq=0 rxr=0 ack=0 ch9=0 rf=1 retry=20 interval=380
DBG_ANCHOR_CH5_SCAN_RESCHED ret=1 delay=20
DBG_UWB_TX_CH5
DBG_TX_WAKE_CLAIM_SENT
DBG_UWB_TX_CH5
DBG_TX_WAKE_CLAIM_SENT
DBG_UWB_TX_CH5
DBG_TX_WAKE_CLAIM_SENT
DBG_DWM_CH5_RX_HUNT_START acq=3 complete=15 cap=125
DBG_ANCHOR_CH5_SCAN_HANDLER role=2
DBG_DWM_CH5_RX_HUNT_EMPTY ret=-116 status=0x00000000 acq=3
DBG_ANCHOR_CH5_SCAN_BLOCKED win=0 survey=0 tx=0 retry_gap=0 wait=0 rx=0 rxq=0 rxr=0 ack=0 ch9=0 rf=1 retry=20 interval=380
DBG_ANCHOR_CH5_SCAN_RESCHED ret=1 delay=20
DBG_UWB_TX_CH5
DBG_TX_WAKE_CLAIM_SENT
DBG_UWB_TX_CH5
DBG_TX_WAKE_CLAIM_SENT
DBG_UWB_TX_CH5
DBG_TX_WAKE_CLAIM_SENT
DBG_DWM_CH5_RX_HUNT_START acq=3 complete=15 cap=125
DBG_ANCHOR_CH5_SCAN_HANDLER role=2
DBG_DWM_CH5_RX_HUNT_EMPTY ret=-116 status=0x00000000 acq=3
DBG_ANCHOR_CH5_SCAN_BLOCKED win=0 survey=0 tx=0 retry_gap=0 wait=0 rx=0 rxq=0 rxr=0 ack=0 ch9=0 rf=1 retry=20 interval=380
DBG_ANCHOR_CH5_SCAN_RESCHED ret=1 delay=20
DBG_UWB_TX_CH5
DBG_TX_WAKE_CLAIM_SENT
DBG_UWB_TX_CH5
DBG_TX_WAKE_CLAIM_SENT
DBG_UWB_TX_CH5
DBG_TX_WAKE_CLAIM_SENT
DBG_DWM_CH5_RX_HUNT_START acq=3 complete=15 cap=125
DBG_ANCHOR_CH5_SCAN_HANDLER role=2
DBG_DWM_CH5_RX_HUNT_EMPTY ret=-116 status=0x00000000 acq=3
DBG_ANCHOR_CH5_SCAN_BLOCKED win=0 survey=0 tx=0 retry_gap=0 wait=0 rx=0 rxq=0 rxr=0 ack=0 ch9=0 rf=1 retry=20 interval=380
DBG_ANCHOR_CH5_SCAN_RESCHED ret=1 delay=20
DBG_UWB_TX_CH5
DBG_TX_WAKE_CLAIM_SENT
DBG_UWB_TX_CH5
DBG_TX_WAKE_CLAIM_SENT
DBG_UWB_TX_CH5
DBG_TX_WAKE_CLAIM_SENT
DBG_DWM_CH5_RX_HUNT_START acq=3 complete=15 cap=125
DBG_ANCHOR_CH5_SCAN_HANDLER role=2
DBG_DWM_CH5_RX_HUNT_EMPTY ret=-116 status=0x00000000 acq=3
DBG_ANCHOR_CH5_SCAN_BLOCKED win=0 survey=0 tx=0 retry_gap=0 wait=0 rx=0 rxq=0 rxr=0 ack=0 ch9=0 rf=1 retry=20 interval=380
DBG_ANCHOR_CH5_SCAN_RESCHED ret=1 delay=20
DBG_UWB_TX_CH5
DBG_TX_WAKE_CLAIM_SENT
DBG_UWB_TX_CH5
DBG_TX_WAKE_CLAIM_SENT
DBG_UWB_TX_CH5
DBG_TX_WAKE_CLAIM_SENT
DBG_DWM_CH5_RX_HUNT_START acq=3 complete=15 cap=125
DBG_ANCHOR_CH5_SCAN_HANDLER role=2
DBG_DWM_CH5_RX_HUNT_EMPTY ret=-116 status=0x00000000 acq=3
DBG_ANCHOR_CH5_SCAN_BLOCKED win=0 survey=0 tx=0 retry_gap=0 wait=0 rx=0 rxq=0 rxr=0 ack=0 ch9=0 rf=1 retry=20 interval=380
DBG_ANCHOR_CH5_SCAN_RESCHED ret=1 delay=20
DBG_UWB_TX_CH5
DBG_TX_WAKE_CLAIM_SENT
DBG_UWB_TX_CH5
DBG_TX_WAKE_CLAIM_SENT
DBG_UWB_TX_CH5
DBG_TX_WAKE_CLAIM_SENT
DBG_DWM_CH5_RX_HUNT_START acq=3 complete=15 cap=125
DBG_ANCHOR_CH5_SCAN_HANDLER role=2
DBG_DWM_CH5_RX_HUNT_EMPTY ret=-116 status=0x00000000 acq=3
DBG_ANCHOR_CH5_SCAN_BLOCKED win=0 survey=0 tx=0 retry_gap=0 wait=0 rx=0 rxq=0 rxr=0 ack=0 ch9=0 rf=1 retry=20 interval=380
DBG_ANCHOR_CH5_SCAN_RESCHED ret=1 delay=20
DBG_UWB_TX_CH5
DBG_TX_WAKE_CLAIM_SENT
DBG_UWB_TX_CH5
DBG_TX_WAKE_CLAIM_SENT
DBG_UWB_TX_CH5
DBG_TX_WAKE_CLAIM_SENT
DBG_DWM_CH5_RX_HUNT_START acq=3 complete=15 cap=125
DBG_ANCHOR_CH5_SCAN_HANDLER role=2
DBG_DWM_CH5_RX_HUNT_EMPTY ret=-116 status=0x00000000 acq=3
DBG_ANCHOR_CH5_SCAN_BLOCKED win=0 survey=0 tx=0 retry_gap=0 wait=0 rx=0 rxq=0 rxr=0 ack=0 ch9=0 rf=1 retry=20 interval=380
DBG_ANCHOR_CH5_SCAN_RESCHED ret=1 delay=20
DBG_UWB_TX_CH5
DBG_TX_WAKE_CLAIM_SENT
DBG_UWB_TX_CH5
DBG_TX_WAKE_CLAIM_SENT
DBG_UWB_TX_CH5
DBG_TX_WAKE_CLAIM_SENT
DBG_DWM_CH5_RX_HUNT_START acq=3 complete=15 cap=125
DBG_ANCHOR_CH5_SCAN_HANDLER role=2
DBG_DWM_CH5_RX_HUNT_EMPTY ret=-116 status=0x00000000 acq=3
DBG_ANCHOR_CH5_SCAN_BLOCKED win=0 survey=0 tx=0 retry_gap=0 wait=0 rx=0 rxq=0 rxr=0 ack=0 ch9=0 rf=1 retry=20 interval=380
DBG_ANCHOR_CH5_SCAN_RESCHED ret=1 delay=20
DBG_UWB_TX_CH5
DBG_TX_WAKE_CLAIM_SENT
DBG_ANCHOR_CH5_SCAN_HANDLER role=2
DBG_ANCHOR_CH5_SCAN_BLOCKED win=0 survey=0 tx=0 retry_gap=0 wait=0 rx=0 rxq=0 rxr=0 ack=0 ch9=0 rf=1 retry=20 interval=380
DBG_ANCHOR_CH5_SCAN_RESCHED ret=1 delay=20
DBG_C5_CONTACT phase=closing state=4 peer=0x56da25fe4af6d141 purpose=route_reply reason=replace
DBG_C5_CONTACT phase=open state=2 peer=0x56da25fe4af6d141 purpose=route_solicit reason=route-reply
DBG_C5_CONTACT phase=accepted state=2 peer=0x56da25fe4af6d141 purpose=route_solicit reason=route-reply
DBG_C5_CONTROL_FOLLOWUP_TURNAROUND delay=60 msg=36 reason=route-reply
DBG_ANCHOR_CH5_SCAN_HANDLER role=2
DBG_ANCHOR_CH9_REARM delay=0 ret=1 ack=0
DBG_ANCHOR_CH5_SCAN_BLOCKED win=0 survey=0 tx=0 retry_gap=0 wait=0 rx=0 rxq=0 rxr=0 ack=0 ch9=1 rf=0 retry=245 interval=380
DBG_ANCHOR_CH5_SCAN_RESCHED ret=1 delay=245
DBG_C5_CONTACT phase=closing state=4 peer=0x56da25fe4af6d141 purpose=route_solicit reason=replace
DBG_C5_CONTACT phase=open state=2 peer=0x56da25fe4af6d141 purpose=route_reply reason=route-reply
DBG_C5_CONTACT phase=accepted state=2 peer=0x56da25fe4af6d141 purpose=route_reply reason=route-reply
DBG_C5_CONTACT phase=exchange state=3 peer=0x56da25fe4af6d141 purpose=route_reply reason=route-reply
DBG_DWM_WAKE_MESH_CTRL_OK sfd=4073
DBG_C5_TX_CONFIG ret=0 ext=1 len=203 msg=36 reason=route-reply
DBG_UWB_TX_CH5
DBG_C5_CONTACT phase=exchange state=3 peer=0x56da25fe4af6d141 purpose=route_reply reason=route-reply
DBG_ROUTE_REPLY_TX_REPEAT attempt=3 idx=0 ret=0 sent=1
DBG_C5_CONTACT phase=exchange state=3 peer=0x56da25fe4af6d141 purpose=route_reply reason=route-reply-ack-listen
DBG_ANCHOR_CH5_SCAN_HANDLER role=2
DBG_ANCHOR_CH5_SCAN_BLOCKED win=0 survey=0 tx=0 retry_gap=0 wait=0 rx=0 rxq=0 rxr=0 ack=0 ch9=0 rf=1 retry=20 interval=380
DBG_ANCHOR_CH5_SCAN_RESCHED ret=1 delay=20
DBG_ROUTE_REPLY_ATTEMPT attempt=3 send=0 listen=-116 listened=1
DBG_C5_CONTACT phase=closing state=4 peer=0x56da25fe4af6d141 purpose=route_reply reason=expired
DBG_C5_CONTACT phase=open state=1 peer=0x56da25fe4af6d141 purpose=route_reply reason=route-reply
DBG_WAKE_TRAIN_GUARD_OK
DBG_ANCHOR_CH5_SCAN_HANDLER role=2
DBG_ANCHOR_CH5_SCAN_BLOCKED win=0 survey=0 tx=0 retry_gap=0 wait=0 rx=0 rxq=0 rxr=0 ack=0 ch9=0 rf=1 retry=20 interval=380
DBG_ANCHOR_CH5_SCAN_RESCHED ret=1 delay=20
DBG_ANCHOR_CH5_SCAN_HANDLER role=2
DBG_WAKE_TRAIN_CONFIG_BEGIN
DBG_ANCHOR_CH5_SCAN_BLOCKED win=0 survey=0 tx=0 retry_gap=0 wait=0 rx=0 rxq=0 rxr=0 ack=0 ch9=0 rf=1 retry=20 interval=380
DBG_ANCHOR_CH5_SCAN_RESCHED ret=1 delay=20
DBG_WAKE_TRAIN_CONFIG_OK
DBG_WAKE_TRAIN_FIRST_SEND_BEGIN
DBG_ANCHOR_CH5_SCAN_HANDLER role=2
DBG_WAKE_TRAIN_FIRST_SEND_OK
DBG_UWB_TX_CH5
DBG_TX_WAKE_CLAIM_SENT
DBG_ANCHOR_CH5_SCAN_BLOCKED win=0 survey=0 tx=0 retry_gap=0 wait=0 rx=0 rxq=0 rxr=0 ack=0 ch9=0 rf=1 retry=20 interval=380
DBG_ANCHOR_CH5_SCAN_RESCHED ret=1 delay=20
DBG_UWB_TX_CH5
DBG_TX_WAKE_CLAIM_SENT
DBG_UWB_TX_CH5
DBG_TX_WAKE_CLAIM_SENT
DBG_DWM_CH5_RX_HUNT_START acq=3 complete=15 cap=125
DBG_DWM_CH5_RX_HUNT_EMPTY ret=-116 status=0x00000000 acq=3
DBG_ANCHOR_CH5_SCAN_HANDLER role=2
DBG_UWB_TX_CH5
DBG_TX_WAKE_CLAIM_SENT
DBG_ANCHOR_CH5_SCAN_BLOCKED win=0 survey=0 tx=0 retry_gap=0 wait=0 rx=0 rxq=0 rxr=0 ack=0 ch9=0 rf=1 retry=20 interval=380
DBG_ANCHOR_CH5_SCAN_RESCHED ret=1 delay=20
DBG_UWB_TX_CH5
DBG_TX_WAKE_CLAIM_SENT
DBG_UWB_TX_CH5
DBG_TX_WAKE_CLAIM_SENT
DBG_DWM_CH5_RX_HUNT_START acq=3 complete=15 cap=125
DBG_DWM_CH5_RX_HUNT_EMPTY ret=-116 status=0x00000000 acq=3
DBG_ANCHOR_CH5_SCAN_HANDLER role=2
DBG_UWB_TX_CH5
DBG_TX_WAKE_CLAIM_SENT
DBG_ANCHOR_CH5_SCAN_BLOCKED win=0 survey=0 tx=0 retry_gap=0 wait=0 rx=0 rxq=0 rxr=0 ack=0 ch9=0 rf=1 retry=20 interval=380
DBG_ANCHOR_CH5_SCAN_RESCHED ret=1 delay=20
DBG_UWB_TX_CH5
DBG_TX_WAKE_CLAIM_SENT
DBG_UWB_TX_CH5
DBG_TX_WAKE_CLAIM_SENT
DBG_DWM_CH5_RX_HUNT_START acq=3 complete=15 cap=125
DBG_DWM_CH5_RX_HUNT_EMPTY ret=-116 status=0x00000000 acq=3
DBG_ANCHOR_CH5_SCAN_HANDLER role=2
DBG_UWB_TX_CH5
DBG_TX_WAKE_CLAIM_SENT
DBG_ANCHOR_CH5_SCAN_BLOCKED win=0 survey=0 tx=0 retry_gap=0 wait=0 rx=0 rxq=0 rxr=0 ack=0 ch9=0 rf=1 retry=20 interval=380
DBG_ANCHOR_CH5_SCAN_RESCHED ret=1 delay=20
DBG_UWB_TX_CH5
DBG_TX_WAKE_CLAIM_SENT
DBG_UWB_TX_CH5
DBG_TX_WAKE_CLAIM_SENT
DBG_DWM_CH5_RX_HUNT_START acq=3 complete=15 cap=125
DBG_DWM_CH5_RX_HUNT_EMPTY ret=-116 status=0x00000000 acq=3
DBG_ANCHOR_CH5_SCAN_HANDLER role=2
DBG_UWB_TX_CH5
DBG_TX_WAKE_CLAIM_SENT
DBG_ANCHOR_CH5_SCAN_BLOCKED win=0 survey=0 tx=0 retry_gap=0 wait=0 rx=0 rxq=0 rxr=0 ack=0 ch9=0 rf=1 retry=20 interval=380
DBG_ANCHOR_CH5_SCAN_RESCHED ret=1 delay=20
DBG_UWB_TX_CH5
DBG_TX_WAKE_CLAIM_SENT
DBG_UWB_TX_CH5
DBG_TX_WAKE_CLAIM_SENT
DBG_DWM_CH5_RX_HUNT_START acq=3 complete=15 cap=125
DBG_DWM_CH5_RX_HUNT_EMPTY ret=-116 status=0x00000000 acq=3
DBG_ANCHOR_CH5_SCAN_HANDLER role=2
DBG_UWB_TX_CH5
DBG_TX_WAKE_CLAIM_SENT
DBG_ANCHOR_CH5_SCAN_BLOCKED win=0 survey=0 tx=0 retry_gap=0 wait=0 rx=0 rxq=0 rxr=0 ack=0 ch9=0 rf=1 retry=20 interval=380
DBG_ANCHOR_CH5_SCAN_RESCHED ret=1 delay=20
DBG_UWB_TX_CH5
DBG_TX_WAKE_CLAIM_SENT
DBG_UWB_TX_CH5
DBG_TX_WAKE_CLAIM_SENT
DBG_DWM_CH5_RX_HUNT_START acq=3 complete=15 cap=125
DBG_DWM_CH5_RX_HUNT_EMPTY ret=-116 status=0x00000000 acq=3
DBG_ANCHOR_CH5_SCAN_HANDLER role=2
DBG_UWB_TX_CH5
DBG_TX_WAKE_CLAIM_SENT
DBG_ANCHOR_CH5_SCAN_BLOCKED win=0 survey=0 tx=0 retry_gap=0 wait=0 rx=0 rxq=0 rxr=0 ack=0 ch9=0 rf=1 retry=20 interval=380
DBG_ANCHOR_CH5_SCAN_RESCHED ret=1 delay=20
DBG_UWB_TX_CH5
DBG_TX_WAKE_CLAIM_SENT
DBG_UWB_TX_CH5
DBG_TX_WAKE_CLAIM_SENT
DBG_DWM_CH5_RX_HUNT_START acq=3 complete=15 cap=125
DBG_DWM_CH5_RX_HUNT_EMPTY ret=-116 status=0x00000000 acq=3
DBG_ANCHOR_CH5_SCAN_HANDLER role=2
DBG_UWB_TX_CH5
DBG_TX_WAKE_CLAIM_SENT
DBG_ANCHOR_CH5_SCAN_BLOCKED win=0 survey=0 tx=0 retry_gap=0 wait=0 rx=0 rxq=0 rxr=0 ack=0 ch9=0 rf=1 retry=20 interval=380
DBG_ANCHOR_CH5_SCAN_RESCHED ret=1 delay=20
DBG_UWB_TX_CH5
DBG_TX_WAKE_CLAIM_SENT
DBG_UWB_TX_CH5
DBG_TX_WAKE_CLAIM_SENT
DBG_DWM_CH5_RX_HUNT_START acq=3 complete=15 cap=125
DBG_DWM_CH5_RX_HUNT_EMPTY ret=-116 status=0x00000000 acq=3
DBG_ANCHOR_CH5_SCAN_HANDLER role=2
DBG_UWB_TX_CH5
DBG_TX_WAKE_CLAIM_SENT
DBG_ANCHOR_CH5_SCAN_BLOCKED win=0 survey=0 tx=0 retry_gap=0 wait=0 rx=0 rxq=0 rxr=0 ack=0 ch9=0 rf=1 retry=20 interval=380
DBG_ANCHOR_CH5_SCAN_RESCHED ret=1 delay=20
DBG_UWB_TX_CH5
DBG_TX_WAKE_CLAIM_SENT
DBG_UWB_TX_CH5
DBG_TX_WAKE_CLAIM_SENT
DBG_DWM_CH5_RX_HUNT_START acq=3 complete=15 cap=125
DBG_DWM_CH5_RX_HUNT_EMPTY ret=-116 status=0x00000000 acq=3
DBG_ANCHOR_CH5_SCAN_HANDLER role=2
DBG_UWB_TX_CH5
DBG_TX_WAKE_CLAIM_SENT
DBG_ANCHOR_CH5_SCAN_BLOCKED win=0 survey=0 tx=0 retry_gap=0 wait=0 rx=0 rxq=0 rxr=0 ack=0 ch9=0 rf=1 retry=20 interval=380
DBG_ANCHOR_CH5_SCAN_RESCHED ret=1 delay=20
DBG_UWB_TX_CH5
DBG_TX_WAKE_CLAIM_SENT
DBG_UWB_TX_CH5
DBG_TX_WAKE_CLAIM_SENT
DBG_DWM_CH5_RX_HUNT_START acq=3 complete=15 cap=125
DBG_DWM_CH5_RX_HUNT_EMPTY ret=-116 status=0x00000000 acq=3
DBG_ANCHOR_CH5_SCAN_HANDLER role=2
DBG_UWB_TX_CH5
DBG_TX_WAKE_CLAIM_SENT
DBG_ANCHOR_CH5_SCAN_BLOCKED win=0 survey=0 tx=0 retry_gap=0 wait=0 rx=0 rxq=0 rxr=0 ack=0 ch9=0 rf=1 retry=20 interval=380
DBG_ANCHOR_CH5_SCAN_RESCHED ret=1 delay=20
DBG_UWB_TX_CH5
DBG_TX_WAKE_CLAIM_SENT
DBG_UWB_TX_CH5
DBG_TX_WAKE_CLAIM_SENT
DBG_DWM_CH5_RX_HUNT_START acq=3 complete=15 cap=125
DBG_DWM_CH5_RX_HUNT_EMPTY ret=-116 status=0x00000000 acq=3
DBG_ANCHOR_CH5_SCAN_HANDLER role=2
DBG_UWB_TX_CH5
DBG_TX_WAKE_CLAIM_SENT
DBG_ANCHOR_CH5_SCAN_BLOCKED win=0 survey=0 tx=0 retry_gap=0 wait=0 rx=0 rxq=0 rxr=0 ack=0 ch9=0 rf=1 retry=20 interval=380
DBG_ANCHOR_CH5_SCAN_RESCHED ret=1 delay=20
DBG_UWB_TX_CH5
DBG_TX_WAKE_CLAIM_SENT
DBG_UWB_TX_CH5
DBG_TX_WAKE_CLAIM_SENT
DBG_DWM_CH5_RX_HUNT_START acq=3 complete=15 cap=125
DBG_DWM_CH5_RX_HUNT_EMPTY ret=-116 status=0x00000000 acq=3
DBG_ANCHOR_CH5_SCAN_HANDLER role=2
DBG_UWB_TX_CH5
DBG_TX_WAKE_CLAIM_SENT
DBG_ANCHOR_CH5_SCAN_BLOCKED win=0 survey=0 tx=0 retry_gap=0 wait=0 rx=0 rxq=0 rxr=0 ack=0 ch9=0 rf=1 retry=20 interval=380
DBG_ANCHOR_CH5_SCAN_RESCHED ret=1 delay=20
DBG_UWB_TX_CH5
DBG_TX_WAKE_CLAIM_SENT
DBG_UWB_TX_CH5
DBG_TX_WAKE_CLAIM_SENT
DBG_DWM_CH5_RX_HUNT_START acq=3 complete=15 cap=125
DBG_DWM_CH5_RX_HUNT_EMPTY ret=-116 status=0x00000000 acq=3
DBG_ANCHOR_CH5_SCAN_HANDLER role=2
DBG_UWB_TX_CH5
DBG_TX_WAKE_CLAIM_SENT
DBG_ANCHOR_CH5_SCAN_BLOCKED win=0 survey=0 tx=0 retry_gap=0 wait=0 rx=0 rxq=0 rxr=0 ack=0 ch9=0 rf=1 retry=20 interval=380
DBG_ANCHOR_CH5_SCAN_RESCHED ret=1 delay=20
DBG_UWB_TX_CH5
DBG_TX_WAKE_CLAIM_SENT
DBG_UWB_TX_CH5
DBG_TX_WAKE_CLAIM_SENT
DBG_DWM_CH5_RX_HUNT_START acq=3 complete=15 cap=125
DBG_DWM_CH5_RX_HUNT_EMPTY ret=-116 status=0x00000000 acq=3
DBG_ANCHOR_CH5_SCAN_HANDLER role=2
DBG_UWB_TX_CH5
DBG_TX_WAKE_CLAIM_SENT
DBG_ANCHOR_CH5_SCAN_BLOCKED win=0 survey=0 tx=0 retry_gap=0 wait=0 rx=0 rxq=0 rxr=0 ack=0 ch9=0 rf=1 retry=20 interval=380
DBG_ANCHOR_CH5_SCAN_RESCHED ret=1 delay=20
DBG_UWB_TX_CH5
DBG_TX_WAKE_CLAIM_SENT
DBG_UWB_TX_CH5
DBG_TX_WAKE_CLAIM_SENT
DBG_DWM_CH5_RX_HUNT_START acq=3 complete=15 cap=125
DBG_DWM_CH5_RX_HUNT_EMPTY ret=-116 status=0x00000000 acq=3
DBG_ANCHOR_CH5_SCAN_HANDLER role=2
DBG_UWB_TX_CH5
DBG_TX_WAKE_CLAIM_SENT
DBG_ANCHOR_CH5_SCAN_BLOCKED win=0 survey=0 tx=0 retry_gap=0 wait=0 rx=0 rxq=0 rxr=0 ack=0 ch9=0 rf=1 retry=20 interval=380
DBG_ANCHOR_CH5_SCAN_RESCHED ret=1 delay=20
DBG_UWB_TX_CH5
DBG_TX_WAKE_CLAIM_SENT
DBG_UWB_TX_CH5
DBG_TX_WAKE_CLAIM_SENT
DBG_DWM_CH5_RX_HUNT_START acq=3 complete=15 cap=125
DBG_DWM_CH5_RX_HUNT_EMPTY ret=-116 status=0x00000000 acq=3
DBG_ANCHOR_CH5_SCAN_HANDLER role=2
DBG_UWB_TX_CH5
DBG_TX_WAKE_CLAIM_SENT
DBG_ANCHOR_CH5_SCAN_BLOCKED win=0 survey=0 tx=0 retry_gap=0 wait=0 rx=0 rxq=0 rxr=0 ack=0 ch9=0 rf=1 retry=20 interval=380
DBG_ANCHOR_CH5_SCAN_RESCHED ret=1 delay=20
DBG_UWB_TX_CH5
DBG_TX_WAKE_CLAIM_SENT
DBG_UWB_TX_CH5
DBG_TX_WAKE_CLAIM_SENT
DBG_DWM_CH5_RX_HUNT_START acq=3 complete=15 cap=125
DBG_DWM_CH5_RX_HUNT_EMPTY ret=-116 status=0x00000000 acq=3
DBG_ANCHOR_CH5_SCAN_HANDLER role=2
DBG_UWB_TX_CH5
DBG_TX_WAKE_CLAIM_SENT
DBG_ANCHOR_CH5_SCAN_BLOCKED win=0 survey=0 tx=0 retry_gap=0 wait=0 rx=0 rxq=0 rxr=0 ack=0 ch9=0 rf=1 retry=20 interval=380
DBG_ANCHOR_CH5_SCAN_RESCHED ret=1 delay=20
DBG_UWB_TX_CH5
DBG_TX_WAKE_CLAIM_SENT
DBG_ANCHOR_CH5_SCAN_HANDLER role=2
DBG_ANCHOR_CH5_SCAN_BLOCKED win=0 survey=0 tx=0 retry_gap=0 wait=0 rx=0 rxq=0 rxr=0 ack=0 ch9=0 rf=1 retry=20 interval=380
DBG_ANCHOR_CH5_SCAN_RESCHED ret=1 delay=20
DBG_C5_CONTACT phase=closing state=4 peer=0x56da25fe4af6d141 purpose=route_reply reason=replace
DBG_C5_CONTACT phase=open state=2 peer=0x56da25fe4af6d141 purpose=route_solicit reason=route-reply
DBG_C5_CONTACT phase=accepted state=2 peer=0x56da25fe4af6d141 purpose=route_solicit reason=route-reply
DBG_C5_CONTROL_FOLLOWUP_TURNAROUND delay=60 msg=36 reason=route-reply
DBG_ANCHOR_CH5_SCAN_HANDLER role=2
DBG_ANCHOR_CH9_REARM delay=0 ret=1 ack=0
DBG_ANCHOR_CH5_SCAN_BLOCKED win=0 survey=0 tx=0 retry_gap=0 wait=0 rx=0 rxq=0 rxr=0 ack=0 ch9=1 rf=0 retry=245 interval=380
DBG_ANCHOR_CH5_SCAN_RESCHED ret=1 delay=245
DBG_C5_CONTACT phase=closing state=4 peer=0x56da25fe4af6d141 purpose=route_solicit reason=replace
DBG_C5_CONTACT phase=open state=2 peer=0x56da25fe4af6d141 purpose=route_reply reason=route-reply
DBG_C5_CONTACT phase=accepted state=2 peer=0x56da25fe4af6d141 purpose=route_reply reason=route-reply
DBG_C5_CONTACT phase=exchange state=3 peer=0x56da25fe4af6d141 purpose=route_reply reason=route-reply
DBG_DWM_WAKE_MESH_CTRL_OK sfd=4073
DBG_C5_TX_CONFIG ret=0 ext=1 len=203 msg=36 reason=route-reply
DBG_UWB_TX_CH5
DBG_C5_CONTACT phase=exchange state=3 peer=0x56da25fe4af6d141 purpose=route_reply reason=route-reply
DBG_ROUTE_REPLY_TX_REPEAT attempt=4 idx=0 ret=0 sent=1
DBG_C5_CONTACT phase=exchange state=3 peer=0x56da25fe4af6d141 purpose=route_reply reason=route-reply-ack-listen
DBG_ANCHOR_CH5_SCAN_HANDLER role=2
DBG_ANCHOR_CH5_SCAN_BLOCKED win=0 survey=0 tx=0 retry_gap=0 wait=0 rx=0 rxq=0 rxr=0 ack=0 ch9=0 rf=1 retry=20 interval=380
DBG_ANCHOR_CH5_SCAN_RESCHED ret=1 delay=20
DBG_ROUTE_REPLY_ATTEMPT attempt=4 send=0 listen=-116 listened=1
DBG_C5_CONTACT phase=closing state=4 peer=0x56da25fe4af6d141 purpose=route_reply reason=route-reply-failed
DBG_ROUTE_REPLY_ACTION_DONE ret=-116 ack=0x0 reason=route-reply-action
DBG_MESH_RX_DRAIN_EXIT owner=work handled=1 q=0
DBG_MESH_RX_WORK_EXIT handled=1 q=0
DBG_CH9_SKIP_STALE n=5 now=82387 next=82688 cnt=5 reason=rx-select
DBG_CH5_GAP_SCAN now=82388 win=100 next_delay=880
DBG_ANCHOR_CH5_SCAN_HANDLER role=2
DBG_ANCHOR_CH5_SCAN_BLOCKED win=0 survey=0 tx=0 retry_gap=0 wait=0 rx=0 rxq=0 rxr=0 ack=0 ch9=0 rf=1 retry=20 interval=380
DBG_ANCHOR_CH5_SCAN_RESCHED ret=1 delay=20
DBG_ANCHOR_CH5_SCAN_HANDLER role=2
DBG_ANCHOR_CH5_SCAN_BLOCKED win=0 survey=0 tx=0 retry_gap=0 wait=0 rx=0 rxq=0 rxr=0 ack=0 ch9=0 rf=1 retry=20 interval=380
DBG_ANCHOR_CH5_SCAN_RESCHED ret=1 delay=20
DBG_ANCHOR_CH5_SCAN_HANDLER role=2
DBG_ANCHOR_CH5_SCAN_BLOCKED win=0 survey=0 tx=0 retry_gap=0 wait=0 rx=0 rxq=0 rxr=0 ack=0 ch9=0 rf=1 retry=20 interval=380
DBG_ANCHOR_CH5_SCAN_RESCHED ret=1 delay=20
DBG_ANCHOR_CH5_SCAN_HANDLER role=2
DBG_ANCHOR_CH5_SCAN_BLOCKED win=0 survey=0 tx=0 retry_gap=0 wait=0 rx=0 rxq=0 rxr=0 ack=0 ch9=0 rf=1 retry=20 interval=380
DBG_ANCHOR_CH5_SCAN_RESCHED ret=1 delay=20
DBG_CH5_GAP_SCAN_DONE frames=0 last_error=0 now=82489 deadline=82488 click=0
DBG_DWM_KEEP_IDLE reason=mesh-rx ch9=1 ack=0 qack=0 ret=0
DBG_CH5_GAP_SCAN now=82490 win=100 next_delay=778
DBG_ANCHOR_CH5_SCAN_HANDLER role=2
DBG_ANCHOR_CH5_SCAN_BLOCKED win=0 survey=0 tx=0 retry_gap=0 wait=0 rx=0 rxq=0 rxr=0 ack=0 ch9=0 rf=1 retry=20 interval=380
DBG_ANCHOR_CH5_SCAN_RESCHED ret=1 delay=20
DBG_ANCHOR_CH5_SCAN_HANDLER role=2
DBG_ANCHOR_CH5_SCAN_BLOCKED win=0 survey=0 tx=0 retry_gap=0 wait=0 rx=0 rxq=0 rxr=0 ack=0 ch9=0 rf=1 retry=20 interval=380
DBG_ANCHOR_CH5_SCAN_RESCHED ret=1 delay=20
DBG_ANCHOR_CH5_SCAN_HANDLER role=2
DBG_ANCHOR_CH5_SCAN_BLOCKED win=0 survey=0 tx=0 retry_gap=0 wait=0 rx=0 rxq=0 rxr=0 ack=0 ch9=0 rf=1 retry=20 interval=380
DBG_ANCHOR_CH5_SCAN_RESCHED ret=1 delay=20
DBG_ANCHOR_CH5_SCAN_HANDLER role=2
DBG_ANCHOR_CH5_SCAN_BLOCKED win=0 survey=0 tx=0 retry_gap=0 wait=0 rx=0 rxq=0 rxr=0 ack=0 ch9=0 rf=1 retry=20 interval=380
DBG_ANCHOR_CH5_SCAN_RESCHED ret=1 delay=20
DBG_CH5_GAP_SCAN_DONE frames=0 last_error=0 now=82590 deadline=82590 click=0
DBG_DWM_KEEP_IDLE reason=mesh-rx ch9=1 ack=0 qack=0 ret=0
DBG_CH5_GAP_SCAN now=82591 win=100 next_delay=677
DBG_ANCHOR_CH5_SCAN_HANDLER role=2
DBG_ANCHOR_CH5_SCAN_BLOCKED win=0 survey=0 tx=0 retry_gap=0 wait=0 rx=0 rxq=0 rxr=0 ack=0 ch9=0 rf=1 retry=20 interval=380
DBG_ANCHOR_CH5_SCAN_RESCHED ret=1 delay=20
DBG_ANCHOR_CH5_SCAN_HANDLER role=2
DBG_ANCHOR_CH5_SCAN_BLOCKED win=0 survey=0 tx=0 retry_gap=0 wait=0 rx=0 rxq=0 rxr=0 ack=0 ch9=0 rf=1 retry=20 interval=380
DBG_ANCHOR_CH5_SCAN_RESCHED ret=1 delay=20
DBG_ANCHOR_CH5_SCAN_HANDLER role=2
DBG_ANCHOR_CH5_SCAN_BLOCKED win=0 survey=0 tx=0 retry_gap=0 wait=0 rx=0 rxq=0 rxr=0 ack=0 ch9=0 rf=1 retry=20 interval=380
DBG_ANCHOR_CH5_SCAN_RESCHED ret=1 delay=20
DBG_ANCHOR_CH5_SCAN_HANDLER role=2
DBG_ANCHOR_CH5_SCAN_BLOCKED win=0 survey=0 tx=0 retry_gap=0 wait=0 rx=0 rxq=0 rxr=0 ack=0 ch9=0 rf=1 retry=20 interval=380
DBG_ANCHOR_CH5_SCAN_RESCHED ret=1 delay=20
DBG_ANCHOR_CH5_SCAN_HANDLER role=2
DBG_CH5_GAP_SCAN_DONE frames=0 last_error=0 now=82691 deadline=82691 click=0
DBG_DWM_KEEP_IDLE reason=mesh-rx ch9=1 ack=0 qack=0 ret=0
DBG_CH5_GAP_SCAN now=82692 win=100 next_delay=576
DBG_ANCHOR_CH5_SCAN_BLOCKED win=0 survey=0 tx=0 retry_gap=0 wait=0 rx=0 rxq=0 rxr=0 ack=0 ch9=0 rf=1 retry=20 interval=380
DBG_ANCHOR_CH5_SCAN_RESCHED ret=1 delay=20
DBG_ANCHOR_CH5_SCAN_HANDLER role=2
DBG_ANCHOR_CH5_SCAN_BLOCKED win=0 survey=0 tx=0 retry_gap=0 wait=0 rx=0 rxq=0 rxr=0 ack=0 ch9=0 rf=1 retry=20 interval=380
DBG_ANCHOR_CH5_SCAN_RESCHED ret=1 delay=20
DBG_ANCHOR_CH5_SCAN_HANDLER role=2
DBG_ANCHOR_CH5_SCAN_BLOCKED win=0 survey=0 tx=0 retry_gap=0 wait=0 rx=0 rxq=0 rxr=0 ack=0 ch9=0 rf=1 retry=20 interval=380
DBG_ANCHOR_CH5_SCAN_RESCHED ret=1 delay=20
DBG_ANCHOR_CH5_SCAN_HANDLER role=2
DBG_ANCHOR_CH5_SCAN_BLOCKED win=0 survey=0 tx=0 retry_gap=0 wait=0 rx=0 rxq=0 rxr=0 ack=0 ch9=0 rf=1 retry=20 interval=380
DBG_ANCHOR_CH5_SCAN_RESCHED ret=1 delay=20
DBG_ANCHOR_CH5_SCAN_HANDLER role=2
DBG_CH5_GAP_SCAN_DONE frames=0 last_error=0 now=82793 deadline=82792 click=0
DBG_DWM_KEEP_IDLE reason=mesh-rx ch9=1 ack=0 qack=0 ret=0
DBG_CH5_GAP_SCAN now=82794 win=100 next_delay=474
DBG_ANCHOR_CH5_SCAN_BLOCKED win=0 survey=0 tx=0 retry_gap=0 wait=0 rx=0 rxq=0 rxr=0 ack=0 ch9=0 rf=1 retry=20 interval=380
DBG_ANCHOR_CH5_SCAN_RESCHED ret=1 delay=20
DBG_ANCHOR_CH5_SCAN_HANDLER role=2
DBG_ANCHOR_CH5_SCAN_BLOCKED win=0 survey=0 tx=0 retry_gap=0 wait=0 rx=0 rxq=0 rxr=0 ack=0 ch9=0 rf=1 retry=20 interval=380
DBG_ANCHOR_CH5_SCAN_RESCHED ret=1 delay=20
DBG_ANCHOR_CH5_SCAN_HANDLER role=2
DBG_ANCHOR_CH5_SCAN_BLOCKED win=0 survey=0 tx=0 retry_gap=0 wait=0 rx=0 rxq=0 rxr=0 ack=0 ch9=0 rf=1 retry=20 interval=380
DBG_ANCHOR_CH5_SCAN_RESCHED ret=1 delay=20
DBG_ANCHOR_CH5_SCAN_HANDLER role=2
DBG_ANCHOR_CH5_SCAN_BLOCKED win=0 survey=0 tx=0 retry_gap=0 wait=0 rx=0 rxq=0 rxr=0 ack=0 ch9=0 rf=1 retry=20 interval=380
DBG_ANCHOR_CH5_SCAN_RESCHED ret=1 delay=20
DBG_ANCHOR_CH5_SCAN_HANDLER role=2
DBG_CH5_GAP_SCAN_DONE frames=0 last_error=0 now=82895 deadline=82894 click=0
DBG_DWM_KEEP_IDLE reason=mesh-rx ch9=1 ack=0 qack=0 ret=0
DBG_CH9_SKIP_STALE n=1 now=82896 next=83328 cnt=6 reason=rx-delay
DBG_CH5_GAP_SCAN now=82896 win=100 next_delay=372
DBG_ANCHOR_CH5_SCAN_BLOCKED win=0 survey=0 tx=0 retry_gap=0 wait=0 rx=0 rxq=0 rxr=0 ack=0 ch9=0 rf=1 retry=20 interval=380
DBG_ANCHOR_CH5_SCAN_RESCHED ret=1 delay=20
DBG_ANCHOR_CH5_SCAN_HANDLER role=2
DBG_ANCHOR_CH5_SCAN_BLOCKED win=0 survey=0 tx=0 retry_gap=0 wait=0 rx=0 rxq=0 rxr=0 ack=0 ch9=0 rf=1 retry=20 interval=380
DBG_ANCHOR_CH5_SCAN_RESCHED ret=1 delay=20
DBG_ANCHOR_CH5_SCAN_HANDLER role=2
DBG_ANCHOR_CH5_SCAN_BLOCKED win=0 survey=0 tx=0 retry_gap=0 wait=0 rx=0 rxq=0 rxr=0 ack=0 ch9=0 rf=1 retry=20 interval=380
DBG_ANCHOR_CH5_SCAN_RESCHED ret=1 delay=20
DBG_ANCHOR_CH5_SCAN_HANDLER role=2
DBG_ANCHOR_CH5_SCAN_BLOCKED win=0 survey=0 tx=0 retry_gap=0 wait=0 rx=0 rxq=0 rxr=0 ack=0 ch9=0 rf=1 retry=20 interval=380
DBG_ANCHOR_CH5_SCAN_RESCHED ret=1 delay=20
DBG_ANCHOR_CH5_SCAN_HANDLER role=2
DBG_DWM_KEEP_IDLE reason=mesh-rx ch9=1 ack=0 qack=0 ret=0
DBG_CH5_GAP_SCAN now=82997 win=100 next_delay=271
DBG_ANCHOR_CH5_SCAN_BLOCKED win=0 survey=0 tx=0 retry_gap=0 wait=0 rx=0 rxq=0 rxr=0 ack=0 ch9=0 rf=1 retry=20 interval=380
DBG_ANCHOR_CH5_SCAN_RESCHED ret=1 delay=20
DBG_ANCHOR_CH5_SCAN_HANDLER role=2
DBG_ANCHOR_CH5_SCAN_BLOCKED win=0 survey=0 tx=0 retry_gap=0 wait=0 rx=0 rxq=0 rxr=0 ack=0 ch9=0 rf=1 retry=20 interval=380
DBG_ANCHOR_CH5_SCAN_RESCHED ret=1 delay=20
DBG_ANCHOR_CH5_SCAN_HANDLER role=2
DBG_ANCHOR_CH5_SCAN_BLOCKED win=0 survey=0 tx=0 retry_gap=0 wait=0 rx=0 rxq=0 rxr=0 ack=0 ch9=0 rf=1 retry=20 interval=380
DBG_ANCHOR_CH5_SCAN_RESCHED ret=1 delay=20
DBG_ANCHOR_CH5_SCAN_HANDLER role=2
DBG_ANCHOR_CH5_SCAN_BLOCKED win=0 survey=0 tx=0 retry_gap=0 wait=0 rx=0 rxq=0 rxr=0 ack=0 ch9=0 rf=1 retry=20 interval=380
DBG_ANCHOR_CH5_SCAN_RESCHED ret=1 delay=20
DBG_ANCHOR_CH5_SCAN_HANDLER role=2
DBG_CH5_GAP_SCAN_DONE frames=0 last_error=0 now=83097 deadline=83097 click=0
DBG_DWM_KEEP_IDLE reason=mesh-rx ch9=1 ack=0 qack=0 ret=0
DBG_CH5_GAP_SCAN now=83098 win=100 next_delay=170
DBG_ANCHOR_CH5_SCAN_BLOCKED win=0 survey=0 tx=0 retry_gap=0 wait=0 rx=0 rxq=0 rxr=0 ack=0 ch9=0 rf=1 retry=20 interval=380
DBG_ANCHOR_CH5_SCAN_RESCHED ret=1 delay=20
DBG_ANCHOR_CH5_SCAN_HANDLER role=2
DBG_ANCHOR_CH5_SCAN_BLOCKED win=0 survey=0 tx=0 retry_gap=0 wait=0 rx=0 rxq=0 rxr=0 ack=0 ch9=0 rf=1 retry=20 interval=380
DBG_ANCHOR_CH5_SCAN_RESCHED ret=1 delay=20
DBG_ANCHOR_CH5_SCAN_HANDLER role=2
DBG_ANCHOR_CH5_SCAN_BLOCKED win=0 survey=0 tx=0 retry_gap=0 wait=0 rx=0 rxq=0 rxr=0 ack=0 ch9=0 rf=1 retry=20 interval=380
DBG_ANCHOR_CH5_SCAN_RESCHED ret=1 delay=20
DBG_ANCHOR_CH5_SCAN_HANDLER role=2
DBG_ANCHOR_CH5_SCAN_BLOCKED win=0 survey=0 tx=0 retry_gap=0 wait=0 rx=0 rxq=0 rxr=0 ack=0 ch9=0 rf=1 retry=20 interval=380
DBG_ANCHOR_CH5_SCAN_RESCHED ret=1 delay=20
DBG_ANCHOR_CH5_SCAN_HANDLER role=2
DBG_CH5_GAP_SCAN_DONE frames=0 last_error=0 now=83198 deadline=83198 click=0
DBG_DWM_KEEP_IDLE reason=mesh-rx ch9=1 ack=0 qack=0 ret=0
DBG_ANCHOR_CH5_SCAN_BLOCKED win=0 survey=0 tx=0 retry_gap=0 wait=0 rx=0 rxq=0 rxr=0 ack=0 ch9=0 rf=1 retry=20 interval=380
DBG_ANCHOR_CH5_SCAN_RESCHED ret=1 delay=20
DBG_ANCHOR_CH5_SCAN_HANDLER role=2
DBG_ANCHOR_CH9_REARM delay=49 ret=1 ack=0
DBG_ANCHOR_CH5_SCAN_BLOCKED win=0 survey=0 tx=0 retry_gap=0 wait=0 rx=0 rxq=0 rxr=0 ack=0 ch9=1 rf=0 retry=294 interval=380
DBG_ANCHOR_CH5_SCAN_RESCHED ret=1 delay=294
DBG_CH9_RX_SLOT idx=0 cnt=6 now=83268 start=83328 end=83448
DBG_CH9_EVENT_STATE state=granted peer=0x56da25fe4af6d141 start=83328 end=83448 reason=rx-slot
DBG_CH9_RX_START idx=0 now=83269 start=83328 end=83448 tail=60
DBG_CH9_RX_CONFIG_OK
DBG_CH9_RX_EARLY_ARM now=83288 start=83328 guard=60
DBG_CH9_RX_ARMED now=83288 start=83328 end=83448 deadline=83508
DBG_DWM_KEEP_IDLE reason=ch9-rx ch9=1 ack=0 qack=0 ret=0
DBG_CH9_RX_EMPTY
DBG_CH9_RX_TIMEOUT
DBG_CH9_RX_MISS frames=0 now=83509 start=83328 end=83448 fail=0
DBG_CH9_EVENT_STATE state=window_expired peer=0x56da25fe4af6d141 start=83328 end=83448 reason=rx-slot
DBG_ANCHOR_CH5_SCAN_HANDLER role=2
DBG_ANCHOR_CH5_SCAN_ARM now=83514 win=20 complete=15 interval=380 wait=0 tx=0
DBG_DWM_CH5_RX_HUNT_START acq=20 complete=15 cap=1021
DBG_DWM_CH5_RX_HUNT_EMPTY ret=-116 status=0x00000000 acq=20
DBG_ANCHOR_CH5_SCAN_DONE ret=-116 len=0 fail=1 pre=0 q=0 rx_us=20446 complete=15
DBG_ANCHOR_CH5_POST_CH9_RECOVERY_SCAN win=20 ret=-116 pre=0
DBG_ANCHOR_CH5_SCAN_RESCHED ret=1 delay=380
DBG_ANCHOR_CH5_SCAN_HANDLER role=2
DBG_DWM_CH5_RX_HUNT_START acq=3 complete=15 cap=1021
DBG_DWM_CH5_RX_HUNT_EMPTY ret=-116 status=0x00000000 acq=3
DBG_ANCHOR_CH5_SCAN_RESCHED ret=1 delay=380
DBG_ANCHOR_CH5_SCAN_HANDLER role=2
DBG_DWM_CH5_RX_HUNT_START acq=3 complete=15 cap=1021
DBG_DWM_CH5_RX_HUNT_EMPTY ret=-116 status=0x00000000 acq=3
DBG_ANCHOR_CH5_SCAN_RESCHED ret=1 delay=380
DBG_CH9_SKIP_STALE n=1 now=84548 next=84608 cnt=8 reason=rx-select
DBG_CH9_RX_SLOT idx=0 cnt=8 now=84548 start=84608 end=84728
DBG_CH9_EVENT_STATE state=granted peer=0x56da25fe4af6d141 start=84608 end=84728 reason=rx-slot
DBG_CH9_RX_START idx=0 now=84548 start=84608 end=84728 tail=60
DBG_CH9_RX_CONFIG_OK
DBG_CH9_RX_EARLY_ARM now=84567 start=84608 guard=60
DBG_CH9_RX_ARMED now=84567 start=84608 end=84728 deadline=84788
DBG_ANCHOR_CH5_SCAN_HANDLER role=2
DBG_ANCHOR_CH5_SCAN_BLOCKED win=0 survey=0 tx=0 retry_gap=0 wait=0 rx=0 rxq=0 rxr=0 ack=0 ch9=0 rf=1 retry=20 interval=380
DBG_ANCHOR_CH5_SCAN_RESCHED ret=1 delay=20
DBG_ANCHOR_CH5_SCAN_HANDLER role=2
DBG_ANCHOR_CH5_SCAN_BLOCKED win=0 survey=0 tx=0 retry_gap=0 wait=0 rx=0 rxq=0 rxr=0 ack=0 ch9=0 rf=1 retry=20 interval=380
DBG_ANCHOR_CH5_SCAN_RESCHED ret=1 delay=20
DBG_DWM_KEEP_IDLE reason=ch9-rx ch9=1 ack=0 qack=0 ret=0
DBG_CH9_RX_EMPTY
DBG_CH9_RX_TIMEOUT
DBG_CH9_RX_MISS frames=0 now=84789 start=84608 end=84728 fail=0
DBG_CH9_EVENT_STATE state=window_expired peer=0x56da25fe4af6d141 start=84608 end=84728 reason=rx-slot
DBG_ANCHOR_CH5_SCAN_HANDLER role=2
DBG_ANCHOR_CH5_SCAN_ARM now=84792 win=20 complete=15 interval=380 wait=0 tx=0
DBG_DWM_CH5_RX_HUNT_START acq=20 complete=15 cap=1021
DBG_DWM_CH5_RX_HUNT_EMPTY ret=-116 status=0x00000000 acq=20
DBG_ANCHOR_CH5_SCAN_DONE ret=-116 len=0 fail=1 pre=0 q=0 rx_us=20629 complete=15
DBG_ANCHOR_CH5_POST_CH9_RECOVERY_SCAN win=20 ret=-116 pre=0
DBG_ANCHOR_CH5_SCAN_RESCHED ret=1 delay=380
DBG_ANCHOR_CH5_SCAN_HANDLER role=2
DBG_DWM_CH5_RX_HUNT_START acq=3 complete=15 cap=1021
DBG_DWM_CH5_RX_HUNT_EMPTY ret=-116 status=0x00000000 acq=3
DBG_ANCHOR_CH5_SCAN_RESCHED ret=1 delay=380
DBG_ANCHOR_CH5_SCAN_HANDLER role=2
DBG_DWM_CH5_RX_HUNT_START acq=3 complete=15 cap=1021
DBG_DWM_CH5_RX_HUNT_EMPTY ret=-116 status=0x00000000 acq=3
DBG_ANCHOR_CH5_SCAN_RESCHED ret=1 delay=380
DBG_CH9_SKIP_STALE n=1 now=85828 next=85888 cnt=10 reason=rx-select
DBG_CH9_RX_SLOT idx=0 cnt=10 now=85828 start=85888 end=86008
DBG_CH9_EVENT_STATE state=granted peer=0x56da25fe4af6d141 start=85888 end=86008 reason=rx-slot
DBG_CH9_RX_START idx=0 now=85828 start=85888 end=86008 tail=60
DBG_CH9_RX_CONFIG_OK
DBG_CH9_RX_EARLY_ARM now=85847 start=85888 guard=60
DBG_CH9_RX_ARMED now=85847 start=85888 end=86008 deadline=86068
DBG_ANCHOR_CH5_SCAN_HANDLER role=2
DBG_ANCHOR_CH5_SCAN_BLOCKED win=0 survey=0 tx=0 retry_gap=0 wait=0 rx=0 rxq=0 rxr=0 ack=0 ch9=0 rf=1 retry=20 interval=380
DBG_ANCHOR_CH5_SCAN_RESCHED ret=1 delay=20
DBG_ANCHOR_CH5_SCAN_HANDLER role=2
DBG_ANCHOR_CH5_SCAN_BLOCKED win=0 survey=0 tx=0 retry_gap=0 wait=0 rx=0 rxq=0 rxr=0 ack=0 ch9=0 rf=1 retry=20 interval=380
DBG_ANCHOR_CH5_SCAN_RESCHED ret=1 delay=20
DBG_DWM_KEEP_IDLE reason=ch9-rx ch9=1 ack=0 qack=0 ret=0
DBG_CH9_RX_EMPTY
DBG_CH9_RX_TIMEOUT
DBG_CH9_RX_MISS frames=0 now=86070 start=85888 end=86008 fail=0
DBG_CH9_EVENT_STATE state=window_expired peer=0x56da25fe4af6d141 start=85888 end=86008 reason=rx-slot
DBG_ANCHOR_CH5_SCAN_HANDLER role=2
DBG_ANCHOR_CH5_SCAN_ARM now=86070 win=20 complete=15 interval=380 wait=0 tx=0
DBG_DWM_CH5_RX_HUNT_START acq=20 complete=15 cap=1021
DBG_DWM_CH5_RX_HUNT_EMPTY ret=-116 status=0x00000000 acq=20
DBG_ANCHOR_CH5_SCAN_DONE ret=-116 len=0 fail=1 pre=0 q=0 rx_us=20477 complete=15
DBG_ANCHOR_CH5_POST_CH9_RECOVERY_SCAN win=20 ret=-116 pre=0
DBG_ANCHOR_CH5_SCAN_RESCHED ret=1 delay=380
DBG_ANCHOR_CH5_SCAN_HANDLER role=2
DBG_DWM_CH5_RX_HUNT_START acq=3 complete=15 cap=1021
DBG_DWM_CH5_RX_ACTIVITY_EXTEND ret=0 status=0x00000100 complete=15
DBG_DWM_CH5_RX_ACTIVITY_WAIT status=0x00000100 remain=15
DBG_DWM_CH5_RX_ACTIVITY_DONE raw=51 payload=49 status=0x00006f00 rearm=0 extended=1
DBG_ANCHOR_CH5_SCAN_DONE ret=0 len=49 fail=0 pre=1 q=100 rx_us=4547 complete=15
DBG_UWB_RX_CH5
DBG_ANCHOR_CH5_FRAME len=49 q=100 wake_ret=0
DBG_ANCHOR_ROUTE_WAKE_DISPATCH src=0x708bc0aab970300e evt=88010 attempt=1 flags=0x92 len=49 q=100
DBG_C5_CONTACT phase=open state=2 peer=0x708bc0aab970300e purpose=route_solicit reason=wake-claim
DBG_C5_CONTACT phase=accepted state=2 peer=0x708bc0aab970300e purpose=route_solicit reason=wake-claim
DBG_ANCHOR_ROUTE_WAKE_HANDOFF src=0x708bc0aab970300e evt=88010 attempt=1 flags=0x92 embedded=0 listen=1297
DBG_C5_CONTACT phase=exchange state=3 peer=0x708bc0aab970300e purpose=route_solicit reason=anchor-route-wake-followup
DBG_ROUTE_REPLY_LISTEN_START
DBG_DWM_WAKE_MESH_CTRL_OK sfd=4073
DBG_ROUTE_REPLY_LISTEN_CONFIG ret=0 ext=1
DBG_DWM_CH5_RX_HUNT_START acq=61 complete=15 cap=1021
DBG_DWM_CH5_RX_ACTIVITY_EXTEND ret=0 status=0x00000100 complete=15
DBG_DWM_CH5_RX_ACTIVITY_WAIT status=0x00000100 remain=15
DBG_DWM_CH5_RX_ACTIVITY_DONE raw=51 payload=49 status=0x00006f00 rearm=0 extended=1
DBG_DWM_WAKE_MESH_CTRL_OK sfd=4073
DBG_ROUTE_REPLY_CLICK_PROBE_DONE duration_ms=44 outcome=restore ret=0
DBG_C5_RX_FAIL status=0x00001700 finfo=0x00000000 fail=4 phy=4 ch=5 plen=3 pac=2 txc=9 rxc=9 sfd=2 rate=0 phr=1 phrr=0 sfdto=4
DBG_DWM_CH5_RX_HUNT_START acq=61 complete=15 cap=1021
DBG_DWM_CH5_RX_ACTIVITY_EXTEND ret=0 status=0x00000100 complete=15
DBG_DWM_CH5_RX_ACTIVITY_WAIT status=0x00000100 remain=15
DBG_DWM_CH5_RX_ACTIVITY_DONE raw=51 payload=49 status=0x00006f00 rearm=0 extended=1
DBG_DWM_WAKE_MESH_CTRL_OK sfd=4073
DBG_ROUTE_REPLY_CLICK_PROBE_DONE duration_ms=43 outcome=restore ret=0
DBG_DWM_CH5_RX_HUNT_START acq=61 complete=15 cap=1021
DBG_DWM_CH5_RX_ACTIVITY_EXTEND ret=0 status=0x00000100 complete=15
DBG_DWM_CH5_RX_ACTIVITY_WAIT status=0x00000100 remain=15
DBG_DWM_CH5_RX_ACTIVITY_DONE raw=51 payload=49 status=0x00006f00 rearm=0 extended=1
DBG_DWM_WAKE_MESH_CTRL_OK sfd=4073
DBG_ROUTE_REPLY_CLICK_PROBE_DONE duration_ms=44 outcome=restore ret=0
DBG_ROUTE_REPLY_RX_FRAME
DBG_UWB_RX_CH5
DBG_MESH_RX_QUEUED ch=5 msg=0x35 src=0x708bc0aab970300e dst=0x0 prev=0x708bc0aab970300e seq=4 q=1
DBG_MESH_RX_DEFERRED q=1 msg=0x35
DBG_ROUTE_REPLY_LISTEN_YIELD_REQUEST src=0x708bc0aab970300e prev=0x708bc0aab970300e target=0x9999888877776666
DBG_COORD state=mesh-rx owner=uwb-rx reason=mesh-rx rx=1 tx=0 relay=0 route=0 ack=0 qack=0
DBG_CH9_SKIP_STALE n=1 now=86778 next=87168 cnt=12 reason=rx-select
DBG_CH5_GAP_SCAN now=86778 win=100 next_delay=330
DBG_ROUTE_REPLY_LISTEN_DONE captured=1 ret=-11
DBG_C5_CONTACT phase=closing state=4 peer=0x708bc0aab970300e purpose=route_solicit reason=reply-listen-done
DBG_MESH_RX_DIRECT_RF_BUSY submit=0 q=1 reason=anchor-route-wake-followup
DBG_ANCHOR_ROUTE_WAKE_HANDOFF_DONE src=0x708bc0aab970300e embedded=0 ret=-11 pending=1
DBG_ANCHOR_ROUTE_WAKE_DISPATCH_DONE handled=1 len=49 q=100
DBG_ANCHOR_CH5_SCAN_RESCHED ret=1 delay=380
DBG_CH5_GAP_SCAN_DONE frames=0 last_error=0 now=86879 deadline=86878 click=0
DBG_DWM_KEEP_IDLE reason=mesh-rx ch9=1 ack=0 qack=0 ret=0
DBG_MESH_RX_WORK_WAIT q=1
DBG_MESH_RX_WORK_ENTER q=1
DBG_MESH_RX_DRAIN_ENTER owner=work q=1
DBG_RX_HANDLE msg=0x35 act=0x00000040 st=-10 q=0 sel=1 next=0x9999888877776666 hop=0
DBG_C5_CONTACT phase=open state=2 peer=0x708bc0aab970300e purpose=route_solicit reason=c5-control-rx
DBG_C5_CONTACT phase=accepted state=2 peer=0x708bc0aab970300e purpose=route_solicit reason=c5-control-rx
DBG_MESH_RX_DRAIN_EXIT owner=work handled=1 q=0
DBG_MESH_RX_WORK_EXIT handled=1 q=0
DBG_COORD state=idle owner=report-tx reason=idle rx=0 tx=0 relay=0 route=0 ack=0 qack=0
DBG_CH5_GAP_SCAN now=86883 win=100 next_delay=225
DBG_CH5_GAP_SCAN_DONE frames=0 last_error=0 now=86983 deadline=86983 click=0
DBG_DWM_KEEP_IDLE reason=mesh-rx ch9=1 ack=0 qack=0 ret=0
DBG_CH5_GAP_SCAN now=86984 win=64 next_delay=124
DBG_CH5_GAP_SCAN_DONE frames=0 last_error=0 now=87049 deadline=87048 click=0
DBG_DWM_KEEP_IDLE reason=mesh-rx ch9=1 ack=0 qack=0 ret=0
DBG_CH9_RX_SLOT idx=0 cnt=12 now=87108 start=87168 end=87288
DBG_CH9_EVENT_STATE state=granted peer=0x56da25fe4af6d141 start=87168 end=87288 reason=rx-slot
DBG_CH9_RX_START idx=0 now=87108 start=87168 end=87288 tail=60
DBG_CH9_RX_CONFIG_OK
DBG_CH9_RX_EARLY_ARM now=87127 start=87168 guard=60
DBG_CH9_RX_ARMED now=87127 start=87168 end=87288 deadline=87348
DBG_ANCHOR_CH5_SCAN_HANDLER role=2
DBG_ANCHOR_CH5_SCAN_BLOCKED win=0 survey=0 tx=0 retry_gap=0 wait=0 rx=0 rxq=0 rxr=0 ack=0 ch9=0 rf=1 retry=20 interval=380
DBG_ANCHOR_CH5_SCAN_RESCHED ret=1 delay=20
DBG_ANCHOR_CH5_SCAN_HANDLER role=2
DBG_ANCHOR_CH5_SCAN_BLOCKED win=0 survey=0 tx=0 retry_gap=0 wait=0 rx=0 rxq=0 rxr=0 ack=0 ch9=0 rf=1 retry=20 interval=380
DBG_ANCHOR_CH5_SCAN_RESCHED ret=1 delay=20
DBG_ANCHOR_CH5_SCAN_HANDLER role=2
DBG_ANCHOR_CH5_SCAN_BLOCKED win=0 survey=0 tx=0 retry_gap=0 wait=0 rx=0 rxq=0 rxr=0 ack=0 ch9=0 rf=1 retry=20 interval=380
DBG_ANCHOR_CH5_SCAN_RESCHED ret=1 delay=20
DBG_ANCHOR_CH5_SCAN_HANDLER role=2
DBG_ANCHOR_CH5_SCAN_BLOCKED win=0 survey=0 tx=0 retry_gap=0 wait=0 rx=0 rxq=0 rxr=0 ack=0 ch9=0 rf=1 retry=20 interval=380
DBG_ANCHOR_CH5_SCAN_RESCHED ret=1 delay=20
DBG_ANCHOR_CH5_SCAN_HANDLER role=2
DBG_ANCHOR_CH5_SCAN_BLOCKED win=0 survey=0 tx=0 retry_gap=0 wait=0 rx=0 rxq=0 rxr=0 ack=0 ch9=0 rf=1 retry=20 interval=380
DBG_ANCHOR_CH5_SCAN_RESCHED ret=1 delay=20
DBG_ANCHOR_CH5_SCAN_HANDLER role=2
DBG_ANCHOR_CH5_SCAN_BLOCKED win=0 survey=0 tx=0 retry_gap=0 wait=0 rx=0 rxq=0 rxr=0 ack=0 ch9=0 rf=1 retry=20 interval=380
DBG_ANCHOR_CH5_SCAN_RESCHED ret=1 delay=20
DBG_ANCHOR_CH5_SCAN_HANDLER role=2
DBG_ANCHOR_CH5_SCAN_BLOCKED win=0 survey=0 tx=0 retry_gap=0 wait=0 rx=0 rxq=0 rxr=0 ack=0 ch9=0 rf=1 retry=20 interval=380
DBG_ANCHOR_CH5_SCAN_RESCHED ret=1 delay=20
DBG_ANCHOR_CH5_SCAN_HANDLER role=2
DBG_ANCHOR_CH5_SCAN_BLOCKED win=0 survey=0 tx=0 retry_gap=0 wait=0 rx=0 rxq=0 rxr=0 ack=0 ch9=0 rf=1 retry=20 interval=380
DBG_ANCHOR_CH5_SCAN_RESCHED ret=1 delay=20
DBG_DWM_KEEP_IDLE reason=ch9-rx ch9=1 ack=0 qack=0 ret=0
DBG_CH9_RX_EMPTY
DBG_CH9_RX_TIMEOUT
DBG_CH9_RX_MISS frames=0 now=87350 start=87168 end=87288 fail=0
DBG_CH9_EVENT_STATE state=window_expired peer=0x56da25fe4af6d141 start=87168 end=87288 reason=rx-slot
DBG_CH9_TIMING_EXPIRE_DETAIL
DBG_CH9_TIMING_EXPIRED
DBG_ANCHOR_CH5_SCAN_HANDLER role=2
DBG_ANCHOR_CH5_SCAN_ARM now=87366 win=20 complete=15 interval=380 wait=0 tx=0
DBG_DWM_CH5_RX_HUNT_START acq=20 complete=15 cap=1021
DBG_DWM_CH5_RX_HUNT_EMPTY ret=-116 status=0x00000000 acq=20
DBG_ANCHOR_CH5_SCAN_DONE ret=-116 len=0 fail=1 pre=0 q=0 rx_us=20477 complete=15
DBG_ANCHOR_CH5_POST_CH9_RECOVERY_SCAN win=20 ret=-116 pre=0
DBG_ANCHOR_CH5_SCAN_RESCHED ret=1 delay=380
DBG_ANCHOR_CH5_SCAN_HANDLER role=2
DBG_DWM_CH5_RX_HUNT_START acq=3 complete=15 cap=1021
DBG_DWM_CH5_RX_HUNT_EMPTY ret=-116 status=0x00000000 acq=3
DBG_ANCHOR_CH5_SCAN_RESCHED ret=1 delay=380
DBG_ANCHOR_CH5_SCAN_HANDLER role=2
DBG_DWM_CH5_RX_HUNT_START acq=3 complete=15 cap=1021
DBG_DWM_CH5_RX_HUNT_EMPTY ret=-116 status=0x00000000 acq=3
DBG_ANCHOR_CH5_SCAN_RESCHED ret=1 delay=380
DBG_ANCHOR_CH5_SCAN_HANDLER role=2
DBG_ANCHOR_CH5_SCAN_ARM now=88593 win=3 complete=15 interval=380 wait=0 tx=0
DBG_DWM_CH5_RX_HUNT_START acq=3 complete=15 cap=1021
DBG_DWM_CH5_RX_HUNT_EMPTY ret=-116 status=0x00000000 acq=3
DBG_ANCHOR_CH5_SCAN_DONE ret=-116 len=0 fail=1 pre=0 q=0 rx_us=3997 complete=15
DBG_ANCHOR_CH5_SCAN_RESCHED ret=1 delay=380
DBG_ANCHOR_CH5_SCAN_HANDLER role=2
DBG_DWM_CH5_RX_HUNT_START acq=3 complete=15 cap=1021
DBG_DWM_CH5_RX_HUNT_EMPTY ret=-116 status=0x00000000 acq=3
DBG_ANCHOR_CH5_SCAN_RESCHED ret=1 delay=380
DBG_ANCHOR_CH5_SCAN_HANDLER role=2
DBG_DWM_CH5_RX_HUNT_START acq=3 complete=15 cap=1021
DBG_DWM_CH5_RX_HUNT_EMPTY ret=-116 status=0x00000000 acq=3
DBG_ANCHOR_CH5_SCAN_RESCHED ret=1 delay=380
DBG_ANCHOR_CH5_SCAN_HANDLER role=2
DBG_ANCHOR_CH5_SCAN_ARM now=89805 win=3 complete=15 interval=380 wait=0 tx=0
DBG_DWM_CH5_RX_HUNT_START acq=3 complete=15 cap=1021
DBG_DWM_CH5_RX_HUNT_EMPTY ret=-116 status=0x00000000 acq=3
DBG_ANCHOR_CH5_SCAN_DONE ret=-116 len=0 fail=1 pre=0 q=0 rx_us=3601 complete=15
DBG_ANCHOR_CH5_SCAN_RESCHED ret=1 delay=380
DBG_ANCHOR_CH5_SCAN_HANDLER role=2
DBG_DWM_CH5_RX_HUNT_START acq=3 complete=15 cap=1021
DBG_DWM_CH5_RX_HUNT_EMPTY ret=-116 status=0x00000000 acq=3
DBG_ANCHOR_CH5_SCAN_RESCHED ret=1 delay=380
DBG_ANCHOR_CH5_SCAN_HANDLER role=2
DBG_DWM_CH5_RX_HUNT_START acq=3 complete=15 cap=1021
DBG_DWM_CH5_RX_HUNT_EMPTY ret=-116 status=0x00000000 acq=3
DBG_ANCHOR_CH5_SCAN_RESCHED ret=1 delay=380
DBG_ANCHOR_CH5_SCAN_HANDLER role=2
DBG_ANCHOR_CH5_SCAN_ARM now=91016 win=3 complete=15 interval=380 wait=0 tx=0
DBG_DWM_CH5_RX_HUNT_START acq=3 complete=15 cap=1021
DBG_DWM_CH5_RX_HUNT_EMPTY ret=-116 status=0x00000000 acq=3
DBG_ANCHOR_CH5_SCAN_DONE ret=-116 len=0 fail=1 pre=0 q=0 rx_us=3631 complete=15
DBG_ANCHOR_CH5_SCAN_RESCHED ret=1 delay=380
DBG_ANCHOR_CH5_SCAN_HANDLER role=2
DBG_DWM_CH5_RX_HUNT_START acq=3 complete=15 cap=1021
DBG_DWM_CH5_RX_ACTIVITY_EXTEND ret=0 status=0x00000100 complete=15
DBG_DWM_CH5_RX_ACTIVITY_WAIT status=0x00000100 remain=15
DBG_DWM_CH5_RX_ACTIVITY_DONE raw=51 payload=49 status=0x00006f00 rearm=0 extended=1
DBG_ANCHOR_CH5_SCAN_DONE ret=0 len=49 fail=0 pre=1 q=100 rx_us=6622 complete=15
DBG_UWB_RX_CH5
DBG_ANCHOR_CH5_FRAME len=49 q=100 wake_ret=0
DBG_ANCHOR_ROUTE_WAKE_DISPATCH src=0x56da25fe4af6d141 evt=94654 attempt=1 flags=0x92 len=49 q=100
DBG_C5_CONTACT phase=closing state=4 peer=0x708bc0aab970300e purpose=route_solicit reason=replace
DBG_C5_CONTACT phase=open state=2 peer=0x56da25fe4af6d141 purpose=route_solicit reason=wake-claim
DBG_C5_CONTACT phase=accepted state=2 peer=0x56da25fe4af6d141 purpose=route_solicit reason=wake-claim
DBG_ANCHOR_ROUTE_WAKE_HANDOFF src=0x56da25fe4af6d141 evt=94654 attempt=1 flags=0x92 embedded=0 listen=1250
DBG_C5_CONTACT phase=exchange state=3 peer=0x56da25fe4af6d141 purpose=route_solicit reason=anchor-route-wake-followup
DBG_ROUTE_REPLY_LISTEN_START
DBG_DWM_WAKE_MESH_CTRL_OK sfd=4073
DBG_ROUTE_REPLY_LISTEN_CONFIG ret=0 ext=1
DBG_DWM_CH5_RX_HUNT_START acq=61 complete=15 cap=1021
DBG_DWM_CH5_RX_ACTIVITY_EXTEND ret=0 status=0x00000100 complete=15
DBG_DWM_CH5_RX_ACTIVITY_WAIT status=0x00000100 remain=15
DBG_DWM_CH5_RX_ACTIVITY_DONE raw=51 payload=49 status=0x00006f00 rearm=0 extended=1
DBG_DWM_WAKE_MESH_CTRL_OK sfd=4073
DBG_ROUTE_REPLY_CLICK_PROBE_DONE duration_ms=42 outcome=restore ret=0
DBG_C5_RX_FAIL status=0x00001700 finfo=0x00000000 fail=4 phy=4 ch=5 plen=3 pac=2 txc=9 rxc=9 sfd=2 rate=0 phr=1 phrr=0 sfdto=4
DBG_DWM_CH5_RX_HUNT_START acq=61 complete=15 cap=1021
DBG_DWM_CH5_RX_ACTIVITY_EXTEND ret=0 status=0x00000100 complete=15
DBG_DWM_CH5_RX_ACTIVITY_WAIT status=0x00000100 remain=15
DBG_DWM_CH5_RX_ACTIVITY_DONE raw=51 payload=49 status=0x00006f00 rearm=0 extended=1
DBG_DWM_WAKE_MESH_CTRL_OK sfd=4073
DBG_ROUTE_REPLY_CLICK_PROBE_DONE duration_ms=42 outcome=restore ret=0
DBG_ROUTE_REPLY_RX_FRAME
DBG_UWB_RX_CH5
DBG_MESH_RX_QUEUED ch=5 msg=0x35 src=0x708bc0aab970300e dst=0x0 prev=0x56da25fe4af6d141 seq=4 q=1
DBG_MESH_RX_DEFERRED q=1 msg=0x35
DBG_ROUTE_REPLY_LISTEN_YIELD_REQUEST src=0x708bc0aab970300e prev=0x56da25fe4af6d141 target=0x9999888877776666
DBG_COORD state=mesh-rx owner=uwb-rx reason=mesh-rx rx=1 tx=0 relay=0 route=0 ack=0 qack=0
DBG_ANCHOR_MESH_RX_YIELD reason=anchor-low-duty-ch5-owner ch9=0 delay=0 scan_int=380 scan_win=3 wait=0 q=1
DBG_MESH_RX_WORK_WAIT q=1
DBG_MESH_RX_WORK_ENTER q=1
DBG_MESH_RX_DRAIN_ENTER owner=work q=1
DBG_RX_HANDLE msg=0x35 act=0x00001000 st=0 q=0 sel=1 next=0x9999888877776666 hop=0
DBG_C5_CONTACT phase=accepted state=2 peer=0x56da25fe4af6d141 purpose=route_solicit reason=c5-control-rx
DBG_ROUTE_REPLY_ACTION reason=route-reply-action next=0x56da25fe4af6d141 seq=5 backup=0
DBG_ROUTE_REPLY_ETA_WAIT delay=143 earliest=91804 now=91661
DBG_ROUTE_REPLY_LISTEN_DONE captured=1 ret=-11
DBG_ANCHOR_ROUTE_WAKE_HANDOFF_DONE src=0x56da25fe4af6d141 embedded=0 ret=-11 pending=0
DBG_C5_CONTACT phase=open state=2 peer=0x56da25fe4af6d141 purpose=route_reply reason=route-reply-action
DBG_C5_CONTACT phase=accepted state=2 peer=0x56da25fe4af6d141 purpose=route_reply reason=route-reply-action
DBG_C5_CONTACT phase=exchange state=3 peer=0x56da25fe4af6d141 purpose=route_reply reason=route-reply-action
DBG_C5_CONTACT phase=exchange state=3 peer=0x56da25fe4af6d141 purpose=route_reply reason=route-reply
DBG_COORD state=idle owner=route-reply reason=idle rx=0 tx=0 relay=0 route=0 ack=0 qack=0
DBG_DWM_WAKE_MESH_CTRL_OK sfd=4073
DBG_C5_TX_CONFIG ret=0 ext=1 len=203 msg=36 reason=route-reply
DBG_UWB_TX_CH5
DBG_C5_CONTACT phase=exchange state=3 peer=0x56da25fe4af6d141 purpose=route_reply reason=route-reply
DBG_ROUTE_REPLY_TX_REPEAT attempt=0 idx=0 ret=0 sent=1
DBG_C5_CONTACT phase=exchange state=3 peer=0x56da25fe4af6d141 purpose=route_reply reason=route-reply-ack-listen
DBG_ROUTE_REPLY_ATTEMPT attempt=0 send=0 listen=-116 listened=1
DBG_C5_CONTACT phase=closing state=4 peer=0x56da25fe4af6d141 purpose=route_reply reason=expired
DBG_C5_CONTACT phase=open state=1 peer=0x56da25fe4af6d141 purpose=route_reply reason=route-reply
DBG_WAKE_TRAIN_GUARD_OK
DBG_ANCHOR_CH5_SCAN_HANDLER role=2
DBG_WAKE_TRAIN_CONFIG_BEGIN
DBG_ANCHOR_CH5_SCAN_BLOCKED win=0 survey=0 tx=0 retry_gap=0 wait=0 rx=0 rxq=0 rxr=0 ack=0 ch9=0 rf=1 retry=20 interval=380
DBG_ANCHOR_CH5_SCAN_RESCHED ret=1 delay=20
DBG_WAKE_TRAIN_CONFIG_OK
DBG_WAKE_TRAIN_FIRST_SEND_BEGIN
DBG_ANCHOR_CH5_SCAN_HANDLER role=2
DBG_WAKE_TRAIN_FIRST_SEND_OK
DBG_UWB_TX_CH5
DBG_TX_WAKE_CLAIM_SENT
DBG_ANCHOR_CH5_SCAN_BLOCKED win=0 survey=0 tx=0 retry_gap=0 wait=0 rx=0 rxq=0 rxr=0 ack=0 ch9=0 rf=1 retry=20 interval=380
DBG_ANCHOR_CH5_SCAN_RESCHED ret=1 delay=20
DBG_UWB_TX_CH5
DBG_TX_WAKE_CLAIM_SENT
DBG_UWB_TX_CH5
DBG_TX_WAKE_CLAIM_SENT
DBG_UWB_TX_CH5
DBG_TX_WAKE_CLAIM_SENT
DBG_DWM_CH5_RX_HUNT_START acq=3 complete=15 cap=125
DBG_ANCHOR_CH5_SCAN_HANDLER role=2
DBG_DWM_CH5_RX_HUNT_EMPTY ret=-116 status=0x00000000 acq=3
DBG_ANCHOR_CH5_SCAN_BLOCKED win=0 survey=0 tx=0 retry_gap=0 wait=0 rx=0 rxq=0 rxr=0 ack=0 ch9=0 rf=1 retry=20 interval=380
DBG_ANCHOR_CH5_SCAN_RESCHED ret=1 delay=20
DBG_UWB_TX_CH5
DBG_TX_WAKE_CLAIM_SENT
DBG_UWB_TX_CH5
DBG_TX_WAKE_CLAIM_SENT
DBG_UWB_TX_CH5
DBG_TX_WAKE_CLAIM_SENT
DBG_DWM_CH5_RX_HUNT_START acq=3 complete=15 cap=125
DBG_ANCHOR_CH5_SCAN_HANDLER role=2
DBG_DWM_CH5_RX_HUNT_EMPTY ret=-116 status=0x00000000 acq=3
DBG_ANCHOR_CH5_SCAN_BLOCKED win=0 survey=0 tx=0 retry_gap=0 wait=0 rx=0 rxq=0 rxr=0 ack=0 ch9=0 rf=1 retry=20 interval=380
DBG_ANCHOR_CH5_SCAN_RESCHED ret=1 delay=20
DBG_UWB_TX_CH5
DBG_TX_WAKE_CLAIM_SENT
DBG_UWB_TX_CH5
DBG_TX_WAKE_CLAIM_SENT
DBG_UWB_TX_CH5
DBG_TX_WAKE_CLAIM_SENT
DBG_DWM_CH5_RX_HUNT_START acq=3 complete=15 cap=125
DBG_ANCHOR_CH5_SCAN_HANDLER role=2
DBG_DWM_CH5_RX_HUNT_EMPTY ret=-116 status=0x00000000 acq=3
DBG_ANCHOR_CH5_SCAN_BLOCKED win=0 survey=0 tx=0 retry_gap=0 wait=0 rx=0 rxq=0 rxr=0 ack=0 ch9=0 rf=1 retry=20 interval=380
DBG_ANCHOR_CH5_SCAN_RESCHED ret=1 delay=20
DBG_UWB_TX_CH5
DBG_TX_WAKE_CLAIM_SENT
DBG_UWB_TX_CH5
DBG_TX_WAKE_CLAIM_SENT
DBG_UWB_TX_CH5
DBG_TX_WAKE_CLAIM_SENT
DBG_DWM_CH5_RX_HUNT_START acq=3 complete=15 cap=125
DBG_ANCHOR_CH5_SCAN_HANDLER role=2
DBG_DWM_CH5_RX_HUNT_EMPTY ret=-116 status=0x00000000 acq=3
DBG_ANCHOR_CH5_SCAN_BLOCKED win=0 survey=0 tx=0 retry_gap=0 wait=0 rx=0 rxq=0 rxr=0 ack=0 ch9=0 rf=1 retry=20 interval=380
DBG_ANCHOR_CH5_SCAN_RESCHED ret=1 delay=20
DBG_UWB_TX_CH5
DBG_TX_WAKE_CLAIM_SENT
DBG_UWB_TX_CH5
DBG_TX_WAKE_CLAIM_SENT
DBG_UWB_TX_CH5
DBG_TX_WAKE_CLAIM_SENT
DBG_DWM_CH5_RX_HUNT_START acq=3 complete=15 cap=125
DBG_ANCHOR_CH5_SCAN_HANDLER role=2
DBG_DWM_CH5_RX_HUNT_EMPTY ret=-116 status=0x00000000 acq=3
DBG_ANCHOR_CH5_SCAN_BLOCKED win=0 survey=0 tx=0 retry_gap=0 wait=0 rx=0 rxq=0 rxr=0 ack=0 ch9=0 rf=1 retry=20 interval=380
DBG_ANCHOR_CH5_SCAN_RESCHED ret=1 delay=20
DBG_UWB_TX_CH5
DBG_TX_WAKE_CLAIM_SENT
DBG_UWB_TX_CH5
DBG_TX_WAKE_CLAIM_SENT
DBG_UWB_TX_CH5
DBG_TX_WAKE_CLAIM_SENT
DBG_DWM_CH5_RX_HUNT_START acq=3 complete=15 cap=125
DBG_ANCHOR_CH5_SCAN_HANDLER role=2
DBG_DWM_CH5_RX_HUNT_EMPTY ret=-116 status=0x00000000 acq=3
DBG_ANCHOR_CH5_SCAN_BLOCKED win=0 survey=0 tx=0 retry_gap=0 wait=0 rx=0 rxq=0 rxr=0 ack=0 ch9=0 rf=1 retry=20 interval=380
DBG_ANCHOR_CH5_SCAN_RESCHED ret=1 delay=20
DBG_UWB_TX_CH5
DBG_TX_WAKE_CLAIM_SENT
DBG_UWB_TX_CH5
DBG_TX_WAKE_CLAIM_SENT
DBG_UWB_TX_CH5
DBG_TX_WAKE_CLAIM_SENT
DBG_DWM_CH5_RX_HUNT_START acq=3 complete=15 cap=125
DBG_ANCHOR_CH5_SCAN_HANDLER role=2
DBG_DWM_CH5_RX_HUNT_EMPTY ret=-116 status=0x00000000 acq=3
DBG_ANCHOR_CH5_SCAN_BLOCKED win=0 survey=0 tx=0 retry_gap=0 wait=0 rx=0 rxq=0 rxr=0 ack=0 ch9=0 rf=1 retry=20 interval=380
DBG_ANCHOR_CH5_SCAN_RESCHED ret=1 delay=20
DBG_UWB_TX_CH5
DBG_TX_WAKE_CLAIM_SENT
DBG_UWB_TX_CH5
DBG_TX_WAKE_CLAIM_SENT
DBG_UWB_TX_CH5
DBG_TX_WAKE_CLAIM_SENT
DBG_DWM_CH5_RX_HUNT_START acq=3 complete=15 cap=125
DBG_ANCHOR_CH5_SCAN_HANDLER role=2
DBG_DWM_CH5_RX_HUNT_EMPTY ret=-116 status=0x00000000 acq=3
DBG_ANCHOR_CH5_SCAN_BLOCKED win=0 survey=0 tx=0 retry_gap=0 wait=0 rx=0 rxq=0 rxr=0 ack=0 ch9=0 rf=1 retry=20 interval=380
DBG_ANCHOR_CH5_SCAN_RESCHED ret=1 delay=20
DBG_UWB_TX_CH5
DBG_TX_WAKE_CLAIM_SENT
DBG_UWB_TX_CH5
DBG_TX_WAKE_CLAIM_SENT
DBG_UWB_TX_CH5
DBG_TX_WAKE_CLAIM_SENT
DBG_DWM_CH5_RX_HUNT_START acq=3 complete=15 cap=125
DBG_ANCHOR_CH5_SCAN_HANDLER role=2
DBG_DWM_CH5_RX_HUNT_EMPTY ret=-116 status=0x00000000 acq=3
DBG_ANCHOR_CH5_SCAN_BLOCKED win=0 survey=0 tx=0 retry_gap=0 wait=0 rx=0 rxq=0 rxr=0 ack=0 ch9=0 rf=1 retry=20 interval=380
DBG_ANCHOR_CH5_SCAN_RESCHED ret=1 delay=20
DBG_UWB_TX_CH5
DBG_TX_WAKE_CLAIM_SENT
DBG_UWB_TX_CH5
DBG_TX_WAKE_CLAIM_SENT
DBG_UWB_TX_CH5
DBG_TX_WAKE_CLAIM_SENT
DBG_DWM_CH5_RX_HUNT_START acq=3 complete=15 cap=125
DBG_ANCHOR_CH5_SCAN_HANDLER role=2
DBG_DWM_CH5_RX_HUNT_EMPTY ret=-116 status=0x00000000 acq=3
DBG_ANCHOR_CH5_SCAN_BLOCKED win=0 survey=0 tx=0 retry_gap=0 wait=0 rx=0 rxq=0 rxr=0 ack=0 ch9=0 rf=1 retry=20 interval=380
DBG_ANCHOR_CH5_SCAN_RESCHED ret=1 delay=20
DBG_UWB_TX_CH5
DBG_TX_WAKE_CLAIM_SENT
DBG_UWB_TX_CH5
DBG_TX_WAKE_CLAIM_SENT
DBG_UWB_TX_CH5
DBG_TX_WAKE_CLAIM_SENT
DBG_DWM_CH5_RX_HUNT_START acq=3 complete=15 cap=125
DBG_ANCHOR_CH5_SCAN_HANDLER role=2
DBG_DWM_CH5_RX_HUNT_EMPTY ret=-116 status=0x00000000 acq=3
DBG_ANCHOR_CH5_SCAN_BLOCKED win=0 survey=0 tx=0 retry_gap=0 wait=0 rx=0 rxq=0 rxr=0 ack=0 ch9=0 rf=1 retry=20 interval=380
DBG_ANCHOR_CH5_SCAN_RESCHED ret=1 delay=20
DBG_UWB_TX_CH5
DBG_TX_WAKE_CLAIM_SENT
DBG_UWB_TX_CH5
DBG_TX_WAKE_CLAIM_SENT
DBG_UWB_TX_CH5
DBG_TX_WAKE_CLAIM_SENT
DBG_DWM_CH5_RX_HUNT_START acq=3 complete=15 cap=125
DBG_ANCHOR_CH5_SCAN_HANDLER role=2
DBG_DWM_CH5_RX_HUNT_EMPTY ret=-116 status=0x00000000 acq=3
DBG_ANCHOR_CH5_SCAN_BLOCKED win=0 survey=0 tx=0 retry_gap=0 wait=0 rx=0 rxq=0 rxr=0 ack=0 ch9=0 rf=1 retry=20 interval=380
DBG_ANCHOR_CH5_SCAN_RESCHED ret=1 delay=20
DBG_UWB_TX_CH5
DBG_TX_WAKE_CLAIM_SENT
DBG_UWB_TX_CH5
DBG_TX_WAKE_CLAIM_SENT
DBG_UWB_TX_CH5
DBG_TX_WAKE_CLAIM_SENT
DBG_DWM_CH5_RX_HUNT_START acq=3 complete=15 cap=125
DBG_ANCHOR_CH5_SCAN_HANDLER role=2
DBG_DWM_CH5_RX_HUNT_EMPTY ret=-116 status=0x00000000 acq=3
DBG_ANCHOR_CH5_SCAN_BLOCKED win=0 survey=0 tx=0 retry_gap=0 wait=0 rx=0 rxq=0 rxr=0 ack=0 ch9=0 rf=1 retry=20 interval=380
DBG_ANCHOR_CH5_SCAN_RESCHED ret=1 delay=20
DBG_UWB_TX_CH5
DBG_TX_WAKE_CLAIM_SENT
DBG_UWB_TX_CH5
DBG_TX_WAKE_CLAIM_SENT
DBG_UWB_TX_CH5
DBG_TX_WAKE_CLAIM_SENT
DBG_DWM_CH5_RX_HUNT_START acq=3 complete=15 cap=125
DBG_ANCHOR_CH5_SCAN_HANDLER role=2
DBG_DWM_CH5_RX_HUNT_EMPTY ret=-116 status=0x00000000 acq=3
DBG_ANCHOR_CH5_SCAN_BLOCKED win=0 survey=0 tx=0 retry_gap=0 wait=0 rx=0 rxq=0 rxr=0 ack=0 ch9=0 rf=1 retry=20 interval=380
DBG_ANCHOR_CH5_SCAN_RESCHED ret=1 delay=20
DBG_UWB_TX_CH5
DBG_TX_WAKE_CLAIM_SENT
DBG_UWB_TX_CH5
DBG_TX_WAKE_CLAIM_SENT
DBG_UWB_TX_CH5
DBG_TX_WAKE_CLAIM_SENT
DBG_DWM_CH5_RX_HUNT_START acq=3 complete=15 cap=125
DBG_ANCHOR_CH5_SCAN_HANDLER role=2
DBG_DWM_CH5_RX_HUNT_EMPTY ret=-116 status=0x00000000 acq=3
DBG_ANCHOR_CH5_SCAN_BLOCKED win=0 survey=0 tx=0 retry_gap=0 wait=0 rx=0 rxq=0 rxr=0 ack=0 ch9=0 rf=1 retry=20 interval=380
DBG_ANCHOR_CH5_SCAN_RESCHED ret=1 delay=20
DBG_UWB_TX_CH5
DBG_TX_WAKE_CLAIM_SENT
DBG_UWB_TX_CH5
DBG_TX_WAKE_CLAIM_SENT
DBG_UWB_TX_CH5
DBG_TX_WAKE_CLAIM_SENT
DBG_DWM_CH5_RX_HUNT_START acq=3 complete=15 cap=125
DBG_ANCHOR_CH5_SCAN_HANDLER role=2
DBG_DWM_CH5_RX_HUNT_EMPTY ret=-116 status=0x00000000 acq=3
DBG_ANCHOR_CH5_SCAN_BLOCKED win=0 survey=0 tx=0 retry_gap=0 wait=0 rx=0 rxq=0 rxr=0 ack=0 ch9=0 rf=1 retry=20 interval=380
DBG_ANCHOR_CH5_SCAN_RESCHED ret=1 delay=20
DBG_UWB_TX_CH5
DBG_TX_WAKE_CLAIM_SENT
DBG_UWB_TX_CH5
DBG_TX_WAKE_CLAIM_SENT
DBG_UWB_TX_CH5
DBG_TX_WAKE_CLAIM_SENT
DBG_DWM_CH5_RX_HUNT_START acq=3 complete=15 cap=125
DBG_ANCHOR_CH5_SCAN_HANDLER role=2
DBG_DWM_CH5_RX_HUNT_EMPTY ret=-116 status=0x00000000 acq=3
DBG_ANCHOR_CH5_SCAN_BLOCKED win=0 survey=0 tx=0 retry_gap=0 wait=0 rx=0 rxq=0 rxr=0 ack=0 ch9=0 rf=1 retry=20 interval=380
DBG_ANCHOR_CH5_SCAN_RESCHED ret=1 delay=20
DBG_UWB_TX_CH5
DBG_TX_WAKE_CLAIM_SENT
DBG_ANCHOR_CH5_SCAN_HANDLER role=2
DBG_ANCHOR_CH5_SCAN_BLOCKED win=0 survey=0 tx=0 retry_gap=0 wait=0 rx=0 rxq=0 rxr=0 ack=0 ch9=0 rf=1 retry=20 interval=380
DBG_ANCHOR_CH5_SCAN_RESCHED ret=1 delay=20
DBG_C5_CONTACT phase=closing state=4 peer=0x56da25fe4af6d141 purpose=route_reply reason=replace
DBG_C5_CONTACT phase=open state=2 peer=0x56da25fe4af6d141 purpose=route_solicit reason=route-reply
DBG_C5_CONTACT phase=accepted state=2 peer=0x56da25fe4af6d141 purpose=route_solicit reason=route-reply
DBG_C5_CONTROL_FOLLOWUP_TURNAROUND delay=60 msg=36 reason=route-reply
DBG_ANCHOR_CH5_SCAN_HANDLER role=2
DBG_ANCHOR_CH9_REARM delay=0 ret=1 ack=0
DBG_ANCHOR_CH5_SCAN_BLOCKED win=0 survey=0 tx=0 retry_gap=0 wait=0 rx=0 rxq=0 rxr=0 ack=0 ch9=1 rf=0 retry=245 interval=380
DBG_ANCHOR_CH5_SCAN_RESCHED ret=1 delay=245
DBG_C5_CONTACT phase=closing state=4 peer=0x56da25fe4af6d141 purpose=route_solicit reason=replace
DBG_C5_CONTACT phase=open state=2 peer=0x56da25fe4af6d141 purpose=route_reply reason=route-reply
DBG_C5_CONTACT phase=accepted state=2 peer=0x56da25fe4af6d141 purpose=route_reply reason=route-reply
DBG_C5_CONTACT phase=exchange state=3 peer=0x56da25fe4af6d141 purpose=route_reply reason=route-reply
DBG_DWM_WAKE_MESH_CTRL_OK sfd=4073
DBG_C5_TX_CONFIG ret=0 ext=1 len=203 msg=36 reason=route-reply
DBG_UWB_TX_CH5
DBG_C5_CONTACT phase=exchange state=3 peer=0x56da25fe4af6d141 purpose=route_reply reason=route-reply
DBG_ROUTE_REPLY_TX_REPEAT attempt=1 idx=0 ret=0 sent=1
DBG_C5_CONTACT phase=exchange state=3 peer=0x56da25fe4af6d141 purpose=route_reply reason=route-reply-ack-listen
DBG_ANCHOR_CH5_SCAN_HANDLER role=2
DBG_ANCHOR_CH5_SCAN_BLOCKED win=0 survey=0 tx=0 retry_gap=0 wait=0 rx=0 rxq=0 rxr=0 ack=0 ch9=0 rf=1 retry=20 interval=380
DBG_ANCHOR_CH5_SCAN_RESCHED ret=1 delay=20
DBG_ROUTE_REPLY_ATTEMPT attempt=1 send=0 listen=-116 listened=1
DBG_C5_CONTACT phase=closing state=4 peer=0x56da25fe4af6d141 purpose=route_reply reason=expired
DBG_C5_CONTACT phase=open state=1 peer=0x56da25fe4af6d141 purpose=route_reply reason=route-reply
DBG_WAKE_TRAIN_GUARD_OK
DBG_ANCHOR_CH5_SCAN_HANDLER role=2
DBG_ANCHOR_CH5_SCAN_BLOCKED win=0 survey=0 tx=0 retry_gap=0 wait=0 rx=0 rxq=0 rxr=0 ack=0 ch9=0 rf=1 retry=20 interval=380
DBG_ANCHOR_CH5_SCAN_RESCHED ret=1 delay=20
DBG_ANCHOR_CH5_SCAN_HANDLER role=2
DBG_WAKE_TRAIN_CONFIG_BEGIN
DBG_ANCHOR_CH5_SCAN_BLOCKED win=0 survey=0 tx=0 retry_gap=0 wait=0 rx=0 rxq=0 rxr=0 ack=0 ch9=0 rf=1 retry=20 interval=380
DBG_ANCHOR_CH5_SCAN_RESCHED ret=1 delay=20
DBG_WAKE_TRAIN_CONFIG_OK
DBG_WAKE_TRAIN_FIRST_SEND_BEGIN
DBG_ANCHOR_CH5_SCAN_HANDLER role=2
DBG_WAKE_TRAIN_FIRST_SEND_OK
DBG_UWB_TX_CH5
DBG_TX_WAKE_CLAIM_SENT
DBG_ANCHOR_CH5_SCAN_BLOCKED win=0 survey=0 tx=0 retry_gap=0 wait=0 rx=0 rxq=0 rxr=0 ack=0 ch9=0 rf=1 retry=20 interval=380
DBG_ANCHOR_CH5_SCAN_RESCHED ret=1 delay=20
DBG_UWB_TX_CH5
DBG_TX_WAKE_CLAIM_SENT
DBG_UWB_TX_CH5
DBG_TX_WAKE_CLAIM_SENT
DBG_DWM_CH5_RX_HUNT_START acq=3 complete=15 cap=125
DBG_DWM_CH5_RX_HUNT_EMPTY ret=-116 status=0x00000000 acq=3
DBG_ANCHOR_CH5_SCAN_HANDLER role=2
DBG_UWB_TX_CH5
DBG_TX_WAKE_CLAIM_SENT
DBG_ANCHOR_CH5_SCAN_BLOCKED win=0 survey=0 tx=0 retry_gap=0 wait=0 rx=0 rxq=0 rxr=0 ack=0 ch9=0 rf=1 retry=20 interval=380
DBG_ANCHOR_CH5_SCAN_RESCHED ret=1 delay=20
DBG_UWB_TX_CH5
DBG_TX_WAKE_CLAIM_SENT
DBG_UWB_TX_CH5
DBG_TX_WAKE_CLAIM_SENT
DBG_DWM_CH5_RX_HUNT_START acq=3 complete=15 cap=125
DBG_DWM_CH5_RX_HUNT_EMPTY ret=-116 status=0x00000000 acq=3
DBG_ANCHOR_CH5_SCAN_HANDLER role=2
DBG_UWB_TX_CH5
DBG_TX_WAKE_CLAIM_SENT
DBG_ANCHOR_CH5_SCAN_BLOCKED win=0 survey=0 tx=0 retry_gap=0 wait=0 rx=0 rxq=0 rxr=0 ack=0 ch9=0 rf=1 retry=20 interval=380
DBG_ANCHOR_CH5_SCAN_RESCHED ret=1 delay=20
DBG_UWB_TX_CH5
DBG_TX_WAKE_CLAIM_SENT
DBG_UWB_TX_CH5
DBG_TX_WAKE_CLAIM_SENT
DBG_DWM_CH5_RX_HUNT_START acq=3 complete=15 cap=125
DBG_DWM_CH5_RX_HUNT_EMPTY ret=-116 status=0x00000000 acq=3
DBG_ANCHOR_CH5_SCAN_HANDLER role=2
DBG_UWB_TX_CH5
DBG_TX_WAKE_CLAIM_SENT
DBG_ANCHOR_CH5_SCAN_BLOCKED win=0 survey=0 tx=0 retry_gap=0 wait=0 rx=0 rxq=0 rxr=0 ack=0 ch9=0 rf=1 retry=20 interval=380
DBG_ANCHOR_CH5_SCAN_RESCHED ret=1 delay=20
DBG_UWB_TX_CH5
DBG_TX_WAKE_CLAIM_SENT
DBG_UWB_TX_CH5
DBG_TX_WAKE_CLAIM_SENT
DBG_DWM_CH5_RX_HUNT_START acq=3 complete=15 cap=125
DBG_DWM_CH5_RX_HUNT_EMPTY ret=-116 status=0x00000000 acq=3
DBG_ANCHOR_CH5_SCAN_HANDLER role=2
DBG_UWB_TX_CH5
DBG_TX_WAKE_CLAIM_SENT
DBG_ANCHOR_CH5_SCAN_BLOCKED win=0 survey=0 tx=0 retry_gap=0 wait=0 rx=0 rxq=0 rxr=0 ack=0 ch9=0 rf=1 retry=20 interval=380
DBG_ANCHOR_CH5_SCAN_RESCHED ret=1 delay=20
DBG_UWB_TX_CH5
DBG_TX_WAKE_CLAIM_SENT
DBG_UWB_TX_CH5
DBG_TX_WAKE_CLAIM_SENT
DBG_DWM_CH5_RX_HUNT_START acq=3 complete=15 cap=125
DBG_DWM_CH5_RX_HUNT_EMPTY ret=-116 status=0x00000000 acq=3
DBG_ANCHOR_CH5_SCAN_HANDLER role=2
DBG_UWB_TX_CH5
DBG_TX_WAKE_CLAIM_SENT
DBG_ANCHOR_CH5_SCAN_BLOCKED win=0 survey=0 tx=0 retry_gap=0 wait=0 rx=0 rxq=0 rxr=0 ack=0 ch9=0 rf=1 retry=20 interval=380
DBG_ANCHOR_CH5_SCAN_RESCHED ret=1 delay=20
DBG_UWB_TX_CH5
DBG_TX_WAKE_CLAIM_SENT
DBG_UWB_TX_CH5
DBG_TX_WAKE_CLAIM_SENT
DBG_DWM_CH5_RX_HUNT_START acq=3 complete=15 cap=125
DBG_DWM_CH5_RX_HUNT_EMPTY ret=-116 status=0x00000000 acq=3
DBG_ANCHOR_CH5_SCAN_HANDLER role=2
DBG_UWB_TX_CH5
DBG_TX_WAKE_CLAIM_SENT
DBG_ANCHOR_CH5_SCAN_BLOCKED win=0 survey=0 tx=0 retry_gap=0 wait=0 rx=0 rxq=0 rxr=0 ack=0 ch9=0 rf=1 retry=20 interval=380
DBG_ANCHOR_CH5_SCAN_RESCHED ret=1 delay=20
DBG_UWB_TX_CH5
DBG_TX_WAKE_CLAIM_SENT
DBG_UWB_TX_CH5
DBG_TX_WAKE_CLAIM_SENT
DBG_DWM_CH5_RX_HUNT_START acq=3 complete=15 cap=125
DBG_DWM_CH5_RX_HUNT_EMPTY ret=-116 status=0x00000000 acq=3
DBG_ANCHOR_CH5_SCAN_HANDLER role=2
DBG_UWB_TX_CH5
DBG_TX_WAKE_CLAIM_SENT
DBG_ANCHOR_CH5_SCAN_BLOCKED win=0 survey=0 tx=0 retry_gap=0 wait=0 rx=0 rxq=0 rxr=0 ack=0 ch9=0 rf=1 retry=20 interval=380
DBG_ANCHOR_CH5_SCAN_RESCHED ret=1 delay=20
DBG_UWB_TX_CH5
DBG_TX_WAKE_CLAIM_SENT
DBG_UWB_TX_CH5
DBG_TX_WAKE_CLAIM_SENT
DBG_DWM_CH5_RX_HUNT_START acq=3 complete=15 cap=125
DBG_DWM_CH5_RX_HUNT_EMPTY ret=-116 status=0x00000000 acq=3
DBG_ANCHOR_CH5_SCAN_HANDLER role=2
DBG_UWB_TX_CH5
DBG_TX_WAKE_CLAIM_SENT
DBG_ANCHOR_CH5_SCAN_BLOCKED win=0 survey=0 tx=0 retry_gap=0 wait=0 rx=0 rxq=0 rxr=0 ack=0 ch9=0 rf=1 retry=20 interval=380
DBG_ANCHOR_CH5_SCAN_RESCHED ret=1 delay=20
DBG_UWB_TX_CH5
DBG_TX_WAKE_CLAIM_SENT
DBG_UWB_TX_CH5
DBG_TX_WAKE_CLAIM_SENT
DBG_DWM_CH5_RX_HUNT_START acq=3 complete=15 cap=125
DBG_DWM_CH5_RX_HUNT_EMPTY ret=-116 status=0x00000000 acq=3
DBG_ANCHOR_CH5_SCAN_HANDLER role=2
DBG_UWB_TX_CH5
DBG_TX_WAKE_CLAIM_SENT
DBG_ANCHOR_CH5_SCAN_BLOCKED win=0 survey=0 tx=0 retry_gap=0 wait=0 rx=0 rxq=0 rxr=0 ack=0 ch9=0 rf=1 retry=20 interval=380
DBG_ANCHOR_CH5_SCAN_RESCHED ret=1 delay=20
DBG_UWB_TX_CH5
DBG_TX_WAKE_CLAIM_SENT
DBG_UWB_TX_CH5
DBG_TX_WAKE_CLAIM_SENT
DBG_DWM_CH5_RX_HUNT_START acq=3 complete=15 cap=125
DBG_DWM_CH5_RX_HUNT_EMPTY ret=-116 status=0x00000000 acq=3
DBG_ANCHOR_CH5_SCAN_HANDLER role=2
DBG_UWB_TX_CH5
DBG_TX_WAKE_CLAIM_SENT
DBG_ANCHOR_CH5_SCAN_BLOCKED win=0 survey=0 tx=0 retry_gap=0 wait=0 rx=0 rxq=0 rxr=0 ack=0 ch9=0 rf=1 retry=20 interval=380
DBG_ANCHOR_CH5_SCAN_RESCHED ret=1 delay=20
DBG_UWB_TX_CH5
DBG_TX_WAKE_CLAIM_SENT
DBG_UWB_TX_CH5
DBG_TX_WAKE_CLAIM_SENT
DBG_DWM_CH5_RX_HUNT_START acq=3 complete=15 cap=125
DBG_DWM_CH5_RX_HUNT_EMPTY ret=-116 status=0x00000000 acq=3
DBG_ANCHOR_CH5_SCAN_HANDLER role=2
DBG_UWB_TX_CH5
DBG_TX_WAKE_CLAIM_SENT
DBG_ANCHOR_CH5_SCAN_BLOCKED win=0 survey=0 tx=0 retry_gap=0 wait=0 rx=0 rxq=0 rxr=0 ack=0 ch9=0 rf=1 retry=20 interval=380
DBG_ANCHOR_CH5_SCAN_RESCHED ret=1 delay=20
DBG_UWB_TX_CH5
DBG_TX_WAKE_CLAIM_SENT
DBG_UWB_TX_CH5
DBG_TX_WAKE_CLAIM_SENT
DBG_DWM_CH5_RX_HUNT_START acq=3 complete=15 cap=125
DBG_DWM_CH5_RX_HUNT_EMPTY ret=-116 status=0x00000000 acq=3
DBG_ANCHOR_CH5_SCAN_HANDLER role=2
DBG_UWB_TX_CH5
DBG_TX_WAKE_CLAIM_SENT
DBG_ANCHOR_CH5_SCAN_BLOCKED win=0 survey=0 tx=0 retry_gap=0 wait=0 rx=0 rxq=0 rxr=0 ack=0 ch9=0 rf=1 retry=20 interval=380
DBG_ANCHOR_CH5_SCAN_RESCHED ret=1 delay=20
DBG_UWB_TX_CH5
DBG_TX_WAKE_CLAIM_SENT
DBG_UWB_TX_CH5
DBG_TX_WAKE_CLAIM_SENT
DBG_DWM_CH5_RX_HUNT_START acq=3 complete=15 cap=125
DBG_DWM_CH5_RX_HUNT_EMPTY ret=-116 status=0x00000000 acq=3
DBG_ANCHOR_CH5_SCAN_HANDLER role=2
DBG_UWB_TX_CH5
DBG_TX_WAKE_CLAIM_SENT
DBG_ANCHOR_CH5_SCAN_BLOCKED win=0 survey=0 tx=0 retry_gap=0 wait=0 rx=0 rxq=0 rxr=0 ack=0 ch9=0 rf=1 retry=20 interval=380
DBG_ANCHOR_CH5_SCAN_RESCHED ret=1 delay=20
DBG_UWB_TX_CH5
DBG_TX_WAKE_CLAIM_SENT
DBG_UWB_TX_CH5
DBG_TX_WAKE_CLAIM_SENT
DBG_DWM_CH5_RX_HUNT_START acq=3 complete=15 cap=125
DBG_DWM_CH5_RX_HUNT_EMPTY ret=-116 status=0x00000000 acq=3
DBG_ANCHOR_CH5_SCAN_HANDLER role=2
DBG_UWB_TX_CH5
DBG_TX_WAKE_CLAIM_SENT
DBG_ANCHOR_CH5_SCAN_BLOCKED win=0 survey=0 tx=0 retry_gap=0 wait=0 rx=0 rxq=0 rxr=0 ack=0 ch9=0 rf=1 retry=20 interval=380
DBG_ANCHOR_CH5_SCAN_RESCHED ret=1 delay=20
DBG_UWB_TX_CH5
DBG_TX_WAKE_CLAIM_SENT
DBG_UWB_TX_CH5
DBG_TX_WAKE_CLAIM_SENT
DBG_DWM_CH5_RX_HUNT_START acq=3 complete=15 cap=125
DBG_DWM_CH5_RX_HUNT_EMPTY ret=-116 status=0x00000000 acq=3
DBG_ANCHOR_CH5_SCAN_HANDLER role=2
DBG_UWB_TX_CH5
DBG_TX_WAKE_CLAIM_SENT
DBG_ANCHOR_CH5_SCAN_BLOCKED win=0 survey=0 tx=0 retry_gap=0 wait=0 rx=0 rxq=0 rxr=0 ack=0 ch9=0 rf=1 retry=20 interval=380
DBG_ANCHOR_CH5_SCAN_RESCHED ret=1 delay=20
DBG_UWB_TX_CH5
DBG_TX_WAKE_CLAIM_SENT
DBG_UWB_TX_CH5
DBG_TX_WAKE_CLAIM_SENT
DBG_DWM_CH5_RX_HUNT_START acq=3 complete=15 cap=125
DBG_DWM_CH5_RX_HUNT_EMPTY ret=-116 status=0x00000000 acq=3
DBG_ANCHOR_CH5_SCAN_HANDLER role=2
DBG_UWB_TX_CH5
DBG_TX_WAKE_CLAIM_SENT
DBG_ANCHOR_CH5_SCAN_BLOCKED win=0 survey=0 tx=0 retry_gap=0 wait=0 rx=0 rxq=0 rxr=0 ack=0 ch9=0 rf=1 retry=20 interval=380
DBG_ANCHOR_CH5_SCAN_RESCHED ret=1 delay=20
DBG_UWB_TX_CH5
DBG_TX_WAKE_CLAIM_SENT
DBG_UWB_TX_CH5
DBG_TX_WAKE_CLAIM_SENT
DBG_DWM_CH5_RX_HUNT_START acq=3 complete=15 cap=125
DBG_DWM_CH5_RX_HUNT_EMPTY ret=-116 status=0x00000000 acq=3
DBG_ANCHOR_CH5_SCAN_HANDLER role=2
DBG_UWB_TX_CH5
DBG_TX_WAKE_CLAIM_SENT
DBG_ANCHOR_CH5_SCAN_BLOCKED win=0 survey=0 tx=0 retry_gap=0 wait=0 rx=0 rxq=0 rxr=0 ack=0 ch9=0 rf=1 retry=20 interval=380
DBG_ANCHOR_CH5_SCAN_RESCHED ret=1 delay=20
DBG_UWB_TX_CH5
DBG_TX_WAKE_CLAIM_SENT
DBG_ANCHOR_CH5_SCAN_HANDLER role=2
DBG_ANCHOR_CH5_SCAN_BLOCKED win=0 survey=0 tx=0 retry_gap=0 wait=0 rx=0 rxq=0 rxr=0 ack=0 ch9=0 rf=1 retry=20 interval=380
DBG_ANCHOR_CH5_SCAN_RESCHED ret=1 delay=20
DBG_C5_CONTACT phase=closing state=4 peer=0x56da25fe4af6d141 purpose=route_reply reason=replace
DBG_C5_CONTACT phase=open state=2 peer=0x56da25fe4af6d141 purpose=route_solicit reason=route-reply
DBG_C5_CONTACT phase=accepted state=2 peer=0x56da25fe4af6d141 purpose=route_solicit reason=route-reply
DBG_C5_CONTROL_FOLLOWUP_TURNAROUND delay=60 msg=36 reason=route-reply
DBG_ANCHOR_CH5_SCAN_HANDLER role=2
DBG_ANCHOR_CH9_REARM delay=0 ret=1 ack=0
DBG_ANCHOR_CH5_SCAN_BLOCKED win=0 survey=0 tx=0 retry_gap=0 wait=0 rx=0 rxq=0 rxr=0 ack=0 ch9=1 rf=0 retry=245 interval=380
DBG_ANCHOR_CH5_SCAN_RESCHED ret=1 delay=245
DBG_C5_CONTACT phase=closing state=4 peer=0x56da25fe4af6d141 purpose=route_solicit reason=replace
DBG_C5_CONTACT phase=open state=2 peer=0x56da25fe4af6d141 purpose=route_reply reason=route-reply
DBG_C5_CONTACT phase=accepted state=2 peer=0x56da25fe4af6d141 purpose=route_reply reason=route-reply
DBG_C5_CONTACT phase=exchange state=3 peer=0x56da25fe4af6d141 purpose=route_reply reason=route-reply
DBG_DWM_WAKE_MESH_CTRL_OK sfd=4073
DBG_C5_TX_CONFIG ret=0 ext=1 len=203 msg=36 reason=route-reply
DBG_UWB_TX_CH5
DBG_C5_CONTACT phase=exchange state=3 peer=0x56da25fe4af6d141 purpose=route_reply reason=route-reply
DBG_ROUTE_REPLY_TX_REPEAT attempt=2 idx=0 ret=0 sent=1
DBG_C5_CONTACT phase=exchange state=3 peer=0x56da25fe4af6d141 purpose=route_reply reason=route-reply-ack-listen
DBG_ANCHOR_CH5_SCAN_HANDLER role=2
DBG_ANCHOR_CH5_SCAN_BLOCKED win=0 survey=0 tx=0 retry_gap=0 wait=0 rx=0 rxq=0 rxr=0 ack=0 ch9=0 rf=1 retry=20 interval=380
DBG_ANCHOR_CH5_SCAN_RESCHED ret=1 delay=20
DBG_ROUTE_REPLY_ATTEMPT attempt=2 send=0 listen=-116 listened=1
DBG_C5_CONTACT phase=closing state=4 peer=0x56da25fe4af6d141 purpose=route_reply reason=expired
DBG_C5_CONTACT phase=open state=1 peer=0x56da25fe4af6d141 purpose=route_reply reason=route-reply
DBG_WAKE_TRAIN_GUARD_OK
DBG_ANCHOR_CH5_SCAN_HANDLER role=2
DBG_ANCHOR_CH5_SCAN_BLOCKED win=0 survey=0 tx=0 retry_gap=0 wait=0 rx=0 rxq=0 rxr=0 ack=0 ch9=0 rf=1 retry=20 interval=380
DBG_ANCHOR_CH5_SCAN_RESCHED ret=1 delay=20
DBG_ANCHOR_CH5_SCAN_HANDLER role=2
DBG_WAKE_TRAIN_CONFIG_BEGIN
DBG_ANCHOR_CH5_SCAN_BLOCKED win=0 survey=0 tx=0 retry_gap=0 wait=0 rx=0 rxq=0 rxr=0 ack=0 ch9=0 rf=1 retry=20 interval=380
DBG_ANCHOR_CH5_SCAN_RESCHED ret=1 delay=20
DBG_WAKE_TRAIN_CONFIG_OK
DBG_WAKE_TRAIN_FIRST_SEND_BEGIN
DBG_ANCHOR_CH5_SCAN_HANDLER role=2
DBG_WAKE_TRAIN_FIRST_SEND_OK
DBG_UWB_TX_CH5
DBG_TX_WAKE_CLAIM_SENT
DBG_ANCHOR_CH5_SCAN_BLOCKED win=0 survey=0 tx=0 retry_gap=0 wait=0 rx=0 rxq=0 rxr=0 ack=0 ch9=0 rf=1 retry=20 interval=380
DBG_ANCHOR_CH5_SCAN_RESCHED ret=1 delay=20
DBG_UWB_TX_CH5
DBG_TX_WAKE_CLAIM_SENT
DBG_UWB_TX_CH5
DBG_TX_WAKE_CLAIM_SENT
DBG_UWB_TX_CH5
DBG_TX_WAKE_CLAIM_SENT
DBG_DWM_CH5_RX_HUNT_START acq=3 complete=15 cap=125
DBG_ANCHOR_CH5_SCAN_HANDLER role=2
DBG_DWM_CH5_RX_HUNT_EMPTY ret=-116 status=0x00000000 acq=3
DBG_ANCHOR_CH5_SCAN_BLOCKED win=0 survey=0 tx=0 retry_gap=0 wait=0 rx=0 rxq=0 rxr=0 ack=0 ch9=0 rf=1 retry=20 interval=380
DBG_ANCHOR_CH5_SCAN_RESCHED ret=1 delay=20
DBG_UWB_TX_CH5
DBG_TX_WAKE_CLAIM_SENT
DBG_UWB_TX_CH5
DBG_TX_WAKE_CLAIM_SENT
DBG_UWB_TX_CH5
DBG_TX_WAKE_CLAIM_SENT
DBG_DWM_CH5_RX_HUNT_START acq=3 complete=15 cap=125
DBG_ANCHOR_CH5_SCAN_HANDLER role=2
DBG_DWM_CH5_RX_HUNT_EMPTY ret=-116 status=0x00000000 acq=3
DBG_ANCHOR_CH5_SCAN_BLOCKED win=0 survey=0 tx=0 retry_gap=0 wait=0 rx=0 rxq=0 rxr=0 ack=0 ch9=0 rf=1 retry=20 interval=380
DBG_ANCHOR_CH5_SCAN_RESCHED ret=1 delay=20
DBG_UWB_TX_CH5
DBG_TX_WAKE_CLAIM_SENT
DBG_UWB_TX_CH5
DBG_TX_WAKE_CLAIM_SENT
DBG_UWB_TX_CH5
DBG_TX_WAKE_CLAIM_SENT
DBG_DWM_CH5_RX_HUNT_START acq=3 complete=15 cap=125
DBG_ANCHOR_CH5_SCAN_HANDLER role=2
DBG_DWM_CH5_RX_HUNT_EMPTY ret=-116 status=0x00000000 acq=3
DBG_ANCHOR_CH5_SCAN_BLOCKED win=0 survey=0 tx=0 retry_gap=0 wait=0 rx=0 rxq=0 rxr=0 ack=0 ch9=0 rf=1 retry=20 interval=380
DBG_ANCHOR_CH5_SCAN_RESCHED ret=1 delay=20
DBG_UWB_TX_CH5
DBG_TX_WAKE_CLAIM_SENT
DBG_UWB_TX_CH5
DBG_TX_WAKE_CLAIM_SENT
DBG_UWB_TX_CH5
DBG_TX_WAKE_CLAIM_SENT
DBG_DWM_CH5_RX_HUNT_START acq=3 complete=15 cap=125
DBG_ANCHOR_CH5_SCAN_HANDLER role=2
DBG_DWM_CH5_RX_HUNT_EMPTY ret=-116 status=0x00000000 acq=3
DBG_ANCHOR_CH5_SCAN_BLOCKED win=0 survey=0 tx=0 retry_gap=0 wait=0 rx=0 rxq=0 rxr=0 ack=0 ch9=0 rf=1 retry=20 interval=380
DBG_ANCHOR_CH5_SCAN_RESCHED ret=1 delay=20
DBG_UWB_TX_CH5
DBG_TX_WAKE_CLAIM_SENT
DBG_UWB_TX_CH5
DBG_TX_WAKE_CLAIM_SENT
DBG_UWB_TX_CH5
DBG_TX_WAKE_CLAIM_SENT
DBG_DWM_CH5_RX_HUNT_START acq=3 complete=15 cap=125
DBG_ANCHOR_CH5_SCAN_HANDLER role=2
DBG_DWM_CH5_RX_HUNT_EMPTY ret=-116 status=0x00000000 acq=3
DBG_ANCHOR_CH5_SCAN_BLOCKED win=0 survey=0 tx=0 retry_gap=0 wait=0 rx=0 rxq=0 rxr=0 ack=0 ch9=0 rf=1 retry=20 interval=380
DBG_ANCHOR_CH5_SCAN_RESCHED ret=1 delay=20
DBG_UWB_TX_CH5
DBG_TX_WAKE_CLAIM_SENT
DBG_UWB_TX_CH5
DBG_TX_WAKE_CLAIM_SENT
DBG_UWB_TX_CH5
DBG_TX_WAKE_CLAIM_SENT
DBG_DWM_CH5_RX_HUNT_START acq=3 complete=15 cap=125
DBG_ANCHOR_CH5_SCAN_HANDLER role=2
DBG_DWM_CH5_RX_HUNT_EMPTY ret=-116 status=0x00000000 acq=3
DBG_ANCHOR_CH5_SCAN_BLOCKED win=0 survey=0 tx=0 retry_gap=0 wait=0 rx=0 rxq=0 rxr=0 ack=0 ch9=0 rf=1 retry=20 interval=380
DBG_ANCHOR_CH5_SCAN_RESCHED ret=1 delay=20
DBG_UWB_TX_CH5
DBG_TX_WAKE_CLAIM_SENT
DBG_UWB_TX_CH5
DBG_TX_WAKE_CLAIM_SENT
DBG_UWB_TX_CH5
DBG_TX_WAKE_CLAIM_SENT
DBG_DWM_CH5_RX_HUNT_START acq=3 complete=15 cap=125
DBG_ANCHOR_CH5_SCAN_HANDLER role=2
DBG_DWM_CH5_RX_HUNT_EMPTY ret=-116 status=0x00000000 acq=3
DBG_ANCHOR_CH5_SCAN_BLOCKED win=0 survey=0 tx=0 retry_gap=0 wait=0 rx=0 rxq=0 rxr=0 ack=0 ch9=0 rf=1 retry=20 interval=380
DBG_ANCHOR_CH5_SCAN_RESCHED ret=1 delay=20
DBG_UWB_TX_CH5
DBG_TX_WAKE_CLAIM_SENT
DBG_UWB_TX_CH5
DBG_TX_WAKE_CLAIM_SENT
DBG_UWB_TX_CH5
DBG_TX_WAKE_CLAIM_SENT
DBG_DWM_CH5_RX_HUNT_START acq=3 complete=15 cap=125
DBG_ANCHOR_CH5_SCAN_HANDLER role=2
DBG_DWM_CH5_RX_HUNT_EMPTY ret=-116 status=0x00000000 acq=3
DBG_ANCHOR_CH5_SCAN_BLOCKED win=0 survey=0 tx=0 retry_gap=0 wait=0 rx=0 rxq=0 rxr=0 ack=0 ch9=0 rf=1 retry=20 interval=380
DBG_ANCHOR_CH5_SCAN_RESCHED ret=1 delay=20
DBG_UWB_TX_CH5
DBG_TX_WAKE_CLAIM_SENT
DBG_UWB_TX_CH5
DBG_TX_WAKE_CLAIM_SENT
DBG_UWB_TX_CH5
DBG_TX_WAKE_CLAIM_SENT
DBG_DWM_CH5_RX_HUNT_START acq=3 complete=15 cap=125
DBG_ANCHOR_CH5_SCAN_HANDLER role=2
DBG_DWM_CH5_RX_HUNT_EMPTY ret=-116 status=0x00000000 acq=3
DBG_ANCHOR_CH5_SCAN_BLOCKED win=0 survey=0 tx=0 retry_gap=0 wait=0 rx=0 rxq=0 rxr=0 ack=0 ch9=0 rf=1 retry=20 interval=380
DBG_ANCHOR_CH5_SCAN_RESCHED ret=1 delay=20
DBG_UWB_TX_CH5
DBG_TX_WAKE_CLAIM_SENT
DBG_UWB_TX_CH5
DBG_TX_WAKE_CLAIM_SENT
DBG_UWB_TX_CH5
DBG_TX_WAKE_CLAIM_SENT
DBG_DWM_CH5_RX_HUNT_START acq=3 complete=15 cap=125
DBG_ANCHOR_CH5_SCAN_HANDLER role=2
DBG_DWM_CH5_RX_HUNT_EMPTY ret=-116 status=0x00000000 acq=3
DBG_ANCHOR_CH5_SCAN_BLOCKED win=0 survey=0 tx=0 retry_gap=0 wait=0 rx=0 rxq=0 rxr=0 ack=0 ch9=0 rf=1 retry=20 interval=380
DBG_ANCHOR_CH5_SCAN_RESCHED ret=1 delay=20
DBG_UWB_TX_CH5
DBG_TX_WAKE_CLAIM_SENT
DBG_UWB_TX_CH5
DBG_TX_WAKE_CLAIM_SENT
DBG_UWB_TX_CH5
DBG_TX_WAKE_CLAIM_SENT
DBG_DWM_CH5_RX_HUNT_START acq=3 complete=15 cap=125
DBG_ANCHOR_CH5_SCAN_HANDLER role=2
DBG_DWM_CH5_RX_HUNT_EMPTY ret=-116 status=0x00000000 acq=3
DBG_ANCHOR_CH5_SCAN_BLOCKED win=0 survey=0 tx=0 retry_gap=0 wait=0 rx=0 rxq=0 rxr=0 ack=0 ch9=0 rf=1 retry=20 interval=380
DBG_ANCHOR_CH5_SCAN_RESCHED ret=1 delay=20
DBG_UWB_TX_CH5
DBG_TX_WAKE_CLAIM_SENT
DBG_UWB_TX_CH5
DBG_TX_WAKE_CLAIM_SENT
DBG_UWB_TX_CH5
DBG_TX_WAKE_CLAIM_SENT
DBG_DWM_CH5_RX_HUNT_START acq=3 complete=15 cap=125
DBG_ANCHOR_CH5_SCAN_HANDLER role=2
DBG_DWM_CH5_RX_HUNT_EMPTY ret=-116 status=0x00000000 acq=3
DBG_ANCHOR_CH5_SCAN_BLOCKED win=0 survey=0 tx=0 retry_gap=0 wait=0 rx=0 rxq=0 rxr=0 ack=0 ch9=0 rf=1 retry=20 interval=380
DBG_ANCHOR_CH5_SCAN_RESCHED ret=1 delay=20
DBG_UWB_TX_CH5
DBG_TX_WAKE_CLAIM_SENT
DBG_UWB_TX_CH5
DBG_TX_WAKE_CLAIM_SENT
DBG_UWB_TX_CH5
DBG_TX_WAKE_CLAIM_SENT
DBG_DWM_CH5_RX_HUNT_START acq=3 complete=15 cap=125
DBG_ANCHOR_CH5_SCAN_HANDLER role=2
DBG_DWM_CH5_RX_HUNT_EMPTY ret=-116 status=0x00000000 acq=3
DBG_ANCHOR_CH5_SCAN_BLOCKED win=0 survey=0 tx=0 retry_gap=0 wait=0 rx=0 rxq=0 rxr=0 ack=0 ch9=0 rf=1 retry=20 interval=380
DBG_ANCHOR_CH5_SCAN_RESCHED ret=1 delay=20
DBG_UWB_TX_CH5
DBG_TX_WAKE_CLAIM_SENT
DBG_UWB_TX_CH5
DBG_TX_WAKE_CLAIM_SENT
DBG_UWB_TX_CH5
DBG_TX_WAKE_CLAIM_SENT
DBG_DWM_CH5_RX_HUNT_START acq=3 complete=15 cap=125
DBG_ANCHOR_CH5_SCAN_HANDLER role=2
DBG_DWM_CH5_RX_HUNT_EMPTY ret=-116 status=0x00000000 acq=3
DBG_ANCHOR_CH5_SCAN_BLOCKED win=0 survey=0 tx=0 retry_gap=0 wait=0 rx=0 rxq=0 rxr=0 ack=0 ch9=0 rf=1 retry=20 interval=380
DBG_ANCHOR_CH5_SCAN_RESCHED ret=1 delay=20
DBG_UWB_TX_CH5
DBG_TX_WAKE_CLAIM_SENT
DBG_UWB_TX_CH5
DBG_TX_WAKE_CLAIM_SENT
DBG_UWB_TX_CH5
DBG_TX_WAKE_CLAIM_SENT
DBG_DWM_CH5_RX_HUNT_START acq=3 complete=15 cap=125
DBG_ANCHOR_CH5_SCAN_HANDLER role=2
DBG_DWM_CH5_RX_HUNT_EMPTY ret=-116 status=0x00000000 acq=3
DBG_ANCHOR_CH5_SCAN_BLOCKED win=0 survey=0 tx=0 retry_gap=0 wait=0 rx=0 rxq=0 rxr=0 ack=0 ch9=0 rf=1 retry=20 interval=380
DBG_ANCHOR_CH5_SCAN_RESCHED ret=1 delay=20
DBG_UWB_TX_CH5
DBG_TX_WAKE_CLAIM_SENT
DBG_UWB_TX_CH5
DBG_TX_WAKE_CLAIM_SENT
DBG_UWB_TX_CH5
DBG_TX_WAKE_CLAIM_SENT
DBG_DWM_CH5_RX_HUNT_START acq=3 complete=15 cap=125
DBG_ANCHOR_CH5_SCAN_HANDLER role=2
DBG_DWM_CH5_RX_HUNT_EMPTY ret=-116 status=0x00000000 acq=3
DBG_ANCHOR_CH5_SCAN_BLOCKED win=0 survey=0 tx=0 retry_gap=0 wait=0 rx=0 rxq=0 rxr=0 ack=0 ch9=0 rf=1 retry=20 interval=380
DBG_ANCHOR_CH5_SCAN_RESCHED ret=1 delay=20
DBG_UWB_TX_CH5
DBG_TX_WAKE_CLAIM_SENT
DBG_UWB_TX_CH5
DBG_TX_WAKE_CLAIM_SENT
DBG_UWB_TX_CH5
DBG_TX_WAKE_CLAIM_SENT
DBG_DWM_CH5_RX_HUNT_START acq=3 complete=15 cap=125
DBG_ANCHOR_CH5_SCAN_HANDLER role=2
DBG_DWM_CH5_RX_HUNT_EMPTY ret=-116 status=0x00000000 acq=3
DBG_ANCHOR_CH5_SCAN_BLOCKED win=0 survey=0 tx=0 retry_gap=0 wait=0 rx=0 rxq=0 rxr=0 ack=0 ch9=0 rf=1 retry=20 interval=380
DBG_ANCHOR_CH5_SCAN_RESCHED ret=1 delay=20
DBG_UWB_TX_CH5
DBG_TX_WAKE_CLAIM_SENT
DBG_ANCHOR_CH5_SCAN_HANDLER role=2
DBG_ANCHOR_CH5_SCAN_BLOCKED win=0 survey=0 tx=0 retry_gap=0 wait=0 rx=0 rxq=0 rxr=0 ack=0 ch9=0 rf=1 retry=20 interval=380
DBG_ANCHOR_CH5_SCAN_RESCHED ret=1 delay=20
DBG_C5_CONTACT phase=closing state=4 peer=0x56da25fe4af6d141 purpose=route_reply reason=replace
DBG_C5_CONTACT phase=open state=2 peer=0x56da25fe4af6d141 purpose=route_solicit reason=route-reply
DBG_C5_CONTACT phase=accepted state=2 peer=0x56da25fe4af6d141 purpose=route_solicit reason=route-reply
DBG_C5_CONTROL_FOLLOWUP_TURNAROUND delay=60 msg=36 reason=route-reply
DBG_ANCHOR_CH5_SCAN_HANDLER role=2
DBG_ANCHOR_CH9_REARM delay=0 ret=1 ack=0
DBG_ANCHOR_CH5_SCAN_BLOCKED win=0 survey=0 tx=0 retry_gap=0 wait=0 rx=0 rxq=0 rxr=0 ack=0 ch9=1 rf=0 retry=245 interval=380
DBG_ANCHOR_CH5_SCAN_RESCHED ret=1 delay=245
DBG_C5_CONTACT phase=closing state=4 peer=0x56da25fe4af6d141 purpose=route_solicit reason=replace
DBG_C5_CONTACT phase=open state=2 peer=0x56da25fe4af6d141 purpose=route_reply reason=route-reply
DBG_C5_CONTACT phase=accepted state=2 peer=0x56da25fe4af6d141 purpose=route_reply reason=route-reply
DBG_C5_CONTACT phase=exchange state=3 peer=0x56da25fe4af6d141 purpose=route_reply reason=route-reply
DBG_DWM_WAKE_MESH_CTRL_OK sfd=4073
DBG_C5_TX_CONFIG ret=0 ext=1 len=203 msg=36 reason=route-reply
DBG_UWB_TX_CH5
DBG_C5_CONTACT phase=exchange state=3 peer=0x56da25fe4af6d141 purpose=route_reply reason=route-reply
DBG_ROUTE_REPLY_TX_REPEAT attempt=3 idx=0 ret=0 sent=1
DBG_C5_CONTACT phase=exchange state=3 peer=0x56da25fe4af6d141 purpose=route_reply reason=route-reply-ack-listen
DBG_ANCHOR_CH5_SCAN_HANDLER role=2
DBG_ANCHOR_CH5_SCAN_BLOCKED win=0 survey=0 tx=0 retry_gap=0 wait=0 rx=0 rxq=0 rxr=0 ack=0 ch9=0 rf=1 retry=20 interval=380
DBG_ANCHOR_CH5_SCAN_RESCHED ret=1 delay=20
DBG_ROUTE_REPLY_ATTEMPT attempt=3 send=0 listen=-116 listened=1
DBG_C5_CONTACT phase=closing state=4 peer=0x56da25fe4af6d141 purpose=route_reply reason=expired
DBG_C5_CONTACT phase=open state=1 peer=0x56da25fe4af6d141 purpose=route_reply reason=route-reply
DBG_WAKE_TRAIN_GUARD_OK
DBG_ANCHOR_CH5_SCAN_HANDLER role=2
DBG_ANCHOR_CH5_SCAN_BLOCKED win=0 survey=0 tx=0 retry_gap=0 wait=0 rx=0 rxq=0 rxr=0 ack=0 ch9=0 rf=1 retry=20 interval=380
DBG_ANCHOR_CH5_SCAN_RESCHED ret=1 delay=20
DBG_ANCHOR_CH5_SCAN_HANDLER role=2
DBG_WAKE_TRAIN_CONFIG_BEGIN
DBG_ANCHOR_CH5_SCAN_BLOCKED win=0 survey=0 tx=0 retry_gap=0 wait=0 rx=0 rxq=0 rxr=0 ack=0 ch9=0 rf=1 retry=20 interval=380
DBG_ANCHOR_CH5_SCAN_RESCHED ret=1 delay=20
DBG_WAKE_TRAIN_CONFIG_OK
DBG_WAKE_TRAIN_FIRST_SEND_BEGIN
DBG_ANCHOR_CH5_SCAN_HANDLER role=2
DBG_WAKE_TRAIN_FIRST_SEND_OK
DBG_UWB_TX_CH5
DBG_TX_WAKE_CLAIM_SENT
DBG_ANCHOR_CH5_SCAN_BLOCKED win=0 survey=0 tx=0 retry_gap=0 wait=0 rx=0 rxq=0 rxr=0 ack=0 ch9=0 rf=1 retry=20 interval=380
DBG_ANCHOR_CH5_SCAN_RESCHED ret=1 delay=20
DBG_UWB_TX_CH5
DBG_TX_WAKE_CLAIM_SENT
DBG_UWB_TX_CH5
DBG_TX_WAKE_CLAIM_SENT
DBG_UWB_TX_CH5
DBG_TX_WAKE_CLAIM_SENT
DBG_DWM_CH5_RX_HUNT_START acq=3 complete=15 cap=125
DBG_ANCHOR_CH5_SCAN_HANDLER role=2
DBG_DWM_CH5_RX_HUNT_EMPTY ret=-116 status=0x00000000 acq=3
DBG_ANCHOR_CH5_SCAN_BLOCKED win=0 survey=0 tx=0 retry_gap=0 wait=0 rx=0 rxq=0 rxr=0 ack=0 ch9=0 rf=1 retry=20 interval=380
DBG_ANCHOR_CH5_SCAN_RESCHED ret=1 delay=20
DBG_UWB_TX_CH5
DBG_TX_WAKE_CLAIM_SENT
DBG_UWB_TX_CH5
DBG_TX_WAKE_CLAIM_SENT
DBG_UWB_TX_CH5
DBG_TX_WAKE_CLAIM_SENT
DBG_DWM_CH5_RX_HUNT_START acq=3 complete=15 cap=125
DBG_ANCHOR_CH5_SCAN_HANDLER role=2
DBG_DWM_CH5_RX_HUNT_EMPTY ret=-116 status=0x00000000 acq=3
DBG_ANCHOR_CH5_SCAN_BLOCKED win=0 survey=0 tx=0 retry_gap=0 wait=0 rx=0 rxq=0 rxr=0 ack=0 ch9=0 rf=1 retry=20 interval=380
DBG_ANCHOR_CH5_SCAN_RESCHED ret=1 delay=20
DBG_UWB_TX_CH5
DBG_TX_WAKE_CLAIM_SENT
DBG_UWB_TX_CH5
DBG_TX_WAKE_CLAIM_SENT
DBG_UWB_TX_CH5
DBG_TX_WAKE_CLAIM_SENT
DBG_DWM_CH5_RX_HUNT_START acq=3 complete=15 cap=125
DBG_ANCHOR_CH5_SCAN_HANDLER role=2
DBG_DWM_CH5_RX_HUNT_EMPTY ret=-116 status=0x00000000 acq=3
DBG_ANCHOR_CH5_SCAN_BLOCKED win=0 survey=0 tx=0 retry_gap=0 wait=0 rx=0 rxq=0 rxr=0 ack=0 ch9=0 rf=1 retry=20 interval=380
DBG_ANCHOR_CH5_SCAN_RESCHED ret=1 delay=20
DBG_UWB_TX_CH5
DBG_TX_WAKE_CLAIM_SENT
DBG_UWB_TX_CH5
DBG_TX_WAKE_CLAIM_SENT
DBG_UWB_TX_CH5
DBG_TX_WAKE_CLAIM_SENT
DBG_DWM_CH5_RX_HUNT_START acq=3 complete=15 cap=125
DBG_ANCHOR_CH5_SCAN_HANDLER role=2
DBG_DWM_CH5_RX_HUNT_EMPTY ret=-116 status=0x00000000 acq=3
DBG_ANCHOR_CH5_SCAN_BLOCKED win=0 survey=0 tx=0 retry_gap=0 wait=0 rx=0 rxq=0 rxr=0 ack=0 ch9=0 rf=1 retry=20 interval=380
DBG_ANCHOR_CH5_SCAN_RESCHED ret=1 delay=20
DBG_UWB_TX_CH5
DBG_TX_WAKE_CLAIM_SENT
DBG_UWB_TX_CH5
DBG_TX_WAKE_CLAIM_SENT
DBG_UWB_TX_CH5
DBG_TX_WAKE_CLAIM_SENT
DBG_DWM_CH5_RX_HUNT_START acq=3 complete=15 cap=125
DBG_ANCHOR_CH5_SCAN_HANDLER role=2
DBG_DWM_CH5_RX_HUNT_EMPTY ret=-116 status=0x00000000 acq=3
DBG_ANCHOR_CH5_SCAN_BLOCKED win=0 survey=0 tx=0 retry_gap=0 wait=0 rx=0 rxq=0 rxr=0 ack=0 ch9=0 rf=1 retry=20 interval=380
DBG_ANCHOR_CH5_SCAN_RESCHED ret=1 delay=20
DBG_UWB_TX_CH5
DBG_TX_WAKE_CLAIM_SENT
DBG_UWB_TX_CH5
DBG_TX_WAKE_CLAIM_SENT
DBG_UWB_TX_CH5
DBG_TX_WAKE_CLAIM_SENT
DBG_DWM_CH5_RX_HUNT_START acq=3 complete=15 cap=125
DBG_ANCHOR_CH5_SCAN_HANDLER role=2
DBG_DWM_CH5_RX_HUNT_EMPTY ret=-116 status=0x00000000 acq=3
DBG_ANCHOR_CH5_SCAN_BLOCKED win=0 survey=0 tx=0 retry_gap=0 wait=0 rx=0 rxq=0 rxr=0 ack=0 ch9=0 rf=1 retry=20 interval=380
DBG_ANCHOR_CH5_SCAN_RESCHED ret=1 delay=20
DBG_UWB_TX_CH5
DBG_TX_WAKE_CLAIM_SENT
DBG_UWB_TX_CH5
DBG_TX_WAKE_CLAIM_SENT
DBG_UWB_TX_CH5
DBG_TX_WAKE_CLAIM_SENT
DBG_DWM_CH5_RX_HUNT_START acq=3 complete=15 cap=125
DBG_ANCHOR_CH5_SCAN_HANDLER role=2
DBG_DWM_CH5_RX_HUNT_EMPTY ret=-116 status=0x00000000 acq=3
DBG_ANCHOR_CH5_SCAN_BLOCKED win=0 survey=0 tx=0 retry_gap=0 wait=0 rx=0 rxq=0 rxr=0 ack=0 ch9=0 rf=1 retry=20 interval=380
DBG_ANCHOR_CH5_SCAN_RESCHED ret=1 delay=20
DBG_UWB_TX_CH5
DBG_TX_WAKE_CLAIM_SENT
DBG_UWB_TX_CH5
DBG_TX_WAKE_CLAIM_SENT
DBG_UWB_TX_CH5
DBG_TX_WAKE_CLAIM_SENT
DBG_DWM_CH5_RX_HUNT_START acq=3 complete=15 cap=125
DBG_ANCHOR_CH5_SCAN_HANDLER role=2
DBG_DWM_CH5_RX_HUNT_EMPTY ret=-116 status=0x00000000 acq=3
DBG_ANCHOR_CH5_SCAN_BLOCKED win=0 survey=0 tx=0 retry_gap=0 wait=0 rx=0 rxq=0 rxr=0 ack=0 ch9=0 rf=1 retry=20 interval=380
DBG_ANCHOR_CH5_SCAN_RESCHED ret=1 delay=20
DBG_UWB_TX_CH5
DBG_TX_WAKE_CLAIM_SENT
DBG_UWB_TX_CH5
DBG_TX_WAKE_CLAIM_SENT
DBG_UWB_TX_CH5
DBG_TX_WAKE_CLAIM_SENT
DBG_DWM_CH5_RX_HUNT_START acq=3 complete=15 cap=125
DBG_ANCHOR_CH5_SCAN_HANDLER role=2
DBG_DWM_CH5_RX_HUNT_EMPTY ret=-116 status=0x00000000 acq=3
DBG_ANCHOR_CH5_SCAN_BLOCKED win=0 survey=0 tx=0 retry_gap=0 wait=0 rx=0 rxq=0 rxr=0 ack=0 ch9=0 rf=1 retry=20 interval=380
DBG_ANCHOR_CH5_SCAN_RESCHED ret=1 delay=20
DBG_UWB_TX_CH5
DBG_TX_WAKE_CLAIM_SENT
DBG_UWB_TX_CH5
DBG_TX_WAKE_CLAIM_SENT
DBG_UWB_TX_CH5
DBG_TX_WAKE_CLAIM_SENT
DBG_DWM_CH5_RX_HUNT_START acq=3 complete=15 cap=125
DBG_ANCHOR_CH5_SCAN_HANDLER role=2
DBG_DWM_CH5_RX_HUNT_EMPTY ret=-116 status=0x00000000 acq=3
DBG_ANCHOR_CH5_SCAN_BLOCKED win=0 survey=0 tx=0 retry_gap=0 wait=0 rx=0 rxq=0 rxr=0 ack=0 ch9=0 rf=1 retry=20 interval=380
DBG_ANCHOR_CH5_SCAN_RESCHED ret=1 delay=20
DBG_UWB_TX_CH5
DBG_TX_WAKE_CLAIM_SENT
DBG_UWB_TX_CH5
DBG_TX_WAKE_CLAIM_SENT
DBG_UWB_TX_CH5
DBG_TX_WAKE_CLAIM_SENT
DBG_DWM_CH5_RX_HUNT_START acq=3 complete=15 cap=125
DBG_ANCHOR_CH5_SCAN_HANDLER role=2
DBG_DWM_CH5_RX_HUNT_EMPTY ret=-116 status=0x00000000 acq=3
DBG_ANCHOR_CH5_SCAN_BLOCKED win=0 survey=0 tx=0 retry_gap=0 wait=0 rx=0 rxq=0 rxr=0 ack=0 ch9=0 rf=1 retry=20 interval=380
DBG_ANCHOR_CH5_SCAN_RESCHED ret=1 delay=20
DBG_UWB_TX_CH5
DBG_TX_WAKE_CLAIM_SENT
DBG_UWB_TX_CH5
DBG_TX_WAKE_CLAIM_SENT
DBG_UWB_TX_CH5
DBG_TX_WAKE_CLAIM_SENT
DBG_DWM_CH5_RX_HUNT_START acq=3 complete=15 cap=125
DBG_ANCHOR_CH5_SCAN_HANDLER role=2
DBG_DWM_CH5_RX_HUNT_EMPTY ret=-116 status=0x00000000 acq=3
DBG_ANCHOR_CH5_SCAN_BLOCKED win=0 survey=0 tx=0 retry_gap=0 wait=0 rx=0 rxq=0 rxr=0 ack=0 ch9=0 rf=1 retry=20 interval=380
DBG_ANCHOR_CH5_SCAN_RESCHED ret=1 delay=20
DBG_UWB_TX_CH5
DBG_TX_WAKE_CLAIM_SENT
DBG_UWB_TX_CH5
DBG_TX_WAKE_CLAIM_SENT
DBG_UWB_TX_CH5
DBG_TX_WAKE_CLAIM_SENT
DBG_DWM_CH5_RX_HUNT_START acq=3 complete=15 cap=125
DBG_ANCHOR_CH5_SCAN_HANDLER role=2
DBG_DWM_CH5_RX_HUNT_EMPTY ret=-116 status=0x00000000 acq=3
DBG_ANCHOR_CH5_SCAN_BLOCKED win=0 survey=0 tx=0 retry_gap=0 wait=0 rx=0 rxq=0 rxr=0 ack=0 ch9=0 rf=1 retry=20 interval=380
DBG_ANCHOR_CH5_SCAN_RESCHED ret=1 delay=20
DBG_UWB_TX_CH5
DBG_TX_WAKE_CLAIM_SENT
DBG_UWB_TX_CH5
DBG_TX_WAKE_CLAIM_SENT
DBG_UWB_TX_CH5
DBG_TX_WAKE_CLAIM_SENT
DBG_DWM_CH5_RX_HUNT_START acq=3 complete=15 cap=125
DBG_ANCHOR_CH5_SCAN_HANDLER role=2
DBG_DWM_CH5_RX_HUNT_EMPTY ret=-116 status=0x00000000 acq=3
DBG_ANCHOR_CH5_SCAN_BLOCKED win=0 survey=0 tx=0 retry_gap=0 wait=0 rx=0 rxq=0 rxr=0 ack=0 ch9=0 rf=1 retry=20 interval=380
DBG_ANCHOR_CH5_SCAN_RESCHED ret=1 delay=20
DBG_UWB_TX_CH5
DBG_TX_WAKE_CLAIM_SENT
DBG_UWB_TX_CH5
DBG_TX_WAKE_CLAIM_SENT
DBG_UWB_TX_CH5
DBG_TX_WAKE_CLAIM_SENT
DBG_DWM_CH5_RX_HUNT_START acq=3 complete=15 cap=125
DBG_ANCHOR_CH5_SCAN_HANDLER role=2
DBG_DWM_CH5_RX_HUNT_EMPTY ret=-116 status=0x00000000 acq=3
DBG_ANCHOR_CH5_SCAN_BLOCKED win=0 survey=0 tx=0 retry_gap=0 wait=0 rx=0 rxq=0 rxr=0 ack=0 ch9=0 rf=1 retry=20 interval=380
DBG_ANCHOR_CH5_SCAN_RESCHED ret=1 delay=20
DBG_UWB_TX_CH5
DBG_TX_WAKE_CLAIM_SENT
DBG_UWB_TX_CH5
DBG_TX_WAKE_CLAIM_SENT
DBG_UWB_TX_CH5
DBG_TX_WAKE_CLAIM_SENT
DBG_DWM_CH5_RX_HUNT_START acq=3 complete=15 cap=125
DBG_ANCHOR_CH5_SCAN_HANDLER role=2
DBG_DWM_CH5_RX_HUNT_EMPTY ret=-116 status=0x00000000 acq=3
DBG_ANCHOR_CH5_SCAN_BLOCKED win=0 survey=0 tx=0 retry_gap=0 wait=0 rx=0 rxq=0 rxr=0 ack=0 ch9=0 rf=1 retry=20 interval=380
DBG_ANCHOR_CH5_SCAN_RESCHED ret=1 delay=20
DBG_UWB_TX_CH5
DBG_TX_WAKE_CLAIM_SENT
DBG_UWB_TX_CH5
DBG_TX_WAKE_CLAIM_SENT
DBG_UWB_TX_CH5
DBG_TX_WAKE_CLAIM_SENT
DBG_DWM_CH5_RX_HUNT_START acq=3 complete=15 cap=125
DBG_ANCHOR_CH5_SCAN_HANDLER role=2
DBG_DWM_CH5_RX_HUNT_EMPTY ret=-116 status=0x00000000 acq=3
DBG_ANCHOR_CH5_SCAN_BLOCKED win=0 survey=0 tx=0 retry_gap=0 wait=0 rx=0 rxq=0 rxr=0 ack=0 ch9=0 rf=1 retry=20 interval=380
DBG_ANCHOR_CH5_SCAN_RESCHED ret=1 delay=20
DBG_UWB_TX_CH5
DBG_TX_WAKE_CLAIM_SENT
DBG_ANCHOR_CH5_SCAN_HANDLER role=2
DBG_ANCHOR_CH5_SCAN_BLOCKED win=0 survey=0 tx=0 retry_gap=0 wait=0 rx=0 rxq=0 rxr=0 ack=0 ch9=0 rf=1 retry=20 interval=380
DBG_ANCHOR_CH5_SCAN_RESCHED ret=1 delay=20
DBG_C5_CONTACT phase=closing state=4 peer=0x56da25fe4af6d141 purpose=route_reply reason=replace
DBG_C5_CONTACT phase=open state=2 peer=0x56da25fe4af6d141 purpose=route_solicit reason=route-reply
DBG_C5_CONTACT phase=accepted state=2 peer=0x56da25fe4af6d141 purpose=route_solicit reason=route-reply
DBG_C5_CONTROL_FOLLOWUP_TURNAROUND delay=60 msg=36 reason=route-reply
DBG_ANCHOR_CH5_SCAN_HANDLER role=2
DBG_ANCHOR_CH9_REARM delay=0 ret=1 ack=0
DBG_ANCHOR_CH5_SCAN_BLOCKED win=0 survey=0 tx=0 retry_gap=0 wait=0 rx=0 rxq=0 rxr=0 ack=0 ch9=1 rf=0 retry=245 interval=380
DBG_ANCHOR_CH5_SCAN_RESCHED ret=1 delay=245
DBG_C5_CONTACT phase=closing state=4 peer=0x56da25fe4af6d141 purpose=route_solicit reason=replace
DBG_C5_CONTACT phase=open state=2 peer=0x56da25fe4af6d141 purpose=route_reply reason=route-reply
DBG_C5_CONTACT phase=accepted state=2 peer=0x56da25fe4af6d141 purpose=route_reply reason=route-reply
DBG_C5_CONTACT phase=exchange state=3 peer=0x56da25fe4af6d141 purpose=route_reply reason=route-reply
DBG_DWM_WAKE_MESH_CTRL_OK sfd=4073
DBG_C5_TX_CONFIG ret=0 ext=1 len=203 msg=36 reason=route-reply
DBG_UWB_TX_CH5
DBG_C5_CONTACT phase=exchange state=3 peer=0x56da25fe4af6d141 purpose=route_reply reason=route-reply
DBG_ROUTE_REPLY_TX_REPEAT attempt=4 idx=0 ret=0 sent=1
DBG_C5_CONTACT phase=exchange state=3 peer=0x56da25fe4af6d141 purpose=route_reply reason=route-reply-ack-listen
DBG_ANCHOR_CH5_SCAN_HANDLER role=2
DBG_ANCHOR_CH5_SCAN_BLOCKED win=0 survey=0 tx=0 retry_gap=0 wait=0 rx=0 rxq=0 rxr=0 ack=0 ch9=0 rf=1 retry=20 interval=380
DBG_ANCHOR_CH5_SCAN_RESCHED ret=1 delay=20
DBG_ROUTE_REPLY_ATTEMPT attempt=4 send=0 listen=-116 listened=1
DBG_C5_CONTACT phase=closing state=4 peer=0x56da25fe4af6d141 purpose=route_reply reason=route-reply-failed
DBG_ROUTE_REPLY_ACTION_DONE ret=-116 ack=0x0 reason=route-reply-action
DBG_MESH_RX_DRAIN_EXIT owner=work handled=1 q=0
DBG_MESH_RX_WORK_EXIT handled=1 q=0
DBG_CH9_SKIP_STALE n=5 now=95059 next=95359 cnt=5 reason=rx-select
DBG_CH5_GAP_SCAN now=95060 win=100 next_delay=879
DBG_ANCHOR_CH5_SCAN_HANDLER role=2
DBG_ANCHOR_CH5_SCAN_BLOCKED win=0 survey=0 tx=0 retry_gap=0 wait=0 rx=0 rxq=0 rxr=0 ack=0 ch9=0 rf=1 retry=20 interval=380
DBG_ANCHOR_CH5_SCAN_RESCHED ret=1 delay=20
DBG_ANCHOR_CH5_SCAN_HANDLER role=2
DBG_ANCHOR_CH5_SCAN_BLOCKED win=0 survey=0 tx=0 retry_gap=0 wait=0 rx=0 rxq=0 rxr=0 ack=0 ch9=0 rf=1 retry=20 interval=380
DBG_ANCHOR_CH5_SCAN_RESCHED ret=1 delay=20
DBG_ANCHOR_CH5_SCAN_HANDLER role=2
DBG_ANCHOR_CH5_SCAN_BLOCKED win=0 survey=0 tx=0 retry_gap=0 wait=0 rx=0 rxq=0 rxr=0 ack=0 ch9=0 rf=1 retry=20 interval=380
DBG_ANCHOR_CH5_SCAN_RESCHED ret=1 delay=20
DBG_ANCHOR_CH5_SCAN_HANDLER role=2
DBG_ANCHOR_CH5_SCAN_BLOCKED win=0 survey=0 tx=0 retry_gap=0 wait=0 rx=0 rxq=0 rxr=0 ack=0 ch9=0 rf=1 retry=20 interval=380
DBG_ANCHOR_CH5_SCAN_RESCHED ret=1 delay=20
DBG_CH5_GAP_SCAN_DONE frames=0 last_error=0 now=95161 deadline=95160 click=0
DBG_DWM_KEEP_IDLE reason=mesh-rx ch9=1 ack=0 qack=0 ret=0
DBG_CH5_GAP_SCAN now=95162 win=100 next_delay=777
DBG_ANCHOR_CH5_SCAN_HANDLER role=2
DBG_ANCHOR_CH5_SCAN_BLOCKED win=0 survey=0 tx=0 retry_gap=0 wait=0 rx=0 rxq=0 rxr=0 ack=0 ch9=0 rf=1 retry=20 interval=380
DBG_ANCHOR_CH5_SCAN_RESCHED ret=1 delay=20
DBG_ANCHOR_CH5_SCAN_HANDLER role=2
DBG_ANCHOR_CH5_SCAN_BLOCKED win=0 survey=0 tx=0 retry_gap=0 wait=0 rx=0 rxq=0 rxr=0 ack=0 ch9=0 rf=1 retry=20 interval=380
DBG_ANCHOR_CH5_SCAN_RESCHED ret=1 delay=20
DBG_ANCHOR_CH5_SCAN_HANDLER role=2
DBG_ANCHOR_CH5_SCAN_BLOCKED win=0 survey=0 tx=0 retry_gap=0 wait=0 rx=0 rxq=0 rxr=0 ack=0 ch9=0 rf=1 retry=20 interval=380
DBG_ANCHOR_CH5_SCAN_RESCHED ret=1 delay=20
DBG_ANCHOR_CH5_SCAN_HANDLER role=2
DBG_ANCHOR_CH5_SCAN_BLOCKED win=0 survey=0 tx=0 retry_gap=0 wait=0 rx=0 rxq=0 rxr=0 ack=0 ch9=0 rf=1 retry=20 interval=380
DBG_ANCHOR_CH5_SCAN_RESCHED ret=1 delay=20
DBG_CH5_GAP_SCAN_DONE frames=0 last_error=0 now=95262 deadline=95262 click=0
DBG_DWM_KEEP_IDLE reason=mesh-rx ch9=1 ack=0 qack=0 ret=0
DBG_CH5_GAP_SCAN now=95263 win=100 next_delay=676
DBG_ANCHOR_CH5_SCAN_HANDLER role=2
DBG_ANCHOR_CH5_SCAN_BLOCKED win=0 survey=0 tx=0 retry_gap=0 wait=0 rx=0 rxq=0 rxr=0 ack=0 ch9=0 rf=1 retry=20 interval=380
DBG_ANCHOR_CH5_SCAN_RESCHED ret=1 delay=20
DBG_ANCHOR_CH5_SCAN_HANDLER role=2
DBG_ANCHOR_CH5_SCAN_BLOCKED win=0 survey=0 tx=0 retry_gap=0 wait=0 rx=0 rxq=0 rxr=0 ack=0 ch9=0 rf=1 retry=20 interval=380
DBG_ANCHOR_CH5_SCAN_RESCHED ret=1 delay=20
DBG_ANCHOR_CH5_SCAN_HANDLER role=2
DBG_ANCHOR_CH5_SCAN_BLOCKED win=0 survey=0 tx=0 retry_gap=0 wait=0 rx=0 rxq=0 rxr=0 ack=0 ch9=0 rf=1 retry=20 interval=380
DBG_ANCHOR_CH5_SCAN_RESCHED ret=1 delay=20
DBG_ANCHOR_CH5_SCAN_HANDLER role=2
DBG_ANCHOR_CH5_SCAN_BLOCKED win=0 survey=0 tx=0 retry_gap=0 wait=0 rx=0 rxq=0 rxr=0 ack=0 ch9=0 rf=1 retry=20 interval=380
DBG_ANCHOR_CH5_SCAN_RESCHED ret=1 delay=20
DBG_CH5_GAP_SCAN_DONE frames=0 last_error=0 now=95364 deadline=95363 click=0
DBG_DWM_KEEP_IDLE reason=mesh-rx ch9=1 ack=0 qack=0 ret=0
DBG_CH5_GAP_SCAN now=95365 win=100 next_delay=574
DBG_ANCHOR_CH5_SCAN_HANDLER role=2
DBG_ANCHOR_CH5_SCAN_BLOCKED win=0 survey=0 tx=0 retry_gap=0 wait=0 rx=0 rxq=0 rxr=0 ack=0 ch9=0 rf=1 retry=20 interval=380
DBG_ANCHOR_CH5_SCAN_RESCHED ret=1 delay=20
DBG_ANCHOR_CH5_SCAN_HANDLER role=2
DBG_ANCHOR_CH5_SCAN_BLOCKED win=0 survey=0 tx=0 retry_gap=0 wait=0 rx=0 rxq=0 rxr=0 ack=0 ch9=0 rf=1 retry=20 interval=380
DBG_ANCHOR_CH5_SCAN_RESCHED ret=1 delay=20
DBG_ANCHOR_CH5_SCAN_HANDLER role=2
DBG_ANCHOR_CH5_SCAN_BLOCKED win=0 survey=0 tx=0 retry_gap=0 wait=0 rx=0 rxq=0 rxr=0 ack=0 ch9=0 rf=1 retry=20 interval=380
DBG_ANCHOR_CH5_SCAN_RESCHED ret=1 delay=20
DBG_ANCHOR_CH5_SCAN_HANDLER role=2
DBG_ANCHOR_CH5_SCAN_BLOCKED win=0 survey=0 tx=0 retry_gap=0 wait=0 rx=0 rxq=0 rxr=0 ack=0 ch9=0 rf=1 retry=20 interval=380
DBG_ANCHOR_CH5_SCAN_RESCHED ret=1 delay=20
DBG_CH5_GAP_SCAN_DONE frames=0 last_error=0 now=95465 deadline=95465 click=0
DBG_DWM_KEEP_IDLE reason=mesh-rx ch9=1 ack=0 qack=0 ret=0
DBG_CH5_GAP_SCAN now=95466 win=100 next_delay=473
DBG_ANCHOR_CH5_SCAN_HANDLER role=2
DBG_ANCHOR_CH5_SCAN_BLOCKED win=0 survey=0 tx=0 retry_gap=0 wait=0 rx=0 rxq=0 rxr=0 ack=0 ch9=0 rf=1 retry=20 interval=380
DBG_ANCHOR_CH5_SCAN_RESCHED ret=1 delay=20
DBG_ANCHOR_CH5_SCAN_HANDLER role=2
DBG_ANCHOR_CH5_SCAN_BLOCKED win=0 survey=0 tx=0 retry_gap=0 wait=0 rx=0 rxq=0 rxr=0 ack=0 ch9=0 rf=1 retry=20 interval=380
DBG_ANCHOR_CH5_SCAN_RESCHED ret=1 delay=20
DBG_ANCHOR_CH5_SCAN_HANDLER role=2
DBG_ANCHOR_CH5_SCAN_BLOCKED win=0 survey=0 tx=0 retry_gap=0 wait=0 rx=0 rxq=0 rxr=0 ack=0 ch9=0 rf=1 retry=20 interval=380
DBG_ANCHOR_CH5_SCAN_RESCHED ret=1 delay=20
DBG_ANCHOR_CH5_SCAN_HANDLER role=2
DBG_ANCHOR_CH5_SCAN_BLOCKED win=0 survey=0 tx=0 retry_gap=0 wait=0 rx=0 rxq=0 rxr=0 ack=0 ch9=0 rf=1 retry=20 interval=380
DBG_CH5_GAP_SCAN_DONE frames=0 last_error=0 now=95566 deadline=95566 click=0
DBG_DWM_KEEP_IDLE reason=mesh-rx ch9=1 ack=0 qack=0 ret=0
DBG_CH9_SKIP_STALE n=1 now=95567 next=95999 cnt=6 reason=rx-delay
DBG_CH5_GAP_SCAN now=95567 win=100 next_delay=372
DBG_ANCHOR_CH5_SCAN_RESCHED ret=1 delay=20
DBG_ANCHOR_CH5_SCAN_HANDLER role=2
DBG_ANCHOR_CH5_SCAN_BLOCKED win=0 survey=0 tx=0 retry_gap=0 wait=0 rx=0 rxq=0 rxr=0 ack=0 ch9=0 rf=1 retry=20 interval=380
DBG_ANCHOR_CH5_SCAN_RESCHED ret=1 delay=20
DBG_ANCHOR_CH5_SCAN_HANDLER role=2
DBG_ANCHOR_CH5_SCAN_BLOCKED win=0 survey=0 tx=0 retry_gap=0 wait=0 rx=0 rxq=0 rxr=0 ack=0 ch9=0 rf=1 retry=20 interval=380
DBG_ANCHOR_CH5_SCAN_RESCHED ret=1 delay=20
DBG_ANCHOR_CH5_SCAN_HANDLER role=2
DBG_ANCHOR_CH5_SCAN_BLOCKED win=0 survey=0 tx=0 retry_gap=0 wait=0 rx=0 rxq=0 rxr=0 ack=0 ch9=0 rf=1 retry=20 interval=380
DBG_ANCHOR_CH5_SCAN_RESCHED ret=1 delay=20
DBG_ANCHOR_CH5_SCAN_HANDLER role=2
DBG_CH5_GAP_SCAN_DONE frames=0 last_error=0 now=95667 deadline=95667 click=0
DBG_DWM_KEEP_IDLE reason=mesh-rx ch9=1 ack=0 qack=0 ret=0
DBG_CH5_GAP_SCAN now=95668 win=100 next_delay=271
DBG_ANCHOR_CH5_SCAN_BLOCKED win=0 survey=0 tx=0 retry_gap=0 wait=0 rx=0 rxq=0 rxr=0 ack=0 ch9=0 rf=1 retry=20 interval=380
DBG_ANCHOR_CH5_SCAN_RESCHED ret=1 delay=20
DBG_ANCHOR_CH5_SCAN_HANDLER role=2
DBG_ANCHOR_CH5_SCAN_BLOCKED win=0 survey=0 tx=0 retry_gap=0 wait=0 rx=0 rxq=0 rxr=0 ack=0 ch9=0 rf=1 retry=20 interval=380
DBG_ANCHOR_CH5_SCAN_RESCHED ret=1 delay=20
DBG_ANCHOR_CH5_SCAN_HANDLER role=2
DBG_ANCHOR_CH5_SCAN_BLOCKED win=0 survey=0 tx=0 retry_gap=0 wait=0 rx=0 rxq=0 rxr=0 ack=0 ch9=0 rf=1 retry=20 interval=380
DBG_ANCHOR_CH5_SCAN_RESCHED ret=1 delay=20
DBG_ANCHOR_CH5_SCAN_HANDLER role=2
DBG_ANCHOR_CH5_SCAN_BLOCKED win=0 survey=0 tx=0 retry_gap=0 wait=0 rx=0 rxq=0 rxr=0 ack=0 ch9=0 rf=1 retry=20 interval=380
DBG_ANCHOR_CH5_SCAN_RESCHED ret=1 delay=20
DBG_ANCHOR_CH5_SCAN_HANDLER role=2
DBG_CH5_GAP_SCAN_DONE frames=0 last_error=0 now=95768 deadline=95768 click=0
DBG_DWM_KEEP_IDLE reason=mesh-rx ch9=1 ack=0 qack=0 ret=0
DBG_CH5_GAP_SCAN now=95769 win=100 next_delay=170
DBG_ANCHOR_CH5_SCAN_BLOCKED win=0 survey=0 tx=0 retry_gap=0 wait=0 rx=0 rxq=0 rxr=0 ack=0 ch9=0 rf=1 retry=20 interval=380
DBG_ANCHOR_CH5_SCAN_RESCHED ret=1 delay=20
DBG_ANCHOR_CH5_SCAN_HANDLER role=2
DBG_ANCHOR_CH5_SCAN_BLOCKED win=0 survey=0 tx=0 retry_gap=0 wait=0 rx=0 rxq=0 rxr=0 ack=0 ch9=0 rf=1 retry=20 interval=380
DBG_ANCHOR_CH5_SCAN_RESCHED ret=1 delay=20
DBG_ANCHOR_CH5_SCAN_HANDLER role=2
DBG_ANCHOR_CH5_SCAN_BLOCKED win=0 survey=0 tx=0 retry_gap=0 wait=0 rx=0 rxq=0 rxr=0 ack=0 ch9=0 rf=1 retry=20 interval=380
DBG_ANCHOR_CH5_SCAN_RESCHED ret=1 delay=20
DBG_ANCHOR_CH5_SCAN_HANDLER role=2
DBG_ANCHOR_CH5_SCAN_BLOCKED win=0 survey=0 tx=0 retry_gap=0 wait=0 rx=0 rxq=0 rxr=0 ack=0 ch9=0 rf=1 retry=20 interval=380
DBG_ANCHOR_CH5_SCAN_RESCHED ret=1 delay=20
DBG_ANCHOR_CH5_SCAN_HANDLER role=2
DBG_CH5_GAP_SCAN_DONE frames=0 last_error=0 now=95870 deadline=95869 click=0
DBG_DWM_KEEP_IDLE reason=mesh-rx ch9=1 ack=0 qack=0 ret=0
DBG_ANCHOR_CH5_SCAN_BLOCKED win=0 survey=0 tx=0 retry_gap=0 wait=0 rx=0 rxq=0 rxr=0 ack=0 ch9=0 rf=1 retry=20 interval=380
DBG_ANCHOR_CH5_SCAN_RESCHED ret=1 delay=20
DBG_ANCHOR_CH5_SCAN_HANDLER role=2
DBG_ANCHOR_CH9_REARM delay=48 ret=1 ack=0
DBG_ANCHOR_CH5_SCAN_BLOCKED win=0 survey=0 tx=0 retry_gap=0 wait=0 rx=0 rxq=0 rxr=0 ack=0 ch9=1 rf=0 retry=293 interval=380
DBG_ANCHOR_CH5_SCAN_RESCHED ret=1 delay=293
DBG_CH9_RX_SLOT idx=0 cnt=6 now=95939 start=95999 end=96119
DBG_CH9_EVENT_STATE state=granted peer=0x56da25fe4af6d141 start=95999 end=96119 reason=rx-slot
DBG_CH9_RX_START idx=0 now=95940 start=95999 end=96119 tail=60
DBG_CH9_RX_CONFIG_OK
DBG_CH9_RX_EARLY_ARM now=95959 start=95999 guard=60
DBG_CH9_RX_ARMED now=95959 start=95999 end=96119 deadline=96179
DBG_DWM_KEEP_IDLE reason=ch9-rx ch9=1 ack=0 qack=0 ret=0
DBG_CH9_RX_EMPTY
DBG_CH9_RX_TIMEOUT
DBG_CH9_RX_MISS frames=0 now=96180 start=95999 end=96119 fail=0
DBG_CH9_EVENT_STATE state=window_expired peer=0x56da25fe4af6d141 start=95999 end=96119 reason=rx-slot
DBG_ANCHOR_CH5_SCAN_HANDLER role=2
DBG_ANCHOR_CH5_SCAN_ARM now=96185 win=20 complete=15 interval=380 wait=0 tx=0
DBG_DWM_CH5_RX_HUNT_START acq=20 complete=15 cap=1021
DBG_DWM_CH5_RX_HUNT_EMPTY ret=-116 status=0x00000000 acq=20
DBG_ANCHOR_CH5_SCAN_DONE ret=-116 len=0 fail=1 pre=0 q=0 rx_us=20843 complete=15
DBG_ANCHOR_CH5_POST_CH9_RECOVERY_SCAN win=20 ret=-116 pre=0
DBG_ANCHOR_CH5_SCAN_RESCHED ret=1 delay=380
DBG_ANCHOR_CH5_SCAN_HANDLER role=2
DBG_DWM_CH5_RX_HUNT_START acq=3 complete=15 cap=1021
DBG_DWM_CH5_RX_HUNT_EMPTY ret=-116 status=0x00000000 acq=3
DBG_ANCHOR_CH5_SCAN_RESCHED ret=1 delay=380
DBG_ANCHOR_CH5_SCAN_HANDLER role=2
DBG_DWM_CH5_RX_HUNT_START acq=3 complete=15 cap=1021
DBG_DWM_CH5_RX_HUNT_EMPTY ret=-116 status=0x00000000 acq=3
DBG_ANCHOR_CH5_SCAN_RESCHED ret=1 delay=380
DBG_CH9_SKIP_STALE n=1 now=97219 next=97279 cnt=8 reason=rx-select
DBG_CH9_RX_SLOT idx=0 cnt=8 now=97219 start=97279 end=97399
DBG_CH9_EVENT_STATE state=granted peer=0x56da25fe4af6d141 start=97279 end=97399 reason=rx-slot
DBG_CH9_RX_START idx=0 now=97219 start=97279 end=97399 tail=60
DBG_CH9_RX_CONFIG_OK
DBG_CH9_RX_EARLY_ARM now=97238 start=97279 guard=60
DBG_CH9_RX_ARMED now=97238 start=97279 end=97399 deadline=97459
DBG_ANCHOR_CH5_SCAN_HANDLER role=2
DBG_ANCHOR_CH5_SCAN_BLOCKED win=0 survey=0 tx=0 retry_gap=0 wait=0 rx=0 rxq=0 rxr=0 ack=0 ch9=0 rf=1 retry=20 interval=380
DBG_ANCHOR_CH5_SCAN_RESCHED ret=1 delay=20
DBG_ANCHOR_CH5_SCAN_HANDLER role=2
DBG_ANCHOR_CH5_SCAN_BLOCKED win=0 survey=0 tx=0 retry_gap=0 wait=0 rx=0 rxq=0 rxr=0 ack=0 ch9=0 rf=1 retry=20 interval=380
DBG_ANCHOR_CH5_SCAN_RESCHED ret=1 delay=20
DBG_DWM_KEEP_IDLE reason=ch9-rx ch9=1 ack=0 qack=0 ret=0
DBG_CH9_RX_EMPTY
DBG_CH9_RX_TIMEOUT
DBG_CH9_RX_MISS frames=0 now=97460 start=97279 end=97399 fail=0
DBG_CH9_EVENT_STATE state=window_expired peer=0x56da25fe4af6d141 start=97279 end=97399 reason=rx-slot
DBG_ANCHOR_CH5_SCAN_HANDLER role=2
DBG_ANCHOR_CH5_SCAN_ARM now=97462 win=20 complete=15 interval=380 wait=0 tx=0
DBG_DWM_CH5_RX_HUNT_START acq=20 complete=15 cap=1021
DBG_DWM_CH5_RX_HUNT_EMPTY ret=-116 status=0x00000000 acq=20
DBG_ANCHOR_CH5_SCAN_DONE ret=-116 len=0 fail=1 pre=0 q=0 rx_us=20629 complete=15
DBG_ANCHOR_CH5_POST_CH9_RECOVERY_SCAN win=20 ret=-116 pre=0
DBG_ANCHOR_CH5_SCAN_RESCHED ret=1 delay=380
DBG_ANCHOR_CH5_SCAN_HANDLER role=2
DBG_DWM_CH5_RX_HUNT_START acq=3 complete=15 cap=1021
DBG_DWM_CH5_RX_HUNT_EMPTY ret=-116 status=0x00000000 acq=3
DBG_ANCHOR_CH5_SCAN_RESCHED ret=1 delay=380
DBG_ANCHOR_CH5_SCAN_HANDLER role=2
DBG_DWM_CH5_RX_HUNT_START acq=3 complete=15 cap=1021
DBG_DWM_CH5_RX_HUNT_EMPTY ret=-116 status=0x00000000 acq=3
DBG_ANCHOR_CH5_SCAN_RESCHED ret=1 delay=380
DBG_CH9_SKIP_STALE n=1 now=98499 next=98559 cnt=10 reason=rx-select
DBG_CH9_RX_SLOT idx=0 cnt=10 now=98499 start=98559 end=98679
DBG_CH9_EVENT_STATE state=granted peer=0x56da25fe4af6d141 start=98559 end=98679 reason=rx-slot
DBG_CH9_RX_START idx=0 now=98499 start=98559 end=98679 tail=60
DBG_CH9_RX_CONFIG_OK
DBG_CH9_RX_EARLY_ARM now=98518 start=98559 guard=60
DBG_CH9_RX_ARMED now=98518 start=98559 end=98679 deadline=98739
DBG_ANCHOR_CH5_SCAN_HANDLER role=2
DBG_ANCHOR_CH5_SCAN_BLOCKED win=0 survey=0 tx=0 retry_gap=0 wait=0 rx=0 rxq=0 rxr=0 ack=0 ch9=0 rf=1 retry=20 interval=380
DBG_ANCHOR_CH5_SCAN_RESCHED ret=1 delay=20
DBG_ANCHOR_CH5_SCAN_HANDLER role=2
DBG_ANCHOR_CH5_SCAN_BLOCKED win=0 survey=0 tx=0 retry_gap=0 wait=0 rx=0 rxq=0 rxr=0 ack=0 ch9=0 rf=1 retry=20 interval=380
DBG_ANCHOR_CH5_SCAN_RESCHED ret=1 delay=20
DBG_DWM_KEEP_IDLE reason=ch9-rx ch9=1 ack=0 qack=0 ret=0
DBG_CH9_RX_EMPTY
DBG_CH9_RX_TIMEOUT
DBG_CH9_RX_MISS frames=0 now=98741 start=98559 end=98679 fail=0
DBG_CH9_EVENT_STATE state=window_expired peer=0x56da25fe4af6d141 start=98559 end=98679 reason=rx-slot
DBG_ANCHOR_CH5_SCAN_HANDLER role=2
DBG_ANCHOR_CH5_SCAN_ARM now=98741 win=20 complete=15 interval=380 wait=0 tx=0
DBG_DWM_CH5_RX_HUNT_START acq=20 complete=15 cap=1021
DBG_DWM_CH5_RX_HUNT_EMPTY ret=-116 status=0x00000000 acq=20
DBG_ANCHOR_CH5_SCAN_DONE ret=-116 len=0 fail=1 pre=0 q=0 rx_us=21026 complete=15
DBG_ANCHOR_CH5_POST_CH9_RECOVERY_SCAN win=20 ret=-116 pre=0
DBG_ANCHOR_CH5_SCAN_RESCHED ret=1 delay=380
DBG_ANCHOR_CH5_SCAN_HANDLER role=2
DBG_DWM_CH5_RX_HUNT_START acq=3 complete=15 cap=1021
DBG_DWM_CH5_RX_HUNT_EMPTY ret=-116 status=0x00000000 acq=3
DBG_ANCHOR_CH5_SCAN_RESCHED ret=1 delay=380
DBG_ANCHOR_CH5_SCAN_HANDLER role=2
DBG_DWM_CH5_RX_HUNT_START acq=3 complete=15 cap=1021
DBG_DWM_CH5_RX_HUNT_EMPTY ret=-116 status=0x00000000 acq=3
DBG_ANCHOR_CH5_SCAN_RESCHED ret=1 delay=380
DBG_CH9_SKIP_STALE n=1 now=99779 next=99839 cnt=12 reason=rx-select
DBG_CH9_RX_SLOT idx=0 cnt=12 now=99779 start=99839 end=99959
DBG_CH9_EVENT_STATE state=granted peer=0x56da25fe4af6d141 start=99839 end=99959 reason=rx-slot
DBG_CH9_RX_START idx=0 now=99779 start=99839 end=99959 tail=60
DBG_CH9_RX_CONFIG_OK
DBG_CH9_RX_EARLY_ARM now=99798 start=99839 guard=60
DBG_CH9_RX_ARMED now=99798 start=99839 end=99959 deadline=100019
DBG_ANCHOR_CH5_SCAN_HANDLER role=2
DBG_ANCHOR_CH5_SCAN_BLOCKED win=0 survey=0 tx=0 retry_gap=0 wait=0 rx=0 rxq=0 rxr=0 ack=0 ch9=0 rf=1 retry=20 interval=380
DBG_ANCHOR_CH5_SCAN_RESCHED ret=1 delay=20
DBG_ANCHOR_CH5_SCAN_HANDLER role=2
DBG_ANCHOR_CH5_SCAN_BLOCKED win=0 survey=0 tx=0 retry_gap=0 wait=0 rx=0 rxq=0 rxr=0 ack=0 ch9=0 rf=1 retry=20 interval=380
DBG_ANCHOR_CH5_SCAN_RESCHED ret=1 delay=20
DBG_ANCHOR_CH5_SCAN_HANDLER role=2
DBG_DWM_KEEP_IDLE reason=ch9-rx ch9=1 ack=0 qack=0 ret=0
DBG_CH9_RX_EMPTY
DBG_CH9_RX_TIMEOUT
DBG_CH9_RX_MISS frames=0 now=100021 start=99839 end=99959 fail=0
DBG_CH9_EVENT_STATE state=window_expired peer=0x56da25fe4af6d141 start=99839 end=99959 reason=rx-slot
DBG_CH9_TIMING_EXPIRE_DETAIL
DBG_CH9_TIMING_EXPIRED
DBG_ANCHOR_CH5_SCAN_BLOCKED win=0 survey=0 tx=0 retry_gap=0 wait=0 rx=0 rxq=0 rxr=0 ack=0 ch9=0 rf=1 retry=20 interval=380
DBG_ANCHOR_CH5_SCAN_RESCHED ret=1 delay=20
DBG_ANCHOR_CH5_SCAN_HANDLER role=2
DBG_ANCHOR_CH5_SCAN_ARM now=100041 win=20 complete=15 interval=380 wait=0 tx=0
DBG_DWM_CH5_RX_HUNT_START acq=20 complete=15 cap=1021
DBG_DWM_CH5_RX_HUNT_EMPTY ret=-116 status=0x00000000 acq=20
DBG_ANCHOR_CH5_SCAN_DONE ret=-116 len=0 fail=1 pre=0 q=0 rx_us=20111 complete=15
DBG_ANCHOR_CH5_POST_CH9_RECOVERY_SCAN win=20 ret=-116 pre=0
DBG_ANCHOR_CH5_SCAN_RESCHED ret=1 delay=380
DBG_ANCHOR_CH5_SCAN_HANDLER role=2
DBG_DWM_CH5_RX_HUNT_START acq=3 complete=15 cap=1021
DBG_DWM_CH5_RX_HUNT_EMPTY ret=-116 status=0x00000000 acq=3
DBG_ANCHOR_CH5_SCAN_RESCHED ret=1 delay=380
DBG_ANCHOR_CH5_SCAN_HANDLER role=2
DBG_DWM_CH5_RX_HUNT_START acq=3 complete=15 cap=1021
DBG_DWM_CH5_RX_HUNT_EMPTY ret=-116 status=0x00000000 acq=3
DBG_ANCHOR_CH5_SCAN_RESCHED ret=1 delay=380
DBG_ANCHOR_CH5_SCAN_HANDLER role=2
DBG_ANCHOR_CH5_SCAN_ARM now=101269 win=3 complete=15 interval=380 wait=0 tx=0
DBG_DWM_CH5_RX_HUNT_START acq=3 complete=15 cap=1021
DBG_DWM_CH5_RX_HUNT_EMPTY ret=-116 status=0x00000000 acq=3
DBG_ANCHOR_CH5_SCAN_DONE ret=-116 len=0 fail=1 pre=0 q=0 rx_us=3784 complete=15
DBG_ANCHOR_CH5_SCAN_RESCHED ret=1 delay=380
DBG_ANCHOR_CH5_SCAN_HANDLER role=2
DBG_DWM_CH5_RX_HUNT_START acq=3 complete=15 cap=1021
DBG_DWM_CH5_RX_HUNT_EMPTY ret=-116 status=0x00000000 acq=3
DBG_ANCHOR_CH5_SCAN_RESCHED ret=1 delay=380
DBG_ANCHOR_CH5_SCAN_HANDLER role=2
DBG_DWM_CH5_RX_HUNT_START acq=3 complete=15 cap=1021
DBG_DWM_CH5_RX_HUNT_EMPTY ret=-116 status=0x00000000 acq=3
DBG_ANCHOR_CH5_SCAN_RESCHED ret=1 delay=380
DBG_ANCHOR_CH5_SCAN_HANDLER role=2
DBG_ANCHOR_CH5_SCAN_ARM now=102480 win=3 complete=15 interval=380 wait=0 tx=0
DBG_DWM_CH5_RX_HUNT_START acq=3 complete=15 cap=1021
DBG_DWM_CH5_RX_HUNT_EMPTY ret=-116 status=0x00000000 acq=3
DBG_ANCHOR_CH5_SCAN_DONE ret=-116 len=0 fail=1 pre=0 q=0 rx_us=3784 complete=15
DBG_ANCHOR_CH5_SCAN_RESCHED ret=1 delay=380
DBG_ANCHOR_CH5_SCAN_HANDLER role=2
DBG_DWM_CH5_RX_HUNT_START acq=3 complete=15 cap=1021
DBG_DWM_CH5_RX_HUNT_EMPTY ret=-116 status=0x00000000 acq=3
DBG_ANCHOR_CH5_SCAN_RESCHED ret=1 delay=380
DBG_ANCHOR_CH5_SCAN_HANDLER role=2
DBG_DWM_CH5_RX_HUNT_START acq=3 complete=15 cap=1021
DBG_DWM_CH5_RX_HUNT_EMPTY ret=-116 status=0x00000000 acq=3
DBG_ANCHOR_CH5_SCAN_RESCHED ret=1 delay=380
DBG_ANCHOR_CH5_SCAN_HANDLER role=2
DBG_ANCHOR_CH5_SCAN_ARM now=103692 win=3 complete=15 interval=380 wait=0 tx=0
DBG_DWM_CH5_RX_HUNT_START acq=3 complete=15 cap=1021
DBG_DWM_CH5_RX_HUNT_EMPTY ret=-116 status=0x00000000 acq=3
DBG_ANCHOR_CH5_SCAN_DONE ret=-116 len=0 fail=1 pre=0 q=0 rx_us=3601 complete=15
DBG_ANCHOR_CH5_SCAN_RESCHED ret=1 delay=380
DBG_ANCHOR_CH5_SCAN_HANDLER role=2
DBG_DWM_CH5_RX_HUNT_START acq=3 complete=15 cap=1021
DBG_DWM_CH5_RX_HUNT_EMPTY ret=-116 status=0x00000000 acq=3
DBG_ANCHOR_CH5_SCAN_RESCHED ret=1 delay=380
DBG_ANCHOR_CH5_SCAN_HANDLER role=2
DBG_DWM_CH5_RX_HUNT_START acq=3 complete=15 cap=1021
DBG_DWM_CH5_RX_HUNT_EMPTY ret=-116 status=0x00000000 acq=3
DBG_ANCHOR_CH5_SCAN_RESCHED ret=1 delay=380
DBG_ANCHOR_CH5_SCAN_HANDLER role=2
DBG_ANCHOR_CH5_SCAN_ARM now=104903 win=3 complete=15 interval=380 wait=0 tx=0
DBG_DWM_CH5_RX_HUNT_START acq=3 complete=15 cap=1021
DBG_DWM_CH5_RX_HUNT_EMPTY ret=-116 status=0x00000000 acq=3
DBG_ANCHOR_CH5_SCAN_DONE ret=-116 len=0 fail=1 pre=0 q=0 rx_us=3784 complete=15
DBG_ANCHOR_CH5_SCAN_RESCHED ret=1 delay=380
DBG_ANCHOR_CH5_SCAN_HANDLER role=2
DBG_DWM_CH5_RX_HUNT_START acq=3 complete=15 cap=1021
DBG_DWM_CH5_RX_HUNT_EMPTY ret=-116 status=0x00000000 acq=3
DBG_ANCHOR_CH5_SCAN_RESCHED ret=1 delay=380
DBG_ANCHOR_CH5_SCAN_HANDLER role=2
DBG_DWM_CH5_RX_HUNT_START acq=3 complete=15 cap=1021
DBG_DWM_CH5_RX_HUNT_EMPTY ret=-116 status=0x00000000 acq=3
DBG_ANCHOR_CH5_SCAN_RESCHED ret=1 delay=380
DBG_ANCHOR_MESH_RX_YIELD reason=anchor-low-duty-ch5-owner ch9=0 delay=0 scan_int=380 scan_win=3 wait=0 q=0
DBG_ANCHOR_CH5_SCAN_HANDLER role=2
DBG_ANCHOR_CH5_SCAN_ARM now=106115 win=3 complete=15 interval=380 wait=0 tx=0
DBG_DWM_CH5_RX_HUNT_START acq=3 complete=15 cap=1021
DBG_DWM_CH5_RX_HUNT_EMPTY ret=-116 status=0x00000000 acq=3
DBG_ANCHOR_CH5_SCAN_DONE ret=-116 len=0 fail=1 pre=0 q=0 rx_us=3265 complete=15
DBG_ANCHOR_CH5_SCAN_RESCHED ret=1 delay=380
DBG_ANCHOR_CH5_SCAN_HANDLER role=2
DBG_DWM_CH5_RX_HUNT_START acq=3 complete=15 cap=1021
DBG_DWM_CH5_RX_HUNT_EMPTY ret=-116 status=0x00000000 acq=3
DBG_ANCHOR_CH5_SCAN_RESCHED ret=1 delay=380
DBG_ANCHOR_CH5_SCAN_HANDLER role=2
DBG_DWM_CH5_RX_HUNT_START acq=3 complete=15 cap=1021
DBG_DWM_CH5_RX_HUNT_EMPTY ret=-116 status=0x00000000 acq=3
DBG_ANCHOR_CH5_SCAN_RESCHED ret=1 delay=380
DBG_ANCHOR_CH5_SCAN_HANDLER role=2
DBG_ANCHOR_CH5_SCAN_ARM now=107326 win=3 complete=15 interval=380 wait=0 tx=0
DBG_DWM_CH5_RX_HUNT_START acq=3 complete=15 cap=1021
DBG_DWM_CH5_RX_HUNT_EMPTY ret=-116 status=0x00000000 acq=3
DBG_ANCHOR_CH5_SCAN_DONE ret=-116 len=0 fail=1 pre=0 q=0 rx_us=3814 complete=15
DBG_ANCHOR_CH5_SCAN_RESCHED ret=1 delay=380
DBG_ANCHOR_CH5_SCAN_HANDLER role=2
DBG_DWM_CH5_RX_HUNT_START acq=3 complete=15 cap=1021
DBG_DWM_CH5_RX_HUNT_EMPTY ret=-116 status=0x00000000 acq=3
DBG_ANCHOR_CH5_SCAN_RESCHED ret=1 delay=380
DBG_ANCHOR_CH5_SCAN_HANDLER role=2
DBG_DWM_CH5_RX_HUNT_START acq=3 complete=15 cap=1021
DBG_DWM_CH5_RX_HUNT_EMPTY ret=-116 status=0x00000000 acq=3
DBG_ANCHOR_CH5_SCAN_RESCHED ret=1 delay=380
DBG_ANCHOR_CH5_SCAN_HANDLER role=2
DBG_ANCHOR_CH5_SCAN_ARM now=108537 win=3 complete=15 interval=380 wait=0 tx=0
DBG_DWM_CH5_RX_HUNT_START acq=3 complete=15 cap=1021
DBG_DWM_CH5_RX_HUNT_EMPTY ret=-116 status=0x00000000 acq=3
DBG_ANCHOR_CH5_SCAN_DONE ret=-116 len=0 fail=1 pre=0 q=0 rx_us=3784 complete=15
DBG_ANCHOR_CH5_SCAN_RESCHED ret=1 delay=380
DBG_ANCHOR_CH5_SCAN_HANDLER role=2
DBG_DWM_CH5_RX_HUNT_START acq=3 complete=15 cap=1021
DBG_DWM_CH5_RX_HUNT_EMPTY ret=-116 status=0x00000000 acq=3
DBG_ANCHOR_CH5_SCAN_RESCHED ret=1 delay=380
DBG_ANCHOR_CH5_SCAN_HANDLER role=2
DBG_DWM_CH5_RX_HUNT_START acq=3 complete=15 cap=1021
DBG_DWM_CH5_RX_HUNT_EMPTY ret=-116 status=0x00000000 acq=3
DBG_ANCHOR_CH5_SCAN_RESCHED ret=1 delay=380
DBG_ANCHOR_CH5_SCAN_HANDLER role=2
DBG_ANCHOR_CH5_SCAN_ARM now=109749 win=3 complete=15 interval=380 wait=0 tx=0
DBG_DWM_CH5_RX_HUNT_START acq=3 complete=15 cap=1021
DBG_DWM_CH5_RX_HUNT_EMPTY ret=-116 status=0x00000000 acq=3
DBG_ANCHOR_CH5_SCAN_DONE ret=-116 len=0 fail=1 pre=0 q=0 rx_us=3784 complete=15
DBG_ANCHOR_CH5_SCAN_RESCHED ret=1 delay=380
DBG_ANCHOR_CH5_SCAN_HANDLER role=2
DBG_DWM_CH5_RX_HUNT_START acq=3 complete=15 cap=1021
DBG_DWM_CH5_RX_HUNT_EMPTY ret=-116 status=0x00000000 acq=3
DBG_ANCHOR_CH5_SCAN_RESCHED ret=1 delay=380
DBG_ANCHOR_CH5_SCAN_HANDLER role=2
DBG_DWM_CH5_RX_HUNT_START acq=3 complete=15 cap=1021
DBG_DWM_CH5_RX_HUNT_EMPTY ret=-116 status=0x00000000 acq=3
DBG_ANCHOR_CH5_SCAN_RESCHED ret=1 delay=380
DBG_ANCHOR_CH5_SCAN_HANDLER role=2
DBG_ANCHOR_CH5_SCAN_ARM now=110960 win=3 complete=15 interval=380 wait=0 tx=0
DBG_DWM_CH5_RX_HUNT_START acq=3 complete=15 cap=1021
DBG_DWM_CH5_RX_HUNT_EMPTY ret=-116 status=0x00000000 acq=3
DBG_ANCHOR_CH5_SCAN_DONE ret=-116 len=0 fail=1 pre=0 q=0 rx_us=3784 complete=15
DBG_ANCHOR_CH5_SCAN_RESCHED ret=1 delay=380
DBG_ANCHOR_CH5_SCAN_HANDLER role=2
DBG_DWM_CH5_RX_HUNT_START acq=3 complete=15 cap=1021
DBG_DWM_CH5_RX_HUNT_EMPTY ret=-116 status=0x00000000 acq=3
DBG_ANCHOR_CH5_SCAN_RESCHED ret=1 delay=380
DBG_ANCHOR_CH5_SCAN_HANDLER role=2
DBG_DWM_CH5_RX_HUNT_START acq=3 complete=15 cap=1021
DBG_DWM_CH5_RX_HUNT_EMPTY ret=-116 status=0x00000000 acq=3
DBG_ANCHOR_CH5_SCAN_RESCHED ret=1 delay=380
DBG_ANCHOR_CH5_SCAN_HANDLER role=2
DBG_ANCHOR_CH5_SCAN_ARM now=112172 win=3 complete=15 interval=380 wait=0 tx=0
DBG_DWM_CH5_RX_HUNT_START acq=3 complete=15 cap=1021
DBG_DWM_CH5_RX_ACTIVITY_EXTEND ret=0 status=0x00000100 complete=15
DBG_DWM_CH5_RX_ACTIVITY_WAIT status=0x00000100 remain=15
DBG_DWM_CH5_RX_ACTIVITY_DONE raw=51 payload=49 status=0x00006f00 rearm=0 extended=1
DBG_ANCHOR_CH5_SCAN_DONE ret=0 len=49 fail=0 pre=1 q=100 rx_us=5401 complete=15
DBG_UWB_RX_CH5
DBG_ANCHOR_CH5_FRAME len=49 q=100 wake_ret=0
DBG_ANCHOR_ROUTE_WAKE_DISPATCH src=0x708bc0aab970300e evt=113740 attempt=1 flags=0x92 len=49 q=100
DBG_C5_CONTACT phase=open state=2 peer=0x708bc0aab970300e purpose=route_solicit reason=wake-claim
DBG_C5_CONTACT phase=accepted state=2 peer=0x708bc0aab970300e purpose=route_solicit reason=wake-claim
DBG_ANCHOR_ROUTE_WAKE_HANDOFF src=0x708bc0aab970300e evt=113740 attempt=1 flags=0x92 embedded=0 listen=1343
DBG_C5_CONTACT phase=exchange state=3 peer=0x708bc0aab970300e purpose=route_solicit reason=anchor-route-wake-followup
DBG_ROUTE_REPLY_LISTEN_START
DBG_DWM_WAKE_MESH_CTRL_OK sfd=4073
DBG_ROUTE_REPLY_LISTEN_CONFIG ret=0 ext=1
DBG_DWM_CH5_RX_HUNT_START acq=61 complete=15 cap=1021
DBG_DWM_CH5_RX_ACTIVITY_EXTEND ret=0 status=0x00000100 complete=15
DBG_DWM_CH5_RX_ACTIVITY_WAIT status=0x00000100 remain=15
DBG_DWM_CH5_RX_ACTIVITY_DONE raw=51 payload=49 status=0x00006f00 rearm=0 extended=1
DBG_DWM_WAKE_MESH_CTRL_OK sfd=4073
DBG_ROUTE_REPLY_CLICK_PROBE_DONE duration_ms=43 outcome=restore ret=0
DBG_C5_RX_FAIL status=0x00001700 finfo=0x00000000 fail=4 phy=4 ch=5 plen=3 pac=2 txc=9 rxc=9 sfd=2 rate=0 phr=1 phrr=0 sfdto=4
DBG_DWM_CH5_RX_HUNT_START acq=61 complete=15 cap=1021
DBG_DWM_CH5_RX_ACTIVITY_EXTEND ret=0 status=0x00000100 complete=15
DBG_DWM_CH5_RX_ACTIVITY_WAIT status=0x00000100 remain=15
DBG_DWM_CH5_RX_ACTIVITY_DONE raw=51 payload=49 status=0x00006f00 rearm=0 extended=1
DBG_DWM_WAKE_MESH_CTRL_OK sfd=4073
DBG_ROUTE_REPLY_CLICK_PROBE_DONE duration_ms=43 outcome=restore ret=0
DBG_DWM_CH5_RX_HUNT_START acq=61 complete=15 cap=1021
DBG_DWM_CH5_RX_ACTIVITY_EXTEND ret=0 status=0x00000100 complete=15
DBG_DWM_CH5_RX_ACTIVITY_WAIT status=0x00000100 remain=15
DBG_DWM_CH5_RX_ACTIVITY_DONE raw=51 payload=49 status=0x00006f00 rearm=0 extended=1
DBG_DWM_WAKE_MESH_CTRL_OK sfd=4073
DBG_ROUTE_REPLY_CLICK_PROBE_DONE duration_ms=43 outcome=restore ret=0
DBG_DWM_CH5_RX_HUNT_START acq=61 complete=15 cap=1021
DBG_DWM_CH5_RX_ACTIVITY_EXTEND ret=0 status=0x00000100 complete=15
DBG_DWM_CH5_RX_ACTIVITY_WAIT status=0x00000100 remain=15
DBG_DWM_CH5_RX_ACTIVITY_DONE raw=51 payload=49 status=0x00006f00 rearm=0 extended=1
DBG_DWM_WAKE_MESH_CTRL_OK sfd=4073
DBG_ROUTE_REPLY_CLICK_PROBE_DONE duration_ms=43 outcome=restore ret=0
DBG_ROUTE_REPLY_LISTEN_DONE captured=0 ret=-116
DBG_C5_CONTACT phase=closing state=4 peer=0x708bc0aab970300e purpose=route_solicit reason=reply-listen-timeout
DBG_ANCHOR_ROUTE_WAKE_HANDOFF_DONE src=0x708bc0aab970300e embedded=0 ret=-116 pending=0
DBG_ANCHOR_ROUTE_WAKE_DISPATCH_DONE handled=1 len=49 q=100
DBG_ANCHOR_CH5_SCAN_RESCHED ret=1 delay=380
DBG_ANCHOR_MESH_RX_YIELD reason=anchor-low-duty-ch5-owner ch9=0 delay=0 scan_int=380 scan_win=3 wait=0 q=0
DBG_ANCHOR_CH5_SCAN_HANDLER role=2
DBG_ANCHOR_CH5_SCAN_ARM now=113943 win=3 complete=15 interval=380 wait=0 tx=0
DBG_DWM_CH5_RX_HUNT_START acq=3 complete=15 cap=1021
DBG_DWM_CH5_RX_HUNT_EMPTY ret=-116 status=0x00000000 acq=3
DBG_ANCHOR_CH5_SCAN_DONE ret=-116 len=0 fail=1 pre=0 q=0 rx_us=3448 complete=15
DBG_ANCHOR_CH5_SCAN_RESCHED ret=1 delay=380
DBG_ANCHOR_CH5_SCAN_HANDLER role=2
DBG_DWM_CH5_RX_HUNT_START acq=3 complete=15 cap=1021
DBG_DWM_CH5_RX_HUNT_EMPTY ret=-116 status=0x00000000 acq=3
DBG_ANCHOR_CH5_SCAN_RESCHED ret=1 delay=380
DBG_ANCHOR_CH5_SCAN_HANDLER role=2
DBG_DWM_CH5_RX_HUNT_START acq=3 complete=15 cap=1021
DBG_DWM_CH5_RX_ACTIVITY_EXTEND ret=0 status=0x00000100 complete=15
DBG_DWM_CH5_RX_ACTIVITY_WAIT status=0x00000100 remain=15
DBG_DWM_CH5_RX_ACTIVITY_DONE raw=51 payload=49 status=0x00006f00 rearm=0 extended=1
DBG_ANCHOR_CH5_SCAN_DONE ret=0 len=49 fail=0 pre=1 q=100 rx_us=4547 complete=15
DBG_UWB_RX_CH5
DBG_ANCHOR_CH5_FRAME len=49 q=100 wake_ret=0
DBG_ANCHOR_ROUTE_WAKE_DISPATCH src=0x56da25fe4af6d141 evt=118073 attempt=1 flags=0x92 len=49 q=100
DBG_C5_CONTACT phase=open state=2 peer=0x56da25fe4af6d141 purpose=route_solicit reason=wake-claim
DBG_C5_CONTACT phase=accepted state=2 peer=0x56da25fe4af6d141 purpose=route_solicit reason=wake-claim
DBG_ANCHOR_ROUTE_WAKE_HANDOFF src=0x56da25fe4af6d141 evt=118073 attempt=1 flags=0x92 embedded=0 listen=1336
DBG_C5_CONTACT phase=exchange state=3 peer=0x56da25fe4af6d141 purpose=route_solicit reason=anchor-route-wake-followup
DBG_ROUTE_REPLY_LISTEN_START
DBG_DWM_WAKE_MESH_CTRL_OK sfd=4073
DBG_ROUTE_REPLY_LISTEN_CONFIG ret=0 ext=1
DBG_DWM_CH5_RX_HUNT_START acq=61 complete=15 cap=1021
DBG_DWM_CH5_RX_ACTIVITY_EXTEND ret=0 status=0x00000100 complete=15
DBG_DWM_CH5_RX_ACTIVITY_WAIT status=0x00000100 remain=15
DBG_DWM_CH5_RX_ACTIVITY_DONE raw=51 payload=49 status=0x00006f00 rearm=0 extended=1
DBG_DWM_WAKE_MESH_CTRL_OK sfd=4073
DBG_ROUTE_REPLY_CLICK_PROBE_DONE duration_ms=44 outcome=restore ret=0
DBG_C5_RX_FAIL status=0x00001700 finfo=0x00000000 fail=4 phy=4 ch=5 plen=3 pac=2 txc=9 rxc=9 sfd=2 rate=0 phr=1 phrr=0 sfdto=4
DBG_DWM_CH5_RX_HUNT_START acq=61 complete=15 cap=1021
DBG_DWM_CH5_RX_ACTIVITY_EXTEND ret=0 status=0x00000100 complete=15
DBG_DWM_CH5_RX_ACTIVITY_WAIT status=0x00000100 remain=15
DBG_DWM_CH5_RX_ACTIVITY_DONE raw=51 payload=49 status=0x00006f00 rearm=0 extended=1
DBG_DWM_WAKE_MESH_CTRL_OK sfd=4073
DBG_ROUTE_REPLY_CLICK_PROBE_DONE duration_ms=44 outcome=restore ret=0
DBG_DWM_CH5_RX_HUNT_START acq=61 complete=15 cap=1021
DBG_DWM_CH5_RX_ACTIVITY_EXTEND ret=0 status=0x00000100 complete=15
DBG_DWM_CH5_RX_ACTIVITY_WAIT status=0x00000100 remain=15
DBG_DWM_CH5_RX_ACTIVITY_DONE raw=51 payload=49 status=0x00006f00 rearm=0 extended=1
DBG_DWM_WAKE_MESH_CTRL_OK sfd=4073
DBG_ROUTE_REPLY_CLICK_PROBE_DONE duration_ms=43 outcome=restore ret=0
DBG_DWM_CH5_RX_HUNT_START acq=61 complete=15 cap=1021
DBG_DWM_CH5_RX_HUNT_EMPTY ret=-116 status=0x00000000 acq=61
DBG_DWM_WAKE_MESH_CTRL_OK sfd=4073
DBG_ROUTE_REPLY_CLICK_PROBE_DONE duration_ms=100 outcome=restore ret=0
DBG_ROUTE_REPLY_RX_FRAME
DBG_UWB_RX_CH5
DBG_MESH_RX_QUEUED ch=5 msg=0x35 src=0x708bc0aab970300e dst=0x0 prev=0x56da25fe4af6d141 seq=5 q=1
DBG_MESH_RX_DEFERRED q=1 msg=0x35
DBG_ROUTE_REPLY_LISTEN_YIELD_REQUEST src=0x708bc0aab970300e prev=0x56da25fe4af6d141 target=0x9999888877776666
DBG_COORD state=mesh-rx owner=uwb-rx reason=mesh-rx rx=1 tx=0 relay=0 route=0 ack=0 qack=0
DBG_ANCHOR_MESH_RX_YIELD reason=anchor-low-duty-ch5-owner ch9=0 delay=0 scan_int=380 scan_win=3 wait=0 q=1
DBG_MESH_RX_WORK_WAIT q=1
DBG_MESH_RX_WORK_ENTER q=1
DBG_MESH_RX_DRAIN_ENTER owner=work q=1
DBG_RX_HANDLE msg=0x35 act=0x00001000 st=0 q=0 sel=1 next=0x9999888877776666 hop=0
DBG_C5_CONTACT phase=accepted state=2 peer=0x56da25fe4af6d141 purpose=route_solicit reason=c5-control-rx
DBG_ROUTE_REPLY_ACTION reason=route-reply-action next=0x56da25fe4af6d141 seq=6 backup=0
DBG_ROUTE_REPLY_ETA_WAIT delay=117 earliest=115195 now=115078
DBG_ROUTE_REPLY_LISTEN_DONE captured=1 ret=-11
DBG_ANCHOR_ROUTE_WAKE_HANDOFF_DONE src=0x56da25fe4af6d141 embedded=0 ret=-11 pending=0
DBG_C5_CONTACT phase=open state=2 peer=0x56da25fe4af6d141 purpose=route_reply reason=route-reply-action
DBG_C5_CONTACT phase=accepted state=2 peer=0x56da25fe4af6d141 purpose=route_reply reason=route-reply-action
DBG_C5_CONTACT phase=exchange state=3 peer=0x56da25fe4af6d141 purpose=route_reply reason=route-reply-action
DBG_C5_CONTACT phase=exchange state=3 peer=0x56da25fe4af6d141 purpose=route_reply reason=route-reply
DBG_COORD state=idle owner=route-reply reason=idle rx=0 tx=0 relay=0 route=0 ack=0 qack=0
DBG_DWM_WAKE_MESH_CTRL_OK sfd=4073
DBG_C5_TX_CONFIG ret=0 ext=1 len=203 msg=36 reason=route-reply
DBG_UWB_TX_CH5
DBG_C5_CONTACT phase=exchange state=3 peer=0x56da25fe4af6d141 purpose=route_reply reason=route-reply
DBG_ROUTE_REPLY_TX_REPEAT attempt=0 idx=0 ret=0 sent=1
DBG_C5_CONTACT phase=exchange state=3 peer=0x56da25fe4af6d141 purpose=route_reply reason=route-reply-ack-listen
DBG_ROUTE_REPLY_ATTEMPT attempt=0 send=0 listen=-116 listened=1
DBG_C5_CONTACT phase=closing state=4 peer=0x56da25fe4af6d141 purpose=route_reply reason=expired
DBG_C5_CONTACT phase=open state=1 peer=0x56da25fe4af6d141 purpose=route_reply reason=route-reply
DBG_WAKE_TRAIN_GUARD_OK
DBG_WAKE_TRAIN_CONFIG_BEGIN
DBG_WAKE_TRAIN_CONFIG_OK
DBG_WAKE_TRAIN_FIRST_SEND_BEGIN
DBG_ANCHOR_CH5_SCAN_HANDLER role=2
DBG_WAKE_TRAIN_FIRST_SEND_OK
DBG_UWB_TX_CH5
DBG_TX_WAKE_CLAIM_SENT
DBG_ANCHOR_CH5_SCAN_BLOCKED win=0 survey=0 tx=0 retry_gap=0 wait=0 rx=0 rxq=0 rxr=0 ack=0 ch9=0 rf=1 retry=20 interval=380
DBG_ANCHOR_CH5_SCAN_RESCHED ret=1 delay=20
DBG_UWB_TX_CH5
DBG_TX_WAKE_CLAIM_SENT
DBG_UWB_TX_CH5
DBG_TX_WAKE_CLAIM_SENT
DBG_DWM_CH5_RX_HUNT_START acq=3 complete=15 cap=125
DBG_DWM_CH5_RX_HUNT_EMPTY ret=-116 status=0x00000000 acq=3
DBG_ANCHOR_CH5_SCAN_HANDLER role=2
DBG_UWB_TX_CH5
DBG_TX_WAKE_CLAIM_SENT
DBG_ANCHOR_CH5_SCAN_BLOCKED win=0 survey=0 tx=0 retry_gap=0 wait=0 rx=0 rxq=0 rxr=0 ack=0 ch9=0 rf=1 retry=20 interval=380
DBG_ANCHOR_CH5_SCAN_RESCHED ret=1 delay=20
DBG_UWB_TX_CH5
DBG_TX_WAKE_CLAIM_SENT
DBG_UWB_TX_CH5
DBG_TX_WAKE_CLAIM_SENT
DBG_DWM_CH5_RX_HUNT_START acq=3 complete=15 cap=125
DBG_DWM_CH5_RX_HUNT_EMPTY ret=-116 status=0x00000000 acq=3
DBG_ANCHOR_CH5_SCAN_HANDLER role=2
DBG_UWB_TX_CH5
DBG_TX_WAKE_CLAIM_SENT
DBG_ANCHOR_CH5_SCAN_BLOCKED win=0 survey=0 tx=0 retry_gap=0 wait=0 rx=0 rxq=0 rxr=0 ack=0 ch9=0 rf=1 retry=20 interval=380
DBG_ANCHOR_CH5_SCAN_RESCHED ret=1 delay=20
DBG_UWB_TX_CH5
DBG_TX_WAKE_CLAIM_SENT
DBG_UWB_TX_CH5
DBG_TX_WAKE_CLAIM_SENT
DBG_DWM_CH5_RX_HUNT_START acq=3 complete=15 cap=125
DBG_DWM_CH5_RX_HUNT_EMPTY ret=-116 status=0x00000000 acq=3
DBG_ANCHOR_CH5_SCAN_HANDLER role=2
DBG_UWB_TX_CH5
DBG_TX_WAKE_CLAIM_SENT
DBG_ANCHOR_CH5_SCAN_BLOCKED win=0 survey=0 tx=0 retry_gap=0 wait=0 rx=0 rxq=0 rxr=0 ack=0 ch9=0 rf=1 retry=20 interval=380
DBG_ANCHOR_CH5_SCAN_RESCHED ret=1 delay=20
DBG_UWB_TX_CH5
DBG_TX_WAKE_CLAIM_SENT
DBG_UWB_TX_CH5
DBG_TX_WAKE_CLAIM_SENT
DBG_DWM_CH5_RX_HUNT_START acq=3 complete=15 cap=125
DBG_DWM_CH5_RX_HUNT_EMPTY ret=-116 status=0x00000000 acq=3
DBG_ANCHOR_CH5_SCAN_HANDLER role=2
DBG_UWB_TX_CH5
DBG_TX_WAKE_CLAIM_SENT
DBG_ANCHOR_CH5_SCAN_BLOCKED win=0 survey=0 tx=0 retry_gap=0 wait=0 rx=0 rxq=0 rxr=0 ack=0 ch9=0 rf=1 retry=20 interval=380
DBG_ANCHOR_CH5_SCAN_RESCHED ret=1 delay=20
DBG_UWB_TX_CH5
DBG_TX_WAKE_CLAIM_SENT
DBG_UWB_TX_CH5
DBG_TX_WAKE_CLAIM_SENT
DBG_DWM_CH5_RX_HUNT_START acq=3 complete=15 cap=125
DBG_DWM_CH5_RX_HUNT_EMPTY ret=-116 status=0x00000000 acq=3
DBG_ANCHOR_CH5_SCAN_HANDLER role=2
DBG_UWB_TX_CH5
DBG_TX_WAKE_CLAIM_SENT
DBG_ANCHOR_CH5_SCAN_BLOCKED win=0 survey=0 tx=0 retry_gap=0 wait=0 rx=0 rxq=0 rxr=0 ack=0 ch9=0 rf=1 retry=20 interval=380
DBG_ANCHOR_CH5_SCAN_RESCHED ret=1 delay=20
DBG_UWB_TX_CH5
DBG_TX_WAKE_CLAIM_SENT
DBG_UWB_TX_CH5
DBG_TX_WAKE_CLAIM_SENT
DBG_DWM_CH5_RX_HUNT_START acq=3 complete=15 cap=125
DBG_DWM_CH5_RX_HUNT_EMPTY ret=-116 status=0x00000000 acq=3
DBG_ANCHOR_CH5_SCAN_HANDLER role=2
DBG_UWB_TX_CH5
DBG_TX_WAKE_CLAIM_SENT
DBG_ANCHOR_CH5_SCAN_BLOCKED win=0 survey=0 tx=0 retry_gap=0 wait=0 rx=0 rxq=0 rxr=0 ack=0 ch9=0 rf=1 retry=20 interval=380
DBG_ANCHOR_CH5_SCAN_RESCHED ret=1 delay=20
DBG_UWB_TX_CH5
DBG_TX_WAKE_CLAIM_SENT
DBG_UWB_TX_CH5
DBG_TX_WAKE_CLAIM_SENT
DBG_DWM_CH5_RX_HUNT_START acq=3 complete=15 cap=125
DBG_DWM_CH5_RX_HUNT_EMPTY ret=-116 status=0x00000000 acq=3
DBG_ANCHOR_CH5_SCAN_HANDLER role=2
DBG_UWB_TX_CH5
DBG_TX_WAKE_CLAIM_SENT
DBG_ANCHOR_CH5_SCAN_BLOCKED win=0 survey=0 tx=0 retry_gap=0 wait=0 rx=0 rxq=0 rxr=0 ack=0 ch9=0 rf=1 retry=20 interval=380
DBG_ANCHOR_CH5_SCAN_RESCHED ret=1 delay=20
DBG_UWB_TX_CH5
DBG_TX_WAKE_CLAIM_SENT
DBG_UWB_TX_CH5
DBG_TX_WAKE_CLAIM_SENT
DBG_DWM_CH5_RX_HUNT_START acq=3 complete=15 cap=125
DBG_DWM_CH5_RX_HUNT_EMPTY ret=-116 status=0x00000000 acq=3
DBG_ANCHOR_CH5_SCAN_HANDLER role=2
DBG_UWB_TX_CH5
DBG_TX_WAKE_CLAIM_SENT
DBG_ANCHOR_CH5_SCAN_BLOCKED win=0 survey=0 tx=0 retry_gap=0 wait=0 rx=0 rxq=0 rxr=0 ack=0 ch9=0 rf=1 retry=20 interval=380
DBG_ANCHOR_CH5_SCAN_RESCHED ret=1 delay=20
DBG_UWB_TX_CH5
DBG_TX_WAKE_CLAIM_SENT
DBG_UWB_TX_CH5
DBG_TX_WAKE_CLAIM_SENT
DBG_DWM_CH5_RX_HUNT_START acq=3 complete=15 cap=125
DBG_DWM_CH5_RX_HUNT_EMPTY ret=-116 status=0x00000000 acq=3
DBG_ANCHOR_CH5_SCAN_HANDLER role=2
DBG_UWB_TX_CH5
DBG_TX_WAKE_CLAIM_SENT
DBG_ANCHOR_CH5_SCAN_BLOCKED win=0 survey=0 tx=0 retry_gap=0 wait=0 rx=0 rxq=0 rxr=0 ack=0 ch9=0 rf=1 retry=20 interval=380
DBG_ANCHOR_CH5_SCAN_RESCHED ret=1 delay=20
DBG_UWB_TX_CH5
DBG_TX_WAKE_CLAIM_SENT
DBG_UWB_TX_CH5
DBG_TX_WAKE_CLAIM_SENT
DBG_DWM_CH5_RX_HUNT_START acq=3 complete=15 cap=125
DBG_DWM_CH5_RX_HUNT_EMPTY ret=-116 status=0x00000000 acq=3
DBG_ANCHOR_CH5_SCAN_HANDLER role=2
DBG_UWB_TX_CH5
DBG_TX_WAKE_CLAIM_SENT
DBG_ANCHOR_CH5_SCAN_BLOCKED win=0 survey=0 tx=0 retry_gap=0 wait=0 rx=0 rxq=0 rxr=0 ack=0 ch9=0 rf=1 retry=20 interval=380
DBG_ANCHOR_CH5_SCAN_RESCHED ret=1 delay=20
DBG_UWB_TX_CH5
DBG_TX_WAKE_CLAIM_SENT
DBG_UWB_TX_CH5
DBG_TX_WAKE_CLAIM_SENT
DBG_DWM_CH5_RX_HUNT_START acq=3 complete=15 cap=125
DBG_DWM_CH5_RX_HUNT_EMPTY ret=-116 status=0x00000000 acq=3
DBG_ANCHOR_CH5_SCAN_HANDLER role=2
DBG_UWB_TX_CH5
DBG_TX_WAKE_CLAIM_SENT
DBG_ANCHOR_CH5_SCAN_BLOCKED win=0 survey=0 tx=0 retry_gap=0 wait=0 rx=0 rxq=0 rxr=0 ack=0 ch9=0 rf=1 retry=20 interval=380
DBG_ANCHOR_CH5_SCAN_RESCHED ret=1 delay=20
DBG_UWB_TX_CH5
DBG_TX_WAKE_CLAIM_SENT
DBG_UWB_TX_CH5
DBG_TX_WAKE_CLAIM_SENT
DBG_DWM_CH5_RX_HUNT_START acq=3 complete=15 cap=125
DBG_DWM_CH5_RX_HUNT_EMPTY ret=-116 status=0x00000000 acq=3
DBG_ANCHOR_CH5_SCAN_HANDLER role=2
DBG_UWB_TX_CH5
DBG_TX_WAKE_CLAIM_SENT
DBG_ANCHOR_CH5_SCAN_BLOCKED win=0 survey=0 tx=0 retry_gap=0 wait=0 rx=0 rxq=0 rxr=0 ack=0 ch9=0 rf=1 retry=20 interval=380
DBG_ANCHOR_CH5_SCAN_RESCHED ret=1 delay=20
DBG_UWB_TX_CH5
DBG_TX_WAKE_CLAIM_SENT
DBG_UWB_TX_CH5
DBG_TX_WAKE_CLAIM_SENT
DBG_DWM_CH5_RX_HUNT_START acq=3 complete=15 cap=125
DBG_DWM_CH5_RX_HUNT_EMPTY ret=-116 status=0x00000000 acq=3
DBG_ANCHOR_CH5_SCAN_HANDLER role=2
DBG_UWB_TX_CH5
DBG_TX_WAKE_CLAIM_SENT
DBG_ANCHOR_CH5_SCAN_BLOCKED win=0 survey=0 tx=0 retry_gap=0 wait=0 rx=0 rxq=0 rxr=0 ack=0 ch9=0 rf=1 retry=20 interval=380
DBG_ANCHOR_CH5_SCAN_RESCHED ret=1 delay=20
DBG_UWB_TX_CH5
DBG_TX_WAKE_CLAIM_SENT
DBG_UWB_TX_CH5
DBG_TX_WAKE_CLAIM_SENT
DBG_DWM_CH5_RX_HUNT_START acq=3 complete=15 cap=125
DBG_DWM_CH5_RX_HUNT_EMPTY ret=-116 status=0x00000000 acq=3
DBG_ANCHOR_CH5_SCAN_HANDLER role=2
DBG_UWB_TX_CH5
DBG_TX_WAKE_CLAIM_SENT
DBG_ANCHOR_CH5_SCAN_BLOCKED win=0 survey=0 tx=0 retry_gap=0 wait=0 rx=0 rxq=0 rxr=0 ack=0 ch9=0 rf=1 retry=20 interval=380
DBG_ANCHOR_CH5_SCAN_RESCHED ret=1 delay=20
DBG_UWB_TX_CH5
DBG_TX_WAKE_CLAIM_SENT
DBG_UWB_TX_CH5
DBG_TX_WAKE_CLAIM_SENT
DBG_DWM_CH5_RX_HUNT_START acq=3 complete=15 cap=125
DBG_DWM_CH5_RX_HUNT_EMPTY ret=-116 status=0x00000000 acq=3
DBG_ANCHOR_CH5_SCAN_HANDLER role=2
DBG_UWB_TX_CH5
DBG_TX_WAKE_CLAIM_SENT
DBG_ANCHOR_CH5_SCAN_BLOCKED win=0 survey=0 tx=0 retry_gap=0 wait=0 rx=0 rxq=0 rxr=0 ack=0 ch9=0 rf=1 retry=20 interval=380
DBG_ANCHOR_CH5_SCAN_RESCHED ret=1 delay=20
DBG_UWB_TX_CH5
DBG_TX_WAKE_CLAIM_SENT
DBG_UWB_TX_CH5
DBG_TX_WAKE_CLAIM_SENT
DBG_DWM_CH5_RX_HUNT_START acq=3 complete=15 cap=125
DBG_DWM_CH5_RX_HUNT_EMPTY ret=-116 status=0x00000000 acq=3
DBG_ANCHOR_CH5_SCAN_HANDLER role=2
DBG_UWB_TX_CH5
DBG_TX_WAKE_CLAIM_SENT
DBG_ANCHOR_CH5_SCAN_BLOCKED win=0 survey=0 tx=0 retry_gap=0 wait=0 rx=0 rxq=0 rxr=0 ack=0 ch9=0 rf=1 retry=20 interval=380
DBG_ANCHOR_CH5_SCAN_RESCHED ret=1 delay=20
DBG_UWB_TX_CH5
DBG_TX_WAKE_CLAIM_SENT
DBG_UWB_TX_CH5
DBG_TX_WAKE_CLAIM_SENT
DBG_DWM_CH5_RX_HUNT_START acq=3 complete=15 cap=125
DBG_DWM_CH5_RX_HUNT_EMPTY ret=-116 status=0x00000000 acq=3
DBG_ANCHOR_CH5_SCAN_HANDLER role=2
DBG_UWB_TX_CH5
DBG_TX_WAKE_CLAIM_SENT
DBG_ANCHOR_CH5_SCAN_BLOCKED win=0 survey=0 tx=0 retry_gap=0 wait=0 rx=0 rxq=0 rxr=0 ack=0 ch9=0 rf=1 retry=20 interval=380
DBG_ANCHOR_CH5_SCAN_RESCHED ret=1 delay=20
DBG_UWB_TX_CH5
DBG_TX_WAKE_CLAIM_SENT
DBG_ANCHOR_CH5_SCAN_HANDLER role=2
DBG_ANCHOR_CH5_SCAN_BLOCKED win=0 survey=0 tx=0 retry_gap=0 wait=0 rx=0 rxq=0 rxr=0 ack=0 ch9=0 rf=1 retry=20 interval=380
DBG_ANCHOR_CH5_SCAN_RESCHED ret=1 delay=20
DBG_C5_CONTACT phase=closing state=4 peer=0x56da25fe4af6d141 purpose=route_reply reason=replace
DBG_C5_CONTACT phase=open state=2 peer=0x56da25fe4af6d141 purpose=route_solicit reason=route-reply
DBG_C5_CONTACT phase=accepted state=2 peer=0x56da25fe4af6d141 purpose=route_solicit reason=route-reply
DBG_C5_CONTROL_FOLLOWUP_TURNAROUND delay=60 msg=36 reason=route-reply
DBG_ANCHOR_CH5_SCAN_HANDLER role=2
DBG_ANCHOR_CH9_REARM delay=0 ret=1 ack=0
DBG_ANCHOR_CH5_SCAN_BLOCKED win=0 survey=0 tx=0 retry_gap=0 wait=0 rx=0 rxq=0 rxr=0 ack=0 ch9=1 rf=0 retry=245 interval=380
DBG_ANCHOR_CH5_SCAN_RESCHED ret=1 delay=245
DBG_C5_CONTACT phase=closing state=4 peer=0x56da25fe4af6d141 purpose=route_solicit reason=replace
DBG_C5_CONTACT phase=open state=2 peer=0x56da25fe4af6d141 purpose=route_reply reason=route-reply
DBG_C5_CONTACT phase=accepted state=2 peer=0x56da25fe4af6d141 purpose=route_reply reason=route-reply
DBG_C5_CONTACT phase=exchange state=3 peer=0x56da25fe4af6d141 purpose=route_reply reason=route-reply
DBG_DWM_WAKE_MESH_CTRL_OK sfd=4073
DBG_C5_TX_CONFIG ret=0 ext=1 len=203 msg=36 reason=route-reply
DBG_UWB_TX_CH5
DBG_C5_CONTACT phase=exchange state=3 peer=0x56da25fe4af6d141 purpose=route_reply reason=route-reply
DBG_ROUTE_REPLY_TX_REPEAT attempt=1 idx=0 ret=0 sent=1
DBG_C5_CONTACT phase=exchange state=3 peer=0x56da25fe4af6d141 purpose=route_reply reason=route-reply-ack-listen
DBG_ANCHOR_CH5_SCAN_HANDLER role=2
DBG_ANCHOR_CH5_SCAN_BLOCKED win=0 survey=0 tx=0 retry_gap=0 wait=0 rx=0 rxq=0 rxr=0 ack=0 ch9=0 rf=1 retry=20 interval=380
DBG_ANCHOR_CH5_SCAN_RESCHED ret=1 delay=20
DBG_ROUTE_REPLY_ATTEMPT attempt=1 send=0 listen=-116 listened=1
DBG_C5_CONTACT phase=closing state=4 peer=0x56da25fe4af6d141 purpose=route_reply reason=expired
DBG_C5_CONTACT phase=open state=1 peer=0x56da25fe4af6d141 purpose=route_reply reason=route-reply
DBG_WAKE_TRAIN_GUARD_OK
DBG_ANCHOR_CH5_SCAN_HANDLER role=2
DBG_ANCHOR_CH5_SCAN_BLOCKED win=0 survey=0 tx=0 retry_gap=0 wait=0 rx=0 rxq=0 rxr=0 ack=0 ch9=0 rf=1 retry=20 interval=380
DBG_ANCHOR_CH5_SCAN_RESCHED ret=1 delay=20
DBG_ANCHOR_CH5_SCAN_HANDLER role=2
DBG_WAKE_TRAIN_CONFIG_BEGIN
DBG_ANCHOR_CH5_SCAN_BLOCKED win=0 survey=0 tx=0 retry_gap=0 wait=0 rx=0 rxq=0 rxr=0 ack=0 ch9=0 rf=1 retry=20 interval=380
DBG_ANCHOR_CH5_SCAN_RESCHED ret=1 delay=20
DBG_WAKE_TRAIN_CONFIG_OK
DBG_WAKE_TRAIN_FIRST_SEND_BEGIN
DBG_ANCHOR_CH5_SCAN_HANDLER role=2
DBG_WAKE_TRAIN_FIRST_SEND_OK
DBG_UWB_TX_CH5
DBG_TX_WAKE_CLAIM_SENT
DBG_ANCHOR_CH5_SCAN_BLOCKED win=0 survey=0 tx=0 retry_gap=0 wait=0 rx=0 rxq=0 rxr=0 ack=0 ch9=0 rf=1 retry=20 interval=380
DBG_ANCHOR_CH5_SCAN_RESCHED ret=1 delay=20
DBG_UWB_TX_CH5
DBG_TX_WAKE_CLAIM_SENT
DBG_UWB_TX_CH5
DBG_TX_WAKE_CLAIM_SENT
DBG_UWB_TX_CH5
DBG_TX_WAKE_CLAIM_SENT
DBG_DWM_CH5_RX_HUNT_START acq=3 complete=15 cap=125
DBG_ANCHOR_CH5_SCAN_HANDLER role=2
DBG_DWM_CH5_RX_HUNT_EMPTY ret=-116 status=0x00000000 acq=3
DBG_ANCHOR_CH5_SCAN_BLOCKED win=0 survey=0 tx=0 retry_gap=0 wait=0 rx=0 rxq=0 rxr=0 ack=0 ch9=0 rf=1 retry=20 interval=380
DBG_ANCHOR_CH5_SCAN_RESCHED ret=1 delay=20
DBG_UWB_TX_CH5
DBG_TX_WAKE_CLAIM_SENT
DBG_UWB_TX_CH5
DBG_TX_WAKE_CLAIM_SENT
DBG_UWB_TX_CH5
DBG_TX_WAKE_CLAIM_SENT
DBG_DWM_CH5_RX_HUNT_START acq=3 complete=15 cap=125
DBG_ANCHOR_CH5_SCAN_HANDLER role=2
DBG_DWM_CH5_RX_HUNT_EMPTY ret=-116 status=0x00000000 acq=3
DBG_ANCHOR_CH5_SCAN_BLOCKED win=0 survey=0 tx=0 retry_gap=0 wait=0 rx=0 rxq=0 rxr=0 ack=0 ch9=0 rf=1 retry=20 interval=380
DBG_ANCHOR_CH5_SCAN_RESCHED ret=1 delay=20
DBG_UWB_TX_CH5
DBG_TX_WAKE_CLAIM_SENT
DBG_UWB_TX_CH5
DBG_TX_WAKE_CLAIM_SENT
DBG_UWB_TX_CH5
DBG_TX_WAKE_CLAIM_SENT
DBG_DWM_CH5_RX_HUNT_START acq=3 complete=15 cap=125
DBG_ANCHOR_CH5_SCAN_HANDLER role=2
DBG_DWM_CH5_RX_HUNT_EMPTY ret=-116 status=0x00000000 acq=3
DBG_ANCHOR_CH5_SCAN_BLOCKED win=0 survey=0 tx=0 retry_gap=0 wait=0 rx=0 rxq=0 rxr=0 ack=0 ch9=0 rf=1 retry=20 interval=380
DBG_ANCHOR_CH5_SCAN_RESCHED ret=1 delay=20
DBG_UWB_TX_CH5
DBG_TX_WAKE_CLAIM_SENT
DBG_UWB_TX_CH5
DBG_TX_WAKE_CLAIM_SENT
DBG_UWB_TX_CH5
DBG_TX_WAKE_CLAIM_SENT
DBG_DWM_CH5_RX_HUNT_START acq=3 complete=15 cap=125
DBG_ANCHOR_CH5_SCAN_HANDLER role=2
DBG_DWM_CH5_RX_HUNT_EMPTY ret=-116 status=0x00000000 acq=3
DBG_ANCHOR_CH5_SCAN_BLOCKED win=0 survey=0 tx=0 retry_gap=0 wait=0 rx=0 rxq=0 rxr=0 ack=0 ch9=0 rf=1 retry=20 interval=380
DBG_ANCHOR_CH5_SCAN_RESCHED ret=1 delay=20
DBG_UWB_TX_CH5
DBG_TX_WAKE_CLAIM_SENT
DBG_UWB_TX_CH5
DBG_TX_WAKE_CLAIM_SENT
DBG_UWB_TX_CH5
DBG_TX_WAKE_CLAIM_SENT
DBG_DWM_CH5_RX_HUNT_START acq=3 complete=15 cap=125
DBG_ANCHOR_CH5_SCAN_HANDLER role=2
DBG_DWM_CH5_RX_HUNT_EMPTY ret=-116 status=0x00000000 acq=3
DBG_ANCHOR_CH5_SCAN_BLOCKED win=0 survey=0 tx=0 retry_gap=0 wait=0 rx=0 rxq=0 rxr=0 ack=0 ch9=0 rf=1 retry=20 interval=380
DBG_ANCHOR_CH5_SCAN_RESCHED ret=1 delay=20
DBG_UWB_TX_CH5
DBG_TX_WAKE_CLAIM_SENT
DBG_UWB_TX_CH5
DBG_TX_WAKE_CLAIM_SENT
DBG_UWB_TX_CH5
DBG_TX_WAKE_CLAIM_SENT
DBG_DWM_CH5_RX_HUNT_START acq=3 complete=15 cap=125
DBG_ANCHOR_CH5_SCAN_HANDLER role=2
DBG_DWM_CH5_RX_HUNT_EMPTY ret=-116 status=0x00000000 acq=3
DBG_ANCHOR_CH5_SCAN_BLOCKED win=0 survey=0 tx=0 retry_gap=0 wait=0 rx=0 rxq=0 rxr=0 ack=0 ch9=0 rf=1 retry=20 interval=380
DBG_ANCHOR_CH5_SCAN_RESCHED ret=1 delay=20
DBG_UWB_TX_CH5
DBG_TX_WAKE_CLAIM_SENT
DBG_UWB_TX_CH5
DBG_TX_WAKE_CLAIM_SENT
DBG_UWB_TX_CH5
DBG_TX_WAKE_CLAIM_SENT
DBG_DWM_CH5_RX_HUNT_START acq=3 complete=15 cap=125
DBG_ANCHOR_CH5_SCAN_HANDLER role=2
DBG_DWM_CH5_RX_HUNT_EMPTY ret=-116 status=0x00000000 acq=3
DBG_ANCHOR_CH5_SCAN_BLOCKED win=0 survey=0 tx=0 retry_gap=0 wait=0 rx=0 rxq=0 rxr=0 ack=0 ch9=0 rf=1 retry=20 interval=380
DBG_ANCHOR_CH5_SCAN_RESCHED ret=1 delay=20
DBG_UWB_TX_CH5
DBG_TX_WAKE_CLAIM_SENT
DBG_UWB_TX_CH5
DBG_TX_WAKE_CLAIM_SENT
DBG_UWB_TX_CH5
DBG_TX_WAKE_CLAIM_SENT
DBG_DWM_CH5_RX_HUNT_START acq=3 complete=15 cap=125
DBG_ANCHOR_CH5_SCAN_HANDLER role=2
DBG_DWM_CH5_RX_HUNT_EMPTY ret=-116 status=0x00000000 acq=3
DBG_ANCHOR_CH5_SCAN_BLOCKED win=0 survey=0 tx=0 retry_gap=0 wait=0 rx=0 rxq=0 rxr=0 ack=0 ch9=0 rf=1 retry=20 interval=380
DBG_ANCHOR_CH5_SCAN_RESCHED ret=1 delay=20
DBG_UWB_TX_CH5
DBG_TX_WAKE_CLAIM_SENT
DBG_UWB_TX_CH5
DBG_TX_WAKE_CLAIM_SENT
DBG_UWB_TX_CH5
DBG_TX_WAKE_CLAIM_SENT
DBG_DWM_CH5_RX_HUNT_START acq=3 complete=15 cap=125
DBG_ANCHOR_CH5_SCAN_HANDLER role=2
DBG_DWM_CH5_RX_HUNT_EMPTY ret=-116 status=0x00000000 acq=3
DBG_ANCHOR_CH5_SCAN_BLOCKED win=0 survey=0 tx=0 retry_gap=0 wait=0 rx=0 rxq=0 rxr=0 ack=0 ch9=0 rf=1 retry=20 interval=380
DBG_ANCHOR_CH5_SCAN_RESCHED ret=1 delay=20
DBG_UWB_TX_CH5
DBG_TX_WAKE_CLAIM_SENT
DBG_UWB_TX_CH5
DBG_TX_WAKE_CLAIM_SENT
DBG_UWB_TX_CH5
DBG_TX_WAKE_CLAIM_SENT
DBG_DWM_CH5_RX_HUNT_START acq=3 complete=15 cap=125
DBG_ANCHOR_CH5_SCAN_HANDLER role=2
DBG_DWM_CH5_RX_HUNT_EMPTY ret=-116 status=0x00000000 acq=3
DBG_ANCHOR_CH5_SCAN_BLOCKED win=0 survey=0 tx=0 retry_gap=0 wait=0 rx=0 rxq=0 rxr=0 ack=0 ch9=0 rf=1 retry=20 interval=380
DBG_ANCHOR_CH5_SCAN_RESCHED ret=1 delay=20
DBG_UWB_TX_CH5
DBG_TX_WAKE_CLAIM_SENT
DBG_UWB_TX_CH5
DBG_TX_WAKE_CLAIM_SENT
DBG_UWB_TX_CH5
DBG_TX_WAKE_CLAIM_SENT
DBG_DWM_CH5_RX_HUNT_START acq=3 complete=15 cap=125
DBG_ANCHOR_CH5_SCAN_HANDLER role=2
DBG_DWM_CH5_RX_HUNT_EMPTY ret=-116 status=0x00000000 acq=3
DBG_ANCHOR_CH5_SCAN_BLOCKED win=0 survey=0 tx=0 retry_gap=0 wait=0 rx=0 rxq=0 rxr=0 ack=0 ch9=0 rf=1 retry=20 interval=380
DBG_ANCHOR_CH5_SCAN_RESCHED ret=1 delay=20
DBG_UWB_TX_CH5
DBG_TX_WAKE_CLAIM_SENT
DBG_UWB_TX_CH5
DBG_TX_WAKE_CLAIM_SENT
DBG_UWB_TX_CH5
DBG_TX_WAKE_CLAIM_SENT
DBG_DWM_CH5_RX_HUNT_START acq=3 complete=15 cap=125
DBG_ANCHOR_CH5_SCAN_HANDLER role=2
DBG_DWM_CH5_RX_HUNT_EMPTY ret=-116 status=0x00000000 acq=3
DBG_ANCHOR_CH5_SCAN_BLOCKED win=0 survey=0 tx=0 retry_gap=0 wait=0 rx=0 rxq=0 rxr=0 ack=0 ch9=0 rf=1 retry=20 interval=380
DBG_ANCHOR_CH5_SCAN_RESCHED ret=1 delay=20
DBG_UWB_TX_CH5
DBG_TX_WAKE_CLAIM_SENT
DBG_UWB_TX_CH5
DBG_TX_WAKE_CLAIM_SENT
DBG_UWB_TX_CH5
DBG_TX_WAKE_CLAIM_SENT
DBG_DWM_CH5_RX_HUNT_START acq=3 complete=15 cap=125
DBG_ANCHOR_CH5_SCAN_HANDLER role=2
DBG_DWM_CH5_RX_HUNT_EMPTY ret=-116 status=0x00000000 acq=3
DBG_ANCHOR_CH5_SCAN_BLOCKED win=0 survey=0 tx=0 retry_gap=0 wait=0 rx=0 rxq=0 rxr=0 ack=0 ch9=0 rf=1 retry=20 interval=380
DBG_ANCHOR_CH5_SCAN_RESCHED ret=1 delay=20
DBG_UWB_TX_CH5
DBG_TX_WAKE_CLAIM_SENT
DBG_UWB_TX_CH5
DBG_TX_WAKE_CLAIM_SENT
DBG_UWB_TX_CH5
DBG_TX_WAKE_CLAIM_SENT
DBG_DWM_CH5_RX_HUNT_START acq=3 complete=15 cap=125
DBG_ANCHOR_CH5_SCAN_HANDLER role=2
DBG_DWM_CH5_RX_HUNT_EMPTY ret=-116 status=0x00000000 acq=3
DBG_ANCHOR_CH5_SCAN_BLOCKED win=0 survey=0 tx=0 retry_gap=0 wait=0 rx=0 rxq=0 rxr=0 ack=0 ch9=0 rf=1 retry=20 interval=380
DBG_ANCHOR_CH5_SCAN_RESCHED ret=1 delay=20
DBG_UWB_TX_CH5
DBG_TX_WAKE_CLAIM_SENT
DBG_UWB_TX_CH5
DBG_TX_WAKE_CLAIM_SENT
DBG_UWB_TX_CH5
DBG_TX_WAKE_CLAIM_SENT
DBG_DWM_CH5_RX_HUNT_START acq=3 complete=15 cap=125
DBG_ANCHOR_CH5_SCAN_HANDLER role=2
DBG_DWM_CH5_RX_HUNT_EMPTY ret=-116 status=0x00000000 acq=3
DBG_ANCHOR_CH5_SCAN_BLOCKED win=0 survey=0 tx=0 retry_gap=0 wait=0 rx=0 rxq=0 rxr=0 ack=0 ch9=0 rf=1 retry=20 interval=380
DBG_ANCHOR_CH5_SCAN_RESCHED ret=1 delay=20
DBG_UWB_TX_CH5
DBG_TX_WAKE_CLAIM_SENT
DBG_UWB_TX_CH5
DBG_TX_WAKE_CLAIM_SENT
DBG_UWB_TX_CH5
DBG_TX_WAKE_CLAIM_SENT
DBG_DWM_CH5_RX_HUNT_START acq=3 complete=15 cap=125
DBG_ANCHOR_CH5_SCAN_HANDLER role=2
DBG_DWM_CH5_RX_HUNT_EMPTY ret=-116 status=0x00000000 acq=3
DBG_ANCHOR_CH5_SCAN_BLOCKED win=0 survey=0 tx=0 retry_gap=0 wait=0 rx=0 rxq=0 rxr=0 ack=0 ch9=0 rf=1 retry=20 interval=380
DBG_ANCHOR_CH5_SCAN_RESCHED ret=1 delay=20
DBG_UWB_TX_CH5
DBG_TX_WAKE_CLAIM_SENT
DBG_UWB_TX_CH5
DBG_TX_WAKE_CLAIM_SENT
DBG_UWB_TX_CH5
DBG_TX_WAKE_CLAIM_SENT
DBG_DWM_CH5_RX_HUNT_START acq=3 complete=15 cap=125
DBG_ANCHOR_CH5_SCAN_HANDLER role=2
DBG_DWM_CH5_RX_HUNT_EMPTY ret=-116 status=0x00000000 acq=3
DBG_ANCHOR_CH5_SCAN_BLOCKED win=0 survey=0 tx=0 retry_gap=0 wait=0 rx=0 rxq=0 rxr=0 ack=0 ch9=0 rf=1 retry=20 interval=380
DBG_ANCHOR_CH5_SCAN_RESCHED ret=1 delay=20
DBG_UWB_TX_CH5
DBG_TX_WAKE_CLAIM_SENT
DBG_ANCHOR_CH5_SCAN_HANDLER role=2
DBG_ANCHOR_CH5_SCAN_BLOCKED win=0 survey=0 tx=0 retry_gap=0 wait=0 rx=0 rxq=0 rxr=0 ack=0 ch9=0 rf=1 retry=20 interval=380
DBG_ANCHOR_CH5_SCAN_RESCHED ret=1 delay=20
DBG_C5_CONTACT phase=closing state=4 peer=0x56da25fe4af6d141 purpose=route_reply reason=replace
DBG_C5_CONTACT phase=open state=2 peer=0x56da25fe4af6d141 purpose=route_solicit reason=route-reply
DBG_C5_CONTACT phase=accepted state=2 peer=0x56da25fe4af6d141 purpose=route_solicit reason=route-reply
DBG_C5_CONTROL_FOLLOWUP_TURNAROUND delay=60 msg=36 reason=route-reply
DBG_ANCHOR_CH5_SCAN_HANDLER role=2
DBG_ANCHOR_CH9_REARM delay=0 ret=1 ack=0
DBG_ANCHOR_CH5_SCAN_BLOCKED win=0 survey=0 tx=0 retry_gap=0 wait=0 rx=0 rxq=0 rxr=0 ack=0 ch9=1 rf=0 retry=245 interval=380
DBG_ANCHOR_CH5_SCAN_RESCHED ret=1 delay=245
DBG_C5_CONTACT phase=closing state=4 peer=0x56da25fe4af6d141 purpose=route_solicit reason=replace
DBG_C5_CONTACT phase=open state=2 peer=0x56da25fe4af6d141 purpose=route_reply reason=route-reply
DBG_C5_CONTACT phase=accepted state=2 peer=0x56da25fe4af6d141 purpose=route_reply reason=route-reply
DBG_C5_CONTACT phase=exchange state=3 peer=0x56da25fe4af6d141 purpose=route_reply reason=route-reply
DBG_DWM_WAKE_MESH_CTRL_OK sfd=4073
DBG_C5_TX_CONFIG ret=0 ext=1 len=203 msg=36 reason=route-reply
DBG_UWB_TX_CH5
DBG_C5_CONTACT phase=exchange state=3 peer=0x56da25fe4af6d141 purpose=route_reply reason=route-reply
DBG_ROUTE_REPLY_TX_REPEAT attempt=2 idx=0 ret=0 sent=1
DBG_C5_CONTACT phase=exchange state=3 peer=0x56da25fe4af6d141 purpose=route_reply reason=route-reply-ack-listen
DBG_ANCHOR_CH5_SCAN_HANDLER role=2
DBG_ANCHOR_CH5_SCAN_BLOCKED win=0 survey=0 tx=0 retry_gap=0 wait=0 rx=0 rxq=0 rxr=0 ack=0 ch9=0 rf=1 retry=20 interval=380
DBG_ANCHOR_CH5_SCAN_RESCHED ret=1 delay=20
DBG_ROUTE_REPLY_ATTEMPT attempt=2 send=0 listen=-116 listened=1
DBG_C5_CONTACT phase=closing state=4 peer=0x56da25fe4af6d141 purpose=route_reply reason=expired
DBG_C5_CONTACT phase=open state=1 peer=0x56da25fe4af6d141 purpose=route_reply reason=route-reply
DBG_WAKE_TRAIN_GUARD_OK
DBG_ANCHOR_CH5_SCAN_HANDLER role=2
DBG_ANCHOR_CH5_SCAN_BLOCKED win=0 survey=0 tx=0 retry_gap=0 wait=0 rx=0 rxq=0 rxr=0 ack=0 ch9=0 rf=1 retry=20 interval=380
DBG_ANCHOR_CH5_SCAN_RESCHED ret=1 delay=20
DBG_ANCHOR_CH5_SCAN_HANDLER role=2
DBG_WAKE_TRAIN_CONFIG_BEGIN
DBG_ANCHOR_CH5_SCAN_BLOCKED win=0 survey=0 tx=0 retry_gap=0 wait=0 rx=0 rxq=0 rxr=0 ack=0 ch9=0 rf=1 retry=20 interval=380
DBG_ANCHOR_CH5_SCAN_RESCHED ret=1 delay=20
DBG_WAKE_TRAIN_CONFIG_OK
DBG_WAKE_TRAIN_FIRST_SEND_BEGIN
DBG_ANCHOR_CH5_SCAN_HANDLER role=2
DBG_WAKE_TRAIN_FIRST_SEND_OK
DBG_UWB_TX_CH5
DBG_TX_WAKE_CLAIM_SENT
DBG_ANCHOR_CH5_SCAN_BLOCKED win=0 survey=0 tx=0 retry_gap=0 wait=0 rx=0 rxq=0 rxr=0 ack=0 ch9=0 rf=1 retry=20 interval=380
DBG_ANCHOR_CH5_SCAN_RESCHED ret=1 delay=20
DBG_UWB_TX_CH5
DBG_TX_WAKE_CLAIM_SENT
DBG_UWB_TX_CH5
DBG_TX_WAKE_CLAIM_SENT
DBG_UWB_TX_CH5
DBG_TX_WAKE_CLAIM_SENT
DBG_DWM_CH5_RX_HUNT_START acq=3 complete=15 cap=125
DBG_ANCHOR_CH5_SCAN_HANDLER role=2
DBG_DWM_CH5_RX_HUNT_EMPTY ret=-116 status=0x00000000 acq=3
DBG_ANCHOR_CH5_SCAN_BLOCKED win=0 survey=0 tx=0 retry_gap=0 wait=0 rx=0 rxq=0 rxr=0 ack=0 ch9=0 rf=1 retry=20 interval=380
DBG_ANCHOR_CH5_SCAN_RESCHED ret=1 delay=20
DBG_UWB_TX_CH5
DBG_TX_WAKE_CLAIM_SENT
DBG_UWB_TX_CH5
DBG_TX_WAKE_CLAIM_SENT
DBG_UWB_TX_CH5
DBG_TX_WAKE_CLAIM_SENT
DBG_DWM_CH5_RX_HUNT_START acq=3 complete=15 cap=125
DBG_ANCHOR_CH5_SCAN_HANDLER role=2
DBG_DWM_CH5_RX_HUNT_EMPTY ret=-116 status=0x00000000 acq=3
DBG_ANCHOR_CH5_SCAN_BLOCKED win=0 survey=0 tx=0 retry_gap=0 wait=0 rx=0 rxq=0 rxr=0 ack=0 ch9=0 rf=1 retry=20 interval=380
DBG_ANCHOR_CH5_SCAN_RESCHED ret=1 delay=20
DBG_UWB_TX_CH5
DBG_TX_WAKE_CLAIM_SENT
DBG_UWB_TX_CH5
DBG_TX_WAKE_CLAIM_SENT
DBG_UWB_TX_CH5
DBG_TX_WAKE_CLAIM_SENT
DBG_DWM_CH5_RX_HUNT_START acq=3 complete=15 cap=125
DBG_ANCHOR_CH5_SCAN_HANDLER role=2
DBG_DWM_CH5_RX_HUNT_EMPTY ret=-116 status=0x00000000 acq=3
DBG_ANCHOR_CH5_SCAN_BLOCKED win=0 survey=0 tx=0 retry_gap=0 wait=0 rx=0 rxq=0 rxr=0 ack=0 ch9=0 rf=1 retry=20 interval=380
DBG_ANCHOR_CH5_SCAN_RESCHED ret=1 delay=20
DBG_UWB_TX_CH5
DBG_TX_WAKE_CLAIM_SENT
DBG_UWB_TX_CH5
DBG_TX_WAKE_CLAIM_SENT
DBG_UWB_TX_CH5
DBG_TX_WAKE_CLAIM_SENT
DBG_DWM_CH5_RX_HUNT_START acq=3 complete=15 cap=125
DBG_ANCHOR_CH5_SCAN_HANDLER role=2
DBG_DWM_CH5_RX_HUNT_EMPTY ret=-116 status=0x00000000 acq=3
DBG_ANCHOR_CH5_SCAN_BLOCKED win=0 survey=0 tx=0 retry_gap=0 wait=0 rx=0 rxq=0 rxr=0 ack=0 ch9=0 rf=1 retry=20 interval=380
DBG_ANCHOR_CH5_SCAN_RESCHED ret=1 delay=20
DBG_UWB_TX_CH5
DBG_TX_WAKE_CLAIM_SENT
DBG_UWB_TX_CH5
DBG_TX_WAKE_CLAIM_SENT
DBG_UWB_TX_CH5
DBG_TX_WAKE_CLAIM_SENT
DBG_DWM_CH5_RX_HUNT_START acq=3 complete=15 cap=125
DBG_ANCHOR_CH5_SCAN_HANDLER role=2
DBG_DWM_CH5_RX_HUNT_EMPTY ret=-116 status=0x00000000 acq=3
DBG_ANCHOR_CH5_SCAN_BLOCKED win=0 survey=0 tx=0 retry_gap=0 wait=0 rx=0 rxq=0 rxr=0 ack=0 ch9=0 rf=1 retry=20 interval=380
DBG_ANCHOR_CH5_SCAN_RESCHED ret=1 delay=20
DBG_UWB_TX_CH5
DBG_TX_WAKE_CLAIM_SENT
DBG_UWB_TX_CH5
DBG_TX_WAKE_CLAIM_SENT
DBG_UWB_TX_CH5
DBG_TX_WAKE_CLAIM_SENT
DBG_DWM_CH5_RX_HUNT_START acq=3 complete=15 cap=125
DBG_ANCHOR_CH5_SCAN_HANDLER role=2
DBG_DWM_CH5_RX_HUNT_EMPTY ret=-116 status=0x00000000 acq=3
DBG_ANCHOR_CH5_SCAN_BLOCKED win=0 survey=0 tx=0 retry_gap=0 wait=0 rx=0 rxq=0 rxr=0 ack=0 ch9=0 rf=1 retry=20 interval=380
DBG_ANCHOR_CH5_SCAN_RESCHED ret=1 delay=20
DBG_UWB_TX_CH5
DBG_TX_WAKE_CLAIM_SENT
DBG_UWB_TX_CH5
DBG_TX_WAKE_CLAIM_SENT
DBG_UWB_TX_CH5
DBG_TX_WAKE_CLAIM_SENT
DBG_DWM_CH5_RX_HUNT_START acq=3 complete=15 cap=125
DBG_ANCHOR_CH5_SCAN_HANDLER role=2
DBG_DWM_CH5_RX_HUNT_EMPTY ret=-116 status=0x00000000 acq=3
DBG_ANCHOR_CH5_SCAN_BLOCKED win=0 survey=0 tx=0 retry_gap=0 wait=0 rx=0 rxq=0 rxr=0 ack=0 ch9=0 rf=1 retry=20 interval=380
DBG_ANCHOR_CH5_SCAN_RESCHED ret=1 delay=20
DBG_UWB_TX_CH5
DBG_TX_WAKE_CLAIM_SENT
DBG_UWB_TX_CH5
DBG_TX_WAKE_CLAIM_SENT
DBG_UWB_TX_CH5
DBG_TX_WAKE_CLAIM_SENT
DBG_DWM_CH5_RX_HUNT_START acq=3 complete=15 cap=125
DBG_ANCHOR_CH5_SCAN_HANDLER role=2
DBG_DWM_CH5_RX_HUNT_EMPTY ret=-116 status=0x00000000 acq=3
DBG_ANCHOR_CH5_SCAN_BLOCKED win=0 survey=0 tx=0 retry_gap=0 wait=0 rx=0 rxq=0 rxr=0 ack=0 ch9=0 rf=1 retry=20 interval=380
DBG_ANCHOR_CH5_SCAN_RESCHED ret=1 delay=20
DBG_UWB_TX_CH5
DBG_TX_WAKE_CLAIM_SENT
DBG_UWB_TX_CH5
DBG_TX_WAKE_CLAIM_SENT
DBG_UWB_TX_CH5
DBG_TX_WAKE_CLAIM_SENT
DBG_DWM_CH5_RX_HUNT_START acq=3 complete=15 cap=125
DBG_ANCHOR_CH5_SCAN_HANDLER role=2
DBG_DWM_CH5_RX_HUNT_EMPTY ret=-116 status=0x00000000 acq=3
DBG_ANCHOR_CH5_SCAN_BLOCKED win=0 survey=0 tx=0 retry_gap=0 wait=0 rx=0 rxq=0 rxr=0 ack=0 ch9=0 rf=1 retry=20 interval=380
DBG_ANCHOR_CH5_SCAN_RESCHED ret=1 delay=20
DBG_UWB_TX_CH5
DBG_TX_WAKE_CLAIM_SENT
DBG_UWB_TX_CH5
DBG_TX_WAKE_CLAIM_SENT
DBG_UWB_TX_CH5
DBG_TX_WAKE_CLAIM_SENT
DBG_DWM_CH5_RX_HUNT_START acq=3 complete=15 cap=125
DBG_ANCHOR_CH5_SCAN_HANDLER role=2
DBG_DWM_CH5_RX_HUNT_EMPTY ret=-116 status=0x00000000 acq=3
DBG_ANCHOR_CH5_SCAN_BLOCKED win=0 survey=0 tx=0 retry_gap=0 wait=0 rx=0 rxq=0 rxr=0 ack=0 ch9=0 rf=1 retry=20 interval=380
DBG_ANCHOR_CH5_SCAN_RESCHED ret=1 delay=20
DBG_UWB_TX_CH5
DBG_TX_WAKE_CLAIM_SENT
DBG_UWB_TX_CH5
DBG_TX_WAKE_CLAIM_SENT
DBG_UWB_TX_CH5
DBG_TX_WAKE_CLAIM_SENT
DBG_DWM_CH5_RX_HUNT_START acq=3 complete=15 cap=125
DBG_ANCHOR_CH5_SCAN_HANDLER role=2
DBG_DWM_CH5_RX_HUNT_EMPTY ret=-116 status=0x00000000 acq=3
DBG_ANCHOR_CH5_SCAN_BLOCKED win=0 survey=0 tx=0 retry_gap=0 wait=0 rx=0 rxq=0 rxr=0 ack=0 ch9=0 rf=1 retry=20 interval=380
DBG_ANCHOR_CH5_SCAN_RESCHED ret=1 delay=20
DBG_UWB_TX_CH5
DBG_TX_WAKE_CLAIM_SENT
DBG_UWB_TX_CH5
DBG_TX_WAKE_CLAIM_SENT
DBG_UWB_TX_CH5
DBG_TX_WAKE_CLAIM_SENT
DBG_DWM_CH5_RX_HUNT_START acq=3 complete=15 cap=125
DBG_ANCHOR_CH5_SCAN_HANDLER role=2
DBG_DWM_CH5_RX_HUNT_EMPTY ret=-116 status=0x00000000 acq=3
DBG_ANCHOR_CH5_SCAN_BLOCKED win=0 survey=0 tx=0 retry_gap=0 wait=0 rx=0 rxq=0 rxr=0 ack=0 ch9=0 rf=1 retry=20 interval=380
DBG_ANCHOR_CH5_SCAN_RESCHED ret=1 delay=20
DBG_UWB_TX_CH5
DBG_TX_WAKE_CLAIM_SENT
DBG_UWB_TX_CH5
DBG_TX_WAKE_CLAIM_SENT
DBG_UWB_TX_CH5
DBG_TX_WAKE_CLAIM_SENT
DBG_DWM_CH5_RX_HUNT_START acq=3 complete=15 cap=125
DBG_ANCHOR_CH5_SCAN_HANDLER role=2
DBG_DWM_CH5_RX_HUNT_EMPTY ret=-116 status=0x00000000 acq=3
DBG_ANCHOR_CH5_SCAN_BLOCKED win=0 survey=0 tx=0 retry_gap=0 wait=0 rx=0 rxq=0 rxr=0 ack=0 ch9=0 rf=1 retry=20 interval=380
DBG_ANCHOR_CH5_SCAN_RESCHED ret=1 delay=20
DBG_UWB_TX_CH5
DBG_TX_WAKE_CLAIM_SENT
DBG_UWB_TX_CH5
DBG_TX_WAKE_CLAIM_SENT
DBG_UWB_TX_CH5
DBG_TX_WAKE_CLAIM_SENT
DBG_DWM_CH5_RX_HUNT_START acq=3 complete=15 cap=125
DBG_ANCHOR_CH5_SCAN_HANDLER role=2
DBG_DWM_CH5_RX_HUNT_EMPTY ret=-116 status=0x00000000 acq=3
DBG_ANCHOR_CH5_SCAN_BLOCKED win=0 survey=0 tx=0 retry_gap=0 wait=0 rx=0 rxq=0 rxr=0 ack=0 ch9=0 rf=1 retry=20 interval=380
DBG_ANCHOR_CH5_SCAN_RESCHED ret=1 delay=20
DBG_UWB_TX_CH5
DBG_TX_WAKE_CLAIM_SENT
DBG_UWB_TX_CH5
DBG_TX_WAKE_CLAIM_SENT
DBG_UWB_TX_CH5
DBG_TX_WAKE_CLAIM_SENT
DBG_DWM_CH5_RX_HUNT_START acq=3 complete=15 cap=125
DBG_ANCHOR_CH5_SCAN_HANDLER role=2
DBG_DWM_CH5_RX_HUNT_EMPTY ret=-116 status=0x00000000 acq=3
DBG_ANCHOR_CH5_SCAN_BLOCKED win=0 survey=0 tx=0 retry_gap=0 wait=0 rx=0 rxq=0 rxr=0 ack=0 ch9=0 rf=1 retry=20 interval=380
DBG_ANCHOR_CH5_SCAN_RESCHED ret=1 delay=20
DBG_UWB_TX_CH5
DBG_TX_WAKE_CLAIM_SENT
DBG_UWB_TX_CH5
DBG_TX_WAKE_CLAIM_SENT
DBG_UWB_TX_CH5
DBG_TX_WAKE_CLAIM_SENT
DBG_DWM_CH5_RX_HUNT_START acq=3 complete=15 cap=125
DBG_ANCHOR_CH5_SCAN_HANDLER role=2
DBG_DWM_CH5_RX_HUNT_EMPTY ret=-116 status=0x00000000 acq=3
DBG_ANCHOR_CH5_SCAN_BLOCKED win=0 survey=0 tx=0 retry_gap=0 wait=0 rx=0 rxq=0 rxr=0 ack=0 ch9=0 rf=1 retry=20 interval=380
DBG_ANCHOR_CH5_SCAN_RESCHED ret=1 delay=20
DBG_UWB_TX_CH5
DBG_TX_WAKE_CLAIM_SENT
DBG_UWB_TX_CH5
DBG_TX_WAKE_CLAIM_SENT
DBG_UWB_TX_CH5
DBG_TX_WAKE_CLAIM_SENT
DBG_DWM_CH5_RX_HUNT_START acq=3 complete=15 cap=125
DBG_ANCHOR_CH5_SCAN_HANDLER role=2
DBG_DWM_CH5_RX_HUNT_EMPTY ret=-116 status=0x00000000 acq=3
DBG_ANCHOR_CH5_SCAN_BLOCKED win=0 survey=0 tx=0 retry_gap=0 wait=0 rx=0 rxq=0 rxr=0 ack=0 ch9=0 rf=1 retry=20 interval=380
DBG_ANCHOR_CH5_SCAN_RESCHED ret=1 delay=20
DBG_UWB_TX_CH5
DBG_TX_WAKE_CLAIM_SENT
DBG_ANCHOR_CH5_SCAN_HANDLER role=2
DBG_ANCHOR_CH5_SCAN_BLOCKED win=0 survey=0 tx=0 retry_gap=0 wait=0 rx=0 rxq=0 rxr=0 ack=0 ch9=0 rf=1 retry=20 interval=380
DBG_ANCHOR_CH5_SCAN_RESCHED ret=1 delay=20
DBG_C5_CONTACT phase=closing state=4 peer=0x56da25fe4af6d141 purpose=route_reply reason=replace
DBG_C5_CONTACT phase=open state=2 peer=0x56da25fe4af6d141 purpose=route_solicit reason=route-reply
DBG_C5_CONTACT phase=accepted state=2 peer=0x56da25fe4af6d141 purpose=route_solicit reason=route-reply
DBG_C5_CONTROL_FOLLOWUP_TURNAROUND delay=60 msg=36 reason=route-reply
DBG_ANCHOR_CH5_SCAN_HANDLER role=2
DBG_ANCHOR_CH9_REARM delay=0 ret=1 ack=0
DBG_ANCHOR_CH5_SCAN_BLOCKED win=0 survey=0 tx=0 retry_gap=0 wait=0 rx=0 rxq=0 rxr=0 ack=0 ch9=1 rf=0 retry=245 interval=380
DBG_ANCHOR_CH5_SCAN_RESCHED ret=1 delay=245
DBG_C5_CONTACT phase=closing state=4 peer=0x56da25fe4af6d141 purpose=route_solicit reason=replace
DBG_C5_CONTACT phase=open state=2 peer=0x56da25fe4af6d141 purpose=route_reply reason=route-reply
DBG_C5_CONTACT phase=accepted state=2 peer=0x56da25fe4af6d141 purpose=route_reply reason=route-reply
DBG_C5_CONTACT phase=exchange state=3 peer=0x56da25fe4af6d141 purpose=route_reply reason=route-reply
DBG_DWM_WAKE_MESH_CTRL_OK sfd=4073
DBG_C5_TX_CONFIG ret=0 ext=1 len=203 msg=36 reason=route-reply
DBG_UWB_TX_CH5
DBG_C5_CONTACT phase=exchange state=3 peer=0x56da25fe4af6d141 purpose=route_reply reason=route-reply
DBG_ROUTE_REPLY_TX_REPEAT attempt=3 idx=0 ret=0 sent=1
DBG_C5_CONTACT phase=exchange state=3 peer=0x56da25fe4af6d141 purpose=route_reply reason=route-reply-ack-listen
DBG_ANCHOR_CH5_SCAN_HANDLER role=2
DBG_ANCHOR_CH5_SCAN_BLOCKED win=0 survey=0 tx=0 retry_gap=0 wait=0 rx=0 rxq=0 rxr=0 ack=0 ch9=0 rf=1 retry=20 interval=380
DBG_ANCHOR_CH5_SCAN_RESCHED ret=1 delay=20
DBG_ROUTE_REPLY_ATTEMPT attempt=3 send=0 listen=-116 listened=1
DBG_C5_CONTACT phase=closing state=4 peer=0x56da25fe4af6d141 purpose=route_reply reason=expired
DBG_C5_CONTACT phase=open state=1 peer=0x56da25fe4af6d141 purpose=route_reply reason=route-reply
DBG_WAKE_TRAIN_GUARD_OK
DBG_ANCHOR_CH5_SCAN_HANDLER role=2
DBG_ANCHOR_CH5_SCAN_BLOCKED win=0 survey=0 tx=0 retry_gap=0 wait=0 rx=0 rxq=0 rxr=0 ack=0 ch9=0 rf=1 retry=20 interval=380
DBG_ANCHOR_CH5_SCAN_RESCHED ret=1 delay=20
DBG_ANCHOR_CH5_SCAN_HANDLER role=2
DBG_WAKE_TRAIN_CONFIG_BEGIN
DBG_ANCHOR_CH5_SCAN_BLOCKED win=0 survey=0 tx=0 retry_gap=0 wait=0 rx=0 rxq=0 rxr=0 ack=0 ch9=0 rf=1 retry=20 interval=380
DBG_ANCHOR_CH5_SCAN_RESCHED ret=1 delay=20
DBG_WAKE_TRAIN_CONFIG_OK
DBG_WAKE_TRAIN_FIRST_SEND_BEGIN
DBG_ANCHOR_CH5_SCAN_HANDLER role=2
DBG_WAKE_TRAIN_FIRST_SEND_OK
DBG_UWB_TX_CH5
DBG_TX_WAKE_CLAIM_SENT
DBG_ANCHOR_CH5_SCAN_BLOCKED win=0 survey=0 tx=0 retry_gap=0 wait=0 rx=0 rxq=0 rxr=0 ack=0 ch9=0 rf=1 retry=20 interval=380
DBG_ANCHOR_CH5_SCAN_RESCHED ret=1 delay=20
DBG_UWB_TX_CH5
DBG_TX_WAKE_CLAIM_SENT
DBG_UWB_TX_CH5
DBG_TX_WAKE_CLAIM_SENT
DBG_DWM_CH5_RX_HUNT_START acq=3 complete=15 cap=125
DBG_DWM_CH5_RX_HUNT_EMPTY ret=-116 status=0x00000000 acq=3
DBG_ANCHOR_CH5_SCAN_HANDLER role=2
DBG_UWB_TX_CH5
DBG_TX_WAKE_CLAIM_SENT
DBG_ANCHOR_CH5_SCAN_BLOCKED win=0 survey=0 tx=0 retry_gap=0 wait=0 rx=0 rxq=0 rxr=0 ack=0 ch9=0 rf=1 retry=20 interval=380
DBG_ANCHOR_CH5_SCAN_RESCHED ret=1 delay=20
DBG_UWB_TX_CH5
DBG_TX_WAKE_CLAIM_SENT
DBG_UWB_TX_CH5
DBG_TX_WAKE_CLAIM_SENT
DBG_DWM_CH5_RX_HUNT_START acq=3 complete=15 cap=125
DBG_DWM_CH5_RX_HUNT_EMPTY ret=-116 status=0x00000000 acq=3
DBG_ANCHOR_CH5_SCAN_HANDLER role=2
DBG_UWB_TX_CH5
DBG_TX_WAKE_CLAIM_SENT
DBG_ANCHOR_CH5_SCAN_BLOCKED win=0 survey=0 tx=0 retry_gap=0 wait=0 rx=0 rxq=0 rxr=0 ack=0 ch9=0 rf=1 retry=20 interval=380
DBG_ANCHOR_CH5_SCAN_RESCHED ret=1 delay=20
DBG_UWB_TX_CH5
DBG_TX_WAKE_CLAIM_SENT
DBG_UWB_TX_CH5
DBG_TX_WAKE_CLAIM_SENT
DBG_DWM_CH5_RX_HUNT_START acq=3 complete=15 cap=125
DBG_DWM_CH5_RX_HUNT_EMPTY ret=-116 status=0x00000000 acq=3
DBG_ANCHOR_CH5_SCAN_HANDLER role=2
DBG_UWB_TX_CH5
DBG_TX_WAKE_CLAIM_SENT
DBG_ANCHOR_CH5_SCAN_BLOCKED win=0 survey=0 tx=0 retry_gap=0 wait=0 rx=0 rxq=0 rxr=0 ack=0 ch9=0 rf=1 retry=20 interval=380
DBG_ANCHOR_CH5_SCAN_RESCHED ret=1 delay=20
DBG_UWB_TX_CH5
DBG_TX_WAKE_CLAIM_SENT
DBG_UWB_TX_CH5
DBG_TX_WAKE_CLAIM_SENT
DBG_DWM_CH5_RX_HUNT_START acq=3 complete=15 cap=125
DBG_DWM_CH5_RX_HUNT_EMPTY ret=-116 status=0x00000000 acq=3
DBG_ANCHOR_CH5_SCAN_HANDLER role=2
DBG_UWB_TX_CH5
DBG_TX_WAKE_CLAIM_SENT
DBG_ANCHOR_CH5_SCAN_BLOCKED win=0 survey=0 tx=0 retry_gap=0 wait=0 rx=0 rxq=0 rxr=0 ack=0 ch9=0 rf=1 retry=20 interval=380
DBG_ANCHOR_CH5_SCAN_RESCHED ret=1 delay=20
DBG_UWB_TX_CH5
DBG_TX_WAKE_CLAIM_SENT
DBG_UWB_TX_CH5
DBG_TX_WAKE_CLAIM_SENT
DBG_DWM_CH5_RX_HUNT_START acq=3 complete=15 cap=125
DBG_DWM_CH5_RX_HUNT_EMPTY ret=-116 status=0x00000000 acq=3
DBG_ANCHOR_CH5_SCAN_HANDLER role=2
DBG_UWB_TX_CH5
DBG_TX_WAKE_CLAIM_SENT
DBG_ANCHOR_CH5_SCAN_BLOCKED win=0 survey=0 tx=0 retry_gap=0 wait=0 rx=0 rxq=0 rxr=0 ack=0 ch9=0 rf=1 retry=20 interval=380
DBG_ANCHOR_CH5_SCAN_RESCHED ret=1 delay=20
DBG_UWB_TX_CH5
DBG_TX_WAKE_CLAIM_SENT
DBG_UWB_TX_CH5
DBG_TX_WAKE_CLAIM_SENT
DBG_DWM_CH5_RX_HUNT_START acq=3 complete=15 cap=125
DBG_DWM_CH5_RX_HUNT_EMPTY ret=-116 status=0x00000000 acq=3
DBG_ANCHOR_CH5_SCAN_HANDLER role=2
DBG_UWB_TX_CH5
DBG_TX_WAKE_CLAIM_SENT
DBG_ANCHOR_CH5_SCAN_BLOCKED win=0 survey=0 tx=0 retry_gap=0 wait=0 rx=0 rxq=0 rxr=0 ack=0 ch9=0 rf=1 retry=20 interval=380
DBG_ANCHOR_CH5_SCAN_RESCHED ret=1 delay=20
DBG_UWB_TX_CH5
DBG_TX_WAKE_CLAIM_SENT
DBG_UWB_TX_CH5
DBG_TX_WAKE_CLAIM_SENT
DBG_DWM_CH5_RX_HUNT_START acq=3 complete=15 cap=125
DBG_DWM_CH5_RX_HUNT_EMPTY ret=-116 status=0x00000000 acq=3
DBG_ANCHOR_CH5_SCAN_HANDLER role=2
DBG_UWB_TX_CH5
DBG_TX_WAKE_CLAIM_SENT
DBG_ANCHOR_CH5_SCAN_BLOCKED win=0 survey=0 tx=0 retry_gap=0 wait=0 rx=0 rxq=0 rxr=0 ack=0 ch9=0 rf=1 retry=20 interval=380
DBG_ANCHOR_CH5_SCAN_RESCHED ret=1 delay=20
DBG_UWB_TX_CH5
DBG_TX_WAKE_CLAIM_SENT
DBG_UWB_TX_CH5
DBG_TX_WAKE_CLAIM_SENT
DBG_DWM_CH5_RX_HUNT_START acq=3 complete=15 cap=125
DBG_DWM_CH5_RX_HUNT_EMPTY ret=-116 status=0x00000000 acq=3
DBG_ANCHOR_CH5_SCAN_HANDLER role=2
DBG_UWB_TX_CH5
DBG_TX_WAKE_CLAIM_SENT
DBG_ANCHOR_CH5_SCAN_BLOCKED win=0 survey=0 tx=0 retry_gap=0 wait=0 rx=0 rxq=0 rxr=0 ack=0 ch9=0 rf=1 retry=20 interval=380
DBG_ANCHOR_CH5_SCAN_RESCHED ret=1 delay=20
DBG_UWB_TX_CH5
DBG_TX_WAKE_CLAIM_SENT
DBG_UWB_TX_CH5
DBG_TX_WAKE_CLAIM_SENT
DBG_DWM_CH5_RX_HUNT_START acq=3 complete=15 cap=125
DBG_DWM_CH5_RX_HUNT_EMPTY ret=-116 status=0x00000000 acq=3
DBG_ANCHOR_CH5_SCAN_HANDLER role=2
DBG_UWB_TX_CH5
DBG_TX_WAKE_CLAIM_SENT
DBG_ANCHOR_CH5_SCAN_BLOCKED win=0 survey=0 tx=0 retry_gap=0 wait=0 rx=0 rxq=0 rxr=0 ack=0 ch9=0 rf=1 retry=20 interval=380
DBG_ANCHOR_CH5_SCAN_RESCHED ret=1 delay=20
DBG_UWB_TX_CH5
DBG_TX_WAKE_CLAIM_SENT
DBG_UWB_TX_CH5
DBG_TX_WAKE_CLAIM_SENT
DBG_DWM_CH5_RX_HUNT_START acq=3 complete=15 cap=125
DBG_DWM_CH5_RX_HUNT_EMPTY ret=-116 status=0x00000000 acq=3
DBG_ANCHOR_CH5_SCAN_HANDLER role=2
DBG_UWB_TX_CH5
DBG_TX_WAKE_CLAIM_SENT
DBG_ANCHOR_CH5_SCAN_BLOCKED win=0 survey=0 tx=0 retry_gap=0 wait=0 rx=0 rxq=0 rxr=0 ack=0 ch9=0 rf=1 retry=20 interval=380
DBG_ANCHOR_CH5_SCAN_RESCHED ret=1 delay=20
DBG_UWB_TX_CH5
DBG_TX_WAKE_CLAIM_SENT
DBG_UWB_TX_CH5
DBG_TX_WAKE_CLAIM_SENT
DBG_DWM_CH5_RX_HUNT_START acq=3 complete=15 cap=125
DBG_DWM_CH5_RX_HUNT_EMPTY ret=-116 status=0x00000000 acq=3
DBG_ANCHOR_CH5_SCAN_HANDLER role=2
DBG_UWB_TX_CH5
DBG_TX_WAKE_CLAIM_SENT
DBG_ANCHOR_CH5_SCAN_BLOCKED win=0 survey=0 tx=0 retry_gap=0 wait=0 rx=0 rxq=0 rxr=0 ack=0 ch9=0 rf=1 retry=20 interval=380
DBG_ANCHOR_CH5_SCAN_RESCHED ret=1 delay=20
DBG_UWB_TX_CH5
DBG_TX_WAKE_CLAIM_SENT
DBG_UWB_TX_CH5
DBG_TX_WAKE_CLAIM_SENT
DBG_DWM_CH5_RX_HUNT_START acq=3 complete=15 cap=125
DBG_DWM_CH5_RX_HUNT_EMPTY ret=-116 status=0x00000000 acq=3
DBG_ANCHOR_CH5_SCAN_HANDLER role=2
DBG_UWB_TX_CH5
DBG_TX_WAKE_CLAIM_SENT
DBG_ANCHOR_CH5_SCAN_BLOCKED win=0 survey=0 tx=0 retry_gap=0 wait=0 rx=0 rxq=0 rxr=0 ack=0 ch9=0 rf=1 retry=20 interval=380
DBG_ANCHOR_CH5_SCAN_RESCHED ret=1 delay=20
DBG_UWB_TX_CH5
DBG_TX_WAKE_CLAIM_SENT
DBG_UWB_TX_CH5
DBG_TX_WAKE_CLAIM_SENT
DBG_DWM_CH5_RX_HUNT_START acq=3 complete=15 cap=125
DBG_DWM_CH5_RX_HUNT_EMPTY ret=-116 status=0x00000000 acq=3
DBG_ANCHOR_CH5_SCAN_HANDLER role=2
DBG_UWB_TX_CH5
DBG_TX_WAKE_CLAIM_SENT
DBG_ANCHOR_CH5_SCAN_BLOCKED win=0 survey=0 tx=0 retry_gap=0 wait=0 rx=0 rxq=0 rxr=0 ack=0 ch9=0 rf=1 retry=20 interval=380
DBG_ANCHOR_CH5_SCAN_RESCHED ret=1 delay=20
DBG_UWB_TX_CH5
DBG_TX_WAKE_CLAIM_SENT
DBG_UWB_TX_CH5
DBG_TX_WAKE_CLAIM_SENT
DBG_DWM_CH5_RX_HUNT_START acq=3 complete=15 cap=125
DBG_DWM_CH5_RX_HUNT_EMPTY ret=-116 status=0x00000000 acq=3
DBG_ANCHOR_CH5_SCAN_HANDLER role=2
DBG_UWB_TX_CH5
DBG_TX_WAKE_CLAIM_SENT
DBG_ANCHOR_CH5_SCAN_BLOCKED win=0 survey=0 tx=0 retry_gap=0 wait=0 rx=0 rxq=0 rxr=0 ack=0 ch9=0 rf=1 retry=20 interval=380
DBG_ANCHOR_CH5_SCAN_RESCHED ret=1 delay=20
DBG_UWB_TX_CH5
DBG_TX_WAKE_CLAIM_SENT
DBG_UWB_TX_CH5
DBG_TX_WAKE_CLAIM_SENT
DBG_DWM_CH5_RX_HUNT_START acq=3 complete=15 cap=125
DBG_DWM_CH5_RX_HUNT_EMPTY ret=-116 status=0x00000000 acq=3
DBG_ANCHOR_CH5_SCAN_HANDLER role=2
DBG_UWB_TX_CH5
DBG_TX_WAKE_CLAIM_SENT
DBG_ANCHOR_CH5_SCAN_BLOCKED win=0 survey=0 tx=0 retry_gap=0 wait=0 rx=0 rxq=0 rxr=0 ack=0 ch9=0 rf=1 retry=20 interval=380
DBG_ANCHOR_CH5_SCAN_RESCHED ret=1 delay=20
DBG_UWB_TX_CH5
DBG_TX_WAKE_CLAIM_SENT
DBG_UWB_TX_CH5
DBG_TX_WAKE_CLAIM_SENT
DBG_DWM_CH5_RX_HUNT_START acq=3 complete=15 cap=125
DBG_DWM_CH5_RX_HUNT_EMPTY ret=-116 status=0x00000000 acq=3
DBG_ANCHOR_CH5_SCAN_HANDLER role=2
DBG_UWB_TX_CH5
DBG_TX_WAKE_CLAIM_SENT
DBG_ANCHOR_CH5_SCAN_BLOCKED win=0 survey=0 tx=0 retry_gap=0 wait=0 rx=0 rxq=0 rxr=0 ack=0 ch9=0 rf=1 retry=20 interval=380
DBG_ANCHOR_CH5_SCAN_RESCHED ret=1 delay=20
DBG_UWB_TX_CH5
DBG_TX_WAKE_CLAIM_SENT
DBG_UWB_TX_CH5
DBG_TX_WAKE_CLAIM_SENT
DBG_DWM_CH5_RX_HUNT_START acq=3 complete=15 cap=125
DBG_DWM_CH5_RX_HUNT_EMPTY ret=-116 status=0x00000000 acq=3
DBG_ANCHOR_CH5_SCAN_HANDLER role=2
DBG_UWB_TX_CH5
DBG_TX_WAKE_CLAIM_SENT
DBG_ANCHOR_CH5_SCAN_BLOCKED win=0 survey=0 tx=0 retry_gap=0 wait=0 rx=0 rxq=0 rxr=0 ack=0 ch9=0 rf=1 retry=20 interval=380
DBG_ANCHOR_CH5_SCAN_RESCHED ret=1 delay=20
DBG_UWB_TX_CH5
DBG_TX_WAKE_CLAIM_SENT
DBG_ANCHOR_CH5_SCAN_HANDLER role=2
DBG_ANCHOR_CH5_SCAN_BLOCKED win=0 survey=0 tx=0 retry_gap=0 wait=0 rx=0 rxq=0 rxr=0 ack=0 ch9=0 rf=1 retry=20 interval=380
DBG_ANCHOR_CH5_SCAN_RESCHED ret=1 delay=20
DBG_C5_CONTACT phase=closing state=4 peer=0x56da25fe4af6d141 purpose=route_reply reason=replace
DBG_C5_CONTACT phase=open state=2 peer=0x56da25fe4af6d141 purpose=route_solicit reason=route-reply
DBG_C5_CONTACT phase=accepted state=2 peer=0x56da25fe4af6d141 purpose=route_solicit reason=route-reply
DBG_C5_CONTROL_FOLLOWUP_TURNAROUND delay=60 msg=36 reason=route-reply
DBG_ANCHOR_CH5_SCAN_HANDLER role=2
DBG_ANCHOR_CH9_REARM delay=0 ret=1 ack=0
DBG_ANCHOR_CH5_SCAN_BLOCKED win=0 survey=0 tx=0 retry_gap=0 wait=0 rx=0 rxq=0 rxr=0 ack=0 ch9=1 rf=0 retry=245 interval=380
DBG_ANCHOR_CH5_SCAN_RESCHED ret=1 delay=245
DBG_C5_CONTACT phase=closing state=4 peer=0x56da25fe4af6d141 purpose=route_solicit reason=replace
DBG_C5_CONTACT phase=open state=2 peer=0x56da25fe4af6d141 purpose=route_reply reason=route-reply
DBG_C5_CONTACT phase=accepted state=2 peer=0x56da25fe4af6d141 purpose=route_reply reason=route-reply
DBG_C5_CONTACT phase=exchange state=3 peer=0x56da25fe4af6d141 purpose=route_reply reason=route-reply
DBG_DWM_WAKE_MESH_CTRL_OK sfd=4073
DBG_C5_TX_CONFIG ret=0 ext=1 len=203 msg=36 reason=route-reply
DBG_UWB_TX_CH5
DBG_C5_CONTACT phase=exchange state=3 peer=0x56da25fe4af6d141 purpose=route_reply reason=route-reply
DBG_ROUTE_REPLY_TX_REPEAT attempt=4 idx=0 ret=0 sent=1
DBG_C5_CONTACT phase=exchange state=3 peer=0x56da25fe4af6d141 purpose=route_reply reason=route-reply-ack-listen
DBG_ANCHOR_CH5_SCAN_HANDLER role=2
DBG_ANCHOR_CH5_SCAN_BLOCKED win=0 survey=0 tx=0 retry_gap=0 wait=0 rx=0 rxq=0 rxr=0 ack=0 ch9=0 rf=1 retry=20 interval=380
DBG_ANCHOR_CH5_SCAN_RESCHED ret=1 delay=20
DBG_ROUTE_REPLY_ATTEMPT attempt=4 send=0 listen=-116 listened=1
DBG_C5_CONTACT phase=closing state=4 peer=0x56da25fe4af6d141 purpose=route_reply reason=route-reply-failed
DBG_ROUTE_REPLY_ACTION_DONE ret=-116 ack=0x0 reason=route-reply-action
DBG_MESH_RX_DRAIN_EXIT owner=work handled=1 q=0
DBG_MESH_RX_WORK_EXIT handled=1 q=0
DBG_CH9_SKIP_STALE n=5 now=118450 next=118775 cnt=5 reason=rx-select
DBG_CH5_GAP_SCAN now=118451 win=100 next_delay=904
DBG_ANCHOR_CH5_SCAN_HANDLER role=2
DBG_ANCHOR_CH5_SCAN_BLOCKED win=0 survey=0 tx=0 retry_gap=0 wait=0 rx=0 rxq=0 rxr=0 ack=0 ch9=0 rf=1 retry=20 interval=380
DBG_ANCHOR_CH5_SCAN_RESCHED ret=1 delay=20
DBG_ANCHOR_CH5_SCAN_HANDLER role=2
DBG_ANCHOR_CH5_SCAN_BLOCKED win=0 survey=0 tx=0 retry_gap=0 wait=0 rx=0 rxq=0 rxr=0 ack=0 ch9=0 rf=1 retry=20 interval=380
DBG_ANCHOR_CH5_SCAN_RESCHED ret=1 delay=20
DBG_ANCHOR_CH5_SCAN_HANDLER role=2
DBG_ANCHOR_CH5_SCAN_BLOCKED win=0 survey=0 tx=0 retry_gap=0 wait=0 rx=0 rxq=0 rxr=0 ack=0 ch9=0 rf=1 retry=20 interval=380
DBG_ANCHOR_CH5_SCAN_RESCHED ret=1 delay=20
DBG_ANCHOR_CH5_SCAN_HANDLER role=2
DBG_ANCHOR_CH5_SCAN_BLOCKED win=0 survey=0 tx=0 retry_gap=0 wait=0 rx=0 rxq=0 rxr=0 ack=0 ch9=0 rf=1 retry=20 interval=380
DBG_ANCHOR_CH5_SCAN_RESCHED ret=1 delay=20
DBG_CH5_GAP_SCAN_DONE frames=0 last_error=0 now=118551 deadline=118551 click=0
DBG_DWM_KEEP_IDLE reason=mesh-rx ch9=1 ack=0 qack=0 ret=0
DBG_CH5_GAP_SCAN now=118552 win=100 next_delay=803
DBG_ANCHOR_CH5_SCAN_HANDLER role=2
DBG_ANCHOR_CH5_SCAN_BLOCKED win=0 survey=0 tx=0 retry_gap=0 wait=0 rx=0 rxq=0 rxr=0 ack=0 ch9=0 rf=1 retry=20 interval=380
DBG_ANCHOR_CH5_SCAN_RESCHED ret=1 delay=20
DBG_ANCHOR_CH5_SCAN_HANDLER role=2
DBG_ANCHOR_CH5_SCAN_BLOCKED win=0 survey=0 tx=0 retry_gap=0 wait=0 rx=0 rxq=0 rxr=0 ack=0 ch9=0 rf=1 retry=20 interval=380
DBG_ANCHOR_CH5_SCAN_RESCHED ret=1 delay=20
DBG_ANCHOR_CH5_SCAN_HANDLER role=2
DBG_ANCHOR_CH5_SCAN_BLOCKED win=0 survey=0 tx=0 retry_gap=0 wait=0 rx=0 rxq=0 rxr=0 ack=0 ch9=0 rf=1 retry=20 interval=380
DBG_ANCHOR_CH5_SCAN_RESCHED ret=1 delay=20
DBG_ANCHOR_CH5_SCAN_HANDLER role=2
DBG_ANCHOR_CH5_SCAN_BLOCKED win=0 survey=0 tx=0 retry_gap=0 wait=0 rx=0 rxq=0 rxr=0 ack=0 ch9=0 rf=1 retry=20 interval=380
DBG_ANCHOR_CH5_SCAN_RESCHED ret=1 delay=20
DBG_CH5_GAP_SCAN_DONE frames=0 last_error=0 now=118653 deadline=118652 click=0
DBG_DWM_KEEP_IDLE reason=mesh-rx ch9=1 ack=0 qack=0 ret=0
DBG_CH5_GAP_SCAN now=118654 win=100 next_delay=701
DBG_ANCHOR_CH5_SCAN_HANDLER role=2
DBG_ANCHOR_CH5_SCAN_BLOCKED win=0 survey=0 tx=0 retry_gap=0 wait=0 rx=0 rxq=0 rxr=0 ack=0 ch9=0 rf=1 retry=20 interval=380
DBG_ANCHOR_CH5_SCAN_RESCHED ret=1 delay=20
DBG_ANCHOR_CH5_SCAN_HANDLER role=2
DBG_ANCHOR_CH5_SCAN_BLOCKED win=0 survey=0 tx=0 retry_gap=0 wait=0 rx=0 rxq=0 rxr=0 ack=0 ch9=0 rf=1 retry=20 interval=380
DBG_ANCHOR_CH5_SCAN_RESCHED ret=1 delay=20
DBG_ANCHOR_CH5_SCAN_HANDLER role=2
DBG_ANCHOR_CH5_SCAN_BLOCKED win=0 survey=0 tx=0 retry_gap=0 wait=0 rx=0 rxq=0 rxr=0 ack=0 ch9=0 rf=1 retry=20 interval=380
DBG_ANCHOR_CH5_SCAN_RESCHED ret=1 delay=20
DBG_ANCHOR_CH5_SCAN_HANDLER role=2
DBG_ANCHOR_CH5_SCAN_BLOCKED win=0 survey=0 tx=0 retry_gap=0 wait=0 rx=0 rxq=0 rxr=0 ack=0 ch9=0 rf=1 retry=20 interval=380
DBG_ANCHOR_CH5_SCAN_RESCHED ret=1 delay=20
DBG_CH5_GAP_SCAN_DONE frames=0 last_error=0 now=118754 deadline=118754 click=0
DBG_DWM_KEEP_IDLE reason=mesh-rx ch9=1 ack=0 qack=0 ret=0
DBG_CH5_GAP_SCAN now=118755 win=100 next_delay=600
DBG_ANCHOR_CH5_SCAN_HANDLER role=2
DBG_ANCHOR_CH5_SCAN_BLOCKED win=0 survey=0 tx=0 retry_gap=0 wait=0 rx=0 rxq=0 rxr=0 ack=0 ch9=0 rf=1 retry=20 interval=380
DBG_ANCHOR_CH5_SCAN_RESCHED ret=1 delay=20
DBG_ANCHOR_CH5_SCAN_HANDLER role=2
DBG_ANCHOR_CH5_SCAN_BLOCKED win=0 survey=0 tx=0 retry_gap=0 wait=0 rx=0 rxq=0 rxr=0 ack=0 ch9=0 rf=1 retry=20 interval=380
DBG_ANCHOR_CH5_SCAN_RESCHED ret=1 delay=20
DBG_ANCHOR_CH5_SCAN_HANDLER role=2
DBG_ANCHOR_CH5_SCAN_BLOCKED win=0 survey=0 tx=0 retry_gap=0 wait=0 rx=0 rxq=0 rxr=0 ack=0 ch9=0 rf=1 retry=20 interval=380
DBG_ANCHOR_CH5_SCAN_RESCHED ret=1 delay=20
DBG_ANCHOR_CH5_SCAN_HANDLER role=2
DBG_ANCHOR_CH5_SCAN_BLOCKED win=0 survey=0 tx=0 retry_gap=0 wait=0 rx=0 rxq=0 rxr=0 ack=0 ch9=0 rf=1 retry=20 interval=380
DBG_ANCHOR_CH5_SCAN_RESCHED ret=1 delay=20
DBG_DWM_KEEP_IDLE reason=mesh-rx ch9=1 ack=0 qack=0 ret=0
DBG_CH5_GAP_SCAN now=118856 win=100 next_delay=499
DBG_ANCHOR_CH5_SCAN_HANDLER role=2
DBG_ANCHOR_CH5_SCAN_BLOCKED win=0 survey=0 tx=0 retry_gap=0 wait=0 rx=0 rxq=0 rxr=0 ack=0 ch9=0 rf=1 retry=20 interval=380
DBG_ANCHOR_CH5_SCAN_RESCHED ret=1 delay=20
DBG_ANCHOR_CH5_SCAN_HANDLER role=2
DBG_ANCHOR_CH5_SCAN_BLOCKED win=0 survey=0 tx=0 retry_gap=0 wait=0 rx=0 rxq=0 rxr=0 ack=0 ch9=0 rf=1 retry=20 interval=380
DBG_ANCHOR_CH5_SCAN_RESCHED ret=1 delay=20
DBG_ANCHOR_CH5_SCAN_HANDLER role=2
DBG_ANCHOR_CH5_SCAN_BLOCKED win=0 survey=0 tx=0 retry_gap=0 wait=0 rx=0 rxq=0 rxr=0 ack=0 ch9=0 rf=1 retry=20 interval=380
DBG_ANCHOR_CH5_SCAN_RESCHED ret=1 delay=20
DBG_ANCHOR_CH5_SCAN_HANDLER role=2
DBG_CH5_GAP_SCAN_DONE frames=0 last_error=0 now=118956 deadline=118956 click=0
DBG_ANCHOR_CH5_SCAN_BLOCKED win=0 survey=0 tx=0 retry_gap=0 wait=0 rx=0 rxq=0 rxr=0 ack=0 ch9=0 rf=1 retry=20 interval=380
DBG_DWM_KEEP_IDLE reason=mesh-rx ch9=1 ack=0 qack=0 ret=0
DBG_CH9_SKIP_STALE n=1 now=118957 next=119415 cnt=6 reason=rx-delay
DBG_CH5_GAP_SCAN now=118957 win=100 next_delay=398
DBG_ANCHOR_CH5_SCAN_RESCHED ret=1 delay=20
DBG_ANCHOR_CH5_SCAN_HANDLER role=2
DBG_ANCHOR_CH5_SCAN_BLOCKED win=0 survey=0 tx=0 retry_gap=0 wait=0 rx=0 rxq=0 rxr=0 ack=0 ch9=0 rf=1 retry=20 interval=380
DBG_ANCHOR_CH5_SCAN_RESCHED ret=1 delay=20
DBG_ANCHOR_CH5_SCAN_HANDLER role=2
DBG_ANCHOR_CH5_SCAN_BLOCKED win=0 survey=0 tx=0 retry_gap=0 wait=0 rx=0 rxq=0 rxr=0 ack=0 ch9=0 rf=1 retry=20 interval=380
DBG_ANCHOR_CH5_SCAN_RESCHED ret=1 delay=20
DBG_ANCHOR_CH5_SCAN_HANDLER role=2
DBG_ANCHOR_CH5_SCAN_BLOCKED win=0 survey=0 tx=0 retry_gap=0 wait=0 rx=0 rxq=0 rxr=0 ack=0 ch9=0 rf=1 retry=20 interval=380
DBG_ANCHOR_CH5_SCAN_RESCHED ret=1 delay=20
DBG_ANCHOR_CH5_SCAN_HANDLER role=2
DBG_CH5_GAP_SCAN_DONE frames=0 last_error=0 now=119057 deadline=119057 click=0
DBG_DWM_KEEP_IDLE reason=mesh-rx ch9=1 ack=0 qack=0 ret=0
DBG_CH5_GAP_SCAN now=119058 win=100 next_delay=297
DBG_ANCHOR_CH5_SCAN_BLOCKED win=0 survey=0 tx=0 retry_gap=0 wait=0 rx=0 rxq=0 rxr=0 ack=0 ch9=0 rf=1 retry=20 interval=380
DBG_ANCHOR_CH5_SCAN_RESCHED ret=1 delay=20
DBG_ANCHOR_CH5_SCAN_HANDLER role=2
DBG_ANCHOR_CH5_SCAN_BLOCKED win=0 survey=0 tx=0 retry_gap=0 wait=0 rx=0 rxq=0 rxr=0 ack=0 ch9=0 rf=1 retry=20 interval=380
DBG_ANCHOR_CH5_SCAN_RESCHED ret=1 delay=20
DBG_ANCHOR_CH5_SCAN_HANDLER role=2
DBG_ANCHOR_CH5_SCAN_BLOCKED win=0 survey=0 tx=0 retry_gap=0 wait=0 rx=0 rxq=0 rxr=0 ack=0 ch9=0 rf=1 retry=20 interval=380
DBG_ANCHOR_CH5_SCAN_RESCHED ret=1 delay=20
DBG_ANCHOR_CH5_SCAN_HANDLER role=2
DBG_ANCHOR_CH5_SCAN_BLOCKED win=0 survey=0 tx=0 retry_gap=0 wait=0 rx=0 rxq=0 rxr=0 ack=0 ch9=0 rf=1 retry=20 interval=380
DBG_ANCHOR_CH5_SCAN_RESCHED ret=1 delay=20
DBG_ANCHOR_CH5_SCAN_HANDLER role=2
DBG_CH5_GAP_SCAN_DONE frames=0 last_error=0 now=119159 deadline=119158 click=0
DBG_DWM_KEEP_IDLE reason=mesh-rx ch9=1 ack=0 qack=0 ret=0
DBG_CH5_GAP_SCAN now=119160 win=100 next_delay=195
DBG_ANCHOR_CH5_SCAN_BLOCKED win=0 survey=0 tx=0 retry_gap=0 wait=0 rx=0 rxq=0 rxr=0 ack=0 ch9=0 rf=1 retry=20 interval=380
DBG_ANCHOR_CH5_SCAN_RESCHED ret=1 delay=20
DBG_ANCHOR_CH5_SCAN_HANDLER role=2
DBG_ANCHOR_CH5_SCAN_BLOCKED win=0 survey=0 tx=0 retry_gap=0 wait=0 rx=0 rxq=0 rxr=0 ack=0 ch9=0 rf=1 retry=20 interval=380
DBG_ANCHOR_CH5_SCAN_RESCHED ret=1 delay=20
DBG_ANCHOR_CH5_SCAN_HANDLER role=2
DBG_ANCHOR_CH5_SCAN_BLOCKED win=0 survey=0 tx=0 retry_gap=0 wait=0 rx=0 rxq=0 rxr=0 ack=0 ch9=0 rf=1 retry=20 interval=380
DBG_ANCHOR_CH5_SCAN_RESCHED ret=1 delay=20
DBG_ANCHOR_CH5_SCAN_HANDLER role=2
DBG_ANCHOR_CH5_SCAN_BLOCKED win=0 survey=0 tx=0 retry_gap=0 wait=0 rx=0 rxq=0 rxr=0 ack=0 ch9=0 rf=1 retry=20 interval=380
DBG_ANCHOR_CH5_SCAN_RESCHED ret=1 delay=20
DBG_ANCHOR_CH5_SCAN_HANDLER role=2
DBG_CH5_GAP_SCAN_DONE frames=0 last_error=0 now=119261 deadline=119260 click=0
DBG_DWM_KEEP_IDLE reason=mesh-rx ch9=1 ack=0 qack=0 ret=0
DBG_CH5_GAP_SCAN now=119262 win=33 next_delay=93
DBG_ANCHOR_CH5_SCAN_BLOCKED win=0 survey=0 tx=0 retry_gap=0 wait=0 rx=0 rxq=0 rxr=0 ack=0 ch9=0 rf=1 retry=20 interval=380
DBG_ANCHOR_CH5_SCAN_RESCHED ret=1 delay=20
DBG_ANCHOR_CH5_SCAN_HANDLER role=2
DBG_ANCHOR_CH5_SCAN_BLOCKED win=0 survey=0 tx=0 retry_gap=0 wait=0 rx=0 rxq=0 rxr=0 ack=0 ch9=0 rf=1 retry=20 interval=380
DBG_ANCHOR_CH5_SCAN_RESCHED ret=1 delay=20
DBG_CH5_GAP_SCAN_DONE frames=0 last_error=0 now=119295 deadline=119295 click=0
DBG_DWM_KEEP_IDLE reason=mesh-rx ch9=1 ack=0 qack=0 ret=0
DBG_ANCHOR_CH5_SCAN_HANDLER role=2
DBG_ANCHOR_CH9_REARM delay=46 ret=1 ack=0
DBG_ANCHOR_CH5_SCAN_BLOCKED win=0 survey=0 tx=0 retry_gap=0 wait=0 rx=0 rxq=0 rxr=0 ack=0 ch9=1 rf=0 retry=291 interval=380
DBG_ANCHOR_CH5_SCAN_RESCHED ret=1 delay=291
DBG_CH9_RX_SLOT idx=0 cnt=6 now=119355 start=119415 end=119535
DBG_CH9_EVENT_STATE state=granted peer=0x56da25fe4af6d141 start=119415 end=119535 reason=rx-slot
DBG_CH9_RX_START idx=0 now=119356 start=119415 end=119535 tail=60
DBG_CH9_RX_CONFIG_OK
DBG_CH9_RX_EARLY_ARM now=119375 start=119415 guard=60
DBG_CH9_RX_ARMED now=119375 start=119415 end=119535 deadline=119595
DBG_DWM_KEEP_IDLE reason=ch9-rx ch9=1 ack=0 qack=0 ret=0
DBG_CH9_RX_EMPTY
DBG_CH9_RX_TIMEOUT
DBG_CH9_RX_MISS frames=0 now=119596 start=119415 end=119535 fail=0
DBG_CH9_EVENT_STATE state=window_expired peer=0x56da25fe4af6d141 start=119415 end=119535 reason=rx-slot
DBG_ANCHOR_CH5_SCAN_HANDLER role=2
DBG_ANCHOR_CH5_SCAN_ARM now=119601 win=20 complete=15 interval=380 wait=0 tx=0
DBG_DWM_CH5_RX_HUNT_START acq=20 complete=15 cap=1021
DBG_DWM_CH5_RX_HUNT_EMPTY ret=-116 status=0x00000000 acq=20
DBG_ANCHOR_CH5_SCAN_DONE ret=-116 len=0 fail=1 pre=0 q=0 rx_us=20263 complete=15
DBG_ANCHOR_CH5_POST_CH9_RECOVERY_SCAN win=20 ret=-116 pre=0
DBG_ANCHOR_CH5_SCAN_RESCHED ret=1 delay=380
DBG_ANCHOR_CH5_SCAN_HANDLER role=2
DBG_DWM_CH5_RX_HUNT_START acq=3 complete=15 cap=1021
DBG_DWM_CH5_RX_HUNT_EMPTY ret=-116 status=0x00000000 acq=3
DBG_ANCHOR_CH5_SCAN_RESCHED ret=1 delay=380
DBG_ANCHOR_CH5_SCAN_HANDLER role=2
DBG_DWM_CH5_RX_HUNT_START acq=3 complete=15 cap=1021
DBG_DWM_CH5_RX_HUNT_EMPTY ret=-116 status=0x00000000 acq=3
DBG_ANCHOR_CH5_SCAN_RESCHED ret=1 delay=380
DBG_CH9_SKIP_STALE n=1 now=120635 next=120695 cnt=8 reason=rx-select
DBG_CH9_RX_SLOT idx=0 cnt=8 now=120635 start=120695 end=120815
DBG_CH9_EVENT_STATE state=granted peer=0x56da25fe4af6d141 start=120695 end=120815 reason=rx-slot
DBG_CH9_RX_START idx=0 now=120635 start=120695 end=120815 tail=60
DBG_CH9_RX_CONFIG_OK
DBG_CH9_RX_EARLY_ARM now=120654 start=120695 guard=60
DBG_CH9_RX_ARMED now=120654 start=120695 end=120815 deadline=120875
DBG_ANCHOR_CH5_SCAN_HANDLER role=2
DBG_ANCHOR_CH5_SCAN_BLOCKED win=0 survey=0 tx=0 retry_gap=0 wait=0 rx=0 rxq=0 rxr=0 ack=0 ch9=0 rf=1 retry=20 interval=380
DBG_ANCHOR_CH5_SCAN_RESCHED ret=1 delay=20
DBG_ANCHOR_CH5_SCAN_HANDLER role=2
DBG_ANCHOR_CH5_SCAN_BLOCKED win=0 survey=0 tx=0 retry_gap=0 wait=0 rx=0 rxq=0 rxr=0 ack=0 ch9=0 rf=1 retry=20 interval=380
DBG_ANCHOR_CH5_SCAN_RESCHED ret=1 delay=20
DBG_DWM_KEEP_IDLE reason=ch9-rx ch9=1 ack=0 qack=0 ret=0
DBG_CH9_RX_EMPTY
DBG_CH9_RX_TIMEOUT
DBG_CH9_RX_MISS frames=0 now=120876 start=120695 end=120815 fail=0
DBG_CH9_EVENT_STATE state=window_expired peer=0x56da25fe4af6d141 start=120695 end=120815 reason=rx-slot
DBG_ANCHOR_CH5_SCAN_HANDLER role=2
DBG_ANCHOR_CH5_SCAN_ARM now=120878 win=20 complete=15 interval=380 wait=0 tx=0
DBG_DWM_CH5_RX_HUNT_START acq=20 complete=15 cap=1021
DBG_DWM_CH5_RX_HUNT_EMPTY ret=-116 status=0x00000000 acq=20
DBG_ANCHOR_CH5_SCAN_DONE ret=-116 len=0 fail=1 pre=0 q=0 rx_us=20660 complete=15
DBG_ANCHOR_CH5_POST_CH9_RECOVERY_SCAN win=20 ret=-116 pre=0
DBG_ANCHOR_CH5_SCAN_RESCHED ret=1 delay=380
DBG_ANCHOR_CH5_SCAN_HANDLER role=2
DBG_DWM_CH5_RX_HUNT_START acq=3 complete=15 cap=1021
DBG_DWM_CH5_RX_HUNT_EMPTY ret=-116 status=0x00000000 acq=3
DBG_ANCHOR_CH5_SCAN_RESCHED ret=1 delay=380
DBG_ANCHOR_CH5_SCAN_HANDLER role=2
DBG_DWM_CH5_RX_HUNT_START acq=3 complete=15 cap=1021
DBG_DWM_CH5_RX_HUNT_EMPTY ret=-116 status=0x00000000 acq=3
DBG_ANCHOR_CH5_SCAN_RESCHED ret=1 delay=380
DBG_CH9_SKIP_STALE n=1 now=121915 next=121975 cnt=10 reason=rx-select
DBG_CH9_RX_SLOT idx=0 cnt=10 now=121915 start=121975 end=122095
DBG_CH9_EVENT_STATE state=granted peer=0x56da25fe4af6d141 start=121975 end=122095 reason=rx-slot
DBG_CH9_RX_START idx=0 now=121915 start=121975 end=122095 tail=60
DBG_CH9_RX_CONFIG_OK
DBG_CH9_RX_EARLY_ARM now=121934 start=121975 guard=60
DBG_CH9_RX_ARMED now=121934 start=121975 end=122095 deadline=122155
DBG_ANCHOR_CH5_SCAN_HANDLER role=2
DBG_ANCHOR_CH5_SCAN_BLOCKED win=0 survey=0 tx=0 retry_gap=0 wait=0 rx=0 rxq=0 rxr=0 ack=0 ch9=0 rf=1 retry=20 interval=380
DBG_ANCHOR_CH5_SCAN_RESCHED ret=1 delay=20
DBG_ANCHOR_CH5_SCAN_HANDLER role=2
DBG_ANCHOR_CH5_SCAN_BLOCKED win=0 survey=0 tx=0 retry_gap=0 wait=0 rx=0 rxq=0 rxr=0 ack=0 ch9=0 rf=1 retry=20 interval=380
DBG_ANCHOR_CH5_SCAN_RESCHED ret=1 delay=20
DBG_DWM_KEEP_IDLE reason=ch9-rx ch9=1 ack=0 qack=0 ret=0
DBG_CH9_RX_EMPTY
DBG_CH9_RX_TIMEOUT
DBG_CH9_RX_MISS frames=0 now=122157 start=121975 end=122095 fail=0
DBG_CH9_EVENT_STATE state=window_expired peer=0x56da25fe4af6d141 start=121975 end=122095 reason=rx-slot
DBG_ANCHOR_CH5_SCAN_HANDLER role=2
DBG_ANCHOR_CH5_SCAN_ARM now=122157 win=20 complete=15 interval=380 wait=0 tx=0
DBG_DWM_CH5_RX_HUNT_START acq=20 complete=15 cap=1021
DBG_DWM_CH5_RX_HUNT_EMPTY ret=-116 status=0x00000000 acq=20
DBG_ANCHOR_CH5_SCAN_DONE ret=-116 len=0 fail=1 pre=0 q=0 rx_us=20629 complete=15
DBG_ANCHOR_CH5_POST_CH9_RECOVERY_SCAN win=20 ret=-116 pre=0
DBG_ANCHOR_CH5_SCAN_RESCHED ret=1 delay=380
DBG_ANCHOR_CH5_SCAN_HANDLER role=2
DBG_DWM_CH5_RX_HUNT_START acq=3 complete=15 cap=1021
DBG_DWM_CH5_RX_HUNT_EMPTY ret=-116 status=0x00000000 acq=3
DBG_ANCHOR_CH5_SCAN_RESCHED ret=1 delay=380
DBG_ANCHOR_CH5_SCAN_HANDLER role=2
DBG_DWM_CH5_RX_HUNT_START acq=3 complete=15 cap=1021
DBG_DWM_CH5_RX_HUNT_EMPTY ret=-116 status=0x00000000 acq=3
DBG_ANCHOR_CH5_SCAN_RESCHED ret=1 delay=380
DBG_CH9_SKIP_STALE n=1 now=123195 next=123255 cnt=12 reason=rx-select
DBG_CH9_RX_SLOT idx=0 cnt=12 now=123195 start=123255 end=123375
DBG_CH9_EVENT_STATE state=granted peer=0x56da25fe4af6d141 start=123255 end=123375 reason=rx-slot
DBG_CH9_RX_START idx=0 now=123195 start=123255 end=123375 tail=60
DBG_CH9_RX_CONFIG_OK
DBG_CH9_RX_EARLY_ARM now=123214 start=123255 guard=60
DBG_CH9_RX_ARMED now=123214 start=123255 end=123375 deadline=123435
DBG_ANCHOR_CH5_SCAN_HANDLER role=2
DBG_ANCHOR_CH5_SCAN_BLOCKED win=0 survey=0 tx=0 retry_gap=0 wait=0 rx=0 rxq=0 rxr=0 ack=0 ch9=0 rf=1 retry=20 interval=380
DBG_ANCHOR_CH5_SCAN_RESCHED ret=1 delay=20
DBG_ANCHOR_CH5_SCAN_HANDLER role=2
DBG_ANCHOR_CH5_SCAN_BLOCKED win=0 survey=0 tx=0 retry_gap=0 wait=0 rx=0 rxq=0 rxr=0 ack=0 ch9=0 rf=1 retry=20 interval=380
DBG_ANCHOR_CH5_SCAN_RESCHED ret=1 delay=20
DBG_ANCHOR_CH5_SCAN_HANDLER role=2
DBG_DWM_KEEP_IDLE reason=ch9-rx ch9=1 ack=0 qack=0 ret=0
DBG_CH9_RX_EMPTY
DBG_CH9_RX_TIMEOUT
DBG_CH9_RX_MISS frames=0 now=123437 start=123255 end=123375 fail=0
DBG_CH9_EVENT_STATE state=window_expired peer=0x56da25fe4af6d141 start=123255 end=123375 reason=rx-slot
DBG_CH9_TIMING_EXPIRE_DETAIL
DBG_CH9_TIMING_EXPIRED
DBG_ANCHOR_CH5_SCAN_BLOCKED win=0 survey=0 tx=0 retry_gap=0 wait=0 rx=0 rxq=0 rxr=0 ack=0 ch9=0 rf=1 retry=20 interval=380
DBG_ANCHOR_CH5_SCAN_RESCHED ret=1 delay=20
DBG_ANCHOR_CH5_SCAN_HANDLER role=2
DBG_ANCHOR_CH5_SCAN_ARM now=123457 win=20 complete=15 interval=380 wait=0 tx=0
DBG_DWM_CH5_RX_HUNT_START acq=20 complete=15 cap=1021
DBG_DWM_CH5_RX_HUNT_EMPTY ret=-116 status=0x00000000 acq=20
DBG_ANCHOR_CH5_SCAN_DONE ret=-116 len=0 fail=1 pre=0 q=0 rx_us=20629 complete=15
DBG_ANCHOR_CH5_POST_CH9_RECOVERY_SCAN win=20 ret=-116 pre=0
DBG_ANCHOR_CH5_SCAN_RESCHED ret=1 delay=380
DBG_ANCHOR_CH5_SCAN_HANDLER role=2
DBG_DWM_CH5_RX_HUNT_START acq=3 complete=15 cap=1021
DBG_DWM_CH5_RX_HUNT_EMPTY ret=-116 status=0x00000000 acq=3
DBG_ANCHOR_CH5_SCAN_RESCHED ret=1 delay=380
DBG_ANCHOR_CH5_SCAN_HANDLER role=2
DBG_DWM_CH5_RX_HUNT_START acq=3 complete=15 cap=1021
DBG_DWM_CH5_RX_HUNT_EMPTY ret=-116 status=0x00000000 acq=3
DBG_ANCHOR_CH5_SCAN_RESCHED ret=1 delay=380
DBG_ANCHOR_CH5_SCAN_HANDLER role=2
DBG_ANCHOR_CH5_SCAN_ARM now=124686 win=3 complete=15 interval=380 wait=0 tx=0
DBG_DWM_CH5_RX_HUNT_START acq=3 complete=15 cap=1021
DBG_DWM_CH5_RX_HUNT_EMPTY ret=-116 status=0x00000000 acq=3
DBG_ANCHOR_CH5_SCAN_DONE ret=-116 len=0 fail=1 pre=0 q=0 rx_us=3814 complete=15
DBG_ANCHOR_CH5_SCAN_RESCHED ret=1 delay=380
DBG_ANCHOR_CH5_SCAN_HANDLER role=2
DBG_DWM_CH5_RX_HUNT_START acq=3 complete=15 cap=1021
DBG_DWM_CH5_RX_HUNT_EMPTY ret=-116 status=0x00000000 acq=3
DBG_ANCHOR_CH5_SCAN_RESCHED ret=1 delay=380
DBG_ANCHOR_CH5_SCAN_HANDLER role=2
DBG_DWM_CH5_RX_HUNT_START acq=3 complete=15 cap=1021
DBG_DWM_CH5_RX_HUNT_EMPTY ret=-116 status=0x00000000 acq=3
DBG_ANCHOR_CH5_SCAN_RESCHED ret=1 delay=380
DBG_ANCHOR_CH5_SCAN_HANDLER role=2
DBG_ANCHOR_CH5_SCAN_ARM now=125897 win=3 complete=15 interval=380 wait=0 tx=0
DBG_DWM_CH5_RX_HUNT_START acq=3 complete=15 cap=1021
DBG_DWM_CH5_RX_HUNT_EMPTY ret=-116 status=0x00000000 acq=3
DBG_ANCHOR_CH5_SCAN_DONE ret=-116 len=0 fail=1 pre=0 q=0 rx_us=3601 complete=15
DBG_ANCHOR_CH5_SCAN_RESCHED ret=1 delay=380
DBG_ANCHOR_CH5_SCAN_HANDLER role=2
DBG_DWM_CH5_RX_HUNT_START acq=3 complete=15 cap=1021
DBG_DWM_CH5_RX_HUNT_EMPTY ret=-116 status=0x00000000 acq=3
DBG_ANCHOR_CH5_SCAN_RESCHED ret=1 delay=380
DBG_ANCHOR_CH5_SCAN_HANDLER role=2
DBG_DWM_CH5_RX_HUNT_START acq=3 complete=15 cap=1021
DBG_DWM_CH5_RX_HUNT_EMPTY ret=-116 status=0x00000000 acq=3
DBG_ANCHOR_CH5_SCAN_RESCHED ret=1 delay=380
DBG_ANCHOR_CH5_SCAN_HANDLER role=2
DBG_ANCHOR_CH5_SCAN_ARM now=127109 win=3 complete=15 interval=380 wait=0 tx=0
DBG_DWM_CH5_RX_HUNT_START acq=3 complete=15 cap=1021
DBG_DWM_CH5_RX_HUNT_EMPTY ret=-116 status=0x00000000 acq=3
DBG_ANCHOR_CH5_SCAN_DONE ret=-116 len=0 fail=1 pre=0 q=0 rx_us=3448 complete=15
DBG_ANCHOR_CH5_SCAN_RESCHED ret=1 delay=380
DBG_ANCHOR_CH5_SCAN_HANDLER role=2
DBG_DWM_CH5_RX_HUNT_START acq=3 complete=15 cap=1021
DBG_DWM_CH5_RX_HUNT_EMPTY ret=-116 status=0x00000000 acq=3
DBG_ANCHOR_CH5_SCAN_RESCHED ret=1 delay=380
DBG_ANCHOR_CH5_SCAN_HANDLER role=2
DBG_DWM_CH5_RX_HUNT_START acq=3 complete=15 cap=1021
DBG_DWM_CH5_RX_HUNT_EMPTY ret=-116 status=0x00000000 acq=3
DBG_ANCHOR_CH5_SCAN_RESCHED ret=1 delay=380
DBG_ANCHOR_CH5_SCAN_HANDLER role=2
DBG_ANCHOR_CH5_SCAN_ARM now=128320 win=3 complete=15 interval=380 wait=0 tx=0
DBG_DWM_CH5_RX_HUNT_START acq=3 complete=15 cap=1021
DBG_DWM_CH5_RX_HUNT_EMPTY ret=-116 status=0x00000000 acq=3
DBG_ANCHOR_CH5_SCAN_DONE ret=-116 len=0 fail=1 pre=0 q=0 rx_us=3814 complete=15
DBG_ANCHOR_CH5_SCAN_RESCHED ret=1 delay=380
DBG_ANCHOR_CH5_SCAN_HANDLER role=2
DBG_DWM_CH5_RX_HUNT_START acq=3 complete=15 cap=1021
DBG_DWM_CH5_RX_HUNT_EMPTY ret=-116 status=0x00000000 acq=3
DBG_ANCHOR_CH5_SCAN_RESCHED ret=1 delay=380
DBG_ANCHOR_CH5_SCAN_HANDLER role=2
DBG_DWM_CH5_RX_HUNT_START acq=3 complete=15 cap=1021
DBG_DWM_CH5_RX_HUNT_EMPTY ret=-116 status=0x00000000 acq=3
DBG_ANCHOR_CH5_SCAN_RESCHED ret=1 delay=380
DBG_ANCHOR_MESH_RX_YIELD reason=anchor-low-duty-ch5-owner ch9=0 delay=0 scan_int=380 scan_win=3 wait=0 q=0
DBG_ANCHOR_CH5_SCAN_HANDLER role=2
DBG_ANCHOR_CH5_SCAN_ARM now=129531 win=3 complete=15 interval=380 wait=0 tx=0
DBG_DWM_CH5_RX_HUNT_START acq=3 complete=15 cap=1021
DBG_DWM_CH5_RX_HUNT_EMPTY ret=-116 status=0x00000000 acq=3
DBG_ANCHOR_CH5_SCAN_DONE ret=-116 len=0 fail=1 pre=0 q=0 rx_us=3814 complete=15
DBG_ANCHOR_CH5_SCAN_RESCHED ret=1 delay=380
DBG_ANCHOR_CH5_SCAN_HANDLER role=2
DBG_DWM_CH5_RX_HUNT_START acq=3 complete=15 cap=1021
DBG_DWM_CH5_RX_HUNT_EMPTY ret=-116 status=0x00000000 acq=3
DBG_ANCHOR_CH5_SCAN_RESCHED ret=1 delay=380
DBG_ANCHOR_CH5_SCAN_HANDLER role=2
DBG_DWM_CH5_RX_HUNT_START acq=3 complete=15 cap=1021
DBG_DWM_CH5_RX_HUNT_EMPTY ret=-116 status=0x00000000 acq=3
DBG_ANCHOR_CH5_SCAN_RESCHED ret=1 delay=380
DBG_ANCHOR_CH5_SCAN_HANDLER role=2
DBG_ANCHOR_CH5_SCAN_ARM now=130743 win=3 complete=15 interval=380 wait=0 tx=0
DBG_DWM_CH5_RX_HUNT_START acq=3 complete=15 cap=1021
DBG_DWM_CH5_RX_HUNT_EMPTY ret=-116 status=0x00000000 acq=3
DBG_ANCHOR_CH5_SCAN_DONE ret=-116 len=0 fail=1 pre=0 q=0 rx_us=3814 complete=15
DBG_ANCHOR_CH5_SCAN_RESCHED ret=1 delay=380
DBG_ANCHOR_CH5_SCAN_HANDLER role=2
DBG_DWM_CH5_RX_HUNT_START acq=3 complete=15 cap=1021
DBG_DWM_CH5_RX_HUNT_EMPTY ret=-116 status=0x00000000 acq=3
DBG_ANCHOR_CH5_SCAN_RESCHED ret=1 delay=380
DBG_ANCHOR_CH5_SCAN_HANDLER role=2
DBG_DWM_CH5_RX_HUNT_START acq=3 complete=15 cap=1021
DBG_DWM_CH5_RX_HUNT_EMPTY ret=-116 status=0x00000000 acq=3
DBG_ANCHOR_CH5_SCAN_RESCHED ret=1 delay=380
DBG_ANCHOR_CH5_SCAN_HANDLER role=2
DBG_ANCHOR_CH5_SCAN_ARM now=131954 win=3 complete=15 interval=380 wait=0 tx=0
DBG_DWM_CH5_RX_HUNT_START acq=3 complete=15 cap=1021
DBG_DWM_CH5_RX_HUNT_EMPTY ret=-116 status=0x00000000 acq=3
DBG_ANCHOR_CH5_SCAN_DONE ret=-116 len=0 fail=1 pre=0 q=0 rx_us=3631 complete=15
DBG_ANCHOR_CH5_SCAN_RESCHED ret=1 delay=380
DBG_ANCHOR_CH5_SCAN_HANDLER role=2
DBG_DWM_CH5_RX_HUNT_START acq=3 complete=15 cap=1021
DBG_DWM_CH5_RX_HUNT_EMPTY ret=-116 status=0x00000000 acq=3
DBG_ANCHOR_CH5_SCAN_RESCHED ret=1 delay=380
DBG_ANCHOR_CH5_SCAN_HANDLER role=2
DBG_DWM_CH5_RX_HUNT_START acq=3 complete=15 cap=1021
DBG_DWM_CH5_RX_HUNT_EMPTY ret=-116 status=0x00000000 acq=3
DBG_ANCHOR_CH5_SCAN_RESCHED ret=1 delay=380
DBG_ANCHOR_CH5_SCAN_HANDLER role=2
DBG_ANCHOR_CH5_SCAN_ARM now=133166 win=3 complete=15 interval=380 wait=0 tx=0
DBG_DWM_CH5_RX_HUNT_START acq=3 complete=15 cap=1021
DBG_DWM_CH5_RX_HUNT_EMPTY ret=-116 status=0x00000000 acq=3
DBG_ANCHOR_CH5_SCAN_DONE ret=-116 len=0 fail=1 pre=0 q=0 rx_us=3265 complete=15
DBG_ANCHOR_CH5_SCAN_RESCHED ret=1 delay=380
DBG_ANCHOR_CH5_SCAN_HANDLER role=2
DBG_DWM_CH5_RX_HUNT_START acq=3 complete=15 cap=1021
DBG_DWM_CH5_RX_HUNT_EMPTY ret=-116 status=0x00000000 acq=3
DBG_ANCHOR_CH5_SCAN_RESCHED ret=1 delay=380
DBG_ANCHOR_CH5_SCAN_HANDLER role=2
DBG_DWM_CH5_RX_HUNT_START acq=3 complete=15 cap=1021
DBG_DWM_CH5_RX_HUNT_EMPTY ret=-116 status=0x00000000 acq=3
DBG_ANCHOR_CH5_SCAN_RESCHED ret=1 delay=380
DBG_ANCHOR_CH5_SCAN_HANDLER role=2
DBG_ANCHOR_CH5_SCAN_ARM now=134377 win=3 complete=15 interval=380 wait=0 tx=0
DBG_DWM_CH5_RX_HUNT_START acq=3 complete=15 cap=1021
DBG_DWM_CH5_RX_HUNT_EMPTY ret=-116 status=0x00000000 acq=3
DBG_ANCHOR_CH5_SCAN_DONE ret=-116 len=0 fail=1 pre=0 q=0 rx_us=3631 complete=15
DBG_ANCHOR_CH5_SCAN_RESCHED ret=1 delay=380
DBG_ANCHOR_CH5_SCAN_HANDLER role=2
DBG_DWM_CH5_RX_HUNT_START acq=3 complete=15 cap=1021
DBG_DWM_CH5_RX_HUNT_EMPTY ret=-116 status=0x00000000 acq=3
DBG_ANCHOR_CH5_SCAN_RESCHED ret=1 delay=380
DBG_ANCHOR_CH5_SCAN_HANDLER role=2
DBG_DWM_CH5_RX_HUNT_START acq=3 complete=15 cap=1021
DBG_DWM_CH5_RX_HUNT_EMPTY ret=-116 status=0x00000000 acq=3
DBG_ANCHOR_CH5_SCAN_RESCHED ret=1 delay=380
DBG_ANCHOR_CH5_SCAN_HANDLER role=2
DBG_ANCHOR_CH5_SCAN_ARM now=135588 win=3 complete=15 interval=380 wait=0 tx=0
DBG_DWM_CH5_RX_HUNT_START acq=3 complete=15 cap=1021
DBG_DWM_CH5_RX_HUNT_EMPTY ret=-116 status=0x00000000 acq=3
DBG_ANCHOR_CH5_SCAN_DONE ret=-116 len=0 fail=1 pre=0 q=0 rx_us=3814 complete=15
DBG_ANCHOR_CH5_SCAN_RESCHED ret=1 delay=380
DBG_ANCHOR_CH5_SCAN_HANDLER role=2
DBG_DWM_CH5_RX_HUNT_START acq=3 complete=15 cap=1021
DBG_DWM_CH5_RX_HUNT_EMPTY ret=-116 status=0x00000000 acq=3
DBG_ANCHOR_CH5_SCAN_RESCHED ret=1 delay=380
DBG_ANCHOR_CH5_SCAN_HANDLER role=2
DBG_DWM_CH5_RX_HUNT_START acq=3 complete=15 cap=1021
DBG_DWM_CH5_RX_HUNT_EMPTY ret=-116 status=0x00000000 acq=3
DBG_ANCHOR_CH5_SCAN_RESCHED ret=1 delay=380
DBG_ANCHOR_CH5_SCAN_HANDLER role=2
DBG_ANCHOR_CH5_SCAN_ARM now=136800 win=3 complete=15 interval=380 wait=0 tx=0
DBG_DWM_CH5_RX_HUNT_START acq=3 complete=15 cap=1021
DBG_DWM_CH5_RX_HUNT_EMPTY ret=-116 status=0x00000000 acq=3
DBG_ANCHOR_CH5_SCAN_DONE ret=-116 len=0 fail=1 pre=0 q=0 rx_us=3814 complete=15
DBG_ANCHOR_CH5_SCAN_RESCHED ret=1 delay=380
DBG_ANCHOR_CH5_SCAN_HANDLER role=2
DBG_DWM_CH5_RX_HUNT_START acq=3 complete=15 cap=1021
DBG_DWM_CH5_RX_HUNT_EMPTY ret=-116 status=0x00000000 acq=3
DBG_ANCHOR_CH5_SCAN_RESCHED ret=1 delay=380
DBG_ANCHOR_CH5_SCAN_HANDLER role=2
DBG_DWM_CH5_RX_HUNT_START acq=3 complete=15 cap=1021
DBG_DWM_CH5_RX_HUNT_EMPTY ret=-116 status=0x00000000 acq=3
DBG_ANCHOR_CH5_SCAN_RESCHED ret=1 delay=380
DBG_ANCHOR_CH5_SCAN_HANDLER role=2
DBG_ANCHOR_CH5_SCAN_ARM now=138011 win=3 complete=15 interval=380 wait=0 tx=0
DBG_DWM_CH5_RX_HUNT_START acq=3 complete=15 cap=1021
DBG_DWM_CH5_RX_HUNT_EMPTY ret=-116 status=0x00000000 acq=3
DBG_ANCHOR_CH5_SCAN_DONE ret=-116 len=0 fail=1 pre=0 q=0 rx_us=3631 complete=15
DBG_ANCHOR_CH5_SCAN_RESCHED ret=1 delay=380
DBG_ANCHOR_CH5_SCAN_HANDLER role=2
DBG_DWM_CH5_RX_HUNT_START acq=3 complete=15 cap=1021
DBG_DWM_CH5_RX_HUNT_EMPTY ret=-116 status=0x00000000 acq=3
DBG_ANCHOR_CH5_SCAN_RESCHED ret=1 delay=380
DBG_ANCHOR_CH5_SCAN_HANDLER role=2
DBG_DWM_CH5_RX_HUNT_START acq=3 complete=15 cap=1021
DBG_DWM_CH5_RX_HUNT_EMPTY ret=-116 status=0x00000000 acq=3
DBG_ANCHOR_CH5_SCAN_RESCHED ret=1 delay=380
DBG_ANCHOR_CH5_SCAN_HANDLER role=2
DBG_ANCHOR_CH5_SCAN_ARM now=139223 win=3 complete=15 interval=380 wait=0 tx=0
DBG_DWM_CH5_RX_HUNT_START acq=3 complete=15 cap=1021
DBG_DWM_CH5_RX_HUNT_EMPTY ret=-116 status=0x00000000 acq=3
DBG_ANCHOR_CH5_SCAN_DONE ret=-116 len=0 fail=1 pre=0 q=0 rx_us=3265 complete=15
DBG_ANCHOR_CH5_SCAN_RESCHED ret=1 delay=380
DBG_ANCHOR_CH5_SCAN_HANDLER role=2
DBG_DWM_CH5_RX_HUNT_START acq=3 complete=15 cap=1021
DBG_DWM_CH5_RX_HUNT_EMPTY ret=-116 status=0x00000000 acq=3
DBG_ANCHOR_CH5_SCAN_RESCHED ret=1 delay=380
DBG_ANCHOR_CH5_SCAN_HANDLER role=2
DBG_DWM_CH5_RX_HUNT_START acq=3 complete=15 cap=1021
DBG_DWM_CH5_RX_HUNT_EMPTY ret=-116 status=0x00000000 acq=3
DBG_ANCHOR_CH5_SCAN_RESCHED ret=1 delay=380
DBG_ANCHOR_CH5_SCAN_HANDLER role=2
DBG_ANCHOR_CH5_SCAN_ARM now=140434 win=3 complete=15 interval=380 wait=0 tx=0
DBG_DWM_CH5_RX_HUNT_START acq=3 complete=15 cap=1021
DBG_DWM_CH5_RX_HUNT_EMPTY ret=-116 status=0x00000000 acq=3
DBG_ANCHOR_CH5_SCAN_DONE ret=-116 len=0 fail=1 pre=0 q=0 rx_us=3997 complete=15
DBG_ANCHOR_CH5_SCAN_RESCHED ret=1 delay=380
DBG_ANCHOR_CH5_SCAN_HANDLER role=2
DBG_DWM_CH5_RX_HUNT_START acq=3 complete=15 cap=1021
DBG_DWM_CH5_RX_HUNT_EMPTY ret=-116 status=0x00000000 acq=3
DBG_ANCHOR_CH5_SCAN_RESCHED ret=1 delay=380
DBG_ANCHOR_CH5_SCAN_HANDLER role=2
DBG_DWM_CH5_RX_HUNT_START acq=3 complete=15 cap=1021
DBG_DWM_CH5_RX_HUNT_EMPTY ret=-116 status=0x00000000 acq=3
DBG_ANCHOR_CH5_SCAN_RESCHED ret=1 delay=380
DBG_ANCHOR_CH5_SCAN_HANDLER role=2
DBG_ANCHOR_CH5_SCAN_ARM now=141645 win=3 complete=15 interval=380 wait=0 tx=0
DBG_DWM_CH5_RX_HUNT_START acq=3 complete=15 cap=1021
DBG_DWM_CH5_RX_HUNT_EMPTY ret=-116 status=0x00000000 acq=3
DBG_ANCHOR_CH5_SCAN_DONE ret=-116 len=0 fail=1 pre=0 q=0 rx_us=3814 complete=15
DBG_ANCHOR_CH5_SCAN_RESCHED ret=1 delay=380
DBG_ANCHOR_CH5_SCAN_HANDLER role=2
DBG_DWM_CH5_RX_HUNT_START acq=3 complete=15 cap=1021
DBG_DWM_CH5_RX_HUNT_EMPTY ret=-116 status=0x00000000 acq=3
DBG_ANCHOR_CH5_SCAN_RESCHED ret=1 delay=380
DBG_ANCHOR_CH5_SCAN_HANDLER role=2
DBG_DWM_CH5_RX_HUNT_START acq=3 complete=15 cap=1021
DBG_DWM_CH5_RX_HUNT_EMPTY ret=-116 status=0x00000000 acq=3
DBG_ANCHOR_CH5_SCAN_RESCHED ret=1 delay=380
DBG_ANCHOR_CH5_SCAN_HANDLER role=2
DBG_ANCHOR_CH5_SCAN_ARM now=142856 win=3 complete=15 interval=380 wait=0 tx=0
DBG_DWM_CH5_RX_HUNT_START acq=3 complete=15 cap=1021
DBG_DWM_CH5_RX_HUNT_EMPTY ret=-116 status=0x00000000 acq=3
DBG_ANCHOR_CH5_SCAN_DONE ret=-116 len=0 fail=1 pre=0 q=0 rx_us=3631 complete=15
DBG_ANCHOR_CH5_SCAN_RESCHED ret=1 delay=380
DBG_ANCHOR_CH5_SCAN_HANDLER role=2
DBG_DWM_CH5_RX_HUNT_START acq=3 complete=15 cap=1021
DBG_DWM_CH5_RX_HUNT_EMPTY ret=-116 status=0x00000000 acq=3
DBG_ANCHOR_CH5_SCAN_RESCHED ret=1 delay=380
DBG_ANCHOR_CH5_SCAN_HANDLER role=2
DBG_DWM_CH5_RX_HUNT_START acq=3 complete=15 cap=1021
DBG_DWM_CH5_RX_HUNT_EMPTY ret=-116 status=0x00000000 acq=3
DBG_ANCHOR_CH5_SCAN_RESCHED ret=1 delay=380
DBG_ANCHOR_CH5_SCAN_HANDLER role=2
DBG_ANCHOR_CH5_SCAN_ARM now=144068 win=3 complete=15 interval=380 wait=0 tx=0
DBG_DWM_CH5_RX_HUNT_START acq=3 complete=15 cap=1021
DBG_DWM_CH5_RX_HUNT_EMPTY ret=-116 status=0x00000000 acq=3
DBG_ANCHOR_CH5_SCAN_DONE ret=-116 len=0 fail=1 pre=0 q=0 rx_us=3265 complete=15
DBG_ANCHOR_CH5_SCAN_RESCHED ret=1 delay=380
DBG_ANCHOR_CH5_SCAN_HANDLER role=2
DBG_DWM_CH5_RX_HUNT_START acq=3 complete=15 cap=1021
DBG_DWM_CH5_RX_HUNT_EMPTY ret=-116 status=0x00000000 acq=3
DBG_ANCHOR_CH5_SCAN_RESCHED ret=1 delay=380
DBG_ANCHOR_CH5_SCAN_HANDLER role=2
DBG_DWM_CH5_RX_HUNT_START acq=3 complete=15 cap=1021
DBG_DWM_CH5_RX_HUNT_EMPTY ret=-116 status=0x00000000 acq=3
DBG_ANCHOR_CH5_SCAN_RESCHED ret=1 delay=380
DBG_ANCHOR_CH5_SCAN_HANDLER role=2
DBG_ANCHOR_CH5_SCAN_ARM now=145279 win=3 complete=15 interval=380 wait=0 tx=0
DBG_DWM_CH5_RX_HUNT_START acq=3 complete=15 cap=1021
DBG_DWM_CH5_RX_HUNT_EMPTY ret=-116 status=0x00000000 acq=3
DBG_ANCHOR_CH5_SCAN_DONE ret=-116 len=0 fail=1 pre=0 q=0 rx_us=3631 complete=15
DBG_ANCHOR_CH5_SCAN_RESCHED ret=1 delay=380
DBG_ANCHOR_CH5_SCAN_HANDLER role=2
DBG_DWM_CH5_RX_HUNT_START acq=3 complete=15 cap=1021
DBG_DWM_CH5_RX_HUNT_EMPTY ret=-116 status=0x00000000 acq=3
DBG_ANCHOR_CH5_SCAN_RESCHED ret=1 delay=380
DBG_ANCHOR_CH5_SCAN_HANDLER role=2
DBG_DWM_CH5_RX_HUNT_START acq=3 complete=15 cap=1021
DBG_DWM_CH5_RX_HUNT_EMPTY ret=-116 status=0x00000000 acq=3
DBG_ANCHOR_CH5_SCAN_RESCHED ret=1 delay=380
DBG_ANCHOR_CH5_SCAN_HANDLER role=2
DBG_ANCHOR_CH5_SCAN_ARM now=146490 win=3 complete=15 interval=380 wait=0 tx=0
DBG_DWM_CH5_RX_HUNT_START acq=3 complete=15 cap=1021
DBG_DWM_CH5_RX_HUNT_EMPTY ret=-116 status=0x00000000 acq=3
DBG_ANCHOR_CH5_SCAN_DONE ret=-116 len=0 fail=1 pre=0 q=0 rx_us=3814 complete=15
DBG_ANCHOR_CH5_SCAN_RESCHED ret=1 delay=380
DBG_ANCHOR_CH5_SCAN_HANDLER role=2
DBG_DWM_CH5_RX_HUNT_START acq=3 complete=15 cap=1021
DBG_DWM_CH5_RX_HUNT_EMPTY ret=-116 status=0x00000000 acq=3
DBG_ANCHOR_CH5_SCAN_RESCHED ret=1 delay=380
DBG_ANCHOR_CH5_SCAN_HANDLER role=2
DBG_DWM_CH5_RX_HUNT_START acq=3 complete=15 cap=1021
DBG_DWM_CH5_RX_HUNT_EMPTY ret=-116 status=0x00000000 acq=3
DBG_ANCHOR_CH5_SCAN_RESCHED ret=1 delay=380
DBG_ANCHOR_CH5_SCAN_HANDLER role=2
DBG_ANCHOR_CH5_SCAN_ARM now=147702 win=3 complete=15 interval=380 wait=0 tx=0
DBG_DWM_CH5_RX_HUNT_START acq=3 complete=15 cap=1021
DBG_DWM_CH5_RX_HUNT_EMPTY ret=-116 status=0x00000000 acq=3
DBG_ANCHOR_CH5_SCAN_DONE ret=-116 len=0 fail=1 pre=0 q=0 rx_us=3631 complete=15
DBG_ANCHOR_CH5_SCAN_RESCHED ret=1 delay=380
DBG_ANCHOR_CH5_SCAN_HANDLER role=2
DBG_DWM_CH5_RX_HUNT_START acq=3 complete=15 cap=1021
DBG_DWM_CH5_RX_HUNT_EMPTY ret=-116 status=0x00000000 acq=3
DBG_ANCHOR_CH5_SCAN_RESCHED ret=1 delay=380
DBG_ANCHOR_CH5_SCAN_HANDLER role=2
DBG_DWM_CH5_RX_HUNT_START acq=3 complete=15 cap=1021
DBG_DWM_CH5_RX_HUNT_EMPTY ret=-116 status=0x00000000 acq=3
DBG_ANCHOR_CH5_SCAN_RESCHED ret=1 delay=380
DBG_ANCHOR_CH5_SCAN_HANDLER role=2
DBG_ANCHOR_CH5_SCAN_ARM now=148913 win=3 complete=15 interval=380 wait=0 tx=0
DBG_DWM_CH5_RX_HUNT_START acq=3 complete=15 cap=1021
DBG_DWM_CH5_RX_HUNT_EMPTY ret=-116 status=0x00000000 acq=3
DBG_ANCHOR_CH5_SCAN_DONE ret=-116 len=0 fail=1 pre=0 q=0 rx_us=3814 complete=15
DBG_ANCHOR_CH5_SCAN_RESCHED ret=1 delay=380
DBG_ANCHOR_CH5_SCAN_HANDLER role=2
DBG_DWM_CH5_RX_HUNT_START acq=3 complete=15 cap=1021
DBG_DWM_CH5_RX_HUNT_EMPTY ret=-116 status=0x00000000 acq=3
DBG_ANCHOR_CH5_SCAN_RESCHED ret=1 delay=380
DBG_ANCHOR_CH5_SCAN_HANDLER role=2
DBG_DWM_CH5_RX_HUNT_START acq=3 complete=15 cap=1021
DBG_DWM_CH5_RX_HUNT_EMPTY ret=-116 status=0x00000000 acq=3
DBG_ANCHOR_CH5_SCAN_RESCHED ret=1 delay=380
DBG_ANCHOR_CH5_SCAN_HANDLER role=2
DBG_ANCHOR_CH5_SCAN_ARM now=150125 win=3 complete=15 interval=380 wait=0 tx=0
DBG_DWM_CH5_RX_HUNT_START acq=3 complete=15 cap=1021
DBG_DWM_CH5_RX_HUNT_EMPTY ret=-116 status=0x00000000 acq=3
DBG_ANCHOR_CH5_SCAN_DONE ret=-116 len=0 fail=1 pre=0 q=0 rx_us=3448 complete=15
DBG_ANCHOR_CH5_SCAN_RESCHED ret=1 delay=380
DBG_ANCHOR_CH5_SCAN_HANDLER role=2
DBG_DWM_CH5_RX_HUNT_START acq=3 complete=15 cap=1021
DBG_DWM_CH5_RX_HUNT_EMPTY ret=-116 status=0x00000000 acq=3
DBG_ANCHOR_CH5_SCAN_RESCHED ret=1 delay=380
DBG_ANCHOR_CH5_SCAN_HANDLER role=2
DBG_DWM_CH5_RX_HUNT_START acq=3 complete=15 cap=1021
DBG_DWM_CH5_RX_HUNT_EMPTY ret=-116 status=0x00000000 acq=3
DBG_ANCHOR_CH5_SCAN_RESCHED ret=1 delay=380
DBG_ANCHOR_CH5_SCAN_HANDLER role=2
DBG_ANCHOR_CH5_SCAN_ARM now=151336 win=3 complete=15 interval=380 wait=0 tx=0
DBG_DWM_CH5_RX_HUNT_START acq=3 complete=15 cap=1021
DBG_DWM_CH5_RX_ACTIVITY_EXTEND ret=0 status=0x00000100 complete=15
DBG_DWM_CH5_RX_ACTIVITY_WAIT status=0x00000100 remain=15
DBG_DWM_CH5_RX_ACTIVITY_DONE raw=51 payload=49 status=0x00006f00 rearm=0 extended=1
DBG_ANCHOR_CH5_SCAN_DONE ret=0 len=49 fail=0 pre=1 q=100 rx_us=3051 complete=15
DBG_UWB_RX_CH5
DBG_ANCHOR_CH5_FRAME len=49 q=100 wake_ret=0
DBG_ANCHOR_ROUTE_WAKE_DISPATCH src=0x708bc0aab970300e evt=152758 attempt=1 flags=0x92 len=49 q=100
DBG_C5_CONTACT phase=open state=2 peer=0x708bc0aab970300e purpose=route_solicit reason=wake-claim
DBG_C5_CONTACT phase=accepted state=2 peer=0x708bc0aab970300e purpose=route_solicit reason=wake-claim
DBG_ANCHOR_ROUTE_WAKE_HANDOFF src=0x708bc0aab970300e evt=152758 attempt=1 flags=0x92 embedded=0 listen=1250
DBG_C5_CONTACT phase=exchange state=3 peer=0x708bc0aab970300e purpose=route_solicit reason=anchor-route-wake-followup
DBG_ROUTE_REPLY_LISTEN_START
DBG_DWM_WAKE_MESH_CTRL_OK sfd=4073
DBG_ROUTE_REPLY_LISTEN_CONFIG ret=0 ext=1
DBG_DWM_CH5_RX_HUNT_START acq=61 complete=15 cap=1021
DBG_DWM_CH5_RX_ACTIVITY_EXTEND ret=0 status=0x00000100 complete=15
DBG_DWM_CH5_RX_ACTIVITY_WAIT status=0x00000100 remain=15
DBG_DWM_CH5_RX_ACTIVITY_DONE raw=51 payload=49 status=0x00006f00 rearm=0 extended=1
DBG_DWM_WAKE_MESH_CTRL_OK sfd=4073
DBG_ROUTE_REPLY_CLICK_PROBE_DONE duration_ms=43 outcome=restore ret=0
DBG_C5_RX_FAIL status=0x00001300 finfo=0x00000000 fail=4 phy=4 ch=5 plen=3 pac=2 txc=9 rxc=9 sfd=2 rate=0 phr=1 phrr=0 sfdto=4
DBG_ROUTE_REPLY_RX_FRAME
DBG_EVENT_CTRL_RX
DBG_UWB_RX_CH5
DBG_MESH_RX_QUEUED ch=5 msg=0x37 src=0x708bc0aab970300e dst=0x191a9619c6c8cb07 prev=0x708bc0aab970300e seq=9 q=1
DBG_MESH_RX_DEFERRED q=1 msg=0x37
DBG_EVENT_CTRL_POST_RX_QUEUED
DBG_COORD state=mesh-rx owner=uwb-rx reason=mesh-rx rx=1 tx=0 relay=0 route=0 ack=0 qack=0
DBG_ANCHOR_MESH_RX_YIELD reason=anchor-low-duty-ch5-owner ch9=0 delay=0 scan_int=380 scan_win=3 wait=0 q=1
DBG_MESH_RX_WORK_WAIT q=1
DBG_MESH_RX_WORK_ENTER q=1
DBG_MESH_RX_DRAIN_ENTER owner=work q=1
DBG_RX_HANDLE msg=0x37 act=0x00000002 st=0 q=0 sel=1 next=0x9999888877776666 hop=0
DBG_EVENT_RX msg=37 recv=151541 ref=151531 next=152041 cnt=3173226828 txeven=1
DBG_ROUTE_REPLY_LISTEN_DONE captured=1 ret=0
DBG_EVENT_CTRL_CONTACT_KEEP_RESPONSE
DBG_ANCHOR_ROUTE_WAKE_HANDOFF_DONE src=0x708bc0aab970300e embedded=0 ret=0 pending=0
DBG_ANCHOR_ROUTE_WAKE_DISPATCH_DONE handled=1 len=49 q=100
DBG_ANCHOR_CH5_SCAN_RESCHED ret=1 delay=380
DBG_EVENT_RETRY_SCHED msg=38 peer=0x708bc0aab970300e delay=566 rf=0 round=1 ret=1 reason=event-accept-send
DBG_C5_CONTACT phase=closing state=4 peer=0x708bc0aab970300e purpose=route_solicit reason=replace
DBG_C5_CONTACT phase=open state=2 peer=0x708bc0aab970300e purpose=channel9_timing_negotiation reason=c5-control-rx
DBG_C5_CONTACT phase=accepted state=2 peer=0x708bc0aab970300e purpose=channel9_timing_negotiation reason=c5-control-rx
DBG_MESH_RX_DRAIN_EXIT owner=work handled=0 q=0
DBG_MESH_RX_WORK_EXIT handled=0 q=0
DBG_COORD state=idle owner=report-tx reason=idle rx=0 tx=0 relay=0 route=0 ack=0 qack=0
DBG_ANCHOR_CH5_SCAN_HANDLER role=2
DBG_ANCHOR_CH5_SCAN_BLOCKED win=0 survey=0 tx=0 retry_gap=0 wait=0 rx=1 rxq=0 rxr=1 ack=0 ch9=0 rf=0 retry=20 interval=380
DBG_ANCHOR_CH5_SCAN_RESCHED ret=1 delay=20
DBG_ANCHOR_CH5_SCAN_HANDLER role=2
DBG_ANCHOR_CH5_SCAN_BLOCKED win=0 survey=0 tx=0 retry_gap=0 wait=0 rx=1 rxq=0 rxr=1 ack=0 ch9=0 rf=0 retry=20 interval=380
DBG_ANCHOR_CH5_SCAN_RESCHED ret=1 delay=20
DBG_ANCHOR_CH5_SCAN_HANDLER role=2
DBG_ANCHOR_CH5_SCAN_BLOCKED win=0 survey=0 tx=0 retry_gap=0 wait=0 rx=1 rxq=0 rxr=1 ack=0 ch9=0 rf=0 retry=20 interval=380
DBG_ANCHOR_CH5_SCAN_RESCHED ret=1 delay=20
DBG_ANCHOR_CH5_SCAN_HANDLER role=2
DBG_ANCHOR_CH5_SCAN_BLOCKED win=0 survey=0 tx=0 retry_gap=0 wait=0 rx=1 rxq=0 rxr=1 ack=0 ch9=0 rf=0 retry=20 interval=380
DBG_ANCHOR_CH5_SCAN_RESCHED ret=1 delay=20
DBG_ANCHOR_CH5_SCAN_HANDLER role=2
DBG_ANCHOR_CH5_SCAN_BLOCKED win=0 survey=0 tx=0 retry_gap=0 wait=0 rx=1 rxq=0 rxr=1 ack=0 ch9=0 rf=0 retry=20 interval=380
DBG_ANCHOR_CH5_SCAN_RESCHED ret=1 delay=20
DBG_ANCHOR_CH5_SCAN_HANDLER role=2
DBG_ANCHOR_CH5_SCAN_BLOCKED win=0 survey=0 tx=0 retry_gap=0 wait=0 rx=1 rxq=0 rxr=1 ack=0 ch9=0 rf=0 retry=20 interval=380
DBG_ANCHOR_CH5_SCAN_RESCHED ret=1 delay=20
DBG_ANCHOR_CH5_SCAN_HANDLER role=2
DBG_ANCHOR_CH5_SCAN_BLOCKED win=0 survey=0 tx=0 retry_gap=0 wait=0 rx=1 rxq=0 rxr=1 ack=0 ch9=0 rf=0 retry=20 interval=380
DBG_ANCHOR_CH5_SCAN_RESCHED ret=1 delay=20
DBG_ANCHOR_CH5_SCAN_HANDLER role=2
DBG_ANCHOR_CH5_SCAN_BLOCKED win=0 survey=0 tx=0 retry_gap=0 wait=0 rx=1 rxq=0 rxr=1 ack=0 ch9=0 rf=0 retry=20 interval=380
DBG_ANCHOR_CH5_SCAN_RESCHED ret=1 delay=20
DBG_ANCHOR_CH5_SCAN_HANDLER role=2
DBG_ANCHOR_CH5_SCAN_BLOCKED win=0 survey=0 tx=0 retry_gap=0 wait=0 rx=1 rxq=0 rxr=1 ack=0 ch9=0 rf=0 retry=20 interval=380
DBG_ANCHOR_CH5_SCAN_RESCHED ret=1 delay=20
DBG_ANCHOR_CH5_SCAN_HANDLER role=2
DBG_ANCHOR_CH5_SCAN_BLOCKED win=0 survey=0 tx=0 retry_gap=0 wait=0 rx=1 rxq=0 rxr=1 ack=0 ch9=0 rf=0 retry=20 interval=380
DBG_ANCHOR_CH5_SCAN_RESCHED ret=1 delay=20
DBG_ANCHOR_CH5_SCAN_HANDLER role=2
DBG_ANCHOR_CH5_SCAN_BLOCKED win=0 survey=0 tx=0 retry_gap=0 wait=0 rx=1 rxq=0 rxr=1 ack=0 ch9=0 rf=0 retry=20 interval=380
DBG_ANCHOR_CH5_SCAN_RESCHED ret=1 delay=20
DBG_ANCHOR_CH5_SCAN_HANDLER role=2
DBG_ANCHOR_CH5_SCAN_BLOCKED win=0 survey=0 tx=0 retry_gap=0 wait=0 rx=1 rxq=0 rxr=1 ack=0 ch9=0 rf=0 retry=20 interval=380
DBG_ANCHOR_CH5_SCAN_RESCHED ret=1 delay=20
DBG_ANCHOR_CH5_SCAN_HANDLER role=2
DBG_ANCHOR_CH5_SCAN_BLOCKED win=0 survey=0 tx=0 retry_gap=0 wait=0 rx=1 rxq=0 rxr=1 ack=0 ch9=0 rf=0 retry=20 interval=380
DBG_ANCHOR_CH5_SCAN_RESCHED ret=1 delay=20
DBG_ANCHOR_CH5_SCAN_HANDLER role=2
DBG_ANCHOR_CH5_SCAN_BLOCKED win=0 survey=0 tx=0 retry_gap=0 wait=0 rx=1 rxq=0 rxr=1 ack=0 ch9=0 rf=0 retry=20 interval=380
DBG_ANCHOR_CH5_SCAN_RESCHED ret=1 delay=20
DBG_C5_CONTACT phase=exchange state=3 peer=0x708bc0aab970300e purpose=channel9_timing_negotiation reason=mesh-event-accept-ret
DBG_DWM_WAKE_MESH_CTRL_OK sfd=4073
DBG_C5_TX_CONFIG ret=0 ext=1 len=103 msg=38 reason=mesh-event-accept-retry
DBG_ANCHOR_CH5_SCAN_HANDLER role=2
DBG_ANCHOR_CH5_SCAN_BLOCKED win=0 survey=0 tx=0 retry_gap=0 wait=0 rx=1 rxq=0 rxr=1 ack=0 ch9=0 rf=1 retry=20 interval=380
DBG_ANCHOR_CH5_SCAN_RESCHED ret=1 delay=20
DBG_UWB_TX_CH5
DBG_C5_CONTACT phase=exchange state=3 peer=0x708bc0aab970300e purpose=channel9_timing_negotiation reason=mesh-event-accept-ret
DBG_C5_CONTACT phase=closing state=4 peer=0x708bc0aab970300e purpose=channel9_timing_negotiation reason=event-accept-sent
DBG_EVENT_ACCEPT_REALIGNED prev=0x708bc0aab970300e next=152681
DBG_CH5_GAP_SCAN now=152221 win=100 next_delay=1040
DBG_ANCHOR_CH5_SCAN_HANDLER role=2
DBG_ANCHOR_CH5_SCAN_BLOCKED win=0 survey=0 tx=0 retry_gap=0 wait=0 rx=0 rxq=0 rxr=0 ack=0 ch9=0 rf=1 retry=20 interval=380
DBG_ANCHOR_CH5_SCAN_RESCHED ret=1 delay=20
DBG_ANCHOR_CH5_SCAN_HANDLER role=2
DBG_ANCHOR_CH5_SCAN_BLOCKED win=0 survey=0 tx=0 retry_gap=0 wait=0 rx=0 rxq=0 rxr=0 ack=0 ch9=0 rf=1 retry=20 interval=380
DBG_ANCHOR_CH5_SCAN_RESCHED ret=1 delay=20
DBG_ANCHOR_CH5_SCAN_HANDLER role=2
DBG_ANCHOR_CH5_SCAN_BLOCKED win=0 survey=0 tx=0 retry_gap=0 wait=0 rx=0 rxq=0 rxr=0 ack=0 ch9=0 rf=1 retry=20 interval=380
DBG_ANCHOR_CH5_SCAN_RESCHED ret=1 delay=20
DBG_ANCHOR_CH5_SCAN_HANDLER role=2
DBG_ANCHOR_CH5_SCAN_BLOCKED win=0 survey=0 tx=0 retry_gap=0 wait=0 rx=0 rxq=0 rxr=0 ack=0 ch9=0 rf=1 retry=20 interval=380
DBG_ANCHOR_CH5_SCAN_RESCHED ret=1 delay=20
DBG_CH5_GAP_SCAN_DONE frames=0 last_error=0 now=152322 deadline=152321 click=0
DBG_DWM_KEEP_IDLE reason=mesh-rx ch9=1 ack=0 qack=0 ret=0
DBG_CH5_GAP_SCAN now=152323 win=100 next_delay=938
DBG_ANCHOR_CH5_SCAN_HANDLER role=2
DBG_ANCHOR_CH5_SCAN_BLOCKED win=0 survey=0 tx=0 retry_gap=0 wait=0 rx=0 rxq=0 rxr=0 ack=0 ch9=0 rf=1 retry=20 interval=380
DBG_ANCHOR_CH5_SCAN_RESCHED ret=1 delay=20
DBG_ANCHOR_CH5_SCAN_HANDLER role=2
DBG_ANCHOR_CH5_SCAN_BLOCKED win=0 survey=0 tx=0 retry_gap=0 wait=0 rx=0 rxq=0 rxr=0 ack=0 ch9=0 rf=1 retry=20 interval=380
DBG_ANCHOR_CH5_SCAN_RESCHED ret=1 delay=20
DBG_ANCHOR_CH5_SCAN_HANDLER role=2
DBG_ANCHOR_CH5_SCAN_BLOCKED win=0 survey=0 tx=0 retry_gap=0 wait=0 rx=0 rxq=0 rxr=0 ack=0 ch9=0 rf=1 retry=20 interval=380
DBG_ANCHOR_CH5_SCAN_RESCHED ret=1 delay=20
DBG_ANCHOR_CH5_SCAN_HANDLER role=2
DBG_ANCHOR_CH5_SCAN_BLOCKED win=0 survey=0 tx=0 retry_gap=0 wait=0 rx=0 rxq=0 rxr=0 ack=0 ch9=0 rf=1 retry=20 interval=380
DBG_ANCHOR_CH5_SCAN_RESCHED ret=1 delay=20
DBG_CH5_GAP_SCAN_DONE frames=0 last_error=0 now=152423 deadline=152423 click=0
DBG_DWM_KEEP_IDLE reason=mesh-rx ch9=1 ack=0 qack=0 ret=0
DBG_CH5_GAP_SCAN now=152424 win=100 next_delay=837
DBG_ANCHOR_CH5_SCAN_HANDLER role=2
DBG_ANCHOR_CH5_SCAN_BLOCKED win=0 survey=0 tx=0 retry_gap=0 wait=0 rx=0 rxq=0 rxr=0 ack=0 ch9=0 rf=1 retry=20 interval=380
DBG_ANCHOR_CH5_SCAN_RESCHED ret=1 delay=20
DBG_ANCHOR_CH5_SCAN_HANDLER role=2
DBG_ANCHOR_CH5_SCAN_BLOCKED win=0 survey=0 tx=0 retry_gap=0 wait=0 rx=0 rxq=0 rxr=0 ack=0 ch9=0 rf=1 retry=20 interval=380
DBG_ANCHOR_CH5_SCAN_RESCHED ret=1 delay=20
DBG_ANCHOR_CH5_SCAN_HANDLER role=2
DBG_ANCHOR_CH5_SCAN_BLOCKED win=0 survey=0 tx=0 retry_gap=0 wait=0 rx=0 rxq=0 rxr=0 ack=0 ch9=0 rf=1 retry=20 interval=380
DBG_ANCHOR_CH5_SCAN_RESCHED ret=1 delay=20
DBG_ANCHOR_CH5_SCAN_HANDLER role=2
DBG_ANCHOR_CH5_SCAN_BLOCKED win=0 survey=0 tx=0 retry_gap=0 wait=0 rx=0 rxq=0 rxr=0 ack=0 ch9=0 rf=1 retry=20 interval=380
DBG_ANCHOR_CH5_SCAN_RESCHED ret=1 delay=20
DBG_CH5_GAP_SCAN_DONE frames=0 last_error=0 now=152525 deadline=152524 click=0
DBG_DWM_KEEP_IDLE reason=mesh-rx ch9=1 ack=0 qack=0 ret=0
DBG_CH5_GAP_SCAN now=152526 win=100 next_delay=735
DBG_ANCHOR_CH5_SCAN_HANDLER role=2
DBG_ANCHOR_CH5_SCAN_BLOCKED win=0 survey=0 tx=0 retry_gap=0 wait=0 rx=0 rxq=0 rxr=0 ack=0 ch9=0 rf=1 retry=20 interval=380
DBG_ANCHOR_CH5_SCAN_RESCHED ret=1 delay=20
DBG_ANCHOR_CH5_SCAN_HANDLER role=2
DBG_ANCHOR_CH5_SCAN_BLOCKED win=0 survey=0 tx=0 retry_gap=0 wait=0 rx=0 rxq=0 rxr=0 ack=0 ch9=0 rf=1 retry=20 interval=380
DBG_ANCHOR_CH5_SCAN_RESCHED ret=1 delay=20
DBG_ANCHOR_CH5_SCAN_HANDLER role=2
DBG_ANCHOR_CH5_SCAN_BLOCKED win=0 survey=0 tx=0 retry_gap=0 wait=0 rx=0 rxq=0 rxr=0 ack=0 ch9=0 rf=1 retry=20 interval=380
DBG_ANCHOR_CH5_SCAN_RESCHED ret=1 delay=20
DBG_ANCHOR_CH5_SCAN_HANDLER role=2
DBG_ANCHOR_CH5_SCAN_BLOCKED win=0 survey=0 tx=0 retry_gap=0 wait=0 rx=0 rxq=0 rxr=0 ack=0 ch9=0 rf=1 retry=20 interval=380
DBG_CH5_GAP_SCAN_DONE frames=0 last_error=0 now=152626 deadline=152626 click=0
DBG_ANCHOR_CH5_SCAN_RESCHED ret=1 delay=20
DBG_ANCHOR_CH5_SCAN_HANDLER role=2
DBG_ANCHOR_CH5_SCAN_BLOCKED win=0 survey=0 tx=0 retry_gap=0 wait=0 rx=0 rxq=0 rxr=0 ack=0 ch9=0 rf=1 retry=20 interval=380
DBG_ANCHOR_CH5_SCAN_RESCHED ret=1 delay=20
DBG_ANCHOR_CH5_SCAN_HANDLER role=2
DBG_ANCHOR_CH5_SCAN_BLOCKED win=0 survey=0 tx=0 retry_gap=0 wait=0 rx=0 rxq=0 rxr=0 ack=0 ch9=0 rf=1 retry=20 interval=380
DBG_ANCHOR_CH5_SCAN_RESCHED ret=1 delay=20
DBG_ANCHOR_CH5_SCAN_HANDLER role=2
DBG_ANCHOR_CH5_SCAN_BLOCKED win=0 survey=0 tx=0 retry_gap=0 wait=0 rx=0 rxq=0 rxr=0 ack=0 ch9=0 rf=1 retry=20 interval=380
DBG_ANCHOR_CH5_SCAN_RESCHED ret=1 delay=20
DBG_ANCHOR_CH5_SCAN_HANDLER role=2
DBG_CH5_GAP_SCAN_DONE frames=0 last_error=0 now=152728 deadline=152727 click=0
DBG_ANCHOR_CH5_SCAN_BLOCKED win=0 survey=0 tx=0 retry_gap=0 wait=0 rx=0 rxq=0 rxr=0 ack=0 ch9=0 rf=1 retry=20 interval=380
DBG_DWM_KEEP_IDLE reason=mesh-rx ch9=1 ack=0 qack=0 ret=0
DBG_CH5_GAP_SCAN now=152729 win=100 next_delay=532
DBG_ANCHOR_CH5_SCAN_RESCHED ret=1 delay=20
DBG_ANCHOR_CH5_SCAN_HANDLER role=2
DBG_ANCHOR_CH5_SCAN_BLOCKED win=0 survey=0 tx=0 retry_gap=0 wait=0 rx=0 rxq=0 rxr=0 ack=0 ch9=0 rf=1 retry=20 interval=380
DBG_ANCHOR_CH5_SCAN_RESCHED ret=1 delay=20
DBG_ANCHOR_CH5_SCAN_HANDLER role=2
DBG_ANCHOR_CH5_SCAN_BLOCKED win=0 survey=0 tx=0 retry_gap=0 wait=0 rx=0 rxq=0 rxr=0 ack=0 ch9=0 rf=1 retry=20 interval=380
DBG_ANCHOR_CH5_SCAN_RESCHED ret=1 delay=20
DBG_ANCHOR_CH5_SCAN_HANDLER role=2
DBG_ANCHOR_CH5_SCAN_BLOCKED win=0 survey=0 tx=0 retry_gap=0 wait=0 rx=0 rxq=0 rxr=0 ack=0 ch9=0 rf=1 retry=20 interval=380
DBG_ANCHOR_CH5_SCAN_RESCHED ret=1 delay=20
DBG_ANCHOR_CH5_SCAN_HANDLER role=2
DBG_CH5_GAP_SCAN_DONE frames=0 last_error=0 now=152830 deadline=152829 click=0
DBG_DWM_KEEP_IDLE reason=mesh-rx ch9=1 ack=0 qack=0 ret=0
DBG_CH5_GAP_SCAN now=152831 win=100 next_delay=430
DBG_ANCHOR_CH5_SCAN_BLOCKED win=0 survey=0 tx=0 retry_gap=0 wait=0 rx=0 rxq=0 rxr=0 ack=0 ch9=0 rf=1 retry=20 interval=380
DBG_ANCHOR_CH5_SCAN_RESCHED ret=1 delay=20
DBG_ANCHOR_CH5_SCAN_HANDLER role=2
DBG_ANCHOR_CH5_SCAN_BLOCKED win=0 survey=0 tx=0 retry_gap=0 wait=0 rx=0 rxq=0 rxr=0 ack=0 ch9=0 rf=1 retry=20 interval=380
DBG_ANCHOR_CH5_SCAN_RESCHED ret=1 delay=20
DBG_ANCHOR_CH5_SCAN_HANDLER role=2
DBG_ANCHOR_CH5_SCAN_BLOCKED win=0 survey=0 tx=0 retry_gap=0 wait=0 rx=0 rxq=0 rxr=0 ack=0 ch9=0 rf=1 retry=20 interval=380
DBG_ANCHOR_CH5_SCAN_RESCHED ret=1 delay=20
DBG_ANCHOR_CH5_SCAN_HANDLER role=2
DBG_ANCHOR_CH5_SCAN_BLOCKED win=0 survey=0 tx=0 retry_gap=0 wait=0 rx=0 rxq=0 rxr=0 ack=0 ch9=0 rf=1 retry=20 interval=380
DBG_ANCHOR_CH5_SCAN_RESCHED ret=1 delay=20
DBG_ANCHOR_CH5_SCAN_HANDLER role=2
DBG_CH5_GAP_SCAN_DONE frames=0 last_error=0 now=152931 deadline=152931 click=0
DBG_DWM_KEEP_IDLE reason=mesh-rx ch9=1 ack=0 qack=0 ret=0
DBG_CH9_SKIP_STALE n=1 now=152932 next=153321 cnt=3173226830 reason=rx-delay
DBG_CH5_GAP_SCAN now=152932 win=100 next_delay=329
DBG_ANCHOR_CH5_SCAN_BLOCKED win=0 survey=0 tx=0 retry_gap=0 wait=0 rx=0 rxq=0 rxr=0 ack=0 ch9=0 rf=1 retry=20 interval=380
DBG_ANCHOR_CH5_SCAN_RESCHED ret=1 delay=20
DBG_ANCHOR_CH5_SCAN_HANDLER role=2
DBG_ANCHOR_CH5_SCAN_BLOCKED win=0 survey=0 tx=0 retry_gap=0 wait=0 rx=0 rxq=0 rxr=0 ack=0 ch9=0 rf=1 retry=20 interval=380
DBG_ANCHOR_CH5_SCAN_RESCHED ret=1 delay=20
DBG_ANCHOR_CH5_SCAN_HANDLER role=2
DBG_ANCHOR_CH5_SCAN_BLOCKED win=0 survey=0 tx=0 retry_gap=0 wait=0 rx=0 rxq=0 rxr=0 ack=0 ch9=0 rf=1 retry=20 interval=380
DBG_ANCHOR_CH5_SCAN_RESCHED ret=1 delay=20
DBG_ANCHOR_CH5_SCAN_HANDLER role=2
DBG_ANCHOR_CH5_SCAN_BLOCKED win=0 survey=0 tx=0 retry_gap=0 wait=0 rx=0 rxq=0 rxr=0 ack=0 ch9=0 rf=1 retry=20 interval=380
DBG_ANCHOR_CH5_SCAN_RESCHED ret=1 delay=20
DBG_ANCHOR_CH5_SCAN_HANDLER role=2
DBG_CH5_GAP_SCAN_DONE frames=0 last_error=0 now=153032 deadline=153032 click=0
DBG_DWM_KEEP_IDLE reason=mesh-rx ch9=1 ack=0 qack=0 ret=0
DBG_CH5_GAP_SCAN now=153033 win=100 next_delay=228
DBG_ANCHOR_CH5_SCAN_BLOCKED win=0 survey=0 tx=0 retry_gap=0 wait=0 rx=0 rxq=0 rxr=0 ack=0 ch9=0 rf=1 retry=20 interval=380
DBG_ANCHOR_CH5_SCAN_RESCHED ret=1 delay=20
DBG_ANCHOR_CH5_SCAN_HANDLER role=2
DBG_ANCHOR_CH5_SCAN_BLOCKED win=0 survey=0 tx=0 retry_gap=0 wait=0 rx=0 rxq=0 rxr=0 ack=0 ch9=0 rf=1 retry=20 interval=380
DBG_ANCHOR_CH5_SCAN_RESCHED ret=1 delay=20
DBG_ANCHOR_CH5_SCAN_HANDLER role=2
DBG_ANCHOR_CH5_SCAN_BLOCKED win=0 survey=0 tx=0 retry_gap=0 wait=0 rx=0 rxq=0 rxr=0 ack=0 ch9=0 rf=1 retry=20 interval=380
DBG_ANCHOR_CH5_SCAN_RESCHED ret=1 delay=20
DBG_ANCHOR_CH5_SCAN_HANDLER role=2
DBG_ANCHOR_CH5_SCAN_BLOCKED win=0 survey=0 tx=0 retry_gap=0 wait=0 rx=0 rxq=0 rxr=0 ack=0 ch9=0 rf=1 retry=20 interval=380
DBG_ANCHOR_CH5_SCAN_RESCHED ret=1 delay=20
DBG_ANCHOR_CH5_SCAN_HANDLER role=2
DBG_CH5_GAP_SCAN_DONE frames=0 last_error=0 now=153134 deadline=153133 click=0
DBG_DWM_KEEP_IDLE reason=mesh-rx ch9=1 ack=0 qack=0 ret=0
DBG_CH5_GAP_SCAN now=153135 win=66 next_delay=126
DBG_ANCHOR_CH5_SCAN_BLOCKED win=0 survey=0 tx=0 retry_gap=0 wait=0 rx=0 rxq=0 rxr=0 ack=0 ch9=0 rf=1 retry=20 interval=380
DBG_ANCHOR_CH5_SCAN_RESCHED ret=1 delay=20
DBG_ANCHOR_CH5_SCAN_HANDLER role=2
DBG_ANCHOR_CH5_SCAN_BLOCKED win=0 survey=0 tx=0 retry_gap=0 wait=0 rx=0 rxq=0 rxr=0 ack=0 ch9=0 rf=1 retry=20 interval=380
DBG_ANCHOR_CH5_SCAN_RESCHED ret=1 delay=20
DBG_ANCHOR_CH5_SCAN_HANDLER role=2
DBG_ANCHOR_CH5_SCAN_BLOCKED win=0 survey=0 tx=0 retry_gap=0 wait=0 rx=0 rxq=0 rxr=0 ack=0 ch9=0 rf=1 retry=20 interval=380
DBG_ANCHOR_CH5_SCAN_RESCHED ret=1 delay=20
DBG_CH5_GAP_SCAN_DONE frames=0 last_error=0 now=153202 deadline=153201 click=0
DBG_DWM_KEEP_IDLE reason=mesh-rx ch9=1 ack=0 qack=0 ret=0
DBG_ANCHOR_CH5_SCAN_HANDLER role=2
DBG_ANCHOR_CH9_REARM delay=54 ret=1 ack=0
DBG_ANCHOR_CH5_SCAN_BLOCKED win=0 survey=0 tx=0 retry_gap=0 wait=0 rx=0 rxq=0 rxr=0 ack=0 ch9=1 rf=0 retry=299 interval=380
DBG_ANCHOR_CH5_SCAN_RESCHED ret=1 delay=299
DBG_CH9_RX_SLOT idx=0 cnt=3173226830 now=153261 start=153321 end=153441
DBG_CH9_EVENT_STATE state=granted peer=0x708bc0aab970300e start=153321 end=153441 reason=rx-slot
DBG_CH9_RX_START idx=0 now=153262 start=153321 end=153441 tail=60
DBG_CH9_RX_CONFIG_OK
DBG_CH9_RX_EARLY_ARM now=153281 start=153321 guard=60
DBG_CH9_RX_ARMED now=153281 start=153321 end=153441 deadline=153501
DBG_CH9_RX_FRAME
DBG_UWB_RX_CH9
DBG_CH9_RX_HW since_us=59712 host_delta=23 en32=0x000f3c60 rx32=0x00f2a829
DBG_CH9_RX_TIMING arm_delta=-40 hw_delta_us=19712 host_delta=23 len=97 q=100
DBG_UWB_RX_CH9
DBG_MESH_RX_QUEUED ch=9 msg=0x41 src=0x708bc0aab970300e dst=0x9999888877776666 prev=0x708bc0aab970300e seq=1 q=1
DBG_CH9_RX_EXPECTED delta=23 q=100
DBG_DWM_KEEP_IDLE reason=ch9-rx ch9=1 ack=0 qack=0 ret=0
DBG_CH9_RX_DONE_WITH_PEER
DBG_CH9_EVENT_STATE state=complete peer=0x708bc0aab970300e start=153321 end=153441 reason=rx-slot
DBG_MESH_RX_WORK_WAIT q=1
DBG_MESH_RX_WORK_ENTER q=1
DBG_MESH_RX_DRAIN_ENTER owner=work q=1
DBG_DIRECT_GW_TX seq=1 now=153505 reason=forward
DBG_CH9_EVENT_STATE state=tx_payload peer=0x9999888877776666 start=153505 end=153755 reason=forward
DBG_DIRECT_GW_TX_CONFIG ret=0 now=153505 seq=1
DBG_CH9_TX_SEND_AT now=153506 earliest=153505 msg=41 len=97
DBG_ANCHOR_CH5_SCAN_HANDLER role=2
DBG_ANCHOR_CH5_SCAN_BLOCKED win=0 survey=0 tx=1 retry_gap=0 wait=0 rx=0 rxq=0 rxr=0 ack=1 ch9=0 rf=1 retry=20 interval=380
DBG_ANCHOR_CH5_SCAN_RESCHED ret=1 delay=20
DBG_ANCHOR_CH5_SCAN_HANDLER role=2
DBG_ANCHOR_CH5_SCAN_BLOCKED win=0 survey=0 tx=1 retry_gap=0 wait=0 rx=0 rxq=0 rxr=0 ack=1 ch9=0 rf=1 retry=20 interval=380
DBG_ANCHOR_CH5_SCAN_RESCHED ret=1 delay=20
DBG_UWB_RX_CH9
DBG_MESH_RX_QUEUED ch=9 msg=0x32 src=0x9999888877776666 dst=0x708bc0aab970300e prev=0x9999888877776666 seq=17 q=1
DBG_GATEWAY_ACK_RX
DBG_DIRECT_GW_ACK_TRANSIT queued=1 valid=1 dst=0x708bc0aab970300e seq=17
DBG_DIRECT_GW_TX_ACK_WAIT ret=0 seq=1
DBG_DWM_KEEP_IDLE reason=direct-gateway-payload ch9=1 ack=0 qack=0 ret=0
DBG_TRANSIT_REVERSE_ROUTE_COMMIT src=0x708bc0aab970300e prev=0x708bc0aab970300e
DBG_CH9_ACK_QUEUE_ADD
DBG_CH9_TX_ACK_IDLE
DBG_LEGACY_ACK_NO_MATCH
DBG_FORWARD_GATEWAY_ACK_CAND ch=9 src=0x9999888877776666 dst=0x708bc0aab970300e next=0x708bc0aab970300e local=0x191a9619c6c8cb
DBG_FORWARD_GATEWAY_ACK_MATCH
DBG_CH9_ACK_QUEUE_REPLACE_GATEWAY
DBG_FORWARD_GATEWAY_ACK_QUEUE seq=17 next=0x708bc0aab970300e len=44 ids=0 first=0 last=0 owner=transit ret=0 reason=forward-ga
DBG_MESH_RX_DRAIN_EXIT owner=work handled=2 q=0
DBG_ANCHOR_CH5_SCAN_HANDLER role=2
DBG_ANCHOR_CH5_SCAN_BLOCKED win=0 survey=0 tx=1 retry_gap=0 wait=0 rx=0 rxq=0 rxr=0 ack=1 ch9=0 rf=1 retry=20 interval=380
DBG_ANCHOR_CH5_SCAN_RESCHED ret=1 delay=20
DBG_ANCHOR_CH5_SCAN_HANDLER role=2
DBG_ANCHOR_CH5_SCAN_BLOCKED win=0 survey=0 tx=1 retry_gap=0 wait=0 rx=0 rxq=0 rxr=0 ack=1 ch9=0 rf=1 retry=20 interval=380
DBG_ANCHOR_CH5_SCAN_RESCHED ret=1 delay=20
DBG_ANCHOR_CH5_SCAN_HANDLER role=2
DBG_ANCHOR_CH5_SCAN_BLOCKED win=0 survey=0 tx=1 retry_gap=0 wait=0 rx=0 rxq=0 rxr=0 ack=1 ch9=0 rf=1 retry=20 interval=380
DBG_ANCHOR_CH5_SCAN_RESCHED ret=1 delay=20
DBG_ANCHOR_CH5_SCAN_HANDLER role=2
DBG_ANCHOR_CH5_SCAN_BLOCKED win=0 survey=0 tx=1 retry_gap=0 wait=0 rx=0 rxq=0 rxr=0 ack=1 ch9=0 rf=1 retry=20 interval=380
DBG_ANCHOR_CH5_SCAN_RESCHED ret=1 delay=20
DBG_CH5_GAP_SCAN_DONE frames=0 last_error=0 now=153642 deadline=153641 click=0
DBG_DWM_KEEP_IDLE reason=mesh-rx ch9=1 ack=0 qack=1 ret=0
DBG_CH9_ACK_TX_WAIT
DBG_CH9_ACK_WAIT peer=0x708bc0aab970300e ret=-10 act=2 now=153643 start=153961 n=1
DBG_CH5_GAP_SCAN now=153643 win=100 next_delay=258
DBG_ANCHOR_CH5_SCAN_HANDLER role=2
DBG_ANCHOR_CH5_SCAN_BLOCKED win=0 survey=0 tx=1 retry_gap=0 wait=0 rx=0 rxq=0 rxr=0 ack=1 ch9=0 rf=1 retry=20 interval=380
DBG_ANCHOR_CH5_SCAN_RESCHED ret=1 delay=20
DBG_ANCHOR_CH5_SCAN_HANDLER role=2
DBG_ANCHOR_CH5_SCAN_BLOCKED win=0 survey=0 tx=1 retry_gap=0 wait=0 rx=0 rxq=0 rxr=0 ack=1 ch9=0 rf=1 retry=20 interval=380
DBG_ANCHOR_CH5_SCAN_RESCHED ret=1 delay=20
DBG_ANCHOR_CH5_SCAN_HANDLER role=2
DBG_ANCHOR_CH5_SCAN_BLOCKED win=0 survey=0 tx=1 retry_gap=0 wait=0 rx=0 rxq=0 rxr=0 ack=1 ch9=0 rf=1 retry=20 interval=380
DBG_ANCHOR_CH5_SCAN_RESCHED ret=1 delay=20
DBG_ANCHOR_CH5_SCAN_HANDLER role=2
DBG_ANCHOR_CH5_SCAN_BLOCKED win=0 survey=0 tx=1 retry_gap=0 wait=0 rx=0 rxq=0 rxr=0 ack=1 ch9=0 rf=1 retry=20 interval=380
DBG_ANCHOR_CH5_SCAN_RESCHED ret=1 delay=20
DBG_CH5_GAP_SCAN_DONE frames=0 last_error=0 now=153743 deadline=153743 click=0
DBG_DWM_KEEP_IDLE reason=mesh-rx ch9=1 ack=0 qack=1 ret=0
DBG_CH9_ACK_TX_WAIT
DBG_CH9_ACK_WAIT peer=0x708bc0aab970300e ret=-10 act=2 now=153744 start=153961 n=1
DBG_CH5_GAP_SCAN now=153744 win=97 next_delay=157
DBG_ANCHOR_CH5_SCAN_HANDLER role=2
DBG_ANCHOR_CH5_SCAN_BLOCKED win=0 survey=0 tx=1 retry_gap=0 wait=0 rx=0 rxq=0 rxr=0 ack=1 ch9=0 rf=1 retry=20 interval=380
DBG_ANCHOR_CH5_SCAN_RESCHED ret=1 delay=20
DBG_ANCHOR_CH5_SCAN_HANDLER role=2
DBG_ANCHOR_CH5_SCAN_BLOCKED win=0 survey=0 tx=1 retry_gap=0 wait=0 rx=0 rxq=0 rxr=0 ack=1 ch9=0 rf=1 retry=20 interval=380
DBG_ANCHOR_CH5_SCAN_RESCHED ret=1 delay=20
DBG_ANCHOR_CH5_SCAN_HANDLER role=2
DBG_ANCHOR_CH5_SCAN_BLOCKED win=0 survey=0 tx=1 retry_gap=0 wait=0 rx=0 rxq=0 rxr=0 ack=1 ch9=0 rf=1 retry=20 interval=380
DBG_ANCHOR_CH5_SCAN_RESCHED ret=1 delay=20
DBG_ANCHOR_CH5_SCAN_HANDLER role=2
DBG_CH5_GAP_SCAN_DONE frames=0 last_error=0 now=153841 deadline=153841 click=0
DBG_DWM_KEEP_IDLE reason=mesh-rx ch9=1 ack=0 qack=1 ret=0
DBG_ANCHOR_CH5_SCAN_BLOCKED win=0 survey=0 tx=1 retry_gap=0 wait=0 rx=0 rxq=0 rxr=0 ack=1 ch9=0 rf=1 retry=20 interval=380
DBG_ANCHOR_CH5_SCAN_RESCHED ret=1 delay=20
DBG_ANCHOR_CH5_SCAN_HANDLER role=2
DBG_ANCHOR_CH9_REARM delay=39 ret=1 ack=1
DBG_ANCHOR_CH5_SCAN_BLOCKED win=0 survey=0 tx=1 retry_gap=0 wait=0 rx=0 rxq=0 rxr=0 ack=1 ch9=1 rf=0 retry=284 interval=380
DBG_ANCHOR_CH5_SCAN_RESCHED ret=1 delay=284
DBG_CH9_ACK_SLOT peer=0x708bc0aab970300e cnt=3173226831 now=153901 start=153961 end=154081 n=1
DBG_CH9_ACK_BUILD peer=0x708bc0aab970300e n=1 forwarded=1 seq=17 len=44
DBG_CH9_EVENT_STATE state=granted peer=0x708bc0aab970300e start=153961 end=154081 reason=ch9-ack-batch-slot
DBG_CH9_ACK_BATCH_TRY
DBG_CH9_EVENT_STATE state=tx_payload peer=0x708bc0aab970300e start=153961 end=154081 reason=ch9-ack-batch-slot
DBG_CH9_TX_PRE_GUARD_WAIT now=153902 guard=153951 earliest=153976 msg=32
DBG_CH9_TX_CONFIG ret=0 now=153970 earliest=153976 msg=32
DBG_CH9_TX_SEND_AT now=153976 earliest=153976 msg=32 len=105
DBG_DWM_KEEP_IDLE reason=ch9-ack-batch-slot ch9=1 ack=0 qack=1 ret=0
DBG_UWB_TX_CH9
DBG_CH9_ACK_BATCH_SENT
DBG_CH9_EVENT_STATE state=complete peer=0x708bc0aab970300e start=153961 end=154081 reason=ch9-ack-batch-slot
DBG_FORWARD_GATEWAY_ACK_COMMIT seq=17 dst=0x708bc0aab970300e next=0x708bc0aab970300e
DBG_COORD state=idle owner=report-tx reason=idle rx=0 tx=0 relay=0 route=0 ack=0 qack=0
DBG_CH5_GAP_SCAN now=153982 win=100 next_delay=559
DBG_CH5_GAP_SCAN_DONE frames=0 last_error=0 now=154082 deadline=154082 click=0
DBG_DWM_KEEP_IDLE reason=mesh-rx ch9=1 ack=0 qack=0 ret=0
DBG_CH5_GAP_SCAN now=154083 win=100 next_delay=458
DBG_ANCHOR_CH5_SCAN_HANDLER role=2
DBG_ANCHOR_CH5_SCAN_BLOCKED win=0 survey=0 tx=0 retry_gap=0 wait=0 rx=0 rxq=0 rxr=0 ack=0 ch9=0 rf=1 retry=20 interval=380
DBG_ANCHOR_CH5_SCAN_RESCHED ret=1 delay=20
DBG_ANCHOR_CH5_SCAN_HANDLER role=2
DBG_ANCHOR_CH5_SCAN_BLOCKED win=0 survey=0 tx=0 retry_gap=0 wait=0 rx=0 rxq=0 rxr=0 ack=0 ch9=0 rf=1 retry=20 interval=380
DBG_ANCHOR_CH5_SCAN_RESCHED ret=1 delay=20
DBG_CH5_GAP_SCAN_DONE frames=0 last_error=0 now=154183 deadline=154183 click=0
DBG_DWM_KEEP_IDLE reason=mesh-rx ch9=1 ack=0 qack=0 ret=0
DBG_CH5_GAP_SCAN now=154184 win=100 next_delay=357
DBG_ANCHOR_CH5_SCAN_HANDLER role=2
DBG_ANCHOR_CH5_SCAN_BLOCKED win=0 survey=0 tx=0 retry_gap=0 wait=0 rx=0 rxq=0 rxr=0 ack=0 ch9=0 rf=1 retry=20 interval=380
DBG_ANCHOR_CH5_SCAN_RESCHED ret=1 delay=20
DBG_ANCHOR_CH5_SCAN_HANDLER role=2
DBG_ANCHOR_CH5_SCAN_BLOCKED win=0 survey=0 tx=0 retry_gap=0 wait=0 rx=0 rxq=0 rxr=0 ack=0 ch9=0 rf=1 retry=20 interval=380
DBG_ANCHOR_CH5_SCAN_RESCHED ret=1 delay=20
DBG_ANCHOR_CH5_SCAN_HANDLER role=2
DBG_ANCHOR_CH5_SCAN_BLOCKED win=0 survey=0 tx=0 retry_gap=0 wait=0 rx=0 rxq=0 rxr=0 ack=0 ch9=0 rf=1 retry=20 interval=380
DBG_ANCHOR_CH5_SCAN_RESCHED ret=1 delay=20
DBG_ANCHOR_CH5_SCAN_HANDLER role=2
DBG_ANCHOR_CH5_SCAN_BLOCKED win=0 survey=0 tx=0 retry_gap=0 wait=0 rx=0 rxq=0 rxr=0 ack=0 ch9=0 rf=1 retry=20 interval=380
DBG_ANCHOR_CH5_SCAN_RESCHED ret=1 delay=20
DBG_CH5_GAP_SCAN_DONE frames=0 last_error=0 now=154284 deadline=154284 click=0
DBG_DWM_KEEP_IDLE reason=mesh-rx ch9=1 ack=0 qack=0 ret=0
DBG_CH5_GAP_SCAN now=154285 win=100 next_delay=256
DBG_ANCHOR_CH5_SCAN_HANDLER role=2
DBG_ANCHOR_CH5_SCAN_BLOCKED win=0 survey=0 tx=0 retry_gap=0 wait=0 rx=0 rxq=0 rxr=0 ack=0 ch9=0 rf=1 retry=20 interval=380
DBG_ANCHOR_CH5_SCAN_RESCHED ret=1 delay=20
DBG_ANCHOR_CH5_SCAN_HANDLER role=2
DBG_ANCHOR_CH5_SCAN_BLOCKED win=0 survey=0 tx=0 retry_gap=0 wait=0 rx=0 rxq=0 rxr=0 ack=0 ch9=0 rf=1 retry=20 interval=380
DBG_ANCHOR_CH5_SCAN_RESCHED ret=1 delay=20
DBG_ANCHOR_CH5_SCAN_HANDLER role=2
DBG_ANCHOR_CH5_SCAN_BLOCKED win=0 survey=0 tx=0 retry_gap=0 wait=0 rx=0 rxq=0 rxr=0 ack=0 ch9=0 rf=1 retry=20 interval=380
DBG_ANCHOR_CH5_SCAN_RESCHED ret=1 delay=20
DBG_ANCHOR_CH5_SCAN_HANDLER role=2
DBG_ANCHOR_CH5_SCAN_BLOCKED win=0 survey=0 tx=0 retry_gap=0 wait=0 rx=0 rxq=0 rxr=0 ack=0 ch9=0 rf=1 retry=20 interval=380
DBG_CH5_GAP_SCAN_DONE frames=0 last_error=0 now=154385 deadline=154385 click=0
DBG_ANCHOR_CH5_SCAN_RESCHED ret=1 delay=20
DBG_DWM_KEEP_IDLE reason=mesh-rx ch9=1 ack=0 qack=0 ret=0
DBG_CH5_GAP_SCAN now=154386 win=95 next_delay=155
DBG_ANCHOR_CH5_SCAN_HANDLER role=2
DBG_ANCHOR_CH5_SCAN_BLOCKED win=0 survey=0 tx=0 retry_gap=0 wait=0 rx=0 rxq=0 rxr=0 ack=0 ch9=0 rf=1 retry=20 interval=380
DBG_ANCHOR_CH5_SCAN_RESCHED ret=1 delay=20
DBG_ANCHOR_CH5_SCAN_HANDLER role=2
DBG_ANCHOR_CH5_SCAN_BLOCKED win=0 survey=0 tx=0 retry_gap=0 wait=0 rx=0 rxq=0 rxr=0 ack=0 ch9=0 rf=1 retry=20 interval=380
DBG_ANCHOR_CH5_SCAN_RESCHED ret=1 delay=20
DBG_ANCHOR_CH5_SCAN_HANDLER role=2
DBG_ANCHOR_CH5_SCAN_BLOCKED win=0 survey=0 tx=0 retry_gap=0 wait=0 rx=0 rxq=0 rxr=0 ack=0 ch9=0 rf=1 retry=20 interval=380
DBG_ANCHOR_CH5_SCAN_RESCHED ret=1 delay=20
DBG_ANCHOR_CH5_SCAN_HANDLER role=2
DBG_DWM_KEEP_IDLE reason=mesh-rx ch9=1 ack=0 qack=0 ret=0
DBG_ANCHOR_CH5_SCAN_BLOCKED win=0 survey=0 tx=0 retry_gap=0 wait=0 rx=0 rxq=0 rxr=0 ack=0 ch9=0 rf=1 retry=20 interval=380
DBG_ANCHOR_CH5_SCAN_RESCHED ret=1 delay=20
DBG_ANCHOR_CH5_SCAN_HANDLER role=2
DBG_ANCHOR_CH9_REARM delay=38 ret=1 ack=0
DBG_ANCHOR_CH5_SCAN_BLOCKED win=0 survey=0 tx=0 retry_gap=0 wait=0 rx=0 rxq=0 rxr=0 ack=0 ch9=1 rf=0 retry=283 interval=380
DBG_ANCHOR_CH5_SCAN_RESCHED ret=1 delay=283
DBG_CH9_RX_SLOT idx=0 cnt=3173226832 now=154541 start=154601 end=154721
DBG_CH9_EVENT_STATE state=granted peer=0x708bc0aab970300e start=154601 end=154721 reason=rx-slot
DBG_CH9_RX_START idx=0 now=154542 start=154601 end=154721 tail=60
DBG_CH9_RX_CONFIG_OK
DBG_CH9_RX_EARLY_ARM now=154561 start=154601 guard=60
DBG_CH9_RX_ARMED now=154561 start=154601 end=154721 deadline=154781
DBG_CH9_RX_FRAME
DBG_UWB_RX_CH9
DBG_CH9_RX_HW since_us=56044 host_delta=19 en32=0x000f39ec rx32=0x00e4ad1c
DBG_CH9_RX_TIMING arm_delta=-40 hw_delta_us=16044 host_delta=19 len=105 q=100
DBG_UWB_RX_CH9
DBG_MESH_RX_QUEUED ch=9 msg=0x33 src=0x708bc0aab970300e dst=0x9999888877776666 prev=0x708bc0aab970300e seq=1 q=1
DBG_CH9_RX_EXPECTED delta=19 q=100
DBG_DWM_KEEP_IDLE reason=ch9-rx ch9=1 ack=0 qack=0 ret=0
DBG_CH9_RX_DONE_WITH_PEER
DBG_CH9_EVENT_STATE state=complete peer=0x708bc0aab970300e start=154601 end=154721 reason=rx-slot
DBG_MESH_RX_WORK_WAIT q=1
DBG_MESH_RX_WORK_ENTER q=1
DBG_MESH_RX_DRAIN_ENTER owner=work q=1
DBG_DIRECT_GW_TX seq=1 now=154785 reason=forward
DBG_CH9_EVENT_STATE state=tx_payload peer=0x9999888877776666 start=154785 end=155035 reason=forward
DBG_DIRECT_GW_TX_CONFIG ret=0 now=154785 seq=1
DBG_CH9_TX_SEND_AT now=154786 earliest=154785 msg=33 len=105
DBG_ANCHOR_CH5_SCAN_HANDLER role=2
DBG_ANCHOR_CH5_SCAN_BLOCKED win=0 survey=0 tx=1 retry_gap=0 wait=0 rx=0 rxq=0 rxr=0 ack=1 ch9=0 rf=1 retry=20 interval=380
DBG_ANCHOR_CH5_SCAN_RESCHED ret=1 delay=20
DBG_CH9_TX_DONE now=154790 dur=4 len=105 msg=33
DBG_UWB_TX_CH9
DBG_CH9_TX_SINGLE_SEND_OK
DBG_CH9_EVENT_STATE state=complete peer=0x9999888877776666 start=154785 end=155035 reason=forward
DBG_CH9_TX_ACK_CORE_OWNER src=0x708bc0aab970300e seq=1 next=0x9999888877776666 deadline=156790
DBG_ANCHOR_CH5_SCAN_HANDLER role=2
DBG_ANCHOR_CH5_SCAN_BLOCKED win=0 survey=0 tx=1 retry_gap=0 wait=0 rx=0 rxq=0 rxr=0 ack=1 ch9=0 rf=1 retry=20 interval=380
DBG_ANCHOR_CH5_SCAN_RESCHED ret=1 delay=20
DBG_ANCHOR_CH5_SCAN_HANDLER role=2
DBG_ANCHOR_CH5_SCAN_BLOCKED win=0 survey=0 tx=1 retry_gap=0 wait=0 rx=0 rxq=0 rxr=0 ack=1 ch9=0 rf=1 retry=20 interval=380
DBG_ANCHOR_CH5_SCAN_RESCHED ret=1 delay=20
DBG_ANCHOR_CH5_SCAN_HANDLER role=2
DBG_ANCHOR_CH5_SCAN_BLOCKED win=0 survey=0 tx=1 retry_gap=0 wait=0 rx=0 rxq=0 rxr=0 ack=1 ch9=0 rf=1 retry=20 interval=380
DBG_ANCHOR_CH5_SCAN_RESCHED ret=1 delay=20
DBG_ANCHOR_CH5_SCAN_HANDLER role=2
DBG_ANCHOR_CH5_SCAN_BLOCKED win=0 survey=0 tx=1 retry_gap=0 wait=0 rx=0 rxq=0 rxr=0 ack=1 ch9=0 rf=1 retry=20 interval=380
DBG_ANCHOR_CH5_SCAN_RESCHED ret=1 delay=20
DBG_ANCHOR_CH5_SCAN_HANDLER role=2
DBG_ANCHOR_CH5_SCAN_BLOCKED win=0 survey=0 tx=1 retry_gap=0 wait=0 rx=0 rxq=0 rxr=0 ack=1 ch9=0 rf=1 retry=20 interval=380
DBG_ANCHOR_CH5_SCAN_RESCHED ret=1 delay=20
DBG_ANCHOR_CH5_SCAN_HANDLER role=2
DBG_ANCHOR_CH5_SCAN_BLOCKED win=0 survey=0 tx=1 retry_gap=0 wait=0 rx=0 rxq=0 rxr=0 ack=1 ch9=0 rf=1 retry=20 interval=380
DBG_ANCHOR_CH5_SCAN_RESCHED ret=1 delay=20
DBG_ANCHOR_CH5_SCAN_HANDLER role=2
DBG_ANCHOR_CH5_SCAN_BLOCKED win=0 survey=0 tx=1 retry_gap=0 wait=0 rx=0 rxq=0 rxr=0 ack=1 ch9=0 rf=1 retry=20 interval=380
DBG_ANCHOR_CH5_SCAN_RESCHED ret=1 delay=20
DBG_ANCHOR_CH5_SCAN_HANDLER role=2
DBG_ANCHOR_CH5_SCAN_BLOCKED win=0 survey=0 tx=1 retry_gap=0 wait=0 rx=0 rxq=0 rxr=0 ack=1 ch9=0 rf=1 retry=20 interval=380
DBG_ANCHOR_CH5_SCAN_RESCHED ret=1 delay=20
DBG_ANCHOR_CH5_SCAN_HANDLER role=2
DBG_ANCHOR_CH5_SCAN_BLOCKED win=0 survey=0 tx=1 retry_gap=0 wait=0 rx=0 rxq=0 rxr=0 ack=1 ch9=0 rf=1 retry=20 interval=380
DBG_ANCHOR_CH5_SCAN_RESCHED ret=1 delay=20
DBG_ANCHOR_CH5_SCAN_HANDLER role=2
DBG_ANCHOR_CH5_SCAN_BLOCKED win=0 survey=0 tx=1 retry_gap=0 wait=0 rx=0 rxq=0 rxr=0 ack=1 ch9=0 rf=1 retry=20 interval=380
DBG_ANCHOR_CH5_SCAN_RESCHED ret=1 delay=20
DBG_DIRECT_GW_TX_ACK_WAIT ret=-116 seq=1
DBG_DWM_KEEP_IDLE reason=direct-gateway-payload ch9=1 ack=0 qack=0 ret=0
DBG_CH9_TX_SINGLE_SEND_FAIL
DBG_CH9_TX_SINGLE_FAIL ret=-11 seq=1
DBG_CH9_EVENT_STATE state=busy_retry_later peer=0x9999888877776666 start=154785 end=155035 reason=forward
DBG_CH9_TX_SINGLE_RETRYABLE ret=-11 seq=1
DBG_DIRECT_GW_ACK_DEFER_CORE seq=1 ret=-11 state=1 deadline=156790 reason=forward
DBG_TRANSIT_REVERSE_ROUTE_COMMIT src=0x708bc0aab970300e prev=0x708bc0aab970300e
DBG_CH9_ACK_QUEUE_ADD
DBG_MESH_RX_DRAIN_EXIT owner=work handled=1 q=0
DBG_MESH_RX_WORK_EXIT handled=1 q=0
DBG_COORD state=mesh-rx owner=uwb-rx reason=ch9-ack-send rx=0 tx=0 relay=1 route=0 ack=1 qack=1
DBG_CH9_ACK_TX_WAIT
DBG_CH9_ACK_WAIT peer=0x708bc0aab970300e ret=-10 act=2 now=155042 start=155241 n=1
DBG_CH5_GAP_SCAN now=155043 win=78 next_delay=138
DBG_ANCHOR_CH5_SCAN_HANDLER role=2
DBG_ANCHOR_CH5_SCAN_BLOCKED win=0 survey=0 tx=1 retry_gap=0 wait=0 rx=0 rxq=0 rxr=0 ack=1 ch9=0 rf=1 retry=20 interval=380
DBG_ANCHOR_CH5_SCAN_HANDLER role=2
DBG_ANCHOR_CH5_SCAN_BLOCKED win=0 survey=0 tx=1 retry_gap=0 wait=0 rx=0 rxq=0 rxr=0 ack=1 ch9=0 rf=1 retry=20 interval=380
DBG_ANCHOR_CH5_SCAN_RESCHED ret=1 delay=20
DBG_ANCHOR_CH5_SCAN_HANDLER role=2
DBG_ANCHOR_CH5_SCAN_BLOCKED win=0 survey=0 tx=1 retry_gap=0 wait=0 rx=0 rxq=0 rxr=0 ack=1 ch9=0 rf=1 retry=20 interval=380
DBG_ANCHOR_CH5_SCAN_RESCHED ret=1 delay=20
DBG_CH5_GAP_SCAN_DONE frames=0 last_error=0 now=155122 deadline=155121 click=0
DBG_DWM_KEEP_IDLE reason=mesh-rx ch9=1 ack=0 qack=1 ret=0
DBG_ANCHOR_CH5_SCAN_HANDLER role=2
DBG_ANCHOR_CH9_REARM delay=57 ret=1 ack=1
DBG_ANCHOR_CH5_SCAN_BLOCKED win=0 survey=0 tx=1 retry_gap=0 wait=0 rx=0 rxq=0 rxr=0 ack=1 ch9=1 rf=0 retry=302 interval=380
DBG_ANCHOR_CH5_SCAN_RESCHED ret=1 delay=302
DBG_CH9_ACK_SLOT peer=0x708bc0aab970300e cnt=3173226833 now=155181 start=155241 end=155361 n=1
DBG_CH9_ACK_BUILD peer=0x708bc0aab970300e n=1 forwarded=0 seq=8 len=60
DBG_CH9_EVENT_STATE state=granted peer=0x708bc0aab970300e start=155241 end=155361 reason=ch9-ack-batch-slot
DBG_CH9_ACK_BATCH_TRY
DBG_CH9_EVENT_STATE state=tx_payload peer=0x708bc0aab970300e start=155241 end=155361 reason=ch9-ack-batch-slot
DBG_CH9_TX_PRE_GUARD_WAIT now=155182 guard=155231 earliest=155256 msg=31
DBG_CH9_TX_CONFIG ret=0 now=155250 earliest=155256 msg=31
DBG_CH9_TX_SEND_AT now=155256 earliest=155256 msg=31 len=121
DBG_DWM_KEEP_IDLE reason=ch9-ack-batch-slot ch9=1 ack=0 qack=1 ret=0
DBG_UWB_TX_CH9
DBG_CH9_ACK_BATCH_SENT
DBG_CH9_EVENT_STATE state=complete peer=0x708bc0aab970300e start=155241 end=155361 reason=ch9-ack-batch-slot
DBG_CH5_GAP_SCAN now=155261 win=100 next_delay=560
DBG_CH5_GAP_SCAN_DONE frames=0 last_error=0 now=155361 deadline=155361 click=0
DBG_DWM_KEEP_IDLE reason=mesh-rx ch9=1 ack=0 qack=0 ret=0
DBG_CH5_GAP_SCAN now=155362 win=100 next_delay=459
DBG_ANCHOR_CH5_SCAN_HANDLER role=2
DBG_ANCHOR_CH5_SCAN_BLOCKED win=0 survey=0 tx=1 retry_gap=0 wait=0 rx=0 rxq=0 rxr=0 ack=1 ch9=0 rf=1 retry=20 interval=380
DBG_ANCHOR_CH5_SCAN_RESCHED ret=1 delay=20
DBG_ANCHOR_CH5_SCAN_HANDLER role=2
DBG_ANCHOR_CH5_SCAN_BLOCKED win=0 survey=0 tx=1 retry_gap=0 wait=0 rx=0 rxq=0 rxr=0 ack=1 ch9=0 rf=1 retry=20 interval=380
DBG_ANCHOR_CH5_SCAN_RESCHED ret=1 delay=20
DBG_CH5_GAP_SCAN_DONE frames=0 last_error=0 now=155463 deadline=155462 click=0
DBG_DWM_KEEP_IDLE reason=mesh-rx ch9=1 ack=0 qack=0 ret=0
DBG_CH5_GAP_SCAN now=155464 win=100 next_delay=357
DBG_ANCHOR_CH5_SCAN_HANDLER role=2
DBG_ANCHOR_CH5_SCAN_BLOCKED win=0 survey=0 tx=1 retry_gap=0 wait=0 rx=0 rxq=0 rxr=0 ack=1 ch9=0 rf=1 retry=20 interval=380
DBG_ANCHOR_CH5_SCAN_RESCHED ret=1 delay=20
DBG_ANCHOR_CH5_SCAN_HANDLER role=2
DBG_ANCHOR_CH5_SCAN_BLOCKED win=0 survey=0 tx=1 retry_gap=0 wait=0 rx=0 rxq=0 rxr=0 ack=1 ch9=0 rf=1 retry=20 interval=380
DBG_ANCHOR_CH5_SCAN_RESCHED ret=1 delay=20
DBG_ANCHOR_CH5_SCAN_HANDLER role=2
DBG_ANCHOR_CH5_SCAN_BLOCKED win=0 survey=0 tx=1 retry_gap=0 wait=0 rx=0 rxq=0 rxr=0 ack=1 ch9=0 rf=1 retry=20 interval=380
DBG_ANCHOR_CH5_SCAN_RESCHED ret=1 delay=20
DBG_ANCHOR_CH5_SCAN_HANDLER role=2
DBG_ANCHOR_CH5_SCAN_BLOCKED win=0 survey=0 tx=1 retry_gap=0 wait=0 rx=0 rxq=0 rxr=0 ack=1 ch9=0 rf=1 retry=20 interval=380
DBG_ANCHOR_CH5_SCAN_RESCHED ret=1 delay=20
DBG_CH5_GAP_SCAN_DONE frames=0 last_error=0 now=155564 deadline=155564 click=0
DBG_DWM_KEEP_IDLE reason=mesh-rx ch9=1 ack=0 qack=0 ret=0
DBG_CH5_GAP_SCAN now=155565 win=100 next_delay=256
DBG_ANCHOR_CH5_SCAN_HANDLER role=2
DBG_ANCHOR_CH5_SCAN_BLOCKED win=0 survey=0 tx=1 retry_gap=0 wait=0 rx=0 rxq=0 rxr=0 ack=1 ch9=0 rf=1 retry=20 interval=380
DBG_ANCHOR_CH5_SCAN_RESCHED ret=1 delay=20
DBG_ANCHOR_CH5_SCAN_HANDLER role=2
DBG_ANCHOR_CH5_SCAN_BLOCKED win=0 survey=0 tx=1 retry_gap=0 wait=0 rx=0 rxq=0 rxr=0 ack=1 ch9=0 rf=1 retry=20 interval=380
DBG_ANCHOR_CH5_SCAN_RESCHED ret=1 delay=20
DBG_ANCHOR_CH5_SCAN_HANDLER role=2
DBG_ANCHOR_CH5_SCAN_BLOCKED win=0 survey=0 tx=1 retry_gap=0 wait=0 rx=0 rxq=0 rxr=0 ack=1 ch9=0 rf=1 retry=20 interval=380
DBG_ANCHOR_CH5_SCAN_RESCHED ret=1 delay=20
DBG_ANCHOR_CH5_SCAN_HANDLER role=2
DBG_ANCHOR_CH5_SCAN_BLOCKED win=0 survey=0 tx=1 retry_gap=0 wait=0 rx=0 rxq=0 rxr=0 ack=1 ch9=0 rf=1 retry=20 interval=380
DBG_CH5_GAP_SCAN_DONE frames=0 last_error=0 now=155665 deadline=155665 click=0
DBG_ANCHOR_CH5_SCAN_RESCHED ret=1 delay=20
DBG_DWM_KEEP_IDLE reason=mesh-rx ch9=1 ack=0 qack=0 ret=0
DBG_CH5_GAP_SCAN now=155666 win=95 next_delay=155
DBG_ANCHOR_CH5_SCAN_HANDLER role=2
DBG_ANCHOR_CH5_SCAN_BLOCKED win=0 survey=0 tx=1 retry_gap=0 wait=0 rx=0 rxq=0 rxr=0 ack=1 ch9=0 rf=1 retry=20 interval=380
DBG_ANCHOR_CH5_SCAN_RESCHED ret=1 delay=20
DBG_ANCHOR_CH5_SCAN_HANDLER role=2
DBG_ANCHOR_CH5_SCAN_BLOCKED win=0 survey=0 tx=1 retry_gap=0 wait=0 rx=0 rxq=0 rxr=0 ack=1 ch9=0 rf=1 retry=20 interval=380
DBG_ANCHOR_CH5_SCAN_RESCHED ret=1 delay=20
DBG_ANCHOR_CH5_SCAN_HANDLER role=2
DBG_ANCHOR_CH5_SCAN_BLOCKED win=0 survey=0 tx=1 retry_gap=0 wait=0 rx=0 rxq=0 rxr=0 ack=1 ch9=0 rf=1 retry=20 interval=380
DBG_ANCHOR_CH5_SCAN_RESCHED ret=1 delay=20
DBG_CH5_GAP_SCAN_DONE frames=0 last_error=0 now=155761 deadline=155761 click=0
DBG_DWM_KEEP_IDLE reason=mesh-rx ch9=1 ack=0 qack=0 ret=0
DBG_ANCHOR_CH5_SCAN_HANDLER role=2
DBG_ANCHOR_CH9_REARM delay=59 ret=1 ack=0
DBG_ANCHOR_CH5_SCAN_BLOCKED win=0 survey=0 tx=1 retry_gap=0 wait=0 rx=0 rxq=0 rxr=0 ack=1 ch9=1 rf=0 retry=304 interval=380
DBG_ANCHOR_CH5_SCAN_RESCHED ret=1 delay=304
DBG_CH9_RX_SLOT idx=0 cnt=3173226834 now=155821 start=155881 end=156001
DBG_CH9_EVENT_STATE state=granted peer=0x708bc0aab970300e start=155881 end=156001 reason=rx-slot
DBG_CH9_RX_START idx=0 now=155821 start=155881 end=156001 tail=60
DBG_CH9_RX_CONFIG_OK
DBG_CH9_RX_EARLY_ARM now=155841 start=155881 guard=60
DBG_CH9_RX_ARMED now=155841 start=155881 end=156001 deadline=156061
DBG_DWM_KEEP_IDLE reason=ch9-rx ch9=1 ack=0 qack=0 ret=0
DBG_CH9_RX_EMPTY
DBG_CH9_RX_TIMEOUT
DBG_CH9_RX_MISS frames=0 now=156062 start=155881 end=156001 fail=0
DBG_CH9_EVENT_STATE state=window_expired peer=0x708bc0aab970300e start=155881 end=156001 reason=rx-slot
DBG_ANCHOR_CH5_SCAN_HANDLER role=2
DBG_ANCHOR_CH5_SCAN_ARM now=156067 win=20 complete=15 interval=380 wait=0 tx=1
DBG_DWM_CH5_RX_HUNT_START acq=20 complete=15 cap=1021
DBG_DWM_CH5_RX_HUNT_EMPTY ret=-116 status=0x00000000 acq=20
DBG_ANCHOR_CH5_SCAN_DONE ret=-116 len=0 fail=1 pre=0 q=0 rx_us=21026 complete=15
DBG_ANCHOR_CH5_POST_CH9_RECOVERY_SCAN win=20 ret=-116 pre=0
DBG_ANCHOR_CH5_SCAN_RESCHED ret=1 delay=380
DBG_ANCHOR_CH5_SCAN_HANDLER role=2
DBG_DWM_CH5_RX_HUNT_START acq=3 complete=15 cap=1021
DBG_DWM_CH5_RX_HUNT_EMPTY ret=-116 status=0x00000000 acq=3
DBG_ANCHOR_CH5_SCAN_RESCHED ret=1 delay=380
DBG_TX_TIMEOUT_ENTER relay=1 route=0 ch9pend=0 bundle=0 now=156790
DBG_ANCHOR_CH5_SCAN_HANDLER role=2
DBG_DWM_CH5_RX_HUNT_START acq=3 complete=15 cap=1021
DBG_DWM_CH5_RX_HUNT_EMPTY ret=-116 status=0x00000000 acq=3
DBG_ANCHOR_CH5_SCAN_RESCHED ret=1 delay=380
DBG_CH9_SKIP_STALE n=1 now=157101 next=157161 cnt=3173226836 reason=rx-select
DBG_CH9_RX_SLOT idx=0 cnt=3173226836 now=157101 start=157161 end=157281
DBG_CH9_EVENT_STATE state=granted peer=0x708bc0aab970300e start=157161 end=157281 reason=rx-slot
DBG_CH9_RX_START idx=0 now=157101 start=157161 end=157281 tail=60
DBG_CH9_RX_CONFIG_OK
DBG_CH9_RX_EARLY_ARM now=157120 start=157161 guard=60
DBG_CH9_RX_ARMED now=157120 start=157161 end=157281 deadline=157341
DBG_ANCHOR_CH5_SCAN_HANDLER role=2
DBG_ANCHOR_CH5_SCAN_BLOCKED win=0 survey=0 tx=1 retry_gap=0 wait=0 rx=0 rxq=0 rxr=0 ack=0 ch9=0 rf=1 retry=20 interval=380
DBG_ANCHOR_CH5_SCAN_RESCHED ret=1 delay=20
DBG_ANCHOR_CH5_SCAN_HANDLER role=2
DBG_ANCHOR_CH5_SCAN_BLOCKED win=0 survey=0 tx=1 retry_gap=0 wait=0 rx=0 rxq=0 rxr=0 ack=0 ch9=0 rf=1 retry=20 interval=380
DBG_ANCHOR_CH5_SCAN_RESCHED ret=1 delay=20
DBG_DWM_KEEP_IDLE reason=ch9-rx ch9=1 ack=0 qack=0 ret=0
DBG_CH9_RX_EMPTY
DBG_CH9_RX_TIMEOUT
DBG_CH9_RX_MISS frames=0 now=157342 start=157161 end=157281 fail=0
DBG_CH9_EVENT_STATE state=window_expired peer=0x708bc0aab970300e start=157161 end=157281 reason=rx-slot
DBG_ANCHOR_CH5_SCAN_HANDLER role=2
DBG_ANCHOR_CH5_SCAN_ARM now=157344 win=20 complete=15 interval=380 wait=0 tx=1
DBG_DWM_CH5_RX_HUNT_START acq=20 complete=15 cap=1021
DBG_DWM_CH5_RX_HUNT_EMPTY ret=-116 status=0x00000000 acq=20
DBG_ANCHOR_CH5_SCAN_DONE ret=-116 len=0 fail=1 pre=0 q=0 rx_us=20660 complete=15
DBG_ANCHOR_CH5_POST_CH9_RECOVERY_SCAN win=20 ret=-116 pre=0
DBG_ANCHOR_CH5_SCAN_RESCHED ret=1 delay=380
DBG_ANCHOR_CH5_SCAN_HANDLER role=2
DBG_DWM_CH5_RX_HUNT_START acq=3 complete=15 cap=1021
DBG_DWM_CH5_RX_ACTIVITY_EXTEND ret=0 status=0x00000100 complete=15
DBG_DWM_CH5_RX_ACTIVITY_WAIT status=0x00000100 remain=15
DBG_DWM_CH5_RX_ACTIVITY_DONE raw=51 payload=49 status=0x00006f00 rearm=0 extended=1
DBG_ANCHOR_CH5_SCAN_DONE ret=0 len=49 fail=0 pre=1 q=100 rx_us=6622 complete=15
DBG_UWB_RX_CH5
DBG_ANCHOR_CH5_FRAME len=49 q=100 wake_ret=0
DBG_ANCHOR_ROUTE_WAKE_DISPATCH src=0x9999888877776666 evt=162736 attempt=1 flags=0x93 len=49 q=100
DBG_C5_CONTACT phase=open state=2 peer=0x9999888877776666 purpose=route_solicit reason=wake-claim
DBG_C5_CONTACT phase=accepted state=2 peer=0x9999888877776666 purpose=route_solicit reason=wake-claim
DBG_ANCHOR_ROUTE_WAKE_HANDOFF src=0x9999888877776666 evt=162736 attempt=1 flags=0x93 embedded=0 listen=2000
DBG_C5_CONTACT phase=closing state=4 peer=0x9999888877776666 purpose=route_solicit reason=replace
DBG_ROUTE_REPLY_LISTEN_START
DBG_DWM_WAKE_MESH_CTRL_OK sfd=4073
DBG_ROUTE_REPLY_LISTEN_CONFIG ret=0 ext=1
DBG_C5_CONTROL_LISTENER_HOLD_EXTENDED
DBG_C5_RX_FAIL status=0x00001700 finfo=0x00000000 fail=4 phy=4 ch=5 plen=3 pac=2 txc=9 rxc=9 sfd=2 rate=0 phr=1 phrr=0 sfdto=4
DBG_C5_CONTROL_LISTENER_HOLD_EXTENDED
DBG_C5_CONTROL_LISTENER_HOLD_EXTENDED
DBG_C5_CONTROL_LISTENER_HOLD_EXTENDED
DBG_C5_CONTROL_LISTENER_HOLD_EXTENDED
DBG_C5_CONTROL_LISTENER_HOLD_EXTENDED
DBG_C5_CONTROL_LISTENER_HOLD_EXTENDED
DBG_C5_CONTROL_LISTENER_HOLD_EXTENDED
DBG_C5_CONTROL_LISTENER_HOLD_EXTENDED
DBG_C5_CONTROL_LISTENER_HOLD_EXTENDED
DBG_C5_CONTROL_LISTENER_HOLD_EXTENDED
DBG_C5_CONTROL_LISTENER_HOLD_EXTENDED
DBG_C5_CONTROL_LISTENER_HOLD_EXTENDED
DBG_C5_CONTROL_LISTENER_HOLD_EXTENDED
DBG_C5_CONTROL_LISTENER_HOLD_EXTENDED
DBG_C5_CONTROL_LISTENER_HOLD_EXTENDED
DBG_C5_CONTROL_LISTENER_HOLD_EXTENDED
DBG_C5_CONTROL_LISTENER_HOLD_EXTENDED
DBG_C5_CONTROL_LISTENER_HOLD_EXTENDED
DBG_C5_CONTROL_LISTENER_HOLD_EXTENDED
DBG_C5_CONTROL_LISTENER_HOLD_EXTENDED
DBG_C5_CONTROL_LISTENER_HOLD_EXTENDED
DBG_C5_CONTROL_LISTENER_HOLD_EXTENDED
DBG_C5_CONTROL_LISTENER_HOLD_EXTENDED
DBG_C5_CONTROL_LISTENER_HOLD_EXTENDED
DBG_C5_CONTROL_LISTENER_HOLD_EXTENDED
DBG_C5_CONTROL_LISTENER_HOLD_EXTENDED
DBG_CH9_SKIP_STALE n=1 now=157983 next=158441 cnt=3173226838 reason=c5-listener-rx
DBG_C5_CONTROL_LISTENER_HOLD_EXTENDED
DBG_C5_CONTROL_LISTENER_HOLD_EXTENDED
DBG_C5_CONTROL_LISTENER_HOLD_EXTENDED
DBG_C5_CONTROL_LISTENER_HOLD_EXTENDED
DBG_C5_CONTROL_LISTENER_HOLD_EXTENDED
DBG_C5_CONTROL_LISTENER_HOLD_EXTENDED
DBG_C5_CONTROL_LISTENER_HOLD_EXTENDED
DBG_C5_CONTROL_LISTENER_HOLD_EXTENDED
DBG_C5_CONTROL_LISTENER_HOLD_EXTENDED
DBG_C5_CONTROL_LISTENER_HOLD_EXTENDED
DBG_C5_CONTROL_LISTENER_HOLD_EXTENDED
DBG_C5_CONTROL_LISTENER_HOLD_EXTENDED
DBG_C5_CONTROL_LISTENER_HOLD_EXTENDED
DBG_C5_CONTROL_LISTENER_HOLD_EXTENDED
DBG_ROUTE_REPLY_RX_FRAME
DBG_C5_CONTROL_ROUTE_READY msg=0x40 prev=0x9999888877776666 ttl=8 origin_ttl=8 relay=0 ret=0
DBG_C5_CONTROL_ROUTE_STATE epoch=1 sel=0 next=0x9999888877776666 hop=0 timing=0
DBG_UWB_RX_CH5
DBG_MESH_RX_QUEUED ch=5 msg=0x40 src=0x9999888877776666 dst=0x0 prev=0x9999888877776666 seq=2 q=1
DBG_MESH_RX_DEFERRED q=1 msg=0x40
DBG_CH5_GAP_SCAN now=158231 win=90 next_delay=150
DBG_ROUTE_REPLY_LISTEN_DONE captured=1 ret=-11
DBG_C5_CONTACT phase=closing state=4 peer=0x9999888877776666 purpose=gateway_command_flood reason=reply-listen-done
DBG_MESH_RX_DIRECT_RF_BUSY submit=0 q=1 reason=anchor-route-wake-followup
DBG_ANCHOR_ROUTE_WAKE_HANDOFF_DONE src=0x9999888877776666 embedded=0 ret=-11 pending=1
DBG_ANCHOR_ROUTE_WAKE_DISPATCH_DONE handled=1 len=49 q=100
DBG_ANCHOR_CH5_SCAN_RESCHED ret=1 delay=380
DBG_CH5_GAP_REARM_ERROR ret=-5 fail=4 rem=72
DBG_CH5_GAP_SCAN_DONE frames=0 last_error=-5 now=158321 deadline=158321 click=0
DBG_DWM_KEEP_IDLE reason=mesh-rx ch9=1 ack=0 qack=0 ret=0
DBG_MESH_RX_WORK_WAIT q=1
DBG_MESH_RX_WORK_ENTER q=1
DBG_MESH_RX_DRAIN_ENTER owner=work q=1
DBG_C5_CONTACT phase=open state=2 peer=0x9999888877776666 purpose=gateway_command_flood reason=c5-control-rx
DBG_C5_CONTACT phase=accepted state=2 peer=0x9999888877776666 purpose=gateway_command_flood reason=c5-control-rx
DBG_C5_FLOOD_WAIT now=158324 wake=162288 first=162688 msg=40 attempt=1/3 reason=broadcast-forward
DBG_ANCHOR_CH5_SCAN_HANDLER role=2
DBG_ANCHOR_CH9_REARM delay=0 ret=0 ack=0
DBG_ANCHOR_CH5_SCAN_BLOCKED win=0 survey=0 tx=1 retry_gap=1 wait=0 rx=0 rxq=0 rxr=0 ack=0 ch9=1 rf=0 retry=20 interval=380
DBG_ANCHOR_CH5_SCAN_RESCHED ret=1 delay=20
DBG_ANCHOR_CH5_SCAN_HANDLER role=2
DBG_ANCHOR_CH9_REARM delay=0 ret=0 ack=0
DBG_ANCHOR_CH5_SCAN_BLOCKED win=0 survey=0 tx=1 retry_gap=1 wait=0 rx=0 rxq=0 rxr=0 ack=0 ch9=1 rf=0 retry=20 interval=380
DBG_ANCHOR_CH5_SCAN_RESCHED ret=1 delay=20
DBG_ANCHOR_CH5_SCAN_HANDLER role=2
DBG_ANCHOR_CH9_REARM delay=0 ret=0 ack=0
DBG_ANCHOR_CH5_SCAN_BLOCKED win=0 survey=0 tx=1 retry_gap=1 wait=0 rx=0 rxq=0 rxr=0 ack=0 ch9=1 rf=0 retry=20 interval=380
DBG_ANCHOR_CH5_SCAN_RESCHED ret=1 delay=20
DBG_ANCHOR_CH5_SCAN_HANDLER role=2
DBG_ANCHOR_CH9_REARM delay=0 ret=0 ack=0
DBG_ANCHOR_CH5_SCAN_BLOCKED win=0 survey=0 tx=1 retry_gap=1 wait=0 rx=0 rxq=0 rxr=0 ack=0 ch9=1 rf=0 retry=20 interval=380
DBG_ANCHOR_CH5_SCAN_RESCHED ret=1 delay=20
DBG_ANCHOR_CH5_SCAN_HANDLER role=2
DBG_ANCHOR_CH9_REARM delay=0 ret=0 ack=0
DBG_ANCHOR_CH5_SCAN_BLOCKED win=0 survey=0 tx=1 retry_gap=1 wait=0 rx=0 rxq=0 rxr=0 ack=0 ch9=1 rf=0 retry=20 interval=380
DBG_ANCHOR_CH5_SCAN_RESCHED ret=1 delay=20
DBG_ANCHOR_CH5_SCAN_HANDLER role=2
DBG_ANCHOR_CH9_REARM delay=0 ret=0 ack=0
DBG_ANCHOR_CH5_SCAN_BLOCKED win=0 survey=0 tx=1 retry_gap=1 wait=0 rx=0 rxq=0 rxr=0 ack=0 ch9=1 rf=0 retry=20 interval=380
DBG_ANCHOR_CH5_SCAN_RESCHED ret=1 delay=20
DBG_ANCHOR_CH5_SCAN_HANDLER role=2
DBG_ANCHOR_CH9_REARM delay=0 ret=0 ack=0
DBG_ANCHOR_CH5_SCAN_BLOCKED win=0 survey=0 tx=1 retry_gap=1 wait=0 rx=0 rxq=0 rxr=0 ack=0 ch9=1 rf=0 retry=20 interval=380
DBG_ANCHOR_CH5_SCAN_RESCHED ret=1 delay=20
DBG_ANCHOR_CH5_SCAN_HANDLER role=2
DBG_ANCHOR_CH9_REARM delay=0 ret=0 ack=0
DBG_ANCHOR_CH5_SCAN_BLOCKED win=0 survey=0 tx=1 retry_gap=1 wait=0 rx=0 rxq=0 rxr=0 ack=0 ch9=1 rf=0 retry=20 interval=380
DBG_ANCHOR_CH5_SCAN_RESCHED ret=1 delay=20
DBG_ANCHOR_CH5_SCAN_HANDLER role=2
DBG_ANCHOR_CH9_REARM delay=0 ret=0 ack=0
DBG_ANCHOR_CH5_SCAN_BLOCKED win=0 survey=0 tx=1 retry_gap=1 wait=0 rx=0 rxq=0 rxr=0 ack=0 ch9=1 rf=0 retry=20 interval=380
DBG_ANCHOR_CH5_SCAN_RESCHED ret=1 delay=20
DBG_ANCHOR_CH5_SCAN_HANDLER role=2
DBG_ANCHOR_CH9_REARM delay=0 ret=0 ack=0
DBG_ANCHOR_CH5_SCAN_BLOCKED win=0 survey=0 tx=1 retry_gap=1 wait=0 rx=0 rxq=0 rxr=0 ack=0 ch9=1 rf=0 retry=20 interval=380
DBG_ANCHOR_CH5_SCAN_RESCHED ret=1 delay=20
DBG_ANCHOR_CH5_SCAN_HANDLER role=2
DBG_ANCHOR_CH9_REARM delay=0 ret=0 ack=0
DBG_ANCHOR_CH5_SCAN_BLOCKED win=0 survey=0 tx=1 retry_gap=1 wait=0 rx=0 rxq=0 rxr=0 ack=0 ch9=1 rf=0 retry=20 interval=380
DBG_ANCHOR_CH5_SCAN_RESCHED ret=1 delay=20
DBG_ANCHOR_CH5_SCAN_HANDLER role=2
DBG_ANCHOR_CH9_REARM delay=0 ret=0 ack=0
DBG_ANCHOR_CH5_SCAN_BLOCKED win=0 survey=0 tx=1 retry_gap=1 wait=0 rx=0 rxq=0 rxr=0 ack=0 ch9=1 rf=0 retry=20 interval=380
DBG_ANCHOR_CH5_SCAN_RESCHED ret=1 delay=20
DBG_ANCHOR_CH5_SCAN_HANDLER role=2
DBG_ANCHOR_CH9_REARM delay=0 ret=0 ack=0
DBG_ANCHOR_CH5_SCAN_BLOCKED win=0 survey=0 tx=1 retry_gap=1 wait=0 rx=0 rxq=0 rxr=0 ack=0 ch9=1 rf=0 retry=20 interval=380
DBG_ANCHOR_CH5_SCAN_RESCHED ret=1 delay=20
DBG_ANCHOR_CH5_SCAN_HANDLER role=2
DBG_ANCHOR_CH9_REARM delay=0 ret=0 ack=0
DBG_ANCHOR_CH5_SCAN_BLOCKED win=0 survey=0 tx=1 retry_gap=1 wait=0 rx=0 rxq=0 rxr=0 ack=0 ch9=1 rf=0 retry=20 interval=380
DBG_ANCHOR_CH5_SCAN_RESCHED ret=1 delay=20
DBG_ANCHOR_CH5_SCAN_HANDLER role=2
DBG_ANCHOR_CH9_REARM delay=0 ret=0 ack=0
DBG_ANCHOR_CH5_SCAN_BLOCKED win=0 survey=0 tx=1 retry_gap=1 wait=0 rx=0 rxq=0 rxr=0 ack=0 ch9=1 rf=0 retry=20 interval=380
DBG_ANCHOR_CH5_SCAN_RESCHED ret=1 delay=20
DBG_ANCHOR_CH5_SCAN_HANDLER role=2
DBG_ANCHOR_CH9_REARM delay=0 ret=0 ack=0
DBG_ANCHOR_CH5_SCAN_BLOCKED win=0 survey=0 tx=1 retry_gap=1 wait=0 rx=0 rxq=0 rxr=0 ack=0 ch9=1 rf=0 retry=20 interval=380
DBG_ANCHOR_CH5_SCAN_RESCHED ret=1 delay=20
DBG_ANCHOR_CH5_SCAN_HANDLER role=2
DBG_ANCHOR_CH9_REARM delay=0 ret=0 ack=0
DBG_ANCHOR_CH5_SCAN_BLOCKED win=0 survey=0 tx=1 retry_gap=1 wait=0 rx=0 rxq=0 rxr=0 ack=0 ch9=1 rf=0 retry=20 interval=380
DBG_ANCHOR_CH5_SCAN_RESCHED ret=1 delay=20
DBG_ANCHOR_CH5_SCAN_HANDLER role=2
DBG_ANCHOR_CH9_REARM delay=0 ret=0 ack=0
DBG_ANCHOR_CH5_SCAN_BLOCKED win=0 survey=0 tx=1 retry_gap=1 wait=0 rx=0 rxq=0 rxr=0 ack=0 ch9=1 rf=0 retry=20 interval=380
DBG_ANCHOR_CH5_SCAN_RESCHED ret=1 delay=20
DBG_ANCHOR_CH5_SCAN_HANDLER role=2
DBG_ANCHOR_CH9_REARM delay=0 ret=0 ack=0
DBG_ANCHOR_CH5_SCAN_BLOCKED win=0 survey=0 tx=1 retry_gap=1 wait=0 rx=0 rxq=0 rxr=0 ack=0 ch9=1 rf=0 retry=20 interval=380
DBG_ANCHOR_CH5_SCAN_RESCHED ret=1 delay=20
DBG_ANCHOR_CH5_SCAN_HANDLER role=2
DBG_ANCHOR_CH9_REARM delay=0 ret=0 ack=0
DBG_ANCHOR_CH5_SCAN_BLOCKED win=0 survey=0 tx=1 retry_gap=1 wait=0 rx=0 rxq=0 rxr=0 ack=0 ch9=1 rf=0 retry=20 interval=380
DBG_ANCHOR_CH5_SCAN_RESCHED ret=1 delay=20
DBG_ANCHOR_CH5_SCAN_HANDLER role=2
DBG_ANCHOR_CH9_REARM delay=0 ret=0 ack=0
DBG_ANCHOR_CH5_SCAN_BLOCKED win=0 survey=0 tx=1 retry_gap=1 wait=0 rx=0 rxq=0 rxr=0 ack=0 ch9=1 rf=0 retry=20 interval=380
DBG_ANCHOR_CH5_SCAN_RESCHED ret=1 delay=20
DBG_ANCHOR_CH5_SCAN_HANDLER role=2
DBG_ANCHOR_CH9_REARM delay=0 ret=0 ack=0
DBG_ANCHOR_CH5_SCAN_BLOCKED win=0 survey=0 tx=1 retry_gap=1 wait=0 rx=0 rxq=0 rxr=0 ack=0 ch9=1 rf=0 retry=20 interval=380
DBG_ANCHOR_CH5_SCAN_RESCHED ret=1 delay=20
DBG_ANCHOR_CH5_SCAN_HANDLER role=2
DBG_ANCHOR_CH9_REARM delay=0 ret=0 ack=0
DBG_ANCHOR_CH5_SCAN_BLOCKED win=0 survey=0 tx=1 retry_gap=1 wait=0 rx=0 rxq=0 rxr=0 ack=0 ch9=1 rf=0 retry=20 interval=380
DBG_ANCHOR_CH5_SCAN_RESCHED ret=1 delay=20
DBG_ANCHOR_CH5_SCAN_HANDLER role=2
DBG_ANCHOR_CH9_REARM delay=0 ret=0 ack=0
DBG_ANCHOR_CH5_SCAN_BLOCKED win=0 survey=0 tx=1 retry_gap=1 wait=0 rx=0 rxq=0 rxr=0 ack=0 ch9=1 rf=0 retry=20 interval=380
DBG_ANCHOR_CH5_SCAN_RESCHED ret=1 delay=20
DBG_ANCHOR_CH5_SCAN_HANDLER role=2
DBG_ANCHOR_CH9_REARM delay=0 ret=0 ack=0
DBG_ANCHOR_CH5_SCAN_BLOCKED win=0 survey=0 tx=1 retry_gap=1 wait=0 rx=0 rxq=0 rxr=0 ack=0 ch9=1 rf=0 retry=20 interval=380
DBG_ANCHOR_CH5_SCAN_RESCHED ret=1 delay=20
DBG_ANCHOR_CH5_SCAN_HANDLER role=2
DBG_ANCHOR_CH9_REARM delay=0 ret=0 ack=0
DBG_ANCHOR_CH5_SCAN_BLOCKED win=0 survey=0 tx=1 retry_gap=1 wait=0 rx=0 rxq=0 rxr=0 ack=0 ch9=1 rf=0 retry=20 interval=380
DBG_ANCHOR_CH5_SCAN_RESCHED ret=1 delay=20
DBG_ANCHOR_CH5_SCAN_HANDLER role=2
DBG_ANCHOR_CH9_REARM delay=0 ret=0 ack=0
DBG_ANCHOR_CH5_SCAN_BLOCKED win=0 survey=0 tx=1 retry_gap=1 wait=0 rx=0 rxq=0 rxr=0 ack=0 ch9=1 rf=0 retry=20 interval=380
DBG_ANCHOR_CH5_SCAN_RESCHED ret=1 delay=20
DBG_ANCHOR_CH5_SCAN_HANDLER role=2
DBG_ANCHOR_CH9_REARM delay=0 ret=0 ack=0
DBG_ANCHOR_CH5_SCAN_BLOCKED win=0 survey=0 tx=1 retry_gap=1 wait=0 rx=0 rxq=0 rxr=0 ack=0 ch9=1 rf=0 retry=20 interval=380
DBG_ANCHOR_CH5_SCAN_RESCHED ret=1 delay=20
DBG_ANCHOR_CH5_SCAN_HANDLER role=2
DBG_ANCHOR_CH9_REARM delay=0 ret=0 ack=0
DBG_ANCHOR_CH5_SCAN_BLOCKED win=0 survey=0 tx=1 retry_gap=1 wait=0 rx=0 rxq=0 rxr=0 ack=0 ch9=1 rf=0 retry=20 interval=380
DBG_ANCHOR_CH5_SCAN_RESCHED ret=1 delay=20
DBG_ANCHOR_CH5_SCAN_HANDLER role=2
DBG_ANCHOR_CH9_REARM delay=0 ret=0 ack=0
DBG_ANCHOR_CH5_SCAN_BLOCKED win=0 survey=0 tx=1 retry_gap=1 wait=0 rx=0 rxq=0 rxr=0 ack=0 ch9=1 rf=0 retry=20 interval=380
DBG_ANCHOR_CH5_SCAN_RESCHED ret=1 delay=20
DBG_ANCHOR_CH5_SCAN_HANDLER role=2
DBG_ANCHOR_CH9_REARM delay=0 ret=0 ack=0
DBG_ANCHOR_CH5_SCAN_BLOCKED win=0 survey=0 tx=1 retry_gap=1 wait=0 rx=0 rxq=0 rxr=0 ack=0 ch9=1 rf=0 retry=20 interval=380
DBG_ANCHOR_CH5_SCAN_RESCHED ret=1 delay=20
DBG_ANCHOR_CH5_SCAN_HANDLER role=2
DBG_ANCHOR_CH9_REARM delay=0 ret=0 ack=0
DBG_ANCHOR_CH5_SCAN_BLOCKED win=0 survey=0 tx=1 retry_gap=1 wait=0 rx=0 rxq=0 rxr=0 ack=0 ch9=1 rf=0 retry=20 interval=380
DBG_ANCHOR_CH5_SCAN_RESCHED ret=1 delay=20
DBG_ANCHOR_CH5_SCAN_HANDLER role=2
DBG_ANCHOR_CH9_REARM delay=0 ret=0 ack=0
DBG_ANCHOR_CH5_SCAN_BLOCKED win=0 survey=0 tx=1 retry_gap=1 wait=0 rx=0 rxq=0 rxr=0 ack=0 ch9=1 rf=0 retry=20 interval=380
DBG_ANCHOR_CH5_SCAN_RESCHED ret=1 delay=20
DBG_ANCHOR_CH5_SCAN_HANDLER role=2
DBG_ANCHOR_CH9_REARM delay=0 ret=0 ack=0
DBG_ANCHOR_CH5_SCAN_BLOCKED win=0 survey=0 tx=1 retry_gap=1 wait=0 rx=0 rxq=0 rxr=0 ack=0 ch9=1 rf=0 retry=20 interval=380
DBG_ANCHOR_CH5_SCAN_RESCHED ret=1 delay=20
DBG_ANCHOR_CH5_SCAN_HANDLER role=2
DBG_ANCHOR_CH9_REARM delay=0 ret=0 ack=0
DBG_ANCHOR_CH5_SCAN_BLOCKED win=0 survey=0 tx=1 retry_gap=1 wait=0 rx=0 rxq=0 rxr=0 ack=0 ch9=1 rf=0 retry=20 interval=380
DBG_ANCHOR_CH5_SCAN_RESCHED ret=1 delay=20
DBG_ANCHOR_CH5_SCAN_HANDLER role=2
DBG_ANCHOR_CH9_REARM delay=0 ret=0 ack=0
DBG_ANCHOR_CH5_SCAN_BLOCKED win=0 survey=0 tx=1 retry_gap=1 wait=0 rx=0 rxq=0 rxr=0 ack=0 ch9=1 rf=0 retry=20 interval=380
DBG_ANCHOR_CH5_SCAN_RESCHED ret=1 delay=20
DBG_ANCHOR_CH5_SCAN_HANDLER role=2
DBG_ANCHOR_CH9_REARM delay=0 ret=0 ack=0
DBG_ANCHOR_CH5_SCAN_BLOCKED win=0 survey=0 tx=1 retry_gap=1 wait=0 rx=0 rxq=0 rxr=0 ack=0 ch9=1 rf=0 retry=20 interval=380
DBG_ANCHOR_CH5_SCAN_RESCHED ret=1 delay=20
DBG_ANCHOR_CH5_SCAN_HANDLER role=2
DBG_ANCHOR_CH9_REARM delay=0 ret=0 ack=0
DBG_ANCHOR_CH5_SCAN_BLOCKED win=0 survey=0 tx=1 retry_gap=1 wait=0 rx=0 rxq=0 rxr=0 ack=0 ch9=1 rf=0 retry=20 interval=380
DBG_ANCHOR_CH5_SCAN_RESCHED ret=1 delay=20
DBG_ANCHOR_CH5_SCAN_HANDLER role=2
DBG_ANCHOR_CH9_REARM delay=0 ret=0 ack=0
DBG_ANCHOR_CH5_SCAN_BLOCKED win=0 survey=0 tx=1 retry_gap=1 wait=0 rx=0 rxq=0 rxr=0 ack=0 ch9=1 rf=0 retry=20 interval=380
DBG_ANCHOR_CH5_SCAN_RESCHED ret=1 delay=20
DBG_ANCHOR_CH5_SCAN_HANDLER role=2
DBG_ANCHOR_CH9_REARM delay=0 ret=0 ack=0
DBG_ANCHOR_CH5_SCAN_BLOCKED win=0 survey=0 tx=1 retry_gap=1 wait=0 rx=0 rxq=0 rxr=0 ack=0 ch9=1 rf=0 retry=20 interval=380
DBG_ANCHOR_CH5_SCAN_RESCHED ret=1 delay=20
DBG_ANCHOR_CH5_SCAN_HANDLER role=2
DBG_ANCHOR_CH9_REARM delay=0 ret=0 ack=0
DBG_ANCHOR_CH5_SCAN_BLOCKED win=0 survey=0 tx=1 retry_gap=1 wait=0 rx=0 rxq=0 rxr=0 ack=0 ch9=1 rf=0 retry=20 interval=380
DBG_ANCHOR_CH5_SCAN_RESCHED ret=1 delay=20
DBG_ANCHOR_CH5_SCAN_HANDLER role=2
DBG_ANCHOR_CH9_REARM delay=0 ret=0 ack=0
DBG_ANCHOR_CH5_SCAN_BLOCKED win=0 survey=0 tx=1 retry_gap=1 wait=0 rx=0 rxq=0 rxr=0 ack=0 ch9=1 rf=0 retry=20 interval=380
DBG_ANCHOR_CH5_SCAN_RESCHED ret=1 delay=20
DBG_ANCHOR_CH5_SCAN_HANDLER role=2
DBG_ANCHOR_CH9_REARM delay=0 ret=0 ack=0
DBG_ANCHOR_CH5_SCAN_BLOCKED win=0 survey=0 tx=1 retry_gap=1 wait=0 rx=0 rxq=0 rxr=0 ack=0 ch9=1 rf=0 retry=20 interval=380
DBG_ANCHOR_CH5_SCAN_RESCHED ret=1 delay=20
DBG_ANCHOR_CH5_SCAN_HANDLER role=2
DBG_ANCHOR_CH9_REARM delay=0 ret=0 ack=0
DBG_ANCHOR_CH5_SCAN_BLOCKED win=0 survey=0 tx=1 retry_gap=1 wait=0 rx=0 rxq=0 rxr=0 ack=0 ch9=1 rf=0 retry=20 interval=380
DBG_ANCHOR_CH5_SCAN_RESCHED ret=1 delay=20
DBG_ANCHOR_CH5_SCAN_HANDLER role=2
DBG_ANCHOR_CH9_REARM delay=0 ret=0 ack=0
DBG_ANCHOR_CH5_SCAN_BLOCKED win=0 survey=0 tx=1 retry_gap=1 wait=0 rx=0 rxq=0 rxr=0 ack=0 ch9=1 rf=0 retry=20 interval=380
DBG_ANCHOR_CH5_SCAN_RESCHED ret=1 delay=20
DBG_ANCHOR_CH5_SCAN_HANDLER role=2
DBG_ANCHOR_CH9_REARM delay=0 ret=0 ack=0
DBG_ANCHOR_CH5_SCAN_BLOCKED win=0 survey=0 tx=1 retry_gap=1 wait=0 rx=0 rxq=0 rxr=0 ack=0 ch9=1 rf=0 retry=20 interval=380
DBG_ANCHOR_CH5_SCAN_RESCHED ret=1 delay=20
DBG_ANCHOR_CH5_SCAN_HANDLER role=2
DBG_ANCHOR_CH9_REARM delay=0 ret=0 ack=0
DBG_ANCHOR_CH5_SCAN_BLOCKED win=0 survey=0 tx=1 retry_gap=1 wait=0 rx=0 rxq=0 rxr=0 ack=0 ch9=1 rf=0 retry=20 interval=380
DBG_ANCHOR_CH5_SCAN_RESCHED ret=1 delay=20
DBG_ANCHOR_CH5_SCAN_HANDLER role=2
DBG_ANCHOR_CH9_REARM delay=0 ret=0 ack=0
DBG_ANCHOR_CH5_SCAN_BLOCKED win=0 survey=0 tx=1 retry_gap=1 wait=0 rx=0 rxq=0 rxr=0 ack=0 ch9=1 rf=0 retry=20 interval=380
DBG_ANCHOR_CH5_SCAN_RESCHED ret=1 delay=20
DBG_ANCHOR_CH5_SCAN_HANDLER role=2
DBG_ANCHOR_CH9_REARM delay=0 ret=0 ack=0
DBG_ANCHOR_CH5_SCAN_BLOCKED win=0 survey=0 tx=1 retry_gap=1 wait=0 rx=0 rxq=0 rxr=0 ack=0 ch9=1 rf=0 retry=20 interval=380
DBG_ANCHOR_CH5_SCAN_RESCHED ret=1 delay=20
DBG_ANCHOR_CH5_SCAN_HANDLER role=2
DBG_ANCHOR_CH9_REARM delay=0 ret=0 ack=0
DBG_ANCHOR_CH5_SCAN_BLOCKED win=0 survey=0 tx=1 retry_gap=1 wait=0 rx=0 rxq=0 rxr=0 ack=0 ch9=1 rf=0 retry=20 interval=380
DBG_ANCHOR_CH5_SCAN_RESCHED ret=1 delay=20
DBG_ANCHOR_CH5_SCAN_HANDLER role=2
DBG_ANCHOR_CH9_REARM delay=0 ret=0 ack=0
DBG_ANCHOR_CH5_SCAN_BLOCKED win=0 survey=0 tx=1 retry_gap=1 wait=0 rx=0 rxq=0 rxr=0 ack=0 ch9=1 rf=0 retry=20 interval=380
DBG_ANCHOR_CH5_SCAN_RESCHED ret=1 delay=20
DBG_ANCHOR_CH5_SCAN_HANDLER role=2
DBG_ANCHOR_CH9_REARM delay=0 ret=0 ack=0
DBG_ANCHOR_CH5_SCAN_BLOCKED win=0 survey=0 tx=1 retry_gap=1 wait=0 rx=0 rxq=0 rxr=0 ack=0 ch9=1 rf=0 retry=20 interval=380
DBG_ANCHOR_CH5_SCAN_RESCHED ret=1 delay=20
DBG_ANCHOR_CH5_SCAN_HANDLER role=2
DBG_ANCHOR_CH9_REARM delay=0 ret=0 ack=0
DBG_ANCHOR_CH5_SCAN_BLOCKED win=0 survey=0 tx=1 retry_gap=1 wait=0 rx=0 rxq=0 rxr=0 ack=0 ch9=1 rf=0 retry=20 interval=380
DBG_ANCHOR_CH5_SCAN_RESCHED ret=1 delay=20
DBG_ANCHOR_CH5_SCAN_HANDLER role=2
DBG_ANCHOR_CH9_REARM delay=0 ret=0 ack=0
DBG_ANCHOR_CH5_SCAN_BLOCKED win=0 survey=0 tx=1 retry_gap=1 wait=0 rx=0 rxq=0 rxr=0 ack=0 ch9=1 rf=0 retry=20 interval=380
DBG_ANCHOR_CH5_SCAN_RESCHED ret=1 delay=20
DBG_ANCHOR_CH5_SCAN_HANDLER role=2
DBG_ANCHOR_CH9_REARM delay=0 ret=0 ack=0
DBG_ANCHOR_CH5_SCAN_BLOCKED win=0 survey=0 tx=1 retry_gap=1 wait=0 rx=0 rxq=0 rxr=0 ack=0 ch9=1 rf=0 retry=20 interval=380
DBG_ANCHOR_CH5_SCAN_RESCHED ret=1 delay=20
DBG_ANCHOR_CH5_SCAN_HANDLER role=2
DBG_ANCHOR_CH9_REARM delay=0 ret=0 ack=0
DBG_ANCHOR_CH5_SCAN_BLOCKED win=0 survey=0 tx=1 retry_gap=1 wait=0 rx=0 rxq=0 rxr=0 ack=0 ch9=1 rf=0 retry=20 interval=380
DBG_ANCHOR_CH5_SCAN_RESCHED ret=1 delay=20
DBG_ANCHOR_CH5_SCAN_HANDLER role=2
DBG_ANCHOR_CH9_REARM delay=0 ret=0 ack=0
DBG_ANCHOR_CH5_SCAN_BLOCKED win=0 survey=0 tx=1 retry_gap=1 wait=0 rx=0 rxq=0 rxr=0 ack=0 ch9=1 rf=0 retry=20 interval=380
DBG_ANCHOR_CH5_SCAN_RESCHED ret=1 delay=20
DBG_ANCHOR_CH5_SCAN_HANDLER role=2
DBG_ANCHOR_CH9_REARM delay=0 ret=0 ack=0
DBG_ANCHOR_CH5_SCAN_BLOCKED win=0 survey=0 tx=1 retry_gap=1 wait=0 rx=0 rxq=0 rxr=0 ack=0 ch9=1 rf=0 retry=20 interval=380
DBG_ANCHOR_CH5_SCAN_RESCHED ret=1 delay=20
DBG_ANCHOR_CH5_SCAN_HANDLER role=2
DBG_ANCHOR_CH9_REARM delay=0 ret=0 ack=0
DBG_ANCHOR_CH5_SCAN_BLOCKED win=0 survey=0 tx=1 retry_gap=1 wait=0 rx=0 rxq=0 rxr=0 ack=0 ch9=1 rf=0 retry=20 interval=380
DBG_ANCHOR_CH5_SCAN_RESCHED ret=1 delay=20
DBG_ANCHOR_CH5_SCAN_HANDLER role=2
DBG_ANCHOR_CH9_REARM delay=0 ret=0 ack=0
DBG_ANCHOR_CH5_SCAN_BLOCKED win=0 survey=0 tx=1 retry_gap=1 wait=0 rx=0 rxq=0 rxr=0 ack=0 ch9=1 rf=0 retry=20 interval=380
DBG_ANCHOR_CH5_SCAN_RESCHED ret=1 delay=20
DBG_ANCHOR_CH5_SCAN_HANDLER role=2
DBG_ANCHOR_CH9_REARM delay=0 ret=0 ack=0
DBG_ANCHOR_CH5_SCAN_BLOCKED win=0 survey=0 tx=1 retry_gap=1 wait=0 rx=0 rxq=0 rxr=0 ack=0 ch9=1 rf=0 retry=20 interval=380
DBG_ANCHOR_CH5_SCAN_RESCHED ret=1 delay=20
DBG_ANCHOR_CH5_SCAN_HANDLER role=2
DBG_ANCHOR_CH9_REARM delay=0 ret=0 ack=0
DBG_ANCHOR_CH5_SCAN_BLOCKED win=0 survey=0 tx=1 retry_gap=1 wait=0 rx=0 rxq=0 rxr=0 ack=0 ch9=1 rf=0 retry=20 interval=380
DBG_ANCHOR_CH5_SCAN_RESCHED ret=1 delay=20
DBG_ANCHOR_CH5_SCAN_HANDLER role=2
DBG_ANCHOR_CH9_REARM delay=0 ret=0 ack=0
DBG_ANCHOR_CH5_SCAN_BLOCKED win=0 survey=0 tx=1 retry_gap=1 wait=0 rx=0 rxq=0 rxr=0 ack=0 ch9=1 rf=0 retry=20 interval=380
DBG_ANCHOR_CH5_SCAN_RESCHED ret=1 delay=20
DBG_ANCHOR_CH5_SCAN_HANDLER role=2
DBG_ANCHOR_CH9_REARM delay=0 ret=0 ack=0
DBG_ANCHOR_CH5_SCAN_BLOCKED win=0 survey=0 tx=1 retry_gap=1 wait=0 rx=0 rxq=0 rxr=0 ack=0 ch9=1 rf=0 retry=20 interval=380
DBG_ANCHOR_CH5_SCAN_RESCHED ret=1 delay=20
DBG_ANCHOR_CH5_SCAN_HANDLER role=2
DBG_ANCHOR_CH9_REARM delay=0 ret=0 ack=0
DBG_ANCHOR_CH5_SCAN_BLOCKED win=0 survey=0 tx=1 retry_gap=1 wait=0 rx=0 rxq=0 rxr=0 ack=0 ch9=1 rf=0 retry=20 interval=380
DBG_ANCHOR_CH5_SCAN_RESCHED ret=1 delay=20
DBG_ANCHOR_CH5_SCAN_HANDLER role=2
DBG_ANCHOR_CH9_REARM delay=0 ret=0 ack=0
DBG_ANCHOR_CH5_SCAN_BLOCKED win=0 survey=0 tx=1 retry_gap=1 wait=0 rx=0 rxq=0 rxr=0 ack=0 ch9=1 rf=0 retry=20 interval=380
DBG_ANCHOR_CH5_SCAN_RESCHED ret=1 delay=20
DBG_ANCHOR_CH5_SCAN_HANDLER role=2
DBG_ANCHOR_CH9_REARM delay=0 ret=0 ack=0
DBG_ANCHOR_CH5_SCAN_BLOCKED win=0 survey=0 tx=1 retry_gap=1 wait=0 rx=0 rxq=0 rxr=0 ack=0 ch9=1 rf=0 retry=20 interval=380
DBG_ANCHOR_CH5_SCAN_RESCHED ret=1 delay=20
DBG_ANCHOR_CH5_SCAN_HANDLER role=2
DBG_ANCHOR_CH9_REARM delay=0 ret=0 ack=0
DBG_ANCHOR_CH5_SCAN_BLOCKED win=0 survey=0 tx=1 retry_gap=1 wait=0 rx=0 rxq=0 rxr=0 ack=0 ch9=1 rf=0 retry=20 interval=380
DBG_ANCHOR_CH5_SCAN_RESCHED ret=1 delay=20
DBG_ANCHOR_CH5_SCAN_HANDLER role=2
DBG_ANCHOR_CH9_REARM delay=0 ret=0 ack=0
DBG_ANCHOR_CH5_SCAN_BLOCKED win=0 survey=0 tx=1 retry_gap=1 wait=0 rx=0 rxq=0 rxr=0 ack=0 ch9=1 rf=0 retry=20 interval=380
DBG_ANCHOR_CH5_SCAN_RESCHED ret=1 delay=20
DBG_ANCHOR_CH5_SCAN_HANDLER role=2
DBG_ANCHOR_CH9_REARM delay=0 ret=0 ack=0
DBG_ANCHOR_CH5_SCAN_BLOCKED win=0 survey=0 tx=1 retry_gap=1 wait=0 rx=0 rxq=0 rxr=0 ack=0 ch9=1 rf=0 retry=20 interval=380
DBG_ANCHOR_CH5_SCAN_RESCHED ret=1 delay=20
DBG_ANCHOR_CH5_SCAN_HANDLER role=2
DBG_ANCHOR_CH9_REARM delay=0 ret=0 ack=0
DBG_ANCHOR_CH5_SCAN_BLOCKED win=0 survey=0 tx=1 retry_gap=1 wait=0 rx=0 rxq=0 rxr=0 ack=0 ch9=1 rf=0 retry=20 interval=380
DBG_ANCHOR_CH5_SCAN_RESCHED ret=1 delay=20
DBG_ANCHOR_CH5_SCAN_HANDLER role=2
DBG_ANCHOR_CH9_REARM delay=0 ret=0 ack=0
DBG_ANCHOR_CH5_SCAN_BLOCKED win=0 survey=0 tx=1 retry_gap=1 wait=0 rx=0 rxq=0 rxr=0 ack=0 ch9=1 rf=0 retry=20 interval=380
DBG_ANCHOR_CH5_SCAN_RESCHED ret=1 delay=20
DBG_ANCHOR_CH5_SCAN_HANDLER role=2
DBG_ANCHOR_CH9_REARM delay=0 ret=0 ack=0
DBG_ANCHOR_CH5_SCAN_BLOCKED win=0 survey=0 tx=1 retry_gap=1 wait=0 rx=0 rxq=0 rxr=0 ack=0 ch9=1 rf=0 retry=20 interval=380
DBG_ANCHOR_CH5_SCAN_RESCHED ret=1 delay=20
DBG_ANCHOR_CH5_SCAN_HANDLER role=2
DBG_ANCHOR_CH9_REARM delay=0 ret=0 ack=0
DBG_ANCHOR_CH5_SCAN_BLOCKED win=0 survey=0 tx=1 retry_gap=1 wait=0 rx=0 rxq=0 rxr=0 ack=0 ch9=1 rf=0 retry=20 interval=380
DBG_ANCHOR_CH5_SCAN_RESCHED ret=1 delay=20
DBG_ANCHOR_CH5_SCAN_HANDLER role=2
DBG_ANCHOR_CH9_REARM delay=0 ret=0 ack=0
DBG_ANCHOR_CH5_SCAN_BLOCKED win=0 survey=0 tx=1 retry_gap=1 wait=0 rx=0 rxq=0 rxr=0 ack=0 ch9=1 rf=0 retry=20 interval=380
DBG_ANCHOR_CH5_SCAN_RESCHED ret=1 delay=20
DBG_ANCHOR_CH5_SCAN_HANDLER role=2
DBG_ANCHOR_CH9_REARM delay=0 ret=0 ack=0
DBG_ANCHOR_CH5_SCAN_BLOCKED win=0 survey=0 tx=1 retry_gap=1 wait=0 rx=0 rxq=0 rxr=0 ack=0 ch9=1 rf=0 retry=20 interval=380
DBG_ANCHOR_CH5_SCAN_RESCHED ret=1 delay=20
DBG_ANCHOR_CH5_SCAN_HANDLER role=2
DBG_ANCHOR_CH9_REARM delay=0 ret=0 ack=0
DBG_ANCHOR_CH5_SCAN_BLOCKED win=0 survey=0 tx=1 retry_gap=1 wait=0 rx=0 rxq=0 rxr=0 ack=0 ch9=1 rf=0 retry=20 interval=380
DBG_ANCHOR_CH5_SCAN_RESCHED ret=1 delay=20
DBG_ANCHOR_CH5_SCAN_HANDLER role=2
DBG_ANCHOR_CH9_REARM delay=0 ret=0 ack=0
DBG_ANCHOR_CH5_SCAN_BLOCKED win=0 survey=0 tx=1 retry_gap=1 wait=0 rx=0 rxq=0 rxr=0 ack=0 ch9=1 rf=0 retry=20 interval=380
DBG_ANCHOR_CH5_SCAN_RESCHED ret=1 delay=20
DBG_ANCHOR_CH5_SCAN_HANDLER role=2
DBG_ANCHOR_CH9_REARM delay=0 ret=0 ack=0
DBG_ANCHOR_CH5_SCAN_BLOCKED win=0 survey=0 tx=1 retry_gap=1 wait=0 rx=0 rxq=0 rxr=0 ack=0 ch9=1 rf=0 retry=20 interval=380
DBG_ANCHOR_CH5_SCAN_RESCHED ret=1 delay=20
DBG_ANCHOR_CH5_SCAN_HANDLER role=2
DBG_ANCHOR_CH9_REARM delay=0 ret=0 ack=0
DBG_ANCHOR_CH5_SCAN_BLOCKED win=0 survey=0 tx=1 retry_gap=1 wait=0 rx=0 rxq=0 rxr=0 ack=0 ch9=1 rf=0 retry=20 interval=380
DBG_ANCHOR_CH5_SCAN_RESCHED ret=1 delay=20
DBG_ANCHOR_CH5_SCAN_HANDLER role=2
DBG_ANCHOR_CH9_REARM delay=0 ret=0 ack=0
DBG_ANCHOR_CH5_SCAN_BLOCKED win=0 survey=0 tx=1 retry_gap=1 wait=0 rx=0 rxq=0 rxr=0 ack=0 ch9=1 rf=0 retry=20 interval=380
DBG_ANCHOR_CH5_SCAN_RESCHED ret=1 delay=20
DBG_ANCHOR_CH5_SCAN_HANDLER role=2
DBG_ANCHOR_CH9_REARM delay=0 ret=0 ack=0
DBG_ANCHOR_CH5_SCAN_BLOCKED win=0 survey=0 tx=1 retry_gap=1 wait=0 rx=0 rxq=0 rxr=0 ack=0 ch9=1 rf=0 retry=20 interval=380
DBG_ANCHOR_CH5_SCAN_RESCHED ret=1 delay=20
DBG_ANCHOR_CH5_SCAN_HANDLER role=2
DBG_ANCHOR_CH9_REARM delay=0 ret=0 ack=0
DBG_ANCHOR_CH5_SCAN_BLOCKED win=0 survey=0 tx=1 retry_gap=1 wait=0 rx=0 rxq=0 rxr=0 ack=0 ch9=1 rf=0 retry=20 interval=380
DBG_ANCHOR_CH5_SCAN_RESCHED ret=1 delay=20
DBG_ANCHOR_CH5_SCAN_HANDLER role=2
DBG_ANCHOR_CH9_REARM delay=0 ret=0 ack=0
DBG_ANCHOR_CH5_SCAN_BLOCKED win=0 survey=0 tx=1 retry_gap=1 wait=0 rx=0 rxq=0 rxr=0 ack=0 ch9=1 rf=0 retry=20 interval=380
DBG_ANCHOR_CH5_SCAN_RESCHED ret=1 delay=20
DBG_ANCHOR_CH5_SCAN_HANDLER role=2
DBG_ANCHOR_CH9_REARM delay=0 ret=0 ack=0
DBG_ANCHOR_CH5_SCAN_BLOCKED win=0 survey=0 tx=1 retry_gap=1 wait=0 rx=0 rxq=0 rxr=0 ack=0 ch9=1 rf=0 retry=20 interval=380
DBG_ANCHOR_CH5_SCAN_RESCHED ret=1 delay=20
DBG_ANCHOR_CH5_SCAN_HANDLER role=2
DBG_ANCHOR_CH9_REARM delay=0 ret=0 ack=0
DBG_ANCHOR_CH5_SCAN_BLOCKED win=0 survey=0 tx=1 retry_gap=1 wait=0 rx=0 rxq=0 rxr=0 ack=0 ch9=1 rf=0 retry=20 interval=380
DBG_ANCHOR_CH5_SCAN_RESCHED ret=1 delay=20
DBG_ANCHOR_CH5_SCAN_HANDLER role=2
DBG_ANCHOR_CH9_REARM delay=0 ret=0 ack=0
DBG_ANCHOR_CH5_SCAN_BLOCKED win=0 survey=0 tx=1 retry_gap=1 wait=0 rx=0 rxq=0 rxr=0 ack=0 ch9=1 rf=0 retry=20 interval=380
DBG_ANCHOR_CH5_SCAN_RESCHED ret=1 delay=20
DBG_ANCHOR_CH5_SCAN_HANDLER role=2
DBG_ANCHOR_CH9_REARM delay=0 ret=0 ack=0
DBG_ANCHOR_CH5_SCAN_BLOCKED win=0 survey=0 tx=1 retry_gap=1 wait=0 rx=0 rxq=0 rxr=0 ack=0 ch9=1 rf=0 retry=20 interval=380
DBG_ANCHOR_CH5_SCAN_RESCHED ret=1 delay=20
DBG_ANCHOR_CH5_SCAN_HANDLER role=2
DBG_ANCHOR_CH9_REARM delay=0 ret=0 ack=0
DBG_ANCHOR_CH5_SCAN_BLOCKED win=0 survey=0 tx=1 retry_gap=1 wait=0 rx=0 rxq=0 rxr=0 ack=0 ch9=1 rf=0 retry=20 interval=380
DBG_ANCHOR_CH5_SCAN_RESCHED ret=1 delay=20
DBG_ANCHOR_CH5_SCAN_HANDLER role=2
DBG_ANCHOR_CH9_REARM delay=0 ret=0 ack=0
DBG_ANCHOR_CH5_SCAN_BLOCKED win=0 survey=0 tx=1 retry_gap=1 wait=0 rx=0 rxq=0 rxr=0 ack=0 ch9=1 rf=0 retry=20 interval=380
DBG_ANCHOR_CH5_SCAN_RESCHED ret=1 delay=20
DBG_ANCHOR_CH5_SCAN_HANDLER role=2
DBG_ANCHOR_CH9_REARM delay=0 ret=0 ack=0
DBG_ANCHOR_CH5_SCAN_BLOCKED win=0 survey=0 tx=1 retry_gap=1 wait=0 rx=0 rxq=0 rxr=0 ack=0 ch9=1 rf=0 retry=20 interval=380
DBG_ANCHOR_CH5_SCAN_RESCHED ret=1 delay=20
DBG_ANCHOR_CH5_SCAN_HANDLER role=2
DBG_ANCHOR_CH9_REARM delay=0 ret=0 ack=0
DBG_ANCHOR_CH5_SCAN_BLOCKED win=0 survey=0 tx=1 retry_gap=1 wait=0 rx=0 rxq=0 rxr=0 ack=0 ch9=1 rf=0 retry=20 interval=380
DBG_ANCHOR_CH5_SCAN_RESCHED ret=1 delay=20
DBG_ANCHOR_CH5_SCAN_HANDLER role=2
DBG_ANCHOR_CH9_REARM delay=0 ret=0 ack=0
DBG_ANCHOR_CH5_SCAN_BLOCKED win=0 survey=0 tx=1 retry_gap=1 wait=0 rx=0 rxq=0 rxr=0 ack=0 ch9=1 rf=0 retry=20 interval=380
DBG_ANCHOR_CH5_SCAN_RESCHED ret=1 delay=20
DBG_ANCHOR_CH5_SCAN_HANDLER role=2
DBG_ANCHOR_CH9_REARM delay=0 ret=0 ack=0
DBG_ANCHOR_CH5_SCAN_BLOCKED win=0 survey=0 tx=1 retry_gap=1 wait=0 rx=0 rxq=0 rxr=0 ack=0 ch9=1 rf=0 retry=20 interval=380
DBG_ANCHOR_CH5_SCAN_RESCHED ret=1 delay=20
DBG_ANCHOR_CH5_SCAN_HANDLER role=2
DBG_ANCHOR_CH9_REARM delay=0 ret=0 ack=0
DBG_ANCHOR_CH5_SCAN_BLOCKED win=0 survey=0 tx=1 retry_gap=1 wait=0 rx=0 rxq=0 rxr=0 ack=0 ch9=1 rf=0 retry=20 interval=380
DBG_ANCHOR_CH5_SCAN_RESCHED ret=1 delay=20
DBG_ANCHOR_CH5_SCAN_HANDLER role=2
DBG_ANCHOR_CH9_REARM delay=0 ret=0 ack=0
DBG_ANCHOR_CH5_SCAN_BLOCKED win=0 survey=0 tx=1 retry_gap=1 wait=0 rx=0 rxq=0 rxr=0 ack=0 ch9=1 rf=0 retry=20 interval=380
DBG_ANCHOR_CH5_SCAN_RESCHED ret=1 delay=20
DBG_ANCHOR_CH5_SCAN_HANDLER role=2
DBG_ANCHOR_CH9_REARM delay=0 ret=0 ack=0
DBG_ANCHOR_CH5_SCAN_BLOCKED win=0 survey=0 tx=1 retry_gap=1 wait=0 rx=0 rxq=0 rxr=0 ack=0 ch9=1 rf=0 retry=20 interval=380
DBG_ANCHOR_CH5_SCAN_RESCHED ret=1 delay=20
DBG_ANCHOR_CH5_SCAN_HANDLER role=2
DBG_ANCHOR_CH9_REARM delay=0 ret=0 ack=0
DBG_ANCHOR_CH5_SCAN_BLOCKED win=0 survey=0 tx=1 retry_gap=1 wait=0 rx=0 rxq=0 rxr=0 ack=0 ch9=1 rf=0 retry=20 interval=380
DBG_ANCHOR_CH5_SCAN_RESCHED ret=1 delay=20
DBG_ANCHOR_CH5_SCAN_HANDLER role=2
DBG_ANCHOR_CH9_REARM delay=0 ret=0 ack=0
DBG_ANCHOR_CH5_SCAN_BLOCKED win=0 survey=0 tx=1 retry_gap=1 wait=0 rx=0 rxq=0 rxr=0 ack=0 ch9=1 rf=0 retry=20 interval=380
DBG_ANCHOR_CH5_SCAN_RESCHED ret=1 delay=20
DBG_ANCHOR_CH5_SCAN_HANDLER role=2
DBG_ANCHOR_CH9_REARM delay=0 ret=0 ack=0
DBG_ANCHOR_CH5_SCAN_BLOCKED win=0 survey=0 tx=1 retry_gap=1 wait=0 rx=0 rxq=0 rxr=0 ack=0 ch9=1 rf=0 retry=20 interval=380
DBG_ANCHOR_CH5_SCAN_RESCHED ret=1 delay=20
DBG_ANCHOR_CH5_SCAN_HANDLER role=2
DBG_ANCHOR_CH9_REARM delay=0 ret=0 ack=0
DBG_ANCHOR_CH5_SCAN_BLOCKED win=0 survey=0 tx=1 retry_gap=1 wait=0 rx=0 rxq=0 rxr=0 ack=0 ch9=1 rf=0 retry=20 interval=380
DBG_ANCHOR_CH5_SCAN_RESCHED ret=1 delay=20
DBG_ANCHOR_CH5_SCAN_HANDLER role=2
DBG_ANCHOR_CH9_REARM delay=0 ret=0 ack=0
DBG_ANCHOR_CH5_SCAN_BLOCKED win=0 survey=0 tx=1 retry_gap=1 wait=0 rx=0 rxq=0 rxr=0 ack=0 ch9=1 rf=0 retry=20 interval=380
DBG_ANCHOR_CH5_SCAN_RESCHED ret=1 delay=20
DBG_ANCHOR_CH5_SCAN_HANDLER role=2
DBG_ANCHOR_CH9_REARM delay=0 ret=0 ack=0
DBG_ANCHOR_CH5_SCAN_BLOCKED win=0 survey=0 tx=1 retry_gap=1 wait=0 rx=0 rxq=0 rxr=0 ack=0 ch9=1 rf=0 retry=20 interval=380
DBG_ANCHOR_CH5_SCAN_RESCHED ret=1 delay=20
DBG_ANCHOR_CH5_SCAN_HANDLER role=2
DBG_ANCHOR_CH9_REARM delay=0 ret=0 ack=0
DBG_ANCHOR_CH5_SCAN_BLOCKED win=0 survey=0 tx=1 retry_gap=1 wait=0 rx=0 rxq=0 rxr=0 ack=0 ch9=1 rf=0 retry=20 interval=380
DBG_ANCHOR_CH5_SCAN_RESCHED ret=1 delay=20
DBG_ANCHOR_CH5_SCAN_HANDLER role=2
DBG_ANCHOR_CH9_REARM delay=0 ret=0 ack=0
DBG_ANCHOR_CH5_SCAN_BLOCKED win=0 survey=0 tx=1 retry_gap=1 wait=0 rx=0 rxq=0 rxr=0 ack=0 ch9=1 rf=0 retry=20 interval=380
DBG_ANCHOR_CH5_SCAN_RESCHED ret=1 delay=20
DBG_ANCHOR_CH5_SCAN_HANDLER role=2
DBG_ANCHOR_CH9_REARM delay=0 ret=0 ack=0
DBG_ANCHOR_CH5_SCAN_BLOCKED win=0 survey=0 tx=1 retry_gap=1 wait=0 rx=0 rxq=0 rxr=0 ack=0 ch9=1 rf=0 retry=20 interval=380
DBG_ANCHOR_CH5_SCAN_RESCHED ret=1 delay=20
DBG_ANCHOR_CH5_SCAN_HANDLER role=2
DBG_ANCHOR_CH9_REARM delay=0 ret=0 ack=0
DBG_ANCHOR_CH5_SCAN_BLOCKED win=0 survey=0 tx=1 retry_gap=1 wait=0 rx=0 rxq=0 rxr=0 ack=0 ch9=1 rf=0 retry=20 interval=380
DBG_ANCHOR_CH5_SCAN_RESCHED ret=1 delay=20
DBG_ANCHOR_CH5_SCAN_HANDLER role=2
DBG_ANCHOR_CH9_REARM delay=0 ret=0 ack=0
DBG_ANCHOR_CH5_SCAN_BLOCKED win=0 survey=0 tx=1 retry_gap=1 wait=0 rx=0 rxq=0 rxr=0 ack=0 ch9=1 rf=0 retry=20 interval=380
DBG_ANCHOR_CH5_SCAN_RESCHED ret=1 delay=20
DBG_ANCHOR_CH5_SCAN_HANDLER role=2
DBG_ANCHOR_CH9_REARM delay=0 ret=0 ack=0
DBG_ANCHOR_CH5_SCAN_BLOCKED win=0 survey=0 tx=1 retry_gap=1 wait=0 rx=0 rxq=0 rxr=0 ack=0 ch9=1 rf=0 retry=20 interval=380
DBG_ANCHOR_CH5_SCAN_RESCHED ret=1 delay=20
DBG_ANCHOR_CH5_SCAN_HANDLER role=2
DBG_ANCHOR_CH9_REARM delay=0 ret=0 ack=0
DBG_ANCHOR_CH5_SCAN_BLOCKED win=0 survey=0 tx=1 retry_gap=1 wait=0 rx=0 rxq=0 rxr=0 ack=0 ch9=1 rf=0 retry=20 interval=380
DBG_ANCHOR_CH5_SCAN_RESCHED ret=1 delay=20
DBG_ANCHOR_CH5_SCAN_HANDLER role=2
DBG_ANCHOR_CH9_REARM delay=0 ret=0 ack=0
DBG_ANCHOR_CH5_SCAN_BLOCKED win=0 survey=0 tx=1 retry_gap=1 wait=0 rx=0 rxq=0 rxr=0 ack=0 ch9=1 rf=0 retry=20 interval=380
DBG_ANCHOR_CH5_SCAN_RESCHED ret=1 delay=20
DBG_ANCHOR_CH5_SCAN_HANDLER role=2
DBG_ANCHOR_CH9_REARM delay=0 ret=0 ack=0
DBG_ANCHOR_CH5_SCAN_BLOCKED win=0 survey=0 tx=1 retry_gap=1 wait=0 rx=0 rxq=0 rxr=0 ack=0 ch9=1 rf=0 retry=20 interval=380
DBG_ANCHOR_CH5_SCAN_RESCHED ret=1 delay=20
DBG_ANCHOR_CH5_SCAN_HANDLER role=2
DBG_ANCHOR_CH9_REARM delay=0 ret=0 ack=0
DBG_ANCHOR_CH5_SCAN_BLOCKED win=0 survey=0 tx=1 retry_gap=1 wait=0 rx=0 rxq=0 rxr=0 ack=0 ch9=1 rf=0 retry=20 interval=380
DBG_ANCHOR_CH5_SCAN_RESCHED ret=1 delay=20
DBG_ANCHOR_CH5_SCAN_HANDLER role=2
DBG_ANCHOR_CH9_REARM delay=0 ret=0 ack=0
DBG_ANCHOR_CH5_SCAN_BLOCKED win=0 survey=0 tx=1 retry_gap=1 wait=0 rx=0 rxq=0 rxr=0 ack=0 ch9=1 rf=0 retry=20 interval=380
DBG_ANCHOR_CH5_SCAN_RESCHED ret=1 delay=20
DBG_ANCHOR_CH5_SCAN_HANDLER role=2
DBG_ANCHOR_CH9_REARM delay=0 ret=0 ack=0
DBG_ANCHOR_CH5_SCAN_BLOCKED win=0 survey=0 tx=1 retry_gap=1 wait=0 rx=0 rxq=0 rxr=0 ack=0 ch9=1 rf=0 retry=20 interval=380
DBG_ANCHOR_CH5_SCAN_RESCHED ret=1 delay=20
DBG_ANCHOR_CH5_SCAN_HANDLER role=2
DBG_ANCHOR_CH9_REARM delay=0 ret=0 ack=0
DBG_ANCHOR_CH5_SCAN_BLOCKED win=0 survey=0 tx=1 retry_gap=1 wait=0 rx=0 rxq=0 rxr=0 ack=0 ch9=1 rf=0 retry=20 interval=380
DBG_ANCHOR_CH5_SCAN_RESCHED ret=1 delay=20
DBG_ANCHOR_CH5_SCAN_HANDLER role=2
DBG_ANCHOR_CH9_REARM delay=0 ret=0 ack=0
DBG_ANCHOR_CH5_SCAN_BLOCKED win=0 survey=0 tx=1 retry_gap=1 wait=0 rx=0 rxq=0 rxr=0 ack=0 ch9=1 rf=0 retry=20 interval=380
DBG_ANCHOR_CH5_SCAN_RESCHED ret=1 delay=20
DBG_ANCHOR_CH5_SCAN_HANDLER role=2
DBG_ANCHOR_CH9_REARM delay=0 ret=0 ack=0
DBG_ANCHOR_CH5_SCAN_BLOCKED win=0 survey=0 tx=1 retry_gap=1 wait=0 rx=0 rxq=0 rxr=0 ack=0 ch9=1 rf=0 retry=20 interval=380
DBG_ANCHOR_CH5_SCAN_RESCHED ret=1 delay=20
DBG_ANCHOR_CH5_SCAN_HANDLER role=2
DBG_ANCHOR_CH9_REARM delay=0 ret=0 ack=0
DBG_ANCHOR_CH5_SCAN_BLOCKED win=0 survey=0 tx=1 retry_gap=1 wait=0 rx=0 rxq=0 rxr=0 ack=0 ch9=1 rf=0 retry=20 interval=380
DBG_ANCHOR_CH5_SCAN_RESCHED ret=1 delay=20
DBG_ANCHOR_CH5_SCAN_HANDLER role=2
DBG_ANCHOR_CH9_REARM delay=0 ret=0 ack=0
DBG_ANCHOR_CH5_SCAN_BLOCKED win=0 survey=0 tx=1 retry_gap=1 wait=0 rx=0 rxq=0 rxr=0 ack=0 ch9=1 rf=0 retry=20 interval=380
DBG_ANCHOR_CH5_SCAN_RESCHED ret=1 delay=20
DBG_ANCHOR_CH5_SCAN_HANDLER role=2
DBG_ANCHOR_CH9_REARM delay=0 ret=0 ack=0
DBG_ANCHOR_CH5_SCAN_BLOCKED win=0 survey=0 tx=1 retry_gap=1 wait=0 rx=0 rxq=0 rxr=0 ack=0 ch9=1 rf=0 retry=20 interval=380
DBG_ANCHOR_CH5_SCAN_RESCHED ret=1 delay=20
DBG_ANCHOR_CH5_SCAN_HANDLER role=2
DBG_ANCHOR_CH9_REARM delay=0 ret=0 ack=0
DBG_ANCHOR_CH5_SCAN_BLOCKED win=0 survey=0 tx=1 retry_gap=1 wait=0 rx=0 rxq=0 rxr=0 ack=0 ch9=1 rf=0 retry=20 interval=380
DBG_ANCHOR_CH5_SCAN_RESCHED ret=1 delay=20
DBG_ANCHOR_CH5_SCAN_HANDLER role=2
DBG_ANCHOR_CH9_REARM delay=0 ret=0 ack=0
DBG_ANCHOR_CH5_SCAN_BLOCKED win=0 survey=0 tx=1 retry_gap=1 wait=0 rx=0 rxq=0 rxr=0 ack=0 ch9=1 rf=0 retry=20 interval=380
DBG_ANCHOR_CH5_SCAN_RESCHED ret=1 delay=20
DBG_ANCHOR_CH5_SCAN_HANDLER role=2
DBG_ANCHOR_CH9_REARM delay=0 ret=0 ack=0
DBG_ANCHOR_CH5_SCAN_BLOCKED win=0 survey=0 tx=1 retry_gap=1 wait=0 rx=0 rxq=0 rxr=0 ack=0 ch9=1 rf=0 retry=20 interval=380
DBG_ANCHOR_CH5_SCAN_RESCHED ret=1 delay=20
DBG_ANCHOR_CH5_SCAN_HANDLER role=2
DBG_ANCHOR_CH9_REARM delay=0 ret=0 ack=0
DBG_ANCHOR_CH5_SCAN_BLOCKED win=0 survey=0 tx=1 retry_gap=1 wait=0 rx=0 rxq=0 rxr=0 ack=0 ch9=1 rf=0 retry=20 interval=380
DBG_ANCHOR_CH5_SCAN_RESCHED ret=1 delay=20
DBG_ANCHOR_CH5_SCAN_HANDLER role=2
DBG_ANCHOR_CH9_REARM delay=0 ret=0 ack=0
DBG_ANCHOR_CH5_SCAN_BLOCKED win=0 survey=0 tx=1 retry_gap=1 wait=0 rx=0 rxq=0 rxr=0 ack=0 ch9=1 rf=0 retry=20 interval=380
DBG_ANCHOR_CH5_SCAN_RESCHED ret=1 delay=20
DBG_ANCHOR_CH5_SCAN_HANDLER role=2
DBG_ANCHOR_CH9_REARM delay=0 ret=0 ack=0
DBG_ANCHOR_CH5_SCAN_BLOCKED win=0 survey=0 tx=1 retry_gap=1 wait=0 rx=0 rxq=0 rxr=0 ack=0 ch9=1 rf=0 retry=20 interval=380
DBG_ANCHOR_CH5_SCAN_RESCHED ret=1 delay=20
DBG_ANCHOR_CH5_SCAN_HANDLER role=2
DBG_ANCHOR_CH9_REARM delay=0 ret=0 ack=0
DBG_ANCHOR_CH5_SCAN_BLOCKED win=0 survey=0 tx=1 retry_gap=1 wait=0 rx=0 rxq=0 rxr=0 ack=0 ch9=1 rf=0 retry=20 interval=380
DBG_ANCHOR_CH5_SCAN_RESCHED ret=1 delay=20
DBG_ANCHOR_CH5_SCAN_HANDLER role=2
DBG_ANCHOR_CH9_REARM delay=0 ret=0 ack=0
DBG_ANCHOR_CH5_SCAN_BLOCKED win=0 survey=0 tx=1 retry_gap=1 wait=0 rx=0 rxq=0 rxr=0 ack=0 ch9=1 rf=0 retry=20 interval=380
DBG_ANCHOR_CH5_SCAN_RESCHED ret=1 delay=20
DBG_ANCHOR_CH5_SCAN_HANDLER role=2
DBG_ANCHOR_CH9_REARM delay=0 ret=0 ack=0
DBG_ANCHOR_CH5_SCAN_BLOCKED win=0 survey=0 tx=1 retry_gap=1 wait=0 rx=0 rxq=0 rxr=0 ack=0 ch9=1 rf=0 retry=20 interval=380
DBG_ANCHOR_CH5_SCAN_RESCHED ret=1 delay=20
DBG_ANCHOR_CH5_SCAN_HANDLER role=2
DBG_ANCHOR_CH9_REARM delay=0 ret=0 ack=0
DBG_ANCHOR_CH5_SCAN_BLOCKED win=0 survey=0 tx=1 retry_gap=1 wait=0 rx=0 rxq=0 rxr=0 ack=0 ch9=1 rf=0 retry=20 interval=380
DBG_ANCHOR_CH5_SCAN_RESCHED ret=1 delay=20
DBG_ANCHOR_CH5_SCAN_HANDLER role=2
DBG_ANCHOR_CH9_REARM delay=0 ret=0 ack=0
DBG_ANCHOR_CH5_SCAN_BLOCKED win=0 survey=0 tx=1 retry_gap=1 wait=0 rx=0 rxq=0 rxr=0 ack=0 ch9=1 rf=0 retry=20 interval=380
DBG_ANCHOR_CH5_SCAN_RESCHED ret=1 delay=20
DBG_ANCHOR_CH5_SCAN_HANDLER role=2
DBG_ANCHOR_CH9_REARM delay=0 ret=0 ack=0
DBG_ANCHOR_CH5_SCAN_BLOCKED win=0 survey=0 tx=1 retry_gap=1 wait=0 rx=0 rxq=0 rxr=0 ack=0 ch9=1 rf=0 retry=20 interval=380
DBG_ANCHOR_CH5_SCAN_RESCHED ret=1 delay=20
DBG_ANCHOR_CH5_SCAN_HANDLER role=2
DBG_ANCHOR_CH9_REARM delay=0 ret=0 ack=0
DBG_ANCHOR_CH5_SCAN_BLOCKED win=0 survey=0 tx=1 retry_gap=1 wait=0 rx=0 rxq=0 rxr=0 ack=0 ch9=1 rf=0 retry=20 interval=380
DBG_ANCHOR_CH5_SCAN_RESCHED ret=1 delay=20
DBG_ANCHOR_CH5_SCAN_HANDLER role=2
DBG_ANCHOR_CH9_REARM delay=0 ret=0 ack=0
DBG_ANCHOR_CH5_SCAN_BLOCKED win=0 survey=0 tx=1 retry_gap=1 wait=0 rx=0 rxq=0 rxr=0 ack=0 ch9=1 rf=0 retry=20 interval=380
DBG_ANCHOR_CH5_SCAN_RESCHED ret=1 delay=20
DBG_ANCHOR_CH5_SCAN_HANDLER role=2
DBG_ANCHOR_CH9_REARM delay=0 ret=0 ack=0
DBG_ANCHOR_CH5_SCAN_BLOCKED win=0 survey=0 tx=1 retry_gap=1 wait=0 rx=0 rxq=0 rxr=0 ack=0 ch9=1 rf=0 retry=20 interval=380
DBG_ANCHOR_CH5_SCAN_RESCHED ret=1 delay=20
DBG_ANCHOR_CH5_SCAN_HANDLER role=2
DBG_ANCHOR_CH9_REARM delay=0 ret=0 ack=0
DBG_ANCHOR_CH5_SCAN_BLOCKED win=0 survey=0 tx=1 retry_gap=1 wait=0 rx=0 rxq=0 rxr=0 ack=0 ch9=1 rf=0 retry=20 interval=380
DBG_ANCHOR_CH5_SCAN_RESCHED ret=1 delay=20
DBG_ANCHOR_CH5_SCAN_HANDLER role=2
DBG_ANCHOR_CH9_REARM delay=0 ret=0 ack=0
DBG_ANCHOR_CH5_SCAN_BLOCKED win=0 survey=0 tx=1 retry_gap=1 wait=0 rx=0 rxq=0 rxr=0 ack=0 ch9=1 rf=0 retry=20 interval=380
DBG_ANCHOR_CH5_SCAN_RESCHED ret=1 delay=20
DBG_ANCHOR_CH5_SCAN_HANDLER role=2
DBG_ANCHOR_CH9_REARM delay=0 ret=0 ack=0
DBG_ANCHOR_CH5_SCAN_BLOCKED win=0 survey=0 tx=1 retry_gap=1 wait=0 rx=0 rxq=0 rxr=0 ack=0 ch9=1 rf=0 retry=20 interval=380
DBG_ANCHOR_CH5_SCAN_RESCHED ret=1 delay=20
DBG_ANCHOR_CH5_SCAN_HANDLER role=2
DBG_ANCHOR_CH9_REARM delay=0 ret=0 ack=0
DBG_ANCHOR_CH5_SCAN_BLOCKED win=0 survey=0 tx=1 retry_gap=1 wait=0 rx=0 rxq=0 rxr=0 ack=0 ch9=1 rf=0 retry=20 interval=380
DBG_ANCHOR_CH5_SCAN_RESCHED ret=1 delay=20
DBG_ANCHOR_CH5_SCAN_HANDLER role=2
DBG_ANCHOR_CH9_REARM delay=0 ret=0 ack=0
DBG_ANCHOR_CH5_SCAN_BLOCKED win=0 survey=0 tx=1 retry_gap=1 wait=0 rx=0 rxq=0 rxr=0 ack=0 ch9=1 rf=0 retry=20 interval=380
DBG_ANCHOR_CH5_SCAN_RESCHED ret=1 delay=20
DBG_ANCHOR_CH5_SCAN_HANDLER role=2
DBG_ANCHOR_CH9_REARM delay=0 ret=0 ack=0
DBG_ANCHOR_CH5_SCAN_BLOCKED win=0 survey=0 tx=1 retry_gap=1 wait=0 rx=0 rxq=0 rxr=0 ack=0 ch9=1 rf=0 retry=20 interval=380
DBG_ANCHOR_CH5_SCAN_RESCHED ret=1 delay=20
DBG_ANCHOR_CH5_SCAN_HANDLER role=2
DBG_ANCHOR_CH9_REARM delay=0 ret=0 ack=0
DBG_ANCHOR_CH5_SCAN_BLOCKED win=0 survey=0 tx=1 retry_gap=1 wait=0 rx=0 rxq=0 rxr=0 ack=0 ch9=1 rf=0 retry=20 interval=380
DBG_ANCHOR_CH5_SCAN_RESCHED ret=1 delay=20
DBG_ANCHOR_CH5_SCAN_HANDLER role=2
DBG_ANCHOR_CH9_REARM delay=0 ret=0 ack=0
DBG_ANCHOR_CH5_SCAN_BLOCKED win=0 survey=0 tx=1 retry_gap=1 wait=0 rx=0 rxq=0 rxr=0 ack=0 ch9=1 rf=0 retry=20 interval=380
DBG_ANCHOR_CH5_SCAN_RESCHED ret=1 delay=20
DBG_ANCHOR_CH5_SCAN_HANDLER role=2
DBG_ANCHOR_CH9_REARM delay=0 ret=0 ack=0
DBG_ANCHOR_CH5_SCAN_BLOCKED win=0 survey=0 tx=1 retry_gap=1 wait=0 rx=0 rxq=0 rxr=0 ack=0 ch9=1 rf=0 retry=20 interval=380
DBG_ANCHOR_CH5_SCAN_RESCHED ret=1 delay=20
DBG_ANCHOR_CH5_SCAN_HANDLER role=2
DBG_ANCHOR_CH9_REARM delay=0 ret=0 ack=0
DBG_ANCHOR_CH5_SCAN_BLOCKED win=0 survey=0 tx=1 retry_gap=1 wait=0 rx=0 rxq=0 rxr=0 ack=0 ch9=1 rf=0 retry=20 interval=380
DBG_ANCHOR_CH5_SCAN_RESCHED ret=1 delay=20
DBG_ANCHOR_CH5_SCAN_HANDLER role=2
DBG_ANCHOR_CH9_REARM delay=0 ret=0 ack=0
DBG_ANCHOR_CH5_SCAN_BLOCKED win=0 survey=0 tx=1 retry_gap=1 wait=0 rx=0 rxq=0 rxr=0 ack=0 ch9=1 rf=0 retry=20 interval=380
DBG_ANCHOR_CH5_SCAN_RESCHED ret=1 delay=20
DBG_ANCHOR_CH5_SCAN_HANDLER role=2
DBG_ANCHOR_CH9_REARM delay=0 ret=0 ack=0
DBG_ANCHOR_CH5_SCAN_BLOCKED win=0 survey=0 tx=1 retry_gap=1 wait=0 rx=0 rxq=0 rxr=0 ack=0 ch9=1 rf=0 retry=20 interval=380
DBG_ANCHOR_CH5_SCAN_RESCHED ret=1 delay=20
DBG_ANCHOR_CH5_SCAN_HANDLER role=2
DBG_ANCHOR_CH9_REARM delay=0 ret=0 ack=0
DBG_ANCHOR_CH5_SCAN_BLOCKED win=0 survey=0 tx=1 retry_gap=1 wait=0 rx=0 rxq=0 rxr=0 ack=0 ch9=1 rf=0 retry=20 interval=380
DBG_ANCHOR_CH5_SCAN_RESCHED ret=1 delay=20
DBG_ANCHOR_CH5_SCAN_HANDLER role=2
DBG_ANCHOR_CH9_REARM delay=0 ret=0 ack=0
DBG_ANCHOR_CH5_SCAN_BLOCKED win=0 survey=0 tx=1 retry_gap=1 wait=0 rx=0 rxq=0 rxr=0 ack=0 ch9=1 rf=0 retry=20 interval=380
DBG_ANCHOR_CH5_SCAN_RESCHED ret=1 delay=20
DBG_ANCHOR_CH5_SCAN_HANDLER role=2
DBG_ANCHOR_CH9_REARM delay=0 ret=0 ack=0
DBG_ANCHOR_CH5_SCAN_BLOCKED win=0 survey=0 tx=1 retry_gap=1 wait=0 rx=0 rxq=0 rxr=0 ack=0 ch9=1 rf=0 retry=20 interval=380
DBG_ANCHOR_CH5_SCAN_RESCHED ret=1 delay=20
DBG_ANCHOR_CH5_SCAN_HANDLER role=2
DBG_ANCHOR_CH9_REARM delay=0 ret=0 ack=0
DBG_ANCHOR_CH5_SCAN_BLOCKED win=0 survey=0 tx=1 retry_gap=1 wait=0 rx=0 rxq=0 rxr=0 ack=0 ch9=1 rf=0 retry=20 interval=380
DBG_ANCHOR_CH5_SCAN_RESCHED ret=1 delay=20
DBG_ANCHOR_CH5_SCAN_HANDLER role=2
DBG_ANCHOR_CH9_REARM delay=0 ret=0 ack=0
DBG_ANCHOR_CH5_SCAN_BLOCKED win=0 survey=0 tx=1 retry_gap=1 wait=0 rx=0 rxq=0 rxr=0 ack=0 ch9=1 rf=0 retry=20 interval=380
DBG_ANCHOR_CH5_SCAN_RESCHED ret=1 delay=20
DBG_ANCHOR_CH5_SCAN_HANDLER role=2
DBG_ANCHOR_CH9_REARM delay=0 ret=0 ack=0
DBG_ANCHOR_CH5_SCAN_BLOCKED win=0 survey=0 tx=1 retry_gap=1 wait=0 rx=0 rxq=0 rxr=0 ack=0 ch9=1 rf=0 retry=20 interval=380
DBG_ANCHOR_CH5_SCAN_RESCHED ret=1 delay=20
DBG_ANCHOR_CH5_SCAN_HANDLER role=2
DBG_ANCHOR_CH9_REARM delay=0 ret=0 ack=0
DBG_ANCHOR_CH5_SCAN_BLOCKED win=0 survey=0 tx=1 retry_gap=1 wait=0 rx=0 rxq=0 rxr=0 ack=0 ch9=1 rf=0 retry=20 interval=380
DBG_ANCHOR_CH5_SCAN_RESCHED ret=1 delay=20
DBG_ANCHOR_CH5_SCAN_HANDLER role=2
DBG_ANCHOR_CH9_REARM delay=0 ret=0 ack=0
DBG_ANCHOR_CH5_SCAN_BLOCKED win=0 survey=0 tx=1 retry_gap=1 wait=0 rx=0 rxq=0 rxr=0 ack=0 ch9=1 rf=0 retry=20 interval=380
DBG_ANCHOR_CH5_SCAN_RESCHED ret=1 delay=20
DBG_ANCHOR_CH5_SCAN_HANDLER role=2
DBG_ANCHOR_CH9_REARM delay=0 ret=0 ack=0
DBG_ANCHOR_CH5_SCAN_BLOCKED win=0 survey=0 tx=1 retry_gap=1 wait=0 rx=0 rxq=0 rxr=0 ack=0 ch9=1 rf=0 retry=20 interval=380
DBG_ANCHOR_CH5_SCAN_RESCHED ret=1 delay=20
DBG_ANCHOR_CH5_SCAN_HANDLER role=2
DBG_ANCHOR_CH9_REARM delay=0 ret=0 ack=0
DBG_ANCHOR_CH5_SCAN_BLOCKED win=0 survey=0 tx=1 retry_gap=1 wait=0 rx=0 rxq=0 rxr=0 ack=0 ch9=1 rf=0 retry=20 interval=380
DBG_ANCHOR_CH5_SCAN_RESCHED ret=1 delay=20
DBG_ANCHOR_CH5_SCAN_HANDLER role=2
DBG_ANCHOR_CH9_REARM delay=0 ret=0 ack=0
DBG_ANCHOR_CH5_SCAN_BLOCKED win=0 survey=0 tx=1 retry_gap=1 wait=0 rx=0 rxq=0 rxr=0 ack=0 ch9=1 rf=0 retry=20 interval=380
DBG_ANCHOR_CH5_SCAN_RESCHED ret=1 delay=20
DBG_ANCHOR_CH5_SCAN_HANDLER role=2
DBG_ANCHOR_CH9_REARM delay=0 ret=0 ack=0
DBG_ANCHOR_CH5_SCAN_BLOCKED win=0 survey=0 tx=1 retry_gap=1 wait=0 rx=0 rxq=0 rxr=0 ack=0 ch9=1 rf=0 retry=20 interval=380
DBG_ANCHOR_CH5_SCAN_RESCHED ret=1 delay=20
DBG_ANCHOR_CH5_SCAN_HANDLER role=2
DBG_ANCHOR_CH9_REARM delay=0 ret=0 ack=0
DBG_ANCHOR_CH5_SCAN_BLOCKED win=0 survey=0 tx=1 retry_gap=1 wait=0 rx=0 rxq=0 rxr=0 ack=0 ch9=1 rf=0 retry=20 interval=380
DBG_ANCHOR_CH5_SCAN_RESCHED ret=1 delay=20
DBG_ANCHOR_CH5_SCAN_HANDLER role=2
DBG_ANCHOR_CH9_REARM delay=0 ret=0 ack=0
DBG_ANCHOR_CH5_SCAN_BLOCKED win=0 survey=0 tx=1 retry_gap=1 wait=0 rx=0 rxq=0 rxr=0 ack=0 ch9=1 rf=0 retry=20 interval=380
DBG_ANCHOR_CH5_SCAN_RESCHED ret=1 delay=20
DBG_ANCHOR_CH5_SCAN_HANDLER role=2
DBG_ANCHOR_CH9_REARM delay=0 ret=0 ack=0
DBG_ANCHOR_CH5_SCAN_BLOCKED win=0 survey=0 tx=1 retry_gap=1 wait=0 rx=0 rxq=0 rxr=0 ack=0 ch9=1 rf=0 retry=20 interval=380
DBG_ANCHOR_CH5_SCAN_RESCHED ret=1 delay=20
DBG_ANCHOR_CH5_SCAN_HANDLER role=2
DBG_ANCHOR_CH9_REARM delay=0 ret=0 ack=0
DBG_ANCHOR_CH5_SCAN_BLOCKED win=0 survey=0 tx=1 retry_gap=1 wait=0 rx=0 rxq=0 rxr=0 ack=0 ch9=1 rf=0 retry=20 interval=380
DBG_ANCHOR_CH5_SCAN_RESCHED ret=1 delay=20
DBG_ANCHOR_CH5_SCAN_HANDLER role=2
DBG_ANCHOR_CH9_REARM delay=0 ret=0 ack=0
DBG_ANCHOR_CH5_SCAN_BLOCKED win=0 survey=0 tx=1 retry_gap=1 wait=0 rx=0 rxq=0 rxr=0 ack=0 ch9=1 rf=0 retry=20 interval=380
DBG_ANCHOR_CH5_SCAN_RESCHED ret=1 delay=20
DBG_ANCHOR_CH5_SCAN_HANDLER role=2
DBG_ANCHOR_CH9_REARM delay=0 ret=0 ack=0
DBG_ANCHOR_CH5_SCAN_BLOCKED win=0 survey=0 tx=1 retry_gap=1 wait=0 rx=0 rxq=0 rxr=0 ack=0 ch9=1 rf=0 retry=20 interval=380
DBG_ANCHOR_CH5_SCAN_RESCHED ret=1 delay=20
DBG_ANCHOR_CH5_SCAN_HANDLER role=2
DBG_ANCHOR_CH9_REARM delay=0 ret=0 ack=0
DBG_ANCHOR_CH5_SCAN_BLOCKED win=0 survey=0 tx=1 retry_gap=1 wait=0 rx=0 rxq=0 rxr=0 ack=0 ch9=1 rf=0 retry=20 interval=380
DBG_ANCHOR_CH5_SCAN_RESCHED ret=1 delay=20
DBG_ANCHOR_CH5_SCAN_HANDLER role=2
DBG_ANCHOR_CH9_REARM delay=0 ret=0 ack=0
DBG_ANCHOR_CH5_SCAN_BLOCKED win=0 survey=0 tx=1 retry_gap=1 wait=0 rx=0 rxq=0 rxr=0 ack=0 ch9=1 rf=0 retry=20 interval=380
DBG_ANCHOR_CH5_SCAN_RESCHED ret=1 delay=20
DBG_ANCHOR_CH5_SCAN_HANDLER role=2
DBG_ANCHOR_CH9_REARM delay=0 ret=0 ack=0
DBG_ANCHOR_CH5_SCAN_BLOCKED win=0 survey=0 tx=1 retry_gap=1 wait=0 rx=0 rxq=0 rxr=0 ack=0 ch9=1 rf=0 retry=20 interval=380
DBG_ANCHOR_CH5_SCAN_RESCHED ret=1 delay=20
DBG_ANCHOR_CH5_SCAN_HANDLER role=2
DBG_ANCHOR_CH9_REARM delay=0 ret=0 ack=0
DBG_ANCHOR_CH5_SCAN_BLOCKED win=0 survey=0 tx=1 retry_gap=1 wait=0 rx=0 rxq=0 rxr=0 ack=0 ch9=1 rf=0 retry=20 interval=380
DBG_ANCHOR_CH5_SCAN_RESCHED ret=1 delay=20
DBG_ANCHOR_CH5_SCAN_HANDLER role=2
DBG_ANCHOR_CH9_REARM delay=0 ret=0 ack=0
DBG_ANCHOR_CH5_SCAN_BLOCKED win=0 survey=0 tx=1 retry_gap=1 wait=0 rx=0 rxq=0 rxr=0 ack=0 ch9=1 rf=0 retry=20 interval=380
DBG_ANCHOR_CH5_SCAN_RESCHED ret=1 delay=20
DBG_ANCHOR_CH5_SCAN_HANDLER role=2
DBG_ANCHOR_CH9_REARM delay=0 ret=0 ack=0
DBG_ANCHOR_CH5_SCAN_BLOCKED win=0 survey=0 tx=1 retry_gap=1 wait=0 rx=0 rxq=0 rxr=0 ack=0 ch9=1 rf=0 retry=20 interval=380
DBG_ANCHOR_CH5_SCAN_RESCHED ret=1 delay=20
DBG_ANCHOR_CH5_SCAN_HANDLER role=2
DBG_ANCHOR_CH9_REARM delay=0 ret=0 ack=0
DBG_ANCHOR_CH5_SCAN_BLOCKED win=0 survey=0 tx=1 retry_gap=1 wait=0 rx=0 rxq=0 rxr=0 ack=0 ch9=1 rf=0 retry=20 interval=380
DBG_ANCHOR_CH5_SCAN_RESCHED ret=1 delay=20
DBG_ANCHOR_CH5_SCAN_HANDLER role=2
DBG_ANCHOR_CH9_REARM delay=0 ret=0 ack=0
DBG_ANCHOR_CH5_SCAN_BLOCKED win=0 survey=0 tx=1 retry_gap=1 wait=0 rx=0 rxq=0 rxr=0 ack=0 ch9=1 rf=0 retry=20 interval=380
DBG_ANCHOR_CH5_SCAN_RESCHED ret=1 delay=20
DBG_ANCHOR_CH5_SCAN_HANDLER role=2
DBG_ANCHOR_CH9_REARM delay=0 ret=0 ack=0
DBG_ANCHOR_CH5_SCAN_BLOCKED win=0 survey=0 tx=1 retry_gap=1 wait=0 rx=0 rxq=0 rxr=0 ack=0 ch9=1 rf=0 retry=20 interval=380
DBG_ANCHOR_CH5_SCAN_RESCHED ret=1 delay=20
DBG_ANCHOR_CH5_SCAN_HANDLER role=2
DBG_ANCHOR_CH9_REARM delay=0 ret=0 ack=0
DBG_ANCHOR_CH5_SCAN_BLOCKED win=0 survey=0 tx=1 retry_gap=1 wait=0 rx=0 rxq=0 rxr=0 ack=0 ch9=1 rf=0 retry=20 interval=380
DBG_ANCHOR_CH5_SCAN_RESCHED ret=1 delay=20
DBG_ANCHOR_CH5_SCAN_HANDLER role=2
DBG_ANCHOR_CH9_REARM delay=0 ret=0 ack=0
DBG_ANCHOR_CH5_SCAN_BLOCKED win=0 survey=0 tx=1 retry_gap=1 wait=0 rx=0 rxq=0 rxr=0 ack=0 ch9=1 rf=0 retry=20 interval=380
DBG_ANCHOR_CH5_SCAN_RESCHED ret=1 delay=20
DBG_ANCHOR_CH5_SCAN_HANDLER role=2
DBG_ANCHOR_CH9_REARM delay=0 ret=0 ack=0
DBG_ANCHOR_CH5_SCAN_BLOCKED win=0 survey=0 tx=1 retry_gap=1 wait=0 rx=0 rxq=0 rxr=0 ack=0 ch9=1 rf=0 retry=20 interval=380
DBG_ANCHOR_CH5_SCAN_RESCHED ret=1 delay=20
DBG_ANCHOR_CH5_SCAN_HANDLER role=2
DBG_ANCHOR_CH9_REARM delay=0 ret=0 ack=0
DBG_ANCHOR_CH5_SCAN_BLOCKED win=0 survey=0 tx=1 retry_gap=1 wait=0 rx=0 rxq=0 rxr=0 ack=0 ch9=1 rf=0 retry=20 interval=380
DBG_ANCHOR_CH5_SCAN_RESCHED ret=1 delay=20
DBG_ANCHOR_CH5_SCAN_HANDLER role=2
DBG_ANCHOR_CH9_REARM delay=0 ret=0 ack=0
DBG_ANCHOR_CH5_SCAN_BLOCKED win=0 survey=0 tx=1 retry_gap=1 wait=0 rx=0 rxq=0 rxr=0 ack=0 ch9=1 rf=0 retry=20 interval=380
DBG_ANCHOR_CH5_SCAN_RESCHED ret=1 delay=20
DBG_WAKE_TRAIN_GUARD_OK
DBG_ANCHOR_CH5_SCAN_HANDLER role=2
DBG_ANCHOR_CH5_SCAN_BLOCKED win=0 survey=0 tx=1 retry_gap=1 wait=0 rx=0 rxq=0 rxr=0 ack=0 ch9=0 rf=1 retry=20 interval=380
DBG_ANCHOR_CH5_SCAN_RESCHED ret=1 delay=20
DBG_WAKE_TRAIN_CONFIG_BEGIN
DBG_ANCHOR_CH5_SCAN_HANDLER role=2
DBG_ANCHOR_CH5_SCAN_BLOCKED win=0 survey=0 tx=1 retry_gap=1 wait=0 rx=0 rxq=0 rxr=0 ack=0 ch9=0 rf=1 retry=20 interval=380
DBG_ANCHOR_CH5_SCAN_RESCHED ret=1 delay=20
DBG_WAKE_TRAIN_CONFIG_OK
DBG_WAKE_TRAIN_FIRST_SEND_BEGIN
DBG_ANCHOR_CH5_SCAN_HANDLER role=2
DBG_WAKE_TRAIN_FIRST_SEND_OK
DBG_UWB_TX_CH5
DBG_TX_WAKE_CLAIM_SENT
DBG_ANCHOR_CH5_SCAN_BLOCKED win=0 survey=0 tx=1 retry_gap=1 wait=0 rx=0 rxq=0 rxr=0 ack=0 ch9=0 rf=1 retry=20 interval=380
DBG_ANCHOR_CH5_SCAN_RESCHED ret=1 delay=20
DBG_UWB_TX_CH5
DBG_TX_WAKE_CLAIM_SENT
DBG_UWB_TX_CH5
DBG_TX_WAKE_CLAIM_SENT
DBG_DWM_CH5_RX_HUNT_START acq=3 complete=15 cap=125
DBG_DWM_CH5_RX_HUNT_EMPTY ret=-116 status=0x00000000 acq=3
DBG_ANCHOR_CH5_SCAN_HANDLER role=2
DBG_UWB_TX_CH5
DBG_TX_WAKE_CLAIM_SENT
DBG_ANCHOR_CH5_SCAN_BLOCKED win=0 survey=0 tx=1 retry_gap=1 wait=0 rx=0 rxq=0 rxr=0 ack=0 ch9=0 rf=1 retry=20 interval=380
DBG_ANCHOR_CH5_SCAN_RESCHED ret=1 delay=20
DBG_UWB_TX_CH5
DBG_TX_WAKE_CLAIM_SENT
DBG_UWB_TX_CH5
DBG_TX_WAKE_CLAIM_SENT
DBG_DWM_CH5_RX_HUNT_START acq=3 complete=15 cap=125
DBG_DWM_CH5_RX_HUNT_EMPTY ret=-116 status=0x00000000 acq=3
DBG_ANCHOR_CH5_SCAN_HANDLER role=2
DBG_UWB_TX_CH5
DBG_TX_WAKE_CLAIM_SENT
DBG_ANCHOR_CH5_SCAN_BLOCKED win=0 survey=0 tx=1 retry_gap=1 wait=0 rx=0 rxq=0 rxr=0 ack=0 ch9=0 rf=1 retry=20 interval=380
DBG_ANCHOR_CH5_SCAN_RESCHED ret=1 delay=20
DBG_UWB_TX_CH5
DBG_TX_WAKE_CLAIM_SENT
DBG_UWB_TX_CH5
DBG_TX_WAKE_CLAIM_SENT
DBG_DWM_CH5_RX_HUNT_START acq=3 complete=15 cap=125
DBG_DWM_CH5_RX_HUNT_EMPTY ret=-116 status=0x00000000 acq=3
DBG_ANCHOR_CH5_SCAN_HANDLER role=2
DBG_UWB_TX_CH5
DBG_TX_WAKE_CLAIM_SENT
DBG_ANCHOR_CH5_SCAN_BLOCKED win=0 survey=0 tx=1 retry_gap=1 wait=0 rx=0 rxq=0 rxr=0 ack=0 ch9=0 rf=1 retry=20 interval=380
DBG_ANCHOR_CH5_SCAN_RESCHED ret=1 delay=20
DBG_UWB_TX_CH5
DBG_TX_WAKE_CLAIM_SENT
DBG_UWB_TX_CH5
DBG_TX_WAKE_CLAIM_SENT
DBG_DWM_CH5_RX_HUNT_START acq=3 complete=15 cap=125
DBG_DWM_CH5_RX_HUNT_EMPTY ret=-116 status=0x00000000 acq=3
DBG_ANCHOR_CH5_SCAN_HANDLER role=2
DBG_UWB_TX_CH5
DBG_TX_WAKE_CLAIM_SENT
DBG_ANCHOR_CH5_SCAN_BLOCKED win=0 survey=0 tx=1 retry_gap=1 wait=0 rx=0 rxq=0 rxr=0 ack=0 ch9=0 rf=1 retry=20 interval=380
DBG_ANCHOR_CH5_SCAN_RESCHED ret=1 delay=20
DBG_UWB_TX_CH5
DBG_TX_WAKE_CLAIM_SENT
DBG_UWB_TX_CH5
DBG_TX_WAKE_CLAIM_SENT
DBG_DWM_CH5_RX_HUNT_START acq=3 complete=15 cap=125
DBG_DWM_CH5_RX_HUNT_EMPTY ret=-116 status=0x00000000 acq=3
DBG_ANCHOR_CH5_SCAN_HANDLER role=2
DBG_UWB_TX_CH5
DBG_TX_WAKE_CLAIM_SENT
DBG_ANCHOR_CH5_SCAN_BLOCKED win=0 survey=0 tx=1 retry_gap=1 wait=0 rx=0 rxq=0 rxr=0 ack=0 ch9=0 rf=1 retry=20 interval=380
DBG_ANCHOR_CH5_SCAN_RESCHED ret=1 delay=20
DBG_UWB_TX_CH5
DBG_TX_WAKE_CLAIM_SENT
DBG_UWB_TX_CH5
DBG_TX_WAKE_CLAIM_SENT
DBG_DWM_CH5_RX_HUNT_START acq=3 complete=15 cap=125
DBG_DWM_CH5_RX_HUNT_EMPTY ret=-116 status=0x00000000 acq=3
DBG_ANCHOR_CH5_SCAN_HANDLER role=2
DBG_UWB_TX_CH5
DBG_TX_WAKE_CLAIM_SENT
DBG_ANCHOR_CH5_SCAN_BLOCKED win=0 survey=0 tx=1 retry_gap=1 wait=0 rx=0 rxq=0 rxr=0 ack=0 ch9=0 rf=1 retry=20 interval=380
DBG_ANCHOR_CH5_SCAN_RESCHED ret=1 delay=20
DBG_UWB_TX_CH5
DBG_TX_WAKE_CLAIM_SENT
DBG_UWB_TX_CH5
DBG_TX_WAKE_CLAIM_SENT
DBG_DWM_CH5_RX_HUNT_START acq=3 complete=15 cap=125
DBG_DWM_CH5_RX_HUNT_EMPTY ret=-116 status=0x00000000 acq=3
DBG_ANCHOR_CH5_SCAN_HANDLER role=2
DBG_UWB_TX_CH5
DBG_TX_WAKE_CLAIM_SENT
DBG_ANCHOR_CH5_SCAN_BLOCKED win=0 survey=0 tx=1 retry_gap=1 wait=0 rx=0 rxq=0 rxr=0 ack=0 ch9=0 rf=1 retry=20 interval=380
DBG_ANCHOR_CH5_SCAN_RESCHED ret=1 delay=20
DBG_UWB_TX_CH5
DBG_TX_WAKE_CLAIM_SENT
DBG_UWB_TX_CH5
DBG_TX_WAKE_CLAIM_SENT
DBG_DWM_CH5_RX_HUNT_START acq=3 complete=15 cap=125
DBG_DWM_CH5_RX_HUNT_EMPTY ret=-116 status=0x00000000 acq=3
DBG_ANCHOR_CH5_SCAN_HANDLER role=2
DBG_UWB_TX_CH5
DBG_TX_WAKE_CLAIM_SENT
DBG_ANCHOR_CH5_SCAN_BLOCKED win=0 survey=0 tx=1 retry_gap=1 wait=0 rx=0 rxq=0 rxr=0 ack=0 ch9=0 rf=1 retry=20 interval=380
DBG_ANCHOR_CH5_SCAN_RESCHED ret=1 delay=20
DBG_UWB_TX_CH5
DBG_TX_WAKE_CLAIM_SENT
DBG_UWB_TX_CH5
DBG_TX_WAKE_CLAIM_SENT
DBG_DWM_CH5_RX_HUNT_START acq=3 complete=15 cap=125
DBG_DWM_CH5_RX_HUNT_EMPTY ret=-116 status=0x00000000 acq=3
DBG_ANCHOR_CH5_SCAN_HANDLER role=2
DBG_UWB_TX_CH5
DBG_TX_WAKE_CLAIM_SENT
DBG_ANCHOR_CH5_SCAN_BLOCKED win=0 survey=0 tx=1 retry_gap=1 wait=0 rx=0 rxq=0 rxr=0 ack=0 ch9=0 rf=1 retry=20 interval=380
DBG_ANCHOR_CH5_SCAN_RESCHED ret=1 delay=20
DBG_UWB_TX_CH5
DBG_TX_WAKE_CLAIM_SENT
DBG_UWB_TX_CH5
DBG_TX_WAKE_CLAIM_SENT
DBG_DWM_CH5_RX_HUNT_START acq=3 complete=15 cap=125
DBG_DWM_CH5_RX_HUNT_EMPTY ret=-116 status=0x00000000 acq=3
DBG_ANCHOR_CH5_SCAN_HANDLER role=2
DBG_UWB_TX_CH5
DBG_TX_WAKE_CLAIM_SENT
DBG_ANCHOR_CH5_SCAN_BLOCKED win=0 survey=0 tx=1 retry_gap=1 wait=0 rx=0 rxq=0 rxr=0 ack=0 ch9=0 rf=1 retry=20 interval=380
DBG_ANCHOR_CH5_SCAN_RESCHED ret=1 delay=20
DBG_UWB_TX_CH5
DBG_TX_WAKE_CLAIM_SENT
DBG_UWB_TX_CH5
DBG_TX_WAKE_CLAIM_SENT
DBG_DWM_CH5_RX_HUNT_START acq=3 complete=15 cap=125
DBG_DWM_CH5_RX_HUNT_EMPTY ret=-116 status=0x00000000 acq=3
DBG_ANCHOR_CH5_SCAN_HANDLER role=2
DBG_UWB_TX_CH5
DBG_TX_WAKE_CLAIM_SENT
DBG_ANCHOR_CH5_SCAN_BLOCKED win=0 survey=0 tx=1 retry_gap=1 wait=0 rx=0 rxq=0 rxr=0 ack=0 ch9=0 rf=1 retry=20 interval=380
DBG_ANCHOR_CH5_SCAN_RESCHED ret=1 delay=20
DBG_UWB_TX_CH5
DBG_TX_WAKE_CLAIM_SENT
DBG_UWB_TX_CH5
DBG_TX_WAKE_CLAIM_SENT
DBG_DWM_CH5_RX_HUNT_START acq=3 complete=15 cap=125
DBG_DWM_CH5_RX_HUNT_EMPTY ret=-116 status=0x00000000 acq=3
DBG_ANCHOR_CH5_SCAN_HANDLER role=2
DBG_UWB_TX_CH5
DBG_TX_WAKE_CLAIM_SENT
DBG_ANCHOR_CH5_SCAN_BLOCKED win=0 survey=0 tx=1 retry_gap=1 wait=0 rx=0 rxq=0 rxr=0 ack=0 ch9=0 rf=1 retry=20 interval=380
DBG_ANCHOR_CH5_SCAN_RESCHED ret=1 delay=20
DBG_UWB_TX_CH5
DBG_TX_WAKE_CLAIM_SENT
DBG_UWB_TX_CH5
DBG_TX_WAKE_CLAIM_SENT
DBG_DWM_CH5_RX_HUNT_START acq=3 complete=15 cap=125
DBG_DWM_CH5_RX_HUNT_EMPTY ret=-116 status=0x00000000 acq=3
DBG_ANCHOR_CH5_SCAN_HANDLER role=2
DBG_UWB_TX_CH5
DBG_TX_WAKE_CLAIM_SENT
DBG_ANCHOR_CH5_SCAN_BLOCKED win=0 survey=0 tx=1 retry_gap=1 wait=0 rx=0 rxq=0 rxr=0 ack=0 ch9=0 rf=1 retry=20 interval=380
DBG_ANCHOR_CH5_SCAN_RESCHED ret=1 delay=20
DBG_UWB_TX_CH5
DBG_TX_WAKE_CLAIM_SENT
DBG_UWB_TX_CH5
DBG_TX_WAKE_CLAIM_SENT
DBG_DWM_CH5_RX_HUNT_START acq=3 complete=15 cap=125
DBG_DWM_CH5_RX_HUNT_EMPTY ret=-116 status=0x00000000 acq=3
DBG_ANCHOR_CH5_SCAN_HANDLER role=2
DBG_UWB_TX_CH5
DBG_TX_WAKE_CLAIM_SENT
DBG_ANCHOR_CH5_SCAN_BLOCKED win=0 survey=0 tx=1 retry_gap=1 wait=0 rx=0 rxq=0 rxr=0 ack=0 ch9=0 rf=1 retry=20 interval=380
DBG_ANCHOR_CH5_SCAN_RESCHED ret=1 delay=20
DBG_UWB_TX_CH5
DBG_TX_WAKE_CLAIM_SENT
DBG_UWB_TX_CH5
DBG_TX_WAKE_CLAIM_SENT
DBG_DWM_CH5_RX_HUNT_START acq=3 complete=15 cap=125
DBG_DWM_CH5_RX_HUNT_EMPTY ret=-116 status=0x00000000 acq=3
DBG_ANCHOR_CH5_SCAN_HANDLER role=2
DBG_UWB_TX_CH5
DBG_TX_WAKE_CLAIM_SENT
DBG_ANCHOR_CH5_SCAN_BLOCKED win=0 survey=0 tx=1 retry_gap=1 wait=0 rx=0 rxq=0 rxr=0 ack=0 ch9=0 rf=1 retry=20 interval=380
DBG_ANCHOR_CH5_SCAN_RESCHED ret=1 delay=20
DBG_UWB_TX_CH5
DBG_TX_WAKE_CLAIM_SENT
DBG_UWB_TX_CH5
DBG_TX_WAKE_CLAIM_SENT
DBG_DWM_CH5_RX_HUNT_START acq=3 complete=15 cap=125
DBG_DWM_CH5_RX_HUNT_EMPTY ret=-116 status=0x00000000 acq=3
DBG_ANCHOR_CH5_SCAN_HANDLER role=2
DBG_UWB_TX_CH5
DBG_TX_WAKE_CLAIM_SENT
DBG_ANCHOR_CH5_SCAN_BLOCKED win=0 survey=0 tx=1 retry_gap=1 wait=0 rx=0 rxq=0 rxr=0 ack=0 ch9=0 rf=1 retry=20 interval=380
DBG_ANCHOR_CH5_SCAN_RESCHED ret=1 delay=20
DBG_UWB_TX_CH5
DBG_TX_WAKE_CLAIM_SENT
DBG_UWB_TX_CH5
DBG_TX_WAKE_CLAIM_SENT
DBG_DWM_CH5_RX_HUNT_START acq=3 complete=15 cap=125
DBG_DWM_CH5_RX_HUNT_EMPTY ret=-116 status=0x00000000 acq=3
DBG_ANCHOR_CH5_SCAN_HANDLER role=2
DBG_UWB_TX_CH5
DBG_TX_WAKE_CLAIM_SENT
DBG_ANCHOR_CH5_SCAN_BLOCKED win=0 survey=0 tx=1 retry_gap=1 wait=0 rx=0 rxq=0 rxr=0 ack=0 ch9=0 rf=1 retry=20 interval=380
DBG_ANCHOR_CH5_SCAN_RESCHED ret=1 delay=20
DBG_UWB_TX_CH5
DBG_TX_WAKE_CLAIM_SENT
DBG_ANCHOR_CH5_SCAN_HANDLER role=2
DBG_ANCHOR_CH5_SCAN_BLOCKED win=0 survey=0 tx=1 retry_gap=1 wait=0 rx=0 rxq=0 rxr=0 ack=0 ch9=0 rf=1 retry=20 interval=380
DBG_ANCHOR_CH5_SCAN_RESCHED ret=1 delay=20
DBG_C5_CONTROL_FOLLOWUP_TURNAROUND delay=60 msg=40 reason=broadcast-forward
DBG_ANCHOR_CH5_SCAN_HANDLER role=2
DBG_ANCHOR_CH9_REARM delay=0 ret=1 ack=0
DBG_ANCHOR_CH5_SCAN_BLOCKED win=0 survey=0 tx=1 retry_gap=1 wait=0 rx=0 rxq=0 rxr=0 ack=0 ch9=1 rf=0 retry=20 interval=380
DBG_ANCHOR_CH5_SCAN_RESCHED ret=1 delay=20
DBG_ANCHOR_CH5_SCAN_HANDLER role=2
DBG_ANCHOR_CH9_REARM delay=0 ret=0 ack=0
DBG_ANCHOR_CH5_SCAN_BLOCKED win=0 survey=0 tx=1 retry_gap=1 wait=0 rx=0 rxq=0 rxr=0 ack=0 ch9=1 rf=0 retry=20 interval=380
DBG_ANCHOR_CH5_SCAN_RESCHED ret=1 delay=20
DBG_ANCHOR_CH5_SCAN_HANDLER role=2
DBG_ANCHOR_CH9_REARM delay=0 ret=0 ack=0
DBG_ANCHOR_CH5_SCAN_BLOCKED win=0 survey=0 tx=1 retry_gap=1 wait=0 rx=0 rxq=0 rxr=0 ack=0 ch9=1 rf=0 retry=20 interval=380
DBG_ANCHOR_CH5_SCAN_RESCHED ret=1 delay=20
DBG_ANCHOR_CH5_SCAN_HANDLER role=2
DBG_ANCHOR_CH5_SCAN_BLOCKED win=0 survey=0 tx=1 retry_gap=1 wait=0 rx=0 rxq=0 rxr=0 ack=0 ch9=0 rf=1 retry=20 interval=380
DBG_ANCHOR_CH5_SCAN_RESCHED ret=1 delay=20
DBG_ANCHOR_CH5_SCAN_HANDLER role=2
DBG_ANCHOR_CH5_SCAN_BLOCKED win=0 survey=0 tx=1 retry_gap=1 wait=0 rx=0 rxq=0 rxr=0 ack=0 ch9=0 rf=1 retry=20 interval=380
DBG_ANCHOR_CH5_SCAN_RESCHED ret=1 delay=20
DBG_DWM_WAKE_MESH_CTRL_OK sfd=4073
DBG_C5_TX_CONFIG ret=0 ext=1 len=193 msg=40 reason=bounded-c5-flood
DBG_ANCHOR_CH5_SCAN_HANDLER role=2
DBG_ANCHOR_CH5_SCAN_BLOCKED win=0 survey=0 tx=1 retry_gap=1 wait=0 rx=0 rxq=0 rxr=0 ack=0 ch9=0 rf=1 retry=20 interval=380
DBG_UWB_TX_CH5
DBG_ANCHOR_CH5_SCAN_RESCHED ret=1 delay=20
DBG_DWM_WAKE_MESH_CTRL_OK sfd=4073
DBG_ANCHOR_CH5_SCAN_HANDLER role=2
DBG_ANCHOR_CH5_SCAN_BLOCKED win=0 survey=0 tx=1 retry_gap=1 wait=0 rx=0 rxq=0 rxr=0 ack=0 ch9=0 rf=1 retry=20 interval=380
DBG_ANCHOR_CH5_SCAN_RESCHED ret=1 delay=20
DBG_ANCHOR_CH5_SCAN_HANDLER role=2
DBG_ANCHOR_CH5_SCAN_BLOCKED win=0 survey=0 tx=1 retry_gap=1 wait=0 rx=0 rxq=0 rxr=0 ack=0 ch9=0 rf=1 retry=20 interval=380
DBG_ANCHOR_CH5_SCAN_RESCHED ret=1 delay=20
DBG_ANCHOR_CH5_SCAN_HANDLER role=2
DBG_ANCHOR_CH5_SCAN_BLOCKED win=0 survey=0 tx=1 retry_gap=1 wait=0 rx=0 rxq=0 rxr=0 ack=0 ch9=0 rf=1 retry=20 interval=380
DBG_ANCHOR_CH5_SCAN_RESCHED ret=1 delay=20
DBG_ANCHOR_CH5_SCAN_HANDLER role=2
DBG_DWM_WAKE_MESH_CTRL_OK sfd=4073
DBG_C5_TX_CONFIG ret=0 ext=1 len=193 msg=40 reason=bounded-c5-flood
DBG_ANCHOR_CH5_SCAN_BLOCKED win=0 survey=0 tx=1 retry_gap=1 wait=0 rx=0 rxq=0 rxr=0 ack=0 ch9=0 rf=1 retry=20 interval=380
DBG_ANCHOR_CH5_SCAN_RESCHED ret=1 delay=20
DBG_UWB_TX_CH5
DBG_ANCHOR_CH5_SCAN_HANDLER role=2
DBG_ANCHOR_CH5_SCAN_BLOCKED win=0 survey=0 tx=1 retry_gap=1 wait=0 rx=0 rxq=0 rxr=0 ack=0 ch9=0 rf=1 retry=20 interval=380
DBG_DWM_WAKE_MESH_CTRL_OK sfd=4073
DBG_ANCHOR_CH5_SCAN_RESCHED ret=1 delay=20
DBG_ANCHOR_CH5_SCAN_HANDLER role=2
DBG_ANCHOR_CH5_SCAN_BLOCKED win=0 survey=0 tx=1 retry_gap=1 wait=0 rx=0 rxq=0 rxr=0 ack=0 ch9=0 rf=1 retry=20 interval=380
DBG_ANCHOR_CH5_SCAN_RESCHED ret=1 delay=20
DBG_ANCHOR_CH5_SCAN_HANDLER role=2
DBG_ANCHOR_CH5_SCAN_BLOCKED win=0 survey=0 tx=1 retry_gap=1 wait=0 rx=0 rxq=0 rxr=0 ack=0 ch9=0 rf=1 retry=20 interval=380
DBG_ANCHOR_CH5_SCAN_RESCHED ret=1 delay=20
DBG_ANCHOR_CH5_SCAN_HANDLER role=2
DBG_ANCHOR_CH5_SCAN_BLOCKED win=0 survey=0 tx=1 retry_gap=1 wait=0 rx=0 rxq=0 rxr=0 ack=0 ch9=0 rf=1 retry=20 interval=380
DBG_ANCHOR_CH5_SCAN_RESCHED ret=1 delay=20
DBG_DWM_WAKE_MESH_CTRL_OK sfd=4073
DBG_C5_TX_CONFIG ret=0 ext=1 len=193 msg=40 reason=bounded-c5-flood
DBG_ANCHOR_CH5_SCAN_HANDLER role=2
DBG_ANCHOR_CH5_SCAN_BLOCKED win=0 survey=0 tx=1 retry_gap=1 wait=0 rx=0 rxq=0 rxr=0 ack=0 ch9=0 rf=1 retry=20 interval=380
DBG_UWB_TX_CH5
DBG_ANCHOR_CH5_SCAN_RESCHED ret=1 delay=20
DBG_DWM_WAKE_MESH_CTRL_OK sfd=4073
DBG_ANCHOR_CH5_SCAN_HANDLER role=2
DBG_ANCHOR_CH5_SCAN_BLOCKED win=0 survey=0 tx=1 retry_gap=1 wait=0 rx=0 rxq=0 rxr=0 ack=0 ch9=0 rf=1 retry=20 interval=380
DBG_ANCHOR_CH5_SCAN_RESCHED ret=1 delay=20
DBG_ANCHOR_CH5_SCAN_HANDLER role=2
DBG_ANCHOR_CH5_SCAN_BLOCKED win=0 survey=0 tx=1 retry_gap=1 wait=0 rx=0 rxq=0 rxr=0 ack=0 ch9=0 rf=1 retry=20 interval=380
DBG_ANCHOR_CH5_SCAN_RESCHED ret=1 delay=20
DBG_ANCHOR_CH5_SCAN_HANDLER role=2
DBG_ANCHOR_CH5_SCAN_BLOCKED win=0 survey=0 tx=1 retry_gap=1 wait=0 rx=0 rxq=0 rxr=0 ack=0 ch9=0 rf=1 retry=20 interval=380
DBG_ANCHOR_CH5_SCAN_RESCHED ret=1 delay=20
DBG_ANCHOR_CH5_SCAN_HANDLER role=2
DBG_DWM_WAKE_MESH_CTRL_OK sfd=4073
DBG_C5_TX_CONFIG ret=0 ext=1 len=193 msg=40 reason=bounded-c5-flood
DBG_ANCHOR_CH5_SCAN_BLOCKED win=0 survey=0 tx=1 retry_gap=1 wait=0 rx=0 rxq=0 rxr=0 ack=0 ch9=0 rf=1 retry=20 interval=380
DBG_ANCHOR_CH5_SCAN_RESCHED ret=1 delay=20
DBG_UWB_TX_CH5
DBG_WAKE_TRAIN_GUARD_OK
DBG_ANCHOR_CH5_SCAN_HANDLER role=2
DBG_ANCHOR_CH5_SCAN_BLOCKED win=0 survey=0 tx=1 retry_gap=1 wait=0 rx=0 rxq=0 rxr=0 ack=0 ch9=0 rf=1 retry=20 interval=380
DBG_ANCHOR_CH5_SCAN_RESCHED ret=1 delay=20
DBG_ANCHOR_CH5_SCAN_HANDLER role=2
DBG_WAKE_TRAIN_CONFIG_BEGIN
DBG_ANCHOR_CH5_SCAN_BLOCKED win=0 survey=0 tx=1 retry_gap=1 wait=0 rx=0 rxq=0 rxr=0 ack=0 ch9=0 rf=1 retry=20 interval=380
DBG_ANCHOR_CH5_SCAN_RESCHED ret=1 delay=20
DBG_WAKE_TRAIN_CONFIG_OK
DBG_WAKE_TRAIN_FIRST_SEND_BEGIN
DBG_ANCHOR_CH5_SCAN_HANDLER role=2
DBG_WAKE_TRAIN_FIRST_SEND_OK
DBG_UWB_TX_CH5
DBG_TX_WAKE_CLAIM_SENT
DBG_ANCHOR_CH5_SCAN_BLOCKED win=0 survey=0 tx=1 retry_gap=1 wait=0 rx=0 rxq=0 rxr=0 ack=0 ch9=0 rf=1 retry=20 interval=380
DBG_ANCHOR_CH5_SCAN_RESCHED ret=1 delay=20
DBG_UWB_TX_CH5
DBG_TX_WAKE_CLAIM_SENT
DBG_UWB_TX_CH5
DBG_TX_WAKE_CLAIM_SENT
DBG_UWB_TX_CH5
DBG_TX_WAKE_CLAIM_SENT
DBG_DWM_CH5_RX_HUNT_START acq=3 complete=15 cap=125
DBG_ANCHOR_CH5_SCAN_HANDLER role=2
DBG_DWM_CH5_RX_HUNT_EMPTY ret=-116 status=0x00000000 acq=3
DBG_ANCHOR_CH5_SCAN_BLOCKED win=0 survey=0 tx=1 retry_gap=1 wait=0 rx=0 rxq=0 rxr=0 ack=0 ch9=0 rf=1 retry=20 interval=380
DBG_ANCHOR_CH5_SCAN_RESCHED ret=1 delay=20
DBG_UWB_TX_CH5
DBG_TX_WAKE_CLAIM_SENT
DBG_UWB_TX_CH5
DBG_TX_WAKE_CLAIM_SENT
DBG_UWB_TX_CH5
DBG_TX_WAKE_CLAIM_SENT
DBG_DWM_CH5_RX_HUNT_START acq=3 complete=15 cap=125
DBG_ANCHOR_CH5_SCAN_HANDLER role=2
DBG_DWM_CH5_RX_HUNT_EMPTY ret=-116 status=0x00000000 acq=3
DBG_ANCHOR_CH5_SCAN_BLOCKED win=0 survey=0 tx=1 retry_gap=1 wait=0 rx=0 rxq=0 rxr=0 ack=0 ch9=0 rf=1 retry=20 interval=380
DBG_ANCHOR_CH5_SCAN_RESCHED ret=1 delay=20
DBG_UWB_TX_CH5
DBG_TX_WAKE_CLAIM_SENT
DBG_UWB_TX_CH5
DBG_TX_WAKE_CLAIM_SENT
DBG_UWB_TX_CH5
DBG_TX_WAKE_CLAIM_SENT
DBG_DWM_CH5_RX_HUNT_START acq=3 complete=15 cap=125
DBG_ANCHOR_CH5_SCAN_HANDLER role=2
DBG_DWM_CH5_RX_HUNT_EMPTY ret=-116 status=0x00000000 acq=3
DBG_ANCHOR_CH5_SCAN_BLOCKED win=0 survey=0 tx=1 retry_gap=1 wait=0 rx=0 rxq=0 rxr=0 ack=0 ch9=0 rf=1 retry=20 interval=380
DBG_ANCHOR_CH5_SCAN_RESCHED ret=1 delay=20
DBG_UWB_TX_CH5
DBG_TX_WAKE_CLAIM_SENT
DBG_UWB_TX_CH5
DBG_TX_WAKE_CLAIM_SENT
DBG_UWB_TX_CH5
DBG_TX_WAKE_CLAIM_SENT
DBG_DWM_CH5_RX_HUNT_START acq=3 complete=15 cap=125
DBG_ANCHOR_CH5_SCAN_HANDLER role=2
DBG_DWM_CH5_RX_HUNT_EMPTY ret=-116 status=0x00000000 acq=3
DBG_ANCHOR_CH5_SCAN_BLOCKED win=0 survey=0 tx=1 retry_gap=1 wait=0 rx=0 rxq=0 rxr=0 ack=0 ch9=0 rf=1 retry=20 interval=380
DBG_ANCHOR_CH5_SCAN_RESCHED ret=1 delay=20
DBG_UWB_TX_CH5
DBG_TX_WAKE_CLAIM_SENT
DBG_UWB_TX_CH5
DBG_TX_WAKE_CLAIM_SENT
DBG_UWB_TX_CH5
DBG_TX_WAKE_CLAIM_SENT
DBG_DWM_CH5_RX_HUNT_START acq=3 complete=15 cap=125
DBG_ANCHOR_CH5_SCAN_HANDLER role=2
DBG_DWM_CH5_RX_HUNT_EMPTY ret=-116 status=0x00000000 acq=3
DBG_ANCHOR_CH5_SCAN_BLOCKED win=0 survey=0 tx=1 retry_gap=1 wait=0 rx=0 rxq=0 rxr=0 ack=0 ch9=0 rf=1 retry=20 interval=380
DBG_ANCHOR_CH5_SCAN_RESCHED ret=1 delay=20
DBG_UWB_TX_CH5
DBG_TX_WAKE_CLAIM_SENT
DBG_UWB_TX_CH5
DBG_TX_WAKE_CLAIM_SENT
DBG_UWB_TX_CH5
DBG_TX_WAKE_CLAIM_SENT
DBG_DWM_CH5_RX_HUNT_START acq=3 complete=15 cap=125
DBG_ANCHOR_CH5_SCAN_HANDLER role=2
DBG_DWM_CH5_RX_HUNT_EMPTY ret=-116 status=0x00000000 acq=3
DBG_ANCHOR_CH5_SCAN_BLOCKED win=0 survey=0 tx=1 retry_gap=1 wait=0 rx=0 rxq=0 rxr=0 ack=0 ch9=0 rf=1 retry=20 interval=380
DBG_ANCHOR_CH5_SCAN_RESCHED ret=1 delay=20
DBG_UWB_TX_CH5
DBG_TX_WAKE_CLAIM_SENT
DBG_UWB_TX_CH5
DBG_TX_WAKE_CLAIM_SENT
DBG_UWB_TX_CH5
DBG_TX_WAKE_CLAIM_SENT
DBG_DWM_CH5_RX_HUNT_START acq=3 complete=15 cap=125
DBG_ANCHOR_CH5_SCAN_HANDLER role=2
DBG_DWM_CH5_RX_HUNT_EMPTY ret=-116 status=0x00000000 acq=3
DBG_ANCHOR_CH5_SCAN_BLOCKED win=0 survey=0 tx=1 retry_gap=1 wait=0 rx=0 rxq=0 rxr=0 ack=0 ch9=0 rf=1 retry=20 interval=380
DBG_ANCHOR_CH5_SCAN_RESCHED ret=1 delay=20
DBG_UWB_TX_CH5
DBG_TX_WAKE_CLAIM_SENT
DBG_UWB_TX_CH5
DBG_TX_WAKE_CLAIM_SENT
DBG_UWB_TX_CH5
DBG_TX_WAKE_CLAIM_SENT
DBG_DWM_CH5_RX_HUNT_START acq=3 complete=15 cap=125
DBG_ANCHOR_CH5_SCAN_HANDLER role=2
DBG_DWM_CH5_RX_HUNT_EMPTY ret=-116 status=0x00000000 acq=3
DBG_ANCHOR_CH5_SCAN_BLOCKED win=0 survey=0 tx=1 retry_gap=1 wait=0 rx=0 rxq=0 rxr=0 ack=0 ch9=0 rf=1 retry=20 interval=380
DBG_ANCHOR_CH5_SCAN_RESCHED ret=1 delay=20
DBG_UWB_TX_CH5
DBG_TX_WAKE_CLAIM_SENT
DBG_UWB_TX_CH5
DBG_TX_WAKE_CLAIM_SENT
DBG_UWB_TX_CH5
DBG_TX_WAKE_CLAIM_SENT
DBG_DWM_CH5_RX_HUNT_START acq=3 complete=15 cap=125
DBG_ANCHOR_CH5_SCAN_HANDLER role=2
DBG_DWM_CH5_RX_HUNT_EMPTY ret=-116 status=0x00000000 acq=3
DBG_ANCHOR_CH5_SCAN_BLOCKED win=0 survey=0 tx=1 retry_gap=1 wait=0 rx=0 rxq=0 rxr=0 ack=0 ch9=0 rf=1 retry=20 interval=380
DBG_ANCHOR_CH5_SCAN_RESCHED ret=1 delay=20
DBG_UWB_TX_CH5
DBG_TX_WAKE_CLAIM_SENT
DBG_UWB_TX_CH5
DBG_TX_WAKE_CLAIM_SENT
DBG_UWB_TX_CH5
DBG_TX_WAKE_CLAIM_SENT
DBG_DWM_CH5_RX_HUNT_START acq=3 complete=15 cap=125
DBG_ANCHOR_CH5_SCAN_HANDLER role=2
DBG_DWM_CH5_RX_HUNT_EMPTY ret=-116 status=0x00000000 acq=3
DBG_ANCHOR_CH5_SCAN_BLOCKED win=0 survey=0 tx=1 retry_gap=1 wait=0 rx=0 rxq=0 rxr=0 ack=0 ch9=0 rf=1 retry=20 interval=380
DBG_ANCHOR_CH5_SCAN_RESCHED ret=1 delay=20
DBG_UWB_TX_CH5
DBG_TX_WAKE_CLAIM_SENT
DBG_UWB_TX_CH5
DBG_TX_WAKE_CLAIM_SENT
DBG_UWB_TX_CH5
DBG_TX_WAKE_CLAIM_SENT
DBG_DWM_CH5_RX_HUNT_START acq=3 complete=15 cap=125
DBG_ANCHOR_CH5_SCAN_HANDLER role=2
DBG_DWM_CH5_RX_HUNT_EMPTY ret=-116 status=0x00000000 acq=3
DBG_ANCHOR_CH5_SCAN_BLOCKED win=0 survey=0 tx=1 retry_gap=1 wait=0 rx=0 rxq=0 rxr=0 ack=0 ch9=0 rf=1 retry=20 interval=380
DBG_ANCHOR_CH5_SCAN_RESCHED ret=1 delay=20
DBG_UWB_TX_CH5
DBG_TX_WAKE_CLAIM_SENT
DBG_UWB_TX_CH5
DBG_TX_WAKE_CLAIM_SENT
DBG_UWB_TX_CH5
DBG_TX_WAKE_CLAIM_SENT
DBG_DWM_CH5_RX_HUNT_START acq=3 complete=15 cap=125
DBG_ANCHOR_CH5_SCAN_HANDLER role=2
DBG_DWM_CH5_RX_HUNT_EMPTY ret=-116 status=0x00000000 acq=3
DBG_ANCHOR_CH5_SCAN_BLOCKED win=0 survey=0 tx=1 retry_gap=1 wait=0 rx=0 rxq=0 rxr=0 ack=0 ch9=0 rf=1 retry=20 interval=380
DBG_ANCHOR_CH5_SCAN_RESCHED ret=1 delay=20
DBG_UWB_TX_CH5
DBG_TX_WAKE_CLAIM_SENT
DBG_UWB_TX_CH5
DBG_TX_WAKE_CLAIM_SENT
DBG_UWB_TX_CH5
DBG_TX_WAKE_CLAIM_SENT
DBG_DWM_CH5_RX_HUNT_START acq=3 complete=15 cap=125
DBG_ANCHOR_CH5_SCAN_HANDLER role=2
DBG_DWM_CH5_RX_HUNT_EMPTY ret=-116 status=0x00000000 acq=3
DBG_ANCHOR_CH5_SCAN_BLOCKED win=0 survey=0 tx=1 retry_gap=1 wait=0 rx=0 rxq=0 rxr=0 ack=0 ch9=0 rf=1 retry=20 interval=380
DBG_ANCHOR_CH5_SCAN_RESCHED ret=1 delay=20
DBG_UWB_TX_CH5
DBG_TX_WAKE_CLAIM_SENT
DBG_UWB_TX_CH5
DBG_TX_WAKE_CLAIM_SENT
DBG_UWB_TX_CH5
DBG_TX_WAKE_CLAIM_SENT
DBG_DWM_CH5_RX_HUNT_START acq=3 complete=15 cap=125
DBG_ANCHOR_CH5_SCAN_HANDLER role=2
DBG_DWM_CH5_RX_HUNT_EMPTY ret=-116 status=0x00000000 acq=3
DBG_ANCHOR_CH5_SCAN_BLOCKED win=0 survey=0 tx=1 retry_gap=1 wait=0 rx=0 rxq=0 rxr=0 ack=0 ch9=0 rf=1 retry=20 interval=380
DBG_ANCHOR_CH5_SCAN_RESCHED ret=1 delay=20
DBG_UWB_TX_CH5
DBG_TX_WAKE_CLAIM_SENT
DBG_UWB_TX_CH5
DBG_TX_WAKE_CLAIM_SENT
DBG_UWB_TX_CH5
DBG_TX_WAKE_CLAIM_SENT
DBG_DWM_CH5_RX_HUNT_START acq=3 complete=15 cap=125
DBG_ANCHOR_CH5_SCAN_HANDLER role=2
DBG_DWM_CH5_RX_HUNT_EMPTY ret=-116 status=0x00000000 acq=3
DBG_ANCHOR_CH5_SCAN_BLOCKED win=0 survey=0 tx=1 retry_gap=1 wait=0 rx=0 rxq=0 rxr=0 ack=0 ch9=0 rf=1 retry=20 interval=380
DBG_ANCHOR_CH5_SCAN_RESCHED ret=1 delay=20
DBG_UWB_TX_CH5
DBG_TX_WAKE_CLAIM_SENT
DBG_UWB_TX_CH5
DBG_TX_WAKE_CLAIM_SENT
DBG_UWB_TX_CH5
DBG_TX_WAKE_CLAIM_SENT
DBG_DWM_CH5_RX_HUNT_START acq=3 complete=15 cap=125
DBG_ANCHOR_CH5_SCAN_HANDLER role=2
DBG_DWM_CH5_RX_HUNT_EMPTY ret=-116 status=0x00000000 acq=3
DBG_ANCHOR_CH5_SCAN_BLOCKED win=0 survey=0 tx=1 retry_gap=1 wait=0 rx=0 rxq=0 rxr=0 ack=0 ch9=0 rf=1 retry=20 interval=380
DBG_ANCHOR_CH5_SCAN_RESCHED ret=1 delay=20
DBG_UWB_TX_CH5
DBG_TX_WAKE_CLAIM_SENT
DBG_UWB_TX_CH5
DBG_TX_WAKE_CLAIM_SENT
DBG_UWB_TX_CH5
DBG_TX_WAKE_CLAIM_SENT
DBG_DWM_CH5_RX_HUNT_START acq=3 complete=15 cap=125
DBG_ANCHOR_CH5_SCAN_HANDLER role=2
DBG_DWM_CH5_RX_HUNT_EMPTY ret=-116 status=0x00000000 acq=3
DBG_ANCHOR_CH5_SCAN_BLOCKED win=0 survey=0 tx=1 retry_gap=1 wait=0 rx=0 rxq=0 rxr=0 ack=0 ch9=0 rf=1 retry=20 interval=380
DBG_ANCHOR_CH5_SCAN_RESCHED ret=1 delay=20
DBG_UWB_TX_CH5
DBG_TX_WAKE_CLAIM_SENT
DBG_ANCHOR_CH5_SCAN_HANDLER role=2
DBG_ANCHOR_CH5_SCAN_BLOCKED win=0 survey=0 tx=1 retry_gap=1 wait=0 rx=0 rxq=0 rxr=0 ack=0 ch9=0 rf=1 retry=20 interval=380
DBG_ANCHOR_CH5_SCAN_RESCHED ret=1 delay=20
DBG_C5_CONTROL_FOLLOWUP_TURNAROUND delay=60 msg=40 reason=broadcast-forward
DBG_ANCHOR_CH5_SCAN_HANDLER role=2
DBG_ANCHOR_CH9_REARM delay=0 ret=1 ack=0
DBG_ANCHOR_CH5_SCAN_BLOCKED win=0 survey=0 tx=1 retry_gap=1 wait=0 rx=0 rxq=0 rxr=0 ack=0 ch9=1 rf=0 retry=20 interval=380
DBG_ANCHOR_CH5_SCAN_RESCHED ret=1 delay=20
DBG_ANCHOR_CH5_SCAN_HANDLER role=2
DBG_ANCHOR_CH9_REARM delay=0 ret=0 ack=0
DBG_ANCHOR_CH5_SCAN_BLOCKED win=0 survey=0 tx=1 retry_gap=1 wait=0 rx=0 rxq=0 rxr=0 ack=0 ch9=1 rf=0 retry=20 interval=380
DBG_ANCHOR_CH5_SCAN_RESCHED ret=1 delay=20
DBG_ANCHOR_CH5_SCAN_HANDLER role=2
DBG_ANCHOR_CH9_REARM delay=0 ret=0 ack=0
DBG_ANCHOR_CH5_SCAN_BLOCKED win=0 survey=0 tx=1 retry_gap=1 wait=0 rx=0 rxq=0 rxr=0 ack=0 ch9=1 rf=0 retry=20 interval=380
DBG_ANCHOR_CH5_SCAN_RESCHED ret=1 delay=20
DBG_ANCHOR_CH5_SCAN_HANDLER role=2
DBG_ANCHOR_CH5_SCAN_BLOCKED win=0 survey=0 tx=1 retry_gap=1 wait=0 rx=0 rxq=0 rxr=0 ack=0 ch9=0 rf=1 retry=20 interval=380
DBG_ANCHOR_CH5_SCAN_RESCHED ret=1 delay=20
DBG_ANCHOR_CH5_SCAN_HANDLER role=2
DBG_ANCHOR_CH5_SCAN_BLOCKED win=0 survey=0 tx=1 retry_gap=1 wait=0 rx=0 rxq=0 rxr=0 ack=0 ch9=0 rf=1 retry=20 interval=380
DBG_ANCHOR_CH5_SCAN_RESCHED ret=1 delay=20
DBG_DWM_WAKE_MESH_CTRL_OK sfd=4073
DBG_C5_TX_CONFIG ret=0 ext=1 len=193 msg=40 reason=bounded-c5-flood
DBG_ANCHOR_CH5_SCAN_HANDLER role=2
DBG_ANCHOR_CH5_SCAN_BLOCKED win=0 survey=0 tx=1 retry_gap=1 wait=0 rx=0 rxq=0 rxr=0 ack=0 ch9=0 rf=1 retry=20 interval=380
DBG_UWB_TX_CH5
DBG_ANCHOR_CH5_SCAN_RESCHED ret=1 delay=20
DBG_DWM_WAKE_MESH_CTRL_OK sfd=4073
DBG_ANCHOR_CH5_SCAN_HANDLER role=2
DBG_C5_FLOOD_DELAY_RX_CONTINUE ret=-5 fail=4 rem=40
DBG_ANCHOR_CH5_SCAN_BLOCKED win=0 survey=0 tx=1 retry_gap=1 wait=0 rx=0 rxq=0 rxr=0 ack=0 ch9=0 rf=1 retry=20 interval=380
DBG_ANCHOR_CH5_SCAN_RESCHED ret=1 delay=20
DBG_DWM_WAKE_MESH_CTRL_OK sfd=4073
DBG_ANCHOR_CH5_SCAN_HANDLER role=2
DBG_C5_FLOOD_DELAY_RX_CONTINUE ret=-5 fail=4 rem=18
DBG_ANCHOR_CH5_SCAN_BLOCKED win=0 survey=0 tx=1 retry_gap=1 wait=0 rx=0 rxq=0 rxr=0 ack=0 ch9=0 rf=1 retry=20 interval=380
DBG_ANCHOR_CH5_SCAN_RESCHED ret=1 delay=20
DBG_ANCHOR_CH5_SCAN_HANDLER role=2
DBG_ANCHOR_CH5_SCAN_BLOCKED win=0 survey=0 tx=1 retry_gap=1 wait=0 rx=0 rxq=0 rxr=0 ack=0 ch9=0 rf=1 retry=20 interval=380
DBG_ANCHOR_CH5_SCAN_RESCHED ret=1 delay=20
DBG_WAKE_TRAIN_GUARD_OK
DBG_ANCHOR_CH5_SCAN_HANDLER role=2
DBG_MESH_WAKE_POLITE_ACTIVITY phase=pre target=0x0 retry=0 ret=0 fail=3 reason=broadcast-forward
DBG_C5_CONTACT phase=closing state=4 peer=0x9999888877776666 purpose=gateway_command_flood reason=wake-train-fail
DBG_MESH_WAKE_POLITE_BACKOFF phase=pre target=0x0 retry=1/3 delay=381 reason=broadcast-forward
DBG_ANCHOR_CH5_SCAN_BLOCKED win=0 survey=0 tx=1 retry_gap=1 wait=0 rx=0 rxq=0 rxr=0 ack=0 ch9=0 rf=1 retry=20 interval=380
DBG_ANCHOR_CH5_SCAN_RESCHED ret=1 delay=20
DBG_ANCHOR_CH5_SCAN_HANDLER role=2
DBG_ANCHOR_CH9_REARM delay=0 ret=0 ack=0
DBG_ANCHOR_CH5_SCAN_BLOCKED win=0 survey=0 tx=1 retry_gap=1 wait=0 rx=0 rxq=0 rxr=0 ack=0 ch9=1 rf=0 retry=20 interval=380
DBG_ANCHOR_CH5_SCAN_RESCHED ret=1 delay=20
DBG_ANCHOR_CH5_SCAN_HANDLER role=2
DBG_ANCHOR_CH9_REARM delay=0 ret=0 ack=0
DBG_ANCHOR_CH5_SCAN_BLOCKED win=0 survey=0 tx=1 retry_gap=1 wait=0 rx=0 rxq=0 rxr=0 ack=0 ch9=1 rf=0 retry=20 interval=380
DBG_ANCHOR_CH5_SCAN_RESCHED ret=1 delay=20
DBG_ANCHOR_CH5_SCAN_HANDLER role=2
DBG_ANCHOR_CH9_REARM delay=0 ret=0 ack=0
DBG_ANCHOR_CH5_SCAN_BLOCKED win=0 survey=0 tx=1 retry_gap=1 wait=0 rx=0 rxq=0 rxr=0 ack=0 ch9=1 rf=0 retry=20 interval=380
DBG_ANCHOR_CH5_SCAN_RESCHED ret=1 delay=20
DBG_ANCHOR_CH5_SCAN_HANDLER role=2
DBG_ANCHOR_CH9_REARM delay=0 ret=0 ack=0
DBG_ANCHOR_CH5_SCAN_BLOCKED win=0 survey=0 tx=1 retry_gap=1 wait=0 rx=0 rxq=0 rxr=0 ack=0 ch9=1 rf=0 retry=20 interval=380
DBG_ANCHOR_CH5_SCAN_RESCHED ret=1 delay=20
DBG_ANCHOR_CH5_SCAN_HANDLER role=2
DBG_ANCHOR_CH9_REARM delay=0 ret=0 ack=0
DBG_ANCHOR_CH5_SCAN_BLOCKED win=0 survey=0 tx=1 retry_gap=1 wait=0 rx=0 rxq=0 rxr=0 ack=0 ch9=1 rf=0 retry=20 interval=380
DBG_ANCHOR_CH5_SCAN_RESCHED ret=1 delay=20
DBG_ANCHOR_CH5_SCAN_HANDLER role=2
DBG_ANCHOR_CH9_REARM delay=0 ret=0 ack=0
DBG_ANCHOR_CH5_SCAN_BLOCKED win=0 survey=0 tx=1 retry_gap=1 wait=0 rx=0 rxq=0 rxr=0 ack=0 ch9=1 rf=0 retry=20 interval=380
DBG_ANCHOR_CH5_SCAN_RESCHED ret=1 delay=20
DBG_ANCHOR_CH5_SCAN_HANDLER role=2
DBG_ANCHOR_CH9_REARM delay=0 ret=0 ack=0
DBG_ANCHOR_CH5_SCAN_BLOCKED win=0 survey=0 tx=1 retry_gap=1 wait=0 rx=0 rxq=0 rxr=0 ack=0 ch9=1 rf=0 retry=20 interval=380
DBG_ANCHOR_CH5_SCAN_RESCHED ret=1 delay=20
DBG_ANCHOR_CH5_SCAN_HANDLER role=2
DBG_ANCHOR_CH9_REARM delay=0 ret=0 ack=0
DBG_ANCHOR_CH5_SCAN_BLOCKED win=0 survey=0 tx=1 retry_gap=1 wait=0 rx=0 rxq=0 rxr=0 ack=0 ch9=1 rf=0 retry=20 interval=380
DBG_ANCHOR_CH5_SCAN_RESCHED ret=1 delay=20
DBG_ANCHOR_CH5_SCAN_HANDLER role=2
DBG_ANCHOR_CH9_REARM delay=0 ret=0 ack=0
DBG_ANCHOR_CH5_SCAN_BLOCKED win=0 survey=0 tx=1 retry_gap=1 wait=0 rx=0 rxq=0 rxr=0 ack=0 ch9=1 rf=0 retry=20 interval=380
DBG_ANCHOR_CH5_SCAN_RESCHED ret=1 delay=20
DBG_ANCHOR_CH5_SCAN_HANDLER role=2
DBG_ANCHOR_CH9_REARM delay=0 ret=0 ack=0
DBG_ANCHOR_CH5_SCAN_BLOCKED win=0 survey=0 tx=1 retry_gap=1 wait=0 rx=0 rxq=0 rxr=0 ack=0 ch9=1 rf=0 retry=20 interval=380
DBG_ANCHOR_CH5_SCAN_RESCHED ret=1 delay=20
DBG_ANCHOR_CH5_SCAN_HANDLER role=2
DBG_ANCHOR_CH9_REARM delay=0 ret=0 ack=0
DBG_ANCHOR_CH5_SCAN_BLOCKED win=0 survey=0 tx=1 retry_gap=1 wait=0 rx=0 rxq=0 rxr=0 ack=0 ch9=1 rf=0 retry=20 interval=380
DBG_ANCHOR_CH5_SCAN_RESCHED ret=1 delay=20
DBG_ANCHOR_CH5_SCAN_HANDLER role=2
DBG_ANCHOR_CH9_REARM delay=0 ret=0 ack=0
DBG_ANCHOR_CH5_SCAN_BLOCKED win=0 survey=0 tx=1 retry_gap=1 wait=0 rx=0 rxq=0 rxr=0 ack=0 ch9=1 rf=0 retry=20 interval=380
DBG_ANCHOR_CH5_SCAN_RESCHED ret=1 delay=20
DBG_ANCHOR_CH5_SCAN_HANDLER role=2
DBG_ANCHOR_CH9_REARM delay=0 ret=0 ack=0
DBG_ANCHOR_CH5_SCAN_BLOCKED win=0 survey=0 tx=1 retry_gap=1 wait=0 rx=0 rxq=0 rxr=0 ack=0 ch9=1 rf=0 retry=20 interval=380
DBG_ANCHOR_CH5_SCAN_RESCHED ret=1 delay=20
DBG_ANCHOR_CH5_SCAN_HANDLER role=2
DBG_ANCHOR_CH9_REARM delay=0 ret=0 ack=0
DBG_ANCHOR_CH5_SCAN_BLOCKED win=0 survey=0 tx=1 retry_gap=1 wait=0 rx=0 rxq=0 rxr=0 ack=0 ch9=1 rf=0 retry=20 interval=380
DBG_ANCHOR_CH5_SCAN_RESCHED ret=1 delay=20
DBG_ANCHOR_CH5_SCAN_HANDLER role=2
DBG_ANCHOR_CH9_REARM delay=0 ret=0 ack=0
DBG_ANCHOR_CH5_SCAN_BLOCKED win=0 survey=0 tx=1 retry_gap=1 wait=0 rx=0 rxq=0 rxr=0 ack=0 ch9=1 rf=0 retry=20 interval=380
DBG_ANCHOR_CH5_SCAN_RESCHED ret=1 delay=20
DBG_ANCHOR_CH5_SCAN_HANDLER role=2
DBG_ANCHOR_CH9_REARM delay=0 ret=0 ack=0
DBG_ANCHOR_CH5_SCAN_BLOCKED win=0 survey=0 tx=1 retry_gap=1 wait=0 rx=0 rxq=0 rxr=0 ack=0 ch9=1 rf=0 retry=20 interval=380
DBG_ANCHOR_CH5_SCAN_RESCHED ret=1 delay=20
DBG_ANCHOR_CH5_SCAN_HANDLER role=2
DBG_ANCHOR_CH9_REARM delay=0 ret=0 ack=0
DBG_ANCHOR_CH5_SCAN_BLOCKED win=0 survey=0 tx=1 retry_gap=1 wait=0 rx=0 rxq=0 rxr=0 ack=0 ch9=1 rf=0 retry=20 interval=380
DBG_ANCHOR_CH5_SCAN_RESCHED ret=1 delay=20
DBG_ANCHOR_CH5_SCAN_HANDLER role=2
DBG_ANCHOR_CH9_REARM delay=0 ret=0 ack=0
DBG_ANCHOR_CH5_SCAN_BLOCKED win=0 survey=0 tx=1 retry_gap=1 wait=0 rx=0 rxq=0 rxr=0 ack=0 ch9=1 rf=0 retry=20 interval=380
DBG_ANCHOR_CH5_SCAN_RESCHED ret=1 delay=20
DBG_WAKE_TRAIN_GUARD_OK
DBG_ANCHOR_CH5_SCAN_HANDLER role=2
DBG_ANCHOR_CH5_SCAN_BLOCKED win=0 survey=0 tx=1 retry_gap=1 wait=0 rx=0 rxq=0 rxr=0 ack=0 ch9=0 rf=1 retry=20 interval=380
DBG_ANCHOR_CH5_SCAN_RESCHED ret=1 delay=20
DBG_MESH_WAKE_POLITE_ACTIVITY phase=pre target=0x0 retry=1 ret=0 fail=3 reason=broadcast-forward
DBG_MESH_WAKE_POLITE_BACKOFF phase=pre target=0x0 retry=2/3 delay=418 reason=broadcast-forward
DBG_ANCHOR_CH5_SCAN_HANDLER role=2
DBG_ANCHOR_CH9_REARM delay=0 ret=0 ack=0
DBG_ANCHOR_CH5_SCAN_BLOCKED win=0 survey=0 tx=1 retry_gap=1 wait=0 rx=0 rxq=0 rxr=0 ack=0 ch9=1 rf=0 retry=20 interval=380
DBG_ANCHOR_CH5_SCAN_RESCHED ret=1 delay=20
DBG_ANCHOR_CH5_SCAN_HANDLER role=2
DBG_ANCHOR_CH9_REARM delay=0 ret=0 ack=0
DBG_ANCHOR_CH5_SCAN_BLOCKED win=0 survey=0 tx=1 retry_gap=1 wait=0 rx=0 rxq=0 rxr=0 ack=0 ch9=1 rf=0 retry=20 interval=380
DBG_ANCHOR_CH5_SCAN_RESCHED ret=1 delay=20
DBG_ANCHOR_CH5_SCAN_HANDLER role=2
DBG_ANCHOR_CH9_REARM delay=0 ret=0 ack=0
DBG_ANCHOR_CH5_SCAN_BLOCKED win=0 survey=0 tx=1 retry_gap=1 wait=0 rx=0 rxq=0 rxr=0 ack=0 ch9=1 rf=0 retry=20 interval=380
DBG_ANCHOR_CH5_SCAN_RESCHED ret=1 delay=20
DBG_ANCHOR_CH5_SCAN_HANDLER role=2
DBG_ANCHOR_CH9_REARM delay=0 ret=0 ack=0
DBG_ANCHOR_CH5_SCAN_BLOCKED win=0 survey=0 tx=1 retry_gap=1 wait=0 rx=0 rxq=0 rxr=0 ack=0 ch9=1 rf=0 retry=20 interval=380
DBG_ANCHOR_CH5_SCAN_RESCHED ret=1 delay=20
DBG_ANCHOR_CH5_SCAN_HANDLER role=2
DBG_ANCHOR_CH9_REARM delay=0 ret=0 ack=0
DBG_ANCHOR_CH5_SCAN_BLOCKED win=0 survey=0 tx=1 retry_gap=1 wait=0 rx=0 rxq=0 rxr=0 ack=0 ch9=1 rf=0 retry=20 interval=380
DBG_ANCHOR_CH5_SCAN_RESCHED ret=1 delay=20
DBG_ANCHOR_CH5_SCAN_HANDLER role=2
DBG_ANCHOR_CH9_REARM delay=0 ret=0 ack=0
DBG_ANCHOR_CH5_SCAN_BLOCKED win=0 survey=0 tx=1 retry_gap=1 wait=0 rx=0 rxq=0 rxr=0 ack=0 ch9=1 rf=0 retry=20 interval=380
DBG_ANCHOR_CH5_SCAN_RESCHED ret=1 delay=20
DBG_ANCHOR_CH5_SCAN_HANDLER role=2
DBG_ANCHOR_CH9_REARM delay=0 ret=0 ack=0
DBG_ANCHOR_CH5_SCAN_BLOCKED win=0 survey=0 tx=1 retry_gap=1 wait=0 rx=0 rxq=0 rxr=0 ack=0 ch9=1 rf=0 retry=20 interval=380
DBG_ANCHOR_CH5_SCAN_RESCHED ret=1 delay=20
DBG_ANCHOR_CH5_SCAN_HANDLER role=2
DBG_ANCHOR_CH9_REARM delay=0 ret=0 ack=0
DBG_ANCHOR_CH5_SCAN_BLOCKED win=0 survey=0 tx=1 retry_gap=1 wait=0 rx=0 rxq=0 rxr=0 ack=0 ch9=1 rf=0 retry=20 interval=380
DBG_ANCHOR_CH5_SCAN_RESCHED ret=1 delay=20
DBG_ANCHOR_CH5_SCAN_HANDLER role=2
DBG_ANCHOR_CH9_REARM delay=0 ret=0 ack=0
DBG_ANCHOR_CH5_SCAN_BLOCKED win=0 survey=0 tx=1 retry_gap=1 wait=0 rx=0 rxq=0 rxr=0 ack=0 ch9=1 rf=0 retry=20 interval=380
DBG_ANCHOR_CH5_SCAN_RESCHED ret=1 delay=20
DBG_ANCHOR_CH5_SCAN_HANDLER role=2
DBG_ANCHOR_CH9_REARM delay=0 ret=0 ack=0
DBG_ANCHOR_CH5_SCAN_BLOCKED win=0 survey=0 tx=1 retry_gap=1 wait=0 rx=0 rxq=0 rxr=0 ack=0 ch9=1 rf=0 retry=20 interval=380
DBG_ANCHOR_CH5_SCAN_RESCHED ret=1 delay=20
DBG_ANCHOR_CH5_SCAN_HANDLER role=2
DBG_ANCHOR_CH9_REARM delay=0 ret=0 ack=0
DBG_ANCHOR_CH5_SCAN_BLOCKED win=0 survey=0 tx=1 retry_gap=1 wait=0 rx=0 rxq=0 rxr=0 ack=0 ch9=1 rf=0 retry=20 interval=380
DBG_ANCHOR_CH5_SCAN_RESCHED ret=1 delay=20
DBG_ANCHOR_CH5_SCAN_HANDLER role=2
DBG_ANCHOR_CH9_REARM delay=0 ret=0 ack=0
DBG_ANCHOR_CH5_SCAN_BLOCKED win=0 survey=0 tx=1 retry_gap=1 wait=0 rx=0 rxq=0 rxr=0 ack=0 ch9=1 rf=0 retry=20 interval=380
DBG_ANCHOR_CH5_SCAN_RESCHED ret=1 delay=20
DBG_ANCHOR_CH5_SCAN_HANDLER role=2
DBG_ANCHOR_CH9_REARM delay=0 ret=0 ack=0
DBG_ANCHOR_CH5_SCAN_BLOCKED win=0 survey=0 tx=1 retry_gap=1 wait=0 rx=0 rxq=0 rxr=0 ack=0 ch9=1 rf=0 retry=20 interval=380
DBG_ANCHOR_CH5_SCAN_RESCHED ret=1 delay=20
DBG_ANCHOR_CH5_SCAN_HANDLER role=2
DBG_ANCHOR_CH9_REARM delay=0 ret=0 ack=0
DBG_ANCHOR_CH5_SCAN_BLOCKED win=0 survey=0 tx=1 retry_gap=1 wait=0 rx=0 rxq=0 rxr=0 ack=0 ch9=1 rf=0 retry=20 interval=380
DBG_ANCHOR_CH5_SCAN_RESCHED ret=1 delay=20
DBG_ANCHOR_CH5_SCAN_HANDLER role=2
DBG_ANCHOR_CH9_REARM delay=0 ret=0 ack=0
DBG_ANCHOR_CH5_SCAN_BLOCKED win=0 survey=0 tx=1 retry_gap=1 wait=0 rx=0 rxq=0 rxr=0 ack=0 ch9=1 rf=0 retry=20 interval=380
DBG_ANCHOR_CH5_SCAN_RESCHED ret=1 delay=20
DBG_ANCHOR_CH5_SCAN_HANDLER role=2
DBG_ANCHOR_CH9_REARM delay=0 ret=0 ack=0
DBG_ANCHOR_CH5_SCAN_BLOCKED win=0 survey=0 tx=1 retry_gap=1 wait=0 rx=0 rxq=0 rxr=0 ack=0 ch9=1 rf=0 retry=20 interval=380
DBG_ANCHOR_CH5_SCAN_RESCHED ret=1 delay=20
DBG_ANCHOR_CH5_SCAN_HANDLER role=2
DBG_ANCHOR_CH9_REARM delay=0 ret=0 ack=0
DBG_ANCHOR_CH5_SCAN_BLOCKED win=0 survey=0 tx=1 retry_gap=1 wait=0 rx=0 rxq=0 rxr=0 ack=0 ch9=1 rf=0 retry=20 interval=380
DBG_ANCHOR_CH5_SCAN_RESCHED ret=1 delay=20
DBG_ANCHOR_CH5_SCAN_HANDLER role=2
DBG_ANCHOR_CH9_REARM delay=0 ret=0 ack=0
DBG_ANCHOR_CH5_SCAN_BLOCKED win=0 survey=0 tx=1 retry_gap=1 wait=0 rx=0 rxq=0 rxr=0 ack=0 ch9=1 rf=0 retry=20 interval=380
DBG_ANCHOR_CH5_SCAN_RESCHED ret=1 delay=20
DBG_ANCHOR_CH5_SCAN_HANDLER role=2
DBG_ANCHOR_CH9_REARM delay=0 ret=0 ack=0
DBG_ANCHOR_CH5_SCAN_BLOCKED win=0 survey=0 tx=1 retry_gap=1 wait=0 rx=0 rxq=0 rxr=0 ack=0 ch9=1 rf=0 retry=20 interval=380
DBG_ANCHOR_CH5_SCAN_RESCHED ret=1 delay=20
DBG_ANCHOR_CH5_SCAN_HANDLER role=2
DBG_ANCHOR_CH9_REARM delay=0 ret=0 ack=0
DBG_ANCHOR_CH5_SCAN_BLOCKED win=0 survey=0 tx=1 retry_gap=1 wait=0 rx=0 rxq=0 rxr=0 ack=0 ch9=1 rf=0 retry=20 interval=380
DBG_ANCHOR_CH5_SCAN_RESCHED ret=1 delay=20
DBG_ANCHOR_CH5_SCAN_HANDLER role=2
DBG_ANCHOR_CH9_REARM delay=0 ret=0 ack=0
DBG_ANCHOR_CH5_SCAN_BLOCKED win=0 survey=0 tx=1 retry_gap=1 wait=0 rx=0 rxq=0 rxr=0 ack=0 ch9=1 rf=0 retry=20 interval=380
DBG_ANCHOR_CH5_SCAN_RESCHED ret=1 delay=20
DBG_WAKE_TRAIN_GUARD_OK
DBG_ANCHOR_CH5_SCAN_HANDLER role=2
DBG_ANCHOR_CH5_SCAN_BLOCKED win=0 survey=0 tx=1 retry_gap=1 wait=0 rx=0 rxq=0 rxr=0 ack=0 ch9=0 rf=1 retry=20 interval=380
DBG_MESH_WAKE_POLITE_ACTIVITY phase=pre target=0x0 retry=2 ret=0 fail=3 reason=broadcast-forward
DBG_MESH_WAKE_POLITE_BACKOFF phase=pre target=0x0 retry=3/3 delay=1569 reason=broadcast-forward
DBG_ANCHOR_CH5_SCAN_RESCHED ret=1 delay=20
DBG_ANCHOR_CH5_SCAN_HANDLER role=2
DBG_ANCHOR_CH9_REARM delay=0 ret=0 ack=0
DBG_ANCHOR_CH5_SCAN_BLOCKED win=0 survey=0 tx=1 retry_gap=1 wait=0 rx=0 rxq=0 rxr=0 ack=0 ch9=1 rf=0 retry=20 interval=380
DBG_ANCHOR_CH5_SCAN_RESCHED ret=1 delay=20
DBG_ANCHOR_CH5_SCAN_HANDLER role=2
DBG_ANCHOR_CH9_REARM delay=0 ret=0 ack=0
DBG_ANCHOR_CH5_SCAN_BLOCKED win=0 survey=0 tx=1 retry_gap=1 wait=0 rx=0 rxq=0 rxr=0 ack=0 ch9=1 rf=0 retry=20 interval=380
DBG_ANCHOR_CH5_SCAN_RESCHED ret=1 delay=20
DBG_ANCHOR_CH5_SCAN_HANDLER role=2
DBG_ANCHOR_CH9_REARM delay=0 ret=0 ack=0
DBG_ANCHOR_CH5_SCAN_BLOCKED win=0 survey=0 tx=1 retry_gap=1 wait=0 rx=0 rxq=0 rxr=0 ack=0 ch9=1 rf=0 retry=20 interval=380
DBG_ANCHOR_CH5_SCAN_RESCHED ret=1 delay=20
DBG_ANCHOR_CH5_SCAN_HANDLER role=2
DBG_ANCHOR_CH9_REARM delay=0 ret=0 ack=0
DBG_ANCHOR_CH5_SCAN_BLOCKED win=0 survey=0 tx=1 retry_gap=1 wait=0 rx=0 rxq=0 rxr=0 ack=0 ch9=1 rf=0 retry=20 interval=380
DBG_ANCHOR_CH5_SCAN_RESCHED ret=1 delay=20
DBG_ANCHOR_CH5_SCAN_HANDLER role=2
DBG_ANCHOR_CH9_REARM delay=0 ret=0 ack=0
DBG_ANCHOR_CH5_SCAN_BLOCKED win=0 survey=0 tx=1 retry_gap=1 wait=0 rx=0 rxq=0 rxr=0 ack=0 ch9=1 rf=0 retry=20 interval=380
DBG_ANCHOR_CH5_SCAN_RESCHED ret=1 delay=20
DBG_ANCHOR_CH5_SCAN_HANDLER role=2
DBG_ANCHOR_CH9_REARM delay=0 ret=0 ack=0
DBG_ANCHOR_CH5_SCAN_BLOCKED win=0 survey=0 tx=1 retry_gap=1 wait=0 rx=0 rxq=0 rxr=0 ack=0 ch9=1 rf=0 retry=20 interval=380
DBG_ANCHOR_CH5_SCAN_RESCHED ret=1 delay=20
DBG_ANCHOR_CH5_SCAN_HANDLER role=2
DBG_ANCHOR_CH9_REARM delay=0 ret=0 ack=0
DBG_ANCHOR_CH5_SCAN_BLOCKED win=0 survey=0 tx=1 retry_gap=1 wait=0 rx=0 rxq=0 rxr=0 ack=0 ch9=1 rf=0 retry=20 interval=380
DBG_ANCHOR_CH5_SCAN_RESCHED ret=1 delay=20
DBG_ANCHOR_CH5_SCAN_HANDLER role=2
DBG_ANCHOR_CH9_REARM delay=0 ret=0 ack=0
DBG_ANCHOR_CH5_SCAN_BLOCKED win=0 survey=0 tx=1 retry_gap=1 wait=0 rx=0 rxq=0 rxr=0 ack=0 ch9=1 rf=0 retry=20 interval=380
DBG_ANCHOR_CH5_SCAN_RESCHED ret=1 delay=20
DBG_ANCHOR_CH5_SCAN_HANDLER role=2
DBG_ANCHOR_CH9_REARM delay=0 ret=0 ack=0
DBG_ANCHOR_CH5_SCAN_BLOCKED win=0 survey=0 tx=1 retry_gap=1 wait=0 rx=0 rxq=0 rxr=0 ack=0 ch9=1 rf=0 retry=20 interval=380
DBG_ANCHOR_CH5_SCAN_RESCHED ret=1 delay=20
DBG_ANCHOR_CH5_SCAN_HANDLER role=2
DBG_ANCHOR_CH9_REARM delay=0 ret=0 ack=0
DBG_ANCHOR_CH5_SCAN_BLOCKED win=0 survey=0 tx=1 retry_gap=1 wait=0 rx=0 rxq=0 rxr=0 ack=0 ch9=1 rf=0 retry=20 interval=380
DBG_ANCHOR_CH5_SCAN_RESCHED ret=1 delay=20
DBG_ANCHOR_CH5_SCAN_HANDLER role=2
DBG_ANCHOR_CH9_REARM delay=0 ret=0 ack=0
DBG_ANCHOR_CH5_SCAN_BLOCKED win=0 survey=0 tx=1 retry_gap=1 wait=0 rx=0 rxq=0 rxr=0 ack=0 ch9=1 rf=0 retry=20 interval=380
DBG_ANCHOR_CH5_SCAN_RESCHED ret=1 delay=20
DBG_ANCHOR_CH5_SCAN_HANDLER role=2
DBG_ANCHOR_CH9_REARM delay=0 ret=0 ack=0
DBG_ANCHOR_CH5_SCAN_BLOCKED win=0 survey=0 tx=1 retry_gap=1 wait=0 rx=0 rxq=0 rxr=0 ack=0 ch9=1 rf=0 retry=20 interval=380
DBG_ANCHOR_CH5_SCAN_RESCHED ret=1 delay=20
DBG_ANCHOR_CH5_SCAN_HANDLER role=2
DBG_ANCHOR_CH9_REARM delay=0 ret=0 ack=0
DBG_ANCHOR_CH5_SCAN_BLOCKED win=0 survey=0 tx=1 retry_gap=1 wait=0 rx=0 rxq=0 rxr=0 ack=0 ch9=1 rf=0 retry=20 interval=380
DBG_ANCHOR_CH5_SCAN_RESCHED ret=1 delay=20
DBG_ANCHOR_CH5_SCAN_HANDLER role=2
DBG_ANCHOR_CH9_REARM delay=0 ret=0 ack=0
DBG_ANCHOR_CH5_SCAN_BLOCKED win=0 survey=0 tx=1 retry_gap=1 wait=0 rx=0 rxq=0 rxr=0 ack=0 ch9=1 rf=0 retry=20 interval=380
DBG_ANCHOR_CH5_SCAN_RESCHED ret=1 delay=20
DBG_ANCHOR_CH5_SCAN_HANDLER role=2
DBG_ANCHOR_CH9_REARM delay=0 ret=0 ack=0
DBG_ANCHOR_CH5_SCAN_BLOCKED win=0 survey=0 tx=1 retry_gap=1 wait=0 rx=0 rxq=0 rxr=0 ack=0 ch9=1 rf=0 retry=20 interval=380
DBG_ANCHOR_CH5_SCAN_RESCHED ret=1 delay=20
DBG_ANCHOR_CH5_SCAN_HANDLER role=2
DBG_ANCHOR_CH9_REARM delay=0 ret=0 ack=0
DBG_ANCHOR_CH5_SCAN_BLOCKED win=0 survey=0 tx=1 retry_gap=1 wait=0 rx=0 rxq=0 rxr=0 ack=0 ch9=1 rf=0 retry=20 interval=380
DBG_ANCHOR_CH5_SCAN_RESCHED ret=1 delay=20
DBG_ANCHOR_CH5_SCAN_HANDLER role=2
DBG_ANCHOR_CH9_REARM delay=0 ret=0 ack=0
DBG_ANCHOR_CH5_SCAN_BLOCKED win=0 survey=0 tx=1 retry_gap=1 wait=0 rx=0 rxq=0 rxr=0 ack=0 ch9=1 rf=0 retry=20 interval=380
DBG_ANCHOR_CH5_SCAN_RESCHED ret=1 delay=20
DBG_ANCHOR_CH5_SCAN_HANDLER role=2
DBG_ANCHOR_CH9_REARM delay=0 ret=0 ack=0
DBG_ANCHOR_CH5_SCAN_BLOCKED win=0 survey=0 tx=1 retry_gap=1 wait=0 rx=0 rxq=0 rxr=0 ack=0 ch9=1 rf=0 retry=20 interval=380
DBG_ANCHOR_CH5_SCAN_RESCHED ret=1 delay=20
DBG_ANCHOR_CH5_SCAN_HANDLER role=2
DBG_ANCHOR_CH9_REARM delay=0 ret=0 ack=0
DBG_ANCHOR_CH5_SCAN_BLOCKED win=0 survey=0 tx=1 retry_gap=1 wait=0 rx=0 rxq=0 rxr=0 ack=0 ch9=1 rf=0 retry=20 interval=380
DBG_ANCHOR_CH5_SCAN_RESCHED ret=1 delay=20
DBG_ANCHOR_CH5_SCAN_HANDLER role=2
DBG_ANCHOR_CH9_REARM delay=0 ret=0 ack=0
DBG_ANCHOR_CH5_SCAN_BLOCKED win=0 survey=0 tx=1 retry_gap=1 wait=0 rx=0 rxq=0 rxr=0 ack=0 ch9=1 rf=0 retry=20 interval=380
DBG_ANCHOR_CH5_SCAN_RESCHED ret=1 delay=20
DBG_ANCHOR_CH5_SCAN_HANDLER role=2
DBG_ANCHOR_CH9_REARM delay=0 ret=0 ack=0
DBG_ANCHOR_CH5_SCAN_BLOCKED win=0 survey=0 tx=1 retry_gap=1 wait=0 rx=0 rxq=0 rxr=0 ack=0 ch9=1 rf=0 retry=20 interval=380
DBG_ANCHOR_CH5_SCAN_RESCHED ret=1 delay=20
DBG_ANCHOR_CH5_SCAN_HANDLER role=2
DBG_ANCHOR_CH9_REARM delay=0 ret=0 ack=0
DBG_ANCHOR_CH5_SCAN_BLOCKED win=0 survey=0 tx=1 retry_gap=1 wait=0 rx=0 rxq=0 rxr=0 ack=0 ch9=1 rf=0 retry=20 interval=380
DBG_ANCHOR_CH5_SCAN_RESCHED ret=1 delay=20
DBG_ANCHOR_CH5_SCAN_HANDLER role=2
DBG_ANCHOR_CH9_REARM delay=0 ret=0 ack=0
DBG_ANCHOR_CH5_SCAN_BLOCKED win=0 survey=0 tx=1 retry_gap=1 wait=0 rx=0 rxq=0 rxr=0 ack=0 ch9=1 rf=0 retry=20 interval=380
DBG_ANCHOR_CH5_SCAN_RESCHED ret=1 delay=20
DBG_ANCHOR_CH5_SCAN_HANDLER role=2
DBG_ANCHOR_CH9_REARM delay=0 ret=0 ack=0
DBG_ANCHOR_CH5_SCAN_BLOCKED win=0 survey=0 tx=1 retry_gap=1 wait=0 rx=0 rxq=0 rxr=0 ack=0 ch9=1 rf=0 retry=20 interval=380
DBG_ANCHOR_CH5_SCAN_RESCHED ret=1 delay=20
DBG_ANCHOR_CH5_SCAN_HANDLER role=2
DBG_ANCHOR_CH9_REARM delay=0 ret=0 ack=0
DBG_ANCHOR_CH5_SCAN_BLOCKED win=0 survey=0 tx=1 retry_gap=1 wait=0 rx=0 rxq=0 rxr=0 ack=0 ch9=1 rf=0 retry=20 interval=380
DBG_ANCHOR_CH5_SCAN_RESCHED ret=1 delay=20
DBG_ANCHOR_CH5_SCAN_HANDLER role=2
DBG_ANCHOR_CH9_REARM delay=0 ret=0 ack=0
DBG_ANCHOR_CH5_SCAN_BLOCKED win=0 survey=0 tx=1 retry_gap=1 wait=0 rx=0 rxq=0 rxr=0 ack=0 ch9=1 rf=0 retry=20 interval=380
DBG_ANCHOR_CH5_SCAN_RESCHED ret=1 delay=20
DBG_ANCHOR_CH5_SCAN_HANDLER role=2
DBG_ANCHOR_CH9_REARM delay=0 ret=0 ack=0
DBG_ANCHOR_CH5_SCAN_BLOCKED win=0 survey=0 tx=1 retry_gap=1 wait=0 rx=0 rxq=0 rxr=0 ack=0 ch9=1 rf=0 retry=20 interval=380
DBG_ANCHOR_CH5_SCAN_RESCHED ret=1 delay=20
DBG_ANCHOR_CH5_SCAN_HANDLER role=2
DBG_ANCHOR_CH9_REARM delay=0 ret=0 ack=0
DBG_ANCHOR_CH5_SCAN_BLOCKED win=0 survey=0 tx=1 retry_gap=1 wait=0 rx=0 rxq=0 rxr=0 ack=0 ch9=1 rf=0 retry=20 interval=380
DBG_ANCHOR_CH5_SCAN_RESCHED ret=1 delay=20
DBG_ANCHOR_CH5_SCAN_HANDLER role=2
DBG_ANCHOR_CH9_REARM delay=0 ret=0 ack=0
DBG_ANCHOR_CH5_SCAN_BLOCKED win=0 survey=0 tx=1 retry_gap=1 wait=0 rx=0 rxq=0 rxr=0 ack=0 ch9=1 rf=0 retry=20 interval=380
DBG_ANCHOR_CH5_SCAN_RESCHED ret=1 delay=20
DBG_ANCHOR_CH5_SCAN_HANDLER role=2
DBG_ANCHOR_CH9_REARM delay=0 ret=0 ack=0
DBG_ANCHOR_CH5_SCAN_BLOCKED win=0 survey=0 tx=1 retry_gap=1 wait=0 rx=0 rxq=0 rxr=0 ack=0 ch9=1 rf=0 retry=20 interval=380
DBG_ANCHOR_CH5_SCAN_RESCHED ret=1 delay=20
DBG_ANCHOR_CH5_SCAN_HANDLER role=2
DBG_ANCHOR_CH9_REARM delay=0 ret=0 ack=0
DBG_ANCHOR_CH5_SCAN_BLOCKED win=0 survey=0 tx=1 retry_gap=1 wait=0 rx=0 rxq=0 rxr=0 ack=0 ch9=1 rf=0 retry=20 interval=380
DBG_ANCHOR_CH5_SCAN_RESCHED ret=1 delay=20
DBG_ANCHOR_CH5_SCAN_HANDLER role=2
DBG_ANCHOR_CH9_REARM delay=0 ret=0 ack=0
DBG_ANCHOR_CH5_SCAN_BLOCKED win=0 survey=0 tx=1 retry_gap=1 wait=0 rx=0 rxq=0 rxr=0 ack=0 ch9=1 rf=0 retry=20 interval=380
DBG_ANCHOR_CH5_SCAN_RESCHED ret=1 delay=20
DBG_ANCHOR_CH5_SCAN_HANDLER role=2
DBG_ANCHOR_CH9_REARM delay=0 ret=0 ack=0
DBG_ANCHOR_CH5_SCAN_BLOCKED win=0 survey=0 tx=1 retry_gap=1 wait=0 rx=0 rxq=0 rxr=0 ack=0 ch9=1 rf=0 retry=20 interval=380
DBG_ANCHOR_CH5_SCAN_RESCHED ret=1 delay=20
DBG_ANCHOR_CH5_SCAN_HANDLER role=2
DBG_ANCHOR_CH9_REARM delay=0 ret=0 ack=0
DBG_ANCHOR_CH5_SCAN_BLOCKED win=0 survey=0 tx=1 retry_gap=1 wait=0 rx=0 rxq=0 rxr=0 ack=0 ch9=1 rf=0 retry=20 interval=380
DBG_ANCHOR_CH5_SCAN_RESCHED ret=1 delay=20
DBG_ANCHOR_CH5_SCAN_HANDLER role=2
DBG_ANCHOR_CH9_REARM delay=0 ret=0 ack=0
DBG_ANCHOR_CH5_SCAN_BLOCKED win=0 survey=0 tx=1 retry_gap=1 wait=0 rx=0 rxq=0 rxr=0 ack=0 ch9=1 rf=0 retry=20 interval=380
DBG_ANCHOR_CH5_SCAN_RESCHED ret=1 delay=20
DBG_ANCHOR_CH5_SCAN_HANDLER role=2
DBG_ANCHOR_CH9_REARM delay=0 ret=0 ack=0
DBG_ANCHOR_CH5_SCAN_BLOCKED win=0 survey=0 tx=1 retry_gap=1 wait=0 rx=0 rxq=0 rxr=0 ack=0 ch9=1 rf=0 retry=20 interval=380
DBG_ANCHOR_CH5_SCAN_RESCHED ret=1 delay=20
DBG_ANCHOR_CH5_SCAN_HANDLER role=2
DBG_ANCHOR_CH9_REARM delay=0 ret=0 ack=0
DBG_ANCHOR_CH5_SCAN_BLOCKED win=0 survey=0 tx=1 retry_gap=1 wait=0 rx=0 rxq=0 rxr=0 ack=0 ch9=1 rf=0 retry=20 interval=380
DBG_ANCHOR_CH5_SCAN_RESCHED ret=1 delay=20
DBG_ANCHOR_CH5_SCAN_HANDLER role=2
DBG_ANCHOR_CH9_REARM delay=0 ret=0 ack=0
DBG_ANCHOR_CH5_SCAN_BLOCKED win=0 survey=0 tx=1 retry_gap=1 wait=0 rx=0 rxq=0 rxr=0 ack=0 ch9=1 rf=0 retry=20 interval=380
DBG_ANCHOR_CH5_SCAN_RESCHED ret=1 delay=20
DBG_ANCHOR_CH5_SCAN_HANDLER role=2
DBG_ANCHOR_CH9_REARM delay=0 ret=0 ack=0
DBG_ANCHOR_CH5_SCAN_BLOCKED win=0 survey=0 tx=1 retry_gap=1 wait=0 rx=0 rxq=0 rxr=0 ack=0 ch9=1 rf=0 retry=20 interval=380
DBG_ANCHOR_CH5_SCAN_RESCHED ret=1 delay=20
DBG_ANCHOR_CH5_SCAN_HANDLER role=2
DBG_ANCHOR_CH9_REARM delay=0 ret=0 ack=0
DBG_ANCHOR_CH5_SCAN_BLOCKED win=0 survey=0 tx=1 retry_gap=1 wait=0 rx=0 rxq=0 rxr=0 ack=0 ch9=1 rf=0 retry=20 interval=380
DBG_ANCHOR_CH5_SCAN_RESCHED ret=1 delay=20
DBG_ANCHOR_CH5_SCAN_HANDLER role=2
DBG_ANCHOR_CH9_REARM delay=0 ret=0 ack=0
DBG_ANCHOR_CH5_SCAN_BLOCKED win=0 survey=0 tx=1 retry_gap=1 wait=0 rx=0 rxq=0 rxr=0 ack=0 ch9=1 rf=0 retry=20 interval=380
DBG_ANCHOR_CH5_SCAN_RESCHED ret=1 delay=20
DBG_ANCHOR_CH5_SCAN_HANDLER role=2
DBG_ANCHOR_CH9_REARM delay=0 ret=0 ack=0
DBG_ANCHOR_CH5_SCAN_BLOCKED win=0 survey=0 tx=1 retry_gap=1 wait=0 rx=0 rxq=0 rxr=0 ack=0 ch9=1 rf=0 retry=20 interval=380
DBG_ANCHOR_CH5_SCAN_RESCHED ret=1 delay=20
DBG_ANCHOR_CH5_SCAN_HANDLER role=2
DBG_ANCHOR_CH9_REARM delay=0 ret=0 ack=0
DBG_ANCHOR_CH5_SCAN_BLOCKED win=0 survey=0 tx=1 retry_gap=1 wait=0 rx=0 rxq=0 rxr=0 ack=0 ch9=1 rf=0 retry=20 interval=380
DBG_ANCHOR_CH5_SCAN_RESCHED ret=1 delay=20
DBG_ANCHOR_CH5_SCAN_HANDLER role=2
DBG_ANCHOR_CH9_REARM delay=0 ret=0 ack=0
DBG_ANCHOR_CH5_SCAN_BLOCKED win=0 survey=0 tx=1 retry_gap=1 wait=0 rx=0 rxq=0 rxr=0 ack=0 ch9=1 rf=0 retry=20 interval=380
DBG_ANCHOR_CH5_SCAN_RESCHED ret=1 delay=20
DBG_ANCHOR_CH5_SCAN_HANDLER role=2
DBG_ANCHOR_CH9_REARM delay=0 ret=0 ack=0
DBG_ANCHOR_CH5_SCAN_BLOCKED win=0 survey=0 tx=1 retry_gap=1 wait=0 rx=0 rxq=0 rxr=0 ack=0 ch9=1 rf=0 retry=20 interval=380
DBG_ANCHOR_CH5_SCAN_RESCHED ret=1 delay=20
DBG_ANCHOR_CH5_SCAN_HANDLER role=2
DBG_ANCHOR_CH9_REARM delay=0 ret=0 ack=0
DBG_ANCHOR_CH5_SCAN_BLOCKED win=0 survey=0 tx=1 retry_gap=1 wait=0 rx=0 rxq=0 rxr=0 ack=0 ch9=1 rf=0 retry=20 interval=380
DBG_ANCHOR_CH5_SCAN_RESCHED ret=1 delay=20
DBG_ANCHOR_CH5_SCAN_HANDLER role=2
DBG_ANCHOR_CH9_REARM delay=0 ret=0 ack=0
DBG_ANCHOR_CH5_SCAN_BLOCKED win=0 survey=0 tx=1 retry_gap=1 wait=0 rx=0 rxq=0 rxr=0 ack=0 ch9=1 rf=0 retry=20 interval=380
DBG_ANCHOR_CH5_SCAN_RESCHED ret=1 delay=20
DBG_ANCHOR_CH5_SCAN_HANDLER role=2
DBG_ANCHOR_CH9_REARM delay=0 ret=0 ack=0
DBG_ANCHOR_CH5_SCAN_BLOCKED win=0 survey=0 tx=1 retry_gap=1 wait=0 rx=0 rxq=0 rxr=0 ack=0 ch9=1 rf=0 retry=20 interval=380
DBG_ANCHOR_CH5_SCAN_RESCHED ret=1 delay=20
DBG_ANCHOR_CH5_SCAN_HANDLER role=2
DBG_ANCHOR_CH9_REARM delay=0 ret=0 ack=0
DBG_ANCHOR_CH5_SCAN_BLOCKED win=0 survey=0 tx=1 retry_gap=1 wait=0 rx=0 rxq=0 rxr=0 ack=0 ch9=1 rf=0 retry=20 interval=380
DBG_ANCHOR_CH5_SCAN_RESCHED ret=1 delay=20
DBG_ANCHOR_CH5_SCAN_HANDLER role=2
DBG_ANCHOR_CH9_REARM delay=0 ret=0 ack=0
DBG_ANCHOR_CH5_SCAN_BLOCKED win=0 survey=0 tx=1 retry_gap=1 wait=0 rx=0 rxq=0 rxr=0 ack=0 ch9=1 rf=0 retry=20 interval=380
DBG_ANCHOR_CH5_SCAN_RESCHED ret=1 delay=20
DBG_ANCHOR_CH5_SCAN_HANDLER role=2
DBG_ANCHOR_CH9_REARM delay=0 ret=0 ack=0
DBG_ANCHOR_CH5_SCAN_BLOCKED win=0 survey=0 tx=1 retry_gap=1 wait=0 rx=0 rxq=0 rxr=0 ack=0 ch9=1 rf=0 retry=20 interval=380
DBG_ANCHOR_CH5_SCAN_RESCHED ret=1 delay=20
DBG_ANCHOR_CH5_SCAN_HANDLER role=2
DBG_ANCHOR_CH9_REARM delay=0 ret=0 ack=0
DBG_ANCHOR_CH5_SCAN_BLOCKED win=0 survey=0 tx=1 retry_gap=1 wait=0 rx=0 rxq=0 rxr=0 ack=0 ch9=1 rf=0 retry=20 interval=380
DBG_ANCHOR_CH5_SCAN_RESCHED ret=1 delay=20
DBG_ANCHOR_CH5_SCAN_HANDLER role=2
DBG_ANCHOR_CH9_REARM delay=0 ret=0 ack=0
DBG_ANCHOR_CH5_SCAN_BLOCKED win=0 survey=0 tx=1 retry_gap=1 wait=0 rx=0 rxq=0 rxr=0 ack=0 ch9=1 rf=0 retry=20 interval=380
DBG_ANCHOR_CH5_SCAN_RESCHED ret=1 delay=20
DBG_ANCHOR_CH5_SCAN_HANDLER role=2
DBG_ANCHOR_CH9_REARM delay=0 ret=0 ack=0
DBG_ANCHOR_CH5_SCAN_BLOCKED win=0 survey=0 tx=1 retry_gap=1 wait=0 rx=0 rxq=0 rxr=0 ack=0 ch9=1 rf=0 retry=20 interval=380
DBG_ANCHOR_CH5_SCAN_RESCHED ret=1 delay=20
DBG_ANCHOR_CH5_SCAN_HANDLER role=2
DBG_ANCHOR_CH9_REARM delay=0 ret=0 ack=0
DBG_ANCHOR_CH5_SCAN_BLOCKED win=0 survey=0 tx=1 retry_gap=1 wait=0 rx=0 rxq=0 rxr=0 ack=0 ch9=1 rf=0 retry=20 interval=380
DBG_ANCHOR_CH5_SCAN_RESCHED ret=1 delay=20
DBG_ANCHOR_CH5_SCAN_HANDLER role=2
DBG_ANCHOR_CH9_REARM delay=0 ret=0 ack=0
DBG_ANCHOR_CH5_SCAN_BLOCKED win=0 survey=0 tx=1 retry_gap=1 wait=0 rx=0 rxq=0 rxr=0 ack=0 ch9=1 rf=0 retry=20 interval=380
DBG_ANCHOR_CH5_SCAN_RESCHED ret=1 delay=20
DBG_ANCHOR_CH5_SCAN_HANDLER role=2
DBG_ANCHOR_CH9_REARM delay=0 ret=0 ack=0
DBG_ANCHOR_CH5_SCAN_BLOCKED win=0 survey=0 tx=1 retry_gap=1 wait=0 rx=0 rxq=0 rxr=0 ack=0 ch9=1 rf=0 retry=20 interval=380
DBG_ANCHOR_CH5_SCAN_RESCHED ret=1 delay=20
DBG_ANCHOR_CH5_SCAN_HANDLER role=2
DBG_ANCHOR_CH9_REARM delay=0 ret=0 ack=0
DBG_ANCHOR_CH5_SCAN_BLOCKED win=0 survey=0 tx=1 retry_gap=1 wait=0 rx=0 rxq=0 rxr=0 ack=0 ch9=1 rf=0 retry=20 interval=380
DBG_ANCHOR_CH5_SCAN_RESCHED ret=1 delay=20
DBG_ANCHOR_CH5_SCAN_HANDLER role=2
DBG_ANCHOR_CH9_REARM delay=0 ret=0 ack=0
DBG_ANCHOR_CH5_SCAN_BLOCKED win=0 survey=0 tx=1 retry_gap=1 wait=0 rx=0 rxq=0 rxr=0 ack=0 ch9=1 rf=0 retry=20 interval=380
DBG_ANCHOR_CH5_SCAN_RESCHED ret=1 delay=20
DBG_ANCHOR_CH5_SCAN_HANDLER role=2
DBG_ANCHOR_CH9_REARM delay=0 ret=0 ack=0
DBG_ANCHOR_CH5_SCAN_BLOCKED win=0 survey=0 tx=1 retry_gap=1 wait=0 rx=0 rxq=0 rxr=0 ack=0 ch9=1 rf=0 retry=20 interval=380
DBG_ANCHOR_CH5_SCAN_RESCHED ret=1 delay=20
DBG_ANCHOR_CH5_SCAN_HANDLER role=2
DBG_ANCHOR_CH9_REARM delay=0 ret=0 ack=0
DBG_ANCHOR_CH5_SCAN_BLOCKED win=0 survey=0 tx=1 retry_gap=1 wait=0 rx=0 rxq=0 rxr=0 ack=0 ch9=1 rf=0 retry=20 interval=380
DBG_ANCHOR_CH5_SCAN_RESCHED ret=1 delay=20
DBG_ANCHOR_CH5_SCAN_HANDLER role=2
DBG_ANCHOR_CH9_REARM delay=0 ret=0 ack=0
DBG_ANCHOR_CH5_SCAN_BLOCKED win=0 survey=0 tx=1 retry_gap=1 wait=0 rx=0 rxq=0 rxr=0 ack=0 ch9=1 rf=0 retry=20 interval=380
DBG_ANCHOR_CH5_SCAN_RESCHED ret=1 delay=20
DBG_ANCHOR_CH5_SCAN_HANDLER role=2
DBG_ANCHOR_CH9_REARM delay=0 ret=0 ack=0
DBG_ANCHOR_CH5_SCAN_BLOCKED win=0 survey=0 tx=1 retry_gap=1 wait=0 rx=0 rxq=0 rxr=0 ack=0 ch9=1 rf=0 retry=20 interval=380
DBG_ANCHOR_CH5_SCAN_RESCHED ret=1 delay=20
DBG_ANCHOR_CH5_SCAN_HANDLER role=2
DBG_ANCHOR_CH9_REARM delay=0 ret=0 ack=0
DBG_ANCHOR_CH5_SCAN_BLOCKED win=0 survey=0 tx=1 retry_gap=1 wait=0 rx=0 rxq=0 rxr=0 ack=0 ch9=1 rf=0 retry=20 interval=380
DBG_ANCHOR_CH5_SCAN_RESCHED ret=1 delay=20
DBG_ANCHOR_CH5_SCAN_HANDLER role=2
DBG_ANCHOR_CH9_REARM delay=0 ret=0 ack=0
DBG_ANCHOR_CH5_SCAN_BLOCKED win=0 survey=0 tx=1 retry_gap=1 wait=0 rx=0 rxq=0 rxr=0 ack=0 ch9=1 rf=0 retry=20 interval=380
DBG_ANCHOR_CH5_SCAN_RESCHED ret=1 delay=20
DBG_ANCHOR_CH5_SCAN_HANDLER role=2
DBG_ANCHOR_CH9_REARM delay=0 ret=0 ack=0
DBG_ANCHOR_CH5_SCAN_BLOCKED win=0 survey=0 tx=1 retry_gap=1 wait=0 rx=0 rxq=0 rxr=0 ack=0 ch9=1 rf=0 retry=20 interval=380
DBG_ANCHOR_CH5_SCAN_RESCHED ret=1 delay=20
DBG_ANCHOR_CH5_SCAN_HANDLER role=2
DBG_ANCHOR_CH9_REARM delay=0 ret=0 ack=0
DBG_ANCHOR_CH5_SCAN_BLOCKED win=0 survey=0 tx=1 retry_gap=1 wait=0 rx=0 rxq=0 rxr=0 ack=0 ch9=1 rf=0 retry=20 interval=380
DBG_ANCHOR_CH5_SCAN_RESCHED ret=1 delay=20
DBG_ANCHOR_CH5_SCAN_HANDLER role=2
DBG_ANCHOR_CH9_REARM delay=0 ret=0 ack=0
DBG_ANCHOR_CH5_SCAN_BLOCKED win=0 survey=0 tx=1 retry_gap=1 wait=0 rx=0 rxq=0 rxr=0 ack=0 ch9=1 rf=0 retry=20 interval=380
DBG_ANCHOR_CH5_SCAN_RESCHED ret=1 delay=20
DBG_ANCHOR_CH5_SCAN_HANDLER role=2
DBG_ANCHOR_CH9_REARM delay=0 ret=0 ack=0
DBG_ANCHOR_CH5_SCAN_BLOCKED win=0 survey=0 tx=1 retry_gap=1 wait=0 rx=0 rxq=0 rxr=0 ack=0 ch9=1 rf=0 retry=20 interval=380
DBG_ANCHOR_CH5_SCAN_RESCHED ret=1 delay=20
DBG_ANCHOR_CH5_SCAN_HANDLER role=2
DBG_ANCHOR_CH9_REARM delay=0 ret=0 ack=0
DBG_ANCHOR_CH5_SCAN_BLOCKED win=0 survey=0 tx=1 retry_gap=1 wait=0 rx=0 rxq=0 rxr=0 ack=0 ch9=1 rf=0 retry=20 interval=380
DBG_ANCHOR_CH5_SCAN_RESCHED ret=1 delay=20
DBG_ANCHOR_CH5_SCAN_HANDLER role=2
DBG_ANCHOR_CH9_REARM delay=0 ret=0 ack=0
DBG_ANCHOR_CH5_SCAN_BLOCKED win=0 survey=0 tx=1 retry_gap=1 wait=0 rx=0 rxq=0 rxr=0 ack=0 ch9=1 rf=0 retry=20 interval=380
DBG_ANCHOR_CH5_SCAN_RESCHED ret=1 delay=20
DBG_ANCHOR_CH5_SCAN_HANDLER role=2
DBG_ANCHOR_CH9_REARM delay=0 ret=0 ack=0
DBG_ANCHOR_CH5_SCAN_BLOCKED win=0 survey=0 tx=1 retry_gap=1 wait=0 rx=0 rxq=0 rxr=0 ack=0 ch9=1 rf=0 retry=20 interval=380
DBG_ANCHOR_CH5_SCAN_RESCHED ret=1 delay=20
DBG_ANCHOR_CH5_SCAN_HANDLER role=2
DBG_ANCHOR_CH9_REARM delay=0 ret=0 ack=0
DBG_ANCHOR_CH5_SCAN_BLOCKED win=0 survey=0 tx=1 retry_gap=1 wait=0 rx=0 rxq=0 rxr=0 ack=0 ch9=1 rf=0 retry=20 interval=380
DBG_ANCHOR_CH5_SCAN_RESCHED ret=1 delay=20
DBG_ANCHOR_CH5_SCAN_HANDLER role=2
DBG_ANCHOR_CH9_REARM delay=0 ret=0 ack=0
DBG_ANCHOR_CH5_SCAN_BLOCKED win=0 survey=0 tx=1 retry_gap=1 wait=0 rx=0 rxq=0 rxr=0 ack=0 ch9=1 rf=0 retry=20 interval=380
DBG_ANCHOR_CH5_SCAN_RESCHED ret=1 delay=20
DBG_ANCHOR_CH5_SCAN_HANDLER role=2
DBG_ANCHOR_CH9_REARM delay=0 ret=0 ack=0
DBG_ANCHOR_CH5_SCAN_BLOCKED win=0 survey=0 tx=1 retry_gap=1 wait=0 rx=0 rxq=0 rxr=0 ack=0 ch9=1 rf=0 retry=20 interval=380
DBG_ANCHOR_CH5_SCAN_RESCHED ret=1 delay=20
DBG_ANCHOR_CH5_SCAN_HANDLER role=2
DBG_ANCHOR_CH9_REARM delay=0 ret=0 ack=0
DBG_ANCHOR_CH5_SCAN_BLOCKED win=0 survey=0 tx=1 retry_gap=1 wait=0 rx=0 rxq=0 rxr=0 ack=0 ch9=1 rf=0 retry=20 interval=380
DBG_ANCHOR_CH5_SCAN_RESCHED ret=1 delay=20
DBG_WAKE_TRAIN_GUARD_OK
DBG_ANCHOR_CH5_SCAN_HANDLER role=2
DBG_ANCHOR_CH5_SCAN_BLOCKED win=0 survey=0 tx=1 retry_gap=1 wait=0 rx=0 rxq=0 rxr=0 ack=0 ch9=0 rf=1 retry=20 interval=380
DBG_ANCHOR_CH5_SCAN_RESCHED ret=1 delay=20
DBG_MESH_WAKE_POLITE_ACTIVITY phase=pre target=0x0 retry=3 ret=0 fail=3 reason=broadcast-forward
DBG_DISCOVERY_SLOT_RESPONSE_SCHEDULED phase=3 epoch=16777219 delay=147 slot=0 lane=0/3 hop=1 hash=0xfbc0680ae0b03045
DBG_DISCOVERY_SLOT_ASSIGNED state=ACK_PENDING epoch=16777219 slot=0 slot_count=50 lane=0/3 anchors=3 hash=0xfbc0680ae0b03045
DBG_MESH_RX_DRAIN_EXIT owner=work handled=1 q=0
DBG_MESH_RX_WORK_EXIT handled=1 q=0
DBG_TX_TIMEOUT_ENTER relay=1 route=0 ch9pend=0 bundle=0 now=166377
DBG_RETRANSMIT_DIRECT_GW seq=1 now=166378
DBG_ANCHOR_CH5_SCAN_HANDLER role=2
DBG_ANCHOR_CH5_SCAN_BLOCKED win=0 survey=0 tx=1 retry_gap=0 wait=0 rx=0 rxq=0 rxr=0 ack=1 ch9=0 rf=1 retry=20 interval=380
DBG_ANCHOR_CH5_SCAN_RESCHED ret=1 delay=20
DBG_DIRECT_GW_TX_CONFIG ret=0 now=166401 seq=1
DBG_CH9_TX_SEND_AT now=166401 earliest=166377 msg=33 len=105
DBG_ANCHOR_CH5_SCAN_HANDLER role=2
DBG_ANCHOR_CH5_SCAN_BLOCKED win=0 survey=0 tx=1 retry_gap=0 wait=0 rx=0 rxq=0 rxr=0 ack=1 ch9=0 rf=1 retry=20 interval=380
DBG_ANCHOR_CH5_SCAN_RESCHED ret=1 delay=20
DBG_CH9_TX_DONE now=166405 dur=4 len=105 msg=33
DBG_UWB_TX_CH9
DBG_CH9_TX_SINGLE_SEND_OK
DBG_CH9_EVENT_STATE state=complete peer=0x9999888877776666 start=166378 end=166628 reason=retransmit-direct-gateway
DBG_CH9_TX_ACK_CORE_OWNER src=0x708bc0aab970300e seq=1 next=0x9999888877776666 deadline=168405
DBG_DIRECT_GW_TX_ACK_TRANSIT_WAIT dst=0x9999888877776666 src=0x708bc0aab970300e seq=1
DBG_ANCHOR_CH5_SCAN_HANDLER role=2
DBG_ANCHOR_CH5_SCAN_BLOCKED win=0 survey=0 tx=1 retry_gap=0 wait=0 rx=0 rxq=0 rxr=0 ack=1 ch9=0 rf=1 retry=20 interval=380
DBG_ANCHOR_CH5_SCAN_RESCHED ret=1 delay=20
DBG_UWB_RX_CH9
DBG_MESH_RX_QUEUED ch=9 msg=0x32 src=0x9999888877776666 dst=0x708bc0aab970300e prev=0x9999888877776666 seq=18 q=1
DBG_GATEWAY_ACK_RX
DBG_DIRECT_GW_ACK_TRANSIT queued=1 valid=1 dst=0x708bc0aab970300e seq=18
DBG_DIRECT_GW_TX_ACK_WAIT ret=0 seq=1
DBG_DWM_KEEP_IDLE reason=direct-gateway-payload ch9=1 ack=0 qack=0 ret=0
DBG_MESH_RX_WORK_WAIT q=1
DBG_MESH_RX_WORK_ENTER q=1
DBG_MESH_RX_DRAIN_ENTER owner=work q=1
DBG_CH9_TX_ACK_IDLE
DBG_LEGACY_ACK_NO_MATCH
DBG_FORWARD_GATEWAY_ACK_CAND ch=9 src=0x9999888877776666 dst=0x708bc0aab970300e next=0x708bc0aab970300e local=0x191a9619c6c8cb
DBG_FORWARD_GATEWAY_ACK_MATCH
DBG_FORWARD_GATEWAY_ACK_QUEUE seq=18 next=0x708bc0aab970300e len=44 ids=0 first=0 last=0 owner=transit ret=0 reason=forward-ga
DBG_CH9_SKIP_STALE n=13 now=166430 next=166761 cnt=3173226851 reason=rx-delay
DBG_CH9_ACK_TX_WAIT
DBG_ANCHOR_CH5_SCAN_HANDLER role=2
DBG_ANCHOR_CH5_SCAN_BLOCKED win=0 survey=0 tx=1 retry_gap=0 wait=0 rx=0 rxq=0 rxr=0 ack=1 ch9=0 rf=1 retry=20 interval=380
DBG_ANCHOR_CH5_SCAN_RESCHED ret=1 delay=20
DBG_UWB_RX_CH5
DBG_CH5_GAP_SCAN_DONE frames=0 last_error=0 now=166454 deadline=166532 click=1
DBG_UWB_RX_CH5
DBG_DWM_KEEP_IDLE reason=mesh-rx ch9=1 ack=0 qack=1 ret=0
DBG_ANCHOR_DOWNSTREAM_CONTROL_WAKE_IGNORED src=0x708bc0aab970300e evt=168057
DBG_CH9_ACK_TX_WAIT
DBG_CH9_ACK_WAIT peer=0x708bc0aab970300e ret=-10 act=2 now=166455 start=166761 n=1
DBG_CH5_GAP_SCAN now=166456 win=100 next_delay=245
DBG_ANCHOR_CH5_SCAN_HANDLER role=2
DBG_ANCHOR_CH5_SCAN_BLOCKED win=0 survey=0 tx=1 retry_gap=0 wait=0 rx=0 rxq=0 rxr=0 ack=1 ch9=0 rf=1 retry=20 interval=380
DBG_ANCHOR_CH5_SCAN_RESCHED ret=1 delay=20
DBG_UWB_RX_CH5
DBG_CH5_GAP_SCAN_DONE frames=0 last_error=0 now=166477 deadline=166556 click=1
DBG_UWB_RX_CH5
DBG_DWM_KEEP_IDLE reason=mesh-rx ch9=1 ack=0 qack=1 ret=0
DBG_ANCHOR_DOWNSTREAM_CONTROL_WAKE_IGNORED src=0x708bc0aab970300e evt=168057
DBG_CH9_ACK_TX_WAIT
DBG_CH9_ACK_WAIT peer=0x708bc0aab970300e ret=-10 act=2 now=166478 start=166761 n=1
DBG_CH5_GAP_SCAN now=166479 win=100 next_delay=222
DBG_ANCHOR_CH5_SCAN_HANDLER role=2
DBG_ANCHOR_CH5_SCAN_BLOCKED win=0 survey=0 tx=1 retry_gap=0 wait=0 rx=0 rxq=0 rxr=0 ack=1 ch9=0 rf=1 retry=20 interval=380
DBG_ANCHOR_CH5_SCAN_RESCHED ret=1 delay=20
DBG_UWB_RX_CH5
DBG_CH5_GAP_SCAN_DONE frames=0 last_error=0 now=166500 deadline=166579 click=1
DBG_UWB_RX_CH5
DBG_DWM_KEEP_IDLE reason=mesh-rx ch9=1 ack=0 qack=1 ret=0
DBG_ANCHOR_DOWNSTREAM_CONTROL_WAKE_IGNORED src=0x708bc0aab970300e evt=168057
DBG_CH9_ACK_TX_WAIT
DBG_CH9_ACK_WAIT peer=0x708bc0aab970300e ret=-10 act=2 now=166502 start=166761 n=1
DBG_CH5_GAP_SCAN now=166502 win=100 next_delay=199
DBG_ANCHOR_CH5_SCAN_HANDLER role=2
DBG_ANCHOR_CH5_SCAN_BLOCKED win=0 survey=0 tx=1 retry_gap=0 wait=0 rx=0 rxq=0 rxr=0 ack=1 ch9=0 rf=1 retry=20 interval=380
DBG_ANCHOR_CH5_SCAN_RESCHED ret=1 delay=20
DBG_UWB_RX_CH5
DBG_CH5_GAP_SCAN_DONE frames=0 last_error=0 now=166523 deadline=166602 click=1
DBG_UWB_RX_CH5
DBG_DWM_KEEP_IDLE reason=mesh-rx ch9=1 ack=0 qack=1 ret=0
DBG_ANCHOR_DOWNSTREAM_CONTROL_WAKE_IGNORED src=0x708bc0aab970300e evt=168057
DBG_NC o=0000000000000002 g=00000002 w=00 e=0000003c s=00000005 q=0000>0004 r=00000000 f=00000024 t=00000000 p=00000000 a=00
DBG_NODE_COMM_SUBMIT handle=2 profile=3 token=17039362 deadline=196523
DBG_DISCOVERY_SLOT_RESPONSE phase=3 epoch=16777219 hash=0xfbc0680ae0b03045 hop=1 slot=0 attempt=1 ret=0
DBG_CH9_ACK_TX_WAIT
DBG_CH9_ACK_WAIT peer=0x708bc0aab970300e ret=-10 act=2 now=166525 start=166761 n=1
DBG_CH5_GAP_SCAN now=166526 win=100 next_delay=175
DBG_ANCHOR_CH5_SCAN_HANDLER role=2
DBG_ANCHOR_CH5_SCAN_BLOCKED win=0 survey=0 tx=1 retry_gap=0 wait=0 rx=0 rxq=0 rxr=0 ack=1 ch9=0 rf=1 retry=20 interval=380
DBG_ANCHOR_CH5_SCAN_RESCHED ret=1 delay=20
DBG_UWB_RX_CH5
DBG_CH5_GAP_SCAN_DONE frames=0 last_error=0 now=166553 deadline=166626 click=1
DBG_UWB_RX_CH5
DBG_DWM_KEEP_IDLE reason=mesh-rx ch9=1 ack=0 qack=1 ret=0
DBG_ANCHOR_DOWNSTREAM_CONTROL_WAKE_IGNORED src=0x708bc0aab970300e evt=168057
DBG_PROTOCOL_RESPONSE_RX_HANDOFF_READY abort=0 owner=0 seq=2
DBG_NC o=0000000000000002 g=00000002 w=00 e=0000003f s=00000005 q=0004>0004 r=00000000 f=00000000 t=00000000 p=00000000 a=00
DBG_NODE_COMM_ATTEMPT handle=2 profile=3 attempt=1 ret=-16 rf=0 scheduled=0 state=0
DBG_CH9_ACK_TX_WAIT
DBG_CH9_ACK_WAIT peer=0x708bc0aab970300e ret=-10 act=2 now=166555 start=166761 n=1
DBG_CH5_GAP_SCAN now=166556 win=85 next_delay=145
DBG_ANCHOR_CH5_SCAN_HANDLER role=2
DBG_ANCHOR_CH5_SCAN_BLOCKED win=0 survey=0 tx=1 retry_gap=0 wait=0 rx=0 rxq=0 rxr=0 ack=1 ch9=0 rf=1 retry=20 interval=380
DBG_ANCHOR_CH5_SCAN_RESCHED ret=1 delay=20
DBG_UWB_RX_CH5
DBG_CH5_GAP_SCAN_DONE frames=0 last_error=0 now=166582 deadline=166641 click=1
DBG_UWB_RX_CH5
DBG_DWM_KEEP_IDLE reason=mesh-rx ch9=1 ack=0 qack=1 ret=0
DBG_ANCHOR_DOWNSTREAM_CONTROL_WAKE_IGNORED src=0x708bc0aab970300e evt=168057
DBG_CH9_ACK_TX_WAIT
DBG_CH9_ACK_WAIT peer=0x708bc0aab970300e ret=-10 act=2 now=166584 start=166761 n=1
DBG_CH5_GAP_SCAN now=166584 win=57 next_delay=117
DBG_ANCHOR_CH5_SCAN_HANDLER role=2
DBG_ANCHOR_CH5_SCAN_BLOCKED win=0 survey=0 tx=1 retry_gap=0 wait=0 rx=0 rxq=0 rxr=0 ack=1 ch9=0 rf=1 retry=20 interval=380
DBG_ANCHOR_CH5_SCAN_RESCHED ret=1 delay=20
DBG_UWB_RX_CH5
DBG_CH5_GAP_SCAN_DONE frames=0 last_error=0 now=166605 deadline=166641 click=1
DBG_UWB_RX_CH5
DBG_DWM_KEEP_IDLE reason=mesh-rx ch9=1 ack=0 qack=1 ret=0
DBG_ANCHOR_DOWNSTREAM_CONTROL_WAKE_IGNORED src=0x708bc0aab970300e evt=168057
DBG_CH9_ACK_TX_WAIT
DBG_CH9_ACK_WAIT peer=0x708bc0aab970300e ret=-10 act=2 now=166607 start=166761 n=1
DBG_CH5_GAP_SCAN now=166607 win=34 next_delay=94
DBG_ANCHOR_CH5_SCAN_HANDLER role=2
DBG_ANCHOR_CH5_SCAN_BLOCKED win=0 survey=0 tx=1 retry_gap=0 wait=0 rx=0 rxq=0 rxr=0 ack=1 ch9=0 rf=1 retry=20 interval=380
DBG_ANCHOR_CH5_SCAN_RESCHED ret=1 delay=20
DBG_UWB_RX_CH5
DBG_CH5_GAP_SCAN_DONE frames=0 last_error=0 now=166628 deadline=166641 click=1
DBG_UWB_RX_CH5
DBG_DWM_KEEP_IDLE reason=mesh-rx ch9=1 ack=0 qack=1 ret=0
DBG_ANCHOR_DOWNSTREAM_CONTROL_WAKE_IGNORED src=0x708bc0aab970300e evt=168057
DBG_CH9_ACK_TX_WAIT
DBG_CH9_ACK_WAIT peer=0x708bc0aab970300e ret=-10 act=2 now=166641 start=166761 n=1
DBG_ANCHOR_CH5_SCAN_HANDLER role=2
DBG_ANCHOR_CH9_REARM delay=56 ret=1 ack=1
DBG_ANCHOR_CH5_SCAN_BLOCKED win=0 survey=0 tx=1 retry_gap=0 wait=0 rx=0 rxq=0 rxr=0 ack=1 ch9=1 rf=0 retry=301 interval=380
DBG_ANCHOR_CH5_SCAN_RESCHED ret=1 delay=301
DBG_PROTOCOL_RESPONSE_RX_HANDOFF_READY abort=0 owner=0 seq=2
DBG_NC o=0000000000000002 g=00000002 w=00 e=0000003f s=00000005 q=0004>0004 r=00000000 f=00000000 t=00000000 p=00000000 a=00
DBG_NODE_COMM_ATTEMPT handle=2 profile=3 attempt=1 ret=-16 rf=0 scheduled=0 state=0
DBG_CH9_ACK_TX_WAIT
DBG_CH9_ACK_WAIT peer=0x708bc0aab970300e ret=-10 act=2 now=166678 start=166761 n=1
DBG_CH9_ACK_SLOT peer=0x708bc0aab970300e cnt=3173226851 now=166701 start=166761 end=166881 n=1
DBG_CH9_ACK_BUILD peer=0x708bc0aab970300e n=1 forwarded=1 seq=18 len=44
DBG_CH9_EVENT_STATE state=granted peer=0x708bc0aab970300e start=166761 end=166881 reason=ch9-ack-batch-slot
DBG_CH9_ACK_BATCH_TRY
DBG_CH9_EVENT_STATE state=tx_payload peer=0x708bc0aab970300e start=166761 end=166881 reason=ch9-ack-batch-slot
DBG_CH9_TX_PRE_GUARD_WAIT now=166702 guard=166751 earliest=166776 msg=32
DBG_CH9_TX_CONFIG ret=0 now=166770 earliest=166776 msg=32
DBG_CH9_TX_SEND_AT now=166776 earliest=166776 msg=32 len=105
DBG_DWM_KEEP_IDLE reason=ch9-ack-batch-slot ch9=1 ack=0 qack=1 ret=0
DBG_UWB_TX_CH9
DBG_CH9_ACK_BATCH_SENT
DBG_CH9_EVENT_STATE state=complete peer=0x708bc0aab970300e start=166761 end=166881 reason=ch9-ack-batch-slot
DBG_FORWARD_GATEWAY_ACK_COMMIT seq=18 dst=0x708bc0aab970300e next=0x708bc0aab970300e
DBG_COORD state=idle owner=report-tx reason=idle rx=0 tx=0 relay=0 route=0 ack=0 qack=0
DBG_CH5_GAP_SCAN now=166782 win=100 next_delay=559
DBG_CH5_GAP_REARM_ERROR ret=-5 fail=4 rem=81
DBG_CH5_GAP_SCAN_DONE frames=0 last_error=-5 now=166883 deadline=166882 click=0
DBG_DWM_KEEP_IDLE reason=mesh-rx ch9=1 ack=0 qack=0 ret=0
DBG_CH5_GAP_SCAN now=166884 win=100 next_delay=457
DBG_ANCHOR_CH5_SCAN_HANDLER role=2
DBG_ANCHOR_CH5_SCAN_BLOCKED win=0 survey=0 tx=0 retry_gap=0 wait=0 rx=0 rxq=0 rxr=0 ack=0 ch9=0 rf=1 retry=20 interval=380
DBG_ANCHOR_CH5_SCAN_RESCHED ret=1 delay=20
DBG_CH5_GAP_REARM_ERROR ret=-5 fail=4 rem=81
DBG_ANCHOR_CH5_SCAN_HANDLER role=2
DBG_ANCHOR_CH5_SCAN_BLOCKED win=0 survey=0 tx=0 retry_gap=0 wait=0 rx=0 rxq=0 rxr=0 ack=0 ch9=0 rf=1 retry=20 interval=380
DBG_ANCHOR_CH5_SCAN_RESCHED ret=1 delay=20
DBG_CH5_GAP_SCAN_DONE frames=0 last_error=-5 now=166984 deadline=166984 click=0
DBG_DWM_KEEP_IDLE reason=mesh-rx ch9=1 ack=0 qack=0 ret=0
DBG_PROTOCOL_RESPONSE_RX_HANDOFF_READY abort=0 owner=0 seq=2
DBG_DIRECT_GW_TX seq=2 now=166985 reason=node-comm-reliable-uplink
DBG_CH9_EVENT_STATE state=tx_payload peer=0x9999888877776666 start=166985 end=167235 reason=node-comm-reliable-uplink
DBG_ANCHOR_CH5_SCAN_HANDLER role=2
DBG_ANCHOR_CH5_SCAN_BLOCKED win=0 survey=0 tx=1 retry_gap=0 wait=0 rx=0 rxq=0 rxr=0 ack=1 ch9=0 rf=1 retry=20 interval=380
DBG_DIRECT_GW_TX_CONFIG ret=0 now=167005 seq=2
DBG_CH9_TX_SEND_AT now=167006 earliest=166985 msg=41 len=131
DBG_ANCHOR_CH5_SCAN_RESCHED ret=1 delay=20
DBG_CH9_TX_DONE now=167014 dur=8 len=131 msg=41
DBG_UWB_TX_CH9
DBG_CH9_TX_SINGLE_SEND_OK
DBG_CH9_EVENT_STATE state=complete peer=0x9999888877776666 start=166985 end=167235 reason=node-comm-reliable-uplink
DBG_DIRECT_GW_TX_ACK_TRANSIT_WAIT dst=0x9999888877776666 src=0x191a9619c6c8cb07 seq=2
DBG_ANCHOR_CH5_SCAN_HANDLER role=2
DBG_ANCHOR_CH5_SCAN_BLOCKED win=0 survey=0 tx=1 retry_gap=0 wait=0 rx=0 rxq=0 rxr=0 ack=1 ch9=0 rf=1 retry=20 interval=380
DBG_ANCHOR_CH5_SCAN_RESCHED ret=1 delay=20
DBG_UWB_RX_CH9
DBG_MESH_RX_QUEUED ch=9 msg=0x32 src=0x9999888877776666 dst=0x191a9619c6c8cb07 prev=0x9999888877776666 seq=19 q=1
DBG_GATEWAY_ACK_RX
DBG_DIRECT_GW_ACK_TRANSIT queued=1 valid=1 dst=0x191a9619c6c8cb07 seq=19
DBG_DIRECT_GW_TX_ACK_WAIT ret=0 seq=2
DBG_DWM_KEEP_IDLE reason=direct-gateway-payload ch9=1 ack=0 qack=0 ret=0
DBG_NC o=0000000000000002 g=00000002 w=00 e=00000022 s=00000005 q=0004>0005 r=00000000 f=00000001 t=00000000 p=00000000 a=00
DBG_NODE_COMM_ATTEMPT handle=2 profile=3 attempt=1 ret=0 rf=1 scheduled=0 state=0
DBG_MESH_RX_WORK_WAIT q=1
DBG_MESH_RX_WORK_ENTER q=1
DBG_MESH_RX_DRAIN_ENTER owner=work q=1
DBG_CH9_TX_ACK_IDLE
DBG_LEGACY_ACK_NO_MATCH
DBG_DISCOVERY_SLOT_ASSIGNED state=PROVISIONED epoch=16777219 slot=0 slot_count=50 ack=delivered
DBG_ENUM_ACCEPT epoch=16777219 slot=0
DBG_MESH_RX_DRAIN_EXIT owner=work handled=1 q=0
DBG_MESH_RX_WORK_EXIT handled=1 q=0
DBG_COORD state=mesh-rx owner=uwb-rx reason=ch9-ack-rx-eligible rx=0 tx=0 relay=1 route=0 ack=0 qack=0
DBG_ANCHOR_CH5_SCAN_HANDLER role=2
DBG_ANCHOR_CH5_SCAN_BLOCKED win=0 survey=0 tx=1 retry_gap=1 wait=0 rx=0 rxq=0 rxr=0 ack=0 ch9=0 rf=1 retry=20 interval=380
DBG_ANCHOR_CH5_SCAN_RESCHED ret=1 delay=20
DBG_ANCHOR_CH5_SCAN_HANDLER role=2
DBG_ANCHOR_CH5_SCAN_BLOCKED win=0 survey=0 tx=1 retry_gap=1 wait=0 rx=0 rxq=0 rxr=0 ack=0 ch9=0 rf=1 retry=20 interval=380
DBG_ANCHOR_CH5_SCAN_RESCHED ret=1 delay=20
DBG_ANCHOR_CH5_SCAN_HANDLER role=2
DBG_ANCHOR_CH5_SCAN_BLOCKED win=0 survey=0 tx=1 retry_gap=1 wait=0 rx=0 rxq=0 rxr=0 ack=0 ch9=0 rf=1 retry=20 interval=380
DBG_ANCHOR_CH5_SCAN_RESCHED ret=1 delay=20
DBG_ANCHOR_CH5_SCAN_HANDLER role=2
DBG_CH5_GAP_SCAN_DONE frames=0 last_error=0 now=167148 deadline=167147 click=0
DBG_DWM_KEEP_IDLE reason=mesh-rx ch9=1 ack=0 qack=0 ret=0
DBG_TX_TIMEOUT_ENTER relay=1 route=0 ch9pend=0 bundle=0 now=167149
DBG_RETRANSMIT_DIRECT_GW seq=2 now=167151
DBG_ANCHOR_CH5_SCAN_BLOCKED win=0 survey=0 tx=1 retry_gap=1 wait=0 rx=0 rxq=0 rxr=0 ack=0 ch9=0 rf=1 retry=20 interval=380
DBG_ANCHOR_CH5_SCAN_RESCHED ret=1 delay=20
DBG_DIRECT_GW_TX_CONFIG ret=0 now=167169 seq=2
DBG_CH9_TX_SEND_AT now=167170 earliest=167149 msg=33 len=105
DBG_ANCHOR_CH5_SCAN_HANDLER role=2
DBG_CH9_TX_DONE now=167174 dur=4 len=105 msg=33
DBG_UWB_TX_CH9
DBG_CH9_TX_SINGLE_SEND_OK
DBG_CH9_EVENT_STATE state=complete peer=0x9999888877776666 start=167151 end=167401 reason=retransmit-direct-gateway
DBG_CH9_TX_ACK_CORE_OWNER src=0x191a9619c6c8cb07 seq=2 next=0x9999888877776666 deadline=169174
DBG_DIRECT_GW_TX_ACK_TRANSIT_WAIT dst=0x9999888877776666 src=0x191a9619c6c8cb07 seq=2
DBG_ANCHOR_CH5_SCAN_BLOCKED win=0 survey=0 tx=1 retry_gap=0 wait=0 rx=0 rxq=0 rxr=0 ack=1 ch9=0 rf=1 retry=20 interval=380
DBG_ANCHOR_CH5_SCAN_RESCHED ret=1 delay=20
DBG_UWB_RX_CH9
DBG_MESH_RX_QUEUED ch=9 msg=0x32 src=0x9999888877776666 dst=0x191a9619c6c8cb07 prev=0x9999888877776666 seq=20 q=1
DBG_GATEWAY_ACK_RX
DBG_DIRECT_GW_ACK_TRANSIT queued=1 valid=1 dst=0x191a9619c6c8cb07 seq=20
DBG_DIRECT_GW_TX_ACK_WAIT ret=0 seq=2
DBG_DWM_KEEP_IDLE reason=direct-gateway-payload ch9=1 ack=0 qack=0 ret=0
DBG_MESH_RX_WORK_WAIT q=1
DBG_MESH_RX_WORK_ENTER q=1
DBG_MESH_RX_DRAIN_ENTER owner=work q=1
DBG_CH9_TX_ACK_IDLE
DBG_LEGACY_ACK_CONFIRMED
DBG_NC o=0000000000000002 g=00000002 w=00 e=00000041 s=00000005 q=0005>0008 r=00000000 f=00000026 t=00000000 p=00000002 a=01
DBG_NODE_COMM_TERMINAL_BACKEND_RELEASE handle=2 reason=0 attempts=1 ret=-2 pending=0 outstanding=0 complete=1 failures=0
DBG_ACK_CONFIRM_TERMINAL stage=complete ret=0 original=65 seq=2
DBG_MESH_RX_DRAIN_EXIT owner=work handled=1 q=0
DBG_MESH_RX_WORK_EXIT handled=1 q=0
DBG_COORD state=idle owner=uwb-rx reason=idle rx=0 tx=0 relay=0 route=0 ack=0 qack=0
DBG_CH5_GAP_SCAN now=167202 win=80 next_delay=139
DBG_ANCHOR_CH5_SCAN_HANDLER role=2
DBG_ANCHOR_CH5_SCAN_BLOCKED win=0 survey=0 tx=0 retry_gap=0 wait=0 rx=0 rxq=0 rxr=0 ack=0 ch9=0 rf=1 retry=20 interval=380
DBG_ANCHOR_CH5_SCAN_RESCHED ret=1 delay=20
DBG_UWB_RX_CH5
DBG_CH5_GAP_SCAN_DONE frames=0 last_error=0 now=167240 deadline=167282 click=1
DBG_UWB_RX_CH5
DBG_DWM_KEEP_IDLE reason=mesh-rx ch9=1 ack=0 qack=0 ret=0
DBG_ANCHOR_DOWNSTREAM_CONTROL_WAKE_IGNORED src=0x708bc0aab970300e evt=168980
DBG_DISCOVERY_SLOT_RESPONSE_DELIVERED phase=3 epoch=16777219 attempts=1
DBG_CH5_GAP_SCAN now=167242 win=40 next_delay=99
DBG_ANCHOR_CH5_SCAN_HANDLER role=2
DBG_ANCHOR_CH5_SCAN_BLOCKED win=0 survey=0 tx=0 retry_gap=0 wait=0 rx=0 rxq=0 rxr=0 ack=0 ch9=0 rf=1 retry=20 interval=380
DBG_ANCHOR_CH5_SCAN_RESCHED ret=1 delay=20
DBG_ANCHOR_CH5_SCAN_HANDLER role=2
DBG_DWM_KEEP_IDLE reason=mesh-rx ch9=1 ack=0 qack=0 ret=0
DBG_C5_CONTACT phase=open state=2 peer=0x56da25fe4af6d141 purpose=route_solicit reason=wake-claim
DBG_C5_CONTACT phase=accepted state=2 peer=0x56da25fe4af6d141 purpose=route_solicit reason=wake-claim
DBG_ANCHOR_ROUTE_WAKE_HANDOFF src=0x56da25fe4af6d141 evt=168945 attempt=1 flags=0x93 embedded=0 listen=2000
DBG_C5_CONTACT phase=closing state=4 peer=0x56da25fe4af6d141 purpose=route_solicit reason=replace
DBG_C5_CONTACT phase=open state=2 peer=0x56da25fe4af6d141 purpose=gateway_command_flood reason=gateway-command-wake-followup
DBG_C5_CONTACT phase=accepted state=2 peer=0x56da25fe4af6d141 purpose=gateway_command_flood reason=gateway-command-wake-follow
DBG_C5_CONTACT phase=exchange state=3 peer=0x56da25fe4af6d141 purpose=gateway_command_flood reason=gateway-command-wake-follow
DBG_ROUTE_REPLY_LISTEN_START
DBG_ANCHOR_CH5_SCAN_RESCHED ret=1 delay=20
DBG_DWM_WAKE_MESH_CTRL_OK sfd=4073
DBG_ROUTE_REPLY_LISTEN_CONFIG ret=0 ext=1
DBG_ANCHOR_CH5_SCAN_HANDLER role=2
DBG_ANCHOR_CH5_SCAN_BLOCKED win=0 survey=0 tx=0 retry_gap=0 wait=0 rx=0 rxq=0 rxr=0 ack=0 ch9=0 rf=1 retry=20 interval=380
DBG_C5_CONTROL_LISTENER_HOLD_EXTENDED
DBG_ANCHOR_CH5_SCAN_RESCHED ret=1 delay=20
DBG_C5_CONTROL_LISTENER_HOLD_EXTENDED
DBG_C5_CONTROL_LISTENER_HOLD_EXTENDED
DBG_ANCHOR_CH5_SCAN_HANDLER role=2
DBG_C5_CONTROL_LISTENER_HOLD_EXTENDED
DBG_C5_CONTROL_LISTENER_YIELD_CH9 delay=20
DBG_ROUTE_REPLY_LISTEN_DONE captured=0 ret=-11
DBG_C5_CONTACT phase=closing state=4 peer=0x56da25fe4af6d141 purpose=gateway_command_flood reason=channel9-rx-turn
DBG_ANCHOR_ROUTE_WAKE_HANDOFF_DONE src=0x56da25fe4af6d141 embedded=0 ret=-11 pending=0
DBG_ANCHOR_CH5_SCAN_BLOCKED win=0 survey=0 tx=0 retry_gap=0 wait=0 rx=0 rxq=0 rxr=0 ack=0 ch9=0 rf=1 retry=20 interval=380
DBG_ANCHOR_CH5_SCAN_RESCHED ret=1 delay=20
DBG_CH9_RX_SLOT idx=0 cnt=3173226852 now=167341 start=167401 end=167521
DBG_CH9_EVENT_STATE state=granted peer=0x708bc0aab970300e start=167401 end=167521 reason=rx-slot
DBG_CH9_RX_START idx=0 now=167341 start=167401 end=167521 tail=60
DBG_ANCHOR_CH5_SCAN_HANDLER role=2
DBG_ANCHOR_CH5_SCAN_BLOCKED win=0 survey=0 tx=0 retry_gap=0 wait=0 rx=0 rxq=0 rxr=0 ack=0 ch9=0 rf=1 retry=20 interval=380
DBG_ANCHOR_CH5_SCAN_RESCHED ret=1 delay=20
DBG_CH9_RX_CONFIG_OK
DBG_CH9_RX_EARLY_ARM now=167364 start=167401 guard=60
DBG_CH9_RX_ARMED now=167364 start=167401 end=167521 deadline=167581
DBG_ANCHOR_CH5_SCAN_HANDLER role=2
DBG_ANCHOR_CH5_SCAN_BLOCKED win=0 survey=0 tx=0 retry_gap=0 wait=0 rx=0 rxq=0 rxr=0 ack=0 ch9=0 rf=1 retry=20 interval=380
DBG_ANCHOR_CH5_SCAN_RESCHED ret=1 delay=20
DBG_ANCHOR_CH5_SCAN_HANDLER role=2
DBG_ANCHOR_CH5_SCAN_BLOCKED win=0 survey=0 tx=0 retry_gap=0 wait=0 rx=0 rxq=0 rxr=0 ack=0 ch9=0 rf=1 retry=20 interval=380
DBG_ANCHOR_CH5_SCAN_RESCHED ret=1 delay=20
DBG_ANCHOR_CH5_SCAN_HANDLER role=2
DBG_ANCHOR_CH5_SCAN_BLOCKED win=0 survey=0 tx=0 retry_gap=0 wait=0 rx=0 rxq=0 rxr=0 ack=0 ch9=0 rf=1 retry=20 interval=380
DBG_ANCHOR_CH5_SCAN_RESCHED ret=1 delay=20
DBG_ANCHOR_CH5_SCAN_HANDLER role=2
DBG_ANCHOR_CH5_SCAN_BLOCKED win=0 survey=0 tx=0 retry_gap=0 wait=0 rx=0 rxq=0 rxr=0 ack=0 ch9=0 rf=1 retry=20 interval=380
DBG_ANCHOR_CH5_SCAN_RESCHED ret=1 delay=20
DBG_ANCHOR_CH5_SCAN_HANDLER role=2
DBG_ANCHOR_CH5_SCAN_BLOCKED win=0 survey=0 tx=0 retry_gap=0 wait=0 rx=0 rxq=0 rxr=0 ack=0 ch9=0 rf=1 retry=20 interval=380
DBG_ANCHOR_CH5_SCAN_RESCHED ret=1 delay=20
DBG_ANCHOR_CH5_SCAN_HANDLER role=2
DBG_ANCHOR_CH5_SCAN_BLOCKED win=0 survey=0 tx=0 retry_gap=0 wait=0 rx=0 rxq=0 rxr=0 ack=0 ch9=0 rf=1 retry=20 interval=380
DBG_ANCHOR_CH5_SCAN_RESCHED ret=1 delay=20
DBG_ANCHOR_CH5_SCAN_HANDLER role=2
DBG_ANCHOR_CH5_SCAN_BLOCKED win=0 survey=0 tx=0 retry_gap=0 wait=0 rx=0 rxq=0 rxr=0 ack=0 ch9=0 rf=1 retry=20 interval=380
DBG_ANCHOR_CH5_SCAN_RESCHED ret=1 delay=20
DBG_ANCHOR_CH5_SCAN_HANDLER role=2
DBG_ANCHOR_CH5_SCAN_BLOCKED win=0 survey=0 tx=0 retry_gap=0 wait=0 rx=0 rxq=0 rxr=0 ack=0 ch9=0 rf=1 retry=20 interval=380
DBG_ANCHOR_CH5_SCAN_RESCHED ret=1 delay=20
DBG_ANCHOR_CH5_SCAN_HANDLER role=2
DBG_ANCHOR_CH5_SCAN_BLOCKED win=0 survey=0 tx=0 retry_gap=0 wait=0 rx=0 rxq=0 rxr=0 ack=0 ch9=0 rf=1 retry=20 interval=380
DBG_ANCHOR_CH5_SCAN_RESCHED ret=1 delay=20
DBG_DWM_KEEP_IDLE reason=ch9-rx ch9=1 ack=0 qack=0 ret=0
DBG_CH9_RX_EMPTY
DBG_CH9_RX_TIMEOUT
DBG_CH9_RX_MISS frames=0 now=167583 start=167401 end=167521 fail=0
DBG_CH9_EVENT_STATE state=window_expired peer=0x708bc0aab970300e start=167401 end=167521 reason=rx-slot
DBG_ANCHOR_CH5_SCAN_HANDLER role=2
DBG_ANCHOR_CH5_SCAN_ARM now=167596 win=20 complete=15 interval=380 wait=0 tx=0
DBG_DWM_CH5_RX_HUNT_START acq=20 complete=15 cap=1021
DBG_DWM_CH5_RX_ACTIVITY_EXTEND ret=0 status=0x00000300 complete=15
DBG_DWM_CH5_RX_ACTIVITY_WAIT status=0x00000300 remain=15
DBG_DWM_CH5_RX_ACTIVITY_DONE raw=51 payload=49 status=0x00006f00 rearm=0 extended=1
DBG_ANCHOR_CH5_SCAN_DONE ret=0 len=49 fail=0 pre=1 q=100 rx_us=20000 complete=15
DBG_UWB_RX_CH5
DBG_ANCHOR_CH5_FRAME len=49 q=100 wake_ret=0
DBG_ANCHOR_ROUTE_WAKE_DISPATCH src=0x56da25fe4af6d141 evt=168945 attempt=1 flags=0x93 len=49 q=100
DBG_ANCHOR_CH5_POST_CH9_RECOVERY_SCAN win=20 ret=0 pre=1
DBG_C5_CONTACT phase=open state=2 peer=0x56da25fe4af6d141 purpose=route_solicit reason=wake-claim
DBG_C5_CONTACT phase=accepted state=2 peer=0x56da25fe4af6d141 purpose=route_solicit reason=wake-claim
DBG_ANCHOR_ROUTE_WAKE_HANDOFF src=0x56da25fe4af6d141 evt=168945 attempt=1 flags=0x93 embedded=0 listen=2000
DBG_C5_CONTACT phase=closing state=4 peer=0x56da25fe4af6d141 purpose=route_solicit reason=replace
DBG_ROUTE_REPLY_LISTEN_START
DBG_DWM_WAKE_MESH_CTRL_OK sfd=4073
DBG_ROUTE_REPLY_LISTEN_CONFIG ret=0 ext=1
DBG_ROUTE_REPLY_RX_FRAME
DBG_C5_CONTROL_ROUTE_HINT_RETAIN msg=0x40 session=16777226 seq=2 prev=0x56da25fe4af6d141 epoch=1
DBG_C5_CONTROL_ROUTE_READY msg=0x40 prev=0x56da25fe4af6d141 ttl=6 origin_ttl=8 relay=0 ret=0
DBG_C5_CONTROL_ROUTE_STATE epoch=1 sel=0 next=0x9999888877776666 hop=0 timing=0
DBG_UWB_RX_CH5
DBG_MESH_RX_QUEUED ch=5 msg=0x40 src=0x9999888877776666 dst=0x0 prev=0x56da25fe4af6d141 seq=2 q=1
DBG_MESH_RX_DEFERRED q=1 msg=0x40
DBG_COORD state=mesh-rx owner=uwb-rx reason=mesh-rx rx=1 tx=0 relay=0 route=0 ack=0 qack=0
DBG_CH5_GAP_SCAN now=167788 win=100 next_delay=833
DBG_ROUTE_REPLY_LISTEN_DONE captured=1 ret=-11
DBG_C5_CONTACT phase=closing state=4 peer=0x56da25fe4af6d141 purpose=gateway_command_flood reason=reply-listen-done
DBG_MESH_RX_DIRECT_RF_BUSY submit=0 q=1 reason=anchor-route-wake-followup
DBG_ANCHOR_ROUTE_WAKE_HANDOFF_DONE src=0x56da25fe4af6d141 embedded=0 ret=-11 pending=1
DBG_ANCHOR_ROUTE_WAKE_DISPATCH_DONE handled=1 len=49 q=100
DBG_ANCHOR_CH5_SCAN_RESCHED ret=1 delay=380
DBG_CH5_GAP_SCAN_DONE frames=0 last_error=0 now=167889 deadline=167888 click=0
DBG_DWM_KEEP_IDLE reason=mesh-rx ch9=1 ack=0 qack=0 ret=0
DBG_MESH_RX_WORK_WAIT q=1
DBG_MESH_RX_WORK_ENTER q=1
DBG_MESH_RX_DRAIN_ENTER owner=work q=1
DBG_MESH_RX_DRAIN_EXIT owner=work handled=1 q=0
DBG_MESH_RX_WORK_EXIT handled=1 q=0
DBG_COORD state=idle owner=report-tx reason=idle rx=0 tx=0 relay=0 route=0 ack=0 qack=0
DBG_CH5_GAP_SCAN now=167892 win=100 next_delay=729
DBG_CH5_GAP_SCAN_DONE frames=0 last_error=0 now=167993 deadline=167992 click=0
DBG_DWM_KEEP_IDLE reason=mesh-rx ch9=1 ack=0 qack=0 ret=0
DBG_CH5_GAP_SCAN now=167994 win=100 next_delay=627
DBG_CH5_GAP_SCAN_DONE frames=0 last_error=0 now=168094 deadline=168094 click=0
DBG_DWM_KEEP_IDLE reason=mesh-rx ch9=1 ack=0 qack=0 ret=0
DBG_CH5_GAP_SCAN now=168095 win=100 next_delay=526
DBG_ANCHOR_CH5_SCAN_HANDLER role=2
DBG_ANCHOR_CH5_SCAN_BLOCKED win=0 survey=0 tx=0 retry_gap=0 wait=0 rx=0 rxq=0 rxr=0 ack=0 ch9=0 rf=1 retry=20 interval=380
DBG_ANCHOR_CH5_SCAN_RESCHED ret=1 delay=20
DBG_CH5_GAP_SCAN_DONE frames=0 last_error=0 now=168196 deadline=168195 click=0
DBG_ANCHOR_CH5_SCAN_HANDLER role=2
DBG_DWM_KEEP_IDLE reason=mesh-rx ch9=1 ack=0 qack=0 ret=0
DBG_CH5_GAP_SCAN now=168197 win=100 next_delay=424
DBG_ANCHOR_CH5_SCAN_BLOCKED win=0 survey=0 tx=0 retry_gap=0 wait=0 rx=0 rxq=0 rxr=0 ack=0 ch9=0 rf=1 retry=20 interval=380
DBG_ANCHOR_CH5_SCAN_RESCHED ret=1 delay=20
DBG_ANCHOR_CH5_SCAN_HANDLER role=2
DBG_ANCHOR_CH5_SCAN_BLOCKED win=0 survey=0 tx=0 retry_gap=0 wait=0 rx=0 rxq=0 rxr=0 ack=0 ch9=0 rf=1 retry=20 interval=380
DBG_ANCHOR_CH5_SCAN_RESCHED ret=1 delay=20
DBG_ANCHOR_CH5_SCAN_HANDLER role=2
DBG_ANCHOR_CH5_SCAN_BLOCKED win=0 survey=0 tx=0 retry_gap=0 wait=0 rx=0 rxq=0 rxr=0 ack=0 ch9=0 rf=1 retry=20 interval=380
DBG_ANCHOR_CH5_SCAN_RESCHED ret=1 delay=20
DBG_UWB_RX_CH5
DBG_CH5_GAP_SCAN_DONE frames=0 last_error=0 now=168268 deadline=168297 click=1
DBG_UWB_RX_CH5
DBG_DWM_KEEP_IDLE reason=mesh-rx ch9=1 ack=0 qack=0 ret=0
DBG_ANCHOR_DOWNSTREAM_CONTROL_WAKE_IGNORED src=0x708bc0aab970300e evt=168980
DBG_CH9_SKIP_STALE n=1 now=168269 next=168681 cnt=3173226854 reason=rx-delay
DBG_WAKE_TRAIN_GUARD_OK
DBG_ANCHOR_CH5_SCAN_HANDLER role=2
DBG_ANCHOR_CH5_SCAN_BLOCKED win=0 survey=0 tx=0 retry_gap=0 wait=0 rx=0 rxq=0 rxr=0 ack=0 ch9=0 rf=1 retry=20 interval=380
DBG_ANCHOR_CH5_SCAN_RESCHED ret=1 delay=20
DBG_ANCHOR_CH5_SCAN_HANDLER role=2
DBG_MESH_WAKE_POLITE_ACTIVITY phase=pre target=0x0 retry=0 ret=0 fail=3 reason=broadcast-forward
DBG_MESH_WAKE_POLITE_BACKOFF phase=pre target=0x0 retry=1/3 delay=349 reason=broadcast-forward
DBG_ANCHOR_CH5_SCAN_BLOCKED win=0 survey=0 tx=0 retry_gap=0 wait=0 rx=0 rxq=0 rxr=0 ack=0 ch9=0 rf=1 retry=20 interval=380
DBG_ANCHOR_CH5_SCAN_RESCHED ret=1 delay=20
DBG_ANCHOR_CH5_SCAN_HANDLER role=2
DBG_DWM_CH5_RX_HUNT_START acq=3 complete=15 cap=1021
DBG_DWM_CH5_RX_HUNT_EMPTY ret=-116 status=0x00000000 acq=3
DBG_ANCHOR_CH5_SCAN_RESCHED ret=1 delay=380
DBG_WAKE_TRAIN_GUARD_OK
DBG_MESH_WAKE_POLITE_ACTIVITY phase=pre target=0x0 retry=1 ret=0 fail=3 reason=broadcast-forward
DBG_MESH_WAKE_POLITE_BACKOFF phase=pre target=0x0 retry=2/3 delay=768 reason=broadcast-forward
DBG_ANCHOR_CH5_SCAN_HANDLER role=2
DBG_ANCHOR_CH9_REARM delay=0 ret=0 ack=0
DBG_ANCHOR_CH5_SCAN_BLOCKED win=0 survey=0 tx=0 retry_gap=0 wait=0 rx=0 rxq=0 rxr=0 ack=0 ch9=1 rf=0 retry=245 interval=380
DBG_ANCHOR_CH5_SCAN_RESCHED ret=1 delay=245
DBG_ANCHOR_CH5_SCAN_HANDLER role=2
DBG_ANCHOR_CH9_REARM delay=0 ret=0 ack=0
DBG_ANCHOR_CH5_SCAN_BLOCKED win=0 survey=0 tx=0 retry_gap=0 wait=0 rx=0 rxq=0 rxr=0 ack=0 ch9=1 rf=0 retry=245 interval=380
DBG_ANCHOR_CH5_SCAN_RESCHED ret=1 delay=245
DBG_ANCHOR_CH5_SCAN_HANDLER role=2
DBG_ANCHOR_CH9_REARM delay=0 ret=0 ack=0
DBG_ANCHOR_CH5_SCAN_BLOCKED win=0 survey=0 tx=0 retry_gap=0 wait=0 rx=0 rxq=0 rxr=0 ack=0 ch9=1 rf=0 retry=245 interval=380
DBG_ANCHOR_CH5_SCAN_RESCHED ret=1 delay=245
DBG_WAKE_TRAIN_GUARD_OK
DBG_ANCHOR_CH5_SCAN_HANDLER role=2
DBG_ANCHOR_CH5_SCAN_BLOCKED win=0 survey=0 tx=0 retry_gap=0 wait=0 rx=0 rxq=0 rxr=0 ack=0 ch9=0 rf=1 retry=20 interval=380
DBG_ANCHOR_CH5_SCAN_RESCHED ret=1 delay=20
DBG_WAKE_TRAIN_CONFIG_BEGIN
DBG_ANCHOR_CH5_SCAN_HANDLER role=2
DBG_ANCHOR_CH5_SCAN_BLOCKED win=0 survey=0 tx=0 retry_gap=0 wait=0 rx=0 rxq=0 rxr=0 ack=0 ch9=0 rf=1 retry=20 interval=380
DBG_ANCHOR_CH5_SCAN_RESCHED ret=1 delay=20
DBG_WAKE_TRAIN_CONFIG_OK
DBG_WAKE_TRAIN_FIRST_SEND_BEGIN
DBG_WAKE_TRAIN_FIRST_SEND_OK
DBG_UWB_TX_CH5
DBG_TX_WAKE_CLAIM_SENT
DBG_ANCHOR_CH5_SCAN_HANDLER role=2
DBG_UWB_TX_CH5
DBG_TX_WAKE_CLAIM_SENT
DBG_ANCHOR_CH5_SCAN_BLOCKED win=0 survey=0 tx=0 retry_gap=0 wait=0 rx=0 rxq=0 rxr=0 ack=0 ch9=0 rf=1 retry=20 interval=380
DBG_ANCHOR_CH5_SCAN_RESCHED ret=1 delay=20
DBG_UWB_TX_CH5
DBG_TX_WAKE_CLAIM_SENT
DBG_DWM_CH5_RX_HUNT_START acq=3 complete=15 cap=125
DBG_DWM_CH5_RX_HUNT_EMPTY ret=-116 status=0x00000000 acq=3
DBG_UWB_TX_CH5
DBG_TX_WAKE_CLAIM_SENT
DBG_ANCHOR_CH5_SCAN_HANDLER role=2
DBG_UWB_TX_CH5
DBG_TX_WAKE_CLAIM_SENT
DBG_ANCHOR_CH5_SCAN_BLOCKED win=0 survey=0 tx=0 retry_gap=0 wait=0 rx=0 rxq=0 rxr=0 ack=0 ch9=0 rf=1 retry=20 interval=380
DBG_ANCHOR_CH5_SCAN_RESCHED ret=1 delay=20
DBG_UWB_TX_CH5
DBG_TX_WAKE_CLAIM_SENT
DBG_DWM_CH5_RX_HUNT_START acq=3 complete=15 cap=125
DBG_DWM_CH5_RX_HUNT_EMPTY ret=-116 status=0x00000000 acq=3
DBG_UWB_TX_CH5
DBG_TX_WAKE_CLAIM_SENT
DBG_ANCHOR_CH5_SCAN_HANDLER role=2
DBG_UWB_TX_CH5
DBG_TX_WAKE_CLAIM_SENT
DBG_ANCHOR_CH5_SCAN_BLOCKED win=0 survey=0 tx=0 retry_gap=0 wait=0 rx=0 rxq=0 rxr=0 ack=0 ch9=0 rf=1 retry=20 interval=380
DBG_ANCHOR_CH5_SCAN_RESCHED ret=1 delay=20
DBG_UWB_TX_CH5
DBG_TX_WAKE_CLAIM_SENT
DBG_DWM_CH5_RX_HUNT_START acq=3 complete=15 cap=125
DBG_DWM_CH5_RX_HUNT_EMPTY ret=-116 status=0x00000000 acq=3
DBG_UWB_TX_CH5
DBG_TX_WAKE_CLAIM_SENT
DBG_ANCHOR_CH5_SCAN_HANDLER role=2
DBG_UWB_TX_CH5
DBG_TX_WAKE_CLAIM_SENT
DBG_ANCHOR_CH5_SCAN_BLOCKED win=0 survey=0 tx=0 retry_gap=0 wait=0 rx=0 rxq=0 rxr=0 ack=0 ch9=0 rf=1 retry=20 interval=380
DBG_ANCHOR_CH5_SCAN_RESCHED ret=1 delay=20
DBG_UWB_TX_CH5
DBG_TX_WAKE_CLAIM_SENT
DBG_DWM_CH5_RX_HUNT_START acq=3 complete=15 cap=125
DBG_DWM_CH5_RX_HUNT_EMPTY ret=-116 status=0x00000000 acq=3
DBG_UWB_TX_CH5
DBG_TX_WAKE_CLAIM_SENT
DBG_ANCHOR_CH5_SCAN_HANDLER role=2
DBG_UWB_TX_CH5
DBG_TX_WAKE_CLAIM_SENT
DBG_ANCHOR_CH5_SCAN_BLOCKED win=0 survey=0 tx=0 retry_gap=0 wait=0 rx=0 rxq=0 rxr=0 ack=0 ch9=0 rf=1 retry=20 interval=380
DBG_ANCHOR_CH5_SCAN_RESCHED ret=1 delay=20
DBG_UWB_TX_CH5
DBG_TX_WAKE_CLAIM_SENT
DBG_DWM_CH5_RX_HUNT_START acq=3 complete=15 cap=125
DBG_DWM_CH5_RX_HUNT_EMPTY ret=-116 status=0x00000000 acq=3
DBG_UWB_TX_CH5
DBG_TX_WAKE_CLAIM_SENT
DBG_ANCHOR_CH5_SCAN_HANDLER role=2
DBG_UWB_TX_CH5
DBG_TX_WAKE_CLAIM_SENT
DBG_ANCHOR_CH5_SCAN_BLOCKED win=0 survey=0 tx=0 retry_gap=0 wait=0 rx=0 rxq=0 rxr=0 ack=0 ch9=0 rf=1 retry=20 interval=380
DBG_ANCHOR_CH5_SCAN_RESCHED ret=1 delay=20
DBG_UWB_TX_CH5
DBG_TX_WAKE_CLAIM_SENT
DBG_DWM_CH5_RX_HUNT_START acq=3 complete=15 cap=125
DBG_DWM_CH5_RX_HUNT_EMPTY ret=-116 status=0x00000000 acq=3
DBG_UWB_TX_CH5
DBG_TX_WAKE_CLAIM_SENT
DBG_ANCHOR_CH5_SCAN_HANDLER role=2
DBG_UWB_TX_CH5
DBG_TX_WAKE_CLAIM_SENT
DBG_ANCHOR_CH5_SCAN_BLOCKED win=0 survey=0 tx=0 retry_gap=0 wait=0 rx=0 rxq=0 rxr=0 ack=0 ch9=0 rf=1 retry=20 interval=380
DBG_ANCHOR_CH5_SCAN_RESCHED ret=1 delay=20
DBG_UWB_TX_CH5
DBG_TX_WAKE_CLAIM_SENT
DBG_DWM_CH5_RX_HUNT_START acq=3 complete=15 cap=125
DBG_DWM_CH5_RX_HUNT_EMPTY ret=-116 status=0x00000000 acq=3
DBG_UWB_TX_CH5
DBG_TX_WAKE_CLAIM_SENT
DBG_ANCHOR_CH5_SCAN_HANDLER role=2
DBG_UWB_TX_CH5
DBG_TX_WAKE_CLAIM_SENT
DBG_ANCHOR_CH5_SCAN_BLOCKED win=0 survey=0 tx=0 retry_gap=0 wait=0 rx=0 rxq=0 rxr=0 ack=0 ch9=0 rf=1 retry=20 interval=380
DBG_ANCHOR_CH5_SCAN_RESCHED ret=1 delay=20
DBG_UWB_TX_CH5
DBG_TX_WAKE_CLAIM_SENT
DBG_DWM_CH5_RX_HUNT_START acq=3 complete=15 cap=125
DBG_DWM_CH5_RX_HUNT_EMPTY ret=-116 status=0x00000000 acq=3
DBG_UWB_TX_CH5
DBG_TX_WAKE_CLAIM_SENT
DBG_ANCHOR_CH5_SCAN_HANDLER role=2
DBG_UWB_TX_CH5
DBG_TX_WAKE_CLAIM_SENT
DBG_ANCHOR_CH5_SCAN_BLOCKED win=0 survey=0 tx=0 retry_gap=0 wait=0 rx=0 rxq=0 rxr=0 ack=0 ch9=0 rf=1 retry=20 interval=380
DBG_ANCHOR_CH5_SCAN_RESCHED ret=1 delay=20
DBG_UWB_TX_CH5
DBG_TX_WAKE_CLAIM_SENT
DBG_DWM_CH5_RX_HUNT_START acq=3 complete=15 cap=125
DBG_DWM_CH5_RX_HUNT_EMPTY ret=-116 status=0x00000000 acq=3
DBG_UWB_TX_CH5
DBG_TX_WAKE_CLAIM_SENT
DBG_ANCHOR_CH5_SCAN_HANDLER role=2
DBG_UWB_TX_CH5
DBG_TX_WAKE_CLAIM_SENT
DBG_ANCHOR_CH5_SCAN_BLOCKED win=0 survey=0 tx=0 retry_gap=0 wait=0 rx=0 rxq=0 rxr=0 ack=0 ch9=0 rf=1 retry=20 interval=380
DBG_ANCHOR_CH5_SCAN_RESCHED ret=1 delay=20
DBG_UWB_TX_CH5
DBG_TX_WAKE_CLAIM_SENT
DBG_DWM_CH5_RX_HUNT_START acq=3 complete=15 cap=125
DBG_DWM_CH5_RX_HUNT_EMPTY ret=-116 status=0x00000000 acq=3
DBG_UWB_TX_CH5
DBG_TX_WAKE_CLAIM_SENT
DBG_ANCHOR_CH5_SCAN_HANDLER role=2
DBG_UWB_TX_CH5
DBG_TX_WAKE_CLAIM_SENT
DBG_ANCHOR_CH5_SCAN_BLOCKED win=0 survey=0 tx=0 retry_gap=0 wait=0 rx=0 rxq=0 rxr=0 ack=0 ch9=0 rf=1 retry=20 interval=380
DBG_ANCHOR_CH5_SCAN_RESCHED ret=1 delay=20
DBG_UWB_TX_CH5
DBG_TX_WAKE_CLAIM_SENT
DBG_DWM_CH5_RX_HUNT_START acq=3 complete=15 cap=125
DBG_DWM_CH5_RX_HUNT_EMPTY ret=-116 status=0x00000000 acq=3
DBG_UWB_TX_CH5
DBG_TX_WAKE_CLAIM_SENT
DBG_ANCHOR_CH5_SCAN_HANDLER role=2
DBG_UWB_TX_CH5
DBG_TX_WAKE_CLAIM_SENT
DBG_ANCHOR_CH5_SCAN_BLOCKED win=0 survey=0 tx=0 retry_gap=0 wait=0 rx=0 rxq=0 rxr=0 ack=0 ch9=0 rf=1 retry=20 interval=380
DBG_ANCHOR_CH5_SCAN_RESCHED ret=1 delay=20
DBG_UWB_TX_CH5
DBG_TX_WAKE_CLAIM_SENT
DBG_DWM_CH5_RX_HUNT_START acq=3 complete=15 cap=125
DBG_DWM_CH5_RX_HUNT_EMPTY ret=-116 status=0x00000000 acq=3
DBG_UWB_TX_CH5
DBG_TX_WAKE_CLAIM_SENT
DBG_ANCHOR_CH5_SCAN_HANDLER role=2
DBG_UWB_TX_CH5
DBG_TX_WAKE_CLAIM_SENT
DBG_ANCHOR_CH5_SCAN_BLOCKED win=0 survey=0 tx=0 retry_gap=0 wait=0 rx=0 rxq=0 rxr=0 ack=0 ch9=0 rf=1 retry=20 interval=380
DBG_ANCHOR_CH5_SCAN_RESCHED ret=1 delay=20
DBG_UWB_TX_CH5
DBG_TX_WAKE_CLAIM_SENT
DBG_DWM_CH5_RX_HUNT_START acq=3 complete=15 cap=125
DBG_DWM_CH5_RX_HUNT_EMPTY ret=-116 status=0x00000000 acq=3
DBG_UWB_TX_CH5
DBG_TX_WAKE_CLAIM_SENT
DBG_ANCHOR_CH5_SCAN_HANDLER role=2
DBG_UWB_TX_CH5
DBG_TX_WAKE_CLAIM_SENT
DBG_ANCHOR_CH5_SCAN_BLOCKED win=0 survey=0 tx=0 retry_gap=0 wait=0 rx=0 rxq=0 rxr=0 ack=0 ch9=0 rf=1 retry=20 interval=380
DBG_ANCHOR_CH5_SCAN_RESCHED ret=1 delay=20
DBG_UWB_TX_CH5
DBG_TX_WAKE_CLAIM_SENT
DBG_DWM_CH5_RX_HUNT_START acq=3 complete=15 cap=125
DBG_DWM_CH5_RX_HUNT_EMPTY ret=-116 status=0x00000000 acq=3
DBG_UWB_TX_CH5
DBG_TX_WAKE_CLAIM_SENT
DBG_ANCHOR_CH5_SCAN_HANDLER role=2
DBG_UWB_TX_CH5
DBG_TX_WAKE_CLAIM_SENT
DBG_ANCHOR_CH5_SCAN_BLOCKED win=0 survey=0 tx=0 retry_gap=0 wait=0 rx=0 rxq=0 rxr=0 ack=0 ch9=0 rf=1 retry=20 interval=380
DBG_ANCHOR_CH5_SCAN_RESCHED ret=1 delay=20
DBG_UWB_TX_CH5
DBG_TX_WAKE_CLAIM_SENT
DBG_DWM_CH5_RX_HUNT_START acq=3 complete=15 cap=125
DBG_DWM_CH5_RX_HUNT_EMPTY ret=-116 status=0x00000000 acq=3
DBG_UWB_TX_CH5
DBG_TX_WAKE_CLAIM_SENT
DBG_ANCHOR_CH5_SCAN_HANDLER role=2
DBG_UWB_TX_CH5
DBG_TX_WAKE_CLAIM_SENT
DBG_ANCHOR_CH5_SCAN_BLOCKED win=0 survey=0 tx=0 retry_gap=0 wait=0 rx=0 rxq=0 rxr=0 ack=0 ch9=0 rf=1 retry=20 interval=380
DBG_ANCHOR_CH5_SCAN_RESCHED ret=1 delay=20
DBG_UWB_TX_CH5
DBG_TX_WAKE_CLAIM_SENT
DBG_DWM_CH5_RX_HUNT_START acq=3 complete=15 cap=125
DBG_DWM_CH5_RX_HUNT_EMPTY ret=-116 status=0x00000000 acq=3
DBG_UWB_TX_CH5
DBG_TX_WAKE_CLAIM_SENT
DBG_ANCHOR_CH5_SCAN_HANDLER role=2
DBG_UWB_TX_CH5
DBG_TX_WAKE_CLAIM_SENT
DBG_ANCHOR_CH5_SCAN_BLOCKED win=0 survey=0 tx=0 retry_gap=0 wait=0 rx=0 rxq=0 rxr=0 ack=0 ch9=0 rf=1 retry=20 interval=380
DBG_ANCHOR_CH5_SCAN_RESCHED ret=1 delay=20
DBG_UWB_TX_CH5
DBG_TX_WAKE_CLAIM_SENT
DBG_DWM_CH5_RX_HUNT_START acq=3 complete=15 cap=125
DBG_DWM_CH5_RX_HUNT_EMPTY ret=-116 status=0x00000000 acq=3
DBG_UWB_TX_CH5
DBG_TX_WAKE_CLAIM_SENT
DBG_ANCHOR_CH5_SCAN_HANDLER role=2
DBG_UWB_TX_CH5
DBG_TX_WAKE_CLAIM_SENT
DBG_ANCHOR_CH5_SCAN_BLOCKED win=0 survey=0 tx=0 retry_gap=0 wait=0 rx=0 rxq=0 rxr=0 ack=0 ch9=0 rf=1 retry=20 interval=380
DBG_ANCHOR_CH5_SCAN_RESCHED ret=1 delay=20
DBG_ANCHOR_CH5_SCAN_HANDLER role=2
DBG_ANCHOR_CH5_SCAN_BLOCKED win=0 survey=0 tx=0 retry_gap=0 wait=0 rx=0 rxq=0 rxr=0 ack=0 ch9=0 rf=1 retry=20 interval=380
DBG_ANCHOR_CH5_SCAN_RESCHED ret=1 delay=20
DBG_C5_CONTROL_FOLLOWUP_TURNAROUND delay=60 msg=40 reason=broadcast-forward
DBG_ANCHOR_CH5_SCAN_HANDLER role=2
DBG_ANCHOR_CH9_REARM delay=0 ret=1 ack=0
DBG_ANCHOR_CH5_SCAN_BLOCKED win=0 survey=0 tx=0 retry_gap=0 wait=0 rx=0 rxq=0 rxr=0 ack=0 ch9=1 rf=0 retry=245 interval=380
DBG_ANCHOR_CH5_SCAN_RESCHED ret=1 delay=245
DBG_DWM_WAKE_MESH_CTRL_OK sfd=4073
DBG_C5_TX_CONFIG ret=0 ext=1 len=193 msg=40 reason=bounded-c5-flood
DBG_UWB_TX_CH5
DBG_DWM_WAKE_MESH_CTRL_OK sfd=4073
DBG_DWM_WAKE_MESH_CTRL_OK sfd=4073
DBG_C5_TX_CONFIG ret=0 ext=1 len=193 msg=40 reason=bounded-c5-flood
DBG_UWB_TX_CH5
DBG_DWM_WAKE_MESH_CTRL_OK sfd=4073
DBG_ANCHOR_CH5_SCAN_HANDLER role=2
DBG_ANCHOR_CH5_SCAN_BLOCKED win=0 survey=0 tx=0 retry_gap=0 wait=0 rx=0 rxq=0 rxr=0 ack=0 ch9=0 rf=1 retry=20 interval=380
DBG_ANCHOR_CH5_SCAN_RESCHED ret=1 delay=20
DBG_ANCHOR_CH5_SCAN_HANDLER role=2
DBG_ANCHOR_CH5_SCAN_BLOCKED win=0 survey=0 tx=0 retry_gap=0 wait=0 rx=0 rxq=0 rxr=0 ack=0 ch9=0 rf=1 retry=20 interval=380
DBG_ANCHOR_CH5_SCAN_RESCHED ret=1 delay=20
DBG_ANCHOR_CH5_SCAN_HANDLER role=2
DBG_ANCHOR_CH5_SCAN_BLOCKED win=0 survey=0 tx=0 retry_gap=0 wait=0 rx=0 rxq=0 rxr=0 ack=0 ch9=0 rf=1 retry=20 interval=380
DBG_ANCHOR_CH5_SCAN_RESCHED ret=1 delay=20
DBG_DWM_WAKE_MESH_CTRL_OK sfd=4073
DBG_C5_TX_CONFIG ret=0 ext=1 len=193 msg=40 reason=bounded-c5-flood
DBG_ANCHOR_CH5_SCAN_HANDLER role=2
DBG_ANCHOR_CH5_SCAN_BLOCKED win=0 survey=0 tx=0 retry_gap=0 wait=0 rx=0 rxq=0 rxr=0 ack=0 ch9=0 rf=1 retry=20 interval=380
DBG_UWB_TX_CH5
DBG_ANCHOR_CH5_SCAN_RESCHED ret=1 delay=20
DBG_DWM_WAKE_MESH_CTRL_OK sfd=4073
DBG_ANCHOR_CH5_SCAN_HANDLER role=2
DBG_ANCHOR_CH5_SCAN_BLOCKED win=0 survey=0 tx=0 retry_gap=0 wait=0 rx=0 rxq=0 rxr=0 ack=0 ch9=0 rf=1 retry=20 interval=380
DBG_ANCHOR_CH5_SCAN_RESCHED ret=1 delay=20
DBG_ANCHOR_CH5_SCAN_HANDLER role=2
DBG_ANCHOR_CH5_SCAN_BLOCKED win=0 survey=0 tx=0 retry_gap=0 wait=0 rx=0 rxq=0 rxr=0 ack=0 ch9=0 rf=1 retry=20 interval=380
DBG_ANCHOR_CH5_SCAN_RESCHED ret=1 delay=20
DBG_ANCHOR_CH5_SCAN_HANDLER role=2
DBG_ANCHOR_CH5_SCAN_BLOCKED win=0 survey=0 tx=0 retry_gap=0 wait=0 rx=0 rxq=0 rxr=0 ack=0 ch9=0 rf=1 retry=20 interval=380
DBG_ANCHOR_CH5_SCAN_RESCHED ret=1 delay=20
DBG_ANCHOR_CH5_SCAN_HANDLER role=2
DBG_DWM_WAKE_MESH_CTRL_OK sfd=4073
DBG_C5_TX_CONFIG ret=0 ext=1 len=193 msg=40 reason=bounded-c5-flood
DBG_ANCHOR_CH5_SCAN_BLOCKED win=0 survey=0 tx=0 retry_gap=0 wait=0 rx=0 rxq=0 rxr=0 ack=0 ch9=0 rf=1 retry=20 interval=380
DBG_ANCHOR_CH5_SCAN_RESCHED ret=1 delay=20
DBG_UWB_TX_CH5
DBG_WAKE_TRAIN_GUARD_OK
DBG_ANCHOR_CH5_SCAN_HANDLER role=2
DBG_ANCHOR_CH5_SCAN_BLOCKED win=0 survey=0 tx=0 retry_gap=0 wait=0 rx=0 rxq=0 rxr=0 ack=0 ch9=0 rf=1 retry=20 interval=380
DBG_ANCHOR_CH5_SCAN_RESCHED ret=1 delay=20
DBG_ANCHOR_CH5_SCAN_HANDLER role=2
DBG_WAKE_TRAIN_CONFIG_BEGIN
DBG_ANCHOR_CH5_SCAN_BLOCKED win=0 survey=0 tx=0 retry_gap=0 wait=0 rx=0 rxq=0 rxr=0 ack=0 ch9=0 rf=1 retry=20 interval=380
DBG_ANCHOR_CH5_SCAN_RESCHED ret=1 delay=20
DBG_WAKE_TRAIN_CONFIG_OK
DBG_WAKE_TRAIN_FIRST_SEND_BEGIN
DBG_ANCHOR_CH5_SCAN_HANDLER role=2
DBG_WAKE_TRAIN_FIRST_SEND_OK
DBG_UWB_TX_CH5
DBG_TX_WAKE_CLAIM_SENT
DBG_ANCHOR_CH5_SCAN_BLOCKED win=0 survey=0 tx=0 retry_gap=0 wait=0 rx=0 rxq=0 rxr=0 ack=0 ch9=0 rf=1 retry=20 interval=380
DBG_ANCHOR_CH5_SCAN_RESCHED ret=1 delay=20
DBG_UWB_TX_CH5
DBG_TX_WAKE_CLAIM_SENT
DBG_UWB_TX_CH5
DBG_TX_WAKE_CLAIM_SENT
DBG_UWB_TX_CH5
DBG_TX_WAKE_CLAIM_SENT
DBG_DWM_CH5_RX_HUNT_START acq=3 complete=15 cap=125
DBG_ANCHOR_CH5_SCAN_HANDLER role=2
DBG_DWM_CH5_RX_HUNT_EMPTY ret=-116 status=0x00000000 acq=3
DBG_ANCHOR_CH5_SCAN_BLOCKED win=0 survey=0 tx=0 retry_gap=0 wait=0 rx=0 rxq=0 rxr=0 ack=0 ch9=0 rf=1 retry=20 interval=380
DBG_ANCHOR_CH5_SCAN_RESCHED ret=1 delay=20
DBG_UWB_TX_CH5
DBG_TX_WAKE_CLAIM_SENT
DBG_UWB_TX_CH5
DBG_TX_WAKE_CLAIM_SENT
DBG_UWB_TX_CH5
DBG_TX_WAKE_CLAIM_SENT
DBG_DWM_CH5_RX_HUNT_START acq=3 complete=15 cap=125
DBG_ANCHOR_CH5_SCAN_HANDLER role=2
DBG_DWM_CH5_RX_HUNT_EMPTY ret=-116 status=0x00000000 acq=3
DBG_ANCHOR_CH5_SCAN_BLOCKED win=0 survey=0 tx=0 retry_gap=0 wait=0 rx=0 rxq=0 rxr=0 ack=0 ch9=0 rf=1 retry=20 interval=380
DBG_ANCHOR_CH5_SCAN_RESCHED ret=1 delay=20
DBG_UWB_TX_CH5
DBG_TX_WAKE_CLAIM_SENT
DBG_UWB_TX_CH5
DBG_TX_WAKE_CLAIM_SENT
DBG_UWB_TX_CH5
DBG_TX_WAKE_CLAIM_SENT
DBG_DWM_CH5_RX_HUNT_START acq=3 complete=15 cap=125
DBG_ANCHOR_CH5_SCAN_HANDLER role=2
DBG_DWM_CH5_RX_HUNT_EMPTY ret=-116 status=0x00000000 acq=3
DBG_ANCHOR_CH5_SCAN_BLOCKED win=0 survey=0 tx=0 retry_gap=0 wait=0 rx=0 rxq=0 rxr=0 ack=0 ch9=0 rf=1 retry=20 interval=380
DBG_ANCHOR_CH5_SCAN_RESCHED ret=1 delay=20
DBG_UWB_TX_CH5
DBG_TX_WAKE_CLAIM_SENT
DBG_UWB_TX_CH5
DBG_TX_WAKE_CLAIM_SENT
DBG_UWB_TX_CH5
DBG_TX_WAKE_CLAIM_SENT
DBG_DWM_CH5_RX_HUNT_START acq=3 complete=15 cap=125
DBG_ANCHOR_CH5_SCAN_HANDLER role=2
DBG_DWM_CH5_RX_HUNT_EMPTY ret=-116 status=0x00000000 acq=3
DBG_ANCHOR_CH5_SCAN_BLOCKED win=0 survey=0 tx=0 retry_gap=0 wait=0 rx=0 rxq=0 rxr=0 ack=0 ch9=0 rf=1 retry=20 interval=380
DBG_ANCHOR_CH5_SCAN_RESCHED ret=1 delay=20
DBG_UWB_TX_CH5
DBG_TX_WAKE_CLAIM_SENT
DBG_UWB_TX_CH5
DBG_TX_WAKE_CLAIM_SENT
DBG_UWB_TX_CH5
DBG_TX_WAKE_CLAIM_SENT
DBG_DWM_CH5_RX_HUNT_START acq=3 complete=15 cap=125
DBG_ANCHOR_CH5_SCAN_HANDLER role=2
DBG_DWM_CH5_RX_HUNT_EMPTY ret=-116 status=0x00000000 acq=3
DBG_ANCHOR_CH5_SCAN_BLOCKED win=0 survey=0 tx=0 retry_gap=0 wait=0 rx=0 rxq=0 rxr=0 ack=0 ch9=0 rf=1 retry=20 interval=380
DBG_ANCHOR_CH5_SCAN_RESCHED ret=1 delay=20
DBG_UWB_TX_CH5
DBG_TX_WAKE_CLAIM_SENT
DBG_UWB_TX_CH5
DBG_TX_WAKE_CLAIM_SENT
DBG_UWB_TX_CH5
DBG_TX_WAKE_CLAIM_SENT
DBG_DWM_CH5_RX_HUNT_START acq=3 complete=15 cap=125
DBG_ANCHOR_CH5_SCAN_HANDLER role=2
DBG_DWM_CH5_RX_HUNT_EMPTY ret=-116 status=0x00000000 acq=3
DBG_ANCHOR_CH5_SCAN_BLOCKED win=0 survey=0 tx=0 retry_gap=0 wait=0 rx=0 rxq=0 rxr=0 ack=0 ch9=0 rf=1 retry=20 interval=380
DBG_ANCHOR_CH5_SCAN_RESCHED ret=1 delay=20
DBG_UWB_TX_CH5
DBG_TX_WAKE_CLAIM_SENT
DBG_UWB_TX_CH5
DBG_TX_WAKE_CLAIM_SENT
DBG_UWB_TX_CH5
DBG_TX_WAKE_CLAIM_SENT
DBG_DWM_CH5_RX_HUNT_START acq=3 complete=15 cap=125
DBG_ANCHOR_CH5_SCAN_HANDLER role=2
DBG_DWM_CH5_RX_HUNT_EMPTY ret=-116 status=0x00000000 acq=3
DBG_ANCHOR_CH5_SCAN_BLOCKED win=0 survey=0 tx=0 retry_gap=0 wait=0 rx=0 rxq=0 rxr=0 ack=0 ch9=0 rf=1 retry=20 interval=380
DBG_ANCHOR_CH5_SCAN_RESCHED ret=1 delay=20
DBG_UWB_TX_CH5
DBG_TX_WAKE_CLAIM_SENT
DBG_UWB_TX_CH5
DBG_TX_WAKE_CLAIM_SENT
DBG_UWB_TX_CH5
DBG_TX_WAKE_CLAIM_SENT
DBG_DWM_CH5_RX_HUNT_START acq=3 complete=15 cap=125
DBG_ANCHOR_CH5_SCAN_HANDLER role=2
DBG_DWM_CH5_RX_HUNT_EMPTY ret=-116 status=0x00000000 acq=3
DBG_ANCHOR_CH5_SCAN_BLOCKED win=0 survey=0 tx=0 retry_gap=0 wait=0 rx=0 rxq=0 rxr=0 ack=0 ch9=0 rf=1 retry=20 interval=380
DBG_ANCHOR_CH5_SCAN_RESCHED ret=1 delay=20
DBG_UWB_TX_CH5
DBG_TX_WAKE_CLAIM_SENT
DBG_UWB_TX_CH5
DBG_TX_WAKE_CLAIM_SENT
DBG_UWB_TX_CH5
DBG_TX_WAKE_CLAIM_SENT
DBG_DWM_CH5_RX_HUNT_START acq=3 complete=15 cap=125
DBG_ANCHOR_CH5_SCAN_HANDLER role=2
DBG_DWM_CH5_RX_HUNT_EMPTY ret=-116 status=0x00000000 acq=3
DBG_ANCHOR_CH5_SCAN_BLOCKED win=0 survey=0 tx=0 retry_gap=0 wait=0 rx=0 rxq=0 rxr=0 ack=0 ch9=0 rf=1 retry=20 interval=380
DBG_ANCHOR_CH5_SCAN_RESCHED ret=1 delay=20
DBG_UWB_TX_CH5
DBG_TX_WAKE_CLAIM_SENT
DBG_UWB_TX_CH5
DBG_TX_WAKE_CLAIM_SENT
DBG_UWB_TX_CH5
DBG_TX_WAKE_CLAIM_SENT
DBG_DWM_CH5_RX_HUNT_START acq=3 complete=15 cap=125
DBG_ANCHOR_CH5_SCAN_HANDLER role=2
DBG_DWM_CH5_RX_HUNT_EMPTY ret=-116 status=0x00000000 acq=3
DBG_ANCHOR_CH5_SCAN_BLOCKED win=0 survey=0 tx=0 retry_gap=0 wait=0 rx=0 rxq=0 rxr=0 ack=0 ch9=0 rf=1 retry=20 interval=380
DBG_ANCHOR_CH5_SCAN_RESCHED ret=1 delay=20
DBG_UWB_TX_CH5
DBG_TX_WAKE_CLAIM_SENT
DBG_UWB_TX_CH5
DBG_TX_WAKE_CLAIM_SENT
DBG_UWB_TX_CH5
DBG_TX_WAKE_CLAIM_SENT
DBG_DWM_CH5_RX_HUNT_START acq=3 complete=15 cap=125
DBG_ANCHOR_CH5_SCAN_HANDLER role=2
DBG_DWM_CH5_RX_HUNT_EMPTY ret=-116 status=0x00000000 acq=3
DBG_ANCHOR_CH5_SCAN_BLOCKED win=0 survey=0 tx=0 retry_gap=0 wait=0 rx=0 rxq=0 rxr=0 ack=0 ch9=0 rf=1 retry=20 interval=380
DBG_ANCHOR_CH5_SCAN_RESCHED ret=1 delay=20
DBG_UWB_TX_CH5
DBG_TX_WAKE_CLAIM_SENT
DBG_UWB_TX_CH5
DBG_TX_WAKE_CLAIM_SENT
DBG_UWB_TX_CH5
DBG_TX_WAKE_CLAIM_SENT
DBG_DWM_CH5_RX_HUNT_START acq=3 complete=15 cap=125
DBG_ANCHOR_CH5_SCAN_HANDLER role=2
DBG_DWM_CH5_RX_HUNT_EMPTY ret=-116 status=0x00000000 acq=3
DBG_ANCHOR_CH5_SCAN_BLOCKED win=0 survey=0 tx=0 retry_gap=0 wait=0 rx=0 rxq=0 rxr=0 ack=0 ch9=0 rf=1 retry=20 interval=380
DBG_ANCHOR_CH5_SCAN_RESCHED ret=1 delay=20
DBG_UWB_TX_CH5
DBG_TX_WAKE_CLAIM_SENT
DBG_UWB_TX_CH5
DBG_TX_WAKE_CLAIM_SENT
DBG_UWB_TX_CH5
DBG_TX_WAKE_CLAIM_SENT
DBG_DWM_CH5_RX_HUNT_START acq=3 complete=15 cap=125
DBG_ANCHOR_CH5_SCAN_HANDLER role=2
DBG_DWM_CH5_RX_HUNT_EMPTY ret=-116 status=0x00000000 acq=3
DBG_ANCHOR_CH5_SCAN_BLOCKED win=0 survey=0 tx=0 retry_gap=0 wait=0 rx=0 rxq=0 rxr=0 ack=0 ch9=0 rf=1 retry=20 interval=380
DBG_ANCHOR_CH5_SCAN_RESCHED ret=1 delay=20
DBG_UWB_TX_CH5
DBG_TX_WAKE_CLAIM_SENT
DBG_UWB_TX_CH5
DBG_TX_WAKE_CLAIM_SENT
DBG_UWB_TX_CH5
DBG_TX_WAKE_CLAIM_SENT
DBG_DWM_CH5_RX_HUNT_START acq=3 complete=15 cap=125
DBG_ANCHOR_CH5_SCAN_HANDLER role=2
DBG_DWM_CH5_RX_HUNT_EMPTY ret=-116 status=0x00000000 acq=3
DBG_ANCHOR_CH5_SCAN_BLOCKED win=0 survey=0 tx=0 retry_gap=0 wait=0 rx=0 rxq=0 rxr=0 ack=0 ch9=0 rf=1 retry=20 interval=380
DBG_ANCHOR_CH5_SCAN_RESCHED ret=1 delay=20
DBG_UWB_TX_CH5
DBG_TX_WAKE_CLAIM_SENT
DBG_UWB_TX_CH5
DBG_TX_WAKE_CLAIM_SENT
DBG_UWB_TX_CH5
DBG_TX_WAKE_CLAIM_SENT
DBG_DWM_CH5_RX_HUNT_START acq=3 complete=15 cap=125
DBG_ANCHOR_CH5_SCAN_HANDLER role=2
DBG_DWM_CH5_RX_HUNT_EMPTY ret=-116 status=0x00000000 acq=3
DBG_ANCHOR_CH5_SCAN_BLOCKED win=0 survey=0 tx=0 retry_gap=0 wait=0 rx=0 rxq=0 rxr=0 ack=0 ch9=0 rf=1 retry=20 interval=380
DBG_ANCHOR_CH5_SCAN_RESCHED ret=1 delay=20
DBG_UWB_TX_CH5
DBG_TX_WAKE_CLAIM_SENT
DBG_UWB_TX_CH5
DBG_TX_WAKE_CLAIM_SENT
DBG_UWB_TX_CH5
DBG_TX_WAKE_CLAIM_SENT
DBG_DWM_CH5_RX_HUNT_START acq=3 complete=15 cap=125
DBG_ANCHOR_CH5_SCAN_HANDLER role=2
DBG_DWM_CH5_RX_HUNT_EMPTY ret=-116 status=0x00000000 acq=3
DBG_ANCHOR_CH5_SCAN_BLOCKED win=0 survey=0 tx=0 retry_gap=0 wait=0 rx=0 rxq=0 rxr=0 ack=0 ch9=0 rf=1 retry=20 interval=380
DBG_ANCHOR_CH5_SCAN_RESCHED ret=1 delay=20
DBG_UWB_TX_CH5
DBG_TX_WAKE_CLAIM_SENT
DBG_UWB_TX_CH5
DBG_TX_WAKE_CLAIM_SENT
DBG_UWB_TX_CH5
DBG_TX_WAKE_CLAIM_SENT
DBG_DWM_CH5_RX_HUNT_START acq=3 complete=15 cap=125
DBG_ANCHOR_CH5_SCAN_HANDLER role=2
DBG_DWM_CH5_RX_HUNT_EMPTY ret=-116 status=0x00000000 acq=3
DBG_ANCHOR_CH5_SCAN_BLOCKED win=0 survey=0 tx=0 retry_gap=0 wait=0 rx=0 rxq=0 rxr=0 ack=0 ch9=0 rf=1 retry=20 interval=380
DBG_ANCHOR_CH5_SCAN_RESCHED ret=1 delay=20
DBG_UWB_TX_CH5
DBG_TX_WAKE_CLAIM_SENT
DBG_ANCHOR_CH5_SCAN_HANDLER role=2
DBG_ANCHOR_CH5_SCAN_BLOCKED win=0 survey=0 tx=0 retry_gap=0 wait=0 rx=0 rxq=0 rxr=0 ack=0 ch9=0 rf=1 retry=20 interval=380
DBG_ANCHOR_CH5_SCAN_RESCHED ret=1 delay=20
DBG_C5_CONTROL_FOLLOWUP_TURNAROUND delay=60 msg=40 reason=broadcast-forward
DBG_ANCHOR_CH5_SCAN_HANDLER role=2
DBG_ANCHOR_CH9_REARM delay=0 ret=1 ack=0
DBG_ANCHOR_CH5_SCAN_BLOCKED win=0 survey=0 tx=0 retry_gap=0 wait=0 rx=0 rxq=0 rxr=0 ack=0 ch9=1 rf=0 retry=245 interval=380
DBG_ANCHOR_CH5_SCAN_RESCHED ret=1 delay=245
DBG_DWM_WAKE_MESH_CTRL_OK sfd=4073
DBG_C5_TX_CONFIG ret=0 ext=1 len=193 msg=40 reason=bounded-c5-flood
DBG_UWB_TX_CH5
DBG_DWM_WAKE_MESH_CTRL_OK sfd=4073
DBG_DWM_WAKE_MESH_CTRL_OK sfd=4073
DBG_C5_TX_CONFIG ret=0 ext=1 len=193 msg=40 reason=bounded-c5-flood
DBG_UWB_TX_CH5
DBG_DWM_WAKE_MESH_CTRL_OK sfd=4073
DBG_ANCHOR_CH5_SCAN_HANDLER role=2
DBG_ANCHOR_CH5_SCAN_BLOCKED win=0 survey=0 tx=0 retry_gap=0 wait=0 rx=0 rxq=0 rxr=0 ack=0 ch9=0 rf=1 retry=20 interval=380
DBG_ANCHOR_CH5_SCAN_RESCHED ret=1 delay=20
DBG_ANCHOR_CH5_SCAN_HANDLER role=2
DBG_ANCHOR_CH5_SCAN_BLOCKED win=0 survey=0 tx=0 retry_gap=0 wait=0 rx=0 rxq=0 rxr=0 ack=0 ch9=0 rf=1 retry=20 interval=380
DBG_ANCHOR_CH5_SCAN_RESCHED ret=1 delay=20
DBG_ANCHOR_CH5_SCAN_HANDLER role=2
DBG_ANCHOR_CH5_SCAN_BLOCKED win=0 survey=0 tx=0 retry_gap=0 wait=0 rx=0 rxq=0 rxr=0 ack=0 ch9=0 rf=1 retry=20 interval=380
DBG_ANCHOR_CH5_SCAN_RESCHED ret=1 delay=20
DBG_DWM_WAKE_MESH_CTRL_OK sfd=4073
DBG_C5_TX_CONFIG ret=0 ext=1 len=193 msg=40 reason=bounded-c5-flood
DBG_ANCHOR_CH5_SCAN_HANDLER role=2
DBG_ANCHOR_CH5_SCAN_BLOCKED win=0 survey=0 tx=0 retry_gap=0 wait=0 rx=0 rxq=0 rxr=0 ack=0 ch9=0 rf=1 retry=20 interval=380
DBG_UWB_TX_CH5
DBG_ANCHOR_CH5_SCAN_RESCHED ret=1 delay=20
DBG_DWM_WAKE_MESH_CTRL_OK sfd=4073
DBG_ANCHOR_CH5_SCAN_HANDLER role=2
DBG_ANCHOR_CH5_SCAN_BLOCKED win=0 survey=0 tx=0 retry_gap=0 wait=0 rx=0 rxq=0 rxr=0 ack=0 ch9=0 rf=1 retry=20 interval=380
DBG_ANCHOR_CH5_SCAN_RESCHED ret=1 delay=20
DBG_ANCHOR_CH5_SCAN_HANDLER role=2
DBG_ANCHOR_CH5_SCAN_BLOCKED win=0 survey=0 tx=0 retry_gap=0 wait=0 rx=0 rxq=0 rxr=0 ack=0 ch9=0 rf=1 retry=20 interval=380
DBG_ANCHOR_CH5_SCAN_RESCHED ret=1 delay=20
DBG_ANCHOR_CH5_SCAN_HANDLER role=2
DBG_ANCHOR_CH5_SCAN_BLOCKED win=0 survey=0 tx=0 retry_gap=0 wait=0 rx=0 rxq=0 rxr=0 ack=0 ch9=0 rf=1 retry=20 interval=380
DBG_ANCHOR_CH5_SCAN_RESCHED ret=1 delay=20
DBG_ANCHOR_CH5_SCAN_HANDLER role=2
DBG_ANCHOR_CH5_SCAN_BLOCKED win=0 survey=0 tx=0 retry_gap=0 wait=0 rx=0 rxq=0 rxr=0 ack=0 ch9=0 rf=1 retry=20 interval=380
DBG_DWM_WAKE_MESH_CTRL_OK sfd=4073
DBG_C5_TX_CONFIG ret=0 ext=1 len=193 msg=40 reason=bounded-c5-flood
DBG_ANCHOR_CH5_SCAN_RESCHED ret=1 delay=20
DBG_UWB_TX_CH5
DBG_WAKE_TRAIN_GUARD_OK
DBG_ANCHOR_CH5_SCAN_HANDLER role=2
DBG_ANCHOR_CH5_SCAN_BLOCKED win=0 survey=0 tx=0 retry_gap=0 wait=0 rx=0 rxq=0 rxr=0 ack=0 ch9=0 rf=1 retry=20 interval=380
DBG_ANCHOR_CH5_SCAN_RESCHED ret=1 delay=20
DBG_ANCHOR_CH5_SCAN_HANDLER role=2
DBG_WAKE_TRAIN_CONFIG_BEGIN
DBG_ANCHOR_CH5_SCAN_BLOCKED win=0 survey=0 tx=0 retry_gap=0 wait=0 rx=0 rxq=0 rxr=0 ack=0 ch9=0 rf=1 retry=20 interval=380
DBG_ANCHOR_CH5_SCAN_RESCHED ret=1 delay=20
DBG_WAKE_TRAIN_CONFIG_OK
DBG_WAKE_TRAIN_FIRST_SEND_BEGIN
DBG_ANCHOR_CH5_SCAN_HANDLER role=2
DBG_WAKE_TRAIN_FIRST_SEND_OK
DBG_UWB_TX_CH5
DBG_TX_WAKE_CLAIM_SENT
DBG_ANCHOR_CH5_SCAN_BLOCKED win=0 survey=0 tx=0 retry_gap=0 wait=0 rx=0 rxq=0 rxr=0 ack=0 ch9=0 rf=1 retry=20 interval=380
DBG_ANCHOR_CH5_SCAN_RESCHED ret=1 delay=20
DBG_UWB_TX_CH5
DBG_TX_WAKE_CLAIM_SENT
DBG_UWB_TX_CH5
DBG_TX_WAKE_CLAIM_SENT
DBG_DWM_CH5_RX_HUNT_START acq=3 complete=15 cap=125
DBG_DWM_CH5_RX_HUNT_EMPTY ret=-116 status=0x00000000 acq=3
DBG_ANCHOR_CH5_SCAN_HANDLER role=2
DBG_UWB_TX_CH5
DBG_TX_WAKE_CLAIM_SENT
DBG_ANCHOR_CH5_SCAN_BLOCKED win=0 survey=0 tx=0 retry_gap=0 wait=0 rx=0 rxq=0 rxr=0 ack=0 ch9=0 rf=1 retry=20 interval=380
DBG_ANCHOR_CH5_SCAN_RESCHED ret=1 delay=20
DBG_UWB_TX_CH5
DBG_TX_WAKE_CLAIM_SENT
DBG_UWB_TX_CH5
DBG_TX_WAKE_CLAIM_SENT
DBG_DWM_CH5_RX_HUNT_START acq=3 complete=15 cap=125
DBG_DWM_CH5_RX_HUNT_EMPTY ret=-116 status=0x00000000 acq=3
DBG_ANCHOR_CH5_SCAN_HANDLER role=2
DBG_UWB_TX_CH5
DBG_TX_WAKE_CLAIM_SENT
DBG_ANCHOR_CH5_SCAN_BLOCKED win=0 survey=0 tx=0 retry_gap=0 wait=0 rx=0 rxq=0 rxr=0 ack=0 ch9=0 rf=1 retry=20 interval=380
DBG_ANCHOR_CH5_SCAN_RESCHED ret=1 delay=20
DBG_UWB_TX_CH5
DBG_TX_WAKE_CLAIM_SENT
DBG_UWB_TX_CH5
DBG_TX_WAKE_CLAIM_SENT
DBG_DWM_CH5_RX_HUNT_START acq=3 complete=15 cap=125
DBG_DWM_CH5_RX_HUNT_EMPTY ret=-116 status=0x00000000 acq=3
DBG_ANCHOR_CH5_SCAN_HANDLER role=2
DBG_UWB_TX_CH5
DBG_TX_WAKE_CLAIM_SENT
DBG_ANCHOR_CH5_SCAN_BLOCKED win=0 survey=0 tx=0 retry_gap=0 wait=0 rx=0 rxq=0 rxr=0 ack=0 ch9=0 rf=1 retry=20 interval=380
DBG_ANCHOR_CH5_SCAN_RESCHED ret=1 delay=20
DBG_UWB_TX_CH5
DBG_TX_WAKE_CLAIM_SENT
DBG_UWB_TX_CH5
DBG_TX_WAKE_CLAIM_SENT
DBG_DWM_CH5_RX_HUNT_START acq=3 complete=15 cap=125
DBG_DWM_CH5_RX_HUNT_EMPTY ret=-116 status=0x00000000 acq=3
DBG_ANCHOR_CH5_SCAN_HANDLER role=2
DBG_UWB_TX_CH5
DBG_TX_WAKE_CLAIM_SENT
DBG_ANCHOR_CH5_SCAN_BLOCKED win=0 survey=0 tx=0 retry_gap=0 wait=0 rx=0 rxq=0 rxr=0 ack=0 ch9=0 rf=1 retry=20 interval=380
DBG_ANCHOR_CH5_SCAN_RESCHED ret=1 delay=20
DBG_UWB_TX_CH5
DBG_TX_WAKE_CLAIM_SENT
DBG_UWB_TX_CH5
DBG_TX_WAKE_CLAIM_SENT
DBG_DWM_CH5_RX_HUNT_START acq=3 complete=15 cap=125
DBG_DWM_CH5_RX_HUNT_EMPTY ret=-116 status=0x00000000 acq=3
DBG_ANCHOR_CH5_SCAN_HANDLER role=2
DBG_UWB_TX_CH5
DBG_TX_WAKE_CLAIM_SENT
DBG_ANCHOR_CH5_SCAN_BLOCKED win=0 survey=0 tx=0 retry_gap=0 wait=0 rx=0 rxq=0 rxr=0 ack=0 ch9=0 rf=1 retry=20 interval=380
DBG_ANCHOR_CH5_SCAN_RESCHED ret=1 delay=20
DBG_UWB_TX_CH5
DBG_TX_WAKE_CLAIM_SENT
DBG_UWB_TX_CH5
DBG_TX_WAKE_CLAIM_SENT
DBG_DWM_CH5_RX_HUNT_START acq=3 complete=15 cap=125
DBG_DWM_CH5_RX_HUNT_EMPTY ret=-116 status=0x00000000 acq=3
DBG_ANCHOR_CH5_SCAN_HANDLER role=2
DBG_UWB_TX_CH5
DBG_TX_WAKE_CLAIM_SENT
DBG_ANCHOR_CH5_SCAN_BLOCKED win=0 survey=0 tx=0 retry_gap=0 wait=0 rx=0 rxq=0 rxr=0 ack=0 ch9=0 rf=1 retry=20 interval=380
DBG_ANCHOR_CH5_SCAN_RESCHED ret=1 delay=20
DBG_UWB_TX_CH5
DBG_TX_WAKE_CLAIM_SENT
DBG_UWB_TX_CH5
DBG_TX_WAKE_CLAIM_SENT
DBG_DWM_CH5_RX_HUNT_START acq=3 complete=15 cap=125
DBG_DWM_CH5_RX_HUNT_EMPTY ret=-116 status=0x00000000 acq=3
DBG_ANCHOR_CH5_SCAN_HANDLER role=2
DBG_UWB_TX_CH5
DBG_TX_WAKE_CLAIM_SENT
DBG_ANCHOR_CH5_SCAN_BLOCKED win=0 survey=0 tx=0 retry_gap=0 wait=0 rx=0 rxq=0 rxr=0 ack=0 ch9=0 rf=1 retry=20 interval=380
DBG_ANCHOR_CH5_SCAN_RESCHED ret=1 delay=20
DBG_UWB_TX_CH5
DBG_TX_WAKE_CLAIM_SENT
DBG_UWB_TX_CH5
DBG_TX_WAKE_CLAIM_SENT
DBG_DWM_CH5_RX_HUNT_START acq=3 complete=15 cap=125
DBG_DWM_CH5_RX_HUNT_EMPTY ret=-116 status=0x00000000 acq=3
DBG_ANCHOR_CH5_SCAN_HANDLER role=2
DBG_UWB_TX_CH5
DBG_TX_WAKE_CLAIM_SENT
DBG_ANCHOR_CH5_SCAN_BLOCKED win=0 survey=0 tx=0 retry_gap=0 wait=0 rx=0 rxq=0 rxr=0 ack=0 ch9=0 rf=1 retry=20 interval=380
DBG_ANCHOR_CH5_SCAN_RESCHED ret=1 delay=20
DBG_UWB_TX_CH5
DBG_TX_WAKE_CLAIM_SENT
DBG_UWB_TX_CH5
DBG_TX_WAKE_CLAIM_SENT
DBG_DWM_CH5_RX_HUNT_START acq=3 complete=15 cap=125
DBG_DWM_CH5_RX_HUNT_EMPTY ret=-116 status=0x00000000 acq=3
DBG_ANCHOR_CH5_SCAN_HANDLER role=2
DBG_UWB_TX_CH5
DBG_TX_WAKE_CLAIM_SENT
DBG_ANCHOR_CH5_SCAN_BLOCKED win=0 survey=0 tx=0 retry_gap=0 wait=0 rx=0 rxq=0 rxr=0 ack=0 ch9=0 rf=1 retry=20 interval=380
DBG_ANCHOR_CH5_SCAN_RESCHED ret=1 delay=20
DBG_UWB_TX_CH5
DBG_TX_WAKE_CLAIM_SENT
DBG_UWB_TX_CH5
DBG_TX_WAKE_CLAIM_SENT
DBG_DWM_CH5_RX_HUNT_START acq=3 complete=15 cap=125
DBG_DWM_CH5_RX_HUNT_EMPTY ret=-116 status=0x00000000 acq=3
DBG_ANCHOR_CH5_SCAN_HANDLER role=2
DBG_UWB_TX_CH5
DBG_TX_WAKE_CLAIM_SENT
DBG_ANCHOR_CH5_SCAN_BLOCKED win=0 survey=0 tx=0 retry_gap=0 wait=0 rx=0 rxq=0 rxr=0 ack=0 ch9=0 rf=1 retry=20 interval=380
DBG_ANCHOR_CH5_SCAN_RESCHED ret=1 delay=20
DBG_UWB_TX_CH5
DBG_TX_WAKE_CLAIM_SENT
DBG_UWB_TX_CH5
DBG_TX_WAKE_CLAIM_SENT
DBG_DWM_CH5_RX_HUNT_START acq=3 complete=15 cap=125
DBG_DWM_CH5_RX_HUNT_EMPTY ret=-116 status=0x00000000 acq=3
DBG_ANCHOR_CH5_SCAN_HANDLER role=2
DBG_UWB_TX_CH5
DBG_TX_WAKE_CLAIM_SENT
DBG_ANCHOR_CH5_SCAN_BLOCKED win=0 survey=0 tx=0 retry_gap=0 wait=0 rx=0 rxq=0 rxr=0 ack=0 ch9=0 rf=1 retry=20 interval=380
DBG_ANCHOR_CH5_SCAN_RESCHED ret=1 delay=20
DBG_UWB_TX_CH5
DBG_TX_WAKE_CLAIM_SENT
DBG_UWB_TX_CH5
DBG_TX_WAKE_CLAIM_SENT
DBG_DWM_CH5_RX_HUNT_START acq=3 complete=15 cap=125
DBG_DWM_CH5_RX_HUNT_EMPTY ret=-116 status=0x00000000 acq=3
DBG_ANCHOR_CH5_SCAN_HANDLER role=2
DBG_UWB_TX_CH5
DBG_TX_WAKE_CLAIM_SENT
DBG_ANCHOR_CH5_SCAN_BLOCKED win=0 survey=0 tx=0 retry_gap=0 wait=0 rx=0 rxq=0 rxr=0 ack=0 ch9=0 rf=1 retry=20 interval=380
DBG_ANCHOR_CH5_SCAN_RESCHED ret=1 delay=20
DBG_UWB_TX_CH5
DBG_TX_WAKE_CLAIM_SENT
DBG_UWB_TX_CH5
DBG_TX_WAKE_CLAIM_SENT
DBG_DWM_CH5_RX_HUNT_START acq=3 complete=15 cap=125
DBG_DWM_CH5_RX_HUNT_EMPTY ret=-116 status=0x00000000 acq=3
DBG_ANCHOR_CH5_SCAN_HANDLER role=2
DBG_UWB_TX_CH5
DBG_TX_WAKE_CLAIM_SENT
DBG_ANCHOR_CH5_SCAN_BLOCKED win=0 survey=0 tx=0 retry_gap=0 wait=0 rx=0 rxq=0 rxr=0 ack=0 ch9=0 rf=1 retry=20 interval=380
DBG_ANCHOR_CH5_SCAN_RESCHED ret=1 delay=20
DBG_UWB_TX_CH5
DBG_TX_WAKE_CLAIM_SENT
DBG_UWB_TX_CH5
DBG_TX_WAKE_CLAIM_SENT
DBG_DWM_CH5_RX_HUNT_START acq=3 complete=15 cap=125
DBG_DWM_CH5_RX_HUNT_EMPTY ret=-116 status=0x00000000 acq=3
DBG_ANCHOR_CH5_SCAN_HANDLER role=2
DBG_UWB_TX_CH5
DBG_TX_WAKE_CLAIM_SENT
DBG_ANCHOR_CH5_SCAN_BLOCKED win=0 survey=0 tx=0 retry_gap=0 wait=0 rx=0 rxq=0 rxr=0 ack=0 ch9=0 rf=1 retry=20 interval=380
DBG_ANCHOR_CH5_SCAN_RESCHED ret=1 delay=20
DBG_UWB_TX_CH5
DBG_TX_WAKE_CLAIM_SENT
DBG_UWB_TX_CH5
DBG_TX_WAKE_CLAIM_SENT
DBG_DWM_CH5_RX_HUNT_START acq=3 complete=15 cap=125
DBG_DWM_CH5_RX_HUNT_EMPTY ret=-116 status=0x00000000 acq=3
DBG_ANCHOR_CH5_SCAN_HANDLER role=2
DBG_UWB_TX_CH5
DBG_TX_WAKE_CLAIM_SENT
DBG_ANCHOR_CH5_SCAN_BLOCKED win=0 survey=0 tx=0 retry_gap=0 wait=0 rx=0 rxq=0 rxr=0 ack=0 ch9=0 rf=1 retry=20 interval=380
DBG_ANCHOR_CH5_SCAN_RESCHED ret=1 delay=20
DBG_UWB_TX_CH5
DBG_TX_WAKE_CLAIM_SENT
DBG_UWB_TX_CH5
DBG_TX_WAKE_CLAIM_SENT
DBG_DWM_CH5_RX_HUNT_START acq=3 complete=15 cap=125
DBG_DWM_CH5_RX_HUNT_EMPTY ret=-116 status=0x00000000 acq=3
DBG_ANCHOR_CH5_SCAN_HANDLER role=2
DBG_UWB_TX_CH5
DBG_TX_WAKE_CLAIM_SENT
DBG_ANCHOR_CH5_SCAN_BLOCKED win=0 survey=0 tx=0 retry_gap=0 wait=0 rx=0 rxq=0 rxr=0 ack=0 ch9=0 rf=1 retry=20 interval=380
DBG_ANCHOR_CH5_SCAN_RESCHED ret=1 delay=20
DBG_UWB_TX_CH5
DBG_TX_WAKE_CLAIM_SENT
DBG_UWB_TX_CH5
DBG_TX_WAKE_CLAIM_SENT
DBG_DWM_CH5_RX_HUNT_START acq=3 complete=15 cap=125
DBG_DWM_CH5_RX_HUNT_EMPTY ret=-116 status=0x00000000 acq=3
DBG_ANCHOR_CH5_SCAN_HANDLER role=2
DBG_UWB_TX_CH5
DBG_TX_WAKE_CLAIM_SENT
DBG_ANCHOR_CH5_SCAN_BLOCKED win=0 survey=0 tx=0 retry_gap=0 wait=0 rx=0 rxq=0 rxr=0 ack=0 ch9=0 rf=1 retry=20 interval=380
DBG_ANCHOR_CH5_SCAN_RESCHED ret=1 delay=20
DBG_UWB_TX_CH5
DBG_TX_WAKE_CLAIM_SENT
DBG_ANCHOR_CH5_SCAN_HANDLER role=2
DBG_ANCHOR_CH5_SCAN_BLOCKED win=0 survey=0 tx=0 retry_gap=0 wait=0 rx=0 rxq=0 rxr=0 ack=0 ch9=0 rf=1 retry=20 interval=380
DBG_ANCHOR_CH5_SCAN_RESCHED ret=1 delay=20
DBG_C5_CONTROL_FOLLOWUP_TURNAROUND delay=60 msg=40 reason=broadcast-forward
DBG_ANCHOR_CH5_SCAN_HANDLER role=2
DBG_ANCHOR_CH9_REARM delay=0 ret=1 ack=0
DBG_ANCHOR_CH5_SCAN_BLOCKED win=0 survey=0 tx=0 retry_gap=0 wait=0 rx=0 rxq=0 rxr=0 ack=0 ch9=1 rf=0 retry=245 interval=380
DBG_ANCHOR_CH5_SCAN_RESCHED ret=1 delay=245
DBG_DWM_WAKE_MESH_CTRL_OK sfd=4073
DBG_C5_TX_CONFIG ret=0 ext=1 len=193 msg=40 reason=bounded-c5-flood
DBG_UWB_TX_CH5
DBG_DWM_WAKE_MESH_CTRL_OK sfd=4073
DBG_DWM_WAKE_MESH_CTRL_OK sfd=4073
DBG_C5_TX_CONFIG ret=0 ext=1 len=193 msg=40 reason=bounded-c5-flood
DBG_UWB_TX_CH5
DBG_DWM_WAKE_MESH_CTRL_OK sfd=4073
DBG_ANCHOR_CH5_SCAN_HANDLER role=2
DBG_ANCHOR_CH5_SCAN_BLOCKED win=0 survey=0 tx=0 retry_gap=0 wait=0 rx=0 rxq=0 rxr=0 ack=0 ch9=0 rf=1 retry=20 interval=380
DBG_ANCHOR_CH5_SCAN_RESCHED ret=1 delay=20
DBG_ANCHOR_CH5_SCAN_HANDLER role=2
DBG_ANCHOR_CH5_SCAN_BLOCKED win=0 survey=0 tx=0 retry_gap=0 wait=0 rx=0 rxq=0 rxr=0 ack=0 ch9=0 rf=1 retry=20 interval=380
DBG_ANCHOR_CH5_SCAN_RESCHED ret=1 delay=20
DBG_ANCHOR_CH5_SCAN_HANDLER role=2
DBG_ANCHOR_CH5_SCAN_BLOCKED win=0 survey=0 tx=0 retry_gap=0 wait=0 rx=0 rxq=0 rxr=0 ack=0 ch9=0 rf=1 retry=20 interval=380
DBG_ANCHOR_CH5_SCAN_RESCHED ret=1 delay=20
DBG_DWM_WAKE_MESH_CTRL_OK sfd=4073
DBG_C5_TX_CONFIG ret=0 ext=1 len=193 msg=40 reason=bounded-c5-flood
DBG_ANCHOR_CH5_SCAN_HANDLER role=2
DBG_ANCHOR_CH5_SCAN_BLOCKED win=0 survey=0 tx=0 retry_gap=0 wait=0 rx=0 rxq=0 rxr=0 ack=0 ch9=0 rf=1 retry=20 interval=380
DBG_UWB_TX_CH5
DBG_ANCHOR_CH5_SCAN_RESCHED ret=1 delay=20
DBG_DWM_WAKE_MESH_CTRL_OK sfd=4073
DBG_ANCHOR_CH5_SCAN_HANDLER role=2
DBG_ANCHOR_CH5_SCAN_BLOCKED win=0 survey=0 tx=0 retry_gap=0 wait=0 rx=0 rxq=0 rxr=0 ack=0 ch9=0 rf=1 retry=20 interval=380
DBG_ANCHOR_CH5_SCAN_RESCHED ret=1 delay=20
DBG_ANCHOR_CH5_SCAN_HANDLER role=2
DBG_ANCHOR_CH5_SCAN_BLOCKED win=0 survey=0 tx=0 retry_gap=0 wait=0 rx=0 rxq=0 rxr=0 ack=0 ch9=0 rf=1 retry=20 interval=380
DBG_ANCHOR_CH5_SCAN_RESCHED ret=1 delay=20
DBG_ANCHOR_CH5_SCAN_HANDLER role=2
DBG_ANCHOR_CH5_SCAN_BLOCKED win=0 survey=0 tx=0 retry_gap=0 wait=0 rx=0 rxq=0 rxr=0 ack=0 ch9=0 rf=1 retry=20 interval=380
DBG_ANCHOR_CH5_SCAN_RESCHED ret=1 delay=20
DBG_ANCHOR_CH5_SCAN_HANDLER role=2
DBG_ANCHOR_CH5_SCAN_BLOCKED win=0 survey=0 tx=0 retry_gap=0 wait=0 rx=0 rxq=0 rxr=0 ack=0 ch9=0 rf=1 retry=20 interval=380
DBG_ANCHOR_CH5_SCAN_RESCHED ret=1 delay=20
DBG_DWM_WAKE_MESH_CTRL_OK sfd=4073
DBG_C5_TX_CONFIG ret=0 ext=1 len=193 msg=40 reason=bounded-c5-flood
DBG_UWB_TX_CH5
DBG_CH9_SKIP_STALE n=6 now=172258 next=172521 cnt=3173226860 reason=rx-select
DBG_CH5_GAP_SCAN now=172258 win=100 next_delay=203
DBG_ANCHOR_CH5_SCAN_HANDLER role=2
DBG_ANCHOR_CH5_SCAN_BLOCKED win=0 survey=0 tx=0 retry_gap=0 wait=0 rx=0 rxq=0 rxr=0 ack=0 ch9=0 rf=1 retry=20 interval=380
DBG_ANCHOR_CH5_SCAN_RESCHED ret=1 delay=20
DBG_ANCHOR_CH5_SCAN_HANDLER role=2
DBG_ANCHOR_CH5_SCAN_BLOCKED win=0 survey=0 tx=0 retry_gap=0 wait=0 rx=0 rxq=0 rxr=0 ack=0 ch9=0 rf=1 retry=20 interval=380
DBG_ANCHOR_CH5_SCAN_RESCHED ret=1 delay=20
DBG_ANCHOR_CH5_SCAN_HANDLER role=2
DBG_ANCHOR_CH5_SCAN_BLOCKED win=0 survey=0 tx=0 retry_gap=0 wait=0 rx=0 rxq=0 rxr=0 ack=0 ch9=0 rf=1 retry=20 interval=380
DBG_ANCHOR_CH5_SCAN_RESCHED ret=1 delay=20
DBG_ANCHOR_CH5_SCAN_HANDLER role=2
DBG_ANCHOR_CH5_SCAN_BLOCKED win=0 survey=0 tx=0 retry_gap=0 wait=0 rx=0 rxq=0 rxr=0 ack=0 ch9=0 rf=1 retry=20 interval=380
DBG_ANCHOR_CH5_SCAN_RESCHED ret=1 delay=20
DBG_CH5_GAP_SCAN_DONE frames=0 last_error=0 now=172358 deadline=172358 click=0
DBG_ANCHOR_CH5_SCAN_HANDLER role=2
DBG_DWM_KEEP_IDLE reason=mesh-rx ch9=1 ack=0 qack=0 ret=0
DBG_CH5_GAP_SCAN now=172359 win=42 next_delay=102
DBG_ANCHOR_CH5_SCAN_BLOCKED win=0 survey=0 tx=0 retry_gap=0 wait=0 rx=0 rxq=0 rxr=0 ack=0 ch9=0 rf=1 retry=20 interval=380
DBG_ANCHOR_CH5_SCAN_RESCHED ret=1 delay=20
DBG_ANCHOR_CH5_SCAN_HANDLER role=2
DBG_ANCHOR_CH5_SCAN_BLOCKED win=0 survey=0 tx=0 retry_gap=0 wait=0 rx=0 rxq=0 rxr=0 ack=0 ch9=0 rf=1 retry=20 interval=380
DBG_ANCHOR_CH5_SCAN_RESCHED ret=1 delay=20
DBG_CH5_GAP_SCAN_DONE frames=0 last_error=0 now=172401 deadline=172401 click=0
DBG_DWM_KEEP_IDLE reason=mesh-rx ch9=1 ack=0 qack=0 ret=0
DBG_ANCHOR_CH5_SCAN_HANDLER role=2
DBG_ANCHOR_CH9_REARM delay=55 ret=1 ack=0
DBG_ANCHOR_CH5_SCAN_BLOCKED win=0 survey=0 tx=0 retry_gap=0 wait=0 rx=0 rxq=0 rxr=0 ack=0 ch9=1 rf=0 retry=300 interval=380
DBG_ANCHOR_CH5_SCAN_RESCHED ret=1 delay=300
DBG_CH9_RX_SLOT idx=0 cnt=3173226860 now=172461 start=172521 end=172641
DBG_CH9_EVENT_STATE state=granted peer=0x708bc0aab970300e start=172521 end=172641 reason=rx-slot
DBG_CH9_RX_START idx=0 now=172462 start=172521 end=172641 tail=60
DBG_CH9_RX_CONFIG_OK
DBG_CH9_RX_EARLY_ARM now=172480 start=172521 guard=60
DBG_CH9_RX_ARMED now=172480 start=172521 end=172641 deadline=172701
DBG_CH9_RX_FRAME
DBG_UWB_RX_CH9
DBG_CH9_RX_HW since_us=60365 host_delta=23 en32=0x000e3604 rx32=0x00f41df0
DBG_CH9_RX_TIMING arm_delta=-41 hw_delta_us=19365 host_delta=23 len=131 q=100
DBG_UWB_RX_CH9
DBG_MESH_RX_QUEUED ch=9 msg=0x41 src=0x708bc0aab970300e dst=0x9999888877776666 prev=0x708bc0aab970300e seq=2 q=1
DBG_CH9_RX_EXPECTED delta=23 q=100
DBG_DWM_KEEP_IDLE reason=ch9-rx ch9=1 ack=0 qack=0 ret=0
DBG_CH9_RX_DONE_WITH_PEER
DBG_CH9_EVENT_STATE state=complete peer=0x708bc0aab970300e start=172521 end=172641 reason=rx-slot
DBG_MESH_RX_WORK_WAIT q=1
DBG_MESH_RX_WORK_ENTER q=1
DBG_MESH_RX_DRAIN_ENTER owner=work q=1
DBG_DIRECT_GW_TX seq=2 now=172705 reason=forward
DBG_CH9_EVENT_STATE state=tx_payload peer=0x9999888877776666 start=172705 end=172955 reason=forward
DBG_DIRECT_GW_TX_CONFIG ret=0 now=172705 seq=2
DBG_CH9_TX_SEND_AT now=172706 earliest=172705 msg=41 len=131
DBG_ANCHOR_CH5_SCAN_HANDLER role=2
DBG_ANCHOR_CH5_SCAN_BLOCKED win=0 survey=0 tx=1 retry_gap=0 wait=0 rx=0 rxq=0 rxr=0 ack=1 ch9=0 rf=1 retry=20 interval=380
DBG_ANCHOR_CH5_SCAN_RESCHED ret=1 delay=20
DBG_CH9_TX_DONE now=172710 dur=4 len=131 msg=41
DBG_UWB_TX_CH9
DBG_CH9_TX_SINGLE_SEND_OK
DBG_CH9_EVENT_STATE state=complete peer=0x9999888877776666 start=172705 end=172955 reason=forward
DBG_DIRECT_GW_TX_ACK_TRANSIT_WAIT dst=0x9999888877776666 src=0x708bc0aab970300e seq=2
DBG_ANCHOR_CH5_SCAN_HANDLER role=2
DBG_ANCHOR_CH5_SCAN_BLOCKED win=0 survey=0 tx=1 retry_gap=0 wait=0 rx=0 rxq=0 rxr=0 ack=1 ch9=0 rf=1 retry=20 interval=380
DBG_ANCHOR_CH5_SCAN_RESCHED ret=1 delay=20
DBG_UWB_RX_CH9
DBG_MESH_RX_QUEUED ch=9 msg=0x32 src=0x9999888877776666 dst=0x708bc0aab970300e prev=0x9999888877776666 seq=21 q=1
DBG_GATEWAY_ACK_RX
DBG_DIRECT_GW_ACK_TRANSIT queued=1 valid=1 dst=0x708bc0aab970300e seq=21
DBG_DIRECT_GW_TX_ACK_WAIT ret=0 seq=2
DBG_DWM_KEEP_IDLE reason=direct-gateway-payload ch9=1 ack=0 qack=0 ret=0
DBG_TRANSIT_REVERSE_ROUTE_COMMIT src=0x708bc0aab970300e prev=0x708bc0aab970300e
DBG_CH9_ACK_QUEUE_ADD
DBG_CH9_TX_ACK_IDLE
DBG_LEGACY_ACK_NO_MATCH
DBG_FORWARD_GATEWAY_ACK_CAND ch=9 src=0x9999888877776666 dst=0x708bc0aab970300e next=0x708bc0aab970300e local=0x191a9619c6c8cb
DBG_FORWARD_GATEWAY_ACK_MATCH
DBG_CH9_ACK_QUEUE_REPLACE_GATEWAY
DBG_FORWARD_GATEWAY_ACK_QUEUE seq=21 next=0x708bc0aab970300e len=44 ids=0 first=0 last=0 owner=transit ret=0 reason=forward-ga
DBG_MESH_RX_DRAIN_EXIT owner=work handled=2 q=0
DBG_MESH_RX_WORK_EXIT handled=2 q=0
DBG_MESH_RX_WORK_WAIT q=0
DBG_MESH_RX_WORK_ENTER q=0
DBG_MESH_RX_DRAIN_ENTER owner=work q=0
DBG_ANCHOR_CH5_SCAN_HANDLER role=2
DBG_ANCHOR_CH5_SCAN_BLOCKED win=0 survey=0 tx=1 retry_gap=0 wait=0 rx=0 rxq=0 rxr=0 ack=1 ch9=0 rf=1 retry=20 interval=380
DBG_ANCHOR_CH5_SCAN_RESCHED ret=1 delay=20
DBG_ANCHOR_CH5_SCAN_HANDLER role=2
DBG_ANCHOR_CH5_SCAN_BLOCKED win=0 survey=0 tx=1 retry_gap=0 wait=0 rx=0 rxq=0 rxr=0 ack=1 ch9=0 rf=1 retry=20 interval=380
DBG_ANCHOR_CH5_SCAN_RESCHED ret=1 delay=20
DBG_ANCHOR_CH5_SCAN_HANDLER role=2
DBG_ANCHOR_CH5_SCAN_BLOCKED win=0 survey=0 tx=1 retry_gap=0 wait=0 rx=0 rxq=0 rxr=0 ack=1 ch9=0 rf=1 retry=20 interval=380
DBG_ANCHOR_CH5_SCAN_RESCHED ret=1 delay=20
DBG_ANCHOR_CH5_SCAN_HANDLER role=2
DBG_ANCHOR_CH5_SCAN_BLOCKED win=0 survey=0 tx=1 retry_gap=0 wait=0 rx=0 rxq=0 rxr=0 ack=1 ch9=0 rf=1 retry=20 interval=380
DBG_ANCHOR_CH5_SCAN_RESCHED ret=1 delay=20
DBG_CH5_GAP_SCAN_DONE frames=0 last_error=0 now=172841 deadline=172841 click=0
DBG_DWM_KEEP_IDLE reason=mesh-rx ch9=1 ack=0 qack=1 ret=0
DBG_CH9_ACK_TX_WAIT
DBG_CH9_ACK_WAIT peer=0x708bc0aab970300e ret=-10 act=2 now=172842 start=173161 n=1
DBG_CH5_GAP_SCAN now=172842 win=100 next_delay=259
DBG_ANCHOR_CH5_SCAN_HANDLER role=2
DBG_ANCHOR_CH5_SCAN_BLOCKED win=0 survey=0 tx=1 retry_gap=0 wait=0 rx=0 rxq=0 rxr=0 ack=1 ch9=0 rf=1 retry=20 interval=380
DBG_ANCHOR_CH5_SCAN_RESCHED ret=1 delay=20
DBG_ANCHOR_CH5_SCAN_HANDLER role=2
DBG_ANCHOR_CH5_SCAN_BLOCKED win=0 survey=0 tx=1 retry_gap=0 wait=0 rx=0 rxq=0 rxr=0 ack=1 ch9=0 rf=1 retry=20 interval=380
DBG_ANCHOR_CH5_SCAN_RESCHED ret=1 delay=20
DBG_ANCHOR_CH5_SCAN_HANDLER role=2
DBG_ANCHOR_CH5_SCAN_BLOCKED win=0 survey=0 tx=1 retry_gap=0 wait=0 rx=0 rxq=0 rxr=0 ack=1 ch9=0 rf=1 retry=20 interval=380
DBG_ANCHOR_CH5_SCAN_RESCHED ret=1 delay=20
DBG_ANCHOR_CH5_SCAN_HANDLER role=2
DBG_ANCHOR_CH5_SCAN_BLOCKED win=0 survey=0 tx=1 retry_gap=0 wait=0 rx=0 rxq=0 rxr=0 ack=1 ch9=0 rf=1 retry=20 interval=380
DBG_ANCHOR_CH5_SCAN_RESCHED ret=1 delay=20
DBG_CH5_GAP_SCAN_DONE frames=0 last_error=0 now=172942 deadline=172942 click=0
DBG_DWM_KEEP_IDLE reason=mesh-rx ch9=1 ack=0 qack=1 ret=0
DBG_CH9_ACK_TX_WAIT
DBG_CH9_ACK_WAIT peer=0x708bc0aab970300e ret=-10 act=2 now=172943 start=173161 n=1
DBG_CH5_GAP_SCAN now=172943 win=98 next_delay=158
DBG_ANCHOR_CH5_SCAN_HANDLER role=2
DBG_ANCHOR_CH5_SCAN_BLOCKED win=0 survey=0 tx=1 retry_gap=0 wait=0 rx=0 rxq=0 rxr=0 ack=1 ch9=0 rf=1 retry=20 interval=380
DBG_ANCHOR_CH5_SCAN_RESCHED ret=1 delay=20
DBG_ANCHOR_CH5_SCAN_HANDLER role=2
DBG_ANCHOR_CH5_SCAN_BLOCKED win=0 survey=0 tx=1 retry_gap=0 wait=0 rx=0 rxq=0 rxr=0 ack=1 ch9=0 rf=1 retry=20 interval=380
DBG_ANCHOR_CH5_SCAN_RESCHED ret=1 delay=20
DBG_ANCHOR_CH5_SCAN_HANDLER role=2
DBG_ANCHOR_CH5_SCAN_BLOCKED win=0 survey=0 tx=1 retry_gap=0 wait=0 rx=0 rxq=0 rxr=0 ack=1 ch9=0 rf=1 retry=20 interval=380
DBG_ANCHOR_CH5_SCAN_RESCHED ret=1 delay=20
DBG_ANCHOR_CH5_SCAN_HANDLER role=2
DBG_ANCHOR_CH5_SCAN_BLOCKED win=0 survey=0 tx=1 retry_gap=0 wait=0 rx=0 rxq=0 rxr=0 ack=1 ch9=0 rf=1 retry=20 interval=380
DBG_CH5_GAP_SCAN_DONE frames=0 last_error=0 now=173041 deadline=173041 click=0
DBG_DWM_KEEP_IDLE reason=mesh-rx ch9=1 ack=0 qack=1 ret=0
DBG_ANCHOR_CH5_SCAN_RESCHED ret=1 delay=20
DBG_ANCHOR_CH5_SCAN_HANDLER role=2
DBG_ANCHOR_CH9_REARM delay=40 ret=1 ack=1
DBG_ANCHOR_CH5_SCAN_BLOCKED win=0 survey=0 tx=1 retry_gap=0 wait=0 rx=0 rxq=0 rxr=0 ack=1 ch9=1 rf=0 retry=285 interval=380
DBG_ANCHOR_CH5_SCAN_RESCHED ret=1 delay=285
DBG_CH9_ACK_SLOT peer=0x708bc0aab970300e cnt=3173226861 now=173101 start=173161 end=173281 n=1
DBG_CH9_ACK_BUILD peer=0x708bc0aab970300e n=1 forwarded=1 seq=21 len=44
DBG_CH9_EVENT_STATE state=granted peer=0x708bc0aab970300e start=173161 end=173281 reason=ch9-ack-batch-slot
DBG_CH9_ACK_BATCH_TRY
DBG_CH9_EVENT_STATE state=tx_payload peer=0x708bc0aab970300e start=173161 end=173281 reason=ch9-ack-batch-slot
DBG_CH9_TX_PRE_GUARD_WAIT now=173102 guard=173151 earliest=173176 msg=32
DBG_CH9_TX_CONFIG ret=0 now=173170 earliest=173176 msg=32
DBG_CH9_TX_SEND_AT now=173176 earliest=173176 msg=32 len=105
DBG_DWM_KEEP_IDLE reason=ch9-ack-batch-slot ch9=1 ack=0 qack=1 ret=0
DBG_UWB_TX_CH9
DBG_CH9_ACK_BATCH_SENT
DBG_CH9_EVENT_STATE state=complete peer=0x708bc0aab970300e start=173161 end=173281 reason=ch9-ack-batch-slot
DBG_FORWARD_GATEWAY_ACK_COMMIT seq=21 dst=0x708bc0aab970300e next=0x708bc0aab970300e
DBG_COORD state=idle owner=report-tx reason=idle rx=0 tx=0 relay=0 route=0 ack=0 qack=0
DBG_CH5_GAP_SCAN now=173182 win=100 next_delay=559
DBG_CH5_GAP_SCAN_DONE frames=0 last_error=0 now=173282 deadline=173282 click=0
DBG_DWM_KEEP_IDLE reason=mesh-rx ch9=1 ack=0 qack=0 ret=0
DBG_CH5_GAP_SCAN now=173283 win=100 next_delay=458
DBG_ANCHOR_CH5_SCAN_HANDLER role=2
DBG_ANCHOR_CH5_SCAN_BLOCKED win=0 survey=0 tx=0 retry_gap=0 wait=0 rx=0 rxq=0 rxr=0 ack=0 ch9=0 rf=1 retry=20 interval=380
DBG_ANCHOR_CH5_SCAN_RESCHED ret=1 delay=20
DBG_ANCHOR_CH5_SCAN_HANDLER role=2
DBG_ANCHOR_CH5_SCAN_BLOCKED win=0 survey=0 tx=0 retry_gap=0 wait=0 rx=0 rxq=0 rxr=0 ack=0 ch9=0 rf=1 retry=20 interval=380
DBG_ANCHOR_CH5_SCAN_RESCHED ret=1 delay=20
DBG_CH5_GAP_SCAN_DONE frames=0 last_error=0 now=173383 deadline=173383 click=0
DBG_DWM_KEEP_IDLE reason=mesh-rx ch9=1 ack=0 qack=0 ret=0
DBG_CH5_GAP_SCAN now=173384 win=100 next_delay=357
DBG_ANCHOR_CH5_SCAN_HANDLER role=2
DBG_ANCHOR_CH5_SCAN_BLOCKED win=0 survey=0 tx=0 retry_gap=0 wait=0 rx=0 rxq=0 rxr=0 ack=0 ch9=0 rf=1 retry=20 interval=380
DBG_ANCHOR_CH5_SCAN_RESCHED ret=1 delay=20
DBG_ANCHOR_CH5_SCAN_HANDLER role=2
DBG_ANCHOR_CH5_SCAN_BLOCKED win=0 survey=0 tx=0 retry_gap=0 wait=0 rx=0 rxq=0 rxr=0 ack=0 ch9=0 rf=1 retry=20 interval=380
DBG_ANCHOR_CH5_SCAN_RESCHED ret=1 delay=20
DBG_ANCHOR_CH5_SCAN_HANDLER role=2
DBG_ANCHOR_CH5_SCAN_BLOCKED win=0 survey=0 tx=0 retry_gap=0 wait=0 rx=0 rxq=0 rxr=0 ack=0 ch9=0 rf=1 retry=20 interval=380
DBG_ANCHOR_CH5_SCAN_RESCHED ret=1 delay=20
DBG_ANCHOR_CH5_SCAN_HANDLER role=2
DBG_ANCHOR_CH5_SCAN_BLOCKED win=0 survey=0 tx=0 retry_gap=0 wait=0 rx=0 rxq=0 rxr=0 ack=0 ch9=0 rf=1 retry=20 interval=380
DBG_ANCHOR_CH5_SCAN_RESCHED ret=1 delay=20
DBG_CH5_GAP_SCAN_DONE frames=0 last_error=0 now=173484 deadline=173484 click=0
DBG_DWM_KEEP_IDLE reason=mesh-rx ch9=1 ack=0 qack=0 ret=0
DBG_CH5_GAP_SCAN now=173485 win=100 next_delay=256
DBG_ANCHOR_CH5_SCAN_HANDLER role=2
DBG_ANCHOR_CH5_SCAN_BLOCKED win=0 survey=0 tx=0 retry_gap=0 wait=0 rx=0 rxq=0 rxr=0 ack=0 ch9=0 rf=1 retry=20 interval=380
DBG_ANCHOR_CH5_SCAN_RESCHED ret=1 delay=20
DBG_ANCHOR_CH5_SCAN_HANDLER role=2
DBG_ANCHOR_CH5_SCAN_BLOCKED win=0 survey=0 tx=0 retry_gap=0 wait=0 rx=0 rxq=0 rxr=0 ack=0 ch9=0 rf=1 retry=20 interval=380
DBG_ANCHOR_CH5_SCAN_RESCHED ret=1 delay=20
DBG_ANCHOR_CH5_SCAN_HANDLER role=2
DBG_ANCHOR_CH5_SCAN_BLOCKED win=0 survey=0 tx=0 retry_gap=0 wait=0 rx=0 rxq=0 rxr=0 ack=0 ch9=0 rf=1 retry=20 interval=380
DBG_ANCHOR_CH5_SCAN_RESCHED ret=1 delay=20
DBG_ANCHOR_CH5_SCAN_HANDLER role=2
DBG_ANCHOR_CH5_SCAN_BLOCKED win=0 survey=0 tx=0 retry_gap=0 wait=0 rx=0 rxq=0 rxr=0 ack=0 ch9=0 rf=1 retry=20 interval=380
DBG_ANCHOR_CH5_SCAN_RESCHED ret=1 delay=20
DBG_DWM_KEEP_IDLE reason=mesh-rx ch9=1 ack=0 qack=0 ret=0
DBG_CH5_GAP_SCAN now=173586 win=95 next_delay=155
DBG_ANCHOR_CH5_SCAN_HANDLER role=2
DBG_ANCHOR_CH5_SCAN_BLOCKED win=0 survey=0 tx=0 retry_gap=0 wait=0 rx=0 rxq=0 rxr=0 ack=0 ch9=0 rf=1 retry=20 interval=380
DBG_ANCHOR_CH5_SCAN_RESCHED ret=1 delay=20
DBG_ANCHOR_CH5_SCAN_HANDLER role=2
DBG_ANCHOR_CH5_SCAN_BLOCKED win=0 survey=0 tx=0 retry_gap=0 wait=0 rx=0 rxq=0 rxr=0 ack=0 ch9=0 rf=1 retry=20 interval=380
DBG_ANCHOR_CH5_SCAN_RESCHED ret=1 delay=20
DBG_ANCHOR_CH5_SCAN_HANDLER role=2
DBG_ANCHOR_CH5_SCAN_BLOCKED win=0 survey=0 tx=0 retry_gap=0 wait=0 rx=0 rxq=0 rxr=0 ack=0 ch9=0 rf=1 retry=20 interval=380
DBG_ANCHOR_CH5_SCAN_RESCHED ret=1 delay=20
DBG_CH5_GAP_SCAN_DONE frames=0 last_error=0 now=173681 deadline=173681 click=0
DBG_DWM_KEEP_IDLE reason=mesh-rx ch9=1 ack=0 qack=0 ret=0
DBG_ANCHOR_CH5_SCAN_HANDLER role=2
DBG_ANCHOR_CH9_REARM delay=59 ret=1 ack=0
DBG_ANCHOR_CH5_SCAN_BLOCKED win=0 survey=0 tx=0 retry_gap=0 wait=0 rx=0 rxq=0 rxr=0 ack=0 ch9=1 rf=0 retry=304 interval=380
DBG_ANCHOR_CH5_SCAN_RESCHED ret=1 delay=304
DBG_CH9_RX_SLOT idx=0 cnt=3173226862 now=173741 start=173801 end=173921
DBG_CH9_EVENT_STATE state=granted peer=0x708bc0aab970300e start=173801 end=173921 reason=rx-slot
DBG_CH9_RX_START idx=0 now=173742 start=173801 end=173921 tail=60
DBG_CH9_RX_CONFIG_OK
DBG_CH9_RX_EARLY_ARM now=173761 start=173801 guard=60
DBG_CH9_RX_ARMED now=173761 start=173801 end=173921 deadline=173981
DBG_CH9_RX_FRAME
DBG_UWB_RX_CH9
DBG_CH9_RX_HW since_us=110953 host_delta=74 en32=0x000f3830 rx32=0x01b5cc60
DBG_CH9_RX_TIMING arm_delta=-40 hw_delta_us=70953 host_delta=74 len=105 q=100
DBG_UWB_RX_CH9
DBG_MESH_RX_QUEUED ch=9 msg=0x33 src=0x708bc0aab970300e dst=0x9999888877776666 prev=0x708bc0aab970300e seq=2 q=1
DBG_CH9_RX_EXPECTED delta=74 q=100
DBG_DWM_KEEP_IDLE reason=ch9-rx ch9=1 ack=0 qack=0 ret=0
DBG_CH9_RX_DONE_WITH_PEER
DBG_CH9_EVENT_STATE state=complete peer=0x708bc0aab970300e start=173801 end=173921 reason=rx-slot
DBG_MESH_RX_WORK_WAIT q=1
DBG_MESH_RX_WORK_ENTER q=1
DBG_MESH_RX_DRAIN_ENTER owner=work q=1
DBG_DIRECT_GW_TX seq=2 now=173985 reason=forward
DBG_CH9_EVENT_STATE state=tx_payload peer=0x9999888877776666 start=173985 end=174235 reason=forward
DBG_DIRECT_GW_TX_CONFIG ret=0 now=173985 seq=2
DBG_CH9_TX_SEND_AT now=173986 earliest=173985 msg=33 len=105
DBG_ANCHOR_CH5_SCAN_HANDLER role=2
DBG_ANCHOR_CH5_SCAN_BLOCKED win=0 survey=0 tx=1 retry_gap=0 wait=0 rx=0 rxq=0 rxr=0 ack=1 ch9=0 rf=1 retry=20 interval=380
DBG_ANCHOR_CH5_SCAN_RESCHED ret=1 delay=20
DBG_CH9_TX_DONE now=173990 dur=4 len=105 msg=33
DBG_UWB_TX_CH9
DBG_CH9_TX_SINGLE_SEND_OK
DBG_CH9_EVENT_STATE state=complete peer=0x9999888877776666 start=173985 end=174235 reason=forward
DBG_CH9_TX_ACK_CORE_OWNER src=0x708bc0aab970300e seq=2 next=0x9999888877776666 deadline=175990
DBG_DIRECT_GW_TX_ACK_TRANSIT_WAIT dst=0x9999888877776666 src=0x708bc0aab970300e seq=2
DBG_ANCHOR_CH5_SCAN_HANDLER role=2
DBG_ANCHOR_CH5_SCAN_BLOCKED win=0 survey=0 tx=1 retry_gap=0 wait=0 rx=0 rxq=0 rxr=0 ack=1 ch9=0 rf=1 retry=20 interval=380
DBG_ANCHOR_CH5_SCAN_RESCHED ret=1 delay=20
DBG_ANCHOR_CH5_SCAN_HANDLER role=2
DBG_ANCHOR_CH5_SCAN_BLOCKED win=0 survey=0 tx=1 retry_gap=0 wait=0 rx=0 rxq=0 rxr=0 ack=1 ch9=0 rf=1 retry=20 interval=380
DBG_ANCHOR_CH5_SCAN_RESCHED ret=1 delay=20
DBG_ANCHOR_CH5_SCAN_HANDLER role=2
DBG_ANCHOR_CH5_SCAN_BLOCKED win=0 survey=0 tx=1 retry_gap=0 wait=0 rx=0 rxq=0 rxr=0 ack=1 ch9=0 rf=1 retry=20 interval=380
DBG_ANCHOR_CH5_SCAN_RESCHED ret=1 delay=20
DBG_ANCHOR_CH5_SCAN_HANDLER role=2
DBG_ANCHOR_CH5_SCAN_BLOCKED win=0 survey=0 tx=1 retry_gap=0 wait=0 rx=0 rxq=0 rxr=0 ack=1 ch9=0 rf=1 retry=20 interval=380
DBG_ANCHOR_CH5_SCAN_RESCHED ret=1 delay=20
DBG_ANCHOR_CH5_SCAN_HANDLER role=2
DBG_ANCHOR_CH5_SCAN_BLOCKED win=0 survey=0 tx=1 retry_gap=0 wait=0 rx=0 rxq=0 rxr=0 ack=1 ch9=0 rf=1 retry=20 interval=380
DBG_ANCHOR_CH5_SCAN_RESCHED ret=1 delay=20
DBG_ANCHOR_CH5_SCAN_HANDLER role=2
DBG_ANCHOR_CH5_SCAN_BLOCKED win=0 survey=0 tx=1 retry_gap=0 wait=0 rx=0 rxq=0 rxr=0 ack=1 ch9=0 rf=1 retry=20 interval=380
DBG_ANCHOR_CH5_SCAN_RESCHED ret=1 delay=20
DBG_ANCHOR_CH5_SCAN_HANDLER role=2
DBG_ANCHOR_CH5_SCAN_BLOCKED win=0 survey=0 tx=1 retry_gap=0 wait=0 rx=0 rxq=0 rxr=0 ack=1 ch9=0 rf=1 retry=20 interval=380
DBG_ANCHOR_CH5_SCAN_RESCHED ret=1 delay=20
DBG_ANCHOR_CH5_SCAN_HANDLER role=2
DBG_ANCHOR_CH5_SCAN_BLOCKED win=0 survey=0 tx=1 retry_gap=0 wait=0 rx=0 rxq=0 rxr=0 ack=1 ch9=0 rf=1 retry=20 interval=380
DBG_ANCHOR_CH5_SCAN_RESCHED ret=1 delay=20
DBG_ANCHOR_CH5_SCAN_HANDLER role=2
DBG_ANCHOR_CH5_SCAN_BLOCKED win=0 survey=0 tx=1 retry_gap=0 wait=0 rx=0 rxq=0 rxr=0 ack=1 ch9=0 rf=1 retry=20 interval=380
DBG_ANCHOR_CH5_SCAN_RESCHED ret=1 delay=20
DBG_ANCHOR_CH5_SCAN_HANDLER role=2
DBG_ANCHOR_CH5_SCAN_BLOCKED win=0 survey=0 tx=1 retry_gap=0 wait=0 rx=0 rxq=0 rxr=0 ack=1 ch9=0 rf=1 retry=20 interval=380
DBG_ANCHOR_CH5_SCAN_RESCHED ret=1 delay=20
DBG_DIRECT_GW_TX_ACK_WAIT ret=-116 seq=2
DBG_DWM_KEEP_IDLE reason=direct-gateway-payload ch9=1 ack=0 qack=0 ret=0
DBG_CH9_TX_SINGLE_SEND_FAIL
DBG_CH9_TX_SINGLE_FAIL ret=-11 seq=2
DBG_CH9_EVENT_STATE state=busy_retry_later peer=0x9999888877776666 start=173985 end=174235 reason=forward
DBG_CH9_TX_SINGLE_RETRYABLE ret=-11 seq=2
DBG_DIRECT_GW_ACK_DEFER_CORE seq=2 ret=-11 state=1 deadline=175990 reason=forward
DBG_TRANSIT_REVERSE_ROUTE_COMMIT src=0x708bc0aab970300e prev=0x708bc0aab970300e
DBG_CH9_ACK_QUEUE_ADD
DBG_MESH_RX_DRAIN_EXIT owner=work handled=1 q=0
DBG_MESH_RX_WORK_EXIT handled=1 q=0
DBG_COORD state=mesh-rx owner=uwb-rx reason=ch9-ack-send rx=0 tx=0 relay=1 route=0 ack=1 qack=1
DBG_CH9_ACK_TX_WAIT
DBG_CH9_ACK_WAIT peer=0x708bc0aab970300e ret=-10 act=2 now=174242 start=174441 n=1
DBG_CH5_GAP_SCAN now=174243 win=78 next_delay=138
DBG_ANCHOR_CH5_SCAN_HANDLER role=2
DBG_ANCHOR_CH5_SCAN_BLOCKED win=0 survey=0 tx=1 retry_gap=0 wait=0 rx=0 rxq=0 rxr=0 ack=1 ch9=0 rf=1 retry=20 interval=380
DBG_ANCHOR_CH5_SCAN_RESCHED ret=1 delay=20
DBG_ANCHOR_CH5_SCAN_HANDLER role=2
DBG_ANCHOR_CH5_SCAN_BLOCKED win=0 survey=0 tx=1 retry_gap=0 wait=0 rx=0 rxq=0 rxr=0 ack=1 ch9=0 rf=1 retry=20 interval=380
DBG_ANCHOR_CH5_SCAN_RESCHED ret=1 delay=20
DBG_ANCHOR_CH5_SCAN_HANDLER role=2
DBG_ANCHOR_CH5_SCAN_BLOCKED win=0 survey=0 tx=1 retry_gap=0 wait=0 rx=0 rxq=0 rxr=0 ack=1 ch9=0 rf=1 retry=20 interval=380
DBG_ANCHOR_CH5_SCAN_RESCHED ret=1 delay=20
DBG_CH5_GAP_SCAN_DONE frames=0 last_error=0 now=174322 deadline=174321 click=0
DBG_DWM_KEEP_IDLE reason=mesh-rx ch9=1 ack=0 qack=1 ret=0
DBG_ANCHOR_CH5_SCAN_HANDLER role=2
DBG_ANCHOR_CH9_REARM delay=57 ret=1 ack=1
DBG_ANCHOR_CH5_SCAN_BLOCKED win=0 survey=0 tx=1 retry_gap=0 wait=0 rx=0 rxq=0 rxr=0 ack=1 ch9=1 rf=0 retry=302 interval=380
DBG_ANCHOR_CH5_SCAN_RESCHED ret=1 delay=302
DBG_CH9_ACK_SLOT peer=0x708bc0aab970300e cnt=3173226863 now=174381 start=174441 end=174561 n=1
DBG_CH9_ACK_BUILD peer=0x708bc0aab970300e n=1 forwarded=0 seq=10 len=60
DBG_CH9_EVENT_STATE state=granted peer=0x708bc0aab970300e start=174441 end=174561 reason=ch9-ack-batch-slot
DBG_CH9_ACK_BATCH_TRY
DBG_CH9_EVENT_STATE state=tx_payload peer=0x708bc0aab970300e start=174441 end=174561 reason=ch9-ack-batch-slot
DBG_CH9_TX_PRE_GUARD_WAIT now=174382 guard=174431 earliest=174456 msg=31
DBG_CH9_TX_CONFIG ret=0 now=174450 earliest=174456 msg=31
DBG_CH9_TX_SEND_AT now=174456 earliest=174456 msg=31 len=121
DBG_DWM_KEEP_IDLE reason=ch9-ack-batch-slot ch9=1 ack=0 qack=1 ret=0
DBG_UWB_TX_CH9
DBG_CH9_ACK_BATCH_SENT
DBG_CH9_EVENT_STATE state=complete peer=0x708bc0aab970300e start=174441 end=174561 reason=ch9-ack-batch-slot
DBG_CH5_GAP_SCAN now=174461 win=100 next_delay=560
DBG_CH5_GAP_SCAN_DONE frames=0 last_error=0 now=174561 deadline=174561 click=0
DBG_DWM_KEEP_IDLE reason=mesh-rx ch9=1 ack=0 qack=0 ret=0
DBG_CH5_GAP_SCAN now=174562 win=100 next_delay=459
DBG_ANCHOR_CH5_SCAN_HANDLER role=2
DBG_ANCHOR_CH5_SCAN_BLOCKED win=0 survey=0 tx=1 retry_gap=0 wait=0 rx=0 rxq=0 rxr=0 ack=1 ch9=0 rf=1 retry=20 interval=380
DBG_ANCHOR_CH5_SCAN_RESCHED ret=1 delay=20
DBG_ANCHOR_CH5_SCAN_HANDLER role=2
DBG_ANCHOR_CH5_SCAN_BLOCKED win=0 survey=0 tx=1 retry_gap=0 wait=0 rx=0 rxq=0 rxr=0 ack=1 ch9=0 rf=1 retry=20 interval=380
DBG_ANCHOR_CH5_SCAN_RESCHED ret=1 delay=20
DBG_CH5_GAP_SCAN_DONE frames=0 last_error=0 now=174662 deadline=174662 click=0
DBG_DWM_KEEP_IDLE reason=mesh-rx ch9=1 ack=0 qack=0 ret=0
DBG_CH5_GAP_SCAN now=174663 win=100 next_delay=358
DBG_ANCHOR_CH5_SCAN_HANDLER role=2
DBG_ANCHOR_CH5_SCAN_BLOCKED win=0 survey=0 tx=1 retry_gap=0 wait=0 rx=0 rxq=0 rxr=0 ack=1 ch9=0 rf=1 retry=20 interval=380
DBG_ANCHOR_CH5_SCAN_RESCHED ret=1 delay=20
DBG_ANCHOR_CH5_SCAN_HANDLER role=2
DBG_ANCHOR_CH5_SCAN_BLOCKED win=0 survey=0 tx=1 retry_gap=0 wait=0 rx=0 rxq=0 rxr=0 ack=1 ch9=0 rf=1 retry=20 interval=380
DBG_ANCHOR_CH5_SCAN_RESCHED ret=1 delay=20
DBG_ANCHOR_CH5_SCAN_HANDLER role=2
DBG_ANCHOR_CH5_SCAN_BLOCKED win=0 survey=0 tx=1 retry_gap=0 wait=0 rx=0 rxq=0 rxr=0 ack=1 ch9=0 rf=1 retry=20 interval=380
DBG_ANCHOR_CH5_SCAN_RESCHED ret=1 delay=20
DBG_ANCHOR_CH5_SCAN_HANDLER role=2
DBG_ANCHOR_CH5_SCAN_BLOCKED win=0 survey=0 tx=1 retry_gap=0 wait=0 rx=0 rxq=0 rxr=0 ack=1 ch9=0 rf=1 retry=20 interval=380
DBG_ANCHOR_CH5_SCAN_RESCHED ret=1 delay=20
DBG_CH5_GAP_SCAN_DONE frames=0 last_error=0 now=174763 deadline=174763 click=0
DBG_DWM_KEEP_IDLE reason=mesh-rx ch9=1 ack=0 qack=0 ret=0
DBG_CH5_GAP_SCAN now=174764 win=100 next_delay=257
DBG_ANCHOR_CH5_SCAN_HANDLER role=2
DBG_ANCHOR_CH5_SCAN_BLOCKED win=0 survey=0 tx=1 retry_gap=0 wait=0 rx=0 rxq=0 rxr=0 ack=1 ch9=0 rf=1 retry=20 interval=380
DBG_ANCHOR_CH5_SCAN_RESCHED ret=1 delay=20
DBG_ANCHOR_CH5_SCAN_HANDLER role=2
DBG_ANCHOR_CH5_SCAN_BLOCKED win=0 survey=0 tx=1 retry_gap=0 wait=0 rx=0 rxq=0 rxr=0 ack=1 ch9=0 rf=1 retry=20 interval=380
DBG_ANCHOR_CH5_SCAN_RESCHED ret=1 delay=20
DBG_ANCHOR_CH5_SCAN_HANDLER role=2
DBG_ANCHOR_CH5_SCAN_BLOCKED win=0 survey=0 tx=1 retry_gap=0 wait=0 rx=0 rxq=0 rxr=0 ack=1 ch9=0 rf=1 retry=20 interval=380
DBG_ANCHOR_CH5_SCAN_RESCHED ret=1 delay=20
DBG_ANCHOR_CH5_SCAN_HANDLER role=2
DBG_ANCHOR_CH5_SCAN_BLOCKED win=0 survey=0 tx=1 retry_gap=0 wait=0 rx=0 rxq=0 rxr=0 ack=1 ch9=0 rf=1 retry=20 interval=380
DBG_CH5_GAP_SCAN_DONE frames=0 last_error=0 now=174864 deadline=174864 click=0
DBG_DWM_KEEP_IDLE reason=mesh-rx ch9=1 ack=0 qack=0 ret=0
DBG_CH5_GAP_SCAN now=174865 win=96 next_delay=156
DBG_ANCHOR_CH5_SCAN_RESCHED ret=1 delay=20
DBG_ANCHOR_CH5_SCAN_HANDLER role=2
DBG_ANCHOR_CH5_SCAN_BLOCKED win=0 survey=0 tx=1 retry_gap=0 wait=0 rx=0 rxq=0 rxr=0 ack=1 ch9=0 rf=1 retry=20 interval=380
DBG_ANCHOR_CH5_SCAN_RESCHED ret=1 delay=20
DBG_ANCHOR_CH5_SCAN_HANDLER role=2
DBG_ANCHOR_CH5_SCAN_BLOCKED win=0 survey=0 tx=1 retry_gap=0 wait=0 rx=0 rxq=0 rxr=0 ack=1 ch9=0 rf=1 retry=20 interval=380
DBG_ANCHOR_CH5_SCAN_RESCHED ret=1 delay=20
DBG_ANCHOR_CH5_SCAN_HANDLER role=2
DBG_ANCHOR_CH5_SCAN_BLOCKED win=0 survey=0 tx=1 retry_gap=0 wait=0 rx=0 rxq=0 rxr=0 ack=1 ch9=0 rf=1 retry=20 interval=380
DBG_ANCHOR_CH5_SCAN_RESCHED ret=1 delay=20
DBG_CH5_GAP_SCAN_DONE frames=0 last_error=0 now=174962 deadline=174961 click=0
DBG_ANCHOR_CH5_SCAN_HANDLER role=2
DBG_ANCHOR_CH9_REARM delay=58 ret=1 ack=0
DBG_ANCHOR_CH5_SCAN_BLOCKED win=0 survey=0 tx=1 retry_gap=0 wait=0 rx=0 rxq=0 rxr=0 ack=1 ch9=1 rf=0 retry=303 interval=380
DBG_ANCHOR_CH5_SCAN_RESCHED ret=1 delay=303
DBG_CH9_RX_SLOT idx=0 cnt=3173226864 now=175021 start=175081 end=175201
DBG_CH9_EVENT_STATE state=granted peer=0x708bc0aab970300e start=175081 end=175201 reason=rx-slot
DBG_CH9_RX_START idx=0 now=175022 start=175081 end=175201 tail=60
DBG_CH9_RX_CONFIG_OK
DBG_CH9_RX_EARLY_ARM now=175041 start=175081 guard=60
DBG_CH9_RX_ARMED now=175041 start=175081 end=175201 deadline=175261
DBG_DWM_KEEP_IDLE reason=ch9-rx ch9=1 ack=0 qack=0 ret=0
DBG_CH9_RX_EMPTY
DBG_CH9_RX_TIMEOUT
DBG_CH9_RX_MISS frames=0 now=175263 start=175081 end=175201 fail=0
DBG_CH9_EVENT_STATE state=window_expired peer=0x708bc0aab970300e start=175081 end=175201 reason=rx-slot
DBG_ANCHOR_CH5_SCAN_HANDLER role=2
DBG_ANCHOR_CH5_SCAN_ARM now=175267 win=20 complete=15 interval=380 wait=0 tx=1
DBG_DWM_CH5_RX_HUNT_START acq=20 complete=15 cap=1021
DBG_DWM_CH5_RX_HUNT_EMPTY ret=-116 status=0x00000000 acq=20
DBG_ANCHOR_CH5_SCAN_DONE ret=-116 len=0 fail=1 pre=0 q=0 rx_us=20477 complete=15
DBG_ANCHOR_CH5_POST_CH9_RECOVERY_SCAN win=20 ret=-116 pre=0
DBG_ANCHOR_CH5_SCAN_RESCHED ret=1 delay=380
DBG_ANCHOR_CH5_SCAN_HANDLER role=2
DBG_DWM_CH5_RX_HUNT_START acq=3 complete=15 cap=1021
DBG_DWM_CH5_RX_HUNT_EMPTY ret=-116 status=0x00000000 acq=3
DBG_ANCHOR_CH5_SCAN_RESCHED ret=1 delay=380
DBG_TX_TIMEOUT_ENTER relay=1 route=0 ch9pend=0 bundle=0 now=175990
DBG_ANCHOR_CH5_SCAN_HANDLER role=2
DBG_DWM_CH5_RX_HUNT_START acq=3 complete=15 cap=1021
DBG_DWM_CH5_RX_HUNT_EMPTY ret=-116 status=0x00000000 acq=3
DBG_ANCHOR_CH5_SCAN_RESCHED ret=1 delay=380
DBG_CH9_SKIP_STALE n=1 now=176301 next=176361 cnt=3173226866 reason=rx-select
DBG_CH9_RX_SLOT idx=0 cnt=3173226866 now=176301 start=176361 end=176481
DBG_CH9_EVENT_STATE state=granted peer=0x708bc0aab970300e start=176361 end=176481 reason=rx-slot
DBG_CH9_RX_START idx=0 now=176302 start=176361 end=176481 tail=60
DBG_CH9_RX_CONFIG_OK
DBG_CH9_RX_EARLY_ARM now=176320 start=176361 guard=60
DBG_CH9_RX_ARMED now=176320 start=176361 end=176481 deadline=176541
DBG_ANCHOR_CH5_SCAN_HANDLER role=2
DBG_ANCHOR_CH5_SCAN_BLOCKED win=0 survey=0 tx=1 retry_gap=0 wait=0 rx=0 rxq=0 rxr=0 ack=0 ch9=0 rf=1 retry=20 interval=380
DBG_ANCHOR_CH5_SCAN_RESCHED ret=1 delay=20
DBG_ANCHOR_CH5_SCAN_HANDLER role=2
DBG_ANCHOR_CH5_SCAN_BLOCKED win=0 survey=0 tx=1 retry_gap=0 wait=0 rx=0 rxq=0 rxr=0 ack=0 ch9=0 rf=1 retry=20 interval=380
DBG_ANCHOR_CH5_SCAN_RESCHED ret=1 delay=20
DBG_DWM_KEEP_IDLE reason=ch9-rx ch9=1 ack=0 qack=0 ret=0
DBG_CH9_RX_EMPTY
DBG_CH9_RX_TIMEOUT
DBG_CH9_RX_MISS frames=0 now=176542 start=176361 end=176481 fail=0
DBG_CH9_EVENT_STATE state=window_expired peer=0x708bc0aab970300e start=176361 end=176481 reason=rx-slot
DBG_ANCHOR_CH5_SCAN_HANDLER role=2
DBG_ANCHOR_CH5_SCAN_ARM now=176545 win=20 complete=15 interval=380 wait=0 tx=1
DBG_DWM_CH5_RX_HUNT_START acq=20 complete=15 cap=1021
DBG_DWM_CH5_RX_HUNT_EMPTY ret=-116 status=0x00000000 acq=20
DBG_ANCHOR_CH5_SCAN_DONE ret=-116 len=0 fail=1 pre=0 q=0 rx_us=20660 complete=15
DBG_ANCHOR_CH5_POST_CH9_RECOVERY_SCAN win=20 ret=-116 pre=0
DBG_ANCHOR_CH5_SCAN_RESCHED ret=1 delay=380
DBG_ANCHOR_CH5_SCAN_HANDLER role=2
DBG_DWM_CH5_RX_HUNT_START acq=3 complete=15 cap=1021
DBG_DWM_CH5_RX_HUNT_EMPTY ret=-116 status=0x00000000 acq=3
DBG_ANCHOR_CH5_SCAN_RESCHED ret=1 delay=380
DBG_ANCHOR_CH5_SCAN_HANDLER role=2
DBG_DWM_CH5_RX_HUNT_START acq=3 complete=15 cap=1021
DBG_DWM_CH5_RX_HUNT_EMPTY ret=-116 status=0x00000000 acq=3
DBG_ANCHOR_CH5_SCAN_RESCHED ret=1 delay=380
DBG_CH9_SKIP_STALE n=1 now=177581 next=177641 cnt=3173226868 reason=rx-select
DBG_CH9_RX_SLOT idx=0 cnt=3173226868 now=177581 start=177641 end=177761
DBG_CH9_EVENT_STATE state=granted peer=0x708bc0aab970300e start=177641 end=177761 reason=rx-slot
DBG_CH9_RX_START idx=0 now=177581 start=177641 end=177761 tail=60
DBG_CH9_RX_CONFIG_OK
DBG_CH9_RX_EARLY_ARM now=177600 start=177641 guard=60
DBG_CH9_RX_ARMED now=177600 start=177641 end=177761 deadline=177821
DBG_ANCHOR_CH5_SCAN_HANDLER role=2
DBG_ANCHOR_CH5_SCAN_BLOCKED win=0 survey=0 tx=1 retry_gap=0 wait=0 rx=0 rxq=0 rxr=0 ack=0 ch9=0 rf=1 retry=20 interval=380
DBG_ANCHOR_CH5_SCAN_RESCHED ret=1 delay=20
DBG_ANCHOR_CH5_SCAN_HANDLER role=2
DBG_ANCHOR_CH5_SCAN_BLOCKED win=0 survey=0 tx=1 retry_gap=0 wait=0 rx=0 rxq=0 rxr=0 ack=0 ch9=0 rf=1 retry=20 interval=380
DBG_ANCHOR_CH5_SCAN_RESCHED ret=1 delay=20
DBG_DWM_KEEP_IDLE reason=ch9-rx ch9=1 ack=0 qack=0 ret=0
DBG_CH9_RX_EMPTY
DBG_CH9_RX_TIMEOUT
DBG_CH9_RX_MISS frames=0 now=177822 start=177641 end=177761 fail=0
DBG_CH9_EVENT_STATE state=window_expired peer=0x708bc0aab970300e start=177641 end=177761 reason=rx-slot
DBG_ANCHOR_CH5_SCAN_HANDLER role=2
DBG_ANCHOR_CH5_SCAN_ARM now=177824 win=20 complete=15 interval=380 wait=0 tx=1
DBG_DWM_CH5_RX_HUNT_START acq=20 complete=15 cap=1021
DBG_DWM_CH5_RX_HUNT_EMPTY ret=-116 status=0x00000000 acq=20
DBG_ANCHOR_CH5_SCAN_DONE ret=-116 len=0 fail=1 pre=0 q=0 rx_us=20477 complete=15
DBG_ANCHOR_CH5_POST_CH9_RECOVERY_SCAN win=20 ret=-116 pre=0
DBG_ANCHOR_CH5_SCAN_RESCHED ret=1 delay=380
DBG_TX_TIMEOUT_ENTER relay=1 route=0 ch9pend=0 bundle=0 now=178169
DBG_RETRANSMIT_DIRECT_GW seq=2 now=178170
DBG_DIRECT_GW_TX_CONFIG ret=0 now=178189 seq=2
DBG_CH9_TX_SEND_AT now=178189 earliest=178169 msg=33 len=105
DBG_CH9_TX_DONE now=178193 dur=3 len=105 msg=33
DBG_UWB_TX_CH9
DBG_CH9_TX_SINGLE_SEND_OK
DBG_CH9_EVENT_STATE state=complete peer=0x9999888877776666 start=178170 end=178420 reason=retransmit-direct-gateway
DBG_CH9_TX_ACK_CORE_OWNER src=0x708bc0aab970300e seq=2 next=0x9999888877776666 deadline=180193
DBG_DIRECT_GW_TX_ACK_TRANSIT_WAIT dst=0x9999888877776666 src=0x708bc0aab970300e seq=2
DBG_ANCHOR_CH5_SCAN_HANDLER role=2
DBG_ANCHOR_CH5_SCAN_BLOCKED win=0 survey=0 tx=1 retry_gap=0 wait=0 rx=0 rxq=0 rxr=0 ack=1 ch9=0 rf=1 retry=20 interval=380
DBG_ANCHOR_CH5_SCAN_RESCHED ret=1 delay=20
DBG_ANCHOR_CH5_SCAN_HANDLER role=2
DBG_ANCHOR_CH5_SCAN_BLOCKED win=0 survey=0 tx=1 retry_gap=0 wait=0 rx=0 rxq=0 rxr=0 ack=1 ch9=0 rf=1 retry=20 interval=380
DBG_ANCHOR_CH5_SCAN_RESCHED ret=1 delay=20
DBG_ANCHOR_CH5_SCAN_HANDLER role=2
DBG_ANCHOR_CH5_SCAN_BLOCKED win=0 survey=0 tx=1 retry_gap=0 wait=0 rx=0 rxq=0 rxr=0 ack=1 ch9=0 rf=1 retry=20 interval=380
DBG_ANCHOR_CH5_SCAN_RESCHED ret=1 delay=20
DBG_ANCHOR_CH5_SCAN_HANDLER role=2
DBG_ANCHOR_CH5_SCAN_BLOCKED win=0 survey=0 tx=1 retry_gap=0 wait=0 rx=0 rxq=0 rxr=0 ack=1 ch9=0 rf=1 retry=20 interval=380
DBG_ANCHOR_CH5_SCAN_RESCHED ret=1 delay=20
DBG_ANCHOR_CH5_SCAN_HANDLER role=2
DBG_ANCHOR_CH5_SCAN_BLOCKED win=0 survey=0 tx=1 retry_gap=0 wait=0 rx=0 rxq=0 rxr=0 ack=1 ch9=0 rf=1 retry=20 interval=380
DBG_ANCHOR_CH5_SCAN_RESCHED ret=1 delay=20
DBG_ANCHOR_CH5_SCAN_HANDLER role=2
DBG_ANCHOR_CH5_SCAN_BLOCKED win=0 survey=0 tx=1 retry_gap=0 wait=0 rx=0 rxq=0 rxr=0 ack=1 ch9=0 rf=1 retry=20 interval=380
DBG_ANCHOR_CH5_SCAN_RESCHED ret=1 delay=20
DBG_ANCHOR_CH5_SCAN_HANDLER role=2
DBG_ANCHOR_CH5_SCAN_BLOCKED win=0 survey=0 tx=1 retry_gap=0 wait=0 rx=0 rxq=0 rxr=0 ack=1 ch9=0 rf=1 retry=20 interval=380
DBG_ANCHOR_CH5_SCAN_RESCHED ret=1 delay=20
DBG_ANCHOR_CH5_SCAN_HANDLER role=2
DBG_ANCHOR_CH5_SCAN_BLOCKED win=0 survey=0 tx=1 retry_gap=0 wait=0 rx=0 rxq=0 rxr=0 ack=1 ch9=0 rf=1 retry=20 interval=380
DBG_ANCHOR_CH5_SCAN_RESCHED ret=1 delay=20
DBG_ANCHOR_CH5_SCAN_HANDLER role=2
DBG_ANCHOR_CH5_SCAN_BLOCKED win=0 survey=0 tx=1 retry_gap=0 wait=0 rx=0 rxq=0 rxr=0 ack=1 ch9=0 rf=1 retry=20 interval=380
DBG_DWM_KEEP_IDLE reason=direct-gateway-payload ch9=1 ack=0 qack=0 ret=0
DBG_RETRANSMIT_DEFER reason=send-failed ret=0 send=-11 delay=30 seq=2 state=2
DBG_CH5_GAP_SCAN now=178445 win=100 next_delay=416
DBG_ANCHOR_CH5_SCAN_RESCHED ret=1 delay=20
DBG_ANCHOR_CH5_SCAN_HANDLER role=2
DBG_ANCHOR_CH5_SCAN_BLOCKED win=0 survey=0 tx=1 retry_gap=1 wait=0 rx=0 rxq=0 rxr=0 ack=0 ch9=0 rf=1 retry=9 interval=380
DBG_ANCHOR_CH5_SCAN_RESCHED ret=1 delay=9
DBG_ANCHOR_CH5_SCAN_HANDLER role=2
DBG_ANCHOR_CH5_SCAN_BLOCKED win=0 survey=0 tx=1 retry_gap=1 wait=0 rx=0 rxq=0 rxr=0 ack=0 ch9=0 rf=1 retry=20 interval=380
DBG_ANCHOR_CH5_SCAN_RESCHED ret=1 delay=20
DBG_ANCHOR_CH5_SCAN_HANDLER role=2
DBG_ANCHOR_CH5_SCAN_BLOCKED win=0 survey=0 tx=1 retry_gap=1 wait=0 rx=0 rxq=0 rxr=0 ack=0 ch9=0 rf=1 retry=20 interval=380
DBG_ANCHOR_CH5_SCAN_RESCHED ret=1 delay=20
DBG_ANCHOR_CH5_SCAN_HANDLER role=2
DBG_ANCHOR_CH5_SCAN_BLOCKED win=0 survey=0 tx=1 retry_gap=1 wait=0 rx=0 rxq=0 rxr=0 ack=0 ch9=0 rf=1 retry=20 interval=380
DBG_ANCHOR_CH5_SCAN_RESCHED ret=1 delay=20
DBG_CH5_GAP_SCAN_DONE frames=0 last_error=0 now=178546 deadline=178545 click=0
DBG_DWM_KEEP_IDLE reason=mesh-rx ch9=1 ack=0 qack=0 ret=0
DBG_CH9_SKIP_STALE n=1 now=178547 next=178921 cnt=3173226870 reason=rx-delay
DBG_TX_TIMEOUT_ENTER relay=1 route=0 ch9pend=0 bundle=0 now=178547
DBG_RETRANSMIT_DIRECT_GW seq=2 now=178548
DBG_ANCHOR_CH5_SCAN_HANDLER role=2
DBG_ANCHOR_CH5_SCAN_BLOCKED win=0 survey=0 tx=1 retry_gap=0 wait=0 rx=0 rxq=0 rxr=0 ack=1 ch9=0 rf=1 retry=20 interval=380
DBG_ANCHOR_CH5_SCAN_RESCHED ret=1 delay=20
DBG_DIRECT_GW_TX_CONFIG ret=0 now=178567 seq=2
DBG_CH9_TX_SEND_AT now=178568 earliest=178547 msg=33 len=105
DBG_CH9_TX_DONE now=178571 dur=3 len=105 msg=33
DBG_UWB_TX_CH9
DBG_CH9_TX_SINGLE_SEND_OK
DBG_CH9_EVENT_STATE state=complete peer=0x9999888877776666 start=178548 end=178798 reason=retransmit-direct-gateway
DBG_CH9_TX_ACK_CORE_OWNER src=0x708bc0aab970300e seq=2 next=0x9999888877776666 deadline=180571
DBG_DIRECT_GW_TX_ACK_TRANSIT_WAIT dst=0x9999888877776666 src=0x708bc0aab970300e seq=2
DBG_ANCHOR_CH5_SCAN_HANDLER role=2
DBG_ANCHOR_CH5_SCAN_BLOCKED win=0 survey=0 tx=1 retry_gap=0 wait=0 rx=0 rxq=0 rxr=0 ack=1 ch9=0 rf=1 retry=20 interval=380
DBG_ANCHOR_CH5_SCAN_RESCHED ret=1 delay=20
DBG_UWB_RX_CH9
DBG_MESH_RX_QUEUED ch=9 msg=0x32 src=0x9999888877776666 dst=0x708bc0aab970300e prev=0x9999888877776666 seq=23 q=1
DBG_GATEWAY_ACK_RX
DBG_DIRECT_GW_ACK_TRANSIT queued=1 valid=1 dst=0x708bc0aab970300e seq=23
DBG_DIRECT_GW_TX_ACK_WAIT ret=0 seq=2
DBG_DWM_KEEP_IDLE reason=direct-gateway-payload ch9=1 ack=0 qack=0 ret=0
DBG_MESH_RX_WORK_WAIT q=1
DBG_MESH_RX_WORK_ENTER q=1
DBG_MESH_RX_DRAIN_ENTER owner=work q=1
DBG_CH9_TX_ACK_IDLE
DBG_LEGACY_ACK_NO_MATCH
DBG_FORWARD_GATEWAY_ACK_CAND ch=9 src=0x9999888877776666 dst=0x708bc0aab970300e next=0x708bc0aab970300e local=0x191a9619c6c8cb
DBG_FORWARD_GATEWAY_ACK_MATCH
DBG_FORWARD_GATEWAY_ACK_QUEUE seq=23 next=0x708bc0aab970300e len=44 ids=0 first=0 last=0 owner=transit ret=0 reason=forward-ga
DBG_MESH_RX_DRAIN_EXIT owner=work handled=1 q=0
DBG_MESH_RX_WORK_EXIT handled=1 q=0
DBG_CH9_ACK_TX_WAIT
DBG_CH9_ACK_WAIT peer=0x708bc0aab970300e ret=-10 act=2 now=178597 start=179561 n=1
DBG_CH5_GAP_SCAN now=178598 win=100 next_delay=263
DBG_ANCHOR_CH5_SCAN_HANDLER role=2
DBG_ANCHOR_CH5_SCAN_BLOCKED win=0 survey=0 tx=1 retry_gap=0 wait=0 rx=0 rxq=0 rxr=0 ack=1 ch9=0 rf=1 retry=20 interval=380
DBG_ANCHOR_CH5_SCAN_RESCHED ret=1 delay=20
DBG_ANCHOR_CH5_SCAN_HANDLER role=2
DBG_ANCHOR_CH5_SCAN_BLOCKED win=0 survey=0 tx=1 retry_gap=0 wait=0 rx=0 rxq=0 rxr=0 ack=1 ch9=0 rf=1 retry=20 interval=380
DBG_ANCHOR_CH5_SCAN_RESCHED ret=1 delay=20
DBG_ANCHOR_CH5_SCAN_HANDLER role=2
DBG_ANCHOR_CH5_SCAN_BLOCKED win=0 survey=0 tx=1 retry_gap=0 wait=0 rx=0 rxq=0 rxr=0 ack=1 ch9=0 rf=1 retry=20 interval=380
DBG_ANCHOR_CH5_SCAN_RESCHED ret=1 delay=20
DBG_CH5_GAP_SCAN_DONE frames=0 last_error=0 now=178699 deadline=178698 click=0
DBG_ANCHOR_CH5_SCAN_HANDLER role=2
DBG_DWM_KEEP_IDLE reason=mesh-rx ch9=1 ack=0 qack=1 ret=0
DBG_CH9_ACK_TX_WAIT
DBG_CH9_ACK_WAIT peer=0x708bc0aab970300e ret=-10 act=2 now=178700 start=179561 n=1
DBG_CH5_GAP_SCAN now=178700 win=100 next_delay=161
DBG_ANCHOR_CH5_SCAN_BLOCKED win=0 survey=0 tx=1 retry_gap=0 wait=0 rx=0 rxq=0 rxr=0 ack=1 ch9=0 rf=1 retry=20 interval=380
DBG_ANCHOR_CH5_SCAN_RESCHED ret=1 delay=20
DBG_ANCHOR_CH5_SCAN_HANDLER role=2
DBG_ANCHOR_CH5_SCAN_BLOCKED win=0 survey=0 tx=1 retry_gap=0 wait=0 rx=0 rxq=0 rxr=0 ack=1 ch9=0 rf=1 retry=20 interval=380
DBG_ANCHOR_CH5_SCAN_RESCHED ret=1 delay=20
DBG_ANCHOR_CH5_SCAN_HANDLER role=2
DBG_ANCHOR_CH5_SCAN_BLOCKED win=0 survey=0 tx=1 retry_gap=0 wait=0 rx=0 rxq=0 rxr=0 ack=1 ch9=0 rf=1 retry=20 interval=380
DBG_ANCHOR_CH5_SCAN_RESCHED ret=1 delay=20
DBG_ANCHOR_CH5_SCAN_HANDLER role=2
DBG_ANCHOR_CH5_SCAN_BLOCKED win=0 survey=0 tx=1 retry_gap=0 wait=0 rx=0 rxq=0 rxr=0 ack=1 ch9=0 rf=1 retry=20 interval=380
DBG_ANCHOR_CH5_SCAN_RESCHED ret=1 delay=20
DBG_ANCHOR_CH5_SCAN_HANDLER role=2
DBG_CH5_GAP_SCAN_DONE frames=0 last_error=0 now=178800 deadline=178800 click=0
DBG_DWM_KEEP_IDLE reason=mesh-rx ch9=1 ack=0 qack=1 ret=0
DBG_ANCHOR_CH5_SCAN_BLOCKED win=0 survey=0 tx=1 retry_gap=0 wait=0 rx=0 rxq=0 rxr=0 ack=1 ch9=0 rf=1 retry=20 interval=380
DBG_ANCHOR_CH5_SCAN_RESCHED ret=1 delay=20
DBG_ANCHOR_CH5_SCAN_HANDLER role=2
DBG_ANCHOR_CH9_REARM delay=40 ret=1 ack=1
DBG_ANCHOR_CH5_SCAN_BLOCKED win=0 survey=0 tx=1 retry_gap=0 wait=0 rx=0 rxq=0 rxr=0 ack=1 ch9=1 rf=0 retry=285 interval=380
DBG_ANCHOR_CH5_SCAN_RESCHED ret=1 delay=285
DBG_CH9_ACK_TX_WAIT
DBG_CH9_ACK_WAIT peer=0x708bc0aab970300e ret=-10 act=2 now=178861 start=179561 n=1
DBG_CH9_RX_SLOT idx=0 cnt=3173226870 now=178862 start=178921 end=179041
DBG_CH9_EVENT_STATE state=granted peer=0x708bc0aab970300e start=178921 end=179041 reason=rx-slot
DBG_CH9_RX_START idx=0 now=178862 start=178921 end=179041 tail=60
DBG_CH9_RX_CONFIG_OK
DBG_CH9_RX_EARLY_ARM now=178881 start=178921 guard=60
DBG_CH9_RX_ARMED now=178881 start=178921 end=179041 deadline=179101
DBG_DWM_KEEP_IDLE reason=ch9-rx ch9=1 ack=0 qack=1 ret=0
DBG_CH9_RX_EMPTY
DBG_CH9_RX_TIMEOUT
DBG_CH9_RX_MISS frames=0 now=179102 start=178921 end=179041 fail=0
DBG_CH9_EVENT_STATE state=window_expired peer=0x708bc0aab970300e start=178921 end=179041 reason=rx-slot
DBG_ANCHOR_CH5_SCAN_HANDLER role=2
DBG_ANCHOR_CH5_SCAN_ARM now=179107 win=20 complete=15 interval=380 wait=0 tx=1
DBG_DWM_CH5_RX_HUNT_START acq=20 complete=15 cap=1021
DBG_DWM_CH5_RX_HUNT_EMPTY ret=-116 status=0x00000000 acq=20
DBG_ANCHOR_CH5_SCAN_DONE ret=-116 len=0 fail=1 pre=0 q=0 rx_us=20843 complete=15
DBG_ANCHOR_CH5_POST_CH9_RECOVERY_SCAN win=20 ret=-116 pre=0
DBG_ANCHOR_CH5_SCAN_RESCHED ret=1 delay=380
DBG_CH9_ACK_SLOT peer=0x708bc0aab970300e cnt=3173226871 now=179501 start=179561 end=179681 n=1
DBG_CH9_ACK_BUILD peer=0x708bc0aab970300e n=1 forwarded=1 seq=23 len=44
DBG_CH9_EVENT_STATE state=granted peer=0x708bc0aab970300e start=179561 end=179681 reason=ch9-ack-batch-slot
DBG_CH9_ACK_BATCH_TRY
DBG_CH9_EVENT_STATE state=tx_payload peer=0x708bc0aab970300e start=179561 end=179681 reason=ch9-ack-batch-slot
DBG_CH9_TX_PRE_GUARD_WAIT now=179502 guard=179551 earliest=179576 msg=32
DBG_ANCHOR_CH5_SCAN_HANDLER role=2
DBG_ANCHOR_CH9_REARM delay=0 ret=2 ack=1
DBG_ANCHOR_CH5_SCAN_BLOCKED win=0 survey=0 tx=1 retry_gap=0 wait=0 rx=0 rxq=0 rxr=0 ack=1 ch9=1 rf=0 retry=245 interval=380
DBG_ANCHOR_CH5_SCAN_RESCHED ret=1 delay=245
DBG_CH9_TX_CONFIG ret=0 now=179570 earliest=179576 msg=32
DBG_CH9_TX_SEND_AT now=179576 earliest=179576 msg=32 len=105
DBG_DWM_KEEP_IDLE reason=ch9-ack-batch-slot ch9=1 ack=0 qack=1 ret=0
DBG_UWB_TX_CH9
DBG_CH9_ACK_BATCH_SENT
DBG_CH9_EVENT_STATE state=complete peer=0x708bc0aab970300e start=179561 end=179681 reason=ch9-ack-batch-slot
DBG_FORWARD_GATEWAY_ACK_COMMIT seq=23 dst=0x708bc0aab970300e next=0x708bc0aab970300e
DBG_COORD state=idle owner=report-tx reason=idle rx=0 tx=0 relay=0 route=0 ack=0 qack=0
DBG_CH5_GAP_SCAN now=179581 win=100 next_delay=560
DBG_CH5_GAP_SCAN_DONE frames=0 last_error=0 now=179681 deadline=179681 click=0
DBG_DWM_KEEP_IDLE reason=mesh-rx ch9=1 ack=0 qack=0 ret=0
DBG_CH5_GAP_SCAN now=179682 win=100 next_delay=459
DBG_ANCHOR_CH5_SCAN_HANDLER role=2
DBG_ANCHOR_CH5_SCAN_BLOCKED win=0 survey=0 tx=0 retry_gap=0 wait=0 rx=0 rxq=0 rxr=0 ack=0 ch9=0 rf=1 retry=20 interval=380
DBG_ANCHOR_CH5_SCAN_RESCHED ret=1 delay=20
DBG_CH5_GAP_SCAN_DONE frames=0 last_error=0 now=179782 deadline=179782 click=0
DBG_DWM_KEEP_IDLE reason=mesh-rx ch9=1 ack=0 qack=0 ret=0
DBG_CH5_GAP_SCAN now=179783 win=100 next_delay=358
DBG_ANCHOR_CH5_SCAN_HANDLER role=2
DBG_ANCHOR_CH5_SCAN_BLOCKED win=0 survey=0 tx=0 retry_gap=0 wait=0 rx=0 rxq=0 rxr=0 ack=0 ch9=0 rf=1 retry=20 interval=380
DBG_ANCHOR_CH5_SCAN_RESCHED ret=1 delay=20
DBG_ANCHOR_CH5_SCAN_HANDLER role=2
DBG_ANCHOR_CH5_SCAN_BLOCKED win=0 survey=0 tx=0 retry_gap=0 wait=0 rx=0 rxq=0 rxr=0 ack=0 ch9=0 rf=1 retry=20 interval=380
DBG_ANCHOR_CH5_SCAN_RESCHED ret=1 delay=20
DBG_ANCHOR_CH5_SCAN_HANDLER role=2
DBG_ANCHOR_CH5_SCAN_BLOCKED win=0 survey=0 tx=0 retry_gap=0 wait=0 rx=0 rxq=0 rxr=0 ack=0 ch9=0 rf=1 retry=20 interval=380
DBG_ANCHOR_CH5_SCAN_RESCHED ret=1 delay=20
DBG_ANCHOR_CH5_SCAN_HANDLER role=2
DBG_ANCHOR_CH5_SCAN_BLOCKED win=0 survey=0 tx=0 retry_gap=0 wait=0 rx=0 rxq=0 rxr=0 ack=0 ch9=0 rf=1 retry=20 interval=380
DBG_ANCHOR_CH5_SCAN_RESCHED ret=1 delay=20
DBG_CH5_GAP_SCAN_DONE frames=0 last_error=0 now=179884 deadline=179883 click=0
DBG_DWM_KEEP_IDLE reason=mesh-rx ch9=1 ack=0 qack=0 ret=0
DBG_CH5_GAP_SCAN now=179885 win=100 next_delay=256
DBG_ANCHOR_CH5_SCAN_HANDLER role=2
DBG_ANCHOR_CH5_SCAN_BLOCKED win=0 survey=0 tx=0 retry_gap=0 wait=0 rx=0 rxq=0 rxr=0 ack=0 ch9=0 rf=1 retry=20 interval=380
DBG_ANCHOR_CH5_SCAN_RESCHED ret=1 delay=20
DBG_ANCHOR_CH5_SCAN_HANDLER role=2
DBG_ANCHOR_CH5_SCAN_BLOCKED win=0 survey=0 tx=0 retry_gap=0 wait=0 rx=0 rxq=0 rxr=0 ack=0 ch9=0 rf=1 retry=20 interval=380
DBG_ANCHOR_CH5_SCAN_RESCHED ret=1 delay=20
DBG_ANCHOR_CH5_SCAN_HANDLER role=2
DBG_ANCHOR_CH5_SCAN_BLOCKED win=0 survey=0 tx=0 retry_gap=0 wait=0 rx=0 rxq=0 rxr=0 ack=0 ch9=0 rf=1 retry=20 interval=380
DBG_ANCHOR_CH5_SCAN_RESCHED ret=1 delay=20
DBG_ANCHOR_CH5_SCAN_HANDLER role=2
DBG_ANCHOR_CH5_SCAN_BLOCKED win=0 survey=0 tx=0 retry_gap=0 wait=0 rx=0 rxq=0 rxr=0 ack=0 ch9=0 rf=1 retry=20 interval=380
DBG_CH5_GAP_SCAN_DONE frames=0 last_error=0 now=179985 deadline=179985 click=0
DBG_DWM_KEEP_IDLE reason=mesh-rx ch9=1 ack=0 qack=0 ret=0
DBG_CH5_GAP_SCAN now=179986 win=95 next_delay=155
DBG_ANCHOR_CH5_SCAN_RESCHED ret=1 delay=20
DBG_ANCHOR_CH5_SCAN_HANDLER role=2
DBG_ANCHOR_CH5_SCAN_BLOCKED win=0 survey=0 tx=0 retry_gap=0 wait=0 rx=0 rxq=0 rxr=0 ack=0 ch9=0 rf=1 retry=20 interval=380
DBG_ANCHOR_CH5_SCAN_RESCHED ret=1 delay=20
DBG_ANCHOR_CH5_SCAN_HANDLER role=2
DBG_ANCHOR_CH5_SCAN_BLOCKED win=0 survey=0 tx=0 retry_gap=0 wait=0 rx=0 rxq=0 rxr=0 ack=0 ch9=0 rf=1 retry=20 interval=380
DBG_ANCHOR_CH5_SCAN_RESCHED ret=1 delay=20
DBG_ANCHOR_CH5_SCAN_HANDLER role=2
DBG_ANCHOR_CH5_SCAN_BLOCKED win=0 survey=0 tx=0 retry_gap=0 wait=0 rx=0 rxq=0 rxr=0 ack=0 ch9=0 rf=1 retry=20 interval=380
DBG_ANCHOR_CH5_SCAN_RESCHED ret=1 delay=20
DBG_CH5_GAP_SCAN_DONE frames=0 last_error=0 now=180081 deadline=180081 click=0
DBG_DWM_KEEP_IDLE reason=mesh-rx ch9=1 ack=0 qack=0 ret=0
DBG_ANCHOR_CH5_SCAN_HANDLER role=2
DBG_ANCHOR_CH9_REARM delay=58 ret=1 ack=0
DBG_ANCHOR_CH5_SCAN_BLOCKED win=0 survey=0 tx=0 retry_gap=0 wait=0 rx=0 rxq=0 rxr=0 ack=0 ch9=1 rf=0 retry=303 interval=380
DBG_ANCHOR_CH5_SCAN_RESCHED ret=1 delay=303
DBG_CH9_RX_SLOT idx=0 cnt=3173226872 now=180141 start=180201 end=180321
DBG_CH9_EVENT_STATE state=granted peer=0x708bc0aab970300e start=180201 end=180321 reason=rx-slot
DBG_CH9_RX_START idx=0 now=180141 start=180201 end=180321 tail=60
DBG_CH9_RX_CONFIG_OK
DBG_CH9_RX_EARLY_ARM now=180160 start=180201 guard=60
DBG_CH9_RX_ARMED now=180160 start=180201 end=180321 deadline=180381
DBG_DWM_KEEP_IDLE reason=ch9-rx ch9=1 ack=0 qack=0 ret=0
DBG_CH9_RX_EMPTY
DBG_CH9_RX_TIMEOUT
DBG_CH9_RX_MISS frames=0 now=180382 start=180201 end=180321 fail=0
DBG_CH9_EVENT_STATE state=window_expired peer=0x708bc0aab970300e start=180201 end=180321 reason=rx-slot
DBG_ANCHOR_CH5_SCAN_HANDLER role=2
DBG_ANCHOR_CH5_SCAN_ARM now=180386 win=20 complete=15 interval=380 wait=0 tx=0
DBG_DWM_CH5_RX_HUNT_START acq=20 complete=15 cap=1021
DBG_DWM_CH5_RX_HUNT_EMPTY ret=-116 status=0x00000000 acq=20
DBG_ANCHOR_CH5_SCAN_DONE ret=-116 len=0 fail=1 pre=0 q=0 rx_us=20812 complete=15
DBG_ANCHOR_CH5_POST_CH9_RECOVERY_SCAN win=20 ret=-116 pre=0
DBG_ANCHOR_CH5_SCAN_RESCHED ret=1 delay=380
DBG_ANCHOR_CH5_SCAN_HANDLER role=2
DBG_DWM_CH5_RX_HUNT_START acq=3 complete=15 cap=1021
DBG_DWM_CH5_RX_HUNT_EMPTY ret=-116 status=0x00000000 acq=3
DBG_ANCHOR_CH5_SCAN_RESCHED ret=1 delay=380
DBG_ANCHOR_CH5_SCAN_HANDLER role=2
DBG_DWM_CH5_RX_HUNT_START acq=3 complete=15 cap=1021
DBG_DWM_CH5_RX_HUNT_EMPTY ret=-116 status=0x00000000 acq=3
DBG_ANCHOR_CH5_SCAN_RESCHED ret=1 delay=380
DBG_CH9_SKIP_STALE n=1 now=181421 next=181481 cnt=3173226874 reason=rx-select
DBG_CH9_RX_SLOT idx=0 cnt=3173226874 now=181421 start=181481 end=181601
DBG_CH9_EVENT_STATE state=granted peer=0x708bc0aab970300e start=181481 end=181601 reason=rx-slot
DBG_CH9_RX_START idx=0 now=181421 start=181481 end=181601 tail=60
DBG_CH9_RX_CONFIG_OK
DBG_CH9_RX_EARLY_ARM now=181440 start=181481 guard=60
DBG_CH9_RX_ARMED now=181440 start=181481 end=181601 deadline=181661
DBG_ANCHOR_CH5_SCAN_HANDLER role=2
DBG_ANCHOR_CH5_SCAN_BLOCKED win=0 survey=0 tx=0 retry_gap=0 wait=0 rx=0 rxq=0 rxr=0 ack=0 ch9=0 rf=1 retry=20 interval=380
DBG_ANCHOR_CH5_SCAN_RESCHED ret=1 delay=20
DBG_ANCHOR_CH5_SCAN_HANDLER role=2
DBG_ANCHOR_CH5_SCAN_BLOCKED win=0 survey=0 tx=0 retry_gap=0 wait=0 rx=0 rxq=0 rxr=0 ack=0 ch9=0 rf=1 retry=20 interval=380
DBG_ANCHOR_CH5_SCAN_RESCHED ret=1 delay=20
DBG_DWM_KEEP_IDLE reason=ch9-rx ch9=1 ack=0 qack=0 ret=0
DBG_CH9_RX_EMPTY
DBG_CH9_RX_TIMEOUT
DBG_CH9_RX_MISS frames=0 now=181663 start=181481 end=181601 fail=0
DBG_CH9_EVENT_STATE state=window_expired peer=0x708bc0aab970300e start=181481 end=181601 reason=rx-slot
DBG_ANCHOR_CH5_SCAN_HANDLER role=2
DBG_ANCHOR_CH5_SCAN_ARM now=181664 win=20 complete=15 interval=380 wait=0 tx=0
DBG_DWM_CH5_RX_HUNT_START acq=20 complete=15 cap=1021
DBG_DWM_CH5_RX_HUNT_EMPTY ret=-116 status=0x00000000 acq=20
DBG_ANCHOR_CH5_SCAN_DONE ret=-116 len=0 fail=1 pre=0 q=0 rx_us=20843 complete=15
DBG_ANCHOR_CH5_POST_CH9_RECOVERY_SCAN win=20 ret=-116 pre=0
DBG_ANCHOR_CH5_SCAN_RESCHED ret=1 delay=380
DBG_ANCHOR_CH5_SCAN_HANDLER role=2
DBG_DWM_CH5_RX_HUNT_START acq=3 complete=15 cap=1021
DBG_DWM_CH5_RX_HUNT_EMPTY ret=-116 status=0x00000000 acq=3
DBG_ANCHOR_CH5_SCAN_RESCHED ret=1 delay=380
DBG_ANCHOR_CH5_SCAN_HANDLER role=2
DBG_DWM_CH5_RX_HUNT_START acq=3 complete=15 cap=1021
DBG_DWM_CH5_RX_HUNT_EMPTY ret=-116 status=0x00000000 acq=3
DBG_ANCHOR_CH5_SCAN_RESCHED ret=1 delay=380
DBG_CH9_SKIP_STALE n=1 now=182701 next=182761 cnt=3173226876 reason=rx-select
DBG_CH9_RX_SLOT idx=0 cnt=3173226876 now=182701 start=182761 end=182881
DBG_CH9_EVENT_STATE state=granted peer=0x708bc0aab970300e start=182761 end=182881 reason=rx-slot
DBG_CH9_RX_START idx=0 now=182701 start=182761 end=182881 tail=60
DBG_CH9_RX_CONFIG_OK
DBG_CH9_RX_EARLY_ARM now=182720 start=182761 guard=60
DBG_CH9_RX_ARMED now=182720 start=182761 end=182881 deadline=182941
DBG_ANCHOR_CH5_SCAN_HANDLER role=2
DBG_ANCHOR_CH5_SCAN_BLOCKED win=0 survey=0 tx=0 retry_gap=0 wait=0 rx=0 rxq=0 rxr=0 ack=0 ch9=0 rf=1 retry=20 interval=380
DBG_ANCHOR_CH5_SCAN_RESCHED ret=1 delay=20
DBG_ANCHOR_CH5_SCAN_HANDLER role=2
DBG_ANCHOR_CH5_SCAN_BLOCKED win=0 survey=0 tx=0 retry_gap=0 wait=0 rx=0 rxq=0 rxr=0 ack=0 ch9=0 rf=1 retry=20 interval=380
DBG_ANCHOR_CH5_SCAN_RESCHED ret=1 delay=20
DBG_DWM_KEEP_IDLE reason=ch9-rx ch9=1 ack=0 qack=0 ret=0
DBG_CH9_RX_EMPTY
DBG_CH9_RX_TIMEOUT
DBG_CH9_RX_MISS frames=0 now=182943 start=182761 end=182881 fail=0
DBG_CH9_EVENT_STATE state=window_expired peer=0x708bc0aab970300e start=182761 end=182881 reason=rx-slot
DBG_ANCHOR_CH5_SCAN_HANDLER role=2
DBG_ANCHOR_CH5_SCAN_ARM now=182943 win=20 complete=15 interval=380 wait=0 tx=0
DBG_DWM_CH5_RX_HUNT_START acq=20 complete=15 cap=1021
DBG_DWM_CH5_RX_HUNT_EMPTY ret=-116 status=0x00000000 acq=20
DBG_ANCHOR_CH5_SCAN_DONE ret=-116 len=0 fail=1 pre=0 q=0 rx_us=21026 complete=15
DBG_ANCHOR_CH5_POST_CH9_RECOVERY_SCAN win=20 ret=-116 pre=0
DBG_ANCHOR_CH5_SCAN_RESCHED ret=1 delay=380
DBG_ANCHOR_CH5_SCAN_HANDLER role=2
DBG_DWM_CH5_RX_HUNT_START acq=3 complete=15 cap=1021
DBG_DWM_CH5_RX_HUNT_EMPTY ret=-116 status=0x00000000 acq=3
DBG_ANCHOR_CH5_SCAN_RESCHED ret=1 delay=380
DBG_ANCHOR_CH5_SCAN_HANDLER role=2
DBG_DWM_CH5_RX_HUNT_START acq=3 complete=15 cap=1021
DBG_DWM_CH5_RX_HUNT_EMPTY ret=-116 status=0x00000000 acq=3
DBG_ANCHOR_CH5_SCAN_RESCHED ret=1 delay=380
DBG_CH9_SKIP_STALE n=1 now=183981 next=184041 cnt=3173226878 reason=rx-select
DBG_CH9_RX_SLOT idx=0 cnt=3173226878 now=183981 start=184041 end=184161
DBG_CH9_EVENT_STATE state=granted peer=0x708bc0aab970300e start=184041 end=184161 reason=rx-slot
DBG_CH9_RX_START idx=0 now=183981 start=184041 end=184161 tail=60
DBG_CH9_RX_CONFIG_OK
DBG_CH9_RX_EARLY_ARM now=184000 start=184041 guard=60
DBG_CH9_RX_ARMED now=184000 start=184041 end=184161 deadline=184221
DBG_ANCHOR_CH5_SCAN_HANDLER role=2
DBG_ANCHOR_CH5_SCAN_BLOCKED win=0 survey=0 tx=0 retry_gap=0 wait=0 rx=0 rxq=0 rxr=0 ack=0 ch9=0 rf=1 retry=20 interval=380
DBG_ANCHOR_CH5_SCAN_RESCHED ret=1 delay=20
DBG_ANCHOR_CH5_SCAN_HANDLER role=2
DBG_ANCHOR_CH5_SCAN_BLOCKED win=0 survey=0 tx=0 retry_gap=0 wait=0 rx=0 rxq=0 rxr=0 ack=0 ch9=0 rf=1 retry=20 interval=380
DBG_ANCHOR_CH5_SCAN_RESCHED ret=1 delay=20
DBG_DWM_KEEP_IDLE reason=ch9-rx ch9=1 ack=0 qack=0 ret=0
DBG_CH9_RX_EMPTY
DBG_CH9_RX_TIMEOUT
DBG_CH9_RX_MISS frames=0 now=184222 start=184041 end=184161 fail=0
DBG_CH9_EVENT_STATE state=window_expired peer=0x708bc0aab970300e start=184041 end=184161 reason=rx-slot
DBG_ANCHOR_CH5_SCAN_HANDLER role=2
DBG_ANCHOR_CH5_SCAN_ARM now=184223 win=20 complete=15 interval=380 wait=0 tx=0
DBG_DWM_CH5_RX_HUNT_START acq=20 complete=15 cap=1021
DBG_DWM_CH5_RX_HUNT_EMPTY ret=-116 status=0x00000000 acq=20
DBG_ANCHOR_CH5_SCAN_DONE ret=-116 len=0 fail=1 pre=0 q=0 rx_us=20690 complete=15
DBG_ANCHOR_CH5_POST_CH9_RECOVERY_SCAN win=20 ret=-116 pre=0
DBG_ANCHOR_CH5_SCAN_RESCHED ret=1 delay=380
