[34m0000464[0m [36mI[0m Target type is nrf52833 [2m[board][0m
[34m0000480[0m [36mI[0m Performing connect pre-reset [2m[coresight_target][0m
[34m0000731[0m [36mI[0m DAP is not accessible after reset; attempting reconnect [2m[dap][0m
[34m0000838[0m [36mI[0m DP IDR = 0x2ba01477 (v1 rev2) [2m[dap][0m
[34m0000845[0m [36mI[0m AHB-AP#0 IDR = 0x24770011 (AHB-AP var1 rev2) [2m[discovery][0m
[34m0000845[0m [36mI[0m AP#1 IDR = 0x02880000 (AP var0 rev0) [2m[discovery][0m
[34m0000846[0m [36mI[0m NRF52833 not in secure state [2m[target_nRF52][0m
[34m0000849[0m [36mI[0m AHB-AP#0 Class 0x1 ROM table #0 @ 0xe00ff000 (designer=244 part=00d) [2m[rom_table][0m
[34m0000851[0m [36mI[0m [0]<e000e000:SCS v7-M class=14 designer=43b:Arm part=00c> [2m[rom_table][0m
[34m0000853[0m [36mI[0m [1]<e0001000:DWT v7-M class=14 designer=43b:Arm part=002> [2m[rom_table][0m
[34m0000854[0m [36mI[0m [2]<e0002000:FPB v7-M class=14 designer=43b:Arm part=003> [2m[rom_table][0m
[34m0000856[0m [36mI[0m [3]<e0000000:ITM v7-M class=14 designer=43b:Arm part=001> [2m[rom_table][0m
[34m0000858[0m [36mI[0m [4]<e0040000:TPIU M4 class=9 designer=43b:Arm part=9a1 devtype=11 archid=0000 devid=ca1:0:0> [2m[rom_table][0m
[34m0000861[0m [36mI[0m [5]<e0041000:ETM M4 class=9 designer=43b:Arm part=925 devtype=13 archid=0000 devid=0:0:0> [2m[rom_table][0m
[34m0000864[0m [36mI[0m CPU core #0: Cortex-M4 r0p1, v7.0-M architecture [2m[cortex_m][0m
[34m0000864[0m [36mI[0m   Extensions: [DSP, FPU, FPU_V4, MPU] [2m[cortex_m][0m
[34m0000864[0m [36mI[0m   FPU present: FPv4-SP-D16-M [2m[cortex_m][0m
[34m0000867[0m [36mI[0m This appears to be an nRF52833 AA B0 [2m[target_nRF52][0m
[34m0000871[0m [36mI[0m 4 hardware watchpoints [2m[dwt][0m
[34m0000873[0m [36mI[0m 6 hardware breakpoints, 4 literal comparators [2m[fpb][0m
[34m0000893[0m [36mI[0m 3 up channels and 3 down channels found [2m[rtt_cmd][0m
[34m0000893[0m [36mI[0m Reading from up channel 0 ("Terminal") [2m[rtt_cmd][0m
[34m0000895[0m [36mI[0m Writing to down channel 0 ("Terminal") [2m[rtt_cmd][0m
DBG_STACK_BOOT preset=mesh_anchor_forcedhop build=imec-stack-v1:mesh_anchor_forcedhop:91f765da5448dda5349e99e937a3987a14e35f647c384acb4fc20d05419852a9 epoch=11744397695838858733 uptime=252
mesh node identity: ficr=0x1f9760bd0bb89243 node=0x56da25fe4af6d141 preset=mesh_anchor_forcedhop
DBG_LED_SELFTEST_CH5_RX
DBG_DIRECT_GW_PROBE_BOOT resetreas=0x00000000 phase=none
DBG_NODE_COMM_BOOT stage=init ret=0 running=1 uptime=1262
DBG_BOOT_ANCHOR_ROLE_BEGIN
DBG_ANCHOR_BLE_DISABLED
DBG_ANCHOR_CH5_SCAN_WQ_STARTED
DBG_ANCHOR_CH5_SCAN_RESCHED ret=1 delay=2000
DBG_ANCHOR_CH5_SCAN_SCHEDULED startup=2000 interval=380 win=3
DBG_BOOT_ANCHOR_ROLE_DONE
DBG_BOOT_MESH_RX_ANCHOR_LOW_DUTY_OWNER
DBG_BOOT_MESH_TEST_BEGIN
DBG_BOOT_MESH_TEST_DONE
DBG_ANCHOR_CH5_SCAN_HANDLER role=2
DBG_ANCHOR_CH5_SCAN_ARM now=3268 win=3 complete=15 interval=380 wait=0 tx=0 response=0
DBG_DWM_INVALIDATE tag=configure_radio_from_reset active_phy=0 configured=0 awake=0
DBG_DWM_MARK_UNCONFIGURED tag=initialise_radio prev_phy=0
DBG_ANCHOR_CH5_SCAN_HANDLER role=2
DBG_DWM_INVALIDATE tag=configure_radio_from_reset active_phy=2 configured=1 awake=0
DBG_DWM_MARK_UNCONFIGURED tag=initialise_radio prev_phy=0
DBG_DWM_CH5_RX_HUNT_START acq=3 complete=15 cap=1021
DBG_DWM_CH5_RX_HUNT_EMPTY ret=-116 status=0x00000000 acq=3
DBG_ANCHOR_CH5_SCAN_RESCHED ret=1 delay=380
DBG_ANCHOR_CH5_SCAN_HANDLER role=2
DBG_ANCHOR_CH5_SCAN_ARM now=8151 win=3 complete=15 interval=380 wait=0 tx=0 response=0
DBG_DWM_INVALIDATE tag=configure_radio_from_reset active_phy=2 configured=1 awake=0
DBG_DWM_MARK_UNCONFIGURED tag=initialise_radio prev_phy=0
DBG_DWM_CH5_RX_HUNT_START acq=3 complete=15 cap=1021
DBG_DWM_CH5_RX_HUNT_EMPTY ret=-116 status=0x00000000 acq=3
DBG_ANCHOR_CH5_SCAN_DONE ret=-116 len=0 fail=1 pre=0 q=0 rx_us=3143 complete=15
DBG_ANCHOR_CH5_SCAN_RESCHED ret=1 delay=380
DBG_ANCHOR_CH5_SCAN_HANDLER role=2
DBG_DWM_INVALIDATE tag=configure_radio_from_reset active_phy=2 configured=1 awake=0
DBG_DWM_MARK_UNCONFIGURED tag=initialise_radio prev_phy=0
DBG_DWM_CH5_RX_HUNT_START acq=3 complete=15 cap=1021
DBG_DWM_CH5_RX_HUNT_EMPTY ret=-116 status=0x00000000 acq=3
DBG_ANCHOR_CH5_SCAN_RESCHED ret=1 delay=380
DBG_ANCHOR_CH5_SCAN_HANDLER role=2
DBG_DWM_INVALIDATE tag=configure_radio_from_reset active_phy=2 configured=1 awake=0
DBG_DWM_MARK_UNCONFIGURED tag=initialise_radio prev_phy=0
DBG_DWM_CH5_RX_HUNT_START acq=3 complete=15 cap=1021
DBG_DWM_CH5_RX_HUNT_EMPTY ret=-116 status=0x00000000 acq=3
DBG_ANCHOR_CH5_SCAN_RESCHED ret=1 delay=380
DBG_ANCHOR_CH5_SCAN_HANDLER role=2
DBG_ANCHOR_CH5_SCAN_ARM now=9371 win=3 complete=15 interval=380 wait=0 tx=0 response=0
DBG_DWM_INVALIDATE tag=configure_radio_from_reset active_phy=2 configured=1 awake=0
DBG_DWM_MARK_UNCONFIGURED tag=initialise_radio prev_phy=0
DBG_DWM_CH5_RX_HUNT_START acq=3 complete=15 cap=1021
DBG_DWM_CH5_RX_HUNT_EMPTY ret=-116 status=0x00000000 acq=3
DBG_ANCHOR_CH5_SCAN_DONE ret=-116 len=0 fail=1 pre=0 q=0 rx_us=3723 complete=15
DBG_ANCHOR_CH5_SCAN_RESCHED ret=1 delay=380
DBG_ANCHOR_CH5_SCAN_HANDLER role=2
DBG_DWM_INVALIDATE tag=configure_radio_from_reset active_phy=2 configured=1 awake=0
DBG_DWM_MARK_UNCONFIGURED tag=initialise_radio prev_phy=0
DBG_DWM_CH5_RX_HUNT_START acq=3 complete=15 cap=1021
DBG_DWM_CH5_RX_HUNT_EMPTY ret=-116 status=0x00000000 acq=3
DBG_ANCHOR_CH5_SCAN_RESCHED ret=1 delay=380
DBG_ANCHOR_CH5_SCAN_HANDLER role=2
DBG_DWM_INVALIDATE tag=configure_radio_from_reset active_phy=2 configured=1 awake=0
DBG_DWM_MARK_UNCONFIGURED tag=initialise_radio prev_phy=0
DBG_DWM_CH5_RX_HUNT_START acq=3 complete=15 cap=1021
DBG_DWM_CH5_RX_HUNT_EMPTY ret=-116 status=0x00000000 acq=3
DBG_ANCHOR_CH5_SCAN_RESCHED ret=1 delay=380
DBG_ANCHOR_CH5_SCAN_HANDLER role=2
DBG_ANCHOR_CH5_SCAN_ARM now=10590 win=3 complete=15 interval=380 wait=0 tx=0 response=0
DBG_DWM_INVALIDATE tag=configure_radio_from_reset active_phy=2 configured=1 awake=0
DBG_DWM_MARK_UNCONFIGURED tag=initialise_radio prev_phy=0
DBG_DWM_CH5_RX_HUNT_START acq=3 complete=15 cap=1021
DBG_DWM_CH5_RX_HUNT_EMPTY ret=-116 status=0x00000000 acq=3
DBG_ANCHOR_CH5_SCAN_DONE ret=-116 len=0 fail=1 pre=0 q=0 rx_us=3906 complete=15
DBG_ANCHOR_CH5_SCAN_RESCHED ret=1 delay=380
DBG_ANCHOR_CH5_SCAN_HANDLER role=2
DBG_DWM_INVALIDATE tag=configure_radio_from_reset active_phy=2 configured=1 awake=0
DBG_DWM_MARK_UNCONFIGURED tag=initialise_radio prev_phy=0
DBG_DWM_CH5_RX_HUNT_START acq=3 complete=15 cap=1021
DBG_DWM_CH5_RX_HUNT_EMPTY ret=-116 status=0x00000000 acq=3
DBG_ANCHOR_CH5_SCAN_RESCHED ret=1 delay=380
DBG_ANCHOR_CH5_SCAN_HANDLER role=2
DBG_DWM_INVALIDATE tag=configure_radio_from_reset active_phy=2 configured=1 awake=0
DBG_DWM_MARK_UNCONFIGURED tag=initialise_radio prev_phy=0
DBG_DWM_CH5_RX_HUNT_START acq=3 complete=15 cap=1021
DBG_DWM_CH5_RX_HUNT_EMPTY ret=-116 status=0x00000000 acq=3
DBG_ANCHOR_CH5_SCAN_RESCHED ret=1 delay=380
DBG_ANCHOR_CH5_SCAN_HANDLER role=2
DBG_ANCHOR_CH5_SCAN_ARM now=11811 win=3 complete=15 interval=380 wait=0 tx=0 response=0
DBG_DWM_INVALIDATE tag=configure_radio_from_reset active_phy=2 configured=1 awake=0
DBG_DWM_MARK_UNCONFIGURED tag=initialise_radio prev_phy=0
DBG_DWM_CH5_RX_HUNT_START acq=3 complete=15 cap=1021
DBG_DWM_CH5_RX_HUNT_EMPTY ret=-116 status=0x00000000 acq=3
DBG_ANCHOR_CH5_SCAN_DONE ret=-116 len=0 fail=1 pre=0 q=0 rx_us=3692 complete=15
DBG_ANCHOR_CH5_SCAN_RESCHED ret=1 delay=380
DBG_ANCHOR_CH5_SCAN_HANDLER role=2
DBG_DWM_INVALIDATE tag=configure_radio_from_reset active_phy=2 configured=1 awake=0
DBG_DWM_MARK_UNCONFIGURED tag=initialise_radio prev_phy=0
DBG_DWM_CH5_RX_HUNT_START acq=3 complete=15 cap=1021
DBG_DWM_CH5_RX_HUNT_EMPTY ret=-116 status=0x00000000 acq=3
DBG_ANCHOR_CH5_SCAN_RESCHED ret=1 delay=380
DBG_ANCHOR_CH5_SCAN_HANDLER role=2
DBG_DWM_INVALIDATE tag=configure_radio_from_reset active_phy=2 configured=1 awake=0
DBG_DWM_MARK_UNCONFIGURED tag=initialise_radio prev_phy=0
DBG_DWM_CH5_RX_HUNT_START acq=3 complete=15 cap=1021
DBG_DWM_CH5_RX_HUNT_EMPTY ret=-116 status=0x00000000 acq=3
DBG_ANCHOR_CH5_SCAN_RESCHED ret=1 delay=380
DBG_ANCHOR_CH5_SCAN_HANDLER role=2
DBG_ANCHOR_CH5_SCAN_ARM now=13032 win=3 complete=15 interval=380 wait=0 tx=0 response=0
DBG_DWM_INVALIDATE tag=configure_radio_from_reset active_phy=2 configured=1 awake=0
DBG_DWM_MARK_UNCONFIGURED tag=initialise_radio prev_phy=0
DBG_DWM_CH5_RX_HUNT_START acq=3 complete=15 cap=1021
DBG_DWM_CH5_RX_HUNT_EMPTY ret=-116 status=0x00000000 acq=3
DBG_ANCHOR_CH5_SCAN_DONE ret=-116 len=0 fail=1 pre=0 q=0 rx_us=3540 complete=15
DBG_ANCHOR_CH5_SCAN_RESCHED ret=1 delay=380
DBG_ANCHOR_CH5_SCAN_HANDLER role=2
DBG_DWM_INVALIDATE tag=configure_radio_from_reset active_phy=2 configured=1 awake=0
DBG_DWM_MARK_UNCONFIGURED tag=initialise_radio prev_phy=0
DBG_DWM_CH5_RX_HUNT_START acq=3 complete=15 cap=1021
DBG_DWM_CH5_RX_HUNT_EMPTY ret=-116 status=0x00000000 acq=3
DBG_ANCHOR_CH5_SCAN_RESCHED ret=1 delay=380
DBG_ANCHOR_CH5_SCAN_HANDLER role=2
DBG_DWM_INVALIDATE tag=configure_radio_from_reset active_phy=2 configured=1 awake=0
DBG_DWM_MARK_UNCONFIGURED tag=initialise_radio prev_phy=0
DBG_DWM_CH5_RX_HUNT_START acq=3 complete=15 cap=1021
DBG_DWM_CH5_RX_HUNT_EMPTY ret=-116 status=0x00000000 acq=3
DBG_ANCHOR_CH5_SCAN_RESCHED ret=1 delay=380
DBG_ANCHOR_CH5_SCAN_HANDLER role=2
DBG_ANCHOR_CH5_SCAN_ARM now=14252 win=3 complete=15 interval=380 wait=0 tx=0 response=0
DBG_DWM_INVALIDATE tag=configure_radio_from_reset active_phy=2 configured=1 awake=0
DBG_DWM_MARK_UNCONFIGURED tag=initialise_radio prev_phy=0
DBG_DWM_CH5_RX_HUNT_START acq=3 complete=15 cap=1021
DBG_DWM_CH5_RX_HUNT_EMPTY ret=-116 status=0x00000000 acq=3
DBG_ANCHOR_CH5_SCAN_DONE ret=-116 len=0 fail=1 pre=0 q=0 rx_us=3509 complete=15
DBG_ANCHOR_CH5_SCAN_RESCHED ret=1 delay=380
DBG_ANCHOR_CH5_SCAN_HANDLER role=2
DBG_DWM_INVALIDATE tag=configure_radio_from_reset active_phy=2 configured=1 awake=0
DBG_DWM_MARK_UNCONFIGURED tag=initialise_radio prev_phy=0
DBG_DWM_CH5_RX_HUNT_START acq=3 complete=15 cap=1021
DBG_DWM_CH5_RX_HUNT_EMPTY ret=-116 status=0x00000000 acq=3
DBG_ANCHOR_CH5_SCAN_RESCHED ret=1 delay=380
DBG_ANCHOR_CH5_SCAN_HANDLER role=2
DBG_DWM_INVALIDATE tag=configure_radio_from_reset active_phy=2 configured=1 awake=0
DBG_DWM_MARK_UNCONFIGURED tag=initialise_radio prev_phy=0
DBG_DWM_CH5_RX_HUNT_START acq=3 complete=15 cap=1021
DBG_DWM_CH5_RX_HUNT_EMPTY ret=-116 status=0x00000000 acq=3
DBG_ANCHOR_CH5_SCAN_RESCHED ret=1 delay=380
DBG_ANCHOR_CH5_SCAN_HANDLER role=2
DBG_ANCHOR_CH5_SCAN_ARM now=15472 win=3 complete=15 interval=380 wait=0 tx=0 response=0
DBG_DWM_INVALIDATE tag=configure_radio_from_reset active_phy=2 configured=1 awake=0
DBG_DWM_MARK_UNCONFIGURED tag=initialise_radio prev_phy=0
DBG_DWM_CH5_RX_HUNT_START acq=3 complete=15 cap=1021
DBG_DWM_CH5_RX_HUNT_EMPTY ret=-116 status=0x00000000 acq=3
DBG_ANCHOR_CH5_SCAN_DONE ret=-116 len=0 fail=1 pre=0 q=0 rx_us=3723 complete=15
DBG_ANCHOR_CH5_SCAN_RESCHED ret=1 delay=380
DBG_ANCHOR_CH5_SCAN_HANDLER role=2
DBG_DWM_INVALIDATE tag=configure_radio_from_reset active_phy=2 configured=1 awake=0
DBG_DWM_MARK_UNCONFIGURED tag=initialise_radio prev_phy=0
DBG_DWM_CH5_RX_HUNT_START acq=3 complete=15 cap=1021
DBG_DWM_CH5_RX_HUNT_EMPTY ret=-116 status=0x00000000 acq=3
DBG_ANCHOR_CH5_SCAN_RESCHED ret=1 delay=380
DBG_ANCHOR_CH5_SCAN_HANDLER role=2
DBG_DWM_INVALIDATE tag=configure_radio_from_reset active_phy=2 configured=1 awake=0
DBG_DWM_MARK_UNCONFIGURED tag=initialise_radio prev_phy=0
DBG_DWM_CH5_RX_HUNT_START acq=3 complete=15 cap=1021
DBG_DWM_CH5_RX_HUNT_EMPTY ret=-116 status=0x00000000 acq=3
DBG_ANCHOR_CH5_SCAN_RESCHED ret=1 delay=380
DBG_ANCHOR_CH5_SCAN_HANDLER role=2
DBG_ANCHOR_CH5_SCAN_ARM now=16693 win=3 complete=15 interval=380 wait=0 tx=0 response=0
DBG_DWM_INVALIDATE tag=configure_radio_from_reset active_phy=2 configured=1 awake=0
DBG_DWM_MARK_UNCONFIGURED tag=initialise_radio prev_phy=0
DBG_DWM_CH5_RX_HUNT_START acq=3 complete=15 cap=1021
DBG_DWM_CH5_RX_HUNT_EMPTY ret=-116 status=0x00000000 acq=3
DBG_ANCHOR_CH5_SCAN_DONE ret=-116 len=0 fail=1 pre=0 q=0 rx_us=3692 complete=15
DBG_ANCHOR_CH5_SCAN_RESCHED ret=1 delay=380
DBG_ANCHOR_CH5_SCAN_HANDLER role=2
DBG_DWM_INVALIDATE tag=configure_radio_from_reset active_phy=2 configured=1 awake=0
DBG_DWM_MARK_UNCONFIGURED tag=initialise_radio prev_phy=0
DBG_DWM_CH5_RX_HUNT_START acq=3 complete=15 cap=1021
DBG_DWM_CH5_RX_HUNT_EMPTY ret=-116 status=0x00000000 acq=3
DBG_ANCHOR_CH5_SCAN_RESCHED ret=1 delay=380
DBG_ANCHOR_CH5_SCAN_HANDLER role=2
DBG_DWM_INVALIDATE tag=configure_radio_from_reset active_phy=2 configured=1 awake=0
DBG_DWM_MARK_UNCONFIGURED tag=initialise_radio prev_phy=0
DBG_DWM_CH5_RX_HUNT_START acq=3 complete=15 cap=1021
DBG_DWM_CH5_RX_HUNT_EMPTY ret=-116 status=0x00000000 acq=3
DBG_ANCHOR_CH5_SCAN_RESCHED ret=1 delay=380
DBG_ANCHOR_CH5_SCAN_HANDLER role=2
DBG_ANCHOR_CH5_SCAN_ARM now=17914 win=3 complete=15 interval=380 wait=0 tx=0 response=0
DBG_DWM_INVALIDATE tag=configure_radio_from_reset active_phy=2 configured=1 awake=0
DBG_DWM_MARK_UNCONFIGURED tag=initialise_radio prev_phy=0
DBG_DWM_CH5_RX_HUNT_START acq=3 complete=15 cap=1021
DBG_DWM_CH5_RX_HUNT_EMPTY ret=-116 status=0x00000000 acq=3
DBG_ANCHOR_CH5_SCAN_DONE ret=-116 len=0 fail=1 pre=0 q=0 rx_us=3509 complete=15
DBG_ANCHOR_CH5_SCAN_RESCHED ret=1 delay=380
DBG_ANCHOR_CH5_SCAN_HANDLER role=2
DBG_DWM_INVALIDATE tag=configure_radio_from_reset active_phy=2 configured=1 awake=0
DBG_DWM_MARK_UNCONFIGURED tag=initialise_radio prev_phy=0
DBG_DWM_CH5_RX_HUNT_START acq=3 complete=15 cap=1021
DBG_DWM_CH5_RX_HUNT_EMPTY ret=-116 status=0x00000000 acq=3
DBG_ANCHOR_CH5_SCAN_RESCHED ret=1 delay=380
DBG_ANCHOR_CH5_SCAN_HANDLER role=2
DBG_DWM_INVALIDATE tag=configure_radio_from_reset active_phy=2 configured=1 awake=0
DBG_DWM_MARK_UNCONFIGURED tag=initialise_radio prev_phy=0
DBG_DWM_CH5_RX_HUNT_START acq=3 complete=15 cap=1021
DBG_DWM_CH5_RX_HUNT_EMPTY ret=-116 status=0x00000000 acq=3
DBG_ANCHOR_CH5_SCAN_RESCHED ret=1 delay=380
DBG_ANCHOR_CH5_SCAN_HANDLER role=2
DBG_ANCHOR_CH5_SCAN_ARM now=19134 win=3 complete=15 interval=380 wait=0 tx=0 response=0
DBG_DWM_INVALIDATE tag=configure_radio_from_reset active_phy=2 configured=1 awake=0
DBG_DWM_MARK_UNCONFIGURED tag=initialise_radio prev_phy=0
DBG_DWM_CH5_RX_HUNT_START acq=3 complete=15 cap=1021
DBG_DWM_CH5_RX_HUNT_EMPTY ret=-116 status=0x00000000 acq=3
DBG_ANCHOR_CH5_SCAN_DONE ret=-116 len=0 fail=1 pre=0 q=0 rx_us=3356 complete=15
DBG_ANCHOR_CH5_SCAN_RESCHED ret=1 delay=380
DBG_ANCHOR_CH5_SCAN_HANDLER role=2
DBG_DWM_INVALIDATE tag=configure_radio_from_reset active_phy=2 configured=1 awake=0
DBG_DWM_MARK_UNCONFIGURED tag=initialise_radio prev_phy=0
DBG_DWM_CH5_RX_HUNT_START acq=3 complete=15 cap=1021
DBG_DWM_CH5_RX_HUNT_EMPTY ret=-116 status=0x00000000 acq=3
DBG_ANCHOR_CH5_SCAN_RESCHED ret=1 delay=380
DBG_ANCHOR_CH5_SCAN_HANDLER role=2
DBG_DWM_INVALIDATE tag=configure_radio_from_reset active_phy=2 configured=1 awake=0
DBG_DWM_MARK_UNCONFIGURED tag=initialise_radio prev_phy=0
DBG_DWM_CH5_RX_HUNT_START acq=3 complete=15 cap=1021
DBG_DWM_CH5_RX_HUNT_EMPTY ret=-116 status=0x00000000 acq=3
DBG_ANCHOR_CH5_SCAN_RESCHED ret=1 delay=380
DBG_ANCHOR_CH5_SCAN_HANDLER role=2
DBG_ANCHOR_CH5_SCAN_ARM now=20355 win=3 complete=15 interval=380 wait=0 tx=0 response=0
DBG_DWM_INVALIDATE tag=configure_radio_from_reset active_phy=2 configured=1 awake=0
DBG_DWM_MARK_UNCONFIGURED tag=initialise_radio prev_phy=0
DBG_DWM_CH5_RX_HUNT_START acq=3 complete=15 cap=1021
DBG_DWM_CH5_RX_HUNT_EMPTY ret=-116 status=0x00000000 acq=3
DBG_ANCHOR_CH5_SCAN_DONE ret=-116 len=0 fail=1 pre=0 q=0 rx_us=3509 complete=15
DBG_ANCHOR_CH5_SCAN_RESCHED ret=1 delay=380
DBG_ANCHOR_CH5_SCAN_HANDLER role=2
DBG_DWM_INVALIDATE tag=configure_radio_from_reset active_phy=2 configured=1 awake=0
DBG_DWM_MARK_UNCONFIGURED tag=initialise_radio prev_phy=0
DBG_DWM_CH5_RX_HUNT_START acq=3 complete=15 cap=1021
DBG_DWM_CH5_RX_HUNT_EMPTY ret=-116 status=0x00000000 acq=3
DBG_ANCHOR_CH5_SCAN_RESCHED ret=1 delay=380
DBG_ANCHOR_CH5_SCAN_HANDLER role=2
DBG_DWM_INVALIDATE tag=configure_radio_from_reset active_phy=2 configured=1 awake=0
DBG_DWM_MARK_UNCONFIGURED tag=initialise_radio prev_phy=0
DBG_DWM_CH5_RX_HUNT_START acq=3 complete=15 cap=1021
DBG_DWM_CH5_RX_HUNT_EMPTY ret=-116 status=0x00000000 acq=3
DBG_ANCHOR_CH5_SCAN_RESCHED ret=1 delay=380
DBG_ANCHOR_CH5_SCAN_HANDLER role=2
DBG_ANCHOR_CH5_SCAN_ARM now=21574 win=3 complete=15 interval=380 wait=0 tx=0 response=0
DBG_DWM_INVALIDATE tag=configure_radio_from_reset active_phy=2 configured=1 awake=0
DBG_DWM_MARK_UNCONFIGURED tag=initialise_radio prev_phy=0
DBG_DWM_CH5_RX_HUNT_START acq=3 complete=15 cap=1021
DBG_DWM_CH5_RX_HUNT_EMPTY ret=-116 status=0x00000000 acq=3
DBG_ANCHOR_CH5_SCAN_DONE ret=-116 len=0 fail=1 pre=0 q=0 rx_us=3692 complete=15
DBG_ANCHOR_CH5_SCAN_RESCHED ret=1 delay=380
DBG_ANCHOR_CH5_SCAN_HANDLER role=2
DBG_DWM_INVALIDATE tag=configure_radio_from_reset active_phy=2 configured=1 awake=0
DBG_DWM_MARK_UNCONFIGURED tag=initialise_radio prev_phy=0
DBG_DWM_CH5_RX_HUNT_START acq=3 complete=15 cap=1021
DBG_DWM_CH5_RX_HUNT_EMPTY ret=-116 status=0x00000000 acq=3
DBG_ANCHOR_CH5_SCAN_RESCHED ret=1 delay=380
DBG_ANCHOR_CH5_SCAN_HANDLER role=2
DBG_DWM_INVALIDATE tag=configure_radio_from_reset active_phy=2 configured=1 awake=0
DBG_DWM_MARK_UNCONFIGURED tag=initialise_radio prev_phy=0
DBG_DWM_CH5_RX_HUNT_START acq=3 complete=15 cap=1021
DBG_DWM_CH5_RX_HUNT_EMPTY ret=-116 status=0x00000000 acq=3
DBG_ANCHOR_CH5_SCAN_RESCHED ret=1 delay=380
DBG_ANCHOR_CH5_SCAN_HANDLER role=2
DBG_ANCHOR_CH5_SCAN_ARM now=22795 win=3 complete=15 interval=380 wait=0 tx=0 response=0
DBG_DWM_INVALIDATE tag=configure_radio_from_reset active_phy=2 configured=1 awake=0
DBG_DWM_MARK_UNCONFIGURED tag=initialise_radio prev_phy=0
DBG_DWM_CH5_RX_HUNT_START acq=3 complete=15 cap=1021
DBG_DWM_CH5_RX_HUNT_EMPTY ret=-116 status=0x00000000 acq=3
DBG_ANCHOR_CH5_SCAN_DONE ret=-116 len=0 fail=1 pre=0 q=0 rx_us=3723 complete=15
DBG_ANCHOR_CH5_SCAN_RESCHED ret=1 delay=380
DBG_ANCHOR_CH5_SCAN_HANDLER role=2
DBG_DWM_INVALIDATE tag=configure_radio_from_reset active_phy=2 configured=1 awake=0
DBG_DWM_MARK_UNCONFIGURED tag=initialise_radio prev_phy=0
DBG_DWM_CH5_RX_HUNT_START acq=3 complete=15 cap=1021
DBG_DWM_CH5_RX_HUNT_EMPTY ret=-116 status=0x00000000 acq=3
DBG_ANCHOR_CH5_SCAN_RESCHED ret=1 delay=380
DBG_ANCHOR_CH5_SCAN_HANDLER role=2
DBG_DWM_INVALIDATE tag=configure_radio_from_reset active_phy=2 configured=1 awake=0
DBG_DWM_MARK_UNCONFIGURED tag=initialise_radio prev_phy=0
DBG_DWM_CH5_RX_HUNT_START acq=3 complete=15 cap=1021
DBG_DWM_CH5_RX_HUNT_EMPTY ret=-116 status=0x00000000 acq=3
DBG_ANCHOR_CH5_SCAN_RESCHED ret=1 delay=380
DBG_ANCHOR_CH5_SCAN_HANDLER role=2
DBG_ANCHOR_CH5_SCAN_ARM now=24015 win=3 complete=15 interval=380 wait=0 tx=0 response=0
DBG_DWM_INVALIDATE tag=configure_radio_from_reset active_phy=2 configured=1 awake=0
DBG_DWM_MARK_UNCONFIGURED tag=initialise_radio prev_phy=0
DBG_DWM_CH5_RX_HUNT_START acq=3 complete=15 cap=1021
DBG_DWM_CH5_RX_HUNT_EMPTY ret=-116 status=0x00000000 acq=3
DBG_ANCHOR_CH5_SCAN_DONE ret=-116 len=0 fail=1 pre=0 q=0 rx_us=3723 complete=15
DBG_ANCHOR_CH5_SCAN_RESCHED ret=1 delay=380
DBG_ANCHOR_CH5_SCAN_HANDLER role=2
DBG_DWM_INVALIDATE tag=configure_radio_from_reset active_phy=2 configured=1 awake=0
DBG_DWM_MARK_UNCONFIGURED tag=initialise_radio prev_phy=0
DBG_DWM_CH5_RX_HUNT_START acq=3 complete=15 cap=1021
DBG_DWM_CH5_RX_HUNT_EMPTY ret=-116 status=0x00000000 acq=3
DBG_ANCHOR_CH5_SCAN_RESCHED ret=1 delay=380
DBG_ANCHOR_CH5_SCAN_HANDLER role=2
DBG_DWM_INVALIDATE tag=configure_radio_from_reset active_phy=2 configured=1 awake=0
DBG_DWM_MARK_UNCONFIGURED tag=initialise_radio prev_phy=0
DBG_DWM_CH5_RX_HUNT_START acq=3 complete=15 cap=1021
DBG_DWM_CH5_RX_HUNT_EMPTY ret=-116 status=0x00000000 acq=3
DBG_ANCHOR_CH5_SCAN_RESCHED ret=1 delay=380
DBG_ANCHOR_CH5_SCAN_HANDLER role=2
DBG_ANCHOR_CH5_SCAN_ARM now=25236 win=3 complete=15 interval=380 wait=0 tx=0 response=0
DBG_DWM_INVALIDATE tag=configure_radio_from_reset active_phy=2 configured=1 awake=0
DBG_DWM_MARK_UNCONFIGURED tag=initialise_radio prev_phy=0
DBG_DWM_CH5_RX_HUNT_START acq=3 complete=15 cap=1021
DBG_DWM_CH5_RX_HUNT_EMPTY ret=-116 status=0x00000000 acq=3
DBG_ANCHOR_CH5_SCAN_DONE ret=-116 len=0 fail=1 pre=0 q=0 rx_us=3875 complete=15
DBG_ANCHOR_CH5_SCAN_RESCHED ret=1 delay=380
DBG_ANCHOR_CH5_SCAN_HANDLER role=2
DBG_DWM_INVALIDATE tag=configure_radio_from_reset active_phy=2 configured=1 awake=0
DBG_DWM_MARK_UNCONFIGURED tag=initialise_radio prev_phy=0
DBG_DWM_CH5_RX_HUNT_START acq=3 complete=15 cap=1021
DBG_DWM_CH5_RX_HUNT_EMPTY ret=-116 status=0x00000000 acq=3
DBG_ANCHOR_CH5_SCAN_RESCHED ret=1 delay=380
DBG_ANCHOR_CH5_SCAN_HANDLER role=2
DBG_DWM_INVALIDATE tag=configure_radio_from_reset active_phy=2 configured=1 awake=0
DBG_DWM_MARK_UNCONFIGURED tag=initialise_radio prev_phy=0
DBG_DWM_CH5_RX_HUNT_START acq=3 complete=15 cap=1021
DBG_DWM_CH5_RX_HUNT_EMPTY ret=-116 status=0x00000000 acq=3
DBG_ANCHOR_CH5_SCAN_RESCHED ret=1 delay=380
DBG_ANCHOR_CH5_SCAN_HANDLER role=2
DBG_ANCHOR_CH5_SCAN_ARM now=26456 win=3 complete=15 interval=380 wait=0 tx=0 response=0
DBG_DWM_INVALIDATE tag=configure_radio_from_reset active_phy=2 configured=1 awake=0
DBG_DWM_MARK_UNCONFIGURED tag=initialise_radio prev_phy=0
DBG_DWM_CH5_RX_HUNT_START acq=3 complete=15 cap=1021
DBG_DWM_CH5_RX_HUNT_EMPTY ret=-116 status=0x00000000 acq=3
DBG_ANCHOR_CH5_SCAN_DONE ret=-116 len=0 fail=1 pre=0 q=0 rx_us=3723 complete=15
DBG_ANCHOR_CH5_SCAN_RESCHED ret=1 delay=380
DBG_ANCHOR_CH5_SCAN_HANDLER role=2
DBG_DWM_INVALIDATE tag=configure_radio_from_reset active_phy=2 configured=1 awake=0
DBG_DWM_MARK_UNCONFIGURED tag=initialise_radio prev_phy=0
DBG_DWM_CH5_RX_HUNT_START acq=3 complete=15 cap=1021
DBG_DWM_CH5_RX_HUNT_EMPTY ret=-116 status=0x00000000 acq=3
DBG_ANCHOR_CH5_SCAN_RESCHED ret=1 delay=380
DBG_ANCHOR_CH5_SCAN_HANDLER role=2
DBG_DWM_INVALIDATE tag=configure_radio_from_reset active_phy=2 configured=1 awake=0
DBG_DWM_MARK_UNCONFIGURED tag=initialise_radio prev_phy=0
DBG_DWM_CH5_RX_HUNT_START acq=3 complete=15 cap=1021
DBG_DWM_CH5_RX_HUNT_EMPTY ret=-116 status=0x00000000 acq=3
DBG_ANCHOR_CH5_SCAN_RESCHED ret=1 delay=380
DBG_ANCHOR_CH5_SCAN_HANDLER role=2
DBG_ANCHOR_CH5_SCAN_ARM now=27677 win=3 complete=15 interval=380 wait=0 tx=0 response=0
DBG_DWM_INVALIDATE tag=configure_radio_from_reset active_phy=2 configured=1 awake=0
DBG_DWM_MARK_UNCONFIGURED tag=initialise_radio prev_phy=0
DBG_DWM_CH5_RX_HUNT_START acq=3 complete=15 cap=1021
DBG_DWM_CH5_RX_HUNT_EMPTY ret=-116 status=0x00000000 acq=3
DBG_ANCHOR_CH5_SCAN_DONE ret=-116 len=0 fail=1 pre=0 q=0 rx_us=3723 complete=15
DBG_ANCHOR_CH5_SCAN_RESCHED ret=1 delay=380
DBG_ANCHOR_CH5_SCAN_HANDLER role=2
DBG_DWM_INVALIDATE tag=configure_radio_from_reset active_phy=2 configured=1 awake=0
DBG_DWM_MARK_UNCONFIGURED tag=initialise_radio prev_phy=0
DBG_DWM_CH5_RX_HUNT_START acq=3 complete=15 cap=1021
DBG_DWM_CH5_RX_HUNT_EMPTY ret=-116 status=0x00000000 acq=3
DBG_ANCHOR_CH5_SCAN_RESCHED ret=1 delay=380
DBG_ANCHOR_CH5_SCAN_HANDLER role=2
DBG_DWM_INVALIDATE tag=configure_radio_from_reset active_phy=2 configured=1 awake=0
DBG_DWM_MARK_UNCONFIGURED tag=initialise_radio prev_phy=0
DBG_DWM_CH5_RX_HUNT_START acq=3 complete=15 cap=1021
DBG_DWM_CH5_RX_HUNT_EMPTY ret=-116 status=0x00000000 acq=3
DBG_ANCHOR_CH5_SCAN_RESCHED ret=1 delay=380
DBG_ANCHOR_CH5_SCAN_HANDLER role=2
DBG_ANCHOR_CH5_SCAN_ARM now=28897 win=3 complete=15 interval=380 wait=0 tx=0 response=0
DBG_DWM_INVALIDATE tag=configure_radio_from_reset active_phy=2 configured=1 awake=0
DBG_DWM_MARK_UNCONFIGURED tag=initialise_radio prev_phy=0
DBG_DWM_CH5_RX_HUNT_START acq=3 complete=15 cap=1021
DBG_DWM_CH5_RX_HUNT_EMPTY ret=-116 status=0x00000000 acq=3
DBG_ANCHOR_CH5_SCAN_DONE ret=-116 len=0 fail=1 pre=0 q=0 rx_us=3723 complete=15
DBG_ANCHOR_CH5_SCAN_RESCHED ret=1 delay=380
DBG_ANCHOR_CH5_SCAN_HANDLER role=2
DBG_DWM_INVALIDATE tag=configure_radio_from_reset active_phy=2 configured=1 awake=0
DBG_DWM_MARK_UNCONFIGURED tag=initialise_radio prev_phy=0
DBG_DWM_CH5_RX_HUNT_START acq=3 complete=15 cap=1021
DBG_DWM_CH5_RX_HUNT_EMPTY ret=-116 status=0x00000000 acq=3
DBG_ANCHOR_CH5_SCAN_RESCHED ret=1 delay=380
DBG_ANCHOR_CH5_SCAN_HANDLER role=2
DBG_DWM_INVALIDATE tag=configure_radio_from_reset active_phy=2 configured=1 awake=0
DBG_DWM_MARK_UNCONFIGURED tag=initialise_radio prev_phy=0
DBG_DWM_CH5_RX_HUNT_START acq=3 complete=15 cap=1021
DBG_DWM_CH5_RX_HUNT_EMPTY ret=-116 status=0x00000000 acq=3
DBG_ANCHOR_CH5_SCAN_RESCHED ret=1 delay=380
DBG_ANCHOR_CH5_SCAN_HANDLER role=2
DBG_ANCHOR_CH5_SCAN_ARM now=30119 win=3 complete=15 interval=380 wait=0 tx=0 response=0
DBG_DWM_INVALIDATE tag=configure_radio_from_reset active_phy=2 configured=1 awake=0
DBG_DWM_MARK_UNCONFIGURED tag=initialise_radio prev_phy=0
DBG_DWM_CH5_RX_HUNT_START acq=3 complete=15 cap=1021
DBG_DWM_CH5_RX_HUNT_EMPTY ret=-116 status=0x00000000 acq=3
DBG_ANCHOR_CH5_SCAN_DONE ret=-116 len=0 fail=1 pre=0 q=0 rx_us=3143 complete=15
DBG_ANCHOR_CH5_SCAN_RESCHED ret=1 delay=380
DBG_ANCHOR_CH5_SCAN_HANDLER role=2
DBG_DWM_INVALIDATE tag=configure_radio_from_reset active_phy=2 configured=1 awake=0
DBG_DWM_MARK_UNCONFIGURED tag=initialise_radio prev_phy=0
DBG_DWM_CH5_RX_HUNT_START acq=3 complete=15 cap=1021
DBG_DWM_CH5_RX_HUNT_EMPTY ret=-116 status=0x00000000 acq=3
DBG_ANCHOR_CH5_SCAN_RESCHED ret=1 delay=380
DBG_ANCHOR_CH5_SCAN_HANDLER role=2
DBG_DWM_INVALIDATE tag=configure_radio_from_reset active_phy=2 configured=1 awake=0
DBG_DWM_MARK_UNCONFIGURED tag=initialise_radio prev_phy=0
DBG_DWM_CH5_RX_HUNT_START acq=3 complete=15 cap=1021
DBG_DWM_CH5_RX_HUNT_EMPTY ret=-116 status=0x00000000 acq=3
DBG_ANCHOR_CH5_SCAN_RESCHED ret=1 delay=380
DBG_ANCHOR_CH5_SCAN_HANDLER role=2
DBG_ANCHOR_CH5_SCAN_ARM now=31338 win=3 complete=15 interval=380 wait=0 tx=0 response=0
DBG_DWM_INVALIDATE tag=configure_radio_from_reset active_phy=2 configured=1 awake=0
DBG_DWM_MARK_UNCONFIGURED tag=initialise_radio prev_phy=0
DBG_DWM_CH5_RX_HUNT_START acq=3 complete=15 cap=1021
DBG_DWM_CH5_RX_HUNT_EMPTY ret=-116 status=0x00000000 acq=3
DBG_ANCHOR_CH5_SCAN_DONE ret=-116 len=0 fail=1 pre=0 q=0 rx_us=3723 complete=15
DBG_ANCHOR_CH5_SCAN_RESCHED ret=1 delay=380
DBG_ANCHOR_CH5_SCAN_HANDLER role=2
DBG_DWM_INVALIDATE tag=configure_radio_from_reset active_phy=2 configured=1 awake=0
DBG_DWM_MARK_UNCONFIGURED tag=initialise_radio prev_phy=0
DBG_DWM_CH5_RX_HUNT_START acq=3 complete=15 cap=1021
DBG_DWM_CH5_RX_HUNT_EMPTY ret=-116 status=0x00000000 acq=3
DBG_ANCHOR_CH5_SCAN_RESCHED ret=1 delay=380
DBG_ANCHOR_CH5_SCAN_HANDLER role=2
DBG_DWM_INVALIDATE tag=configure_radio_from_reset active_phy=2 configured=1 awake=0
DBG_DWM_MARK_UNCONFIGURED tag=initialise_radio prev_phy=0
DBG_DWM_CH5_RX_HUNT_START acq=3 complete=15 cap=1021
DBG_DWM_CH5_RX_HUNT_EMPTY ret=-116 status=0x00000000 acq=3
DBG_ANCHOR_CH5_SCAN_RESCHED ret=1 delay=380
DBG_ANCHOR_CH5_SCAN_HANDLER role=2
DBG_ANCHOR_CH5_SCAN_ARM now=32558 win=3 complete=15 interval=380 wait=0 tx=0 response=0
DBG_DWM_INVALIDATE tag=configure_radio_from_reset active_phy=2 configured=1 awake=0
DBG_DWM_MARK_UNCONFIGURED tag=initialise_radio prev_phy=0
DBG_DWM_CH5_RX_HUNT_START acq=3 complete=15 cap=1021
DBG_DWM_CH5_RX_HUNT_EMPTY ret=-116 status=0x00000000 acq=3
DBG_ANCHOR_CH5_SCAN_DONE ret=-116 len=0 fail=1 pre=0 q=0 rx_us=3875 complete=15
DBG_ANCHOR_CH5_SCAN_RESCHED ret=1 delay=380
DBG_ANCHOR_CH5_SCAN_HANDLER role=2
DBG_DWM_INVALIDATE tag=configure_radio_from_reset active_phy=2 configured=1 awake=0
DBG_DWM_MARK_UNCONFIGURED tag=initialise_radio prev_phy=0
DBG_DWM_CH5_RX_HUNT_START acq=3 complete=15 cap=1021
DBG_DWM_CH5_RX_HUNT_EMPTY ret=-116 status=0x00000000 acq=3
DBG_ANCHOR_CH5_SCAN_RESCHED ret=1 delay=380
DBG_ANCHOR_CH5_SCAN_HANDLER role=2
DBG_DWM_INVALIDATE tag=configure_radio_from_reset active_phy=2 configured=1 awake=0
DBG_DWM_MARK_UNCONFIGURED tag=initialise_radio prev_phy=0
DBG_DWM_CH5_RX_HUNT_START acq=3 complete=15 cap=1021
DBG_DWM_CH5_RX_HUNT_EMPTY ret=-116 status=0x00000000 acq=3
DBG_ANCHOR_CH5_SCAN_RESCHED ret=1 delay=380
DBG_ANCHOR_CH5_SCAN_HANDLER role=2
DBG_ANCHOR_CH5_SCAN_ARM now=33780 win=3 complete=15 interval=380 wait=0 tx=0 response=0
DBG_DWM_INVALIDATE tag=configure_radio_from_reset active_phy=2 configured=1 awake=0
DBG_DWM_MARK_UNCONFIGURED tag=initialise_radio prev_phy=0
DBG_DWM_CH5_RX_HUNT_START acq=3 complete=15 cap=1021
DBG_DWM_CH5_RX_HUNT_EMPTY ret=-116 status=0x00000000 acq=3
DBG_ANCHOR_CH5_SCAN_DONE ret=-116 len=0 fail=1 pre=0 q=0 rx_us=3692 complete=15
DBG_ANCHOR_CH5_SCAN_RESCHED ret=1 delay=380
DBG_ANCHOR_CH5_SCAN_HANDLER role=2
DBG_DWM_INVALIDATE tag=configure_radio_from_reset active_phy=2 configured=1 awake=0
DBG_DWM_MARK_UNCONFIGURED tag=initialise_radio prev_phy=0
DBG_DWM_CH5_RX_HUNT_START acq=3 complete=15 cap=1021
DBG_DWM_CH5_RX_HUNT_EMPTY ret=-116 status=0x00000000 acq=3
DBG_ANCHOR_CH5_SCAN_RESCHED ret=1 delay=380
DBG_ANCHOR_CH5_SCAN_HANDLER role=2
DBG_DWM_INVALIDATE tag=configure_radio_from_reset active_phy=2 configured=1 awake=0
DBG_DWM_MARK_UNCONFIGURED tag=initialise_radio prev_phy=0
DBG_DWM_CH5_RX_HUNT_START acq=3 complete=15 cap=1021
DBG_DWM_CH5_RX_HUNT_EMPTY ret=-116 status=0x00000000 acq=3
DBG_ANCHOR_CH5_SCAN_RESCHED ret=1 delay=380
DBG_ANCHOR_CH5_SCAN_HANDLER role=2
DBG_ANCHOR_CH5_SCAN_ARM now=34999 win=3 complete=15 interval=380 wait=0 tx=0 response=0
DBG_DWM_INVALIDATE tag=configure_radio_from_reset active_phy=2 configured=1 awake=0
DBG_DWM_MARK_UNCONFIGURED tag=initialise_radio prev_phy=0
DBG_DWM_CH5_RX_HUNT_START acq=3 complete=15 cap=1021
DBG_DWM_CH5_RX_HUNT_EMPTY ret=-116 status=0x00000000 acq=3
DBG_ANCHOR_CH5_SCAN_DONE ret=-116 len=0 fail=1 pre=0 q=0 rx_us=3875 complete=15
DBG_ANCHOR_CH5_SCAN_RESCHED ret=1 delay=380
DBG_ANCHOR_CH5_SCAN_HANDLER role=2
DBG_DWM_INVALIDATE tag=configure_radio_from_reset active_phy=2 configured=1 awake=0
DBG_DWM_MARK_UNCONFIGURED tag=initialise_radio prev_phy=0
DBG_DWM_CH5_RX_HUNT_START acq=3 complete=15 cap=1021
DBG_DWM_CH5_RX_HUNT_EMPTY ret=-116 status=0x00000000 acq=3
DBG_ANCHOR_CH5_SCAN_RESCHED ret=1 delay=380
DBG_ANCHOR_CH5_SCAN_HANDLER role=2
DBG_DWM_INVALIDATE tag=configure_radio_from_reset active_phy=2 configured=1 awake=0
DBG_DWM_MARK_UNCONFIGURED tag=initialise_radio prev_phy=0
DBG_DWM_CH5_RX_HUNT_START acq=3 complete=15 cap=1021
DBG_DWM_CH5_RX_HUNT_EMPTY ret=-116 status=0x00000000 acq=3
DBG_ANCHOR_CH5_SCAN_RESCHED ret=1 delay=380
DBG_ANCHOR_CH5_SCAN_HANDLER role=2
DBG_ANCHOR_CH5_SCAN_ARM now=36220 win=3 complete=15 interval=380 wait=0 tx=0 response=0
DBG_DWM_INVALIDATE tag=configure_radio_from_reset active_phy=2 configured=1 awake=0
DBG_DWM_MARK_UNCONFIGURED tag=initialise_radio prev_phy=0
DBG_DWM_CH5_RX_HUNT_START acq=3 complete=15 cap=1021
DBG_DWM_CH5_RX_HUNT_EMPTY ret=-116 status=0x00000000 acq=3
DBG_ANCHOR_CH5_SCAN_DONE ret=-116 len=0 fail=1 pre=0 q=0 rx_us=3326 complete=15
DBG_ANCHOR_CH5_SCAN_RESCHED ret=1 delay=380
DBG_ANCHOR_CH5_SCAN_HANDLER role=2
DBG_DWM_INVALIDATE tag=configure_radio_from_reset active_phy=2 configured=1 awake=0
DBG_DWM_MARK_UNCONFIGURED tag=initialise_radio prev_phy=0
DBG_DWM_CH5_RX_HUNT_START acq=3 complete=15 cap=1021
DBG_DWM_CH5_RX_HUNT_EMPTY ret=-116 status=0x00000000 acq=3
DBG_ANCHOR_CH5_SCAN_RESCHED ret=1 delay=380
DBG_ANCHOR_CH5_SCAN_HANDLER role=2
DBG_DWM_INVALIDATE tag=configure_radio_from_reset active_phy=2 configured=1 awake=0
DBG_DWM_MARK_UNCONFIGURED tag=initialise_radio prev_phy=0
DBG_DWM_CH5_RX_HUNT_START acq=3 complete=15 cap=1021
DBG_DWM_CH5_RX_HUNT_EMPTY ret=-116 status=0x00000000 acq=3
DBG_ANCHOR_CH5_SCAN_RESCHED ret=1 delay=380
DBG_ANCHOR_CH5_SCAN_HANDLER role=2
DBG_ANCHOR_CH5_SCAN_ARM now=37440 win=3 complete=15 interval=380 wait=0 tx=0 response=0
DBG_DWM_INVALIDATE tag=configure_radio_from_reset active_phy=2 configured=1 awake=0
DBG_DWM_MARK_UNCONFIGURED tag=initialise_radio prev_phy=0
DBG_DWM_CH5_RX_HUNT_START acq=3 complete=15 cap=1021
DBG_DWM_CH5_RX_HUNT_EMPTY ret=-116 status=0x00000000 acq=3
DBG_ANCHOR_CH5_SCAN_DONE ret=-116 len=0 fail=1 pre=0 q=0 rx_us=3692 complete=15
DBG_ANCHOR_CH5_SCAN_RESCHED ret=1 delay=380
DBG_ANCHOR_CH5_SCAN_HANDLER role=2
DBG_DWM_INVALIDATE tag=configure_radio_from_reset active_phy=2 configured=1 awake=0
DBG_DWM_MARK_UNCONFIGURED tag=initialise_radio prev_phy=0
DBG_DWM_CH5_RX_HUNT_START acq=3 complete=15 cap=1021
DBG_DWM_CH5_RX_HUNT_EMPTY ret=-116 status=0x00000000 acq=3
DBG_ANCHOR_CH5_SCAN_RESCHED ret=1 delay=380
DBG_ANCHOR_CH5_SCAN_HANDLER role=2
DBG_DWM_INVALIDATE tag=configure_radio_from_reset active_phy=2 configured=1 awake=0
DBG_DWM_MARK_UNCONFIGURED tag=initialise_radio prev_phy=0
DBG_DWM_CH5_RX_HUNT_START acq=3 complete=15 cap=1021
DBG_DWM_CH5_RX_HUNT_EMPTY ret=-116 status=0x00000000 acq=3
DBG_ANCHOR_CH5_SCAN_RESCHED ret=1 delay=380
DBG_ANCHOR_CH5_SCAN_HANDLER role=2
DBG_ANCHOR_CH5_SCAN_ARM now=38661 win=3 complete=15 interval=380 wait=0 tx=0 response=0
DBG_DWM_INVALIDATE tag=configure_radio_from_reset active_phy=2 configured=1 awake=0
DBG_DWM_MARK_UNCONFIGURED tag=initialise_radio prev_phy=0
DBG_DWM_CH5_RX_HUNT_START acq=3 complete=15 cap=1021
DBG_DWM_CH5_RX_HUNT_EMPTY ret=-116 status=0x00000000 acq=3
DBG_ANCHOR_CH5_SCAN_DONE ret=-116 len=0 fail=1 pre=0 q=0 rx_us=3692 complete=15
DBG_ANCHOR_CH5_SCAN_RESCHED ret=1 delay=380
DBG_ANCHOR_CH5_SCAN_HANDLER role=2
DBG_DWM_INVALIDATE tag=configure_radio_from_reset active_phy=2 configured=1 awake=0
DBG_DWM_MARK_UNCONFIGURED tag=initialise_radio prev_phy=0
DBG_DWM_CH5_RX_HUNT_START acq=3 complete=15 cap=1021
DBG_DWM_CH5_RX_HUNT_EMPTY ret=-116 status=0x00000000 acq=3
DBG_ANCHOR_CH5_SCAN_RESCHED ret=1 delay=380
DBG_ANCHOR_CH5_SCAN_HANDLER role=2
DBG_DWM_INVALIDATE tag=configure_radio_from_reset active_phy=2 configured=1 awake=0
DBG_DWM_MARK_UNCONFIGURED tag=initialise_radio prev_phy=0
DBG_DWM_CH5_RX_HUNT_START acq=3 complete=15 cap=1021
DBG_DWM_CH5_RX_HUNT_EMPTY ret=-116 status=0x00000000 acq=3
DBG_ANCHOR_CH5_SCAN_RESCHED ret=1 delay=380
DBG_ANCHOR_CH5_SCAN_HANDLER role=2
DBG_ANCHOR_CH5_SCAN_ARM now=39881 win=3 complete=15 interval=380 wait=0 tx=0 response=0
DBG_DWM_INVALIDATE tag=configure_radio_from_reset active_phy=2 configured=1 awake=0
DBG_DWM_MARK_UNCONFIGURED tag=initialise_radio prev_phy=0
DBG_DWM_CH5_RX_HUNT_START acq=3 complete=15 cap=1021
DBG_DWM_CH5_RX_HUNT_EMPTY ret=-116 status=0x00000000 acq=3
DBG_ANCHOR_CH5_SCAN_DONE ret=-116 len=0 fail=1 pre=0 q=0 rx_us=3662 complete=15
DBG_ANCHOR_CH5_SCAN_RESCHED ret=1 delay=380
DBG_ANCHOR_CH5_SCAN_HANDLER role=2
DBG_DWM_INVALIDATE tag=configure_radio_from_reset active_phy=2 configured=1 awake=0
DBG_DWM_MARK_UNCONFIGURED tag=initialise_radio prev_phy=0
DBG_DWM_CH5_RX_HUNT_START acq=3 complete=15 cap=1021
DBG_DWM_CH5_RX_HUNT_EMPTY ret=-116 status=0x00000000 acq=3
DBG_ANCHOR_CH5_SCAN_RESCHED ret=1 delay=380
DBG_ANCHOR_CH5_SCAN_HANDLER role=2
DBG_DWM_INVALIDATE tag=configure_radio_from_reset active_phy=2 configured=1 awake=0
DBG_DWM_MARK_UNCONFIGURED tag=initialise_radio prev_phy=0
DBG_DWM_CH5_RX_HUNT_START acq=3 complete=15 cap=1021
DBG_DWM_CH5_RX_HUNT_EMPTY ret=-116 status=0x00000000 acq=3
DBG_ANCHOR_CH5_SCAN_RESCHED ret=1 delay=380
DBG_ANCHOR_CH5_SCAN_HANDLER role=2
DBG_ANCHOR_CH5_SCAN_ARM now=41102 win=3 complete=15 interval=380 wait=0 tx=0 response=0
DBG_DWM_INVALIDATE tag=configure_radio_from_reset active_phy=2 configured=1 awake=0
DBG_DWM_MARK_UNCONFIGURED tag=initialise_radio prev_phy=0
DBG_DWM_CH5_RX_HUNT_START acq=3 complete=15 cap=1021
DBG_DWM_CH5_RX_HUNT_EMPTY ret=-116 status=0x00000000 acq=3
DBG_ANCHOR_CH5_SCAN_DONE ret=-116 len=0 fail=1 pre=0 q=0 rx_us=3356 complete=15
DBG_ANCHOR_CH5_SCAN_RESCHED ret=1 delay=380
DBG_ANCHOR_CH5_SCAN_HANDLER role=2
DBG_DWM_INVALIDATE tag=configure_radio_from_reset active_phy=2 configured=1 awake=0
DBG_DWM_MARK_UNCONFIGURED tag=initialise_radio prev_phy=0
DBG_DWM_CH5_RX_HUNT_START acq=3 complete=15 cap=1021
DBG_DWM_CH5_RX_HUNT_EMPTY ret=-116 status=0x00000000 acq=3
DBG_ANCHOR_CH5_SCAN_RESCHED ret=1 delay=380
DBG_ANCHOR_CH5_SCAN_HANDLER role=2
DBG_DWM_INVALIDATE tag=configure_radio_from_reset active_phy=2 configured=1 awake=0
DBG_DWM_MARK_UNCONFIGURED tag=initialise_radio prev_phy=0
DBG_DWM_CH5_RX_HUNT_START acq=3 complete=15 cap=1021
DBG_DWM_CH5_RX_HUNT_EMPTY ret=-116 status=0x00000000 acq=3
DBG_ANCHOR_CH5_SCAN_RESCHED ret=1 delay=380
DBG_ANCHOR_CH5_SCAN_HANDLER role=2
DBG_ANCHOR_CH5_SCAN_ARM now=42322 win=3 complete=15 interval=380 wait=0 tx=0 response=0
DBG_DWM_INVALIDATE tag=configure_radio_from_reset active_phy=2 configured=1 awake=0
DBG_DWM_MARK_UNCONFIGURED tag=initialise_radio prev_phy=0
DBG_DWM_CH5_RX_HUNT_START acq=3 complete=15 cap=1021
DBG_DWM_CH5_RX_HUNT_EMPTY ret=-116 status=0x00000000 acq=3
DBG_ANCHOR_CH5_SCAN_DONE ret=-116 len=0 fail=1 pre=0 q=0 rx_us=3692 complete=15
DBG_ANCHOR_CH5_SCAN_RESCHED ret=1 delay=380
DBG_ANCHOR_CH5_SCAN_HANDLER role=2
DBG_DWM_INVALIDATE tag=configure_radio_from_reset active_phy=2 configured=1 awake=0
DBG_DWM_MARK_UNCONFIGURED tag=initialise_radio prev_phy=0
DBG_DWM_CH5_RX_HUNT_START acq=3 complete=15 cap=1021
DBG_DWM_CH5_RX_HUNT_EMPTY ret=-116 status=0x00000000 acq=3
DBG_ANCHOR_CH5_SCAN_RESCHED ret=1 delay=380
DBG_ANCHOR_CH5_SCAN_HANDLER role=2
DBG_DWM_INVALIDATE tag=configure_radio_from_reset active_phy=2 configured=1 awake=0
DBG_DWM_MARK_UNCONFIGURED tag=initialise_radio prev_phy=0
DBG_DWM_CH5_RX_HUNT_START acq=3 complete=15 cap=1021
DBG_DWM_CH5_RX_HUNT_EMPTY ret=-116 status=0x00000000 acq=3
DBG_ANCHOR_CH5_SCAN_RESCHED ret=1 delay=380
DBG_ANCHOR_CH5_SCAN_HANDLER role=2
DBG_ANCHOR_CH5_SCAN_ARM now=43542 win=3 complete=15 interval=380 wait=0 tx=0 response=0
DBG_DWM_INVALIDATE tag=configure_radio_from_reset active_phy=2 configured=1 awake=0
DBG_DWM_MARK_UNCONFIGURED tag=initialise_radio prev_phy=0
DBG_DWM_CH5_RX_HUNT_START acq=3 complete=15 cap=1021
DBG_DWM_CH5_RX_ACTIVITY_EXTEND ret=0 status=0x00000100 complete=15
DBG_DWM_CH5_RX_ACTIVITY_WAIT status=0x00000100 remain=15
DBG_DWM_CH5_RX_ACTIVITY_DONE raw=51 payload=49 status=0x00006f00 rearm=0 extended=1
DBG_ANCHOR_CH5_SCAN_DONE ret=0 len=49 fail=0 pre=1 q=100 rx_us=6561 complete=15
DBG_UWB_RX_CH5
DBG_ANCHOR_CH5_FRAME len=49 q=100 wake_ret=0
DBG_ANCHOR_DIRECT_GATEWAY_WAKE_LISTEN src=0x9999888877776666 evt=1836291 flags=0x93
DBG_ANCHOR_ROUTE_WAKE_DISPATCH src=0x9999888877776666 evt=1836291 attempt=1 flags=0x93 len=49 q=100
DBG_C5_CONTACT phase=open state=2 peer=0x9999888877776666 purpose=route_solicit reason=wake-claim
DBG_C5_CONTACT phase=accepted state=2 peer=0x9999888877776666 purpose=route_solicit reason=wake-claim
DBG_ANCHOR_ROUTE_WAKE_HANDOFF src=0x9999888877776666 evt=1836291 attempt=1 flags=0x93 embedded=0 listen=2000
DBG_C5_CONTACT phase=closing state=4 peer=0x9999888877776666 purpose=route_solicit reason=replace
DBG_C5_CONTACT phase=open state=2 peer=0x9999888877776666 purpose=gateway_command_flood reason=gateway-command-wake-followup
DBG_ROUTE_REPLY_LISTEN_START
DBG_DWM_WAKE_MESH_CTRL_OK sfd=4073
DBG_ROUTE_REPLY_LISTEN_CONFIG ret=0 ext=1
DBG_C5_CONTROL_LISTENER_HOLD_EXTENDED
DBG_C5_RX_FAIL status=0x00001700 finfo=0x00000000 fail=4 phy=4 ch=5 plen=3 pac=2 txc=9 rxc=9 sfd=2 rate=0 phr=1 phrr=0 sfdto=4
DBG_C5_CONTROL_LISTENER_HOLD_EXTENDED
DBG_C5_CONTROL_LISTENER_HOLD_EXTENDED
DBG_C5_CONTROL_LISTENER_HOLD_EXTENDED
DBG_C5_CONTROL_LISTENER_HOLD_EXTENDED
DBG_C5_CONTROL_LISTENER_HOLD_EXTENDED
DBG_C5_CONTROL_LISTENER_HOLD_EXTENDED
DBG_C5_CONTROL_LISTENER_HOLD_EXTENDED
DBG_C5_CONTROL_LISTENER_HOLD_EXTENDED
DBG_C5_CONTROL_LISTENER_HOLD_EXTENDED
DBG_C5_CONTROL_LISTENER_HOLD_EXTENDED
DBG_C5_CONTROL_LISTENER_HOLD_EXTENDED
DBG_C5_CONTROL_LISTENER_HOLD_EXTENDED
DBG_C5_CONTROL_LISTENER_HOLD_EXTENDED
DBG_C5_CONTROL_LISTENER_HOLD_EXTENDED
DBG_C5_CONTROL_LISTENER_HOLD_EXTENDED
DBG_C5_CONTROL_LISTENER_HOLD_EXTENDED
DBG_C5_CONTROL_LISTENER_HOLD_EXTENDED
DBG_C5_CONTROL_LISTENER_HOLD_EXTENDED
DBG_C5_CONTROL_LISTENER_HOLD_EXTENDED
DBG_C5_CONTROL_LISTENER_HOLD_EXTENDED
DBG_C5_CONTROL_LISTENER_HOLD_EXTENDED
DBG_C5_CONTROL_LISTENER_HOLD_EXTENDED
DBG_C5_CONTROL_LISTENER_HOLD_EXTENDED
DBG_C5_CONTROL_LISTENER_HOLD_EXTENDED
DBG_C5_CONTROL_LISTENER_HOLD_EXTENDED
DBG_C5_CONTROL_LISTENER_HOLD_EXTENDED
DBG_C5_CONTROL_LISTENER_HOLD_EXTENDED
DBG_C5_CONTROL_LISTENER_HOLD_EXTENDED
DBG_ROUTE_REPLY_RX_FRAME
DBG_GATEWAY_ROUTE_ADV_RX
DBG_UWB_RX_CH5
DBG_MESH_RX_QUEUED ch=5 msg=0x3c src=0x9999888877776666 dst=0x0 prev=0x9999888877776666 seq=27 q=1
DBG_ROUTE_ADV_QUEUED q=1 prev=0x9999888877776666 seq=27
DBG_MESH_RX_DEFERRED q=1 msg=0x3c
DBG_C5_GATEWAY_OPERATION_RETAINED msg=0x3c seq=27 click_waiting=0
DBG_COORD state=mesh-rx owner=uwb-rx reason=mesh-rx rx=1 tx=0 relay=0 route=0 ack=0 qack=0
DBG_ANCHOR_MESH_RX_YIELD reason=anchor-low-duty-ch5-owner ch9=0 delay=0 scan_int=380 scan_win=3 wait=0 q=1
DBG_MESH_RX_WORK_WAIT q=1
DBG_MESH_RX_WORK_ENTER q=1
DBG_MESH_RX_DRAIN_ENTER owner=work q=1
DBG_RX_HANDLE msg=0x3c act=0x20040000 st=0 q=0 sel=1 next=0x9999888877776666 hop=0
DBG_C5_CONTACT phase=closing state=4 peer=0x9999888877776666 purpose=gateway_command_flood reason=replace
DBG_C5_CONTACT phase=open state=2 peer=0x9999888877776666 purpose=route_contact_refresh reason=c5-control-rx
DBG_C5_CONTACT phase=accepted state=2 peer=0x9999888877776666 purpose=route_contact_refresh reason=c5-control-rx
DBG_ROUTE_REPLY_LISTEN_DONE captured=1 ret=0
DBG_ANCHOR_CH5_SCAN_HANDLER role=2
DBG_DWM_INVALIDATE tag=configure_radio_from_reset active_phy=4 configured=1 awake=0
DBG_DWM_MARK_UNCONFIGURED tag=initialise_radio prev_phy=0
DBG_DWM_CH5_RX_HUNT_START acq=3 complete=15 cap=1021
DBG_DWM_CH5_RX_HUNT_EMPTY ret=-116 status=0x00000000 acq=3
DBG_ANCHOR_CH5_SCAN_RESCHED ret=1 delay=380
DBG_ANCHOR_CH5_SCAN_HANDLER role=2
DBG_ANCHOR_CH5_SCAN_ARM now=44678 win=3 complete=15 interval=380 wait=0 tx=0 response=0
DBG_DWM_INVALIDATE tag=configure_radio_from_reset active_phy=2 configured=1 awake=0
DBG_DWM_MARK_UNCONFIGURED tag=initialise_radio prev_phy=0
DBG_DWM_CH5_RX_HUNT_START acq=3 complete=15 cap=1021
DBG_DWM_CH5_RX_HUNT_EMPTY ret=-116 status=0x00000000 acq=3
DBG_ANCHOR_CH5_SCAN_DONE ret=-116 len=0 fail=1 pre=0 q=0 rx_us=3234 complete=15
DBG_ANCHOR_CH5_SCAN_RESCHED ret=1 delay=380
DBG_ANCHOR_CH5_SCAN_HANDLER role=2
DBG_DWM_INVALIDATE tag=configure_radio_from_reset active_phy=2 configured=1 awake=0
DBG_DWM_MARK_UNCONFIGURED tag=initialise_radio prev_phy=0
DBG_DWM_CH5_RX_HUNT_START acq=3 complete=15 cap=1021
DBG_DWM_CH5_RX_HUNT_EMPTY ret=-116 status=0x00000000 acq=3
DBG_ANCHOR_CH5_SCAN_RESCHED ret=1 delay=380
DBG_ANCHOR_CH5_SCAN_HANDLER role=2
DBG_DWM_INVALIDATE tag=configure_radio_from_reset active_phy=2 configured=1 awake=0
DBG_DWM_MARK_UNCONFIGURED tag=initialise_radio prev_phy=0
DBG_DWM_CH5_RX_HUNT_START acq=3 complete=15 cap=1021
DBG_DWM_CH5_RX_HUNT_EMPTY ret=-116 status=0x00000000 acq=3
DBG_ANCHOR_CH5_SCAN_RESCHED ret=1 delay=380
DBG_DWM_INVALIDATE tag=configure_radio_from_reset active_phy=2 configured=1 awake=0
DBG_DWM_MARK_UNCONFIGURED tag=initialise_radio prev_phy=0
DBG_DWM_INVALIDATE tag=configure_radio_from_reset active_phy=2 configured=1 awake=0
DBG_DWM_MARK_UNCONFIGURED tag=initialise_radio prev_phy=0
DBG_DWM_WAKE_MESH_CTRL_OK sfd=4073
DBG_C5_TX_CONFIG ret=0 ext=1 len=186 msg=3c reason=bounded-c5-flood
DBG_UWB_TX_CH5
DBG_DWM_INVALIDATE tag=configure_radio_from_reset active_phy=4 configured=1 awake=0
DBG_DWM_MARK_UNCONFIGURED tag=initialise_radio prev_phy=0
DBG_DWM_WAKE_MESH_CTRL_OK sfd=4073
DBG_UWB_RX_CH5
DBG_MESH_RX_QUEUED ch=5 msg=0x3c src=0x9999888877776666 dst=0x0 prev=0x708bc0aab970300e seq=27 q=1
DBG_ROUTE_ADV_QUEUED q=1 prev=0x708bc0aab970300e seq=27
DBG_MESH_RX_DEFERRED q=1 msg=0x3c
DBG_C5_FLOOD_DELAY_RX_YIELD queued=1 q=1 rem=40
DBG_C5_FLOOD_WAIT now=45678 wake=45855 first=45855 msg=3c attempt=2/3 reason=gateway-route-adv-forward
DBG_ROUTE_ADV_FORWARD_DONE ret=0 seq=27
DBG_RX_HANDLE msg=0x3c act=0x00000040 st=-9 q=0 sel=1 next=0x9999888877776666 hop=0
DBG_C5_CONTACT phase=open state=2 peer=0x708bc0aab970300e purpose=route_contact_refresh reason=c5-control-rx
DBG_C5_CONTACT phase=accepted state=2 peer=0x708bc0aab970300e purpose=route_contact_refresh reason=c5-control-rx
DBG_MESH_RX_DRAIN_EXIT owner=work handled=2 q=0
DBG_MESH_RX_WORK_EXIT handled=2 q=0
DBG_ANCHOR_MESH_RX_YIELD reason=anchor-low-duty-ch5-owner ch9=0 delay=0 scan_int=380 scan_win=3 wait=0 q=0
DBG_MESH_RX_WORK_WAIT q=0
DBG_MESH_RX_WORK_ENTER q=0
DBG_MESH_RX_DRAIN_ENTER owner=work q=0
DBG_MESH_RX_DRAIN_EXIT owner=work handled=0 q=0
DBG_MESH_RX_WORK_EXIT handled=0 q=0
DBG_ANCHOR_CH5_SCAN_HANDLER role=2
DBG_ANCHOR_CH5_SCAN_ARM now=45897 win=3 complete=15 interval=380 wait=0 tx=0 response=0
DBG_DWM_INVALIDATE tag=configure_radio_from_reset active_phy=4 configured=1 awake=0
DBG_DWM_MARK_UNCONFIGURED tag=initialise_radio prev_phy=0
DBG_DWM_CH5_RX_HUNT_START acq=3 complete=15 cap=1021
DBG_DWM_CH5_RX_HUNT_EMPTY ret=-116 status=0x00000000 acq=3
DBG_ANCHOR_CH5_SCAN_DONE ret=-116 len=0 fail=1 pre=0 q=0 rx_us=3875 complete=15
DBG_ANCHOR_CH5_SCAN_RESCHED ret=1 delay=380
DBG_ANCHOR_CH5_SCAN_HANDLER role=2
DBG_DWM_INVALIDATE tag=configure_radio_from_reset active_phy=2 configured=1 awake=0
DBG_DWM_MARK_UNCONFIGURED tag=initialise_radio prev_phy=0
DBG_DWM_CH5_RX_HUNT_START acq=3 complete=15 cap=1021
DBG_DWM_CH5_RX_HUNT_EMPTY ret=-116 status=0x00000000 acq=3
DBG_ANCHOR_CH5_SCAN_RESCHED ret=1 delay=380
DBG_ANCHOR_CH5_SCAN_HANDLER role=2
DBG_DWM_INVALIDATE tag=configure_radio_from_reset active_phy=2 configured=1 awake=0
DBG_DWM_MARK_UNCONFIGURED tag=initialise_radio prev_phy=0
DBG_DWM_CH5_RX_HUNT_START acq=3 complete=15 cap=1021
DBG_DWM_CH5_RX_HUNT_EMPTY ret=-116 status=0x00000000 acq=3
DBG_ANCHOR_CH5_SCAN_RESCHED ret=1 delay=380
DBG_ANCHOR_CH5_SCAN_HANDLER role=2
DBG_ANCHOR_CH5_SCAN_ARM now=47119 win=3 complete=15 interval=380 wait=0 tx=0 response=0
DBG_DWM_INVALIDATE tag=configure_radio_from_reset active_phy=2 configured=1 awake=0
DBG_DWM_MARK_UNCONFIGURED tag=initialise_radio prev_phy=0
DBG_DWM_CH5_RX_HUNT_START acq=3 complete=15 cap=1021
DBG_DWM_CH5_RX_HUNT_EMPTY ret=-116 status=0x00000000 acq=3
DBG_ANCHOR_CH5_SCAN_DONE ret=-116 len=0 fail=1 pre=0 q=0 rx_us=3143 complete=15
DBG_ANCHOR_CH5_SCAN_RESCHED ret=1 delay=380
DBG_ANCHOR_CH5_SCAN_HANDLER role=2
DBG_DWM_INVALIDATE tag=configure_radio_from_reset active_phy=2 configured=1 awake=0
DBG_DWM_MARK_UNCONFIGURED tag=initialise_radio prev_phy=0
DBG_DWM_CH5_RX_HUNT_START acq=3 complete=15 cap=1021
DBG_DWM_CH5_RX_HUNT_EMPTY ret=-116 status=0x00000000 acq=3
DBG_ANCHOR_CH5_SCAN_RESCHED ret=1 delay=380
DBG_ANCHOR_CH5_SCAN_HANDLER role=2
DBG_DWM_INVALIDATE tag=configure_radio_from_reset active_phy=2 configured=1 awake=0
DBG_DWM_MARK_UNCONFIGURED tag=initialise_radio prev_phy=0
DBG_DWM_CH5_RX_HUNT_START acq=3 complete=15 cap=1021
DBG_DWM_CH5_RX_HUNT_EMPTY ret=-116 status=0x00000000 acq=3
DBG_ANCHOR_CH5_SCAN_RESCHED ret=1 delay=380
DBG_ANCHOR_CH5_SCAN_HANDLER role=2
DBG_ANCHOR_CH5_SCAN_ARM now=48338 win=3 complete=15 interval=380 wait=0 tx=0 response=0
DBG_DWM_INVALIDATE tag=configure_radio_from_reset active_phy=2 configured=1 awake=0
DBG_DWM_MARK_UNCONFIGURED tag=initialise_radio prev_phy=0
DBG_DWM_CH5_RX_HUNT_START acq=3 complete=15 cap=1021
DBG_DWM_CH5_RX_HUNT_EMPTY ret=-116 status=0x00000000 acq=3
DBG_ANCHOR_CH5_SCAN_DONE ret=-116 len=0 fail=1 pre=0 q=0 rx_us=3875 complete=15
DBG_ANCHOR_CH5_SCAN_RESCHED ret=1 delay=380
DBG_ANCHOR_CH5_SCAN_HANDLER role=2
DBG_DWM_INVALIDATE tag=configure_radio_from_reset active_phy=2 configured=1 awake=0
DBG_DWM_MARK_UNCONFIGURED tag=initialise_radio prev_phy=0
DBG_DWM_CH5_RX_HUNT_START acq=3 complete=15 cap=1021
DBG_DWM_CH5_RX_HUNT_EMPTY ret=-116 status=0x00000000 acq=3
DBG_ANCHOR_CH5_SCAN_RESCHED ret=1 delay=380
DBG_ANCHOR_CH5_SCAN_HANDLER role=2
DBG_DWM_INVALIDATE tag=configure_radio_from_reset active_phy=2 configured=1 awake=0
DBG_DWM_MARK_UNCONFIGURED tag=initialise_radio prev_phy=0
DBG_DWM_CH5_RX_HUNT_START acq=3 complete=15 cap=1021
DBG_DWM_CH5_RX_HUNT_EMPTY ret=-116 status=0x00000000 acq=3
DBG_ANCHOR_CH5_SCAN_RESCHED ret=1 delay=380
DBG_ANCHOR_CH5_SCAN_HANDLER role=2
DBG_ANCHOR_CH5_SCAN_ARM now=49558 win=3 complete=15 interval=380 wait=0 tx=0 response=0
DBG_DWM_INVALIDATE tag=configure_radio_from_reset active_phy=2 configured=1 awake=0
DBG_DWM_MARK_UNCONFIGURED tag=initialise_radio prev_phy=0
DBG_DWM_CH5_RX_HUNT_START acq=3 complete=15 cap=1021
DBG_DWM_CH5_RX_HUNT_EMPTY ret=-116 status=0x00000000 acq=3
DBG_ANCHOR_CH5_SCAN_DONE ret=-116 len=0 fail=1 pre=0 q=0 rx_us=3692 complete=15
DBG_ANCHOR_CH5_SCAN_RESCHED ret=1 delay=380
DBG_ANCHOR_CH5_SCAN_HANDLER role=2
DBG_DWM_INVALIDATE tag=configure_radio_from_reset active_phy=2 configured=1 awake=0
DBG_DWM_MARK_UNCONFIGURED tag=initialise_radio prev_phy=0
DBG_DWM_CH5_RX_HUNT_START acq=3 complete=15 cap=1021
DBG_DWM_CH5_RX_HUNT_EMPTY ret=-116 status=0x00000000 acq=3
DBG_ANCHOR_CH5_SCAN_RESCHED ret=1 delay=380
DBG_ANCHOR_CH5_SCAN_HANDLER role=2
DBG_DWM_INVALIDATE tag=configure_radio_from_reset active_phy=2 configured=1 awake=0
DBG_DWM_MARK_UNCONFIGURED tag=initialise_radio prev_phy=0
DBG_DWM_CH5_RX_HUNT_START acq=3 complete=15 cap=1021
DBG_DWM_CH5_RX_HUNT_EMPTY ret=-116 status=0x00000000 acq=3
DBG_ANCHOR_CH5_SCAN_RESCHED ret=1 delay=380
DBG_ANCHOR_CH5_SCAN_HANDLER role=2
DBG_ANCHOR_CH5_SCAN_ARM now=50779 win=3 complete=15 interval=380 wait=0 tx=0 response=0
DBG_DWM_INVALIDATE tag=configure_radio_from_reset active_phy=2 configured=1 awake=0
DBG_DWM_MARK_UNCONFIGURED tag=initialise_radio prev_phy=0
DBG_DWM_CH5_RX_HUNT_START acq=3 complete=15 cap=1021
DBG_DWM_CH5_RX_HUNT_EMPTY ret=-116 status=0x00000000 acq=3
DBG_ANCHOR_CH5_SCAN_DONE ret=-116 len=0 fail=1 pre=0 q=0 rx_us=3692 complete=15
DBG_ANCHOR_CH5_SCAN_RESCHED ret=1 delay=380
DBG_ANCHOR_CH5_SCAN_HANDLER role=2
DBG_DWM_INVALIDATE tag=configure_radio_from_reset active_phy=2 configured=1 awake=0
DBG_DWM_MARK_UNCONFIGURED tag=initialise_radio prev_phy=0
DBG_DWM_CH5_RX_HUNT_START acq=3 complete=15 cap=1021
DBG_DWM_CH5_RX_HUNT_EMPTY ret=-116 status=0x00000000 acq=3
DBG_ANCHOR_CH5_SCAN_RESCHED ret=1 delay=380
DBG_ANCHOR_CH5_SCAN_HANDLER role=2
DBG_DWM_INVALIDATE tag=configure_radio_from_reset active_phy=2 configured=1 awake=0
DBG_DWM_MARK_UNCONFIGURED tag=initialise_radio prev_phy=0
DBG_DWM_CH5_RX_HUNT_START acq=3 complete=15 cap=1021
DBG_DWM_CH5_RX_HUNT_EMPTY ret=-116 status=0x00000000 acq=3
DBG_ANCHOR_CH5_SCAN_RESCHED ret=1 delay=380
DBG_ANCHOR_CH5_SCAN_HANDLER role=2
DBG_ANCHOR_CH5_SCAN_ARM now=51999 win=3 complete=15 interval=380 wait=0 tx=0 response=0
DBG_DWM_INVALIDATE tag=configure_radio_from_reset active_phy=2 configured=1 awake=0
DBG_DWM_MARK_UNCONFIGURED tag=initialise_radio prev_phy=0
DBG_DWM_CH5_RX_HUNT_START acq=3 complete=15 cap=1021
DBG_DWM_CH5_RX_HUNT_EMPTY ret=-116 status=0x00000000 acq=3
DBG_ANCHOR_CH5_SCAN_DONE ret=-116 len=0 fail=1 pre=0 q=0 rx_us=3662 complete=15
DBG_ANCHOR_CH5_SCAN_RESCHED ret=1 delay=380
DBG_ANCHOR_CH5_SCAN_HANDLER role=2
DBG_DWM_INVALIDATE tag=configure_radio_from_reset active_phy=2 configured=1 awake=0
DBG_DWM_MARK_UNCONFIGURED tag=initialise_radio prev_phy=0
DBG_DWM_CH5_RX_HUNT_START acq=3 complete=15 cap=1021
DBG_DWM_CH5_RX_HUNT_EMPTY ret=-116 status=0x00000000 acq=3
DBG_ANCHOR_CH5_SCAN_RESCHED ret=1 delay=380
DBG_ANCHOR_CH5_SCAN_HANDLER role=2
DBG_DWM_INVALIDATE tag=configure_radio_from_reset active_phy=2 configured=1 awake=0
DBG_DWM_MARK_UNCONFIGURED tag=initialise_radio prev_phy=0
DBG_DWM_CH5_RX_HUNT_START acq=3 complete=15 cap=1021
DBG_DWM_CH5_RX_HUNT_EMPTY ret=-116 status=0x00000000 acq=3
DBG_ANCHOR_CH5_SCAN_RESCHED ret=1 delay=380
DBG_ANCHOR_CH5_SCAN_HANDLER role=2
DBG_ANCHOR_CH5_SCAN_ARM now=53220 win=3 complete=15 interval=380 wait=0 tx=0 response=0
DBG_DWM_INVALIDATE tag=configure_radio_from_reset active_phy=2 configured=1 awake=0
DBG_DWM_MARK_UNCONFIGURED tag=initialise_radio prev_phy=0
DBG_DWM_CH5_RX_HUNT_START acq=3 complete=15 cap=1021
DBG_DWM_CH5_RX_HUNT_EMPTY ret=-116 status=0x00000000 acq=3
DBG_ANCHOR_CH5_SCAN_DONE ret=-116 len=0 fail=1 pre=0 q=0 rx_us=3326 complete=15
DBG_ANCHOR_CH5_SCAN_RESCHED ret=1 delay=380
DBG_ANCHOR_CH5_SCAN_HANDLER role=2
DBG_DWM_INVALIDATE tag=configure_radio_from_reset active_phy=2 configured=1 awake=0
DBG_DWM_MARK_UNCONFIGURED tag=initialise_radio prev_phy=0
DBG_DWM_CH5_RX_HUNT_START acq=3 complete=15 cap=1021
DBG_DWM_CH5_RX_HUNT_EMPTY ret=-116 status=0x00000000 acq=3
DBG_ANCHOR_CH5_SCAN_RESCHED ret=1 delay=380
DBG_ANCHOR_CH5_SCAN_HANDLER role=2
DBG_DWM_INVALIDATE tag=configure_radio_from_reset active_phy=2 configured=1 awake=0
DBG_DWM_MARK_UNCONFIGURED tag=initialise_radio prev_phy=0
DBG_DWM_CH5_RX_HUNT_START acq=3 complete=15 cap=1021
DBG_DWM_CH5_RX_HUNT_EMPTY ret=-116 status=0x00000000 acq=3
DBG_ANCHOR_CH5_SCAN_RESCHED ret=1 delay=380
DBG_ANCHOR_CH5_SCAN_HANDLER role=2
DBG_ANCHOR_CH5_SCAN_ARM now=54440 win=3 complete=15 interval=380 wait=0 tx=0 response=0
DBG_DWM_INVALIDATE tag=configure_radio_from_reset active_phy=2 configured=1 awake=0
DBG_DWM_MARK_UNCONFIGURED tag=initialise_radio prev_phy=0
DBG_DWM_CH5_RX_HUNT_START acq=3 complete=15 cap=1021
DBG_DWM_CH5_RX_HUNT_EMPTY ret=-116 status=0x00000000 acq=3
DBG_ANCHOR_CH5_SCAN_DONE ret=-116 len=0 fail=1 pre=0 q=0 rx_us=3692 complete=15
DBG_ANCHOR_CH5_SCAN_RESCHED ret=1 delay=380
DBG_ANCHOR_CH5_SCAN_HANDLER role=2
DBG_DWM_INVALIDATE tag=configure_radio_from_reset active_phy=2 configured=1 awake=0
DBG_DWM_MARK_UNCONFIGURED tag=initialise_radio prev_phy=0
DBG_DWM_CH5_RX_HUNT_START acq=3 complete=15 cap=1021
DBG_DWM_CH5_RX_HUNT_EMPTY ret=-116 status=0x00000000 acq=3
DBG_ANCHOR_CH5_SCAN_RESCHED ret=1 delay=380
DBG_ANCHOR_CH5_SCAN_HANDLER role=2
DBG_DWM_INVALIDATE tag=configure_radio_from_reset active_phy=2 configured=1 awake=0
DBG_DWM_MARK_UNCONFIGURED tag=initialise_radio prev_phy=0
DBG_DWM_CH5_RX_HUNT_START acq=3 complete=15 cap=1021
DBG_DWM_CH5_RX_HUNT_EMPTY ret=-116 status=0x00000000 acq=3
DBG_ANCHOR_CH5_SCAN_RESCHED ret=1 delay=380
DBG_ANCHOR_CH5_SCAN_HANDLER role=2
DBG_ANCHOR_CH5_SCAN_ARM now=55661 win=3 complete=15 interval=380 wait=0 tx=0 response=0
DBG_DWM_INVALIDATE tag=configure_radio_from_reset active_phy=2 configured=1 awake=0
DBG_DWM_MARK_UNCONFIGURED tag=initialise_radio prev_phy=0
DBG_DWM_CH5_RX_HUNT_START acq=3 complete=15 cap=1021
DBG_DWM_CH5_RX_HUNT_EMPTY ret=-116 status=0x00000000 acq=3
DBG_ANCHOR_CH5_SCAN_DONE ret=-116 len=0 fail=1 pre=0 q=0 rx_us=3692 complete=15
DBG_ANCHOR_CH5_SCAN_RESCHED ret=1 delay=380
DBG_ANCHOR_CH5_SCAN_HANDLER role=2
DBG_DWM_INVALIDATE tag=configure_radio_from_reset active_phy=2 configured=1 awake=0
DBG_DWM_MARK_UNCONFIGURED tag=initialise_radio prev_phy=0
DBG_DWM_CH5_RX_HUNT_START acq=3 complete=15 cap=1021
DBG_DWM_CH5_RX_HUNT_EMPTY ret=-116 status=0x00000000 acq=3
DBG_ANCHOR_CH5_SCAN_RESCHED ret=1 delay=380
DBG_ANCHOR_CH5_SCAN_HANDLER role=2
DBG_DWM_INVALIDATE tag=configure_radio_from_reset active_phy=2 configured=1 awake=0
DBG_DWM_MARK_UNCONFIGURED tag=initialise_radio prev_phy=0
DBG_DWM_CH5_RX_HUNT_START acq=3 complete=15 cap=1021
DBG_DWM_CH5_RX_HUNT_EMPTY ret=-116 status=0x00000000 acq=3
DBG_ANCHOR_CH5_SCAN_RESCHED ret=1 delay=380
DBG_ANCHOR_CH5_SCAN_HANDLER role=2
DBG_ANCHOR_CH5_SCAN_ARM now=56881 win=3 complete=15 interval=380 wait=0 tx=0 response=0
DBG_DWM_INVALIDATE tag=configure_radio_from_reset active_phy=2 configured=1 awake=0
DBG_DWM_MARK_UNCONFIGURED tag=initialise_radio prev_phy=0
DBG_DWM_CH5_RX_HUNT_START acq=3 complete=15 cap=1021
DBG_DWM_CH5_RX_HUNT_EMPTY ret=-116 status=0x00000000 acq=3
DBG_ANCHOR_CH5_SCAN_DONE ret=-116 len=0 fail=1 pre=0 q=0 rx_us=3662 complete=15
DBG_ANCHOR_CH5_SCAN_RESCHED ret=1 delay=380
DBG_ANCHOR_CH5_SCAN_HANDLER role=2
DBG_DWM_INVALIDATE tag=configure_radio_from_reset active_phy=2 configured=1 awake=0
DBG_DWM_MARK_UNCONFIGURED tag=initialise_radio prev_phy=0
DBG_DWM_CH5_RX_HUNT_START acq=3 complete=15 cap=1021
DBG_DWM_CH5_RX_HUNT_EMPTY ret=-116 status=0x00000000 acq=3
DBG_ANCHOR_CH5_SCAN_RESCHED ret=1 delay=380
DBG_ANCHOR_CH5_SCAN_HANDLER role=2
DBG_DWM_INVALIDATE tag=configure_radio_from_reset active_phy=2 configured=1 awake=0
DBG_DWM_MARK_UNCONFIGURED tag=initialise_radio prev_phy=0
DBG_DWM_CH5_RX_HUNT_START acq=3 complete=15 cap=1021
DBG_DWM_CH5_RX_HUNT_EMPTY ret=-116 status=0x00000000 acq=3
DBG_ANCHOR_CH5_SCAN_RESCHED ret=1 delay=380
DBG_ANCHOR_CH5_SCAN_HANDLER role=2
DBG_ANCHOR_CH5_SCAN_ARM now=58102 win=3 complete=15 interval=380 wait=0 tx=0 response=0
DBG_DWM_INVALIDATE tag=configure_radio_from_reset active_phy=2 configured=1 awake=0
DBG_DWM_MARK_UNCONFIGURED tag=initialise_radio prev_phy=0
DBG_DWM_CH5_RX_HUNT_START acq=3 complete=15 cap=1021
DBG_DWM_CH5_RX_ACTIVITY_EXTEND ret=0 status=0x00000100 complete=15
DBG_DWM_CH5_RX_ACTIVITY_WAIT status=0x00000100 remain=15
DBG_DWM_CH5_RX_ACTIVITY_DONE raw=51 payload=49 status=0x00006f00 rearm=0 extended=1
DBG_ANCHOR_CH5_SCAN_DONE ret=0 len=49 fail=0 pre=1 q=100 rx_us=7354 complete=15
DBG_UWB_RX_CH5
DBG_ANCHOR_CH5_FRAME len=49 q=100 wake_ret=0
DBG_ANCHOR_DIRECT_GATEWAY_WAKE_LISTEN src=0x9999888877776666 evt=1850793 flags=0x93
DBG_ANCHOR_ROUTE_WAKE_DISPATCH src=0x9999888877776666 evt=1850793 attempt=1 flags=0x93 len=49 q=100
DBG_C5_CONTACT phase=closing state=4 peer=0x708bc0aab970300e purpose=route_contact_refresh reason=replace
DBG_C5_CONTACT phase=open state=2 peer=0x9999888877776666 purpose=route_solicit reason=wake-claim
DBG_C5_CONTACT phase=accepted state=2 peer=0x9999888877776666 purpose=route_solicit reason=wake-claim
DBG_ANCHOR_ROUTE_WAKE_HANDOFF src=0x9999888877776666 evt=1850793 attempt=1 flags=0x93 embedded=0 listen=2000
DBG_C5_CONTACT phase=exchange state=3 peer=0x9999888877776666 purpose=gateway_command_flood reason=gateway-command-wake-follow
DBG_ROUTE_REPLY_LISTEN_START
DBG_DWM_WAKE_MESH_CTRL_OK sfd=4073
DBG_ROUTE_REPLY_LISTEN_CONFIG ret=0 ext=1
DBG_C5_CONTROL_LISTENER_HOLD_EXTENDED
DBG_C5_RX_FAIL status=0x00001300 finfo=0x00000000 fail=4 phy=4 ch=5 plen=3 pac=2 txc=9 rxc=9 sfd=2 rate=0 phr=1 phrr=0 sfdto=4
DBG_C5_CONTROL_LISTENER_HOLD_EXTENDED
DBG_C5_CONTROL_LISTENER_HOLD_EXTENDED
DBG_C5_CONTROL_LISTENER_HOLD_EXTENDED
DBG_C5_CONTROL_LISTENER_HOLD_EXTENDED
DBG_C5_CONTROL_LISTENER_HOLD_EXTENDED
DBG_C5_CONTROL_LISTENER_HOLD_EXTENDED
DBG_C5_CONTROL_LISTENER_HOLD_EXTENDED
DBG_C5_CONTROL_LISTENER_HOLD_EXTENDED
DBG_C5_CONTROL_LISTENER_HOLD_EXTENDED
DBG_C5_CONTROL_LISTENER_HOLD_EXTENDED
DBG_C5_CONTROL_LISTENER_HOLD_EXTENDED
DBG_C5_CONTROL_LISTENER_HOLD_EXTENDED
DBG_C5_CONTROL_LISTENER_HOLD_EXTENDED
DBG_C5_CONTROL_LISTENER_HOLD_EXTENDED
DBG_C5_CONTROL_LISTENER_HOLD_EXTENDED
DBG_C5_CONTROL_LISTENER_HOLD_EXTENDED
DBG_C5_CONTROL_LISTENER_HOLD_EXTENDED
DBG_C5_CONTROL_LISTENER_HOLD_EXTENDED
DBG_C5_CONTROL_LISTENER_HOLD_EXTENDED
DBG_C5_CONTROL_LISTENER_HOLD_EXTENDED
DBG_C5_CONTROL_LISTENER_HOLD_EXTENDED
DBG_C5_CONTROL_LISTENER_HOLD_EXTENDED
DBG_C5_CONTROL_LISTENER_HOLD_EXTENDED
DBG_C5_CONTROL_LISTENER_HOLD_EXTENDED
DBG_C5_CONTROL_LISTENER_HOLD_EXTENDED
DBG_C5_CONTROL_LISTENER_HOLD_EXTENDED
DBG_C5_CONTROL_LISTENER_HOLD_EXTENDED
DBG_C5_CONTROL_LISTENER_HOLD_EXTENDED
DBG_C5_CONTROL_LISTENER_HOLD_EXTENDED
DBG_C5_CONTROL_LISTENER_HOLD_EXTENDED
DBG_C5_CONTROL_LISTENER_HOLD_EXTENDED
DBG_C5_CONTROL_LISTENER_HOLD_EXTENDED
DBG_C5_CONTROL_LISTENER_HOLD_EXTENDED
DBG_C5_CONTROL_LISTENER_HOLD_EXTENDED
DBG_C5_CONTROL_LISTENER_HOLD_EXTENDED
DBG_C5_CONTROL_LISTENER_HOLD_EXTENDED
DBG_C5_CONTROL_LISTENER_HOLD_EXTENDED
DBG_C5_CONTROL_LISTENER_HOLD_EXTENDED
DBG_C5_CONTROL_LISTENER_HOLD_EXTENDED
DBG_C5_CONTROL_LISTENER_HOLD_EXTENDED
DBG_C5_CONTROL_LISTENER_HOLD_EXTENDED
DBG_C5_CONTROL_LISTENER_HOLD_EXTENDED
DBG_C5_CONTROL_LISTENER_HOLD_EXTENDED
DBG_C5_CONTROL_LISTENER_HOLD_EXTENDED
DBG_C5_CONTROL_LISTENER_HOLD_EXTENDED
DBG_C5_CONTROL_LISTENER_HOLD_EXTENDED
DBG_C5_CONTROL_LISTENER_HOLD_EXTENDED
DBG_C5_CONTROL_LISTENER_HOLD_EXTENDED
DBG_C5_CONTROL_LISTENER_HOLD_EXTENDED
DBG_C5_CONTROL_LISTENER_HOLD_EXTENDED
DBG_C5_CONTROL_LISTENER_HOLD_EXTENDED
DBG_C5_CONTROL_LISTENER_HOLD_EXTENDED
DBG_C5_CONTROL_LISTENER_HOLD_EXTENDED
DBG_C5_CONTROL_LISTENER_HOLD_EXTENDED
DBG_C5_CONTROL_LISTENER_HOLD_EXTENDED
DBG_C5_CONTROL_LISTENER_HOLD_EXTENDED
DBG_C5_CONTROL_LISTENER_HOLD_EXTENDED
DBG_C5_CONTROL_LISTENER_HOLD_EXTENDED
DBG_C5_CONTROL_LISTENER_HOLD_EXTENDED
DBG_C5_CONTROL_LISTENER_HOLD_EXTENDED
DBG_C5_CONTROL_LISTENER_HOLD_EXTENDED
DBG_C5_CONTROL_LISTENER_HOLD_EXTENDED
DBG_C5_CONTROL_LISTENER_HOLD_EXTENDED
DBG_C5_CONTROL_LISTENER_HOLD_EXTENDED
DBG_C5_CONTROL_LISTENER_HOLD_EXTENDED
DBG_C5_CONTROL_LISTENER_HOLD_EXTENDED
DBG_C5_CONTROL_LISTENER_HOLD_EXTENDED
DBG_C5_CONTROL_LISTENER_HOLD_EXTENDED
DBG_C5_CONTROL_LISTENER_HOLD_EXTENDED
DBG_C5_CONTROL_LISTENER_HOLD_EXTENDED
DBG_C5_CONTROL_LISTENER_HOLD_EXTENDED
DBG_C5_CONTROL_LISTENER_HOLD_EXTENDED
DBG_C5_CONTROL_LISTENER_HOLD_EXTENDED
DBG_C5_CONTROL_LISTENER_HOLD_EXTENDED
DBG_C5_CONTROL_LISTENER_HOLD_EXTENDED
DBG_C5_CONTROL_LISTENER_HOLD_EXTENDED
DBG_C5_CONTROL_LISTENER_HOLD_EXTENDED
DBG_C5_CONTROL_LISTENER_HOLD_EXTENDED
DBG_C5_CONTROL_LISTENER_HOLD_EXTENDED
DBG_C5_CONTROL_LISTENER_HOLD_EXTENDED
DBG_C5_CONTROL_LISTENER_HOLD_EXTENDED
DBG_C5_CONTROL_LISTENER_HOLD_EXTENDED
DBG_C5_CONTROL_LISTENER_HOLD_EXTENDED
DBG_C5_CONTROL_LISTENER_HOLD_EXTENDED
DBG_C5_CONTROL_LISTENER_HOLD_EXTENDED
DBG_C5_CONTROL_LISTENER_HOLD_EXTENDED
DBG_C5_CONTROL_LISTENER_HOLD_EXTENDED
DBG_C5_CONTROL_LISTENER_HOLD_EXTENDED
DBG_C5_CONTROL_LISTENER_HOLD_EXTENDED
DBG_C5_CONTROL_LISTENER_HOLD_EXTENDED
DBG_C5_CONTROL_LISTENER_HOLD_EXTENDED
DBG_C5_CONTROL_LISTENER_HOLD_EXTENDED
DBG_C5_CONTROL_LISTENER_HOLD_EXTENDED
DBG_C5_CONTROL_LISTENER_HOLD_EXTENDED
DBG_C5_CONTROL_LISTENER_HOLD_EXTENDED
DBG_C5_CONTROL_LISTENER_HOLD_EXTENDED
DBG_C5_CONTROL_LISTENER_HOLD_EXTENDED
DBG_C5_CONTROL_LISTENER_HOLD_EXTENDED
DBG_C5_CONTROL_LISTENER_HOLD_EXTENDED
DBG_C5_CONTROL_LISTENER_HOLD_EXTENDED
DBG_C5_CONTROL_LISTENER_HOLD_EXTENDED
DBG_C5_CONTROL_LISTENER_HOLD_EXTENDED
DBG_C5_CONTROL_LISTENER_HOLD_EXTENDED
DBG_C5_CONTROL_LISTENER_HOLD_EXTENDED
DBG_C5_CONTROL_LISTENER_HOLD_EXTENDED
DBG_C5_CONTROL_LISTENER_HOLD_EXTENDED
DBG_ROUTE_REPLY_RX_FRAME
DBG_ROUTE_REPLY_UNRELATED msg=0x40 src=0x9999888877776666 dst=0x0 prev=0x9999888877776666 target=0x9999888877776666 session=43
DBG_ROUTE_REPLY_RX_FRAME
DBG_C5_CONTROL_ROUTE_READY msg=0x40 prev=0x708bc0aab970300e ttl=7 origin_ttl=8 relay=0 ret=0
DBG_C5_CONTROL_ROUTE_STATE epoch=104 sel=0 next=0x708bc0aab970300e hop=1 timing=0
DBG_UWB_RX_CH5
DBG_MESH_RX_QUEUED ch=5 msg=0x40 src=0x9999888877776666 dst=0x0 prev=0x708bc0aab970300e seq=13 q=1
DBG_MESH_RX_DEFERRED q=1 msg=0x40
DBG_C5_GATEWAY_OPERATION_RETAINED msg=0x40 seq=13 click_waiting=0
DBG_COORD state=mesh-rx owner=uwb-rx reason=mesh-rx rx=1 tx=0 relay=0 route=0 ack=0 qack=0
DBG_ANCHOR_MESH_RX_YIELD reason=anchor-low-duty-ch5-owner ch9=0 delay=0 scan_int=380 scan_win=3 wait=0 q=1
DBG_MESH_RX_WORK_WAIT q=1
DBG_MESH_RX_WORK_ENTER q=1
DBG_MESH_RX_DRAIN_ENTER owner=work q=1
DBG_C5_CONTACT phase=closing state=4 peer=0x9999888877776666 purpose=gateway_command_flood reason=replace
DBG_C5_CONTACT phase=open state=2 peer=0x708bc0aab970300e purpose=gateway_command_flood reason=c5-control-rx
DBG_COORD state=idle owner=c5-flood reason=idle rx=0 tx=0 relay=0 route=0 ack=0 qack=0
DBG_DWM_INVALIDATE tag=configure_radio_from_reset active_phy=4 configured=1 awake=0
DBG_DWM_MARK_UNCONFIGURED tag=initialise_radio prev_phy=0
DBG_DWM_INVALIDATE tag=configure_radio_from_reset active_phy=2 configured=1 awake=0
DBG_DWM_MARK_UNCONFIGURED tag=initialise_radio prev_phy=0
DBG_DWM_WAKE_MESH_CTRL_OK sfd=4073
DBG_C5_TX_CONFIG ret=0 ext=1 len=127 msg=40 reason=bounded-c5-flood
DBG_UWB_TX_CH5
DBG_DWM_INVALIDATE tag=configure_radio_from_reset active_phy=4 configured=1 awake=0
DBG_DWM_MARK_UNCONFIGURED tag=initialise_radio prev_phy=0
DBG_DWM_WAKE_MESH_CTRL_OK sfd=4073
DBG_UWB_RX_CH5
DBG_MESH_RX_QUEUED ch=5 msg=0x40 src=0x9999888877776666 dst=0x0 prev=0x191a9619c6c8cb07 seq=13 q=1
DBG_MESH_RX_DEFERRED q=1 msg=0x40
DBG_C5_FLOOD_DELAY_RX_YIELD queued=1 q=1 rem=40
DBG_C5_FLOOD_WAIT now=59320 wake=59370 first=59370 msg=40 attempt=2/3 reason=broadcast-forward
DBG_ENUM_RX_ACTIVE epoch=43515988 budget=418524 duplicate=0
DBG_ANCHOR_CH5_SCAN_RESCHED ret=1 delay=0
DBG_DISCOVERY_SLOT_RESPONSE_SCHEDULED phase=1 epoch=43515988 delay=2825 slot=1 lane=1/3 hop=2 hash=0x84e5bb6fd3fa9660
DBG_C5_CONTACT phase=open state=2 peer=0x191a9619c6c8cb07 purpose=gateway_command_flood reason=c5-control-rx
DBG_C5_CONTACT phase=accepted state=2 peer=0x191a9619c6c8cb07 purpose=gateway_command_flood reason=c5-control-rx
DBG_ENUM_RX_ACTIVE epoch=43515988 budget=418524 duplicate=1
DBG_ANCHOR_CH5_SCAN_RESCHED ret=0 delay=0
DBG_DISCOVERY_SLOT_RESPONSE_RETAIN phase=1 epoch=43515988 handle=0
DBG_MESH_RX_DRAIN_EXIT owner=work handled=2 q=0
DBG_MESH_RX_WORK_EXIT handled=2 q=0
DBG_MESH_RX_WORK_WAIT q=0
DBG_MESH_RX_WORK_ENTER q=0
DBG_MESH_RX_DRAIN_ENTER owner=work q=0
DBG_MESH_RX_DRAIN_EXIT owner=work handled=0 q=0
DBG_MESH_RX_WORK_EXIT handled=0 q=0
DBG_ANCHOR_CH5_SCAN_HANDLER role=2
DBG_ANCHOR_CH5_SCAN_ARM now=59375 win=2000 complete=15 interval=380 wait=0 tx=0 response=0
DBG_DWM_MARK_UNCONFIGURED tag=initialise_radio prev_phy=0
DBG_DWM_WAKE_MESH_CTRL_OK sfd=4073
DBG_DWM_CH5_RX_HUNT_START acq=2000 complete=15 cap=1021
DBG_DWM_CH5_RX_ACTIVITY_EXTEND ret=0 status=0x00000100 complete=15
DBG_DWM_CH5_RX_ACTIVITY_WAIT status=0x00000100 remain=15
DBG_DWM_CH5_RX_ACTIVITY_DONE raw=129 payload=127 status=0x00006f00 rearm=0 extended=1
DBG_ANCHOR_CH5_SCAN_DONE ret=0 len=127 fail=0 pre=1 q=100 rx_us=2000000 complete=15
DBG_UWB_RX_CH5
DBG_ANCHOR_CH5_FRAME len=127 q=100 wake_ret=-5
DBG_UWB_RX_CH5
DBG_MESH_RX_QUEUED ch=5 msg=0x40 src=0x9999888877776666 dst=0x0 prev=0x191a9619c6c8cb07 seq=13 q=1
DBG_MESH_RX_DEFERRED q=1 msg=0x40
DBG_ANCHOR_MESH_RX_HANDOFF_DEFERRED q=1 delay=380 rf=0
DBG_MESH_RX_WORK_WAIT q=1
DBG_MESH_RX_WORK_ENTER q=1
DBG_MESH_RX_DRAIN_ENTER owner=work q=1
DBG_C5_CONTACT phase=accepted state=2 peer=0x191a9619c6c8cb07 purpose=gateway_command_flood reason=c5-control-rx
DBG_ENUM_RX_ACTIVE epoch=43515988 budget=418524 duplicate=1
DBG_ANCHOR_CH5_SCAN_RESCHED ret=2 delay=0
DBG_DISCOVERY_SLOT_RESPONSE_RETAIN phase=1 epoch=43515988 handle=0
DBG_MESH_RX_DRAIN_EXIT owner=work handled=1 q=0
DBG_MESH_RX_WORK_EXIT handled=1 q=0
DBG_MESH_RX_SUBMIT ret=1 q=0 routeq=1
DBG_ANCHOR_CH5_SCAN_RESCHED ret=0 delay=0
DBG_ANCHOR_CH5_SCAN_HANDLER role=2
DBG_DWM_MARK_UNCONFIGURED tag=initialise_radio prev_phy=0
DBG_DWM_WAKE_MESH_CTRL_OK sfd=4073
DBG_DWM_CH5_RX_HUNT_START acq=2000 complete=15 cap=1021
DBG_DWM_CH5_RX_ACTIVITY_EXTEND ret=0 status=0x00000100 complete=15
DBG_DWM_CH5_RX_ACTIVITY_WAIT status=0x00000100 remain=15
DBG_DWM_CH5_RX_ACTIVITY_DONE raw=129 payload=127 status=0x00006f00 rearm=0 extended=1
DBG_ANCHOR_CH5_SCAN_DONE ret=0 len=127 fail=0 pre=1 q=100 rx_us=2000000 complete=15
DBG_UWB_RX_CH5
DBG_ANCHOR_CH5_FRAME len=127 q=100 wake_ret=-5
DBG_UWB_RX_CH5
DBG_MESH_RX_QUEUED ch=5 msg=0x40 src=0x9999888877776666 dst=0x0 prev=0x191a9619c6c8cb07 seq=13 q=1
DBG_MESH_RX_DEFERRED q=1 msg=0x40
DBG_ANCHOR_MESH_RX_HANDOFF_DEFERRED q=1 delay=380 rf=0
DBG_MESH_RX_WORK_WAIT q=1
DBG_MESH_RX_WORK_ENTER q=1
DBG_MESH_RX_DRAIN_ENTER owner=work q=1
DBG_C5_CONTACT phase=accepted state=2 peer=0x191a9619c6c8cb07 purpose=gateway_command_flood reason=c5-control-rx
DBG_ENUM_RX_ACTIVE epoch=43515988 budget=418524 duplicate=1
DBG_ANCHOR_CH5_SCAN_RESCHED ret=2 delay=0
DBG_DISCOVERY_SLOT_RESPONSE_RETAIN phase=1 epoch=43515988 handle=0
DBG_MESH_RX_DRAIN_EXIT owner=work handled=1 q=0
DBG_MESH_RX_WORK_EXIT handled=1 q=0
DBG_MESH_RX_SUBMIT ret=1 q=0 routeq=1
DBG_ANCHOR_CH5_SCAN_RESCHED ret=0 delay=0
DBG_ANCHOR_CH5_SCAN_HANDLER role=2
DBG_DWM_MARK_UNCONFIGURED tag=initialise_radio prev_phy=0
DBG_DWM_WAKE_MESH_CTRL_OK sfd=4073
DBG_DWM_CH5_RX_HUNT_START acq=2000 complete=15 cap=1021
DBG_DWM_CH5_RX_ACTIVITY_EXTEND ret=0 status=0x00000100 complete=15
DBG_DWM_CH5_RX_ACTIVITY_WAIT status=0x00000100 remain=15
DBG_DWM_CH5_RX_ACTIVITY_DONE raw=129 payload=127 status=0x00006f00 rearm=0 extended=1
DBG_ANCHOR_CH5_SCAN_DONE ret=0 len=127 fail=0 pre=1 q=100 rx_us=2000000 complete=15
DBG_UWB_RX_CH5
DBG_ANCHOR_CH5_FRAME len=127 q=100 wake_ret=-5
DBG_UWB_RX_CH5
DBG_MESH_RX_QUEUED ch=5 msg=0x40 src=0x9999888877776666 dst=0x0 prev=0x191a9619c6c8cb07 seq=13 q=1
DBG_MESH_RX_DEFERRED q=1 msg=0x40
DBG_ANCHOR_MESH_RX_HANDOFF_DEFERRED q=1 delay=380 rf=0
DBG_MESH_RX_WORK_WAIT q=1
DBG_MESH_RX_WORK_ENTER q=1
DBG_MESH_RX_DRAIN_ENTER owner=work q=1
DBG_C5_CONTACT phase=accepted state=2 peer=0x191a9619c6c8cb07 purpose=gateway_command_flood reason=c5-control-rx
DBG_ENUM_RX_ACTIVE epoch=43515988 budget=418524 duplicate=1
DBG_ANCHOR_CH5_SCAN_RESCHED ret=2 delay=0
DBG_DISCOVERY_SLOT_RESPONSE_RETAIN phase=1 epoch=43515988 handle=0
DBG_MESH_RX_DRAIN_EXIT owner=work handled=1 q=0
DBG_MESH_RX_WORK_EXIT handled=1 q=0
DBG_MESH_RX_SUBMIT ret=1 q=0 routeq=1
DBG_ANCHOR_CH5_SCAN_RESCHED ret=0 delay=0
DBG_ANCHOR_CH5_SCAN_HANDLER role=2
DBG_DWM_MARK_UNCONFIGURED tag=initialise_radio prev_phy=0
DBG_DWM_WAKE_MESH_CTRL_OK sfd=4073
DBG_DWM_CH5_RX_HUNT_START acq=2000 complete=15 cap=1021
DBG_DWM_CH5_RX_ACTIVITY_EXTEND ret=0 status=0x00000100 complete=15
DBG_DWM_CH5_RX_ACTIVITY_WAIT status=0x00000100 remain=15
DBG_DWM_CH5_RX_ACTIVITY_REARM status=0x00001700 fail=4 remain=14 rearm=1
DBG_DWM_CH5_RX_ACTIVITY_FAIL ret=-116 status=0x00000000 last=0x00000000 fail=4 activity=1 rearm=1
DBG_ANCHOR_CH5_SCAN_DONE ret=-5 len=0 fail=4 pre=1 q=0 rx_us=2000000 complete=15
DBG_ANCHOR_CH5_ACTIVITY_COOLDOWN ret=-5 fail=4 reason=crc_failure rx_us=2000000 cooldown=100
DBG_DWM_INVALIDATE tag=dwm3000_driver_force_recovery active_phy=4 configured=1 awake=1
DBG_DWM_INVALIDATE tag=configure_radio_from_reset active_phy=0 configured=0 awake=0
DBG_DWM_MARK_UNCONFIGURED tag=initialise_radio prev_phy=0
DBG_DWM_INVALIDATE tag=configure_radio_from_reset active_phy=4 configured=1 awake=1
DBG_DWM_MARK_UNCONFIGURED tag=initialise_radio prev_phy=0
DBG_DWM_WAKE_MESH_CTRL_OK sfd=4073
DBG_ENUM_RX_RECOVERED ret=-5 failure=4
DBG_DWM_CH5_RX_HUNT_START acq=2000 complete=15 cap=1021
DBG_NC o=0000000000000001 g=00000001 w=00 e=0000003c s=00000005 q=0000>0004 r=00000000 f=00000024 t=00000000 p=00000000 a=00
DBG_NODE_COMM_SUBMIT handle=1 profile=3 token=17039373 deadline=102196
DBG_DISCOVERY_SLOT_RESPONSE phase=1 epoch=43515988 hash=0x84e5bb6fd3fa9660 hop=2 slot=1 attempt=1 ret=0
DBG_NODE_COMM_TX_BEGIN handle=1 profile=3 msg=65 dst=0x9999888877776666 seq=13
DBG_ANCHOR_CH5_SCAN_DONE ret=-140 len=0 fail=0 pre=0 q=0 rx_us=4000000 complete=15
DBG_ANCHOR_CH5_SCAN_RESCHED ret=2 delay=0
DBG_ANCHOR_CH5_SCAN_HANDLER role=2
DBG_ANCHOR_CH5_SCAN_BLOCKED win=0 survey=0 tx=0 retry_gap=0 wait=0 rx=1 rxq=0 rxr=1 ack=0 ch9=0 rf=0 retry=20 interval=380
DBG_ANCHOR_CH5_SCAN_RESCHED ret=1 delay=20
DBG_PROTOCOL_RESPONSE_RX_HANDOFF_READY abort=1 owner=5 seq=13
DBG_CH9_UNAVAIL ret=-9 sel=0 act=0 now=62200 start=0 win=0
DBG_CH9_ROUTE_STATE epoch=104 selected=0
DBG_CH9_ROUTE_CAND i=0 epoch=104 next=0x708bc0aab970300e hop=1 timing=0 fail=0 hold=0
DBG_WAKE_TRAIN_GUARD_OK
DBG_DWM_MARK_UNCONFIGURED tag=initialise_radio prev_phy=0
DBG_ANCHOR_CH5_SCAN_HANDLER role=2
DBG_ANCHOR_CH5_SCAN_BLOCKED win=0 survey=0 tx=0 retry_gap=0 wait=0 rx=1 rxq=0 rxr=1 ack=0 ch9=0 rf=1 retry=20 interval=380
DBG_ANCHOR_CH5_SCAN_RESCHED ret=1 delay=20
DBG_WAKE_TRAIN_CONFIG_BEGIN
DBG_DWM_INVALIDATE tag=configure_radio_from_reset active_phy=2 configured=1 awake=0
DBG_ANCHOR_CH5_SCAN_HANDLER role=2
DBG_ANCHOR_CH5_SCAN_BLOCKED win=0 survey=0 tx=0 retry_gap=0 wait=0 rx=1 rxq=0 rxr=1 ack=0 ch9=0 rf=1 retry=20 interval=380
DBG_ANCHOR_CH5_SCAN_RESCHED ret=1 delay=20
DBG_DWM_MARK_UNCONFIGURED tag=initialise_radio prev_phy=0
DBG_WAKE_TRAIN_CONFIG_OK
DBG_WAKE_TRAIN_FIRST_SEND_BEGIN
DBG_ANCHOR_CH5_SCAN_HANDLER role=2
DBG_WAKE_TRAIN_FIRST_SEND_OK
DBG_UWB_TX_CH5
DBG_TX_WAKE_CLAIM_SENT
DBG_ANCHOR_CH5_SCAN_BLOCKED win=0 survey=0 tx=0 retry_gap=0 wait=0 rx=1 rxq=0 rxr=1 ack=0 ch9=0 rf=1 retry=20 interval=380
DBG_ANCHOR_CH5_SCAN_RESCHED ret=1 delay=20
DBG_UWB_TX_CH5
DBG_TX_WAKE_CLAIM_SENT
DBG_UWB_TX_CH5
DBG_TX_WAKE_CLAIM_SENT
DBG_DWM_CH5_RX_HUNT_START acq=3 complete=15 cap=125
DBG_DWM_CH5_RX_HUNT_EMPTY ret=-116 status=0x00000000 acq=3
DBG_ANCHOR_CH5_SCAN_HANDLER role=2
DBG_UWB_TX_CH5
DBG_TX_WAKE_CLAIM_SENT
DBG_ANCHOR_CH5_SCAN_BLOCKED win=0 survey=0 tx=0 retry_gap=0 wait=0 rx=1 rxq=0 rxr=1 ack=0 ch9=0 rf=1 retry=20 interval=380
DBG_ANCHOR_CH5_SCAN_RESCHED ret=1 delay=20
DBG_UWB_TX_CH5
DBG_TX_WAKE_CLAIM_SENT
DBG_UWB_TX_CH5
DBG_TX_WAKE_CLAIM_SENT
DBG_DWM_CH5_RX_HUNT_START acq=3 complete=15 cap=125
DBG_DWM_CH5_RX_HUNT_EMPTY ret=-116 status=0x00000000 acq=3
DBG_UWB_TX_CH5
DBG_TX_WAKE_CLAIM_SENT
DBG_ANCHOR_CH5_SCAN_HANDLER role=2
DBG_ANCHOR_CH5_SCAN_BLOCKED win=0 survey=0 tx=0 retry_gap=0 wait=0 rx=1 rxq=0 rxr=1 ack=0 ch9=0 rf=1 retry=20 interval=380
DBG_ANCHOR_CH5_SCAN_RESCHED ret=1 delay=20
DBG_UWB_TX_CH5
DBG_TX_WAKE_CLAIM_SENT
DBG_UWB_TX_CH5
DBG_TX_WAKE_CLAIM_SENT
DBG_DWM_CH5_RX_HUNT_START acq=3 complete=15 cap=125
DBG_DWM_CH5_RX_HUNT_EMPTY ret=-116 status=0x00000000 acq=3
DBG_UWB_TX_CH5
DBG_TX_WAKE_CLAIM_SENT
DBG_ANCHOR_CH5_SCAN_HANDLER role=2
DBG_UWB_TX_CH5
DBG_TX_WAKE_CLAIM_SENT
DBG_ANCHOR_CH5_SCAN_BLOCKED win=0 survey=0 tx=0 retry_gap=0 wait=0 rx=1 rxq=0 rxr=1 ack=0 ch9=0 rf=1 retry=20 interval=380
DBG_ANCHOR_CH5_SCAN_RESCHED ret=1 delay=20
DBG_UWB_TX_CH5
DBG_TX_WAKE_CLAIM_SENT
DBG_DWM_CH5_RX_HUNT_START acq=3 complete=15 cap=125
DBG_DWM_CH5_RX_HUNT_EMPTY ret=-116 status=0x00000000 acq=3
DBG_UWB_TX_CH5
DBG_TX_WAKE_CLAIM_SENT
DBG_ANCHOR_CH5_SCAN_HANDLER role=2
DBG_UWB_TX_CH5
DBG_TX_WAKE_CLAIM_SENT
DBG_ANCHOR_CH5_SCAN_BLOCKED win=0 survey=0 tx=0 retry_gap=0 wait=0 rx=1 rxq=0 rxr=1 ack=0 ch9=0 rf=1 retry=20 interval=380
DBG_ANCHOR_CH5_SCAN_RESCHED ret=1 delay=20
DBG_UWB_TX_CH5
DBG_TX_WAKE_CLAIM_SENT
DBG_DWM_CH5_RX_HUNT_START acq=3 complete=15 cap=125
DBG_DWM_CH5_RX_HUNT_EMPTY ret=-116 status=0x00000000 acq=3
DBG_UWB_TX_CH5
DBG_TX_WAKE_CLAIM_SENT
DBG_UWB_TX_CH5
DBG_TX_WAKE_CLAIM_SENT
DBG_ANCHOR_CH5_SCAN_HANDLER role=2
DBG_ANCHOR_CH5_SCAN_BLOCKED win=0 survey=0 tx=0 retry_gap=0 wait=0 rx=1 rxq=0 rxr=1 ack=0 ch9=0 rf=1 retry=20 interval=380
DBG_ANCHOR_CH5_SCAN_RESCHED ret=1 delay=20
DBG_UWB_TX_CH5
DBG_TX_WAKE_CLAIM_SENT
DBG_DWM_CH5_RX_HUNT_START acq=3 complete=15 cap=125
DBG_DWM_CH5_RX_HUNT_EMPTY ret=-116 status=0x00000000 acq=3
DBG_UWB_TX_CH5
DBG_TX_WAKE_CLAIM_SENT
DBG_UWB_TX_CH5
DBG_TX_WAKE_CLAIM_SENT
DBG_ANCHOR_CH5_SCAN_HANDLER role=2
DBG_UWB_TX_CH5
DBG_TX_WAKE_CLAIM_SENT
DBG_DWM_CH5_RX_HUNT_START acq=3 complete=15 cap=125
DBG_ANCHOR_CH5_SCAN_BLOCKED win=0 survey=0 tx=0 retry_gap=0 wait=0 rx=1 rxq=0 rxr=1 ack=0 ch9=0 rf=1 retry=20 interval=380
DBG_ANCHOR_CH5_SCAN_RESCHED ret=1 delay=20
DBG_UWB_TX_CH5
DBG_TX_WAKE_CLAIM_SENT
DBG_UWB_TX_CH5
DBG_TX_WAKE_CLAIM_SENT
DBG_UWB_TX_CH5
DBG_TX_WAKE_CLAIM_SENT
DBG_DWM_CH5_RX_HUNT_START acq=3 complete=15 cap=125
DBG_ANCHOR_CH5_SCAN_HANDLER role=2
DBG_DWM_CH5_RX_HUNT_EMPTY ret=-116 status=0x00000000 acq=3
DBG_ANCHOR_CH5_SCAN_BLOCKED win=0 survey=0 tx=0 retry_gap=0 wait=0 rx=1 rxq=0 rxr=1 ack=0 ch9=0 rf=1 retry=20 interval=380
DBG_ANCHOR_CH5_SCAN_RESCHED ret=1 delay=20
DBG_UWB_TX_CH5
DBG_TX_WAKE_CLAIM_SENT
DBG_UWB_TX_CH5
DBG_TX_WAKE_CLAIM_SENT
DBG_UWB_TX_CH5
DBG_TX_WAKE_CLAIM_SENT
DBG_DWM_CH5_RX_HUNT_START acq=3 complete=15 cap=125
DBG_DWM_CH5_RX_HUNT_EMPTY ret=-116 status=0x00000000 acq=3
DBG_ANCHOR_CH5_SCAN_HANDLER role=2
DBG_ANCHOR_CH5_SCAN_BLOCKED win=0 survey=0 tx=0 retry_gap=0 wait=0 rx=1 rxq=0 rxr=1 ack=0 ch9=0 rf=1 retry=20 interval=380
DBG_ANCHOR_CH5_SCAN_RESCHED ret=1 delay=20
DBG_UWB_TX_CH5
DBG_TX_WAKE_CLAIM_SENT
DBG_UWB_TX_CH5
DBG_TX_WAKE_CLAIM_SENT
DBG_UWB_TX_CH5
DBG_TX_WAKE_CLAIM_SENT
DBG_DWM_CH5_RX_HUNT_START acq=3 complete=15 cap=125
DBG_DWM_CH5_RX_HUNT_EMPTY ret=-116 status=0x00000000 acq=3
DBG_ANCHOR_CH5_SCAN_HANDLER role=2
DBG_UWB_TX_CH5
DBG_TX_WAKE_CLAIM_SENT
DBG_ANCHOR_CH5_SCAN_BLOCKED win=0 survey=0 tx=0 retry_gap=0 wait=0 rx=1 rxq=0 rxr=1 ack=0 ch9=0 rf=1 retry=20 interval=380
DBG_ANCHOR_CH5_SCAN_RESCHED ret=1 delay=20
DBG_UWB_TX_CH5
DBG_TX_WAKE_CLAIM_SENT
DBG_UWB_TX_CH5
DBG_TX_WAKE_CLAIM_SENT
DBG_DWM_CH5_RX_HUNT_START acq=3 complete=15 cap=125
DBG_DWM_CH5_RX_HUNT_EMPTY ret=-116 status=0x00000000 acq=3
DBG_ANCHOR_CH5_SCAN_HANDLER role=2
DBG_UWB_TX_CH5
DBG_TX_WAKE_CLAIM_SENT
DBG_ANCHOR_CH5_SCAN_BLOCKED win=0 survey=0 tx=0 retry_gap=0 wait=0 rx=1 rxq=0 rxr=1 ack=0 ch9=0 rf=1 retry=20 interval=380
DBG_ANCHOR_CH5_SCAN_RESCHED ret=1 delay=20
DBG_UWB_TX_CH5
DBG_TX_WAKE_CLAIM_SENT
DBG_UWB_TX_CH5
DBG_TX_WAKE_CLAIM_SENT
DBG_DWM_CH5_RX_HUNT_START acq=3 complete=15 cap=125
DBG_DWM_CH5_RX_HUNT_EMPTY ret=-116 status=0x00000000 acq=3
DBG_UWB_TX_CH5
DBG_TX_WAKE_CLAIM_SENT
DBG_ANCHOR_CH5_SCAN_HANDLER role=2
DBG_ANCHOR_CH5_SCAN_BLOCKED win=0 survey=0 tx=0 retry_gap=0 wait=0 rx=1 rxq=0 rxr=1 ack=0 ch9=0 rf=1 retry=20 interval=380
DBG_ANCHOR_CH5_SCAN_RESCHED ret=1 delay=20
DBG_UWB_TX_CH5
DBG_TX_WAKE_CLAIM_SENT
DBG_UWB_TX_CH5
DBG_TX_WAKE_CLAIM_SENT
DBG_DWM_CH5_RX_HUNT_START acq=3 complete=15 cap=125
DBG_DWM_CH5_RX_HUNT_EMPTY ret=-116 status=0x00000000 acq=3
DBG_UWB_TX_CH5
DBG_TX_WAKE_CLAIM_SENT
DBG_ANCHOR_CH5_SCAN_HANDLER role=2
DBG_UWB_TX_CH5
DBG_TX_WAKE_CLAIM_SENT
DBG_ANCHOR_CH5_SCAN_BLOCKED win=0 survey=0 tx=0 retry_gap=0 wait=0 rx=1 rxq=0 rxr=1 ack=0 ch9=0 rf=1 retry=20 interval=380
DBG_ANCHOR_CH5_SCAN_RESCHED ret=1 delay=20
DBG_UWB_TX_CH5
DBG_TX_WAKE_CLAIM_SENT
DBG_DWM_CH5_RX_HUNT_START acq=3 complete=15 cap=125
DBG_DWM_CH5_RX_HUNT_EMPTY ret=-116 status=0x00000000 acq=3
DBG_UWB_TX_CH5
DBG_TX_WAKE_CLAIM_SENT
DBG_ANCHOR_CH5_SCAN_HANDLER role=2
DBG_UWB_TX_CH5
DBG_TX_WAKE_CLAIM_SENT
DBG_ANCHOR_CH5_SCAN_BLOCKED win=0 survey=0 tx=0 retry_gap=0 wait=0 rx=1 rxq=0 rxr=1 ack=0 ch9=0 rf=1 retry=20 interval=380
DBG_ANCHOR_CH5_SCAN_RESCHED ret=1 delay=20
DBG_UWB_TX_CH5
DBG_TX_WAKE_CLAIM_SENT
DBG_DWM_CH5_RX_HUNT_START acq=3 complete=15 cap=125
DBG_DWM_CH5_RX_HUNT_EMPTY ret=-116 status=0x00000000 acq=3
DBG_UWB_TX_CH5
DBG_TX_WAKE_CLAIM_SENT
DBG_ANCHOR_CH5_SCAN_HANDLER role=2
DBG_UWB_TX_CH5
DBG_TX_WAKE_CLAIM_SENT
DBG_ANCHOR_CH5_SCAN_BLOCKED win=0 survey=0 tx=0 retry_gap=0 wait=0 rx=1 rxq=0 rxr=1 ack=0 ch9=0 rf=1 retry=20 interval=380
DBG_ANCHOR_CH5_SCAN_RESCHED ret=1 delay=20
DBG_UWB_TX_CH5
DBG_TX_WAKE_CLAIM_SENT
DBG_DWM_CH5_RX_HUNT_START acq=3 complete=15 cap=125
DBG_DWM_CH5_RX_HUNT_EMPTY ret=-116 status=0x00000000 acq=3
DBG_UWB_TX_CH5
DBG_TX_WAKE_CLAIM_SENT
DBG_UWB_TX_CH5
DBG_TX_WAKE_CLAIM_SENT
DBG_ANCHOR_CH5_SCAN_HANDLER role=2
DBG_UWB_TX_CH5
DBG_TX_WAKE_CLAIM_SENT
DBG_DWM_CH5_RX_HUNT_START acq=3 complete=15 cap=125
DBG_ANCHOR_CH5_SCAN_BLOCKED win=0 survey=0 tx=0 retry_gap=0 wait=0 rx=1 rxq=0 rxr=1 ack=0 ch9=0 rf=1 retry=20 interval=380
DBG_DWM_CH5_RX_HUNT_EMPTY ret=-116 status=0x00000000 acq=3
DBG_ANCHOR_CH5_SCAN_RESCHED ret=1 delay=20
DBG_UWB_TX_CH5
DBG_TX_WAKE_CLAIM_SENT
DBG_UWB_TX_CH5
DBG_TX_WAKE_CLAIM_SENT
DBG_DWM_INVALIDATE tag=configure_radio_from_reset active_phy=2 configured=1 awake=1
DBG_ANCHOR_CH5_SCAN_HANDLER role=2
DBG_ANCHOR_CH5_SCAN_BLOCKED win=0 survey=0 tx=0 retry_gap=0 wait=0 rx=1 rxq=0 rxr=1 ack=0 ch9=0 rf=1 retry=20 interval=380
DBG_ANCHOR_CH5_SCAN_RESCHED ret=1 delay=20
DBG_DWM_MARK_UNCONFIGURED tag=initialise_radio prev_phy=0
DBG_ANCHOR_CH5_SCAN_HANDLER role=2
DBG_ANCHOR_CH5_SCAN_BLOCKED win=0 survey=0 tx=0 retry_gap=0 wait=0 rx=1 rxq=0 rxr=1 ack=0 ch9=0 rf=1 retry=20 interval=380
DBG_ANCHOR_CH5_SCAN_RESCHED ret=1 delay=20
DBG_C5_CONTACT phase=closing state=4 peer=0x708bc0aab970300e purpose=channel9_timing_negotiation reason=replace
DBG_C5_CONTACT phase=open state=2 peer=0x708bc0aab970300e purpose=route_solicit reason=initial-tx-event-repair
DBG_C5_CONTACT phase=accepted state=2 peer=0x708bc0aab970300e purpose=route_solicit reason=initial-tx-event-repair
DBG_C5_CONTROL_FOLLOWUP_TURNAROUND delay=60 msg=37 reason=initial-tx-event-repair
DBG_ANCHOR_CH5_SCAN_HANDLER role=2
DBG_ANCHOR_CH5_SCAN_BLOCKED win=0 survey=0 tx=0 retry_gap=0 wait=0 rx=1 rxq=0 rxr=1 ack=0 ch9=0 rf=0 retry=20 interval=380
DBG_ANCHOR_CH5_SCAN_RESCHED ret=1 delay=20
DBG_ANCHOR_CH5_SCAN_HANDLER role=2
DBG_ANCHOR_CH5_SCAN_BLOCKED win=0 survey=0 tx=0 retry_gap=0 wait=0 rx=1 rxq=0 rxr=1 ack=0 ch9=0 rf=0 retry=20 interval=380
DBG_ANCHOR_CH5_SCAN_RESCHED ret=1 delay=20
DBG_ANCHOR_CH5_SCAN_HANDLER role=2
DBG_ANCHOR_CH5_SCAN_BLOCKED win=0 survey=0 tx=0 retry_gap=0 wait=0 rx=1 rxq=0 rxr=1 ack=0 ch9=0 rf=0 retry=20 interval=380
DBG_ANCHOR_CH5_SCAN_RESCHED ret=1 delay=20
DBG_C5_CONTACT phase=closing state=4 peer=0x708bc0aab970300e purpose=route_solicit reason=replace
DBG_C5_CONTACT phase=open state=2 peer=0x708bc0aab970300e purpose=channel9_timing_negotiation reason=initial-tx-event-repair
DBG_C5_CONTACT phase=accepted state=2 peer=0x708bc0aab970300e purpose=channel9_timing_negotiation reason=initial-tx-event-repa
DBG_C5_CONTACT phase=exchange state=3 peer=0x708bc0aab970300e purpose=channel9_timing_negotiation reason=initial-tx-event-repa
DBG_DWM_INVALIDATE tag=configure_radio_from_reset active_phy=2 configured=1 awake=0
DBG_ANCHOR_CH5_SCAN_HANDLER role=2
DBG_DWM_MARK_UNCONFIGURED tag=initialise_radio prev_phy=0
DBG_DWM_WAKE_MESH_CTRL_OK sfd=4073
DBG_C5_TX_CONFIG ret=0 ext=1 len=113 msg=37 reason=initial-tx-event-repair
DBG_ANCHOR_CH5_SCAN_BLOCKED win=0 survey=0 tx=0 retry_gap=0 wait=0 rx=1 rxq=0 rxr=1 ack=0 ch9=0 rf=1 retry=20 interval=380
DBG_ANCHOR_CH5_SCAN_RESCHED ret=1 delay=20
DBG_UWB_TX_CH5
DBG_C5_CONTACT phase=exchange state=3 peer=0x708bc0aab970300e purpose=channel9_timing_negotiation reason=initial-tx-event-repa
DBG_EVENT_PROPOSE_SENT
DBG_EVENT_ACCEPT_LISTEN
DBG_C5_CONTACT phase=exchange state=3 peer=0x708bc0aab970300e purpose=channel9_timing_negotiation reason=event-accept
DBG_ROUTE_REPLY_LISTEN_START
DBG_DWM_INVALIDATE tag=configure_radio_from_reset active_phy=4 configured=1 awake=0
DBG_ANCHOR_CH5_SCAN_HANDLER role=2
DBG_ANCHOR_CH5_SCAN_BLOCKED win=0 survey=0 tx=0 retry_gap=0 wait=0 rx=1 rxq=0 rxr=1 ack=0 ch9=0 rf=1 retry=20 interval=380
DBG_ANCHOR_CH5_SCAN_RESCHED ret=1 delay=20
DBG_DWM_MARK_UNCONFIGURED tag=initialise_radio prev_phy=0
DBG_DWM_WAKE_MESH_CTRL_OK sfd=4073
DBG_ROUTE_REPLY_LISTEN_CONFIG ret=0 ext=1
DBG_ANCHOR_CH5_SCAN_HANDLER role=2
DBG_ANCHOR_CH5_SCAN_BLOCKED win=0 survey=0 tx=0 retry_gap=0 wait=0 rx=1 rxq=0 rxr=1 ack=0 ch9=0 rf=1 retry=20 interval=380
DBG_ANCHOR_CH5_SCAN_RESCHED ret=1 delay=20
DBG_ANCHOR_CH5_SCAN_HANDLER role=2
DBG_ANCHOR_CH5_SCAN_BLOCKED win=0 survey=0 tx=0 retry_gap=0 wait=0 rx=1 rxq=0 rxr=1 ack=0 ch9=0 rf=1 retry=20 interval=380
DBG_ANCHOR_CH5_SCAN_RESCHED ret=1 delay=20
DBG_ANCHOR_CH5_SCAN_HANDLER role=2
DBG_ANCHOR_CH5_SCAN_BLOCKED win=0 survey=0 tx=0 retry_gap=0 wait=0 rx=1 rxq=0 rxr=1 ack=0 ch9=0 rf=1 retry=20 interval=380
DBG_ANCHOR_CH5_SCAN_RESCHED ret=1 delay=20
DBG_ANCHOR_CH5_SCAN_HANDLER role=2
DBG_ANCHOR_CH5_SCAN_BLOCKED win=0 survey=0 tx=0 retry_gap=0 wait=0 rx=1 rxq=0 rxr=1 ack=0 ch9=0 rf=1 retry=20 interval=380
DBG_ANCHOR_CH5_SCAN_RESCHED ret=1 delay=20
DBG_ANCHOR_CH5_SCAN_HANDLER role=2
DBG_ANCHOR_CH5_SCAN_BLOCKED win=0 survey=0 tx=0 retry_gap=0 wait=0 rx=1 rxq=0 rxr=1 ack=0 ch9=0 rf=1 retry=20 interval=380
DBG_ANCHOR_CH5_SCAN_RESCHED ret=1 delay=20
DBG_ANCHOR_CH5_SCAN_HANDLER role=2
DBG_ANCHOR_CH5_SCAN_BLOCKED win=0 survey=0 tx=0 retry_gap=0 wait=0 rx=1 rxq=0 rxr=1 ack=0 ch9=0 rf=1 retry=20 interval=380
DBG_ANCHOR_CH5_SCAN_RESCHED ret=1 delay=20
DBG_ANCHOR_CH5_SCAN_HANDLER role=2
DBG_ANCHOR_CH5_SCAN_BLOCKED win=0 survey=0 tx=0 retry_gap=0 wait=0 rx=1 rxq=0 rxr=1 ack=0 ch9=0 rf=1 retry=20 interval=380
DBG_ANCHOR_CH5_SCAN_RESCHED ret=1 delay=20
DBG_ANCHOR_CH5_SCAN_HANDLER role=2
DBG_ANCHOR_CH5_SCAN_BLOCKED win=0 survey=0 tx=0 retry_gap=0 wait=0 rx=1 rxq=0 rxr=1 ack=0 ch9=0 rf=1 retry=20 interval=380
DBG_ANCHOR_CH5_SCAN_RESCHED ret=1 delay=20
DBG_ANCHOR_CH5_SCAN_HANDLER role=2
DBG_ANCHOR_CH5_SCAN_BLOCKED win=0 survey=0 tx=0 retry_gap=0 wait=0 rx=1 rxq=0 rxr=1 ack=0 ch9=0 rf=1 retry=20 interval=380
DBG_ANCHOR_CH5_SCAN_RESCHED ret=1 delay=20
DBG_ANCHOR_CH5_SCAN_HANDLER role=2
DBG_ANCHOR_CH5_SCAN_BLOCKED win=0 survey=0 tx=0 retry_gap=0 wait=0 rx=1 rxq=0 rxr=1 ack=0 ch9=0 rf=1 retry=20 interval=380
DBG_ANCHOR_CH5_SCAN_RESCHED ret=1 delay=20
DBG_ANCHOR_CH5_SCAN_HANDLER role=2
DBG_ANCHOR_CH5_SCAN_BLOCKED win=0 survey=0 tx=0 retry_gap=0 wait=0 rx=1 rxq=0 rxr=1 ack=0 ch9=0 rf=1 retry=20 interval=380
DBG_ANCHOR_CH5_SCAN_RESCHED ret=1 delay=20
DBG_ANCHOR_CH5_SCAN_HANDLER role=2
DBG_ANCHOR_CH5_SCAN_BLOCKED win=0 survey=0 tx=0 retry_gap=0 wait=0 rx=1 rxq=0 rxr=1 ack=0 ch9=0 rf=1 retry=20 interval=380
DBG_ANCHOR_CH5_SCAN_RESCHED ret=1 delay=20
DBG_ANCHOR_CH5_SCAN_HANDLER role=2
DBG_ANCHOR_CH5_SCAN_BLOCKED win=0 survey=0 tx=0 retry_gap=0 wait=0 rx=1 rxq=0 rxr=1 ack=0 ch9=0 rf=1 retry=20 interval=380
DBG_ANCHOR_CH5_SCAN_RESCHED ret=1 delay=20
DBG_ANCHOR_CH5_SCAN_HANDLER role=2
DBG_ANCHOR_CH5_SCAN_BLOCKED win=0 survey=0 tx=0 retry_gap=0 wait=0 rx=1 rxq=0 rxr=1 ack=0 ch9=0 rf=1 retry=20 interval=380
DBG_ANCHOR_CH5_SCAN_RESCHED ret=1 delay=20
DBG_ANCHOR_CH5_SCAN_HANDLER role=2
DBG_ANCHOR_CH5_SCAN_BLOCKED win=0 survey=0 tx=0 retry_gap=0 wait=0 rx=1 rxq=0 rxr=1 ack=0 ch9=0 rf=1 retry=20 interval=380
DBG_ANCHOR_CH5_SCAN_RESCHED ret=1 delay=20
DBG_ANCHOR_CH5_SCAN_HANDLER role=2
DBG_ANCHOR_CH5_SCAN_BLOCKED win=0 survey=0 tx=0 retry_gap=0 wait=0 rx=1 rxq=0 rxr=1 ack=0 ch9=0 rf=1 retry=20 interval=380
DBG_ANCHOR_CH5_SCAN_RESCHED ret=1 delay=20
DBG_ANCHOR_CH5_SCAN_HANDLER role=2
DBG_ANCHOR_CH5_SCAN_BLOCKED win=0 survey=0 tx=0 retry_gap=0 wait=0 rx=1 rxq=0 rxr=1 ack=0 ch9=0 rf=1 retry=20 interval=380
DBG_ANCHOR_CH5_SCAN_RESCHED ret=1 delay=20
DBG_ANCHOR_CH5_SCAN_HANDLER role=2
DBG_ANCHOR_CH5_SCAN_BLOCKED win=0 survey=0 tx=0 retry_gap=0 wait=0 rx=1 rxq=0 rxr=1 ack=0 ch9=0 rf=1 retry=20 interval=380
DBG_ANCHOR_CH5_SCAN_RESCHED ret=1 delay=20
DBG_ANCHOR_CH5_SCAN_HANDLER role=2
DBG_ANCHOR_CH5_SCAN_BLOCKED win=0 survey=0 tx=0 retry_gap=0 wait=0 rx=1 rxq=0 rxr=1 ack=0 ch9=0 rf=1 retry=20 interval=380
DBG_ANCHOR_CH5_SCAN_RESCHED ret=1 delay=20
DBG_ANCHOR_CH5_SCAN_HANDLER role=2
DBG_ANCHOR_CH5_SCAN_BLOCKED win=0 survey=0 tx=0 retry_gap=0 wait=0 rx=1 rxq=0 rxr=1 ack=0 ch9=0 rf=1 retry=20 interval=380
DBG_ANCHOR_CH5_SCAN_RESCHED ret=1 delay=20
DBG_ANCHOR_CH5_SCAN_HANDLER role=2
DBG_ANCHOR_CH5_SCAN_BLOCKED win=0 survey=0 tx=0 retry_gap=0 wait=0 rx=1 rxq=0 rxr=1 ack=0 ch9=0 rf=1 retry=20 interval=380
DBG_ANCHOR_CH5_SCAN_RESCHED ret=1 delay=20
DBG_ANCHOR_CH5_SCAN_HANDLER role=2
DBG_ANCHOR_CH5_SCAN_BLOCKED win=0 survey=0 tx=0 retry_gap=0 wait=0 rx=1 rxq=0 rxr=1 ack=0 ch9=0 rf=1 retry=20 interval=380
DBG_ANCHOR_CH5_SCAN_RESCHED ret=1 delay=20
DBG_ANCHOR_CH5_SCAN_HANDLER role=2
DBG_ANCHOR_CH5_SCAN_BLOCKED win=0 survey=0 tx=0 retry_gap=0 wait=0 rx=1 rxq=0 rxr=1 ack=0 ch9=0 rf=1 retry=20 interval=380
DBG_ANCHOR_CH5_SCAN_RESCHED ret=1 delay=20
DBG_ROUTE_REPLY_RX_FRAME
DBG_EVENT_CTRL_RX
DBG_EVENT_RX msg=38 recv=63477 ref=63467 next=63964 cnt=974419852 txeven=1
DBG_EVENT_CTRL_INLINE msg=0x38 recv=63477 next=0x708bc0aab970300e seq=1
DBG_ROUTE_REPLY_LISTEN_DONE captured=1 ret=0
DBG_C5_CONTACT phase=closing state=4 peer=0x708bc0aab970300e purpose=channel9_timing_negotiation reason=reply-listen-done
DBG_EVENT_ACCEPT_RX
DBG_INITIAL_TX_EVENT_REPAIR peer=0x708bc0aab970300e repair=0 active=0 hard=0 delay=1 seq=13 reason=node-comm-reliable-uplink
DBG_NC o=0000000000000001 g=00000001 w=00 e=0000003f s=00000005 q=0004>0004 r=00000000 f=00000000 t=00000000 p=00000000 a=00
DBG_NODE_COMM_ATTEMPT handle=1 profile=3 attempt=1 ret=-16 rf=0 scheduled=1 state=0
DBG_CH5_GAP_SCAN now=63482 win=100 next_delay=401
DBG_DWM_INVALIDATE tag=configure_radio_from_reset active_phy=4 configured=1 awake=0
DBG_DWM_MARK_UNCONFIGURED tag=initialise_radio prev_phy=0
DBG_ANCHOR_CH5_SCAN_HANDLER role=2
DBG_ENUM_CH5_SCAN_CAP next=384 reserve=35 win=349
DBG_ANCHOR_CH5_SCAN_BLOCKED win=0 survey=0 tx=0 retry_gap=0 wait=0 rx=0 rxq=0 rxr=0 ack=0 ch9=0 rf=1 retry=20 interval=380
DBG_ANCHOR_CH5_SCAN_RESCHED ret=1 delay=20
DBG_ANCHOR_CH5_SCAN_HANDLER role=2
DBG_ENUM_CH5_SCAN_CAP next=353 reserve=35 win=318
DBG_ANCHOR_CH5_SCAN_BLOCKED win=0 survey=0 tx=0 retry_gap=0 wait=0 rx=0 rxq=0 rxr=0 ack=0 ch9=0 rf=1 retry=20 interval=380
DBG_ANCHOR_CH5_SCAN_RESCHED ret=1 delay=20
DBG_ANCHOR_CH5_SCAN_HANDLER role=2
DBG_ENUM_CH5_SCAN_CAP next=322 reserve=35 win=287
DBG_ANCHOR_CH5_SCAN_BLOCKED win=0 survey=0 tx=0 retry_gap=0 wait=0 rx=0 rxq=0 rxr=0 ack=0 ch9=0 rf=1 retry=20 interval=380
DBG_ANCHOR_CH5_SCAN_RESCHED ret=1 delay=20
DBG_CH5_GAP_SCAN_DONE frames=0 last_error=0 now=63582 deadline=63582 click=0
DBG_DWM_KEEP_IDLE reason=mesh-rx ch9=1 ack=0 qack=0 ret=0
DBG_NODE_COMM_TX_BEGIN handle=1 profile=3 msg=65 dst=0x9999888877776666 seq=13
DBG_PROTOCOL_RESPONSE_RX_HANDOFF_READY abort=0 owner=0 seq=13
DBG_CH9_UNAVAIL ret=-10 sel=0 act=2 now=63583 start=64583 win=120
DBG_CH9_ROUTE_STATE epoch=104 selected=0
DBG_CH9_ROUTE_CAND i=0 epoch=104 next=0x708bc0aab970300e hop=1 timing=1 fail=0 hold=0
DBG_CH9_ENTRY i=0 usable=1 cnt=974419853 next=63943 last=63924 tx=0
DBG_NC o=0000000000000001 g=00000001 w=00 e=0000003f s=00000005 q=0004>0004 r=00000000 f=00000000 t=00000000 p=00000000 a=00
DBG_NODE_COMM_ATTEMPT handle=1 profile=3 attempt=1 ret=-16 rf=0 scheduled=940 state=0
DBG_CH5_GAP_SCAN now=63585 win=100 next_delay=298
DBG_DWM_INVALIDATE tag=configure_radio_from_reset active_phy=2 configured=1 awake=1
DBG_ANCHOR_CH5_SCAN_HANDLER role=2
DBG_ENUM_CH5_SCAN_CAP next=293 reserve=35 win=258
DBG_ANCHOR_CH5_SCAN_RESCHED ret=1 delay=20
DBG_DWM_MARK_UNCONFIGURED tag=initialise_radio prev_phy=0
DBG_ANCHOR_CH5_SCAN_HANDLER role=2
DBG_ENUM_CH5_SCAN_CAP next=271 reserve=35 win=236
DBG_ANCHOR_CH5_SCAN_BLOCKED win=0 survey=0 tx=0 retry_gap=0 wait=0 rx=0 rxq=0 rxr=0 ack=0 ch9=0 rf=1 retry=20 interval=380
DBG_ANCHOR_CH5_SCAN_RESCHED ret=1 delay=20
DBG_ANCHOR_CH5_SCAN_HANDLER role=2
DBG_ENUM_CH5_SCAN_CAP next=240 reserve=35 win=205
DBG_ANCHOR_CH5_SCAN_BLOCKED win=0 survey=0 tx=0 retry_gap=0 wait=0 rx=0 rxq=0 rxr=0 ack=0 ch9=0 rf=1 retry=20 interval=380
DBG_ANCHOR_CH5_SCAN_RESCHED ret=1 delay=20
DBG_ANCHOR_CH5_SCAN_HANDLER role=2
DBG_ENUM_CH5_SCAN_CAP next=209 reserve=35 win=174
DBG_ANCHOR_CH5_SCAN_BLOCKED win=0 survey=0 tx=0 retry_gap=0 wait=0 rx=0 rxq=0 rxr=0 ack=0 ch9=0 rf=1 retry=20 interval=380
DBG_ANCHOR_CH5_SCAN_RESCHED ret=1 delay=20
DBG_CH5_GAP_SCAN_DONE frames=0 last_error=0 now=63686 deadline=63685 click=0
DBG_DWM_KEEP_IDLE reason=mesh-rx ch9=1 ack=0 qack=0 ret=0
DBG_CH5_GAP_SCAN now=63687 win=100 next_delay=196
DBG_DWM_INVALIDATE tag=configure_radio_from_reset active_phy=2 configured=1 awake=1
DBG_DWM_MARK_UNCONFIGURED tag=initialise_radio prev_phy=0
DBG_ANCHOR_CH5_SCAN_HANDLER role=2
DBG_ENUM_CH5_SCAN_CAP next=179 reserve=35 win=144
DBG_ANCHOR_CH5_SCAN_BLOCKED win=0 survey=0 tx=0 retry_gap=0 wait=0 rx=0 rxq=0 rxr=0 ack=0 ch9=0 rf=1 retry=20 interval=380
DBG_ANCHOR_CH5_SCAN_RESCHED ret=1 delay=20
DBG_ANCHOR_CH5_SCAN_HANDLER role=2
DBG_ENUM_CH5_SCAN_CAP next=147 reserve=35 win=112
DBG_ANCHOR_CH5_SCAN_BLOCKED win=0 survey=0 tx=0 retry_gap=0 wait=0 rx=0 rxq=0 rxr=0 ack=0 ch9=0 rf=1 retry=20 interval=380
DBG_ANCHOR_CH5_SCAN_RESCHED ret=1 delay=20
DBG_ANCHOR_CH5_SCAN_HANDLER role=2
DBG_ENUM_CH5_SCAN_CAP next=116 reserve=35 win=81
DBG_ANCHOR_CH5_SCAN_BLOCKED win=0 survey=0 tx=0 retry_gap=0 wait=0 rx=0 rxq=0 rxr=0 ack=0 ch9=0 rf=1 retry=20 interval=380
DBG_ANCHOR_CH5_SCAN_RESCHED ret=1 delay=20
DBG_CH5_GAP_SCAN_DONE frames=0 last_error=0 now=63788 deadline=63787 click=0
DBG_DWM_KEEP_IDLE reason=mesh-rx ch9=1 ack=0 qack=0 ret=0
DBG_CH5_GAP_SCAN now=63789 win=34 next_delay=94
DBG_DWM_INVALIDATE tag=configure_radio_from_reset active_phy=2 configured=1 awake=1
DBG_ANCHOR_CH5_SCAN_HANDLER role=2
DBG_ENUM_CH5_SCAN_CAP next=87 reserve=35 win=52
DBG_ANCHOR_CH5_SCAN_BLOCKED win=0 survey=0 tx=0 retry_gap=0 wait=0 rx=0 rxq=0 rxr=0 ack=0 ch9=0 rf=1 retry=20 interval=380
DBG_ANCHOR_CH5_SCAN_RESCHED ret=1 delay=20
DBG_DWM_MARK_UNCONFIGURED tag=initialise_radio prev_phy=0
DBG_ANCHOR_CH5_SCAN_HANDLER role=2
DBG_ENUM_CH5_SCAN_CAP next=65 reserve=35 win=30
DBG_CH5_GAP_SCAN_DONE frames=0 last_error=0 now=63824 deadline=63823 click=0
DBG_DWM_KEEP_IDLE reason=mesh-rx ch9=1 ack=0 qack=0 ret=0
DBG_ANCHOR_CH5_SCAN_BLOCKED win=0 survey=0 tx=0 retry_gap=0 wait=0 rx=0 rxq=0 rxr=0 ack=0 ch9=0 rf=1 retry=20 interval=380
DBG_ANCHOR_CH5_SCAN_RESCHED ret=1 delay=20
DBG_ANCHOR_CH5_SCAN_HANDLER role=2
DBG_ANCHOR_CH9_REARM delay=38 ret=1 ack=0
DBG_ENUM_CH5_SCAN_CAP next=37 reserve=35 win=2
DBG_ANCHOR_CH5_SCAN_BLOCKED win=0 survey=0 tx=0 retry_gap=0 wait=0 rx=0 rxq=0 rxr=0 ack=0 ch9=1 rf=0 retry=283 interval=380
DBG_ANCHOR_CH5_SCAN_RESCHED ret=1 delay=283
DBG_CH9_RX_SLOT idx=0 cnt=974419853 now=63884 start=63943 end=64063
DBG_CH9_EVENT_STATE state=granted peer=0x708bc0aab970300e start=63943 end=64063 reason=rx-slot
DBG_CH9_RX_START idx=0 now=63884 start=63943 end=64063 tail=60
DBG_DWM_INVALIDATE tag=configure_radio_from_reset active_phy=2 configured=1 awake=1
DBG_DWM_MARK_UNCONFIGURED tag=initialise_radio prev_phy=0
DBG_CH9_RX_CONFIG_OK
DBG_CH9_RX_EARLY_ARM now=63906 start=63943 guard=60
DBG_CH9_RX_ARMED now=63906 start=63943 end=64063 deadline=64123
DBG_DWM_KEEP_IDLE reason=ch9-rx ch9=1 ack=0 qack=0 ret=0
DBG_CH9_RX_EMPTY
DBG_CH9_RX_TIMEOUT
DBG_CH9_RX_MISS frames=0 now=64125 start=63943 end=64063 fail=0
DBG_CH9_EVENT_STATE state=window_expired peer=0x708bc0aab970300e start=63943 end=64063 reason=rx-slot
DBG_ANCHOR_CH5_SCAN_HANDLER role=2
DBG_ENUM_CH5_SCAN_CAP next=394 reserve=35 win=359
DBG_ANCHOR_CH5_SCAN_ARM now=64130 win=359 complete=15 interval=380 wait=0 tx=0 response=0
DBG_DWM_INVALIDATE tag=configure_radio_from_reset active_phy=3 configured=1 awake=1
DBG_DWM_MARK_UNCONFIGURED tag=initialise_radio prev_phy=0
DBG_DWM_WAKE_MESH_CTRL_OK sfd=4073
DBG_DWM_CH5_RX_HUNT_START acq=359 complete=15 cap=1021
DBG_DWM_CH5_RX_HUNT_EMPTY ret=-116 status=0x00000000 acq=359
DBG_ANCHOR_CH5_SCAN_DONE ret=-116 len=0 fail=1 pre=0 q=0 rx_us=359497 complete=15
DBG_DWM_CH5_RX_HUNT_START acq=359 complete=15 cap=1021
DBG_NODE_COMM_TX_BEGIN handle=1 profile=3 msg=65 dst=0x9999888877776666 seq=13
DBG_ANCHOR_CH5_SCAN_DONE ret=-140 len=0 fail=0 pre=0 q=0 rx_us=718497 complete=15
DBG_PROTOCOL_RESPONSE_RX_HANDOFF_READY abort=1 owner=5 seq=13
DBG_CH9_TX_SINGLE_SLOT cnt=974419854 now=64527 start=64583 end=64703 txstart=64598 seq=13
DBG_CH9_EVENT_STATE state=granted peer=0x708bc0aab970300e start=64583 end=64703 reason=node-comm-reliable-uplink
DBG_CH9_EVENT_STATE state=tx_payload peer=0x708bc0aab970300e start=64583 end=64703 reason=node-comm-reliable-uplink
DBG_COORD state=mesh-rx owner=node-comm-reliable-uplink reason=ch9-ack-wait rx=0 tx=0 relay=1 route=0 ack=1 qack=0
DBG_CH9_TX_PRE_GUARD_WAIT now=64527 guard=64573 earliest=64598 msg=41
DBG_ANCHOR_CH5_POST_CH9_RECOVERY_SCAN win=359 ret=-140 pre=0
DBG_ANCHOR_CH5_SCAN_RESCHED ret=2 delay=0
DBG_ANCHOR_CH5_SCAN_HANDLER role=2
DBG_ANCHOR_CH9_REARM delay=0 ret=-11 ack=0
DBG_ANCHOR_CH5_SCAN_RESCHED ret=1 delay=20
DBG_ANCHOR_CH5_SCAN_HANDLER role=2
DBG_ANCHOR_CH9_REARM delay=0 ret=-11 ack=0
DBG_ANCHOR_CH5_SCAN_BLOCKED win=0 survey=0 tx=1 retry_gap=0 wait=0 rx=1 rxq=0 rxr=1 ack=1 ch9=1 rf=0 retry=20 interval=380
DBG_ANCHOR_CH5_SCAN_RESCHED ret=1 delay=20
DBG_ANCHOR_CH5_SCAN_HANDLER role=2
DBG_ANCHOR_CH9_REARM delay=0 ret=-11 ack=0
DBG_ANCHOR_CH5_SCAN_BLOCKED win=0 survey=0 tx=1 retry_gap=0 wait=0 rx=1 rxq=0 rxr=1 ack=1 ch9=1 rf=0 retry=20 interval=380
DBG_ANCHOR_CH5_SCAN_RESCHED ret=1 delay=20
DBG_DWM_INVALIDATE tag=configure_radio_from_reset active_phy=4 configured=1 awake=1
DBG_DWM_MARK_UNCONFIGURED tag=initialise_radio prev_phy=0
DBG_ANCHOR_CH5_SCAN_HANDLER role=2
DBG_CH9_TX_CONFIG ret=0 now=64595 earliest=64598 msg=41
DBG_ANCHOR_CH5_SCAN_BLOCKED win=0 survey=0 tx=1 retry_gap=0 wait=0 rx=1 rxq=0 rxr=1 ack=1 ch9=1 rf=1 retry=20 interval=380
DBG_ANCHOR_CH5_SCAN_RESCHED ret=1 delay=20
DBG_CH9_TX_SEND_AT now=64598 earliest=64598 msg=41 len=97
DBG_DWM_KEEP_IDLE reason=node-comm-reliable-uplink ch9=1 ack=0 qack=0 ret=0
DBG_UWB_TX_CH9
DBG_CH9_TX_SINGLE_SEND_OK
DBG_CH9_EVENT_STATE state=complete peer=0x708bc0aab970300e start=64583 end=64703 reason=node-comm-reliable-uplink
DBG_CH9_ACK_WAIT_SELECT batch=0 core=1 state=1 ch=9 next=0x708bc0aab970300e
DBG_CH9_DELIVERY_WAIT peer=0x708bc0aab970300e deadline=66606 reason=node-comm-reliable-uplink
DBG_NC o=0000000000000001 g=00000001 w=00 e=00000022 s=00000005 q=0004>0005 r=00000000 f=00000001 t=00000000 p=00000000 a=00
DBG_NODE_COMM_ATTEMPT handle=1 profile=3 attempt=1 ret=0 rf=1 scheduled=0 state=0
DBG_CH5_GAP_SCAN now=64608 win=100 next_delay=555
DBG_DWM_INVALIDATE tag=configure_radio_from_reset active_phy=3 configured=1 awake=1
DBG_ANCHOR_CH5_SCAN_HANDLER role=2
DBG_ENUM_CH5_SCAN_CAP next=547 reserve=35 win=512
DBG_ANCHOR_CH5_SCAN_BLOCKED win=0 survey=0 tx=1 retry_gap=0 wait=0 rx=0 rxq=0 rxr=0 ack=1 ch9=0 rf=1 retry=20 interval=380
DBG_ANCHOR_CH5_SCAN_RESCHED ret=1 delay=20
DBG_ANCHOR_CH5_SCAN_HANDLER role=2
DBG_ENUM_CH5_SCAN_CAP next=525 reserve=35 win=490
DBG_ANCHOR_CH5_SCAN_BLOCKED win=0 survey=0 tx=1 retry_gap=0 wait=0 rx=0 rxq=0 rxr=0 ack=1 ch9=0 rf=1 retry=20 interval=380
DBG_ANCHOR_CH5_SCAN_RESCHED ret=1 delay=20
DBG_ANCHOR_CH5_SCAN_HANDLER role=2
DBG_ENUM_CH5_SCAN_CAP next=495 reserve=35 win=460
DBG_ANCHOR_CH5_SCAN_BLOCKED win=0 survey=0 tx=1 retry_gap=0 wait=0 rx=0 rxq=0 rxr=0 ack=1 ch9=0 rf=1 retry=20 interval=380
DBG_ANCHOR_CH5_SCAN_RESCHED ret=1 delay=20
DBG_ANCHOR_CH5_SCAN_HANDLER role=2
DBG_ENUM_CH5_SCAN_CAP next=464 reserve=35 win=429
DBG_ANCHOR_CH5_SCAN_BLOCKED win=0 survey=0 tx=1 retry_gap=0 wait=0 rx=0 rxq=0 rxr=0 ack=1 ch9=0 rf=1 retry=20 interval=380
DBG_ANCHOR_CH5_SCAN_RESCHED ret=1 delay=20
DBG_CH5_GAP_SCAN_DONE frames=0 last_error=0 now=64709 deadline=64708 click=0
DBG_DWM_KEEP_IDLE reason=mesh-rx ch9=1 ack=0 qack=0 ret=0
DBG_CH5_GAP_SCAN now=64710 win=100 next_delay=453
DBG_DWM_INVALIDATE tag=configure_radio_from_reset active_phy=2 configured=1 awake=1
DBG_DWM_MARK_UNCONFIGURED tag=initialise_radio prev_phy=0
DBG_ANCHOR_CH5_SCAN_HANDLER role=2
DBG_ENUM_CH5_SCAN_CAP next=433 reserve=35 win=398
DBG_ANCHOR_CH5_SCAN_BLOCKED win=0 survey=0 tx=1 retry_gap=0 wait=0 rx=0 rxq=0 rxr=0 ack=1 ch9=0 rf=1 retry=20 interval=380
DBG_ANCHOR_CH5_SCAN_RESCHED ret=1 delay=20
DBG_ANCHOR_CH5_SCAN_HANDLER role=2
DBG_ENUM_CH5_SCAN_CAP next=402 reserve=35 win=367
DBG_ANCHOR_CH5_SCAN_BLOCKED win=0 survey=0 tx=1 retry_gap=0 wait=0 rx=0 rxq=0 rxr=0 ack=1 ch9=0 rf=1 retry=20 interval=380
DBG_ANCHOR_CH5_SCAN_RESCHED ret=1 delay=20
DBG_CH5_GAP_REARM_ERROR ret=-5 fail=4 rem=78
DBG_ANCHOR_CH5_SCAN_HANDLER role=2
DBG_ENUM_CH5_SCAN_CAP next=372 reserve=35 win=337
DBG_ANCHOR_CH5_SCAN_BLOCKED win=0 survey=0 tx=1 retry_gap=0 wait=0 rx=0 rxq=0 rxr=0 ack=1 ch9=0 rf=1 retry=20 interval=380
DBG_ANCHOR_CH5_SCAN_RESCHED ret=1 delay=20
DBG_CH5_GAP_SCAN_DONE frames=0 last_error=-5 now=64811 deadline=64810 click=0
DBG_DWM_KEEP_IDLE reason=mesh-rx ch9=1 ack=0 qack=0 ret=0
DBG_CH5_GAP_SCAN now=64812 win=100 next_delay=351
DBG_DWM_INVALIDATE tag=configure_radio_from_reset active_phy=2 configured=1 awake=1
DBG_ANCHOR_CH5_SCAN_HANDLER role=2
DBG_ENUM_CH5_SCAN_CAP next=343 reserve=35 win=308
DBG_ANCHOR_CH5_SCAN_BLOCKED win=0 survey=0 tx=1 retry_gap=0 wait=0 rx=0 rxq=0 rxr=0 ack=1 ch9=0 rf=1 retry=20 interval=380
DBG_ANCHOR_CH5_SCAN_RESCHED ret=1 delay=20
DBG_DWM_MARK_UNCONFIGURED tag=initialise_radio prev_phy=0
DBG_ANCHOR_CH5_SCAN_HANDLER role=2
DBG_ENUM_CH5_SCAN_CAP next=321 reserve=35 win=286
DBG_ANCHOR_CH5_SCAN_BLOCKED win=0 survey=0 tx=1 retry_gap=0 wait=0 rx=0 rxq=0 rxr=0 ack=1 ch9=0 rf=1 retry=20 interval=380
DBG_ANCHOR_CH5_SCAN_RESCHED ret=1 delay=20
DBG_ANCHOR_CH5_SCAN_HANDLER role=2
DBG_ENUM_CH5_SCAN_CAP next=290 reserve=35 win=255
DBG_ANCHOR_CH5_SCAN_BLOCKED win=0 survey=0 tx=1 retry_gap=0 wait=0 rx=0 rxq=0 rxr=0 ack=1 ch9=0 rf=1 retry=20 interval=380
DBG_ANCHOR_CH5_SCAN_RESCHED ret=1 delay=20
DBG_ANCHOR_CH5_SCAN_HANDLER role=2
DBG_ENUM_CH5_SCAN_CAP next=260 reserve=35 win=225
DBG_ANCHOR_CH5_SCAN_BLOCKED win=0 survey=0 tx=1 retry_gap=0 wait=0 rx=0 rxq=0 rxr=0 ack=1 ch9=0 rf=1 retry=20 interval=380
DBG_CH5_GAP_SCAN_DONE frames=0 last_error=0 now=64913 deadline=64912 click=0
DBG_ANCHOR_CH5_SCAN_RESCHED ret=1 delay=20
DBG_DWM_KEEP_IDLE reason=mesh-rx ch9=1 ack=0 qack=0 ret=0
DBG_CH5_GAP_SCAN now=64914 win=100 next_delay=249
DBG_DWM_INVALIDATE tag=configure_radio_from_reset active_phy=2 configured=1 awake=1
DBG_DWM_MARK_UNCONFIGURED tag=initialise_radio prev_phy=0
DBG_ANCHOR_CH5_SCAN_HANDLER role=2
DBG_ENUM_CH5_SCAN_CAP next=229 reserve=35 win=194
DBG_ANCHOR_CH5_SCAN_BLOCKED win=0 survey=0 tx=1 retry_gap=0 wait=0 rx=0 rxq=0 rxr=0 ack=1 ch9=0 rf=1 retry=20 interval=380
DBG_ANCHOR_CH5_SCAN_RESCHED ret=1 delay=20
DBG_ANCHOR_CH5_SCAN_HANDLER role=2
DBG_ENUM_CH5_SCAN_CAP next=198 reserve=35 win=163
DBG_ANCHOR_CH5_SCAN_BLOCKED win=0 survey=0 tx=1 retry_gap=0 wait=0 rx=0 rxq=0 rxr=0 ack=1 ch9=0 rf=1 retry=20 interval=380
DBG_ANCHOR_CH5_SCAN_RESCHED ret=1 delay=20
DBG_ANCHOR_CH5_SCAN_HANDLER role=2
DBG_ENUM_CH5_SCAN_CAP next=167 reserve=35 win=132
DBG_ANCHOR_CH5_SCAN_BLOCKED win=0 survey=0 tx=1 retry_gap=0 wait=0 rx=0 rxq=0 rxr=0 ack=1 ch9=0 rf=1 retry=20 interval=380
DBG_ANCHOR_CH5_SCAN_RESCHED ret=1 delay=20
DBG_CH5_GAP_SCAN_DONE frames=0 last_error=0 now=65014 deadline=65014 click=0
DBG_DWM_KEEP_IDLE reason=mesh-rx ch9=1 ack=0 qack=0 ret=0
DBG_CH5_GAP_SCAN now=65015 win=88 next_delay=148
DBG_DWM_INVALIDATE tag=configure_radio_from_reset active_phy=2 configured=1 awake=1
DBG_ANCHOR_CH5_SCAN_HANDLER role=2
DBG_ENUM_CH5_SCAN_CAP next=138 reserve=35 win=103
DBG_ANCHOR_CH5_SCAN_BLOCKED win=0 survey=0 tx=1 retry_gap=0 wait=0 rx=0 rxq=0 rxr=0 ack=1 ch9=0 rf=1 retry=20 interval=380
DBG_ANCHOR_CH5_SCAN_RESCHED ret=1 delay=20
DBG_DWM_MARK_UNCONFIGURED tag=initialise_radio prev_phy=0
DBG_ANCHOR_CH5_SCAN_HANDLER role=2
DBG_ENUM_CH5_SCAN_CAP next=116 reserve=35 win=81
DBG_ANCHOR_CH5_SCAN_BLOCKED win=0 survey=0 tx=1 retry_gap=0 wait=0 rx=0 rxq=0 rxr=0 ack=1 ch9=0 rf=1 retry=20 interval=380
DBG_ANCHOR_CH5_SCAN_RESCHED ret=1 delay=20
DBG_ANCHOR_CH5_SCAN_HANDLER role=2
DBG_ENUM_CH5_SCAN_CAP next=86 reserve=35 win=51
DBG_ANCHOR_CH5_SCAN_BLOCKED win=0 survey=0 tx=1 retry_gap=0 wait=0 rx=0 rxq=0 rxr=0 ack=1 ch9=0 rf=1 retry=20 interval=380
DBG_ANCHOR_CH5_SCAN_RESCHED ret=1 delay=20
DBG_CH5_GAP_SCAN_DONE frames=0 last_error=0 now=65103 deadline=65103 click=0
DBG_DWM_KEEP_IDLE reason=mesh-rx ch9=1 ack=0 qack=0 ret=0
DBG_ANCHOR_CH5_SCAN_HANDLER role=2
DBG_ANCHOR_CH9_REARM delay=57 ret=1 ack=0
DBG_ENUM_CH5_SCAN_CAP next=57 reserve=35 win=22
DBG_ANCHOR_CH5_SCAN_BLOCKED win=0 survey=0 tx=1 retry_gap=0 wait=0 rx=0 rxq=0 rxr=0 ack=1 ch9=1 rf=0 retry=302 interval=380
DBG_ANCHOR_CH5_SCAN_RESCHED ret=1 delay=302
DBG_CH9_RX_SLOT idx=0 cnt=974419855 now=65163 start=65223 end=65343
DBG_CH9_EVENT_STATE state=granted peer=0x708bc0aab970300e start=65223 end=65343 reason=rx-slot
DBG_CH9_RX_START idx=0 now=65164 start=65223 end=65343 tail=60
DBG_DWM_INVALIDATE tag=configure_radio_from_reset active_phy=2 configured=1 awake=1
DBG_DWM_MARK_UNCONFIGURED tag=initialise_radio prev_phy=0
DBG_CH9_RX_CONFIG_OK
DBG_CH9_RX_EARLY_ARM now=65185 start=65223 guard=60
DBG_CH9_RX_ARMED now=65185 start=65223 end=65343 deadline=65403
DBG_CH9_RX_FRAME
DBG_UWB_RX_CH9
DBG_CH9_RX_HW since_us=56753 host_delta=22 en32=0x000e7dba rx32=0x00e6a48f
DBG_CH9_RX_TIMING arm_delta=-38 hw_delta_us=18753 host_delta=22 len=121 q=100
DBG_UWB_RX_CH9
DBG_MESH_RX_QUEUED ch=9 msg=0x31 src=0x708bc0aab970300e dst=0x56da25fe4af6d141 prev=0x708bc0aab970300e seq=2 q=1
DBG_CH9_RX_EXPECTED delta=22 q=100
DBG_DWM_KEEP_IDLE reason=ch9-rx ch9=1 ack=0 qack=0 ret=0
DBG_CH9_RX_DONE_WITH_PEER
DBG_CH9_EVENT_STATE state=complete peer=0x708bc0aab970300e start=65223 end=65343 reason=rx-slot
DBG_MESH_RX_WORK_WAIT q=1
DBG_MESH_RX_WORK_ENTER q=1
DBG_MESH_RX_DRAIN_ENTER owner=work q=1
DBG_DISCOVERY_SLOT_RESPONSE_TERMINAL phase=1 epoch=43515988 generation=43515988
DBG_NC o=0000000000000001 g=00000001 w=00 e=00000041 s=00000005 q=0005>0008 r=00000000 f=00000026 t=00000000 p=00000002 a=01
DBG_NODE_COMM_TERMINAL_BACKEND_RELEASE handle=1 reason=0 attempts=1 ret=-2 pending=0 outstanding=0 complete=1 failures=0
DBG_ENUM_NEXT_HOP_CUSTODY seq=13 parent=0x708bc0aab970300e
DBG_MESH_RX_DRAIN_EXIT owner=work handled=1 q=0
DBG_MESH_RX_WORK_EXIT handled=1 q=0
DBG_COORD state=idle owner=report-tx reason=idle rx=0 tx=0 relay=0 route=0 ack=0 qack=0
DBG_ANCHOR_CH5_SCAN_HANDLER role=2
DBG_ENUM_CH5_SCAN_CAP next=1034 reserve=35 win=999
DBG_ANCHOR_CH5_SCAN_ARM now=65409 win=999 complete=15 interval=380 wait=0 tx=0 response=0
DBG_DWM_MARK_UNCONFIGURED tag=initialise_radio prev_phy=0
DBG_DWM_WAKE_MESH_CTRL_OK sfd=4073
DBG_DWM_CH5_RX_HUNT_START acq=999 complete=15 cap=1021
DBG_DWM_CH5_RX_ACTIVITY_EXTEND ret=0 status=0x00000100 complete=15
DBG_DWM_CH5_RX_ACTIVITY_WAIT status=0x00000100 remain=15
DBG_DWM_CH5_RX_ACTIVITY_DONE raw=189 payload=187 status=0x00006f00 rearm=0 extended=1
DBG_ANCHOR_CH5_SCAN_DONE ret=0 len=187 fail=0 pre=1 q=100 rx_us=999000 complete=15
DBG_UWB_RX_CH5
DBG_ANCHOR_CH5_FRAME len=187 q=100 wake_ret=-5
DBG_ANCHOR_DIRECT_GATEWAY_CONTROL_IGNORED msg=0x40 seq=14 ttl=8 prev=0x9999888877776666
DBG_DWM_CH5_RX_HUNT_START acq=999 complete=15 cap=1021
DBG_DWM_CH5_RX_HUNT_EMPTY ret=-116 status=0x00000000 acq=999
DBG_CH9_SKIP_STALE n=2 now=66956 next=67143 cnt=974419858 reason=rx-delay
DBG_DWM_CH5_RX_HUNT_START acq=999 complete=15 cap=1021
DBG_DWM_CH5_RX_HUNT_EMPTY ret=-116 status=0x00000000 acq=999
DBG_CH9_SKIP_STALE n=1 now=67956 next=67783 cnt=974419859 reason=rx-delay
DBG_ANCHOR_CH5_SCAN_DONE ret=-116 len=0 fail=1 pre=0 q=100 rx_us=2998541 complete=15
DBG_DWM_CH5_RX_HUNT_START acq=999 complete=15 cap=1021
DBG_DWM_CH5_RX_HUNT_EMPTY ret=-116 status=0x00000000 acq=999
DBG_CH9_SKIP_STALE n=2 now=68956 next=69063 cnt=974419861 reason=rx-delay
DBG_DWM_CH5_RX_HUNT_START acq=999 complete=15 cap=1021
DBG_DWM_CH5_RX_HUNT_EMPTY ret=-116 status=0x00000000 acq=999
DBG_CH9_SKIP_STALE n=2 now=69956 next=70343 cnt=974419863 reason=rx-delay
DBG_DWM_CH5_RX_HUNT_START acq=999 complete=15 cap=1021
DBG_DWM_CH5_RX_HUNT_EMPTY ret=-116 status=0x00000000 acq=999
DBG_CH9_SKIP_STALE n=1 now=70956 next=70983 cnt=974419864 reason=rx-delay
DBG_DWM_CH5_RX_HUNT_START acq=999 complete=15 cap=1021
DBG_DWM_CH5_RX_HUNT_EMPTY ret=-116 status=0x00000000 acq=999
DBG_CH9_SKIP_STALE n=2 now=71956 next=72263 cnt=974419866 reason=rx-delay
DBG_DWM_CH5_RX_HUNT_START acq=999 complete=15 cap=1021
DBG_DWM_CH5_RX_ACTIVITY_EXTEND ret=0 status=0x00000100 complete=15
DBG_DWM_CH5_RX_ACTIVITY_WAIT status=0x00000100 remain=15
DBG_DWM_CH5_RX_ACTIVITY_DONE raw=143 payload=141 status=0x00006f00 rearm=0 extended=1
DBG_ANCHOR_CH5_SCAN_DONE ret=0 len=141 fail=0 pre=1 q=100 rx_us=7996410 complete=15
DBG_UWB_RX_CH5
DBG_ANCHOR_CH5_FRAME len=141 q=100 wake_ret=-5
DBG_ANCHOR_DIRECT_GATEWAY_CONTROL_IGNORED msg=0x40 seq=15 ttl=8 prev=0x9999888877776666
DBG_DWM_CH5_RX_HUNT_START acq=999 complete=15 cap=1021
DBG_DWM_CH5_RX_ACTIVITY_EXTEND ret=0 status=0x00000100 complete=15
DBG_DWM_CH5_RX_ACTIVITY_WAIT status=0x00000100 remain=15
DBG_DWM_CH5_RX_ACTIVITY_DONE raw=143 payload=141 status=0x00006f00 rearm=0 extended=1
DBG_CH9_SKIP_STALE n=1 now=72482 next=72903 cnt=974419867 reason=rx-delay
DBG_ANCHOR_CH5_SCAN_DONE ret=0 len=141 fail=0 pre=1 q=100 rx_us=8995410 complete=15
DBG_UWB_RX_CH5
DBG_ANCHOR_CH5_FRAME len=141 q=100 wake_ret=-5
DBG_UWB_RX_CH5
DBG_MESH_RX_QUEUED ch=5 msg=0x40 src=0x9999888877776666 dst=0x0 prev=0x708bc0aab970300e seq=15 q=1
DBG_MESH_RX_DEFERRED q=1 msg=0x40
DBG_ANCHOR_CH5_POST_CH9_RECOVERY_SCAN win=999 ret=0 pre=1
DBG_ANCHOR_MESH_RX_HANDOFF_DEFERRED q=1 delay=250 rf=0
DBG_MESH_RX_WORK_WAIT q=1
DBG_MESH_RX_WORK_ENTER q=1
DBG_MESH_RX_DRAIN_ENTER owner=work q=1
DBG_C5_CONTACT phase=open state=2 peer=0x708bc0aab970300e purpose=gateway_command_flood reason=c5-control-rx
DBG_C5_CONTACT phase=accepted state=2 peer=0x708bc0aab970300e purpose=gateway_command_flood reason=c5-control-rx
DBG_C5_FLOOD_WAIT now=72487 wake=72559 first=72559 msg=40 attempt=1/3 reason=broadcast-forward
DBG_MESH_RX_SUBMIT ret=1 q=0 routeq=1
DBG_DWM_MARK_UNCONFIGURED tag=initialise_radio prev_phy=0
DBG_DWM_WAKE_MESH_CTRL_OK sfd=4073
DBG_DWM_CH5_RX_HUNT_START acq=321 complete=15 cap=1021
DBG_ENUM_RX_TERMINAL epoch=43515988 reason=abort
DBG_ANCHOR_CH5_SCAN_RESCHED ret=1 delay=380
DBG_ENUM_ABORT_ACCEPT epoch=43515988 claim_session=43515988 claim_seq=43515988
DBG_MESH_RX_DRAIN_EXIT owner=work handled=1 q=0
DBG_MESH_RX_WORK_EXIT handled=1 q=0
DBG_DWM_CH5_RX_ACTIVITY_EXTEND ret=0 status=0x00000100 complete=15
DBG_DWM_CH5_RX_ACTIVITY_WAIT status=0x00000100 remain=15
DBG_DWM_CH5_RX_ACTIVITY_DONE raw=143 payload=141 status=0x00006f00 rearm=0 extended=1
DBG_ANCHOR_CH5_SCAN_DONE ret=0 len=141 fail=0 pre=1 q=100 rx_us=321000 complete=15
DBG_UWB_RX_CH5
DBG_ANCHOR_CH5_FRAME len=141 q=100 wake_ret=-5
DBG_UWB_RX_CH5
DBG_MESH_RX_QUEUED ch=5 msg=0x40 src=0x9999888877776666 dst=0x0 prev=0x708bc0aab970300e seq=15 q=1
DBG_MESH_RX_DEFERRED q=1 msg=0x40
DBG_ANCHOR_MESH_RX_HANDOFF_DEFERRED q=1 delay=380 rf=0
DBG_MESH_RX_WORK_WAIT q=1
DBG_MESH_RX_WORK_ENTER q=1
DBG_MESH_RX_DRAIN_ENTER owner=work q=1
DBG_C5_CONTACT phase=accepted state=2 peer=0x708bc0aab970300e purpose=gateway_command_flood reason=c5-control-rx
DBG_ENUM_ABORT_REJECT epoch=43515988 claim_session=43515988 claim_seq=43515988 reason=identity
DBG_MESH_RX_DRAIN_EXIT owner=work handled=1 q=0
DBG_MESH_RX_WORK_EXIT handled=1 q=0
DBG_MESH_RX_SUBMIT ret=1 q=0 routeq=1
DBG_ANCHOR_CH5_SCAN_RESCHED ret=1 delay=20
DBG_ANCHOR_CH5_SCAN_HANDLER role=2
DBG_DWM_INVALIDATE tag=configure_radio_from_reset active_phy=4 configured=1 awake=1
DBG_DWM_MARK_UNCONFIGURED tag=initialise_radio prev_phy=0
DBG_DWM_CH5_RX_HUNT_START acq=3 complete=15 cap=1021
DBG_DWM_CH5_RX_HUNT_EMPTY ret=-116 status=0x00000000 acq=3
DBG_ANCHOR_CH5_SCAN_RESCHED ret=1 delay=380
DBG_DWM_INVALIDATE tag=configure_radio_from_reset active_phy=2 configured=1 awake=1
DBG_DWM_MARK_UNCONFIGURED tag=initialise_radio prev_phy=0
DBG_DWM_INVALIDATE tag=configure_radio_from_reset active_phy=2 configured=1 awake=0
DBG_DWM_MARK_UNCONFIGURED tag=initialise_radio prev_phy=0
DBG_DWM_WAKE_MESH_CTRL_OK sfd=4073
DBG_C5_TX_CONFIG ret=0 ext=1 len=141 msg=40 reason=bounded-c5-flood
DBG_UWB_TX_CH5
DBG_DWM_INVALIDATE tag=configure_radio_from_reset active_phy=4 configured=1 awake=0
DBG_DWM_MARK_UNCONFIGURED tag=initialise_radio prev_phy=0
DBG_DWM_WAKE_MESH_CTRL_OK sfd=4073
DBG_DWM_INVALIDATE tag=configure_radio_from_reset active_phy=4 configured=1 awake=0
DBG_DWM_MARK_UNCONFIGURED tag=initialise_radio prev_phy=0
DBG_DWM_INVALIDATE tag=configure_radio_from_reset active_phy=2 configured=1 awake=0
DBG_DWM_MARK_UNCONFIGURED tag=initialise_radio prev_phy=0
DBG_DWM_WAKE_MESH_CTRL_OK sfd=4073
DBG_C5_TX_CONFIG ret=0 ext=1 len=141 msg=40 reason=bounded-c5-flood
DBG_UWB_TX_CH5
DBG_DWM_INVALIDATE tag=configure_radio_from_reset active_phy=4 configured=1 awake=0
DBG_DWM_MARK_UNCONFIGURED tag=initialise_radio prev_phy=0
DBG_DWM_WAKE_MESH_CTRL_OK sfd=4073
DBG_DWM_INVALIDATE tag=configure_radio_from_reset active_phy=4 configured=1 awake=0
DBG_DWM_MARK_UNCONFIGURED tag=initialise_radio prev_phy=0
DBG_DWM_INVALIDATE tag=configure_radio_from_reset active_phy=2 configured=1 awake=0
DBG_DWM_MARK_UNCONFIGURED tag=initialise_radio prev_phy=0
DBG_DWM_WAKE_MESH_CTRL_OK sfd=4073
DBG_C5_TX_CONFIG ret=0 ext=1 len=141 msg=40 reason=bounded-c5-flood
DBG_UWB_TX_CH5
DBG_DWM_INVALIDATE tag=configure_radio_from_reset active_phy=4 configured=1 awake=0
DBG_DWM_MARK_UNCONFIGURED tag=initialise_radio prev_phy=0
DBG_DWM_WAKE_MESH_CTRL_OK sfd=4073
DBG_ANCHOR_CH5_SCAN_HANDLER role=2
DBG_ANCHOR_CH5_SCAN_BLOCKED win=0 survey=0 tx=0 retry_gap=0 wait=0 rx=0 rxq=0 rxr=0 ack=0 ch9=0 rf=1 retry=20 interval=380
DBG_ANCHOR_CH5_SCAN_RESCHED ret=1 delay=20
DBG_ANCHOR_CH5_SCAN_HANDLER role=2
DBG_ANCHOR_CH5_SCAN_BLOCKED win=0 survey=0 tx=0 retry_gap=0 wait=0 rx=0 rxq=0 rxr=0 ack=0 ch9=0 rf=1 retry=20 interval=380
DBG_ANCHOR_CH5_SCAN_RESCHED ret=1 delay=20
DBG_DWM_INVALIDATE tag=configure_radio_from_reset active_phy=4 configured=1 awake=0
DBG_DWM_MARK_UNCONFIGURED tag=initialise_radio prev_phy=0
DBG_ANCHOR_CH5_SCAN_HANDLER role=2
DBG_ANCHOR_CH5_SCAN_BLOCKED win=0 survey=0 tx=0 retry_gap=0 wait=0 rx=0 rxq=0 rxr=0 ack=0 ch9=0 rf=1 retry=20 interval=380
DBG_ANCHOR_CH5_SCAN_RESCHED ret=1 delay=20
DBG_DWM_MARK_UNCONFIGURED tag=initialise_radio prev_phy=0
DBG_DWM_WAKE_MESH_CTRL_OK sfd=4073
DBG_C5_TX_CONFIG ret=0 ext=1 len=141 msg=40 reason=bounded-c5-flood
DBG_ANCHOR_CH5_SCAN_HANDLER role=2
DBG_ANCHOR_CH5_SCAN_BLOCKED win=0 survey=0 tx=0 retry_gap=0 wait=0 rx=0 rxq=0 rxr=0 ack=0 ch9=0 rf=1 retry=20 interval=380
DBG_ANCHOR_CH5_SCAN_RESCHED ret=1 delay=20
DBG_UWB_TX_CH5
DBG_C5_FLOOD_WAIT now=73116 wake=73166 first=73166 msg=40 attempt=2/3 reason=broadcast-forward
DBG_ANCHOR_CH5_SCAN_HANDLER role=2
DBG_ANCHOR_CH9_REARM delay=0 ret=0 ack=0
DBG_ANCHOR_CH5_SCAN_BLOCKED win=0 survey=0 tx=0 retry_gap=0 wait=0 rx=0 rxq=0 rxr=0 ack=0 ch9=1 rf=0 retry=245 interval=380
DBG_ANCHOR_CH5_SCAN_RESCHED ret=1 delay=245
DBG_DWM_INVALIDATE tag=configure_radio_from_reset active_phy=4 configured=1 awake=0
DBG_DWM_MARK_UNCONFIGURED tag=initialise_radio prev_phy=0
DBG_DWM_INVALIDATE tag=configure_radio_from_reset active_phy=2 configured=1 awake=0
DBG_DWM_MARK_UNCONFIGURED tag=initialise_radio prev_phy=0
DBG_DWM_WAKE_MESH_CTRL_OK sfd=4073
DBG_C5_TX_CONFIG ret=0 ext=1 len=141 msg=40 reason=bounded-c5-flood
DBG_UWB_TX_CH5
DBG_DWM_INVALIDATE tag=configure_radio_from_reset active_phy=4 configured=1 awake=0
DBG_DWM_MARK_UNCONFIGURED tag=initialise_radio prev_phy=0
DBG_DWM_WAKE_MESH_CTRL_OK sfd=4073
DBG_C5_FLOOD_DELAY_RX_CONTINUE ret=-5 fail=4 rem=40
DBG_DWM_INVALIDATE tag=configure_radio_from_reset active_phy=4 configured=1 awake=0
DBG_DWM_MARK_UNCONFIGURED tag=initialise_radio prev_phy=0
DBG_DWM_WAKE_MESH_CTRL_OK sfd=4073
DBG_DWM_INVALIDATE tag=configure_radio_from_reset active_phy=4 configured=1 awake=0
DBG_DWM_MARK_UNCONFIGURED tag=initialise_radio prev_phy=0
DBG_DWM_INVALIDATE tag=configure_radio_from_reset active_phy=2 configured=1 awake=0
DBG_DWM_MARK_UNCONFIGURED tag=initialise_radio prev_phy=0
DBG_DWM_WAKE_MESH_CTRL_OK sfd=4073
DBG_C5_TX_CONFIG ret=0 ext=1 len=141 msg=40 reason=bounded-c5-flood
DBG_UWB_TX_CH5
DBG_DWM_INVALIDATE tag=configure_radio_from_reset active_phy=4 configured=1 awake=0
DBG_DWM_MARK_UNCONFIGURED tag=initialise_radio prev_phy=0
DBG_DWM_WAKE_MESH_CTRL_OK sfd=4073
DBG_ANCHOR_CH5_SCAN_HANDLER role=2
DBG_ANCHOR_CH5_SCAN_BLOCKED win=0 survey=0 tx=0 retry_gap=0 wait=0 rx=0 rxq=0 rxr=0 ack=0 ch9=0 rf=1 retry=20 interval=380
DBG_ANCHOR_CH5_SCAN_RESCHED ret=1 delay=20
DBG_DWM_INVALIDATE tag=configure_radio_from_reset active_phy=4 configured=1 awake=0
DBG_ANCHOR_CH5_SCAN_HANDLER role=2
DBG_ANCHOR_CH5_SCAN_BLOCKED win=0 survey=0 tx=0 retry_gap=0 wait=0 rx=0 rxq=0 rxr=0 ack=0 ch9=0 rf=1 retry=20 interval=380
DBG_ANCHOR_CH5_SCAN_RESCHED ret=1 delay=20
DBG_DWM_MARK_UNCONFIGURED tag=initialise_radio prev_phy=0
DBG_ANCHOR_CH5_SCAN_HANDLER role=2
DBG_DWM_INVALIDATE tag=configure_radio_from_reset active_phy=2 configured=1 awake=0
DBG_ANCHOR_CH5_SCAN_BLOCKED win=0 survey=0 tx=0 retry_gap=0 wait=0 rx=0 rxq=0 rxr=0 ack=0 ch9=0 rf=1 retry=20 interval=380
DBG_ANCHOR_CH5_SCAN_RESCHED ret=1 delay=20
DBG_DWM_MARK_UNCONFIGURED tag=initialise_radio prev_phy=0
DBG_DWM_WAKE_MESH_CTRL_OK sfd=4073
DBG_C5_TX_CONFIG ret=0 ext=1 len=141 msg=40 reason=bounded-c5-flood
DBG_ANCHOR_CH5_SCAN_HANDLER role=2
DBG_ANCHOR_CH5_SCAN_BLOCKED win=0 survey=0 tx=0 retry_gap=0 wait=0 rx=0 rxq=0 rxr=0 ack=0 ch9=0 rf=1 retry=20 interval=380
DBG_ANCHOR_CH5_SCAN_RESCHED ret=1 delay=20
DBG_UWB_TX_CH5
DBG_DWM_INVALIDATE tag=configure_radio_from_reset active_phy=4 configured=1 awake=0
DBG_ANCHOR_CH5_SCAN_HANDLER role=2
DBG_ANCHOR_CH5_SCAN_BLOCKED win=0 survey=0 tx=0 retry_gap=0 wait=0 rx=0 rxq=0 rxr=0 ack=0 ch9=0 rf=1 retry=20 interval=380
DBG_DWM_MARK_UNCONFIGURED tag=initialise_radio prev_phy=0
DBG_ANCHOR_CH5_SCAN_RESCHED ret=1 delay=20
DBG_DWM_WAKE_MESH_CTRL_OK sfd=4073
DBG_ANCHOR_CH5_SCAN_HANDLER role=2
DBG_ANCHOR_CH5_SCAN_BLOCKED win=0 survey=0 tx=0 retry_gap=0 wait=0 rx=0 rxq=0 rxr=0 ack=0 ch9=0 rf=1 retry=20 interval=380
DBG_ANCHOR_CH5_SCAN_RESCHED ret=1 delay=20
DBG_DWM_INVALIDATE tag=configure_radio_from_reset active_phy=4 configured=1 awake=0
DBG_ANCHOR_CH5_SCAN_HANDLER role=2
DBG_ANCHOR_CH5_SCAN_BLOCKED win=0 survey=0 tx=0 retry_gap=0 wait=0 rx=0 rxq=0 rxr=0 ack=0 ch9=0 rf=1 retry=20 interval=380
DBG_ANCHOR_CH5_SCAN_RESCHED ret=1 delay=20
DBG_DWM_MARK_UNCONFIGURED tag=initialise_radio prev_phy=0
DBG_ANCHOR_CH5_SCAN_HANDLER role=2
DBG_DWM_INVALIDATE tag=configure_radio_from_reset active_phy=2 configured=1 awake=0
DBG_ANCHOR_CH5_SCAN_BLOCKED win=0 survey=0 tx=0 retry_gap=0 wait=0 rx=0 rxq=0 rxr=0 ack=0 ch9=0 rf=1 retry=20 interval=380
DBG_ANCHOR_CH5_SCAN_RESCHED ret=1 delay=20
DBG_DWM_MARK_UNCONFIGURED tag=initialise_radio prev_phy=0
DBG_DWM_WAKE_MESH_CTRL_OK sfd=4073
DBG_C5_TX_CONFIG ret=0 ext=1 len=141 msg=40 reason=bounded-c5-flood
DBG_ANCHOR_CH5_SCAN_HANDLER role=2
DBG_ANCHOR_CH5_SCAN_BLOCKED win=0 survey=0 tx=0 retry_gap=0 wait=0 rx=0 rxq=0 rxr=0 ack=0 ch9=0 rf=1 retry=20 interval=380
DBG_ANCHOR_CH5_SCAN_RESCHED ret=1 delay=20
DBG_UWB_TX_CH5
DBG_C5_FLOOD_WAIT now=73571 wake=73636 first=73636 msg=40 attempt=3/3 reason=broadcast-forward
DBG_ANCHOR_CH5_SCAN_HANDLER role=2
DBG_ANCHOR_CH9_REARM delay=0 ret=0 ack=0
DBG_ANCHOR_CH5_SCAN_BLOCKED win=0 survey=0 tx=0 retry_gap=0 wait=0 rx=0 rxq=0 rxr=0 ack=0 ch9=1 rf=0 retry=245 interval=380
DBG_ANCHOR_CH5_SCAN_RESCHED ret=1 delay=245
DBG_DWM_INVALIDATE tag=configure_radio_from_reset active_phy=4 configured=1 awake=0
DBG_DWM_MARK_UNCONFIGURED tag=initialise_radio prev_phy=0
DBG_DWM_INVALIDATE tag=configure_radio_from_reset active_phy=2 configured=1 awake=0
DBG_DWM_MARK_UNCONFIGURED tag=initialise_radio prev_phy=0
DBG_DWM_WAKE_MESH_CTRL_OK sfd=4073
DBG_C5_TX_CONFIG ret=0 ext=1 len=141 msg=40 reason=bounded-c5-flood
DBG_UWB_TX_CH5
DBG_DWM_INVALIDATE tag=configure_radio_from_reset active_phy=4 configured=1 awake=0
DBG_DWM_MARK_UNCONFIGURED tag=initialise_radio prev_phy=0
DBG_DWM_WAKE_MESH_CTRL_OK sfd=4073
DBG_C5_FLOOD_DELAY_RX_CONTINUE ret=-5 fail=4 rem=40
DBG_DWM_INVALIDATE tag=configure_radio_from_reset active_phy=4 configured=1 awake=0
DBG_DWM_MARK_UNCONFIGURED tag=initialise_radio prev_phy=0
DBG_DWM_INVALIDATE tag=configure_radio_from_reset active_phy=2 configured=1 awake=0
DBG_DWM_MARK_UNCONFIGURED tag=initialise_radio prev_phy=0
DBG_DWM_WAKE_MESH_CTRL_OK sfd=4073
DBG_C5_TX_CONFIG ret=0 ext=1 len=141 msg=40 reason=bounded-c5-flood
DBG_UWB_TX_CH5
DBG_DWM_INVALIDATE tag=configure_radio_from_reset active_phy=4 configured=1 awake=0
DBG_DWM_MARK_UNCONFIGURED tag=initialise_radio prev_phy=0
DBG_DWM_WAKE_MESH_CTRL_OK sfd=4073
DBG_ANCHOR_CH5_SCAN_HANDLER role=2
DBG_ANCHOR_CH5_SCAN_BLOCKED win=0 survey=0 tx=0 retry_gap=0 wait=0 rx=0 rxq=0 rxr=0 ack=0 ch9=0 rf=1 retry=20 interval=380
DBG_ANCHOR_CH5_SCAN_RESCHED ret=1 delay=20
DBG_DWM_INVALIDATE tag=configure_radio_from_reset active_phy=4 configured=1 awake=0
DBG_ANCHOR_CH5_SCAN_HANDLER role=2
DBG_ANCHOR_CH5_SCAN_BLOCKED win=0 survey=0 tx=0 retry_gap=0 wait=0 rx=0 rxq=0 rxr=0 ack=0 ch9=0 rf=1 retry=20 interval=380
DBG_ANCHOR_CH5_SCAN_RESCHED ret=1 delay=20
DBG_DWM_MARK_UNCONFIGURED tag=initialise_radio prev_phy=0
DBG_DWM_INVALIDATE tag=configure_radio_from_reset active_phy=2 configured=1 awake=0
DBG_ANCHOR_CH5_SCAN_HANDLER role=2
DBG_ANCHOR_CH5_SCAN_BLOCKED win=0 survey=0 tx=0 retry_gap=0 wait=0 rx=0 rxq=0 rxr=0 ack=0 ch9=0 rf=1 retry=20 interval=380
DBG_ANCHOR_CH5_SCAN_RESCHED ret=1 delay=20
DBG_DWM_MARK_UNCONFIGURED tag=initialise_radio prev_phy=0
DBG_DWM_WAKE_MESH_CTRL_OK sfd=4073
DBG_C5_TX_CONFIG ret=0 ext=1 len=141 msg=40 reason=bounded-c5-flood
DBG_ANCHOR_CH5_SCAN_HANDLER role=2
DBG_ANCHOR_CH5_SCAN_BLOCKED win=0 survey=0 tx=0 retry_gap=0 wait=0 rx=0 rxq=0 rxr=0 ack=0 ch9=0 rf=1 retry=20 interval=380
DBG_ANCHOR_CH5_SCAN_RESCHED ret=1 delay=20
DBG_UWB_TX_CH5
DBG_DWM_INVALIDATE tag=configure_radio_from_reset active_phy=4 configured=1 awake=0
DBG_ANCHOR_CH5_SCAN_HANDLER role=2
DBG_ANCHOR_CH5_SCAN_BLOCKED win=0 survey=0 tx=0 retry_gap=0 wait=0 rx=0 rxq=0 rxr=0 ack=0 ch9=0 rf=1 retry=20 interval=380
DBG_ANCHOR_CH5_SCAN_RESCHED ret=1 delay=20
DBG_DWM_MARK_UNCONFIGURED tag=initialise_radio prev_phy=0
DBG_DWM_WAKE_MESH_CTRL_OK sfd=4073
DBG_ANCHOR_CH5_SCAN_HANDLER role=2
DBG_ANCHOR_CH5_SCAN_BLOCKED win=0 survey=0 tx=0 retry_gap=0 wait=0 rx=0 rxq=0 rxr=0 ack=0 ch9=0 rf=1 retry=20 interval=380
DBG_ANCHOR_CH5_SCAN_RESCHED ret=1 delay=20
DBG_ANCHOR_CH5_SCAN_HANDLER role=2
DBG_DWM_INVALIDATE tag=configure_radio_from_reset active_phy=4 configured=1 awake=0
DBG_ANCHOR_CH5_SCAN_BLOCKED win=0 survey=0 tx=0 retry_gap=0 wait=0 rx=0 rxq=0 rxr=0 ack=0 ch9=0 rf=1 retry=20 interval=380
DBG_ANCHOR_CH5_SCAN_RESCHED ret=1 delay=20
DBG_DWM_MARK_UNCONFIGURED tag=initialise_radio prev_phy=0
DBG_ANCHOR_CH5_SCAN_HANDLER role=2
DBG_DWM_INVALIDATE tag=configure_radio_from_reset active_phy=2 configured=1 awake=0
DBG_ANCHOR_CH5_SCAN_BLOCKED win=0 survey=0 tx=0 retry_gap=0 wait=0 rx=0 rxq=0 rxr=0 ack=0 ch9=0 rf=1 retry=20 interval=380
DBG_ANCHOR_CH5_SCAN_RESCHED ret=1 delay=20
DBG_DWM_MARK_UNCONFIGURED tag=initialise_radio prev_phy=0
DBG_DWM_WAKE_MESH_CTRL_OK sfd=4073
DBG_C5_TX_CONFIG ret=0 ext=1 len=141 msg=40 reason=bounded-c5-flood
DBG_ANCHOR_CH5_SCAN_HANDLER role=2
DBG_ANCHOR_CH5_SCAN_BLOCKED win=0 survey=0 tx=0 retry_gap=0 wait=0 rx=0 rxq=0 rxr=0 ack=0 ch9=0 rf=1 retry=20 interval=380
DBG_ANCHOR_CH5_SCAN_RESCHED ret=1 delay=20
DBG_UWB_TX_CH5
DBG_CH9_SKIP_STALE n=2 now=74023 next=74183 cnt=974419869 reason=rx-select
DBG_CH5_GAP_SCAN now=74024 win=40 next_delay=99
DBG_DWM_INVALIDATE tag=configure_radio_from_reset active_phy=4 configured=1 awake=0
DBG_ANCHOR_CH5_SCAN_HANDLER role=2
DBG_ANCHOR_CH5_SCAN_BLOCKED win=0 survey=0 tx=0 retry_gap=0 wait=0 rx=0 rxq=0 rxr=0 ack=0 ch9=0 rf=1 retry=20 interval=380
DBG_ANCHOR_CH5_SCAN_RESCHED ret=1 delay=20
DBG_DWM_MARK_UNCONFIGURED tag=initialise_radio prev_phy=0
DBG_ANCHOR_CH5_SCAN_HANDLER role=2
DBG_ANCHOR_CH5_SCAN_BLOCKED win=0 survey=0 tx=0 retry_gap=0 wait=0 rx=0 rxq=0 rxr=0 ack=0 ch9=0 rf=1 retry=20 interval=380
DBG_ANCHOR_CH5_SCAN_RESCHED ret=1 delay=20
DBG_CH5_GAP_SCAN_DONE frames=0 last_error=0 now=74065 deadline=74064 click=0
DBG_DWM_KEEP_IDLE reason=mesh-rx ch9=1 ack=0 qack=0 ret=0
DBG_ANCHOR_CH5_SCAN_HANDLER role=2
DBG_ANCHOR_CH9_REARM delay=41 ret=1 ack=0
DBG_ANCHOR_CH5_SCAN_BLOCKED win=0 survey=0 tx=0 retry_gap=0 wait=0 rx=0 rxq=0 rxr=0 ack=0 ch9=1 rf=0 retry=286 interval=380
DBG_ANCHOR_CH5_SCAN_RESCHED ret=1 delay=286
DBG_CH9_RX_SLOT idx=0 cnt=974419869 now=74123 start=74183 end=74303
DBG_CH9_EVENT_STATE state=granted peer=0x708bc0aab970300e start=74183 end=74303 reason=rx-slot
DBG_CH9_RX_START idx=0 now=74123 start=74183 end=74303 tail=60
DBG_DWM_INVALIDATE tag=configure_radio_from_reset active_phy=2 configured=1 awake=1
DBG_DWM_MARK_UNCONFIGURED tag=initialise_radio prev_phy=0
DBG_CH9_RX_CONFIG_OK
DBG_CH9_RX_EARLY_ARM now=74145 start=74183 guard=60
DBG_CH9_RX_ARMED now=74145 start=74183 end=74303 deadline=74363
DBG_DWM_KEEP_IDLE reason=ch9-rx ch9=1 ack=0 qack=0 ret=0
DBG_CH9_RX_EMPTY
DBG_CH9_RX_TIMEOUT
DBG_CH9_RX_MISS frames=0 now=74365 start=74183 end=74303 fail=0
DBG_CH9_EVENT_STATE state=window_expired peer=0x708bc0aab970300e start=74183 end=74303 reason=rx-slot
DBG_ANCHOR_CH5_SCAN_HANDLER role=2
DBG_ANCHOR_CH5_SCAN_ARM now=74368 win=20 complete=15 interval=380 wait=0 tx=0 response=0
DBG_DWM_INVALIDATE tag=configure_radio_from_reset active_phy=3 configured=1 awake=1
DBG_DWM_MARK_UNCONFIGURED tag=initialise_radio prev_phy=0
DBG_DWM_CH5_RX_HUNT_START acq=20 complete=15 cap=1021
DBG_DWM_CH5_RX_HUNT_EMPTY ret=-116 status=0x00000000 acq=20
DBG_ANCHOR_CH5_SCAN_DONE ret=-116 len=0 fail=1 pre=0 q=0 rx_us=20294 complete=15
DBG_ANCHOR_CH5_POST_CH9_RECOVERY_SCAN win=20 ret=-116 pre=0
DBG_ANCHOR_CH5_SCAN_RESCHED ret=1 delay=380
DBG_ANCHOR_CH5_SCAN_HANDLER role=2
DBG_DWM_INVALIDATE tag=configure_radio_from_reset active_phy=2 configured=1 awake=1
DBG_DWM_MARK_UNCONFIGURED tag=initialise_radio prev_phy=0
DBG_DWM_CH5_RX_HUNT_START acq=3 complete=15 cap=1021
DBG_DWM_CH5_RX_HUNT_EMPTY ret=-116 status=0x00000000 acq=3
DBG_ANCHOR_CH5_SCAN_RESCHED ret=1 delay=380
DBG_ANCHOR_CH5_SCAN_HANDLER role=2
DBG_DWM_INVALIDATE tag=configure_radio_from_reset active_phy=2 configured=1 awake=1
DBG_DWM_MARK_UNCONFIGURED tag=initialise_radio prev_phy=0
DBG_DWM_CH5_RX_HUNT_START acq=3 complete=15 cap=1021
DBG_DWM_CH5_RX_HUNT_EMPTY ret=-116 status=0x00000000 acq=3
DBG_ANCHOR_CH5_SCAN_RESCHED ret=1 delay=380
DBG_CH9_SKIP_STALE n=1 now=75403 next=75463 cnt=974419871 reason=rx-select
DBG_CH9_RX_SLOT idx=0 cnt=974419871 now=75403 start=75463 end=75583
DBG_CH9_EVENT_STATE state=granted peer=0x708bc0aab970300e start=75463 end=75583 reason=rx-slot
DBG_CH9_RX_START idx=0 now=75404 start=75463 end=75583 tail=60
DBG_DWM_INVALIDATE tag=configure_radio_from_reset active_phy=2 configured=1 awake=1
DBG_DWM_MARK_UNCONFIGURED tag=initialise_radio prev_phy=0
