[34m0000509[0m [36mI[0m Target type is nrf52833 [2m[board][0m
[34m0000538[0m [36mI[0m Performing connect pre-reset [2m[coresight_target][0m
[34m0000742[0m [36mI[0m DP IDR = 0x2ba01477 (v1 rev2) [2m[dap][0m
[34m0000748[0m [36mI[0m AHB-AP#0 IDR = 0x24770011 (AHB-AP var1 rev2) [2m[discovery][0m
[34m0000749[0m [36mI[0m AP#1 IDR = 0x02880000 (AP var0 rev0) [2m[discovery][0m
[34m0000750[0m [36mI[0m NRF52833 not in secure state [2m[target_nRF52][0m
[34m0000753[0m [36mI[0m AHB-AP#0 Class 0x1 ROM table #0 @ 0xe00ff000 (designer=244 part=00d) [2m[rom_table][0m
[34m0000756[0m [36mI[0m [0]<e000e000:SCS v7-M class=14 designer=43b:Arm part=00c> [2m[rom_table][0m
[34m0000757[0m [36mI[0m [1]<e0001000:DWT v7-M class=14 designer=43b:Arm part=002> [2m[rom_table][0m
[34m0000759[0m [36mI[0m [2]<e0002000:FPB v7-M class=14 designer=43b:Arm part=003> [2m[rom_table][0m
[34m0000760[0m [36mI[0m [3]<e0000000:ITM v7-M class=14 designer=43b:Arm part=001> [2m[rom_table][0m
[34m0000763[0m [36mI[0m [4]<e0040000:TPIU M4 class=9 designer=43b:Arm part=9a1 devtype=11 archid=0000 devid=ca1:0:0> [2m[rom_table][0m
[34m0000765[0m [36mI[0m [5]<e0041000:ETM M4 class=9 designer=43b:Arm part=925 devtype=13 archid=0000 devid=0:0:0> [2m[rom_table][0m
[34m0000769[0m [36mI[0m CPU core #0: Cortex-M4 r0p1, v7.0-M architecture [2m[cortex_m][0m
[34m0000769[0m [36mI[0m   Extensions: [DSP, FPU, FPU_V4, MPU] [2m[cortex_m][0m
[34m0000769[0m [36mI[0m   FPU present: FPv4-SP-D16-M [2m[cortex_m][0m
[34m0000771[0m [36mI[0m This appears to be an nRF52833 AA B0 [2m[target_nRF52][0m
[34m0000776[0m [36mI[0m 4 hardware watchpoints [2m[dwt][0m
[34m0000777[0m [36mI[0m 6 hardware breakpoints, 4 literal comparators [2m[fpb][0m
[34m0000796[0m [36mI[0m 3 up channels and 3 down channels found [2m[rtt_cmd][0m
[34m0000796[0m [36mI[0m Reading from up channel 0 ("Terminal") [2m[rtt_cmd][0m
[34m0000798[0m [36mI[0m Writing to down channel 0 ("Terminal") [2m[rtt_cmd][0m
DBG_DWM_MARK_UNCONFIGURED tag=initialise_radio prev_phy=0
DBG_DWM_CH5_RX_HUNT_START acq=3 complete=15 cap=1021
DBG_DWM_CH5_RX_HUNT_EMPTY ret=-116 status=0x00000000 acq=3
DBG_ANCHOR_CH5_SCAN_DONE ret=-116 len=0 fail=1 pre=0 q=0 rx_us=3845 complete=15
DBG_ANCHOR_CH5_SCAN_RESCHED ret=1 delay=380
DBG_ANCHOR_CH5_SCAN_HANDLER role=2
DBG_DWM_INVALIDATE tag=configure_radio_from_reset active_phy=2 configured=1 awake=1
DBG_DWM_MARK_UNCONFIGURED tag=initialise_radio prev_phy=0
DBG_DWM_CH5_RX_HUNT_START acq=100 complete=15 cap=1021
DBG_DWM_CH5_RX_HUNT_EMPTY ret=-116 status=0x00000000 acq=100
DBG_ANCHOR_CH5_POST_CH9_RECOVERY_SCAN win=100 ret=-116 pre=0
DBG_ANCHOR_CH5_SCAN_RESCHED ret=1 delay=380
DBG_ANCHOR_CH5_SCAN_HANDLER role=2
DBG_DWM_INVALIDATE tag=configure_radio_from_reset active_phy=2 configured=1 awake=1
DBG_DWM_MARK_UNCONFIGURED tag=initialise_radio prev_phy=0
DBG_DWM_CH5_RX_HUNT_START acq=3 complete=15 cap=1021
DBG_DWM_CH5_RX_HUNT_EMPTY ret=-116 status=0x00000000 acq=3
DBG_CH9_RX_CONFIG_OK
DBG_CH9_RX_EMPTY
DBG_ANCHOR_CH5_SCAN_HANDLER role=2
DBG_ANCHOR_CH9_REARM delay=53 ret=1 ack=0
DBG_ANCHOR_CH5_SCAN_BLOCKED win=0 survey=0 tx=0 retry_gap=0 flood=0 wait=0 rx=0 rxq=0 rxr=0 ack=0 ch9=1 rf=0 retry=298 interva
DBG_ANCHOR_CH5_SCAN_RESCHED ret=1 delay=298
DBG_CH9_SKIP_STALE n=1 now=111398 next=111458 cnt=1480745013 reason=rx-select
DBG_CH9_RX_SLOT idx=0 cnt=1480745013 now=111398 start=111458 end=111578
DBG_CH9_EVENT_STATE state=granted peer=0x191a9619c6c8cb07 start=111458 end=111578 reason=rx-slot
DBG_CH9_RX_START idx=0 now=111398 start=111458 end=111578 tail=60
DBG_DWM_INVALIDATE tag=configure_radio_from_reset active_phy=2 configured=1 awake=1
DBG_DWM_MARK_UNCONFIGURED tag=initialise_radio prev_phy=0
DBG_CH9_RX_CONFIG_OK
DBG_CH9_RX_EARLY_ARM now=111421 start=111458 guard=60
DBG_CH9_RX_ARMED now=111421 start=111458 end=111578 deadline=111638
DBG_DWM_KEEP_IDLE reason=ch9-rx ch9=1 ack=0 qack=0 ret=0
DBG_CH9_RX_EMPTY
DBG_CH9_RX_TIMEOUT
DBG_CH9_RX_MISS frames=0 now=111639 start=111458 end=111578 fail=0
DBG_CH9_EVENT_STATE state=window_expired peer=0x191a9619c6c8cb07 start=111458 end=111578 reason=rx-slot
DBG_ANCHOR_CH5_SCAN_HANDLER role=2
DBG_ANCHOR_CH5_SCAN_ARM now=111644 win=100 complete=15 interval=380 wait=0 tx=0 response=0
DBG_DWM_INVALIDATE tag=configure_radio_from_reset active_phy=3 configured=1 awake=1
DBG_DWM_MARK_UNCONFIGURED tag=initialise_radio prev_phy=0
DBG_DWM_CH5_RX_HUNT_START acq=100 complete=15 cap=1021
DBG_DWM_CH5_RX_HUNT_EMPTY ret=-116 status=0x00000000 acq=100
DBG_ANCHOR_CH5_SCAN_DONE ret=-116 len=0 fail=1 pre=0 q=0 rx_us=100524 complete=15
DBG_ANCHOR_CH5_POST_CH9_RECOVERY_SCAN win=100 ret=-116 pre=0
DBG_ANCHOR_CH5_SCAN_RESCHED ret=1 delay=380
DBG_ANCHOR_CH5_SCAN_HANDLER role=2
DBG_DWM_INVALIDATE tag=configure_radio_from_reset active_phy=2 configured=1 awake=1
DBG_DWM_MARK_UNCONFIGURED tag=initialise_radio prev_phy=0
DBG_DWM_CH5_RX_HUNT_START acq=3 complete=15 cap=1021
DBG_DWM_CH5_RX_HUNT_EMPTY ret=-116 status=0x00000000 acq=3
DBG_ANCHOR_CH5_SCAN_RESCHED ret=1 delay=380
DBG_ANCHOR_CH5_SCAN_HANDLER role=2
DBG_DWM_INVALIDATE tag=configure_radio_from_reset active_phy=2 configured=1 awake=1
DBG_DWM_MARK_UNCONFIGURED tag=initialise_radio prev_phy=0
DBG_DWM_CH5_RX_HUNT_START acq=3 complete=15 cap=1021
DBG_DWM_CH5_RX_HUNT_EMPTY ret=-116 status=0x00000000 acq=3
DBG_ANCHOR_CH5_SCAN_RESCHED ret=1 delay=380
DBG_CH9_SKIP_STALE n=1 now=112678 next=112738 cnt=1480745015 reason=rx-select
DBG_CH9_RX_SLOT idx=0 cnt=1480745015 now=112678 start=112738 end=112858
DBG_CH9_EVENT_STATE state=granted peer=0x191a9619c6c8cb07 start=112738 end=112858 reason=rx-slot
DBG_CH9_RX_START idx=0 now=112678 start=112738 end=112858 tail=60
DBG_DWM_INVALIDATE tag=configure_radio_from_reset active_phy=2 configured=1 awake=1
DBG_DWM_MARK_UNCONFIGURED tag=initialise_radio prev_phy=0
DBG_CH9_RX_CONFIG_OK
DBG_CH9_RX_EARLY_ARM now=112701 start=112738 guard=60
DBG_CH9_RX_ARMED now=112701 start=112738 end=112858 deadline=112918
DBG_DWM_KEEP_IDLE reason=ch9-rx ch9=1 ack=0 qack=0 ret=0
DBG_CH9_RX_EMPTY
DBG_CH9_RX_TIMEOUT
DBG_CH9_RX_MISS frames=0 now=112920 start=112738 end=112858 fail=0
DBG_CH9_EVENT_STATE state=window_expired peer=0x191a9619c6c8cb07 start=112738 end=112858 reason=rx-slot
DBG_ANCHOR_CH5_SCAN_HANDLER role=2
DBG_ANCHOR_CH5_SCAN_ARM now=112959 win=100 complete=15 interval=380 wait=0 tx=0 response=0
DBG_DWM_INVALIDATE tag=configure_radio_from_reset active_phy=3 configured=1 awake=1
DBG_DWM_MARK_UNCONFIGURED tag=initialise_radio prev_phy=0
DBG_DWM_CH5_RX_HUNT_START acq=100 complete=15 cap=1021
DBG_DWM_CH5_RX_HUNT_EMPTY ret=-116 status=0x00000000 acq=100
DBG_ANCHOR_CH5_SCAN_DONE ret=-116 len=0 fail=1 pre=0 q=0 rx_us=100250 complete=15
DBG_ANCHOR_CH5_POST_CH9_RECOVERY_SCAN win=100 ret=-116 pre=0
DBG_ANCHOR_CH5_SCAN_RESCHED ret=1 delay=380
DBG_ANCHOR_CH5_SCAN_HANDLER role=2
DBG_DWM_INVALIDATE tag=configure_radio_from_reset active_phy=2 configured=1 awake=1
DBG_DWM_MARK_UNCONFIGURED tag=initialise_radio prev_phy=0
DBG_DWM_CH5_RX_HUNT_START acq=3 complete=15 cap=1021
DBG_DWM_CH5_RX_HUNT_EMPTY ret=-116 status=0x00000000 acq=3
DBG_ANCHOR_CH5_SCAN_RESCHED ret=1 delay=380
DBG_ANCHOR_CH5_SCAN_HANDLER role=2
DBG_DWM_INVALIDATE tag=configure_radio_from_reset active_phy=2 configured=1 awake=1
DBG_DWM_MARK_UNCONFIGURED tag=initialise_radio prev_phy=0
DBG_DWM_CH5_RX_HUNT_START acq=3 complete=15 cap=1021
DBG_DWM_CH5_RX_HUNT_EMPTY ret=-116 status=0x00000000 acq=3
DBG_ANCHOR_CH5_SCAN_RESCHED ret=1 delay=380
DBG_CH9_SKIP_STALE n=1 now=113958 next=114018 cnt=1480745017 reason=rx-select
DBG_CH9_RX_SLOT idx=0 cnt=1480745017 now=113958 start=114018 end=114138
DBG_CH9_EVENT_STATE state=granted peer=0x191a9619c6c8cb07 start=114018 end=114138 reason=rx-slot
DBG_CH9_RX_START idx=0 now=113958 start=114018 end=114138 tail=60
DBG_DWM_INVALIDATE tag=configure_radio_from_reset active_phy=2 configured=1 awake=1
DBG_DWM_MARK_UNCONFIGURED tag=initialise_radio prev_phy=0
DBG_CH9_RX_CONFIG_OK
DBG_CH9_RX_EARLY_ARM now=113981 start=114018 guard=60
DBG_CH9_RX_ARMED now=113981 start=114018 end=114138 deadline=114198
DBG_DWM_KEEP_IDLE reason=ch9-rx ch9=1 ack=0 qack=0 ret=0
DBG_CH9_RX_EMPTY
DBG_CH9_RX_TIMEOUT
DBG_CH9_RX_MISS frames=0 now=114199 start=114018 end=114138 fail=0
DBG_CH9_EVENT_STATE state=window_expired peer=0x191a9619c6c8cb07 start=114018 end=114138 reason=rx-slot
DBG_ANCHOR_CH5_SCAN_HANDLER role=2
DBG_ANCHOR_CH5_SCAN_ARM now=114275 win=100 complete=15 interval=380 wait=0 tx=0 response=0
DBG_DWM_INVALIDATE tag=configure_radio_from_reset active_phy=3 configured=1 awake=1
DBG_DWM_MARK_UNCONFIGURED tag=initialise_radio prev_phy=0
DBG_DWM_CH5_RX_HUNT_START acq=100 complete=15 cap=1021
DBG_DWM_CH5_RX_HUNT_EMPTY ret=-116 status=0x00000000 acq=100
DBG_ANCHOR_CH5_SCAN_DONE ret=-116 len=0 fail=1 pre=0 q=0 rx_us=101165 complete=15
DBG_ANCHOR_CH5_POST_CH9_RECOVERY_SCAN win=100 ret=-116 pre=0
DBG_ANCHOR_CH5_SCAN_RESCHED ret=1 delay=380
DBG_ANCHOR_CH5_SCAN_HANDLER role=2
DBG_DWM_INVALIDATE tag=configure_radio_from_reset active_phy=2 configured=1 awake=1
DBG_DWM_MARK_UNCONFIGURED tag=initialise_radio prev_phy=0
DBG_DWM_CH5_RX_HUNT_START acq=3 complete=15 cap=1021
DBG_DWM_CH5_RX_HUNT_EMPTY ret=-116 status=0x00000000 acq=3
DBG_ANCHOR_CH5_SCAN_RESCHED ret=1 delay=380
DBG_ANCHOR_CH5_SCAN_HANDLER role=2
DBG_ANCHOR_CH9_REARM delay=52 ret=1 ack=0
DBG_ANCHOR_CH5_SCAN_BLOCKED win=0 survey=0 tx=0 retry_gap=0 flood=0 wait=0 rx=0 rxq=0 rxr=0 ack=0 ch9=1 rf=0 retry=297 interva
DBG_ANCHOR_CH5_SCAN_RESCHED ret=1 delay=297
DBG_CH9_SKIP_STALE n=1 now=115238 next=115298 cnt=1480745019 reason=rx-select
DBG_CH9_RX_SLOT idx=0 cnt=1480745019 now=115238 start=115298 end=115418
DBG_CH9_EVENT_STATE state=granted peer=0x191a9619c6c8cb07 start=115298 end=115418 reason=rx-slot
DBG_CH9_RX_START idx=0 now=115238 start=115298 end=115418 tail=60
DBG_DWM_INVALIDATE tag=configure_radio_from_reset active_phy=2 configured=1 awake=1
DBG_DWM_MARK_UNCONFIGURED tag=initialise_radio prev_phy=0
DBG_CH9_RX_CONFIG_OK
DBG_CH9_RX_EARLY_ARM now=115260 start=115298 guard=60
DBG_CH9_RX_ARMED now=115260 start=115298 end=115418 deadline=115478
DBG_DWM_KEEP_IDLE reason=ch9-rx ch9=1 ack=0 qack=0 ret=0
DBG_CH9_RX_EMPTY
DBG_CH9_RX_TIMEOUT
DBG_CH9_RX_MISS frames=0 now=115480 start=115298 end=115418 fail=0
DBG_CH9_EVENT_STATE state=window_expired peer=0x191a9619c6c8cb07 start=115298 end=115418 reason=rx-slot
DBG_ANCHOR_CH5_SCAN_HANDLER role=2
DBG_ANCHOR_CH5_SCAN_ARM now=115484 win=100 complete=15 interval=380 wait=0 tx=0 response=0
DBG_DWM_INVALIDATE tag=configure_radio_from_reset active_phy=3 configured=1 awake=1
DBG_DWM_MARK_UNCONFIGURED tag=initialise_radio prev_phy=0
DBG_DWM_CH5_RX_HUNT_START acq=100 complete=15 cap=1021
DBG_DWM_CH5_RX_HUNT_EMPTY ret=-116 status=0x00000000 acq=100
DBG_ANCHOR_CH5_SCAN_DONE ret=-116 len=0 fail=1 pre=0 q=0 rx_us=100433 complete=15
DBG_ANCHOR_CH5_POST_CH9_RECOVERY_SCAN win=100 ret=-116 pre=0
DBG_ANCHOR_CH5_SCAN_RESCHED ret=1 delay=380
DBG_ANCHOR_CH5_SCAN_HANDLER role=2
DBG_DWM_INVALIDATE tag=configure_radio_from_reset active_phy=2 configured=1 awake=1
DBG_DWM_MARK_UNCONFIGURED tag=initialise_radio prev_phy=0
DBG_DWM_CH5_RX_HUNT_START acq=3 complete=15 cap=1021
DBG_DWM_CH5_RX_HUNT_EMPTY ret=-116 status=0x00000000 acq=3
DBG_ANCHOR_CH5_SCAN_RESCHED ret=1 delay=380
DBG_ANCHOR_CH5_SCAN_HANDLER role=2
DBG_DWM_INVALIDATE tag=configure_radio_from_reset active_phy=2 configured=1 awake=1
DBG_DWM_MARK_UNCONFIGURED tag=initialise_radio prev_phy=0
DBG_DWM_CH5_RX_HUNT_START acq=3 complete=15 cap=1021
DBG_DWM_CH5_RX_HUNT_EMPTY ret=-116 status=0x00000000 acq=3
DBG_ANCHOR_CH5_SCAN_RESCHED ret=1 delay=380
DBG_CH9_SKIP_STALE n=1 now=116518 next=116578 cnt=1480745021 reason=rx-select
DBG_CH9_RX_SLOT idx=0 cnt=1480745021 now=116518 start=116578 end=116698
DBG_CH9_EVENT_STATE state=granted peer=0x191a9619c6c8cb07 start=116578 end=116698 reason=rx-slot
DBG_CH9_RX_START idx=0 now=116519 start=116578 end=116698 tail=60
DBG_DWM_INVALIDATE tag=configure_radio_from_reset active_phy=2 configured=1 awake=1
DBG_DWM_MARK_UNCONFIGURED tag=initialise_radio prev_phy=0
DBG_CH9_RX_CONFIG_OK
DBG_CH9_RX_EARLY_ARM now=116541 start=116578 guard=60
DBG_CH9_RX_ARMED now=116541 start=116578 end=116698 deadline=116758
DBG_DWM_KEEP_IDLE reason=ch9-rx ch9=1 ack=0 qack=0 ret=0
DBG_CH9_RX_EMPTY
DBG_CH9_RX_TIMEOUT
DBG_CH9_RX_MISS frames=0 now=116760 start=116578 end=116698 fail=0
DBG_CH9_EVENT_STATE state=window_expired peer=0x191a9619c6c8cb07 start=116578 end=116698 reason=rx-slot
DBG_ANCHOR_CH5_SCAN_HANDLER role=2
DBG_ANCHOR_CH5_SCAN_ARM now=116800 win=100 complete=15 interval=380 wait=0 tx=0 response=0
DBG_DWM_INVALIDATE tag=configure_radio_from_reset active_phy=3 configured=1 awake=1
DBG_DWM_MARK_UNCONFIGURED tag=initialise_radio prev_phy=0
DBG_DWM_CH5_RX_HUNT_START acq=100 complete=15 cap=1021
DBG_DWM_CH5_RX_HUNT_EMPTY ret=-116 status=0x00000000 acq=100
DBG_ANCHOR_CH5_SCAN_DONE ret=-116 len=0 fail=1 pre=0 q=0 rx_us=100311 complete=15
DBG_ANCHOR_CH5_POST_CH9_RECOVERY_SCAN win=100 ret=-116 pre=0
DBG_ANCHOR_CH5_SCAN_RESCHED ret=1 delay=380
DBG_ANCHOR_CH5_SCAN_HANDLER role=2
DBG_DWM_INVALIDATE tag=configure_radio_from_reset active_phy=2 configured=1 awake=1
DBG_DWM_MARK_UNCONFIGURED tag=initialise_radio prev_phy=0
DBG_DWM_CH5_RX_HUNT_START acq=3 complete=15 cap=1021
DBG_DWM_CH5_RX_HUNT_EMPTY ret=-116 status=0x00000000 acq=3
DBG_ANCHOR_CH5_SCAN_RESCHED ret=1 delay=380
DBG_ANCHOR_CH5_SCAN_HANDLER role=2
DBG_DWM_INVALIDATE tag=configure_radio_from_reset active_phy=2 configured=1 awake=1
DBG_DWM_MARK_UNCONFIGURED tag=initialise_radio prev_phy=0
DBG_DWM_CH5_RX_HUNT_START acq=3 complete=15 cap=1021
DBG_DWM_CH5_RX_HUNT_EMPTY ret=-116 status=0x00000000 acq=3
DBG_ANCHOR_CH5_SCAN_RESCHED ret=1 delay=380
DBG_CH9_SKIP_STALE n=1 now=117798 next=117858 cnt=1480745023 reason=rx-select
DBG_CH9_RX_SLOT idx=0 cnt=1480745023 now=117798 start=117858 end=117978
DBG_CH9_EVENT_STATE state=granted peer=0x191a9619c6c8cb07 start=117858 end=117978 reason=rx-slot
DBG_CH9_RX_START idx=0 now=117798 start=117858 end=117978 tail=60
DBG_DWM_INVALIDATE tag=configure_radio_from_reset active_phy=2 configured=1 awake=1
DBG_DWM_MARK_UNCONFIGURED tag=initialise_radio prev_phy=0
DBG_CH9_RX_CONFIG_OK
DBG_CH9_RX_EARLY_ARM now=117821 start=117858 guard=60
DBG_CH9_RX_ARMED now=117821 start=117858 end=117978 deadline=118038
DBG_DWM_KEEP_IDLE reason=ch9-rx ch9=1 ack=0 qack=0 ret=0
DBG_CH9_RX_EMPTY
DBG_CH9_RX_TIMEOUT
DBG_CH9_RX_MISS frames=0 now=118040 start=117858 end=117978 fail=0
DBG_CH9_EVENT_STATE state=window_expired peer=0x191a9619c6c8cb07 start=117858 end=117978 reason=rx-slot
DBG_ANCHOR_CH5_SCAN_HANDLER role=2
DBG_ANCHOR_CH5_SCAN_ARM now=118116 win=100 complete=15 interval=380 wait=0 tx=0 response=0
DBG_DWM_INVALIDATE tag=configure_radio_from_reset active_phy=3 configured=1 awake=1
DBG_DWM_MARK_UNCONFIGURED tag=initialise_radio prev_phy=0
DBG_DWM_CH5_RX_HUNT_START acq=100 complete=15 cap=1021
DBG_DWM_CH5_RX_HUNT_EMPTY ret=-116 status=0x00000000 acq=100
DBG_ANCHOR_CH5_SCAN_DONE ret=-116 len=0 fail=1 pre=0 q=0 rx_us=100769 complete=15
DBG_ANCHOR_CH5_POST_CH9_RECOVERY_SCAN win=100 ret=-116 pre=0
DBG_ANCHOR_CH5_SCAN_RESCHED ret=1 delay=380
DBG_ANCHOR_CH5_SCAN_HANDLER role=2
DBG_DWM_INVALIDATE tag=configure_radio_from_reset active_phy=2 configured=1 awake=1
DBG_DWM_MARK_UNCONFIGURED tag=initialise_radio prev_phy=0
DBG_DWM_CH5_RX_HUNT_START acq=3 complete=15 cap=1021
DBG_DWM_CH5_RX_HUNT_EMPTY ret=-116 status=0x00000000 acq=3
DBG_ANCHOR_CH5_SCAN_RESCHED ret=1 delay=380
DBG_ANCHOR_CH5_SCAN_HANDLER role=2
DBG_ANCHOR_CH9_REARM delay=52 ret=1 ack=0
DBG_ANCHOR_CH5_SCAN_BLOCKED win=0 survey=0 tx=0 retry_gap=0 flood=0 wait=0 rx=0 rxq=0 rxr=0 ack=0 ch9=1 rf=0 retry=297 interva
DBG_ANCHOR_CH5_SCAN_RESCHED ret=1 delay=297
DBG_CH9_SKIP_STALE n=1 now=119078 next=119138 cnt=1480745025 reason=rx-select
DBG_CH9_RX_SLOT idx=0 cnt=1480745025 now=119078 start=119138 end=119258
DBG_CH9_EVENT_STATE state=granted peer=0x191a9619c6c8cb07 start=119138 end=119258 reason=rx-slot
DBG_CH9_RX_START idx=0 now=119078 start=119138 end=119258 tail=60
DBG_DWM_INVALIDATE tag=configure_radio_from_reset active_phy=2 configured=1 awake=1
DBG_DWM_MARK_UNCONFIGURED tag=initialise_radio prev_phy=0
DBG_CH9_RX_CONFIG_OK
DBG_CH9_RX_EARLY_ARM now=119100 start=119138 guard=60
DBG_CH9_RX_ARMED now=119100 start=119138 end=119258 deadline=119318
DBG_DWM_KEEP_IDLE reason=ch9-rx ch9=1 ack=0 qack=0 ret=0
DBG_CH9_RX_EMPTY
DBG_CH9_RX_TIMEOUT
DBG_CH9_RX_MISS frames=0 now=119320 start=119138 end=119258 fail=0
DBG_CH9_EVENT_STATE state=window_expired peer=0x191a9619c6c8cb07 start=119138 end=119258 reason=rx-slot
DBG_ANCHOR_CH5_SCAN_HANDLER role=2
DBG_ANCHOR_CH5_SCAN_ARM now=119324 win=100 complete=15 interval=380 wait=0 tx=0 response=0
DBG_DWM_INVALIDATE tag=configure_radio_from_reset active_phy=3 configured=1 awake=1
DBG_DWM_MARK_UNCONFIGURED tag=initialise_radio prev_phy=0
DBG_DWM_CH5_RX_HUNT_START acq=100 complete=15 cap=1021
DBG_DWM_CH5_RX_HUNT_EMPTY ret=-116 status=0x00000000 acq=100
DBG_ANCHOR_CH5_SCAN_DONE ret=-116 len=0 fail=1 pre=0 q=0 rx_us=100494 complete=15
DBG_ANCHOR_CH5_POST_CH9_RECOVERY_SCAN win=100 ret=-116 pre=0
DBG_ANCHOR_CH5_SCAN_RESCHED ret=1 delay=380
DBG_ANCHOR_CH5_SCAN_HANDLER role=2
DBG_DWM_INVALIDATE tag=configure_radio_from_reset active_phy=2 configured=1 awake=1
DBG_DWM_MARK_UNCONFIGURED tag=initialise_radio prev_phy=0
DBG_DWM_CH5_RX_HUNT_START acq=3 complete=15 cap=1021
DBG_DWM_CH5_RX_HUNT_EMPTY ret=-116 status=0x00000000 acq=3
DBG_ANCHOR_CH5_SCAN_RESCHED ret=1 delay=380
DBG_ANCHOR_CH5_SCAN_HANDLER role=2
DBG_DWM_INVALIDATE tag=configure_radio_from_reset active_phy=2 configured=1 awake=1
DBG_DWM_MARK_UNCONFIGURED tag=initialise_radio prev_phy=0
DBG_DWM_CH5_RX_HUNT_START acq=3 complete=15 cap=1021
DBG_DWM_CH5_RX_HUNT_EMPTY ret=-116 status=0x00000000 acq=3
DBG_ANCHOR_CH5_SCAN_RESCHED ret=1 delay=380
DBG_CH9_SKIP_STALE n=1 now=120358 next=120418 cnt=1480745027 reason=rx-select
DBG_CH9_RX_SLOT idx=0 cnt=1480745027 now=120358 start=120418 end=120538
DBG_CH9_EVENT_STATE state=granted peer=0x191a9619c6c8cb07 start=120418 end=120538 reason=rx-slot
DBG_CH9_RX_START idx=0 now=120358 start=120418 end=120538 tail=60
DBG_DWM_INVALIDATE tag=configure_radio_from_reset active_phy=2 configured=1 awake=1
DBG_DWM_MARK_UNCONFIGURED tag=initialise_radio prev_phy=0
DBG_CH9_RX_CONFIG_OK
DBG_CH9_RX_EARLY_ARM now=120381 start=120418 guard=60
DBG_CH9_RX_ARMED now=120381 start=120418 end=120538 deadline=120598
DBG_DWM_KEEP_IDLE reason=ch9-rx ch9=1 ack=0 qack=0 ret=0
DBG_CH9_RX_EMPTY
DBG_CH9_RX_TIMEOUT
DBG_CH9_RX_MISS frames=0 now=120599 start=120418 end=120538 fail=0
DBG_CH9_EVENT_STATE state=window_expired peer=0x191a9619c6c8cb07 start=120418 end=120538 reason=rx-slot
DBG_ANCHOR_CH5_SCAN_HANDLER role=2
DBG_ANCHOR_CH5_SCAN_ARM now=120640 win=100 complete=15 interval=380 wait=0 tx=0 response=0
DBG_DWM_INVALIDATE tag=configure_radio_from_reset active_phy=3 configured=1 awake=1
DBG_DWM_MARK_UNCONFIGURED tag=initialise_radio prev_phy=0
DBG_DWM_CH5_RX_HUNT_START acq=100 complete=15 cap=1021
DBG_DWM_CH5_RX_HUNT_EMPTY ret=-116 status=0x00000000 acq=100
DBG_ANCHOR_CH5_SCAN_DONE ret=-116 len=0 fail=1 pre=0 q=0 rx_us=101104 complete=15
DBG_ANCHOR_CH5_POST_CH9_RECOVERY_SCAN win=100 ret=-116 pre=0
DBG_ANCHOR_CH5_SCAN_RESCHED ret=1 delay=380
DBG_ANCHOR_CH5_SCAN_HANDLER role=2
DBG_DWM_INVALIDATE tag=configure_radio_from_reset active_phy=2 configured=1 awake=1
DBG_DWM_MARK_UNCONFIGURED tag=initialise_radio prev_phy=0
DBG_DWM_CH5_RX_HUNT_START acq=3 complete=15 cap=1021
DBG_DWM_CH5_RX_HUNT_EMPTY ret=-116 status=0x00000000 acq=3
DBG_ANCHOR_CH5_SCAN_RESCHED ret=1 delay=380
DBG_ANCHOR_CH5_SCAN_HANDLER role=2
DBG_DWM_INVALIDATE tag=configure_radio_from_reset active_phy=2 configured=1 awake=1
DBG_DWM_MARK_UNCONFIGURED tag=initialise_radio prev_phy=0
DBG_DWM_CH5_RX_HUNT_START acq=3 complete=15 cap=1021
DBG_DWM_CH5_RX_HUNT_EMPTY ret=-116 status=0x00000000 acq=3
DBG_ANCHOR_CH5_SCAN_RESCHED ret=1 delay=380
DBG_CH9_SKIP_STALE n=1 now=121638 next=121698 cnt=1480745029 reason=rx-select
DBG_CH9_RX_SLOT idx=0 cnt=1480745029 now=121638 start=121698 end=121818
DBG_CH9_EVENT_STATE state=granted peer=0x191a9619c6c8cb07 start=121698 end=121818 reason=rx-slot
DBG_CH9_RX_START idx=0 now=121638 start=121698 end=121818 tail=60
DBG_DWM_INVALIDATE tag=configure_radio_from_reset active_phy=2 configured=1 awake=1
DBG_DWM_MARK_UNCONFIGURED tag=initialise_radio prev_phy=0
DBG_CH9_RX_CONFIG_OK
DBG_CH9_RX_EARLY_ARM now=121661 start=121698 guard=60
DBG_CH9_RX_ARMED now=121661 start=121698 end=121818 deadline=121878
DBG_DWM_KEEP_IDLE reason=ch9-rx ch9=1 ack=0 qack=0 ret=0
DBG_CH9_RX_EMPTY
DBG_CH9_RX_TIMEOUT
DBG_CH9_RX_MISS frames=0 now=121880 start=121698 end=121818 fail=0
DBG_CH9_EVENT_STATE state=window_expired peer=0x191a9619c6c8cb07 start=121698 end=121818 reason=rx-slot
DBG_ANCHOR_CH5_SCAN_HANDLER role=2
DBG_ANCHOR_CH5_SCAN_ARM now=121956 win=100 complete=15 interval=380 wait=0 tx=0 response=0
DBG_DWM_INVALIDATE tag=configure_radio_from_reset active_phy=3 configured=1 awake=1
DBG_DWM_MARK_UNCONFIGURED tag=initialise_radio prev_phy=0
DBG_DWM_CH5_RX_HUNT_START acq=100 complete=15 cap=1021
DBG_DWM_CH5_RX_HUNT_EMPTY ret=-116 status=0x00000000 acq=100
DBG_ANCHOR_CH5_SCAN_DONE ret=-116 len=0 fail=1 pre=0 q=0 rx_us=101226 complete=15
DBG_ANCHOR_CH5_POST_CH9_RECOVERY_SCAN win=100 ret=-116 pre=0
DBG_ANCHOR_CH5_SCAN_RESCHED ret=1 delay=380
DBG_ANCHOR_CH5_SCAN_HANDLER role=2
DBG_DWM_INVALIDATE tag=configure_radio_from_reset active_phy=2 configured=1 awake=1
DBG_DWM_MARK_UNCONFIGURED tag=initialise_radio prev_phy=0
DBG_DWM_CH5_RX_HUNT_START acq=3 complete=15 cap=1021
DBG_DWM_CH5_RX_HUNT_EMPTY ret=-116 status=0x00000000 acq=3
DBG_ANCHOR_CH5_SCAN_RESCHED ret=1 delay=380
DBG_ANCHOR_CH5_SCAN_HANDLER role=2
DBG_ANCHOR_CH9_REARM delay=51 ret=1 ack=0
DBG_ANCHOR_CH5_SCAN_BLOCKED win=0 survey=0 tx=0 retry_gap=0 flood=0 wait=0 rx=0 rxq=0 rxr=0 ack=0 ch9=1 rf=0 retry=296 interva
DBG_ANCHOR_CH5_SCAN_RESCHED ret=1 delay=296
DBG_CH9_SKIP_STALE n=1 now=122918 next=122978 cnt=1480745031 reason=rx-select
DBG_CH9_RX_SLOT idx=0 cnt=1480745031 now=122918 start=122978 end=123098
DBG_CH9_EVENT_STATE state=granted peer=0x191a9619c6c8cb07 start=122978 end=123098 reason=rx-slot
DBG_CH9_RX_START idx=0 now=122919 start=122978 end=123098 tail=60
DBG_DWM_INVALIDATE tag=configure_radio_from_reset active_phy=2 configured=1 awake=1
DBG_DWM_MARK_UNCONFIGURED tag=initialise_radio prev_phy=0
DBG_CH9_RX_CONFIG_OK
DBG_CH9_RX_EARLY_ARM now=122941 start=122978 guard=60
DBG_CH9_RX_ARMED now=122941 start=122978 end=123098 deadline=123158
DBG_DWM_KEEP_IDLE reason=ch9-rx ch9=1 ack=0 qack=0 ret=0
DBG_CH9_RX_EMPTY
DBG_CH9_RX_TIMEOUT
DBG_CH9_RX_MISS frames=0 now=123160 start=122978 end=123098 fail=0
DBG_CH9_EVENT_STATE state=window_expired peer=0x191a9619c6c8cb07 start=122978 end=123098 reason=rx-slot
DBG_ANCHOR_CH5_SCAN_HANDLER role=2
DBG_ANCHOR_CH5_SCAN_ARM now=123164 win=100 complete=15 interval=380 wait=0 tx=0 response=0
DBG_DWM_INVALIDATE tag=configure_radio_from_reset active_phy=3 configured=1 awake=1
DBG_DWM_MARK_UNCONFIGURED tag=initialise_radio prev_phy=0
DBG_DWM_CH5_RX_HUNT_START acq=100 complete=15 cap=1021
DBG_DWM_CH5_RX_HUNT_EMPTY ret=-116 status=0x00000000 acq=100
DBG_ANCHOR_CH5_SCAN_DONE ret=-116 len=0 fail=1 pre=0 q=0 rx_us=101043 complete=15
DBG_ANCHOR_CH5_POST_CH9_RECOVERY_SCAN win=100 ret=-116 pre=0
DBG_ANCHOR_CH5_SCAN_RESCHED ret=1 delay=380
DBG_ANCHOR_CH5_SCAN_HANDLER role=2
DBG_DWM_INVALIDATE tag=configure_radio_from_reset active_phy=2 configured=1 awake=1
DBG_DWM_MARK_UNCONFIGURED tag=initialise_radio prev_phy=0
DBG_DWM_CH5_RX_HUNT_START acq=3 complete=15 cap=1021
DBG_DWM_CH5_RX_HUNT_EMPTY ret=-116 status=0x00000000 acq=3
DBG_ANCHOR_CH5_SCAN_RESCHED ret=1 delay=380
DBG_ANCHOR_CH5_SCAN_HANDLER role=2
DBG_DWM_INVALIDATE tag=configure_radio_from_reset active_phy=2 configured=1 awake=1
DBG_DWM_MARK_UNCONFIGURED tag=initialise_radio prev_phy=0
DBG_DWM_CH5_RX_HUNT_START acq=3 complete=15 cap=1021
DBG_DWM_CH5_RX_HUNT_EMPTY ret=-116 status=0x00000000 acq=3
DBG_ANCHOR_CH5_SCAN_RESCHED ret=1 delay=380
DBG_CH9_SKIP_STALE n=1 now=124198 next=124258 cnt=1480745033 reason=rx-select
DBG_CH9_RX_SLOT idx=0 cnt=1480745033 now=124198 start=124258 end=124378
DBG_CH9_EVENT_STATE state=granted peer=0x191a9619c6c8cb07 start=124258 end=124378 reason=rx-slot
DBG_CH9_RX_START idx=0 now=124199 start=124258 end=124378 tail=60
DBG_DWM_INVALIDATE tag=configure_radio_from_reset active_phy=2 configured=1 awake=1
DBG_DWM_MARK_UNCONFIGURED tag=initialise_radio prev_phy=0
DBG_CH9_RX_CONFIG_OK
DBG_CH9_RX_EARLY_ARM now=124220 start=124258 guard=60
DBG_CH9_RX_ARMED now=124220 start=124258 end=124378 deadline=124438
DBG_DWM_KEEP_IDLE reason=ch9-rx ch9=1 ack=0 qack=0 ret=0
DBG_CH9_RX_EMPTY
DBG_CH9_RX_TIMEOUT
DBG_CH9_RX_MISS frames=0 now=124440 start=124258 end=124378 fail=0
DBG_CH9_EVENT_STATE state=window_expired peer=0x191a9619c6c8cb07 start=124258 end=124378 reason=rx-slot
DBG_ANCHOR_CH5_SCAN_HANDLER role=2
DBG_ANCHOR_CH5_SCAN_ARM now=124480 win=100 complete=15 interval=380 wait=0 tx=0 response=0
DBG_DWM_INVALIDATE tag=configure_radio_from_reset active_phy=3 configured=1 awake=1
DBG_DWM_MARK_UNCONFIGURED tag=initialise_radio prev_phy=0
DBG_DWM_CH5_RX_HUNT_START acq=100 complete=15 cap=1021
DBG_DWM_CH5_RX_HUNT_EMPTY ret=-116 status=0x00000000 acq=100
DBG_ANCHOR_CH5_SCAN_DONE ret=-116 len=0 fail=1 pre=0 q=0 rx_us=101074 complete=15
DBG_ANCHOR_CH5_POST_CH9_RECOVERY_SCAN win=100 ret=-116 pre=0
DBG_ANCHOR_CH5_SCAN_RESCHED ret=1 delay=380
DBG_ANCHOR_CH5_SCAN_HANDLER role=2
DBG_DWM_INVALIDATE tag=configure_radio_from_reset active_phy=2 configured=1 awake=1
DBG_DWM_MARK_UNCONFIGURED tag=initialise_radio prev_phy=0
DBG_DWM_CH5_RX_HUNT_START acq=3 complete=15 cap=1021
DBG_DWM_CH5_RX_HUNT_EMPTY ret=-116 status=0x00000000 acq=3
DBG_ANCHOR_CH5_SCAN_RESCHED ret=1 delay=380
DBG_ANCHOR_CH5_SCAN_HANDLER role=2
DBG_DWM_INVALIDATE tag=configure_radio_from_reset active_phy=2 configured=1 awake=1
DBG_DWM_MARK_UNCONFIGURED tag=initialise_radio prev_phy=0
DBG_DWM_CH5_RX_HUNT_START acq=3 complete=15 cap=1021
DBG_DWM_CH5_RX_HUNT_EMPTY ret=-116 status=0x00000000 acq=3
DBG_ANCHOR_CH5_SCAN_RESCHED ret=1 delay=380
DBG_CH9_SKIP_STALE n=1 now=125478 next=125538 cnt=1480745035 reason=rx-select
DBG_CH9_RX_SLOT idx=0 cnt=1480745035 now=125478 start=125538 end=125658
DBG_CH9_EVENT_STATE state=granted peer=0x191a9619c6c8cb07 start=125538 end=125658 reason=rx-slot
DBG_CH9_RX_START idx=0 now=125479 start=125538 end=125658 tail=60
DBG_DWM_INVALIDATE tag=configure_radio_from_reset active_phy=2 configured=1 awake=1
DBG_DWM_MARK_UNCONFIGURED tag=initialise_radio prev_phy=0
DBG_CH9_RX_CONFIG_OK
DBG_CH9_RX_EARLY_ARM now=125501 start=125538 guard=60
DBG_CH9_RX_ARMED now=125501 start=125538 end=125658 deadline=125718
DBG_DWM_KEEP_IDLE reason=ch9-rx ch9=1 ack=0 qack=0 ret=0
DBG_CH9_RX_EMPTY
DBG_CH9_RX_TIMEOUT
DBG_CH9_RX_MISS frames=0 now=125720 start=125538 end=125658 fail=0
DBG_CH9_EVENT_STATE state=window_expired peer=0x191a9619c6c8cb07 start=125538 end=125658 reason=rx-slot
DBG_ANCHOR_CH5_SCAN_HANDLER role=2
DBG_ANCHOR_CH5_SCAN_ARM now=125797 win=100 complete=15 interval=380 wait=0 tx=0 response=0
DBG_DWM_INVALIDATE tag=configure_radio_from_reset active_phy=3 configured=1 awake=1
DBG_DWM_MARK_UNCONFIGURED tag=initialise_radio prev_phy=0
DBG_DWM_CH5_RX_HUNT_START acq=100 complete=15 cap=1021
DBG_DWM_CH5_RX_HUNT_EMPTY ret=-116 status=0x00000000 acq=100
DBG_ANCHOR_CH5_SCAN_DONE ret=-116 len=0 fail=1 pre=0 q=0 rx_us=101257 complete=15
DBG_ANCHOR_CH5_POST_CH9_RECOVERY_SCAN win=100 ret=-116 pre=0
DBG_ANCHOR_CH5_SCAN_RESCHED ret=1 delay=380
DBG_ANCHOR_CH5_SCAN_HANDLER role=2
DBG_DWM_INVALIDATE tag=configure_radio_from_reset active_phy=2 configured=1 awake=1
DBG_DWM_MARK_UNCONFIGURED tag=initialise_radio prev_phy=0
DBG_DWM_CH5_RX_HUNT_START acq=3 complete=15 cap=1021
DBG_DWM_CH5_RX_HUNT_EMPTY ret=-116 status=0x00000000 acq=3
DBG_ANCHOR_CH5_SCAN_RESCHED ret=1 delay=380
DBG_ANCHOR_CH5_SCAN_HANDLER role=2
DBG_ANCHOR_CH9_REARM delay=50 ret=1 ack=0
DBG_ANCHOR_CH5_SCAN_BLOCKED win=0 survey=0 tx=0 retry_gap=0 flood=0 wait=0 rx=0 rxq=0 rxr=0 ack=0 ch9=1 rf=0 retry=295 interva
DBG_ANCHOR_CH5_SCAN_RESCHED ret=1 delay=295
DBG_CH9_SKIP_STALE n=1 now=126758 next=126818 cnt=1480745037 reason=rx-select
DBG_CH9_RX_SLOT idx=0 cnt=1480745037 now=126758 start=126818 end=126938
DBG_CH9_EVENT_STATE state=granted peer=0x191a9619c6c8cb07 start=126818 end=126938 reason=rx-slot
DBG_CH9_RX_START idx=0 now=126758 start=126818 end=126938 tail=60
DBG_DWM_INVALIDATE tag=configure_radio_from_reset active_phy=2 configured=1 awake=1
DBG_DWM_MARK_UNCONFIGURED tag=initialise_radio prev_phy=0
DBG_CH9_RX_CONFIG_OK
DBG_CH9_RX_EARLY_ARM now=126780 start=126818 guard=60
DBG_CH9_RX_ARMED now=126781 start=126818 end=126938 deadline=126998
DBG_DWM_KEEP_IDLE reason=ch9-rx ch9=1 ack=0 qack=0 ret=0
DBG_CH9_RX_EMPTY
DBG_CH9_RX_TIMEOUT
DBG_CH9_RX_MISS frames=0 now=126999 start=126818 end=126938 fail=0
DBG_CH9_EVENT_STATE state=window_expired peer=0x191a9619c6c8cb07 start=126818 end=126938 reason=rx-slot
DBG_ANCHOR_CH5_SCAN_HANDLER role=2
DBG_ANCHOR_CH5_SCAN_ARM now=127003 win=100 complete=15 interval=380 wait=0 tx=0 response=0
DBG_DWM_INVALIDATE tag=configure_radio_from_reset active_phy=3 configured=1 awake=1
DBG_DWM_MARK_UNCONFIGURED tag=initialise_radio prev_phy=0
DBG_DWM_CH5_RX_HUNT_START acq=100 complete=15 cap=1021
DBG_DWM_CH5_RX_HUNT_EMPTY ret=-116 status=0x00000000 acq=100
DBG_ANCHOR_CH5_SCAN_DONE ret=-116 len=0 fail=1 pre=0 q=0 rx_us=100616 complete=15
DBG_ANCHOR_CH5_POST_CH9_RECOVERY_SCAN win=100 ret=-116 pre=0
DBG_ANCHOR_CH5_SCAN_RESCHED ret=1 delay=380
DBG_ANCHOR_CH5_SCAN_HANDLER role=2
DBG_DWM_INVALIDATE tag=configure_radio_from_reset active_phy=2 configured=1 awake=1
DBG_DWM_MARK_UNCONFIGURED tag=initialise_radio prev_phy=0
DBG_DWM_CH5_RX_HUNT_START acq=3 complete=15 cap=1021
DBG_DWM_CH5_RX_HUNT_EMPTY ret=-116 status=0x00000000 acq=3
DBG_ANCHOR_CH5_SCAN_RESCHED ret=1 delay=380
DBG_ANCHOR_CH5_SCAN_HANDLER role=2
DBG_DWM_INVALIDATE tag=configure_radio_from_reset active_phy=2 configured=1 awake=1
DBG_DWM_MARK_UNCONFIGURED tag=initialise_radio prev_phy=0
DBG_DWM_CH5_RX_HUNT_START acq=3 complete=15 cap=1021
DBG_DWM_CH5_RX_HUNT_EMPTY ret=-116 status=0x00000000 acq=3
DBG_ANCHOR_CH5_SCAN_RESCHED ret=1 delay=380
DBG_CH9_SKIP_STALE n=1 now=128038 next=128098 cnt=1480745039 reason=rx-select
DBG_CH9_RX_SLOT idx=0 cnt=1480745039 now=128038 start=128098 end=128218
DBG_CH9_EVENT_STATE state=granted peer=0x191a9619c6c8cb07 start=128098 end=128218 reason=rx-slot
DBG_CH9_RX_START idx=0 now=128038 start=128098 end=128218 tail=60
DBG_DWM_INVALIDATE tag=configure_radio_from_reset active_phy=2 configured=1 awake=1
DBG_DWM_MARK_UNCONFIGURED tag=initialise_radio prev_phy=0
DBG_CH9_RX_CONFIG_OK
DBG_CH9_RX_EARLY_ARM now=128060 start=128098 guard=60
DBG_CH9_RX_ARMED now=128060 start=128098 end=128218 deadline=128278
DBG_DWM_KEEP_IDLE reason=ch9-rx ch9=1 ack=0 qack=0 ret=0
DBG_CH9_RX_EMPTY
DBG_CH9_RX_TIMEOUT
DBG_CH9_RX_MISS frames=0 now=128280 start=128098 end=128218 fail=0
DBG_CH9_EVENT_STATE state=window_expired peer=0x191a9619c6c8cb07 start=128098 end=128218 reason=rx-slot
DBG_ANCHOR_CH5_SCAN_HANDLER role=2
DBG_ANCHOR_CH5_SCAN_ARM now=128320 win=100 complete=15 interval=380 wait=0 tx=0 response=0
DBG_DWM_INVALIDATE tag=configure_radio_from_reset active_phy=3 configured=1 awake=1
DBG_DWM_MARK_UNCONFIGURED tag=initialise_radio prev_phy=0
DBG_DWM_CH5_RX_HUNT_START acq=100 complete=15 cap=1021
DBG_DWM_CH5_RX_HUNT_EMPTY ret=-116 status=0x00000000 acq=100
DBG_ANCHOR_CH5_SCAN_DONE ret=-116 len=0 fail=1 pre=0 q=0 rx_us=100189 complete=15
DBG_ANCHOR_CH5_POST_CH9_RECOVERY_SCAN win=100 ret=-116 pre=0
DBG_ANCHOR_CH5_SCAN_RESCHED ret=1 delay=380
DBG_ANCHOR_CH5_SCAN_HANDLER role=2
DBG_DWM_INVALIDATE tag=configure_radio_from_reset active_phy=2 configured=1 awake=1
DBG_DWM_MARK_UNCONFIGURED tag=initialise_radio prev_phy=0
DBG_DWM_CH5_RX_HUNT_START acq=3 complete=15 cap=1021
DBG_DWM_CH5_RX_HUNT_EMPTY ret=-116 status=0x00000000 acq=3
DBG_ANCHOR_CH5_SCAN_RESCHED ret=1 delay=380
DBG_ANCHOR_CH5_SCAN_HANDLER role=2
DBG_DWM_INVALIDATE tag=configure_radio_from_reset active_phy=2 configured=1 awake=1
DBG_DWM_MARK_UNCONFIGURED tag=initialise_radio prev_phy=0
DBG_DWM_CH5_RX_HUNT_START acq=3 complete=15 cap=1021
DBG_DWM_CH5_RX_HUNT_EMPTY ret=-116 status=0x00000000 acq=3
DBG_ANCHOR_CH5_SCAN_RESCHED ret=1 delay=380
DBG_CH9_SKIP_STALE n=1 now=129318 next=129378 cnt=1480745041 reason=rx-select
DBG_CH9_RX_SLOT idx=0 cnt=1480745041 now=129318 start=129378 end=129498
DBG_CH9_EVENT_STATE state=granted peer=0x191a9619c6c8cb07 start=129378 end=129498 reason=rx-slot
DBG_CH9_RX_START idx=0 now=129319 start=129378 end=129498 tail=60
DBG_DWM_INVALIDATE tag=configure_radio_from_reset active_phy=2 configured=1 awake=1
DBG_DWM_MARK_UNCONFIGURED tag=initialise_radio prev_phy=0
DBG_CH9_RX_CONFIG_OK
DBG_CH9_RX_EARLY_ARM now=129341 start=129378 guard=60
DBG_CH9_RX_ARMED now=129341 start=129378 end=129498 deadline=129558
DBG_DWM_KEEP_IDLE reason=ch9-rx ch9=1 ack=0 qack=0 ret=0
DBG_CH9_RX_EMPTY
DBG_CH9_RX_TIMEOUT
DBG_CH9_RX_MISS frames=0 now=129560 start=129378 end=129498 fail=0
DBG_CH9_EVENT_STATE state=window_expired peer=0x191a9619c6c8cb07 start=129378 end=129498 reason=rx-slot
DBG_ANCHOR_CH5_SCAN_HANDLER role=2
DBG_ANCHOR_CH5_SCAN_ARM now=129636 win=100 complete=15 interval=380 wait=0 tx=0 response=0
DBG_DWM_INVALIDATE tag=configure_radio_from_reset active_phy=3 configured=1 awake=1
DBG_DWM_MARK_UNCONFIGURED tag=initialise_radio prev_phy=0
DBG_DWM_CH5_RX_HUNT_START acq=100 complete=15 cap=1021
DBG_DWM_CH5_RX_HUNT_EMPTY ret=-116 status=0x00000000 acq=100
DBG_ANCHOR_CH5_SCAN_DONE ret=-116 len=0 fail=1 pre=0 q=0 rx_us=101104 complete=15
DBG_ANCHOR_CH5_POST_CH9_RECOVERY_SCAN win=100 ret=-116 pre=0
DBG_ANCHOR_CH5_SCAN_RESCHED ret=1 delay=380
DBG_ANCHOR_CH5_SCAN_HANDLER role=2
DBG_DWM_INVALIDATE tag=configure_radio_from_reset active_phy=2 configured=1 awake=1
DBG_DWM_MARK_UNCONFIGURED tag=initialise_radio prev_phy=0
DBG_DWM_CH5_RX_HUNT_START acq=3 complete=15 cap=1021
DBG_DWM_CH5_RX_HUNT_EMPTY ret=-116 status=0x00000000 acq=3
DBG_ANCHOR_CH5_SCAN_RESCHED ret=1 delay=380
DBG_ANCHOR_CH5_SCAN_HANDLER role=2
DBG_ANCHOR_CH9_REARM delay=52 ret=1 ack=0
DBG_ANCHOR_CH5_SCAN_BLOCKED win=0 survey=0 tx=0 retry_gap=0 flood=0 wait=0 rx=0 rxq=0 rxr=0 ack=0 ch9=1 rf=0 retry=297 interva
DBG_ANCHOR_CH5_SCAN_RESCHED ret=1 delay=297
DBG_CH9_SKIP_STALE n=1 now=130598 next=130658 cnt=1480745043 reason=rx-select
DBG_CH9_RX_SLOT idx=0 cnt=1480745043 now=130598 start=130658 end=130778
DBG_CH9_EVENT_STATE state=granted peer=0x191a9619c6c8cb07 start=130658 end=130778 reason=rx-slot
DBG_CH9_RX_START idx=0 now=130598 start=130658 end=130778 tail=60
DBG_DWM_INVALIDATE tag=configure_radio_from_reset active_phy=2 configured=1 awake=1
DBG_DWM_MARK_UNCONFIGURED tag=initialise_radio prev_phy=0
DBG_CH9_RX_CONFIG_OK
DBG_CH9_RX_EARLY_ARM now=130621 start=130658 guard=60
DBG_CH9_RX_ARMED now=130621 start=130658 end=130778 deadline=130838
DBG_DWM_KEEP_IDLE reason=ch9-rx ch9=1 ack=0 qack=0 ret=0
DBG_CH9_RX_EMPTY
DBG_CH9_RX_TIMEOUT
DBG_CH9_RX_MISS frames=0 now=130839 start=130658 end=130778 fail=0
DBG_CH9_EVENT_STATE state=window_expired peer=0x191a9619c6c8cb07 start=130658 end=130778 reason=rx-slot
DBG_ANCHOR_CH5_SCAN_HANDLER role=2
DBG_ANCHOR_CH5_SCAN_ARM now=130844 win=100 complete=15 interval=380 wait=0 tx=0 response=0
DBG_DWM_INVALIDATE tag=configure_radio_from_reset active_phy=3 configured=1 awake=1
DBG_DWM_MARK_UNCONFIGURED tag=initialise_radio prev_phy=0
DBG_DWM_CH5_RX_HUNT_START acq=100 complete=15 cap=1021
DBG_DWM_CH5_RX_HUNT_EMPTY ret=-116 status=0x00000000 acq=100
DBG_ANCHOR_CH5_SCAN_DONE ret=-116 len=0 fail=1 pre=0 q=0 rx_us=100463 complete=15
DBG_ANCHOR_CH5_POST_CH9_RECOVERY_SCAN win=100 ret=-116 pre=0
DBG_ANCHOR_CH5_SCAN_RESCHED ret=1 delay=380
DBG_ANCHOR_CH5_SCAN_HANDLER role=2
DBG_DWM_INVALIDATE tag=configure_radio_from_reset active_phy=2 configured=1 awake=1
DBG_DWM_MARK_UNCONFIGURED tag=initialise_radio prev_phy=0
DBG_DWM_CH5_RX_HUNT_START acq=3 complete=15 cap=1021
DBG_DWM_CH5_RX_HUNT_EMPTY ret=-116 status=0x00000000 acq=3
DBG_ANCHOR_CH5_SCAN_RESCHED ret=1 delay=380
DBG_ANCHOR_CH5_SCAN_HANDLER role=2
DBG_DWM_INVALIDATE tag=configure_radio_from_reset active_phy=2 configured=1 awake=1
DBG_DWM_MARK_UNCONFIGURED tag=initialise_radio prev_phy=0
DBG_DWM_CH5_RX_HUNT_START acq=3 complete=15 cap=1021
DBG_DWM_CH5_RX_HUNT_EMPTY ret=-116 status=0x00000000 acq=3
DBG_ANCHOR_CH5_SCAN_RESCHED ret=1 delay=380
DBG_CH9_SKIP_STALE n=1 now=131878 next=131938 cnt=1480745045 reason=rx-select
DBG_CH9_RX_SLOT idx=0 cnt=1480745045 now=131878 start=131938 end=132058
DBG_CH9_EVENT_STATE state=granted peer=0x191a9619c6c8cb07 start=131938 end=132058 reason=rx-slot
DBG_CH9_RX_START idx=0 now=131878 start=131938 end=132058 tail=60
DBG_DWM_INVALIDATE tag=configure_radio_from_reset active_phy=2 configured=1 awake=1
DBG_DWM_MARK_UNCONFIGURED tag=initialise_radio prev_phy=0
DBG_CH9_RX_CONFIG_OK
DBG_CH9_RX_EARLY_ARM now=131901 start=131938 guard=60
DBG_CH9_RX_ARMED now=131901 start=131938 end=132058 deadline=132118
DBG_DWM_KEEP_IDLE reason=ch9-rx ch9=1 ack=0 qack=0 ret=0
DBG_CH9_RX_EMPTY
DBG_CH9_RX_TIMEOUT
DBG_CH9_RX_MISS frames=0 now=132119 start=131938 end=132058 fail=0
DBG_CH9_EVENT_STATE state=window_expired peer=0x191a9619c6c8cb07 start=131938 end=132058 reason=rx-slot
DBG_ANCHOR_CH5_SCAN_HANDLER role=2
DBG_ANCHOR_CH5_SCAN_ARM now=132160 win=100 complete=15 interval=380 wait=0 tx=0 response=0
DBG_DWM_INVALIDATE tag=configure_radio_from_reset active_phy=3 configured=1 awake=1
DBG_DWM_MARK_UNCONFIGURED tag=initialise_radio prev_phy=0
DBG_DWM_CH5_RX_HUNT_START acq=100 complete=15 cap=1021
DBG_DWM_CH5_RX_HUNT_EMPTY ret=-116 status=0x00000000 acq=100
DBG_ANCHOR_CH5_SCAN_DONE ret=-116 len=0 fail=1 pre=0 q=0 rx_us=100799 complete=15
DBG_ANCHOR_CH5_POST_CH9_RECOVERY_SCAN win=100 ret=-116 pre=0
DBG_ANCHOR_CH5_SCAN_RESCHED ret=1 delay=380
DBG_ANCHOR_CH5_SCAN_HANDLER role=2
DBG_DWM_INVALIDATE tag=configure_radio_from_reset active_phy=2 configured=1 awake=1
DBG_DWM_MARK_UNCONFIGURED tag=initialise_radio prev_phy=0
DBG_DWM_CH5_RX_HUNT_START acq=3 complete=15 cap=1021
DBG_DWM_CH5_RX_HUNT_EMPTY ret=-116 status=0x00000000 acq=3
DBG_ANCHOR_CH5_SCAN_RESCHED ret=1 delay=380
DBG_ANCHOR_CH5_SCAN_HANDLER role=2
DBG_DWM_INVALIDATE tag=configure_radio_from_reset active_phy=2 configured=1 awake=1
DBG_DWM_MARK_UNCONFIGURED tag=initialise_radio prev_phy=0
DBG_DWM_CH5_RX_HUNT_START acq=3 complete=15 cap=1021
DBG_DWM_CH5_RX_HUNT_EMPTY ret=-116 status=0x00000000 acq=3
DBG_ANCHOR_CH5_SCAN_RESCHED ret=1 delay=380
DBG_CH9_SKIP_STALE n=1 now=133158 next=133218 cnt=1480745047 reason=rx-select
DBG_CH9_RX_SLOT idx=0 cnt=1480745047 now=133158 start=133218 end=133338
DBG_CH9_EVENT_STATE state=granted peer=0x191a9619c6c8cb07 start=133218 end=133338 reason=rx-slot
DBG_CH9_RX_START idx=0 now=133158 start=133218 end=133338 tail=60
DBG_DWM_INVALIDATE tag=configure_radio_from_reset active_phy=2 configured=1 awake=1
DBG_DWM_MARK_UNCONFIGURED tag=initialise_radio prev_phy=0
DBG_CH9_RX_CONFIG_OK
DBG_CH9_RX_EARLY_ARM now=133180 start=133218 guard=60
DBG_CH9_RX_ARMED now=133180 start=133218 end=133338 deadline=133398
DBG_DWM_KEEP_IDLE reason=ch9-rx ch9=1 ack=0 qack=0 ret=0
DBG_CH9_RX_EMPTY
DBG_CH9_RX_TIMEOUT
DBG_CH9_RX_MISS frames=0 now=133399 start=133218 end=133338 fail=0
DBG_CH9_EVENT_STATE state=window_expired peer=0x191a9619c6c8cb07 start=133218 end=133338 reason=rx-slot
DBG_ANCHOR_CH5_SCAN_HANDLER role=2
DBG_ANCHOR_CH5_SCAN_ARM now=133476 win=100 complete=15 interval=380 wait=0 tx=0 response=0
DBG_DWM_INVALIDATE tag=configure_radio_from_reset active_phy=3 configured=1 awake=1
DBG_DWM_MARK_UNCONFIGURED tag=initialise_radio prev_phy=0
DBG_DWM_CH5_RX_HUNT_START acq=100 complete=15 cap=1021
DBG_DWM_CH5_RX_HUNT_EMPTY ret=-116 status=0x00000000 acq=100
DBG_ANCHOR_CH5_SCAN_DONE ret=-116 len=0 fail=1 pre=0 q=0 rx_us=101226 complete=15
DBG_ANCHOR_CH5_POST_CH9_RECOVERY_SCAN win=100 ret=-116 pre=0
DBG_ANCHOR_CH5_SCAN_RESCHED ret=1 delay=380
DBG_ANCHOR_CH5_SCAN_HANDLER role=2
DBG_DWM_INVALIDATE tag=configure_radio_from_reset active_phy=2 configured=1 awake=1
DBG_DWM_MARK_UNCONFIGURED tag=initialise_radio prev_phy=0
DBG_DWM_CH5_RX_HUNT_START acq=3 complete=15 cap=1021
DBG_DWM_CH5_RX_HUNT_EMPTY ret=-116 status=0x00000000 acq=3
DBG_ANCHOR_CH5_SCAN_RESCHED ret=1 delay=380
DBG_ANCHOR_CH5_SCAN_HANDLER role=2
DBG_ANCHOR_CH9_REARM delay=51 ret=1 ack=0
DBG_ANCHOR_CH5_SCAN_BLOCKED win=0 survey=0 tx=0 retry_gap=0 flood=0 wait=0 rx=0 rxq=0 rxr=0 ack=0 ch9=1 rf=0 retry=296 interva
DBG_ANCHOR_CH5_SCAN_RESCHED ret=1 delay=296
DBG_CH9_SKIP_STALE n=1 now=134438 next=134498 cnt=1480745049 reason=rx-select
DBG_CH9_RX_SLOT idx=0 cnt=1480745049 now=134438 start=134498 end=134618
DBG_CH9_EVENT_STATE state=granted peer=0x191a9619c6c8cb07 start=134498 end=134618 reason=rx-slot
DBG_CH9_RX_START idx=0 now=134438 start=134498 end=134618 tail=60
DBG_DWM_INVALIDATE tag=configure_radio_from_reset active_phy=2 configured=1 awake=1
DBG_DWM_MARK_UNCONFIGURED tag=initialise_radio prev_phy=0
DBG_CH9_RX_CONFIG_OK
DBG_CH9_RX_EARLY_ARM now=134460 start=134498 guard=60
DBG_CH9_RX_ARMED now=134461 start=134498 end=134618 deadline=134678
DBG_DWM_KEEP_IDLE reason=ch9-rx ch9=1 ack=0 qack=0 ret=0
DBG_CH9_RX_EMPTY
DBG_CH9_RX_TIMEOUT
DBG_CH9_RX_MISS frames=0 now=134679 start=134498 end=134618 fail=0
DBG_CH9_EVENT_STATE state=window_expired peer=0x191a9619c6c8cb07 start=134498 end=134618 reason=rx-slot
DBG_ANCHOR_CH5_SCAN_HANDLER role=2
DBG_ANCHOR_CH5_SCAN_ARM now=134683 win=100 complete=15 interval=380 wait=0 tx=0 response=0
DBG_DWM_INVALIDATE tag=configure_radio_from_reset active_phy=3 configured=1 awake=1
DBG_DWM_MARK_UNCONFIGURED tag=initialise_radio prev_phy=0
DBG_DWM_CH5_RX_HUNT_START acq=100 complete=15 cap=1021
DBG_DWM_CH5_RX_HUNT_EMPTY ret=-116 status=0x00000000 acq=100
DBG_ANCHOR_CH5_SCAN_DONE ret=-116 len=0 fail=1 pre=0 q=0 rx_us=100646 complete=15
DBG_ANCHOR_CH5_POST_CH9_RECOVERY_SCAN win=100 ret=-116 pre=0
DBG_ANCHOR_CH5_SCAN_RESCHED ret=1 delay=380
DBG_ANCHOR_CH5_SCAN_HANDLER role=2
DBG_DWM_INVALIDATE tag=configure_radio_from_reset active_phy=2 configured=1 awake=1
DBG_DWM_MARK_UNCONFIGURED tag=initialise_radio prev_phy=0
DBG_DWM_CH5_RX_HUNT_START acq=3 complete=15 cap=1021
DBG_DWM_CH5_RX_HUNT_EMPTY ret=-116 status=0x00000000 acq=3
DBG_ANCHOR_CH5_SCAN_RESCHED ret=1 delay=380
DBG_ANCHOR_CH5_SCAN_HANDLER role=2
DBG_DWM_INVALIDATE tag=configure_radio_from_reset active_phy=2 configured=1 awake=1
DBG_DWM_MARK_UNCONFIGURED tag=initialise_radio prev_phy=0
DBG_DWM_CH5_RX_HUNT_START acq=3 complete=15 cap=1021
DBG_DWM_CH5_RX_HUNT_EMPTY ret=-116 status=0x00000000 acq=3
DBG_ANCHOR_CH5_SCAN_RESCHED ret=1 delay=380
DBG_CH9_SKIP_STALE n=1 now=135718 next=135778 cnt=1480745051 reason=rx-select
DBG_CH9_RX_SLOT idx=0 cnt=1480745051 now=135718 start=135778 end=135898
DBG_CH9_EVENT_STATE state=granted peer=0x191a9619c6c8cb07 start=135778 end=135898 reason=rx-slot
DBG_CH9_RX_START idx=0 now=135718 start=135778 end=135898 tail=60
DBG_DWM_INVALIDATE tag=configure_radio_from_reset active_phy=2 configured=1 awake=1
DBG_DWM_MARK_UNCONFIGURED tag=initialise_radio prev_phy=0
DBG_CH9_RX_CONFIG_OK
DBG_CH9_RX_EARLY_ARM now=135741 start=135778 guard=60
DBG_CH9_RX_ARMED now=135741 start=135778 end=135898 deadline=135958
DBG_DWM_KEEP_IDLE reason=ch9-rx ch9=1 ack=0 qack=0 ret=0
DBG_CH9_RX_EMPTY
DBG_CH9_RX_TIMEOUT
DBG_CH9_RX_MISS frames=0 now=135959 start=135778 end=135898 fail=0
DBG_CH9_EVENT_STATE state=window_expired peer=0x191a9619c6c8cb07 start=135778 end=135898 reason=rx-slot
DBG_ANCHOR_CH5_SCAN_HANDLER role=2
DBG_ANCHOR_CH5_SCAN_ARM now=135999 win=100 complete=15 interval=380 wait=0 tx=0 response=0
DBG_DWM_INVALIDATE tag=configure_radio_from_reset active_phy=3 configured=1 awake=1
DBG_DWM_MARK_UNCONFIGURED tag=initialise_radio prev_phy=0
DBG_DWM_CH5_RX_HUNT_START acq=100 complete=15 cap=1021
DBG_DWM_CH5_RX_HUNT_EMPTY ret=-116 status=0x00000000 acq=100
DBG_ANCHOR_CH5_SCAN_DONE ret=-116 len=0 fail=1 pre=0 q=0 rx_us=101165 complete=15
DBG_ANCHOR_CH5_POST_CH9_RECOVERY_SCAN win=100 ret=-116 pre=0
DBG_ANCHOR_CH5_SCAN_RESCHED ret=1 delay=380
DBG_ANCHOR_CH5_SCAN_HANDLER role=2
DBG_DWM_INVALIDATE tag=configure_radio_from_reset active_phy=2 configured=1 awake=1
DBG_DWM_MARK_UNCONFIGURED tag=initialise_radio prev_phy=0
DBG_DWM_CH5_RX_HUNT_START acq=3 complete=15 cap=1021
DBG_DWM_CH5_RX_HUNT_EMPTY ret=-116 status=0x00000000 acq=3
DBG_ANCHOR_CH5_SCAN_RESCHED ret=1 delay=380
DBG_ANCHOR_CH5_SCAN_HANDLER role=2
DBG_DWM_INVALIDATE tag=configure_radio_from_reset active_phy=2 configured=1 awake=1
DBG_DWM_MARK_UNCONFIGURED tag=initialise_radio prev_phy=0
DBG_DWM_CH5_RX_HUNT_START acq=3 complete=15 cap=1021
DBG_DWM_CH5_RX_HUNT_EMPTY ret=-116 status=0x00000000 acq=3
DBG_ANCHOR_CH5_SCAN_RESCHED ret=1 delay=380
DBG_CH9_SKIP_STALE n=1 now=136998 next=137058 cnt=1480745053 reason=rx-select
DBG_CH9_RX_SLOT idx=0 cnt=1480745053 now=136998 start=137058 end=137178
DBG_CH9_EVENT_STATE state=granted peer=0x191a9619c6c8cb07 start=137058 end=137178 reason=rx-slot
DBG_CH9_RX_START idx=0 now=136998 start=137058 end=137178 tail=60
DBG_DWM_INVALIDATE tag=configure_radio_from_reset active_phy=2 configured=1 awake=1
DBG_DWM_MARK_UNCONFIGURED tag=initialise_radio prev_phy=0
DBG_CH9_RX_CONFIG_OK
DBG_CH9_RX_EARLY_ARM now=137021 start=137058 guard=60
DBG_CH9_RX_ARMED now=137021 start=137058 end=137178 deadline=137238
DBG_DWM_KEEP_IDLE reason=ch9-rx ch9=1 ack=0 qack=0 ret=0
DBG_CH9_RX_EMPTY
DBG_CH9_RX_TIMEOUT
DBG_CH9_RX_MISS frames=0 now=137239 start=137058 end=137178 fail=0
DBG_CH9_EVENT_STATE state=window_expired peer=0x191a9619c6c8cb07 start=137058 end=137178 reason=rx-slot
DBG_ANCHOR_CH5_SCAN_HANDLER role=2
DBG_ANCHOR_CH5_SCAN_ARM now=137315 win=100 complete=15 interval=380 wait=0 tx=0 response=0
DBG_DWM_INVALIDATE tag=configure_radio_from_reset active_phy=3 configured=1 awake=1
DBG_DWM_MARK_UNCONFIGURED tag=initialise_radio prev_phy=0
DBG_DWM_CH5_RX_HUNT_START acq=100 complete=15 cap=1021
DBG_DWM_CH5_RX_HUNT_EMPTY ret=-116 status=0x00000000 acq=100
DBG_ANCHOR_CH5_SCAN_DONE ret=-116 len=0 fail=1 pre=0 q=0 rx_us=100280 complete=15
DBG_ANCHOR_CH5_POST_CH9_RECOVERY_SCAN win=100 ret=-116 pre=0
DBG_ANCHOR_CH5_SCAN_RESCHED ret=1 delay=380
DBG_ANCHOR_CH5_SCAN_HANDLER role=2
DBG_DWM_INVALIDATE tag=configure_radio_from_reset active_phy=2 configured=1 awake=1
DBG_DWM_MARK_UNCONFIGURED tag=initialise_radio prev_phy=0
DBG_DWM_CH5_RX_HUNT_START acq=3 complete=15 cap=1021
DBG_DWM_CH5_RX_HUNT_EMPTY ret=-116 status=0x00000000 acq=3
DBG_ANCHOR_CH5_SCAN_RESCHED ret=1 delay=380
DBG_ANCHOR_CH5_SCAN_HANDLER role=2
DBG_ANCHOR_CH9_REARM delay=53 ret=1 ack=0
DBG_ANCHOR_CH5_SCAN_BLOCKED win=0 survey=0 tx=0 retry_gap=0 flood=0 wait=0 rx=0 rxq=0 rxr=0 ack=0 ch9=1 rf=0 retry=298 interva
DBG_ANCHOR_CH5_SCAN_RESCHED ret=1 delay=298
DBG_CH9_SKIP_STALE n=1 now=138278 next=138338 cnt=1480745055 reason=rx-select
DBG_CH9_RX_SLOT idx=0 cnt=1480745055 now=138278 start=138338 end=138458
DBG_CH9_EVENT_STATE state=granted peer=0x191a9619c6c8cb07 start=138338 end=138458 reason=rx-slot
DBG_CH9_RX_START idx=0 now=138279 start=138338 end=138458 tail=60
DBG_DWM_INVALIDATE tag=configure_radio_from_reset active_phy=2 configured=1 awake=1
DBG_DWM_MARK_UNCONFIGURED tag=initialise_radio prev_phy=0
DBG_CH9_RX_CONFIG_OK
DBG_CH9_RX_EARLY_ARM now=138301 start=138338 guard=60
DBG_CH9_RX_ARMED now=138301 start=138338 end=138458 deadline=138518
DBG_DWM_KEEP_IDLE reason=ch9-rx ch9=1 ack=0 qack=0 ret=0
DBG_CH9_RX_EMPTY
DBG_CH9_RX_TIMEOUT
DBG_CH9_RX_MISS frames=0 now=138519 start=138338 end=138458 fail=0
DBG_CH9_EVENT_STATE state=window_expired peer=0x191a9619c6c8cb07 start=138338 end=138458 reason=rx-slot
DBG_ANCHOR_CH5_SCAN_HANDLER role=2
DBG_ANCHOR_CH5_SCAN_ARM now=138524 win=100 complete=15 interval=380 wait=0 tx=0 response=0
DBG_DWM_INVALIDATE tag=configure_radio_from_reset active_phy=3 configured=1 awake=1
DBG_DWM_MARK_UNCONFIGURED tag=initialise_radio prev_phy=0
DBG_DWM_CH5_RX_HUNT_START acq=100 complete=15 cap=1021
DBG_DWM_CH5_RX_HUNT_EMPTY ret=-116 status=0x00000000 acq=100
DBG_ANCHOR_CH5_SCAN_DONE ret=-116 len=0 fail=1 pre=0 q=0 rx_us=100494 complete=15
DBG_ANCHOR_CH5_POST_CH9_RECOVERY_SCAN win=100 ret=-116 pre=0
DBG_ANCHOR_CH5_SCAN_RESCHED ret=1 delay=380
DBG_ANCHOR_CH5_SCAN_HANDLER role=2
DBG_DWM_INVALIDATE tag=configure_radio_from_reset active_phy=2 configured=1 awake=1
DBG_DWM_MARK_UNCONFIGURED tag=initialise_radio prev_phy=0
DBG_DWM_CH5_RX_HUNT_START acq=3 complete=15 cap=1021
DBG_DWM_CH5_RX_HUNT_EMPTY ret=-116 status=0x00000000 acq=3
DBG_ANCHOR_CH5_SCAN_RESCHED ret=1 delay=380
DBG_ANCHOR_CH5_SCAN_HANDLER role=2
DBG_DWM_INVALIDATE tag=configure_radio_from_reset active_phy=2 configured=1 awake=1
DBG_DWM_MARK_UNCONFIGURED tag=initialise_radio prev_phy=0
DBG_DWM_CH5_RX_HUNT_START acq=3 complete=15 cap=1021
DBG_DWM_CH5_RX_HUNT_EMPTY ret=-116 status=0x00000000 acq=3
DBG_ANCHOR_CH5_SCAN_RESCHED ret=1 delay=380
DBG_CH9_SKIP_STALE n=1 now=139558 next=139618 cnt=1480745057 reason=rx-select
DBG_CH9_RX_SLOT idx=0 cnt=1480745057 now=139558 start=139618 end=139738
DBG_CH9_EVENT_STATE state=granted peer=0x191a9619c6c8cb07 start=139618 end=139738 reason=rx-slot
DBG_CH9_RX_START idx=0 now=139558 start=139618 end=139738 tail=60
DBG_DWM_INVALIDATE tag=configure_radio_from_reset active_phy=2 configured=1 awake=1
DBG_DWM_MARK_UNCONFIGURED tag=initialise_radio prev_phy=0
DBG_CH9_RX_CONFIG_OK
DBG_CH9_RX_EARLY_ARM now=139581 start=139618 guard=60
DBG_CH9_RX_ARMED now=139581 start=139618 end=139738 deadline=139798
DBG_DWM_KEEP_IDLE reason=ch9-rx ch9=1 ack=0 qack=0 ret=0
DBG_CH9_RX_EMPTY
DBG_CH9_RX_TIMEOUT
DBG_CH9_RX_MISS frames=0 now=139800 start=139618 end=139738 fail=0
DBG_CH9_EVENT_STATE state=window_expired peer=0x191a9619c6c8cb07 start=139618 end=139738 reason=rx-slot
DBG_ANCHOR_CH5_SCAN_HANDLER role=2
DBG_ANCHOR_CH5_SCAN_ARM now=139840 win=100 complete=15 interval=380 wait=0 tx=0 response=0
DBG_DWM_INVALIDATE tag=configure_radio_from_reset active_phy=3 configured=1 awake=1
DBG_DWM_MARK_UNCONFIGURED tag=initialise_radio prev_phy=0
DBG_DWM_CH5_RX_HUNT_START acq=100 complete=15 cap=1021
DBG_DWM_CH5_RX_HUNT_EMPTY ret=-116 status=0x00000000 acq=100
DBG_ANCHOR_CH5_SCAN_DONE ret=-116 len=0 fail=1 pre=0 q=0 rx_us=101226 complete=15
DBG_ANCHOR_CH5_POST_CH9_RECOVERY_SCAN win=100 ret=-116 pre=0
DBG_ANCHOR_CH5_SCAN_RESCHED ret=1 delay=380
DBG_ANCHOR_CH5_SCAN_HANDLER role=2
DBG_DWM_INVALIDATE tag=configure_radio_from_reset active_phy=2 configured=1 awake=1
DBG_DWM_MARK_UNCONFIGURED tag=initialise_radio prev_phy=0
DBG_DWM_CH5_RX_HUNT_START acq=3 complete=15 cap=1021
DBG_DWM_CH5_RX_HUNT_EMPTY ret=-116 status=0x00000000 acq=3
DBG_ANCHOR_CH5_SCAN_RESCHED ret=1 delay=380
DBG_ANCHOR_CH5_SCAN_HANDLER role=2
DBG_DWM_INVALIDATE tag=configure_radio_from_reset active_phy=2 configured=1 awake=1
DBG_DWM_MARK_UNCONFIGURED tag=initialise_radio prev_phy=0
DBG_DWM_CH5_RX_HUNT_START acq=3 complete=15 cap=1021
DBG_DWM_CH5_RX_HUNT_EMPTY ret=-116 status=0x00000000 acq=3
DBG_ANCHOR_CH5_SCAN_RESCHED ret=1 delay=380
DBG_CH9_SKIP_STALE n=1 now=140838 next=140898 cnt=1480745059 reason=rx-select
DBG_CH9_RX_SLOT idx=0 cnt=1480745059 now=140838 start=140898 end=141018
DBG_CH9_EVENT_STATE state=granted peer=0x191a9619c6c8cb07 start=140898 end=141018 reason=rx-slot
DBG_CH9_RX_START idx=0 now=140838 start=140898 end=141018 tail=60
DBG_DWM_INVALIDATE tag=configure_radio_from_reset active_phy=2 configured=1 awake=1
DBG_DWM_MARK_UNCONFIGURED tag=initialise_radio prev_phy=0
DBG_CH9_RX_CONFIG_OK
DBG_CH9_RX_EARLY_ARM now=140861 start=140898 guard=60
DBG_CH9_RX_ARMED now=140861 start=140898 end=141018 deadline=141078
DBG_DWM_KEEP_IDLE reason=ch9-rx ch9=1 ack=0 qack=0 ret=0
DBG_CH9_RX_EMPTY
DBG_CH9_RX_TIMEOUT
DBG_CH9_RX_MISS frames=0 now=141080 start=140898 end=141018 fail=0
DBG_CH9_EVENT_STATE state=window_expired peer=0x191a9619c6c8cb07 start=140898 end=141018 reason=rx-slot
DBG_ANCHOR_CH5_SCAN_HANDLER role=2
DBG_ANCHOR_CH5_SCAN_ARM now=141157 win=100 complete=15 interval=380 wait=0 tx=0 response=0
DBG_DWM_INVALIDATE tag=configure_radio_from_reset active_phy=3 configured=1 awake=1
DBG_DWM_MARK_UNCONFIGURED tag=initialise_radio prev_phy=0
DBG_DWM_CH5_RX_HUNT_START acq=100 complete=15 cap=1021
DBG_DWM_CH5_RX_HUNT_EMPTY ret=-116 status=0x00000000 acq=100
DBG_ANCHOR_CH5_SCAN_DONE ret=-116 len=0 fail=1 pre=0 q=0 rx_us=100677 complete=15
DBG_ANCHOR_CH5_POST_CH9_RECOVERY_SCAN win=100 ret=-116 pre=0
DBG_ANCHOR_CH5_SCAN_RESCHED ret=1 delay=380
DBG_ANCHOR_CH5_SCAN_HANDLER role=2
DBG_DWM_INVALIDATE tag=configure_radio_from_reset active_phy=2 configured=1 awake=1
DBG_DWM_MARK_UNCONFIGURED tag=initialise_radio prev_phy=0
DBG_DWM_CH5_RX_HUNT_START acq=3 complete=15 cap=1021
DBG_DWM_CH5_RX_HUNT_EMPTY ret=-116 status=0x00000000 acq=3
DBG_ANCHOR_CH5_SCAN_RESCHED ret=1 delay=380
DBG_ANCHOR_CH5_SCAN_HANDLER role=2
DBG_ANCHOR_CH9_REARM delay=51 ret=1 ack=0
DBG_ANCHOR_CH5_SCAN_BLOCKED win=0 survey=0 tx=0 retry_gap=0 flood=0 wait=0 rx=0 rxq=0 rxr=0 ack=0 ch9=1 rf=0 retry=296 interva
DBG_ANCHOR_CH5_SCAN_RESCHED ret=1 delay=296
DBG_CH9_SKIP_STALE n=1 now=142118 next=142178 cnt=1480745061 reason=rx-select
DBG_CH9_RX_SLOT idx=0 cnt=1480745061 now=142118 start=142178 end=142298
DBG_CH9_EVENT_STATE state=granted peer=0x191a9619c6c8cb07 start=142178 end=142298 reason=rx-slot
DBG_CH9_RX_START idx=0 now=142118 start=142178 end=142298 tail=60
DBG_DWM_INVALIDATE tag=configure_radio_from_reset active_phy=2 configured=1 awake=1
DBG_DWM_MARK_UNCONFIGURED tag=initialise_radio prev_phy=0
DBG_CH9_RX_CONFIG_OK
DBG_CH9_RX_EARLY_ARM now=142140 start=142178 guard=60
DBG_CH9_RX_ARMED now=142140 start=142178 end=142298 deadline=142358
DBG_DWM_KEEP_IDLE reason=ch9-rx ch9=1 ack=0 qack=0 ret=0
DBG_CH9_RX_EMPTY
DBG_CH9_RX_TIMEOUT
DBG_CH9_RX_MISS frames=0 now=142359 start=142178 end=142298 fail=0
DBG_CH9_EVENT_STATE state=window_expired peer=0x191a9619c6c8cb07 start=142178 end=142298 reason=rx-slot
DBG_ANCHOR_CH5_SCAN_HANDLER role=2
DBG_ANCHOR_CH5_SCAN_ARM now=142364 win=100 complete=15 interval=380 wait=0 tx=0 response=0
DBG_DWM_INVALIDATE tag=configure_radio_from_reset active_phy=3 configured=1 awake=1
DBG_DWM_MARK_UNCONFIGURED tag=initialise_radio prev_phy=0
DBG_DWM_CH5_RX_HUNT_START acq=100 complete=15 cap=1021
DBG_DWM_CH5_RX_HUNT_EMPTY ret=-116 status=0x00000000 acq=100
DBG_ANCHOR_CH5_SCAN_DONE ret=-116 len=0 fail=1 pre=0 q=0 rx_us=100524 complete=15
DBG_ANCHOR_CH5_POST_CH9_RECOVERY_SCAN win=100 ret=-116 pre=0
DBG_ANCHOR_CH5_SCAN_RESCHED ret=1 delay=380
DBG_ANCHOR_CH5_SCAN_HANDLER role=2
DBG_DWM_INVALIDATE tag=configure_radio_from_reset active_phy=2 configured=1 awake=1
DBG_DWM_MARK_UNCONFIGURED tag=initialise_radio prev_phy=0
DBG_DWM_CH5_RX_HUNT_START acq=3 complete=15 cap=1021
DBG_DWM_CH5_RX_HUNT_EMPTY ret=-116 status=0x00000000 acq=3
DBG_ANCHOR_CH5_SCAN_RESCHED ret=1 delay=380
DBG_ANCHOR_CH5_SCAN_HANDLER role=2
DBG_DWM_INVALIDATE tag=configure_radio_from_reset active_phy=2 configured=1 awake=1
DBG_DWM_MARK_UNCONFIGURED tag=initialise_radio prev_phy=0
DBG_DWM_CH5_RX_HUNT_START acq=3 complete=15 cap=1021
DBG_DWM_CH5_RX_HUNT_EMPTY ret=-116 status=0x00000000 acq=3
DBG_ANCHOR_CH5_SCAN_RESCHED ret=1 delay=380
DBG_CH9_SKIP_STALE n=1 now=143398 next=143458 cnt=1480745063 reason=rx-select
DBG_CH9_RX_SLOT idx=0 cnt=1480745063 now=143398 start=143458 end=143578
DBG_CH9_EVENT_STATE state=granted peer=0x191a9619c6c8cb07 start=143458 end=143578 reason=rx-slot
DBG_CH9_RX_START idx=0 now=143398 start=143458 end=143578 tail=60
DBG_DWM_INVALIDATE tag=configure_radio_from_reset active_phy=2 configured=1 awake=1
DBG_DWM_MARK_UNCONFIGURED tag=initialise_radio prev_phy=0
DBG_CH9_RX_CONFIG_OK
DBG_CH9_RX_EARLY_ARM now=143421 start=143458 guard=60
DBG_CH9_RX_ARMED now=143421 start=143458 end=143578 deadline=143638
DBG_DWM_KEEP_IDLE reason=ch9-rx ch9=1 ack=0 qack=0 ret=0
DBG_CH9_RX_EMPTY
DBG_CH9_RX_TIMEOUT
DBG_CH9_RX_MISS frames=0 now=143638 start=143458 end=143578 fail=0
DBG_CH9_EVENT_STATE state=window_expired peer=0x191a9619c6c8cb07 start=143458 end=143578 reason=rx-slot
DBG_ANCHOR_CH5_SCAN_HANDLER role=2
DBG_ANCHOR_CH5_SCAN_ARM now=143680 win=100 complete=15 interval=380 wait=0 tx=0 response=0
DBG_DWM_INVALIDATE tag=configure_radio_from_reset active_phy=3 configured=1 awake=1
DBG_DWM_MARK_UNCONFIGURED tag=initialise_radio prev_phy=0
DBG_DWM_CH5_RX_HUNT_START acq=100 complete=15 cap=1021
DBG_DWM_CH5_RX_HUNT_EMPTY ret=-116 status=0x00000000 acq=100
DBG_ANCHOR_CH5_SCAN_DONE ret=-116 len=0 fail=1 pre=0 q=0 rx_us=101135 complete=15
DBG_ANCHOR_CH5_POST_CH9_RECOVERY_SCAN win=100 ret=-116 pre=0
DBG_ANCHOR_CH5_SCAN_RESCHED ret=1 delay=380
DBG_ANCHOR_CH5_SCAN_HANDLER role=2
DBG_DWM_INVALIDATE tag=configure_radio_from_reset active_phy=2 configured=1 awake=1
DBG_DWM_MARK_UNCONFIGURED tag=initialise_radio prev_phy=0
DBG_DWM_CH5_RX_HUNT_START acq=3 complete=15 cap=1021
DBG_DWM_CH5_RX_HUNT_EMPTY ret=-116 status=0x00000000 acq=3
DBG_ANCHOR_CH5_SCAN_RESCHED ret=1 delay=380
DBG_ANCHOR_CH5_SCAN_HANDLER role=2
DBG_DWM_INVALIDATE tag=configure_radio_from_reset active_phy=2 configured=1 awake=1
DBG_DWM_MARK_UNCONFIGURED tag=initialise_radio prev_phy=0
DBG_DWM_CH5_RX_HUNT_START acq=3 complete=15 cap=1021
DBG_DWM_CH5_RX_HUNT_EMPTY ret=-116 status=0x00000000 acq=3
DBG_ANCHOR_CH5_SCAN_RESCHED ret=1 delay=380
DBG_CH9_SKIP_STALE n=1 now=144678 next=144738 cnt=1480745065 reason=rx-select
DBG_CH9_RX_SLOT idx=0 cnt=1480745065 now=144678 start=144738 end=144858
DBG_CH9_EVENT_STATE state=granted peer=0x191a9619c6c8cb07 start=144738 end=144858 reason=rx-slot
DBG_CH9_RX_START idx=0 now=144678 start=144738 end=144858 tail=60
DBG_DWM_INVALIDATE tag=configure_radio_from_reset active_phy=2 configured=1 awake=1
DBG_DWM_MARK_UNCONFIGURED tag=initialise_radio prev_phy=0
DBG_CH9_RX_CONFIG_OK
DBG_CH9_RX_EARLY_ARM now=144700 start=144738 guard=60
DBG_CH9_RX_ARMED now=144701 start=144738 end=144858 deadline=144918
DBG_DWM_KEEP_IDLE reason=ch9-rx ch9=1 ack=0 qack=0 ret=0
DBG_CH9_RX_EMPTY
DBG_CH9_RX_TIMEOUT
DBG_CH9_RX_MISS frames=0 now=144918 start=144738 end=144858 fail=0
DBG_CH9_EVENT_STATE state=window_expired peer=0x191a9619c6c8cb07 start=144738 end=144858 reason=rx-slot
DBG_ANCHOR_CH5_SCAN_HANDLER role=2
DBG_ANCHOR_CH5_SCAN_ARM now=144996 win=100 complete=15 interval=380 wait=0 tx=0 response=0
DBG_DWM_INVALIDATE tag=configure_radio_from_reset active_phy=3 configured=1 awake=1
DBG_DWM_MARK_UNCONFIGURED tag=initialise_radio prev_phy=0
DBG_DWM_CH5_RX_HUNT_START acq=100 complete=15 cap=1021
DBG_DWM_CH5_RX_HUNT_EMPTY ret=-116 status=0x00000000 acq=100
DBG_ANCHOR_CH5_SCAN_DONE ret=-116 len=0 fail=1 pre=0 q=0 rx_us=100219 complete=15
DBG_ANCHOR_CH5_POST_CH9_RECOVERY_SCAN win=100 ret=-116 pre=0
DBG_ANCHOR_CH5_SCAN_RESCHED ret=1 delay=380
DBG_ANCHOR_CH5_SCAN_HANDLER role=2
DBG_DWM_INVALIDATE tag=configure_radio_from_reset active_phy=2 configured=1 awake=1
DBG_DWM_MARK_UNCONFIGURED tag=initialise_radio prev_phy=0
DBG_DWM_CH5_RX_HUNT_START acq=3 complete=15 cap=1021
DBG_DWM_CH5_RX_HUNT_EMPTY ret=-116 status=0x00000000 acq=3
DBG_ANCHOR_CH5_SCAN_RESCHED ret=1 delay=380
DBG_ANCHOR_CH5_SCAN_HANDLER role=2
DBG_ANCHOR_CH9_REARM delay=52 ret=1 ack=0
DBG_ANCHOR_CH5_SCAN_BLOCKED win=0 survey=0 tx=0 retry_gap=0 flood=0 wait=0 rx=0 rxq=0 rxr=0 ack=0 ch9=1 rf=0 retry=297 interva
DBG_ANCHOR_CH5_SCAN_RESCHED ret=1 delay=297
DBG_CH9_SKIP_STALE n=1 now=145958 next=146018 cnt=1480745067 reason=rx-select
DBG_CH9_RX_SLOT idx=0 cnt=1480745067 now=145958 start=146018 end=146138
DBG_CH9_EVENT_STATE state=granted peer=0x191a9619c6c8cb07 start=146018 end=146138 reason=rx-slot
DBG_CH9_RX_START idx=0 now=145958 start=146018 end=146138 tail=60
DBG_DWM_INVALIDATE tag=configure_radio_from_reset active_phy=2 configured=1 awake=1
DBG_DWM_MARK_UNCONFIGURED tag=initialise_radio prev_phy=0
DBG_CH9_RX_CONFIG_OK
DBG_CH9_RX_EARLY_ARM now=145981 start=146018 guard=60
DBG_CH9_RX_ARMED now=145981 start=146018 end=146138 deadline=146198
DBG_DWM_KEEP_IDLE reason=ch9-rx ch9=1 ack=0 qack=0 ret=0
DBG_CH9_RX_EMPTY
DBG_CH9_RX_TIMEOUT
DBG_CH9_RX_MISS frames=0 now=146200 start=146018 end=146138 fail=0
DBG_CH9_EVENT_STATE state=window_expired peer=0x191a9619c6c8cb07 start=146018 end=146138 reason=rx-slot
DBG_ANCHOR_CH5_SCAN_HANDLER role=2
DBG_ANCHOR_CH5_SCAN_ARM now=146204 win=100 complete=15 interval=380 wait=0 tx=0 response=0
DBG_DWM_INVALIDATE tag=configure_radio_from_reset active_phy=3 configured=1 awake=1
DBG_DWM_MARK_UNCONFIGURED tag=initialise_radio prev_phy=0
DBG_DWM_CH5_RX_HUNT_START acq=100 complete=15 cap=1021
DBG_DWM_CH5_RX_HUNT_EMPTY ret=-116 status=0x00000000 acq=100
DBG_ANCHOR_CH5_SCAN_DONE ret=-116 len=0 fail=1 pre=0 q=0 rx_us=101196 complete=15
DBG_ANCHOR_CH5_POST_CH9_RECOVERY_SCAN win=100 ret=-116 pre=0
DBG_ANCHOR_CH5_SCAN_RESCHED ret=1 delay=380
DBG_ANCHOR_CH5_SCAN_HANDLER role=2
DBG_DWM_INVALIDATE tag=configure_radio_from_reset active_phy=2 configured=1 awake=1
DBG_DWM_MARK_UNCONFIGURED tag=initialise_radio prev_phy=0
DBG_DWM_CH5_RX_HUNT_START acq=3 complete=15 cap=1021
DBG_DWM_CH5_RX_ACTIVITY_EXTEND ret=0 status=0x00000100 complete=15
DBG_DWM_CH5_RX_ACTIVITY_WAIT status=0x00000100 remain=15
DBG_DWM_CH5_RX_ACTIVITY_DONE raw=51 payload=49 status=0x00006f00 rearm=0 extended=1
DBG_ANCHOR_CH5_SCAN_DONE ret=0 len=49 fail=0 pre=1 q=100 rx_us=8605 complete=15
DBG_UWB_RX_CH5
DBG_ANCHOR_CH5_FRAME len=49 q=100 wake_ret=0
DBG_ANCHOR_DIRECT_GATEWAY_WAKE_LISTEN src=0x9999888877776666 evt=4330890 flags=0x93
DBG_ANCHOR_ROUTE_WAKE_DISPATCH src=0x9999888877776666 evt=4330890 attempt=1 flags=0x93 len=49 q=100
DBG_C5_CONTACT phase=closing state=4 peer=0x708bc0aab970300e purpose=gateway_command_flood reason=replace
DBG_C5_CONTACT phase=open state=2 peer=0x9999888877776666 purpose=route_solicit reason=wake-claim
DBG_C5_CONTACT phase=accepted state=2 peer=0x9999888877776666 purpose=route_solicit reason=wake-claim
DBG_ANCHOR_ROUTE_WAKE_HANDOFF src=0x9999888877776666 evt=4330890 attempt=1 flags=0x93 embedded=0 listen=2000
DBG_ROUTE_REPLY_LISTEN_START
DBG_DWM_MARK_UNCONFIGURED tag=initialise_radio prev_phy=0
DBG_DWM_WAKE_MESH_CTRL_OK sfd=4073
DBG_ROUTE_REPLY_LISTEN_CONFIG ret=0 ext=1
DBG_C5_CONTROL_LISTENER_HOLD_EXTENDED
DBG_C5_RX_FAIL status=0x00001700 finfo=0x00000000 fail=4 phy=4 ch=5 plen=3 pac=2 txc=9 rxc=9 sfd=2 rate=0 phr=1 phrr=0 sfdto=4
DBG_C5_CONTROL_LISTENER_HOLD_EXTENDED
DBG_C5_CONTROL_LISTENER_HOLD_EXTENDED
DBG_C5_CONTROL_LISTENER_HOLD_EXTENDED
DBG_C5_CONTROL_LISTENER_HOLD_EXTENDED
DBG_C5_CONTROL_LISTENER_HOLD_EXTENDED
DBG_C5_CONTROL_LISTENER_HOLD_EXTENDED
DBG_C5_CONTROL_LISTENER_HOLD_EXTENDED
DBG_C5_CONTROL_LISTENER_HOLD_EXTENDED
DBG_C5_CONTROL_LISTENER_HOLD_EXTENDED
DBG_C5_CONTROL_LISTENER_HOLD_EXTENDED
DBG_C5_CONTROL_LISTENER_HOLD_EXTENDED
DBG_CH9_SKIP_STALE n=1 now=146842 next=147298 cnt=1480745069 reason=c5-listener-rx
DBG_C5_CONTROL_LISTENER_HOLD_EXTENDED
DBG_C5_CONTROL_LISTENER_HOLD_EXTENDED
DBG_C5_CONTROL_LISTENER_HOLD_EXTENDED
DBG_C5_CONTROL_LISTENER_HOLD_EXTENDED
DBG_C5_CONTROL_LISTENER_HOLD_EXTENDED
DBG_C5_CONTROL_LISTENER_HOLD_EXTENDED
DBG_C5_CONTROL_LISTENER_HOLD_EXTENDED
DBG_C5_CONTROL_LISTENER_HOLD_EXTENDED
DBG_C5_CONTROL_LISTENER_HOLD_EXTENDED
DBG_C5_CONTROL_LISTENER_HOLD_EXTENDED
DBG_C5_CONTROL_LISTENER_HOLD_EXTENDED
DBG_C5_CONTROL_LISTENER_HOLD_EXTENDED
DBG_C5_CONTROL_LISTENER_HOLD_EXTENDED
DBG_C5_CONTROL_LISTENER_HOLD_EXTENDED
DBG_ROUTE_REPLY_RX_FRAME
DBG_GATEWAY_ROUTE_ADV_RX
DBG_UWB_RX_CH5
DBG_MESH_RX_QUEUED ch=5 msg=0x3c src=0x9999888877776666 dst=0x0 prev=0x9999888877776666 seq=65 q=1
DBG_ROUTE_ADV_QUEUED q=1 prev=0x9999888877776666 seq=65
DBG_MESH_RX_DEFERRED q=1 msg=0x3c
DBG_C5_GATEWAY_OPERATION_RETAINED msg=0x3c seq=65 click_waiting=0
DBG_COORD state=mesh-rx owner=uwb-rx reason=mesh-rx rx=1 tx=0 relay=0 route=0 ack=0 qack=0
DBG_CH5_GAP_SCAN now=147034 win=100 next_delay=204
DBG_DWM_INVALIDATE tag=configure_radio_from_reset active_phy=4 configured=1 awake=0
DBG_ROUTE_REPLY_LISTEN_DONE captured=1 ret=0
DBG_C5_CONTACT phase=closing state=4 peer=0x9999888877776666 purpose=gateway_command_flood reason=reply-listen-done
DBG_MESH_RX_DIRECT_RF_BUSY submit=0 q=1 reason=anchor-route-wake-followup
DBG_ANCHOR_ROUTE_WAKE_HANDOFF_DONE src=0x9999888877776666 embedded=0 ret=0 pending=1
DBG_ANCHOR_ROUTE_WAKE_DISPATCH_DONE handled=1 len=49 q=100
DBG_ANCHOR_CH5_SCAN_RESCHED ret=1 delay=380
DBG_DWM_MARK_UNCONFIGURED tag=initialise_radio prev_phy=0
DBG_CH5_GAP_SCAN_DONE frames=0 last_error=0 now=147135 deadline=147134 click=0
DBG_DWM_KEEP_IDLE reason=mesh-rx ch9=1 ack=0 qack=0 ret=0
DBG_MESH_RX_WORK_WAIT q=1
DBG_MESH_RX_WORK_ENTER q=1
DBG_MESH_RX_DRAIN_ENTER owner=work q=1
DBG_RX_HANDLE msg=0x3c act=0x20040000 st=0 q=0 sel=1 next=0x9999888877776666 hop=0
DBG_C5_CONTACT phase=open state=2 peer=0x9999888877776666 purpose=route_contact_refresh reason=c5-control-rx
DBG_C5_CONTACT phase=accepted state=2 peer=0x9999888877776666 purpose=route_contact_refresh reason=c5-control-rx
DBG_ROUTE_ADV_FORWARD_BEGIN ttl=7 seq=65 earliest=151580
DBG_COORD state=idle owner=c5-flood reason=idle rx=0 tx=0 relay=0 route=0 ack=0 qack=0
DBG_C5_FLOOD_WAIT now=147139 wake=151580 first=151580 msg=3c attempt=1/3 reason=gateway-route-adv-forward
DBG_ANCHOR_CH5_SCAN_HANDLER role=2
DBG_ANCHOR_CH9_REARM delay=0 ret=0 ack=0
DBG_ANCHOR_CH5_SCAN_BLOCKED win=0 survey=0 tx=0 retry_gap=0 flood=0 wait=0 rx=0 rxq=0 rxr=0 ack=0 ch9=1 rf=0 retry=245 interva
DBG_ANCHOR_CH5_SCAN_RESCHED ret=1 delay=245
DBG_ANCHOR_CH5_SCAN_HANDLER role=2
DBG_ANCHOR_CH9_REARM delay=0 ret=0 ack=0
DBG_CH9_SKIP_STALE n=1 now=147661 next=147938 cnt=1480745070 reason=rx-delay
DBG_ANCHOR_CH5_SCAN_BLOCKED win=0 survey=0 tx=0 retry_gap=0 flood=0 wait=0 rx=0 rxq=0 rxr=0 ack=0 ch9=1 rf=0 retry=245 interva
DBG_ANCHOR_CH5_SCAN_RESCHED ret=1 delay=245
DBG_ANCHOR_CH5_SCAN_HANDLER role=2
DBG_ANCHOR_CH5_SCAN_ARM now=147907 win=100 complete=15 interval=380 wait=0 tx=0 response=0
DBG_DWM_INVALIDATE tag=configure_radio_from_reset active_phy=2 configured=1 awake=1
DBG_DWM_MARK_UNCONFIGURED tag=initialise_radio prev_phy=0
DBG_DWM_CH5_RX_HUNT_START acq=100 complete=15 cap=1021
DBG_DWM_CH5_RX_HUNT_EMPTY ret=-116 status=0x00000000 acq=100
DBG_ANCHOR_CH5_SCAN_DONE ret=-116 len=0 fail=1 pre=0 q=0 rx_us=100494 complete=15
DBG_ANCHOR_CH5_POST_CH9_RECOVERY_SCAN win=100 ret=-116 pre=0
DBG_ANCHOR_CH5_SCAN_RESCHED ret=1 delay=380
DBG_ANCHOR_CH5_SCAN_HANDLER role=2
DBG_DWM_INVALIDATE tag=configure_radio_from_reset active_phy=2 configured=1 awake=1
DBG_DWM_MARK_UNCONFIGURED tag=initialise_radio prev_phy=0
DBG_DWM_CH5_RX_HUNT_START acq=3 complete=15 cap=1021
DBG_DWM_CH5_RX_HUNT_EMPTY ret=-116 status=0x00000000 acq=3
DBG_ANCHOR_CH5_SCAN_RESCHED ret=1 delay=380
DBG_ANCHOR_CH5_SCAN_HANDLER role=2
DBG_ANCHOR_CH9_REARM delay=0 ret=0 ack=0
DBG_ANCHOR_CH5_SCAN_BLOCKED win=0 survey=0 tx=0 retry_gap=0 flood=0 wait=0 rx=0 rxq=0 rxr=0 ack=0 ch9=1 rf=0 retry=245 interva
DBG_ANCHOR_CH5_SCAN_RESCHED ret=1 delay=245
DBG_ANCHOR_CH5_SCAN_HANDLER role=2
DBG_ANCHOR_CH9_REARM delay=0 ret=0 ack=0
DBG_CH9_SKIP_STALE n=2 now=149061 next=149218 cnt=1480745072 reason=rx-delay
DBG_ANCHOR_CH5_SCAN_BLOCKED win=0 survey=0 tx=0 retry_gap=0 flood=0 wait=0 rx=0 rxq=0 rxr=0 ack=0 ch9=1 rf=0 retry=245 interva
DBG_ANCHOR_CH5_SCAN_RESCHED ret=1 delay=245
DBG_ANCHOR_CH5_SCAN_HANDLER role=2
DBG_ANCHOR_CH5_SCAN_ARM now=149307 win=100 complete=15 interval=380 wait=0 tx=0 response=0
DBG_DWM_INVALIDATE tag=configure_radio_from_reset active_phy=2 configured=1 awake=1
DBG_DWM_MARK_UNCONFIGURED tag=initialise_radio prev_phy=0
DBG_DWM_CH5_RX_HUNT_START acq=100 complete=15 cap=1021
DBG_DWM_CH5_RX_HUNT_EMPTY ret=-116 status=0x00000000 acq=100
DBG_ANCHOR_CH5_SCAN_DONE ret=-116 len=0 fail=1 pre=0 q=0 rx_us=100402 complete=15
DBG_ANCHOR_CH5_POST_CH9_RECOVERY_SCAN win=100 ret=-116 pre=0
DBG_ANCHOR_CH5_SCAN_RESCHED ret=1 delay=380
DBG_ANCHOR_CH5_SCAN_HANDLER role=2
DBG_ANCHOR_CH9_REARM delay=0 ret=0 ack=0
DBG_ANCHOR_CH5_SCAN_BLOCKED win=0 survey=0 tx=0 retry_gap=0 flood=0 wait=0 rx=0 rxq=0 rxr=0 ack=0 ch9=1 rf=0 retry=245 interva
DBG_ANCHOR_CH5_SCAN_RESCHED ret=1 delay=245
DBG_ANCHOR_CH5_SCAN_HANDLER role=2
DBG_ANCHOR_CH9_REARM delay=0 ret=0 ack=0
DBG_CH9_SKIP_STALE n=2 now=150055 next=150498 cnt=1480745074 reason=rx-delay
DBG_ANCHOR_CH5_SCAN_BLOCKED win=0 survey=0 tx=0 retry_gap=0 flood=0 wait=0 rx=0 rxq=0 rxr=0 ack=0 ch9=1 rf=0 retry=245 interva
DBG_ANCHOR_CH5_SCAN_RESCHED ret=1 delay=245
DBG_ANCHOR_CH5_SCAN_HANDLER role=2
DBG_DWM_INVALIDATE tag=configure_radio_from_reset active_phy=2 configured=1 awake=1
DBG_DWM_MARK_UNCONFIGURED tag=initialise_radio prev_phy=0
DBG_DWM_CH5_RX_HUNT_START acq=100 complete=15 cap=1021
DBG_DWM_CH5_RX_HUNT_EMPTY ret=-116 status=0x00000000 acq=100
DBG_ANCHOR_CH5_POST_CH9_RECOVERY_SCAN win=100 ret=-116 pre=0
DBG_ANCHOR_CH5_SCAN_RESCHED ret=1 delay=380
DBG_ANCHOR_CH5_SCAN_HANDLER role=2
DBG_ANCHOR_CH5_SCAN_ARM now=150804 win=3 complete=15 interval=380 wait=0 tx=0 response=0
DBG_DWM_INVALIDATE tag=configure_radio_from_reset active_phy=2 configured=1 awake=1
DBG_DWM_MARK_UNCONFIGURED tag=initialise_radio prev_phy=0
DBG_DWM_CH5_RX_HUNT_START acq=3 complete=15 cap=1021
DBG_DWM_CH5_RX_HUNT_EMPTY ret=-116 status=0x00000000 acq=3
DBG_ANCHOR_CH5_SCAN_DONE ret=-116 len=0 fail=1 pre=0 q=0 rx_us=3784 complete=15
DBG_ANCHOR_CH5_SCAN_RESCHED ret=1 delay=380
DBG_ANCHOR_CH5_SCAN_HANDLER role=2
DBG_ANCHOR_CH9_REARM delay=0 ret=0 ack=0
DBG_ANCHOR_CH5_SCAN_BLOCKED win=0 survey=0 tx=0 retry_gap=0 flood=0 wait=0 rx=0 rxq=0 rxr=0 ack=0 ch9=1 rf=0 retry=245 interva
DBG_ANCHOR_CH5_SCAN_RESCHED ret=1 delay=245
DBG_ANCHOR_CH5_SCAN_HANDLER role=2
DBG_ANCHOR_CH9_REARM delay=0 ret=0 ack=0
DBG_CH9_SKIP_STALE n=2 now=151455 next=151778 cnt=1480745076 reason=rx-delay
DBG_ANCHOR_CH5_SCAN_BLOCKED win=0 survey=0 tx=0 retry_gap=0 flood=0 wait=0 rx=0 rxq=0 rxr=0 ack=0 ch9=1 rf=0 retry=245 interva
DBG_ANCHOR_CH5_SCAN_RESCHED ret=1 delay=245
DBG_DWM_INVALIDATE tag=configure_radio_from_reset active_phy=2 configured=1 awake=1
DBG_DWM_MARK_UNCONFIGURED tag=initialise_radio prev_phy=0
DBG_DWM_INVALIDATE tag=configure_radio_from_reset active_phy=2 configured=1 awake=0
DBG_DWM_MARK_UNCONFIGURED tag=initialise_radio prev_phy=0
DBG_DWM_WAKE_MESH_CTRL_OK sfd=4073
DBG_C5_TX_CONFIG ret=0 ext=1 len=186 msg=3c reason=bounded-c5-flood
DBG_UWB_TX_CH5
DBG_DWM_INVALIDATE tag=configure_radio_from_reset active_phy=4 configured=1 awake=0
DBG_DWM_MARK_UNCONFIGURED tag=initialise_radio prev_phy=0
DBG_DWM_WAKE_MESH_CTRL_OK sfd=4073
DBG_DWM_INVALIDATE tag=configure_radio_from_reset active_phy=4 configured=1 awake=0
DBG_ANCHOR_CH5_SCAN_HANDLER role=2
DBG_ANCHOR_CH5_SCAN_BLOCKED win=0 survey=0 tx=0 retry_gap=0 flood=0 wait=0 rx=0 rxq=0 rxr=0 ack=0 ch9=0 rf=1 retry=20 interval
DBG_ANCHOR_CH5_SCAN_RESCHED ret=1 delay=20
DBG_DWM_MARK_UNCONFIGURED tag=initialise_radio prev_phy=0
DBG_DWM_INVALIDATE tag=configure_radio_from_reset active_phy=2 configured=1 awake=0
DBG_ANCHOR_CH5_SCAN_HANDLER role=2
DBG_ANCHOR_CH5_SCAN_BLOCKED win=0 survey=0 tx=0 retry_gap=0 flood=0 wait=0 rx=0 rxq=0 rxr=0 ack=0 ch9=0 rf=1 retry=20 interval
DBG_ANCHOR_CH5_SCAN_RESCHED ret=1 delay=20
DBG_DWM_MARK_UNCONFIGURED tag=initialise_radio prev_phy=0
DBG_DWM_WAKE_MESH_CTRL_OK sfd=4073
DBG_C5_TX_CONFIG ret=0 ext=1 len=186 msg=3c reason=bounded-c5-flood
DBG_ANCHOR_CH5_SCAN_HANDLER role=2
DBG_ANCHOR_CH5_SCAN_BLOCKED win=0 survey=0 tx=0 retry_gap=0 flood=0 wait=0 rx=0 rxq=0 rxr=0 ack=0 ch9=0 rf=1 retry=20 interval
DBG_ANCHOR_CH5_SCAN_RESCHED ret=1 delay=20
DBG_UWB_TX_CH5
DBG_DWM_INVALIDATE tag=configure_radio_from_reset active_phy=4 configured=1 awake=0
DBG_ANCHOR_CH5_SCAN_HANDLER role=2
DBG_ANCHOR_CH5_SCAN_BLOCKED win=0 survey=0 tx=0 retry_gap=0 flood=0 wait=0 rx=0 rxq=0 rxr=0 ack=0 ch9=0 rf=1 retry=20 interval
DBG_ANCHOR_CH5_SCAN_RESCHED ret=1 delay=20
DBG_DWM_MARK_UNCONFIGURED tag=initialise_radio prev_phy=0
DBG_DWM_WAKE_MESH_CTRL_OK sfd=4073
DBG_ANCHOR_CH5_SCAN_HANDLER role=2
DBG_ANCHOR_CH5_SCAN_BLOCKED win=0 survey=0 tx=0 retry_gap=0 flood=0 wait=0 rx=0 rxq=0 rxr=0 ack=0 ch9=0 rf=1 retry=20 interval
DBG_ANCHOR_CH5_SCAN_RESCHED ret=1 delay=20
DBG_DWM_INVALIDATE tag=configure_radio_from_reset active_phy=4 configured=1 awake=0
DBG_ANCHOR_CH5_SCAN_HANDLER role=2
DBG_ANCHOR_CH5_SCAN_BLOCKED win=0 survey=0 tx=0 retry_gap=0 flood=0 wait=0 rx=0 rxq=0 rxr=0 ack=0 ch9=0 rf=1 retry=20 interval
DBG_ANCHOR_CH5_SCAN_RESCHED ret=1 delay=20
DBG_DWM_MARK_UNCONFIGURED tag=initialise_radio prev_phy=0
DBG_ANCHOR_CH5_SCAN_HANDLER role=2
DBG_DWM_INVALIDATE tag=configure_radio_from_reset active_phy=2 configured=1 awake=0
DBG_ANCHOR_CH5_SCAN_BLOCKED win=0 survey=0 tx=0 retry_gap=0 flood=0 wait=0 rx=0 rxq=0 rxr=0 ack=0 ch9=0 rf=1 retry=20 interval
DBG_ANCHOR_CH5_SCAN_RESCHED ret=1 delay=20
DBG_DWM_MARK_UNCONFIGURED tag=initialise_radio prev_phy=0
DBG_DWM_WAKE_MESH_CTRL_OK sfd=4073
DBG_C5_TX_CONFIG ret=0 ext=1 len=186 msg=3c reason=bounded-c5-flood
DBG_ANCHOR_CH5_SCAN_HANDLER role=2
DBG_ANCHOR_CH5_SCAN_BLOCKED win=0 survey=0 tx=0 retry_gap=0 flood=0 wait=0 rx=0 rxq=0 rxr=0 ack=0 ch9=0 rf=1 retry=20 interval
DBG_ANCHOR_CH5_SCAN_RESCHED ret=1 delay=20
DBG_UWB_TX_CH5
DBG_DWM_INVALIDATE tag=configure_radio_from_reset active_phy=4 configured=1 awake=0
DBG_ANCHOR_CH5_SCAN_HANDLER role=2
DBG_ANCHOR_CH5_SCAN_BLOCKED win=0 survey=0 tx=0 retry_gap=0 flood=0 wait=0 rx=0 rxq=0 rxr=0 ack=0 ch9=0 rf=1 retry=20 interval
DBG_ANCHOR_CH5_SCAN_RESCHED ret=1 delay=20
DBG_DWM_MARK_UNCONFIGURED tag=initialise_radio prev_phy=0
DBG_DWM_WAKE_MESH_CTRL_OK sfd=4073
DBG_ANCHOR_CH5_SCAN_HANDLER role=2
DBG_ANCHOR_CH5_SCAN_BLOCKED win=0 survey=0 tx=0 retry_gap=0 flood=0 wait=0 rx=0 rxq=0 rxr=0 ack=0 ch9=0 rf=1 retry=20 interval
DBG_ANCHOR_CH5_SCAN_RESCHED ret=1 delay=20
DBG_ANCHOR_CH5_SCAN_HANDLER role=2
DBG_DWM_INVALIDATE tag=configure_radio_from_reset active_phy=4 configured=1 awake=0
DBG_ANCHOR_CH5_SCAN_BLOCKED win=0 survey=0 tx=0 retry_gap=0 flood=0 wait=0 rx=0 rxq=0 rxr=0 ack=0 ch9=0 rf=1 retry=20 interval
DBG_ANCHOR_CH5_SCAN_RESCHED ret=1 delay=20
DBG_DWM_MARK_UNCONFIGURED tag=initialise_radio prev_phy=0
DBG_ANCHOR_CH5_SCAN_HANDLER role=2
DBG_DWM_INVALIDATE tag=configure_radio_from_reset active_phy=2 configured=1 awake=0
DBG_ANCHOR_CH5_SCAN_BLOCKED win=0 survey=0 tx=0 retry_gap=0 flood=0 wait=0 rx=0 rxq=0 rxr=0 ack=0 ch9=0 rf=1 retry=20 interval
DBG_ANCHOR_CH5_SCAN_RESCHED ret=1 delay=20
DBG_DWM_MARK_UNCONFIGURED tag=initialise_radio prev_phy=0
DBG_DWM_WAKE_MESH_CTRL_OK sfd=4073
DBG_C5_TX_CONFIG ret=0 ext=1 len=186 msg=3c reason=bounded-c5-flood
DBG_ANCHOR_CH5_SCAN_HANDLER role=2
DBG_CH9_SKIP_STALE n=1 now=151979 next=152418 cnt=1480745077 reason=rx-delay
DBG_ANCHOR_CH5_SCAN_BLOCKED win=0 survey=0 tx=0 retry_gap=0 flood=0 wait=0 rx=0 rxq=0 rxr=0 ack=0 ch9=0 rf=1 retry=20 interval
DBG_ANCHOR_CH5_SCAN_RESCHED ret=1 delay=20
DBG_UWB_TX_CH5
DBG_C5_FLOOD_WAIT now=151988 wake=152178 first=152178 msg=3c attempt=2/3 reason=gateway-route-adv-forward
DBG_ANCHOR_CH5_SCAN_HANDLER role=2
DBG_ANCHOR_CH5_SCAN_ARM now=152000 win=100 complete=15 interval=380 wait=0 tx=0 response=0
DBG_DWM_INVALIDATE tag=configure_radio_from_reset active_phy=4 configured=1 awake=0
DBG_DWM_MARK_UNCONFIGURED tag=initialise_radio prev_phy=0
DBG_DWM_CH5_RX_HUNT_START acq=100 complete=15 cap=1021
DBG_DWM_CH5_RX_ACTIVITY_EXTEND ret=0 status=0x00000100 complete=15
DBG_DWM_CH5_RX_ACTIVITY_WAIT status=0x00000100 remain=15
DBG_DWM_CH5_RX_ACTIVITY_REARM status=0x00001700 fail=4 remain=11 rearm=1
DBG_DWM_CH5_RX_ACTIVITY_FAIL ret=-116 status=0x00000000 last=0x00000000 fail=4 activity=1 rearm=1
DBG_ANCHOR_CH5_SCAN_DONE ret=-5 len=0 fail=4 pre=1 q=0 rx_us=100000 complete=15
DBG_ANCHOR_CH5_ACTIVITY_COOLDOWN ret=-5 fail=4 reason=crc_failure rx_us=100000 cooldown=100
DBG_ANCHOR_CH5_POST_CH9_RECOVERY_SCAN win=100 ret=-5 pre=1
DBG_ANCHOR_CH5_SCAN_RESCHED ret=1 delay=100
DBG_DWM_INVALIDATE tag=configure_radio_from_reset active_phy=2 configured=1 awake=1
DBG_DWM_MARK_UNCONFIGURED tag=initialise_radio prev_phy=0
DBG_DWM_INVALIDATE tag=configure_radio_from_reset active_phy=2 configured=1 awake=0
DBG_DWM_MARK_UNCONFIGURED tag=initialise_radio prev_phy=0
DBG_ANCHOR_CH5_SCAN_HANDLER role=2
DBG_DWM_WAKE_MESH_CTRL_OK sfd=4073
DBG_C5_TX_CONFIG ret=0 ext=1 len=186 msg=3c reason=bounded-c5-flood
DBG_ANCHOR_CH5_SCAN_BLOCKED win=0 survey=0 tx=0 retry_gap=0 flood=0 wait=0 rx=0 rxq=0 rxr=0 ack=0 ch9=0 rf=1 retry=20 interval
DBG_ANCHOR_CH5_SCAN_RESCHED ret=1 delay=20
DBG_UWB_TX_CH5
DBG_DWM_INVALIDATE tag=configure_radio_from_reset active_phy=4 configured=1 awake=0
DBG_ANCHOR_CH5_SCAN_HANDLER role=2
DBG_ANCHOR_CH5_SCAN_BLOCKED win=0 survey=0 tx=0 retry_gap=0 flood=0 wait=0 rx=0 rxq=0 rxr=0 ack=0 ch9=0 rf=1 retry=20 interval
DBG_ANCHOR_CH5_SCAN_RESCHED ret=1 delay=20
DBG_DWM_MARK_UNCONFIGURED tag=initialise_radio prev_phy=0
DBG_DWM_WAKE_MESH_CTRL_OK sfd=4073
DBG_ANCHOR_CH5_SCAN_HANDLER role=2
DBG_ANCHOR_CH5_SCAN_BLOCKED win=0 survey=0 tx=0 retry_gap=0 flood=0 wait=0 rx=0 rxq=0 rxr=0 ack=0 ch9=0 rf=1 retry=20 interval
DBG_ANCHOR_CH5_SCAN_RESCHED ret=1 delay=20
DBG_ANCHOR_CH5_SCAN_HANDLER role=2
DBG_DWM_INVALIDATE tag=configure_radio_from_reset active_phy=4 configured=1 awake=0
DBG_ANCHOR_CH5_SCAN_BLOCKED win=0 survey=0 tx=0 retry_gap=0 flood=0 wait=0 rx=0 rxq=0 rxr=0 ack=0 ch9=0 rf=1 retry=20 interval
DBG_ANCHOR_CH5_SCAN_RESCHED ret=1 delay=20
DBG_DWM_MARK_UNCONFIGURED tag=initialise_radio prev_phy=0
DBG_ANCHOR_CH5_SCAN_HANDLER role=2
DBG_DWM_INVALIDATE tag=configure_radio_from_reset active_phy=2 configured=1 awake=0
DBG_ANCHOR_CH5_SCAN_BLOCKED win=0 survey=0 tx=0 retry_gap=0 flood=0 wait=0 rx=0 rxq=0 rxr=0 ack=0 ch9=0 rf=1 retry=20 interval
DBG_ANCHOR_CH5_SCAN_RESCHED ret=1 delay=20
DBG_DWM_MARK_UNCONFIGURED tag=initialise_radio prev_phy=0
DBG_DWM_WAKE_MESH_CTRL_OK sfd=4073
DBG_C5_TX_CONFIG ret=0 ext=1 len=186 msg=3c reason=bounded-c5-flood
DBG_ANCHOR_CH5_SCAN_HANDLER role=2
DBG_ANCHOR_CH5_SCAN_BLOCKED win=0 survey=0 tx=0 retry_gap=0 flood=0 wait=0 rx=0 rxq=0 rxr=0 ack=0 ch9=0 rf=1 retry=20 interval
DBG_ANCHOR_CH5_SCAN_RESCHED ret=1 delay=20
DBG_UWB_TX_CH5
DBG_DWM_INVALIDATE tag=configure_radio_from_reset active_phy=4 configured=1 awake=0
DBG_ANCHOR_CH5_SCAN_HANDLER role=2
DBG_ANCHOR_CH5_SCAN_BLOCKED win=0 survey=0 tx=0 retry_gap=0 flood=0 wait=0 rx=0 rxq=0 rxr=0 ack=0 ch9=0 rf=1 retry=20 interval
DBG_ANCHOR_CH5_SCAN_RESCHED ret=1 delay=20
DBG_DWM_MARK_UNCONFIGURED tag=initialise_radio prev_phy=0
DBG_DWM_WAKE_MESH_CTRL_OK sfd=4073
DBG_ANCHOR_CH5_SCAN_HANDLER role=2
DBG_ANCHOR_CH5_SCAN_BLOCKED win=0 survey=0 tx=0 retry_gap=0 flood=0 wait=0 rx=0 rxq=0 rxr=0 ack=0 ch9=0 rf=1 retry=20 interval
DBG_ANCHOR_CH5_SCAN_RESCHED ret=1 delay=20
DBG_ANCHOR_CH5_SCAN_HANDLER role=2
DBG_DWM_INVALIDATE tag=configure_radio_from_reset active_phy=4 configured=1 awake=0
DBG_ANCHOR_CH5_SCAN_BLOCKED win=0 survey=0 tx=0 retry_gap=0 flood=0 wait=0 rx=0 rxq=0 rxr=0 ack=0 ch9=0 rf=1 retry=20 interval
DBG_ANCHOR_CH5_SCAN_RESCHED ret=1 delay=20
DBG_DWM_MARK_UNCONFIGURED tag=initialise_radio prev_phy=0
DBG_ANCHOR_CH5_SCAN_HANDLER role=2
DBG_DWM_INVALIDATE tag=configure_radio_from_reset active_phy=2 configured=1 awake=0
DBG_ANCHOR_CH5_SCAN_BLOCKED win=0 survey=0 tx=0 retry_gap=0 flood=0 wait=0 rx=0 rxq=0 rxr=0 ack=0 ch9=0 rf=1 retry=20 interval
DBG_ANCHOR_CH5_SCAN_RESCHED ret=1 delay=20
DBG_DWM_MARK_UNCONFIGURED tag=initialise_radio prev_phy=0
DBG_DWM_WAKE_MESH_CTRL_OK sfd=4073
DBG_C5_TX_CONFIG ret=0 ext=1 len=186 msg=3c reason=bounded-c5-flood
DBG_ANCHOR_CH5_SCAN_HANDLER role=2
DBG_ANCHOR_CH5_SCAN_BLOCKED win=0 survey=0 tx=0 retry_gap=0 flood=0 wait=0 rx=0 rxq=0 rxr=0 ack=0 ch9=0 rf=1 retry=20 interval
DBG_ANCHOR_CH5_SCAN_RESCHED ret=1 delay=20
DBG_UWB_TX_CH5
DBG_DWM_INVALIDATE tag=configure_radio_from_reset active_phy=4 configured=1 awake=0
DBG_ANCHOR_CH5_SCAN_HANDLER role=2
DBG_ANCHOR_CH5_SCAN_BLOCKED win=0 survey=0 tx=0 retry_gap=0 flood=0 wait=0 rx=0 rxq=0 rxr=0 ack=0 ch9=0 rf=1 retry=20 interval
DBG_ANCHOR_CH5_SCAN_RESCHED ret=1 delay=20
DBG_DWM_MARK_UNCONFIGURED tag=initialise_radio prev_phy=0
DBG_DWM_WAKE_MESH_CTRL_OK sfd=4073
DBG_ANCHOR_CH5_SCAN_HANDLER role=2
DBG_ANCHOR_CH5_SCAN_BLOCKED win=0 survey=0 tx=0 retry_gap=0 flood=0 wait=0 rx=0 rxq=0 rxr=0 ack=0 ch9=0 rf=1 retry=20 interval
DBG_ANCHOR_CH5_SCAN_RESCHED ret=1 delay=20
DBG_ANCHOR_CH5_SCAN_HANDLER role=2
DBG_DWM_INVALIDATE tag=configure_radio_from_reset active_phy=4 configured=1 awake=0
DBG_ANCHOR_CH5_SCAN_BLOCKED win=0 survey=0 tx=0 retry_gap=0 flood=0 wait=0 rx=0 rxq=0 rxr=0 ack=0 ch9=0 rf=1 retry=20 interval
DBG_ANCHOR_CH5_SCAN_RESCHED ret=1 delay=20
DBG_DWM_MARK_UNCONFIGURED tag=initialise_radio prev_phy=0
DBG_ANCHOR_CH5_SCAN_HANDLER role=2
DBG_DWM_INVALIDATE tag=configure_radio_from_reset active_phy=2 configured=1 awake=0
DBG_ANCHOR_CH5_SCAN_BLOCKED win=0 survey=0 tx=0 retry_gap=0 flood=0 wait=0 rx=0 rxq=0 rxr=0 ack=0 ch9=0 rf=1 retry=20 interval
DBG_ANCHOR_CH5_SCAN_RESCHED ret=1 delay=20
DBG_DWM_MARK_UNCONFIGURED tag=initialise_radio prev_phy=0
DBG_DWM_WAKE_MESH_CTRL_OK sfd=4073
DBG_C5_TX_CONFIG ret=0 ext=1 len=186 msg=3c reason=bounded-c5-flood
DBG_ANCHOR_CH5_SCAN_HANDLER role=2
DBG_ANCHOR_CH5_SCAN_BLOCKED win=0 survey=0 tx=0 retry_gap=0 flood=0 wait=0 rx=0 rxq=0 rxr=0 ack=0 ch9=0 rf=1 retry=20 interval
DBG_ANCHOR_CH5_SCAN_RESCHED ret=1 delay=20
DBG_UWB_TX_CH5
DBG_C5_FLOOD_WAIT now=152587 wake=152749 first=152749 msg=3c attempt=3/3 reason=gateway-route-adv-forward
DBG_ANCHOR_CH5_SCAN_HANDLER role=2
DBG_ANCHOR_CH9_REARM delay=0 ret=0 ack=0
DBG_ANCHOR_CH5_SCAN_BLOCKED win=0 survey=0 tx=0 retry_gap=0 flood=0 wait=0 rx=0 rxq=0 rxr=0 ack=0 ch9=1 rf=0 retry=245 interva
DBG_ANCHOR_CH5_SCAN_RESCHED ret=1 delay=245
DBG_DWM_INVALIDATE tag=configure_radio_from_reset active_phy=4 configured=1 awake=0
DBG_DWM_MARK_UNCONFIGURED tag=initialise_radio prev_phy=0
DBG_DWM_INVALIDATE tag=configure_radio_from_reset active_phy=2 configured=1 awake=0
DBG_DWM_MARK_UNCONFIGURED tag=initialise_radio prev_phy=0
DBG_DWM_WAKE_MESH_CTRL_OK sfd=4073
DBG_C5_TX_CONFIG ret=0 ext=1 len=186 msg=3c reason=bounded-c5-flood
DBG_UWB_TX_CH5
DBG_DWM_INVALIDATE tag=configure_radio_from_reset active_phy=4 configured=1 awake=0
DBG_DWM_MARK_UNCONFIGURED tag=initialise_radio prev_phy=0
DBG_DWM_WAKE_MESH_CTRL_OK sfd=4073
DBG_ANCHOR_CH5_SCAN_HANDLER role=2
DBG_CH9_SKIP_STALE n=1 now=152846 next=153058 cnt=1480745078 reason=rx-delay
DBG_ANCHOR_CH5_SCAN_BLOCKED win=0 survey=0 tx=0 retry_gap=0 flood=0 wait=0 rx=0 rxq=0 rxr=0 ack=0 ch9=0 rf=1 retry=20 interval
DBG_ANCHOR_CH5_SCAN_RESCHED ret=1 delay=20
DBG_DWM_INVALIDATE tag=configure_radio_from_reset active_phy=4 configured=1 awake=0
DBG_ANCHOR_CH5_SCAN_HANDLER role=2
DBG_ANCHOR_CH5_SCAN_BLOCKED win=0 survey=0 tx=0 retry_gap=0 flood=0 wait=0 rx=0 rxq=0 rxr=0 ack=0 ch9=0 rf=1 retry=20 interval
DBG_ANCHOR_CH5_SCAN_RESCHED ret=1 delay=20
DBG_DWM_MARK_UNCONFIGURED tag=initialise_radio prev_phy=0
DBG_DWM_INVALIDATE tag=configure_radio_from_reset active_phy=2 configured=1 awake=0
DBG_ANCHOR_CH5_SCAN_HANDLER role=2
DBG_ANCHOR_CH5_SCAN_BLOCKED win=0 survey=0 tx=0 retry_gap=0 flood=0 wait=0 rx=0 rxq=0 rxr=0 ack=0 ch9=0 rf=1 retry=20 interval
DBG_ANCHOR_CH5_SCAN_RESCHED ret=1 delay=20
DBG_DWM_MARK_UNCONFIGURED tag=initialise_radio prev_phy=0
DBG_DWM_WAKE_MESH_CTRL_OK sfd=4073
DBG_C5_TX_CONFIG ret=0 ext=1 len=186 msg=3c reason=bounded-c5-flood
DBG_ANCHOR_CH5_SCAN_HANDLER role=2
DBG_UWB_TX_CH5
DBG_DWM_INVALIDATE tag=configure_radio_from_reset active_phy=4 configured=1 awake=0
DBG_ANCHOR_CH5_SCAN_BLOCKED win=0 survey=0 tx=0 retry_gap=0 flood=0 wait=0 rx=0 rxq=0 rxr=0 ack=0 ch9=0 rf=1 retry=20 interval
DBG_ANCHOR_CH5_SCAN_RESCHED ret=1 delay=20
DBG_DWM_MARK_UNCONFIGURED tag=initialise_radio prev_phy=0
DBG_DWM_WAKE_MESH_CTRL_OK sfd=4073
DBG_ANCHOR_CH5_SCAN_HANDLER role=2
DBG_ANCHOR_CH5_SCAN_BLOCKED win=0 survey=0 tx=0 retry_gap=0 flood=0 wait=0 rx=0 rxq=0 rxr=0 ack=0 ch9=0 rf=1 retry=20 interval
DBG_ANCHOR_CH5_SCAN_RESCHED ret=1 delay=20
DBG_ANCHOR_CH5_SCAN_HANDLER role=2
DBG_ANCHOR_CH5_SCAN_BLOCKED win=0 survey=0 tx=0 retry_gap=0 flood=0 wait=0 rx=0 rxq=0 rxr=0 ack=0 ch9=0 rf=1 retry=20 interval
DBG_ANCHOR_CH5_SCAN_RESCHED ret=1 delay=20
DBG_DWM_INVALIDATE tag=configure_radio_from_reset active_phy=4 configured=1 awake=0
DBG_DWM_MARK_UNCONFIGURED tag=initialise_radio prev_phy=0
DBG_ANCHOR_CH5_SCAN_HANDLER role=2
DBG_DWM_INVALIDATE tag=configure_radio_from_reset active_phy=2 configured=1 awake=0
DBG_ANCHOR_CH5_SCAN_BLOCKED win=0 survey=0 tx=0 retry_gap=0 flood=0 wait=0 rx=0 rxq=0 rxr=0 ack=0 ch9=0 rf=1 retry=20 interval
DBG_ANCHOR_CH5_SCAN_RESCHED ret=1 delay=20
DBG_DWM_MARK_UNCONFIGURED tag=initialise_radio prev_phy=0
DBG_DWM_WAKE_MESH_CTRL_OK sfd=4073
DBG_C5_TX_CONFIG ret=0 ext=1 len=186 msg=3c reason=bounded-c5-flood
DBG_ANCHOR_CH5_SCAN_HANDLER role=2
DBG_ANCHOR_CH5_SCAN_BLOCKED win=0 survey=0 tx=0 retry_gap=0 flood=0 wait=0 rx=0 rxq=0 rxr=0 ack=0 ch9=0 rf=1 retry=20 interval
DBG_ANCHOR_CH5_SCAN_RESCHED ret=1 delay=20
DBG_UWB_TX_CH5
DBG_DWM_INVALIDATE tag=configure_radio_from_reset active_phy=4 configured=1 awake=0
DBG_ANCHOR_CH5_SCAN_HANDLER role=2
DBG_ANCHOR_CH5_SCAN_BLOCKED win=0 survey=0 tx=0 retry_gap=0 flood=0 wait=0 rx=0 rxq=0 rxr=0 ack=0 ch9=0 rf=1 retry=20 interval
DBG_ANCHOR_CH5_SCAN_RESCHED ret=1 delay=20
DBG_DWM_MARK_UNCONFIGURED tag=initialise_radio prev_phy=0
DBG_DWM_WAKE_MESH_CTRL_OK sfd=4073
DBG_ANCHOR_CH5_SCAN_HANDLER role=2
DBG_ANCHOR_CH5_SCAN_BLOCKED win=0 survey=0 tx=0 retry_gap=0 flood=0 wait=0 rx=0 rxq=0 rxr=0 ack=0 ch9=0 rf=1 retry=20 interval
DBG_ANCHOR_CH5_SCAN_RESCHED ret=1 delay=20
DBG_DWM_INVALIDATE tag=configure_radio_from_reset active_phy=4 configured=1 awake=0
DBG_ANCHOR_CH5_SCAN_HANDLER role=2
DBG_ANCHOR_CH5_SCAN_BLOCKED win=0 survey=0 tx=0 retry_gap=0 flood=0 wait=0 rx=0 rxq=0 rxr=0 ack=0 ch9=0 rf=1 retry=20 interval
DBG_ANCHOR_CH5_SCAN_RESCHED ret=1 delay=20
DBG_DWM_MARK_UNCONFIGURED tag=initialise_radio prev_phy=0
DBG_ANCHOR_CH5_SCAN_HANDLER role=2
DBG_DWM_INVALIDATE tag=configure_radio_from_reset active_phy=2 configured=1 awake=0
DBG_ANCHOR_CH5_SCAN_BLOCKED win=0 survey=0 tx=0 retry_gap=0 flood=0 wait=0 rx=0 rxq=0 rxr=0 ack=0 ch9=0 rf=1 retry=20 interval
DBG_ANCHOR_CH5_SCAN_RESCHED ret=1 delay=20
DBG_DWM_MARK_UNCONFIGURED tag=initialise_radio prev_phy=0
DBG_DWM_WAKE_MESH_CTRL_OK sfd=4073
DBG_C5_TX_CONFIG ret=0 ext=1 len=186 msg=3c reason=bounded-c5-flood
DBG_ANCHOR_CH5_SCAN_HANDLER role=2
DBG_ANCHOR_CH5_SCAN_BLOCKED win=0 survey=0 tx=0 retry_gap=0 flood=0 wait=0 rx=0 rxq=0 rxr=0 ack=0 ch9=0 rf=1 retry=20 interval
DBG_ANCHOR_CH5_SCAN_RESCHED ret=1 delay=20
DBG_UWB_TX_CH5
DBG_ROUTE_ADV_FORWARD_DONE ret=0 seq=65
DBG_MESH_RX_DRAIN_EXIT owner=work handled=1 q=0
DBG_MESH_RX_WORK_EXIT handled=1 q=0
DBG_CH5_GAP_SCAN now=153154 win=100 next_delay=484
DBG_DWM_INVALIDATE tag=configure_radio_from_reset active_phy=4 configured=1 awake=0
DBG_ANCHOR_CH5_SCAN_HANDLER role=2
DBG_ANCHOR_CH5_SCAN_BLOCKED win=0 survey=0 tx=0 retry_gap=0 flood=0 wait=0 rx=0 rxq=0 rxr=0 ack=0 ch9=0 rf=1 retry=20 interval
DBG_ANCHOR_CH5_SCAN_RESCHED ret=1 delay=20
DBG_DWM_MARK_UNCONFIGURED tag=initialise_radio prev_phy=0
DBG_ANCHOR_CH5_SCAN_HANDLER role=2
DBG_ANCHOR_CH5_SCAN_BLOCKED win=0 survey=0 tx=0 retry_gap=0 flood=0 wait=0 rx=0 rxq=0 rxr=0 ack=0 ch9=0 rf=1 retry=20 interval
DBG_ANCHOR_CH5_SCAN_RESCHED ret=1 delay=20
DBG_ANCHOR_CH5_SCAN_HANDLER role=2
DBG_ANCHOR_CH5_SCAN_BLOCKED win=0 survey=0 tx=0 retry_gap=0 flood=0 wait=0 rx=0 rxq=0 rxr=0 ack=0 ch9=0 rf=1 retry=20 interval
DBG_ANCHOR_CH5_SCAN_RESCHED ret=1 delay=20
DBG_ANCHOR_CH5_SCAN_HANDLER role=2
DBG_CH9_SKIP_STALE n=1 now=153244 next=153698 cnt=1480745079 reason=rx-delay
DBG_ANCHOR_CH5_SCAN_BLOCKED win=0 survey=0 tx=0 retry_gap=0 flood=0 wait=0 rx=0 rxq=0 rxr=0 ack=0 ch9=0 rf=1 retry=20 interval
DBG_ANCHOR_CH5_SCAN_RESCHED ret=1 delay=20
DBG_DWM_KEEP_IDLE reason=mesh-rx ch9=1 ack=0 qack=0 ret=0
DBG_CH5_GAP_SCAN now=153256 win=100 next_delay=382
DBG_DWM_INVALIDATE tag=configure_radio_from_reset active_phy=2 configured=1 awake=1
DBG_DWM_MARK_UNCONFIGURED tag=initialise_radio prev_phy=0
DBG_ANCHOR_CH5_SCAN_HANDLER role=2
DBG_ANCHOR_CH5_SCAN_BLOCKED win=0 survey=0 tx=0 retry_gap=0 flood=0 wait=0 rx=0 rxq=0 rxr=0 ack=0 ch9=0 rf=1 retry=20 interval
DBG_ANCHOR_CH5_SCAN_RESCHED ret=1 delay=20
DBG_ANCHOR_CH5_SCAN_HANDLER role=2
DBG_ANCHOR_CH5_SCAN_BLOCKED win=0 survey=0 tx=0 retry_gap=0 flood=0 wait=0 rx=0 rxq=0 rxr=0 ack=0 ch9=0 rf=1 retry=20 interval
DBG_ANCHOR_CH5_SCAN_RESCHED ret=1 delay=20
DBG_ANCHOR_CH5_SCAN_HANDLER role=2
DBG_ANCHOR_CH5_SCAN_BLOCKED win=0 survey=0 tx=0 retry_gap=0 flood=0 wait=0 rx=0 rxq=0 rxr=0 ack=0 ch9=0 rf=1 retry=20 interval
DBG_ANCHOR_CH5_SCAN_RESCHED ret=1 delay=20
DBG_CH5_GAP_SCAN_DONE frames=0 last_error=0 now=153356 deadline=153356 click=0
DBG_DWM_KEEP_IDLE reason=mesh-rx ch9=1 ack=0 qack=0 ret=0
DBG_CH5_GAP_SCAN now=153357 win=100 next_delay=281
DBG_DWM_INVALIDATE tag=configure_radio_from_reset active_phy=2 configured=1 awake=1
DBG_ANCHOR_CH5_SCAN_HANDLER role=2
DBG_ANCHOR_CH5_SCAN_BLOCKED win=0 survey=0 tx=0 retry_gap=0 flood=0 wait=0 rx=0 rxq=0 rxr=0 ack=0 ch9=0 rf=1 retry=20 interval
DBG_ANCHOR_CH5_SCAN_RESCHED ret=1 delay=20
DBG_DWM_MARK_UNCONFIGURED tag=initialise_radio prev_phy=0
DBG_CH5_GAP_REARM_ERROR ret=-5 fail=4 rem=79
DBG_ANCHOR_CH5_SCAN_HANDLER role=2
DBG_ANCHOR_CH5_SCAN_BLOCKED win=0 survey=0 tx=0 retry_gap=0 flood=0 wait=0 rx=0 rxq=0 rxr=0 ack=0 ch9=0 rf=1 retry=20 interval
DBG_ANCHOR_CH5_SCAN_RESCHED ret=1 delay=20
DBG_ANCHOR_CH5_SCAN_HANDLER role=2
DBG_ANCHOR_CH5_SCAN_BLOCKED win=0 survey=0 tx=0 retry_gap=0 flood=0 wait=0 rx=0 rxq=0 rxr=0 ack=0 ch9=0 rf=1 retry=20 interval
DBG_ANCHOR_CH5_SCAN_RESCHED ret=1 delay=20
DBG_ANCHOR_CH5_SCAN_HANDLER role=2
DBG_ANCHOR_CH5_SCAN_BLOCKED win=0 survey=0 tx=0 retry_gap=0 flood=0 wait=0 rx=0 rxq=0 rxr=0 ack=0 ch9=0 rf=1 retry=20 interval
DBG_ANCHOR_CH5_SCAN_RESCHED ret=1 delay=20
DBG_CH5_GAP_SCAN_DONE frames=0 last_error=-5 now=153458 deadline=153457 click=0
DBG_DWM_KEEP_IDLE reason=mesh-rx ch9=1 ack=0 qack=0 ret=0
DBG_CH5_GAP_SCAN now=153459 win=100 next_delay=179
DBG_DWM_INVALIDATE tag=configure_radio_from_reset active_phy=2 configured=1 awake=1
DBG_ANCHOR_CH5_SCAN_HANDLER role=2
DBG_ANCHOR_CH5_SCAN_BLOCKED win=0 survey=0 tx=0 retry_gap=0 flood=0 wait=0 rx=0 rxq=0 rxr=0 ack=0 ch9=0 rf=1 retry=20 interval
DBG_ANCHOR_CH5_SCAN_RESCHED ret=1 delay=20
DBG_DWM_MARK_UNCONFIGURED tag=initialise_radio prev_phy=0
DBG_ANCHOR_CH5_SCAN_HANDLER role=2
DBG_ANCHOR_CH5_SCAN_BLOCKED win=0 survey=0 tx=0 retry_gap=0 flood=0 wait=0 rx=0 rxq=0 rxr=0 ack=0 ch9=0 rf=1 retry=20 interval
DBG_ANCHOR_CH5_SCAN_RESCHED ret=1 delay=20
DBG_ANCHOR_CH5_SCAN_HANDLER role=2
DBG_CH5_SCAN_CAP next=118 reserve=35 win=83 enum=0 recovery=1
DBG_ANCHOR_CH5_SCAN_BLOCKED win=0 survey=0 tx=0 retry_gap=0 flood=0 wait=0 rx=0 rxq=0 rxr=0 ack=0 ch9=0 rf=1 retry=20 interval
DBG_ANCHOR_CH5_SCAN_RESCHED ret=1 delay=20
DBG_ANCHOR_CH5_SCAN_HANDLER role=2
DBG_CH5_SCAN_CAP next=87 reserve=35 win=52 enum=0 recovery=1
DBG_ANCHOR_CH5_SCAN_BLOCKED win=0 survey=0 tx=0 retry_gap=0 flood=0 wait=0 rx=0 rxq=0 rxr=0 ack=0 ch9=0 rf=1 retry=20 interval
DBG_CH5_GAP_SCAN_DONE frames=0 last_error=-5 now=153560 deadline=153559 click=0
DBG_DWM_KEEP_IDLE reason=mesh-rx ch9=1 ack=0 qack=0 ret=0
DBG_ANCHOR_CH5_SCAN_RESCHED ret=1 delay=20
DBG_ANCHOR_CH5_SCAN_HANDLER role=2
DBG_ANCHOR_CH9_REARM delay=58 ret=1 ack=0
DBG_CH5_SCAN_CAP next=58 reserve=35 win=23 enum=0 recovery=1
DBG_ANCHOR_CH5_SCAN_BLOCKED win=0 survey=0 tx=0 retry_gap=0 flood=0 wait=0 rx=0 rxq=0 rxr=0 ack=0 ch9=1 rf=0 retry=303 interva
DBG_ANCHOR_CH5_SCAN_RESCHED ret=1 delay=303
DBG_CH9_RX_SLOT idx=0 cnt=1480745079 now=153638 start=153698 end=153818
DBG_CH9_EVENT_STATE state=granted peer=0x191a9619c6c8cb07 start=153698 end=153818 reason=rx-slot
DBG_CH9_RX_START idx=0 now=153639 start=153698 end=153818 tail=60
DBG_DWM_INVALIDATE tag=configure_radio_from_reset active_phy=2 configured=1 awake=1
DBG_DWM_MARK_UNCONFIGURED tag=initialise_radio prev_phy=0
DBG_CH9_RX_CONFIG_OK
DBG_CH9_RX_EARLY_ARM now=153661 start=153698 guard=60
DBG_CH9_RX_ARMED now=153661 start=153698 end=153818 deadline=153878
DBG_DWM_KEEP_IDLE reason=ch9-rx ch9=1 ack=0 qack=0 ret=0
DBG_CH9_RX_EMPTY
DBG_CH9_RX_TIMEOUT
DBG_CH9_RX_MISS frames=0 now=153880 start=153698 end=153818 fail=0
DBG_CH9_EVENT_STATE state=window_expired peer=0x191a9619c6c8cb07 start=153698 end=153818 reason=rx-slot
DBG_ANCHOR_CH5_SCAN_HANDLER role=2
DBG_ANCHOR_CH5_SCAN_ARM now=153884 win=100 complete=15 interval=380 wait=0 tx=0 response=0
DBG_DWM_INVALIDATE tag=configure_radio_from_reset active_phy=3 configured=1 awake=1
DBG_DWM_MARK_UNCONFIGURED tag=initialise_radio prev_phy=0
DBG_DWM_CH5_RX_HUNT_START acq=100 complete=15 cap=1021
DBG_DWM_CH5_RX_HUNT_EMPTY ret=-116 status=0x00000000 acq=100
DBG_ANCHOR_CH5_SCAN_DONE ret=-116 len=0 fail=1 pre=0 q=0 rx_us=101013 complete=15
DBG_ANCHOR_CH5_POST_CH9_RECOVERY_SCAN win=100 ret=-116 pre=0
DBG_ANCHOR_CH5_SCAN_RESCHED ret=1 delay=380
DBG_ANCHOR_CH5_SCAN_HANDLER role=2
DBG_DWM_INVALIDATE tag=configure_radio_from_reset active_phy=2 configured=1 awake=1
DBG_DWM_MARK_UNCONFIGURED tag=initialise_radio prev_phy=0
DBG_DWM_CH5_RX_HUNT_START acq=3 complete=15 cap=1021
DBG_DWM_CH5_RX_HUNT_EMPTY ret=-116 status=0x00000000 acq=3
DBG_ANCHOR_CH5_SCAN_RESCHED ret=1 delay=380
DBG_ANCHOR_CH5_SCAN_HANDLER role=2
DBG_DWM_INVALIDATE tag=configure_radio_from_reset active_phy=2 configured=1 awake=1
DBG_DWM_MARK_UNCONFIGURED tag=initialise_radio prev_phy=0
DBG_DWM_CH5_RX_HUNT_START acq=3 complete=15 cap=1021
DBG_DWM_CH5_RX_HUNT_EMPTY ret=-116 status=0x00000000 acq=3
DBG_ANCHOR_CH5_SCAN_RESCHED ret=1 delay=380
DBG_CH9_SKIP_STALE n=1 now=154918 next=154978 cnt=1480745081 reason=rx-select
DBG_CH9_RX_SLOT idx=0 cnt=1480745081 now=154918 start=154978 end=155098
DBG_CH9_EVENT_STATE state=granted peer=0x191a9619c6c8cb07 start=154978 end=155098 reason=rx-slot
DBG_CH9_RX_START idx=0 now=154919 start=154978 end=155098 tail=60
DBG_DWM_INVALIDATE tag=configure_radio_from_reset active_phy=2 configured=1 awake=1
DBG_DWM_MARK_UNCONFIGURED tag=initialise_radio prev_phy=0
DBG_CH9_RX_CONFIG_OK
DBG_CH9_RX_EARLY_ARM now=154941 start=154978 guard=60
DBG_CH9_RX_ARMED now=154941 start=154978 end=155098 deadline=155158
DBG_DWM_KEEP_IDLE reason=ch9-rx ch9=1 ack=0 qack=0 ret=0
DBG_CH9_RX_EMPTY
DBG_CH9_RX_TIMEOUT
DBG_CH9_RX_MISS frames=0 now=155160 start=154978 end=155098 fail=0
DBG_CH9_EVENT_STATE state=window_expired peer=0x191a9619c6c8cb07 start=154978 end=155098 reason=rx-slot
DBG_ANCHOR_CH5_SCAN_HANDLER role=2
DBG_ANCHOR_CH5_SCAN_ARM now=155200 win=100 complete=15 interval=380 wait=0 tx=0 response=0
DBG_DWM_INVALIDATE tag=configure_radio_from_reset active_phy=3 configured=1 awake=1
DBG_DWM_MARK_UNCONFIGURED tag=initialise_radio prev_phy=0
DBG_DWM_CH5_RX_HUNT_START acq=100 complete=15 cap=1021
DBG_DWM_CH5_RX_HUNT_EMPTY ret=-116 status=0x00000000 acq=100
DBG_ANCHOR_CH5_SCAN_DONE ret=-116 len=0 fail=1 pre=0 q=0 rx_us=100738 complete=15
DBG_ANCHOR_CH5_POST_CH9_RECOVERY_SCAN win=100 ret=-116 pre=0
DBG_ANCHOR_CH5_SCAN_RESCHED ret=1 delay=380
DBG_ANCHOR_CH5_SCAN_HANDLER role=2
DBG_DWM_INVALIDATE tag=configure_radio_from_reset active_phy=2 configured=1 awake=1
DBG_DWM_MARK_UNCONFIGURED tag=initialise_radio prev_phy=0
DBG_DWM_CH5_RX_HUNT_START acq=3 complete=15 cap=1021
DBG_DWM_CH5_RX_HUNT_EMPTY ret=-116 status=0x00000000 acq=3
DBG_ANCHOR_CH5_SCAN_RESCHED ret=1 delay=380
DBG_ANCHOR_CH5_SCAN_HANDLER role=2
DBG_DWM_INVALIDATE tag=configure_radio_from_reset active_phy=2 configured=1 awake=1
DBG_DWM_MARK_UNCONFIGURED tag=initialise_radio prev_phy=0
DBG_DWM_CH5_RX_HUNT_START acq=3 complete=15 cap=1021
DBG_DWM_CH5_RX_HUNT_EMPTY ret=-116 status=0x00000000 acq=3
DBG_ANCHOR_CH5_SCAN_RESCHED ret=1 delay=380
DBG_CH9_SKIP_STALE n=1 now=156198 next=156258 cnt=1480745083 reason=rx-select
DBG_CH9_RX_SLOT idx=0 cnt=1480745083 now=156198 start=156258 end=156378
DBG_CH9_EVENT_STATE state=granted peer=0x191a9619c6c8cb07 start=156258 end=156378 reason=rx-slot
DBG_CH9_RX_START idx=0 now=156199 start=156258 end=156378 tail=60
DBG_DWM_INVALIDATE tag=configure_radio_from_reset active_phy=2 configured=1 awake=1
DBG_DWM_MARK_UNCONFIGURED tag=initialise_radio prev_phy=0
DBG_CH9_RX_CONFIG_OK
DBG_CH9_RX_EARLY_ARM now=156220 start=156258 guard=60
DBG_CH9_RX_ARMED now=156220 start=156258 end=156378 deadline=156438
DBG_DWM_KEEP_IDLE reason=ch9-rx ch9=1 ack=0 qack=0 ret=0
DBG_CH9_RX_EMPTY
DBG_CH9_RX_TIMEOUT
DBG_CH9_RX_MISS frames=0 now=156440 start=156258 end=156378 fail=0
DBG_CH9_EVENT_STATE state=window_expired peer=0x191a9619c6c8cb07 start=156258 end=156378 reason=rx-slot
DBG_ANCHOR_CH5_SCAN_HANDLER role=2
DBG_ANCHOR_CH5_SCAN_ARM now=156515 win=100 complete=15 interval=380 wait=0 tx=0 response=0
DBG_DWM_INVALIDATE tag=configure_radio_from_reset active_phy=3 configured=1 awake=1
DBG_DWM_MARK_UNCONFIGURED tag=initialise_radio prev_phy=0
DBG_DWM_CH5_RX_HUNT_START acq=100 complete=15 cap=1021
DBG_DWM_CH5_RX_HUNT_EMPTY ret=-116 status=0x00000000 acq=100
DBG_ANCHOR_CH5_SCAN_DONE ret=-116 len=0 fail=1 pre=0 q=0 rx_us=101074 complete=15
DBG_ANCHOR_CH5_POST_CH9_RECOVERY_SCAN win=100 ret=-116 pre=0
DBG_ANCHOR_CH5_SCAN_RESCHED ret=1 delay=380
DBG_ANCHOR_CH5_SCAN_HANDLER role=2
DBG_DWM_INVALIDATE tag=configure_radio_from_reset active_phy=2 configured=1 awake=1
DBG_DWM_MARK_UNCONFIGURED tag=initialise_radio prev_phy=0
DBG_DWM_CH5_RX_HUNT_START acq=3 complete=15 cap=1021
DBG_DWM_CH5_RX_HUNT_EMPTY ret=-116 status=0x00000000 acq=3
DBG_ANCHOR_CH5_SCAN_RESCHED ret=1 delay=380
DBG_ANCHOR_CH5_SCAN_HANDLER role=2
DBG_ANCHOR_CH9_REARM delay=53 ret=1 ack=0
DBG_ANCHOR_CH5_SCAN_BLOCKED win=0 survey=0 tx=0 retry_gap=0 flood=0 wait=0 rx=0 rxq=0 rxr=0 ack=0 ch9=1 rf=0 retry=298 interva
DBG_ANCHOR_CH5_SCAN_RESCHED ret=1 delay=298
DBG_CH9_SKIP_STALE n=1 now=157478 next=157538 cnt=1480745085 reason=rx-select
DBG_CH9_RX_SLOT idx=0 cnt=1480745085 now=157478 start=157538 end=157658
DBG_CH9_EVENT_STATE state=granted peer=0x191a9619c6c8cb07 start=157538 end=157658 reason=rx-slot
DBG_CH9_RX_START idx=0 now=157478 start=157538 end=157658 tail=60
DBG_DWM_INVALIDATE tag=configure_radio_from_reset active_phy=2 configured=1 awake=1
DBG_DWM_MARK_UNCONFIGURED tag=initialise_radio prev_phy=0
DBG_CH9_RX_CONFIG_OK
DBG_CH9_RX_EARLY_ARM now=157501 start=157538 guard=60
DBG_CH9_RX_ARMED now=157501 start=157538 end=157658 deadline=157718
DBG_DWM_KEEP_IDLE reason=ch9-rx ch9=1 ack=0 qack=0 ret=0
DBG_CH9_RX_EMPTY
DBG_CH9_RX_TIMEOUT
DBG_CH9_RX_MISS frames=0 now=157720 start=157538 end=157658 fail=0
DBG_CH9_EVENT_STATE state=window_expired peer=0x191a9619c6c8cb07 start=157538 end=157658 reason=rx-slot
DBG_ANCHOR_CH5_SCAN_HANDLER role=2
DBG_ANCHOR_CH5_SCAN_ARM now=157724 win=100 complete=15 interval=380 wait=0 tx=0 response=0
DBG_DWM_INVALIDATE tag=configure_radio_from_reset active_phy=3 configured=1 awake=1
DBG_DWM_MARK_UNCONFIGURED tag=initialise_radio prev_phy=0
DBG_DWM_CH5_RX_HUNT_START acq=100 complete=15 cap=1021
DBG_DWM_CH5_RX_HUNT_EMPTY ret=-116 status=0x00000000 acq=100
DBG_ANCHOR_CH5_SCAN_DONE ret=-116 len=0 fail=1 pre=0 q=0 rx_us=100463 complete=15
DBG_ANCHOR_CH5_POST_CH9_RECOVERY_SCAN win=100 ret=-116 pre=0
DBG_ANCHOR_CH5_SCAN_RESCHED ret=1 delay=380
DBG_ANCHOR_CH5_SCAN_HANDLER role=2
DBG_DWM_INVALIDATE tag=configure_radio_from_reset active_phy=2 configured=1 awake=1
DBG_DWM_MARK_UNCONFIGURED tag=initialise_radio prev_phy=0
DBG_DWM_CH5_RX_HUNT_START acq=3 complete=15 cap=1021
DBG_DWM_CH5_RX_HUNT_EMPTY ret=-116 status=0x00000000 acq=3
DBG_ANCHOR_CH5_SCAN_RESCHED ret=1 delay=380
DBG_ANCHOR_CH5_SCAN_HANDLER role=2
DBG_DWM_INVALIDATE tag=configure_radio_from_reset active_phy=2 configured=1 awake=1
DBG_DWM_MARK_UNCONFIGURED tag=initialise_radio prev_phy=0
DBG_DWM_CH5_RX_HUNT_START acq=3 complete=15 cap=1021
DBG_DWM_CH5_RX_HUNT_EMPTY ret=-116 status=0x00000000 acq=3
DBG_ANCHOR_CH5_SCAN_RESCHED ret=1 delay=380
DBG_CH9_SKIP_STALE n=1 now=158758 next=158818 cnt=1480745087 reason=rx-select
DBG_CH9_RX_SLOT idx=0 cnt=1480745087 now=158758 start=158818 end=158938
DBG_CH9_EVENT_STATE state=granted peer=0x191a9619c6c8cb07 start=158818 end=158938 reason=rx-slot
DBG_CH9_RX_START idx=0 now=158758 start=158818 end=158938 tail=60
DBG_DWM_INVALIDATE tag=configure_radio_from_reset active_phy=2 configured=1 awake=1
DBG_DWM_MARK_UNCONFIGURED tag=initialise_radio prev_phy=0
DBG_CH9_RX_CONFIG_OK
DBG_CH9_RX_EARLY_ARM now=158781 start=158818 guard=60
DBG_CH9_RX_ARMED now=158781 start=158818 end=158938 deadline=158998
DBG_DWM_KEEP_IDLE reason=ch9-rx ch9=1 ack=0 qack=0 ret=0
DBG_CH9_RX_EMPTY
DBG_CH9_RX_TIMEOUT
DBG_CH9_RX_MISS frames=0 now=159000 start=158818 end=158938 fail=0
DBG_CH9_EVENT_STATE state=window_expired peer=0x191a9619c6c8cb07 start=158818 end=158938 reason=rx-slot
DBG_ANCHOR_CH5_SCAN_HANDLER role=2
DBG_ANCHOR_CH5_SCAN_ARM now=159039 win=100 complete=15 interval=380 wait=0 tx=0 response=0
DBG_DWM_INVALIDATE tag=configure_radio_from_reset active_phy=3 configured=1 awake=1
DBG_DWM_MARK_UNCONFIGURED tag=initialise_radio prev_phy=0
DBG_DWM_CH5_RX_HUNT_START acq=100 complete=15 cap=1021
DBG_DWM_CH5_RX_HUNT_EMPTY ret=-116 status=0x00000000 acq=100
DBG_ANCHOR_CH5_SCAN_DONE ret=-116 len=0 fail=1 pre=0 q=0 rx_us=100738 complete=15
DBG_ANCHOR_CH5_POST_CH9_RECOVERY_SCAN win=100 ret=-116 pre=0
DBG_ANCHOR_CH5_SCAN_RESCHED ret=1 delay=380
DBG_ANCHOR_CH5_SCAN_HANDLER role=2
DBG_DWM_INVALIDATE tag=configure_radio_from_reset active_phy=2 configured=1 awake=1
DBG_DWM_MARK_UNCONFIGURED tag=initialise_radio prev_phy=0
DBG_DWM_CH5_RX_HUNT_START acq=3 complete=15 cap=1021
DBG_DWM_CH5_RX_HUNT_EMPTY ret=-116 status=0x00000000 acq=3
DBG_ANCHOR_CH5_SCAN_RESCHED ret=1 delay=380
DBG_ANCHOR_CH5_SCAN_HANDLER role=2
DBG_DWM_INVALIDATE tag=configure_radio_from_reset active_phy=2 configured=1 awake=1
DBG_DWM_MARK_UNCONFIGURED tag=initialise_radio prev_phy=0
DBG_DWM_CH5_RX_HUNT_START acq=3 complete=15 cap=1021
DBG_DWM_CH5_RX_HUNT_EMPTY ret=-116 status=0x00000000 acq=3
DBG_ANCHOR_CH5_SCAN_RESCHED ret=1 delay=380
DBG_CH9_SKIP_STALE n=1 now=160038 next=160098 cnt=1480745089 reason=rx-select
DBG_CH9_RX_SLOT idx=0 cnt=1480745089 now=160038 start=160098 end=160218
DBG_CH9_EVENT_STATE state=granted peer=0x191a9619c6c8cb07 start=160098 end=160218 reason=rx-slot
DBG_CH9_RX_START idx=0 now=160038 start=160098 end=160218 tail=60
DBG_DWM_INVALIDATE tag=configure_radio_from_reset active_phy=2 configured=1 awake=1
DBG_DWM_MARK_UNCONFIGURED tag=initialise_radio prev_phy=0
DBG_CH9_RX_CONFIG_OK
DBG_CH9_RX_EARLY_ARM now=160060 start=160098 guard=60
DBG_CH9_RX_ARMED now=160060 start=160098 end=160218 deadline=160278
DBG_DWM_KEEP_IDLE reason=ch9-rx ch9=1 ack=0 qack=0 ret=0
DBG_CH9_RX_EMPTY
DBG_CH9_RX_TIMEOUT
DBG_CH9_RX_MISS frames=0 now=160280 start=160098 end=160218 fail=0
DBG_CH9_EVENT_STATE state=window_expired peer=0x191a9619c6c8cb07 start=160098 end=160218 reason=rx-slot
DBG_ANCHOR_CH5_SCAN_HANDLER role=2
DBG_ANCHOR_CH5_SCAN_ARM now=160355 win=100 complete=15 interval=380 wait=0 tx=0 response=0
DBG_DWM_INVALIDATE tag=configure_radio_from_reset active_phy=3 configured=1 awake=1
DBG_DWM_MARK_UNCONFIGURED tag=initialise_radio prev_phy=0
DBG_DWM_CH5_RX_HUNT_START acq=100 complete=15 cap=1021
DBG_DWM_CH5_RX_HUNT_EMPTY ret=-116 status=0x00000000 acq=100
DBG_ANCHOR_CH5_SCAN_DONE ret=-116 len=0 fail=1 pre=0 q=0 rx_us=101226 complete=15
DBG_ANCHOR_CH5_POST_CH9_RECOVERY_SCAN win=100 ret=-116 pre=0
DBG_ANCHOR_CH5_SCAN_RESCHED ret=1 delay=380
DBG_ANCHOR_CH5_SCAN_HANDLER role=2
DBG_DWM_INVALIDATE tag=configure_radio_from_reset active_phy=2 configured=1 awake=1
DBG_DWM_MARK_UNCONFIGURED tag=initialise_radio prev_phy=0
DBG_DWM_CH5_RX_HUNT_START acq=3 complete=15 cap=1021
DBG_DWM_CH5_RX_HUNT_EMPTY ret=-116 status=0x00000000 acq=3
DBG_ANCHOR_CH5_SCAN_RESCHED ret=1 delay=380
DBG_ANCHOR_CH5_SCAN_HANDLER role=2
DBG_ANCHOR_CH9_REARM delay=52 ret=1 ack=0
DBG_ANCHOR_CH5_SCAN_BLOCKED win=0 survey=0 tx=0 retry_gap=0 flood=0 wait=0 rx=0 rxq=0 rxr=0 ack=0 ch9=1 rf=0 retry=297 interva
DBG_ANCHOR_CH5_SCAN_RESCHED ret=1 delay=297
DBG_CH9_SKIP_STALE n=1 now=161318 next=161378 cnt=1480745091 reason=rx-select
DBG_CH9_RX_SLOT idx=0 cnt=1480745091 now=161318 start=161378 end=161498
DBG_CH9_EVENT_STATE state=granted peer=0x191a9619c6c8cb07 start=161378 end=161498 reason=rx-slot
DBG_CH9_RX_START idx=0 now=161318 start=161378 end=161498 tail=60
DBG_DWM_INVALIDATE tag=configure_radio_from_reset active_phy=2 configured=1 awake=1
DBG_DWM_MARK_UNCONFIGURED tag=initialise_radio prev_phy=0
DBG_CH9_RX_CONFIG_OK
DBG_CH9_RX_EARLY_ARM now=161340 start=161378 guard=60
DBG_CH9_RX_ARMED now=161341 start=161378 end=161498 deadline=161558
DBG_DWM_KEEP_IDLE reason=ch9-rx ch9=1 ack=0 qack=0 ret=0
DBG_CH9_RX_EMPTY
DBG_CH9_RX_TIMEOUT
DBG_CH9_RX_MISS frames=0 now=161559 start=161378 end=161498 fail=0
DBG_CH9_EVENT_STATE state=window_expired peer=0x191a9619c6c8cb07 start=161378 end=161498 reason=rx-slot
DBG_ANCHOR_CH5_SCAN_HANDLER role=2
DBG_ANCHOR_CH5_SCAN_ARM now=161563 win=100 complete=15 interval=380 wait=0 tx=0 response=0
DBG_DWM_INVALIDATE tag=configure_radio_from_reset active_phy=3 configured=1 awake=1
DBG_DWM_MARK_UNCONFIGURED tag=initialise_radio prev_phy=0
DBG_DWM_CH5_RX_HUNT_START acq=100 complete=15 cap=1021
DBG_DWM_CH5_RX_ACTIVITY_EXTEND ret=0 status=0x00000100 complete=15
DBG_DWM_CH5_RX_ACTIVITY_WAIT status=0x00000100 remain=15
DBG_DWM_CH5_RX_ACTIVITY_DONE raw=51 payload=49 status=0x00006f00 rearm=0 extended=1
DBG_ANCHOR_CH5_SCAN_DONE ret=0 len=49 fail=0 pre=1 q=100 rx_us=100000 complete=15
DBG_UWB_RX_CH5
DBG_ANCHOR_CH5_FRAME len=49 q=100 wake_ret=0
DBG_ANCHOR_DIRECT_GATEWAY_WAKE_LISTEN src=0x9999888877776666 evt=4345571 flags=0x93
DBG_ANCHOR_ROUTE_WAKE_DISPATCH src=0x9999888877776666 evt=4345571 attempt=1 flags=0x93 len=49 q=100
DBG_ANCHOR_CH5_POST_CH9_RECOVERY_SCAN win=100 ret=0 pre=1
DBG_C5_CONTACT phase=closing state=4 peer=0x9999888877776666 purpose=route_contact_refresh reason=replace
DBG_C5_CONTACT phase=open state=2 peer=0x9999888877776666 purpose=route_solicit reason=wake-claim
DBG_C5_CONTACT phase=accepted state=2 peer=0x9999888877776666 purpose=route_solicit reason=wake-claim
DBG_ROUTE_REPLY_LISTEN_START
DBG_DWM_MARK_UNCONFIGURED tag=initialise_radio prev_phy=0
DBG_DWM_WAKE_MESH_CTRL_OK sfd=4073
DBG_ROUTE_REPLY_LISTEN_CONFIG ret=0 ext=1
DBG_C5_CONTROL_LISTENER_HOLD_EXTENDED
DBG_C5_RX_FAIL status=0x00001300 finfo=0x00000000 fail=4 phy=4 ch=5 plen=3 pac=2 txc=9 rxc=9 sfd=2 rate=0 phr=1 phrr=0 sfdto=4
DBG_C5_CONTROL_LISTENER_HOLD_EXTENDED
DBG_C5_CONTROL_LISTENER_HOLD_EXTENDED
DBG_C5_CONTROL_LISTENER_HOLD_EXTENDED
DBG_C5_CONTROL_LISTENER_HOLD_EXTENDED
DBG_C5_CONTROL_LISTENER_HOLD_EXTENDED
DBG_C5_CONTROL_LISTENER_HOLD_EXTENDED
DBG_C5_CONTROL_LISTENER_HOLD_EXTENDED
DBG_C5_CONTROL_LISTENER_HOLD_EXTENDED
DBG_C5_CONTROL_LISTENER_HOLD_EXTENDED
DBG_C5_CONTROL_LISTENER_HOLD_EXTENDED
DBG_C5_CONTROL_LISTENER_HOLD_EXTENDED
DBG_C5_CONTROL_LISTENER_HOLD_EXTENDED
DBG_C5_CONTROL_LISTENER_HOLD_EXTENDED
DBG_C5_CONTROL_LISTENER_HOLD_EXTENDED
DBG_C5_CONTROL_LISTENER_HOLD_EXTENDED
DBG_C5_CONTROL_LISTENER_HOLD_EXTENDED
DBG_C5_CONTROL_LISTENER_HOLD_EXTENDED
DBG_C5_CONTROL_LISTENER_HOLD_EXTENDED
DBG_C5_CONTROL_LISTENER_HOLD_EXTENDED
DBG_C5_CONTROL_LISTENER_HOLD_EXTENDED
DBG_C5_CONTROL_LISTENER_HOLD_EXTENDED
DBG_C5_CONTROL_LISTENER_HOLD_EXTENDED
DBG_C5_CONTROL_LISTENER_HOLD_EXTENDED
DBG_C5_CONTROL_LISTENER_HOLD_EXTENDED
DBG_C5_CONTROL_LISTENER_HOLD_EXTENDED
DBG_C5_CONTROL_LISTENER_HOLD_EXTENDED
DBG_C5_CONTROL_LISTENER_HOLD_EXTENDED
DBG_C5_CONTROL_LISTENER_HOLD_EXTENDED
DBG_C5_CONTROL_LISTENER_HOLD_EXTENDED
DBG_C5_CONTROL_LISTENER_HOLD_EXTENDED
DBG_C5_CONTROL_LISTENER_HOLD_EXTENDED
DBG_C5_CONTROL_LISTENER_HOLD_EXTENDED
DBG_C5_CONTROL_LISTENER_HOLD_EXTENDED
DBG_C5_CONTROL_LISTENER_HOLD_EXTENDED
DBG_C5_CONTROL_LISTENER_HOLD_EXTENDED
DBG_C5_CONTROL_LISTENER_HOLD_EXTENDED
DBG_C5_CONTROL_LISTENER_HOLD_EXTENDED
DBG_C5_CONTROL_LISTENER_HOLD_EXTENDED
DBG_C5_CONTROL_LISTENER_HOLD_EXTENDED
DBG_C5_CONTROL_LISTENER_HOLD_EXTENDED
DBG_C5_CONTROL_LISTENER_HOLD_EXTENDED
DBG_C5_CONTROL_LISTENER_HOLD_EXTENDED
DBG_C5_CONTROL_LISTENER_HOLD_EXTENDED
DBG_C5_CONTROL_LISTENER_HOLD_EXTENDED
DBG_C5_CONTROL_LISTENER_HOLD_EXTENDED
DBG_C5_CONTROL_LISTENER_HOLD_EXTENDED
DBG_C5_CONTROL_LISTENER_HOLD_EXTENDED
DBG_C5_CONTROL_LISTENER_HOLD_EXTENDED
DBG_C5_CONTROL_LISTENER_HOLD_EXTENDED
DBG_C5_CONTROL_LISTENER_HOLD_EXTENDED
DBG_C5_CONTROL_LISTENER_HOLD_EXTENDED
DBG_C5_CONTROL_LISTENER_HOLD_EXTENDED
DBG_C5_CONTROL_LISTENER_HOLD_EXTENDED
DBG_C5_CONTROL_LISTENER_HOLD_EXTENDED
DBG_C5_CONTROL_LISTENER_HOLD_EXTENDED
DBG_C5_CONTROL_LISTENER_HOLD_EXTENDED
DBG_C5_CONTROL_LISTENER_HOLD_EXTENDED
DBG_C5_CONTROL_LISTENER_HOLD_EXTENDED
DBG_C5_CONTROL_LISTENER_HOLD_EXTENDED
DBG_C5_CONTROL_LISTENER_HOLD_EXTENDED
DBG_C5_CONTROL_LISTENER_HOLD_EXTENDED
DBG_C5_CONTROL_LISTENER_HOLD_EXTENDED
DBG_C5_CONTROL_LISTENER_HOLD_EXTENDED
DBG_C5_CONTROL_LISTENER_HOLD_EXTENDED
DBG_C5_CONTROL_LISTENER_HOLD_EXTENDED
DBG_C5_CONTROL_LISTENER_HOLD_EXTENDED
DBG_C5_CONTROL_LISTENER_HOLD_EXTENDED
DBG_C5_CONTROL_LISTENER_HOLD_EXTENDED
DBG_C5_CONTROL_LISTENER_HOLD_EXTENDED
DBG_C5_CONTROL_LISTENER_HOLD_EXTENDED
DBG_C5_CONTROL_LISTENER_HOLD_EXTENDED
DBG_C5_CONTROL_LISTENER_HOLD_EXTENDED
DBG_C5_CONTROL_LISTENER_HOLD_EXTENDED
DBG_C5_CONTROL_LISTENER_HOLD_EXTENDED
DBG_C5_CONTROL_LISTENER_HOLD_EXTENDED
DBG_C5_CONTROL_LISTENER_HOLD_EXTENDED
DBG_C5_CONTROL_LISTENER_HOLD_EXTENDED
DBG_C5_CONTROL_LISTENER_HOLD_EXTENDED
DBG_C5_CONTROL_LISTENER_HOLD_EXTENDED
DBG_C5_CONTROL_LISTENER_HOLD_EXTENDED
DBG_C5_CONTROL_LISTENER_HOLD_EXTENDED
DBG_C5_CONTROL_LISTENER_HOLD_EXTENDED
DBG_C5_CONTROL_LISTENER_HOLD_EXTENDED
DBG_C5_CONTROL_LISTENER_HOLD_EXTENDED
DBG_C5_CONTROL_LISTENER_HOLD_EXTENDED
DBG_C5_CONTROL_LISTENER_HOLD_EXTENDED
DBG_CH9_SKIP_STALE n=1 now=162200 next=162658 cnt=1480745093 reason=c5-listener-rx
DBG_C5_CONTROL_LISTENER_HOLD_EXTENDED
DBG_C5_CONTROL_LISTENER_HOLD_EXTENDED
DBG_ROUTE_REPLY_RX_FRAME
DBG_ROUTE_REPLY_UNRELATED msg=0x40 src=0x9999888877776666 dst=0x0 prev=0x9999888877776666 target=0x9999888877776666 session=43
DBG_ROUTE_REPLY_RX_FRAME
DBG_ROUTE_REPLY_UNRELATED msg=0x40 src=0x9999888877776666 dst=0x0 prev=0x9999888877776666 target=0x9999888877776666 session=43
DBG_ROUTE_REPLY_RX_FRAME
DBG_C5_CONTROL_ROUTE_READY msg=0x40 prev=0x708bc0aab970300e ttl=7 origin_ttl=8 relay=0 ret=0
DBG_C5_CONTROL_ROUTE_STATE epoch=104 sel=0 next=0x191a9619c6c8cb07 hop=1 timing=1
DBG_UWB_RX_CH5
DBG_MESH_RX_QUEUED ch=5 msg=0x40 src=0x9999888877776666 dst=0x0 prev=0x708bc0aab970300e seq=31 q=1
DBG_MESH_RX_DEFERRED q=1 msg=0x40
DBG_C5_GATEWAY_OPERATION_RETAINED msg=0x40 seq=31 click_waiting=0
DBG_COORD state=mesh-rx owner=uwb-rx reason=mesh-rx rx=1 tx=0 relay=0 route=0 ack=0 qack=0
DBG_CH5_GAP_SCAN now=162486 win=52 next_delay=112
DBG_DWM_INVALIDATE tag=configure_radio_from_reset active_phy=4 configured=1 awake=0
DBG_ROUTE_REPLY_LISTEN_DONE captured=1 ret=-11
DBG_C5_CONTACT phase=closing state=4 peer=0x9999888877776666 purpose=gateway_command_flood reason=reply-listen-done
DBG_MESH_RX_DIRECT_RF_BUSY submit=0 q=1 reason=anchor-route-wake-followup
DBG_ANCHOR_ROUTE_WAKE_HANDOFF_DONE src=0x9999888877776666 embedded=0 ret=-11 pending=1
DBG_ANCHOR_ROUTE_WAKE_DISPATCH_DONE handled=1 len=49 q=100
DBG_CH5_GAP_SCAN_DONE frames=0 last_error=0 now=162539 deadline=162538 click=0
DBG_DWM_KEEP_IDLE reason=mesh-rx ch9=1 ack=0 qack=0 ret=0
DBG_MESH_RX_WORK_WAIT q=1
DBG_MESH_RX_WORK_ENTER q=1
DBG_MESH_RX_DRAIN_ENTER owner=work q=1
DBG_C5_CONTACT phase=open state=2 peer=0x708bc0aab970300e purpose=gateway_command_flood reason=c5-control-rx
DBG_C5_CONTACT phase=accepted state=2 peer=0x708bc0aab970300e purpose=gateway_command_flood reason=c5-control-rx
DBG_COORD state=idle owner=c5-flood reason=idle rx=0 tx=0 relay=0 route=0 ack=0 qack=0
DBG_C5_FLOOD_WAIT now=162542 wake=162690 first=162690 msg=40 attempt=1/3 reason=broadcast-forward
DBG_DWM_INVALIDATE tag=configure_radio_from_reset active_phy=2 configured=1 awake=1
DBG_DWM_MARK_UNCONFIGURED tag=initialise_radio prev_phy=0
DBG_DWM_INVALIDATE tag=configure_radio_from_reset active_phy=2 configured=1 awake=0
DBG_DWM_MARK_UNCONFIGURED tag=initialise_radio prev_phy=0
DBG_DWM_WAKE_MESH_CTRL_OK sfd=4073
DBG_C5_TX_CONFIG ret=0 ext=1 len=127 msg=40 reason=bounded-c5-flood
DBG_UWB_TX_CH5
DBG_DWM_INVALIDATE tag=configure_radio_from_reset active_phy=4 configured=1 awake=0
DBG_DWM_MARK_UNCONFIGURED tag=initialise_radio prev_phy=0
DBG_DWM_WAKE_MESH_CTRL_OK sfd=4073
DBG_DWM_INVALIDATE tag=configure_radio_from_reset active_phy=4 configured=1 awake=0
DBG_DWM_MARK_UNCONFIGURED tag=initialise_radio prev_phy=0
DBG_DWM_INVALIDATE tag=configure_radio_from_reset active_phy=2 configured=1 awake=0
DBG_DWM_MARK_UNCONFIGURED tag=initialise_radio prev_phy=0
DBG_DWM_WAKE_MESH_CTRL_OK sfd=4073
DBG_C5_TX_CONFIG ret=0 ext=1 len=127 msg=40 reason=bounded-c5-flood
DBG_UWB_TX_CH5
DBG_DWM_INVALIDATE tag=configure_radio_from_reset active_phy=4 configured=1 awake=0
DBG_ANCHOR_CH5_SCAN_HANDLER role=2
DBG_ANCHOR_CH5_SCAN_BLOCKED win=0 survey=0 tx=0 retry_gap=0 flood=0 wait=0 rx=0 rxq=0 rxr=0 ack=0 ch9=0 rf=1 retry=20 interval
DBG_ANCHOR_CH5_SCAN_RESCHED ret=1 delay=20
DBG_DWM_MARK_UNCONFIGURED tag=initialise_radio prev_phy=0
DBG_DWM_WAKE_MESH_CTRL_OK sfd=4073
DBG_ANCHOR_CH5_SCAN_HANDLER role=2
DBG_ANCHOR_CH5_SCAN_BLOCKED win=0 survey=0 tx=0 retry_gap=0 flood=0 wait=0 rx=0 rxq=0 rxr=0 ack=0 ch9=0 rf=1 retry=20 interval
DBG_ANCHOR_CH5_SCAN_RESCHED ret=1 delay=20
DBG_ANCHOR_CH5_SCAN_HANDLER role=2
DBG_ANCHOR_CH5_SCAN_BLOCKED win=0 survey=0 tx=0 retry_gap=0 flood=0 wait=0 rx=0 rxq=0 rxr=0 ack=0 ch9=0 rf=1 retry=20 interval
DBG_DWM_INVALIDATE tag=configure_radio_from_reset active_phy=4 configured=1 awake=0
DBG_ANCHOR_CH5_SCAN_RESCHED ret=1 delay=20
DBG_DWM_MARK_UNCONFIGURED tag=initialise_radio prev_phy=0
DBG_ANCHOR_CH5_SCAN_HANDLER role=2
DBG_DWM_INVALIDATE tag=configure_radio_from_reset active_phy=2 configured=1 awake=0
DBG_ANCHOR_CH5_SCAN_BLOCKED win=0 survey=0 tx=0 retry_gap=0 flood=0 wait=0 rx=0 rxq=0 rxr=0 ack=0 ch9=0 rf=1 retry=20 interval
DBG_ANCHOR_CH5_SCAN_RESCHED ret=1 delay=20
DBG_DWM_MARK_UNCONFIGURED tag=initialise_radio prev_phy=0
DBG_DWM_WAKE_MESH_CTRL_OK sfd=4073
DBG_C5_TX_CONFIG ret=0 ext=1 len=127 msg=40 reason=bounded-c5-flood
DBG_ANCHOR_CH5_SCAN_HANDLER role=2
DBG_ANCHOR_CH5_SCAN_BLOCKED win=0 survey=0 tx=0 retry_gap=0 flood=0 wait=0 rx=0 rxq=0 rxr=0 ack=0 ch9=0 rf=1 retry=20 interval
DBG_ANCHOR_CH5_SCAN_RESCHED ret=1 delay=20
DBG_UWB_TX_CH5
DBG_DWM_INVALIDATE tag=configure_radio_from_reset active_phy=4 configured=1 awake=0
DBG_ANCHOR_CH5_SCAN_HANDLER role=2
DBG_DWM_MARK_UNCONFIGURED tag=initialise_radio prev_phy=0
DBG_ANCHOR_CH5_SCAN_BLOCKED win=0 survey=0 tx=0 retry_gap=0 flood=0 wait=0 rx=0 rxq=0 rxr=0 ack=0 ch9=0 rf=1 retry=20 interval
DBG_ANCHOR_CH5_SCAN_RESCHED ret=1 delay=20
DBG_DWM_WAKE_MESH_CTRL_OK sfd=4073
DBG_ANCHOR_CH5_SCAN_HANDLER role=2
DBG_ANCHOR_CH5_SCAN_BLOCKED win=0 survey=0 tx=0 retry_gap=0 flood=0 wait=0 rx=0 rxq=0 rxr=0 ack=0 ch9=0 rf=1 retry=20 interval
DBG_ANCHOR_CH5_SCAN_RESCHED ret=1 delay=20
DBG_DWM_INVALIDATE tag=configure_radio_from_reset active_phy=4 configured=1 awake=0
DBG_ANCHOR_CH5_SCAN_HANDLER role=2
DBG_ANCHOR_CH5_SCAN_BLOCKED win=0 survey=0 tx=0 retry_gap=0 flood=0 wait=0 rx=0 rxq=0 rxr=0 ack=0 ch9=0 rf=1 retry=20 interval
DBG_ANCHOR_CH5_SCAN_RESCHED ret=1 delay=20
DBG_DWM_MARK_UNCONFIGURED tag=initialise_radio prev_phy=0
DBG_ANCHOR_CH5_SCAN_HANDLER role=2
DBG_DWM_INVALIDATE tag=configure_radio_from_reset active_phy=2 configured=1 awake=0
DBG_ANCHOR_CH5_SCAN_BLOCKED win=0 survey=0 tx=0 retry_gap=0 flood=0 wait=0 rx=0 rxq=0 rxr=0 ack=0 ch9=0 rf=1 retry=20 interval
DBG_ANCHOR_CH5_SCAN_RESCHED ret=1 delay=20
DBG_DWM_MARK_UNCONFIGURED tag=initialise_radio prev_phy=0
DBG_DWM_WAKE_MESH_CTRL_OK sfd=4073
DBG_C5_TX_CONFIG ret=0 ext=1 len=127 msg=40 reason=bounded-c5-flood
DBG_ANCHOR_CH5_SCAN_HANDLER role=2
DBG_ANCHOR_CH5_SCAN_BLOCKED win=0 survey=0 tx=0 retry_gap=0 flood=0 wait=0 rx=0 rxq=0 rxr=0 ack=0 ch9=0 rf=1 retry=20 interval
DBG_ANCHOR_CH5_SCAN_RESCHED ret=1 delay=20
DBG_UWB_TX_CH5
DBG_C5_FLOOD_WAIT now=163093 wake=163135 first=163135 msg=40 attempt=2/3 reason=broadcast-forward
DBG_ANCHOR_CH5_SCAN_HANDLER role=2
DBG_ANCHOR_CH9_REARM delay=0 ret=0 ack=0
DBG_ANCHOR_CH5_SCAN_BLOCKED win=0 survey=0 tx=0 retry_gap=0 flood=0 wait=0 rx=0 rxq=0 rxr=0 ack=0 ch9=1 rf=0 retry=245 interva
DBG_ANCHOR_CH5_SCAN_RESCHED ret=1 delay=245
DBG_DWM_INVALIDATE tag=configure_radio_from_reset active_phy=4 configured=1 awake=0
DBG_DWM_MARK_UNCONFIGURED tag=initialise_radio prev_phy=0
DBG_DWM_INVALIDATE tag=configure_radio_from_reset active_phy=2 configured=1 awake=0
DBG_DWM_MARK_UNCONFIGURED tag=initialise_radio prev_phy=0
DBG_DWM_WAKE_MESH_CTRL_OK sfd=4073
DBG_C5_TX_CONFIG ret=0 ext=1 len=127 msg=40 reason=bounded-c5-flood
DBG_UWB_TX_CH5
DBG_DWM_INVALIDATE tag=configure_radio_from_reset active_phy=4 configured=1 awake=0
DBG_DWM_MARK_UNCONFIGURED tag=initialise_radio prev_phy=0
DBG_DWM_WAKE_MESH_CTRL_OK sfd=4073
DBG_DWM_INVALIDATE tag=configure_radio_from_reset active_phy=4 configured=1 awake=0
DBG_DWM_MARK_UNCONFIGURED tag=initialise_radio prev_phy=0
DBG_DWM_INVALIDATE tag=configure_radio_from_reset active_phy=2 configured=1 awake=0
DBG_DWM_MARK_UNCONFIGURED tag=initialise_radio prev_phy=0
DBG_DWM_WAKE_MESH_CTRL_OK sfd=4073
DBG_C5_TX_CONFIG ret=0 ext=1 len=127 msg=40 reason=bounded-c5-flood
DBG_UWB_TX_CH5
DBG_DWM_INVALIDATE tag=configure_radio_from_reset active_phy=4 configured=1 awake=0
DBG_DWM_MARK_UNCONFIGURED tag=initialise_radio prev_phy=0
DBG_DWM_WAKE_MESH_CTRL_OK sfd=4073
DBG_ANCHOR_CH5_SCAN_HANDLER role=2
DBG_CH9_SKIP_STALE n=1 now=163352 next=163298 cnt=1480745094 reason=rx-delay
DBG_ANCHOR_CH5_SCAN_BLOCKED win=0 survey=0 tx=0 retry_gap=0 flood=0 wait=0 rx=0 rxq=0 rxr=0 ack=0 ch9=0 rf=1 retry=20 interval
DBG_ANCHOR_CH5_SCAN_RESCHED ret=1 delay=20
DBG_DWM_INVALIDATE tag=configure_radio_from_reset active_phy=4 configured=1 awake=0
DBG_ANCHOR_CH5_SCAN_HANDLER role=2
DBG_DWM_MARK_UNCONFIGURED tag=initialise_radio prev_phy=0
DBG_ANCHOR_CH5_SCAN_BLOCKED win=0 survey=0 tx=0 retry_gap=0 flood=0 wait=0 rx=0 rxq=0 rxr=0 ack=0 ch9=0 rf=1 retry=20 interval
DBG_DWM_INVALIDATE tag=configure_radio_from_reset active_phy=2 configured=1 awake=0
DBG_ANCHOR_CH5_SCAN_RESCHED ret=1 delay=20
DBG_DWM_MARK_UNCONFIGURED tag=initialise_radio prev_phy=0
DBG_ANCHOR_CH5_SCAN_HANDLER role=2
DBG_DWM_WAKE_MESH_CTRL_OK sfd=4073
DBG_C5_TX_CONFIG ret=0 ext=1 len=127 msg=40 reason=bounded-c5-flood
DBG_ANCHOR_CH5_SCAN_BLOCKED win=0 survey=0 tx=0 retry_gap=0 flood=0 wait=0 rx=0 rxq=0 rxr=0 ack=0 ch9=0 rf=1 retry=20 interval
DBG_ANCHOR_CH5_SCAN_RESCHED ret=1 delay=20
DBG_UWB_TX_CH5
DBG_DWM_INVALIDATE tag=configure_radio_from_reset active_phy=4 configured=1 awake=0
DBG_ANCHOR_CH5_SCAN_HANDLER role=2
DBG_DWM_MARK_UNCONFIGURED tag=initialise_radio prev_phy=0
DBG_ANCHOR_CH5_SCAN_BLOCKED win=0 survey=0 tx=0 retry_gap=0 flood=0 wait=0 rx=0 rxq=0 rxr=0 ack=0 ch9=0 rf=1 retry=20 interval
DBG_DWM_WAKE_MESH_CTRL_OK sfd=4073
DBG_ANCHOR_CH5_SCAN_RESCHED ret=1 delay=20
DBG_ANCHOR_CH5_SCAN_HANDLER role=2
DBG_ANCHOR_CH5_SCAN_BLOCKED win=0 survey=0 tx=0 retry_gap=0 flood=0 wait=0 rx=0 rxq=0 rxr=0 ack=0 ch9=0 rf=1 retry=20 interval
DBG_ANCHOR_CH5_SCAN_RESCHED ret=1 delay=20
DBG_DWM_INVALIDATE tag=configure_radio_from_reset active_phy=4 configured=1 awake=0
DBG_ANCHOR_CH5_SCAN_HANDLER role=2
DBG_CH9_SKIP_STALE n=1 now=163492 next=163938 cnt=1480745095 reason=rx-delay
DBG_ANCHOR_CH5_SCAN_BLOCKED win=0 survey=0 tx=0 retry_gap=0 flood=0 wait=0 rx=0 rxq=0 rxr=0 ack=0 ch9=0 rf=1 retry=20 interval
DBG_ANCHOR_CH5_SCAN_RESCHED ret=1 delay=20
DBG_DWM_MARK_UNCONFIGURED tag=initialise_radio prev_phy=0
DBG_DWM_INVALIDATE tag=configure_radio_from_reset active_phy=2 configured=1 awake=0
DBG_ANCHOR_CH5_SCAN_HANDLER role=2
DBG_ANCHOR_CH5_SCAN_BLOCKED win=0 survey=0 tx=0 retry_gap=0 flood=0 wait=0 rx=0 rxq=0 rxr=0 ack=0 ch9=0 rf=1 retry=20 interval
DBG_ANCHOR_CH5_SCAN_RESCHED ret=1 delay=20
DBG_DWM_MARK_UNCONFIGURED tag=initialise_radio prev_phy=0
DBG_DWM_WAKE_MESH_CTRL_OK sfd=4073
DBG_C5_TX_CONFIG ret=0 ext=1 len=127 msg=40 reason=bounded-c5-flood
DBG_ANCHOR_CH5_SCAN_HANDLER role=2
DBG_UWB_TX_CH5
DBG_C5_FLOOD_WAIT now=163539 wake=163589 first=163589 msg=40 attempt=3/3 reason=broadcast-forward
DBG_ANCHOR_CH5_SCAN_BLOCKED win=0 survey=0 tx=0 retry_gap=0 flood=0 wait=0 rx=0 rxq=0 rxr=0 ack=0 ch9=0 rf=1 retry=20 interval
DBG_ANCHOR_CH5_SCAN_RESCHED ret=1 delay=20
DBG_ANCHOR_CH5_SCAN_HANDLER role=2
DBG_ANCHOR_CH5_SCAN_ARM now=163559 win=100 complete=15 interval=380 wait=0 tx=0 response=0
DBG_DWM_INVALIDATE tag=configure_radio_from_reset active_phy=4 configured=1 awake=0
DBG_DWM_MARK_UNCONFIGURED tag=initialise_radio prev_phy=0
DBG_DWM_CH5_RX_HUNT_START acq=100 complete=15 cap=1021
DBG_DISCOVERY_SLOT_CLEARED epoch=43516111 prior_epoch=43516087
DBG_ENUM_RX_ACTIVE epoch=43516111 budget=418524 duplicate=0
DBG_ANCHOR_CH5_SCAN_RESCHED ret=2 delay=0
DBG_DISCOVERY_SLOT_RESPONSE_SCHEDULED phase=1 epoch=43516111 delay=2958 slot=1 lane=1/3 hop=2 hash=0x84e5bb6fd3fa9660
DBG_MESH_RX_DRAIN_EXIT owner=work handled=1 q=0
DBG_MESH_RX_WORK_EXIT handled=1 q=0
DBG_DWM_CH5_RX_HUNT_EMPTY ret=-116 status=0x00000000 acq=100
DBG_DWM_CH5_RX_HUNT_START acq=100 complete=15 cap=1021
DBG_DWM_CH5_RX_HUNT_EMPTY ret=-116 status=0x00000000 acq=100
DBG_DWM_CH5_RX_HUNT_START acq=100 complete=15 cap=1021
DBG_DWM_CH5_RX_HUNT_EMPTY ret=-116 status=0x00000000 acq=100
DBG_ENUM_CH5_YIELD_CH9 next=0 reserve=35
DBG_ANCHOR_CH5_SCAN_DONE ret=-116 len=0 fail=1 pre=0 q=0 rx_us=301970 complete=15
DBG_ANCHOR_CH5_POST_CH9_RECOVERY_SCAN win=100 ret=-116 pre=0
DBG_ANCHOR_CH5_SCAN_RESCHED ret=0 delay=0
DBG_ANCHOR_CH5_SCAN_HANDLER role=2
DBG_ANCHOR_CH9_REARM delay=0 ret=1 ack=0
DBG_ANCHOR_CH5_SCAN_BLOCKED win=0 survey=0 tx=0 retry_gap=0 flood=0 wait=0 rx=0 rxq=0 rxr=0 ack=0 ch9=1 rf=0 retry=1 interval=
DBG_ANCHOR_CH5_SCAN_RESCHED ret=1 delay=1
DBG_CH9_RX_SLOT idx=0 cnt=1480745095 now=163885 start=163938 end=164058
DBG_CH9_EVENT_STATE state=granted peer=0x191a9619c6c8cb07 start=163938 end=164058 reason=rx-slot
DBG_CH9_RX_START idx=0 now=163885 start=163938 end=164058 tail=60
DBG_DWM_INVALIDATE tag=configure_radio_from_reset active_phy=2 configured=1 awake=1
DBG_ANCHOR_CH5_SCAN_HANDLER role=2
DBG_ANCHOR_CH5_SCAN_BLOCKED win=0 survey=0 tx=0 retry_gap=0 flood=0 wait=0 rx=0 rxq=0 rxr=0 ack=0 ch9=1 rf=1 retry=20 interval
DBG_DWM_MARK_UNCONFIGURED tag=initialise_radio prev_phy=0
DBG_CH9_RX_CONFIG_OK
DBG_CH9_RX_EARLY_ARM now=163907 start=163938 guard=60
DBG_CH9_RX_ARMED now=163907 start=163938 end=164058 deadline=164118
DBG_ANCHOR_CH5_SCAN_HANDLER role=2
DBG_ANCHOR_CH5_SCAN_BLOCKED win=0 survey=0 tx=0 retry_gap=0 flood=0 wait=0 rx=0 rxq=0 rxr=0 ack=0 ch9=1 rf=1 retry=20 interval
DBG_ANCHOR_CH5_SCAN_RESCHED ret=1 delay=20
DBG_ANCHOR_CH5_SCAN_HANDLER role=2
DBG_ANCHOR_CH5_SCAN_BLOCKED win=0 survey=0 tx=0 retry_gap=0 flood=0 wait=0 rx=0 rxq=0 rxr=0 ack=0 ch9=1 rf=1 retry=20 interval
DBG_ANCHOR_CH5_SCAN_RESCHED ret=1 delay=20
DBG_ANCHOR_CH5_SCAN_HANDLER role=2
DBG_ANCHOR_CH5_SCAN_BLOCKED win=0 survey=0 tx=0 retry_gap=0 flood=0 wait=0 rx=0 rxq=0 rxr=0 ack=0 ch9=1 rf=1 retry=20 interval
DBG_ANCHOR_CH5_SCAN_RESCHED ret=1 delay=20
DBG_ANCHOR_CH5_SCAN_HANDLER role=2
DBG_ANCHOR_CH5_SCAN_BLOCKED win=0 survey=0 tx=0 retry_gap=0 flood=0 wait=0 rx=0 rxq=0 rxr=0 ack=0 ch9=1 rf=1 retry=20 interval
DBG_ANCHOR_CH5_SCAN_RESCHED ret=1 delay=20
DBG_ANCHOR_CH5_SCAN_HANDLER role=2
DBG_ANCHOR_CH5_SCAN_BLOCKED win=0 survey=0 tx=0 retry_gap=0 flood=0 wait=0 rx=0 rxq=0 rxr=0 ack=0 ch9=1 rf=1 retry=20 interval
DBG_ANCHOR_CH5_SCAN_RESCHED ret=1 delay=20
DBG_ANCHOR_CH5_SCAN_HANDLER role=2
DBG_ANCHOR_CH5_SCAN_BLOCKED win=0 survey=0 tx=0 retry_gap=0 flood=0 wait=0 rx=0 rxq=0 rxr=0 ack=0 ch9=1 rf=1 retry=20 interval
DBG_ANCHOR_CH5_SCAN_RESCHED ret=1 delay=20
DBG_ANCHOR_CH5_SCAN_HANDLER role=2
DBG_ANCHOR_CH5_SCAN_BLOCKED win=0 survey=0 tx=0 retry_gap=0 flood=0 wait=0 rx=0 rxq=0 rxr=0 ack=0 ch9=1 rf=1 retry=20 interval
DBG_ANCHOR_CH5_SCAN_RESCHED ret=1 delay=20
DBG_ANCHOR_CH5_SCAN_HANDLER role=2
DBG_ANCHOR_CH5_SCAN_BLOCKED win=0 survey=0 tx=0 retry_gap=0 flood=0 wait=0 rx=0 rxq=0 rxr=0 ack=0 ch9=1 rf=1 retry=20 interval
DBG_ANCHOR_CH5_SCAN_RESCHED ret=1 delay=20
DBG_DWM_KEEP_IDLE reason=ch9-rx ch9=1 ack=0 qack=0 ret=0
DBG_CH9_RX_EMPTY
DBG_CH9_RX_TIMEOUT
DBG_CH9_RX_MISS frames=0 now=164120 start=163938 end=164058 fail=0
DBG_CH9_EVENT_STATE state=window_expired peer=0x191a9619c6c8cb07 start=163938 end=164058 reason=rx-slot
DBG_ANCHOR_CH5_SCAN_HANDLER role=2
DBG_CH5_SCAN_CAP next=1020 reserve=35 win=985 enum=1 recovery=1
DBG_DWM_INVALIDATE tag=configure_radio_from_reset active_phy=3 configured=1 awake=1
DBG_DWM_MARK_UNCONFIGURED tag=initialise_radio prev_phy=0
DBG_DWM_WAKE_MESH_CTRL_OK sfd=4073
DBG_DWM_CH5_RX_HUNT_START acq=985 complete=15 cap=1021
DBG_DWM_CH5_RX_HUNT_EMPTY ret=-116 status=0x00000000 acq=985
DBG_CH9_SKIP_STALE n=1 now=165145 next=165218 cnt=1480745097 reason=rx-delay
DBG_ENUM_CH5_YIELD_CH9 next=13 reserve=35
DBG_ANCHOR_CH5_POST_CH9_RECOVERY_SCAN win=985 ret=-116 pre=0
DBG_ANCHOR_CH5_SCAN_RESCHED ret=2 delay=0
DBG_ANCHOR_CH5_SCAN_HANDLER role=2
DBG_ANCHOR_CH9_REARM delay=12 ret=1 ack=0
DBG_ANCHOR_CH5_SCAN_BLOCKED win=0 survey=0 tx=0 retry_gap=0 flood=0 wait=0 rx=0 rxq=0 rxr=0 ack=0 ch9=1 rf=0 retry=12 interval
DBG_ANCHOR_CH5_SCAN_RESCHED ret=1 delay=12
DBG_CH9_RX_SLOT idx=0 cnt=1480745097 now=165159 start=165218 end=165338
DBG_CH9_EVENT_STATE state=granted peer=0x191a9619c6c8cb07 start=165218 end=165338 reason=rx-slot
DBG_CH9_RX_START idx=0 now=165159 start=165218 end=165338 tail=60
DBG_DWM_INVALIDATE tag=configure_radio_from_reset active_phy=4 configured=1 awake=1
DBG_ANCHOR_CH5_SCAN_HANDLER role=2
DBG_ANCHOR_CH5_SCAN_BLOCKED win=0 survey=0 tx=0 retry_gap=0 flood=0 wait=0 rx=0 rxq=0 rxr=0 ack=0 ch9=1 rf=1 retry=20 interval
DBG_ANCHOR_CH5_SCAN_RESCHED ret=1 delay=20
DBG_DWM_MARK_UNCONFIGURED tag=initialise_radio prev_phy=0
DBG_CH9_RX_CONFIG_OK
DBG_CH9_RX_EARLY_ARM now=165180 start=165218 guard=60
DBG_CH9_RX_ARMED now=165180 start=165218 end=165338 deadline=165398
DBG_ANCHOR_CH5_SCAN_HANDLER role=2
DBG_ANCHOR_CH5_SCAN_BLOCKED win=0 survey=0 tx=0 retry_gap=0 flood=0 wait=0 rx=0 rxq=0 rxr=0 ack=0 ch9=1 rf=1 retry=20 interval
DBG_ANCHOR_CH5_SCAN_RESCHED ret=1 delay=20
DBG_ANCHOR_CH5_SCAN_HANDLER role=2
DBG_ANCHOR_CH5_SCAN_BLOCKED win=0 survey=0 tx=0 retry_gap=0 flood=0 wait=0 rx=0 rxq=0 rxr=0 ack=0 ch9=1 rf=1 retry=20 interval
DBG_ANCHOR_CH5_SCAN_RESCHED ret=1 delay=20
DBG_ANCHOR_CH5_SCAN_HANDLER role=2
DBG_ANCHOR_CH5_SCAN_BLOCKED win=0 survey=0 tx=0 retry_gap=0 flood=0 wait=0 rx=0 rxq=0 rxr=0 ack=0 ch9=1 rf=1 retry=20 interval
DBG_ANCHOR_CH5_SCAN_RESCHED ret=1 delay=20
DBG_ANCHOR_CH5_SCAN_HANDLER role=2
DBG_ANCHOR_CH5_SCAN_BLOCKED win=0 survey=0 tx=0 retry_gap=0 flood=0 wait=0 rx=0 rxq=0 rxr=0 ack=0 ch9=1 rf=1 retry=20 interval
DBG_ANCHOR_CH5_SCAN_RESCHED ret=1 delay=20
DBG_ANCHOR_CH5_SCAN_HANDLER role=2
DBG_ANCHOR_CH5_SCAN_BLOCKED win=0 survey=0 tx=0 retry_gap=0 flood=0 wait=0 rx=0 rxq=0 rxr=0 ack=0 ch9=1 rf=1 retry=20 interval
DBG_ANCHOR_CH5_SCAN_RESCHED ret=1 delay=20
DBG_ANCHOR_CH5_SCAN_HANDLER role=2
DBG_ANCHOR_CH5_SCAN_BLOCKED win=0 survey=0 tx=0 retry_gap=0 flood=0 wait=0 rx=0 rxq=0 rxr=0 ack=0 ch9=1 rf=1 retry=20 interval
DBG_ANCHOR_CH5_SCAN_RESCHED ret=1 delay=20
DBG_ANCHOR_CH5_SCAN_HANDLER role=2
DBG_ANCHOR_CH5_SCAN_BLOCKED win=0 survey=0 tx=0 retry_gap=0 flood=0 wait=0 rx=0 rxq=0 rxr=0 ack=0 ch9=1 rf=1 retry=20 interval
DBG_ANCHOR_CH5_SCAN_RESCHED ret=1 delay=20
DBG_ANCHOR_CH5_SCAN_HANDLER role=2
DBG_ANCHOR_CH5_SCAN_BLOCKED win=0 survey=0 tx=0 retry_gap=0 flood=0 wait=0 rx=0 rxq=0 rxr=0 ack=0 ch9=1 rf=1 retry=20 interval
DBG_ANCHOR_CH5_SCAN_RESCHED ret=1 delay=20
DBG_DWM_KEEP_IDLE reason=ch9-rx ch9=1 ack=0 qack=0 ret=0
DBG_CH9_RX_EMPTY
DBG_CH9_RX_TIMEOUT
DBG_CH9_RX_MISS frames=0 now=165399 start=165218 end=165338 fail=0
DBG_CH9_EVENT_STATE state=window_expired peer=0x191a9619c6c8cb07 start=165218 end=165338 reason=rx-slot
DBG_ANCHOR_CH5_SCAN_HANDLER role=2
DBG_CH5_SCAN_CAP next=1026 reserve=35 win=991 enum=1 recovery=1
DBG_ANCHOR_CH5_SCAN_ARM now=165413 win=991 complete=15 interval=380 wait=0 tx=0 response=0
DBG_DWM_INVALIDATE tag=configure_radio_from_reset active_phy=3 configured=1 awake=1
DBG_DWM_MARK_UNCONFIGURED tag=initialise_radio prev_phy=0
DBG_DWM_WAKE_MESH_CTRL_OK sfd=4073
DBG_DWM_CH5_RX_HUNT_START acq=991 complete=15 cap=1021
DBG_DWM_CH5_RX_HUNT_EMPTY ret=-116 status=0x00000000 acq=991
DBG_CH9_SKIP_STALE n=1 now=166426 next=166498 cnt=1480745099 reason=rx-delay
DBG_ENUM_CH5_YIELD_CH9 next=12 reserve=35
DBG_ANCHOR_CH5_SCAN_DONE ret=-116 len=0 fail=1 pre=0 q=0 rx_us=991455 complete=15
DBG_ANCHOR_CH5_POST_CH9_RECOVERY_SCAN win=991 ret=-116 pre=0
DBG_ANCHOR_CH5_SCAN_RESCHED ret=2 delay=0
DBG_ANCHOR_CH5_SCAN_HANDLER role=2
DBG_ANCHOR_CH9_REARM delay=11 ret=1 ack=0
DBG_ANCHOR_CH5_SCAN_BLOCKED win=0 survey=0 tx=0 retry_gap=0 flood=0 wait=0 rx=0 rxq=0 rxr=0 ack=0 ch9=1 rf=0 retry=10 interval
DBG_ANCHOR_CH5_SCAN_RESCHED ret=1 delay=10
DBG_ANCHOR_CH5_SCAN_HANDLER role=2
DBG_ANCHOR_CH9_REARM delay=0 ret=1 ack=0
DBG_ANCHOR_CH5_SCAN_BLOCKED win=0 survey=0 tx=0 retry_gap=0 flood=0 wait=0 rx=0 rxq=0 rxr=0 ack=0 ch9=1 rf=0 retry=1 interval=
DBG_CH9_RX_SLOT idx=0 cnt=1480745099 now=166439 start=166498 end=166618
DBG_CH9_EVENT_STATE state=granted peer=0x191a9619c6c8cb07 start=166498 end=166618 reason=rx-slot
DBG_CH9_RX_START idx=0 now=166439 start=166498 end=166618 tail=60
DBG_DWM_INVALIDATE tag=configure_radio_from_reset active_phy=4 configured=1 awake=1
DBG_ANCHOR_CH5_SCAN_RESCHED ret=1 delay=1
DBG_ANCHOR_CH5_SCAN_HANDLER role=2
DBG_ANCHOR_CH5_SCAN_RESCHED ret=1 delay=20
DBG_DWM_MARK_UNCONFIGURED tag=initialise_radio prev_phy=0
DBG_CH9_RX_CONFIG_OK
DBG_CH9_RX_EARLY_ARM now=166460 start=166498 guard=60
DBG_CH9_RX_ARMED now=166461 start=166498 end=166618 deadline=166678
DBG_ANCHOR_CH5_SCAN_HANDLER role=2
DBG_ANCHOR_CH5_SCAN_BLOCKED win=0 survey=0 tx=0 retry_gap=0 flood=0 wait=0 rx=0 rxq=0 rxr=0 ack=0 ch9=1 rf=1 retry=20 interval
DBG_ANCHOR_CH5_SCAN_RESCHED ret=1 delay=20
DBG_ANCHOR_CH5_SCAN_HANDLER role=2
DBG_ANCHOR_CH5_SCAN_BLOCKED win=0 survey=0 tx=0 retry_gap=0 flood=0 wait=0 rx=0 rxq=0 rxr=0 ack=0 ch9=1 rf=1 retry=20 interval
DBG_ANCHOR_CH5_SCAN_RESCHED ret=1 delay=20
DBG_ANCHOR_CH5_SCAN_HANDLER role=2
DBG_ANCHOR_CH5_SCAN_BLOCKED win=0 survey=0 tx=0 retry_gap=0 flood=0 wait=0 rx=0 rxq=0 rxr=0 ack=0 ch9=1 rf=1 retry=20 interval
DBG_ANCHOR_CH5_SCAN_RESCHED ret=1 delay=20
DBG_ANCHOR_CH5_SCAN_HANDLER role=2
DBG_ANCHOR_CH5_SCAN_BLOCKED win=0 survey=0 tx=0 retry_gap=0 flood=0 wait=0 rx=0 rxq=0 rxr=0 ack=0 ch9=1 rf=1 retry=20 interval
DBG_ANCHOR_CH5_SCAN_RESCHED ret=1 delay=20
DBG_ANCHOR_CH5_SCAN_HANDLER role=2
DBG_ANCHOR_CH5_SCAN_BLOCKED win=0 survey=0 tx=0 retry_gap=0 flood=0 wait=0 rx=0 rxq=0 rxr=0 ack=0 ch9=1 rf=1 retry=20 interval
DBG_ANCHOR_CH5_SCAN_RESCHED ret=1 delay=20
DBG_ANCHOR_CH5_SCAN_HANDLER role=2
DBG_ANCHOR_CH5_SCAN_BLOCKED win=0 survey=0 tx=0 retry_gap=0 flood=0 wait=0 rx=0 rxq=0 rxr=0 ack=0 ch9=1 rf=1 retry=20 interval
DBG_ANCHOR_CH5_SCAN_RESCHED ret=1 delay=20
DBG_ANCHOR_CH5_SCAN_HANDLER role=2
DBG_ANCHOR_CH5_SCAN_BLOCKED win=0 survey=0 tx=0 retry_gap=0 flood=0 wait=0 rx=0 rxq=0 rxr=0 ack=0 ch9=1 rf=1 retry=20 interval
DBG_ANCHOR_CH5_SCAN_RESCHED ret=1 delay=20
DBG_ANCHOR_CH5_SCAN_HANDLER role=2
DBG_ANCHOR_CH5_SCAN_BLOCKED win=0 survey=0 tx=0 retry_gap=0 flood=0 wait=0 rx=0 rxq=0 rxr=0 ack=0 ch9=1 rf=1 retry=20 interval
DBG_ANCHOR_CH5_SCAN_RESCHED ret=1 delay=20
DBG_DWM_KEEP_IDLE reason=ch9-rx ch9=1 ack=0 qack=0 ret=0
DBG_CH9_RX_EMPTY
DBG_CH9_RX_TIMEOUT
DBG_CH9_RX_MISS frames=0 now=166678 start=166498 end=166618 fail=0
DBG_CH9_EVENT_STATE state=window_expired peer=0x191a9619c6c8cb07 start=166498 end=166618 reason=rx-slot
DBG_NC o=0000000000000003 g=00000003 w=00 e=0000003c s=00000005 q=0000>0004 r=00000000 f=00000024 t=00000000 p=00000000 a=00
DBG_NODE_COMM_SUBMIT handle=3 profile=3 token=17039391 deadline=206548
DBG_DISCOVERY_SLOT_RESPONSE phase=1 epoch=43516111 hash=0x84e5bb6fd3fa9660 hop=2 slot=1 attempt=1 ret=0
DBG_NODE_COMM_TX_BEGIN handle=3 profile=3 msg=65 dst=0x9999888877776666 seq=31
DBG_PROTOCOL_RESPONSE_RX_HANDOFF_READY abort=0 owner=0 seq=31
DBG_CH9_UNAVAIL ret=-10 sel=0 act=2 now=166680 start=167138 win=120
DBG_CH9_ROUTE_STATE epoch=104 selected=0
DBG_ANCHOR_CH5_SCAN_HANDLER role=2
DBG_CH5_SCAN_CAP next=386 reserve=35 win=351 enum=1 recovery=1
DBG_ANCHOR_CH5_SCAN_RESCHED ret=1 delay=20
DBG_DWM_MARK_UNCONFIGURED tag=initialise_radio prev_phy=0
DBG_ANCHOR_CH5_SCAN_HANDLER role=2
DBG_CH5_SCAN_CAP next=363 reserve=35 win=328 enum=1 recovery=1
DBG_ANCHOR_CH5_SCAN_BLOCKED win=0 survey=0 tx=0 retry_gap=0 flood=0 wait=0 rx=0 rxq=0 rxr=0 ack=0 ch9=0 rf=1 retry=20 interval
DBG_ANCHOR_CH5_SCAN_RESCHED ret=1 delay=20
DBG_ANCHOR_CH5_SCAN_HANDLER role=2
DBG_CH5_SCAN_CAP next=332 reserve=35 win=297 enum=1 recovery=1
DBG_ANCHOR_CH5_SCAN_BLOCKED win=0 survey=0 tx=0 retry_gap=0 flood=0 wait=0 rx=0 rxq=0 rxr=0 ack=0 ch9=0 rf=1 retry=20 interval
DBG_ANCHOR_CH5_SCAN_RESCHED ret=1 delay=20
DBG_ANCHOR_CH5_SCAN_HANDLER role=2
DBG_CH5_SCAN_CAP next=300 reserve=35 win=265 enum=1 recovery=1
DBG_CH5_GAP_SCAN_DONE frames=0 last_error=0 now=166783 deadline=166782 click=0
DBG_DWM_KEEP_IDLE reason=mesh-rx ch9=1 ack=0 qack=0 ret=0
DBG_CH5_GAP_SCAN now=166784 win=100 next_delay=294
DBG_DWM_INVALIDATE tag=configure_radio_from_reset active_phy=2 configured=1 awake=1
DBG_ANCHOR_CH5_SCAN_BLOCKED win=0 survey=0 tx=0 retry_gap=0 flood=0 wait=0 rx=0 rxq=0 rxr=0 ack=0 ch9=0 rf=1 retry=20 interval
DBG_ANCHOR_CH5_SCAN_RESCHED ret=1 delay=20
DBG_DWM_MARK_UNCONFIGURED tag=initialise_radio prev_phy=0
DBG_ANCHOR_CH5_SCAN_HANDLER role=2
DBG_CH5_SCAN_CAP next=271 reserve=35 win=236 enum=1 recovery=1
DBG_ANCHOR_CH5_SCAN_BLOCKED win=0 survey=0 tx=0 retry_gap=0 flood=0 wait=0 rx=0 rxq=0 rxr=0 ack=0 ch9=0 rf=1 retry=20 interval
DBG_ANCHOR_CH5_SCAN_RESCHED ret=1 delay=20
DBG_ANCHOR_CH5_SCAN_HANDLER role=2
DBG_CH5_SCAN_CAP next=240 reserve=35 win=205 enum=1 recovery=1
DBG_ANCHOR_CH5_SCAN_BLOCKED win=0 survey=0 tx=0 retry_gap=0 flood=0 wait=0 rx=0 rxq=0 rxr=0 ack=0 ch9=0 rf=1 retry=20 interval
DBG_ANCHOR_CH5_SCAN_RESCHED ret=1 delay=20
DBG_ANCHOR_CH5_SCAN_HANDLER role=2
DBG_CH5_SCAN_CAP next=208 reserve=35 win=173 enum=1 recovery=1
DBG_ANCHOR_CH5_SCAN_BLOCKED win=0 survey=0 tx=0 retry_gap=0 flood=0 wait=0 rx=0 rxq=0 rxr=0 ack=0 ch9=0 rf=1 retry=20 interval
DBG_ANCHOR_CH5_SCAN_RESCHED ret=1 delay=20
DBG_CH5_GAP_SCAN_DONE frames=0 last_error=0 now=166884 deadline=166884 click=0
DBG_DWM_KEEP_IDLE reason=mesh-rx ch9=1 ack=0 qack=0 ret=0
DBG_CH5_GAP_SCAN now=166885 win=100 next_delay=193
DBG_DWM_INVALIDATE tag=configure_radio_from_reset active_phy=2 configured=1 awake=1
DBG_ANCHOR_CH5_SCAN_HANDLER role=2
DBG_DWM_MARK_UNCONFIGURED tag=initialise_radio prev_phy=0
DBG_CH5_SCAN_CAP next=176 reserve=35 win=141 enum=1 recovery=1
DBG_ANCHOR_CH5_SCAN_BLOCKED win=0 survey=0 tx=0 retry_gap=0 flood=0 wait=0 rx=0 rxq=0 rxr=0 ack=0 ch9=0 rf=1 retry=20 interval
DBG_ANCHOR_CH5_SCAN_RESCHED ret=1 delay=20
DBG_ANCHOR_CH5_SCAN_HANDLER role=2
DBG_CH5_SCAN_CAP next=146 reserve=35 win=111 enum=1 recovery=1
DBG_ANCHOR_CH5_SCAN_BLOCKED win=0 survey=0 tx=0 retry_gap=0 flood=0 wait=0 rx=0 rxq=0 rxr=0 ack=0 ch9=0 rf=1 retry=20 interval
DBG_ANCHOR_CH5_SCAN_RESCHED ret=1 delay=20
DBG_ANCHOR_CH5_SCAN_HANDLER role=2
DBG_CH5_SCAN_CAP next=115 reserve=35 win=80 enum=1 recovery=1
DBG_ANCHOR_CH5_SCAN_BLOCKED win=0 survey=0 tx=0 retry_gap=0 flood=0 wait=0 rx=0 rxq=0 rxr=0 ack=0 ch9=0 rf=1 retry=20 interval
DBG_ANCHOR_CH5_SCAN_RESCHED ret=1 delay=20
DBG_CH5_GAP_SCAN_DONE frames=0 last_error=0 now=166985 deadline=166985 click=0
DBG_DWM_KEEP_IDLE reason=mesh-rx ch9=1 ack=0 qack=0 ret=0
DBG_CH5_GAP_SCAN now=166986 win=32 next_delay=92
DBG_DWM_INVALIDATE tag=configure_radio_from_reset active_phy=2 configured=1 awake=1
DBG_ANCHOR_CH5_SCAN_HANDLER role=2
DBG_CH5_SCAN_CAP next=85 reserve=35 win=50 enum=1 recovery=1
DBG_ANCHOR_CH5_SCAN_BLOCKED win=0 survey=0 tx=0 retry_gap=0 flood=0 wait=0 rx=0 rxq=0 rxr=0 ack=0 ch9=0 rf=1 retry=20 interval
DBG_ANCHOR_CH5_SCAN_RESCHED ret=1 delay=20
DBG_DWM_MARK_UNCONFIGURED tag=initialise_radio prev_phy=0
DBG_ANCHOR_CH5_SCAN_HANDLER role=2
DBG_CH5_GAP_SCAN_DONE frames=0 last_error=0 now=167018 deadline=167018 click=0
DBG_DWM_KEEP_IDLE reason=mesh-rx ch9=1 ack=0 qack=0 ret=0
DBG_CH5_SCAN_CAP next=63 reserve=35 win=28 enum=1 recovery=1
DBG_ANCHOR_CH5_SCAN_BLOCKED win=0 survey=0 tx=0 retry_gap=0 flood=0 wait=0 rx=0 rxq=0 rxr=0 ack=0 ch9=0 rf=1 retry=20 interval
DBG_ANCHOR_CH5_SCAN_RESCHED ret=1 delay=20
DBG_ANCHOR_CH5_SCAN_HANDLER role=2
DBG_ANCHOR_CH9_REARM delay=39 ret=1 ack=0
DBG_CH5_SCAN_CAP next=38 reserve=35 win=3 enum=1 recovery=1
DBG_ANCHOR_CH5_SCAN_BLOCKED win=0 survey=0 tx=0 retry_gap=0 flood=0 wait=0 rx=0 rxq=0 rxr=0 ack=0 ch9=1 rf=0 retry=284 interva
DBG_ANCHOR_CH5_SCAN_RESCHED ret=1 delay=284
DBG_NODE_COMM_TX_BEGIN handle=3 profile=3 msg=65 dst=0x9999888877776666 seq=31
DBG_PROTOCOL_RESPONSE_RX_HANDOFF_READY abort=0 owner=0 seq=31
DBG_CH9_TX_SINGLE_SLOT cnt=1480745100 now=167081 start=167138 end=167258 txstart=167153 seq=31
DBG_CH9_EVENT_STATE state=granted peer=0x191a9619c6c8cb07 start=167138 end=167258 reason=node-comm-reliable-uplink
DBG_CH9_EVENT_STATE state=tx_payload peer=0x191a9619c6c8cb07 start=167138 end=167258 reason=node-comm-reliable-uplink
DBG_COORD state=mesh-rx owner=node-comm-reliable-uplink reason=ch9-ack-wait rx=0 tx=0 relay=1 route=0 ack=1 qack=0
DBG_CH9_TX_PRE_GUARD_WAIT now=167081 guard=167128 earliest=167153 msg=41
DBG_DWM_INVALIDATE tag=configure_radio_from_reset active_phy=2 configured=1 awake=1
DBG_DWM_MARK_UNCONFIGURED tag=initialise_radio prev_phy=0
DBG_CH9_TX_CONFIG ret=0 now=167150 earliest=167153 msg=41
DBG_CH9_TX_SEND_AT now=167153 earliest=167153 msg=41 len=97
DBG_DWM_KEEP_IDLE reason=node-comm-reliable-uplink ch9=1 ack=0 qack=0 ret=0
DBG_UWB_TX_CH9
DBG_CH9_TX_SINGLE_SEND_OK
DBG_CH9_EVENT_STATE state=complete peer=0x191a9619c6c8cb07 start=167138 end=167258 reason=node-comm-reliable-uplink
DBG_CH9_ACK_WAIT_SELECT batch=0 core=1 state=1 ch=9 next=0x191a9619c6c8cb07
DBG_CH9_DELIVERY_WAIT peer=0x191a9619c6c8cb07 deadline=169161 reason=node-comm-reliable-uplink
DBG_NC o=0000000000000003 g=00000003 w=00 e=00000022 s=00000005 q=0004>0005 r=00000000 f=00000001 t=00000000 p=00000000 a=00
DBG_NODE_COMM_ATTEMPT handle=3 profile=3 attempt=1 ret=0 rf=1 scheduled=0 state=0
DBG_CH5_GAP_SCAN now=167162 win=100 next_delay=556
DBG_DWM_INVALIDATE tag=configure_radio_from_reset active_phy=3 configured=1 awake=1
DBG_DWM_MARK_UNCONFIGURED tag=initialise_radio prev_phy=0
DBG_CH5_GAP_SCAN_DONE frames=0 last_error=0 now=167262 deadline=167262 click=0
DBG_DWM_KEEP_IDLE reason=mesh-rx ch9=1 ack=0 qack=0 ret=0
DBG_CH5_GAP_SCAN now=167263 win=100 next_delay=455
DBG_DWM_INVALIDATE tag=configure_radio_from_reset active_phy=2 configured=1 awake=1
DBG_DWM_MARK_UNCONFIGURED tag=initialise_radio prev_phy=0
DBG_ANCHOR_CH5_SCAN_HANDLER role=2
DBG_CH5_SCAN_CAP next=392 reserve=35 win=357 enum=1 recovery=1
DBG_ANCHOR_CH5_SCAN_BLOCKED win=0 survey=0 tx=1 retry_gap=0 flood=0 wait=0 rx=0 rxq=0 rxr=0 ack=1 ch9=0 rf=1 retry=20 interval
DBG_ANCHOR_CH5_SCAN_RESCHED ret=1 delay=20
DBG_ANCHOR_CH5_SCAN_HANDLER role=2
DBG_CH5_SCAN_CAP next=361 reserve=35 win=326 enum=1 recovery=1
DBG_CH5_GAP_SCAN_DONE frames=0 last_error=0 now=167363 deadline=167363 click=0
DBG_DWM_KEEP_IDLE reason=mesh-rx ch9=1 ack=0 qack=0 ret=0
DBG_CH5_GAP_SCAN now=167364 win=100 next_delay=354
DBG_DWM_INVALIDATE tag=configure_radio_from_reset active_phy=2 configured=1 awake=1
DBG_ANCHOR_CH5_SCAN_BLOCKED win=0 survey=0 tx=1 retry_gap=0 flood=0 wait=0 rx=0 rxq=0 rxr=0 ack=1 ch9=0 rf=1 retry=20 interval
DBG_ANCHOR_CH5_SCAN_RESCHED ret=1 delay=20
DBG_DWM_MARK_UNCONFIGURED tag=initialise_radio prev_phy=0
DBG_ANCHOR_CH5_SCAN_HANDLER role=2
DBG_CH5_SCAN_CAP next=331 reserve=35 win=296 enum=1 recovery=1
DBG_ANCHOR_CH5_SCAN_BLOCKED win=0 survey=0 tx=1 retry_gap=0 flood=0 wait=0 rx=0 rxq=0 rxr=0 ack=1 ch9=0 rf=1 retry=20 interval
DBG_ANCHOR_CH5_SCAN_RESCHED ret=1 delay=20
DBG_ANCHOR_CH5_SCAN_HANDLER role=2
DBG_CH5_SCAN_CAP next=300 reserve=35 win=265 enum=1 recovery=1
DBG_ANCHOR_CH5_SCAN_BLOCKED win=0 survey=0 tx=1 retry_gap=0 flood=0 wait=0 rx=0 rxq=0 rxr=0 ack=1 ch9=0 rf=1 retry=20 interval
DBG_ANCHOR_CH5_SCAN_RESCHED ret=1 delay=20
DBG_ANCHOR_CH5_SCAN_HANDLER role=2
DBG_CH5_SCAN_CAP next=269 reserve=35 win=234 enum=1 recovery=1
DBG_ANCHOR_CH5_SCAN_BLOCKED win=0 survey=0 tx=1 retry_gap=0 flood=0 wait=0 rx=0 rxq=0 rxr=0 ack=1 ch9=0 rf=1 retry=20 interval
DBG_ANCHOR_CH5_SCAN_RESCHED ret=1 delay=20
DBG_CH5_GAP_SCAN_DONE frames=0 last_error=0 now=167464 deadline=167464 click=0
DBG_DWM_KEEP_IDLE reason=mesh-rx ch9=1 ack=0 qack=0 ret=0
DBG_CH5_GAP_SCAN now=167465 win=100 next_delay=253
DBG_DWM_INVALIDATE tag=configure_radio_from_reset active_phy=2 configured=1 awake=1
DBG_ANCHOR_CH5_SCAN_HANDLER role=2
DBG_DWM_MARK_UNCONFIGURED tag=initialise_radio prev_phy=0
DBG_CH5_SCAN_CAP next=237 reserve=35 win=202 enum=1 recovery=1
DBG_ANCHOR_CH5_SCAN_BLOCKED win=0 survey=0 tx=1 retry_gap=0 flood=0 wait=0 rx=0 rxq=0 rxr=0 ack=1 ch9=0 rf=1 retry=20 interval
DBG_ANCHOR_CH5_SCAN_RESCHED ret=1 delay=20
DBG_ANCHOR_CH5_SCAN_HANDLER role=2
DBG_CH5_SCAN_CAP next=206 reserve=35 win=171 enum=1 recovery=1
DBG_ANCHOR_CH5_SCAN_BLOCKED win=0 survey=0 tx=1 retry_gap=0 flood=0 wait=0 rx=0 rxq=0 rxr=0 ack=1 ch9=0 rf=1 retry=20 interval
DBG_ANCHOR_CH5_SCAN_RESCHED ret=1 delay=20
DBG_ANCHOR_CH5_SCAN_HANDLER role=2
DBG_CH5_SCAN_CAP next=174 reserve=35 win=139 enum=1 recovery=1
DBG_ANCHOR_CH5_SCAN_BLOCKED win=0 survey=0 tx=1 retry_gap=0 flood=0 wait=0 rx=0 rxq=0 rxr=0 ack=1 ch9=0 rf=1 retry=20 interval
DBG_ANCHOR_CH5_SCAN_RESCHED ret=1 delay=20
DBG_CH5_GAP_SCAN_DONE frames=0 last_error=0 now=167566 deadline=167565 click=0
DBG_DWM_KEEP_IDLE reason=mesh-rx ch9=1 ack=0 qack=0 ret=0
DBG_CH5_GAP_SCAN now=167567 win=91 next_delay=151
DBG_DWM_INVALIDATE tag=configure_radio_from_reset active_phy=2 configured=1 awake=1
DBG_ANCHOR_CH5_SCAN_HANDLER role=2
DBG_CH5_SCAN_CAP next=145 reserve=35 win=110 enum=1 recovery=1
DBG_ANCHOR_CH5_SCAN_BLOCKED win=0 survey=0 tx=1 retry_gap=0 flood=0 wait=0 rx=0 rxq=0 rxr=0 ack=1 ch9=0 rf=1 retry=20 interval
DBG_ANCHOR_CH5_SCAN_RESCHED ret=1 delay=20
DBG_DWM_MARK_UNCONFIGURED tag=initialise_radio prev_phy=0
DBG_ANCHOR_CH5_SCAN_HANDLER role=2
DBG_CH5_SCAN_CAP next=123 reserve=35 win=88 enum=1 recovery=1
DBG_ANCHOR_CH5_SCAN_BLOCKED win=0 survey=0 tx=1 retry_gap=0 flood=0 wait=0 rx=0 rxq=0 rxr=0 ack=1 ch9=0 rf=1 retry=20 interval
DBG_ANCHOR_CH5_SCAN_RESCHED ret=1 delay=20
DBG_ANCHOR_CH5_SCAN_HANDLER role=2
DBG_CH5_SCAN_CAP next=91 reserve=35 win=56 enum=1 recovery=1
DBG_ANCHOR_CH5_SCAN_BLOCKED win=0 survey=0 tx=1 retry_gap=0 flood=0 wait=0 rx=0 rxq=0 rxr=0 ack=1 ch9=0 rf=1 retry=20 interval
DBG_ANCHOR_CH5_SCAN_RESCHED ret=1 delay=20
DBG_ANCHOR_CH5_SCAN_HANDLER role=2
DBG_CH5_GAP_SCAN_DONE frames=0 last_error=0 now=167659 deadline=167658 click=0
DBG_DWM_KEEP_IDLE reason=mesh-rx ch9=1 ack=0 qack=0 ret=0
DBG_CH5_SCAN_CAP next=60 reserve=35 win=25 enum=1 recovery=1
DBG_ANCHOR_CH5_SCAN_BLOCKED win=0 survey=0 tx=1 retry_gap=0 flood=0 wait=0 rx=0 rxq=0 rxr=0 ack=1 ch9=0 rf=1 retry=20 interval
DBG_ANCHOR_CH5_SCAN_RESCHED ret=1 delay=20
DBG_ANCHOR_CH5_SCAN_HANDLER role=2
DBG_ANCHOR_CH9_REARM delay=37 ret=1 ack=0
DBG_CH5_SCAN_CAP next=37 reserve=35 win=2 enum=1 recovery=1
DBG_ANCHOR_CH5_SCAN_BLOCKED win=0 survey=0 tx=1 retry_gap=0 flood=0 wait=0 rx=0 rxq=0 rxr=0 ack=1 ch9=1 rf=0 retry=282 interva
DBG_ANCHOR_CH5_SCAN_RESCHED ret=1 delay=282
DBG_CH9_RX_SLOT idx=0 cnt=1480745101 now=167718 start=167778 end=167898
DBG_CH9_EVENT_STATE state=granted peer=0x191a9619c6c8cb07 start=167778 end=167898 reason=rx-slot
DBG_CH9_RX_START idx=0 now=167718 start=167778 end=167898 tail=60
DBG_DWM_INVALIDATE tag=configure_radio_from_reset active_phy=2 configured=1 awake=1
DBG_DWM_MARK_UNCONFIGURED tag=initialise_radio prev_phy=0
DBG_CH9_RX_CONFIG_OK
DBG_CH9_RX_EARLY_ARM now=167740 start=167778 guard=60
DBG_CH9_RX_ARMED now=167740 start=167778 end=167898 deadline=167958
DBG_CH9_RX_FRAME
DBG_UWB_RX_CH9
DBG_CH9_RX_HW since_us=55791 host_delta=22 en32=0x000f7368 rx32=0x00e3eff2
DBG_CH9_RX_TIMING arm_delta=-38 hw_delta_us=17791 host_delta=22 len=121 q=100
DBG_UWB_RX_CH9
DBG_MESH_RX_QUEUED ch=9 msg=0x31 src=0x191a9619c6c8cb07 dst=0x56da25fe4af6d141 prev=0x191a9619c6c8cb07 seq=4 q=1
DBG_CH9_RX_EXPECTED delta=22 q=100
DBG_DWM_KEEP_IDLE reason=ch9-rx ch9=1 ack=0 qack=0 ret=0
DBG_CH9_RX_DONE_WITH_PEER
DBG_CH9_EVENT_STATE state=complete peer=0x191a9619c6c8cb07 start=167778 end=167898 reason=rx-slot
DBG_MESH_RX_WORK_WAIT q=1
DBG_MESH_RX_WORK_ENTER q=1
DBG_MESH_RX_DRAIN_ENTER owner=work q=1
DBG_DISCOVERY_SLOT_RESPONSE_TERMINAL phase=1 epoch=43516111 generation=43516111
DBG_NC o=0000000000000003 g=00000003 w=00 e=00000041 s=00000005 q=0005>0008 r=00000000 f=00000026 t=00000000 p=00000002 a=01
DBG_NODE_COMM_TERMINAL_BACKEND_RELEASE handle=3 reason=0 attempts=1 ret=-2 pending=0 outstanding=0 complete=1 failures=0
DBG_ENUM_NEXT_HOP_CUSTODY seq=31 parent=0x191a9619c6c8cb07
DBG_MESH_RX_DRAIN_EXIT owner=work handled=1 q=0
DBG_MESH_RX_WORK_EXIT handled=1 q=0
DBG_COORD state=idle owner=report-tx reason=idle rx=0 tx=0 relay=0 route=0 ack=0 qack=0
DBG_ANCHOR_CH5_SCAN_HANDLER role=2
DBG_CH5_SCAN_CAP next=1034 reserve=35 win=999 enum=1 recovery=1
DBG_ANCHOR_CH5_SCAN_ARM now=167964 win=999 complete=15 interval=380 wait=0 tx=0 response=0
DBG_DWM_MARK_UNCONFIGURED tag=initialise_radio prev_phy=0
DBG_DWM_WAKE_MESH_CTRL_OK sfd=4073
DBG_DWM_CH5_RX_HUNT_START acq=999 complete=15 cap=1021
DBG_DWM_CH5_RX_HUNT_EMPTY ret=-116 status=0x00000000 acq=999
DBG_CH9_SKIP_STALE n=1 now=168985 next=169058 cnt=1480745103 reason=rx-delay
DBG_ENUM_CH5_YIELD_CH9 next=13 reserve=35
DBG_ANCHOR_CH5_SCAN_DONE ret=-116 len=0 fail=1 pre=0 q=0 rx_us=999420 complete=15
DBG_ANCHOR_CH5_POST_CH9_RECOVERY_SCAN win=999 ret=-116 pre=0
DBG_ANCHOR_CH5_SCAN_RESCHED ret=2 delay=0
DBG_ANCHOR_CH5_SCAN_HANDLER role=2
DBG_ANCHOR_CH9_REARM delay=12 ret=1 ack=0
DBG_ANCHOR_CH5_SCAN_BLOCKED win=0 survey=0 tx=0 retry_gap=0 flood=0 wait=0 rx=0 rxq=0 rxr=0 ack=0 ch9=1 rf=0 retry=11 interval
DBG_ANCHOR_CH5_SCAN_RESCHED ret=1 delay=11
DBG_ANCHOR_CH5_SCAN_HANDLER role=2
DBG_ANCHOR_CH9_REARM delay=0 ret=1 ack=0
DBG_ANCHOR_CH5_SCAN_BLOCKED win=0 survey=0 tx=0 retry_gap=0 flood=0 wait=0 rx=0 rxq=0 rxr=0 ack=0 ch9=1 rf=0 retry=1 interval=
DBG_ANCHOR_CH5_SCAN_RESCHED ret=1 delay=1
DBG_CH9_RX_SLOT idx=0 cnt=1480745103 now=168999 start=169058 end=169178
DBG_CH9_EVENT_STATE state=granted peer=0x191a9619c6c8cb07 start=169058 end=169178 reason=rx-slot
DBG_CH9_RX_START idx=0 now=168999 start=169058 end=169178 tail=60
DBG_ANCHOR_CH5_SCAN_HANDLER role=2
DBG_DWM_MARK_UNCONFIGURED tag=initialise_radio prev_phy=0
DBG_CH9_RX_CONFIG_OK
DBG_CH9_RX_EARLY_ARM now=169020 start=169058 guard=60
DBG_CH9_RX_ARMED now=169021 start=169058 end=169178 deadline=169238
DBG_ANCHOR_CH5_SCAN_HANDLER role=2
DBG_ANCHOR_CH5_SCAN_BLOCKED win=0 survey=0 tx=0 retry_gap=0 flood=0 wait=0 rx=0 rxq=0 rxr=0 ack=0 ch9=1 rf=1 retry=20 interval
DBG_ANCHOR_CH5_SCAN_RESCHED ret=1 delay=20
DBG_ANCHOR_CH5_SCAN_HANDLER role=2
DBG_ANCHOR_CH5_SCAN_BLOCKED win=0 survey=0 tx=0 retry_gap=0 flood=0 wait=0 rx=0 rxq=0 rxr=0 ack=0 ch9=1 rf=1 retry=20 interval
DBG_ANCHOR_CH5_SCAN_RESCHED ret=1 delay=20
DBG_ANCHOR_CH5_SCAN_HANDLER role=2
DBG_ANCHOR_CH5_SCAN_BLOCKED win=0 survey=0 tx=0 retry_gap=0 flood=0 wait=0 rx=0 rxq=0 rxr=0 ack=0 ch9=1 rf=1 retry=20 interval
DBG_ANCHOR_CH5_SCAN_RESCHED ret=1 delay=20
DBG_ANCHOR_CH5_SCAN_HANDLER role=2
DBG_ANCHOR_CH5_SCAN_BLOCKED win=0 survey=0 tx=0 retry_gap=0 flood=0 wait=0 rx=0 rxq=0 rxr=0 ack=0 ch9=1 rf=1 retry=20 interval
DBG_ANCHOR_CH5_SCAN_RESCHED ret=1 delay=20
DBG_ANCHOR_CH5_SCAN_HANDLER role=2
DBG_ANCHOR_CH5_SCAN_BLOCKED win=0 survey=0 tx=0 retry_gap=0 flood=0 wait=0 rx=0 rxq=0 rxr=0 ack=0 ch9=1 rf=1 retry=20 interval
DBG_ANCHOR_CH5_SCAN_RESCHED ret=1 delay=20
DBG_ANCHOR_CH5_SCAN_HANDLER role=2
DBG_ANCHOR_CH5_SCAN_BLOCKED win=0 survey=0 tx=0 retry_gap=0 flood=0 wait=0 rx=0 rxq=0 rxr=0 ack=0 ch9=1 rf=1 retry=20 interval
DBG_ANCHOR_CH5_SCAN_RESCHED ret=1 delay=20
DBG_ANCHOR_CH5_SCAN_HANDLER role=2
DBG_ANCHOR_CH5_SCAN_BLOCKED win=0 survey=0 tx=0 retry_gap=0 flood=0 wait=0 rx=0 rxq=0 rxr=0 ack=0 ch9=1 rf=1 retry=20 interval
DBG_ANCHOR_CH5_SCAN_RESCHED ret=1 delay=20
DBG_ANCHOR_CH5_SCAN_HANDLER role=2
DBG_ANCHOR_CH5_SCAN_BLOCKED win=0 survey=0 tx=0 retry_gap=0 flood=0 wait=0 rx=0 rxq=0 rxr=0 ack=0 ch9=1 rf=1 retry=20 interval
DBG_ANCHOR_CH5_SCAN_RESCHED ret=1 delay=20
DBG_DWM_KEEP_IDLE reason=ch9-rx ch9=1 ack=0 qack=0 ret=0
DBG_CH9_RX_EMPTY
DBG_CH9_RX_TIMEOUT
DBG_CH9_RX_MISS frames=0 now=169239 start=169058 end=169178 fail=0
DBG_CH9_EVENT_STATE state=window_expired peer=0x191a9619c6c8cb07 start=169058 end=169178 reason=rx-slot
DBG_ANCHOR_CH5_SCAN_HANDLER role=2
DBG_CH5_SCAN_CAP next=1027 reserve=35 win=992 enum=1 recovery=1
DBG_ANCHOR_CH5_SCAN_ARM now=169251 win=992 complete=15 interval=380 wait=0 tx=0 response=0
DBG_DWM_INVALIDATE tag=configure_radio_from_reset active_phy=3 configured=1 awake=1
DBG_DWM_MARK_UNCONFIGURED tag=initialise_radio prev_phy=0
DBG_DWM_WAKE_MESH_CTRL_OK sfd=4073
DBG_DWM_CH5_RX_HUNT_START acq=992 complete=15 cap=1021
DBG_DWM_CH5_RX_HUNT_EMPTY ret=-116 status=0x00000000 acq=992
DBG_CH9_SKIP_STALE n=1 now=170266 next=170338 cnt=1480745105 reason=rx-delay
DBG_ENUM_CH5_YIELD_CH9 next=12 reserve=35
DBG_ANCHOR_CH5_SCAN_DONE ret=-116 len=0 fail=1 pre=0 q=0 rx_us=992584 complete=15
DBG_ANCHOR_CH5_POST_CH9_RECOVERY_SCAN win=992 ret=-116 pre=0
DBG_ANCHOR_CH5_SCAN_RESCHED ret=2 delay=0
DBG_ANCHOR_CH5_SCAN_HANDLER role=2
DBG_ANCHOR_CH9_REARM delay=11 ret=1 ack=0
DBG_ANCHOR_CH5_SCAN_BLOCKED win=0 survey=0 tx=0 retry_gap=0 flood=0 wait=0 rx=0 rxq=0 rxr=0 ack=0 ch9=1 rf=0 retry=10 interval
DBG_ANCHOR_CH5_SCAN_RESCHED ret=1 delay=10
DBG_ANCHOR_CH5_SCAN_HANDLER role=2
DBG_ANCHOR_CH9_REARM delay=0 ret=1 ack=0
DBG_ANCHOR_CH5_SCAN_BLOCKED win=0 survey=0 tx=0 retry_gap=0 flood=0 wait=0 rx=0 rxq=0 rxr=0 ack=0 ch9=1 rf=0 retry=1 interval=
DBG_ANCHOR_CH5_SCAN_RESCHED ret=1 delay=1
DBG_CH9_RX_SLOT idx=0 cnt=1480745105 now=170279 start=170338 end=170458
DBG_CH9_EVENT_STATE state=granted peer=0x191a9619c6c8cb07 start=170338 end=170458 reason=rx-slot
DBG_CH9_RX_START idx=0 now=170279 start=170338 end=170458 tail=60
DBG_DWM_INVALIDATE tag=configure_radio_from_reset active_phy=4 configured=1 awake=1
DBG_ANCHOR_CH5_SCAN_HANDLER role=2
DBG_ANCHOR_CH5_SCAN_BLOCKED win=0 survey=0 tx=0 retry_gap=0 flood=0 wait=0 rx=0 rxq=0 rxr=0 ack=0 ch9=1 rf=1 retry=20 interval
DBG_ANCHOR_CH5_SCAN_RESCHED ret=1 delay=20
DBG_DWM_MARK_UNCONFIGURED tag=initialise_radio prev_phy=0
DBG_CH9_RX_CONFIG_OK
DBG_CH9_RX_EARLY_ARM now=170301 start=170338 guard=60
DBG_CH9_RX_ARMED now=170301 start=170338 end=170458 deadline=170518
DBG_ANCHOR_CH5_SCAN_HANDLER role=2
DBG_ANCHOR_CH5_SCAN_BLOCKED win=0 survey=0 tx=0 retry_gap=0 flood=0 wait=0 rx=0 rxq=0 rxr=0 ack=0 ch9=1 rf=1 retry=20 interval
DBG_ANCHOR_CH5_SCAN_RESCHED ret=1 delay=20
DBG_ANCHOR_CH5_SCAN_HANDLER role=2
DBG_ANCHOR_CH5_SCAN_BLOCKED win=0 survey=0 tx=0 retry_gap=0 flood=0 wait=0 rx=0 rxq=0 rxr=0 ack=0 ch9=1 rf=1 retry=20 interval
DBG_ANCHOR_CH5_SCAN_RESCHED ret=1 delay=20
DBG_ANCHOR_CH5_SCAN_HANDLER role=2
DBG_ANCHOR_CH5_SCAN_BLOCKED win=0 survey=0 tx=0 retry_gap=0 flood=0 wait=0 rx=0 rxq=0 rxr=0 ack=0 ch9=1 rf=1 retry=20 interval
DBG_ANCHOR_CH5_SCAN_RESCHED ret=1 delay=20
DBG_ANCHOR_CH5_SCAN_HANDLER role=2
DBG_ANCHOR_CH5_SCAN_BLOCKED win=0 survey=0 tx=0 retry_gap=0 flood=0 wait=0 rx=0 rxq=0 rxr=0 ack=0 ch9=1 rf=1 retry=20 interval
DBG_ANCHOR_CH5_SCAN_RESCHED ret=1 delay=20
DBG_ANCHOR_CH5_SCAN_HANDLER role=2
DBG_ANCHOR_CH5_SCAN_BLOCKED win=0 survey=0 tx=0 retry_gap=0 flood=0 wait=0 rx=0 rxq=0 rxr=0 ack=0 ch9=1 rf=1 retry=20 interval
DBG_ANCHOR_CH5_SCAN_RESCHED ret=1 delay=20
DBG_ANCHOR_CH5_SCAN_HANDLER role=2
DBG_ANCHOR_CH5_SCAN_BLOCKED win=0 survey=0 tx=0 retry_gap=0 flood=0 wait=0 rx=0 rxq=0 rxr=0 ack=0 ch9=1 rf=1 retry=20 interval
DBG_ANCHOR_CH5_SCAN_RESCHED ret=1 delay=20
DBG_ANCHOR_CH5_SCAN_HANDLER role=2
DBG_ANCHOR_CH5_SCAN_BLOCKED win=0 survey=0 tx=0 retry_gap=0 flood=0 wait=0 rx=0 rxq=0 rxr=0 ack=0 ch9=1 rf=1 retry=20 interval
DBG_ANCHOR_CH5_SCAN_RESCHED ret=1 delay=20
DBG_ANCHOR_CH5_SCAN_HANDLER role=2
DBG_ANCHOR_CH5_SCAN_BLOCKED win=0 survey=0 tx=0 retry_gap=0 flood=0 wait=0 rx=0 rxq=0 rxr=0 ack=0 ch9=1 rf=1 retry=20 interval
DBG_ANCHOR_CH5_SCAN_RESCHED ret=1 delay=20
DBG_DWM_KEEP_IDLE reason=ch9-rx ch9=1 ack=0 qack=0 ret=0
DBG_CH9_RX_EMPTY
DBG_CH9_RX_TIMEOUT
DBG_CH9_RX_MISS frames=0 now=170519 start=170338 end=170458 fail=0
DBG_CH9_EVENT_STATE state=window_expired peer=0x191a9619c6c8cb07 start=170338 end=170458 reason=rx-slot
DBG_ANCHOR_CH5_SCAN_HANDLER role=2
DBG_CH5_SCAN_CAP next=1025 reserve=35 win=990 enum=1 recovery=1
DBG_ANCHOR_CH5_SCAN_ARM now=170534 win=990 complete=15 interval=380 wait=0 tx=0 response=0
DBG_DWM_INVALIDATE tag=configure_radio_from_reset active_phy=3 configured=1 awake=1
DBG_DWM_MARK_UNCONFIGURED tag=initialise_radio prev_phy=0
DBG_DWM_WAKE_MESH_CTRL_OK sfd=4073
DBG_DWM_CH5_RX_HUNT_START acq=990 complete=15 cap=1021
DBG_DWM_CH5_RX_HUNT_EMPTY ret=-116 status=0x00000000 acq=990
DBG_CH9_SKIP_STALE n=1 now=171546 next=171618 cnt=1480745107 reason=rx-delay
DBG_ENUM_CH5_YIELD_CH9 next=12 reserve=35
DBG_ANCHOR_CH5_SCAN_DONE ret=-116 len=0 fail=1 pre=0 q=0 rx_us=990325 complete=15
DBG_ANCHOR_CH5_POST_CH9_RECOVERY_SCAN win=990 ret=-116 pre=0
DBG_ANCHOR_CH5_SCAN_RESCHED ret=2 delay=0
DBG_ANCHOR_CH5_SCAN_HANDLER role=2
DBG_ANCHOR_CH9_REARM delay=11 ret=1 ack=0
DBG_ANCHOR_CH5_SCAN_BLOCKED win=0 survey=0 tx=0 retry_gap=0 flood=0 wait=0 rx=0 rxq=0 rxr=0 ack=0 ch9=1 rf=0 retry=10 interval
DBG_ANCHOR_CH5_SCAN_RESCHED ret=1 delay=10
DBG_ANCHOR_CH5_SCAN_HANDLER role=2
DBG_ANCHOR_CH9_REARM delay=0 ret=1 ack=0
DBG_ANCHOR_CH5_SCAN_BLOCKED win=0 survey=0 tx=0 retry_gap=0 flood=0 wait=0 rx=0 rxq=0 rxr=0 ack=0 ch9=1 rf=0 retry=1 interval=
DBG_ANCHOR_CH5_SCAN_RESCHED ret=1 delay=1
DBG_CH9_RX_SLOT idx=0 cnt=1480745107 now=171559 start=171618 end=171738
DBG_CH9_EVENT_STATE state=granted peer=0x191a9619c6c8cb07 start=171618 end=171738 reason=rx-slot
DBG_CH9_RX_START idx=0 now=171559 start=171618 end=171738 tail=60
DBG_DWM_INVALIDATE tag=configure_radio_from_reset active_phy=4 configured=1 awake=1
DBG_ANCHOR_CH5_SCAN_HANDLER role=2
DBG_ANCHOR_CH5_SCAN_BLOCKED win=0 survey=0 tx=0 retry_gap=0 flood=0 wait=0 rx=0 rxq=0 rxr=0 ack=0 ch9=1 rf=1 retry=20 interval
DBG_ANCHOR_CH5_SCAN_RESCHED ret=1 delay=20
DBG_DWM_MARK_UNCONFIGURED tag=initialise_radio prev_phy=0
DBG_CH9_RX_CONFIG_OK
DBG_CH9_RX_EARLY_ARM now=171580 start=171618 guard=60
DBG_CH9_RX_ARMED now=171581 start=171618 end=171738 deadline=171798
DBG_ANCHOR_CH5_SCAN_HANDLER role=2
DBG_ANCHOR_CH5_SCAN_BLOCKED win=0 survey=0 tx=0 retry_gap=0 flood=0 wait=0 rx=0 rxq=0 rxr=0 ack=0 ch9=1 rf=1 retry=20 interval
DBG_ANCHOR_CH5_SCAN_RESCHED ret=1 delay=20
DBG_ANCHOR_CH5_SCAN_HANDLER role=2
DBG_ANCHOR_CH5_SCAN_BLOCKED win=0 survey=0 tx=0 retry_gap=0 flood=0 wait=0 rx=0 rxq=0 rxr=0 ack=0 ch9=1 rf=1 retry=20 interval
DBG_ANCHOR_CH5_SCAN_RESCHED ret=1 delay=20
DBG_ANCHOR_CH5_SCAN_HANDLER role=2
DBG_ANCHOR_CH5_SCAN_BLOCKED win=0 survey=0 tx=0 retry_gap=0 flood=0 wait=0 rx=0 rxq=0 rxr=0 ack=0 ch9=1 rf=1 retry=20 interval
DBG_ANCHOR_CH5_SCAN_RESCHED ret=1 delay=20
DBG_ANCHOR_CH5_SCAN_HANDLER role=2
DBG_ANCHOR_CH5_SCAN_BLOCKED win=0 survey=0 tx=0 retry_gap=0 flood=0 wait=0 rx=0 rxq=0 rxr=0 ack=0 ch9=1 rf=1 retry=20 interval
DBG_ANCHOR_CH5_SCAN_RESCHED ret=1 delay=20
DBG_ANCHOR_CH5_SCAN_HANDLER role=2
DBG_ANCHOR_CH5_SCAN_BLOCKED win=0 survey=0 tx=0 retry_gap=0 flood=0 wait=0 rx=0 rxq=0 rxr=0 ack=0 ch9=1 rf=1 retry=20 interval
DBG_ANCHOR_CH5_SCAN_RESCHED ret=1 delay=20
DBG_ANCHOR_CH5_SCAN_HANDLER role=2
DBG_ANCHOR_CH5_SCAN_BLOCKED win=0 survey=0 tx=0 retry_gap=0 flood=0 wait=0 rx=0 rxq=0 rxr=0 ack=0 ch9=1 rf=1 retry=20 interval
DBG_ANCHOR_CH5_SCAN_RESCHED ret=1 delay=20
DBG_ANCHOR_CH5_SCAN_HANDLER role=2
DBG_ANCHOR_CH5_SCAN_BLOCKED win=0 survey=0 tx=0 retry_gap=0 flood=0 wait=0 rx=0 rxq=0 rxr=0 ack=0 ch9=1 rf=1 retry=20 interval
DBG_ANCHOR_CH5_SCAN_RESCHED ret=1 delay=20
DBG_ANCHOR_CH5_SCAN_HANDLER role=2
DBG_ANCHOR_CH5_SCAN_BLOCKED win=0 survey=0 tx=0 retry_gap=0 flood=0 wait=0 rx=0 rxq=0 rxr=0 ack=0 ch9=1 rf=1 retry=20 interval
DBG_ANCHOR_CH5_SCAN_RESCHED ret=1 delay=20
DBG_DWM_KEEP_IDLE reason=ch9-rx ch9=1 ack=0 qack=0 ret=0
DBG_CH9_RX_EMPTY
DBG_CH9_RX_TIMEOUT
DBG_CH9_RX_MISS frames=0 now=171799 start=171618 end=171738 fail=0
DBG_CH9_EVENT_STATE state=window_expired peer=0x191a9619c6c8cb07 start=171618 end=171738 reason=rx-slot
DBG_ANCHOR_CH5_SCAN_HANDLER role=2
DBG_CH5_SCAN_CAP next=1025 reserve=35 win=990 enum=1 recovery=1
DBG_ANCHOR_CH5_SCAN_ARM now=171814 win=990 complete=15 interval=380 wait=0 tx=0 response=0
DBG_DWM_INVALIDATE tag=configure_radio_from_reset active_phy=3 configured=1 awake=1
DBG_DWM_MARK_UNCONFIGURED tag=initialise_radio prev_phy=0
DBG_DWM_WAKE_MESH_CTRL_OK sfd=4073
DBG_DWM_CH5_RX_HUNT_START acq=990 complete=15 cap=1021
DBG_DWM_CH5_RX_HUNT_EMPTY ret=-116 status=0x00000000 acq=990
DBG_CH9_SKIP_STALE n=1 now=172826 next=172898 cnt=1480745109 reason=rx-delay
DBG_ENUM_CH5_YIELD_CH9 next=12 reserve=35
DBG_ANCHOR_CH5_SCAN_DONE ret=-116 len=0 fail=1 pre=0 q=0 rx_us=990356 complete=15
DBG_ANCHOR_CH5_POST_CH9_RECOVERY_SCAN win=990 ret=-116 pre=0
DBG_ANCHOR_CH5_SCAN_RESCHED ret=2 delay=0
DBG_ANCHOR_CH5_SCAN_HANDLER role=2
DBG_ANCHOR_CH9_REARM delay=11 ret=1 ack=0
DBG_ANCHOR_CH5_SCAN_BLOCKED win=0 survey=0 tx=0 retry_gap=0 flood=0 wait=0 rx=0 rxq=0 rxr=0 ack=0 ch9=1 rf=0 retry=10 interval
DBG_ANCHOR_CH5_SCAN_RESCHED ret=1 delay=10
DBG_ANCHOR_CH5_SCAN_HANDLER role=2
DBG_ANCHOR_CH9_REARM delay=0 ret=1 ack=0
DBG_ANCHOR_CH5_SCAN_BLOCKED win=0 survey=0 tx=0 retry_gap=0 flood=0 wait=0 rx=0 rxq=0 rxr=0 ack=0 ch9=1 rf=0 retry=1 interval=
DBG_ANCHOR_CH5_SCAN_RESCHED ret=1 delay=1
DBG_CH9_RX_SLOT idx=0 cnt=1480745109 now=172839 start=172898 end=173018
DBG_CH9_EVENT_STATE state=granted peer=0x191a9619c6c8cb07 start=172898 end=173018 reason=rx-slot
DBG_CH9_RX_START idx=0 now=172839 start=172898 end=173018 tail=60
DBG_DWM_INVALIDATE tag=configure_radio_from_reset active_phy=4 configured=1 awake=1
DBG_ANCHOR_CH5_SCAN_HANDLER role=2
DBG_ANCHOR_CH5_SCAN_RESCHED ret=1 delay=20
DBG_DWM_MARK_UNCONFIGURED tag=initialise_radio prev_phy=0
DBG_CH9_RX_CONFIG_OK
DBG_CH9_RX_EARLY_ARM now=172860 start=172898 guard=60
DBG_CH9_RX_ARMED now=172861 start=172898 end=173018 deadline=173078
DBG_ANCHOR_CH5_SCAN_HANDLER role=2
DBG_ANCHOR_CH5_SCAN_BLOCKED win=0 survey=0 tx=0 retry_gap=0 flood=0 wait=0 rx=0 rxq=0 rxr=0 ack=0 ch9=1 rf=1 retry=20 interval
DBG_ANCHOR_CH5_SCAN_RESCHED ret=1 delay=20
DBG_ANCHOR_CH5_SCAN_HANDLER role=2
DBG_ANCHOR_CH5_SCAN_BLOCKED win=0 survey=0 tx=0 retry_gap=0 flood=0 wait=0 rx=0 rxq=0 rxr=0 ack=0 ch9=1 rf=1 retry=20 interval
DBG_ANCHOR_CH5_SCAN_RESCHED ret=1 delay=20
DBG_ANCHOR_CH5_SCAN_HANDLER role=2
DBG_ANCHOR_CH5_SCAN_BLOCKED win=0 survey=0 tx=0 retry_gap=0 flood=0 wait=0 rx=0 rxq=0 rxr=0 ack=0 ch9=1 rf=1 retry=20 interval
DBG_ANCHOR_CH5_SCAN_RESCHED ret=1 delay=20
DBG_ANCHOR_CH5_SCAN_HANDLER role=2
DBG_ANCHOR_CH5_SCAN_BLOCKED win=0 survey=0 tx=0 retry_gap=0 flood=0 wait=0 rx=0 rxq=0 rxr=0 ack=0 ch9=1 rf=1 retry=20 interval
DBG_ANCHOR_CH5_SCAN_RESCHED ret=1 delay=20
DBG_ANCHOR_CH5_SCAN_HANDLER role=2
DBG_ANCHOR_CH5_SCAN_BLOCKED win=0 survey=0 tx=0 retry_gap=0 flood=0 wait=0 rx=0 rxq=0 rxr=0 ack=0 ch9=1 rf=1 retry=20 interval
DBG_ANCHOR_CH5_SCAN_RESCHED ret=1 delay=20
DBG_ANCHOR_CH5_SCAN_HANDLER role=2
DBG_ANCHOR_CH5_SCAN_BLOCKED win=0 survey=0 tx=0 retry_gap=0 flood=0 wait=0 rx=0 rxq=0 rxr=0 ack=0 ch9=1 rf=1 retry=20 interval
DBG_ANCHOR_CH5_SCAN_RESCHED ret=1 delay=20
DBG_ANCHOR_CH5_SCAN_HANDLER role=2
DBG_ANCHOR_CH5_SCAN_BLOCKED win=0 survey=0 tx=0 retry_gap=0 flood=0 wait=0 rx=0 rxq=0 rxr=0 ack=0 ch9=1 rf=1 retry=20 interval
DBG_ANCHOR_CH5_SCAN_RESCHED ret=1 delay=20
DBG_ANCHOR_CH5_SCAN_HANDLER role=2
DBG_ANCHOR_CH5_SCAN_BLOCKED win=0 survey=0 tx=0 retry_gap=0 flood=0 wait=0 rx=0 rxq=0 rxr=0 ack=0 ch9=1 rf=1 retry=20 interval
DBG_ANCHOR_CH5_SCAN_RESCHED ret=1 delay=20
DBG_DWM_KEEP_IDLE reason=ch9-rx ch9=1 ack=0 qack=0 ret=0
DBG_CH9_RX_EMPTY
DBG_CH9_RX_TIMEOUT
DBG_CH9_RX_MISS frames=0 now=173078 start=172898 end=173018 fail=0
DBG_CH9_EVENT_STATE state=window_expired peer=0x191a9619c6c8cb07 start=172898 end=173018 reason=rx-slot
DBG_ANCHOR_CH5_SCAN_HANDLER role=2
DBG_CH5_SCAN_CAP next=1025 reserve=35 win=990 enum=1 recovery=1
DBG_ANCHOR_CH5_SCAN_ARM now=173093 win=990 complete=15 interval=380 wait=0 tx=0 response=0
DBG_DWM_INVALIDATE tag=configure_radio_from_reset active_phy=3 configured=1 awake=1
DBG_DWM_MARK_UNCONFIGURED tag=initialise_radio prev_phy=0
DBG_DWM_WAKE_MESH_CTRL_OK sfd=4073
DBG_DWM_CH5_RX_HUNT_START acq=990 complete=15 cap=1021
DBG_DWM_CH5_RX_HUNT_EMPTY ret=-116 status=0x00000000 acq=990
DBG_CH9_SKIP_STALE n=1 now=174105 next=174178 cnt=1480745111 reason=rx-delay
DBG_ENUM_CH5_YIELD_CH9 next=13 reserve=35
DBG_ANCHOR_CH5_SCAN_DONE ret=-116 len=0 fail=1 pre=0 q=0 rx_us=990539 complete=15
DBG_ANCHOR_CH5_POST_CH9_RECOVERY_SCAN win=990 ret=-116 pre=0
DBG_ANCHOR_CH5_SCAN_RESCHED ret=2 delay=0
DBG_ANCHOR_CH5_SCAN_HANDLER role=2
DBG_ANCHOR_CH9_REARM delay=11 ret=1 ack=0
DBG_ANCHOR_CH5_SCAN_BLOCKED win=0 survey=0 tx=0 retry_gap=0 flood=0 wait=0 rx=0 rxq=0 rxr=0 ack=0 ch9=1 rf=0 retry=11 interval
DBG_ANCHOR_CH5_SCAN_RESCHED ret=1 delay=11
DBG_CH9_RX_SLOT idx=0 cnt=1480745111 now=174118 start=174178 end=174298
DBG_CH9_EVENT_STATE state=granted peer=0x191a9619c6c8cb07 start=174178 end=174298 reason=rx-slot
DBG_CH9_RX_START idx=0 now=174118 start=174178 end=174298 tail=60
DBG_DWM_INVALIDATE tag=configure_radio_from_reset active_phy=4 configured=1 awake=1
DBG_ANCHOR_CH5_SCAN_HANDLER role=2
DBG_ANCHOR_CH5_SCAN_RESCHED ret=1 delay=20
DBG_DWM_MARK_UNCONFIGURED tag=initialise_radio prev_phy=0
DBG_CH9_RX_CONFIG_OK
DBG_CH9_RX_EARLY_ARM now=174140 start=174178 guard=60
DBG_CH9_RX_ARMED now=174140 start=174178 end=174298 deadline=174358
DBG_ANCHOR_CH5_SCAN_HANDLER role=2
DBG_ANCHOR_CH5_SCAN_BLOCKED win=0 survey=0 tx=0 retry_gap=0 flood=0 wait=0 rx=0 rxq=0 rxr=0 ack=0 ch9=1 rf=1 retry=20 interval
DBG_ANCHOR_CH5_SCAN_RESCHED ret=1 delay=20
DBG_ANCHOR_CH5_SCAN_HANDLER role=2
DBG_ANCHOR_CH5_SCAN_BLOCKED win=0 survey=0 tx=0 retry_gap=0 flood=0 wait=0 rx=0 rxq=0 rxr=0 ack=0 ch9=1 rf=1 retry=20 interval
DBG_ANCHOR_CH5_SCAN_RESCHED ret=1 delay=20
DBG_ANCHOR_CH5_SCAN_HANDLER role=2
DBG_ANCHOR_CH5_SCAN_BLOCKED win=0 survey=0 tx=0 retry_gap=0 flood=0 wait=0 rx=0 rxq=0 rxr=0 ack=0 ch9=1 rf=1 retry=20 interval
DBG_ANCHOR_CH5_SCAN_RESCHED ret=1 delay=20
DBG_ANCHOR_CH5_SCAN_HANDLER role=2
DBG_ANCHOR_CH5_SCAN_BLOCKED win=0 survey=0 tx=0 retry_gap=0 flood=0 wait=0 rx=0 rxq=0 rxr=0 ack=0 ch9=1 rf=1 retry=20 interval
DBG_ANCHOR_CH5_SCAN_RESCHED ret=1 delay=20
DBG_ANCHOR_CH5_SCAN_HANDLER role=2
DBG_ANCHOR_CH5_SCAN_BLOCKED win=0 survey=0 tx=0 retry_gap=0 flood=0 wait=0 rx=0 rxq=0 rxr=0 ack=0 ch9=1 rf=1 retry=20 interval
DBG_ANCHOR_CH5_SCAN_RESCHED ret=1 delay=20
DBG_ANCHOR_CH5_SCAN_HANDLER role=2
DBG_ANCHOR_CH5_SCAN_BLOCKED win=0 survey=0 tx=0 retry_gap=0 flood=0 wait=0 rx=0 rxq=0 rxr=0 ack=0 ch9=1 rf=1 retry=20 interval
DBG_ANCHOR_CH5_SCAN_RESCHED ret=1 delay=20
DBG_ANCHOR_CH5_SCAN_HANDLER role=2
DBG_ANCHOR_CH5_SCAN_BLOCKED win=0 survey=0 tx=0 retry_gap=0 flood=0 wait=0 rx=0 rxq=0 rxr=0 ack=0 ch9=1 rf=1 retry=20 interval
DBG_ANCHOR_CH5_SCAN_RESCHED ret=1 delay=20
DBG_ANCHOR_CH5_SCAN_HANDLER role=2
DBG_ANCHOR_CH5_SCAN_BLOCKED win=0 survey=0 tx=0 retry_gap=0 flood=0 wait=0 rx=0 rxq=0 rxr=0 ack=0 ch9=1 rf=1 retry=20 interval
DBG_ANCHOR_CH5_SCAN_RESCHED ret=1 delay=20
DBG_DWM_KEEP_IDLE reason=ch9-rx ch9=1 ack=0 qack=0 ret=0
DBG_CH9_RX_EMPTY
DBG_CH9_RX_TIMEOUT
DBG_CH9_RX_MISS frames=0 now=174360 start=174178 end=174298 fail=0
DBG_CH9_EVENT_STATE state=window_expired peer=0x191a9619c6c8cb07 start=174178 end=174298 reason=rx-slot
DBG_ANCHOR_CH5_SCAN_HANDLER role=2
DBG_CH5_SCAN_CAP next=1027 reserve=35 win=992 enum=1 recovery=1
DBG_ANCHOR_CH5_SCAN_ARM now=174371 win=992 complete=15 interval=380 wait=0 tx=0 response=0
DBG_DWM_INVALIDATE tag=configure_radio_from_reset active_phy=3 configured=1 awake=1
DBG_DWM_MARK_UNCONFIGURED tag=initialise_radio prev_phy=0
DBG_DWM_WAKE_MESH_CTRL_OK sfd=4073
DBG_DWM_CH5_RX_HUNT_START acq=992 complete=15 cap=1021
DBG_DWM_CH5_RX_ACTIVITY_EXTEND ret=0 status=0x00000100 complete=15
DBG_DWM_CH5_RX_ACTIVITY_WAIT status=0x00000100 remain=15
DBG_DWM_CH5_RX_ACTIVITY_REARM status=0x00001300 fail=4 remain=14 rearm=1
DBG_DWM_CH5_RX_ACTIVITY_FAIL ret=-116 status=0x00000000 last=0x00000000 fail=4 activity=1 rearm=1
DBG_ANCHOR_CH5_SCAN_DONE ret=-5 len=0 fail=4 pre=1 q=0 rx_us=992000 complete=15
DBG_ANCHOR_CH5_ACTIVITY_COOLDOWN ret=-5 fail=4 reason=crc_failure rx_us=992000 cooldown=100
DBG_DWM_INVALIDATE tag=dwm3000_driver_force_recovery active_phy=4 configured=1 awake=1
DBG_DWM_INVALIDATE tag=configure_radio_from_reset active_phy=0 configured=0 awake=0
DBG_DWM_MARK_UNCONFIGURED tag=initialise_radio prev_phy=0
DBG_DWM_INVALIDATE tag=configure_radio_from_reset active_phy=4 configured=1 awake=1
DBG_DWM_MARK_UNCONFIGURED tag=initialise_radio prev_phy=0
DBG_DWM_WAKE_MESH_CTRL_OK sfd=4073
DBG_ENUM_RX_RECOVERED ret=-5 failure=4
DBG_DWM_CH5_RX_HUNT_START acq=992 complete=15 cap=1021
DBG_DWM_CH5_RX_ACTIVITY_EXTEND ret=0 status=0x00000100 complete=15
DBG_DWM_CH5_RX_ACTIVITY_WAIT status=0x00000100 remain=15
DBG_DWM_CH5_RX_ACTIVITY_DONE raw=172 payload=170 status=0x00006f00 rearm=0 extended=1
DBG_ANCHOR_CH5_SCAN_DONE ret=0 len=170 fail=0 pre=1 q=100 rx_us=1984000 complete=15
DBG_UWB_RX_CH5
DBG_ANCHOR_CH5_FRAME len=170 q=100 wake_ret=-5
DBG_UWB_RX_CH5
DBG_MESH_RX_QUEUED ch=5 msg=0x40 src=0x9999888877776666 dst=0x0 prev=0x708bc0aab970300e seq=32 q=1
DBG_MESH_RX_DEFERRED q=1 msg=0x40
DBG_ANCHOR_CH5_POST_CH9_RECOVERY_SCAN win=992 ret=0 pre=1
DBG_ANCHOR_MESH_RX_HANDOFF_DEFERRED q=1 delay=250 rf=0
DBG_MESH_RX_WORK_WAIT q=1
DBG_MESH_RX_WORK_ENTER q=1
DBG_MESH_RX_DRAIN_ENTER owner=work q=1
DBG_C5_CONTACT phase=closing state=4 peer=0x708bc0aab970300e purpose=gateway_command_flood reason=expired
DBG_C5_CONTACT phase=open state=2 peer=0x708bc0aab970300e purpose=gateway_command_flood reason=c5-control-rx
DBG_C5_CONTACT phase=accepted state=2 peer=0x708bc0aab970300e purpose=gateway_command_flood reason=c5-control-rx
DBG_C5_FLOOD_WAIT now=174710 wake=174858 first=174858 msg=40 attempt=1/3 reason=broadcast-forward
DBG_DWM_MARK_UNCONFIGURED tag=initialise_radio prev_phy=0
DBG_DWM_WAKE_MESH_CTRL_OK sfd=4073
DBG_DWM_CH5_RX_HUNT_START acq=652 complete=15 cap=1021
DBG_DWM_CH5_RX_ACTIVITY_EXTEND ret=0 status=0x00000100 complete=15
DBG_DWM_CH5_RX_ACTIVITY_WAIT status=0x00000100 remain=15
DBG_DWM_CH5_RX_ACTIVITY_DONE raw=172 payload=170 status=0x00006f00 rearm=0 extended=1
DBG_ANCHOR_CH5_SCAN_DONE ret=0 len=170 fail=0 pre=1 q=100 rx_us=652000 complete=15
DBG_UWB_RX_CH5
DBG_ANCHOR_CH5_FRAME len=170 q=100 wake_ret=-5
DBG_UWB_RX_CH5
DBG_MESH_RX_QUEUED ch=5 msg=0x40 src=0x9999888877776666 dst=0x0 prev=0x708bc0aab970300e seq=32 q=1
DBG_MESH_RX_DEFERRED q=1 msg=0x40
DBG_ANCHOR_MESH_RX_HANDOFF_DEFERRED q=1 delay=380 rf=0
DBG_MESH_RX_SUBMIT ret=2 q=1 routeq=1
DBG_ANCHOR_CH5_SCAN_RESCHED ret=2 delay=0
DBG_ANCHOR_CH5_SCAN_HANDLER role=2
DBG_CH5_SCAN_CAP next=573 reserve=35 win=538 enum=1 recovery=0
DBG_DWM_INVALIDATE tag=configure_radio_from_reset active_phy=4 configured=1 awake=1
DBG_DWM_MARK_UNCONFIGURED tag=initialise_radio prev_phy=0
DBG_DWM_WAKE_MESH_CTRL_OK sfd=4073
DBG_DWM_CH5_RX_HUNT_START acq=538 complete=15 cap=1021
DBG_ENUM_RX_ACTIVE epoch=43516111 budget=418524 duplicate=1
DBG_ANCHOR_CH5_SCAN_RESCHED ret=2 delay=0
DBG_DISCOVERY_SLOT_RESPONSE_SCHEDULED phase=3 epoch=43516111 delay=2376 slot=1 lane=1/2 hop=2 hash=0x84e5bb6fd3fa9660
DBG_DISCOVERY_SLOT_ASSIGNED state=ACK_PENDING epoch=43516111 slot=1 slot_count=50 lane=1/2 anchors=2 hash=0x84e5bb6fd3fa9660
DBG_C5_CONTACT phase=accepted state=2 peer=0x708bc0aab970300e purpose=gateway_command_flood reason=c5-control-rx
DBG_ENUM_RX_ACTIVE epoch=43516111 budget=418524 duplicate=1
DBG_ANCHOR_CH5_SCAN_RESCHED ret=0 delay=0
DBG_DISCOVERY_SLOT_RESPONSE_RETAIN phase=3 epoch=43516111 handle=0
DBG_DISCOVERY_SLOT_ACK_RESUME state=ACK_PENDING epoch=43516111 generation=43516117 slot=1
DBG_DISCOVERY_SLOT_TABLE_RETAIN epoch=43516111 generation=43516117 slot=1
DBG_MESH_RX_DRAIN_EXIT owner=work handled=2 q=0
DBG_MESH_RX_WORK_EXIT handled=2 q=0
DBG_MESH_RX_WORK_WAIT q=0
DBG_MESH_RX_WORK_ENTER q=0
DBG_MESH_RX_DRAIN_ENTER owner=work q=0
DBG_MESH_RX_DRAIN_EXIT owner=work handled=0 q=0
DBG_DWM_CH5_RX_ACTIVITY_EXTEND ret=0 status=0x00000100 complete=15
DBG_DWM_CH5_RX_ACTIVITY_WAIT status=0x00000100 remain=15
DBG_DWM_CH5_RX_ACTIVITY_DONE raw=172 payload=170 status=0x00006f00 rearm=0 extended=1
DBG_ANCHOR_CH5_SCAN_DONE ret=0 len=170 fail=0 pre=1 q=100 rx_us=538000 complete=15
DBG_UWB_RX_CH5
DBG_ANCHOR_CH5_FRAME len=170 q=100 wake_ret=-5
DBG_UWB_RX_CH5
DBG_MESH_RX_QUEUED ch=5 msg=0x40 src=0x9999888877776666 dst=0x0 prev=0x708bc0aab970300e seq=32 q=1
DBG_MESH_RX_DEFERRED q=1 msg=0x40
DBG_ANCHOR_MESH_RX_HANDOFF_DEFERRED q=1 delay=380 rf=0
DBG_MESH_RX_WORK_WAIT q=1
DBG_MESH_RX_WORK_ENTER q=1
DBG_MESH_RX_DRAIN_ENTER owner=work q=1
DBG_C5_CONTACT phase=accepted state=2 peer=0x708bc0aab970300e purpose=gateway_command_flood reason=c5-control-rx
DBG_ENUM_RX_ACTIVE epoch=43516111 budget=418524 duplicate=1
DBG_ANCHOR_CH5_SCAN_RESCHED ret=0 delay=0
DBG_DISCOVERY_SLOT_RESPONSE_RETAIN phase=3 epoch=43516111 handle=0
DBG_DISCOVERY_SLOT_ACK_RESUME state=ACK_PENDING epoch=43516111 generation=43516117 slot=1
DBG_DISCOVERY_SLOT_TABLE_RETAIN epoch=43516111 generation=43516117 slot=1
DBG_MESH_RX_DRAIN_EXIT owner=work handled=1 q=0
DBG_ANCHOR_CH5_SCAN_HANDLER role=2
DBG_CH5_SCAN_CAP next=441 reserve=35 win=406 enum=1 recovery=0
DBG_ANCHOR_CH5_SCAN_BLOCKED win=0 survey=0 tx=0 retry_gap=0 flood=1 wait=0 rx=0 rxq=0 rxr=0 ack=0 ch9=0 rf=0 retry=5 interval=
DBG_ANCHOR_CH5_SCAN_RESCHED ret=1 delay=5
DBG_ANCHOR_CH5_SCAN_HANDLER role=2
DBG_CH5_SCAN_CAP next=435 reserve=35 win=400 enum=1 recovery=0
DBG_ANCHOR_CH5_SCAN_HANDLER role=2
DBG_CH5_SCAN_CAP next=430 reserve=35 win=395 enum=1 recovery=0
DBG_ANCHOR_CH5_SCAN_BLOCKED win=0 survey=0 tx=0 retry_gap=0 flood=1 wait=0 rx=0 rxq=0 rxr=0 ack=0 ch9=0 rf=0 retry=5 interval=
DBG_ANCHOR_CH5_SCAN_RESCHED ret=1 delay=5
DBG_ANCHOR_CH5_SCAN_HANDLER role=2
DBG_CH5_SCAN_CAP next=424 reserve=35 win=389 enum=1 recovery=0
DBG_ANCHOR_CH5_SCAN_BLOCKED win=0 survey=0 tx=0 retry_gap=0 flood=1 wait=0 rx=0 rxq=0 rxr=0 ack=0 ch9=0 rf=0 retry=5 interval=
DBG_ANCHOR_CH5_SCAN_RESCHED ret=1 delay=5
DBG_ANCHOR_CH5_SCAN_HANDLER role=2
DBG_CH5_SCAN_CAP next=419 reserve=35 win=384 enum=1 recovery=0
DBG_ANCHOR_CH5_SCAN_BLOCKED win=0 survey=0 tx=0 retry_gap=0 flood=1 wait=0 rx=0 rxq=0 rxr=0 ack=0 ch9=0 rf=0 retry=5 interval=
DBG_ANCHOR_CH5_SCAN_RESCHED ret=1 delay=5
DBG_ANCHOR_CH5_SCAN_HANDLER role=2
DBG_CH5_SCAN_CAP next=413 reserve=35 win=378 enum=1 recovery=0
DBG_ANCHOR_CH5_SCAN_RESCHED ret=1 delay=5
DBG_ANCHOR_CH5_SCAN_HANDLER role=2
DBG_ANCHOR_CH5_SCAN_RESCHED ret=1 delay=5
DBG_ANCHOR_CH5_SCAN_HANDLER role=2
DBG_CH5_SCAN_CAP next=402 reserve=35 win=367 enum=1 recovery=0
DBG_ANCHOR_CH5_SCAN_BLOCKED win=0 survey=0 tx=0 retry_gap=0 flood=1 wait=0 rx=0 rxq=0 rxr=0 ack=0 ch9=0 rf=0 retry=5 interval=
DBG_ANCHOR_CH5_SCAN_RESCHED ret=1 delay=5
DBG_ANCHOR_CH5_SCAN_HANDLER role=2
DBG_CH9_SKIP_STALE n=1 now=175002 next=175458 cnt=1480745113 reason=rx-delay
DBG_CH5_SCAN_CAP next=396 reserve=35 win=361 enum=1 recovery=0
DBG_ANCHOR_CH5_SCAN_RESCHED ret=1 delay=5
DBG_ANCHOR_CH5_SCAN_HANDLER role=2
DBG_CH5_SCAN_CAP next=390 reserve=35 win=355 enum=1 recovery=0
DBG_ANCHOR_CH5_SCAN_BLOCKED win=0 survey=0 tx=0 retry_gap=0 flood=1 wait=0 rx=0 rxq=0 rxr=0 ack=0 ch9=0 rf=0 retry=5 interval=
DBG_ANCHOR_CH5_SCAN_RESCHED ret=1 delay=5
DBG_ANCHOR_CH5_SCAN_HANDLER role=2
DBG_CH5_SCAN_CAP next=385 reserve=35 win=350 enum=1 recovery=0
DBG_ANCHOR_CH5_SCAN_BLOCKED win=0 survey=0 tx=0 retry_gap=0 flood=1 wait=0 rx=0 rxq=0 rxr=0 ack=0 ch9=0 rf=0 retry=5 interval=
DBG_ANCHOR_CH5_SCAN_RESCHED ret=1 delay=5
DBG_ANCHOR_CH5_SCAN_HANDLER role=2
DBG_CH5_SCAN_CAP next=373 reserve=35 win=338 enum=1 recovery=0
DBG_ANCHOR_CH5_SCAN_BLOCKED win=0 survey=0 tx=0 retry_gap=0 flood=1 wait=0 rx=0 rxq=0 rxr=0 ack=0 ch9=0 rf=0 retry=5 interval=
DBG_ANCHOR_CH5_SCAN_RESCHED ret=1 delay=5
DBG_ANCHOR_CH5_SCAN_HANDLER role=2
DBG_CH5_SCAN_CAP next=368 reserve=35 win=333 enum=1 recovery=0
DBG_ANCHOR_CH5_SCAN_RESCHED ret=1 delay=5
DBG_ANCHOR_CH5_SCAN_HANDLER role=2
DBG_CH5_SCAN_CAP next=362 reserve=35 win=327 enum=1 recovery=0
DBG_ANCHOR_CH5_SCAN_BLOCKED win=0 survey=0 tx=0 retry_gap=0 flood=1 wait=0 rx=0 rxq=0 rxr=0 ack=0 ch9=0 rf=0 retry=5 interval=
DBG_ANCHOR_CH5_SCAN_RESCHED ret=1 delay=5
DBG_ANCHOR_CH5_SCAN_HANDLER role=2
DBG_CH5_SCAN_CAP next=357 reserve=35 win=322 enum=1 recovery=0
DBG_ANCHOR_CH5_SCAN_BLOCKED win=0 survey=0 tx=0 retry_gap=0 flood=1 wait=0 rx=0 rxq=0 rxr=0 ack=0 ch9=0 rf=0 retry=5 interval=
DBG_ANCHOR_CH5_SCAN_RESCHED ret=1 delay=5
DBG_ANCHOR_CH5_SCAN_HANDLER role=2
DBG_CH5_SCAN_CAP next=351 reserve=35 win=316 enum=1 recovery=0
DBG_ANCHOR_CH5_SCAN_BLOCKED win=0 survey=0 tx=0 retry_gap=0 flood=1 wait=0 rx=0 rxq=0 rxr=0 ack=0 ch9=0 rf=0 retry=5 interval=
DBG_ANCHOR_CH5_SCAN_RESCHED ret=1 delay=5
DBG_ANCHOR_CH5_SCAN_HANDLER role=2
DBG_CH5_SCAN_CAP next=345 reserve=35 win=310 enum=1 recovery=0
DBG_ANCHOR_CH5_SCAN_RESCHED ret=1 delay=5
DBG_ANCHOR_CH5_SCAN_HANDLER role=2
DBG_CH5_SCAN_CAP next=340 reserve=35 win=305 enum=1 recovery=0
DBG_ANCHOR_CH5_SCAN_BLOCKED win=0 survey=0 tx=0 retry_gap=0 flood=1 wait=0 rx=0 rxq=0 rxr=0 ack=0 ch9=0 rf=0 retry=5 interval=
DBG_ANCHOR_CH5_SCAN_RESCHED ret=1 delay=5
DBG_ANCHOR_CH5_SCAN_HANDLER role=2
DBG_CH5_SCAN_CAP next=334 reserve=35 win=299 enum=1 recovery=0
DBG_ANCHOR_CH5_SCAN_BLOCKED win=0 survey=0 tx=0 retry_gap=0 flood=1 wait=0 rx=0 rxq=0 rxr=0 ack=0 ch9=0 rf=0 retry=5 interval=
DBG_ANCHOR_CH5_SCAN_RESCHED ret=1 delay=5
DBG_ANCHOR_CH5_SCAN_HANDLER role=2
DBG_CH5_SCAN_CAP next=328 reserve=35 win=293 enum=1 recovery=0
DBG_ANCHOR_CH5_SCAN_BLOCKED win=0 survey=0 tx=0 retry_gap=0 flood=1 wait=0 rx=0 rxq=0 rxr=0 ack=0 ch9=0 rf=0 retry=5 interval=
DBG_ANCHOR_CH5_SCAN_RESCHED ret=1 delay=5
DBG_ANCHOR_CH5_SCAN_HANDLER role=2
DBG_CH5_SCAN_CAP next=323 reserve=35 win=288 enum=1 recovery=0
DBG_ANCHOR_CH5_SCAN_RESCHED ret=1 delay=5
DBG_ANCHOR_CH5_SCAN_HANDLER role=2
DBG_ANCHOR_CH5_SCAN_RESCHED ret=1 delay=5
DBG_ANCHOR_CH5_SCAN_HANDLER role=2
DBG_CH5_SCAN_CAP next=312 reserve=35 win=277 enum=1 recovery=0
DBG_ANCHOR_CH5_SCAN_BLOCKED win=0 survey=0 tx=0 retry_gap=0 flood=1 wait=0 rx=0 rxq=0 rxr=0 ack=0 ch9=0 rf=0 retry=5 interval=
DBG_ANCHOR_CH5_SCAN_RESCHED ret=1 delay=5
DBG_ANCHOR_CH5_SCAN_HANDLER role=2
DBG_CH5_SCAN_CAP next=306 reserve=35 win=271 enum=1 recovery=0
DBG_ANCHOR_CH5_SCAN_BLOCKED win=0 survey=0 tx=0 retry_gap=0 flood=1 wait=0 rx=0 rxq=0 rxr=0 ack=0 ch9=0 rf=0 retry=5 interval=
DBG_ANCHOR_CH5_SCAN_RESCHED ret=1 delay=5
DBG_ANCHOR_CH5_SCAN_HANDLER role=2
DBG_CH5_SCAN_CAP next=300 reserve=35 win=265 enum=1 recovery=0
DBG_ANCHOR_CH5_SCAN_BLOCKED win=0 survey=0 tx=0 retry_gap=0 flood=1 wait=0 rx=0 rxq=0 rxr=0 ack=0 ch9=0 rf=0 retry=5 interval=
DBG_ANCHOR_CH5_SCAN_RESCHED ret=1 delay=5
DBG_ANCHOR_CH5_SCAN_HANDLER role=2
DBG_CH5_SCAN_CAP next=295 reserve=35 win=260 enum=1 recovery=0
DBG_ANCHOR_CH5_SCAN_RESCHED ret=1 delay=5
DBG_ANCHOR_CH5_SCAN_HANDLER role=2
DBG_ANCHOR_CH5_SCAN_RESCHED ret=1 delay=5
DBG_ANCHOR_CH5_SCAN_HANDLER role=2
DBG_CH5_SCAN_CAP next=283 reserve=35 win=248 enum=1 recovery=0
DBG_ANCHOR_CH5_SCAN_BLOCKED win=0 survey=0 tx=0 retry_gap=0 flood=1 wait=0 rx=0 rxq=0 rxr=0 ack=0 ch9=0 rf=0 retry=5 interval=
DBG_ANCHOR_CH5_SCAN_RESCHED ret=1 delay=5
DBG_ANCHOR_CH5_SCAN_HANDLER role=2
DBG_CH5_SCAN_CAP next=278 reserve=35 win=243 enum=1 recovery=0
DBG_ANCHOR_CH5_SCAN_BLOCKED win=0 survey=0 tx=0 retry_gap=0 flood=1 wait=0 rx=0 rxq=0 rxr=0 ack=0 ch9=0 rf=0 retry=5 interval=
DBG_ANCHOR_CH5_SCAN_RESCHED ret=1 delay=5
DBG_ANCHOR_CH5_SCAN_HANDLER role=2
DBG_CH5_SCAN_CAP next=272 reserve=35 win=237 enum=1 recovery=0
DBG_ANCHOR_CH5_SCAN_BLOCKED win=0 survey=0 tx=0 retry_gap=0 flood=1 wait=0 rx=0 rxq=0 rxr=0 ack=0 ch9=0 rf=0 retry=5 interval=
DBG_ANCHOR_CH5_SCAN_RESCHED ret=1 delay=5
DBG_ANCHOR_CH5_SCAN_HANDLER role=2
DBG_CH5_SCAN_CAP next=267 reserve=35 win=232 enum=1 recovery=0
DBG_ANCHOR_CH5_SCAN_RESCHED ret=1 delay=5
DBG_ANCHOR_CH5_SCAN_HANDLER role=2
DBG_ANCHOR_CH5_SCAN_RESCHED ret=1 delay=5
DBG_ANCHOR_CH5_SCAN_HANDLER role=2
DBG_CH5_SCAN_CAP next=255 reserve=35 win=220 enum=1 recovery=0
DBG_ANCHOR_CH5_SCAN_BLOCKED win=0 survey=0 tx=0 retry_gap=0 flood=1 wait=0 rx=0 rxq=0 rxr=0 ack=0 ch9=0 rf=0 retry=5 interval=
DBG_ANCHOR_CH5_SCAN_RESCHED ret=1 delay=5
DBG_DWM_INVALIDATE tag=configure_radio_from_reset active_phy=4 configured=1 awake=1
DBG_ANCHOR_CH5_SCAN_HANDLER role=2
DBG_CH5_SCAN_CAP next=250 reserve=35 win=215 enum=1 recovery=0
DBG_ANCHOR_CH5_SCAN_RESCHED ret=1 delay=20
DBG_DWM_MARK_UNCONFIGURED tag=initialise_radio prev_phy=0
DBG_DWM_INVALIDATE tag=configure_radio_from_reset active_phy=2 configured=1 awake=0
DBG_ANCHOR_CH5_SCAN_HANDLER role=2
DBG_CH5_SCAN_CAP next=228 reserve=35 win=193 enum=1 recovery=0
DBG_ANCHOR_CH5_SCAN_BLOCKED win=0 survey=0 tx=0 retry_gap=0 flood=1 wait=0 rx=0 rxq=0 rxr=0 ack=0 ch9=0 rf=1 retry=20 interval
DBG_ANCHOR_CH5_SCAN_RESCHED ret=1 delay=20
DBG_DWM_MARK_UNCONFIGURED tag=initialise_radio prev_phy=0
DBG_DWM_WAKE_MESH_CTRL_OK sfd=4073
DBG_C5_TX_CONFIG ret=0 ext=1 len=170 msg=40 reason=bounded-c5-flood
DBG_ANCHOR_CH5_SCAN_HANDLER role=2
DBG_CH5_SCAN_CAP next=207 reserve=35 win=172 enum=1 recovery=0
DBG_ANCHOR_CH5_SCAN_BLOCKED win=0 survey=0 tx=0 retry_gap=0 flood=1 wait=0 rx=0 rxq=0 rxr=0 ack=0 ch9=0 rf=1 retry=20 interval
DBG_ANCHOR_CH5_SCAN_RESCHED ret=1 delay=20
DBG_UWB_TX_CH5
DBG_DWM_INVALIDATE tag=configure_radio_from_reset active_phy=4 configured=1 awake=0
DBG_ANCHOR_CH5_SCAN_HANDLER role=2
DBG_CH5_SCAN_CAP next=187 reserve=35 win=152 enum=1 recovery=0
DBG_ANCHOR_CH5_SCAN_BLOCKED win=0 survey=0 tx=0 retry_gap=0 flood=1 wait=0 rx=0 rxq=0 rxr=0 ack=0 ch9=0 rf=1 retry=20 interval
DBG_DWM_MARK_UNCONFIGURED tag=initialise_radio prev_phy=0
DBG_ANCHOR_CH5_SCAN_RESCHED ret=1 delay=20
DBG_DWM_WAKE_MESH_CTRL_OK sfd=4073
DBG_ANCHOR_CH5_SCAN_HANDLER role=2
DBG_CH5_SCAN_CAP next=163 reserve=35 win=128 enum=1 recovery=0
DBG_ANCHOR_CH5_SCAN_BLOCKED win=0 survey=0 tx=0 retry_gap=0 flood=1 wait=0 rx=0 rxq=0 rxr=0 ack=0 ch9=0 rf=1 retry=20 interval
DBG_ANCHOR_CH5_SCAN_RESCHED ret=1 delay=20
DBG_DWM_INVALIDATE tag=configure_radio_from_reset active_phy=4 configured=1 awake=0
DBG_ANCHOR_CH5_SCAN_HANDLER role=2
DBG_CH5_SCAN_CAP next=134 reserve=35 win=99 enum=1 recovery=0
DBG_ANCHOR_CH5_SCAN_BLOCKED win=0 survey=0 tx=0 retry_gap=0 flood=1 wait=0 rx=0 rxq=0 rxr=0 ack=0 ch9=0 rf=1 retry=20 interval
DBG_ANCHOR_CH5_SCAN_RESCHED ret=1 delay=20
DBG_DWM_MARK_UNCONFIGURED tag=initialise_radio prev_phy=0
DBG_DWM_INVALIDATE tag=configure_radio_from_reset active_phy=2 configured=1 awake=0
DBG_ANCHOR_CH5_SCAN_HANDLER role=2
DBG_CH5_SCAN_CAP next=111 reserve=35 win=76 enum=1 recovery=0
DBG_ANCHOR_CH5_SCAN_BLOCKED win=0 survey=0 tx=0 retry_gap=0 flood=1 wait=0 rx=0 rxq=0 rxr=0 ack=0 ch9=0 rf=1 retry=20 interval
DBG_ANCHOR_CH5_SCAN_RESCHED ret=1 delay=20
DBG_DWM_MARK_UNCONFIGURED tag=initialise_radio prev_phy=0
DBG_DWM_WAKE_MESH_CTRL_OK sfd=4073
DBG_C5_TX_CONFIG ret=0 ext=1 len=170 msg=40 reason=bounded-c5-flood
DBG_ANCHOR_CH5_SCAN_HANDLER role=2
DBG_CH5_SCAN_CAP next=90 reserve=35 win=55 enum=1 recovery=0
DBG_ANCHOR_CH5_SCAN_BLOCKED win=0 survey=0 tx=0 retry_gap=0 flood=1 wait=0 rx=0 rxq=0 rxr=0 ack=0 ch9=0 rf=1 retry=20 interval
DBG_ANCHOR_CH5_SCAN_RESCHED ret=1 delay=20
DBG_UWB_TX_CH5
DBG_DWM_INVALIDATE tag=configure_radio_from_reset active_phy=4 configured=1 awake=0
DBG_ANCHOR_CH5_SCAN_HANDLER role=2
DBG_CH5_SCAN_CAP next=70 reserve=35 win=35 enum=1 recovery=0
DBG_ANCHOR_CH5_SCAN_BLOCKED win=0 survey=0 tx=0 retry_gap=0 flood=1 wait=0 rx=0 rxq=0 rxr=0 ack=0 ch9=0 rf=1 retry=20 interval
DBG_ANCHOR_CH5_SCAN_RESCHED ret=1 delay=20
DBG_DWM_WAKE_MESH_CTRL_OK sfd=4073
DBG_ANCHOR_CH5_SCAN_HANDLER role=2
DBG_CH5_SCAN_CAP next=43 reserve=35 win=8 enum=1 recovery=0
DBG_ANCHOR_CH5_SCAN_BLOCKED win=0 survey=0 tx=0 retry_gap=0 flood=1 wait=0 rx=0 rxq=0 rxr=0 ack=0 ch9=0 rf=1 retry=20 interval
DBG_ANCHOR_CH5_SCAN_RESCHED ret=1 delay=20
DBG_DWM_INVALIDATE tag=configure_radio_from_reset active_phy=4 configured=1 awake=0
DBG_ANCHOR_CH5_SCAN_HANDLER role=2
DBG_ANCHOR_CH5_SCAN_BLOCKED win=0 survey=0 tx=0 retry_gap=0 flood=1 wait=0 rx=0 rxq=0 rxr=0 ack=0 ch9=1 rf=1 retry=20 interval
DBG_ANCHOR_CH5_SCAN_RESCHED ret=1 delay=20
DBG_DWM_MARK_UNCONFIGURED tag=initialise_radio prev_phy=0
DBG_DWM_INVALIDATE tag=configure_radio_from_reset active_phy=2 configured=1 awake=0
DBG_ANCHOR_CH5_SCAN_HANDLER role=2
DBG_ANCHOR_CH5_SCAN_BLOCKED win=0 survey=0 tx=0 retry_gap=0 flood=1 wait=0 rx=0 rxq=0 rxr=0 ack=0 ch9=1 rf=1 retry=20 interval
DBG_ANCHOR_CH5_SCAN_RESCHED ret=1 delay=20
DBG_DWM_MARK_UNCONFIGURED tag=initialise_radio prev_phy=0
DBG_DWM_WAKE_MESH_CTRL_OK sfd=4073
DBG_C5_TX_CONFIG ret=0 ext=1 len=170 msg=40 reason=bounded-c5-flood
DBG_ANCHOR_CH5_SCAN_HANDLER role=2
DBG_ANCHOR_CH5_SCAN_BLOCKED win=0 survey=0 tx=0 retry_gap=0 flood=1 wait=0 rx=0 rxq=0 rxr=0 ack=0 ch9=1 rf=1 retry=20 interval
DBG_ANCHOR_CH5_SCAN_RESCHED ret=1 delay=20
DBG_UWB_TX_CH5
DBG_DWM_INVALIDATE tag=configure_radio_from_reset active_phy=4 configured=1 awake=0
DBG_ANCHOR_CH5_SCAN_HANDLER role=2
DBG_DWM_MARK_UNCONFIGURED tag=initialise_radio prev_phy=0
DBG_ANCHOR_CH5_SCAN_BLOCKED win=0 survey=0 tx=0 retry_gap=0 flood=1 wait=0 rx=0 rxq=0 rxr=0 ack=0 ch9=1 rf=1 retry=20 interval
DBG_ANCHOR_CH5_SCAN_RESCHED ret=1 delay=20
DBG_DWM_WAKE_MESH_CTRL_OK sfd=4073
DBG_ANCHOR_CH5_SCAN_HANDLER role=2
DBG_ANCHOR_CH5_SCAN_BLOCKED win=0 survey=0 tx=0 retry_gap=0 flood=1 wait=0 rx=0 rxq=0 rxr=0 ack=0 ch9=1 rf=1 retry=20 interval
DBG_ANCHOR_CH5_SCAN_RESCHED ret=1 delay=20
DBG_DWM_INVALIDATE tag=configure_radio_from_reset active_phy=4 configured=1 awake=0
DBG_ANCHOR_CH5_SCAN_HANDLER role=2
DBG_ANCHOR_CH5_SCAN_BLOCKED win=0 survey=0 tx=0 retry_gap=0 flood=1 wait=0 rx=0 rxq=0 rxr=0 ack=0 ch9=1 rf=1 retry=20 interval
DBG_ANCHOR_CH5_SCAN_RESCHED ret=1 delay=20
DBG_DWM_MARK_UNCONFIGURED tag=initialise_radio prev_phy=0
DBG_DWM_INVALIDATE tag=configure_radio_from_reset active_phy=2 configured=1 awake=0
DBG_ANCHOR_CH5_SCAN_HANDLER role=2
DBG_ANCHOR_CH5_SCAN_BLOCKED win=0 survey=0 tx=0 retry_gap=0 flood=1 wait=0 rx=0 rxq=0 rxr=0 ack=0 ch9=1 rf=1 retry=20 interval
DBG_ANCHOR_CH5_SCAN_RESCHED ret=1 delay=20
DBG_DWM_MARK_UNCONFIGURED tag=initialise_radio prev_phy=0
DBG_DWM_WAKE_MESH_CTRL_OK sfd=4073
DBG_C5_TX_CONFIG ret=0 ext=1 len=170 msg=40 reason=bounded-c5-flood
DBG_ANCHOR_CH5_SCAN_HANDLER role=2
DBG_ANCHOR_CH5_SCAN_BLOCKED win=0 survey=0 tx=0 retry_gap=0 flood=1 wait=0 rx=0 rxq=0 rxr=0 ack=0 ch9=1 rf=1 retry=20 interval
DBG_ANCHOR_CH5_SCAN_RESCHED ret=1 delay=20
DBG_UWB_TX_CH5
DBG_C5_FLOOD_WAIT now=175550 wake=175590 first=175590 msg=40 attempt=2/3 reason=broadcast-forward
DBG_ANCHOR_CH5_SCAN_HANDLER role=2
DBG_ANCHOR_CH9_REARM delay=0 ret=0 ack=0
DBG_ANCHOR_CH5_SCAN_BLOCKED win=0 survey=0 tx=0 retry_gap=0 flood=1 wait=0 rx=0 rxq=0 rxr=0 ack=0 ch9=1 rf=0 retry=1 interval=
DBG_ANCHOR_CH5_SCAN_RESCHED ret=1 delay=1
DBG_ANCHOR_CH5_SCAN_HANDLER role=2
DBG_ANCHOR_CH9_REARM delay=0 ret=0 ack=0
DBG_ANCHOR_CH5_SCAN_BLOCKED win=0 survey=0 tx=0 retry_gap=0 flood=1 wait=0 rx=0 rxq=0 rxr=0 ack=0 ch9=1 rf=0 retry=1 interval=
DBG_ANCHOR_CH5_SCAN_RESCHED ret=1 delay=1
DBG_ANCHOR_CH5_SCAN_HANDLER role=2
DBG_ANCHOR_CH9_REARM delay=0 ret=0 ack=0
DBG_ANCHOR_CH5_SCAN_BLOCKED win=0 survey=0 tx=0 retry_gap=0 flood=1 wait=0 rx=0 rxq=0 rxr=0 ack=0 ch9=1 rf=0 retry=1 interval=
DBG_ANCHOR_CH5_SCAN_RESCHED ret=1 delay=1
DBG_ANCHOR_CH5_SCAN_HANDLER role=2
DBG_ANCHOR_CH9_REARM delay=0 ret=0 ack=0
DBG_ANCHOR_CH5_SCAN_BLOCKED win=0 survey=0 tx=0 retry_gap=0 flood=1 wait=0 rx=0 rxq=0 rxr=0 ack=0 ch9=1 rf=0 retry=1 interval=
DBG_ANCHOR_CH5_SCAN_RESCHED ret=1 delay=1
DBG_ANCHOR_CH5_SCAN_HANDLER role=2
DBG_ANCHOR_CH5_SCAN_HANDLER role=2
DBG_ANCHOR_CH9_REARM delay=0 ret=0 ack=0
DBG_ANCHOR_CH5_SCAN_BLOCKED win=0 survey=0 tx=0 retry_gap=0 flood=1 wait=0 rx=0 rxq=0 rxr=0 ack=0 ch9=1 rf=0 retry=1 interval=
DBG_ANCHOR_CH5_SCAN_RESCHED ret=1 delay=1
DBG_DWM_INVALIDATE tag=configure_radio_from_reset active_phy=4 configured=1 awake=0
DBG_ANCHOR_CH5_SCAN_BLOCKED win=0 survey=0 tx=0 retry_gap=0 flood=1 wait=0 rx=0 rxq=0 rxr=0 ack=0 ch9=1 rf=0 retry=1 interval=
DBG_ANCHOR_CH5_SCAN_RESCHED ret=1 delay=1
DBG_ANCHOR_CH5_SCAN_HANDLER role=2
DBG_ANCHOR_CH5_SCAN_BLOCKED win=0 survey=0 tx=0 retry_gap=0 flood=1 wait=0 rx=0 rxq=0 rxr=0 ack=0 ch9=1 rf=1 retry=20 interval
DBG_ANCHOR_CH5_SCAN_RESCHED ret=1 delay=20
DBG_DWM_MARK_UNCONFIGURED tag=initialise_radio prev_phy=0
DBG_DWM_INVALIDATE tag=configure_radio_from_reset active_phy=2 configured=1 awake=0
DBG_ANCHOR_CH5_SCAN_HANDLER role=2
DBG_ANCHOR_CH5_SCAN_BLOCKED win=0 survey=0 tx=0 retry_gap=0 flood=1 wait=0 rx=0 rxq=0 rxr=0 ack=0 ch9=1 rf=1 retry=20 interval
DBG_ANCHOR_CH5_SCAN_RESCHED ret=1 delay=20
DBG_DWM_MARK_UNCONFIGURED tag=initialise_radio prev_phy=0
DBG_DWM_WAKE_MESH_CTRL_OK sfd=4073
DBG_C5_TX_CONFIG ret=0 ext=1 len=170 msg=40 reason=bounded-c5-flood
DBG_ANCHOR_CH5_SCAN_HANDLER role=2
DBG_ANCHOR_CH5_SCAN_BLOCKED win=0 survey=0 tx=0 retry_gap=0 flood=1 wait=0 rx=0 rxq=0 rxr=0 ack=0 ch9=1 rf=1 retry=20 interval
DBG_ANCHOR_CH5_SCAN_RESCHED ret=1 delay=20
DBG_UWB_TX_CH5
DBG_DWM_INVALIDATE tag=configure_radio_from_reset active_phy=4 configured=1 awake=0
DBG_ANCHOR_CH5_SCAN_HANDLER role=2
DBG_CH9_SKIP_STALE n=1 now=175657 next=176098 cnt=1480745114 reason=rx-delay
DBG_CH5_SCAN_CAP next=1021 reserve=35 win=986 enum=1 recovery=1
DBG_DWM_MARK_UNCONFIGURED tag=initialise_radio prev_phy=0
DBG_ANCHOR_CH5_SCAN_BLOCKED win=0 survey=0 tx=0 retry_gap=0 flood=1 wait=0 rx=0 rxq=0 rxr=0 ack=0 ch9=0 rf=1 retry=20 interval
DBG_ANCHOR_CH5_SCAN_RESCHED ret=1 delay=20
DBG_DWM_WAKE_MESH_CTRL_OK sfd=4073
DBG_ANCHOR_CH5_SCAN_HANDLER role=2
DBG_CH5_SCAN_CAP next=994 reserve=35 win=959 enum=1 recovery=1
DBG_ANCHOR_CH5_SCAN_BLOCKED win=0 survey=0 tx=0 retry_gap=0 flood=1 wait=0 rx=0 rxq=0 rxr=0 ack=0 ch9=0 rf=1 retry=20 interval
DBG_ANCHOR_CH5_SCAN_RESCHED ret=1 delay=20
DBG_DWM_INVALIDATE tag=configure_radio_from_reset active_phy=4 configured=1 awake=0
DBG_ANCHOR_CH5_SCAN_HANDLER role=2
DBG_CH5_SCAN_CAP next=965 reserve=35 win=930 enum=1 recovery=1
DBG_ANCHOR_CH5_SCAN_BLOCKED win=0 survey=0 tx=0 retry_gap=0 flood=1 wait=0 rx=0 rxq=0 rxr=0 ack=0 ch9=0 rf=1 retry=20 interval
DBG_ANCHOR_CH5_SCAN_RESCHED ret=1 delay=20
DBG_DWM_MARK_UNCONFIGURED tag=initialise_radio prev_phy=0
DBG_DWM_INVALIDATE tag=configure_radio_from_reset active_phy=2 configured=1 awake=0
DBG_ANCHOR_CH5_SCAN_HANDLER role=2
DBG_CH5_SCAN_CAP next=944 reserve=35 win=909 enum=1 recovery=1
DBG_ANCHOR_CH5_SCAN_BLOCKED win=0 survey=0 tx=0 retry_gap=0 flood=1 wait=0 rx=0 rxq=0 rxr=0 ack=0 ch9=0 rf=1 retry=20 interval
DBG_ANCHOR_CH5_SCAN_RESCHED ret=1 delay=20
DBG_DWM_MARK_UNCONFIGURED tag=initialise_radio prev_phy=0
DBG_DWM_WAKE_MESH_CTRL_OK sfd=4073
DBG_C5_TX_CONFIG ret=0 ext=1 len=170 msg=40 reason=bounded-c5-flood
DBG_ANCHOR_CH5_SCAN_HANDLER role=2
DBG_CH5_SCAN_CAP next=922 reserve=35 win=887 enum=1 recovery=1
DBG_UWB_TX_CH5
DBG_DWM_INVALIDATE tag=configure_radio_from_reset active_phy=4 configured=1 awake=0
DBG_ANCHOR_CH5_SCAN_BLOCKED win=0 survey=0 tx=0 retry_gap=0 flood=1 wait=0 rx=0 rxq=0 rxr=0 ack=0 ch9=0 rf=1 retry=20 interval
DBG_ANCHOR_CH5_SCAN_RESCHED ret=1 delay=20
DBG_DWM_MARK_UNCONFIGURED tag=initialise_radio prev_phy=0
DBG_DWM_WAKE_MESH_CTRL_OK sfd=4073
DBG_ANCHOR_CH5_SCAN_HANDLER role=2
DBG_CH5_SCAN_CAP next=894 reserve=35 win=859 enum=1 recovery=1
DBG_ANCHOR_CH5_SCAN_BLOCKED win=0 survey=0 tx=0 retry_gap=0 flood=1 wait=0 rx=0 rxq=0 rxr=0 ack=0 ch9=0 rf=1 retry=20 interval
DBG_ANCHOR_CH5_SCAN_RESCHED ret=1 delay=20
DBG_ANCHOR_CH5_SCAN_HANDLER role=2
DBG_CH5_SCAN_CAP next=864 reserve=35 win=829 enum=1 recovery=1
DBG_ANCHOR_CH5_SCAN_BLOCKED win=0 survey=0 tx=0 retry_gap=0 flood=1 wait=0 rx=0 rxq=0 rxr=0 ack=0 ch9=0 rf=1 retry=20 interval
DBG_DWM_INVALIDATE tag=configure_radio_from_reset active_phy=4 configured=1 awake=0
DBG_ANCHOR_CH5_SCAN_RESCHED ret=1 delay=20
DBG_DWM_MARK_UNCONFIGURED tag=initialise_radio prev_phy=0
DBG_ANCHOR_CH5_SCAN_HANDLER role=2
DBG_DWM_INVALIDATE tag=configure_radio_from_reset active_phy=2 configured=1 awake=0
DBG_CH5_SCAN_CAP next=833 reserve=35 win=798 enum=1 recovery=1
DBG_ANCHOR_CH5_SCAN_BLOCKED win=0 survey=0 tx=0 retry_gap=0 flood=1 wait=0 rx=0 rxq=0 rxr=0 ack=0 ch9=0 rf=1 retry=20 interval
DBG_ANCHOR_CH5_SCAN_RESCHED ret=1 delay=20
DBG_DWM_MARK_UNCONFIGURED tag=initialise_radio prev_phy=0
DBG_DWM_WAKE_MESH_CTRL_OK sfd=4073
DBG_C5_TX_CONFIG ret=0 ext=1 len=170 msg=40 reason=bounded-c5-flood
DBG_ANCHOR_CH5_SCAN_HANDLER role=2
DBG_CH5_SCAN_CAP next=808 reserve=35 win=773 enum=1 recovery=1
DBG_ANCHOR_CH5_SCAN_BLOCKED win=0 survey=0 tx=0 retry_gap=0 flood=1 wait=0 rx=0 rxq=0 rxr=0 ack=0 ch9=0 rf=1 retry=20 interval
DBG_ANCHOR_CH5_SCAN_RESCHED ret=1 delay=20
DBG_UWB_TX_CH5
DBG_DWM_INVALIDATE tag=configure_radio_from_reset active_phy=4 configured=1 awake=0
DBG_ANCHOR_CH5_SCAN_HANDLER role=2
DBG_CH5_SCAN_CAP next=787 reserve=35 win=752 enum=1 recovery=1
DBG_ANCHOR_CH5_SCAN_BLOCKED win=0 survey=0 tx=0 retry_gap=0 flood=1 wait=0 rx=0 rxq=0 rxr=0 ack=0 ch9=0 rf=1 retry=20 interval
DBG_DWM_MARK_UNCONFIGURED tag=initialise_radio prev_phy=0
DBG_ANCHOR_CH5_SCAN_RESCHED ret=1 delay=20
DBG_DWM_WAKE_MESH_CTRL_OK sfd=4073
DBG_ANCHOR_CH5_SCAN_HANDLER role=2
DBG_CH5_SCAN_CAP next=762 reserve=35 win=727 enum=1 recovery=1
DBG_ANCHOR_CH5_SCAN_BLOCKED win=0 survey=0 tx=0 retry_gap=0 flood=1 wait=0 rx=0 rxq=0 rxr=0 ack=0 ch9=0 rf=1 retry=20 interval
DBG_ANCHOR_CH5_SCAN_RESCHED ret=1 delay=20
DBG_DWM_INVALIDATE tag=configure_radio_from_reset active_phy=4 configured=1 awake=0
DBG_ANCHOR_CH5_SCAN_HANDLER role=2
DBG_CH5_SCAN_CAP next=733 reserve=35 win=698 enum=1 recovery=1
DBG_ANCHOR_CH5_SCAN_BLOCKED win=0 survey=0 tx=0 retry_gap=0 flood=1 wait=0 rx=0 rxq=0 rxr=0 ack=0 ch9=0 rf=1 retry=20 interval
DBG_ANCHOR_CH5_SCAN_RESCHED ret=1 delay=20
DBG_DWM_MARK_UNCONFIGURED tag=initialise_radio prev_phy=0
DBG_DWM_INVALIDATE tag=configure_radio_from_reset active_phy=2 configured=1 awake=0
DBG_ANCHOR_CH5_SCAN_HANDLER role=2
DBG_CH5_SCAN_CAP next=712 reserve=35 win=677 enum=1 recovery=1
DBG_ANCHOR_CH5_SCAN_BLOCKED win=0 survey=0 tx=0 retry_gap=0 flood=1 wait=0 rx=0 rxq=0 rxr=0 ack=0 ch9=0 rf=1 retry=20 interval
DBG_ANCHOR_CH5_SCAN_RESCHED ret=1 delay=20
DBG_DWM_MARK_UNCONFIGURED tag=initialise_radio prev_phy=0
DBG_DWM_WAKE_MESH_CTRL_OK sfd=4073
DBG_C5_TX_CONFIG ret=0 ext=1 len=170 msg=40 reason=bounded-c5-flood
DBG_ANCHOR_CH5_SCAN_HANDLER role=2
DBG_CH5_SCAN_CAP next=691 reserve=35 win=656 enum=1 recovery=1
DBG_ANCHOR_CH5_SCAN_BLOCKED win=0 survey=0 tx=0 retry_gap=0 flood=1 wait=0 rx=0 rxq=0 rxr=0 ack=0 ch9=0 rf=1 retry=20 interval
DBG_ANCHOR_CH5_SCAN_RESCHED ret=1 delay=20
DBG_UWB_TX_CH5
DBG_C5_FLOOD_WAIT now=175995 wake=176047 first=176047 msg=40 attempt=3/3 reason=broadcast-forward
DBG_ANCHOR_CH5_SCAN_HANDLER role=2
DBG_CH5_SCAN_CAP next=670 reserve=35 win=635 enum=1 recovery=1
DBG_ANCHOR_CH5_SCAN_BLOCKED win=0 survey=0 tx=0 retry_gap=0 flood=1 wait=0 rx=0 rxq=0 rxr=0 ack=0 ch9=0 rf=0 retry=5 interval=
DBG_ANCHOR_CH5_SCAN_RESCHED ret=1 delay=5
DBG_ANCHOR_CH5_SCAN_HANDLER role=2
DBG_CH5_SCAN_CAP next=665 reserve=35 win=630 enum=1 recovery=1
DBG_ANCHOR_CH5_SCAN_BLOCKED win=0 survey=0 tx=0 retry_gap=0 flood=1 wait=0 rx=0 rxq=0 rxr=0 ack=0 ch9=0 rf=0 retry=5 interval=
DBG_ANCHOR_CH5_SCAN_RESCHED ret=1 delay=5
DBG_ANCHOR_CH5_SCAN_HANDLER role=2
DBG_CH5_SCAN_CAP next=659 reserve=35 win=624 enum=1 recovery=1
DBG_ANCHOR_CH5_SCAN_BLOCKED win=0 survey=0 tx=0 retry_gap=0 flood=1 wait=0 rx=0 rxq=0 rxr=0 ack=0 ch9=0 rf=0 retry=5 interval=
DBG_ANCHOR_CH5_SCAN_RESCHED ret=1 delay=5
DBG_ANCHOR_CH5_SCAN_HANDLER role=2
DBG_CH5_SCAN_CAP next=654 reserve=35 win=619 enum=1 recovery=1
DBG_ANCHOR_CH5_SCAN_BLOCKED win=0 survey=0 tx=0 retry_gap=0 flood=1 wait=0 rx=0 rxq=0 rxr=0 ack=0 ch9=0 rf=0 retry=5 interval=
DBG_ANCHOR_CH5_SCAN_RESCHED ret=1 delay=5
DBG_ANCHOR_CH5_SCAN_HANDLER role=2
DBG_CH5_SCAN_CAP next=648 reserve=35 win=613 enum=1 recovery=1
DBG_ANCHOR_CH5_SCAN_BLOCKED win=0 survey=0 tx=0 retry_gap=0 flood=1 wait=0 rx=0 rxq=0 rxr=0 ack=0 ch9=0 rf=0 retry=5 interval=
DBG_ANCHOR_CH5_SCAN_RESCHED ret=1 delay=5
DBG_ANCHOR_CH5_SCAN_HANDLER role=2
DBG_CH5_SCAN_CAP next=642 reserve=35 win=607 enum=1 recovery=1
DBG_ANCHOR_CH5_SCAN_RESCHED ret=1 delay=5
DBG_ANCHOR_CH5_SCAN_HANDLER role=2
DBG_CH5_SCAN_CAP next=637 reserve=35 win=602 enum=1 recovery=1
DBG_ANCHOR_CH5_SCAN_BLOCKED win=0 survey=0 tx=0 retry_gap=0 flood=1 wait=0 rx=0 rxq=0 rxr=0 ack=0 ch9=0 rf=0 retry=5 interval=
DBG_ANCHOR_CH5_SCAN_RESCHED ret=1 delay=5
DBG_ANCHOR_CH5_SCAN_HANDLER role=2
DBG_CH5_SCAN_CAP next=631 reserve=35 win=596 enum=1 recovery=1
DBG_ANCHOR_CH5_SCAN_BLOCKED win=0 survey=0 tx=0 retry_gap=0 flood=1 wait=0 rx=0 rxq=0 rxr=0 ack=0 ch9=0 rf=0 retry=5 interval=
DBG_DWM_INVALIDATE tag=configure_radio_from_reset active_phy=4 configured=1 awake=0
DBG_ANCHOR_CH5_SCAN_HANDLER role=2
DBG_CH5_SCAN_CAP next=625 reserve=35 win=590 enum=1 recovery=1
DBG_ANCHOR_CH5_SCAN_BLOCKED win=0 survey=0 tx=0 retry_gap=0 flood=1 wait=0 rx=0 rxq=0 rxr=0 ack=0 ch9=0 rf=1 retry=20 interval
DBG_ANCHOR_CH5_SCAN_RESCHED ret=1 delay=20
DBG_DWM_MARK_UNCONFIGURED tag=initialise_radio prev_phy=0
DBG_DWM_INVALIDATE tag=configure_radio_from_reset active_phy=2 configured=1 awake=0
DBG_ANCHOR_CH5_SCAN_HANDLER role=2
DBG_CH5_SCAN_CAP next=605 reserve=35 win=570 enum=1 recovery=1
DBG_ANCHOR_CH5_SCAN_BLOCKED win=0 survey=0 tx=0 retry_gap=0 flood=1 wait=0 rx=0 rxq=0 rxr=0 ack=0 ch9=0 rf=1 retry=20 interval
DBG_ANCHOR_CH5_SCAN_RESCHED ret=1 delay=20
DBG_DWM_MARK_UNCONFIGURED tag=initialise_radio prev_phy=0
DBG_DWM_WAKE_MESH_CTRL_OK sfd=4073
DBG_C5_TX_CONFIG ret=0 ext=1 len=170 msg=40 reason=bounded-c5-flood
DBG_ANCHOR_CH5_SCAN_HANDLER role=2
DBG_CH5_SCAN_CAP next=584 reserve=35 win=549 enum=1 recovery=1
DBG_ANCHOR_CH5_SCAN_BLOCKED win=0 survey=0 tx=0 retry_gap=0 flood=1 wait=0 rx=0 rxq=0 rxr=0 ack=0 ch9=0 rf=1 retry=20 interval
DBG_ANCHOR_CH5_SCAN_RESCHED ret=1 delay=20
DBG_UWB_TX_CH5
DBG_DWM_INVALIDATE tag=configure_radio_from_reset active_phy=4 configured=1 awake=0
DBG_ANCHOR_CH5_SCAN_HANDLER role=2
DBG_DWM_MARK_UNCONFIGURED tag=initialise_radio prev_phy=0
DBG_CH5_SCAN_CAP next=564 reserve=35 win=529 enum=1 recovery=1
DBG_DWM_WAKE_MESH_CTRL_OK sfd=4073
DBG_ANCHOR_CH5_SCAN_BLOCKED win=0 survey=0 tx=0 retry_gap=0 flood=1 wait=0 rx=0 rxq=0 rxr=0 ack=0 ch9=0 rf=1 retry=20 interval
DBG_ANCHOR_CH5_SCAN_RESCHED ret=1 delay=20
DBG_ANCHOR_CH5_SCAN_HANDLER role=2
DBG_CH5_SCAN_CAP next=532 reserve=35 win=497 enum=1 recovery=1
DBG_ANCHOR_CH5_SCAN_BLOCKED win=0 survey=0 tx=0 retry_gap=0 flood=1 wait=0 rx=0 rxq=0 rxr=0 ack=0 ch9=0 rf=1 retry=20 interval
DBG_ANCHOR_CH5_SCAN_RESCHED ret=1 delay=20
DBG_DWM_INVALIDATE tag=configure_radio_from_reset active_phy=4 configured=1 awake=0
DBG_ANCHOR_CH5_SCAN_HANDLER role=2
DBG_CH5_SCAN_CAP next=502 reserve=35 win=467 enum=1 recovery=1
DBG_ANCHOR_CH5_SCAN_BLOCKED win=0 survey=0 tx=0 retry_gap=0 flood=1 wait=0 rx=0 rxq=0 rxr=0 ack=0 ch9=0 rf=1 retry=20 interval
DBG_ANCHOR_CH5_SCAN_RESCHED ret=1 delay=20
DBG_DWM_MARK_UNCONFIGURED tag=initialise_radio prev_phy=0
DBG_DWM_INVALIDATE tag=configure_radio_from_reset active_phy=2 configured=1 awake=0
DBG_ANCHOR_CH5_SCAN_HANDLER role=2
DBG_CH5_SCAN_CAP next=482 reserve=35 win=447 enum=1 recovery=1
DBG_ANCHOR_CH5_SCAN_BLOCKED win=0 survey=0 tx=0 retry_gap=0 flood=1 wait=0 rx=0 rxq=0 rxr=0 ack=0 ch9=0 rf=1 retry=20 interval
DBG_ANCHOR_CH5_SCAN_RESCHED ret=1 delay=20
DBG_DWM_MARK_UNCONFIGURED tag=initialise_radio prev_phy=0
DBG_DWM_WAKE_MESH_CTRL_OK sfd=4073
DBG_C5_TX_CONFIG ret=0 ext=1 len=170 msg=40 reason=bounded-c5-flood
DBG_ANCHOR_CH5_SCAN_HANDLER role=2
DBG_UWB_TX_CH5
DBG_DWM_INVALIDATE tag=configure_radio_from_reset active_phy=4 configured=1 awake=0
DBG_CH5_SCAN_CAP next=460 reserve=35 win=425 enum=1 recovery=1
DBG_ANCHOR_CH5_SCAN_BLOCKED win=0 survey=0 tx=0 retry_gap=0 flood=1 wait=0 rx=0 rxq=0 rxr=0 ack=0 ch9=0 rf=1 retry=20 interval
DBG_ANCHOR_CH5_SCAN_RESCHED ret=1 delay=20
DBG_DWM_MARK_UNCONFIGURED tag=initialise_radio prev_phy=0
DBG_DWM_WAKE_MESH_CTRL_OK sfd=4073
DBG_ANCHOR_CH5_SCAN_HANDLER role=2
DBG_CH5_SCAN_CAP next=436 reserve=35 win=401 enum=1 recovery=1
DBG_ANCHOR_CH5_SCAN_BLOCKED win=0 survey=0 tx=0 retry_gap=0 flood=1 wait=0 rx=0 rxq=0 rxr=0 ack=0 ch9=0 rf=1 retry=20 interval
DBG_ANCHOR_CH5_SCAN_RESCHED ret=1 delay=20
DBG_ANCHOR_CH5_SCAN_HANDLER role=2
DBG_CH5_SCAN_CAP next=405 reserve=35 win=370 enum=1 recovery=1
DBG_ANCHOR_CH5_SCAN_BLOCKED win=0 survey=0 tx=0 retry_gap=0 flood=1 wait=0 rx=0 rxq=0 rxr=0 ack=0 ch9=0 rf=1 retry=20 interval
DBG_ANCHOR_CH5_SCAN_RESCHED ret=1 delay=20
DBG_DWM_MARK_UNCONFIGURED tag=initialise_radio prev_phy=0
DBG_ANCHOR_CH5_SCAN_HANDLER role=2
DBG_DWM_INVALIDATE tag=configure_radio_from_reset active_phy=2 configured=1 awake=0
DBG_CH9_SKIP_STALE n=1 now=176304 next=176738 cnt=1480745115 reason=rx-delay
DBG_CH5_SCAN_CAP next=374 reserve=35 win=339 enum=1 recovery=1
DBG_ANCHOR_CH5_SCAN_BLOCKED win=0 survey=0 tx=0 retry_gap=0 flood=1 wait=0 rx=0 rxq=0 rxr=0 ack=0 ch9=0 rf=1 retry=20 interval
DBG_ANCHOR_CH5_SCAN_RESCHED ret=1 delay=20
DBG_DWM_MARK_UNCONFIGURED tag=initialise_radio prev_phy=0
DBG_DWM_WAKE_MESH_CTRL_OK sfd=4073
DBG_C5_TX_CONFIG ret=0 ext=1 len=170 msg=40 reason=bounded-c5-flood
DBG_ANCHOR_CH5_SCAN_HANDLER role=2
DBG_CH5_SCAN_CAP next=350 reserve=35 win=315 enum=1 recovery=1
DBG_ANCHOR_CH5_SCAN_BLOCKED win=0 survey=0 tx=0 retry_gap=0 flood=1 wait=0 rx=0 rxq=0 rxr=0 ack=0 ch9=0 rf=1 retry=20 interval
DBG_ANCHOR_CH5_SCAN_RESCHED ret=1 delay=20
DBG_UWB_TX_CH5
DBG_DWM_INVALIDATE tag=configure_radio_from_reset active_phy=4 configured=1 awake=0
DBG_ANCHOR_CH5_SCAN_HANDLER role=2
DBG_CH5_SCAN_CAP next=329 reserve=35 win=294 enum=1 recovery=1
DBG_DWM_MARK_UNCONFIGURED tag=initialise_radio prev_phy=0
DBG_ANCHOR_CH5_SCAN_BLOCKED win=0 survey=0 tx=0 retry_gap=0 flood=1 wait=0 rx=0 rxq=0 rxr=0 ack=0 ch9=0 rf=1 retry=20 interval
DBG_ANCHOR_CH5_SCAN_RESCHED ret=1 delay=20
DBG_DWM_WAKE_MESH_CTRL_OK sfd=4073
DBG_ANCHOR_CH5_SCAN_HANDLER role=2
DBG_CH5_SCAN_CAP next=303 reserve=35 win=268 enum=1 recovery=1
DBG_ANCHOR_CH5_SCAN_BLOCKED win=0 survey=0 tx=0 retry_gap=0 flood=1 wait=0 rx=0 rxq=0 rxr=0 ack=0 ch9=0 rf=1 retry=20 interval
DBG_ANCHOR_CH5_SCAN_RESCHED ret=1 delay=20
DBG_DWM_INVALIDATE tag=configure_radio_from_reset active_phy=4 configured=1 awake=0
DBG_ANCHOR_CH5_SCAN_HANDLER role=2
DBG_CH5_SCAN_CAP next=273 reserve=35 win=238 enum=1 recovery=1
DBG_ANCHOR_CH5_SCAN_BLOCKED win=0 survey=0 tx=0 retry_gap=0 flood=1 wait=0 rx=0 rxq=0 rxr=0 ack=0 ch9=0 rf=1 retry=20 interval
DBG_ANCHOR_CH5_SCAN_RESCHED ret=1 delay=20
DBG_DWM_MARK_UNCONFIGURED tag=initialise_radio prev_phy=0
DBG_DWM_INVALIDATE tag=configure_radio_from_reset active_phy=2 configured=1 awake=0
DBG_ANCHOR_CH5_SCAN_HANDLER role=2
DBG_CH5_SCAN_CAP next=253 reserve=35 win=218 enum=1 recovery=1
DBG_ANCHOR_CH5_SCAN_BLOCKED win=0 survey=0 tx=0 retry_gap=0 flood=1 wait=0 rx=0 rxq=0 rxr=0 ack=0 ch9=0 rf=1 retry=20 interval
DBG_ANCHOR_CH5_SCAN_RESCHED ret=1 delay=20
DBG_DWM_MARK_UNCONFIGURED tag=initialise_radio prev_phy=0
DBG_DWM_WAKE_MESH_CTRL_OK sfd=4073
DBG_C5_TX_CONFIG ret=0 ext=1 len=170 msg=40 reason=bounded-c5-flood
DBG_ANCHOR_CH5_SCAN_HANDLER role=2
DBG_CH5_SCAN_CAP next=232 reserve=35 win=197 enum=1 recovery=1
DBG_ANCHOR_CH5_SCAN_BLOCKED win=0 survey=0 tx=0 retry_gap=0 flood=1 wait=0 rx=0 rxq=0 rxr=0 ack=0 ch9=0 rf=1 retry=20 interval
DBG_ANCHOR_CH5_SCAN_RESCHED ret=1 delay=20
DBG_UWB_TX_CH5
DBG_CH5_GAP_SCAN now=176454 win=100 next_delay=224
DBG_DWM_INVALIDATE tag=configure_radio_from_reset active_phy=4 configured=1 awake=0
DBG_ANCHOR_CH5_SCAN_HANDLER role=2
DBG_CH5_SCAN_CAP next=212 reserve=35 win=177 enum=1 recovery=1
DBG_ANCHOR_CH5_SCAN_BLOCKED win=0 survey=0 tx=0 retry_gap=0 flood=0 wait=0 rx=0 rxq=0 rxr=0 ack=0 ch9=0 rf=1 retry=20 interval
DBG_ANCHOR_CH5_SCAN_RESCHED ret=1 delay=20
DBG_DWM_MARK_UNCONFIGURED tag=initialise_radio prev_phy=0
DBG_ANCHOR_CH5_SCAN_HANDLER role=2
DBG_CH5_SCAN_CAP next=189 reserve=35 win=154 enum=1 recovery=1
DBG_ANCHOR_CH5_SCAN_BLOCKED win=0 survey=0 tx=0 retry_gap=0 flood=0 wait=0 rx=0 rxq=0 rxr=0 ack=0 ch9=0 rf=1 retry=20 interval
DBG_ANCHOR_CH5_SCAN_RESCHED ret=1 delay=20
DBG_ANCHOR_CH5_SCAN_HANDLER role=2
DBG_CH5_SCAN_CAP next=158 reserve=35 win=123 enum=1 recovery=1
DBG_ANCHOR_CH5_SCAN_BLOCKED win=0 survey=0 tx=0 retry_gap=0 flood=0 wait=0 rx=0 rxq=0 rxr=0 ack=0 ch9=0 rf=1 retry=20 interval
DBG_ANCHOR_CH5_SCAN_RESCHED ret=1 delay=20
DBG_ANCHOR_CH5_SCAN_HANDLER role=2
DBG_CH5_GAP_SCAN_DONE frames=0 last_error=0 now=176554 deadline=176554 click=0
DBG_DWM_KEEP_IDLE reason=mesh-rx ch9=1 ack=0 qack=0 ret=0
DBG_CH5_GAP_SCAN now=176555 win=63 next_delay=123
DBG_DWM_INVALIDATE tag=configure_radio_from_reset active_phy=2 configured=1 awake=1
DBG_CH5_SCAN_CAP next=127 reserve=35 win=92 enum=1 recovery=1
DBG_ANCHOR_CH5_SCAN_BLOCKED win=0 survey=0 tx=0 retry_gap=0 flood=0 wait=0 rx=0 rxq=0 rxr=0 ack=0 ch9=0 rf=1 retry=20 interval
DBG_ANCHOR_CH5_SCAN_RESCHED ret=1 delay=20
DBG_DWM_MARK_UNCONFIGURED tag=initialise_radio prev_phy=0
DBG_ANCHOR_CH5_SCAN_HANDLER role=2
DBG_CH5_SCAN_CAP next=100 reserve=35 win=65 enum=1 recovery=1
DBG_ANCHOR_CH5_SCAN_BLOCKED win=0 survey=0 tx=0 retry_gap=0 flood=0 wait=0 rx=0 rxq=0 rxr=0 ack=0 ch9=0 rf=1 retry=20 interval
DBG_ANCHOR_CH5_SCAN_RESCHED ret=1 delay=20
DBG_ANCHOR_CH5_SCAN_HANDLER role=2
DBG_CH5_SCAN_CAP next=69 reserve=35 win=34 enum=1 recovery=1
DBG_ANCHOR_CH5_SCAN_BLOCKED win=0 survey=0 tx=0 retry_gap=0 flood=0 wait=0 rx=0 rxq=0 rxr=0 ack=0 ch9=0 rf=1 retry=20 interval
DBG_CH5_GAP_SCAN_DONE frames=0 last_error=0 now=176619 deadline=176618 click=0
DBG_ANCHOR_CH5_SCAN_RESCHED ret=1 delay=20
DBG_DWM_KEEP_IDLE reason=mesh-rx ch9=1 ack=0 qack=0 ret=0
DBG_ANCHOR_CH5_SCAN_HANDLER role=2
DBG_ANCHOR_CH9_REARM delay=40 ret=1 ack=0
DBG_CH5_SCAN_CAP next=39 reserve=35 win=4 enum=1 recovery=1
DBG_ANCHOR_CH5_SCAN_BLOCKED win=0 survey=0 tx=0 retry_gap=0 flood=0 wait=0 rx=0 rxq=0 rxr=0 ack=0 ch9=1 rf=0 retry=285 interva
DBG_ANCHOR_CH5_SCAN_RESCHED ret=1 delay=285
DBG_CH9_RX_SLOT idx=0 cnt=1480745115 now=176679 start=176738 end=176858
DBG_CH9_EVENT_STATE state=granted peer=0x191a9619c6c8cb07 start=176738 end=176858 reason=rx-slot
DBG_CH9_RX_START idx=0 now=176679 start=176738 end=176858 tail=60
DBG_DWM_INVALIDATE tag=configure_radio_from_reset active_phy=2 configured=1 awake=1
DBG_DWM_MARK_UNCONFIGURED tag=initialise_radio prev_phy=0
DBG_CH9_RX_CONFIG_OK
DBG_CH9_RX_EARLY_ARM now=176700 start=176738 guard=60
DBG_CH9_RX_ARMED now=176700 start=176738 end=176858 deadline=176918
DBG_DWM_KEEP_IDLE reason=ch9-rx ch9=1 ack=0 qack=0 ret=0
DBG_CH9_RX_EMPTY
DBG_CH9_RX_TIMEOUT
DBG_CH9_RX_MISS frames=0 now=176919 start=176738 end=176858 fail=0
DBG_CH9_EVENT_STATE state=window_expired peer=0x191a9619c6c8cb07 start=176738 end=176858 reason=rx-slot
DBG_ANCHOR_CH5_SCAN_HANDLER role=2
DBG_CH5_SCAN_CAP next=1034 reserve=35 win=999 enum=1 recovery=1
DBG_ANCHOR_CH5_SCAN_ARM now=176924 win=999 complete=15 interval=380 wait=0 tx=0 response=0
DBG_DWM_INVALIDATE tag=configure_radio_from_reset active_phy=3 configured=1 awake=1
DBG_DWM_MARK_UNCONFIGURED tag=initialise_radio prev_phy=0
DBG_DWM_WAKE_MESH_CTRL_OK sfd=4073
DBG_DWM_CH5_RX_HUNT_START acq=999 complete=15 cap=1021
DBG_NC o=0000000000000004 g=00000004 w=00 e=0000003c s=00000005 q=0000>0004 r=00000000 f=00000024 t=00000000 p=00000000 a=00
DBG_NODE_COMM_SUBMIT handle=4 profile=3 token=17039392 deadline=217235
DBG_DISCOVERY_SLOT_RESPONSE phase=3 epoch=43516111 hash=0x84e5bb6fd3fa9660 hop=2 slot=1 attempt=1 ret=0
DBG_NODE_COMM_TX_BEGIN handle=4 profile=3 msg=65 dst=0x9999888877776666 seq=32
DBG_ANCHOR_CH5_SCAN_DONE ret=-140 len=0 fail=0 pre=0 q=0 rx_us=999000 complete=15
DBG_PROTOCOL_RESPONSE_RX_HANDOFF_READY abort=1 owner=5 seq=32
DBG_CH9_UNAVAIL ret=-10 sel=0 act=2 now=177238 start=177378 win=120
DBG_CH9_ROUTE_STATE epoch=104 selected=0
DBG_CH9_ROUTE_CAND i=0 epoch=104 next=0x191a9619c6c8cb07 hop=1 timing=1 fail=0 hold=0
DBG_CH9_ROUTE_CAND i=1 epoch=104 next=0x708bc0aab970300e hop=1 timing=0 fail=0 hold=0
DBG_CH9_ENTRY i=0 usable=1 cnt=1480745116 next=177378 last=167778 tx=1
DBG_NC o=0000000000000004 g=00000004 w=00 e=0000003f s=00000005 q=0004>0004 r=00000000 f=00000000 t=00000000 p=00000000 a=00
DBG_DWM_MARK_UNCONFIGURED tag=initialise_radio prev_phy=0
DBG_DWM_WAKE_MESH_CTRL_OK sfd=4073
DBG_DWM_CH5_RX_HUNT_START acq=43 complete=15 cap=1021
DBG_DWM_CH5_RX_HUNT_EMPTY ret=-116 status=0x00000000 acq=43
DBG_ENUM_CH5_YIELD_CH9 next=12 reserve=35
DBG_ANCHOR_CH5_SCAN_RESCHED ret=2 delay=0
DBG_ANCHOR_CH5_SCAN_HANDLER role=2
DBG_ANCHOR_CH9_REARM delay=11 ret=1 ack=0
DBG_ANCHOR_CH5_SCAN_BLOCKED win=0 survey=0 tx=0 retry_gap=0 flood=0 wait=0 rx=0 rxq=0 rxr=0 ack=0 ch9=1 rf=0 retry=11 interval
DBG_ANCHOR_CH5_SCAN_RESCHED ret=1 delay=11
DBG_NODE_COMM_TX_BEGIN handle=4 profile=3 msg=65 dst=0x9999888877776666 seq=32
DBG_PROTOCOL_RESPONSE_RX_HANDOFF_READY abort=0 owner=0 seq=32
DBG_CH9_TX_SINGLE_SLOT cnt=1480745116 now=177321 start=177378 end=177498 txstart=177393 seq=32
DBG_CH9_EVENT_STATE state=granted peer=0x191a9619c6c8cb07 start=177378 end=177498 reason=node-comm-reliable-uplink
DBG_CH9_EVENT_STATE state=tx_payload peer=0x191a9619c6c8cb07 start=177378 end=177498 reason=node-comm-reliable-uplink
DBG_COORD state=mesh-rx owner=node-comm-reliable-uplink reason=ch9-ack-wait rx=0 tx=0 relay=1 route=0 ack=1 qack=0
DBG_CH9_TX_PRE_GUARD_WAIT now=177321 guard=177368 earliest=177393 msg=41
DBG_ANCHOR_CH5_SCAN_HANDLER role=2
DBG_ANCHOR_CH5_SCAN_HANDLER role=2
DBG_ANCHOR_CH9_REARM delay=0 ret=-11 ack=0
DBG_ANCHOR_CH5_SCAN_BLOCKED win=0 survey=0 tx=1 retry_gap=0 flood=0 wait=0 rx=1 rxq=0 rxr=1 ack=1 ch9=1 rf=0 retry=20 interval
DBG_ANCHOR_CH5_SCAN_RESCHED ret=1 delay=20
DBG_ANCHOR_CH5_SCAN_HANDLER role=2
DBG_ANCHOR_CH9_REARM delay=0 ret=-11 ack=0
DBG_ANCHOR_CH5_SCAN_BLOCKED win=0 survey=0 tx=1 retry_gap=0 flood=0 wait=0 rx=1 rxq=0 rxr=1 ack=1 ch9=1 rf=0 retry=20 interval
DBG_ANCHOR_CH5_SCAN_RESCHED ret=1 delay=20
DBG_DWM_INVALIDATE tag=configure_radio_from_reset active_phy=4 configured=1 awake=1
DBG_ANCHOR_CH5_SCAN_HANDLER role=2
DBG_CH9_TX_CONFIG ret=0 now=177390 earliest=177393 msg=41
DBG_ANCHOR_CH5_SCAN_BLOCKED win=0 survey=0 tx=1 retry_gap=0 flood=0 wait=0 rx=1 rxq=0 rxr=1 ack=1 ch9=1 rf=1 retry=20 interval
DBG_ANCHOR_CH5_SCAN_RESCHED ret=1 delay=20
DBG_CH9_TX_SEND_AT now=177394 earliest=177393 msg=41 len=131
DBG_DWM_KEEP_IDLE reason=node-comm-reliable-uplink ch9=1 ack=0 qack=0 ret=0
DBG_UWB_TX_CH9
DBG_CH9_TX_SINGLE_SEND_OK
DBG_CH9_EVENT_STATE state=complete peer=0x191a9619c6c8cb07 start=177378 end=177498 reason=node-comm-reliable-uplink
DBG_CH9_ACK_WAIT_SELECT batch=0 core=1 state=1 ch=9 next=0x191a9619c6c8cb07
DBG_CH9_DELIVERY_WAIT peer=0x191a9619c6c8cb07 deadline=179402 reason=node-comm-reliable-uplink
DBG_NC o=0000000000000004 g=00000004 w=00 e=00000022 s=00000005 q=0004>0005 r=00000000 f=00000001 t=00000000 p=00000000 a=00
DBG_NODE_COMM_ATTEMPT handle=4 profile=3 attempt=1 ret=0 rf=1 scheduled=0 state=0
DBG_CH5_GAP_SCAN now=177403 win=100 next_delay=555
DBG_DWM_INVALIDATE tag=configure_radio_from_reset active_phy=3 configured=1 awake=1
DBG_ANCHOR_CH5_SCAN_HANDLER role=2
DBG_CH5_SCAN_CAP next=547 reserve=35 win=512 enum=1 recovery=1
DBG_ANCHOR_CH5_SCAN_BLOCKED win=0 survey=0 tx=1 retry_gap=0 flood=0 wait=0 rx=0 rxq=0 rxr=0 ack=1 ch9=0 rf=1 retry=20 interval
DBG_ANCHOR_CH5_SCAN_RESCHED ret=1 delay=20
DBG_ANCHOR_CH5_SCAN_HANDLER role=2
DBG_CH5_SCAN_CAP next=525 reserve=35 win=490 enum=1 recovery=1
DBG_ANCHOR_CH5_SCAN_BLOCKED win=0 survey=0 tx=1 retry_gap=0 flood=0 wait=0 rx=0 rxq=0 rxr=0 ack=1 ch9=0 rf=1 retry=20 interval
DBG_ANCHOR_CH5_SCAN_RESCHED ret=1 delay=20
DBG_ANCHOR_CH5_SCAN_HANDLER role=2
DBG_CH5_SCAN_CAP next=494 reserve=35 win=459 enum=1 recovery=1
DBG_ANCHOR_CH5_SCAN_BLOCKED win=0 survey=0 tx=1 retry_gap=0 flood=0 wait=0 rx=0 rxq=0 rxr=0 ack=1 ch9=0 rf=1 retry=20 interval
DBG_ANCHOR_CH5_SCAN_RESCHED ret=1 delay=20
DBG_ANCHOR_CH5_SCAN_HANDLER role=2
DBG_CH5_SCAN_CAP next=463 reserve=35 win=428 enum=1 recovery=1
DBG_CH5_GAP_SCAN_DONE frames=0 last_error=0 now=177503 deadline=177503 click=0
DBG_ANCHOR_CH5_SCAN_BLOCKED win=0 survey=0 tx=1 retry_gap=0 flood=0 wait=0 rx=0 rxq=0 rxr=0 ack=1 ch9=0 rf=1 retry=20 interval
DBG_ANCHOR_CH5_SCAN_RESCHED ret=1 delay=20
DBG_DWM_MARK_UNCONFIGURED tag=initialise_radio prev_phy=0
DBG_ANCHOR_CH5_SCAN_HANDLER role=2
DBG_CH5_SCAN_CAP next=432 reserve=35 win=397 enum=1 recovery=1
DBG_ANCHOR_CH5_SCAN_BLOCKED win=0 survey=0 tx=1 retry_gap=0 flood=0 wait=0 rx=0 rxq=0 rxr=0 ack=1 ch9=0 rf=1 retry=20 interval
DBG_ANCHOR_CH5_SCAN_RESCHED ret=1 delay=20
DBG_ANCHOR_CH5_SCAN_HANDLER role=2
DBG_CH5_SCAN_CAP next=401 reserve=35 win=366 enum=1 recovery=1
DBG_ANCHOR_CH5_SCAN_BLOCKED win=0 survey=0 tx=1 retry_gap=0 flood=0 wait=0 rx=0 rxq=0 rxr=0 ack=1 ch9=0 rf=1 retry=20 interval
DBG_ANCHOR_CH5_SCAN_RESCHED ret=1 delay=20
DBG_ANCHOR_CH5_SCAN_HANDLER role=2
DBG_CH5_SCAN_CAP next=370 reserve=35 win=335 enum=1 recovery=1
DBG_ANCHOR_CH5_SCAN_BLOCKED win=0 survey=0 tx=1 retry_gap=0 flood=0 wait=0 rx=0 rxq=0 rxr=0 ack=1 ch9=0 rf=1 retry=20 interval
DBG_ANCHOR_CH5_SCAN_RESCHED ret=1 delay=20
DBG_CH5_GAP_SCAN_DONE frames=0 last_error=0 now=177605 deadline=177604 click=0
DBG_DWM_KEEP_IDLE reason=mesh-rx ch9=1 ack=0 qack=0 ret=0
DBG_CH5_GAP_SCAN now=177606 win=100 next_delay=352
DBG_DWM_INVALIDATE tag=configure_radio_from_reset active_phy=2 configured=1 awake=1
DBG_ANCHOR_CH5_SCAN_HANDLER role=2
DBG_CH5_SCAN_CAP next=341 reserve=35 win=306 enum=1 recovery=1
DBG_ANCHOR_CH5_SCAN_BLOCKED win=0 survey=0 tx=1 retry_gap=0 flood=0 wait=0 rx=0 rxq=0 rxr=0 ack=1 ch9=0 rf=1 retry=20 interval
DBG_ANCHOR_CH5_SCAN_RESCHED ret=1 delay=20
DBG_DWM_MARK_UNCONFIGURED tag=initialise_radio prev_phy=0
DBG_ANCHOR_CH5_SCAN_HANDLER role=2
DBG_CH5_SCAN_CAP next=319 reserve=35 win=284 enum=1 recovery=1
DBG_ANCHOR_CH5_SCAN_BLOCKED win=0 survey=0 tx=1 retry_gap=0 flood=0 wait=0 rx=0 rxq=0 rxr=0 ack=1 ch9=0 rf=1 retry=20 interval
DBG_ANCHOR_CH5_SCAN_RESCHED ret=1 delay=20
DBG_ANCHOR_CH5_SCAN_HANDLER role=2
DBG_CH5_SCAN_CAP next=288 reserve=35 win=253 enum=1 recovery=1
DBG_ANCHOR_CH5_SCAN_BLOCKED win=0 survey=0 tx=1 retry_gap=0 flood=0 wait=0 rx=0 rxq=0 rxr=0 ack=1 ch9=0 rf=1 retry=20 interval
DBG_ANCHOR_CH5_SCAN_RESCHED ret=1 delay=20
DBG_ANCHOR_CH5_SCAN_HANDLER role=2
DBG_CH5_SCAN_CAP next=256 reserve=35 win=221 enum=1 recovery=1
DBG_CH5_GAP_SCAN_DONE frames=0 last_error=0 now=177707 deadline=177706 click=0
DBG_DWM_KEEP_IDLE reason=mesh-rx ch9=1 ack=0 qack=0 ret=0
DBG_CH5_GAP_SCAN now=177708 win=100 next_delay=250
DBG_DWM_INVALIDATE tag=configure_radio_from_reset active_phy=2 configured=1 awake=1
DBG_ANCHOR_CH5_SCAN_BLOCKED win=0 survey=0 tx=1 retry_gap=0 flood=0 wait=0 rx=0 rxq=0 rxr=0 ack=1 ch9=0 rf=1 retry=20 interval
DBG_ANCHOR_CH5_SCAN_RESCHED ret=1 delay=20
DBG_DWM_MARK_UNCONFIGURED tag=initialise_radio prev_phy=0
DBG_ANCHOR_CH5_SCAN_HANDLER role=2
DBG_CH5_SCAN_CAP next=227 reserve=35 win=192 enum=1 recovery=1
DBG_ANCHOR_CH5_SCAN_BLOCKED win=0 survey=0 tx=1 retry_gap=0 flood=0 wait=0 rx=0 rxq=0 rxr=0 ack=1 ch9=0 rf=1 retry=20 interval
DBG_ANCHOR_CH5_SCAN_RESCHED ret=1 delay=20
DBG_ANCHOR_CH5_SCAN_HANDLER role=2
DBG_CH5_SCAN_CAP next=196 reserve=35 win=161 enum=1 recovery=1
DBG_ANCHOR_CH5_SCAN_BLOCKED win=0 survey=0 tx=1 retry_gap=0 flood=0 wait=0 rx=0 rxq=0 rxr=0 ack=1 ch9=0 rf=1 retry=20 interval
DBG_ANCHOR_CH5_SCAN_RESCHED ret=1 delay=20
DBG_ANCHOR_CH5_SCAN_HANDLER role=2
DBG_CH5_SCAN_CAP next=165 reserve=35 win=130 enum=1 recovery=1
DBG_ANCHOR_CH5_SCAN_BLOCKED win=0 survey=0 tx=1 retry_gap=0 flood=0 wait=0 rx=0 rxq=0 rxr=0 ack=1 ch9=0 rf=1 retry=20 interval
DBG_ANCHOR_CH5_SCAN_RESCHED ret=1 delay=20
DBG_CH5_GAP_SCAN_DONE frames=0 last_error=0 now=177809 deadline=177808 click=0
DBG_DWM_KEEP_IDLE reason=mesh-rx ch9=1 ack=0 qack=0 ret=0
DBG_CH5_GAP_SCAN now=177810 win=88 next_delay=148
DBG_DWM_INVALIDATE tag=configure_radio_from_reset active_phy=2 configured=1 awake=1
DBG_ANCHOR_CH5_SCAN_HANDLER role=2
DBG_CH5_SCAN_CAP next=135 reserve=35 win=100 enum=1 recovery=1
DBG_DWM_MARK_UNCONFIGURED tag=initialise_radio prev_phy=0
DBG_ANCHOR_CH5_SCAN_BLOCKED win=0 survey=0 tx=1 retry_gap=0 flood=0 wait=0 rx=0 rxq=0 rxr=0 ack=1 ch9=0 rf=1 retry=20 interval
DBG_ANCHOR_CH5_SCAN_RESCHED ret=1 delay=20
DBG_ANCHOR_CH5_SCAN_HANDLER role=2
DBG_CH5_SCAN_CAP next=107 reserve=35 win=72 enum=1 recovery=1
DBG_ANCHOR_CH5_SCAN_BLOCKED win=0 survey=0 tx=1 retry_gap=0 flood=0 wait=0 rx=0 rxq=0 rxr=0 ack=1 ch9=0 rf=1 retry=20 interval
DBG_ANCHOR_CH5_SCAN_RESCHED ret=1 delay=20
DBG_ANCHOR_CH5_SCAN_HANDLER role=2
DBG_CH5_SCAN_CAP next=76 reserve=35 win=41 enum=1 recovery=1
DBG_ANCHOR_CH5_SCAN_BLOCKED win=0 survey=0 tx=1 retry_gap=0 flood=0 wait=0 rx=0 rxq=0 rxr=0 ack=1 ch9=0 rf=1 retry=20 interval
DBG_ANCHOR_CH5_SCAN_RESCHED ret=1 delay=20
DBG_CH5_GAP_SCAN_DONE frames=0 last_error=0 now=177899 deadline=177898 click=0
DBG_DWM_KEEP_IDLE reason=mesh-rx ch9=1 ack=0 qack=0 ret=0
DBG_ANCHOR_CH5_SCAN_HANDLER role=2
DBG_ANCHOR_CH9_REARM delay=46 ret=1 ack=0
DBG_CH5_SCAN_CAP next=46 reserve=35 win=11 enum=1 recovery=1
DBG_ANCHOR_CH5_SCAN_BLOCKED win=0 survey=0 tx=1 retry_gap=0 flood=0 wait=0 rx=0 rxq=0 rxr=0 ack=1 ch9=1 rf=0 retry=291 interva
DBG_ANCHOR_CH5_SCAN_RESCHED ret=1 delay=291
DBG_CH9_RX_SLOT idx=0 cnt=1480745117 now=177958 start=178018 end=178138
DBG_CH9_EVENT_STATE state=granted peer=0x191a9619c6c8cb07 start=178018 end=178138 reason=rx-slot
DBG_CH9_RX_START idx=0 now=177958 start=178018 end=178138 tail=60
DBG_DWM_INVALIDATE tag=configure_radio_from_reset active_phy=2 configured=1 awake=1
DBG_DWM_MARK_UNCONFIGURED tag=initialise_radio prev_phy=0
DBG_CH9_RX_CONFIG_OK
DBG_CH9_RX_EARLY_ARM now=177980 start=178018 guard=60
DBG_CH9_RX_ARMED now=177981 start=178018 end=178138 deadline=178198
DBG_CH9_RX_FRAME
DBG_UWB_RX_CH9
DBG_CH9_RX_HW since_us=56074 host_delta=22 en32=0x000f7378 rx32=0x00e5045d
DBG_CH9_RX_TIMING arm_delta=-37 hw_delta_us=19074 host_delta=22 len=121 q=100
DBG_UWB_RX_CH9
DBG_MESH_RX_QUEUED ch=9 msg=0x31 src=0x191a9619c6c8cb07 dst=0x56da25fe4af6d141 prev=0x191a9619c6c8cb07 seq=5 q=1
DBG_CH9_RX_EXPECTED delta=22 q=100
DBG_DWM_KEEP_IDLE reason=ch9-rx ch9=1 ack=0 qack=0 ret=0
DBG_CH9_RX_DONE_WITH_PEER
DBG_CH9_EVENT_STATE state=complete peer=0x191a9619c6c8cb07 start=178018 end=178138 reason=rx-slot
DBG_MESH_RX_WORK_WAIT q=1
DBG_MESH_RX_WORK_ENTER q=1
DBG_MESH_RX_DRAIN_ENTER owner=work q=1
DBG_DISCOVERY_SLOT_RESPONSE_TERMINAL phase=3 epoch=43516111 generation=43516117
DBG_NC o=0000000000000004 g=00000004 w=00 e=00000041 s=00000005 q=0005>0008 r=00000000 f=00000026 t=00000000 p=00000002 a=01
DBG_NODE_COMM_TERMINAL_BACKEND_RELEASE handle=4 reason=0 attempts=1 ret=-2 pending=0 outstanding=0 complete=1 failures=0
DBG_ENUM_NEXT_HOP_CUSTODY seq=32 parent=0x191a9619c6c8cb07
DBG_MESH_RX_DRAIN_EXIT owner=work handled=1 q=0
DBG_MESH_RX_WORK_EXIT handled=1 q=0
DBG_COORD state=idle owner=report-tx reason=idle rx=0 tx=0 relay=0 route=0 ack=0 qack=0
DBG_ANCHOR_CH5_SCAN_HANDLER role=2
DBG_CH5_SCAN_CAP next=1034 reserve=35 win=999 enum=1 recovery=1
DBG_ANCHOR_CH5_SCAN_ARM now=178204 win=999 complete=15 interval=380 wait=0 tx=0 response=0
DBG_DWM_MARK_UNCONFIGURED tag=initialise_radio prev_phy=0
DBG_DWM_WAKE_MESH_CTRL_OK sfd=4073
DBG_DWM_CH5_RX_HUNT_START acq=999 complete=15 cap=1021
DBG_DWM_CH5_RX_ACTIVITY_EXTEND ret=0 status=0x00000100 complete=15
DBG_DWM_CH5_RX_ACTIVITY_WAIT status=0x00000100 remain=15
DBG_DWM_CH5_RX_ACTIVITY_DONE raw=171 payload=169 status=0x00006f00 rearm=0 extended=1
DBG_ANCHOR_CH5_SCAN_DONE ret=0 len=169 fail=0 pre=1 q=100 rx_us=999000 complete=15
DBG_UWB_RX_CH5
DBG_ANCHOR_CH5_FRAME len=169 q=100 wake_ret=-5
DBG_ANCHOR_DIRECT_GATEWAY_CONTROL_IGNORED msg=0x40 seq=33 ttl=8 prev=0x9999888877776666
DBG_DWM_CH5_RX_HUNT_START acq=999 complete=15 cap=1021
DBG_DWM_CH5_RX_HUNT_EMPTY ret=-116 status=0x00000000 acq=999
DBG_CH9_SKIP_STALE n=1 now=179401 next=179298 cnt=1480745119 reason=rx-delay
DBG_ENUM_CH5_YIELD_CH9 next=0 reserve=35
DBG_ANCHOR_CH5_SCAN_DONE ret=-116 len=0 fail=1 pre=0 q=100 rx_us=1998877 complete=15
DBG_ANCHOR_CH5_POST_CH9_RECOVERY_SCAN win=999 ret=-116 pre=0
DBG_ANCHOR_CH5_SCAN_RESCHED ret=2 delay=0
DBG_ANCHOR_CH5_SCAN_HANDLER role=2
DBG_ANCHOR_CH9_REARM delay=0 ret=1 ack=0
DBG_ANCHOR_CH5_SCAN_BLOCKED win=0 survey=0 tx=0 retry_gap=0 flood=0 wait=0 rx=0 rxq=0 rxr=0 ack=0 ch9=1 rf=0 retry=1 interval=
DBG_ANCHOR_CH5_SCAN_RESCHED ret=1 delay=1
DBG_CH9_RX_SLOT idx=0 cnt=1480745119 now=179403 start=179298 end=179418
DBG_CH9_EVENT_STATE state=granted peer=0x191a9619c6c8cb07 start=179298 end=179418 reason=rx-slot
DBG_CH9_RX_START idx=0 now=179403 start=179298 end=179418 tail=60
DBG_DWM_INVALIDATE tag=configure_radio_from_reset active_phy=4 configured=1 awake=1
DBG_ANCHOR_CH5_SCAN_HANDLER role=2
DBG_ANCHOR_CH5_SCAN_RESCHED ret=1 delay=20
DBG_DWM_MARK_UNCONFIGURED tag=initialise_radio prev_phy=0
DBG_CH9_RX_CONFIG_OK
DBG_CH9_RX_EARLY_ARM now=179425 start=179298 guard=60
DBG_CH9_RX_ARMED now=179425 start=179298 end=179418 deadline=179478
DBG_ANCHOR_CH5_SCAN_HANDLER role=2
DBG_ANCHOR_CH5_SCAN_BLOCKED win=0 survey=0 tx=0 retry_gap=0 flood=0 wait=0 rx=0 rxq=0 rxr=0 ack=0 ch9=1 rf=1 retry=20 interval
DBG_ANCHOR_CH5_SCAN_RESCHED ret=1 delay=20
DBG_ANCHOR_CH5_SCAN_HANDLER role=2
DBG_ANCHOR_CH5_SCAN_BLOCKED win=0 survey=0 tx=0 retry_gap=0 flood=0 wait=0 rx=0 rxq=0 rxr=0 ack=0 ch9=1 rf=1 retry=20 interval
DBG_ANCHOR_CH5_SCAN_RESCHED ret=1 delay=20
DBG_DWM_KEEP_IDLE reason=ch9-rx ch9=1 ack=0 qack=0 ret=0
DBG_CH9_RX_EMPTY
DBG_CH9_RX_TIMEOUT
DBG_CH9_RX_MISS frames=0 now=179479 start=179298 end=179418 fail=0
DBG_CH9_EVENT_STATE state=window_expired peer=0x191a9619c6c8cb07 start=179298 end=179418 reason=rx-slot
DBG_ANCHOR_CH5_SCAN_HANDLER role=2
DBG_CH5_SCAN_CAP next=1035 reserve=35 win=1000 enum=1 recovery=1
DBG_ANCHOR_CH5_SCAN_ARM now=179483 win=1000 complete=15 interval=380 wait=0 tx=0 response=0
DBG_DWM_INVALIDATE tag=configure_radio_from_reset active_phy=3 configured=1 awake=1
DBG_DWM_MARK_UNCONFIGURED tag=initialise_radio prev_phy=0
DBG_DWM_WAKE_MESH_CTRL_OK sfd=4073
DBG_DWM_CH5_RX_HUNT_START acq=1000 complete=15 cap=1021
DBG_DWM_CH5_RX_HUNT_EMPTY ret=-116 status=0x00000000 acq=1000
DBG_CH9_SKIP_STALE n=1 now=180506 next=180578 cnt=1480745121 reason=rx-delay
DBG_ENUM_CH5_YIELD_CH9 next=12 reserve=35
DBG_ANCHOR_CH5_SCAN_DONE ret=-116 len=0 fail=1 pre=0 q=0 rx_us=1000854 complete=15
DBG_ANCHOR_CH5_POST_CH9_RECOVERY_SCAN win=1000 ret=-116 pre=0
DBG_ANCHOR_CH5_SCAN_RESCHED ret=2 delay=0
DBG_ANCHOR_CH5_SCAN_HANDLER role=2
DBG_ANCHOR_CH9_REARM delay=11 ret=1 ack=0
DBG_ANCHOR_CH5_SCAN_BLOCKED win=0 survey=0 tx=0 retry_gap=0 flood=0 wait=0 rx=0 rxq=0 rxr=0 ack=0 ch9=1 rf=0 retry=10 interval
DBG_ANCHOR_CH5_SCAN_RESCHED ret=1 delay=10
DBG_ANCHOR_CH5_SCAN_HANDLER role=2
DBG_ANCHOR_CH9_REARM delay=0 ret=1 ack=0
DBG_ANCHOR_CH5_SCAN_BLOCKED win=0 survey=0 tx=0 retry_gap=0 flood=0 wait=0 rx=0 rxq=0 rxr=0 ack=0 ch9=1 rf=0 retry=1 interval=
DBG_ANCHOR_CH5_SCAN_RESCHED ret=1 delay=1
DBG_CH9_RX_SLOT idx=0 cnt=1480745121 now=180519 start=180578 end=180698
DBG_CH9_EVENT_STATE state=granted peer=0x191a9619c6c8cb07 start=180578 end=180698 reason=rx-slot
DBG_CH9_RX_START idx=0 now=180519 start=180578 end=180698 tail=60
DBG_DWM_INVALIDATE tag=configure_radio_from_reset active_phy=4 configured=1 awake=1
DBG_ANCHOR_CH5_SCAN_HANDLER role=2
DBG_ANCHOR_CH5_SCAN_BLOCKED win=0 survey=0 tx=0 retry_gap=0 flood=0 wait=0 rx=0 rxq=0 rxr=0 ack=0 ch9=1 rf=1 retry=20 interval
DBG_ANCHOR_CH5_SCAN_RESCHED ret=1 delay=20
DBG_DWM_MARK_UNCONFIGURED tag=initialise_radio prev_phy=0
DBG_CH9_RX_CONFIG_OK
DBG_CH9_RX_EARLY_ARM now=180540 start=180578 guard=60
DBG_CH9_RX_ARMED now=180541 start=180578 end=180698 deadline=180758
DBG_ANCHOR_CH5_SCAN_HANDLER role=2
DBG_ANCHOR_CH5_SCAN_BLOCKED win=0 survey=0 tx=0 retry_gap=0 flood=0 wait=0 rx=0 rxq=0 rxr=0 ack=0 ch9=1 rf=1 retry=20 interval
DBG_ANCHOR_CH5_SCAN_RESCHED ret=1 delay=20
DBG_ANCHOR_CH5_SCAN_HANDLER role=2
DBG_ANCHOR_CH5_SCAN_BLOCKED win=0 survey=0 tx=0 retry_gap=0 flood=0 wait=0 rx=0 rxq=0 rxr=0 ack=0 ch9=1 rf=1 retry=20 interval
DBG_ANCHOR_CH5_SCAN_RESCHED ret=1 delay=20
DBG_ANCHOR_CH5_SCAN_HANDLER role=2
DBG_ANCHOR_CH5_SCAN_BLOCKED win=0 survey=0 tx=0 retry_gap=0 flood=0 wait=0 rx=0 rxq=0 rxr=0 ack=0 ch9=1 rf=1 retry=20 interval
DBG_ANCHOR_CH5_SCAN_RESCHED ret=1 delay=20
DBG_ANCHOR_CH5_SCAN_HANDLER role=2
DBG_ANCHOR_CH5_SCAN_BLOCKED win=0 survey=0 tx=0 retry_gap=0 flood=0 wait=0 rx=0 rxq=0 rxr=0 ack=0 ch9=1 rf=1 retry=20 interval
DBG_ANCHOR_CH5_SCAN_RESCHED ret=1 delay=20
DBG_ANCHOR_CH5_SCAN_HANDLER role=2
DBG_ANCHOR_CH5_SCAN_BLOCKED win=0 survey=0 tx=0 retry_gap=0 flood=0 wait=0 rx=0 rxq=0 rxr=0 ack=0 ch9=1 rf=1 retry=20 interval
DBG_ANCHOR_CH5_SCAN_RESCHED ret=1 delay=20
DBG_ANCHOR_CH5_SCAN_HANDLER role=2
DBG_ANCHOR_CH5_SCAN_BLOCKED win=0 survey=0 tx=0 retry_gap=0 flood=0 wait=0 rx=0 rxq=0 rxr=0 ack=0 ch9=1 rf=1 retry=20 interval
DBG_ANCHOR_CH5_SCAN_RESCHED ret=1 delay=20
DBG_ANCHOR_CH5_SCAN_HANDLER role=2
DBG_ANCHOR_CH5_SCAN_BLOCKED win=0 survey=0 tx=0 retry_gap=0 flood=0 wait=0 rx=0 rxq=0 rxr=0 ack=0 ch9=1 rf=1 retry=20 interval
DBG_ANCHOR_CH5_SCAN_RESCHED ret=1 delay=20
DBG_ANCHOR_CH5_SCAN_HANDLER role=2
DBG_ANCHOR_CH5_SCAN_BLOCKED win=0 survey=0 tx=0 retry_gap=0 flood=0 wait=0 rx=0 rxq=0 rxr=0 ack=0 ch9=1 rf=1 retry=20 interval
DBG_ANCHOR_CH5_SCAN_RESCHED ret=1 delay=20
DBG_DWM_KEEP_IDLE reason=ch9-rx ch9=1 ack=0 qack=0 ret=0
DBG_CH9_RX_EMPTY
DBG_CH9_RX_TIMEOUT
DBG_CH9_RX_MISS frames=0 now=180759 start=180578 end=180698 fail=0
DBG_CH9_EVENT_STATE state=window_expired peer=0x191a9619c6c8cb07 start=180578 end=180698 reason=rx-slot
DBG_ANCHOR_CH5_SCAN_HANDLER role=2
DBG_CH5_SCAN_CAP next=1025 reserve=35 win=990 enum=1 recovery=1
DBG_ANCHOR_CH5_SCAN_ARM now=180774 win=990 complete=15 interval=380 wait=0 tx=0 response=0
DBG_DWM_INVALIDATE tag=configure_radio_from_reset active_phy=3 configured=1 awake=1
DBG_DWM_MARK_UNCONFIGURED tag=initialise_radio prev_phy=0
DBG_DWM_WAKE_MESH_CTRL_OK sfd=4073
DBG_DWM_CH5_RX_HUNT_START acq=990 complete=15 cap=1021
DBG_DWM_CH5_RX_HUNT_EMPTY ret=-116 status=0x00000000 acq=990
DBG_CH9_SKIP_STALE n=1 now=181786 next=181858 cnt=1480745123 reason=rx-delay
DBG_ENUM_CH5_YIELD_CH9 next=12 reserve=35
DBG_ANCHOR_CH5_SCAN_DONE ret=-116 len=0 fail=1 pre=0 q=0 rx_us=990509 complete=15
DBG_ANCHOR_CH5_POST_CH9_RECOVERY_SCAN win=990 ret=-116 pre=0
DBG_ANCHOR_CH5_SCAN_RESCHED ret=2 delay=0
DBG_ANCHOR_CH5_SCAN_HANDLER role=2
DBG_ANCHOR_CH9_REARM delay=11 ret=1 ack=0
DBG_ANCHOR_CH5_SCAN_BLOCKED win=0 survey=0 tx=0 retry_gap=0 flood=0 wait=0 rx=0 rxq=0 rxr=0 ack=0 ch9=1 rf=0 retry=10 interval
DBG_ANCHOR_CH5_SCAN_RESCHED ret=1 delay=10
DBG_ANCHOR_CH5_SCAN_HANDLER role=2
DBG_ANCHOR_CH9_REARM delay=0 ret=1 ack=0
DBG_ANCHOR_CH5_SCAN_BLOCKED win=0 survey=0 tx=0 retry_gap=0 flood=0 wait=0 rx=0 rxq=0 rxr=0 ack=0 ch9=1 rf=0 retry=1 interval=
DBG_CH9_RX_SLOT idx=0 cnt=1480745123 now=181799 start=181858 end=181978
DBG_CH9_EVENT_STATE state=granted peer=0x191a9619c6c8cb07 start=181858 end=181978 reason=rx-slot
DBG_CH9_RX_START idx=0 now=181799 start=181858 end=181978 tail=60
DBG_DWM_INVALIDATE tag=configure_radio_from_reset active_phy=4 configured=1 awake=1
DBG_ANCHOR_CH5_SCAN_RESCHED ret=1 delay=1
DBG_ANCHOR_CH5_SCAN_HANDLER role=2
DBG_ANCHOR_CH5_SCAN_RESCHED ret=1 delay=20
DBG_DWM_MARK_UNCONFIGURED tag=initialise_radio prev_phy=0
DBG_CH9_RX_CONFIG_OK
DBG_CH9_RX_EARLY_ARM now=181820 start=181858 guard=60
DBG_CH9_RX_ARMED now=181821 start=181858 end=181978 deadline=182038
DBG_ANCHOR_CH5_SCAN_HANDLER role=2
DBG_ANCHOR_CH5_SCAN_BLOCKED win=0 survey=0 tx=0 retry_gap=0 flood=0 wait=0 rx=0 rxq=0 rxr=0 ack=0 ch9=1 rf=1 retry=20 interval
DBG_ANCHOR_CH5_SCAN_RESCHED ret=1 delay=20
DBG_ANCHOR_CH5_SCAN_HANDLER role=2
DBG_ANCHOR_CH5_SCAN_BLOCKED win=0 survey=0 tx=0 retry_gap=0 flood=0 wait=0 rx=0 rxq=0 rxr=0 ack=0 ch9=1 rf=1 retry=20 interval
DBG_ANCHOR_CH5_SCAN_RESCHED ret=1 delay=20
DBG_ANCHOR_CH5_SCAN_HANDLER role=2
DBG_ANCHOR_CH5_SCAN_BLOCKED win=0 survey=0 tx=0 retry_gap=0 flood=0 wait=0 rx=0 rxq=0 rxr=0 ack=0 ch9=1 rf=1 retry=20 interval
DBG_ANCHOR_CH5_SCAN_RESCHED ret=1 delay=20
DBG_ANCHOR_CH5_SCAN_HANDLER role=2
DBG_ANCHOR_CH5_SCAN_BLOCKED win=0 survey=0 tx=0 retry_gap=0 flood=0 wait=0 rx=0 rxq=0 rxr=0 ack=0 ch9=1 rf=1 retry=20 interval
DBG_ANCHOR_CH5_SCAN_RESCHED ret=1 delay=20
DBG_ANCHOR_CH5_SCAN_HANDLER role=2
DBG_ANCHOR_CH5_SCAN_BLOCKED win=0 survey=0 tx=0 retry_gap=0 flood=0 wait=0 rx=0 rxq=0 rxr=0 ack=0 ch9=1 rf=1 retry=20 interval
DBG_ANCHOR_CH5_SCAN_RESCHED ret=1 delay=20
DBG_ANCHOR_CH5_SCAN_HANDLER role=2
DBG_ANCHOR_CH5_SCAN_BLOCKED win=0 survey=0 tx=0 retry_gap=0 flood=0 wait=0 rx=0 rxq=0 rxr=0 ack=0 ch9=1 rf=1 retry=20 interval
DBG_ANCHOR_CH5_SCAN_RESCHED ret=1 delay=20
DBG_ANCHOR_CH5_SCAN_HANDLER role=2
DBG_ANCHOR_CH5_SCAN_BLOCKED win=0 survey=0 tx=0 retry_gap=0 flood=0 wait=0 rx=0 rxq=0 rxr=0 ack=0 ch9=1 rf=1 retry=20 interval
DBG_ANCHOR_CH5_SCAN_RESCHED ret=1 delay=20
DBG_ANCHOR_CH5_SCAN_HANDLER role=2
DBG_ANCHOR_CH5_SCAN_BLOCKED win=0 survey=0 tx=0 retry_gap=0 flood=0 wait=0 rx=0 rxq=0 rxr=0 ack=0 ch9=1 rf=1 retry=20 interval
DBG_ANCHOR_CH5_SCAN_RESCHED ret=1 delay=20
DBG_DWM_KEEP_IDLE reason=ch9-rx ch9=1 ack=0 qack=0 ret=0
DBG_CH9_RX_EMPTY
DBG_CH9_RX_TIMEOUT
DBG_CH9_RX_MISS frames=0 now=182039 start=181858 end=181978 fail=0
DBG_CH9_EVENT_STATE state=window_expired peer=0x191a9619c6c8cb07 start=181858 end=181978 reason=rx-slot
DBG_ANCHOR_CH5_SCAN_HANDLER role=2
DBG_CH5_SCAN_CAP next=1024 reserve=35 win=989 enum=1 recovery=1
DBG_ANCHOR_CH5_SCAN_ARM now=182054 win=989 complete=15 interval=380 wait=0 tx=0 response=0
DBG_DWM_INVALIDATE tag=configure_radio_from_reset active_phy=3 configured=1 awake=1
DBG_DWM_MARK_UNCONFIGURED tag=initialise_radio prev_phy=0
DBG_DWM_WAKE_MESH_CTRL_OK sfd=4073
DBG_DWM_CH5_RX_HUNT_START acq=989 complete=15 cap=1021
DBG_DWM_CH5_RX_ACTIVITY_EXTEND ret=0 status=0x00000100 complete=15
DBG_DWM_CH5_RX_ACTIVITY_WAIT status=0x00000100 remain=15
DBG_DWM_CH5_RX_ACTIVITY_DONE raw=171 payload=169 status=0x00006f00 rearm=0 extended=1
DBG_ANCHOR_CH5_SCAN_DONE ret=0 len=169 fail=0 pre=1 q=100 rx_us=989000 complete=15
DBG_UWB_RX_CH5
DBG_ANCHOR_CH5_FRAME len=169 q=100 wake_ret=-5
DBG_UWB_RX_CH5
DBG_MESH_RX_QUEUED ch=5 msg=0x40 src=0x9999888877776666 dst=0x0 prev=0x708bc0aab970300e seq=33 q=1
DBG_MESH_RX_DEFERRED q=1 msg=0x40
DBG_ANCHOR_CH5_POST_CH9_RECOVERY_SCAN win=989 ret=0 pre=1
DBG_ANCHOR_MESH_RX_HANDOFF_DEFERRED q=1 delay=380 rf=0
DBG_MESH_RX_WORK_WAIT q=1
DBG_MESH_RX_WORK_ENTER q=1
DBG_MESH_RX_DRAIN_ENTER owner=work q=1
DBG_C5_CONTACT phase=closing state=4 peer=0x708bc0aab970300e purpose=gateway_command_flood reason=expired
DBG_C5_CONTACT phase=open state=2 peer=0x708bc0aab970300e purpose=gateway_command_flood reason=c5-control-rx
DBG_C5_CONTACT phase=accepted state=2 peer=0x708bc0aab970300e purpose=gateway_command_flood reason=c5-control-rx
DBG_DWM_INVALIDATE tag=configure_radio_from_reset active_phy=4 configured=1 awake=1
DBG_DWM_MARK_UNCONFIGURED tag=initialise_radio prev_phy=0
DBG_ANCHOR_CH5_SCAN_HANDLER role=2
DBG_DWM_INVALIDATE tag=configure_radio_from_reset active_phy=2 configured=1 awake=0
DBG_CH5_SCAN_CAP next=892 reserve=35 win=857 enum=1 recovery=0
DBG_ANCHOR_CH5_SCAN_BLOCKED win=0 survey=0 tx=0 retry_gap=0 flood=0 wait=0 rx=0 rxq=0 rxr=0 ack=0 ch9=0 rf=1 retry=20 interval
DBG_ANCHOR_CH5_SCAN_RESCHED ret=1 delay=20
DBG_DWM_MARK_UNCONFIGURED tag=initialise_radio prev_phy=0
DBG_DWM_WAKE_MESH_CTRL_OK sfd=4073
DBG_C5_TX_CONFIG ret=0 ext=1 len=169 msg=40 reason=bounded-c5-flood
DBG_ANCHOR_CH5_SCAN_HANDLER role=2
DBG_CH5_SCAN_CAP next=869 reserve=35 win=834 enum=1 recovery=0
DBG_ANCHOR_CH5_SCAN_BLOCKED win=0 survey=0 tx=0 retry_gap=0 flood=0 wait=0 rx=0 rxq=0 rxr=0 ack=0 ch9=0 rf=1 retry=20 interval
DBG_ANCHOR_CH5_SCAN_RESCHED ret=1 delay=20
DBG_UWB_TX_CH5
DBG_DWM_INVALIDATE tag=configure_radio_from_reset active_phy=4 configured=1 awake=0
DBG_ANCHOR_CH5_SCAN_HANDLER role=2
DBG_CH5_SCAN_CAP next=848 reserve=35 win=813 enum=1 recovery=0
DBG_ANCHOR_CH5_SCAN_BLOCKED win=0 survey=0 tx=0 retry_gap=0 flood=0 wait=0 rx=0 rxq=0 rxr=0 ack=0 ch9=0 rf=1 retry=20 interval
DBG_DWM_MARK_UNCONFIGURED tag=initialise_radio prev_phy=0
DBG_ANCHOR_CH5_SCAN_RESCHED ret=1 delay=20
DBG_DWM_WAKE_MESH_CTRL_OK sfd=4073
DBG_ANCHOR_CH5_SCAN_HANDLER role=2
DBG_CH5_SCAN_CAP next=823 r