215158.745 [0] DBG_STACK_BOOT preset=mesh_anchor build=imec-stack-v1:mesh_anchor:6ed9e8e217677f603abb961aecc8e7b9eaeb5eea121ce83e4c7576c6573348b6 epoch=8738051580048120749 uptime=254
215158.745 [0] mesh node identity: ficr=0x888f75291076e82f node=0xc1c2306a5138ab2d preset=mesh_anchor
215158.745 [0] DBG_DIRECT_GW_PROBE_BOOT resetreas=0x00000000 phase=4 attempt=3 seq=6 at=36702
215158.745 [0] DBG_NODE_COMM_BOOT stage=init ret=0 running=1 uptime=1261
215158.745 [0] DBG_BOOT_ANCHOR_ROLE_BEGIN
215158.745 [0] DBG_ANCHOR_BLE_DISABLED
215158.745 [0] DBG_ANCHOR_CH5_SCAN_WQ_STARTED
215158.745 [0] DBG_ANCHOR_CH5_SCAN_RESCHED ret=1 delay=0
215158.745 [0] DBG_ANCHOR_CH5_SCAN_SCHEDULED startup=0 interval=380 win=5
215158.745 [0] DBG_BOOT_ANCHOR_ROLE_DONE
215158.745 [0] DBG_BOOT_MESH_RX_ANCHOR_LOW_DUTY_OWNER
215158.745 [0] DBG_BOOT_MESH_TEST_BEGIN
215158.745 [0] DBG_BOOT_MESH_TEST_DONE
215158.745 [0] DBG_ANCHOR_CH5_SCAN_HANDLER role=2
215158.745 [0] DBG_ANCHOR_CH5_SCAN_ARM now=1266 win=5 complete=15 interval=380 wait=0 tx=0 response=0
215158.745 [0] DBG_DWM_INVALIDATE tag=configure_radio_from_reset active_phy=0 configured=0 awake=0
215158.745 [0] DBG_DWM_MARK_UNCONFIGURED tag=initialise_radio prev_phy=0
215158.745 [0] DBG_DWM_CH5_RX_HUNT_START acq=5 complete=1000 cap=1020
215158.751 [1] *** Booting nRF Connect SDK v2.9.0-7787b2649840 ***
215158.751 [1] *** Using Zephyr OS v3.7.99-1f8f3dc29142 ***
215158.887 [0] DBG_ANCHOR_CH5_SCAN_HANDLER role=2
215158.908 [0] DBG_DWM_CH5_RX_HUNT_START acq=5 complete=1000 cap=1020
215158.908 [0] DBG_DWM_CH5_RX_HUNT_EMPTY s=2071 e=2077 sys=00000000 phy=2 state=110 cyc=67894 rx_us=5279
215158.908 [0] DBG_ANCHOR_CH5_SCAN_RESCHED ret=1 delay=380
215159.292 [0] DBG_ANCHOR_CH5_SCAN_HANDLER role=2
215159.292 [0] DBG_ANCHOR_CH5_SCAN_ARM now=2458 win=5 complete=15 interval=380 wait=0 tx=0 response=0
215159.292 [0] DBG_DWM_CH5_RX_HUNT_START acq=5 complete=1000 cap=1020
215159.292 [0] DBG_DWM_CH5_RX_HUNT_EMPTY s=2464 e=2469 sys=00000000 phy=2 state=110 cyc=80765 rx_us=5279
215159.292 [0] DBG_ANCHOR_CH5_SCAN_DONE ret=-116 len=0 fail=1 pre=0 q=0 rx_us=5798 complete=1000
215159.292 [0] DBG_ANCHOR_CH5_SCAN_RESCHED ret=1 delay=380
215159.682 [0] DBG_ANCHOR_CH5_SCAN_HANDLER role=2
215159.682 [0] DBG_DWM_CH5_RX_HUNT_START acq=5 complete=1000 cap=1020
215159.682 [0] DBG_DWM_CH5_RX_HUNT_EMPTY s=2857 e=2862 sys=00000000 phy=2 state=110 cyc=93639 rx_us=5279
215159.709 [0] DBG_ANCHOR_CH5_SCAN_RESCHED ret=1 delay=380
215159.709 [0] DBG_STACK_RUN_BEGIN epoch=8738051580048120749 run=1 kind=anchor_scan owner=anchor_uwb_scan queue=0 custody=0 credit=0 retry=0 drain=0 src=13961775027989293869 dst=11068027678940948070 session=0 seq=0 type=48 sequence=0 previous=0 uptime=2871
215159.709 [0] DBG_STACK_SAMPLE_BEGIN epoch=8738051580048120749 run=1 sample=1 kind=anchor_scan owner=anchor_uwb_scan queue=0 custody=0 credit=0 retry=0 drain=0 src=13961775027989293869 dst=11068027678940948070 session=0 seq=0 type=48 uptime=2871
215159.709 [0] DBG_STACK_ISR_CONFIG size=8192 run=1 sample=1
215159.709 [0] DBG_STACK name=anchor_uwb_scan tid=0x2000cb10 used=2032 free=7952 size=9984 ret=0 run=1 sample=1
215159.709 [0] DBG_STACK name=mesh_route tid=0x2000b140 used=724 free=8748 size=9472 ret=0 run=1 sample=1
215159.709 [0] DBG_STACK name=sysworkq tid=0x2000da88 used=764 free=4612 size=5376 ret=0 run=1 sample=1
215159.709 [0] DBG_STACK name=logging tid=0x2000cfc8 used=480 free=1568 size=2048 ret=0 run=1 sample=1
215159.709 [0] DBG_STACK name=idle tid=0x2000d858 used=64 free=256 size=320 ret=0 run=1 sample=1
215159.733 [0] DBG_STACK_SAMPLE_END run=1 sample=1
215159.733 [0] DBG_STACK_RUN_END epoch=8738051580048120749 run=1 kind=anchor_scan owner=anchor_uwb_scan outcome=ack queue=0 custody=0 credit=0 retry=0 drain=0 src=13961775027989293869 dst=11068027678940948070 session=0 seq=0 type=48 samples=1 attempts=1 errors=0 last_error=0 mutex_drops=2 short_drops=8 sequence=0 previous=0 uptime=2893
215160.067 [0] DBG_ANCHOR_CH5_SCAN_HANDLER role=2
215160.088 [0] DBG_DWM_CH5_RX_HUNT_START acq=5 complete=1000 cap=1020
215160.088 [0] DBG_DWM_CH5_RX_HUNT_EMPTY s=3250 e=3255 sys=00000000 phy=2 state=110 cyc=106507 rx_us=5279
215160.088 [0] DBG_ANCHOR_CH5_SCAN_RESCHED ret=1 delay=380
215160.464 [0] DBG_ANCHOR_CH5_SCAN_HANDLER role=2
215160.464 [0] DBG_ANCHOR_CH5_SCAN_ARM now=3637 win=5 complete=15 interval=380 wait=0 tx=0 response=0
215160.464 [0] DBG_DWM_CH5_RX_HUNT_START acq=5 complete=1000 cap=1020
215160.486 [0] DBG_DWM_CH5_RX_HUNT_EMPTY s=3643 e=3648 sys=00000000 phy=2 state=110 cyc=119380 rx_us=5279
215160.486 [0] DBG_ANCHOR_CH5_SCAN_DONE ret=-116 len=0 fail=1 pre=0 q=0 rx_us=5798 complete=1000
215160.486 [0] DBG_ANCHOR_CH5_SCAN_RESCHED ret=1 delay=380
215160.872 [0] DBG_ANCHOR_CH5_SCAN_HANDLER role=2
215160.872 [0] DBG_DWM_CH5_RX_HUNT_START acq=5 complete=1000 cap=1020
215160.872 [0] DBG_DWM_CH5_RX_ACTIVITY_EXTEND ret=0 status=0x00000100 complete=1000
215160.872 [0] DBG_DWM_CH5_RX_ACTIVITY_WAIT status=0x00000100 remain=1000
215160.872 [0] DBG_DWM_CH5_RX_ACTIVITY_DONE raw=76 payload=74 status=0x00006f00 rearm=0 extended=1
215160.872 [0] DBG_ANCHOR_CH5_SCAN_DONE ret=0 len=74 fail=0 pre=1 q=100 rx_us=7934 complete=1000
215160.872 [0] DBG_UWB_RX_CH5
215160.872 [0] DBG_ANCHOR_CH5_FRAME len=74 q=100 wake_ret=0
215160.872 [0] DBG_ANCHOR_ROUTE_WAKE_DISPATCH src=0x9999888877776666 evt=4331 attempt=1 flags=0x92 len=74 q=100
215160.872 [0] DBG_C5_CONTACT phase=open state=2 peer=0x9999888877776666 purpose=route_solicit reason=wake-claim
215160.872 [0] DBG_C5_CONTACT phase=accepted state=2 peer=0x9999888877776666 purpose=route_solicit reason=wake-claim
215160.872 [0] DBG_ROUTE_ACTIVATION_LISTEN valid=1 now=4045 start=6777 relay=8277 listen=4232
215160.872 [0] DBG_ANCHOR_ROUTE_WAKE_HANDOFF src=0x9999888877776666 evt=4331 attempt=1 flags=0x92 embedded=0 hop=0 listen=4232
215160.872 [0] DBG_ROUTE_REPLY_LISTEN_START
215160.911 [0] DBG_STACK_RUN_BEGIN epoch=8738051580048120749 run=2 kind=anchor_scan owner=anchor_uwb_scan queue=0 custody=0 credit=0 retry=0 drain=0 src=13961775027989293869 dst=11068027678940948070 session=0 seq=0 type=48 sequence=0 previous=0 uptime=4049
215160.911 [0] DBG_STACK_SAMPLE_BEGIN epoch=8738051580048120749 run=2 sample=2 kind=anchor_scan owner=anchor_uwb_scan queue=0 custody=0 credit=0 retry=0 drain=0 src=13961775027989293869 dst=11068027678940948070 session=0 seq=0 type=48 uptime=4056
215160.911 [0] DBG_STACK_ISR_CONFIG size=8192 run=2 sample=2
215160.911 [0] DBG_STACK name=anchor_uwb_scan tid=0x2000cb10 used=2320 free=7664 size=9984 ret=0 run=2 sample=2
215160.911 [0] DBG_STACK name=mesh_route tid=0x2000b140 used=724 free=8748 size=9472 ret=0 run=2 sample=2
215160.911 [0] DBG_STACK name=sysworkq tid=0x2000da88 used=764 free=4612 size=5376 ret=0 run=2 sample=2
215160.911 [0] DBG_STACK name=logging tid=0x2000cfc8 used=480 free=1568 size=2048 ret=0 run=2 sample=2
215160.911 [0] DBG_STACK name=idle tid=0x2000d858 used=64 free=256 size=320 ret=0 run=2 sample=2
215160.911 [0] DBG_STACK_SAMPLE_END run=2 sample=2
215160.956 [0] DBG_STACK_RUN_END epoch=8738051580048120749 run=2 kind=anchor_scan owner=anchor_uwb_scan outcome=ack queue=0 custody=0 credit=0 retry=0 drain=0 src=13961775027989293869 dst=11068027678940948070 session=0 seq=0 type=48 samples=1 attempts=1 errors=0 last_error=0 mutex_drops=2 short_drops=10 sequence=0 previous=0 uptime=4061
215160.956 [0] DBG_DWM_CH5_RX_ACTIVITY_DONE raw=76 payload=74 status=0x00006f00 rearm=0 extended=1
215160.956 [0] DBG_C5_CONTACT phase=accepted state=2 peer=0x9999888877776666 purpose=route_solicit reason=wake-claim
215160.956 [0] DBG_DWM_INVALIDATE tag=configure_radio_from_reset active_phy=2 configured=1 awake=1
215160.956 [0] DBG_DWM_MARK_UNCONFIGURED tag=initialise_radio prev_phy=0
215160.956 [0] DBG_DWM_PHY_SWITCH from=2 to=4 fast=0 us=18982
215160.956 [0] DBG_DWM_WAKE_MESH_CTRL_OK sfd=1033
215160.956 [0] DBG_ROUTE_REPLY_CLICK_PROBE_DONE duration_ms=47 outcome=activation ret=0
215160.956 [0] DBG_ROUTE_REPLY_ACTIVATION_RETAIN
215160.956 [0] DBG_DWM_INVALIDATE tag=configure_radio_from_reset active_phy=4 configured=1 awake=1
215160.999 [0] DBG_DWM_MARK_UNCONFIGURED tag=initialise_radio prev_phy=0
215160.999 [0] DBG_DWM_PHY_SWITCH from=4 to=2 fast=0 us=18982
215160.999 [0] DBG_DWM_CH5_RX_HUNT_START acq=61 complete=1000 cap=1020
215160.999 [0] DBG_DWM_CH5_RX_ACTIVITY_EXTEND ret=0 status=0x00000100 complete=1000
215160.999 [0] DBG_DWM_CH5_RX_ACTIVITY_WAIT status=0x00000100 remain=1000
215160.999 [0] DBG_DWM_CH5_RX_ACTIVITY_DONE raw=76 payload=74 status=0x00006f00 rearm=0 extended=1
215160.999 [0] DBG_C5_CONTACT phase=accepted state=2 peer=0x9999888877776666 purpose=route_solicit reason=wake-claim
215160.999 [0] DBG_DWM_INVALIDATE tag=configure_radio_from_reset active_phy=2 configured=1 awake=1
215160.999 [0] DBG_DWM_MARK_UNCONFIGURED tag=initialise_radio prev_phy=0
215160.999 [0] DBG_DWM_PHY_SWITCH from=2 to=4 fast=0 us=18982
215160.999 [0] DBG_DWM_WAKE_MESH_CTRL_OK sfd=1033
215160.999 [0] DBG_ROUTE_REPLY_CLICK_PROBE_DONE duration_ms=43 outcome=activation ret=0
215160.999 [0] DBG_ROUTE_REPLY_ACTIVATION_RETAIN
215160.999 [0] DBG_DWM_INVALIDATE tag=configure_radio_from_reset active_phy=4 configured=1 awake=1
215161.042 [0] DBG_DWM_MARK_UNCONFIGURED tag=initialise_radio prev_phy=0
215161.042 [0] DBG_DWM_PHY_SWITCH from=4 to=2 fast=0 us=18982
215161.042 [0] DBG_DWM_CH5_RX_HUNT_START acq=61 complete=1000 cap=1020
215161.042 [0] DBG_DWM_CH5_RX_ACTIVITY_EXTEND ret=0 status=0x00000100 complete=1000
215161.042 [0] DBG_DWM_CH5_RX_ACTIVITY_WAIT status=0x00000100 remain=1000
215161.042 [0] DBG_DWM_CH5_RX_ACTIVITY_DONE raw=76 payload=74 status=0x00006f00 rearm=0 extended=1
215161.042 [0] DBG_C5_CONTACT phase=accepted state=2 peer=0x9999888877776666 purpose=route_solicit reason=wake-claim
215161.042 [0] DBG_DWM_INVALIDATE tag=configure_radio_from_reset active_phy=2 configured=1 awake=1
215161.042 [0] DBG_DWM_MARK_UNCONFIGURED tag=initialise_radio prev_phy=0
215161.042 [0] DBG_DWM_PHY_SWITCH from=2 to=4 fast=0 us=18982
215161.042 [0] DBG_DWM_WAKE_MESH_CTRL_OK sfd=1033
215161.042 [0] DBG_ROUTE_REPLY_CLICK_PROBE_DONE duration_ms=42 outcome=activation ret=0
215161.042 [0] DBG_ROUTE_REPLY_ACTIVATION_RETAIN
215161.042 [0] DBG_DWM_INVALIDATE tag=configure_radio_from_reset active_phy=4 configured=1 awake=1
215161.087 [0] DBG_DWM_MARK_UNCONFIGURED tag=initialise_radio prev_phy=0
215161.087 [0] DBG_DWM_PHY_SWITCH from=4 to=2 fast=0 us=18982
215161.087 [0] DBG_DWM_CH5_RX_HUNT_START acq=61 complete=1000 cap=1020
215161.087 [0] DBG_DWM_CH5_RX_ACTIVITY_EXTEND ret=0 status=0x00000100 complete=1000
215161.087 [0] DBG_DWM_CH5_RX_ACTIVITY_WAIT status=0x00000100 remain=1000
215161.087 [0] DBG_DWM_CH5_RX_ACTIVITY_DONE raw=76 payload=74 status=0x00006f00 rearm=0 extended=1
215161.087 [0] DBG_C5_CONTACT phase=accepted state=2 peer=0x9999888877776666 purpose=route_solicit reason=wake-claim
215161.087 [0] DBG_DWM_INVALIDATE tag=configure_radio_from_reset active_phy=2 configured=1 awake=1
215161.087 [0] DBG_DWM_MARK_UNCONFIGURED tag=initialise_radio prev_phy=0
215161.087 [0] DBG_DWM_PHY_SWITCH from=2 to=4 fast=0 us=18951
215161.087 [0] DBG_DWM_WAKE_MESH_CTRL_OK sfd=1033
215161.087 [0] DBG_ROUTE_REPLY_CLICK_PROBE_DONE duration_ms=43 outcome=activation ret=0
215161.087 [0] DBG_ROUTE_REPLY_ACTIVATION_RETAIN
215161.087 [0] DBG_DWM_INVALIDATE tag=configure_radio_from_reset active_phy=4 configured=1 awake=1
215161.130 [0] DBG_DWM_MARK_UNCONFIGURED tag=initialise_radio prev_phy=0
215161.130 [0] DBG_DWM_PHY_SWITCH from=4 to=2 fast=0 us=19195
215161.130 [0] DBG_DWM_CH5_RX_HUNT_START acq=61 complete=1000 cap=1020
215161.130 [0] DBG_DWM_CH5_RX_ACTIVITY_EXTEND ret=0 status=0x00000100 complete=1000
215161.130 [0] DBG_DWM_CH5_RX_ACTIVITY_WAIT status=0x00000100 remain=1000
215161.130 [0] DBG_DWM_CH5_RX_ACTIVITY_DONE raw=76 payload=74 status=0x00006f00 rearm=0 extended=1
215161.130 [0] DBG_C5_CONTACT phase=accepted state=2 peer=0x9999888877776666 purpose=route_solicit reason=wake-claim
215161.130 [0] DBG_DWM_INVALIDATE tag=configure_radio_from_reset active_phy=2 configured=1 awake=1
215161.130 [0] DBG_DWM_MARK_UNCONFIGURED tag=initialise_radio prev_phy=0
215161.130 [0] DBG_DWM_PHY_SWITCH from=2 to=4 fast=0 us=19195
215161.130 [0] DBG_DWM_WAKE_MESH_CTRL_OK sfd=1033
215161.130 [0] DBG_ROUTE_REPLY_CLICK_PROBE_DONE duration_ms=43 outcome=activation ret=0
215161.130 [0] DBG_ROUTE_REPLY_ACTIVATION_RETAIN
215163.725 [0] DBG_ROUTE_REPLY_RX_FRAME
215163.725 [0] DBG_GATEWAY_ROUTE_ADV_RX
215163.725 [0] DBG_UWB_RX_CH5
215163.725 [0] DBG_MESH_RX_QUEUED ch=5 msg=0x3c src=0x9999888877776666 dst=0x0 prev=0x9999888877776666 seq=2 q=1
215163.725 [0] DBG_ROUTE_ADV_QUEUED q=1 prev=0x9999888877776666 seq=2
215163.725 [0] DBG_MESH_RX_DEFERRED q=1 msg=0x3c
215163.725 [0] DBG_C5_GATEWAY_OPERATION_RETAINED msg=0x3c seq=2 click_waiting=0
215163.775 [0] DBG_COORD state=mesh-rx owner=uwb-rx reason=mesh-rx rx=1 tx=0 relay=0 route=0 ack=0 qack=0
215163.775 [0] DBG_ANCHOR_MESH_RX_YIELD reason=anchor-low-duty-ch5-owner ch9=0 delay=0 scan_int=380 scan_win=5 wait=0 q=1
215163.775 [0] DBG_MESH_RX_WORK_WAIT q=1
215163.775 [0] DBG_MESH_RX_WORK_ENTER q=1
215163.775 [0] DBG_MESH_RX_DRAIN_ENTER owner=work q=1
215163.775 [0] DBG_RX_HANDLE msg=0x3c act=0x20040001 st=0 q=0 sel=1 next=0x9999888877776666 hop=0
215163.775 [0] DBG_C5_CONTACT phase=closing state=4 peer=0x9999888877776666 purpose=route_solicit reason=replace
215163.775 [0] DBG_C5_CONTACT phase=open state=2 peer=0x9999888877776666 purpose=route_contact_refresh reason=c5-control-rx
215163.775 [0] DBG_C5_CONTACT phase=accepted state=2 peer=0x9999888877776666 purpose=route_contact_refresh reason=c5-control-rx
215163.775 [0] DBG_ANCHOR_ROUTE_WAKE_DISPATCH_DONE handled=1 len=74 q=100
215163.775 [0] DBG_ANCHOR_CH5_SCAN_RESCHED ret=1 delay=20
215163.775 [0] DBG_ANCHOR_CH5_SCAN_HANDLER role=2
215163.775 [0] DBG_ANCHOR_CH5_SCAN_BLOCKED win=0 tx=0 retry_gap=0 flood=1 wait=0 rx=0 rxq=0 rxr=0 ack=0 ch9=0 rf=0 retry=5 interval=380
215163.775 [0] DBG_SCAN_SKIPPED reason=blocked
215163.775 [0] DBG_ANCHOR_CH5_SCAN_HANDLER role=2
215163.817 [0] DBG_ANCHOR_CH5_SCAN_HANDLER role=2
215163.817 [0] DBG_ANCHOR_CH5_SCAN_BLOCKED win=0 tx=0 retry_gap=0 flood=1 wait=0 rx=0 rxq=0 rxr=0 ack=0 ch9=0 rf=0 retry=5 interval=380
215163.817 [0] DBG_SCAN_SKIPPED reason=blocked
215163.817 [0] DBG_ANCHOR_CH5_SCAN_RESCHED ret=1 delay=5
215163.817 [0] DBG_ANCHOR_CH5_SCAN_HANDLER role=2
215163.817 [0] DBG_ANCHOR_CH5_SCAN_BLOCKED win=0 tx=0 retry_gap=0 flood=1 wait=0 rx=0 rxq=0 rxr=0 ack=0 ch9=0 rf=0 retry=5 interval=380
215163.817 [0] DBG_SCAN_SKIPPED reason=blocked
215163.817 [0] DBG_ANCHOR_CH5_SCAN_RESCHED ret=1 delay=5
215163.817 [0] DBG_ANCHOR_CH5_SCAN_HANDLER role=2
215163.817 [0] DBG_ANCHOR_CH5_SCAN_BLOCKED win=0 tx=0 retry_gap=0 flood=1 wait=0 rx=0 rxq=0 rxr=0 ack=0 ch9=0 rf=0 retry=5 interval=380
215163.817 [0] DBG_SCAN_SKIPPED reason=blocked
215163.817 [0] DBG_ANCHOR_CH5_SCAN_RESCHED ret=1 delay=5
215163.817 [0] DBG_ANCHOR_CH5_SCAN_HANDLER role=2
215163.817 [0] DBG_ANCHOR_CH5_SCAN_BLOCKED win=0 tx=0 retry_gap=0 flood=1 wait=0 rx=0 rxq=0 rxr=0 ack=0 ch9=0 rf=0 retry=5 interval=380
215163.817 [0] DBG_SCAN_SKIPPED reason=blocked
215163.817 [0] DBG_ANCHOR_CH5_SCAN_RESCHED ret=1 delay=5
215163.817 [0] DBG_ANCHOR_CH5_SCAN_HANDLER role=2
215163.817 [0] DBG_SCAN_SKIPPED reason=blocked
215163.817 [0] DBG_ANCHOR_CH5_SCAN_HANDLER role=2
215163.861 [0] DBG_ANCHOR_CH5_SCAN_HANDLER role=2
215163.861 [0] DBG_ANCHOR_CH5_SCAN_BLOCKED win=0 tx=0 retry_gap=0 flood=1 wait=0 rx=0 rxq=0 rxr=0 ack=0 ch9=0 rf=0 retry=5 interval=380
215163.861 [0] DBG_SCAN_SKIPPED reason=blocked
215163.861 [0] DBG_ANCHOR_CH5_SCAN_RESCHED ret=1 delay=5
215163.861 [0] DBG_ANCHOR_CH5_SCAN_HANDLER role=2
215163.861 [0] DBG_ANCHOR_CH5_SCAN_BLOCKED win=0 tx=0 retry_gap=0 flood=1 wait=0 rx=0 rxq=0 rxr=0 ack=0 ch9=0 rf=0 retry=5 interval=380
215163.861 [0] DBG_SCAN_SKIPPED reason=blocked
215163.861 [0] DBG_ANCHOR_CH5_SCAN_RESCHED ret=1 delay=5
215163.861 [0] DBG_ANCHOR_CH5_SCAN_HANDLER role=2
215163.861 [0] DBG_ANCHOR_CH5_SCAN_BLOCKED win=0 tx=0 retry_gap=0 flood=1 wait=0 rx=0 rxq=0 rxr=0 ack=0 ch9=0 rf=0 retry=5 interval=380
215163.861 [0] DBG_SCAN_SKIPPED reason=blocked
215163.861 [0] DBG_ANCHOR_CH5_SCAN_RESCHED ret=1 delay=5
215163.861 [0] DBG_ANCHOR_CH5_SCAN_HANDLER role=2
215163.861 [0] DBG_ANCHOR_CH5_SCAN_BLOCKED win=0 tx=0 retry_gap=0 flood=1 wait=0 rx=0 rxq=0 rxr=0 ack=0 ch9=0 rf=0 retry=5 interval=380
215163.861 [0] DBG_SCAN_SKIPPED reason=blocked
215163.861 [0] DBG_ANCHOR_CH5_SCAN_RESCHED ret=1 delay=5
215163.861 [0] DBG_ANCHOR_CH5_SCAN_HANDLER role=2
215163.861 [0] DBG_SCAN_SKIPPED reason=blocked
215163.861 [0] DBG_ANCHOR_CH5_SCAN_HANDLER role=2
215163.902 [0] DBG_ANCHOR_CH5_SCAN_HANDLER role=2
215163.902 [0] DBG_ANCHOR_CH5_SCAN_BLOCKED win=0 tx=0 retry_gap=0 flood=1 wait=0 rx=0 rxq=0 rxr=0 ack=0 ch9=0 rf=0 retry=5 interval=380
215163.902 [0] DBG_SCAN_SKIPPED reason=blocked
215163.902 [0] DBG_ANCHOR_CH5_SCAN_RESCHED ret=1 delay=5
215163.902 [0] DBG_ANCHOR_CH5_SCAN_HANDLER role=2
215163.902 [0] DBG_ANCHOR_CH5_SCAN_BLOCKED win=0 tx=0 retry_gap=0 flood=1 wait=0 rx=0 rxq=0 rxr=0 ack=0 ch9=0 rf=0 retry=5 interval=380
215163.902 [0] DBG_SCAN_SKIPPED reason=blocked
215163.902 [0] DBG_ANCHOR_CH5_SCAN_RESCHED ret=1 delay=5
215163.902 [0] DBG_ANCHOR_CH5_SCAN_HANDLER role=2
215163.902 [0] DBG_ANCHOR_CH5_SCAN_BLOCKED win=0 tx=0 retry_gap=0 flood=1 wait=0 rx=0 rxq=0 rxr=0 ack=0 ch9=0 rf=0 retry=5 interval=380
215163.902 [0] DBG_SCAN_SKIPPED reason=blocked
215163.902 [0] DBG_ANCHOR_CH5_SCAN_RESCHED ret=1 delay=5
215163.902 [0] DBG_ANCHOR_CH5_SCAN_HANDLER role=2
215163.902 [0] DBG_ANCHOR_CH5_SCAN_BLOCKED win=0 tx=0 retry_gap=0 flood=1 wait=0 rx=0 rxq=0 rxr=0 ack=0 ch9=0 rf=0 retry=5 interval=380
215163.902 [0] DBG_SCAN_SKIPPED reason=blocked
215163.902 [0] DBG_ANCHOR_CH5_SCAN_RESCHED ret=1 delay=5
215163.902 [0] DBG_ANCHOR_CH5_SCAN_HANDLER role=2
215163.902 [0] DBG_SCAN_SKIPPED reason=blocked
215163.902 [0] DBG_ANCHOR_CH5_SCAN_HANDLER role=2
215163.946 [0] DBG_ANCHOR_CH5_SCAN_HANDLER role=2
215163.946 [0] DBG_ANCHOR_CH5_SCAN_BLOCKED win=0 tx=0 retry_gap=0 flood=1 wait=0 rx=0 rxq=0 rxr=0 ack=0 ch9=0 rf=0 retry=5 interval=380
215163.946 [0] DBG_SCAN_SKIPPED reason=blocked
215163.946 [0] DBG_ANCHOR_CH5_SCAN_RESCHED ret=1 delay=5
215163.946 [0] DBG_ANCHOR_CH5_SCAN_HANDLER role=2
215163.946 [0] DBG_ANCHOR_CH5_SCAN_BLOCKED win=0 tx=0 retry_gap=0 flood=1 wait=0 rx=0 rxq=0 rxr=0 ack=0 ch9=0 rf=0 retry=5 interval=380
215163.946 [0] DBG_SCAN_SKIPPED reason=blocked
215163.946 [0] DBG_ANCHOR_CH5_SCAN_RESCHED ret=1 delay=5
215163.946 [0] DBG_ANCHOR_CH5_SCAN_HANDLER role=2
215163.946 [0] DBG_ANCHOR_CH5_SCAN_BLOCKED win=0 tx=0 retry_gap=0 flood=1 wait=0 rx=0 rxq=0 rxr=0 ack=0 ch9=0 rf=0 retry=5 interval=380
215163.946 [0] DBG_SCAN_SKIPPED reason=blocked
215163.946 [0] DBG_ANCHOR_CH5_SCAN_RESCHED ret=1 delay=5
215163.946 [0] DBG_ANCHOR_CH5_SCAN_HANDLER role=2
215163.946 [0] DBG_ANCHOR_CH5_SCAN_BLOCKED win=0 tx=0 retry_gap=0 flood=1 wait=0 rx=0 rxq=0 rxr=0 ack=0 ch9=0 rf=0 retry=5 interval=380
215163.946 [0] DBG_SCAN_SKIPPED reason=blocked
215163.946 [0] DBG_ANCHOR_CH5_SCAN_RESCHED ret=1 delay=5
215163.946 [0] DBG_ANCHOR_CH5_SCAN_HANDLER role=2
215163.946 [0] DBG_SCAN_SKIPPED reason=blocked
215163.946 [0] DBG_ANCHOR_CH5_SCAN_HANDLER role=2
215163.987 [0] DBG_ANCHOR_CH5_SCAN_HANDLER role=2
215163.987 [0] DBG_ANCHOR_CH5_SCAN_BLOCKED win=0 tx=0 retry_gap=0 flood=1 wait=0 rx=0 rxq=0 rxr=0 ack=0 ch9=0 rf=0 retry=5 interval=380
215163.987 [0] DBG_SCAN_SKIPPED reason=blocked
215163.987 [0] DBG_ANCHOR_CH5_SCAN_RESCHED ret=1 delay=5
215163.987 [0] DBG_ANCHOR_CH5_SCAN_HANDLER role=2
215163.987 [0] DBG_ANCHOR_CH5_SCAN_BLOCKED win=0 tx=0 retry_gap=0 flood=1 wait=0 rx=0 rxq=0 rxr=0 ack=0 ch9=0 rf=0 retry=5 interval=380
215163.987 [0] DBG_SCAN_SKIPPED reason=blocked
215163.987 [0] DBG_ANCHOR_CH5_SCAN_RESCHED ret=1 delay=5
215163.987 [0] DBG_ANCHOR_CH5_SCAN_HANDLER role=2
215163.987 [0] DBG_ANCHOR_CH5_SCAN_BLOCKED win=0 tx=0 retry_gap=0 flood=1 wait=0 rx=0 rxq=0 rxr=0 ack=0 ch9=0 rf=0 retry=5 interval=380
215163.987 [0] DBG_SCAN_SKIPPED reason=blocked
215163.987 [0] DBG_ANCHOR_CH5_SCAN_RESCHED ret=1 delay=5
215163.987 [0] DBG_ANCHOR_CH5_SCAN_HANDLER role=2
215163.987 [0] DBG_ANCHOR_CH5_SCAN_BLOCKED win=0 tx=0 retry_gap=0 flood=1 wait=0 rx=0 rxq=0 rxr=0 ack=0 ch9=0 rf=0 retry=5 interval=380
215163.987 [0] DBG_SCAN_SKIPPED reason=blocked
215163.987 [0] DBG_ANCHOR_CH5_SCAN_RESCHED ret=1 delay=5
215163.987 [0] DBG_ANCHOR_CH5_SCAN_HANDLER role=2
215163.987 [0] DBG_SCAN_SKIPPED reason=blocked
215163.987 [0] DBG_ANCHOR_CH5_SCAN_HANDLER role=2
215164.031 [0] DBG_ANCHOR_CH5_SCAN_HANDLER role=2
215164.031 [0] DBG_ANCHOR_CH5_SCAN_BLOCKED win=0 tx=0 retry_gap=0 flood=1 wait=0 rx=0 rxq=0 rxr=0 ack=0 ch9=0 rf=0 retry=5 interval=380
215164.031 [0] DBG_SCAN_SKIPPED reason=blocked
215164.031 [0] DBG_ANCHOR_CH5_SCAN_RESCHED ret=1 delay=5
215164.031 [0] DBG_ANCHOR_CH5_SCAN_HANDLER role=2
215164.031 [0] DBG_ANCHOR_CH5_SCAN_BLOCKED win=0 tx=0 retry_gap=0 flood=1 wait=0 rx=0 rxq=0 rxr=0 ack=0 ch9=0 rf=0 retry=5 interval=380
215164.031 [0] DBG_SCAN_SKIPPED reason=blocked
215164.031 [0] DBG_ANCHOR_CH5_SCAN_RESCHED ret=1 delay=5
215164.031 [0] DBG_ANCHOR_CH5_SCAN_HANDLER role=2
215164.031 [0] DBG_ANCHOR_CH5_SCAN_BLOCKED win=0 tx=0 retry_gap=0 flood=1 wait=0 rx=0 rxq=0 rxr=0 ack=0 ch9=0 rf=0 retry=5 interval=380
215164.031 [0] DBG_SCAN_SKIPPED reason=blocked
215164.031 [0] DBG_ANCHOR_CH5_SCAN_RESCHED ret=1 delay=5
215164.031 [0] DBG_ANCHOR_CH5_SCAN_HANDLER role=2
215164.031 [0] DBG_ANCHOR_CH5_SCAN_BLOCKED win=0 tx=0 retry_gap=0 flood=1 wait=0 rx=0 rxq=0 rxr=0 ack=0 ch9=0 rf=0 retry=5 interval=380
215164.031 [0] DBG_SCAN_SKIPPED reason=blocked
215164.031 [0] DBG_ANCHOR_CH5_SCAN_RESCHED ret=1 delay=5
215164.031 [0] DBG_ANCHOR_CH5_SCAN_HANDLER role=2
215164.031 [0] DBG_SCAN_SKIPPED reason=blocked
215164.031 [0] DBG_ANCHOR_CH5_SCAN_HANDLER role=2
215164.072 [0] DBG_ANCHOR_CH5_SCAN_HANDLER role=2
215164.072 [0] DBG_ANCHOR_CH5_SCAN_BLOCKED win=0 tx=0 retry_gap=0 flood=1 wait=0 rx=0 rxq=0 rxr=0 ack=0 ch9=0 rf=0 retry=5 interval=380
215164.072 [0] DBG_SCAN_SKIPPED reason=blocked
215164.072 [0] DBG_ANCHOR_CH5_SCAN_RESCHED ret=1 delay=5
215164.072 [0] DBG_ANCHOR_CH5_SCAN_HANDLER role=2
215164.072 [0] DBG_ANCHOR_CH5_SCAN_BLOCKED win=0 tx=0 retry_gap=0 flood=1 wait=0 rx=0 rxq=0 rxr=0 ack=0 ch9=0 rf=0 retry=5 interval=380
215164.072 [0] DBG_SCAN_SKIPPED reason=blocked
215164.072 [0] DBG_ANCHOR_CH5_SCAN_RESCHED ret=1 delay=5
215164.072 [0] DBG_ANCHOR_CH5_SCAN_HANDLER role=2
215164.072 [0] DBG_ANCHOR_CH5_SCAN_BLOCKED win=0 tx=0 retry_gap=0 flood=1 wait=0 rx=0 rxq=0 rxr=0 ack=0 ch9=0 rf=0 retry=5 interval=380
215164.072 [0] DBG_SCAN_SKIPPED reason=blocked
215164.072 [0] DBG_ANCHOR_CH5_SCAN_RESCHED ret=1 delay=5
215164.072 [0] DBG_ANCHOR_CH5_SCAN_HANDLER role=2
215164.072 [0] DBG_ANCHOR_CH5_SCAN_BLOCKED win=0 tx=0 retry_gap=0 flood=1 wait=0 rx=0 rxq=0 rxr=0 ack=0 ch9=0 rf=0 retry=5 interval=380
215164.072 [0] DBG_SCAN_SKIPPED reason=blocked
215164.072 [0] DBG_ANCHOR_CH5_SCAN_RESCHED ret=1 delay=5
215164.072 [0] DBG_ANCHOR_CH5_SCAN_HANDLER role=2
215164.072 [0] DBG_SCAN_SKIPPED reason=blocked
215164.072 [0] DBG_ANCHOR_CH5_SCAN_HANDLER role=2
215164.117 [0] DBG_ANCHOR_CH5_SCAN_HANDLER role=2
215164.117 [0] DBG_ANCHOR_CH5_SCAN_BLOCKED win=0 tx=0 retry_gap=0 flood=1 wait=0 rx=0 rxq=0 rxr=0 ack=0 ch9=0 rf=0 retry=5 interval=380
215164.117 [0] DBG_SCAN_SKIPPED reason=blocked
215164.117 [0] DBG_ANCHOR_CH5_SCAN_RESCHED ret=1 delay=5
215164.117 [0] DBG_ANCHOR_CH5_SCAN_HANDLER role=2
215164.117 [0] DBG_ANCHOR_CH5_SCAN_BLOCKED win=0 tx=0 retry_gap=0 flood=1 wait=0 rx=0 rxq=0 rxr=0 ack=0 ch9=0 rf=0 retry=5 interval=380
215164.117 [0] DBG_SCAN_SKIPPED reason=blocked
215164.117 [0] DBG_ANCHOR_CH5_SCAN_RESCHED ret=1 delay=5
215164.117 [0] DBG_ANCHOR_CH5_SCAN_HANDLER role=2
215164.117 [0] DBG_ANCHOR_CH5_SCAN_BLOCKED win=0 tx=0 retry_gap=0 flood=1 wait=0 rx=0 rxq=0 rxr=0 ack=0 ch9=0 rf=0 retry=5 interval=380
215164.117 [0] DBG_SCAN_SKIPPED reason=blocked
215164.117 [0] DBG_ANCHOR_CH5_SCAN_RESCHED ret=1 delay=5
215164.117 [0] DBG_ANCHOR_CH5_SCAN_HANDLER role=2
215164.117 [0] DBG_ANCHOR_CH5_SCAN_BLOCKED win=0 tx=0 retry_gap=0 flood=1 wait=0 rx=0 rxq=0 rxr=0 ack=0 ch9=0 rf=0 retry=5 interval=380
215164.117 [0] DBG_SCAN_SKIPPED reason=blocked
215164.117 [0] DBG_ANCHOR_CH5_SCAN_RESCHED ret=1 delay=5
215164.117 [0] DBG_ANCHOR_CH5_SCAN_HANDLER role=2
215164.117 [0] DBG_SCAN_SKIPPED reason=blocked
215164.117 [0] DBG_ANCHOR_CH5_SCAN_HANDLER role=2
215164.159 [0] DBG_ANCHOR_CH5_SCAN_HANDLER role=2
215164.159 [0] DBG_ANCHOR_CH5_SCAN_BLOCKED win=0 tx=0 retry_gap=0 flood=1 wait=0 rx=0 rxq=0 rxr=0 ack=0 ch9=0 rf=0 retry=5 interval=380
215164.159 [0] DBG_SCAN_SKIPPED reason=blocked
215164.159 [0] DBG_ANCHOR_CH5_SCAN_RESCHED ret=1 delay=5
215164.159 [0] DBG_ANCHOR_CH5_SCAN_HANDLER role=2
215164.159 [0] DBG_ANCHOR_CH5_SCAN_BLOCKED win=0 tx=0 retry_gap=0 flood=1 wait=0 rx=0 rxq=0 rxr=0 ack=0 ch9=0 rf=0 retry=5 interval=380
215164.159 [0] DBG_SCAN_SKIPPED reason=blocked
215164.159 [0] DBG_ANCHOR_CH5_SCAN_RESCHED ret=1 delay=5
215164.159 [0] DBG_STACK_RUN_BEGIN epoch=8738051580048120749 run=3 kind=anchor_scan owner=anchor_uwb_scan queue=0 custody=0 credit=0 retry=0 drain=0 src=13961775027989293869 dst=11068027678940948070 session=0 seq=0 type=48 sequence=0 previous=0 uptime=7310
215164.159 [0] DBG_STACK_SAMPLE_BEGIN epoch=8738051580048120749 run=3 sample=3 kind=anchor_scan owner=anchor_uwb_scan queue=0 custody=0 credit=0 retry=0 drain=0 src=13961775027989293869 dst=11068027678940948070 session=0 seq=0 type=48 uptime=7310
215164.159 [0] DBG_STACK_ISR_CONFIG size=8192 run=3 sample=3
215164.202 [0] DBG_STACK name=anchor_uwb_scan tid=0x2000cb10 used=3388 free=6596 size=9984 ret=0 run=3 sample=3
215164.202 [0] DBG_STACK name=mesh_route tid=0x2000b140 used=4916 free=4556 size=9472 ret=0 run=3 sample=3
215164.202 [0] DBG_STACK name=sysworkq tid=0x2000da88 used=764 free=4612 size=5376 ret=0 run=3 sample=3
215164.202 [0] DBG_STACK name=logging tid=0x2000cfc8 used=480 free=1568 size=2048 ret=0 run=3 sample=3
215164.202 [0] DBG_STACK name=idle tid=0x2000d858 used=64 free=256 size=320 ret=0 run=3 sample=3
215164.202 [0] DBG_STACK_SAMPLE_END run=3 sample=3
215164.202 [0] DBG_STACK_RUN_END epoch=8738051580048120749 run=3 kind=anchor_scan owner=anchor_uwb_scan outcome=ack queue=0 custody=0 credit=0 retry=0 drain=0 src=13961775027989293869 dst=11068027678940948070 session=0 seq=0 type=48 samples=1 attempts=1 errors=0 last_error=0 mutex_drops=36 short_drops=143 sequence=0 previous=0 uptime=7346
215164.202 [0] DBG_ANCHOR_CH5_SCAN_HANDLER role=2
215164.202 [0] DBG_ANCHOR_CH5_SCAN_BLOCKED win=0 tx=0 retry_gap=0 flood=1 wait=0 rx=0 rxq=0 rxr=0 ack=0 ch9=0 rf=0 retry=5 interval=380
215164.202 [0] DBG_SCAN_SKIPPED reason=blocked
215164.246 [0] DBG_ANCHOR_CH5_SCAN_BLOCKED win=0 tx=0 retry_gap=0 flood=1 wait=0 rx=0 rxq=0 rxr=0 ack=0 ch9=0 rf=0 retry=5 interval=380
215164.246 [0] DBG_SCAN_SKIPPED reason=blocked
215164.246 [0] DBG_ANCHOR_CH5_SCAN_RESCHED ret=1 delay=5
215164.246 [0] DBG_ANCHOR_CH5_SCAN_HANDLER role=2
215164.246 [0] DBG_ANCHOR_CH5_SCAN_BLOCKED win=0 tx=0 retry_gap=0 flood=1 wait=0 rx=0 rxq=0 rxr=0 ack=0 ch9=0 rf=0 retry=5 interval=380
215164.246 [0] DBG_SCAN_SKIPPED reason=blocked
215164.246 [0] DBG_ANCHOR_CH5_SCAN_RESCHED ret=1 delay=5
215164.246 [0] DBG_ANCHOR_CH5_SCAN_HANDLER role=2
215164.246 [0] DBG_ANCHOR_CH5_SCAN_BLOCKED win=0 tx=0 retry_gap=0 flood=1 wait=0 rx=0 rxq=0 rxr=0 ack=0 ch9=0 rf=0 retry=5 interval=380
215164.246 [0] DBG_SCAN_SKIPPED reason=blocked
215164.246 [0] DBG_ANCHOR_CH5_SCAN_RESCHED ret=1 delay=5
215164.246 [0] DBG_ANCHOR_CH5_SCAN_HANDLER role=2
215164.246 [0] DBG_ANCHOR_CH5_SCAN_BLOCKED win=0 tx=0 retry_gap=0 flood=1 wait=0 rx=0 rxq=0 rxr=0 ack=0 ch9=0 rf=0 retry=5 interval=380
215164.246 [0] DBG_SCAN_SKIPPED reason=blocked
215164.246 [0] DBG_ANCHOR_CH5_SCAN_RESCHED ret=1 delay=5
215164.246 [0] DBG_ANCHOR_CH5_SCAN_HANDLER role=2
215164.246 [0] DBG_SCAN_SKIPPED reason=blocked
215164.246 [0] DBG_ANCHOR_CH5_SCAN_RESCHED ret=1 delay=5
215164.290 [0] DBG_ANCHOR_CH5_SCAN_HANDLER role=2
215164.290 [0] DBG_ANCHOR_CH5_SCAN_BLOCKED win=0 tx=0 retry_gap=0 flood=1 wait=0 rx=0 rxq=0 rxr=0 ack=0 ch9=0 rf=0 retry=5 interval=380
215164.290 [0] DBG_SCAN_SKIPPED reason=blocked
215164.290 [0] DBG_ANCHOR_CH5_SCAN_RESCHED ret=1 delay=5
215164.290 [0] DBG_ANCHOR_CH5_SCAN_HANDLER role=2
215164.290 [0] DBG_ANCHOR_CH5_SCAN_BLOCKED win=0 tx=0 retry_gap=0 flood=1 wait=0 rx=0 rxq=0 rxr=0 ack=0 ch9=0 rf=0 retry=5 interval=380
215164.290 [0] DBG_SCAN_SKIPPED reason=blocked
215164.290 [0] DBG_ANCHOR_CH5_SCAN_RESCHED ret=1 delay=5
215164.290 [0] DBG_ANCHOR_CH5_SCAN_HANDLER role=2
215164.290 [0] DBG_ANCHOR_CH5_SCAN_BLOCKED win=0 tx=0 retry_gap=0 flood=1 wait=0 rx=0 rxq=0 rxr=0 ack=0 ch9=0 rf=0 retry=5 interval=380
215164.290 [0] DBG_SCAN_SKIPPED reason=blocked
215164.290 [0] DBG_ANCHOR_CH5_SCAN_RESCHED ret=1 delay=5
215164.290 [0] DBG_ANCHOR_CH5_SCAN_HANDLER role=2
215164.290 [0] DBG_ANCHOR_CH5_SCAN_BLOCKED win=0 tx=0 retry_gap=0 flood=1 wait=0 rx=0 rxq=0 rxr=0 ack=0 ch9=0 rf=0 retry=5 interval=380
215164.290 [0] DBG_SCAN_SKIPPED reason=blocked
215164.290 [0] DBG_ANCHOR_CH5_SCAN_RESCHED ret=1 delay=5
215164.290 [0] DBG_ANCHOR_CH5_SCAN_HANDLER role=2
215164.290 [0] DBG_SCAN_SKIPPED reason=blocked
215164.290 [0] DBG_ANCHOR_CH5_SCAN_HANDLER role=2
215164.338 [0] DBG_ANCHOR_CH5_SCAN_HANDLER role=2
215164.338 [0] DBG_ANCHOR_CH5_SCAN_BLOCKED win=0 tx=0 retry_gap=0 flood=1 wait=0 rx=0 rxq=0 rxr=0 ack=0 ch9=0 rf=0 retry=5 interval=380
215164.338 [0] DBG_SCAN_SKIPPED reason=blocked
215164.338 [0] DBG_ANCHOR_CH5_SCAN_RESCHED ret=1 delay=5
215164.338 [0] DBG_ANCHOR_CH5_SCAN_HANDLER role=2
215164.338 [0] DBG_ANCHOR_CH5_SCAN_BLOCKED win=0 tx=0 retry_gap=0 flood=1 wait=0 rx=0 rxq=0 rxr=0 ack=0 ch9=0 rf=0 retry=5 interval=380
215164.338 [0] DBG_SCAN_SKIPPED reason=blocked
215164.338 [0] DBG_ANCHOR_CH5_SCAN_RESCHED ret=1 delay=5
215164.338 [0] DBG_ANCHOR_CH5_SCAN_HANDLER role=2
215164.338 [0] DBG_ANCHOR_CH5_SCAN_BLOCKED win=0 tx=0 retry_gap=0 flood=1 wait=0 rx=0 rxq=0 rxr=0 ack=0 ch9=0 rf=0 retry=5 interval=380
215164.338 [0] DBG_SCAN_SKIPPED reason=blocked
215164.338 [0] DBG_ANCHOR_CH5_SCAN_RESCHED ret=1 delay=5
215164.338 [0] DBG_ANCHOR_CH5_SCAN_HANDLER role=2
215164.338 [0] DBG_ANCHOR_CH5_SCAN_BLOCKED win=0 tx=0 retry_gap=0 flood=1 wait=0 rx=0 rxq=0 rxr=0 ack=0 ch9=0 rf=0 retry=5 interval=380
215164.338 [0] DBG_SCAN_SKIPPED reason=blocked
215164.338 [0] DBG_ANCHOR_CH5_SCAN_RESCHED ret=1 delay=5
215164.338 [0] DBG_ANCHOR_CH5_SCAN_HANDLER role=2
215164.338 [0] DBG_SCAN_SKIPPED reason=blocked
215164.338 [0] DBG_ANCHOR_CH5_SCAN_HANDLER role=2
215164.380 [0] DBG_ANCHOR_CH5_SCAN_HANDLER role=2
215164.380 [0] DBG_ANCHOR_CH5_SCAN_BLOCKED win=0 tx=0 retry_gap=0 flood=1 wait=0 rx=0 rxq=0 rxr=0 ack=0 ch9=0 rf=0 retry=5 interval=380
215164.380 [0] DBG_SCAN_SKIPPED reason=blocked
215164.380 [0] DBG_ANCHOR_CH5_SCAN_RESCHED ret=1 delay=5
215164.380 [0] DBG_ANCHOR_CH5_SCAN_HANDLER role=2
215164.380 [0] DBG_ANCHOR_CH5_SCAN_BLOCKED win=0 tx=0 retry_gap=0 flood=1 wait=0 rx=0 rxq=0 rxr=0 ack=0 ch9=0 rf=0 retry=5 interval=380
215164.380 [0] DBG_SCAN_SKIPPED reason=blocked
215164.380 [0] DBG_ANCHOR_CH5_SCAN_RESCHED ret=1 delay=5
215164.380 [0] DBG_ANCHOR_CH5_SCAN_HANDLER role=2
215164.380 [0] DBG_ANCHOR_CH5_SCAN_BLOCKED win=0 tx=0 retry_gap=0 flood=1 wait=0 rx=0 rxq=0 rxr=0 ack=0 ch9=0 rf=0 retry=5 interval=380
215164.380 [0] DBG_SCAN_SKIPPED reason=blocked
215164.380 [0] DBG_ANCHOR_CH5_SCAN_RESCHED ret=1 delay=5
215164.380 [0] DBG_ANCHOR_CH5_SCAN_HANDLER role=2
215164.380 [0] DBG_ANCHOR_CH5_SCAN_BLOCKED win=0 tx=0 retry_gap=0 flood=1 wait=0 rx=0 rxq=0 rxr=0 ack=0 ch9=0 rf=0 retry=5 interval=380
215164.380 [0] DBG_SCAN_SKIPPED reason=blocked
215164.380 [0] DBG_ANCHOR_CH5_SCAN_RESCHED ret=1 delay=5
215164.380 [0] DBG_ANCHOR_CH5_SCAN_HANDLER role=2
215164.380 [0] DBG_SCAN_SKIPPED reason=blocked
215164.380 [0] DBG_ANCHOR_CH5_SCAN_HANDLER role=2
215164.424 [0] DBG_ANCHOR_CH5_SCAN_HANDLER role=2
215164.424 [0] DBG_ANCHOR_CH5_SCAN_BLOCKED win=0 tx=0 retry_gap=0 flood=1 wait=0 rx=0 rxq=0 rxr=0 ack=0 ch9=0 rf=0 retry=5 interval=380
215164.424 [0] DBG_SCAN_SKIPPED reason=blocked
215164.424 [0] DBG_ANCHOR_CH5_SCAN_RESCHED ret=1 delay=5
215164.424 [0] DBG_ANCHOR_CH5_SCAN_HANDLER role=2
215164.424 [0] DBG_ANCHOR_CH5_SCAN_BLOCKED win=0 tx=0 retry_gap=0 flood=1 wait=0 rx=0 rxq=0 rxr=0 ack=0 ch9=0 rf=0 retry=5 interval=380
215164.424 [0] DBG_SCAN_SKIPPED reason=blocked
215164.424 [0] DBG_ANCHOR_CH5_SCAN_RESCHED ret=1 delay=5
215164.424 [0] DBG_ANCHOR_CH5_SCAN_HANDLER role=2
215164.424 [0] DBG_ANCHOR_CH5_SCAN_BLOCKED win=0 tx=0 retry_gap=0 flood=1 wait=0 rx=0 rxq=0 rxr=0 ack=0 ch9=0 rf=0 retry=5 interval=380
215164.424 [0] DBG_SCAN_SKIPPED reason=blocked
215164.424 [0] DBG_ANCHOR_CH5_SCAN_RESCHED ret=1 delay=5
215164.424 [0] DBG_ANCHOR_CH5_SCAN_HANDLER role=2
215164.424 [0] DBG_ANCHOR_CH5_SCAN_BLOCKED win=0 tx=0 retry_gap=0 flood=1 wait=0 rx=0 rxq=0 rxr=0 ack=0 ch9=0 rf=0 retry=5 interval=380
215164.424 [0] DBG_SCAN_SKIPPED reason=blocked
215164.424 [0] DBG_ANCHOR_CH5_SCAN_RESCHED ret=1 delay=5
215164.424 [0] DBG_ANCHOR_CH5_SCAN_HANDLER role=2
215164.424 [0] DBG_SCAN_SKIPPED reason=blocked
215164.424 [0] DBG_ANCHOR_CH5_SCAN_HANDLER role=2
215164.465 [0] DBG_ANCHOR_CH5_SCAN_HANDLER role=2
215164.465 [0] DBG_ANCHOR_CH5_SCAN_BLOCKED win=0 tx=0 retry_gap=0 flood=1 wait=0 rx=0 rxq=0 rxr=0 ack=0 ch9=0 rf=0 retry=5 interval=380
215164.465 [0] DBG_SCAN_SKIPPED reason=blocked
215164.465 [0] DBG_ANCHOR_CH5_SCAN_RESCHED ret=1 delay=5
215164.465 [0] DBG_ANCHOR_CH5_SCAN_HANDLER role=2
215164.465 [0] DBG_ANCHOR_CH5_SCAN_BLOCKED win=0 tx=0 retry_gap=0 flood=1 wait=0 rx=0 rxq=0 rxr=0 ack=0 ch9=0 rf=0 retry=5 interval=380
215164.465 [0] DBG_SCAN_SKIPPED reason=blocked
215164.465 [0] DBG_ANCHOR_CH5_SCAN_RESCHED ret=1 delay=5
215164.465 [0] DBG_ANCHOR_CH5_SCAN_HANDLER role=2
215164.465 [0] DBG_ANCHOR_CH5_SCAN_BLOCKED win=0 tx=0 retry_gap=0 flood=1 wait=0 rx=0 rxq=0 rxr=0 ack=0 ch9=0 rf=0 retry=5 interval=380
215164.465 [0] DBG_SCAN_SKIPPED reason=blocked
215164.465 [0] DBG_ANCHOR_CH5_SCAN_RESCHED ret=1 delay=5
215164.465 [0] DBG_ANCHOR_CH5_SCAN_HANDLER role=2
215164.465 [0] DBG_ANCHOR_CH5_SCAN_BLOCKED win=0 tx=0 retry_gap=0 flood=1 wait=0 rx=0 rxq=0 rxr=0 ack=0 ch9=0 rf=0 retry=5 interval=380
215164.465 [0] DBG_SCAN_SKIPPED reason=blocked
215164.465 [0] DBG_ANCHOR_CH5_SCAN_RESCHED ret=1 delay=5
215164.465 [0] DBG_ANCHOR_CH5_SCAN_HANDLER role=2
215164.465 [0] DBG_SCAN_SKIPPED reason=blocked
215164.465 [0] DBG_ANCHOR_CH5_SCAN_HANDLER role=2
215164.508 [0] DBG_ANCHOR_CH5_SCAN_HANDLER role=2
215164.508 [0] DBG_ANCHOR_CH5_SCAN_BLOCKED win=0 tx=0 retry_gap=0 flood=1 wait=0 rx=0 rxq=0 rxr=0 ack=0 ch9=0 rf=0 retry=5 interval=380
215164.508 [0] DBG_SCAN_SKIPPED reason=blocked
215164.508 [0] DBG_ANCHOR_CH5_SCAN_RESCHED ret=1 delay=5
215164.508 [0] DBG_ANCHOR_CH5_SCAN_HANDLER role=2
215164.508 [0] DBG_ANCHOR_CH5_SCAN_BLOCKED win=0 tx=0 retry_gap=0 flood=1 wait=0 rx=0 rxq=0 rxr=0 ack=0 ch9=0 rf=0 retry=5 interval=380
215164.508 [0] DBG_SCAN_SKIPPED reason=blocked
215164.508 [0] DBG_ANCHOR_CH5_SCAN_RESCHED ret=1 delay=5
215164.508 [0] DBG_ANCHOR_CH5_SCAN_HANDLER role=2
215164.508 [0] DBG_ANCHOR_CH5_SCAN_BLOCKED win=0 tx=0 retry_gap=0 flood=1 wait=0 rx=0 rxq=0 rxr=0 ack=0 ch9=0 rf=0 retry=5 interval=380
215164.508 [0] DBG_SCAN_SKIPPED reason=blocked
215164.508 [0] DBG_ANCHOR_CH5_SCAN_RESCHED ret=1 delay=5
215164.508 [0] DBG_ANCHOR_CH5_SCAN_HANDLER role=2
215164.508 [0] DBG_ANCHOR_CH5_SCAN_BLOCKED win=0 tx=0 retry_gap=0 flood=1 wait=0 rx=0 rxq=0 rxr=0 ack=0 ch9=0 rf=0 retry=5 interval=380
215164.508 [0] DBG_SCAN_SKIPPED reason=blocked
215164.508 [0] DBG_ANCHOR_CH5_SCAN_RESCHED ret=1 delay=5
215164.508 [0] DBG_ANCHOR_CH5_SCAN_HANDLER role=2
215164.508 [0] DBG_SCAN_SKIPPED reason=blocked
215164.508 [0] DBG_ANCHOR_CH5_SCAN_HANDLER role=2
215164.552 [0] DBG_ANCHOR_CH5_SCAN_HANDLER role=2
215164.552 [0] DBG_ANCHOR_CH5_SCAN_BLOCKED win=0 tx=0 retry_gap=0 flood=1 wait=0 rx=0 rxq=0 rxr=0 ack=0 ch9=0 rf=0 retry=5 interval=380
215164.552 [0] DBG_SCAN_SKIPPED reason=blocked
215164.552 [0] DBG_ANCHOR_CH5_SCAN_RESCHED ret=1 delay=5
215164.552 [0] DBG_ANCHOR_CH5_SCAN_HANDLER role=2
215164.552 [0] DBG_ANCHOR_CH5_SCAN_BLOCKED win=0 tx=0 retry_gap=0 flood=1 wait=0 rx=0 rxq=0 rxr=0 ack=0 ch9=0 rf=0 retry=5 interval=380
215164.552 [0] DBG_SCAN_SKIPPED reason=blocked
215164.552 [0] DBG_ANCHOR_CH5_SCAN_RESCHED ret=1 delay=5
215164.552 [0] DBG_ANCHOR_CH5_SCAN_HANDLER role=2
215164.552 [0] DBG_ANCHOR_CH5_SCAN_BLOCKED win=0 tx=0 retry_gap=0 flood=1 wait=0 rx=0 rxq=0 rxr=0 ack=0 ch9=0 rf=0 retry=5 interval=380
215164.552 [0] DBG_SCAN_SKIPPED reason=blocked
215164.552 [0] DBG_ANCHOR_CH5_SCAN_RESCHED ret=1 delay=5
215164.552 [0] DBG_ANCHOR_CH5_SCAN_HANDLER role=2
215164.552 [0] DBG_ANCHOR_CH5_SCAN_BLOCKED win=0 tx=0 retry_gap=0 flood=1 wait=0 rx=0 rxq=0 rxr=0 ack=0 ch9=0 rf=0 retry=5 interval=380
215164.552 [0] DBG_SCAN_SKIPPED reason=blocked
215164.552 [0] DBG_ANCHOR_CH5_SCAN_RESCHED ret=1 delay=5
215164.552 [0] DBG_ANCHOR_CH5_SCAN_HANDLER role=2
215164.552 [0] DBG_SCAN_SKIPPED reason=blocked
215164.552 [0] DBG_ANCHOR_CH5_SCAN_HANDLER role=2
215164.594 [0] DBG_ANCHOR_CH5_SCAN_HANDLER role=2
215164.594 [0] DBG_ANCHOR_CH5_SCAN_BLOCKED win=0 tx=0 retry_gap=0 flood=1 wait=0 rx=0 rxq=0 rxr=0 ack=0 ch9=0 rf=0 retry=5 interval=380
215164.594 [0] DBG_SCAN_SKIPPED reason=blocked
215164.594 [0] DBG_ANCHOR_CH5_SCAN_RESCHED ret=1 delay=5
215164.594 [0] DBG_ANCHOR_CH5_SCAN_HANDLER role=2
215164.594 [0] DBG_ANCHOR_CH5_SCAN_BLOCKED win=0 tx=0 retry_gap=0 flood=1 wait=0 rx=0 rxq=0 rxr=0 ack=0 ch9=0 rf=0 retry=5 interval=380
215164.594 [0] DBG_SCAN_SKIPPED reason=blocked
215164.594 [0] DBG_ANCHOR_CH5_SCAN_RESCHED ret=1 delay=5
215164.594 [0] DBG_ANCHOR_CH5_SCAN_HANDLER role=2
215164.594 [0] DBG_ANCHOR_CH5_SCAN_BLOCKED win=0 tx=0 retry_gap=0 flood=1 wait=0 rx=0 rxq=0 rxr=0 ack=0 ch9=0 rf=0 retry=5 interval=380
215164.594 [0] DBG_SCAN_SKIPPED reason=blocked
215164.594 [0] DBG_ANCHOR_CH5_SCAN_RESCHED ret=1 delay=5
215164.594 [0] DBG_ANCHOR_CH5_SCAN_HANDLER role=2
215164.594 [0] DBG_ANCHOR_CH5_SCAN_BLOCKED win=0 tx=0 retry_gap=0 flood=1 wait=0 rx=0 rxq=0 rxr=0 ack=0 ch9=0 rf=0 retry=5 interval=380
215164.594 [0] DBG_SCAN_SKIPPED reason=blocked
215164.594 [0] DBG_ANCHOR_CH5_SCAN_RESCHED ret=1 delay=5
215164.594 [0] DBG_ANCHOR_CH5_SCAN_HANDLER role=2
215164.594 [0] DBG_SCAN_SKIPPED reason=blocked
215164.594 [0] DBG_ANCHOR_CH5_SCAN_HANDLER role=2
215164.639 [0] DBG_ANCHOR_CH5_SCAN_HANDLER role=2
215164.639 [0] DBG_ANCHOR_CH5_SCAN_BLOCKED win=0 tx=0 retry_gap=0 flood=1 wait=0 rx=0 rxq=0 rxr=0 ack=0 ch9=0 rf=0 retry=5 interval=380
215164.639 [0] DBG_SCAN_SKIPPED reason=blocked
215164.639 [0] DBG_ANCHOR_CH5_SCAN_RESCHED ret=1 delay=5
215164.639 [0] DBG_ANCHOR_CH5_SCAN_HANDLER role=2
215164.639 [0] DBG_ANCHOR_CH5_SCAN_BLOCKED win=0 tx=0 retry_gap=0 flood=1 wait=0 rx=0 rxq=0 rxr=0 ack=0 ch9=0 rf=0 retry=5 interval=380
215164.639 [0] DBG_SCAN_SKIPPED reason=blocked
215164.639 [0] DBG_ANCHOR_CH5_SCAN_RESCHED ret=1 delay=5
215164.639 [0] DBG_ANCHOR_CH5_SCAN_HANDLER role=2
215164.639 [0] DBG_ANCHOR_CH5_SCAN_BLOCKED win=0 tx=0 retry_gap=0 flood=1 wait=0 rx=0 rxq=0 rxr=0 ack=0 ch9=0 rf=0 retry=5 interval=380
215164.639 [0] DBG_SCAN_SKIPPED reason=blocked
215164.639 [0] DBG_ANCHOR_CH5_SCAN_RESCHED ret=1 delay=5
215164.639 [0] DBG_ANCHOR_CH5_SCAN_HANDLER role=2
215164.639 [0] DBG_ANCHOR_CH5_SCAN_BLOCKED win=0 tx=0 retry_gap=0 flood=1 wait=0 rx=0 rxq=0 rxr=0 ack=0 ch9=0 rf=0 retry=5 interval=380
215164.639 [0] DBG_SCAN_SKIPPED reason=blocked
215164.639 [0] DBG_ANCHOR_CH5_SCAN_RESCHED ret=1 delay=5
215164.639 [0] DBG_ANCHOR_CH5_SCAN_HANDLER role=2
215164.639 [0] DBG_SCAN_SKIPPED reason=blocked
215164.639 [0] DBG_ANCHOR_CH5_SCAN_HANDLER role=2
215164.680 [0] DBG_ANCHOR_CH5_SCAN_HANDLER role=2
215164.680 [0] DBG_ANCHOR_CH5_SCAN_BLOCKED win=0 tx=0 retry_gap=0 flood=1 wait=0 rx=0 rxq=0 rxr=0 ack=0 ch9=0 rf=0 retry=5 interval=380
215164.680 [0] DBG_SCAN_SKIPPED reason=blocked
215164.680 [0] DBG_ANCHOR_CH5_SCAN_RESCHED ret=1 delay=5
215164.680 [0] DBG_ANCHOR_CH5_SCAN_HANDLER role=2
215164.680 [0] DBG_ANCHOR_CH5_SCAN_BLOCKED win=0 tx=0 retry_gap=0 flood=1 wait=0 rx=0 rxq=0 rxr=0 ack=0 ch9=0 rf=0 retry=5 interval=380
215164.680 [0] DBG_SCAN_SKIPPED reason=blocked
215164.680 [0] DBG_ANCHOR_CH5_SCAN_RESCHED ret=1 delay=5
215164.680 [0] DBG_ANCHOR_CH5_SCAN_HANDLER role=2
215164.680 [0] DBG_ANCHOR_CH5_SCAN_BLOCKED win=0 tx=0 retry_gap=0 flood=1 wait=0 rx=0 rxq=0 rxr=0 ack=0 ch9=0 rf=0 retry=5 interval=380
215164.680 [0] DBG_SCAN_SKIPPED reason=blocked
215164.680 [0] DBG_ANCHOR_CH5_SCAN_RESCHED ret=1 delay=5
215164.680 [0] DBG_ANCHOR_CH5_SCAN_HANDLER role=2
215164.680 [0] DBG_ANCHOR_CH5_SCAN_BLOCKED win=0 tx=0 retry_gap=0 flood=1 wait=0 rx=0 rxq=0 rxr=0 ack=0 ch9=0 rf=0 retry=5 interval=380
215164.680 [0] DBG_SCAN_SKIPPED reason=blocked
215164.680 [0] DBG_ANCHOR_CH5_SCAN_RESCHED ret=1 delay=5
215164.680 [0] DBG_ANCHOR_CH5_SCAN_HANDLER role=2
215164.680 [0] DBG_SCAN_SKIPPED reason=blocked
215164.680 [0] DBG_ANCHOR_CH5_SCAN_HANDLER role=2
215164.726 [0] DBG_ANCHOR_CH5_SCAN_HANDLER role=2
215164.726 [0] DBG_ANCHOR_CH5_SCAN_BLOCKED win=0 tx=0 retry_gap=0 flood=1 wait=0 rx=0 rxq=0 rxr=0 ack=0 ch9=0 rf=0 retry=5 interval=380
215164.726 [0] DBG_SCAN_SKIPPED reason=blocked
215164.726 [0] DBG_ANCHOR_CH5_SCAN_RESCHED ret=1 delay=5
215164.726 [0] DBG_ANCHOR_CH5_SCAN_HANDLER role=2
215164.726 [0] DBG_ANCHOR_CH5_SCAN_BLOCKED win=0 tx=0 retry_gap=0 flood=1 wait=0 rx=0 rxq=0 rxr=0 ack=0 ch9=0 rf=0 retry=5 interval=380
215164.726 [0] DBG_SCAN_SKIPPED reason=blocked
215164.726 [0] DBG_ANCHOR_CH5_SCAN_RESCHED ret=1 delay=5
215164.726 [0] DBG_ANCHOR_CH5_SCAN_HANDLER role=2
215164.726 [0] DBG_ANCHOR_CH5_SCAN_BLOCKED win=0 tx=0 retry_gap=0 flood=1 wait=0 rx=0 rxq=0 rxr=0 ack=0 ch9=0 rf=0 retry=5 interval=380
215164.726 [0] DBG_SCAN_SKIPPED reason=blocked
215164.726 [0] DBG_ANCHOR_CH5_SCAN_RESCHED ret=1 delay=5
215164.726 [0] DBG_ANCHOR_CH5_SCAN_HANDLER role=2
215164.726 [0] DBG_ANCHOR_CH5_SCAN_BLOCKED win=0 tx=0 retry_gap=0 flood=1 wait=0 rx=0 rxq=0 rxr=0 ack=0 ch9=0 rf=0 retry=5 interval=380
215164.726 [0] DBG_SCAN_SKIPPED reason=blocked
215164.726 [0] DBG_ANCHOR_CH5_SCAN_RESCHED ret=1 delay=5
215164.726 [0] DBG_ANCHOR_CH5_SCAN_HANDLER role=2
215164.726 [0] DBG_SCAN_SKIPPED reason=blocked
215164.726 [0] DBG_ANCHOR_CH5_SCAN_HANDLER role=2
215164.771 [0] DBG_ANCHOR_CH5_SCAN_HANDLER role=2
215164.771 [0] DBG_ANCHOR_CH5_SCAN_BLOCKED win=0 tx=0 retry_gap=0 flood=1 wait=0 rx=0 rxq=0 rxr=0 ack=0 ch9=0 rf=0 retry=5 interval=380
215164.771 [0] DBG_SCAN_SKIPPED reason=blocked
215164.771 [0] DBG_ANCHOR_CH5_SCAN_RESCHED ret=1 delay=5
215164.771 [0] DBG_ANCHOR_CH5_SCAN_HANDLER role=2
215164.771 [0] DBG_ANCHOR_CH5_SCAN_BLOCKED win=0 tx=0 retry_gap=0 flood=1 wait=0 rx=0 rxq=0 rxr=0 ack=0 ch9=0 rf=0 retry=5 interval=380
215164.771 [0] DBG_SCAN_SKIPPED reason=blocked
215164.771 [0] DBG_ANCHOR_CH5_SCAN_RESCHED ret=1 delay=5
215164.771 [0] DBG_ANCHOR_CH5_SCAN_HANDLER role=2
215164.771 [0] DBG_ANCHOR_CH5_SCAN_BLOCKED win=0 tx=0 retry_gap=0 flood=1 wait=0 rx=0 rxq=0 rxr=0 ack=0 ch9=0 rf=0 retry=5 interval=380
215164.771 [0] DBG_SCAN_SKIPPED reason=blocked
215164.771 [0] DBG_ANCHOR_CH5_SCAN_RESCHED ret=1 delay=5
215164.771 [0] DBG_ANCHOR_CH5_SCAN_HANDLER role=2
215164.771 [0] DBG_ANCHOR_CH5_SCAN_BLOCKED win=0 tx=0 retry_gap=0 flood=1 wait=0 rx=0 rxq=0 rxr=0 ack=0 ch9=0 rf=0 retry=5 interval=380
215164.771 [0] DBG_SCAN_SKIPPED reason=blocked
215164.771 [0] DBG_ANCHOR_CH5_SCAN_RESCHED ret=1 delay=5
215164.771 [0] DBG_ANCHOR_CH5_SCAN_HANDLER role=2
215164.771 [0] DBG_SCAN_SKIPPED reason=blocked
215164.771 [0] DBG_ANCHOR_CH5_SCAN_HANDLER role=2
215164.823 [0] DBG_ANCHOR_CH5_SCAN_HANDLER role=2
215164.823 [0] DBG_ANCHOR_CH5_SCAN_BLOCKED win=0 tx=0 retry_gap=0 flood=1 wait=0 rx=0 rxq=0 rxr=0 ack=0 ch9=0 rf=0 retry=5 interval=380
215164.823 [0] DBG_SCAN_SKIPPED reason=blocked
215164.823 [0] DBG_ANCHOR_CH5_SCAN_RESCHED ret=1 delay=5
215164.823 [0] DBG_ANCHOR_CH5_SCAN_HANDLER role=2
215164.823 [0] DBG_ANCHOR_CH5_SCAN_BLOCKED win=0 tx=0 retry_gap=0 flood=1 wait=0 rx=0 rxq=0 rxr=0 ack=0 ch9=0 rf=0 retry=5 interval=380
215164.823 [0] DBG_SCAN_SKIPPED reason=blocked
215164.823 [0] DBG_ANCHOR_CH5_SCAN_RESCHED ret=1 delay=5
215164.823 [0] DBG_ANCHOR_CH5_SCAN_HANDLER role=2
215164.823 [0] DBG_ANCHOR_CH5_SCAN_BLOCKED win=0 tx=0 retry_gap=0 flood=1 wait=0 rx=0 rxq=0 rxr=0 ack=0 ch9=0 rf=0 retry=5 interval=380
215164.823 [0] DBG_SCAN_SKIPPED reason=blocked
215164.823 [0] DBG_ANCHOR_CH5_SCAN_RESCHED ret=1 delay=5
215164.823 [0] DBG_ANCHOR_CH5_SCAN_HANDLER role=2
215164.823 [0] DBG_ANCHOR_CH5_SCAN_BLOCKED win=0 tx=0 retry_gap=0 flood=1 wait=0 rx=0 rxq=0 rxr=0 ack=0 ch9=0 rf=0 retry=5 interval=380
215164.823 [0] DBG_SCAN_SKIPPED reason=blocked
215164.823 [0] DBG_ANCHOR_CH5_SCAN_RESCHED ret=1 delay=5
215164.823 [0] DBG_ANCHOR_CH5_SCAN_HANDLER role=2
215164.823 [0] DBG_SCAN_SKIPPED reason=blocked
215164.823 [0] DBG_ANCHOR_CH5_SCAN_HANDLER role=2
215164.864 [0] DBG_ANCHOR_CH5_SCAN_HANDLER role=2
215164.864 [0] DBG_ANCHOR_CH5_SCAN_BLOCKED win=0 tx=0 retry_gap=0 flood=1 wait=0 rx=0 rxq=0 rxr=0 ack=0 ch9=0 rf=0 retry=5 interval=380
215164.864 [0] DBG_SCAN_SKIPPED reason=blocked
215164.864 [0] DBG_ANCHOR_CH5_SCAN_RESCHED ret=1 delay=5
215164.864 [0] DBG_ANCHOR_CH5_SCAN_HANDLER role=2
215164.864 [0] DBG_ANCHOR_CH5_SCAN_BLOCKED win=0 tx=0 retry_gap=0 flood=1 wait=0 rx=0 rxq=0 rxr=0 ack=0 ch9=0 rf=0 retry=5 interval=380
215164.864 [0] DBG_SCAN_SKIPPED reason=blocked
215164.864 [0] DBG_ANCHOR_CH5_SCAN_RESCHED ret=1 delay=5
215164.864 [0] DBG_ANCHOR_CH5_SCAN_HANDLER role=2
215164.864 [0] DBG_ANCHOR_CH5_SCAN_BLOCKED win=0 tx=0 retry_gap=0 flood=1 wait=0 rx=0 rxq=0 rxr=0 ack=0 ch9=0 rf=0 retry=5 interval=380
215164.864 [0] DBG_SCAN_SKIPPED reason=blocked
215164.864 [0] DBG_ANCHOR_CH5_SCAN_RESCHED ret=1 delay=5
215164.864 [0] DBG_ANCHOR_CH5_SCAN_HANDLER role=2
215164.864 [0] DBG_ANCHOR_CH5_SCAN_BLOCKED win=0 tx=0 retry_gap=0 flood=1 wait=0 rx=0 rxq=0 rxr=0 ack=0 ch9=0 rf=0 retry=5 interval=380
215164.864 [0] DBG_SCAN_SKIPPED reason=blocked
215164.864 [0] DBG_ANCHOR_CH5_SCAN_RESCHED ret=1 delay=5
215164.864 [0] DBG_ANCHOR_CH5_SCAN_HANDLER role=2
215164.864 [0] DBG_SCAN_SKIPPED reason=blocked
215164.864 [0] DBG_ANCHOR_CH5_SCAN_HANDLER role=2
215164.906 [0] DBG_ANCHOR_CH5_SCAN_BLOCKED win=0 tx=0 retry_gap=0 flood=1 wait=0 rx=0 rxq=0 rxr=0 ack=0 ch9=0 rf=0 retry=5 interval=380
215164.906 [0] DBG_SCAN_SKIPPED reason=blocked
215164.906 [0] DBG_ANCHOR_CH5_SCAN_RESCHED ret=1 delay=5
215164.906 [0] DBG_ANCHOR_CH5_SCAN_HANDLER role=2
215164.906 [0] DBG_ANCHOR_CH5_SCAN_BLOCKED win=0 tx=0 retry_gap=0 flood=1 wait=0 rx=0 rxq=0 rxr=0 ack=0 ch9=0 rf=0 retry=5 interval=380
215164.906 [0] DBG_SCAN_SKIPPED reason=blocked
215164.906 [0] DBG_ANCHOR_CH5_SCAN_RESCHED ret=1 delay=5
215164.906 [0] DBG_ANCHOR_CH5_SCAN_HANDLER role=2
215164.906 [0] DBG_ANCHOR_CH5_SCAN_BLOCKED win=0 tx=0 retry_gap=0 flood=1 wait=0 rx=0 rxq=0 rxr=0 ack=0 ch9=0 rf=0 retry=5 interval=380
215164.906 [0] DBG_SCAN_SKIPPED reason=blocked
215164.906 [0] DBG_ANCHOR_CH5_SCAN_RESCHED ret=1 delay=5
215164.906 [0] DBG_ANCHOR_CH5_SCAN_HANDLER role=2
215164.906 [0] DBG_ANCHOR_CH5_SCAN_BLOCKED win=0 tx=0 retry_gap=0 flood=1 wait=0 rx=0 rxq=0 rxr=0 ack=0 ch9=0 rf=0 retry=5 interval=380
215164.906 [0] DBG_SCAN_SKIPPED reason=blocked
215164.906 [0] DBG_ANCHOR_CH5_SCAN_RESCHED ret=1 delay=5
215164.906 [0] DBG_ANCHOR_CH5_SCAN_HANDLER role=2
215164.906 [0] DBG_SCAN_SKIPPED reason=blocked
215164.906 [0] DBG_ANCHOR_CH5_SCAN_RESCHED ret=1 delay=5
215164.948 [0] DBG_ANCHOR_CH5_SCAN_HANDLER role=2
215164.948 [0] DBG_ANCHOR_CH5_SCAN_BLOCKED win=0 tx=0 retry_gap=0 flood=1 wait=0 rx=0 rxq=0 rxr=0 ack=0 ch9=0 rf=0 retry=5 interval=380
215164.948 [0] DBG_SCAN_SKIPPED reason=blocked
215164.948 [0] DBG_ANCHOR_CH5_SCAN_RESCHED ret=1 delay=5
215164.948 [0] DBG_ANCHOR_CH5_SCAN_HANDLER role=2
215164.948 [0] DBG_ANCHOR_CH5_SCAN_BLOCKED win=0 tx=0 retry_gap=0 flood=1 wait=0 rx=0 rxq=0 rxr=0 ack=0 ch9=0 rf=0 retry=5 interval=380
215164.948 [0] DBG_SCAN_SKIPPED reason=blocked
215164.948 [0] DBG_ANCHOR_CH5_SCAN_RESCHED ret=1 delay=5
215164.948 [0] DBG_ANCHOR_CH5_SCAN_HANDLER role=2
215164.948 [0] DBG_ANCHOR_CH5_SCAN_BLOCKED win=0 tx=0 retry_gap=0 flood=1 wait=0 rx=0 rxq=0 rxr=0 ack=0 ch9=0 rf=0 retry=5 interval=380
215164.948 [0] DBG_SCAN_SKIPPED reason=blocked
215164.948 [0] DBG_ANCHOR_CH5_SCAN_RESCHED ret=1 delay=5
215164.948 [0] DBG_ANCHOR_CH5_SCAN_HANDLER role=2
215164.948 [0] DBG_ANCHOR_CH5_SCAN_BLOCKED win=0 tx=0 retry_gap=0 flood=1 wait=0 rx=0 rxq=0 rxr=0 ack=0 ch9=0 rf=0 retry=5 interval=380
215164.948 [0] DBG_SCAN_SKIPPED reason=blocked
215164.948 [0] DBG_ANCHOR_CH5_SCAN_RESCHED ret=1 delay=5
215164.948 [0] DBG_ANCHOR_CH5_SCAN_HANDLER role=2
215164.948 [0] DBG_SCAN_SKIPPED reason=blocked
215164.948 [0] DBG_ANCHOR_CH5_SCAN_HANDLER role=2
215164.989 [0] DBG_ANCHOR_CH5_SCAN_BLOCKED win=0 tx=0 retry_gap=0 flood=1 wait=0 rx=0 rxq=0 rxr=0 ack=0 ch9=0 rf=0 retry=5 interval=380
215164.989 [0] DBG_SCAN_SKIPPED reason=blocked
215164.989 [0] DBG_ANCHOR_CH5_SCAN_RESCHED ret=1 delay=5
215164.989 [0] DBG_ANCHOR_CH5_SCAN_HANDLER role=2
215164.989 [0] DBG_ANCHOR_CH5_SCAN_BLOCKED win=0 tx=0 retry_gap=0 flood=1 wait=0 rx=0 rxq=0 rxr=0 ack=0 ch9=0 rf=0 retry=5 interval=380
215164.989 [0] DBG_SCAN_SKIPPED reason=blocked
215164.989 [0] DBG_ANCHOR_CH5_SCAN_RESCHED ret=1 delay=5
215164.989 [0] DBG_ANCHOR_CH5_SCAN_HANDLER role=2
215164.989 [0] DBG_ANCHOR_CH5_SCAN_BLOCKED win=0 tx=0 retry_gap=0 flood=1 wait=0 rx=0 rxq=0 rxr=0 ack=0 ch9=0 rf=0 retry=5 interval=380
215164.989 [0] DBG_SCAN_SKIPPED reason=blocked
215164.989 [0] DBG_ANCHOR_CH5_SCAN_RESCHED ret=1 delay=5
215164.989 [0] DBG_ANCHOR_CH5_SCAN_HANDLER role=2
215164.989 [0] DBG_ANCHOR_CH5_SCAN_BLOCKED win=0 tx=0 retry_gap=0 flood=1 wait=0 rx=0 rxq=0 rxr=0 ack=0 ch9=0 rf=0 retry=5 interval=380
215164.989 [0] DBG_SCAN_SKIPPED reason=blocked
215164.989 [0] DBG_ANCHOR_CH5_SCAN_RESCHED ret=1 delay=5
215164.989 [0] DBG_ANCHOR_CH5_SCAN_HANDLER role=2
215164.989 [0] DBG_SCAN_SKIPPED reason=blocked
215164.989 [0] DBG_ANCHOR_CH5_SCAN_RESCHED ret=1 delay=5
215165.030 [0] DBG_ANCHOR_CH5_SCAN_HANDLER role=2
215165.030 [0] DBG_ANCHOR_CH5_SCAN_BLOCKED win=0 tx=0 retry_gap=0 flood=1 wait=0 rx=0 rxq=0 rxr=0 ack=0 ch9=0 rf=0 retry=5 interval=380
215165.030 [0] DBG_SCAN_SKIPPED reason=blocked
215165.030 [0] DBG_ANCHOR_CH5_SCAN_RESCHED ret=1 delay=5
215165.030 [0] DBG_ANCHOR_CH5_SCAN_HANDLER role=2
215165.030 [0] DBG_ANCHOR_CH5_SCAN_BLOCKED win=0 tx=0 retry_gap=0 flood=1 wait=0 rx=0 rxq=0 rxr=0 ack=0 ch9=0 rf=0 retry=5 interval=380
215165.030 [0] DBG_SCAN_SKIPPED reason=blocked
215165.030 [0] DBG_ANCHOR_CH5_SCAN_RESCHED ret=1 delay=5
215165.030 [0] DBG_ANCHOR_CH5_SCAN_HANDLER role=2
215165.030 [0] DBG_ANCHOR_CH5_SCAN_BLOCKED win=0 tx=0 retry_gap=0 flood=1 wait=0 rx=0 rxq=0 rxr=0 ack=0 ch9=0 rf=0 retry=5 interval=380
215165.030 [0] DBG_SCAN_SKIPPED reason=blocked
215165.030 [0] DBG_ANCHOR_CH5_SCAN_RESCHED ret=1 delay=5
215165.030 [0] DBG_ANCHOR_CH5_SCAN_HANDLER role=2
215165.030 [0] DBG_ANCHOR_CH5_SCAN_BLOCKED win=0 tx=0 retry_gap=0 flood=1 wait=0 rx=0 rxq=0 rxr=0 ack=0 ch9=0 rf=0 retry=5 interval=380
215165.030 [0] DBG_SCAN_SKIPPED reason=blocked
215165.030 [0] DBG_ANCHOR_CH5_SCAN_RESCHED ret=1 delay=5
215165.030 [0] DBG_ANCHOR_CH5_SCAN_HANDLER role=2
215165.030 [0] DBG_SCAN_SKIPPED reason=blocked
215165.030 [0] DBG_ANCHOR_CH5_SCAN_HANDLER role=2
215165.070 [0] DBG_ANCHOR_CH5_SCAN_HANDLER role=2
215165.070 [0] DBG_ANCHOR_CH5_SCAN_BLOCKED win=0 tx=0 retry_gap=0 flood=1 wait=0 rx=0 rxq=0 rxr=0 ack=0 ch9=0 rf=0 retry=5 interval=380
215165.070 [0] DBG_SCAN_SKIPPED reason=blocked
215165.070 [0] DBG_ANCHOR_CH5_SCAN_RESCHED ret=1 delay=5
215165.070 [0] DBG_ANCHOR_CH5_SCAN_HANDLER role=2
215165.070 [0] DBG_ANCHOR_CH5_SCAN_BLOCKED win=0 tx=0 retry_gap=0 flood=1 wait=0 rx=0 rxq=0 rxr=0 ack=0 ch9=0 rf=0 retry=5 interval=380
215165.070 [0] DBG_SCAN_SKIPPED reason=blocked
215165.070 [0] DBG_ANCHOR_CH5_SCAN_RESCHED ret=1 delay=5
215165.070 [0] DBG_ANCHOR_CH5_SCAN_HANDLER role=2
215165.070 [0] DBG_ANCHOR_CH5_SCAN_BLOCKED win=0 tx=0 retry_gap=0 flood=1 wait=0 rx=0 rxq=0 rxr=0 ack=0 ch9=0 rf=0 retry=5 interval=380
215165.070 [0] DBG_SCAN_SKIPPED reason=blocked
215165.070 [0] DBG_ANCHOR_CH5_SCAN_RESCHED ret=1 delay=5
215165.070 [0] DBG_ANCHOR_CH5_SCAN_HANDLER role=2
215165.070 [0] DBG_ANCHOR_CH5_SCAN_BLOCKED win=0 tx=0 retry_gap=0 flood=1 wait=0 rx=0 rxq=0 rxr=0 ack=0 ch9=0 rf=0 retry=5 interval=380
215165.070 [0] DBG_SCAN_SKIPPED reason=blocked
215165.070 [0] DBG_ANCHOR_CH5_SCAN_RESCHED ret=1 delay=5
215165.070 [0] DBG_ANCHOR_CH5_SCAN_HANDLER role=2
215165.070 [0] DBG_SCAN_SKIPPED reason=blocked
215165.070 [0] DBG_ANCHOR_CH5_SCAN_HANDLER role=2
215165.110 [0] DBG_ANCHOR_CH5_SCAN_HANDLER role=2
215165.110 [0] DBG_ANCHOR_CH5_SCAN_BLOCKED win=0 tx=0 retry_gap=0 flood=1 wait=0 rx=0 rxq=0 rxr=0 ack=0 ch9=0 rf=0 retry=5 interval=380
215165.110 [0] DBG_SCAN_SKIPPED reason=blocked
215165.110 [0] DBG_ANCHOR_CH5_SCAN_RESCHED ret=1 delay=5
215165.110 [0] DBG_ANCHOR_CH5_SCAN_HANDLER role=2
215165.110 [0] DBG_ANCHOR_CH5_SCAN_BLOCKED win=0 tx=0 retry_gap=0 flood=1 wait=0 rx=0 rxq=0 rxr=0 ack=0 ch9=0 rf=0 retry=5 interval=380
215165.110 [0] DBG_SCAN_SKIPPED reason=blocked
215165.110 [0] DBG_ANCHOR_CH5_SCAN_RESCHED ret=1 delay=5
215165.110 [0] DBG_ANCHOR_CH5_SCAN_HANDLER role=2
215165.110 [0] DBG_ANCHOR_CH5_SCAN_BLOCKED win=0 tx=0 retry_gap=0 flood=1 wait=0 rx=0 rxq=0 rxr=0 ack=0 ch9=0 rf=0 retry=5 interval=380
215165.110 [0] DBG_SCAN_SKIPPED reason=blocked
215165.110 [0] DBG_ANCHOR_CH5_SCAN_RESCHED ret=1 delay=5
215165.110 [0] DBG_ANCHOR_CH5_SCAN_HANDLER role=2
215165.110 [0] DBG_ANCHOR_CH5_SCAN_BLOCKED win=0 tx=0 retry_gap=0 flood=1 wait=0 rx=0 rxq=0 rxr=0 ack=0 ch9=0 rf=0 retry=5 interval=380
215165.110 [0] DBG_SCAN_SKIPPED reason=blocked
215165.110 [0] DBG_ANCHOR_CH5_SCAN_RESCHED ret=1 delay=5
215165.110 [0] DBG_ANCHOR_CH5_SCAN_HANDLER role=2
215165.110 [0] DBG_SCAN_SKIPPED reason=blocked
215165.110 [0] DBG_ANCHOR_CH5_SCAN_HANDLER role=2
215165.150 [0] DBG_ANCHOR_CH5_SCAN_HANDLER role=2
215165.150 [0] DBG_ANCHOR_CH5_SCAN_BLOCKED win=0 tx=0 retry_gap=0 flood=1 wait=0 rx=0 rxq=0 rxr=0 ack=0 ch9=0 rf=0 retry=5 interval=380
215165.150 [0] DBG_SCAN_SKIPPED reason=blocked
215165.150 [0] DBG_ANCHOR_CH5_SCAN_RESCHED ret=1 delay=5
215165.150 [0] DBG_ANCHOR_CH5_SCAN_HANDLER role=2
215165.150 [0] DBG_ANCHOR_CH5_SCAN_BLOCKED win=0 tx=0 retry_gap=0 flood=1 wait=0 rx=0 rxq=0 rxr=0 ack=0 ch9=0 rf=0 retry=5 interval=380
215165.150 [0] DBG_SCAN_SKIPPED reason=blocked
215165.150 [0] DBG_ANCHOR_CH5_SCAN_RESCHED ret=1 delay=5
215165.150 [0] DBG_ANCHOR_CH5_SCAN_HANDLER role=2
215165.150 [0] DBG_ANCHOR_CH5_SCAN_BLOCKED win=0 tx=0 retry_gap=0 flood=1 wait=0 rx=0 rxq=0 rxr=0 ack=0 ch9=0 rf=0 retry=5 interval=380
215165.150 [0] DBG_SCAN_SKIPPED reason=blocked
215165.150 [0] DBG_ANCHOR_CH5_SCAN_RESCHED ret=1 delay=5
215165.150 [0] DBG_ANCHOR_CH5_SCAN_HANDLER role=2
215165.150 [0] DBG_ANCHOR_CH5_SCAN_BLOCKED win=0 tx=0 retry_gap=0 flood=1 wait=0 rx=0 rxq=0 rxr=0 ack=0 ch9=0 rf=0 retry=5 interval=380
215165.150 [0] DBG_SCAN_SKIPPED reason=blocked
215165.150 [0] DBG_ANCHOR_CH5_SCAN_RESCHED ret=1 delay=5
215165.150 [0] DBG_ANCHOR_CH5_SCAN_HANDLER role=2
215165.150 [0] DBG_SCAN_SKIPPED reason=blocked
215165.150 [0] DBG_ANCHOR_CH5_SCAN_HANDLER role=2
215165.189 [0] DBG_ANCHOR_CH5_SCAN_BLOCKED win=0 tx=0 retry_gap=0 flood=1 wait=0 rx=0 rxq=0 rxr=0 ack=0 ch9=0 rf=0 retry=5 interval=380
215165.189 [0] DBG_SCAN_SKIPPED reason=blocked
215165.189 [0] DBG_ANCHOR_CH5_SCAN_RESCHED ret=1 delay=5
215165.189 [0] DBG_ANCHOR_CH5_SCAN_HANDLER role=2
215165.189 [0] DBG_ANCHOR_CH5_SCAN_BLOCKED win=0 tx=0 retry_gap=0 flood=1 wait=0 rx=0 rxq=0 rxr=0 ack=0 ch9=0 rf=0 retry=5 interval=380
215165.189 [0] DBG_SCAN_SKIPPED reason=blocked
215165.189 [0] DBG_ANCHOR_CH5_SCAN_RESCHED ret=1 delay=5
215165.189 [0] DBG_ANCHOR_CH5_SCAN_HANDLER role=2
215165.189 [0] DBG_ANCHOR_CH5_SCAN_BLOCKED win=0 tx=0 retry_gap=0 flood=1 wait=0 rx=0 rxq=0 rxr=0 ack=0 ch9=0 rf=0 retry=5 interval=380
215165.189 [0] DBG_SCAN_SKIPPED reason=blocked
215165.189 [0] DBG_ANCHOR_CH5_SCAN_RESCHED ret=1 delay=5
215165.189 [0] DBG_ANCHOR_CH5_SCAN_HANDLER role=2
215165.189 [0] DBG_ANCHOR_CH5_SCAN_BLOCKED win=0 tx=0 retry_gap=0 flood=1 wait=0 rx=0 rxq=0 rxr=0 ack=0 ch9=0 rf=0 retry=5 interval=380
215165.189 [0] DBG_SCAN_SKIPPED reason=blocked
215165.189 [0] DBG_ANCHOR_CH5_SCAN_RESCHED ret=1 delay=5
215165.189 [0] DBG_ANCHOR_CH5_SCAN_HANDLER role=2
215165.189 [0] DBG_SCAN_SKIPPED reason=blocked
215165.189 [0] DBG_ANCHOR_CH5_SCAN_RESCHED ret=1 delay=5
215165.230 [0] DBG_ANCHOR_CH5_SCAN_BLOCKED win=0 tx=0 retry_gap=0 flood=1 wait=0 rx=0 rxq=0 rxr=0 ack=0 ch9=0 rf=0 retry=5 interval=380
215165.230 [0] DBG_SCAN_SKIPPED reason=blocked
215165.230 [0] DBG_ANCHOR_CH5_SCAN_RESCHED ret=1 delay=5
215165.230 [0] DBG_ANCHOR_CH5_SCAN_HANDLER role=2
215165.230 [0] DBG_ANCHOR_CH5_SCAN_BLOCKED win=0 tx=0 retry_gap=0 flood=1 wait=0 rx=0 rxq=0 rxr=0 ack=0 ch9=0 rf=0 retry=5 interval=380
215165.230 [0] DBG_SCAN_SKIPPED reason=blocked
215165.230 [0] DBG_ANCHOR_CH5_SCAN_RESCHED ret=1 delay=5
215165.230 [0] DBG_ANCHOR_CH5_SCAN_HANDLER role=2
215165.230 [0] DBG_ANCHOR_CH5_SCAN_BLOCKED win=0 tx=0 retry_gap=0 flood=1 wait=0 rx=0 rxq=0 rxr=0 ack=0 ch9=0 rf=0 retry=5 interval=380
215165.230 [0] DBG_SCAN_SKIPPED reason=blocked
215165.230 [0] DBG_ANCHOR_CH5_SCAN_RESCHED ret=1 delay=5
215165.230 [0] DBG_ANCHOR_CH5_SCAN_HANDLER role=2
215165.230 [0] DBG_ANCHOR_CH5_SCAN_BLOCKED win=0 tx=0 retry_gap=0 flood=1 wait=0 rx=0 rxq=0 rxr=0 ack=0 ch9=0 rf=0 retry=5 interval=380
215165.230 [0] DBG_SCAN_SKIPPED reason=blocked
215165.230 [0] DBG_ANCHOR_CH5_SCAN_RESCHED ret=1 delay=5
215165.230 [0] DBG_ANCHOR_CH5_SCAN_HANDLER role=2
215165.230 [0] DBG_SCAN_SKIPPED reason=blocked
215165.230 [0] DBG_ANCHOR_CH5_SCAN_RESCHED ret=1 delay=5
215165.271 [0] DBG_ANCHOR_CH5_SCAN_HANDLER role=2
215165.271 [0] DBG_ANCHOR_CH5_SCAN_BLOCKED win=0 tx=0 retry_gap=0 flood=1 wait=0 rx=0 rxq=0 rxr=0 ack=0 ch9=0 rf=0 retry=5 interval=380
215165.271 [0] DBG_SCAN_SKIPPED reason=blocked
215165.271 [0] DBG_ANCHOR_CH5_SCAN_RESCHED ret=1 delay=5
215165.271 [0] DBG_ANCHOR_CH5_SCAN_HANDLER role=2
215165.271 [0] DBG_ANCHOR_CH5_SCAN_BLOCKED win=0 tx=0 retry_gap=0 flood=1 wait=0 rx=0 rxq=0 rxr=0 ack=0 ch9=0 rf=0 retry=5 interval=380
215165.271 [0] DBG_SCAN_SKIPPED reason=blocked
215165.271 [0] DBG_ANCHOR_CH5_SCAN_RESCHED ret=1 delay=5
215165.271 [0] DBG_ANCHOR_CH5_SCAN_HANDLER role=2
215165.271 [0] DBG_ANCHOR_CH5_SCAN_BLOCKED win=0 tx=0 retry_gap=0 flood=1 wait=0 rx=0 rxq=0 rxr=0 ack=0 ch9=0 rf=0 retry=5 interval=380
215165.271 [0] DBG_SCAN_SKIPPED reason=blocked
215165.271 [0] DBG_ANCHOR_CH5_SCAN_RESCHED ret=1 delay=5
215165.271 [0] DBG_ANCHOR_CH5_SCAN_HANDLER role=2
215165.271 [0] DBG_ANCHOR_CH5_SCAN_BLOCKED win=0 tx=0 retry_gap=0 flood=1 wait=0 rx=0 rxq=0 rxr=0 ack=0 ch9=0 rf=0 retry=5 interval=380
215165.271 [0] DBG_SCAN_SKIPPED reason=blocked
215165.271 [0] DBG_ANCHOR_CH5_SCAN_RESCHED ret=1 delay=5
215165.271 [0] DBG_ANCHOR_CH5_SCAN_HANDLER role=2
215165.271 [0] DBG_SCAN_SKIPPED reason=blocked
215165.271 [0] DBG_WAKE_TRAIN_GUARD_OK
215165.317 [0] DBG_DWM_MARK_UNCONFIGURED tag=initialise_radio prev_phy=0
215165.317 [0] DBG_DWM_PHY_SWITCH from=4 to=2 fast=0 us=18951
215165.317 [0] DBG_WAKE_TRAIN_CONFIG_OK
215165.317 [0] DBG_UWB_TX_CH5
215165.317 [0] DBG_TX_WAKE_CLAIM_SENT
215165.317 [0] DBG_UWB_TX_CH5
215165.317 [0] DBG_TX_WAKE_CLAIM_SENT
215165.317 [0] DBG_UWB_TX_CH5
215165.317 [0] DBG_TX_WAKE_CLAIM_SENT
215165.317 [0] DBG_UWB_TX_CH5
215165.317 [0] DBG_TX_WAKE_CLAIM_SENT
215165.362 [0] DBG_UWB_TX_CH5
215165.362 [0] DBG_TX_WAKE_CLAIM_SENT
215165.362 [0] DBG_UWB_TX_CH5
215165.362 [0] DBG_TX_WAKE_CLAIM_SENT
215165.362 [0] DBG_UWB_TX_CH5
215165.362 [0] DBG_TX_WAKE_CLAIM_SENT
215165.362 [0] DBG_UWB_TX_CH5
215165.362 [0] DBG_TX_WAKE_CLAIM_SENT
215165.362 [0] DBG_UWB_TX_CH5
215165.362 [0] DBG_TX_WAKE_CLAIM_SENT
215165.362 [0] DBG_UWB_TX_CH5
215165.362 [0] DBG_TX_WAKE_CLAIM_SENT
215165.362 [0] DBG_UWB_TX_CH5
215165.362 [0] DBG_TX_WAKE_CLAIM_SENT
215165.407 [0] DBG_UWB_TX_CH5
215165.407 [0] DBG_TX_WAKE_CLAIM_SENT
215165.407 [0] DBG_UWB_TX_CH5
215165.407 [0] DBG_TX_WAKE_CLAIM_SENT
215165.407 [0] DBG_UWB_TX_CH5
215165.407 [0] DBG_TX_WAKE_CLAIM_SENT
215165.407 [0] DBG_UWB_TX_CH5
215165.407 [0] DBG_TX_WAKE_CLAIM_SENT
215165.407 [0] DBG_UWB_TX_CH5
215165.407 [0] DBG_TX_WAKE_CLAIM_SENT
215165.407 [0] DBG_UWB_TX_CH5
215165.407 [0] DBG_TX_WAKE_CLAIM_SENT
215165.407 [0] DBG_UWB_TX_CH5
215165.407 [0] DBG_TX_WAKE_CLAIM_SENT
215165.451 [0] DBG_UWB_TX_CH5
215165.451 [0] DBG_TX_WAKE_CLAIM_SENT
215165.451 [0] DBG_UWB_TX_CH5
215165.451 [0] DBG_TX_WAKE_CLAIM_SENT
215165.451 [0] DBG_UWB_TX_CH5
215165.451 [0] DBG_TX_WAKE_CLAIM_SENT
215165.451 [0] DBG_UWB_TX_CH5
215165.451 [0] DBG_TX_WAKE_CLAIM_SENT
215165.451 [0] DBG_UWB_TX_CH5
215165.451 [0] DBG_TX_WAKE_CLAIM_SENT
215165.451 [0] DBG_UWB_TX_CH5
215165.451 [0] DBG_TX_WAKE_CLAIM_SENT
215165.451 [0] DBG_UWB_TX_CH5
215165.451 [0] DBG_TX_WAKE_CLAIM_SENT
215165.495 [0] DBG_UWB_TX_CH5
215165.495 [0] DBG_TX_WAKE_CLAIM_SENT
215165.495 [0] DBG_UWB_TX_CH5
215165.495 [0] DBG_TX_WAKE_CLAIM_SENT
215165.495 [0] DBG_UWB_TX_CH5
215165.495 [0] DBG_TX_WAKE_CLAIM_SENT
215165.495 [0] DBG_UWB_TX_CH5
215165.495 [0] DBG_TX_WAKE_CLAIM_SENT
215165.495 [0] DBG_UWB_TX_CH5
215165.495 [0] DBG_TX_WAKE_CLAIM_SENT
215165.495 [0] DBG_UWB_TX_CH5
215165.495 [0] DBG_TX_WAKE_CLAIM_SENT
215165.495 [0] DBG_UWB_TX_CH5
215165.495 [0] DBG_TX_WAKE_CLAIM_SENT
215165.541 [0] DBG_UWB_TX_CH5
215165.541 [0] DBG_TX_WAKE_CLAIM_SENT
215165.541 [0] DBG_UWB_TX_CH5
215165.541 [0] DBG_TX_WAKE_CLAIM_SENT
215165.541 [0] DBG_UWB_TX_CH5
215165.541 [0] DBG_TX_WAKE_CLAIM_SENT
215165.541 [0] DBG_UWB_TX_CH5
215165.541 [0] DBG_TX_WAKE_CLAIM_SENT
215165.541 [0] DBG_UWB_TX_CH5
215165.541 [0] DBG_TX_WAKE_CLAIM_SENT
215165.541 [0] DBG_UWB_TX_CH5
215165.541 [0] DBG_TX_WAKE_CLAIM_SENT
215165.541 [0] DBG_UWB_TX_CH5
215165.541 [0] DBG_TX_WAKE_CLAIM_SENT
215165.541 [0] DBG_UWB_TX_CH5
215165.541 [0] DBG_TX_WAKE_CLAIM_SENT
215165.588 [0] DBG_UWB_TX_CH5
215165.588 [0] DBG_TX_WAKE_CLAIM_SENT
215165.588 [0] DBG_UWB_TX_CH5
215165.588 [0] DBG_TX_WAKE_CLAIM_SENT
215165.588 [0] DBG_UWB_TX_CH5
215165.588 [0] DBG_TX_WAKE_CLAIM_SENT
215165.588 [0] DBG_UWB_TX_CH5
215165.588 [0] DBG_TX_WAKE_CLAIM_SENT
215165.588 [0] DBG_UWB_TX_CH5
215165.588 [0] DBG_TX_WAKE_CLAIM_SENT
215165.588 [0] DBG_UWB_TX_CH5
215165.588 [0] DBG_TX_WAKE_CLAIM_SENT
215165.588 [0] DBG_UWB_TX_CH5
215165.588 [0] DBG_TX_WAKE_CLAIM_SENT
215165.635 [0] DBG_UWB_TX_CH5
215165.635 [0] DBG_TX_WAKE_CLAIM_SENT
215165.635 [0] DBG_UWB_TX_CH5
215165.635 [0] DBG_TX_WAKE_CLAIM_SENT
215165.635 [0] DBG_UWB_TX_CH5
215165.635 [0] DBG_TX_WAKE_CLAIM_SENT
215165.635 [0] DBG_UWB_TX_CH5
215165.635 [0] DBG_TX_WAKE_CLAIM_SENT
215165.635 [0] DBG_UWB_TX_CH5
215165.635 [0] DBG_TX_WAKE_CLAIM_SENT
215165.635 [0] DBG_UWB_TX_CH5
215165.635 [0] DBG_TX_WAKE_CLAIM_SENT
215165.635 [0] DBG_UWB_TX_CH5
215165.635 [0] DBG_TX_WAKE_CLAIM_SENT
215165.680 [0] DBG_UWB_TX_CH5
215165.680 [0] DBG_TX_WAKE_CLAIM_SENT
215165.680 [0] DBG_UWB_TX_CH5
215165.680 [0] DBG_TX_WAKE_CLAIM_SENT
215165.680 [0] DBG_UWB_TX_CH5
215165.680 [0] DBG_TX_WAKE_CLAIM_SENT
215165.680 [0] DBG_UWB_TX_CH5
215165.680 [0] DBG_TX_WAKE_CLAIM_SENT
215165.680 [0] DBG_UWB_TX_CH5
215165.680 [0] DBG_TX_WAKE_CLAIM_SENT
215165.680 [0] DBG_UWB_TX_CH5
215165.680 [0] DBG_TX_WAKE_CLAIM_SENT
215165.680 [0] DBG_UWB_TX_CH5
215165.680 [0] DBG_TX_WAKE_CLAIM_SENT
215165.728 [0] DBG_UWB_TX_CH5
215165.728 [0] DBG_TX_WAKE_CLAIM_SENT
215165.728 [0] DBG_UWB_TX_CH5
215165.728 [0] DBG_TX_WAKE_CLAIM_SENT
215165.728 [0] DBG_UWB_TX_CH5
215165.728 [0] DBG_TX_WAKE_CLAIM_SENT
215165.728 [0] DBG_UWB_TX_CH5
215165.728 [0] DBG_TX_WAKE_CLAIM_SENT
215165.728 [0] DBG_UWB_TX_CH5
215165.728 [0] DBG_TX_WAKE_CLAIM_SENT
215165.728 [0] DBG_UWB_TX_CH5
215165.728 [0] DBG_TX_WAKE_CLAIM_SENT
215165.728 [0] DBG_UWB_TX_CH5
215165.728 [0] DBG_TX_WAKE_CLAIM_SENT
215165.728 [0] DBG_UWB_TX_CH5
215165.728 [0] DBG_TX_WAKE_CLAIM_SENT
215165.780 [0] DBG_UWB_TX_CH5
215165.780 [0] DBG_TX_WAKE_CLAIM_SENT
215165.780 [0] DBG_UWB_TX_CH5
215165.780 [0] DBG_TX_WAKE_CLAIM_SENT
215165.780 [0] DBG_WAKE_TRAIN_TIMING evt=8445 start=8468 first=8474 last=8917 end=8918 sent=71 ret=0
215165.780 [0] DBG_ACTIVATION_TRAIN_CADENCE sent=71 max_interval_us=6378
215165.780 [0] DBG_ACTIVATION_TRAIN_PEAK frame=9 tx_call_us=5706 between_calls_us=672
215165.780 [0] DBG_ACTIVATION_TRAIN_RF max_interval_us=6385
215165.780 [0] DBG_C5_CONTROL_FOLLOWUP_TURNAROUND delay=60 msg=3c reason=gateway-route-adv-forward
215165.780 [0] DBG_ANCHOR_CH5_SCAN_HANDLER role=2
215165.780 [0] DBG_ANCHOR_CH5_SCAN_BLOCKED win=0 tx=0 retry_gap=0 flood=1 wait=0 rx=0 rxq=0 rxr=0 ack=0 ch9=0 rf=0 retry=5 interval=380
215165.780 [0] DBG_SCAN_SKIPPED reason=blocked
215165.780 [0] DBG_ANCHOR_CH5_SCAN_RESCHED ret=1 delay=5
215165.780 [0] DBG_ANCHOR_CH5_SCAN_HANDLER role=2
215165.780 [0] DBG_ANCHOR_CH5_SCAN_BLOCKED win=0 tx=0 retry_gap=0 flood=1 wait=0 rx=0 rxq=0 rxr=0 ack=0 ch9=0 rf=0 retry=5 interval=380
215165.780 [0] DBG_SCAN_SKIPPED reason=blocked
215165.780 [0] DBG_ANCHOR_CH5_SCAN_RESCHED ret=1 delay=5
215165.780 [0] DBG_ANCHOR_CH5_SCAN_HANDLER role=2
215165.780 [0] DBG_SCAN_SKIPPED reason=blocked
215165.780 [0] DBG_ANCHOR_CH5_SCAN_RESCHED ret=1 delay=5
215165.780 [0] DBG_SCAN_SKIPPED reason=blocked
215165.822 [0] DBG_ANCHOR_CH5_SCAN_RESCHED ret=1 delay=5
215165.822 [0] DBG_ANCHOR_CH5_SCAN_HANDLER role=2
215165.822 [0] DBG_ANCHOR_CH5_SCAN_BLOCKED win=0 tx=0 retry_gap=0 flood=1 wait=0 rx=0 rxq=0 rxr=0 ack=0 ch9=0 rf=0 retry=5 interval=380
215165.822 [0] DBG_SCAN_SKIPPED reason=blocked
215165.822 [0] DBG_ANCHOR_CH5_SCAN_RESCHED ret=1 delay=5
215165.822 [0] DBG_ANCHOR_CH5_SCAN_HANDLER role=2
215165.822 [0] DBG_ANCHOR_CH5_SCAN_BLOCKED win=0 tx=0 retry_gap=0 flood=1 wait=0 rx=0 rxq=0 rxr=0 ack=0 ch9=0 rf=0 retry=5 interval=380
215165.822 [0] DBG_SCAN_SKIPPED reason=blocked
215165.822 [0] DBG_ANCHOR_CH5_SCAN_RESCHED ret=1 delay=5
215165.822 [0] DBG_ANCHOR_CH5_SCAN_HANDLER role=2
215165.822 [0] DBG_ANCHOR_CH5_SCAN_BLOCKED win=0 tx=0 retry_gap=0 flood=1 wait=0 rx=0 rxq=0 rxr=0 ack=0 ch9=0 rf=0 retry=5 interval=380
215165.822 [0] DBG_SCAN_SKIPPED reason=blocked
215165.822 [0] DBG_ANCHOR_CH5_SCAN_RESCHED ret=1 delay=5
215165.822 [0] DBG_ANCHOR_CH5_SCAN_HANDLER role=2
215165.822 [0] DBG_ANCHOR_CH5_SCAN_BLOCKED win=0 tx=0 retry_gap=0 flood=1 wait=0 rx=0 rxq=0 rxr=0 ack=0 ch9=0 rf=0 retry=5 interval=380
215165.822 [0] DBG_SCAN_SKIPPED reason=blocked
215165.822 [0] DBG_ANCHOR_CH5_SCAN_RESCHED ret=1 delay=5
215165.822 [0] DBG_ANCHOR_CH5_SCAN_HANDLER role=2
215165.866 [0] DBG_ANCHOR_CH5_SCAN_HANDLER role=2
215165.866 [0] DBG_ANCHOR_CH5_SCAN_BLOCKED win=0 tx=0 retry_gap=0 flood=1 wait=0 rx=0 rxq=0 rxr=0 ack=0 ch9=0 rf=0 retry=5 interval=380
215165.866 [0] DBG_SCAN_SKIPPED reason=blocked
215165.866 [0] DBG_ANCHOR_CH5_SCAN_RESCHED ret=1 delay=5
215165.866 [0] DBG_ANCHOR_CH5_SCAN_HANDLER role=2
215165.866 [0] DBG_ANCHOR_CH5_SCAN_BLOCKED win=0 tx=0 retry_gap=0 flood=1 wait=0 rx=0 rxq=0 rxr=0 ack=0 ch9=0 rf=0 retry=5 interval=380
215165.866 [0] DBG_SCAN_SKIPPED reason=blocked
215165.866 [0] DBG_ANCHOR_CH5_SCAN_RESCHED ret=1 delay=5
215165.866 [0] DBG_ANCHOR_CH5_SCAN_HANDLER role=2
215165.866 [0] DBG_ANCHOR_CH5_SCAN_BLOCKED win=0 tx=0 retry_gap=0 flood=1 wait=0 rx=0 rxq=0 rxr=0 ack=0 ch9=0 rf=0 retry=5 interval=380
215165.866 [0] DBG_SCAN_SKIPPED reason=blocked
215165.866 [0] DBG_ANCHOR_CH5_SCAN_RESCHED ret=1 delay=5
215165.866 [0] DBG_ANCHOR_CH5_SCAN_HANDLER role=2
215165.866 [0] DBG_ANCHOR_CH5_SCAN_BLOCKED win=0 tx=0 retry_gap=0 flood=1 wait=0 rx=0 rxq=0 rxr=0 ack=0 ch9=0 rf=0 retry=5 interval=380
215165.866 [0] DBG_SCAN_SKIPPED reason=blocked
215165.866 [0] DBG_ANCHOR_CH5_SCAN_RESCHED ret=1 delay=5
215165.866 [0] DBG_ANCHOR_CH5_SCAN_HANDLER role=2
215165.866 [0] DBG_SCAN_SKIPPED reason=blocked
215165.866 [0] DBG_ANCHOR_CH5_SCAN_HANDLER role=2
215165.911 [0] DBG_ANCHOR_CH5_SCAN_HANDLER role=2
215165.911 [0] DBG_ANCHOR_CH5_SCAN_BLOCKED win=0 tx=0 retry_gap=0 flood=1 wait=0 rx=0 rxq=0 rxr=0 ack=0 ch9=0 rf=0 retry=5 interval=380
215165.911 [0] DBG_SCAN_SKIPPED reason=blocked
215165.911 [0] DBG_ANCHOR_CH5_SCAN_RESCHED ret=1 delay=5
215165.911 [0] DBG_ANCHOR_CH5_SCAN_HANDLER role=2
215165.911 [0] DBG_ANCHOR_CH5_SCAN_BLOCKED win=0 tx=0 retry_gap=0 flood=1 wait=0 rx=0 rxq=0 rxr=0 ack=0 ch9=0 rf=0 retry=5 interval=380
215165.911 [0] DBG_SCAN_SKIPPED reason=blocked
215165.911 [0] DBG_ANCHOR_CH5_SCAN_RESCHED ret=1 delay=5
215165.911 [0] DBG_ANCHOR_CH5_SCAN_HANDLER role=2
215165.911 [0] DBG_ANCHOR_CH5_SCAN_BLOCKED win=0 tx=0 retry_gap=0 flood=1 wait=0 rx=0 rxq=0 rxr=0 ack=0 ch9=0 rf=0 retry=5 interval=380
215165.911 [0] DBG_SCAN_SKIPPED reason=blocked
215165.911 [0] DBG_ANCHOR_CH5_SCAN_RESCHED ret=1 delay=5
215165.911 [0] DBG_ANCHOR_CH5_SCAN_HANDLER role=2
215165.911 [0] DBG_ANCHOR_CH5_SCAN_BLOCKED win=0 tx=0 retry_gap=0 flood=1 wait=0 rx=0 rxq=0 rxr=0 ack=0 ch9=0 rf=0 retry=5 interval=380
215165.911 [0] DBG_SCAN_SKIPPED reason=blocked
215165.911 [0] DBG_ANCHOR_CH5_SCAN_RESCHED ret=1 delay=5
215165.911 [0] DBG_ANCHOR_CH5_SCAN_HANDLER role=2
215165.911 [0] DBG_SCAN_SKIPPED reason=blocked
215165.911 [0] DBG_ANCHOR_CH5_SCAN_HANDLER role=2
215165.959 [0] DBG_ANCHOR_CH5_SCAN_HANDLER role=2
215165.959 [0] DBG_ANCHOR_CH5_SCAN_BLOCKED win=0 tx=0 retry_gap=0 flood=1 wait=0 rx=0 rxq=0 rxr=0 ack=0 ch9=0 rf=0 retry=5 interval=380
215165.959 [0] DBG_SCAN_SKIPPED reason=blocked
215165.959 [0] DBG_ANCHOR_CH5_SCAN_RESCHED ret=1 delay=5
215165.959 [0] DBG_ANCHOR_CH5_SCAN_HANDLER role=2
215165.959 [0] DBG_ANCHOR_CH5_SCAN_BLOCKED win=0 tx=0 retry_gap=0 flood=1 wait=0 rx=0 rxq=0 rxr=0 ack=0 ch9=0 rf=0 retry=5 interval=380
215165.959 [0] DBG_SCAN_SKIPPED reason=blocked
215165.959 [0] DBG_ANCHOR_CH5_SCAN_RESCHED ret=1 delay=5
215165.959 [0] DBG_ANCHOR_CH5_SCAN_HANDLER role=2
215165.959 [0] DBG_ANCHOR_CH5_SCAN_BLOCKED win=0 tx=0 retry_gap=0 flood=1 wait=0 rx=0 rxq=0 rxr=0 ack=0 ch9=0 rf=0 retry=5 interval=380
215165.959 [0] DBG_SCAN_SKIPPED reason=blocked
215165.959 [0] DBG_ANCHOR_CH5_SCAN_RESCHED ret=1 delay=5
215165.959 [0] DBG_ANCHOR_CH5_SCAN_HANDLER role=2
215165.959 [0] DBG_ANCHOR_CH5_SCAN_BLOCKED win=0 tx=0 retry_gap=0 flood=1 wait=0 rx=0 rxq=0 rxr=0 ack=0 ch9=0 rf=0 retry=5 interval=380
215165.959 [0] DBG_SCAN_SKIPPED reason=blocked
215165.959 [0] DBG_ANCHOR_CH5_SCAN_RESCHED ret=1 delay=5
215165.959 [0] DBG_ANCHOR_CH5_SCAN_HANDLER role=2
215165.959 [0] DBG_SCAN_SKIPPED reason=blocked
215165.959 [0] DBG_ANCHOR_CH5_SCAN_HANDLER role=2
215166.004 [0] DBG_ANCHOR_CH5_SCAN_HANDLER role=2
215166.004 [0] DBG_ANCHOR_CH5_SCAN_BLOCKED win=0 tx=0 retry_gap=0 flood=1 wait=0 rx=0 rxq=0 rxr=0 ack=0 ch9=0 rf=0 retry=5 interval=380
215166.004 [0] DBG_SCAN_SKIPPED reason=blocked
215166.004 [0] DBG_ANCHOR_CH5_SCAN_RESCHED ret=1 delay=5
215166.004 [0] DBG_ANCHOR_CH5_SCAN_HANDLER role=2
215166.004 [0] DBG_ANCHOR_CH5_SCAN_BLOCKED win=0 tx=0 retry_gap=0 flood=1 wait=0 rx=0 rxq=0 rxr=0 ack=0 ch9=0 rf=0 retry=5 interval=380
215166.004 [0] DBG_SCAN_SKIPPED reason=blocked
215166.004 [0] DBG_ANCHOR_CH5_SCAN_RESCHED ret=1 delay=5
215166.004 [0] DBG_ANCHOR_CH5_SCAN_HANDLER role=2
215166.004 [0] DBG_ANCHOR_CH5_SCAN_BLOCKED win=0 tx=0 retry_gap=0 flood=1 wait=0 rx=0 rxq=0 rxr=0 ack=0 ch9=0 rf=0 retry=5 interval=380
215166.004 [0] DBG_SCAN_SKIPPED reason=blocked
215166.004 [0] DBG_ANCHOR_CH5_SCAN_RESCHED ret=1 delay=5
215166.004 [0] DBG_ANCHOR_CH5_SCAN_HANDLER role=2
215166.004 [0] DBG_ANCHOR_CH5_SCAN_BLOCKED win=0 tx=0 retry_gap=0 flood=1 wait=0 rx=0 rxq=0 rxr=0 ack=0 ch9=0 rf=0 retry=5 interval=380
215166.004 [0] DBG_SCAN_SKIPPED reason=blocked
215166.004 [0] DBG_ANCHOR_CH5_SCAN_RESCHED ret=1 delay=5
215166.004 [0] DBG_ANCHOR_CH5_SCAN_HANDLER role=2
215166.004 [0] DBG_SCAN_SKIPPED reason=blocked
215166.004 [0] DBG_ANCHOR_CH5_SCAN_HANDLER role=2
215166.050 [0] DBG_SCAN_SKIPPED reason=blocked
215166.050 [0] DBG_ANCHOR_CH5_SCAN_RESCHED ret=1 delay=5
215166.050 [0] DBG_ANCHOR_CH5_SCAN_HANDLER role=2
215166.050 [0] DBG_ANCHOR_CH5_SCAN_BLOCKED win=0 tx=0 retry_gap=0 flood=1 wait=0 rx=0 rxq=0 rxr=0 ack=0 ch9=0 rf=0 retry=5 interval=380
215166.050 [0] DBG_SCAN_SKIPPED reason=blocked
215166.050 [0] DBG_ANCHOR_CH5_SCAN_RESCHED ret=1 delay=5
215166.050 [0] DBG_ANCHOR_CH5_SCAN_HANDLER role=2
215166.050 [0] DBG_ANCHOR_CH5_SCAN_BLOCKED win=0 tx=0 retry_gap=0 flood=1 wait=0 rx=0 rxq=0 rxr=0 ack=0 ch9=0 rf=0 retry=5 interval=380
215166.050 [0] DBG_SCAN_SKIPPED reason=blocked
215166.050 [0] DBG_ANCHOR_CH5_SCAN_RESCHED ret=1 delay=5
215166.050 [0] DBG_ANCHOR_CH5_SCAN_HANDLER role=2
215166.050 [0] DBG_ANCHOR_CH5_SCAN_BLOCKED win=0 tx=0 retry_gap=0 flood=1 wait=0 rx=0 rxq=0 rxr=0 ack=0 ch9=0 rf=0 retry=5 interval=380
215166.050 [0] DBG_SCAN_SKIPPED reason=blocked
215166.050 [0] DBG_ANCHOR_CH5_SCAN_RESCHED ret=1 delay=5
215166.050 [0] DBG_ANCHOR_CH5_SCAN_HANDLER role=2
215166.050 [0] DBG_ANCHOR_CH5_SCAN_BLOCKED win=0 tx=0 retry_gap=0 flood=1 wait=0 rx=0 rxq=0 rxr=0 ack=0 ch9=0 rf=0 retry=5 interval=380
215166.050 [0] DBG_SCAN_SKIPPED reason=blocked
215166.050 [0] DBG_ANCHOR_CH5_SCAN_RESCHED ret=1 delay=5
215166.098 [0] DBG_ANCHOR_CH5_SCAN_HANDLER role=2
215166.098 [0] DBG_ANCHOR_CH5_SCAN_BLOCKED win=0 tx=0 retry_gap=0 flood=1 wait=0 rx=0 rxq=0 rxr=0 ack=0 ch9=0 rf=0 retry=5 interval=380
215166.098 [0] DBG_SCAN_SKIPPED reason=blocked
215166.098 [0] DBG_ANCHOR_CH5_SCAN_RESCHED ret=1 delay=5
215166.098 [0] DBG_ANCHOR_CH5_SCAN_HANDLER role=2
215166.098 [0] DBG_ANCHOR_CH5_SCAN_BLOCKED win=0 tx=0 retry_gap=0 flood=1 wait=0 rx=0 rxq=0 rxr=0 ack=0 ch9=0 rf=0 retry=5 interval=380
215166.098 [0] DBG_SCAN_SKIPPED reason=blocked
215166.098 [0] DBG_ANCHOR_CH5_SCAN_RESCHED ret=1 delay=5
215166.098 [0] DBG_ANCHOR_CH5_SCAN_HANDLER role=2
215166.098 [0] DBG_ANCHOR_CH5_SCAN_BLOCKED win=0 tx=0 retry_gap=0 flood=1 wait=0 rx=0 rxq=0 rxr=0 ack=0 ch9=0 rf=0 retry=5 interval=380
215166.098 [0] DBG_SCAN_SKIPPED reason=blocked
215166.098 [0] DBG_ANCHOR_CH5_SCAN_RESCHED ret=1 delay=5
215166.098 [0] DBG_ANCHOR_CH5_SCAN_HANDLER role=2
215166.098 [0] DBG_ANCHOR_CH5_SCAN_BLOCKED win=0 tx=0 retry_gap=0 flood=1 wait=0 rx=0 rxq=0 rxr=0 ack=0 ch9=0 rf=0 retry=5 interval=380
215166.098 [0] DBG_SCAN_SKIPPED reason=blocked
215166.098 [0] DBG_ANCHOR_CH5_SCAN_RESCHED ret=1 delay=5
215166.098 [0] DBG_ANCHOR_CH5_SCAN_HANDLER role=2
215166.098 [0] DBG_SCAN_SKIPPED reason=blocked
215166.098 [0] DBG_ANCHOR_CH5_SCAN_HANDLER role=2
215166.144 [0] DBG_ANCHOR_CH5_SCAN_HANDLER role=2
215166.144 [0] DBG_ANCHOR_CH5_SCAN_BLOCKED win=0 tx=0 retry_gap=0 flood=1 wait=0 rx=0 rxq=0 rxr=0 ack=0 ch9=0 rf=0 retry=5 interval=380
215166.144 [0] DBG_SCAN_SKIPPED reason=blocked
215166.144 [0] DBG_ANCHOR_CH5_SCAN_RESCHED ret=1 delay=5
215166.144 [0] DBG_ANCHOR_CH5_SCAN_HANDLER role=2
215166.144 [0] DBG_ANCHOR_CH5_SCAN_BLOCKED win=0 tx=0 retry_gap=0 flood=1 wait=0 rx=0 rxq=0 rxr=0 ack=0 ch9=0 rf=0 retry=5 interval=380
215166.144 [0] DBG_SCAN_SKIPPED reason=blocked
215166.144 [0] DBG_ANCHOR_CH5_SCAN_RESCHED ret=1 delay=5
215166.144 [0] DBG_ANCHOR_CH5_SCAN_HANDLER role=2
215166.144 [0] DBG_ANCHOR_CH5_SCAN_BLOCKED win=0 tx=0 retry_gap=0 flood=1 wait=0 rx=0 rxq=0 rxr=0 ack=0 ch9=0 rf=0 retry=5 interval=380
215166.144 [0] DBG_SCAN_SKIPPED reason=blocked
215166.144 [0] DBG_ANCHOR_CH5_SCAN_RESCHED ret=1 delay=5
215166.144 [0] DBG_ANCHOR_CH5_SCAN_HANDLER role=2
215166.144 [0] DBG_ANCHOR_CH5_SCAN_BLOCKED win=0 tx=0 retry_gap=0 flood=1 wait=0 rx=0 rxq=0 rxr=0 ack=0 ch9=0 rf=0 retry=5 interval=380
215166.144 [0] DBG_SCAN_SKIPPED reason=blocked
215166.144 [0] DBG_ANCHOR_CH5_SCAN_RESCHED ret=1 delay=5
215166.144 [0] DBG_ANCHOR_CH5_SCAN_HANDLER role=2
215166.144 [0] DBG_SCAN_SKIPPED reason=blocked
215166.144 [0] DBG_ANCHOR_CH5_SCAN_HANDLER role=2
215166.191 [0] DBG_ANCHOR_CH5_SCAN_HANDLER role=2
215166.191 [0] DBG_ANCHOR_CH5_SCAN_BLOCKED win=0 tx=0 retry_gap=0 flood=1 wait=0 rx=0 rxq=0 rxr=0 ack=0 ch9=0 rf=0 retry=5 interval=380
215166.191 [0] DBG_SCAN_SKIPPED reason=blocked
215166.191 [0] DBG_ANCHOR_CH5_SCAN_RESCHED ret=1 delay=5
215166.191 [0] DBG_ANCHOR_CH5_SCAN_HANDLER role=2
215166.191 [0] DBG_ANCHOR_CH5_SCAN_BLOCKED win=0 tx=0 retry_gap=0 flood=1 wait=0 rx=0 rxq=0 rxr=0 ack=0 ch9=0 rf=0 retry=5 interval=380
215166.191 [0] DBG_SCAN_SKIPPED reason=blocked
215166.191 [0] DBG_ANCHOR_CH5_SCAN_RESCHED ret=1 delay=5
215166.191 [0] DBG_ANCHOR_CH5_SCAN_HANDLER role=2
215166.191 [0] DBG_ANCHOR_CH5_SCAN_BLOCKED win=0 tx=0 retry_gap=0 flood=1 wait=0 rx=0 rxq=0 rxr=0 ack=0 ch9=0 rf=0 retry=5 interval=380
215166.191 [0] DBG_SCAN_SKIPPED reason=blocked
215166.191 [0] DBG_ANCHOR_CH5_SCAN_RESCHED ret=1 delay=5
215166.191 [0] DBG_ANCHOR_CH5_SCAN_HANDLER role=2
215166.191 [0] DBG_ANCHOR_CH5_SCAN_BLOCKED win=0 tx=0 retry_gap=0 flood=1 wait=0 rx=0 rxq=0 rxr=0 ack=0 ch9=0 rf=0 retry=5 interval=380
215166.191 [0] DBG_SCAN_SKIPPED reason=blocked
215166.191 [0] DBG_ANCHOR_CH5_SCAN_RESCHED ret=1 delay=5
215166.191 [0] DBG_ANCHOR_CH5_SCAN_HANDLER role=2
215166.191 [0] DBG_SCAN_SKIPPED reason=blocked
215166.191 [0] DBG_ANCHOR_CH5_SCAN_HANDLER role=2
215166.239 [0] DBG_ANCHOR_CH5_SCAN_HANDLER role=2
215166.239 [0] DBG_ANCHOR_CH5_SCAN_BLOCKED win=0 tx=0 retry_gap=0 flood=1 wait=0 rx=0 rxq=0 rxr=0 ack=0 ch9=0 rf=0 retry=5 interval=380
215166.239 [0] DBG_SCAN_SKIPPED reason=blocked
215166.239 [0] DBG_ANCHOR_CH5_SCAN_RESCHED ret=1 delay=5
215166.239 [0] DBG_ANCHOR_CH5_SCAN_HANDLER role=2
215166.239 [0] DBG_ANCHOR_CH5_SCAN_BLOCKED win=0 tx=0 retry_gap=0 flood=1 wait=0 rx=0 rxq=0 rxr=0 ack=0 ch9=0 rf=0 retry=5 interval=380
215166.239 [0] DBG_SCAN_SKIPPED reason=blocked
215166.239 [0] DBG_ANCHOR_CH5_SCAN_RESCHED ret=1 delay=5
215166.239 [0] DBG_ANCHOR_CH5_SCAN_HANDLER role=2
215166.239 [0] DBG_ANCHOR_CH5_SCAN_BLOCKED win=0 tx=0 retry_gap=0 flood=1 wait=0 rx=0 rxq=0 rxr=0 ack=0 ch9=0 rf=0 retry=5 interval=380
215166.239 [0] DBG_SCAN_SKIPPED reason=blocked
215166.239 [0] DBG_ANCHOR_CH5_SCAN_RESCHED ret=1 delay=5
215166.239 [0] DBG_ANCHOR_CH5_SCAN_HANDLER role=2
215166.239 [0] DBG_ANCHOR_CH5_SCAN_BLOCKED win=0 tx=0 retry_gap=0 flood=1 wait=0 rx=0 rxq=0 rxr=0 ack=0 ch9=0 rf=0 retry=5 interval=380
215166.239 [0] DBG_SCAN_SKIPPED reason=blocked
215166.239 [0] DBG_ANCHOR_CH5_SCAN_RESCHED ret=1 delay=5
215166.239 [0] DBG_ANCHOR_CH5_SCAN_HANDLER role=2
215166.239 [0] DBG_SCAN_SKIPPED reason=blocked
215166.239 [0] DBG_ANCHOR_CH5_SCAN_HANDLER role=2
215166.285 [0] DBG_ANCHOR_CH5_SCAN_RESCHED ret=1 delay=5
215166.285 [0] DBG_ANCHOR_CH5_SCAN_HANDLER role=2
215166.285 [0] DBG_ANCHOR_CH5_SCAN_BLOCKED win=0 tx=0 retry_gap=0 flood=1 wait=0 rx=0 rxq=0 rxr=0 ack=0 ch9=0 rf=0 retry=5 interval=380
215166.285 [0] DBG_SCAN_SKIPPED reason=blocked
215166.285 [0] DBG_ANCHOR_CH5_SCAN_RESCHED ret=1 delay=5
215166.285 [0] DBG_ANCHOR_CH5_SCAN_HANDLER role=2
215166.285 [0] DBG_ANCHOR_CH5_SCAN_BLOCKED win=0 tx=0 retry_gap=0 flood=1 wait=0 rx=0 rxq=0 rxr=0 ack=0 ch9=0 rf=0 retry=5 interval=380
215166.285 [0] DBG_SCAN_SKIPPED reason=blocked
215166.285 [0] DBG_ANCHOR_CH5_SCAN_RESCHED ret=1 delay=5
215166.285 [0] DBG_ANCHOR_CH5_SCAN_HANDLER role=2
215166.285 [0] DBG_ANCHOR_CH5_SCAN_BLOCKED win=0 tx=0 retry_gap=0 flood=1 wait=0 rx=0 rxq=0 rxr=0 ack=0 ch9=0 rf=0 retry=5 interval=380
215166.285 [0] DBG_SCAN_SKIPPED reason=blocked
215166.285 [0] DBG_ANCHOR_CH5_SCAN_RESCHED ret=1 delay=5
215166.285 [0] DBG_ANCHOR_CH5_SCAN_HANDLER role=2
215166.285 [0] DBG_ANCHOR_CH5_SCAN_BLOCKED win=0 tx=0 retry_gap=0 flood=1 wait=0 rx=0 rxq=0 rxr=0 ack=0 ch9=0 rf=0 retry=5 interval=380
215166.285 [0] DBG_SCAN_SKIPPED reason=blocked
215166.285 [0] DBG_ANCHOR_CH5_SCAN_RESCHED ret=1 delay=5
215166.285 [0] DBG_ANCHOR_CH5_SCAN_HANDLER role=2
215166.328 [0] DBG_ANCHOR_CH5_SCAN_HANDLER role=2
215166.328 [0] DBG_ANCHOR_CH5_SCAN_BLOCKED win=0 tx=0 retry_gap=0 flood=1 wait=0 rx=0 rxq=0 rxr=0 ack=0 ch9=0 rf=0 retry=5 interval=380
215166.328 [0] DBG_SCAN_SKIPPED reason=blocked
215166.328 [0] DBG_ANCHOR_CH5_SCAN_RESCHED ret=1 delay=5
215166.328 [0] DBG_ANCHOR_CH5_SCAN_HANDLER role=2
215166.328 [0] DBG_ANCHOR_CH5_SCAN_BLOCKED win=0 tx=0 retry_gap=0 flood=1 wait=0 rx=0 rxq=0 rxr=0 ack=0 ch9=0 rf=0 retry=5 interval=380
215166.328 [0] DBG_SCAN_SKIPPED reason=blocked
215166.328 [0] DBG_ANCHOR_CH5_SCAN_RESCHED ret=1 delay=5
215166.328 [0] DBG_ANCHOR_CH5_SCAN_HANDLER role=2
215166.328 [0] DBG_ANCHOR_CH5_SCAN_BLOCKED win=0 tx=0 retry_gap=0 flood=1 wait=0 rx=0 rxq=0 rxr=0 ack=0 ch9=0 rf=0 retry=5 interval=380
215166.328 [0] DBG_SCAN_SKIPPED reason=blocked
215166.328 [0] DBG_ANCHOR_CH5_SCAN_RESCHED ret=1 delay=5
215166.328 [0] DBG_ANCHOR_CH5_SCAN_HANDLER role=2
215166.328 [0] DBG_ANCHOR_CH5_SCAN_BLOCKED win=0 tx=0 retry_gap=0 flood=1 wait=0 rx=0 rxq=0 rxr=0 ack=0 ch9=0 rf=0 retry=5 interval=380
215166.328 [0] DBG_SCAN_SKIPPED reason=blocked
215166.328 [0] DBG_ANCHOR_CH5_SCAN_RESCHED ret=1 delay=5
215166.328 [0] DBG_ANCHOR_CH5_SCAN_HANDLER role=2
215166.328 [0] DBG_SCAN_SKIPPED reason=blocked
215166.328 [0] DBG_ANCHOR_CH5_SCAN_HANDLER role=2
215166.369 [0] DBG_ANCHOR_CH5_SCAN_HANDLER role=2
215166.369 [0] DBG_ANCHOR_CH5_SCAN_BLOCKED win=0 tx=0 retry_gap=0 flood=1 wait=0 rx=0 rxq=0 rxr=0 ack=0 ch9=0 rf=0 retry=5 interval=380
215166.369 [0] DBG_SCAN_SKIPPED reason=blocked
215166.369 [0] DBG_ANCHOR_CH5_SCAN_RESCHED ret=1 delay=5
215166.369 [0] DBG_ANCHOR_CH5_SCAN_HANDLER role=2
215166.369 [0] DBG_ANCHOR_CH5_SCAN_BLOCKED win=0 tx=0 retry_gap=0 flood=1 wait=0 rx=0 rxq=0 rxr=0 ack=0 ch9=0 rf=0 retry=5 interval=380
215166.369 [0] DBG_SCAN_SKIPPED reason=blocked
215166.369 [0] DBG_ANCHOR_CH5_SCAN_RESCHED ret=1 delay=5
215166.369 [0] DBG_ANCHOR_CH5_SCAN_HANDLER role=2
215166.369 [0] DBG_ANCHOR_CH5_SCAN_BLOCKED win=0 tx=0 retry_gap=0 flood=1 wait=0 rx=0 rxq=0 rxr=0 ack=0 ch9=0 rf=0 retry=5 interval=380
215166.369 [0] DBG_SCAN_SKIPPED reason=blocked
215166.369 [0] DBG_ANCHOR_CH5_SCAN_RESCHED ret=1 delay=5
215166.369 [0] DBG_ANCHOR_CH5_SCAN_HANDLER role=2
215166.369 [0] DBG_ANCHOR_CH5_SCAN_BLOCKED win=0 tx=0 retry_gap=0 flood=1 wait=0 rx=0 rxq=0 rxr=0 ack=0 ch9=0 rf=0 retry=5 interval=380
215166.369 [0] DBG_SCAN_SKIPPED reason=blocked
215166.369 [0] DBG_ANCHOR_CH5_SCAN_RESCHED ret=1 delay=5
215166.369 [0] DBG_ANCHOR_CH5_SCAN_HANDLER role=2
215166.369 [0] DBG_SCAN_SKIPPED reason=blocked
215166.369 [0] DBG_ANCHOR_CH5_SCAN_HANDLER role=2
215166.411 [0] DBG_ANCHOR_CH5_SCAN_HANDLER role=2
215166.411 [0] DBG_ANCHOR_CH5_SCAN_BLOCKED win=0 tx=0 retry_gap=0 flood=1 wait=0 rx=0 rxq=0 rxr=0 ack=0 ch9=0 rf=0 retry=5 interval=380
215166.411 [0] DBG_SCAN_SKIPPED reason=blocked
215166.411 [0] DBG_ANCHOR_CH5_SCAN_RESCHED ret=1 delay=5
215166.411 [0] DBG_ANCHOR_CH5_SCAN_HANDLER role=2
215166.411 [0] DBG_ANCHOR_CH5_SCAN_BLOCKED win=0 tx=0 retry_gap=0 flood=1 wait=0 rx=0 rxq=0 rxr=0 ack=0 ch9=0 rf=0 retry=5 interval=380
215166.411 [0] DBG_SCAN_SKIPPED reason=blocked
215166.411 [0] DBG_ANCHOR_CH5_SCAN_RESCHED ret=1 delay=5
215166.411 [0] DBG_ANCHOR_CH5_SCAN_HANDLER role=2
215166.411 [0] DBG_ANCHOR_CH5_SCAN_BLOCKED win=0 tx=0 retry_gap=0 flood=1 wait=0 rx=0 rxq=0 rxr=0 ack=0 ch9=0 rf=0 retry=5 interval=380
215166.411 [0] DBG_SCAN_SKIPPED reason=blocked
215166.411 [0] DBG_ANCHOR_CH5_SCAN_RESCHED ret=1 delay=5
215166.411 [0] DBG_ANCHOR_CH5_SCAN_HANDLER role=2
215166.411 [0] DBG_ANCHOR_CH5_SCAN_BLOCKED win=0 tx=0 retry_gap=0 flood=1 wait=0 rx=0 rxq=0 rxr=0 ack=0 ch9=0 rf=0 retry=5 interval=380
215166.411 [0] DBG_SCAN_SKIPPED reason=blocked
215166.411 [0] DBG_ANCHOR_CH5_SCAN_RESCHED ret=1 delay=5
215166.411 [0] DBG_ANCHOR_CH5_SCAN_HANDLER role=2
215166.411 [0] DBG_SCAN_SKIPPED reason=blocked
215166.411 [0] DBG_ANCHOR_CH5_SCAN_HANDLER role=2
215166.452 [0] DBG_ANCHOR_CH5_SCAN_HANDLER role=2
215166.452 [0] DBG_ANCHOR_CH5_SCAN_BLOCKED win=0 tx=0 retry_gap=0 flood=1 wait=0 rx=0 rxq=0 rxr=0 ack=0 ch9=0 rf=0 retry=5 interval=380
215166.452 [0] DBG_SCAN_SKIPPED reason=blocked
215166.452 [0] DBG_ANCHOR_CH5_SCAN_RESCHED ret=1 delay=5
215166.452 [0] DBG_ANCHOR_CH5_SCAN_HANDLER role=2
215166.452 [0] DBG_ANCHOR_CH5_SCAN_BLOCKED win=0 tx=0 retry_gap=0 flood=1 wait=0 rx=0 rxq=0 rxr=0 ack=0 ch9=0 rf=0 retry=5 interval=380
215166.452 [0] DBG_SCAN_SKIPPED reason=blocked
215166.452 [0] DBG_ANCHOR_CH5_SCAN_RESCHED ret=1 delay=5
215166.452 [0] DBG_ANCHOR_CH5_SCAN_HANDLER role=2
215166.452 [0] DBG_ANCHOR_CH5_SCAN_BLOCKED win=0 tx=0 retry_gap=0 flood=1 wait=0 rx=0 rxq=0 rxr=0 ack=0 ch9=0 rf=0 retry=5 interval=380
215166.452 [0] DBG_SCAN_SKIPPED reason=blocked
215166.452 [0] DBG_ANCHOR_CH5_SCAN_RESCHED ret=1 delay=5
215166.452 [0] DBG_ANCHOR_CH5_SCAN_HANDLER role=2
215166.452 [0] DBG_ANCHOR_CH5_SCAN_BLOCKED win=0 tx=0 retry_gap=0 flood=1 wait=0 rx=0 rxq=0 rxr=0 ack=0 ch9=0 rf=0 retry=5 interval=380
215166.452 [0] DBG_SCAN_SKIPPED reason=blocked
215166.452 [0] DBG_ANCHOR_CH5_SCAN_RESCHED ret=1 delay=5
215166.452 [0] DBG_ANCHOR_CH5_SCAN_HANDLER role=2
215166.452 [0] DBG_SCAN_SKIPPED reason=blocked
215166.452 [0] DBG_ANCHOR_CH5_SCAN_HANDLER role=2
215166.502 [0] DBG_ANCHOR_CH5_SCAN_HANDLER role=2
215166.502 [0] DBG_ANCHOR_CH5_SCAN_BLOCKED win=0 tx=0 retry_gap=0 flood=1 wait=0 rx=0 rxq=0 rxr=0 ack=0 ch9=0 rf=0 retry=5 interval=380
215166.502 [0] DBG_SCAN_SKIPPED reason=blocked
215166.502 [0] DBG_ANCHOR_CH5_SCAN_RESCHED ret=1 delay=5
215166.502 [0] DBG_ANCHOR_CH5_SCAN_HANDLER role=2
215166.502 [0] DBG_ANCHOR_CH5_SCAN_BLOCKED win=0 tx=0 retry_gap=0 flood=1 wait=0 rx=0 rxq=0 rxr=0 ack=0 ch9=0 rf=0 retry=5 interval=380
215166.502 [0] DBG_SCAN_SKIPPED reason=blocked
215166.502 [0] DBG_ANCHOR_CH5_SCAN_RESCHED ret=1 delay=5
215166.502 [0] DBG_ANCHOR_CH5_SCAN_HANDLER role=2
215166.502 [0] DBG_ANCHOR_CH5_SCAN_BLOCKED win=0 tx=0 retry_gap=0 flood=1 wait=0 rx=0 rxq=0 rxr=0 ack=0 ch9=0 rf=0 retry=5 interval=380
215166.502 [0] DBG_SCAN_SKIPPED reason=blocked
215166.502 [0] DBG_ANCHOR_CH5_SCAN_RESCHED ret=1 delay=5
215166.502 [0] DBG_ANCHOR_CH5_SCAN_HANDLER role=2
215166.502 [0] DBG_ANCHOR_CH5_SCAN_BLOCKED win=0 tx=0 retry_gap=0 flood=1 wait=0 rx=0 rxq=0 rxr=0 ack=0 ch9=0 rf=0 retry=5 interval=380
215166.502 [0] DBG_SCAN_SKIPPED reason=blocked
215166.502 [0] DBG_ANCHOR_CH5_SCAN_RESCHED ret=1 delay=5
215166.502 [0] DBG_ANCHOR_CH5_SCAN_HANDLER role=2
215166.502 [0] DBG_SCAN_SKIPPED reason=blocked
215166.502 [0] DBG_ANCHOR_CH5_SCAN_HANDLER role=2
215166.548 [0] DBG_ANCHOR_CH5_SCAN_HANDLER role=2
215166.548 [0] DBG_ANCHOR_CH5_SCAN_BLOCKED win=0 tx=0 retry_gap=0 flood=1 wait=0 rx=0 rxq=0 rxr=0 ack=0 ch9=0 rf=0 retry=5 interval=380
215166.548 [0] DBG_SCAN_SKIPPED reason=blocked
215166.548 [0] DBG_ANCHOR_CH5_SCAN_RESCHED ret=1 delay=5
215166.548 [0] DBG_ANCHOR_CH5_SCAN_HANDLER role=2
215166.548 [0] DBG_ANCHOR_CH5_SCAN_BLOCKED win=0 tx=0 retry_gap=0 flood=1 wait=0 rx=0 rxq=0 rxr=0 ack=0 ch9=0 rf=0 retry=5 interval=380
215166.548 [0] DBG_SCAN_SKIPPED reason=blocked
215166.548 [0] DBG_ANCHOR_CH5_SCAN_RESCHED ret=1 delay=5
215166.548 [0] DBG_ANCHOR_CH5_SCAN_HANDLER role=2
215166.548 [0] DBG_ANCHOR_CH5_SCAN_BLOCKED win=0 tx=0 retry_gap=0 flood=1 wait=0 rx=0 rxq=0 rxr=0 ack=0 ch9=0 rf=0 retry=5 interval=380
215166.548 [0] DBG_SCAN_SKIPPED reason=blocked
215166.548 [0] DBG_ANCHOR_CH5_SCAN_RESCHED ret=1 delay=5
215166.548 [0] DBG_ANCHOR_CH5_SCAN_HANDLER role=2
215166.548 [0] DBG_ANCHOR_CH5_SCAN_BLOCKED win=0 tx=0 retry_gap=0 flood=1 wait=0 rx=0 rxq=0 rxr=0 ack=0 ch9=0 rf=0 retry=5 interval=380
215166.548 [0] DBG_SCAN_SKIPPED reason=blocked
215166.548 [0] DBG_ANCHOR_CH5_SCAN_RESCHED ret=1 delay=5
215166.548 [0] DBG_ANCHOR_CH5_SCAN_HANDLER role=2
215166.548 [0] DBG_SCAN_SKIPPED reason=blocked
215166.548 [0] DBG_ANCHOR_CH5_SCAN_HANDLER role=2
215166.595 [0] DBG_ANCHOR_CH5_SCAN_BLOCKED win=0 tx=0 retry_gap=0 flood=1 wait=0 rx=0 rxq=0 rxr=0 ack=0 ch9=0 rf=0 retry=5 interval=380
215166.595 [0] DBG_SCAN_SKIPPED reason=blocked
215166.595 [0] DBG_ANCHOR_CH5_SCAN_RESCHED ret=1 delay=5
215166.595 [0] DBG_ANCHOR_CH5_SCAN_HANDLER role=2
215166.595 [0] DBG_ANCHOR_CH5_SCAN_BLOCKED win=0 tx=0 retry_gap=0 flood=1 wait=0 rx=0 rxq=0 rxr=0 ack=0 ch9=0 rf=0 retry=5 interval=380
215166.595 [0] DBG_SCAN_SKIPPED reason=blocked
215166.595 [0] DBG_ANCHOR_CH5_SCAN_RESCHED ret=1 delay=5
215166.595 [0] DBG_ANCHOR_CH5_SCAN_HANDLER role=2
215166.595 [0] DBG_ANCHOR_CH5_SCAN_BLOCKED win=0 tx=0 retry_gap=0 flood=1 wait=0 rx=0 rxq=0 rxr=0 ack=0 ch9=0 rf=0 retry=5 interval=380
215166.595 [0] DBG_SCAN_SKIPPED reason=blocked
215166.595 [0] DBG_ANCHOR_CH5_SCAN_RESCHED ret=1 delay=5
215166.595 [0] DBG_ANCHOR_CH5_SCAN_HANDLER role=2
215166.595 [0] DBG_ANCHOR_CH5_SCAN_BLOCKED win=0 tx=0 retry_gap=0 flood=1 wait=0 rx=0 rxq=0 rxr=0 ack=0 ch9=0 rf=0 retry=5 interval=380
215166.595 [0] DBG_SCAN_SKIPPED reason=blocked
215166.595 [0] DBG_ANCHOR_CH5_SCAN_RESCHED ret=1 delay=5
215166.595 [0] DBG_ANCHOR_CH5_SCAN_HANDLER role=2
215166.595 [0] DBG_SCAN_SKIPPED reason=blocked
215166.595 [0] DBG_ANCHOR_CH5_SCAN_RESCHED ret=1 delay=5
215166.642 [0] DBG_ANCHOR_CH5_SCAN_HANDLER role=2
215166.642 [0] DBG_ANCHOR_CH5_SCAN_BLOCKED win=0 tx=0 retry_gap=0 flood=1 wait=0 rx=0 rxq=0 rxr=0 ack=0 ch9=0 rf=0 retry=5 interval=380
215166.642 [0] DBG_SCAN_SKIPPED reason=blocked
215166.642 [0] DBG_ANCHOR_CH5_SCAN_RESCHED ret=1 delay=5
215166.642 [0] DBG_ANCHOR_CH5_SCAN_HANDLER role=2
215166.642 [0] DBG_ANCHOR_CH5_SCAN_BLOCKED win=0 tx=0 retry_gap=0 flood=1 wait=0 rx=0 rxq=0 rxr=0 ack=0 ch9=0 rf=0 retry=5 interval=380
215166.642 [0] DBG_SCAN_SKIPPED reason=blocked
215166.642 [0] DBG_ANCHOR_CH5_SCAN_RESCHED ret=1 delay=5
215166.642 [0] DBG_ANCHOR_CH5_SCAN_HANDLER role=2
215166.642 [0] DBG_ANCHOR_CH5_SCAN_BLOCKED win=0 tx=0 retry_gap=0 flood=1 wait=0 rx=0 rxq=0 rxr=0 ack=0 ch9=0 rf=0 retry=5 interval=380
215166.642 [0] DBG_SCAN_SKIPPED reason=blocked
215166.642 [0] DBG_ANCHOR_CH5_SCAN_RESCHED ret=1 delay=5
215166.642 [0] DBG_ANCHOR_CH5_SCAN_HANDLER role=2
215166.642 [0] DBG_ANCHOR_CH5_SCAN_BLOCKED win=0 tx=0 retry_gap=0 flood=1 wait=0 rx=0 rxq=0 rxr=0 ack=0 ch9=0 rf=0 retry=5 interval=380
215166.642 [0] DBG_SCAN_SKIPPED reason=blocked
215166.642 [0] DBG_ANCHOR_CH5_SCAN_RESCHED ret=1 delay=5
215166.642 [0] DBG_ANCHOR_CH5_SCAN_HANDLER role=2
215166.642 [0] DBG_SCAN_SKIPPED reason=blocked
215166.642 [0] DBG_ANCHOR_CH5_SCAN_HANDLER role=2
215166.688 [0] DBG_ANCHOR_CH5_SCAN_HANDLER role=2
215166.688 [0] DBG_ANCHOR_CH5_SCAN_BLOCKED win=0 tx=0 retry_gap=0 flood=1 wait=0 rx=0 rxq=0 rxr=0 ack=0 ch9=0 rf=0 retry=5 interval=380
215166.688 [0] DBG_SCAN_SKIPPED reason=blocked
215166.688 [0] DBG_ANCHOR_CH5_SCAN_RESCHED ret=1 delay=5
215166.688 [0] DBG_ANCHOR_CH5_SCAN_HANDLER role=2
215166.688 [0] DBG_ANCHOR_CH5_SCAN_BLOCKED win=0 tx=0 retry_gap=0 flood=1 wait=0 rx=0 rxq=0 rxr=0 ack=0 ch9=0 rf=0 retry=5 interval=380
215166.688 [0] DBG_SCAN_SKIPPED reason=blocked
215166.688 [0] DBG_ANCHOR_CH5_SCAN_RESCHED ret=1 delay=5
215166.688 [0] DBG_ANCHOR_CH5_SCAN_HANDLER role=2
215166.688 [0] DBG_ANCHOR_CH5_SCAN_BLOCKED win=0 tx=0 retry_gap=0 flood=1 wait=0 rx=0 rxq=0 rxr=0 ack=0 ch9=0 rf=0 retry=5 interval=380
215166.688 [0] DBG_SCAN_SKIPPED reason=blocked
215166.688 [0] DBG_ANCHOR_CH5_SCAN_RESCHED ret=1 delay=5
215166.688 [0] DBG_ANCHOR_CH5_SCAN_HANDLER role=2
215166.688 [0] DBG_ANCHOR_CH5_SCAN_BLOCKED win=0 tx=0 retry_gap=0 flood=1 wait=0 rx=0 rxq=0 rxr=0 ack=0 ch9=0 rf=0 retry=5 interval=380
215166.688 [0] DBG_SCAN_SKIPPED reason=blocked
215166.688 [0] DBG_ANCHOR_CH5_SCAN_RESCHED ret=1 delay=5
215166.688 [0] DBG_ANCHOR_CH5_SCAN_HANDLER role=2
215166.688 [0] DBG_SCAN_SKIPPED reason=blocked
215166.688 [0] DBG_ANCHOR_CH5_SCAN_HANDLER role=2
215166.735 [0] DBG_ANCHOR_CH5_SCAN_HANDLER role=2
215166.735 [0] DBG_ANCHOR_CH5_SCAN_BLOCKED win=0 tx=0 retry_gap=0 flood=1 wait=0 rx=0 rxq=0 rxr=0 ack=0 ch9=0 rf=0 retry=5 interval=380
215166.735 [0] DBG_SCAN_SKIPPED reason=blocked
215166.735 [0] DBG_ANCHOR_CH5_SCAN_RESCHED ret=1 delay=5
215166.735 [0] DBG_ANCHOR_CH5_SCAN_HANDLER role=2
215166.735 [0] DBG_ANCHOR_CH5_SCAN_BLOCKED win=0 tx=0 retry_gap=0 flood=1 wait=0 rx=0 rxq=0 rxr=0 ack=0 ch9=0 rf=0 retry=5 interval=380
215166.735 [0] DBG_SCAN_SKIPPED reason=blocked
215166.735 [0] DBG_ANCHOR_CH5_SCAN_RESCHED ret=1 delay=5
215166.735 [0] DBG_ANCHOR_CH5_SCAN_HANDLER role=2
215166.735 [0] DBG_ANCHOR_CH5_SCAN_BLOCKED win=0 tx=0 retry_gap=0 flood=1 wait=0 rx=0 rxq=0 rxr=0 ack=0 ch9=0 rf=0 retry=5 interval=380
215166.735 [0] DBG_SCAN_SKIPPED reason=blocked
215166.735 [0] DBG_ANCHOR_CH5_SCAN_RESCHED ret=1 delay=5
215166.735 [0] DBG_ANCHOR_CH5_SCAN_HANDLER role=2
215166.735 [0] DBG_ANCHOR_CH5_SCAN_BLOCKED win=0 tx=0 retry_gap=0 flood=1 wait=0 rx=0 rxq=0 rxr=0 ack=0 ch9=0 rf=0 retry=5 interval=380
215166.735 [0] DBG_SCAN_SKIPPED reason=blocked
215166.735 [0] DBG_ANCHOR_CH5_SCAN_RESCHED ret=1 delay=5
215166.735 [0] DBG_ANCHOR_CH5_SCAN_HANDLER role=2
215166.735 [0] DBG_SCAN_SKIPPED reason=blocked
215166.735 [0] DBG_ANCHOR_CH5_SCAN_HANDLER role=2
215166.782 [0] DBG_ANCHOR_CH5_SCAN_HANDLER role=2
215166.782 [0] DBG_ANCHOR_CH5_SCAN_BLOCKED win=0 tx=0 retry_gap=0 flood=1 wait=0 rx=0 rxq=0 rxr=0 ack=0 ch9=0 rf=0 retry=5 interval=380
215166.782 [0] DBG_SCAN_SKIPPED reason=blocked
215166.782 [0] DBG_ANCHOR_CH5_SCAN_RESCHED ret=1 delay=5
215166.782 [0] DBG_ANCHOR_CH5_SCAN_HANDLER role=2
215166.782 [0] DBG_ANCHOR_CH5_SCAN_BLOCKED win=0 tx=0 retry_gap=0 flood=1 wait=0 rx=0 rxq=0 rxr=0 ack=0 ch9=0 rf=0 retry=5 interval=380
215166.782 [0] DBG_SCAN_SKIPPED reason=blocked
215166.782 [0] DBG_ANCHOR_CH5_SCAN_RESCHED ret=1 delay=5
215166.782 [0] DBG_ANCHOR_CH5_SCAN_HANDLER role=2
215166.782 [0] DBG_ANCHOR_CH5_SCAN_BLOCKED win=0 tx=0 retry_gap=0 flood=1 wait=0 rx=0 rxq=0 rxr=0 ack=0 ch9=0 rf=0 retry=5 interval=380
215166.782 [0] DBG_SCAN_SKIPPED reason=blocked
215166.782 [0] DBG_ANCHOR_CH5_SCAN_RESCHED ret=1 delay=5
215166.782 [0] DBG_ANCHOR_CH5_SCAN_HANDLER role=2
215166.782 [0] DBG_ANCHOR_CH5_SCAN_BLOCKED win=0 tx=0 retry_gap=0 flood=1 wait=0 rx=0 rxq=0 rxr=0 ack=0 ch9=0 rf=0 retry=5 interval=380
215166.782 [0] DBG_SCAN_SKIPPED reason=blocked
215166.782 [0] DBG_ANCHOR_CH5_SCAN_RESCHED ret=1 delay=5
215166.782 [0] DBG_ANCHOR_CH5_SCAN_HANDLER role=2
215166.782 [0] DBG_SCAN_SKIPPED reason=blocked
215166.782 [0] DBG_ANCHOR_CH5_SCAN_HANDLER role=2
215166.828 [0] DBG_ANCHOR_CH5_SCAN_HANDLER role=2
215166.828 [0] DBG_ANCHOR_CH5_SCAN_BLOCKED win=0 tx=0 retry_gap=0 flood=1 wait=0 rx=0 rxq=0 rxr=0 ack=0 ch9=0 rf=0 retry=5 interval=380
215166.828 [0] DBG_SCAN_SKIPPED reason=blocked
215166.828 [0] DBG_ANCHOR_CH5_SCAN_RESCHED ret=1 delay=5
215166.828 [0] DBG_ANCHOR_CH5_SCAN_HANDLER role=2
215166.828 [0] DBG_ANCHOR_CH5_SCAN_BLOCKED win=0 tx=0 retry_gap=0 flood=1 wait=0 rx=0 rxq=0 rxr=0 ack=0 ch9=0 rf=0 retry=5 interval=380
215166.828 [0] DBG_SCAN_SKIPPED reason=blocked
215166.828 [0] DBG_ANCHOR_CH5_SCAN_RESCHED ret=1 delay=5
215166.828 [0] DBG_ANCHOR_CH5_SCAN_HANDLER role=2
215166.828 [0] DBG_ANCHOR_CH5_SCAN_BLOCKED win=0 tx=0 retry_gap=0 flood=1 wait=0 rx=0 rxq=0 rxr=0 ack=0 ch9=0 rf=0 retry=5 interval=380
215166.828 [0] DBG_SCAN_SKIPPED reason=blocked
215166.828 [0] DBG_ANCHOR_CH5_SCAN_RESCHED ret=1 delay=5
215166.828 [0] DBG_ANCHOR_CH5_SCAN_HANDLER role=2
215166.828 [0] DBG_ANCHOR_CH5_SCAN_BLOCKED win=0 tx=0 retry_gap=0 flood=1 wait=0 rx=0 rxq=0 rxr=0 ack=0 ch9=0 rf=0 retry=5 interval=380
215166.828 [0] DBG_SCAN_SKIPPED reason=blocked
215166.828 [0] DBG_ANCHOR_CH5_SCAN_RESCHED ret=1 delay=5
215166.828 [0] DBG_ANCHOR_CH5_SCAN_HANDLER role=2
215166.828 [0] DBG_SCAN_SKIPPED reason=blocked
215166.828 [0] DBG_ANCHOR_CH5_SCAN_HANDLER role=2
215166.875 [0] DBG_ANCHOR_CH5_SCAN_BLOCKED win=0 tx=0 retry_gap=0 flood=1 wait=0 rx=0 rxq=0 rxr=0 ack=0 ch9=0 rf=0 retry=5 interval=380
215166.875 [0] DBG_SCAN_SKIPPED reason=blocked
215166.875 [0] DBG_ANCHOR_CH5_SCAN_RESCHED ret=1 delay=5
215166.875 [0] DBG_ANCHOR_CH5_SCAN_HANDLER role=2
215166.875 [0] DBG_ANCHOR_CH5_SCAN_BLOCKED win=0 tx=0 retry_gap=0 flood=1 wait=0 rx=0 rxq=0 rxr=0 ack=0 ch9=0 rf=0 retry=5 interval=380
215166.875 [0] DBG_SCAN_SKIPPED reason=blocked
215166.875 [0] DBG_ANCHOR_CH5_SCAN_RESCHED ret=1 delay=5
215166.875 [0] DBG_ANCHOR_CH5_SCAN_HANDLER role=2
215166.875 [0] DBG_ANCHOR_CH5_SCAN_BLOCKED win=0 tx=0 retry_gap=0 flood=1 wait=0 rx=0 rxq=0 rxr=0 ack=0 ch9=0 rf=0 retry=5 interval=380
215166.875 [0] DBG_SCAN_SKIPPED reason=blocked
215166.875 [0] DBG_ANCHOR_CH5_SCAN_RESCHED ret=1 delay=5
215166.875 [0] DBG_ANCHOR_CH5_SCAN_HANDLER role=2
215166.875 [0] DBG_ANCHOR_CH5_SCAN_BLOCKED win=0 tx=0 retry_gap=0 flood=1 wait=0 rx=0 rxq=0 rxr=0 ack=0 ch9=0 rf=0 retry=5 interval=380
215166.875 [0] DBG_SCAN_SKIPPED reason=blocked
215166.875 [0] DBG_ANCHOR_CH5_SCAN_RESCHED ret=1 delay=5
215166.875 [0] DBG_ANCHOR_CH5_SCAN_HANDLER role=2
215166.875 [0] DBG_SCAN_SKIPPED reason=blocked
215166.875 [0] DBG_ANCHOR_CH5_SCAN_RESCHED ret=1 delay=5
215166.921 [0] DBG_ANCHOR_CH5_SCAN_HANDLER role=2
215166.921 [0] DBG_ANCHOR_CH5_SCAN_BLOCKED win=0 tx=0 retry_gap=0 flood=1 wait=0 rx=0 rxq=0 rxr=0 ack=0 ch9=0 rf=0 retry=5 interval=380
215166.921 [0] DBG_SCAN_SKIPPED reason=blocked
215166.921 [0] DBG_ANCHOR_CH5_SCAN_RESCHED ret=1 delay=5
215166.921 [0] DBG_ANCHOR_CH5_SCAN_HANDLER role=2
215166.921 [0] DBG_ANCHOR_CH5_SCAN_BLOCKED win=0 tx=0 retry_gap=0 flood=1 wait=0 rx=0 rxq=0 rxr=0 ack=0 ch9=0 rf=0 retry=5 interval=380
215166.921 [0] DBG_SCAN_SKIPPED reason=blocked
215166.921 [0] DBG_ANCHOR_CH5_SCAN_RESCHED ret=1 delay=5
215166.921 [0] DBG_ANCHOR_CH5_SCAN_HANDLER role=2
215166.921 [0] DBG_ANCHOR_CH5_SCAN_BLOCKED win=0 tx=0 retry_gap=0 flood=1 wait=0 rx=0 rxq=0 rxr=0 ack=0 ch9=0 rf=0 retry=5 interval=380
215166.921 [0] DBG_SCAN_SKIPPED reason=blocked
215166.921 [0] DBG_ANCHOR_CH5_SCAN_RESCHED ret=1 delay=5
215166.921 [0] DBG_ANCHOR_CH5_SCAN_HANDLER role=2
215166.921 [0] DBG_ANCHOR_CH5_SCAN_BLOCKED win=0 tx=0 retry_gap=0 flood=1 wait=0 rx=0 rxq=0 rxr=0 ack=0 ch9=0 rf=0 retry=5 interval=380
215166.921 [0] DBG_SCAN_SKIPPED reason=blocked
215166.921 [0] DBG_ANCHOR_CH5_SCAN_RESCHED ret=1 delay=5
215166.921 [0] DBG_ANCHOR_CH5_SCAN_HANDLER role=2
215166.921 [0] DBG_SCAN_SKIPPED reason=blocked
215166.921 [0] DBG_ANCHOR_CH5_SCAN_HANDLER role=2
215166.962 [0] DBG_ANCHOR_CH5_SCAN_HANDLER role=2
215166.962 [0] DBG_ANCHOR_CH5_SCAN_BLOCKED win=0 tx=0 retry_gap=0 flood=1 wait=0 rx=0 rxq=0 rxr=0 ack=0 ch9=0 rf=0 retry=5 interval=380
215166.962 [0] DBG_SCAN_SKIPPED reason=blocked
215166.962 [0] DBG_ANCHOR_CH5_SCAN_RESCHED ret=1 delay=5
215166.962 [0] DBG_ANCHOR_CH5_SCAN_HANDLER role=2
215166.962 [0] DBG_ANCHOR_CH5_SCAN_BLOCKED win=0 tx=0 retry_gap=0 flood=1 wait=0 rx=0 rxq=0 rxr=0 ack=0 ch9=0 rf=0 retry=5 interval=380
215166.962 [0] DBG_SCAN_SKIPPED reason=blocked
215166.962 [0] DBG_ANCHOR_CH5_SCAN_RESCHED ret=1 delay=5
215166.962 [0] DBG_ANCHOR_CH5_SCAN_HANDLER role=2
215166.962 [0] DBG_ANCHOR_CH5_SCAN_BLOCKED win=0 tx=0 retry_gap=0 flood=1 wait=0 rx=0 rxq=0 rxr=0 ack=0 ch9=0 rf=0 retry=5 interval=380
215166.962 [0] DBG_SCAN_SKIPPED reason=blocked
215166.962 [0] DBG_ANCHOR_CH5_SCAN_RESCHED ret=1 delay=5
215166.962 [0] DBG_ANCHOR_CH5_SCAN_HANDLER role=2
215166.962 [0] DBG_ANCHOR_CH5_SCAN_BLOCKED win=0 tx=0 retry_gap=0 flood=1 wait=0 rx=0 rxq=0 rxr=0 ack=0 ch9=0 rf=0 retry=5 interval=380
215166.962 [0] DBG_SCAN_SKIPPED reason=blocked
215166.962 [0] DBG_ANCHOR_CH5_SCAN_RESCHED ret=1 delay=5
215166.962 [0] DBG_ANCHOR_CH5_SCAN_HANDLER role=2
215166.962 [0] DBG_SCAN_SKIPPED reason=blocked
215166.962 [0] DBG_ANCHOR_CH5_SCAN_HANDLER role=2
215167.005 [0] DBG_ANCHOR_CH5_SCAN_HANDLER role=2
215167.005 [0] DBG_ANCHOR_CH5_SCAN_BLOCKED win=0 tx=0 retry_gap=0 flood=1 wait=0 rx=0 rxq=0 rxr=0 ack=0 ch9=0 rf=0 retry=5 interval=380
215167.005 [0] DBG_SCAN_SKIPPED reason=blocked
215167.005 [0] DBG_ANCHOR_CH5_SCAN_RESCHED ret=1 delay=5
215167.005 [0] DBG_ANCHOR_CH5_SCAN_HANDLER role=2
215167.005 [0] DBG_ANCHOR_CH5_SCAN_BLOCKED win=0 tx=0 retry_gap=0 flood=1 wait=0 rx=0 rxq=0 rxr=0 ack=0 ch9=0 rf=0 retry=5 interval=380
215167.005 [0] DBG_SCAN_SKIPPED reason=blocked
215167.005 [0] DBG_ANCHOR_CH5_SCAN_RESCHED ret=1 delay=5
215167.005 [0] DBG_ANCHOR_CH5_SCAN_HANDLER role=2
215167.005 [0] DBG_ANCHOR_CH5_SCAN_BLOCKED win=0 tx=0 retry_gap=0 flood=1 wait=0 rx=0 rxq=0 rxr=0 ack=0 ch9=0 rf=0 retry=5 interval=380
215167.005 [0] DBG_SCAN_SKIPPED reason=blocked
215167.005 [0] DBG_ANCHOR_CH5_SCAN_RESCHED ret=1 delay=5
215167.005 [0] DBG_ANCHOR_CH5_SCAN_HANDLER role=2
215167.005 [0] DBG_ANCHOR_CH5_SCAN_BLOCKED win=0 tx=0 retry_gap=0 flood=1 wait=0 rx=0 rxq=0 rxr=0 ack=0 ch9=0 rf=0 retry=5 interval=380
215167.005 [0] DBG_SCAN_SKIPPED reason=blocked
215167.005 [0] DBG_ANCHOR_CH5_SCAN_RESCHED ret=1 delay=5
215167.005 [0] DBG_ANCHOR_CH5_SCAN_HANDLER role=2
215167.005 [0] DBG_SCAN_SKIPPED reason=blocked
215167.005 [0] DBG_ANCHOR_CH5_SCAN_HANDLER role=2
215167.047 [0] DBG_ANCHOR_CH5_SCAN_HANDLER role=2
215167.047 [0] DBG_ANCHOR_CH5_SCAN_BLOCKED win=0 tx=0 retry_gap=0 flood=1 wait=0 rx=0 rxq=0 rxr=0 ack=0 ch9=0 rf=0 retry=5 interval=380
215167.047 [0] DBG_SCAN_SKIPPED reason=blocked
215167.047 [0] DBG_ANCHOR_CH5_SCAN_RESCHED ret=1 delay=5
215167.047 [0] DBG_ANCHOR_CH5_SCAN_HANDLER role=2
215167.047 [0] DBG_ANCHOR_CH5_SCAN_BLOCKED win=0 tx=0 retry_gap=0 flood=1 wait=0 rx=0 rxq=0 rxr=0 ack=0 ch9=0 rf=0 retry=5 interval=380
215167.047 [0] DBG_SCAN_SKIPPED reason=blocked
215167.047 [0] DBG_ANCHOR_CH5_SCAN_RESCHED ret=1 delay=5
215167.047 [0] DBG_ANCHOR_CH5_SCAN_HANDLER role=2
215167.047 [0] DBG_ANCHOR_CH5_SCAN_BLOCKED win=0 tx=0 retry_gap=0 flood=1 wait=0 rx=0 rxq=0 rxr=0 ack=0 ch9=0 rf=0 retry=5 interval=380
215167.047 [0] DBG_SCAN_SKIPPED reason=blocked
215167.047 [0] DBG_ANCHOR_CH5_SCAN_RESCHED ret=1 delay=5
215167.047 [0] DBG_ANCHOR_CH5_SCAN_HANDLER role=2
215167.047 [0] DBG_ANCHOR_CH5_SCAN_BLOCKED win=0 tx=0 retry_gap=0 flood=1 wait=0 rx=0 rxq=0 rxr=0 ack=0 ch9=0 rf=0 retry=5 interval=380
215167.047 [0] DBG_SCAN_SKIPPED reason=blocked
215167.047 [0] DBG_ANCHOR_CH5_SCAN_RESCHED ret=1 delay=5
215167.047 [0] DBG_ANCHOR_CH5_SCAN_HANDLER role=2
215167.047 [0] DBG_SCAN_SKIPPED reason=blocked
215167.047 [0] DBG_ANCHOR_CH5_SCAN_HANDLER role=2
215167.089 [0] DBG_ANCHOR_CH5_SCAN_BLOCKED win=0 tx=0 retry_gap=0 flood=1 wait=0 rx=0 rxq=0 rxr=0 ack=0 ch9=0 rf=0 retry=5 interval=380
215167.089 [0] DBG_SCAN_SKIPPED reason=blocked
215167.089 [0] DBG_ANCHOR_CH5_SCAN_RESCHED ret=1 delay=5
215167.089 [0] DBG_ANCHOR_CH5_SCAN_HANDLER role=2
215167.089 [0] DBG_ANCHOR_CH5_SCAN_BLOCKED win=0 tx=0 retry_gap=0 flood=1 wait=0 rx=0 rxq=0 rxr=0 ack=0 ch9=0 rf=0 retry=5 interval=380
215167.089 [0] DBG_SCAN_SKIPPED reason=blocked
215167.089 [0] DBG_ANCHOR_CH5_SCAN_RESCHED ret=1 delay=5
215167.089 [0] DBG_ANCHOR_CH5_SCAN_HANDLER role=2
215167.089 [0] DBG_ANCHOR_CH5_SCAN_BLOCKED win=0 tx=0 retry_gap=0 flood=1 wait=0 rx=0 rxq=0 rxr=0 ack=0 ch9=0 rf=0 retry=5 interval=380
215167.089 [0] DBG_SCAN_SKIPPED reason=blocked
215167.089 [0] DBG_ANCHOR_CH5_SCAN_RESCHED ret=1 delay=5
215167.089 [0] DBG_ANCHOR_CH5_SCAN_HANDLER role=2
215167.089 [0] DBG_ANCHOR_CH5_SCAN_BLOCKED win=0 tx=0 retry_gap=0 flood=1 wait=0 rx=0 rxq=0 rxr=0 ack=0 ch9=0 rf=0 retry=5 interval=380
215167.089 [0] DBG_SCAN_SKIPPED reason=blocked
215167.089 [0] DBG_ANCHOR_CH5_SCAN_RESCHED ret=1 delay=5
215167.089 [0] DBG_ANCHOR_CH5_SCAN_HANDLER role=2
215167.089 [0] DBG_SCAN_SKIPPED reason=blocked
215167.089 [0] DBG_ANCHOR_CH5_SCAN_RESCHED ret=1 delay=5
215167.130 [0] DBG_ANCHOR_CH5_SCAN_HANDLER role=2
215167.130 [0] DBG_ANCHOR_CH5_SCAN_BLOCKED win=0 tx=0 retry_gap=0 flood=1 wait=0 rx=0 rxq=0 rxr=0 ack=0 ch9=0 rf=0 retry=5 interval=380
215167.130 [0] DBG_SCAN_SKIPPED reason=blocked
215167.130 [0] DBG_ANCHOR_CH5_SCAN_RESCHED ret=1 delay=5
215167.130 [0] DBG_ANCHOR_CH5_SCAN_HANDLER role=2
215167.130 [0] DBG_ANCHOR_CH5_SCAN_BLOCKED win=0 tx=0 retry_gap=0 flood=1 wait=0 rx=0 rxq=0 rxr=0 ack=0 ch9=0 rf=0 retry=5 interval=380
215167.130 [0] DBG_SCAN_SKIPPED reason=blocked
215167.130 [0] DBG_ANCHOR_CH5_SCAN_RESCHED ret=1 delay=5
215167.130 [0] DBG_ANCHOR_CH5_SCAN_HANDLER role=2
215167.130 [0] DBG_ANCHOR_CH5_SCAN_BLOCKED win=0 tx=0 retry_gap=0 flood=1 wait=0 rx=0 rxq=0 rxr=0 ack=0 ch9=0 rf=0 retry=5 interval=380
215167.130 [0] DBG_SCAN_SKIPPED reason=blocked
215167.130 [0] DBG_ANCHOR_CH5_SCAN_RESCHED ret=1 delay=5
215167.130 [0] DBG_ANCHOR_CH5_SCAN_HANDLER role=2
215167.130 [0] DBG_ANCHOR_CH5_SCAN_BLOCKED win=0 tx=0 retry_gap=0 flood=1 wait=0 rx=0 rxq=0 rxr=0 ack=0 ch9=0 rf=0 retry=5 interval=380
215167.130 [0] DBG_SCAN_SKIPPED reason=blocked
215167.130 [0] DBG_ANCHOR_CH5_SCAN_RESCHED ret=1 delay=5
215167.130 [0] DBG_ANCHOR_CH5_SCAN_HANDLER role=2
215167.130 [0] DBG_SCAN_SKIPPED reason=blocked
215167.130 [0] DBG_ANCHOR_CH5_SCAN_HANDLER role=2
215167.171 [0] DBG_ANCHOR_CH5_SCAN_HANDLER role=2
215167.171 [0] DBG_ANCHOR_CH5_SCAN_BLOCKED win=0 tx=0 retry_gap=0 flood=1 wait=0 rx=0 rxq=0 rxr=0 ack=0 ch9=0 rf=0 retry=5 interval=380
215167.171 [0] DBG_SCAN_SKIPPED reason=blocked
215167.171 [0] DBG_ANCHOR_CH5_SCAN_RESCHED ret=1 delay=5
215167.171 [0] DBG_ANCHOR_CH5_SCAN_HANDLER role=2
215167.171 [0] DBG_ANCHOR_CH5_SCAN_BLOCKED win=0 tx=0 retry_gap=0 flood=1 wait=0 rx=0 rxq=0 rxr=0 ack=0 ch9=0 rf=0 retry=5 interval=380
215167.171 [0] DBG_SCAN_SKIPPED reason=blocked
215167.171 [0] DBG_ANCHOR_CH5_SCAN_RESCHED ret=1 delay=5
215167.171 [0] DBG_ANCHOR_CH5_SCAN_HANDLER role=2
215167.171 [0] DBG_ANCHOR_CH5_SCAN_BLOCKED win=0 tx=0 retry_gap=0 flood=1 wait=0 rx=0 rxq=0 rxr=0 ack=0 ch9=0 rf=0 retry=5 interval=380
215167.171 [0] DBG_SCAN_SKIPPED reason=blocked
215167.171 [0] DBG_ANCHOR_CH5_SCAN_RESCHED ret=1 delay=5
215167.171 [0] DBG_ANCHOR_CH5_SCAN_HANDLER role=2
215167.171 [0] DBG_ANCHOR_CH5_SCAN_BLOCKED win=0 tx=0 retry_gap=0 flood=1 wait=0 rx=0 rxq=0 rxr=0 ack=0 ch9=0 rf=0 retry=5 interval=380
215167.171 [0] DBG_SCAN_SKIPPED reason=blocked
215167.171 [0] DBG_ANCHOR_CH5_SCAN_RESCHED ret=1 delay=5
215167.171 [0] DBG_ANCHOR_CH5_SCAN_HANDLER role=2
215167.171 [0] DBG_SCAN_SKIPPED reason=blocked
215167.171 [0] DBG_ANCHOR_CH5_SCAN_HANDLER role=2
215167.212 [0] DBG_ANCHOR_CH5_SCAN_RESCHED ret=1 delay=5
215167.212 [0] DBG_ANCHOR_CH5_SCAN_HANDLER role=2
215167.212 [0] DBG_ANCHOR_CH5_SCAN_BLOCKED win=0 tx=0 retry_gap=0 flood=1 wait=0 rx=0 rxq=0 rxr=0 ack=0 ch9=0 rf=0 retry=5 interval=380
215167.212 [0] DBG_SCAN_SKIPPED reason=blocked
215167.212 [0] DBG_ANCHOR_CH5_SCAN_RESCHED ret=1 delay=5
215167.212 [0] DBG_ANCHOR_CH5_SCAN_HANDLER role=2
215167.212 [0] DBG_ANCHOR_CH5_SCAN_BLOCKED win=0 tx=0 retry_gap=0 flood=1 wait=0 rx=0 rxq=0 rxr=0 ack=0 ch9=0 rf=0 retry=5 interval=380
215167.212 [0] DBG_SCAN_SKIPPED reason=blocked
215167.212 [0] DBG_ANCHOR_CH5_SCAN_RESCHED ret=1 delay=5
215167.212 [0] DBG_ANCHOR_CH5_SCAN_HANDLER role=2
215167.212 [0] DBG_ANCHOR_CH5_SCAN_BLOCKED win=0 tx=0 retry_gap=0 flood=1 wait=0 rx=0 rxq=0 rxr=0 ack=0 ch9=0 rf=0 retry=5 interval=380
215167.212 [0] DBG_SCAN_SKIPPED reason=blocked
215167.212 [0] DBG_ANCHOR_CH5_SCAN_RESCHED ret=1 delay=5
215167.212 [0] DBG_ANCHOR_CH5_SCAN_HANDLER role=2
215167.212 [0] DBG_ANCHOR_CH5_SCAN_BLOCKED win=0 tx=0 retry_gap=0 flood=1 wait=0 rx=0 rxq=0 rxr=0 ack=0 ch9=0 rf=0 retry=5 interval=380
215167.212 [0] DBG_SCAN_SKIPPED reason=blocked
215167.212 [0] DBG_ANCHOR_CH5_SCAN_RESCHED ret=1 delay=5
215167.212 [0] DBG_ANCHOR_CH5_SCAN_HANDLER role=2
215167.255 [0] DBG_ANCHOR_CH5_SCAN_HANDLER role=2
215167.255 [0] DBG_ANCHOR_CH5_SCAN_BLOCKED win=0 tx=0 retry_gap=0 flood=1 wait=0 rx=0 rxq=0 rxr=0 ack=0 ch9=0 rf=0 retry=5 interval=380
215167.255 [0] DBG_SCAN_SKIPPED reason=blocked
215167.255 [0] DBG_ANCHOR_CH5_SCAN_RESCHED ret=1 delay=5
215167.255 [0] DBG_ANCHOR_CH5_SCAN_HANDLER role=2
215167.255 [0] DBG_ANCHOR_CH5_SCAN_BLOCKED win=0 tx=0 retry_gap=0 flood=1 wait=0 rx=0 rxq=0 rxr=0 ack=0 ch9=0 rf=0 retry=5 interval=380
215167.255 [0] DBG_SCAN_SKIPPED reason=blocked
215167.255 [0] DBG_ANCHOR_CH5_SCAN_RESCHED ret=1 delay=5
215167.255 [0] DBG_ANCHOR_CH5_SCAN_HANDLER role=2
215167.255 [0] DBG_ANCHOR_CH5_SCAN_BLOCKED win=0 tx=0 retry_gap=0 flood=1 wait=0 rx=0 rxq=0 rxr=0 ack=0 ch9=0 rf=0 retry=5 interval=380
215167.255 [0] DBG_SCAN_SKIPPED reason=blocked
215167.255 [0] DBG_ANCHOR_CH5_SCAN_RESCHED ret=1 delay=5
215167.255 [0] DBG_ANCHOR_CH5_SCAN_HANDLER role=2
215167.255 [0] DBG_ANCHOR_CH5_SCAN_BLOCKED win=0 tx=0 retry_gap=0 flood=1 wait=0 rx=0 rxq=0 rxr=0 ack=0 ch9=0 rf=0 retry=5 interval=380
215167.255 [0] DBG_SCAN_SKIPPED reason=blocked
215167.255 [0] DBG_ANCHOR_CH5_SCAN_RESCHED ret=1 delay=5
215167.255 [0] DBG_ANCHOR_CH5_SCAN_HANDLER role=2
215167.255 [0] DBG_SCAN_SKIPPED reason=blocked
215167.255 [0] DBG_ANCHOR_CH5_SCAN_HANDLER role=2
215167.295 [0] DBG_ANCHOR_CH5_SCAN_BLOCKED win=0 tx=0 retry_gap=0 flood=1 wait=0 rx=0 rxq=0 rxr=0 ack=0 ch9=0 rf=0 retry=5 interval=380
215167.295 [0] DBG_SCAN_SKIPPED reason=blocked
215167.295 [0] DBG_ANCHOR_CH5_SCAN_RESCHED ret=1 delay=5
215167.295 [0] DBG_ANCHOR_CH5_SCAN_HANDLER role=2
215167.295 [0] DBG_ANCHOR_CH5_SCAN_BLOCKED win=0 tx=0 retry_gap=0 flood=1 wait=0 rx=0 rxq=0 rxr=0 ack=0 ch9=0 rf=0 retry=5 interval=380
215167.295 [0] DBG_SCAN_SKIPPED reason=blocked
215167.295 [0] DBG_ANCHOR_CH5_SCAN_RESCHED ret=1 delay=5
215167.295 [0] DBG_ANCHOR_CH5_SCAN_HANDLER role=2
215167.295 [0] DBG_ANCHOR_CH5_SCAN_BLOCKED win=0 tx=0 retry_gap=0 flood=1 wait=0 rx=0 rxq=0 rxr=0 ack=0 ch9=0 rf=0 retry=5 interval=380
215167.295 [0] DBG_SCAN_SKIPPED reason=blocked
215167.295 [0] DBG_ANCHOR_CH5_SCAN_RESCHED ret=1 delay=5
215167.295 [0] DBG_ANCHOR_CH5_SCAN_HANDLER role=2
215167.295 [0] DBG_ANCHOR_CH5_SCAN_BLOCKED win=0 tx=0 retry_gap=0 flood=1 wait=0 rx=0 rxq=0 rxr=0 ack=0 ch9=0 rf=0 retry=5 interval=380
215167.295 [0] DBG_SCAN_SKIPPED reason=blocked
215167.295 [0] DBG_ANCHOR_CH5_SCAN_RESCHED ret=1 delay=5
215167.295 [0] DBG_ANCHOR_CH5_SCAN_HANDLER role=2
215167.295 [0] DBG_SCAN_SKIPPED reason=blocked
215167.295 [0] DBG_ANCHOR_CH5_SCAN_RESCHED ret=1 delay=5
215167.335 [0] DBG_ANCHOR_CH5_SCAN_HANDLER role=2
215167.335 [0] DBG_ANCHOR_CH5_SCAN_BLOCKED win=0 tx=0 retry_gap=0 flood=1 wait=0 rx=0 rxq=0 rxr=0 ack=0 ch9=0 rf=0 retry=5 interval=380
215167.335 [0] DBG_SCAN_SKIPPED reason=blocked
215167.335 [0] DBG_ANCHOR_CH5_SCAN_RESCHED ret=1 delay=5
215167.335 [0] DBG_ANCHOR_CH5_SCAN_HANDLER role=2
215167.335 [0] DBG_ANCHOR_CH5_SCAN_BLOCKED win=0 tx=0 retry_gap=0 flood=1 wait=0 rx=0 rxq=0 rxr=0 ack=0 ch9=0 rf=0 retry=5 interval=380
215167.335 [0] DBG_SCAN_SKIPPED reason=blocked
215167.335 [0] DBG_ANCHOR_CH5_SCAN_RESCHED ret=1 delay=5
215167.335 [0] DBG_ANCHOR_CH5_SCAN_HANDLER role=2
215167.335 [0] DBG_ANCHOR_CH5_SCAN_BLOCKED win=0 tx=0 retry_gap=0 flood=1 wait=0 rx=0 rxq=0 rxr=0 ack=0 ch9=0 rf=0 retry=5 interval=380
215167.335 [0] DBG_SCAN_SKIPPED reason=blocked
215167.335 [0] DBG_ANCHOR_CH5_SCAN_RESCHED ret=1 delay=5
215167.335 [0] DBG_ANCHOR_CH5_SCAN_HANDLER role=2
215167.335 [0] DBG_ANCHOR_CH5_SCAN_BLOCKED win=0 tx=0 retry_gap=0 flood=1 wait=0 rx=0 rxq=0 rxr=0 ack=0 ch9=0 rf=0 retry=5 interval=380
215167.335 [0] DBG_SCAN_SKIPPED reason=blocked
215167.335 [0] DBG_ANCHOR_CH5_SCAN_RESCHED ret=1 delay=5
215167.335 [0] DBG_ANCHOR_CH5_SCAN_HANDLER role=2
215167.335 [0] DBG_SCAN_SKIPPED reason=blocked
215167.376 [0] DBG_ANCHOR_CH5_SCAN_HANDLER role=2
215167.376 [0] DBG_ANCHOR_CH5_SCAN_HANDLER role=2
215167.376 [0] DBG_ANCHOR_CH5_SCAN_BLOCKED win=0 tx=0 retry_gap=0 flood=1 wait=0 rx=0 rxq=0 rxr=0 ack=0 ch9=0 rf=0 retry=5 interval=380
215167.376 [0] DBG_SCAN_SKIPPED reason=blocked
215167.376 [0] DBG_ANCHOR_CH5_SCAN_RESCHED ret=1 delay=5
215167.376 [0] DBG_ANCHOR_CH5_SCAN_HANDLER role=2
215167.376 [0] DBG_ANCHOR_CH5_SCAN_BLOCKED win=0 tx=0 retry_gap=0 flood=1 wait=0 rx=0 rxq=0 rxr=0 ack=0 ch9=0 rf=0 retry=5 interval=380
215167.376 [0] DBG_SCAN_SKIPPED reason=blocked
215167.376 [0] DBG_ANCHOR_CH5_SCAN_RESCHED ret=1 delay=5
215167.376 [0] DBG_ANCHOR_CH5_SCAN_HANDLER role=2
215167.376 [0] DBG_ANCHOR_CH5_SCAN_BLOCKED win=0 tx=0 retry_gap=0 flood=1 wait=0 rx=0 rxq=0 rxr=0 ack=0 ch9=0 rf=0 retry=5 interval=380
215167.376 [0] DBG_SCAN_SKIPPED reason=blocked
215167.376 [0] DBG_ANCHOR_CH5_SCAN_RESCHED ret=1 delay=5
215167.376 [0] DBG_ANCHOR_CH5_SCAN_HANDLER role=2
215167.376 [0] DBG_ANCHOR_CH5_SCAN_BLOCKED win=0 tx=0 retry_gap=0 flood=1 wait=0 rx=0 rxq=0 rxr=0 ack=0 ch9=0 rf=0 retry=5 interval=380
215167.376 [0] DBG_SCAN_SKIPPED reason=blocked
215167.376 [0] DBG_ANCHOR_CH5_SCAN_RESCHED ret=1 delay=5
215167.376 [0] DBG_ANCHOR_CH5_SCAN_HANDLER role=2
215167.376 [0] DBG_SCAN_SKIPPED reason=blocked
215167.422 [0] DBG_ANCHOR_CH5_SCAN_HANDLER role=2
215167.422 [0] DBG_ANCHOR_CH5_SCAN_BLOCKED win=0 tx=0 retry_gap=0 flood=1 wait=0 rx=0 rxq=0 rxr=0 ack=0 ch9=0 rf=0 retry=5 interval=380
215167.422 [0] DBG_SCAN_SKIPPED reason=blocked
215167.422 [0] DBG_ANCHOR_CH5_SCAN_RESCHED ret=1 delay=5
215167.422 [0] DBG_ANCHOR_CH5_SCAN_HANDLER role=2
215167.422 [0] DBG_ANCHOR_CH5_SCAN_BLOCKED win=0 tx=0 retry_gap=0 flood=1 wait=0 rx=0 rxq=0 rxr=0 ack=0 ch9=0 rf=0 retry=5 interval=380
215167.422 [0] DBG_SCAN_SKIPPED reason=blocked
215167.422 [0] DBG_ANCHOR_CH5_SCAN_RESCHED ret=1 delay=5
215167.422 [0] DBG_ANCHOR_CH5_SCAN_HANDLER role=2
215167.422 [0] DBG_ANCHOR_CH5_SCAN_BLOCKED win=0 tx=0 retry_gap=0 flood=1 wait=0 rx=0 rxq=0 rxr=0 ack=0 ch9=0 rf=0 retry=5 interval=380
215167.422 [0] DBG_SCAN_SKIPPED reason=blocked
215167.422 [0] DBG_ANCHOR_CH5_SCAN_RESCHED ret=1 delay=5
215167.422 [0] DBG_ANCHOR_CH5_SCAN_HANDLER role=2
215167.422 [0] DBG_ANCHOR_CH5_SCAN_BLOCKED win=0 tx=0 retry_gap=0 flood=1 wait=0 rx=0 rxq=0 rxr=0 ack=0 ch9=0 rf=0 retry=5 interval=380
215167.422 [0] DBG_SCAN_SKIPPED reason=blocked
215167.422 [0] DBG_ANCHOR_CH5_SCAN_RESCHED ret=1 delay=5
215167.422 [0] DBG_ANCHOR_CH5_SCAN_HANDLER role=2
215167.422 [0] DBG_SCAN_SKIPPED reason=blocked
215167.422 [0] DBG_ANCHOR_CH5_SCAN_HANDLER role=2
215167.464 [0] DBG_ANCHOR_CH5_SCAN_HANDLER role=2
215167.464 [0] DBG_ANCHOR_CH5_SCAN_BLOCKED win=0 tx=0 retry_gap=0 flood=1 wait=0 rx=0 rxq=0 rxr=0 ack=0 ch9=0 rf=0 retry=5 interval=380
215167.464 [0] DBG_SCAN_SKIPPED reason=blocked
215167.464 [0] DBG_ANCHOR_CH5_SCAN_RESCHED ret=1 delay=5
215167.464 [0] DBG_ANCHOR_CH5_SCAN_HANDLER role=2
215167.464 [0] DBG_ANCHOR_CH5_SCAN_BLOCKED win=0 tx=0 retry_gap=0 flood=1 wait=0 rx=0 rxq=0 rxr=0 ack=0 ch9=0 rf=0 retry=5 interval=380
215167.464 [0] DBG_SCAN_SKIPPED reason=blocked
215167.464 [0] DBG_ANCHOR_CH5_SCAN_RESCHED ret=1 delay=5
215167.464 [0] DBG_ANCHOR_CH5_SCAN_HANDLER role=2
215167.464 [0] DBG_ANCHOR_CH5_SCAN_BLOCKED win=0 tx=0 retry_gap=0 flood=1 wait=0 rx=0 rxq=0 rxr=0 ack=0 ch9=0 rf=0 retry=5 interval=380
215167.464 [0] DBG_SCAN_SKIPPED reason=blocked
215167.464 [0] DBG_ANCHOR_CH5_SCAN_RESCHED ret=1 delay=5
215167.464 [0] DBG_ANCHOR_CH5_SCAN_HANDLER role=2
215167.464 [0] DBG_ANCHOR_CH5_SCAN_BLOCKED win=0 tx=0 retry_gap=0 flood=1 wait=0 rx=0 rxq=0 rxr=0 ack=0 ch9=0 rf=0 retry=5 interval=380
215167.464 [0] DBG_SCAN_SKIPPED reason=blocked
215167.464 [0] DBG_ANCHOR_CH5_SCAN_RESCHED ret=1 delay=5
215167.464 [0] DBG_ANCHOR_CH5_SCAN_HANDLER role=2
215167.464 [0] DBG_SCAN_SKIPPED reason=blocked
215167.464 [0] DBG_ANCHOR_CH5_SCAN_HANDLER role=2
215167.506 [0] DBG_ANCHOR_CH5_SCAN_HANDLER role=2
215167.506 [0] DBG_ANCHOR_CH5_SCAN_BLOCKED win=0 tx=0 retry_gap=0 flood=1 wait=0 rx=0 rxq=0 rxr=0 ack=0 ch9=0 rf=0 retry=5 interval=380
215167.506 [0] DBG_SCAN_SKIPPED reason=blocked
215167.506 [0] DBG_ANCHOR_CH5_SCAN_RESCHED ret=1 delay=5
215167.506 [0] DBG_ANCHOR_CH5_SCAN_HANDLER role=2
215167.506 [0] DBG_ANCHOR_CH5_SCAN_BLOCKED win=0 tx=0 retry_gap=0 flood=1 wait=0 rx=0 rxq=0 rxr=0 ack=0 ch9=0 rf=0 retry=5 interval=380
215167.506 [0] DBG_SCAN_SKIPPED reason=blocked
215167.506 [0] DBG_ANCHOR_CH5_SCAN_RESCHED ret=1 delay=5
215167.506 [0] DBG_ANCHOR_CH5_SCAN_HANDLER role=2
215167.506 [0] DBG_ANCHOR_CH5_SCAN_BLOCKED win=0 tx=0 retry_gap=0 flood=1 wait=0 rx=0 rxq=0 rxr=0 ack=0 ch9=0 rf=0 retry=5 interval=380
215167.506 [0] DBG_SCAN_SKIPPED reason=blocked
215167.506 [0] DBG_ANCHOR_CH5_SCAN_RESCHED ret=1 delay=5
215167.506 [0] DBG_ANCHOR_CH5_SCAN_HANDLER role=2
215167.506 [0] DBG_ANCHOR_CH5_SCAN_BLOCKED win=0 tx=0 retry_gap=0 flood=1 wait=0 rx=0 rxq=0 rxr=0 ack=0 ch9=0 rf=0 retry=5 interval=380
215167.506 [0] DBG_SCAN_SKIPPED reason=blocked
215167.506 [0] DBG_ANCHOR_CH5_SCAN_RESCHED ret=1 delay=5
215167.506 [0] DBG_ANCHOR_CH5_SCAN_HANDLER role=2
215167.506 [0] DBG_SCAN_SKIPPED reason=blocked
215167.506 [0] DBG_ANCHOR_CH5_SCAN_HANDLER role=2
215167.547 [0] DBG_ANCHOR_CH5_SCAN_HANDLER role=2
215167.547 [0] DBG_ANCHOR_CH5_SCAN_BLOCKED win=0 tx=0 retry_gap=0 flood=1 wait=0 rx=0 rxq=0 rxr=0 ack=0 ch9=0 rf=0 retry=5 interval=380
215167.547 [0] DBG_SCAN_SKIPPED reason=blocked
215167.547 [0] DBG_ANCHOR_CH5_SCAN_RESCHED ret=1 delay=5
215167.547 [0] DBG_ANCHOR_CH5_SCAN_HANDLER role=2
215167.547 [0] DBG_ANCHOR_CH5_SCAN_BLOCKED win=0 tx=0 retry_gap=0 flood=1 wait=0 rx=0 rxq=0 rxr=0 ack=0 ch9=0 rf=0 retry=5 interval=380
215167.547 [0] DBG_SCAN_SKIPPED reason=blocked
215167.547 [0] DBG_ANCHOR_CH5_SCAN_RESCHED ret=1 delay=5
215167.547 [0] DBG_ANCHOR_CH5_SCAN_HANDLER role=2
215167.547 [0] DBG_ANCHOR_CH5_SCAN_BLOCKED win=0 tx=0 retry_gap=0 flood=1 wait=0 rx=0 rxq=0 rxr=0 ack=0 ch9=0 rf=0 retry=5 interval=380
215167.547 [0] DBG_SCAN_SKIPPED reason=blocked
215167.547 [0] DBG_ANCHOR_CH5_SCAN_RESCHED ret=1 delay=5
215167.547 [0] DBG_ANCHOR_CH5_SCAN_HANDLER role=2
215167.547 [0] DBG_ANCHOR_CH5_SCAN_BLOCKED win=0 tx=0 retry_gap=0 flood=1 wait=0 rx=0 rxq=0 rxr=0 ack=0 ch9=0 rf=0 retry=5 interval=380
215167.547 [0] DBG_SCAN_SKIPPED reason=blocked
215167.547 [0] DBG_ANCHOR_CH5_SCAN_RESCHED ret=1 delay=5
215167.547 [0] DBG_ANCHOR_CH5_SCAN_HANDLER role=2
215167.547 [0] DBG_SCAN_SKIPPED reason=blocked
215167.547 [0] DBG_ANCHOR_CH5_SCAN_HANDLER role=2
215167.589 [0] DBG_ANCHOR_CH5_SCAN_HANDLER role=2
215167.589 [0] DBG_ANCHOR_CH5_SCAN_BLOCKED win=0 tx=0 retry_gap=0 flood=1 wait=0 rx=0 rxq=0 rxr=0 ack=0 ch9=0 rf=0 retry=5 interval=380
215167.589 [0] DBG_SCAN_SKIPPED reason=blocked
215167.589 [0] DBG_ANCHOR_CH5_SCAN_RESCHED ret=1 delay=5
215167.589 [0] DBG_ANCHOR_CH5_SCAN_HANDLER role=2
215167.589 [0] DBG_ANCHOR_CH5_SCAN_BLOCKED win=0 tx=0 retry_gap=0 flood=1 wait=0 rx=0 rxq=0 rxr=0 ack=0 ch9=0 rf=0 retry=5 interval=380
215167.589 [0] DBG_SCAN_SKIPPED reason=blocked
215167.589 [0] DBG_ANCHOR_CH5_SCAN_RESCHED ret=1 delay=5
215167.589 [0] DBG_ANCHOR_CH5_SCAN_HANDLER role=2
215167.589 [0] DBG_ANCHOR_CH5_SCAN_BLOCKED win=0 tx=0 retry_gap=0 flood=1 wait=0 rx=0 rxq=0 rxr=0 ack=0 ch9=0 rf=0 retry=5 interval=380
215167.589 [0] DBG_SCAN_SKIPPED reason=blocked
215167.589 [0] DBG_ANCHOR_CH5_SCAN_RESCHED ret=1 delay=5
215167.589 [0] DBG_ANCHOR_CH5_SCAN_HANDLER role=2
215167.589 [0] DBG_ANCHOR_CH5_SCAN_BLOCKED win=0 tx=0 retry_gap=0 flood=1 wait=0 rx=0 rxq=0 rxr=0 ack=0 ch9=0 rf=0 retry=5 interval=380
215167.589 [0] DBG_SCAN_SKIPPED reason=blocked
215167.589 [0] DBG_ANCHOR_CH5_SCAN_RESCHED ret=1 delay=5
215167.589 [0] DBG_ANCHOR_CH5_SCAN_HANDLER role=2
215167.589 [0] DBG_SCAN_SKIPPED reason=blocked
215167.633 [0] DBG_ANCHOR_CH5_SCAN_HANDLER role=2
215167.633 [0] DBG_ANCHOR_CH5_SCAN_HANDLER role=2
215167.633 [0] DBG_ANCHOR_CH5_SCAN_BLOCKED win=0 tx=0 retry_gap=0 flood=1 wait=0 rx=0 rxq=0 rxr=0 ack=0 ch9=0 rf=0 retry=5 interval=380
215167.633 [0] DBG_SCAN_SKIPPED reason=blocked
215167.633 [0] DBG_ANCHOR_CH5_SCAN_RESCHED ret=1 delay=5
215167.633 [0] DBG_ANCHOR_CH5_SCAN_HANDLER role=2
215167.633 [0] DBG_ANCHOR_CH5_SCAN_BLOCKED win=0 tx=0 retry_gap=0 flood=1 wait=0 rx=0 rxq=0 rxr=0 ack=0 ch9=0 rf=0 retry=5 interval=380
215167.633 [0] DBG_SCAN_SKIPPED reason=blocked
215167.633 [0] DBG_ANCHOR_CH5_SCAN_RESCHED ret=1 delay=5
215167.633 [0] DBG_ANCHOR_CH5_SCAN_HANDLER role=2
215167.633 [0] DBG_ANCHOR_CH5_SCAN_BLOCKED win=0 tx=0 retry_gap=0 flood=1 wait=0 rx=0 rxq=0 rxr=0 ack=0 ch9=0 rf=0 retry=5 interval=380
215167.633 [0] DBG_SCAN_SKIPPED reason=blocked
215167.633 [0] DBG_ANCHOR_CH5_SCAN_RESCHED ret=1 delay=5
215167.633 [0] DBG_ANCHOR_CH5_SCAN_HANDLER role=2
215167.633 [0] DBG_ANCHOR_CH5_SCAN_BLOCKED win=0 tx=0 retry_gap=0 flood=1 wait=0 rx=0 rxq=0 rxr=0 ack=0 ch9=0 rf=0 retry=5 interval=380
215167.633 [0] DBG_SCAN_SKIPPED reason=blocked
215167.633 [0] DBG_ANCHOR_CH5_SCAN_RESCHED ret=1 delay=5
215167.633 [0] DBG_ANCHOR_CH5_SCAN_HANDLER role=2
215167.633 [0] DBG_SCAN_SKIPPED reason=blocked
215167.676 [0] DBG_ANCHOR_CH5_SCAN_HANDLER role=2
215167.676 [0] DBG_ANCHOR_CH5_SCAN_BLOCKED win=0 tx=0 retry_gap=0 flood=1 wait=0 rx=0 rxq=0 rxr=0 ack=0 ch9=0 rf=0 retry=5 interval=380
215167.676 [0] DBG_SCAN_SKIPPED reason=blocked
215167.676 [0] DBG_ANCHOR_CH5_SCAN_RESCHED ret=1 delay=5
215167.676 [0] DBG_ANCHOR_CH5_SCAN_HANDLER role=2
215167.676 [0] DBG_ANCHOR_CH5_SCAN_BLOCKED win=0 tx=0 retry_gap=0 flood=1 wait=0 rx=0 rxq=0 rxr=0 ack=0 ch9=0 rf=0 retry=5 interval=380
215167.676 [0] DBG_SCAN_SKIPPED reason=blocked
215167.676 [0] DBG_ANCHOR_CH5_SCAN_RESCHED ret=1 delay=5
215167.676 [0] DBG_ANCHOR_CH5_SCAN_HANDLER role=2
215167.676 [0] DBG_ANCHOR_CH5_SCAN_BLOCKED win=0 tx=0 retry_gap=0 flood=1 wait=0 rx=0 rxq=0 rxr=0 ack=0 ch9=0 rf=0 retry=5 interval=380
215167.676 [0] DBG_SCAN_SKIPPED reason=blocked
215167.676 [0] DBG_ANCHOR_CH5_SCAN_RESCHED ret=1 delay=5
215167.676 [0] DBG_ANCHOR_CH5_SCAN_HANDLER role=2
215167.676 [0] DBG_ANCHOR_CH5_SCAN_BLOCKED win=0 tx=0 retry_gap=0 flood=1 wait=0 rx=0 rxq=0 rxr=0 ack=0 ch9=0 rf=0 retry=5 interval=380
215167.676 [0] DBG_SCAN_SKIPPED reason=blocked
215167.676 [0] DBG_ANCHOR_CH5_SCAN_RESCHED ret=1 delay=5
215167.676 [0] DBG_ANCHOR_CH5_SCAN_HANDLER role=2
215167.676 [0] DBG_SCAN_SKIPPED reason=blocked
215167.676 [0] DBG_ANCHOR_CH5_SCAN_HANDLER role=2
215167.721 [0] DBG_ANCHOR_CH5_SCAN_HANDLER role=2
215167.721 [0] DBG_ANCHOR_CH5_SCAN_BLOCKED win=0 tx=0 retry_gap=0 flood=1 wait=0 rx=0 rxq=0 rxr=0 ack=0 ch9=0 rf=0 retry=5 interval=380
215167.721 [0] DBG_SCAN_SKIPPED reason=blocked
215167.721 [0] DBG_ANCHOR_CH5_SCAN_RESCHED ret=1 delay=5
215167.721 [0] DBG_ANCHOR_CH5_SCAN_HANDLER role=2
215167.721 [0] DBG_ANCHOR_CH5_SCAN_BLOCKED win=0 tx=0 retry_gap=0 flood=1 wait=0 rx=0 rxq=0 rxr=0 ack=0 ch9=0 rf=0 retry=5 interval=380
215167.721 [0] DBG_SCAN_SKIPPED reason=blocked
215167.721 [0] DBG_ANCHOR_CH5_SCAN_RESCHED ret=1 delay=5
215167.721 [0] DBG_ANCHOR_CH5_SCAN_HANDLER role=2
215167.721 [0] DBG_ANCHOR_CH5_SCAN_BLOCKED win=0 tx=0 retry_gap=0 flood=1 wait=0 rx=0 rxq=0 rxr=0 ack=0 ch9=0 rf=0 retry=5 interval=380
215167.721 [0] DBG_SCAN_SKIPPED reason=blocked
215167.721 [0] DBG_ANCHOR_CH5_SCAN_RESCHED ret=1 delay=5
215167.721 [0] DBG_ANCHOR_CH5_SCAN_HANDLER role=2
215167.721 [0] DBG_ANCHOR_CH5_SCAN_BLOCKED win=0 tx=0 retry_gap=0 flood=1 wait=0 rx=0 rxq=0 rxr=0 ack=0 ch9=0 rf=0 retry=5 interval=380
215167.721 [0] DBG_SCAN_SKIPPED reason=blocked
215167.721 [0] DBG_ANCHOR_CH5_SCAN_RESCHED ret=1 delay=5
215167.721 [0] DBG_ANCHOR_CH5_SCAN_HANDLER role=2
215167.721 [0] DBG_SCAN_SKIPPED reason=blocked
215167.721 [0] DBG_ANCHOR_CH5_SCAN_HANDLER role=2
215167.764 [0] DBG_ANCHOR_CH5_SCAN_HANDLER role=2
215167.764 [0] DBG_ANCHOR_CH5_SCAN_BLOCKED win=0 tx=0 retry_gap=0 flood=1 wait=0 rx=0 rxq=0 rxr=0 ack=0 ch9=0 rf=0 retry=5 interval=380
215167.764 [0] DBG_SCAN_SKIPPED reason=blocked
215167.764 [0] DBG_ANCHOR_CH5_SCAN_RESCHED ret=1 delay=5
215167.764 [0] DBG_ANCHOR_CH5_SCAN_HANDLER role=2
215167.764 [0] DBG_ANCHOR_CH5_SCAN_BLOCKED win=0 tx=0 retry_gap=0 flood=1 wait=0 rx=0 rxq=0 rxr=0 ack=0 ch9=0 rf=0 retry=5 interval=380
215167.764 [0] DBG_SCAN_SKIPPED reason=blocked
215167.764 [0] DBG_ANCHOR_CH5_SCAN_RESCHED ret=1 delay=5
215167.764 [0] DBG_ANCHOR_CH5_SCAN_HANDLER role=2
215167.764 [0] DBG_ANCHOR_CH5_SCAN_BLOCKED win=0 tx=0 retry_gap=0 flood=1 wait=0 rx=0 rxq=0 rxr=0 ack=0 ch9=0 rf=0 retry=5 interval=380
215167.764 [0] DBG_SCAN_SKIPPED reason=blocked
215167.764 [0] DBG_ANCHOR_CH5_SCAN_RESCHED ret=1 delay=5
215167.764 [0] DBG_ANCHOR_CH5_SCAN_HANDLER role=2
215167.764 [0] DBG_ANCHOR_CH5_SCAN_BLOCKED win=0 tx=0 retry_gap=0 flood=1 wait=0 rx=0 rxq=0 rxr=0 ack=0 ch9=0 rf=0 retry=5 interval=380
215167.764 [0] DBG_SCAN_SKIPPED reason=blocked
215167.764 [0] DBG_ANCHOR_CH5_SCAN_RESCHED ret=1 delay=5
215167.764 [0] DBG_ANCHOR_CH5_SCAN_HANDLER role=2
215167.764 [0] DBG_SCAN_SKIPPED reason=blocked
215167.764 [0] DBG_ANCHOR_CH5_SCAN_HANDLER role=2
215167.808 [0] DBG_ANCHOR_CH5_SCAN_HANDLER role=2
215167.808 [0] DBG_ANCHOR_CH5_SCAN_BLOCKED win=0 tx=0 retry_gap=0 flood=1 wait=0 rx=0 rxq=0 rxr=0 ack=0 ch9=0 rf=0 retry=5 interval=380
215167.808 [0] DBG_SCAN_SKIPPED reason=blocked
215167.808 [0] DBG_ANCHOR_CH5_SCAN_RESCHED ret=1 delay=5
215167.808 [0] DBG_ANCHOR_CH5_SCAN_HANDLER role=2
215167.808 [0] DBG_ANCHOR_CH5_SCAN_BLOCKED win=0 tx=0 retry_gap=0 flood=1 wait=0 rx=0 rxq=0 rxr=0 ack=0 ch9=0 rf=0 retry=5 interval=380
215167.808 [0] DBG_SCAN_SKIPPED reason=blocked
215167.808 [0] DBG_ANCHOR_CH5_SCAN_RESCHED ret=1 delay=5
215167.808 [0] DBG_ANCHOR_CH5_SCAN_HANDLER role=2
215167.808 [0] DBG_ANCHOR_CH5_SCAN_BLOCKED win=0 tx=0 retry_gap=0 flood=1 wait=0 rx=0 rxq=0 rxr=0 ack=0 ch9=0 rf=0 retry=5 interval=380
215167.808 [0] DBG_SCAN_SKIPPED reason=blocked
215167.808 [0] DBG_ANCHOR_CH5_SCAN_RESCHED ret=1 delay=5
215167.808 [0] DBG_ANCHOR_CH5_SCAN_HANDLER role=2
215167.808 [0] DBG_ANCHOR_CH5_SCAN_BLOCKED win=0 tx=0 retry_gap=0 flood=1 wait=0 rx=0 rxq=0 rxr=0 ack=0 ch9=0 rf=0 retry=5 interval=380
215167.808 [0] DBG_SCAN_SKIPPED reason=blocked
215167.808 [0] DBG_ANCHOR_CH5_SCAN_RESCHED ret=1 delay=5
215167.808 [0] DBG_ANCHOR_CH5_SCAN_HANDLER role=2
215167.808 [0] DBG_SCAN_SKIPPED reason=blocked
215167.808 [0] DBG_ANCHOR_CH5_SCAN_HANDLER role=2
215167.851 [0] DBG_ANCHOR_CH5_SCAN_HANDLER role=2
215167.851 [0] DBG_ANCHOR_CH5_SCAN_BLOCKED win=0 tx=0 retry_gap=0 flood=1 wait=0 rx=0 rxq=0 rxr=0 ack=0 ch9=0 rf=0 retry=5 interval=380
215167.851 [0] DBG_SCAN_SKIPPED reason=blocked
215167.851 [0] DBG_ANCHOR_CH5_SCAN_RESCHED ret=1 delay=5
215167.851 [0] DBG_ANCHOR_CH5_SCAN_HANDLER role=2
215167.851 [0] DBG_ANCHOR_CH5_SCAN_BLOCKED win=0 tx=0 retry_gap=0 flood=1 wait=0 rx=0 rxq=0 rxr=0 ack=0 ch9=0 rf=0 retry=5 interval=380
215167.851 [0] DBG_SCAN_SKIPPED reason=blocked
215167.851 [0] DBG_ANCHOR_CH5_SCAN_RESCHED ret=1 delay=5
215167.851 [0] DBG_ANCHOR_CH5_SCAN_HANDLER role=2
215167.851 [0] DBG_ANCHOR_CH5_SCAN_BLOCKED win=0 tx=0 retry_gap=0 flood=1 wait=0 rx=0 rxq=0 rxr=0 ack=0 ch9=0 rf=0 retry=5 interval=380
215167.851 [0] DBG_SCAN_SKIPPED reason=blocked
215167.851 [0] DBG_ANCHOR_CH5_SCAN_RESCHED ret=1 delay=5
215167.851 [0] DBG_ANCHOR_CH5_SCAN_HANDLER role=2
215167.851 [0] DBG_ANCHOR_CH5_SCAN_BLOCKED win=0 tx=0 retry_gap=0 flood=1 wait=0 rx=0 rxq=0 rxr=0 ack=0 ch9=0 rf=0 retry=5 interval=380
215167.851 [0] DBG_SCAN_SKIPPED reason=blocked
215167.851 [0] DBG_ANCHOR_CH5_SCAN_RESCHED ret=1 delay=5
215167.851 [0] DBG_ANCHOR_CH5_SCAN_HANDLER role=2
215167.851 [0] DBG_SCAN_SKIPPED reason=blocked
215167.851 [0] DBG_ANCHOR_CH5_SCAN_HANDLER role=2
215167.897 [0] DBG_ANCHOR_CH5_SCAN_HANDLER role=2
215167.897 [0] DBG_ANCHOR_CH5_SCAN_BLOCKED win=0 tx=0 retry_gap=0 flood=1 wait=0 rx=0 rxq=0 rxr=0 ack=0 ch9=0 rf=0 retry=5 interval=380
215167.897 [0] DBG_SCAN_SKIPPED reason=blocked
215167.897 [0] DBG_ANCHOR_CH5_SCAN_RESCHED ret=1 delay=5
215167.897 [0] DBG_ANCHOR_CH5_SCAN_HANDLER role=2
215167.897 [0] DBG_ANCHOR_CH5_SCAN_BLOCKED win=0 tx=0 retry_gap=0 flood=1 wait=0 rx=0 rxq=0 rxr=0 ack=0 ch9=0 rf=0 retry=5 interval=380
215167.897 [0] DBG_SCAN_SKIPPED reason=blocked
215167.897 [0] DBG_ANCHOR_CH5_SCAN_RESCHED ret=1 delay=5
215167.897 [0] DBG_ANCHOR_CH5_SCAN_HANDLER role=2
215167.897 [0] DBG_ANCHOR_CH5_SCAN_BLOCKED win=0 tx=0 retry_gap=0 flood=1 wait=0 rx=0 rxq=0 rxr=0 ack=0 ch9=0 rf=0 retry=5 interval=380
215167.897 [0] DBG_SCAN_SKIPPED reason=blocked
215167.897 [0] DBG_ANCHOR_CH5_SCAN_RESCHED ret=1 delay=5
215167.897 [0] DBG_ANCHOR_CH5_SCAN_HANDLER role=2
215167.897 [0] DBG_ANCHOR_CH5_SCAN_BLOCKED win=0 tx=0 retry_gap=0 flood=1 wait=0 rx=0 rxq=0 rxr=0 ack=0 ch9=0 rf=0 retry=5 interval=380
215167.897 [0] DBG_SCAN_SKIPPED reason=blocked
215167.897 [0] DBG_ANCHOR_CH5_SCAN_RESCHED ret=1 delay=5
215167.897 [0] DBG_ANCHOR_CH5_SCAN_HANDLER role=2
215167.897 [0] DBG_SCAN_SKIPPED reason=blocked
215167.897 [0] DBG_ANCHOR_CH5_SCAN_HANDLER role=2
215167.943 [0] DBG_ANCHOR_CH5_SCAN_HANDLER role=2
215167.943 [0] DBG_ANCHOR_CH5_SCAN_BLOCKED win=0 tx=0 retry_gap=0 flood=1 wait=0 rx=0 rxq=0 rxr=0 ack=0 ch9=0 rf=0 retry=5 interval=380
215167.943 [0] DBG_SCAN_SKIPPED reason=blocked
215167.943 [0] DBG_ANCHOR_CH5_SCAN_RESCHED ret=1 delay=5
215167.943 [0] DBG_ANCHOR_CH5_SCAN_HANDLER role=2
215167.943 [0] DBG_ANCHOR_CH5_SCAN_BLOCKED win=0 tx=0 retry_gap=0 flood=1 wait=0 rx=0 rxq=0 rxr=0 ack=0 ch9=0 rf=0 retry=5 interval=380
215167.943 [0] DBG_SCAN_SKIPPED reason=blocked
215167.943 [0] DBG_ANCHOR_CH5_SCAN_RESCHED ret=1 delay=5
215167.943 [0] DBG_ANCHOR_CH5_SCAN_HANDLER role=2
215167.943 [0] DBG_ANCHOR_CH5_SCAN_BLOCKED win=0 tx=0 retry_gap=0 flood=1 wait=0 rx=0 rxq=0 rxr=0 ack=0 ch9=0 rf=0 retry=5 interval=380
215167.943 [0] DBG_SCAN_SKIPPED reason=blocked
215167.943 [0] DBG_ANCHOR_CH5_SCAN_RESCHED ret=1 delay=5
215167.943 [0] DBG_ANCHOR_CH5_SCAN_HANDLER role=2
215167.943 [0] DBG_ANCHOR_CH5_SCAN_BLOCKED win=0 tx=0 retry_gap=0 flood=1 wait=0 rx=0 rxq=0 rxr=0 ack=0 ch9=0 rf=0 retry=5 interval=380
215167.943 [0] DBG_SCAN_SKIPPED reason=blocked
215167.943 [0] DBG_ANCHOR_CH5_SCAN_RESCHED ret=1 delay=5
215167.943 [0] DBG_ANCHOR_CH5_SCAN_HANDLER role=2
215167.943 [0] DBG_SCAN_SKIPPED reason=blocked
215167.943 [0] DBG_ANCHOR_CH5_SCAN_HANDLER role=2
215167.988 [0] DBG_ANCHOR_CH5_SCAN_HANDLER role=2
215167.988 [0] DBG_ANCHOR_CH5_SCAN_BLOCKED win=0 tx=0 retry_gap=0 flood=1 wait=0 rx=0 rxq=0 rxr=0 ack=0 ch9=0 rf=0 retry=5 interval=380
215167.988 [0] DBG_SCAN_SKIPPED reason=blocked
215167.988 [0] DBG_ANCHOR_CH5_SCAN_RESCHED ret=1 delay=5
215167.988 [0] DBG_ANCHOR_CH5_SCAN_HANDLER role=2
215167.988 [0] DBG_ANCHOR_CH5_SCAN_BLOCKED win=0 tx=0 retry_gap=0 flood=1 wait=0 rx=0 rxq=0 rxr=0 ack=0 ch9=0 rf=0 retry=5 interval=380
215167.988 [0] DBG_SCAN_SKIPPED reason=blocked
215167.988 [0] DBG_ANCHOR_CH5_SCAN_RESCHED ret=1 delay=5
215167.988 [0] DBG_ANCHOR_CH5_SCAN_HANDLER role=2
215167.988 [0] DBG_ANCHOR_CH5_SCAN_BLOCKED win=0 tx=0 retry_gap=0 flood=1 wait=0 rx=0 rxq=0 rxr=0 ack=0 ch9=0 rf=0 retry=5 interval=380
215167.988 [0] DBG_SCAN_SKIPPED reason=blocked
215167.988 [0] DBG_ANCHOR_CH5_SCAN_RESCHED ret=1 delay=5
215167.988 [0] DBG_ANCHOR_CH5_SCAN_HANDLER role=2
215167.988 [0] DBG_ANCHOR_CH5_SCAN_BLOCKED win=0 tx=0 retry_gap=0 flood=1 wait=0 rx=0 rxq=0 rxr=0 ack=0 ch9=0 rf=0 retry=5 interval=380
215167.988 [0] DBG_SCAN_SKIPPED reason=blocked
215167.988 [0] DBG_ANCHOR_CH5_SCAN_RESCHED ret=1 delay=5
215167.988 [0] DBG_ANCHOR_CH5_SCAN_HANDLER role=2
215167.988 [0] DBG_SCAN_SKIPPED reason=blocked
215167.988 [0] DBG_ANCHOR_CH5_SCAN_HANDLER role=2
215168.032 [0] DBG_ANCHOR_CH5_SCAN_HANDLER role=2
215168.032 [0] DBG_ANCHOR_CH5_SCAN_BLOCKED win=0 tx=0 retry_gap=0 flood=1 wait=0 rx=0 rxq=0 rxr=0 ack=0 ch9=0 rf=0 retry=5 interval=380
215168.032 [0] DBG_SCAN_SKIPPED reason=blocked
215168.032 [0] DBG_ANCHOR_CH5_SCAN_RESCHED ret=1 delay=5
215168.032 [0] DBG_ANCHOR_CH5_SCAN_HANDLER role=2
215168.032 [0] DBG_ANCHOR_CH5_SCAN_BLOCKED win=0 tx=0 retry_gap=0 flood=1 wait=0 rx=0 rxq=0 rxr=0 ack=0 ch9=0 rf=0 retry=5 interval=380
215168.032 [0] DBG_SCAN_SKIPPED reason=blocked
215168.032 [0] DBG_ANCHOR_CH5_SCAN_RESCHED ret=1 delay=5
215168.032 [0] DBG_ANCHOR_CH5_SCAN_HANDLER role=2
215168.032 [0] DBG_ANCHOR_CH5_SCAN_BLOCKED win=0 tx=0 retry_gap=0 flood=1 wait=0 rx=0 rxq=0 rxr=0 ack=0 ch9=0 rf=0 retry=5 interval=380
215168.032 [0] DBG_SCAN_SKIPPED reason=blocked
215168.032 [0] DBG_ANCHOR_CH5_SCAN_RESCHED ret=1 delay=5
215168.032 [0] DBG_ANCHOR_CH5_SCAN_HANDLER role=2
215168.032 [0] DBG_ANCHOR_CH5_SCAN_BLOCKED win=0 tx=0 retry_gap=0 flood=1 wait=0 rx=0 rxq=0 rxr=0 ack=0 ch9=0 rf=0 retry=5 interval=380
215168.032 [0] DBG_SCAN_SKIPPED reason=blocked
215168.032 [0] DBG_ANCHOR_CH5_SCAN_RESCHED ret=1 delay=5
215168.032 [0] DBG_ANCHOR_CH5_SCAN_HANDLER role=2
215168.032 [0] DBG_SCAN_SKIPPED reason=blocked
215168.032 [0] DBG_ANCHOR_CH5_SCAN_HANDLER role=2
215168.077 [0] DBG_ANCHOR_CH5_SCAN_HANDLER role=2
215168.077 [0] DBG_ANCHOR_CH5_SCAN_BLOCKED win=0 tx=0 retry_gap=0 flood=1 wait=0 rx=0 rxq=0 rxr=0 ack=0 ch9=0 rf=0 retry=5 interval=380
215168.077 [0] DBG_SCAN_SKIPPED reason=blocked
215168.077 [0] DBG_ANCHOR_CH5_SCAN_RESCHED ret=1 delay=5
215168.077 [0] DBG_ANCHOR_CH5_SCAN_HANDLER role=2
215168.077 [0] DBG_ANCHOR_CH5_SCAN_BLOCKED win=0 tx=0 retry_gap=0 flood=1 wait=0 rx=0 rxq=0 rxr=0 ack=0 ch9=0 rf=0 retry=5 interval=380
215168.077 [0] DBG_SCAN_SKIPPED reason=blocked
215168.077 [0] DBG_ANCHOR_CH5_SCAN_RESCHED ret=1 delay=5
215168.077 [0] DBG_ANCHOR_CH5_SCAN_HANDLER role=2
215168.077 [0] DBG_ANCHOR_CH5_SCAN_BLOCKED win=0 tx=0 retry_gap=0 flood=1 wait=0 rx=0 rxq=0 rxr=0 ack=0 ch9=0 rf=0 retry=5 interval=380
215168.077 [0] DBG_SCAN_SKIPPED reason=blocked
215168.077 [0] DBG_ANCHOR_CH5_SCAN_RESCHED ret=1 delay=5
215168.077 [0] DBG_ANCHOR_CH5_SCAN_HANDLER role=2
215168.077 [0] DBG_ANCHOR_CH5_SCAN_BLOCKED win=0 tx=0 retry_gap=0 flood=1 wait=0 rx=0 rxq=0 rxr=0 ack=0 ch9=0 rf=0 retry=5 interval=380
215168.077 [0] DBG_SCAN_SKIPPED reason=blocked
215168.077 [0] DBG_ANCHOR_CH5_SCAN_RESCHED ret=1 delay=5
215168.077 [0] DBG_ANCHOR_CH5_SCAN_HANDLER role=2
215168.077 [0] DBG_SCAN_SKIPPED reason=blocked
215168.077 [0] DBG_ANCHOR_CH5_SCAN_HANDLER role=2
215168.120 [0] DBG_ANCHOR_CH5_SCAN_HANDLER role=2
215168.120 [0] DBG_ANCHOR_CH5_SCAN_BLOCKED win=0 tx=0 retry_gap=0 flood=1 wait=0 rx=0 rxq=0 rxr=0 ack=0 ch9=0 rf=0 retry=5 interval=380
215168.120 [0] DBG_SCAN_SKIPPED reason=blocked
215168.120 [0] DBG_ANCHOR_CH5_SCAN_RESCHED ret=1 delay=5
215168.120 [0] DBG_ANCHOR_CH5_SCAN_HANDLER role=2
215168.120 [0] DBG_ANCHOR_CH5_SCAN_BLOCKED win=0 tx=0 retry_gap=0 flood=1 wait=0 rx=0 rxq=0 rxr=0 ack=0 ch9=0 rf=0 retry=5 interval=380
215168.120 [0] DBG_SCAN_SKIPPED reason=blocked
215168.120 [0] DBG_ANCHOR_CH5_SCAN_RESCHED ret=1 delay=5
215168.120 [0] DBG_ANCHOR_CH5_SCAN_HANDLER role=2
215168.120 [0] DBG_ANCHOR_CH5_SCAN_BLOCKED win=0 tx=0 retry_gap=0 flood=1 wait=0 rx=0 rxq=0 rxr=0 ack=0 ch9=0 rf=0 retry=5 interval=380
215168.120 [0] DBG_SCAN_SKIPPED reason=blocked
215168.120 [0] DBG_ANCHOR_CH5_SCAN_RESCHED ret=1 delay=5
215168.120 [0] DBG_ANCHOR_CH5_SCAN_HANDLER role=2
215168.120 [0] DBG_ANCHOR_CH5_SCAN_BLOCKED win=0 tx=0 retry_gap=0 flood=1 wait=0 rx=0 rxq=0 rxr=0 ack=0 ch9=0 rf=0 retry=5 interval=380
215168.120 [0] DBG_SCAN_SKIPPED reason=blocked
215168.120 [0] DBG_ANCHOR_CH5_SCAN_RESCHED ret=1 delay=5
215168.120 [0] DBG_ANCHOR_CH5_SCAN_HANDLER role=2
215168.120 [0] DBG_SCAN_SKIPPED reason=blocked
215168.120 [0] DBG_ANCHOR_CH5_SCAN_HANDLER role=2
215168.165 [0] DBG_ANCHOR_CH5_SCAN_HANDLER role=2
215168.165 [0] DBG_ANCHOR_CH5_SCAN_BLOCKED win=0 tx=0 retry_gap=0 flood=1 wait=0 rx=0 rxq=0 rxr=0 ack=0 ch9=0 rf=0 retry=5 interval=380
215168.165 [0] DBG_SCAN_SKIPPED reason=blocked
215168.165 [0] DBG_ANCHOR_CH5_SCAN_RESCHED ret=1 delay=5
215168.165 [0] DBG_ANCHOR_CH5_SCAN_HANDLER role=2
215168.165 [0] DBG_ANCHOR_CH5_SCAN_BLOCKED win=0 tx=0 retry_gap=0 flood=1 wait=0 rx=0 rxq=0 rxr=0 ack=0 ch9=0 rf=0 retry=5 interval=380
215168.165 [0] DBG_SCAN_SKIPPED reason=blocked
215168.165 [0] DBG_ANCHOR_CH5_SCAN_RESCHED ret=1 delay=5
215168.165 [0] DBG_ANCHOR_CH5_SCAN_HANDLER role=2
215168.165 [0] DBG_ANCHOR_CH5_SCAN_BLOCKED win=0 tx=0 retry_gap=0 flood=1 wait=0 rx=0 rxq=0 rxr=0 ack=0 ch9=0 rf=0 retry=5 interval=380
215168.165 [0] DBG_SCAN_SKIPPED reason=blocked
215168.165 [0] DBG_ANCHOR_CH5_SCAN_RESCHED ret=1 delay=5
215168.165 [0] DBG_ANCHOR_CH5_SCAN_HANDLER role=2
215168.165 [0] DBG_ANCHOR_CH5_SCAN_BLOCKED win=0 tx=0 retry_gap=0 flood=1 wait=0 rx=0 rxq=0 rxr=0 ack=0 ch9=0 rf=0 retry=5 interval=380
215168.165 [0] DBG_SCAN_SKIPPED reason=blocked
215168.165 [0] DBG_ANCHOR_CH5_SCAN_RESCHED ret=1 delay=5
215168.165 [0] DBG_ANCHOR_CH5_SCAN_HANDLER role=2
215168.165 [0] DBG_SCAN_SKIPPED reason=blocked
215168.165 [0] DBG_ANCHOR_CH5_SCAN_HANDLER role=2
215168.208 [0] DBG_ANCHOR_CH5_SCAN_HANDLER role=2
215168.208 [0] DBG_ANCHOR_CH5_SCAN_BLOCKED win=0 tx=0 retry_gap=0 flood=1 wait=0 rx=0 rxq=0 rxr=0 ack=0 ch9=0 rf=0 retry=5 interval=380
215168.208 [0] DBG_SCAN_SKIPPED reason=blocked
215168.208 [0] DBG_ANCHOR_CH5_SCAN_RESCHED ret=1 delay=5
215168.208 [0] DBG_ANCHOR_CH5_SCAN_HANDLER role=2
215168.208 [0] DBG_ANCHOR_CH5_SCAN_BLOCKED win=0 tx=0 retry_gap=0 flood=1 wait=0 rx=0 rxq=0 rxr=0 ack=0 ch9=0 rf=0 retry=5 interval=380
215168.208 [0] DBG_SCAN_SKIPPED reason=blocked
215168.208 [0] DBG_ANCHOR_CH5_SCAN_RESCHED ret=1 delay=5
215168.208 [0] DBG_ANCHOR_CH5_SCAN_HANDLER role=2
215168.208 [0] DBG_ANCHOR_CH5_SCAN_BLOCKED win=0 tx=0 retry_gap=0 flood=1 wait=0 rx=0 rxq=0 rxr=0 ack=0 ch9=0 rf=0 retry=5 interval=380
215168.208 [0] DBG_SCAN_SKIPPED reason=blocked
215168.208 [0] DBG_ANCHOR_CH5_SCAN_RESCHED ret=1 delay=5
215168.208 [0] DBG_ANCHOR_CH5_SCAN_HANDLER role=2
215168.208 [0] DBG_ANCHOR_CH5_SCAN_BLOCKED win=0 tx=0 retry_gap=0 flood=1 wait=0 rx=0 rxq=0 rxr=0 ack=0 ch9=0 rf=0 retry=5 interval=380
215168.208 [0] DBG_SCAN_SKIPPED reason=blocked
215168.208 [0] DBG_ANCHOR_CH5_SCAN_RESCHED ret=1 delay=5
215168.208 [0] DBG_ANCHOR_CH5_SCAN_HANDLER role=2
215168.208 [0] DBG_SCAN_SKIPPED reason=blocked
215168.208 [0] DBG_ANCHOR_CH5_SCAN_HANDLER role=2
215168.254 [0] DBG_ANCHOR_CH5_SCAN_HANDLER role=2
215168.254 [0] DBG_ANCHOR_CH5_SCAN_BLOCKED win=0 tx=0 retry_gap=0 flood=1 wait=0 rx=0 rxq=0 rxr=0 ack=0 ch9=0 rf=0 retry=5 interval=380
215168.254 [0] DBG_SCAN_SKIPPED reason=blocked
215168.254 [0] DBG_ANCHOR_CH5_SCAN_RESCHED ret=1 delay=5
215168.254 [0] DBG_ANCHOR_CH5_SCAN_HANDLER role=2
215168.254 [0] DBG_ANCHOR_CH5_SCAN_BLOCKED win=0 tx=0 retry_gap=0 flood=1 wait=0 rx=0 rxq=0 rxr=0 ack=0 ch9=0 rf=0 retry=5 interval=380
215168.254 [0] DBG_SCAN_SKIPPED reason=blocked
215168.254 [0] DBG_ANCHOR_CH5_SCAN_RESCHED ret=1 delay=5
215168.254 [0] DBG_ANCHOR_CH5_SCAN_HANDLER role=2
215168.254 [0] DBG_ANCHOR_CH5_SCAN_BLOCKED win=0 tx=0 retry_gap=0 flood=1 wait=0 rx=0 rxq=0 rxr=0 ack=0 ch9=0 rf=0 retry=5 interval=380
215168.254 [0] DBG_SCAN_SKIPPED reason=blocked
215168.254 [0] DBG_ANCHOR_CH5_SCAN_RESCHED ret=1 delay=5
215168.254 [0] DBG_ANCHOR_CH5_SCAN_HANDLER role=2
215168.254 [0] DBG_ANCHOR_CH5_SCAN_BLOCKED win=0 tx=0 retry_gap=0 flood=1 wait=0 rx=0 rxq=0 rxr=0 ack=0 ch9=0 rf=0 retry=5 interval=380
215168.254 [0] DBG_SCAN_SKIPPED reason=blocked
215168.254 [0] DBG_ANCHOR_CH5_SCAN_RESCHED ret=1 delay=5
215168.254 [0] DBG_ANCHOR_CH5_SCAN_HANDLER role=2
215168.254 [0] DBG_SCAN_SKIPPED reason=blocked
215168.254 [0] DBG_ANCHOR_CH5_SCAN_HANDLER role=2
215168.298 [0] DBG_ANCHOR_CH5_SCAN_HANDLER role=2
215168.298 [0] DBG_ANCHOR_CH5_SCAN_BLOCKED win=0 tx=0 retry_gap=0 flood=1 wait=0 rx=0 rxq=0 rxr=0 ack=0 ch9=0 rf=0 retry=5 interval=380
215168.298 [0] DBG_SCAN_SKIPPED reason=blocked
215168.298 [0] DBG_ANCHOR_CH5_SCAN_RESCHED ret=1 delay=5
215168.298 [0] DBG_ANCHOR_CH5_SCAN_HANDLER role=2
215168.298 [0] DBG_ANCHOR_CH5_SCAN_BLOCKED win=0 tx=0 retry_gap=0 flood=1 wait=0 rx=0 rxq=0 rxr=0 ack=0 ch9=0 rf=0 retry=5 interval=380
215168.298 [0] DBG_SCAN_SKIPPED reason=blocked
215168.298 [0] DBG_ANCHOR_CH5_SCAN_RESCHED ret=1 delay=5
215168.298 [0] DBG_ANCHOR_CH5_SCAN_HANDLER role=2
215168.298 [0] DBG_ANCHOR_CH5_SCAN_BLOCKED win=0 tx=0 retry_gap=0 flood=1 wait=0 rx=0 rxq=0 rxr=0 ack=0 ch9=0 rf=0 retry=5 interval=380
215168.298 [0] DBG_SCAN_SKIPPED reason=blocked
215168.298 [0] DBG_ANCHOR_CH5_SCAN_RESCHED ret=1 delay=5
215168.298 [0] DBG_ANCHOR_CH5_SCAN_HANDLER role=2
215168.298 [0] DBG_ANCHOR_CH5_SCAN_BLOCKED win=0 tx=0 retry_gap=0 flood=1 wait=0 rx=0 rxq=0 rxr=0 ack=0 ch9=0 rf=0 retry=5 interval=380
215168.298 [0] DBG_SCAN_SKIPPED reason=blocked
215168.298 [0] DBG_ANCHOR_CH5_SCAN_RESCHED ret=1 delay=5
215168.298 [0] DBG_ANCHOR_CH5_SCAN_HANDLER role=2
215168.298 [0] DBG_SCAN_SKIPPED reason=blocked
215168.298 [0] DBG_ANCHOR_CH5_SCAN_HANDLER role=2
215168.351 [0] DBG_ANCHOR_CH5_SCAN_BLOCKED win=0 tx=0 retry_gap=0 flood=1 wait=0 rx=0 rxq=0 rxr=0 ack=0 ch9=0 rf=0 retry=5 interval=380
215168.351 [0] DBG_SCAN_SKIPPED reason=blocked
215168.351 [0] DBG_ANCHOR_CH5_SCAN_RESCHED ret=1 delay=5
215168.351 [0] DBG_ANCHOR_CH5_SCAN_HANDLER role=2
215168.351 [0] DBG_ANCHOR_CH5_SCAN_BLOCKED win=0 tx=0 retry_gap=0 flood=1 wait=0 rx=0 rxq=0 rxr=0 ack=0 ch9=0 rf=0 retry=5 interval=380
215168.351 [0] DBG_SCAN_SKIPPED reason=blocked
215168.351 [0] DBG_ANCHOR_CH5_SCAN_RESCHED ret=1 delay=5
215168.351 [0] DBG_ANCHOR_CH5_SCAN_HANDLER role=2
215168.351 [0] DBG_ANCHOR_CH5_SCAN_BLOCKED win=0 tx=0 retry_gap=0 flood=1 wait=0 rx=0 rxq=0 rxr=0 ack=0 ch9=0 rf=0 retry=5 interval=380
215168.351 [0] DBG_SCAN_SKIPPED reason=blocked
215168.351 [0] DBG_ANCHOR_CH5_SCAN_RESCHED ret=1 delay=5
215168.351 [0] DBG_ANCHOR_CH5_SCAN_HANDLER role=2
215168.351 [0] DBG_ANCHOR_CH5_SCAN_BLOCKED win=0 tx=0 retry_gap=0 flood=1 wait=0 rx=0 rxq=0 rxr=0 ack=0 ch9=0 rf=0 retry=5 interval=380
215168.351 [0] DBG_SCAN_SKIPPED reason=blocked
215168.351 [0] DBG_ANCHOR_CH5_SCAN_RESCHED ret=1 delay=5
215168.351 [0] DBG_ANCHOR_CH5_SCAN_HANDLER role=2
215168.351 [0] DBG_SCAN_SKIPPED reason=blocked
215168.351 [0] DBG_ANCHOR_CH5_SCAN_RESCHED ret=1 delay=5
215168.393 [0] DBG_ANCHOR_CH5_SCAN_HANDLER role=2
215168.393 [0] DBG_ANCHOR_CH5_SCAN_BLOCKED win=0 tx=0 retry_gap=0 flood=1 wait=0 rx=0 rxq=0 rxr=0 ack=0 ch9=0 rf=0 retry=5 interval=380
215168.393 [0] DBG_SCAN_SKIPPED reason=blocked
215168.393 [0] DBG_ANCHOR_CH5_SCAN_RESCHED ret=1 delay=5
215168.393 [0] DBG_ANCHOR_CH5_SCAN_HANDLER role=2
215168.393 [0] DBG_ANCHOR_CH5_SCAN_BLOCKED win=0 tx=0 retry_gap=0 flood=1 wait=0 rx=0 rxq=0 rxr=0 ack=0 ch9=0 rf=0 retry=5 interval=380
215168.393 [0] DBG_SCAN_SKIPPED reason=blocked
215168.393 [0] DBG_ANCHOR_CH5_SCAN_RESCHED ret=1 delay=5
215168.393 [0] DBG_ANCHOR_CH5_SCAN_HANDLER role=2
215168.393 [0] DBG_ANCHOR_CH5_SCAN_BLOCKED win=0 tx=0 retry_gap=0 flood=1 wait=0 rx=0 rxq=0 rxr=0 ack=0 ch9=0 rf=0 retry=5 interval=380
215168.393 [0] DBG_SCAN_SKIPPED reason=blocked
215168.393 [0] DBG_ANCHOR_CH5_SCAN_RESCHED ret=1 delay=5
215168.393 [0] DBG_ANCHOR_CH5_SCAN_HANDLER role=2
215168.393 [0] DBG_ANCHOR_CH5_SCAN_BLOCKED win=0 tx=0 retry_gap=0 flood=1 wait=0 rx=0 rxq=0 rxr=0 ack=0 ch9=0 rf=0 retry=5 interval=380
215168.393 [0] DBG_SCAN_SKIPPED reason=blocked
215168.393 [0] DBG_ANCHOR_CH5_SCAN_RESCHED ret=1 delay=5
215168.393 [0] DBG_ANCHOR_CH5_SCAN_HANDLER role=2
215168.393 [0] DBG_SCAN_SKIPPED reason=blocked
215168.393 [0] DBG_ANCHOR_CH5_SCAN_HANDLER role=2
215168.441 [0] DBG_ANCHOR_CH5_SCAN_BLOCKED win=0 tx=0 retry_gap=0 flood=1 wait=0 rx=0 rxq=0 rxr=0 ack=0 ch9=0 rf=0 retry=5 interval=380
215168.441 [0] DBG_SCAN_SKIPPED reason=blocked
215168.441 [0] DBG_ANCHOR_CH5_SCAN_RESCHED ret=1 delay=5
215168.441 [0] DBG_ANCHOR_CH5_SCAN_HANDLER role=2
215168.441 [0] DBG_ANCHOR_CH5_SCAN_BLOCKED win=0 tx=0 retry_gap=0 flood=1 wait=0 rx=0 rxq=0 rxr=0 ack=0 ch9=0 rf=0 retry=5 interval=380
215168.441 [0] DBG_SCAN_SKIPPED reason=blocked
215168.441 [0] DBG_ANCHOR_CH5_SCAN_RESCHED ret=1 delay=5
215168.441 [0] DBG_ANCHOR_CH5_SCAN_HANDLER role=2
215168.441 [0] DBG_ANCHOR_CH5_SCAN_BLOCKED win=0 tx=0 retry_gap=0 flood=1 wait=0 rx=0 rxq=0 rxr=0 ack=0 ch9=0 rf=0 retry=5 interval=380
215168.441 [0] DBG_SCAN_SKIPPED reason=blocked
215168.441 [0] DBG_ANCHOR_CH5_SCAN_RESCHED ret=1 delay=5
215168.441 [0] DBG_ANCHOR_CH5_SCAN_HANDLER role=2
215168.441 [0] DBG_ANCHOR_CH5_SCAN_BLOCKED win=0 tx=0 retry_gap=0 flood=1 wait=0 rx=0 rxq=0 rxr=0 ack=0 ch9=0 rf=0 retry=5 interval=380
215168.441 [0] DBG_SCAN_SKIPPED reason=blocked
215168.441 [0] DBG_ANCHOR_CH5_SCAN_RESCHED ret=1 delay=5
215168.441 [0] DBG_ANCHOR_CH5_SCAN_HANDLER role=2
215168.441 [0] DBG_SCAN_SKIPPED reason=blocked
215168.441 [0] DBG_ANCHOR_CH5_SCAN_RESCHED ret=1 delay=5
215168.492 [0] DBG_ANCHOR_CH5_SCAN_HANDLER role=2
215168.492 [0] DBG_ANCHOR_CH5_SCAN_BLOCKED win=0 tx=0 retry_gap=0 flood=1 wait=0 rx=0 rxq=0 rxr=0 ack=0 ch9=0 rf=0 retry=5 interval=380
215168.492 [0] DBG_SCAN_SKIPPED reason=blocked
215168.492 [0] DBG_ANCHOR_CH5_SCAN_RESCHED ret=1 delay=5
215168.492 [0] DBG_ANCHOR_CH5_SCAN_HANDLER role=2
215168.492 [0] DBG_ANCHOR_CH5_SCAN_BLOCKED win=0 tx=0 retry_gap=0 flood=1 wait=0 rx=0 rxq=0 rxr=0 ack=0 ch9=0 rf=0 retry=5 interval=380
215168.492 [0] DBG_SCAN_SKIPPED reason=blocked
215168.492 [0] DBG_ANCHOR_CH5_SCAN_RESCHED ret=1 delay=5
215168.492 [0] DBG_ANCHOR_CH5_SCAN_HANDLER role=2
215168.492 [0] DBG_ANCHOR_CH5_SCAN_BLOCKED win=0 tx=0 retry_gap=0 flood=1 wait=0 rx=0 rxq=0 rxr=0 ack=0 ch9=0 rf=0 retry=5 interval=380
215168.492 [0] DBG_SCAN_SKIPPED reason=blocked
215168.492 [0] DBG_ANCHOR_CH5_SCAN_RESCHED ret=1 delay=5
215168.492 [0] DBG_ANCHOR_CH5_SCAN_HANDLER role=2
215168.492 [0] DBG_ANCHOR_CH5_SCAN_BLOCKED win=0 tx=0 retry_gap=0 flood=1 wait=0 rx=0 rxq=0 rxr=0 ack=0 ch9=0 rf=0 retry=5 interval=380
215168.492 [0] DBG_SCAN_SKIPPED reason=blocked
215168.492 [0] DBG_ANCHOR_CH5_SCAN_RESCHED ret=1 delay=5
215168.492 [0] DBG_ANCHOR_CH5_SCAN_HANDLER role=2
215168.492 [0] DBG_SCAN_SKIPPED reason=blocked
215168.492 [0] DBG_ANCHOR_CH5_SCAN_HANDLER role=2
215168.538 [0] DBG_ANCHOR_CH5_SCAN_HANDLER role=2
215168.538 [0] DBG_ANCHOR_CH5_SCAN_BLOCKED win=0 tx=0 retry_gap=0 flood=1 wait=0 rx=0 rxq=0 rxr=0 ack=0 ch9=0 rf=0 retry=5 interval=380
215168.538 [0] DBG_SCAN_SKIPPED reason=blocked
215168.538 [0] DBG_ANCHOR_CH5_SCAN_RESCHED ret=1 delay=5
215168.538 [0] DBG_ANCHOR_CH5_SCAN_HANDLER role=2
215168.538 [0] DBG_ANCHOR_CH5_SCAN_BLOCKED win=0 tx=0 retry_gap=0 flood=1 wait=0 rx=0 rxq=0 rxr=0 ack=0 ch9=0 rf=1 retry=20 interval=380
215168.538 [0] DBG_SCAN_SKIPPED reason=blocked
215168.538 [0] DBG_ANCHOR_CH5_SCAN_RESCHED ret=1 delay=20
215168.538 [0] DBG_DWM_INVALIDATE tag=configure_radio_from_reset active_phy=2 configured=1 awake=1
215168.538 [0] DBG_DWM_MARK_UNCONFIGURED tag=initialise_radio prev_phy=0
215168.538 [0] DBG_DWM_PHY_SWITCH from=2 to=4 fast=0 us=18982
215168.538 [0] DBG_DWM_WAKE_MESH_CTRL_OK sfd=1033
215168.538 [0] DBG_C5_TX_CONFIG ret=0 at=11705 ext=1 len=173 msg=3c reason=bounded-c5-flood
215168.538 [0] DBG_MESH_TX_AGE msg=3c seq=2 age=7938 enc=11705 rf=11706 gap=1 air=3
215168.538 [0] DBG_MESH_TX_STAGE stage=start msg=3c seq=2 ch=5 seen=1 at=11706
215168.538 [0] DBG_MESH_TX_STAGE stage=complete msg=3c seq=2 ch=5 seen=1 at=11709 ret=0
215168.538 [0] DBG_UWB_TX_CH5
215168.538 [0] DBG_ANCHOR_CH5_SCAN_HANDLER role=2
215168.586 [0] DBG_ANCHOR_CH5_SCAN_BLOCKED win=0 tx=0 retry_gap=0 flood=1 wait=0 rx=0 rxq=0 rxr=0 ack=0 ch9=0 rf=0 retry=5 interval=380
215168.586 [0] DBG_SCAN_SKIPPED reason=blocked
215168.586 [0] DBG_ANCHOR_CH5_SCAN_RESCHED ret=1 delay=5
215168.586 [0] DBG_ANCHOR_CH5_SCAN_HANDLER role=2
215168.586 [0] DBG_ANCHOR_CH5_SCAN_BLOCKED win=0 tx=0 retry_gap=0 flood=1 wait=0 rx=0 rxq=0 rxr=0 ack=0 ch9=0 rf=0 retry=5 interval=380
215168.586 [0] DBG_SCAN_SKIPPED reason=blocked
215168.586 [0] DBG_ANCHOR_CH5_SCAN_RESCHED ret=1 delay=5
215168.586 [0] DBG_ANCHOR_CH5_SCAN_HANDLER role=2
215168.586 [0] DBG_ANCHOR_CH5_SCAN_BLOCKED win=0 tx=0 retry_gap=0 flood=1 wait=0 rx=0 rxq=0 rxr=0 ack=0 ch9=0 rf=0 retry=5 interval=380
215168.586 [0] DBG_SCAN_SKIPPED reason=blocked
215168.586 [0] DBG_ANCHOR_CH5_SCAN_RESCHED ret=1 delay=5
215168.586 [0] DBG_ANCHOR_CH5_SCAN_HANDLER role=2
215168.586 [0] DBG_ANCHOR_CH5_SCAN_BLOCKED win=0 tx=0 retry_gap=0 flood=1 wait=0 rx=0 rxq=0 rxr=0 ack=0 ch9=0 rf=0 retry=5 interval=380
215168.586 [0] DBG_SCAN_SKIPPED reason=blocked
215168.586 [0] DBG_ANCHOR_CH5_SCAN_RESCHED ret=1 delay=5
215168.586 [0] DBG_ANCHOR_CH5_SCAN_HANDLER role=2
215168.586 [0] DBG_SCAN_SKIPPED reason=blocked
215168.586 [0] DBG_ANCHOR_CH5_SCAN_RESCHED ret=1 delay=5
215168.630 [0] DBG_ANCHOR_CH5_SCAN_HANDLER role=2
215168.630 [0] DBG_ANCHOR_CH5_SCAN_BLOCKED win=0 tx=0 retry_gap=0 flood=1 wait=0 rx=0 rxq=0 rxr=0 ack=0 ch9=0 rf=0 retry=5 interval=380
215168.630 [0] DBG_SCAN_SKIPPED reason=blocked
215168.630 [0] DBG_ANCHOR_CH5_SCAN_RESCHED ret=1 delay=5
215168.630 [0] DBG_ANCHOR_CH5_SCAN_HANDLER role=2
215168.630 [0] DBG_ANCHOR_CH5_SCAN_BLOCKED win=0 tx=0 retry_gap=0 flood=1 wait=0 rx=0 rxq=0 rxr=0 ack=0 ch9=0 rf=0 retry=5 interval=380
215168.630 [0] DBG_SCAN_SKIPPED reason=blocked
215168.630 [0] DBG_ANCHOR_CH5_SCAN_RESCHED ret=1 delay=5
215168.630 [0] DBG_ANCHOR_CH5_SCAN_HANDLER role=2
215168.630 [0] DBG_ANCHOR_CH5_SCAN_BLOCKED win=0 tx=0 retry_gap=0 flood=1 wait=0 rx=0 rxq=0 rxr=0 ack=0 ch9=0 rf=0 retry=5 interval=380
215168.630 [0] DBG_SCAN_SKIPPED reason=blocked
215168.630 [0] DBG_ANCHOR_CH5_SCAN_RESCHED ret=1 delay=5
215168.630 [0] DBG_ANCHOR_CH5_SCAN_HANDLER role=2
215168.630 [0] DBG_ANCHOR_CH5_SCAN_BLOCKED win=0 tx=0 retry_gap=0 flood=1 wait=0 rx=0 rxq=0 rxr=0 ack=0 ch9=0 rf=0 retry=5 interval=380
215168.630 [0] DBG_SCAN_SKIPPED reason=blocked
215168.630 [0] DBG_ANCHOR_CH5_SCAN_RESCHED ret=1 delay=5
215168.630 [0] DBG_ANCHOR_CH5_SCAN_HANDLER role=2
215168.630 [0] DBG_SCAN_SKIPPED reason=blocked
215168.630 [0] DBG_ANCHOR_CH5_SCAN_HANDLER role=2
215168.680 [0] DBG_ANCHOR_CH5_SCAN_HANDLER role=2
215168.680 [0] DBG_ANCHOR_CH5_SCAN_BLOCKED win=0 tx=0 retry_gap=0 flood=1 wait=0 rx=0 rxq=0 rxr=0 ack=0 ch9=0 rf=0 retry=5 interval=380
215168.680 [0] DBG_SCAN_SKIPPED reason=blocked
215168.680 [0] DBG_ANCHOR_CH5_SCAN_RESCHED ret=1 delay=5
215168.680 [0] DBG_ANCHOR_CH5_SCAN_HANDLER role=2
215168.680 [0] DBG_ANCHOR_CH5_SCAN_BLOCKED win=0 tx=0 retry_gap=0 flood=1 wait=0 rx=0 rxq=0 rxr=0 ack=0 ch9=0 rf=0 retry=5 interval=380
215168.680 [0] DBG_SCAN_SKIPPED reason=blocked
215168.680 [0] DBG_ANCHOR_CH5_SCAN_RESCHED ret=1 delay=5
215168.680 [0] DBG_ANCHOR_CH5_SCAN_HANDLER role=2
215168.680 [0] DBG_ANCHOR_CH5_SCAN_BLOCKED win=0 tx=0 retry_gap=0 flood=1 wait=0 rx=0 rxq=0 rxr=0 ack=0 ch9=0 rf=0 retry=5 interval=380
215168.680 [0] DBG_SCAN_SKIPPED reason=blocked
215168.680 [0] DBG_ANCHOR_CH5_SCAN_RESCHED ret=1 delay=5
215168.680 [0] DBG_ANCHOR_CH5_SCAN_HANDLER role=2
215168.680 [0] DBG_ANCHOR_CH5_SCAN_BLOCKED win=0 tx=0 retry_gap=0 flood=1 wait=0 rx=0 rxq=0 rxr=0 ack=0 ch9=0 rf=0 retry=5 interval=380
215168.680 [0] DBG_SCAN_SKIPPED reason=blocked
215168.680 [0] DBG_ANCHOR_CH5_SCAN_RESCHED ret=1 delay=5
215168.680 [0] DBG_ANCHOR_CH5_SCAN_HANDLER role=2
215168.680 [0] DBG_SCAN_SKIPPED reason=blocked
215168.680 [0] DBG_ANCHOR_CH5_SCAN_HANDLER role=2
215168.724 [0] DBG_ANCHOR_CH5_SCAN_HANDLER role=2
215168.724 [0] DBG_ANCHOR_CH5_SCAN_BLOCKED win=0 tx=0 retry_gap=0 flood=1 wait=0 rx=0 rxq=0 rxr=0 ack=0 ch9=0 rf=0 retry=5 interval=380
215168.724 [0] DBG_SCAN_SKIPPED reason=blocked
215168.724 [0] DBG_ANCHOR_CH5_SCAN_RESCHED ret=1 delay=5
215168.724 [0] DBG_ANCHOR_CH5_SCAN_HANDLER role=2
215168.724 [0] DBG_ANCHOR_CH5_SCAN_BLOCKED win=0 tx=0 retry_gap=0 flood=1 wait=0 rx=0 rxq=0 rxr=0 ack=0 ch9=0 rf=0 retry=5 interval=380
215168.724 [0] DBG_SCAN_SKIPPED reason=blocked
215168.724 [0] DBG_ANCHOR_CH5_SCAN_RESCHED ret=1 delay=5
215168.724 [0] DBG_ANCHOR_CH5_SCAN_HANDLER role=2
215168.724 [0] DBG_ANCHOR_CH5_SCAN_BLOCKED win=0 tx=0 retry_gap=0 flood=1 wait=0 rx=0 rxq=0 rxr=0 ack=0 ch9=0 rf=0 retry=5 interval=380
215168.724 [0] DBG_SCAN_SKIPPED reason=blocked
215168.724 [0] DBG_ANCHOR_CH5_SCAN_RESCHED ret=1 delay=5
215168.724 [0] DBG_ANCHOR_CH5_SCAN_HANDLER role=2
215168.724 [0] DBG_ANCHOR_CH5_SCAN_BLOCKED win=0 tx=0 retry_gap=0 flood=1 wait=0 rx=0 rxq=0 rxr=0 ack=0 ch9=0 rf=0 retry=5 interval=380
215168.724 [0] DBG_SCAN_SKIPPED reason=blocked
215168.724 [0] DBG_ANCHOR_CH5_SCAN_RESCHED ret=1 delay=5
215168.724 [0] DBG_ANCHOR_CH5_SCAN_HANDLER role=2
215168.724 [0] DBG_SCAN_SKIPPED reason=blocked
215168.724 [0] DBG_ANCHOR_CH5_SCAN_HANDLER role=2
215168.766 [0] DBG_ANCHOR_CH5_SCAN_HANDLER role=2
215168.766 [0] DBG_ANCHOR_CH5_SCAN_BLOCKED win=0 tx=0 retry_gap=0 flood=1 wait=0 rx=0 rxq=0 rxr=0 ack=0 ch9=0 rf=0 retry=5 interval=380
215168.766 [0] DBG_SCAN_SKIPPED reason=blocked
215168.766 [0] DBG_ANCHOR_CH5_SCAN_RESCHED ret=1 delay=5
215168.766 [0] DBG_ANCHOR_CH5_SCAN_HANDLER role=2
215168.766 [0] DBG_ANCHOR_CH5_SCAN_BLOCKED win=0 tx=0 retry_gap=0 flood=1 wait=0 rx=0 rxq=0 rxr=0 ack=0 ch9=0 rf=0 retry=5 interval=380
215168.766 [0] DBG_SCAN_SKIPPED reason=blocked
215168.766 [0] DBG_ANCHOR_CH5_SCAN_RESCHED ret=1 delay=5
215168.766 [0] DBG_ANCHOR_CH5_SCAN_HANDLER role=2
215168.766 [0] DBG_ANCHOR_CH5_SCAN_BLOCKED win=0 tx=0 retry_gap=0 flood=1 wait=0 rx=0 rxq=0 rxr=0 ack=0 ch9=0 rf=0 retry=5 interval=380
215168.766 [0] DBG_SCAN_SKIPPED reason=blocked
215168.766 [0] DBG_ANCHOR_CH5_SCAN_RESCHED ret=1 delay=5
215168.766 [0] DBG_ANCHOR_CH5_SCAN_HANDLER role=2
215168.766 [0] DBG_ANCHOR_CH5_SCAN_BLOCKED win=0 tx=0 retry_gap=0 flood=1 wait=0 rx=0 rxq=0 rxr=0 ack=0 ch9=0 rf=0 retry=5 interval=380
215168.766 [0] DBG_SCAN_SKIPPED reason=blocked
215168.766 [0] DBG_ANCHOR_CH5_SCAN_RESCHED ret=1 delay=5
215168.766 [0] DBG_ANCHOR_CH5_SCAN_HANDLER role=2
215168.766 [0] DBG_SCAN_SKIPPED reason=blocked
215168.766 [0] DBG_ANCHOR_CH5_SCAN_HANDLER role=2
215168.808 [0] DBG_ANCHOR_CH5_SCAN_HANDLER role=2
215168.808 [0] DBG_ANCHOR_CH5_SCAN_BLOCKED win=0 tx=0 retry_gap=0 flood=1 wait=0 rx=0 rxq=0 rxr=0 ack=0 ch9=0 rf=0 retry=5 interval=380
215168.808 [0] DBG_SCAN_SKIPPED reason=blocked
215168.808 [0] DBG_ANCHOR_CH5_SCAN_RESCHED ret=1 delay=5
215168.808 [0] DBG_ANCHOR_CH5_SCAN_HANDLER role=2
215168.808 [0] DBG_ANCHOR_CH5_SCAN_BLOCKED win=0 tx=0 retry_gap=0 flood=1 wait=0 rx=0 rxq=0 rxr=0 ack=0 ch9=0 rf=0 retry=5 interval=380
215168.808 [0] DBG_SCAN_SKIPPED reason=blocked
215168.808 [0] DBG_ANCHOR_CH5_SCAN_RESCHED ret=1 delay=5
215168.808 [0] DBG_ANCHOR_CH5_SCAN_HANDLER role=2
215168.808 [0] DBG_ANCHOR_CH5_SCAN_BLOCKED win=0 tx=0 retry_gap=0 flood=1 wait=0 rx=0 rxq=0 rxr=0 ack=0 ch9=0 rf=0 retry=5 interval=380
215168.808 [0] DBG_SCAN_SKIPPED reason=blocked
215168.808 [0] DBG_ANCHOR_CH5_SCAN_RESCHED ret=1 delay=5
215168.808 [0] DBG_ANCHOR_CH5_SCAN_HANDLER role=2
215168.808 [0] DBG_ANCHOR_CH5_SCAN_BLOCKED win=0 tx=0 retry_gap=0 flood=1 wait=0 rx=0 rxq=0 rxr=0 ack=0 ch9=0 rf=0 retry=5 interval=380
215168.808 [0] DBG_SCAN_SKIPPED reason=blocked
215168.808 [0] DBG_ANCHOR_CH5_SCAN_RESCHED ret=1 delay=5
215168.808 [0] DBG_ANCHOR_CH5_SCAN_HANDLER role=2
215168.808 [0] DBG_SCAN_SKIPPED reason=blocked
215168.808 [0] DBG_ANCHOR_CH5_SCAN_HANDLER role=2
215168.851 [0] DBG_ANCHOR_CH5_SCAN_HANDLER role=2
215168.851 [0] DBG_ANCHOR_CH5_SCAN_BLOCKED win=0 tx=0 retry_gap=0 flood=1 wait=0 rx=0 rxq=0 rxr=0 ack=0 ch9=0 rf=0 retry=5 interval=380
215168.851 [0] DBG_SCAN_SKIPPED reason=blocked
215168.851 [0] DBG_ANCHOR_CH5_SCAN_RESCHED ret=1 delay=5
215168.851 [0] DBG_ANCHOR_CH5_SCAN_HANDLER role=2
215168.851 [0] DBG_ANCHOR_CH5_SCAN_BLOCKED win=0 tx=0 retry_gap=0 flood=1 wait=0 rx=0 rxq=0 rxr=0 ack=0 ch9=0 rf=0 retry=5 interval=380
215168.851 [0] DBG_SCAN_SKIPPED reason=blocked
215168.851 [0] DBG_ANCHOR_CH5_SCAN_RESCHED ret=1 delay=5
215168.851 [0] DBG_ANCHOR_CH5_SCAN_HANDLER role=2
215168.851 [0] DBG_ANCHOR_CH5_SCAN_BLOCKED win=0 tx=0 retry_gap=0 flood=1 wait=0 rx=0 rxq=0 rxr=0 ack=0 ch9=0 rf=0 retry=5 interval=380
215168.851 [0] DBG_SCAN_SKIPPED reason=blocked
215168.851 [0] DBG_ANCHOR_CH5_SCAN_RESCHED ret=1 delay=5
215168.851 [0] DBG_ANCHOR_CH5_SCAN_HANDLER role=2
215168.851 [0] DBG_ANCHOR_CH5_SCAN_BLOCKED win=0 tx=0 retry_gap=0 flood=1 wait=0 rx=0 rxq=0 rxr=0 ack=0 ch9=0 rf=0 retry=5 interval=380
215168.851 [0] DBG_SCAN_SKIPPED reason=blocked
215168.851 [0] DBG_ANCHOR_CH5_SCAN_RESCHED ret=1 delay=5
215168.851 [0] DBG_ANCHOR_CH5_SCAN_HANDLER role=2
215168.851 [0] DBG_SCAN_SKIPPED reason=blocked
215168.851 [0] DBG_ANCHOR_CH5_SCAN_HANDLER role=2
215168.893 [0] DBG_ANCHOR_CH5_SCAN_HANDLER role=2
215168.893 [0] DBG_ANCHOR_CH5_SCAN_BLOCKED win=0 tx=0 retry_gap=0 flood=1 wait=0 rx=0 rxq=0 rxr=0 ack=0 ch9=0 rf=0 retry=5 interval=380
215168.893 [0] DBG_SCAN_SKIPPED reason=blocked
215168.893 [0] DBG_ANCHOR_CH5_SCAN_RESCHED ret=1 delay=5
215168.893 [0] DBG_ANCHOR_CH5_SCAN_HANDLER role=2
215168.893 [0] DBG_ANCHOR_CH5_SCAN_BLOCKED win=0 tx=0 retry_gap=0 flood=1 wait=0 rx=0 rxq=0 rxr=0 ack=0 ch9=0 rf=0 retry=5 interval=380
215168.893 [0] DBG_SCAN_SKIPPED reason=blocked
215168.893 [0] DBG_ANCHOR_CH5_SCAN_RESCHED ret=1 delay=5
215168.893 [0] DBG_ANCHOR_CH5_SCAN_HANDLER role=2
215168.893 [0] DBG_ANCHOR_CH5_SCAN_BLOCKED win=0 tx=0 retry_gap=0 flood=1 wait=0 rx=0 rxq=0 rxr=0 ack=0 ch9=0 rf=0 retry=5 interval=380
215168.893 [0] DBG_SCAN_SKIPPED reason=blocked
215168.893 [0] DBG_ANCHOR_CH5_SCAN_RESCHED ret=1 delay=5
215168.893 [0] DBG_ANCHOR_CH5_SCAN_HANDLER role=2
215168.893 [0] DBG_ANCHOR_CH5_SCAN_BLOCKED win=0 tx=0 retry_gap=0 flood=1 wait=0 rx=0 rxq=0 rxr=0 ack=0 ch9=0 rf=0 retry=5 interval=380
215168.893 [0] DBG_SCAN_SKIPPED reason=blocked
215168.893 [0] DBG_ANCHOR_CH5_SCAN_RESCHED ret=1 delay=5
215168.893 [0] DBG_ANCHOR_CH5_SCAN_HANDLER role=2
215168.893 [0] DBG_SCAN_SKIPPED reason=blocked
215168.893 [0] DBG_ANCHOR_CH5_SCAN_HANDLER role=2
215168.940 [0] DBG_ANCHOR_CH5_SCAN_HANDLER role=2
215168.940 [0] DBG_ANCHOR_CH5_SCAN_BLOCKED win=0 tx=0 retry_gap=0 flood=1 wait=0 rx=0 rxq=0 rxr=0 ack=0 ch9=0 rf=0 retry=5 interval=380
215168.940 [0] DBG_SCAN_SKIPPED reason=blocked
215168.940 [0] DBG_ANCHOR_CH5_SCAN_RESCHED ret=1 delay=5
215168.940 [0] DBG_ANCHOR_CH5_SCAN_HANDLER role=2
215168.940 [0] DBG_ANCHOR_CH5_SCAN_BLOCKED win=0 tx=0 retry_gap=0 flood=1 wait=0 rx=0 rxq=0 rxr=0 ack=0 ch9=0 rf=0 retry=5 interval=380
215168.940 [0] DBG_SCAN_SKIPPED reason=blocked
215168.940 [0] DBG_ANCHOR_CH5_SCAN_RESCHED ret=1 delay=5
215168.940 [0] DBG_ANCHOR_CH5_SCAN_HANDLER role=2
215168.940 [0] DBG_ANCHOR_CH5_SCAN_BLOCKED win=0 tx=0 retry_gap=0 flood=1 wait=0 rx=0 rxq=0 rxr=0 ack=0 ch9=0 rf=0 retry=5 interval=380
215168.940 [0] DBG_SCAN_SKIPPED reason=blocked
215168.940 [0] DBG_ANCHOR_CH5_SCAN_RESCHED ret=1 delay=5
215168.940 [0] DBG_ANCHOR_CH5_SCAN_HANDLER role=2
215168.940 [0] DBG_ANCHOR_CH5_SCAN_BLOCKED win=0 tx=0 retry_gap=0 flood=1 wait=0 rx=0 rxq=0 rxr=0 ack=0 ch9=0 rf=0 retry=5 interval=380
215168.940 [0] DBG_SCAN_SKIPPED reason=blocked
215168.940 [0] DBG_ANCHOR_CH5_SCAN_RESCHED ret=1 delay=5
215168.940 [0] DBG_ANCHOR_CH5_SCAN_HANDLER role=2
215168.940 [0] DBG_SCAN_SKIPPED reason=blocked
215168.940 [0] DBG_ANCHOR_CH5_SCAN_HANDLER role=2
215168.990 [0] DBG_ANCHOR_CH5_SCAN_HANDLER role=2
215168.990 [0] DBG_ANCHOR_CH5_SCAN_BLOCKED win=0 tx=0 retry_gap=0 flood=1 wait=0 rx=0 rxq=0 rxr=0 ack=0 ch9=0 rf=0 retry=5 interval=380
215168.990 [0] DBG_SCAN_SKIPPED reason=blocked
215168.990 [0] DBG_ANCHOR_CH5_SCAN_RESCHED ret=1 delay=5
215168.990 [0] DBG_ANCHOR_CH5_SCAN_HANDLER role=2
215168.990 [0] DBG_ANCHOR_CH5_SCAN_BLOCKED win=0 tx=0 retry_gap=0 flood=1 wait=0 rx=0 rxq=0 rxr=0 ack=0 ch9=0 rf=0 retry=5 interval=380
215168.990 [0] DBG_SCAN_SKIPPED reason=blocked
215168.990 [0] DBG_ANCHOR_CH5_SCAN_RESCHED ret=1 delay=5
215168.990 [0] DBG_ANCHOR_CH5_SCAN_HANDLER role=2
215168.990 [0] DBG_ANCHOR_CH5_SCAN_BLOCKED win=0 tx=0 retry_gap=0 flood=1 wait=0 rx=0 rxq=0 rxr=0 ack=0 ch9=0 rf=0 retry=5 interval=380
215168.990 [0] DBG_SCAN_SKIPPED reason=blocked
215168.990 [0] DBG_ANCHOR_CH5_SCAN_RESCHED ret=1 delay=5
215168.990 [0] DBG_ANCHOR_CH5_SCAN_HANDLER role=2
215168.990 [0] DBG_ANCHOR_CH5_SCAN_BLOCKED win=0 tx=0 retry_gap=0 flood=1 wait=0 rx=0 rxq=0 rxr=0 ack=0 ch9=0 rf=0 retry=5 interval=380
215168.990 [0] DBG_SCAN_SKIPPED reason=blocked
215168.990 [0] DBG_ANCHOR_CH5_SCAN_RESCHED ret=1 delay=5
215168.990 [0] DBG_ANCHOR_CH5_SCAN_HANDLER role=2
215168.990 [0] DBG_SCAN_SKIPPED reason=blocked
215168.990 [0] DBG_ANCHOR_CH5_SCAN_HANDLER role=2
215169.033 [0] DBG_ANCHOR_CH5_SCAN_HANDLER role=2
215169.033 [0] DBG_ANCHOR_CH5_SCAN_BLOCKED win=0 tx=0 retry_gap=0 flood=1 wait=0 rx=0 rxq=0 rxr=0 ack=0 ch9=0 rf=0 retry=5 interval=380
215169.033 [0] DBG_SCAN_SKIPPED reason=blocked
215169.033 [0] DBG_ANCHOR_CH5_SCAN_RESCHED ret=1 delay=5
215169.033 [0] DBG_ANCHOR_CH5_SCAN_HANDLER role=2
215169.033 [0] DBG_ANCHOR_CH5_SCAN_BLOCKED win=0 tx=0 retry_gap=0 flood=1 wait=0 rx=0 rxq=0 rxr=0 ack=0 ch9=0 rf=0 retry=5 interval=380
215169.033 [0] DBG_SCAN_SKIPPED reason=blocked
215169.033 [0] DBG_ANCHOR_CH5_SCAN_RESCHED ret=1 delay=5
215169.033 [0] DBG_ANCHOR_CH5_SCAN_HANDLER role=2
215169.033 [0] DBG_ANCHOR_CH5_SCAN_BLOCKED win=0 tx=0 retry_gap=0 flood=1 wait=0 rx=0 rxq=0 rxr=0 ack=0 ch9=0 rf=0 retry=5 interval=380
215169.033 [0] DBG_SCAN_SKIPPED reason=blocked
215169.033 [0] DBG_ANCHOR_CH5_SCAN_RESCHED ret=1 delay=5
215169.033 [0] DBG_ANCHOR_CH5_SCAN_HANDLER role=2
215169.033 [0] DBG_ANCHOR_CH5_SCAN_BLOCKED win=0 tx=0 retry_gap=0 flood=1 wait=0 rx=0 rxq=0 rxr=0 ack=0 ch9=0 rf=0 retry=5 interval=380
215169.033 [0] DBG_SCAN_SKIPPED reason=blocked
215169.033 [0] DBG_ANCHOR_CH5_SCAN_RESCHED ret=1 delay=5
215169.033 [0] DBG_ANCHOR_CH5_SCAN_HANDLER role=2
215169.033 [0] DBG_SCAN_SKIPPED reason=blocked
215169.033 [0] DBG_ANCHOR_CH5_SCAN_HANDLER role=2
215169.075 [0] DBG_ANCHOR_CH5_SCAN_HANDLER role=2
215169.075 [0] DBG_ANCHOR_CH5_SCAN_BLOCKED win=0 tx=0 retry_gap=0 flood=1 wait=0 rx=0 rxq=0 rxr=0 ack=0 ch9=0 rf=0 retry=5 interval=380
215169.075 [0] DBG_SCAN_SKIPPED reason=blocked
215169.075 [0] DBG_ANCHOR_CH5_SCAN_RESCHED ret=1 delay=5
215169.075 [0] DBG_ANCHOR_CH5_SCAN_HANDLER role=2
215169.075 [0] DBG_ANCHOR_CH5_SCAN_BLOCKED win=0 tx=0 retry_gap=0 flood=1 wait=0 rx=0 rxq=0 rxr=0 ack=0 ch9=0 rf=0 retry=5 interval=380
215169.075 [0] DBG_SCAN_SKIPPED reason=blocked
215169.075 [0] DBG_ANCHOR_CH5_SCAN_RESCHED ret=1 delay=5
215169.075 [0] DBG_ANCHOR_CH5_SCAN_HANDLER role=2
215169.075 [0] DBG_ANCHOR_CH5_SCAN_BLOCKED win=0 tx=0 retry_gap=0 flood=1 wait=0 rx=0 rxq=0 rxr=0 ack=0 ch9=0 rf=0 retry=5 interval=380
215169.075 [0] DBG_SCAN_SKIPPED reason=blocked
215169.075 [0] DBG_ANCHOR_CH5_SCAN_RESCHED ret=1 delay=5
215169.075 [0] DBG_ANCHOR_CH5_SCAN_HANDLER role=2
215169.075 [0] DBG_ANCHOR_CH5_SCAN_BLOCKED win=0 tx=0 retry_gap=0 flood=1 wait=0 rx=0 rxq=0 rxr=0 ack=0 ch9=0 rf=0 retry=5 interval=380
215169.075 [0] DBG_SCAN_SKIPPED reason=blocked
215169.075 [0] DBG_ANCHOR_CH5_SCAN_RESCHED ret=1 delay=5
215169.075 [0] DBG_ANCHOR_CH5_SCAN_HANDLER role=2
215169.075 [0] DBG_SCAN_SKIPPED reason=blocked
215169.075 [0] DBG_ANCHOR_CH5_SCAN_HANDLER role=2
215169.125 [0] DBG_MESH_TX_AGE msg=3c seq=2 age=8491 enc=12259 rf=12259 gap=0 air=3
215169.125 [0] DBG_MESH_TX_STAGE stage=start msg=3c seq=2 ch=5 seen=1 at=12259
215169.125 [0] DBG_MESH_TX_STAGE stage=complete msg=3c seq=2 ch=5 seen=1 at=12262 ret=0
215169.125 [0] DBG_MESH_TX_STAGE stage=park msg=3c seq=2 ch=5 park_ret=0 release_ret=0
215169.125 [0] DBG_UWB_TX_CH5
215169.125 [0] DBG_C5_FLOOD_WAIT now=12263 wake=12418 first=12418 msg=3c attempt=3/3 reason=gateway-route-adv-forward
215169.125 [0] DBG_ANCHOR_CH5_SCAN_HANDLER role=2
215169.125 [0] DBG_ANCHOR_CH5_SCAN_BLOCKED win=0 tx=0 retry_gap=0 flood=1 wait=0 rx=0 rxq=0 rxr=0 ack=0 ch9=0 rf=0 retry=5 interval=380
215169.125 [0] DBG_SCAN_SKIPPED reason=blocked
215169.125 [0] DBG_ANCHOR_CH5_SCAN_RESCHED ret=1 delay=5
215169.125 [0] DBG_ANCHOR_CH5_SCAN_HANDLER role=2
215169.125 [0] DBG_ANCHOR_CH5_SCAN_BLOCKED win=0 tx=0 retry_gap=0 flood=1 wait=0 rx=0 rxq=0 rxr=0 ack=0 ch9=0 rf=0 retry=5 interval=380
215169.125 [0] DBG_SCAN_SKIPPED reason=blocked
215169.125 [0] DBG_ANCHOR_CH5_SCAN_RESCHED ret=1 delay=5
215169.125 [0] DBG_ANCHOR_CH5_SCAN_HANDLER role=2
215169.125 [0] DBG_ANCHOR_CH5_SCAN_BLOCKED win=0 tx=0 retry_gap=0 flood=1 wait=0 rx=0 rxq=0 rxr=0 ack=0 ch9=0 rf=0 retry=5 interval=380
215169.168 [0] DBG_ANCHOR_CH5_SCAN_BLOCKED win=0 tx=0 retry_gap=0 flood=1 wait=0 rx=0 rxq=0 rxr=0 ack=0 ch9=0 rf=0 retry=5 interval=380
215169.168 [0] DBG_SCAN_SKIPPED reason=blocked
215169.168 [0] DBG_ANCHOR_CH5_SCAN_RESCHED ret=1 delay=5
215169.168 [0] DBG_ANCHOR_CH5_SCAN_HANDLER role=2
215169.168 [0] DBG_ANCHOR_CH5_SCAN_BLOCKED win=0 tx=0 retry_gap=0 flood=1 wait=0 rx=0 rxq=0 rxr=0 ack=0 ch9=0 rf=0 retry=5 interval=380
215169.168 [0] DBG_SCAN_SKIPPED reason=blocked
215169.168 [0] DBG_ANCHOR_CH5_SCAN_RESCHED ret=1 delay=5
215169.168 [0] DBG_ANCHOR_CH5_SCAN_HANDLER role=2
215169.168 [0] DBG_ANCHOR_CH5_SCAN_BLOCKED win=0 tx=0 retry_gap=0 flood=1 wait=0 rx=0 rxq=0 rxr=0 ack=0 ch9=0 rf=0 retry=5 interval=380
215169.168 [0] DBG_SCAN_SKIPPED reason=blocked
215169.168 [0] DBG_ANCHOR_CH5_SCAN_RESCHED ret=1 delay=5
215169.168 [0] DBG_ANCHOR_CH5_SCAN_HANDLER role=2
215169.168 [0] DBG_ANCHOR_CH5_SCAN_BLOCKED win=0 tx=0 retry_gap=0 flood=1 wait=0 rx=0 rxq=0 rxr=0 ack=0 ch9=0 rf=0 retry=5 interval=380
215169.168 [0] DBG_SCAN_SKIPPED reason=blocked
215169.168 [0] DBG_ANCHOR_CH5_SCAN_RESCHED ret=1 delay=5
215169.168 [0] DBG_ANCHOR_CH5_SCAN_HANDLER role=2
215169.168 [0] DBG_SCAN_SKIPPED reason=blocked
215169.168 [0] DBG_ANCHOR_CH5_SCAN_RESCHED ret=1 delay=5
215169.218 [0] DBG_ANCHOR_CH5_SCAN_HANDLER role=2
215169.218 [0] DBG_ANCHOR_CH5_SCAN_BLOCKED win=0 tx=0 retry_gap=0 flood=1 wait=0 rx=0 rxq=0 rxr=0 ack=0 ch9=0 rf=0 retry=5 interval=380
215169.218 [0] DBG_SCAN_SKIPPED reason=blocked
215169.218 [0] DBG_ANCHOR_CH5_SCAN_RESCHED ret=1 delay=5
215169.218 [0] DBG_ANCHOR_CH5_SCAN_HANDLER role=2
215169.218 [0] DBG_ANCHOR_CH5_SCAN_BLOCKED win=0 tx=0 retry_gap=0 flood=1 wait=0 rx=0 rxq=0 rxr=0 ack=0 ch9=0 rf=0 retry=5 interval=380
215169.218 [0] DBG_SCAN_SKIPPED reason=blocked
215169.218 [0] DBG_ANCHOR_CH5_SCAN_RESCHED ret=1 delay=5
215169.218 [0] DBG_ANCHOR_CH5_SCAN_HANDLER role=2
215169.218 [0] DBG_ANCHOR_CH5_SCAN_BLOCKED win=0 tx=0 retry_gap=0 flood=1 wait=0 rx=0 rxq=0 rxr=0 ack=0 ch9=0 rf=0 retry=5 interval=380
215169.218 [0] DBG_SCAN_SKIPPED reason=blocked
215169.218 [0] DBG_ANCHOR_CH5_SCAN_RESCHED ret=1 delay=5
215169.218 [0] DBG_ANCHOR_CH5_SCAN_HANDLER role=2
215169.218 [0] DBG_ANCHOR_CH5_SCAN_BLOCKED win=0 tx=0 retry_gap=0 flood=1 wait=0 rx=0 rxq=0 rxr=0 ack=0 ch9=0 rf=0 retry=5 interval=380
215169.218 [0] DBG_SCAN_SKIPPED reason=blocked
215169.218 [0] DBG_ANCHOR_CH5_SCAN_RESCHED ret=1 delay=5
215169.218 [0] DBG_ANCHOR_CH5_SCAN_HANDLER role=2
215169.218 [0] DBG_SCAN_SKIPPED reason=blocked
215169.218 [0] DBG_ANCHOR_CH5_SCAN_HANDLER role=2
215169.252 [0] DBG_ANCHOR_CH5_SCAN_HANDLER role=2
215169.252 [0] DBG_ANCHOR_CH5_SCAN_BLOCKED win=0 tx=0 retry_gap=0 flood=1 wait=0 rx=0 rxq=0 rxr=0 ack=0 ch9=0 rf=0 retry=5 interval=380
215169.252 [0] DBG_SCAN_SKIPPED reason=blocked
215169.252 [0] DBG_ANCHOR_CH5_SCAN_RESCHED ret=1 delay=5
215169.252 [0] DBG_ANCHOR_CH5_SCAN_HANDLER role=2
215169.252 [0] DBG_ANCHOR_CH5_SCAN_BLOCKED win=0 tx=0 retry_gap=0 flood=1 wait=0 rx=0 rxq=0 rxr=0 ack=0 ch9=0 rf=0 retry=5 interval=380
215169.252 [0] DBG_SCAN_SKIPPED reason=blocked
215169.252 [0] DBG_ANCHOR_CH5_SCAN_RESCHED ret=1 delay=5
215169.252 [0] DBG_ANCHOR_CH5_SCAN_HANDLER role=2
215169.252 [0] DBG_ANCHOR_CH5_SCAN_BLOCKED win=0 tx=0 retry_gap=0 flood=1 wait=0 rx=0 rxq=0 rxr=0 ack=0 ch9=0 rf=0 retry=5 interval=380
215169.252 [0] DBG_SCAN_SKIPPED reason=blocked
215169.252 [0] DBG_ANCHOR_CH5_SCAN_RESCHED ret=1 delay=5
215169.252 [0] DBG_ANCHOR_CH5_SCAN_HANDLER role=2
215169.252 [0] DBG_ANCHOR_CH5_SCAN_BLOCKED win=0 tx=0 retry_gap=0 flood=1 wait=0 rx=0 rxq=0 rxr=0 ack=0 ch9=0 rf=1 retry=20 interval=380
215169.252 [0] DBG_SCAN_SKIPPED reason=blocked
215169.252 [0] DBG_ANCHOR_CH5_SCAN_RESCHED ret=1 delay=20
215169.252 [0] DBG_DWM_WAKE_MESH_CTRL_OK sfd=1033
215169.298 [0] DBG_MESH_TX_STAGE stage=start msg=3c seq=2 ch=5 seen=1 at=12426
215169.298 [0] DBG_ANCHOR_CH5_SCAN_HANDLER role=2
215169.298 [0] DBG_ANCHOR_CH5_SCAN_ARM now=12442 win=2000 complete=15 interval=380 wait=0 tx=0 response=0
215169.298 [0] DBG_DWM_WAKE_MESH_CTRL_OK sfd=1033
215169.298 [0] DBG_DWM_CH5_RX_HUNT_START acq=2000 complete=15 cap=1020
215171.284 [0] DBG_DWM_CH5_RX_HUNT_EMPTY s=12448 e=14448 sys=00000000 phy=4 state=110 cyc=407908 rx_us=2000305
215171.284 [0] DBG_DWM_CH5_RX_HUNT_START acq=2000 complete=15 cap=1020
215173.284 [0] DBG_DWM_CH5_RX_HUNT_EMPTY s=14449 e=16449 sys=00000000 phy=4 state=110 cyc=473482 rx_us=2000335
215173.284 [0] DBG_DWM_CH5_RX_HUNT_START acq=880 complete=15 cap=1020
215174.169 [0] DBG_DWM_CH5_RX_HUNT_EMPTY s=16450 e=17330 sys=00000000 phy=4 state=110 cyc=539058 rx_us=880279
215174.169 [0] DBG_ANCHOR_CH5_SCAN_RESCHED ret=2 delay=0
215174.169 [0] DBG_ANCHOR_CH5_SCAN_HANDLER role=2
215174.169 [0] DBG_ANCHOR_CH5_SCAN_ARM now=17332 win=2000 complete=15 interval=380 wait=0 tx=0 response=0
215174.169 [0] DBG_ENUM_COMPACT_STATE_BEGIN epoch=38010883 parent=0x9999888877776666 hop=1 bytes=456 ret=0
215174.199 [0] DBG_ENUM_COMPACT_TX epoch=38010883 parent=0x9999888877776666 hop=1 round=0 offset_ms=5 seq=0 records=1 ret=0
215174.228 [0] DBG_ENUM_COMPACT_ACK_RX epoch=38010883 parent=0x9999888877776666 seq=0 matched=1
215174.250 [0] DBG_ENUM_COMPACT_BUNDLE_REJECT epoch=38010883 sender=0x9699122bd60a64e3 depth=1 ret=-9
215174.281 [0] DBG_ENUM_COMPACT_ACK_RX epoch=38010883 parent=0x9999888877776666 seq=0 matched=0
215174.281 [0] DBG_ENUM_COMPACT_BUNDLE_REJECT epoch=38010883 sender=0x0f6d3a3bdac0f858 depth=1 ret=-9
215174.281 [0] DBG_ENUM_COMPACT_ACK_RX epoch=38010883 parent=0x9999888877776666 seq=0 matched=0
215174.577 [0] DBG_STACK_RUN_BEGIN epoch=8738051580048120749 run=4 kind=anchor_scan owner=anchor_uwb_scan queue=0 custody=0 credit=0 retry=0 drain=0 src=13961775027989293869 dst=11068027678940948070 session=0 seq=0 type=48 sequence=0 previous=0 uptime=17731
215174.577 [0] DBG_STACK_SAMPLE_BEGIN epoch=8738051580048120749 run=4 sample=4 kind=anchor_scan owner=anchor_uwb_scan queue=0 custody=0 credit=0 retry=0 drain=0 src=13961775027989293869 dst=11068027678940948070 session=0 seq=0 type=48 uptime=17732
215174.577 [0] DBG_STACK_ISR_CONFIG size=8192 run=4 sample=4
215174.577 [0] DBG_STACK name=anchor_uwb_scan tid=0x2000cb10 used=3388 free=6596 size=9984 ret=0 run=4 sample=4
215174.577 [0] DBG_STACK name=mesh_route tid=0x2000b140 used=6496 free=2976 size=9472 ret=0 run=4 sample=4
215174.577 [0] DBG_STACK name=sysworkq tid=0x2000da88 used=764 free=4612 size=5376 ret=0 run=4 sample=4
215174.577 [0] DBG_STACK name=logging tid=0x2000cfc8 used=480 free=1568 size=2048 ret=0 run=4 sample=4
215174.577 [0] DBG_STACK name=idle tid=0x2000d858 used=64 free=256 size=320 ret=0 run=4 sample=4
215174.577 [0] DBG_STACK_SAMPLE_END run=4 sample=4
215174.611 [0] DBG_STACK_RUN_END epoch=8738051580048120749 run=4 kind=anchor_scan owner=anchor_uwb_scan outcome=ack queue=0 custody=0 credit=0 retry=0 drain=0 src=13961775027989293869 dst=11068027678940948070 session=0 seq=0 type=48 samples=1 attempts=1 errors=0 last_error=0 mutex_drops=36 short_drops=1494 sequence=0 previous=0 uptime=17735
215183.476 [0] DBG_ANCHOR_CH5_SCAN_DONE ret=0 len=187 fail=0 pre=1 q=100 rx_us=9301617 complete=1000
215183.476 [0] DBG_UWB_RX_CH5
215183.476 [0] DBG_ANCHOR_CH5_FRAME len=187 q=100 wake_ret=-8
215183.476 [0] DBG_UWB_RX_CH5
215183.476 [0] DBG_MESH_RX_QUEUED ch=5 msg=0x40 src=0x9999888877776666 dst=0x0 prev=0x9999888877776666 seq=1 q=1
215183.476 [0] DBG_MESH_RX_DEFERRED q=1 msg=0x40
215183.476 [0] DBG_ANCHOR_MESH_RX_HANDOFF_DEFERRED q=1 delay=380 rf=0
215183.476 [0] DBG_MESH_RX_WORK_WAIT q=1
215183.476 [0] DBG_MESH_RX_WORK_ENTER q=1
215183.476 [0] DBG_MESH_RX_DRAIN_ENTER owner=work q=1
215183.476 [0] DBG_C5_CONTACT phase=open state=2 peer=0x9999888877776666 purpose=gateway_command_flood reason=c5-control-rx
215183.476 [0] DBG_C5_CONTACT phase=accepted state=2 peer=0x9999888877776666 purpose=gateway_command_flood reason=c5-control-rx
215183.476 [0] DBG_ENUM_CONTROL_BURST state=begin msg=40 seq=1 active=1
215183.476 [0] DBG_ENUM_CONTROL_BURST state=begin msg=40 seq=1 active=2
215183.476 [0] DBG_C5_FLOOD_WAIT now=26646 wake=26944 first=26944 msg=40 attempt=1/3 reason=broadcast-forward
215183.476 [0] DBG_MESH_RX_SUBMIT ret=1 q=0 routeq=1
215183.476 [0] DBG_ANCHOR_CH5_SCAN_RESCHED ret=1 delay=20
215183.528 [0] DBG_ANCHOR_CH5_SCAN_HANDLER role=2
215183.528 [0] DBG_ANCHOR_CH5_SCAN_BLOCKED win=0 tx=0 retry_gap=0 flood=1 wait=0 rx=0 rxq=0 rxr=0 ack=0 ch9=0 rf=0 retry=5 interval=380
215183.528 [0] DBG_SCAN_SKIPPED reason=blocked
215183.528 [0] DBG_ANCHOR_CH5_SCAN_RESCHED ret=1 delay=5
215183.528 [0] DBG_ANCHOR_CH5_SCAN_HANDLER role=2
215183.528 [0] DBG_ANCHOR_CH5_SCAN_BLOCKED win=0 tx=0 retry_gap=0 flood=1 wait=0 rx=0 rxq=0 rxr=0 ack=0 ch9=0 rf=0 retry=5 interval=380
215183.528 [0] DBG_SCAN_SKIPPED reason=blocked
215183.528 [0] DBG_ANCHOR_CH5_SCAN_RESCHED ret=1 delay=5
215183.528 [0] DBG_ANCHOR_CH5_SCAN_HANDLER role=2
215183.528 [0] DBG_ANCHOR_CH5_SCAN_BLOCKED win=0 tx=0 retry_gap=0 flood=1 wait=0 rx=0 rxq=0 rxr=0 ack=0 ch9=0 rf=0 retry=5 interval=380
215183.528 [0] DBG_SCAN_SKIPPED reason=blocked
215183.528 [0] DBG_ANCHOR_CH5_SCAN_RESCHED ret=1 delay=5
215183.528 [0] DBG_ANCHOR_CH5_SCAN_HANDLER role=2
215183.528 [0] DBG_ANCHOR_CH5_SCAN_BLOCKED win=0 tx=0 retry_gap=0 flood=1 wait=0 rx=0 rxq=0 rxr=0 ack=0 ch9=0 rf=0 retry=5 interval=380
215183.528 [0] DBG_SCAN_SKIPPED reason=blocked
215183.528 [0] DBG_ANCHOR_CH5_SCAN_RESCHED ret=1 delay=5
215183.528 [0] DBG_ANCHOR_CH5_SCAN_HANDLER role=2
215183.528 [0] DBG_SCAN_SKIPPED reason=blocked
215183.528 [0] DBG_ANCHOR_CH5_SCAN_HANDLER role=2
215183.572 [0] DBG_ANCHOR_CH5_SCAN_RESCHED ret=1 delay=5
215183.572 [0] DBG_ANCHOR_CH5_SCAN_HANDLER role=2
215183.572 [0] DBG_ANCHOR_CH5_SCAN_BLOCKED win=0 tx=0 retry_gap=0 flood=1 wait=0 rx=0 rxq=0 rxr=0 ack=0 ch9=0 rf=0 retry=5 interval=380
215183.572 [0] DBG_SCAN_SKIPPED reason=blocked
215183.572 [0] DBG_ANCHOR_CH5_SCAN_RESCHED ret=1 delay=5
215183.572 [0] DBG_ANCHOR_CH5_SCAN_HANDLER role=2
215183.572 [0] DBG_ANCHOR_CH5_SCAN_BLOCKED win=0 tx=0 retry_gap=0 flood=1 wait=0 rx=0 rxq=0 rxr=0 ack=0 ch9=0 rf=0 retry=5 interval=380
215183.572 [0] DBG_SCAN_SKIPPED reason=blocked
215183.572 [0] DBG_ANCHOR_CH5_SCAN_RESCHED ret=1 delay=5
215183.572 [0] DBG_ANCHOR_CH5_SCAN_HANDLER role=2
215183.572 [0] DBG_ANCHOR_CH5_SCAN_BLOCKED win=0 tx=0 retry_gap=0 flood=1 wait=0 rx=0 rxq=0 rxr=0 ack=0 ch9=0 rf=0 retry=5 interval=380
215183.572 [0] DBG_SCAN_SKIPPED reason=blocked
215183.572 [0] DBG_ANCHOR_CH5_SCAN_RESCHED ret=1 delay=5
215183.572 [0] DBG_ANCHOR_CH5_SCAN_HANDLER role=2
215183.572 [0] DBG_ANCHOR_CH5_SCAN_BLOCKED win=0 tx=0 retry_gap=0 flood=1 wait=0 rx=0 rxq=0 rxr=0 ack=0 ch9=0 rf=0 retry=5 interval=380
215183.572 [0] DBG_SCAN_SKIPPED reason=blocked
215183.572 [0] DBG_ANCHOR_CH5_SCAN_RESCHED ret=1 delay=5
215183.572 [0] DBG_ANCHOR_CH5_SCAN_HANDLER role=2
215183.615 [0] DBG_ANCHOR_CH5_SCAN_RESCHED ret=1 delay=5
215183.615 [0] DBG_ANCHOR_CH5_SCAN_HANDLER role=2
215183.615 [0] DBG_ANCHOR_CH5_SCAN_BLOCKED win=0 tx=0 retry_gap=0 flood=1 wait=0 rx=0 rxq=0 rxr=0 ack=0 ch9=0 rf=0 retry=5 interval=380
215183.615 [0] DBG_SCAN_SKIPPED reason=blocked
215183.615 [0] DBG_ANCHOR_CH5_SCAN_RESCHED ret=1 delay=5
215183.615 [0] DBG_ANCHOR_CH5_SCAN_HANDLER role=2
215183.615 [0] DBG_ANCHOR_CH5_SCAN_BLOCKED win=0 tx=0 retry_gap=0 flood=1 wait=0 rx=0 rxq=0 rxr=0 ack=0 ch9=0 rf=0 retry=5 interval=380
215183.615 [0] DBG_SCAN_SKIPPED reason=blocked
215183.615 [0] DBG_ANCHOR_CH5_SCAN_RESCHED ret=1 delay=5
215183.615 [0] DBG_ANCHOR_CH5_SCAN_HANDLER role=2
215183.615 [0] DBG_ANCHOR_CH5_SCAN_BLOCKED win=0 tx=0 retry_gap=0 flood=1 wait=0 rx=0 rxq=0 rxr=0 ack=0 ch9=0 rf=0 retry=5 interval=380
215183.615 [0] DBG_SCAN_SKIPPED reason=blocked
215183.615 [0] DBG_ANCHOR_CH5_SCAN_RESCHED ret=1 delay=5
215183.615 [0] DBG_ANCHOR_CH5_SCAN_HANDLER role=2
215183.615 [0] DBG_ANCHOR_CH5_SCAN_BLOCKED win=0 tx=0 retry_gap=0 flood=1 wait=0 rx=0 rxq=0 rxr=0 ack=0 ch9=0 rf=0 retry=5 interval=380
215183.615 [0] DBG_SCAN_SKIPPED reason=blocked
215183.615 [0] DBG_ANCHOR_CH5_SCAN_RESCHED ret=1 delay=5
215183.615 [0] DBG_ANCHOR_CH5_SCAN_HANDLER role=2
215183.664 [0] DBG_ANCHOR_CH5_SCAN_HANDLER role=2
215183.664 [0] DBG_ANCHOR_CH5_SCAN_BLOCKED win=0 tx=0 retry_gap=0 flood=1 wait=0 rx=0 rxq=0 rxr=0 ack=0 ch9=0 rf=0 retry=5 interval=380
215183.664 [0] DBG_SCAN_SKIPPED reason=blocked
215183.664 [0] DBG_ANCHOR_CH5_SCAN_RESCHED ret=1 delay=5
215183.664 [0] DBG_ANCHOR_CH5_SCAN_HANDLER role=2
215183.664 [0] DBG_ANCHOR_CH5_SCAN_BLOCKED win=0 tx=0 retry_gap=0 flood=1 wait=0 rx=0 rxq=0 rxr=0 ack=0 ch9=0 rf=0 retry=5 interval=380
215183.664 [0] DBG_SCAN_SKIPPED reason=blocked
215183.664 [0] DBG_ANCHOR_CH5_SCAN_RESCHED ret=1 delay=5
215183.664 [0] DBG_ANCHOR_CH5_SCAN_HANDLER role=2
215183.664 [0] DBG_ANCHOR_CH5_SCAN_BLOCKED win=0 tx=0 retry_gap=0 flood=1 wait=0 rx=0 rxq=0 rxr=0 ack=0 ch9=0 rf=0 retry=5 interval=380
215183.664 [0] DBG_SCAN_SKIPPED reason=blocked
215183.664 [0] DBG_ANCHOR_CH5_SCAN_RESCHED ret=1 delay=5
215183.664 [0] DBG_ANCHOR_CH5_SCAN_HANDLER role=2
215183.664 [0] DBG_ANCHOR_CH5_SCAN_BLOCKED win=0 tx=0 retry_gap=0 flood=1 wait=0 rx=0 rxq=0 rxr=0 ack=0 ch9=0 rf=0 retry=5 interval=380
215183.664 [0] DBG_SCAN_SKIPPED reason=blocked
215183.664 [0] DBG_ANCHOR_CH5_SCAN_RESCHED ret=1 delay=5
215183.664 [0] DBG_ANCHOR_CH5_SCAN_HANDLER role=2
215183.664 [0] DBG_SCAN_SKIPPED reason=blocked
215183.664 [0] DBG_ANCHOR_CH5_SCAN_HANDLER role=2
215183.705 [0] DBG_ANCHOR_CH5_SCAN_HANDLER role=2
215183.705 [0] DBG_ANCHOR_CH5_SCAN_BLOCKED win=0 tx=0 retry_gap=0 flood=1 wait=0 rx=0 rxq=0 rxr=0 ack=0 ch9=0 rf=0 retry=5 interval=380
215183.705 [0] DBG_SCAN_SKIPPED reason=blocked
215183.705 [0] DBG_ANCHOR_CH5_SCAN_RESCHED ret=1 delay=5
215183.705 [0] DBG_ANCHOR_CH5_SCAN_HANDLER role=2
215183.705 [0] DBG_ANCHOR_CH5_SCAN_BLOCKED win=0 tx=0 retry_gap=0 flood=1 wait=0 rx=0 rxq=0 rxr=0 ack=0 ch9=0 rf=0 retry=5 interval=380
215183.705 [0] DBG_SCAN_SKIPPED reason=blocked
215183.705 [0] DBG_ANCHOR_CH5_SCAN_RESCHED ret=1 delay=5
215183.705 [0] DBG_ANCHOR_CH5_SCAN_HANDLER role=2
215183.705 [0] DBG_ANCHOR_CH5_SCAN_BLOCKED win=0 tx=0 retry_gap=0 flood=1 wait=0 rx=0 rxq=0 rxr=0 ack=0 ch9=0 rf=0 retry=5 interval=380
215183.705 [0] DBG_SCAN_SKIPPED reason=blocked
215183.705 [0] DBG_ANCHOR_CH5_SCAN_RESCHED ret=1 delay=5
215183.705 [0] DBG_ANCHOR_CH5_SCAN_HANDLER role=2
215183.705 [0] DBG_ANCHOR_CH5_SCAN_BLOCKED win=0 tx=0 retry_gap=0 flood=1 wait=0 rx=0 rxq=0 rxr=0 ack=0 ch9=0 rf=0 retry=5 interval=380
215183.705 [0] DBG_SCAN_SKIPPED reason=blocked
215183.705 [0] DBG_ANCHOR_CH5_SCAN_RESCHED ret=1 delay=5
215183.705 [0] DBG_ANCHOR_CH5_SCAN_HANDLER role=2
215183.705 [0] DBG_SCAN_SKIPPED reason=blocked
215183.705 [0] DBG_ANCHOR_CH5_SCAN_HANDLER role=2
215183.751 [0] DBG_ANCHOR_CH5_SCAN_HANDLER role=2
215183.751 [0] DBG_ANCHOR_CH5_SCAN_BLOCKED win=0 tx=0 retry_gap=0 flood=1 wait=0 rx=0 rxq=0 rxr=0 ack=0 ch9=0 rf=0 retry=5 interval=380
215183.751 [0] DBG_SCAN_SKIPPED reason=blocked
215183.751 [0] DBG_ANCHOR_CH5_SCAN_RESCHED ret=1 delay=5
215183.751 [0] DBG_ANCHOR_CH5_SCAN_HANDLER role=2
215183.751 [0] DBG_ANCHOR_CH5_SCAN_BLOCKED win=0 tx=0 retry_gap=0 flood=1 wait=0 rx=0 rxq=0 rxr=0 ack=0 ch9=0 rf=0 retry=5 interval=380
215183.751 [0] DBG_SCAN_SKIPPED reason=blocked
215183.751 [0] DBG_ANCHOR_CH5_SCAN_RESCHED ret=1 delay=5
215183.751 [0] DBG_ANCHOR_CH5_SCAN_HANDLER role=2
215183.751 [0] DBG_ANCHOR_CH5_SCAN_BLOCKED win=0 tx=0 retry_gap=0 flood=1 wait=0 rx=0 rxq=0 rxr=0 ack=0 ch9=0 rf=0 retry=5 interval=380
215183.751 [0] DBG_SCAN_SKIPPED reason=blocked
215183.751 [0] DBG_ANCHOR_CH5_SCAN_RESCHED ret=1 delay=5
215183.751 [0] DBG_ANCHOR_CH5_SCAN_HANDLER role=2
215183.751 [0] DBG_ANCHOR_CH5_SCAN_BLOCKED win=0 tx=0 retry_gap=0 flood=1 wait=0 rx=0 rxq=0 rxr=0 ack=0 ch9=0 rf=0 retry=5 interval=380
215183.751 [0] DBG_SCAN_SKIPPED reason=blocked
215183.751 [0] DBG_ANCHOR_CH5_SCAN_RESCHED ret=1 delay=5
215183.751 [0] DBG_ANCHOR_CH5_SCAN_HANDLER role=2
215183.751 [0] DBG_SCAN_SKIPPED reason=blocked
215183.751 [0] DBG_ANCHOR_CH5_SCAN_HANDLER role=2
215183.792 [0] DBG_ANCHOR_CH5_SCAN_HANDLER role=2
215183.792 [0] DBG_ANCHOR_CH5_SCAN_BLOCKED win=0 tx=0 retry_gap=0 flood=1 wait=0 rx=0 rxq=0 rxr=0 ack=0 ch9=0 rf=0 retry=5 interval=380
215183.792 [0] DBG_SCAN_SKIPPED reason=blocked
215183.792 [0] DBG_ANCHOR_CH5_SCAN_RESCHED ret=1 delay=5
215183.792 [0] DBG_ANCHOR_CH5_SCAN_HANDLER role=2
215183.792 [0] DBG_ANCHOR_CH5_SCAN_BLOCKED win=0 tx=0 retry_gap=0 flood=1 wait=0 rx=0 rxq=0 rxr=0 ack=0 ch9=0 rf=0 retry=5 interval=380
215183.792 [0] DBG_SCAN_SKIPPED reason=blocked
215183.792 [0] DBG_ANCHOR_CH5_SCAN_RESCHED ret=1 delay=5
215183.792 [0] DBG_C5_TX_CONFIG ret=0 at=26944 ext=1 len=187 msg=40 reason=bounded-c5-flood
215183.792 [0] DBG_MESH_TX_AGE msg=40 seq=1 age=309 enc=26945 rf=26945 gap=0 air=3
215183.792 [0] DBG_MESH_TX_STAGE stage=start msg=40 seq=1 ch=5 seen=1 at=26945
215183.792 [0] DBG_MESH_TX_STAGE stage=complete msg=40 seq=1 ch=5 seen=1 at=26948 ret=0
215183.792 [0] DBG_MESH_TX_STAGE stage=park msg=40 seq=1 ch=5 park_ret=0 release_ret=0
215183.792 [0] DBG_UWB_TX_CH5
215183.792 [0] DBG_C5_FLOOD_WAIT now=26950 wake=27010 first=27010 msg=40 attempt=2/3 reason=broadcast-forward
215183.792 [0] DBG_ANCHOR_CH5_SCAN_HANDLER role=2
215183.792 [0] DBG_SCAN_SKIPPED reason=blocked
215183.792 [0] DBG_SCAN_SKIPPED reason=blocked
215183.836 [0] DBG_ANCHOR_CH5_SCAN_HANDLER role=2
215183.836 [0] DBG_ANCHOR_CH5_SCAN_BLOCKED win=0 tx=0 retry_gap=0 flood=1 wait=0 rx=0 rxq=0 rxr=0 ack=0 ch9=0 rf=0 retry=5 interval=380
215183.836 [0] DBG_SCAN_SKIPPED reason=blocked
215183.836 [0] DBG_ANCHOR_CH5_SCAN_RESCHED ret=1 delay=5
215183.836 [0] DBG_ANCHOR_CH5_SCAN_HANDLER role=2
215183.836 [0] DBG_ANCHOR_CH5_SCAN_BLOCKED win=0 tx=0 retry_gap=0 flood=1 wait=0 rx=0 rxq=0 rxr=0 ack=0 ch9=0 rf=0 retry=5 interval=380
215183.836 [0] DBG_SCAN_SKIPPED reason=blocked
215183.836 [0] DBG_ANCHOR_CH5_SCAN_RESCHED ret=1 delay=5
215183.836 [0] DBG_ANCHOR_CH5_SCAN_HANDLER role=2
215183.836 [0] DBG_ANCHOR_CH5_SCAN_BLOCKED win=0 tx=0 retry_gap=0 flood=1 wait=0 rx=0 rxq=0 rxr=0 ack=0 ch9=0 rf=0 retry=5 interval=380
215183.836 [0] DBG_SCAN_SKIPPED reason=blocked
215183.836 [0] DBG_ANCHOR_CH5_SCAN_RESCHED ret=1 delay=5
215183.836 [0] DBG_ANCHOR_CH5_SCAN_HANDLER role=2
215183.836 [0] DBG_ANCHOR_CH5_SCAN_BLOCKED win=0 tx=0 retry_gap=0 flood=1 wait=0 rx=0 rxq=0 rxr=0 ack=0 ch9=0 rf=0 retry=5 interval=380
215183.836 [0] DBG_SCAN_SKIPPED reason=blocked
215183.836 [0] DBG_ANCHOR_CH5_SCAN_RESCHED ret=1 delay=5
215183.836 [0] DBG_ANCHOR_CH5_SCAN_HANDLER role=2
215183.836 [0] DBG_SCAN_SKIPPED reason=blocked
215183.836 [0] DBG_ANCHOR_CH5_SCAN_HANDLER role=2
215183.878 [0] DBG_MESH_TX_AGE msg=40 seq=1 age=382 enc=27017 rf=27018 gap=1 air=3
215183.878 [0] DBG_MESH_TX_STAGE stage=start msg=40 seq=1 ch=5 seen=1 at=27018
215183.878 [0] DBG_MESH_TX_STAGE stage=complete msg=40 seq=1 ch=5 seen=1 at=27021 ret=0
215183.878 [0] DBG_MESH_TX_STAGE stage=park msg=40 seq=1 ch=5 park_ret=0 release_ret=0
215183.878 [0] DBG_UWB_TX_CH5
215183.878 [0] DBG_C5_FLOOD_WAIT now=27022 wake=27062 first=27062 msg=40 attempt=3/3 reason=broadcast-forward
215183.878 [0] DBG_ANCHOR_CH5_SCAN_HANDLER role=2
215183.878 [0] DBG_ANCHOR_CH5_SCAN_BLOCKED win=0 tx=0 retry_gap=0 flood=1 wait=0 rx=0 rxq=0 rxr=0 ack=0 ch9=0 rf=0 retry=5 interval=380
215183.878 [0] DBG_SCAN_SKIPPED reason=blocked
215183.878 [0] DBG_ANCHOR_CH5_SCAN_RESCHED ret=1 delay=5
215183.878 [0] DBG_ANCHOR_CH5_SCAN_HANDLER role=2
215183.878 [0] DBG_ANCHOR_CH5_SCAN_BLOCKED win=0 tx=0 retry_gap=0 flood=1 wait=0 rx=0 rxq=0 rxr=0 ack=0 ch9=0 rf=0 retry=5 interval=380
215183.878 [0] DBG_SCAN_SKIPPED reason=blocked
215183.878 [0] DBG_ANCHOR_CH5_SCAN_RESCHED ret=1 delay=5
215183.878 [0] DBG_ANCHOR_CH5_SCAN_HANDLER role=2
215183.878 [0] DBG_ANCHOR_CH5_SCAN_BLOCKED win=0 tx=0 retry_gap=0 flood=1 wait=0 rx=0 rxq=0 rxr=0 ack=0 ch9=0 rf=0 retry=5 interval=380
215183.920 [0] DBG_STACK_RUN_BEGIN epoch=8738051580048120749 run=5 kind=anchor_scan owner=anchor_uwb_scan queue=0 custody=0 credit=0 retry=0 drain=0 src=13961775027989293869 dst=11068027678940948070 session=0 seq=0 type=48 sequence=0 previous=0 uptime=27046
215183.920 [0] DBG_STACK_SAMPLE_BEGIN epoch=8738051580048120749 run=5 sample=5 kind=anchor_scan owner=anchor_uwb_scan queue=0 custody=0 credit=0 retry=0 drain=0 src=13961775027989293869 dst=11068027678940948070 session=0 seq=0 type=48 uptime=27063
215183.920 [0] DBG_STACK_ISR_CONFIG size=8192 run=5 sample=5
215183.920 [0] DBG_STACK name=anchor_uwb_scan tid=0x2000cb10 used=3388 free=6596 size=9984 ret=0 run=5 sample=5
215183.920 [0] DBG_STACK name=mesh_route tid=0x2000b140 used=6536 free=2936 size=9472 ret=0 run=5 sample=5
215183.920 [0] DBG_STACK name=sysworkq tid=0x2000da88 used=764 free=4612 size=5376 ret=0 run=5 sample=5
215183.920 [0] DBG_STACK name=logging tid=0x2000cfc8 used=480 free=1568 size=2048 ret=0 run=5 sample=5
215183.920 [0] DBG_STACK name=idle tid=0x2000d858 used=64 free=256 size=320 ret=0 run=5 sample=5
215183.920 [0] DBG_STACK_SAMPLE_END run=5 sample=5
215183.961 [0] DBG_STACK_RUN_END epoch=8738051580048120749 run=5 kind=anchor_scan owner=anchor_uwb_scan outcome=ack queue=0 custody=0 credit=0 retry=0 drain=0 src=13961775027989293869 dst=11068027678940948070 session=0 seq=0 type=48 samples=1 attempts=1 errors=0 last_error=0 mutex_drops=48 short_drops=1604 sequence=0 previous=0 uptime=27067
215183.961 [0] DBG_DWM_CH5_RX_ACTIVITY_DONE raw=189 payload=187 status=0x00006f00 rearm=0 extended=1
215183.961 [0] DBG_ANCHOR_CH5_SCAN_DONE ret=0 len=187 fail=0 pre=1 q=100 rx_us=2000000 complete=15
215183.961 [0] DBG_UWB_RX_CH5
215183.961 [0] DBG_ANCHOR_CH5_FRAME len=187 q=100 wake_ret=-8
215183.961 [0] DBG_UWB_RX_CH5
215183.961 [0] DBG_MESH_RX_QUEUED ch=5 msg=0x40 src=0x9999888877776666 dst=0x0 prev=0xf6d3a3bdac0f858 seq=1 q=1
215183.961 [0] DBG_MESH_RX_DEFERRED q=1 msg=0x40
215183.961 [0] DBG_ANCHOR_MESH_RX_HANDOFF_DEFERRED q=1 delay=380 rf=0
215183.961 [0] DBG_MESH_RX_WORK_WAIT q=1
215183.961 [0] DBG_MESH_RX_WORK_ENTER q=1
215183.961 [0] DBG_MESH_RX_DRAIN_ENTER owner=work q=1
215183.961 [0] DBG_C5_CONTACT phase=closing state=4 peer=0x9999888877776666 purpose=gateway_command_flood reason=replace
215183.961 [0] DBG_DISCOVERY_POLICY phase=2 epoch=38010883 ram_only=1
215185.948 [0] DBG_DWM_CH5_RX_HUNT_EMPTY s=27114 e=29114 sys=00000000 phy=4 state=110 cyc=888489 rx_us=2000305
215185.948 [0] DBG_DWM_CH5_RX_HUNT_START acq=2000 complete=15 cap=1020
215186.964 [0] DBG_DWM_CH5_RX_ACTIVITY_EXTEND ret=0 status=0x00000100 complete=15
215186.964 [0] DBG_DWM_CH5_RX_ACTIVITY_WAIT status=0x00000100 remain=15
215186.964 [0] DBG_DWM_CH5_RX_ACTIVITY_DONE raw=169 payload=167 status=0x00006f00 rearm=0 extended=1
215186.964 [0] DBG_ANCHOR_CH5_SCAN_DONE ret=0 len=167 fail=0 pre=1 q=100 rx_us=4000823 complete=15
215186.964 [0] DBG_UWB_RX_CH5
215186.964 [0] DBG_ANCHOR_CH5_FRAME len=167 q=100 wake_ret=-8
215186.964 [0] DBG_UWB_RX_CH5
215186.964 [0] DBG_MESH_RX_QUEUED ch=5 msg=0x40 src=0x9999888877776666 dst=0x0 prev=0x9999888877776666 seq=2 q=1
215186.964 [0] DBG_MESH_RX_DEFERRED q=1 msg=0x40
215186.964 [0] DBG_ANCHOR_MESH_RX_HANDOFF_DEFERRED q=1 delay=380 rf=0
215186.964 [0] DBG_MESH_RX_WORK_WAIT q=1
215186.964 [0] DBG_MESH_RX_WORK_ENTER q=1
215186.964 [0] DBG_MESH_RX_DRAIN_ENTER owner=work q=1
215186.964 [0] DBG_C5_CONTACT phase=closing state=4 peer=0x0f6d3a3bdac0f858 purpose=gateway_command_flood reason=replace
215186.964 [0] DBG_C5_CONTACT phase=open state=2 peer=0x9999888877776666 purpose=gateway_command_flood reason=c5-control-rx
215186.964 [0] DBG_C5_CONTACT phase=accepted state=2 peer=0x9999888877776666 purpose=gateway_command_flood reason=c5-control-rx
215186.964 [0] DBG_MESH_RX_SUBMIT ret=1 q=0 routeq=1
215187.011 [0] DBG_ANCHOR_CH5_SCAN_HANDLER role=2
215187.011 [0] DBG_ANCHOR_CH5_SCAN_BLOCKED win=0 tx=0 retry_gap=0 flood=1 wait=0 rx=0 rxq=0 rxr=0 ack=0 ch9=0 rf=0 retry=5 interval=380
215187.011 [0] DBG_SCAN_SKIPPED reason=blocked
215187.011 [0] DBG_ANCHOR_CH5_SCAN_RESCHED ret=1 delay=5
215187.011 [0] DBG_ANCHOR_CH5_SCAN_HANDLER role=2
215187.011 [0] DBG_ANCHOR_CH5_SCAN_BLOCKED win=0 tx=0 retry_gap=0 flood=1 wait=0 rx=0 rxq=0 rxr=0 ack=0 ch9=0 rf=0 retry=5 interval=380
215187.011 [0] DBG_SCAN_SKIPPED reason=blocked
215187.011 [0] DBG_ANCHOR_CH5_SCAN_RESCHED ret=1 delay=5
215187.011 [0] DBG_ANCHOR_CH5_SCAN_HANDLER role=2
215187.011 [0] DBG_ANCHOR_CH5_SCAN_BLOCKED win=0 tx=0 retry_gap=0 flood=1 wait=0 rx=0 rxq=0 rxr=0 ack=0 ch9=0 rf=0 retry=5 interval=380
215187.011 [0] DBG_SCAN_SKIPPED reason=blocked
215187.011 [0] DBG_ANCHOR_CH5_SCAN_RESCHED ret=1 delay=5
215187.011 [0] DBG_ANCHOR_CH5_SCAN_HANDLER role=2
215187.011 [0] DBG_ANCHOR_CH5_SCAN_BLOCKED win=0 tx=0 retry_gap=0 flood=1 wait=0 rx=0 rxq=0 rxr=0 ack=0 ch9=0 rf=0 retry=5 interval=380
215187.011 [0] DBG_SCAN_SKIPPED reason=blocked
215187.011 [0] DBG_ANCHOR_CH5_SCAN_RESCHED ret=1 delay=5
215187.011 [0] DBG_ANCHOR_CH5_SCAN_HANDLER role=2
215187.011 [0] DBG_SCAN_SKIPPED reason=blocked
215187.011 [0] DBG_ANCHOR_CH5_SCAN_HANDLER role=2
215187.058 [0] DBG_ANCHOR_CH5_SCAN_HANDLER role=2
215187.058 [0] DBG_ANCHOR_CH5_SCAN_BLOCKED win=0 tx=0 retry_gap=0 flood=1 wait=0 rx=0 rxq=0 rxr=0 ack=0 ch9=0 rf=0 retry=5 interval=380
215187.058 [0] DBG_SCAN_SKIPPED reason=blocked
215187.058 [0] DBG_ANCHOR_CH5_SCAN_RESCHED ret=1 delay=5
215187.058 [0] DBG_ANCHOR_CH5_SCAN_HANDLER role=2
215187.058 [0] DBG_ANCHOR_CH5_SCAN_BLOCKED win=0 tx=0 retry_gap=0 flood=1 wait=0 rx=0 rxq=0 rxr=0 ack=0 ch9=0 rf=0 retry=5 interval=380
215187.058 [0] DBG_SCAN_SKIPPED reason=blocked
215187.058 [0] DBG_ANCHOR_CH5_SCAN_RESCHED ret=1 delay=5
215187.058 [0] DBG_ANCHOR_CH5_SCAN_HANDLER role=2
215187.058 [0] DBG_ANCHOR_CH5_SCAN_BLOCKED win=0 tx=0 retry_gap=0 flood=1 wait=0 rx=0 rxq=0 rxr=0 ack=0 ch9=0 rf=0 retry=5 interval=380
215187.058 [0] DBG_SCAN_SKIPPED reason=blocked
215187.058 [0] DBG_ANCHOR_CH5_SCAN_RESCHED ret=1 delay=5
215187.058 [0] DBG_ANCHOR_CH5_SCAN_HANDLER role=2
215187.058 [0] DBG_ANCHOR_CH5_SCAN_BLOCKED win=0 tx=0 retry_gap=0 flood=1 wait=0 rx=0 rxq=0 rxr=0 ack=0 ch9=0 rf=0 retry=5 interval=380
215187.058 [0] DBG_SCAN_SKIPPED reason=blocked
215187.058 [0] DBG_ANCHOR_CH5_SCAN_RESCHED ret=1 delay=5
215187.058 [0] DBG_ANCHOR_CH5_SCAN_HANDLER role=2
215187.058 [0] DBG_SCAN_SKIPPED reason=blocked
215187.058 [0] DBG_ANCHOR_CH5_SCAN_HANDLER role=2
215187.108 [0] DBG_ANCHOR_CH5_SCAN_BLOCKED win=0 tx=0 retry_gap=0 flood=1 wait=0 rx=0 rxq=0 rxr=0 ack=0 ch9=0 rf=0 retry=5 interval=380
215187.108 [0] DBG_SCAN_SKIPPED reason=blocked
215187.108 [0] DBG_ANCHOR_CH5_SCAN_RESCHED ret=1 delay=5
215187.108 [0] DBG_ANCHOR_CH5_SCAN_HANDLER role=2
215187.108 [0] DBG_ANCHOR_CH5_SCAN_BLOCKED win=0 tx=0 retry_gap=0 flood=1 wait=0 rx=0 rxq=0 rxr=0 ack=0 ch9=0 rf=0 retry=5 interval=380
215187.108 [0] DBG_SCAN_SKIPPED reason=blocked
215187.108 [0] DBG_ANCHOR_CH5_SCAN_RESCHED ret=1 delay=5
215187.108 [0] DBG_ANCHOR_CH5_SCAN_HANDLER role=2
215187.108 [0] DBG_ANCHOR_CH5_SCAN_BLOCKED win=0 tx=0 retry_gap=0 flood=1 wait=0 rx=0 rxq=0 rxr=0 ack=0 ch9=0 rf=0 retry=5 interval=380
215187.108 [0] DBG_SCAN_SKIPPED reason=blocked
215187.108 [0] DBG_ANCHOR_CH5_SCAN_RESCHED ret=1 delay=5
215187.108 [0] DBG_ANCHOR_CH5_SCAN_HANDLER role=2
215187.108 [0] DBG_ANCHOR_CH5_SCAN_BLOCKED win=0 tx=0 retry_gap=0 flood=1 wait=0 rx=0 rxq=0 rxr=0 ack=0 ch9=0 rf=0 retry=5 interval=380
215187.108 [0] DBG_SCAN_SKIPPED reason=blocked
215187.108 [0] DBG_ANCHOR_CH5_SCAN_RESCHED ret=1 delay=5
215187.108 [0] DBG_ANCHOR_CH5_SCAN_HANDLER role=2
215187.108 [0] DBG_SCAN_SKIPPED reason=blocked
215187.108 [0] DBG_ANCHOR_CH5_SCAN_RESCHED ret=1 delay=5
215187.157 [0] DBG_ANCHOR_CH5_SCAN_HANDLER role=2
215187.157 [0] DBG_ANCHOR_CH5_SCAN_BLOCKED win=0 tx=0 retry_gap=0 flood=1 wait=0 rx=0 rxq=0 rxr=0 ack=0 ch9=0 rf=0 retry=5 interval=380
215187.157 [0] DBG_SCAN_SKIPPED reason=blocked
215187.157 [0] DBG_ANCHOR_CH5_SCAN_RESCHED ret=1 delay=5
215187.157 [0] DBG_ANCHOR_CH5_SCAN_HANDLER role=2
215187.157 [0] DBG_ANCHOR_CH5_SCAN_BLOCKED win=0 tx=0 retry_gap=0 flood=1 wait=0 rx=0 rxq=0 rxr=0 ack=0 ch9=0 rf=0 retry=5 interval=380
215187.157 [0] DBG_SCAN_SKIPPED reason=blocked
215187.157 [0] DBG_ANCHOR_CH5_SCAN_RESCHED ret=1 delay=5
215187.157 [0] DBG_ANCHOR_CH5_SCAN_HANDLER role=2
215187.157 [0] DBG_ANCHOR_CH5_SCAN_BLOCKED win=0 tx=0 retry_gap=0 flood=1 wait=0 rx=0 rxq=0 rxr=0 ack=0 ch9=0 rf=0 retry=5 interval=380
215187.157 [0] DBG_SCAN_SKIPPED reason=blocked
215187.157 [0] DBG_ANCHOR_CH5_SCAN_RESCHED ret=1 delay=5
215187.157 [0] DBG_ANCHOR_CH5_SCAN_HANDLER role=2
215187.157 [0] DBG_ANCHOR_CH5_SCAN_BLOCKED win=0 tx=0 retry_gap=0 flood=1 wait=0 rx=0 rxq=0 rxr=0 ack=0 ch9=0 rf=0 retry=5 interval=380
215187.157 [0] DBG_SCAN_SKIPPED reason=blocked
215187.157 [0] DBG_ANCHOR_CH5_SCAN_RESCHED ret=1 delay=5
215187.157 [0] DBG_ANCHOR_CH5_SCAN_HANDLER role=2
215187.157 [0] DBG_SCAN_SKIPPED reason=blocked
215187.157 [0] DBG_ANCHOR_CH5_SCAN_HANDLER role=2
215187.202 [0] DBG_ANCHOR_CH5_SCAN_HANDLER role=2
215187.202 [0] DBG_ANCHOR_CH5_SCAN_BLOCKED win=0 tx=0 retry_gap=0 flood=1 wait=0 rx=0 rxq=0 rxr=0 ack=0 ch9=0 rf=0 retry=5 interval=380
215187.202 [0] DBG_SCAN_SKIPPED reason=blocked
215187.202 [0] DBG_ANCHOR_CH5_SCAN_RESCHED ret=1 delay=5
215187.202 [0] DBG_ANCHOR_CH5_SCAN_HANDLER role=2
215187.202 [0] DBG_ANCHOR_CH5_SCAN_BLOCKED win=0 tx=0 retry_gap=0 flood=1 wait=0 rx=0 rxq=0 rxr=0 ack=0 ch9=0 rf=0 retry=5 interval=380
215187.202 [0] DBG_SCAN_SKIPPED reason=blocked
215187.202 [0] DBG_ANCHOR_CH5_SCAN_RESCHED ret=1 delay=5
215187.202 [0] DBG_ANCHOR_CH5_SCAN_HANDLER role=2
215187.202 [0] DBG_ANCHOR_CH5_SCAN_BLOCKED win=0 tx=0 retry_gap=0 flood=1 wait=0 rx=0 rxq=0 rxr=0 ack=0 ch9=0 rf=0 retry=5 interval=380
215187.202 [0] DBG_SCAN_SKIPPED reason=blocked
215187.202 [0] DBG_ANCHOR_CH5_SCAN_RESCHED ret=1 delay=5
215187.202 [0] DBG_ANCHOR_CH5_SCAN_HANDLER role=2
215187.202 [0] DBG_ANCHOR_CH5_SCAN_BLOCKED win=0 tx=0 retry_gap=0 flood=1 wait=0 rx=0 rxq=0 rxr=0 ack=0 ch9=0 rf=0 retry=5 interval=380
215187.202 [0] DBG_SCAN_SKIPPED reason=blocked
215187.202 [0] DBG_ANCHOR_CH5_SCAN_RESCHED ret=1 delay=5
215187.202 [0] DBG_ANCHOR_CH5_SCAN_HANDLER role=2
215187.202 [0] DBG_SCAN_SKIPPED reason=blocked
215187.202 [0] DBG_ANCHOR_CH5_SCAN_HANDLER role=2
215187.253 [0] DBG_ANCHOR_CH5_SCAN_HANDLER role=2
215187.253 [0] DBG_ANCHOR_CH5_SCAN_BLOCKED win=0 tx=0 retry_gap=0 flood=1 wait=0 rx=0 rxq=0 rxr=0 ack=0 ch9=0 rf=0 retry=5 interval=380
215187.253 [0] DBG_SCAN_SKIPPED reason=blocked
215187.253 [0] DBG_ANCHOR_CH5_SCAN_RESCHED ret=1 delay=5
215187.253 [0] DBG_ANCHOR_CH5_SCAN_HANDLER role=2
215187.253 [0] DBG_ANCHOR_CH5_SCAN_BLOCKED win=0 tx=0 retry_gap=0 flood=1 wait=0 rx=0 rxq=0 rxr=0 ack=0 ch9=0 rf=0 retry=5 interval=380
215187.253 [0] DBG_SCAN_SKIPPED reason=blocked
215187.253 [0] DBG_ANCHOR_CH5_SCAN_RESCHED ret=1 delay=5
215187.253 [0] DBG_ANCHOR_CH5_SCAN_HANDLER role=2
215187.253 [0] DBG_ANCHOR_CH5_SCAN_BLOCKED win=0 tx=0 retry_gap=0 flood=1 wait=0 rx=0 rxq=0 rxr=0 ack=0 ch9=0 rf=0 retry=5 interval=380
215187.253 [0] DBG_SCAN_SKIPPED reason=blocked
215187.253 [0] DBG_ANCHOR_CH5_SCAN_RESCHED ret=1 delay=5
215187.253 [0] DBG_ANCHOR_CH5_SCAN_HANDLER role=2
215187.253 [0] DBG_ANCHOR_CH5_SCAN_BLOCKED win=0 tx=0 retry_gap=0 flood=1 wait=0 rx=0 rxq=0 rxr=0 ack=0 ch9=0 rf=0 retry=5 interval=380
215187.253 [0] DBG_SCAN_SKIPPED reason=blocked
215187.253 [0] DBG_ANCHOR_CH5_SCAN_RESCHED ret=1 delay=5
215187.253 [0] DBG_ANCHOR_CH5_SCAN_HANDLER role=2
215187.253 [0] DBG_SCAN_SKIPPED reason=blocked
215187.253 [0] DBG_ANCHOR_CH5_SCAN_HANDLER role=2
215187.301 [0] DBG_ANCHOR_CH5_SCAN_HANDLER role=2
215187.301 [0] DBG_ANCHOR_CH5_SCAN_BLOCKED win=0 tx=0 retry_gap=0 flood=1 wait=0 rx=0 rxq=0 rxr=0 ack=0 ch9=0 rf=0 retry=5 interval=380
215187.301 [0] DBG_SCAN_SKIPPED reason=blocked
215187.301 [0] DBG_ANCHOR_CH5_SCAN_RESCHED ret=1 delay=5
215187.301 [0] DBG_ANCHOR_CH5_SCAN_HANDLER role=2
215187.301 [0] DBG_ANCHOR_CH5_SCAN_BLOCKED win=0 tx=0 retry_gap=0 flood=1 wait=0 rx=0 rxq=0 rxr=0 ack=0 ch9=0 rf=0 retry=5 interval=380
215187.301 [0] DBG_SCAN_SKIPPED reason=blocked
215187.301 [0] DBG_ANCHOR_CH5_SCAN_RESCHED ret=1 delay=5
215187.301 [0] DBG_C5_TX_CONFIG ret=0 at=30445 ext=1 len=167 msg=40 reason=bounded-c5-flood
215187.301 [0] DBG_MESH_TX_AGE msg=40 seq=2 age=335 enc=30446 rf=30446 gap=0 air=3
215187.301 [0] DBG_MESH_TX_STAGE stage=start msg=40 seq=2 ch=5 seen=1 at=30446
215187.301 [0] DBG_MESH_TX_STAGE stage=complete msg=40 seq=2 ch=5 seen=1 at=30449 ret=0
215187.301 [0] DBG_MESH_TX_STAGE stage=park msg=40 seq=2 ch=5 park_ret=0 release_ret=0
215187.301 [0] DBG_UWB_TX_CH5
215187.301 [0] DBG_C5_FLOOD_WAIT now=30451 wake=30505 first=30505 msg=40 attempt=2/3 reason=broadcast-forward
215187.301 [0] DBG_ANCHOR_CH5_SCAN_HANDLER role=2
215187.301 [0] DBG_SCAN_SKIPPED reason=blocked
215187.301 [0] DBG_SCAN_SKIPPED reason=blocked
215187.349 [0] DBG_ANCHOR_CH5_SCAN_HANDLER role=2
215187.349 [0] DBG_ANCHOR_CH5_SCAN_BLOCKED win=0 tx=0 retry_gap=0 flood=1 wait=0 rx=0 rxq=0 rxr=0 ack=0 ch9=0 rf=0 retry=5 interval=380
215187.349 [0] DBG_SCAN_SKIPPED reason=blocked
215187.349 [0] DBG_ANCHOR_CH5_SCAN_RESCHED ret=1 delay=5
215187.349 [0] DBG_ANCHOR_CH5_SCAN_HANDLER role=2
215187.349 [0] DBG_ANCHOR_CH5_SCAN_BLOCKED win=0 tx=0 retry_gap=0 flood=1 wait=0 rx=0 rxq=0 rxr=0 ack=0 ch9=0 rf=0 retry=5 interval=380
215187.349 [0] DBG_SCAN_SKIPPED reason=blocked
215187.349 [0] DBG_ANCHOR_CH5_SCAN_RESCHED ret=1 delay=5
215187.349 [0] DBG_ANCHOR_CH5_SCAN_HANDLER role=2
215187.349 [0] DBG_ANCHOR_CH5_SCAN_BLOCKED win=0 tx=0 retry_gap=0 flood=1 wait=0 rx=0 rxq=0 rxr=0 ack=0 ch9=0 rf=0 retry=5 interval=380
215187.349 [0] DBG_SCAN_SKIPPED reason=blocked
215187.349 [0] DBG_ANCHOR_CH5_SCAN_RESCHED ret=1 delay=5
215187.349 [0] DBG_ANCHOR_CH5_SCAN_HANDLER role=2
215187.349 [0] DBG_ANCHOR_CH5_SCAN_BLOCKED win=0 tx=0 retry_gap=0 flood=1 wait=0 rx=0 rxq=0 rxr=0 ack=0 ch9=0 rf=1 retry=20 interval=380
215187.349 [0] DBG_SCAN_SKIPPED reason=blocked
215187.349 [0] DBG_ANCHOR_CH5_SCAN_RESCHED ret=1 delay=20
215187.349 [0] DBG_DWM_WAKE_MESH_CTRL_OK sfd=1033
215187.349 [0] DBG_MESH_TX_STAGE stage=start msg=40 seq=2 ch=5 seen=1 at=30512
215187.399 [0] DBG_STACK_RUN_BEGIN epoch=8738051580048120749 run=6 kind=anchor_scan owner=anchor_uwb_scan queue=0 custody=0 credit=0 retry=0 drain=0 src=13961775027989293869 dst=11068027678940948070 session=0 seq=0 type=48 sequence=0 previous=0 uptime=30522
215187.399 [0] DBG_STACK_SAMPLE_BEGIN epoch=8738051580048120749 run=6 sample=6 kind=anchor_scan owner=anchor_uwb_scan queue=0 custody=0 credit=0 retry=0 drain=0 src=13961775027989293869 dst=11068027678940948070 session=0 seq=0 type=48 uptime=30534
215187.399 [0] DBG_STACK_ISR_CONFIG size=8192 run=6 sample=6
215187.399 [0] DBG_STACK name=anchor_uwb_scan tid=0x2000cb10 used=3388 free=6596 size=9984 ret=0 run=6 sample=6
215187.399 [0] DBG_STACK name=mesh_route tid=0x2000b140 used=6976 free=2496 size=9472 ret=0 run=6 sample=6
215187.399 [0] DBG_STACK name=sysworkq tid=0x2000da88 used=764 free=4612 size=5376 ret=0 run=6 sample=6
215187.399 [0] DBG_STACK name=logging tid=0x2000cfc8 used=480 free=1568 size=2048 ret=0 run=6 sample=6
215187.399 [0] DBG_STACK name=idle tid=0x2000d858 used=64 free=256 size=320 ret=0 run=6 sample=6
215187.399 [0] DBG_STACK_SAMPLE_END run=6 sample=6
215187.443 [0] DBG_STACK_RUN_END epoch=8738051580048120749 run=6 kind=anchor_scan owner=anchor_uwb_scan outcome=ack queue=0 custody=0 credit=0 retry=0 drain=0 src=13961775027989293869 dst=11068027678940948070 session=0 seq=0 type=48 samples=1 attempts=1 errors=0 last_error=0 mutex_drops=85 short_drops=1751 sequence=0 previous=0 uptime=30538
215187.443 [0] DBG_DWM_WAKE_MESH_CTRL_OK sfd=1033
215187.443 [0] DBG_DWM_CH5_RX_HUNT_START acq=2000 complete=15 cap=1020
215189.421 [0] DBG_DWM_CH5_RX_HUNT_EMPTY s=30588 e=32589 sys=00000000 phy=4 state=110 cyc=1002340 rx_us=2000274
215189.421 [0] DBG_DWM_CH5_RX_HUNT_START acq=175 complete=15 cap=1020
215189.595 [0] DBG_DWM_CH5_RX_HUNT_EMPTY s=32589 e=32765 sys=00000000 phy=4 state=110 cyc=1067910 rx_us=175292
215189.595 [0] DBG_ANCHOR_CH5_SCAN_DONE ret=-116 len=0 fail=1 pre=0 q=0 rx_us=2176634 complete=15
215189.595 [0] DBG_ANCHOR_CH5_SCAN_RESCHED ret=2 delay=0
215189.996 [0] DBG_STACK_RUN_BEGIN epoch=8738051580048120749 run=7 kind=anchor_scan owner=anchor_uwb_scan queue=0 custody=0 credit=0 retry=0 drain=0 src=13961775027989293869 dst=11068027678940948070 session=0 seq=0 type=48 sequence=0 previous=0 uptime=33166
215189.996 [0] DBG_STACK_SAMPLE_BEGIN epoch=8738051580048120749 run=7 sample=7 kind=anchor_scan owner=anchor_uwb_scan queue=0 custody=0 credit=0 retry=0 drain=0 src=13961775027989293869 dst=11068027678940948070 session=0 seq=0 type=48 uptime=33166
215189.996 [0] DBG_STACK_ISR_CONFIG size=8192 run=7 sample=7
215189.996 [0] DBG_STACK name=anchor_uwb_scan tid=0x2000cb10 used=3752 free=6232 size=9984 ret=0 run=7 sample=7
215189.996 [0] DBG_STACK name=mesh_route tid=0x2000b140 used=6976 free=2496 size=9472 ret=0 run=7 sample=7
215189.996 [0] DBG_STACK name=sysworkq tid=0x2000da88 used=764 free=4612 size=5376 ret=0 run=7 sample=7
215189.996 [0] DBG_STACK name=logging tid=0x2000cfc8 used=480 free=1568 size=2048 ret=0 run=7 sample=7
215189.996 [0] DBG_STACK name=idle tid=0x2000d858 used=64 free=256 size=320 ret=0 run=7 sample=7
215189.996 [0] DBG_STACK_SAMPLE_END run=7 sample=7
215190.035 [0] DBG_STACK_RUN_END epoch=8738051580048120749 run=7 kind=anchor_scan owner=anchor_uwb_scan outcome=ack queue=0 custody=0 credit=0 retry=0 drain=0 src=13961775027989293869 dst=11068027678940948070 session=0 seq=0 type=48 samples=1 attempts=1 errors=0 last_error=0 mutex_drops=120 short_drops=1751 sequence=0 previous=0 uptime=33170
215192.898 [0] DBG_SURVEY_LANE_ACK g=38010901 k=1 h=1 rec=1 t=172
215195.238 [0] DBG_SURVEY_LANE_END g=38010901 k=1 h=1 rec=1 ack=172 dur=2501
215195.238 [0] DBG_SURVEY_ANCHOR_WORK gen=38010901 action=1 ret=1
215195.238 [0] DBG_ANCHOR_CH5_SCAN_RESCHED ret=0 delay=0
215195.238 [0] DBG_ANCHOR_CH5_SCAN_HANDLER role=2
215195.238 [0] DBG_ANCHOR_CH5_SCAN_ARM now=38406 win=2000 complete=15 interval=380 wait=0 tx=0 response=0
215195.238 [0] DBG_DWM_CH5_RX_HUNT_START acq=2000 complete=15 cap=1020
215195.527 [0] DBG_DWM_CH5_RX_ACTIVITY_EXTEND ret=0 status=0x00000100 complete=15
215195.527 [0] DBG_DWM_CH5_RX_ACTIVITY_WAIT status=0x00000100 remain=15
215195.527 [0] DBG_DWM_CH5_RX_ACTIVITY_DONE raw=259 payload=257 status=0x00006f00 rearm=0 extended=1
215195.527 [0] DBG_ANCHOR_CH5_SCAN_DONE ret=0 len=257 fail=0 pre=1 q=100 rx_us=2000000 complete=15
215195.527 [0] DBG_UWB_RX_CH5
215195.527 [0] DBG_ANCHOR_CH5_FRAME len=257 q=100 wake_ret=-8
215195.527 [0] DBG_UWB_RX_CH5
215195.527 [0] DBG_MESH_RX_QUEUED ch=5 msg=0x40 src=0x9999888877776666 dst=0x0 prev=0x9999888877776666 seq=3 q=1
215195.527 [0] DBG_MESH_RX_DEFERRED q=1 msg=0x40
215195.527 [0] DBG_ANCHOR_MESH_RX_HANDOFF_DEFERRED q=1 delay=380 rf=0
215195.527 [0] DBG_MESH_RX_WORK_WAIT q=1
215195.527 [0] DBG_MESH_RX_WORK_ENTER q=1
215195.527 [0] DBG_MESH_RX_DRAIN_ENTER owner=work q=1
215195.572 [0] DBG_C5_CONTACT phase=closing state=4 peer=0x9999888877776666 purpose=gateway_command_flood reason=expired
215195.572 [0] DBG_C5_CONTACT phase=open state=2 peer=0x9999888877776666 purpose=gateway_command_flood reason=c5-control-rx
215195.572 [0] DBG_C5_CONTACT phase=accepted state=2 peer=0x9999888877776666 purpose=gateway_command_flood reason=c5-control-rx
215195.572 [0] DBG_MESH_RX_SUBMIT ret=1 q=0 routeq=1
215195.572 [0] DBG_ANCHOR_CH5_SCAN_HANDLER role=2
215195.572 [0] DBG_ANCHOR_CH5_SCAN_BLOCKED win=0 tx=0 retry_gap=0 flood=1 wait=0 rx=0 rxq=0 rxr=0 ack=0 ch9=0 rf=0 retry=5 interval=380
215195.572 [0] DBG_SCAN_SKIPPED reason=blocked
215195.572 [0] DBG_ANCHOR_CH5_SCAN_RESCHED ret=1 delay=5
215195.572 [0] DBG_ANCHOR_CH5_SCAN_HANDLER role=2
215195.572 [0] DBG_ANCHOR_CH5_SCAN_BLOCKED win=0 tx=0 retry_gap=0 flood=1 wait=0 rx=0 rxq=0 rxr=0 ack=0 ch9=0 rf=0 retry=5 interval=380
215195.572 [0] DBG_SCAN_SKIPPED reason=blocked
215195.572 [0] DBG_ANCHOR_CH5_SCAN_RESCHED ret=1 delay=5
215195.572 [0] DBG_ANCHOR_CH5_SCAN_HANDLER role=2
215195.572 [0] DBG_ANCHOR_CH5_SCAN_BLOCKED win=0 tx=0 retry_gap=0 flood=1 wait=0 rx=0 rxq=0 rxr=0 ack=0 ch9=0 rf=0 retry=5 interval=380
215195.572 [0] DBG_SCAN_SKIPPED reason=blocked
215195.622 [0] DBG_ANCHOR_CH5_SCAN_HANDLER role=2
215195.622 [0] DBG_ANCHOR_CH5_SCAN_BLOCKED win=0 tx=0 retry_gap=0 flood=1 wait=0 rx=0 rxq=0 rxr=0 ack=0 ch9=0 rf=0 retry=5 interval=380
215195.622 [0] DBG_SCAN_SKIPPED reason=blocked
215195.622 [0] DBG_ANCHOR_CH5_SCAN_RESCHED ret=1 delay=5
215195.622 [0] DBG_ANCHOR_CH5_SCAN_HANDLER role=2
215195.622 [0] DBG_ANCHOR_CH5_SCAN_BLOCKED win=0 tx=0 retry_gap=0 flood=1 wait=0 rx=0 rxq=0 rxr=0 ack=0 ch9=0 rf=0 retry=5 interval=380
215195.622 [0] DBG_SCAN_SKIPPED reason=blocked
215195.622 [0] DBG_ANCHOR_CH5_SCAN_RESCHED ret=1 delay=5
215195.622 [0] DBG_ANCHOR_CH5_SCAN_HANDLER role=2
215195.622 [0] DBG_ANCHOR_CH5_SCAN_BLOCKED win=0 tx=0 retry_gap=0 flood=1 wait=0 rx=0 rxq=0 rxr=0 ack=0 ch9=0 rf=0 retry=5 interval=380
215195.622 [0] DBG_SCAN_SKIPPED reason=blocked
215195.622 [0] DBG_ANCHOR_CH5_SCAN_RESCHED ret=1 delay=5
215195.622 [0] DBG_ANCHOR_CH5_SCAN_HANDLER role=2
215195.622 [0] DBG_ANCHOR_CH5_SCAN_BLOCKED win=0 tx=0 retry_gap=0 flood=1 wait=0 rx=0 rxq=0 rxr=0 ack=0 ch9=0 rf=0 retry=5 interval=380
215195.622 [0] DBG_SCAN_SKIPPED reason=blocked
215195.622 [0] DBG_ANCHOR_CH5_SCAN_RESCHED ret=1 delay=5
215195.622 [0] DBG_ANCHOR_CH5_SCAN_HANDLER role=2
215195.622 [0] DBG_SCAN_SKIPPED reason=blocked
215195.622 [0] DBG_ANCHOR_CH5_SCAN_HANDLER role=2
215195.665 [0] DBG_ANCHOR_CH5_SCAN_HANDLER role=2
215195.665 [0] DBG_ANCHOR_CH5_SCAN_BLOCKED win=0 tx=0 retry_gap=0 flood=1 wait=0 rx=0 rxq=0 rxr=0 ack=0 ch9=0 rf=0 retry=5 interval=380
215195.665 [0] DBG_SCAN_SKIPPED reason=blocked
215195.665 [0] DBG_ANCHOR_CH5_SCAN_RESCHED ret=1 delay=5
215195.665 [0] DBG_ANCHOR_CH5_SCAN_HANDLER role=2
215195.665 [0] DBG_ANCHOR_CH5_SCAN_BLOCKED win=0 tx=0 retry_gap=0 flood=1 wait=0 rx=0 rxq=0 rxr=0 ack=0 ch9=0 rf=0 retry=5 interval=380
215195.665 [0] DBG_SCAN_SKIPPED reason=blocked
215195.665 [0] DBG_ANCHOR_CH5_SCAN_RESCHED ret=1 delay=5
215195.665 [0] DBG_ANCHOR_CH5_SCAN_HANDLER role=2
215195.665 [0] DBG_ANCHOR_CH5_SCAN_BLOCKED win=0 tx=0 retry_gap=0 flood=1 wait=0 rx=0 rxq=0 rxr=0 ack=0 ch9=0 rf=0 retry=5 interval=380
215195.665 [0] DBG_SCAN_SKIPPED reason=blocked
215195.665 [0] DBG_ANCHOR_CH5_SCAN_RESCHED ret=1 delay=5
215195.665 [0] DBG_ANCHOR_CH5_SCAN_HANDLER role=2
215195.665 [0] DBG_ANCHOR_CH5_SCAN_BLOCKED win=0 tx=0 retry_gap=0 flood=1 wait=0 rx=0 rxq=0 rxr=0 ack=0 ch9=0 rf=0 retry=5 interval=380
215195.665 [0] DBG_SCAN_SKIPPED reason=blocked
215195.665 [0] DBG_ANCHOR_CH5_SCAN_RESCHED ret=1 delay=5
215195.665 [0] DBG_ANCHOR_CH5_SCAN_HANDLER role=2
215195.665 [0] DBG_SCAN_SKIPPED reason=blocked
215195.665 [0] DBG_ANCHOR_CH5_SCAN_HANDLER role=2
215195.716 [0] DBG_ANCHOR_CH5_SCAN_HANDLER role=2
215195.716 [0] DBG_ANCHOR_CH5_SCAN_BLOCKED win=0 tx=0 retry_gap=0 flood=1 wait=0 rx=0 rxq=0 rxr=0 ack=0 ch9=0 rf=0 retry=5 interval=380
215195.716 [0] DBG_SCAN_SKIPPED reason=blocked
215195.716 [0] DBG_ANCHOR_CH5_SCAN_RESCHED ret=1 delay=5
215195.716 [0] DBG_ANCHOR_CH5_SCAN_HANDLER role=2
215195.716 [0] DBG_ANCHOR_CH5_SCAN_BLOCKED win=0 tx=0 retry_gap=0 flood=1 wait=0 rx=0 rxq=0 rxr=0 ack=0 ch9=0 rf=0 retry=5 interval=380
215195.716 [0] DBG_SCAN_SKIPPED reason=blocked
215195.716 [0] DBG_ANCHOR_CH5_SCAN_RESCHED ret=1 delay=5
215195.716 [0] DBG_ANCHOR_CH5_SCAN_HANDLER role=2
215195.716 [0] DBG_ANCHOR_CH5_SCAN_BLOCKED win=0 tx=0 retry_gap=0 flood=1 wait=0 rx=0 rxq=0 rxr=0 ack=0 ch9=0 rf=0 retry=5 interval=380
215195.716 [0] DBG_SCAN_SKIPPED reason=blocked
215195.716 [0] DBG_ANCHOR_CH5_SCAN_RESCHED ret=1 delay=5
215195.716 [0] DBG_ANCHOR_CH5_SCAN_HANDLER role=2
215195.716 [0] DBG_ANCHOR_CH5_SCAN_BLOCKED win=0 tx=0 retry_gap=0 flood=1 wait=0 rx=0 rxq=0 rxr=0 ack=0 ch9=0 rf=0 retry=5 interval=380
215195.716 [0] DBG_SCAN_SKIPPED reason=blocked
215195.716 [0] DBG_ANCHOR_CH5_SCAN_RESCHED ret=1 delay=5
215195.716 [0] DBG_ANCHOR_CH5_SCAN_HANDLER role=2
215195.716 [0] DBG_SCAN_SKIPPED reason=blocked
215195.716 [0] DBG_ANCHOR_CH5_SCAN_HANDLER role=2
215195.764 [0] DBG_ANCHOR_CH5_SCAN_HANDLER role=2
215195.764 [0] DBG_ANCHOR_CH5_SCAN_BLOCKED win=0 tx=0 retry_gap=0 flood=1 wait=0 rx=0 rxq=0 rxr=0 ack=0 ch9=0 rf=0 retry=5 interval=380
215195.764 [0] DBG_SCAN_SKIPPED reason=blocked
215195.764 [0] DBG_ANCHOR_CH5_SCAN_RESCHED ret=1 delay=5
215195.764 [0] DBG_ANCHOR_CH5_SCAN_HANDLER role=2
215195.764 [0] DBG_ANCHOR_CH5_SCAN_BLOCKED win=0 tx=0 retry_gap=0 flood=1 wait=0 rx=0 rxq=0 rxr=0 ack=0 ch9=0 rf=0 retry=5 interval=380
215195.764 [0] DBG_SCAN_SKIPPED reason=blocked
215195.764 [0] DBG_ANCHOR_CH5_SCAN_RESCHED ret=1 delay=5
215195.764 [0] DBG_ANCHOR_CH5_SCAN_HANDLER role=2
215195.764 [0] DBG_ANCHOR_CH5_SCAN_BLOCKED win=0 tx=0 retry_gap=0 flood=1 wait=0 rx=0 rxq=0 rxr=0 ack=0 ch9=0 rf=0 retry=5 interval=380
215195.764 [0] DBG_SCAN_SKIPPED reason=blocked
215195.764 [0] DBG_ANCHOR_CH5_SCAN_RESCHED ret=1 delay=5
215195.764 [0] DBG_ANCHOR_CH5_SCAN_HANDLER role=2
215195.764 [0] DBG_ANCHOR_CH5_SCAN_BLOCKED win=0 tx=0 retry_gap=0 flood=1 wait=0 rx=0 rxq=0 rxr=0 ack=0 ch9=0 rf=0 retry=5 interval=380
215195.764 [0] DBG_SCAN_SKIPPED reason=blocked
215195.764 [0] DBG_ANCHOR_CH5_SCAN_RESCHED ret=1 delay=5
215195.764 [0] DBG_ANCHOR_CH5_SCAN_HANDLER role=2
215195.764 [0] DBG_SCAN_SKIPPED reason=blocked
215195.764 [0] DBG_ANCHOR_CH5_SCAN_HANDLER role=2
215195.814 [0] DBG_ANCHOR_CH5_SCAN_HANDLER role=2
215195.814 [0] DBG_ANCHOR_CH5_SCAN_BLOCKED win=0 tx=0 retry_gap=0 flood=1 wait=0 rx=0 rxq=0 rxr=0 ack=0 ch9=0 rf=0 retry=5 interval=380
215195.814 [0] DBG_SCAN_SKIPPED reason=blocked
215195.814 [0] DBG_ANCHOR_CH5_SCAN_RESCHED ret=1 delay=5
215195.814 [0] DBG_ANCHOR_CH5_SCAN_HANDLER role=2
215195.814 [0] DBG_ANCHOR_CH5_SCAN_BLOCKED win=0 tx=0 retry_gap=0 flood=1 wait=0 rx=0 rxq=0 rxr=0 ack=0 ch9=0 rf=0 retry=5 interval=380
215195.814 [0] DBG_SCAN_SKIPPED reason=blocked
215195.814 [0] DBG_ANCHOR_CH5_SCAN_RESCHED ret=1 delay=5
215195.814 [0] DBG_ANCHOR_CH5_SCAN_HANDLER role=2
215195.814 [0] DBG_ANCHOR_CH5_SCAN_BLOCKED win=0 tx=0 retry_gap=0 flood=1 wait=0 rx=0 rxq=0 rxr=0 ack=0 ch9=0 rf=0 retry=5 interval=380
215195.814 [0] DBG_SCAN_SKIPPED reason=blocked
215195.814 [0] DBG_ANCHOR_CH5_SCAN_RESCHED ret=1 delay=5
215195.814 [0] DBG_ANCHOR_CH5_SCAN_HANDLER role=2
215195.814 [0] DBG_ANCHOR_CH5_SCAN_BLOCKED win=0 tx=0 retry_gap=0 flood=1 wait=0 rx=0 rxq=0 rxr=0 ack=0 ch9=0 rf=0 retry=5 interval=380
215195.814 [0] DBG_SCAN_SKIPPED reason=blocked
215195.814 [0] DBG_ANCHOR_CH5_SCAN_RESCHED ret=1 delay=5
215195.814 [0] DBG_ANCHOR_CH5_SCAN_HANDLER role=2
215195.814 [0] DBG_SCAN_SKIPPED reason=blocked
215195.814 [0] DBG_UWB_TX_CH5
215195.857 [0] DBG_ANCHOR_CH5_SCAN_HANDLER role=2
215195.857 [0] DBG_ANCHOR_CH5_SCAN_BLOCKED win=0 tx=0 retry_gap=0 flood=1 wait=0 rx=0 rxq=0 rxr=0 ack=0 ch9=0 rf=0 retry=5 interval=380
215195.857 [0] DBG_SCAN_SKIPPED reason=blocked
215195.857 [0] DBG_ANCHOR_CH5_SCAN_RESCHED ret=1 delay=5
215195.857 [0] DBG_ANCHOR_CH5_SCAN_HANDLER role=2
215195.857 [0] DBG_ANCHOR_CH5_SCAN_BLOCKED win=0 tx=0 retry_gap=0 flood=1 wait=0 rx=0 rxq=0 rxr=0 ack=0 ch9=0 rf=0 retry=5 interval=380
215195.857 [0] DBG_SCAN_SKIPPED reason=blocked
215195.857 [0] DBG_ANCHOR_CH5_SCAN_RESCHED ret=1 delay=5
215195.857 [0] DBG_ANCHOR_CH5_SCAN_HANDLER role=2
215195.857 [0] DBG_ANCHOR_CH5_SCAN_BLOCKED win=0 tx=0 retry_gap=0 flood=1 wait=0 rx=0 rxq=0 rxr=0 ack=0 ch9=0 rf=0 retry=5 interval=380
215195.857 [0] DBG_SCAN_SKIPPED reason=blocked
215195.857 [0] DBG_ANCHOR_CH5_SCAN_RESCHED ret=1 delay=5
215195.857 [0] DBG_ANCHOR_CH5_SCAN_HANDLER role=2
215195.857 [0] DBG_ANCHOR_CH5_SCAN_BLOCKED win=0 tx=0 retry_gap=0 flood=1 wait=0 rx=0 rxq=0 rxr=0 ack=0 ch9=0 rf=0 retry=5 interval=380
215195.857 [0] DBG_SCAN_SKIPPED reason=blocked
215195.857 [0] DBG_ANCHOR_CH5_SCAN_RESCHED ret=1 delay=5
215195.857 [0] DBG_DWM_WAKE_MESH_CTRL_OK sfd=1033
215195.857 [0] DBG_ANCHOR_CH5_SCAN_HANDLER role=2
215195.857 [0] DBG_SCAN_SKIPPED reason=blocked
215195.909 [0] DBG_ANCHOR_CH5_SCAN_HANDLER role=2
215195.909 [0] DBG_ANCHOR_CH5_SCAN_BLOCKED win=0 tx=0 retry_gap=0 flood=1 wait=0 rx=0 rxq=0 rxr=0 ack=0 ch9=0 rf=0 retry=5 interval=380
215195.909 [0] DBG_SCAN_SKIPPED reason=blocked
215195.909 [0] DBG_ANCHOR_CH5_SCAN_RESCHED ret=1 delay=5
215195.909 [0] DBG_ANCHOR_CH5_SCAN_HANDLER role=2
215195.909 [0] DBG_ANCHOR_CH5_SCAN_BLOCKED win=0 tx=0 retry_gap=0 flood=1 wait=0 rx=0 rxq=0 rxr=0 ack=0 ch9=0 rf=0 retry=5 interval=380
215195.909 [0] DBG_SCAN_SKIPPED reason=blocked
215195.909 [0] DBG_ANCHOR_CH5_SCAN_RESCHED ret=1 delay=5
215195.909 [0] DBG_ANCHOR_CH5_SCAN_HANDLER role=2
215195.909 [0] DBG_ANCHOR_CH5_SCAN_BLOCKED win=0 tx=0 retry_gap=0 flood=1 wait=0 rx=0 rxq=0 rxr=0 ack=0 ch9=0 rf=0 retry=5 interval=380
215195.909 [0] DBG_SCAN_SKIPPED reason=blocked
215195.909 [0] DBG_ANCHOR_CH5_SCAN_RESCHED ret=1 delay=5
215195.909 [0] DBG_ANCHOR_CH5_SCAN_HANDLER role=2
215195.909 [0] DBG_ANCHOR_CH5_SCAN_BLOCKED win=0 tx=0 retry_gap=0 flood=1 wait=0 rx=0 rxq=0 rxr=0 ack=0 ch9=0 rf=0 retry=5 interval=380
215195.909 [0] DBG_SCAN_SKIPPED reason=blocked
215195.909 [0] DBG_ANCHOR_CH5_SCAN_RESCHED ret=1 delay=5
215195.909 [0] DBG_ANCHOR_CH5_SCAN_HANDLER role=2
215195.909 [0] DBG_SCAN_SKIPPED reason=blocked
215195.909 [0] DBG_ANCHOR_CH5_SCAN_HANDLER role=2
215195.957 [0] DBG_MESH_TX_AGE msg=40 seq=3 age=402 enc=39091 rf=39092 gap=1 air=4
215195.957 [0] DBG_MESH_TX_STAGE stage=start msg=40 seq=3 ch=5 seen=1 at=39092
215195.957 [0] DBG_MESH_TX_STAGE stage=complete msg=40 seq=3 ch=5 seen=1 at=39096 ret=0
215195.957 [0] DBG_MESH_TX_STAGE stage=park msg=40 seq=3 ch=5 park_ret=0 release_ret=0
215195.957 [0] DBG_UWB_TX_CH5
215195.957 [0] DBG_ENUM_CONTROL_BURST state=end active=1
215195.957 [0] DBG_ENUM_CONTROL_BURST state=end active=0
215195.957 [0] DBG_SURVEY_TIMING ph=2 g=38010901 sl=0 h=1 n=39099 age=404 d=2750 s=41445 in=2346 p=3 w=3
215195.957 [0] DBG_MESH_RX_DRAIN_EXIT owner=work handled=1 q=0
215195.957 [0] DBG_MESH_RX_WORK_EXIT handled=1 q=0
215195.957 [0] DBG_STACK_RUN_BEGIN epoch=8738051580048120749 run=8 kind=anchor_scan owner=anchor_uwb_scan queue=0 custody=0 credit=0 retry=0 drain=0 src=13961775027989293869 dst=11068027678940948070 session=0 seq=0 type=48 sequence=0 previous=0 uptime=39105
215196.004 [0] DBG_STACK_SAMPLE_BEGIN epoch=8738051580048120749 run=8 sample=8 kind=anchor_scan owner=anchor_uwb_scan queue=0 custody=0 credit=0 retry=0 drain=0 src=13961775027989293869 dst=11068027678940948070 session=0 seq=0 type=48 uptime=39105
215196.004 [0] DBG_STACK_ISR_CONFIG size=8192 run=8 sample=8
215196.004 [0] DBG_STACK name=anchor_uwb_scan tid=0x2000cb10 used=7824 free=2160 size=9984 ret=0 run=8 sample=8
215196.004 [0] DBG_STACK name=mesh_route tid=0x2000b140 used=6976 free=2496 size=9472 ret=0 run=8 sample=8
215196.004 [0] DBG_STACK name=sysworkq tid=0x2000da88 used=764 free=4612 size=5376 ret=0 run=8 sample=8
215196.004 [0] DBG_STACK name=logging tid=0x2000cfc8 used=480 free=1568 size=2048 ret=0 run=8 sample=8
215196.004 [0] DBG_STACK name=idle tid=0x2000d858 used=64 free=256 size=320 ret=0 run=8 sample=8
215196.004 [0] DBG_STACK_SAMPLE_END run=8 sample=8
215196.044 [0] DBG_STACK_RUN_END epoch=8738051580048120749 run=8 kind=anchor_scan owner=anchor_uwb_scan outcome=ack queue=0 custody=0 credit=0 retry=0 drain=0 src=13961775027989293869 dst=11068027678940948070 session=0 seq=0 type=48 samples=1 attempts=1 errors=0 last_error=0 mutex_drops=151 short_drops=1878 sequence=0 previous=0 uptime=39144
215196.044 [0] DBG_MESH_RX_DRAIN_EXIT owner=work handled=1 q=0
215196.044 [0] DBG_MESH_RX_WORK_EXIT handled=1 q=0
215196.044 [0] DBG_MESH_RX_SUBMIT ret=1 q=0 routeq=1
215196.044 [0] DBG_ANCHOR_CH5_SCAN_RESCHED ret=2 delay=0
215196.044 [0] DBG_ANCHOR_CH5_SCAN_HANDLER role=2
215196.044 [0] DBG_DWM_CH5_RX_HUNT_START acq=2000 complete=15 cap=1020
215196.070 [0] DBG_DWM_CH5_RX_ACTIVITY_EXTEND ret=0 status=0x00000100 complete=15
215196.070 [0] DBG_DWM_CH5_RX_ACTIVITY_WAIT status=0x00000100 remain=15
215196.070 [0] DBG_DWM_CH5_RX_ACTIVITY_DONE raw=259 payload=257 status=0x00006f00 rearm=0 extended=1
215196.070 [0] DBG_ANCHOR_CH5_SCAN_DONE ret=0 len=257 fail=0 pre=1 q=100 rx_us=2000000 complete=15
215196.070 [0] DBG_UWB_RX_CH5
215196.070 [0] DBG_ANCHOR_CH5_FRAME len=257 q=100 wake_ret=-8
215196.070 [0] DBG_UWB_RX_CH5
215196.117 [0] DBG_MESH_RX_QUEUED ch=5 msg=0x40 src=0x9999888877776666 dst=0x0 prev=0x9999888877776666 seq=3 q=1
215196.117 [0] DBG_MESH_RX_DEFERRED q=1 msg=0x40
215196.117 [0] DBG_ANCHOR_MESH_RX_HANDOFF_DEFERRED q=1 delay=380 rf=0
215196.117 [0] DBG_MESH_RX_WORK_WAIT q=1
215196.117 [0] DBG_MESH_RX_WORK_ENTER q=1
215196.117 [0] DBG_MESH_RX_DRAIN_ENTER owner=work q=1
215196.117 [0] DBG_C5_CONTACT phase=closing state=4 peer=0x0f6d3a3bdac0f858 purpose=gateway_command_flood reason=replace
215196.117 [0] DBG_C5_CONTACT phase=open state=2 peer=0x9999888877776666 purpose=gateway_command_flood reason=c5-control-rx
215196.117 [0] DBG_C5_CONTACT phase=accepted state=2 peer=0x9999888877776666 purpose=gateway_command_flood reason=c5-control-rx
215196.117 [0] DBG_MESH_RX_WORK_EXIT handled=1 q=0
215196.117 [0] DBG_MESH_RX_SUBMIT ret=1 q=0 routeq=1
215196.117 [0] DBG_ANCHOR_CH5_SCAN_RESCHED ret=2 delay=0
215196.117 [0] DBG_ANCHOR_CH5_SCAN_HANDLER role=2
215196.117 [0] DBG_DWM_CH5_RX_HUNT_START acq=2000 complete=15 cap=1020
215198.091 [0] DBG_DWM_CH5_RX_HUNT_EMPTY s=39255 e=41256 sys=00000000 phy=4 state=110 cyc=1286334 rx_us=2000335
215198.091 [0] DBG_DWM_CH5_RX_HUNT_START acq=89 complete=15 cap=1020
215198.172 [0] DBG_DWM_CH5_RX_HUNT_EMPTY s=41256 e=41346 sys=00000000 phy=4 state=110 cyc=1351905 rx_us=89294
215198.172 [0] DBG_ANCHOR_CH5_SCAN_RESCHED ret=2 delay=0
215198.271 [0] DBG_DWM_INVALIDATE tag=configure_radio_from_reset active_phy=4 configured=1 awake=1
215198.294 [0] DBG_DWM_MARK_UNCONFIGURED tag=initialise_radio prev_phy=0
215198.294 [0] DBG_DWM_PHY_SWITCH from=4 to=1 fast=0 us=19226
215198.294 [0] DBG_DS_RESP stage=arm evt=38010901 seq=1 round=0 now=41465 timeout=125
215198.375 [0] DBG_DS_RESP stage=resp-armed now=41552 seq=1 round=0 tx_time=0x0167e2ab resp_tx=0x67e2e9d9
215198.375 [0] DBG_DS_RESP stage=resp-raw poll_rx=0x496a9ec2 q=100 reply_uus=8000
215198.397 [0] DBG_DS_RESP stage=final-decode status=0 now=41567 seq=1 round=0 final_rx=0x865b3ca7
215198.397 [0] DBG_SURVEY_PROFILE kind=attempt r=R p=0 a=0 sd=-80 dur=102 fd=22 to=125 ret=0 st=0 mm=871
215198.421 [0] DBG_DS_RESP stage=arm evt=38010901 seq=1 round=1 now=41601 timeout=80
215198.461 [0] DBG_DS_RESP stage=resp-armed now=41631 seq=1 round=1 tx_time=0x02975330 resp_tx=0x97536fd9
215198.461 [0] DBG_DS_RESP stage=resp-raw poll_rx=0x78db23aa q=100 reply_uus=8000
215198.483 [0] DBG_DS_RESP stage=final-decode status=0 now=41647 seq=1 round=1 final_rx=0xb5cbc384
215198.483 [0] DBG_SURVEY_PROFILE kind=attempt r=R p=0 a=1 sd=-24 dur=46 fd=22 to=80 ret=0 st=0 mm=905
215198.506 [0] DBG_DS_RESP stage=arm evt=38010901 seq=1 round=2 now=41680 timeout=80
215198.548 [0] DBG_DS_RESP stage=resp-armed now=41711 seq=1 round=2 tx_time=0x03c6cca2 resp_tx=0xc6cce1d9
215198.548 [0] DBG_DS_RESP stage=resp-raw poll_rx=0xa8549672 q=100 reply_uus=8000
215198.548 [0] DBG_DS_RESP stage=final-decode status=0 now=41726 seq=1 round=2 final_rx=0xe5453446
215198.548 [0] DBG_SURVEY_PROFILE kind=attempt r=R p=0 a=2 sd=-25 dur=46 fd=21 to=80 ret=0 st=0 mm=902
215198.578 [0] DBG_STACK_RUN_BEGIN epoch=8738051580048120749 run=9 kind=anchor_scan owner=anchor_uwb_scan queue=0 custody=0 credit=0 retry=0 drain=0 src=13961775027989293869 dst=11068027678940948070 session=0 seq=0 type=48 sequence=0 previous=0 uptime=41747
215198.578 [0] DBG_STACK_SAMPLE_BEGIN epoch=8738051580048120749 run=9 sample=9 kind=anchor_scan owner=anchor_uwb_scan queue=0 custody=0 credit=0 retry=0 drain=0 src=13961775027989293869 dst=11068027678940948070 session=0 seq=0 type=48 uptime=41747
215198.578 [0] DBG_STACK_ISR_CONFIG size=8192 run=9 sample=9
215198.578 [0] DBG_STACK name=anchor_uwb_scan tid=0x2000cb10 used=7824 free=2160 size=9984 ret=0 run=9 sample=9
215198.578 [0] DBG_STACK name=mesh_route tid=0x2000b140 used=6976 free=2496 size=9472 ret=0 run=9 sample=9
215198.578 [0] DBG_STACK name=sysworkq tid=0x2000da88 used=764 free=4612 size=5376 ret=0 run=9 sample=9
215198.578 [0] DBG_STACK name=logging tid=0x2000cfc8 used=480 free=1568 size=2048 ret=0 run=9 sample=9
215198.578 [0] DBG_STACK name=idle tid=0x2000d858 used=64 free=256 size=320 ret=0 run=9 sample=9
215198.578 [0] DBG_STACK_SAMPLE_END run=9 sample=9
215198.617 [0] DBG_STACK_RUN_END epoch=8738051580048120749 run=9 kind=anchor_scan owner=anchor_uwb_scan outcome=ack queue=0 custody=0 credit=0 retry=0 drain=0 src=13961775027989293869 dst=11068027678940948070 session=0 seq=0 type=48 samples=1 attempts=1 errors=0 last_error=0 mutex_drops=189 short_drops=1879 sequence=0 previous=0 uptime=41750
215198.617 [0] DBG_DS_RESP stage=resp-armed now=41791 seq=1 round=3 tx_time=0x04f9ace6 resp_tx=0xf9ad25d9
215198.617 [0] DBG_DS_RESP stage=resp-raw poll_rx=0xdb34d9db q=100 reply_uus=8000
215198.646 [0] DBG_DS_RESP stage=final-decode status=0 now=41807 seq=1 round=3 final_rx=0x1825779d
215198.646 [0] DBG_SURVEY_PROFILE kind=attempt r=R p=0 a=3 sd=-25 dur=47 fd=22 to=80 ret=0 st=0 mm=893
215198.670 [0] DBG_DS_RESP stage=arm evt=38010901 seq=1 round=4 now=41841 timeout=80
215198.691 [0] DBG_DS_RESP stage=resp-armed now=41871 seq=1 round=4 tx_time=0x06292606 resp_tx=0x292645d9
215198.691 [0] DBG_DS_RESP stage=resp-raw poll_rx=0x0aadfa70 q=100 reply_uus=8000
215198.715 [0] DBG_DS_RESP stage=final-decode status=0 now=41886 seq=1 round=4 final_rx=0x479e984e
215198.715 [0] DBG_SURVEY_PROFILE kind=attempt r=R p=0 a=4 sd=-25 dur=47 fd=22 to=80 ret=0 st=0 mm=830
215198.715 [0] DBG_SURVEY_PROFILE kind=pair r=R p=0 cfg=19 cfg_end=20 end=442 slack=158
215198.905 [0] DBG_DWM_INVALIDATE tag=configure_radio_from_reset active_phy=1 configured=1 awake=1
215198.931 [0] DBG_DWM_MARK_UNCONFIGURED tag=initialise_radio prev_phy=0
215198.931 [0] DBG_DWM_PHY_SWITCH from=1 to=4 fast=0 us=18921
215198.931 [0] DBG_DWM_WAKE_MESH_CTRL_OK sfd=1033
215199.108 [0] DBG_SURVEY_LANE_ACK g=38010901 k=2 h=1 rec=1 t=198
215201.427 [0] DBG_SURVEY_LANE_END g=38010901 k=2 h=1 rec=1 ack=198 dur=2501
215201.467 [0] DBG_DWM_INVALIDATE tag=configure_radio_from_reset active_phy=4 configured=1 awake=1
215201.493 [0] DBG_DWM_MARK_UNCONFIGURED tag=initialise_radio prev_phy=0
215201.493 [0] DBG_DWM_PHY_SWITCH from=4 to=1 fast=0 us=19226
215201.493 [0] DBG_DS_RESP stage=arm evt=38010901 seq=2 round=0 now=44664 timeout=125
215201.577 [0] DBG_DS_RESP stage=resp-armed now=44752 seq=2 round=0 tx_time=0x016e6ded resp_tx=0x6e6e2bd9
215201.577 [0] DBG_DS_RESP stage=resp-raw poll_rx=0x4ff5e0a8 q=100 reply_uus=8000
215201.602 [0] DBG_DS_RESP stage=final-decode status=0 now=44768 seq=2 round=0 final_rx=0x8ce67753
215201.602 [0] DBG_SURVEY_PROFILE kind=attempt r=R p=1 a=0 sd=-81 dur=104 fd=23 to=125 ret=0 st=0 mm=390
215201.628 [0] DBG_DS_RESP stage=arm evt=38010901 seq=2 round=1 now=44800 timeout=80
215201.673 [0] DBG_DS_RESP stage=resp-armed now=44832 seq=2 round=1 tx_time=0x029dfdf2 resp_tx=0x9dfe31d9
215201.673 [0] DBG_DS_RESP stage=resp-raw poll_rx=0x7f85e608 q=100 reply_uus=8000
215201.673 [0] DBG_DS_RESP stage=final-decode status=0 now=44848 seq=2 round=1 final_rx=0xbc767ca8
215201.673 [0] DBG_SURVEY_PROFILE kind=attempt r=R p=1 a=1 sd=-25 dur=48 fd=23 to=80 ret=0 st=0 mm=393
215201.717 [0] DBG_DS_RESP stage=arm evt=38010901 seq=2 round=2 now=44880 timeout=80
215201.739 [0] DBG_DS_RESP stage=resp-armed now=44913 seq=2 round=2 tx_time=0x03d16a1f resp_tx=0xd16a5dd9
215201.739 [0] DBG_DS_RESP stage=resp-raw poll_rx=0xb2f2133f q=100 reply_uus=8000
215201.764 [0] DBG_DS_RESP stage=final-decode status=0 now=44928 seq=2 round=2 final_rx=0xefe2a9df
215201.764 [0] DBG_SURVEY_PROFILE kind=attempt r=R p=1 a=2 sd=-25 dur=48 fd=23 to=80 ret=0 st=0 mm=415
215201.788 [0] DBG_DS_RESP stage=arm evt=38010901 seq=2 round=3 now=44960 timeout=80
215201.833 [0] DBG_DS_RESP stage=resp-armed now=44993 seq=2 round=3 tx_time=0x050109ec resp_tx=0x010a2bd9
215201.833 [0] DBG_DS_RESP stage=resp-raw poll_rx=0xe291e073 q=100 reply_uus=8000
215201.833 [0] DBG_DS_RESP stage=final-decode status=0 now=45008 seq=2 round=3 final_rx=0x1f827721
215201.833 [0] DBG_SURVEY_PROFILE kind=attempt r=R p=1 a=3 sd=-25 dur=48 fd=23 to=80 ret=0 st=0 mm=363
215201.874 [0] DBG_DS_RESP stage=arm evt=38010901 seq=2 round=4 now=45041 timeout=80
215201.896 [0] DBG_DS_RESP stage=resp-armed now=45072 seq=2 round=4 tx_time=0x0630be74 resp_tx=0x30beb3d9
215201.896 [0] DBG_DS_RESP stage=resp-raw poll_rx=0x12466798 q=100 reply_uus=8000
215201.922 [0] DBG_DS_RESP stage=final-decode status=0 now=45088 seq=2 round=4 final_rx=0x4f36fe3d
215201.922 [0] DBG_SURVEY_PROFILE kind=attempt r=R p=1 a=4 sd=-24 dur=47 fd=23 to=80 ret=0 st=0 mm=374
215201.922 [0] DBG_SURVEY_PROFILE kind=pair r=R p=1 cfg=19 cfg_end=19 end=443 slack=157
215202.105 [0] DBG_DWM_INVALIDATE tag=configure_radio_from_reset active_phy=1 configured=1 awake=1
215202.130 [0] DBG_DWM_MARK_UNCONFIGURED tag=initialise_radio prev_phy=0
215202.130 [0] DBG_DWM_PHY_SWITCH from=1 to=4 fast=0 us=19226
215202.130 [0] DBG_DWM_WAKE_MESH_CTRL_OK sfd=1033
215202.398 [0] DBG_SURVEY_LANE_ACK g=38010901 k=2 h=1 rec=2 t=292
215204.619 [0] DBG_SURVEY_LANE_END g=38010901 k=2 h=1 rec=2 ack=292 dur=2500
215204.680 [0] DBG_DWM_INVALIDATE tag=configure_radio_from_reset active_phy=4 configured=1 awake=1
215204.706 [0] DBG_DWM_MARK_UNCONFIGURED tag=initialise_radio prev_phy=0
215204.706 [0] DBG_DWM_PHY_SWITCH from=4 to=1 fast=0 us=19226
215205.318 [0] DBG_DWM_INVALIDATE tag=configure_radio_from_reset active_phy=1 configured=1 awake=1
215205.344 [0] DBG_DWM_MARK_UNCONFIGURED tag=initialise_radio prev_phy=0
215205.344 [0] DBG_DWM_PHY_SWITCH from=1 to=4 fast=0 us=19195
215205.344 [0] DBG_DWM_WAKE_MESH_CTRL_OK sfd=1033
215205.702 [0] DBG_SURVEY_LANE_ACK g=38010901 k=2 h=1 rec=2 t=398
215207.815 [0] DBG_SURVEY_LANE_END g=38010901 k=2 h=1 rec=2 ack=398 dur=2501
215208.813 [0] DBG_SURVEY_LANE_ACK g=38010901 k=2 h=1 rec=2 t=301
215211.017 [0] DBG_SURVEY_LANE_END g=38010901 k=2 h=1 rec=2 ack=301 dur=2501
215211.913 [0] DBG_SURVEY_LANE_ACK g=38010901 k=2 h=1 rec=2 t=206
215214.210 [0] DBG_SURVEY_LANE_END g=38010901 k=2 h=1 rec=2 ack=206 dur=2501
215214.210 [0] DBG_SURVEY_ANCHOR_WORK gen=38010901 action=2 ret=0
215214.210 [0] DBG_ANCHOR_CH5_SCAN_RESCHED ret=0 delay=0
215214.210 [0] DBG_ANCHOR_CH5_SCAN_HANDLER role=2
215214.210 [0] DBG_ANCHOR_CH5_SCAN_ARM now=57387 win=5 complete=15 interval=380 wait=0 tx=0 response=0
215214.210 [0] DBG_DWM_INVALIDATE tag=configure_radio_from_reset active_phy=4 configured=1 awake=1
215214.241 [0] DBG_DWM_MARK_UNCONFIGURED tag=initialise_radio prev_phy=0
215214.241 [0] DBG_DWM_PHY_SWITCH from=4 to=2 fast=0 us=19195
215214.241 [0] DBG_DWM_CH5_RX_HUNT_START acq=5 complete=1000 cap=1020
215214.241 [0] DBG_DWM_CH5_RX_HUNT_EMPTY s=57406 e=57412 sys=00000000 phy=2 state=110 cyc=1881108 rx_us=5340
215214.241 [0] DBG_ANCHOR_CH5_SCAN_DONE ret=-116 len=0 fail=1 pre=0 q=0 rx_us=5828 complete=1000
215214.241 [0] DBG_ANCHOR_CH5_SCAN_RESCHED ret=1 delay=380
215214.639 [0] DBG_ANCHOR_CH5_SCAN_HANDLER role=2
215214.639 [0] DBG_DWM_CH5_RX_HUNT_START acq=5 complete=1000 cap=1020
215214.639 [0] DBG_DWM_CH5_RX_HUNT_EMPTY s=57799 e=57805 sys=00000000 phy=2 state=110 cyc=1893984 rx_us=5249
215214.639 [0] DBG_ANCHOR_CH5_SCAN_RESCHED ret=1 delay=380
215214.639 [0] DBG_STACK_RUN_BEGIN epoch=8738051580048120749 run=10 kind=anchor_scan owner=anchor_uwb_scan queue=0 custody=0 credit=0 retry=0 drain=0 src=13961775027989293869 dst=11068027678940948070 session=0 seq=0 type=48 sequence=0 previous=0 uptime=57813
215214.639 [0] DBG_STACK_SAMPLE_BEGIN epoch=8738051580048120749 run=10 sample=10 kind=anchor_scan owner=anchor_uwb_scan queue=0 custody=0 credit=0 retry=0 drain=0 src=13961775027989293869 dst=11068027678940948070 session=0 seq=0 type=48 uptime=57813
215214.639 [0] DBG_STACK_ISR_CONFIG size=8192 run=10 sample=10
215214.639 [0] DBG_STACK name=anchor_uwb_scan tid=0x2000cb10 used=7824 free=2160 size=9984 ret=0 run=10 sample=10
215214.680 [0] DBG_STACK name=mesh_route tid=0x2000b140 used=6976 free=2496 size=9472 ret=0 run=10 sample=10
215214.680 [0] DBG_STACK name=sysworkq tid=0x2000da88 used=764 free=4612 size=5376 ret=0 run=10 sample=10
215214.680 [0] DBG_STACK name=logging tid=0x2000cfc8 used=480 free=1568 size=2048 ret=0 run=10 sample=10
215214.680 [0] DBG_STACK name=idle tid=0x2000d858 used=64 free=256 size=320 ret=0 run=10 sample=10
215214.680 [0] DBG_STACK_SAMPLE_END run=10 sample=10
215214.680 [0] DBG_STACK_RUN_END epoch=8738051580048120749 run=10 kind=anchor_scan owner=anchor_uwb_scan outcome=ack queue=0 custody=0 credit=0 retry=0 drain=0 src=13961775027989293869 dst=11068027678940948070 session=0 seq=0 type=48 samples=1 attempts=1 errors=0 last_error=0 mutex_drops=190 short_drops=1879 sequence=0 previous=0 uptime=57824
215215.012 [0] DBG_ANCHOR_CH5_SCAN_HANDLER role=2
215215.012 [0] DBG_DWM_CH5_RX_HUNT_START acq=5 complete=1000 cap=1020
215215.040 [0] DBG_DWM_CH5_RX_HUNT_EMPTY s=58192 e=58197 sys=00000000 phy=2 state=110 cyc=1906851 rx_us=5249
215215.040 [0] DBG_ANCHOR_CH5_SCAN_RESCHED ret=1 delay=380
215215.420 [0] DBG_ANCHOR_CH5_SCAN_HANDLER role=2
215215.420 [0] DBG_ANCHOR_CH5_SCAN_ARM now=58579 win=5 complete=15 interval=380 wait=0 tx=0 response=0
215215.420 [0] DBG_DWM_CH5_RX_HUNT_START acq=5 complete=1000 cap=1020
215215.420 [0] DBG_DWM_CH5_RX_HUNT_EMPTY s=58585 e=58590 sys=00000000 phy=2 state=110 cyc=1919721 rx_us=5249
215215.420 [0] DBG_ANCHOR_CH5_SCAN_DONE ret=-116 len=0 fail=1 pre=0 q=0 rx_us=5767 complete=1000
215215.420 [0] DBG_ANCHOR_CH5_SCAN_RESCHED ret=1 delay=380
215215.805 [0] DBG_ANCHOR_CH5_SCAN_HANDLER role=2
215215.805 [0] DBG_DWM_CH5_RX_HUNT_START acq=5 complete=1000 cap=1020
215215.805 [0] DBG_DWM_CH5_RX_HUNT_EMPTY s=58978 e=58983 sys=00000000 phy=2 state=110 cyc=1932594 rx_us=5249
215215.805 [0] DBG_ANCHOR_CH5_SCAN_RESCHED ret=1 delay=380
215215.844 [0] DBG_STACK_RUN_BEGIN epoch=8738051580048120749 run=11 kind=anchor_scan owner=anchor_uwb_scan queue=0 custody=0 credit=0 retry=0 drain=0 src=13961775027989293869 dst=11068027678940948070 session=0 seq=0 type=48 sequence=0 previous=0 uptime=58991
215215.844 [0] DBG_STACK_SAMPLE_BEGIN epoch=8738051580048120749 run=11 sample=11 kind=anchor_scan owner=anchor_uwb_scan queue=0 custody=0 credit=0 retry=0 drain=0 src=13961775027989293869 dst=11068027678940948070 session=0 seq=0 type=48 uptime=58992
215215.844 [0] DBG_STACK_ISR_CONFIG size=8192 run=11 sample=11
215215.844 [0] DBG_STACK name=anchor_uwb_scan tid=0x2000cb10 used=7824 free=2160 size=9984 ret=0 run=11 sample=11
215215.844 [0] DBG_STACK name=mesh_route tid=0x2000b140 used=6976 free=2496 size=9472 ret=0 run=11 sample=11
215215.844 [0] DBG_STACK name=sysworkq tid=0x2000da88 used=764 free=4612 size=5376 ret=0 run=11 sample=11
215215.844 [0] DBG_STACK name=logging tid=0x2000cfc8 used=480 free=1568 size=2048 ret=0 run=11 sample=11
215215.844 [0] DBG_STACK name=idle tid=0x2000d858 used=64 free=256 size=320 ret=0 run=11 sample=11
215215.844 [0] DBG_STACK_SAMPLE_END run=11 sample=11
215215.879 [0] DBG_STACK_RUN_END epoch=8738051580048120749 run=11 kind=anchor_scan owner=anchor_uwb_scan outcome=ack queue=0 custody=0 credit=0 retry=0 drain=0 src=13961775027989293869 dst=11068027678940948070 session=0 seq=0 type=48 samples=1 attempts=1 errors=0 last_error=0 mutex_drops=190 short_drops=1879 sequence=0 previous=0 uptime=58995
215216.205 [0] DBG_ANCHOR_CH5_SCAN_HANDLER role=2
215216.205 [0] DBG_DWM_CH5_RX_HUNT_START acq=5 complete=1000 cap=1020
215216.205 [0] DBG_DWM_CH5_RX_HUNT_EMPTY s=59370 e=59375 sys=00000000 phy=2 state=110 cyc=1945461 rx_us=5249
215216.205 [0] DBG_ANCHOR_CH5_SCAN_RESCHED ret=1 delay=380
215216.589 [0] DBG_ANCHOR_CH5_SCAN_HANDLER role=2
215216.589 [0] DBG_ANCHOR_CH5_SCAN_ARM now=59757 win=5 complete=15 interval=380 wait=0 tx=0 response=0
215216.589 [0] DBG_DWM_CH5_RX_HUNT_START acq=5 complete=1000 cap=1020
215216.620 [0] DBG_DWM_CH5_RX_HUNT_EMPTY s=59763 e=59768 sys=00000000 phy=2 state=110 cyc=1958333 rx_us=5249
215216.620 [0] DBG_ANCHOR_CH5_SCAN_DONE ret=-116 len=0 fail=1 pre=0 q=0 rx_us=5767 complete=1000
215216.620 [0] DBG_ANCHOR_CH5_SCAN_RESCHED ret=1 delay=380
215216.974 [0] DBG_ANCHOR_CH5_SCAN_HANDLER role=2
215217.004 [0] DBG_DWM_CH5_RX_HUNT_START acq=5 complete=1000 cap=1020
215217.004 [0] DBG_DWM_CH5_RX_HUNT_EMPTY s=60156 e=60161 sys=00000000 phy=2 state=110 cyc=1971205 rx_us=5340
215217.004 [0] DBG_ANCHOR_CH5_SCAN_RESCHED ret=1 delay=380
215217.004 [0] DBG_STACK_RUN_BEGIN epoch=8738051580048120749 run=12 kind=anchor_scan owner=anchor_uwb_scan queue=0 custody=0 credit=0 retry=0 drain=0 src=13961775027989293869 dst=11068027678940948070 session=0 seq=0 type=48 sequence=0 previous=0 uptime=60170
215217.004 [0] DBG_STACK_SAMPLE_BEGIN epoch=8738051580048120749 run=12 sample=12 kind=anchor_scan owner=anchor_uwb_scan queue=0 custody=0 credit=0 retry=0 drain=0 src=13961775027989293869 dst=11068027678940948070 session=0 seq=0 type=48 uptime=60170
215217.004 [0] DBG_STACK_ISR_CONFIG size=8192 run=12 sample=12
215217.004 [0] DBG_STACK name=anchor_uwb_scan tid=0x2000cb10 used=7824 free=2160 size=9984 ret=0 run=12 sample=12
215217.004 [0] DBG_STACK name=mesh_route tid=0x2000b140 used=6976 free=2496 size=9472 ret=0 run=12 sample=12
215217.004 [0] DBG_STACK name=sysworkq tid=0x2000da88 used=764 free=4612 size=5376 ret=0 run=12 sample=12
215217.043 [0] DBG_STACK name=logging tid=0x2000cfc8 used=480 free=1568 size=2048 ret=0 run=12 sample=12
215217.043 [0] DBG_STACK name=idle tid=0x2000d858 used=64 free=256 size=320 ret=0 run=12 sample=12
215217.043 [0] DBG_STACK_SAMPLE_END run=12 sample=12
215217.043 [0] DBG_STACK_RUN_END epoch=8738051580048120749 run=12 kind=anchor_scan owner=anchor_uwb_scan outcome=ack queue=0 custody=0 credit=0 retry=0 drain=0 src=13961775027989293869 dst=11068027678940948070 session=0 seq=0 type=48 samples=1 attempts=1 errors=0 last_error=0 mutex_drops=190 short_drops=1879 sequence=0 previous=0 uptime=60189
215217.368 [0] DBG_ANCHOR_CH5_SCAN_HANDLER role=2
215217.368 [0] DBG_DWM_CH5_RX_HUNT_START acq=5 complete=1000 cap=1020
215217.393 [0] DBG_DWM_CH5_RX_HUNT_EMPTY s=60549 e=60554 sys=00000000 phy=2 state=110 cyc=1984075 rx_us=5249
215217.393 [0] DBG_ANCHOR_CH5_SCAN_RESCHED ret=1 delay=380
215217.755 [0] DBG_ANCHOR_CH5_SCAN_HANDLER role=2
215217.755 [0] DBG_ANCHOR_CH5_SCAN_ARM now=60935 win=5 complete=15 interval=380 wait=0 tx=0 response=0
215217.781 [0] DBG_DWM_CH5_RX_HUNT_START acq=5 complete=1000 cap=1020
215217.781 [0] DBG_DWM_CH5_RX_HUNT_EMPTY s=60941 e=60947 sys=00000000 phy=2 state=110 cyc=1996947 rx_us=5249
215217.781 [0] DBG_ANCHOR_CH5_SCAN_DONE ret=-116 len=0 fail=1 pre=0 q=0 rx_us=5767 complete=1000
215217.781 [0] DBG_ANCHOR_CH5_SCAN_RESCHED ret=1 delay=380
215218.163 [0] DBG_ANCHOR_CH5_SCAN_HANDLER role=2
215218.163 [0] DBG_DWM_CH5_RX_HUNT_START acq=5 complete=1000 cap=1020
215218.163 [0] DBG_DWM_CH5_RX_HUNT_EMPTY s=61334 e=61340 sys=00000000 phy=2 state=110 cyc=2009820 rx_us=5279
215218.163 [0] DBG_ANCHOR_CH5_SCAN_RESCHED ret=1 delay=380
215218.202 [0] DBG_STACK_RUN_BEGIN epoch=8738051580048120749 run=13 kind=anchor_scan owner=anchor_uwb_scan queue=0 custody=0 credit=0 retry=0 drain=0 src=13961775027989293869 dst=11068027678940948070 session=0 seq=0 type=48 sequence=0 previous=0 uptime=61348
215218.202 [0] DBG_STACK_SAMPLE_BEGIN epoch=8738051580048120749 run=13 sample=13 kind=anchor_scan owner=anchor_uwb_scan queue=0 custody=0 credit=0 retry=0 drain=0 src=13961775027989293869 dst=11068027678940948070 session=0 seq=0 type=48 uptime=61348
215218.202 [0] DBG_STACK_ISR_CONFIG size=8192 run=13 sample=13
215218.202 [0] DBG_STACK name=anchor_uwb_scan tid=0x2000cb10 used=7824 free=2160 size=9984 ret=0 run=13 sample=13
215218.202 [0] DBG_STACK name=mesh_route tid=0x2000b140 used=6976 free=2496 size=9472 ret=0 run=13 sample=13
215218.202 [0] DBG_STACK name=sysworkq tid=0x2000da88 used=764 free=4612 size=5376 ret=0 run=13 sample=13
215218.202 [0] DBG_STACK name=logging tid=0x2000cfc8 used=480 free=1568 size=2048 ret=0 run=13 sample=13
215218.202 [0] DBG_STACK name=idle tid=0x2000d858 used=64 free=256 size=320 ret=0 run=13 sample=13
215218.202 [0] DBG_STACK_SAMPLE_END run=13 sample=13
215218.237 [0] DBG_STACK_RUN_END epoch=8738051580048120749 run=13 kind=anchor_scan owner=anchor_uwb_scan outcome=ack queue=0 custody=0 credit=0 retry=0 drain=0 src=13961775027989293869 dst=11068027678940948070 session=0 seq=0 type=48 samples=1 attempts=1 errors=0 last_error=0 mutex_drops=190 short_drops=1879 sequence=0 previous=0 uptime=61351
215218.542 [0] DBG_ANCHOR_CH5_SCAN_HANDLER role=2
215218.568 [0] DBG_DWM_CH5_RX_HUNT_START acq=5 complete=1000 cap=1020
215218.568 [0] DBG_DWM_CH5_RX_HUNT_EMPTY s=61727 e=61732 sys=00000000 phy=2 state=110 cyc=2022688 rx_us=5249
215218.568 [0] DBG_ANCHOR_CH5_SCAN_RESCHED ret=1 delay=380
215218.948 [0] DBG_ANCHOR_CH5_SCAN_HANDLER role=2
215218.948 [0] DBG_ANCHOR_CH5_SCAN_ARM now=62114 win=5 complete=15 interval=380 wait=0 tx=0 response=0
215218.948 [0] DBG_DWM_CH5_RX_HUNT_START acq=5 complete=1000 cap=1020
215218.948 [0] DBG_DWM_CH5_RX_HUNT_EMPTY s=62120 e=62125 sys=00000000 phy=2 state=110 cyc=2035559 rx_us=5279
215218.948 [0] DBG_ANCHOR_CH5_SCAN_DONE ret=-116 len=0 fail=1 pre=0 q=0 rx_us=5767 complete=1000
215218.948 [0] DBG_ANCHOR_CH5_SCAN_RESCHED ret=1 delay=380
215219.331 [0] DBG_ANCHOR_CH5_SCAN_HANDLER role=2
215219.360 [0] DBG_DWM_CH5_RX_HUNT_START acq=5 complete=1000 cap=1020
215219.360 [0] DBG_DWM_CH5_RX_HUNT_EMPTY s=62513 e=62518 sys=00000000 phy=2 state=110 cyc=2048430 rx_us=5279
215219.360 [0] DBG_ANCHOR_CH5_SCAN_RESCHED ret=1 delay=380
215219.360 [0] DBG_STACK_RUN_BEGIN epoch=8738051580048120749 run=14 kind=anchor_scan owner=anchor_uwb_scan queue=0 custody=0 credit=0 retry=0 drain=0 src=13961775027989293869 dst=11068027678940948070 session=0 seq=0 type=48 sequence=0 previous=0 uptime=62526
215219.360 [0] DBG_STACK_SAMPLE_BEGIN epoch=8738051580048120749 run=14 sample=14 kind=anchor_scan owner=anchor_uwb_scan queue=0 custody=0 credit=0 retry=0 drain=0 src=13961775027989293869 dst=11068027678940948070 session=0 seq=0 type=48 uptime=62527
215219.360 [0] DBG_STACK_ISR_CONFIG size=8192 run=14 sample=14
215219.360 [0] DBG_STACK name=anchor_uwb_scan tid=0x2000cb10 used=7824 free=2160 size=9984 ret=0 run=14 sample=14
215219.360 [0] DBG_STACK name=mesh_route tid=0x2000b140 used=6976 free=2496 size=9472 ret=0 run=14 sample=14
215219.360 [0] DBG_STACK name=sysworkq tid=0x2000da88 used=764 free=4612 size=5376 ret=0 run=14 sample=14
215219.400 [0] DBG_STACK name=logging tid=0x2000cfc8 used=480 free=1568 size=2048 ret=0 run=14 sample=14
215219.400 [0] DBG_STACK name=idle tid=0x2000d858 used=64 free=256 size=320 ret=0 run=14 sample=14
215219.400 [0] DBG_STACK_SAMPLE_END run=14 sample=14
215219.400 [0] DBG_STACK_RUN_END epoch=8738051580048120749 run=14 kind=anchor_scan owner=anchor_uwb_scan outcome=ack queue=0 custody=0 credit=0 retry=0 drain=0 src=13961775027989293869 dst=11068027678940948070 session=0 seq=0 type=48 samples=1 attempts=1 errors=0 last_error=0 mutex_drops=190 short_drops=1879 sequence=0 previous=0 uptime=62544
215219.729 [0] DBG_ANCHOR_CH5_SCAN_HANDLER role=2
215219.729 [0] DBG_DWM_CH5_RX_HUNT_START acq=5 complete=1000 cap=1020
215219.757 [0] DBG_DWM_CH5_RX_HUNT_EMPTY s=62905 e=62911 sys=00000000 phy=2 state=110 cyc=2061298 rx_us=5249
215219.757 [0] DBG_ANCHOR_CH5_SCAN_RESCHED ret=1 delay=380
215220.115 [0] DBG_ANCHOR_CH5_SCAN_HANDLER role=2
215220.115 [0] DBG_ANCHOR_CH5_SCAN_ARM now=63292 win=5 complete=15 interval=380 wait=0 tx=0 response=0
215220.142 [0] DBG_DWM_CH5_RX_HUNT_START acq=5 complete=1000 cap=1020
215220.142 [0] DBG_DWM_CH5_RX_HUNT_EMPTY s=63298 e=63303 sys=00000000 phy=2 state=110 cyc=2074170 rx_us=5249
215220.142 [0] DBG_ANCHOR_CH5_SCAN_DONE ret=-116 len=0 fail=1 pre=0 q=0 rx_us=5767 complete=1000
215220.142 [0] DBG_ANCHOR_CH5_SCAN_RESCHED ret=1 delay=380
215220.526 [0] DBG_ANCHOR_CH5_SCAN_HANDLER role=2
215220.526 [0] DBG_DWM_CH5_RX_HUNT_START acq=5 complete=1000 cap=1020
215220.526 [0] DBG_DWM_CH5_RX_HUNT_EMPTY s=63691 e=63696 sys=00000000 phy=2 state=110 cyc=2087042 rx_us=5340
215220.526 [0] DBG_ANCHOR_CH5_SCAN_RESCHED ret=1 delay=380
215220.526 [0] DBG_STACK_RUN_BEGIN epoch=8738051580048120749 run=15 kind=anchor_scan owner=anchor_uwb_scan queue=0 custody=0 credit=0 retry=0 drain=0 src=13961775027989293869 dst=11068027678940948070 session=0 seq=0 type=48 sequence=0 previous=0 uptime=63705
215220.568 [0] DBG_STACK_SAMPLE_BEGIN epoch=8738051580048120749 run=15 sample=15 kind=anchor_scan owner=anchor_uwb_scan queue=0 custody=0 credit=0 retry=0 drain=0 src=13961775027989293869 dst=11068027678940948070 session=0 seq=0 type=48 uptime=63705
215220.568 [0] DBG_STACK_ISR_CONFIG size=8192 run=15 sample=15
215220.568 [0] DBG_STACK name=anchor_uwb_scan tid=0x2000cb10 used=7824 free=2160 size=9984 ret=0 run=15 sample=15
215220.568 [0] DBG_STACK name=mesh_route tid=0x2000b140 used=6976 free=2496 size=9472 ret=0 run=15 sample=15
215220.568 [0] DBG_STACK name=sysworkq tid=0x2000da88 used=764 free=4612 size=5376 ret=0 run=15 sample=15
215220.568 [0] DBG_STACK name=logging tid=0x2000cfc8 used=480 free=1568 size=2048 ret=0 run=15 sample=15
215220.568 [0] DBG_STACK name=idle tid=0x2000d858 used=64 free=256 size=320 ret=0 run=15 sample=15
215220.568 [0] DBG_STACK_SAMPLE_END run=15 sample=15
215220.601 [0] DBG_STACK_RUN_END epoch=8738051580048120749 run=15 kind=anchor_scan owner=anchor_uwb_scan outcome=ack queue=0 custody=0 credit=0 retry=0 drain=0 src=13961775027989293869 dst=11068027678940948070 session=0 seq=0 type=48 samples=1 attempts=1 errors=0 last_error=0 mutex_drops=190 short_drops=1879 sequence=0 previous=0 uptime=63711
215220.899 [0] DBG_ANCHOR_CH5_SCAN_HANDLER role=2
215220.924 [0] DBG_DWM_CH5_RX_HUNT_START acq=5 complete=1000 cap=1020
215220.924 [0] DBG_DWM_CH5_RX_HUNT_EMPTY s=64084 e=64089 sys=00000000 phy=2 state=110 cyc=2099912 rx_us=5249
215220.924 [0] DBG_ANCHOR_CH5_SCAN_RESCHED ret=1 delay=380
215221.306 [0] DBG_ANCHOR_CH5_SCAN_HANDLER role=2
215221.306 [0] DBG_ANCHOR_CH5_SCAN_ARM now=64470 win=5 complete=15 interval=380 wait=0 tx=0 response=0
215221.306 [0] DBG_DWM_CH5_RX_HUNT_START acq=5 complete=1000 cap=1020
215221.306 [0] DBG_DWM_CH5_RX_HUNT_EMPTY s=64476 e=64482 sys=00000000 phy=2 state=110 cyc=2112782 rx_us=5249
215221.306 [0] DBG_ANCHOR_CH5_SCAN_DONE ret=-116 len=0 fail=1 pre=0 q=0 rx_us=5767 complete=1000
215221.306 [0] DBG_ANCHOR_CH5_SCAN_RESCHED ret=1 delay=380
215221.687 [0] DBG_ANCHOR_CH5_SCAN_HANDLER role=2
215221.722 [0] DBG_DWM_CH5_RX_HUNT_START acq=5 complete=1000 cap=1020
215221.722 [0] DBG_DWM_CH5_RX_HUNT_EMPTY s=64869 e=64875 sys=00000000 phy=2 state=110 cyc=2125654 rx_us=5340
215221.722 [0] DBG_ANCHOR_CH5_SCAN_RESCHED ret=1 delay=380
215221.722 [0] DBG_STACK_RUN_BEGIN epoch=8738051580048120749 run=16 kind=anchor_scan owner=anchor_uwb_scan queue=0 custody=0 credit=0 retry=0 drain=0 src=13961775027989293869 dst=11068027678940948070 session=0 seq=0 type=48 sequence=0 previous=0 uptime=64883
215221.722 [0] DBG_STACK_SAMPLE_BEGIN epoch=8738051580048120749 run=16 sample=16 kind=anchor_scan owner=anchor_uwb_scan queue=0 custody=0 credit=0 retry=0 drain=0 src=13961775027989293869 dst=11068027678940948070 session=0 seq=0 type=48 uptime=64883
215221.722 [0] DBG_STACK_ISR_CONFIG size=8192 run=16 sample=16
215221.722 [0] DBG_STACK name=anchor_uwb_scan tid=0x2000cb10 used=7824 free=2160 size=9984 ret=0 run=16 sample=16
215221.722 [0] DBG_STACK name=mesh_route tid=0x2000b140 used=6976 free=2496 size=9472 ret=0 run=16 sample=16
215221.722 [0] DBG_STACK name=sysworkq tid=0x2000da88 used=764 free=4612 size=5376 ret=0 run=16 sample=16
215221.766 [0] DBG_STACK name=logging tid=0x2000cfc8 used=480 free=1568 size=2048 ret=0 run=16 sample=16
215221.766 [0] DBG_STACK name=idle tid=0x2000d858 used=64 free=256 size=320 ret=0 run=16 sample=16
215221.766 [0] DBG_STACK_SAMPLE_END run=16 sample=16
215221.766 [0] DBG_STACK_RUN_END epoch=8738051580048120749 run=16 kind=anchor_scan owner=anchor_uwb_scan outcome=ack queue=0 custody=0 credit=0 retry=0 drain=0 src=13961775027989293869 dst=11068027678940948070 session=0 seq=0 type=48 samples=1 attempts=1 errors=0 last_error=0 mutex_drops=190 short_drops=1879 sequence=0 previous=0 uptime=64907
215222.091 [0] DBG_ANCHOR_CH5_SCAN_HANDLER role=2
215222.091 [0] DBG_DWM_CH5_RX_HUNT_START acq=5 complete=1000 cap=1020
215222.091 [0] DBG_DWM_CH5_RX_HUNT_EMPTY s=65262 e=65267 sys=00000000 phy=2 state=110 cyc=2138525 rx_us=5249
215222.091 [0] DBG_ANCHOR_CH5_SCAN_RESCHED ret=1 delay=380
215222.477 [0] DBG_ANCHOR_CH5_SCAN_HANDLER role=2
215222.477 [0] DBG_ANCHOR_CH5_SCAN_ARM now=65649 win=5 complete=15 interval=380 wait=0 tx=0 response=0
215222.477 [0] DBG_DWM_CH5_RX_HUNT_START acq=5 complete=1000 cap=1020
215222.511 [0] DBG_DWM_CH5_RX_HUNT_EMPTY s=65655 e=65660 sys=00000000 phy=2 state=110 cyc=2151397 rx_us=5249
215222.511 [0] DBG_ANCHOR_CH5_SCAN_DONE ret=-116 len=0 fail=1 pre=0 q=0 rx_us=5798 complete=1000
215222.511 [0] DBG_ANCHOR_CH5_SCAN_RESCHED ret=1 delay=380
215222.870 [0] DBG_ANCHOR_CH5_SCAN_HANDLER role=2
215222.870 [0] DBG_DWM_CH5_RX_HUNT_START acq=5 complete=1000 cap=1020
215222.907 [0] DBG_DWM_CH5_RX_HUNT_EMPTY s=66048 e=66053 sys=00000000 phy=2 state=110 cyc=2164269 rx_us=5279
215222.907 [0] DBG_ANCHOR_CH5_SCAN_RESCHED ret=1 delay=380
215222.907 [0] DBG_STACK_RUN_BEGIN epoch=8738051580048120749 run=17 kind=anchor_scan owner=anchor_uwb_scan queue=0 custody=0 credit=0 retry=0 drain=0 src=13961775027989293869 dst=11068027678940948070 session=0 seq=0 type=48 sequence=0 previous=0 uptime=66062
215222.907 [0] DBG_STACK_SAMPLE_BEGIN epoch=8738051580048120749 run=17 sample=17 kind=anchor_scan owner=anchor_uwb_scan queue=0 custody=0 credit=0 retry=0 drain=0 src=13961775027989293869 dst=11068027678940948070 session=0 seq=0 type=48 uptime=66062
215222.907 [0] DBG_STACK_ISR_CONFIG size=8192 run=17 sample=17
215222.907 [0] DBG_STACK name=anchor_uwb_scan tid=0x2000cb10 used=7824 free=2160 size=9984 ret=0 run=17 sample=17
215222.907 [0] DBG_STACK name=mesh_route tid=0x2000b140 used=6976 free=2496 size=9472 ret=0 run=17 sample=17
215222.907 [0] DBG_STACK name=sysworkq tid=0x2000da88 used=764 free=4612 size=5376 ret=0 run=17 sample=17
215222.951 [0] DBG_STACK name=logging tid=0x2000cfc8 used=480 free=1568 size=2048 ret=0 run=17 sample=17
215222.951 [0] DBG_STACK name=idle tid=0x2000d858 used=64 free=256 size=320 ret=0 run=17 sample=17
215222.951 [0] DBG_STACK_SAMPLE_END run=17 sample=17
215222.951 [0] DBG_STACK_RUN_END epoch=8738051580048120749 run=17 kind=anchor_scan owner=anchor_uwb_scan outcome=ack queue=0 custody=0 credit=0 retry=0 drain=0 src=13961775027989293869 dst=11068027678940948070 session=0 seq=0 type=48 samples=1 attempts=1 errors=0 last_error=0 mutex_drops=190 short_drops=1879 sequence=0 previous=0 uptime=66092
215223.270 [0] DBG_ANCHOR_CH5_SCAN_HANDLER role=2
215223.270 [0] DBG_DWM_CH5_RX_HUNT_START acq=5 complete=1000 cap=1020
215223.270 [0] DBG_DWM_CH5_RX_HUNT_EMPTY s=66440 e=66446 sys=00000000 phy=2 state=110 cyc=2177137 rx_us=5249
215223.270 [0] DBG_ANCHOR_CH5_SCAN_RESCHED ret=1 delay=380
215223.657 [0] DBG_ANCHOR_CH5_SCAN_HANDLER role=2
215223.657 [0] DBG_ANCHOR_CH5_SCAN_ARM now=66827 win=5 complete=15 interval=380 wait=0 tx=0 response=0
215223.657 [0] DBG_DWM_CH5_RX_HUNT_START acq=5 complete=1000 cap=1020
215223.694 [0] DBG_DWM_CH5_RX_HUNT_EMPTY s=66833 e=66838 sys=00000000 phy=2 state=110 cyc=2190009 rx_us=5249
215223.694 [0] DBG_ANCHOR_CH5_SCAN_DONE ret=-116 len=0 fail=1 pre=0 q=0 rx_us=5767 complete=1000
215223.694 [0] DBG_ANCHOR_CH5_SCAN_RESCHED ret=1 delay=380
215224.053 [0] DBG_ANCHOR_CH5_SCAN_HANDLER role=2
215224.053 [0] DBG_DWM_CH5_RX_HUNT_START acq=5 complete=1000 cap=1020
215224.053 [0] DBG_DWM_CH5_RX_HUNT_EMPTY s=67226 e=67231 sys=00000000 phy=2 state=110 cyc=2202882 rx_us=5249
215224.053 [0] DBG_ANCHOR_CH5_SCAN_RESCHED ret=1 delay=380
215224.093 [0] DBG_STACK_RUN_BEGIN epoch=8738051580048120749 run=18 kind=anchor_scan owner=anchor_uwb_scan queue=0 custody=0 credit=0 retry=0 drain=0 src=13961775027989293869 dst=11068027678940948070 session=0 seq=0 type=48 sequence=0 previous=0 uptime=67240
215224.093 [0] DBG_STACK_SAMPLE_BEGIN epoch=8738051580048120749 run=18 sample=18 kind=anchor_scan owner=anchor_uwb_scan queue=0 custody=0 credit=0 retry=0 drain=0 src=13961775027989293869 dst=11068027678940948070 session=0 seq=0 type=48 uptime=67240
215224.093 [0] DBG_STACK_ISR_CONFIG size=8192 run=18 sample=18
215224.093 [0] DBG_STACK name=anchor_uwb_scan tid=0x2000cb10 used=7824 free=2160 size=9984 ret=0 run=18 sample=18
215224.093 [0] DBG_STACK name=mesh_route tid=0x2000b140 used=6976 free=2496 size=9472 ret=0 run=18 sample=18
215224.093 [0] DBG_STACK name=sysworkq tid=0x2000da88 used=764 free=4612 size=5376 ret=0 run=18 sample=18
215224.093 [0] DBG_STACK name=logging tid=0x2000cfc8 used=480 free=1568 size=2048 ret=0 run=18 sample=18
215224.093 [0] DBG_STACK name=idle tid=0x2000d858 used=64 free=256 size=320 ret=0 run=18 sample=18
215224.093 [0] DBG_STACK_SAMPLE_END run=18 sample=18
215224.135 [0] DBG_STACK_RUN_END epoch=8738051580048120749 run=18 kind=anchor_scan owner=anchor_uwb_scan outcome=ack queue=0 custody=0 credit=0 retry=0 drain=0 src=13961775027989293869 dst=11068027678940948070 session=0 seq=0 type=48 samples=1 attempts=1 errors=0 last_error=0 mutex_drops=190 short_drops=1879 sequence=0 previous=0 uptime=67243
215224.453 [0] DBG_ANCHOR_CH5_SCAN_HANDLER role=2
215224.453 [0] DBG_DWM_CH5_RX_HUNT_START acq=5 complete=1000 cap=1020
215224.453 [0] DBG_DWM_CH5_RX_HUNT_EMPTY s=67619 e=67624 sys=00000000 phy=2 state=110 cyc=2215749 rx_us=5249
215224.453 [0] DBG_ANCHOR_CH5_SCAN_RESCHED ret=1 delay=380
215224.842 [0] DBG_ANCHOR_CH5_SCAN_HANDLER role=2
215224.842 [0] DBG_ANCHOR_CH5_SCAN_ARM now=68006 win=5 complete=15 interval=380 wait=0 tx=0 response=0
215224.842 [0] DBG_DWM_CH5_RX_HUNT_START acq=5 complete=1000 cap=1020
215224.842 [0] DBG_DWM_CH5_RX_HUNT_EMPTY s=68012 e=68017 sys=00000000 phy=2 state=110 cyc=2228621 rx_us=5249
215224.842 [0] DBG_ANCHOR_CH5_SCAN_DONE ret=-116 len=0 fail=1 pre=0 q=0 rx_us=5767 complete=1000
215224.842 [0] DBG_ANCHOR_CH5_SCAN_RESCHED ret=1 delay=380
215225.232 [0] DBG_ANCHOR_CH5_SCAN_HANDLER role=2
215225.232 [0] DBG_DWM_CH5_RX_HUNT_START acq=5 complete=1000 cap=1020
215225.232 [0] DBG_DWM_CH5_RX_HUNT_EMPTY s=68404 e=68410 sys=00000000 phy=2 state=110 cyc=2241494 rx_us=5249
215225.232 [0] DBG_ANCHOR_CH5_SCAN_RESCHED ret=1 delay=380
215225.277 [0] DBG_STACK_RUN_BEGIN epoch=8738051580048120749 run=19 kind=anchor_scan owner=anchor_uwb_scan queue=0 custody=0 credit=0 retry=0 drain=0 src=13961775027989293869 dst=11068027678940948070 session=0 seq=0 type=48 sequence=0 previous=0 uptime=68418
215225.277 [0] DBG_STACK_SAMPLE_BEGIN epoch=8738051580048120749 run=19 sample=19 kind=anchor_scan owner=anchor_uwb_scan queue=0 custody=0 credit=0 retry=0 drain=0 src=13961775027989293869 dst=11068027678940948070 session=0 seq=0 type=48 uptime=68419
215225.277 [0] DBG_STACK_ISR_CONFIG size=8192 run=19 sample=19
215225.277 [0] DBG_STACK name=anchor_uwb_scan tid=0x2000cb10 used=7824 free=2160 size=9984 ret=0 run=19 sample=19
215225.277 [0] DBG_STACK name=mesh_route tid=0x2000b140 used=6976 free=2496 size=9472 ret=0 run=19 sample=19
215225.277 [0] DBG_STACK name=sysworkq tid=0x2000da88 used=764 free=4612 size=5376 ret=0 run=19 sample=19
215225.277 [0] DBG_STACK name=logging tid=0x2000cfc8 used=480 free=1568 size=2048 ret=0 run=19 sample=19
215225.277 [0] DBG_STACK name=idle tid=0x2000d858 used=64 free=256 size=320 ret=0 run=19 sample=19
215225.277 [0] DBG_STACK_SAMPLE_END run=19 sample=19
215225.317 [0] DBG_STACK_RUN_END epoch=8738051580048120749 run=19 kind=anchor_scan owner=anchor_uwb_scan outcome=ack queue=0 custody=0 credit=0 retry=0 drain=0 src=13961775027989293869 dst=11068027678940948070 session=0 seq=0 type=48 samples=1 attempts=1 errors=0 last_error=0 mutex_drops=190 short_drops=1879 sequence=0 previous=0 uptime=68421
