[34m0000465[0m [36mI[0m Target type is nrf52833 [2m[board][0m
[34m0000483[0m [36mI[0m Performing connect pre-reset [2m[coresight_target][0m
[34m0000688[0m [36mI[0m DP IDR = 0x2ba01477 (v1 rev2) [2m[dap][0m
[34m0000694[0m [36mI[0m AHB-AP#0 IDR = 0x24770011 (AHB-AP var1 rev2) [2m[discovery][0m
[34m0000695[0m [36mI[0m AP#1 IDR = 0x02880000 (AP var0 rev0) [2m[discovery][0m
[34m0000695[0m [36mI[0m NRF52833 not in secure state [2m[target_nRF52][0m
[34m0000698[0m [36mI[0m AHB-AP#0 Class 0x1 ROM table #0 @ 0xe00ff000 (designer=244 part=00d) [2m[rom_table][0m
[34m0000701[0m [36mI[0m [0]<e000e000:SCS v7-M class=14 designer=43b:Arm part=00c> [2m[rom_table][0m
[34m0000702[0m [36mI[0m [1]<e0001000:DWT v7-M class=14 designer=43b:Arm part=002> [2m[rom_table][0m
[34m0000704[0m [36mI[0m [2]<e0002000:FPB v7-M class=14 designer=43b:Arm part=003> [2m[rom_table][0m
[34m0000705[0m [36mI[0m [3]<e0000000:ITM v7-M class=14 designer=43b:Arm part=001> [2m[rom_table][0m
[34m0000708[0m [36mI[0m [4]<e0040000:TPIU M4 class=9 designer=43b:Arm part=9a1 devtype=11 archid=0000 devid=ca1:0:0> [2m[rom_table][0m
[34m0000710[0m [36mI[0m [5]<e0041000:ETM M4 class=9 designer=43b:Arm part=925 devtype=13 archid=0000 devid=0:0:0> [2m[rom_table][0m
[34m0000714[0m [36mI[0m CPU core #0: Cortex-M4 r0p1, v7.0-M architecture [2m[cortex_m][0m
[34m0000714[0m [36mI[0m   Extensions: [DSP, FPU, FPU_V4, MPU] [2m[cortex_m][0m
[34m0000714[0m [36mI[0m   FPU present: FPv4-SP-D16-M [2m[cortex_m][0m
[34m0000716[0m [36mI[0m This appears to be an nRF52833 AA B0 [2m[target_nRF52][0m
[34m0000721[0m [36mI[0m 4 hardware watchpoints [2m[dwt][0m
[34m0000722[0m [36mI[0m 6 hardware breakpoints, 4 literal comparators [2m[fpb][0m
[34m0000741[0m [36mI[0m 3 up channels and 3 down channels found [2m[rtt_cmd][0m
[34m0000741[0m [36mI[0m Reading from up channel 0 ("Terminal") [2m[rtt_cmd][0m
[34m0000743[0m [36mI[0m Writing to down channel 0 ("Terminal") [2m[rtt_cmd][0m
DBG_ANCHOR_CH5_SCAN_HANDLER role=2
DBG_ANCHOR_CH5_SCAN_ARM now=302391 win=3 complete=15 interval=380 wait=0 tx=0 response=0
DBG_DWM_INVALIDATE tag=configure_radio_from_reset active_phy=2 configured=1 awake=0
DBG_DWM_MARK_UNCONFIGURED tag=initialise_radio prev_phy=0
DBG_DWM_CH5_RX_HUNT_START acq=3 complete=15 cap=1021
DBG_DWM_CH5_RX_HUNT_EMPTY ret=-116 status=0x00000000 acq=3
DBG_ANCHOR_CH5_SCAN_DONE ret=-116 len=0 fail=1 pre=0 q=0 rx_us=3662 complete=15
DBG_ANCHOR_CH5_SCAN_RESCHED ret=1 delay=380
DBG_ANCHOR_CH5_SCAN_HANDLER role=2
DBG_DWM_INVALIDATE tag=configure_radio_from_reset active_phy=2 configured=1 awake=0
DBG_DWM_MARK_UNCONFIGURED tag=initialise_radio prev_phy=0
DBG_DWM_CH5_RX_HUNT_START acq=3 complete=15 cap=1021
DBG_DWM_CH5_RX_HUNT_EMPTY ret=-116 status=0x00000000 acq=3
DBG_ANCHOR_CH5_SCAN_RESCHED ret=1 delay=380
DBG_ANCHOR_CH5_SCAN_HANDLER role=2
DBG_DWM_INVALIDATE tag=configure_radio_from_reset active_phy=2 configured=1 awake=0
DBG_DWM_MARK_UNCONFIGURED tag=initialise_radio prev_phy=0
DBG_ANCHOR_CH5_SCAN_HANDLER role=2
DBG_DWM_INVALIDATE tag=configure_radio_from_reset active_phy=2 configured=1 awake=0
DBG_DWM_MARK_UNCONFIGURED tag=initialise_radio prev_phy=0
DBG_DWM_CH5_RX_HUNT_START acq=3 complete=15 cap=1021
DBG_DWM_CH5_RX_HUNT_EMPTY ret=-116 status=0x00000000 acq=3
DBG_ANCHOR_CH5_SCAN_RESCHED ret=1 delay=380
DBG_ANCHOR_CH5_SCAN_HANDLER role=2
DBG_DWM_INVALIDATE tag=configure_radio_from_reset active_phy=2 configured=1 awake=0
DBG_DWM_MARK_UNCONFIGURED tag=initialise_radio prev_phy=0
DBG_DWM_CH5_RX_HUNT_START acq=3 complete=15 cap=1021
DBG_DWM_CH5_RX_HUNT_EMPTY ret=-116 status=0x00000000 acq=3
DBG_ANCHOR_CH5_SCAN_RESCHED ret=1 delay=380
DBG_ANCHOR_CH5_SCAN_HANDLER role=2
DBG_ANCHOR_CH5_SCAN_ARM now=307273 win=3 complete=15 interval=380 wait=0 tx=0 response=0
DBG_DWM_INVALIDATE tag=configure_radio_from_reset active_phy=2 configured=1 awake=0
DBG_DWM_MARK_UNCONFIGURED tag=initialise_radio prev_phy=0
DBG_DWM_CH5_RX_HUNT_START acq=3 complete=15 cap=1021
DBG_DWM_CH5_RX_HUNT_EMPTY ret=-116 status=0x00000000 acq=3
DBG_ANCHOR_CH5_SCAN_DONE ret=-116 len=0 fail=1 pre=0 q=0 rx_us=4028 complete=15
DBG_ANCHOR_CH5_SCAN_RESCHED ret=1 delay=380
DBG_ANCHOR_CH5_SCAN_HANDLER role=2
DBG_DWM_INVALIDATE tag=configure_radio_from_reset active_phy=2 configured=1 awake=0
DBG_DWM_MARK_UNCONFIGURED tag=initialise_radio prev_phy=0
DBG_DWM_CH5_RX_HUNT_START acq=3 complete=15 cap=1021
DBG_DWM_CH5_RX_HUNT_EMPTY ret=-116 status=0x00000000 acq=3
DBG_ANCHOR_CH5_SCAN_RESCHED ret=1 delay=380
DBG_ANCHOR_CH5_SCAN_HANDLER role=2
DBG_DWM_INVALIDATE tag=configure_radio_from_reset active_phy=2 configured=1 awake=0
DBG_DWM_MARK_UNCONFIGURED tag=initialise_radio prev_phy=0
DBG_DWM_CH5_RX_HUNT_START acq=3 complete=15 cap=1021
DBG_DWM_CH5_RX_HUNT_EMPTY ret=-116 status=0x00000000 acq=3
DBG_ANCHOR_CH5_SCAN_RESCHED ret=1 delay=380
DBG_ANCHOR_CH5_SCAN_HANDLER role=2
DBG_ANCHOR_CH5_SCAN_ARM now=308492 win=3 complete=15 interval=380 wait=0 tx=0 response=0
DBG_DWM_INVALIDATE tag=configure_radio_from_reset active_phy=2 configured=1 awake=0
DBG_DWM_MARK_UNCONFIGURED tag=initialise_radio prev_phy=0
DBG_DWM_CH5_RX_HUNT_START acq=3 complete=15 cap=1021
DBG_DWM_CH5_RX_HUNT_EMPTY ret=-116 status=0x00000000 acq=3
DBG_ANCHOR_CH5_SCAN_DONE ret=-116 len=0 fail=1 pre=0 q=0 rx_us=3845 complete=15
DBG_ANCHOR_CH5_SCAN_RESCHED ret=1 delay=380
DBG_ANCHOR_CH5_SCAN_HANDLER role=2
DBG_DWM_INVALIDATE tag=configure_radio_from_reset active_phy=2 configured=1 awake=0
DBG_DWM_MARK_UNCONFIGURED tag=initialise_radio prev_phy=0
DBG_DWM_CH5_RX_HUNT_START acq=3 complete=15 cap=1021
DBG_DWM_CH5_RX_HUNT_EMPTY ret=-116 status=0x00000000 acq=3
DBG_ANCHOR_CH5_SCAN_RESCHED ret=1 delay=380
DBG_ANCHOR_CH5_SCAN_HANDLER role=2
DBG_DWM_INVALIDATE tag=configure_radio_from_reset active_phy=2 configured=1 awake=0
DBG_DWM_MARK_UNCONFIGURED tag=initialise_radio prev_phy=0
DBG_DWM_CH5_RX_HUNT_START acq=3 complete=15 cap=1021
DBG_DWM_CH5_RX_HUNT_EMPTY ret=-116 status=0x00000000 acq=3
DBG_ANCHOR_CH5_SCAN_RESCHED ret=1 delay=380
DBG_ANCHOR_CH5_SCAN_HANDLER role=2
DBG_ANCHOR_CH5_SCAN_ARM now=309713 win=3 complete=15 interval=380 wait=0 tx=0 response=0
DBG_DWM_INVALIDATE tag=configure_radio_from_reset active_phy=2 configured=1 awake=0
DBG_DWM_MARK_UNCONFIGURED tag=initialise_radio prev_phy=0
DBG_DWM_CH5_RX_HUNT_START acq=3 complete=15 cap=1021
DBG_DWM_CH5_RX_HUNT_EMPTY ret=-116 status=0x00000000 acq=3
DBG_ANCHOR_CH5_SCAN_DONE ret=-116 len=0 fail=1 pre=0 q=0 rx_us=3845 complete=15
DBG_ANCHOR_CH5_SCAN_RESCHED ret=1 delay=380
DBG_ANCHOR_CH5_SCAN_HANDLER role=2
DBG_DWM_INVALIDATE tag=configure_radio_from_reset active_phy=2 configured=1 awake=0
DBG_DWM_MARK_UNCONFIGURED tag=initialise_radio prev_phy=0
DBG_DWM_CH5_RX_HUNT_START acq=3 complete=15 cap=1021
DBG_DWM_CH5_RX_HUNT_EMPTY ret=-116 status=0x00000000 acq=3
DBG_ANCHOR_CH5_SCAN_RESCHED ret=1 delay=380
DBG_ANCHOR_CH5_SCAN_HANDLER role=2
DBG_DWM_INVALIDATE tag=configure_radio_from_reset active_phy=2 configured=1 awake=0
DBG_DWM_MARK_UNCONFIGURED tag=initialise_radio prev_phy=0
DBG_DWM_CH5_RX_HUNT_START acq=3 complete=15 cap=1021
DBG_DWM_CH5_RX_HUNT_EMPTY ret=-116 status=0x00000000 acq=3
DBG_ANCHOR_CH5_SCAN_RESCHED ret=1 delay=380
DBG_ANCHOR_CH5_SCAN_HANDLER role=2
DBG_ANCHOR_CH5_SCAN_ARM now=310933 win=3 complete=15 interval=380 wait=0 tx=0 response=0
DBG_DWM_INVALIDATE tag=configure_radio_from_reset active_phy=2 configured=1 awake=0
DBG_DWM_MARK_UNCONFIGURED tag=initialise_radio prev_phy=0
DBG_DWM_CH5_RX_HUNT_START acq=3 complete=15 cap=1021
DBG_DWM_CH5_RX_HUNT_EMPTY ret=-116 status=0x00000000 acq=3
DBG_ANCHOR_CH5_SCAN_DONE ret=-116 len=0 fail=1 pre=0 q=0 rx_us=3845 complete=15
DBG_ANCHOR_CH5_SCAN_RESCHED ret=1 delay=380
DBG_ANCHOR_CH5_SCAN_HANDLER role=2
DBG_DWM_INVALIDATE tag=configure_radio_from_reset active_phy=2 configured=1 awake=0
DBG_DWM_MARK_UNCONFIGURED tag=initialise_radio prev_phy=0
DBG_DWM_CH5_RX_HUNT_START acq=3 complete=15 cap=1021
DBG_DWM_CH5_RX_HUNT_EMPTY ret=-116 status=0x00000000 acq=3
DBG_ANCHOR_CH5_SCAN_RESCHED ret=1 delay=380
DBG_ANCHOR_CH5_SCAN_HANDLER role=2
DBG_DWM_INVALIDATE tag=configure_radio_from_reset active_phy=2 configured=1 awake=0
DBG_DWM_MARK_UNCONFIGURED tag=initialise_radio prev_phy=0
DBG_DWM_CH5_RX_HUNT_START acq=3 complete=15 cap=1021
DBG_DWM_CH5_RX_HUNT_EMPTY ret=-116 status=0x00000000 acq=3
DBG_ANCHOR_CH5_SCAN_RESCHED ret=1 delay=380
DBG_ANCHOR_CH5_SCAN_HANDLER role=2
DBG_ANCHOR_CH5_SCAN_ARM now=312154 win=3 complete=15 interval=380 wait=0 tx=0 response=0
DBG_DWM_INVALIDATE tag=configure_radio_from_reset active_phy=2 configured=1 awake=0
DBG_DWM_MARK_UNCONFIGURED tag=initialise_radio prev_phy=0
DBG_DWM_CH5_RX_HUNT_START acq=3 complete=15 cap=1021
DBG_DWM_CH5_RX_HUNT_EMPTY ret=-116 status=0x00000000 acq=3
DBG_ANCHOR_CH5_SCAN_DONE ret=-116 len=0 fail=1 pre=0 q=0 rx_us=3509 complete=15
DBG_ANCHOR_CH5_SCAN_RESCHED ret=1 delay=380
DBG_ANCHOR_CH5_SCAN_HANDLER role=2
DBG_DWM_INVALIDATE tag=configure_radio_from_reset active_phy=2 configured=1 awake=0
DBG_DWM_MARK_UNCONFIGURED tag=initialise_radio prev_phy=0
DBG_DWM_CH5_RX_HUNT_START acq=3 complete=15 cap=1021
DBG_DWM_CH5_RX_HUNT_EMPTY ret=-116 status=0x00000000 acq=3
DBG_ANCHOR_CH5_SCAN_RESCHED ret=1 delay=380
DBG_ANCHOR_CH5_SCAN_HANDLER role=2
DBG_DWM_INVALIDATE tag=configure_radio_from_reset active_phy=2 configured=1 awake=0
DBG_DWM_MARK_UNCONFIGURED tag=initialise_radio prev_phy=0
DBG_DWM_CH5_RX_HUNT_START acq=3 complete=15 cap=1021
DBG_DWM_CH5_RX_HUNT_EMPTY ret=-116 status=0x00000000 acq=3
DBG_ANCHOR_CH5_SCAN_RESCHED ret=1 delay=380
DBG_ANCHOR_CH5_SCAN_HANDLER role=2
DBG_ANCHOR_CH5_SCAN_ARM now=313374 win=3 complete=15 interval=380 wait=0 tx=0 response=0
DBG_DWM_INVALIDATE tag=configure_radio_from_reset active_phy=2 configured=1 awake=0
DBG_DWM_MARK_UNCONFIGURED tag=initialise_radio prev_phy=0
DBG_DWM_CH5_RX_HUNT_START acq=3 complete=15 cap=1021
DBG_DWM_CH5_RX_HUNT_EMPTY ret=-116 status=0x00000000 acq=3
DBG_ANCHOR_CH5_SCAN_DONE ret=-116 len=0 fail=1 pre=0 q=0 rx_us=3845 complete=15
DBG_ANCHOR_CH5_SCAN_RESCHED ret=1 delay=380
DBG_ANCHOR_CH5_SCAN_HANDLER role=2
DBG_DWM_INVALIDATE tag=configure_radio_from_reset active_phy=2 configured=1 awake=0
DBG_DWM_MARK_UNCONFIGURED tag=initialise_radio prev_phy=0
DBG_DWM_CH5_RX_HUNT_START acq=3 complete=15 cap=1021
DBG_DWM_CH5_RX_HUNT_EMPTY ret=-116 status=0x00000000 acq=3
DBG_ANCHOR_CH5_SCAN_RESCHED ret=1 delay=380
DBG_ANCHOR_CH5_SCAN_HANDLER role=2
DBG_DWM_INVALIDATE tag=configure_radio_from_reset active_phy=2 configured=1 awake=0
DBG_DWM_MARK_UNCONFIGURED tag=initialise_radio prev_phy=0
DBG_DWM_CH5_RX_HUNT_START acq=3 complete=15 cap=1021
DBG_DWM_CH5_RX_HUNT_EMPTY ret=-116 status=0x00000000 acq=3
DBG_ANCHOR_CH5_SCAN_RESCHED ret=1 delay=380
DBG_ANCHOR_CH5_SCAN_HANDLER role=2
DBG_ANCHOR_CH5_SCAN_ARM now=314594 win=3 complete=15 interval=380 wait=0 tx=0 response=0
DBG_DWM_INVALIDATE tag=configure_radio_from_reset active_phy=2 configured=1 awake=0
DBG_DWM_MARK_UNCONFIGURED tag=initialise_radio prev_phy=0
DBG_DWM_CH5_RX_HUNT_START acq=3 complete=15 cap=1021
DBG_DWM_CH5_RX_HUNT_EMPTY ret=-116 status=0x00000000 acq=3
DBG_ANCHOR_CH5_SCAN_DONE ret=-116 len=0 fail=1 pre=0 q=0 rx_us=3845 complete=15
DBG_ANCHOR_CH5_SCAN_RESCHED ret=1 delay=380
DBG_ANCHOR_CH5_SCAN_HANDLER role=2
DBG_DWM_INVALIDATE tag=configure_radio_from_reset active_phy=2 configured=1 awake=0
DBG_DWM_MARK_UNCONFIGURED tag=initialise_radio prev_phy=0
DBG_DWM_CH5_RX_HUNT_START acq=3 complete=15 cap=1021
DBG_DWM_CH5_RX_HUNT_EMPTY ret=-116 status=0x00000000 acq=3
DBG_ANCHOR_CH5_SCAN_RESCHED ret=1 delay=380
DBG_ANCHOR_CH5_SCAN_HANDLER role=2
DBG_DWM_INVALIDATE tag=configure_radio_from_reset active_phy=2 configured=1 awake=0
DBG_DWM_MARK_UNCONFIGURED tag=initialise_radio prev_phy=0
DBG_DWM_CH5_RX_HUNT_START acq=3 complete=15 cap=1021
DBG_DWM_CH5_RX_HUNT_EMPTY ret=-116 status=0x00000000 acq=3
DBG_ANCHOR_CH5_SCAN_RESCHED ret=1 delay=380
DBG_ANCHOR_CH5_SCAN_HANDLER role=2
DBG_ANCHOR_CH5_SCAN_ARM now=315815 win=3 complete=15 interval=380 wait=0 tx=0 response=0
DBG_DWM_INVALIDATE tag=configure_radio_from_reset active_phy=2 configured=1 awake=0
DBG_DWM_MARK_UNCONFIGURED tag=initialise_radio prev_phy=0
DBG_DWM_CH5_RX_HUNT_START acq=3 complete=15 cap=1021
DBG_DWM_CH5_RX_HUNT_EMPTY ret=-116 status=0x00000000 acq=3
DBG_ANCHOR_CH5_SCAN_DONE ret=-116 len=0 fail=1 pre=0 q=0 rx_us=3845 complete=15
DBG_ANCHOR_CH5_SCAN_RESCHED ret=1 delay=380
DBG_ANCHOR_CH5_SCAN_HANDLER role=2
DBG_DWM_INVALIDATE tag=configure_radio_from_reset active_phy=2 configured=1 awake=0
DBG_DWM_MARK_UNCONFIGURED tag=initialise_radio prev_phy=0
DBG_DWM_CH5_RX_HUNT_START acq=3 complete=15 cap=1021
DBG_DWM_CH5_RX_HUNT_EMPTY ret=-116 status=0x00000000 acq=3
DBG_ANCHOR_CH5_SCAN_RESCHED ret=1 delay=380
DBG_ANCHOR_CH5_SCAN_HANDLER role=2
DBG_DWM_INVALIDATE tag=configure_radio_from_reset active_phy=2 configured=1 awake=0
DBG_DWM_MARK_UNCONFIGURED tag=initialise_radio prev_phy=0
DBG_DWM_CH5_RX_HUNT_START acq=3 complete=15 cap=1021
DBG_DWM_CH5_RX_HUNT_EMPTY ret=-116 status=0x00000000 acq=3
DBG_ANCHOR_CH5_SCAN_RESCHED ret=1 delay=380
DBG_ANCHOR_CH5_SCAN_HANDLER role=2
DBG_ANCHOR_CH5_SCAN_ARM now=317035 win=3 complete=15 interval=380 wait=0 tx=0 response=0
DBG_DWM_INVALIDATE tag=configure_radio_from_reset active_phy=2 configured=1 awake=0
DBG_DWM_MARK_UNCONFIGURED tag=initialise_radio prev_phy=0
DBG_DWM_CH5_RX_HUNT_START acq=3 complete=15 cap=1021
DBG_DWM_CH5_RX_HUNT_EMPTY ret=-116 status=0x00000000 acq=3
DBG_ANCHOR_CH5_SCAN_DONE ret=-116 len=0 fail=1 pre=0 q=0 rx_us=3143 complete=15
DBG_ANCHOR_CH5_SCAN_RESCHED ret=1 delay=380
DBG_ANCHOR_CH5_SCAN_HANDLER role=2
DBG_DWM_INVALIDATE tag=configure_radio_from_reset active_phy=2 configured=1 awake=0
DBG_DWM_MARK_UNCONFIGURED tag=initialise_radio prev_phy=0
DBG_DWM_CH5_RX_HUNT_START acq=3 complete=15 cap=1021
DBG_DWM_CH5_RX_HUNT_EMPTY ret=-116 status=0x00000000 acq=3
DBG_ANCHOR_CH5_SCAN_RESCHED ret=1 delay=380
DBG_ANCHOR_CH5_SCAN_HANDLER role=2
DBG_DWM_INVALIDATE tag=configure_radio_from_reset active_phy=2 configured=1 awake=0
DBG_DWM_MARK_UNCONFIGURED tag=initialise_radio prev_phy=0
DBG_DWM_CH5_RX_HUNT_START acq=3 complete=15 cap=1021
DBG_DWM_CH5_RX_HUNT_EMPTY ret=-116 status=0x00000000 acq=3
DBG_ANCHOR_CH5_SCAN_RESCHED ret=1 delay=380
DBG_ANCHOR_CH5_SCAN_HANDLER role=2
DBG_ANCHOR_CH5_SCAN_ARM now=318255 win=3 complete=15 interval=380 wait=0 tx=0 response=0
DBG_DWM_INVALIDATE tag=configure_radio_from_reset active_phy=2 configured=1 awake=0
DBG_DWM_MARK_UNCONFIGURED tag=initialise_radio prev_phy=0
DBG_DWM_CH5_RX_HUNT_START acq=3 complete=15 cap=1021
DBG_DWM_CH5_RX_HUNT_EMPTY ret=-116 status=0x00000000 acq=3
DBG_ANCHOR_CH5_SCAN_DONE ret=-116 len=0 fail=1 pre=0 q=0 rx_us=3326 complete=15
DBG_ANCHOR_CH5_SCAN_RESCHED ret=1 delay=380
DBG_ANCHOR_CH5_SCAN_HANDLER role=2
DBG_DWM_INVALIDATE tag=configure_radio_from_reset active_phy=2 configured=1 awake=0
DBG_DWM_MARK_UNCONFIGURED tag=initialise_radio prev_phy=0
DBG_DWM_CH5_RX_HUNT_START acq=3 complete=15 cap=1021
DBG_DWM_CH5_RX_HUNT_EMPTY ret=-116 status=0x00000000 acq=3
DBG_ANCHOR_CH5_SCAN_RESCHED ret=1 delay=380
DBG_ANCHOR_CH5_SCAN_HANDLER role=2
DBG_DWM_INVALIDATE tag=configure_radio_from_reset active_phy=2 configured=1 awake=0
DBG_DWM_MARK_UNCONFIGURED tag=initialise_radio prev_phy=0
DBG_DWM_CH5_RX_HUNT_START acq=3 complete=15 cap=1021
DBG_DWM_CH5_RX_HUNT_EMPTY ret=-116 status=0x00000000 acq=3
DBG_ANCHOR_CH5_SCAN_RESCHED ret=1 delay=380
DBG_ANCHOR_CH5_SCAN_HANDLER role=2
DBG_ANCHOR_CH5_SCAN_ARM now=319474 win=3 complete=15 interval=380 wait=0 tx=0 response=0
DBG_DWM_INVALIDATE tag=configure_radio_from_reset active_phy=2 configured=1 awake=0
DBG_DWM_MARK_UNCONFIGURED tag=initialise_radio prev_phy=0
DBG_DWM_CH5_RX_HUNT_START acq=3 complete=15 cap=1021
DBG_DWM_CH5_RX_HUNT_EMPTY ret=-116 status=0x00000000 acq=3
DBG_ANCHOR_CH5_SCAN_DONE ret=-116 len=0 fail=1 pre=0 q=0 rx_us=3845 complete=15
DBG_ANCHOR_CH5_SCAN_RESCHED ret=1 delay=380
DBG_ANCHOR_CH5_SCAN_HANDLER role=2
DBG_DWM_INVALIDATE tag=configure_radio_from_reset active_phy=2 configured=1 awake=0
DBG_DWM_MARK_UNCONFIGURED tag=initialise_radio prev_phy=0
DBG_DWM_CH5_RX_HUNT_START acq=3 complete=15 cap=1021
DBG_DWM_CH5_RX_HUNT_EMPTY ret=-116 status=0x00000000 acq=3
DBG_ANCHOR_CH5_SCAN_RESCHED ret=1 delay=380
DBG_ANCHOR_CH5_SCAN_HANDLER role=2
DBG_DWM_INVALIDATE tag=configure_radio_from_reset active_phy=2 configured=1 awake=0
DBG_DWM_MARK_UNCONFIGURED tag=initialise_radio prev_phy=0
DBG_DWM_CH5_RX_HUNT_START acq=3 complete=15 cap=1021
DBG_DWM_CH5_RX_HUNT_EMPTY ret=-116 status=0x00000000 acq=3
DBG_ANCHOR_CH5_SCAN_RESCHED ret=1 delay=380
DBG_ANCHOR_CH5_SCAN_HANDLER role=2
DBG_ANCHOR_CH5_SCAN_ARM now=320695 win=3 complete=15 interval=380 wait=0 tx=0 response=0
DBG_DWM_INVALIDATE tag=configure_radio_from_reset active_phy=2 configured=1 awake=0
DBG_DWM_MARK_UNCONFIGURED tag=initialise_radio prev_phy=0
DBG_DWM_CH5_RX_HUNT_START acq=3 complete=15 cap=1021
DBG_DWM_CH5_RX_HUNT_EMPTY ret=-116 status=0x00000000 acq=3
DBG_ANCHOR_CH5_SCAN_DONE ret=-116 len=0 fail=1 pre=0 q=0 rx_us=3845 complete=15
DBG_ANCHOR_CH5_SCAN_RESCHED ret=1 delay=380
DBG_ANCHOR_CH5_SCAN_HANDLER role=2
DBG_DWM_INVALIDATE tag=configure_radio_from_reset active_phy=2 configured=1 awake=0
DBG_DWM_MARK_UNCONFIGURED tag=initialise_radio prev_phy=0
DBG_DWM_CH5_RX_HUNT_START acq=3 complete=15 cap=1021
DBG_DWM_CH5_RX_HUNT_EMPTY ret=-116 status=0x00000000 acq=3
DBG_ANCHOR_CH5_SCAN_RESCHED ret=1 delay=380
DBG_ANCHOR_CH5_SCAN_HANDLER role=2
DBG_DWM_INVALIDATE tag=configure_radio_from_reset active_phy=2 configured=1 awake=0
DBG_DWM_MARK_UNCONFIGURED tag=initialise_radio prev_phy=0
DBG_DWM_CH5_RX_HUNT_START acq=3 complete=15 cap=1021
DBG_DWM_CH5_RX_HUNT_EMPTY ret=-116 status=0x00000000 acq=3
DBG_ANCHOR_CH5_SCAN_RESCHED ret=1 delay=380
DBG_ANCHOR_CH5_SCAN_HANDLER role=2
DBG_ANCHOR_CH5_SCAN_ARM now=321915 win=3 complete=15 interval=380 wait=0 tx=0 response=0
DBG_DWM_INVALIDATE tag=configure_radio_from_reset active_phy=2 configured=1 awake=0
DBG_DWM_MARK_UNCONFIGURED tag=initialise_radio prev_phy=0
DBG_DWM_CH5_RX_HUNT_START acq=3 complete=15 cap=1021
DBG_DWM_CH5_RX_HUNT_EMPTY ret=-116 status=0x00000000 acq=3
DBG_ANCHOR_CH5_SCAN_DONE ret=-116 len=0 fail=1 pre=0 q=0 rx_us=3845 complete=15
DBG_ANCHOR_CH5_SCAN_RESCHED ret=1 delay=380
DBG_ANCHOR_CH5_SCAN_HANDLER role=2
DBG_DWM_INVALIDATE tag=configure_radio_from_reset active_phy=2 configured=1 awake=0
DBG_DWM_MARK_UNCONFIGURED tag=initialise_radio prev_phy=0
DBG_DWM_CH5_RX_HUNT_START acq=3 complete=15 cap=1021
DBG_DWM_CH5_RX_HUNT_EMPTY ret=-116 status=0x00000000 acq=3
DBG_ANCHOR_CH5_SCAN_RESCHED ret=1 delay=380
DBG_ANCHOR_CH5_SCAN_HANDLER role=2
DBG_DWM_INVALIDATE tag=configure_radio_from_reset active_phy=2 configured=1 awake=0
DBG_DWM_MARK_UNCONFIGURED tag=initialise_radio prev_phy=0
DBG_DWM_CH5_RX_HUNT_START acq=3 complete=15 cap=1021
DBG_DWM_CH5_RX_HUNT_EMPTY ret=-116 status=0x00000000 acq=3
DBG_ANCHOR_CH5_SCAN_RESCHED ret=1 delay=380
DBG_ANCHOR_CH5_SCAN_HANDLER role=2
DBG_ANCHOR_CH5_SCAN_ARM now=323136 win=3 complete=15 interval=380 wait=0 tx=0 response=0
DBG_DWM_INVALIDATE tag=configure_radio_from_reset active_phy=2 configured=1 awake=0
DBG_DWM_MARK_UNCONFIGURED tag=initialise_radio prev_phy=0
DBG_DWM_CH5_RX_HUNT_START acq=3 complete=15 cap=1021
DBG_DWM_CH5_RX_HUNT_EMPTY ret=-116 status=0x00000000 acq=3
DBG_ANCHOR_CH5_SCAN_DONE ret=-116 len=0 fail=1 pre=0 q=0 rx_us=3295 complete=15
DBG_ANCHOR_CH5_SCAN_RESCHED ret=1 delay=380
DBG_ANCHOR_CH5_SCAN_HANDLER role=2
DBG_DWM_INVALIDATE tag=configure_radio_from_reset active_phy=2 configured=1 awake=0
DBG_DWM_MARK_UNCONFIGURED tag=initialise_radio prev_phy=0
DBG_DWM_CH5_RX_HUNT_START acq=3 complete=15 cap=1021
DBG_DWM_CH5_RX_HUNT_EMPTY ret=-116 status=0x00000000 acq=3
DBG_ANCHOR_CH5_SCAN_RESCHED ret=1 delay=380
DBG_ANCHOR_CH5_SCAN_HANDLER role=2
DBG_DWM_INVALIDATE tag=configure_radio_from_reset active_phy=2 configured=1 awake=0
DBG_DWM_MARK_UNCONFIGURED tag=initialise_radio prev_phy=0
DBG_DWM_CH5_RX_HUNT_START acq=3 complete=15 cap=1021
DBG_DWM_CH5_RX_HUNT_EMPTY ret=-116 status=0x00000000 acq=3
DBG_ANCHOR_CH5_SCAN_RESCHED ret=1 delay=380
DBG_ANCHOR_CH5_SCAN_HANDLER role=2
DBG_ANCHOR_CH5_SCAN_ARM now=324356 win=3 complete=15 interval=380 wait=0 tx=0 response=0
DBG_DWM_INVALIDATE tag=configure_radio_from_reset active_phy=2 configured=1 awake=0
DBG_DWM_MARK_UNCONFIGURED tag=initialise_radio prev_phy=0
DBG_DWM_CH5_RX_HUNT_START acq=3 complete=15 cap=1021
DBG_DWM_CH5_RX_HUNT_EMPTY ret=-116 status=0x00000000 acq=3
DBG_ANCHOR_CH5_SCAN_DONE ret=-116 len=0 fail=1 pre=0 q=0 rx_us=3845 complete=15
DBG_ANCHOR_CH5_SCAN_RESCHED ret=1 delay=380
DBG_ANCHOR_CH5_SCAN_HANDLER role=2
DBG_DWM_INVALIDATE tag=configure_radio_from_reset active_phy=2 configured=1 awake=0
DBG_DWM_MARK_UNCONFIGURED tag=initialise_radio prev_phy=0
DBG_DWM_CH5_RX_HUNT_START acq=3 complete=15 cap=1021
DBG_DWM_CH5_RX_HUNT_EMPTY ret=-116 status=0x00000000 acq=3
DBG_ANCHOR_CH5_SCAN_RESCHED ret=1 delay=380
DBG_ANCHOR_CH5_SCAN_HANDLER role=2
DBG_DWM_INVALIDATE tag=configure_radio_from_reset active_phy=2 configured=1 awake=0
DBG_DWM_MARK_UNCONFIGURED tag=initialise_radio prev_phy=0
DBG_DWM_CH5_RX_HUNT_START acq=3 complete=15 cap=1021
DBG_DWM_CH5_RX_HUNT_EMPTY ret=-116 status=0x00000000 acq=3
DBG_ANCHOR_CH5_SCAN_RESCHED ret=1 delay=380
DBG_ANCHOR_CH5_SCAN_HANDLER role=2
DBG_ANCHOR_CH5_SCAN_ARM now=325576 win=3 complete=15 interval=380 wait=0 tx=0 response=0
DBG_DWM_INVALIDATE tag=configure_radio_from_reset active_phy=2 configured=1 awake=0
DBG_DWM_MARK_UNCONFIGURED tag=initialise_radio prev_phy=0
DBG_DWM_CH5_RX_HUNT_START acq=3 complete=15 cap=1021
DBG_DWM_CH5_RX_HUNT_EMPTY ret=-116 status=0x00000000 acq=3
DBG_ANCHOR_CH5_SCAN_DONE ret=-116 len=0 fail=1 pre=0 q=0 rx_us=3845 complete=15
DBG_ANCHOR_CH5_SCAN_RESCHED ret=1 delay=380
DBG_ANCHOR_CH5_SCAN_HANDLER role=2
DBG_DWM_INVALIDATE tag=configure_radio_from_reset active_phy=2 configured=1 awake=0
DBG_DWM_MARK_UNCONFIGURED tag=initialise_radio prev_phy=0
DBG_DWM_CH5_RX_HUNT_START acq=3 complete=15 cap=1021
DBG_DWM_CH5_RX_HUNT_EMPTY ret=-116 status=0x00000000 acq=3
DBG_ANCHOR_CH5_SCAN_RESCHED ret=1 delay=380
DBG_ANCHOR_CH5_SCAN_HANDLER role=2
DBG_DWM_INVALIDATE tag=configure_radio_from_reset active_phy=2 configured=1 awake=0
DBG_DWM_MARK_UNCONFIGURED tag=initialise_radio prev_phy=0
DBG_DWM_CH5_RX_HUNT_START acq=3 complete=15 cap=1021
DBG_DWM_CH5_RX_HUNT_EMPTY ret=-116 status=0x00000000 acq=3
DBG_ANCHOR_CH5_SCAN_RESCHED ret=1 delay=380
DBG_ANCHOR_CH5_SCAN_HANDLER role=2
DBG_ANCHOR_CH5_SCAN_ARM now=326797 win=3 complete=15 interval=380 wait=0 tx=0 response=0
DBG_DWM_INVALIDATE tag=configure_radio_from_reset active_phy=2 configured=1 awake=0
DBG_DWM_MARK_UNCONFIGURED tag=initialise_radio prev_phy=0
DBG_DWM_CH5_RX_HUNT_START acq=3 complete=15 cap=1021
DBG_DWM_CH5_RX_HUNT_EMPTY ret=-116 status=0x00000000 acq=3
DBG_ANCHOR_CH5_SCAN_DONE ret=-116 len=0 fail=1 pre=0 q=0 rx_us=3845 complete=15
DBG_ANCHOR_CH5_SCAN_RESCHED ret=1 delay=380
DBG_ANCHOR_CH5_SCAN_HANDLER role=2
DBG_DWM_INVALIDATE tag=configure_radio_from_reset active_phy=2 configured=1 awake=0
DBG_DWM_MARK_UNCONFIGURED tag=initialise_radio prev_phy=0
DBG_DWM_CH5_RX_HUNT_START acq=3 complete=15 cap=1021
DBG_DWM_CH5_RX_HUNT_EMPTY ret=-116 status=0x00000000 acq=3
DBG_ANCHOR_CH5_SCAN_RESCHED ret=1 delay=380
DBG_ANCHOR_CH5_SCAN_HANDLER role=2
DBG_DWM_INVALIDATE tag=configure_radio_from_reset active_phy=2 configured=1 awake=0
DBG_DWM_MARK_UNCONFIGURED tag=initialise_radio prev_phy=0
DBG_DWM_CH5_RX_HUNT_START acq=3 complete=15 cap=1021
DBG_DWM_CH5_RX_HUNT_EMPTY ret=-116 status=0x00000000 acq=3
DBG_ANCHOR_CH5_SCAN_RESCHED ret=1 delay=380
DBG_ANCHOR_CH5_SCAN_HANDLER role=2
DBG_ANCHOR_CH5_SCAN_ARM now=328017 win=3 complete=15 interval=380 wait=0 tx=0 response=0
DBG_DWM_INVALIDATE tag=configure_radio_from_reset active_phy=2 configured=1 awake=0
DBG_DWM_MARK_UNCONFIGURED tag=initialise_radio prev_phy=0
DBG_DWM_CH5_RX_HUNT_START acq=3 complete=15 cap=1021
DBG_DWM_CH5_RX_HUNT_EMPTY ret=-116 status=0x00000000 acq=3
DBG_ANCHOR_CH5_SCAN_DONE ret=-116 len=0 fail=1 pre=0 q=0 rx_us=3845 complete=15
DBG_ANCHOR_CH5_SCAN_RESCHED ret=1 delay=380
DBG_ANCHOR_CH5_SCAN_HANDLER role=2
DBG_DWM_INVALIDATE tag=configure_radio_from_reset active_phy=2 configured=1 awake=0
DBG_DWM_MARK_UNCONFIGURED tag=initialise_radio prev_phy=0
DBG_DWM_CH5_RX_HUNT_START acq=3 complete=15 cap=1021
DBG_DWM_CH5_RX_HUNT_EMPTY ret=-116 status=0x00000000 acq=3
DBG_ANCHOR_CH5_SCAN_RESCHED ret=1 delay=380
DBG_ANCHOR_CH5_SCAN_HANDLER role=2
DBG_DWM_INVALIDATE tag=configure_radio_from_reset active_phy=2 configured=1 awake=0
DBG_DWM_MARK_UNCONFIGURED tag=initialise_radio prev_phy=0
DBG_DWM_CH5_RX_HUNT_START acq=3 complete=15 cap=1021
DBG_DWM_CH5_RX_HUNT_EMPTY ret=-116 status=0x00000000 acq=3
DBG_ANCHOR_CH5_SCAN_RESCHED ret=1 delay=380
DBG_ANCHOR_CH5_SCAN_HANDLER role=2
DBG_ANCHOR_CH5_SCAN_ARM now=329238 win=3 complete=15 interval=380 wait=0 tx=0 response=0
DBG_DWM_INVALIDATE tag=configure_radio_from_reset active_phy=2 configured=1 awake=0
DBG_DWM_MARK_UNCONFIGURED tag=initialise_radio prev_phy=0
DBG_DWM_CH5_RX_HUNT_START acq=3 complete=15 cap=1021
DBG_DWM_CH5_RX_HUNT_EMPTY ret=-116 status=0x00000000 acq=3
DBG_ANCHOR_CH5_SCAN_DONE ret=-116 len=0 fail=1 pre=0 q=0 rx_us=3295 complete=15
DBG_ANCHOR_CH5_SCAN_RESCHED ret=1 delay=380
DBG_ANCHOR_CH5_SCAN_HANDLER role=2
DBG_DWM_INVALIDATE tag=configure_radio_from_reset active_phy=2 configured=1 awake=0
DBG_DWM_MARK_UNCONFIGURED tag=initialise_radio prev_phy=0
DBG_DWM_CH5_RX_HUNT_START acq=3 complete=15 cap=1021
DBG_DWM_CH5_RX_HUNT_EMPTY ret=-116 status=0x00000000 acq=3
DBG_ANCHOR_CH5_SCAN_RESCHED ret=1 delay=380
DBG_ANCHOR_CH5_SCAN_HANDLER role=2
DBG_DWM_INVALIDATE tag=configure_radio_from_reset active_phy=2 configured=1 awake=0
DBG_DWM_MARK_UNCONFIGURED tag=initialise_radio prev_phy=0
DBG_DWM_CH5_RX_HUNT_START acq=3 complete=15 cap=1021
DBG_DWM_CH5_RX_HUNT_EMPTY ret=-116 status=0x00000000 acq=3
DBG_ANCHOR_CH5_SCAN_RESCHED ret=1 delay=380
DBG_ANCHOR_CH5_SCAN_HANDLER role=2
DBG_ANCHOR_CH5_SCAN_ARM now=330457 win=3 complete=15 interval=380 wait=0 tx=0 response=0
DBG_DWM_INVALIDATE tag=configure_radio_from_reset active_phy=2 configured=1 awake=0
DBG_DWM_MARK_UNCONFIGURED tag=initialise_radio prev_phy=0
DBG_DWM_CH5_RX_HUNT_START acq=3 complete=15 cap=1021
DBG_DWM_CH5_RX_HUNT_EMPTY ret=-116 status=0x00000000 acq=3
DBG_ANCHOR_CH5_SCAN_DONE ret=-116 len=0 fail=1 pre=0 q=0 rx_us=3845 complete=15
DBG_ANCHOR_CH5_SCAN_RESCHED ret=1 delay=380
DBG_ANCHOR_CH5_SCAN_HANDLER role=2
DBG_DWM_INVALIDATE tag=configure_radio_from_reset active_phy=2 configured=1 awake=0
DBG_DWM_MARK_UNCONFIGURED tag=initialise_radio prev_phy=0
DBG_DWM_CH5_RX_HUNT_START acq=3 complete=15 cap=1021
DBG_DWM_CH5_RX_HUNT_EMPTY ret=-116 status=0x00000000 acq=3
DBG_ANCHOR_CH5_SCAN_RESCHED ret=1 delay=380
DBG_ANCHOR_CH5_SCAN_HANDLER role=2
DBG_DWM_INVALIDATE tag=configure_radio_from_reset active_phy=2 configured=1 awake=0
DBG_DWM_MARK_UNCONFIGURED tag=initialise_radio prev_phy=0
DBG_DWM_CH5_RX_HUNT_START acq=3 complete=15 cap=1021
DBG_DWM_CH5_RX_HUNT_EMPTY ret=-116 status=0x00000000 acq=3
DBG_ANCHOR_CH5_SCAN_RESCHED ret=1 delay=380
DBG_ANCHOR_CH5_SCAN_HANDLER role=2
DBG_ANCHOR_CH5_SCAN_ARM now=331677 win=3 complete=15 interval=380 wait=0 tx=0 response=0
DBG_DWM_INVALIDATE tag=configure_radio_from_reset active_phy=2 configured=1 awake=0
DBG_DWM_MARK_UNCONFIGURED tag=initialise_radio prev_phy=0
DBG_DWM_CH5_RX_HUNT_START acq=3 complete=15 cap=1021
DBG_DWM_CH5_RX_HUNT_EMPTY ret=-116 status=0x00000000 acq=3
DBG_ANCHOR_CH5_SCAN_DONE ret=-116 len=0 fail=1 pre=0 q=0 rx_us=3845 complete=15
DBG_ANCHOR_CH5_SCAN_RESCHED ret=1 delay=380
DBG_ANCHOR_CH5_SCAN_HANDLER role=2
DBG_DWM_INVALIDATE tag=configure_radio_from_reset active_phy=2 configured=1 awake=0
DBG_DWM_MARK_UNCONFIGURED tag=initialise_radio prev_phy=0
DBG_DWM_CH5_RX_HUNT_START acq=3 complete=15 cap=1021
DBG_DWM_CH5_RX_HUNT_EMPTY ret=-116 status=0x00000000 acq=3
DBG_ANCHOR_CH5_SCAN_RESCHED ret=1 delay=380
DBG_ANCHOR_CH5_SCAN_HANDLER role=2
DBG_DWM_INVALIDATE tag=configure_radio_from_reset active_phy=2 configured=1 awake=0
DBG_DWM_MARK_UNCONFIGURED tag=initialise_radio prev_phy=0
DBG_DWM_CH5_RX_HUNT_START acq=3 complete=15 cap=1021
DBG_DWM_CH5_RX_HUNT_EMPTY ret=-116 status=0x00000000 acq=3
DBG_ANCHOR_CH5_SCAN_RESCHED ret=1 delay=380
DBG_ANCHOR_CH5_SCAN_HANDLER role=2
DBG_ANCHOR_CH5_SCAN_ARM now=332897 win=3 complete=15 interval=380 wait=0 tx=0 response=0
DBG_DWM_INVALIDATE tag=configure_radio_from_reset active_phy=2 configured=1 awake=0
DBG_DWM_MARK_UNCONFIGURED tag=initialise_radio prev_phy=0
DBG_DWM_CH5_RX_HUNT_START acq=3 complete=15 cap=1021
DBG_DWM_CH5_RX_HUNT_EMPTY ret=-116 status=0x00000000 acq=3
DBG_ANCHOR_CH5_SCAN_DONE ret=-116 len=0 fail=1 pre=0 q=0 rx_us=3845 complete=15
DBG_ANCHOR_CH5_SCAN_RESCHED ret=1 delay=380
DBG_ANCHOR_CH5_SCAN_HANDLER role=2
DBG_DWM_INVALIDATE tag=configure_radio_from_reset active_phy=2 configured=1 awake=0
DBG_DWM_MARK_UNCONFIGURED tag=initialise_radio prev_phy=0
DBG_DWM_CH5_RX_HUNT_START acq=3 complete=15 cap=1021
DBG_DWM_CH5_RX_HUNT_EMPTY ret=-116 status=0x00000000 acq=3
DBG_ANCHOR_CH5_SCAN_RESCHED ret=1 delay=380
DBG_ANCHOR_CH5_SCAN_HANDLER role=2
DBG_DWM_INVALIDATE tag=configure_radio_from_reset active_phy=2 configured=1 awake=0
DBG_DWM_MARK_UNCONFIGURED tag=initialise_radio prev_phy=0
DBG_DWM_CH5_RX_HUNT_START acq=3 complete=15 cap=1021
DBG_DWM_CH5_RX_HUNT_EMPTY ret=-116 status=0x00000000 acq=3
DBG_ANCHOR_CH5_SCAN_RESCHED ret=1 delay=380
DBG_ANCHOR_CH5_SCAN_HANDLER role=2
DBG_ANCHOR_CH5_SCAN_ARM now=334118 win=3 complete=15 interval=380 wait=0 tx=0 response=0
DBG_DWM_INVALIDATE tag=configure_radio_from_reset active_phy=2 configured=1 awake=0
DBG_DWM_MARK_UNCONFIGURED tag=initialise_radio prev_phy=0
DBG_DWM_CH5_RX_HUNT_START acq=3 complete=15 cap=1021
DBG_DWM_CH5_RX_HUNT_EMPTY ret=-116 status=0x00000000 acq=3
DBG_ANCHOR_CH5_SCAN_DONE ret=-116 len=0 fail=1 pre=0 q=0 rx_us=3479 complete=15
DBG_ANCHOR_CH5_SCAN_RESCHED ret=1 delay=380
DBG_ANCHOR_CH5_SCAN_HANDLER role=2
DBG_DWM_INVALIDATE tag=configure_radio_from_reset active_phy=2 configured=1 awake=0
DBG_DWM_MARK_UNCONFIGURED tag=initialise_radio prev_phy=0
DBG_DWM_CH5_RX_HUNT_START acq=3 complete=15 cap=1021
DBG_DWM_CH5_RX_HUNT_EMPTY ret=-116 status=0x00000000 acq=3
DBG_ANCHOR_CH5_SCAN_RESCHED ret=1 delay=380
DBG_ANCHOR_CH5_SCAN_HANDLER role=2
DBG_DWM_INVALIDATE tag=configure_radio_from_reset active_phy=2 configured=1 awake=0
DBG_DWM_MARK_UNCONFIGURED tag=initialise_radio prev_phy=0
DBG_DWM_CH5_RX_HUNT_START acq=3 complete=15 cap=1021
DBG_DWM_CH5_RX_HUNT_EMPTY ret=-116 status=0x00000000 acq=3
DBG_ANCHOR_CH5_SCAN_RESCHED ret=1 delay=380
DBG_ANCHOR_CH5_SCAN_HANDLER role=2
DBG_ANCHOR_CH5_SCAN_ARM now=335338 win=3 complete=15 interval=380 wait=0 tx=0 response=0
DBG_DWM_INVALIDATE tag=configure_radio_from_reset active_phy=2 configured=1 awake=0
DBG_DWM_MARK_UNCONFIGURED tag=initialise_radio prev_phy=0
DBG_DWM_CH5_RX_HUNT_START acq=3 complete=15 cap=1021
DBG_DWM_CH5_RX_HUNT_EMPTY ret=-116 status=0x00000000 acq=3
DBG_ANCHOR_CH5_SCAN_DONE ret=-116 len=0 fail=1 pre=0 q=0 rx_us=3875 complete=15
DBG_ANCHOR_CH5_SCAN_RESCHED ret=1 delay=380
DBG_ANCHOR_CH5_SCAN_HANDLER role=2
DBG_DWM_INVALIDATE tag=configure_radio_from_reset active_phy=2 configured=1 awake=0
DBG_DWM_MARK_UNCONFIGURED tag=initialise_radio prev_phy=0
DBG_DWM_CH5_RX_HUNT_START acq=3 complete=15 cap=1021
DBG_DWM_CH5_RX_HUNT_EMPTY ret=-116 status=0x00000000 acq=3
DBG_ANCHOR_CH5_SCAN_RESCHED ret=1 delay=380
DBG_ANCHOR_CH5_SCAN_HANDLER role=2
DBG_DWM_INVALIDATE tag=configure_radio_from_reset active_phy=2 configured=1 awake=0
DBG_DWM_MARK_UNCONFIGURED tag=initialise_radio prev_phy=0
DBG_DWM_CH5_RX_HUNT_START acq=3 complete=15 cap=1021
DBG_DWM_CH5_RX_HUNT_EMPTY ret=-116 status=0x00000000 acq=3
DBG_ANCHOR_CH5_SCAN_RESCHED ret=1 delay=380
DBG_ANCHOR_CH5_SCAN_HANDLER role=2
DBG_ANCHOR_CH5_SCAN_ARM now=336558 win=3 complete=15 interval=380 wait=0 tx=0 response=0
DBG_DWM_INVALIDATE tag=configure_radio_from_reset active_phy=2 configured=1 awake=0
DBG_DWM_MARK_UNCONFIGURED tag=initialise_radio prev_phy=0
DBG_DWM_CH5_RX_HUNT_START acq=3 complete=15 cap=1021
DBG_DWM_CH5_RX_HUNT_EMPTY ret=-116 status=0x00000000 acq=3
DBG_ANCHOR_CH5_SCAN_DONE ret=-116 len=0 fail=1 pre=0 q=0 rx_us=3845 complete=15
DBG_ANCHOR_CH5_SCAN_RESCHED ret=1 delay=380
DBG_ANCHOR_CH5_SCAN_HANDLER role=2
DBG_DWM_INVALIDATE tag=configure_radio_from_reset active_phy=2 configured=1 awake=0
DBG_DWM_MARK_UNCONFIGURED tag=initialise_radio prev_phy=0
DBG_DWM_CH5_RX_HUNT_START acq=3 complete=15 cap=1021
DBG_DWM_CH5_RX_HUNT_EMPTY ret=-116 status=0x00000000 acq=3
DBG_ANCHOR_CH5_SCAN_RESCHED ret=1 delay=380
DBG_ANCHOR_CH5_SCAN_HANDLER role=2
DBG_DWM_INVALIDATE tag=configure_radio_from_reset active_phy=2 configured=1 awake=0
DBG_DWM_MARK_UNCONFIGURED tag=initialise_radio prev_phy=0
DBG_DWM_CH5_RX_HUNT_START acq=3 complete=15 cap=1021
DBG_DWM_CH5_RX_HUNT_EMPTY ret=-116 status=0x00000000 acq=3
DBG_ANCHOR_CH5_SCAN_RESCHED ret=1 delay=380
DBG_ANCHOR_CH5_SCAN_HANDLER role=2
DBG_ANCHOR_CH5_SCAN_ARM now=337779 win=3 complete=15 interval=380 wait=0 tx=0 response=0
DBG_DWM_INVALIDATE tag=configure_radio_from_reset active_phy=2 configured=1 awake=0
DBG_DWM_MARK_UNCONFIGURED tag=initialise_radio prev_phy=0
DBG_DWM_CH5_RX_HUNT_START acq=3 complete=15 cap=1021
DBG_DWM_CH5_RX_HUNT_EMPTY ret=-116 status=0x00000000 acq=3
DBG_ANCHOR_CH5_SCAN_DONE ret=-116 len=0 fail=1 pre=0 q=0 rx_us=3845 complete=15
DBG_ANCHOR_CH5_SCAN_RESCHED ret=1 delay=380
DBG_ANCHOR_CH5_SCAN_HANDLER role=2
DBG_DWM_INVALIDATE tag=configure_radio_from_reset active_phy=2 configured=1 awake=0
DBG_DWM_MARK_UNCONFIGURED tag=initialise_radio prev_phy=0
DBG_DWM_CH5_RX_HUNT_START acq=3 complete=15 cap=1021
DBG_DWM_CH5_RX_HUNT_EMPTY ret=-116 status=0x00000000 acq=3
DBG_ANCHOR_CH5_SCAN_RESCHED ret=1 delay=380
DBG_ANCHOR_CH5_SCAN_HANDLER role=2
DBG_DWM_INVALIDATE tag=configure_radio_from_reset active_phy=2 configured=1 awake=0
DBG_DWM_MARK_UNCONFIGURED tag=initialise_radio prev_phy=0
DBG_DWM_CH5_RX_HUNT_START acq=3 complete=15 cap=1021
DBG_DWM_CH5_RX_HUNT_EMPTY ret=-116 status=0x00000000 acq=3
DBG_ANCHOR_CH5_SCAN_RESCHED ret=1 delay=380
DBG_ANCHOR_CH5_SCAN_HANDLER role=2
DBG_ANCHOR_CH5_SCAN_ARM now=338999 win=3 complete=15 interval=380 wait=0 tx=0 response=0
DBG_DWM_INVALIDATE tag=configure_radio_from_reset active_phy=2 configured=1 awake=0
DBG_DWM_MARK_UNCONFIGURED tag=initialise_radio prev_phy=0
DBG_DWM_CH5_RX_HUNT_START acq=3 complete=15 cap=1021
DBG_DWM_CH5_RX_HUNT_EMPTY ret=-116 status=0x00000000 acq=3
DBG_ANCHOR_CH5_SCAN_DONE ret=-116 len=0 fail=1 pre=0 q=0 rx_us=3845 complete=15
DBG_ANCHOR_CH5_SCAN_RESCHED ret=1 delay=380
DBG_ANCHOR_CH5_SCAN_HANDLER role=2
DBG_DWM_INVALIDATE tag=configure_radio_from_reset active_phy=2 configured=1 awake=0
DBG_DWM_MARK_UNCONFIGURED tag=initialise_radio prev_phy=0
DBG_DWM_CH5_RX_HUNT_START acq=3 complete=15 cap=1021
DBG_DWM_CH5_RX_ACTIVITY_EXTEND ret=0 status=0x00000f00 complete=15
DBG_DWM_CH5_RX_ACTIVITY_WAIT status=0x00000f00 remain=15
DBG_DWM_CH5_RX_ACTIVITY_DONE raw=51 payload=49 status=0x00006f00 rearm=0 extended=1
DBG_ANCHOR_CH5_SCAN_DONE ret=0 len=49 fail=0 pre=1 q=100 rx_us=3000 complete=15
DBG_UWB_RX_CH5
DBG_ANCHOR_CH5_FRAME len=49 q=100 wake_ret=0
DBG_ANCHOR_ROUTE_WAKE_DISPATCH src=0x9999888877776666 evt=422689 attempt=1 flags=0x93 len=49 q=100
DBG_C5_CONTACT phase=closing state=4 peer=0x9999888877776666 purpose=gateway_command_flood reason=replace
DBG_C5_CONTACT phase=open state=2 peer=0x9999888877776666 purpose=route_solicit reason=wake-claim
DBG_C5_CONTACT phase=accepted state=2 peer=0x9999888877776666 purpose=route_solicit reason=wake-claim
DBG_ANCHOR_ROUTE_WAKE_HANDOFF src=0x9999888877776666 evt=422689 attempt=1 flags=0x93 embedded=0 listen=2000
DBG_C5_CONTACT phase=closing state=4 peer=0x9999888877776666 purpose=route_solicit reason=replace
DBG_DWM_MARK_UNCONFIGURED tag=initialise_radio prev_phy=0
DBG_DWM_WAKE_MESH_CTRL_OK sfd=4073
DBG_ROUTE_REPLY_LISTEN_CONFIG ret=0 ext=1
DBG_C5_CONTROL_LISTENER_HOLD_EXTENDED
DBG_C5_RX_FAIL status=0x00001700 finfo=0x00000000 fail=4 phy=4 ch=5 plen=3 pac=2 txc=9 rxc=9 sfd=2 rate=0 phr=1 phrr=0 sfdto=4
DBG_C5_CONTROL_LISTENER_HOLD_EXTENDED
DBG_C5_CONTROL_LISTENER_HOLD_EXTENDED
DBG_C5_CONTROL_LISTENER_HOLD_EXTENDED
DBG_C5_CONTROL_LISTENER_HOLD_EXTENDED
DBG_C5_CONTROL_LISTENER_HOLD_EXTENDED
DBG_C5_CONTROL_LISTENER_HOLD_EXTENDED
DBG_C5_CONTROL_LISTENER_HOLD_EXTENDED
DBG_C5_CONTROL_LISTENER_HOLD_EXTENDED
DBG_C5_CONTROL_LISTENER_HOLD_EXTENDED
DBG_C5_CONTROL_LISTENER_HOLD_EXTENDED
DBG_C5_CONTROL_LISTENER_HOLD_EXTENDED
DBG_C5_CONTROL_LISTENER_HOLD_EXTENDED
DBG_C5_CONTROL_LISTENER_HOLD_EXTENDED
DBG_C5_CONTROL_LISTENER_HOLD_EXTENDED
DBG_C5_CONTROL_LISTENER_HOLD_EXTENDED
DBG_C5_CONTROL_LISTENER_HOLD_EXTENDED
DBG_C5_CONTROL_LISTENER_HOLD_EXTENDED
DBG_C5_CONTROL_LISTENER_HOLD_EXTENDED
DBG_C5_CONTROL_LISTENER_HOLD_EXTENDED
DBG_C5_CONTROL_LISTENER_HOLD_EXTENDED
DBG_C5_CONTROL_LISTENER_HOLD_EXTENDED
DBG_C5_CONTROL_LISTENER_HOLD_EXTENDED
DBG_C5_CONTROL_LISTENER_HOLD_EXTENDED
DBG_C5_CONTROL_LISTENER_HOLD_EXTENDED
DBG_C5_CONTROL_LISTENER_HOLD_EXTENDED
DBG_C5_CONTROL_LISTENER_HOLD_EXTENDED
DBG_C5_CONTROL_LISTENER_HOLD_EXTENDED
DBG_C5_CONTROL_LISTENER_HOLD_EXTENDED
DBG_ROUTE_REPLY_RX_FRAME
DBG_GATEWAY_ROUTE_ADV_RX
DBG_UWB_RX_CH5
DBG_MESH_RX_QUEUED ch=5 msg=0x3c src=0x9999888877776666 dst=0x0 prev=0x9999888877776666 seq=45 q=1
DBG_ROUTE_ADV_QUEUED q=1 prev=0x9999888877776666 seq=45
DBG_MESH_RX_DEFERRED q=1 msg=0x3c
DBG_C5_GATEWAY_OPERATION_RETAINED msg=0x3c seq=45 click_waiting=0
DBG_COORD state=mesh-rx owner=uwb-rx reason=mesh-rx rx=1 tx=0 relay=0 route=0 ack=0 qack=0
DBG_ANCHOR_MESH_RX_YIELD reason=anchor-low-duty-ch5-owner ch9=0 delay=0 scan_int=380 scan_win=3 wait=0 q=1
DBG_MESH_RX_WORK_WAIT q=1
DBG_MESH_RX_WORK_ENTER q=1
DBG_MESH_RX_DRAIN_ENTER owner=work q=1
DBG_RX_HANDLE msg=0x3c act=0x20040000 st=0 q=0 sel=1 next=0x9999888877776666 hop=0
DBG_C5_CONTACT phase=closing state=4 peer=0x9999888877776666 purpose=gateway_command_flood reason=replace
DBG_C5_CONTACT phase=open state=2 peer=0x9999888877776666 purpose=route_contact_refresh reason=c5-control-rx
DBG_C5_CONTACT phase=accepted state=2 peer=0x9999888877776666 purpose=route_contact_refresh reason=c5-control-rx
DBG_ANCHOR_CH5_SCAN_HANDLER role=2
DBG_ANCHOR_CH5_SCAN_ARM now=340135 win=3 complete=15 interval=380 wait=0 tx=0 response=0
DBG_DWM_INVALIDATE tag=configure_radio_from_reset active_phy=4 configured=1 awake=0
DBG_DWM_MARK_UNCONFIGURED tag=initialise_radio prev_phy=0
DBG_DWM_CH5_RX_HUNT_START acq=3 complete=15 cap=1021
DBG_DWM_CH5_RX_HUNT_EMPTY ret=-116 status=0x00000000 acq=3
DBG_ANCHOR_CH5_SCAN_DONE ret=-116 len=0 fail=1 pre=0 q=0 rx_us=3723 complete=15
DBG_ANCHOR_CH5_SCAN_RESCHED ret=1 delay=380
DBG_ANCHOR_CH5_SCAN_HANDLER role=2
DBG_DWM_INVALIDATE tag=configure_radio_from_reset active_phy=2 configured=1 awake=0
DBG_DWM_MARK_UNCONFIGURED tag=initialise_radio prev_phy=0
DBG_DWM_CH5_RX_HUNT_START acq=3 complete=15 cap=1021
DBG_DWM_CH5_RX_HUNT_EMPTY ret=-116 status=0x00000000 acq=3
DBG_ANCHOR_CH5_SCAN_RESCHED ret=1 delay=380
DBG_ANCHOR_CH5_SCAN_HANDLER role=2
DBG_DWM_INVALIDATE tag=configure_radio_from_reset active_phy=2 configured=1 awake=0
DBG_DWM_MARK_UNCONFIGURED tag=initialise_radio prev_phy=0
DBG_DWM_CH5_RX_HUNT_START acq=3 complete=15 cap=1021
DBG_DWM_CH5_RX_HUNT_EMPTY ret=-116 status=0x00000000 acq=3
DBG_ANCHOR_CH5_SCAN_RESCHED ret=1 delay=380
DBG_ANCHOR_CH5_SCAN_HANDLER role=2
DBG_ANCHOR_CH5_SCAN_ARM now=341353 win=3 complete=15 interval=380 wait=0 tx=0 response=0
DBG_DWM_INVALIDATE tag=configure_radio_from_reset active_phy=2 configured=1 awake=0
DBG_DWM_MARK_UNCONFIGURED tag=initialise_radio prev_phy=0
DBG_DWM_CH5_RX_HUNT_START acq=3 complete=15 cap=1021
DBG_DWM_CH5_RX_HUNT_EMPTY ret=-116 status=0x00000000 acq=3
DBG_ANCHOR_CH5_SCAN_DONE ret=-116 len=0 fail=1 pre=0 q=0 rx_us=3387 complete=15
DBG_ANCHOR_CH5_SCAN_RESCHED ret=1 delay=380
DBG_ANCHOR_CH5_SCAN_HANDLER role=2
DBG_DWM_INVALIDATE tag=configure_radio_from_reset active_phy=2 configured=1 awake=0
DBG_DWM_MARK_UNCONFIGURED tag=initialise_radio prev_phy=0
DBG_DWM_CH5_RX_HUNT_START acq=3 complete=15 cap=1021
DBG_DWM_CH5_RX_HUNT_EMPTY ret=-116 status=0x00000000 acq=3
DBG_ANCHOR_CH5_SCAN_RESCHED ret=1 delay=380
DBG_ANCHOR_CH5_SCAN_HANDLER role=2
DBG_DWM_INVALIDATE tag=configure_radio_from_reset active_phy=2 configured=1 awake=0
DBG_DWM_MARK_UNCONFIGURED tag=initialise_radio prev_phy=0
DBG_DWM_CH5_RX_HUNT_START acq=3 complete=15 cap=1021
DBG_DWM_CH5_RX_HUNT_EMPTY ret=-116 status=0x00000000 acq=3
DBG_ANCHOR_CH5_SCAN_RESCHED ret=1 delay=380
DBG_ANCHOR_CH5_SCAN_HANDLER role=2
DBG_ANCHOR_CH5_SCAN_ARM now=342571 win=3 complete=15 interval=380 wait=0 tx=0 response=0
DBG_DWM_INVALIDATE tag=configure_radio_from_reset active_phy=2 configured=1 awake=0
DBG_DWM_MARK_UNCONFIGURED tag=initialise_radio prev_phy=0
DBG_DWM_CH5_RX_HUNT_START acq=3 complete=15 cap=1021
DBG_DWM_CH5_RX_HUNT_EMPTY ret=-116 status=0x00000000 acq=3
DBG_ANCHOR_CH5_SCAN_DONE ret=-116 len=0 fail=1 pre=0 q=0 rx_us=3295 complete=15
DBG_ANCHOR_CH5_SCAN_RESCHED ret=1 delay=380
DBG_ANCHOR_CH5_SCAN_HANDLER role=2
DBG_DWM_INVALIDATE tag=configure_radio_from_reset active_phy=2 configured=1 awake=0
DBG_DWM_MARK_UNCONFIGURED tag=initialise_radio prev_phy=0
DBG_DWM_CH5_RX_HUNT_START acq=3 complete=15 cap=1021
DBG_DWM_CH5_RX_HUNT_EMPTY ret=-116 status=0x00000000 acq=3
DBG_ANCHOR_CH5_SCAN_RESCHED ret=1 delay=380
DBG_ANCHOR_CH5_SCAN_HANDLER role=2
DBG_DWM_INVALIDATE tag=configure_radio_from_reset active_phy=2 configured=1 awake=0
DBG_DWM_MARK_UNCONFIGURED tag=initialise_radio prev_phy=0
DBG_DWM_CH5_RX_HUNT_START acq=3 complete=15 cap=1021
DBG_DWM_CH5_RX_HUNT_EMPTY ret=-116 status=0x00000000 acq=3
DBG_ANCHOR_CH5_SCAN_RESCHED ret=1 delay=380
DBG_ANCHOR_CH5_SCAN_HANDLER role=2
DBG_ANCHOR_CH5_SCAN_ARM now=343789 win=3 complete=15 interval=380 wait=0 tx=0 response=0
DBG_DWM_INVALIDATE tag=configure_radio_from_reset active_phy=2 configured=1 awake=0
DBG_DWM_MARK_UNCONFIGURED tag=initialise_radio prev_phy=0
DBG_DWM_CH5_RX_HUNT_START acq=3 complete=15 cap=1021
DBG_DWM_CH5_RX_HUNT_EMPTY ret=-116 status=0x00000000 acq=3
DBG_ANCHOR_CH5_SCAN_DONE ret=-116 len=0 fail=1 pre=0 q=0 rx_us=3356 complete=15
DBG_ANCHOR_CH5_SCAN_RESCHED ret=1 delay=380
DBG_DWM_INVALIDATE tag=configure_radio_from_reset active_phy=2 configured=1 awake=0
DBG_DWM_MARK_UNCONFIGURED tag=initialise_radio prev_phy=0
DBG_DWM_INVALIDATE tag=configure_radio_from_reset active_phy=2 configured=1 awake=0
DBG_DWM_MARK_UNCONFIGURED tag=initialise_radio prev_phy=0
DBG_DWM_WAKE_MESH_CTRL_OK sfd=4073
DBG_C5_TX_CONFIG ret=0 ext=1 len=186 msg=3c reason=bounded-c5-flood
DBG_UWB_TX_CH5
DBG_DWM_INVALIDATE tag=configure_radio_from_reset active_phy=4 configured=1 awake=0
DBG_DWM_MARK_UNCONFIGURED tag=initialise_radio prev_phy=0
DBG_DWM_WAKE_MESH_CTRL_OK sfd=4073
DBG_UWB_RX_CH5
DBG_MESH_RX_QUEUED ch=5 msg=0x3c src=0x9999888877776666 dst=0x0 prev=0x191a9619c6c8cb07 seq=45 q=1
DBG_ROUTE_ADV_QUEUED q=1 prev=0x191a9619c6c8cb07 seq=45
DBG_MESH_RX_DEFERRED q=1 msg=0x3c
DBG_C5_FLOOD_DELAY_RX_YIELD queued=1 q=1 rem=40
DBG_C5_FLOOD_WAIT now=344005 wake=344195 first=344195 msg=3c attempt=2/3 reason=gateway-route-adv-forward
DBG_ROUTE_ADV_FORWARD_DONE ret=0 seq=45
DBG_RX_HANDLE msg=0x3c act=0x00000040 st=-9 q=0 sel=1 next=0x9999888877776666 hop=0
DBG_C5_CONTACT phase=open state=2 peer=0x191a9619c6c8cb07 purpose=route_contact_refresh reason=c5-control-rx
DBG_C5_CONTACT phase=accepted state=2 peer=0x191a9619c6c8cb07 purpose=route_contact_refresh reason=c5-control-rx
DBG_MESH_RX_DRAIN_EXIT owner=work handled=2 q=0
DBG_MESH_RX_WORK_EXIT handled=2 q=0
DBG_ANCHOR_MESH_RX_YIELD reason=anchor-low-duty-ch5-owner ch9=0 delay=0 scan_int=380 scan_win=3 wait=0 q=0
DBG_MESH_RX_WORK_WAIT q=0
DBG_MESH_RX_WORK_ENTER q=0
DBG_MESH_RX_DRAIN_ENTER owner=work q=0
DBG_MESH_RX_DRAIN_EXIT owner=work handled=0 q=0
DBG_MESH_RX_WORK_EXIT handled=0 q=0
DBG_ANCHOR_CH5_SCAN_HANDLER role=2
DBG_DWM_INVALIDATE tag=configure_radio_from_reset active_phy=4 configured=1 awake=0
DBG_DWM_MARK_UNCONFIGURED tag=initialise_radio prev_phy=0
DBG_DWM_CH5_RX_HUNT_START acq=3 complete=15 cap=1021
DBG_DWM_CH5_RX_HUNT_EMPTY ret=-116 status=0x00000000 acq=3
DBG_ANCHOR_CH5_SCAN_RESCHED ret=1 delay=380
DBG_ANCHOR_CH5_SCAN_HANDLER role=2
DBG_DWM_INVALIDATE tag=configure_radio_from_reset active_phy=2 configured=1 awake=0
DBG_DWM_MARK_UNCONFIGURED tag=initialise_radio prev_phy=0
DBG_DWM_CH5_RX_HUNT_START acq=3 complete=15 cap=1021
DBG_DWM_CH5_RX_HUNT_EMPTY ret=-116 status=0x00000000 acq=3
DBG_ANCHOR_CH5_SCAN_RESCHED ret=1 delay=380
DBG_ANCHOR_CH5_SCAN_HANDLER role=2
DBG_ANCHOR_CH5_SCAN_ARM now=345011 win=3 complete=15 interval=380 wait=0 tx=0 response=0
DBG_DWM_INVALIDATE tag=configure_radio_from_reset active_phy=2 configured=1 awake=0
DBG_DWM_MARK_UNCONFIGURED tag=initialise_radio prev_phy=0
DBG_DWM_CH5_RX_HUNT_START acq=3 complete=15 cap=1021
DBG_DWM_CH5_RX_HUNT_EMPTY ret=-116 status=0x00000000 acq=3
DBG_ANCHOR_CH5_SCAN_DONE ret=-116 len=0 fail=1 pre=0 q=0 rx_us=3845 complete=15
DBG_ANCHOR_CH5_SCAN_RESCHED ret=1 delay=380
DBG_ANCHOR_CH5_SCAN_HANDLER role=2
DBG_DWM_INVALIDATE tag=configure_radio_from_reset active_phy=2 configured=1 awake=0
DBG_DWM_MARK_UNCONFIGURED tag=initialise_radio prev_phy=0
DBG_DWM_CH5_RX_HUNT_START acq=3 complete=15 cap=1021
DBG_DWM_CH5_RX_HUNT_EMPTY ret=-116 status=0x00000000 acq=3
DBG_ANCHOR_CH5_SCAN_RESCHED ret=1 delay=380
DBG_ANCHOR_CH5_SCAN_HANDLER role=2
DBG_DWM_INVALIDATE tag=configure_radio_from_reset active_phy=2 configured=1 awake=0
DBG_DWM_MARK_UNCONFIGURED tag=initialise_radio prev_phy=0
DBG_DWM_CH5_RX_HUNT_START acq=3 complete=15 cap=1021
DBG_DWM_CH5_RX_HUNT_EMPTY ret=-116 status=0x00000000 acq=3
DBG_ANCHOR_CH5_SCAN_RESCHED ret=1 delay=380
DBG_ANCHOR_CH5_SCAN_HANDLER role=2
DBG_ANCHOR_CH5_SCAN_ARM now=346232 win=3 complete=15 interval=380 wait=0 tx=0 response=0
DBG_DWM_INVALIDATE tag=configure_radio_from_reset active_phy=2 configured=1 awake=0
DBG_DWM_MARK_UNCONFIGURED tag=initialise_radio prev_phy=0
DBG_DWM_CH5_RX_HUNT_START acq=3 complete=15 cap=1021
DBG_DWM_CH5_RX_HUNT_EMPTY ret=-116 status=0x00000000 acq=3
DBG_ANCHOR_CH5_SCAN_DONE ret=-116 len=0 fail=1 pre=0 q=0 rx_us=3295 complete=15
DBG_ANCHOR_CH5_SCAN_RESCHED ret=1 delay=380
DBG_ANCHOR_CH5_SCAN_HANDLER role=2
DBG_DWM_INVALIDATE tag=configure_radio_from_reset active_phy=2 configured=1 awake=0
DBG_DWM_MARK_UNCONFIGURED tag=initialise_radio prev_phy=0
DBG_DWM_CH5_RX_HUNT_START acq=3 complete=15 cap=1021
DBG_DWM_CH5_RX_HUNT_EMPTY ret=-116 status=0x00000000 acq=3
DBG_ANCHOR_CH5_SCAN_RESCHED ret=1 delay=380
DBG_ANCHOR_CH5_SCAN_HANDLER role=2
DBG_DWM_INVALIDATE tag=configure_radio_from_reset active_phy=2 configured=1 awake=0
DBG_DWM_MARK_UNCONFIGURED tag=initialise_radio prev_phy=0
DBG_DWM_CH5_RX_HUNT_START acq=3 complete=15 cap=1021
DBG_DWM_CH5_RX_HUNT_EMPTY ret=-116 status=0x00000000 acq=3
DBG_ANCHOR_CH5_SCAN_RESCHED ret=1 delay=380
DBG_ANCHOR_CH5_SCAN_HANDLER role=2
DBG_ANCHOR_CH5_SCAN_ARM now=347451 win=3 complete=15 interval=380 wait=0 tx=0 response=0
DBG_DWM_INVALIDATE tag=configure_radio_from_reset active_phy=2 configured=1 awake=0
DBG_DWM_MARK_UNCONFIGURED tag=initialise_radio prev_phy=0
DBG_DWM_CH5_RX_HUNT_START acq=3 complete=15 cap=1021
DBG_DWM_CH5_RX_HUNT_EMPTY ret=-116 status=0x00000000 acq=3
DBG_ANCHOR_CH5_SCAN_DONE ret=-116 len=0 fail=1 pre=0 q=0 rx_us=4058 complete=15
DBG_ANCHOR_CH5_SCAN_RESCHED ret=1 delay=380
DBG_ANCHOR_CH5_SCAN_HANDLER role=2
DBG_DWM_INVALIDATE tag=configure_radio_from_reset active_phy=2 configured=1 awake=0
DBG_DWM_MARK_UNCONFIGURED tag=initialise_radio prev_phy=0
DBG_DWM_CH5_RX_HUNT_START acq=3 complete=15 cap=1021
DBG_DWM_CH5_RX_HUNT_EMPTY ret=-116 status=0x00000000 acq=3
DBG_ANCHOR_CH5_SCAN_RESCHED ret=1 delay=380
DBG_ANCHOR_CH5_SCAN_HANDLER role=2
DBG_DWM_INVALIDATE tag=configure_radio_from_reset active_phy=2 configured=1 awake=0
DBG_DWM_MARK_UNCONFIGURED tag=initialise_radio prev_phy=0
DBG_DWM_CH5_RX_HUNT_START acq=3 complete=15 cap=1021
DBG_DWM_CH5_RX_HUNT_EMPTY ret=-116 status=0x00000000 acq=3
DBG_ANCHOR_CH5_SCAN_RESCHED ret=1 delay=380
DBG_ANCHOR_CH5_SCAN_HANDLER role=2
DBG_ANCHOR_CH5_SCAN_ARM now=348671 win=3 complete=15 interval=380 wait=0 tx=0 response=0
DBG_DWM_INVALIDATE tag=configure_radio_from_reset active_phy=2 configured=1 awake=0
DBG_DWM_MARK_UNCONFIGURED tag=initialise_radio prev_phy=0
DBG_DWM_CH5_RX_HUNT_START acq=3 complete=15 cap=1021
DBG_DWM_CH5_RX_HUNT_EMPTY ret=-116 status=0x00000000 acq=3
DBG_ANCHOR_CH5_SCAN_DONE ret=-116 len=0 fail=1 pre=0 q=0 rx_us=3845 complete=15
DBG_ANCHOR_CH5_SCAN_RESCHED ret=1 delay=380
DBG_ANCHOR_CH5_SCAN_HANDLER role=2
DBG_DWM_INVALIDATE tag=configure_radio_from_reset active_phy=2 configured=1 awake=0
DBG_DWM_MARK_UNCONFIGURED tag=initialise_radio prev_phy=0
DBG_DWM_CH5_RX_HUNT_START acq=3 complete=15 cap=1021
DBG_DWM_CH5_RX_HUNT_EMPTY ret=-116 status=0x00000000 acq=3
DBG_ANCHOR_CH5_SCAN_RESCHED ret=1 delay=380
DBG_ANCHOR_CH5_SCAN_HANDLER role=2
DBG_DWM_INVALIDATE tag=configure_radio_from_reset active_phy=2 configured=1 awake=0
DBG_DWM_MARK_UNCONFIGURED tag=initialise_radio prev_phy=0
DBG_DWM_CH5_RX_HUNT_START acq=3 complete=15 cap=1021
DBG_DWM_CH5_RX_HUNT_EMPTY ret=-116 status=0x00000000 acq=3
DBG_ANCHOR_CH5_SCAN_RESCHED ret=1 delay=380
DBG_ANCHOR_CH5_SCAN_HANDLER role=2
DBG_ANCHOR_CH5_SCAN_ARM now=349891 win=3 complete=15 interval=380 wait=0 tx=0 response=0
DBG_DWM_INVALIDATE tag=configure_radio_from_reset active_phy=2 configured=1 awake=0
DBG_DWM_MARK_UNCONFIGURED tag=initialise_radio prev_phy=0
DBG_DWM_CH5_RX_HUNT_START acq=3 complete=15 cap=1021
DBG_DWM_CH5_RX_HUNT_EMPTY ret=-116 status=0x00000000 acq=3
DBG_ANCHOR_CH5_SCAN_DONE ret=-116 len=0 fail=1 pre=0 q=0 rx_us=3875 complete=15
DBG_ANCHOR_CH5_SCAN_RESCHED ret=1 delay=380
DBG_ANCHOR_CH5_SCAN_HANDLER role=2
DBG_DWM_INVALIDATE tag=configure_radio_from_reset active_phy=2 configured=1 awake=0
DBG_DWM_MARK_UNCONFIGURED tag=initialise_radio prev_phy=0
DBG_DWM_CH5_RX_HUNT_START acq=3 complete=15 cap=1021
DBG_DWM_CH5_RX_HUNT_EMPTY ret=-116 status=0x00000000 acq=3
DBG_ANCHOR_CH5_SCAN_RESCHED ret=1 delay=380
DBG_ANCHOR_CH5_SCAN_HANDLER role=2
DBG_DWM_INVALIDATE tag=configure_radio_from_reset active_phy=2 configured=1 awake=0
DBG_DWM_MARK_UNCONFIGURED tag=initialise_radio prev_phy=0
DBG_DWM_CH5_RX_HUNT_START acq=3 complete=15 cap=1021
DBG_DWM_CH5_RX_HUNT_EMPTY ret=-116 status=0x00000000 acq=3
DBG_ANCHOR_CH5_SCAN_RESCHED ret=1 delay=380
DBG_ANCHOR_CH5_SCAN_HANDLER role=2
DBG_ANCHOR_CH5_SCAN_ARM now=351112 win=3 complete=15 interval=380 wait=0 tx=0 response=0
DBG_DWM_INVALIDATE tag=configure_radio_from_reset active_phy=2 configured=1 awake=0
DBG_DWM_MARK_UNCONFIGURED tag=initialise_radio prev_phy=0
DBG_DWM_CH5_RX_HUNT_START acq=3 complete=15 cap=1021
DBG_DWM_CH5_RX_HUNT_EMPTY ret=-116 status=0x00000000 acq=3
DBG_ANCHOR_CH5_SCAN_DONE ret=-116 len=0 fail=1 pre=0 q=0 rx_us=3479 complete=15
DBG_ANCHOR_CH5_SCAN_RESCHED ret=1 delay=380
DBG_ANCHOR_CH5_SCAN_HANDLER role=2
DBG_DWM_INVALIDATE tag=configure_radio_from_reset active_phy=2 configured=1 awake=0
DBG_DWM_MARK_UNCONFIGURED tag=initialise_radio prev_phy=0
DBG_DWM_CH5_RX_HUNT_START acq=3 complete=15 cap=1021
DBG_DWM_CH5_RX_HUNT_EMPTY ret=-116 status=0x00000000 acq=3
DBG_ANCHOR_CH5_SCAN_RESCHED ret=1 delay=380
DBG_ANCHOR_CH5_SCAN_HANDLER role=2
DBG_DWM_INVALIDATE tag=configure_radio_from_reset active_phy=2 configured=1 awake=0
DBG_DWM_MARK_UNCONFIGURED tag=initialise_radio prev_phy=0
DBG_DWM_CH5_RX_HUNT_START acq=3 complete=15 cap=1021
DBG_DWM_CH5_RX_HUNT_EMPTY ret=-116 status=0x00000000 acq=3
DBG_ANCHOR_CH5_SCAN_RESCHED ret=1 delay=380
DBG_ANCHOR_CH5_SCAN_HANDLER role=2
DBG_ANCHOR_CH5_SCAN_ARM now=352333 win=3 complete=15 interval=380 wait=0 tx=0 response=0
DBG_DWM_INVALIDATE tag=configure_radio_from_reset active_phy=2 configured=1 awake=0
DBG_DWM_MARK_UNCONFIGURED tag=initialise_radio prev_phy=0
DBG_DWM_CH5_RX_HUNT_START acq=3 complete=15 cap=1021
DBG_DWM_CH5_RX_HUNT_EMPTY ret=-116 status=0x00000000 acq=3
DBG_ANCHOR_CH5_SCAN_DONE ret=-116 len=0 fail=1 pre=0 q=0 rx_us=3662 complete=15
DBG_ANCHOR_CH5_SCAN_RESCHED ret=1 delay=380
DBG_ANCHOR_CH5_SCAN_HANDLER role=2
DBG_DWM_INVALIDATE tag=configure_radio_from_reset active_phy=2 configured=1 awake=0
DBG_DWM_MARK_UNCONFIGURED tag=initialise_radio prev_phy=0
DBG_DWM_CH5_RX_HUNT_START acq=3 complete=15 cap=1021
DBG_DWM_CH5_RX_HUNT_EMPTY ret=-116 status=0x00000000 acq=3
DBG_ANCHOR_CH5_SCAN_RESCHED ret=1 delay=380
DBG_ANCHOR_CH5_SCAN_HANDLER role=2
DBG_DWM_INVALIDATE tag=configure_radio_from_reset active_phy=2 configured=1 awake=0
DBG_DWM_MARK_UNCONFIGURED tag=initialise_radio prev_phy=0
DBG_DWM_CH5_RX_HUNT_START acq=3 complete=15 cap=1021
DBG_DWM_CH5_RX_HUNT_EMPTY ret=-116 status=0x00000000 acq=3
DBG_ANCHOR_CH5_SCAN_RESCHED ret=1 delay=380
DBG_ANCHOR_CH5_SCAN_HANDLER role=2
DBG_ANCHOR_CH5_SCAN_ARM now=353552 win=3 complete=15 interval=380 wait=0 tx=0 response=0
DBG_DWM_INVALIDATE tag=configure_radio_from_reset active_phy=2 configured=1 awake=0
DBG_DWM_MARK_UNCONFIGURED tag=initialise_radio prev_phy=0
DBG_DWM_CH5_RX_HUNT_START acq=3 complete=15 cap=1021
DBG_DWM_CH5_RX_HUNT_EMPTY ret=-116 status=0x00000000 acq=3
DBG_ANCHOR_CH5_SCAN_DONE ret=-116 len=0 fail=1 pre=0 q=0 rx_us=3875 complete=15
DBG_ANCHOR_CH5_SCAN_RESCHED ret=1 delay=380
DBG_ANCHOR_CH5_SCAN_HANDLER role=2
DBG_DWM_INVALIDATE tag=configure_radio_from_reset active_phy=2 configured=1 awake=0
DBG_DWM_MARK_UNCONFIGURED tag=initialise_radio prev_phy=0
DBG_DWM_CH5_RX_HUNT_START acq=3 complete=15 cap=1021
DBG_DWM_CH5_RX_HUNT_EMPTY ret=-116 status=0x00000000 acq=3
DBG_ANCHOR_CH5_SCAN_RESCHED ret=1 delay=380
DBG_ANCHOR_CH5_SCAN_HANDLER role=2
DBG_DWM_INVALIDATE tag=configure_radio_from_reset active_phy=2 configured=1 awake=0
DBG_DWM_MARK_UNCONFIGURED tag=initialise_radio prev_phy=0
DBG_DWM_CH5_RX_HUNT_START acq=3 complete=15 cap=1021
DBG_DWM_CH5_RX_HUNT_EMPTY ret=-116 status=0x00000000 acq=3
DBG_ANCHOR_CH5_SCAN_RESCHED ret=1 delay=380
DBG_ANCHOR_CH5_SCAN_HANDLER role=2
DBG_ANCHOR_CH5_SCAN_ARM now=354773 win=3 complete=15 interval=380 wait=0 tx=0 response=0
DBG_DWM_INVALIDATE tag=configure_radio_from_reset active_phy=2 configured=1 awake=0
DBG_DWM_MARK_UNCONFIGURED tag=initialise_radio prev_phy=0
DBG_DWM_CH5_RX_HUNT_START acq=3 complete=15 cap=1021
DBG_DWM_CH5_RX_ACTIVITY_EXTEND ret=0 status=0x00000100 complete=15
DBG_DWM_CH5_RX_ACTIVITY_WAIT status=0x00000100 remain=15
DBG_DWM_CH5_RX_ACTIVITY_DONE raw=51 payload=49 status=0x00006f00 rearm=0 extended=1
DBG_ANCHOR_CH5_SCAN_DONE ret=0 len=49 fail=0 pre=1 q=100 rx_us=5004 complete=15
DBG_UWB_RX_CH5
DBG_ANCHOR_CH5_FRAME len=49 q=100 wake_ret=0
DBG_ANCHOR_ROUTE_WAKE_DISPATCH src=0x9999888877776666 evt=438091 attempt=1 flags=0x93 len=49 q=100
DBG_C5_CONTACT phase=closing state=4 peer=0x191a9619c6c8cb07 purpose=route_contact_refresh reason=replace
DBG_C5_CONTACT phase=open state=2 peer=0x9999888877776666 purpose=route_solicit reason=wake-claim
DBG_C5_CONTACT phase=accepted state=2 peer=0x9999888877776666 purpose=route_solicit reason=wake-claim
DBG_ANCHOR_ROUTE_WAKE_HANDOFF src=0x9999888877776666 evt=438091 attempt=1 flags=0x93 embedded=0 listen=2000
DBG_C5_CONTACT phase=closing state=4 peer=0x9999888877776666 purpose=route_solicit reason=replace
DBG_DWM_MARK_UNCONFIGURED tag=initialise_radio prev_phy=0
DBG_DWM_WAKE_MESH_CTRL_OK sfd=4073
DBG_ROUTE_REPLY_LISTEN_CONFIG ret=0 ext=1
DBG_C5_CONTROL_LISTENER_HOLD_EXTENDED
DBG_C5_RX_FAIL status=0x00001300 finfo=0x00000000 fail=4 phy=4 ch=5 plen=3 pac=2 txc=9 rxc=9 sfd=2 rate=0 phr=1 phrr=0 sfdto=4
DBG_C5_CONTROL_LISTENER_HOLD_EXTENDED
DBG_C5_CONTROL_LISTENER_HOLD_EXTENDED
DBG_C5_CONTROL_LISTENER_HOLD_EXTENDED
DBG_C5_CONTROL_LISTENER_HOLD_EXTENDED
DBG_C5_CONTROL_LISTENER_HOLD_EXTENDED
DBG_C5_CONTROL_LISTENER_HOLD_EXTENDED
DBG_C5_CONTROL_LISTENER_HOLD_EXTENDED
DBG_C5_CONTROL_LISTENER_HOLD_EXTENDED
DBG_C5_CONTROL_LISTENER_HOLD_EXTENDED
DBG_C5_CONTROL_LISTENER_HOLD_EXTENDED
DBG_C5_CONTROL_LISTENER_HOLD_EXTENDED
DBG_C5_CONTROL_LISTENER_HOLD_EXTENDED
DBG_C5_CONTROL_LISTENER_HOLD_EXTENDED
DBG_C5_CONTROL_LISTENER_HOLD_EXTENDED
DBG_C5_CONTROL_LISTENER_HOLD_EXTENDED
DBG_C5_CONTROL_LISTENER_HOLD_EXTENDED
DBG_C5_CONTROL_LISTENER_HOLD_EXTENDED
DBG_C5_CONTROL_LISTENER_HOLD_EXTENDED
DBG_C5_CONTROL_LISTENER_HOLD_EXTENDED
DBG_C5_CONTROL_LISTENER_HOLD_EXTENDED
DBG_C5_CONTROL_LISTENER_HOLD_EXTENDED
DBG_C5_CONTROL_LISTENER_HOLD_EXTENDED
DBG_C5_CONTROL_LISTENER_HOLD_EXTENDED
DBG_C5_CONTROL_LISTENER_HOLD_EXTENDED
DBG_C5_CONTROL_LISTENER_HOLD_EXTENDED
DBG_C5_CONTROL_LISTENER_HOLD_EXTENDED
DBG_C5_CONTROL_LISTENER_HOLD_EXTENDED
DBG_C5_CONTROL_LISTENER_HOLD_EXTENDED
DBG_C5_CONTROL_LISTENER_HOLD_EXTENDED
DBG_C5_CONTROL_LISTENER_HOLD_EXTENDED
DBG_C5_CONTROL_LISTENER_HOLD_EXTENDED
DBG_C5_CONTROL_LISTENER_HOLD_EXTENDED
DBG_C5_CONTROL_LISTENER_HOLD_EXTENDED
DBG_C5_CONTROL_LISTENER_HOLD_EXTENDED
DBG_C5_CONTROL_LISTENER_HOLD_EXTENDED
DBG_C5_CONTROL_LISTENER_HOLD_EXTENDED
DBG_C5_CONTROL_LISTENER_HOLD_EXTENDED
DBG_C5_CONTROL_LISTENER_HOLD_EXTENDED
DBG_C5_CONTROL_LISTENER_HOLD_EXTENDED
DBG_C5_CONTROL_LISTENER_HOLD_EXTENDED
DBG_C5_CONTROL_LISTENER_HOLD_EXTENDED
DBG_C5_CONTROL_LISTENER_HOLD_EXTENDED
DBG_C5_CONTROL_LISTENER_HOLD_EXTENDED
DBG_C5_CONTROL_LISTENER_HOLD_EXTENDED
DBG_C5_CONTROL_LISTENER_HOLD_EXTENDED
DBG_C5_CONTROL_LISTENER_HOLD_EXTENDED
DBG_C5_CONTROL_LISTENER_HOLD_EXTENDED
DBG_C5_CONTROL_LISTENER_HOLD_EXTENDED
DBG_C5_CONTROL_LISTENER_HOLD_EXTENDED
DBG_C5_CONTROL_LISTENER_HOLD_EXTENDED
DBG_C5_CONTROL_LISTENER_HOLD_EXTENDED
DBG_C5_CONTROL_LISTENER_HOLD_EXTENDED
DBG_C5_CONTROL_LISTENER_HOLD_EXTENDED
DBG_C5_CONTROL_LISTENER_HOLD_EXTENDED
DBG_C5_CONTROL_LISTENER_HOLD_EXTENDED
DBG_C5_CONTROL_LISTENER_HOLD_EXTENDED
DBG_C5_CONTROL_LISTENER_HOLD_EXTENDED
DBG_C5_CONTROL_LISTENER_HOLD_EXTENDED
DBG_C5_CONTROL_LISTENER_HOLD_EXTENDED
DBG_C5_CONTROL_LISTENER_HOLD_EXTENDED
DBG_C5_CONTROL_LISTENER_HOLD_EXTENDED
DBG_C5_CONTROL_LISTENER_HOLD_EXTENDED
DBG_C5_CONTROL_LISTENER_HOLD_EXTENDED
DBG_C5_CONTROL_LISTENER_HOLD_EXTENDED
DBG_C5_CONTROL_LISTENER_HOLD_EXTENDED
DBG_C5_CONTROL_LISTENER_HOLD_EXTENDED
DBG_C5_CONTROL_LISTENER_HOLD_EXTENDED
DBG_C5_CONTROL_LISTENER_HOLD_EXTENDED
DBG_C5_CONTROL_LISTENER_HOLD_EXTENDED
DBG_C5_CONTROL_LISTENER_HOLD_EXTENDED
DBG_C5_CONTROL_LISTENER_HOLD_EXTENDED
DBG_C5_CONTROL_LISTENER_HOLD_EXTENDED
DBG_C5_CONTROL_LISTENER_HOLD_EXTENDED
DBG_C5_CONTROL_LISTENER_HOLD_EXTENDED
DBG_C5_CONTROL_LISTENER_HOLD_EXTENDED
DBG_C5_CONTROL_LISTENER_HOLD_EXTENDED
DBG_C5_CONTROL_LISTENER_HOLD_EXTENDED
DBG_C5_CONTROL_LISTENER_HOLD_EXTENDED
DBG_C5_CONTROL_LISTENER_HOLD_EXTENDED
DBG_C5_CONTROL_LISTENER_HOLD_EXTENDED
DBG_C5_CONTROL_LISTENER_HOLD_EXTENDED
DBG_C5_CONTROL_LISTENER_HOLD_EXTENDED
DBG_C5_CONTROL_LISTENER_HOLD_EXTENDED
DBG_C5_CONTROL_LISTENER_HOLD_EXTENDED
DBG_C5_CONTROL_LISTENER_HOLD_EXTENDED
DBG_C5_CONTROL_LISTENER_HOLD_EXTENDED
DBG_C5_CONTROL_LISTENER_HOLD_EXTENDED
DBG_C5_CONTROL_LISTENER_HOLD_EXTENDED
DBG_C5_CONTROL_LISTENER_HOLD_EXTENDED
DBG_C5_CONTROL_LISTENER_HOLD_EXTENDED
DBG_C5_CONTROL_LISTENER_HOLD_EXTENDED
DBG_C5_CONTROL_LISTENER_HOLD_EXTENDED
DBG_C5_CONTROL_LISTENER_HOLD_EXTENDED
DBG_C5_CONTROL_LISTENER_HOLD_EXTENDED
DBG_ROUTE_REPLY_RX_FRAME
DBG_C5_CONTROL_ROUTE_READY msg=0x40 prev=0x9999888877776666 ttl=8 origin_ttl=8 relay=0 ret=0
DBG_C5_CONTROL_ROUTE_STATE epoch=90 sel=0 next=0x9999888877776666 hop=0 timing=0
DBG_UWB_RX_CH5
DBG_MESH_RX_QUEUED ch=5 msg=0x40 src=0x9999888877776666 dst=0x0 prev=0x9999888877776666 seq=10 q=1
DBG_MESH_RX_DEFERRED q=1 msg=0x40
DBG_C5_GATEWAY_OPERATION_RETAINED msg=0x40 seq=10 click_waiting=0
DBG_COORD state=mesh-rx owner=uwb-rx reason=mesh-rx rx=1 tx=0 relay=0 route=0 ack=0 qack=0
DBG_ANCHOR_MESH_RX_YIELD reason=anchor-low-duty-ch5-owner ch9=0 delay=0 scan_int=380 scan_win=3 wait=0 q=1
DBG_MESH_RX_WORK_WAIT q=1
DBG_MESH_RX_WORK_ENTER q=1
DBG_MESH_RX_DRAIN_ENTER owner=work q=1
DBG_C5_CONTACT phase=accepted state=2 peer=0x9999888877776666 purpose=gateway_command_flood reason=c5-control-rx
DBG_COORD state=idle owner=c5-flood reason=idle rx=0 tx=0 relay=0 route=0 ack=0 qack=0
DBG_C5_FLOOD_WAIT now=355804 wake=355852 first=355852 msg=40 attempt=1/3 reason=broadcast-forward
DBG_DWM_INVALIDATE tag=configure_radio_from_reset active_phy=4 configured=1 awake=0
DBG_DWM_MARK_UNCONFIGURED tag=initialise_radio prev_phy=0
DBG_DISCOVERY_SLOT_CLEARED epoch=39845977 prior_epoch=39845950
DBG_ENUM_RX_ACTIVE epoch=39845977 budget=418524 duplicate=0
DBG_ANCHOR_CH5_SCAN_RESCHED ret=1 delay=0
DBG_DISCOVERY_SLOT_RESPONSE_SCHEDULED phase=1 epoch=39845977 delay=935 slot=1 lane=1/3 hop=1 hash=0x84e5bb6fd3fa9660
DBG_MESH_RX_DRAIN_EXIT owner=work handled=1 q=0
DBG_MESH_RX_WORK_EXIT handled=1 q=0
DBG_ANCHOR_CH5_SCAN_HANDLER role=2
DBG_ANCHOR_CH5_SCAN_ARM now=355882 win=2000 complete=15 interval=380 wait=0 tx=0 response=0
DBG_DWM_INVALIDATE tag=configure_radio_from_reset active_phy=2 configured=1 awake=0
DBG_DWM_MARK_UNCONFIGURED tag=initialise_radio prev_phy=0
DBG_DWM_WAKE_MESH_CTRL_OK sfd=4073
DBG_DWM_CH5_RX_HUNT_START acq=2000 complete=15 cap=1021
DBG_DWM_CH5_RX_ACTIVITY_EXTEND ret=0 status=0x00000100 complete=15
DBG_DWM_CH5_RX_ACTIVITY_WAIT status=0x00000100 remain=15
DBG_DWM_CH5_RX_ACTIVITY_DONE raw=129 payload=127 status=0x00006f00 rearm=0 extended=1
DBG_ANCHOR_CH5_SCAN_DONE ret=0 len=127 fail=0 pre=1 q=100 rx_us=2000000 complete=15
DBG_UWB_RX_CH5
DBG_ANCHOR_CH5_FRAME len=127 q=100 wake_ret=-5
DBG_UWB_RX_CH5
DBG_MESH_RX_QUEUED ch=5 msg=0x40 src=0x9999888877776666 dst=0x0 prev=0x9999888877776666 seq=10 q=1
DBG_MESH_RX_DEFERRED q=1 msg=0x40
DBG_ANCHOR_MESH_RX_HANDOFF_DEFERRED q=1 delay=380 rf=0
DBG_MESH_RX_WORK_WAIT q=1
DBG_MESH_RX_WORK_ENTER q=1
DBG_MESH_RX_DRAIN_ENTER owner=work q=1
DBG_C5_CONTACT phase=open state=2 peer=0x9999888877776666 purpose=gateway_command_flood reason=c5-control-rx
DBG_C5_CONTACT phase=accepted state=2 peer=0x9999888877776666 purpose=gateway_command_flood reason=c5-control-rx
DBG_ENUM_RX_ACTIVE epoch=39845977 budget=418524 duplicate=1
DBG_ANCHOR_CH5_SCAN_RESCHED ret=2 delay=0
DBG_DISCOVERY_SLOT_RESPONSE_RETAIN phase=1 epoch=39845977 handle=0
DBG_MESH_RX_DRAIN_EXIT owner=work handled=1 q=0
DBG_MESH_RX_WORK_EXIT handled=1 q=0
DBG_DWM_MARK_UNCONFIGURED tag=initialise_radio prev_phy=0
DBG_DWM_WAKE_MESH_CTRL_OK sfd=4073
DBG_DWM_CH5_RX_HUNT_START acq=2000 complete=15 cap=1021
DBG_DWM_CH5_RX_ACTIVITY_EXTEND ret=0 status=0x00000100 complete=15
DBG_DWM_CH5_RX_ACTIVITY_WAIT status=0x00000100 remain=15
DBG_DWM_CH5_RX_ACTIVITY_DONE raw=129 payload=127 status=0x00006f00 rearm=0 extended=1
DBG_ANCHOR_CH5_SCAN_DONE ret=0 len=127 fail=0 pre=1 q=100 rx_us=2000000 complete=15
DBG_UWB_RX_CH5
DBG_ANCHOR_CH5_FRAME len=127 q=100 wake_ret=-5
DBG_UWB_RX_CH5
DBG_MESH_RX_QUEUED ch=5 msg=0x40 src=0x9999888877776666 dst=0x0 prev=0x9999888877776666 seq=10 q=1
DBG_MESH_RX_DEFERRED q=1 msg=0x40
DBG_ANCHOR_MESH_RX_HANDOFF_DEFERRED q=1 delay=380 rf=0
DBG_MESH_RX_WORK_WAIT q=1
DBG_MESH_RX_WORK_ENTER q=1
DBG_MESH_RX_DRAIN_ENTER owner=work q=1
DBG_C5_CONTACT phase=accepted state=2 peer=0x9999888877776666 purpose=gateway_command_flood reason=c5-control-rx
DBG_ENUM_RX_ACTIVE epoch=39845977 budget=418524 duplicate=1
DBG_ANCHOR_CH5_SCAN_RESCHED ret=2 delay=0
DBG_DISCOVERY_SLOT_RESPONSE_RETAIN phase=1 epoch=39845977 handle=0
DBG_MESH_RX_DRAIN_EXIT owner=work handled=1 q=0
DBG_MESH_RX_WORK_EXIT handled=1 q=0
DBG_MESH_RX_SUBMIT ret=1 q=0 routeq=1
DBG_ANCHOR_CH5_SCAN_RESCHED ret=0 delay=0
DBG_ANCHOR_CH5_SCAN_HANDLER role=2
DBG_DWM_MARK_UNCONFIGURED tag=initialise_radio prev_phy=0
DBG_DWM_WAKE_MESH_CTRL_OK sfd=4073
DBG_DWM_CH5_RX_HUNT_START acq=2000 complete=15 cap=1021
DBG_DWM_CH5_RX_ACTIVITY_EXTEND ret=0 status=0x00000100 complete=15
DBG_DWM_CH5_RX_ACTIVITY_WAIT status=0x00000100 remain=15
DBG_DWM_CH5_RX_ACTIVITY_DONE raw=129 payload=127 status=0x00006f00 rearm=0 extended=1
DBG_ANCHOR_CH5_SCAN_DONE ret=0 len=127 fail=0 pre=1 q=100 rx_us=2000000 complete=15
DBG_UWB_RX_CH5
DBG_ANCHOR_CH5_FRAME len=127 q=100 wake_ret=-5
DBG_UWB_RX_CH5
DBG_MESH_RX_QUEUED ch=5 msg=0x40 src=0x9999888877776666 dst=0x0 prev=0x708bc0aab970300e seq=10 q=1
DBG_MESH_RX_DEFERRED q=1 msg=0x40
DBG_ANCHOR_MESH_RX_HANDOFF_DEFERRED q=1 delay=380 rf=0
DBG_MESH_RX_WORK_WAIT q=1
DBG_MESH_RX_WORK_ENTER q=1
DBG_MESH_RX_DRAIN_ENTER owner=work q=1
DBG_C5_CONTACT phase=closing state=4 peer=0x9999888877776666 purpose=gateway_command_flood reason=replace
DBG_C5_CONTACT phase=open state=2 peer=0x708bc0aab970300e purpose=gateway_command_flood reason=c5-control-rx
DBG_C5_CONTACT phase=accepted state=2 peer=0x708bc0aab970300e purpose=gateway_command_flood reason=c5-control-rx
DBG_ENUM_RX_ACTIVE epoch=39845977 budget=418524 duplicate=1
DBG_ANCHOR_CH5_SCAN_RESCHED ret=2 delay=0
DBG_MESH_RX_DRAIN_EXIT owner=work handled=1 q=0
DBG_DWM_MARK_UNCONFIGURED tag=initialise_radio prev_phy=0
DBG_DWM_WAKE_MESH_CTRL_OK sfd=4073
DBG_DWM_CH5_RX_HUNT_START acq=2000 complete=15 cap=1021
DBG_DWM_CH5_RX_ACTIVITY_EXTEND ret=0 status=0x00000100 complete=15
DBG_DWM_CH5_RX_ACTIVITY_WAIT status=0x00000100 remain=15
DBG_DWM_CH5_RX_ACTIVITY_DONE raw=129 payload=127 status=0x00006f00 rearm=0 extended=1
DBG_ANCHOR_CH5_SCAN_DONE ret=0 len=127 fail=0 pre=1 q=100 rx_us=2000000 complete=15
DBG_UWB_RX_CH5
DBG_ANCHOR_CH5_FRAME len=127 q=100 wake_ret=-5
DBG_UWB_RX_CH5
DBG_MESH_RX_QUEUED ch=5 msg=0x40 src=0x9999888877776666 dst=0x0 prev=0x191a9619c6c8cb07 seq=10 q=1
DBG_MESH_RX_DEFERRED q=1 msg=0x40
DBG_ANCHOR_MESH_RX_HANDOFF_DEFERRED q=1 delay=380 rf=0
DBG_MESH_RX_WORK_WAIT q=1
DBG_MESH_RX_WORK_ENTER q=1
DBG_MESH_RX_DRAIN_ENTER owner=work q=1
DBG_C5_CONTACT phase=closing state=4 peer=0x708bc0aab970300e purpose=gateway_command_flood reason=replace
DBG_C5_CONTACT phase=open state=2 peer=0x191a9619c6c8cb07 purpose=gateway_command_flood reason=c5-control-rx
DBG_C5_CONTACT phase=accepted state=2 peer=0x191a9619c6c8cb07 purpose=gateway_command_flood reason=c5-control-rx
DBG_ENUM_RX_ACTIVE epoch=39845977 budget=418524 duplicate=1
DBG_ANCHOR_CH5_SCAN_RESCHED ret=2 delay=0
DBG_MESH_RX_DRAIN_EXIT owner=work handled=1 q=0
DBG_DWM_MARK_UNCONFIGURED tag=initialise_radio prev_phy=0
DBG_DWM_WAKE_MESH_CTRL_OK sfd=4073
DBG_DWM_CH5_RX_HUNT_START acq=2000 complete=15 cap=1021
DBG_DWM_CH5_RX_ACTIVITY_EXTEND ret=0 status=0x00000100 complete=15
DBG_DWM_CH5_RX_ACTIVITY_WAIT status=0x00000100 remain=15
DBG_DWM_CH5_RX_ACTIVITY_DONE raw=129 payload=127 status=0x00006f00 rearm=0 extended=1
DBG_ANCHOR_CH5_SCAN_DONE ret=0 len=127 fail=0 pre=1 q=100 rx_us=2000000 complete=15
DBG_UWB_RX_CH5
DBG_ANCHOR_CH5_FRAME len=127 q=100 wake_ret=-5
DBG_UWB_RX_CH5
DBG_MESH_RX_QUEUED ch=5 msg=0x40 src=0x9999888877776666 dst=0x0 prev=0x191a9619c6c8cb07 seq=10 q=1
DBG_MESH_RX_DEFERRED q=1 msg=0x40
DBG_ANCHOR_MESH_RX_HANDOFF_DEFERRED q=1 delay=380 rf=0
DBG_MESH_RX_WORK_WAIT q=1
DBG_MESH_RX_WORK_ENTER q=1
DBG_MESH_RX_DRAIN_ENTER owner=work q=1
DBG_C5_CONTACT phase=accepted state=2 peer=0x191a9619c6c8cb07 purpose=gateway_command_flood reason=c5-control-rx
DBG_ENUM_RX_ACTIVE epoch=39845977 budget=418524 duplicate=1
DBG_ANCHOR_CH5_SCAN_RESCHED ret=2 delay=0
DBG_DISCOVERY_SLOT_RESPONSE_RETAIN phase=1 epoch=39845977 handle=0
DBG_MESH_RX_DRAIN_EXIT owner=work handled=1 q=0
DBG_MESH_RX_WORK_EXIT handled=1 q=0
DBG_MESH_RX_SUBMIT ret=1 q=0 routeq=1
DBG_ANCHOR_CH5_SCAN_RESCHED ret=0 delay=0
DBG_ANCHOR_CH5_SCAN_HANDLER role=2
DBG_DWM_MARK_UNCONFIGURED tag=initialise_radio prev_phy=0
DBG_DWM_WAKE_MESH_CTRL_OK sfd=4073
DBG_DWM_CH5_RX_HUNT_START acq=2000 complete=15 cap=1021
DBG_DWM_CH5_RX_ACTIVITY_EXTEND ret=0 status=0x00000100 complete=15
DBG_DWM_CH5_RX_ACTIVITY_WAIT status=0x00000100 remain=15
DBG_DWM_CH5_RX_ACTIVITY_DONE raw=129 payload=127 status=0x00006f00 rearm=0 extended=1
DBG_ANCHOR_CH5_SCAN_DONE ret=0 len=127 fail=0 pre=1 q=100 rx_us=2000000 complete=15
DBG_UWB_RX_CH5
DBG_ANCHOR_CH5_FRAME len=127 q=100 wake_ret=-5
DBG_UWB_RX_CH5
DBG_MESH_RX_QUEUED ch=5 msg=0x40 src=0x9999888877776666 dst=0x0 prev=0x191a9619c6c8cb07 seq=10 q=1
DBG_MESH_RX_DEFERRED q=1 msg=0x40
DBG_ANCHOR_MESH_RX_HANDOFF_DEFERRED q=1 delay=380 rf=0
DBG_MESH_RX_WORK_WAIT q=1
DBG_MESH_RX_WORK_ENTER q=1
DBG_MESH_RX_DRAIN_ENTER owner=work q=1
DBG_C5_CONTACT phase=accepted state=2 peer=0x191a9619c6c8cb07 purpose=gateway_command_flood reason=c5-control-rx
DBG_ENUM_RX_ACTIVE epoch=39845977 budget=418524 duplicate=1
DBG_ANCHOR_CH5_SCAN_RESCHED ret=2 delay=0
DBG_DISCOVERY_SLOT_RESPONSE_RETAIN phase=1 epoch=39845977 handle=0
DBG_MESH_RX_DRAIN_EXIT owner=work handled=1 q=0
DBG_MESH_RX_WORK_EXIT handled=1 q=0
DBG_MESH_RX_SUBMIT ret=1 q=0 routeq=1
DBG_ANCHOR_CH5_SCAN_RESCHED ret=0 delay=0
DBG_ANCHOR_CH5_SCAN_HANDLER role=2
DBG_DWM_MARK_UNCONFIGURED tag=initialise_radio prev_phy=0
DBG_DWM_WAKE_MESH_CTRL_OK sfd=4073
DBG_DWM_CH5_RX_HUNT_START acq=2000 complete=15 cap=1021
DBG_DWM_CH5_RX_ACTIVITY_EXTEND ret=0 status=0x00000100 complete=15
DBG_DWM_CH5_RX_ACTIVITY_WAIT status=0x00000100 remain=15
DBG_DWM_CH5_RX_ACTIVITY_DONE raw=129 payload=127 status=0x00006f00 rearm=0 extended=1
DBG_ANCHOR_CH5_SCAN_DONE ret=0 len=127 fail=0 pre=1 q=100 rx_us=2000000 complete=15
DBG_UWB_RX_CH5
DBG_ANCHOR_CH5_FRAME len=127 q=100 wake_ret=-5
DBG_UWB_RX_CH5
DBG_MESH_RX_QUEUED ch=5 msg=0x40 src=0x9999888877776666 dst=0x0 prev=0x191a9619c6c8cb07 seq=10 q=1
DBG_MESH_RX_DEFERRED q=1 msg=0x40
DBG_ANCHOR_MESH_RX_HANDOFF_DEFERRED q=1 delay=380 rf=0
DBG_MESH_RX_WORK_WAIT q=1
DBG_MESH_RX_WORK_ENTER q=1
DBG_MESH_RX_DRAIN_ENTER owner=work q=1
DBG_C5_CONTACT phase=accepted state=2 peer=0x191a9619c6c8cb07 purpose=gateway_command_flood reason=c5-control-rx
DBG_ENUM_RX_ACTIVE epoch=39845977 budget=418524 duplicate=1
DBG_ANCHOR_CH5_SCAN_RESCHED ret=2 delay=0
DBG_DISCOVERY_SLOT_RESPONSE_RETAIN phase=1 epoch=39845977 handle=0
DBG_MESH_RX_DRAIN_EXIT owner=work handled=1 q=0
DBG_MESH_RX_WORK_EXIT handled=1 q=0
DBG_MESH_RX_SUBMIT ret=1 q=0 routeq=1
DBG_ANCHOR_CH5_SCAN_RESCHED ret=0 delay=0
DBG_ANCHOR_CH5_SCAN_HANDLER role=2
DBG_DWM_MARK_UNCONFIGURED tag=initialise_radio prev_phy=0
DBG_DWM_WAKE_MESH_CTRL_OK sfd=4073
DBG_DWM_CH5_RX_HUNT_START acq=2000 complete=15 cap=1021
DBG_NC o=0000000000000007 g=00000007 w=00 e=0000003c s=00000005 q=0000>0004 r=00000000 f=00000024 t=00000000 p=00000000 a=00
DBG_NODE_COMM_SUBMIT handle=7 profile=3 token=17039370 deadline=386816
DBG_DISCOVERY_SLOT_RESPONSE phase=1 epoch=39845977 hash=0x84e5bb6fd3fa9660 hop=1 slot=1 attempt=1 ret=0
DBG_NODE_COMM_TX_BEGIN handle=7 profile=3 msg=65 dst=0x9999888877776666 seq=10
DBG_ANCHOR_CH5_SCAN_DONE ret=-140 len=0 fail=0 pre=0 q=0 rx_us=2000000 complete=15
DBG_ANCHOR_CH5_SCAN_RESCHED ret=2 delay=0
DBG_ANCHOR_CH5_SCAN_HANDLER role=2
DBG_PROTOCOL_RESPONSE_RX_HANDOFF_READY abort=1 owner=5 seq=10
DBG_DIRECT_GW_TX seq=10 now=356819 reason=node-comm-reliable-uplink
DBG_CH9_EVENT_STATE state=tx_payload peer=0x9999888877776666 start=356819 end=357069 reason=node-comm-reliable-uplink
DBG_DWM_INVALIDATE tag=configure_radio_from_reset active_phy=4 configured=1 awake=1
DBG_ANCHOR_CH5_SCAN_BLOCKED win=0 survey=0 tx=0 retry_gap=0 wait=0 rx=1 rxq=0 rxr=1 ack=0 ch9=0 rf=0 retry=20 interval=380
DBG_DWM_MARK_UNCONFIGURED tag=initialise_radio prev_phy=0
DBG_DIRECT_GW_TX_CONFIG ret=0 now=356841 seq=10
DBG_ANCHOR_CH5_SCAN_HANDLER role=2
DBG_CH9_TX_DONE now=356849 dur=8 len=97 msg=41
DBG_UWB_TX_CH9
DBG_CH9_TX_SINGLE_SEND_OK
DBG_CH9_EVENT_STATE state=complete peer=0x9999888877776666 start=356819 end=357069 reason=node-comm-reliable-uplink
DBG_DIRECT_GW_TX_ACK_TRANSIT_WAIT dst=0x9999888877776666 src=0x56da25fe4af6d141 seq=10
DBG_ANCHOR_CH5_SCAN_HANDLER role=2
DBG_ANCHOR_CH5_SCAN_BLOCKED win=0 survey=0 tx=1 retry_gap=0 wait=0 rx=1 rxq=0 rxr=1 ack=1 ch9=0 rf=1 retry=20 interval=380
DBG_ANCHOR_CH5_SCAN_RESCHED ret=1 delay=20
DBG_UWB_RX_CH9
DBG_MESH_RX_QUEUED ch=9 msg=0x32 src=0x9999888877776666 dst=0x56da25fe4af6d141 prev=0x9999888877776666 seq=48 q=1
DBG_GATEWAY_ACK_RX
DBG_DIRECT_GW_ACK_TRANSIT queued=1 valid=1 dst=0x56da25fe4af6d141 seq=48
DBG_DIRECT_GW_TX_ACK_WAIT ret=0 seq=10
DBG_DWM_KEEP_IDLE reason=direct-gateway-payload ch9=0 ack=0 qack=0 ret=0
DBG_NC o=0000000000000007 g=00000007 w=00 e=00000022 s=00000005 q=0004>0005 r=00000000 f=00000001 t=00000000 p=00000000 a=00
DBG_NODE_COMM_ATTEMPT handle=7 profile=3 attempt=1 ret=0 rf=1 scheduled=0 state=0
DBG_COORD state=mesh-rx owner=report-tx reason=mesh-rx rx=1 tx=0 relay=1 route=0 ack=1 qack=0
DBG_MESH_RX_WORK_WAIT q=1
DBG_MESH_RX_WORK_ENTER q=1
DBG_MESH_RX_DRAIN_ENTER owner=work q=1
DBG_CH9_TX_ACK_IDLE
DBG_LEGACY_ACK_NO_MATCH
DBG_MESH_RX_DRAIN_EXIT owner=work handled=1 q=0
DBG_MESH_RX_WORK_EXIT handled=1 q=0
DBG_ANCHOR_MESH_RX_YIELD reason=anchor-low-duty-ch5-owner ch9=0 delay=0 scan_int=380 scan_win=3 wait=0 q=0
DBG_RETRANSMIT_DIRECT_GW seq=10 now=356881
DBG_UWB_TX_CH9
DBG_UWB_RX_CH9
DBG_MESH_RX_QUEUED ch=9 msg=0x32 src=0x9999888877776666 dst=0x56da25fe4af6d141 prev=0x9999888877776666 seq=49 q=1
DBG_GATEWAY_ACK_RX
DBG_DIRECT_GW_ACK_TRANSIT queued=1 valid=1 dst=0x56da25fe4af6d141 seq=49
DBG_DIRECT_GW_TX_ACK_WAIT ret=0 seq=10
DBG_DWM_KEEP_IDLE reason=direct-gateway-payload ch9=0 ack=0 qack=0 ret=0
DBG_MESH_RX_WORK_WAIT q=1
DBG_MESH_RX_WORK_ENTER q=1
DBG_MESH_RX_DRAIN_ENTER owner=work q=1
DBG_CH9_TX_ACK_IDLE
DBG_LEGACY_ACK_CONFIRMED
DBG_NC o=0000000000000007 g=00000007 w=00 e=00000041 s=00000005 q=0005>0008 r=00000000 f=00000026 t=00000000 p=00000002 a=01
DBG_NODE_COMM_TERMINAL_BACKEND_RELEASE handle=7 reason=0 attempts=1 ret=-2 pending=0 outstanding=0 complete=1 failures=0
DBG_DISCOVERY_SLOT_RESPONSE_TERMINAL phase=1 epoch=39845977 generation=39845977
DBG_ACK_CONFIRM_TERMINAL stage=complete ret=0 original=65 seq=10
DBG_MESH_RX_DRAIN_EXIT owner=work handled=1 q=0
DBG_MESH_RX_WORK_EXIT handled=1 q=0
DBG_ANCHOR_CH5_SCAN_HANDLER role=2
DBG_DWM_MARK_UNCONFIGURED tag=initialise_radio prev_phy=0
DBG_DWM_WAKE_MESH_CTRL_OK sfd=4073
DBG_DWM_CH5_RX_HUNT_START acq=2000 complete=15 cap=1021
DBG_DWM_CH5_RX_ACTIVITY_EXTEND ret=0 status=0x00000100 complete=15
DBG_DWM_CH5_RX_ACTIVITY_WAIT status=0x00000100 remain=14
DBG_DWM_CH5_RX_ACTIVITY_REARM status=0x00010f00 fail=4 remain=13 rearm=1
DBG_DWM_CH5_RX_ACTIVITY_FAIL ret=-116 status=0x00000000 last=0x00000000 fail=4 activity=1 rearm=1
DBG_ANCHOR_CH5_SCAN_DONE ret=-5 len=0 fail=4 pre=1 q=0 rx_us=2000000 complete=15
DBG_ANCHOR_CH5_ACTIVITY_COOLDOWN ret=-5 fail=4 reason=crc_failure rx_us=2000000 cooldown=100
DBG_ANCHOR_CH5_SCAN_RESCHED ret=2 delay=0
DBG_ANCHOR_CH5_SCAN_HANDLER role=2
DBG_DWM_INVALIDATE tag=configure_radio_from_reset active_phy=4 configured=1 awake=1
DBG_DWM_MARK_UNCONFIGURED tag=initialise_radio prev_phy=0
DBG_DWM_WAKE_MESH_CTRL_OK sfd=4073
DBG_DWM_CH5_RX_HUNT_START acq=2000 complete=15 cap=1021
DBG_DWM_CH5_RX_ACTIVITY_EXTEND ret=0 status=0x00000100 complete=15
DBG_DWM_CH5_RX_ACTIVITY_WAIT status=0x00000100 remain=15
DBG_DWM_CH5_RX_ACTIVITY_DONE raw=189 payload=187 status=0x00006f00 rearm=0 extended=1
DBG_ANCHOR_CH5_SCAN_DONE ret=0 len=187 fail=0 pre=1 q=100 rx_us=2000000 complete=15
DBG_UWB_RX_CH5
DBG_ANCHOR_CH5_FRAME len=187 q=100 wake_ret=-5
DBG_UWB_RX_CH5
DBG_MESH_RX_QUEUED ch=5 msg=0x40 src=0x9999888877776666 dst=0x0 prev=0x9999888877776666 seq=11 q=1
DBG_MESH_RX_DEFERRED q=1 msg=0x40
DBG_ANCHOR_MESH_RX_HANDOFF_DEFERRED q=1 delay=380 rf=0
DBG_MESH_RX_WORK_WAIT q=1
DBG_MESH_RX_WORK_ENTER q=1
DBG_MESH_RX_DRAIN_ENTER owner=work q=1
DBG_C5_CONTACT phase=closing state=4 peer=0x191a9619c6c8cb07 purpose=gateway_command_flood reason=replace
DBG_C5_CONTACT phase=open state=2 peer=0x9999888877776666 purpose=gateway_command_flood reason=c5-control-rx
DBG_C5_CONTACT phase=accepted state=2 peer=0x9999888877776666 purpose=gateway_command_flood reason=c5-control-rx
DBG_C5_FLOOD_WAIT now=357692 wake=357789 first=357789 msg=40 attempt=1/3 reason=broadcast-forward
DBG_ANCHOR_CH5_SCAN_HANDLER role=2
DBG_DWM_WAKE_MESH_CTRL_OK sfd=4073
DBG_DWM_CH5_RX_HUNT_START acq=2000 complete=15 cap=1021
DBG_ENUM_RX_ACTIVE epoch=39845977 budget=418524 duplicate=1
DBG_ANCHOR_CH5_SCAN_RESCHED ret=2 delay=0
DBG_DISCOVERY_SLOT_RESPONSE_SCHEDULED phase=3 epoch=39845977 delay=757 slot=1 lane=1/3 hop=1 hash=0x84e5bb6fd3fa9660
DBG_DISCOVERY_SLOT_ASSIGNED state=ACK_PENDING epoch=39845977 slot=1 slot_count=50 lane=1/3 anchors=3 hash=0x84e5bb6fd3fa9660
DBG_MESH_RX_DRAIN_EXIT owner=work handled=1 q=0
DBG_MESH_RX_WORK_EXIT handled=1 q=0
DBG_DWM_CH5_RX_ACTIVITY_EXTEND ret=0 status=0x00000100 complete=15
DBG_DWM_CH5_RX_ACTIVITY_WAIT status=0x00000100 remain=14
DBG_DWM_CH5_RX_ACTIVITY_REARM status=0x00001700 fail=4 remain=13 rearm=1
DBG_DWM_CH5_RX_ACTIVITY_FAIL ret=-116 status=0x00000000 last=0x00000000 fail=4 activity=1 rearm=1
DBG_ANCHOR_CH5_SCAN_DONE ret=-5 len=0 fail=4 pre=1 q=0 rx_us=2000000 complete=15
DBG_ANCHOR_CH5_ACTIVITY_COOLDOWN ret=-5 fail=4 reason=crc_failure rx_us=2000000 cooldown=100
DBG_ANCHOR_CH5_SCAN_RESCHED ret=0 delay=0
DBG_ANCHOR_CH5_SCAN_HANDLER role=2
DBG_ANCHOR_CH5_SCAN_ARM now=358097 win=2000 complete=15 interval=380 wait=0 tx=0 response=0
DBG_DWM_INVALIDATE tag=configure_radio_from_reset active_phy=4 configured=1 awake=1
DBG_DWM_MARK_UNCONFIGURED tag=initialise_radio prev_phy=0
DBG_DWM_WAKE_MESH_CTRL_OK sfd=4073
DBG_DWM_CH5_RX_HUNT_START acq=2000 complete=15 cap=1021
DBG_DWM_CH5_RX_ACTIVITY_EXTEND ret=0 status=0x00000100 complete=15
DBG_DWM_CH5_RX_ACTIVITY_WAIT status=0x00000100 remain=15
DBG_DWM_CH5_RX_ACTIVITY_DONE raw=189 payload=187 status=0x00006f00 rearm=0 extended=1
DBG_ANCHOR_CH5_SCAN_DONE ret=0 len=187 fail=0 pre=1 q=100 rx_us=2000000 complete=15
DBG_UWB_RX_CH5
DBG_ANCHOR_CH5_FRAME len=187 q=100 wake_ret=-5
DBG_UWB_RX_CH5
DBG_MESH_RX_QUEUED ch=5 msg=0x40 src=0x9999888877776666 dst=0x0 prev=0x708bc0aab970300e seq=11 q=1
DBG_MESH_RX_DEFERRED q=1 msg=0x40
DBG_ANCHOR_MESH_RX_HANDOFF_DEFERRED q=1 delay=380 rf=0
DBG_MESH_RX_WORK_WAIT q=1
DBG_MESH_RX_WORK_ENTER q=1
DBG_MESH_RX_DRAIN_ENTER owner=work q=1
DBG_C5_CONTACT phase=closing state=4 peer=0x9999888877776666 purpose=gateway_command_flood reason=replace
DBG_C5_CONTACT phase=open state=2 peer=0x708bc0aab970300e purpose=gateway_command_flood reason=c5-control-rx
DBG_C5_CONTACT phase=accepted state=2 peer=0x708bc0aab970300e purpose=gateway_command_flood reason=c5-control-rx
DBG_C5_FLOOD_WAIT now=358432 wake=358529 first=358529 msg=40 attempt=1/3 reason=broadcast-forward
DBG_MESH_RX_SUBMIT ret=1 q=0 routeq=1
DBG_DWM_MARK_UNCONFIGURED tag=initialise_radio prev_phy=0
DBG_DWM_WAKE_MESH_CTRL_OK sfd=4073
DBG_DWM_CH5_RX_HUNT_START acq=2000 complete=15 cap=1021
DBG_ENUM_RX_ACTIVE epoch=39845977 budget=418524 duplicate=1
DBG_ANCHOR_CH5_SCAN_RESCHED ret=2 delay=0
DBG_DISCOVERY_SLOT_RESPONSE_RETAIN phase=3 epoch=39845977 handle=0
DBG_DISCOVERY_SLOT_ACK_RESUME state=ACK_PENDING epoch=39845977 generation=39845984 slot=1
DBG_DISCOVERY_SLOT_TABLE_RETAIN epoch=39845977 generation=39845984 slot=1
DBG_MESH_RX_DRAIN_EXIT owner=work handled=1 q=0
DBG_MESH_RX_WORK_EXIT handled=1 q=0
DBG_DWM_CH5_RX_ACTIVITY_EXTEND ret=0 status=0x00000100 complete=15
DBG_DWM_CH5_RX_ACTIVITY_WAIT status=0x00000100 remain=15
DBG_DWM_CH5_RX_ACTIVITY_DONE raw=189 payload=187 status=0x00006f00 rearm=0 extended=1
DBG_ANCHOR_CH5_SCAN_DONE ret=0 len=187 fail=0 pre=1 q=100 rx_us=2000000 complete=15
DBG_UWB_RX_CH5
DBG_ANCHOR_CH5_FRAME len=187 q=100 wake_ret=-5
DBG_UWB_RX_CH5
DBG_MESH_RX_QUEUED ch=5 msg=0x40 src=0x9999888877776666 dst=0x0 prev=0x708bc0aab970300e seq=11 q=1
DBG_MESH_RX_DEFERRED q=1 msg=0x40
DBG_ANCHOR_MESH_RX_HANDOFF_DEFERRED q=1 delay=380 rf=0
DBG_MESH_RX_WORK_WAIT q=1
DBG_MESH_RX_WORK_ENTER q=1
DBG_MESH_RX_DRAIN_ENTER owner=work q=1
DBG_C5_CONTACT phase=accepted state=2 peer=0x708bc0aab970300e purpose=gateway_command_flood reason=c5-control-rx
DBG_C5_FLOOD_WAIT now=358548 wake=358646 first=358646 msg=40 attempt=1/3 reason=broadcast-forward
DBG_MESH_RX_SUBMIT ret=1 q=0 routeq=1
DBG_ANCHOR_CH5_SCAN_RESCHED ret=0 delay=0
DBG_ANCHOR_CH5_SCAN_HANDLER role=2
DBG_DWM_MARK_UNCONFIGURED tag=initialise_radio prev_phy=0
DBG_DWM_WAKE_MESH_CTRL_OK sfd=4073
DBG_DWM_CH5_RX_HUNT_START acq=2000 complete=15 cap=1021
DBG_ENUM_RX_ACTIVE epoch=39845977 budget=418524 duplicate=1
DBG_ANCHOR_CH5_SCAN_RESCHED ret=2 delay=0
DBG_DISCOVERY_SLOT_RESPONSE_RETAIN phase=3 epoch=39845977 handle=0
DBG_DISCOVERY_SLOT_ACK_RESUME state=ACK_PENDING epoch=39845977 generation=39845984 slot=1
DBG_DISCOVERY_SLOT_TABLE_RETAIN epoch=39845977 generation=39845984 slot=1
DBG_MESH_RX_DRAIN_EXIT owner=work handled=1 q=0
DBG_MESH_RX_WORK_EXIT handled=1 q=0
DBG_NC o=0000000000000008 g=00000008 w=00 e=0000003c s=00000005 q=0000>0004 r=00000000 f=00000024 t=00000000 p=00000000 a=00
DBG_NODE_COMM_SUBMIT handle=8 profile=3 token=17039371 deadline=388547
DBG_DISCOVERY_SLOT_RESPONSE phase=3 epoch=39845977 hash=0x84e5bb6fd3fa9660 hop=1 slot=1 attempt=1 ret=0
DBG_NODE_COMM_TX_BEGIN handle=8 profile=3 msg=65 dst=0x9999888877776666 seq=11
DBG_ANCHOR_CH5_SCAN_DONE ret=-140 len=0 fail=0 pre=0 q=0 rx_us=2000000 complete=15
DBG_ANCHOR_CH5_SCAN_RESCHED ret=0 delay=0
DBG_ANCHOR_CH5_SCAN_HANDLER role=2
DBG_PROTOCOL_RESPONSE_RX_HANDOFF_READY abort=1 owner=5 seq=11
DBG_DWM_MARK_UNCONFIGURED tag=initialise_radio prev_phy=0
DBG_DIRECT_GW_TX_CONFIG ret=0 now=358672 seq=11
DBG_CH9_TX_DONE now=358681 dur=8 len=131 msg=41
DBG_UWB_TX_CH9
DBG_CH9_TX_SINGLE_SEND_OK
DBG_CH9_EVENT_STATE state=complete peer=0x9999888877776666 start=358650 end=358900 reason=node-comm-reliable-uplink
DBG_DIRECT_GW_TX_ACK_TRANSIT_WAIT dst=0x9999888877776666 src=0x56da25fe4af6d141 seq=11
DBG_ANCHOR_CH5_SCAN_HANDLER role=2
DBG_ANCHOR_CH5_SCAN_BLOCKED win=0 survey=0 tx=1 retry_gap=0 wait=0 rx=1 rxq=0 rxr=1 ack=1 ch9=0 rf=1 retry=20 interval=380
DBG_ANCHOR_CH5_SCAN_RESCHED ret=1 delay=20
DBG_UWB_RX_CH9
DBG_MESH_RX_QUEUED ch=9 msg=0x32 src=0x9999888877776666 dst=0x56da25fe4af6d141 prev=0x9999888877776666 seq=53 q=1
DBG_GATEWAY_ACK_RX
DBG_DIRECT_GW_ACK_TRANSIT queued=1 valid=1 dst=0x56da25fe4af6d141 seq=53
DBG_DIRECT_GW_TX_ACK_WAIT ret=0 seq=11
DBG_DWM_KEEP_IDLE reason=direct-gateway-payload ch9=0 ack=0 qack=0 ret=0
DBG_NC o=0000000000000008 g=00000008 w=00 e=00000022 s=00000005 q=0004>0005 r=00000000 f=00000001 t=00000000 p=00000000 a=00
DBG_NODE_COMM_ATTEMPT handle=8 profile=3 attempt=1 ret=0 rf=1 scheduled=0 state=0
DBG_COORD state=mesh-rx owner=report-tx reason=mesh-rx rx=1 tx=0 relay=1 route=0 ack=1 qack=0
DBG_MESH_RX_WORK_WAIT q=1
DBG_MESH_RX_WORK_ENTER q=1
DBG_MESH_RX_DRAIN_ENTER owner=work q=1
DBG_CH9_TX_ACK_IDLE
DBG_LEGACY_ACK_NO_MATCH
DBG_DISCOVERY_SLOT_ASSIGNED state=PROVISIONED epoch=39845977 slot=1 slot_count=50 ack=delivered
DBG_ENUM_ACCEPT epoch=39845977 slot=1
DBG_MESH_RX_DRAIN_EXIT owner=work handled=1 q=0
DBG_MESH_RX_WORK_EXIT handled=1 q=0
DBG_UWB_TX_CH9
DBG_CH9_TX_SINGLE_SEND_OK
DBG_CH9_EVENT_STATE state=complete peer=0x9999888877776666 start=358713 end=358963 reason=retransmit-direct-gateway
DBG_CH9_TX_ACK_CORE_OWNER src=0x56da25fe4af6d141 seq=11 next=0x9999888877776666 deadline=360717
DBG_DIRECT_GW_TX_ACK_TRANSIT_WAIT dst=0x9999888877776666 src=0x56da25fe4af6d141 seq=11
DBG_UWB_RX_CH9
DBG_MESH_RX_QUEUED ch=9 msg=0x32 src=0x9999888877776666 dst=0x56da25fe4af6d141 prev=0x9999888877776666 seq=54 q=1
DBG_GATEWAY_ACK_RX
DBG_DIRECT_GW_ACK_TRANSIT queued=1 valid=1 dst=0x56da25fe4af6d141 seq=54
DBG_DIRECT_GW_TX_ACK_WAIT ret=0 seq=11
DBG_DWM_KEEP_IDLE reason=direct-gateway-payload ch9=0 ack=0 qack=0 ret=0
DBG_MESH_RX_WORK_WAIT q=1
DBG_MESH_RX_WORK_ENTER q=1
DBG_MESH_RX_DRAIN_ENTER owner=work q=1
DBG_CH9_TX_ACK_IDLE
DBG_LEGACY_ACK_CONFIRMED
DBG_NC o=0000000000000008 g=00000008 w=00 e=00000041 s=00000005 q=0005>0008 r=00000000 f=00000026 t=00000000 p=00000002 a=01
DBG_NODE_COMM_TERMINAL_BACKEND_RELEASE handle=8 reason=0 attempts=1 ret=-2 pending=0 outstanding=0 complete=1 failures=0
DBG_COORD state=idle owner=uwb-rx reason=idle rx=0 tx=0 relay=0 route=0 ack=0 qack=0
DBG_ANCHOR_CH5_SCAN_HANDLER role=2
DBG_DWM_INVALIDATE tag=configure_radio_from_reset active_phy=3 configured=1 awake=1
DBG_DISCOVERY_SLOT_RESPONSE_DELIVERED phase=3 epoch=39845977 attempts=1
DBG_DWM_MARK_UNCONFIGURED tag=initialise_radio prev_phy=0
DBG_DWM_WAKE_MESH_CTRL_OK sfd=4073
DBG_DWM_CH5_RX_HUNT_START acq=2000 complete=15 cap=1021
DBG_DWM_CH5_RX_ACTIVITY_EXTEND ret=0 status=0x00000100 complete=15
DBG_DWM_CH5_RX_ACTIVITY_WAIT status=0x00000100 remain=15
DBG_DWM_CH5_RX_ACTIVITY_DONE raw=189 payload=187 status=0x00006f00 rearm=0 extended=1
DBG_ANCHOR_CH5_SCAN_DONE ret=0 len=187 fail=0 pre=1 q=100 rx_us=2000000 complete=15
DBG_UWB_RX_CH5
DBG_ANCHOR_CH5_FRAME len=187 q=100 wake_ret=-5
DBG_UWB_RX_CH5
DBG_MESH_RX_QUEUED ch=5 msg=0x40 src=0x9999888877776666 dst=0x0 prev=0x708bc0aab970300e seq=11 q=1
DBG_MESH_RX_DEFERRED q=1 msg=0x40
DBG_ANCHOR_MESH_RX_HANDOFF_DEFERRED q=1 delay=380 rf=0
DBG_MESH_RX_WORK_WAIT q=1
DBG_MESH_RX_WORK_ENTER q=1
DBG_MESH_RX_DRAIN_ENTER owner=work q=1
DBG_C5_CONTACT phase=accepted state=2 peer=0x708bc0aab970300e purpose=gateway_command_flood reason=c5-control-rx
DBG_C5_FLOOD_WAIT now=358870 wake=358968 first=358968 msg=40 attempt=1/3 reason=broadcast-forward
DBG_MESH_RX_SUBMIT ret=1 q=0 routeq=1
DBG_ANCHOR_CH5_SCAN_RESCHED ret=2 delay=0
DBG_ANCHOR_CH5_SCAN_HANDLER role=2
DBG_DWM_INVALIDATE tag=configure_radio_from_reset active_phy=4 configured=1 awake=1
DBG_DWM_MARK_UNCONFIGURED tag=initialise_radio prev_phy=0
DBG_DWM_WAKE_MESH_CTRL_OK sfd=4073
DBG_DWM_CH5_RX_HUNT_START acq=2000 complete=15 cap=1021
DBG_DISCOVERY_SLOT_RESPONSE_TERMINAL_REPLAY phase=3 epoch=39845977 generation=39845984
DBG_MESH_RX_DRAIN_EXIT owner=work handled=1 q=0
DBG_MESH_RX_WORK_EXIT handled=1 q=0
DBG_DWM_CH5_RX_ACTIVITY_EXTEND ret=0 status=0x00000100 complete=15
DBG_DWM_CH5_RX_ACTIVITY_WAIT status=0x00000100 remain=15
DBG_DWM_CH5_RX_ACTIVITY_DONE raw=189 payload=187 status=0x00006f00 rearm=0 extended=1
DBG_ANCHOR_CH5_SCAN_DONE ret=0 len=187 fail=0 pre=1 q=100 rx_us=2000000 complete=15
DBG_UWB_RX_CH5
DBG_ANCHOR_CH5_FRAME len=187 q=100 wake_ret=-5
DBG_UWB_RX_CH5
DBG_MESH_RX_QUEUED ch=5 msg=0x40 src=0x9999888877776666 dst=0x0 prev=0x708bc0aab970300e seq=11 q=1
DBG_MESH_RX_DEFERRED q=1 msg=0x40
DBG_ANCHOR_MESH_RX_HANDOFF_DEFERRED q=1 delay=380 rf=0
DBG_MESH_RX_WORK_WAIT q=1
DBG_MESH_RX_WORK_ENTER q=1
DBG_MESH_RX_DRAIN_ENTER owner=work q=1
DBG_C5_CONTACT phase=accepted state=2 peer=0x708bc0aab970300e purpose=gateway_command_flood reason=c5-control-rx
DBG_C5_FLOOD_WAIT now=358987 wake=359085 first=359085 msg=40 attempt=1/3 reason=broadcast-forward
DBG_MESH_RX_SUBMIT ret=1 q=0 routeq=1
DBG_ANCHOR_CH5_SCAN_RESCHED ret=2 delay=0
DBG_ANCHOR_CH5_SCAN_HANDLER role=2
DBG_DWM_INVALIDATE tag=configure_radio_from_reset active_phy=4 configured=1 awake=1
DBG_DWM_MARK_UNCONFIGURED tag=initialise_radio prev_phy=0
DBG_DWM_WAKE_MESH_CTRL_OK sfd=4073
DBG_DWM_CH5_RX_HUNT_START acq=2000 complete=15 cap=1021
DBG_DISCOVERY_SLOT_RESPONSE_TERMINAL_REPLAY phase=3 epoch=39845977 generation=39845984
DBG_MESH_RX_DRAIN_EXIT owner=work handled=1 q=0
DBG_MESH_RX_WORK_EXIT handled=1 q=0
DBG_DWM_CH5_RX_ACTIVITY_EXTEND ret=0 status=0x00000100 complete=15
DBG_DWM_CH5_RX_ACTIVITY_WAIT status=0x00000100 remain=15
DBG_DWM_CH5_RX_ACTIVITY_DONE raw=189 payload=187 status=0x00006f00 rearm=0 extended=1
DBG_ANCHOR_CH5_SCAN_DONE ret=0 len=187 fail=0 pre=1 q=100 rx_us=2000000 complete=15
DBG_UWB_RX_CH5
DBG_ANCHOR_CH5_FRAME len=187 q=100 wake_ret=-5
DBG_UWB_RX_CH5
DBG_MESH_RX_QUEUED ch=5 msg=0x40 src=0x9999888877776666 dst=0x0 prev=0x708bc0aab970300e seq=11 q=1
DBG_MESH_RX_DEFERRED q=1 msg=0x40
DBG_ANCHOR_MESH_RX_HANDOFF_DEFERRED q=1 delay=380 rf=0
DBG_MESH_RX_WORK_WAIT q=1
DBG_MESH_RX_WORK_ENTER q=1
DBG_MESH_RX_DRAIN_ENTER owner=work q=1
DBG_C5_CONTACT phase=accepted state=2 peer=0x708bc0aab970300e purpose=gateway_command_flood reason=c5-control-rx
DBG_C5_FLOOD_WAIT now=359104 wake=359202 first=359202 msg=40 attempt=1/3 reason=broadcast-forward
DBG_MESH_RX_SUBMIT ret=1 q=0 routeq=1
DBG_ANCHOR_CH5_SCAN_RESCHED ret=2 delay=0
DBG_ANCHOR_CH5_SCAN_HANDLER role=2
DBG_ANCHOR_CH5_SCAN_ARM now=359105 win=2000 complete=15 interval=380 wait=0 tx=0 response=0
DBG_DWM_MARK_UNCONFIGURED tag=initialise_radio prev_phy=0
DBG_DWM_WAKE_MESH_CTRL_OK sfd=4073
DBG_DWM_CH5_RX_HUNT_START acq=2000 complete=15 cap=1021
DBG_DISCOVERY_SLOT_RESPONSE_TERMINAL_REPLAY phase=3 epoch=39845977 generation=39845984
DBG_MESH_RX_DRAIN_EXIT owner=work handled=1 q=0
DBG_MESH_RX_WORK_EXIT handled=1 q=0
DBG_DWM_CH5_RX_ACTIVITY_EXTEND ret=0 status=0x00000100 complete=15
DBG_DWM_CH5_RX_ACTIVITY_WAIT status=0x00000100 remain=14
DBG_DWM_CH5_RX_ACTIVITY_DONE raw=189 payload=187 status=0x00006f00 rearm=0 extended=1
DBG_ANCHOR_CH5_SCAN_DONE ret=0 len=187 fail=0 pre=1 q=100 rx_us=2000000 complete=15
DBG_UWB_RX_CH5
DBG_ANCHOR_CH5_FRAME len=187 q=100 wake_ret=-5
DBG_UWB_RX_CH5
DBG_MESH_RX_QUEUED ch=5 msg=0x40 src=0x9999888877776666 dst=0x0 prev=0x708bc0aab970300e seq=11 q=1
DBG_MESH_RX_DEFERRED q=1 msg=0x40
DBG_ANCHOR_MESH_RX_HANDOFF_DEFERRED q=1 delay=380 rf=0
DBG_MESH_RX_WORK_WAIT q=1
DBG_MESH_RX_WORK_ENTER q=1
DBG_MESH_RX_DRAIN_ENTER owner=work q=1
DBG_C5_CONTACT phase=accepted state=2 peer=0x708bc0aab970300e purpose=gateway_command_flood reason=c5-control-rx
DBG_C5_FLOOD_WAIT now=359221 wake=359319 first=359319 msg=40 attempt=1/3 reason=broadcast-forward
DBG_MESH_RX_SUBMIT ret=1 q=0 routeq=1
DBG_ANCHOR_CH5_SCAN_RESCHED ret=2 delay=0
DBG_ANCHOR_CH5_SCAN_HANDLER role=2
DBG_DWM_INVALIDATE tag=configure_radio_from_reset active_phy=4 configured=1 awake=1
DBG_DWM_MARK_UNCONFIGURED tag=initialise_radio prev_phy=0
DBG_DWM_WAKE_MESH_CTRL_OK sfd=4073
DBG_DWM_CH5_RX_HUNT_START acq=2000 complete=15 cap=1021
DBG_DISCOVERY_SLOT_RESPONSE_TERMINAL_REPLAY phase=3 epoch=39845977 generation=39845984
DBG_MESH_RX_DRAIN_EXIT owner=work handled=1 q=0
DBG_MESH_RX_WORK_EXIT handled=1 q=0
DBG_DWM_CH5_RX_ACTIVITY_EXTEND ret=0 status=0x00000100 complete=15
DBG_DWM_CH5_RX_ACTIVITY_WAIT status=0x00000100 remain=15
DBG_DWM_CH5_RX_ACTIVITY_DONE raw=189 payload=187 status=0x00006f00 rearm=0 extended=1
DBG_ANCHOR_CH5_SCAN_DONE ret=0 len=187 fail=0 pre=1 q=100 rx_us=2000000 complete=15
DBG_UWB_RX_CH5
DBG_ANCHOR_CH5_FRAME len=187 q=100 wake_ret=-5
DBG_UWB_RX_CH5
DBG_MESH_RX_QUEUED ch=5 msg=0x40 src=0x9999888877776666 dst=0x0 prev=0x708bc0aab970300e seq=11 q=1
DBG_MESH_RX_DEFERRED q=1 msg=0x40
DBG_ANCHOR_MESH_RX_HANDOFF_DEFERRED q=1 delay=380 rf=0
DBG_MESH_RX_WORK_WAIT q=1
DBG_MESH_RX_WORK_ENTER q=1
DBG_MESH_RX_DRAIN_ENTER owner=work q=1
DBG_C5_CONTACT phase=accepted state=2 peer=0x708bc0aab970300e purpose=gateway_command_flood reason=c5-control-rx
DBG_C5_FLOOD_WAIT now=359334 wake=359433 first=359433 msg=40 attempt=1/3 reason=broadcast-forward
DBG_MESH_RX_SUBMIT ret=1 q=0 routeq=1
DBG_ANCHOR_CH5_SCAN_RESCHED ret=2 delay=0
DBG_ANCHOR_CH5_SCAN_HANDLER role=2
DBG_DWM_INVALIDATE tag=configure_radio_from_reset active_phy=4 configured=1 awake=1
DBG_DWM_MARK_UNCONFIGURED tag=initialise_radio prev_phy=0
DBG_DWM_WAKE_MESH_CTRL_OK sfd=4073
DBG_DWM_CH5_RX_HUNT_START acq=2000 complete=15 cap=1021
DBG_DISCOVERY_SLOT_RESPONSE_TERMINAL_REPLAY phase=3 epoch=39845977 generation=39845984
DBG_MESH_RX_DRAIN_EXIT owner=work handled=1 q=0
DBG_MESH_RX_WORK_EXIT handled=1 q=0
DBG_DWM_CH5_RX_ACTIVITY_EXTEND ret=0 status=0x00000100 complete=15
DBG_DWM_CH5_RX_ACTIVITY_WAIT status=0x00000100 remain=15
DBG_DWM_CH5_RX_ACTIVITY_DONE raw=189 payload=187 status=0x00006f00 rearm=0 extended=1
DBG_ANCHOR_CH5_SCAN_DONE ret=0 len=187 fail=0 pre=1 q=100 rx_us=2000000 complete=15
DBG_UWB_RX_CH5
DBG_ANCHOR_CH5_FRAME len=187 q=100 wake_ret=-5
DBG_UWB_RX_CH5
DBG_MESH_RX_QUEUED ch=5 msg=0x40 src=0x9999888877776666 dst=0x0 prev=0x708bc0aab970300e seq=11 q=1
DBG_MESH_RX_DEFERRED q=1 msg=0x40
DBG_ANCHOR_MESH_RX_HANDOFF_DEFERRED q=1 delay=380 rf=0
DBG_MESH_RX_WORK_WAIT q=1
DBG_MESH_RX_WORK_ENTER q=1
DBG_MESH_RX_DRAIN_ENTER owner=work q=1
DBG_C5_CONTACT phase=accepted state=2 peer=0x708bc0aab970300e purpose=gateway_command_flood reason=c5-control-rx
DBG_C5_FLOOD_WAIT now=359452 wake=359550 first=359550 msg=40 attempt=1/3 reason=broadcast-forward
DBG_MESH_RX_SUBMIT ret=1 q=0 routeq=1
DBG_ANCHOR_CH5_SCAN_RESCHED ret=2 delay=0
DBG_ANCHOR_CH5_SCAN_HANDLER role=2
DBG_DWM_INVALIDATE tag=configure_radio_from_reset active_phy=4 configured=1 awake=1
DBG_DWM_MARK_UNCONFIGURED tag=initialise_radio prev_phy=0
DBG_DWM_WAKE_MESH_CTRL_OK sfd=4073
DBG_DWM_CH5_RX_HUNT_START acq=2000 complete=15 cap=1021
DBG_DISCOVERY_SLOT_RESPONSE_TERMINAL_REPLAY phase=3 epoch=39845977 generation=39845984
DBG_MESH_RX_DRAIN_EXIT owner=work handled=1 q=0
DBG_MESH_RX_WORK_EXIT handled=1 q=0
DBG_DWM_CH5_RX_ACTIVITY_EXTEND ret=0 status=0x00000100 complete=15
DBG_DWM_CH5_RX_ACTIVITY_WAIT status=0x00000100 remain=15
DBG_DWM_CH5_RX_ACTIVITY_DONE raw=189 payload=187 status=0x00006f00 rearm=0 extended=1
DBG_ANCHOR_CH5_SCAN_DONE ret=0 len=187 fail=0 pre=1 q=100 rx_us=2000000 complete=15
DBG_UWB_RX_CH5
DBG_ANCHOR_CH5_FRAME len=187 q=100 wake_ret=-5
DBG_UWB_RX_CH5
DBG_MESH_RX_QUEUED ch=5 msg=0x40 src=0x9999888877776666 dst=0x0 prev=0x708bc0aab970300e seq=11 q=1
DBG_MESH_RX_DEFERRED q=1 msg=0x40
DBG_ANCHOR_MESH_RX_HANDOFF_DEFERRED q=1 delay=380 rf=0
DBG_MESH_RX_WORK_WAIT q=1
DBG_MESH_RX_WORK_ENTER q=1
DBG_MESH_RX_DRAIN_ENTER owner=work q=1
DBG_C5_CONTACT phase=accepted state=2 peer=0x708bc0aab970300e purpose=gateway_command_flood reason=c5-control-rx
DBG_C5_FLOOD_WAIT now=359568 wake=359666 first=359666 msg=40 attempt=1/3 reason=broadcast-forward
DBG_MESH_RX_SUBMIT ret=1 q=0 routeq=1
DBG_ANCHOR_CH5_SCAN_RESCHED ret=2 delay=0
DBG_ANCHOR_CH5_SCAN_HANDLER role=2
DBG_DWM_INVALIDATE tag=configure_radio_from_reset active_phy=4 configured=1 awake=1
DBG_DWM_MARK_UNCONFIGURED tag=initialise_radio prev_phy=0
DBG_DWM_WAKE_MESH_CTRL_OK sfd=4073
DBG_DWM_CH5_RX_HUNT_START acq=2000 complete=15 cap=1021
DBG_DISCOVERY_SLOT_RESPONSE_TERMINAL_REPLAY phase=3 epoch=39845977 generation=39845984
DBG_MESH_RX_DRAIN_EXIT owner=work handled=1 q=0
DBG_MESH_RX_WORK_EXIT handled=1 q=0
DBG_DWM_CH5_RX_ACTIVITY_EXTEND ret=0 status=0x00000100 complete=15
DBG_DWM_CH5_RX_ACTIVITY_WAIT status=0x00000100 remain=15
DBG_DWM_CH5_RX_ACTIVITY_DONE raw=189 payload=187 status=0x00006f00 rearm=0 extended=1
DBG_ANCHOR_CH5_SCAN_DONE ret=0 len=187 fail=0 pre=1 q=100 rx_us=2000000 complete=15
DBG_UWB_RX_CH5
DBG_ANCHOR_CH5_FRAME len=187 q=100 wake_ret=-5
DBG_UWB_RX_CH5
DBG_MESH_RX_QUEUED ch=5 msg=0x40 src=0x9999888877776666 dst=0x0 prev=0x708bc0aab970300e seq=11 q=1
DBG_MESH_RX_DEFERRED q=1 msg=0x40
DBG_ANCHOR_MESH_RX_HANDOFF_DEFERRED q=1 delay=380 rf=0
DBG_MESH_RX_WORK_WAIT q=1
DBG_MESH_RX_WORK_ENTER q=1
DBG_MESH_RX_DRAIN_ENTER owner=work q=1
DBG_C5_CONTACT phase=accepted state=2 peer=0x708bc0aab970300e purpose=gateway_command_flood reason=c5-control-rx
DBG_C5_FLOOD_WAIT now=359685 wake=359783 first=359783 msg=40 attempt=1/3 reason=broadcast-forward
DBG_MESH_RX_SUBMIT ret=1 q=0 routeq=1
DBG_ANCHOR_CH5_SCAN_RESCHED ret=2 delay=0
DBG_ANCHOR_CH5_SCAN_HANDLER role=2
DBG_DWM_INVALIDATE tag=configure_radio_from_reset active_phy=4 configured=1 awake=1
DBG_DWM_MARK_UNCONFIGURED tag=initialise_radio prev_phy=0
DBG_DWM_WAKE_MESH_CTRL_OK sfd=4073
DBG_DWM_CH5_RX_HUNT_START acq=2000 complete=15 cap=1021
DBG_DWM_CH5_RX_ACTIVITY_EXTEND ret=0 status=0x00000100 complete=15
DBG_DWM_CH5_RX_ACTIVITY_WAIT status=0x00000100 remain=15
DBG_DWM_CH5_RX_ACTIVITY_REARM status=0x00010f00 fail=4 remain=14 rearm=1
DBG_DWM_CH5_RX_ACTIVITY_FAIL ret=-116 status=0x00000000 last=0x00000000 fail=4 activity=1 rearm=1
DBG_ANCHOR_CH5_SCAN_DONE ret=-5 len=0 fail=4 pre=1 q=0 rx_us=2000000 complete=15
DBG_ANCHOR_CH5_ACTIVITY_COOLDOWN ret=-5 fail=4 reason=crc_failure rx_us=2000000 cooldown=100
DBG_ANCHOR_CH5_SCAN_RESCHED ret=2 delay=0
DBG_ANCHOR_CH5_SCAN_HANDLER role=2
DBG_DWM_INVALIDATE tag=configure_radio_from_reset active_phy=4 configured=1 awake=1
DBG_DWM_MARK_UNCONFIGURED tag=initialise_radio prev_phy=0
DBG_DWM_WAKE_MESH_CTRL_OK sfd=4073
DBG_DWM_CH5_RX_HUNT_START acq=2000 complete=15 cap=1021
DBG_DISCOVERY_SLOT_RESPONSE_TERMINAL_REPLAY phase=3 epoch=39845977 generation=39845984
DBG_MESH_RX_DRAIN_EXIT owner=work handled=1 q=0
DBG_MESH_RX_WORK_EXIT handled=1 q=0
DBG_DWM_CH5_RX_ACTIVITY_EXTEND ret=0 status=0x00000100 complete=15
DBG_DWM_CH5_RX_ACTIVITY_WAIT status=0x00000100 remain=15
DBG_DWM_CH5_RX_ACTIVITY_REARM status=0x00001300 fail=4 remain=14 rearm=1
DBG_DWM_CH5_RX_ACTIVITY_FAIL ret=-116 status=0x00000000 last=0x00000000 fail=4 activity=1 rearm=1
DBG_ANCHOR_CH5_SCAN_DONE ret=-5 len=0 fail=4 pre=1 q=0 rx_us=2000000 complete=15
DBG_ANCHOR_CH5_ACTIVITY_COOLDOWN ret=-5 fail=4 reason=crc_failure rx_us=2000000 cooldown=100
DBG_ANCHOR_CH5_SCAN_RESCHED ret=2 delay=0
DBG_ANCHOR_CH5_SCAN_HANDLER role=2
DBG_DWM_INVALIDATE tag=configure_radio_from_reset active_phy=4 configured=1 awake=1
DBG_DWM_MARK_UNCONFIGURED tag=initialise_radio prev_phy=0
DBG_DWM_WAKE_MESH_CTRL_OK sfd=4073
DBG_DWM_CH5_RX_HUNT_START acq=2000 complete=15 cap=1021
DBG_DWM_CH5_RX_HUNT_EMPTY ret=-116 status=0x00000000 acq=2000
DBG_ANCHOR_CH5_SCAN_RESCHED ret=2 delay=0
DBG_ANCHOR_CH5_SCAN_HANDLER role=2
DBG_ANCHOR_CH5_SCAN_ARM now=362070 win=2000 complete=15 interval=380 wait=0 tx=0 response=0
DBG_DWM_INVALIDATE tag=configure_radio_from_reset active_phy=4 configured=1 awake=1
DBG_DWM_MARK_UNCONFIGURED tag=initialise_radio prev_phy=0
DBG_DWM_WAKE_MESH_CTRL_OK sfd=4073
DBG_DWM_CH5_RX_HUNT_START acq=2000 complete=15 cap=1021
DBG_DWM_CH5_RX_ACTIVITY_EXTEND ret=0 status=0x00000100 complete=15
DBG_DWM_CH5_RX_ACTIVITY_WAIT status=0x00000100 remain=15
DBG_DWM_CH5_RX_ACTIVITY_DONE raw=189 payload=187 status=0x00006f00 rearm=0 extended=1
DBG_ANCHOR_CH5_SCAN_DONE ret=0 len=187 fail=0 pre=1 q=100 rx_us=2000000 complete=15
DBG_UWB_RX_CH5
DBG_ANCHOR_CH5_FRAME len=187 q=100 wake_ret=-5
DBG_UWB_RX_CH5
DBG_MESH_RX_QUEUED ch=5 msg=0x40 src=0x9999888877776666 dst=0x0 prev=0x191a9619c6c8cb07 seq=11 q=1
DBG_MESH_RX_DEFERRED q=1 msg=0x40
DBG_ANCHOR_MESH_RX_HANDOFF_DEFERRED q=1 delay=380 rf=0
DBG_MESH_RX_WORK_WAIT q=1
DBG_MESH_RX_WORK_ENTER q=1
DBG_MESH_RX_DRAIN_ENTER owner=work q=1
DBG_C5_CONTACT phase=closing state=4 peer=0x708bc0aab970300e purpose=gateway_command_flood reason=replace
DBG_C5_CONTACT phase=open state=2 peer=0x191a9619c6c8cb07 purpose=gateway_command_flood reason=c5-control-rx
DBG_C5_CONTACT phase=accepted state=2 peer=0x191a9619c6c8cb07 purpose=gateway_command_flood reason=c5-control-rx
DBG_C5_FLOOD_WAIT now=363287 wake=363385 first=363385 msg=40 attempt=1/3 reason=broadcast-forward
DBG_MESH_RX_SUBMIT ret=1 q=0 routeq=1
DBG_DWM_MARK_UNCONFIGURED tag=initialise_radio prev_phy=0
DBG_DWM_WAKE_MESH_CTRL_OK sfd=4073
DBG_DWM_CH5_RX_HUNT_START acq=2000 complete=15 cap=1021
DBG_DISCOVERY_SLOT_RESPONSE_TERMINAL_REPLAY phase=3 epoch=39845977 generation=39845984
DBG_MESH_RX_DRAIN_EXIT owner=work handled=1 q=0
DBG_MESH_RX_WORK_EXIT handled=1 q=0
DBG_DWM_CH5_RX_ACTIVITY_EXTEND ret=0 status=0x00000100 complete=15
DBG_DWM_CH5_RX_ACTIVITY_WAIT status=0x00000100 remain=15
DBG_DWM_CH5_RX_ACTIVITY_DONE raw=189 payload=187 status=0x00006f00 rearm=0 extended=1
DBG_ANCHOR_CH5_SCAN_DONE ret=0 len=187 fail=0 pre=1 q=100 rx_us=2000000 complete=15
DBG_UWB_RX_CH5
DBG_ANCHOR_CH5_FRAME len=187 q=100 wake_ret=-5
DBG_UWB_RX_CH5
DBG_MESH_RX_QUEUED ch=5 msg=0x40 src=0x9999888877776666 dst=0x0 prev=0x191a9619c6c8cb07 seq=11 q=1
DBG_MESH_RX_DEFERRED q=1 msg=0x40
DBG_ANCHOR_MESH_RX_HANDOFF_DEFERRED q=1 delay=380 rf=0
DBG_MESH_RX_WORK_WAIT q=1
DBG_MESH_RX_WORK_ENTER q=1
DBG_MESH_RX_DRAIN_ENTER owner=work q=1
DBG_C5_CONTACT phase=accepted state=2 peer=0x191a9619c6c8cb07 purpose=gateway_command_flood reason=c5-control-rx
DBG_C5_FLOOD_WAIT now=363404 wake=363502 first=363502 msg=40 attempt=1/3 reason=broadcast-forward
DBG_MESH_RX_SUBMIT ret=1 q=0 routeq=1
DBG_ANCHOR_CH5_SCAN_RESCHED ret=2 delay=0
DBG_ANCHOR_CH5_SCAN_HANDLER role=2
DBG_DWM_INVALIDATE tag=configure_radio_from_reset active_phy=4 configured=1 awake=1
DBG_DWM_MARK_UNCONFIGURED tag=initialise_radio prev_phy=0
DBG_DWM_WAKE_MESH_CTRL_OK sfd=4073
DBG_DWM_CH5_RX_HUNT_START acq=2000 complete=15 cap=1021
DBG_DISCOVERY_SLOT_RESPONSE_TERMINAL_REPLAY phase=3 epoch=39845977 generation=39845984
DBG_MESH_RX_DRAIN_EXIT owner=work handled=1 q=0
DBG_MESH_RX_WORK_EXIT handled=1 q=0
DBG_DWM_CH5_RX_ACTIVITY_EXTEND ret=0 status=0x00000100 complete=15
DBG_DWM_CH5_RX_ACTIVITY_WAIT status=0x00000100 remain=15
DBG_DWM_CH5_RX_ACTIVITY_DONE raw=189 payload=187 status=0x00006f00 rearm=0 extended=1
DBG_ANCHOR_CH5_SCAN_DONE ret=0 len=187 fail=0 pre=1 q=100 rx_us=2000000 complete=15
DBG_UWB_RX_CH5
DBG_ANCHOR_CH5_FRAME len=187 q=100 wake_ret=-5
DBG_UWB_RX_CH5
DBG_MESH_RX_QUEUED ch=5 msg=0x40 src=0x9999888877776666 dst=0x0 prev=0x191a9619c6c8cb07 seq=11 q=1
DBG_MESH_RX_DEFERRED q=1 msg=0x40
DBG_ANCHOR_MESH_RX_HANDOFF_DEFERRED q=1 delay=380 rf=0
DBG_MESH_RX_WORK_WAIT q=1
DBG_MESH_RX_WORK_ENTER q=1
DBG_MESH_RX_DRAIN_ENTER owner=work q=1
DBG_C5_CONTACT phase=accepted state=2 peer=0x191a9619c6c8cb07 purpose=gateway_command_flood reason=c5-control-rx
DBG_C5_FLOOD_WAIT now=363521 wake=363619 first=363619 msg=40 attempt=1/3 reason=broadcast-forward
DBG_MESH_RX_SUBMIT ret=1 q=0 routeq=1
DBG_ANCHOR_CH5_SCAN_RESCHED ret=2 delay=0
DBG_ANCHOR_CH5_SCAN_HANDLER role=2
DBG_DWM_INVALIDATE tag=configure_radio_from_reset active_phy=4 configured=1 awake=1
DBG_DWM_MARK_UNCONFIGURED tag=initialise_radio prev_phy=0
DBG_DWM_WAKE_MESH_CTRL_OK sfd=4073
DBG_DWM_CH5_RX_HUNT_START acq=2000 complete=15 cap=1021
DBG_DISCOVERY_SLOT_RESPONSE_TERMINAL_REPLAY phase=3 epoch=39845977 generation=39845984
DBG_MESH_RX_DRAIN_EXIT owner=work handled=1 q=0
DBG_MESH_RX_WORK_EXIT handled=1 q=0
DBG_DWM_CH5_RX_ACTIVITY_EXTEND ret=0 status=0x00000100 complete=15
DBG_DWM_CH5_RX_ACTIVITY_WAIT status=0x00000100 remain=15
DBG_DWM_CH5_RX_ACTIVITY_DONE raw=189 payload=187 status=0x00006f00 rearm=0 extended=1
DBG_ANCHOR_CH5_SCAN_DONE ret=0 len=187 fail=0 pre=1 q=100 rx_us=2000000 complete=15
DBG_UWB_RX_CH5
DBG_ANCHOR_CH5_FRAME len=187 q=100 wake_ret=-5
DBG_UWB_RX_CH5
DBG_MESH_RX_QUEUED ch=5 msg=0x40 src=0x9999888877776666 dst=0x0 prev=0x191a9619c6c8cb07 seq=11 q=1
DBG_MESH_RX_DEFERRED q=1 msg=0x40
DBG_ANCHOR_MESH_RX_HANDOFF_DEFERRED q=1 delay=380 rf=0
DBG_MESH_RX_WORK_WAIT q=1
DBG_MESH_RX_WORK_ENTER q=1
DBG_MESH_RX_DRAIN_ENTER owner=work q=1
DBG_C5_CONTACT phase=accepted state=2 peer=0x191a9619c6c8cb07 purpose=gateway_command_flood reason=c5-control-rx
DBG_C5_FLOOD_WAIT now=363638 wake=363736 first=363736 msg=40 attempt=1/3 reason=broadcast-forward
DBG_MESH_RX_SUBMIT ret=1 q=0 routeq=1
DBG_ANCHOR_CH5_SCAN_RESCHED ret=2 delay=0
DBG_ANCHOR_CH5_SCAN_HANDLER role=2
DBG_DWM_INVALIDATE tag=configure_radio_from_reset active_phy=4 configured=1 awake=1
DBG_DWM_MARK_UNCONFIGURED tag=initialise_radio prev_phy=0
DBG_DWM_WAKE_MESH_CTRL_OK sfd=4073
DBG_DWM_CH5_RX_HUNT_START acq=2000 complete=15 cap=1021
DBG_DWM_CH5_RX_ACTIVITY_EXTEND ret=0 status=0x00000100 complete=15
DBG_DWM_CH5_RX_ACTIVITY_WAIT status=0x00000100 remain=15
DBG_DWM_CH5_RX_ACTIVITY_DONE raw=189 payload=187 status=0x00006f00 rearm=0 extended=1
DBG_ANCHOR_CH5_SCAN_DONE ret=0 len=187 fail=0 pre=1 q=100 rx_us=2000000 complete=15
DBG_UWB_RX_CH5
DBG_ANCHOR_CH5_FRAME len=187 q=100 wake_ret=-5
DBG_UWB_RX_CH5
DBG_MESH_RX_QUEUED ch=5 msg=0x40 src=0x9999888877776666 dst=0x0 prev=0x191a9619c6c8cb07 seq=11 q=1
DBG_MESH_RX_DEFERRED q=1 msg=0x40
DBG_ANCHOR_MESH_RX_HANDOFF_DEFERRED q=1 delay=380 rf=0
DBG_MESH_RX_SUBMIT ret=2 q=1 routeq=1
DBG_ANCHOR_CH5_SCAN_RESCHED ret=2 delay=0
DBG_ANCHOR_CH5_SCAN_HANDLER role=2
DBG_DWM_INVALIDATE tag=configure_radio_from_reset active_phy=4 configured=1 awake=1
DBG_DISCOVERY_SLOT_RESPONSE_TERMINAL_REPLAY phase=3 epoch=39845977 generation=39845984
DBG_C5_CONTACT phase=accepted state=2 peer=0x191a9619c6c8cb07 purpose=gateway_command_flood reason=c5-control-rx
DBG_DISCOVERY_SLOT_RESPONSE_TERMINAL_REPLAY phase=3 epoch=39845977 generation=39845984
DBG_MESH_RX_DRAIN_EXIT owner=work handled=2 q=0
DBG_MESH_RX_WORK_EXIT handled=2 q=0
DBG_MESH_RX_WORK_WAIT q=0
DBG_MESH_RX_WORK_ENTER q=0
DBG_MESH_RX_DRAIN_ENTER owner=work q=0
DBG_MESH_RX_DRAIN_EXIT owner=work handled=0 q=0
DBG_MESH_RX_WORK_EXIT handled=0 q=0
DBG_DWM_MARK_UNCONFIGURED tag=initialise_radio prev_phy=0
DBG_DWM_WAKE_MESH_CTRL_OK sfd=4073
DBG_DWM_CH5_RX_HUNT_START acq=2000 complete=15 cap=1021
DBG_DWM_CH5_RX_ACTIVITY_EXTEND ret=0 status=0x00000100 complete=15
DBG_DWM_CH5_RX_ACTIVITY_WAIT status=0x00000100 remain=15
DBG_DWM_CH5_RX_ACTIVITY_DONE raw=189 payload=187 status=0x00006f00 rearm=0 extended=1
DBG_ANCHOR_CH5_SCAN_DONE ret=0 len=187 fail=0 pre=1 q=100 rx_us=2000000 complete=15
DBG_UWB_RX_CH5
DBG_ANCHOR_CH5_FRAME len=187 q=100 wake_ret=-5
DBG_UWB_RX_CH5
DBG_MESH_RX_QUEUED ch=5 msg=0x40 src=0x9999888877776666 dst=0x0 prev=0x191a9619c6c8cb07 seq=11 q=1
DBG_MESH_RX_DEFERRED q=1 msg=0x40
DBG_ANCHOR_MESH_RX_HANDOFF_DEFERRED q=1 delay=380 rf=0
DBG_MESH_RX_WORK_WAIT q=1
DBG_MESH_RX_WORK_ENTER q=1
DBG_MESH_RX_DRAIN_ENTER owner=work q=1
DBG_C5_CONTACT phase=accepted state=2 peer=0x191a9619c6c8cb07 purpose=gateway_command_flood reason=c5-control-rx
DBG_C5_FLOOD_WAIT now=363840 wake=363938 first=363938 msg=40 attempt=1/3 reason=broadcast-forward
DBG_MESH_RX_SUBMIT ret=1 q=0 routeq=1
DBG_ANCHOR_CH5_SCAN_RESCHED ret=2 delay=0
DBG_ANCHOR_CH5_SCAN_HANDLER role=2
DBG_DWM_INVALIDATE tag=configure_radio_from_reset active_phy=4 configured=1 awake=1
DBG_DWM_MARK_UNCONFIGURED tag=initialise_radio prev_phy=0
DBG_DWM_WAKE_MESH_CTRL_OK sfd=4073
DBG_DWM_CH5_RX_HUNT_START acq=2000 complete=15 cap=1021
DBG_DISCOVERY_SLOT_RESPONSE_TERMINAL_REPLAY phase=3 epoch=39845977 generation=39845984
DBG_MESH_RX_DRAIN_EXIT owner=work handled=1 q=0
DBG_MESH_RX_WORK_EXIT handled=1 q=0
DBG_DWM_CH5_RX_ACTIVITY_EXTEND ret=0 status=0x00000100 complete=15
DBG_DWM_CH5_RX_ACTIVITY_WAIT status=0x00000100 remain=15
DBG_DWM_CH5_RX_ACTIVITY_DONE raw=189 payload=187 status=0x00006f00 rearm=0 extended=1
DBG_ANCHOR_CH5_SCAN_DONE ret=0 len=187 fail=0 pre=1 q=100 rx_us=2000000 complete=15
DBG_UWB_RX_CH5
DBG_ANCHOR_CH5_FRAME len=187 q=100 wake_ret=-5
DBG_UWB_RX_CH5
DBG_MESH_RX_QUEUED ch=5 msg=0x40 src=0x9999888877776666 dst=0x0 prev=0x191a9619c6c8cb07 seq=11 q=1
DBG_MESH_RX_DEFERRED q=1 msg=0x40
DBG_ANCHOR_MESH_RX_HANDOFF_DEFERRED q=1 delay=380 rf=0
DBG_MESH_RX_WORK_WAIT q=1
DBG_MESH_RX_WORK_ENTER q=1
DBG_MESH_RX_DRAIN_ENTER owner=work q=1
DBG_C5_CONTACT phase=accepted state=2 peer=0x191a9619c6c8cb07 purpose=gateway_command_flood reason=c5-control-rx
DBG_C5_FLOOD_WAIT now=363957 wake=364055 first=364055 msg=40 attempt=1/3 reason=broadcast-forward
DBG_MESH_RX_SUBMIT ret=1 q=0 routeq=1
DBG_ANCHOR_CH5_SCAN_RESCHED ret=2 delay=0
DBG_ANCHOR_CH5_SCAN_HANDLER role=2
DBG_DWM_INVALIDATE tag=configure_radio_from_reset active_phy=4 configured=1 awake=1
DBG_DWM_MARK_UNCONFIGURED tag=initialise_radio prev_phy=0
DBG_DWM_WAKE_MESH_CTRL_OK sfd=4073
DBG_DWM_CH5_RX_HUNT_START acq=2000 complete=15 cap=1021
DBG_DISCOVERY_SLOT_RESPONSE_TERMINAL_REPLAY phase=3 epoch=39845977 generation=39845984
DBG_MESH_RX_DRAIN_EXIT owner=work handled=1 q=0
DBG_MESH_RX_WORK_EXIT handled=1 q=0
DBG_DWM_CH5_RX_ACTIVITY_EXTEND ret=0 status=0x00000100 complete=15
DBG_DWM_CH5_RX_ACTIVITY_WAIT status=0x00000100 remain=15
DBG_DWM_CH5_RX_ACTIVITY_DONE raw=189 payload=187 status=0x00006f00 rearm=0 extended=1
DBG_ANCHOR_CH5_SCAN_DONE ret=0 len=187 fail=0 pre=1 q=100 rx_us=2000000 complete=15
DBG_UWB_RX_CH5
DBG_ANCHOR_CH5_FRAME len=187 q=100 wake_ret=-5
DBG_UWB_RX_CH5
DBG_MESH_RX_QUEUED ch=5 msg=0x40 src=0x9999888877776666 dst=0x0 prev=0x191a9619c6c8cb07 seq=11 q=1
DBG_MESH_RX_DEFERRED q=1 msg=0x40
DBG_ANCHOR_MESH_RX_HANDOFF_DEFERRED q=1 delay=380 rf=0
DBG_MESH_RX_WORK_WAIT q=1
DBG_MESH_RX_WORK_ENTER q=1
DBG_MESH_RX_DRAIN_ENTER owner=work q=1
DBG_C5_CONTACT phase=accepted state=2 peer=0x191a9619c6c8cb07 purpose=gateway_command_flood reason=c5-control-rx
DBG_C5_FLOOD_WAIT now=364074 wake=364172 first=364172 msg=40 attempt=1/3 reason=broadcast-forward
DBG_MESH_RX_SUBMIT ret=1 q=0 routeq=1
DBG_ANCHOR_CH5_SCAN_RESCHED ret=2 delay=0
DBG_ANCHOR_CH5_SCAN_HANDLER role=2
DBG_DWM_INVALIDATE tag=configure_radio_from_reset active_phy=4 configured=1 awake=1
DBG_DWM_MARK_UNCONFIGURED tag=initialise_radio prev_phy=0
DBG_DWM_WAKE_MESH_CTRL_OK sfd=4073
DBG_DWM_CH5_RX_HUNT_START acq=2000 complete=15 cap=1021
DBG_DISCOVERY_SLOT_RESPONSE_TERMINAL_REPLAY phase=3 epoch=39845977 generation=39845984
DBG_MESH_RX_DRAIN_EXIT owner=work handled=1 q=0
DBG_MESH_RX_WORK_EXIT handled=1 q=0
DBG_DWM_CH5_RX_ACTIVITY_EXTEND ret=0 status=0x00000100 complete=15
DBG_DWM_CH5_RX_ACTIVITY_WAIT status=0x00000100 remain=15
DBG_DWM_CH5_RX_ACTIVITY_DONE raw=189 payload=187 status=0x00006f00 rearm=0 extended=1
DBG_ANCHOR_CH5_SCAN_DONE ret=0 len=187 fail=0 pre=1 q=100 rx_us=2000000 complete=15
DBG_UWB_RX_CH5
DBG_ANCHOR_CH5_FRAME len=187 q=100 wake_ret=-5
DBG_UWB_RX_CH5
DBG_MESH_RX_QUEUED ch=5 msg=0x40 src=0x9999888877776666 dst=0x0 prev=0x191a9619c6c8cb07 seq=11 q=1
DBG_MESH_RX_DEFERRED q=1 msg=0x40
DBG_ANCHOR_MESH_RX_HANDOFF_DEFERRED q=1 delay=380 rf=0
DBG_MESH_RX_WORK_WAIT q=1
DBG_MESH_RX_WORK_ENTER q=1
DBG_MESH_RX_DRAIN_ENTER owner=work q=1
DBG_C5_CONTACT phase=accepted state=2 peer=0x191a9619c6c8cb07 purpose=gateway_command_flood reason=c5-control-rx
DBG_C5_FLOOD_WAIT now=364194 wake=364292 first=364292 msg=40 attempt=1/3 reason=broadcast-forward
DBG_MESH_RX_SUBMIT ret=1 q=0 routeq=1
DBG_ANCHOR_CH5_SCAN_RESCHED ret=2 delay=0
DBG_ANCHOR_CH5_SCAN_HANDLER role=2
DBG_DWM_INVALIDATE tag=configure_radio_from_reset active_phy=4 configured=1 awake=1
DBG_DWM_MARK_UNCONFIGURED tag=initialise_radio prev_phy=0
DBG_DWM_WAKE_MESH_CTRL_OK sfd=4073
DBG_DWM_CH5_RX_HUNT_START acq=2000 complete=15 cap=1021
DBG_DISCOVERY_SLOT_RESPONSE_TERMINAL_REPLAY phase=3 epoch=39845977 generation=39845984
DBG_MESH_RX_DRAIN_EXIT owner=work handled=1 q=0
DBG_MESH_RX_WORK_EXIT handled=1 q=0
DBG_DWM_CH5_RX_ACTIVITY_EXTEND ret=0 status=0x00000100 complete=15
DBG_DWM_CH5_RX_ACTIVITY_WAIT status=0x00000100 remain=15
DBG_DWM_CH5_RX_ACTIVITY_DONE raw=189 payload=187 status=0x00006f00 rearm=0 extended=1
DBG_ANCHOR_CH5_SCAN_DONE ret=0 len=187 fail=0 pre=1 q=100 rx_us=2000000 complete=15
DBG_UWB_RX_CH5
DBG_ANCHOR_CH5_FRAME len=187 q=100 wake_ret=-5
DBG_UWB_RX_CH5
DBG_MESH_RX_QUEUED ch=5 msg=0x40 src=0x9999888877776666 dst=0x0 prev=0x191a9619c6c8cb07 seq=11 q=1
DBG_MESH_RX_DEFERRED q=1 msg=0x40
DBG_ANCHOR_MESH_RX_HANDOFF_DEFERRED q=1 delay=380 rf=0
DBG_MESH_RX_WORK_WAIT q=1
DBG_MESH_RX_WORK_ENTER q=1
DBG_MESH_RX_DRAIN_ENTER owner=work q=1
DBG_C5_CONTACT phase=accepted state=2 peer=0x191a9619c6c8cb07 purpose=gateway_command_flood reason=c5-control-rx
DBG_C5_FLOOD_WAIT now=364310 wake=364408 first=364408 msg=40 attempt=1/3 reason=broadcast-forward
DBG_MESH_RX_SUBMIT ret=1 q=0 routeq=1
DBG_ANCHOR_CH5_SCAN_RESCHED ret=2 delay=0
DBG_ANCHOR_CH5_SCAN_HANDLER role=2
DBG_ANCHOR_CH5_SCAN_ARM now=364311 win=2000 complete=15 interval=380 wait=0 tx=0 response=0
DBG_DWM_MARK_UNCONFIGURED tag=initialise_radio prev_phy=0
DBG_DWM_WAKE_MESH_CTRL_OK sfd=4073
DBG_DWM_CH5_RX_HUNT_START acq=2000 complete=15 cap=1021
DBG_DISCOVERY_SLOT_RESPONSE_TERMINAL_REPLAY phase=3 epoch=39845977 generation=39845984
DBG_MESH_RX_DRAIN_EXIT owner=work handled=1 q=0
DBG_MESH_RX_WORK_EXIT handled=1 q=0
DBG_DWM_CH5_RX_ACTIVITY_EXTEND ret=0 status=0x00000100 complete=15
DBG_DWM_CH5_RX_ACTIVITY_WAIT status=0x00000100 remain=15
DBG_DWM_CH5_RX_ACTIVITY_DONE raw=189 payload=187 status=0x00006f00 rearm=0 extended=1
DBG_ANCHOR_CH5_SCAN_DONE ret=0 len=187 fail=0 pre=1 q=100 rx_us=2000000 complete=15
DBG_UWB_RX_CH5
DBG_ANCHOR_CH5_FRAME len=187 q=100 wake_ret=-5
DBG_UWB_RX_CH5
DBG_MESH_RX_QUEUED ch=5 msg=0x40 src=0x9999888877776666 dst=0x0 prev=0x191a9619c6c8cb07 seq=11 q=1
DBG_MESH_RX_DEFERRED q=1 msg=0x40
DBG_ANCHOR_MESH_RX_HANDOFF_DEFERRED q=1 delay=380 rf=0
DBG_MESH_RX_WORK_WAIT q=1
DBG_MESH_RX_WORK_ENTER q=1
DBG_MESH_RX_DRAIN_ENTER owner=work q=1
DBG_C5_CONTACT phase=accepted state=2 peer=0x191a9619c6c8cb07 purpose=gateway_command_flood reason=c5-control-rx
DBG_C5_FLOOD_WAIT now=364427 wake=364525 first=364525 msg=40 attempt=1/3 reason=broadcast-forward
DBG_MESH_RX_SUBMIT ret=1 q=0 routeq=1
DBG_ANCHOR_CH5_SCAN_RESCHED ret=2 delay=0
DBG_ANCHOR_CH5_SCAN_HANDLER role=2
DBG_DWM_INVALIDATE tag=configure_radio_from_reset active_phy=4 configured=1 awake=1
DBG_DWM_MARK_UNCONFIGURED tag=initialise_radio prev_phy=0
DBG_DWM_WAKE_MESH_CTRL_OK sfd=4073
DBG_DWM_CH5_RX_HUNT_START acq=2000 complete=15 cap=1021
DBG_DISCOVERY_SLOT_RESPONSE_TERMINAL_REPLAY phase=3 epoch=39845977 generation=39845984
DBG_MESH_RX_DRAIN_EXIT owner=work handled=1 q=0
DBG_MESH_RX_WORK_EXIT handled=1 q=0
DBG_DWM_CH5_RX_ACTIVITY_EXTEND ret=0 status=0x00000100 complete=15
DBG_DWM_CH5_RX_ACTIVITY_WAIT status=0x00000100 remain=15
DBG_DWM_CH5_RX_ACTIVITY_DONE raw=189 payload=187 status=0x00006f00 rearm=0 extended=1
DBG_ANCHOR_CH5_SCAN_DONE ret=0 len=187 fail=0 pre=1 q=100 rx_us=2000000 complete=15
DBG_UWB_RX_CH5
DBG_ANCHOR_CH5_FRAME len=187 q=100 wake_ret=-5
DBG_UWB_RX_CH5
DBG_MESH_RX_QUEUED ch=5 msg=0x40 src=0x9999888877776666 dst=0x0 prev=0x191a9619c6c8cb07 seq=11 q=1
DBG_MESH_RX_DEFERRED q=1 msg=0x40
DBG_ANCHOR_MESH_RX_HANDOFF_DEFERRED q=1 delay=380 rf=0
DBG_MESH_RX_WORK_WAIT q=1
DBG_MESH_RX_WORK_ENTER q=1
DBG_MESH_RX_DRAIN_ENTER owner=work q=1
DBG_C5_CONTACT phase=accepted state=2 peer=0x191a9619c6c8cb07 purpose=gateway_command_flood reason=c5-control-rx
DBG_C5_FLOOD_WAIT now=364544 wake=364642 first=364642 msg=40 attempt=1/3 reason=broadcast-forward
DBG_MESH_RX_SUBMIT ret=1 q=0 routeq=1
DBG_ANCHOR_CH5_SCAN_RESCHED ret=2 delay=0
DBG_ANCHOR_CH5_SCAN_HANDLER role=2
DBG_DWM_INVALIDATE tag=configure_radio_from_reset active_phy=4 configured=1 awake=1
DBG_DWM_MARK_UNCONFIGURED tag=initialise_radio prev_phy=0
DBG_DWM_WAKE_MESH_CTRL_OK sfd=4073
DBG_DWM_CH5_RX_HUNT_START acq=2000 complete=15 cap=1021
DBG_DISCOVERY_SLOT_RESPONSE_TERMINAL_REPLAY phase=3 epoch=39845977 generation=39845984
DBG_MESH_RX_DRAIN_EXIT owner=work handled=1 q=0
DBG_MESH_RX_WORK_EXIT handled=1 q=0
DBG_DWM_CH5_RX_HUNT_EMPTY ret=-116 status=0x00000000 acq=2000
DBG_DWM_CH5_RX_HUNT_START acq=2000 complete=15 cap=1021
DBG_DWM_CH5_RX_ACTIVITY_EXTEND ret=0 status=0x00000100 complete=15
DBG_DWM_CH5_RX_ACTIVITY_WAIT status=0x00000100 remain=14
DBG_DWM_CH5_RX_ACTIVITY_DONE raw=171 payload=169 status=0x00006f00 rearm=0 extended=1
DBG_ANCHOR_CH5_SCAN_DONE ret=0 len=169 fail=0 pre=1 q=100 rx_us=4000305 complete=15
DBG_UWB_RX_CH5
DBG_ANCHOR_CH5_FRAME len=169 q=100 wake_ret=-5
DBG_UWB_RX_CH5
DBG_MESH_RX_QUEUED ch=5 msg=0x40 src=0x9999888877776666 dst=0x0 prev=0x9999888877776666 seq=12 q=1
DBG_MESH_RX_DEFERRED q=1 msg=0x40
DBG_ANCHOR_MESH_RX_HANDOFF_DEFERRED q=1 delay=380 rf=0
DBG_MESH_RX_WORK_WAIT q=1
DBG_MESH_RX_WORK_ENTER q=1
DBG_MESH_RX_DRAIN_ENTER owner=work q=1
DBG_C5_CONTACT phase=closing state=4 peer=0x191a9619c6c8cb07 purpose=gateway_command_flood reason=replace
DBG_C5_CONTACT phase=open state=2 peer=0x9999888877776666 purpose=gateway_command_flood reason=c5-control-rx
DBG_C5_CONTACT phase=accepted state=2 peer=0x9999888877776666 purpose=gateway_command_flood reason=c5-control-rx
DBG_C5_FLOOD_WAIT now=366810 wake=366858 first=366858 msg=40 attempt=1/3 reason=broadcast-forward
DBG_MESH_RX_SUBMIT ret=1 q=0 routeq=1
DBG_DWM_MARK_UNCONFIGURED tag=initialise_radio prev_phy=0
DBG_DWM_WAKE_MESH_CTRL_OK sfd=4073
DBG_DWM_CH5_RX_HUNT_START acq=2000 complete=15 cap=1021
DBG_ENUM_RX_TERMINAL epoch=39845977 reason=end
DBG_ANCHOR_CH5_SCAN_RESCHED ret=1 delay=380
DBG_ENUM_END_ACCEPT epoch=39845977 table_seq=39845984 pending=0 committed=1
DBG_MESH_RX_DRAIN_EXIT owner=work handled=1 q=0
DBG_MESH_RX_WORK_EXIT handled=1 q=0
DBG_DWM_CH5_RX_HUNT_EMPTY ret=-116 status=0x00000000 acq=2000
DBG_ANCHOR_CH5_SCAN_DONE ret=-116 len=0 fail=1 pre=0 q=0 rx_us=2000976 complete=15
DBG_ANCHOR_CH5_SCAN_RESCHED ret=1 delay=380
DBG_ANCHOR_CH5_SCAN_HANDLER role=2
DBG_ANCHOR_CH5_SCAN_ARM now=368835 win=3 complete=15 interval=380 wait=0 tx=0 response=0
DBG_DWM_INVALIDATE tag=configure_radio_from_reset active_phy=4 configured=1 awake=0
DBG_DWM_MARK_UNCONFIGURED tag=initialise_radio prev_phy=0
DBG_DWM_CH5_RX_HUNT_START acq=3 complete=15 cap=1021
DBG_DWM_CH5_RX_HUNT_EMPTY ret=-116 status=0x00000000 acq=3
DBG_ANCHOR_CH5_SCAN_DONE ret=-116 len=0 fail=1 pre=0 q=0 rx_us=3479 complete=15
DBG_ANCHOR_CH5_SCAN_RESCHED ret=1 delay=380
DBG_ANCHOR_CH5_SCAN_HANDLER role=2
DBG_DWM_INVALIDATE tag=configure_radio_from_reset active_phy=2 configured=1 awake=0
DBG_DWM_MARK_UNCONFIGURED tag=initialise_radio prev_phy=0
DBG_DWM_CH5_RX_HUNT_START acq=3 complete=15 cap=1021
DBG_DWM_CH5_RX_HUNT_EMPTY ret=-116 status=0x00000000 acq=3
DBG_ANCHOR_CH5_SCAN_RESCHED ret=1 delay=380
DBG_DWM_INVALIDATE tag=configure_radio_from_reset active_phy=2 configured=1 awake=0
DBG_DWM_MARK_UNCONFIGURED tag=initialise_radio prev_phy=0
DBG_DWM_INVALIDATE tag=configure_radio_from_reset active_phy=2 configured=1 awake=0
DBG_DWM_MARK_UNCONFIGURED tag=initialise_radio prev_phy=0
DBG_DWM_WAKE_MESH_CTRL_OK sfd=4073
DBG_C5_TX_CONFIG ret=0 ext=1 len=169 msg=40 reason=bounded-c5-flood
DBG_UWB_TX_CH5
DBG_DWM_INVALIDATE tag=configure_radio_from_reset active_phy=4 configured=1 awake=0
DBG_DWM_MARK_UNCONFIGURED tag=initialise_radio prev_phy=0
DBG_DWM_WAKE_MESH_CTRL_OK sfd=4073
DBG_DWM_INVALIDATE tag=configure_radio_from_reset active_phy=4 configured=1 awake=0
DBG_DWM_MARK_UNCONFIGURED tag=initialise_radio prev_phy=0
DBG_DWM_INVALIDATE tag=configure_radio_from_reset active_phy=2 configured=1 awake=0
DBG_DWM_MARK_UNCONFIGURED tag=initialise_radio prev_phy=0
DBG_DWM_WAKE_MESH_CTRL_OK sfd=4073
DBG_C5_TX_CONFIG ret=0 ext=1 len=169 msg=40 reason=bounded-c5-flood
DBG_UWB_TX_CH5
DBG_DWM_INVALIDATE tag=configure_radio_from_reset active_phy=4 configured=1 awake=0
DBG_DWM_MARK_UNCONFIGURED tag=initialise_radio prev_phy=0
DBG_DWM_WAKE_MESH_CTRL_OK sfd=4073
DBG_DWM_INVALIDATE tag=configure_radio_from_reset active_phy=4 configured=1 awake=0
DBG_DWM_MARK_UNCONFIGURED tag=initialise_radio prev_phy=0
DBG_DWM_INVALIDATE tag=configure_radio_from_reset active_phy=2 configured=1 awake=0
DBG_DWM_MARK_UNCONFIGURED tag=initialise_radio prev_phy=0
DBG_DWM_WAKE_MESH_CTRL_OK sfd=4073
DBG_C5_TX_CONFIG ret=0 ext=1 len=169 msg=40 reason=bounded-c5-flood
DBG_UWB_TX_CH5
DBG_DWM_INVALIDATE tag=configure_radio_from_reset active_phy=4 configured=1 awake=0
DBG_DWM_MARK_UNCONFIGURED tag=initialise_radio prev_phy=0
DBG_DWM_WAKE_MESH_CTRL_OK sfd=4073
DBG_DWM_INVALIDATE tag=configure_radio_from_reset active_phy=4 configured=1 awake=0
DBG_DWM_MARK_UNCONFIGURED tag=initialise_radio prev_phy=0
DBG_DWM_INVALIDATE tag=configure_radio_from_reset active_phy=2 configured=1 awake=0
DBG_ANCHOR_CH5_SCAN_HANDLER role=2
DBG_ANCHOR_CH5_SCAN_BLOCKED win=0 survey=0 tx=0 retry_gap=0 wait=0 rx=0 rxq=0 rxr=0 ack=0 ch9=0 rf=1 retry=20 interval=380
DBG_ANCHOR_CH5_SCAN_RESCHED ret=1 delay=20
DBG_DWM_MARK_UNCONFIGURED tag=initialise_radio prev_phy=0
DBG_DWM_WAKE_MESH_CTRL_OK sfd=4073
DBG_C5_TX_CONFIG ret=0 ext=1 len=169 msg=40 reason=bounded-c5-flood
DBG_ANCHOR_CH5_SCAN_HANDLER role=2
DBG_ANCHOR_CH5_SCAN_BLOCKED win=0 survey=0 tx=0 retry_gap=0 wait=0 rx=0 rxq=0 rxr=0 ack=0 ch9=0 rf=1 retry=20 interval=380
DBG_ANCHOR_CH5_SCAN_RESCHED ret=1 delay=20
DBG_UWB_TX_CH5
DBG_C5_FLOOD_WAIT now=369675 wake=369702 first=369702 msg=40 attempt=2/3 reason=broadcast-forward
DBG_ANCHOR_CH5_SCAN_HANDLER role=2
DBG_DWM_INVALIDATE tag=configure_radio_from_reset active_phy=4 configured=1 awake=0
DBG_DWM_MARK_UNCONFIGURED tag=initialise_radio prev_phy=0
DBG_DWM_CH5_RX_HUNT_START acq=3 complete=15 cap=1021
DBG_DWM_CH5_RX_HUNT_EMPTY ret=-116 status=0x00000000 acq=3
DBG_ANCHOR_CH5_SCAN_RESCHED ret=1 delay=380
DBG_ANCHOR_CH5_SCAN_HANDLER role=2
DBG_ANCHOR_CH5_SCAN_ARM now=370100 win=3 complete=15 interval=380 wait=0 tx=0 response=0
DBG_DWM_INVALIDATE tag=configure_radio_from_reset active_phy=2 configured=1 awake=0
DBG_DWM_MARK_UNCONFIGURED tag=initialise_radio prev_phy=0
DBG_DWM_CH5_RX_HUNT_START acq=3 complete=15 cap=1021
DBG_DWM_CH5_RX_HUNT_EMPTY ret=-116 status=0x00000000 acq=3
DBG_ANCHOR_CH5_SCAN_DONE ret=-116 len=0 fail=1 pre=0 q=0 rx_us=3295 complete=15
DBG_ANCHOR_CH5_SCAN_RESCHED ret=1 delay=380
DBG_ANCHOR_CH5_SCAN_HANDLER role=2
DBG_DWM_INVALIDATE tag=configure_radio_from_reset active_phy=2 configured=1 awake=0
DBG_DWM_MARK_UNCONFIGURED tag=initialise_radio prev_phy=0
DBG_DWM_CH5_RX_HUNT_START acq=3 complete=15 cap=1021
DBG_DWM_CH5_RX_HUNT_EMPTY ret=-116 status=0x00000000 acq=3
DBG_ANCHOR_CH5_SCAN_RESCHED ret=1 delay=380
DBG_ANCHOR_CH5_SCAN_HANDLER role=2
DBG_DWM_INVALIDATE tag=configure_radio_from_reset active_phy=2 configured=1 awake=0
DBG_DWM_MARK_UNCONFIGURED tag=initialise_radio prev_phy=0
DBG_DWM_CH5_RX_HUNT_START acq=3 complete=15 cap=1021
DBG_DWM_CH5_RX_HUNT_EMPTY ret=-116 status=0x00000000 acq=3
DBG_ANCHOR_CH5_SCAN_RESCHED ret=1 delay=380
DBG_ANCHOR_CH5_SCAN_HANDLER role=2
DBG_ANCHOR_CH5_SCAN_ARM now=371320 win=3 complete=15 interval=380 wait=0 tx=0 response=0
DBG_DWM_INVALIDATE tag=configure_radio_from_reset active_phy=2 configured=1 awake=0
DBG_DWM_MARK_UNCONFIGURED tag=initialise_radio prev_phy=0
DBG_DWM_CH5_RX_HUNT_START acq=3 complete=15 cap=1021
DBG_DWM_CH5_RX_HUNT_EMPTY ret=-116 status=0x00000000 acq=3
DBG_ANCHOR_CH5_SCAN_DONE ret=-116 len=0 fail=1 pre=0 q=0 rx_us=3662 complete=15
DBG_ANCHOR_CH5_SCAN_RESCHED ret=1 delay=380
DBG_ANCHOR_CH5_SCAN_HANDLER role=2
DBG_DWM_INVALIDATE tag=configure_radio_from_reset active_phy=2 configured=1 awake=0
DBG_DWM_MARK_UNCONFIGURED tag=initialise_radio prev_phy=0
DBG_DWM_CH5_RX_HUNT_START acq=3 complete=15 cap=1021
DBG_DWM_CH5_RX_HUNT_EMPTY ret=-116 status=0x00000000 acq=3
DBG_ANCHOR_CH5_SCAN_RESCHED ret=1 delay=380
DBG_ANCHOR_CH5_SCAN_HANDLER role=2
DBG_DWM_INVALIDATE tag=configure_radio_from_reset active_phy=2 configured=1 awake=0
DBG_DWM_MARK_UNCONFIGURED tag=initialise_radio prev_phy=0
DBG_DWM_CH5_RX_HUNT_START acq=3 complete=15 cap=1021
DBG_DWM_CH5_RX_HUNT_EMPTY ret=-116 status=0x00000000 acq=3
DBG_ANCHOR_CH5_SCAN_RESCHED ret=1 delay=380
DBG_ANCHOR_CH5_SCAN_HANDLER role=2
DBG_ANCHOR_CH5_SCAN_ARM now=372540 win=3 complete=15 interval=380 wait=0 tx=0 response=0
DBG_DWM_INVALIDATE tag=configure_radio_from_reset active_phy=2 configured=1 awake=0
DBG_DWM_MARK_UNCONFIGURED tag=initialise_radio prev_phy=0
DBG_DWM_CH5_RX_HUNT_START acq=3 complete=15 cap=1021
DBG_DWM_CH5_RX_HUNT_EMPTY ret=-116 status=0x00000000 acq=3
DBG_ANCHOR_CH5_SCAN_DONE ret=-116 len=0 fail=1 pre=0 q=0 rx_us=3875 complete=15
DBG_ANCHOR_CH5_SCAN_RESCHED ret=1 delay=380
DBG_ANCHOR_CH5_SCAN_HANDLER role=2
DBG_DWM_INVALIDATE tag=configure_radio_from_reset active_phy=2 configured=1 awake=0
DBG_DWM_MARK_UNCONFIGURED tag=initialise_radio prev_phy=0
DBG_DWM_CH5_RX_HUNT_START acq=3 complete=15 cap=1021
DBG_DWM_CH5_RX_HUNT_EMPTY ret=-116 status=0x00000000 acq=3
DBG_ANCHOR_CH5_SCAN_RESCHED ret=1 delay=380
DBG_ANCHOR_CH5_SCAN_HANDLER role=2
DBG_DWM_INVALIDATE tag=configure_radio_from_reset active_phy=2 configured=1 awake=0
