[34m0000508[0m [36mI[0m Target type is nrf52833 [2m[board][0m
[34m0000526[0m [36mI[0m Performing connect pre-reset [2m[coresight_target][0m
[34m0000729[0m [36mI[0m DP IDR = 0x2ba01477 (v1 rev2) [2m[dap][0m
[34m0000734[0m [36mI[0m AHB-AP#0 IDR = 0x24770011 (AHB-AP var1 rev2) [2m[discovery][0m
[34m0000734[0m [36mI[0m AP#1 IDR = 0x02880000 (AP var0 rev0) [2m[discovery][0m
[34m0000735[0m [36mI[0m NRF52833 not in secure state [2m[target_nRF52][0m
[34m0000737[0m [36mI[0m AHB-AP#0 Class 0x1 ROM table #0 @ 0xe00ff000 (designer=244 part=00d) [2m[rom_table][0m
[34m0000739[0m [36mI[0m [0]<e000e000:SCS v7-M class=14 designer=43b:Arm part=00c> [2m[rom_table][0m
[34m0000740[0m [36mI[0m [1]<e0001000:DWT v7-M class=14 designer=43b:Arm part=002> [2m[rom_table][0m
[34m0000741[0m [36mI[0m [2]<e0002000:FPB v7-M class=14 designer=43b:Arm part=003> [2m[rom_table][0m
[34m0000742[0m [36mI[0m [3]<e0000000:ITM v7-M class=14 designer=43b:Arm part=001> [2m[rom_table][0m
[34m0000744[0m [36mI[0m [4]<e0040000:TPIU M4 class=9 designer=43b:Arm part=9a1 devtype=11 archid=0000 devid=ca1:0:0> [2m[rom_table][0m
[34m0000746[0m [36mI[0m [5]<e0041000:ETM M4 class=9 designer=43b:Arm part=925 devtype=13 archid=0000 devid=0:0:0> [2m[rom_table][0m
[34m0000748[0m [36mI[0m CPU core #0: Cortex-M4 r0p1, v7.0-M architecture [2m[cortex_m][0m
[34m0000748[0m [36mI[0m   Extensions: [DSP, FPU, FPU_V4, MPU] [2m[cortex_m][0m
[34m0000748[0m [36mI[0m   FPU present: FPv4-SP-D16-M [2m[cortex_m][0m
[34m0000750[0m [36mI[0m This appears to be an nRF52833 AA B0 [2m[target_nRF52][0m
[34m0000753[0m [36mI[0m 4 hardware watchpoints [2m[dwt][0m
[34m0000754[0m [36mI[0m 6 hardware breakpoints, 4 literal comparators [2m[fpb][0m
[34m0000795[0m [36mI[0m 3 up channels and 3 down channels found [2m[rtt_cmd][0m
[34m0000795[0m [36mI[0m Reading from up channel 0 ("Terminal") [2m[rtt_cmd][0m
[34m0000796[0m [36mI[0m Writing to down channel 0 ("Terminal") [2m[rtt_cmd][0m
DBG_ANCHOR_CH5_SCAN_HANDLER role=2
DBG_ANCHOR_CH5_SCAN_ARM now=128815 win=3 complete=15 interval=380 wait=0 tx=0
DBG_DWM_CH5_RX_HUNT_START acq=3 complete=15 cap=1021
DBG_DWM_CH5_RX_HUNT_EMPTY ret=-116 status=0x00000000 acq=3
DBG_ANCHOR_CH5_SCAN_DONE ret=-116 len=0 fail=1 pre=0 q=0 rx_us=3784 complete=15
DBG_ANCHOR_CH5_SCAN_RESCHED ret=1 delay=380
DBG_ANCHOR_CH5_SCAN_HANDLER role=2
DBG_DWM_CH5_RX_HUNT_START acq=3 complete=15 cap=1021
DBG_DWM_CH5_RX_HUNT_EMPTY ret=-116 status=0x00000000 acq=3
DBG_ANCHOR_CH5_SCAN_RESCHED ret=1 delay=380
DBG_ANCHOR_CH5_SCAN_HANDLER role=2
DBG_DWM_CH5_RX_HUNT_START acq=3 complete=15 cap=1021
DBG_DWM_CH5_RX_HUNT_EMPTY ret=-116 status=0x00000000 acq=3
DBG_ANCHOR_CH5_SCAN_RESCHED ret=1 delay=380
DBG_ANCHOR_CH5_SCAN_HANDLER role=2
DBG_ANCHOR_CH5_SCAN_ARM now=130026 win=3 complete=15 interval=380 wait=0 tx=0
DBG_DWM_CH5_RX_HUNT_START acq=3 complete=15 cap=1021
DBG_DWM_CH5_RX_HUNT_EMPTY ret=-116 status=0x00000000 acq=3
DBG_ANCHOR_CH5_SCAN_RESCHED ret=1 delay=380
DBG_ANCHOR_CH5_SCAN_HANDLER role=2
DBG_ANCHOR_CH5_SCAN_ARM now=133660 win=3 complete=15 interval=380 wait=0 tx=0
DBG_DWM_CH5_RX_HUNT_START acq=3 complete=15 cap=1021
DBG_DWM_CH5_RX_HUNT_EMPTY ret=-116 status=0x00000000 acq=3
DBG_ANCHOR_CH5_SCAN_DONE ret=-116 len=0 fail=1 pre=0 q=0 rx_us=3601 complete=15
DBG_ANCHOR_CH5_SCAN_RESCHED ret=1 delay=380
DBG_ANCHOR_CH5_SCAN_HANDLER role=2
DBG_DWM_CH5_RX_HUNT_START acq=3 complete=15 cap=1021
DBG_DWM_CH5_RX_HUNT_EMPTY ret=-116 status=0x00000000 acq=3
DBG_ANCHOR_CH5_SCAN_RESCHED ret=1 delay=380
DBG_ANCHOR_CH5_SCAN_HANDLER role=2
DBG_DWM_CH5_RX_HUNT_START acq=3 complete=15 cap=1021
DBG_DWM_CH5_RX_HUNT_EMPTY ret=-116 status=0x00000000 acq=3
DBG_ANCHOR_CH5_SCAN_RESCHED ret=1 delay=380
DBG_ANCHOR_CH5_SCAN_HANDLER role=2
DBG_ANCHOR_CH5_SCAN_ARM now=134871 win=3 complete=15 interval=380 wait=0 tx=0
DBG_DWM_CH5_RX_HUNT_START acq=3 complete=15 cap=1021
DBG_DWM_CH5_RX_HUNT_EMPTY ret=-116 status=0x00000000 acq=3
DBG_ANCHOR_CH5_SCAN_DONE ret=-116 len=0 fail=1 pre=0 q=0 rx_us=3784 complete=15
DBG_ANCHOR_CH5_SCAN_RESCHED ret=1 delay=380
DBG_ANCHOR_CH5_SCAN_HANDLER role=2
DBG_DWM_CH5_RX_HUNT_START acq=3 complete=15 cap=1021
DBG_DWM_CH5_RX_HUNT_EMPTY ret=-116 status=0x00000000 acq=3
DBG_ANCHOR_CH5_SCAN_RESCHED ret=1 delay=380
DBG_ANCHOR_CH5_SCAN_HANDLER role=2
DBG_DWM_CH5_RX_HUNT_START acq=3 complete=15 cap=1021
DBG_DWM_CH5_RX_HUNT_EMPTY ret=-116 status=0x00000000 acq=3
DBG_ANCHOR_CH5_SCAN_RESCHED ret=1 delay=380
DBG_ANCHOR_CH5_SCAN_HANDLER role=2
DBG_ANCHOR_CH5_SCAN_ARM now=136083 win=3 complete=15 interval=380 wait=0 tx=0
DBG_DWM_CH5_RX_HUNT_START acq=3 complete=15 cap=1021
DBG_DWM_CH5_RX_HUNT_EMPTY ret=-116 status=0x00000000 acq=3
DBG_ANCHOR_CH5_SCAN_DONE ret=-116 len=0 fail=1 pre=0 q=0 rx_us=3265 complete=15
DBG_ANCHOR_CH5_SCAN_RESCHED ret=1 delay=380
DBG_ANCHOR_CH5_SCAN_HANDLER role=2
DBG_DWM_CH5_RX_HUNT_START acq=3 complete=15 cap=1021
DBG_DWM_CH5_RX_HUNT_EMPTY ret=-116 status=0x00000000 acq=3
DBG_ANCHOR_CH5_SCAN_RESCHED ret=1 delay=380
DBG_ANCHOR_CH5_SCAN_HANDLER role=2
DBG_DWM_CH5_RX_HUNT_START acq=3 complete=15 cap=1021
DBG_DWM_CH5_RX_HUNT_EMPTY ret=-116 status=0x00000000 acq=3
DBG_ANCHOR_CH5_SCAN_RESCHED ret=1 delay=380
DBG_ANCHOR_CH5_SCAN_HANDLER role=2
DBG_ANCHOR_CH5_SCAN_ARM now=137294 win=3 complete=15 interval=380 wait=0 tx=0
DBG_DWM_CH5_RX_HUNT_START acq=3 complete=15 cap=1021
DBG_DWM_CH5_RX_HUNT_EMPTY ret=-116 status=0x00000000 acq=3
DBG_ANCHOR_CH5_SCAN_DONE ret=-116 len=0 fail=1 pre=0 q=0 rx_us=3784 complete=15
DBG_ANCHOR_CH5_SCAN_RESCHED ret=1 delay=380
DBG_ANCHOR_CH5_SCAN_HANDLER role=2
DBG_DWM_CH5_RX_HUNT_START acq=3 complete=15 cap=1021
DBG_DWM_CH5_RX_HUNT_EMPTY ret=-116 status=0x00000000 acq=3
DBG_ANCHOR_CH5_SCAN_RESCHED ret=1 delay=380
DBG_ANCHOR_CH5_SCAN_HANDLER role=2
DBG_DWM_CH5_RX_HUNT_START acq=3 complete=15 cap=1021
DBG_DWM_CH5_RX_HUNT_EMPTY ret=-116 status=0x00000000 acq=3
DBG_ANCHOR_CH5_SCAN_RESCHED ret=1 delay=380
DBG_ANCHOR_CH5_SCAN_HANDLER role=2
DBG_ANCHOR_CH5_SCAN_ARM now=138505 win=3 complete=15 interval=380 wait=0 tx=0
DBG_DWM_CH5_RX_HUNT_START acq=3 complete=15 cap=1021
DBG_DWM_CH5_RX_HUNT_EMPTY ret=-116 status=0x00000000 acq=3
DBG_ANCHOR_CH5_SCAN_DONE ret=-116 len=0 fail=1 pre=0 q=0 rx_us=3784 complete=15
DBG_ANCHOR_CH5_SCAN_RESCHED ret=1 delay=380
DBG_ANCHOR_CH5_SCAN_HANDLER role=2
DBG_DWM_CH5_RX_HUNT_START acq=3 complete=15 cap=1021
DBG_DWM_CH5_RX_HUNT_EMPTY ret=-116 status=0x00000000 acq=3
DBG_ANCHOR_CH5_SCAN_RESCHED ret=1 delay=380
DBG_ANCHOR_CH5_SCAN_HANDLER role=2
DBG_DWM_CH5_RX_HUNT_START acq=3 complete=15 cap=1021
DBG_DWM_CH5_RX_HUNT_EMPTY ret=-116 status=0x00000000 acq=3
DBG_ANCHOR_CH5_SCAN_RESCHED ret=1 delay=380
DBG_ANCHOR_CH5_SCAN_HANDLER role=2
DBG_ANCHOR_CH5_SCAN_ARM now=139717 win=3 complete=15 interval=380 wait=0 tx=0
DBG_DWM_CH5_RX_HUNT_START acq=3 complete=15 cap=1021
DBG_DWM_CH5_RX_HUNT_EMPTY ret=-116 status=0x00000000 acq=3
DBG_ANCHOR_CH5_SCAN_DONE ret=-116 len=0 fail=1 pre=0 q=0 rx_us=3784 complete=15
DBG_ANCHOR_CH5_SCAN_RESCHED ret=1 delay=380
DBG_ANCHOR_CH5_SCAN_HANDLER role=2
DBG_DWM_CH5_RX_HUNT_START acq=3 complete=15 cap=1021
DBG_DWM_CH5_RX_HUNT_EMPTY ret=-116 status=0x00000000 acq=3
DBG_ANCHOR_CH5_SCAN_RESCHED ret=1 delay=380
DBG_ANCHOR_CH5_SCAN_HANDLER role=2
DBG_DWM_CH5_RX_HUNT_START acq=3 complete=15 cap=1021
DBG_DWM_CH5_RX_HUNT_EMPTY ret=-116 status=0x00000000 acq=3
DBG_ANCHOR_CH5_SCAN_RESCHED ret=1 delay=380
DBG_ANCHOR_CH5_SCAN_HANDLER role=2
DBG_ANCHOR_CH5_SCAN_ARM now=140928 win=3 complete=15 interval=380 wait=0 tx=0
DBG_DWM_CH5_RX_HUNT_START acq=3 complete=15 cap=1021
DBG_DWM_CH5_RX_HUNT_EMPTY ret=-116 status=0x00000000 acq=3
DBG_ANCHOR_CH5_SCAN_DONE ret=-116 len=0 fail=1 pre=0 q=0 rx_us=3784 complete=15
DBG_ANCHOR_CH5_SCAN_RESCHED ret=1 delay=380
DBG_ANCHOR_CH5_SCAN_HANDLER role=2
DBG_DWM_CH5_RX_HUNT_START acq=3 complete=15 cap=1021
DBG_DWM_CH5_RX_HUNT_EMPTY ret=-116 status=0x00000000 acq=3
DBG_ANCHOR_CH5_SCAN_RESCHED ret=1 delay=380
DBG_ANCHOR_CH5_SCAN_HANDLER role=2
DBG_DWM_CH5_RX_HUNT_START acq=3 complete=15 cap=1021
DBG_DWM_CH5_RX_HUNT_EMPTY ret=-116 status=0x00000000 acq=3
DBG_ANCHOR_CH5_SCAN_RESCHED ret=1 delay=380
DBG_ANCHOR_CH5_SCAN_HANDLER role=2
DBG_ANCHOR_CH5_SCAN_ARM now=142140 win=3 complete=15 interval=380 wait=0 tx=0
DBG_DWM_CH5_RX_HUNT_START acq=3 complete=15 cap=1021
DBG_DWM_CH5_RX_HUNT_EMPTY ret=-116 status=0x00000000 acq=3
DBG_ANCHOR_CH5_SCAN_DONE ret=-116 len=0 fail=1 pre=0 q=0 rx_us=3265 complete=15
DBG_ANCHOR_CH5_SCAN_RESCHED ret=1 delay=380
DBG_ANCHOR_CH5_SCAN_HANDLER role=2
DBG_DWM_CH5_RX_HUNT_START acq=3 complete=15 cap=1021
DBG_DWM_CH5_RX_HUNT_EMPTY ret=-116 status=0x00000000 acq=3
DBG_ANCHOR_CH5_SCAN_RESCHED ret=1 delay=380
DBG_ANCHOR_CH5_SCAN_HANDLER role=2
DBG_DWM_CH5_RX_HUNT_START acq=3 complete=15 cap=1021
DBG_DWM_CH5_RX_HUNT_EMPTY ret=-116 status=0x00000000 acq=3
DBG_ANCHOR_CH5_SCAN_RESCHED ret=1 delay=380
DBG_ANCHOR_CH5_SCAN_HANDLER role=2
DBG_ANCHOR_CH5_SCAN_ARM now=143351 win=3 complete=15 interval=380 wait=0 tx=0
DBG_DWM_CH5_RX_HUNT_START acq=3 complete=15 cap=1021
DBG_DWM_CH5_RX_HUNT_EMPTY ret=-116 status=0x00000000 acq=3
DBG_ANCHOR_CH5_SCAN_DONE ret=-116 len=0 fail=1 pre=0 q=0 rx_us=3784 complete=15
DBG_ANCHOR_CH5_SCAN_RESCHED ret=1 delay=380
DBG_ANCHOR_CH5_SCAN_HANDLER role=2
DBG_DWM_CH5_RX_HUNT_START acq=3 complete=15 cap=1021
DBG_DWM_CH5_RX_HUNT_EMPTY ret=-116 status=0x00000000 acq=3
DBG_ANCHOR_CH5_SCAN_RESCHED ret=1 delay=380
DBG_ANCHOR_CH5_SCAN_HANDLER role=2
DBG_DWM_CH5_RX_HUNT_START acq=3 complete=15 cap=1021
DBG_DWM_CH5_RX_HUNT_EMPTY ret=-116 status=0x00000000 acq=3
DBG_ANCHOR_CH5_SCAN_RESCHED ret=1 delay=380
DBG_ANCHOR_CH5_SCAN_HANDLER role=2
DBG_ANCHOR_CH5_SCAN_ARM now=144562 win=3 complete=15 interval=380 wait=0 tx=0
DBG_DWM_CH5_RX_HUNT_START acq=3 complete=15 cap=1021
DBG_DWM_CH5_RX_HUNT_EMPTY ret=-116 status=0x00000000 acq=3
DBG_ANCHOR_CH5_SCAN_DONE ret=-116 len=0 fail=1 pre=0 q=0 rx_us=3784 complete=15
DBG_ANCHOR_CH5_SCAN_RESCHED ret=1 delay=380
DBG_ANCHOR_CH5_SCAN_HANDLER role=2
DBG_DWM_CH5_RX_HUNT_START acq=3 complete=15 cap=1021
DBG_DWM_CH5_RX_HUNT_EMPTY ret=-116 status=0x00000000 acq=3
DBG_ANCHOR_CH5_SCAN_RESCHED ret=1 delay=380
DBG_ANCHOR_CH5_SCAN_HANDLER role=2
DBG_DWM_CH5_RX_HUNT_START acq=3 complete=15 cap=1021
DBG_DWM_CH5_RX_HUNT_EMPTY ret=-116 status=0x00000000 acq=3
DBG_ANCHOR_CH5_SCAN_RESCHED ret=1 delay=380
DBG_ANCHOR_CH5_SCAN_HANDLER role=2
DBG_ANCHOR_CH5_SCAN_ARM now=145774 win=3 complete=15 interval=380 wait=0 tx=0
DBG_DWM_CH5_RX_HUNT_START acq=3 complete=15 cap=1021
DBG_DWM_CH5_RX_HUNT_EMPTY ret=-116 status=0x00000000 acq=3
DBG_ANCHOR_CH5_SCAN_DONE ret=-116 len=0 fail=1 pre=0 q=0 rx_us=3784 complete=15
DBG_ANCHOR_CH5_SCAN_RESCHED ret=1 delay=380
DBG_ANCHOR_CH5_SCAN_HANDLER role=2
DBG_DWM_CH5_RX_HUNT_START acq=3 complete=15 cap=1021
DBG_DWM_CH5_RX_HUNT_EMPTY ret=-116 status=0x00000000 acq=3
DBG_ANCHOR_CH5_SCAN_RESCHED ret=1 delay=380
DBG_ANCHOR_CH5_SCAN_HANDLER role=2
DBG_DWM_CH5_RX_HUNT_START acq=3 complete=15 cap=1021
DBG_DWM_CH5_RX_HUNT_EMPTY ret=-116 status=0x00000000 acq=3
DBG_ANCHOR_CH5_SCAN_RESCHED ret=1 delay=380
DBG_ANCHOR_CH5_SCAN_HANDLER role=2
DBG_ANCHOR_CH5_SCAN_ARM now=146985 win=3 complete=15 interval=380 wait=0 tx=0
DBG_DWM_CH5_RX_HUNT_START acq=3 complete=15 cap=1021
DBG_DWM_CH5_RX_HUNT_EMPTY ret=-116 status=0x00000000 acq=3
DBG_ANCHOR_CH5_SCAN_DONE ret=-116 len=0 fail=1 pre=0 q=0 rx_us=3784 complete=15
DBG_ANCHOR_CH5_SCAN_RESCHED ret=1 delay=380
DBG_ANCHOR_CH5_SCAN_HANDLER role=2
DBG_DWM_CH5_RX_HUNT_START acq=3 complete=15 cap=1021
DBG_DWM_CH5_RX_HUNT_EMPTY ret=-116 status=0x00000000 acq=3
DBG_ANCHOR_CH5_SCAN_RESCHED ret=1 delay=380
DBG_ANCHOR_CH5_SCAN_HANDLER role=2
DBG_DWM_CH5_RX_HUNT_START acq=3 complete=15 cap=1021
DBG_DWM_CH5_RX_HUNT_EMPTY ret=-116 status=0x00000000 acq=3
DBG_ANCHOR_CH5_SCAN_RESCHED ret=1 delay=380
DBG_ANCHOR_CH5_SCAN_HANDLER role=2
DBG_ANCHOR_CH5_SCAN_ARM now=148197 win=3 complete=15 interval=380 wait=0 tx=0
DBG_DWM_CH5_RX_HUNT_START acq=3 complete=15 cap=1021
DBG_DWM_CH5_RX_HUNT_EMPTY ret=-116 status=0x00000000 acq=3
DBG_ANCHOR_CH5_SCAN_DONE ret=-116 len=0 fail=1 pre=0 q=0 rx_us=3448 complete=15
DBG_ANCHOR_CH5_SCAN_RESCHED ret=1 delay=380
DBG_ANCHOR_CH5_SCAN_HANDLER role=2
DBG_DWM_CH5_RX_HUNT_START acq=3 complete=15 cap=1021
DBG_DWM_CH5_RX_HUNT_EMPTY ret=-116 status=0x00000000 acq=3
DBG_ANCHOR_CH5_SCAN_RESCHED ret=1 delay=380
DBG_ANCHOR_CH5_SCAN_HANDLER role=2
DBG_DWM_CH5_RX_HUNT_START acq=3 complete=15 cap=1021
DBG_DWM_CH5_RX_HUNT_EMPTY ret=-116 status=0x00000000 acq=3
DBG_ANCHOR_CH5_SCAN_RESCHED ret=1 delay=380
DBG_ANCHOR_CH5_SCAN_HANDLER role=2
DBG_ANCHOR_CH5_SCAN_ARM now=149408 win=3 complete=15 interval=380 wait=0 tx=0
DBG_DWM_CH5_RX_HUNT_START acq=3 complete=15 cap=1021
DBG_DWM_CH5_RX_HUNT_EMPTY ret=-116 status=0x00000000 acq=3
DBG_ANCHOR_CH5_SCAN_DONE ret=-116 len=0 fail=1 pre=0 q=0 rx_us=3784 complete=15
DBG_ANCHOR_CH5_SCAN_RESCHED ret=1 delay=380
DBG_ANCHOR_CH5_SCAN_HANDLER role=2
DBG_DWM_CH5_RX_HUNT_START acq=3 complete=15 cap=1021
DBG_DWM_CH5_RX_HUNT_EMPTY ret=-116 status=0x00000000 acq=3
DBG_ANCHOR_CH5_SCAN_RESCHED ret=1 delay=380
DBG_ANCHOR_CH5_SCAN_HANDLER role=2
DBG_DWM_CH5_RX_HUNT_START acq=3 complete=15 cap=1021
DBG_DWM_CH5_RX_HUNT_EMPTY ret=-116 status=0x00000000 acq=3
DBG_ANCHOR_CH5_SCAN_RESCHED ret=1 delay=380
DBG_ANCHOR_CH5_SCAN_HANDLER role=2
DBG_ANCHOR_CH5_SCAN_ARM now=150619 win=3 complete=15 interval=380 wait=0 tx=0
DBG_DWM_CH5_RX_HUNT_START acq=3 complete=15 cap=1021
DBG_DWM_CH5_RX_HUNT_EMPTY ret=-116 status=0x00000000 acq=3
DBG_ANCHOR_CH5_SCAN_DONE ret=-116 len=0 fail=1 pre=0 q=0 rx_us=3784 complete=15
DBG_ANCHOR_CH5_SCAN_RESCHED ret=1 delay=380
DBG_ANCHOR_CH5_SCAN_HANDLER role=2
DBG_DWM_CH5_RX_HUNT_START acq=3 complete=15 cap=1021
DBG_DWM_CH5_RX_HUNT_EMPTY ret=-116 status=0x00000000 acq=3
DBG_ANCHOR_CH5_SCAN_RESCHED ret=1 delay=380
DBG_ANCHOR_CH5_SCAN_HANDLER role=2
DBG_DWM_CH5_RX_HUNT_START acq=3 complete=15 cap=1021
DBG_DWM_CH5_RX_HUNT_EMPTY ret=-116 status=0x00000000 acq=3
DBG_ANCHOR_CH5_SCAN_RESCHED ret=1 delay=380
DBG_ANCHOR_CH5_SCAN_HANDLER role=2
DBG_ANCHOR_CH5_SCAN_ARM now=151831 win=3 complete=15 interval=380 wait=0 tx=0
DBG_DWM_CH5_RX_HUNT_START acq=3 complete=15 cap=1021
DBG_DWM_CH5_RX_HUNT_EMPTY ret=-116 status=0x00000000 acq=3
DBG_ANCHOR_CH5_SCAN_DONE ret=-116 len=0 fail=1 pre=0 q=0 rx_us=3784 complete=15
DBG_ANCHOR_CH5_SCAN_RESCHED ret=1 delay=380
DBG_ANCHOR_CH5_SCAN_HANDLER role=2
DBG_DWM_CH5_RX_HUNT_START acq=3 complete=15 cap=1021
DBG_DWM_CH5_RX_HUNT_EMPTY ret=-116 status=0x00000000 acq=3
DBG_ANCHOR_CH5_SCAN_RESCHED ret=1 delay=380
DBG_ANCHOR_CH5_SCAN_HANDLER role=2
DBG_DWM_CH5_RX_HUNT_START acq=3 complete=15 cap=1021
DBG_DWM_CH5_RX_HUNT_EMPTY ret=-116 status=0x00000000 acq=3
DBG_ANCHOR_CH5_SCAN_RESCHED ret=1 delay=380
DBG_ANCHOR_CH5_SCAN_HANDLER role=2
DBG_ANCHOR_CH5_SCAN_ARM now=153042 win=3 complete=15 interval=380 wait=0 tx=0
DBG_DWM_CH5_RX_HUNT_START acq=3 complete=15 cap=1021
DBG_DWM_CH5_RX_HUNT_EMPTY ret=-116 status=0x00000000 acq=3
DBG_ANCHOR_CH5_SCAN_DONE ret=-116 len=0 fail=1 pre=0 q=0 rx_us=3448 complete=15
DBG_ANCHOR_CH5_SCAN_RESCHED ret=1 delay=380
DBG_ANCHOR_CH5_SCAN_HANDLER role=2
DBG_DWM_CH5_RX_HUNT_START acq=3 complete=15 cap=1021
DBG_DWM_CH5_RX_HUNT_EMPTY ret=-116 status=0x00000000 acq=3
DBG_ANCHOR_CH5_SCAN_RESCHED ret=1 delay=380
DBG_ANCHOR_CH5_SCAN_HANDLER role=2
DBG_DWM_CH5_RX_HUNT_START acq=3 complete=15 cap=1021
DBG_DWM_CH5_RX_HUNT_EMPTY ret=-116 status=0x00000000 acq=3
DBG_ANCHOR_CH5_SCAN_RESCHED ret=1 delay=380
DBG_ANCHOR_CH5_SCAN_HANDLER role=2
DBG_ANCHOR_CH5_SCAN_ARM now=154253 win=3 complete=15 interval=380 wait=0 tx=0
DBG_DWM_CH5_RX_HUNT_START acq=3 complete=15 cap=1021
DBG_DWM_CH5_RX_HUNT_EMPTY ret=-116 status=0x00000000 acq=3
DBG_ANCHOR_CH5_SCAN_DONE ret=-116 len=0 fail=1 pre=0 q=0 rx_us=3784 complete=15
DBG_ANCHOR_CH5_SCAN_RESCHED ret=1 delay=380
DBG_ANCHOR_CH5_SCAN_HANDLER role=2
DBG_DWM_CH5_RX_HUNT_START acq=3 complete=15 cap=1021
DBG_DWM_CH5_RX_HUNT_EMPTY ret=-116 status=0x00000000 acq=3
DBG_ANCHOR_CH5_SCAN_RESCHED ret=1 delay=380
DBG_ANCHOR_CH5_SCAN_HANDLER role=2
DBG_DWM_CH5_RX_HUNT_START acq=3 complete=15 cap=1021
DBG_DWM_CH5_RX_HUNT_EMPTY ret=-116 status=0x00000000 acq=3
DBG_ANCHOR_CH5_SCAN_RESCHED ret=1 delay=380
DBG_ANCHOR_CH5_SCAN_HANDLER role=2
DBG_ANCHOR_CH5_SCAN_ARM now=155464 win=3 complete=15 interval=380 wait=0 tx=0
DBG_DWM_CH5_RX_HUNT_START acq=3 complete=15 cap=1021
DBG_DWM_CH5_RX_HUNT_EMPTY ret=-116 status=0x00000000 acq=3
DBG_ANCHOR_CH5_SCAN_DONE ret=-116 len=0 fail=1 pre=0 q=0 rx_us=3784 complete=15
DBG_ANCHOR_CH5_SCAN_RESCHED ret=1 delay=380
DBG_ANCHOR_CH5_SCAN_HANDLER role=2
DBG_DWM_CH5_RX_HUNT_START acq=3 complete=15 cap=1021
DBG_DWM_CH5_RX_HUNT_EMPTY ret=-116 status=0x00000000 acq=3
DBG_ANCHOR_CH5_SCAN_RESCHED ret=1 delay=380
DBG_ANCHOR_CH5_SCAN_HANDLER role=2
DBG_DWM_CH5_RX_HUNT_START acq=3 complete=15 cap=1021
DBG_DWM_CH5_RX_HUNT_EMPTY ret=-116 status=0x00000000 acq=3
DBG_ANCHOR_CH5_SCAN_RESCHED ret=1 delay=380
DBG_ANCHOR_CH5_SCAN_HANDLER role=2
DBG_ANCHOR_CH5_SCAN_ARM now=156676 win=3 complete=15 interval=380 wait=0 tx=0
DBG_DWM_CH5_RX_HUNT_START acq=3 complete=15 cap=1021
DBG_DWM_CH5_RX_HUNT_EMPTY ret=-116 status=0x00000000 acq=3
DBG_ANCHOR_CH5_SCAN_DONE ret=-116 len=0 fail=1 pre=0 q=0 rx_us=3601 complete=15
DBG_ANCHOR_CH5_SCAN_RESCHED ret=1 delay=380
DBG_ANCHOR_CH5_SCAN_HANDLER role=2
DBG_DWM_CH5_RX_HUNT_START acq=3 complete=15 cap=1021
DBG_DWM_CH5_RX_HUNT_EMPTY ret=-116 status=0x00000000 acq=3
DBG_ANCHOR_CH5_SCAN_RESCHED ret=1 delay=380
DBG_ANCHOR_CH5_SCAN_HANDLER role=2
DBG_DWM_CH5_RX_HUNT_START acq=3 complete=15 cap=1021
DBG_DWM_CH5_RX_HUNT_EMPTY ret=-116 status=0x00000000 acq=3
DBG_ANCHOR_CH5_SCAN_RESCHED ret=1 delay=380
DBG_ANCHOR_CH5_SCAN_HANDLER role=2
DBG_ANCHOR_CH5_SCAN_ARM now=157887 win=3 complete=15 interval=380 wait=0 tx=0
DBG_DWM_CH5_RX_HUNT_START acq=3 complete=15 cap=1021
DBG_DWM_CH5_RX_HUNT_EMPTY ret=-116 status=0x00000000 acq=3
DBG_ANCHOR_CH5_SCAN_DONE ret=-116 len=0 fail=1 pre=0 q=0 rx_us=3601 complete=15
DBG_ANCHOR_CH5_SCAN_RESCHED ret=1 delay=380
DBG_ANCHOR_CH5_SCAN_HANDLER role=2
DBG_DWM_CH5_RX_HUNT_START acq=3 complete=15 cap=1021
DBG_DWM_CH5_RX_HUNT_EMPTY ret=-116 status=0x00000000 acq=3
DBG_ANCHOR_CH5_SCAN_RESCHED ret=1 delay=380
DBG_ANCHOR_CH5_SCAN_HANDLER role=2
DBG_DWM_CH5_RX_HUNT_START acq=3 complete=15 cap=1021
DBG_DWM_CH5_RX_HUNT_EMPTY ret=-116 status=0x00000000 acq=3
DBG_ANCHOR_CH5_SCAN_RESCHED ret=1 delay=380
DBG_ANCHOR_CH5_SCAN_HANDLER role=2
DBG_ANCHOR_CH5_SCAN_ARM now=159099 win=3 complete=15 interval=380 wait=0 tx=0
DBG_DWM_CH5_RX_HUNT_START acq=3 complete=15 cap=1021
DBG_DWM_CH5_RX_HUNT_EMPTY ret=-116 status=0x00000000 acq=3
DBG_ANCHOR_CH5_SCAN_DONE ret=-116 len=0 fail=1 pre=0 q=0 rx_us=3448 complete=15
DBG_ANCHOR_CH5_SCAN_RESCHED ret=1 delay=380
DBG_ANCHOR_CH5_SCAN_HANDLER role=2
DBG_DWM_CH5_RX_HUNT_START acq=3 complete=15 cap=1021
DBG_DWM_CH5_RX_HUNT_EMPTY ret=-116 status=0x00000000 acq=3
DBG_ANCHOR_CH5_SCAN_RESCHED ret=1 delay=380
DBG_ANCHOR_CH5_SCAN_HANDLER role=2
DBG_DWM_CH5_RX_HUNT_START acq=3 complete=15 cap=1021
DBG_DWM_CH5_RX_HUNT_EMPTY ret=-116 status=0x00000000 acq=3
DBG_ANCHOR_CH5_SCAN_RESCHED ret=1 delay=380
DBG_ANCHOR_CH5_SCAN_HANDLER role=2
DBG_ANCHOR_CH5_SCAN_ARM now=160310 win=3 complete=15 interval=380 wait=0 tx=0
DBG_DWM_CH5_RX_HUNT_START acq=3 complete=15 cap=1021
DBG_DWM_CH5_RX_HUNT_EMPTY ret=-116 status=0x00000000 acq=3
DBG_ANCHOR_CH5_SCAN_DONE ret=-116 len=0 fail=1 pre=0 q=0 rx_us=3784 complete=15
DBG_ANCHOR_CH5_SCAN_RESCHED ret=1 delay=380
DBG_ANCHOR_CH5_SCAN_HANDLER role=2
DBG_DWM_CH5_RX_HUNT_START acq=3 complete=15 cap=1021
DBG_DWM_CH5_RX_HUNT_EMPTY ret=-116 status=0x00000000 acq=3
DBG_ANCHOR_CH5_SCAN_RESCHED ret=1 delay=380
DBG_ANCHOR_CH5_SCAN_HANDLER role=2
DBG_DWM_CH5_RX_HUNT_START acq=3 complete=15 cap=1021
DBG_DWM_CH5_RX_HUNT_EMPTY ret=-116 status=0x00000000 acq=3
DBG_ANCHOR_CH5_SCAN_RESCHED ret=1 delay=380
DBG_ANCHOR_CH5_SCAN_HANDLER role=2
DBG_ANCHOR_CH5_SCAN_ARM now=161521 win=3 complete=15 interval=380 wait=0 tx=0
DBG_DWM_CH5_RX_HUNT_START acq=3 complete=15 cap=1021
DBG_DWM_CH5_RX_HUNT_EMPTY ret=-116 status=0x00000000 acq=3
DBG_ANCHOR_CH5_SCAN_DONE ret=-116 len=0 fail=1 pre=0 q=0 rx_us=3967 complete=15
DBG_ANCHOR_CH5_SCAN_RESCHED ret=1 delay=380
DBG_ANCHOR_CH5_SCAN_HANDLER role=2
DBG_DWM_CH5_RX_HUNT_START acq=3 complete=15 cap=1021
DBG_DWM_CH5_RX_HUNT_EMPTY ret=-116 status=0x00000000 acq=3
DBG_ANCHOR_CH5_SCAN_RESCHED ret=1 delay=380
DBG_ANCHOR_CH5_SCAN_HANDLER role=2
DBG_DWM_CH5_RX_HUNT_START acq=3 complete=15 cap=1021
DBG_DWM_CH5_RX_HUNT_EMPTY ret=-116 status=0x00000000 acq=3
DBG_ANCHOR_CH5_SCAN_RESCHED ret=1 delay=380
DBG_ANCHOR_CH5_SCAN_HANDLER role=2
DBG_ANCHOR_CH5_SCAN_ARM now=162733 win=3 complete=15 interval=380 wait=0 tx=0
DBG_DWM_CH5_RX_HUNT_START acq=3 complete=15 cap=1021
DBG_DWM_CH5_RX_HUNT_EMPTY ret=-116 status=0x00000000 acq=3
DBG_ANCHOR_CH5_SCAN_DONE ret=-116 len=0 fail=1 pre=0 q=0 rx_us=3601 complete=15
DBG_ANCHOR_CH5_SCAN_RESCHED ret=1 delay=380
DBG_ANCHOR_CH5_SCAN_HANDLER role=2
DBG_DWM_CH5_RX_HUNT_START acq=3 complete=15 cap=1021
DBG_DWM_CH5_RX_HUNT_EMPTY ret=-116 status=0x00000000 acq=3
DBG_ANCHOR_CH5_SCAN_RESCHED ret=1 delay=380
DBG_ANCHOR_CH5_SCAN_HANDLER role=2
DBG_DWM_CH5_RX_HUNT_START acq=3 complete=15 cap=1021
DBG_DWM_CH5_RX_HUNT_EMPTY ret=-116 status=0x00000000 acq=3
DBG_ANCHOR_CH5_SCAN_RESCHED ret=1 delay=380
DBG_ANCHOR_CH5_SCAN_HANDLER role=2
DBG_ANCHOR_CH5_SCAN_ARM now=163944 win=3 complete=15 interval=380 wait=0 tx=0
DBG_DWM_CH5_RX_HUNT_START acq=3 complete=15 cap=1021
DBG_DWM_CH5_RX_HUNT_EMPTY ret=-116 status=0x00000000 acq=3
DBG_ANCHOR_CH5_SCAN_DONE ret=-116 len=0 fail=1 pre=0 q=0 rx_us=3784 complete=15
DBG_ANCHOR_CH5_SCAN_RESCHED ret=1 delay=380
DBG_ANCHOR_CH5_SCAN_HANDLER role=2
DBG_DWM_CH5_RX_HUNT_START acq=3 complete=15 cap=1021
DBG_DWM_CH5_RX_HUNT_EMPTY ret=-116 status=0x00000000 acq=3
DBG_ANCHOR_CH5_SCAN_RESCHED ret=1 delay=380
DBG_ANCHOR_CH5_SCAN_HANDLER role=2
DBG_DWM_CH5_RX_HUNT_START acq=3 complete=15 cap=1021
DBG_DWM_CH5_RX_HUNT_EMPTY ret=-116 status=0x00000000 acq=3
DBG_ANCHOR_CH5_SCAN_RESCHED ret=1 delay=380
DBG_ANCHOR_CH5_SCAN_HANDLER role=2
DBG_ANCHOR_CH5_SCAN_ARM now=165156 win=3 complete=15 interval=380 wait=0 tx=0
DBG_DWM_CH5_RX_HUNT_START acq=3 complete=15 cap=1021
DBG_DWM_CH5_RX_ACTIVITY_EXTEND ret=0 status=0x00000100 complete=15
DBG_DWM_CH5_RX_ACTIVITY_WAIT status=0x00000100 remain=15
DBG_DWM_CH5_RX_ACTIVITY_DONE raw=51 payload=49 status=0x00006f00 rearm=0 extended=1
DBG_ANCHOR_CH5_SCAN_DONE ret=0 len=49 fail=0 pre=1 q=100 rx_us=4516 complete=15
DBG_UWB_RX_CH5
DBG_ANCHOR_CH5_FRAME len=49 q=100 wake_ret=0
DBG_ANCHOR_ROUTE_WAKE_DISPATCH src=0x9999888877776666 evt=244860 attempt=1 flags=0x93 len=49 q=100
DBG_C5_CONTACT phase=open state=2 peer=0x9999888877776666 purpose=route_solicit reason=wake-claim
DBG_C5_CONTACT phase=accepted state=2 peer=0x9999888877776666 purpose=route_solicit reason=wake-claim
DBG_ANCHOR_ROUTE_WAKE_HANDOFF src=0x9999888877776666 evt=244860 attempt=1 flags=0x93 embedded=0 listen=2000
DBG_C5_CONTACT phase=closing state=4 peer=0x9999888877776666 purpose=route_solicit reason=replace
DBG_ROUTE_REPLY_LISTEN_START
DBG_DWM_WAKE_MESH_CTRL_OK sfd=4073
DBG_ROUTE_REPLY_LISTEN_CONFIG ret=0 ext=1
DBG_C5_CONTROL_LISTENER_HOLD_EXTENDED
DBG_C5_RX_FAIL status=0x00001300 finfo=0x00000000 fail=4 phy=4 ch=5 plen=3 pac=2 txc=9 rxc=9 sfd=2 rate=0 phr=1 phrr=0 sfdto=4
DBG_C5_CONTROL_LISTENER_HOLD_EXTENDED
DBG_C5_CONTROL_LISTENER_HOLD_EXTENDED
DBG_C5_CONTROL_LISTENER_HOLD_EXTENDED
DBG_C5_CONTROL_LISTENER_HOLD_EXTENDED
DBG_C5_CONTROL_LISTENER_HOLD_EXTENDED
DBG_C5_CONTROL_LISTENER_HOLD_EXTENDED
DBG_C5_CONTROL_LISTENER_HOLD_EXTENDED
DBG_C5_CONTROL_LISTENER_HOLD_EXTENDED
DBG_C5_CONTROL_LISTENER_HOLD_EXTENDED
DBG_C5_CONTROL_LISTENER_HOLD_EXTENDED
DBG_C5_CONTROL_LISTENER_HOLD_EXTENDED
DBG_C5_CONTROL_LISTENER_HOLD_EXTENDED
DBG_C5_CONTROL_LISTENER_HOLD_EXTENDED
DBG_C5_CONTROL_LISTENER_HOLD_EXTENDED
DBG_C5_CONTROL_LISTENER_HOLD_EXTENDED
DBG_ROUTE_REPLY_RX_FRAME
DBG_C5_CONTROL_ROUTE_READY msg=0x40 prev=0x9999888877776666 ttl=8 origin_ttl=8 relay=0 ret=0
DBG_C5_CONTROL_ROUTE_STATE epoch=1 sel=0 next=0x9999888877776666 hop=0 timing=0
DBG_UWB_RX_CH5
DBG_MESH_RX_QUEUED ch=5 msg=0x40 src=0x9999888877776666 dst=0x0 prev=0x9999888877776666 seq=1 q=1
DBG_MESH_RX_DEFERRED q=1 msg=0x40
DBG_COORD state=mesh-rx owner=uwb-rx reason=mesh-rx rx=1 tx=0 relay=0 route=0 ack=0 qack=0
DBG_ANCHOR_MESH_RX_YIELD reason=anchor-low-duty-ch5-owner ch9=0 delay=0 scan_int=380 scan_win=3 wait=0 q=1
DBG_MESH_RX_WORK_WAIT q=1
DBG_MESH_RX_WORK_ENTER q=1
DBG_MESH_RX_DRAIN_ENTER owner=work q=1
DBG_C5_CONTACT phase=accepted state=2 peer=0x9999888877776666 purpose=gateway_command_flood reason=c5-control-rx
DBG_COORD state=idle owner=c5-flood reason=idle rx=0 tx=0 relay=0 route=0 ack=0 qack=0
DBG_C5_FLOOD_WAIT now=165459 wake=170637 first=171037 msg=40 attempt=1/3 reason=broadcast-forward
DBG_ROUTE_REPLY_LISTEN_DONE captured=1 ret=-11
DBG_ANCHOR_CH5_SCAN_HANDLER role=2
DBG_DWM_CH5_RX_HUNT_START acq=3 complete=15 cap=1021
DBG_DWM_CH5_RX_HUNT_EMPTY ret=-116 status=0x00000000 acq=3
DBG_ANCHOR_CH5_SCAN_RESCHED ret=1 delay=380
DBG_ANCHOR_CH5_SCAN_HANDLER role=2
DBG_ANCHOR_CH5_SCAN_ARM now=166242 win=3 complete=15 interval=380 wait=0 tx=0
DBG_DWM_CH5_RX_HUNT_START acq=3 complete=15 cap=1021
DBG_DWM_CH5_RX_HUNT_EMPTY ret=-116 status=0x00000000 acq=3
DBG_ANCHOR_CH5_SCAN_DONE ret=-116 len=0 fail=1 pre=0 q=0 rx_us=3356 complete=15
DBG_ANCHOR_CH5_SCAN_RESCHED ret=1 delay=380
DBG_ANCHOR_CH5_SCAN_HANDLER role=2
DBG_DWM_CH5_RX_HUNT_START acq=3 complete=15 cap=1021
DBG_DWM_CH5_RX_ACTIVITY_EXTEND ret=0 status=0x00000100 complete=15
DBG_DWM_CH5_RX_ACTIVITY_WAIT status=0x00000100 remain=15
DBG_DWM_CH5_RX_ACTIVITY_DONE raw=51 payload=49 status=0x00006f00 rearm=0 extended=1
DBG_ANCHOR_CH5_SCAN_DONE ret=0 len=49 fail=0 pre=1 q=100 rx_us=5493 complete=15
DBG_UWB_RX_CH5
DBG_ANCHOR_CH5_FRAME len=49 q=100 wake_ret=0
DBG_ANCHOR_ROUTE_WAKE_DISPATCH src=0x191a9619c6c8cb07 evt=246687 attempt=1 flags=0x93 len=49 q=100
DBG_C5_CONTACT phase=open state=2 peer=0x191a9619c6c8cb07 purpose=route_solicit reason=wake-claim
DBG_C5_CONTACT phase=accepted state=2 peer=0x191a9619c6c8cb07 purpose=route_solicit reason=wake-claim
DBG_ANCHOR_ROUTE_WAKE_HANDOFF src=0x191a9619c6c8cb07 evt=246687 attempt=1 flags=0x93 embedded=0 listen=2000
DBG_C5_CONTACT phase=closing state=4 peer=0x191a9619c6c8cb07 purpose=route_solicit reason=replace
DBG_C5_CONTACT phase=open state=2 peer=0x191a9619c6c8cb07 purpose=gateway_command_flood reason=gateway-command-wake-followup
DBG_ROUTE_REPLY_LISTEN_START
DBG_DWM_WAKE_MESH_CTRL_OK sfd=4073
DBG_ROUTE_REPLY_LISTEN_CONFIG ret=0 ext=1
DBG_C5_CONTROL_LISTENER_HOLD_EXTENDED
DBG_C5_RX_FAIL status=0x00001300 finfo=0x00000000 fail=4 phy=4 ch=5 plen=3 pac=2 txc=9 rxc=9 sfd=2 rate=0 phr=1 phrr=0 sfdto=4
DBG_C5_CONTROL_LISTENER_HOLD_EXTENDED
DBG_C5_CONTROL_LISTENER_HOLD_EXTENDED
DBG_C5_CONTROL_LISTENER_HOLD_EXTENDED
DBG_C5_CONTROL_LISTENER_HOLD_EXTENDED
DBG_C5_CONTROL_LISTENER_HOLD_EXTENDED
DBG_C5_CONTROL_LISTENER_HOLD_EXTENDED
DBG_C5_CONTROL_LISTENER_HOLD_EXTENDED
DBG_C5_CONTROL_LISTENER_HOLD_EXTENDED
DBG_C5_CONTROL_LISTENER_HOLD_EXTENDED
DBG_C5_CONTROL_LISTENER_HOLD_EXTENDED
DBG_C5_CONTROL_LISTENER_HOLD_EXTENDED
DBG_C5_CONTROL_LISTENER_HOLD_EXTENDED
DBG_C5_CONTROL_LISTENER_HOLD_EXTENDED
DBG_C5_CONTROL_LISTENER_HOLD_EXTENDED
DBG_C5_CONTROL_LISTENER_HOLD_EXTENDED
DBG_C5_CONTROL_LISTENER_HOLD_EXTENDED
DBG_C5_CONTROL_LISTENER_HOLD_EXTENDED
DBG_C5_CONTROL_LISTENER_HOLD_EXTENDED
DBG_C5_CONTROL_LISTENER_HOLD_EXTENDED
DBG_C5_CONTROL_LISTENER_HOLD_EXTENDED
DBG_C5_CONTROL_LISTENER_HOLD_EXTENDED
DBG_C5_CONTROL_LISTENER_HOLD_EXTENDED
DBG_C5_CONTROL_LISTENER_HOLD_EXTENDED
DBG_C5_CONTROL_LISTENER_HOLD_EXTENDED
DBG_C5_CONTROL_LISTENER_HOLD_EXTENDED
DBG_C5_CONTROL_LISTENER_HOLD_EXTENDED
DBG_C5_CONTROL_LISTENER_HOLD_EXTENDED
DBG_C5_CONTROL_LISTENER_HOLD_EXTENDED
DBG_C5_CONTROL_LISTENER_HOLD_EXTENDED
DBG_C5_CONTROL_LISTENER_HOLD_EXTENDED
DBG_C5_CONTROL_LISTENER_HOLD_EXTENDED
DBG_C5_CONTROL_LISTENER_HOLD_EXTENDED
DBG_ROUTE_REPLY_RX_FRAME
DBG_C5_CONTROL_ROUTE_HINT_RETAIN msg=0x40 session=17301512 seq=1 prev=0x191a9619c6c8cb07 epoch=1
DBG_C5_CONTROL_ROUTE_READY msg=0x40 prev=0x191a9619c6c8cb07 ttl=7 origin_ttl=8 relay=0 ret=0
DBG_C5_CONTROL_ROUTE_STATE epoch=1 sel=0 next=0x9999888877776666 hop=0 timing=0
DBG_UWB_RX_CH5
DBG_MESH_RX_QUEUED ch=5 msg=0x40 src=0x9999888877776666 dst=0x0 prev=0x191a9619c6c8cb07 seq=1 q=1
DBG_MESH_RX_DEFERRED q=1 msg=0x40
DBG_ROUTE_REPLY_LISTEN_DONE captured=1 ret=-11
DBG_C5_CONTACT phase=closing state=4 peer=0x191a9619c6c8cb07 purpose=gateway_command_flood reason=reply-listen-done
DBG_COORD state=mesh-rx owner=anchor-route-wake-followup reason=mesh-rx rx=1 tx=0 relay=0 route=0 ack=0 qack=0
DBG_MESH_RX_DIRECT_WAIT q=1 reason=anchor-route-wake-followup
DBG_MESH_RX_DIRECT_BUSY lock=-16 submit=0 q=1 owner=work since=165457 reason=anchor-route-wake-followup
DBG_ANCHOR_ROUTE_WAKE_HANDOFF_DONE src=0x191a9619c6c8cb07 embedded=0 ret=-11 pending=1
DBG_ANCHOR_CH5_SCAN_RESCHED ret=1 delay=380
DBG_ANCHOR_CH5_SCAN_HANDLER role=2
DBG_ANCHOR_CH5_SCAN_ARM now=167432 win=3 complete=15 interval=380 wait=0 tx=0
DBG_DWM_CH5_RX_HUNT_START acq=3 complete=15 cap=1021
DBG_DWM_CH5_RX_ACTIVITY_EXTEND ret=0 status=0x00000100 complete=15
DBG_DWM_CH5_RX_ACTIVITY_WAIT status=0x00000100 remain=15
DBG_DWM_CH5_RX_ACTIVITY_DONE raw=51 payload=49 status=0x00006f00 rearm=0 extended=1
DBG_ANCHOR_CH5_SCAN_DONE ret=0 len=49 fail=0 pre=1 q=100 rx_us=3143 complete=15
DBG_UWB_RX_CH5
DBG_ANCHOR_CH5_FRAME len=49 q=100 wake_ret=0
DBG_ANCHOR_ROUTE_WAKE_DISPATCH src=0x191a9619c6c8cb07 evt=247626 attempt=1 flags=0x93 len=49 q=100
DBG_C5_CONTACT phase=open state=2 peer=0x191a9619c6c8cb07 purpose=route_solicit reason=wake-claim
DBG_C5_CONTACT phase=accepted state=2 peer=0x191a9619c6c8cb07 purpose=route_solicit reason=wake-claim
DBG_ANCHOR_ROUTE_WAKE_HANDOFF src=0x191a9619c6c8cb07 evt=247626 attempt=1 flags=0x93 embedded=0 listen=2000
DBG_C5_CONTACT phase=closing state=4 peer=0x191a9619c6c8cb07 purpose=route_solicit reason=replace
DBG_ROUTE_REPLY_LISTEN_START
DBG_DWM_WAKE_MESH_CTRL_OK sfd=4073
DBG_ROUTE_REPLY_LISTEN_CONFIG ret=0 ext=1
DBG_C5_CONTROL_LISTENER_HOLD_EXTENDED
DBG_C5_RX_FAIL status=0x00001700 finfo=0x00000000 fail=4 phy=4 ch=5 plen=3 pac=2 txc=9 rxc=9 sfd=2 rate=0 phr=1 phrr=0 sfdto=4
DBG_C5_CONTROL_LISTENER_HOLD_EXTENDED
DBG_C5_CONTROL_LISTENER_HOLD_EXTENDED
DBG_C5_CONTROL_LISTENER_HOLD_EXTENDED
DBG_C5_CONTROL_LISTENER_HOLD_EXTENDED
DBG_C5_CONTROL_LISTENER_HOLD_EXTENDED
DBG_C5_CONTROL_LISTENER_HOLD_EXTENDED
DBG_C5_CONTROL_LISTENER_HOLD_EXTENDED
DBG_C5_CONTROL_LISTENER_HOLD_EXTENDED
DBG_C5_CONTROL_LISTENER_HOLD_EXTENDED
DBG_C5_CONTROL_LISTENER_HOLD_EXTENDED
DBG_C5_CONTROL_LISTENER_HOLD_EXTENDED
DBG_C5_CONTROL_LISTENER_HOLD_EXTENDED
DBG_C5_CONTROL_LISTENER_HOLD_EXTENDED
DBG_C5_CONTROL_LISTENER_HOLD_EXTENDED
DBG_C5_CONTROL_LISTENER_HOLD_EXTENDED
DBG_C5_CONTROL_LISTENER_HOLD_EXTENDED
DBG_C5_CONTROL_LISTENER_HOLD_EXTENDED
DBG_C5_CONTROL_LISTENER_HOLD_EXTENDED
DBG_C5_CONTROL_LISTENER_HOLD_EXTENDED
DBG_C5_CONTROL_LISTENER_HOLD_EXTENDED
DBG_C5_CONTROL_LISTENER_HOLD_EXTENDED
DBG_C5_CONTROL_LISTENER_HOLD_EXTENDED
DBG_C5_CONTROL_LISTENER_HOLD_EXTENDED
DBG_C5_CONTROL_LISTENER_HOLD_EXTENDED
DBG_C5_CONTROL_LISTENER_HOLD_EXTENDED
DBG_C5_CONTROL_LISTENER_HOLD_EXTENDED
DBG_C5_CONTROL_LISTENER_HOLD_EXTENDED
DBG_C5_CONTROL_LISTENER_HOLD_EXTENDED
DBG_C5_CONTROL_LISTENER_HOLD_EXTENDED
DBG_C5_CONTROL_LISTENER_HOLD_EXTENDED
DBG_C5_CONTROL_LISTENER_HOLD_EXTENDED
DBG_C5_CONTROL_LISTENER_HOLD_EXTENDED
DBG_C5_CONTROL_LISTENER_HOLD_EXTENDED
DBG_C5_CONTROL_LISTENER_HOLD_EXTENDED
DBG_C5_CONTROL_LISTENER_HOLD_EXTENDED
DBG_C5_CONTROL_LISTENER_HOLD_EXTENDED
DBG_C5_CONTROL_LISTENER_HOLD_EXTENDED
DBG_C5_CONTROL_LISTENER_HOLD_EXTENDED
DBG_C5_CONTROL_LISTENER_HOLD_EXTENDED
DBG_C5_CONTROL_LISTENER_HOLD_EXTENDED
DBG_C5_CONTROL_LISTENER_HOLD_EXTENDED
DBG_C5_CONTROL_LISTENER_HOLD_EXTENDED
DBG_C5_CONTROL_LISTENER_HOLD_EXTENDED
DBG_C5_CONTROL_LISTENER_HOLD_EXTENDED
DBG_C5_CONTROL_LISTENER_HOLD_EXTENDED
DBG_C5_CONTROL_LISTENER_HOLD_EXTENDED
DBG_ROUTE_REPLY_RX_FRAME
DBG_C5_CONTROL_ROUTE_HINT_RETAIN msg=0x40 session=17301512 seq=1 prev=0x191a9619c6c8cb07 epoch=1
DBG_C5_CONTROL_ROUTE_READY msg=0x40 prev=0x191a9619c6c8cb07 ttl=7 origin_ttl=8 relay=0 ret=0
DBG_C5_CONTROL_ROUTE_STATE epoch=1 sel=0 next=0x9999888877776666 hop=0 timing=0
DBG_UWB_RX_CH5
DBG_MESH_RX_QUEUED ch=5 msg=0x40 src=0x9999888877776666 dst=0x0 prev=0x191a9619c6c8cb07 seq=1 q=2
DBG_MESH_RX_DEFERRED q=2 msg=0x40
DBG_ROUTE_REPLY_LISTEN_DONE captured=1 ret=-11
DBG_C5_CONTACT phase=closing state=4 peer=0x191a9619c6c8cb07 purpose=gateway_command_flood reason=reply-listen-done
DBG_MESH_RX_DIRECT_WAIT q=2 reason=anchor-route-wake-followup
DBG_MESH_RX_DIRECT_BUSY lock=-16 submit=0 q=2 owner=work since=165457 reason=anchor-route-wake-followup
DBG_ANCHOR_ROUTE_WAKE_HANDOFF_DONE src=0x191a9619c6c8cb07 embedded=0 ret=-11 pending=2
DBG_ANCHOR_ROUTE_WAKE_DISPATCH_DONE handled=1 len=49 q=100
DBG_ANCHOR_CH5_SCAN_RESCHED ret=1 delay=380
DBG_ANCHOR_CH5_SCAN_HANDLER role=2
DBG_DWM_CH5_RX_HUNT_START acq=3 complete=15 cap=1021
DBG_DWM_CH5_RX_ACTIVITY_EXTEND ret=0 status=0x00000100 complete=15
DBG_DWM_CH5_RX_ACTIVITY_WAIT status=0x00000100 remain=15
DBG_DWM_CH5_RX_ACTIVITY_DONE raw=51 payload=49 status=0x00006f00 rearm=0 extended=1
DBG_ANCHOR_CH5_SCAN_DONE ret=0 len=49 fail=0 pre=1 q=100 rx_us=4791 complete=15
DBG_UWB_RX_CH5
DBG_ANCHOR_CH5_FRAME len=49 q=100 wake_ret=0
DBG_ANCHOR_ROUTE_WAKE_DISPATCH src=0x191a9619c6c8cb07 evt=248565 attempt=1 flags=0x93 len=49 q=100
DBG_C5_CONTACT phase=open state=2 peer=0x191a9619c6c8cb07 purpose=route_solicit reason=wake-claim
DBG_C5_CONTACT phase=accepted state=2 peer=0x191a9619c6c8cb07 purpose=route_solicit reason=wake-claim
DBG_ANCHOR_ROUTE_WAKE_HANDOFF src=0x191a9619c6c8cb07 evt=248565 attempt=1 flags=0x93 embedded=0 listen=2000
DBG_C5_CONTACT phase=closing state=4 peer=0x191a9619c6c8cb07 purpose=route_solicit reason=replace
DBG_ROUTE_REPLY_LISTEN_START
DBG_DWM_WAKE_MESH_CTRL_OK sfd=4073
DBG_ROUTE_REPLY_LISTEN_CONFIG ret=0 ext=1
DBG_C5_CONTROL_LISTENER_HOLD_EXTENDED
DBG_C5_RX_FAIL status=0x00001700 finfo=0x00000000 fail=4 phy=4 ch=5 plen=3 pac=2 txc=9 rxc=9 sfd=2 rate=0 phr=1 phrr=0 sfdto=4
DBG_C5_CONTROL_LISTENER_HOLD_EXTENDED
DBG_C5_CONTROL_LISTENER_HOLD_EXTENDED
DBG_C5_CONTROL_LISTENER_HOLD_EXTENDED
DBG_C5_CONTROL_LISTENER_HOLD_EXTENDED
DBG_C5_CONTROL_LISTENER_HOLD_EXTENDED
DBG_C5_CONTROL_LISTENER_HOLD_EXTENDED
DBG_C5_CONTROL_LISTENER_HOLD_EXTENDED
DBG_C5_CONTROL_LISTENER_HOLD_EXTENDED
DBG_C5_CONTROL_LISTENER_HOLD_EXTENDED
DBG_C5_CONTROL_LISTENER_HOLD_EXTENDED
DBG_C5_CONTROL_LISTENER_HOLD_EXTENDED
DBG_C5_CONTROL_LISTENER_HOLD_EXTENDED
DBG_C5_CONTROL_LISTENER_HOLD_EXTENDED
DBG_C5_CONTROL_LISTENER_HOLD_EXTENDED
DBG_C5_CONTROL_LISTENER_HOLD_EXTENDED
DBG_C5_CONTROL_LISTENER_HOLD_EXTENDED
DBG_C5_CONTROL_LISTENER_HOLD_EXTENDED
DBG_C5_CONTROL_LISTENER_HOLD_EXTENDED
DBG_C5_CONTROL_LISTENER_HOLD_EXTENDED
DBG_C5_CONTROL_LISTENER_HOLD_EXTENDED
DBG_C5_CONTROL_LISTENER_HOLD_EXTENDED
DBG_C5_CONTROL_LISTENER_HOLD_EXTENDED
DBG_C5_CONTROL_LISTENER_HOLD_EXTENDED
DBG_C5_CONTROL_LISTENER_HOLD_EXTENDED
DBG_C5_CONTROL_LISTENER_HOLD_EXTENDED
DBG_C5_CONTROL_LISTENER_HOLD_EXTENDED
DBG_C5_CONTROL_LISTENER_HOLD_EXTENDED
DBG_C5_CONTROL_LISTENER_HOLD_EXTENDED
DBG_C5_CONTROL_LISTENER_HOLD_EXTENDED
DBG_C5_CONTROL_LISTENER_HOLD_EXTENDED
DBG_C5_CONTROL_LISTENER_HOLD_EXTENDED
DBG_C5_CONTROL_LISTENER_HOLD_EXTENDED
DBG_C5_CONTROL_LISTENER_HOLD_EXTENDED
DBG_C5_CONTROL_LISTENER_HOLD_EXTENDED
DBG_C5_CONTROL_LISTENER_HOLD_EXTENDED
DBG_C5_CONTROL_LISTENER_HOLD_EXTENDED
DBG_C5_CONTROL_LISTENER_HOLD_EXTENDED
DBG_C5_CONTROL_LISTENER_HOLD_EXTENDED
DBG_C5_CONTROL_LISTENER_HOLD_EXTENDED
DBG_C5_CONTROL_LISTENER_HOLD_EXTENDED
DBG_C5_CONTROL_LISTENER_HOLD_EXTENDED
DBG_C5_CONTROL_LISTENER_HOLD_EXTENDED
DBG_C5_CONTROL_LISTENER_HOLD_EXTENDED
DBG_C5_CONTROL_LISTENER_HOLD_EXTENDED
DBG_C5_CONTROL_LISTENER_HOLD_EXTENDED
DBG_C5_CONTROL_LISTENER_HOLD_EXTENDED
DBG_ROUTE_REPLY_RX_FRAME
DBG_C5_CONTROL_ROUTE_HINT_RETAIN msg=0x40 session=17301512 seq=1 prev=0x191a9619c6c8cb07 epoch=1
DBG_C5_CONTROL_ROUTE_READY msg=0x40 prev=0x191a9619c6c8cb07 ttl=7 origin_ttl=8 relay=0 ret=0
DBG_C5_CONTROL_ROUTE_STATE epoch=1 sel=0 next=0x9999888877776666 hop=0 timing=0
DBG_UWB_RX_CH5
DBG_MESH_RX_QUEUED ch=5 msg=0x40 src=0x9999888877776666 dst=0x0 prev=0x191a9619c6c8cb07 seq=1 q=3
DBG_MESH_RX_DEFERRED q=3 msg=0x40
DBG_ROUTE_REPLY_LISTEN_DONE captured=1 ret=-11
DBG_C5_CONTACT phase=closing state=4 peer=0x191a9619c6c8cb07 purpose=gateway_command_flood reason=reply-listen-done
DBG_MESH_RX_DIRECT_WAIT q=3 reason=anchor-route-wake-followup
DBG_MESH_RX_DIRECT_BUSY lock=-16 submit=0 q=3 owner=work since=165457 reason=anchor-route-wake-followup
DBG_ANCHOR_ROUTE_WAKE_HANDOFF_DONE src=0x191a9619c6c8cb07 embedded=0 ret=-11 pending=3
DBG_ANCHOR_ROUTE_WAKE_DISPATCH_DONE handled=1 len=49 q=100
DBG_ANCHOR_CH5_SCAN_RESCHED ret=1 delay=380
DBG_ANCHOR_CH5_SCAN_HANDLER role=2
DBG_ANCHOR_CH5_SCAN_ARM now=169310 win=3 complete=15 interval=380 wait=0 tx=0
DBG_DWM_CH5_RX_HUNT_START acq=3 complete=15 cap=1021
DBG_DWM_CH5_RX_HUNT_EMPTY ret=-116 status=0x00000000 acq=3
DBG_ANCHOR_CH5_SCAN_DONE ret=-116 len=0 fail=1 pre=0 q=0 rx_us=3326 complete=15
DBG_ANCHOR_CH5_SCAN_RESCHED ret=1 delay=380
DBG_ANCHOR_CH5_SCAN_HANDLER role=2
DBG_DWM_CH5_RX_HUNT_START acq=3 complete=15 cap=1021
DBG_DWM_CH5_RX_HUNT_EMPTY ret=-116 status=0x00000000 acq=3
DBG_ANCHOR_CH5_SCAN_RESCHED ret=1 delay=380
DBG_ANCHOR_CH5_SCAN_HANDLER role=2
DBG_DWM_CH5_RX_HUNT_START acq=3 complete=15 cap=1021
DBG_DWM_CH5_RX_HUNT_EMPTY ret=-116 status=0x00000000 acq=3
DBG_ANCHOR_CH5_SCAN_RESCHED ret=1 delay=380
DBG_ANCHOR_CH5_SCAN_HANDLER role=2
DBG_ANCHOR_CH5_SCAN_ARM now=170519 win=3 complete=15 interval=380 wait=0 tx=0
DBG_DWM_CH5_RX_HUNT_START acq=3 complete=15 cap=1021
DBG_DWM_CH5_RX_ACTIVITY_EXTEND ret=0 status=0x00000100 complete=15
DBG_DWM_CH5_RX_ACTIVITY_WAIT status=0x00000100 remain=15
DBG_DWM_CH5_RX_ACTIVITY_DONE raw=51 payload=49 status=0x00006f00 rearm=0 extended=1
DBG_ANCHOR_CH5_SCAN_DONE ret=0 len=49 fail=0 pre=1 q=100 rx_us=8911 complete=15
DBG_UWB_RX_CH5
DBG_ANCHOR_CH5_FRAME len=49 q=100 wake_ret=0
DBG_ANCHOR_ROUTE_WAKE_DISPATCH src=0x56da25fe4af6d141 evt=250581 attempt=1 flags=0x93 len=49 q=100
DBG_C5_CONTACT phase=open state=2 peer=0x56da25fe4af6d141 purpose=route_solicit reason=wake-claim
DBG_C5_CONTACT phase=accepted state=2 peer=0x56da25fe4af6d141 purpose=route_solicit reason=wake-claim
DBG_ANCHOR_ROUTE_WAKE_HANDOFF src=0x56da25fe4af6d141 evt=250581 attempt=1 flags=0x93 embedded=0 listen=2000
DBG_C5_CONTACT phase=closing state=4 peer=0x56da25fe4af6d141 purpose=route_solicit reason=replace
DBG_C5_CONTACT phase=open state=2 peer=0x56da25fe4af6d141 purpose=gateway_command_flood reason=gateway-command-wake-followup
DBG_C5_CONTACT phase=accepted state=2 peer=0x56da25fe4af6d141 purpose=gateway_command_flood reason=gateway-command-wake-follow
DBG_ROUTE_REPLY_LISTEN_START
DBG_DWM_WAKE_MESH_CTRL_OK sfd=4073
DBG_ROUTE_REPLY_LISTEN_CONFIG ret=0 ext=1
DBG_C5_CONTROL_LISTENER_HOLD_EXTENDED
DBG_C5_RX_FAIL status=0x00001700 finfo=0x00000000 fail=4 phy=4 ch=5 plen=3 pac=2 txc=9 rxc=9 sfd=2 rate=0 phr=1 phrr=0 sfdto=4
DBG_C5_CONTROL_LISTENER_HOLD_EXTENDED
DBG_C5_CONTROL_LISTENER_HOLD_EXTENDED
DBG_C5_CONTROL_LISTENER_HOLD_EXTENDED
DBG_C5_CONTROL_LISTENER_HOLD_EXTENDED
DBG_C5_CONTROL_LISTENER_HOLD_EXTENDED
DBG_C5_CONTROL_LISTENER_HOLD_EXTENDED
DBG_C5_CONTROL_LISTENER_HOLD_EXTENDED
DBG_DISCOVERY_SLOT_RESPONSE_SCHEDULED phase=1 epoch=17301512 delay=3034 slot=1 lane=1/3 hop=1 hash=0x75e11c1882b9b9a6
DBG_MESH_RX_DRAIN_EXIT owner=work handled=4 q=0
DBG_MESH_RX_WORK_EXIT handled=4 q=0
DBG_COORD state=idle owner=report-tx reason=idle rx=0 tx=0 relay=0 route=0 ack=0 qack=0
DBG_MESH_RX_WORK_WAIT q=0
DBG_MESH_RX_WORK_ENTER q=0
DBG_MESH_RX_DRAIN_ENTER owner=work q=0
DBG_MESH_RX_DRAIN_EXIT owner=work handled=0 q=0
DBG_MESH_RX_WORK_EXIT handled=0 q=0
DBG_C5_CONTROL_LISTENER_HOLD_EXTENDED
DBG_C5_CONTROL_LISTENER_HOLD_EXTENDED
DBG_C5_CONTROL_LISTENER_HOLD_EXTENDED
DBG_C5_CONTROL_LISTENER_HOLD_EXTENDED
DBG_C5_CONTROL_LISTENER_HOLD_EXTENDED
DBG_C5_CONTROL_LISTENER_HOLD_EXTENDED
DBG_C5_CONTROL_LISTENER_HOLD_EXTENDED
DBG_C5_CONTROL_LISTENER_HOLD_EXTENDED
DBG_C5_CONTROL_LISTENER_HOLD_EXTENDED
DBG_C5_CONTROL_LISTENER_HOLD_EXTENDED
DBG_C5_CONTROL_LISTENER_HOLD_EXTENDED
DBG_C5_CONTROL_LISTENER_HOLD_EXTENDED
DBG_C5_CONTROL_LISTENER_HOLD_EXTENDED
DBG_C5_CONTROL_LISTENER_HOLD_EXTENDED
DBG_C5_CONTROL_LISTENER_HOLD_EXTENDED
DBG_C5_CONTROL_LISTENER_HOLD_EXTENDED
DBG_C5_CONTROL_LISTENER_HOLD_EXTENDED
DBG_C5_CONTROL_LISTENER_HOLD_EXTENDED
DBG_C5_CONTROL_LISTENER_HOLD_EXTENDED
DBG_C5_CONTROL_LISTENER_HOLD_EXTENDED
DBG_C5_CONTROL_LISTENER_HOLD_EXTENDED
DBG_C5_CONTROL_LISTENER_HOLD_EXTENDED
DBG_C5_CONTROL_LISTENER_HOLD_EXTENDED
DBG_C5_CONTROL_LISTENER_HOLD_EXTENDED
DBG_C5_CONTROL_LISTENER_HOLD_EXTENDED
DBG_C5_CONTROL_LISTENER_HOLD_EXTENDED
DBG_WAKE_TRAIN_GUARD_FAIL
DBG_C5_CONTACT phase=closing state=4 peer=0x56da25fe4af6d141 purpose=gateway_command_flood reason=wake-train-guard-fail
DBG_ANCHOR_MESH_RX_YIELD reason=anchor-low-duty-ch5-owner ch9=0 delay=0 scan_int=380 scan_win=3 wait=0 q=0
DBG_ROUTE_REPLY_RX_FRAME
DBG_C5_CONTROL_ROUTE_HINT_RETAIN msg=0x40 session=17301512 seq=1 prev=0x56da25fe4af6d141 epoch=1
DBG_C5_CONTROL_ROUTE_READY msg=0x40 prev=0x56da25fe4af6d141 ttl=7 origin_ttl=8 relay=0 ret=0
DBG_C5_CONTROL_ROUTE_STATE epoch=1 sel=0 next=0x9999888877776666 hop=0 timing=0
DBG_UWB_RX_CH5
DBG_MESH_RX_QUEUED ch=5 msg=0x40 src=0x9999888877776666 dst=0x0 prev=0x56da25fe4af6d141 seq=1 q=1
DBG_MESH_RX_DEFERRED q=1 msg=0x40
DBG_COORD state=mesh-rx owner=uwb-rx reason=mesh-rx rx=1 tx=0 relay=0 route=0 ack=0 qack=0
DBG_MESH_RX_WORK_WAIT q=1
DBG_MESH_RX_WORK_ENTER q=1
DBG_MESH_RX_DRAIN_ENTER owner=work q=1
DBG_MESH_RX_DRAIN_EXIT owner=work handled=1 q=0
DBG_MESH_RX_WORK_EXIT handled=1 q=0
DBG_COORD state=idle owner=report-tx reason=idle rx=0 tx=0 relay=0 route=0 ack=0 qack=0
DBG_ROUTE_REPLY_LISTEN_DONE captured=1 ret=-11
DBG_ANCHOR_ROUTE_WAKE_HANDOFF_DONE src=0x56da25fe4af6d141 embedded=0 ret=-11 pending=0
DBG_ANCHOR_ROUTE_WAKE_DISPATCH_DONE handled=1 len=49 q=100
DBG_ANCHOR_CH5_SCAN_HANDLER role=2
DBG_DWM_CH5_RX_HUNT_START acq=3 complete=15 cap=1021
DBG_DWM_CH5_RX_ACTIVITY_EXTEND ret=0 status=0x00000100 complete=15
DBG_DWM_CH5_RX_ACTIVITY_WAIT status=0x00000100 remain=15
DBG_DWM_CH5_RX_ACTIVITY_DONE raw=51 payload=49 status=0x00006f00 rearm=0 extended=1
DBG_ANCHOR_CH5_SCAN_DONE ret=0 len=49 fail=0 pre=1 q=100 rx_us=9002 complete=15
DBG_UWB_RX_CH5
DBG_ANCHOR_CH5_FRAME len=49 q=100 wake_ret=0
DBG_ANCHOR_ROUTE_WAKE_DISPATCH src=0x56da25fe4af6d141 evt=251518 attempt=1 flags=0x93 len=49 q=100
DBG_C5_CONTACT phase=open state=2 peer=0x56da25fe4af6d141 purpose=route_solicit reason=wake-claim
DBG_C5_CONTACT phase=accepted state=2 peer=0x56da25fe4af6d141 purpose=route_solicit reason=wake-claim
DBG_ANCHOR_ROUTE_WAKE_HANDOFF src=0x56da25fe4af6d141 evt=251518 attempt=1 flags=0x93 embedded=0 listen=2000
DBG_C5_CONTACT phase=closing state=4 peer=0x56da25fe4af6d141 purpose=route_solicit reason=replace
DBG_C5_CONTACT phase=open state=2 peer=0x56da25fe4af6d141 purpose=gateway_command_flood reason=gateway-command-wake-followup
DBG_C5_CONTACT phase=accepted state=2 peer=0x56da25fe4af6d141 purpose=gateway_command_flood reason=gateway-command-wake-follow
DBG_ROUTE_REPLY_LISTEN_START
DBG_DWM_WAKE_MESH_CTRL_OK sfd=4073
DBG_ROUTE_REPLY_LISTEN_CONFIG ret=0 ext=1
DBG_C5_CONTROL_LISTENER_HOLD_EXTENDED
DBG_C5_RX_FAIL status=0x00001700 finfo=0x00000000 fail=4 phy=4 ch=5 plen=3 pac=2 txc=9 rxc=9 sfd=2 rate=0 phr=1 phrr=0 sfdto=4
DBG_C5_CONTROL_LISTENER_HOLD_EXTENDED
DBG_C5_CONTROL_LISTENER_HOLD_EXTENDED
DBG_C5_CONTROL_LISTENER_HOLD_EXTENDED
DBG_C5_CONTROL_LISTENER_HOLD_EXTENDED
DBG_C5_CONTROL_LISTENER_HOLD_EXTENDED
DBG_C5_CONTROL_LISTENER_HOLD_EXTENDED
DBG_C5_CONTROL_LISTENER_HOLD_EXTENDED
DBG_C5_CONTROL_LISTENER_HOLD_EXTENDED
DBG_C5_CONTROL_LISTENER_HOLD_EXTENDED
DBG_C5_CONTROL_LISTENER_HOLD_EXTENDED
DBG_C5_CONTROL_LISTENER_HOLD_EXTENDED
DBG_C5_CONTROL_LISTENER_HOLD_EXTENDED
DBG_C5_CONTROL_LISTENER_HOLD_EXTENDED
DBG_C5_CONTROL_LISTENER_HOLD_EXTENDED
DBG_C5_CONTROL_LISTENER_HOLD_EXTENDED
DBG_C5_CONTROL_LISTENER_HOLD_EXTENDED
DBG_C5_CONTROL_LISTENER_HOLD_EXTENDED
DBG_C5_CONTROL_LISTENER_HOLD_EXTENDED
DBG_C5_CONTROL_LISTENER_HOLD_EXTENDED
DBG_C5_CONTROL_LISTENER_HOLD_EXTENDED
DBG_C5_CONTROL_LISTENER_HOLD_EXTENDED
DBG_C5_CONTROL_LISTENER_HOLD_EXTENDED
DBG_C5_CONTROL_LISTENER_HOLD_EXTENDED
DBG_C5_CONTROL_LISTENER_HOLD_EXTENDED
DBG_C5_CONTROL_LISTENER_HOLD_EXTENDED
DBG_C5_CONTROL_LISTENER_HOLD_EXTENDED
DBG_C5_CONTROL_LISTENER_HOLD_EXTENDED
DBG_C5_CONTROL_LISTENER_HOLD_EXTENDED
DBG_C5_CONTROL_LISTENER_HOLD_EXTENDED
DBG_C5_CONTROL_LISTENER_HOLD_EXTENDED
DBG_C5_CONTROL_LISTENER_HOLD_EXTENDED
DBG_C5_CONTROL_LISTENER_HOLD_EXTENDED
DBG_C5_CONTROL_LISTENER_HOLD_EXTENDED
DBG_C5_CONTROL_LISTENER_HOLD_EXTENDED
DBG_C5_CONTROL_LISTENER_HOLD_EXTENDED
DBG_C5_CONTROL_LISTENER_HOLD_EXTENDED
DBG_C5_CONTROL_LISTENER_HOLD_EXTENDED
DBG_C5_CONTROL_LISTENER_HOLD_EXTENDED
DBG_C5_CONTROL_LISTENER_HOLD_EXTENDED
DBG_C5_CONTROL_LISTENER_HOLD_EXTENDED
DBG_C5_CONTROL_LISTENER_HOLD_EXTENDED
DBG_C5_CONTROL_LISTENER_HOLD_EXTENDED
DBG_C5_CONTROL_LISTENER_HOLD_EXTENDED
DBG_C5_CONTROL_LISTENER_HOLD_EXTENDED
DBG_ROUTE_REPLY_RX_FRAME
DBG_C5_CONTROL_ROUTE_HINT_RETAIN msg=0x40 session=17301512 seq=1 prev=0x56da25fe4af6d141 epoch=1
DBG_C5_CONTROL_ROUTE_READY msg=0x40 prev=0x56da25fe4af6d141 ttl=7 origin_ttl=8 relay=0 ret=0
DBG_C5_CONTROL_ROUTE_STATE epoch=1 sel=0 next=0x9999888877776666 hop=0 timing=0
DBG_UWB_RX_CH5
DBG_MESH_RX_QUEUED ch=5 msg=0x40 src=0x9999888877776666 dst=0x0 prev=0x56da25fe4af6d141 seq=1 q=1
DBG_MESH_RX_DEFERRED q=1 msg=0x40
DBG_COORD state=mesh-rx owner=uwb-rx reason=mesh-rx rx=1 tx=0 relay=0 route=0 ack=0 qack=0
DBG_ANCHOR_MESH_RX_YIELD reason=anchor-low-duty-ch5-owner ch9=0 delay=0 scan_int=380 scan_win=3 wait=0 q=1
DBG_MESH_RX_WORK_WAIT q=1
DBG_MESH_RX_WORK_ENTER q=1
DBG_MESH_RX_DRAIN_ENTER owner=work q=1
DBG_MESH_RX_DRAIN_EXIT owner=work handled=1 q=0
DBG_MESH_RX_WORK_EXIT handled=1 q=0
DBG_COORD state=idle owner=report-tx reason=idle rx=0 tx=0 relay=0 route=0 ack=0 qack=0
DBG_ROUTE_REPLY_LISTEN_DONE captured=1 ret=-11
DBG_ANCHOR_ROUTE_WAKE_DISPATCH_DONE handled=1 len=49 q=100
DBG_WAKE_TRAIN_GUARD_OK
DBG_WAKE_TRAIN_CONFIG_BEGIN
DBG_WAKE_TRAIN_CONFIG_OK
DBG_WAKE_TRAIN_FIRST_SEND_BEGIN
DBG_WAKE_TRAIN_FIRST_SEND_OK
DBG_UWB_TX_CH5
DBG_TX_WAKE_CLAIM_SENT
DBG_UWB_TX_CH5
DBG_TX_WAKE_CLAIM_SENT
DBG_UWB_TX_CH5
DBG_TX_WAKE_CLAIM_SENT
DBG_UWB_TX_CH5
DBG_TX_WAKE_CLAIM_SENT
DBG_DWM_CH5_RX_HUNT_START acq=3 complete=15 cap=125
DBG_DWM_CH5_RX_HUNT_EMPTY ret=-116 status=0x00000000 acq=3
DBG_UWB_TX_CH5
DBG_TX_WAKE_CLAIM_SENT
DBG_UWB_TX_CH5
DBG_TX_WAKE_CLAIM_SENT
DBG_UWB_TX_CH5
DBG_TX_WAKE_CLAIM_SENT
DBG_DWM_CH5_RX_HUNT_START acq=3 complete=15 cap=125
DBG_ANCHOR_CH5_SCAN_HANDLER role=2
DBG_DWM_CH5_RX_HUNT_EMPTY ret=-116 status=0x00000000 acq=3
DBG_ANCHOR_CH5_SCAN_BLOCKED win=0 survey=0 tx=0 retry_gap=0 wait=0 rx=0 rxq=0 rxr=0 ack=0 ch9=0 rf=1 retry=20 interval=380
DBG_ANCHOR_CH5_SCAN_RESCHED ret=1 delay=20
DBG_UWB_TX_CH5
DBG_TX_WAKE_CLAIM_SENT
DBG_UWB_TX_CH5
DBG_TX_WAKE_CLAIM_SENT
DBG_UWB_TX_CH5
DBG_TX_WAKE_CLAIM_SENT
DBG_DWM_CH5_RX_HUNT_START acq=3 complete=15 cap=125
DBG_ANCHOR_CH5_SCAN_HANDLER role=2
DBG_DWM_CH5_RX_HUNT_EMPTY ret=-116 status=0x00000000 acq=3
DBG_ANCHOR_CH5_SCAN_BLOCKED win=0 survey=0 tx=0 retry_gap=0 wait=0 rx=0 rxq=0 rxr=0 ack=0 ch9=0 rf=1 retry=20 interval=380
DBG_ANCHOR_CH5_SCAN_RESCHED ret=1 delay=20
DBG_UWB_TX_CH5
DBG_TX_WAKE_CLAIM_SENT
DBG_UWB_TX_CH5
DBG_TX_WAKE_CLAIM_SENT
DBG_UWB_TX_CH5
DBG_TX_WAKE_CLAIM_SENT
DBG_DWM_CH5_RX_HUNT_START acq=3 complete=15 cap=125
DBG_ANCHOR_CH5_SCAN_HANDLER role=2
DBG_DWM_CH5_RX_HUNT_EMPTY ret=-116 status=0x00000000 acq=3
DBG_ANCHOR_CH5_SCAN_BLOCKED win=0 survey=0 tx=0 retry_gap=0 wait=0 rx=0 rxq=0 rxr=0 ack=0 ch9=0 rf=1 retry=20 interval=380
DBG_ANCHOR_CH5_SCAN_RESCHED ret=1 delay=20
DBG_UWB_TX_CH5
DBG_TX_WAKE_CLAIM_SENT
DBG_UWB_TX_CH5
DBG_TX_WAKE_CLAIM_SENT
DBG_UWB_TX_CH5
DBG_TX_WAKE_CLAIM_SENT
DBG_DWM_CH5_RX_HUNT_START acq=3 complete=15 cap=125
DBG_ANCHOR_CH5_SCAN_HANDLER role=2
DBG_DWM_CH5_RX_HUNT_EMPTY ret=-116 status=0x00000000 acq=3
DBG_ANCHOR_CH5_SCAN_BLOCKED win=0 survey=0 tx=0 retry_gap=0 wait=0 rx=0 rxq=0 rxr=0 ack=0 ch9=0 rf=1 retry=20 interval=380
DBG_ANCHOR_CH5_SCAN_RESCHED ret=1 delay=20
DBG_UWB_TX_CH5
DBG_TX_WAKE_CLAIM_SENT
DBG_UWB_TX_CH5
DBG_TX_WAKE_CLAIM_SENT
DBG_UWB_TX_CH5
DBG_TX_WAKE_CLAIM_SENT
DBG_DWM_CH5_RX_HUNT_START acq=3 complete=15 cap=125
DBG_ANCHOR_CH5_SCAN_HANDLER role=2
DBG_DWM_CH5_RX_HUNT_EMPTY ret=-116 status=0x00000000 acq=3
DBG_ANCHOR_CH5_SCAN_BLOCKED win=0 survey=0 tx=0 retry_gap=0 wait=0 rx=0 rxq=0 rxr=0 ack=0 ch9=0 rf=1 retry=20 interval=380
DBG_ANCHOR_CH5_SCAN_RESCHED ret=1 delay=20
DBG_UWB_TX_CH5
DBG_TX_WAKE_CLAIM_SENT
DBG_UWB_TX_CH5
DBG_TX_WAKE_CLAIM_SENT
DBG_UWB_TX_CH5
DBG_TX_WAKE_CLAIM_SENT
DBG_DWM_CH5_RX_HUNT_START acq=3 complete=15 cap=125
DBG_ANCHOR_CH5_SCAN_HANDLER role=2
DBG_DWM_CH5_RX_HUNT_EMPTY ret=-116 status=0x00000000 acq=3
DBG_ANCHOR_CH5_SCAN_BLOCKED win=0 survey=0 tx=0 retry_gap=0 wait=0 rx=0 rxq=0 rxr=0 ack=0 ch9=0 rf=1 retry=20 interval=380
DBG_ANCHOR_CH5_SCAN_RESCHED ret=1 delay=20
DBG_UWB_TX_CH5
DBG_TX_WAKE_CLAIM_SENT
DBG_UWB_TX_CH5
DBG_TX_WAKE_CLAIM_SENT
DBG_UWB_TX_CH5
DBG_TX_WAKE_CLAIM_SENT
DBG_DWM_CH5_RX_HUNT_START acq=3 complete=15 cap=125
DBG_ANCHOR_CH5_SCAN_HANDLER role=2
DBG_DWM_CH5_RX_HUNT_EMPTY ret=-116 status=0x00000000 acq=3
DBG_ANCHOR_CH5_SCAN_BLOCKED win=0 survey=0 tx=0 retry_gap=0 wait=0 rx=0 rxq=0 rxr=0 ack=0 ch9=0 rf=1 retry=20 interval=380
DBG_ANCHOR_CH5_SCAN_RESCHED ret=1 delay=20
DBG_UWB_TX_CH5
DBG_TX_WAKE_CLAIM_SENT
DBG_UWB_TX_CH5
DBG_TX_WAKE_CLAIM_SENT
DBG_UWB_TX_CH5
DBG_TX_WAKE_CLAIM_SENT
DBG_DWM_CH5_RX_HUNT_START acq=3 complete=15 cap=125
DBG_ANCHOR_CH5_SCAN_HANDLER role=2
DBG_DWM_CH5_RX_HUNT_EMPTY ret=-116 status=0x00000000 acq=3
DBG_ANCHOR_CH5_SCAN_BLOCKED win=0 survey=0 tx=0 retry_gap=0 wait=0 rx=0 rxq=0 rxr=0 ack=0 ch9=0 rf=1 retry=20 interval=380
DBG_ANCHOR_CH5_SCAN_RESCHED ret=1 delay=20
DBG_UWB_TX_CH5
DBG_TX_WAKE_CLAIM_SENT
DBG_UWB_TX_CH5
DBG_TX_WAKE_CLAIM_SENT
DBG_UWB_TX_CH5
DBG_TX_WAKE_CLAIM_SENT
DBG_DWM_CH5_RX_HUNT_START acq=3 complete=15 cap=125
DBG_ANCHOR_CH5_SCAN_HANDLER role=2
DBG_DWM_CH5_RX_HUNT_EMPTY ret=-116 status=0x00000000 acq=3
DBG_ANCHOR_CH5_SCAN_BLOCKED win=0 survey=0 tx=0 retry_gap=0 wait=0 rx=0 rxq=0 rxr=0 ack=0 ch9=0 rf=1 retry=20 interval=380
DBG_ANCHOR_CH5_SCAN_RESCHED ret=1 delay=20
DBG_UWB_TX_CH5
DBG_TX_WAKE_CLAIM_SENT
DBG_UWB_TX_CH5
DBG_TX_WAKE_CLAIM_SENT
DBG_UWB_TX_CH5
DBG_TX_WAKE_CLAIM_SENT
DBG_DWM_CH5_RX_HUNT_START acq=3 complete=15 cap=125
DBG_ANCHOR_CH5_SCAN_HANDLER role=2
DBG_DWM_CH5_RX_HUNT_EMPTY ret=-116 status=0x00000000 acq=3
DBG_ANCHOR_CH5_SCAN_BLOCKED win=0 survey=0 tx=0 retry_gap=0 wait=0 rx=0 rxq=0 rxr=0 ack=0 ch9=0 rf=1 retry=20 interval=380
DBG_ANCHOR_CH5_SCAN_RESCHED ret=1 delay=20
DBG_UWB_TX_CH5
DBG_TX_WAKE_CLAIM_SENT
DBG_UWB_TX_CH5
DBG_TX_WAKE_CLAIM_SENT
DBG_UWB_TX_CH5
DBG_TX_WAKE_CLAIM_SENT
DBG_DWM_CH5_RX_HUNT_START acq=3 complete=15 cap=125
DBG_ANCHOR_CH5_SCAN_HANDLER role=2
DBG_DWM_CH5_RX_HUNT_EMPTY ret=-116 status=0x00000000 acq=3
DBG_ANCHOR_CH5_SCAN_BLOCKED win=0 survey=0 tx=0 retry_gap=0 wait=0 rx=0 rxq=0 rxr=0 ack=0 ch9=0 rf=1 retry=20 interval=380
DBG_ANCHOR_CH5_SCAN_RESCHED ret=1 delay=20
DBG_UWB_TX_CH5
DBG_TX_WAKE_CLAIM_SENT
DBG_UWB_TX_CH5
DBG_TX_WAKE_CLAIM_SENT
DBG_UWB_TX_CH5
DBG_TX_WAKE_CLAIM_SENT
DBG_DWM_CH5_RX_HUNT_START acq=3 complete=15 cap=125
DBG_ANCHOR_CH5_SCAN_HANDLER role=2
DBG_DWM_CH5_RX_HUNT_EMPTY ret=-116 status=0x00000000 acq=3
DBG_ANCHOR_CH5_SCAN_BLOCKED win=0 survey=0 tx=0 retry_gap=0 wait=0 rx=0 rxq=0 rxr=0 ack=0 ch9=0 rf=1 retry=20 interval=380
DBG_ANCHOR_CH5_SCAN_RESCHED ret=1 delay=20
DBG_UWB_TX_CH5
DBG_TX_WAKE_CLAIM_SENT
DBG_UWB_TX_CH5
DBG_TX_WAKE_CLAIM_SENT
DBG_UWB_TX_CH5
DBG_TX_WAKE_CLAIM_SENT
DBG_DWM_CH5_RX_HUNT_START acq=3 complete=15 cap=125
DBG_ANCHOR_CH5_SCAN_HANDLER role=2
DBG_DWM_CH5_RX_HUNT_EMPTY ret=-116 status=0x00000000 acq=3
DBG_ANCHOR_CH5_SCAN_BLOCKED win=0 survey=0 tx=0 retry_gap=0 wait=0 rx=0 rxq=0 rxr=0 ack=0 ch9=0 rf=1 retry=20 interval=380
DBG_ANCHOR_CH5_SCAN_RESCHED ret=1 delay=20
DBG_UWB_TX_CH5
DBG_TX_WAKE_CLAIM_SENT
DBG_UWB_TX_CH5
DBG_TX_WAKE_CLAIM_SENT
DBG_UWB_TX_CH5
DBG_TX_WAKE_CLAIM_SENT
DBG_DWM_CH5_RX_HUNT_START acq=3 complete=15 cap=125
DBG_ANCHOR_CH5_SCAN_HANDLER role=2
DBG_DWM_CH5_RX_HUNT_EMPTY ret=-116 status=0x00000000 acq=3
DBG_ANCHOR_CH5_SCAN_BLOCKED win=0 survey=0 tx=0 retry_gap=0 wait=0 rx=0 rxq=0 rxr=0 ack=0 ch9=0 rf=1 retry=20 interval=380
DBG_ANCHOR_CH5_SCAN_RESCHED ret=1 delay=20
DBG_UWB_TX_CH5
DBG_TX_WAKE_CLAIM_SENT
DBG_UWB_TX_CH5
DBG_TX_WAKE_CLAIM_SENT
DBG_UWB_TX_CH5
DBG_TX_WAKE_CLAIM_SENT
DBG_DWM_CH5_RX_HUNT_START acq=3 complete=15 cap=125
DBG_ANCHOR_CH5_SCAN_HANDLER role=2
DBG_DWM_CH5_RX_HUNT_EMPTY ret=-116 status=0x00000000 acq=3
DBG_ANCHOR_CH5_SCAN_BLOCKED win=0 survey=0 tx=0 retry_gap=0 wait=0 rx=0 rxq=0 rxr=0 ack=0 ch9=0 rf=1 retry=20 interval=380
DBG_ANCHOR_CH5_SCAN_RESCHED ret=1 delay=20
DBG_UWB_TX_CH5
DBG_TX_WAKE_CLAIM_SENT
DBG_UWB_TX_CH5
DBG_TX_WAKE_CLAIM_SENT
DBG_UWB_TX_CH5
DBG_TX_WAKE_CLAIM_SENT
DBG_DWM_CH5_RX_HUNT_START acq=3 complete=15 cap=125
DBG_ANCHOR_CH5_SCAN_HANDLER role=2
DBG_DWM_CH5_RX_HUNT_EMPTY ret=-116 status=0x00000000 acq=3
DBG_ANCHOR_CH5_SCAN_BLOCKED win=0 survey=0 tx=0 retry_gap=0 wait=0 rx=0 rxq=0 rxr=0 ack=0 ch9=0 rf=1 retry=20 interval=380
DBG_ANCHOR_CH5_SCAN_RESCHED ret=1 delay=20
DBG_UWB_TX_CH5
DBG_TX_WAKE_CLAIM_SENT
DBG_ANCHOR_CH5_SCAN_HANDLER role=2
DBG_ANCHOR_CH5_SCAN_BLOCKED win=0 survey=0 tx=0 retry_gap=0 wait=0 rx=0 rxq=0 rxr=0 ack=0 ch9=0 rf=1 retry=20 interval=380
DBG_ANCHOR_CH5_SCAN_RESCHED ret=1 delay=20
DBG_C5_CONTROL_FOLLOWUP_TURNAROUND delay=60 msg=40 reason=broadcast-forward
DBG_ANCHOR_CH5_SCAN_HANDLER role=2
DBG_ANCHOR_CH5_SCAN_ARM now=172706 win=3 complete=15 interval=380 wait=0 tx=0
DBG_DWM_CH5_RX_HUNT_START acq=3 complete=15 cap=1021
DBG_DWM_CH5_RX_HUNT_EMPTY ret=-116 status=0x00000000 acq=3
DBG_ANCHOR_CH5_SCAN_DONE ret=-116 len=0 fail=1 pre=0 q=0 rx_us=4150 complete=15
DBG_ANCHOR_CH5_SCAN_RESCHED ret=1 delay=380
DBG_DWM_WAKE_MESH_CTRL_OK sfd=4073
DBG_C5_TX_CONFIG ret=0 ext=1 len=133 msg=40 reason=bounded-c5-flood
DBG_UWB_TX_CH5
DBG_DWM_WAKE_MESH_CTRL_OK sfd=4073
DBG_DWM_WAKE_MESH_CTRL_OK sfd=4073
DBG_C5_TX_CONFIG ret=0 ext=1 len=133 msg=40 reason=bounded-c5-flood
DBG_UWB_TX_CH5
DBG_DWM_WAKE_MESH_CTRL_OK sfd=4073
DBG_DWM_WAKE_MESH_CTRL_OK sfd=4073
DBG_C5_TX_CONFIG ret=0 ext=1 len=133 msg=40 reason=bounded-c5-flood
DBG_UWB_TX_CH5
DBG_DWM_WAKE_MESH_CTRL_OK sfd=4073
DBG_ANCHOR_CH5_SCAN_HANDLER role=2
DBG_ANCHOR_CH5_SCAN_BLOCKED win=0 survey=0 tx=0 retry_gap=0 wait=0 rx=0 rxq=0 rxr=0 ack=0 ch9=0 rf=1 retry=20 interval=380
DBG_ANCHOR_CH5_SCAN_RESCHED ret=1 delay=20
DBG_DWM_WAKE_MESH_CTRL_OK sfd=4073
DBG_C5_TX_CONFIG ret=0 ext=1 len=133 msg=40 reason=bounded-c5-flood
DBG_ANCHOR_CH5_SCAN_HANDLER role=2
DBG_ANCHOR_CH5_SCAN_BLOCKED win=0 survey=0 tx=0 retry_gap=0 wait=0 rx=0 rxq=0 rxr=0 ack=0 ch9=0 rf=1 retry=20 interval=380
DBG_UWB_TX_CH5
DBG_WAKE_TRAIN_GUARD_OK
DBG_ANCHOR_CH5_SCAN_RESCHED ret=1 delay=20
DBG_ANCHOR_CH5_SCAN_HANDLER role=2
DBG_ANCHOR_CH5_SCAN_BLOCKED win=0 survey=0 tx=0 retry_gap=0 wait=0 rx=0 rxq=0 rxr=0 ack=0 ch9=0 rf=1 retry=20 interval=380
DBG_ANCHOR_CH5_SCAN_RESCHED ret=1 delay=20
DBG_WAKE_TRAIN_CONFIG_BEGIN
DBG_ANCHOR_CH5_SCAN_HANDLER role=2
DBG_ANCHOR_CH5_SCAN_BLOCKED win=0 survey=0 tx=0 retry_gap=0 wait=0 rx=0 rxq=0 rxr=0 ack=0 ch9=0 rf=1 retry=20 interval=380
DBG_ANCHOR_CH5_SCAN_RESCHED ret=1 delay=20
DBG_WAKE_TRAIN_CONFIG_OK
DBG_WAKE_TRAIN_FIRST_SEND_BEGIN
DBG_WAKE_TRAIN_FIRST_SEND_OK
DBG_UWB_TX_CH5
DBG_TX_WAKE_CLAIM_SENT
DBG_ANCHOR_CH5_SCAN_HANDLER role=2
DBG_UWB_TX_CH5
DBG_TX_WAKE_CLAIM_SENT
DBG_ANCHOR_CH5_SCAN_BLOCKED win=0 survey=0 tx=0 retry_gap=0 wait=0 rx=0 rxq=0 rxr=0 ack=0 ch9=0 rf=1 retry=20 interval=380
DBG_ANCHOR_CH5_SCAN_RESCHED ret=1 delay=20
DBG_UWB_TX_CH5
DBG_TX_WAKE_CLAIM_SENT
DBG_DWM_CH5_RX_HUNT_START acq=3 complete=15 cap=125
DBG_DWM_CH5_RX_HUNT_EMPTY ret=-116 status=0x00000000 acq=3
DBG_UWB_TX_CH5
DBG_TX_WAKE_CLAIM_SENT
DBG_ANCHOR_CH5_SCAN_HANDLER role=2
DBG_UWB_TX_CH5
DBG_TX_WAKE_CLAIM_SENT
DBG_ANCHOR_CH5_SCAN_BLOCKED win=0 survey=0 tx=0 retry_gap=0 wait=0 rx=0 rxq=0 rxr=0 ack=0 ch9=0 rf=1 retry=20 interval=380
DBG_ANCHOR_CH5_SCAN_RESCHED ret=1 delay=20
DBG_UWB_TX_CH5
DBG_TX_WAKE_CLAIM_SENT
DBG_DWM_CH5_RX_HUNT_START acq=3 complete=15 cap=125
DBG_DWM_CH5_RX_HUNT_EMPTY ret=-116 status=0x00000000 acq=3
DBG_UWB_TX_CH5
DBG_TX_WAKE_CLAIM_SENT
DBG_ANCHOR_CH5_SCAN_HANDLER role=2
DBG_UWB_TX_CH5
DBG_TX_WAKE_CLAIM_SENT
DBG_ANCHOR_CH5_SCAN_BLOCKED win=0 survey=0 tx=0 retry_gap=0 wait=0 rx=0 rxq=0 rxr=0 ack=0 ch9=0 rf=1 retry=20 interval=380
DBG_ANCHOR_CH5_SCAN_RESCHED ret=1 delay=20
DBG_UWB_TX_CH5
DBG_TX_WAKE_CLAIM_SENT
DBG_DWM_CH5_RX_HUNT_START acq=3 complete=15 cap=125
DBG_DWM_CH5_RX_HUNT_EMPTY ret=-116 status=0x00000000 acq=3
DBG_UWB_TX_CH5
DBG_TX_WAKE_CLAIM_SENT
DBG_ANCHOR_CH5_SCAN_HANDLER role=2
DBG_UWB_TX_CH5
DBG_TX_WAKE_CLAIM_SENT
DBG_ANCHOR_CH5_SCAN_BLOCKED win=0 survey=0 tx=0 retry_gap=0 wait=0 rx=0 rxq=0 rxr=0 ack=0 ch9=0 rf=1 retry=20 interval=380
DBG_ANCHOR_CH5_SCAN_RESCHED ret=1 delay=20
DBG_UWB_TX_CH5
DBG_TX_WAKE_CLAIM_SENT
DBG_DWM_CH5_RX_HUNT_START acq=3 complete=15 cap=125
DBG_DWM_CH5_RX_HUNT_EMPTY ret=-116 status=0x00000000 acq=3
DBG_UWB_TX_CH5
DBG_TX_WAKE_CLAIM_SENT
DBG_ANCHOR_CH5_SCAN_HANDLER role=2
DBG_UWB_TX_CH5
DBG_TX_WAKE_CLAIM_SENT
DBG_ANCHOR_CH5_SCAN_BLOCKED win=0 survey=0 tx=0 retry_gap=0 wait=0 rx=0 rxq=0 rxr=0 ack=0 ch9=0 rf=1 retry=20 interval=380
DBG_ANCHOR_CH5_SCAN_RESCHED ret=1 delay=20
DBG_UWB_TX_CH5
DBG_TX_WAKE_CLAIM_SENT
DBG_DWM_CH5_RX_HUNT_START acq=3 complete=15 cap=125
DBG_DWM_CH5_RX_HUNT_EMPTY ret=-116 status=0x00000000 acq=3
DBG_UWB_TX_CH5
DBG_TX_WAKE_CLAIM_SENT
DBG_ANCHOR_CH5_SCAN_HANDLER role=2
DBG_UWB_TX_CH5
DBG_TX_WAKE_CLAIM_SENT
DBG_ANCHOR_CH5_SCAN_BLOCKED win=0 survey=0 tx=0 retry_gap=0 wait=0 rx=0 rxq=0 rxr=0 ack=0 ch9=0 rf=1 retry=20 interval=380
DBG_ANCHOR_CH5_SCAN_RESCHED ret=1 delay=20
DBG_UWB_TX_CH5
DBG_TX_WAKE_CLAIM_SENT
DBG_DWM_CH5_RX_HUNT_START acq=3 complete=15 cap=125
DBG_DWM_CH5_RX_HUNT_EMPTY ret=-116 status=0x00000000 acq=3
DBG_UWB_TX_CH5
DBG_TX_WAKE_CLAIM_SENT
DBG_ANCHOR_CH5_SCAN_HANDLER role=2
DBG_UWB_TX_CH5
DBG_TX_WAKE_CLAIM_SENT
DBG_ANCHOR_CH5_SCAN_BLOCKED win=0 survey=0 tx=0 retry_gap=0 wait=0 rx=0 rxq=0 rxr=0 ack=0 ch9=0 rf=1 retry=20 interval=380
DBG_ANCHOR_CH5_SCAN_RESCHED ret=1 delay=20
DBG_UWB_TX_CH5
DBG_TX_WAKE_CLAIM_SENT
DBG_DWM_CH5_RX_HUNT_START acq=3 complete=15 cap=125
DBG_DWM_CH5_RX_HUNT_EMPTY ret=-116 status=0x00000000 acq=3
DBG_UWB_TX_CH5
DBG_TX_WAKE_CLAIM_SENT
DBG_ANCHOR_CH5_SCAN_HANDLER role=2
DBG_UWB_TX_CH5
DBG_TX_WAKE_CLAIM_SENT
DBG_ANCHOR_CH5_SCAN_BLOCKED win=0 survey=0 tx=0 retry_gap=0 wait=0 rx=0 rxq=0 rxr=0 ack=0 ch9=0 rf=1 retry=20 interval=380
DBG_ANCHOR_CH5_SCAN_RESCHED ret=1 delay=20
DBG_UWB_TX_CH5
DBG_TX_WAKE_CLAIM_SENT
DBG_DWM_CH5_RX_HUNT_START acq=3 complete=15 cap=125
DBG_DWM_CH5_RX_HUNT_EMPTY ret=-116 status=0x00000000 acq=3
DBG_UWB_TX_CH5
DBG_TX_WAKE_CLAIM_SENT
DBG_ANCHOR_CH5_SCAN_HANDLER role=2
DBG_UWB_TX_CH5
DBG_TX_WAKE_CLAIM_SENT
DBG_ANCHOR_CH5_SCAN_BLOCKED win=0 survey=0 tx=0 retry_gap=0 wait=0 rx=0 rxq=0 rxr=0 ack=0 ch9=0 rf=1 retry=20 interval=380
DBG_ANCHOR_CH5_SCAN_RESCHED ret=1 delay=20
DBG_UWB_TX_CH5
DBG_TX_WAKE_CLAIM_SENT
DBG_DWM_CH5_RX_HUNT_START acq=3 complete=15 cap=125
DBG_DWM_CH5_RX_HUNT_EMPTY ret=-116 status=0x00000000 acq=3
DBG_UWB_TX_CH5
DBG_TX_WAKE_CLAIM_SENT
DBG_ANCHOR_CH5_SCAN_HANDLER role=2
DBG_UWB_TX_CH5
DBG_TX_WAKE_CLAIM_SENT
DBG_ANCHOR_CH5_SCAN_BLOCKED win=0 survey=0 tx=0 retry_gap=0 wait=0 rx=0 rxq=0 rxr=0 ack=0 ch9=0 rf=1 retry=20 interval=380
DBG_ANCHOR_CH5_SCAN_RESCHED ret=1 delay=20
DBG_UWB_TX_CH5
DBG_TX_WAKE_CLAIM_SENT
DBG_DWM_CH5_RX_HUNT_START acq=3 complete=15 cap=125
DBG_DWM_CH5_RX_HUNT_EMPTY ret=-116 status=0x00000000 acq=3
DBG_UWB_TX_CH5
DBG_TX_WAKE_CLAIM_SENT
DBG_ANCHOR_CH5_SCAN_HANDLER role=2
DBG_UWB_TX_CH5
DBG_TX_WAKE_CLAIM_SENT
DBG_ANCHOR_CH5_SCAN_BLOCKED win=0 survey=0 tx=0 retry_gap=0 wait=0 rx=0 rxq=0 rxr=0 ack=0 ch9=0 rf=1 retry=20 interval=380
DBG_ANCHOR_CH5_SCAN_RESCHED ret=1 delay=20
DBG_UWB_TX_CH5
DBG_TX_WAKE_CLAIM_SENT
DBG_DWM_CH5_RX_HUNT_START acq=3 complete=15 cap=125
DBG_DWM_CH5_RX_HUNT_EMPTY ret=-116 status=0x00000000 acq=3
DBG_UWB_TX_CH5
DBG_TX_WAKE_CLAIM_SENT
DBG_ANCHOR_CH5_SCAN_HANDLER role=2
DBG_UWB_TX_CH5
DBG_TX_WAKE_CLAIM_SENT
DBG_ANCHOR_CH5_SCAN_BLOCKED win=0 survey=0 tx=0 retry_gap=0 wait=0 rx=0 rxq=0 rxr=0 ack=0 ch9=0 rf=1 retry=20 interval=380
DBG_ANCHOR_CH5_SCAN_RESCHED ret=1 delay=20
DBG_UWB_TX_CH5
DBG_TX_WAKE_CLAIM_SENT
DBG_DWM_CH5_RX_HUNT_START acq=3 complete=15 cap=125
DBG_DWM_CH5_RX_HUNT_EMPTY ret=-116 status=0x00000000 acq=3
DBG_UWB_TX_CH5
DBG_TX_WAKE_CLAIM_SENT
DBG_ANCHOR_CH5_SCAN_HANDLER role=2
DBG_UWB_TX_CH5
DBG_TX_WAKE_CLAIM_SENT
DBG_ANCHOR_CH5_SCAN_BLOCKED win=0 survey=0 tx=0 retry_gap=0 wait=0 rx=0 rxq=0 rxr=0 ack=0 ch9=0 rf=1 retry=20 interval=380
DBG_ANCHOR_CH5_SCAN_RESCHED ret=1 delay=20
DBG_UWB_TX_CH5
DBG_TX_WAKE_CLAIM_SENT
DBG_DWM_CH5_RX_HUNT_START acq=3 complete=15 cap=125
DBG_DWM_CH5_RX_HUNT_EMPTY ret=-116 status=0x00000000 acq=3
DBG_UWB_TX_CH5
DBG_TX_WAKE_CLAIM_SENT
DBG_ANCHOR_CH5_SCAN_HANDLER role=2
DBG_UWB_TX_CH5
DBG_TX_WAKE_CLAIM_SENT
DBG_ANCHOR_CH5_SCAN_BLOCKED win=0 survey=0 tx=0 retry_gap=0 wait=0 rx=0 rxq=0 rxr=0 ack=0 ch9=0 rf=1 retry=20 interval=380
DBG_ANCHOR_CH5_SCAN_RESCHED ret=1 delay=20
DBG_UWB_TX_CH5
DBG_TX_WAKE_CLAIM_SENT
DBG_DWM_CH5_RX_HUNT_START acq=3 complete=15 cap=125
DBG_DWM_CH5_RX_HUNT_EMPTY ret=-116 status=0x00000000 acq=3
DBG_UWB_TX_CH5
DBG_TX_WAKE_CLAIM_SENT
DBG_ANCHOR_CH5_SCAN_HANDLER role=2
DBG_UWB_TX_CH5
DBG_TX_WAKE_CLAIM_SENT
DBG_ANCHOR_CH5_SCAN_BLOCKED win=0 survey=0 tx=0 retry_gap=0 wait=0 rx=0 rxq=0 rxr=0 ack=0 ch9=0 rf=1 retry=20 interval=380
DBG_ANCHOR_CH5_SCAN_RESCHED ret=1 delay=20
DBG_UWB_TX_CH5
DBG_TX_WAKE_CLAIM_SENT
DBG_DWM_CH5_RX_HUNT_START acq=3 complete=15 cap=125
DBG_DWM_CH5_RX_HUNT_EMPTY ret=-116 status=0x00000000 acq=3
DBG_UWB_TX_CH5
DBG_TX_WAKE_CLAIM_SENT
DBG_ANCHOR_CH5_SCAN_HANDLER role=2
DBG_UWB_TX_CH5
DBG_TX_WAKE_CLAIM_SENT
DBG_ANCHOR_CH5_SCAN_BLOCKED win=0 survey=0 tx=0 retry_gap=0 wait=0 rx=0 rxq=0 rxr=0 ack=0 ch9=0 rf=1 retry=20 interval=380
DBG_ANCHOR_CH5_SCAN_RESCHED ret=1 delay=20
DBG_UWB_TX_CH5
DBG_TX_WAKE_CLAIM_SENT
DBG_DWM_CH5_RX_HUNT_START acq=3 complete=15 cap=125
DBG_DWM_CH5_RX_HUNT_EMPTY ret=-116 status=0x00000000 acq=3
DBG_UWB_TX_CH5
DBG_TX_WAKE_CLAIM_SENT
DBG_ANCHOR_CH5_SCAN_HANDLER role=2
DBG_UWB_TX_CH5
DBG_TX_WAKE_CLAIM_SENT
DBG_ANCHOR_CH5_SCAN_BLOCKED win=0 survey=0 tx=0 retry_gap=0 wait=0 rx=0 rxq=0 rxr=0 ack=0 ch9=0 rf=1 retry=20 interval=380
DBG_ANCHOR_CH5_SCAN_RESCHED ret=1 delay=20
DBG_UWB_TX_CH5
DBG_TX_WAKE_CLAIM_SENT
DBG_DWM_CH5_RX_HUNT_START acq=3 complete=15 cap=125
DBG_DWM_CH5_RX_HUNT_EMPTY ret=-116 status=0x00000000 acq=3
DBG_UWB_TX_CH5
DBG_TX_WAKE_CLAIM_SENT
DBG_ANCHOR_CH5_SCAN_HANDLER role=2
DBG_UWB_TX_CH5
DBG_TX_WAKE_CLAIM_SENT
DBG_ANCHOR_CH5_SCAN_BLOCKED win=0 survey=0 tx=0 retry_gap=0 wait=0 rx=0 rxq=0 rxr=0 ack=0 ch9=0 rf=1 retry=20 interval=380
DBG_ANCHOR_CH5_SCAN_RESCHED ret=1 delay=20
DBG_ANCHOR_CH5_SCAN_HANDLER role=2
DBG_ANCHOR_CH5_SCAN_BLOCKED win=0 survey=0 tx=0 retry_gap=0 wait=0 rx=0 rxq=0 rxr=0 ack=0 ch9=0 rf=1 retry=20 interval=380
DBG_ANCHOR_CH5_SCAN_RESCHED ret=1 delay=20
DBG_C5_CONTROL_FOLLOWUP_TURNAROUND delay=60 msg=40 reason=broadcast-forward
DBG_ANCHOR_CH5_SCAN_HANDLER role=2
DBG_DWM_CH5_RX_HUNT_START acq=3 complete=15 cap=1021
DBG_DWM_CH5_RX_HUNT_EMPTY ret=-116 status=0x00000000 acq=3
DBG_ANCHOR_CH5_SCAN_RESCHED ret=1 delay=380
DBG_DWM_WAKE_MESH_CTRL_OK sfd=4073
DBG_C5_TX_CONFIG ret=0 ext=1 len=133 msg=40 reason=bounded-c5-flood
DBG_UWB_TX_CH5
DBG_DWM_WAKE_MESH_CTRL_OK sfd=4073
DBG_DWM_WAKE_MESH_CTRL_OK sfd=4073
DBG_C5_TX_CONFIG ret=0 ext=1 len=133 msg=40 reason=bounded-c5-flood
DBG_UWB_TX_CH5
DBG_DWM_WAKE_MESH_CTRL_OK sfd=4073
DBG_C5_FLOOD_DELAY_RX_CONTINUE ret=-5 fail=4 rem=39
DBG_DWM_WAKE_MESH_CTRL_OK sfd=4073
DBG_C5_TX_CONFIG ret=0 ext=1 len=133 msg=40 reason=bounded-c5-flood
DBG_UWB_TX_CH5
DBG_DWM_WAKE_MESH_CTRL_OK sfd=4073
DBG_DWM_WAKE_MESH_CTRL_OK sfd=4073
DBG_C5_TX_CONFIG ret=0 ext=1 len=133 msg=40 reason=bounded-c5-flood
DBG_ANCHOR_CH5_SCAN_HANDLER role=2
DBG_ANCHOR_CH5_SCAN_BLOCKED win=0 survey=0 tx=0 retry_gap=0 wait=0 rx=0 rxq=0 rxr=0 ack=0 ch9=0 rf=1 retry=20 interval=380
DBG_ANCHOR_CH5_SCAN_RESCHED ret=1 delay=20
DBG_UWB_TX_CH5
DBG_WAKE_TRAIN_GUARD_OK
DBG_ANCHOR_CH5_SCAN_HANDLER role=2
DBG_ANCHOR_CH5_SCAN_BLOCKED win=0 survey=0 tx=0 retry_gap=0 wait=0 rx=0 rxq=0 rxr=0 ack=0 ch9=0 rf=1 retry=20 interval=380
DBG_ANCHOR_CH5_SCAN_RESCHED ret=1 delay=20
DBG_WAKE_TRAIN_CONFIG_BEGIN
DBG_ANCHOR_CH5_SCAN_HANDLER role=2
DBG_ANCHOR_CH5_SCAN_BLOCKED win=0 survey=0 tx=0 retry_gap=0 wait=0 rx=0 rxq=0 rxr=0 ack=0 ch9=0 rf=1 retry=20 interval=380
DBG_ANCHOR_CH5_SCAN_RESCHED ret=1 delay=20
DBG_WAKE_TRAIN_CONFIG_OK
DBG_WAKE_TRAIN_FIRST_SEND_BEGIN
DBG_ANCHOR_CH5_SCAN_HANDLER role=2
DBG_WAKE_TRAIN_FIRST_SEND_OK
DBG_UWB_TX_CH5
DBG_TX_WAKE_CLAIM_SENT
DBG_ANCHOR_CH5_SCAN_BLOCKED win=0 survey=0 tx=0 retry_gap=0 wait=0 rx=0 rxq=0 rxr=0 ack=0 ch9=0 rf=1 retry=20 interval=380
DBG_ANCHOR_CH5_SCAN_RESCHED ret=1 delay=20
DBG_UWB_TX_CH5
DBG_TX_WAKE_CLAIM_SENT
DBG_UWB_TX_CH5
DBG_TX_WAKE_CLAIM_SENT
DBG_DWM_CH5_RX_HUNT_START acq=3 complete=15 cap=125
DBG_DWM_CH5_RX_HUNT_EMPTY ret=-116 status=0x00000000 acq=3
DBG_ANCHOR_CH5_SCAN_HANDLER role=2
DBG_UWB_TX_CH5
DBG_TX_WAKE_CLAIM_SENT
DBG_ANCHOR_CH5_SCAN_BLOCKED win=0 survey=0 tx=0 retry_gap=0 wait=0 rx=0 rxq=0 rxr=0 ack=0 ch9=0 rf=1 retry=20 interval=380
DBG_ANCHOR_CH5_SCAN_RESCHED ret=1 delay=20
DBG_UWB_TX_CH5
DBG_TX_WAKE_CLAIM_SENT
DBG_UWB_TX_CH5
DBG_TX_WAKE_CLAIM_SENT
DBG_DWM_CH5_RX_HUNT_START acq=3 complete=15 cap=125
DBG_DWM_CH5_RX_HUNT_EMPTY ret=-116 status=0x00000000 acq=3
DBG_ANCHOR_CH5_SCAN_HANDLER role=2
DBG_UWB_TX_CH5
DBG_TX_WAKE_CLAIM_SENT
DBG_ANCHOR_CH5_SCAN_BLOCKED win=0 survey=0 tx=0 retry_gap=0 wait=0 rx=0 rxq=0 rxr=0 ack=0 ch9=0 rf=1 retry=20 interval=380
DBG_ANCHOR_CH5_SCAN_RESCHED ret=1 delay=20
DBG_UWB_TX_CH5
DBG_TX_WAKE_CLAIM_SENT
DBG_UWB_TX_CH5
DBG_TX_WAKE_CLAIM_SENT
DBG_DWM_CH5_RX_HUNT_START acq=3 complete=15 cap=125
DBG_DWM_CH5_RX_HUNT_EMPTY ret=-116 status=0x00000000 acq=3
DBG_ANCHOR_CH5_SCAN_HANDLER role=2
DBG_UWB_TX_CH5
DBG_TX_WAKE_CLAIM_SENT
DBG_ANCHOR_CH5_SCAN_BLOCKED win=0 survey=0 tx=0 retry_gap=0 wait=0 rx=0 rxq=0 rxr=0 ack=0 ch9=0 rf=1 retry=20 interval=380
DBG_ANCHOR_CH5_SCAN_RESCHED ret=1 delay=20
DBG_UWB_TX_CH5
DBG_TX_WAKE_CLAIM_SENT
DBG_UWB_TX_CH5
DBG_TX_WAKE_CLAIM_SENT
DBG_DWM_CH5_RX_HUNT_START acq=3 complete=15 cap=125
DBG_DWM_CH5_RX_HUNT_EMPTY ret=-116 status=0x00000000 acq=3
DBG_ANCHOR_CH5_SCAN_HANDLER role=2
DBG_UWB_TX_CH5
DBG_TX_WAKE_CLAIM_SENT
DBG_ANCHOR_CH5_SCAN_BLOCKED win=0 survey=0 tx=0 retry_gap=0 wait=0 rx=0 rxq=0 rxr=0 ack=0 ch9=0 rf=1 retry=20 interval=380
DBG_ANCHOR_CH5_SCAN_RESCHED ret=1 delay=20
DBG_UWB_TX_CH5
DBG_TX_WAKE_CLAIM_SENT
DBG_UWB_TX_CH5
DBG_TX_WAKE_CLAIM_SENT
DBG_DWM_CH5_RX_HUNT_START acq=3 complete=15 cap=125
DBG_DWM_CH5_RX_HUNT_EMPTY ret=-116 status=0x00000000 acq=3
DBG_ANCHOR_CH5_SCAN_HANDLER role=2
DBG_UWB_TX_CH5
DBG_TX_WAKE_CLAIM_SENT
DBG_ANCHOR_CH5_SCAN_BLOCKED win=0 survey=0 tx=0 retry_gap=0 wait=0 rx=0 rxq=0 rxr=0 ack=0 ch9=0 rf=1 retry=20 interval=380
DBG_ANCHOR_CH5_SCAN_RESCHED ret=1 delay=20
DBG_UWB_TX_CH5
DBG_TX_WAKE_CLAIM_SENT
DBG_UWB_TX_CH5
DBG_TX_WAKE_CLAIM_SENT
DBG_DWM_CH5_RX_HUNT_START acq=3 complete=15 cap=125
DBG_DWM_CH5_RX_HUNT_EMPTY ret=-116 status=0x00000000 acq=3
DBG_ANCHOR_CH5_SCAN_HANDLER role=2
DBG_UWB_TX_CH5
DBG_TX_WAKE_CLAIM_SENT
DBG_ANCHOR_CH5_SCAN_BLOCKED win=0 survey=0 tx=0 retry_gap=0 wait=0 rx=0 rxq=0 rxr=0 ack=0 ch9=0 rf=1 retry=20 interval=380
DBG_ANCHOR_CH5_SCAN_RESCHED ret=1 delay=20
DBG_UWB_TX_CH5
DBG_TX_WAKE_CLAIM_SENT
DBG_UWB_TX_CH5
DBG_TX_WAKE_CLAIM_SENT
DBG_DWM_CH5_RX_HUNT_START acq=3 complete=15 cap=125
DBG_DWM_CH5_RX_HUNT_EMPTY ret=-116 status=0x00000000 acq=3
DBG_ANCHOR_CH5_SCAN_HANDLER role=2
DBG_UWB_TX_CH5
DBG_TX_WAKE_CLAIM_SENT
DBG_ANCHOR_CH5_SCAN_BLOCKED win=0 survey=0 tx=0 retry_gap=0 wait=0 rx=0 rxq=0 rxr=0 ack=0 ch9=0 rf=1 retry=20 interval=380
DBG_ANCHOR_CH5_SCAN_RESCHED ret=1 delay=20
DBG_UWB_TX_CH5
DBG_TX_WAKE_CLAIM_SENT
DBG_UWB_TX_CH5
DBG_TX_WAKE_CLAIM_SENT
DBG_DWM_CH5_RX_HUNT_START acq=3 complete=15 cap=125
DBG_DWM_CH5_RX_HUNT_EMPTY ret=-116 status=0x00000000 acq=3
DBG_ANCHOR_CH5_SCAN_HANDLER role=2
DBG_UWB_TX_CH5
DBG_TX_WAKE_CLAIM_SENT
DBG_ANCHOR_CH5_SCAN_BLOCKED win=0 survey=0 tx=0 retry_gap=0 wait=0 rx=0 rxq=0 rxr=0 ack=0 ch9=0 rf=1 retry=20 interval=380
DBG_ANCHOR_CH5_SCAN_RESCHED ret=1 delay=20
DBG_UWB_TX_CH5
DBG_TX_WAKE_CLAIM_SENT
DBG_UWB_TX_CH5
DBG_TX_WAKE_CLAIM_SENT
DBG_DWM_CH5_RX_HUNT_START acq=3 complete=15 cap=125
DBG_DWM_CH5_RX_HUNT_EMPTY ret=-116 status=0x00000000 acq=3
DBG_ANCHOR_CH5_SCAN_HANDLER role=2
DBG_UWB_TX_CH5
DBG_TX_WAKE_CLAIM_SENT
DBG_ANCHOR_CH5_SCAN_BLOCKED win=0 survey=0 tx=0 retry_gap=0 wait=0 rx=0 rxq=0 rxr=0 ack=0 ch9=0 rf=1 retry=20 interval=380
DBG_ANCHOR_CH5_SCAN_RESCHED ret=1 delay=20
DBG_UWB_TX_CH5
DBG_TX_WAKE_CLAIM_SENT
DBG_UWB_TX_CH5
DBG_TX_WAKE_CLAIM_SENT
DBG_DWM_CH5_RX_HUNT_START acq=3 complete=15 cap=125
DBG_DWM_CH5_RX_HUNT_EMPTY ret=-116 status=0x00000000 acq=3
DBG_ANCHOR_CH5_SCAN_HANDLER role=2
DBG_UWB_TX_CH5
DBG_TX_WAKE_CLAIM_SENT
DBG_ANCHOR_CH5_SCAN_BLOCKED win=0 survey=0 tx=0 retry_gap=0 wait=0 rx=0 rxq=0 rxr=0 ack=0 ch9=0 rf=1 retry=20 interval=380
DBG_ANCHOR_CH5_SCAN_RESCHED ret=1 delay=20
DBG_UWB_TX_CH5
DBG_TX_WAKE_CLAIM_SENT
DBG_UWB_TX_CH5
DBG_TX_WAKE_CLAIM_SENT
DBG_DWM_CH5_RX_HUNT_START acq=3 complete=15 cap=125
DBG_DWM_CH5_RX_HUNT_EMPTY ret=-116 status=0x00000000 acq=3
DBG_ANCHOR_CH5_SCAN_HANDLER role=2
DBG_UWB_TX_CH5
DBG_TX_WAKE_CLAIM_SENT
DBG_ANCHOR_CH5_SCAN_BLOCKED win=0 survey=0 tx=0 retry_gap=0 wait=0 rx=0 rxq=0 rxr=0 ack=0 ch9=0 rf=1 retry=20 interval=380
DBG_ANCHOR_CH5_SCAN_RESCHED ret=1 delay=20
DBG_UWB_TX_CH5
DBG_TX_WAKE_CLAIM_SENT
DBG_UWB_TX_CH5
DBG_TX_WAKE_CLAIM_SENT
DBG_DWM_CH5_RX_HUNT_START acq=3 complete=15 cap=125
DBG_DWM_CH5_RX_HUNT_EMPTY ret=-116 status=0x00000000 acq=3
DBG_ANCHOR_CH5_SCAN_HANDLER role=2
DBG_UWB_TX_CH5
DBG_TX_WAKE_CLAIM_SENT
DBG_ANCHOR_CH5_SCAN_BLOCKED win=0 survey=0 tx=0 retry_gap=0 wait=0 rx=0 rxq=0 rxr=0 ack=0 ch9=0 rf=1 retry=20 interval=380
DBG_ANCHOR_CH5_SCAN_RESCHED ret=1 delay=20
DBG_UWB_TX_CH5
DBG_TX_WAKE_CLAIM_SENT
DBG_UWB_TX_CH5
DBG_TX_WAKE_CLAIM_SENT
DBG_DWM_CH5_RX_HUNT_START acq=3 complete=15 cap=125
DBG_DWM_CH5_RX_HUNT_EMPTY ret=-116 status=0x00000000 acq=3
DBG_ANCHOR_CH5_SCAN_HANDLER role=2
DBG_UWB_TX_CH5
DBG_TX_WAKE_CLAIM_SENT
DBG_ANCHOR_CH5_SCAN_BLOCKED win=0 survey=0 tx=0 retry_gap=0 wait=0 rx=0 rxq=0 rxr=0 ack=0 ch9=0 rf=1 retry=20 interval=380
DBG_ANCHOR_CH5_SCAN_RESCHED ret=1 delay=20
DBG_UWB_TX_CH5
DBG_TX_WAKE_CLAIM_SENT
DBG_UWB_TX_CH5
DBG_TX_WAKE_CLAIM_SENT
DBG_DWM_CH5_RX_HUNT_START acq=3 complete=15 cap=125
DBG_DWM_CH5_RX_HUNT_EMPTY ret=-116 status=0x00000000 acq=3
DBG_ANCHOR_CH5_SCAN_HANDLER role=2
DBG_UWB_TX_CH5
DBG_TX_WAKE_CLAIM_SENT
DBG_ANCHOR_CH5_SCAN_BLOCKED win=0 survey=0 tx=0 retry_gap=0 wait=0 rx=0 rxq=0 rxr=0 ack=0 ch9=0 rf=1 retry=20 interval=380
DBG_ANCHOR_CH5_SCAN_RESCHED ret=1 delay=20
DBG_UWB_TX_CH5
DBG_TX_WAKE_CLAIM_SENT
DBG_UWB_TX_CH5
DBG_TX_WAKE_CLAIM_SENT
DBG_DWM_CH5_RX_HUNT_START acq=3 complete=15 cap=125
DBG_DWM_CH5_RX_HUNT_EMPTY ret=-116 status=0x00000000 acq=3
DBG_ANCHOR_CH5_SCAN_HANDLER role=2
DBG_UWB_TX_CH5
DBG_TX_WAKE_CLAIM_SENT
DBG_ANCHOR_CH5_SCAN_BLOCKED win=0 survey=0 tx=0 retry_gap=0 wait=0 rx=0 rxq=0 rxr=0 ack=0 ch9=0 rf=1 retry=20 interval=380
DBG_ANCHOR_CH5_SCAN_RESCHED ret=1 delay=20
DBG_UWB_TX_CH5
DBG_TX_WAKE_CLAIM_SENT
DBG_UWB_TX_CH5
DBG_TX_WAKE_CLAIM_SENT
DBG_DWM_CH5_RX_HUNT_START acq=3 complete=15 cap=125
DBG_DWM_CH5_RX_HUNT_EMPTY ret=-116 status=0x00000000 acq=3
DBG_ANCHOR_CH5_SCAN_HANDLER role=2
DBG_UWB_TX_CH5
DBG_TX_WAKE_CLAIM_SENT
DBG_ANCHOR_CH5_SCAN_BLOCKED win=0 survey=0 tx=0 retry_gap=0 wait=0 rx=0 rxq=0 rxr=0 ack=0 ch9=0 rf=1 retry=20 interval=380
DBG_ANCHOR_CH5_SCAN_RESCHED ret=1 delay=20
DBG_UWB_TX_CH5
DBG_TX_WAKE_CLAIM_SENT
DBG_UWB_TX_CH5
DBG_TX_WAKE_CLAIM_SENT
DBG_DWM_CH5_RX_HUNT_START acq=3 complete=15 cap=125
DBG_DWM_CH5_RX_HUNT_EMPTY ret=-116 status=0x00000000 acq=3
DBG_ANCHOR_CH5_SCAN_HANDLER role=2
DBG_UWB_TX_CH5
DBG_TX_WAKE_CLAIM_SENT
DBG_ANCHOR_CH5_SCAN_BLOCKED win=0 survey=0 tx=0 retry_gap=0 wait=0 rx=0 rxq=0 rxr=0 ack=0 ch9=0 rf=1 retry=20 interval=380
DBG_ANCHOR_CH5_SCAN_RESCHED ret=1 delay=20
DBG_UWB_TX_CH5
DBG_TX_WAKE_CLAIM_SENT
DBG_ANCHOR_CH5_SCAN_HANDLER role=2
DBG_ANCHOR_CH5_SCAN_BLOCKED win=0 survey=0 tx=0 retry_gap=0 wait=0 rx=0 rxq=0 rxr=0 ack=0 ch9=0 rf=1 retry=20 interval=380
DBG_ANCHOR_CH5_SCAN_RESCHED ret=1 delay=20
DBG_MESH_WAKE_POLITE_ACTIVITY phase=post target=0x0 retry=0 ret=0 fail=3 reason=broadcast-forward
DBG_MESH_WAKE_POLITE_BACKOFF phase=post target=0x0 retry=1/3 delay=352 reason=broadcast-forward
DBG_ANCHOR_CH5_SCAN_HANDLER role=2
DBG_ANCHOR_CH5_SCAN_ARM now=174559 win=3 complete=15 interval=380 wait=0 tx=0
DBG_DWM_CH5_RX_HUNT_START acq=3 complete=15 cap=1021
DBG_DWM_CH5_RX_HUNT_EMPTY ret=-116 status=0x00000000 acq=3
DBG_ANCHOR_CH5_SCAN_DONE ret=-116 len=0 fail=1 pre=0 q=0 rx_us=3601 complete=15
DBG_ANCHOR_CH5_SCAN_RESCHED ret=1 delay=380
DBG_WAKE_TRAIN_GUARD_OK
DBG_WAKE_TRAIN_CONFIG_BEGIN
DBG_ANCHOR_CH5_SCAN_HANDLER role=2
DBG_WAKE_TRAIN_CONFIG_OK
DBG_WAKE_TRAIN_FIRST_SEND_BEGIN
DBG_ANCHOR_CH5_SCAN_BLOCKED win=0 survey=0 tx=0 retry_gap=0 wait=0 rx=0 rxq=0 rxr=0 ack=0 ch9=0 rf=1 retry=20 interval=380
DBG_ANCHOR_CH5_SCAN_RESCHED ret=1 delay=20
DBG_WAKE_TRAIN_FIRST_SEND_OK
DBG_UWB_TX_CH5
DBG_TX_WAKE_CLAIM_SENT
DBG_UWB_TX_CH5
DBG_TX_WAKE_CLAIM_SENT
DBG_UWB_TX_CH5
DBG_TX_WAKE_CLAIM_SENT
DBG_ANCHOR_CH5_SCAN_HANDLER role=2
DBG_UWB_TX_CH5
DBG_TX_WAKE_CLAIM_SENT
DBG_ANCHOR_CH5_SCAN_BLOCKED win=0 survey=0 tx=0 retry_gap=0 wait=0 rx=0 rxq=0 rxr=0 ack=0 ch9=0 rf=1 retry=20 interval=380
DBG_DWM_CH5_RX_HUNT_START acq=3 complete=15 cap=125
DBG_ANCHOR_CH5_SCAN_RESCHED ret=1 delay=20
DBG_DWM_CH5_RX_HUNT_EMPTY ret=-116 status=0x00000000 acq=3
DBG_UWB_TX_CH5
DBG_TX_WAKE_CLAIM_SENT
DBG_UWB_TX_CH5
DBG_TX_WAKE_CLAIM_SENT
DBG_ANCHOR_CH5_SCAN_HANDLER role=2
DBG_UWB_TX_CH5
DBG_TX_WAKE_CLAIM_SENT
DBG_DWM_CH5_RX_HUNT_START acq=3 complete=15 cap=125
DBG_ANCHOR_CH5_SCAN_BLOCKED win=0 survey=0 tx=0 retry_gap=0 wait=0 rx=0 rxq=0 rxr=0 ack=0 ch9=0 rf=1 retry=20 interval=380
DBG_DWM_CH5_RX_HUNT_EMPTY ret=-116 status=0x00000000 acq=3
DBG_ANCHOR_CH5_SCAN_RESCHED ret=1 delay=20
DBG_UWB_TX_CH5
DBG_TX_WAKE_CLAIM_SENT
DBG_UWB_TX_CH5
DBG_TX_WAKE_CLAIM_SENT
DBG_UWB_TX_CH5
DBG_TX_WAKE_CLAIM_SENT
DBG_DWM_CH5_RX_HUNT_START acq=3 complete=15 cap=125
DBG_ANCHOR_CH5_SCAN_HANDLER role=2
DBG_DWM_CH5_RX_HUNT_EMPTY ret=-116 status=0x00000000 acq=3
DBG_ANCHOR_CH5_SCAN_BLOCKED win=0 survey=0 tx=0 retry_gap=0 wait=0 rx=0 rxq=0 rxr=0 ack=0 ch9=0 rf=1 retry=20 interval=380
DBG_ANCHOR_CH5_SCAN_RESCHED ret=1 delay=20
DBG_UWB_TX_CH5
DBG_TX_WAKE_CLAIM_SENT
DBG_UWB_TX_CH5
DBG_TX_WAKE_CLAIM_SENT
DBG_UWB_TX_CH5
DBG_TX_WAKE_CLAIM_SENT
DBG_DWM_CH5_RX_HUNT_START acq=3 complete=15 cap=125
DBG_ANCHOR_CH5_SCAN_HANDLER role=2
DBG_DWM_CH5_RX_HUNT_EMPTY ret=-116 status=0x00000000 acq=3
DBG_ANCHOR_CH5_SCAN_BLOCKED win=0 survey=0 tx=0 retry_gap=0 wait=0 rx=0 rxq=0 rxr=0 ack=0 ch9=0 rf=1 retry=20 interval=380
DBG_ANCHOR_CH5_SCAN_RESCHED ret=1 delay=20
DBG_UWB_TX_CH5
DBG_TX_WAKE_CLAIM_SENT
DBG_UWB_TX_CH5
DBG_TX_WAKE_CLAIM_SENT
DBG_UWB_TX_CH5
DBG_TX_WAKE_CLAIM_SENT
DBG_DWM_CH5_RX_HUNT_START acq=3 complete=15 cap=125
DBG_ANCHOR_CH5_SCAN_HANDLER role=2
DBG_DWM_CH5_RX_HUNT_EMPTY ret=-116 status=0x00000000 acq=3
DBG_ANCHOR_CH5_SCAN_BLOCKED win=0 survey=0 tx=0 retry_gap=0 wait=0 rx=0 rxq=0 rxr=0 ack=0 ch9=0 rf=1 retry=20 interval=380
DBG_ANCHOR_CH5_SCAN_RESCHED ret=1 delay=20
DBG_UWB_TX_CH5
DBG_TX_WAKE_CLAIM_SENT
DBG_UWB_TX_CH5
DBG_TX_WAKE_CLAIM_SENT
DBG_UWB_TX_CH5
DBG_TX_WAKE_CLAIM_SENT
DBG_DWM_CH5_RX_HUNT_START acq=3 complete=15 cap=125
DBG_ANCHOR_CH5_SCAN_HANDLER role=2
DBG_DWM_CH5_RX_ACTIVITY_EXTEND ret=0 status=0x00000100 complete=15
DBG_DWM_CH5_RX_ACTIVITY_WAIT status=0x00000100 remain=15
DBG_ANCHOR_CH5_SCAN_BLOCKED win=0 survey=0 tx=0 retry_gap=0 wait=0 rx=0 rxq=0 rxr=0 ack=0 ch9=0 rf=1 retry=20 interval=380
DBG_DWM_CH5_RX_ACTIVITY_REARM status=0x04000100 fail=2 remain=11 rearm=1
DBG_ANCHOR_CH5_SCAN_RESCHED ret=1 delay=20
DBG_DWM_CH5_RX_ACTIVITY_FAIL ret=-116 status=0x00000000 last=0x00000000 fail=2 activity=1 rearm=1
DBG_ROUTE_WAKE_RX_ACTIVITY ret=-5 fail=2 len=0 click=0
DBG_MESH_WAKE_POLITE_BACKOFF phase=train target=0x0 retry=2/3 delay=403 reason=broadcast-forward
DBG_ANCHOR_CH5_SCAN_HANDLER role=2
DBG_DWM_CH5_RX_HUNT_START acq=3 complete=15 cap=1021
DBG_DWM_CH5_RX_HUNT_EMPTY ret=-116 status=0x00000000 acq=3
DBG_ANCHOR_CH5_SCAN_RESCHED ret=1 delay=380
DBG_WAKE_TRAIN_GUARD_OK
DBG_ANCHOR_CH5_SCAN_HANDLER role=2
DBG_ANCHOR_CH5_SCAN_BLOCKED win=0 survey=0 tx=0 retry_gap=0 wait=0 rx=0 rxq=0 rxr=0 ack=0 ch9=0 rf=1 retry=20 interval=380
DBG_ANCHOR_CH5_SCAN_RESCHED ret=1 delay=20
DBG_ANCHOR_CH5_SCAN_HANDLER role=2
DBG_ANCHOR_CH5_SCAN_BLOCKED win=0 survey=0 tx=0 retry_gap=0 wait=0 rx=0 rxq=0 rxr=0 ack=0 ch9=0 rf=1 retry=20 interval=380
DBG_ANCHOR_CH5_SCAN_RESCHED ret=1 delay=20
DBG_WAKE_TRAIN_CONFIG_BEGIN
DBG_ANCHOR_CH5_SCAN_HANDLER role=2
DBG_ANCHOR_CH5_SCAN_BLOCKED win=0 survey=0 tx=0 retry_gap=0 wait=0 rx=0 rxq=0 rxr=0 ack=0 ch9=0 rf=1 retry=20 interval=380
DBG_WAKE_TRAIN_CONFIG_OK
DBG_WAKE_TRAIN_FIRST_SEND_BEGIN
DBG_ANCHOR_CH5_SCAN_RESCHED ret=1 delay=20
DBG_WAKE_TRAIN_FIRST_SEND_OK
DBG_UWB_TX_CH5
DBG_TX_WAKE_CLAIM_SENT
DBG_UWB_TX_CH5
DBG_TX_WAKE_CLAIM_SENT
DBG_UWB_TX_CH5
DBG_TX_WAKE_CLAIM_SENT
DBG_ANCHOR_CH5_SCAN_HANDLER role=2
DBG_ANCHOR_CH5_SCAN_BLOCKED win=0 survey=0 tx=0 retry_gap=0 wait=0 rx=0 rxq=0 rxr=0 ack=0 ch9=0 rf=1 retry=20 interval=380
DBG_DWM_CH5_RX_HUNT_START acq=3 complete=15 cap=125
DBG_ANCHOR_CH5_SCAN_RESCHED ret=1 delay=20
DBG_DWM_CH5_RX_HUNT_EMPTY ret=-116 status=0x00000000 acq=3
DBG_UWB_TX_CH5
DBG_TX_WAKE_CLAIM_SENT
DBG_UWB_TX_CH5
DBG_TX_WAKE_CLAIM_SENT
DBG_ANCHOR_CH5_SCAN_HANDLER role=2
DBG_UWB_TX_CH5
DBG_TX_WAKE_CLAIM_SENT
DBG_DWM_CH5_RX_HUNT_START acq=3 complete=15 cap=125
DBG_ANCHOR_CH5_SCAN_BLOCKED win=0 survey=0 tx=0 retry_gap=0 wait=0 rx=0 rxq=0 rxr=0 ack=0 ch9=0 rf=1 retry=20 interval=380
DBG_DWM_CH5_RX_HUNT_EMPTY ret=-116 status=0x00000000 acq=3
DBG_ANCHOR_CH5_SCAN_RESCHED ret=1 delay=20
DBG_UWB_TX_CH5
DBG_TX_WAKE_CLAIM_SENT
DBG_UWB_TX_CH5
DBG_TX_WAKE_CLAIM_SENT
DBG_UWB_TX_CH5
DBG_TX_WAKE_CLAIM_SENT
DBG_ANCHOR_CH5_SCAN_HANDLER role=2
DBG_DWM_CH5_RX_HUNT_EMPTY ret=-116 status=0x00000000 acq=3
DBG_ANCHOR_CH5_SCAN_BLOCKED win=0 survey=0 tx=0 retry_gap=0 wait=0 rx=0 rxq=0 rxr=0 ack=0 ch9=0 rf=1 retry=20 interval=380
DBG_ANCHOR_CH5_SCAN_RESCHED ret=1 delay=20
DBG_UWB_TX_CH5
DBG_TX_WAKE_CLAIM_SENT
DBG_UWB_TX_CH5
DBG_TX_WAKE_CLAIM_SENT
DBG_UWB_TX_CH5
DBG_TX_WAKE_CLAIM_SENT
DBG_DWM_CH5_RX_HUNT_START acq=3 complete=15 cap=125
DBG_ANCHOR_CH5_SCAN_HANDLER role=2
DBG_DWM_CH5_RX_HUNT_EMPTY ret=-116 status=0x00000000 acq=3
DBG_ANCHOR_CH5_SCAN_BLOCKED win=0 survey=0 tx=0 retry_gap=0 wait=0 rx=0 rxq=0 rxr=0 ack=0 ch9=0 rf=1 retry=20 interval=380
DBG_ANCHOR_CH5_SCAN_RESCHED ret=1 delay=20
DBG_UWB_TX_CH5
DBG_TX_WAKE_CLAIM_SENT
DBG_UWB_TX_CH5
DBG_TX_WAKE_CLAIM_SENT
DBG_UWB_TX_CH5
DBG_TX_WAKE_CLAIM_SENT
DBG_DWM_CH5_RX_HUNT_START acq=3 complete=15 cap=125
DBG_ANCHOR_CH5_SCAN_HANDLER role=2
DBG_DWM_CH5_RX_HUNT_EMPTY ret=-116 status=0x00000000 acq=3
DBG_ANCHOR_CH5_SCAN_BLOCKED win=0 survey=0 tx=0 retry_gap=0 wait=0 rx=0 rxq=0 rxr=0 ack=0 ch9=0 rf=1 retry=20 interval=380
DBG_ANCHOR_CH5_SCAN_RESCHED ret=1 delay=20
DBG_UWB_TX_CH5
DBG_TX_WAKE_CLAIM_SENT
DBG_UWB_TX_CH5
DBG_TX_WAKE_CLAIM_SENT
DBG_UWB_TX_CH5
DBG_TX_WAKE_CLAIM_SENT
DBG_DWM_CH5_RX_HUNT_START acq=3 complete=15 cap=125
DBG_ANCHOR_CH5_SCAN_HANDLER role=2
DBG_DWM_CH5_RX_HUNT_EMPTY ret=-116 status=0x00000000 acq=3
DBG_ANCHOR_CH5_SCAN_BLOCKED win=0 survey=0 tx=0 retry_gap=0 wait=0 rx=0 rxq=0 rxr=0 ack=0 ch9=0 rf=1 retry=20 interval=380
DBG_ANCHOR_CH5_SCAN_RESCHED ret=1 delay=20
DBG_UWB_TX_CH5
DBG_TX_WAKE_CLAIM_SENT
DBG_UWB_TX_CH5
DBG_TX_WAKE_CLAIM_SENT
DBG_UWB_TX_CH5
DBG_TX_WAKE_CLAIM_SENT
DBG_DWM_CH5_RX_HUNT_START acq=3 complete=15 cap=125
DBG_ANCHOR_CH5_SCAN_HANDLER role=2
DBG_DWM_CH5_RX_HUNT_EMPTY ret=-116 status=0x00000000 acq=3
DBG_ANCHOR_CH5_SCAN_BLOCKED win=0 survey=0 tx=0 retry_gap=0 wait=0 rx=0 rxq=0 rxr=0 ack=0 ch9=0 rf=1 retry=20 interval=380
DBG_ANCHOR_CH5_SCAN_RESCHED ret=1 delay=20
DBG_UWB_TX_CH5
DBG_TX_WAKE_CLAIM_SENT
DBG_UWB_TX_CH5
DBG_TX_WAKE_CLAIM_SENT
DBG_UWB_TX_CH5
DBG_TX_WAKE_CLAIM_SENT
DBG_DWM_CH5_RX_HUNT_START acq=3 complete=15 cap=125
DBG_ANCHOR_CH5_SCAN_HANDLER role=2
DBG_DWM_CH5_RX_HUNT_EMPTY ret=-116 status=0x00000000 acq=3
DBG_ANCHOR_CH5_SCAN_BLOCKED win=0 survey=0 tx=0 retry_gap=0 wait=0 rx=0 rxq=0 rxr=0 ack=0 ch9=0 rf=1 retry=20 interval=380
DBG_ANCHOR_CH5_SCAN_RESCHED ret=1 delay=20
DBG_UWB_TX_CH5
DBG_TX_WAKE_CLAIM_SENT
DBG_UWB_TX_CH5
DBG_TX_WAKE_CLAIM_SENT
DBG_UWB_TX_CH5
DBG_TX_WAKE_CLAIM_SENT
DBG_DWM_CH5_RX_HUNT_START acq=3 complete=15 cap=125
DBG_ANCHOR_CH5_SCAN_HANDLER role=2
DBG_DWM_CH5_RX_HUNT_EMPTY ret=-116 status=0x00000000 acq=3
DBG_ANCHOR_CH5_SCAN_BLOCKED win=0 survey=0 tx=0 retry_gap=0 wait=0 rx=0 rxq=0 rxr=0 ack=0 ch9=0 rf=1 retry=20 interval=380
DBG_ANCHOR_CH5_SCAN_RESCHED ret=1 delay=20
DBG_UWB_TX_CH5
DBG_TX_WAKE_CLAIM_SENT
DBG_UWB_TX_CH5
DBG_TX_WAKE_CLAIM_SENT
DBG_UWB_TX_CH5
DBG_TX_WAKE_CLAIM_SENT
DBG_DWM_CH5_RX_HUNT_START acq=3 complete=15 cap=125
DBG_ANCHOR_CH5_SCAN_HANDLER role=2
DBG_DWM_CH5_RX_HUNT_EMPTY ret=-116 status=0x00000000 acq=3
DBG_ANCHOR_CH5_SCAN_BLOCKED win=0 survey=0 tx=0 retry_gap=0 wait=0 rx=0 rxq=0 rxr=0 ack=0 ch9=0 rf=1 retry=20 interval=380
DBG_ANCHOR_CH5_SCAN_RESCHED ret=1 delay=20
DBG_UWB_TX_CH5
DBG_TX_WAKE_CLAIM_SENT
DBG_UWB_TX_CH5
DBG_TX_WAKE_CLAIM_SENT
DBG_UWB_TX_CH5
DBG_TX_WAKE_CLAIM_SENT
DBG_DWM_CH5_RX_HUNT_START acq=3 complete=15 cap=125
DBG_ANCHOR_CH5_SCAN_HANDLER role=2
DBG_DWM_CH5_RX_HUNT_EMPTY ret=-116 status=0x00000000 acq=3
DBG_ANCHOR_CH5_SCAN_BLOCKED win=0 survey=0 tx=0 retry_gap=0 wait=0 rx=0 rxq=0 rxr=0 ack=0 ch9=0 rf=1 retry=20 interval=380
DBG_ANCHOR_CH5_SCAN_RESCHED ret=1 delay=20
DBG_UWB_TX_CH5
DBG_TX_WAKE_CLAIM_SENT
DBG_UWB_TX_CH5
DBG_TX_WAKE_CLAIM_SENT
DBG_UWB_TX_CH5
DBG_TX_WAKE_CLAIM_SENT
DBG_DWM_CH5_RX_HUNT_START acq=3 complete=15 cap=125
DBG_ANCHOR_CH5_SCAN_HANDLER role=2
DBG_DWM_CH5_RX_HUNT_EMPTY ret=-116 status=0x00000000 acq=3
DBG_ANCHOR_CH5_SCAN_BLOCKED win=0 survey=0 tx=0 retry_gap=0 wait=0 rx=0 rxq=0 rxr=0 ack=0 ch9=0 rf=1 retry=20 interval=380
DBG_ANCHOR_CH5_SCAN_RESCHED ret=1 delay=20
DBG_UWB_TX_CH5
DBG_TX_WAKE_CLAIM_SENT
DBG_UWB_TX_CH5
DBG_TX_WAKE_CLAIM_SENT
DBG_UWB_TX_CH5
DBG_TX_WAKE_CLAIM_SENT
DBG_DWM_CH5_RX_HUNT_START acq=3 complete=15 cap=125
DBG_ANCHOR_CH5_SCAN_HANDLER role=2
DBG_DWM_CH5_RX_HUNT_EMPTY ret=-116 status=0x00000000 acq=3
DBG_ANCHOR_CH5_SCAN_BLOCKED win=0 survey=0 tx=0 retry_gap=0 wait=0 rx=0 rxq=0 rxr=0 ack=0 ch9=0 rf=1 retry=20 interval=380
DBG_ANCHOR_CH5_SCAN_RESCHED ret=1 delay=20
DBG_UWB_TX_CH5
DBG_TX_WAKE_CLAIM_SENT
DBG_UWB_TX_CH5
DBG_TX_WAKE_CLAIM_SENT
DBG_UWB_TX_CH5
DBG_TX_WAKE_CLAIM_SENT
DBG_DWM_CH5_RX_HUNT_START acq=3 complete=15 cap=125
DBG_ANCHOR_CH5_SCAN_HANDLER role=2
DBG_DWM_CH5_RX_HUNT_EMPTY ret=-116 status=0x00000000 acq=3
DBG_ANCHOR_CH5_SCAN_BLOCKED win=0 survey=0 tx=0 retry_gap=0 wait=0 rx=0 rxq=0 rxr=0 ack=0 ch9=0 rf=1 retry=20 interval=380
DBG_ANCHOR_CH5_SCAN_RESCHED ret=1 delay=20
DBG_UWB_TX_CH5
DBG_TX_WAKE_CLAIM_SENT
DBG_UWB_TX_CH5
DBG_TX_WAKE_CLAIM_SENT
DBG_UWB_TX_CH5
DBG_TX_WAKE_CLAIM_SENT
DBG_DWM_CH5_RX_HUNT_START acq=3 complete=15 cap=125
DBG_ANCHOR_CH5_SCAN_HANDLER role=2
DBG_DWM_CH5_RX_HUNT_EMPTY ret=-116 status=0x00000000 acq=3
DBG_ANCHOR_CH5_SCAN_BLOCKED win=0 survey=0 tx=0 retry_gap=0 wait=0 rx=0 rxq=0 rxr=0 ack=0 ch9=0 rf=1 retry=20 interval=380
DBG_ANCHOR_CH5_SCAN_RESCHED ret=1 delay=20
DBG_UWB_TX_CH5
DBG_TX_WAKE_CLAIM_SENT
DBG_UWB_TX_CH5
DBG_TX_WAKE_CLAIM_SENT
DBG_UWB_TX_CH5
DBG_TX_WAKE_CLAIM_SENT
DBG_DWM_CH5_RX_HUNT_START acq=3 complete=15 cap=125
DBG_ANCHOR_CH5_SCAN_HANDLER role=2
DBG_DWM_CH5_RX_HUNT_EMPTY ret=-116 status=0x00000000 acq=3
DBG_ANCHOR_CH5_SCAN_BLOCKED win=0 survey=0 tx=0 retry_gap=0 wait=0 rx=0 rxq=0 rxr=0 ack=0 ch9=0 rf=1 retry=20 interval=380
DBG_ANCHOR_CH5_SCAN_RESCHED ret=1 delay=20
DBG_UWB_TX_CH5
DBG_TX_WAKE_CLAIM_SENT
DBG_UWB_TX_CH5
DBG_TX_WAKE_CLAIM_SENT
DBG_UWB_TX_CH5
DBG_TX_WAKE_CLAIM_SENT
DBG_DWM_CH5_RX_HUNT_START acq=3 complete=15 cap=125
DBG_ANCHOR_CH5_SCAN_HANDLER role=2
DBG_DWM_CH5_RX_HUNT_EMPTY ret=-116 status=0x00000000 acq=3
DBG_ANCHOR_CH5_SCAN_BLOCKED win=0 survey=0 tx=0 retry_gap=0 wait=0 rx=0 rxq=0 rxr=0 ack=0 ch9=0 rf=1 retry=20 interval=380
DBG_ANCHOR_CH5_SCAN_RESCHED ret=1 delay=20
DBG_UWB_TX_CH5
DBG_TX_WAKE_CLAIM_SENT
DBG_ANCHOR_CH5_SCAN_HANDLER role=2
DBG_ANCHOR_CH5_SCAN_BLOCKED win=0 survey=0 tx=0 retry_gap=0 wait=0 rx=0 rxq=0 rxr=0 ack=0 ch9=0 rf=1 retry=20 interval=380
DBG_ANCHOR_CH5_SCAN_RESCHED ret=1 delay=20
DBG_C5_CONTROL_FOLLOWUP_TURNAROUND delay=60 msg=40 reason=broadcast-forward
DBG_ANCHOR_CH5_SCAN_HANDLER role=2
DBG_ANCHOR_CH5_SCAN_ARM now=176033 win=3 complete=15 interval=380 wait=0 tx=0
DBG_DWM_CH5_RX_HUNT_START acq=3 complete=15 cap=1021
DBG_DWM_CH5_RX_HUNT_EMPTY ret=-116 status=0x00000000 acq=3
DBG_ANCHOR_CH5_SCAN_DONE ret=-116 len=0 fail=1 pre=0 q=0 rx_us=3997 complete=15
DBG_ANCHOR_CH5_SCAN_RESCHED ret=1 delay=380
DBG_DWM_WAKE_MESH_CTRL_OK sfd=4073
DBG_C5_TX_CONFIG ret=0 ext=1 len=133 msg=40 reason=bounded-c5-flood
DBG_UWB_TX_CH5
DBG_DWM_WAKE_MESH_CTRL_OK sfd=4073
DBG_DWM_WAKE_MESH_CTRL_OK sfd=4073
DBG_C5_TX_CONFIG ret=0 ext=1 len=133 msg=40 reason=bounded-c5-flood
DBG_UWB_TX_CH5
DBG_DWM_WAKE_MESH_CTRL_OK sfd=4073
DBG_DWM_WAKE_MESH_CTRL_OK sfd=4073
DBG_C5_TX_CONFIG ret=0 ext=1 len=133 msg=40 reason=bounded-c5-flood
DBG_UWB_TX_CH5
DBG_DWM_WAKE_MESH_CTRL_OK sfd=4073
DBG_ANCHOR_CH5_SCAN_HANDLER role=2
DBG_ANCHOR_CH5_SCAN_BLOCKED win=0 survey=0 tx=0 retry_gap=0 wait=0 rx=0 rxq=0 rxr=0 ack=0 ch9=0 rf=1 retry=20 interval=380
DBG_ANCHOR_CH5_SCAN_RESCHED ret=1 delay=20
DBG_DWM_WAKE_MESH_CTRL_OK sfd=4073
DBG_C5_TX_CONFIG ret=0 ext=1 len=133 msg=40 reason=bounded-c5-flood
DBG_ANCHOR_CH5_SCAN_HANDLER role=2
DBG_ANCHOR_CH5_SCAN_BLOCKED win=0 survey=0 tx=0 retry_gap=0 wait=0 rx=0 rxq=0 rxr=0 ack=0 ch9=0 rf=1 retry=20 interval=380
DBG_ANCHOR_CH5_SCAN_RESCHED ret=1 delay=20
DBG_ANCHOR_CH5_SCAN_HANDLER role=2
DBG_DIRECT_GW_TX_CONFIG ret=0 now=176490 seq=1
DBG_CH9_TX_SEND_AT now=176491 earliest=176467 msg=41 len=97
DBG_ANCHOR_CH5_SCAN_BLOCKED win=0 survey=0 tx=1 retry_gap=0 wait=0 rx=0 rxq=0 rxr=0 ack=1 ch9=0 rf=1 retry=20 interval=380
DBG_ANCHOR_CH5_SCAN_RESCHED ret=1 delay=20
DBG_CH9_TX_DONE now=176499 dur=8 len=97 msg=41
DBG_UWB_TX_CH9
DBG_CH9_TX_SINGLE_SEND_OK
DBG_CH9_EVENT_STATE state=complete peer=0x9999888877776666 start=176467 end=176717 reason=node-comm-reliable-uplink
DBG_DIRECT_GW_TX_ACK_TRANSIT_WAIT dst=0x9999888877776666 src=0x708bc0aab970300e seq=1
DBG_ANCHOR_CH5_SCAN_HANDLER role=2
DBG_ANCHOR_CH5_SCAN_BLOCKED win=0 survey=0 tx=1 retry_gap=0 wait=0 rx=0 rxq=0 rxr=0 ack=1 ch9=0 rf=1 retry=20 interval=380
DBG_ANCHOR_CH5_SCAN_RESCHED ret=1 delay=20
DBG_UWB_RX_CH9
DBG_MESH_RX_QUEUED ch=9 msg=0x32 src=0x9999888877776666 dst=0x708bc0aab970300e prev=0x9999888877776666 seq=11 q=1
DBG_GATEWAY_ACK_RX
DBG_DIRECT_GW_ACK_TRANSIT queued=1 valid=1 dst=0x708bc0aab970300e seq=11
DBG_DIRECT_GW_TX_ACK_WAIT ret=0 seq=1
DBG_DWM_KEEP_IDLE reason=direct-gateway-payload ch9=0 ack=0 qack=0 ret=0
DBG_NC o=0000000000000001 g=00000001 w=00 e=00000022 s=00000005 q=0004>0005 r=00000000 f=00000001 t=00000000 p=00000000 a=00
DBG_NODE_COMM_ATTEMPT handle=1 profile=3 attempt=1 ret=0 rf=1 scheduled=0 state=0
DBG_MESH_RX_WORK_WAIT q=1
DBG_MESH_RX_WORK_ENTER q=1
DBG_MESH_RX_DRAIN_ENTER owner=work q=1
DBG_CH9_TX_ACK_IDLE
DBG_LEGACY_ACK_NO_MATCH
DBG_MESH_RX_DRAIN_EXIT owner=work handled=1 q=0
DBG_MESH_RX_WORK_EXIT handled=1 q=0
DBG_COORD state=mesh-rx owner=uwb-rx reason=ch9-ack-rx-eligible rx=0 tx=0 relay=1 route=0 ack=0 qack=0
DBG_TX_TIMEOUT_ENTER relay=1 route=0 ch9pend=0 bundle=0 now=176528
DBG_RETRANSMIT_DIRECT_GW seq=1 now=176530
DBG_DIRECT_GW_TX_CONFIG ret=0 now=176530 seq=1
DBG_CH9_TX_SEND_AT now=176531 earliest=176528 msg=33 len=105
DBG_CH9_TX_DONE now=176534 dur=3 len=105 msg=33
DBG_UWB_TX_CH9
DBG_CH9_TX_SINGLE_SEND_OK
DBG_ANCHOR_CH5_SCAN_HANDLER role=2
DBG_ANCHOR_CH5_SCAN_BLOCKED win=0 survey=0 tx=1 retry_gap=0 wait=0 rx=0 rxq=0 rxr=0 ack=1 ch9=0 rf=1 retry=20 interval=380
DBG_ANCHOR_CH5_SCAN_RESCHED ret=1 delay=20
DBG_ANCHOR_CH5_SCAN_HANDLER role=2
DBG_ANCHOR_CH5_SCAN_BLOCKED win=0 survey=0 tx=1 retry_gap=0 wait=0 rx=0 rxq=0 rxr=0 ack=1 ch9=0 rf=1 retry=20 interval=380
DBG_ANCHOR_CH5_SCAN_RESCHED ret=1 delay=20
DBG_ANCHOR_CH5_SCAN_HANDLER role=2
DBG_ANCHOR_CH5_SCAN_BLOCKED win=0 survey=0 tx=1 retry_gap=0 wait=0 rx=0 rxq=0 rxr=0 ack=1 ch9=0 rf=1 retry=20 interval=380
DBG_ANCHOR_CH5_SCAN_RESCHED ret=1 delay=20
DBG_ANCHOR_CH5_SCAN_HANDLER role=2
DBG_ANCHOR_CH5_SCAN_BLOCKED win=0 survey=0 tx=1 retry_gap=0 wait=0 rx=0 rxq=0 rxr=0 ack=1 ch9=0 rf=1 retry=20 interval=380
DBG_ANCHOR_CH5_SCAN_RESCHED ret=1 delay=20
DBG_ANCHOR_CH5_SCAN_HANDLER role=2
DBG_ANCHOR_CH5_SCAN_BLOCKED win=0 survey=0 tx=1 retry_gap=0 wait=0 rx=0 rxq=0 rxr=0 ack=1 ch9=0 rf=1 retry=20 interval=380
DBG_ANCHOR_CH5_SCAN_RESCHED ret=1 delay=20
DBG_ANCHOR_CH5_SCAN_HANDLER role=2
DBG_ANCHOR_CH5_SCAN_BLOCKED win=0 survey=0 tx=1 retry_gap=0 wait=0 rx=0 rxq=0 rxr=0 ack=1 ch9=0 rf=1 retry=20 interval=380
DBG_ANCHOR_CH5_SCAN_RESCHED ret=1 delay=20
DBG_ANCHOR_CH5_SCAN_HANDLER role=2
DBG_ANCHOR_CH5_SCAN_BLOCKED win=0 survey=0 tx=1 retry_gap=0 wait=0 rx=0 rxq=0 rxr=0 ack=1 ch9=0 rf=1 retry=20 interval=380
DBG_ANCHOR_CH5_SCAN_RESCHED ret=1 delay=20
DBG_ANCHOR_CH5_SCAN_HANDLER role=2
DBG_ANCHOR_CH5_SCAN_BLOCKED win=0 survey=0 tx=1 retry_gap=0 wait=0 rx=0 rxq=0 rxr=0 ack=1 ch9=0 rf=1 retry=20 interval=380
DBG_ANCHOR_CH5_SCAN_RESCHED ret=1 delay=20
DBG_ANCHOR_CH5_SCAN_HANDLER role=2
DBG_ANCHOR_CH5_SCAN_BLOCKED win=0 survey=0 tx=1 retry_gap=0 wait=0 rx=0 rxq=0 rxr=0 ack=1 ch9=0 rf=1 retry=20 interval=380
DBG_ANCHOR_CH5_SCAN_RESCHED ret=1 delay=20
DBG_ANCHOR_CH5_SCAN_HANDLER role=2
DBG_ANCHOR_CH5_SCAN_BLOCKED win=0 survey=0 tx=1 retry_gap=0 wait=0 rx=0 rxq=0 rxr=0 ack=1 ch9=0 rf=1 retry=20 interval=380
DBG_DWM_KEEP_IDLE reason=direct-gateway-payload ch9=0 ack=0 qack=0 ret=0
DBG_RETRANSMIT_DEFER reason=send-failed ret=0 send=-11 delay=52 seq=1 state=2
DBG_ANCHOR_CH5_SCAN_RESCHED ret=1 delay=20
DBG_ANCHOR_CH5_SCAN_HANDLER role=2
DBG_ANCHOR_CH5_SCAN_BLOCKED win=0 survey=0 tx=1 retry_gap=1 wait=0 rx=0 rxq=0 rxr=0 ack=0 ch9=0 rf=0 retry=32 interval=380
DBG_ANCHOR_CH5_SCAN_RESCHED ret=1 delay=32
DBG_TX_TIMEOUT_ENTER relay=1 route=0 ch9pend=0 bundle=0 now=176837
DBG_RETRANSMIT_DIRECT_GW seq=1 now=176838
DBG_DIRECT_GW_TX_CONFIG ret=0 now=176839 seq=1
DBG_CH9_TX_SEND_AT now=176839 earliest=176837 msg=33 len=105
DBG_ANCHOR_CH5_SCAN_HANDLER role=2
DBG_ANCHOR_CH5_SCAN_BLOCKED win=0 survey=0 tx=1 retry_gap=0 wait=0 rx=0 rxq=0 rxr=0 ack=1 ch9=0 rf=1 retry=20 interval=380
DBG_ANCHOR_CH5_SCAN_RESCHED ret=1 delay=20
DBG_CH9_TX_DONE now=176843 dur=4 len=105 msg=33
DBG_UWB_TX_CH9
DBG_CH9_TX_SINGLE_SEND_OK
DBG_CH9_EVENT_STATE state=complete peer=0x9999888877776666 start=176838 end=177088 reason=retransmit-direct-gateway
DBG_CH9_TX_ACK_CORE_OWNER src=0x708bc0aab970300e seq=1 next=0x9999888877776666 deadline=178843
DBG_DIRECT_GW_TX_ACK_TRANSIT_WAIT dst=0x9999888877776666 src=0x708bc0aab970300e seq=1
DBG_ANCHOR_CH5_SCAN_HANDLER role=2
DBG_ANCHOR_CH5_SCAN_BLOCKED win=0 survey=0 tx=1 retry_gap=0 wait=0 rx=0 rxq=0 rxr=0 ack=1 ch9=0 rf=1 retry=20 interval=380
DBG_ANCHOR_CH5_SCAN_RESCHED ret=1 delay=20
DBG_ANCHOR_CH5_SCAN_HANDLER role=2
DBG_ANCHOR_CH5_SCAN_BLOCKED win=0 survey=0 tx=1 retry_gap=0 wait=0 rx=0 rxq=0 rxr=0 ack=1 ch9=0 rf=1 retry=20 interval=380
DBG_ANCHOR_CH5_SCAN_RESCHED ret=1 delay=20
DBG_ANCHOR_CH5_SCAN_HANDLER role=2
DBG_ANCHOR_CH5_SCAN_BLOCKED win=0 survey=0 tx=1 retry_gap=0 wait=0 rx=0 rxq=0 rxr=0 ack=1 ch9=0 rf=1 retry=20 interval=380
DBG_ANCHOR_CH5_SCAN_RESCHED ret=1 delay=20
DBG_ANCHOR_CH5_SCAN_HANDLER role=2
DBG_ANCHOR_CH5_SCAN_BLOCKED win=0 survey=0 tx=1 retry_gap=0 wait=0 rx=0 rxq=0 rxr=0 ack=1 ch9=0 rf=1 retry=20 interval=380
DBG_ANCHOR_CH5_SCAN_RESCHED ret=1 delay=20
DBG_ANCHOR_CH5_SCAN_HANDLER role=2
DBG_ANCHOR_CH5_SCAN_BLOCKED win=0 survey=0 tx=1 retry_gap=0 wait=0 rx=0 rxq=0 rxr=0 ack=1 ch9=0 rf=1 retry=20 interval=380
DBG_ANCHOR_CH5_SCAN_RESCHED ret=1 delay=20
DBG_ANCHOR_CH5_SCAN_HANDLER role=2
DBG_ANCHOR_CH5_SCAN_BLOCKED win=0 survey=0 tx=1 retry_gap=0 wait=0 rx=0 rxq=0 rxr=0 ack=1 ch9=0 rf=1 retry=20 interval=380
DBG_ANCHOR_CH5_SCAN_RESCHED ret=1 delay=20
DBG_ANCHOR_CH5_SCAN_HANDLER role=2
DBG_ANCHOR_CH5_SCAN_BLOCKED win=0 survey=0 tx=1 retry_gap=0 wait=0 rx=0 rxq=0 rxr=0 ack=1 ch9=0 rf=1 retry=20 interval=380
DBG_ANCHOR_CH5_SCAN_RESCHED ret=1 delay=20
DBG_ANCHOR_CH5_SCAN_HANDLER role=2
DBG_ANCHOR_CH5_SCAN_BLOCKED win=0 survey=0 tx=1 retry_gap=0 wait=0 rx=0 rxq=0 rxr=0 ack=1 ch9=0 rf=1 retry=20 interval=380
DBG_ANCHOR_CH5_SCAN_RESCHED ret=1 delay=20
DBG_ANCHOR_CH5_SCAN_HANDLER role=2
DBG_ANCHOR_CH5_SCAN_BLOCKED win=0 survey=0 tx=1 retry_gap=0 wait=0 rx=0 rxq=0 rxr=0 ack=1 ch9=0 rf=1 retry=20 interval=380
DBG_ANCHOR_CH5_SCAN_RESCHED ret=1 delay=20
DBG_ANCHOR_CH5_SCAN_HANDLER role=2
DBG_ANCHOR_CH5_SCAN_BLOCKED win=0 survey=0 tx=1 retry_gap=0 wait=0 rx=0 rxq=0 rxr=0 ack=1 ch9=0 rf=1 retry=20 interval=380
DBG_ANCHOR_CH5_SCAN_RESCHED ret=1 delay=20
DBG_DIRECT_GW_TX_ACK_WAIT ret=-116 seq=1
DBG_DWM_KEEP_IDLE reason=direct-gateway-payload ch9=0 ack=0 qack=0 ret=0
DBG_RETRANSMIT_DEFER reason=send-failed ret=0 send=-11 delay=104 seq=1 state=2
DBG_ANCHOR_CH5_SCAN_HANDLER role=2
DBG_ANCHOR_CH5_SCAN_ARM now=177104 win=3 complete=15 interval=380 wait=0 tx=1
DBG_DWM_CH5_RX_HUNT_START acq=3 complete=15 cap=1021
DBG_DWM_CH5_RX_HUNT_EMPTY ret=-116 status=0x00000000 acq=3
DBG_ANCHOR_CH5_SCAN_DONE ret=-116 len=0 fail=1 pre=0 q=0 rx_us=3814 complete=15
DBG_ANCHOR_CH5_SCAN_RESCHED ret=1 delay=380
DBG_TX_TIMEOUT_ENTER relay=1 route=0 ch9pend=0 bundle=0 now=177199
DBG_RETRANSMIT_DIRECT_GW seq=1 now=177201
DBG_DIRECT_GW_TX_CONFIG ret=0 now=177223 seq=1
DBG_CH9_TX_SEND_AT now=177224 earliest=177199 msg=33 len=105
DBG_CH9_TX_DONE now=177228 dur=4 len=105 msg=33
DBG_UWB_TX_CH9
DBG_CH9_TX_SINGLE_SEND_OK
DBG_CH9_EVENT_STATE state=complete peer=0x9999888877776666 start=177201 end=177451 reason=retransmit-direct-gateway
DBG_CH9_TX_ACK_CORE_OWNER src=0x708bc0aab970300e seq=1 next=0x9999888877776666 deadline=179228
DBG_DIRECT_GW_TX_ACK_TRANSIT_WAIT dst=0x9999888877776666 src=0x708bc0aab970300e seq=1
DBG_UWB_RX_CH9
DBG_MESH_RX_QUEUED ch=9 msg=0x32 src=0x9999888877776666 dst=0x708bc0aab970300e prev=0x9999888877776666 seq=14 q=1
DBG_GATEWAY_ACK_RX
DBG_DIRECT_GW_ACK_TRANSIT queued=1 valid=1 dst=0x708bc0aab970300e seq=14
DBG_DIRECT_GW_TX_ACK_WAIT ret=0 seq=1
DBG_DWM_KEEP_IDLE reason=direct-gateway-payload ch9=0 ack=0 qack=0 ret=0
DBG_MESH_RX_WORK_WAIT q=1
DBG_MESH_RX_WORK_ENTER q=1
DBG_MESH_RX_DRAIN_ENTER owner=work q=1
DBG_CH9_TX_ACK_IDLE
DBG_LEGACY_ACK_CONFIRMED
DBG_NC o=0000000000000001 g=00000001 w=00 e=00000041 s=00000005 q=0005>0008 r=00000000 f=00000026 t=00000000 p=00000002 a=01
DBG_NODE_COMM_TERMINAL_BACKEND_RELEASE handle=1 reason=0 attempts=1 ret=-2 pending=0 outstanding=0 complete=1 failures=0
DBG_ACK_CONFIRM_TERMINAL stage=complete ret=0 original=65 seq=1
DBG_MESH_RX_DRAIN_EXIT owner=work handled=1 q=0
DBG_MESH_RX_WORK_EXIT handled=1 q=0
DBG_COORD state=idle owner=uwb-rx reason=idle rx=0 tx=0 relay=0 route=0 ack=0 qack=0
DBG_DISCOVERY_SLOT_RESPONSE_DELIVERED phase=1 epoch=17301512 attempts=1
DBG_ANCHOR_CH5_SCAN_HANDLER role=2
DBG_DWM_CH5_RX_HUNT_START acq=3 complete=15 cap=1021
DBG_DWM_CH5_RX_HUNT_EMPTY ret=-116 status=0x00000000 acq=3
DBG_ANCHOR_CH5_SCAN_RESCHED ret=1 delay=380
DBG_ANCHOR_CH5_SCAN_HANDLER role=2
DBG_DWM_CH5_RX_HUNT_START acq=3 complete=15 cap=1021
DBG_DWM_CH5_RX_HUNT_EMPTY ret=-116 status=0x00000000 acq=3
DBG_ANCHOR_CH5_SCAN_RESCHED ret=1 delay=380
DBG_ANCHOR_CH5_SCAN_HANDLER role=2
DBG_ANCHOR_CH5_SCAN_ARM now=178316 win=3 complete=15 interval=380 wait=0 tx=0
DBG_DWM_CH5_RX_HUNT_START acq=3 complete=15 cap=1021
DBG_DWM_CH5_RX_HUNT_EMPTY ret=-116 status=0x00000000 acq=3
DBG_ANCHOR_CH5_SCAN_DONE ret=-116 len=0 fail=1 pre=0 q=0 rx_us=3784 complete=15
DBG_ANCHOR_CH5_SCAN_RESCHED ret=1 delay=380
DBG_ANCHOR_CH5_SCAN_HANDLER role=2
DBG_DWM_CH5_RX_HUNT_START acq=3 complete=15 cap=1021
DBG_DWM_CH5_RX_HUNT_EMPTY ret=-116 status=0x00000000 acq=3
DBG_ANCHOR_CH5_SCAN_RESCHED ret=1 delay=380
DBG_ANCHOR_CH5_SCAN_HANDLER role=2
DBG_DWM_CH5_RX_HUNT_START acq=3 complete=15 cap=1021
DBG_DWM_CH5_RX_HUNT_EMPTY ret=-116 status=0x00000000 acq=3
DBG_ANCHOR_CH5_SCAN_RESCHED ret=1 delay=380
DBG_ANCHOR_CH5_SCAN_HANDLER role=2
DBG_ANCHOR_CH5_SCAN_ARM now=179527 win=3 complete=15 interval=380 wait=0 tx=0
DBG_DWM_CH5_RX_HUNT_START acq=3 complete=15 cap=1021
DBG_DWM_CH5_RX_HUNT_EMPTY ret=-116 status=0x00000000 acq=3
DBG_ANCHOR_CH5_SCAN_DONE ret=-116 len=0 fail=1 pre=0 q=0 rx_us=3814 complete=15
DBG_ANCHOR_CH5_SCAN_RESCHED ret=1 delay=380
DBG_ANCHOR_CH5_SCAN_HANDLER role=2
DBG_DWM_CH5_RX_HUNT_START acq=3 complete=15 cap=1021
DBG_DWM_CH5_RX_ACTIVITY_EXTEND ret=0 status=0x00000100 complete=15
DBG_DWM_CH5_RX_ACTIVITY_WAIT status=0x00000100 remain=15
DBG_DWM_CH5_RX_ACTIVITY_DONE raw=51 payload=49 status=0x00006f00 rearm=0 extended=1
DBG_ANCHOR_CH5_SCAN_DONE ret=0 len=49 fail=0 pre=1 q=100 rx_us=5645 complete=15
DBG_UWB_RX_CH5
DBG_ANCHOR_CH5_FRAME len=49 q=100 wake_ret=0
DBG_ANCHOR_ROUTE_WAKE_DISPATCH src=0x9999888877776666 evt=259630 attempt=1 flags=0x93 len=49 q=100
DBG_C5_CONTACT phase=open state=2 peer=0x9999888877776666 purpose=route_solicit reason=wake-claim
DBG_C5_CONTACT phase=accepted state=2 peer=0x9999888877776666 purpose=route_solicit reason=wake-claim
DBG_ANCHOR_ROUTE_WAKE_HANDOFF src=0x9999888877776666 evt=259630 attempt=1 flags=0x93 embedded=0 listen=2000
DBG_C5_CONTACT phase=closing state=4 peer=0x9999888877776666 purpose=route_solicit reason=replace
DBG_ROUTE_REPLY_LISTEN_START
DBG_DWM_WAKE_MESH_CTRL_OK sfd=4073
DBG_ROUTE_REPLY_LISTEN_CONFIG ret=0 ext=1
DBG_C5_CONTROL_LISTENER_HOLD_EXTENDED
DBG_C5_RX_FAIL status=0x00001700 finfo=0x00000000 fail=4 phy=4 ch=5 plen=3 pac=2 txc=9 rxc=9 sfd=2 rate=0 phr=1 phrr=0 sfdto=4
DBG_C5_CONTROL_LISTENER_HOLD_EXTENDED
DBG_C5_CONTROL_LISTENER_HOLD_EXTENDED
DBG_C5_CONTROL_LISTENER_HOLD_EXTENDED
DBG_C5_CONTROL_LISTENER_HOLD_EXTENDED
DBG_C5_CONTROL_LISTENER_HOLD_EXTENDED
DBG_C5_CONTROL_LISTENER_HOLD_EXTENDED
DBG_C5_CONTROL_LISTENER_HOLD_EXTENDED
DBG_C5_CONTROL_LISTENER_HOLD_EXTENDED
DBG_C5_CONTROL_LISTENER_HOLD_EXTENDED
DBG_C5_CONTROL_LISTENER_HOLD_EXTENDED
DBG_C5_CONTROL_LISTENER_HOLD_EXTENDED
DBG_C5_CONTROL_LISTENER_HOLD_EXTENDED
DBG_C5_CONTROL_LISTENER_HOLD_EXTENDED
DBG_C5_CONTROL_LISTENER_HOLD_EXTENDED
DBG_ROUTE_REPLY_RX_FRAME
DBG_C5_CONTROL_ROUTE_READY msg=0x40 prev=0x9999888877776666 ttl=8 origin_ttl=8 relay=0 ret=0
DBG_C5_CONTROL_ROUTE_STATE epoch=1 sel=0 next=0x9999888877776666 hop=0 timing=0
DBG_UWB_RX_CH5
DBG_MESH_RX_QUEUED ch=5 msg=0x40 src=0x9999888877776666 dst=0x0 prev=0x9999888877776666 seq=2 q=1
DBG_MESH_RX_DEFERRED q=1 msg=0x40
DBG_COORD state=mesh-rx owner=uwb-rx reason=mesh-rx rx=1 tx=0 relay=0 route=0 ack=0 qack=0
DBG_ANCHOR_MESH_RX_YIELD reason=anchor-low-duty-ch5-owner ch9=0 delay=0 scan_int=380 scan_win=3 wait=0 q=1
DBG_MESH_RX_WORK_WAIT q=1
DBG_MESH_RX_WORK_ENTER q=1
DBG_MESH_RX_DRAIN_ENTER owner=work q=1
DBG_C5_CONTACT phase=accepted state=2 peer=0x9999888877776666 purpose=gateway_command_flood reason=c5-control-rx
DBG_COORD state=idle owner=c5-flood reason=idle rx=0 tx=0 relay=0 route=0 ack=0 qack=0
DBG_C5_FLOOD_WAIT now=180231 wake=183069 first=183469 msg=40 attempt=1/3 reason=broadcast-forward
DBG_ROUTE_REPLY_LISTEN_DONE captured=1 ret=-11
DBG_ANCHOR_CH5_SCAN_HANDLER role=2
DBG_ANCHOR_CH5_SCAN_ARM now=180611 win=3 complete=15 interval=380 wait=0 tx=0
DBG_DWM_CH5_RX_HUNT_START acq=3 complete=15 cap=1021
DBG_DWM_CH5_RX_HUNT_EMPTY ret=-116 status=0x00000000 acq=3
DBG_ANCHOR_CH5_SCAN_DONE ret=-116 len=0 fail=1 pre=0 q=0 rx_us=3326 complete=15
DBG_ANCHOR_CH5_SCAN_RESCHED ret=1 delay=380
DBG_ANCHOR_CH5_SCAN_HANDLER role=2
DBG_DWM_CH5_RX_HUNT_START acq=3 complete=15 cap=1021
DBG_DWM_CH5_RX_HUNT_EMPTY ret=-116 status=0x00000000 acq=3
DBG_ANCHOR_CH5_SCAN_RESCHED ret=1 delay=380
DBG_ANCHOR_CH5_SCAN_HANDLER role=2
DBG_DWM_CH5_RX_HUNT_START acq=3 complete=15 cap=1021
DBG_DWM_CH5_RX_HUNT_EMPTY ret=-116 status=0x00000000 acq=3
DBG_ANCHOR_CH5_SCAN_RESCHED ret=1 delay=380
DBG_ANCHOR_CH5_SCAN_HANDLER role=2
DBG_ANCHOR_CH5_SCAN_ARM now=181820 win=3 complete=15 interval=380 wait=0 tx=0
DBG_DWM_CH5_RX_HUNT_START acq=3 complete=15 cap=1021
DBG_DWM_CH5_RX_HUNT_EMPTY ret=-116 status=0x00000000 acq=3
DBG_ANCHOR_CH5_SCAN_DONE ret=-116 len=0 fail=1 pre=0 q=0 rx_us=3265 complete=15
DBG_ANCHOR_CH5_SCAN_RESCHED ret=1 delay=380
DBG_ANCHOR_CH5_SCAN_HANDLER role=2
DBG_DWM_CH5_RX_HUNT_START acq=3 complete=15 cap=1021
DBG_DWM_CH5_RX_HUNT_EMPTY ret=-116 status=0x00000000 acq=3
DBG_ANCHOR_CH5_SCAN_RESCHED ret=1 delay=380
DBG_ANCHOR_CH5_SCAN_HANDLER role=2
DBG_DWM_CH5_RX_HUNT_START acq=3 complete=15 cap=1021
DBG_DWM_CH5_RX_HUNT_EMPTY ret=-116 status=0x00000000 acq=3
DBG_ANCHOR_CH5_SCAN_RESCHED ret=1 delay=380
DBG_ANCHOR_CH5_SCAN_HANDLER role=2
DBG_ANCHOR_CH5_SCAN_ARM now=183029 win=3 complete=15 interval=380 wait=0 tx=0
DBG_DWM_CH5_RX_HUNT_START acq=3 complete=15 cap=1021
DBG_DWM_CH5_RX_HUNT_EMPTY ret=-116 status=0x00000000 acq=3
DBG_ANCHOR_CH5_SCAN_DONE ret=-116 len=0 fail=1 pre=0 q=0 rx_us=3326 complete=15
DBG_ANCHOR_CH5_SCAN_RESCHED ret=1 delay=380
DBG_WAKE_TRAIN_GUARD_OK
DBG_WAKE_TRAIN_CONFIG_BEGIN
DBG_WAKE_TRAIN_CONFIG_OK
DBG_WAKE_TRAIN_FIRST_SEND_BEGIN
DBG_WAKE_TRAIN_FIRST_SEND_OK
DBG_UWB_TX_CH5
DBG_TX_WAKE_CLAIM_SENT
DBG_UWB_TX_CH5
DBG_TX_WAKE_CLAIM_SENT
DBG_UWB_TX_CH5
DBG_TX_WAKE_CLAIM_SENT
DBG_UWB_TX_CH5
DBG_TX_WAKE_CLAIM_SENT
DBG_DWM_CH5_RX_HUNT_START acq=3 complete=15 cap=125
DBG_DWM_CH5_RX_HUNT_EMPTY ret=-116 status=0x00000000 acq=3
DBG_UWB_TX_CH5
DBG_TX_WAKE_CLAIM_SENT
DBG_UWB_TX_CH5
DBG_TX_WAKE_CLAIM_SENT
DBG_UWB_TX_CH5
DBG_TX_WAKE_CLAIM_SENT
DBG_DWM_CH5_RX_HUNT_START acq=3 complete=15 cap=125
DBG_DWM_CH5_RX_HUNT_EMPTY ret=-116 status=0x00000000 acq=3
DBG_UWB_TX_CH5
DBG_TX_WAKE_CLAIM_SENT
DBG_UWB_TX_CH5
DBG_TX_WAKE_CLAIM_SENT
DBG_UWB_TX_CH5
DBG_TX_WAKE_CLAIM_SENT
DBG_DWM_CH5_RX_HUNT_START acq=3 complete=15 cap=125
DBG_DWM_CH5_RX_HUNT_EMPTY ret=-116 status=0x00000000 acq=3
DBG_UWB_TX_CH5
DBG_TX_WAKE_CLAIM_SENT
DBG_UWB_TX_CH5
DBG_TX_WAKE_CLAIM_SENT
DBG_UWB_TX_CH5
DBG_TX_WAKE_CLAIM_SENT
DBG_DWM_CH5_RX_HUNT_START acq=3 complete=15 cap=125
DBG_DWM_CH5_RX_HUNT_EMPTY ret=-116 status=0x00000000 acq=3
DBG_UWB_TX_CH5
DBG_TX_WAKE_CLAIM_SENT
DBG_UWB_TX_CH5
DBG_TX_WAKE_CLAIM_SENT
DBG_UWB_TX_CH5
DBG_TX_WAKE_CLAIM_SENT
DBG_DWM_CH5_RX_HUNT_START acq=3 complete=15 cap=125
DBG_DWM_CH5_RX_HUNT_EMPTY ret=-116 status=0x00000000 acq=3
DBG_UWB_TX_CH5
DBG_TX_WAKE_CLAIM_SENT
DBG_UWB_TX_CH5
DBG_TX_WAKE_CLAIM_SENT
DBG_UWB_TX_CH5
DBG_TX_WAKE_CLAIM_SENT
DBG_DWM_CH5_RX_HUNT_START acq=3 complete=15 cap=125
DBG_DWM_CH5_RX_HUNT_EMPTY ret=-116 status=0x00000000 acq=3
DBG_UWB_TX_CH5
DBG_TX_WAKE_CLAIM_SENT
DBG_UWB_TX_CH5
DBG_TX_WAKE_CLAIM_SENT
DBG_UWB_TX_CH5
DBG_TX_WAKE_CLAIM_SENT
DBG_DWM_CH5_RX_HUNT_START acq=3 complete=15 cap=125
DBG_DWM_CH5_RX_HUNT_EMPTY ret=-116 status=0x00000000 acq=3
DBG_UWB_TX_CH5
DBG_TX_WAKE_CLAIM_SENT
DBG_UWB_TX_CH5
DBG_TX_WAKE_CLAIM_SENT
DBG_UWB_TX_CH5
DBG_TX_WAKE_CLAIM_SENT
DBG_DWM_CH5_RX_HUNT_START acq=3 complete=15 cap=125
DBG_DWM_CH5_RX_HUNT_EMPTY ret=-116 status=0x00000000 acq=3
DBG_UWB_TX_CH5
DBG_TX_WAKE_CLAIM_SENT
DBG_UWB_TX_CH5
DBG_TX_WAKE_CLAIM_SENT
DBG_UWB_TX_CH5
DBG_TX_WAKE_CLAIM_SENT
DBG_DWM_CH5_RX_HUNT_START acq=3 complete=15 cap=125
DBG_DWM_CH5_RX_HUNT_EMPTY ret=-116 status=0x00000000 acq=3
DBG_UWB_TX_CH5
DBG_TX_WAKE_CLAIM_SENT
DBG_UWB_TX_CH5
DBG_TX_WAKE_CLAIM_SENT
DBG_UWB_TX_CH5
DBG_TX_WAKE_CLAIM_SENT
DBG_DWM_CH5_RX_HUNT_START acq=3 complete=15 cap=125
DBG_DWM_CH5_RX_HUNT_EMPTY ret=-116 status=0x00000000 acq=3
DBG_UWB_TX_CH5
DBG_TX_WAKE_CLAIM_SENT
DBG_UWB_TX_CH5
DBG_TX_WAKE_CLAIM_SENT
DBG_UWB_TX_CH5
DBG_TX_WAKE_CLAIM_SENT
DBG_DWM_CH5_RX_HUNT_START acq=3 complete=15 cap=125
DBG_DWM_CH5_RX_HUNT_EMPTY ret=-116 status=0x00000000 acq=3
DBG_UWB_TX_CH5
DBG_TX_WAKE_CLAIM_SENT
DBG_UWB_TX_CH5
DBG_TX_WAKE_CLAIM_SENT
DBG_UWB_TX_CH5
DBG_TX_WAKE_CLAIM_SENT
DBG_DWM_CH5_RX_HUNT_START acq=3 complete=15 cap=125
DBG_DWM_CH5_RX_HUNT_EMPTY ret=-116 status=0x00000000 acq=3
DBG_UWB_TX_CH5
DBG_TX_WAKE_CLAIM_SENT
DBG_UWB_TX_CH5
DBG_TX_WAKE_CLAIM_SENT
DBG_UWB_TX_CH5
DBG_TX_WAKE_CLAIM_SENT
DBG_DWM_CH5_RX_HUNT_START acq=3 complete=15 cap=125
DBG_DWM_CH5_RX_HUNT_EMPTY ret=-116 status=0x00000000 acq=3
DBG_ANCHOR_CH5_SCAN_HANDLER role=2
DBG_ANCHOR_CH5_SCAN_BLOCKED win=0 survey=0 tx=0 retry_gap=0 wait=0 rx=0 rxq=0 rxr=0 ack=0 ch9=0 rf=1 retry=20 interval=380
DBG_ANCHOR_CH5_SCAN_RESCHED ret=1 delay=20
DBG_UWB_TX_CH5
DBG_TX_WAKE_CLAIM_SENT
DBG_UWB_TX_CH5
DBG_TX_WAKE_CLAIM_SENT
DBG_UWB_TX_CH5
DBG_TX_WAKE_CLAIM_SENT
DBG_DWM_CH5_RX_HUNT_START acq=3 complete=15 cap=125
DBG_ANCHOR_CH5_SCAN_HANDLER role=2
DBG_DWM_CH5_RX_HUNT_EMPTY ret=-116 status=0x00000000 acq=3
DBG_ANCHOR_CH5_SCAN_BLOCKED win=0 survey=0 tx=0 retry_gap=0 wait=0 rx=0 rxq=0 rxr=0 ack=0 ch9=0 rf=1 retry=20 interval=380
DBG_ANCHOR_CH5_SCAN_RESCHED ret=1 delay=20
DBG_UWB_TX_CH5
DBG_TX_WAKE_CLAIM_SENT
DBG_UWB_TX_CH5
DBG_TX_WAKE_CLAIM_SENT
DBG_UWB_TX_CH5
DBG_TX_WAKE_CLAIM_SENT
DBG_DWM_CH5_RX_HUNT_START acq=3 complete=15 cap=125
DBG_ANCHOR_CH5_SCAN_HANDLER role=2
DBG_DWM_CH5_RX_HUNT_EMPTY ret=-116 status=0x00000000 acq=3
DBG_ANCHOR_CH5_SCAN_BLOCKED win=0 survey=0 tx=0 retry_gap=0 wait=0 rx=0 rxq=0 rxr=0 ack=0 ch9=0 rf=1 retry=20 interval=380
DBG_ANCHOR_CH5_SCAN_RESCHED ret=1 delay=20
DBG_UWB_TX_CH5
DBG_TX_WAKE_CLAIM_SENT
DBG_UWB_TX_CH5
DBG_TX_WAKE_CLAIM_SENT
DBG_UWB_TX_CH5
DBG_TX_WAKE_CLAIM_SENT
DBG_DWM_CH5_RX_HUNT_START acq=3 complete=15 cap=125
DBG_ANCHOR_CH5_SCAN_HANDLER role=2
DBG_DWM_CH5_RX_HUNT_EMPTY ret=-116 status=0x00000000 acq=3
DBG_ANCHOR_CH5_SCAN_BLOCKED win=0 survey=0 tx=0 retry_gap=0 wait=0 rx=0 rxq=0 rxr=0 ack=0 ch9=0 rf=1 retry=20 interval=380
DBG_ANCHOR_CH5_SCAN_RESCHED ret=1 delay=20
DBG_UWB_TX_CH5
DBG_TX_WAKE_CLAIM_SENT
DBG_UWB_TX_CH5
DBG_TX_WAKE_CLAIM_SENT
DBG_UWB_TX_CH5
DBG_TX_WAKE_CLAIM_SENT
DBG_DWM_CH5_RX_HUNT_START acq=3 complete=15 cap=125
DBG_ANCHOR_CH5_SCAN_HANDLER role=2
DBG_DWM_CH5_RX_HUNT_EMPTY ret=-116 status=0x00000000 acq=3
DBG_ANCHOR_CH5_SCAN_BLOCKED win=0 survey=0 tx=0 retry_gap=0 wait=0 rx=0 rxq=0 rxr=0 ack=0 ch9=0 rf=1 retry=20 interval=380
DBG_ANCHOR_CH5_SCAN_RESCHED ret=1 delay=20
DBG_UWB_TX_CH5
DBG_TX_WAKE_CLAIM_SENT
DBG_ANCHOR_CH5_SCAN_HANDLER role=2
DBG_ANCHOR_CH5_SCAN_BLOCKED win=0 survey=0 tx=0 retry_gap=0 wait=0 rx=0 rxq=0 rxr=0 ack=0 ch9=0 rf=1 retry=20 interval=380
DBG_ANCHOR_CH5_SCAN_RESCHED ret=1 delay=20
DBG_C5_CONTROL_FOLLOWUP_TURNAROUND delay=60 msg=40 reason=broadcast-forward
DBG_ANCHOR_CH5_SCAN_HANDLER role=2
DBG_DWM_CH5_RX_HUNT_START acq=3 complete=15 cap=1021
DBG_DWM_CH5_RX_HUNT_EMPTY ret=-116 status=0x00000000 acq=3
DBG_ANCHOR_CH5_SCAN_RESCHED ret=1 delay=380
DBG_DWM_WAKE_MESH_CTRL_OK sfd=4073
DBG_C5_TX_CONFIG ret=0 ext=1 len=193 msg=40 reason=bounded-c5-flood
DBG_UWB_TX_CH5
DBG_DWM_WAKE_MESH_CTRL_OK sfd=4073
DBG_DWM_WAKE_MESH_CTRL_OK sfd=4073
DBG_C5_TX_CONFIG ret=0 ext=1 len=193 msg=40 reason=bounded-c5-flood
DBG_UWB_TX_CH5
DBG_DWM_WAKE_MESH_CTRL_OK sfd=4073
DBG_C5_FLOOD_DELAY_RX_CONTINUE ret=-5 fail=4 rem=40
DBG_DWM_WAKE_MESH_CTRL_OK sfd=4073
DBG_C5_FLOOD_DELAY_RX_CONTINUE ret=-5 fail=4 rem=10
DBG_WAKE_TRAIN_GUARD_OK
DBG_MESH_WAKE_POLITE_ACTIVITY phase=pre target=0x0 retry=0 ret=0 fail=3 reason=broadcast-forward
DBG_MESH_WAKE_POLITE_BACKOFF phase=pre target=0x0 retry=1/3 delay=274 reason=broadcast-forward
DBG_ANCHOR_CH5_SCAN_HANDLER role=2
DBG_DWM_CH5_RX_HUNT_START acq=3 complete=15 cap=1021
DBG_DWM_CH5_RX_ACTIVITY_EXTEND ret=0 status=0x00000100 complete=15
DBG_DWM_CH5_RX_ACTIVITY_WAIT status=0x00000100 remain=14
DBG_DWM_CH5_RX_ACTIVITY_DONE raw=51 payload=49 status=0x00006f00 rearm=0 extended=1
DBG_ANCHOR_CH5_SCAN_DONE ret=0 len=49 fail=0 pre=1 q=100 rx_us=3631 complete=15
DBG_UWB_RX_CH5
DBG_ANCHOR_CH5_FRAME len=49 q=100 wake_ret=0
DBG_ANCHOR_ROUTE_WAKE_DISPATCH src=0x56da25fe4af6d141 evt=263927 attempt=1 flags=0x93 len=49 q=100
DBG_C5_CONTACT phase=open state=2 peer=0x56da25fe4af6d141 purpose=route_solicit reason=wake-claim
DBG_C5_CONTACT phase=accepted state=2 peer=0x56da25fe4af6d141 purpose=route_solicit reason=wake-claim
DBG_ANCHOR_ROUTE_WAKE_HANDOFF src=0x56da25fe4af6d141 evt=263927 attempt=1 flags=0x93 embedded=0 listen=2000
DBG_C5_CONTACT phase=closing state=4 peer=0x56da25fe4af6d141 purpose=route_solicit reason=replace
DBG_ROUTE_REPLY_LISTEN_START
DBG_DWM_WAKE_MESH_CTRL_OK sfd=4073
DBG_ROUTE_REPLY_LISTEN_CONFIG ret=0 ext=1
DBG_C5_CONTROL_LISTENER_HOLD_EXTENDED
DBG_C5_RX_FAIL status=0x00001300 finfo=0x00000000 fail=4 phy=4 ch=5 plen=3 pac=2 txc=9 rxc=9 sfd=2 rate=0 phr=1 phrr=0 sfdto=4
DBG_C5_CONTROL_LISTENER_HOLD_EXTENDED
DBG_C5_CONTROL_LISTENER_HOLD_EXTENDED
DBG_C5_CONTROL_LISTENER_HOLD_EXTENDED
DBG_C5_CONTROL_LISTENER_HOLD_EXTENDED
DBG_C5_CONTROL_LISTENER_HOLD_EXTENDED
DBG_C5_CONTROL_LISTENER_HOLD_EXTENDED
DBG_C5_CONTROL_LISTENER_HOLD_EXTENDED
DBG_C5_CONTROL_LISTENER_HOLD_EXTENDED
DBG_C5_CONTROL_LISTENER_HOLD_EXTENDED
DBG_C5_CONTROL_LISTENER_HOLD_EXTENDED
DBG_C5_CONTROL_LISTENER_HOLD_EXTENDED
DBG_C5_CONTROL_LISTENER_HOLD_EXTENDED
DBG_C5_CONTROL_LISTENER_HOLD_EXTENDED
DBG_C5_CONTROL_LISTENER_HOLD_EXTENDED
DBG_C5_CONTROL_LISTENER_HOLD_EXTENDED
DBG_C5_CONTROL_LISTENER_HOLD_EXTENDED
DBG_C5_CONTROL_LISTENER_HOLD_EXTENDED
DBG_C5_CONTROL_LISTENER_HOLD_EXTENDED
DBG_WAKE_TRAIN_GUARD_FAIL
DBG_C5_CONTACT phase=closing state=4 peer=0x56da25fe4af6d141 purpose=gateway_command_flood reason=wake-train-guard-fail
DBG_DISCOVERY_SLOT_RESPONSE_SCHEDULED phase=3 epoch=17301512 delay=4908 slot=2 lane=2/3 hop=1 hash=0x75e11c1882b9b9a6
DBG_DISCOVERY_SLOT_ASSIGNED state=ACK_PENDING epoch=17301512 slot=2 slot_count=50 lane=2/3 anchors=3 hash=0x75e11c1882b9b9a6
DBG_MESH_RX_DRAIN_EXIT owner=work handled=1 q=0
DBG_MESH_RX_WORK_EXIT handled=1 q=0
DBG_ANCHOR_MESH_RX_YIELD reason=anchor-low-duty-ch5-owner ch9=0 delay=0 scan_int=380 scan_win=3 wait=0 q=0
DBG_C5_CONTROL_LISTENER_HOLD_EXTENDED
DBG_C5_CONTROL_LISTENER_HOLD_EXTENDED
DBG_C5_CONTROL_LISTENER_HOLD_EXTENDED
DBG_WAKE_TRAIN_GUARD_FAIL
DBG_ROUTE_REPLY_RX_FRAME
DBG_C5_CONTROL_ROUTE_HINT_RETAIN msg=0x40 session=17301519 seq=2 prev=0x56da25fe4af6d141 epoch=1
DBG_C5_CONTROL_ROUTE_READY msg=0x40 prev=0x56da25fe4af6d141 ttl=7 origin_ttl=8 relay=0 ret=0
DBG_C5_CONTROL_ROUTE_STATE epoch=1 sel=0 next=0x9999888877776666 hop=0 timing=0
DBG_UWB_RX_CH5
DBG_MESH_RX_QUEUED ch=5 msg=0x40 src=0x9999888877776666 dst=0x0 prev=0x56da25fe4af6d141 seq=2 q=1
DBG_MESH_RX_DEFERRED q=1 msg=0x40
DBG_COORD state=mesh-rx owner=uwb-rx reason=mesh-rx rx=1 tx=0 relay=0 route=0 ack=0 qack=0
DBG_MESH_RX_WORK_WAIT q=1
DBG_MESH_RX_WORK_ENTER q=1
DBG_MESH_RX_DRAIN_ENTER owner=work q=1
DBG_MESH_RX_DRAIN_EXIT owner=work handled=1 q=0
DBG_MESH_RX_WORK_EXIT handled=1 q=0
DBG_COORD state=idle owner=report-tx reason=idle rx=0 tx=0 relay=0 route=0 ack=0 qack=0
DBG_ROUTE_REPLY_LISTEN_DONE captured=1 ret=-11
DBG_ANCHOR_ROUTE_WAKE_HANDOFF_DONE src=0x56da25fe4af6d141 embedded=0 ret=-11 pending=0
DBG_ANCHOR_ROUTE_WAKE_DISPATCH_DONE handled=1 len=49 q=100
DBG_ANCHOR_CH5_SCAN_RESCHED ret=1 delay=380
DBG_ANCHOR_CH5_SCAN_HANDLER role=2
DBG_ANCHOR_CH5_SCAN_ARM now=184729 win=3 complete=15 interval=380 wait=0 tx=0
DBG_DWM_CH5_RX_HUNT_START acq=3 complete=15 cap=1021
DBG_DWM_CH5_RX_HUNT_EMPTY ret=-116 status=0x00000000 acq=3
DBG_ANCHOR_CH5_SCAN_DONE ret=-116 len=0 fail=1 pre=0 q=0 rx_us=3967 complete=15
DBG_ANCHOR_CH5_SCAN_RESCHED ret=1 delay=380
DBG_WAKE_TRAIN_GUARD_OK
DBG_MESH_WAKE_POLITE_ACTIVITY phase=pre target=0x0 retry=0 ret=0 fail=3 reason=broadcast-forward
DBG_MESH_WAKE_POLITE_BACKOFF phase=pre target=0x0 retry=1/3 delay=374 reason=broadcast-forward
DBG_ANCHOR_CH5_SCAN_HANDLER role=2
DBG_DWM_CH5_RX_HUNT_START acq=3 complete=15 cap=1021
DBG_DWM_CH5_RX_ACTIVITY_EXTEND ret=0 status=0x00000100 complete=15
DBG_DWM_CH5_RX_ACTIVITY_WAIT status=0x00000100 remain=14
DBG_DWM_CH5_RX_ACTIVITY_DONE raw=51 payload=49 status=0x00006f00 rearm=0 extended=1
DBG_ANCHOR_CH5_SCAN_DONE ret=0 len=49 fail=0 pre=1 q=100 rx_us=7446 complete=15
DBG_UWB_RX_CH5
DBG_ANCHOR_CH5_FRAME len=49 q=100 wake_ret=0
DBG_ANCHOR_ROUTE_WAKE_DISPATCH src=0x56da25fe4af6d141 evt=264727 attempt=1 flags=0x93 len=49 q=100
DBG_C5_CONTACT phase=open state=2 peer=0x56da25fe4af6d141 purpose=route_solicit reason=wake-claim
DBG_C5_CONTACT phase=accepted state=2 peer=0x56da25fe4af6d141 purpose=route_solicit reason=wake-claim
DBG_ANCHOR_ROUTE_WAKE_HANDOFF src=0x56da25fe4af6d141 evt=264727 attempt=1 flags=0x93 embedded=0 listen=2000
DBG_C5_CONTACT phase=closing state=4 peer=0x56da25fe4af6d141 purpose=route_solicit reason=replace
DBG_C5_CONTACT phase=open state=2 peer=0x56da25fe4af6d141 purpose=gateway_command_flood reason=gateway-command-wake-followup
DBG_C5_CONTACT phase=accepted state=2 peer=0x56da25fe4af6d141 purpose=gateway_command_flood reason=gateway-command-wake-follow
DBG_ROUTE_REPLY_LISTEN_START
DBG_DWM_WAKE_MESH_CTRL_OK sfd=4073
DBG_ROUTE_REPLY_LISTEN_CONFIG ret=0 ext=1
DBG_C5_CONTROL_LISTENER_HOLD_EXTENDED
DBG_C5_RX_FAIL status=0x00001300 finfo=0x00000000 fail=4 phy=4 ch=5 plen=3 pac=2 txc=9 rxc=9 sfd=2 rate=0 phr=1 phrr=0 sfdto=4
DBG_C5_CONTROL_LISTENER_HOLD_EXTENDED
DBG_C5_CONTROL_LISTENER_HOLD_EXTENDED
DBG_C5_CONTROL_LISTENER_HOLD_EXTENDED
DBG_C5_CONTROL_LISTENER_HOLD_EXTENDED
DBG_C5_CONTROL_LISTENER_HOLD_EXTENDED
DBG_C5_CONTROL_LISTENER_HOLD_EXTENDED
DBG_C5_CONTROL_LISTENER_HOLD_EXTENDED
DBG_C5_CONTROL_LISTENER_HOLD_EXTENDED
DBG_C5_CONTROL_LISTENER_HOLD_EXTENDED
DBG_C5_CONTROL_LISTENER_HOLD_EXTENDED
DBG_WAKE_TRAIN_GUARD_FAIL
DBG_C5_CONTACT phase=closing state=4 peer=0x56da25fe4af6d141 purpose=gateway_command_flood reason=wake-train-guard-fail
DBG_ANCHOR_MESH_RX_YIELD reason=anchor-low-duty-ch5-owner ch9=0 delay=0 scan_int=380 scan_win=3 wait=0 q=0
DBG_C5_CONTROL_LISTENER_HOLD_EXTENDED
DBG_C5_CONTROL_LISTENER_HOLD_EXTENDED
DBG_C5_CONTROL_LISTENER_HOLD_EXTENDED
DBG_ROUTE_REPLY_RX_FRAME
DBG_C5_CONTROL_ROUTE_HINT_RETAIN msg=0x40 session=17301519 seq=2 prev=0x56da25fe4af6d141 epoch=1
DBG_C5_CONTROL_ROUTE_READY msg=0x40 prev=0x56da25fe4af6d141 ttl=7 origin_ttl=8 relay=0 ret=0
DBG_C5_CONTROL_ROUTE_STATE epoch=1 sel=0 next=0x9999888877776666 hop=0 timing=0
DBG_UWB_RX_CH5
DBG_MESH_RX_QUEUED ch=5 msg=0x40 src=0x9999888877776666 dst=0x0 prev=0x56da25fe4af6d141 seq=2 q=1
DBG_MESH_RX_DEFERRED q=1 msg=0x40
DBG_COORD state=mesh-rx owner=uwb-rx reason=mesh-rx rx=1 tx=0 relay=0 route=0 ack=0 qack=0
DBG_MESH_RX_WORK_WAIT q=1
DBG_MESH_RX_WORK_ENTER q=1
DBG_MESH_RX_DRAIN_ENTER owner=work q=1
DBG_MESH_RX_DRAIN_EXIT owner=work handled=1 q=0
DBG_MESH_RX_WORK_EXIT handled=1 q=0
DBG_COORD state=idle owner=report-tx reason=idle rx=0 tx=0 relay=0 route=0 ack=0 qack=0
DBG_ROUTE_REPLY_LISTEN_DONE captured=1 ret=-11
DBG_ANCHOR_ROUTE_WAKE_HANDOFF_DONE src=0x56da25fe4af6d141 embedded=0 ret=-11 pending=0
DBG_ANCHOR_ROUTE_WAKE_DISPATCH_DONE handled=1 len=49 q=100
DBG_ANCHOR_CH5_SCAN_RESCHED ret=1 delay=380
DBG_ANCHOR_CH5_SCAN_HANDLER role=2
DBG_ANCHOR_CH5_SCAN_ARM now=185828 win=3 complete=15 interval=380 wait=0 tx=0
DBG_DWM_CH5_RX_HUNT_START acq=3 complete=15 cap=1021
DBG_DWM_CH5_RX_ACTIVITY_EXTEND ret=0 status=0x00000100 complete=15
DBG_DWM_CH5_RX_ACTIVITY_WAIT status=0x00000100 remain=15
DBG_DWM_CH5_RX_ACTIVITY_DONE raw=51 payload=49 status=0x00006f00 rearm=0 extended=1
DBG_ANCHOR_CH5_SCAN_DONE ret=0 len=49 fail=0 pre=1 q=100 rx_us=5279 complete=15
DBG_UWB_RX_CH5
DBG_ANCHOR_CH5_FRAME len=49 q=100 wake_ret=0
DBG_ANCHOR_ROUTE_WAKE_DISPATCH src=0x56da25fe4af6d141 evt=265973 attempt=1 flags=0x93 len=49 q=100
DBG_C5_CONTACT phase=open state=2 peer=0x56da25fe4af6d141 purpose=route_solicit reason=wake-claim
DBG_C5_CONTACT phase=accepted state=2 peer=0x56da25fe4af6d141 purpose=route_solicit reason=wake-claim
DBG_ANCHOR_ROUTE_WAKE_HANDOFF src=0x56da25fe4af6d141 evt=265973 attempt=1 flags=0x93 embedded=0 listen=2000
DBG_C5_CONTACT phase=closing state=4 peer=0x56da25fe4af6d141 purpose=route_solicit reason=replace
DBG_C5_CONTACT phase=open state=2 peer=0x56da25fe4af6d141 purpose=gateway_command_flood reason=gateway-command-wake-followup
DBG_C5_CONTACT phase=accepted state=2 peer=0x56da25fe4af6d141 purpose=gateway_command_flood reason=gateway-command-wake-follow
DBG_ROUTE_REPLY_LISTEN_START
DBG_DWM_WAKE_MESH_CTRL_OK sfd=4073
DBG_ROUTE_REPLY_LISTEN_CONFIG ret=0 ext=1
DBG_C5_CONTROL_LISTENER_HOLD_EXTENDED
DBG_C5_RX_FAIL status=0x00001700 finfo=0x00000000 fail=4 phy=4 ch=5 plen=3 pac=2 txc=9 rxc=9 sfd=2 rate=0 phr=1 phrr=0 sfdto=4
DBG_C5_CONTROL_LISTENER_HOLD_EXTENDED
DBG_C5_CONTROL_LISTENER_HOLD_EXTENDED
DBG_C5_CONTROL_LISTENER_HOLD_EXTENDED
DBG_C5_CONTROL_LISTENER_HOLD_EXTENDED
DBG_C5_CONTROL_LISTENER_HOLD_EXTENDED
DBG_C5_CONTROL_LISTENER_HOLD_EXTENDED
DBG_C5_CONTROL_LISTENER_HOLD_EXTENDED
DBG_C5_CONTROL_LISTENER_HOLD_EXTENDED
DBG_C5_CONTROL_LISTENER_HOLD_EXTENDED
DBG_C5_CONTROL_LISTENER_HOLD_EXTENDED
DBG_C5_CONTROL_LISTENER_HOLD_EXTENDED
DBG_C5_CONTROL_LISTENER_HOLD_EXTENDED
DBG_C5_CONTROL_LISTENER_HOLD_EXTENDED
DBG_C5_CONTROL_LISTENER_HOLD_EXTENDED
DBG_C5_CONTROL_LISTENER_HOLD_EXTENDED
DBG_C5_CONTROL_LISTENER_HOLD_EXTENDED
DBG_C5_CONTROL_LISTENER_HOLD_EXTENDED
DBG_C5_CONTROL_LISTENER_HOLD_EXTENDED
DBG_C5_CONTROL_LISTENER_HOLD_EXTENDED
DBG_C5_CONTROL_LISTENER_HOLD_EXTENDED
DBG_C5_CONTROL_LISTENER_HOLD_EXTENDED
DBG_C5_CONTROL_LISTENER_HOLD_EXTENDED
DBG_C5_CONTROL_LISTENER_HOLD_EXTENDED
DBG_C5_CONTROL_LISTENER_HOLD_EXTENDED
DBG_C5_CONTROL_LISTENER_HOLD_EXTENDED
DBG_C5_CONTROL_LISTENER_HOLD_EXTENDED
DBG_C5_CONTROL_LISTENER_HOLD_EXTENDED
DBG_C5_CONTROL_LISTENER_HOLD_EXTENDED
DBG_C5_CONTROL_LISTENER_HOLD_EXTENDED
DBG_C5_CONTROL_LISTENER_HOLD_EXTENDED
DBG_C5_CONTROL_LISTENER_HOLD_EXTENDED
DBG_C5_CONTROL_LISTENER_HOLD_EXTENDED
DBG_C5_CONTROL_LISTENER_HOLD_EXTENDED
DBG_C5_CONTROL_LISTENER_HOLD_EXTENDED
DBG_C5_CONTROL_LISTENER_HOLD_EXTENDED
DBG_C5_CONTROL_LISTENER_HOLD_EXTENDED
DBG_C5_CONTROL_LISTENER_HOLD_EXTENDED
DBG_C5_CONTROL_LISTENER_HOLD_EXTENDED
DBG_C5_CONTROL_LISTENER_HOLD_EXTENDED
DBG_C5_CONTROL_LISTENER_HOLD_EXTENDED
DBG_C5_CONTROL_LISTENER_HOLD_EXTENDED
DBG_C5_CONTROL_LISTENER_HOLD_EXTENDED
DBG_C5_CONTROL_LISTENER_HOLD_EXTENDED
DBG_C5_CONTROL_LISTENER_HOLD_EXTENDED
DBG_C5_CONTROL_LISTENER_HOLD_EXTENDED
DBG_WAKE_TRAIN_GUARD_FAIL
DBG_C5_CONTACT phase=closing state=4 peer=0x56da25fe4af6d141 purpose=gateway_command_flood reason=wake-train-guard-fail
DBG_ANCHOR_MESH_RX_YIELD reason=anchor-low-duty-ch5-owner ch9=0 delay=0 scan_int=380 scan_win=3 wait=0 q=0
DBG_ROUTE_REPLY_RX_FRAME
DBG_C5_CONTROL_ROUTE_HINT_RETAIN msg=0x40 session=17301519 seq=2 prev=0x56da25fe4af6d141 epoch=1
DBG_C5_CONTROL_ROUTE_READY msg=0x40 prev=0x56da25fe4af6d141 ttl=7 origin_ttl=8 relay=0 ret=0
DBG_C5_CONTROL_ROUTE_STATE epoch=1 sel=0 next=0x9999888877776666 hop=0 timing=0
DBG_UWB_RX_CH5
DBG_MESH_RX_QUEUED ch=5 msg=0x40 src=0x9999888877776666 dst=0x0 prev=0x56da25fe4af6d141 seq=2 q=1
DBG_MESH_RX_DEFERRED q=1 msg=0x40
DBG_COORD state=mesh-rx owner=uwb-rx reason=mesh-rx rx=1 tx=0 relay=0 route=0 ack=0 qack=0
DBG_MESH_RX_WORK_WAIT q=1
DBG_MESH_RX_WORK_ENTER q=1
DBG_MESH_RX_DRAIN_ENTER owner=work q=1
DBG_MESH_RX_DRAIN_EXIT owner=work handled=1 q=0
DBG_MESH_RX_WORK_EXIT handled=1 q=0
DBG_COORD state=idle owner=report-tx reason=idle rx=0 tx=0 relay=0 route=0 ack=0 qack=0
DBG_ROUTE_REPLY_LISTEN_DONE captured=1 ret=-11
DBG_ANCHOR_ROUTE_WAKE_HANDOFF_DONE src=0x56da25fe4af6d141 embedded=0 ret=-11 pending=0
DBG_ANCHOR_ROUTE_WAKE_DISPATCH_DONE handled=1 len=49 q=100
DBG_ANCHOR_CH5_SCAN_RESCHED ret=1 delay=380
DBG_ANCHOR_CH5_SCAN_HANDLER role=2
DBG_ANCHOR_CH5_SCAN_ARM now=186883 win=3 complete=15 interval=380 wait=0 tx=0
DBG_DWM_CH5_RX_HUNT_START acq=3 complete=15 cap=1021
DBG_DWM_CH5_RX_HUNT_EMPTY ret=-116 status=0x00000000 acq=3
DBG_ANCHOR_CH5_SCAN_DONE ret=-116 len=0 fail=1 pre=0 q=0 rx_us=3601 complete=15
DBG_ANCHOR_CH5_SCAN_RESCHED ret=1 delay=380
DBG_ANCHOR_CH5_SCAN_HANDLER role=2
DBG_DWM_CH5_RX_HUNT_START acq=3 complete=15 cap=1021
DBG_DWM_CH5_RX_HUNT_EMPTY ret=-116 status=0x00000000 acq=3
DBG_ANCHOR_CH5_SCAN_RESCHED ret=1 delay=380
DBG_ANCHOR_CH5_SCAN_HANDLER role=2
DBG_DWM_CH5_RX_HUNT_START acq=3 complete=15 cap=1021
DBG_DWM_CH5_RX_HUNT_EMPTY ret=-116 status=0x00000000 acq=3
DBG_ANCHOR_CH5_SCAN_RESCHED ret=1 delay=380
DBG_WAKE_TRAIN_GUARD_OK
DBG_WAKE_TRAIN_CONFIG_BEGIN
DBG_WAKE_TRAIN_CONFIG_OK
DBG_WAKE_TRAIN_FIRST_SEND_BEGIN
DBG_WAKE_TRAIN_FIRST_SEND_OK
DBG_UWB_TX_CH5
DBG_TX_WAKE_CLAIM_SENT
DBG_UWB_TX_CH5
DBG_TX_WAKE_CLAIM_SENT
DBG_UWB_TX_CH5
DBG_TX_WAKE_CLAIM_SENT
DBG_DWM_CH5_RX_HUNT_START acq=3 complete=15 cap=125
DBG_DWM_CH5_RX_HUNT_EMPTY ret=-116 status=0x00000000 acq=3
DBG_UWB_TX_CH5
DBG_TX_WAKE_CLAIM_SENT
DBG_UWB_TX_CH5
DBG_TX_WAKE_CLAIM_SENT
DBG_UWB_TX_CH5
DBG_TX_WAKE_CLAIM_SENT
DBG_DWM_CH5_RX_HUNT_START acq=3 complete=15 cap=125
DBG_DWM_CH5_RX_HUNT_EMPTY ret=-116 status=0x00000000 acq=3
DBG_UWB_TX_CH5
DBG_TX_WAKE_CLAIM_SENT
DBG_UWB_TX_CH5
DBG_TX_WAKE_CLAIM_SENT
DBG_UWB_TX_CH5
DBG_TX_WAKE_CLAIM_SENT
DBG_DWM_CH5_RX_HUNT_START acq=3 complete=15 cap=125
DBG_DWM_CH5_RX_HUNT_EMPTY ret=-116 status=0x00000000 acq=3
DBG_UWB_TX_CH5
DBG_TX_WAKE_CLAIM_SENT
DBG_UWB_TX_CH5
DBG_TX_WAKE_CLAIM_SENT
DBG_UWB_TX_CH5
DBG_TX_WAKE_CLAIM_SENT
DBG_DWM_CH5_RX_HUNT_START acq=3 complete=15 cap=125
DBG_DWM_CH5_RX_HUNT_EMPTY ret=-116 status=0x00000000 acq=3
DBG_UWB_TX_CH5
DBG_TX_WAKE_CLAIM_SENT
DBG_UWB_TX_CH5
DBG_TX_WAKE_CLAIM_SENT
DBG_UWB_TX_CH5
DBG_TX_WAKE_CLAIM_SENT
DBG_DWM_CH5_RX_HUNT_START acq=3 complete=15 cap=125
DBG_DWM_CH5_RX_HUNT_EMPTY ret=-116 status=0x00000000 acq=3
DBG_UWB_TX_CH5
DBG_TX_WAKE_CLAIM_SENT
DBG_UWB_TX_CH5
DBG_TX_WAKE_CLAIM_SENT
DBG_UWB_TX_CH5
DBG_TX_WAKE_CLAIM_SENT
DBG_ANCHOR_CH5_SCAN_HANDLER role=2
DBG_DWM_CH5_RX_HUNT_START acq=3 complete=15 cap=125
DBG_DWM_CH5_RX_HUNT_EMPTY ret=-116 status=0x00000000 acq=3
DBG_ANCHOR_CH5_SCAN_BLOCKED win=0 survey=0 tx=0 retry_gap=0 wait=0 rx=0 rxq=0 rxr=0 ack=0 ch9=0 rf=1 retry=20 interval=380
DBG_ANCHOR_CH5_SCAN_RESCHED ret=1 delay=20
DBG_UWB_TX_CH5
DBG_TX_WAKE_CLAIM_SENT
DBG_UWB_TX_CH5
DBG_TX_WAKE_CLAIM_SENT
DBG_UWB_TX_CH5
DBG_TX_WAKE_CLAIM_SENT
DBG_DWM_CH5_RX_HUNT_START acq=3 complete=15 cap=125
DBG_ANCHOR_CH5_SCAN_HANDLER role=2
DBG_DWM_CH5_RX_HUNT_EMPTY ret=-116 status=0x00000000 acq=3
DBG_ANCHOR_CH5_SCAN_BLOCKED win=0 survey=0 tx=0 retry_gap=0 wait=0 rx=0 rxq=0 rxr=0 ack=0 ch9=0 rf=1 retry=20 interval=380
DBG_ANCHOR_CH5_SCAN_RESCHED ret=1 delay=20
DBG_UWB_TX_CH5
DBG_TX_WAKE_CLAIM_SENT
DBG_UWB_TX_CH5
DBG_TX_WAKE_CLAIM_SENT
DBG_UWB_TX_CH5
DBG_TX_WAKE_CLAIM_SENT
DBG_DWM_CH5_RX_HUNT_START acq=3 complete=15 cap=125
DBG_ANCHOR_CH5_SCAN_HANDLER role=2
DBG_DWM_CH5_RX_HUNT_EMPTY ret=-116 status=0x00000000 acq=3
DBG_ANCHOR_CH5_SCAN_BLOCKED win=0 survey=0 tx=0 retry_gap=0 wait=0 rx=0 rxq=0 rxr=0 ack=0 ch9=0 rf=1 retry=20 interval=380
DBG_ANCHOR_CH5_SCAN_RESCHED ret=1 delay=20
DBG_UWB_TX_CH5
DBG_TX_WAKE_CLAIM_SENT
DBG_UWB_TX_CH5
DBG_TX_WAKE_CLAIM_SENT
DBG_UWB_TX_CH5
DBG_TX_WAKE_CLAIM_SENT
DBG_DWM_CH5_RX_HUNT_START acq=3 complete=15 cap=125
DBG_ANCHOR_CH5_SCAN_HANDLER role=2
DBG_DWM_CH5_RX_HUNT_EMPTY ret=-116 status=0x00000000 acq=3
DBG_ANCHOR_CH5_SCAN_BLOCKED win=0 survey=0 tx=0 retry_gap=0 wait=0 rx=0 rxq=0 rxr=0 ack=0 ch9=0 rf=1 retry=20 interval=380
DBG_ANCHOR_CH5_SCAN_RESCHED ret=1 delay=20
DBG_UWB_TX_CH5
DBG_TX_WAKE_CLAIM_SENT
DBG_UWB_TX_CH5
DBG_TX_WAKE_CLAIM_SENT
DBG_UWB_TX_CH5
DBG_TX_WAKE_CLAIM_SENT
DBG_DWM_CH5_RX_HUNT_START acq=3 complete=15 cap=125
DBG_ANCHOR_CH5_SCAN_HANDLER role=2
DBG_DWM_CH5_RX_HUNT_EMPTY ret=-116 status=0x00000000 acq=3
DBG_ANCHOR_CH5_SCAN_BLOCKED win=0 survey=0 tx=0 retry_gap=0 wait=0 rx=0 rxq=0 rxr=0 ack=0 ch9=0 rf=1 retry=20 interval=380
DBG_ANCHOR_CH5_SCAN_RESCHED ret=1 delay=20
DBG_UWB_TX_CH5
DBG_TX_WAKE_CLAIM_SENT
DBG_UWB_TX_CH5
DBG_TX_WAKE_CLAIM_SENT
DBG_UWB_TX_CH5
DBG_TX_WAKE_CLAIM_SENT
DBG_DWM_CH5_RX_HUNT_START acq=3 complete=15 cap=125
DBG_ANCHOR_CH5_SCAN_HANDLER role=2
DBG_DWM_CH5_RX_HUNT_EMPTY ret=-116 status=0x00000000 acq=3
DBG_ANCHOR_CH5_SCAN_BLOCKED win=0 survey=0 tx=0 retry_gap=0 wait=0 rx=0 rxq=0 rxr=0 ack=0 ch9=0 rf=1 retry=20 interval=380
DBG_ANCHOR_CH5_SCAN_RESCHED ret=1 delay=20
DBG_UWB_TX_CH5
DBG_TX_WAKE_CLAIM_SENT
DBG_UWB_TX_CH5
DBG_TX_WAKE_CLAIM_SENT
DBG_UWB_TX_CH5
DBG_TX_WAKE_CLAIM_SENT
DBG_DWM_CH5_RX_HUNT_START acq=3 complete=15 cap=125
DBG_ANCHOR_CH5_SCAN_HANDLER role=2
DBG_DWM_CH5_RX_HUNT_EMPTY ret=-116 status=0x00000000 acq=3
DBG_ANCHOR_CH5_SCAN_BLOCKED win=0 survey=0 tx=0 retry_gap=0 wait=0 rx=0 rxq=0 rxr=0 ack=0 ch9=0 rf=1 retry=20 interval=380
DBG_ANCHOR_CH5_SCAN_RESCHED ret=1 delay=20
DBG_UWB_TX_CH5
DBG_TX_WAKE_CLAIM_SENT
DBG_UWB_TX_CH5
DBG_TX_WAKE_CLAIM_SENT
DBG_UWB_TX_CH5
DBG_TX_WAKE_CLAIM_SENT
DBG_DWM_CH5_RX_HUNT_START acq=3 complete=15 cap=125
DBG_ANCHOR_CH5_SCAN_HANDLER role=2
DBG_DWM_CH5_RX_HUNT_EMPTY ret=-116 status=0x00000000 acq=3
DBG_ANCHOR_CH5_SCAN_BLOCKED win=0 survey=0 tx=0 retry_gap=0 wait=0 rx=0 rxq=0 rxr=0 ack=0 ch9=0 rf=1 retry=20 interval=380
DBG_ANCHOR_CH5_SCAN_RESCHED ret=1 delay=20
DBG_UWB_TX_CH5
DBG_TX_WAKE_CLAIM_SENT
DBG_UWB_TX_CH5
DBG_TX_WAKE_CLAIM_SENT
DBG_UWB_TX_CH5
DBG_TX_WAKE_CLAIM_SENT
DBG_DWM_CH5_RX_HUNT_START acq=3 complete=15 cap=125
DBG_ANCHOR_CH5_SCAN_HANDLER role=2
DBG_DWM_CH5_RX_HUNT_EMPTY ret=-116 status=0x00000000 acq=3
DBG_ANCHOR_CH5_SCAN_BLOCKED win=0 survey=0 tx=0 retry_gap=0 wait=0 rx=0 rxq=0 rxr=0 ack=0 ch9=0 rf=1 retry=20 interval=380
DBG_ANCHOR_CH5_SCAN_RESCHED ret=1 delay=20
DBG_UWB_TX_CH5
DBG_TX_WAKE_CLAIM_SENT
DBG_UWB_TX_CH5
DBG_TX_WAKE_CLAIM_SENT
DBG_UWB_TX_CH5
DBG_TX_WAKE_CLAIM_SENT
DBG_DWM_CH5_RX_HUNT_START acq=3 complete=15 cap=125
DBG_ANCHOR_CH5_SCAN_HANDLER role=2
DBG_DWM_CH5_RX_HUNT_EMPTY ret=-116 status=0x00000000 acq=3
DBG_ANCHOR_CH5_SCAN_BLOCKED win=0 survey=0 tx=0 retry_gap=0 wait=0 rx=0 rxq=0 rxr=0 ack=0 ch9=0 rf=1 retry=20 interval=380
DBG_ANCHOR_CH5_SCAN_RESCHED ret=1 delay=20
DBG_UWB_TX_CH5
DBG_TX_WAKE_CLAIM_SENT
DBG_UWB_TX_CH5
DBG_TX_WAKE_CLAIM_SENT
DBG_UWB_TX_CH5
DBG_TX_WAKE_CLAIM_SENT
DBG_DWM_CH5_RX_HUNT_START acq=3 complete=15 cap=125
DBG_ANCHOR_CH5_SCAN_HANDLER role=2
DBG_DWM_CH5_RX_HUNT_EMPTY ret=-116 status=0x00000000 acq=3
DBG_ANCHOR_CH5_SCAN_BLOCKED win=0 survey=0 tx=0 retry_gap=0 wait=0 rx=0 rxq=0 rxr=0 ack=0 ch9=0 rf=1 retry=20 interval=380
DBG_ANCHOR_CH5_SCAN_RESCHED ret=1 delay=20
DBG_UWB_TX_CH5
DBG_TX_WAKE_CLAIM_SENT
DBG_UWB_TX_CH5
DBG_TX_WAKE_CLAIM_SENT
DBG_UWB_TX_CH5
DBG_TX_WAKE_CLAIM_SENT
DBG_DWM_CH5_RX_HUNT_START acq=3 complete=15 cap=125
DBG_ANCHOR_CH5_SCAN_HANDLER role=2
DBG_DWM_CH5_RX_HUNT_EMPTY ret=-116 status=0x00000000 acq=3
DBG_ANCHOR_CH5_SCAN_BLOCKED win=0 survey=0 tx=0 retry_gap=0 wait=0 rx=0 rxq=0 rxr=0 ack=0 ch9=0 rf=1 retry=20 interval=380
DBG_ANCHOR_CH5_SCAN_RESCHED ret=1 delay=20
DBG_UWB_TX_CH5
DBG_TX_WAKE_CLAIM_SENT
DBG_UWB_TX_CH5
DBG_TX_WAKE_CLAIM_SENT
DBG_ANCHOR_CH5_SCAN_HANDLER role=2
DBG_ANCHOR_CH5_SCAN_BLOCKED win=0 survey=0 tx=0 retry_gap=0 wait=0 rx=0 rxq=0 rxr=0 ack=0 ch9=0 rf=1 retry=20 interval=380
DBG_ANCHOR_CH5_SCAN_RESCHED ret=1 delay=20
DBG_ANCHOR_CH5_SCAN_HANDLER role=2
DBG_ANCHOR_CH5_SCAN_BLOCKED win=0 survey=0 tx=0 retry_gap=0 wait=0 rx=0 rxq=0 rxr=0 ack=0 ch9=0 rf=1 retry=20 interval=380
DBG_ANCHOR_CH5_SCAN_RESCHED ret=1 delay=20
DBG_C5_CONTROL_FOLLOWUP_TURNAROUND delay=60 msg=40 reason=broadcast-forward
DBG_ANCHOR_CH5_SCAN_HANDLER role=2
DBG_ANCHOR_CH5_SCAN_ARM now=188417 win=3 complete=15 interval=380 wait=0 tx=0
DBG_DWM_CH5_RX_HUNT_START acq=3 complete=15 cap=1021
DBG_DWM_CH5_RX_HUNT_EMPTY ret=-116 status=0x00000000 acq=3
DBG_ANCHOR_CH5_SCAN_DONE ret=-116 len=0 fail=1 pre=0 q=0 rx_us=3631 complete=15
DBG_ANCHOR_CH5_SCAN_RESCHED ret=1 delay=380
DBG_DWM_WAKE_MESH_CTRL_OK sfd=4073
DBG_C5_TX_CONFIG ret=0 ext=1 len=193 msg=40 reason=bounded-c5-flood
DBG_UWB_TX_CH5
DBG_DWM_WAKE_MESH_CTRL_OK sfd=4073
DBG_DWM_WAKE_MESH_CTRL_OK sfd=4073
DBG_C5_TX_CONFIG ret=0 ext=1 len=193 msg=40 reason=bounded-c5-flood
DBG_UWB_TX_CH5
DBG_DWM_WAKE_MESH_CTRL_OK sfd=4073
DBG_DWM_WAKE_MESH_CTRL_OK sfd=4073
DBG_C5_TX_CONFIG ret=0 ext=1 len=193 msg=40 reason=bounded-c5-flood
DBG_UWB_TX_CH5
DBG_DWM_WAKE_MESH_CTRL_OK sfd=4073
DBG_ANCHOR_CH5_SCAN_HANDLER role=2
DBG_ANCHOR_CH5_SCAN_BLOCKED win=0 survey=0 tx=0 retry_gap=0 wait=0 rx=0 rxq=0 rxr=0 ack=0 ch9=0 rf=1 retry=20 interval=380
DBG_ANCHOR_CH5_SCAN_RESCHED ret=1 delay=20
DBG_DWM_WAKE_MESH_CTRL_OK sfd=4073
DBG_C5_TX_CONFIG ret=0 ext=1 len=193 msg=40 reason=bounded-c5-flood
DBG_ANCHOR_CH5_SCAN_HANDLER role=2
DBG_UWB_TX_CH5
DBG_WAKE_TRAIN_GUARD_OK
DBG_ANCHOR_CH5_SCAN_BLOCKED win=0 survey=0 tx=0 retry_gap=0 wait=0 rx=0 rxq=0 rxr=0 ack=0 ch9=0 rf=1 retry=20 interval=380
DBG_ANCHOR_CH5_SCAN_RESCHED ret=1 delay=20
DBG_ANCHOR_CH5_SCAN_HANDLER role=2
DBG_ANCHOR_CH5_SCAN_BLOCKED win=0 survey=0 tx=0 retry_gap=0 wait=0 rx=0 rxq=0 rxr=0 ack=0 ch9=0 rf=1 retry=20 interval=380
DBG_ANCHOR_CH5_SCAN_RESCHED ret=1 delay=20
DBG_WAKE_TRAIN_CONFIG_BEGIN
DBG_ANCHOR_CH5_SCAN_HANDLER role=2
DBG_ANCHOR_CH5_SCAN_BLOCKED win=0 survey=0 tx=0 retry_gap=0 wait=0 rx=0 rxq=0 rxr=0 ack=0 ch9=0 rf=1 retry=20 interval=380
DBG_ANCHOR_CH5_SCAN_RESCHED ret=1 delay=20
DBG_WAKE_TRAIN_CONFIG_OK
DBG_WAKE_TRAIN_FIRST_SEND_BEGIN
DBG_WAKE_TRAIN_FIRST_SEND_OK
DBG_UWB_TX_CH5
DBG_TX_WAKE_CLAIM_SENT
DBG_ANCHOR_CH5_SCAN_HANDLER role=2
DBG_UWB_TX_CH5
DBG_TX_WAKE_CLAIM_SENT
DBG_ANCHOR_CH5_SCAN_BLOCKED win=0 survey=0 tx=0 retry_gap=0 wait=0 rx=0 rxq=0 rxr=0 ack=0 ch9=0 rf=1 retry=20 interval=380
DBG_ANCHOR_CH5_SCAN_RESCHED ret=1 delay=20
DBG_UWB_TX_CH5
DBG_TX_WAKE_CLAIM_SENT
DBG_UWB_TX_CH5
DBG_TX_WAKE_CLAIM_SENT
DBG_DWM_CH5_RX_HUNT_START acq=3 complete=15 cap=125
DBG_DWM_CH5_RX_HUNT_EMPTY ret=-116 status=0x00000000 acq=3
DBG_ANCHOR_CH5_SCAN_HANDLER role=2
DBG_UWB_TX_CH5
DBG_TX_WAKE_CLAIM_SENT
DBG_ANCHOR_CH5_SCAN_BLOCKED win=0 survey=0 tx=0 retry_gap=0 wait=0 rx=0 rxq=0 rxr=0 ack=0 ch9=0 rf=1 retry=20 interval=380
DBG_ANCHOR_CH5_SCAN_RESCHED ret=1 delay=20
DBG_UWB_TX_CH5
DBG_TX_WAKE_CLAIM_SENT
DBG_UWB_TX_CH5
DBG_TX_WAKE_CLAIM_SENT
DBG_DWM_CH5_RX_HUNT_START acq=3 complete=15 cap=125
DBG_DWM_CH5_RX_HUNT_EMPTY ret=-116 status=0x00000000 acq=3
DBG_ANCHOR_CH5_SCAN_HANDLER role=2
DBG_UWB_TX_CH5
DBG_TX_WAKE_CLAIM_SENT
DBG_ANCHOR_CH5_SCAN_BLOCKED win=0 survey=0 tx=0 retry_gap=0 wait=0 rx=0 rxq=0 rxr=0 ack=0 ch9=0 rf=1 retry=20 interval=380
DBG_ANCHOR_CH5_SCAN_RESCHED ret=1 delay=20
DBG_UWB_TX_CH5
DBG_TX_WAKE_CLAIM_SENT
DBG_UWB_TX_CH5
DBG_TX_WAKE_CLAIM_SENT
DBG_DWM_CH5_RX_HUNT_START acq=3 complete=15 cap=125
DBG_DWM_CH5_RX_HUNT_EMPTY ret=-116 status=0x00000000 acq=3
DBG_ANCHOR_CH5_SCAN_HANDLER role=2
DBG_UWB_TX_CH5
DBG_TX_WAKE_CLAIM_SENT
DBG_ANCHOR_CH5_SCAN_BLOCKED win=0 survey=0 tx=0 retry_gap=0 wait=0 rx=0 rxq=0 rxr=0 ack=0 ch9=0 rf=1 retry=20 interval=380
DBG_ANCHOR_CH5_SCAN_RESCHED ret=1 delay=20
DBG_UWB_TX_CH5
DBG_TX_WAKE_CLAIM_SENT
DBG_UWB_TX_CH5
DBG_TX_WAKE_CLAIM_SENT
DBG_DWM_CH5_RX_HUNT_START acq=3 complete=15 cap=125
DBG_DWM_CH5_RX_HUNT_EMPTY ret=-116 status=0x00000000 acq=3
DBG_ANCHOR_CH5_SCAN_HANDLER role=2
DBG_UWB_TX_CH5
DBG_TX_WAKE_CLAIM_SENT
DBG_ANCHOR_CH5_SCAN_BLOCKED win=0 survey=0 tx=0 retry_gap=0 wait=0 rx=0 rxq=0 rxr=0 ack=0 ch9=0 rf=1 retry=20 interval=380
DBG_ANCHOR_CH5_SCAN_RESCHED ret=1 delay=20
DBG_UWB_TX_CH5
DBG_TX_WAKE_CLAIM_SENT
DBG_UWB_TX_CH5
DBG_TX_WAKE_CLAIM_SENT
DBG_DWM_CH5_RX_HUNT_START acq=3 complete=15 cap=125
DBG_DWM_CH5_RX_HUNT_EMPTY ret=-116 status=0x00000000 acq=3
DBG_ANCHOR_CH5_SCAN_HANDLER role=2
DBG_UWB_TX_CH5
DBG_TX_WAKE_CLAIM_SENT
DBG_ANCHOR_CH5_SCAN_BLOCKED win=0 survey=0 tx=0 retry_gap=0 wait=0 rx=0 rxq=0 rxr=0 ack=0 ch9=0 rf=1 retry=20 interval=380
DBG_ANCHOR_CH5_SCAN_RESCHED ret=1 delay=20
DBG_UWB_TX_CH5
DBG_TX_WAKE_CLAIM_SENT
DBG_UWB_TX_CH5
DBG_TX_WAKE_CLAIM_SENT
DBG_DWM_CH5_RX_HUNT_START acq=3 complete=15 cap=125
DBG_DWM_CH5_RX_HUNT_EMPTY ret=-116 status=0x00000000 acq=3
DBG_ANCHOR_CH5_SCAN_HANDLER role=2
DBG_UWB_TX_CH5
DBG_TX_WAKE_CLAIM_SENT
DBG_ANCHOR_CH5_SCAN_BLOCKED win=0 survey=0 tx=0 retry_gap=0 wait=0 rx=0 rxq=0 rxr=0 ack=0 ch9=0 rf=1 retry=20 interval=380
DBG_ANCHOR_CH5_SCAN_RESCHED ret=1 delay=20
DBG_UWB_TX_CH5
DBG_TX_WAKE_CLAIM_SENT
DBG_UWB_TX_CH5
DBG_TX_WAKE_CLAIM_SENT
DBG_DWM_CH5_RX_HUNT_START acq=3 complete=15 cap=125
DBG_DWM_CH5_RX_HUNT_EMPTY ret=-116 status=0x00000000 acq=3
DBG_ANCHOR_CH5_SCAN_HANDLER role=2
DBG_UWB_TX_CH5
DBG_TX_WAKE_CLAIM_SENT
DBG_ANCHOR_CH5_SCAN_BLOCKED win=0 survey=0 tx=0 retry_gap=0 wait=0 rx=0 rxq=0 rxr=0 ack=0 ch9=0 rf=1 retry=20 interval=380
DBG_ANCHOR_CH5_SCAN_RESCHED ret=1 delay=20
DBG_UWB_TX_CH5
DBG_TX_WAKE_CLAIM_SENT
DBG_UWB_TX_CH5
DBG_TX_WAKE_CLAIM_SENT
DBG_DWM_CH5_RX_HUNT_START acq=3 complete=15 cap=125
DBG_DWM_CH5_RX_HUNT_EMPTY ret=-116 status=0x00000000 acq=3
DBG_ANCHOR_CH5_SCAN_HANDLER role=2
DBG_UWB_TX_CH5
DBG_TX_WAKE_CLAIM_SENT
DBG_ANCHOR_CH5_SCAN_BLOCKED win=0 survey=0 tx=0 retry_gap=0 wait=0 rx=0 rxq=0 rxr=0 ack=0 ch9=0 rf=1 retry=20 interval=380
DBG_ANCHOR_CH5_SCAN_RESCHED ret=1 delay=20
DBG_UWB_TX_CH5
DBG_TX_WAKE_CLAIM_SENT
DBG_UWB_TX_CH5
DBG_TX_WAKE_CLAIM_SENT
DBG_DWM_CH5_RX_HUNT_START acq=3 complete=15 cap=125
DBG_DWM_CH5_RX_HUNT_EMPTY ret=-116 status=0x00000000 acq=3
DBG_ANCHOR_CH5_SCAN_HANDLER role=2
DBG_UWB_TX_CH5
DBG_TX_WAKE_CLAIM_SENT
DBG_ANCHOR_CH5_SCAN_BLOCKED win=0 survey=0 tx=0 retry_gap=0 wait=0 rx=0 rxq=0 rxr=0 ack=0 ch9=0 rf=1 retry=20 interval=380
DBG_ANCHOR_CH5_SCAN_RESCHED ret=1 delay=20
DBG_UWB_TX_CH5
DBG_TX_WAKE_CLAIM_SENT
DBG_UWB_TX_CH5
DBG_TX_WAKE_CLAIM_SENT
DBG_DWM_CH5_RX_HUNT_START acq=3 complete=15 cap=125
DBG_DWM_CH5_RX_HUNT_EMPTY ret=-116 status=0x00000000 acq=3
DBG_ANCHOR_CH5_SCAN_HANDLER role=2
DBG_UWB_TX_CH5
DBG_TX_WAKE_CLAIM_SENT
DBG_ANCHOR_CH5_SCAN_BLOCKED win=0 survey=0 tx=0 retry_gap=0 wait=0 rx=0 rxq=0 rxr=0 ack=0 ch9=0 rf=1 retry=20 interval=380
DBG_ANCHOR_CH5_SCAN_RESCHED ret=1 delay=20
DBG_UWB_TX_CH5
DBG_TX_WAKE_CLAIM_SENT
DBG_UWB_TX_CH5
DBG_TX_WAKE_CLAIM_SENT
DBG_DWM_CH5_RX_HUNT_START acq=3 complete=15 cap=125
DBG_DWM_CH5_RX_HUNT_EMPTY ret=-116 status=0x00000000 acq=3
DBG_ANCHOR_CH5_SCAN_HANDLER role=2
DBG_UWB_TX_CH5
DBG_TX_WAKE_CLAIM_SENT
DBG_ANCHOR_CH5_SCAN_BLOCKED win=0 survey=0 tx=0 retry_gap=0 wait=0 rx=0 rxq=0 rxr=0 ack=0 ch9=0 rf=1 retry=20 interval=380
DBG_ANCHOR_CH5_SCAN_RESCHED ret=1 delay=20
DBG_UWB_TX_CH5
DBG_TX_WAKE_CLAIM_SENT
DBG_UWB_TX_CH5
DBG_TX_WAKE_CLAIM_SENT
DBG_DWM_CH5_RX_HUNT_START acq=3 complete=15 cap=125
DBG_DWM_CH5_RX_HUNT_EMPTY ret=-116 status=0x00000000 acq=3
DBG_ANCHOR_CH5_SCAN_HANDLER role=2
DBG_UWB_TX_CH5
DBG_TX_WAKE_CLAIM_SENT
DBG_ANCHOR_CH5_SCAN_BLOCKED win=0 survey=0 tx=0 retry_gap=0 wait=0 rx=0 rxq=0 rxr=0 ack=0 ch9=0 rf=1 retry=20 interval=380
DBG_ANCHOR_CH5_SCAN_RESCHED ret=1 delay=20
DBG_UWB_TX_CH5
DBG_TX_WAKE_CLAIM_SENT
DBG_UWB_TX_CH5
DBG_TX_WAKE_CLAIM_SENT
DBG_DWM_CH5_RX_HUNT_START acq=3 complete=15 cap=125
DBG_DWM_CH5_RX_HUNT_EMPTY ret=-116 status=0x00000000 acq=3
DBG_ANCHOR_CH5_SCAN_HANDLER role=2
DBG_UWB_TX_CH5
DBG_TX_WAKE_CLAIM_SENT
DBG_ANCHOR_CH5_SCAN_BLOCKED win=0 survey=0 tx=0 retry_gap=0 wait=0 rx=0 rxq=0 rxr=0 ack=0 ch9=0 rf=1 retry=20 interval=380
DBG_ANCHOR_CH5_SCAN_RESCHED ret=1 delay=20
DBG_UWB_TX_CH5
DBG_TX_WAKE_CLAIM_SENT
DBG_UWB_TX_CH5
DBG_TX_WAKE_CLAIM_SENT
DBG_DWM_CH5_RX_HUNT_START acq=3 complete=15 cap=125
DBG_DWM_CH5_RX_HUNT_EMPTY ret=-116 status=0x00000000 acq=3
DBG_ANCHOR_CH5_SCAN_HANDLER role=2
DBG_UWB_TX_CH5
DBG_TX_WAKE_CLAIM_SENT
DBG_ANCHOR_CH5_SCAN_BLOCKED win=0 survey=0 tx=0 retry_gap=0 wait=0 rx=0 rxq=0 rxr=0 ack=0 ch9=0 rf=1 retry=20 interval=380
DBG_ANCHOR_CH5_SCAN_RESCHED ret=1 delay=20
DBG_UWB_TX_CH5
DBG_TX_WAKE_CLAIM_SENT
DBG_UWB_TX_CH5
DBG_TX_WAKE_CLAIM_SENT
DBG_DWM_CH5_RX_HUNT_START acq=3 complete=15 cap=125
DBG_DWM_CH5_RX_HUNT_EMPTY ret=-116 status=0x00000000 acq=3
DBG_ANCHOR_CH5_SCAN_HANDLER role=2
DBG_UWB_TX_CH5
DBG_TX_WAKE_CLAIM_SENT
DBG_ANCHOR_CH5_SCAN_BLOCKED win=0 survey=0 tx=0 retry_gap=0 wait=0 rx=0 rxq=0 rxr=0 ack=0 ch9=0 rf=1 retry=20 interval=380
DBG_ANCHOR_CH5_SCAN_RESCHED ret=1 delay=20
DBG_UWB_TX_CH5
DBG_TX_WAKE_CLAIM_SENT
DBG_UWB_TX_CH5
DBG_TX_WAKE_CLAIM_SENT
DBG_DWM_CH5_RX_HUNT_START acq=3 complete=15 cap=125
DBG_DWM_CH5_RX_HUNT_EMPTY ret=-116 status=0x00000000 acq=3
DBG_ANCHOR_CH5_SCAN_HANDLER role=2
DBG_UWB_TX_CH5
DBG_TX_WAKE_CLAIM_SENT
DBG_ANCHOR_CH5_SCAN_BLOCKED win=0 survey=0 tx=0 retry_gap=0 wait=0 rx=0 rxq=0 rxr=0 ack=0 ch9=0 rf=1 retry=20 interval=380
DBG_ANCHOR_CH5_SCAN_RESCHED ret=1 delay=20
DBG_UWB_TX_CH5
DBG_TX_WAKE_CLAIM_SENT
DBG_UWB_TX_CH5
DBG_TX_WAKE_CLAIM_SENT
DBG_DWM_CH5_RX_HUNT_START acq=3 complete=15 cap=125
DBG_DWM_CH5_RX_HUNT_EMPTY ret=-116 status=0x00000000 acq=3
DBG_ANCHOR_CH5_SCAN_HANDLER role=2
DBG_UWB_TX_CH5
DBG_TX_WAKE_CLAIM_SENT
DBG_ANCHOR_CH5_SCAN_BLOCKED win=0 survey=0 tx=0 retry_gap=0 wait=0 rx=0 rxq=0 rxr=0 ack=0 ch9=0 rf=1 retry=20 interval=380
DBG_ANCHOR_CH5_SCAN_RESCHED ret=1 delay=20
DBG_ANCHOR_CH5_SCAN_HANDLER role=2
DBG_ANCHOR_CH5_SCAN_BLOCKED win=0 survey=0 tx=0 retry_gap=0 wait=0 rx=0 rxq=0 rxr=0 ack=0 ch9=0 rf=1 retry=20 interval=380
DBG_ANCHOR_CH5_SCAN_RESCHED ret=1 delay=20
DBG_C5_CONTROL_FOLLOWUP_TURNAROUND delay=60 msg=40 reason=broadcast-forward
DBG_ANCHOR_CH5_SCAN_HANDLER role=2
DBG_DWM_CH5_RX_HUNT_START acq=3 complete=15 cap=1021
DBG_DWM_CH5_RX_HUNT_EMPTY ret=-116 status=0x00000000 acq=3
DBG_ANCHOR_CH5_SCAN_RESCHED ret=1 delay=380
DBG_DWM_WAKE_MESH_CTRL_OK sfd=4073
DBG_C5_TX_CONFIG ret=0 ext=1 len=193 msg=40 reason=bounded-c5-flood
DBG_UWB_TX_CH5
DBG_DWM_WAKE_MESH_CTRL_OK sfd=4073
DBG_DWM_WAKE_MESH_CTRL_OK sfd=4073
DBG_C5_TX_CONFIG ret=0 ext=1 len=193 msg=40 reason=bounded-c5-flood
DBG_UWB_TX_CH5
DBG_DWM_WAKE_MESH_CTRL_OK sfd=4073
DBG_DWM_WAKE_MESH_CTRL_OK sfd=4073
DBG_C5_TX_CONFIG ret=0 ext=1 len=193 msg=40 reason=bounded-c5-flood
DBG_UWB_TX_CH5
DBG_DWM_WAKE_MESH_CTRL_OK sfd=4073
DBG_ANCHOR_CH5_SCAN_HANDLER role=2
DBG_ANCHOR_CH5_SCAN_BLOCKED win=0 survey=0 tx=0 retry_gap=0 wait=0 rx=0 rxq=0 rxr=0 ack=0 ch9=0 rf=1 retry=20 interval=380
DBG_ANCHOR_CH5_SCAN_RESCHED ret=1 delay=20
DBG_DWM_WAKE_MESH_CTRL_OK sfd=4073
DBG_C5_TX_CONFIG ret=0 ext=1 len=193 msg=40 reason=bounded-c5-flood
DBG_ANCHOR_CH5_SCAN_HANDLER role=2
DBG_ANCHOR_CH5_SCAN_BLOCKED win=0 survey=0 tx=0 retry_gap=0 wait=0 rx=0 rxq=0 rxr=0 ack=0 ch9=0 rf=1 retry=20 interval=380
DBG_UWB_TX_CH5
DBG_WAKE_TRAIN_GUARD_OK
DBG_ANCHOR_CH5_SCAN_RESCHED ret=1 delay=20
DBG_ANCHOR_CH5_SCAN_HANDLER role=2
DBG_ANCHOR_CH5_SCAN_BLOCKED win=0 survey=0 tx=0 retry_gap=0 wait=0 rx=0 rxq=0 rxr=0 ack=0 ch9=0 rf=1 retry=20 interval=380
DBG_ANCHOR_CH5_SCAN_RESCHED ret=1 delay=20
DBG_WAKE_TRAIN_CONFIG_BEGIN
DBG_ANCHOR_CH5_SCAN_HANDLER role=2
DBG_ANCHOR_CH5_SCAN_BLOCKED win=0 survey=0 tx=0 retry_gap=0 wait=0 rx=0 rxq=0 rxr=0 ack=0 ch9=0 rf=1 retry=20 interval=380
DBG_ANCHOR_CH5_SCAN_RESCHED ret=1 delay=20
DBG_WAKE_TRAIN_CONFIG_OK
DBG_WAKE_TRAIN_FIRST_SEND_BEGIN
DBG_WAKE_TRAIN_FIRST_SEND_OK
DBG_UWB_TX_CH5
DBG_TX_WAKE_CLAIM_SENT
DBG_ANCHOR_CH5_SCAN_HANDLER role=2
DBG_ANCHOR_CH5_SCAN_BLOCKED win=0 survey=0 tx=0 retry_gap=0 wait=0 rx=0 rxq=0 rxr=0 ack=0 ch9=0 rf=1 retry=20 interval=380
DBG_ANCHOR_CH5_SCAN_RESCHED ret=1 delay=20
DBG_UWB_TX_CH5
DBG_TX_WAKE_CLAIM_SENT
DBG_UWB_TX_CH5
DBG_TX_WAKE_CLAIM_SENT
DBG_UWB_TX_CH5
DBG_TX_WAKE_CLAIM_SENT
DBG_DWM_CH5_RX_HUNT_START acq=3 complete=15 cap=125
DBG_DWM_CH5_RX_HUNT_EMPTY ret=-116 status=0x00000000 acq=3
DBG_ANCHOR_CH5_SCAN_HANDLER role=2
DBG_ANCHOR_CH5_SCAN_BLOCKED win=0 survey=0 tx=0 retry_gap=0 wait=0 rx=0 rxq=0 rxr=0 ack=0 ch9=0 rf=1 retry=20 interval=380
DBG_ANCHOR_CH5_SCAN_RESCHED ret=1 delay=20
DBG_UWB_TX_CH5
DBG_TX_WAKE_CLAIM_SENT
DBG_UWB_TX_CH5
DBG_TX_WAKE_CLAIM_SENT
DBG_UWB_TX_CH5
DBG_TX_WAKE_CLAIM_SENT
DBG_DWM_CH5_RX_HUNT_START acq=3 complete=15 cap=125
DBG_ANCHOR_CH5_SCAN_HANDLER role=2
DBG_DWM_CH5_RX_HUNT_EMPTY ret=-116 status=0x00000000 acq=3
DBG_ANCHOR_CH5_SCAN_BLOCKED win=0 survey=0 tx=0 retry_gap=0 wait=0 rx=0 rxq=0 rxr=0 ack=0 ch9=0 rf=1 retry=20 interval=380
DBG_ANCHOR_CH5_SCAN_RESCHED ret=1 delay=20
DBG_UWB_TX_CH5
DBG_TX_WAKE_CLAIM_SENT
DBG_UWB_TX_CH5
DBG_TX_WAKE_CLAIM_SENT
DBG_UWB_TX_CH5
DBG_TX_WAKE_CLAIM_SENT
DBG_DWM_CH5_RX_HUNT_START acq=3 complete=15 cap=125
DBG_ANCHOR_CH5_SCAN_HANDLER role=2
DBG_DWM_CH5_RX_HUNT_EMPTY ret=-116 status=0x00000000 acq=3
DBG_ANCHOR_CH5_SCAN_BLOCKED win=0 survey=0 tx=0 retry_gap=0 wait=0 rx=0 rxq=0 rxr=0 ack=0 ch9=0 rf=1 retry=20 interval=380
DBG_ANCHOR_CH5_SCAN_RESCHED ret=1 delay=20
DBG_UWB_TX_CH5
DBG_TX_WAKE_CLAIM_SENT
DBG_UWB_TX_CH5
DBG_TX_WAKE_CLAIM_SENT
DBG_UWB_TX_CH5
DBG_TX_WAKE_CLAIM_SENT
DBG_DWM_CH5_RX_HUNT_START acq=3 complete=15 cap=125
DBG_ANCHOR_CH5_SCAN_HANDLER role=2
DBG_DWM_CH5_RX_HUNT_EMPTY ret=-116 status=0x00000000 acq=3
DBG_ANCHOR_CH5_SCAN_BLOCKED win=0 survey=0 tx=0 retry_gap=0 wait=0 rx=0 rxq=0 rxr=0 ack=0 ch9=0 rf=1 retry=20 interval=380
DBG_ANCHOR_CH5_SCAN_RESCHED ret=1 delay=20
DBG_UWB_TX_CH5
DBG_TX_WAKE_CLAIM_SENT
DBG_UWB_TX_CH5
DBG_TX_WAKE_CLAIM_SENT
DBG_UWB_TX_CH5
DBG_TX_WAKE_CLAIM_SENT
DBG_DWM_CH5_RX_HUNT_START acq=3 complete=15 cap=125
DBG_ANCHOR_CH5_SCAN_HANDLER role=2
DBG_DWM_CH5_RX_HUNT_EMPTY ret=-116 status=0x00000000 acq=3
DBG_ANCHOR_CH5_SCAN_BLOCKED win=0 survey=0 tx=0 retry_gap=0 wait=0 rx=0 rxq=0 rxr=0 ack=0 ch9=0 rf=1 retry=20 interval=380
DBG_ANCHOR_CH5_SCAN_RESCHED ret=1 delay=20
DBG_UWB_TX_CH5
DBG_TX_WAKE_CLAIM_SENT
DBG_UWB_TX_CH5
DBG_TX_WAKE_CLAIM_SENT
DBG_UWB_TX_CH5
DBG_TX_WAKE_CLAIM_SENT
DBG_DWM_CH5_RX_HUNT_START acq=3 complete=15 cap=125
DBG_ANCHOR_CH5_SCAN_HANDLER role=2
DBG_DWM_CH5_RX_HUNT_EMPTY ret=-116 status=0x00000000 acq=3
DBG_ANCHOR_CH5_SCAN_BLOCKED win=0 survey=0 tx=0 retry_gap=0 wait=0 rx=0 rxq=0 rxr=0 ack=0 ch9=0 rf=1 retry=20 interval=380
DBG_ANCHOR_CH5_SCAN_RESCHED ret=1 delay=20
DBG_UWB_TX_CH5
DBG_TX_WAKE_CLAIM_SENT
DBG_UWB_TX_CH5
DBG_TX_WAKE_CLAIM_SENT
DBG_UWB_TX_CH5
DBG_TX_WAKE_CLAIM_SENT
DBG_DWM_CH5_RX_HUNT_START acq=3 complete=15 cap=125
DBG_ANCHOR_CH5_SCAN_HANDLER role=2
DBG_DWM_CH5_RX_HUNT_EMPTY ret=-116 status=0x00000000 acq=3
DBG_ANCHOR_CH5_SCAN_BLOCKED win=0 survey=0 tx=0 retry_gap=0 wait=0 rx=0 rxq=0 rxr=0 ack=0 ch9=0 rf=1 retry=20 interval=380
DBG_ANCHOR_CH5_SCAN_RESCHED ret=1 delay=20
DBG_UWB_TX_CH5
DBG_TX_WAKE_CLAIM_SENT
DBG_UWB_TX_CH5
DBG_TX_WAKE_CLAIM_SENT
DBG_UWB_TX_CH5
DBG_TX_WAKE_CLAIM_SENT
DBG_DWM_CH5_RX_HUNT_START acq=3 complete=15 cap=125
DBG_ANCHOR_CH5_SCAN_HANDLER role=2
DBG_DWM_CH5_RX_HUNT_EMPTY ret=-116 status=0x00000000 acq=3
DBG_ANCHOR_CH5_SCAN_BLOCKED win=0 survey=0 tx=0 retry_gap=0 wait=0 rx=0 rxq=0 rxr=0 ack=0 ch9=0 rf=1 retry=20 interval=380
DBG_ANCHOR_CH5_SCAN_RESCHED ret=1 delay=20
DBG_UWB_TX_CH5
DBG_TX_WAKE_CLAIM_SENT
DBG_UWB_TX_CH5
DBG_TX_WAKE_CLAIM_SENT
DBG_UWB_TX_CH5
DBG_TX_WAKE_CLAIM_SENT
DBG_DWM_CH5_RX_HUNT_START acq=3 complete=15 cap=125
DBG_ANCHOR_CH5_SCAN_HANDLER role=2
DBG_DWM_CH5_RX_HUNT_EMPTY ret=-116 status=0x00000000 acq=3
DBG_ANCHOR_CH5_SCAN_BLOCKED win=0 survey=0 tx=0 retry_gap=0 wait=0 rx=0 rxq=0 rxr=0 ack=0 ch9=0 rf=1 retry=20 interval=380
DBG_ANCHOR_CH5_SCAN_RESCHED ret=1 delay=20
DBG_UWB_TX_CH5
DBG_TX_WAKE_CLAIM_SENT
DBG_UWB_TX_CH5
DBG_TX_WAKE_CLAIM_SENT
DBG_UWB_TX_CH5
DBG_TX_WAKE_CLAIM_SENT
DBG_DWM_CH5_RX_HUNT_START acq=3 complete=15 cap=125
DBG_ANCHOR_CH5_SCAN_HANDLER role=2
DBG_DWM_CH5_RX_HUNT_EMPTY ret=-116 status=0x00000000 acq=3
DBG_ANCHOR_CH5_SCAN_BLOCKED win=0 survey=0 tx=0 retry_gap=0 wait=0 rx=0 rxq=0 rxr=0 ack=0 ch9=0 rf=1 retry=20 interval=380
DBG_ANCHOR_CH5_SCAN_RESCHED ret=1 delay=20
DBG_UWB_TX_CH5
DBG_TX_WAKE_CLAIM_SENT
DBG_UWB_TX_CH5
DBG_TX_WAKE_CLAIM_SENT
DBG_UWB_TX_CH5
DBG_TX_WAKE_CLAIM_SENT
DBG_DWM_CH5_RX_HUNT_START acq=3 complete=15 cap=125
DBG_ANCHOR_CH5_SCAN_HANDLER role=2
DBG_DWM_CH5_RX_HUNT_EMPTY ret=-116 status=0x00000000 acq=3
DBG_ANCHOR_CH5_SCAN_BLOCKED win=0 survey=0 tx=0 retry_gap=0 wait=0 rx=0 rxq=0 rxr=0 ack=0 ch9=0 rf=1 retry=20 interval=380
DBG_ANCHOR_CH5_SCAN_RESCHED ret=1 delay=20
DBG_UWB_TX_CH5
DBG_TX_WAKE_CLAIM_SENT
DBG_UWB_TX_CH5
DBG_TX_WAKE_CLAIM_SENT
DBG_UWB_TX_CH5
DBG_TX_WAKE_CLAIM_SENT
DBG_DWM_CH5_RX_HUNT_START acq=3 complete=15 cap=125
DBG_ANCHOR_CH5_SCAN_HANDLER role=2
DBG_DWM_CH5_RX_HUNT_EMPTY ret=-116 status=0x00000000 acq=3
DBG_ANCHOR_CH5_SCAN_BLOCKED win=0 survey=0 tx=0 retry_gap=0 wait=0 rx=0 rxq=0 rxr=0 ack=0 ch9=0 rf=1 retry=20 interval=380
DBG_ANCHOR_CH5_SCAN_RESCHED ret=1 delay=20
DBG_UWB_TX_CH5
DBG_TX_WAKE_CLAIM_SENT
DBG_UWB_TX_CH5
DBG_TX_WAKE_CLAIM_SENT
DBG_UWB_TX_CH5
DBG_TX_WAKE_CLAIM_SENT
DBG_DWM_CH5_RX_HUNT_START acq=3 complete=15 cap=125
DBG_ANCHOR_CH5_SCAN_HANDLER role=2
DBG_DWM_CH5_RX_HUNT_EMPTY ret=-116 status=0x00000000 acq=3
DBG_ANCHOR_CH5_SCAN_BLOCKED win=0 survey=0 tx=0 retry_gap=0 wait=0 rx=0 rxq=0 rxr=0 ack=0 ch9=0 rf=1 retry=20 interval=380
DBG_ANCHOR_CH5_SCAN_RESCHED ret=1 delay=20
DBG_UWB_TX_CH5
DBG_TX_WAKE_CLAIM_SENT
DBG_UWB_TX_CH5
DBG_TX_WAKE_CLAIM_SENT
DBG_UWB_TX_CH5
DBG_TX_WAKE_CLAIM_SENT
DBG_DWM_CH5_RX_HUNT_START acq=3 complete=15 cap=125
DBG_ANCHOR_CH5_SCAN_HANDLER role=2
DBG_DWM_CH5_RX_HUNT_EMPTY ret=-116 status=0x00000000 acq=3
DBG_ANCHOR_CH5_SCAN_BLOCKED win=0 survey=0 tx=0 retry_gap=0 wait=0 rx=0 rxq=0 rxr=0 ack=0 ch9=0 rf=1 retry=20 interval=380
DBG_ANCHOR_CH5_SCAN_RESCHED ret=1 delay=20
DBG_UWB_TX_CH5
DBG_TX_WAKE_CLAIM_SENT
DBG_UWB_TX_CH5
DBG_TX_WAKE_CLAIM_SENT
DBG_UWB_TX_CH5
DBG_TX_WAKE_CLAIM_SENT
DBG_DWM_CH5_RX_HUNT_START acq=3 complete=15 cap=125
DBG_ANCHOR_CH5_SCAN_HANDLER role=2
DBG_DWM_CH5_RX_HUNT_EMPTY ret=-116 status=0x00000000 acq=3
DBG_ANCHOR_CH5_SCAN_BLOCKED win=0 survey=0 tx=0 retry_gap=0 wait=0 rx=0 rxq=0 rxr=0 ack=0 ch9=0 rf=1 retry=20 interval=380
DBG_ANCHOR_CH5_SCAN_RESCHED ret=1 delay=20
DBG_UWB_TX_CH5
DBG_TX_WAKE_CLAIM_SENT
DBG_UWB_TX_CH5
DBG_TX_WAKE_CLAIM_SENT
DBG_UWB_TX_CH5
DBG_TX_WAKE_CLAIM_SENT
DBG_DWM_CH5_RX_HUNT_START acq=3 complete=15 cap=125
DBG_ANCHOR_CH5_SCAN_HANDLER role=2
DBG_DWM_CH5_RX_HUNT_EMPTY ret=-116 status=0x00000000 acq=3
DBG_ANCHOR_CH5_SCAN_BLOCKED win=0 survey=0 tx=0 retry_gap=0 wait=0 rx=0 rxq=0 rxr=0 ack=0 ch9=0 rf=1 retry=20 interval=380
DBG_ANCHOR_CH5_SCAN_RESCHED ret=1 delay=20
DBG_UWB_TX_CH5
DBG_TX_WAKE_CLAIM_SENT
DBG_UWB_TX_CH5
DBG_TX_WAKE_CLAIM_SENT
DBG_UWB_TX_CH5
DBG_TX_WAKE_CLAIM_SENT
DBG_DWM_CH5_RX_HUNT_START acq=3 complete=15 cap=125
DBG_ANCHOR_CH5_SCAN_HANDLER role=2
DBG_DWM_CH5_RX_HUNT_EMPTY ret=-116 status=0x00000000 acq=3
DBG_ANCHOR_CH5_SCAN_BLOCKED win=0 survey=0 tx=0 retry_gap=0 wait=0 rx=0 rxq=0 rxr=0 ack=0 ch9=0 rf=1 retry=20 interval=380
DBG_ANCHOR_CH5_SCAN_RESCHED ret=1 delay=20
DBG_UWB_TX_CH5
DBG_TX_WAKE_CLAIM_SENT
DBG_ANCHOR_CH5_SCAN_HANDLER role=2
DBG_ANCHOR_CH5_SCAN_BLOCKED win=0 survey=0 tx=0 retry_gap=0 wait=0 rx=0 rxq=0 rxr=0 ack=0 ch9=0 rf=1 retry=20 interval=380
DBG_ANCHOR_CH5_SCAN_RESCHED ret=1 delay=20
DBG_C5_CONTROL_FOLLOWUP_TURNAROUND delay=60 msg=40 reason=broadcast-forward
DBG_ANCHOR_CH5_SCAN_HANDLER role=2
DBG_ANCHOR_CH5_SCAN_ARM now=190289 win=3 complete=15 interval=380 wait=0 tx=0
DBG_DWM_CH5_RX_HUNT_START acq=3 complete=15 cap=1021
DBG_DWM_CH5_RX_HUNT_EMPTY ret=-116 status=0x00000000 acq=3
DBG_ANCHOR_CH5_SCAN_DONE ret=-116 len=0 fail=1 pre=0 q=0 rx_us=3967 complete=15
DBG_ANCHOR_CH5_SCAN_RESCHED ret=1 delay=380
DBG_DWM_WAKE_MESH_CTRL_OK sfd=4073
DBG_C5_TX_CONFIG ret=0 ext=1 len=193 msg=40 reason=bounded-c5-flood
DBG_UWB_TX_CH5
DBG_DWM_WAKE_MESH_CTRL_OK sfd=4073
DBG_C5_FLOOD_DELAY_RX_CONTINUE ret=-5 fail=4 rem=40
DBG_DWM_WAKE_MESH_CTRL_OK sfd=4073
DBG_C5_TX_CONFIG ret=0 ext=1 len=193 msg=40 reason=bounded-c5-flood
DBG_UWB_TX_CH5
DBG_DWM_WAKE_MESH_CTRL_OK sfd=4073
DBG_DWM_WAKE_MESH_CTRL_OK sfd=4073
DBG_C5_TX_CONFIG ret=0 ext=1 len=193 msg=40 reason=bounded-c5-flood
DBG_UWB_TX_CH5
DBG_DWM_WAKE_MESH_CTRL_OK sfd=4073
DBG_ANCHOR_CH5_SCAN_HANDLER role=2
DBG_ANCHOR_CH5_SCAN_BLOCKED win=0 survey=0 tx=0 retry_gap=0 wait=0 rx=0 rxq=0 rxr=0 ack=0 ch9=0 rf=1 retry=20 interval=380
DBG_ANCHOR_CH5_SCAN_RESCHED ret=1 delay=20
DBG_DWM_WAKE_MESH_CTRL_OK sfd=4073
DBG_C5_TX_CONFIG ret=0 ext=1 len=193 msg=40 reason=bounded-c5-flood
DBG_UWB_TX_CH5
DBG_NC o=0000000000000002 g=00000002 w=00 e=0000003c s=00000005 q=0000>0004 r=00000000 f=00000024 t=00000000 p=00000000 a=00
DBG_NODE_COMM_SUBMIT handle=2 profile=3 token=17039362 deadline=219080
DBG_DISCOVERY_SLOT_RESPONSE phase=3 epoch=17301512 hash=0x75e11c1882b9b9a6 hop=1 slot=2 attempt=1 ret=0
DBG_ANCHOR_MESH_RX_YIELD reason=anchor-low-duty-ch5-owner ch9=0 delay=0 scan_int=380 scan_win=3 wait=0 q=0
DBG_PROTOCOL_RESPONSE_RX_HANDOFF_READY abort=0 owner=0 seq=2
DBG_DIRECT_GW_TX seq=2 now=190715 reason=node-comm-reliable-uplink
DBG_CH9_EVENT_STATE state=tx_payload peer=0x9999888877776666 start=190715 end=190965 reason=node-comm-reliable-uplink
DBG_ANCHOR_CH5_SCAN_HANDLER role=2
DBG_ANCHOR_CH5_SCAN_BLOCKED win=0 survey=0 tx=1 retry_gap=0 wait=0 rx=0 rxq=0 rxr=0 ack=1 ch9=0 rf=1 retry=20 interval=380
DBG_ANCHOR_CH5_SCAN_RESCHED ret=1 delay=20
DBG_ANCHOR_CH5_SCAN_HANDLER role=2
DBG_DIRECT_GW_TX_CONFIG ret=0 now=190738 seq=2
DBG_CH9_TX_SEND_AT now=190739 earliest=190715 msg=41 len=131
DBG_ANCHOR_CH5_SCAN_BLOCKED win=0 survey=0 tx=1 retry_gap=0 wait=0 rx=0 rxq=0 rxr=0 ack=1 ch9=0 rf=1 retry=20 interval=380
DBG_ANCHOR_CH5_SCAN_RESCHED ret=1 delay=20
DBG_CH9_TX_DONE now=190747 dur=8 len=131 msg=41
DBG_UWB_TX_CH9
DBG_CH9_TX_SINGLE_SEND_OK
DBG_CH9_EVENT_STATE state=complete peer=0x9999888877776666 start=190715 end=190965 reason=node-comm-reliable-uplink
DBG_DIRECT_GW_TX_ACK_TRANSIT_WAIT dst=0x9999888877776666 src=0x708bc0aab970300e seq=2
DBG_ANCHOR_CH5_SCAN_HANDLER role=2
DBG_ANCHOR_CH5_SCAN_BLOCKED win=0 survey=0 tx=1 retry_gap=0 wait=0 rx=0 rxq=0 rxr=0 ack=1 ch9=0 rf=1 retry=20 interval=380
DBG_ANCHOR_CH5_SCAN_RESCHED ret=1 delay=20
DBG_UWB_RX_CH9
DBG_MESH_RX_QUEUED ch=9 msg=0x32 src=0x9999888877776666 dst=0x708bc0aab970300e prev=0x9999888877776666 seq=20 q=1
DBG_GATEWAY_ACK_RX
DBG_DIRECT_GW_ACK_TRANSIT queued=1 valid=1 dst=0x708bc0aab970300e seq=20
DBG_DIRECT_GW_TX_ACK_WAIT ret=0 seq=2
DBG_DWM_KEEP_IDLE reason=direct-gateway-payload ch9=0 ack=0 qack=0 ret=0
DBG_NC o=0000000000000002 g=00000002 w=00 e=00000022 s=00000005 q=0004>0005 r=00000000 f=00000001 t=00000000 p=00000000 a=00
DBG_NODE_COMM_ATTEMPT handle=2 profile=3 attempt=1 ret=0 rf=1 scheduled=0 state=0
DBG_MESH_RX_WORK_WAIT q=1
DBG_MESH_RX_WORK_ENTER q=1
DBG_MESH_RX_DRAIN_ENTER owner=work q=1
DBG_CH9_TX_ACK_IDLE
DBG_LEGACY_ACK_NO_MATCH
DBG_DISCOVERY_SLOT_ASSIGNED state=PROVISIONED epoch=17301512 slot=2 slot_count=50 ack=delivered
DBG_ENUM_ACCEPT epoch=17301512 slot=2
DBG_MESH_RX_DRAIN_EXIT owner=work handled=1 q=0
DBG_MESH_RX_WORK_EXIT handled=1 q=0
DBG_COORD state=mesh-rx owner=uwb-rx reason=ch9-ack-rx-eligible rx=0 tx=0 relay=1 route=0 ack=0 qack=0
DBG_RETRANSMIT_DIRECT_GW seq=2 now=190782
DBG_DIRECT_GW_TX_CONFIG ret=0 now=190782 seq=2
DBG_CH9_TX_SEND_AT now=190782 earliest=190780 msg=33 len=105
DBG_ANCHOR_CH5_SCAN_HANDLER role=2
DBG_CH9_TX_DONE now=190786 dur=4 len=105 msg=33
DBG_UWB_TX_CH9
DBG_CH9_TX_SINGLE_SEND_OK
DBG_ANCHOR_CH5_SCAN_RESCHED ret=1 delay=20
DBG_ANCHOR_CH5_SCAN_HANDLER role=2
DBG_ANCHOR_CH5_SCAN_BLOCKED win=0 survey=0 tx=1 retry_gap=0 wait=0 rx=0 rxq=0 rxr=0 ack=1 ch9=0 rf=1 retry=20 interval=380
DBG_ANCHOR_CH5_SCAN_RESCHED ret=1 delay=20
DBG_ANCHOR_CH5_SCAN_HANDLER role=2
DBG_ANCHOR_CH5_SCAN_BLOCKED win=0 survey=0 tx=1 retry_gap=0 wait=0 rx=0 rxq=0 rxr=0 ack=1 ch9=0 rf=1 retry=20 interval=380
DBG_ANCHOR_CH5_SCAN_RESCHED ret=1 delay=20
DBG_ANCHOR_CH5_SCAN_HANDLER role=2
DBG_ANCHOR_CH5_SCAN_BLOCKED win=0 survey=0 tx=1 retry_gap=0 wait=0 rx=0 rxq=0 rxr=0 ack=1 ch9=0 rf=1 retry=20 interval=380
DBG_ANCHOR_CH5_SCAN_RESCHED ret=1 delay=20
DBG_ANCHOR_CH5_SCAN_HANDLER role=2
DBG_ANCHOR_CH5_SCAN_BLOCKED win=0 survey=0 tx=1 retry_gap=0 wait=0 rx=0 rxq=0 rxr=0 ack=1 ch9=0 rf=1 retry=20 interval=380
DBG_ANCHOR_CH5_SCAN_RESCHED ret=1 delay=20
DBG_ANCHOR_CH5_SCAN_HANDLER role=2
DBG_ANCHOR_CH5_SCAN_BLOCKED win=0 survey=0 tx=1 retry_gap=0 wait=0 rx=0 rxq=0 rxr=0 ack=1 ch9=0 rf=1 retry=20 interval=380
DBG_ANCHOR_CH5_SCAN_RESCHED ret=1 delay=20
DBG_ANCHOR_CH5_SCAN_HANDLER role=2
DBG_ANCHOR_CH5_SCAN_BLOCKED win=0 survey=0 tx=1 retry_gap=0 wait=0 rx=0 rxq=0 rxr=0 ack=1 ch9=0 rf=1 retry=20 interval=380
DBG_ANCHOR_CH5_SCAN_RESCHED ret=1 delay=20
DBG_ANCHOR_CH5_SCAN_HANDLER role=2
DBG_ANCHOR_CH5_SCAN_BLOCKED win=0 survey=0 tx=1 retry_gap=0 wait=0 rx=0 rxq=0 rxr=0 ack=1 ch9=0 rf=1 retry=20 interval=380
DBG_ANCHOR_CH5_SCAN_RESCHED ret=1 delay=20
DBG_ANCHOR_CH5_SCAN_HANDLER role=2
DBG_ANCHOR_CH5_SCAN_BLOCKED win=0 survey=0 tx=1 retry_gap=0 wait=0 rx=0 rxq=0 rxr=0 ack=1 ch9=0 rf=1 retry=20 interval=380
DBG_ANCHOR_CH5_SCAN_RESCHED ret=1 delay=20
DBG_ANCHOR_CH5_SCAN_HANDLER role=2
DBG_ANCHOR_CH5_SCAN_BLOCKED win=0 survey=0 tx=1 retry_gap=0 wait=0 rx=0 rxq=0 rxr=0 ack=1 ch9=0 rf=1 retry=20 interval=380
DBG_ANCHOR_CH5_SCAN_RESCHED ret=1 delay=20
DBG_ANCHOR_CH5_SCAN_HANDLER role=2
DBG_ANCHOR_CH5_SCAN_BLOCKED win=0 survey=0 tx=1 retry_gap=0 wait=0 rx=0 rxq=0 rxr=0 ack=1 ch9=0 rf=1 retry=20 interval=380
DBG_ANCHOR_CH5_SCAN_RESCHED ret=1 delay=20
DBG_DIRECT_GW_TX_ACK_WAIT ret=-116 seq=2
DBG_DWM_KEEP_IDLE reason=direct-gateway-payload ch9=0 ack=0 qack=0 ret=0
DBG_RETRANSMIT_DEFER reason=send-failed ret=0 send=-11 delay=47 seq=2 state=2
DBG_ANCHOR_CH5_SCAN_HANDLER role=2
DBG_ANCHOR_CH5_SCAN_BLOCKED win=0 survey=0 tx=1 retry_gap=1 wait=0 rx=0 rxq=0 rxr=0 ack=0 ch9=0 rf=0 retry=31 interval=380
DBG_ANCHOR_CH5_SCAN_RESCHED ret=1 delay=31
DBG_TX_TIMEOUT_ENTER relay=1 route=0 ch9pend=0 bundle=0 now=191085
DBG_RETRANSMIT_DIRECT_GW seq=2 now=191086
DBG_DIRECT_GW_TX_CONFIG ret=0 now=191086 seq=2
DBG_CH9_TX_SEND_AT now=191087 earliest=191085 msg=33 len=105
DBG_ANCHOR_CH5_SCAN_HANDLER role=2
DBG_ANCHOR_CH5_SCAN_BLOCKED win=0 survey=0 tx=1 retry_gap=0 wait=0 rx=0 rxq=0 rxr=0 ack=1 ch9=0 rf=1 retry=20 interval=380
DBG_ANCHOR_CH5_SCAN_RESCHED ret=1 delay=20
DBG_CH9_TX_DONE now=191091 dur=4 len=105 msg=33
DBG_UWB_TX_CH9
DBG_CH9_TX_SINGLE_SEND_OK
DBG_CH9_EVENT_STATE state=complete peer=0x9999888877776666 start=191086 end=191336 reason=retransmit-direct-gateway
DBG_CH9_TX_ACK_CORE_OWNER src=0x708bc0aab970300e seq=2 next=0x9999888877776666 deadline=193091
DBG_DIRECT_GW_TX_ACK_TRANSIT_WAIT dst=0x9999888877776666 src=0x708bc0aab970300e seq=2
DBG_ANCHOR_CH5_SCAN_HANDLER role=2
DBG_ANCHOR_CH5_SCAN_BLOCKED win=0 survey=0 tx=1 retry_gap=0 wait=0 rx=0 rxq=0 rxr=0 ack=1 ch9=0 rf=1 retry=20 interval=380
DBG_ANCHOR_CH5_SCAN_RESCHED ret=1 delay=20
DBG_UWB_RX_CH9
DBG_MESH_RX_QUEUED ch=9 msg=0x32 src=0x9999888877776666 dst=0x708bc0aab970300e prev=0x9999888877776666 seq=21 q=1
DBG_GATEWAY_ACK_RX
DBG_DIRECT_GW_ACK_TRANSIT queued=1 valid=1 dst=0x708bc0aab970300e seq=21
DBG_DIRECT_GW_TX_ACK_WAIT ret=0 seq=2
DBG_DWM_KEEP_IDLE reason=direct-gateway-payload ch9=0 ack=0 qack=0 ret=0
DBG_MESH_RX_WORK_WAIT q=1
DBG_MESH_RX_WORK_ENTER q=1
DBG_MESH_RX_DRAIN_ENTER owner=work q=1
DBG_CH9_TX_ACK_IDLE
DBG_LEGACY_ACK_CONFIRMED
DBG_NC o=0000000000000002 g=00000002 w=00 e=00000041 s=00000005 q=0005>0008 r=00000000 f=00000026 t=00000000 p=00000002 a=01
DBG_NODE_COMM_TERMINAL_BACKEND_RELEASE handle=2 reason=0 attempts=1 ret=-2 pending=0 outstanding=0 complete=1 failures=0
DBG_ACK_CONFIRM_TERMINAL stage=complete ret=0 original=65 seq=2
DBG_MESH_RX_DRAIN_EXIT owner=work handled=1 q=0
DBG_MESH_RX_WORK_EXIT handled=1 q=0
DBG_COORD state=idle owner=uwb-rx reason=idle rx=0 tx=0 relay=0 route=0 ack=0 qack=0
DBG_ANCHOR_CH5_SCAN_HANDLER role=2
DBG_DWM_CH5_RX_HUNT_START acq=3 complete=15 cap=1021
DBG_DWM_CH5_RX_HUNT_EMPTY ret=-116 status=0x00000000 acq=3
DBG_ANCHOR_CH5_SCAN_RESCHED ret=1 delay=380
DBG_ANCHOR_CH5_SCAN_HANDLER role=2
DBG_ANCHOR_CH5_SCAN_ARM now=191535 win=3 complete=15 interval=380 wait=0 tx=0
DBG_DWM_CH5_RX_HUNT_START acq=3 complete=15 cap=1021
DBG_DWM_CH5_RX_ACTIVITY_EXTEND ret=0 status=0x00000100 complete=15
DBG_DWM_CH5_RX_ACTIVITY_WAIT status=0x00000100 remain=15
DBG_DWM_CH5_RX_ACTIVITY_DONE raw=51 payload=49 status=0x00006f00 rearm=0 extended=1
DBG_ANCHOR_CH5_SCAN_DONE ret=0 len=49 fail=0 pre=1 q=100 rx_us=7720 complete=15
DBG_UWB_RX_CH5
DBG_ANCHOR_CH5_FRAME len=49 q=100 wake_ret=0
DBG_ANCHOR_ROUTE_WAKE_DISPATCH src=0x191a9619c6c8cb07 evt=271498 attempt=1 flags=0x93 len=49 q=100
DBG_C5_CONTACT phase=open state=2 peer=0x191a9619c6c8cb07 purpose=route_solicit reason=wake-claim
DBG_C5_CONTACT phase=accepted state=2 peer=0x191a9619c6c8cb07 purpose=route_solicit reason=wake-claim
DBG_ANCHOR_ROUTE_WAKE_HANDOFF src=0x191a9619c6c8cb07 evt=271498 attempt=1 flags=0x93 embedded=0 listen=2000
DBG_C5_CONTACT phase=closing state=4 peer=0x191a9619c6c8cb07 purpose=route_solicit reason=replace
DBG_C5_CONTACT phase=open state=2 peer=0x191a9619c6c8cb07 purpose=gateway_command_flood reason=gateway-command-wake-followup
DBG_ROUTE_REPLY_LISTEN_START
DBG_DWM_WAKE_MESH_CTRL_OK sfd=4073
DBG_ROUTE_REPLY_LISTEN_CONFIG ret=0 ext=1
DBG_C5_CONTROL_LISTENER_HOLD_EXTENDED
DBG_C5_RX_FAIL status=0x00001700 finfo=0x00000000 fail=4 phy=4 ch=5 plen=3 pac=2 txc=9 rxc=9 sfd=2 rate=0 phr=1 phrr=0 sfdto=4
DBG_C5_CONTROL_LISTENER_HOLD_EXTENDED
DBG_C5_CONTROL_LISTENER_HOLD_EXTENDED
DBG_C5_CONTROL_LISTENER_HOLD_EXTENDED
DBG_C5_CONTROL_LISTENER_HOLD_EXTENDED
DBG_C5_CONTROL_LISTENER_HOLD_EXTENDED
DBG_C5_CONTROL_LISTENER_HOLD_EXTENDED
DBG_C5_CONTROL_LISTENER_HOLD_EXTENDED
DBG_C5_CONTROL_LISTENER_HOLD_EXTENDED
DBG_C5_CONTROL_LISTENER_HOLD_EXTENDED
DBG_C5_CONTROL_LISTENER_HOLD_EXTENDED
DBG_C5_CONTROL_LISTENER_HOLD_EXTENDED
DBG_C5_CONTROL_LISTENER_HOLD_EXTENDED
DBG_C5_CONTROL_LISTENER_HOLD_EXTENDED
DBG_C5_CONTROL_LISTENER_HOLD_EXTENDED
DBG_C5_CONTROL_LISTENER_HOLD_EXTENDED
DBG_ROUTE_REPLY_RX_FRAME
DBG_C5_CONTROL_ROUTE_HINT_RETAIN msg=0x40 session=17301519 seq=2 prev=0x191a9619c6c8cb07 epoch=1
DBG_C5_CONTROL_ROUTE_READY msg=0x40 prev=0x191a9619c6c8cb07 ttl=7 origin_ttl=8 relay=0 ret=0
DBG_C5_CONTROL_ROUTE_STATE epoch=1 sel=0 next=0x9999888877776666 hop=0 timing=0
DBG_UWB_RX_CH5
DBG_MESH_RX_QUEUED ch=5 msg=0x40 src=0x9999888877776666 dst=0x0 prev=0x191a9619c6c8cb07 seq=2 q=1
DBG_MESH_RX_DEFERRED q=1 msg=0x40
DBG_COORD state=mesh-rx owner=uwb-rx reason=mesh-rx rx=1 tx=0 relay=0 route=0 ack=0 qack=0
DBG_ANCHOR_MESH_RX_YIELD reason=anchor-low-duty-ch5-owner ch9=0 delay=0 scan_int=380 scan_win=3 wait=0 q=1
DBG_MESH_RX_WORK_WAIT q=1
DBG_MESH_RX_WORK_ENTER q=1
DBG_MESH_RX_DRAIN_ENTER owner=work q=1
DBG_MESH_RX_DRAIN_EXIT owner=work handled=1 q=0
DBG_MESH_RX_WORK_EXIT handled=1 q=0
DBG_COORD state=idle owner=report-tx reason=idle rx=0 tx=0 relay=0 route=0 ack=0 qack=0
DBG_ROUTE_REPLY_LISTEN_DONE captured=1 ret=-11
DBG_ANCHOR_ROUTE_WAKE_HANDOFF_DONE src=0x191a9619c6c8cb07 embedded=0 ret=-11 pending=0
DBG_ANCHOR_CH5_SCAN_HANDLER role=2
DBG_DWM_CH5_RX_HUNT_START acq=3 complete=15 cap=1021
DBG_DWM_CH5_RX_ACTIVITY_EXTEND ret=0 status=0x00000100 complete=15
DBG_DWM_CH5_RX_ACTIVITY_WAIT status=0x00000100 remain=14
DBG_DWM_CH5_RX_ACTIVITY_DONE raw=51 payload=49 status=0x00006f00 rearm=0 extended=1
DBG_ANCHOR_CH5_SCAN_DONE ret=0 len=49 fail=0 pre=1 q=100 rx_us=3234 complete=15
DBG_UWB_RX_CH5
DBG_ANCHOR_CH5_FRAME len=49 q=100 wake_ret=0
DBG_ANCHOR_ROUTE_WAKE_DISPATCH src=0x191a9619c6c8cb07 evt=272440 attempt=1 flags=0x93 len=49 q=100
DBG_C5_CONTACT phase=open state=2 peer=0x191a9619c6c8cb07 purpose=route_solicit reason=wake-claim
DBG_C5_CONTACT phase=accepted state=2 peer=0x191a9619c6c8cb07 purpose=route_solicit reason=wake-claim
DBG_ANCHOR_ROUTE_WAKE_HANDOFF src=0x191a9619c6c8cb07 evt=272440 attempt=1 flags=0x93 embedded=0 listen=2000
DBG_C5_CONTACT phase=closing state=4 peer=0x191a9619c6c8cb07 purpose=route_solicit reason=replace
DBG_ROUTE_REPLY_LISTEN_START
DBG_DWM_WAKE_MESH_CTRL_OK sfd=4073
DBG_ROUTE_REPLY_LISTEN_CONFIG ret=0 ext=1
DBG_C5_CONTROL_LISTENER_HOLD_EXTENDED
DBG_C5_RX_FAIL status=0x00001700 finfo=0x00000000 fail=4 phy=4 ch=5 plen=3 pac=2 txc=9 rxc=9 sfd=2 rate=0 phr=1 phrr=0 sfdto=4
DBG_C5_CONTROL_LISTENER_HOLD_EXTENDED
DBG_C5_CONTROL_LISTENER_HOLD_EXTENDED
DBG_C5_CONTROL_LISTENER_HOLD_EXTENDED
DBG_C5_CONTROL_LISTENER_HOLD_EXTENDED
DBG_C5_CONTROL_LISTENER_HOLD_EXTENDED
DBG_C5_CONTROL_LISTENER_HOLD_EXTENDED
DBG_C5_CONTROL_LISTENER_HOLD_EXTENDED
DBG_C5_CONTROL_LISTENER_HOLD_EXTENDED
DBG_C5_CONTROL_LISTENER_HOLD_EXTENDED
DBG_C5_CONTROL_LISTENER_HOLD_EXTENDED
DBG_C5_CONTROL_LISTENER_HOLD_EXTENDED
DBG_C5_CONTROL_LISTENER_HOLD_EXTENDED
DBG_C5_CONTROL_LISTENER_HOLD_EXTENDED
DBG_C5_CONTROL_LISTENER_HOLD_EXTENDED
DBG_C5_CONTROL_LISTENER_HOLD_EXTENDED
DBG_C5_CONTROL_LISTENER_HOLD_EXTENDED
DBG_C5_CONTROL_LISTENER_HOLD_EXTENDED
DBG_C5_CONTROL_LISTENER_HOLD_EXTENDED
DBG_C5_CONTROL_LISTENER_HOLD_EXTENDED
DBG_C5_CONTROL_LISTENER_HOLD_EXTENDED
DBG_C5_CONTROL_LISTENER_HOLD_EXTENDED
DBG_C5_CONTROL_LISTENER_HOLD_EXTENDED
DBG_C5_CONTROL_LISTENER_HOLD_EXTENDED
DBG_C5_CONTROL_LISTENER_HOLD_EXTENDED
DBG_C5_CONTROL_LISTENER_HOLD_EXTENDED
DBG_C5_CONTROL_LISTENER_HOLD_EXTENDED
DBG_C5_CONTROL_LISTENER_HOLD_EXTENDED
DBG_C5_CONTROL_LISTENER_HOLD_EXTENDED
DBG_C5_CONTROL_LISTENER_HOLD_EXTENDED
DBG_C5_CONTROL_LISTENER_HOLD_EXTENDED
DBG_C5_CONTROL_LISTENER_HOLD_EXTENDED
DBG_C5_CONTROL_LISTENER_HOLD_EXTENDED
DBG_C5_CONTROL_LISTENER_HOLD_EXTENDED
DBG_C5_CONTROL_LISTENER_HOLD_EXTENDED
DBG_C5_CONTROL_LISTENER_HOLD_EXTENDED
DBG_C5_CONTROL_LISTENER_HOLD_EXTENDED
DBG_C5_CONTROL_LISTENER_HOLD_EXTENDED
DBG_C5_CONTROL_LISTENER_HOLD_EXTENDED
DBG_C5_CONTROL_LISTENER_HOLD_EXTENDED
DBG_C5_CONTROL_LISTENER_HOLD_EXTENDED
DBG_C5_CONTROL_LISTENER_HOLD_EXTENDED
DBG_C5_CONTROL_LISTENER_HOLD_EXTENDED
DBG_C5_CONTROL_LISTENER_HOLD_EXTENDED
DBG_C5_CONTROL_LISTENER_HOLD_EXTENDED
DBG_C5_CONTROL_LISTENER_HOLD_EXTENDED
DBG_C5_CONTROL_LISTENER_HOLD_EXTENDED
DBG_ROUTE_REPLY_RX_FRAME
DBG_C5_CONTROL_ROUTE_HINT_RETAIN msg=0x40 session=17301519 seq=2 prev=0x191a9619c6c8cb07 epoch=1
DBG_C5_CONTROL_ROUTE_READY msg=0x40 prev=0x191a9619c6c8cb07 ttl=7 origin_ttl=8 relay=0 ret=0
DBG_C5_CONTROL_ROUTE_STATE epoch=1 sel=0 next=0x9999888877776666 hop=0 timing=0
DBG_UWB_RX_CH5
DBG_MESH_RX_QUEUED ch=5 msg=0x40 src=0x9999888877776666 dst=0x0 prev=0x191a9619c6c8cb07 seq=2 q=1
DBG_MESH_RX_DEFERRED q=1 msg=0x40
DBG_COORD state=mesh-rx owner=uwb-rx reason=mesh-rx rx=1 tx=0 relay=0 route=0 ack=0 qack=0
DBG_MESH_RX_WORK_WAIT q=1
DBG_MESH_RX_WORK_ENTER q=1
DBG_MESH_RX_DRAIN_ENTER owner=work q=1
DBG_MESH_RX_DRAIN_EXIT owner=work handled=1 q=0
DBG_MESH_RX_WORK_EXIT handled=1 q=0
DBG_COORD state=idle owner=report-tx reason=idle rx=0 tx=0 relay=0 route=0 ack=0 qack=0
DBG_ROUTE_REPLY_LISTEN_DONE captured=1 ret=-11
DBG_C5_CONTACT phase=closing state=4 peer=0x191a9619c6c8cb07 purpose=gateway_command_flood reason=reply-listen-done
DBG_ANCHOR_ROUTE_WAKE_HANDOFF_DONE src=0x191a9619c6c8cb07 embedded=0 ret=-11 pending=0
DBG_ANCHOR_CH5_SCAN_HANDLER role=2
DBG_ANCHOR_CH5_SCAN_ARM now=193191 win=3 complete=15 interval=380 wait=0 tx=0
DBG_DWM_CH5_RX_HUNT_START acq=3 complete=15 cap=1021
DBG_DWM_CH5_RX_ACTIVITY_EXTEND ret=0 status=0x00000100 complete=15
DBG_DWM_CH5_RX_ACTIVITY_WAIT status=0x00000100 remain=14
DBG_DWM_CH5_RX_ACTIVITY_DONE raw=51 payload=49 status=0x00006f00 rearm=0 extended=1
DBG_ANCHOR_CH5_SCAN_DONE ret=0 len=49 fail=0 pre=1 q=100 rx_us=3967 complete=15
DBG_UWB_RX_CH5
DBG_ANCHOR_CH5_FRAME len=49 q=100 wake_ret=0
DBG_ANCHOR_ROUTE_WAKE_DISPATCH src=0x191a9619c6c8cb07 evt=273384 attempt=1 flags=0x93 len=49 q=100
DBG_C5_CONTACT phase=open state=2 peer=0x191a9619c6c8cb07 purpose=route_solicit reason=wake-claim
DBG_C5_CONTACT phase=accepted state=2 peer=0x191a9619c6c8cb07 purpose=route_solicit reason=wake-claim
DBG_ANCHOR_ROUTE_WAKE_HANDOFF src=0x191a9619c6c8cb07 evt=273384 attempt=1 flags=0x93 embedded=0 listen=2000
DBG_C5_CONTACT phase=closing state=4 peer=0x191a9619c6c8cb07 purpose=route_solicit reason=replace
DBG_ROUTE_REPLY_LISTEN_START
DBG_DWM_WAKE_MESH_CTRL_OK sfd=4073
DBG_ROUTE_REPLY_LISTEN_CONFIG ret=0 ext=1
DBG_C5_CONTROL_LISTENER_HOLD_EXTENDED
DBG_C5_RX_FAIL status=0x00001300 finfo=0x00000000 fail=4 phy=4 ch=5 plen=3 pac=2 txc=9 rxc=9 sfd=2 rate=0 phr=1 phrr=0 sfdto=4
DBG_C5_CONTROL_LISTENER_HOLD_EXTENDED
DBG_C5_CONTROL_LISTENER_HOLD_EXTENDED
DBG_C5_CONTROL_LISTENER_HOLD_EXTENDED
DBG_C5_CONTROL_LISTENER_HOLD_EXTENDED
DBG_C5_CONTROL_LISTENER_HOLD_EXTENDED
DBG_C5_CONTROL_LISTENER_HOLD_EXTENDED
DBG_C5_CONTROL_LISTENER_HOLD_EXTENDED
DBG_C5_CONTROL_LISTENER_HOLD_EXTENDED
DBG_C5_CONTROL_LISTENER_HOLD_EXTENDED
DBG_C5_CONTROL_LISTENER_HOLD_EXTENDED
DBG_C5_CONTROL_LISTENER_HOLD_EXTENDED
DBG_C5_CONTROL_LISTENER_HOLD_EXTENDED
DBG_C5_CONTROL_LISTENER_HOLD_EXTENDED
DBG_C5_CONTROL_LISTENER_HOLD_EXTENDED
DBG_C5_CONTROL_LISTENER_HOLD_EXTENDED
DBG_C5_CONTROL_LISTENER_HOLD_EXTENDED
DBG_C5_CONTROL_LISTENER_HOLD_EXTENDED
DBG_C5_CONTROL_LISTENER_HOLD_EXTENDED
DBG_C5_CONTROL_LISTENER_HOLD_EXTENDED
DBG_C5_CONTROL_LISTENER_HOLD_EXTENDED
DBG_C5_CONTROL_LISTENER_HOLD_EXTENDED
DBG_C5_CONTROL_LISTENER_HOLD_EXTENDED
DBG_C5_CONTROL_LISTENER_HOLD_EXTENDED
DBG_C5_CONTROL_LISTENER_HOLD_EXTENDED
DBG_C5_CONTROL_LISTENER_HOLD_EXTENDED
DBG_C5_CONTROL_LISTENER_HOLD_EXTENDED
DBG_C5_CONTROL_LISTENER_HOLD_EXTENDED
DBG_C5_CONTROL_LISTENER_HOLD_EXTENDED
DBG_C5_CONTROL_LISTENER_HOLD_EXTENDED
DBG_C5_CONTROL_LISTENER_HOLD_EXTENDED
DBG_C5_CONTROL_LISTENER_HOLD_EXTENDED
DBG_C5_CONTROL_LISTENER_HOLD_EXTENDED
DBG_C5_CONTROL_LISTENER_HOLD_EXTENDED
DBG_C5_CONTROL_LISTENER_HOLD_EXTENDED
DBG_C5_CONTROL_LISTENER_HOLD_EXTENDED
DBG_C5_CONTROL_LISTENER_HOLD_EXTENDED
DBG_C5_CONTROL_LISTENER_HOLD_EXTENDED
DBG_C5_CONTROL_LISTENER_HOLD_EXTENDED
DBG_C5_CONTROL_LISTENER_HOLD_EXTENDED
DBG_C5_CONTROL_LISTENER_HOLD_EXTENDED
DBG_C5_CONTROL_LISTENER_HOLD_EXTENDED
DBG_C5_CONTROL_LISTENER_HOLD_EXTENDED
DBG_C5_CONTROL_LISTENER_HOLD_EXTENDED
DBG_C5_CONTROL_LISTENER_HOLD_EXTENDED
DBG_C5_CONTROL_LISTENER_HOLD_EXTENDED
DBG_C5_CONTROL_LISTENER_HOLD_EXTENDED
DBG_C5_CONTROL_LISTENER_HOLD_EXTENDED
DBG_ROUTE_REPLY_RX_FRAME
DBG_C5_CONTROL_ROUTE_HINT_RETAIN msg=0x40 session=17301519 seq=2 prev=0x191a9619c6c8cb07 epoch=1
DBG_C5_CONTROL_ROUTE_READY msg=0x40 prev=0x191a9619c6c8cb07 ttl=7 origin_ttl=8 relay=0 ret=0
DBG_C5_CONTROL_ROUTE_STATE epoch=1 sel=0 next=0x9999888877776666 hop=0 timing=0
DBG_UWB_RX_CH5
DBG_MESH_RX_QUEUED ch=5 msg=0x40 src=0x9999888877776666 dst=0x0 prev=0x191a9619c6c8cb07 seq=2 q=1
DBG_MESH_RX_DEFERRED q=1 msg=0x40
DBG_COORD state=mesh-rx owner=uwb-rx reason=mesh-rx rx=1 tx=0 relay=0 route=0 ack=0 qack=0
DBG_ANCHOR_MESH_RX_YIELD reason=anchor-low-duty-ch5-owner ch9=0 delay=0 scan_int=380 scan_win=3 wait=0 q=1
DBG_MESH_RX_WORK_WAIT q=1
DBG_MESH_RX_WORK_ENTER q=1
DBG_MESH_RX_DRAIN_ENTER owner=work q=1
DBG_MESH_RX_DRAIN_EXIT owner=work handled=1 q=0
DBG_MESH_RX_WORK_EXIT handled=1 q=0
DBG_COORD state=idle owner=report-tx reason=idle rx=0 tx=0 relay=0 route=0 ack=0 qack=0
DBG_ROUTE_REPLY_LISTEN_DONE captured=1 ret=-11
DBG_ANCHOR_ROUTE_WAKE_HANDOFF_DONE src=0x191a9619c6c8cb07 embedded=0 ret=-11 pending=0
DBG_ANCHOR_CH5_SCAN_HANDLER role=2
DBG_DWM_CH5_RX_HUNT_START acq=3 complete=15 cap=1021
DBG_DWM_CH5_RX_HUNT_EMPTY ret=-116 status=0x00000000 acq=3
DBG_ANCHOR_CH5_SCAN_RESCHED ret=1 delay=380
DBG_ANCHOR_CH5_SCAN_HANDLER role=2
DBG_ANCHOR_CH5_SCAN_ARM now=194538 win=3 complete=15 interval=380 wait=0 tx=0
DBG_DWM_CH5_RX_HUNT_START acq=3 complete=15 cap=1021
DBG_DWM_CH5_RX_HUNT_EMPTY ret=-116 status=0x00000000 acq=3
DBG_ANCHOR_CH5_SCAN_DONE ret=-116 len=0 fail=1 pre=0 q=0 rx_us=3265 complete=15
DBG_ANCHOR_CH5_SCAN_RESCHED ret=1 delay=380
DBG_ANCHOR_CH5_SCAN_HANDLER role=2
DBG_DWM_CH5_RX_HUNT_START acq=3 complete=15 cap=1021
DBG_DWM_CH5_RX_HUNT_EMPTY ret=-116 status=0x00000000 acq=3
DBG_ANCHOR_CH5_SCAN_RESCHED ret=1 delay=380
DBG_ANCHOR_CH5_SCAN_HANDLER role=2
DBG_DWM_CH5_RX_HUNT_START acq=3 complete=15 cap=1021
DBG_DWM_CH5_RX_HUNT_EMPTY ret=-116 status=0x00000000 acq=3
DBG_ANCHOR_CH5_SCAN_RESCHED ret=1 delay=380
DBG_ANCHOR_CH5_SCAN_HANDLER role=2
DBG_ANCHOR_CH5_SCAN_ARM now=195749 win=3 complete=15 interval=380 wait=0 tx=0
DBG_DWM_CH5_RX_HUNT_START acq=3 complete=15 cap=1021
DBG_DWM_CH5_RX_HUNT_EMPTY ret=-116 status=0x00000000 acq=3
DBG_ANCHOR_CH5_SCAN_DONE ret=-116 len=0 fail=1 pre=0 q=0 rx_us=3784 complete=15
DBG_ANCHOR_CH5_SCAN_RESCHED ret=1 delay=380
DBG_ANCHOR_CH5_SCAN_HANDLER role=2
DBG_DWM_CH5_RX_HUNT_START acq=3 complete=15 cap=1021
DBG_DWM_CH5_RX_HUNT_EMPTY ret=-116 status=0x00000000 acq=3
DBG_ANCHOR_CH5_SCAN_RESCHED ret=1 delay=380
DBG_ANCHOR_CH5_SCAN_HANDLER role=2
DBG_DWM_CH5_RX_HUNT_START acq=3 complete=15 cap=1021
DBG_DWM_CH5_RX_HUNT_EMPTY ret=-116 status=0x00000000 acq=3
DBG_ANCHOR_CH5_SCAN_RESCHED ret=1 delay=380
DBG_ANCHOR_CH5_SCAN_HANDLER role=2
DBG_ANCHOR_CH5_SCAN_ARM now=196960 win=3 complete=15 interval=380 wait=0 tx=0
DBG_DWM_CH5_RX_HUNT_START acq=3 complete=15 cap=1021
DBG_DWM_CH5_RX_HUNT_EMPTY ret=-116 status=0x00000000 acq=3
DBG_ANCHOR_CH5_SCAN_DONE ret=-116 len=0 fail=1 pre=0 q=0 rx_us=3784 complete=15
DBG_ANCHOR_CH5_SCAN_RESCHED ret=1 delay=380
DBG_ANCHOR_CH5_SCAN_HANDLER role=2
DBG_DWM_CH5_RX_HUNT_START acq=3 complete=15 cap=1021
DBG_DWM_CH5_RX_HUNT_EMPTY ret=-116 status=0x00000000 acq=3
DBG_ANCHOR_CH5_SCAN_RESCHED ret=1 delay=380
DBG_ANCHOR_CH5_SCAN_HANDLER role=2
DBG_DWM_CH5_RX_HUNT_START acq=3 complete=15 cap=1021
DBG_DWM_CH5_RX_HUNT_EMPTY ret=-116 status=0x00000000 acq=3
DBG_ANCHOR_CH5_SCAN_RESCHED ret=1 delay=380
DBG_ANCHOR_CH5_SCAN_HANDLER role=2
DBG_ANCHOR_CH5_SCAN_ARM now=198172 win=3 complete=15 interval=380 wait=0 tx=0
DBG_DWM_CH5_RX_HUNT_START acq=3 complete=15 cap=1021
DBG_DWM_CH5_RX_HUNT_EMPTY ret=-116 status=0x00000000 acq=3
DBG_ANCHOR_CH5_SCAN_DONE ret=-116 len=0 fail=1 pre=0 q=0 rx_us=3265 complete=15
DBG_ANCHOR_CH5_SCAN_RESCHED ret=1 delay=380
DBG_ANCHOR_CH5_SCAN_HANDLER role=2
DBG_DWM_CH5_RX_HUNT_START acq=3 complete=15 cap=1021
DBG_DWM_CH5_RX_HUNT_EMPTY ret=-116 status=0x00000000 acq=3
DBG_ANCHOR_CH5_SCAN_RESCHED ret=1 delay=380
DBG_ANCHOR_CH5_SCAN_HANDLER role=2
DBG_DWM_CH5_RX_HUNT_START acq=3 complete=15 cap=1021
DBG_DWM_CH5_RX_HUNT_EMPTY ret=-116 status=0x00000000 acq=3
DBG_ANCHOR_CH5_SCAN_RESCHED ret=1 delay=380
DBG_ANCHOR_CH5_SCAN_HANDLER role=2
DBG_ANCHOR_CH5_SCAN_ARM now=199383 win=3 complete=15 interval=380 wait=0 tx=0
DBG_DWM_CH5_RX_HUNT_START acq=3 complete=15 cap=1021
DBG_DWM_CH5_RX_HUNT_EMPTY ret=-116 status=0x00000000 acq=3
DBG_ANCHOR_CH5_SCAN_DONE ret=-116 len=0 fail=1 pre=0 q=0 rx_us=3784 complete=15
DBG_ANCHOR_CH5_SCAN_RESCHED ret=1 delay=380
DBG_ANCHOR_CH5_SCAN_HANDLER role=2
DBG_DWM_CH5_RX_HUNT_START acq=3 complete=15 cap=1021
DBG_DWM_CH5_RX_HUNT_EMPTY ret=-116 status=0x00000000 acq=3
DBG_ANCHOR_CH5_SCAN_RESCHED ret=1 delay=380
DBG_ANCHOR_CH5_SCAN_HANDLER role=2
DBG_DWM_CH5_RX_HUNT_START acq=3 complete=15 cap=1021
DBG_DWM_CH5_RX_HUNT_EMPTY ret=-116 status=0x00000000 acq=3
DBG_ANCHOR_CH5_SCAN_RESCHED ret=1 delay=380
DBG_ANCHOR_CH5_SCAN_HANDLER role=2
DBG_ANCHOR_CH5_SCAN_ARM now=200594 win=3 complete=15 interval=380 wait=0 tx=0
DBG_DWM_CH5_RX_HUNT_START acq=3 complete=15 cap=1021
DBG_DWM_CH5_RX_HUNT_EMPTY ret=-116 status=0x00000000 acq=3
DBG_ANCHOR_CH5_SCAN_DONE ret=-116 len=0 fail=1 pre=0 q=0 rx_us=3784 complete=15
DBG_ANCHOR_CH5_SCAN_RESCHED ret=1 delay=380
