[34m0000345[0m [36mI[0m Target type is nrf52833 [2m[board][0m
[34m0000377[0m [36mI[0m Performing connect pre-reset [2m[coresight_target][0m
[34m0000628[0m [36mI[0m DAP is not accessible after reset; attempting reconnect [2m[dap][0m
[34m0000735[0m [36mI[0m DP IDR = 0x2ba01477 (v1 rev2) [2m[dap][0m
[34m0000740[0m [36mI[0m AHB-AP#0 IDR = 0x24770011 (AHB-AP var1 rev2) [2m[discovery][0m
[34m0000741[0m [36mI[0m AP#1 IDR = 0x02880000 (AP var0 rev0) [2m[discovery][0m
[34m0000741[0m [36mI[0m NRF52833 not in secure state [2m[target_nRF52][0m
[34m0000744[0m [36mI[0m AHB-AP#0 Class 0x1 ROM table #0 @ 0xe00ff000 (designer=244 part=00d) [2m[rom_table][0m
[34m0000747[0m [36mI[0m [0]<e000e000:SCS v7-M class=14 designer=43b:Arm part=00c> [2m[rom_table][0m
[34m0000749[0m [36mI[0m [1]<e0001000:DWT v7-M class=14 designer=43b:Arm part=002> [2m[rom_table][0m
[34m0000750[0m [36mI[0m [2]<e0002000:FPB v7-M class=14 designer=43b:Arm part=003> [2m[rom_table][0m
[34m0000752[0m [36mI[0m [3]<e0000000:ITM v7-M class=14 designer=43b:Arm part=001> [2m[rom_table][0m
[34m0000754[0m [36mI[0m [4]<e0040000:TPIU M4 class=9 designer=43b:Arm part=9a1 devtype=11 archid=0000 devid=ca1:0:0> [2m[rom_table][0m
[34m0000757[0m [36mI[0m [5]<e0041000:ETM M4 class=9 designer=43b:Arm part=925 devtype=13 archid=0000 devid=0:0:0> [2m[rom_table][0m
[34m0000761[0m [36mI[0m CPU core #0: Cortex-M4 r0p1, v7.0-M architecture [2m[cortex_m][0m
[34m0000761[0m [36mI[0m   Extensions: [DSP, FPU, FPU_V4, MPU] [2m[cortex_m][0m
[34m0000761[0m [36mI[0m   FPU present: FPv4-SP-D16-M [2m[cortex_m][0m
[34m0000763[0m [36mI[0m This appears to be an nRF52833 AA B0 [2m[target_nRF52][0m
[34m0000767[0m [36mI[0m 4 hardware watchpoints [2m[dwt][0m
[34m0000768[0m [36mI[0m 6 hardware breakpoints, 4 literal comparators [2m[fpb][0m
[34m0000791[0m [36mI[0m 3 up channels and 3 down channels found [2m[rtt_cmd][0m
[34m0000791[0m [36mI[0m Reading from up channel 0 ("Terminal") [2m[rtt_cmd][0m
[34m0000793[0m [36mI[0m Writing to down channel 0 ("Terminal") [2m[rtt_cmd][0m
DBG_STACK_BOOT preset=mesh_anchor_forcedhop build=imec-stack-v1:mesh_anchor_forcedhop:82e517cfcf17c7e1f9cb01422c579b9f119e07538d0ae3d8397615ccd41f1d02 epoch=724486743630958547 uptime=252
mesh node identity: ficr=0x1f9760bd0bb89243 node=0x56da25fe4af6d141 preset=mesh_anchor_forcedhop
DBG_LED_SELFTEST_CH5_RX
DBG_DIRECT_GW_PROBE_BOOT resetreas=0x00000000 phase=4 attempt=3 seq=10 at=188779
DBG_NODE_COMM_BOOT stage=init ret=0 running=1 uptime=1261
DBG_BOOT_ANCHOR_ROLE_BEGIN
DBG_ANCHOR_BLE_DISABLED
DBG_ANCHOR_CH5_SCAN_WQ_STARTED
DBG_ANCHOR_CH5_SCAN_RESCHED ret=1 delay=2000
DBG_ANCHOR_CH5_SCAN_SCHEDULED startup=2000 interval=380 win=3
DBG_BOOT_ANCHOR_ROLE_DONE
DBG_BOOT_MESH_RX_ANCHOR_LOW_DUTY_OWNER
DBG_BOOT_MESH_TEST_BEGIN
DBG_BOOT_MESH_TEST_DONE
DBG_ANCHOR_CH5_SCAN_HANDLER role=2
DBG_ANCHOR_CH5_SCAN_ARM now=3266 win=3 complete=15 interval=380 wait=0 tx=0
DBG_DWM_CH5_RX_HUNT_START acq=3 complete=15 cap=1021
DBG_DWM_CH5_RX_HUNT_EMPTY ret=-116 status=0x00000000 acq=3
DBG_ANCHOR_CH5_SCAN_RESCHED ret=1 delay=380
DBG_ANCHOR_CH5_SCAN_HANDLER role=2
DBG_ANCHOR_CH5_SCAN_ARM now=5692 win=3 complete=15 interval=380 wait=0 tx=0
DBG_DWM_CH5_RX_HUNT_START acq=3 complete=15 cap=1021
DBG_DWM_CH5_RX_HUNT_EMPTY ret=-116 status=0x00000000 acq=3
DBG_ANCHOR_CH5_SCAN_DONE ret=-116 len=0 fail=1 pre=0 q=0 rx_us=3509 complete=15
DBG_ANCHOR_CH5_SCAN_RESCHED ret=1 delay=380
DBG_ANCHOR_CH5_SCAN_HANDLER role=2
DBG_DWM_CH5_RX_HUNT_START acq=3 complete=15 cap=1021
DBG_DWM_CH5_RX_HUNT_EMPTY ret=-116 status=0x00000000 acq=3
DBG_ANCHOR_CH5_SCAN_RESCHED ret=1 delay=380
DBG_ANCHOR_CH5_SCAN_HANDLER role=2
DBG_DWM_CH5_RX_HUNT_START acq=3 complete=15 cap=1021
DBG_DWM_CH5_RX_HUNT_EMPTY ret=-116 status=0x00000000 acq=3
DBG_ANCHOR_CH5_SCAN_RESCHED ret=1 delay=380
DBG_ANCHOR_CH5_SCAN_HANDLER role=2
DBG_ANCHOR_CH5_SCAN_ARM now=6904 win=3 complete=15 interval=380 wait=0 tx=0
DBG_DWM_CH5_RX_HUNT_START acq=3 complete=15 cap=1021
DBG_DWM_CH5_RX_HUNT_EMPTY ret=-116 status=0x00000000 acq=3
DBG_ANCHOR_CH5_SCAN_DONE ret=-116 len=0 fail=1 pre=0 q=0 rx_us=3509 complete=15
DBG_ANCHOR_CH5_SCAN_RESCHED ret=1 delay=380
DBG_ANCHOR_CH5_SCAN_HANDLER role=2
DBG_DWM_CH5_RX_HUNT_START acq=3 complete=15 cap=1021
DBG_DWM_CH5_RX_HUNT_EMPTY ret=-116 status=0x00000000 acq=3
DBG_ANCHOR_CH5_SCAN_RESCHED ret=1 delay=380
DBG_ANCHOR_CH5_SCAN_HANDLER role=2
DBG_DWM_CH5_RX_HUNT_START acq=3 complete=15 cap=1021
DBG_DWM_CH5_RX_HUNT_EMPTY ret=-116 status=0x00000000 acq=3
DBG_ANCHOR_CH5_SCAN_RESCHED ret=1 delay=380
DBG_ANCHOR_CH5_SCAN_HANDLER role=2
DBG_ANCHOR_CH5_SCAN_ARM now=8116 win=3 complete=15 interval=380 wait=0 tx=0
DBG_DWM_CH5_RX_HUNT_START acq=3 complete=15 cap=1021
DBG_DWM_CH5_RX_HUNT_EMPTY ret=-116 status=0x00000000 acq=3
DBG_ANCHOR_CH5_SCAN_DONE ret=-116 len=0 fail=1 pre=0 q=0 rx_us=3143 complete=15
DBG_ANCHOR_CH5_SCAN_RESCHED ret=1 delay=380
DBG_ANCHOR_CH5_SCAN_HANDLER role=2
DBG_DWM_CH5_RX_HUNT_START acq=3 complete=15 cap=1021
DBG_DWM_CH5_RX_HUNT_EMPTY ret=-116 status=0x00000000 acq=3
DBG_ANCHOR_CH5_SCAN_RESCHED ret=1 delay=380
DBG_ANCHOR_CH5_SCAN_HANDLER role=2
DBG_DWM_CH5_RX_HUNT_START acq=3 complete=15 cap=1021
DBG_DWM_CH5_RX_HUNT_EMPTY ret=-116 status=0x00000000 acq=3
DBG_ANCHOR_CH5_SCAN_RESCHED ret=1 delay=380
DBG_ANCHOR_CH5_SCAN_HANDLER role=2
DBG_ANCHOR_CH5_SCAN_ARM now=9327 win=3 complete=15 interval=380 wait=0 tx=0
DBG_DWM_CH5_RX_HUNT_START acq=3 complete=15 cap=1021
DBG_DWM_CH5_RX_HUNT_EMPTY ret=-116 status=0x00000000 acq=3
DBG_ANCHOR_CH5_SCAN_DONE ret=-116 len=0 fail=1 pre=0 q=0 rx_us=3509 complete=15
DBG_ANCHOR_CH5_SCAN_RESCHED ret=1 delay=380
DBG_ANCHOR_CH5_SCAN_HANDLER role=2
DBG_DWM_CH5_RX_HUNT_START acq=3 complete=15 cap=1021
DBG_DWM_CH5_RX_HUNT_EMPTY ret=-116 status=0x00000000 acq=3
DBG_ANCHOR_CH5_SCAN_RESCHED ret=1 delay=380
DBG_ANCHOR_CH5_SCAN_HANDLER role=2
DBG_DWM_CH5_RX_HUNT_START acq=3 complete=15 cap=1021
DBG_DWM_CH5_RX_HUNT_EMPTY ret=-116 status=0x00000000 acq=3
DBG_ANCHOR_CH5_SCAN_RESCHED ret=1 delay=380
DBG_ANCHOR_CH5_SCAN_HANDLER role=2
DBG_ANCHOR_CH5_SCAN_ARM now=10538 win=3 complete=15 interval=380 wait=0 tx=0
DBG_DWM_CH5_RX_HUNT_START acq=3 complete=15 cap=1021
DBG_DWM_CH5_RX_HUNT_EMPTY ret=-116 status=0x00000000 acq=3
DBG_ANCHOR_CH5_SCAN_DONE ret=-116 len=0 fail=1 pre=0 q=0 rx_us=3662 complete=15
DBG_ANCHOR_CH5_SCAN_RESCHED ret=1 delay=380
DBG_ANCHOR_CH5_SCAN_HANDLER role=2
DBG_DWM_CH5_RX_HUNT_START acq=3 complete=15 cap=1021
DBG_DWM_CH5_RX_HUNT_EMPTY ret=-116 status=0x00000000 acq=3
DBG_ANCHOR_CH5_SCAN_RESCHED ret=1 delay=380
DBG_ANCHOR_CH5_SCAN_HANDLER role=2
DBG_DWM_CH5_RX_HUNT_START acq=3 complete=15 cap=1021
DBG_DWM_CH5_RX_HUNT_EMPTY ret=-116 status=0x00000000 acq=3
DBG_ANCHOR_CH5_SCAN_RESCHED ret=1 delay=380
DBG_ANCHOR_CH5_SCAN_HANDLER role=2
DBG_ANCHOR_CH5_SCAN_ARM now=11750 win=3 complete=15 interval=380 wait=0 tx=0
DBG_DWM_CH5_RX_HUNT_START acq=3 complete=15 cap=1021
DBG_DWM_CH5_RX_HUNT_EMPTY ret=-116 status=0x00000000 acq=3
DBG_ANCHOR_CH5_SCAN_DONE ret=-116 len=0 fail=1 pre=0 q=0 rx_us=3509 complete=15
DBG_ANCHOR_CH5_SCAN_RESCHED ret=1 delay=380
DBG_ANCHOR_CH5_SCAN_HANDLER role=2
DBG_DWM_CH5_RX_HUNT_START acq=3 complete=15 cap=1021
DBG_DWM_CH5_RX_HUNT_EMPTY ret=-116 status=0x00000000 acq=3
DBG_ANCHOR_CH5_SCAN_RESCHED ret=1 delay=380
DBG_ANCHOR_CH5_SCAN_HANDLER role=2
DBG_DWM_CH5_RX_HUNT_START acq=3 complete=15 cap=1021
DBG_DWM_CH5_RX_HUNT_EMPTY ret=-116 status=0x00000000 acq=3
DBG_ANCHOR_CH5_SCAN_RESCHED ret=1 delay=380
DBG_ANCHOR_CH5_SCAN_HANDLER role=2
DBG_ANCHOR_CH5_SCAN_ARM now=12962 win=3 complete=15 interval=380 wait=0 tx=0
DBG_DWM_CH5_RX_HUNT_START acq=3 complete=15 cap=1021
DBG_DWM_CH5_RX_HUNT_EMPTY ret=-116 status=0x00000000 acq=3
DBG_ANCHOR_CH5_SCAN_DONE ret=-116 len=0 fail=1 pre=0 q=0 rx_us=3295 complete=15
DBG_ANCHOR_CH5_SCAN_RESCHED ret=1 delay=380
DBG_ANCHOR_CH5_SCAN_HANDLER role=2
DBG_DWM_CH5_RX_HUNT_START acq=3 complete=15 cap=1021
DBG_DWM_CH5_RX_HUNT_EMPTY ret=-116 status=0x00000000 acq=3
DBG_ANCHOR_CH5_SCAN_RESCHED ret=1 delay=380
DBG_ANCHOR_CH5_SCAN_HANDLER role=2
DBG_DWM_CH5_RX_HUNT_START acq=3 complete=15 cap=1021
DBG_DWM_CH5_RX_HUNT_EMPTY ret=-116 status=0x00000000 acq=3
DBG_ANCHOR_CH5_SCAN_RESCHED ret=1 delay=380
DBG_ANCHOR_CH5_SCAN_HANDLER role=2
DBG_ANCHOR_CH5_SCAN_ARM now=14174 win=3 complete=15 interval=380 wait=0 tx=0
DBG_DWM_CH5_RX_HUNT_START acq=3 complete=15 cap=1021
DBG_DWM_CH5_RX_HUNT_EMPTY ret=-116 status=0x00000000 acq=3
DBG_ANCHOR_CH5_SCAN_DONE ret=-116 len=0 fail=1 pre=0 q=0 rx_us=4058 complete=15
DBG_ANCHOR_CH5_SCAN_RESCHED ret=1 delay=380
DBG_ANCHOR_CH5_SCAN_HANDLER role=2
DBG_DWM_CH5_RX_HUNT_START acq=3 complete=15 cap=1021
DBG_DWM_CH5_RX_HUNT_EMPTY ret=-116 status=0x00000000 acq=3
DBG_ANCHOR_CH5_SCAN_RESCHED ret=1 delay=380
DBG_ANCHOR_CH5_SCAN_HANDLER role=2
DBG_DWM_CH5_RX_HUNT_START acq=3 complete=15 cap=1021
DBG_DWM_CH5_RX_HUNT_EMPTY ret=-116 status=0x00000000 acq=3
DBG_ANCHOR_CH5_SCAN_RESCHED ret=1 delay=380
DBG_ANCHOR_CH5_SCAN_HANDLER role=2
DBG_ANCHOR_CH5_SCAN_ARM now=15386 win=3 complete=15 interval=380 wait=0 tx=0
DBG_DWM_CH5_RX_HUNT_START acq=3 complete=15 cap=1021
DBG_DWM_CH5_RX_HUNT_EMPTY ret=-116 status=0x00000000 acq=3
DBG_ANCHOR_CH5_SCAN_DONE ret=-116 len=0 fail=1 pre=0 q=0 rx_us=3509 complete=15
DBG_ANCHOR_CH5_SCAN_RESCHED ret=1 delay=380
DBG_ANCHOR_CH5_SCAN_HANDLER role=2
DBG_DWM_CH5_RX_HUNT_START acq=3 complete=15 cap=1021
DBG_DWM_CH5_RX_HUNT_EMPTY ret=-116 status=0x00000000 acq=3
DBG_ANCHOR_CH5_SCAN_RESCHED ret=1 delay=380
DBG_ANCHOR_CH5_SCAN_HANDLER role=2
DBG_DWM_CH5_RX_HUNT_START acq=3 complete=15 cap=1021
DBG_DWM_CH5_RX_HUNT_EMPTY ret=-116 status=0x00000000 acq=3
DBG_ANCHOR_CH5_SCAN_RESCHED ret=1 delay=380
DBG_ANCHOR_CH5_SCAN_HANDLER role=2
DBG_ANCHOR_CH5_SCAN_ARM now=16597 win=3 complete=15 interval=380 wait=0 tx=0
DBG_DWM_CH5_RX_HUNT_START acq=3 complete=15 cap=1021
DBG_DWM_CH5_RX_HUNT_EMPTY ret=-116 status=0x00000000 acq=3
DBG_ANCHOR_CH5_SCAN_DONE ret=-116 len=0 fail=1 pre=0 q=0 rx_us=3692 complete=15
DBG_ANCHOR_CH5_SCAN_RESCHED ret=1 delay=380
DBG_ANCHOR_CH5_SCAN_HANDLER role=2
DBG_DWM_CH5_RX_HUNT_START acq=3 complete=15 cap=1021
DBG_DWM_CH5_RX_HUNT_EMPTY ret=-116 status=0x00000000 acq=3
DBG_ANCHOR_CH5_SCAN_RESCHED ret=1 delay=380
DBG_ANCHOR_CH5_SCAN_HANDLER role=2
DBG_DWM_CH5_RX_HUNT_START acq=3 complete=15 cap=1021
DBG_DWM_CH5_RX_HUNT_EMPTY ret=-116 status=0x00000000 acq=3
DBG_ANCHOR_CH5_SCAN_RESCHED ret=1 delay=380
DBG_ANCHOR_CH5_SCAN_HANDLER role=2
DBG_ANCHOR_CH5_SCAN_ARM now=17809 win=3 complete=15 interval=380 wait=0 tx=0
DBG_DWM_CH5_RX_HUNT_START acq=3 complete=15 cap=1021
DBG_DWM_CH5_RX_HUNT_EMPTY ret=-116 status=0x00000000 acq=3
DBG_ANCHOR_CH5_SCAN_DONE ret=-116 len=0 fail=1 pre=0 q=0 rx_us=3509 complete=15
DBG_ANCHOR_CH5_SCAN_RESCHED ret=1 delay=380
DBG_ANCHOR_CH5_SCAN_HANDLER role=2
DBG_DWM_CH5_RX_HUNT_START acq=3 complete=15 cap=1021
DBG_DWM_CH5_RX_HUNT_EMPTY ret=-116 status=0x00000000 acq=3
DBG_ANCHOR_CH5_SCAN_RESCHED ret=1 delay=380
DBG_ANCHOR_CH5_SCAN_HANDLER role=2
DBG_DWM_CH5_RX_HUNT_START acq=3 complete=15 cap=1021
DBG_DWM_CH5_RX_HUNT_EMPTY ret=-116 status=0x00000000 acq=3
DBG_ANCHOR_CH5_SCAN_RESCHED ret=1 delay=380
DBG_ANCHOR_CH5_SCAN_HANDLER role=2
DBG_ANCHOR_CH5_SCAN_ARM now=19021 win=3 complete=15 interval=380 wait=0 tx=0
DBG_DWM_CH5_RX_HUNT_START acq=3 complete=15 cap=1021
DBG_DWM_CH5_RX_HUNT_EMPTY ret=-116 status=0x00000000 acq=3
DBG_ANCHOR_CH5_SCAN_DONE ret=-116 len=0 fail=1 pre=0 q=0 rx_us=3509 complete=15
DBG_ANCHOR_CH5_SCAN_RESCHED ret=1 delay=380
DBG_ANCHOR_CH5_SCAN_HANDLER role=2
DBG_DWM_CH5_RX_HUNT_START acq=3 complete=15 cap=1021
DBG_DWM_CH5_RX_HUNT_EMPTY ret=-116 status=0x00000000 acq=3
DBG_ANCHOR_CH5_SCAN_RESCHED ret=1 delay=380
DBG_ANCHOR_CH5_SCAN_HANDLER role=2
DBG_DWM_CH5_RX_HUNT_START acq=3 complete=15 cap=1021
DBG_DWM_CH5_RX_HUNT_EMPTY ret=-116 status=0x00000000 acq=3
DBG_ANCHOR_CH5_SCAN_RESCHED ret=1 delay=380
DBG_ANCHOR_CH5_SCAN_HANDLER role=2
DBG_ANCHOR_CH5_SCAN_ARM now=20233 win=3 complete=15 interval=380 wait=0 tx=0
DBG_DWM_CH5_RX_HUNT_START acq=3 complete=15 cap=1021
DBG_DWM_CH5_RX_HUNT_EMPTY ret=-116 status=0x00000000 acq=3
DBG_ANCHOR_CH5_SCAN_DONE ret=-116 len=0 fail=1 pre=0 q=0 rx_us=4089 complete=15
DBG_ANCHOR_CH5_SCAN_RESCHED ret=1 delay=380
DBG_ANCHOR_CH5_SCAN_HANDLER role=2
DBG_DWM_CH5_RX_HUNT_START acq=3 complete=15 cap=1021
DBG_DWM_CH5_RX_HUNT_EMPTY ret=-116 status=0x00000000 acq=3
DBG_ANCHOR_CH5_SCAN_RESCHED ret=1 delay=380
DBG_ANCHOR_CH5_SCAN_HANDLER role=2
DBG_DWM_CH5_RX_HUNT_START acq=3 complete=15 cap=1021
DBG_DWM_CH5_RX_HUNT_EMPTY ret=-116 status=0x00000000 acq=3
DBG_ANCHOR_CH5_SCAN_RESCHED ret=1 delay=380
DBG_ANCHOR_CH5_SCAN_HANDLER role=2
DBG_ANCHOR_CH5_SCAN_ARM now=21445 win=3 complete=15 interval=380 wait=0 tx=0
DBG_DWM_CH5_RX_HUNT_START acq=3 complete=15 cap=1021
DBG_DWM_CH5_RX_HUNT_EMPTY ret=-116 status=0x00000000 acq=3
DBG_ANCHOR_CH5_SCAN_DONE ret=-116 len=0 fail=1 pre=0 q=0 rx_us=3692 complete=15
DBG_ANCHOR_CH5_SCAN_RESCHED ret=1 delay=380
DBG_ANCHOR_CH5_SCAN_HANDLER role=2
DBG_DWM_CH5_RX_HUNT_START acq=3 complete=15 cap=1021
DBG_DWM_CH5_RX_HUNT_EMPTY ret=-116 status=0x00000000 acq=3
DBG_ANCHOR_CH5_SCAN_RESCHED ret=1 delay=380
DBG_ANCHOR_CH5_SCAN_HANDLER role=2
DBG_DWM_CH5_RX_HUNT_START acq=3 complete=15 cap=1021
DBG_DWM_CH5_RX_HUNT_EMPTY ret=-116 status=0x00000000 acq=3
DBG_ANCHOR_CH5_SCAN_RESCHED ret=1 delay=380
DBG_ANCHOR_CH5_SCAN_HANDLER role=2
DBG_ANCHOR_CH5_SCAN_ARM now=22657 win=3 complete=15 interval=380 wait=0 tx=0
DBG_DWM_CH5_RX_HUNT_START acq=3 complete=15 cap=1021
DBG_DWM_CH5_RX_HUNT_EMPTY ret=-116 status=0x00000000 acq=3
DBG_ANCHOR_CH5_SCAN_DONE ret=-116 len=0 fail=1 pre=0 q=0 rx_us=3509 complete=15
DBG_ANCHOR_CH5_SCAN_RESCHED ret=1 delay=380
DBG_ANCHOR_CH5_SCAN_HANDLER role=2
DBG_DWM_CH5_RX_HUNT_START acq=3 complete=15 cap=1021
DBG_DWM_CH5_RX_HUNT_EMPTY ret=-116 status=0x00000000 acq=3
DBG_ANCHOR_CH5_SCAN_RESCHED ret=1 delay=380
DBG_ANCHOR_CH5_SCAN_HANDLER role=2
DBG_DWM_CH5_RX_HUNT_START acq=3 complete=15 cap=1021
DBG_DWM_CH5_RX_HUNT_EMPTY ret=-116 status=0x00000000 acq=3
DBG_ANCHOR_CH5_SCAN_RESCHED ret=1 delay=380
DBG_ANCHOR_CH5_SCAN_HANDLER role=2
DBG_ANCHOR_CH5_SCAN_ARM now=23868 win=3 complete=15 interval=380 wait=0 tx=0
DBG_DWM_CH5_RX_HUNT_START acq=3 complete=15 cap=1021
DBG_DWM_CH5_RX_HUNT_EMPTY ret=-116 status=0x00000000 acq=3
DBG_ANCHOR_CH5_SCAN_DONE ret=-116 len=0 fail=1 pre=0 q=0 rx_us=3509 complete=15
DBG_ANCHOR_CH5_SCAN_RESCHED ret=1 delay=380
DBG_ANCHOR_CH5_SCAN_HANDLER role=2
DBG_DWM_CH5_RX_HUNT_START acq=3 complete=15 cap=1021
DBG_DWM_CH5_RX_HUNT_EMPTY ret=-116 status=0x00000000 acq=3
DBG_ANCHOR_CH5_SCAN_RESCHED ret=1 delay=380
DBG_ANCHOR_CH5_SCAN_HANDLER role=2
DBG_DWM_CH5_RX_HUNT_START acq=3 complete=15 cap=1021
DBG_DWM_CH5_RX_HUNT_EMPTY ret=-116 status=0x00000000 acq=3
DBG_ANCHOR_CH5_SCAN_RESCHED ret=1 delay=380
DBG_ANCHOR_CH5_SCAN_HANDLER role=2
DBG_ANCHOR_CH5_SCAN_ARM now=25080 win=3 complete=15 interval=380 wait=0 tx=0
DBG_DWM_CH5_RX_HUNT_START acq=3 complete=15 cap=1021
DBG_DWM_CH5_RX_HUNT_EMPTY ret=-116 status=0x00000000 acq=3
DBG_ANCHOR_CH5_SCAN_DONE ret=-116 len=0 fail=1 pre=0 q=0 rx_us=3112 complete=15
DBG_ANCHOR_CH5_SCAN_RESCHED ret=1 delay=380
DBG_ANCHOR_CH5_SCAN_HANDLER role=2
DBG_DWM_CH5_RX_HUNT_START acq=3 complete=15 cap=1021
DBG_DWM_CH5_RX_HUNT_EMPTY ret=-116 status=0x00000000 acq=3
DBG_ANCHOR_CH5_SCAN_RESCHED ret=1 delay=380
DBG_ANCHOR_CH5_SCAN_HANDLER role=2
DBG_DWM_CH5_RX_HUNT_START acq=3 complete=15 cap=1021
DBG_DWM_CH5_RX_HUNT_EMPTY ret=-116 status=0x00000000 acq=3
DBG_ANCHOR_CH5_SCAN_RESCHED ret=1 delay=380
DBG_ANCHOR_CH5_SCAN_HANDLER role=2
DBG_ANCHOR_CH5_SCAN_ARM now=26291 win=3 complete=15 interval=380 wait=0 tx=0
DBG_DWM_CH5_RX_HUNT_START acq=3 complete=15 cap=1021
DBG_DWM_CH5_RX_HUNT_EMPTY ret=-116 status=0x00000000 acq=3
DBG_ANCHOR_CH5_SCAN_DONE ret=-116 len=0 fail=1 pre=0 q=0 rx_us=3509 complete=15
DBG_ANCHOR_CH5_SCAN_RESCHED ret=1 delay=380
DBG_ANCHOR_CH5_SCAN_HANDLER role=2
DBG_DWM_CH5_RX_HUNT_START acq=3 complete=15 cap=1021
DBG_DWM_CH5_RX_HUNT_EMPTY ret=-116 status=0x00000000 acq=3
DBG_ANCHOR_CH5_SCAN_RESCHED ret=1 delay=380
DBG_ANCHOR_CH5_SCAN_HANDLER role=2
DBG_DWM_CH5_RX_HUNT_START acq=3 complete=15 cap=1021
DBG_DWM_CH5_RX_HUNT_EMPTY ret=-116 status=0x00000000 acq=3
DBG_ANCHOR_CH5_SCAN_RESCHED ret=1 delay=380
DBG_ANCHOR_CH5_SCAN_HANDLER role=2
DBG_ANCHOR_CH5_SCAN_ARM now=27502 win=3 complete=15 interval=380 wait=0 tx=0
DBG_DWM_CH5_RX_HUNT_START acq=3 complete=15 cap=1021
DBG_DWM_CH5_RX_HUNT_EMPTY ret=-116 status=0x00000000 acq=3
DBG_ANCHOR_CH5_SCAN_DONE ret=-116 len=0 fail=1 pre=0 q=0 rx_us=3692 complete=15
DBG_ANCHOR_CH5_SCAN_RESCHED ret=1 delay=380
DBG_ANCHOR_CH5_SCAN_HANDLER role=2
DBG_DWM_CH5_RX_HUNT_START acq=3 complete=15 cap=1021
DBG_DWM_CH5_RX_HUNT_EMPTY ret=-116 status=0x00000000 acq=3
DBG_ANCHOR_CH5_SCAN_RESCHED ret=1 delay=380
DBG_ANCHOR_CH5_SCAN_HANDLER role=2
DBG_DWM_CH5_RX_HUNT_START acq=3 complete=15 cap=1021
DBG_DWM_CH5_RX_HUNT_EMPTY ret=-116 status=0x00000000 acq=3
DBG_ANCHOR_CH5_SCAN_RESCHED ret=1 delay=380
DBG_ANCHOR_CH5_SCAN_HANDLER role=2
DBG_ANCHOR_CH5_SCAN_ARM now=28714 win=3 complete=15 interval=380 wait=0 tx=0
DBG_DWM_CH5_RX_HUNT_START acq=3 complete=15 cap=1021
DBG_DWM_CH5_RX_HUNT_EMPTY ret=-116 status=0x00000000 acq=3
DBG_ANCHOR_CH5_SCAN_DONE ret=-116 len=0 fail=1 pre=0 q=0 rx_us=3509 complete=15
DBG_ANCHOR_CH5_SCAN_RESCHED ret=1 delay=380
DBG_ANCHOR_CH5_SCAN_HANDLER role=2
DBG_DWM_CH5_RX_HUNT_START acq=3 complete=15 cap=1021
DBG_DWM_CH5_RX_HUNT_EMPTY ret=-116 status=0x00000000 acq=3
DBG_ANCHOR_CH5_SCAN_RESCHED ret=1 delay=380
DBG_ANCHOR_CH5_SCAN_HANDLER role=2
DBG_DWM_CH5_RX_HUNT_START acq=3 complete=15 cap=1021
DBG_DWM_CH5_RX_HUNT_EMPTY ret=-116 status=0x00000000 acq=3
DBG_ANCHOR_CH5_SCAN_RESCHED ret=1 delay=380
DBG_ANCHOR_CH5_SCAN_HANDLER role=2
DBG_ANCHOR_CH5_SCAN_ARM now=29926 win=3 complete=15 interval=380 wait=0 tx=0
DBG_DWM_CH5_RX_HUNT_START acq=3 complete=15 cap=1021
DBG_DWM_CH5_RX_HUNT_EMPTY ret=-116 status=0x00000000 acq=3
DBG_ANCHOR_CH5_SCAN_DONE ret=-116 len=0 fail=1 pre=0 q=0 rx_us=3509 complete=15
DBG_ANCHOR_CH5_SCAN_RESCHED ret=1 delay=380
DBG_ANCHOR_CH5_SCAN_HANDLER role=2
DBG_DWM_CH5_RX_HUNT_START acq=3 complete=15 cap=1021
DBG_DWM_CH5_RX_HUNT_EMPTY ret=-116 status=0x00000000 acq=3
DBG_ANCHOR_CH5_SCAN_RESCHED ret=1 delay=380
DBG_ANCHOR_CH5_SCAN_HANDLER role=2
DBG_DWM_CH5_RX_HUNT_START acq=3 complete=15 cap=1021
DBG_DWM_CH5_RX_HUNT_EMPTY ret=-116 status=0x00000000 acq=3
DBG_ANCHOR_CH5_SCAN_RESCHED ret=1 delay=380
DBG_ANCHOR_CH5_SCAN_HANDLER role=2
DBG_ANCHOR_CH5_SCAN_ARM now=31138 win=3 complete=15 interval=380 wait=0 tx=0
DBG_DWM_CH5_RX_HUNT_START acq=3 complete=15 cap=1021
DBG_DWM_CH5_RX_HUNT_EMPTY ret=-116 status=0x00000000 acq=3
DBG_ANCHOR_CH5_SCAN_DONE ret=-116 len=0 fail=1 pre=0 q=0 rx_us=3143 complete=15
DBG_ANCHOR_CH5_SCAN_RESCHED ret=1 delay=380
DBG_ANCHOR_CH5_SCAN_HANDLER role=2
DBG_DWM_CH5_RX_HUNT_START acq=3 complete=15 cap=1021
DBG_DWM_CH5_RX_HUNT_EMPTY ret=-116 status=0x00000000 acq=3
DBG_ANCHOR_CH5_SCAN_RESCHED ret=1 delay=380
DBG_ANCHOR_CH5_SCAN_HANDLER role=2
DBG_DWM_CH5_RX_HUNT_START acq=3 complete=15 cap=1021
DBG_DWM_CH5_RX_HUNT_EMPTY ret=-116 status=0x00000000 acq=3
DBG_ANCHOR_CH5_SCAN_RESCHED ret=1 delay=380
DBG_ANCHOR_CH5_SCAN_HANDLER role=2
DBG_ANCHOR_CH5_SCAN_ARM now=32349 win=3 complete=15 interval=380 wait=0 tx=0
DBG_DWM_CH5_RX_HUNT_START acq=3 complete=15 cap=1021
DBG_DWM_CH5_RX_HUNT_EMPTY ret=-116 status=0x00000000 acq=3
DBG_ANCHOR_CH5_SCAN_DONE ret=-116 len=0 fail=1 pre=0 q=0 rx_us=3479 complete=15
DBG_ANCHOR_CH5_SCAN_RESCHED ret=1 delay=380
DBG_ANCHOR_CH5_SCAN_HANDLER role=2
DBG_DWM_CH5_RX_HUNT_START acq=3 complete=15 cap=1021
DBG_DWM_CH5_RX_HUNT_EMPTY ret=-116 status=0x00000000 acq=3
DBG_ANCHOR_CH5_SCAN_RESCHED ret=1 delay=380
DBG_ANCHOR_CH5_SCAN_HANDLER role=2
DBG_DWM_CH5_RX_HUNT_START acq=3 complete=15 cap=1021
DBG_DWM_CH5_RX_HUNT_EMPTY ret=-116 status=0x00000000 acq=3
DBG_ANCHOR_CH5_SCAN_RESCHED ret=1 delay=380
DBG_ANCHOR_CH5_SCAN_HANDLER role=2
DBG_ANCHOR_CH5_SCAN_ARM now=33560 win=3 complete=15 interval=380 wait=0 tx=0
DBG_DWM_CH5_RX_HUNT_START acq=3 complete=15 cap=1021
DBG_DWM_CH5_RX_HUNT_EMPTY ret=-116 status=0x00000000 acq=3
DBG_ANCHOR_CH5_SCAN_DONE ret=-116 len=0 fail=1 pre=0 q=0 rx_us=3662 complete=15
DBG_ANCHOR_CH5_SCAN_RESCHED ret=1 delay=380
DBG_ANCHOR_CH5_SCAN_HANDLER role=2
DBG_DWM_CH5_RX_HUNT_START acq=3 complete=15 cap=1021
DBG_DWM_CH5_RX_HUNT_EMPTY ret=-116 status=0x00000000 acq=3
DBG_ANCHOR_CH5_SCAN_RESCHED ret=1 delay=380
DBG_ANCHOR_CH5_SCAN_HANDLER role=2
DBG_DWM_CH5_RX_HUNT_START acq=3 complete=15 cap=1021
DBG_DWM_CH5_RX_HUNT_EMPTY ret=-116 status=0x00000000 acq=3
DBG_ANCHOR_CH5_SCAN_RESCHED ret=1 delay=380
DBG_ANCHOR_CH5_SCAN_HANDLER role=2
DBG_ANCHOR_CH5_SCAN_ARM now=34772 win=3 complete=15 interval=380 wait=0 tx=0
DBG_DWM_CH5_RX_HUNT_START acq=3 complete=15 cap=1021
DBG_DWM_CH5_RX_HUNT_EMPTY ret=-116 status=0x00000000 acq=3
DBG_ANCHOR_CH5_SCAN_DONE ret=-116 len=0 fail=1 pre=0 q=0 rx_us=3479 complete=15
DBG_ANCHOR_CH5_SCAN_RESCHED ret=1 delay=380
DBG_ANCHOR_CH5_SCAN_HANDLER role=2
DBG_DWM_CH5_RX_HUNT_START acq=3 complete=15 cap=1021
DBG_DWM_CH5_RX_HUNT_EMPTY ret=-116 status=0x00000000 acq=3
DBG_ANCHOR_CH5_SCAN_RESCHED ret=1 delay=380
DBG_ANCHOR_CH5_SCAN_HANDLER role=2
DBG_DWM_CH5_RX_HUNT_START acq=3 complete=15 cap=1021
DBG_DWM_CH5_RX_HUNT_EMPTY ret=-116 status=0x00000000 acq=3
DBG_ANCHOR_CH5_SCAN_RESCHED ret=1 delay=380
DBG_ANCHOR_CH5_SCAN_HANDLER role=2
DBG_ANCHOR_CH5_SCAN_ARM now=35984 win=3 complete=15 interval=380 wait=0 tx=0
DBG_DWM_CH5_RX_HUNT_START acq=3 complete=15 cap=1021
DBG_DWM_CH5_RX_HUNT_EMPTY ret=-116 status=0x00000000 acq=3
DBG_ANCHOR_CH5_SCAN_DONE ret=-116 len=0 fail=1 pre=0 q=0 rx_us=3479 complete=15
DBG_ANCHOR_CH5_SCAN_RESCHED ret=1 delay=380
DBG_ANCHOR_CH5_SCAN_HANDLER role=2
DBG_DWM_CH5_RX_HUNT_START acq=3 complete=15 cap=1021
DBG_DWM_CH5_RX_HUNT_EMPTY ret=-116 status=0x00000000 acq=3
DBG_ANCHOR_CH5_SCAN_RESCHED ret=1 delay=380
DBG_ANCHOR_CH5_SCAN_HANDLER role=2
DBG_DWM_CH5_RX_HUNT_START acq=3 complete=15 cap=1021
DBG_DWM_CH5_RX_HUNT_EMPTY ret=-116 status=0x00000000 acq=3
DBG_ANCHOR_CH5_SCAN_RESCHED ret=1 delay=380
DBG_ANCHOR_CH5_SCAN_HANDLER role=2
DBG_ANCHOR_CH5_SCAN_ARM now=37196 win=3 complete=15 interval=380 wait=0 tx=0
DBG_DWM_CH5_RX_HUNT_START acq=3 complete=15 cap=1021
DBG_DWM_CH5_RX_HUNT_EMPTY ret=-116 status=0x00000000 acq=3
DBG_ANCHOR_CH5_SCAN_DONE ret=-116 len=0 fail=1 pre=0 q=0 rx_us=4058 complete=15
DBG_ANCHOR_CH5_SCAN_RESCHED ret=1 delay=380
DBG_ANCHOR_CH5_SCAN_HANDLER role=2
DBG_DWM_CH5_RX_HUNT_START acq=3 complete=15 cap=1021
DBG_DWM_CH5_RX_HUNT_EMPTY ret=-116 status=0x00000000 acq=3
DBG_ANCHOR_CH5_SCAN_RESCHED ret=1 delay=380
DBG_ANCHOR_CH5_SCAN_HANDLER role=2
DBG_DWM_CH5_RX_HUNT_START acq=3 complete=15 cap=1021
DBG_DWM_CH5_RX_HUNT_EMPTY ret=-116 status=0x00000000 acq=3
DBG_ANCHOR_CH5_SCAN_RESCHED ret=1 delay=380
DBG_ANCHOR_CH5_SCAN_HANDLER role=2
DBG_ANCHOR_CH5_SCAN_ARM now=38408 win=3 complete=15 interval=380 wait=0 tx=0
DBG_DWM_CH5_RX_HUNT_START acq=3 complete=15 cap=1021
DBG_DWM_CH5_RX_ACTIVITY_EXTEND ret=0 status=0x00000100 complete=15
DBG_DWM_CH5_RX_ACTIVITY_WAIT status=0x00000100 remain=15
DBG_DWM_CH5_RX_ACTIVITY_DONE raw=51 payload=49 status=0x00006f00 rearm=0 extended=1
DBG_ANCHOR_CH5_SCAN_DONE ret=0 len=49 fail=0 pre=1 q=100 rx_us=7659 complete=15
DBG_UWB_RX_CH5
DBG_ANCHOR_CH5_FRAME len=49 q=100 wake_ret=0
DBG_ANCHOR_DIRECT_GATEWAY_WAKE_LISTEN src=0x9999888877776666 evt=39859 flags=0x93
DBG_ANCHOR_ROUTE_WAKE_DISPATCH src=0x9999888877776666 evt=39859 attempt=1 flags=0x93 len=49 q=100
DBG_C5_CONTACT phase=open state=2 peer=0x9999888877776666 purpose=route_solicit reason=wake-claim
DBG_C5_CONTACT phase=accepted state=2 peer=0x9999888877776666 purpose=route_solicit reason=wake-claim
DBG_ANCHOR_ROUTE_WAKE_HANDOFF src=0x9999888877776666 evt=39859 attempt=1 flags=0x93 embedded=0 listen=2000
DBG_C5_CONTACT phase=closing state=4 peer=0x9999888877776666 purpose=route_solicit reason=replace
DBG_ROUTE_REPLY_LISTEN_START
DBG_DWM_WAKE_MESH_CTRL_OK sfd=4073
DBG_ROUTE_REPLY_LISTEN_CONFIG ret=0 ext=1
DBG_C5_CONTROL_LISTENER_HOLD_EXTENDED
DBG_C5_RX_FAIL status=0x00001700 finfo=0x00000000 fail=4 phy=4 ch=5 plen=3 pac=2 txc=9 rxc=9 sfd=2 rate=0 phr=1 phrr=0 sfdto=4
DBG_C5_CONTROL_LISTENER_HOLD_EXTENDED
DBG_C5_CONTROL_LISTENER_HOLD_EXTENDED
DBG_C5_CONTROL_LISTENER_HOLD_EXTENDED
DBG_C5_CONTROL_LISTENER_HOLD_EXTENDED
DBG_C5_CONTROL_LISTENER_HOLD_EXTENDED
DBG_C5_CONTROL_LISTENER_HOLD_EXTENDED
DBG_C5_CONTROL_LISTENER_HOLD_EXTENDED
DBG_C5_CONTROL_LISTENER_HOLD_EXTENDED
DBG_C5_CONTROL_LISTENER_HOLD_EXTENDED
DBG_C5_CONTROL_LISTENER_HOLD_EXTENDED
DBG_C5_CONTROL_LISTENER_HOLD_EXTENDED
DBG_C5_CONTROL_LISTENER_HOLD_EXTENDED
DBG_C5_CONTROL_LISTENER_HOLD_EXTENDED
DBG_C5_CONTROL_LISTENER_HOLD_EXTENDED
DBG_C5_CONTROL_LISTENER_HOLD_EXTENDED
DBG_C5_CONTROL_LISTENER_HOLD_EXTENDED
DBG_C5_CONTROL_LISTENER_HOLD_EXTENDED
DBG_C5_CONTROL_LISTENER_HOLD_EXTENDED
DBG_C5_CONTROL_LISTENER_HOLD_EXTENDED
DBG_C5_CONTROL_LISTENER_HOLD_EXTENDED
DBG_C5_CONTROL_LISTENER_HOLD_EXTENDED
DBG_C5_CONTROL_LISTENER_HOLD_EXTENDED
DBG_C5_CONTROL_LISTENER_HOLD_EXTENDED
DBG_C5_CONTROL_LISTENER_HOLD_EXTENDED
DBG_C5_CONTROL_LISTENER_HOLD_EXTENDED
DBG_C5_CONTROL_LISTENER_HOLD_EXTENDED
DBG_C5_CONTROL_LISTENER_HOLD_EXTENDED
DBG_C5_CONTROL_LISTENER_HOLD_EXTENDED
DBG_C5_CONTROL_LISTENER_HOLD_EXTENDED
DBG_C5_CONTROL_LISTENER_HOLD_EXTENDED
DBG_C5_CONTROL_LISTENER_HOLD_EXTENDED
DBG_C5_CONTROL_LISTENER_HOLD_EXTENDED
DBG_C5_CONTROL_LISTENER_HOLD_EXTENDED
DBG_C5_CONTROL_LISTENER_HOLD_EXTENDED
DBG_C5_CONTROL_LISTENER_HOLD_EXTENDED
DBG_C5_CONTROL_LISTENER_HOLD_EXTENDED
DBG_C5_CONTROL_LISTENER_HOLD_EXTENDED
DBG_C5_CONTROL_LISTENER_HOLD_EXTENDED
DBG_C5_CONTROL_LISTENER_HOLD_EXTENDED
DBG_C5_CONTROL_LISTENER_HOLD_EXTENDED
DBG_C5_CONTROL_LISTENER_HOLD_EXTENDED
DBG_C5_CONTROL_LISTENER_HOLD_EXTENDED
DBG_C5_CONTROL_LISTENER_HOLD_EXTENDED
DBG_C5_CONTROL_LISTENER_HOLD_EXTENDED
DBG_C5_CONTROL_LISTENER_HOLD_EXTENDED
DBG_C5_CONTROL_LISTENER_HOLD_EXTENDED
DBG_C5_CONTROL_LISTENER_HOLD_EXTENDED
DBG_C5_CONTROL_LISTENER_HOLD_EXTENDED
DBG_C5_CONTROL_LISTENER_HOLD_EXTENDED
DBG_C5_CONTROL_LISTENER_HOLD_EXTENDED
DBG_C5_CONTROL_LISTENER_HOLD_EXTENDED
DBG_C5_CONTROL_LISTENER_HOLD_EXTENDED
DBG_C5_CONTROL_LISTENER_HOLD_EXTENDED
DBG_C5_CONTROL_LISTENER_HOLD_EXTENDED
DBG_C5_CONTROL_LISTENER_HOLD_EXTENDED
DBG_C5_CONTROL_LISTENER_HOLD_EXTENDED
DBG_C5_CONTROL_LISTENER_HOLD_EXTENDED
DBG_ROUTE_REPLY_RX_FRAME
DBG_ROUTE_REPLY_UNRELATED msg=0x40 src=0x9999888877776666 dst=0x0 prev=0x9999888877776666 target=0x9999888877776666 session=16
DBG_ROUTE_REPLY_RX_FRAME
DBG_ROUTE_REPLY_UNRELATED msg=0x40 src=0x9999888877776666 dst=0x0 prev=0x9999888877776666 target=0x9999888877776666 session=16
DBG_C5_CONTROL_LISTENER_HOLD_EXTENDED
DBG_C5_CONTROL_LISTENER_HOLD_EXTENDED
DBG_C5_CONTROL_LISTENER_HOLD_EXTENDED
DBG_C5_CONTROL_LISTENER_HOLD_EXTENDED
DBG_C5_CONTROL_LISTENER_HOLD_EXTENDED
DBG_C5_CONTROL_LISTENER_HOLD_EXTENDED
DBG_C5_CONTROL_LISTENER_HOLD_EXTENDED
DBG_C5_CONTROL_LISTENER_HOLD_EXTENDED
DBG_C5_CONTROL_LISTENER_HOLD_EXTENDED
DBG_C5_CONTROL_LISTENER_HOLD_EXTENDED
DBG_C5_CONTROL_LISTENER_HOLD_EXTENDED
DBG_C5_CONTROL_LISTENER_HOLD_EXTENDED
DBG_C5_CONTROL_LISTENER_HOLD_EXTENDED
DBG_C5_CONTROL_LISTENER_HOLD_EXTENDED
DBG_C5_CONTROL_LISTENER_HOLD_EXTENDED
DBG_C5_CONTROL_LISTENER_HOLD_EXTENDED
DBG_C5_CONTROL_LISTENER_HOLD_EXTENDED
DBG_C5_CONTROL_LISTENER_HOLD_EXTENDED
DBG_C5_CONTROL_LISTENER_HOLD_EXTENDED
DBG_C5_CONTROL_LISTENER_HOLD_EXTENDED
DBG_C5_CONTROL_LISTENER_HOLD_EXTENDED
DBG_C5_CONTROL_LISTENER_HOLD_EXTENDED
DBG_C5_CONTROL_LISTENER_HOLD_EXTENDED
DBG_C5_CONTROL_LISTENER_HOLD_EXTENDED
DBG_C5_CONTROL_LISTENER_HOLD_EXTENDED
DBG_C5_CONTROL_LISTENER_HOLD_EXTENDED
DBG_C5_CONTROL_LISTENER_HOLD_EXTENDED
DBG_C5_CONTROL_LISTENER_HOLD_EXTENDED
DBG_C5_CONTROL_LISTENER_HOLD_EXTENDED
DBG_C5_CONTROL_LISTENER_HOLD_EXTENDED
DBG_C5_CONTROL_LISTENER_HOLD_EXTENDED
DBG_C5_CONTROL_LISTENER_HOLD_EXTENDED
DBG_C5_CONTROL_LISTENER_HOLD_EXTENDED
DBG_C5_CONTROL_LISTENER_HOLD_EXTENDED
DBG_C5_CONTROL_LISTENER_HOLD_EXTENDED
DBG_C5_CONTROL_LISTENER_HOLD_EXTENDED
DBG_C5_CONTROL_LISTENER_HOLD_EXTENDED
DBG_C5_CONTROL_LISTENER_HOLD_EXTENDED
DBG_C5_CONTROL_LISTENER_HOLD_EXTENDED
DBG_C5_CONTROL_LISTENER_HOLD_EXTENDED
DBG_C5_CONTROL_LISTENER_HOLD_EXTENDED
DBG_C5_CONTROL_LISTENER_HOLD_EXTENDED
DBG_C5_CONTROL_LISTENER_HOLD_EXTENDED
DBG_C5_CONTROL_LISTENER_HOLD_EXTENDED
DBG_C5_CONTROL_LISTENER_HOLD_EXTENDED
DBG_C5_CONTROL_LISTENER_HOLD_EXTENDED
DBG_C5_CONTROL_LISTENER_HOLD_EXTENDED
DBG_C5_CONTROL_LISTENER_HOLD_EXTENDED
DBG_C5_CONTROL_LISTENER_HOLD_EXTENDED
DBG_C5_CONTROL_LISTENER_HOLD_EXTENDED
DBG_C5_CONTROL_LISTENER_HOLD_EXTENDED
DBG_C5_CONTROL_LISTENER_HOLD_EXTENDED
DBG_C5_CONTROL_LISTENER_HOLD_EXTENDED
DBG_ROUTE_REPLY_RX_FRAME
DBG_C5_CONTROL_ROUTE_READY msg=0x40 prev=0x191a9619c6c8cb07 ttl=7 origin_ttl=8 relay=0 ret=0
DBG_C5_CONTROL_ROUTE_STATE epoch=1 sel=0 next=0x191a9619c6c8cb07 hop=1 timing=0
DBG_UWB_RX_CH5
DBG_MESH_RX_QUEUED ch=5 msg=0x40 src=0x9999888877776666 dst=0x0 prev=0x191a9619c6c8cb07 seq=1 q=1
DBG_MESH_RX_DEFERRED q=1 msg=0x40
DBG_COORD state=mesh-rx owner=uwb-rx reason=mesh-rx rx=1 tx=0 relay=0 route=0 ack=0 qack=0
DBG_ANCHOR_MESH_RX_YIELD reason=anchor-low-duty-ch5-owner ch9=0 delay=0 scan_int=380 scan_win=3 wait=0 q=1
DBG_MESH_RX_WORK_WAIT q=1
DBG_MESH_RX_WORK_ENTER q=1
DBG_MESH_RX_DRAIN_ENTER owner=work q=1
DBG_C5_CONTACT phase=closing state=4 peer=0x9999888877776666 purpose=gateway_command_flood reason=replace
DBG_C5_CONTACT phase=open state=2 peer=0x191a9619c6c8cb07 purpose=gateway_command_flood reason=c5-control-rx
DBG_C5_CONTACT phase=accepted state=2 peer=0x191a9619c6c8cb07 purpose=gateway_command_flood reason=c5-control-rx
DBG_ROUTE_REPLY_LISTEN_DONE captured=1 ret=-11
DBG_ANCHOR_CH5_SCAN_HANDLER role=2
DBG_ANCHOR_CH5_SCAN_ARM now=40057 win=3 complete=15 interval=380 wait=0 tx=0
DBG_DWM_CH5_RX_HUNT_START acq=3 complete=15 cap=1021
DBG_DWM_CH5_RX_HUNT_EMPTY ret=-116 status=0x00000000 acq=3
DBG_ANCHOR_CH5_SCAN_DONE ret=-116 len=0 fail=1 pre=0 q=0 rx_us=3173 complete=15
DBG_ANCHOR_CH5_SCAN_RESCHED ret=1 delay=380
DBG_ANCHOR_CH5_SCAN_HANDLER role=2
DBG_DWM_CH5_RX_HUNT_START acq=3 complete=15 cap=1021
DBG_DWM_CH5_RX_HUNT_EMPTY ret=-116 status=0x00000000 acq=3
DBG_ANCHOR_CH5_SCAN_RESCHED ret=1 delay=380
DBG_ANCHOR_CH5_SCAN_HANDLER role=2
DBG_DWM_CH5_RX_HUNT_START acq=3 complete=15 cap=1021
DBG_DWM_CH5_RX_HUNT_EMPTY ret=-116 status=0x00000000 acq=3
DBG_ANCHOR_CH5_SCAN_RESCHED ret=1 delay=380
DBG_ANCHOR_CH5_SCAN_HANDLER role=2
DBG_ANCHOR_CH5_SCAN_ARM now=41267 win=3 complete=15 interval=380 wait=0 tx=0
DBG_DWM_CH5_RX_HUNT_START acq=3 complete=15 cap=1021
DBG_DWM_CH5_RX_HUNT_EMPTY ret=-116 status=0x00000000 acq=3
DBG_ANCHOR_CH5_SCAN_DONE ret=-116 len=0 fail=1 pre=0 q=0 rx_us=3204 complete=15
DBG_ANCHOR_CH5_SCAN_RESCHED ret=1 delay=380
DBG_ANCHOR_CH5_SCAN_HANDLER role=2
DBG_DWM_CH5_RX_HUNT_START acq=3 complete=15 cap=1021
DBG_DWM_CH5_RX_HUNT_EMPTY ret=-116 status=0x00000000 acq=3
DBG_ANCHOR_CH5_SCAN_RESCHED ret=1 delay=380
DBG_ANCHOR_CH5_SCAN_HANDLER role=2
DBG_DWM_CH5_RX_HUNT_START acq=3 complete=15 cap=1021
DBG_DWM_CH5_RX_HUNT_EMPTY ret=-116 status=0x00000000 acq=3
DBG_ANCHOR_CH5_SCAN_RESCHED ret=1 delay=380
DBG_ANCHOR_CH5_SCAN_HANDLER role=2
DBG_ANCHOR_CH5_SCAN_ARM now=42476 win=3 complete=15 interval=380 wait=0 tx=0
DBG_DWM_CH5_RX_HUNT_START acq=3 complete=15 cap=1021
DBG_DWM_CH5_RX_HUNT_EMPTY ret=-116 status=0x00000000 acq=3
DBG_ANCHOR_CH5_SCAN_DONE ret=-116 len=0 fail=1 pre=0 q=0 rx_us=4119 complete=15
DBG_ANCHOR_CH5_SCAN_RESCHED ret=1 delay=380
DBG_ANCHOR_CH5_SCAN_HANDLER role=2
DBG_DWM_CH5_RX_HUNT_START acq=3 complete=15 cap=1021
DBG_DWM_CH5_RX_HUNT_EMPTY ret=-116 status=0x00000000 acq=3
DBG_ANCHOR_CH5_SCAN_RESCHED ret=1 delay=380
DBG_WAKE_TRAIN_GUARD_OK
DBG_WAKE_TRAIN_CONFIG_BEGIN
DBG_WAKE_TRAIN_CONFIG_OK
DBG_WAKE_TRAIN_FIRST_SEND_BEGIN
DBG_WAKE_TRAIN_FIRST_SEND_OK
DBG_UWB_TX_CH5
DBG_TX_WAKE_CLAIM_SENT
DBG_UWB_TX_CH5
DBG_TX_WAKE_CLAIM_SENT
DBG_UWB_TX_CH5
DBG_TX_WAKE_CLAIM_SENT
DBG_DWM_CH5_RX_HUNT_START acq=3 complete=15 cap=125
DBG_DWM_CH5_RX_ACTIVITY_EXTEND ret=0 status=0x00000100 complete=15
DBG_DWM_CH5_RX_ACTIVITY_WAIT status=0x00000100 remain=15
DBG_DWM_CH5_RX_ACTIVITY_DONE raw=51 payload=49 status=0x00006f00 rearm=0 extended=1
DBG_ROUTE_WAKE_RX_ACTIVITY ret=0 fail=0 len=49 click=0
DBG_MESH_WAKE_POLITE_BACKOFF phase=train target=0x0 retry=1/3 delay=337 reason=broadcast-forward
DBG_ANCHOR_CH5_SCAN_HANDLER role=2
DBG_DWM_CH5_RX_HUNT_START acq=3 complete=15 cap=1021
DBG_DWM_CH5_RX_HUNT_EMPTY ret=-116 status=0x00000000 acq=3
DBG_ANCHOR_CH5_SCAN_RESCHED ret=1 delay=380
DBG_WAKE_TRAIN_GUARD_OK
DBG_MESH_WAKE_POLITE_ACTIVITY phase=pre target=0x0 retry=1 ret=0 fail=3 reason=broadcast-forward
DBG_MESH_WAKE_POLITE_BACKOFF phase=pre target=0x0 retry=2/3 delay=527 reason=broadcast-forward
DBG_ANCHOR_CH5_SCAN_HANDLER role=2
DBG_ANCHOR_CH5_SCAN_ARM now=43687 win=3 complete=15 interval=380 wait=0 tx=0
DBG_DWM_CH5_RX_HUNT_START acq=3 complete=15 cap=1021
DBG_DWM_CH5_RX_HUNT_EMPTY ret=-116 status=0x00000000 acq=3
DBG_ANCHOR_CH5_SCAN_DONE ret=-116 len=0 fail=1 pre=0 q=0 rx_us=3662 complete=15
DBG_ANCHOR_CH5_SCAN_RESCHED ret=1 delay=380
DBG_WAKE_TRAIN_GUARD_OK
DBG_MESH_WAKE_POLITE_ACTIVITY phase=pre target=0x0 retry=2 ret=0 fail=3 reason=broadcast-forward
DBG_MESH_WAKE_POLITE_BACKOFF phase=pre target=0x0 retry=3/3 delay=808 reason=broadcast-forward
DBG_ANCHOR_CH5_SCAN_HANDLER role=2
DBG_DWM_CH5_RX_HUNT_START acq=3 complete=15 cap=1021
DBG_DWM_CH5_RX_ACTIVITY_EXTEND ret=0 status=0x00000100 complete=15
DBG_DWM_CH5_RX_ACTIVITY_WAIT status=0x00000100 remain=15
DBG_DWM_CH5_RX_ACTIVITY_DONE raw=51 payload=49 status=0x00006f00 rearm=0 extended=1
DBG_ANCHOR_CH5_SCAN_DONE ret=0 len=49 fail=0 pre=1 q=100 rx_us=5676 complete=15
DBG_UWB_RX_CH5
DBG_ANCHOR_CH5_FRAME len=49 q=100 wake_ret=0
DBG_ANCHOR_ROUTE_WAKE_DISPATCH src=0x708bc0aab970300e evt=42154 attempt=1 flags=0x93 len=49 q=100
DBG_C5_CONTACT phase=open state=2 peer=0x708bc0aab970300e purpose=route_solicit reason=wake-claim
DBG_C5_CONTACT phase=accepted state=2 peer=0x708bc0aab970300e purpose=route_solicit reason=wake-claim
DBG_ANCHOR_ROUTE_WAKE_HANDOFF src=0x708bc0aab970300e evt=42154 attempt=1 flags=0x93 embedded=0 listen=2000
DBG_C5_CONTACT phase=closing state=4 peer=0x708bc0aab970300e purpose=route_solicit reason=replace
DBG_ROUTE_REPLY_LISTEN_START
DBG_DWM_WAKE_MESH_CTRL_OK sfd=4073
DBG_ROUTE_REPLY_LISTEN_CONFIG ret=0 ext=1
DBG_C5_CONTROL_LISTENER_HOLD_EXTENDED
DBG_C5_RX_FAIL status=0x00001700 finfo=0x00000000 fail=4 phy=4 ch=5 plen=3 pac=2 txc=9 rxc=9 sfd=2 rate=0 phr=1 phrr=0 sfdto=4
DBG_C5_CONTROL_LISTENER_HOLD_EXTENDED
DBG_C5_CONTROL_LISTENER_HOLD_EXTENDED
DBG_C5_CONTROL_LISTENER_HOLD_EXTENDED
DBG_C5_CONTROL_LISTENER_HOLD_EXTENDED
DBG_C5_CONTROL_LISTENER_HOLD_EXTENDED
DBG_C5_CONTROL_LISTENER_HOLD_EXTENDED
DBG_C5_CONTROL_LISTENER_HOLD_EXTENDED
DBG_C5_CONTROL_LISTENER_HOLD_EXTENDED
DBG_C5_CONTROL_LISTENER_HOLD_EXTENDED
DBG_C5_CONTROL_LISTENER_HOLD_EXTENDED
DBG_C5_CONTROL_LISTENER_HOLD_EXTENDED
DBG_C5_CONTROL_LISTENER_HOLD_EXTENDED
DBG_C5_CONTROL_LISTENER_HOLD_EXTENDED
DBG_C5_CONTROL_LISTENER_HOLD_EXTENDED
DBG_C5_CONTROL_LISTENER_HOLD_EXTENDED
DBG_C5_CONTROL_LISTENER_HOLD_EXTENDED
DBG_C5_CONTROL_LISTENER_HOLD_EXTENDED
DBG_C5_CONTROL_LISTENER_HOLD_EXTENDED
DBG_C5_CONTROL_LISTENER_HOLD_EXTENDED
DBG_C5_CONTROL_LISTENER_HOLD_EXTENDED
DBG_C5_CONTROL_LISTENER_HOLD_EXTENDED
DBG_C5_CONTROL_LISTENER_HOLD_EXTENDED
DBG_C5_CONTROL_LISTENER_HOLD_EXTENDED
DBG_C5_CONTROL_LISTENER_HOLD_EXTENDED
DBG_C5_CONTROL_LISTENER_HOLD_EXTENDED
DBG_C5_CONTROL_LISTENER_HOLD_EXTENDED
DBG_ROUTE_REPLY_RX_FRAME
DBG_C5_CONTROL_HOPS_REJECT msg=0x40 got=2 required=1
DBG_C5_CONTROL_LISTENER_HOLD_EXTENDED
DBG_ROUTE_REPLY_RX_FRAME
DBG_C5_CONTROL_HOPS_REJECT msg=0x40 got=2 required=1
DBG_ROUTE_REPLY_RX_FRAME
DBG_C5_CONTROL_HOPS_REJECT msg=0x40 got=2 required=1
DBG_WAKE_TRAIN_GUARD_FAIL
DBG_C5_CONTACT phase=closing state=4 peer=0x708bc0aab970300e purpose=gateway_command_flood reason=wake-train-guard-fail
DBG_DISCOVERY_SLOT_RESPONSE_SCHEDULED phase=1 epoch=16777219 delay=9473 slot=1 lane=1/3 hop=2 hash=0x84e5bb6fd3fa9660
DBG_MESH_RX_DRAIN_EXIT owner=work handled=1 q=0
DBG_MESH_RX_WORK_EXIT handled=1 q=0
DBG_ANCHOR_MESH_RX_YIELD reason=anchor-low-duty-ch5-owner ch9=0 delay=0 scan_int=380 scan_win=3 wait=0 q=0
DBG_ROUTE_REPLY_RX_FRAME
DBG_C5_CONTROL_HOPS_REJECT msg=0x40 got=2 required=1
DBG_C5_CONTROL_LISTENER_HOLD_EXTENDED
DBG_C5_CONTROL_LISTENER_HOLD_EXTENDED
DBG_C5_CONTROL_LISTENER_HOLD_EXTENDED
DBG_C5_CONTROL_LISTENER_HOLD_EXTENDED
DBG_WAKE_TRAIN_GUARD_FAIL
DBG_C5_CONTROL_LISTENER_HOLD_EXTENDED
DBG_C5_CONTROL_LISTENER_HOLD_EXTENDED
DBG_C5_CONTROL_LISTENER_HOLD_EXTENDED
DBG_C5_CONTROL_LISTENER_HOLD_EXTENDED
DBG_C5_CONTROL_LISTENER_HOLD_EXTENDED
DBG_C5_CONTROL_LISTENER_HOLD_EXTENDED
DBG_C5_CONTROL_LISTENER_HOLD_EXTENDED
DBG_C5_CONTROL_LISTENER_HOLD_EXTENDED
DBG_C5_CONTROL_LISTENER_HOLD_EXTENDED
DBG_C5_CONTROL_LISTENER_HOLD_EXTENDED
DBG_C5_CONTROL_LISTENER_HOLD_EXTENDED
DBG_C5_CONTROL_LISTENER_HOLD_EXTENDED
DBG_C5_CONTROL_LISTENER_HOLD_EXTENDED
DBG_C5_CONTROL_LISTENER_HOLD_EXTENDED
DBG_C5_CONTROL_LISTENER_HOLD_EXTENDED
DBG_C5_CONTROL_LISTENER_HOLD_EXTENDED
DBG_C5_CONTROL_LISTENER_HOLD_EXTENDED
DBG_C5_CONTROL_LISTENER_HOLD_EXTENDED
DBG_C5_CONTROL_LISTENER_HOLD_EXTENDED
DBG_C5_CONTROL_LISTENER_HOLD_EXTENDED
DBG_C5_CONTROL_LISTENER_HOLD_EXTENDED
DBG_C5_CONTROL_LISTENER_HOLD_EXTENDED
DBG_C5_CONTROL_LISTENER_HOLD_EXTENDED
DBG_C5_CONTROL_LISTENER_HOLD_EXTENDED
DBG_C5_CONTROL_LISTENER_HOLD_EXTENDED
DBG_C5_CONTROL_LISTENER_HOLD_EXTENDED
DBG_C5_CONTROL_LISTENER_HOLD_EXTENDED
DBG_C5_CONTROL_LISTENER_HOLD_EXTENDED
DBG_C5_CONTROL_LISTENER_HOLD_EXTENDED
DBG_C5_CONTROL_LISTENER_HOLD_EXTENDED
DBG_C5_CONTROL_LISTENER_HOLD_EXTENDED
DBG_C5_CONTROL_LISTENER_HOLD_EXTENDED
DBG_C5_CONTROL_LISTENER_HOLD_EXTENDED
DBG_C5_CONTROL_LISTENER_HOLD_EXTENDED
DBG_C5_CONTROL_LISTENER_HOLD_EXTENDED
DBG_C5_CONTROL_LISTENER_HOLD_EXTENDED
DBG_C5_CONTROL_LISTENER_HOLD_EXTENDED
DBG_C5_CONTROL_LISTENER_HOLD_EXTENDED
DBG_C5_CONTROL_LISTENER_HOLD_EXTENDED
DBG_C5_CONTROL_LISTENER_HOLD_EXTENDED
DBG_C5_CONTROL_LISTENER_HOLD_EXTENDED
DBG_C5_CONTROL_LISTENER_HOLD_EXTENDED
DBG_C5_CONTROL_LISTENER_HOLD_EXTENDED
DBG_C5_CONTROL_LISTENER_HOLD_EXTENDED
DBG_C5_CONTROL_LISTENER_HOLD_EXTENDED
DBG_C5_CONTROL_LISTENER_HOLD_EXTENDED
DBG_C5_CONTROL_LISTENER_HOLD_EXTENDED
DBG_WAKE_TRAIN_GUARD_FAIL
DBG_C5_CONTROL_LISTENER_HOLD_EXTENDED
DBG_C5_CONTROL_LISTENER_HOLD_EXTENDED
DBG_ROUTE_REPLY_RX_FRAME
DBG_C5_CONTROL_HOPS_REJECT msg=0x40 got=2 required=1
DBG_ROUTE_REPLY_RX_FRAME
DBG_C5_CONTROL_HOPS_REJECT msg=0x40 got=2 required=1
DBG_ROUTE_REPLY_RX_FRAME
DBG_C5_CONTROL_HOPS_REJECT msg=0x40 got=2 required=1
DBG_WAKE_TRAIN_GUARD_FAIL
DBG_ROUTE_REPLY_RX_FRAME
DBG_C5_CONTROL_HOPS_REJECT msg=0x40 got=2 required=1
DBG_ROUTE_REPLY_LISTEN_DONE captured=0 ret=-116
DBG_ANCHOR_ROUTE_WAKE_HANDOFF_DONE src=0x708bc0aab970300e embedded=0 ret=-116 pending=0
DBG_ANCHOR_ROUTE_WAKE_DISPATCH_DONE handled=1 len=49 q=100
DBG_ANCHOR_CH5_SCAN_RESCHED ret=1 delay=380
DBG_ANCHOR_MESH_RX_YIELD reason=anchor-low-duty-ch5-owner ch9=0 delay=0 scan_int=380 scan_win=3 wait=0 q=0
DBG_ANCHOR_CH5_SCAN_HANDLER role=2
DBG_ANCHOR_CH5_SCAN_ARM now=46518 win=3 complete=15 interval=380 wait=0 tx=0
DBG_DWM_CH5_RX_HUNT_START acq=3 complete=15 cap=1021
DBG_DWM_CH5_RX_HUNT_EMPTY ret=-116 status=0x00000000 acq=3
DBG_ANCHOR_CH5_SCAN_DONE ret=-116 len=0 fail=1 pre=0 q=0 rx_us=3692 complete=15
DBG_ANCHOR_CH5_SCAN_RESCHED ret=1 delay=380
DBG_ANCHOR_CH5_SCAN_HANDLER role=2
DBG_DWM_CH5_RX_HUNT_START acq=3 complete=15 cap=1021
DBG_DWM_CH5_RX_HUNT_EMPTY ret=-116 status=0x00000000 acq=3
DBG_ANCHOR_CH5_SCAN_RESCHED ret=1 delay=380
DBG_ANCHOR_CH5_SCAN_HANDLER role=2
DBG_DWM_CH5_RX_HUNT_START acq=3 complete=15 cap=1021
DBG_DWM_CH5_RX_HUNT_EMPTY ret=-116 status=0x00000000 acq=3
DBG_ANCHOR_CH5_SCAN_RESCHED ret=1 delay=380
DBG_ANCHOR_CH5_SCAN_HANDLER role=2
DBG_ANCHOR_CH5_SCAN_ARM now=47730 win=3 complete=15 interval=380 wait=0 tx=0
DBG_DWM_CH5_RX_HUNT_START acq=3 complete=15 cap=1021
DBG_DWM_CH5_RX_HUNT_EMPTY ret=-116 status=0x00000000 acq=3
DBG_ANCHOR_CH5_SCAN_DONE ret=-116 len=0 fail=1 pre=0 q=0 rx_us=3479 complete=15
DBG_ANCHOR_CH5_SCAN_RESCHED ret=1 delay=380
DBG_WAKE_TRAIN_GUARD_OK
DBG_WAKE_TRAIN_CONFIG_BEGIN
DBG_WAKE_TRAIN_CONFIG_OK
DBG_WAKE_TRAIN_FIRST_SEND_BEGIN
DBG_WAKE_TRAIN_FIRST_SEND_OK
DBG_UWB_TX_CH5
DBG_TX_WAKE_CLAIM_SENT
DBG_UWB_TX_CH5
DBG_TX_WAKE_CLAIM_SENT
DBG_UWB_TX_CH5
DBG_TX_WAKE_CLAIM_SENT
DBG_UWB_TX_CH5
DBG_TX_WAKE_CLAIM_SENT
DBG_DWM_CH5_RX_HUNT_START acq=3 complete=15 cap=125
DBG_DWM_CH5_RX_HUNT_EMPTY ret=-116 status=0x00000000 acq=3
DBG_ANCHOR_CH5_SCAN_HANDLER role=2
DBG_ANCHOR_CH5_SCAN_BLOCKED win=0 survey=0 tx=0 retry_gap=0 wait=0 rx=0 rxq=0 rxr=0 ack=0 ch9=0 rf=1 retry=20 interval=380
DBG_ANCHOR_CH5_SCAN_RESCHED ret=1 delay=20
DBG_UWB_TX_CH5
DBG_TX_WAKE_CLAIM_SENT
DBG_UWB_TX_CH5
DBG_TX_WAKE_CLAIM_SENT
DBG_UWB_TX_CH5
DBG_TX_WAKE_CLAIM_SENT
DBG_DWM_CH5_RX_HUNT_START acq=3 complete=15 cap=125
DBG_ANCHOR_CH5_SCAN_HANDLER role=2
DBG_DWM_CH5_RX_HUNT_EMPTY ret=-116 status=0x00000000 acq=3
DBG_ANCHOR_CH5_SCAN_BLOCKED win=0 survey=0 tx=0 retry_gap=0 wait=0 rx=0 rxq=0 rxr=0 ack=0 ch9=0 rf=1 retry=20 interval=380
DBG_ANCHOR_CH5_SCAN_RESCHED ret=1 delay=20
DBG_UWB_TX_CH5
DBG_TX_WAKE_CLAIM_SENT
DBG_UWB_TX_CH5
DBG_TX_WAKE_CLAIM_SENT
DBG_UWB_TX_CH5
DBG_TX_WAKE_CLAIM_SENT
DBG_DWM_CH5_RX_HUNT_START acq=3 complete=15 cap=125
DBG_ANCHOR_CH5_SCAN_HANDLER role=2
DBG_DWM_CH5_RX_HUNT_EMPTY ret=-116 status=0x00000000 acq=3
DBG_ANCHOR_CH5_SCAN_BLOCKED win=0 survey=0 tx=0 retry_gap=0 wait=0 rx=0 rxq=0 rxr=0 ack=0 ch9=0 rf=1 retry=20 interval=380
DBG_ANCHOR_CH5_SCAN_RESCHED ret=1 delay=20
DBG_UWB_TX_CH5
DBG_TX_WAKE_CLAIM_SENT
DBG_UWB_TX_CH5
DBG_TX_WAKE_CLAIM_SENT
DBG_UWB_TX_CH5
DBG_TX_WAKE_CLAIM_SENT
DBG_DWM_CH5_RX_HUNT_START acq=3 complete=15 cap=125
DBG_ANCHOR_CH5_SCAN_HANDLER role=2
DBG_DWM_CH5_RX_HUNT_EMPTY ret=-116 status=0x00000000 acq=3
DBG_ANCHOR_CH5_SCAN_BLOCKED win=0 survey=0 tx=0 retry_gap=0 wait=0 rx=0 rxq=0 rxr=0 ack=0 ch9=0 rf=1 retry=20 interval=380
DBG_ANCHOR_CH5_SCAN_RESCHED ret=1 delay=20
DBG_UWB_TX_CH5
DBG_TX_WAKE_CLAIM_SENT
DBG_UWB_TX_CH5
DBG_TX_WAKE_CLAIM_SENT
DBG_UWB_TX_CH5
DBG_TX_WAKE_CLAIM_SENT
DBG_DWM_CH5_RX_HUNT_START acq=3 complete=15 cap=125
DBG_ANCHOR_CH5_SCAN_HANDLER role=2
DBG_DWM_CH5_RX_HUNT_EMPTY ret=-116 status=0x00000000 acq=3
DBG_ANCHOR_CH5_SCAN_BLOCKED win=0 survey=0 tx=0 retry_gap=0 wait=0 rx=0 rxq=0 rxr=0 ack=0 ch9=0 rf=1 retry=20 interval=380
DBG_ANCHOR_CH5_SCAN_RESCHED ret=1 delay=20
DBG_UWB_TX_CH5
DBG_TX_WAKE_CLAIM_SENT
DBG_UWB_TX_CH5
DBG_TX_WAKE_CLAIM_SENT
DBG_UWB_TX_CH5
DBG_TX_WAKE_CLAIM_SENT
DBG_DWM_CH5_RX_HUNT_START acq=3 complete=15 cap=125
DBG_ANCHOR_CH5_SCAN_HANDLER role=2
DBG_DWM_CH5_RX_HUNT_EMPTY ret=-116 status=0x00000000 acq=3
DBG_ANCHOR_CH5_SCAN_BLOCKED win=0 survey=0 tx=0 retry_gap=0 wait=0 rx=0 rxq=0 rxr=0 ack=0 ch9=0 rf=1 retry=20 interval=380
DBG_ANCHOR_CH5_SCAN_RESCHED ret=1 delay=20
DBG_UWB_TX_CH5
DBG_TX_WAKE_CLAIM_SENT
DBG_UWB_TX_CH5
DBG_TX_WAKE_CLAIM_SENT
DBG_UWB_TX_CH5
DBG_TX_WAKE_CLAIM_SENT
DBG_DWM_CH5_RX_HUNT_START acq=3 complete=15 cap=125
DBG_ANCHOR_CH5_SCAN_HANDLER role=2
DBG_DWM_CH5_RX_HUNT_EMPTY ret=-116 status=0x00000000 acq=3
DBG_ANCHOR_CH5_SCAN_BLOCKED win=0 survey=0 tx=0 retry_gap=0 wait=0 rx=0 rxq=0 rxr=0 ack=0 ch9=0 rf=1 retry=20 interval=380
DBG_ANCHOR_CH5_SCAN_RESCHED ret=1 delay=20
DBG_UWB_TX_CH5
DBG_TX_WAKE_CLAIM_SENT
DBG_UWB_TX_CH5
DBG_TX_WAKE_CLAIM_SENT
DBG_UWB_TX_CH5
DBG_TX_WAKE_CLAIM_SENT
DBG_DWM_CH5_RX_HUNT_START acq=3 complete=15 cap=125
DBG_ANCHOR_CH5_SCAN_HANDLER role=2
DBG_DWM_CH5_RX_HUNT_EMPTY ret=-116 status=0x00000000 acq=3
DBG_ANCHOR_CH5_SCAN_BLOCKED win=0 survey=0 tx=0 retry_gap=0 wait=0 rx=0 rxq=0 rxr=0 ack=0 ch9=0 rf=1 retry=20 interval=380
DBG_ANCHOR_CH5_SCAN_RESCHED ret=1 delay=20
DBG_UWB_TX_CH5
DBG_TX_WAKE_CLAIM_SENT
DBG_UWB_TX_CH5
DBG_TX_WAKE_CLAIM_SENT
DBG_UWB_TX_CH5
DBG_TX_WAKE_CLAIM_SENT
DBG_DWM_CH5_RX_HUNT_START acq=3 complete=15 cap=125
DBG_ANCHOR_CH5_SCAN_HANDLER role=2
DBG_DWM_CH5_RX_HUNT_EMPTY ret=-116 status=0x00000000 acq=3
DBG_ANCHOR_CH5_SCAN_BLOCKED win=0 survey=0 tx=0 retry_gap=0 wait=0 rx=0 rxq=0 rxr=0 ack=0 ch9=0 rf=1 retry=20 interval=380
DBG_ANCHOR_CH5_SCAN_RESCHED ret=1 delay=20
DBG_UWB_TX_CH5
DBG_TX_WAKE_CLAIM_SENT
DBG_UWB_TX_CH5
DBG_TX_WAKE_CLAIM_SENT
DBG_UWB_TX_CH5
DBG_TX_WAKE_CLAIM_SENT
DBG_DWM_CH5_RX_HUNT_START acq=3 complete=15 cap=125
DBG_ANCHOR_CH5_SCAN_HANDLER role=2
DBG_DWM_CH5_RX_HUNT_EMPTY ret=-116 status=0x00000000 acq=3
DBG_ANCHOR_CH5_SCAN_BLOCKED win=0 survey=0 tx=0 retry_gap=0 wait=0 rx=0 rxq=0 rxr=0 ack=0 ch9=0 rf=1 retry=20 interval=380
DBG_ANCHOR_CH5_SCAN_RESCHED ret=1 delay=20
DBG_UWB_TX_CH5
DBG_TX_WAKE_CLAIM_SENT
DBG_UWB_TX_CH5
DBG_TX_WAKE_CLAIM_SENT
DBG_UWB_TX_CH5
DBG_TX_WAKE_CLAIM_SENT
DBG_DWM_CH5_RX_HUNT_START acq=3 complete=15 cap=125
DBG_ANCHOR_CH5_SCAN_HANDLER role=2
DBG_DWM_CH5_RX_HUNT_EMPTY ret=-116 status=0x00000000 acq=3
DBG_ANCHOR_CH5_SCAN_BLOCKED win=0 survey=0 tx=0 retry_gap=0 wait=0 rx=0 rxq=0 rxr=0 ack=0 ch9=0 rf=1 retry=20 interval=380
DBG_ANCHOR_CH5_SCAN_RESCHED ret=1 delay=20
DBG_UWB_TX_CH5
DBG_TX_WAKE_CLAIM_SENT
DBG_UWB_TX_CH5
DBG_TX_WAKE_CLAIM_SENT
DBG_UWB_TX_CH5
DBG_TX_WAKE_CLAIM_SENT
DBG_DWM_CH5_RX_HUNT_START acq=3 complete=15 cap=125
DBG_ANCHOR_CH5_SCAN_HANDLER role=2
DBG_DWM_CH5_RX_HUNT_EMPTY ret=-116 status=0x00000000 acq=3
DBG_ANCHOR_CH5_SCAN_BLOCKED win=0 survey=0 tx=0 retry_gap=0 wait=0 rx=0 rxq=0 rxr=0 ack=0 ch9=0 rf=1 retry=20 interval=380
DBG_ANCHOR_CH5_SCAN_RESCHED ret=1 delay=20
DBG_UWB_TX_CH5
DBG_TX_WAKE_CLAIM_SENT
DBG_UWB_TX_CH5
DBG_TX_WAKE_CLAIM_SENT
DBG_UWB_TX_CH5
DBG_TX_WAKE_CLAIM_SENT
DBG_DWM_CH5_RX_HUNT_START acq=3 complete=15 cap=125
DBG_ANCHOR_CH5_SCAN_HANDLER role=2
DBG_DWM_CH5_RX_HUNT_EMPTY ret=-116 status=0x00000000 acq=3
DBG_ANCHOR_CH5_SCAN_BLOCKED win=0 survey=0 tx=0 retry_gap=0 wait=0 rx=0 rxq=0 rxr=0 ack=0 ch9=0 rf=1 retry=20 interval=380
DBG_ANCHOR_CH5_SCAN_RESCHED ret=1 delay=20
DBG_UWB_TX_CH5
DBG_TX_WAKE_CLAIM_SENT
DBG_UWB_TX_CH5
DBG_TX_WAKE_CLAIM_SENT
DBG_UWB_TX_CH5
DBG_TX_WAKE_CLAIM_SENT
DBG_DWM_CH5_RX_HUNT_START acq=3 complete=15 cap=125
DBG_ANCHOR_CH5_SCAN_HANDLER role=2
DBG_DWM_CH5_RX_HUNT_EMPTY ret=-116 status=0x00000000 acq=3
DBG_ANCHOR_CH5_SCAN_BLOCKED win=0 survey=0 tx=0 retry_gap=0 wait=0 rx=0 rxq=0 rxr=0 ack=0 ch9=0 rf=1 retry=20 interval=380
DBG_ANCHOR_CH5_SCAN_RESCHED ret=1 delay=20
DBG_UWB_TX_CH5
DBG_TX_WAKE_CLAIM_SENT
DBG_UWB_TX_CH5
DBG_TX_WAKE_CLAIM_SENT
DBG_UWB_TX_CH5
DBG_TX_WAKE_CLAIM_SENT
DBG_DWM_CH5_RX_HUNT_START acq=3 complete=15 cap=125
DBG_ANCHOR_CH5_SCAN_HANDLER role=2
DBG_DWM_CH5_RX_HUNT_EMPTY ret=-116 status=0x00000000 acq=3
DBG_ANCHOR_CH5_SCAN_BLOCKED win=0 survey=0 tx=0 retry_gap=0 wait=0 rx=0 rxq=0 rxr=0 ack=0 ch9=0 rf=1 retry=20 interval=380
DBG_ANCHOR_CH5_SCAN_RESCHED ret=1 delay=20
DBG_UWB_TX_CH5
DBG_TX_WAKE_CLAIM_SENT
DBG_UWB_TX_CH5
DBG_TX_WAKE_CLAIM_SENT
DBG_UWB_TX_CH5
DBG_TX_WAKE_CLAIM_SENT
DBG_DWM_CH5_RX_HUNT_START acq=3 complete=15 cap=125
DBG_ANCHOR_CH5_SCAN_HANDLER role=2
DBG_DWM_CH5_RX_HUNT_EMPTY ret=-116 status=0x00000000 acq=3
DBG_ANCHOR_CH5_SCAN_BLOCKED win=0 survey=0 tx=0 retry_gap=0 wait=0 rx=0 rxq=0 rxr=0 ack=0 ch9=0 rf=1 retry=20 interval=380
DBG_ANCHOR_CH5_SCAN_RESCHED ret=1 delay=20
DBG_UWB_TX_CH5
DBG_TX_WAKE_CLAIM_SENT
DBG_UWB_TX_CH5
DBG_TX_WAKE_CLAIM_SENT
DBG_UWB_TX_CH5
DBG_TX_WAKE_CLAIM_SENT
DBG_DWM_CH5_RX_HUNT_START acq=3 complete=15 cap=125
DBG_ANCHOR_CH5_SCAN_HANDLER role=2
DBG_DWM_CH5_RX_HUNT_EMPTY ret=-116 status=0x00000000 acq=3
DBG_ANCHOR_CH5_SCAN_BLOCKED win=0 survey=0 tx=0 retry_gap=0 wait=0 rx=0 rxq=0 rxr=0 ack=0 ch9=0 rf=1 retry=20 interval=380
DBG_ANCHOR_CH5_SCAN_RESCHED ret=1 delay=20
DBG_UWB_TX_CH5
DBG_TX_WAKE_CLAIM_SENT
DBG_ANCHOR_CH5_SCAN_HANDLER role=2
DBG_ANCHOR_CH5_SCAN_BLOCKED win=0 survey=0 tx=0 retry_gap=0 wait=0 rx=0 rxq=0 rxr=0 ack=0 ch9=0 rf=1 retry=20 interval=380
DBG_ANCHOR_CH5_SCAN_RESCHED ret=1 delay=20
DBG_C5_CONTROL_FOLLOWUP_TURNAROUND delay=60 msg=40 reason=broadcast-forward
DBG_ANCHOR_CH5_SCAN_HANDLER role=2
DBG_DWM_CH5_RX_HUNT_START acq=3 complete=15 cap=1021
DBG_DWM_CH5_RX_HUNT_EMPTY ret=-116 status=0x00000000 acq=3
DBG_ANCHOR_CH5_SCAN_RESCHED ret=1 delay=380
DBG_DWM_WAKE_MESH_CTRL_OK sfd=4073
DBG_C5_TX_CONFIG ret=0 ext=1 len=133 msg=40 reason=bounded-c5-flood
DBG_UWB_TX_CH5
DBG_DWM_WAKE_MESH_CTRL_OK sfd=4073
DBG_DWM_WAKE_MESH_CTRL_OK sfd=4073
DBG_C5_TX_CONFIG ret=0 ext=1 len=133 msg=40 reason=bounded-c5-flood
DBG_UWB_TX_CH5
DBG_DWM_WAKE_MESH_CTRL_OK sfd=4073
DBG_DWM_WAKE_MESH_CTRL_OK sfd=4073
DBG_C5_TX_CONFIG ret=0 ext=1 len=133 msg=40 reason=bounded-c5-flood
DBG_UWB_TX_CH5
DBG_DWM_WAKE_MESH_CTRL_OK sfd=4073
DBG_ANCHOR_CH5_SCAN_HANDLER role=2
DBG_ANCHOR_CH5_SCAN_BLOCKED win=0 survey=0 tx=0 retry_gap=0 wait=0 rx=0 rxq=0 rxr=0 ack=0 ch9=0 rf=1 retry=20 interval=380
DBG_ANCHOR_CH5_SCAN_RESCHED ret=1 delay=20
DBG_DWM_WAKE_MESH_CTRL_OK sfd=4073
DBG_C5_TX_CONFIG ret=0 ext=1 len=133 msg=40 reason=bounded-c5-flood
DBG_ANCHOR_CH5_SCAN_HANDLER role=2
DBG_ANCHOR_CH5_SCAN_BLOCKED win=0 survey=0 tx=0 retry_gap=0 wait=0 rx=0 rxq=0 rxr=0 ack=0 ch9=0 rf=1 retry=20 interval=380
DBG_ANCHOR_CH5_SCAN_RESCHED ret=1 delay=20
DBG_UWB_TX_CH5
DBG_WAKE_TRAIN_GUARD_OK
DBG_ANCHOR_CH5_SCAN_HANDLER role=2
DBG_ANCHOR_CH5_SCAN_BLOCKED win=0 survey=0 tx=0 retry_gap=0 wait=0 rx=0 rxq=0 rxr=0 ack=0 ch9=0 rf=1 retry=20 interval=380
DBG_ANCHOR_CH5_SCAN_RESCHED ret=1 delay=20
DBG_ANCHOR_CH5_SCAN_HANDLER role=2
DBG_WAKE_TRAIN_CONFIG_BEGIN
DBG_ANCHOR_CH5_SCAN_BLOCKED win=0 survey=0 tx=0 retry_gap=0 wait=0 rx=0 rxq=0 rxr=0 ack=0 ch9=0 rf=1 retry=20 interval=380
DBG_ANCHOR_CH5_SCAN_RESCHED ret=1 delay=20
DBG_WAKE_TRAIN_CONFIG_OK
DBG_WAKE_TRAIN_FIRST_SEND_BEGIN
DBG_ANCHOR_CH5_SCAN_HANDLER role=2
DBG_WAKE_TRAIN_FIRST_SEND_OK
DBG_UWB_TX_CH5
DBG_TX_WAKE_CLAIM_SENT
DBG_ANCHOR_CH5_SCAN_BLOCKED win=0 survey=0 tx=0 retry_gap=0 wait=0 rx=0 rxq=0 rxr=0 ack=0 ch9=0 rf=1 retry=20 interval=380
DBG_ANCHOR_CH5_SCAN_RESCHED ret=1 delay=20
DBG_UWB_TX_CH5
DBG_TX_WAKE_CLAIM_SENT
DBG_UWB_TX_CH5
DBG_TX_WAKE_CLAIM_SENT
DBG_UWB_TX_CH5
DBG_TX_WAKE_CLAIM_SENT
DBG_DWM_CH5_RX_HUNT_START acq=3 complete=15 cap=125
DBG_ANCHOR_CH5_SCAN_HANDLER role=2
DBG_DWM_CH5_RX_HUNT_EMPTY ret=-116 status=0x00000000 acq=3
DBG_ANCHOR_CH5_SCAN_BLOCKED win=0 survey=0 tx=0 retry_gap=0 wait=0 rx=0 rxq=0 rxr=0 ack=0 ch9=0 rf=1 retry=20 interval=380
DBG_ANCHOR_CH5_SCAN_RESCHED ret=1 delay=20
DBG_UWB_TX_CH5
DBG_TX_WAKE_CLAIM_SENT
DBG_UWB_TX_CH5
DBG_TX_WAKE_CLAIM_SENT
DBG_UWB_TX_CH5
DBG_TX_WAKE_CLAIM_SENT
DBG_DWM_CH5_RX_HUNT_START acq=3 complete=15 cap=125
DBG_ANCHOR_CH5_SCAN_HANDLER role=2
DBG_DWM_CH5_RX_HUNT_EMPTY ret=-116 status=0x00000000 acq=3
DBG_ANCHOR_CH5_SCAN_BLOCKED win=0 survey=0 tx=0 retry_gap=0 wait=0 rx=0 rxq=0 rxr=0 ack=0 ch9=0 rf=1 retry=20 interval=380
DBG_ANCHOR_CH5_SCAN_RESCHED ret=1 delay=20
DBG_UWB_TX_CH5
DBG_TX_WAKE_CLAIM_SENT
DBG_UWB_TX_CH5
DBG_TX_WAKE_CLAIM_SENT
DBG_UWB_TX_CH5
DBG_TX_WAKE_CLAIM_SENT
DBG_DWM_CH5_RX_HUNT_START acq=3 complete=15 cap=125
DBG_ANCHOR_CH5_SCAN_HANDLER role=2
DBG_DWM_CH5_RX_HUNT_EMPTY ret=-116 status=0x00000000 acq=3
DBG_ANCHOR_CH5_SCAN_BLOCKED win=0 survey=0 tx=0 retry_gap=0 wait=0 rx=0 rxq=0 rxr=0 ack=0 ch9=0 rf=1 retry=20 interval=380
DBG_ANCHOR_CH5_SCAN_RESCHED ret=1 delay=20
DBG_UWB_TX_CH5
DBG_TX_WAKE_CLAIM_SENT
DBG_UWB_TX_CH5
DBG_TX_WAKE_CLAIM_SENT
DBG_UWB_TX_CH5
DBG_TX_WAKE_CLAIM_SENT
DBG_DWM_CH5_RX_HUNT_START acq=3 complete=15 cap=125
DBG_ANCHOR_CH5_SCAN_HANDLER role=2
DBG_DWM_CH5_RX_HUNT_EMPTY ret=-116 status=0x00000000 acq=3
DBG_ANCHOR_CH5_SCAN_BLOCKED win=0 survey=0 tx=0 retry_gap=0 wait=0 rx=0 rxq=0 rxr=0 ack=0 ch9=0 rf=1 retry=20 interval=380
DBG_ANCHOR_CH5_SCAN_RESCHED ret=1 delay=20
DBG_UWB_TX_CH5
DBG_TX_WAKE_CLAIM_SENT
DBG_UWB_TX_CH5
DBG_TX_WAKE_CLAIM_SENT
DBG_UWB_TX_CH5
DBG_TX_WAKE_CLAIM_SENT
DBG_DWM_CH5_RX_HUNT_START acq=3 complete=15 cap=125
DBG_ANCHOR_CH5_SCAN_HANDLER role=2
DBG_DWM_CH5_RX_HUNT_EMPTY ret=-116 status=0x00000000 acq=3
DBG_ANCHOR_CH5_SCAN_BLOCKED win=0 survey=0 tx=0 retry_gap=0 wait=0 rx=0 rxq=0 rxr=0 ack=0 ch9=0 rf=1 retry=20 interval=380
DBG_ANCHOR_CH5_SCAN_RESCHED ret=1 delay=20
DBG_UWB_TX_CH5
DBG_TX_WAKE_CLAIM_SENT
DBG_UWB_TX_CH5
DBG_TX_WAKE_CLAIM_SENT
DBG_UWB_TX_CH5
DBG_TX_WAKE_CLAIM_SENT
DBG_DWM_CH5_RX_HUNT_START acq=3 complete=15 cap=125
DBG_ANCHOR_CH5_SCAN_HANDLER role=2
DBG_DWM_CH5_RX_HUNT_EMPTY ret=-116 status=0x00000000 acq=3
DBG_ANCHOR_CH5_SCAN_BLOCKED win=0 survey=0 tx=0 retry_gap=0 wait=0 rx=0 rxq=0 rxr=0 ack=0 ch9=0 rf=1 retry=20 interval=380
DBG_ANCHOR_CH5_SCAN_RESCHED ret=1 delay=20
DBG_UWB_TX_CH5
DBG_TX_WAKE_CLAIM_SENT
DBG_UWB_TX_CH5
DBG_TX_WAKE_CLAIM_SENT
DBG_UWB_TX_CH5
DBG_TX_WAKE_CLAIM_SENT
DBG_DWM_CH5_RX_HUNT_START acq=3 complete=15 cap=125
DBG_ANCHOR_CH5_SCAN_HANDLER role=2
DBG_DWM_CH5_RX_HUNT_EMPTY ret=-116 status=0x00000000 acq=3
DBG_ANCHOR_CH5_SCAN_BLOCKED win=0 survey=0 tx=0 retry_gap=0 wait=0 rx=0 rxq=0 rxr=0 ack=0 ch9=0 rf=1 retry=20 interval=380
DBG_ANCHOR_CH5_SCAN_RESCHED ret=1 delay=20
DBG_UWB_TX_CH5
DBG_TX_WAKE_CLAIM_SENT
DBG_UWB_TX_CH5
DBG_TX_WAKE_CLAIM_SENT
DBG_UWB_TX_CH5
DBG_TX_WAKE_CLAIM_SENT
DBG_DWM_CH5_RX_HUNT_START acq=3 complete=15 cap=125
DBG_ANCHOR_CH5_SCAN_HANDLER role=2
DBG_DWM_CH5_RX_HUNT_EMPTY ret=-116 status=0x00000000 acq=3
DBG_ANCHOR_CH5_SCAN_BLOCKED win=0 survey=0 tx=0 retry_gap=0 wait=0 rx=0 rxq=0 rxr=0 ack=0 ch9=0 rf=1 retry=20 interval=380
DBG_ANCHOR_CH5_SCAN_RESCHED ret=1 delay=20
DBG_UWB_TX_CH5
DBG_TX_WAKE_CLAIM_SENT
DBG_UWB_TX_CH5
DBG_TX_WAKE_CLAIM_SENT
DBG_UWB_TX_CH5
DBG_TX_WAKE_CLAIM_SENT
DBG_DWM_CH5_RX_HUNT_START acq=3 complete=15 cap=125
DBG_ANCHOR_CH5_SCAN_HANDLER role=2
DBG_DWM_CH5_RX_HUNT_EMPTY ret=-116 status=0x00000000 acq=3
DBG_ANCHOR_CH5_SCAN_BLOCKED win=0 survey=0 tx=0 retry_gap=0 wait=0 rx=0 rxq=0 rxr=0 ack=0 ch9=0 rf=1 retry=20 interval=380
DBG_ANCHOR_CH5_SCAN_RESCHED ret=1 delay=20
DBG_UWB_TX_CH5
DBG_TX_WAKE_CLAIM_SENT
DBG_UWB_TX_CH5
DBG_TX_WAKE_CLAIM_SENT
DBG_UWB_TX_CH5
DBG_TX_WAKE_CLAIM_SENT
DBG_DWM_CH5_RX_HUNT_START acq=3 complete=15 cap=125
DBG_ANCHOR_CH5_SCAN_HANDLER role=2
DBG_DWM_CH5_RX_HUNT_EMPTY ret=-116 status=0x00000000 acq=3
DBG_ANCHOR_CH5_SCAN_BLOCKED win=0 survey=0 tx=0 retry_gap=0 wait=0 rx=0 rxq=0 rxr=0 ack=0 ch9=0 rf=1 retry=20 interval=380
DBG_ANCHOR_CH5_SCAN_RESCHED ret=1 delay=20
DBG_UWB_TX_CH5
DBG_TX_WAKE_CLAIM_SENT
DBG_UWB_TX_CH5
DBG_TX_WAKE_CLAIM_SENT
DBG_UWB_TX_CH5
DBG_TX_WAKE_CLAIM_SENT
DBG_DWM_CH5_RX_HUNT_START acq=3 complete=15 cap=125
DBG_ANCHOR_CH5_SCAN_HANDLER role=2
DBG_DWM_CH5_RX_HUNT_EMPTY ret=-116 status=0x00000000 acq=3
DBG_ANCHOR_CH5_SCAN_BLOCKED win=0 survey=0 tx=0 retry_gap=0 wait=0 rx=0 rxq=0 rxr=0 ack=0 ch9=0 rf=1 retry=20 interval=380
DBG_ANCHOR_CH5_SCAN_RESCHED ret=1 delay=20
DBG_UWB_TX_CH5
DBG_TX_WAKE_CLAIM_SENT
DBG_UWB_TX_CH5
DBG_TX_WAKE_CLAIM_SENT
DBG_UWB_TX_CH5
DBG_TX_WAKE_CLAIM_SENT
DBG_DWM_CH5_RX_HUNT_START acq=3 complete=15 cap=125
DBG_ANCHOR_CH5_SCAN_HANDLER role=2
DBG_DWM_CH5_RX_HUNT_EMPTY ret=-116 status=0x00000000 acq=3
DBG_ANCHOR_CH5_SCAN_BLOCKED win=0 survey=0 tx=0 retry_gap=0 wait=0 rx=0 rxq=0 rxr=0 ack=0 ch9=0 rf=1 retry=20 interval=380
DBG_ANCHOR_CH5_SCAN_RESCHED ret=1 delay=20
DBG_UWB_TX_CH5
DBG_TX_WAKE_CLAIM_SENT
DBG_UWB_TX_CH5
DBG_TX_WAKE_CLAIM_SENT
DBG_UWB_TX_CH5
DBG_TX_WAKE_CLAIM_SENT
DBG_DWM_CH5_RX_HUNT_START acq=3 complete=15 cap=125
DBG_ANCHOR_CH5_SCAN_HANDLER role=2
DBG_DWM_CH5_RX_HUNT_EMPTY ret=-116 status=0x00000000 acq=3
DBG_ANCHOR_CH5_SCAN_BLOCKED win=0 survey=0 tx=0 retry_gap=0 wait=0 rx=0 rxq=0 rxr=0 ack=0 ch9=0 rf=1 retry=20 interval=380
DBG_ANCHOR_CH5_SCAN_RESCHED ret=1 delay=20
DBG_UWB_TX_CH5
DBG_TX_WAKE_CLAIM_SENT
DBG_UWB_TX_CH5
DBG_TX_WAKE_CLAIM_SENT
DBG_UWB_TX_CH5
DBG_TX_WAKE_CLAIM_SENT
DBG_DWM_CH5_RX_HUNT_START acq=3 complete=15 cap=125
DBG_ANCHOR_CH5_SCAN_HANDLER role=2
DBG_DWM_CH5_RX_HUNT_EMPTY ret=-116 status=0x00000000 acq=3
DBG_ANCHOR_CH5_SCAN_BLOCKED win=0 survey=0 tx=0 retry_gap=0 wait=0 rx=0 rxq=0 rxr=0 ack=0 ch9=0 rf=1 retry=20 interval=380
DBG_ANCHOR_CH5_SCAN_RESCHED ret=1 delay=20
DBG_UWB_TX_CH5
DBG_TX_WAKE_CLAIM_SENT
DBG_UWB_TX_CH5
DBG_TX_WAKE_CLAIM_SENT
DBG_UWB_TX_CH5
DBG_TX_WAKE_CLAIM_SENT
DBG_DWM_CH5_RX_HUNT_START acq=3 complete=15 cap=125
DBG_ANCHOR_CH5_SCAN_HANDLER role=2
DBG_DWM_CH5_RX_HUNT_EMPTY ret=-116 status=0x00000000 acq=3
DBG_ANCHOR_CH5_SCAN_BLOCKED win=0 survey=0 tx=0 retry_gap=0 wait=0 rx=0 rxq=0 rxr=0 ack=0 ch9=0 rf=1 retry=20 interval=380
DBG_ANCHOR_CH5_SCAN_RESCHED ret=1 delay=20
DBG_UWB_TX_CH5
DBG_TX_WAKE_CLAIM_SENT
DBG_UWB_TX_CH5
DBG_TX_WAKE_CLAIM_SENT
DBG_UWB_TX_CH5
DBG_TX_WAKE_CLAIM_SENT
DBG_DWM_CH5_RX_HUNT_START acq=3 complete=15 cap=125
DBG_ANCHOR_CH5_SCAN_HANDLER role=2
DBG_DWM_CH5_RX_HUNT_EMPTY ret=-116 status=0x00000000 acq=3
DBG_ANCHOR_CH5_SCAN_BLOCKED win=0 survey=0 tx=0 retry_gap=0 wait=0 rx=0 rxq=0 rxr=0 ack=0 ch9=0 rf=1 retry=20 interval=380
DBG_ANCHOR_CH5_SCAN_RESCHED ret=1 delay=20
DBG_UWB_TX_CH5
DBG_TX_WAKE_CLAIM_SENT
DBG_UWB_TX_CH5
DBG_TX_WAKE_CLAIM_SENT
DBG_UWB_TX_CH5
DBG_TX_WAKE_CLAIM_SENT
DBG_DWM_CH5_RX_HUNT_START acq=3 complete=15 cap=125
DBG_ANCHOR_CH5_SCAN_HANDLER role=2
DBG_DWM_CH5_RX_HUNT_EMPTY ret=-116 status=0x00000000 acq=3
DBG_ANCHOR_CH5_SCAN_BLOCKED win=0 survey=0 tx=0 retry_gap=0 wait=0 rx=0 rxq=0 rxr=0 ack=0 ch9=0 rf=1 retry=20 interval=380
DBG_ANCHOR_CH5_SCAN_RESCHED ret=1 delay=20
DBG_UWB_TX_CH5
DBG_TX_WAKE_CLAIM_SENT
DBG_ANCHOR_CH5_SCAN_HANDLER role=2
DBG_ANCHOR_CH5_SCAN_BLOCKED win=0 survey=0 tx=0 retry_gap=0 wait=0 rx=0 rxq=0 rxr=0 ack=0 ch9=0 rf=1 retry=20 interval=380
DBG_ANCHOR_CH5_SCAN_RESCHED ret=1 delay=20
DBG_C5_CONTROL_FOLLOWUP_TURNAROUND delay=60 msg=40 reason=broadcast-forward
DBG_ANCHOR_CH5_SCAN_HANDLER role=2
DBG_ANCHOR_CH5_SCAN_ARM now=49496 win=3 complete=15 interval=380 wait=0 tx=0
DBG_DWM_CH5_RX_HUNT_START acq=3 complete=15 cap=1021
DBG_DWM_CH5_RX_HUNT_EMPTY ret=-116 status=0x00000000 acq=3
DBG_ANCHOR_CH5_SCAN_DONE ret=-116 len=0 fail=1 pre=0 q=0 rx_us=3479 complete=15
DBG_ANCHOR_CH5_SCAN_RESCHED ret=1 delay=380
DBG_DWM_WAKE_MESH_CTRL_OK sfd=4073
DBG_C5_TX_CONFIG ret=0 ext=1 len=133 msg=40 reason=bounded-c5-flood
DBG_UWB_TX_CH5
DBG_DWM_WAKE_MESH_CTRL_OK sfd=4073
DBG_DWM_WAKE_MESH_CTRL_OK sfd=4073
DBG_C5_TX_CONFIG ret=0 ext=1 len=133 msg=40 reason=bounded-c5-flood
DBG_UWB_TX_CH5
DBG_DWM_WAKE_MESH_CTRL_OK sfd=4073
DBG_DWM_WAKE_MESH_CTRL_OK sfd=4073
DBG_C5_TX_CONFIG ret=0 ext=1 len=133 msg=40 reason=bounded-c5-flood
DBG_UWB_TX_CH5
DBG_DWM_WAKE_MESH_CTRL_OK sfd=4073
DBG_ANCHOR_CH5_SCAN_HANDLER role=2
DBG_ANCHOR_CH5_SCAN_BLOCKED win=0 survey=0 tx=0 retry_gap=0 wait=0 rx=0 rxq=0 rxr=0 ack=0 ch9=0 rf=1 retry=20 interval=380
DBG_ANCHOR_CH5_SCAN_RESCHED ret=1 delay=20
DBG_ANCHOR_CH5_SCAN_HANDLER role=2
DBG_DWM_WAKE_MESH_CTRL_OK sfd=4073
DBG_C5_TX_CONFIG ret=0 ext=1 len=133 msg=40 reason=bounded-c5-flood
DBG_ANCHOR_CH5_SCAN_BLOCKED win=0 survey=0 tx=0 retry_gap=0 wait=0 rx=0 rxq=0 rxr=0 ack=0 ch9=0 rf=1 retry=20 interval=380
DBG_ANCHOR_CH5_SCAN_RESCHED ret=1 delay=20
DBG_UWB_TX_CH5
DBG_WAKE_TRAIN_GUARD_OK
DBG_ANCHOR_CH5_SCAN_HANDLER role=2
DBG_ANCHOR_CH5_SCAN_BLOCKED win=0 survey=0 tx=0 retry_gap=0 wait=0 rx=0 rxq=0 rxr=0 ack=0 ch9=0 rf=1 retry=20 interval=380
DBG_ANCHOR_CH5_SCAN_RESCHED ret=1 delay=20
DBG_ANCHOR_CH5_SCAN_HANDLER role=2
DBG_WAKE_TRAIN_CONFIG_BEGIN
DBG_ANCHOR_CH5_SCAN_BLOCKED win=0 survey=0 tx=0 retry_gap=0 wait=0 rx=0 rxq=0 rxr=0 ack=0 ch9=0 rf=1 retry=20 interval=380
DBG_ANCHOR_CH5_SCAN_RESCHED ret=1 delay=20
DBG_WAKE_TRAIN_CONFIG_OK
DBG_WAKE_TRAIN_FIRST_SEND_BEGIN
DBG_ANCHOR_CH5_SCAN_HANDLER role=2
DBG_WAKE_TRAIN_FIRST_SEND_OK
DBG_UWB_TX_CH5
DBG_TX_WAKE_CLAIM_SENT
DBG_ANCHOR_CH5_SCAN_BLOCKED win=0 survey=0 tx=0 retry_gap=0 wait=0 rx=0 rxq=0 rxr=0 ack=0 ch9=0 rf=1 retry=20 interval=380
DBG_ANCHOR_CH5_SCAN_RESCHED ret=1 delay=20
DBG_UWB_TX_CH5
DBG_TX_WAKE_CLAIM_SENT
DBG_UWB_TX_CH5
DBG_TX_WAKE_CLAIM_SENT
DBG_UWB_TX_CH5
DBG_TX_WAKE_CLAIM_SENT
DBG_DWM_CH5_RX_HUNT_START acq=3 complete=15 cap=125
DBG_ANCHOR_CH5_SCAN_HANDLER role=2
DBG_DWM_CH5_RX_HUNT_EMPTY ret=-116 status=0x00000000 acq=3
DBG_ANCHOR_CH5_SCAN_BLOCKED win=0 survey=0 tx=0 retry_gap=0 wait=0 rx=0 rxq=0 rxr=0 ack=0 ch9=0 rf=1 retry=20 interval=380
DBG_ANCHOR_CH5_SCAN_RESCHED ret=1 delay=20
DBG_UWB_TX_CH5
DBG_TX_WAKE_CLAIM_SENT
DBG_UWB_TX_CH5
DBG_TX_WAKE_CLAIM_SENT
DBG_UWB_TX_CH5
DBG_TX_WAKE_CLAIM_SENT
DBG_DWM_CH5_RX_HUNT_START acq=3 complete=15 cap=125
DBG_ANCHOR_CH5_SCAN_HANDLER role=2
DBG_DWM_CH5_RX_HUNT_EMPTY ret=-116 status=0x00000000 acq=3
DBG_ANCHOR_CH5_SCAN_BLOCKED win=0 survey=0 tx=0 retry_gap=0 wait=0 rx=0 rxq=0 rxr=0 ack=0 ch9=0 rf=1 retry=20 interval=380
DBG_ANCHOR_CH5_SCAN_RESCHED ret=1 delay=20
DBG_UWB_TX_CH5
DBG_TX_WAKE_CLAIM_SENT
DBG_UWB_TX_CH5
DBG_TX_WAKE_CLAIM_SENT
DBG_UWB_TX_CH5
DBG_TX_WAKE_CLAIM_SENT
DBG_DWM_CH5_RX_HUNT_START acq=3 complete=15 cap=125
DBG_ANCHOR_CH5_SCAN_HANDLER role=2
DBG_DWM_CH5_RX_HUNT_EMPTY ret=-116 status=0x00000000 acq=3
DBG_ANCHOR_CH5_SCAN_BLOCKED win=0 survey=0 tx=0 retry_gap=0 wait=0 rx=0 rxq=0 rxr=0 ack=0 ch9=0 rf=1 retry=20 interval=380
DBG_ANCHOR_CH5_SCAN_RESCHED ret=1 delay=20
DBG_UWB_TX_CH5
DBG_TX_WAKE_CLAIM_SENT
DBG_UWB_TX_CH5
DBG_TX_WAKE_CLAIM_SENT
DBG_UWB_TX_CH5
DBG_TX_WAKE_CLAIM_SENT
DBG_DWM_CH5_RX_HUNT_START acq=3 complete=15 cap=125
DBG_ANCHOR_CH5_SCAN_HANDLER role=2
DBG_DWM_CH5_RX_HUNT_EMPTY ret=-116 status=0x00000000 acq=3
DBG_ANCHOR_CH5_SCAN_BLOCKED win=0 survey=0 tx=0 retry_gap=0 wait=0 rx=0 rxq=0 rxr=0 ack=0 ch9=0 rf=1 retry=20 interval=380
DBG_ANCHOR_CH5_SCAN_RESCHED ret=1 delay=20
DBG_UWB_TX_CH5
DBG_TX_WAKE_CLAIM_SENT
DBG_UWB_TX_CH5
DBG_TX_WAKE_CLAIM_SENT
DBG_UWB_TX_CH5
DBG_TX_WAKE_CLAIM_SENT
DBG_DWM_CH5_RX_HUNT_START acq=3 complete=15 cap=125
DBG_ANCHOR_CH5_SCAN_HANDLER role=2
DBG_DWM_CH5_RX_HUNT_EMPTY ret=-116 status=0x00000000 acq=3
DBG_ANCHOR_CH5_SCAN_BLOCKED win=0 survey=0 tx=0 retry_gap=0 wait=0 rx=0 rxq=0 rxr=0 ack=0 ch9=0 rf=1 retry=20 interval=380
DBG_ANCHOR_CH5_SCAN_RESCHED ret=1 delay=20
DBG_UWB_TX_CH5
DBG_TX_WAKE_CLAIM_SENT
DBG_UWB_TX_CH5
DBG_TX_WAKE_CLAIM_SENT
DBG_UWB_TX_CH5
DBG_TX_WAKE_CLAIM_SENT
DBG_DWM_CH5_RX_HUNT_START acq=3 complete=15 cap=125
DBG_ANCHOR_CH5_SCAN_HANDLER role=2
DBG_DWM_CH5_RX_HUNT_EMPTY ret=-116 status=0x00000000 acq=3
DBG_ANCHOR_CH5_SCAN_BLOCKED win=0 survey=0 tx=0 retry_gap=0 wait=0 rx=0 rxq=0 rxr=0 ack=0 ch9=0 rf=1 retry=20 interval=380
DBG_ANCHOR_CH5_SCAN_RESCHED ret=1 delay=20
DBG_UWB_TX_CH5
DBG_TX_WAKE_CLAIM_SENT
DBG_UWB_TX_CH5
DBG_TX_WAKE_CLAIM_SENT
DBG_UWB_TX_CH5
DBG_TX_WAKE_CLAIM_SENT
DBG_DWM_CH5_RX_HUNT_START acq=3 complete=15 cap=125
DBG_ANCHOR_CH5_SCAN_HANDLER role=2
DBG_DWM_CH5_RX_HUNT_EMPTY ret=-116 status=0x00000000 acq=3
DBG_ANCHOR_CH5_SCAN_BLOCKED win=0 survey=0 tx=0 retry_gap=0 wait=0 rx=0 rxq=0 rxr=0 ack=0 ch9=0 rf=1 retry=20 interval=380
DBG_ANCHOR_CH5_SCAN_RESCHED ret=1 delay=20
DBG_UWB_TX_CH5
DBG_TX_WAKE_CLAIM_SENT
DBG_UWB_TX_CH5
DBG_TX_WAKE_CLAIM_SENT
DBG_UWB_TX_CH5
DBG_TX_WAKE_CLAIM_SENT
DBG_DWM_CH5_RX_HUNT_START acq=3 complete=15 cap=125
DBG_ANCHOR_CH5_SCAN_HANDLER role=2
DBG_DWM_CH5_RX_HUNT_EMPTY ret=-116 status=0x00000000 acq=3
DBG_ANCHOR_CH5_SCAN_BLOCKED win=0 survey=0 tx=0 retry_gap=0 wait=0 rx=0 rxq=0 rxr=0 ack=0 ch9=0 rf=1 retry=20 interval=380
DBG_ANCHOR_CH5_SCAN_RESCHED ret=1 delay=20
DBG_UWB_TX_CH5
DBG_TX_WAKE_CLAIM_SENT
DBG_UWB_TX_CH5
DBG_TX_WAKE_CLAIM_SENT
DBG_UWB_TX_CH5
DBG_TX_WAKE_CLAIM_SENT
DBG_DWM_CH5_RX_HUNT_START acq=3 complete=15 cap=125
DBG_ANCHOR_CH5_SCAN_HANDLER role=2
DBG_DWM_CH5_RX_HUNT_EMPTY ret=-116 status=0x00000000 acq=3
DBG_ANCHOR_CH5_SCAN_BLOCKED win=0 survey=0 tx=0 retry_gap=0 wait=0 rx=0 rxq=0 rxr=0 ack=0 ch9=0 rf=1 retry=20 interval=380
DBG_ANCHOR_CH5_SCAN_RESCHED ret=1 delay=20
DBG_UWB_TX_CH5
DBG_TX_WAKE_CLAIM_SENT
DBG_UWB_TX_CH5
DBG_TX_WAKE_CLAIM_SENT
DBG_UWB_TX_CH5
DBG_TX_WAKE_CLAIM_SENT
DBG_DWM_CH5_RX_HUNT_START acq=3 complete=15 cap=125
DBG_ANCHOR_CH5_SCAN_HANDLER role=2
DBG_DWM_CH5_RX_HUNT_EMPTY ret=-116 status=0x00000000 acq=3
DBG_ANCHOR_CH5_SCAN_BLOCKED win=0 survey=0 tx=0 retry_gap=0 wait=0 rx=0 rxq=0 rxr=0 ack=0 ch9=0 rf=1 retry=20 interval=380
DBG_ANCHOR_CH5_SCAN_RESCHED ret=1 delay=20
DBG_UWB_TX_CH5
DBG_TX_WAKE_CLAIM_SENT
DBG_UWB_TX_CH5
DBG_TX_WAKE_CLAIM_SENT
DBG_UWB_TX_CH5
DBG_TX_WAKE_CLAIM_SENT
DBG_DWM_CH5_RX_HUNT_START acq=3 complete=15 cap=125
DBG_ANCHOR_CH5_SCAN_HANDLER role=2
DBG_DWM_CH5_RX_HUNT_EMPTY ret=-116 status=0x00000000 acq=3
DBG_ANCHOR_CH5_SCAN_BLOCKED win=0 survey=0 tx=0 retry_gap=0 wait=0 rx=0 rxq=0 rxr=0 ack=0 ch9=0 rf=1 retry=20 interval=380
DBG_ANCHOR_CH5_SCAN_RESCHED ret=1 delay=20
DBG_UWB_TX_CH5
DBG_TX_WAKE_CLAIM_SENT
DBG_UWB_TX_CH5
DBG_TX_WAKE_CLAIM_SENT
DBG_UWB_TX_CH5
DBG_TX_WAKE_CLAIM_SENT
DBG_DWM_CH5_RX_HUNT_START acq=3 complete=15 cap=125
DBG_ANCHOR_CH5_SCAN_HANDLER role=2
DBG_DWM_CH5_RX_HUNT_EMPTY ret=-116 status=0x00000000 acq=3
DBG_ANCHOR_CH5_SCAN_BLOCKED win=0 survey=0 tx=0 retry_gap=0 wait=0 rx=0 rxq=0 rxr=0 ack=0 ch9=0 rf=1 retry=20 interval=380
DBG_ANCHOR_CH5_SCAN_RESCHED ret=1 delay=20
DBG_UWB_TX_CH5
DBG_TX_WAKE_CLAIM_SENT
DBG_UWB_TX_CH5
DBG_TX_WAKE_CLAIM_SENT
DBG_UWB_TX_CH5
DBG_TX_WAKE_CLAIM_SENT
DBG_DWM_CH5_RX_HUNT_START acq=3 complete=15 cap=125
DBG_ANCHOR_CH5_SCAN_HANDLER role=2
DBG_DWM_CH5_RX_HUNT_EMPTY ret=-116 status=0x00000000 acq=3
DBG_ANCHOR_CH5_SCAN_BLOCKED win=0 survey=0 tx=0 retry_gap=0 wait=0 rx=0 rxq=0 rxr=0 ack=0 ch9=0 rf=1 retry=20 interval=380
DBG_ANCHOR_CH5_SCAN_RESCHED ret=1 delay=20
DBG_UWB_TX_CH5
DBG_TX_WAKE_CLAIM_SENT
DBG_UWB_TX_CH5
DBG_TX_WAKE_CLAIM_SENT
DBG_UWB_TX_CH5
DBG_TX_WAKE_CLAIM_SENT
DBG_DWM_CH5_RX_HUNT_START acq=3 complete=15 cap=125
DBG_ANCHOR_CH5_SCAN_HANDLER role=2
DBG_DWM_CH5_RX_HUNT_EMPTY ret=-116 status=0x00000000 acq=3
DBG_ANCHOR_CH5_SCAN_BLOCKED win=0 survey=0 tx=0 retry_gap=0 wait=0 rx=0 rxq=0 rxr=0 ack=0 ch9=0 rf=1 retry=20 interval=380
DBG_ANCHOR_CH5_SCAN_RESCHED ret=1 delay=20
DBG_UWB_TX_CH5
DBG_TX_WAKE_CLAIM_SENT
DBG_UWB_TX_CH5
DBG_TX_WAKE_CLAIM_SENT
DBG_UWB_TX_CH5
DBG_TX_WAKE_CLAIM_SENT
DBG_DWM_CH5_RX_HUNT_START acq=3 complete=15 cap=125
DBG_ANCHOR_CH5_SCAN_HANDLER role=2
DBG_DWM_CH5_RX_HUNT_EMPTY ret=-116 status=0x00000000 acq=3
DBG_ANCHOR_CH5_SCAN_BLOCKED win=0 survey=0 tx=0 retry_gap=0 wait=0 rx=0 rxq=0 rxr=0 ack=0 ch9=0 rf=1 retry=20 interval=380
DBG_ANCHOR_CH5_SCAN_RESCHED ret=1 delay=20
DBG_UWB_TX_CH5
DBG_TX_WAKE_CLAIM_SENT
DBG_UWB_TX_CH5
DBG_TX_WAKE_CLAIM_SENT
DBG_UWB_TX_CH5
DBG_TX_WAKE_CLAIM_SENT
DBG_DWM_CH5_RX_HUNT_START acq=3 complete=15 cap=125
DBG_ANCHOR_CH5_SCAN_HANDLER role=2
DBG_DWM_CH5_RX_HUNT_EMPTY ret=-116 status=0x00000000 acq=3
DBG_ANCHOR_CH5_SCAN_BLOCKED win=0 survey=0 tx=0 retry_gap=0 wait=0 rx=0 rxq=0 rxr=0 ack=0 ch9=0 rf=1 retry=20 interval=380
DBG_ANCHOR_CH5_SCAN_RESCHED ret=1 delay=20
DBG_UWB_TX_CH5
DBG_TX_WAKE_CLAIM_SENT
DBG_UWB_TX_CH5
DBG_TX_WAKE_CLAIM_SENT
DBG_UWB_TX_CH5
DBG_TX_WAKE_CLAIM_SENT
DBG_DWM_CH5_RX_HUNT_START acq=3 complete=15 cap=125
DBG_ANCHOR_CH5_SCAN_HANDLER role=2
DBG_DWM_CH5_RX_HUNT_EMPTY ret=-116 status=0x00000000 acq=3
DBG_ANCHOR_CH5_SCAN_BLOCKED win=0 survey=0 tx=0 retry_gap=0 wait=0 rx=0 rxq=0 rxr=0 ack=0 ch9=0 rf=1 retry=20 interval=380
DBG_ANCHOR_CH5_SCAN_RESCHED ret=1 delay=20
DBG_UWB_TX_CH5
DBG_TX_WAKE_CLAIM_SENT
DBG_ANCHOR_CH5_SCAN_HANDLER role=2
DBG_ANCHOR_CH5_SCAN_BLOCKED win=0 survey=0 tx=0 retry_gap=0 wait=0 rx=0 rxq=0 rxr=0 ack=0 ch9=0 rf=1 retry=20 interval=380
DBG_ANCHOR_CH5_SCAN_RESCHED ret=1 delay=20
DBG_C5_CONTROL_FOLLOWUP_TURNAROUND delay=60 msg=40 reason=broadcast-forward
DBG_ANCHOR_CH5_SCAN_HANDLER role=2
DBG_DWM_CH5_RX_HUNT_START acq=3 complete=15 cap=1021
DBG_DWM_CH5_RX_HUNT_EMPTY ret=-116 status=0x00000000 acq=3
DBG_ANCHOR_CH5_SCAN_RESCHED ret=1 delay=380
DBG_DWM_WAKE_MESH_CTRL_OK sfd=4073
DBG_C5_TX_CONFIG ret=0 ext=1 len=133 msg=40 reason=bounded-c5-flood
DBG_UWB_TX_CH5
DBG_DWM_WAKE_MESH_CTRL_OK sfd=4073
DBG_DWM_WAKE_MESH_CTRL_OK sfd=4073
DBG_C5_TX_CONFIG ret=0 ext=1 len=133 msg=40 reason=bounded-c5-flood
DBG_UWB_TX_CH5
DBG_DWM_WAKE_MESH_CTRL_OK sfd=4073
DBG_DWM_WAKE_MESH_CTRL_OK sfd=4073
DBG_C5_TX_CONFIG ret=0 ext=1 len=133 msg=40 reason=bounded-c5-flood
DBG_UWB_TX_CH5
DBG_DWM_WAKE_MESH_CTRL_OK sfd=4073
DBG_ANCHOR_CH5_SCAN_HANDLER role=2
DBG_ANCHOR_CH5_SCAN_BLOCKED win=0 survey=0 tx=0 retry_gap=0 wait=0 rx=0 rxq=0 rxr=0 ack=0 ch9=0 rf=1 retry=20 interval=380
DBG_ANCHOR_CH5_SCAN_RESCHED ret=1 delay=20
DBG_ANCHOR_CH5_SCAN_HANDLER role=2
DBG_ANCHOR_CH5_SCAN_BLOCKED win=0 survey=0 tx=0 retry_gap=0 wait=0 rx=0 rxq=0 rxr=0 ack=0 ch9=0 rf=1 retry=20 interval=380
DBG_ANCHOR_CH5_SCAN_RESCHED ret=1 delay=20
DBG_UWB_TX_CH5
DBG_ANCHOR_MESH_RX_YIELD reason=anchor-low-duty-ch5-owner ch9=0 delay=0 scan_int=380 scan_win=3 wait=0 q=0
DBG_ANCHOR_CH5_SCAN_HANDLER role=2
DBG_ANCHOR_CH5_SCAN_ARM now=50892 win=3 complete=15 interval=380 wait=0 tx=0
DBG_DWM_CH5_RX_HUNT_START acq=3 complete=15 cap=1021
DBG_DWM_CH5_RX_HUNT_EMPTY ret=-116 status=0x00000000 acq=3
DBG_ANCHOR_CH5_SCAN_DONE ret=-116 len=0 fail=1 pre=0 q=0 rx_us=4058 complete=15
DBG_ANCHOR_CH5_SCAN_RESCHED ret=1 delay=380
DBG_ANCHOR_CH5_SCAN_HANDLER role=2
DBG_DWM_CH5_RX_HUNT_START acq=3 complete=15 cap=1021
DBG_DWM_CH5_RX_HUNT_EMPTY ret=-116 status=0x00000000 acq=3
DBG_ANCHOR_CH5_SCAN_RESCHED ret=1 delay=380
DBG_ANCHOR_CH5_SCAN_HANDLER role=2
DBG_DWM_CH5_RX_HUNT_START acq=3 complete=15 cap=1021
DBG_DWM_CH5_RX_HUNT_EMPTY ret=-116 status=0x00000000 acq=3
DBG_ANCHOR_CH5_SCAN_RESCHED ret=1 delay=380
DBG_ANCHOR_CH5_SCAN_HANDLER role=2
DBG_ANCHOR_CH5_SCAN_ARM now=52104 win=3 complete=15 interval=380 wait=0 tx=0
DBG_DWM_CH5_RX_HUNT_START acq=3 complete=15 cap=1021
DBG_DWM_CH5_RX_HUNT_EMPTY ret=-116 status=0x00000000 acq=3
DBG_ANCHOR_CH5_SCAN_DONE ret=-116 len=0 fail=1 pre=0 q=0 rx_us=4211 complete=15
DBG_ANCHOR_CH5_SCAN_RESCHED ret=1 delay=380
DBG_ANCHOR_CH5_SCAN_HANDLER role=2
DBG_DWM_CH5_RX_HUNT_START acq=3 complete=15 cap=1021
DBG_DWM_CH5_RX_HUNT_EMPTY ret=-116 status=0x00000000 acq=3
DBG_ANCHOR_CH5_SCAN_RESCHED ret=1 delay=380
DBG_ANCHOR_CH5_SCAN_HANDLER role=2
DBG_DWM_CH5_RX_HUNT_START acq=3 complete=15 cap=1021
DBG_DWM_CH5_RX_HUNT_EMPTY ret=-116 status=0x00000000 acq=3
DBG_ANCHOR_CH5_SCAN_RESCHED ret=1 delay=380
DBG_ANCHOR_CH5_SCAN_HANDLER role=2
DBG_ANCHOR_CH5_SCAN_ARM now=53316 win=3 complete=15 interval=380 wait=0 tx=0
DBG_DWM_CH5_RX_HUNT_START acq=3 complete=15 cap=1021
DBG_DWM_CH5_RX_HUNT_EMPTY ret=-116 status=0x00000000 acq=3
DBG_ANCHOR_CH5_SCAN_DONE ret=-116 len=0 fail=1 pre=0 q=0 rx_us=3479 complete=15
DBG_ANCHOR_CH5_SCAN_RESCHED ret=1 delay=380
DBG_ANCHOR_CH5_SCAN_HANDLER role=2
DBG_DWM_CH5_RX_HUNT_START acq=3 complete=15 cap=1021
DBG_DWM_CH5_RX_HUNT_EMPTY ret=-116 status=0x00000000 acq=3
DBG_ANCHOR_CH5_SCAN_RESCHED ret=1 delay=380
DBG_ANCHOR_CH5_SCAN_HANDLER role=2
DBG_DWM_CH5_RX_HUNT_START acq=3 complete=15 cap=1021
DBG_DWM_CH5_RX_HUNT_EMPTY ret=-116 status=0x00000000 acq=3
DBG_ANCHOR_CH5_SCAN_RESCHED ret=1 delay=380
DBG_NC o=0000000000000001 g=00000001 w=00 e=0000003c s=00000005 q=0000>0004 r=00000000 f=00000024 t=00000000 p=00000000 a=00
DBG_NODE_COMM_SUBMIT handle=1 profile=3 token=17039361 deadline=94226
DBG_DISCOVERY_SLOT_RESPONSE phase=1 epoch=16777219 hash=0x84e5bb6fd3fa9660 hop=2 slot=1 attempt=1 ret=0
DBG_PROTOCOL_RESPONSE_RX_HANDOFF_READY abort=0 owner=0 seq=1
DBG_CH9_UNAVAIL ret=-9 sel=0 act=0 now=54227 start=0 win=0
DBG_CH9_ROUTE_STATE epoch=1 selected=0
DBG_CH9_ROUTE_CAND i=0 epoch=1 next=0x191a9619c6c8cb07 hop=1 timing=0 fail=0 hold=0
DBG_C5_CONTACT phase=open state=1 peer=0x191a9619c6c8cb07 purpose=channel9_timing_negotiation reason=initial-tx-event-repair
DBG_WAKE_TRAIN_GUARD_OK
DBG_WAKE_TRAIN_CONFIG_BEGIN
DBG_WAKE_TRAIN_CONFIG_OK
DBG_WAKE_TRAIN_FIRST_SEND_BEGIN
DBG_WAKE_TRAIN_FIRST_SEND_OK
DBG_UWB_TX_CH5
DBG_TX_WAKE_CLAIM_SENT
DBG_UWB_TX_CH5
DBG_TX_WAKE_CLAIM_SENT
DBG_UWB_TX_CH5
DBG_TX_WAKE_CLAIM_SENT
DBG_DWM_CH5_RX_HUNT_START acq=3 complete=15 cap=125
DBG_DWM_CH5_RX_HUNT_EMPTY ret=-116 status=0x00000000 acq=3
DBG_UWB_TX_CH5
DBG_TX_WAKE_CLAIM_SENT
DBG_UWB_TX_CH5
DBG_TX_WAKE_CLAIM_SENT
DBG_UWB_TX_CH5
DBG_TX_WAKE_CLAIM_SENT
DBG_DWM_CH5_RX_HUNT_START acq=3 complete=15 cap=125
DBG_DWM_CH5_RX_HUNT_EMPTY ret=-116 status=0x00000000 acq=3
DBG_UWB_TX_CH5
DBG_TX_WAKE_CLAIM_SENT
DBG_UWB_TX_CH5
DBG_TX_WAKE_CLAIM_SENT
DBG_UWB_TX_CH5
DBG_TX_WAKE_CLAIM_SENT
DBG_DWM_CH5_RX_HUNT_START acq=3 complete=15 cap=125
DBG_DWM_CH5_RX_HUNT_EMPTY ret=-116 status=0x00000000 acq=3
DBG_UWB_TX_CH5
DBG_TX_WAKE_CLAIM_SENT
DBG_UWB_TX_CH5
DBG_TX_WAKE_CLAIM_SENT
DBG_UWB_TX_CH5
DBG_TX_WAKE_CLAIM_SENT
DBG_DWM_CH5_RX_HUNT_START acq=3 complete=15 cap=125
DBG_DWM_CH5_RX_HUNT_EMPTY ret=-116 status=0x00000000 acq=3
DBG_UWB_TX_CH5
DBG_TX_WAKE_CLAIM_SENT
DBG_UWB_TX_CH5
DBG_TX_WAKE_CLAIM_SENT
DBG_UWB_TX_CH5
DBG_TX_WAKE_CLAIM_SENT
DBG_DWM_CH5_RX_HUNT_START acq=3 complete=15 cap=125
DBG_DWM_CH5_RX_HUNT_EMPTY ret=-116 status=0x00000000 acq=3
DBG_UWB_TX_CH5
DBG_TX_WAKE_CLAIM_SENT
DBG_UWB_TX_CH5
DBG_TX_WAKE_CLAIM_SENT
DBG_UWB_TX_CH5
DBG_TX_WAKE_CLAIM_SENT
DBG_DWM_CH5_RX_HUNT_START acq=3 complete=15 cap=125
DBG_DWM_CH5_RX_HUNT_EMPTY ret=-116 status=0x00000000 acq=3
DBG_UWB_TX_CH5
DBG_TX_WAKE_CLAIM_SENT
DBG_UWB_TX_CH5
DBG_TX_WAKE_CLAIM_SENT
DBG_UWB_TX_CH5
DBG_TX_WAKE_CLAIM_SENT
DBG_DWM_CH5_RX_HUNT_START acq=3 complete=15 cap=125
DBG_DWM_CH5_RX_HUNT_EMPTY ret=-116 status=0x00000000 acq=3
DBG_UWB_TX_CH5
DBG_TX_WAKE_CLAIM_SENT
DBG_UWB_TX_CH5
DBG_TX_WAKE_CLAIM_SENT
DBG_UWB_TX_CH5
DBG_TX_WAKE_CLAIM_SENT
DBG_DWM_CH5_RX_HUNT_START acq=3 complete=15 cap=125
DBG_DWM_CH5_RX_HUNT_EMPTY ret=-116 status=0x00000000 acq=3
DBG_UWB_TX_CH5
DBG_TX_WAKE_CLAIM_SENT
DBG_UWB_TX_CH5
DBG_TX_WAKE_CLAIM_SENT
DBG_UWB_TX_CH5
DBG_TX_WAKE_CLAIM_SENT
DBG_DWM_CH5_RX_HUNT_START acq=3 complete=15 cap=125
DBG_DWM_CH5_RX_HUNT_EMPTY ret=-116 status=0x00000000 acq=3
DBG_UWB_TX_CH5
DBG_TX_WAKE_CLAIM_SENT
DBG_UWB_TX_CH5
DBG_TX_WAKE_CLAIM_SENT
DBG_UWB_TX_CH5
DBG_TX_WAKE_CLAIM_SENT
DBG_DWM_CH5_RX_HUNT_START acq=3 complete=15 cap=125
DBG_DWM_CH5_RX_HUNT_EMPTY ret=-116 status=0x00000000 acq=3
DBG_UWB_TX_CH5
DBG_TX_WAKE_CLAIM_SENT
DBG_ANCHOR_CH5_SCAN_HANDLER role=2
DBG_UWB_TX_CH5
DBG_TX_WAKE_CLAIM_SENT
DBG_ANCHOR_CH5_SCAN_BLOCKED win=0 survey=0 tx=0 retry_gap=0 wait=0 rx=0 rxq=0 rxr=0 ack=0 ch9=0 rf=1 retry=20 interval=380
DBG_ANCHOR_CH5_SCAN_RESCHED ret=1 delay=20
DBG_UWB_TX_CH5
DBG_TX_WAKE_CLAIM_SENT
DBG_DWM_CH5_RX_HUNT_START acq=3 complete=15 cap=125
DBG_DWM_CH5_RX_HUNT_EMPTY ret=-116 status=0x00000000 acq=3
DBG_UWB_TX_CH5
DBG_TX_WAKE_CLAIM_SENT
DBG_ANCHOR_CH5_SCAN_HANDLER role=2
DBG_UWB_TX_CH5
DBG_TX_WAKE_CLAIM_SENT
DBG_ANCHOR_CH5_SCAN_BLOCKED win=0 survey=0 tx=0 retry_gap=0 wait=0 rx=0 rxq=0 rxr=0 ack=0 ch9=0 rf=1 retry=20 interval=380
DBG_ANCHOR_CH5_SCAN_RESCHED ret=1 delay=20
DBG_UWB_TX_CH5
DBG_TX_WAKE_CLAIM_SENT
DBG_DWM_CH5_RX_HUNT_START acq=3 complete=15 cap=125
DBG_DWM_CH5_RX_HUNT_EMPTY ret=-116 status=0x00000000 acq=3
DBG_UWB_TX_CH5
DBG_TX_WAKE_CLAIM_SENT
DBG_ANCHOR_CH5_SCAN_HANDLER role=2
DBG_UWB_TX_CH5
DBG_TX_WAKE_CLAIM_SENT
DBG_ANCHOR_CH5_SCAN_BLOCKED win=0 survey=0 tx=0 retry_gap=0 wait=0 rx=0 rxq=0 rxr=0 ack=0 ch9=0 rf=1 retry=20 interval=380
DBG_ANCHOR_CH5_SCAN_RESCHED ret=1 delay=20
DBG_UWB_TX_CH5
DBG_TX_WAKE_CLAIM_SENT
DBG_DWM_CH5_RX_HUNT_START acq=3 complete=15 cap=125
DBG_DWM_CH5_RX_HUNT_EMPTY ret=-116 status=0x00000000 acq=3
DBG_UWB_TX_CH5
DBG_TX_WAKE_CLAIM_SENT
DBG_ANCHOR_CH5_SCAN_HANDLER role=2
DBG_UWB_TX_CH5
DBG_TX_WAKE_CLAIM_SENT
DBG_ANCHOR_CH5_SCAN_BLOCKED win=0 survey=0 tx=0 retry_gap=0 wait=0 rx=0 rxq=0 rxr=0 ack=0 ch9=0 rf=1 retry=20 interval=380
DBG_ANCHOR_CH5_SCAN_RESCHED ret=1 delay=20
DBG_UWB_TX_CH5
DBG_TX_WAKE_CLAIM_SENT
DBG_DWM_CH5_RX_HUNT_START acq=3 complete=15 cap=125
DBG_DWM_CH5_RX_HUNT_EMPTY ret=-116 status=0x00000000 acq=3
DBG_UWB_TX_CH5
DBG_TX_WAKE_CLAIM_SENT
DBG_ANCHOR_CH5_SCAN_HANDLER role=2
DBG_UWB_TX_CH5
DBG_TX_WAKE_CLAIM_SENT
DBG_ANCHOR_CH5_SCAN_BLOCKED win=0 survey=0 tx=0 retry_gap=0 wait=0 rx=0 rxq=0 rxr=0 ack=0 ch9=0 rf=1 retry=20 interval=380
DBG_ANCHOR_CH5_SCAN_RESCHED ret=1 delay=20
DBG_UWB_TX_CH5
DBG_TX_WAKE_CLAIM_SENT
DBG_DWM_CH5_RX_HUNT_START acq=3 complete=15 cap=125
DBG_DWM_CH5_RX_HUNT_EMPTY ret=-116 status=0x00000000 acq=3
DBG_UWB_TX_CH5
DBG_TX_WAKE_CLAIM_SENT
DBG_ANCHOR_CH5_SCAN_HANDLER role=2
DBG_UWB_TX_CH5
DBG_TX_WAKE_CLAIM_SENT
DBG_ANCHOR_CH5_SCAN_BLOCKED win=0 survey=0 tx=0 retry_gap=0 wait=0 rx=0 rxq=0 rxr=0 ack=0 ch9=0 rf=1 retry=20 interval=380
DBG_ANCHOR_CH5_SCAN_RESCHED ret=1 delay=20
DBG_UWB_TX_CH5
DBG_TX_WAKE_CLAIM_SENT
DBG_DWM_CH5_RX_HUNT_START acq=3 complete=15 cap=125
DBG_DWM_CH5_RX_HUNT_EMPTY ret=-116 status=0x00000000 acq=3
DBG_UWB_TX_CH5
DBG_TX_WAKE_CLAIM_SENT
DBG_ANCHOR_CH5_SCAN_HANDLER role=2
DBG_UWB_TX_CH5
DBG_TX_WAKE_CLAIM_SENT
DBG_ANCHOR_CH5_SCAN_BLOCKED win=0 survey=0 tx=0 retry_gap=0 wait=0 rx=0 rxq=0 rxr=0 ack=0 ch9=0 rf=1 retry=20 interval=380
DBG_ANCHOR_CH5_SCAN_RESCHED ret=1 delay=20
DBG_UWB_TX_CH5
DBG_TX_WAKE_CLAIM_SENT
DBG_DWM_CH5_RX_HUNT_START acq=3 complete=15 cap=125
DBG_DWM_CH5_RX_HUNT_EMPTY ret=-116 status=0x00000000 acq=3
DBG_UWB_TX_CH5
DBG_TX_WAKE_CLAIM_SENT
DBG_ANCHOR_CH5_SCAN_HANDLER role=2
DBG_UWB_TX_CH5
DBG_TX_WAKE_CLAIM_SENT
DBG_ANCHOR_CH5_SCAN_BLOCKED win=0 survey=0 tx=0 retry_gap=0 wait=0 rx=0 rxq=0 rxr=0 ack=0 ch9=0 rf=1 retry=20 interval=380
DBG_ANCHOR_CH5_SCAN_RESCHED ret=1 delay=20
DBG_ANCHOR_CH5_SCAN_HANDLER role=2
DBG_ANCHOR_CH5_SCAN_BLOCKED win=0 survey=0 tx=0 retry_gap=0 wait=0 rx=0 rxq=0 rxr=0 ack=0 ch9=0 rf=1 retry=20 interval=380
DBG_ANCHOR_CH5_SCAN_RESCHED ret=1 delay=20
DBG_C5_CONTACT phase=closing state=4 peer=0x191a9619c6c8cb07 purpose=channel9_timing_negotiation reason=replace
DBG_C5_CONTACT phase=open state=2 peer=0x191a9619c6c8cb07 purpose=route_solicit reason=initial-tx-event-repair
DBG_C5_CONTACT phase=accepted state=2 peer=0x191a9619c6c8cb07 purpose=route_solicit reason=initial-tx-event-repair
DBG_C5_CONTROL_FOLLOWUP_TURNAROUND delay=60 msg=37 reason=initial-tx-event-repair
DBG_ANCHOR_CH5_SCAN_HANDLER role=2
DBG_ANCHOR_CH5_SCAN_ARM now=54740 win=3 complete=15 interval=380 wait=0 tx=0
DBG_DWM_CH5_RX_HUNT_START acq=3 complete=15 cap=1021
DBG_DWM_CH5_RX_HUNT_EMPTY ret=-116 status=0x00000000 acq=3
DBG_ANCHOR_CH5_SCAN_DONE ret=-116 len=0 fail=1 pre=0 q=0 rx_us=3479 complete=15
DBG_ANCHOR_CH5_SCAN_RESCHED ret=1 delay=380
DBG_C5_CONTACT phase=closing state=4 peer=0x191a9619c6c8cb07 purpose=route_solicit reason=replace
DBG_C5_CONTACT phase=open state=2 peer=0x191a9619c6c8cb07 purpose=channel9_timing_negotiation reason=initial-tx-event-repair
DBG_C5_CONTACT phase=accepted state=2 peer=0x191a9619c6c8cb07 purpose=channel9_timing_negotiation reason=initial-tx-event-repa
DBG_C5_CONTACT phase=exchange state=3 peer=0x191a9619c6c8cb07 purpose=channel9_timing_negotiation reason=initial-tx-event-repa
DBG_DWM_WAKE_MESH_CTRL_OK sfd=4073
DBG_C5_TX_CONFIG ret=0 ext=1 len=113 msg=37 reason=initial-tx-event-repair
DBG_UWB_TX_CH5
DBG_C5_CONTACT phase=exchange state=3 peer=0x191a9619c6c8cb07 purpose=channel9_timing_negotiation reason=initial-tx-event-repa
DBG_EVENT_PROPOSE_SENT
DBG_EVENT_ACCEPT_LISTEN
DBG_C5_CONTACT phase=exchange state=3 peer=0x191a9619c6c8cb07 purpose=channel9_timing_negotiation reason=event-accept
DBG_ROUTE_REPLY_LISTEN_START
DBG_DWM_WAKE_MESH_CTRL_OK sfd=4073
DBG_ROUTE_REPLY_LISTEN_CONFIG ret=0 ext=1
DBG_DWM_CH5_RX_HUNT_START acq=61 complete=15 cap=1021
DBG_DWM_CH5_RX_ACTIVITY_EXTEND ret=0 status=0x00000100 complete=15
DBG_DWM_CH5_RX_ACTIVITY_WAIT status=0x00000100 remain=15
DBG_DWM_CH5_RX_ACTIVITY_DONE raw=51 payload=49 status=0x00006f00 rearm=0 extended=1
DBG_DWM_WAKE_MESH_CTRL_OK sfd=4073
DBG_ROUTE_REPLY_CLICK_PROBE_DONE duration_ms=50 outcome=restore ret=0
DBG_C5_RX_FAIL status=0x00001300 finfo=0x00000000 fail=4 phy=4 ch=5 plen=3 pac=2 txc=9 rxc=9 sfd=2 rate=0 phr=1 phrr=0 sfdto=4
DBG_ANCHOR_CH5_SCAN_HANDLER role=2
DBG_DWM_CH5_RX_HUNT_START acq=61 complete=15 cap=1021
DBG_DWM_CH5_RX_ACTIVITY_EXTEND ret=0 status=0x00000100 complete=15
DBG_DWM_CH5_RX_ACTIVITY_WAIT status=0x00000100 remain=15
DBG_ANCHOR_CH5_SCAN_BLOCKED win=0 survey=0 tx=0 retry_gap=0 wait=0 rx=0 rxq=0 rxr=0 ack=0 ch9=0 rf=1 retry=20 interval=380
DBG_ANCHOR_CH5_SCAN_RESCHED ret=1 delay=20
DBG_DWM_CH5_RX_ACTIVITY_DONE raw=51 payload=49 status=0x00006f00 rearm=0 extended=1
DBG_ANCHOR_CH5_SCAN_HANDLER role=2
DBG_ANCHOR_CH5_SCAN_BLOCKED win=0 survey=0 tx=0 retry_gap=0 wait=0 rx=0 rxq=0 rxr=0 ack=0 ch9=0 rf=1 retry=20 interval=380
DBG_ANCHOR_CH5_SCAN_RESCHED ret=1 delay=20
DBG_DWM_CH5_RX_HUNT_START acq=61 complete=15 cap=1021
DBG_DWM_CH5_RX_ACTIVITY_EXTEND ret=0 status=0x00000100 complete=15
DBG_DWM_CH5_RX_ACTIVITY_WAIT status=0x00000100 remain=15
DBG_ANCHOR_CH5_SCAN_HANDLER role=2
DBG_ANCHOR_CH5_SCAN_BLOCKED win=0 survey=0 tx=0 retry_gap=0 wait=0 rx=0 rxq=0 rxr=0 ack=0 ch9=0 rf=1 retry=20 interval=380
DBG_ANCHOR_CH5_SCAN_RESCHED ret=1 delay=20
DBG_DWM_CH5_RX_ACTIVITY_DONE raw=51 payload=49 status=0x00006f00 rearm=0 extended=1
DBG_DWM_WAKE_MESH_CTRL_OK sfd=4073
DBG_ROUTE_REPLY_CLICK_PROBE_DONE duration_ms=42 outcome=restore ret=0
DBG_ANCHOR_CH5_SCAN_HANDLER role=2
DBG_ANCHOR_CH5_SCAN_BLOCKED win=0 survey=0 tx=0 retry_gap=0 wait=0 rx=0 rxq=0 rxr=0 ack=0 ch9=0 rf=1 retry=20 interval=380
DBG_ANCHOR_CH5_SCAN_RESCHED ret=1 delay=20
DBG_DWM_CH5_RX_HUNT_START acq=61 complete=15 cap=1021
DBG_DWM_CH5_RX_ACTIVITY_EXTEND ret=0 status=0x00000100 complete=15
DBG_DWM_CH5_RX_ACTIVITY_WAIT status=0x00000100 remain=15
DBG_ANCHOR_CH5_SCAN_HANDLER role=2
DBG_ANCHOR_CH5_SCAN_BLOCKED win=0 survey=0 tx=0 retry_gap=0 wait=0 rx=0 rxq=0 rxr=0 ack=0 ch9=0 rf=1 retry=20 interval=380
DBG_ANCHOR_CH5_SCAN_RESCHED ret=1 delay=20
DBG_DWM_CH5_RX_ACTIVITY_DONE raw=51 payload=49 status=0x00006f00 rearm=0 extended=1
DBG_DWM_WAKE_MESH_CTRL_OK sfd=4073
DBG_ROUTE_REPLY_CLICK_PROBE_DONE duration_ms=42 outcome=restore ret=0
DBG_ANCHOR_CH5_SCAN_HANDLER role=2
DBG_ANCHOR_CH5_SCAN_BLOCKED win=0 survey=0 tx=0 retry_gap=0 wait=0 rx=0 rxq=0 rxr=0 ack=0 ch9=0 rf=1 retry=20 interval=380
DBG_ANCHOR_CH5_SCAN_RESCHED ret=1 delay=20
DBG_DWM_CH5_RX_HUNT_START acq=61 complete=15 cap=1021
DBG_DWM_CH5_RX_ACTIVITY_EXTEND ret=0 status=0x00000100 complete=15
DBG_DWM_CH5_RX_ACTIVITY_WAIT status=0x00000100 remain=15
DBG_ANCHOR_CH5_SCAN_HANDLER role=2
DBG_ANCHOR_CH5_SCAN_BLOCKED win=0 survey=0 tx=0 retry_gap=0 wait=0 rx=0 rxq=0 rxr=0 ack=0 ch9=0 rf=1 retry=20 interval=380
DBG_ANCHOR_CH5_SCAN_RESCHED ret=1 delay=20
DBG_DWM_CH5_RX_ACTIVITY_DONE raw=51 payload=49 status=0x00006f00 rearm=0 extended=1
DBG_DWM_WAKE_MESH_CTRL_OK sfd=4073
DBG_ROUTE_REPLY_CLICK_PROBE_DONE duration_ms=43 outcome=restore ret=0
DBG_ANCHOR_CH5_SCAN_HANDLER role=2
DBG_ANCHOR_CH5_SCAN_BLOCKED win=0 survey=0 tx=0 retry_gap=0 wait=0 rx=0 rxq=0 rxr=0 ack=0 ch9=0 rf=1 retry=20 interval=380
DBG_ANCHOR_CH5_SCAN_RESCHED ret=1 delay=20
DBG_DWM_CH5_RX_HUNT_START acq=61 complete=15 cap=1021
DBG_DWM_CH5_RX_ACTIVITY_EXTEND ret=0 status=0x00000100 complete=15
DBG_DWM_CH5_RX_ACTIVITY_WAIT status=0x00000100 remain=15
DBG_ANCHOR_CH5_SCAN_HANDLER role=2
DBG_ANCHOR_CH5_SCAN_BLOCKED win=0 survey=0 tx=0 retry_gap=0 wait=0 rx=0 rxq=0 rxr=0 ack=0 ch9=0 rf=1 retry=20 interval=380
DBG_ANCHOR_CH5_SCAN_RESCHED ret=1 delay=20
DBG_DWM_CH5_RX_ACTIVITY_DONE raw=51 payload=49 status=0x00006f00 rearm=0 extended=1
DBG_DWM_WAKE_MESH_CTRL_OK sfd=4073
DBG_ROUTE_REPLY_CLICK_PROBE_DONE duration_ms=43 outcome=restore ret=0
DBG_ANCHOR_CH5_SCAN_HANDLER role=2
DBG_ANCHOR_CH5_SCAN_BLOCKED win=0 survey=0 tx=0 retry_gap=0 wait=0 rx=0 rxq=0 rxr=0 ack=0 ch9=0 rf=1 retry=20 interval=380
DBG_ANCHOR_CH5_SCAN_RESCHED ret=1 delay=20
DBG_DWM_CH5_RX_HUNT_START acq=61 complete=15 cap=1021
DBG_DWM_CH5_RX_ACTIVITY_EXTEND ret=0 status=0x00000100 complete=15
DBG_DWM_CH5_RX_ACTIVITY_WAIT status=0x00000100 remain=15
DBG_ANCHOR_CH5_SCAN_HANDLER role=2
DBG_ANCHOR_CH5_SCAN_BLOCKED win=0 survey=0 tx=0 retry_gap=0 wait=0 rx=0 rxq=0 rxr=0 ack=0 ch9=0 rf=1 retry=20 interval=380
DBG_ANCHOR_CH5_SCAN_RESCHED ret=1 delay=20
DBG_DWM_CH5_RX_ACTIVITY_DONE raw=51 payload=49 status=0x00006f00 rearm=0 extended=1
DBG_DWM_WAKE_MESH_CTRL_OK sfd=4073
DBG_ROUTE_REPLY_CLICK_PROBE_DONE duration_ms=43 outcome=restore ret=0
DBG_ANCHOR_CH5_SCAN_HANDLER role=2
DBG_ANCHOR_CH5_SCAN_BLOCKED win=0 survey=0 tx=0 retry_gap=0 wait=0 rx=0 rxq=0 rxr=0 ack=0 ch9=0 rf=1 retry=20 interval=380
DBG_ANCHOR_CH5_SCAN_RESCHED ret=1 delay=20
DBG_DWM_CH5_RX_HUNT_START acq=61 complete=15 cap=1021
DBG_DWM_CH5_RX_ACTIVITY_EXTEND ret=0 status=0x00000100 complete=15
DBG_DWM_CH5_RX_ACTIVITY_WAIT status=0x00000100 remain=15
DBG_ANCHOR_CH5_SCAN_HANDLER role=2
DBG_ANCHOR_CH5_SCAN_BLOCKED win=0 survey=0 tx=0 retry_gap=0 wait=0 rx=0 rxq=0 rxr=0 ack=0 ch9=0 rf=1 retry=20 interval=380
DBG_ANCHOR_CH5_SCAN_RESCHED ret=1 delay=20
DBG_DWM_WAKE_MESH_CTRL_OK sfd=4073
DBG_ROUTE_REPLY_CLICK_PROBE_DONE duration_ms=42 outcome=restore ret=0
DBG_ANCHOR_CH5_SCAN_HANDLER role=2
DBG_ANCHOR_CH5_SCAN_BLOCKED win=0 survey=0 tx=0 retry_gap=0 wait=0 rx=0 rxq=0 rxr=0 ack=0 ch9=0 rf=1 retry=20 interval=380
DBG_ANCHOR_CH5_SCAN_RESCHED ret=1 delay=20
DBG_DWM_CH5_RX_HUNT_START acq=61 complete=15 cap=1021
DBG_DWM_CH5_RX_ACTIVITY_EXTEND ret=0 status=0x00000100 complete=15
DBG_DWM_CH5_RX_ACTIVITY_WAIT status=0x00000100 remain=15
DBG_ANCHOR_CH5_SCAN_HANDLER role=2
DBG_ANCHOR_CH5_SCAN_BLOCKED win=0 survey=0 tx=0 retry_gap=0 wait=0 rx=0 rxq=0 rxr=0 ack=0 ch9=0 rf=1 retry=20 interval=380
DBG_ANCHOR_CH5_SCAN_RESCHED ret=1 delay=20
DBG_DWM_CH5_RX_ACTIVITY_DONE raw=51 payload=49 status=0x00006f00 rearm=0 extended=1
DBG_DWM_WAKE_MESH_CTRL_OK sfd=4073
DBG_ROUTE_REPLY_CLICK_PROBE_DONE duration_ms=43 outcome=restore ret=0
DBG_ANCHOR_CH5_SCAN_HANDLER role=2
DBG_ANCHOR_CH5_SCAN_BLOCKED win=0 survey=0 tx=0 retry_gap=0 wait=0 rx=0 rxq=0 rxr=0 ack=0 ch9=0 rf=1 retry=20 interval=380
DBG_ANCHOR_CH5_SCAN_RESCHED ret=1 delay=20
DBG_ROUTE_REPLY_RX_FRAME
DBG_EVENT_CTRL_RX
DBG_EVENT_RX msg=38 recv=55496 ref=55486 next=55979 cnt=325742756 txeven=1
DBG_EVENT_CTRL_INLINE msg=0x38 recv=55496 next=0x191a9619c6c8cb07 seq=1
DBG_ROUTE_REPLY_LISTEN_DONE captured=1 ret=0
DBG_C5_CONTACT phase=closing state=4 peer=0x191a9619c6c8cb07 purpose=channel9_timing_negotiation reason=reply-listen-done
DBG_EVENT_ACCEPT_RX
DBG_INITIAL_TX_EVENT_REPAIR peer=0x191a9619c6c8cb07 repair=0 active=0 hard=0 delay=1 seq=1 reason=node-comm-reliable-uplink
DBG_NC o=0000000000000001 g=00000001 w=00 e=0000003f s=00000005 q=0004>0004 r=00000000 f=00000000 t=00000000 p=00000000 a=00
DBG_NODE_COMM_ATTEMPT handle=1 profile=3 attempt=1 ret=-16 rf=0 scheduled=1 state=0
DBG_PROTOCOL_RESPONSE_RX_HANDOFF_READY abort=0 owner=0 seq=1
DBG_CH9_ROUTE_STATE epoch=1 selected=0
DBG_ANCHOR_CH5_SCAN_HANDLER role=2
DBG_ANCHOR_CH5_SCAN_BLOCKED win=0 survey=0 tx=0 retry_gap=0 wait=0 rx=0 rxq=0 rxr=0 ack=0 ch9=0 rf=1 retry=20 interval=380
DBG_ANCHOR_CH5_SCAN_RESCHED ret=1 delay=20
DBG_ANCHOR_CH5_SCAN_HANDLER role=2
DBG_ANCHOR_CH5_SCAN_BLOCKED win=0 survey=0 tx=0 retry_gap=0 wait=0 rx=0 rxq=0 rxr=0 ack=0 ch9=0 rf=1 retry=20 interval=380
DBG_ANCHOR_CH5_SCAN_RESCHED ret=1 delay=20
DBG_ANCHOR_CH5_SCAN_HANDLER role=2
DBG_ANCHOR_CH5_SCAN_BLOCKED win=0 survey=0 tx=0 retry_gap=0 wait=0 rx=0 rxq=0 rxr=0 ack=0 ch9=0 rf=1 retry=20 interval=380
DBG_ANCHOR_CH5_SCAN_RESCHED ret=1 delay=20
DBG_ANCHOR_CH5_SCAN_HANDLER role=2
DBG_ANCHOR_CH5_SCAN_BLOCKED win=0 survey=0 tx=0 retry_gap=0 wait=0 rx=0 rxq=0 rxr=0 ack=0 ch9=0 rf=1 retry=20 interval=380
DBG_ANCHOR_CH5_SCAN_RESCHED ret=1 delay=20
DBG_CH5_GAP_SCAN_DONE frames=0 last_error=0 now=55603 deadline=55603 click=0
DBG_DWM_KEEP_IDLE reason=mesh-rx ch9=1 ack=0 qack=0 ret=0
DBG_CH5_GAP_SCAN now=55604 win=100 next_delay=297
DBG_ANCHOR_CH5_SCAN_HANDLER role=2
DBG_ANCHOR_CH5_SCAN_BLOCKED win=0 survey=0 tx=0 retry_gap=0 wait=0 rx=0 rxq=0 rxr=0 ack=0 ch9=0 rf=1 retry=20 interval=380
DBG_ANCHOR_CH5_SCAN_RESCHED ret=1 delay=20
DBG_ANCHOR_CH5_SCAN_HANDLER role=2
DBG_ANCHOR_CH5_SCAN_BLOCKED win=0 survey=0 tx=0 retry_gap=0 wait=0 rx=0 rxq=0 rxr=0 ack=0 ch9=0 rf=1 retry=20 interval=380
DBG_ANCHOR_CH5_SCAN_RESCHED ret=1 delay=20
DBG_ANCHOR_CH5_SCAN_HANDLER role=2
DBG_ANCHOR_CH5_SCAN_BLOCKED win=0 survey=0 tx=0 retry_gap=0 wait=0 rx=0 rxq=0 rxr=0 ack=0 ch9=0 rf=1 retry=20 interval=380
DBG_ANCHOR_CH5_SCAN_RESCHED ret=1 delay=20
DBG_ANCHOR_CH5_SCAN_HANDLER role=2
DBG_ANCHOR_CH5_SCAN_BLOCKED win=0 survey=0 tx=0 retry_gap=0 wait=0 rx=0 rxq=0 rxr=0 ack=0 ch9=0 rf=1 retry=20 interval=380
DBG_CH5_GAP_SCAN_DONE frames=0 last_error=0 now=55705 deadline=55704 click=0
DBG_DWM_KEEP_IDLE reason=mesh-rx ch9=1 ack=0 qack=0 ret=0
DBG_CH5_GAP_SCAN now=55706 win=100 next_delay=195
DBG_ANCHOR_CH5_SCAN_RESCHED ret=1 delay=20
DBG_ANCHOR_CH5_SCAN_HANDLER role=2
DBG_ANCHOR_CH5_SCAN_BLOCKED win=0 survey=0 tx=0 retry_gap=0 wait=0 rx=0 rxq=0 rxr=0 ack=0 ch9=0 rf=1 retry=20 interval=380
DBG_ANCHOR_CH5_SCAN_RESCHED ret=1 delay=20
DBG_ANCHOR_CH5_SCAN_HANDLER role=2
DBG_ANCHOR_CH5_SCAN_BLOCKED win=0 survey=0 tx=0 retry_gap=0 wait=0 rx=0 rxq=0 rxr=0 ack=0 ch9=0 rf=1 retry=20 interval=380
DBG_ANCHOR_CH5_SCAN_RESCHED ret=1 delay=20
DBG_ANCHOR_CH5_SCAN_HANDLER role=2
DBG_ANCHOR_CH5_SCAN_BLOCKED win=0 survey=0 tx=0 retry_gap=0 wait=0 rx=0 rxq=0 rxr=0 ack=0 ch9=0 rf=1 retry=20 interval=380
DBG_ANCHOR_CH5_SCAN_RESCHED ret=1 delay=20
DBG_ANCHOR_CH5_SCAN_HANDLER role=2
DBG_CH5_GAP_SCAN_DONE frames=0 last_error=0 now=55807 deadline=55806 click=0
DBG_ANCHOR_CH5_SCAN_BLOCKED win=0 survey=0 tx=0 retry_gap=0 wait=0 rx=0 rxq=0 rxr=0 ack=0 ch9=0 rf=1 retry=20 interval=380
DBG_ANCHOR_CH5_SCAN_RESCHED ret=1 delay=20
DBG_ANCHOR_CH5_SCAN_HANDLER role=2
DBG_ANCHOR_CH5_SCAN_BLOCKED win=0 survey=0 tx=0 retry_gap=0 wait=0 rx=0 rxq=0 rxr=0 ack=0 ch9=0 rf=1 retry=20 interval=380
DBG_ANCHOR_CH5_SCAN_RESCHED ret=1 delay=20
DBG_CH5_GAP_SCAN_DONE frames=0 last_error=0 now=55841 deadline=55841 click=0
DBG_DWM_KEEP_IDLE reason=mesh-rx ch9=1 ack=0 qack=0 ret=0
DBG_ANCHOR_CH5_SCAN_HANDLER role=2
DBG_ANCHOR_CH9_REARM delay=46 ret=1 ack=0
DBG_ANCHOR_CH5_SCAN_BLOCKED win=0 survey=0 tx=0 retry_gap=0 wait=0 rx=0 rxq=0 rxr=0 ack=0 ch9=1 rf=0 retry=291 interval=380
DBG_ANCHOR_CH5_SCAN_RESCHED ret=1 delay=291
DBG_CH9_RX_SLOT idx=0 cnt=325742757 now=55901 start=55961 end=56081
DBG_CH9_EVENT_STATE state=granted peer=0x191a9619c6c8cb07 start=55961 end=56081 reason=rx-slot
DBG_CH9_RX_START idx=0 now=55902 start=55961 end=56081 tail=60
DBG_CH9_RX_CONFIG_OK
DBG_CH9_RX_EARLY_ARM now=55921 start=55961 guard=60
DBG_CH9_RX_ARMED now=55921 start=55961 end=56081 deadline=56141
DBG_DWM_KEEP_IDLE reason=ch9-rx ch9=1 ack=0 qack=0 ret=0
DBG_CH9_RX_EMPTY
DBG_CH9_RX_TIMEOUT
DBG_CH9_RX_MISS frames=0 now=56143 start=55961 end=56081 fail=0
DBG_CH9_EVENT_STATE state=window_expired peer=0x191a9619c6c8cb07 start=55961 end=56081 reason=rx-slot
DBG_ANCHOR_CH5_SCAN_HANDLER role=2
DBG_ANCHOR_CH5_SCAN_ARM now=56147 win=20 complete=15 interval=380 wait=0 tx=0
DBG_DWM_CH5_RX_HUNT_START acq=20 complete=15 cap=1021
DBG_DWM_CH5_RX_ACTIVITY_EXTEND ret=0 status=0x00000100 complete=15
DBG_DWM_CH5_RX_ACTIVITY_WAIT status=0x00000100 remain=15
DBG_DWM_CH5_RX_ACTIVITY_DONE raw=51 payload=49 status=0x00006f00 rearm=0 extended=1
DBG_ANCHOR_CH5_SCAN_DONE ret=0 len=49 fail=0 pre=1 q=100 rx_us=20000 complete=15
DBG_UWB_RX_CH5
DBG_ANCHOR_CH5_FRAME len=49 q=100 wake_ret=0
DBG_ANCHOR_ROUTE_WAKE_DISPATCH src=0x708bc0aab970300e evt=53282 attempt=1 flags=0x92 len=49 q=100
DBG_ANCHOR_CH5_POST_CH9_RECOVERY_SCAN win=20 ret=0 pre=1
DBG_C5_CONTACT phase=open state=2 peer=0x708bc0aab970300e purpose=route_solicit reason=wake-claim
DBG_C5_CONTACT phase=accepted state=2 peer=0x708bc0aab970300e purpose=route_solicit reason=wake-claim
DBG_ANCHOR_ROUTE_WAKE_HANDOFF src=0x708bc0aab970300e evt=53282 attempt=1 flags=0x92 embedded=0 listen=1287
DBG_C5_CONTACT phase=exchange state=3 peer=0x708bc0aab970300e purpose=route_solicit reason=anchor-route-wake-followup
DBG_ROUTE_REPLY_LISTEN_START
DBG_DWM_WAKE_MESH_CTRL_OK sfd=4073
DBG_ROUTE_REPLY_LISTEN_CONFIG ret=0 ext=1
DBG_DWM_CH5_RX_HUNT_START acq=61 complete=15 cap=1021
DBG_DWM_CH5_RX_ACTIVITY_EXTEND ret=0 status=0x00000100 complete=15
DBG_DWM_CH5_RX_ACTIVITY_WAIT status=0x00000100 remain=15
DBG_DWM_CH5_RX_ACTIVITY_DONE raw=51 payload=49 status=0x00006f00 rearm=0 extended=1
DBG_DWM_WAKE_MESH_CTRL_OK sfd=4073
DBG_ROUTE_REPLY_CLICK_PROBE_DONE duration_ms=43 outcome=restore ret=0
DBG_C5_RX_FAIL status=0x00001700 finfo=0x00000000 fail=4 phy=4 ch=5 plen=3 pac=2 txc=9 rxc=9 sfd=2 rate=0 phr=1 phrr=0 sfdto=4
DBG_DWM_CH5_RX_HUNT_START acq=61 complete=15 cap=1021
DBG_DWM_CH5_RX_ACTIVITY_EXTEND ret=0 status=0x00000100 complete=15
DBG_DWM_CH5_RX_ACTIVITY_WAIT status=0x00000100 remain=15
DBG_DWM_CH5_RX_ACTIVITY_DONE raw=51 payload=49 status=0x00006f00 rearm=0 extended=1
DBG_DWM_WAKE_MESH_CTRL_OK sfd=4073
DBG_ROUTE_REPLY_CLICK_PROBE_DONE duration_ms=43 outcome=restore ret=0
DBG_DWM_CH5_RX_HUNT_START acq=61 complete=15 cap=1021
DBG_DWM_CH5_RX_ACTIVITY_EXTEND ret=0 status=0x00000100 complete=15
DBG_DWM_CH5_RX_ACTIVITY_WAIT status=0x00000100 remain=15
DBG_DWM_CH5_RX_ACTIVITY_DONE raw=51 payload=49 status=0x00006f00 rearm=0 extended=1
DBG_DWM_WAKE_MESH_CTRL_OK sfd=4073
DBG_ROUTE_REPLY_CLICK_PROBE_DONE duration_ms=43 outcome=restore ret=0
DBG_ROUTE_REPLY_RX_FRAME
DBG_ROUTE_REPLY_DECODE_FAIL ret=-8 len=113 q=100
DBG_ROUTE_REPLY_LISTEN_ABORTED
DBG_ROUTE_REPLY_LISTEN_DONE captured=0 ret=-140
DBG_C5_CONTACT phase=closing state=4 peer=0x708bc0aab970300e purpose=route_solicit reason=reply-listen-timeout
DBG_ANCHOR_ROUTE_WAKE_HANDOFF_DONE src=0x708bc0aab970300e embedded=0 ret=-140 pending=0
DBG_ANCHOR_ROUTE_WAKE_DISPATCH_DONE handled=1 len=49 q=100
DBG_ANCHOR_CH5_SCAN_RESCHED ret=1 delay=380
DBG_PROTOCOL_RESPONSE_RX_HANDOFF_READY abort=1 owner=2 seq=1
DBG_CH9_TX_SINGLE_SLOT cnt=325742758 now=56546 start=56601 end=56721 txstart=56616 seq=1
DBG_CH9_EVENT_STATE state=granted peer=0x191a9619c6c8cb07 start=56601 end=56721 reason=node-comm-reliable-uplink
DBG_CH9_EVENT_STATE state=tx_payload peer=0x191a9619c6c8cb07 start=56601 end=56721 reason=node-comm-reliable-uplink
DBG_COORD state=mesh-rx owner=node-comm-reliable-uplink reason=ch9-ack-wait rx=0 tx=0 relay=1 route=0 ack=1 qack=0
DBG_CH9_TX_PRE_GUARD_WAIT now=56546 guard=56591 earliest=56616 msg=41
DBG_CH9_TX_CONFIG ret=0 now=56615 earliest=56616 msg=41
DBG_CH9_TX_SEND_AT now=56616 earliest=56616 msg=41 len=97
DBG_DWM_KEEP_IDLE reason=node-comm-reliable-uplink ch9=1 ack=0 qack=0 ret=0
DBG_UWB_TX_CH9
DBG_CH9_TX_SINGLE_SEND_OK
DBG_CH9_EVENT_STATE state=complete peer=0x191a9619c6c8cb07 start=56601 end=56721 reason=node-comm-reliable-uplink
DBG_CH9_ACK_WAIT_SELECT batch=0 core=1 state=1 ch=9 next=0x191a9619c6c8cb07
DBG_CH9_DELIVERY_WAIT peer=0x191a9619c6c8cb07 deadline=58624 reason=node-comm-reliable-uplink
DBG_NC o=0000000000000001 g=00000001 w=00 e=00000022 s=00000005 q=0004>0005 r=00000000 f=00000001 t=00000000 p=00000000 a=00
DBG_NODE_COMM_ATTEMPT handle=1 profile=3 attempt=1 ret=0 rf=1 scheduled=0 state=0
DBG_CH5_GAP_SCAN now=56626 win=100 next_delay=555
DBG_CH5_GAP_SCAN_DONE frames=0 last_error=0 now=56727 deadline=56726 click=0
DBG_DWM_KEEP_IDLE reason=mesh-rx ch9=1 ack=0 qack=0 ret=0
DBG_CH5_GAP_SCAN now=56728 win=100 next_delay=453
DBG_CH5_GAP_REARM_ERROR ret=-5 fail=4 rem=81
DBG_CH5_GAP_SCAN_DONE frames=0 last_error=-5 now=56829 deadline=56828 click=0
DBG_DWM_KEEP_IDLE reason=mesh-rx ch9=1 ack=0 qack=0 ret=0
DBG_CH5_GAP_SCAN now=56830 win=100 next_delay=351
DBG_ANCHOR_CH5_SCAN_HANDLER role=2
DBG_ANCHOR_CH5_SCAN_BLOCKED win=0 survey=0 tx=1 retry_gap=0 wait=0 rx=0 rxq=0 rxr=0 ack=1 ch9=0 rf=1 retry=20 interval=380
DBG_DWM_KEEP_IDLE reason=mesh-rx ch9=1 ack=0 qack=0 ret=0
DBG_CH5_GAP_SCAN now=56931 win=100 next_delay=250
DBG_ANCHOR_CH5_SCAN_RESCHED ret=1 delay=20
DBG_ANCHOR_CH5_SCAN_HANDLER role=2
DBG_ANCHOR_CH5_SCAN_BLOCKED win=0 survey=0 tx=1 retry_gap=0 wait=0 rx=0 rxq=0 rxr=0 ack=1 ch9=0 rf=1 retry=20 interval=380
DBG_ANCHOR_CH5_SCAN_RESCHED ret=1 delay=20
DBG_ANCHOR_CH5_SCAN_HANDLER role=2
DBG_ANCHOR_CH5_SCAN_BLOCKED win=0 survey=0 tx=1 retry_gap=0 wait=0 rx=0 rxq=0 rxr=0 ack=1 ch9=0 rf=1 retry=20 interval=380
DBG_ANCHOR_CH5_SCAN_RESCHED ret=1 delay=20
DBG_ANCHOR_CH5_SCAN_HANDLER role=2
DBG_ANCHOR_CH5_SCAN_BLOCKED win=0 survey=0 tx=1 retry_gap=0 wait=0 rx=0 rxq=0 rxr=0 ack=1 ch9=0 rf=1 retry=20 interval=380
DBG_ANCHOR_CH5_SCAN_RESCHED ret=1 delay=20
DBG_ANCHOR_CH5_SCAN_HANDLER role=2
DBG_CH5_GAP_SCAN_DONE frames=0 last_error=0 now=57031 deadline=57031 click=0
DBG_DWM_KEEP_IDLE reason=mesh-rx ch9=1 ack=0 qack=0 ret=0
DBG_CH5_GAP_SCAN now=57032 win=89 next_delay=149
DBG_ANCHOR_CH5_SCAN_BLOCKED win=0 survey=0 tx=1 retry_gap=0 wait=0 rx=0 rxq=0 rxr=0 ack=1 ch9=0 rf=1 retry=20 interval=380
DBG_ANCHOR_CH5_SCAN_RESCHED ret=1 delay=20
DBG_ANCHOR_CH5_SCAN_HANDLER role=2
DBG_ANCHOR_CH5_SCAN_BLOCKED win=0 survey=0 tx=1 retry_gap=0 wait=0 rx=0 rxq=0 rxr=0 ack=1 ch9=0 rf=1 retry=20 interval=380
DBG_ANCHOR_CH5_SCAN_RESCHED ret=1 delay=20
DBG_ANCHOR_CH5_SCAN_HANDLER role=2
DBG_ANCHOR_CH5_SCAN_BLOCKED win=0 survey=0 tx=1 retry_gap=0 wait=0 rx=0 rxq=0 rxr=0 ack=1 ch9=0 rf=1 retry=20 interval=380
DBG_ANCHOR_CH5_SCAN_RESCHED ret=1 delay=20
DBG_ANCHOR_CH5_SCAN_HANDLER role=2
DBG_ANCHOR_CH5_SCAN_BLOCKED win=0 survey=0 tx=1 retry_gap=0 wait=0 rx=0 rxq=0 rxr=0 ack=1 ch9=0 rf=1 retry=20 interval=380
DBG_ANCHOR_CH5_SCAN_RESCHED ret=1 delay=20
DBG_CH5_GAP_SCAN_DONE frames=0 last_error=0 now=57121 deadline=57121 click=0
DBG_DWM_KEEP_IDLE reason=mesh-rx ch9=1 ack=0 qack=0 ret=0
DBG_ANCHOR_CH5_SCAN_HANDLER role=2
DBG_ANCHOR_CH9_REARM delay=51 ret=1 ack=0
DBG_ANCHOR_CH5_SCAN_BLOCKED win=0 survey=0 tx=1 retry_gap=0 wait=0 rx=0 rxq=0 rxr=0 ack=1 ch9=1 rf=0 retry=296 interval=380
DBG_ANCHOR_CH5_SCAN_RESCHED ret=1 delay=296
DBG_CH9_RX_SLOT idx=0 cnt=325742759 now=57181 start=57241 end=57361
DBG_CH9_EVENT_STATE state=granted peer=0x191a9619c6c8cb07 start=57241 end=57361 reason=rx-slot
DBG_CH9_RX_START idx=0 now=57181 start=57241 end=57361 tail=60
DBG_CH9_RX_CONFIG_OK
DBG_CH9_RX_EARLY_ARM now=57200 start=57241 guard=60
DBG_CH9_RX_ARMED now=57200 start=57241 end=57361 deadline=57421
DBG_CH9_RX_FRAME
DBG_UWB_RX_CH9
DBG_CH9_RX_HW since_us=56954 host_delta=20 en32=0x000e7b42 rx32=0x00e76581
DBG_CH9_RX_TIMING arm_delta=-41 hw_delta_us=15954 host_delta=20 len=121 q=100
DBG_UWB_RX_CH9
DBG_MESH_RX_QUEUED ch=9 msg=0x31 src=0x191a9619c6c8cb07 dst=0x56da25fe4af6d141 prev=0x191a9619c6c8cb07 seq=2 q=1
DBG_CH9_RX_EXPECTED delta=20 q=100
DBG_DWM_KEEP_IDLE reason=ch9-rx ch9=1 ack=0 qack=0 ret=0
DBG_CH9_RX_DONE_WITH_PEER
DBG_CH9_EVENT_STATE state=complete peer=0x191a9619c6c8cb07 start=57241 end=57361 reason=rx-slot
DBG_MESH_RX_WORK_WAIT q=1
DBG_MESH_RX_WORK_ENTER q=1
DBG_MESH_RX_DRAIN_ENTER owner=work q=1
DBG_MESH_RX_DRAIN_EXIT owner=work handled=1 q=0
DBG_MESH_RX_WORK_EXIT handled=1 q=0
DBG_ANCHOR_CH5_SCAN_HANDLER role=2
DBG_ANCHOR_CH5_SCAN_ARM now=57427 win=20 complete=15 interval=380 wait=0 tx=1
DBG_DWM_CH5_RX_HUNT_START acq=20 complete=15 cap=1021
DBG_DWM_CH5_RX_HUNT_EMPTY ret=-116 status=0x00000000 acq=20
DBG_ANCHOR_CH5_SCAN_DONE ret=-116 len=0 fail=1 pre=0 q=0 rx_us=20660 complete=15
DBG_ANCHOR_CH5_POST_CH9_RECOVERY_SCAN win=20 ret=-116 pre=0
DBG_ANCHOR_CH5_SCAN_RESCHED ret=1 delay=380
DBG_ANCHOR_CH5_SCAN_HANDLER role=2
DBG_DWM_CH5_RX_HUNT_START acq=3 complete=15 cap=1021
DBG_DWM_CH5_RX_HUNT_EMPTY ret=-116 status=0x00000000 acq=3
DBG_ANCHOR_CH5_SCAN_RESCHED ret=1 delay=380
DBG_ANCHOR_CH5_SCAN_HANDLER role=2
DBG_DWM_CH5_RX_HUNT_START acq=3 complete=15 cap=1021
DBG_DWM_CH5_RX_HUNT_EMPTY ret=-116 status=0x00000000 acq=3
DBG_ANCHOR_CH5_SCAN_RESCHED ret=1 delay=380
DBG_CH9_SKIP_STALE n=1 now=58461 next=58521 cnt=325742761 reason=rx-select
DBG_CH9_RX_SLOT idx=0 cnt=325742761 now=58461 start=58521 end=58641
DBG_CH9_EVENT_STATE state=granted peer=0x191a9619c6c8cb07 start=58521 end=58641 reason=rx-slot
DBG_CH9_RX_START idx=0 now=58461 start=58521 end=58641 tail=60
DBG_CH9_RX_CONFIG_OK
DBG_CH9_RX_EARLY_ARM now=58480 start=58521 guard=60
DBG_CH9_RX_ARMED now=58480 start=58521 end=58641 deadline=58701
DBG_ANCHOR_CH5_SCAN_HANDLER role=2
DBG_ANCHOR_CH5_SCAN_BLOCKED win=0 survey=0 tx=1 retry_gap=0 wait=0 rx=0 rxq=0 rxr=0 ack=1 ch9=0 rf=1 retry=20 interval=380
DBG_ANCHOR_CH5_SCAN_RESCHED ret=1 delay=20
DBG_ANCHOR_CH5_SCAN_HANDLER role=2
DBG_ANCHOR_CH5_SCAN_BLOCKED win=0 survey=0 tx=1 retry_gap=0 wait=0 rx=0 rxq=0 rxr=0 ack=1 ch9=0 rf=1 retry=20 interval=380
DBG_ANCHOR_CH5_SCAN_RESCHED ret=1 delay=20
DBG_DWM_KEEP_IDLE reason=ch9-rx ch9=1 ack=0 qack=0 ret=0
DBG_CH9_RX_EMPTY
DBG_CH9_RX_TIMEOUT
DBG_CH9_RX_MISS frames=0 now=58702 start=58521 end=58641 fail=0
DBG_CH9_EVENT_STATE state=window_expired peer=0x191a9619c6c8cb07 start=58521 end=58641 reason=rx-slot
DBG_ANCHOR_CH5_SCAN_HANDLER role=2
DBG_ANCHOR_CH5_SCAN_ARM now=58705 win=20 complete=15 interval=380 wait=0 tx=1
DBG_DWM_CH5_RX_HUNT_START acq=20 complete=15 cap=1021
DBG_DWM_CH5_RX_HUNT_EMPTY ret=-116 status=0x00000000 acq=20
DBG_ANCHOR_CH5_SCAN_DONE ret=-116 len=0 fail=1 pre=0 q=0 rx_us=20782 complete=15
DBG_ANCHOR_CH5_POST_CH9_RECOVERY_SCAN win=20 ret=-116 pre=0
DBG_ANCHOR_CH5_SCAN_RESCHED ret=1 delay=380
DBG_ANCHOR_CH5_SCAN_HANDLER role=2
DBG_DWM_CH5_RX_HUNT_START acq=3 complete=15 cap=1021
DBG_DWM_CH5_RX_HUNT_EMPTY ret=-116 status=0x00000000 acq=3
DBG_ANCHOR_CH5_SCAN_RESCHED ret=1 delay=380
DBG_ANCHOR_CH5_SCAN_HANDLER role=2
DBG_DWM_CH5_RX_HUNT_START acq=3 complete=15 cap=1021
DBG_DWM_CH5_RX_HUNT_EMPTY ret=-116 status=0x00000000 acq=3
DBG_ANCHOR_CH5_SCAN_RESCHED ret=1 delay=380
DBG_CH9_SKIP_STALE n=1 now=59741 next=59801 cnt=325742763 reason=rx-select
DBG_CH9_RX_SLOT idx=0 cnt=325742763 now=59741 start=59801 end=59921
DBG_CH9_EVENT_STATE state=granted peer=0x191a9619c6c8cb07 start=59801 end=59921 reason=rx-slot
DBG_CH9_RX_START idx=0 now=59741 start=59801 end=59921 tail=60
DBG_CH9_RX_CONFIG_OK
DBG_CH9_RX_EARLY_ARM now=59760 start=59801 guard=60
DBG_CH9_RX_ARMED now=59760 start=59801 end=59921 deadline=59981
DBG_ANCHOR_CH5_SCAN_HANDLER role=2
DBG_ANCHOR_CH5_SCAN_BLOCKED win=0 survey=0 tx=1 retry_gap=0 wait=0 rx=0 rxq=0 rxr=0 ack=1 ch9=0 rf=1 retry=20 interval=380
DBG_ANCHOR_CH5_SCAN_RESCHED ret=1 delay=20
DBG_ANCHOR_CH5_SCAN_HANDLER role=2
DBG_ANCHOR_CH5_SCAN_BLOCKED win=0 survey=0 tx=1 retry_gap=0 wait=0 rx=0 rxq=0 rxr=0 ack=1 ch9=0 rf=1 retry=20 interval=380
DBG_ANCHOR_CH5_SCAN_RESCHED ret=1 delay=20
DBG_DWM_KEEP_IDLE reason=ch9-rx ch9=1 ack=0 qack=0 ret=0
DBG_CH9_RX_EMPTY
DBG_CH9_RX_TIMEOUT
DBG_CH9_RX_MISS frames=0 now=59983 start=59801 end=59921 fail=0
DBG_CH9_EVENT_STATE state=window_expired peer=0x191a9619c6c8cb07 start=59801 end=59921 reason=rx-slot
DBG_ANCHOR_CH5_SCAN_HANDLER role=2
DBG_ANCHOR_CH5_SCAN_ARM now=59984 win=20 complete=15 interval=380 wait=0 tx=1
DBG_DWM_CH5_RX_HUNT_START acq=20 complete=15 cap=1021
DBG_DWM_CH5_RX_HUNT_EMPTY ret=-116 status=0x00000000 acq=20
DBG_ANCHOR_CH5_SCAN_DONE ret=-116 len=0 fail=1 pre=0 q=0 rx_us=20599 complete=15
DBG_ANCHOR_CH5_POST_CH9_RECOVERY_SCAN win=20 ret=-116 pre=0
DBG_ANCHOR_CH5_SCAN_RESCHED ret=1 delay=380
DBG_ANCHOR_CH5_SCAN_HANDLER role=2
DBG_DWM_CH5_RX_HUNT_START acq=3 complete=15 cap=1021
DBG_DWM_CH5_RX_HUNT_EMPTY ret=-116 status=0x00000000 acq=3
DBG_ANCHOR_CH5_SCAN_RESCHED ret=1 delay=380
DBG_ANCHOR_CH5_SCAN_HANDLER role=2
DBG_DWM_CH5_RX_HUNT_START acq=3 complete=15 cap=1021
DBG_DWM_CH5_RX_HUNT_EMPTY ret=-116 status=0x00000000 acq=3
DBG_ANCHOR_CH5_SCAN_RESCHED ret=1 delay=380
DBG_CH9_SKIP_STALE n=1 now=61021 next=61081 cnt=325742765 reason=rx-select
DBG_CH9_RX_SLOT idx=0 cnt=325742765 now=61021 start=61081 end=61201
DBG_CH9_EVENT_STATE state=granted peer=0x191a9619c6c8cb07 start=61081 end=61201 reason=rx-slot
DBG_CH9_RX_START idx=0 now=61022 start=61081 end=61201 tail=60
DBG_CH9_RX_CONFIG_OK
DBG_CH9_RX_EARLY_ARM now=61040 start=61081 guard=60
DBG_CH9_RX_ARMED now=61040 start=61081 end=61201 deadline=61261
DBG_CH9_RX_FRAME
DBG_UWB_RX_CH9
DBG_CH9_RX_HW since_us=56602 host_delta=19 en32=0x000e6338 rx32=0x00e5f6f7
DBG_CH9_RX_TIMING arm_delta=-41 hw_delta_us=15602 host_delta=19 len=105 q=100
DBG_UWB_RX_CH9
DBG_MESH_RX_QUEUED ch=9 msg=0x32 src=0x9999888877776666 dst=0x56da25fe4af6d141 prev=0x191a9619c6c8cb07 seq=6 q=1
DBG_GATEWAY_ACK_RX
DBG_CH9_RX_EXPECTED delta=19 q=100
DBG_ANCHOR_CH5_SCAN_HANDLER role=2
DBG_ANCHOR_CH5_SCAN_BLOCKED win=0 survey=0 tx=1 retry_gap=0 wait=0 rx=0 rxq=1 rxr=0 ack=1 ch9=0 rf=1 retry=20 interval=380
DBG_ANCHOR_CH5_SCAN_RESCHED ret=1 delay=20
DBG_ANCHOR_CH5_SCAN_HANDLER role=2
DBG_ANCHOR_CH5_SCAN_BLOCKED win=0 survey=0 tx=1 retry_gap=0 wait=0 rx=0 rxq=1 rxr=0 ack=1 ch9=0 rf=1 retry=20 interval=380
DBG_ANCHOR_CH5_SCAN_RESCHED ret=1 delay=20
DBG_ANCHOR_CH5_SCAN_HANDLER role=2
DBG_DWM_KEEP_IDLE reason=ch9-rx ch9=1 ack=0 qack=0 ret=0
DBG_CH9_RX_DONE_WITH_PEER
DBG_CH9_EVENT_STATE state=complete peer=0x191a9619c6c8cb07 start=61081 end=61201 reason=rx-slot
DBG_MESH_RX_WORK_WAIT q=1
DBG_MESH_RX_WORK_ENTER q=1
DBG_MESH_RX_DRAIN_ENTER owner=work q=1
DBG_CH9_TX_ACK_IDLE
DBG_LEGACY_ACK_NO_MATCH
DBG_MESH_RX_DRAIN_EXIT owner=work handled=1 q=0
DBG_MESH_RX_WORK_EXIT handled=1 q=0
DBG_ANCHOR_CH5_SCAN_BLOCKED win=0 survey=0 tx=1 retry_gap=0 wait=0 rx=0 rxq=1 rxr=0 ack=1 ch9=0 rf=1 retry=20 interval=380
DBG_ANCHOR_CH5_SCAN_RESCHED ret=1 delay=20
DBG_TX_TIMEOUT_ENTER relay=1 route=0 ch9pend=0 bundle=0 now=61265
DBG_RETRANSMIT_DEFER reason=ch9-wait ret=0 delay=394 seq=1 state=2
DBG_ANCHOR_CH5_SCAN_HANDLER role=2
DBG_ANCHOR_CH5_SCAN_ARM now=61285 win=20 complete=15 interval=380 wait=0 tx=1
DBG_DWM_CH5_RX_HUNT_START acq=20 complete=15 cap=1021
DBG_DWM_CH5_RX_HUNT_EMPTY ret=-116 status=0x00000000 acq=20
DBG_ANCHOR_CH5_SCAN_DONE ret=-116 len=0 fail=1 pre=0 q=0 rx_us=21484 complete=15
DBG_ANCHOR_CH5_POST_CH9_RECOVERY_SCAN win=20 ret=-116 pre=0
DBG_ANCHOR_CH5_SCAN_RESCHED ret=1 delay=380
DBG_TX_TIMEOUT_ENTER relay=1 route=0 ch9pend=0 bundle=0 now=61661
DBG_CH9_TX_PRE_GUARD_WAIT now=61663 guard=61711 earliest=61736 msg=33
DBG_ANCHOR_CH5_SCAN_HANDLER role=2
DBG_RETRANSMIT_DEFER reason=send-failed ret=0 send=-16 delay=55 seq=1 state=2
DBG_DWM_CH5_RX_HUNT_START acq=3 complete=15 cap=1021
DBG_DWM_CH5_RX_HUNT_EMPTY ret=-116 status=0x00000000 acq=3
DBG_ANCHOR_CH5_SCAN_RESCHED ret=1 delay=380
DBG_TX_TIMEOUT_ENTER relay=1 route=0 ch9pend=0 bundle=0 now=61767
DBG_CH9_TX_CONFIG ret=0 now=61788 earliest=61768 msg=33
DBG_CH9_TX_SEND_AT now=61788 earliest=61768 msg=33 len=105
DBG_DWM_KEEP_IDLE reason=retransmit ch9=1 ack=0 qack=0 ret=0
DBG_UWB_TX_CH9
DBG_CH5_GAP_SCAN now=61793 win=100 next_delay=507
DBG_CH5_GAP_SCAN_DONE frames=0 last_error=0 now=61893 deadline=61893 click=0
DBG_DWM_KEEP_IDLE reason=mesh-rx ch9=1 ack=0 qack=0 ret=0
DBG_CH5_GAP_SCAN now=61894 win=100 next_delay=407
DBG_CH5_GAP_REARM_ERROR ret=-5 fail=4 rem=81
DBG_CH5_GAP_SCAN_DONE frames=0 last_error=-5 now=61994 deadline=61994 click=0
DBG_DWM_KEEP_IDLE reason=mesh-rx ch9=1 ack=0 qack=0 ret=0
DBG_CH5_GAP_SCAN now=61995 win=100 next_delay=306
DBG_CH5_GAP_SCAN_DONE frames=0 last_error=0 now=62095 deadline=62095 click=0
DBG_DWM_KEEP_IDLE reason=mesh-rx ch9=1 ack=0 qack=0 ret=0
DBG_CH5_GAP_SCAN now=62096 win=100 next_delay=205
DBG_ANCHOR_CH5_SCAN_HANDLER role=2
DBG_ANCHOR_CH5_SCAN_BLOCKED win=0 survey=0 tx=1 retry_gap=0 wait=0 rx=0 rxq=0 rxr=0 ack=1 ch9=0 rf=1 retry=20 interval=380
DBG_ANCHOR_CH5_SCAN_RESCHED ret=1 delay=20
DBG_ANCHOR_CH5_SCAN_HANDLER role=2
DBG_ANCHOR_CH5_SCAN_BLOCKED win=0 survey=0 tx=1 retry_gap=0 wait=0 rx=0 rxq=0 rxr=0 ack=1 ch9=0 rf=1 retry=20 interval=380
DBG_ANCHOR_CH5_SCAN_RESCHED ret=1 delay=20
DBG_ANCHOR_CH5_SCAN_HANDLER role=2
DBG_ANCHOR_CH5_SCAN_BLOCKED win=0 survey=0 tx=1 retry_gap=0 wait=0 rx=0 rxq=0 rxr=0 ack=1 ch9=0 rf=1 retry=20 interval=380
DBG_ANCHOR_CH5_SCAN_RESCHED ret=1 delay=20
DBG_ANCHOR_CH5_SCAN_HANDLER role=2
DBG_ANCHOR_CH5_SCAN_BLOCKED win=0 survey=0 tx=1 retry_gap=0 wait=0 rx=0 rxq=0 rxr=0 ack=1 ch9=0 rf=1 retry=20 interval=380
DBG_ANCHOR_CH5_SCAN_RESCHED ret=1 delay=20
DBG_CH5_GAP_SCAN_DONE frames=0 last_error=0 now=62196 deadline=62196 click=0
DBG_DWM_KEEP_IDLE reason=mesh-rx ch9=1 ack=0 qack=0 ret=0
DBG_CH5_GAP_SCAN now=62197 win=44 next_delay=104
DBG_ANCHOR_CH5_SCAN_HANDLER role=2
DBG_ANCHOR_CH5_SCAN_BLOCKED win=0 survey=0 tx=1 retry_gap=0 wait=0 rx=0 rxq=0 rxr=0 ack=1 ch9=0 rf=1 retry=20 interval=380
DBG_ANCHOR_CH5_SCAN_RESCHED ret=1 delay=20
DBG_ANCHOR_CH5_SCAN_HANDLER role=2
DBG_CH5_GAP_SCAN_DONE frames=0 last_error=0 now=62241 deadline=62241 click=0
DBG_DWM_KEEP_IDLE reason=mesh-rx ch9=1 ack=0 qack=0 ret=0
DBG_ANCHOR_CH5_SCAN_BLOCKED win=0 survey=0 tx=1 retry_gap=0 wait=0 rx=0 rxq=0 rxr=0 ack=1 ch9=0 rf=1 retry=20 interval=380
DBG_ANCHOR_CH5_SCAN_RESCHED ret=1 delay=20
DBG_ANCHOR_CH5_SCAN_HANDLER role=2
DBG_ANCHOR_CH9_REARM delay=39 ret=1 ack=0
DBG_ANCHOR_CH5_SCAN_BLOCKED win=0 survey=0 tx=1 retry_gap=0 wait=0 rx=0 rxq=0 rxr=0 ack=1 ch9=1 rf=0 retry=284 interval=380
DBG_ANCHOR_CH5_SCAN_RESCHED ret=1 delay=284
DBG_CH9_RX_SLOT idx=0 cnt=325742767 now=62301 start=62361 end=62481
DBG_CH9_EVENT_STATE state=granted peer=0x191a9619c6c8cb07 start=62361 end=62481 reason=rx-slot
DBG_CH9_RX_START idx=0 now=62302 start=62361 end=62481 tail=60
DBG_CH9_RX_CONFIG_OK
DBG_CH9_RX_EARLY_ARM now=62321 start=62361 guard=60
DBG_CH9_RX_ARMED now=62321 start=62361 end=62481 deadline=62541
DBG_CH9_RX_FRAME
DBG_UWB_RX_CH9
DBG_CH9_RX_HW since_us=55781 host_delta=19 en32=0x000f6316 rx32=0x00e3d61c
DBG_CH9_RX_TIMING arm_delta=-40 hw_delta_us=15781 host_delta=19 len=105 q=100
DBG_UWB_RX_CH9
DBG_MESH_RX_QUEUED ch=9 msg=0x32 src=0x9999888877776666 dst=0x56da25fe4af6d141 prev=0x191a9619c6c8cb07 seq=7 q=1
DBG_GATEWAY_ACK_RX
DBG_CH9_RX_EXPECTED delta=19 q=100
DBG_DWM_KEEP_IDLE reason=ch9-rx ch9=1 ack=0 qack=0 ret=0
DBG_CH9_RX_DONE_WITH_PEER
DBG_CH9_EVENT_STATE state=complete peer=0x191a9619c6c8cb07 start=62361 end=62481 reason=rx-slot
DBG_MESH_RX_WORK_WAIT q=1
DBG_MESH_RX_WORK_ENTER q=1
DBG_MESH_RX_DRAIN_ENTER owner=work q=1
DBG_CH9_TX_ACK_IDLE
DBG_LEGACY_ACK_CONFIRMED
DBG_NC o=0000000000000001 g=00000001 w=00 e=00000041 s=00000005 q=0005>0008 r=00000000 f=00000026 t=00000000 p=00000002 a=01
DBG_NODE_COMM_TERMINAL_BACKEND_RELEASE handle=1 reason=0 attempts=1 ret=-2 pending=0 outstanding=0 complete=1 failures=0
DBG_ACK_CONFIRM_TERMINAL stage=complete ret=0 original=65 seq=1
DBG_MESH_RX_DRAIN_EXIT owner=work handled=1 q=0
DBG_MESH_RX_WORK_EXIT handled=1 q=0
DBG_COORD state=idle owner=report-tx reason=idle rx=0 tx=0 relay=0 route=0 ack=0 qack=0
DBG_ANCHOR_CH5_SCAN_HANDLER role=2
DBG_ANCHOR_CH5_SCAN_ARM now=62547 win=20 complete=15 interval=380 wait=0 tx=0
DBG_DISCOVERY_SLOT_RESPONSE_DELIVERED phase=1 epoch=16777219 attempts=1
DBG_DWM_CH5_RX_HUNT_START acq=20 complete=15 cap=1021
DBG_DWM_CH5_RX_HUNT_EMPTY ret=-116 status=0x00000000 acq=20
DBG_ANCHOR_CH5_SCAN_DONE ret=-116 len=0 fail=1 pre=0 q=0 rx_us=20477 complete=15
DBG_ANCHOR_CH5_POST_CH9_RECOVERY_SCAN win=20 ret=-116 pre=0
DBG_ANCHOR_CH5_SCAN_RESCHED ret=1 delay=380
DBG_ANCHOR_CH5_SCAN_HANDLER role=2
DBG_DWM_CH5_RX_HUNT_START acq=3 complete=15 cap=1021
DBG_DWM_CH5_RX_HUNT_EMPTY ret=-116 status=0x00000000 acq=3
DBG_ANCHOR_CH5_SCAN_RESCHED ret=1 delay=380
DBG_ANCHOR_CH5_SCAN_HANDLER role=2
DBG_DWM_CH5_RX_HUNT_START acq=3 complete=15 cap=1021
DBG_DWM_CH5_RX_HUNT_EMPTY ret=-116 status=0x00000000 acq=3
DBG_ANCHOR_CH5_SCAN_RESCHED ret=1 delay=380
DBG_CH9_SKIP_STALE n=1 now=63581 next=63641 cnt=325742769 reason=rx-select
DBG_CH9_RX_SLOT idx=0 cnt=325742769 now=63581 start=63641 end=63761
DBG_CH9_EVENT_STATE state=granted peer=0x191a9619c6c8cb07 start=63641 end=63761 reason=rx-slot
DBG_CH9_RX_START idx=0 now=63581 start=63641 end=63761 tail=60
DBG_CH9_RX_CONFIG_OK
DBG_CH9_RX_EARLY_ARM now=63600 start=63641 guard=60
DBG_CH9_RX_ARMED now=63600 start=63641 end=63761 deadline=63821
DBG_ANCHOR_CH5_SCAN_HANDLER role=2
DBG_ANCHOR_CH5_SCAN_BLOCKED win=0 survey=0 tx=0 retry_gap=0 wait=0 rx=0 rxq=0 rxr=0 ack=0 ch9=0 rf=1 retry=20 interval=380
DBG_ANCHOR_CH5_SCAN_RESCHED ret=1 delay=20
DBG_ANCHOR_CH5_SCAN_HANDLER role=2
DBG_ANCHOR_CH5_SCAN_BLOCKED win=0 survey=0 tx=0 retry_gap=0 wait=0 rx=0 rxq=0 rxr=0 ack=0 ch9=0 rf=1 retry=20 interval=380
DBG_ANCHOR_CH5_SCAN_RESCHED ret=1 delay=20
DBG_DWM_KEEP_IDLE reason=ch9-rx ch9=1 ack=0 qack=0 ret=0
DBG_CH9_RX_EMPTY
DBG_CH9_RX_TIMEOUT
DBG_CH9_RX_MISS frames=0 now=63823 start=63641 end=63761 fail=0
DBG_CH9_EVENT_STATE state=window_expired peer=0x191a9619c6c8cb07 start=63641 end=63761 reason=rx-slot
DBG_ANCHOR_CH5_SCAN_HANDLER role=2
DBG_ANCHOR_CH5_SCAN_ARM now=63826 win=20 complete=15 interval=380 wait=0 tx=0
DBG_DWM_CH5_RX_HUNT_START acq=20 complete=15 cap=1021
DBG_DWM_CH5_RX_ACTIVITY_EXTEND ret=0 status=0x00000100 complete=15
DBG_DWM_CH5_RX_ACTIVITY_WAIT status=0x00000100 remain=15
DBG_DWM_CH5_RX_ACTIVITY_DONE raw=51 payload=49 status=0x00006f00 rearm=0 extended=1
DBG_ANCHOR_CH5_SCAN_DONE ret=0 len=49 fail=0 pre=1 q=100 rx_us=20000 complete=15
DBG_UWB_RX_CH5
DBG_ANCHOR_CH5_FRAME len=49 q=100 wake_ret=0
DBG_ANCHOR_ROUTE_WAKE_DISPATCH src=0x708bc0aab970300e evt=61784 attempt=1 flags=0x92 len=49 q=100
DBG_ANCHOR_CH5_POST_CH9_RECOVERY_SCAN win=20 ret=0 pre=1
DBG_C5_CONTACT phase=open state=2 peer=0x708bc0aab970300e purpose=route_solicit reason=wake-claim
DBG_C5_CONTACT phase=accepted state=2 peer=0x708bc0aab970300e purpose=route_solicit reason=wake-claim
DBG_ANCHOR_ROUTE_WAKE_HANDOFF src=0x708bc0aab970300e evt=61784 attempt=1 flags=0x92 embedded=0 listen=1268
DBG_C5_CONTACT phase=exchange state=3 peer=0x708bc0aab970300e purpose=route_solicit reason=anchor-route-wake-followup
DBG_ROUTE_REPLY_LISTEN_START
DBG_DWM_WAKE_MESH_CTRL_OK sfd=4073
DBG_ROUTE_REPLY_LISTEN_CONFIG ret=0 ext=1
DBG_DWM_CH5_RX_HUNT_START acq=61 complete=15 cap=1021
DBG_DWM_CH5_RX_ACTIVITY_EXTEND ret=0 status=0x00000100 complete=15
DBG_DWM_CH5_RX_ACTIVITY_WAIT status=0x00000100 remain=15
DBG_DWM_CH5_RX_ACTIVITY_DONE raw=51 payload=49 status=0x00006f00 rearm=0 extended=1
DBG_DWM_WAKE_MESH_CTRL_OK sfd=4073
DBG_ROUTE_REPLY_CLICK_PROBE_DONE duration_ms=43 outcome=restore ret=0
DBG_C5_RX_FAIL status=0x00001700 finfo=0x00000000 fail=4 phy=4 ch=5 plen=3 pac=2 txc=9 rxc=9 sfd=2 rate=0 phr=1 phrr=0 sfdto=4
DBG_DWM_CH5_RX_HUNT_START acq=61 complete=15 cap=1021
DBG_DWM_CH5_RX_ACTIVITY_EXTEND ret=0 status=0x00000100 complete=15
DBG_DWM_CH5_RX_ACTIVITY_WAIT status=0x00000100 remain=15
DBG_DWM_CH5_RX_ACTIVITY_DONE raw=51 payload=49 status=0x00006f00 rearm=0 extended=1
DBG_DWM_WAKE_MESH_CTRL_OK sfd=4073
DBG_ROUTE_REPLY_CLICK_PROBE_DONE duration_ms=44 outcome=restore ret=0
DBG_DWM_CH5_RX_HUNT_START acq=61 complete=15 cap=1021
DBG_DWM_CH5_RX_HUNT_EMPTY ret=-116 status=0x00000000 acq=61
DBG_DWM_WAKE_MESH_CTRL_OK sfd=4073
DBG_ROUTE_REPLY_CLICK_PROBE_DONE duration_ms=98 outcome=restore ret=0
DBG_ROUTE_REPLY_RX_FRAME
DBG_ROUTE_REPLY_DECODE_FAIL ret=-8 len=113 q=100
DBG_ROUTE_REPLY_LISTEN_DONE captured=0 ret=-116
DBG_C5_CONTACT phase=closing state=4 peer=0x708bc0aab970300e purpose=route_solicit reason=reply-listen-timeout
DBG_ANCHOR_ROUTE_WAKE_HANDOFF_DONE src=0x708bc0aab970300e embedded=0 ret=-116 pending=0
DBG_ANCHOR_ROUTE_WAKE_DISPATCH_DONE handled=1 len=49 q=100
DBG_ANCHOR_CH5_SCAN_RESCHED ret=1 delay=380
DBG_CH9_SKIP_STALE n=2 now=65139 next=65561 cnt=325742772 reason=rx-select
DBG_CH5_GAP_SCAN now=65140 win=100 next_delay=1001
DBG_CH5_GAP_SCAN_DONE frames=0 last_error=0 now=65241 deadline=65240 click=0
DBG_DWM_KEEP_IDLE reason=mesh-rx ch9=1 ack=0 qack=0 ret=0
DBG_CH5_GAP_SCAN now=65242 win=100 next_delay=899
DBG_CH5_GAP_SCAN_DONE frames=0 last_error=0 now=65343 deadline=65342 click=0
DBG_DWM_KEEP_IDLE reason=mesh-rx ch9=1 ack=0 qack=0 ret=0
DBG_CH5_GAP_SCAN now=65344 win=100 next_delay=797
DBG_CH5_GAP_SCAN_DONE frames=0 last_error=0 now=65444 deadline=65444 click=0
DBG_DWM_KEEP_IDLE reason=mesh-rx ch9=1 ack=0 qack=0 ret=0
DBG_CH5_GAP_SCAN now=65445 win=100 next_delay=696
DBG_ANCHOR_CH5_SCAN_HANDLER role=2
DBG_ANCHOR_CH5_SCAN_BLOCKED win=0 survey=0 tx=0 retry_gap=0 wait=0 rx=0 rxq=0 rxr=0 ack=0 ch9=0 rf=1 retry=20 interval=380
DBG_ANCHOR_CH5_SCAN_RESCHED ret=1 delay=20
DBG_CH5_GAP_SCAN_DONE frames=0 last_error=0 now=65545 deadline=65545 click=0
DBG_DWM_KEEP_IDLE reason=mesh-rx ch9=1 ack=0 qack=0 ret=0
DBG_CH5_GAP_SCAN now=65546 win=100 next_delay=595
DBG_ANCHOR_CH5_SCAN_HANDLER role=2
DBG_ANCHOR_CH5_SCAN_BLOCKED win=0 survey=0 tx=0 retry_gap=0 wait=0 rx=0 rxq=0 rxr=0 ack=0 ch9=0 rf=1 retry=20 interval=380
DBG_ANCHOR_CH5_SCAN_RESCHED ret=1 delay=20
DBG_ANCHOR_CH5_SCAN_HANDLER role=2
DBG_ANCHOR_CH5_SCAN_BLOCKED win=0 survey=0 tx=0 retry_gap=0 wait=0 rx=0 rxq=0 rxr=0 ack=0 ch9=0 rf=1 retry=20 interval=380
DBG_ANCHOR_CH5_SCAN_RESCHED ret=1 delay=20
DBG_ANCHOR_CH5_SCAN_HANDLER role=2
DBG_ANCHOR_CH5_SCAN_BLOCKED win=0 survey=0 tx=0 retry_gap=0 wait=0 rx=0 rxq=0 rxr=0 ack=0 ch9=0 rf=1 retry=20 interval=380
DBG_ANCHOR_CH5_SCAN_RESCHED ret=1 delay=20
DBG_ANCHOR_CH5_SCAN_HANDLER role=2
DBG_ANCHOR_CH5_SCAN_BLOCKED win=0 survey=0 tx=0 retry_gap=0 wait=0 rx=0 rxq=0 rxr=0 ack=0 ch9=0 rf=1 retry=20 interval=380
DBG_ANCHOR_CH5_SCAN_RESCHED ret=1 delay=20
DBG_ANCHOR_CH5_SCAN_HANDLER role=2
DBG_DWM_KEEP_IDLE reason=mesh-rx ch9=1 ack=0 qack=0 ret=0
DBG_CH5_GAP_SCAN now=65647 win=100 next_delay=494
DBG_ANCHOR_CH5_SCAN_BLOCKED win=0 survey=0 tx=0 retry_gap=0 wait=0 rx=0 rxq=0 rxr=0 ack=0 ch9=0 rf=1 retry=20 interval=380
DBG_ANCHOR_CH5_SCAN_RESCHED ret=1 delay=20
DBG_ANCHOR_CH5_SCAN_HANDLER role=2
DBG_ANCHOR_CH5_SCAN_BLOCKED win=0 survey=0 tx=0 retry_gap=0 wait=0 rx=0 rxq=0 rxr=0 ack=0 ch9=0 rf=1 retry=20 interval=380
DBG_ANCHOR_CH5_SCAN_RESCHED ret=1 delay=20
DBG_ANCHOR_CH5_SCAN_HANDLER role=2
DBG_ANCHOR_CH5_SCAN_BLOCKED win=0 survey=0 tx=0 retry_gap=0 wait=0 rx=0 rxq=0 rxr=0 ack=0 ch9=0 rf=1 retry=20 interval=380
DBG_ANCHOR_CH5_SCAN_RESCHED ret=1 delay=20
DBG_ANCHOR_CH5_SCAN_HANDLER role=2
DBG_ANCHOR_CH5_SCAN_BLOCKED win=0 survey=0 tx=0 retry_gap=0 wait=0 rx=0 rxq=0 rxr=0 ack=0 ch9=0 rf=1 retry=20 interval=380
DBG_ANCHOR_CH5_SCAN_RESCHED ret=1 delay=20
DBG_CH5_GAP_SCAN_DONE frames=0 last_error=0 now=65747 deadline=65747 click=0
DBG_ANCHOR_CH5_SCAN_HANDLER role=2
DBG_DWM_KEEP_IDLE reason=mesh-rx ch9=1 ack=0 qack=0 ret=0
DBG_CH9_SKIP_STALE n=1 now=65748 next=66201 cnt=325742773 reason=rx-delay
DBG_CH5_GAP_SCAN now=65748 win=100 next_delay=393
DBG_ANCHOR_CH5_SCAN_BLOCKED win=0 survey=0 tx=0 retry_gap=0 wait=0 rx=0 rxq=0 rxr=0 ack=0 ch9=0 rf=1 retry=20 interval=380
DBG_ANCHOR_CH5_SCAN_RESCHED ret=1 delay=20
DBG_ANCHOR_CH5_SCAN_HANDLER role=2
DBG_ANCHOR_CH5_SCAN_BLOCKED win=0 survey=0 tx=0 retry_gap=0 wait=0 rx=0 rxq=0 rxr=0 ack=0 ch9=0 rf=1 retry=20 interval=380
DBG_ANCHOR_CH5_SCAN_RESCHED ret=1 delay=20
DBG_ANCHOR_CH5_SCAN_HANDLER role=2
DBG_ANCHOR_CH5_SCAN_BLOCKED win=0 survey=0 tx=0 retry_gap=0 wait=0 rx=0 rxq=0 rxr=0 ack=0 ch9=0 rf=1 retry=20 interval=380
DBG_ANCHOR_CH5_SCAN_RESCHED ret=1 delay=20
DBG_ANCHOR_CH5_SCAN_HANDLER role=2
DBG_ANCHOR_CH5_SCAN_BLOCKED win=0 survey=0 tx=0 retry_gap=0 wait=0 rx=0 rxq=0 rxr=0 ack=0 ch9=0 rf=1 retry=20 interval=380
DBG_ANCHOR_CH5_SCAN_RESCHED ret=1 delay=20
DBG_ANCHOR_CH5_SCAN_HANDLER role=2
DBG_DWM_KEEP_IDLE reason=mesh-rx ch9=1 ack=0 qack=0 ret=0
DBG_CH5_GAP_SCAN now=65849 win=100 next_delay=292
DBG_ANCHOR_CH5_SCAN_BLOCKED win=0 survey=0 tx=0 retry_gap=0 wait=0 rx=0 rxq=0 rxr=0 ack=0 ch9=0 rf=1 retry=20 interval=380
DBG_ANCHOR_CH5_SCAN_RESCHED ret=1 delay=20
DBG_ANCHOR_CH5_SCAN_HANDLER role=2
DBG_ANCHOR_CH5_SCAN_BLOCKED win=0 survey=0 tx=0 retry_gap=0 wait=0 rx=0 rxq=0 rxr=0 ack=0 ch9=0 rf=1 retry=20 interval=380
DBG_ANCHOR_CH5_SCAN_RESCHED ret=1 delay=20
DBG_ANCHOR_CH5_SCAN_HANDLER role=2
DBG_ANCHOR_CH5_SCAN_BLOCKED win=0 survey=0 tx=0 retry_gap=0 wait=0 rx=0 rxq=0 rxr=0 ack=0 ch9=0 rf=1 retry=20 interval=380
DBG_ANCHOR_CH5_SCAN_RESCHED ret=1 delay=20
DBG_ANCHOR_CH5_SCAN_HANDLER role=2
DBG_ANCHOR_CH5_SCAN_BLOCKED win=0 survey=0 tx=0 retry_gap=0 wait=0 rx=0 rxq=0 rxr=0 ack=0 ch9=0 rf=1 retry=20 interval=380
DBG_ANCHOR_CH5_SCAN_RESCHED ret=1 delay=20
DBG_CH5_GAP_SCAN_DONE frames=0 last_error=0 now=65949 deadline=65949 click=0
DBG_ANCHOR_CH5_SCAN_HANDLER role=2
DBG_DWM_KEEP_IDLE reason=mesh-rx ch9=1 ack=0 qack=0 ret=0
DBG_CH5_GAP_SCAN now=65950 win=100 next_delay=191
DBG_ANCHOR_CH5_SCAN_BLOCKED win=0 survey=0 tx=0 retry_gap=0 wait=0 rx=0 rxq=0 rxr=0 ack=0 ch9=0 rf=1 retry=20 interval=380
DBG_ANCHOR_CH5_SCAN_RESCHED ret=1 delay=20
DBG_ANCHOR_CH5_SCAN_HANDLER role=2
DBG_ANCHOR_CH5_SCAN_BLOCKED win=0 survey=0 tx=0 retry_gap=0 wait=0 rx=0 rxq=0 rxr=0 ack=0 ch9=0 rf=1 retry=20 interval=380
DBG_ANCHOR_CH5_SCAN_RESCHED ret=1 delay=20
DBG_ANCHOR_CH5_SCAN_HANDLER role=2
DBG_ANCHOR_CH5_SCAN_BLOCKED win=0 survey=0 tx=0 retry_gap=0 wait=0 rx=0 rxq=0 rxr=0 ack=0 ch9=0 rf=1 retry=20 interval=380
DBG_ANCHOR_CH5_SCAN_RESCHED ret=1 delay=20
DBG_ANCHOR_CH5_SCAN_HANDLER role=2
DBG_ANCHOR_CH5_SCAN_BLOCKED win=0 survey=0 tx=0 retry_gap=0 wait=0 rx=0 rxq=0 rxr=0 ack=0 ch9=0 rf=1 retry=20 interval=380
DBG_ANCHOR_CH5_SCAN_RESCHED ret=1 delay=20
DBG_CH5_GAP_SCAN_DONE frames=0 last_error=0 now=66050 deadline=66050 click=0
DBG_ANCHOR_CH5_SCAN_HANDLER role=2
DBG_DWM_KEEP_IDLE reason=mesh-rx ch9=1 ack=0 qack=0 ret=0
DBG_CH5_GAP_SCAN now=66051 win=30 next_delay=90
DBG_ANCHOR_CH5_SCAN_BLOCKED win=0 survey=0 tx=0 retry_gap=0 wait=0 rx=0 rxq=0 rxr=0 ack=0 ch9=0 rf=1 retry=20 interval=380
DBG_ANCHOR_CH5_SCAN_RESCHED ret=1 delay=20
DBG_ANCHOR_CH5_SCAN_HANDLER role=2
DBG_ANCHOR_CH5_SCAN_BLOCKED win=0 survey=0 tx=0 retry_gap=0 wait=0 rx=0 rxq=0 rxr=0 ack=0 ch9=0 rf=1 retry=20 interval=380
DBG_ANCHOR_CH5_SCAN_RESCHED ret=1 delay=20
DBG_CH5_GAP_SCAN_DONE frames=0 last_error=0 now=66081 deadline=66081 click=0
DBG_DWM_KEEP_IDLE reason=mesh-rx ch9=1 ack=0 qack=0 ret=0
DBG_ANCHOR_CH5_SCAN_HANDLER role=2
DBG_ANCHOR_CH9_REARM delay=43 ret=1 ack=0
DBG_ANCHOR_CH5_SCAN_BLOCKED win=0 survey=0 tx=0 retry_gap=0 wait=0 rx=0 rxq=0 rxr=0 ack=0 ch9=1 rf=0 retry=288 interval=380
DBG_ANCHOR_CH5_SCAN_RESCHED ret=1 delay=288
DBG_CH9_RX_SLOT idx=0 cnt=325742773 now=66141 start=66201 end=66321
DBG_CH9_EVENT_STATE state=granted peer=0x191a9619c6c8cb07 start=66201 end=66321 reason=rx-slot
DBG_CH9_RX_START idx=0 now=66141 start=66201 end=66321 tail=60
DBG_CH9_RX_CONFIG_OK
DBG_CH9_RX_EARLY_ARM now=66160 start=66201 guard=60
DBG_CH9_RX_ARMED now=66160 start=66201 end=66321 deadline=66381
DBG_DWM_KEEP_IDLE reason=ch9-rx ch9=1 ack=0 qack=0 ret=0
DBG_CH9_RX_EMPTY
DBG_CH9_RX_TIMEOUT
DBG_CH9_RX_MISS frames=0 now=66383 start=66201 end=66321 fail=0
DBG_CH9_EVENT_STATE state=window_expired peer=0x191a9619c6c8cb07 start=66201 end=66321 reason=rx-slot
DBG_ANCHOR_CH5_SCAN_HANDLER role=2
DBG_ANCHOR_CH5_SCAN_ARM now=66386 win=20 complete=15 interval=380 wait=0 tx=0
DBG_DWM_CH5_RX_HUNT_START acq=20 complete=15 cap=1021
DBG_DWM_CH5_RX_HUNT_EMPTY ret=-116 status=0x00000000 acq=20
DBG_ANCHOR_CH5_SCAN_DONE ret=-116 len=0 fail=1 pre=0 q=0 rx_us=20782 complete=15
DBG_ANCHOR_CH5_POST_CH9_RECOVERY_SCAN win=20 ret=-116 pre=0
DBG_ANCHOR_CH5_SCAN_RESCHED ret=1 delay=380
DBG_ANCHOR_CH5_SCAN_HANDLER role=2
DBG_DWM_CH5_RX_HUNT_START acq=3 complete=15 cap=1021
DBG_DWM_CH5_RX_HUNT_EMPTY ret=-116 status=0x00000000 acq=3
DBG_ANCHOR_CH5_SCAN_RESCHED ret=1 delay=380
DBG_ANCHOR_CH5_SCAN_HANDLER role=2
DBG_DWM_CH5_RX_HUNT_START acq=3 complete=15 cap=1021
DBG_DWM_CH5_RX_HUNT_EMPTY ret=-116 status=0x00000000 acq=3
DBG_ANCHOR_CH5_SCAN_RESCHED ret=1 delay=380
DBG_CH9_SKIP_STALE n=1 now=67421 next=67481 cnt=325742775 reason=rx-select
DBG_CH9_RX_SLOT idx=0 cnt=325742775 now=67421 start=67481 end=67601
DBG_CH9_EVENT_STATE state=granted peer=0x191a9619c6c8cb07 start=67481 end=67601 reason=rx-slot
DBG_CH9_RX_START idx=0 now=67421 start=67481 end=67601 tail=60
DBG_CH9_RX_CONFIG_OK
DBG_CH9_RX_EARLY_ARM now=67440 start=67481 guard=60
DBG_CH9_RX_ARMED now=67440 start=67481 end=67601 deadline=67661
DBG_ANCHOR_CH5_SCAN_HANDLER role=2
DBG_ANCHOR_CH5_SCAN_BLOCKED win=0 survey=0 tx=0 retry_gap=0 wait=0 rx=0 rxq=0 rxr=0 ack=0 ch9=0 rf=1 retry=20 interval=380
DBG_ANCHOR_CH5_SCAN_RESCHED ret=1 delay=20
DBG_ANCHOR_CH5_SCAN_HANDLER role=2
DBG_ANCHOR_CH5_SCAN_BLOCKED win=0 survey=0 tx=0 retry_gap=0 wait=0 rx=0 rxq=0 rxr=0 ack=0 ch9=0 rf=1 retry=20 interval=380
DBG_ANCHOR_CH5_SCAN_RESCHED ret=1 delay=20
DBG_DWM_KEEP_IDLE reason=ch9-rx ch9=1 ack=0 qack=0 ret=0
DBG_CH9_RX_EMPTY
DBG_CH9_RX_TIMEOUT
DBG_CH9_RX_MISS frames=0 now=67663 start=67481 end=67601 fail=0
DBG_CH9_EVENT_STATE state=window_expired peer=0x191a9619c6c8cb07 start=67481 end=67601 reason=rx-slot
DBG_ANCHOR_CH5_SCAN_HANDLER role=2
DBG_ANCHOR_CH5_SCAN_ARM now=67666 win=20 complete=15 interval=380 wait=0 tx=0
DBG_DWM_CH5_RX_HUNT_START acq=20 complete=15 cap=1021
DBG_DWM_CH5_RX_HUNT_EMPTY ret=-116 status=0x00000000 acq=20
DBG_ANCHOR_CH5_SCAN_DONE ret=-116 len=0 fail=1 pre=0 q=0 rx_us=21148 complete=15
DBG_ANCHOR_CH5_POST_CH9_RECOVERY_SCAN win=20 ret=-116 pre=0
DBG_ANCHOR_CH5_SCAN_RESCHED ret=1 delay=380
DBG_ANCHOR_CH5_SCAN_HANDLER role=2
DBG_DWM_CH5_RX_HUNT_START acq=3 complete=15 cap=1021
DBG_DWM_CH5_RX_HUNT_EMPTY ret=-116 status=0x00000000 acq=3
DBG_ANCHOR_CH5_SCAN_RESCHED ret=1 delay=380
DBG_ANCHOR_CH5_SCAN_HANDLER role=2
DBG_DWM_CH5_RX_HUNT_START acq=3 complete=15 cap=1021
DBG_DWM_CH5_RX_HUNT_EMPTY ret=-116 status=0x00000000 acq=3
DBG_ANCHOR_CH5_SCAN_RESCHED ret=1 delay=380
DBG_CH9_SKIP_STALE n=1 now=68701 next=68761 cnt=325742777 reason=rx-select
DBG_CH9_RX_SLOT idx=0 cnt=325742777 now=68701 start=68761 end=68881
DBG_CH9_EVENT_STATE state=granted peer=0x191a9619c6c8cb07 start=68761 end=68881 reason=rx-slot
DBG_CH9_RX_START idx=0 now=68701 start=68761 end=68881 tail=60
DBG_CH9_RX_CONFIG_OK
DBG_CH9_RX_EARLY_ARM now=68720 start=68761 guard=60
DBG_CH9_RX_ARMED now=68720 start=68761 end=68881 deadline=68941
DBG_ANCHOR_CH5_SCAN_HANDLER role=2
DBG_ANCHOR_CH5_SCAN_BLOCKED win=0 survey=0 tx=0 retry_gap=0 wait=0 rx=0 rxq=0 rxr=0 ack=0 ch9=0 rf=1 retry=20 interval=380
DBG_ANCHOR_CH5_SCAN_RESCHED ret=1 delay=20
DBG_ANCHOR_CH5_SCAN_HANDLER role=2
DBG_ANCHOR_CH5_SCAN_BLOCKED win=0 survey=0 tx=0 retry_gap=0 wait=0 rx=0 rxq=0 rxr=0 ack=0 ch9=0 rf=1 retry=20 interval=380
DBG_ANCHOR_CH5_SCAN_RESCHED ret=1 delay=20
DBG_DWM_KEEP_IDLE reason=ch9-rx ch9=1 ack=0 qack=0 ret=0
DBG_CH9_RX_EMPTY
DBG_CH9_RX_TIMEOUT
DBG_CH9_RX_MISS frames=0 now=68942 start=68761 end=68881 fail=0
DBG_CH9_EVENT_STATE state=window_expired peer=0x191a9619c6c8cb07 start=68761 end=68881 reason=rx-slot
DBG_ANCHOR_CH5_SCAN_HANDLER role=2
DBG_ANCHOR_CH5_SCAN_ARM now=68945 win=20 complete=15 interval=380 wait=0 tx=0
DBG_DWM_CH5_RX_HUNT_START acq=20 complete=15 cap=1021
DBG_DWM_CH5_RX_HUNT_EMPTY ret=-116 status=0x00000000 acq=20
DBG_ANCHOR_CH5_SCAN_DONE ret=-116 len=0 fail=1 pre=0 q=0 rx_us=21148 complete=15
DBG_ANCHOR_CH5_POST_CH9_RECOVERY_SCAN win=20 ret=-116 pre=0
DBG_ANCHOR_CH5_SCAN_RESCHED ret=1 delay=380
DBG_ANCHOR_CH5_SCAN_HANDLER role=2
DBG_DWM_CH5_RX_HUNT_START acq=3 complete=15 cap=1021
DBG_DWM_CH5_RX_HUNT_EMPTY ret=-116 status=0x00000000 acq=3
DBG_ANCHOR_CH5_SCAN_RESCHED ret=1 delay=380
DBG_ANCHOR_CH5_SCAN_HANDLER role=2
DBG_DWM_CH5_RX_HUNT_START acq=3 complete=15 cap=1021
DBG_DWM_CH5_RX_HUNT_EMPTY ret=-116 status=0x00000000 acq=3
DBG_ANCHOR_CH5_SCAN_RESCHED ret=1 delay=380
DBG_CH9_SKIP_STALE n=1 now=69981 next=70041 cnt=325742779 reason=rx-select
DBG_CH9_RX_SLOT idx=0 cnt=325742779 now=69981 start=70041 end=70161
DBG_CH9_EVENT_STATE state=granted peer=0x191a9619c6c8cb07 start=70041 end=70161 reason=rx-slot
DBG_CH9_RX_START idx=0 now=69981 start=70041 end=70161 tail=60
DBG_CH9_RX_CONFIG_OK
DBG_CH9_RX_EARLY_ARM now=70000 start=70041 guard=60
DBG_CH9_RX_ARMED now=70000 start=70041 end=70161 deadline=70221
DBG_ANCHOR_CH5_SCAN_HANDLER role=2
DBG_ANCHOR_CH5_SCAN_BLOCKED win=0 survey=0 tx=0 retry_gap=0 wait=0 rx=0 rxq=0 rxr=0 ack=0 ch9=0 rf=1 retry=20 interval=380
DBG_ANCHOR_CH5_SCAN_RESCHED ret=1 delay=20
DBG_ANCHOR_CH5_SCAN_HANDLER role=2
DBG_ANCHOR_CH5_SCAN_BLOCKED win=0 survey=0 tx=0 retry_gap=0 wait=0 rx=0 rxq=0 rxr=0 ack=0 ch9=0 rf=1 retry=20 interval=380
DBG_ANCHOR_CH5_SCAN_RESCHED ret=1 delay=20
DBG_DWM_KEEP_IDLE reason=ch9-rx ch9=1 ack=0 qack=0 ret=0
DBG_CH9_RX_EMPTY
DBG_CH9_RX_TIMEOUT
DBG_CH9_RX_MISS frames=0 now=70222 start=70041 end=70161 fail=0
DBG_CH9_EVENT_STATE state=window_expired peer=0x191a9619c6c8cb07 start=70041 end=70161 reason=rx-slot
DBG_ANCHOR_CH5_SCAN_HANDLER role=2
DBG_ANCHOR_CH5_SCAN_ARM now=70224 win=20 complete=15 interval=380 wait=0 tx=0
DBG_DWM_CH5_RX_HUNT_START acq=20 complete=15 cap=1021
DBG_DWM_CH5_RX_HUNT_EMPTY ret=-116 status=0x00000000 acq=20
DBG_ANCHOR_CH5_SCAN_DONE ret=-116 len=0 fail=1 pre=0 q=0 rx_us=20629 complete=15
DBG_ANCHOR_CH5_POST_CH9_RECOVERY_SCAN win=20 ret=-116 pre=0
DBG_ANCHOR_CH5_SCAN_RESCHED ret=1 delay=380
DBG_ANCHOR_CH5_SCAN_HANDLER role=2
DBG_DWM_CH5_RX_HUNT_START acq=3 complete=15 cap=1021
DBG_DWM_CH5_RX_HUNT_EMPTY ret=-116 status=0x00000000 acq=3
DBG_ANCHOR_CH5_SCAN_RESCHED ret=1 delay=380
DBG_ANCHOR_CH5_SCAN_HANDLER role=2
DBG_DWM_CH5_RX_HUNT_START acq=3 complete=15 cap=1021
DBG_DWM_CH5_RX_HUNT_EMPTY ret=-116 status=0x00000000 acq=3
DBG_ANCHOR_CH5_SCAN_RESCHED ret=1 delay=380
DBG_CH9_SKIP_STALE n=1 now=71261 next=71321 cnt=325742781 reason=rx-select
DBG_CH9_RX_SLOT idx=0 cnt=325742781 now=71261 start=71321 end=71441
DBG_CH9_EVENT_STATE state=granted peer=0x191a9619c6c8cb07 start=71321 end=71441 reason=rx-slot
DBG_CH9_RX_START idx=0 now=71261 start=71321 end=71441 tail=60
DBG_CH9_RX_CONFIG_OK
DBG_CH9_RX_EARLY_ARM now=71280 start=71321 guard=60
DBG_CH9_RX_ARMED now=71280 start=71321 end=71441 deadline=71501
DBG_ANCHOR_CH5_SCAN_HANDLER role=2
DBG_ANCHOR_CH5_SCAN_BLOCKED win=0 survey=0 tx=0 retry_gap=0 wait=0 rx=0 rxq=0 rxr=0 ack=0 ch9=0 rf=1 retry=20 interval=380
DBG_ANCHOR_CH5_SCAN_RESCHED ret=1 delay=20
DBG_ANCHOR_CH5_SCAN_HANDLER role=2
DBG_ANCHOR_CH5_SCAN_BLOCKED win=0 survey=0 tx=0 retry_gap=0 wait=0 rx=0 rxq=0 rxr=0 ack=0 ch9=0 rf=1 retry=20 interval=380
DBG_ANCHOR_CH5_SCAN_RESCHED ret=1 delay=20
DBG_DWM_KEEP_IDLE reason=ch9-rx ch9=1 ack=0 qack=0 ret=0
DBG_CH9_RX_EMPTY
DBG_CH9_RX_TIMEOUT
DBG_CH9_RX_MISS frames=0 now=71503 start=71321 end=71441 fail=0
DBG_CH9_EVENT_STATE state=window_expired peer=0x191a9619c6c8cb07 start=71321 end=71441 reason=rx-slot
DBG_ANCHOR_CH5_SCAN_HANDLER role=2
DBG_ANCHOR_CH5_SCAN_ARM now=71503 win=20 complete=15 interval=380 wait=0 tx=0
DBG_DWM_CH5_RX_HUNT_START acq=20 complete=15 cap=1021
DBG_DWM_CH5_RX_ACTIVITY_EXTEND ret=0 status=0x00000100 complete=15
DBG_DWM_CH5_RX_ACTIVITY_WAIT status=0x00000100 remain=15
DBG_DWM_CH5_RX_ACTIVITY_DONE raw=51 payload=49 status=0x00006f00 rearm=0 extended=1
DBG_ANCHOR_CH5_SCAN_DONE ret=0 len=49 fail=0 pre=1 q=100 rx_us=20000 complete=15
DBG_UWB_RX_CH5
DBG_ANCHOR_CH5_FRAME len=49 q=100 wake_ret=0
DBG_ANCHOR_ROUTE_WAKE_DISPATCH src=0x708bc0aab970300e evt=69488 attempt=1 flags=0x92 len=49 q=100
DBG_ANCHOR_CH5_POST_CH9_RECOVERY_SCAN win=20 ret=0 pre=1
DBG_C5_CONTACT phase=open state=2 peer=0x708bc0aab970300e purpose=route_solicit reason=wake-claim
DBG_C5_CONTACT phase=accepted state=2 peer=0x708bc0aab970300e purpose=route_solicit reason=wake-claim
DBG_ANCHOR_ROUTE_WAKE_HANDOFF src=0x708bc0aab970300e evt=69488 attempt=1 flags=0x92 embedded=0 listen=1290
DBG_C5_CONTACT phase=exchange state=3 peer=0x708bc0aab970300e purpose=route_solicit reason=anchor-route-wake-followup
DBG_ROUTE_REPLY_LISTEN_START
DBG_DWM_WAKE_MESH_CTRL_OK sfd=4073
DBG_ROUTE_REPLY_LISTEN_CONFIG ret=0 ext=1
DBG_DWM_CH5_RX_HUNT_START acq=61 complete=15 cap=1021
DBG_DWM_CH5_RX_ACTIVITY_EXTEND ret=0 status=0x00000100 complete=15
DBG_DWM_CH5_RX_ACTIVITY_WAIT status=0x00000100 remain=15
DBG_DWM_CH5_RX_ACTIVITY_DONE raw=51 payload=49 status=0x00006f00 rearm=0 extended=1
DBG_DWM_WAKE_MESH_CTRL_OK sfd=4073
DBG_ROUTE_REPLY_CLICK_PROBE_DONE duration_ms=44 outcome=restore ret=0
DBG_C5_RX_FAIL status=0x00001700 finfo=0x00000000 fail=4 phy=4 ch=5 plen=3 pac=2 txc=9 rxc=9 sfd=2 rate=0 phr=1 phrr=0 sfdto=4
DBG_DWM_CH5_RX_HUNT_START acq=61 complete=15 cap=1021
DBG_DWM_CH5_RX_ACTIVITY_EXTEND ret=0 status=0x00000100 complete=15
DBG_DWM_CH5_RX_ACTIVITY_WAIT status=0x00000100 remain=15
DBG_DWM_CH5_RX_ACTIVITY_DONE raw=51 payload=49 status=0x00006f00 rearm=0 extended=1
DBG_DWM_WAKE_MESH_CTRL_OK sfd=4073
DBG_ROUTE_REPLY_CLICK_PROBE_DONE duration_ms=44 outcome=restore ret=0
DBG_DWM_CH5_RX_HUNT_START acq=61 complete=15 cap=1021
DBG_DWM_CH5_RX_ACTIVITY_EXTEND ret=0 status=0x00000100 complete=15
DBG_DWM_CH5_RX_ACTIVITY_WAIT status=0x00000100 remain=15
DBG_DWM_CH5_RX_ACTIVITY_DONE raw=51 payload=49 status=0x00006f00 rearm=0 extended=1
DBG_DWM_WAKE_MESH_CTRL_OK sfd=4073
DBG_ROUTE_REPLY_CLICK_PROBE_DONE duration_ms=44 outcome=restore ret=0
DBG_ROUTE_REPLY_RX_FRAME
DBG_UWB_RX_CH5
DBG_MESH_RX_QUEUED ch=5 msg=0x35 src=0x708bc0aab970300e dst=0x0 prev=0x708bc0aab970300e seq=2 q=1
DBG_MESH_RX_DEFERRED q=1 msg=0x35
DBG_ROUTE_REPLY_LISTEN_YIELD_REQUEST src=0x708bc0aab970300e prev=0x708bc0aab970300e target=0x9999888877776666
DBG_COORD state=mesh-rx owner=uwb-rx reason=mesh-rx rx=1 tx=0 relay=0 route=0 ack=0 qack=0
DBG_CH5_GAP_SCAN now=71791 win=100 next_delay=750
DBG_ROUTE_REPLY_LISTEN_DONE captured=1 ret=-11
DBG_C5_CONTACT phase=closing state=4 peer=0x708bc0aab970300e purpose=route_solicit reason=reply-listen-done
DBG_MESH_RX_DIRECT_RF_BUSY submit=0 q=1 reason=anchor-route-wake-followup
DBG_ANCHOR_ROUTE_WAKE_HANDOFF_DONE src=0x708bc0aab970300e embedded=0 ret=-11 pending=1
DBG_ANCHOR_ROUTE_WAKE_DISPATCH_DONE handled=1 len=49 q=100
DBG_ANCHOR_CH5_SCAN_RESCHED ret=1 delay=380
DBG_CH5_GAP_SCAN_DONE frames=0 last_error=0 now=71891 deadline=71891 click=0
DBG_DWM_KEEP_IDLE reason=mesh-rx ch9=1 ack=0 qack=0 ret=0
DBG_MESH_RX_WORK_WAIT q=1
DBG_MESH_RX_WORK_ENTER q=1
DBG_MESH_RX_DRAIN_ENTER owner=work q=1
DBG_RX_HANDLE msg=0x35 act=0x00000040 st=-7 q=0 sel=1 next=0x191a9619c6c8cb07 hop=1
DBG_C5_CONTACT phase=open state=2 peer=0x708bc0aab970300e purpose=route_solicit reason=c5-control-rx
DBG_C5_CONTACT phase=accepted state=2 peer=0x708bc0aab970300e purpose=route_solicit reason=c5-control-rx
DBG_MESH_RX_DRAIN_EXIT owner=work handled=1 q=0
DBG_MESH_RX_WORK_EXIT handled=1 q=0
DBG_COORD state=idle owner=report-tx reason=idle rx=0 tx=0 relay=0 route=0 ack=0 qack=0
DBG_CH5_GAP_SCAN now=71895 win=100 next_delay=646
DBG_CH5_GAP_SCAN_DONE frames=0 last_error=0 now=71995 deadline=71995 click=0
DBG_DWM_KEEP_IDLE reason=mesh-rx ch9=1 ack=0 qack=0 ret=0
DBG_CH5_GAP_SCAN now=71996 win=100 next_delay=545
DBG_CH5_GAP_SCAN_DONE frames=0 last_error=0 now=72096 deadline=72096 click=0
DBG_DWM_KEEP_IDLE reason=mesh-rx ch9=1 ack=0 qack=0 ret=0
DBG_CH5_GAP_SCAN now=72097 win=100 next_delay=444
DBG_ANCHOR_CH5_SCAN_HANDLER role=2
DBG_ANCHOR_CH5_SCAN_BLOCKED win=0 survey=0 tx=0 retry_gap=0 wait=0 rx=0 rxq=0 rxr=0 ack=0 ch9=0 rf=1 retry=20 interval=380
DBG_ANCHOR_CH5_SCAN_RESCHED ret=1 delay=20
DBG_CH5_GAP_SCAN_DONE frames=0 last_error=0 now=72197 deadline=72197 click=0
DBG_DWM_KEEP_IDLE reason=mesh-rx ch9=1 ack=0 qack=0 ret=0
DBG_CH9_SKIP_STALE n=1 now=72198 next=72601 cnt=325742783 reason=rx-delay
DBG_CH5_GAP_SCAN now=72198 win=100 next_delay=343
DBG_ANCHOR_CH5_SCAN_HANDLER role=2
DBG_ANCHOR_CH5_SCAN_BLOCKED win=0 survey=0 tx=0 retry_gap=0 wait=0 rx=0 rxq=0 rxr=0 ack=0 ch9=0 rf=1 retry=20 interval=380
DBG_ANCHOR_CH5_SCAN_RESCHED ret=1 delay=20
DBG_ANCHOR_CH5_SCAN_HANDLER role=2
DBG_ANCHOR_CH5_SCAN_BLOCKED win=0 survey=0 tx=0 retry_gap=0 wait=0 rx=0 rxq=0 rxr=0 ack=0 ch9=0 rf=1 retry=20 interval=380
DBG_ANCHOR_CH5_SCAN_RESCHED ret=1 delay=20
DBG_ANCHOR_CH5_SCAN_HANDLER role=2
DBG_ANCHOR_CH5_SCAN_BLOCKED win=0 survey=0 tx=0 retry_gap=0 wait=0 rx=0 rxq=0 rxr=0 ack=0 ch9=0 rf=1 retry=20 interval=380
DBG_ANCHOR_CH5_SCAN_RESCHED ret=1 delay=20
DBG_ANCHOR_CH5_SCAN_HANDLER role=2
DBG_ANCHOR_CH5_SCAN_BLOCKED win=0 survey=0 tx=0 retry_gap=0 wait=0 rx=0 rxq=0 rxr=0 ack=0 ch9=0 rf=1 retry=20 interval=380
DBG_ANCHOR_CH5_SCAN_RESCHED ret=1 delay=20
DBG_ANCHOR_CH5_SCAN_HANDLER role=2
DBG_CH5_GAP_SCAN_DONE frames=0 last_error=0 now=72298 deadline=72298 click=0
DBG_DWM_KEEP_IDLE reason=mesh-rx ch9=1 ack=0 qack=0 ret=0
DBG_CH5_GAP_SCAN now=72299 win=100 next_delay=242
DBG_ANCHOR_CH5_SCAN_BLOCKED win=0 survey=0 tx=0 retry_gap=0 wait=0 rx=0 rxq=0 rxr=0 ack=0 ch9=0 rf=1 retry=20 interval=380
DBG_ANCHOR_CH5_SCAN_RESCHED ret=1 delay=20
DBG_ANCHOR_CH5_SCAN_HANDLER role=2
DBG_ANCHOR_CH5_SCAN_BLOCKED win=0 survey=0 tx=0 retry_gap=0 wait=0 rx=0 rxq=0 rxr=0 ack=0 ch9=0 rf=1 retry=20 interval=380
DBG_ANCHOR_CH5_SCAN_RESCHED ret=1 delay=20
DBG_ANCHOR_CH5_SCAN_HANDLER role=2
DBG_ANCHOR_CH5_SCAN_BLOCKED win=0 survey=0 tx=0 retry_gap=0 wait=0 rx=0 rxq=0 rxr=0 ack=0 ch9=0 rf=1 retry=20 interval=380
DBG_ANCHOR_CH5_SCAN_RESCHED ret=1 delay=20
DBG_ANCHOR_CH5_SCAN_HANDLER role=2
DBG_ANCHOR_CH5_SCAN_BLOCKED win=0 survey=0 tx=0 retry_gap=0 wait=0 rx=0 rxq=0 rxr=0 ack=0 ch9=0 rf=1 retry=20 interval=380
DBG_ANCHOR_CH5_SCAN_RESCHED ret=1 delay=20
DBG_ANCHOR_CH5_SCAN_HANDLER role=2
DBG_DWM_KEEP_IDLE reason=mesh-rx ch9=1 ack=0 qack=0 ret=0
DBG_CH5_GAP_SCAN now=72400 win=81 next_delay=141
DBG_ANCHOR_CH5_SCAN_BLOCKED win=0 survey=0 tx=0 retry_gap=0 wait=0 rx=0 rxq=0 rxr=0 ack=0 ch9=0 rf=1 retry=20 interval=380
DBG_ANCHOR_CH5_SCAN_RESCHED ret=1 delay=20
DBG_ANCHOR_CH5_SCAN_HANDLER role=2
DBG_ANCHOR_CH5_SCAN_BLOCKED win=0 survey=0 tx=0 retry_gap=0 wait=0 rx=0 rxq=0 rxr=0 ack=0 ch9=0 rf=1 retry=20 interval=380
DBG_ANCHOR_CH5_SCAN_RESCHED ret=1 delay=20
DBG_ANCHOR_CH5_SCAN_HANDLER role=2
DBG_ANCHOR_CH5_SCAN_BLOCKED win=0 survey=0 tx=0 retry_gap=0 wait=0 rx=0 rxq=0 rxr=0 ack=0 ch9=0 rf=1 retry=20 interval=380
DBG_ANCHOR_CH5_SCAN_RESCHED ret=1 delay=20
DBG_ANCHOR_CH5_SCAN_HANDLER role=2
DBG_ANCHOR_CH5_SCAN_BLOCKED win=0 survey=0 tx=0 retry_gap=0 wait=0 rx=0 rxq=0 rxr=0 ack=0 ch9=0 rf=1 retry=20 interval=380
DBG_ANCHOR_CH5_SCAN_RESCHED ret=1 delay=20
DBG_CH5_GAP_SCAN_DONE frames=0 last_error=0 now=72481 deadline=72481 click=0
DBG_DWM_KEEP_IDLE reason=mesh-rx ch9=1 ack=0 qack=0 ret=0
DBG_ANCHOR_CH5_SCAN_HANDLER role=2
DBG_ANCHOR_CH9_REARM delay=43 ret=1 ack=0
DBG_ANCHOR_CH5_SCAN_BLOCKED win=0 survey=0 tx=0 retry_gap=0 wait=0 rx=0 rxq=0 rxr=0 ack=0 ch9=1 rf=0 retry=288 interval=380
DBG_ANCHOR_CH5_SCAN_RESCHED ret=1 delay=288
DBG_CH9_RX_SLOT idx=0 cnt=325742783 now=72541 start=72601 end=72721
DBG_CH9_EVENT_STATE state=granted peer=0x191a9619c6c8cb07 start=72601 end=72721 reason=rx-slot
DBG_CH9_RX_START idx=0 now=72541 start=72601 end=72721 tail=60
DBG_CH9_RX_CONFIG_OK
DBG_CH9_RX_EARLY_ARM now=72560 start=72601 guard=60
DBG_CH9_RX_ARMED now=72560 start=72601 end=72721 deadline=72781
DBG_DWM_KEEP_IDLE reason=ch9-rx ch9=1 ack=0 qack=0 ret=0
DBG_CH9_RX_EMPTY
DBG_CH9_RX_TIMEOUT
DBG_CH9_RX_MISS frames=0 now=72783 start=72601 end=72721 fail=0
DBG_CH9_EVENT_STATE state=window_expired peer=0x191a9619c6c8cb07 start=72601 end=72721 reason=rx-slot
DBG_ANCHOR_CH5_SCAN_HANDLER role=2
DBG_ANCHOR_CH5_SCAN_ARM now=72786 win=20 complete=15 interval=380 wait=0 tx=0
DBG_DWM_CH5_RX_HUNT_START acq=20 complete=15 cap=1021
DBG_DWM_CH5_RX_HUNT_EMPTY ret=-116 status=0x00000000 acq=20
DBG_ANCHOR_CH5_SCAN_DONE ret=-116 len=0 fail=1 pre=0 q=0 rx_us=20782 complete=15
DBG_ANCHOR_CH5_POST_CH9_RECOVERY_SCAN win=20 ret=-116 pre=0
DBG_ANCHOR_CH5_SCAN_RESCHED ret=1 delay=380
DBG_ANCHOR_CH5_SCAN_HANDLER role=2
DBG_DWM_CH5_RX_HUNT_START acq=3 complete=15 cap=1021
DBG_DWM_CH5_RX_HUNT_EMPTY ret=-116 status=0x00000000 acq=3
DBG_ANCHOR_CH5_SCAN_RESCHED ret=1 delay=380
DBG_ANCHOR_CH5_SCAN_HANDLER role=2
DBG_DWM_CH5_RX_HUNT_START acq=3 complete=15 cap=1021
DBG_DWM_CH5_RX_HUNT_EMPTY ret=-116 status=0x00000000 acq=3
DBG_ANCHOR_CH5_SCAN_RESCHED ret=1 delay=380
DBG_CH9_SKIP_STALE n=1 now=73821 next=73881 cnt=325742785 reason=rx-select
DBG_CH9_RX_SLOT idx=0 cnt=325742785 now=73821 start=73881 end=74001
DBG_CH9_EVENT_STATE state=granted peer=0x191a9619c6c8cb07 start=73881 end=74001 reason=rx-slot
DBG_CH9_RX_START idx=0 now=73821 start=73881 end=74001 tail=60
DBG_CH9_RX_CONFIG_OK
DBG_CH9_RX_EARLY_ARM now=73840 start=73881 guard=60
DBG_CH9_RX_ARMED now=73840 start=73881 end=74001 deadline=74061
DBG_ANCHOR_CH5_SCAN_HANDLER role=2
DBG_ANCHOR_CH5_SCAN_BLOCKED win=0 survey=0 tx=0 retry_gap=0 wait=0 rx=0 rxq=0 rxr=0 ack=0 ch9=0 rf=1 retry=20 interval=380
DBG_ANCHOR_CH5_SCAN_RESCHED ret=1 delay=20
DBG_ANCHOR_CH5_SCAN_HANDLER role=2
DBG_ANCHOR_CH5_SCAN_BLOCKED win=0 survey=0 tx=0 retry_gap=0 wait=0 rx=0 rxq=0 rxr=0 ack=0 ch9=0 rf=1 retry=20 interval=380
DBG_ANCHOR_CH5_SCAN_RESCHED ret=1 delay=20
DBG_DWM_KEEP_IDLE reason=ch9-rx ch9=1 ack=0 qack=0 ret=0
DBG_CH9_RX_EMPTY
DBG_CH9_RX_TIMEOUT
DBG_CH9_RX_MISS frames=0 now=74063 start=73881 end=74001 fail=0
DBG_CH9_EVENT_STATE state=window_expired peer=0x191a9619c6c8cb07 start=73881 end=74001 reason=rx-slot
DBG_ANCHOR_CH5_SCAN_HANDLER role=2
DBG_ANCHOR_CH5_SCAN_ARM now=74065 win=20 complete=15 interval=380 wait=0 tx=0
DBG_DWM_CH5_RX_HUNT_START acq=20 complete=15 cap=1021
DBG_DWM_CH5_RX_HUNT_EMPTY ret=-116 status=0x00000000 acq=20
DBG_ANCHOR_CH5_SCAN_DONE ret=-116 len=0 fail=1 pre=0 q=0 rx_us=20812 complete=15
DBG_ANCHOR_CH5_POST_CH9_RECOVERY_SCAN win=20 ret=-116 pre=0
DBG_ANCHOR_CH5_SCAN_RESCHED ret=1 delay=380
DBG_ANCHOR_CH5_SCAN_HANDLER role=2
DBG_DWM_CH5_RX_HUNT_START acq=3 complete=15 cap=1021
DBG_DWM_CH5_RX_HUNT_EMPTY ret=-116 status=0x00000000 acq=3
DBG_ANCHOR_CH5_SCAN_RESCHED ret=1 delay=380
DBG_ANCHOR_CH5_SCAN_HANDLER role=2
DBG_DWM_CH5_RX_HUNT_START acq=3 complete=15 cap=1021
DBG_DWM_CH5_RX_HUNT_EMPTY ret=-116 status=0x00000000 acq=3
DBG_ANCHOR_CH5_SCAN_RESCHED ret=1 delay=380
DBG_CH9_SKIP_STALE n=1 now=75101 next=75161 cnt=325742787 reason=rx-select
DBG_CH9_RX_SLOT idx=0 cnt=325742787 now=75101 start=75161 end=75281
DBG_CH9_EVENT_STATE state=granted peer=0x191a9619c6c8cb07 start=75161 end=75281 reason=rx-slot
DBG_CH9_RX_START idx=0 now=75101 start=75161 end=75281 tail=60
DBG_CH9_RX_CONFIG_OK
DBG_CH9_RX_EARLY_ARM now=75120 start=75161 guard=60
DBG_CH9_RX_ARMED now=75120 start=75161 end=75281 deadline=75341
DBG_ANCHOR_CH5_SCAN_HANDLER role=2
DBG_ANCHOR_CH5_SCAN_BLOCKED win=0 survey=0 tx=0 retry_gap=0 wait=0 rx=0 rxq=0 rxr=0 ack=0 ch9=0 rf=1 retry=20 interval=380
DBG_ANCHOR_CH5_SCAN_RESCHED ret=1 delay=20
DBG_ANCHOR_CH5_SCAN_HANDLER role=2
DBG_ANCHOR_CH5_SCAN_BLOCKED win=0 survey=0 tx=0 retry_gap=0 wait=0 rx=0 rxq=0 rxr=0 ack=0 ch9=0 rf=1 retry=20 interval=380
DBG_ANCHOR_CH5_SCAN_RESCHED ret=1 delay=20
DBG_DWM_KEEP_IDLE reason=ch9-rx ch9=1 ack=0 qack=0 ret=0
DBG_CH9_RX_EMPTY
DBG_CH9_RX_TIMEOUT
DBG_CH9_RX_MISS frames=0 now=75343 start=75161 end=75281 fail=0
DBG_CH9_EVENT_STATE state=window_expired peer=0x191a9619c6c8cb07 start=75161 end=75281 reason=rx-slot
DBG_ANCHOR_CH5_SCAN_HANDLER role=2
DBG_ANCHOR_CH5_SCAN_ARM now=75344 win=20 complete=15 interval=380 wait=0 tx=0
DBG_DWM_CH5_RX_HUNT_START acq=20 complete=15 cap=1021
DBG_DWM_CH5_RX_HUNT_EMPTY ret=-116 status=0x00000000 acq=20
DBG_ANCHOR_CH5_SCAN_DONE ret=-116 len=0 fail=1 pre=0 q=0 rx_us=21148 complete=15
DBG_ANCHOR_CH5_POST_CH9_RECOVERY_SCAN win=20 ret=-116 pre=0
DBG_ANCHOR_CH5_SCAN_RESCHED ret=1 delay=380
DBG_ANCHOR_CH5_SCAN_HANDLER role=2
DBG_DWM_CH5_RX_HUNT_START acq=3 complete=15 cap=1021
DBG_DWM_CH5_RX_HUNT_EMPTY ret=-116 status=0x00000000 acq=3
DBG_ANCHOR_CH5_SCAN_RESCHED ret=1 delay=380
DBG_ANCHOR_CH5_SCAN_HANDLER role=2
DBG_DWM_CH5_RX_HUNT_START acq=3 complete=15 cap=1021
DBG_DWM_CH5_RX_HUNT_EMPTY ret=-116 status=0x00000000 acq=3
DBG_ANCHOR_CH5_SCAN_RESCHED ret=1 delay=380
DBG_CH9_SKIP_STALE n=1 now=76381 next=76441 cnt=325742789 reason=rx-select
DBG_CH9_RX_SLOT idx=0 cnt=325742789 now=76381 start=76441 end=76561
DBG_CH9_EVENT_STATE state=granted peer=0x191a9619c6c8cb07 start=76441 end=76561 reason=rx-slot
DBG_CH9_RX_START idx=0 now=76381 start=76441 end=76561 tail=60
DBG_CH9_RX_CONFIG_OK
DBG_CH9_RX_EARLY_ARM now=76400 start=76441 guard=60
DBG_CH9_RX_ARMED now=76400 start=76441 end=76561 deadline=76621
DBG_CH9_RX_FRAME
DBG_UWB_RX_CH9
DBG_CH9_RX_HW since_us=24247 host_delta=-14 en32=0x000e621e rx32=0x006abb93
DBG_CH9_RX_TIMING arm_delta=-41 hw_delta_us=-16753 host_delta=-14 len=61 q=100
DBG_CH9_RX_FRAME
DBG_UWB_RX_CH9
DBG_CH9_RX_HW since_us=15567 host_delta=5 en32=0x0076848e rx32=0x00b1ce00
DBG_CH9_RX_TIMING arm_delta=-41 hw_delta_us=-25433 host_delta=5 len=105 q=100
DBG_ANCHOR_CH5_SCAN_HANDLER role=2
DBG_ANCHOR_CH5_SCAN_BLOCKED win=0 survey=0 tx=0 retry_gap=0 wait=0 rx=0 rxq=0 rxr=0 ack=0 ch9=0 rf=1 retry=20 interval=380
DBG_ANCHOR_CH5_SCAN_RESCHED ret=1 delay=20
DBG_ANCHOR_CH5_SCAN_HANDLER role=2
DBG_ANCHOR_CH5_SCAN_BLOCKED win=0 survey=0 tx=0 retry_gap=0 wait=0 rx=0 rxq=0 rxr=0 ack=0 ch9=0 rf=1 retry=20 interval=380
DBG_ANCHOR_CH5_SCAN_RESCHED ret=1 delay=20
DBG_DWM_KEEP_IDLE reason=ch9-rx ch9=1 ack=0 qack=0 ret=0
DBG_CH9_RX_NO_EXPECTED_PEER
DBG_CH9_RX_TIMEOUT
DBG_CH9_RX_MISS frames=2 now=76623 start=76441 end=76561 fail=0
DBG_CH9_EVENT_STATE state=window_expired peer=0x191a9619c6c8cb07 start=76441 end=76561 reason=rx-slot
DBG_ANCHOR_CH5_SCAN_HANDLER role=2
DBG_ANCHOR_CH5_SCAN_ARM now=76623 win=20 complete=15 interval=380 wait=0 tx=0
DBG_DWM_CH5_RX_HUNT_START acq=20 complete=15 cap=1021
DBG_DWM_CH5_RX_ACTIVITY_EXTEND ret=0 status=0x00000100 complete=15
DBG_DWM_CH5_RX_ACTIVITY_WAIT status=0x00000100 remain=15
DBG_DWM_CH5_RX_ACTIVITY_DONE raw=51 payload=49 status=0x00006f00 rearm=0 extended=1
DBG_ANCHOR_CH5_SCAN_DONE ret=0 len=49 fail=0 pre=1 q=100 rx_us=20000 complete=15
DBG_UWB_RX_CH5
DBG_ANCHOR_CH5_FRAME len=49 q=100 wake_ret=0
DBG_ANCHOR_ROUTE_WAKE_DISPATCH src=0x708bc0aab970300e evt=74721 attempt=1 flags=0x92 len=49 q=100
DBG_ANCHOR_CH5_POST_CH9_RECOVERY_SCAN win=20 ret=0 pre=1
DBG_C5_CONTACT phase=closing state=4 peer=0x708bc0aab970300e purpose=route_solicit reason=expired
DBG_C5_CONTACT phase=open state=2 peer=0x708bc0aab970300e purpose=route_solicit reason=wake-claim
DBG_C5_CONTACT phase=accepted state=2 peer=0x708bc0aab970300e purpose=route_solicit reason=wake-claim
DBG_ANCHOR_ROUTE_WAKE_HANDOFF src=0x708bc0aab970300e evt=74721 attempt=1 flags=0x92 embedded=0 listen=1405
DBG_ROUTE_REPLY_LISTEN_START
DBG_DWM_WAKE_MESH_CTRL_OK sfd=4073
DBG_ROUTE_REPLY_LISTEN_CONFIG ret=0 ext=1
DBG_DWM_CH5_RX_HUNT_START acq=61 complete=15 cap=1021
DBG_DWM_CH5_RX_ACTIVITY_EXTEND ret=0 status=0x00000100 complete=15
DBG_DWM_CH5_RX_ACTIVITY_WAIT status=0x00000100 remain=15
DBG_DWM_CH5_RX_ACTIVITY_DONE raw=51 payload=49 status=0x00006f00 rearm=0 extended=1
DBG_DWM_WAKE_MESH_CTRL_OK sfd=4073
DBG_ROUTE_REPLY_CLICK_PROBE_DONE duration_ms=43 outcome=restore ret=0
DBG_C5_RX_FAIL status=0x00001700 finfo=0x00000000 fail=4 phy=4 ch=5 plen=3 pac=2 txc=9 rxc=9 sfd=2 rate=0 phr=1 phrr=0 sfdto=4
DBG_DWM_CH5_RX_HUNT_START acq=61 complete=15 cap=1021
DBG_DWM_CH5_RX_ACTIVITY_EXTEND ret=0 status=0x00000100 complete=15
DBG_DWM_CH5_RX_ACTIVITY_WAIT status=0x00000100 remain=15
DBG_DWM_CH5_RX_ACTIVITY_DONE raw=51 payload=49 status=0x00006f00 rearm=0 extended=1
DBG_DWM_WAKE_MESH_CTRL_OK sfd=4073
DBG_ROUTE_REPLY_CLICK_PROBE_DONE duration_ms=43 outcome=restore ret=0
DBG_DWM_CH5_RX_HUNT_START acq=61 complete=15 cap=1021
DBG_DWM_CH5_RX_ACTIVITY_EXTEND ret=0 status=0x00000100 complete=15
DBG_DWM_CH5_RX_ACTIVITY_WAIT status=0x00000100 remain=15
DBG_DWM_CH5_RX_ACTIVITY_DONE raw=51 payload=49 status=0x00006f00 rearm=0 extended=1
DBG_DWM_WAKE_MESH_CTRL_OK sfd=4073
DBG_ROUTE_REPLY_CLICK_PROBE_DONE duration_ms=43 outcome=restore ret=0
DBG_DWM_CH5_RX_HUNT_START acq=61 complete=15 cap=1021
DBG_DWM_CH5_RX_ACTIVITY_EXTEND ret=0 status=0x00000100 complete=15
DBG_DWM_CH5_RX_ACTIVITY_WAIT status=0x00000100 remain=15
DBG_DWM_CH5_RX_ACTIVITY_DONE raw=51 payload=49 status=0x00006f00 rearm=0 extended=1
DBG_DWM_WAKE_MESH_CTRL_OK sfd=4073
DBG_ROUTE_REPLY_CLICK_PROBE_DONE duration_ms=43 outcome=restore ret=0
DBG_DWM_CH5_RX_HUNT_START acq=61 complete=15 cap=1021
DBG_DWM_CH5_RX_ACTIVITY_EXTEND ret=0 status=0x00000100 complete=15
DBG_DWM_CH5_RX_ACTIVITY_WAIT status=0x00000100 remain=15
DBG_DWM_CH5_RX_ACTIVITY_DONE raw=51 payload=49 status=0x00006f00 rearm=0 extended=1
DBG_DWM_WAKE_MESH_CTRL_OK sfd=4073
DBG_ROUTE_REPLY_CLICK_PROBE_DONE duration_ms=43 outcome=restore ret=0
DBG_DWM_CH5_RX_HUNT_START acq=61 complete=15 cap=1021
DBG_DWM_CH5_RX_HUNT_EMPTY ret=-116 status=0x00000000 acq=61
DBG_DWM_WAKE_MESH_CTRL_OK sfd=4073
DBG_ROUTE_REPLY_CLICK_PROBE_DONE duration_ms=100 outcome=restore ret=0
DBG_ROUTE_REPLY_RX_FRAME
DBG_UWB_RX_CH5
DBG_MESH_RX_QUEUED ch=5 msg=0x35 src=0x708bc0aab970300e dst=0x0 prev=0x708bc0aab970300e seq=3 q=1
DBG_MESH_RX_DEFERRED q=1 msg=0x35
DBG_ROUTE_REPLY_LISTEN_YIELD_REQUEST src=0x708bc0aab970300e prev=0x708bc0aab970300e target=0x9999888877776666
DBG_COORD state=mesh-rx owner=uwb-rx reason=mesh-rx rx=1 tx=0 relay=0 route=0 ack=0 qack=0
DBG_CH5_GAP_SCAN now=77022 win=100 next_delay=639
DBG_ROUTE_REPLY_LISTEN_DONE captured=1 ret=-11
DBG_C5_CONTACT phase=closing state=4 peer=0x708bc0aab970300e purpose=route_solicit reason=reply-listen-done
DBG_MESH_RX_DIRECT_RF_BUSY submit=0 q=1 reason=anchor-route-wake-followup
DBG_ANCHOR_ROUTE_WAKE_HANDOFF_DONE src=0x708bc0aab970300e embedded=0 ret=-11 pending=1
DBG_ANCHOR_ROUTE_WAKE_DISPATCH_DONE handled=1 len=49 q=100
DBG_ANCHOR_CH5_SCAN_RESCHED ret=1 delay=380
DBG_CH5_GAP_SCAN_DONE frames=0 last_error=0 now=77122 deadline=77122 click=0
DBG_DWM_KEEP_IDLE reason=mesh-rx ch9=1 ack=0 qack=0 ret=0
DBG_MESH_RX_WORK_WAIT q=1
DBG_MESH_RX_WORK_ENTER q=1
DBG_MESH_RX_DRAIN_ENTER owner=work q=1
DBG_RX_HANDLE msg=0x35 act=0x00000800 st=0 q=0 sel=1 next=0x191a9619c6c8cb07 hop=1
DBG_C5_CONTACT phase=open state=2 peer=0x708bc0aab970300e purpose=route_solicit reason=c5-control-rx
DBG_C5_CONTACT phase=accepted state=2 peer=0x708bc0aab970300e purpose=route_solicit reason=c5-control-rx
DBG_ROUTE_REQ_DEFER update=0 delay=922 earliest=78047 now=77125 ret=1 src=0x708bc0aab970300e seq=3
DBG_MESH_RX_DRAIN_EXIT owner=work handled=1 q=0
DBG_MESH_RX_WORK_EXIT handled=1 q=0
DBG_COORD state=idle owner=report-tx reason=idle rx=0 tx=0 relay=0 route=0 ack=0 qack=0
DBG_CH5_GAP_SCAN now=77126 win=100 next_delay=535
DBG_CH5_GAP_SCAN_DONE frames=0 last_error=0 now=77227 deadline=77226 click=0
DBG_DWM_KEEP_IDLE reason=mesh-rx ch9=1 ack=0 qack=0 ret=0
DBG_CH5_GAP_SCAN now=77228 win=100 next_delay=433
DBG_CH5_GAP_SCAN_DONE frames=0 last_error=0 now=77328 deadline=77328 click=0
DBG_DWM_KEEP_IDLE reason=mesh-rx ch9=1 ack=0 qack=0 ret=0
DBG_CH9_SKIP_STALE n=1 now=77329 next=77721 cnt=325742791 reason=rx-delay
DBG_CH5_GAP_SCAN now=77329 win=100 next_delay=332
DBG_ANCHOR_CH5_SCAN_HANDLER role=2
DBG_ANCHOR_CH5_SCAN_BLOCKED win=0 survey=0 tx=0 retry_gap=0 wait=0 rx=0 rxq=0 rxr=0 ack=0 ch9=0 rf=1 retry=20 interval=380
DBG_ANCHOR_CH5_SCAN_RESCHED ret=1 delay=20
DBG_CH5_GAP_SCAN_DONE frames=0 last_error=0 now=77429 deadline=77429 click=0
DBG_DWM_KEEP_IDLE reason=mesh-rx ch9=1 ack=0 qack=0 ret=0
DBG_CH5_GAP_SCAN now=77430 win=100 next_delay=231
DBG_ANCHOR_CH5_SCAN_HANDLER role=2
DBG_ANCHOR_CH5_SCAN_BLOCKED win=0 survey=0 tx=0 retry_gap=0 wait=0 rx=0 rxq=0 rxr=0 ack=0 ch9=0 rf=1 retry=20 interval=380
DBG_ANCHOR_CH5_SCAN_RESCHED ret=1 delay=20
DBG_ANCHOR_CH5_SCAN_HANDLER role=2
DBG_ANCHOR_CH5_SCAN_BLOCKED win=0 survey=0 tx=0 retry_gap=0 wait=0 rx=0 rxq=0 rxr=0 ack=0 ch9=0 rf=1 retry=20 interval=380
DBG_ANCHOR_CH5_SCAN_RESCHED ret=1 delay=20
DBG_ANCHOR_CH5_SCAN_HANDLER role=2
DBG_ANCHOR_CH5_SCAN_BLOCKED win=0 survey=0 tx=0 retry_gap=0 wait=0 rx=0 rxq=0 rxr=0 ack=0 ch9=0 rf=1 retry=20 interval=380
DBG_ANCHOR_CH5_SCAN_RESCHED ret=1 delay=20
DBG_ANCHOR_CH5_SCAN_HANDLER role=2
DBG_ANCHOR_CH5_SCAN_BLOCKED win=0 survey=0 tx=0 retry_gap=0 wait=0 rx=0 rxq=0 rxr=0 ack=0 ch9=0 rf=1 retry=20 interval=380
DBG_ANCHOR_CH5_SCAN_RESCHED ret=1 delay=20
DBG_ANCHOR_CH5_SCAN_HANDLER role=2
DBG_DWM_KEEP_IDLE reason=mesh-rx ch9=1 ack=0 qack=0 ret=0
DBG_CH5_GAP_SCAN now=77531 win=70 next_delay=130
DBG_ANCHOR_CH5_SCAN_BLOCKED win=0 survey=0 tx=0 retry_gap=0 wait=0 rx=0 rxq=0 rxr=0 ack=0 ch9=0 rf=1 retry=20 interval=380
DBG_ANCHOR_CH5_SCAN_RESCHED ret=1 delay=20
DBG_ANCHOR_CH5_SCAN_HANDLER role=2
DBG_ANCHOR_CH5_SCAN_BLOCKED win=0 survey=0 tx=0 retry_gap=0 wait=0 rx=0 rxq=0 rxr=0 ack=0 ch9=0 rf=1 retry=20 interval=380
DBG_ANCHOR_CH5_SCAN_RESCHED ret=1 delay=20
DBG_ANCHOR_CH5_SCAN_HANDLER role=2
DBG_ANCHOR_CH5_SCAN_BLOCKED win=0 survey=0 tx=0 retry_gap=0 wait=0 rx=0 rxq=0 rxr=0 ack=0 ch9=0 rf=1 retry=20 interval=380
DBG_ANCHOR_CH5_SCAN_RESCHED ret=1 delay=20
DBG_CH5_GAP_SCAN_DONE frames=0 last_error=0 now=77601 deadline=77601 click=0
DBG_DWM_KEEP_IDLE reason=mesh-rx ch9=1 ack=0 qack=0 ret=0
DBG_ANCHOR_CH5_SCAN_HANDLER role=2
DBG_ANCHOR_CH9_REARM delay=58 ret=1 ack=0
DBG_ANCHOR_CH5_SCAN_BLOCKED win=0 survey=0 tx=0 retry_gap=0 wait=0 rx=0 rxq=0 rxr=0 ack=0 ch9=1 rf=0 retry=303 interval=380
DBG_ANCHOR_CH5_SCAN_RESCHED ret=1 delay=303
DBG_CH9_RX_SLOT idx=0 cnt=325742791 now=77661 start=77721 end=77841
DBG_CH9_EVENT_STATE state=granted peer=0x191a9619c6c8cb07 start=77721 end=77841 reason=rx-slot
DBG_CH9_RX_START idx=0 now=77662 start=77721 end=77841 tail=60
DBG_CH9_RX_CONFIG_OK
DBG_CH9_RX_EARLY_ARM now=77680 start=77721 guard=60
DBG_CH9_RX_ARMED now=77680 start=77721 end=77841 deadline=77901
DBG_DWM_KEEP_IDLE reason=ch9-rx ch9=1 ack=0 qack=0 ret=0
DBG_CH9_RX_EMPTY
DBG_CH9_RX_TIMEOUT
DBG_CH9_RX_MISS frames=0 now=77903 start=77721 end=77841 fail=0
DBG_CH9_EVENT_STATE state=window_expired peer=0x191a9619c6c8cb07 start=77721 end=77841 reason=rx-slot
DBG_ANCHOR_CH5_SCAN_HANDLER role=2
DBG_ANCHOR_CH5_SCAN_ARM now=77907 win=20 complete=15 interval=380 wait=0 tx=0
DBG_DWM_CH5_RX_HUNT_START acq=20 complete=15 cap=1021
DBG_DWM_CH5_RX_HUNT_EMPTY ret=-116 status=0x00000000 acq=20
DBG_ANCHOR_CH5_SCAN_DONE ret=-116 len=0 fail=1 pre=0 q=0 rx_us=20812 complete=15
DBG_ANCHOR_CH5_POST_CH9_RECOVERY_SCAN win=20 ret=-116 pre=0
DBG_ANCHOR_CH5_SCAN_RESCHED ret=1 delay=380
DBG_ROUTE_REQ_DEFER_WORK pending=1 seq=3 due=78047 deadline=81673 now=78047
DBG_DIRECT_GW_PROBE_TX seq=2 now=78047 attempt=1/3 reason=route-request-rebroadcast-probe
DBG_DIRECT_GW_PROBE_CONFIG ret=0 now=78110 attempt=1
DBG_CH9_TX_SEND_AT now=78110 earliest=78047 msg=3f len=61
DBG_CH9_TX_DONE now=78113 dur=3 len=61 msg=3f
DBG_UWB_TX_CH9
DBG_ANCHOR_CH5_SCAN_HANDLER role=2
DBG_ANCHOR_CH5_SCAN_BLOCKED win=0 survey=0 tx=0 retry_gap=0 wait=0 rx=0 rxq=0 rxr=0 ack=0 ch9=0 rf=1 retry=20 interval=380
DBG_ANCHOR_CH5_SCAN_RESCHED ret=1 delay=20
DBG_ANCHOR_CH5_SCAN_HANDLER role=2
DBG_ANCHOR_CH5_SCAN_BLOCKED win=0 survey=0 tx=0 retry_gap=0 wait=0 rx=0 rxq=0 rxr=0 ack=0 ch9=0 rf=1 retry=20 interval=380
DBG_ANCHOR_CH5_SCAN_RESCHED ret=1 delay=20
DBG_DWM_KEEP_IDLE reason=direct-gateway-probe ch9=1 ack=0 qack=0 ret=0
DBG_DIRECT_GW_ACK_DONE ret=-116 m=0 f=0 p=1 q=0 v=0 fail=1 sl=192 prev=0x0 len=0 att=1 r=route-request-rebroadcast-probe
DBG_DIRECT_GW_PROBE_MISS ret=-116 attempt=1
DBG_DIRECT_GW_PROBE_BACKOFF ms=59 next_attempt=2 busy_defer=0
DBG_ANCHOR_CH5_SCAN_HANDLER role=2
DBG_DWM_CH5_RX_HUNT_START acq=3 complete=15 cap=1021
DBG_DWM_CH5_RX_HUNT_EMPTY ret=-116 status=0x00000000 acq=3
DBG_ANCHOR_CH5_SCAN_RESCHED ret=1 delay=380
DBG_DIRECT_GW_PROBE_TX seq=3 now=78424 attempt=2/3 reason=route-request-rebroadcast-probe
DBG_DIRECT_GW_PROBE_CONFIG ret=0 now=78488 attempt=2
DBG_CH9_TX_SEND_AT now=78489 earliest=78424 msg=3f len=61
DBG_CH9_TX_DONE now=78492 dur=3 len=61 msg=3f
DBG_UWB_TX_CH9
DBG_DWM_KEEP_IDLE reason=direct-gateway-probe ch9=1 ack=0 qack=0 ret=0
DBG_DIRECT_GW_ACK_DONE ret=-116 m=0 f=0 p=1 q=0 v=0 fail=1 sl=190 prev=0x0 len=0 att=2 r=route-request-rebroadcast-probe
DBG_DIRECT_GW_PROBE_MISS ret=-116 attempt=2
DBG_DIRECT_GW_PROBE_BACKOFF ms=74 next_attempt=3 busy_defer=0
DBG_ANCHOR_CH5_SCAN_HANDLER role=2
DBG_DWM_CH5_RX_HUNT_START acq=3 complete=15 cap=1021
DBG_DWM_CH5_RX_HUNT_EMPTY ret=-116 status=0x00000000 acq=3
DBG_ANCHOR_CH5_SCAN_RESCHED ret=1 delay=380
DBG_DIRECT_GW_PROBE_TX seq=4 now=78817 attempt=3/3 reason=route-request-rebroadcast-probe
DBG_DIRECT_GW_PROBE_CONFIG ret=0 now=78881 attempt=3
DBG_CH9_TX_SEND_AT now=78882 earliest=78817 msg=3f len=61
DBG_CH9_TX_DONE now=78885 dur=3 len=61 msg=3f
DBG_UWB_TX_CH9
DBG_DIRECT_GW_PROBE_KEEP_CH9_AWAKE seq=4 attempt=3 release_ret=0
DBG_DIRECT_GW_ACK_DONE ret=0 m=1 f=1 p=1 q=0 v=1 fail=1 sl=12 prev=0x9999888877776666 len=105 att=3 r=route-request-rebroadcas
DBG_DIRECT_GW_PROBE_CONTACT_ONLY
DBG_ROUTE_REQ_REBROADCAST_DIRECT_REPLY_FAIL ret=-8
DBG_WAKE_TRAIN_GUARD_OK
DBG_WAKE_TRAIN_CONFIG_BEGIN
DBG_WAKE_TRAIN_CONFIG_OK
DBG_WAKE_TRAIN_FIRST_SEND_BEGIN
DBG_WAKE_TRAIN_FIRST_SEND_OK
DBG_UWB_TX_CH5
DBG_TX_WAKE_CLAIM_SENT
DBG_UWB_TX_CH5
DBG_TX_WAKE_CLAIM_SENT
DBG_UWB_TX_CH5
DBG_TX_WAKE_CLAIM_SENT
DBG_UWB_TX_CH5
DBG_TX_WAKE_CLAIM_SENT
DBG_DWM_CH5_RX_HUNT_START acq=3 complete=15 cap=125
DBG_DWM_CH5_RX_HUNT_EMPTY ret=-116 status=0x00000000 acq=3
DBG_UWB_TX_CH5
DBG_TX_WAKE_CLAIM_SENT
DBG_UWB_TX_CH5
DBG_TX_WAKE_CLAIM_SENT
DBG_UWB_TX_CH5
DBG_TX_WAKE_CLAIM_SENT
DBG_DWM_CH5_RX_HUNT_START acq=3 complete=15 cap=125
DBG_DWM_CH5_RX_HUNT_EMPTY ret=-116 status=0x00000000 acq=3
DBG_UWB_TX_CH5
DBG_TX_WAKE_CLAIM_SENT
DBG_UWB_TX_CH5
DBG_TX_WAKE_CLAIM_SENT
DBG_UWB_TX_CH5
DBG_TX_WAKE_CLAIM_SENT
DBG_DWM_CH5_RX_HUNT_START acq=3 complete=15 cap=125
DBG_DWM_CH5_RX_HUNT_EMPTY ret=-116 status=0x00000000 acq=3
DBG_UWB_TX_CH5
DBG_TX_WAKE_CLAIM_SENT
DBG_UWB_TX_CH5
DBG_TX_WAKE_CLAIM_SENT
DBG_UWB_TX_CH5
DBG_TX_WAKE_CLAIM_SENT
DBG_DWM_CH5_RX_HUNT_START acq=3 complete=15 cap=125
DBG_DWM_CH5_RX_HUNT_EMPTY ret=-116 status=0x00000000 acq=3
DBG_UWB_TX_CH5
DBG_TX_WAKE_CLAIM_SENT
DBG_UWB_TX_CH5
DBG_TX_WAKE_CLAIM_SENT
DBG_UWB_TX_CH5
DBG_TX_WAKE_CLAIM_SENT
DBG_DWM_CH5_RX_HUNT_START acq=3 complete=15 cap=125
DBG_DWM_CH5_RX_HUNT_EMPTY ret=-116 status=0x00000000 acq=3
DBG_UWB_TX_CH5
DBG_TX_WAKE_CLAIM_SENT
DBG_UWB_TX_CH5
DBG_TX_WAKE_CLAIM_SENT
DBG_UWB_TX_CH5
DBG_TX_WAKE_CLAIM_SENT
DBG_DWM_CH5_RX_HUNT_START acq=3 complete=15 cap=125
DBG_DWM_CH5_RX_HUNT_EMPTY ret=-116 status=0x00000000 acq=3
DBG_UWB_TX_CH5
DBG_TX_WAKE_CLAIM_SENT
DBG_UWB_TX_CH5
DBG_TX_WAKE_CLAIM_SENT
DBG_UWB_TX_CH5
DBG_TX_WAKE_CLAIM_SENT
DBG_DWM_CH5_RX_HUNT_START acq=3 complete=15 cap=125
DBG_DWM_CH5_RX_HUNT_EMPTY ret=-116 status=0x00000000 acq=3
DBG_UWB_TX_CH5
DBG_TX_WAKE_CLAIM_SENT
DBG_UWB_TX_CH5
DBG_TX_WAKE_CLAIM_SENT
DBG_UWB_TX_CH5
DBG_TX_WAKE_CLAIM_SENT
DBG_DWM_CH5_RX_HUNT_START acq=3 complete=15 cap=125
DBG_DWM_CH5_RX_HUNT_EMPTY ret=-116 status=0x00000000 acq=3
DBG_UWB_TX_CH5
DBG_TX_WAKE_CLAIM_SENT
DBG_UWB_TX_CH5
DBG_TX_WAKE_CLAIM_SENT
DBG_UWB_TX_CH5
DBG_TX_WAKE_CLAIM_SENT
DBG_DWM_CH5_RX_HUNT_START acq=3 complete=15 cap=125
DBG_DWM_CH5_RX_HUNT_EMPTY ret=-116 status=0x00000000 acq=3
DBG_ANCHOR_CH5_SCAN_HANDLER role=2
DBG_ANCHOR_CH5_SCAN_BLOCKED win=0 survey=0 tx=0 retry_gap=0 wait=0 rx=0 rxq=0 rxr=0 ack=0 ch9=0 rf=1 retry=20 interval=380
DBG_ANCHOR_CH5_SCAN_RESCHED ret=1 delay=20
DBG_UWB_TX_CH5
DBG_TX_WAKE_CLAIM_SENT
DBG_UWB_TX_CH5
DBG_TX_WAKE_CLAIM_SENT
DBG_UWB_TX_CH5
DBG_TX_WAKE_CLAIM_SENT
DBG_DWM_CH5_RX_HUNT_START acq=3 complete=15 cap=125
DBG_ANCHOR_CH5_SCAN_HANDLER role=2
DBG_DWM_CH5_RX_HUNT_EMPTY ret=-116 status=0x00000000 acq=3
DBG_ANCHOR_CH5_SCAN_BLOCKED win=0 survey=0 tx=0 retry_gap=0 wait=0 rx=0 rxq=0 rxr=0 ack=0 ch9=0 rf=1 retry=20 interval=380
DBG_ANCHOR_CH5_SCAN_RESCHED ret=1 delay=20
DBG_UWB_TX_CH5
DBG_TX_WAKE_CLAIM_SENT
DBG_UWB_TX_CH5
DBG_TX_WAKE_CLAIM_SENT
DBG_UWB_TX_CH5
DBG_TX_WAKE_CLAIM_SENT
DBG_DWM_CH5_RX_HUNT_START acq=3 complete=15 cap=125
DBG_ANCHOR_CH5_SCAN_HANDLER role=2
DBG_DWM_CH5_RX_HUNT_EMPTY ret=-116 status=0x00000000 acq=3
DBG_ANCHOR_CH5_SCAN_BLOCKED win=0 survey=0 tx=0 retry_gap=0 wait=0 rx=0 rxq=0 rxr=0 ack=0 ch9=0 rf=1 retry=20 interval=380
DBG_ANCHOR_CH5_SCAN_RESCHED ret=1 delay=20
DBG_UWB_TX_CH5
DBG_TX_WAKE_CLAIM_SENT
DBG_UWB_TX_CH5
DBG_TX_WAKE_CLAIM_SENT
DBG_UWB_TX_CH5
DBG_TX_WAKE_CLAIM_SENT
DBG_DWM_CH5_RX_HUNT_START acq=3 complete=15 cap=125
DBG_ANCHOR_CH5_SCAN_HANDLER role=2
DBG_DWM_CH5_RX_HUNT_EMPTY ret=-116 status=0x00000000 acq=3
DBG_ANCHOR_CH5_SCAN_BLOCKED win=0 survey=0 tx=0 retry_gap=0 wait=0 rx=0 rxq=0 rxr=0 ack=0 ch9=0 rf=1 retry=20 interval=380
DBG_ANCHOR_CH5_SCAN_RESCHED ret=1 delay=20
DBG_UWB_TX_CH5
DBG_TX_WAKE_CLAIM_SENT
DBG_UWB_TX_CH5
DBG_TX_WAKE_CLAIM_SENT
DBG_UWB_TX_CH5
DBG_TX_WAKE_CLAIM_SENT
DBG_DWM_CH5_RX_HUNT_START acq=3 complete=15 cap=125
DBG_ANCHOR_CH5_SCAN_HANDLER role=2
DBG_DWM_CH5_RX_HUNT_EMPTY ret=-116 status=0x00000000 acq=3
DBG_ANCHOR_CH5_SCAN_BLOCKED win=0 survey=0 tx=0 retry_gap=0 wait=0 rx=0 rxq=0 rxr=0 ack=0 ch9=0 rf=1 retry=20 interval=380
DBG_ANCHOR_CH5_SCAN_RESCHED ret=1 delay=20
DBG_UWB_TX_CH5
DBG_TX_WAKE_CLAIM_SENT
DBG_UWB_TX_CH5
DBG_TX_WAKE_CLAIM_SENT
DBG_UWB_TX_CH5
DBG_TX_WAKE_CLAIM_SENT
DBG_DWM_CH5_RX_HUNT_START acq=3 complete=15 cap=125
DBG_ANCHOR_CH5_SCAN_HANDLER role=2
DBG_DWM_CH5_RX_HUNT_EMPTY ret=-116 status=0x00000000 acq=3
DBG_ANCHOR_CH5_SCAN_BLOCKED win=0 survey=0 tx=0 retry_gap=0 wait=0 rx=0 rxq=0 rxr=0 ack=0 ch9=0 rf=1 retry=20 interval=380
DBG_ANCHOR_CH5_SCAN_RESCHED ret=1 delay=20
DBG_UWB_TX_CH5
DBG_TX_WAKE_CLAIM_SENT
DBG_UWB_TX_CH5
DBG_TX_WAKE_CLAIM_SENT
DBG_UWB_TX_CH5
DBG_TX_WAKE_CLAIM_SENT
DBG_DWM_CH5_RX_HUNT_START acq=3 complete=15 cap=125
DBG_ANCHOR_CH5_SCAN_HANDLER role=2
DBG_DWM_CH5_RX_HUNT_EMPTY ret=-116 status=0x00000000 acq=3
DBG_ANCHOR_CH5_SCAN_BLOCKED win=0 survey=0 tx=0 retry_gap=0 wait=0 rx=0 rxq=0 rxr=0 ack=0 ch9=0 rf=1 retry=20 interval=380
DBG_ANCHOR_CH5_SCAN_RESCHED ret=1 delay=20
DBG_UWB_TX_CH5
DBG_TX_WAKE_CLAIM_SENT
DBG_UWB_TX_CH5
DBG_TX_WAKE_CLAIM_SENT
DBG_UWB_TX_CH5
DBG_TX_WAKE_CLAIM_SENT
DBG_DWM_CH5_RX_HUNT_START acq=3 complete=15 cap=125
DBG_ANCHOR_CH5_SCAN_HANDLER role=2
DBG_DWM_CH5_RX_HUNT_EMPTY ret=-116 status=0x00000000 acq=3
DBG_ANCHOR_CH5_SCAN_BLOCKED win=0 survey=0 tx=0 retry_gap=0 wait=0 rx=0 rxq=0 rxr=0 ack=0 ch9=0 rf=1 retry=20 interval=380
DBG_ANCHOR_CH5_SCAN_RESCHED ret=1 delay=20
DBG_UWB_TX_CH5
DBG_TX_WAKE_CLAIM_SENT
DBG_UWB_TX_CH5
DBG_TX_WAKE_CLAIM_SENT
DBG_UWB_TX_CH5
DBG_TX_WAKE_CLAIM_SENT
DBG_DWM_CH5_RX_HUNT_START acq=3 complete=15 cap=125
DBG_ANCHOR_CH5_SCAN_HANDLER role=2
DBG_DWM_CH5_RX_HUNT_EMPTY ret=-116 status=0x00000000 acq=3
DBG_ANCHOR_CH5_SCAN_BLOCKED win=0 survey=0 tx=0 retry_gap=0 wait=0 rx=0 rxq=0 rxr=0 ack=0 ch9=0 rf=1 retry=20 interval=380
DBG_ANCHOR_CH5_SCAN_RESCHED ret=1 delay=20
DBG_UWB_TX_CH5
DBG_TX_WAKE_CLAIM_SENT
DBG_ANCHOR_CH5_SCAN_HANDLER role=2
DBG_ANCHOR_CH5_SCAN_BLOCKED win=0 survey=0 tx=0 retry_gap=0 wait=0 rx=0 rxq=0 rxr=0 ack=0 ch9=0 rf=1 retry=20 interval=380
DBG_ANCHOR_CH5_SCAN_RESCHED ret=1 delay=20
DBG_ROUTE_REQ_REBROADCAST_TURNAROUND delay=40
DBG_ANCHOR_CH5_SCAN_HANDLER role=2
DBG_ANCHOR_CH9_REARM delay=0 ret=1 ack=0
DBG_ANCHOR_CH5_SCAN_BLOCKED win=0 survey=0 tx=0 retry_gap=0 wait=0 rx=0 rxq=0 rxr=0 ack=0 ch9=1 rf=0 retry=245 interval=380
DBG_ANCHOR_CH5_SCAN_RESCHED ret=1 delay=245
DBG_DWM_WAKE_MESH_CTRL_OK sfd=4073
DBG_C5_TX_CONFIG ret=0 ext=1 len=168 msg=35 reason=route-request-rebroadcast-control
DBG_UWB_TX_CH5
DBG_ROUTE_REQ_REBROADCAST_TX ret=0 seq=3 ttl=1
DBG_C5_CONTACT phase=closing state=4 peer=0x708bc0aab970300e purpose=route_solicit reason=replace
DBG_C5_CONTACT phase=open state=2 peer=0x9999888877776666 purpose=route_solicit reason=route-request-rebroadcast
DBG_C5_CONTACT phase=accepted state=2 peer=0x9999888877776666 purpose=route_solicit reason=route-request-rebroadcast
DBG_C5_CONTACT phase=exchange state=3 peer=0x9999888877776666 purpose=route_solicit reason=route-request-rebroadcast
DBG_ROUTE_REPLY_LISTEN_START
DBG_DWM_WAKE_MESH_CTRL_OK sfd=4073
DBG_ROUTE_REPLY_LISTEN_CONFIG ret=0 ext=1
DBG_ANCHOR_CH5_SCAN_HANDLER role=2
DBG_ANCHOR_CH5_SCAN_BLOCKED win=0 survey=0 tx=0 retry_gap=0 wait=0 rx=0 rxq=0 rxr=0 ack=0 ch9=0 rf=1 retry=20 interval=380
DBG_ANCHOR_CH5_SCAN_RESCHED ret=1 delay=20
DBG_ANCHOR_CH5_SCAN_HANDLER role=2
DBG_ANCHOR_CH5_SCAN_BLOCKED win=0 survey=0 tx=0 retry_gap=0 wait=0 rx=0 rxq=0 rxr=0 ack=0 ch9=0 rf=1 retry=20 interval=380
DBG_ANCHOR_CH5_SCAN_RESCHED ret=1 delay=20
DBG_ANCHOR_CH5_SCAN_HANDLER role=2
DBG_ANCHOR_CH5_SCAN_BLOCKED win=0 survey=0 tx=0 retry_gap=0 wait=0 rx=0 rxq=0 rxr=0 ack=0 ch9=0 rf=1 retry=20 interval=380
DBG_ANCHOR_CH5_SCAN_RESCHED ret=1 delay=20
DBG_ANCHOR_CH5_SCAN_HANDLER role=2
DBG_ANCHOR_CH5_SCAN_BLOCKED win=0 survey=0 tx=0 retry_gap=0 wait=0 rx=0 rxq=0 rxr=0 ack=0 ch9=0 rf=1 retry=20 interval=380
DBG_ANCHOR_CH5_SCAN_RESCHED ret=1 delay=20
DBG_ANCHOR_CH5_SCAN_HANDLER role=2
DBG_ANCHOR_CH5_SCAN_BLOCKED win=0 survey=0 tx=0 retry_gap=0 wait=0 rx=0 rxq=0 rxr=0 ack=0 ch9=0 rf=1 retry=20 interval=380
DBG_ANCHOR_CH5_SCAN_RESCHED ret=1 delay=20
DBG_ANCHOR_CH5_SCAN_HANDLER role=2
DBG_ANCHOR_CH5_SCAN_BLOCKED win=0 survey=0 tx=0 retry_gap=0 wait=0 rx=0 rxq=0 rxr=0 ack=0 ch9=0 rf=1 retry=20 interval=380
DBG_ANCHOR_CH5_SCAN_RESCHED ret=1 delay=20
DBG_ANCHOR_CH5_SCAN_HANDLER role=2
DBG_ANCHOR_CH5_SCAN_BLOCKED win=0 survey=0 tx=0 retry_gap=0 wait=0 rx=0 rxq=0 rxr=0 ack=0 ch9=0 rf=1 retry=20 interval=380
DBG_ANCHOR_CH5_SCAN_RESCHED ret=1 delay=20
DBG_ANCHOR_CH5_SCAN_HANDLER role=2
DBG_ANCHOR_CH5_SCAN_BLOCKED win=0 survey=0 tx=0 retry_gap=0 wait=0 rx=0 rxq=0 rxr=0 ack=0 ch9=0 rf=1 retry=20 interval=380
DBG_ANCHOR_CH5_SCAN_RESCHED ret=1 delay=20
DBG_ANCHOR_CH5_SCAN_HANDLER role=2
DBG_ANCHOR_CH5_SCAN_BLOCKED win=0 survey=0 tx=0 retry_gap=0 wait=0 rx=0 rxq=0 rxr=0 ack=0 ch9=0 rf=1 retry=20 interval=380
DBG_ANCHOR_CH5_SCAN_RESCHED ret=1 delay=20
DBG_ANCHOR_CH5_SCAN_HANDLER role=2
DBG_ANCHOR_CH5_SCAN_BLOCKED win=0 survey=0 tx=0 retry_gap=0 wait=0 rx=0 rxq=0 rxr=0 ack=0 ch9=0 rf=1 retry=20 interval=380
DBG_ANCHOR_CH5_SCAN_RESCHED ret=1 delay=20
DBG_ANCHOR_CH5_SCAN_HANDLER role=2
DBG_ANCHOR_CH5_SCAN_BLOCKED win=0 survey=0 tx=0 retry_gap=0 wait=0 rx=0 rxq=0 rxr=0 ack=0 ch9=0 rf=1 retry=20 interval=380
DBG_ANCHOR_CH5_SCAN_RESCHED ret=1 delay=20
DBG_ANCHOR_CH5_SCAN_HANDLER role=2
DBG_ANCHOR_CH5_SCAN_BLOCKED win=0 survey=0 tx=0 retry_gap=0 wait=0 rx=0 rxq=0 rxr=0 ack=0 ch9=0 rf=1 retry=20 interval=380
DBG_ANCHOR_CH5_SCAN_RESCHED ret=1 delay=20
DBG_ANCHOR_CH5_SCAN_HANDLER role=2
DBG_ANCHOR_CH5_SCAN_BLOCKED win=0 survey=0 tx=0 retry_gap=0 wait=0 rx=0 rxq=0 rxr=0 ack=0 ch9=0 rf=1 retry=20 interval=380
DBG_ANCHOR_CH5_SCAN_RESCHED ret=1 delay=20
DBG_ANCHOR_CH5_SCAN_HANDLER role=2
DBG_ANCHOR_CH5_SCAN_BLOCKED win=0 survey=0 tx=0 retry_gap=0 wait=0 rx=0 rxq=0 rxr=0 ack=0 ch9=0 rf=1 retry=20 interval=380
DBG_ANCHOR_CH5_SCAN_RESCHED ret=1 delay=20
DBG_ANCHOR_CH5_SCAN_HANDLER role=2
DBG_ANCHOR_CH5_SCAN_BLOCKED win=0 survey=0 tx=0 retry_gap=0 wait=0 rx=0 rxq=0 rxr=0 ack=0 ch9=0 rf=1 retry=20 interval=380
DBG_ANCHOR_CH5_SCAN_RESCHED ret=1 delay=20
DBG_ANCHOR_CH5_SCAN_HANDLER role=2
DBG_ANCHOR_CH5_SCAN_BLOCKED win=0 survey=0 tx=0 retry_gap=0 wait=0 rx=0 rxq=0 rxr=0 ack=0 ch9=0 rf=1 retry=20 interval=380
DBG_ANCHOR_CH5_SCAN_RESCHED ret=1 delay=20
DBG_ANCHOR_CH5_SCAN_HANDLER role=2
DBG_ANCHOR_CH5_SCAN_BLOCKED win=0 survey=0 tx=0 retry_gap=0 wait=0 rx=0 rxq=0 rxr=0 ack=0 ch9=0 rf=1 retry=20 interval=380
DBG_ANCHOR_CH5_SCAN_RESCHED ret=1 delay=20
DBG_ANCHOR_CH5_SCAN_HANDLER role=2
DBG_ANCHOR_CH5_SCAN_BLOCKED win=0 survey=0 tx=0 retry_gap=0 wait=0 rx=0 rxq=0 rxr=0 ack=0 ch9=0 rf=1 retry=20 interval=380
DBG_ANCHOR_CH5_SCAN_RESCHED ret=1 delay=20
DBG_ANCHOR_CH5_SCAN_HANDLER role=2
DBG_ANCHOR_CH5_SCAN_BLOCKED win=0 survey=0 tx=0 retry_gap=0 wait=0 rx=0 rxq=0 rxr=0 ack=0 ch9=0 rf=1 retry=20 interval=380
DBG_ANCHOR_CH5_SCAN_RESCHED ret=1 delay=20
DBG_ANCHOR_CH5_SCAN_HANDLER role=2
DBG_ANCHOR_CH5_SCAN_BLOCKED win=0 survey=0 tx=0 retry_gap=0 wait=0 rx=0 rxq=0 rxr=0 ack=0 ch9=0 rf=1 retry=20 interval=380
DBG_ANCHOR_CH5_SCAN_RESCHED ret=1 delay=20
DBG_ANCHOR_CH5_SCAN_HANDLER role=2
DBG_ANCHOR_CH5_SCAN_BLOCKED win=0 survey=0 tx=0 retry_gap=0 wait=0 rx=0 rxq=0 rxr=0 ack=0 ch9=0 rf=1 retry=20 interval=380
DBG_ANCHOR_CH5_SCAN_RESCHED ret=1 delay=20
DBG_ANCHOR_CH5_SCAN_HANDLER role=2
DBG_ANCHOR_CH5_SCAN_BLOCKED win=0 survey=0 tx=0 retry_gap=0 wait=0 rx=0 rxq=0 rxr=0 ack=0 ch9=0 rf=1 retry=20 interval=380
DBG_ANCHOR_CH5_SCAN_RESCHED ret=1 delay=20
DBG_ANCHOR_CH5_SCAN_HANDLER role=2
DBG_ANCHOR_CH5_SCAN_BLOCKED win=0 survey=0 tx=0 retry_gap=0 wait=0 rx=0 rxq=0 rxr=0 ack=0 ch9=0 rf=1 retry=20 interval=380
DBG_ANCHOR_CH5_SCAN_RESCHED ret=1 delay=20
DBG_ANCHOR_CH5_SCAN_HANDLER role=2
DBG_ANCHOR_CH5_SCAN_BLOCKED win=0 survey=0 tx=0 retry_gap=0 wait=0 rx=0 rxq=0 rxr=0 ack=0 ch9=0 rf=1 retry=20 interval=380
DBG_ANCHOR_CH5_SCAN_RESCHED ret=1 delay=20
DBG_ANCHOR_CH5_SCAN_HANDLER role=2
DBG_ANCHOR_CH5_SCAN_BLOCKED win=0 survey=0 tx=0 retry_gap=0 wait=0 rx=0 rxq=0 rxr=0 ack=0 ch9=0 rf=1 retry=20 interval=380
DBG_ANCHOR_CH5_SCAN_RESCHED ret=1 delay=20
DBG_ANCHOR_CH5_SCAN_HANDLER role=2
DBG_ANCHOR_CH5_SCAN_BLOCKED win=0 survey=0 tx=0 retry_gap=0 wait=0 rx=0 rxq=0 rxr=0 ack=0 ch9=0 rf=1 retry=20 interval=380
DBG_ANCHOR_CH5_SCAN_RESCHED ret=1 delay=20
DBG_ANCHOR_CH5_SCAN_HANDLER role=2
DBG_ANCHOR_CH5_SCAN_BLOCKED win=0 survey=0 tx=0 retry_gap=0 wait=0 rx=0 rxq=0 rxr=0 ack=0 ch9=0 rf=1 retry=20 interval=380
DBG_ANCHOR_CH5_SCAN_RESCHED ret=1 delay=20
DBG_ANCHOR_CH5_SCAN_HANDLER role=2
DBG_ANCHOR_CH5_SCAN_BLOCKED win=0 survey=0 tx=0 retry_gap=0 wait=0 rx=0 rxq=0 rxr=0 ack=0 ch9=0 rf=1 retry=20 interval=380
DBG_ANCHOR_CH5_SCAN_RESCHED ret=1 delay=20
DBG_ANCHOR_CH5_SCAN_HANDLER role=2
DBG_ANCHOR_CH5_SCAN_BLOCKED win=0 survey=0 tx=0 retry_gap=0 wait=0 rx=0 rxq=0 rxr=0 ack=0 ch9=0 rf=1 retry=20 interval=380
DBG_ANCHOR_CH5_SCAN_RESCHED ret=1 delay=20
DBG_ANCHOR_CH5_SCAN_HANDLER role=2
DBG_ANCHOR_CH5_SCAN_BLOCKED win=0 survey=0 tx=0 retry_gap=0 wait=0 rx=0 rxq=0 rxr=0 ack=0 ch9=0 rf=1 retry=20 interval=380
DBG_ANCHOR_CH5_SCAN_RESCHED ret=1 delay=20
DBG_ANCHOR_CH5_SCAN_HANDLER role=2
DBG_ANCHOR_CH5_SCAN_BLOCKED win=0 survey=0 tx=0 retry_gap=0 wait=0 rx=0 rxq=0 rxr=0 ack=0 ch9=0 rf=1 retry=20 interval=380
DBG_ANCHOR_CH5_SCAN_RESCHED ret=1 delay=20
DBG_ANCHOR_CH5_SCAN_HANDLER role=2
DBG_ANCHOR_CH5_SCAN_BLOCKED win=0 survey=0 tx=0 retry_gap=0 wait=0 rx=0 rxq=0 rxr=0 ack=0 ch9=0 rf=1 retry=20 interval=380
DBG_ANCHOR_CH5_SCAN_RESCHED ret=1 delay=20
DBG_ANCHOR_CH5_SCAN_HANDLER role=2
DBG_ANCHOR_CH5_SCAN_BLOCKED win=0 survey=0 tx=0 retry_gap=0 wait=0 rx=0 rxq=0 rxr=0 ack=0 ch9=0 rf=1 retry=20 interval=380
DBG_ANCHOR_CH5_SCAN_RESCHED ret=1 delay=20
DBG_ANCHOR_CH5_SCAN_HANDLER role=2
DBG_ANCHOR_CH5_SCAN_BLOCKED win=0 survey=0 tx=0 retry_gap=0 wait=0 rx=0 rxq=0 rxr=0 ack=0 ch9=0 rf=1 retry=20 interval=380
DBG_ANCHOR_CH5_SCAN_RESCHED ret=1 delay=20
DBG_ANCHOR_CH5_SCAN_HANDLER role=2
DBG_ANCHOR_CH5_SCAN_BLOCKED win=0 survey=0 tx=0 retry_gap=0 wait=0 rx=0 rxq=0 rxr=0 ack=0 ch9=0 rf=1 retry=20 interval=380
DBG_ANCHOR_CH5_SCAN_RESCHED ret=1 delay=20
DBG_ANCHOR_CH5_SCAN_HANDLER role=2
DBG_ANCHOR_CH5_SCAN_BLOCKED win=0 survey=0 tx=0 retry_gap=0 wait=0 rx=0 rxq=0 rxr=0 ack=0 ch9=0 rf=1 retry=20 interval=380
DBG_ANCHOR_CH5_SCAN_RESCHED ret=1 delay=20
DBG_ANCHOR_CH5_SCAN_HANDLER role=2
DBG_ANCHOR_CH5_SCAN_BLOCKED win=0 survey=0 tx=0 retry_gap=0 wait=0 rx=0 rxq=0 rxr=0 ack=0 ch9=0 rf=1 retry=20 interval=380
DBG_ANCHOR_CH5_SCAN_RESCHED ret=1 delay=20
DBG_ANCHOR_CH5_SCAN_HANDLER role=2
DBG_ANCHOR_CH5_SCAN_BLOCKED win=0 survey=0 tx=0 retry_gap=0 wait=0 rx=0 rxq=0 rxr=0 ack=0 ch9=0 rf=1 retry=20 interval=380
DBG_ANCHOR_CH5_SCAN_RESCHED ret=1 delay=20
DBG_ANCHOR_CH5_SCAN_HANDLER role=2
DBG_ANCHOR_CH5_SCAN_BLOCKED win=0 survey=0 tx=0 retry_gap=0 wait=0 rx=0 rxq=0 rxr=0 ack=0 ch9=0 rf=1 retry=20 interval=380
DBG_ANCHOR_CH5_SCAN_RESCHED ret=1 delay=20
DBG_ANCHOR_CH5_SCAN_HANDLER role=2
DBG_ANCHOR_CH5_SCAN_BLOCKED win=0 survey=0 tx=0 retry_gap=0 wait=0 rx=0 rxq=0 rxr=0 ack=0 ch9=0 rf=1 retry=20 interval=380
DBG_ANCHOR_CH5_SCAN_RESCHED ret=1 delay=20
DBG_ANCHOR_CH5_SCAN_HANDLER role=2
DBG_ANCHOR_CH5_SCAN_BLOCKED win=0 survey=0 tx=0 retry_gap=0 wait=0 rx=0 rxq=0 rxr=0 ack=0 ch9=0 rf=1 retry=20 interval=380
DBG_ANCHOR_CH5_SCAN_RESCHED ret=1 delay=20
DBG_ANCHOR_CH5_SCAN_HANDLER role=2
DBG_ANCHOR_CH5_SCAN_BLOCKED win=0 survey=0 tx=0 retry_gap=0 wait=0 rx=0 rxq=0 rxr=0 ack=0 ch9=0 rf=1 retry=20 interval=380
DBG_ANCHOR_CH5_SCAN_RESCHED ret=1 delay=20
DBG_ANCHOR_CH5_SCAN_HANDLER role=2
DBG_ANCHOR_CH5_SCAN_BLOCKED win=0 survey=0 tx=0 retry_gap=0 wait=0 rx=0 rxq=0 rxr=0 ack=0 ch9=0 rf=1 retry=20 interval=380
DBG_ANCHOR_CH5_SCAN_RESCHED ret=1 delay=20
DBG_ANCHOR_CH5_SCAN_HANDLER role=2
DBG_ANCHOR_CH5_SCAN_BLOCKED win=0 survey=0 tx=0 retry_gap=0 wait=0 rx=0 rxq=0 rxr=0 ack=0 ch9=0 rf=1 retry=20 interval=380
DBG_ANCHOR_CH5_SCAN_RESCHED ret=1 delay=20
DBG_ANCHOR_CH5_SCAN_HANDLER role=2
DBG_ANCHOR_CH5_SCAN_BLOCKED win=0 survey=0 tx=0 retry_gap=0 wait=0 rx=0 rxq=0 rxr=0 ack=0 ch9=0 rf=1 retry=20 interval=380
DBG_ANCHOR_CH5_SCAN_RESCHED ret=1 delay=20
DBG_ANCHOR_CH5_SCAN_HANDLER role=2
DBG_ANCHOR_CH5_SCAN_BLOCKED win=0 survey=0 tx=0 retry_gap=0 wait=0 rx=0 rxq=0 rxr=0 ack=0 ch9=0 rf=1 retry=20 interval=380
DBG_ANCHOR_CH5_SCAN_RESCHED ret=1 delay=20
DBG_ANCHOR_CH5_SCAN_HANDLER role=2
DBG_ANCHOR_CH5_SCAN_BLOCKED win=0 survey=0 tx=0 retry_gap=0 wait=0 rx=0 rxq=0 rxr=0 ack=0 ch9=0 rf=1 retry=20 interval=380
DBG_ANCHOR_CH5_SCAN_RESCHED ret=1 delay=20
DBG_ANCHOR_CH5_SCAN_HANDLER role=2
DBG_ANCHOR_CH5_SCAN_BLOCKED win=0 survey=0 tx=0 retry_gap=0 wait=0 rx=0 rxq=0 rxr=0 ack=0 ch9=0 rf=1 retry=20 interval=380
DBG_ANCHOR_CH5_SCAN_RESCHED ret=1 delay=20
DBG_ANCHOR_CH5_SCAN_HANDLER role=2
DBG_ANCHOR_CH5_SCAN_BLOCKED win=0 survey=0 tx=0 retry_gap=0 wait=0 rx=0 rxq=0 rxr=0 ack=0 ch9=0 rf=1 retry=20 interval=380
DBG_ANCHOR_CH5_SCAN_RESCHED ret=1 delay=20
DBG_ANCHOR_CH5_SCAN_HANDLER role=2
DBG_ANCHOR_CH5_SCAN_BLOCKED win=0 survey=0 tx=0 retry_gap=0 wait=0 rx=0 rxq=0 rxr=0 ack=0 ch9=0 rf=1 retry=20 interval=380
DBG_ANCHOR_CH5_SCAN_RESCHED ret=1 delay=20
DBG_ANCHOR_CH5_SCAN_HANDLER role=2
DBG_ANCHOR_CH5_SCAN_BLOCKED win=0 survey=0 tx=0 retry_gap=0 wait=0 rx=0 rxq=0 rxr=0 ack=0 ch9=0 rf=1 retry=20 interval=380
DBG_ANCHOR_CH5_SCAN_RESCHED ret=1 delay=20
DBG_ANCHOR_CH5_SCAN_HANDLER role=2
DBG_ANCHOR_CH5_SCAN_BLOCKED win=0 survey=0 tx=0 retry_gap=0 wait=0 rx=0 rxq=0 rxr=0 ack=0 ch9=0 rf=1 retry=20 interval=380
DBG_ANCHOR_CH5_SCAN_RESCHED ret=1 delay=20
DBG_ANCHOR_CH5_SCAN_HANDLER role=2
DBG_ANCHOR_CH5_SCAN_BLOCKED win=0 survey=0 tx=0 retry_gap=0 wait=0 rx=0 rxq=0 rxr=0 ack=0 ch9=0 rf=1 retry=20 interval=380
DBG_ANCHOR_CH5_SCAN_RESCHED ret=1 delay=20
DBG_ANCHOR_CH5_SCAN_HANDLER role=2
DBG_ANCHOR_CH5_SCAN_BLOCKED win=0 survey=0 tx=0 retry_gap=0 wait=0 rx=0 rxq=0 rxr=0 ack=0 ch9=0 rf=1 retry=20 interval=380
DBG_ANCHOR_CH5_SCAN_RESCHED ret=1 delay=20
DBG_ANCHOR_CH5_SCAN_HANDLER role=2
DBG_ANCHOR_CH5_SCAN_BLOCKED win=0 survey=0 tx=0 retry_gap=0 wait=0 rx=0 rxq=0 rxr=0 ack=0 ch9=0 rf=1 retry=20 interval=380
DBG_ANCHOR_CH5_SCAN_RESCHED ret=1 delay=20
DBG_ANCHOR_CH5_SCAN_HANDLER role=2
DBG_ANCHOR_CH5_SCAN_BLOCKED win=0 survey=0 tx=0 retry_gap=0 wait=0 rx=0 rxq=0 rxr=0 ack=0 ch9=0 rf=1 retry=20 interval=380
DBG_ANCHOR_CH5_SCAN_RESCHED ret=1 delay=20
DBG_ANCHOR_CH5_SCAN_HANDLER role=2
DBG_ANCHOR_CH5_SCAN_BLOCKED win=0 survey=0 tx=0 retry_gap=0 wait=0 rx=0 rxq=0 rxr=0 ack=0 ch9=0 rf=1 retry=20 interval=380
DBG_ANCHOR_CH5_SCAN_RESCHED ret=1 delay=20
DBG_ANCHOR_CH5_SCAN_HANDLER role=2
DBG_ANCHOR_CH5_SCAN_BLOCKED win=0 survey=0 tx=0 retry_gap=0 wait=0 rx=0 rxq=0 rxr=0 ack=0 ch9=0 rf=1 retry=20 interval=380
DBG_ANCHOR_CH5_SCAN_RESCHED ret=1 delay=20
DBG_ANCHOR_CH5_SCAN_HANDLER role=2
DBG_ANCHOR_CH5_SCAN_BLOCKED win=0 survey=0 tx=0 retry_gap=0 wait=0 rx=0 rxq=0 rxr=0 ack=0 ch9=0 rf=1 retry=20 interval=380
DBG_ANCHOR_CH5_SCAN_RESCHED ret=1 delay=20
DBG_ANCHOR_CH5_SCAN_HANDLER role=2
DBG_ANCHOR_CH5_SCAN_BLOCKED win=0 survey=0 tx=0 retry_gap=0 wait=0 rx=0 rxq=0 rxr=0 ack=0 ch9=0 rf=1 retry=20 interval=380
DBG_ANCHOR_CH5_SCAN_RESCHED ret=1 delay=20
DBG_ANCHOR_CH5_SCAN_HANDLER role=2
DBG_ANCHOR_CH5_SCAN_BLOCKED win=0 survey=0 tx=0 retry_gap=0 wait=0 rx=0 rxq=0 rxr=0 ack=0 ch9=0 rf=1 retry=20 interval=380
DBG_ANCHOR_CH5_SCAN_RESCHED ret=1 delay=20
DBG_ANCHOR_CH5_SCAN_HANDLER role=2
DBG_ANCHOR_CH5_SCAN_BLOCKED win=0 survey=0 tx=0 retry_gap=0 wait=0 rx=0 rxq=0 rxr=0 ack=0 ch9=0 rf=1 retry=20 interval=380
DBG_ANCHOR_CH5_SCAN_RESCHED ret=1 delay=20
DBG_ANCHOR_CH5_SCAN_HANDLER role=2
DBG_ANCHOR_CH5_SCAN_BLOCKED win=0 survey=0 tx=0 retry_gap=0 wait=0 rx=0 rxq=0 rxr=0 ack=0 ch9=0 rf=1 retry=20 interval=380
DBG_ANCHOR_CH5_SCAN_RESCHED ret=1 delay=20
DBG_ANCHOR_CH5_SCAN_HANDLER role=2
DBG_ANCHOR_CH5_SCAN_BLOCKED win=0 survey=0 tx=0 retry_gap=0 wait=0 rx=0 rxq=0 rxr=0 ack=0 ch9=0 rf=1 retry=20 interval=380
DBG_ANCHOR_CH5_SCAN_RESCHED ret=1 delay=20
DBG_ANCHOR_CH5_SCAN_HANDLER role=2
DBG_ANCHOR_CH5_SCAN_BLOCKED win=0 survey=0 tx=0 retry_gap=0 wait=0 rx=0 rxq=0 rxr=0 ack=0 ch9=0 rf=1 retry=20 interval=380
DBG_ANCHOR_CH5_SCAN_RESCHED ret=1 delay=20
DBG_ANCHOR_CH5_SCAN_HANDLER role=2
DBG_ANCHOR_CH5_SCAN_BLOCKED win=0 survey=0 tx=0 retry_gap=0 wait=0 rx=0 rxq=0 rxr=0 ack=0 ch9=0 rf=1 retry=20 interval=380
DBG_ANCHOR_CH5_SCAN_RESCHED ret=1 delay=20
DBG_ANCHOR_CH5_SCAN_HANDLER role=2
DBG_ANCHOR_CH5_SCAN_BLOCKED win=0 survey=0 tx=0 retry_gap=0 wait=0 rx=0 rxq=0 rxr=0 ack=0 ch9=0 rf=1 retry=20 interval=380
DBG_ANCHOR_CH5_SCAN_RESCHED ret=1 delay=20
DBG_ANCHOR_CH5_SCAN_HANDLER role=2
DBG_ANCHOR_CH5_SCAN_BLOCKED win=0 survey=0 tx=0 retry_gap=0 wait=0 rx=0 rxq=0 rxr=0 ack=0 ch9=0 rf=1 retry=20 interval=380
DBG_ANCHOR_CH5_SCAN_RESCHED ret=1 delay=20
DBG_ANCHOR_CH5_SCAN_HANDLER role=2
DBG_ANCHOR_CH5_SCAN_BLOCKED win=0 survey=0 tx=0 retry_gap=0 wait=0 rx=0 rxq=0 rxr=0 ack=0 ch9=0 rf=1 retry=20 interval=380
DBG_ANCHOR_CH5_SCAN_RESCHED ret=1 delay=20
DBG_ANCHOR_CH5_SCAN_HANDLER role=2
DBG_ANCHOR_CH5_SCAN_BLOCKED win=0 survey=0 tx=0 retry_gap=0 wait=0 rx=0 rxq=0 rxr=0 ack=0 ch9=0 rf=1 retry=20 interval=380
DBG_ANCHOR_CH5_SCAN_RESCHED ret=1 delay=20
DBG_ANCHOR_CH5_SCAN_HANDLER role=2
DBG_ANCHOR_CH5_SCAN_BLOCKED win=0 survey=0 tx=0 retry_gap=0 wait=0 rx=0 rxq=0 rxr=0 ack=0 ch9=0 rf=1 retry=20 interval=380
DBG_ANCHOR_CH5_SCAN_RESCHED ret=1 delay=20
DBG_ANCHOR_CH5_SCAN_HANDLER role=2
DBG_ANCHOR_CH5_SCAN_BLOCKED win=0 survey=0 tx=0 retry_gap=0 wait=0 rx=0 rxq=0 rxr=0 ack=0 ch9=0 rf=1 retry=20 interval=380
DBG_ANCHOR_CH5_SCAN_RESCHED ret=1 delay=20
DBG_ANCHOR_CH5_SCAN_HANDLER role=2
DBG_ANCHOR_CH5_SCAN_BLOCKED win=0 survey=0 tx=0 retry_gap=0 wait=0 rx=0 rxq=0 rxr=0 ack=0 ch9=0 rf=1 retry=20 interval=380
DBG_ANCHOR_CH5_SCAN_RESCHED ret=1 delay=20
DBG_ANCHOR_CH5_SCAN_HANDLER role=2
DBG_ANCHOR_CH5_SCAN_BLOCKED win=0 survey=0 tx=0 retry_gap=0 wait=0 rx=0 rxq=0 rxr=0 ack=0 ch9=0 rf=1 retry=20 interval=380
DBG_ANCHOR_CH5_SCAN_RESCHED ret=1 delay=20
DBG_ANCHOR_CH5_SCAN_HANDLER role=2
DBG_ANCHOR_CH5_SCAN_BLOCKED win=0 survey=0 tx=0 retry_gap=0 wait=0 rx=0 rxq=0 rxr=0 ack=0 ch9=0 rf=1 retry=20 interval=380
DBG_ANCHOR_CH5_SCAN_RESCHED ret=1 delay=20
DBG_ANCHOR_CH5_SCAN_HANDLER role=2
DBG_ANCHOR_CH5_SCAN_BLOCKED win=0 survey=0 tx=0 retry_gap=0 wait=0 rx=0 rxq=0 rxr=0 ack=0 ch9=0 rf=1 retry=20 interval=380
DBG_ANCHOR_CH5_SCAN_RESCHED ret=1 delay=20
DBG_ANCHOR_CH5_SCAN_HANDLER role=2
DBG_ANCHOR_CH5_SCAN_BLOCKED win=0 survey=0 tx=0 retry_gap=0 wait=0 rx=0 rxq=0 rxr=0 ack=0 ch9=0 rf=1 retry=20 interval=380
DBG_ANCHOR_CH5_SCAN_RESCHED ret=1 delay=20
DBG_ANCHOR_CH5_SCAN_HANDLER role=2
DBG_ANCHOR_CH5_SCAN_BLOCKED win=0 survey=0 tx=0 retry_gap=0 wait=0 rx=0 rxq=0 rxr=0 ack=0 ch9=0 rf=1 retry=20 interval=380
DBG_ANCHOR_CH5_SCAN_RESCHED ret=1 delay=20
DBG_ANCHOR_CH5_SCAN_HANDLER role=2
DBG_ANCHOR_CH5_SCAN_BLOCKED win=0 survey=0 tx=0 retry_gap=0 wait=0 rx=0 rxq=0 rxr=0 ack=0 ch9=0 rf=1 retry=20 interval=380
DBG_ANCHOR_CH5_SCAN_RESCHED ret=1 delay=20
DBG_ROUTE_REPLY_LISTEN_DONE captured=0 ret=-116
DBG_C5_CONTACT phase=closing state=4 peer=0x9999888877776666 purpose=route_solicit reason=reply-listen-timeout
DBG_ROUTE_REQ_REBROADCAST_REPLY_MISS listen_ret=-116 win=2191
DBG_CH9_SKIP_STALE n=5 now=81694 next=81561 cnt=325742797 reason=rx-select
DBG_CH9_RX_SLOT idx=0 cnt=325742797 now=81694 start=81561 end=81681
DBG_CH9_EVENT_STATE state=granted peer=0x191a9619c6c8cb07 start=81561 end=81681 reason=rx-slot
DBG_CH9_RX_START idx=0 now=81695 start=81561 end=81681 tail=60
DBG_ANCHOR_CH5_SCAN_HANDLER role=2
DBG_ANCHOR_CH5_SCAN_BLOCKED win=0 survey=0 tx=0 retry_gap=0 wait=0 rx=0 rxq=0 rxr=0 ack=0 ch9=0 rf=1 retry=20 interval=380
DBG_ANCHOR_CH5_SCAN_RESCHED ret=1 delay=20
DBG_ANCHOR_CH5_SCAN_HANDLER role=2
DBG_CH9_RX_CONFIG_OK
DBG_CH9_RX_EARLY_ARM now=81717 start=81561 guard=60
DBG_CH9_RX_ARMED now=81718 start=81561 end=81681 deadline=81741
DBG_ANCHOR_CH5_SCAN_BLOCKED win=0 survey=0 tx=0 retry_gap=0 wait=0 rx=0 rxq=0 rxr=0 ack=0 ch9=0 rf=1 retry=20 interval=380
DBG_ANCHOR_CH5_SCAN_RESCHED ret=1 delay=20
DBG_DWM_KEEP_IDLE reason=ch9-rx ch9=1 ack=0 qack=0 ret=0
DBG_CH9_RX_EMPTY
DBG_CH9_RX_TIMEOUT
DBG_CH9_RX_MISS frames=0 now=81742 start=81561 end=81681 fail=0
DBG_CH9_EVENT_STATE state=window_expired peer=0x191a9619c6c8cb07 start=81561 end=81681 reason=rx-slot
DBG_ANCHOR_CH5_SCAN_HANDLER role=2
DBG_ANCHOR_CH5_SCAN_ARM now=81742 win=20 complete=15 interval=380 wait=0 tx=0
DBG_DWM_CH5_RX_HUNT_START acq=20 complete=15 cap=1021
DBG_DWM_CH5_RX_HUNT_EMPTY ret=-116 status=0x00000000 acq=20
DBG_ANCHOR_CH5_SCAN_DONE ret=-116 len=0 fail=1 pre=0 q=0 rx_us=20782 complete=15
DBG_ANCHOR_CH5_POST_CH9_RECOVERY_SCAN win=20 ret=-116 pre=0
DBG_ANCHOR_CH5_SCAN_RESCHED ret=1 delay=380
DBG_ANCHOR_CH5_SCAN_HANDLER role=2
DBG_DWM_CH5_RX_HUNT_START acq=3 complete=15 cap=1021
DBG_DWM_CH5_RX_HUNT_EMPTY ret=-116 status=0x00000000 acq=3
DBG_ANCHOR_CH5_SCAN_RESCHED ret=1 delay=380
DBG_ANCHOR_CH5_SCAN_HANDLER role=2
DBG_DWM_CH5_RX_HUNT_START acq=3 complete=15 cap=1021
DBG_DWM_CH5_RX_HUNT_EMPTY ret=-116 status=0x00000000 acq=3
DBG_ANCHOR_CH5_SCAN_RESCHED ret=1 delay=380
DBG_CH9_SKIP_STALE n=1 now=82781 next=82841 cnt=325742799 reason=rx-select
DBG_CH9_RX_SLOT idx=0 cnt=325742799 now=82781 start=82841 end=82961
DBG_CH9_EVENT_STATE state=granted peer=0x191a9619c6c8cb07 start=82841 end=82961 reason=rx-slot
DBG_CH9_RX_START idx=0 now=82781 start=82841 end=82961 tail=60
DBG_CH9_RX_CONFIG_OK
DBG_CH9_RX_EARLY_ARM now=82800 start=82841 guard=60
DBG_CH9_RX_ARMED now=82800 start=82841 end=82961 deadline=83021
DBG_ANCHOR_CH5_SCAN_HANDLER role=2
DBG_ANCHOR_CH5_SCAN_BLOCKED win=0 survey=0 tx=0 retry_gap=0 wait=0 rx=0 rxq=0 rxr=0 ack=0 ch9=0 rf=1 retry=20 interval=380
DBG_ANCHOR_CH5_SCAN_RESCHED ret=1 delay=20
DBG_ANCHOR_CH5_SCAN_HANDLER role=2
DBG_ANCHOR_CH5_SCAN_BLOCKED win=0 survey=0 tx=0 retry_gap=0 wait=0 rx=0 rxq=0 rxr=0 ack=0 ch9=0 rf=1 retry=20 interval=380
DBG_ANCHOR_CH5_SCAN_RESCHED ret=1 delay=20
DBG_ANCHOR_CH5_SCAN_HANDLER role=2
DBG_DWM_KEEP_IDLE reason=ch9-rx ch9=1 ack=0 qack=0 ret=0
DBG_CH9_RX_EMPTY
DBG_CH9_RX_TIMEOUT
DBG_CH9_RX_MISS frames=0 now=83023 start=82841 end=82961 fail=0
DBG_CH9_EVENT_STATE state=window_expired peer=0x191a9619c6c8cb07 start=82841 end=82961 reason=rx-slot
DBG_ANCHOR_CH5_SCAN_BLOCKED win=0 survey=0 tx=0 retry_gap=0 wait=0 rx=0 rxq=0 rxr=0 ack=0 ch9=0 rf=1 retry=20 interval=380
DBG_ANCHOR_CH5_SCAN_RESCHED ret=1 delay=20
DBG_ANCHOR_CH5_SCAN_HANDLER role=2
DBG_ANCHOR_CH5_SCAN_ARM now=83043 win=20 complete=15 interval=380 wait=0 tx=0
DBG_DWM_CH5_RX_HUNT_START acq=20 complete=15 cap=1021
DBG_DWM_CH5_RX_HUNT_EMPTY ret=-116 status=0x00000000 acq=20
DBG_ANCHOR_CH5_SCAN_DONE ret=-116 len=0 fail=1 pre=0 q=0 rx_us=20263 complete=15
DBG_ANCHOR_CH5_POST_CH9_RECOVERY_SCAN win=20 ret=-116 pre=0
DBG_ANCHOR_CH5_SCAN_RESCHED ret=1 delay=380
DBG_ANCHOR_CH5_SCAN_HANDLER role=2
DBG_DWM_CH5_RX_HUNT_START acq=3 complete=15 cap=1021
DBG_DWM_CH5_RX_HUNT_EMPTY ret=-116 status=0x00000000 acq=3
DBG_ANCHOR_CH5_SCAN_RESCHED ret=1 delay=380
DBG_ANCHOR_CH5_SCAN_HANDLER role=2
DBG_DWM_CH5_RX_HUNT_START acq=3 complete=15 cap=1021
DBG_DWM_CH5_RX_HUNT_EMPTY ret=-116 status=0x00000000 acq=3
DBG_ANCHOR_CH5_SCAN_RESCHED ret=1 delay=380
DBG_CH9_SKIP_STALE n=1 now=84061 next=84121 cnt=325742801 reason=rx-select
DBG_CH9_RX_SLOT idx=0 cnt=325742801 now=84061 start=84121 end=84241
DBG_CH9_EVENT_STATE state=granted peer=0x191a9619c6c8cb07 start=84121 end=84241 reason=rx-slot
DBG_CH9_RX_START idx=0 now=84061 start=84121 end=84241 tail=60
DBG_CH9_RX_CONFIG_OK
DBG_CH9_RX_EARLY_ARM now=84080 start=84121 guard=60
DBG_CH9_RX_ARMED now=84080 start=84121 end=84241 deadline=84301
DBG_ANCHOR_CH5_SCAN_HANDLER role=2
DBG_ANCHOR_CH5_SCAN_BLOCKED win=0 survey=0 tx=0 retry_gap=0 wait=0 rx=0 rxq=0 rxr=0 ack=0 ch9=0 rf=1 retry=20 interval=380
DBG_ANCHOR_CH5_SCAN_RESCHED ret=1 delay=20
DBG_ANCHOR_CH5_SCAN_HANDLER role=2
DBG_ANCHOR_CH5_SCAN_BLOCKED win=0 survey=0 tx=0 retry_gap=0 wait=0 rx=0 rxq=0 rxr=0 ack=0 ch9=0 rf=1 retry=20 interval=380
DBG_ANCHOR_CH5_SCAN_RESCHED ret=1 delay=20
DBG_ANCHOR_CH5_SCAN_HANDLER role=2
DBG_ANCHOR_CH5_SCAN_ARM now=84322 win=20 complete=15 interval=380 wait=0 tx=0
DBG_DWM_CH5_RX_HUNT_START acq=20 complete=15 cap=1021
DBG_DWM_CH5_RX_HUNT_EMPTY ret=-116 status=0x00000000 acq=20
DBG_ANCHOR_CH5_SCAN_DONE ret=-116 len=0 fail=1 pre=0 q=0 rx_us=21118 complete=15
DBG_ANCHOR_CH5_POST_CH9_RECOVERY_SCAN win=20 ret=-116 pre=0
DBG_ANCHOR_CH5_SCAN_RESCHED ret=1 delay=380
DBG_ANCHOR_CH5_SCAN_HANDLER role=2
DBG_DWM_CH5_RX_HUNT_START acq=3 complete=15 cap=1021
DBG_DWM_CH5_RX_HUNT_EMPTY ret=-116 status=0x00000000 acq=3
DBG_ANCHOR_CH5_SCAN_RESCHED ret=1 delay=380
DBG_ANCHOR_CH5_SCAN_HANDLER role=2
DBG_DWM_CH5_RX_HUNT_START acq=3 complete=15 cap=1021
DBG_DWM_CH5_RX_HUNT_EMPTY ret=-116 status=0x00000000 acq=3
DBG_ANCHOR_CH5_SCAN_RESCHED ret=1 delay=380
DBG_CH9_SKIP_STALE n=1 now=85341 next=85401 cnt=325742803 reason=rx-select
DBG_CH9_RX_SLOT idx=0 cnt=325742803 now=85341 start=85401 end=85521
DBG_CH9_EVENT_STATE state=granted peer=0x191a9619c6c8cb07 start=85401 end=85521 reason=rx-slot
DBG_CH9_RX_START idx=0 now=85341 start=85401 end=85521 tail=60
DBG_CH9_RX_CONFIG_OK
DBG_CH9_RX_EARLY_ARM now=85360 start=85401 guard=60
DBG_CH9_RX_ARMED now=85360 start=85401 end=85521 deadline=85581
DBG_ANCHOR_CH5_SCAN_HANDLER role=2
DBG_ANCHOR_CH5_SCAN_BLOCKED win=0 survey=0 tx=0 retry_gap=0 wait=0 rx=0 rxq=0 rxr=0 ack=0 ch9=0 rf=1 retry=20 interval=380
DBG_ANCHOR_CH5_SCAN_RESCHED ret=1 delay=20
DBG_ANCHOR_CH5_SCAN_HANDLER role=2
DBG_ANCHOR_CH5_SCAN_BLOCKED win=0 survey=0 tx=0 retry_gap=0 wait=0 rx=0 rxq=0 rxr=0 ack=0 ch9=0 rf=1 retry=20 interval=380
DBG_ANCHOR_CH5_SCAN_RESCHED ret=1 delay=20
DBG_ANCHOR_CH5_SCAN_HANDLER role=2
DBG_ANCHOR_CH5_SCAN_ARM now=85602 win=20 complete=15 interval=380 wait=0 tx=0
DBG_DWM_CH5_RX_HUNT_START acq=20 complete=15 cap=1021
DBG_DWM_CH5_RX_HUNT_EMPTY ret=-116 status=0x00000000 acq=20
DBG_ANCHOR_CH5_SCAN_DONE ret=-116 len=0 fail=1 pre=0 q=0 rx_us=21148 complete=15
DBG_ANCHOR_CH5_POST_CH9_RECOVERY_SCAN win=20 ret=-116 pre=0
DBG_ANCHOR_CH5_SCAN_RESCHED ret=1 delay=380
DBG_ANCHOR_CH5_SCAN_HANDLER role=2
DBG_DWM_CH5_RX_HUNT_START acq=3 complete=15 cap=1021
DBG_DWM_CH5_RX_HUNT_EMPTY ret=-116 status=0x00000000 acq=3
DBG_ANCHOR_CH5_SCAN_RESCHED ret=1 delay=380
DBG_ANCHOR_CH5_SCAN_HANDLER role=2
DBG_DWM_CH5_RX_HUNT_START acq=3 complete=15 cap=1021
DBG_DWM_CH5_RX_HUNT_EMPTY ret=-116 status=0x00000000 acq=3
DBG_ANCHOR_CH5_SCAN_RESCHED ret=1 delay=380
DBG_CH9_SKIP_STALE n=1 now=86621 next=86681 cnt=325742805 reason=rx-select
DBG_CH9_RX_SLOT idx=0 cnt=325742805 now=86621 start=86681 end=86801
DBG_CH9_EVENT_STATE state=granted peer=0x191a9619c6c8cb07 start=86681 end=86801 reason=rx-slot
DBG_CH9_RX_START idx=0 now=86621 start=86681 end=86801 tail=60
DBG_CH9_RX_CONFIG_OK
DBG_CH9_RX_EARLY_ARM now=86640 start=86681 guard=60
DBG_CH9_RX_ARMED now=86640 start=86681 end=86801 deadline=86861
DBG_ANCHOR_CH5_SCAN_HANDLER role=2
DBG_ANCHOR_CH5_SCAN_BLOCKED win=0 survey=0 tx=0 retry_gap=0 wait=0 rx=0 rxq=0 rxr=0 ack=0 ch9=0 rf=1 retry=20 interval=380
DBG_ANCHOR_CH5_SCAN_RESCHED ret=1 delay=20
DBG_ANCHOR_CH5_SCAN_HANDLER role=2
DBG_ANCHOR_CH5_SCAN_BLOCKED win=0 survey=0 tx=0 retry_gap=0 wait=0 rx=0 rxq=0 rxr=0 ack=0 ch9=0 rf=1 retry=20 interval=380
DBG_ANCHOR_CH5_SCAN_RESCHED ret=1 delay=20
DBG_DWM_KEEP_IDLE reason=ch9-rx ch9=1 ack=0 qack=0 ret=0
DBG_CH9_RX_EMPTY
DBG_CH9_RX_TIMEOUT
DBG_CH9_RX_MISS frames=0 now=86863 start=86681 end=86801 fail=0
DBG_CH9_EVENT_STATE state=window_expired peer=0x191a9619c6c8cb07 start=86681 end=86801 reason=rx-slot
DBG_ANCHOR_CH5_SCAN_HANDLER role=2
DBG_ANCHOR_CH5_SCAN_ARM now=86882 win=20 complete=15 interval=380 wait=0 tx=0
DBG_DWM_CH5_RX_HUNT_START acq=20 complete=15 cap=1021
DBG_DWM_CH5_RX_HUNT_EMPTY ret=-116 status=0x00000000 acq=20
DBG_ANCHOR_CH5_SCAN_DONE ret=-116 len=0 fail=1 pre=0 q=0 rx_us=20385 complete=15
DBG_ANCHOR_CH5_POST_CH9_RECOVERY_SCAN win=20 ret=-116 pre=0
DBG_ANCHOR_CH5_SCAN_RESCHED ret=1 delay=380
DBG_ANCHOR_CH5_SCAN_HANDLER role=2
DBG_DWM_CH5_RX_HUNT_START acq=3 complete=15 cap=1021
DBG_DWM_CH5_RX_HUNT_EMPTY ret=-116 status=0x00000000 acq=3
DBG_ANCHOR_CH5_SCAN_RESCHED ret=1 delay=380
DBG_ANCHOR_CH5_SCAN_HANDLER role=2
DBG_DWM_CH5_RX_HUNT_START acq=3 complete=15 cap=1021
DBG_DWM_CH5_RX_HUNT_EMPTY ret=-116 status=0x00000000 acq=3
DBG_ANCHOR_CH5_SCAN_RESCHED ret=1 delay=380
DBG_CH9_SKIP_STALE n=1 now=87901 next=87961 cnt=325742807 reason=rx-select
DBG_CH9_RX_SLOT idx=0 cnt=325742807 now=87901 start=87961 end=88081
DBG_CH9_EVENT_STATE state=granted peer=0x191a9619c6c8cb07 start=87961 end=88081 reason=rx-slot
DBG_CH9_RX_START idx=0 now=87901 start=87961 end=88081 tail=60
DBG_CH9_RX_CONFIG_OK
DBG_CH9_RX_EARLY_ARM now=87920 start=87961 guard=60
DBG_CH9_RX_ARMED now=87920 start=87961 end=88081 deadline=88141
DBG_ANCHOR_CH5_SCAN_HANDLER role=2
DBG_ANCHOR_CH5_SCAN_BLOCKED win=0 survey=0 tx=0 retry_gap=0 wait=0 rx=0 rxq=0 rxr=0 ack=0 ch9=0 rf=1 retry=20 interval=380
DBG_ANCHOR_CH5_SCAN_RESCHED ret=1 delay=20
DBG_ANCHOR_CH5_SCAN_HANDLER role=2
DBG_ANCHOR_CH5_SCAN_BLOCKED win=0 survey=0 tx=0 retry_gap=0 wait=0 rx=0 rxq=0 rxr=0 ack=0 ch9=0 rf=1 retry=20 interval=380
DBG_ANCHOR_CH5_SCAN_RESCHED ret=1 delay=20
DBG_DWM_KEEP_IDLE reason=ch9-rx ch9=1 ack=0 qack=0 ret=0
DBG_CH9_RX_EMPTY
DBG_CH9_RX_TIMEOUT
DBG_CH9_RX_MISS frames=0 now=88143 start=87961 end=88081 fail=0
DBG_CH9_EVENT_STATE state=window_expired peer=0x191a9619c6c8cb07 start=87961 end=88081 reason=rx-slot
DBG_ANCHOR_CH5_SCAN_HANDLER role=2
DBG_ANCHOR_CH5_SCAN_ARM now=88160 win=20 complete=15 interval=380 wait=0 tx=0
DBG_DWM_CH5_RX_HUNT_START acq=20 complete=15 cap=1021
DBG_DWM_CH5_RX_HUNT_EMPTY ret=-116 status=0x00000000 acq=20
DBG_ANCHOR_CH5_SCAN_DONE ret=-116 len=0 fail=1 pre=0 q=0 rx_us=20812 complete=15
DBG_ANCHOR_CH5_POST_CH9_RECOVERY_SCAN win=20 ret=-116 pre=0
DBG_ANCHOR_CH5_SCAN_RESCHED ret=1 delay=380
DBG_ANCHOR_CH5_SCAN_HANDLER role=2
DBG_DWM_CH5_RX_HUNT_START acq=3 complete=15 cap=1021
DBG_DWM_CH5_RX_ACTIVITY_EXTEND ret=0 status=0x00000100 complete=15
DBG_DWM_CH5_RX_ACTIVITY_WAIT status=0x00000100 remain=15
DBG_DWM_CH5_RX_ACTIVITY_DONE raw=51 payload=49 status=0x00006f00 rearm=0 extended=1
DBG_ANCHOR_CH5_SCAN_DONE ret=0 len=49 fail=0 pre=1 q=100 rx_us=3662 complete=15
DBG_UWB_RX_CH5
DBG_ANCHOR_CH5_FRAME len=49 q=100 wake_ret=0
DBG_ANCHOR_ROUTE_WAKE_DISPATCH src=0x708bc0aab970300e evt=86728 attempt=1 flags=0x92 len=49 q=100
DBG_C5_CONTACT phase=open state=2 peer=0x708bc0aab970300e purpose=route_solicit reason=wake-claim
DBG_C5_CONTACT phase=accepted state=2 peer=0x708bc0aab970300e purpose=route_solicit reason=wake-claim
DBG_ANCHOR_ROUTE_WAKE_HANDOFF src=0x708bc0aab970300e evt=86728 attempt=1 flags=0x92 embedded=0 listen=1458
DBG_C5_CONTACT phase=exchange state=3 peer=0x708bc0aab970300e purpose=route_solicit reason=anchor-route-wake-followup
DBG_ROUTE_REPLY_LISTEN_START
DBG_DWM_WAKE_MESH_CTRL_OK sfd=4073
DBG_ROUTE_REPLY_LISTEN_CONFIG ret=0 ext=1
DBG_DWM_CH5_RX_HUNT_START acq=61 complete=15 cap=1021
DBG_DWM_CH5_RX_ACTIVITY_EXTEND ret=0 status=0x00000100 complete=15
DBG_DWM_CH5_RX_ACTIVITY_WAIT status=0x00000100 remain=15
DBG_DWM_CH5_RX_ACTIVITY_DONE raw=51 payload=49 status=0x00006f00 rearm=0 extended=1
DBG_DWM_WAKE_MESH_CTRL_OK sfd=4073
DBG_ROUTE_REPLY_CLICK_PROBE_DONE duration_ms=43 outcome=restore ret=0
DBG_C5_RX_FAIL status=0x00001300 finfo=0x00000000 fail=4 phy=4 ch=5 plen=3 pac=2 txc=9 rxc=9 sfd=2 rate=0 phr=1 phrr=0 sfdto=4
DBG_DWM_CH5_RX_HUNT_START acq=61 complete=15 cap=1021
DBG_DWM_CH5_RX_ACTIVITY_EXTEND ret=0 status=0x00000100 complete=15
DBG_DWM_CH5_RX_ACTIVITY_WAIT status=0x00000100 remain=15
DBG_DWM_CH5_RX_ACTIVITY_DONE raw=51 payload=49 status=0x00006f00 rearm=0 extended=1
DBG_DWM_WAKE_MESH_CTRL_OK sfd=4073
DBG_ROUTE_REPLY_CLICK_PROBE_DONE duration_ms=43 outcome=restore ret=0
DBG_DWM_CH5_RX_HUNT_START acq=61 complete=15 cap=1021
DBG_DWM_CH5_RX_ACTIVITY_EXTEND ret=0 status=0x00000100 complete=15
DBG_DWM_CH5_RX_ACTIVITY_WAIT status=0x00000100 remain=14
DBG_DWM_CH5_RX_ACTIVITY_DONE raw=51 payload=49 status=0x00006f00 rearm=0 extended=1
DBG_DWM_WAKE_MESH_CTRL_OK sfd=4073
DBG_ROUTE_REPLY_CLICK_PROBE_DONE duration_ms=44 outcome=restore ret=0
DBG_DWM_CH5_RX_HUNT_START acq=61 complete=15 cap=1021
DBG_DWM_CH5_RX_ACTIVITY_EXTEND ret=0 status=0x00000100 complete=15
DBG_DWM_CH5_RX_ACTIVITY_WAIT status=0x00000100 remain=15
DBG_DWM_CH5_RX_ACTIVITY_DONE raw=51 payload=49 status=0x00006f00 rearm=0 extended=1
DBG_DWM_WAKE_MESH_CTRL_OK sfd=4073
DBG_ROUTE_REPLY_CLICK_PROBE_DONE duration_ms=44 outcome=restore ret=0
DBG_DWM_CH5_RX_HUNT_START acq=61 complete=15 cap=1021
DBG_DWM_CH5_RX_ACTIVITY_EXTEND ret=0 status=0x00000100 complete=15
DBG_DWM_CH5_RX_ACTIVITY_WAIT status=0x00000100 remain=15
DBG_DWM_CH5_RX_ACTIVITY_DONE raw=51 payload=49 status=0x00006f00 rearm=0 extended=1
DBG_DWM_WAKE_MESH_CTRL_OK sfd=4073
DBG_ROUTE_REPLY_CLICK_PROBE_DONE duration_ms=44 outcome=restore ret=0
DBG_DWM_CH5_RX_HUNT_START acq=61 complete=15 cap=1021
DBG_DWM_CH5_RX_ACTIVITY_EXTEND ret=0 status=0x00000100 complete=15
DBG_DWM_CH5_RX_ACTIVITY_WAIT status=0x00000100 remain=15
DBG_DWM_CH5_RX_ACTIVITY_DONE raw=51 payload=49 status=0x00006f00 rearm=0 extended=1
DBG_DWM_WAKE_MESH_CTRL_OK sfd=4073
DBG_ROUTE_REPLY_CLICK_PROBE_DONE duration_ms=43 outcome=restore ret=0
DBG_DWM_CH5_RX_HUNT_START acq=61 complete=15 cap=1021
DBG_DWM_CH5_RX_HUNT_EMPTY ret=-116 status=0x00000000 acq=61
DBG_DWM_WAKE_MESH_CTRL_OK sfd=4073
DBG_ROUTE_REPLY_CLICK_PROBE_DONE duration_ms=100 outcome=restore ret=0
DBG_ROUTE_REPLY_RX_FRAME
DBG_UWB_RX_CH5
DBG_MESH_RX_QUEUED ch=5 msg=0x35 src=0x708bc0aab970300e dst=0x0 prev=0x708bc0aab970300e seq=4 q=1
DBG_MESH_RX_DEFERRED q=1 msg=0x35
DBG_ROUTE_REPLY_LISTEN_YIELD_REQUEST src=0x708bc0aab970300e prev=0x708bc0aab970300e target=0x9999888877776666
DBG_COORD state=mesh-rx owner=uwb-rx reason=mesh-rx rx=1 tx=0 relay=0 route=0 ack=0 qack=0
DBG_CH9_SKIP_STALE n=1 now=89028 next=89241 cnt=325742809 reason=rx-select
DBG_CH5_GAP_SCAN now=89029 win=93 next_delay=152
DBG_ROUTE_REPLY_LISTEN_DONE captured=1 ret=-11
DBG_C5_CONTACT phase=closing state=4 peer=0x708bc0aab970300e purpose=route_solicit reason=reply-listen-done
DBG_MESH_RX_DIRECT_RF_BUSY submit=0 q=1 reason=anchor-route-wake-followup
DBG_ANCHOR_ROUTE_WAKE_HANDOFF_DONE src=0x708bc0aab970300e embedded=0 ret=-11 pending=1
DBG_ANCHOR_ROUTE_WAKE_DISPATCH_DONE handled=1 len=49 q=100
DBG_ANCHOR_CH5_SCAN_RESCHED ret=1 delay=380
DBG_CH5_GAP_SCAN_DONE frames=0 last_error=0 now=89122 deadline=89122 click=0
DBG_DWM_KEEP_IDLE reason=mesh-rx ch9=1 ack=0 qack=0 ret=0
DBG_MESH_RX_WORK_WAIT q=1
DBG_MESH_RX_WORK_ENTER q=1
DBG_MESH_RX_DRAIN_ENTER owner=work q=1
DBG_RX_HANDLE msg=0x35 act=0x00000800 st=0 q=0 sel=1 next=0x191a9619c6c8cb07 hop=1
DBG_C5_CONTACT phase=open state=2 peer=0x708bc0aab970300e purpose=route_solicit reason=c5-control-rx
DBG_C5_CONTACT phase=accepted state=2 peer=0x708bc0aab970300e purpose=route_solicit reason=c5-control-rx
DBG_ROUTE_REQ_DEFER update=0 delay=1614 earliest=90739 now=89125 ret=1 src=0x708bc0aab970300e seq=4
DBG_MESH_RX_DRAIN_EXIT owner=work handled=1 q=0
DBG_MESH_RX_WORK_EXIT handled=1 q=0
DBG_COORD state=idle owner=report-tx reason=idle rx=0 tx=0 relay=0 route=0 ack=0 qack=0
DBG_CH9_RX_SLOT idx=0 cnt=325742809 now=89181 start=89241 end=89361
DBG_CH9_EVENT_STATE state=granted peer=0x191a9619c6c8cb07 start=89241 end=89361 reason=rx-slot
DBG_CH9_RX_START idx=0 now=89181 start=89241 end=89361 tail=60
DBG_CH9_RX_CONFIG_OK
DBG_CH9_RX_EARLY_ARM now=89200 start=89241 guard=60
DBG_CH9_RX_ARMED now=89200 start=89241 end=89361 deadline=89421
DBG_ANCHOR_CH5_SCAN_HANDLER role=2
DBG_ANCHOR_CH5_SCAN_BLOCKED win=0 survey=0 tx=0 retry_gap=0 wait=0 rx=0 rxq=0 rxr=0 ack=0 ch9=0 rf=1 retry=20 interval=380
DBG_ANCHOR_CH5_SCAN_RESCHED ret=1 delay=20
DBG_DWM_KEEP_IDLE reason=ch9-rx ch9=1 ack=0 qack=0 ret=0
DBG_CH9_RX_EMPTY
DBG_CH9_RX_TIMEOUT
DBG_CH9_RX_MISS frames=0 now=89423 start=89241 end=89361 fail=0
DBG_CH9_EVENT_STATE state=window_expired peer=0x191a9619c6c8cb07 start=89241 end=89361 reason=rx-slot
DBG_ANCHOR_CH5_SCAN_HANDLER role=2
DBG_ANCHOR_CH5_SCAN_ARM now=89436 win=20 complete=15 interval=380 wait=0 tx=0
DBG_DWM_CH5_RX_HUNT_START acq=20 complete=15 cap=1021
DBG_DWM_CH5_RX_HUNT_EMPTY ret=-116 status=0x00000000 acq=20
DBG_ANCHOR_CH5_SCAN_DONE ret=-116 len=0 fail=1 pre=0 q=0 rx_us=20782 complete=15
DBG_ANCHOR_CH5_POST_CH9_RECOVERY_SCAN win=20 ret=-116 pre=0
DBG_ANCHOR_CH5_SCAN_RESCHED ret=1 delay=380
DBG_ANCHOR_CH5_SCAN_HANDLER role=2
DBG_DWM_CH5_RX_HUNT_START acq=3 complete=15 cap=1021
DBG_DWM_CH5_RX_HUNT_EMPTY ret=-116 status=0x00000000 acq=3
DBG_ANCHOR_CH5_SCAN_RESCHED ret=1 delay=380
DBG_ANCHOR_CH5_SCAN_HANDLER role=2
DBG_DWM_CH5_RX_HUNT_START acq=3 complete=15 cap=1021
DBG_DWM_CH5_RX_HUNT_EMPTY ret=-116 status=0x00000000 acq=3
DBG_ANCHOR_CH5_SCAN_RESCHED ret=1 delay=380
DBG_CH9_SKIP_STALE n=1 now=90461 next=90521 cnt=325742811 reason=rx-select
DBG_CH9_RX_SLOT idx=0 cnt=325742811 now=90461 start=90521 end=90641
DBG_CH9_EVENT_STATE state=granted peer=0x191a9619c6c8cb07 start=90521 end=90641 reason=rx-slot
DBG_CH9_RX_START idx=0 now=90462 start=90521 end=90641 tail=60
DBG_CH9_RX_CONFIG_OK
DBG_CH9_RX_EARLY_ARM now=90480 start=90521 guard=60
DBG_CH9_RX_ARMED now=90480 start=90521 end=90641 deadline=90701
DBG_ANCHOR_CH5_SCAN_HANDLER role=2
DBG_ANCHOR_CH5_SCAN_BLOCKED win=0 survey=0 tx=0 retry_gap=0 wait=0 rx=0 rxq=0 rxr=0 ack=0 ch9=0 rf=1 retry=20 interval=380
DBG_ANCHOR_CH5_SCAN_RESCHED ret=1 delay=20
DBG_ANCHOR_CH5_SCAN_HANDLER role=2
DBG_ANCHOR_CH5_SCAN_BLOCKED win=0 survey=0 tx=0 retry_gap=0 wait=0 rx=0 rxq=0 rxr=0 ack=0 ch9=0 rf=1 retry=20 interval=380
DBG_ANCHOR_CH5_SCAN_RESCHED ret=1 delay=20
DBG_DWM_KEEP_IDLE reason=ch9-rx ch9=1 ack=0 qack=0 ret=0
DBG_CH9_RX_EMPTY
DBG_CH9_RX_TIMEOUT
DBG_CH9_RX_MISS frames=0 now=90703 start=90521 end=90641 fail=0
DBG_CH9_EVENT_STATE state=window_expired peer=0x191a9619c6c8cb07 start=90521 end=90641 reason=rx-slot
DBG_ANCHOR_CH5_SCAN_HANDLER role=2
DBG_ANCHOR_CH5_SCAN_ARM now=90714 win=20 complete=15 interval=380 wait=0 tx=0
DBG_DWM_CH5_RX_HUNT_START acq=20 complete=15 cap=1021
DBG_ROUTE_REQ_DEFER_WORK pending=1 seq=4 due=90739 deadline=107223 now=90739
DBG_DIRECT_GW_PROBE_TX seq=5 now=90739 attempt=1/3 reason=route-request-rebroadcast-probe
DBG_DIRECT_GW_PROBE_MISS ret=-16 attempt=1
DBG_DIRECT_GW_PROBE_BACKOFF ms=45 next_attempt=2 busy_defer=0
DBG_DWM_CH5_RX_HUNT_EMPTY ret=-116 status=0x00000000 acq=20
DBG_ANCHOR_CH5_SCAN_DONE ret=-116 len=0 fail=1 pre=0 q=0 rx_us=20721 complete=15
DBG_ANCHOR_CH5_POST_CH9_RECOVERY_SCAN win=20 ret=-116 pre=0
DBG_ANCHOR_CH5_SCAN_RESCHED ret=1 delay=380
DBG_DIRECT_GW_PROBE_TX seq=6 now=90785 attempt=2/3 reason=route-request-rebroadcast-probe
DBG_DIRECT_GW_PROBE_CONFIG ret=0 now=90849 attempt=2
DBG_CH9_TX_SEND_AT now=90850 earliest=90785 msg=3f len=61
DBG_CH9_TX_DONE now=90853 dur=3 len=61 msg=3f
DBG_UWB_TX_CH9
DBG_DIRECT_GW_PROBE_KEEP_CH9_AWAKE seq=6 attempt=2 release_ret=0
DBG_DIRECT_GW_ACK_DONE ret=0 m=1 f=1 p=1 q=0 v=1 fail=1 sl=12 prev=0x9999888877776666 len=105 att=2 r=route-request-rebroadcas
DBG_DIRECT_GW_PROBE_CONTACT_ONLY
DBG_ROUTE_REQ_REBROADCAST_DIRECT_REPLY_FAIL ret=-8
DBG_WAKE_TRAIN_GUARD_OK
DBG_WAKE_TRAIN_CONFIG_BEGIN
DBG_WAKE_TRAIN_CONFIG_OK
DBG_WAKE_TRAIN_FIRST_SEND_BEGIN
DBG_WAKE_TRAIN_FIRST_SEND_OK
DBG_UWB_TX_CH5
DBG_TX_WAKE_CLAIM_SENT
DBG_UWB_TX_CH5
DBG_TX_WAKE_CLAIM_SENT
DBG_UWB_TX_CH5
DBG_TX_WAKE_CLAIM_SENT
DBG_UWB_TX_CH5
DBG_TX_WAKE_CLAIM_SENT
DBG_DWM_CH5_RX_HUNT_START acq=3 complete=15 cap=125
DBG_DWM_CH5_RX_HUNT_EMPTY ret=-116 status=0x00000000 acq=3
DBG_UWB_TX_CH5
DBG_TX_WAKE_CLAIM_SENT
DBG_UWB_TX_CH5
DBG_TX_WAKE_CLAIM_SENT
DBG_UWB_TX_CH5
DBG_TX_WAKE_CLAIM_SENT
DBG_DWM_CH5_RX_HUNT_START acq=3 complete=15 cap=125
DBG_DWM_CH5_RX_HUNT_EMPTY ret=-116 status=0x00000000 acq=3
DBG_UWB_TX_CH5
DBG_TX_WAKE_CLAIM_SENT
DBG_UWB_TX_CH5
DBG_TX_WAKE_CLAIM_SENT
DBG_UWB_TX_CH5
DBG_TX_WAKE_CLAIM_SENT
DBG_DWM_CH5_RX_HUNT_START acq=3 complete=15 cap=125
DBG_DWM_CH5_RX_HUNT_EMPTY ret=-116 status=0x00000000 acq=3
DBG_UWB_TX_CH5
DBG_TX_WAKE_CLAIM_SENT
DBG_UWB_TX_CH5
DBG_TX_WAKE_CLAIM_SENT
DBG_UWB_TX_CH5
DBG_TX_WAKE_CLAIM_SENT
DBG_DWM_CH5_RX_HUNT_START acq=3 complete=15 cap=125
DBG_DWM_CH5_RX_HUNT_EMPTY ret=-116 status=0x00000000 acq=3
DBG_UWB_TX_CH5
DBG_TX_WAKE_CLAIM_SENT
DBG_UWB_TX_CH5
DBG_TX_WAKE_CLAIM_SENT
DBG_UWB_TX_CH5
DBG_TX_WAKE_CLAIM_SENT
DBG_DWM_CH5_RX_HUNT_START acq=3 complete=15 cap=125
DBG_DWM_CH5_RX_HUNT_EMPTY ret=-116 status=0x00000000 acq=3
DBG_UWB_TX_CH5
DBG_TX_WAKE_CLAIM_SENT
DBG_UWB_TX_CH5
DBG_TX_WAKE_CLAIM_SENT
DBG_UWB_TX_CH5
DBG_TX_WAKE_CLAIM_SENT
DBG_DWM_CH5_RX_HUNT_START acq=3 complete=15 cap=125
DBG_DWM_CH5_RX_HUNT_EMPTY ret=-116 status=0x00000000 acq=3
DBG_UWB_TX_CH5
DBG_TX_WAKE_CLAIM_SENT
DBG_UWB_TX_CH5
DBG_TX_WAKE_CLAIM_SENT
DBG_UWB_TX_CH5
DBG_TX_WAKE_CLAIM_SENT
DBG_DWM_CH5_RX_HUNT_START acq=3 complete=15 cap=125
DBG_DWM_CH5_RX_HUNT_EMPTY ret=-116 status=0x00000000 acq=3
DBG_UWB_TX_CH5
DBG_TX_WAKE_CLAIM_SENT
DBG_UWB_TX_CH5
DBG_TX_WAKE_CLAIM_SENT
DBG_UWB_TX_CH5
DBG_TX_WAKE_CLAIM_SENT
DBG_DWM_CH5_RX_HUNT_START acq=3 complete=15 cap=125
DBG_DWM_CH5_RX_HUNT_EMPTY ret=-116 status=0x00000000 acq=3
DBG_UWB_TX_CH5
DBG_TX_WAKE_CLAIM_SENT
DBG_ANCHOR_CH5_SCAN_HANDLER role=2
DBG_UWB_TX_CH5
DBG_TX_WAKE_CLAIM_SENT
DBG_ANCHOR_CH5_SCAN_BLOCKED win=0 survey=0 tx=0 retry_gap=0 wait=0 rx=0 rxq=0 rxr=0 ack=0 ch9=0 rf=1 retry=20 interval=380
DBG_ANCHOR_CH5_SCAN_RESCHED ret=1 delay=20
DBG_UWB_TX_CH5
DBG_TX_WAKE_CLAIM_SENT
DBG_DWM_CH5_RX_HUNT_START acq=3 complete=15 cap=125
DBG_DWM_CH5_RX_HUNT_EMPTY ret=-116 status=0x00000000 acq=3
DBG_UWB_TX_CH5
DBG_TX_WAKE_CLAIM_SENT
DBG_ANCHOR_CH5_SCAN_HANDLER role=2
DBG_UWB_TX_CH5
DBG_TX_WAKE_CLAIM_SENT
DBG_ANCHOR_CH5_SCAN_BLOCKED win=0 survey=0 tx=0 retry_gap=0 wait=0 rx=0 rxq=0 rxr=0 ack=0 ch9=0 rf=1 retry=20 interval=380
DBG_ANCHOR_CH5_SCAN_RESCHED ret=1 delay=20
DBG_UWB_TX_CH5
DBG_TX_WAKE_CLAIM_SENT
DBG_DWM_CH5_RX_HUNT_START acq=3 complete=15 cap=125
DBG_DWM_CH5_RX_HUNT_EMPTY ret=-116 status=0x00000000 acq=3
DBG_UWB_TX_CH5
DBG_TX_WAKE_CLAIM_SENT
DBG_ANCHOR_CH5_SCAN_HANDLER role=2
DBG_UWB_TX_CH5
DBG_TX_WAKE_CLAIM_SENT
DBG_ANCHOR_CH5_SCAN_BLOCKED win=0 survey=0 tx=0 retry_gap=0 wait=0 rx=0 rxq=0 rxr=0 ack=0 ch9=0 rf=1 retry=20 interval=380
DBG_ANCHOR_CH5_SCAN_RESCHED ret=1 delay=20
DBG_UWB_TX_CH5
DBG_TX_WAKE_CLAIM_SENT
DBG_DWM_CH5_RX_HUNT_START acq=3 complete=15 cap=125
DBG_DWM_CH5_RX_HUNT_EMPTY ret=-116 status=0x00000000 acq=3
DBG_UWB_TX_CH5
DBG_TX_WAKE_CLAIM_SENT
DBG_ANCHOR_CH5_SCAN_HANDLER role=2
DBG_UWB_TX_CH5
DBG_TX_WAKE_CLAIM_SENT
DBG_ANCHOR_CH5_SCAN_BLOCKED win=0 survey=0 tx=0 retry_gap=0 wait=0 rx=0 rxq=0 rxr=0 ack=0 ch9=0 rf=1 retry=20 interval=380
DBG_ANCHOR_CH5_SCAN_RESCHED ret=1 delay=20
DBG_UWB_TX_CH5
DBG_TX_WAKE_CLAIM_SENT
DBG_DWM_CH5_RX_HUNT_START acq=3 complete=15 cap=125
DBG_DWM_CH5_RX_HUNT_EMPTY ret=-116 status=0x00000000 acq=3
DBG_UWB_TX_CH5
DBG_TX_WAKE_CLAIM_SENT
DBG_ANCHOR_CH5_SCAN_HANDLER role=2
DBG_UWB_TX_CH5
DBG_TX_WAKE_CLAIM_SENT
DBG_ANCHOR_CH5_SCAN_BLOCKED win=0 survey=0 tx=0 retry_gap=0 wait=0 rx=0 rxq=0 rxr=0 ack=0 ch9=0 rf=1 retry=20 interval=380
DBG_ANCHOR_CH5_SCAN_RESCHED ret=1 delay=20
DBG_UWB_TX_CH5
DBG_TX_WAKE_CLAIM_SENT
DBG_DWM_CH5_RX_HUNT_START acq=3 complete=15 cap=125
DBG_DWM_CH5_RX_HUNT_EMPTY ret=-116 status=0x00000000 acq=3
DBG_UWB_TX_CH5
DBG_TX_WAKE_CLAIM_SENT
DBG_ANCHOR_CH5_SCAN_HANDLER role=2
DBG_UWB_TX_CH5
DBG_TX_WAKE_CLAIM_SENT
DBG_ANCHOR_CH5_SCAN_BLOCKED win=0 survey=0 tx=0 retry_gap=0 wait=0 rx=0 rxq=0 rxr=0 ack=0 ch9=0 rf=1 retry=20 interval=380
DBG_ANCHOR_CH5_SCAN_RESCHED ret=1 delay=20
DBG_UWB_TX_CH5
DBG_TX_WAKE_CLAIM_SENT
DBG_DWM_CH5_RX_HUNT_START acq=3 complete=15 cap=125
DBG_DWM_CH5_RX_HUNT_EMPTY ret=-116 status=0x00000000 acq=3
DBG_UWB_TX_CH5
DBG_TX_WAKE_CLAIM_SENT
DBG_ANCHOR_CH5_SCAN_HANDLER role=2
DBG_UWB_TX_CH5
DBG_TX_WAKE_CLAIM_SENT
DBG_ANCHOR_CH5_SCAN_BLOCKED win=0 survey=0 tx=0 retry_gap=0 wait=0 rx=0 rxq=0 rxr=0 ack=0 ch9=0 rf=1 retry=20 interval=380
DBG_ANCHOR_CH5_SCAN_RESCHED ret=1 delay=20
DBG_UWB_TX_CH5
DBG_TX_WAKE_CLAIM_SENT
DBG_DWM_CH5_RX_HUNT_START acq=3 complete=15 cap=125
DBG_DWM_CH5_RX_HUNT_EMPTY ret=-116 status=0x00000000 acq=3
DBG_UWB_TX_CH5
DBG_TX_WAKE_CLAIM_SENT
DBG_ANCHOR_CH5_SCAN_HANDLER role=2
DBG_UWB_TX_CH5
DBG_TX_WAKE_CLAIM_SENT
DBG_ANCHOR_CH5_SCAN_BLOCKED win=0 survey=0 tx=0 retry_gap=0 wait=0 rx=0 rxq=0 rxr=0 ack=0 ch9=0 rf=1 retry=20 interval=380
DBG_ANCHOR_CH5_SCAN_RESCHED ret=1 delay=20
DBG_UWB_TX_CH5
DBG_TX_WAKE_CLAIM_SENT
DBG_DWM_CH5_RX_HUNT_START acq=3 complete=15 cap=125
DBG_DWM_CH5_RX_HUNT_EMPTY ret=-116 status=0x00000000 acq=3
DBG_UWB_TX_CH5
DBG_TX_WAKE_CLAIM_SENT
DBG_ANCHOR_CH5_SCAN_HANDLER role=2
DBG_UWB_TX_CH5
DBG_TX_WAKE_CLAIM_SENT
DBG_ANCHOR_CH5_SCAN_BLOCKED win=0 survey=0 tx=0 retry_gap=0 wait=0 rx=0 rxq=0 rxr=0 ack=0 ch9=0 rf=1 retry=20 interval=380
DBG_ANCHOR_CH5_SCAN_RESCHED ret=1 delay=20
DBG_UWB_TX_CH5
DBG_TX_WAKE_CLAIM_SENT
DBG_DWM_CH5_RX_HUNT_START acq=3 complete=15 cap=125
DBG_DWM_CH5_RX_HUNT_EMPTY ret=-116 status=0x00000000 acq=3
DBG_UWB_TX_CH5
DBG_TX_WAKE_CLAIM_SENT
DBG_ANCHOR_CH5_SCAN_HANDLER role=2
DBG_ANCHOR_CH5_SCAN_BLOCKED win=0 survey=0 tx=0 retry_gap=0 wait=0 rx=0 rxq=0 rxr=0 ack=0 ch9=0 rf=1 retry=20 interval=380
DBG_ANCHOR_CH5_SCAN_RESCHED ret=1 delay=20
DBG_ANCHOR_CH5_SCAN_HANDLER role=2
DBG_ANCHOR_CH5_SCAN_BLOCKED win=0 survey=0 tx=0 retry_gap=0 wait=0 rx=0 rxq=0 rxr=0 ack=0 ch9=0 rf=1 retry=20 interval=380
DBG_ANCHOR_CH5_SCAN_RESCHED ret=1 delay=20
DBG_ROUTE_REQ_REBROADCAST_TURNAROUND delay=40
DBG_ANCHOR_CH5_SCAN_HANDLER role=2
DBG_DWM_CH5_RX_HUNT_START acq=3 complete=15 cap=1021
DBG_DWM_CH5_RX_HUNT_EMPTY ret=-116 status=0x00000000 acq=3
DBG_ANCHOR_CH5_SCAN_RESCHED ret=1 delay=380
DBG_DWM_WAKE_MESH_CTRL_OK sfd=4073
DBG_C5_TX_CONFIG ret=0 ext=1 len=168 msg=35 reason=route-request-rebroadcast-control
DBG_UWB_TX_CH5
DBG_ROUTE_REQ_REBROADCAST_TX ret=0 seq=4 ttl=3
DBG_C5_CONTACT phase=closing state=4 peer=0x708bc0aab970300e purpose=route_solicit reason=replace
DBG_C5_CONTACT phase=open state=2 peer=0x9999888877776666 purpose=route_solicit reason=route-request-rebroadcast
DBG_C5_CONTACT phase=accepted state=2 peer=0x9999888877776666 purpose=route_solicit reason=route-request-rebroadcast
DBG_C5_CONTACT phase=exchange state=3 peer=0x9999888877776666 purpose=route_solicit reason=route-request-rebroadcast
DBG_ROUTE_REPLY_LISTEN_START
DBG_DWM_WAKE_MESH_CTRL_OK sfd=4073
DBG_ROUTE_REPLY_LISTEN_CONFIG ret=0 ext=1
DBG_ANCHOR_CH5_SCAN_HANDLER role=2
DBG_ANCHOR_CH5_SCAN_BLOCKED win=0 survey=0 tx=0 retry_gap=0 wait=0 rx=0 rxq=0 rxr=0 ack=0 ch9=0 rf=1 retry=20 interval=380
DBG_ANCHOR_CH5_SCAN_RESCHED ret=1 delay=20
DBG_ANCHOR_CH5_SCAN_HANDLER role=2
DBG_ANCHOR_CH5_SCAN_BLOCKED win=0 survey=0 tx=0 retry_gap=0 wait=0 rx=0 rxq=0 rxr=0 ack=0 ch9=0 rf=1 retry=20 interval=380
DBG_ANCHOR_CH5_SCAN_RESCHED ret=1 delay=20
DBG_ANCHOR_CH5_SCAN_HANDLER role=2
DBG_ANCHOR_CH5_SCAN_BLOCKED win=0 survey=0 tx=0 retry_gap=0 wait=0 rx=0 rxq=0 rxr=0 ack=0 ch9=0 rf=1 retry=20 interval=380
DBG_ANCHOR_CH5_SCAN_RESCHED ret=1 delay=20
DBG_ANCHOR_CH5_SCAN_HANDLER role=2
DBG_ANCHOR_CH5_SCAN_BLOCKED win=0 survey=0 tx=0 retry_gap=0 wait=0 rx=0 rxq=0 rxr=0 ack=0 ch9=0 rf=1 retry=20 interval=380
DBG_ANCHOR_CH5_SCAN_RESCHED ret=1 delay=20
DBG_ANCHOR_CH5_SCAN_HANDLER role=2
DBG_ANCHOR_CH5_SCAN_BLOCKED win=0 survey=0 tx=0 retry_gap=0 wait=0 rx=0 rxq=0 rxr=0 ack=0 ch9=0 rf=1 retry=20 interval=380
DBG_ANCHOR_CH5_SCAN_RESCHED ret=1 delay=20
DBG_ANCHOR_CH5_SCAN_HANDLER role=2
DBG_ANCHOR_CH5_SCAN_BLOCKED win=0 survey=0 tx=0 retry_gap=0 wait=0 rx=0 rxq=0 rxr=0 ack=0 ch9=0 rf=1 retry=20 interval=380
DBG_ANCHOR_CH5_SCAN_RESCHED ret=1 delay=20
DBG_ANCHOR_CH5_SCAN_HANDLER role=2
DBG_ANCHOR_CH5_SCAN_BLOCKED win=0 survey=0 tx=0 retry_gap=0 wait=0 rx=0 rxq=0 rxr=0 ack=0 ch9=0 rf=1 retry=20 interval=380
DBG_ANCHOR_CH5_SCAN_RESCHED ret=1 delay=20
DBG_ANCHOR_CH5_SCAN_HANDLER role=2
DBG_ANCHOR_CH5_SCAN_BLOCKED win=0 survey=0 tx=0 retry_gap=0 wait=0 rx=0 rxq=0 rxr=0 ack=0 ch9=0 rf=1 retry=20 interval=380
DBG_ANCHOR_CH5_SCAN_RESCHED ret=1 delay=20
DBG_ANCHOR_CH5_SCAN_HANDLER role=2
DBG_ANCHOR_CH5_SCAN_BLOCKED win=0 survey=0 tx=0 retry_gap=0 wait=0 rx=0 rxq=0 rxr=0 ack=0 ch9=0 rf=1 retry=20 interval=380
DBG_ANCHOR_CH5_SCAN_RESCHED ret=1 delay=20
DBG_ANCHOR_CH5_SCAN_HANDLER role=2
DBG_ANCHOR_CH5_SCAN_BLOCKED win=0 survey=0 tx=0 retry_gap=0 wait=0 rx=0 rxq=0 rxr=0 ack=0 ch9=0 rf=1 retry=20 interval=380
DBG_ANCHOR_CH5_SCAN_RESCHED ret=1 delay=20
DBG_ANCHOR_CH5_SCAN_HANDLER role=2
DBG_ANCHOR_CH5_SCAN_BLOCKED win=0 survey=0 tx=0 retry_gap=0 wait=0 rx=0 rxq=0 rxr=0 ack=0 ch9=0 rf=1 retry=20 interval=380
DBG_ANCHOR_CH5_SCAN_RESCHED ret=1 delay=20
DBG_ANCHOR_CH5_SCAN_HANDLER role=2
DBG_ANCHOR_CH5_SCAN_BLOCKED win=0 survey=0 tx=0 retry_gap=0 wait=0 rx=0 rxq=0 rxr=0 ack=0 ch9=0 rf=1 retry=20 interval=380
DBG_ANCHOR_CH5_SCAN_RESCHED ret=1 delay=20
DBG_ANCHOR_CH5_SCAN_HANDLER role=2
DBG_ANCHOR_CH5_SCAN_BLOCKED win=0 survey=0 tx=0 retry_gap=0 wait=0 rx=0 rxq=0 rxr=0 ack=0 ch9=0 rf=1 retry=20 interval=380
DBG_ANCHOR_CH5_SCAN_RESCHED ret=1 delay=20
DBG_ANCHOR_CH5_SCAN_HANDLER role=2
DBG_ANCHOR_CH5_SCAN_BLOCKED win=0 survey=0 tx=0 retry_gap=0 wait=0 rx=0 rxq=0 rxr=0 ack=0 ch9=0 rf=1 retry=20 interval=380
DBG_ANCHOR_CH5_SCAN_RESCHED ret=1 delay=20
DBG_ANCHOR_CH5_SCAN_HANDLER role=2
DBG_ANCHOR_CH5_SCAN_BLOCKED win=0 survey=0 tx=0 retry_gap=0 wait=0 rx=0 rxq=0 rxr=0 ack=0 ch9=0 rf=1 retry=20 interval=380
DBG_ANCHOR_CH5_SCAN_RESCHED ret=1 delay=20
DBG_ANCHOR_CH5_SCAN_HANDLER role=2
DBG_ANCHOR_CH5_SCAN_BLOCKED win=0 survey=0 tx=0 retry_gap=0 wait=0 rx=0 rxq=0 rxr=0 ack=0 ch9=0 rf=1 retry=20 interval=380
DBG_ANCHOR_CH5_SCAN_RESCHED ret=1 delay=20
DBG_ANCHOR_CH5_SCAN_HANDLER role=2
DBG_ANCHOR_CH5_SCAN_BLOCKED win=0 survey=0 tx=0 retry_gap=0 wait=0 rx=0 rxq=0 rxr=0 ack=0 ch9=0 rf=1 retry=20 interval=380
DBG_ANCHOR_CH5_SCAN_RESCHED ret=1 delay=20
DBG_ANCHOR_CH5_SCAN_HANDLER role=2
DBG_ANCHOR_CH5_SCAN_BLOCKED win=0 survey=0 tx=0 retry_gap=0 wait=0 rx=0 rxq=0 rxr=0 ack=0 ch9=0 rf=1 retry=20 interval=380
DBG_ANCHOR_CH5_SCAN_RESCHED ret=1 delay=20
DBG_ANCHOR_CH5_SCAN_HANDLER role=2
DBG_ANCHOR_CH5_SCAN_BLOCKED win=0 survey=0 tx=0 retry_gap=0 wait=0 rx=0 rxq=0 rxr=0 ack=0 ch9=0 rf=1 retry=20 interval=380
DBG_ANCHOR_CH5_SCAN_RESCHED ret=1 delay=20
DBG_ANCHOR_CH5_SCAN_HANDLER role=2
DBG_ANCHOR_CH5_SCAN_BLOCKED win=0 survey=0 tx=0 retry_gap=0 wait=0 rx=0 rxq=0 rxr=0 ack=0 ch9=0 rf=1 retry=20 interval=380
DBG_ANCHOR_CH5_SCAN_RESCHED ret=1 delay=20
DBG_ANCHOR_CH5_SCAN_HANDLER role=2
DBG_ANCHOR_CH5_SCAN_BLOCKED win=0 survey=0 tx=0 retry_gap=0 wait=0 rx=0 rxq=0 rxr=0 ack=0 ch9=0 rf=1 retry=20 interval=380
DBG_ANCHOR_CH5_SCAN_RESCHED ret=1 delay=20
DBG_ANCHOR_CH5_SCAN_HANDLER role=2
DBG_ANCHOR_CH5_SCAN_BLOCKED win=0 survey=0 tx=0 retry_gap=0 wait=0 rx=0 rxq=0 rxr=0 ack=0 ch9=0 rf=1 retry=20 interval=380
DBG_ANCHOR_CH5_SCAN_RESCHED ret=1 delay=20
DBG_ANCHOR_CH5_SCAN_HANDLER role=2
DBG_ANCHOR_CH5_SCAN_BLOCKED win=0 survey=0 tx=0 retry_gap=0 wait=0 rx=0 rxq=0 rxr=0 ack=0 ch9=0 rf=1 retry=20 interval=380
DBG_ANCHOR_CH5_SCAN_RESCHED ret=1 delay=20
DBG_ANCHOR_CH5_SCAN_HANDLER role=2
DBG_ANCHOR_CH5_SCAN_BLOCKED win=0 survey=0 tx=0 retry_gap=0 wait=0 rx=0 rxq=0 rxr=0 ack=0 ch9=0 rf=1 retry=20 interval=380
DBG_ANCHOR_CH5_SCAN_RESCHED ret=1 delay=20
DBG_ANCHOR_CH5_SCAN_HANDLER role=2
DBG_ANCHOR_CH5_SCAN_BLOCKED win=0 survey=0 tx=0 retry_gap=0 wait=0 rx=0 rxq=0 rxr=0 ack=0 ch9=0 rf=1 retry=20 interval=380
DBG_ANCHOR_CH5_SCAN_RESCHED ret=1 delay=20
DBG_ANCHOR_CH5_SCAN_HANDLER role=2
DBG_ANCHOR_CH5_SCAN_BLOCKED win=0 survey=0 tx=0 retry_gap=0 wait=0 rx=0 rxq=0 rxr=0 ack=0 ch9=0 rf=1 retry=20 interval=380
DBG_ANCHOR_CH5_SCAN_RESCHED ret=1 delay=20
DBG_ANCHOR_CH5_SCAN_HANDLER role=2
DBG_ANCHOR_CH5_SCAN_BLOCKED win=0 survey=0 tx=0 retry_gap=0 wait=0 rx=0 rxq=0 rxr=0 ack=0 ch9=0 rf=1 retry=20 interval=380
DBG_ANCHOR_CH5_SCAN_RESCHED ret=1 delay=20
DBG_ANCHOR_CH5_SCAN_HANDLER role=2
DBG_ANCHOR_CH5_SCAN_BLOCKED win=0 survey=0 tx=0 retry_gap=0 wait=0 rx=0 rxq=0 rxr=0 ack=0 ch9=0 rf=1 retry=20 interval=380
DBG_ANCHOR_CH5_SCAN_RESCHED ret=1 delay=20
DBG_ANCHOR_CH5_SCAN_HANDLER role=2
DBG_ANCHOR_CH5_SCAN_BLOCKED win=0 survey=0 tx=0 retry_gap=0 wait=0 rx=0 rxq=0 rxr=0 ack=0 ch9=0 rf=1 retry=20 interval=380
DBG_ANCHOR_CH5_SCAN_RESCHED ret=1 delay=20
DBG_ANCHOR_CH5_SCAN_HANDLER role=2
DBG_ANCHOR_CH5_SCAN_BLOCKED win=0 survey=0 tx=0 retry_gap=0 wait=0 rx=0 rxq=0 rxr=0 ack=0 ch9=0 rf=1 retry=20 interval=380
DBG_ANCHOR_CH5_SCAN_RESCHED ret=1 delay=20
DBG_ANCHOR_CH5_SCAN_HANDLER role=2
DBG_ANCHOR_CH5_SCAN_BLOCKED win=0 survey=0 tx=0 retry_gap=0 wait=0 rx=0 rxq=0 rxr=0 ack=0 ch9=0 rf=1 retry=20 interval=380
DBG_ANCHOR_CH5_SCAN_RESCHED ret=1 delay=20
DBG_ANCHOR_CH5_SCAN_HANDLER role=2
DBG_ANCHOR_CH5_SCAN_BLOCKED win=0 survey=0 tx=0 retry_gap=0 wait=0 rx=0 rxq=0 rxr=0 ack=0 ch9=0 rf=1 retry=20 interval=380
DBG_ANCHOR_CH5_SCAN_RESCHED ret=1 delay=20
DBG_ANCHOR_CH5_SCAN_HANDLER role=2
DBG_ANCHOR_CH5_SCAN_BLOCKED win=0 survey=0 tx=0 retry_gap=0 wait=0 rx=0 rxq=0 rxr=0 ack=0 ch9=0 rf=1 retry=20 interval=380
DBG_ANCHOR_CH5_SCAN_RESCHED ret=1 delay=20
DBG_ANCHOR_CH5_SCAN_HANDLER role=2
DBG_ANCHOR_CH5_SCAN_BLOCKED win=0 survey=0 tx=0 retry_gap=0 wait=0 rx=0 rxq=0 rxr=0 ack=0 ch9=0 rf=1 retry=20 interval=380
DBG_ANCHOR_CH5_SCAN_RESCHED ret=1 delay=20
DBG_ANCHOR_CH5_SCAN_HANDLER role=2
DBG_ANCHOR_CH5_SCAN_BLOCKED win=0 survey=0 tx=0 retry_gap=0 wait=0 rx=0 rxq=0 rxr=0 ack=0 ch9=0 rf=1 retry=20 interval=380
DBG_ANCHOR_CH5_SCAN_RESCHED ret=1 delay=20
DBG_ANCHOR_CH5_SCAN_HANDLER role=2
DBG_ANCHOR_CH5_SCAN_BLOCKED win=0 survey=0 tx=0 retry_gap=0 wait=0 rx=0 rxq=0 rxr=0 ack=0 ch9=0 rf=1 retry=20 interval=380
DBG_ANCHOR_CH5_SCAN_RESCHED ret=1 delay=20
DBG_ANCHOR_CH5_SCAN_HANDLER role=2
DBG_ANCHOR_CH5_SCAN_BLOCKED win=0 survey=0 tx=0 retry_gap=0 wait=0 rx=0 rxq=0 rxr=0 ack=0 ch9=0 rf=1 retry=20 interval=380
DBG_ANCHOR_CH5_SCAN_RESCHED ret=1 delay=20
DBG_ANCHOR_CH5_SCAN_HANDLER role=2
DBG_ANCHOR_CH5_SCAN_BLOCKED win=0 survey=0 tx=0 retry_gap=0 wait=0 rx=0 rxq=0 rxr=0 ack=0 ch9=0 rf=1 retry=20 interval=380
DBG_ANCHOR_CH5_SCAN_RESCHED ret=1 delay=20
DBG_ANCHOR_CH5_SCAN_HANDLER role=2
DBG_ANCHOR_CH5_SCAN_BLOCKED win=0 survey=0 tx=0 retry_gap=0 wait=0 rx=0 rxq=0 rxr=0 ack=0 ch9=0 rf=1 retry=20 interval=380
DBG_ANCHOR_CH5_SCAN_RESCHED ret=1 delay=20
DBG_ANCHOR_CH5_SCAN_HANDLER role=2
DBG_ANCHOR_CH5_SCAN_BLOCKED win=0 survey=0 tx=0 retry_gap=0 wait=0 rx=0 rxq=0 rxr=0 ack=0 ch9=0 rf=1 retry=20 interval=380
DBG_ANCHOR_CH5_SCAN_RESCHED ret=1 delay=20
DBG_ANCHOR_CH5_SCAN_HANDLER role=2
DBG_ANCHOR_CH5_SCAN_BLOCKED win=0 survey=0 tx=0 retry_gap=0 wait=0 rx=0 rxq=0 rxr=0 ack=0 ch9=0 rf=1 retry=20 interval=380
DBG_ANCHOR_CH5_SCAN_RESCHED ret=1 delay=20
DBG_ANCHOR_CH5_SCAN_HANDLER role=2
DBG_ANCHOR_CH5_SCAN_BLOCKED win=0 survey=0 tx=0 retry_gap=0 wait=0 rx=0 rxq=0 rxr=0 ack=0 ch9=0 rf=1 retry=20 interval=380
DBG_ANCHOR_CH5_SCAN_RESCHED ret=1 delay=20
DBG_ANCHOR_CH5_SCAN_HANDLER role=2
DBG_ANCHOR_CH5_SCAN_BLOCKED win=0 survey=0 tx=0 retry_gap=0 wait=0 rx=0 rxq=0 rxr=0 ack=0 ch9=0 rf=1 retry=20 interval=380
DBG_ANCHOR_CH5_SCAN_RESCHED ret=1 delay=20
DBG_ANCHOR_CH5_SCAN_HANDLER role=2
DBG_ANCHOR_CH5_SCAN_BLOCKED win=0 survey=0 tx=0 retry_gap=0 wait=0 rx=0 rxq=0 rxr=0 ack=0 ch9=0 rf=1 retry=20 interval=380
DBG_ANCHOR_CH5_SCAN_RESCHED ret=1 delay=20
DBG_ANCHOR_CH5_SCAN_HANDLER role=2
DBG_ANCHOR_CH5_SCAN_BLOCKED win=0 survey=0 tx=0 retry_gap=0 wait=0 rx=0 rxq=0 rxr=0 ack=0 ch9=0 rf=1 retry=20 interval=380
DBG_ANCHOR_CH5_SCAN_RESCHED ret=1 delay=20
DBG_ANCHOR_CH5_SCAN_HANDLER role=2
DBG_ANCHOR_CH5_SCAN_BLOCKED win=0 survey=0 tx=0 retry_gap=0 wait=0 rx=0 rxq=0 rxr=0 ack=0 ch9=0 rf=1 retry=20 interval=380
DBG_ANCHOR_CH5_SCAN_RESCHED ret=1 delay=20
DBG_ANCHOR_CH5_SCAN_HANDLER role=2
DBG_ANCHOR_CH5_SCAN_BLOCKED win=0 survey=0 tx=0 retry_gap=0 wait=0 rx=0 rxq=0 rxr=0 ack=0 ch9=0 rf=1 retry=20 interval=380
DBG_ANCHOR_CH5_SCAN_RESCHED ret=1 delay=20
DBG_ANCHOR_CH5_SCAN_HANDLER role=2
DBG_ANCHOR_CH5_SCAN_BLOCKED win=0 survey=0 tx=0 retry_gap=0 wait=0 rx=0 rxq=0 rxr=0 ack=0 ch9=0 rf=1 retry=20 interval=380
DBG_ANCHOR_CH5_SCAN_RESCHED ret=1 delay=20
DBG_ANCHOR_CH5_SCAN_HANDLER role=2
DBG_ANCHOR_CH5_SCAN_BLOCKED win=0 survey=0 tx=0 retry_gap=0 wait=0 rx=0 rxq=0 rxr=0 ack=0 ch9=0 rf=1 retry=20 interval=380
DBG_ANCHOR_CH5_SCAN_RESCHED ret=1 delay=20
DBG_ANCHOR_CH5_SCAN_HANDLER role=2
DBG_ANCHOR_CH5_SCAN_BLOCKED win=0 survey=0 tx=0 retry_gap=0 wait=0 rx=0 rxq=0 rxr=0 ack=0 ch9=0 rf=1 retry=20 interval=380
DBG_ANCHOR_CH5_SCAN_RESCHED ret=1 delay=20
DBG_ANCHOR_CH5_SCAN_HANDLER role=2
DBG_ANCHOR_CH5_SCAN_BLOCKED win=0 survey=0 tx=0 retry_gap=0 wait=0 rx=0 rxq=0 rxr=0 ack=0 ch9=0 rf=1 retry=20 interval=380
DBG_ANCHOR_CH5_SCAN_RESCHED ret=1 delay=20
DBG_ANCHOR_CH5_SCAN_HANDLER role=2
DBG_ANCHOR_CH5_SCAN_BLOCKED win=0 survey=0 tx=0 retry_gap=0 wait=0 rx=0 rxq=0 rxr=0 ack=0 ch9=0 rf=1 retry=20 interval=380
DBG_ANCHOR_CH5_SCAN_RESCHED ret=1 delay=20
DBG_ANCHOR_CH5_SCAN_HANDLER role=2
DBG_ANCHOR_CH5_SCAN_BLOCKED win=0 survey=0 tx=0 retry_gap=0 wait=0 rx=0 rxq=0 rxr=0 ack=0 ch9=0 rf=1 retry=20 interval=380
DBG_ANCHOR_CH5_SCAN_RESCHED ret=1 delay=20
DBG_ANCHOR_CH5_SCAN_HANDLER role=2
DBG_ANCHOR_CH5_SCAN_BLOCKED win=0 survey=0 tx=0 retry_gap=0 wait=0 rx=0 rxq=0 rxr=0 ack=0 ch9=0 rf=1 retry=20 interval=380
DBG_ANCHOR_CH5_SCAN_RESCHED ret=1 delay=20
DBG_ANCHOR_CH5_SCAN_HANDLER role=2
DBG_ANCHOR_CH5_SCAN_BLOCKED win=0 survey=0 tx=0 retry_gap=0 wait=0 rx=0 rxq=0 rxr=0 ack=0 ch9=0 rf=1 retry=20 interval=380
DBG_ANCHOR_CH5_SCAN_RESCHED ret=1 delay=20
DBG_ANCHOR_CH5_SCAN_HANDLER role=2
DBG_ANCHOR_CH5_SCAN_BLOCKED win=0 survey=0 tx=0 retry_gap=0 wait=0 rx=0 rxq=0 rxr=0 ack=0 ch9=0 rf=1 retry=20 interval=380
DBG_ANCHOR_CH5_SCAN_RESCHED ret=1 delay=20
DBG_ANCHOR_CH5_SCAN_HANDLER role=2
DBG_ANCHOR_CH5_SCAN_BLOCKED win=0 survey=0 tx=0 retry_gap=0 wait=0 rx=0 rxq=0 rxr=0 ack=0 ch9=0 rf=1 retry=20 interval=380
DBG_ANCHOR_CH5_SCAN_RESCHED ret=1 delay=20
DBG_ANCHOR_CH5_SCAN_HANDLER role=2
DBG_ANCHOR_CH5_SCAN_BLOCKED win=0 survey=0 tx=0 retry_gap=0 wait=0 rx=0 rxq=0 rxr=0 ack=0 ch9=0 rf=1 retry=20 interval=380
DBG_ANCHOR_CH5_SCAN_RESCHED ret=1 delay=20
DBG_ANCHOR_CH5_SCAN_HANDLER role=2
DBG_ANCHOR_CH5_SCAN_BLOCKED win=0 survey=0 tx=0 retry_gap=0 wait=0 rx=0 rxq=0 rxr=0 ack=0 ch9=0 rf=1 retry=20 interval=380
DBG_ANCHOR_CH5_SCAN_RESCHED ret=1 delay=20
DBG_ANCHOR_CH5_SCAN_HANDLER role=2
DBG_ANCHOR_CH5_SCAN_BLOCKED win=0 survey=0 tx=0 retry_gap=0 wait=0 rx=0 rxq=0 rxr=0 ack=0 ch9=0 rf=1 retry=20 interval=380
DBG_ANCHOR_CH5_SCAN_RESCHED ret=1 delay=20
DBG_ANCHOR_CH5_SCAN_HANDLER role=2
DBG_ANCHOR_CH5_SCAN_BLOCKED win=0 survey=0 tx=0 retry_gap=0 wait=0 rx=0 rxq=0 rxr=0 ack=0 ch9=0 rf=1 retry=20 interval=380
DBG_ANCHOR_CH5_SCAN_RESCHED ret=1 delay=20
DBG_ANCHOR_CH5_SCAN_HANDLER role=2
DBG_ANCHOR_CH5_SCAN_BLOCKED win=0 survey=0 tx=0 retry_gap=0 wait=0 rx=0 rxq=0 rxr=0 ack=0 ch9=0 rf=1 retry=20 interval=380
DBG_ANCHOR_CH5_SCAN_RESCHED ret=1 delay=20
DBG_ANCHOR_CH5_SCAN_HANDLER role=2
DBG_ANCHOR_CH5_SCAN_BLOCKED win=0 survey=0 tx=0 retry_gap=0 wait=0 rx=0 rxq=0 rxr=0 ack=0 ch9=0 rf=1 retry=20 interval=380
DBG_ANCHOR_CH5_SCAN_RESCHED ret=1 delay=20
DBG_ANCHOR_CH5_SCAN_HANDLER role=2
DBG_ANCHOR_CH5_SCAN_BLOCKED win=0 survey=0 tx=0 retry_gap=0 wait=0 rx=0 rxq=0 rxr=0 ack=0 ch9=0 rf=1 retry=20 interval=380
DBG_ANCHOR_CH5_SCAN_RESCHED ret=1 delay=20
DBG_ANCHOR_CH5_SCAN_HANDLER role=2
DBG_ANCHOR_CH5_SCAN_BLOCKED win=0 survey=0 tx=0 retry_gap=0 wait=0 rx=0 rxq=0 rxr=0 ack=0 ch9=0 rf=1 retry=20 interval=380
DBG_ANCHOR_CH5_SCAN_RESCHED ret=1 delay=20
DBG_ANCHOR_CH5_SCAN_HANDLER role=2
DBG_ANCHOR_CH5_SCAN_BLOCKED win=0 survey=0 tx=0 retry_gap=0 wait=0 rx=0 rxq=0 rxr=0 ack=0 ch9=0 rf=1 retry=20 interval=380
DBG_ANCHOR_CH5_SCAN_RESCHED ret=1 delay=20
DBG_ANCHOR_CH5_SCAN_HANDLER role=2
DBG_ANCHOR_CH5_SCAN_BLOCKED win=0 survey=0 tx=0 retry_gap=0 wait=0 rx=0 rxq=0 rxr=0 ack=0 ch9=0 rf=1 retry=20 interval=380
DBG_ANCHOR_CH5_SCAN_RESCHED ret=1 delay=20
DBG_ANCHOR_CH5_SCAN_HANDLER role=2
DBG_ANCHOR_CH5_SCAN_BLOCKED win=0 survey=0 tx=0 retry_gap=0 wait=0 rx=0 rxq=0 rxr=0 ack=0 ch9=0 rf=1 retry=20 interval=380
DBG_ANCHOR_CH5_SCAN_RESCHED ret=1 delay=20
DBG_ANCHOR_CH5_SCAN_HANDLER role=2
DBG_ANCHOR_CH5_SCAN_BLOCKED win=0 survey=0 tx=0 retry_gap=0 wait=0 rx=0 rxq=0 rxr=0 ack=0 ch9=0 rf=1 retry=20 interval=380
DBG_ANCHOR_CH5_SCAN_RESCHED ret=1 delay=20
DBG_ANCHOR_CH5_SCAN_HANDLER role=2
DBG_ANCHOR_CH5_SCAN_BLOCKED win=0 survey=0 tx=0 retry_gap=0 wait=0 rx=0 rxq=0 rxr=0 ack=0 ch9=0 rf=1 retry=20 interval=380
DBG_ANCHOR_CH5_SCAN_RESCHED ret=1 delay=20
DBG_ANCHOR_CH5_SCAN_HANDLER role=2
DBG_ANCHOR_CH5_SCAN_BLOCKED win=0 survey=0 tx=0 retry_gap=0 wait=0 rx=0 rxq=0 rxr=0 ack=0 ch9=0 rf=1 retry=20 interval=380
DBG_ANCHOR_CH5_SCAN_RESCHED ret=1 delay=20
DBG_ANCHOR_CH5_SCAN_HANDLER role=2
DBG_ANCHOR_CH5_SCAN_BLOCKED win=0 survey=0 tx=0 retry_gap=0 wait=0 rx=0 rxq=0 rxr=0 ack=0 ch9=0 rf=1 retry=20 interval=380
DBG_ANCHOR_CH5_SCAN_RESCHED ret=1 delay=20
DBG_ANCHOR_CH5_SCAN_HANDLER role=2
DBG_ANCHOR_CH5_SCAN_BLOCKED win=0 survey=0 tx=0 retry_gap=0 wait=0 rx=0 rxq=0 rxr=0 ack=0 ch9=0 rf=1 retry=20 interval=380
DBG_ANCHOR_CH5_SCAN_RESCHED ret=1 delay=20
DBG_ANCHOR_CH5_SCAN_HANDLER role=2
DBG_ANCHOR_CH5_SCAN_BLOCKED win=0 survey=0 tx=0 retry_gap=0 wait=0 rx=0 rxq=0 rxr=0 ack=0 ch9=0 rf=1 retry=20 interval=380
DBG_ANCHOR_CH5_SCAN_RESCHED ret=1 delay=20
DBG_ANCHOR_CH5_SCAN_HANDLER role=2
DBG_ANCHOR_CH5_SCAN_BLOCKED win=0 survey=0 tx=0 retry_gap=0 wait=0 rx=0 rxq=0 rxr=0 ack=0 ch9=0 rf=1 retry=20 interval=380
DBG_ANCHOR_CH5_SCAN_RESCHED ret=1 delay=20
DBG_ANCHOR_CH5_SCAN_HANDLER role=2
DBG_ANCHOR_CH5_SCAN_BLOCKED win=0 survey=0 tx=0 retry_gap=0 wait=0 rx=0 rxq=0 rxr=0 ack=0 ch9=0 rf=1 retry=20 interval=380
DBG_ANCHOR_CH5_SCAN_RESCHED ret=1 delay=20
DBG_ANCHOR_CH5_SCAN_HANDLER role=2
DBG_ANCHOR_CH5_SCAN_BLOCKED win=0 survey=0 tx=0 retry_gap=0 wait=0 rx=0 rxq=0 rxr=0 ack=0 ch9=0 rf=1 retry=20 interval=380
DBG_ANCHOR_CH5_SCAN_RESCHED ret=1 delay=20
DBG_ANCHOR_CH5_SCAN_HANDLER role=2
DBG_ANCHOR_CH5_SCAN_BLOCKED win=0 survey=0 tx=0 retry_gap=0 wait=0 rx=0 rxq=0 rxr=0 ack=0 ch9=0 rf=1 retry=20 interval=380
DBG_ANCHOR_CH5_SCAN_RESCHED ret=1 delay=20
DBG_ANCHOR_CH5_SCAN_HANDLER role=2
DBG_ANCHOR_CH5_SCAN_BLOCKED win=0 survey=0 tx=0 retry_gap=0 wait=0 rx=0 rxq=0 rxr=0 ack=0 ch9=0 rf=1 retry=20 interval=380
DBG_ANCHOR_CH5_SCAN_RESCHED ret=1 delay=20
DBG_ANCHOR_CH5_SCAN_HANDLER role=2
DBG_ANCHOR_CH5_SCAN_BLOCKED win=0 survey=0 tx=0 retry_gap=0 wait=0 rx=0 rxq=0 rxr=0 ack=0 ch9=0 rf=1 retry=20 interval=380
DBG_ANCHOR_CH5_SCAN_RESCHED ret=1 delay=20
DBG_ANCHOR_CH5_SCAN_HANDLER role=2
DBG_ANCHOR_CH5_SCAN_BLOCKED win=0 survey=0 tx=0 retry_gap=0 wait=0 rx=0 rxq=0 rxr=0 ack=0 ch9=0 rf=1 retry=20 interval=380
DBG_ANCHOR_CH5_SCAN_RESCHED ret=1 delay=20
DBG_ANCHOR_CH5_SCAN_HANDLER role=2
DBG_ANCHOR_CH5_SCAN_BLOCKED win=0 survey=0 tx=0 retry_gap=0 wait=0 rx=0 rxq=0 rxr=0 ack=0 ch9=0 rf=1 retry=20 interval=380
DBG_ANCHOR_CH5_SCAN_RESCHED ret=1 delay=20
DBG_ANCHOR_CH5_SCAN_HANDLER role=2
DBG_ANCHOR_CH5_SCAN_BLOCKED win=0 survey=0 tx=0 retry_gap=0 wait=0 rx=0 rxq=0 rxr=0 ack=0 ch9=0 rf=1 retry=20 interval=380
DBG_ANCHOR_CH5_SCAN_RESCHED ret=1 delay=20
DBG_ANCHOR_CH5_SCAN_HANDLER role=2
DBG_ANCHOR_CH5_SCAN_BLOCKED win=0 survey=0 tx=0 retry_gap=0 wait=0 rx=0 rxq=0 rxr=0 ack=0 ch9=0 rf=1 retry=20 interval=380
DBG_ANCHOR_CH5_SCAN_RESCHED ret=1 delay=20
DBG_ANCHOR_CH5_SCAN_HANDLER role=2
DBG_ANCHOR_CH5_SCAN_BLOCKED win=0 survey=0 tx=0 retry_gap=0 wait=0 rx=0 rxq=0 rxr=0 ack=0 ch9=0 rf=1 retry=20 interval=380
DBG_ANCHOR_CH5_SCAN_RESCHED ret=1 delay=20
DBG_ANCHOR_CH5_SCAN_HANDLER role=2
DBG_ANCHOR_CH5_SCAN_BLOCKED win=0 survey=0 tx=0 retry_gap=0 wait=0 rx=0 rxq=0 rxr=0 ack=0 ch9=0 rf=1 retry=20 interval=380
DBG_ANCHOR_CH5_SCAN_RESCHED ret=1 delay=20
DBG_ANCHOR_CH5_SCAN_HANDLER role=2
DBG_ANCHOR_CH5_SCAN_BLOCKED win=0 survey=0 tx=0 retry_gap=0 wait=0 rx=0 rxq=0 rxr=0 ack=0 ch9=0 rf=1 retry=20 interval=380
DBG_ANCHOR_CH5_SCAN_RESCHED ret=1 delay=20
DBG_ANCHOR_CH5_SCAN_HANDLER role=2
DBG_ANCHOR_CH5_SCAN_BLOCKED win=0 survey=0 tx=0 retry_gap=0 wait=0 rx=0 rxq=0 rxr=0 ack=0 ch9=0 rf=1 retry=20 interval=380
DBG_ANCHOR_CH5_SCAN_RESCHED ret=1 delay=20
DBG_ANCHOR_CH5_SCAN_HANDLER role=2
DBG_ANCHOR_CH5_SCAN_BLOCKED win=0 survey=0 tx=0 retry_gap=0 wait=0 rx=0 rxq=0 rxr=0 ack=0 ch9=0 rf=1 retry=20 interval=380
DBG_ANCHOR_CH5_SCAN_RESCHED ret=1 delay=20
DBG_ANCHOR_CH5_SCAN_HANDLER role=2
DBG_ANCHOR_CH5_SCAN_BLOCKED win=0 survey=0 tx=0 retry_gap=0 wait=0 rx=0 rxq=0 rxr=0 ack=0 ch9=0 rf=1 retry=20 interval=380
DBG_ANCHOR_CH5_SCAN_RESCHED ret=1 delay=20
DBG_ANCHOR_CH5_SCAN_HANDLER role=2
DBG_ANCHOR_CH5_SCAN_BLOCKED win=0 survey=0 tx=0 retry_gap=0 wait=0 rx=0 rxq=0 rxr=0 ack=0 ch9=0 rf=1 retry=20 interval=380
DBG_ANCHOR_CH5_SCAN_RESCHED ret=1 delay=20
DBG_ANCHOR_CH5_SCAN_HANDLER role=2
DBG_ANCHOR_CH5_SCAN_BLOCKED win=0 survey=0 tx=0 retry_gap=0 wait=0 rx=0 rxq=0 rxr=0 ack=0 ch9=0 rf=1 retry=20 interval=380
DBG_ANCHOR_CH5_SCAN_RESCHED ret=1 delay=20
DBG_ANCHOR_CH5_SCAN_HANDLER role=2
DBG_ANCHOR_CH5_SCAN_BLOCKED win=0 survey=0 tx=0 retry_gap=0 wait=0 rx=0 rxq=0 rxr=0 ack=0 ch9=0 rf=1 retry=20 interval=380
DBG_ANCHOR_CH5_SCAN_RESCHED ret=1 delay=20
DBG_ANCHOR_CH5_SCAN_HANDLER role=2
DBG_ANCHOR_CH5_SCAN_BLOCKED win=0 survey=0 tx=0 retry_gap=0 wait=0 rx=0 rxq=0 rxr=0 ack=0 ch9=0 rf=1 retry=20 interval=380
DBG_ANCHOR_CH5_SCAN_RESCHED ret=1 delay=20
DBG_ANCHOR_CH5_SCAN_HANDLER role=2
DBG_ANCHOR_CH5_SCAN_BLOCKED win=0 survey=0 tx=0 retry_gap=0 wait=0 rx=0 rxq=0 rxr=0 ack=0 ch9=0 rf=1 retry=20 interval=380
DBG_ANCHOR_CH5_SCAN_RESCHED ret=1 delay=20
DBG_ANCHOR_CH5_SCAN_HANDLER role=2
DBG_ANCHOR_CH5_SCAN_BLOCKED win=0 survey=0 tx=0 retry_gap=0 wait=0 rx=0 rxq=0 rxr=0 ack=0 ch9=0 rf=1 retry=20 interval=380
DBG_ANCHOR_CH5_SCAN_RESCHED ret=1 delay=20
DBG_ANCHOR_CH5_SCAN_HANDLER role=2
DBG_ANCHOR_CH5_SCAN_BLOCKED win=0 survey=0 tx=0 retry_gap=0 wait=0 rx=0 rxq=0 rxr=0 ack=0 ch9=0 rf=1 retry=20 interval=380
DBG_ANCHOR_CH5_SCAN_RESCHED ret=1 delay=20
DBG_ANCHOR_CH5_SCAN_HANDLER role=2
DBG_ANCHOR_CH5_SCAN_BLOCKED win=0 survey=0 tx=0 retry_gap=0 wait=0 rx=0 rxq=0 rxr=0 ack=0 ch9=0 rf=1 retry=20 interval=380
DBG_ANCHOR_CH5_SCAN_RESCHED ret=1 delay=20
DBG_ANCHOR_CH5_SCAN_HANDLER role=2
DBG_ANCHOR_CH5_SCAN_BLOCKED win=0 survey=0 tx=0 retry_gap=0 wait=0 rx=0 rxq=0 rxr=0 ack=0 ch9=0 rf=1 retry=20 interval=380
DBG_ANCHOR_CH5_SCAN_RESCHED ret=1 delay=20
DBG_ANCHOR_CH5_SCAN_HANDLER role=2
DBG_ANCHOR_CH5_SCAN_BLOCKED win=0 survey=0 tx=0 retry_gap=0 wait=0 rx=0 rxq=0 rxr=0 ack=0 ch9=0 rf=1 retry=20 interval=380
DBG_ANCHOR_CH5_SCAN_RESCHED ret=1 delay=20
DBG_ANCHOR_CH5_SCAN_HANDLER role=2
DBG_ANCHOR_CH5_SCAN_BLOCKED win=0 survey=0 tx=0 retry_gap=0 wait=0 rx=0 rxq=0 rxr=0 ack=0 ch9=0 rf=1 retry=20 interval=380
DBG_ANCHOR_CH5_SCAN_RESCHED ret=1 delay=20
DBG_ANCHOR_CH5_SCAN_HANDLER role=2
DBG_ANCHOR_CH5_SCAN_BLOCKED win=0 survey=0 tx=0 retry_gap=0 wait=0 rx=0 rxq=0 rxr=0 ack=0 ch9=0 rf=1 retry=20 interval=380
DBG_ANCHOR_CH5_SCAN_RESCHED ret=1 delay=20
DBG_ANCHOR_CH5_SCAN_HANDLER role=2
DBG_ANCHOR_CH5_SCAN_BLOCKED win=0 survey=0 tx=0 retry_gap=0 wait=0 rx=0 rxq=0 rxr=0 ack=0 ch9=0 rf=1 retry=20 interval=380
DBG_ANCHOR_CH5_SCAN_RESCHED ret=1 delay=20
DBG_ANCHOR_CH5_SCAN_HANDLER role=2
DBG_ANCHOR_CH5_SCAN_BLOCKED win=0 survey=0 tx=0 retry_gap=0 wait=0 rx=0 rxq=0 rxr=0 ack=0 ch9=0 rf=1 retry=20 interval=380
DBG_ANCHOR_CH5_SCAN_RESCHED ret=1 delay=20
DBG_ANCHOR_CH5_SCAN_HANDLER role=2
DBG_ANCHOR_CH5_SCAN_BLOCKED win=0 survey=0 tx=0 retry_gap=0 wait=0 rx=0 rxq=0 rxr=0 ack=0 ch9=0 rf=1 retry=20 interval=380
DBG_ANCHOR_CH5_SCAN_RESCHED ret=1 delay=20
DBG_ANCHOR_CH5_SCAN_HANDLER role=2
DBG_ANCHOR_CH5_SCAN_BLOCKED win=0 survey=0 tx=0 retry_gap=0 wait=0 rx=0 rxq=0 rxr=0 ack=0 ch9=0 rf=1 retry=20 interval=380
DBG_ANCHOR_CH5_SCAN_RESCHED ret=1 delay=20
DBG_ANCHOR_CH5_SCAN_HANDLER role=2
DBG_ANCHOR_CH5_SCAN_BLOCKED win=0 survey=0 tx=0 retry_gap=0 wait=0 rx=0 rxq=0 rxr=0 ack=0 ch9=0 rf=1 retry=20 interval=380
DBG_ANCHOR_CH5_SCAN_RESCHED ret=1 delay=20
DBG_ANCHOR_CH5_SCAN_HANDLER role=2
DBG_ANCHOR_CH5_SCAN_BLOCKED win=0 survey=0 tx=0 retry_gap=0 wait=0 rx=0 rxq=0 rxr=0 ack=0 ch9=0 rf=1 retry=20 interval=380
DBG_ANCHOR_CH5_SCAN_RESCHED ret=1 delay=20
DBG_ANCHOR_CH5_SCAN_HANDLER role=2
DBG_ANCHOR_CH5_SCAN_BLOCKED win=0 survey=0 tx=0 retry_gap=0 wait=0 rx=0 rxq=0 rxr=0 ack=0 ch9=0 rf=1 retry=20 interval=380
DBG_ANCHOR_CH5_SCAN_RESCHED ret=1 delay=20
DBG_ANCHOR_CH5_SCAN_HANDLER role=2
DBG_ANCHOR_CH5_SCAN_BLOCKED win=0 survey=0 tx=0 retry_gap=0 wait=0 rx=0 rxq=0 rxr=0 ack=0 ch9=0 rf=1 retry=20 interval=380
DBG_ANCHOR_CH5_SCAN_RESCHED ret=1 delay=20
DBG_ANCHOR_CH5_SCAN_HANDLER role=2
DBG_ANCHOR_CH5_SCAN_BLOCKED win=0 survey=0 tx=0 retry_gap=0 wait=0 rx=0 rxq=0 rxr=0 ack=0 ch9=0 rf=1 retry=20 interval=380
DBG_ANCHOR_CH5_SCAN_RESCHED ret=1 delay=20
DBG_ANCHOR_CH5_SCAN_HANDLER role=2
DBG_ANCHOR_CH5_SCAN_BLOCKED win=0 survey=0 tx=0 retry_gap=0 wait=0 rx=0 rxq=0 rxr=0 ack=0 ch9=0 rf=1 retry=20 interval=380
DBG_ANCHOR_CH5_SCAN_RESCHED ret=1 delay=20
DBG_ANCHOR_CH5_SCAN_HANDLER role=2
DBG_ANCHOR_CH5_SCAN_BLOCKED win=0 survey=0 tx=0 retry_gap=0 wait=0 rx=0 rxq=0 rxr=0 ack=0 ch9=0 rf=1 retry=20 interval=380
DBG_ANCHOR_CH5_SCAN_RESCHED ret=1 delay=20
DBG_ANCHOR_CH5_SCAN_HANDLER role=2
DBG_ANCHOR_CH5_SCAN_BLOCKED win=0 survey=0 tx=0 retry_gap=0 wait=0 rx=0 rxq=0 rxr=0 ack=0 ch9=0 rf=1 retry=20 interval=380
DBG_ANCHOR_CH5_SCAN_RESCHED ret=1 delay=20
DBG_ANCHOR_CH5_SCAN_HANDLER role=2
DBG_ANCHOR_CH5_SCAN_BLOCKED win=0 survey=0 tx=0 retry_gap=0 wait=0 rx=0 rxq=0 rxr=0 ack=0 ch9=0 rf=1 retry=20 interval=380
DBG_ANCHOR_CH5_SCAN_RESCHED ret=1 delay=20
DBG_ANCHOR_CH5_SCAN_HANDLER role=2
DBG_ANCHOR_CH5_SCAN_BLOCKED win=0 survey=0 tx=0 retry_gap=0 wait=0 rx=0 rxq=0 rxr=0 ack=0 ch9=0 rf=1 retry=20 interval=380
DBG_ANCHOR_CH5_SCAN_RESCHED ret=1 delay=20
DBG_ANCHOR_CH5_SCAN_HANDLER role=2
DBG_ANCHOR_CH5_SCAN_BLOCKED win=0 survey=0 tx=0 retry_gap=0 wait=0 rx=0 rxq=0 rxr=0 ack=0 ch9=0 rf=1 retry=20 interval=380
DBG_ANCHOR_CH5_SCAN_RESCHED ret=1 delay=20
DBG_ANCHOR_CH5_SCAN_HANDLER role=2
DBG_ANCHOR_CH5_SCAN_BLOCKED win=0 survey=0 tx=0 retry_gap=0 wait=0 rx=0 rxq=0 rxr=0 ack=0 ch9=0 rf=1 retry=20 interval=380
DBG_ANCHOR_CH5_SCAN_RESCHED ret=1 delay=20
DBG_ANCHOR_CH5_SCAN_HANDLER role=2
DBG_ANCHOR_CH5_SCAN_BLOCKED win=0 survey=0 tx=0 retry_gap=0 wait=0 rx=0 rxq=0 rxr=0 ack=0 ch9=0 rf=1 retry=20 interval=380
DBG_ANCHOR_CH5_SCAN_RESCHED ret=1 delay=20
DBG_ANCHOR_CH5_SCAN_HANDLER role=2
DBG_ANCHOR_CH5_SCAN_BLOCKED win=0 survey=0 tx=0 retry_gap=0 wait=0 rx=0 rxq=0 rxr=0 ack=0 ch9=0 rf=1 retry=20 interval=380
DBG_ANCHOR_CH5_SCAN_RESCHED ret=1 delay=20
DBG_ANCHOR_CH5_SCAN_HANDLER role=2
DBG_ANCHOR_CH5_SCAN_BLOCKED win=0 survey=0 tx=0 retry_gap=0 wait=0 rx=0 rxq=0 rxr=0 ack=0 ch9=0 rf=1 retry=20 interval=380
DBG_ANCHOR_CH5_SCAN_RESCHED ret=1 delay=20
DBG_ANCHOR_CH5_SCAN_HANDLER role=2
DBG_ANCHOR_CH5_SCAN_BLOCKED win=0 survey=0 tx=0 retry_gap=0 wait=0 rx=0 rxq=0 rxr=0 ack=0 ch9=0 rf=1 retry=20 interval=380
DBG_ANCHOR_CH5_SCAN_RESCHED ret=1 delay=20
DBG_ANCHOR_CH5_SCAN_HANDLER role=2
DBG_ANCHOR_CH5_SCAN_BLOCKED win=0 survey=0 tx=0 retry_gap=0 wait=0 rx=0 rxq=0 rxr=0 ack=0 ch9=0 rf=1 retry=20 interval=380
DBG_ANCHOR_CH5_SCAN_RESCHED ret=1 delay=20
DBG_ANCHOR_CH5_SCAN_HANDLER role=2
DBG_ANCHOR_CH5_SCAN_BLOCKED win=0 survey=0 tx=0 retry_gap=0 wait=0 rx=0 rxq=0 rxr=0 ack=0 ch9=0 rf=1 retry=20 interval=380
DBG_ANCHOR_CH5_SCAN_RESCHED ret=1 delay=20
DBG_ANCHOR_CH5_SCAN_HANDLER role=2
DBG_ANCHOR_CH5_SCAN_BLOCKED win=0 survey=0 tx=0 retry_gap=0 wait=0 rx=0 rxq=0 rxr=0 ack=0 ch9=0 rf=1 retry=20 interval=380
DBG_ANCHOR_CH5_SCAN_RESCHED ret=1 delay=20
DBG_ANCHOR_CH5_SCAN_HANDLER role=2
DBG_ANCHOR_CH5_SCAN_BLOCKED win=0 survey=0 tx=0 retry_gap=0 wait=0 rx=0 rxq=0 rxr=0 ack=0 ch9=0 rf=1 retry=20 interval=380
DBG_ANCHOR_CH5_SCAN_RESCHED ret=1 delay=20
DBG_ANCHOR_CH5_SCAN_HANDLER role=2
DBG_ANCHOR_CH5_SCAN_BLOCKED win=0 survey=0 tx=0 retry_gap=0 wait=0 rx=0 rxq=0 rxr=0 ack=0 ch9=0 rf=1 retry=20 interval=380
DBG_ANCHOR_CH5_SCAN_RESCHED ret=1 delay=20
DBG_ANCHOR_CH5_SCAN_HANDLER role=2
DBG_ANCHOR_CH5_SCAN_BLOCKED win=0 survey=0 tx=0 retry_gap=0 wait=0 rx=0 rxq=0 rxr=0 ack=0 ch9=0 rf=1 retry=20 interval=380
DBG_ANCHOR_CH5_SCAN_RESCHED ret=1 delay=20
DBG_ANCHOR_CH5_SCAN_HANDLER role=2
DBG_ANCHOR_CH5_SCAN_BLOCKED win=0 survey=0 tx=0 retry_gap=0 wait=0 rx=0 rxq=0 rxr=0 ack=0 ch9=0 rf=1 retry=20 interval=380
DBG_ANCHOR_CH5_SCAN_RESCHED ret=1 delay=20
DBG_ANCHOR_CH5_SCAN_HANDLER role=2
DBG_ANCHOR_CH5_SCAN_BLOCKED win=0 survey=0 tx=0 retry_gap=0 wait=0 rx=0 rxq=0 rxr=0 ack=0 ch9=0 rf=1 retry=20 interval=380
DBG_ANCHOR_CH5_SCAN_RESCHED ret=1 delay=20
DBG_ANCHOR_CH5_SCAN_HANDLER role=2
DBG_ANCHOR_CH5_SCAN_BLOCKED win=0 survey=0 tx=0 retry_gap=0 wait=0 rx=0 rxq=0 rxr=0 ack=0 ch9=0 rf=1 retry=20 interval=380
DBG_ANCHOR_CH5_SCAN_RESCHED ret=1 delay=20
DBG_ANCHOR_CH5_SCAN_HANDLER role=2
DBG_ANCHOR_CH5_SCAN_BLOCKED win=0 survey=0 tx=0 retry_gap=0 wait=0 rx=0 rxq=0 rxr=0 ack=0 ch9=0 rf=1 retry=20 interval=380
DBG_ANCHOR_CH5_SCAN_RESCHED ret=1 delay=20
DBG_ANCHOR_CH5_SCAN_HANDLER role=2
DBG_ANCHOR_CH5_SCAN_BLOCKED win=0 survey=0 tx=0 retry_gap=0 wait=0 rx=0 rxq=0 rxr=0 ack=0 ch9=0 rf=1 retry=20 interval=380
DBG_ANCHOR_CH5_SCAN_RESCHED ret=1 delay=20
DBG_ANCHOR_CH5_SCAN_HANDLER role=2
DBG_ANCHOR_CH5_SCAN_BLOCKED win=0 survey=0 tx=0 retry_gap=0 wait=0 rx=0 rxq=0 rxr=0 ack=0 ch9=0 rf=1 retry=20 interval=380
DBG_ANCHOR_CH5_SCAN_RESCHED ret=1 delay=20
DBG_ANCHOR_CH5_SCAN_HANDLER role=2
DBG_ANCHOR_CH5_SCAN_BLOCKED win=0 survey=0 tx=0 retry_gap=0 wait=0 rx=0 rxq=0 rxr=0 ack=0 ch9=0 rf=1 retry=20 interval=380
DBG_ANCHOR_CH5_SCAN_RESCHED ret=1 delay=20
DBG_ANCHOR_CH5_SCAN_HANDLER role=2
DBG_ANCHOR_CH5_SCAN_BLOCKED win=0 survey=0 tx=0 retry_gap=0 wait=0 rx=0 rxq=0 rxr=0 ack=0 ch9=0 rf=1 retry=20 interval=380
DBG_ANCHOR_CH5_SCAN_RESCHED ret=1 delay=20
DBG_ANCHOR_CH5_SCAN_HANDLER role=2
DBG_ANCHOR_CH5_SCAN_BLOCKED win=0 survey=0 tx=0 retry_gap=0 wait=0 rx=0 rxq=0 rxr=0 ack=0 ch9=0 rf=1 retry=20 interval=380
DBG_ANCHOR_CH5_SCAN_RESCHED ret=1 delay=20
DBG_ANCHOR_CH5_SCAN_HANDLER role=2
DBG_ANCHOR_CH5_SCAN_BLOCKED win=0 survey=0 tx=0 retry_gap=0 wait=0 rx=0 rxq=0 rxr=0 ack=0 ch9=0 rf=1 retry=20 interval=380
DBG_ANCHOR_CH5_SCAN_RESCHED ret=1 delay=20
DBG_ANCHOR_CH5_SCAN_HANDLER role=2
DBG_ANCHOR_CH5_SCAN_BLOCKED win=0 survey=0 tx=0 retry_gap=0 wait=0 rx=0 rxq=0 rxr=0 ack=0 ch9=0 rf=1 retry=20 interval=380
DBG_ANCHOR_CH5_SCAN_RESCHED ret=1 delay=20
DBG_ANCHOR_CH5_SCAN_HANDLER role=2
DBG_ANCHOR_CH5_SCAN_BLOCKED win=0 survey=0 tx=0 retry_gap=0 wait=0 rx=0 rxq=0 rxr=0 ack=0 ch9=0 rf=1 retry=20 interval=380
DBG_ANCHOR_CH5_SCAN_RESCHED ret=1 delay=20
DBG_ANCHOR_CH5_SCAN_HANDLER role=2
DBG_ANCHOR_CH5_SCAN_BLOCKED win=0 survey=0 tx=0 retry_gap=0 wait=0 rx=0 rxq=0 rxr=0 ack=0 ch9=0 rf=1 retry=20 interval=380
DBG_ANCHOR_CH5_SCAN_RESCHED ret=1 delay=20
DBG_ANCHOR_CH5_SCAN_HANDLER role=2
DBG_ANCHOR_CH5_SCAN_BLOCKED win=0 survey=0 tx=0 retry_gap=0 wait=0 rx=0 rxq=0 rxr=0 ack=0 ch9=0 rf=1 retry=20 interval=380
DBG_ANCHOR_CH5_SCAN_RESCHED ret=1 delay=20
DBG_ANCHOR_CH5_SCAN_HANDLER role=2
DBG_ANCHOR_CH5_SCAN_BLOCKED win=0 survey=0 tx=0 retry_gap=0 wait=0 rx=0 rxq=0 rxr=0 ack=0 ch9=0 rf=1 retry=20 interval=380
DBG_ANCHOR_CH5_SCAN_RESCHED ret=1 delay=20
DBG_ANCHOR_CH5_SCAN_HANDLER role=2
DBG_ANCHOR_CH5_SCAN_BLOCKED win=0 survey=0 tx=0 retry_gap=0 wait=0 rx=0 rxq=0 rxr=0 ack=0 ch9=0 rf=1 retry=20 interval=380
DBG_ANCHOR_CH5_SCAN_RESCHED ret=1 delay=20
DBG_ANCHOR_CH5_SCAN_HANDLER role=2
DBG_ANCHOR_CH5_SCAN_BLOCKED win=0 survey=0 tx=0 retry_gap=0 wait=0 rx=0 rxq=0 rxr=0 ack=0 ch9=0 rf=1 retry=20 interval=380
DBG_ANCHOR_CH5_SCAN_RESCHED ret=1 delay=20
DBG_ANCHOR_CH5_SCAN_HANDLER role=2
DBG_ANCHOR_CH5_SCAN_BLOCKED win=0 survey=0 tx=0 retry_gap=0 wait=0 rx=0 rxq=0 rxr=0 ack=0 ch9=0 rf=1 retry=20 interval=380
DBG_ANCHOR_CH5_SCAN_RESCHED ret=1 delay=20
DBG_ANCHOR_CH5_SCAN_HANDLER role=2
DBG_ANCHOR_CH5_SCAN_BLOCKED win=0 survey=0 tx=0 retry_gap=0 wait=0 rx=0 rxq=0 rxr=0 ack=0 ch9=0 rf=1 retry=20 interval=380
DBG_ANCHOR_CH5_SCAN_RESCHED ret=1 delay=20
DBG_ANCHOR_CH5_SCAN_HANDLER role=2
DBG_ANCHOR_CH5_SCAN_BLOCKED win=0 survey=0 tx=0 retry_gap=0 wait=0 rx=0 rxq=0 rxr=0 ack=0 ch9=0 rf=1 retry=20 interval=380
DBG_ANCHOR_CH5_SCAN_RESCHED ret=1 delay=20
DBG_ANCHOR_CH5_SCAN_HANDLER role=2
DBG_ANCHOR_CH5_SCAN_BLOCKED win=0 survey=0 tx=0 retry_gap=0 wait=0 rx=0 rxq=0 rxr=0 ack=0 ch9=0 rf=1 retry=20 interval=380
DBG_ANCHOR_CH5_SCAN_RESCHED ret=1 delay=20
DBG_ANCHOR_CH5_SCAN_HANDLER role=2
DBG_ANCHOR_CH5_SCAN_BLOCKED win=0 survey=0 tx=0 retry_gap=0 wait=0 rx=0 rxq=0 rxr=0 ack=0 ch9=0 rf=1 retry=20 interval=380
DBG_ANCHOR_CH5_SCAN_RESCHED ret=1 delay=20
DBG_ANCHOR_CH5_SCAN_HANDLER role=2
DBG_ANCHOR_CH5_SCAN_BLOCKED win=0 survey=0 tx=0 retry_gap=0 wait=0 rx=0 rxq=0 rxr=0 ack=0 ch9=0 rf=1 retry=20 interval=380
DBG_ANCHOR_CH5_SCAN_RESCHED ret=1 delay=20
DBG_ANCHOR_CH5_SCAN_HANDLER role=2
DBG_ANCHOR_CH5_SCAN_BLOCKED win=0 survey=0 tx=0 retry_gap=0 wait=0 rx=0 rxq=0 rxr=0 ack=0 ch9=0 rf=1 retry=20 interval=380
DBG_ANCHOR_CH5_SCAN_RESCHED ret=1 delay=20
DBG_ANCHOR_CH5_SCAN_HANDLER role=2
DBG_ANCHOR_CH5_SCAN_BLOCKED win=0 survey=0 tx=0 retry_gap=0 wait=0 rx=0 rxq=0 rxr=0 ack=0 ch9=0 rf=1 retry=20 interval=380
DBG_ANCHOR_CH5_SCAN_RESCHED ret=1 delay=20
DBG_ANCHOR_CH5_SCAN_HANDLER role=2
DBG_ANCHOR_CH5_SCAN_BLOCKED win=0 survey=0 tx=0 retry_gap=0 wait=0 rx=0 rxq=0 rxr=0 ack=0 ch9=0 rf=1 retry=20 interval=380
DBG_ANCHOR_CH5_SCAN_RESCHED ret=1 delay=20
DBG_ANCHOR_CH5_SCAN_HANDLER role=2
DBG_ANCHOR_CH5_SCAN_BLOCKED win=0 survey=0 tx=0 retry_gap=0 wait=0 rx=0 rxq=0 rxr=0 ack=0 ch9=0 rf=1 retry=20 interval=380
DBG_ANCHOR_CH5_SCAN_RESCHED ret=1 delay=20
DBG_ANCHOR_CH5_SCAN_HANDLER role=2
DBG_ANCHOR_CH5_SCAN_BLOCKED win=0 survey=0 tx=0 retry_gap=0 wait=0 rx=0 rxq=0 rxr=0 ack=0 ch9=0 rf=1 retry=20 interval=380
DBG_ANCHOR_CH5_SCAN_RESCHED ret=1 delay=20
DBG_ANCHOR_CH5_SCAN_HANDLER role=2
DBG_ANCHOR_CH5_SCAN_BLOCKED win=0 survey=0 tx=0 retry_gap=0 wait=0 rx=0 rxq=0 rxr=0 ack=0 ch9=0 rf=1 retry=20 interval=380
DBG_ANCHOR_CH5_SCAN_RESCHED ret=1 delay=20
DBG_ANCHOR_CH5_SCAN_HANDLER role=2
DBG_ANCHOR_CH5_SCAN_BLOCKED win=0 survey=0 tx=0 retry_gap=0 wait=0 rx=0 rxq=0 rxr=0 ack=0 ch9=0 rf=1 retry=20 interval=380
DBG_ANCHOR_CH5_SCAN_RESCHED ret=1 delay=20
DBG_ANCHOR_CH5_SCAN_HANDLER role=2
DBG_ANCHOR_CH5_SCAN_BLOCKED win=0 survey=0 tx=0 retry_gap=0 wait=0 rx=0 rxq=0 rxr=0 ack=0 ch9=0 rf=1 retry=20 interval=380
DBG_ANCHOR_CH5_SCAN_RESCHED ret=1 delay=20
DBG_ANCHOR_CH5_SCAN_HANDLER role=2
DBG_ANCHOR_CH5_SCAN_BLOCKED win=0 survey=0 tx=0 retry_gap=0 wait=0 rx=0 rxq=0 rxr=0 ack=0 ch9=0 rf=1 retry=20 interval=380
DBG_ANCHOR_CH5_SCAN_RESCHED ret=1 delay=20
DBG_ANCHOR_CH5_SCAN_HANDLER role=2
DBG_ANCHOR_CH5_SCAN_BLOCKED win=0 survey=0 tx=0 retry_gap=0 wait=0 rx=0 rxq=0 rxr=0 ack=0 ch9=0 rf=1 retry=20 interval=380
DBG_ANCHOR_CH5_SCAN_RESCHED ret=1 delay=20
DBG_ANCHOR_CH5_SCAN_HANDLER role=2
DBG_ANCHOR_CH5_SCAN_BLOCKED win=0 survey=0 tx=0 retry_gap=0 wait=0 rx=0 rxq=0 rxr=0 ack=0 ch9=0 rf=1 retry=20 interval=380
DBG_ANCHOR_CH5_SCAN_RESCHED ret=1 delay=20
DBG_ANCHOR_CH5_SCAN_HANDLER role=2
DBG_ANCHOR_CH5_SCAN_BLOCKED win=0 survey=0 tx=0 retry_gap=0 wait=0 rx=0 rxq=0 rxr=0 ack=0 ch9=0 rf=1 retry=20 interval=380
DBG_ANCHOR_CH5_SCAN_RESCHED ret=1 delay=20
DBG_ANCHOR_CH5_SCAN_HANDLER role=2
DBG_ANCHOR_CH5_SCAN_BLOCKED win=0 survey=0 tx=0 retry_gap=0 wait=0 rx=0 rxq=0 rxr=0 ack=0 ch9=0 rf=1 retry=20 interval=380
DBG_ANCHOR_CH5_SCAN_RESCHED ret=1 delay=20
DBG_ANCHOR_CH5_SCAN_HANDLER role=2
DBG_ANCHOR_CH5_SCAN_BLOCKED win=0 survey=0 tx=0 retry_gap=0 wait=0 rx=0 rxq=0 rxr=0 ack=0 ch9=0 rf=1 retry=20 interval=380
DBG_ANCHOR_CH5_SCAN_RESCHED ret=1 delay=20
DBG_ANCHOR_CH5_SCAN_HANDLER role=2
DBG_ANCHOR_CH5_SCAN_BLOCKED win=0 survey=0 tx=0 retry_gap=0 wait=0 rx=0 rxq=0 rxr=0 ack=0 ch9=0 rf=1 retry=20 interval=380
DBG_ANCHOR_CH5_SCAN_RESCHED ret=1 delay=20
DBG_ANCHOR_CH5_SCAN_HANDLER role=2
DBG_ANCHOR_CH5_SCAN_BLOCKED win=0 survey=0 tx=0 retry_gap=0 wait=0 rx=0 rxq=0 rxr=0 ack=0 ch9=0 rf=1 retry=20 interval=380
DBG_ANCHOR_CH5_SCAN_RESCHED ret=1 delay=20
DBG_ANCHOR_CH5_SCAN_HANDLER role=2
DBG_ANCHOR_CH5_SCAN_BLOCKED win=0 survey=0 tx=0 retry_gap=0 wait=0 rx=0 rxq=0 rxr=0 ack=0 ch9=0 rf=1 retry=20 interval=380
DBG_ANCHOR_CH5_SCAN_RESCHED ret=1 delay=20
DBG_ANCHOR_CH5_SCAN_HANDLER role=2
DBG_ANCHOR_CH5_SCAN_BLOCKED win=0 survey=0 tx=0 retry_gap=0 wait=0 rx=0 rxq=0 rxr=0 ack=0 ch9=0 rf=1 retry=20 interval=380
DBG_ANCHOR_CH5_SCAN_RESCHED ret=1 delay=20
DBG_ANCHOR_CH5_SCAN_HANDLER role=2
DBG_ANCHOR_CH5_SCAN_BLOCKED win=0 survey=0 tx=0 retry_gap=0 wait=0 rx=0 rxq=0 rxr=0 ack=0 ch9=0 rf=1 retry=20 interval=380
DBG_ANCHOR_CH5_SCAN_RESCHED ret=1 delay=20
DBG_ANCHOR_CH5_SCAN_HANDLER role=2
DBG_ANCHOR_CH5_SCAN_BLOCKED win=0 survey=0 tx=0 retry_gap=0 wait=0 rx=0 rxq=0 rxr=0 ack=0 ch9=0 rf=1 retry=20 interval=380
DBG_ANCHOR_CH5_SCAN_RESCHED ret=1 delay=20
DBG_ANCHOR_CH5_SCAN_HANDLER role=2
DBG_ANCHOR_CH5_SCAN_BLOCKED win=0 survey=0 tx=0 retry_gap=0 wait=0 rx=0 rxq=0 rxr=0 ack=0 ch9=0 rf=1 retry=20 interval=380
DBG_ANCHOR_CH5_SCAN_RESCHED ret=1 delay=20
DBG_ANCHOR_CH5_SCAN_HANDLER role=2
DBG_ANCHOR_CH5_SCAN_BLOCKED win=0 survey=0 tx=0 retry_gap=0 wait=0 rx=0 rxq=0 rxr=0 ack=0 ch9=0 rf=1 retry=20 interval=380
DBG_ANCHOR_CH5_SCAN_RESCHED ret=1 delay=20
DBG_ANCHOR_CH5_SCAN_HANDLER role=2
DBG_ANCHOR_CH5_SCAN_BLOCKED win=0 survey=0 tx=0 retry_gap=0 wait=0 rx=0 rxq=0 rxr=0 ack=0 ch9=0 rf=1 retry=20 interval=380
DBG_ANCHOR_CH5_SCAN_RESCHED ret=1 delay=20
DBG_ANCHOR_CH5_SCAN_HANDLER role=2
DBG_ANCHOR_CH5_SCAN_BLOCKED win=0 survey=0 tx=0 retry_gap=0 wait=0 rx=0 rxq=0 rxr=0 ack=0 ch9=0 rf=1 retry=20 interval=380
DBG_ANCHOR_CH5_SCAN_RESCHED ret=1 delay=20
DBG_ANCHOR_CH5_SCAN_HANDLER role=2
DBG_ANCHOR_CH5_SCAN_BLOCKED win=0 survey=0 tx=0 retry_gap=0 wait=0 rx=0 rxq=0 rxr=0 ack=0 ch9=0 rf=1 retry=20 interval=380
DBG_ANCHOR_CH5_SCAN_RESCHED ret=1 delay=20
DBG_ANCHOR_CH5_SCAN_HANDLER role=2
DBG_ANCHOR_CH5_SCAN_BLOCKED win=0 survey=0 tx=0 retry_gap=0 wait=0 rx=0 rxq=0 rxr=0 ack=0 ch9=0 rf=1 retry=20 interval=380
DBG_ANCHOR_CH5_SCAN_RESCHED ret=1 delay=20
DBG_ANCHOR_CH5_SCAN_HANDLER role=2
DBG_ANCHOR_CH5_SCAN_BLOCKED win=0 survey=0 tx=0 retry_gap=0 wait=0 rx=0 rxq=0 rxr=0 ack=0 ch9=0 rf=1 retry=20 interval=380
DBG_ANCHOR_CH5_SCAN_RESCHED ret=1 delay=20
DBG_ANCHOR_CH5_SCAN_HANDLER role=2
DBG_ANCHOR_CH5_SCAN_BLOCKED win=0 survey=0 tx=0 retry_gap=0 wait=0 rx=0 rxq=0 rxr=0 ack=0 ch9=0 rf=1 retry=20 interval=380
DBG_ANCHOR_CH5_SCAN_RESCHED ret=1 delay=20
DBG_ANCHOR_CH5_SCAN_HANDLER role=2
DBG_ANCHOR_CH5_SCAN_BLOCKED win=0 survey=0 tx=0 retry_gap=0 wait=0 rx=0 rxq=0 rxr=0 ack=0 ch9=0 rf=1 retry=20 interval=380
DBG_ANCHOR_CH5_SCAN_RESCHED ret=1 delay=20
DBG_ANCHOR_CH5_SCAN_HANDLER role=2
DBG_ANCHOR_CH5_SCAN_BLOCKED win=0 survey=0 tx=0 retry_gap=0 wait=0 rx=0 rxq=0 rxr=0 ack=0 ch9=0 rf=1 retry=20 interval=380
DBG_ANCHOR_CH5_SCAN_RESCHED ret=1 delay=20
DBG_ANCHOR_CH5_SCAN_HANDLER role=2
DBG_ANCHOR_CH5_SCAN_BLOCKED win=0 survey=0 tx=0 retry_gap=0 wait=0 rx=0 rxq=0 rxr=0 ack=0 ch9=0 rf=1 retry=20 interval=380
DBG_ANCHOR_CH5_SCAN_RESCHED ret=1 delay=20
DBG_ANCHOR_CH5_SCAN_HANDLER role=2
DBG_ANCHOR_CH5_SCAN_BLOCKED win=0 survey=0 tx=0 retry_gap=0 wait=0 rx=0 rxq=0 rxr=0 ack=0 ch9=0 rf=1 retry=20 interval=380
DBG_ANCHOR_CH5_SCAN_RESCHED ret=1 delay=20
DBG_ANCHOR_CH5_SCAN_HANDLER role=2
DBG_ANCHOR_CH5_SCAN_BLOCKED win=0 survey=0 tx=0 retry_gap=0 wait=0 rx=0 rxq=0 rxr=0 ack=0 ch9=0 rf=1 retry=20 interval=380
DBG_ANCHOR_CH5_SCAN_RESCHED ret=1 delay=20
DBG_ANCHOR_CH5_SCAN_HANDLER role=2
DBG_ANCHOR_CH5_SCAN_BLOCKED win=0 survey=0 tx=0 retry_gap=0 wait=0 rx=0 rxq=0 rxr=0 ack=0 ch9=0 rf=1 retry=20 interval=380
DBG_ANCHOR_CH5_SCAN_RESCHED ret=1 delay=20
DBG_ANCHOR_CH5_SCAN_HANDLER role=2
DBG_ANCHOR_CH5_SCAN_BLOCKED win=0 survey=0 tx=0 retry_gap=0 wait=0 rx=0 rxq=0 rxr=0 ack=0 ch9=0 rf=1 retry=20 interval=380
DBG_ANCHOR_CH5_SCAN_RESCHED ret=1 delay=20
DBG_ANCHOR_CH5_SCAN_HANDLER role=2
DBG_ANCHOR_CH5_SCAN_BLOCKED win=0 survey=0 tx=0 retry_gap=0 wait=0 rx=0 rxq=0 rxr=0 ack=0 ch9=0 rf=1 retry=20 interval=380
DBG_ANCHOR_CH5_SCAN_RESCHED ret=1 delay=20
DBG_ANCHOR_CH5_SCAN_HANDLER role=2
DBG_ANCHOR_CH5_SCAN_BLOCKED win=0 survey=0 tx=0 retry_gap=0 wait=0 rx=0 rxq=0 rxr=0 ack=0 ch9=0 rf=1 retry=20 interval=380
DBG_ANCHOR_CH5_SCAN_RESCHED ret=1 delay=20
DBG_ANCHOR_CH5_SCAN_HANDLER role=2
DBG_ANCHOR_CH5_SCAN_BLOCKED win=0 survey=0 tx=0 retry_gap=0 wait=0 rx=0 rxq=0 rxr=0 ack=0 ch9=0 rf=1 retry=20 interval=380
DBG_ANCHOR_CH5_SCAN_RESCHED ret=1 delay=20
DBG_ANCHOR_CH5_SCAN_HANDLER role=2
DBG_ANCHOR_CH5_SCAN_BLOCKED win=0 survey=0 tx=0 retry_gap=0 wait=0 rx=0 rxq=0 rxr=0 ack=0 ch9=0 rf=1 retry=20 interval=380
DBG_ANCHOR_CH5_SCAN_RESCHED ret=1 delay=20
DBG_ANCHOR_CH5_SCAN_HANDLER role=2
DBG_ANCHOR_CH5_SCAN_BLOCKED win=0 survey=0 tx=0 retry_gap=0 wait=0 rx=0 rxq=0 rxr=0 ack=0 ch9=0 rf=1 retry=20 interval=380
DBG_ANCHOR_CH5_SCAN_RESCHED ret=1 delay=20
DBG_ANCHOR_CH5_SCAN_HANDLER role=2
DBG_ANCHOR_CH5_SCAN_BLOCKED win=0 survey=0 tx=0 retry_gap=0 wait=0 rx=0 rxq=0 rxr=0 ack=0 ch9=0 rf=1 retry=20 interval=380
DBG_ANCHOR_CH5_SCAN_RESCHED ret=1 delay=20
DBG_ANCHOR_CH5_SCAN_HANDLER role=2
DBG_ANCHOR_CH5_SCAN_BLOCKED win=0 survey=0 tx=0 retry_gap=0 wait=0 rx=0 rxq=0 rxr=0 ack=0 ch9=0 rf=1 retry=20 interval=380
DBG_ANCHOR_CH5_SCAN_RESCHED ret=1 delay=20
DBG_ANCHOR_CH5_SCAN_HANDLER role=2
DBG_ANCHOR_CH5_SCAN_BLOCKED win=0 survey=0 tx=0 retry_gap=0 wait=0 rx=0 rxq=0 rxr=0 ack=0 ch9=0 rf=1 retry=20 interval=380
DBG_ANCHOR_CH5_SCAN_RESCHED ret=1 delay=20
DBG_ANCHOR_CH5_SCAN_HANDLER role=2
DBG_ANCHOR_CH5_SCAN_BLOCKED win=0 survey=0 tx=0 retry_gap=0 wait=0 rx=0 rxq=0 rxr=0 ack=0 ch9=0 rf=1 retry=20 interval=380
DBG_ANCHOR_CH5_SCAN_RESCHED ret=1 delay=20
DBG_ANCHOR_CH5_SCAN_HANDLER role=2
DBG_ANCHOR_CH5_SCAN_BLOCKED win=0 survey=0 tx=0 retry_gap=0 wait=0 rx=0 rxq=0 rxr=0 ack=0 ch9=0 rf=1 retry=20 interval=380
DBG_ANCHOR_CH5_SCAN_RESCHED ret=1 delay=20
DBG_ANCHOR_CH5_SCAN_HANDLER role=2
DBG_ANCHOR_CH5_SCAN_BLOCKED win=0 survey=0 tx=0 retry_gap=0 wait=0 rx=0 rxq=0 rxr=0 ack=0 ch9=0 rf=1 retry=20 interval=380
DBG_ANCHOR_CH5_SCAN_RESCHED ret=1 delay=20
DBG_ANCHOR_CH5_SCAN_HANDLER role=2
DBG_ANCHOR_CH5_SCAN_BLOCKED win=0 survey=0 tx=0 retry_gap=0 wait=0 rx=0 rxq=0 rxr=0 ack=0 ch9=0 rf=1 retry=20 interval=380
DBG_ANCHOR_CH5_SCAN_RESCHED ret=1 delay=20
DBG_ANCHOR_CH5_SCAN_HANDLER role=2
DBG_ANCHOR_CH5_SCAN_BLOCKED win=0 survey=0 tx=0 retry_gap=0 wait=0 rx=0 rxq=0 rxr=0 ack=0 ch9=0 rf=1 retry=20 interval=380
DBG_ANCHOR_CH5_SCAN_RESCHED ret=1 delay=20
DBG_ANCHOR_CH5_SCAN_HANDLER role=2
DBG_ANCHOR_CH5_SCAN_BLOCKED win=0 survey=0 tx=0 retry_gap=0 wait=0 rx=0 rxq=0 rxr=0 ack=0 ch9=0 rf=1 retry=20 interval=380
DBG_ANCHOR_CH5_SCAN_RESCHED ret=1 delay=20
DBG_ANCHOR_CH5_SCAN_HANDLER role=2
DBG_ANCHOR_CH5_SCAN_BLOCKED win=0 survey=0 tx=0 retry_gap=0 wait=0 rx=0 rxq=0 rxr=0 ack=0 ch9=0 rf=1 retry=20 interval=380
DBG_ANCHOR_CH5_SCAN_RESCHED ret=1 delay=20
DBG_ANCHOR_CH5_SCAN_HANDLER role=2
DBG_ANCHOR_CH5_SCAN_BLOCKED win=0 survey=0 tx=0 retry_gap=0 wait=0 rx=0 rxq=0 rxr=0 ack=0 ch9=0 rf=1 retry=20 interval=380
DBG_ANCHOR_CH5_SCAN_RESCHED ret=1 delay=20
DBG_ANCHOR_CH5_SCAN_HANDLER role=2
DBG_ANCHOR_CH5_SCAN_BLOCKED win=0 survey=0 tx=0 retry_gap=0 wait=0 rx=0 rxq=0 rxr=0 ack=0 ch9=0 rf=1 retry=20 interval=380
DBG_ANCHOR_CH5_SCAN_RESCHED ret=1 delay=20
DBG_ANCHOR_CH5_SCAN_HANDLER role=2
DBG_ANCHOR_CH5_SCAN_BLOCKED win=0 survey=0 tx=0 retry_gap=0 wait=0 rx=0 rxq=0 rxr=0 ack=0 ch9=0 rf=1 retry=20 interval=380
DBG_ANCHOR_CH5_SCAN_RESCHED ret=1 delay=20
DBG_ANCHOR_CH5_SCAN_HANDLER role=2
DBG_ANCHOR_CH5_SCAN_BLOCKED win=0 survey=0 tx=0 retry_gap=0 wait=0 rx=0 rxq=0 rxr=0 ack=0 ch9=0 rf=1 retry=20 interval=380
DBG_ANCHOR_CH5_SCAN_RESCHED ret=1 delay=20
DBG_ANCHOR_CH5_SCAN_HANDLER role=2
DBG_ANCHOR_CH5_SCAN_BLOCKED win=0 survey=0 tx=0 retry_gap=0 wait=0 rx=0 rxq=0 rxr=0 ack=0 ch9=0 rf=1 retry=20 interval=380
DBG_ANCHOR_CH5_SCAN_RESCHED ret=1 delay=20
DBG_ANCHOR_CH5_SCAN_HANDLER role=2
DBG_ANCHOR_CH5_SCAN_BLOCKED win=0 survey=0 tx=0 retry_gap=0 wait=0 rx=0 rxq=0 rxr=0 ack=0 ch9=0 rf=1 retry=20 interval=380
DBG_ANCHOR_CH5_SCAN_RESCHED ret=1 delay=20
DBG_ANCHOR_CH5_SCAN_HANDLER role=2
DBG_ANCHOR_CH5_SCAN_BLOCKED win=0 survey=0 tx=0 retry_gap=0 wait=0 rx=0 rxq=0 rxr=0 ack=0 ch9=0 rf=1 retry=20 interval=380
DBG_ANCHOR_CH5_SCAN_RESCHED ret=1 delay=20
DBG_ANCHOR_CH5_SCAN_HANDLER role=2
DBG_ANCHOR_CH5_SCAN_BLOCKED win=0 survey=0 tx=0 retry_gap=0 wait=0 rx=0 rxq=0 rxr=0 ack=0 ch9=0 rf=1 retry=20 interval=380
DBG_ANCHOR_CH5_SCAN_RESCHED ret=1 delay=20
DBG_ANCHOR_CH5_SCAN_HANDLER role=2
DBG_ANCHOR_CH5_SCAN_BLOCKED win=0 survey=0 tx=0 retry_gap=0 wait=0 rx=0 rxq=0 rxr=0 ack=0 ch9=0 rf=1 retry=20 interval=380
DBG_ANCHOR_CH5_SCAN_RESCHED ret=1 delay=20
DBG_ANCHOR_CH5_SCAN_HANDLER role=2
DBG_ANCHOR_CH5_SCAN_BLOCKED win=0 survey=0 tx=0 retry_gap=0 wait=0 rx=0 rxq=0 rxr=0 ack=0 ch9=0 rf=1 retry=20 interval=380
DBG_ANCHOR_CH5_SCAN_RESCHED ret=1 delay=20
DBG_ANCHOR_CH5_SCAN_HANDLER role=2
DBG_ANCHOR_CH5_SCAN_BLOCKED win=0 survey=0 tx=0 retry_gap=0 wait=0 rx=0 rxq=0 rxr=0 ack=0 ch9=0 rf=1 retry=20 interval=380
DBG_ANCHOR_CH5_SCAN_RESCHED ret=1 delay=20
DBG_ANCHOR_CH5_SCAN_HANDLER role=2
DBG_ANCHOR_CH5_SCAN_BLOCKED win=0 survey=0 tx=0 retry_gap=0 wait=0 rx=0 rxq=0 rxr=0 ack=0 ch9=0 rf=1 retry=20 interval=380
DBG_ANCHOR_CH5_SCAN_RESCHED ret=1 delay=20
DBG_ANCHOR_CH5_SCAN_HANDLER role=2
DBG_ANCHOR_CH5_SCAN_BLOCKED win=0 survey=0 tx=0 retry_gap=0 wait=0 rx=0 rxq=0 rxr=0 ack=0 ch9=0 rf=1 retry=20 interval=380
DBG_ANCHOR_CH5_SCAN_RESCHED ret=1 delay=20
DBG_ANCHOR_CH5_SCAN_HANDLER role=2
DBG_ANCHOR_CH5_SCAN_BLOCKED win=0 survey=0 tx=0 retry_gap=0 wait=0 rx=0 rxq=0 rxr=0 ack=0 ch9=0 rf=1 retry=20 interval=380
DBG_ANCHOR_CH5_SCAN_RESCHED ret=1 delay=20
DBG_ANCHOR_CH5_SCAN_HANDLER role=2
DBG_ANCHOR_CH5_SCAN_BLOCKED win=0 survey=0 tx=0 retry_gap=0 wait=0 rx=0 rxq=0 rxr=0 ack=0 ch9=0 rf=1 retry=20 interval=380
DBG_ANCHOR_CH5_SCAN_RESCHED ret=1 delay=20
DBG_ANCHOR_CH5_SCAN_HANDLER role=2
DBG_ANCHOR_CH5_SCAN_BLOCKED win=0 survey=0 tx=0 retry_gap=0 wait=0 rx=0 rxq=0 rxr=0 ack=0 ch9=0 rf=1 retry=20 interval=380
DBG_ANCHOR_CH5_SCAN_RESCHED ret=1 delay=20
DBG_ANCHOR_CH5_SCAN_HANDLER role=2
DBG_ANCHOR_CH5_SCAN_BLOCKED win=0 survey=0 tx=0 retry_gap=0 wait=0 rx=0 rxq=0 rxr=0 ack=0 ch9=0 rf=1 retry=20 interval=380
DBG_ANCHOR_CH5_SCAN_RESCHED ret=1 delay=20
DBG_ANCHOR_CH5_SCAN_HANDLER role=2
DBG_ANCHOR_CH5_SCAN_BLOCKED win=0 survey=0 tx=0 retry_gap=0 wait=0 rx=0 rxq=0 rxr=0 ack=0 ch9=0 rf=1 retry=20 interval=380
DBG_ANCHOR_CH5_SCAN_RESCHED ret=1 delay=20
DBG_ANCHOR_CH5_SCAN_HANDLER role=2
DBG_ANCHOR_CH5_SCAN_BLOCKED win=0 survey=0 tx=0 retry_gap=0 wait=0 rx=0 rxq=0 rxr=0 ack=0 ch9=0 rf=1 retry=20 interval=380
DBG_ANCHOR_CH5_SCAN_RESCHED ret=1 delay=20
DBG_ANCHOR_CH5_SCAN_HANDLER role=2
DBG_ANCHOR_CH5_SCAN_BLOCKED win=0 survey=0 tx=0 retry_gap=0 wait=0 rx=0 rxq=0 rxr=0 ack=0 ch9=0 rf=1 retry=20 interval=380
DBG_ANCHOR_CH5_SCAN_RESCHED ret=1 delay=20
DBG_ANCHOR_CH5_SCAN_HANDLER role=2
DBG_ANCHOR_CH5_SCAN_BLOCKED win=0 survey=0 tx=0 retry_gap=0 wait=0 rx=0 rxq=0 rxr=0 ack=0 ch9=0 rf=1 retry=20 interval=380
DBG_ANCHOR_CH5_SCAN_RESCHED ret=1 delay=20
DBG_ANCHOR_CH5_SCAN_HANDLER role=2
DBG_ANCHOR_CH5_SCAN_BLOCKED win=0 survey=0 tx=0 retry_gap=0 wait=0 rx=0 rxq=0 rxr=0 ack=0 ch9=0 rf=1 retry=20 interval=380
DBG_ANCHOR_CH5_SCAN_RESCHED ret=1 delay=20
DBG_ANCHOR_CH5_SCAN_HANDLER role=2
DBG_ANCHOR_CH5_SCAN_BLOCKED win=0 survey=0 tx=0 retry_gap=0 wait=0 rx=0 rxq=0 rxr=0 ack=0 ch9=0 rf=1 retry=20 interval=380
DBG_ANCHOR_CH5_SCAN_RESCHED ret=1 delay=20
DBG_ANCHOR_CH5_SCAN_HANDLER role=2
DBG_ANCHOR_CH5_SCAN_BLOCKED win=0 survey=0 tx=0 retry_gap=0 wait=0 rx=0 rxq=0 rxr=0 ack=0 ch9=0 rf=1 retry=20 interval=380
DBG_ANCHOR_CH5_SCAN_RESCHED ret=1 delay=20
DBG_ANCHOR_CH5_SCAN_HANDLER role=2
DBG_ANCHOR_CH5_SCAN_BLOCKED win=0 survey=0 tx=0 retry_gap=0 wait=0 rx=0 rxq=0 rxr=0 ack=0 ch9=0 rf=1 retry=20 interval=380
DBG_ANCHOR_CH5_SCAN_RESCHED ret=1 delay=20
DBG_ANCHOR_CH5_SCAN_HANDLER role=2
DBG_ANCHOR_CH5_SCAN_BLOCKED win=0 survey=0 tx=0 retry_gap=0 wait=0 rx=0 rxq=0 rxr=0 ack=0 ch9=0 rf=1 retry=20 interval=380
DBG_ANCHOR_CH5_SCAN_RESCHED ret=1 delay=20
DBG_ANCHOR_CH5_SCAN_HANDLER role=2
DBG_ANCHOR_CH5_SCAN_BLOCKED win=0 survey=0 tx=0 retry_gap=0 wait=0 rx=0 rxq=0 rxr=0 ack=0 ch9=0 rf=1 retry=20 interval=380
DBG_ANCHOR_CH5_SCAN_RESCHED ret=1 delay=20
DBG_ANCHOR_CH5_SCAN_HANDLER role=2
DBG_ANCHOR_CH5_SCAN_BLOCKED win=0 survey=0 tx=0 retry_gap=0 wait=0 rx=0 rxq=0 rxr=0 ack=0 ch9=0 rf=1 retry=20 interval=380
DBG_ANCHOR_CH5_SCAN_RESCHED ret=1 delay=20
DBG_ANCHOR_CH5_SCAN_HANDLER role=2
DBG_ANCHOR_CH5_SCAN_BLOCKED win=0 survey=0 tx=0 retry_gap=0 wait=0 rx=0 rxq=0 rxr=0 ack=0 ch9=0 rf=1 retry=20 interval=380
DBG_ANCHOR_CH5_SCAN_RESCHED ret=1 delay=20
DBG_ANCHOR_CH5_SCAN_HANDLER role=2
DBG_ANCHOR_CH5_SCAN_BLOCKED win=0 survey=0 tx=0 retry_gap=0 wait=0 rx=0 rxq=0 rxr=0 ack=0 ch9=0 rf=1 retry=20 interval=380
DBG_ANCHOR_CH5_SCAN_RESCHED ret=1 delay=20
DBG_ANCHOR_CH5_SCAN_HANDLER role=2
DBG_ANCHOR_CH5_SCAN_BLOCKED win=0 survey=0 tx=0 retry_gap=0 wait=0 rx=0 rxq=0 rxr=0 ack=0 ch9=0 rf=1 retry=20 interval=380
DBG_ANCHOR_CH5_SCAN_RESCHED ret=1 delay=20
DBG_ANCHOR_CH5_SCAN_HANDLER role=2
DBG_ANCHOR_CH5_SCAN_BLOCKED win=0 survey=0 tx=0 retry_gap=0 wait=0 rx=0 rxq=0 rxr=0 ack=0 ch9=0 rf=1 retry=20 interval=380
DBG_ANCHOR_CH5_SCAN_RESCHED ret=1 delay=20
DBG_ANCHOR_CH5_SCAN_HANDLER role=2
DBG_ANCHOR_CH5_SCAN_BLOCKED win=0 survey=0 tx=0 retry_gap=0 wait=0 rx=0 rxq=0 rxr=0 ack=0 ch9=0 rf=1 retry=20 interval=380
DBG_ANCHOR_CH5_SCAN_RESCHED ret=1 delay=20
DBG_ANCHOR_CH5_SCAN_HANDLER role=2
DBG_ANCHOR_CH5_SCAN_BLOCKED win=0 survey=0 tx=0 retry_gap=0 wait=0 rx=0 rxq=0 rxr=0 ack=0 ch9=0 rf=1 retry=20 interval=380
DBG_ANCHOR_CH5_SCAN_RESCHED ret=1 delay=20
DBG_ANCHOR_CH5_SCAN_HANDLER role=2
DBG_ANCHOR_CH5_SCAN_BLOCKED win=0 survey=0 tx=0 retry_gap=0 wait=0 rx=0 rxq=0 rxr=0 ack=0 ch9=0 rf=1 retry=20 interval=380
DBG_ANCHOR_CH5_SCAN_RESCHED ret=1 delay=20
DBG_ANCHOR_CH5_SCAN_HANDLER role=2
DBG_ANCHOR_CH5_SCAN_BLOCKED win=0 survey=0 tx=0 retry_gap=0 wait=0 rx=0 rxq=0 rxr=0 ack=0 ch9=0 rf=1 retry=20 interval=380
DBG_ANCHOR_CH5_SCAN_RESCHED ret=1 delay=20
DBG_ANCHOR_CH5_SCAN_HANDLER role=2
DBG_ANCHOR_CH5_SCAN_BLOCKED win=0 survey=0 tx=0 retry_gap=0 wait=0 rx=0 rxq=0 rxr=0 ack=0 ch9=0 rf=1 retry=20 interval=380
DBG_ANCHOR_CH5_SCAN_RESCHED ret=1 delay=20
DBG_ANCHOR_CH5_SCAN_HANDLER role=2
DBG_ANCHOR_CH5_SCAN_BLOCKED win=0 survey=0 tx=0 retry_gap=0 wait=0 rx=0 rxq=0 rxr=0 ack=0 ch9=0 rf=1 retry=20 interval=380
DBG_ANCHOR_CH5_SCAN_RESCHED ret=1 delay=20
DBG_ANCHOR_CH5_SCAN_HANDLER role=2
DBG_ANCHOR_CH5_SCAN_BLOCKED win=0 survey=0 tx=0 retry_gap=0 wait=0 rx=0 rxq=0 rxr=0 ack=0 ch9=0 rf=1 retry=20 interval=380
DBG_ANCHOR_CH5_SCAN_RESCHED ret=1 delay=20
DBG_ANCHOR_CH5_SCAN_HANDLER role=2
DBG_ANCHOR_CH5_SCAN_BLOCKED win=0 survey=0 tx=0 retry_gap=0 wait=0 rx=0 rxq=0 rxr=0 ack=0 ch9=0 rf=1 retry=20 interval=380
DBG_ANCHOR_CH5_SCAN_RESCHED ret=1 delay=20
DBG_ANCHOR_CH5_SCAN_HANDLER role=2
DBG_ANCHOR_CH5_SCAN_BLOCKED win=0 survey=0 tx=0 retry_gap=0 wait=0 rx=0 rxq=0 rxr=0 ack=0 ch9=0 rf=1 retry=20 interval=380
DBG_ANCHOR_CH5_SCAN_RESCHED ret=1 delay=20
DBG_ANCHOR_CH5_SCAN_HANDLER role=2
DBG_ANCHOR_CH5_SCAN_BLOCKED win=0 survey=0 tx=0 retry_gap=0 wait=0 rx=0 rxq=0 rxr=0 ack=0 ch9=0 rf=1 retry=20 interval=380
DBG_ANCHOR_CH5_SCAN_RESCHED ret=1 delay=20
DBG_ANCHOR_CH5_SCAN_HANDLER role=2
DBG_ANCHOR_CH5_SCAN_BLOCKED win=0 survey=0 tx=0 retry_gap=0 wait=0 rx=0 rxq=0 rxr=0 ack=0 ch9=0 rf=1 retry=20 interval=380
DBG_ANCHOR_CH5_SCAN_RESCHED ret=1 delay=20
DBG_ANCHOR_CH5_SCAN_HANDLER role=2
DBG_ANCHOR_CH5_SCAN_BLOCKED win=0 survey=0 tx=0 retry_gap=0 wait=0 rx=0 rxq=0 rxr=0 ack=0 ch9=0 rf=1 retry=20 interval=380
DBG_ANCHOR_CH5_SCAN_RESCHED ret=1 delay=20
DBG_ANCHOR_CH5_SCAN_HANDLER role=2
DBG_ANCHOR_CH5_SCAN_BLOCKED win=0 survey=0 tx=0 retry_gap=0 wait=0 rx=0 rxq=0 rxr=0 ack=0 ch9=0 rf=1 retry=20 interval=380
DBG_ANCHOR_CH5_SCAN_RESCHED ret=1 delay=20
DBG_ANCHOR_CH5_SCAN_HANDLER role=2
DBG_ANCHOR_CH5_SCAN_BLOCKED win=0 survey=0 tx=0 retry_gap=0 wait=0 rx=0 rxq=0 rxr=0 ack=0 ch9=0 rf=1 retry=20 interval=380
DBG_ANCHOR_CH5_SCAN_RESCHED ret=1 delay=20
DBG_ANCHOR_CH5_SCAN_HANDLER role=2
DBG_ANCHOR_CH5_SCAN_BLOCKED win=0 survey=0 tx=0 retry_gap=0 wait=0 rx=0 rxq=0 rxr=0 ack=0 ch9=0 rf=1 retry=20 interval=380
DBG_ANCHOR_CH5_SCAN_RESCHED ret=1 delay=20
DBG_ANCHOR_CH5_SCAN_HANDLER role=2
DBG_ANCHOR_CH5_SCAN_BLOCKED win=0 survey=0 tx=0 retry_gap=0 wait=0 rx=0 rxq=0 rxr=0 ack=0 ch9=0 rf=1 retry=20 interval=380
DBG_ANCHOR_CH5_SCAN_RESCHED ret=1 delay=20
DBG_ANCHOR_CH5_SCAN_HANDLER role=2
DBG_ANCHOR_CH5_SCAN_BLOCKED win=0 survey=0 tx=0 retry_gap=0 wait=0 rx=0 rxq=0 rxr=0 ack=0 ch9=0 rf=1 retry=20 interval=380
DBG_ANCHOR_CH5_SCAN_RESCHED ret=1 delay=20
DBG_ANCHOR_CH5_SCAN_HANDLER role=2
DBG_ANCHOR_CH5_SCAN_BLOCKED win=0 survey=0 tx=0 retry_gap=0 wait=0 rx=0 rxq=0 rxr=0 ack=0 ch9=0 rf=1 retry=20 interval=380
DBG_ANCHOR_CH5_SCAN_RESCHED ret=1 delay=20
DBG_ANCHOR_CH5_SCAN_HANDLER role=2
DBG_ANCHOR_CH5_SCAN_BLOCKED win=0 survey=0 tx=0 retry_gap=0 wait=0 rx=0 rxq=0 rxr=0 ack=0 ch9=0 rf=1 retry=20 interval=380
DBG_ANCHOR_CH5_SCAN_RESCHED ret=1 delay=20
DBG_ANCHOR_CH5_SCAN_HANDLER role=2
DBG_ANCHOR_CH5_SCAN_BLOCKED win=0 survey=0 tx=0 retry_gap=0 wait=0 rx=0 rxq=0 rxr=0 ack=0 ch9=0 rf=1 retry=20 interval=380
DBG_ANCHOR_CH5_SCAN_RESCHED ret=1 delay=20
DBG_ANCHOR_CH5_SCAN_HANDLER role=2
DBG_ANCHOR_CH5_SCAN_BLOCKED win=0 survey=0 tx=0 retry_gap=0 wait=0 rx=0 rxq=0 rxr=0 ack=0 ch9=0 rf=1 retry=20 interval=380
DBG_ANCHOR_CH5_SCAN_RESCHED ret=1 delay=20
DBG_ANCHOR_CH5_SCAN_HANDLER role=2
DBG_ANCHOR_CH5_SCAN_BLOCKED win=0 survey=0 tx=0 retry_gap=0 wait=0 rx=0 rxq=0 rxr=0 ack=0 ch9=0 rf=1 retry=20 interval=380
DBG_ANCHOR_CH5_SCAN_RESCHED ret=1 delay=20
DBG_ANCHOR_CH5_SCAN_HANDLER role=2
DBG_ANCHOR_CH5_SCAN_BLOCKED win=0 survey=0 tx=0 retry_gap=0 wait=0 rx=0 rxq=0 rxr=0 ack=0 ch9=0 rf=1 retry=20 interval=380
DBG_ANCHOR_CH5_SCAN_RESCHED ret=1 delay=20
DBG_ANCHOR_CH5_SCAN_HANDLER role=2
DBG_ANCHOR_CH5_SCAN_BLOCKED win=0 survey=0 tx=0 retry_gap=0 wait=0 rx=0 rxq=0 rxr=0 ack=0 ch9=0 rf=1 retry=20 interval=380
DBG_ANCHOR_CH5_SCAN_RESCHED ret=1 delay=20
DBG_ANCHOR_CH5_SCAN_HANDLER role=2
DBG_ANCHOR_CH5_SCAN_BLOCKED win=0 survey=0 tx=0 retry_gap=0 wait=0 rx=0 rxq=0 rxr=0 ack=0 ch9=0 rf=1 retry=20 interval=380
DBG_ANCHOR_CH5_SCAN_RESCHED ret=1 delay=20
DBG_ANCHOR_CH5_SCAN_HANDLER role=2
DBG_ANCHOR_CH5_SCAN_BLOCKED win=0 survey=0 tx=0 retry_gap=0 wait=0 rx=0 rxq=0 rxr=0 ack=0 ch9=0 rf=1 retry=20 interval=380
DBG_ANCHOR_CH5_SCAN_RESCHED ret=1 delay=20
DBG_ANCHOR_CH5_SCAN_HANDLER role=2
DBG_ANCHOR_CH5_SCAN_BLOCKED win=0 survey=0 tx=0 retry_gap=0 wait=0 rx=0 rxq=0 rxr=0 ack=0 ch9=0 rf=1 retry=20 interval=380
DBG_ANCHOR_CH5_SCAN_RESCHED ret=1 delay=20
DBG_ANCHOR_CH5_SCAN_HANDLER role=2
DBG_ANCHOR_CH5_SCAN_BLOCKED win=0 survey=0 tx=0 retry_gap=0 wait=0 rx=0 rxq=0 rxr=0 ack=0 ch9=0 rf=1 retry=20 interval=380
DBG_ANCHOR_CH5_SCAN_RESCHED ret=1 delay=20
DBG_ANCHOR_CH5_SCAN_HANDLER role=2
DBG_ANCHOR_CH5_SCAN_BLOCKED win=0 survey=0 tx=0 retry_gap=0 wait=0 rx=0 rxq=0 rxr=0 ack=0 ch9=0 rf=1 retry=20 interval=380
DBG_ANCHOR_CH5_SCAN_RESCHED ret=1 delay=20
DBG_ANCHOR_CH5_SCAN_HANDLER role=2
DBG_ANCHOR_CH5_SCAN_BLOCKED win=0 survey=0 tx=0 retry_gap=0 wait=0 rx=0 rxq=0 rxr=0 ack=0 ch9=0 rf=1 retry=20 interval=380
DBG_ANCHOR_CH5_SCAN_RESCHED ret=1 delay=20
DBG_ANCHOR_CH5_SCAN_HANDLER role=2
DBG_ANCHOR_CH5_SCAN_BLOCKED win=0 survey=0 tx=0 retry_gap=0 wait=0 rx=0 rxq=0 rxr=0 ack=0 ch9=0 rf=1 retry=20 interval=380
DBG_ANCHOR_CH5_SCAN_RESCHED ret=1 delay=20
DBG_ANCHOR_CH5_SCAN_HANDLER role=2
DBG_ANCHOR_CH5_SCAN_BLOCKED win=0 survey=0 tx=0 retry_gap=0 wait=0 rx=0 rxq=0 rxr=0 ack=0 ch9=0 rf=1 retry=20 interval=380
DBG_ANCHOR_CH5_SCAN_RESCHED ret=1 delay=20
DBG_ANCHOR_CH5_SCAN_HANDLER role=2
DBG_ANCHOR_CH5_SCAN_BLOCKED win=0 survey=0 tx=0 retry_gap=0 wait=0 rx=0 rxq=0 rxr=0 ack=0 ch9=0 rf=1 retry=20 interval=380
DBG_ANCHOR_CH5_SCAN_RESCHED ret=1 delay=20
DBG_ANCHOR_CH5_SCAN_HANDLER role=2
DBG_ANCHOR_CH5_SCAN_BLOCKED win=0 survey=0 tx=0 retry_gap=0 wait=0 rx=0 rxq=0 rxr=0 ack=0 ch9=0 rf=1 retry=20 interval=380
DBG_ANCHOR_CH5_SCAN_RESCHED ret=1 delay=20
DBG_ANCHOR_CH5_SCAN_HANDLER role=2
DBG_ANCHOR_CH5_SCAN_BLOCKED win=0 survey=0 tx=0 retry_gap=0 wait=0 rx=0 rxq=0 rxr=0 ack=0 ch9=0 rf=1 retry=20 interval=380
DBG_ANCHOR_CH5_SCAN_RESCHED ret=1 delay=20
DBG_ANCHOR_CH5_SCAN_HANDLER role=2
DBG_ANCHOR_CH5_SCAN_BLOCKED win=0 survey=0 tx=0 retry_gap=0 wait=0 rx=0 rxq=0 rxr=0 ack=0 ch9=0 rf=1 retry=20 interval=380
DBG_ANCHOR_CH5_SCAN_RESCHED ret=1 delay=20
DBG_ANCHOR_CH5_SCAN_HANDLER role=2
DBG_ANCHOR_CH5_SCAN_BLOCKED win=0 survey=0 tx=0 retry_gap=0 wait=0 rx=0 rxq=0 rxr=0 ack=0 ch9=0 rf=1 retry=20 interval=380
DBG_ANCHOR_CH5_SCAN_RESCHED ret=1 delay=20
DBG_ANCHOR_CH5_SCAN_HANDLER role=2
DBG_ANCHOR_CH5_SCAN_BLOCKED win=0 survey=0 tx=0 retry_gap=0 wait=0 rx=0 rxq=0 rxr=0 ack=0 ch9=0 rf=1 retry=20 interval=380
DBG_ANCHOR_CH5_SCAN_RESCHED ret=1 delay=20
DBG_ANCHOR_CH5_SCAN_HANDLER role=2
DBG_ANCHOR_CH5_SCAN_BLOCKED win=0 survey=0 tx=0 retry_gap=0 wait=0 rx=0 rxq=0 rxr=0 ack=0 ch9=0 rf=1 retry=20 interval=380
DBG_ANCHOR_CH5_SCAN_RESCHED ret=1 delay=20
DBG_ANCHOR_CH5_SCAN_HANDLER role=2
DBG_ANCHOR_CH5_SCAN_BLOCKED win=0 survey=0 tx=0 retry_gap=0 wait=0 rx=0 rxq=0 rxr=0 ack=0 ch9=0 rf=1 retry=20 interval=380
DBG_ANCHOR_CH5_SCAN_RESCHED ret=1 delay=20
DBG_ANCHOR_CH5_SCAN_HANDLER role=2
DBG_ANCHOR_CH5_SCAN_BLOCKED win=0 survey=0 tx=0 retry_gap=0 wait=0 rx=0 rxq=0 rxr=0 ack=0 ch9=0 rf=1 retry=20 interval=380
DBG_ANCHOR_CH5_SCAN_RESCHED ret=1 delay=20
DBG_ANCHOR_CH5_SCAN_HANDLER role=2
DBG_ANCHOR_CH5_SCAN_BLOCKED win=0 survey=0 tx=0 retry_gap=0 wait=0 rx=0 rxq=0 rxr=0 ack=0 ch9=0 rf=1 retry=20 interval=380
DBG_ANCHOR_CH5_SCAN_RESCHED ret=1 delay=20
DBG_ANCHOR_CH5_SCAN_HANDLER role=2
DBG_ANCHOR_CH5_SCAN_BLOCKED win=0 survey=0 tx=0 retry_gap=0 wait=0 rx=0 rxq=0 rxr=0 ack=0 ch9=0 rf=1 retry=20 interval=380
DBG_ANCHOR_CH5_SCAN_RESCHED ret=1 delay=20
DBG_ANCHOR_CH5_SCAN_HANDLER role=2
DBG_ANCHOR_CH5_SCAN_BLOCKED win=0 survey=0 tx=0 retry_gap=0 wait=0 rx=0 rxq=0 rxr=0 ack=0 ch9=0 rf=1 retry=20 interval=380
DBG_ANCHOR_CH5_SCAN_RESCHED ret=1 delay=20
DBG_ANCHOR_CH5_SCAN_HANDLER role=2
DBG_ANCHOR_CH5_SCAN_BLOCKED win=0 survey=0 tx=0 retry_gap=0 wait=0 rx=0 rxq=0 rxr=0 ack=0 ch9=0 rf=1 retry=20 interval=380
DBG_ANCHOR_CH5_SCAN_RESCHED ret=1 delay=20
DBG_ANCHOR_CH5_SCAN_HANDLER role=2
DBG_ANCHOR_CH5_SCAN_BLOCKED win=0 survey=0 tx=0 retry_gap=0 wait=0 rx=0 rxq=0 rxr=0 ack=0 ch9=0 rf=1 retry=20 interval=380
DBG_ANCHOR_CH5_SCAN_RESCHED ret=1 delay=20
DBG_ANCHOR_CH5_SCAN_HANDLER role=2
DBG_ANCHOR_CH5_SCAN_BLOCKED win=0 survey=0 tx=0 retry_gap=0 wait=0 rx=0 rxq=0 rxr=0 ack=0 ch9=0 rf=1 retry=20 interval=380
DBG_ANCHOR_CH5_SCAN_RESCHED ret=1 delay=20
DBG_ANCHOR_CH5_SCAN_HANDLER role=2
DBG_ANCHOR_CH5_SCAN_BLOCKED win=0 survey=0 tx=0 retry_gap=0 wait=0 rx=0 rxq=0 rxr=0 ack=0 ch9=0 rf=1 retry=20 interval=380
DBG_ANCHOR_CH5_SCAN_RESCHED ret=1 delay=20
DBG_ANCHOR_CH5_SCAN_HANDLER role=2
DBG_ANCHOR_CH5_SCAN_BLOCKED win=0 survey=0 tx=0 retry_gap=0 wait=0 rx=0 rxq=0 rxr=0 ack=0 ch9=0 rf=1 retry=20 interval=380
DBG_ANCHOR_CH5_SCAN_RESCHED ret=1 delay=20
DBG_ANCHOR_CH5_SCAN_HANDLER role=2
DBG_ANCHOR_CH5_SCAN_BLOCKED win=0 survey=0 tx=0 retry_gap=0 wait=0 rx=0 rxq=0 rxr=0 ack=0 ch9=0 rf=1 retry=20 interval=380
DBG_ANCHOR_CH5_SCAN_RESCHED ret=1 delay=20
DBG_ANCHOR_CH5_SCAN_HANDLER role=2
DBG_ANCHOR_CH5_SCAN_BLOCKED win=0 survey=0 tx=0 retry_gap=0 wait=0 rx=0 rxq=0 rxr=0 ack=0 ch9=0 rf=1 retry=20 interval=380
DBG_ANCHOR_CH5_SCAN_RESCHED ret=1 delay=20
DBG_ANCHOR_CH5_SCAN_HANDLER role=2
DBG_ANCHOR_CH5_SCAN_BLOCKED win=0 survey=0 tx=0 retry_gap=0 wait=0 rx=0 rxq=0 rxr=0 ack=0 ch9=0 rf=1 retry=20 interval=380
DBG_ANCHOR_CH5_SCAN_RESCHED ret=1 delay=20
DBG_ANCHOR_CH5_SCAN_HANDLER role=2
DBG_ANCHOR_CH5_SCAN_BLOCKED win=0 survey=0 tx=0 retry_gap=0 wait=0 rx=0 rxq=0 rxr=0 ack=0 ch9=0 rf=1 retry=20 interval=380
DBG_ANCHOR_CH5_SCAN_RESCHED ret=1 delay=20
DBG_ANCHOR_CH5_SCAN_HANDLER role=2
DBG_ANCHOR_CH5_SCAN_BLOCKED win=0 survey=0 tx=0 retry_gap=0 wait=0 rx=0 rxq=0 rxr=0 ack=0 ch9=0 rf=1 retry=20 interval=380
DBG_ANCHOR_CH5_SCAN_RESCHED ret=1 delay=20
DBG_ANCHOR_CH5_SCAN_HANDLER role=2
DBG_ANCHOR_CH5_SCAN_BLOCKED win=0 survey=0 tx=0 retry_gap=0 wait=0 rx=0 rxq=0 rxr=0 ack=0 ch9=0 rf=1 retry=20 interval=380
DBG_ANCHOR_CH5_SCAN_RESCHED ret=1 delay=20
DBG_ANCHOR_CH5_SCAN_HANDLER role=2
DBG_ANCHOR_CH5_SCAN_BLOCKED win=0 survey=0 tx=0 retry_gap=0 wait=0 rx=0 rxq=0 rxr=0 ack=0 ch9=0 rf=1 retry=20 interval=380
DBG_ANCHOR_CH5_SCAN_RESCHED ret=1 delay=20
DBG_ANCHOR_CH5_SCAN_HANDLER role=2
DBG_ANCHOR_CH5_SCAN_BLOCKED win=0 survey=0 tx=0 retry_gap=0 wait=0 rx=0 rxq=0 rxr=0 ack=0 ch9=0 rf=1 retry=20 interval=380
DBG_ANCHOR_CH5_SCAN_RESCHED ret=1 delay=20
DBG_ANCHOR_CH5_SCAN_HANDLER role=2
DBG_ANCHOR_CH5_SCAN_BLOCKED win=0 survey=0 tx=0 retry_gap=0 wait=0 rx=0 rxq=0 rxr=0 ack=0 ch9=0 rf=1 retry=20 interval=380
DBG_ANCHOR_CH5_SCAN_RESCHED ret=1 delay=20
DBG_ANCHOR_CH5_SCAN_HANDLER role=2
DBG_ANCHOR_CH5_SCAN_BLOCKED win=0 survey=0 tx=0 retry_gap=0 wait=0 rx=0 rxq=0 rxr=0 ack=0 ch9=0 rf=1 retry=20 interval=380
DBG_ANCHOR_CH5_SCAN_RESCHED ret=1 delay=20
DBG_ANCHOR_CH5_SCAN_HANDLER role=2
DBG_ANCHOR_CH5_SCAN_BLOCKED win=0 survey=0 tx=0 retry_gap=0 wait=0 rx=0 rxq=0 rxr=0 ack=0 ch9=0 rf=1 retry=20 interval=380
DBG_ANCHOR_CH5_SCAN_RESCHED ret=1 delay=20
DBG_ANCHOR_CH5_SCAN_HANDLER role=2
DBG_ANCHOR_CH5_SCAN_BLOCKED win=0 survey=0 tx=0 retry_gap=0 wait=0 rx=0 rxq=0 rxr=0 ack=0 ch9=0 rf=1 retry=20 interval=380
DBG_ANCHOR_CH5_SCAN_RESCHED ret=1 delay=20
DBG_ANCHOR_CH5_SCAN_HANDLER role=2
DBG_ANCHOR_CH5_SCAN_BLOCKED win=0 survey=0 tx=0 retry_gap=0 wait=0 rx=0 rxq=0 rxr=0 ack=0 ch9=0 rf=1 retry=20 interval=380
DBG_ANCHOR_CH5_SCAN_RESCHED ret=1 delay=20
DBG_ANCHOR_CH5_SCAN_HANDLER role=2
DBG_ANCHOR_CH5_SCAN_BLOCKED win=0 survey=0 tx=0 retry_gap=0 wait=0 rx=0 rxq=0 rxr=0 ack=0 ch9=0 rf=1 retry=20 interval=380
DBG_ANCHOR_CH5_SCAN_RESCHED ret=1 delay=20
DBG_ANCHOR_CH5_SCAN_HANDLER role=2
DBG_ANCHOR_CH5_SCAN_BLOCKED win=0 survey=0 tx=0 retry_gap=0 wait=0 rx=0 rxq=0 rxr=0 ack=0 ch9=0 rf=1 retry=20 interval=380
DBG_ANCHOR_CH5_SCAN_RESCHED ret=1 delay=20
DBG_ANCHOR_CH5_SCAN_HANDLER role=2
DBG_ANCHOR_CH5_SCAN_BLOCKED win=0 survey=0 tx=0 retry_gap=0 wait=0 rx=0 rxq=0 rxr=0 ack=0 ch9=0 rf=1 retry=20 interval=380
DBG_ANCHOR_CH5_SCAN_RESCHED ret=1 delay=20
DBG_ANCHOR_CH5_SCAN_HANDLER role=2
DBG_ANCHOR_CH5_SCAN_BLOCKED win=0 survey=0 tx=0 retry_gap=0 wait=0 rx=0 rxq=0 rxr=0 ack=0 ch9=0 rf=1 retry=20 interval=380
DBG_ANCHOR_CH5_SCAN_RESCHED ret=1 delay=20
DBG_ANCHOR_CH5_SCAN_HANDLER role=2
DBG_ANCHOR_CH5_SCAN_BLOCKED win=0 survey=0 tx=0 retry_gap=0 wait=0 rx=0 rxq=0 rxr=0 ack=0 ch9=0 rf=1 retry=20 interval=380
DBG_ANCHOR_CH5_SCAN_RESCHED ret=1 delay=20
DBG_ANCHOR_CH5_SCAN_HANDLER role=2
DBG_ANCHOR_CH5_SCAN_BLOCKED win=0 survey=0 tx=0 retry_gap=0 wait=0 rx=0 rxq=0 rxr=0 ack=0 ch9=0 rf=1 retry=20 interval=380
DBG_ANCHOR_CH5_SCAN_RESCHED ret=1 delay=20
DBG_ANCHOR_CH5_SCAN_HANDLER role=2
DBG_ANCHOR_CH5_SCAN_BLOCKED win=0 survey=0 tx=0 retry_gap=0 wait=0 rx=0 rxq=0 rxr=0 ack=0 ch9=0 rf=1 retry=20 interval=380
DBG_ANCHOR_CH5_SCAN_RESCHED ret=1 delay=20
DBG_ANCHOR_CH5_SCAN_HANDLER role=2
DBG_ANCHOR_CH5_SCAN_BLOCKED win=0 survey=0 tx=0 retry_gap=0 wait=0 rx=0 rxq=0 rxr=0 ack=0 ch9=0 rf=1 retry=20 interval=380
DBG_ANCHOR_CH5_SCAN_RESCHED ret=1 delay=20
DBG_ANCHOR_CH5_SCAN_HANDLER role=2
DBG_ANCHOR_CH5_SCAN_BLOCKED win=0 survey=0 tx=0 retry_gap=0 wait=0 rx=0 rxq=0 rxr=0 ack=0 ch9=0 rf=1 retry=20 interval=380
DBG_ANCHOR_CH5_SCAN_RESCHED ret=1 delay=20
DBG_ANCHOR_CH5_SCAN_HANDLER role=2
DBG_ANCHOR_CH5_SCAN_BLOCKED win=0 survey=0 tx=0 retry_gap=0 wait=0 rx=0 rxq=0 rxr=0 ack=0 ch9=0 rf=1 retry=20 interval=380
DBG_ANCHOR_CH5_SCAN_RESCHED ret=1 delay=20
DBG_ANCHOR_CH5_SCAN_HANDLER role=2
DBG_ANCHOR_CH5_SCAN_BLOCKED win=0 survey=0 tx=0 retry_gap=0 wait=0 rx=0 rxq=0 rxr=0 ack=0 ch9=0 rf=1 retry=20 interval=380
DBG_ANCHOR_CH5_SCAN_RESCHED ret=1 delay=20
DBG_ANCHOR_CH5_SCAN_HANDLER role=2
DBG_ANCHOR_CH5_SCAN_BLOCKED win=0 survey=0 tx=0 retry_gap=0 wait=0 rx=0 rxq=0 rxr=0 ack=0 ch9=0 rf=1 retry=20 interval=380
DBG_ANCHOR_CH5_SCAN_RESCHED ret=1 delay=20
DBG_ANCHOR_CH5_SCAN_HANDLER role=2
DBG_ANCHOR_CH5_SCAN_BLOCKED win=0 survey=0 tx=0 retry_gap=0 wait=0 rx=0 rxq=0 rxr=0 ack=0 ch9=0 rf=1 retry=20 interval=380
DBG_ANCHOR_CH5_SCAN_RESCHED ret=1 delay=20
DBG_ANCHOR_CH5_SCAN_HANDLER role=2
DBG_ANCHOR_CH5_SCAN_BLOCKED win=0 survey=0 tx=0 retry_gap=0 wait=0 rx=0 rxq=0 rxr=0 ack=0 ch9=0 rf=1 retry=20 interval=380
DBG_ANCHOR_CH5_SCAN_RESCHED ret=1 delay=20
DBG_ANCHOR_CH5_SCAN_HANDLER role=2
DBG_ANCHOR_CH5_SCAN_BLOCKED win=0 survey=0 tx=0 retry_gap=0 wait=0 rx=0 rxq=0 rxr=0 ack=0 ch9=0 rf=1 retry=20 interval=380
DBG_ANCHOR_CH5_SCAN_RESCHED ret=1 delay=20
DBG_ANCHOR_CH5_SCAN_HANDLER role=2
DBG_ANCHOR_CH5_SCAN_BLOCKED win=0 survey=0 tx=0 retry_gap=0 wait=0 rx=0 rxq=0 rxr=0 ack=0 ch9=0 rf=1 retry=20 interval=380
DBG_ANCHOR_CH5_SCAN_RESCHED ret=1 delay=20
DBG_ANCHOR_CH5_SCAN_HANDLER role=2
DBG_ANCHOR_CH5_SCAN_BLOCKED win=0 survey=0 tx=0 retry_gap=0 wait=0 rx=0 rxq=0 rxr=0 ack=0 ch9=0 rf=1 retry=20 interval=380
DBG_ANCHOR_CH5_SCAN_RESCHED ret=1 delay=20
DBG_ANCHOR_CH5_SCAN_HANDLER role=2
DBG_ANCHOR_CH5_SCAN_BLOCKED win=0 survey=0 tx=0 retry_gap=0 wait=0 rx=0 rxq=0 rxr=0 ack=0 ch9=0 rf=1 retry=20 interval=380
DBG_ANCHOR_CH5_SCAN_RESCHED ret=1 delay=20
DBG_ANCHOR_CH5_SCAN_HANDLER role=2
DBG_ANCHOR_CH5_SCAN_BLOCKED win=0 survey=0 tx=0 retry_gap=0 wait=0 rx=0 rxq=0 rxr=0 ack=0 ch9=0 rf=1 retry=20 interval=380
DBG_ANCHOR_CH5_SCAN_RESCHED ret=1 delay=20
DBG_ANCHOR_CH5_SCAN_HANDLER role=2
DBG_ANCHOR_CH5_SCAN_BLOCKED win=0 survey=0 tx=0 retry_gap=0 wait=0 rx=0 rxq=0 rxr=0 ack=0 ch9=0 rf=1 retry=20 interval=380
DBG_ANCHOR_CH5_SCAN_RESCHED ret=1 delay=20
DBG_ANCHOR_CH5_SCAN_HANDLER role=2
DBG_ANCHOR_CH5_SCAN_BLOCKED win=0 survey=0 tx=0 retry_gap=0 wait=0 rx=0 rxq=0 rxr=0 ack=0 ch9=0 rf=1 retry=20 interval=380
DBG_ANCHOR_CH5_SCAN_RESCHED ret=1 delay=20
DBG_ANCHOR_CH5_SCAN_HANDLER role=2
DBG_ANCHOR_CH5_SCAN_BLOCKED win=0 survey=0 tx=0 retry_gap=0 wait=0 rx=0 rxq=0 rxr=0 ack=0 ch9=0 rf=1 retry=20 interval=380
DBG_ANCHOR_CH5_SCAN_RESCHED ret=1 delay=20
DBG_ANCHOR_CH5_SCAN_HANDLER role=2
DBG_ANCHOR_CH5_SCAN_BLOCKED win=0 survey=0 tx=0 retry_gap=0 wait=0 rx=0 rxq=0 rxr=0 ack=0 ch9=0 rf=1 retry=20 interval=380
DBG_ANCHOR_CH5_SCAN_RESCHED ret=1 delay=20
DBG_ANCHOR_CH5_SCAN_HANDLER role=2
DBG_ANCHOR_CH5_SCAN_BLOCKED win=0 survey=0 tx=0 retry_gap=0 wait=0 rx=0 rxq=0 rxr=0 ack=0 ch9=0 rf=1 retry=20 interval=380
DBG_ANCHOR_CH5_SCAN_RESCHED ret=1 delay=20
DBG_ANCHOR_CH5_SCAN_HANDLER role=2
DBG_ANCHOR_CH5_SCAN_BLOCKED win=0 survey=0 tx=0 retry_gap=0 wait=0 rx=0 rxq=0 rxr=0 ack=0 ch9=0 rf=1 retry=20 interval=380
DBG_ANCHOR_CH5_SCAN_RESCHED ret=1 delay=20
DBG_ANCHOR_CH5_SCAN_HANDLER role=2
DBG_ANCHOR_CH5_SCAN_BLOCKED win=0 survey=0 tx=0 retry_gap=0 wait=0 rx=0 rxq=0 rxr=0 ack=0 ch9=0 rf=1 retry=20 interval=380
DBG_ANCHOR_CH5_SCAN_RESCHED ret=1 delay=20
DBG_ANCHOR_CH5_SCAN_HANDLER role=2
DBG_ANCHOR_CH5_SCAN_BLOCKED win=0 survey=0 tx=0 retry_gap=0 wait=0 rx=0 rxq=0 rxr=0 ack=0 ch9=0 rf=1 retry=20 interval=380
DBG_ANCHOR_CH5_SCAN_RESCHED ret=1 delay=20
DBG_ANCHOR_CH5_SCAN_HANDLER role=2
DBG_ANCHOR_CH5_SCAN_BLOCKED win=0 survey=0 tx=0 retry_gap=0 wait=0 rx=0 rxq=0 rxr=0 ack=0 ch9=0 rf=1 retry=20 interval=380
DBG_ANCHOR_CH5_SCAN_RESCHED ret=1 delay=20
DBG_ANCHOR_CH5_SCAN_HANDLER role=2
DBG_ANCHOR_CH5_SCAN_BLOCKED win=0 survey=0 tx=0 retry_gap=0 wait=0 rx=0 rxq=0 rxr=0 ack=0 ch9=0 rf=1 retry=20 interval=380
DBG_ANCHOR_CH5_SCAN_RESCHED ret=1 delay=20
DBG_ANCHOR_CH5_SCAN_HANDLER role=2
DBG_ANCHOR_CH5_SCAN_BLOCKED win=0 survey=0 tx=0 retry_gap=0 wait=0 rx=0 rxq=0 rxr=0 ack=0 ch9=0 rf=1 retry=20 interval=380
DBG_ANCHOR_CH5_SCAN_RESCHED ret=1 delay=20
DBG_ANCHOR_CH5_SCAN_HANDLER role=2
DBG_ANCHOR_CH5_SCAN_BLOCKED win=0 survey=0 tx=0 retry_gap=0 wait=0 rx=0 rxq=0 rxr=0 ack=0 ch9=0 rf=1 retry=20 interval=380
DBG_ANCHOR_CH5_SCAN_RESCHED ret=1 delay=20
DBG_ANCHOR_CH5_SCAN_HANDLER role=2
DBG_ANCHOR_CH5_SCAN_BLOCKED win=0 survey=0 tx=0 retry_gap=0 wait=0 rx=0 rxq=0 rxr=0 ack=0 ch9=0 rf=1 retry=20 interval=380
DBG_ANCHOR_CH5_SCAN_RESCHED ret=1 delay=20
DBG_ANCHOR_CH5_SCAN_HANDLER role=2
DBG_ANCHOR_CH5_SCAN_BLOCKED win=0 survey=0 tx=0 retry_gap=0 wait=0 rx=0 rxq=0 rxr=0 ack=0 ch9=0 rf=1 retry=20 interval=380
DBG_ANCHOR_CH5_SCAN_RESCHED ret=1 delay=20
DBG_ANCHOR_CH5_SCAN_HANDLER role=2
DBG_ANCHOR_CH5_SCAN_BLOCKED win=0 survey=0 tx=0 retry_gap=0 wait=0 rx=0 rxq=0 rxr=0 ack=0 ch9=0 rf=1 retry=20 interval=380
DBG_ANCHOR_CH5_SCAN_RESCHED ret=1 delay=20
DBG_ANCHOR_CH5_SCAN_HANDLER role=2
DBG_ANCHOR_CH5_SCAN_BLOCKED win=0 survey=0 tx=0 retry_gap=0 wait=0 rx=0 rxq=0 rxr=0 ack=0 ch9=0 rf=1 retry=20 interval=380
DBG_ANCHOR_CH5_SCAN_RESCHED ret=1 delay=20
DBG_ANCHOR_CH5_SCAN_HANDLER role=2
DBG_ANCHOR_CH5_SCAN_BLOCKED win=0 survey=0 tx=0 retry_gap=0 wait=0 rx=0 rxq=0 rxr=0 ack=0 ch9=0 rf=1 retry=20 interval=380
DBG_ANCHOR_CH5_SCAN_RESCHED ret=1 delay=20
DBG_ANCHOR_CH5_SCAN_HANDLER role=2
DBG_ANCHOR_CH5_SCAN_BLOCKED win=0 survey=0 tx=0 retry_gap=0 wait=0 rx=0 rxq=0 rxr=0 ack=0 ch9=0 rf=1 retry=20 interval=380
DBG_ANCHOR_CH5_SCAN_RESCHED ret=1 delay=20
DBG_ANCHOR_CH5_SCAN_HANDLER role=2
DBG_ANCHOR_CH5_SCAN_BLOCKED win=0 survey=0 tx=0 retry_gap=0 wait=0 rx=0 rxq=0 rxr=0 ack=0 ch9=0 rf=1 retry=20 interval=380
DBG_ANCHOR_CH5_SCAN_RESCHED ret=1 delay=20
DBG_ANCHOR_CH5_SCAN_HANDLER role=2
DBG_ANCHOR_CH5_SCAN_BLOCKED win=0 survey=0 tx=0 retry_gap=0 wait=0 rx=0 rxq=0 rxr=0 ack=0 ch9=0 rf=1 retry=20 interval=380
DBG_ANCHOR_CH5_SCAN_RESCHED ret=1 delay=20
DBG_ANCHOR_CH5_SCAN_HANDLER role=2
DBG_ANCHOR_CH5_SCAN_BLOCKED win=0 survey=0 tx=0 retry_gap=0 wait=0 rx=0 rxq=0 rxr=0 ack=0 ch9=0 rf=1 retry=20 interval=380
DBG_ANCHOR_CH5_SCAN_RESCHED ret=1 delay=20
DBG_ANCHOR_CH5_SCAN_HANDLER role=2
DBG_ANCHOR_CH5_SCAN_BLOCKED win=0 survey=0 tx=0 retry_gap=0 wait=0 rx=0 rxq=0 rxr=0 ack=0 ch9=0 rf=1 retry=20 interval=380
DBG_ANCHOR_CH5_SCAN_RESCHED ret=1 delay=20
DBG_ANCHOR_CH5_SCAN_HANDLER role=2
DBG_ANCHOR_CH5_SCAN_BLOCKED win=0 survey=0 tx=0 retry_gap=0 wait=0 rx=0 rxq=0 rxr=0 ack=0 ch9=0 rf=1 retry=20 interval=380
DBG_ANCHOR_CH5_SCAN_RESCHED ret=1 delay=20
DBG_ANCHOR_CH5_SCAN_HANDLER role=2
DBG_ANCHOR_CH5_SCAN_BLOCKED win=0 survey=0 tx=0 retry_gap=0 wait=0 rx=0 rxq=0 rxr=0 ack=0 ch9=0 rf=1 retry=20 interval=380
DBG_ANCHOR_CH5_SCAN_RESCHED ret=1 delay=20
DBG_ANCHOR_CH5_SCAN_HANDLER role=2
DBG_ANCHOR_CH5_SCAN_BLOCKED win=0 survey=0 tx=0 retry_gap=0 wait=0 rx=0 rxq=0 rxr=0 ack=0 ch9=0 rf=1 retry=20 interval=380
DBG_ANCHOR_CH5_SCAN_RESCHED ret=1 delay=20
DBG_ANCHOR_CH5_SCAN_HANDLER role=2
DBG_ANCHOR_CH5_SCAN_BLOCKED win=0 survey=0 tx=0 retry_gap=0 wait=0 rx=0 rxq=0 rxr=0 ack=0 ch9=0 rf=1 retry=20 interval=380
DBG_ANCHOR_CH5_SCAN_RESCHED ret=1 delay=20
DBG_ANCHOR_CH5_SCAN_HANDLER role=2
DBG_ANCHOR_CH5_SCAN_BLOCKED win=0 survey=0 tx=0 retry_gap=0 wait=0 rx=0 rxq=0 rxr=0 ack=0 ch9=0 rf=1 retry=20 interval=380
DBG_ANCHOR_CH5_SCAN_RESCHED ret=1 delay=20
DBG_ANCHOR_CH5_SCAN_HANDLER role=2
DBG_ANCHOR_CH5_SCAN_BLOCKED win=0 survey=0 tx=0 retry_gap=0 wait=0 rx=0 rxq=0 rxr=0 ack=0 ch9=0 rf=1 retry=20 interval=380
DBG_ANCHOR_CH5_SCAN_RESCHED ret=1 delay=20
DBG_ANCHOR_CH5_SCAN_HANDLER role=2
DBG_ANCHOR_CH5_SCAN_BLOCKED win=0 survey=0 tx=0 retry_gap=0 wait=0 rx=0 rxq=0 rxr=0 ack=0 ch9=0 rf=1 retry=20 interval=380
DBG_ANCHOR_CH5_SCAN_RESCHED ret=1 delay=20
DBG_ANCHOR_CH5_SCAN_HANDLER role=2
DBG_ANCHOR_CH5_SCAN_BLOCKED win=0 survey=0 tx=0 retry_gap=0 wait=0 rx=0 rxq=0 rxr=0 ack=0 ch9=0 rf=1 retry=20 interval=380
DBG_ANCHOR_CH5_SCAN_RESCHED ret=1 delay=20
DBG_ANCHOR_CH5_SCAN_HANDLER role=2
DBG_ANCHOR_CH5_SCAN_BLOCKED win=0 survey=0 tx=0 retry_gap=0 wait=0 rx=0 rxq=0 rxr=0 ack=0 ch9=0 rf=1 retry=20 interval=380
DBG_ANCHOR_CH5_SCAN_RESCHED ret=1 delay=20
DBG_ANCHOR_CH5_SCAN_HANDLER role=2
DBG_ANCHOR_CH5_SCAN_BLOCKED win=0 survey=0 tx=0 retry_gap=0 wait=0 rx=0 rxq=0 rxr=0 ack=0 ch9=0 rf=1 retry=20 interval=380
DBG_ANCHOR_CH5_SCAN_RESCHED ret=1 delay=20
DBG_ANCHOR_CH5_SCAN_HANDLER role=2
DBG_ANCHOR_CH5_SCAN_BLOCKED win=0 survey=0 tx=0 retry_gap=0 wait=0 rx=0 rxq=0 rxr=0 ack=0 ch9=0 rf=1 retry=20 interval=380
DBG_ANCHOR_CH5_SCAN_RESCHED ret=1 delay=20
DBG_ANCHOR_CH5_SCAN_HANDLER role=2
DBG_ANCHOR_CH5_SCAN_BLOCKED win=0 survey=0 tx=0 retry_gap=0 wait=0 rx=0 rxq=0 rxr=0 ack=0 ch9=0 rf=1 retry=20 interval=380
DBG_ANCHOR_CH5_SCAN_RESCHED ret=1 delay=20
DBG_ANCHOR_CH5_SCAN_HANDLER role=2
DBG_ANCHOR_CH5_SCAN_BLOCKED win=0 survey=0 tx=0 retry_gap=0 wait=0 rx=0 rxq=0 rxr=0 ack=0 ch9=0 rf=1 retry=20 interval=380
DBG_ANCHOR_CH5_SCAN_RESCHED ret=1 delay=20
DBG_ANCHOR_CH5_SCAN_HANDLER role=2
DBG_ANCHOR_CH5_SCAN_BLOCKED win=0 survey=0 tx=0 retry_gap=0 wait=0 rx=0 rxq=0 rxr=0 ack=0 ch9=0 rf=1 retry=20 interval=380
DBG_ANCHOR_CH5_SCAN_RESCHED ret=1 delay=20
DBG_ANCHOR_CH5_SCAN_HANDLER role=2
DBG_ANCHOR_CH5_SCAN_BLOCKED win=0 survey=0 tx=0 retry_gap=0 wait=0 rx=0 rxq=0 rxr=0 ack=0 ch9=0 rf=1 retry=20 interval=380
DBG_ANCHOR_CH5_SCAN_RESCHED ret=1 delay=20
DBG_ANCHOR_CH5_SCAN_HANDLER role=2
DBG_ANCHOR_CH5_SCAN_BLOCKED win=0 survey=0 tx=0 retry_gap=0 wait=0 rx=0 rxq=0 rxr=0 ack=0 ch9=0 rf=1 retry=20 interval=380
DBG_ANCHOR_CH5_SCAN_RESCHED ret=1 delay=20
DBG_ANCHOR_CH5_SCAN_HANDLER role=2
DBG_ANCHOR_CH5_SCAN_BLOCKED win=0 survey=0 tx=0 retry_gap=0 wait=0 rx=0 rxq=0 rxr=0 ack=0 ch9=0 rf=1 retry=20 interval=380
DBG_ANCHOR_CH5_SCAN_RESCHED ret=1 delay=20
DBG_ANCHOR_CH5_SCAN_HANDLER role=2
DBG_ANCHOR_CH5_SCAN_BLOCKED win=0 survey=0 tx=0 retry_gap=0 wait=0 rx=0 rxq=0 rxr=0 ack=0 ch9=0 rf=1 retry=20 interval=380
DBG_ANCHOR_CH5_SCAN_RESCHED ret=1 delay=20
DBG_ANCHOR_CH5_SCAN_HANDLER role=2
DBG_ANCHOR_CH5_SCAN_BLOCKED win=0 survey=0 tx=0 retry_gap=0 wait=0 rx=0 rxq=0 rxr=0 ack=0 ch9=0 rf=1 retry=20 interval=380
DBG_ANCHOR_CH5_SCAN_RESCHED ret=1 delay=20
DBG_ANCHOR_CH5_SCAN_HANDLER role=2
DBG_ANCHOR_CH5_SCAN_BLOCKED win=0 survey=0 tx=0 retry_gap=0 wait=0 rx=0 rxq=0 rxr=0 ack=0 ch9=0 rf=1 retry=20 interval=380
DBG_ANCHOR_CH5_SCAN_RESCHED ret=1 delay=20
DBG_ANCHOR_CH5_SCAN_HANDLER role=2
DBG_ANCHOR_CH5_SCAN_BLOCKED win=0 survey=0 tx=0 retry_gap=0 wait=0 rx=0 rxq=0 rxr=0 ack=0 ch9=0 rf=1 retry=20 interval=380
DBG_ANCHOR_CH5_SCAN_RESCHED ret=1 delay=20
DBG_ANCHOR_CH5_SCAN_HANDLER role=2
DBG_ANCHOR_CH5_SCAN_BLOCKED win=0 survey=0 tx=0 retry_gap=0 wait=0 rx=0 rxq=0 rxr=0 ack=0 ch9=0 rf=1 retry=20 interval=380
DBG_ANCHOR_CH5_SCAN_RESCHED ret=1 delay=20
DBG_ANCHOR_CH5_SCAN_HANDLER role=2
DBG_ANCHOR_CH5_SCAN_BLOCKED win=0 survey=0 tx=0 retry_gap=0 wait=0 rx=0 rxq=0 rxr=0 ack=0 ch9=0 rf=1 retry=20 interval=380
DBG_ANCHOR_CH5_SCAN_RESCHED ret=1 delay=20
DBG_ANCHOR_CH5_SCAN_HANDLER role=2
DBG_ANCHOR_CH5_SCAN_BLOCKED win=0 survey=0 tx=0 retry_gap=0 wait=0 rx=0 rxq=0 rxr=0 ack=0 ch9=0 rf=1 retry=20 interval=380
DBG_ANCHOR_CH5_SCAN_RESCHED ret=1 delay=20
DBG_ANCHOR_CH5_SCAN_HANDLER role=2
DBG_ANCHOR_CH5_SCAN_BLOCKED win=0 survey=0 tx=0 retry_gap=0 wait=0 rx=0 rxq=0 rxr=0 ack=0 ch9=0 rf=1 retry=20 interval=380
DBG_ANCHOR_CH5_SCAN_RESCHED ret=1 delay=20
DBG_ANCHOR_CH5_SCAN_HANDLER role=2
DBG_ANCHOR_CH5_SCAN_BLOCKED win=0 survey=0 tx=0 retry_gap=0 wait=0 rx=0 rxq=0 rxr=0 ack=0 ch9=0 rf=1 retry=20 interval=380
DBG_ANCHOR_CH5_SCAN_RESCHED ret=1 delay=20
DBG_ANCHOR_CH5_SCAN_HANDLER role=2
DBG_ANCHOR_CH5_SCAN_BLOCKED win=0 survey=0 tx=0 retry_gap=0 wait=0 rx=0 rxq=0 rxr=0 ack=0 ch9=0 rf=1 retry=20 interval=380
DBG_ANCHOR_CH5_SCAN_RESCHED ret=1 delay=20
DBG_ANCHOR_CH5_SCAN_HANDLER role=2
DBG_ANCHOR_CH5_SCAN_BLOCKED win=0 survey=0 tx=0 retry_gap=0 wait=0 rx=0 rxq=0 rxr=0 ack=0 ch9=0 rf=1 retry=20 interval=380
DBG_ANCHOR_CH5_SCAN_RESCHED ret=1 delay=20
DBG_ANCHOR_CH5_SCAN_HANDLER role=2
DBG_ANCHOR_CH5_SCAN_BLOCKED win=0 survey=0 tx=0 retry_gap=0 wait=0 rx=0 rxq=0 rxr=0 ack=0 ch9=0 rf=1 retry=20 interval=380
DBG_ANCHOR_CH5_SCAN_RESCHED ret=1 delay=20
DBG_ANCHOR_CH5_SCAN_HANDLER role=2
DBG_ANCHOR_CH5_SCAN_BLOCKED win=0 survey=0 tx=0 retry_gap=0 wait=0 rx=0 rxq=0 rxr=0 ack=0 ch9=0 rf=1 retry=20 interval=380
DBG_ANCHOR_CH5_SCAN_RESCHED ret=1 delay=20
DBG_ANCHOR_CH5_SCAN_HANDLER role=2
DBG_ANCHOR_CH5_SCAN_BLOCKED win=0 survey=0 tx=0 retry_gap=0 wait=0 rx=0 rxq=0 rxr=0 ack=0 ch9=0 rf=1 retry=20 interval=380
DBG_ANCHOR_CH5_SCAN_RESCHED ret=1 delay=20
DBG_ANCHOR_CH5_SCAN_HANDLER role=2
DBG_ANCHOR_CH5_SCAN_BLOCKED win=0 survey=0 tx=0 retry_gap=0 wait=0 rx=0 rxq=0 rxr=0 ack=0 ch9=0 rf=1 retry=20 interval=380
DBG_ANCHOR_CH5_SCAN_RESCHED ret=1 delay=20
DBG_ANCHOR_CH5_SCAN_HANDLER role=2
DBG_ANCHOR_CH5_SCAN_BLOCKED win=0 survey=0 tx=0 retry_gap=0 wait=0 rx=0 rxq=0 rxr=0 ack=0 ch9=0 rf=1 retry=20 interval=380
DBG_ANCHOR_CH5_SCAN_RESCHED ret=1 delay=20
DBG_ANCHOR_CH5_SCAN_HANDLER role=2
DBG_ANCHOR_CH5_SCAN_BLOCKED win=0 survey=0 tx=0 retry_gap=0 wait=0 rx=0 rxq=0 rxr=0 ack=0 ch9=0 rf=1 retry=20 interval=380
DBG_ANCHOR_CH5_SCAN_RESCHED ret=1 delay=20
DBG_ANCHOR_CH5_SCAN_HANDLER role=2
DBG_ANCHOR_CH5_SCAN_BLOCKED win=0 survey=0 tx=0 retry_gap=0 wait=0 rx=0 rxq=0 rxr=0 ack=0 ch9=0 rf=1 retry=20 interval=380
DBG_ANCHOR_CH5_SCAN_RESCHED ret=1 delay=20
DBG_ANCHOR_CH5_SCAN_HANDLER role=2
DBG_ANCHOR_CH5_SCAN_BLOCKED win=0 survey=0 tx=0 retry_gap=0 wait=0 rx=0 rxq=0 rxr=0 ack=0 ch9=0 rf=1 retry=20 interval=380
DBG_ANCHOR_CH5_SCAN_RESCHED ret=1 delay=20
DBG_ANCHOR_CH5_SCAN_HANDLER role=2
DBG_ANCHOR_CH5_SCAN_BLOCKED win=0 survey=0 tx=0 retry_gap=0 wait=0 rx=0 rxq=0 rxr=0 ack=0 ch9=0 rf=1 retry=20 interval=380
DBG_ANCHOR_CH5_SCAN_RESCHED ret=1 delay=20
DBG_ANCHOR_CH5_SCAN_HANDLER role=2
DBG_ANCHOR_CH5_SCAN_BLOCKED win=0 survey=0 tx=0 retry_gap=0 wait=0 rx=0 rxq=0 rxr=0 ack=0 ch9=0 rf=1 retry=20 interval=380
DBG_ANCHOR_CH5_SCAN_RESCHED ret=1 delay=20
DBG_ANCHOR_CH5_SCAN_HANDLER role=2
DBG_ANCHOR_CH5_SCAN_BLOCKED win=0 survey=0 tx=0 retry_gap=0 wait=0 rx=0 rxq=0 rxr=0 ack=0 ch9=0 rf=1 retry=20 interval=380
DBG_ANCHOR_CH5_SCAN_RESCHED ret=1 delay=20
DBG_ANCHOR_CH5_SCAN_HANDLER role=2
DBG_ANCHOR_CH5_SCAN_BLOCKED win=0 survey=0 tx=0 retry_gap=0 wait=0 rx=0 rxq=0 rxr=0 ack=0 ch9=0 rf=1 retry=20 interval=380
DBG_ANCHOR_CH5_SCAN_RESCHED ret=1 delay=20
DBG_ANCHOR_CH5_SCAN_HANDLER role=2
DBG_ANCHOR_CH5_SCAN_BLOCKED win=0 survey=0 tx=0 retry_gap=0 wait=0 rx=0 rxq=0 rxr=0 ack=0 ch9=0 rf=1 retry=20 interval=380
DBG_ANCHOR_CH5_SCAN_RESCHED ret=1 delay=20
DBG_ANCHOR_CH5_SCAN_HANDLER role=2
DBG_ANCHOR_CH5_SCAN_BLOCKED win=0 survey=0 tx=0 retry_gap=0 wait=0 rx=0 rxq=0 rxr=0 ack=0 ch9=0 rf=1 retry=20 interval=380
DBG_ANCHOR_CH5_SCAN_RESCHED ret=1 delay=20
DBG_ANCHOR_CH5_SCAN_HANDLER role=2
DBG_ANCHOR_CH5_SCAN_BLOCKED win=0 survey=0 tx=0 retry_gap=0 wait=0 rx=0 rxq=0 rxr=0 ack=0 ch9=0 rf=1 retry=20 interval=380
DBG_ANCHOR_CH5_SCAN_RESCHED ret=1 delay=20
DBG_ANCHOR_CH5_SCAN_HANDLER role=2
DBG_ANCHOR_CH5_SCAN_BLOCKED win=0 survey=0 tx=0 retry_gap=0 wait=0 rx=0 rxq=0 rxr=0 ack=0 ch9=0 rf=1 retry=20 interval=380
DBG_ANCHOR_CH5_SCAN_RESCHED ret=1 delay=20
DBG_ANCHOR_CH5_SCAN_HANDLER role=2
DBG_ANCHOR_CH5_SCAN_BLOCKED win=0 survey=0 tx=0 retry_gap=0 wait=0 rx=0 rxq=0 rxr=0 ack=0 ch9=0 rf=1 retry=20 interval=380
DBG_ANCHOR_CH5_SCAN_RESCHED ret=1 delay=20
DBG_ANCHOR_CH5_SCAN_HANDLER role=2
DBG_ANCHOR_CH5_SCAN_BLOCKED win=0 survey=0 tx=0 retry_gap=0 wait=0 rx=0 rxq=0 rxr=0 ack=0 ch9=0 rf=1 retry=20 interval=380
DBG_ANCHOR_CH5_SCAN_RESCHED ret=1 delay=20
DBG_ANCHOR_CH5_SCAN_HANDLER role=2
DBG_ANCHOR_CH5_SCAN_BLOCKED win=0 survey=0 tx=0 retry_gap=0 wait=0 rx=0 rxq=0 rxr=0 ack=0 ch9=0 rf=1 retry=20 interval=380
DBG_ANCHOR_CH5_SCAN_RESCHED ret=1 delay=20
DBG_ANCHOR_CH5_SCAN_HANDLER role=2
DBG_ANCHOR_CH5_SCAN_BLOCKED win=0 survey=0 tx=0 retry_gap=0 wait=0 rx=0 rxq=0 rxr=0 ack=0 ch9=0 rf=1 retry=20 interval=380
DBG_ANCHOR_CH5_SCAN_RESCHED ret=1 delay=20
DBG_ANCHOR_CH5_SCAN_HANDLER role=2
DBG_ANCHOR_CH5_SCAN_BLOCKED win=0 survey=0 tx=0 retry_gap=0 wait=0 rx=0 rxq=0 rxr=0 ack=0 ch9=0 rf=1 retry=20 interval=380
DBG_ANCHOR_CH5_SCAN_RESCHED ret=1 delay=20
DBG_ANCHOR_CH5_SCAN_HANDLER role=2
DBG_ANCHOR_CH5_SCAN_BLOCKED win=0 survey=0 tx=0 retry_gap=0 wait=0 rx=0 rxq=0 rxr=0 ack=0 ch9=0 rf=1 retry=20 interval=380
DBG_ANCHOR_CH5_SCAN_RESCHED ret=1 delay=20
DBG_ANCHOR_CH5_SCAN_HANDLER role=2
DBG_ANCHOR_CH5_SCAN_BLOCKED win=0 survey=0 tx=0 retry_gap=0 wait=0 rx=0 rxq=0 rxr=0 ack=0 ch9=0 rf=1 retry=20 interval=380
DBG_ANCHOR_CH5_SCAN_RESCHED ret=1 delay=20
DBG_ANCHOR_CH5_SCAN_HANDLER role=2
DBG_ANCHOR_CH5_SCAN_BLOCKED win=0 survey=0 tx=0 retry_gap=0 wait=0 rx=0 rxq=0 rxr=0 ack=0 ch9=0 rf=1 retry=20 interval=380
DBG_ANCHOR_CH5_SCAN_RESCHED ret=1 delay=20
DBG_ANCHOR_CH5_SCAN_HANDLER role=2
DBG_ANCHOR_CH5_SCAN_BLOCKED win=0 survey=0 tx=0 retry_gap=0 wait=0 rx=0 rxq=0 rxr=0 ack=0 ch9=0 rf=1 retry=20 interval=380
DBG_ANCHOR_CH5_SCAN_RESCHED ret=1 delay=20
DBG_ANCHOR_CH5_SCAN_HANDLER role=2
DBG_ANCHOR_CH5_SCAN_BLOCKED win=0 survey=0 tx=0 retry_gap=0 wait=0 rx=0 rxq=0 rxr=0 ack=0 ch9=0 rf=1 retry=20 interval=380
DBG_ANCHOR_CH5_SCAN_RESCHED ret=1 delay=20
DBG_ANCHOR_CH5_SCAN_HANDLER role=2
DBG_ANCHOR_CH5_SCAN_BLOCKED win=0 survey=0 tx=0 retry_gap=0 wait=0 rx=0 rxq=0 rxr=0 ack=0 ch9=0 rf=1 retry=20 interval=380
DBG_ANCHOR_CH5_SCAN_RESCHED ret=1 delay=20
DBG_ANCHOR_CH5_SCAN_HANDLER role=2
DBG_ANCHOR_CH5_SCAN_BLOCKED win=0 survey=0 tx=0 retry_gap=0 wait=0 rx=0 rxq=0 rxr=0 ack=0 ch9=0 rf=1 retry=20 interval=380
DBG_ANCHOR_CH5_SCAN_RESCHED ret=1 delay=20
DBG_ANCHOR_CH5_SCAN_HANDLER role=2
DBG_ANCHOR_CH5_SCAN_BLOCKED win=0 survey=0 tx=0 retry_gap=0 wait=0 rx=0 rxq=0 rxr=0 ack=0 ch9=0 rf=1 retry=20 interval=380
DBG_ANCHOR_CH5_SCAN_RESCHED ret=1 delay=20
DBG_ANCHOR_CH5_SCAN_HANDLER role=2
DBG_ANCHOR_CH5_SCAN_BLOCKED win=0 survey=0 tx=0 retry_gap=0 wait=0 rx=0 rxq=0 rxr=0 ack=0 ch9=0 rf=1 retry=20 interval=380
DBG_ANCHOR_CH5_SCAN_RESCHED ret=1 delay=20
DBG_ANCHOR_CH5_SCAN_HANDLER role=2
DBG_ANCHOR_CH5_SCAN_BLOCKED win=0 survey=0 tx=0 retry_gap=0 wait=0 rx=0 rxq=0 rxr=0 ack=0 ch9=0 rf=1 retry=20 interval=380
DBG_ANCHOR_CH5_SCAN_RESCHED ret=1 delay=20
DBG_ANCHOR_CH5_SCAN_HANDLER role=2
DBG_ANCHOR_CH5_SCAN_BLOCKED win=0 survey=0 tx=0 retry_gap=0 wait=0 rx=0 rxq=0 rxr=0 ack=0 ch9=0 rf=1 retry=20 interval=380
DBG_ANCHOR_CH5_SCAN_RESCHED ret=1 delay=20
DBG_ANCHOR_CH5_SCAN_HANDLER role=2
DBG_ANCHOR_CH5_SCAN_BLOCKED win=0 survey=0 tx=0 retry_gap=0 wait=0 rx=0 rxq=0 rxr=0 ack=0 ch9=0 rf=1 retry=20 interval=380
DBG_ANCHOR_CH5_SCAN_RESCHED ret=1 delay=20
DBG_ANCHOR_CH5_SCAN_HANDLER role=2
DBG_ANCHOR_CH5_SCAN_BLOCKED win=0 survey=0 tx=0 retry_gap=0 wait=0 rx=0 rxq=0 rxr=0 ack=0 ch9=0 rf=1 retry=20 interval=380
DBG_ANCHOR_CH5_SCAN_RESCHED ret=1 delay=20
DBG_ANCHOR_CH5_SCAN_HANDLER role=2
DBG_ANCHOR_CH5_SCAN_BLOCKED win=0 survey=0 tx=0 retry_gap=0 wait=0 rx=0 rxq=0 rxr=0 ack=0 ch9=0 rf=1 retry=20 interval=380
DBG_ANCHOR_CH5_SCAN_RESCHED ret=1 delay=20
DBG_ANCHOR_CH5_SCAN_HANDLER role=2
DBG_ANCHOR_CH5_SCAN_BLOCKED win=0 survey=0 tx=0 retry_gap=0 wait=0 rx=0 rxq=0 rxr=0 ack=0 ch9=0 rf=1 retry=20 interval=380
DBG_ANCHOR_CH5_SCAN_RESCHED ret=1 delay=20
DBG_ANCHOR_CH5_SCAN_HANDLER role=2
DBG_ANCHOR_CH5_SCAN_BLOCKED win=0 survey=0 tx=0 retry_gap=0 wait=0 rx=0 rxq=0 rxr=0 ack=0 ch9=0 rf=1 retry=20 interval=380
DBG_ANCHOR_CH5_SCAN_RESCHED ret=1 delay=20
DBG_ANCHOR_CH5_SCAN_HANDLER role=2
DBG_ANCHOR_CH5_SCAN_BLOCKED win=0 survey=0 tx=0 retry_gap=0 wait=0 rx=0 rxq=0 rxr=0 ack=0 ch9=0 rf=1 retry=20 interval=380
DBG_ANCHOR_CH5_SCAN_RESCHED ret=1 delay=20
DBG_ANCHOR_CH5_SCAN_HANDLER role=2
DBG_ANCHOR_CH5_SCAN_BLOCKED win=0 survey=0 tx=0 retry_gap=0 wait=0 rx=0 rxq=0 rxr=0 ack=0 ch9=0 rf=1 retry=20 interval=380
DBG_ANCHOR_CH5_SCAN_RESCHED ret=1 delay=20
DBG_ANCHOR_CH5_SCAN_HANDLER role=2
DBG_ANCHOR_CH5_SCAN_BLOCKED win=0 survey=0 tx=0 retry_gap=0 wait=0 rx=0 rxq=0 rxr=0 ack=0 ch9=0 rf=1 retry=20 interval=380
DBG_ANCHOR_CH5_SCAN_RESCHED ret=1 delay=20
DBG_ANCHOR_CH5_SCAN_HANDLER role=2
DBG_ANCHOR_CH5_SCAN_BLOCKED win=0 survey=0 tx=0 retry_gap=0 wait=0 rx=0 rxq=0 rxr=0 ack=0 ch9=0 rf=1 retry=20 interval=380
DBG_ANCHOR_CH5_SCAN_RESCHED ret=1 delay=20
DBG_ANCHOR_CH5_SCAN_HANDLER role=2
DBG_ANCHOR_CH5_SCAN_BLOCKED win=0 survey=0 tx=0 retry_gap=0 wait=0 rx=0 rxq=0 rxr=0 ack=0 ch9=0 rf=1 retry=20 interval=380
DBG_ANCHOR_CH5_SCAN_RESCHED ret=1 delay=20
DBG_ANCHOR_CH5_SCAN_HANDLER role=2
DBG_ANCHOR_CH5_SCAN_BLOCKED win=0 survey=0 tx=0 retry_gap=0 wait=0 rx=0 rxq=0 rxr=0 ack=0 ch9=0 rf=1 retry=20 interval=380
DBG_ANCHOR_CH5_SCAN_RESCHED ret=1 delay=20
DBG_ANCHOR_CH5_SCAN_HANDLER role=2
DBG_ANCHOR_CH5_SCAN_BLOCKED win=0 survey=0 tx=0 retry_gap=0 wait=0 rx=0 rxq=0 rxr=0 ack=0 ch9=0 rf=1 retry=20 interval=380
DBG_ANCHOR_CH5_SCAN_RESCHED ret=1 delay=20
DBG_ANCHOR_CH5_SCAN_HANDLER role=2
DBG_ANCHOR_CH5_SCAN_BLOCKED win=0 survey=0 tx=0 retry_gap=0 wait=0 rx=0 rxq=0 rxr=0 ack=0 ch9=0 rf=1 retry=20 interval=380
DBG_ANCHOR_CH5_SCAN_RESCHED ret=1 delay=20
DBG_ANCHOR_CH5_SCAN_HANDLER role=2
DBG_ANCHOR_CH5_SCAN_BLOCKED win=0 survey=0 tx=0 retry_gap=0 wait=0 rx=0 rxq=0 rxr=0 ack=0 ch9=0 rf=1 retry=20 interval=380
DBG_ANCHOR_CH5_SCAN_RESCHED ret=1 delay=20
DBG_ANCHOR_CH5_SCAN_HANDLER role=2
DBG_ANCHOR_CH5_SCAN_BLOCKED win=0 survey=0 tx=0 retry_gap=0 wait=0 rx=0 rxq=0 rxr=0 ack=0 ch9=0 rf=1 retry=20 interval=380
DBG_ANCHOR_CH5_SCAN_RESCHED ret=1 delay=20
DBG_ANCHOR_CH5_SCAN_HANDLER role=2
DBG_ANCHOR_CH5_SCAN_BLOCKED win=0 survey=0 tx=0 retry_gap=0 wait=0 rx=0 rxq=0 rxr=0 ack=0 ch9=0 rf=1 retry=20 interval=380
DBG_ANCHOR_CH5_SCAN_RESCHED ret=1 delay=20
DBG_ANCHOR_CH5_SCAN_HANDLER role=2
DBG_ANCHOR_CH5_SCAN_BLOCKED win=0 survey=0 tx=0 retry_gap=0 wait=0 rx=0 rxq=0 rxr=0 ack=0 ch9=0 rf=1 retry=20 interval=380
DBG_ANCHOR_CH5_SCAN_RESCHED ret=1 delay=20
DBG_ANCHOR_CH5_SCAN_HANDLER role=2
DBG_ANCHOR_CH5_SCAN_BLOCKED win=0 survey=0 tx=0 retry_gap=0 wait=0 rx=0 rxq=0 rxr=0 ack=0 ch9=0 rf=1 retry=20 interval=380
DBG_ANCHOR_CH5_SCAN_RESCHED ret=1 delay=20
DBG_ANCHOR_CH5_SCAN_HANDLER role=2
DBG_ANCHOR_CH5_SCAN_BLOCKED win=0 survey=0 tx=0 retry_gap=0 wait=0 rx=0 rxq=0 rxr=0 ack=0 ch9=0 rf=1 retry=20 interval=380
DBG_ANCHOR_CH5_SCAN_RESCHED ret=1 delay=20
DBG_ANCHOR_CH5_SCAN_HANDLER role=2
DBG_ANCHOR_CH5_SCAN_BLOCKED win=0 survey=0 tx=0 retry_gap=0 wait=0 rx=0 rxq=0 rxr=0 ack=0 ch9=0 rf=1 retry=20 interval=380
DBG_ANCHOR_CH5_SCAN_RESCHED ret=1 delay=20
DBG_ANCHOR_CH5_SCAN_HANDLER role=2
DBG_ANCHOR_CH5_SCAN_BLOCKED win=0 survey=0 tx=0 retry_gap=0 wait=0 rx=0 rxq=0 rxr=0 ack=0 ch9=0 rf=1 retry=20 interval=380
DBG_ANCHOR_CH5_SCAN_RESCHED ret=1 delay=20
DBG_ANCHOR_CH5_SCAN_HANDLER role=2
DBG_ANCHOR_CH5_SCAN_BLOCKED win=0 survey=0 tx=0 retry_gap=0 wait=0 rx=0 rxq=0 rxr=0 ack=0 ch9=0 rf=1 retry=20 interval=380
DBG_ANCHOR_CH5_SCAN_RESCHED ret=1 delay=20
DBG_ANCHOR_CH5_SCAN_HANDLER role=2
DBG_ANCHOR_CH5_SCAN_BLOCKED win=0 survey=0 tx=0 retry_gap=0 wait=0 rx=0 rxq=0 rxr=0 ack=0 ch9=0 rf=1 retry=20 interval=380
DBG_ANCHOR_CH5_SCAN_RESCHED ret=1 delay=20
DBG_ANCHOR_CH5_SCAN_HANDLER role=2
DBG_ANCHOR_CH5_SCAN_BLOCKED win=0 survey=0 tx=0 retry_gap=0 wait=0 rx=0 rxq=0 rxr=0 ack=0 ch9=0 rf=1 retry=20 interval=380
DBG_ANCHOR_CH5_SCAN_RESCHED ret=1 delay=20
DBG_ANCHOR_CH5_SCAN_HANDLER role=2
DBG_ANCHOR_CH5_SCAN_BLOCKED win=0 survey=0 tx=0 retry_gap=0 wait=0 rx=0 rxq=0 rxr=0 ack=0 ch9=0 rf=1 retry=20 interval=380
DBG_ANCHOR_CH5_SCAN_RESCHED ret=1 delay=20
DBG_ANCHOR_CH5_SCAN_HANDLER role=2
DBG_ANCHOR_CH5_SCAN_BLOCKED win=0 survey=0 tx=0 retry_gap=0 wait=0 rx=0 rxq=0 rxr=0 ack=0 ch9=0 rf=1 retry=20 interval=380
DBG_ANCHOR_CH5_SCAN_RESCHED ret=1 delay=20
DBG_ANCHOR_CH5_SCAN_HANDLER role=2
DBG_ANCHOR_CH5_SCAN_BLOCKED win=0 survey=0 tx=0 retry_gap=0 wait=0 rx=0 rxq=0 rxr=0 ack=0 ch9=0 rf=1 retry=20 interval=380
DBG_ANCHOR_CH5_SCAN_RESCHED ret=1 delay=20
DBG_ANCHOR_CH5_SCAN_HANDLER role=2
DBG_ANCHOR_CH5_SCAN_BLOCKED win=0 survey=0 tx=0 retry_gap=0 wait=0 rx=0 rxq=0 rxr=0 ack=0 ch9=0 rf=1 retry=20 interval=380
DBG_ANCHOR_CH5_SCAN_RESCHED ret=1 delay=20
DBG_ANCHOR_CH5_SCAN_HANDLER role=2
DBG_ANCHOR_CH5_SCAN_BLOCKED win=0 survey=0 tx=0 retry_gap=0 wait=0 rx=0 rxq=0 rxr=0 ack=0 ch9=0 rf=1 retry=20 interval=380
DBG_ANCHOR_CH5_SCAN_RESCHED ret=1 delay=20
DBG_ANCHOR_CH5_SCAN_HANDLER role=2
DBG_ANCHOR_CH5_SCAN_BLOCKED win=0 survey=0 tx=0 retry_gap=0 wait=0 rx=0 rxq=0 rxr=0 ack=0 ch9=0 rf=1 retry=20 interval=380
DBG_ANCHOR_CH5_SCAN_RESCHED ret=1 delay=20
DBG_ANCHOR_CH5_SCAN_HANDLER role=2
DBG_ANCHOR_CH5_SCAN_BLOCKED win=0 survey=0 tx=0 retry_gap=0 wait=0 rx=0 rxq=0 rxr=0 ack=0 ch9=0 rf=1 retry=20 interval=380
DBG_ANCHOR_CH5_SCAN_RESCHED ret=1 delay=20
DBG_ANCHOR_CH5_SCAN_HANDLER role=2
DBG_ANCHOR_CH5_SCAN_BLOCKED win=0 survey=0 tx=0 retry_gap=0 wait=0 rx=0 rxq=0 rxr=0 ack=0 ch9=0 rf=1 retry=20 interval=380
DBG_ANCHOR_CH5_SCAN_RESCHED ret=1 delay=20
DBG_ANCHOR_CH5_SCAN_HANDLER role=2
DBG_ANCHOR_CH5_SCAN_BLOCKED win=0 survey=0 tx=0 retry_gap=0 wait=0 rx=0 rxq=0 rxr=0 ack=0 ch9=0 rf=1 retry=20 interval=380
DBG_ANCHOR_CH5_SCAN_RESCHED ret=1 delay=20
DBG_ANCHOR_CH5_SCAN_HANDLER role=2
DBG_ANCHOR_CH5_SCAN_BLOCKED win=0 survey=0 tx=0 retry_gap=0 wait=0 rx=0 rxq=0 rxr=0 ack=0 ch9=0 rf=1 retry=20 interval=380
DBG_ANCHOR_CH5_SCAN_RESCHED ret=1 delay=20
DBG_ANCHOR_CH5_SCAN_HANDLER role=2
DBG_ANCHOR_CH5_SCAN_BLOCKED win=0 survey=0 tx=0 retry_gap=0 wait=0 rx=0 rxq=0 rxr=0 ack=0 ch9=0 rf=1 retry=20 interval=380
DBG_ANCHOR_CH5_SCAN_RESCHED ret=1 delay=20
DBG_ANCHOR_CH5_SCAN_HANDLER role=2
DBG_ANCHOR_CH5_SCAN_BLOCKED win=0 survey=0 tx=0 retry_gap=0 wait=0 rx=0 rxq=0 rxr=0 ack=0 ch9=0 rf=1 retry=20 interval=380
DBG_ANCHOR_CH5_SCAN_RESCHED ret=1 delay=20
DBG_ANCHOR_CH5_SCAN_HANDLER role=2
DBG_ANCHOR_CH5_SCAN_BLOCKED win=0 survey=0 tx=0 retry_gap=0 wait=0 rx=0 rxq=0 rxr=0 ack=0 ch9=0 rf=1 retry=20 interval=380
DBG_ANCHOR_CH5_SCAN_RESCHED ret=1 delay=20
DBG_ANCHOR_CH5_SCAN_HANDLER role=2
DBG_ANCHOR_CH5_SCAN_BLOCKED win=0 survey=0 tx=0 retry_gap=0 wait=0 rx=0 rxq=0 rxr=0 ack=0 ch9=0 rf=1 retry=20 interval=380
DBG_ANCHOR_CH5_SCAN_RESCHED ret=1 delay=20
DBG_ANCHOR_CH5_SCAN_HANDLER role=2
DBG_ANCHOR_CH5_SCAN_BLOCKED win=0 survey=0 tx=0 retry_gap=0 wait=0 rx=0 rxq=0 rxr=0 ack=0 ch9=0 rf=1 retry=20 interval=380
DBG_ANCHOR_CH5_SCAN_RESCHED ret=1 delay=20
DBG_ANCHOR_CH5_SCAN_HANDLER role=2
DBG_ANCHOR_CH5_SCAN_BLOCKED win=0 survey=0 tx=0 retry_gap=0 wait=0 rx=0 rxq=0 rxr=0 ack=0 ch9=0 rf=1 retry=20 interval=380
DBG_ANCHOR_CH5_SCAN_RESCHED ret=1 delay=20
DBG_ANCHOR_CH5_SCAN_HANDLER role=2
DBG_ANCHOR_CH5_SCAN_BLOCKED win=0 survey=0 tx=0 retry_gap=0 wait=0 rx=0 rxq=0 rxr=0 ack=0 ch9=0 rf=1 retry=20 interval=380
DBG_ANCHOR_CH5_SCAN_RESCHED ret=1 delay=20
DBG_ANCHOR_CH5_SCAN_HANDLER role=2
DBG_ANCHOR_CH5_SCAN_BLOCKED win=0 survey=0 tx=0 retry_gap=0 wait=0 rx=0 rxq=0 rxr=0 ack=0 ch9=0 rf=1 retry=20 interval=380
DBG_ANCHOR_CH5_SCAN_RESCHED ret=1 delay=20
DBG_ANCHOR_CH5_SCAN_HANDLER role=2
DBG_ANCHOR_CH5_SCAN_BLOCKED win=0 survey=0 tx=0 retry_gap=0 wait=0 rx=0 rxq=0 rxr=0 ack=0 ch9=0 rf=1 retry=20 interval=380
DBG_ANCHOR_CH5_SCAN_RESCHED ret=1 delay=20
DBG_ANCHOR_CH5_SCAN_HANDLER role=2
DBG_ANCHOR_CH5_SCAN_BLOCKED win=0 survey=0 tx=0 retry_gap=0 wait=0 rx=0 rxq=0 rxr=0 ack=0 ch9=0 rf=1 retry=20 interval=380
DBG_ANCHOR_CH5_SCAN_RESCHED ret=1 delay=20
DBG_ANCHOR_CH5_SCAN_HANDLER role=2
DBG_ANCHOR_CH5_SCAN_BLOCKED win=0 survey=0 tx=0 retry_gap=0 wait=0 rx=0 rxq=0 rxr=0 ack=0 ch9=0 rf=1 retry=20 interval=380
DBG_ANCHOR_CH5_SCAN_RESCHED ret=1 delay=20
DBG_ANCHOR_CH5_SCAN_HANDLER role=2
DBG_ANCHOR_CH5_SCAN_BLOCKED win=0 survey=0 tx=0 retry_gap=0 wait=0 rx=0 rxq=0 rxr=0 ack=0 ch9=0 rf=1 retry=20 interval=380
DBG_ANCHOR_CH5_SCAN_RESCHED ret=1 delay=20
DBG_ANCHOR_CH5_SCAN_HANDLER role=2
DBG_ANCHOR_CH5_SCAN_BLOCKED win=0 survey=0 tx=0 retry_gap=0 wait=0 rx=0 rxq=0 rxr=0 ack=0 ch9=0 rf=1 retry=20 interval=380
DBG_ANCHOR_CH5_SCAN_RESCHED ret=1 delay=20
DBG_ANCHOR_CH5_SCAN_HANDLER role=2
DBG_ANCHOR_CH5_SCAN_BLOCKED win=0 survey=0 tx=0 retry_gap=0 wait=0 rx=0 rxq=0 rxr=0 ack=0 ch9=0 rf=1 retry=20 interval=380
DBG_ANCHOR_CH5_SCAN_RESCHED ret=1 delay=20
DBG_ANCHOR_CH5_SCAN_HANDLER role=2
DBG_ANCHOR_CH5_SCAN_BLOCKED win=0 survey=0 tx=0 retry_gap=0 wait=0 rx=0 rxq=0 rxr=0 ack=0 ch9=0 rf=1 retry=20 interval=380
DBG_ANCHOR_CH5_SCAN_RESCHED ret=1 delay=20
DBG_ANCHOR_CH5_SCAN_HANDLER role=2
DBG_ANCHOR_CH5_SCAN_BLOCKED win=0 survey=0 tx=0 retry_gap=0 wait=0 rx=0 rxq=0 rxr=0 ack=0 ch9=0 rf=1 retry=20 interval=380
DBG_ANCHOR_CH5_SCAN_RESCHED ret=1 delay=20
DBG_ANCHOR_CH5_SCAN_HANDLER role=2
DBG_ANCHOR_CH5_SCAN_BLOCKED win=0 survey=0 tx=0 retry_gap=0 wait=0 rx=0 rxq=0 rxr=0 ack=0 ch9=0 rf=1 retry=20 interval=380
DBG_ANCHOR_CH5_SCAN_RESCHED ret=1 delay=20
DBG_ANCHOR_CH5_SCAN_HANDLER role=2
DBG_ANCHOR_CH5_SCAN_BLOCKED win=0 survey=0 tx=0 retry_gap=0 wait=0 rx=0 rxq=0 rxr=0 ack=0 ch9=0 rf=1 retry=20 interval=380
DBG_ANCHOR_CH5_SCAN_RESCHED ret=1 delay=20
DBG_ANCHOR_CH5_SCAN_HANDLER role=2
DBG_ANCHOR_CH5_SCAN_BLOCKED win=0 survey=0 tx=0 retry_gap=0 wait=0 rx=0 rxq=0 rxr=0 ack=0 ch9=0 rf=1 retry=20 interval=380
DBG_ANCHOR_CH5_SCAN_RESCHED ret=1 delay=20
DBG_ANCHOR_CH5_SCAN_HANDLER role=2
DBG_ANCHOR_CH5_SCAN_BLOCKED win=0 survey=0 tx=0 retry_gap=0 wait=0 rx=0 rxq=0 rxr=0 ack=0 ch9=0 rf=1 retry=20 interval=380
DBG_ANCHOR_CH5_SCAN_RESCHED ret=1 delay=20
DBG_ANCHOR_CH5_SCAN_HANDLER role=2
DBG_ANCHOR_CH5_SCAN_BLOCKED win=0 survey=0 tx=0 retry_gap=0 wait=0 rx=0 rxq=0 rxr=0 ack=0 ch9=0 rf=1 retry=20 interval=380
DBG_ANCHOR_CH5_SCAN_RESCHED ret=1 delay=20
DBG_ANCHOR_CH5_SCAN_HANDLER role=2
DBG_ANCHOR_CH5_SCAN_BLOCKED win=0 survey=0 tx=0 retry_gap=0 wait=0 rx=0 rxq=0 rxr=0 ack=0 ch9=0 rf=1 retry=20 interval=380
DBG_ANCHOR_CH5_SCAN_RESCHED ret=1 delay=20
DBG_ANCHOR_CH5_SCAN_HANDLER role=2
DBG_ANCHOR_CH5_SCAN_BLOCKED win=0 survey=0 tx=0 retry_gap=0 wait=0 rx=0 rxq=0 rxr=0 ack=0 ch9=0 rf=1 retry=20 interval=380
DBG_ANCHOR_CH5_SCAN_RESCHED ret=1 delay=20
DBG_ANCHOR_CH5_SCAN_HANDLER role=2
DBG_ANCHOR_CH5_SCAN_BLOCKED win=0 survey=0 tx=0 retry_gap=0 wait=0 rx=0 rxq=0 rxr=0 ack=0 ch9=0 rf=1 retry=20 interval=380
DBG_ANCHOR_CH5_SCAN_RESCHED ret=1 delay=20
DBG_ANCHOR_CH5_SCAN_HANDLER role=2
DBG_ANCHOR_CH5_SCAN_BLOCKED win=0 survey=0 tx=0 retry_gap=0 wait=0 rx=0 rxq=0 rxr=0 ack=0 ch9=0 rf=1 retry=20 interval=380
DBG_ANCHOR_CH5_SCAN_RESCHED ret=1 delay=20
DBG_ANCHOR_CH5_SCAN_HANDLER role=2
DBG_ANCHOR_CH5_SCAN_BLOCKED win=0 survey=0 tx=0 retry_gap=0 wait=0 rx=0 rxq=0 rxr=0 ack=0 ch9=0 rf=1 retry=20 interval=380
DBG_ANCHOR_CH5_SCAN_RESCHED ret=1 delay=20
DBG_ANCHOR_CH5_SCAN_HANDLER role=2
DBG_ANCHOR_CH5_SCAN_BLOCKED win=0 survey=0 tx=0 retry_gap=0 wait=0 rx=0 rxq=0 rxr=0 ack=0 ch9=0 rf=1 retry=20 interval=380
DBG_ANCHOR_CH5_SCAN_RESCHED ret=1 delay=20
DBG_ANCHOR_CH5_SCAN_HANDLER role=2
DBG_ANCHOR_CH5_SCAN_BLOCKED win=0 survey=0 tx=0 retry_gap=0 wait=0 rx=0 rxq=0 rxr=0 ack=0 ch9=0 rf=1 retry=20 interval=380
DBG_ANCHOR_CH5_SCAN_RESCHED ret=1 delay=20
DBG_ANCHOR_CH5_SCAN_HANDLER role=2
DBG_ANCHOR_CH5_SCAN_BLOCKED win=0 survey=0 tx=0 retry_gap=0 wait=0 rx=0 rxq=0 rxr=0 ack=0 ch9=0 rf=1 retry=20 interval=380
DBG_ANCHOR_CH5_SCAN_RESCHED ret=1 delay=20
DBG_ANCHOR_CH5_SCAN_HANDLER role=2
DBG_ANCHOR_CH5_SCAN_BLOCKED win=0 survey=0 tx=0 retry_gap=0 wait=0 rx=0 rxq=0 rxr=0 ack=0 ch9=0 rf=1 retry=20 interval=380
DBG_ANCHOR_CH5_SCAN_RESCHED ret=1 delay=20
DBG_ANCHOR_CH5_SCAN_HANDLER role=2
DBG_ANCHOR_CH5_SCAN_BLOCKED win=0 survey=0 tx=0 retry_gap=0 wait=0 rx=0 rxq=0 rxr=0 ack=0 ch9=0 rf=1 retry=20 interval=380
DBG_ANCHOR_CH5_SCAN_RESCHED ret=1 delay=20
DBG_ANCHOR_CH5_SCAN_HANDLER role=2
DBG_ANCHOR_CH5_SCAN_BLOCKED win=0 survey=0 tx=0 retry_gap=0 wait=0 rx=0 rxq=0 rxr=0 ack=0 ch9=0 rf=1 retry=20 interval=380
DBG_ANCHOR_CH5_SCAN_RESCHED ret=1 delay=20
DBG_ANCHOR_CH5_SCAN_HANDLER role=2
DBG_ANCHOR_CH5_SCAN_BLOCKED win=0 survey=0 tx=0 retry_gap=0 wait=0 rx=0 rxq=0 rxr=0 ack=0 ch9=0 rf=1 retry=20 interval=380
DBG_ANCHOR_CH5_SCAN_RESCHED ret=1 delay=20
DBG_ANCHOR_CH5_SCAN_HANDLER role=2
DBG_ANCHOR_CH5_SCAN_BLOCKED win=0 survey=0 tx=0 retry_gap=0 wait=0 rx=0 rxq=0 rxr=0 ack=0 ch9=0 rf=1 retry=20 interval=380
DBG_ANCHOR_CH5_SCAN_RESCHED ret=1 delay=20
DBG_ANCHOR_CH5_SCAN_HANDLER role=2
DBG_ANCHOR_CH5_SCAN_BLOCKED win=0 survey=0 tx=0 retry_gap=0 wait=0 rx=0 rxq=0 rxr=0 ack=0 ch9=0 rf=1 retry=20 interval=380
DBG_ANCHOR_CH5_SCAN_RESCHED ret=1 delay=20
DBG_ANCHOR_CH5_SCAN_HANDLER role=2
DBG_ANCHOR_CH5_SCAN_BLOCKED win=0 survey=0 tx=0 retry_gap=0 wait=0 rx=0 rxq=0 rxr=0 ack=0 ch9=0 rf=1 retry=20 interval=380
DBG_ANCHOR_CH5_SCAN_RESCHED ret=1 delay=20
DBG_ANCHOR_CH5_SCAN_HANDLER role=2
DBG_ANCHOR_CH5_SCAN_BLOCKED win=0 survey=0 tx=0 retry_gap=0 wait=0 rx=0 rxq=0 rxr=0 ack=0 ch9=0 rf=1 retry=20 interval=380
DBG_ANCHOR_CH5_SCAN_RESCHED ret=1 delay=20
DBG_ANCHOR_CH5_SCAN_HANDLER role=2
DBG_ANCHOR_CH5_SCAN_BLOCKED win=0 survey=0 tx=0 retry_gap=0 wait=0 rx=0 rxq=0 rxr=0 ack=0 ch9=0 rf=1 retry=20 interval=380
DBG_ANCHOR_CH5_SCAN_RESCHED ret=1 delay=20
DBG_ANCHOR_CH5_SCAN_HANDLER role=2
DBG_ANCHOR_CH5_SCAN_BLOCKED win=0 survey=0 tx=0 retry_gap=0 wait=0 rx=0 rxq=0 rxr=0 ack=0 ch9=0 rf=1 retry=20 interval=380
DBG_ANCHOR_CH5_SCAN_RESCHED ret=1 delay=20
DBG_ANCHOR_CH5_SCAN_HANDLER role=2
DBG_ANCHOR_CH5_SCAN_BLOCKED win=0 survey=0 tx=0 retry_gap=0 wait=0 rx=0 rxq=0 rxr=0 ack=0 ch9=0 rf=1 retry=20 interval=380
DBG_ANCHOR_CH5_SCAN_RESCHED ret=1 delay=20
DBG_ANCHOR_CH5_SCAN_HANDLER role=2
DBG_ANCHOR_CH5_SCAN_BLOCKED win=0 survey=0 tx=0 retry_gap=0 wait=0 rx=0 rxq=0 rxr=0 ack=0 ch9=0 rf=1 retry=20 interval=380
DBG_ANCHOR_CH5_SCAN_RESCHED ret=1 delay=20
DBG_ANCHOR_CH5_SCAN_HANDLER role=2
DBG_ANCHOR_CH5_SCAN_BLOCKED win=0 survey=0 tx=0 retry_gap=0 wait=0 rx=0 rxq=0 rxr=0 ack=0 ch9=0 rf=1 retry=20 interval=380
DBG_ANCHOR_CH5_SCAN_RESCHED ret=1 delay=20
DBG_ANCHOR_CH5_SCAN_HANDLER role=2
DBG_ANCHOR_CH5_SCAN_BLOCKED win=0 survey=0 tx=0 retry_gap=0 wait=0 rx=0 rxq=0 rxr=0 ack=0 ch9=0 rf=1 retry=20 interval=380
DBG_ANCHOR_CH5_SCAN_RESCHED ret=1 delay=20
DBG_ANCHOR_CH5_SCAN_HANDLER role=2
DBG_ANCHOR_CH5_SCAN_BLOCKED win=0 survey=0 tx=0 retry_gap=0 wait=0 rx=0 rxq=0 rxr=0 ack=0 ch9=0 rf=1 retry=20 interval=380
DBG_ANCHOR_CH5_SCAN_RESCHED ret=1 delay=20
DBG_ANCHOR_CH5_SCAN_HANDLER role=2
DBG_ANCHOR_CH5_SCAN_BLOCKED win=0 survey=0 tx=0 retry_gap=0 wait=0 rx=0 rxq=0 rxr=0 ack=0 ch9=0 rf=1 retry=20 interval=380
DBG_ANCHOR_CH5_SCAN_RESCHED ret=1 delay=20
DBG_ANCHOR_CH5_SCAN_HANDLER role=2
DBG_ANCHOR_CH5_SCAN_BLOCKED win=0 survey=0 tx=0 retry_gap=0 wait=0 rx=0 rxq=0 rxr=0 ack=0 ch9=0 rf=1 retry=20 interval=380
DBG_ANCHOR_CH5_SCAN_RESCHED ret=1 delay=20
DBG_ANCHOR_CH5_SCAN_HANDLER role=2
DBG_ANCHOR_CH5_SCAN_BLOCKED win=0 survey=0 tx=0 retry_gap=0 wait=0 rx=0 rxq=0 rxr=0 ack=0 ch9=0 rf=1 retry=20 interval=380
DBG_ANCHOR_CH5_SCAN_RESCHED ret=1 delay=20
DBG_ANCHOR_CH5_SCAN_HANDLER role=2
DBG_ANCHOR_CH5_SCAN_BLOCKED win=0 survey=0 tx=0 retry_gap=0 wait=0 rx=0 rxq=0 rxr=0 ack=0 ch9=0 rf=1 retry=20 interval=380
DBG_ANCHOR_CH5_SCAN_RESCHED ret=1 delay=20
DBG_ANCHOR_CH5_SCAN_HANDLER role=2
DBG_ANCHOR_CH5_SCAN_BLOCKED win=0 survey=0 tx=0 retry_gap=0 wait=0 rx=0 rxq=0 rxr=0 ack=0 ch9=0 rf=1 retry=20 interval=380
DBG_ANCHOR_CH5_SCAN_RESCHED ret=1 delay=20
DBG_ANCHOR_CH5_SCAN_HANDLER role=2
DBG_ANCHOR_CH5_SCAN_BLOCKED win=0 survey=0 tx=0 retry_gap=0 wait=0 rx=0 rxq=0 rxr=0 ack=0 ch9=0 rf=1 retry=20 interval=380
DBG_ANCHOR_CH5_SCAN_RESCHED ret=1 delay=20
DBG_ANCHOR_CH5_SCAN_HANDLER role=2
DBG_ANCHOR_CH5_SCAN_BLOCKED win=0 survey=0 tx=0 retry_gap=0 wait=0 rx=0 rxq=0 rxr=0 ack=0 ch9=0 rf=1 retry=20 interval=380
DBG_ANCHOR_CH5_SCAN_RESCHED ret=1 delay=20
DBG_ANCHOR_CH5_SCAN_HANDLER role=2
DBG_ANCHOR_CH5_SCAN_BLOCKED win=0 survey=0 tx=0 retry_gap=0 wait=0 rx=0 rxq=0 rxr=0 ack=0 ch9=0 rf=1 retry=20 interval=380
DBG_ANCHOR_CH5_SCAN_RESCHED ret=1 delay=20
DBG_ANCHOR_CH5_SCAN_HANDLER role=2
DBG_ANCHOR_CH5_SCAN_BLOCKED win=0 survey=0 tx=0 retry_gap=0 wait=0 rx=0 rxq=0 rxr=0 ack=0 ch9=0 rf=1 retry=20 interval=380
DBG_ANCHOR_CH5_SCAN_RESCHED ret=1 delay=20
DBG_ANCHOR_CH5_SCAN_HANDLER role=2
DBG_ANCHOR_CH5_SCAN_BLOCKED win=0 survey=0 tx=0 retry_gap=0 wait=0 rx=0 rxq=0 rxr=0 ack=0 ch9=0 rf=1 retry=20 interval=380
DBG_ANCHOR_CH5_SCAN_RESCHED ret=1 delay=20
DBG_ANCHOR_CH5_SCAN_HANDLER role=2
DBG_ANCHOR_CH5_SCAN_BLOCKED win=0 survey=0 tx=0 retry_gap=0 wait=0 rx=0 rxq=0 rxr=0 ack=0 ch9=0 rf=1 retry=20 interval=380
DBG_ANCHOR_CH5_SCAN_RESCHED ret=1 delay=20
DBG_ANCHOR_CH5_SCAN_HANDLER role=2
DBG_ANCHOR_CH5_SCAN_BLOCKED win=0 survey=0 tx=0 retry_gap=0 wait=0 rx=0 rxq=0 rxr=0 ack=0 ch9=0 rf=1 retry=20 interval=380
DBG_ANCHOR_CH5_SCAN_RESCHED ret=1 delay=20
DBG_ANCHOR_CH5_SCAN_HANDLER role=2
DBG_ANCHOR_CH5_SCAN_BLOCKED win=0 survey=0 tx=0 retry_gap=0 wait=0 rx=0 rxq=0 rxr=0 ack=0 ch9=0 rf=1 retry=20 interval=380
DBG_ANCHOR_CH5_SCAN_RESCHED ret=1 delay=20
DBG_ANCHOR_CH5_SCAN_HANDLER role=2
DBG_ANCHOR_CH5_SCAN_BLOCKED win=0 survey=0 tx=0 retry_gap=0 wait=0 rx=0 rxq=0 rxr=0 ack=0 ch9=0 rf=1 retry=20 interval=380
DBG_ANCHOR_CH5_SCAN_RESCHED ret=1 delay=20
DBG_ANCHOR_CH5_SCAN_HANDLER role=2
DBG_ANCHOR_CH5_SCAN_BLOCKED win=0 survey=0 tx=0 retry_gap=0 wait=0 rx=0 rxq=0 rxr=0 ack=0 ch9=0 rf=1 retry=20 interval=380
DBG_ANCHOR_CH5_SCAN_RESCHED ret=1 delay=20
DBG_ANCHOR_CH5_SCAN_HANDLER role=2
DBG_ANCHOR_CH5_SCAN_BLOCKED win=0 survey=0 tx=0 retry_gap=0 wait=0 rx=0 rxq=0 rxr=0 ack=0 ch9=0 rf=1 retry=20 interval=380
DBG_ANCHOR_CH5_SCAN_RESCHED ret=1 delay=20
DBG_ANCHOR_CH5_SCAN_HANDLER role=2
DBG_ANCHOR_CH5_SCAN_BLOCKED win=0 survey=0 tx=0 retry_gap=0 wait=0 rx=0 rxq=0 rxr=0 ack=0 ch9=0 rf=1 retry=20 interval=380
DBG_ANCHOR_CH5_SCAN_RESCHED ret=1 delay=20
DBG_ANCHOR_CH5_SCAN_HANDLER role=2
DBG_ANCHOR_CH5_SCAN_BLOCKED win=0 survey=0 tx=0 retry_gap=0 wait=0 rx=0 rxq=0 rxr=0 ack=0 ch9=0 rf=1 retry=20 interval=380
DBG_ANCHOR_CH5_SCAN_RESCHED ret=1 delay=20
DBG_ANCHOR_CH5_SCAN_HANDLER role=2
DBG_ANCHOR_CH5_SCAN_BLOCKED win=0 survey=0 tx=0 retry_gap=0 wait=0 rx=0 rxq=0 rxr=0 ack=0 ch9=0 rf=1 retry=20 interval=380
DBG_ANCHOR_CH5_SCAN_RESCHED ret=1 delay=20
DBG_ANCHOR_CH5_SCAN_HANDLER role=2
DBG_ANCHOR_CH5_SCAN_BLOCKED win=0 survey=0 tx=0 retry_gap=0 wait=0 rx=0 rxq=0 rxr=0 ack=0 ch9=0 rf=1 retry=20 interval=380
DBG_ANCHOR_CH5_SCAN_RESCHED ret=1 delay=20
DBG_ANCHOR_CH5_SCAN_HANDLER role=2
DBG_ANCHOR_CH5_SCAN_BLOCKED win=0 survey=0 tx=0 retry_gap=0 wait=0 rx=0 rxq=0 rxr=0 ack=0 ch9=0 rf=1 retry=20 interval=380
DBG_ANCHOR_CH5_SCAN_RESCHED ret=1 delay=20
DBG_ANCHOR_CH5_SCAN_HANDLER role=2
DBG_ANCHOR_CH5_SCAN_BLOCKED win=0 survey=0 tx=0 retry_gap=0 wait=0 rx=0 rxq=0 rxr=0 ack=0 ch9=0 rf=1 retry=20 interval=380
DBG_ANCHOR_CH5_SCAN_RESCHED ret=1 delay=20
DBG_ANCHOR_CH5_SCAN_HANDLER role=2
DBG_ANCHOR_CH5_SCAN_BLOCKED win=0 survey=0 tx=0 retry_gap=0 wait=0 rx=0 rxq=0 rxr=0 ack=0 ch9=0 rf=1 retry=20 interval=380
DBG_ANCHOR_CH5_SCAN_RESCHED ret=1 delay=20
DBG_ANCHOR_CH5_SCAN_HANDLER role=2
DBG_ANCHOR_CH5_SCAN_BLOCKED win=0 survey=0 tx=0 retry_gap=0 wait=0 rx=0 rxq=0 rxr=0 ack=0 ch9=0 rf=1 retry=20 interval=380
DBG_ANCHOR_CH5_SCAN_RESCHED ret=1 delay=20
DBG_ANCHOR_CH5_SCAN_HANDLER role=2
DBG_ANCHOR_CH5_SCAN_BLOCKED win=0 survey=0 tx=0 retry_gap=0 wait=0 rx=0 rxq=0 rxr=0 ack=0 ch9=0 rf=1 retry=20 interval=380
DBG_ANCHOR_CH5_SCAN_RESCHED ret=1 delay=20
DBG_ANCHOR_CH5_SCAN_HANDLER role=2
DBG_ANCHOR_CH5_SCAN_BLOCKED win=0 survey=0 tx=0 retry_gap=0 wait=0 rx=0 rxq=0 rxr=0 ack=0 ch9=0 rf=1 retry=20 interval=380
DBG_ANCHOR_CH5_SCAN_RESCHED ret=1 delay=20
DBG_ANCHOR_CH5_SCAN_HANDLER role=2
DBG_ANCHOR_CH5_SCAN_BLOCKED win=0 survey=0 tx=0 retry_gap=0 wait=0 rx=0 rxq=0 rxr=0 ack=0 ch9=0 rf=1 retry=20 interval=380
DBG_ANCHOR_CH5_SCAN_RESCHED ret=1 delay=20
DBG_ANCHOR_CH5_SCAN_HANDLER role=2
DBG_ANCHOR_CH5_SCAN_BLOCKED win=0 survey=0 tx=0 retry_gap=0 wait=0 rx=0 rxq=0 rxr=0 ack=0 ch9=0 rf=1 retry=20 interval=380
DBG_ANCHOR_CH5_SCAN_RESCHED ret=1 delay=20
DBG_ANCHOR_CH5_SCAN_HANDLER role=2
DBG_ANCHOR_CH5_SCAN_BLOCKED win=0 survey=0 tx=0 retry_gap=0 wait=0 rx=0 rxq=0 rxr=0 ack=0 ch9=0 rf=1 retry=20 interval=380
DBG_ANCHOR_CH5_SCAN_RESCHED ret=1 delay=20
DBG_ANCHOR_CH5_SCAN_HANDLER role=2
DBG_ANCHOR_CH5_SCAN_BLOCKED win=0 survey=0 tx=0 retry_gap=0 wait=0 rx=0 rxq=0 rxr=0 ack=0 ch9=0 rf=1 retry=20 interval=380
DBG_ANCHOR_CH5_SCAN_RESCHED ret=1 delay=20
DBG_ANCHOR_CH5_SCAN_HANDLER role=2
DBG_ANCHOR_CH5_SCAN_BLOCKED win=0 survey=0 tx=0 retry_gap=0 wait=0 rx=0 rxq=0 rxr=0 ack=0 ch9=0 rf=1 retry=20 interval=380
DBG_ANCHOR_CH5_SCAN_RESCHED ret=1 delay=20
DBG_ANCHOR_CH5_SCAN_HANDLER role=2
DBG_ANCHOR_CH5_SCAN_BLOCKED win=0 survey=0 tx=0 retry_gap=0 wait=0 rx=0 rxq=0 rxr=0 ack=0 ch9=0 rf=1 retry=20 interval=380
DBG_ANCHOR_CH5_SCAN_RESCHED ret=1 delay=20
DBG_ANCHOR_CH5_SCAN_HANDLER role=2
DBG_ANCHOR_CH5_SCAN_BLOCKED win=0 survey=0 tx=0 retry_gap=0 wait=0 rx=0 rxq=0 rxr=0 ack=0 ch9=0 rf=1 retry=20 interval=380
DBG_ANCHOR_CH5_SCAN_RESCHED ret=1 delay=20
DBG_ANCHOR_CH5_SCAN_HANDLER role=2
DBG_ANCHOR_CH5_SCAN_BLOCKED win=0 survey=0 tx=0 retry_gap=0 wait=0 rx=0 rxq=0 rxr=0 ack=0 ch9=0 rf=1 retry=20 interval=380
DBG_ANCHOR_CH5_SCAN_RESCHED ret=1 delay=20
DBG_ANCHOR_CH5_SCAN_HANDLER role=2
DBG_ANCHOR_CH5_SCAN_BLOCKED win=0 survey=0 tx=0 retry_gap=0 wait=0 rx=0 rxq=0 rxr=0 ack=0 ch9=0 rf=1 retry=20 interval=380
DBG_ANCHOR_CH5_SCAN_RESCHED ret=1 delay=20
DBG_ANCHOR_CH5_SCAN_HANDLER role=2
DBG_ANCHOR_CH5_SCAN_BLOCKED win=0 survey=0 tx=0 retry_gap=0 wait=0 rx=0 rxq=0 rxr=0 ack=0 ch9=0 rf=1 retry=20 interval=380
DBG_ANCHOR_CH5_SCAN_RESCHED ret=1 delay=20
DBG_ANCHOR_CH5_SCAN_HANDLER role=2
DBG_ANCHOR_CH5_SCAN_BLOCKED win=0 survey=0 tx=0 retry_gap=0 wait=0 rx=0 rxq=0 rxr=0 ack=0 ch9=0 rf=1 retry=20 interval=380
DBG_ANCHOR_CH5_SCAN_RESCHED ret=1 delay=20
DBG_ANCHOR_CH5_SCAN_HANDLER role=2
DBG_ANCHOR_CH5_SCAN_BLOCKED win=0 survey=0 tx=0 retry_gap=0 wait=0 rx=0 rxq=0 rxr=0 ack=0 ch9=0 rf=1 retry=20 interval=380
DBG_ANCHOR_CH5_SCAN_RESCHED ret=1 delay=20
DBG_ANCHOR_CH5_SCAN_HANDLER role=2
DBG_ANCHOR_CH5_SCAN_BLOCKED win=0 survey=0 tx=0 retry_gap=0 wait=0 rx=0 rxq=0 rxr=0 ack=0 ch9=0 rf=1 retry=20 interval=380
DBG_ANCHOR_CH5_SCAN_RESCHED ret=1 delay=20
DBG_ANCHOR_CH5_SCAN_HANDLER role=2
DBG_ANCHOR_CH5_SCAN_BLOCKED win=0 survey=0 tx=0 retry_gap=0 wait=0 rx=0 rxq=0 rxr=0 ack=0 ch9=0 rf=1 retry=20 interval=380
DBG_ANCHOR_CH5_SCAN_RESCHED ret=1 delay=20
DBG_ANCHOR_CH5_SCAN_HANDLER role=2
DBG_ANCHOR_CH5_SCAN_BLOCKED win=0 survey=0 tx=0 retry_gap=0 wait=0 rx=0 rxq=0 rxr=0 ack=0 ch9=0 rf=1 retry=20 interval=380
DBG_ANCHOR_CH5_SCAN_RESCHED ret=1 delay=20
DBG_ANCHOR_CH5_SCAN_HANDLER role=2
DBG_ANCHOR_CH5_SCAN_BLOCKED win=0 survey=0 tx=0 retry_gap=0 wait=0 rx=0 rxq=0 rxr=0 ack=0 ch9=0 rf=1 retry=20 interval=380
DBG_ANCHOR_CH5_SCAN_RESCHED ret=1 delay=20
DBG_ANCHOR_CH5_SCAN_HANDLER role=2
DBG_ANCHOR_CH5_SCAN_BLOCKED win=0 survey=0 tx=0 retry_gap=0 wait=0 rx=0 rxq=0 rxr=0 ack=0 ch9=0 rf=1 retry=20 interval=380
DBG_ANCHOR_CH5_SCAN_RESCHED ret=1 delay=20
DBG_ANCHOR_CH5_SCAN_HANDLER role=2
DBG_ANCHOR_CH5_SCAN_BLOCKED win=0 survey=0 tx=0 retry_gap=0 wait=0 rx=0 rxq=0 rxr=0 ack=0 ch9=0 rf=1 retry=20 interval=380
DBG_ANCHOR_CH5_SCAN_RESCHED ret=1 delay=20
DBG_ANCHOR_CH5_SCAN_HANDLER role=2
DBG_ANCHOR_CH5_SCAN_BLOCKED win=0 survey=0 tx=0 retry_gap=0 wait=0 rx=0 rxq=0 rxr=0 ack=0 ch9=0 rf=1 retry=20 interval=380
DBG_ANCHOR_CH5_SCAN_RESCHED ret=1 delay=20
DBG_ANCHOR_CH5_SCAN_HANDLER role=2
DBG_ANCHOR_CH5_SCAN_BLOCKED win=0 survey=0 tx=0 retry_gap=0 wait=0 rx=0 rxq=0 rxr=0 ack=0 ch9=0 rf=1 retry=20 interval=380
DBG_ANCHOR_CH5_SCAN_RESCHED ret=1 delay=20
DBG_ANCHOR_CH5_SCAN_HANDLER role=2
DBG_ANCHOR_CH5_SCAN_BLOCKED win=0 survey=0 tx=0 retry_gap=0 wait=0 rx=0 rxq=0 rxr=0 ack=0 ch9=0 rf=1 retry=20 interval=380
DBG_ANCHOR_CH5_SCAN_RESCHED ret=1 delay=20
DBG_ANCHOR_CH5_SCAN_HANDLER role=2
DBG_ANCHOR_CH5_SCAN_BLOCKED win=0 survey=0 tx=0 retry_gap=0 wait=0 rx=0 rxq=0 rxr=0 ack=0 ch9=0 rf=1 retry=20 interval=380
DBG_ANCHOR_CH5_SCAN_RESCHED ret=1 delay=20
DBG_ANCHOR_CH5_SCAN_HANDLER role=2
DBG_ANCHOR_CH5_SCAN_BLOCKED win=0 survey=0 tx=0 retry_gap=0 wait=0 rx=0 rxq=0 rxr=0 ack=0 ch9=0 rf=1 retry=20 interval=380
DBG_ANCHOR_CH5_SCAN_RESCHED ret=1 delay=20
DBG_ANCHOR_CH5_SCAN_HANDLER role=2
DBG_ANCHOR_CH5_SCAN_BLOCKED win=0 survey=0 tx=0 retry_gap=0 wait=0 rx=0 rxq=0 rxr=0 ack=0 ch9=0 rf=1 retry=20 interval=380
DBG_ANCHOR_CH5_SCAN_RESCHED ret=1 delay=20
DBG_ANCHOR_CH5_SCAN_HANDLER role=2
DBG_ANCHOR_CH5_SCAN_BLOCKED win=0 survey=0 tx=0 retry_gap=0 wait=0 rx=0 rxq=0 rxr=0 ack=0 ch9=0 rf=1 retry=20 interval=380
DBG_ANCHOR_CH5_SCAN_RESCHED ret=1 delay=20
DBG_ANCHOR_CH5_SCAN_HANDLER role=2
DBG_ANCHOR_CH5_SCAN_BLOCKED win=0 survey=0 tx=0 retry_gap=0 wait=0 rx=0 rxq=0 rxr=0 ack=0 ch9=0 rf=1 retry=20 interval=380
DBG_ANCHOR_CH5_SCAN_RESCHED ret=1 delay=20
DBG_ANCHOR_CH5_SCAN_HANDLER role=2
DBG_ANCHOR_CH5_SCAN_BLOCKED win=0 survey=0 tx=0 retry_gap=0 wait=0 rx=0 rxq=0 rxr=0 ack=0 ch9=0 rf=1 retry=20 interval=380
DBG_ANCHOR_CH5_SCAN_RESCHED ret=1 delay=20
DBG_ANCHOR_CH5_SCAN_HANDLER role=2
DBG_ANCHOR_CH5_SCAN_BLOCKED win=0 survey=0 tx=0 retry_gap=0 wait=0 rx=0 rxq=0 rxr=0 ack=0 ch9=0 rf=1 retry=20 interval=380
DBG_ANCHOR_CH5_SCAN_RESCHED ret=1 delay=20
DBG_ANCHOR_CH5_SCAN_HANDLER role=2
DBG_ANCHOR_CH5_SCAN_BLOCKED win=0 survey=0 tx=0 retry_gap=0 wait=0 rx=0 rxq=0 rxr=0 ack=0 ch9=0 rf=1 retry=20 interval=380
DBG_ANCHOR_CH5_SCAN_RESCHED ret=1 delay=20
DBG_ANCHOR_CH5_SCAN_HANDLER role=2
DBG_ANCHOR_CH5_SCAN_BLOCKED win=0 survey=0 tx=0 retry_gap=0 wait=0 rx=0 rxq=0 rxr=0 ack=0 ch9=0 rf=1 retry=20 interval=380
DBG_ANCHOR_CH5_SCAN_RESCHED ret=1 delay=20
DBG_ANCHOR_CH5_SCAN_HANDLER role=2
DBG_ANCHOR_CH5_SCAN_BLOCKED win=0 survey=0 tx=0 retry_gap=0 wait=0 rx=0 rxq=0 rxr=0 ack=0 ch9=0 rf=1 retry=20 interval=380
DBG_ANCHOR_CH5_SCAN_RESCHED ret=1 delay=20
DBG_ANCHOR_CH5_SCAN_HANDLER role=2
DBG_ANCHOR_CH5_SCAN_BLOCKED win=0 survey=0 tx=0 retry_gap=0 wait=0 rx=0 rxq=0 rxr=0 ack=0 ch9=0 rf=1 retry=20 interval=380
DBG_ANCHOR_CH5_SCAN_RESCHED ret=1 delay=20
DBG_ANCHOR_CH5_SCAN_HANDLER role=2
DBG_ANCHOR_CH5_SCAN_BLOCKED win=0 survey=0 tx=0 retry_gap=0 wait=0 rx=0 rxq=0 rxr=0 ack=0 ch9=0 rf=1 retry=20 interval=380
DBG_ANCHOR_CH5_SCAN_RESCHED ret=1 delay=20
DBG_ANCHOR_CH5_SCAN_HANDLER role=2
DBG_ANCHOR_CH5_SCAN_BLOCKED win=0 survey=0 tx=0 retry_gap=0 wait=0 rx=0 rxq=0 rxr=0 ack=0 ch9=0 rf=1 retry=20 interval=380
DBG_ANCHOR_CH5_SCAN_RESCHED ret=1 delay=20
DBG_ANCHOR_CH5_SCAN_HANDLER role=2
DBG_ANCHOR_CH5_SCAN_BLOCKED win=0 survey=0 tx=0 retry_gap=0 wait=0 rx=0 rxq=0 rxr=0 ack=0 ch9=0 rf=1 retry=20 interval=380
DBG_ANCHOR_CH5_SCAN_RESCHED ret=1 delay=20
DBG_ANCHOR_CH5_SCAN_HANDLER role=2
DBG_ANCHOR_CH5_SCAN_BLOCKED win=0 survey=0 tx=0 retry_gap=0 wait=0 rx=0 rxq=0 rxr=0 ack=0 ch9=0 rf=1 retry=20 interval=380
DBG_ANCHOR_CH5_SCAN_RESCHED ret=1 delay=20
DBG_ANCHOR_CH5_SCAN_HANDLER role=2
DBG_ANCHOR_CH5_SCAN_BLOCKED win=0 survey=0 tx=0 retry_gap=0 wait=0 rx=0 rxq=0 rxr=0 ack=0 ch9=0 rf=1 retry=20 interval=380
DBG_ANCHOR_CH5_SCAN_RESCHED ret=1 delay=20
DBG_ANCHOR_CH5_SCAN_HANDLER role=2
DBG_ANCHOR_CH5_SCAN_BLOCKED win=0 survey=0 tx=0 retry_gap=0 wait=0 rx=0 rxq=0 rxr=0 ack=0 ch9=0 rf=1 retry=20 interval=380
DBG_ANCHOR_CH5_SCAN_RESCHED ret=1 delay=20
DBG_ANCHOR_CH5_SCAN_HANDLER role=2
DBG_ANCHOR_CH5_SCAN_BLOCKED win=0 survey=0 tx=0 retry_gap=0 wait=0 rx=0 rxq=0 rxr=0 ack=0 ch9=0 rf=1 retry=20 interval=380
DBG_ANCHOR_CH5_SCAN_RESCHED ret=1 delay=20
DBG_ANCHOR_CH5_SCAN_HANDLER role=2
DBG_ANCHOR_CH5_SCAN_BLOCKED win=0 survey=0 tx=0 retry_gap=0 wait=0 rx=0 rxq=0 rxr=0 ack=0 ch9=0 rf=1 retry=20 interval=380
DBG_ANCHOR_CH5_SCAN_RESCHED ret=1 delay=20
DBG_ANCHOR_CH5_SCAN_HANDLER role=2
DBG_ANCHOR_CH5_SCAN_BLOCKED win=0 survey=0 tx=0 retry_gap=0 wait=0 rx=0 rxq=0 rxr=0 ack=0 ch9=0 rf=1 retry=20 interval=380
DBG_ANCHOR_CH5_SCAN_RESCHED ret=1 delay=20
DBG_ANCHOR_CH5_SCAN_HANDLER role=2
DBG_ANCHOR_CH5_SCAN_BLOCKED win=0 survey=0 tx=0 retry_gap=0 wait=0 rx=0 rxq=0 rxr=0 ack=0 ch9=0 rf=1 retry=20 interval=380
DBG_ANCHOR_CH5_SCAN_RESCHED ret=1 delay=20
DBG_ANCHOR_CH5_SCAN_HANDLER role=2
DBG_ANCHOR_CH5_SCAN_BLOCKED win=0 survey=0 tx=0 retry_gap=0 wait=0 rx=0 rxq=0 rxr=0 ack=0 ch9=0 rf=1 retry=20 interval=380
DBG_ANCHOR_CH5_SCAN_RESCHED ret=1 delay=20
DBG_ANCHOR_CH5_SCAN_HANDLER role=2
DBG_ANCHOR_CH5_SCAN_BLOCKED win=0 survey=0 tx=0 retry_gap=0 wait=0 rx=0 rxq=0 rxr=0 ack=0 ch9=0 rf=1 retry=20 interval=380
DBG_ANCHOR_CH5_SCAN_RESCHED ret=1 delay=20
DBG_ANCHOR_CH5_SCAN_HANDLER role=2
DBG_ANCHOR_CH5_SCAN_BLOCKED win=0 survey=0 tx=0 retry_gap=0 wait=0 rx=0 rxq=0 rxr=0 ack=0 ch9=0 rf=1 retry=20 interval=380
DBG_ANCHOR_CH5_SCAN_RESCHED ret=1 delay=20
DBG_ANCHOR_CH5_SCAN_HANDLER role=2
DBG_ANCHOR_CH5_SCAN_BLOCKED win=0 survey=0 tx=0 retry_gap=0 wait=0 rx=0 rxq=0 rxr=0 ack=0 ch9=0 rf=1 retry=20 interval=380
DBG_ANCHOR_CH5_SCAN_RESCHED ret=1 delay=20
DBG_ANCHOR_CH5_SCAN_HANDLER role=2
DBG_ANCHOR_CH5_SCAN_BLOCKED win=0 survey=0 tx=0 retry_gap=0 wait=0 rx=0 rxq=0 rxr=0 ack=0 ch9=0 rf=1 retry=20 interval=380
DBG_ANCHOR_CH5_SCAN_RESCHED ret=1 delay=20
DBG_ANCHOR_CH5_SCAN_HANDLER role=2
DBG_ANCHOR_CH5_SCAN_BLOCKED win=0 survey=0 tx=0 retry_gap=0 wait=0 rx=0 rxq=0 rxr=0 ack=0 ch9=0 rf=1 retry=20 interval=380
DBG_ANCHOR_CH5_SCAN_RESCHED ret=1 delay=20
DBG_ANCHOR_CH5_SCAN_HANDLER role=2
DBG_ANCHOR_CH5_SCAN_BLOCKED win=0 survey=0 tx=0 retry_gap=0 wait=0 rx=0 rxq=0 rxr=0 ack=0 ch9=0 rf=1 retry=20 interval=380
DBG_ANCHOR_CH5_SCAN_RESCHED ret=1 delay=20
DBG_ANCHOR_CH5_SCAN_HANDLER role=2
DBG_ANCHOR_CH5_SCAN_BLOCKED win=0 survey=0 tx=0 retry_gap=0 wait=0 rx=0 rxq=0 rxr=0 ack=0 ch9=0 rf=1 retry=20 interval=380
DBG_ANCHOR_CH5_SCAN_RESCHED ret=1 delay=20
DBG_ANCHOR_CH5_SCAN_HANDLER role=2
DBG_ANCHOR_CH5_SCAN_BLOCKED win=0 survey=0 tx=0 retry_gap=0 wait=0 rx=0 rxq=0 rxr=0 ack=0 ch9=0 rf=1 retry=20 interval=380
DBG_ANCHOR_CH5_SCAN_RESCHED ret=1 delay=20
DBG_ANCHOR_CH5_SCAN_HANDLER role=2
DBG_ANCHOR_CH5_SCAN_BLOCKED win=0 survey=0 tx=0 retry_gap=0 wait=0 rx=0 rxq=0 rxr=0 ack=0 ch9=0 rf=1 retry=20 interval=380
DBG_ANCHOR_CH5_SCAN_RESCHED ret=1 delay=20
DBG_ANCHOR_CH5_SCAN_HANDLER role=2
DBG_ANCHOR_CH5_SCAN_BLOCKED win=0 survey=0 tx=0 retry_gap=0 wait=0 rx=0 rxq=0 rxr=0 ack=0 ch9=0 rf=1 retry=20 interval=380
DBG_ANCHOR_CH5_SCAN_RESCHED ret=1 delay=20
DBG_ANCHOR_CH5_SCAN_HANDLER role=2
DBG_ANCHOR_CH5_SCAN_BLOCKED win=0 survey=0 tx=0 retry_gap=0 wait=0 rx=0 rxq=0 rxr=0 ack=0 ch9=0 rf=1 retry=20 interval=380
DBG_ANCHOR_CH5_SCAN_RESCHED ret=1 delay=20
DBG_ANCHOR_CH5_SCAN_HANDLER role=2
DBG_ANCHOR_CH5_SCAN_BLOCKED win=0 survey=0 tx=0 retry_gap=0 wait=0 rx=0 rxq=0 rxr=0 ack=0 ch9=0 rf=1 retry=20 interval=380
DBG_ANCHOR_CH5_SCAN_RESCHED ret=1 delay=20
DBG_ANCHOR_CH5_SCAN_HANDLER role=2
DBG_ANCHOR_CH5_SCAN_BLOCKED win=0 survey=0 tx=0 retry_gap=0 wait=0 rx=0 rxq=0 rxr=0 ack=0 ch9=0 rf=1 retry=20 interval=380
DBG_ANCHOR_CH5_SCAN_RESCHED ret=1 delay=20
DBG_ANCHOR_CH5_SCAN_HANDLER role=2
DBG_ANCHOR_CH5_SCAN_BLOCKED win=0 survey=0 tx=0 retry_gap=0 wait=0 rx=0 rxq=0 rxr=0 ack=0 ch9=0 rf=1 retry=20 interval=380
DBG_ANCHOR_CH5_SCAN_RESCHED ret=1 delay=20
DBG_ANCHOR_CH5_SCAN_HANDLER role=2
DBG_ANCHOR_CH5_SCAN_BLOCKED win=0 survey=0 tx=0 retry_gap=0 wait=0 rx=0 rxq=0 rxr=0 ack=0 ch9=0 rf=1 retry=20 interval=380
DBG_ANCHOR_CH5_SCAN_RESCHED ret=1 delay=20
DBG_ANCHOR_CH5_SCAN_HANDLER role=2
DBG_ANCHOR_CH5_SCAN_BLOCKED win=0 survey=0 tx=0 retry_gap=0 wait=0 rx=0 rxq=0 rxr=0 ack=0 ch9=0 rf=1 retry=20 interval=380
DBG_ANCHOR_CH5_SCAN_RESCHED ret=1 delay=20
DBG_ANCHOR_CH5_SCAN_HANDLER role=2
DBG_ANCHOR_CH5_SCAN_BLOCKED win=0 survey=0 tx=0 retry_gap=0 wait=0 rx=0 rxq=0 rxr=0 ack=0 ch9=0 rf=1 retry=20 interval=380
DBG_ANCHOR_CH5_SCAN_RESCHED ret=1 delay=20
DBG_ANCHOR_CH5_SCAN_HANDLER role=2
DBG_ANCHOR_CH5_SCAN_BLOCKED win=0 survey=0 tx=0 retry_gap=0 wait=0 rx=0 rxq=0 rxr=0 ack=0 ch9=0 rf=1 retry=20 interval=380
DBG_ANCHOR_CH5_SCAN_RESCHED ret=1 delay=20
DBG_ANCHOR_CH5_SCAN_HANDLER role=2
DBG_ANCHOR_CH5_SCAN_BLOCKED win=0 survey=0 tx=0 retry_gap=0 wait=0 rx=0 rxq=0 rxr=0 ack=0 ch9=0 rf=1 retry=20 interval=380
DBG_ANCHOR_CH5_SCAN_RESCHED ret=1 delay=20
DBG_ANCHOR_CH5_SCAN_HANDLER role=2
DBG_ANCHOR_CH5_SCAN_BLOCKED win=0 survey=0 tx=0 retry_gap=0 wait=0 rx=0 rxq=0 rxr=0 ack=0 ch9=0 rf=1 retry=20 interval=380
DBG_ANCHOR_CH5_SCAN_RESCHED ret=1 delay=20
DBG_ANCHOR_CH5_SCAN_HANDLER role=2
DBG_ANCHOR_CH5_SCAN_BLOCKED win=0 survey=0 tx=0 retry_gap=0 wait=0 rx=0 rxq=0 rxr=0 ack=0 ch9=0 rf=1 retry=20 interval=380
DBG_ANCHOR_CH5_SCAN_RESCHED ret=1 delay=20
DBG_ANCHOR_CH5_SCAN_HANDLER role=2
DBG_ANCHOR_CH5_SCAN_BLOCKED win=0 survey=0 tx=0 retry_gap=0 wait=0 rx=0 rxq=0 rxr=0 ack=0 ch9=0 rf=1 retry=20 interval=380
DBG_ANCHOR_CH5_SCAN_RESCHED ret=1 delay=20
DBG_ANCHOR_CH5_SCAN_HANDLER role=2
DBG_ANCHOR_CH5_SCAN_BLOCKED win=0 survey=0 tx=0 retry_gap=0 wait=0 rx=0 rxq=0 rxr=0 ack=0 ch9=0 rf=1 retry=20 interval=380
DBG_ANCHOR_CH5_SCAN_RESCHED ret=1 delay=20
DBG_ANCHOR_CH5_SCAN_HANDLER role=2
DBG_ANCHOR_CH5_SCAN_BLOCKED win=0 survey=0 tx=0 retry_gap=0 wait=0 rx=0 rxq=0 rxr=0 ack=0 ch9=0 rf=1 retry=20 interval=380
DBG_ANCHOR_CH5_SCAN_RESCHED ret=1 delay=20
DBG_ANCHOR_CH5_SCAN_HANDLER role=2
DBG_ANCHOR_CH5_SCAN_BLOCKED win=0 survey=0 tx=0 retry_gap=0 wait=0 rx=0 rxq=0 rxr=0 ack=0 ch9=0 rf=1 retry=20 interval=380
DBG_ANCHOR_CH5_SCAN_RESCHED ret=1 delay=20
DBG_ANCHOR_CH5_SCAN_HANDLER role=2
DBG_ANCHOR_CH5_SCAN_BLOCKED win=0 survey=0 tx=0 retry_gap=0 wait=0 rx=0 rxq=0 rxr=0 ack=0 ch9=0 rf=1 retry=20 interval=380
DBG_ANCHOR_CH5_SCAN_RESCHED ret=1 delay=20
DBG_ANCHOR_CH5_SCAN_HANDLER role=2
DBG_ANCHOR_CH5_SCAN_BLOCKED win=0 survey=0 tx=0 retry_gap=0 wait=0 rx=0 rxq=0 rxr=0 ack=0 ch9=0 rf=1 retry=20 interval=380
DBG_ANCHOR_CH5_SCAN_RESCHED ret=1 delay=20
DBG_ANCHOR_CH5_SCAN_HANDLER role=2
DBG_ANCHOR_CH5_SCAN_BLOCKED win=0 survey=0 tx=0 retry_gap=0 wait=0 rx=0 rxq=0 rxr=0 ack=0 ch9=0 rf=1 retry=20 interval=380
DBG_ANCHOR_CH5_SCAN_RESCHED ret=1 delay=20
DBG_ANCHOR_CH5_SCAN_HANDLER role=2
DBG_ANCHOR_CH5_SCAN_BLOCKED win=0 survey=0 tx=0 retry_gap=0 wait=0 rx=0 rxq=0 rxr=0 ack=0 ch9=0 rf=1 retry=20 interval=380
DBG_ANCHOR_CH5_SCAN_RESCHED ret=1 delay=20
DBG_ANCHOR_CH5_SCAN_HANDLER role=2
DBG_ANCHOR_CH5_SCAN_BLOCKED win=0 survey=0 tx=0 retry_gap=0 wait=0 rx=0 rxq=0 rxr=0 ack=0 ch9=0 rf=1 retry=20 interval=380
DBG_ANCHOR_CH5_SCAN_RESCHED ret=1 delay=20
DBG_ANCHOR_CH5_SCAN_HANDLER role=2
DBG_ANCHOR_CH5_SCAN_BLOCKED win=0 survey=0 tx=0 retry_gap=0 wait=0 rx=0 rxq=0 rxr=0 ack=0 ch9=0 rf=1 retry=20 interval=380
DBG_ANCHOR_CH5_SCAN_RESCHED ret=1 delay=20
DBG_ANCHOR_CH5_SCAN_HANDLER role=2
DBG_ANCHOR_CH5_SCAN_BLOCKED win=0 survey=0 tx=0 retry_gap=0 wait=0 rx=0 rxq=0 rxr=0 ack=0 ch9=0 rf=1 retry=20 interval=380
DBG_ANCHOR_CH5_SCAN_RESCHED ret=1 delay=20
DBG_ANCHOR_CH5_SCAN_HANDLER role=2
DBG_ANCHOR_CH5_SCAN_BLOCKED win=0 survey=0 tx=0 retry_gap=0 wait=0 rx=0 rxq=0 rxr=0 ack=0 ch9=0 rf=1 retry=20 interval=380
DBG_ANCHOR_CH5_SCAN_RESCHED ret=1 delay=20
DBG_ANCHOR_CH5_SCAN_HANDLER role=2
DBG_ANCHOR_CH5_SCAN_BLOCKED win=0 survey=0 tx=0 retry_gap=0 wait=0 rx=0 rxq=0 rxr=0 ack=0 ch9=0 rf=1 retry=20 interval=380
DBG_ANCHOR_CH5_SCAN_RESCHED ret=1 delay=20
DBG_ANCHOR_CH5_SCAN_HANDLER role=2
DBG_ANCHOR_CH5_SCAN_BLOCKED win=0 survey=0 tx=0 retry_gap=0 wait=0 rx=0 rxq=0 rxr=0 ack=0 ch9=0 rf=1 retry=20 interval=380
DBG_ANCHOR_CH5_SCAN_RESCHED ret=1 delay=20
DBG_ANCHOR_CH5_SCAN_HANDLER role=2
DBG_ANCHOR_CH5_SCAN_BLOCKED win=0 survey=0 tx=0 retry_gap=0 wait=0 rx=0 rxq=0 rxr=0 ack=0 ch9=0 rf=1 retry=20 interval=380
DBG_ANCHOR_CH5_SCAN_RESCHED ret=1 delay=20
DBG_ANCHOR_CH5_SCAN_HANDLER role=2
DBG_ANCHOR_CH5_SCAN_BLOCKED win=0 survey=0 tx=0 retry_gap=0 wait=0 rx=0 rxq=0 rxr=0 ack=0 ch9=0 rf=1 retry=20 interval=380
DBG_ANCHOR_CH5_SCAN_RESCHED ret=1 delay=20
DBG_ANCHOR_CH5_SCAN_HANDLER role=2
DBG_ANCHOR_CH5_SCAN_BLOCKED win=0 survey=0 tx=0 retry_gap=0 wait=0 rx=0 rxq=0 rxr=0 ack=0 ch9=0 rf=1 retry=20 interval=380
DBG_ANCHOR_CH5_SCAN_RESCHED ret=1 delay=20
DBG_ANCHOR_CH5_SCAN_HANDLER role=2
DBG_ANCHOR_CH5_SCAN_BLOCKED win=0 survey=0 tx=0 retry_gap=0 wait=0 rx=0 rxq=0 rxr=0 ack=0 ch9=0 rf=1 retry=20 interval=380
DBG_ANCHOR_CH5_SCAN_RESCHED ret=1 delay=20
DBG_ANCHOR_CH5_SCAN_HANDLER role=2
DBG_ANCHOR_CH5_SCAN_BLOCKED win=0 survey=0 tx=0 retry_gap=0 wait=0 rx=0 rxq=0 rxr=0 ack=0 ch9=0 rf=1 retry=20 interval=380
DBG_ANCHOR_CH5_SCAN_RESCHED ret=1 delay=20
DBG_ANCHOR_CH5_SCAN_HANDLER role=2
DBG_ANCHOR_CH5_SCAN_BLOCKED win=0 survey=0 tx=0 retry_gap=0 wait=0 rx=0 rxq=0 rxr=0 ack=0 ch9=0 rf=1 retry=20 interval=380
DBG_ANCHOR_CH5_SCAN_RESCHED ret=1 delay=20
DBG_ANCHOR_CH5_SCAN_HANDLER role=2
DBG_ANCHOR_CH5_SCAN_BLOCKED win=0 survey=0 tx=0 retry_gap=0 wait=0 rx=0 rxq=0 rxr=0 ack=0 ch9=0 rf=1 retry=20 interval=380
DBG_ANCHOR_CH5_SCAN_RESCHED ret=1 delay=20
DBG_ANCHOR_CH5_SCAN_HANDLER role=2
DBG_ANCHOR_CH5_SCAN_BLOCKED win=0 survey=0 tx=0 retry_gap=0 wait=0 rx=0 rxq=0 rxr=0 ack=0 ch9=0 rf=1 retry=20 interval=380
DBG_ANCHOR_CH5_SCAN_RESCHED ret=1 delay=20
DBG_ANCHOR_CH5_SCAN_HANDLER role=2
DBG_ANCHOR_CH5_SCAN_BLOCKED win=0 survey=0 tx=0 retry_gap=0 wait=0 rx=0 rxq=0 rxr=0 ack=0 ch9=0 rf=1 retry=20 interval=380
DBG_ANCHOR_CH5_SCAN_RESCHED ret=1 delay=20
DBG_ANCHOR_CH5_SCAN_HANDLER role=2
DBG_ANCHOR_CH5_SCAN_BLOCKED win=0 survey=0 tx=0 retry_gap=0 wait=0 rx=0 rxq=0 rxr=0 ack=0 ch9=0 rf=1 retry=20 interval=380
DBG_ANCHOR_CH5_SCAN_RESCHED ret=1 delay=20
DBG_ANCHOR_CH5_SCAN_HANDLER role=2
DBG_ANCHOR_CH5_SCAN_BLOCKED win=0 survey=0 tx=0 retry_gap=0 wait=0 rx=0 rxq=0 rxr=0 ack=0 ch9=0 rf=1 retry=20 interval=380
DBG_ANCHOR_CH5_SCAN_RESCHED ret=1 delay=20
DBG_ANCHOR_CH5_SCAN_HANDLER role=2
DBG_ANCHOR_CH5_SCAN_BLOCKED win=0 survey=0 tx=0 retry_gap=0 wait=0 rx=0 rxq=0 rxr=0 ack=0 ch9=0 rf=1 retry=20 interval=380
DBG_ANCHOR_CH5_SCAN_RESCHED ret=1 delay=20
DBG_ANCHOR_CH5_SCAN_HANDLER role=2
DBG_ANCHOR_CH5_SCAN_BLOCKED win=0 survey=0 tx=0 retry_gap=0 wait=0 rx=0 rxq=0 rxr=0 ack=0 ch9=0 rf=1 retry=20 interval=380
DBG_ANCHOR_CH5_SCAN_RESCHED ret=1 delay=20
DBG_ANCHOR_CH5_SCAN_HANDLER role=2
DBG_ANCHOR_CH5_SCAN_BLOCKED win=0 survey=0 tx=0 retry_gap=0 wait=0 rx=0 rxq=0 rxr=0 ack=0 ch9=0 rf=1 retry=20 interval=380
DBG_ANCHOR_CH5_SCAN_RESCHED ret=1 delay=20
DBG_ANCHOR_CH5_SCAN_HANDLER role=2
DBG_ANCHOR_CH5_SCAN_BLOCKED win=0 survey=0 tx=0 retry_gap=0 wait=0 rx=0 rxq=0 rxr=0 ack=0 ch9=0 rf=1 retry=20 interval=380
DBG_ANCHOR_CH5_SCAN_RESCHED ret=1 delay=20
DBG_ANCHOR_CH5_SCAN_HANDLER role=2
DBG_ANCHOR_CH5_SCAN_BLOCKED win=0 survey=0 tx=0 retry_gap=0 wait=0 rx=0 rxq=0 rxr=0 ack=0 ch9=0 rf=1 retry=20 interval=380
DBG_ANCHOR_CH5_SCAN_RESCHED ret=1 delay=20
DBG_ANCHOR_CH5_SCAN_HANDLER role=2
DBG_ANCHOR_CH5_SCAN_BLOCKED win=0 survey=0 tx=0 retry_gap=0 wait=0 rx=0 rxq=0 rxr=0 ack=0 ch9=0 rf=1 retry=20 interval=380
DBG_ANCHOR_CH5_SCAN_RESCHED ret=1 delay=20
DBG_ANCHOR_CH5_SCAN_HANDLER role=2
DBG_ANCHOR_CH5_SCAN_BLOCKED win=0 survey=0 tx=0 retry_gap=0 wait=0 rx=0 rxq=0 rxr=0 ack=0 ch9=0 rf=1 retry=20 interval=380
DBG_ANCHOR_CH5_SCAN_RESCHED ret=1 delay=20
DBG_ANCHOR_CH5_SCAN_HANDLER role=2
DBG_ANCHOR_CH5_SCAN_BLOCKED win=0 survey=0 tx=0 retry_gap=0 wait=0 rx=0 rxq=0 rxr=0 ack=0 ch9=0 rf=1 retry=20 interval=380
DBG_ANCHOR_CH5_SCAN_RESCHED ret=1 delay=20
DBG_ANCHOR_CH5_SCAN_HANDLER role=2
DBG_ANCHOR_CH5_SCAN_BLOCKED win=0 survey=0 tx=0 retry_gap=0 wait=0 rx=0 rxq=0 rxr=0 ack=0 ch9=0 rf=1 retry=20 interval=380
DBG_ANCHOR_CH5_SCAN_RESCHED ret=1 delay=20
DBG_ANCHOR_CH5_SCAN_HANDLER role=2
DBG_ANCHOR_CH5_SCAN_BLOCKED win=0 survey=0 tx=0 retry_gap=0 wait=0 rx=0 rxq=0 rxr=0 ack=0 ch9=0 rf=1 retry=20 interval=380
DBG_ANCHOR_CH5_SCAN_RESCHED ret=1 delay=20
DBG_ANCHOR_CH5_SCAN_HANDLER role=2
DBG_ANCHOR_CH5_SCAN_BLOCKED win=0 survey=0 tx=0 retry_gap=0 wait=0 rx=0 rxq=0 rxr=0 ack=0 ch9=0 rf=1 retry=20 interval=380
DBG_ANCHOR_CH5_SCAN_RESCHED ret=1 delay=20
DBG_ROUTE_REPLY_LISTEN_DONE captured=0 ret=-116
DBG_C5_CONTACT phase=closing state=4 peer=0x9999888877776666 purpose=route_solicit reason=reply-listen-timeout
DBG_ROUTE_REQ_REBROADCAST_REPLY_MISS listen_ret=-116 win=15775
DBG_CH9_SKIP_STALE n=25 now=107246 next=107161 cnt=325742837 reason=rx-select
DBG_CH9_RX_SLOT idx=0 cnt=325742837 now=107246 start=107161 end=107281
DBG_CH9_EVENT_STATE state=granted peer=0x191a9619c6c8cb07 start=107161 end=107281 reason=rx-slot
DBG_CH9_RX_START idx=0 now=107246 start=107161 end=107281 tail=60
DBG_ANCHOR_CH5_SCAN_HANDLER role=2
DBG_ANCHOR_CH5_SCAN_BLOCKED win=0 survey=0 tx=0 retry_gap=0 wait=0 rx=0 rxq=0 rxr=0 ack=0 ch9=0 rf=1 retry=20 interval=380
DBG_ANCHOR_CH5_SCAN_RESCHED ret=1 delay=20
DBG_CH9_RX_CONFIG_OK
DBG_CH9_RX_EARLY_ARM now=107268 start=107161 guard=60
DBG_CH9_RX_ARMED now=107269 start=107161 end=107281 deadline=107341
DBG_ANCHOR_CH5_SCAN_HANDLER role=2
DBG_ANCHOR_CH5_SCAN_BLOCKED win=0 survey=0 tx=0 retry_gap=0 wait=0 rx=0 rxq=0 rxr=0 ack=0 ch9=0 rf=1 retry=20 interval=380
DBG_ANCHOR_CH5_SCAN_RESCHED ret=1 delay=20
DBG_ANCHOR_CH5_SCAN_HANDLER role=2
DBG_ANCHOR_CH5_SCAN_BLOCKED win=0 survey=0 tx=0 retry_gap=0 wait=0 rx=0 rxq=0 rxr=0 ack=0 ch9=0 rf=1 retry=20 interval=380
DBG_ANCHOR_CH5_SCAN_RESCHED ret=1 delay=20
DBG_ANCHOR_CH5_SCAN_HANDLER role=2
DBG_ANCHOR_CH5_SCAN_BLOCKED win=0 survey=0 tx=0 retry_gap=0 wait=0 rx=0 rxq=0 rxr=0 ack=0 ch9=0 rf=1 retry=20 interval=380
DBG_ANCHOR_CH5_SCAN_RESCHED ret=1 delay=20
DBG_DWM_KEEP_IDLE reason=ch9-rx ch9=1 ack=0 qack=0 ret=0
DBG_CH9_RX_EMPTY
DBG_CH9_RX_TIMEOUT
DBG_CH9_RX_MISS frames=0 now=107341 start=107161 end=107281 fail=0
DBG_CH9_EVENT_STATE state=window_expired peer=0x191a9619c6c8cb07 start=107161 end=107281 reason=rx-slot
DBG_ANCHOR_CH5_SCAN_HANDLER role=2
DBG_ANCHOR_CH5_SCAN_ARM now=107353 win=20 complete=15 interval=380 wait=0 tx=0
DBG_DWM_CH5_RX_HUNT_START acq=20 complete=15 cap=1021
DBG_DWM_CH5_RX_HUNT_EMPTY ret=-116 status=0x00000000 acq=20
DBG_ANCHOR_CH5_SCAN_DONE ret=-116 len=0 fail=1 pre=0 q=0 rx_us=20935 complete=15
DBG_ANCHOR_CH5_POST_CH9_RECOVERY_SCAN win=20 ret=-116 pre=0
DBG_ANCHOR_CH5_SCAN_RESCHED ret=1 delay=380
DBG_ANCHOR_CH5_SCAN_HANDLER role=2
DBG_DWM_CH5_RX_HUNT_START acq=3 complete=15 cap=1021
DBG_DWM_CH5_RX_HUNT_EMPTY ret=-116 status=0x00000000 acq=3
DBG_ANCHOR_CH5_SCAN_RESCHED ret=1 delay=380
DBG_ANCHOR_CH5_SCAN_HANDLER role=2
DBG_DWM_CH5_RX_HUNT_START acq=3 complete=15 cap=1021
DBG_DWM_CH5_RX_HUNT_EMPTY ret=-116 status=0x00000000 acq=3
DBG_ANCHOR_CH5_SCAN_RESCHED ret=1 delay=380
DBG_CH9_SKIP_STALE n=1 now=108381 next=108441 cnt=325742839 reason=rx-select
DBG_CH9_RX_SLOT idx=0 cnt=325742839 now=108381 start=108441 end=108561
DBG_CH9_EVENT_STATE state=granted peer=0x191a9619c6c8cb07 start=108441 end=108561 reason=rx-slot
DBG_CH9_RX_START idx=0 now=108381 start=108441 end=108561 tail=60
DBG_CH9_RX_CONFIG_OK
DBG_CH9_RX_EARLY_ARM now=108400 start=108441 guard=60
DBG_CH9_RX_ARMED now=108400 start=108441 end=108561 deadline=108621
DBG_ANCHOR_CH5_SCAN_HANDLER role=2
DBG_ANCHOR_CH5_SCAN_BLOCKED win=0 survey=0 tx=0 retry_gap=0 wait=0 rx=0 rxq=0 rxr=0 ack=0 ch9=0 rf=1 retry=20 interval=380
DBG_ANCHOR_CH5_SCAN_RESCHED ret=1 delay=20
DBG_ANCHOR_CH5_SCAN_HANDLER role=2
DBG_ANCHOR_CH5_SCAN_BLOCKED win=0 survey=0 tx=0 retry_gap=0 wait=0 rx=0 rxq=0 rxr=0 ack=0 ch9=0 rf=1 retry=20 interval=380
DBG_ANCHOR_CH5_SCAN_RESCHED ret=1 delay=20
DBG_DWM_KEEP_IDLE reason=ch9-rx ch9=1 ack=0 qack=0 ret=0
DBG_CH9_RX_EMPTY
DBG_CH9_RX_TIMEOUT
DBG_CH9_RX_MISS frames=0 now=108622 start=108441 end=108561 fail=0
DBG_CH9_EVENT_STATE state=window_expired peer=0x191a9619c6c8cb07 start=108441 end=108561 reason=rx-slot
DBG_ANCHOR_CH5_SCAN_HANDLER role=2
DBG_ANCHOR_CH5_SCAN_ARM now=108633 win=20 complete=15 interval=380 wait=0 tx=0
DBG_DWM_CH5_RX_HUNT_START acq=20 complete=15 cap=1021
DBG_DWM_CH5_RX_HUNT_EMPTY ret=-116 status=0x00000000 acq=20
DBG_ANCHOR_CH5_SCAN_DONE ret=-116 len=0 fail=1 pre=0 q=0 rx_us=21118 complete=15
DBG_ANCHOR_CH5_POST_CH9_RECOVERY_SCAN win=20 ret=-116 pre=0
DBG_ANCHOR_CH5_SCAN_RESCHED ret=1 delay=380
DBG_ANCHOR_CH5_SCAN_HANDLER role=2
DBG_DWM_CH5_RX_HUNT_START acq=3 complete=15 cap=1021
DBG_DWM_CH5_RX_HUNT_EMPTY ret=-116 status=0x00000000 acq=3
DBG_ANCHOR_CH5_SCAN_RESCHED ret=1 delay=380
DBG_ANCHOR_CH5_SCAN_HANDLER role=2
DBG_DWM_CH5_RX_HUNT_START acq=3 complete=15 cap=1021
DBG_DWM_CH5_RX_HUNT_EMPTY ret=-116 status=0x00000000 acq=3
DBG_ANCHOR_CH5_SCAN_RESCHED ret=1 delay=380
DBG_CH9_SKIP_STALE n=1 now=109661 next=109721 cnt=325742841 reason=rx-select
DBG_CH9_RX_SLOT idx=0 cnt=325742841 now=109661 start=109721 end=109841
DBG_CH9_EVENT_STATE state=granted peer=0x191a9619c6c8cb07 start=109721 end=109841 reason=rx-slot
DBG_CH9_RX_START idx=0 now=109661 start=109721 end=109841 tail=60
DBG_CH9_RX_CONFIG_OK
DBG_CH9_RX_EARLY_ARM now=109680 start=109721 guard=60
DBG_CH9_RX_ARMED now=109680 start=109721 end=109841 deadline=109901
DBG_ANCHOR_CH5_SCAN_HANDLER role=2
DBG_ANCHOR_CH5_SCAN_BLOCKED win=0 survey=0 tx=0 retry_gap=0 wait=0 rx=0 rxq=0 rxr=0 ack=0 ch9=0 rf=1 retry=20 interval=380
DBG_ANCHOR_CH5_SCAN_RESCHED ret=1 delay=20
DBG_ANCHOR_CH5_SCAN_HANDLER role=2
DBG_ANCHOR_CH5_SCAN_BLOCKED win=0 survey=0 tx=0 retry_gap=0 wait=0 rx=0 rxq=0 rxr=0 ack=0 ch9=0 rf=1 retry=20 interval=380
DBG_ANCHOR_CH5_SCAN_RESCHED ret=1 delay=20
DBG_DWM_KEEP_IDLE reason=ch9-rx ch9=1 ack=0 qack=0 ret=0
DBG_CH9_RX_EMPTY
DBG_CH9_RX_TIMEOUT
DBG_CH9_RX_MISS frames=0 now=109903 start=109721 end=109841 fail=0
DBG_CH9_EVENT_STATE state=window_expired peer=0x191a9619c6c8cb07 start=109721 end=109841 reason=rx-slot
DBG_ANCHOR_CH5_SCAN_HANDLER role=2
DBG_ANCHOR_CH5_SCAN_ARM now=109912 win=20 complete=15 interval=380 wait=0 tx=0
DBG_DWM_CH5_RX_HUNT_START acq=20 complete=15 cap=1021
DBG_DWM_CH5_RX_HUNT_EMPTY ret=-116 status=0x00000000 acq=20
DBG_ANCHOR_CH5_SCAN_DONE ret=-116 len=0 fail=1 pre=0 q=0 rx_us=21148 complete=15
DBG_ANCHOR_CH5_POST_CH9_RECOVERY_SCAN win=20 ret=-116 pre=0
DBG_ANCHOR_CH5_SCAN_RESCHED ret=1 delay=380
DBG_ANCHOR_CH5_SCAN_HANDLER role=2
DBG_DWM_CH5_RX_HUNT_START acq=3 complete=15 cap=1021
DBG_DWM_CH5_RX_HUNT_EMPTY ret=-116 status=0x00000000 acq=3
DBG_ANCHOR_CH5_SCAN_RESCHED ret=1 delay=380
DBG_ANCHOR_CH5_SCAN_HANDLER role=2
DBG_DWM_CH5_RX_HUNT_START acq=3 complete=15 cap=1021
DBG_DWM_CH5_RX_HUNT_EMPTY ret=-116 status=0x00000000 acq=3
DBG_ANCHOR_CH5_SCAN_RESCHED ret=1 delay=380
DBG_CH9_SKIP_STALE n=1 now=110941 next=111001 cnt=325742843 reason=rx-select
DBG_CH9_RX_SLOT idx=0 cnt=325742843 now=110941 start=111001 end=111121
DBG_CH9_EVENT_STATE state=granted peer=0x191a9619c6c8cb07 start=111001 end=111121 reason=rx-slot
DBG_CH9_RX_START idx=0 now=110941 start=111001 end=111121 tail=60
DBG_CH9_RX_CONFIG_OK
DBG_CH9_RX_EARLY_ARM now=110960 start=111001 guard=60
DBG_CH9_RX_ARMED now=110960 start=111001 end=111121 deadline=111181
DBG_ANCHOR_CH5_SCAN_HANDLER role=2
DBG_ANCHOR_CH5_SCAN_BLOCKED win=0 survey=0 tx=0 retry_gap=0 wait=0 rx=0 rxq=0 rxr=0 ack=0 ch9=0 rf=1 retry=20 interval=380
DBG_ANCHOR_CH5_SCAN_RESCHED ret=1 delay=20
DBG_ANCHOR_CH5_SCAN_HANDLER role=2
DBG_ANCHOR_CH5_SCAN_BLOCKED win=0 survey=0 tx=0 retry_gap=0 wait=0 rx=0 rxq=0 rxr=0 ack=0 ch9=0 rf=1 retry=20 interval=380
DBG_ANCHOR_CH5_SCAN_RESCHED ret=1 delay=20
DBG_DWM_KEEP_IDLE reason=ch9-rx ch9=1 ack=0 qack=0 ret=0
DBG_CH9_RX_EMPTY
DBG_CH9_RX_TIMEOUT
DBG_CH9_RX_MISS frames=0 now=111183 start=111001 end=111121 fail=0
DBG_CH9_EVENT_STATE state=window_expired peer=0x191a9619c6c8cb07 start=111001 end=111121 reason=rx-slot
DBG_ANCHOR_CH5_SCAN_HANDLER role=2
DBG_ANCHOR_CH5_SCAN_ARM now=111191 win=20 complete=15 interval=380 wait=0 tx=0
DBG_DWM_CH5_RX_HUNT_START acq=20 complete=15 cap=1021
DBG_DWM_CH5_RX_HUNT_EMPTY ret=-116 status=0x00000000 acq=20
DBG_ANCHOR_CH5_SCAN_DONE ret=-116 len=0 fail=1 pre=0 q=0 rx_us=20782 complete=15
DBG_ANCHOR_CH5_POST_CH9_RECOVERY_SCAN win=20 ret=-116 pre=0
DBG_ANCHOR_CH5_SCAN_RESCHED ret=1 delay=380
DBG_ANCHOR_CH5_SCAN_HANDLER role=2
DBG_DWM_CH5_RX_HUNT_START acq=3 complete=15 cap=1021
DBG_DWM_CH5_RX_HUNT_EMPTY ret=-116 status=0x00000000 acq=3
DBG_ANCHOR_CH5_SCAN_RESCHED ret=1 delay=380
DBG_ANCHOR_CH5_SCAN_HANDLER role=2
DBG_DWM_CH5_RX_HUNT_START acq=3 complete=15 cap=1021
DBG_DWM_CH5_RX_HUNT_EMPTY ret=-116 status=0x00000000 acq=3
DBG_ANCHOR_CH5_SCAN_RESCHED ret=1 delay=380
DBG_CH9_SKIP_STALE n=1 now=112221 next=112281 cnt=325742845 reason=rx-select
DBG_CH9_RX_SLOT idx=0 cnt=325742845 now=112221 start=112281 end=112401
DBG_CH9_EVENT_STATE state=granted peer=0x191a9619c6c8cb07 start=112281 end=112401 reason=rx-slot
DBG_CH9_RX_START idx=0 now=112222 start=112281 end=112401 tail=60
DBG_CH9_RX_CONFIG_OK
DBG_CH9_RX_EARLY_ARM now=112240 start=112281 guard=60
DBG_CH9_RX_ARMED now=112240 start=112281 end=112401 deadline=112461
DBG_ANCHOR_CH5_SCAN_HANDLER role=2
DBG_ANCHOR_CH5_SCAN_BLOCKED win=0 survey=0 tx=0 retry_gap=0 wait=0 rx=0 rxq=0 rxr=0 ack=0 ch9=0 rf=1 retry=20 interval=380
DBG_ANCHOR_CH5_SCAN_RESCHED ret=1 delay=20
DBG_ANCHOR_CH5_SCAN_HANDLER role=2
DBG_ANCHOR_CH5_SCAN_BLOCKED win=0 survey=0 tx=0 retry_gap=0 wait=0 rx=0 rxq=0 rxr=0 ack=0 ch9=0 rf=1 retry=20 interval=380
DBG_ANCHOR_CH5_SCAN_RESCHED ret=1 delay=20
DBG_DWM_KEEP_IDLE reason=ch9-rx ch9=1 ack=0 qack=0 ret=0
DBG_CH9_RX_EMPTY
DBG_CH9_RX_TIMEOUT
DBG_CH9_RX_MISS frames=0 now=112463 start=112281 end=112401 fail=0
DBG_CH9_EVENT_STATE state=window_expired peer=0x191a9619c6c8cb07 start=112281 end=112401 reason=rx-slot
DBG_ANCHOR_CH5_SCAN_HANDLER role=2
DBG_ANCHOR_CH5_SCAN_ARM now=112470 win=20 complete=15 interval=380 wait=0 tx=0
DBG_DWM_CH5_RX_HUNT_START acq=20 complete=15 cap=1021
DBG_DWM_CH5_RX_HUNT_EMPTY ret=-116 status=0x00000000 acq=20
DBG_ANCHOR_CH5_SCAN_DONE ret=-116 len=0 fail=1 pre=0 q=0 rx_us=21148 complete=15
DBG_ANCHOR_CH5_POST_CH9_RECOVERY_SCAN win=20 ret=-116 pre=0
DBG_ANCHOR_CH5_SCAN_RESCHED ret=1 delay=380
DBG_ANCHOR_CH5_SCAN_HANDLER role=2
DBG_DWM_CH5_RX_HUNT_START acq=3 complete=15 cap=1021
DBG_DWM_CH5_RX_HUNT_EMPTY ret=-116 status=0x00000000 acq=3
DBG_ANCHOR_CH5_SCAN_RESCHED ret=1 delay=380
DBG_ANCHOR_CH5_SCAN_HANDLER role=2
DBG_DWM_CH5_RX_HUNT_START acq=3 complete=15 cap=1021
DBG_DWM_CH5_RX_HUNT_EMPTY ret=-116 status=0x00000000 acq=3
DBG_ANCHOR_CH5_SCAN_RESCHED ret=1 delay=380
DBG_CH9_SKIP_STALE n=1 now=113501 next=113561 cnt=325742847 reason=rx-select
DBG_CH9_RX_SLOT idx=0 cnt=325742847 now=113501 start=113561 end=113681
DBG_CH9_EVENT_STATE state=granted peer=0x191a9619c6c8cb07 start=113561 end=113681 reason=rx-slot
DBG_CH9_RX_START idx=0 now=113501 start=113561 end=113681 tail=60
DBG_CH9_RX_CONFIG_OK
DBG_CH9_RX_EARLY_ARM now=113520 start=113561 guard=60
DBG_CH9_RX_ARMED now=113520 start=113561 end=113681 deadline=113741
DBG_ANCHOR_CH5_SCAN_HANDLER role=2
DBG_ANCHOR_CH5_SCAN_BLOCKED win=0 survey=0 tx=0 retry_gap=0 wait=0 rx=0 rxq=0 rxr=0 ack=0 ch9=0 rf=1 retry=20 interval=380
DBG_ANCHOR_CH5_SCAN_RESCHED ret=1 delay=20
DBG_ANCHOR_CH5_SCAN_HANDLER role=2
DBG_ANCHOR_CH5_SCAN_BLOCKED win=0 survey=0 tx=0 retry_gap=0 wait=0 rx=0 rxq=0 rxr=0 ack=0 ch9=0 rf=1 retry=20 interval=380
DBG_ANCHOR_CH5_SCAN_RESCHED ret=1 delay=20
DBG_DWM_KEEP_IDLE reason=ch9-rx ch9=1 ack=0 qack=0 ret=0
DBG_CH9_RX_EMPTY
DBG_CH9_RX_TIMEOUT
DBG_CH9_RX_MISS frames=0 now=113743 start=113561 end=113681 fail=0
DBG_CH9_EVENT_STATE state=window_expired peer=0x191a9619c6c8cb07 start=113561 end=113681 reason=rx-slot
DBG_ANCHOR_CH5_SCAN_HANDLER role=2
DBG_ANCHOR_CH5_SCAN_ARM now=113750 win=20 complete=15 interval=380 wait=0 tx=0
DBG_DWM_CH5_RX_HUNT_START acq=20 complete=15 cap=1021
DBG_DWM_CH5_RX_HUNT_EMPTY ret=-116 status=0x00000000 acq=20
DBG_ANCHOR_CH5_SCAN_DONE ret=-116 len=0 fail=1 pre=0 q=0 rx_us=21118 complete=15
DBG_ANCHOR_CH5_POST_CH9_RECOVERY_SCAN win=20 ret=-116 pre=0
DBG_ANCHOR_CH5_SCAN_RESCHED ret=1 delay=380
DBG_ANCHOR_CH5_SCAN_HANDLER role=2
DBG_DWM_CH5_RX_HUNT_START acq=3 complete=15 cap=1021
DBG_DWM_CH5_RX_HUNT_EMPTY ret=-116 status=0x00000000 acq=3
DBG_ANCHOR_CH5_SCAN_RESCHED ret=1 delay=380
DBG_ANCHOR_CH5_SCAN_HANDLER role=2
DBG_DWM_CH5_RX_HUNT_START acq=3 complete=15 cap=1021
DBG_DWM_CH5_RX_HUNT_EMPTY ret=-116 status=0x00000000 acq=3
DBG_ANCHOR_CH5_SCAN_RESCHED ret=1 delay=380
DBG_CH9_SKIP_STALE n=1 now=114781 next=114841 cnt=325742849 reason=rx-select
DBG_CH9_RX_SLOT idx=0 cnt=325742849 now=114781 start=114841 end=114961
DBG_CH9_EVENT_STATE state=granted peer=0x191a9619c6c8cb07 start=114841 end=114961 reason=rx-slot
DBG_CH9_RX_START idx=0 now=114781 start=114841 end=114961 tail=60
DBG_CH9_RX_CONFIG_OK
DBG_CH9_RX_EARLY_ARM now=114800 start=114841 guard=60
DBG_CH9_RX_ARMED now=114800 start=114841 end=114961 deadline=115021
DBG_ANCHOR_CH5_SCAN_HANDLER role=2
DBG_ANCHOR_CH5_SCAN_BLOCKED win=0 survey=0 tx=0 retry_gap=0 wait=0 rx=0 rxq=0 rxr=0 ack=0 ch9=0 rf=1 retry=20 interval=380
DBG_ANCHOR_CH5_SCAN_RESCHED ret=1 delay=20
DBG_ANCHOR_CH5_SCAN_HANDLER role=2
DBG_ANCHOR_CH5_SCAN_BLOCKED win=0 survey=0 tx=0 retry_gap=0 wait=0 rx=0 rxq=0 rxr=0 ack=0 ch9=0 rf=1 retry=20 interval=380
DBG_ANCHOR_CH5_SCAN_RESCHED ret=1 delay=20
DBG_DWM_KEEP_IDLE reason=ch9-rx ch9=1 ack=0 qack=0 ret=0
DBG_CH9_RX_EMPTY
DBG_CH9_RX_TIMEOUT
DBG_CH9_RX_MISS frames=0 now=115023 start=114841 end=114961 fail=0
DBG_CH9_EVENT_STATE state=window_expired peer=0x191a9619c6c8cb07 start=114841 end=114961 reason=rx-slot
DBG_ANCHOR_CH5_SCAN_HANDLER role=2
DBG_ANCHOR_CH5_SCAN_ARM now=115029 win=20 complete=15 interval=380 wait=0 tx=0
DBG_DWM_CH5_RX_HUNT_START acq=20 complete=15 cap=1021
DBG_DWM_CH5_RX_HUNT_EMPTY ret=-116 status=0x00000000 acq=20
DBG_ANCHOR_CH5_SCAN_DONE ret=-116 len=0 fail=1 pre=0 q=0 rx_us=21148 complete=15
DBG_ANCHOR_CH5_POST_CH9_RECOVERY_SCAN win=20 ret=-116 pre=0
DBG_ANCHOR_CH5_SCAN_RESCHED ret=1 delay=380
DBG_ANCHOR_CH5_SCAN_HANDLER role=2
DBG_DWM_CH5_RX_HUNT_START acq=3 complete=15 cap=1021
DBG_DWM_CH5_RX_HUNT_EMPTY ret=-116 status=0x00000000 acq=3
DBG_ANCHOR_CH5_SCAN_RESCHED ret=1 delay=380
DBG_ANCHOR_CH5_SCAN_HANDLER role=2
DBG_DWM_CH5_RX_HUNT_START acq=3 complete=15 cap=1021
DBG_DWM_CH5_RX_HUNT_EMPTY ret=-116 status=0x00000000 acq=3
DBG_ANCHOR_CH5_SCAN_RESCHED ret=1 delay=380
DBG_CH9_SKIP_STALE n=1 now=116061 next=116121 cnt=325742851 reason=rx-select
DBG_CH9_RX_SLOT idx=0 cnt=325742851 now=116061 start=116121 end=116241
DBG_CH9_EVENT_STATE state=granted peer=0x191a9619c6c8cb07 start=116121 end=116241 reason=rx-slot
DBG_CH9_RX_START idx=0 now=116061 start=116121 end=116241 tail=60
DBG_CH9_RX_CONFIG_OK
DBG_CH9_RX_EARLY_ARM now=116080 start=116121 guard=60
DBG_CH9_RX_ARMED now=116080 start=116121 end=116241 deadline=116301
DBG_ANCHOR_CH5_SCAN_HANDLER role=2
DBG_ANCHOR_CH5_SCAN_BLOCKED win=0 survey=0 tx=0 retry_gap=0 wait=0 rx=0 rxq=0 rxr=0 ack=0 ch9=0 rf=1 retry=20 interval=380
DBG_ANCHOR_CH5_SCAN_RESCHED ret=1 delay=20
DBG_ANCHOR_CH5_SCAN_HANDLER role=2
DBG_ANCHOR_CH5_SCAN_BLOCKED win=0 survey=0 tx=0 retry_gap=0 wait=0 rx=0 rxq=0 rxr=0 ack=0 ch9=0 rf=1 retry=20 interval=380
DBG_ANCHOR_CH5_SCAN_RESCHED ret=1 delay=20
DBG_DWM_KEEP_IDLE reason=ch9-rx ch9=1 ack=0 qack=0 ret=0
DBG_CH9_RX_EMPTY
DBG_CH9_RX_TIMEOUT
DBG_CH9_RX_MISS frames=0 now=116303 start=116121 end=116241 fail=0
DBG_CH9_EVENT_STATE state=window_expired peer=0x191a9619c6c8cb07 start=116121 end=116241 reason=rx-slot
DBG_ANCHOR_CH5_SCAN_HANDLER role=2
DBG_ANCHOR_CH5_SCAN_ARM now=116308 win=20 complete=15 interval=380 wait=0 tx=0
DBG_DWM_CH5_RX_HUNT_START acq=20 complete=15 cap=1021
DBG_DWM_CH5_RX_HUNT_EMPTY ret=-116 status=0x00000000 acq=20
DBG_ANCHOR_CH5_SCAN_DONE ret=-116 len=0 fail=1 pre=0 q=0 rx_us=20385 complete=15
DBG_ANCHOR_CH5_POST_CH9_RECOVERY_SCAN win=20 ret=-116 pre=0
DBG_ANCHOR_CH5_SCAN_RESCHED ret=1 delay=380
DBG_ANCHOR_CH5_SCAN_HANDLER role=2
DBG_DWM_CH5_RX_HUNT_START acq=3 complete=15 cap=1021
DBG_DWM_CH5_RX_HUNT_EMPTY ret=-116 status=0x00000000 acq=3
DBG_ANCHOR_CH5_SCAN_RESCHED ret=1 delay=380
DBG_ANCHOR_CH5_SCAN_HANDLER role=2
DBG_DWM_CH5_RX_HUNT_START acq=3 complete=15 cap=1021
DBG_DWM_CH5_RX_HUNT_EMPTY ret=-116 status=0x00000000 acq=3
DBG_ANCHOR_CH5_SCAN_RESCHED ret=1 delay=380
DBG_CH9_SKIP_STALE n=1 now=117341 next=117401 cnt=325742853 reason=rx-select
DBG_CH9_RX_SLOT idx=0 cnt=325742853 now=117341 start=117401 end=117521
DBG_CH9_EVENT_STATE state=granted peer=0x191a9619c6c8cb07 start=117401 end=117521 reason=rx-slot
DBG_CH9_RX_START idx=0 now=117341 start=117401 end=117521 tail=60
DBG_CH9_RX_CONFIG_OK
DBG_CH9_RX_EARLY_ARM now=117360 start=117401 guard=60
DBG_CH9_RX_ARMED now=117360 start=117401 end=117521 deadline=117581
DBG_ANCHOR_CH5_SCAN_HANDLER role=2
DBG_ANCHOR_CH5_SCAN_BLOCKED win=0 survey=0 tx=0 retry_gap=0 wait=0 rx=0 rxq=0 rxr=0 ack=0 ch9=0 rf=1 retry=20 interval=380
DBG_ANCHOR_CH5_SCAN_RESCHED ret=1 delay=20
DBG_ANCHOR_CH5_SCAN_HANDLER role=2
DBG_ANCHOR_CH5_SCAN_BLOCKED win=0 survey=0 tx=0 retry_gap=0 wait=0 rx=0 rxq=0 rxr=0 ack=0 ch9=0 rf=1 retry=20 interval=380
DBG_ANCHOR_CH5_SCAN_RESCHED ret=1 delay=20
DBG_DWM_KEEP_IDLE reason=ch9-rx ch9=1 ack=0 qack=0 ret=0
DBG_CH9_RX_EMPTY
DBG_CH9_RX_TIMEOUT
DBG_CH9_RX_MISS frames=0 now=117583 start=117401 end=117521 fail=0
DBG_CH9_EVENT_STATE state=window_expired peer=0x191a9619c6c8cb07 start=117401 end=117521 reason=rx-slot
DBG_ANCHOR_CH5_SCAN_HANDLER role=2
DBG_ANCHOR_CH5_SCAN_ARM now=117588 win=20 complete=15 interval=380 wait=0 tx=0
DBG_DWM_CH5_RX_HUNT_START acq=20 complete=15 cap=1021
DBG_DWM_CH5_RX_HUNT_EMPTY ret=-116 status=0x00000000 acq=20
DBG_ANCHOR_CH5_SCAN_DONE ret=-116 len=0 fail=1 pre=0 q=0 rx_us=21148 complete=15
DBG_ANCHOR_CH5_POST_CH9_RECOVERY_SCAN win=20 ret=-116 pre=0
DBG_ANCHOR_CH5_SCAN_RESCHED ret=1 delay=380
DBG_ANCHOR_CH5_SCAN_HANDLER role=2
DBG_DWM_CH5_RX_HUNT_START acq=3 complete=15 cap=1021
DBG_DWM_CH5_RX_HUNT_EMPTY ret=-116 status=0x00000000 acq=3
DBG_ANCHOR_CH5_SCAN_RESCHED ret=1 delay=380
DBG_ANCHOR_CH5_SCAN_HANDLER role=2
DBG_DWM_CH5_RX_HUNT_START acq=3 complete=15 cap=1021
DBG_DWM_CH5_RX_HUNT_EMPTY ret=-116 status=0x00000000 acq=3
DBG_ANCHOR_CH5_SCAN_RESCHED ret=1 delay=380
DBG_CH9_SKIP_STALE n=1 now=118621 next=118681 cnt=325742855 reason=rx-select
DBG_CH9_RX_SLOT idx=0 cnt=325742855 now=118621 start=118681 end=118801
DBG_CH9_EVENT_STATE state=granted peer=0x191a9619c6c8cb07 start=118681 end=118801 reason=rx-slot
DBG_CH9_RX_START idx=0 now=118621 start=118681 end=118801 tail=60
DBG_CH9_RX_CONFIG_OK
DBG_CH9_RX_EARLY_ARM now=118640 start=118681 guard=60
DBG_CH9_RX_ARMED now=118640 start=118681 end=118801 deadline=118861
DBG_ANCHOR_CH5_SCAN_HANDLER role=2
DBG_ANCHOR_CH5_SCAN_BLOCKED win=0 survey=0 tx=0 retry_gap=0 wait=0 rx=0 rxq=0 rxr=0 ack=0 ch9=0 rf=1 retry=20 interval=380
DBG_ANCHOR_CH5_SCAN_RESCHED ret=1 delay=20
DBG_ANCHOR_CH5_SCAN_HANDLER role=2
DBG_ANCHOR_CH5_SCAN_BLOCKED win=0 survey=0 tx=0 retry_gap=0 wait=0 rx=0 rxq=0 rxr=0 ack=0 ch9=0 rf=1 retry=20 interval=380
DBG_ANCHOR_CH5_SCAN_RESCHED ret=1 delay=20
DBG_DWM_KEEP_IDLE reason=ch9-rx ch9=1 ack=0 qack=0 ret=0
DBG_CH9_RX_EMPTY
DBG_CH9_RX_TIMEOUT
DBG_CH9_RX_MISS frames=0 now=118862 start=118681 end=118801 fail=0
DBG_CH9_EVENT_STATE state=window_expired peer=0x191a9619c6c8cb07 start=118681 end=118801 reason=rx-slot
DBG_ANCHOR_CH5_SCAN_HANDLER role=2
DBG_ANCHOR_CH5_SCAN_ARM now=118868 win=20 complete=15 interval=380 wait=0 tx=0
DBG_DWM_CH5_RX_HUNT_START acq=20 complete=15 cap=1021
DBG_DWM_CH5_RX_HUNT_EMPTY ret=-116 status=0x00000000 acq=20
DBG_ANCHOR_CH5_SCAN_DONE ret=-116 len=0 fail=1 pre=0 q=0 rx_us=21118 complete=15
DBG_ANCHOR_CH5_POST_CH9_RECOVERY_SCAN win=20 ret=-116 pre=0
DBG_ANCHOR_CH5_SCAN_RESCHED ret=1 delay=380
DBG_ANCHOR_CH5_SCAN_HANDLER role=2
DBG_DWM_CH5_RX_HUNT_START acq=3 complete=15 cap=1021
DBG_DWM_CH5_RX_HUNT_EMPTY ret=-116 status=0x00000000 acq=3
DBG_ANCHOR_CH5_SCAN_RESCHED ret=1 delay=380
DBG_ANCHOR_CH5_SCAN_HANDLER role=2
DBG_DWM_CH5_RX_HUNT_START acq=3 complete=15 cap=1021
DBG_DWM_CH5_RX_HUNT_EMPTY ret=-116 status=0x00000000 acq=3
DBG_ANCHOR_CH5_SCAN_RESCHED ret=1 delay=380
DBG_CH9_SKIP_STALE n=1 now=119901 next=119961 cnt=325742857 reason=rx-select
DBG_CH9_RX_SLOT idx=0 cnt=325742857 now=119901 start=119961 end=120081
DBG_CH9_EVENT_STATE state=granted peer=0x191a9619c6c8cb07 start=119961 end=120081 reason=rx-slot
DBG_CH9_RX_START idx=0 now=119901 start=119961 end=120081 tail=60
DBG_CH9_RX_CONFIG_OK
DBG_CH9_RX_EARLY_ARM now=119920 start=119961 guard=60
DBG_CH9_RX_ARMED now=119920 start=119961 end=120081 deadline=120141
DBG_ANCHOR_CH5_SCAN_HANDLER role=2
DBG_ANCHOR_CH5_SCAN_BLOCKED win=0 survey=0 tx=0 retry_gap=0 wait=0 rx=0 rxq=0 rxr=0 ack=0 ch9=0 rf=1 retry=20 interval=380
DBG_ANCHOR_CH5_SCAN_RESCHED ret=1 delay=20
DBG_ANCHOR_CH5_SCAN_HANDLER role=2
DBG_ANCHOR_CH5_SCAN_BLOCKED win=0 survey=0 tx=0 retry_gap=0 wait=0 rx=0 rxq=0 rxr=0 ack=0 ch9=0 rf=1 retry=20 interval=380
DBG_ANCHOR_CH5_SCAN_RESCHED ret=1 delay=20
DBG_DWM_KEEP_IDLE reason=ch9-rx ch9=1 ack=0 qack=0 ret=0
DBG_CH9_RX_EMPTY
DBG_CH9_RX_TIMEOUT
DBG_CH9_RX_MISS frames=0 now=120143 start=119961 end=120081 fail=0
DBG_CH9_EVENT_STATE state=window_expired peer=0x191a9619c6c8cb07 start=119961 end=120081 reason=rx-slot
DBG_ANCHOR_CH5_SCAN_HANDLER role=2
DBG_ANCHOR_CH5_SCAN_ARM now=120147 win=20 complete=15 interval=380 wait=0 tx=0
DBG_DWM_CH5_RX_HUNT_START acq=20 complete=15 cap=1021
DBG_DWM_CH5_RX_HUNT_EMPTY ret=-116 status=0x00000000 acq=20
DBG_ANCHOR_CH5_SCAN_DONE ret=-116 len=0 fail=1 pre=0 q=0 rx_us=20812 complete=15
DBG_ANCHOR_CH5_POST_CH9_RECOVERY_SCAN win=20 ret=-116 pre=0
DBG_ANCHOR_CH5_SCAN_RESCHED ret=1 delay=380
DBG_ANCHOR_CH5_SCAN_HANDLER role=2
DBG_DWM_CH5_RX_HUNT_START acq=3 complete=15 cap=1021
DBG_DWM_CH5_RX_HUNT_EMPTY ret=-116 status=0x00000000 acq=3
DBG_ANCHOR_CH5_SCAN_RESCHED ret=1 delay=380
DBG_ANCHOR_CH5_SCAN_HANDLER role=2
DBG_DWM_CH5_RX_HUNT_START acq=3 complete=15 cap=1021
DBG_DWM_CH5_RX_HUNT_EMPTY ret=-116 status=0x00000000 acq=3
DBG_ANCHOR_CH5_SCAN_RESCHED ret=1 delay=380
DBG_CH9_SKIP_STALE n=1 now=121181 next=121241 cnt=325742859 reason=rx-select
DBG_CH9_RX_SLOT idx=0 cnt=325742859 now=121181 start=121241 end=121361
DBG_CH9_EVENT_STATE state=granted peer=0x191a9619c6c8cb07 start=121241 end=121361 reason=rx-slot
DBG_CH9_RX_START idx=0 now=121181 start=121241 end=121361 tail=60
DBG_CH9_RX_CONFIG_OK
DBG_CH9_RX_EARLY_ARM now=121200 start=121241 guard=60
DBG_CH9_RX_ARMED now=121200 start=121241 end=121361 deadline=121421
DBG_ANCHOR_CH5_SCAN_HANDLER role=2
DBG_ANCHOR_CH5_SCAN_BLOCKED win=0 survey=0 tx=0 retry_gap=0 wait=0 rx=0 rxq=0 rxr=0 ack=0 ch9=0 rf=1 retry=20 interval=380
DBG_ANCHOR_CH5_SCAN_RESCHED ret=1 delay=20
DBG_ANCHOR_CH5_SCAN_HANDLER role=2
DBG_ANCHOR_CH5_SCAN_BLOCKED win=0 survey=0 tx=0 retry_gap=0 wait=0 rx=0 rxq=0 rxr=0 ack=0 ch9=0 rf=1 retry=20 interval=380
DBG_ANCHOR_CH5_SCAN_RESCHED ret=1 delay=20
DBG_DWM_KEEP_IDLE reason=ch9-rx ch9=1 ack=0 qack=0 ret=0
DBG_CH9_RX_EMPTY
DBG_CH9_RX_TIMEOUT
DBG_CH9_RX_MISS frames=0 now=121423 start=121241 end=121361 fail=0
DBG_CH9_EVENT_STATE state=window_expired peer=0x191a9619c6c8cb07 start=121241 end=121361 reason=rx-slot
DBG_ANCHOR_CH5_SCAN_HANDLER role=2
DBG_ANCHOR_CH5_SCAN_ARM now=121426 win=20 complete=15 interval=380 wait=0 tx=0
DBG_DWM_CH5_RX_HUNT_START acq=20 complete=15 cap=1021
DBG_DWM_CH5_RX_HUNT_EMPTY ret=-116 status=0x00000000 acq=20
DBG_ANCHOR_CH5_SCAN_DONE ret=-116 len=0 fail=1 pre=0 q=0 rx_us=21118 complete=15
DBG_ANCHOR_CH5_POST_CH9_RECOVERY_SCAN win=20 ret=-116 pre=0
DBG_ANCHOR_CH5_SCAN_RESCHED ret=1 delay=380
DBG_ANCHOR_CH5_SCAN_HANDLER role=2
DBG_DWM_CH5_RX_HUNT_START acq=3 complete=15 cap=1021
DBG_DWM_CH5_RX_HUNT_EMPTY ret=-116 status=0x00000000 acq=3
DBG_ANCHOR_CH5_SCAN_RESCHED ret=1 delay=380
DBG_ANCHOR_CH5_SCAN_HANDLER role=2
DBG_DWM_CH5_RX_HUNT_START acq=3 complete=15 cap=1021
DBG_DWM_CH5_RX_HUNT_EMPTY ret=-116 status=0x00000000 acq=3
DBG_ANCHOR_CH5_SCAN_RESCHED ret=1 delay=380
DBG_CH9_SKIP_STALE n=1 now=122461 next=122521 cnt=325742861 reason=rx-select
DBG_CH9_RX_SLOT idx=0 cnt=325742861 now=122461 start=122521 end=122641
DBG_CH9_EVENT_STATE state=granted peer=0x191a9619c6c8cb07 start=122521 end=122641 reason=rx-slot
DBG_CH9_RX_START idx=0 now=122462 start=122521 end=122641 tail=60
DBG_CH9_RX_CONFIG_OK
DBG_CH9_RX_EARLY_ARM now=122480 start=122521 guard=60
DBG_CH9_RX_ARMED now=122480 start=122521 end=122641 deadline=122701
DBG_ANCHOR_CH5_SCAN_HANDLER role=2
DBG_ANCHOR_CH5_SCAN_BLOCKED win=0 survey=0 tx=0 retry_gap=0 wait=0 rx=0 rxq=0 rxr=0 ack=0 ch9=0 rf=1 retry=20 interval=380
DBG_ANCHOR_CH5_SCAN_RESCHED ret=1 delay=20
DBG_ANCHOR_CH5_SCAN_HANDLER role=2
DBG_ANCHOR_CH5_SCAN_BLOCKED win=0 survey=0 tx=0 retry_gap=0 wait=0 rx=0 rxq=0 rxr=0 ack=0 ch9=0 rf=1 retry=20 interval=380
DBG_ANCHOR_CH5_SCAN_RESCHED ret=1 delay=20
DBG_DWM_KEEP_IDLE reason=ch9-rx ch9=1 ack=0 qack=0 ret=0
DBG_CH9_RX_EMPTY
DBG_CH9_RX_TIMEOUT
DBG_CH9_RX_MISS frames=0 now=122703 start=122521 end=122641 fail=0
DBG_CH9_EVENT_STATE state=window_expired peer=0x191a9619c6c8cb07 start=122521 end=122641 reason=rx-slot
DBG_ANCHOR_CH5_SCAN_HANDLER role=2
DBG_ANCHOR_CH5_SCAN_ARM now=122706 win=20 complete=15 interval=380 wait=0 tx=0
DBG_DWM_CH5_RX_HUNT_START acq=20 complete=15 cap=1021
DBG_DWM_CH5_RX_HUNT_EMPTY ret=-116 status=0x00000000 acq=20
DBG_ANCHOR_CH5_SCAN_DONE ret=-116 len=0 fail=1 pre=0 q=0 rx_us=21118 complete=15
DBG_ANCHOR_CH5_POST_CH9_RECOVERY_SCAN win=20 ret=-116 pre=0
DBG_ANCHOR_CH5_SCAN_RESCHED ret=1 delay=380
DBG_ANCHOR_CH5_SCAN_HANDLER role=2
DBG_DWM_CH5_RX_HUNT_START acq=3 complete=15 cap=1021
DBG_DWM_CH5_RX_HUNT_EMPTY ret=-116 status=0x00000000 acq=3
DBG_ANCHOR_CH5_SCAN_RESCHED ret=1 delay=380
DBG_ANCHOR_CH5_SCAN_HANDLER role=2
DBG_DWM_CH5_RX_HUNT_START acq=3 complete=15 cap=1021
DBG_DWM_CH5_RX_HUNT_EMPTY ret=-116 status=0x00000000 acq=3
DBG_ANCHOR_CH5_SCAN_RESCHED ret=1 delay=380
DBG_CH9_SKIP_STALE n=1 now=123741 next=123801 cnt=325742863 reason=rx-select
DBG_CH9_RX_SLOT idx=0 cnt=325742863 now=123741 start=123801 end=123921
DBG_CH9_EVENT_STATE state=granted peer=0x191a9619c6c8cb07 start=123801 end=123921 reason=rx-slot
DBG_CH9_RX_START idx=0 now=123741 start=123801 end=123921 tail=60
DBG_CH9_RX_CONFIG_OK
DBG_CH9_RX_EARLY_ARM now=123760 start=123801 guard=60
DBG_CH9_RX_ARMED now=123760 start=123801 end=123921 deadline=123981
DBG_ANCHOR_CH5_SCAN_HANDLER role=2
DBG_ANCHOR_CH5_SCAN_BLOCKED win=0 survey=0 tx=0 retry_gap=0 wait=0 rx=0 rxq=0 rxr=0 ack=0 ch9=0 rf=1 retry=20 interval=380
DBG_ANCHOR_CH5_SCAN_RESCHED ret=1 delay=20
DBG_ANCHOR_CH5_SCAN_HANDLER role=2
DBG_ANCHOR_CH5_SCAN_BLOCKED win=0 survey=0 tx=0 retry_gap=0 wait=0 rx=0 rxq=0 rxr=0 ack=0 ch9=0 rf=1 retry=20 interval=380
DBG_ANCHOR_CH5_SCAN_RESCHED ret=1 delay=20
DBG_DWM_KEEP_IDLE reason=ch9-rx ch9=1 ack=0 qack=0 ret=0
DBG_CH9_RX_EMPTY
DBG_CH9_RX_TIMEOUT
DBG_CH9_RX_MISS frames=0 now=123983 start=123801 end=123921 fail=0
DBG_CH9_EVENT_STATE state=window_expired peer=0x191a9619c6c8cb07 start=123801 end=123921 reason=rx-slot
DBG_ANCHOR_CH5_SCAN_HANDLER role=2
DBG_ANCHOR_CH5_SCAN_ARM now=123985 win=20 complete=15 interval=380 wait=0 tx=0
DBG_DWM_CH5_RX_HUNT_START acq=20 complete=15 cap=1021
DBG_DWM_CH5_RX_HUNT_EMPTY ret=-116 status=0x00000000 acq=20
DBG_ANCHOR_CH5_SCAN_DONE ret=-116 len=0 fail=1 pre=0 q=0 rx_us=20355 complete=15
DBG_ANCHOR_CH5_POST_CH9_RECOVERY_SCAN win=20 ret=-116 pre=0
DBG_ANCHOR_CH5_SCAN_RESCHED ret=1 delay=380
DBG_ANCHOR_CH5_SCAN_HANDLER role=2
DBG_DWM_CH5_RX_HUNT_START acq=3 complete=15 cap=1021
DBG_DWM_CH5_RX_HUNT_EMPTY ret=-116 status=0x00000000 acq=3
DBG_ANCHOR_CH5_SCAN_RESCHED ret=1 delay=380
DBG_ANCHOR_CH5_SCAN_HANDLER role=2
DBG_DWM_CH5_RX_HUNT_START acq=3 complete=15 cap=1021
DBG_DWM_CH5_RX_HUNT_EMPTY ret=-116 status=0x00000000 acq=3
DBG_ANCHOR_CH5_SCAN_RESCHED ret=1 delay=380
DBG_CH9_SKIP_STALE n=1 now=125021 next=125081 cnt=325742865 reason=rx-select
DBG_CH9_RX_SLOT idx=0 cnt=325742865 now=125021 start=125081 end=125201
DBG_CH9_EVENT_STATE state=granted peer=0x191a9619c6c8cb07 start=125081 end=125201 reason=rx-slot
DBG_CH9_RX_START idx=0 now=125022 start=125081 end=125201 tail=60
DBG_CH9_RX_CONFIG_OK
DBG_CH9_RX_EARLY_ARM now=125040 start=125081 guard=60
DBG_CH9_RX_ARMED now=125040 start=125081 end=125201 deadline=125261
DBG_ANCHOR_CH5_SCAN_HANDLER role=2
DBG_ANCHOR_CH5_SCAN_BLOCKED win=0 survey=0 tx=0 retry_gap=0 wait=0 rx=0 rxq=0 rxr=0 ack=0 ch9=0 rf=1 retry=20 interval=380
DBG_ANCHOR_CH5_SCAN_RESCHED ret=1 delay=20
DBG_ANCHOR_CH5_SCAN_HANDLER role=2
DBG_ANCHOR_CH5_SCAN_BLOCKED win=0 survey=0 tx=0 retry_gap=0 wait=0 rx=0 rxq=0 rxr=0 ack=0 ch9=0 rf=1 retry=20 interval=380
DBG_ANCHOR_CH5_SCAN_RESCHED ret=1 delay=20
DBG_DWM_KEEP_IDLE reason=ch9-rx ch9=1 ack=0 qack=0 ret=0
DBG_CH9_RX_EMPTY
DBG_CH9_RX_TIMEOUT
DBG_CH9_RX_MISS frames=0 now=125263 start=125081 end=125201 fail=0
DBG_CH9_EVENT_STATE state=window_expired peer=0x191a9619c6c8cb07 start=125081 end=125201 reason=rx-slot
DBG_ANCHOR_CH5_SCAN_HANDLER role=2
DBG_ANCHOR_CH5_SCAN_ARM now=125263 win=20 complete=15 interval=380 wait=0 tx=0
DBG_DWM_CH5_RX_HUNT_START acq=20 complete=15 cap=1021
DBG_DWM_CH5_RX_HUNT_EMPTY ret=-116 status=0x00000000 acq=20
DBG_ANCHOR_CH5_SCAN_DONE ret=-116 len=0 fail=1 pre=0 q=0 rx_us=20751 complete=15
DBG_ANCHOR_CH5_POST_CH9_RECOVERY_SCAN win=20 ret=-116 pre=0
DBG_ANCHOR_CH5_SCAN_RESCHED ret=1 delay=380
DBG_ANCHOR_CH5_SCAN_HANDLER role=2
DBG_DWM_CH5_RX_HUNT_START acq=3 complete=15 cap=1021
DBG_DWM_CH5_RX_HUNT_EMPTY ret=-116 status=0x00000000 acq=3
DBG_ANCHOR_CH5_SCAN_RESCHED ret=1 delay=380
DBG_ANCHOR_CH5_SCAN_HANDLER role=2
DBG_DWM_CH5_RX_HUNT_START acq=3 complete=15 cap=1021
DBG_DWM_CH5_RX_HUNT_EMPTY ret=-116 status=0x00000000 acq=3
DBG_ANCHOR_CH5_SCAN_RESCHED ret=1 delay=380
DBG_CH9_SKIP_STALE n=1 now=126301 next=126361 cnt=325742867 reason=rx-select
DBG_CH9_RX_SLOT idx=0 cnt=325742867 now=126301 start=126361 end=126481
DBG_CH9_EVENT_STATE state=granted peer=0x191a9619c6c8cb07 start=126361 end=126481 reason=rx-slot
DBG_CH9_RX_START idx=0 now=126302 start=126361 end=126481 tail=60
DBG_CH9_RX_CONFIG_OK
DBG_CH9_RX_EARLY_ARM now=126320 start=126361 guard=60
DBG_CH9_RX_ARMED now=126320 start=126361 end=126481 deadline=126541
DBG_ANCHOR_CH5_SCAN_HANDLER role=2
DBG_ANCHOR_CH5_SCAN_BLOCKED win=0 survey=0 tx=0 retry_gap=0 wait=0 rx=0 rxq=0 rxr=0 ack=0 ch9=0 rf=1 retry=20 interval=380
DBG_ANCHOR_CH5_SCAN_RESCHED ret=1 delay=20
DBG_ANCHOR_CH5_SCAN_HANDLER role=2
DBG_ANCHOR_CH5_SCAN_BLOCKED win=0 survey=0 tx=0 retry_gap=0 wait=0 rx=0 rxq=0 rxr=0 ack=0 ch9=0 rf=1 retry=20 interval=380
DBG_ANCHOR_CH5_SCAN_RESCHED ret=1 delay=20
DBG_DWM_KEEP_IDLE reason=ch9-rx ch9=1 ack=0 qack=0 ret=0
DBG_CH9_RX_EMPTY
DBG_CH9_RX_TIMEOUT
DBG_CH9_RX_MISS frames=0 now=126543 start=126361 end=126481 fail=0
DBG_CH9_EVENT_STATE state=window_expired peer=0x191a9619c6c8cb07 start=126361 end=126481 reason=rx-slot
DBG_ANCHOR_CH5_SCAN_HANDLER role=2
DBG_ANCHOR_CH5_SCAN_ARM now=126543 win=20 complete=15 interval=380 wait=0 tx=0
DBG_DWM_CH5_RX_HUNT_START acq=20 complete=15 cap=1021
DBG_DWM_CH5_RX_HUNT_EMPTY ret=-116 status=0x00000000 acq=20
DBG_ANCHOR_CH5_SCAN_DONE ret=-116 len=0 fail=1 pre=0 q=0 rx_us=20721 complete=15
DBG_ANCHOR_CH5_POST_CH9_RECOVERY_SCAN win=20 ret=-116 pre=0
DBG_ANCHOR_CH5_SCAN_RESCHED ret=1 delay=380
DBG_ANCHOR_CH5_SCAN_HANDLER role=2
DBG_DWM_CH5_RX_HUNT_START acq=3 complete=15 cap=1021
DBG_DWM_CH5_RX_HUNT_EMPTY ret=-116 status=0x00000000 acq=3
DBG_ANCHOR_CH5_SCAN_RESCHED ret=1 delay=380
DBG_ANCHOR_CH5_SCAN_HANDLER role=2
DBG_DWM_CH5_RX_HUNT_START acq=3 complete=15 cap=1021
DBG_DWM_CH5_RX_HUNT_EMPTY ret=-116 status=0x00000000 acq=3
DBG_ANCHOR_CH5_SCAN_RESCHED ret=1 delay=380
DBG_CH9_SKIP_STALE n=1 now=127581 next=127641 cnt=325742869 reason=rx-select
DBG_CH9_RX_SLOT idx=0 cnt=325742869 now=127581 start=127641 end=127761
DBG_CH9_EVENT_STATE state=granted peer=0x191a9619c6c8cb07 start=127641 end=127761 reason=rx-slot
DBG_CH9_RX_START idx=0 now=127582 start=127641 end=127761 tail=60
DBG_CH9_RX_CONFIG_OK
DBG_CH9_RX_EARLY_ARM now=127600 start=127641 guard=60
DBG_CH9_RX_ARMED now=127600 start=127641 end=127761 deadline=127821
DBG_ANCHOR_CH5_SCAN_HANDLER role=2
DBG_ANCHOR_CH5_SCAN_BLOCKED win=0 survey=0 tx=0 retry_gap=0 wait=0 rx=0 rxq=0 rxr=0 ack=0 ch9=0 rf=1 retry=20 interval=380
DBG_ANCHOR_CH5_SCAN_RESCHED ret=1 delay=20
DBG_ANCHOR_CH5_SCAN_HANDLER role=2
DBG_ANCHOR_CH5_SCAN_BLOCKED win=0 survey=0 tx=0 retry_gap=0 wait=0 rx=0 rxq=0 rxr=0 ack=0 ch9=0 rf=1 retry=20 interval=380
DBG_ANCHOR_CH5_SCAN_RESCHED ret=1 delay=20
DBG_DWM_KEEP_IDLE reason=ch9-rx ch9=1 ack=0 qack=0 ret=0
DBG_CH9_RX_EMPTY
DBG_CH9_RX_TIMEOUT
DBG_CH9_RX_MISS frames=0 now=127823 start=127641 end=127761 fail=0
DBG_CH9_EVENT_STATE state=window_expired peer=0x191a9619c6c8cb07 start=127641 end=127761 reason=rx-slot
DBG_ANCHOR_CH5_SCAN_HANDLER role=2
DBG_ANCHOR_CH5_SCAN_ARM now=127823 win=20 complete=15 interval=380 wait=0 tx=0
DBG_DWM_CH5_RX_HUNT_START acq=20 complete=15 cap=1021
DBG_DWM_CH5_RX_HUNT_EMPTY ret=-116 status=0x00000000 acq=20
DBG_ANCHOR_CH5_SCAN_DONE ret=-116 len=0 fail=1 pre=0 q=0 rx_us=20751 complete=15
DBG_ANCHOR_CH5_POST_CH9_RECOVERY_SCAN win=20 ret=-116 pre=0
DBG_ANCHOR_CH5_SCAN_RESCHED ret=1 delay=380
DBG_ANCHOR_CH5_SCAN_HANDLER role=2
DBG_DWM_CH5_RX_HUNT_START acq=3 complete=15 cap=1021
DBG_DWM_CH5_RX_HUNT_EMPTY ret=-116 status=0x00000000 acq=3
DBG_ANCHOR_CH5_SCAN_RESCHED ret=1 delay=380
DBG_ANCHOR_CH5_SCAN_HANDLER role=2
DBG_DWM_CH5_RX_HUNT_START acq=3 complete=15 cap=1021
DBG_DWM_CH5_RX_HUNT_EMPTY ret=-116 status=0x00000000 acq=3
DBG_ANCHOR_CH5_SCAN_RESCHED ret=1 delay=380
DBG_CH9_SKIP_STALE n=1 now=128861 next=128921 cnt=325742871 reason=rx-select
DBG_CH9_RX_SLOT idx=0 cnt=325742871 now=128861 start=128921 end=129041
DBG_CH9_EVENT_STATE state=granted peer=0x191a9619c6c8cb07 start=128921 end=129041 reason=rx-slot
DBG_CH9_RX_START idx=0 now=128861 start=128921 end=129041 tail=60
DBG_CH9_RX_CONFIG_OK
DBG_CH9_RX_EARLY_ARM now=128880 start=128921 guard=60
DBG_CH9_RX_ARMED now=128880 start=128921 end=129041 deadline=129101
DBG_ANCHOR_CH5_SCAN_HANDLER role=2
DBG_ANCHOR_CH5_SCAN_BLOCKED win=0 survey=0 tx=0 retry_gap=0 wait=0 rx=0 rxq=0 rxr=0 ack=0 ch9=0 rf=1 retry=20 interval=380
DBG_ANCHOR_CH5_SCAN_RESCHED ret=1 delay=20
DBG_ANCHOR_CH5_SCAN_HANDLER role=2
DBG_ANCHOR_CH5_SCAN_BLOCKED win=0 survey=0 tx=0 retry_gap=0 wait=0 rx=0 rxq=0 rxr=0 ack=0 ch9=0 rf=1 retry=20 interval=380
DBG_ANCHOR_CH5_SCAN_RESCHED ret=1 delay=20
DBG_ANCHOR_CH5_SCAN_HANDLER role=2
DBG_DWM_KEEP_IDLE reason=ch9-rx ch9=1 ack=0 qack=0 ret=0
DBG_CH9_RX_EMPTY
DBG_CH9_RX_TIMEOUT
DBG_CH9_RX_MISS frames=0 now=129103 start=128921 end=129041 fail=0
DBG_CH9_EVENT_STATE state=window_expired peer=0x191a9619c6c8cb07 start=128921 end=129041 reason=rx-slot
DBG_ANCHOR_CH5_SCAN_BLOCKED win=0 survey=0 tx=0 retry_gap=0 wait=0 rx=0 rxq=0 rxr=0 ack=0 ch9=0 rf=1 retry=20 interval=380
DBG_ANCHOR_CH5_SCAN_RESCHED ret=1 delay=20
DBG_ANCHOR_CH5_SCAN_HANDLER role=2
DBG_ANCHOR_CH5_SCAN_ARM now=129123 win=20 complete=15 interval=380 wait=0 tx=0
DBG_DWM_CH5_RX_HUNT_START acq=20 complete=15 cap=1021
DBG_DWM_CH5_RX_HUNT_EMPTY ret=-116 status=0x00000000 acq=20
DBG_ANCHOR_CH5_SCAN_DONE ret=-116 len=0 fail=1 pre=0 q=0 rx_us=21179 complete=15
DBG_ANCHOR_CH5_POST_CH9_RECOVERY_SCAN win=20 ret=-116 pre=0
DBG_ANCHOR_CH5_SCAN_RESCHED ret=1 delay=380
DBG_ANCHOR_CH5_SCAN_HANDLER role=2
DBG_DWM_CH5_RX_HUNT_START acq=3 complete=15 cap=1021
DBG_DWM_CH5_RX_HUNT_EMPTY ret=-116 status=0x00000000 acq=3
DBG_ANCHOR_CH5_SCAN_RESCHED ret=1 delay=380
DBG_ANCHOR_CH5_SCAN_HANDLER role=2
DBG_DWM_CH5_RX_HUNT_START acq=3 complete=15 cap=1021
DBG_DWM_CH5_RX_HUNT_EMPTY ret=-116 status=0x00000000 acq=3
DBG_ANCHOR_CH5_SCAN_RESCHED ret=1 delay=380
DBG_CH9_SKIP_STALE n=1 now=130141 next=130201 cnt=325742873 reason=rx-select
DBG_CH9_RX_SLOT idx=0 cnt=325742873 now=130141 start=130201 end=130321
DBG_CH9_EVENT_STATE state=granted peer=0x191a9619c6c8cb07 start=130201 end=130321 reason=rx-slot
DBG_CH9_RX_START idx=0 now=130141 start=130201 end=130321 tail=60
DBG_CH9_RX_CONFIG_OK
DBG_CH9_RX_EARLY_ARM now=130160 start=130201 guard=60
DBG_CH9_RX_ARMED now=130160 start=130201 end=130321 deadline=130381
DBG_ANCHOR_CH5_SCAN_HANDLER role=2
DBG_ANCHOR_CH5_SCAN_BLOCKED win=0 survey=0 tx=0 retry_gap=0 wait=0 rx=0 rxq=0 rxr=0 ack=0 ch9=0 rf=1 retry=20 interval=380
DBG_ANCHOR_CH5_SCAN_RESCHED ret=1 delay=20
DBG_ANCHOR_CH5_SCAN_HANDLER role=2
DBG_ANCHOR_CH5_SCAN_BLOCKED win=0 survey=0 tx=0 retry_gap=0 wait=0 rx=0 rxq=0 rxr=0 ack=0 ch9=0 rf=1 retry=20 interval=380
DBG_DWM_KEEP_IDLE reason=ch9-rx ch9=1 ack=0 qack=0 ret=0
DBG_CH9_RX_EMPTY
DBG_CH9_RX_TIMEOUT
DBG_CH9_RX_MISS frames=0 now=130383 start=130201 end=130321 fail=0
DBG_CH9_EVENT_STATE state=window_expired peer=0x191a9619c6c8cb07 start=130201 end=130321 reason=rx-slot
DBG_ANCHOR_CH5_SCAN_RESCHED ret=1 delay=20
DBG_ANCHOR_CH5_SCAN_HANDLER role=2
DBG_ANCHOR_CH5_SCAN_ARM now=130403 win=20 complete=15 interval=380 wait=0 tx=0
DBG_DWM_CH5_RX_HUNT_START acq=20 complete=15 cap=1021
DBG_DWM_CH5_RX_HUNT_EMPTY ret=-116 status=0x00000000 acq=20
DBG_ANCHOR_CH5_SCAN_DONE ret=-116 len=0 fail=1 pre=0 q=0 rx_us=20385 complete=15
DBG_ANCHOR_CH5_POST_CH9_RECOVERY_SCAN win=20 ret=-116 pre=0
DBG_ANCHOR_CH5_SCAN_RESCHED ret=1 delay=380
DBG_ANCHOR_CH5_SCAN_HANDLER role=2
DBG_DWM_CH5_RX_HUNT_START acq=3 complete=15 cap=1021
DBG_DWM_CH5_RX_HUNT_EMPTY ret=-116 status=0x00000000 acq=3
DBG_ANCHOR_CH5_SCAN_RESCHED ret=1 delay=380
DBG_ANCHOR_CH5_SCAN_HANDLER role=2
DBG_DWM_CH5_RX_HUNT_START acq=3 complete=15 cap=1021
DBG_DWM_CH5_RX_HUNT_EMPTY ret=-116 status=0x00000000 acq=3
DBG_ANCHOR_CH5_SCAN_RESCHED ret=1 delay=380
DBG_CH9_SKIP_STALE n=1 now=131421 next=131481 cnt=325742875 reason=rx-select
DBG_CH9_RX_SLOT idx=0 cnt=325742875 now=131421 start=131481 end=131601
DBG_CH9_EVENT_STATE state=granted peer=0x191a9619c6c8cb07 start=131481 end=131601 reason=rx-slot
DBG_CH9_RX_START idx=0 now=131421 start=131481 end=131601 tail=60
DBG_CH9_RX_CONFIG_OK
DBG_CH9_RX_EARLY_ARM now=131440 start=131481 guard=60
DBG_CH9_RX_ARMED now=131440 start=131481 end=131601 deadline=131661
DBG_ANCHOR_CH5_SCAN_HANDLER role=2
DBG_ANCHOR_CH5_SCAN_BLOCKED win=0 survey=0 tx=0 retry_gap=0 wait=0 rx=0 rxq=0 rxr=0 ack=0 ch9=0 rf=1 retry=20 interval=380
DBG_ANCHOR_CH5_SCAN_RESCHED ret=1 delay=20
DBG_ANCHOR_CH5_SCAN_HANDLER role=2
DBG_ANCHOR_CH5_SCAN_BLOCKED win=0 survey=0 tx=0 retry_gap=0 wait=0 rx=0 rxq=0 rxr=0 ack=0 ch9=0 rf=1 retry=20 interval=380
DBG_ANCHOR_CH5_SCAN_RESCHED ret=1 delay=20
DBG_DWM_KEEP_IDLE reason=ch9-rx ch9=1 ack=0 qack=0 ret=0
DBG_CH9_RX_EMPTY
DBG_CH9_RX_TIMEOUT
DBG_CH9_RX_MISS frames=0 now=131663 start=131481 end=131601 fail=0
DBG_CH9_EVENT_STATE state=window_expired peer=0x191a9619c6c8cb07 start=131481 end=131601 reason=rx-slot
DBG_ANCHOR_CH5_SCAN_HANDLER role=2
DBG_ANCHOR_CH5_SCAN_ARM now=131682 win=20 complete=15 interval=380 wait=0 tx=0
DBG_DWM_CH5_RX_HUNT_START acq=20 complete=15 cap=1021
DBG_DWM_CH5_RX_HUNT_EMPTY ret=-116 status=0x00000000 acq=20
DBG_ANCHOR_CH5_SCAN_DONE ret=-116 len=0 fail=1 pre=0 q=0 rx_us=20172 complete=15
DBG_ANCHOR_CH5_POST_CH9_RECOVERY_SCAN win=20 ret=-116 pre=0
DBG_ANCHOR_CH5_SCAN_RESCHED ret=1 delay=380
DBG_ANCHOR_CH5_SCAN_HANDLER role=2
DBG_DWM_CH5_RX_HUNT_START acq=3 complete=15 cap=1021
DBG_DWM_CH5_RX_HUNT_EMPTY ret=-116 status=0x00000000 acq=3
DBG_ANCHOR_CH5_SCAN_RESCHED ret=1 delay=380
DBG_ANCHOR_CH5_SCAN_HANDLER role=2
DBG_DWM_CH5_RX_HUNT_START acq=3 complete=15 cap=1021
DBG_DWM_CH5_RX_HUNT_EMPTY ret=-116 status=0x00000000 acq=3
DBG_ANCHOR_CH5_SCAN_RESCHED ret=1 delay=380
DBG_CH9_SKIP_STALE n=1 now=132701 next=132761 cnt=325742877 reason=rx-select
DBG_CH9_RX_SLOT idx=0 cnt=325742877 now=132701 start=132761 end=132881
DBG_CH9_EVENT_STATE state=granted peer=0x191a9619c6c8cb07 start=132761 end=132881 reason=rx-slot
DBG_CH9_RX_START idx=0 now=132701 start=132761 end=132881 tail=60
DBG_CH9_RX_CONFIG_OK
DBG_CH9_RX_EARLY_ARM now=132720 start=132761 guard=60
DBG_CH9_RX_ARMED now=132720 start=132761 end=132881 deadline=132941
DBG_ANCHOR_CH5_SCAN_HANDLER role=2
DBG_ANCHOR_CH5_SCAN_BLOCKED win=0 survey=0 tx=0 retry_gap=0 wait=0 rx=0 rxq=0 rxr=0 ack=0 ch9=0 rf=1 retry=20 interval=380
DBG_ANCHOR_CH5_SCAN_RESCHED ret=1 delay=20
DBG_ANCHOR_CH5_SCAN_HANDLER role=2
DBG_ANCHOR_CH5_SCAN_BLOCKED win=0 survey=0 tx=0 retry_gap=0 wait=0 rx=0 rxq=0 rxr=0 ack=0 ch9=0 rf=1 retry=20 interval=380
DBG_ANCHOR_CH5_SCAN_RESCHED ret=1 delay=20
DBG_DWM_KEEP_IDLE reason=ch9-rx ch9=1 ack=0 qack=0 ret=0
DBG_CH9_RX_EMPTY
DBG_CH9_RX_TIMEOUT
DBG_CH9_RX_MISS frames=0 now=132943 start=132761 end=132881 fail=0
DBG_CH9_EVENT_STATE state=window_expired peer=0x191a9619c6c8cb07 start=132761 end=132881 reason=rx-slot
DBG_ANCHOR_CH5_SCAN_HANDLER role=2
DBG_ANCHOR_CH5_SCAN_ARM now=132960 win=20 complete=15 interval=380 wait=0 tx=0
DBG_DWM_CH5_RX_HUNT_START acq=20 complete=15 cap=1021
DBG_DWM_CH5_RX_HUNT_EMPTY ret=-116 status=0x00000000 acq=20
DBG_ANCHOR_CH5_SCAN_DONE ret=-116 len=0 fail=1 pre=0 q=0 rx_us=21118 complete=15
DBG_ANCHOR_CH5_POST_CH9_RECOVERY_SCAN win=20 ret=-116 pre=0
DBG_ANCHOR_CH5_SCAN_RESCHED ret=1 delay=380
DBG_ANCHOR_CH5_SCAN_HANDLER role=2
DBG_DWM_CH5_RX_HUNT_START acq=3 complete=15 cap=1021
DBG_DWM_CH5_RX_HUNT_EMPTY ret=-116 status=0x00000000 acq=3
DBG_ANCHOR_CH5_SCAN_RESCHED ret=1 delay=380
DBG_ANCHOR_CH5_SCAN_HANDLER role=2
DBG_DWM_CH5_RX_HUNT_START acq=3 complete=15 cap=1021
DBG_DWM_CH5_RX_HUNT_EMPTY ret=-116 status=0x00000000 acq=3
DBG_ANCHOR_CH5_SCAN_RESCHED ret=1 delay=380
DBG_CH9_SKIP_STALE n=1 now=133981 next=134041 cnt=325742879 reason=rx-select
DBG_CH9_RX_SLOT idx=0 cnt=325742879 now=133981 start=134041 end=134161
DBG_CH9_EVENT_STATE state=granted peer=0x191a9619c6c8cb07 start=134041 end=134161 reason=rx-slot
DBG_CH9_RX_START idx=0 now=133981 start=134041 end=134161 tail=60
DBG_CH9_RX_CONFIG_OK
DBG_CH9_RX_EARLY_ARM now=134000 start=134041 guard=60
DBG_CH9_RX_ARMED now=134000 start=134041 end=134161 deadline=134221
DBG_ANCHOR_CH5_SCAN_HANDLER role=2
DBG_ANCHOR_CH5_SCAN_BLOCKED win=0 survey=0 tx=0 retry_gap=0 wait=0 rx=0 rxq=0 rxr=0 ack=0 ch9=0 rf=1 retry=20 interval=380
DBG_ANCHOR_CH5_SCAN_RESCHED ret=1 delay=20
DBG_ANCHOR_CH5_SCAN_HANDLER role=2
DBG_ANCHOR_CH5_SCAN_BLOCKED win=0 survey=0 tx=0 retry_gap=0 wait=0 rx=0 rxq=0 rxr=0 ack=0 ch9=0 rf=1 retry=20 interval=380
DBG_ANCHOR_CH5_SCAN_RESCHED ret=1 delay=20
DBG_DWM_KEEP_IDLE reason=ch9-rx ch9=1 ack=0 qack=0 ret=0
DBG_CH9_RX_EMPTY
DBG_CH9_RX_TIMEOUT
DBG_CH9_RX_MISS frames=0 now=134222 start=134041 end=134161 fail=0
DBG_CH9_EVENT_STATE state=window_expired peer=0x191a9619c6c8cb07 start=134041 end=134161 reason=rx-slot
DBG_ANCHOR_CH5_SCAN_HANDLER role=2
DBG_ANCHOR_CH5_SCAN_ARM now=134239 win=20 complete=15 interval=380 wait=0 tx=0
DBG_DWM_CH5_RX_HUNT_START acq=20 complete=15 cap=1021
DBG_DWM_CH5_RX_HUNT_EMPTY ret=-116 status=0x00000000 acq=20
DBG_ANCHOR_CH5_SCAN_DONE ret=-116 len=0 fail=1 pre=0 q=0 rx_us=20446 complete=15
DBG_ANCHOR_CH5_POST_CH9_RECOVERY_SCAN win=20 ret=-116 pre=0
DBG_ANCHOR_CH5_SCAN_RESCHED ret=1 delay=380
DBG_ANCHOR_CH5_SCAN_HANDLER role=2
DBG_DWM_CH5_RX_HUNT_START acq=3 complete=15 cap=1021
DBG_DWM_CH5_RX_HUNT_EMPTY ret=-116 status=0x00000000 acq=3
DBG_ANCHOR_CH5_SCAN_RESCHED ret=1 delay=380
DBG_ANCHOR_CH5_SCAN_HANDLER role=2
DBG_DWM_CH5_RX_HUNT_START acq=3 complete=15 cap=1021
DBG_DWM_CH5_RX_HUNT_EMPTY ret=-116 status=0x00000000 acq=3
DBG_ANCHOR_CH5_SCAN_RESCHED ret=1 delay=380
DBG_CH9_SKIP_STALE n=1 now=135261 next=135321 cnt=325742881 reason=rx-select
DBG_CH9_RX_SLOT idx=0 cnt=325742881 now=135261 start=135321 end=135441
DBG_CH9_EVENT_STATE state=granted peer=0x191a9619c6c8cb07 start=135321 end=135441 reason=rx-slot
DBG_CH9_RX_START idx=0 now=135261 start=135321 end=135441 tail=60
DBG_CH9_RX_CONFIG_OK
DBG_CH9_RX_EARLY_ARM now=135280 start=135321 guard=60
DBG_CH9_RX_ARMED now=135280 start=135321 end=135441 deadline=135501
DBG_ANCHOR_CH5_SCAN_HANDLER role=2
DBG_ANCHOR_CH5_SCAN_BLOCKED win=0 survey=0 tx=0 retry_gap=0 wait=0 rx=0 rxq=0 rxr=0 ack=0 ch9=0 rf=1 retry=20 interval=380
DBG_ANCHOR_CH5_SCAN_RESCHED ret=1 delay=20
DBG_ANCHOR_CH5_SCAN_HANDLER role=2
DBG_ANCHOR_CH5_SCAN_BLOCKED win=0 survey=0 tx=0 retry_gap=0 wait=0 rx=0 rxq=0 rxr=0 ack=0 ch9=0 rf=1 retry=20 interval=380
DBG_ANCHOR_CH5_SCAN_RESCHED ret=1 delay=20
DBG_DWM_KEEP_IDLE reason=ch9-rx ch9=1 ack=0 qack=0 ret=0
DBG_CH9_RX_EMPTY
DBG_CH9_RX_TIMEOUT
DBG_CH9_RX_MISS frames=0 now=135503 start=135321 end=135441 fail=0
DBG_CH9_EVENT_STATE state=window_expired peer=0x191a9619c6c8cb07 start=135321 end=135441 reason=rx-slot
DBG_ANCHOR_CH5_SCAN_HANDLER role=2
DBG_ANCHOR_CH5_SCAN_ARM now=135518 win=20 complete=15 interval=380 wait=0 tx=0
DBG_DWM_CH5_RX_HUNT_START acq=20 complete=15 cap=1021
DBG_DWM_CH5_RX_HUNT_EMPTY ret=-116 status=0x00000000 acq=20
DBG_ANCHOR_CH5_SCAN_DONE ret=-116 len=0 fail=1 pre=0 q=0 rx_us=21148 complete=15
DBG_ANCHOR_CH5_POST_CH9_RECOVERY_SCAN win=20 ret=-116 pre=0
DBG_ANCHOR_CH5_SCAN_RESCHED ret=1 delay=380
DBG_ANCHOR_CH5_SCAN_HANDLER role=2
DBG_DWM_CH5_RX_HUNT_START acq=3 complete=15 cap=1021
DBG_DWM_CH5_RX_HUNT_EMPTY ret=-116 status=0x00000000 acq=3
DBG_ANCHOR_CH5_SCAN_RESCHED ret=1 delay=380
DBG_ANCHOR_CH5_SCAN_HANDLER role=2
DBG_DWM_CH5_RX_HUNT_START acq=3 complete=15 cap=1021
DBG_DWM_CH5_RX_HUNT_EMPTY ret=-116 status=0x00000000 acq=3
DBG_ANCHOR_CH5_SCAN_RESCHED ret=1 delay=380
DBG_CH9_SKIP_STALE n=1 now=136541 next=136601 cnt=325742883 reason=rx-select
DBG_CH9_RX_SLOT idx=0 cnt=325742883 now=136541 start=136601 end=136721
DBG_CH9_EVENT_STATE state=granted peer=0x191a9619c6c8cb07 start=136601 end=136721 reason=rx-slot
DBG_CH9_RX_START idx=0 now=136541 start=136601 end=136721 tail=60
DBG_CH9_RX_CONFIG_OK
DBG_CH9_RX_EARLY_ARM now=136560 start=136601 guard=60
DBG_CH9_RX_ARMED now=136560 start=136601 end=136721 deadline=136781
DBG_ANCHOR_CH5_SCAN_HANDLER role=2
DBG_ANCHOR_CH5_SCAN_BLOCKED win=0 survey=0 tx=0 retry_gap=0 wait=0 rx=0 rxq=0 rxr=0 ack=0 ch9=0 rf=1 retry=20 interval=380
DBG_ANCHOR_CH5_SCAN_RESCHED ret=1 delay=20
DBG_ANCHOR_CH5_SCAN_HANDLER role=2
DBG_ANCHOR_CH5_SCAN_BLOCKED win=0 survey=0 tx=0 retry_gap=0 wait=0 rx=0 rxq=0 rxr=0 ack=0 ch9=0 rf=1 retry=20 interval=380
DBG_ANCHOR_CH5_SCAN_RESCHED ret=1 delay=20
DBG_DWM_KEEP_IDLE reason=ch9-rx ch9=1 ack=0 qack=0 ret=0
DBG_CH9_RX_EMPTY
DBG_CH9_RX_TIMEOUT
DBG_CH9_RX_MISS frames=0 now=136782 start=136601 end=136721 fail=0
DBG_CH9_EVENT_STATE state=window_expired peer=0x191a9619c6c8cb07 start=136601 end=136721 reason=rx-slot
DBG_ANCHOR_CH5_SCAN_HANDLER role=2
DBG_ANCHOR_CH5_SCAN_ARM now=136798 win=20 complete=15 interval=380 wait=0 tx=0
DBG_DWM_CH5_RX_HUNT_START acq=20 complete=15 cap=1021
DBG_DWM_CH5_RX_HUNT_EMPTY ret=-116 status=0x00000000 acq=20
DBG_ANCHOR_CH5_SCAN_DONE ret=-116 len=0 fail=1 pre=0 q=0 rx_us=21148 complete=15
DBG_ANCHOR_CH5_POST_CH9_RECOVERY_SCAN win=20 ret=-116 pre=0
DBG_ANCHOR_CH5_SCAN_RESCHED ret=1 delay=380
DBG_ANCHOR_CH5_SCAN_HANDLER role=2
DBG_DWM_CH5_RX_HUNT_START acq=3 complete=15 cap=1021
DBG_DWM_CH5_RX_HUNT_EMPTY ret=-116 status=0x00000000 acq=3
DBG_ANCHOR_CH5_SCAN_RESCHED ret=1 delay=380
DBG_ANCHOR_CH5_SCAN_HANDLER role=2
DBG_DWM_CH5_RX_HUNT_START acq=3 complete=15 cap=1021
DBG_DWM_CH5_RX_HUNT_EMPTY ret=-116 status=0x00000000 acq=3
DBG_ANCHOR_CH5_SCAN_RESCHED ret=1 delay=380
DBG_CH9_SKIP_STALE n=1 now=137821 next=137881 cnt=325742885 reason=rx-select
DBG_CH9_RX_SLOT idx=0 cnt=325742885 now=137821 start=137881 end=138001
DBG_CH9_EVENT_STATE state=granted peer=0x191a9619c6c8cb07 start=137881 end=138001 reason=rx-slot
DBG_CH9_RX_START idx=0 now=137821 start=137881 end=138001 tail=60
DBG_CH9_RX_CONFIG_OK
DBG_CH9_RX_EARLY_ARM now=137840 start=137881 guard=60
DBG_CH9_RX_ARMED now=137840 start=137881 end=138001 deadline=138061
DBG_ANCHOR_CH5_SCAN_HANDLER role=2
DBG_ANCHOR_CH5_SCAN_BLOCKED win=0 survey=0 tx=0 retry_gap=0 wait=0 rx=0 rxq=0 rxr=0 ack=0 ch9=0 rf=1 retry=20 interval=380
DBG_ANCHOR_CH5_SCAN_RESCHED ret=1 delay=20
DBG_ANCHOR_CH5_SCAN_HANDLER role=2
DBG_ANCHOR_CH5_SCAN_BLOCKED win=0 survey=0 tx=0 retry_gap=0 wait=0 rx=0 rxq=0 rxr=0 ack=0 ch9=0 rf=1 retry=20 interval=380
DBG_ANCHOR_CH5_SCAN_RESCHED ret=1 delay=20
DBG_DWM_KEEP_IDLE reason=ch9-rx ch9=1 ack=0 qack=0 ret=0
DBG_CH9_RX_EMPTY
DBG_CH9_RX_TIMEOUT
DBG_CH9_RX_MISS frames=0 now=138063 start=137881 end=138001 fail=0
DBG_CH9_EVENT_STATE state=window_expired peer=0x191a9619c6c8cb07 start=137881 end=138001 reason=rx-slot
DBG_ANCHOR_CH5_SCAN_HANDLER role=2
DBG_ANCHOR_CH5_SCAN_ARM now=138076 win=20 complete=15 interval=380 wait=0 tx=0
DBG_DWM_CH5_RX_HUNT_START acq=20 complete=15 cap=1021
DBG_DWM_CH5_RX_HUNT_EMPTY ret=-116 status=0x00000000 acq=20
DBG_ANCHOR_CH5_SCAN_DONE ret=-116 len=0 fail=1 pre=0 q=0 rx_us=21148 complete=15
DBG_ANCHOR_CH5_POST_CH9_RECOVERY_SCAN win=20 ret=-116 pre=0
DBG_ANCHOR_CH5_SCAN_RESCHED ret=1 delay=380
DBG_ANCHOR_CH5_SCAN_HANDLER role=2
DBG_DWM_CH5_RX_HUNT_START acq=3 complete=15 cap=1021
DBG_DWM_CH5_RX_HUNT_EMPTY ret=-116 status=0x00000000 acq=3
DBG_ANCHOR_CH5_SCAN_RESCHED ret=1 delay=380
DBG_ANCHOR_CH5_SCAN_HANDLER role=2
DBG_DWM_CH5_RX_HUNT_START acq=3 complete=15 cap=1021
DBG_DWM_CH5_RX_HUNT_EMPTY ret=-116 status=0x00000000 acq=3
DBG_ANCHOR_CH5_SCAN_RESCHED ret=1 delay=380
DBG_CH9_SKIP_STALE n=1 now=139101 next=139161 cnt=325742887 reason=rx-select
DBG_CH9_RX_SLOT idx=0 cnt=325742887 now=139101 start=139161 end=139281
DBG_CH9_EVENT_STATE state=granted peer=0x191a9619c6c8cb07 start=139161 end=139281 reason=rx-slot
DBG_CH9_RX_START idx=0 now=139102 start=139161 end=139281 tail=60
DBG_CH9_RX_CONFIG_OK
DBG_CH9_RX_EARLY_ARM now=139120 start=139161 guard=60
DBG_CH9_RX_ARMED now=139120 start=139161 end=139281 deadline=139341
DBG_ANCHOR_CH5_SCAN_HANDLER role=2
DBG_ANCHOR_CH5_SCAN_BLOCKED win=0 survey=0 tx=0 retry_gap=0 wait=0 rx=0 rxq=0 rxr=0 ack=0 ch9=0 rf=1 retry=20 interval=380
DBG_ANCHOR_CH5_SCAN_RESCHED ret=1 delay=20
DBG_ANCHOR_CH5_SCAN_HANDLER role=2
DBG_ANCHOR_CH5_SCAN_BLOCKED win=0 survey=0 tx=0 retry_gap=0 wait=0 rx=0 rxq=0 rxr=0 ack=0 ch9=0 rf=1 retry=20 interval=380
DBG_ANCHOR_CH5_SCAN_RESCHED ret=1 delay=20
DBG_DWM_KEEP_IDLE reason=ch9-rx ch9=1 ack=0 qack=0 ret=0
DBG_CH9_RX_EMPTY
DBG_CH9_RX_TIMEOUT
DBG_CH9_RX_MISS frames=0 now=139343 start=139161 end=139281 fail=0
DBG_CH9_EVENT_STATE state=window_expired peer=0x191a9619c6c8cb07 start=139161 end=139281 reason=rx-slot
DBG_ANCHOR_CH5_SCAN_HANDLER role=2
DBG_ANCHOR_CH5_SCAN_ARM now=139356 win=20 complete=15 interval=380 wait=0 tx=0
DBG_DWM_CH5_RX_HUNT_START acq=20 complete=15 cap=1021
DBG_DWM_CH5_RX_HUNT_EMPTY ret=-116 status=0x00000000 acq=20
DBG_ANCHOR_CH5_SCAN_DONE ret=-116 len=0 fail=1 pre=0 q=0 rx_us=20355 complete=15
DBG_ANCHOR_CH5_POST_CH9_RECOVERY_SCAN win=20 ret=-116 pre=0
DBG_ANCHOR_CH5_SCAN_RESCHED ret=1 delay=380
DBG_ANCHOR_CH5_SCAN_HANDLER role=2
DBG_DWM_CH5_RX_HUNT_START acq=3 complete=15 cap=1021
DBG_DWM_CH5_RX_HUNT_EMPTY ret=-116 status=0x00000000 acq=3
DBG_ANCHOR_CH5_SCAN_RESCHED ret=1 delay=380
DBG_ANCHOR_CH5_SCAN_HANDLER role=2
DBG_DWM_CH5_RX_HUNT_START acq=3 complete=15 cap=1021
DBG_DWM_CH5_RX_HUNT_EMPTY ret=-116 status=0x00000000 acq=3
DBG_ANCHOR_CH5_SCAN_RESCHED ret=1 delay=380
DBG_CH9_SKIP_STALE n=1 now=140381 next=140441 cnt=325742889 reason=rx-select
DBG_CH9_RX_SLOT idx=0 cnt=325742889 now=140381 start=140441 end=140561
DBG_CH9_EVENT_STATE state=granted peer=0x191a9619c6c8cb07 start=140441 end=140561 reason=rx-slot
DBG_CH9_RX_START idx=0 now=140381 start=140441 end=140561 tail=60
DBG_CH9_RX_CONFIG_OK
DBG_CH9_RX_EARLY_ARM now=140400 start=140441 guard=60
DBG_CH9_RX_ARMED now=140400 start=140441 end=140561 deadline=140621
DBG_ANCHOR_CH5_SCAN_HANDLER role=2
DBG_ANCHOR_CH5_SCAN_BLOCKED win=0 survey=0 tx=0 retry_gap=0 wait=0 rx=0 rxq=0 rxr=0 ack=0 ch9=0 rf=1 retry=20 interval=380
DBG_ANCHOR_CH5_SCAN_RESCHED ret=1 delay=20
DBG_ANCHOR_CH5_SCAN_HANDLER role=2
DBG_ANCHOR_CH5_SCAN_BLOCKED win=0 survey=0 tx=0 retry_gap=0 wait=0 rx=0 rxq=0 rxr=0 ack=0 ch9=0 rf=1 retry=20 interval=380
DBG_ANCHOR_CH5_SCAN_RESCHED ret=1 delay=20
DBG_DWM_KEEP_IDLE reason=ch9-rx ch9=1 ack=0 qack=0 ret=0
DBG_CH9_RX_EMPTY
DBG_CH9_RX_TIMEOUT
DBG_CH9_RX_MISS frames=0 now=140623 start=140441 end=140561 fail=0
DBG_CH9_EVENT_STATE state=window_expired peer=0x191a9619c6c8cb07 start=140441 end=140561 reason=rx-slot
DBG_ANCHOR_CH5_SCAN_HANDLER role=2
DBG_ANCHOR_CH5_SCAN_ARM now=140635 win=20 complete=15 interval=380 wait=0 tx=0
DBG_DWM_CH5_RX_HUNT_START acq=20 complete=15 cap=1021
DBG_DWM_CH5_RX_HUNT_EMPTY ret=-116 status=0x00000000 acq=20
DBG_ANCHOR_CH5_SCAN_DONE ret=-116 len=0 fail=1 pre=0 q=0 rx_us=20202 complete=15
DBG_ANCHOR_CH5_POST_CH9_RECOVERY_SCAN win=20 ret=-116 pre=0
DBG_ANCHOR_CH5_SCAN_RESCHED ret=1 delay=380
DBG_ANCHOR_CH5_SCAN_HANDLER role=2
DBG_DWM_CH5_RX_HUNT_START acq=3 complete=15 cap=1021
DBG_DWM_CH5_RX_HUNT_EMPTY ret=-116 status=0x00000000 acq=3
DBG_ANCHOR_CH5_SCAN_RESCHED ret=1 delay=380
DBG_ANCHOR_CH5_SCAN_HANDLER role=2
DBG_DWM_CH5_RX_HUNT_START acq=3 complete=15 cap=1021
DBG_DWM_CH5_RX_HUNT_EMPTY ret=-116 status=0x00000000 acq=3
DBG_ANCHOR_CH5_SCAN_RESCHED ret=1 delay=380
DBG_CH9_SKIP_STALE n=1 now=141661 next=141721 cnt=325742891 reason=rx-select
DBG_CH9_RX_SLOT idx=0 cnt=325742891 now=141661 start=141721 end=141841
DBG_CH9_EVENT_STATE state=granted peer=0x191a9619c6c8cb07 start=141721 end=141841 reason=rx-slot
DBG_CH9_RX_START idx=0 now=141661 start=141721 end=141841 tail=60
DBG_CH9_RX_CONFIG_OK
DBG_CH9_RX_EARLY_ARM now=141680 start=141721 guard=60
DBG_CH9_RX_ARMED now=141680 start=141721 end=141841 deadline=141901
DBG_ANCHOR_CH5_SCAN_HANDLER role=2
DBG_ANCHOR_CH5_SCAN_BLOCKED win=0 survey=0 tx=0 retry_gap=0 wait=0 rx=0 rxq=0 rxr=0 ack=0 ch9=0 rf=1 retry=20 interval=380
DBG_ANCHOR_CH5_SCAN_RESCHED ret=1 delay=20
DBG_ANCHOR_CH5_SCAN_HANDLER role=2
DBG_ANCHOR_CH5_SCAN_BLOCKED win=0 survey=0 tx=0 retry_gap=0 wait=0 rx=0 rxq=0 rxr=0 ack=0 ch9=0 rf=1 retry=20 interval=380
DBG_ANCHOR_CH5_SCAN_RESCHED ret=1 delay=20
DBG_DWM_KEEP_IDLE reason=ch9-rx ch9=1 ack=0 qack=0 ret=0
DBG_CH9_RX_EMPTY
DBG_CH9_RX_TIMEOUT
DBG_CH9_RX_MISS frames=0 now=141903 start=141721 end=141841 fail=0
DBG_CH9_EVENT_STATE state=window_expired peer=0x191a9619c6c8cb07 start=141721 end=141841 reason=rx-slot
DBG_ANCHOR_CH5_SCAN_HANDLER role=2
DBG_ANCHOR_CH5_SCAN_ARM now=141913 win=20 complete=15 interval=380 wait=0 tx=0
DBG_DWM_CH5_RX_HUNT_START acq=20 complete=15 cap=1021
DBG_DWM_CH5_RX_HUNT_EMPTY ret=-116 status=0x00000000 acq=20
DBG_ANCHOR_CH5_SCAN_DONE ret=-116 len=0 fail=1 pre=0 q=0 rx_us=20172 complete=15
DBG_ANCHOR_CH5_POST_CH9_RECOVERY_SCAN win=20 ret=-116 pre=0
DBG_ANCHOR_CH5_SCAN_RESCHED ret=1 delay=380
DBG_ANCHOR_CH5_SCAN_HANDLER role=2
DBG_DWM_CH5_RX_HUNT_START acq=3 complete=15 cap=1021
DBG_DWM_CH5_RX_HUNT_EMPTY ret=-116 status=0x00000000 acq=3
DBG_ANCHOR_CH5_SCAN_RESCHED ret=1 delay=380
DBG_ANCHOR_CH5_SCAN_HANDLER role=2
DBG_DWM_CH5_RX_HUNT_START acq=3 complete=15 cap=1021
DBG_DWM_CH5_RX_HUNT_EMPTY ret=-116 status=0x00000000 acq=3
DBG_ANCHOR_CH5_SCAN_RESCHED ret=1 delay=380
DBG_CH9_SKIP_STALE n=1 now=142941 next=143001 cnt=325742893 reason=rx-select
DBG_CH9_RX_SLOT idx=0 cnt=325742893 now=142941 start=143001 end=143121
DBG_CH9_EVENT_STATE state=granted peer=0x191a9619c6c8cb07 start=143001 end=143121 reason=rx-slot
DBG_CH9_RX_START idx=0 now=142941 start=143001 end=143121 tail=60
DBG_CH9_RX_CONFIG_OK
DBG_CH9_RX_EARLY_ARM now=142960 start=143001 guard=60
DBG_CH9_RX_ARMED now=142960 start=143001 end=143121 deadline=143181
DBG_ANCHOR_CH5_SCAN_HANDLER role=2
DBG_ANCHOR_CH5_SCAN_BLOCKED win=0 survey=0 tx=0 retry_gap=0 wait=0 rx=0 rxq=0 rxr=0 ack=0 ch9=0 rf=1 retry=20 interval=380
DBG_ANCHOR_CH5_SCAN_RESCHED ret=1 delay=20
DBG_ANCHOR_CH5_SCAN_HANDLER role=2
DBG_ANCHOR_CH5_SCAN_BLOCKED win=0 survey=0 tx=0 retry_gap=0 wait=0 rx=0 rxq=0 rxr=0 ack=0 ch9=0 rf=1 retry=20 interval=380
DBG_ANCHOR_CH5_SCAN_RESCHED ret=1 delay=20
DBG_DWM_KEEP_IDLE reason=ch9-rx ch9=1 ack=0 qack=0 ret=0
DBG_CH9_RX_EMPTY
DBG_CH9_RX_TIMEOUT
DBG_CH9_RX_MISS frames=0 now=143183 start=143001 end=143121 fail=0
DBG_CH9_EVENT_STATE state=window_expired peer=0x191a9619c6c8cb07 start=143001 end=143121 reason=rx-slot
DBG_ANCHOR_CH5_SCAN_HANDLER role=2
DBG_ANCHOR_CH5_SCAN_ARM now=143191 win=20 complete=15 interval=380 wait=0 tx=0
DBG_DWM_CH5_RX_HUNT_START acq=20 complete=15 cap=1021
DBG_DWM_CH5_RX_HUNT_EMPTY ret=-116 status=0x00000000 acq=20
DBG_ANCHOR_CH5_SCAN_DONE ret=-116 len=0 fail=1 pre=0 q=0 rx_us=20629 complete=15
DBG_ANCHOR_CH5_POST_CH9_RECOVERY_SCAN win=20 ret=-116 pre=0
DBG_ANCHOR_CH5_SCAN_RESCHED ret=1 delay=380
DBG_ANCHOR_CH5_SCAN_HANDLER role=2
DBG_DWM_CH5_RX_HUNT_START acq=3 complete=15 cap=1021
DBG_DWM_CH5_RX_HUNT_EMPTY ret=-116 status=0x00000000 acq=3
DBG_ANCHOR_CH5_SCAN_RESCHED ret=1 delay=380
DBG_ANCHOR_CH5_SCAN_HANDLER role=2
DBG_DWM_CH5_RX_HUNT_START acq=3 complete=15 cap=1021
DBG_DWM_CH5_RX_HUNT_EMPTY ret=-116 status=0x00000000 acq=3
DBG_ANCHOR_CH5_SCAN_RESCHED ret=1 delay=380
DBG_CH9_SKIP_STALE n=1 now=144221 next=144281 cnt=325742895 reason=rx-select
DBG_CH9_RX_SLOT idx=0 cnt=325742895 now=144221 start=144281 end=144401
DBG_CH9_EVENT_STATE state=granted peer=0x191a9619c6c8cb07 start=144281 end=144401 reason=rx-slot
DBG_CH9_RX_START idx=0 now=144221 start=144281 end=144401 tail=60
DBG_CH9_RX_CONFIG_OK
DBG_CH9_RX_EARLY_ARM now=144240 start=144281 guard=60
DBG_CH9_RX_ARMED now=144240 start=144281 end=144401 deadline=144461
DBG_ANCHOR_CH5_SCAN_HANDLER role=2
DBG_ANCHOR_CH5_SCAN_BLOCKED win=0 survey=0 tx=0 retry_gap=0 wait=0 rx=0 rxq=0 rxr=0 ack=0 ch9=0 rf=1 retry=20 interval=380
DBG_ANCHOR_CH5_SCAN_RESCHED ret=1 delay=20
DBG_ANCHOR_CH5_SCAN_HANDLER role=2
DBG_ANCHOR_CH5_SCAN_BLOCKED win=0 survey=0 tx=0 retry_gap=0 wait=0 rx=0 rxq=0 rxr=0 ack=0 ch9=0 rf=1 retry=20 interval=380
DBG_ANCHOR_CH5_SCAN_RESCHED ret=1 delay=20
DBG_DWM_KEEP_IDLE reason=ch9-rx ch9=1 ack=0 qack=0 ret=0
DBG_CH9_RX_EMPTY
DBG_CH9_RX_TIMEOUT
DBG_CH9_RX_MISS frames=0 now=144463 start=144281 end=144401 fail=0
DBG_CH9_EVENT_STATE state=window_expired peer=0x191a9619c6c8cb07 start=144281 end=144401 reason=rx-slot
DBG_ANCHOR_CH5_SCAN_HANDLER role=2
DBG_ANCHOR_CH5_SCAN_ARM now=144470 win=20 complete=15 interval=380 wait=0 tx=0
DBG_DWM_CH5_RX_HUNT_START acq=20 complete=15 cap=1021
DBG_DWM_CH5_RX_HUNT_EMPTY ret=-116 status=0x00000000 acq=20
DBG_ANCHOR_CH5_SCAN_DONE ret=-116 len=0 fail=1 pre=0 q=0 rx_us=21148 complete=15
DBG_ANCHOR_CH5_POST_CH9_RECOVERY_SCAN win=20 ret=-116 pre=0
DBG_ANCHOR_CH5_SCAN_RESCHED ret=1 delay=380
DBG_ANCHOR_CH5_SCAN_HANDLER role=2
DBG_DWM_CH5_RX_HUNT_START acq=3 complete=15 cap=1021
DBG_DWM_CH5_RX_HUNT_EMPTY ret=-116 status=0x00000000 acq=3
DBG_ANCHOR_CH5_SCAN_RESCHED ret=1 delay=380
DBG_ANCHOR_CH5_SCAN_HANDLER role=2
DBG_DWM_CH5_RX_HUNT_START acq=3 complete=15 cap=1021
DBG_DWM_CH5_RX_HUNT_EMPTY ret=-116 status=0x00000000 acq=3
DBG_ANCHOR_CH5_SCAN_RESCHED ret=1 delay=380
DBG_CH9_SKIP_STALE n=1 now=145501 next=145561 cnt=325742897 reason=rx-select
DBG_CH9_RX_SLOT idx=0 cnt=325742897 now=145501 start=145561 end=145681
DBG_CH9_EVENT_STATE state=granted peer=0x191a9619c6c8cb07 start=145561 end=145681 reason=rx-slot
DBG_CH9_RX_START idx=0 now=145501 start=145561 end=145681 tail=60
DBG_CH9_RX_CONFIG_OK
DBG_CH9_RX_EARLY_ARM now=145520 start=145561 guard=60
DBG_CH9_RX_ARMED now=145520 start=145561 end=145681 deadline=145741
DBG_ANCHOR_CH5_SCAN_HANDLER role=2
DBG_ANCHOR_CH5_SCAN_BLOCKED win=0 survey=0 tx=0 retry_gap=0 wait=0 rx=0 rxq=0 rxr=0 ack=0 ch9=0 rf=1 retry=20 interval=380
DBG_ANCHOR_CH5_SCAN_RESCHED ret=1 delay=20
DBG_ANCHOR_CH5_SCAN_HANDLER role=2
DBG_ANCHOR_CH5_SCAN_BLOCKED win=0 survey=0 tx=0 retry_gap=0 wait=0 rx=0 rxq=0 rxr=0 ack=0 ch9=0 rf=1 retry=20 interval=380
DBG_ANCHOR_CH5_SCAN_RESCHED ret=1 delay=20
DBG_DWM_KEEP_IDLE reason=ch9-rx ch9=1 ack=0 qack=0 ret=0
DBG_CH9_RX_EMPTY
DBG_CH9_RX_TIMEOUT
DBG_CH9_RX_MISS frames=0 now=145742 start=145561 end=145681 fail=0
DBG_CH9_EVENT_STATE state=window_expired peer=0x191a9619c6c8cb07 start=145561 end=145681 reason=rx-slot
DBG_ANCHOR_CH5_SCAN_HANDLER role=2
DBG_ANCHOR_CH5_SCAN_ARM now=145750 win=20 complete=15 interval=380 wait=0 tx=0
DBG_DWM_CH5_RX_HUNT_START acq=20 complete=15 cap=1021
DBG_DWM_CH5_RX_HUNT_EMPTY ret=-116 status=0x00000000 acq=20
DBG_ANCHOR_CH5_SCAN_DONE ret=-116 len=0 fail=1 pre=0 q=0 rx_us=20202 complete=15
DBG_ANCHOR_CH5_POST_CH9_RECOVERY_SCAN win=20 ret=-116 pre=0
DBG_ANCHOR_CH5_SCAN_RESCHED ret=1 delay=380
DBG_ANCHOR_CH5_SCAN_HANDLER role=2
DBG_DWM_CH5_RX_HUNT_START acq=3 complete=15 cap=1021
DBG_DWM_CH5_RX_HUNT_EMPTY ret=-116 status=0x00000000 acq=3
DBG_ANCHOR_CH5_SCAN_RESCHED ret=1 delay=380
DBG_ANCHOR_CH5_SCAN_HANDLER role=2
DBG_DWM_CH5_RX_HUNT_START acq=3 complete=15 cap=1021
DBG_DWM_CH5_RX_HUNT_EMPTY ret=-116 status=0x00000000 acq=3
DBG_ANCHOR_CH5_SCAN_RESCHED ret=1 delay=380
DBG_CH9_SKIP_STALE n=1 now=146781 next=146841 cnt=325742899 reason=rx-select
DBG_CH9_RX_SLOT idx=0 cnt=325742899 now=146781 start=146841 end=146961
DBG_CH9_EVENT_STATE state=granted peer=0x191a9619c6c8cb07 start=146841 end=146961 reason=rx-slot
DBG_CH9_RX_START idx=0 now=146781 start=146841 end=146961 tail=60
DBG_CH9_RX_CONFIG_OK
DBG_CH9_RX_EARLY_ARM now=146800 start=146841 guard=60
DBG_CH9_RX_ARMED now=146800 start=146841 end=146961 deadline=147021
DBG_ANCHOR_CH5_SCAN_HANDLER role=2
DBG_ANCHOR_CH5_SCAN_BLOCKED win=0 survey=0 tx=0 retry_gap=0 wait=0 rx=0 rxq=0 rxr=0 ack=0 ch9=0 rf=1 retry=20 interval=380
DBG_ANCHOR_CH5_SCAN_RESCHED ret=1 delay=20
DBG_ANCHOR_CH5_SCAN_HANDLER role=2
DBG_ANCHOR_CH5_SCAN_BLOCKED win=0 survey=0 tx=0 retry_gap=0 wait=0 rx=0 rxq=0 rxr=0 ack=0 ch9=0 rf=1 retry=20 interval=380
DBG_ANCHOR_CH5_SCAN_RESCHED ret=1 delay=20
DBG_DWM_KEEP_IDLE reason=ch9-rx ch9=1 ack=0 qack=0 ret=0
DBG_CH9_RX_EMPTY
DBG_CH9_RX_TIMEOUT
DBG_CH9_RX_MISS frames=0 now=147023 start=146841 end=146961 fail=0
DBG_CH9_EVENT_STATE state=window_expired peer=0x191a9619c6c8cb07 start=146841 end=146961 reason=rx-slot
DBG_ANCHOR_CH5_SCAN_HANDLER role=2
DBG_ANCHOR_CH5_SCAN_ARM now=147028 win=20 complete=15 interval=380 wait=0 tx=0
DBG_DWM_CH5_RX_HUNT_START acq=20 complete=15 cap=1021
DBG_DWM_CH5_RX_HUNT_EMPTY ret=-116 status=0x00000000 acq=20
DBG_ANCHOR_CH5_SCAN_DONE ret=-116 len=0 fail=1 pre=0 q=0 rx_us=21209 complete=15
DBG_ANCHOR_CH5_POST_CH9_RECOVERY_SCAN win=20 ret=-116 pre=0
DBG_ANCHOR_CH5_SCAN_RESCHED ret=1 delay=380
DBG_ANCHOR_CH5_SCAN_HANDLER role=2
DBG_DWM_CH5_RX_HUNT_START acq=3 complete=15 cap=1021
DBG_DWM_CH5_RX_HUNT_EMPTY ret=-116 status=0x00000000 acq=3
DBG_ANCHOR_CH5_SCAN_RESCHED ret=1 delay=380
DBG_ANCHOR_CH5_SCAN_HANDLER role=2
DBG_DWM_CH5_RX_HUNT_START acq=3 complete=15 cap=1021
DBG_DWM_CH5_RX_HUNT_EMPTY ret=-116 status=0x00000000 acq=3
DBG_ANCHOR_CH5_SCAN_RESCHED ret=1 delay=380
DBG_CH9_SKIP_STALE n=1 now=148061 next=148121 cnt=325742901 reason=rx-select
DBG_CH9_RX_SLOT idx=0 cnt=325742901 now=148061 start=148121 end=148241
DBG_CH9_EVENT_STATE state=granted peer=0x191a9619c6c8cb07 start=148121 end=148241 reason=rx-slot
DBG_CH9_RX_START idx=0 now=148061 start=148121 end=148241 tail=60
DBG_CH9_RX_CONFIG_OK
DBG_CH9_RX_EARLY_ARM now=148080 start=148121 guard=60
DBG_CH9_RX_ARMED now=148080 start=148121 end=148241 deadline=148301
DBG_ANCHOR_CH5_SCAN_HANDLER role=2
DBG_ANCHOR_CH5_SCAN_BLOCKED win=0 survey=0 tx=0 retry_gap=0 wait=0 rx=0 rxq=0 rxr=0 ack=0 ch9=0 rf=1 retry=20 interval=380
DBG_ANCHOR_CH5_SCAN_RESCHED ret=1 delay=20
DBG_ANCHOR_CH5_SCAN_HANDLER role=2
DBG_ANCHOR_CH5_SCAN_BLOCKED win=0 survey=0 tx=0 retry_gap=0 wait=0 rx=0 rxq=0 rxr=0 ack=0 ch9=0 rf=1 retry=20 interval=380
DBG_ANCHOR_CH5_SCAN_RESCHED ret=1 delay=20
DBG_DWM_KEEP_IDLE reason=ch9-rx ch9=1 ack=0 qack=0 ret=0
DBG_CH9_RX_EMPTY
DBG_CH9_RX_TIMEOUT
DBG_CH9_RX_MISS frames=0 now=148303 start=148121 end=148241 fail=0
DBG_CH9_EVENT_STATE state=window_expired peer=0x191a9619c6c8cb07 start=148121 end=148241 reason=rx-slot
DBG_ANCHOR_CH5_SCAN_HANDLER role=2
DBG_ANCHOR_CH5_SCAN_ARM now=148307 win=20 complete=15 interval=380 wait=0 tx=0
DBG_DWM_CH5_RX_HUNT_START acq=20 complete=15 cap=1021
DBG_DWM_CH5_RX_HUNT_EMPTY ret=-116 status=0x00000000 acq=20
DBG_ANCHOR_CH5_SCAN_DONE ret=-116 len=0 fail=1 pre=0 q=0 rx_us=20751 complete=15
DBG_ANCHOR_CH5_POST_CH9_RECOVERY_SCAN win=20 ret=-116 pre=0
DBG_ANCHOR_CH5_SCAN_RESCHED ret=1 delay=380
DBG_ANCHOR_CH5_SCAN_HANDLER role=2
DBG_DWM_CH5_RX_HUNT_START acq=3 complete=15 cap=1021
DBG_DWM_CH5_RX_HUNT_EMPTY ret=-116 status=0x00000000 acq=3
DBG_ANCHOR_CH5_SCAN_RESCHED ret=1 delay=380
DBG_ANCHOR_CH5_SCAN_HANDLER role=2
DBG_DWM_CH5_RX_HUNT_START acq=3 complete=15 cap=1021
DBG_DWM_CH5_RX_HUNT_EMPTY ret=-116 status=0x00000000 acq=3
DBG_ANCHOR_CH5_SCAN_RESCHED ret=1 delay=380
DBG_CH9_SKIP_STALE n=1 now=149341 next=149401 cnt=325742903 reason=rx-select
DBG_CH9_RX_SLOT idx=0 cnt=325742903 now=149341 start=149401 end=149521
DBG_CH9_EVENT_STATE state=granted peer=0x191a9619c6c8cb07 start=149401 end=149521 reason=rx-slot
DBG_CH9_RX_START idx=0 now=149342 start=149401 end=149521 tail=60
DBG_CH9_RX_CONFIG_OK
DBG_CH9_RX_EARLY_ARM now=149360 start=149401 guard=60
DBG_CH9_RX_ARMED now=149360 start=149401 end=149521 deadline=149581
DBG_ANCHOR_CH5_SCAN_HANDLER role=2
DBG_ANCHOR_CH5_SCAN_BLOCKED win=0 survey=0 tx=0 retry_gap=0 wait=0 rx=0 rxq=0 rxr=0 ack=0 ch9=0 rf=1 retry=20 interval=380
DBG_ANCHOR_CH5_SCAN_RESCHED ret=1 delay=20
DBG_ANCHOR_CH5_SCAN_HANDLER role=2
DBG_ANCHOR_CH5_SCAN_BLOCKED win=0 survey=0 tx=0 retry_gap=0 wait=0 rx=0 rxq=0 rxr=0 ack=0 ch9=0 rf=1 retry=20 interval=380
DBG_ANCHOR_CH5_SCAN_RESCHED ret=1 delay=20
DBG_DWM_KEEP_IDLE reason=ch9-rx ch9=1 ack=0 qack=0 ret=0
DBG_CH9_RX_EMPTY
DBG_CH9_RX_TIMEOUT
DBG_CH9_RX_MISS frames=0 now=149582 start=149401 end=149521 fail=0
DBG_CH9_EVENT_STATE state=window_expired peer=0x191a9619c6c8cb07 start=149401 end=149521 reason=rx-slot
DBG_ANCHOR_CH5_SCAN_HANDLER role=2
DBG_ANCHOR_CH5_SCAN_ARM now=149587 win=20 complete=15 interval=380 wait=0 tx=0
DBG_DWM_CH5_RX_HUNT_START acq=20 complete=15 cap=1021
DBG_DWM_CH5_RX_HUNT_EMPTY ret=-116 status=0x00000000 acq=20
DBG_ANCHOR_CH5_SCAN_DONE ret=-116 len=0 fail=1 pre=0 q=0 rx_us=21148 complete=15
DBG_ANCHOR_CH5_POST_CH9_RECOVERY_SCAN win=20 ret=-116 pre=0
DBG_ANCHOR_CH5_SCAN_RESCHED ret=1 delay=380
DBG_ANCHOR_CH5_SCAN_HANDLER role=2
DBG_DWM_CH5_RX_HUNT_START acq=3 complete=15 cap=1021
DBG_DWM_CH5_RX_HUNT_EMPTY ret=-116 status=0x00000000 acq=3
DBG_ANCHOR_CH5_SCAN_RESCHED ret=1 delay=380
DBG_ANCHOR_CH5_SCAN_HANDLER role=2
DBG_DWM_CH5_RX_HUNT_START acq=3 complete=15 cap=1021
DBG_DWM_CH5_RX_HUNT_EMPTY ret=-116 status=0x00000000 acq=3
DBG_ANCHOR_CH5_SCAN_RESCHED ret=1 delay=380
DBG_CH9_SKIP_STALE n=1 now=150621 next=150681 cnt=325742905 reason=rx-select
DBG_CH9_RX_SLOT idx=0 cnt=325742905 now=150621 start=150681 end=150801
DBG_CH9_EVENT_STATE state=granted peer=0x191a9619c6c8cb07 start=150681 end=150801 reason=rx-slot
DBG_CH9_RX_START idx=0 now=150621 start=150681 end=150801 tail=60
DBG_CH9_RX_CONFIG_OK
DBG_CH9_RX_EARLY_ARM now=150640 start=150681 guard=60
DBG_CH9_RX_ARMED now=150640 start=150681 end=150801 deadline=150861
DBG_ANCHOR_CH5_SCAN_HANDLER role=2
DBG_ANCHOR_CH5_SCAN_BLOCKED win=0 survey=0 tx=0 retry_gap=0 wait=0 rx=0 rxq=0 rxr=0 ack=0 ch9=0 rf=1 retry=20 interval=380
DBG_ANCHOR_CH5_SCAN_RESCHED ret=1 delay=20
DBG_ANCHOR_CH5_SCAN_HANDLER role=2
DBG_ANCHOR_CH5_SCAN_BLOCKED win=0 survey=0 tx=0 retry_gap=0 wait=0 rx=0 rxq=0 rxr=0 ack=0 ch9=0 rf=1 retry=20 interval=380
DBG_ANCHOR_CH5_SCAN_RESCHED ret=1 delay=20
DBG_DWM_KEEP_IDLE reason=ch9-rx ch9=1 ack=0 qack=0 ret=0
DBG_CH9_RX_EMPTY
DBG_CH9_RX_TIMEOUT
DBG_CH9_RX_MISS frames=0 now=150863 start=150681 end=150801 fail=0
DBG_CH9_EVENT_STATE state=window_expired peer=0x191a9619c6c8cb07 start=150681 end=150801 reason=rx-slot
DBG_ANCHOR_CH5_SCAN_HANDLER role=2
DBG_ANCHOR_CH5_SCAN_ARM now=150867 win=20 complete=15 interval=380 wait=0 tx=0
DBG_DWM_CH5_RX_HUNT_START acq=20 complete=15 cap=1021
DBG_DWM_CH5_RX_HUNT_EMPTY ret=-116 status=0x00000000 acq=20
DBG_ANCHOR_CH5_SCAN_DONE ret=-116 len=0 fail=1 pre=0 q=0 rx_us=20202 complete=15
DBG_ANCHOR_CH5_POST_CH9_RECOVERY_SCAN win=20 ret=-116 pre=0
DBG_ANCHOR_CH5_SCAN_RESCHED ret=1 delay=380
DBG_ANCHOR_CH5_SCAN_HANDLER role=2
DBG_DWM_CH5_RX_HUNT_START acq=3 complete=15 cap=1021
DBG_DWM_CH5_RX_HUNT_EMPTY ret=-116 status=0x00000000 acq=3
DBG_ANCHOR_CH5_SCAN_RESCHED ret=1 delay=380
DBG_ANCHOR_CH5_SCAN_HANDLER role=2
DBG_DWM_CH5_RX_HUNT_START acq=3 complete=15 cap=1021
DBG_DWM_CH5_RX_HUNT_EMPTY ret=-116 status=0x00000000 acq=3
DBG_ANCHOR_CH5_SCAN_RESCHED ret=1 delay=380
DBG_CH9_SKIP_STALE n=1 now=151901 next=151961 cnt=325742907 reason=rx-select
DBG_CH9_RX_SLOT idx=0 cnt=325742907 now=151901 start=151961 end=152081
DBG_CH9_EVENT_STATE state=granted peer=0x191a9619c6c8cb07 start=151961 end=152081 reason=rx-slot
DBG_CH9_RX_START idx=0 now=151901 start=151961 end=152081 tail=60
DBG_CH9_RX_CONFIG_OK
DBG_CH9_RX_EARLY_ARM now=151920 start=151961 guard=60
DBG_CH9_RX_ARMED now=151920 start=151961 end=152081 deadline=152141
DBG_ANCHOR_CH5_SCAN_HANDLER role=2
DBG_ANCHOR_CH5_SCAN_BLOCKED win=0 survey=0 tx=0 retry_gap=0 wait=0 rx=0 rxq=0 rxr=0 ack=0 ch9=0 rf=1 retry=20 interval=380
DBG_ANCHOR_CH5_SCAN_RESCHED ret=1 delay=20
DBG_ANCHOR_CH5_SCAN_HANDLER role=2
DBG_ANCHOR_CH5_SCAN_BLOCKED win=0 survey=0 tx=0 retry_gap=0 wait=0 rx=0 rxq=0 rxr=0 ack=0 ch9=0 rf=1 retry=20 interval=380
DBG_ANCHOR_CH5_SCAN_RESCHED ret=1 delay=20
DBG_DWM_KEEP_IDLE reason=ch9-rx ch9=1 ack=0 qack=0 ret=0
DBG_CH9_RX_EMPTY
DBG_CH9_RX_TIMEOUT
DBG_CH9_RX_MISS frames=0 now=152143 start=151961 end=152081 fail=0
DBG_CH9_EVENT_STATE state=window_expired peer=0x191a9619c6c8cb07 start=151961 end=152081 reason=rx-slot
DBG_ANCHOR_CH5_SCAN_HANDLER role=2
DBG_ANCHOR_CH5_SCAN_ARM now=152145 win=20 complete=15 interval=380 wait=0 tx=0
DBG_DWM_CH5_RX_HUNT_START acq=20 complete=15 cap=1021
DBG_DWM_CH5_RX_HUNT_EMPTY ret=-116 status=0x00000000 acq=20
DBG_ANCHOR_CH5_SCAN_DONE ret=-116 len=0 fail=1 pre=0 q=0 rx_us=20629 complete=15
DBG_ANCHOR_CH5_POST_CH9_RECOVERY_SCAN win=20 ret=-116 pre=0
DBG_ANCHOR_CH5_SCAN_RESCHED ret=1 delay=380
DBG_ANCHOR_CH5_SCAN_HANDLER role=2
DBG_DWM_CH5_RX_HUNT_START acq=3 complete=15 cap=1021
DBG_DWM_CH5_RX_HUNT_EMPTY ret=-116 status=0x00000000 acq=3
DBG_ANCHOR_CH5_SCAN_RESCHED ret=1 delay=380
DBG_ANCHOR_CH5_SCAN_HANDLER role=2
DBG_DWM_CH5_RX_HUNT_START acq=3 complete=15 cap=1021
DBG_DWM_CH5_RX_HUNT_EMPTY ret=-116 status=0x00000000 acq=3
DBG_ANCHOR_CH5_SCAN_RESCHED ret=1 delay=380
DBG_CH9_SKIP_STALE n=1 now=153181 next=153241 cnt=325742909 reason=rx-select
DBG_CH9_RX_SLOT idx=0 cnt=325742909 now=153181 start=153241 end=153361
DBG_CH9_EVENT_STATE state=granted peer=0x191a9619c6c8cb07 start=153241 end=153361 reason=rx-slot
DBG_CH9_RX_START idx=0 now=153181 start=153241 end=153361 tail=60
DBG_CH9_RX_CONFIG_OK
DBG_CH9_RX_EARLY_ARM now=153200 start=153241 guard=60
DBG_CH9_RX_ARMED now=153200 start=153241 end=153361 deadline=153421
DBG_ANCHOR_CH5_SCAN_HANDLER role=2
DBG_ANCHOR_CH5_SCAN_BLOCKED win=0 survey=0 tx=0 retry_gap=0 wait=0 rx=0 rxq=0 rxr=0 ack=0 ch9=0 rf=1 retry=20 interval=380
DBG_ANCHOR_CH5_SCAN_RESCHED ret=1 delay=20
DBG_ANCHOR_CH5_SCAN_HANDLER role=2
DBG_ANCHOR_CH5_SCAN_BLOCKED win=0 survey=0 tx=0 retry_gap=0 wait=0 rx=0 rxq=0 rxr=0 ack=0 ch9=0 rf=1 retry=20 interval=380
DBG_ANCHOR_CH5_SCAN_RESCHED ret=1 delay=20
DBG_DWM_KEEP_IDLE reason=ch9-rx ch9=1 ack=0 qack=0 ret=0
DBG_CH9_RX_EMPTY
DBG_CH9_RX_TIMEOUT
DBG_CH9_RX_MISS frames=0 now=153423 start=153241 end=153361 fail=0
DBG_CH9_EVENT_STATE state=window_expired peer=0x191a9619c6c8cb07 start=153241 end=153361 reason=rx-slot
DBG_ANCHOR_CH5_SCAN_HANDLER role=2
DBG_ANCHOR_CH5_SCAN_ARM now=153424 win=20 complete=15 interval=380 wait=0 tx=0
DBG_DWM_CH5_RX_HUNT_START acq=20 complete=15 cap=1021
DBG_DWM_CH5_RX_HUNT_EMPTY ret=-116 status=0x00000000 acq=20
DBG_ANCHOR_CH5_SCAN_DONE ret=-116 len=0 fail=1 pre=0 q=0 rx_us=21118 complete=15
DBG_ANCHOR_CH5_POST_CH9_RECOVERY_SCAN win=20 ret=-116 pre=0
DBG_ANCHOR_CH5_SCAN_RESCHED ret=1 delay=380
DBG_ANCHOR_CH5_SCAN_HANDLER role=2
DBG_DWM_CH5_RX_HUNT_START acq=3 complete=15 cap=1021
DBG_DWM_CH5_RX_ACTIVITY_EXTEND ret=0 status=0x00000100 complete=15
DBG_DWM_CH5_RX_ACTIVITY_WAIT status=0x00000100 remain=15
DBG_DWM_CH5_RX_ACTIVITY_DONE raw=51 payload=49 status=0x00006f00 rearm=0 extended=1
DBG_ANCHOR_CH5_SCAN_DONE ret=0 len=49 fail=0 pre=1 q=100 rx_us=3845 complete=15
DBG_UWB_RX_CH5
DBG_ANCHOR_CH5_FRAME len=49 q=100 wake_ret=0
DBG_ANCHOR_ROUTE_WAKE_DISPATCH src=0x708bc0aab970300e evt=151839 attempt=1 flags=0x92 len=49 q=100
DBG_C5_CONTACT phase=open state=2 peer=0x708bc0aab970300e purpose=route_solicit reason=wake-claim
DBG_C5_CONTACT phase=accepted state=2 peer=0x708bc0aab970300e purpose=route_solicit reason=wake-claim
DBG_ANCHOR_ROUTE_WAKE_HANDOFF src=0x708bc0aab970300e evt=151839 attempt=1 flags=0x92 embedded=0 listen=1303
DBG_C5_CONTACT phase=exchange state=3 peer=0x708bc0aab970300e purpose=route_solicit reason=anchor-route-wake-followup
DBG_ROUTE_REPLY_LISTEN_START
DBG_DWM_WAKE_MESH_CTRL_OK sfd=4073
DBG_ROUTE_REPLY_LISTEN_CONFIG ret=0 ext=1
DBG_DWM_CH5_RX_HUNT_START acq=61 complete=15 cap=1021
DBG_DWM_CH5_RX_ACTIVITY_EXTEND ret=0 status=0x00000100 complete=15
DBG_DWM_CH5_RX_ACTIVITY_WAIT status=0x00000100 remain=15
DBG_DWM_CH5_RX_ACTIVITY_DONE raw=51 payload=49 status=0x00006f00 rearm=0 extended=1
DBG_DWM_WAKE_MESH_CTRL_OK sfd=4073
DBG_ROUTE_REPLY_CLICK_PROBE_DONE duration_ms=43 outcome=restore ret=0
DBG_C5_RX_FAIL status=0x00001300 finfo=0x00000000 fail=4 phy=4 ch=5 plen=3 pac=2 txc=9 rxc=9 sfd=2 rate=0 phr=1 phrr=0 sfdto=4
DBG_DWM_CH5_RX_HUNT_START acq=61 complete=15 cap=1021
DBG_DWM_CH5_RX_ACTIVITY_EXTEND ret=0 status=0x00000100 complete=15
DBG_DWM_CH5_RX_ACTIVITY_WAIT status=0x00000100 remain=15
DBG_DWM_CH5_RX_ACTIVITY_DONE raw=51 payload=49 status=0x00006f00 rearm=0 extended=1
DBG_DWM_WAKE_MESH_CTRL_OK sfd=4073
DBG_ROUTE_REPLY_CLICK_PROBE_DONE duration_ms=44 outcome=restore ret=0
DBG_DWM_CH5_RX_HUNT_START acq=61 complete=15 cap=1021
DBG_DWM_CH5_RX_ACTIVITY_EXTEND ret=0 status=0x00000100 complete=15
DBG_DWM_CH5_RX_ACTIVITY_WAIT status=0x00000100 remain=15
DBG_DWM_CH5_RX_ACTIVITY_DONE raw=51 payload=49 status=0x00006f00 rearm=0 extended=1
DBG_DWM_WAKE_MESH_CTRL_OK sfd=4073
DBG_ROUTE_REPLY_CLICK_PROBE_DONE duration_ms=43 outcome=restore ret=0
DBG_ROUTE_REPLY_RX_FRAME
DBG_ROUTE_REPLY_DECODE_FAIL ret=-8 len=113 q=100
DBG_ROUTE_REPLY_LISTEN_DONE captured=0 ret=-116
DBG_C5_CONTACT phase=closing state=4 peer=0x708bc0aab970300e purpose=route_solicit reason=reply-listen-timeout
DBG_ANCHOR_ROUTE_WAKE_HANDOFF_DONE src=0x708bc0aab970300e embedded=0 ret=-116 pending=0
DBG_ANCHOR_ROUTE_WAKE_DISPATCH_DONE handled=1 len=49 q=100
DBG_ANCHOR_CH5_SCAN_RESCHED ret=1 delay=380
DBG_CH9_SKIP_STALE n=2 now=155194 next=155161 cnt=325742912 reason=rx-select
DBG_CH5_GAP_SCAN now=155195 win=100 next_delay=546
DBG_CH5_GAP_SCAN_DONE frames=0 last_error=0 now=155296 deadline=155295 click=0
DBG_DWM_KEEP_IDLE reason=mesh-rx ch9=1 ack=0 qack=0 ret=0
DBG_CH5_GAP_SCAN now=155297 win=100 next_delay=444
DBG_CH5_GAP_SCAN_DONE frames=0 last_error=0 now=155398 deadline=155397 click=0
DBG_DWM_KEEP_IDLE reason=mesh-rx ch9=1 ack=0 qack=0 ret=0
DBG_CH9_SKIP_STALE n=1 now=155399 next=155801 cnt=325742913 reason=rx-delay
DBG_CH5_GAP_SCAN now=155399 win=100 next_delay=342
DBG_CH5_GAP_SCAN_DONE frames=0 last_error=0 now=155499 deadline=155499 click=0
DBG_DWM_KEEP_IDLE reason=mesh-rx ch9=1 ack=0 qack=0 ret=0
DBG_CH5_GAP_SCAN now=155500 win=100 next_delay=241
DBG_ANCHOR_CH5_SCAN_HANDLER role=2
DBG_ANCHOR_CH5_SCAN_BLOCKED win=0 survey=0 tx=0 retry_gap=0 wait=0 rx=0 rxq=0 rxr=0 ack=0 ch9=0 rf=1 retry=20 interval=380
DBG_ANCHOR_CH5_SCAN_RESCHED ret=1 delay=20
DBG_CH5_GAP_SCAN_DONE frames=0 last_error=0 now=155600 deadline=155600 click=0
DBG_DWM_KEEP_IDLE reason=mesh-rx ch9=1 ack=0 qack=0 ret=0
DBG_CH5_GAP_SCAN now=155601 win=80 next_delay=140
DBG_ANCHOR_CH5_SCAN_HANDLER role=2
DBG_ANCHOR_CH5_SCAN_BLOCKED win=0 survey=0 tx=0 retry_gap=0 wait=0 rx=0 rxq=0 rxr=0 ack=0 ch9=0 rf=1 retry=20 interval=380
DBG_ANCHOR_CH5_SCAN_RESCHED ret=1 delay=20
DBG_ANCHOR_CH5_SCAN_HANDLER role=2
DBG_ANCHOR_CH5_SCAN_BLOCKED win=0 survey=0 tx=0 retry_gap=0 wait=0 rx=0 rxq=0 rxr=0 ack=0 ch9=0 rf=1 retry=20 interval=380
DBG_ANCHOR_CH5_SCAN_RESCHED ret=1 delay=20
DBG_ANCHOR_CH5_SCAN_HANDLER role=2
DBG_ANCHOR_CH5_SCAN_BLOCKED win=0 survey=0 tx=0 retry_gap=0 wait=0 rx=0 rxq=0 rxr=0 ack=0 ch9=0 rf=1 retry=20 interval=380
DBG_ANCHOR_CH5_SCAN_RESCHED ret=1 delay=20
DBG_ANCHOR_CH5_SCAN_HANDLER role=2
DBG_ANCHOR_CH5_SCAN_BLOCKED win=0 survey=0 tx=0 retry_gap=0 wait=0 rx=0 rxq=0 rxr=0 ack=0 ch9=0 rf=1 retry=20 interval=380
DBG_ANCHOR_CH5_SCAN_RESCHED ret=1 delay=20
DBG_DWM_KEEP_IDLE reason=mesh-rx ch9=1 ack=0 qack=0 ret=0
DBG_ANCHOR_CH5_SCAN_HANDLER role=2
DBG_ANCHOR_CH9_REARM delay=41 ret=1 ack=0
DBG_ANCHOR_CH5_SCAN_BLOCKED win=0 survey=0 tx=0 retry_gap=0 wait=0 rx=0 rxq=0 rxr=0 ack=0 ch9=1 rf=0 retry=286 interval=380
DBG_ANCHOR_CH5_SCAN_RESCHED ret=1 delay=286
DBG_CH9_RX_SLOT idx=0 cnt=325742913 now=155741 start=155801 end=155921
DBG_CH9_EVENT_STATE state=granted peer=0x191a9619c6c8cb07 start=155801 end=155921 reason=rx-slot
DBG_CH9_RX_START idx=0 now=155742 start=155801 end=155921 tail=60
DBG_CH9_RX_CONFIG_OK
DBG_CH9_RX_EARLY_ARM now=155761 start=155801 guard=60
DBG_CH9_RX_ARMED now=155761 start=155801 end=155921 deadline=155981
DBG_DWM_KEEP_IDLE reason=ch9-rx ch9=1 ack=0 qack=0 ret=0
DBG_CH9_RX_EMPTY
DBG_CH9_RX_TIMEOUT
DBG_CH9_RX_MISS frames=0 now=155983 start=155801 end=155921 fail=0
DBG_CH9_EVENT_STATE state=window_expired peer=0x191a9619c6c8cb07 start=155801 end=155921 reason=rx-slot
DBG_ANCHOR_CH5_SCAN_HANDLER role=2
DBG_ANCHOR_CH5_SCAN_ARM now=155987 win=20 complete=15 interval=380 wait=0 tx=0
DBG_DWM_CH5_RX_HUNT_START acq=20 complete=15 cap=1021
DBG_DWM_CH5_RX_HUNT_EMPTY ret=-116 status=0x00000000 acq=20
DBG_ANCHOR_CH5_SCAN_DONE ret=-116 len=0 fail=1 pre=0 q=0 rx_us=21148 complete=15
DBG_ANCHOR_CH5_POST_CH9_RECOVERY_SCAN win=20 ret=-116 pre=0
DBG_ANCHOR_CH5_SCAN_RESCHED ret=1 delay=380
DBG_ANCHOR_CH5_SCAN_HANDLER role=2
DBG_DWM_CH5_RX_HUNT_START acq=3 complete=15 cap=1021
DBG_DWM_CH5_RX_HUNT_EMPTY ret=-116 status=0x00000000 acq=3
DBG_ANCHOR_CH5_SCAN_RESCHED ret=1 delay=380
DBG_ANCHOR_CH5_SCAN_HANDLER role=2
DBG_DWM_CH5_RX_HUNT_START acq=3 complete=15 cap=1021
DBG_DWM_CH5_RX_HUNT_EMPTY ret=-116 status=0x00000000 acq=3
DBG_ANCHOR_CH5_SCAN_RESCHED ret=1 delay=380
DBG_CH9_SKIP_STALE n=1 now=157021 next=157081 cnt=325742915 reason=rx-select
DBG_CH9_RX_SLOT idx=0 cnt=325742915 now=157021 start=157081 end=157201
DBG_CH9_EVENT_STATE state=granted peer=0x191a9619c6c8cb07 start=157081 end=157201 reason=rx-slot
DBG_CH9_RX_START idx=0 now=157021 start=157081 end=157201 tail=60
DBG_CH9_RX_CONFIG_OK
DBG_CH9_RX_EARLY_ARM now=157040 start=157081 guard=60
DBG_CH9_RX_ARMED now=157040 start=157081 end=157201 deadline=157261
DBG_ANCHOR_CH5_SCAN_HANDLER role=2
DBG_ANCHOR_CH5_SCAN_BLOCKED win=0 survey=0 tx=0 retry_gap=0 wait=0 rx=0 rxq=0 rxr=0 ack=0 ch9=0 rf=1 retry=20 interval=380
DBG_ANCHOR_CH5_SCAN_RESCHED ret=1 delay=20
DBG_ANCHOR_CH5_SCAN_HANDLER role=2
DBG_ANCHOR_CH5_SCAN_BLOCKED win=0 survey=0 tx=0 retry_gap=0 wait=0 rx=0 rxq=0 rxr=0 ack=0 ch9=0 rf=1 retry=20 interval=380
DBG_ANCHOR_CH5_SCAN_RESCHED ret=1 delay=20
DBG_DWM_KEEP_IDLE reason=ch9-rx ch9=1 ack=0 qack=0 ret=0
DBG_CH9_RX_EMPTY
DBG_CH9_RX_TIMEOUT
DBG_CH9_RX_MISS frames=0 now=157263 start=157081 end=157201 fail=0
DBG_CH9_EVENT_STATE state=window_expired peer=0x191a9619c6c8cb07 start=157081 end=157201 reason=rx-slot
DBG_ANCHOR_CH5_SCAN_HANDLER role=2
DBG_ANCHOR_CH5_SCAN_ARM now=157266 win=20 complete=15 interval=380 wait=0 tx=0
DBG_DWM_CH5_RX_HUNT_START acq=20 complete=15 cap=1021
DBG_DWM_CH5_RX_HUNT_EMPTY ret=-116 status=0x00000000 acq=20
DBG_ANCHOR_CH5_SCAN_DONE ret=-116 len=0 fail=1 pre=0 q=0 rx_us=20172 complete=15
DBG_ANCHOR_CH5_POST_CH9_RECOVERY_SCAN win=20 ret=-116 pre=0
DBG_ANCHOR_CH5_SCAN_RESCHED ret=1 delay=380
DBG_ANCHOR_CH5_SCAN_HANDLER role=2
DBG_DWM_CH5_RX_HUNT_START acq=3 complete=15 cap=1021
DBG_DWM_CH5_RX_HUNT_EMPTY ret=-116 status=0x00000000 acq=3
DBG_ANCHOR_CH5_SCAN_RESCHED ret=1 delay=380
DBG_ANCHOR_CH5_SCAN_HANDLER role=2
DBG_DWM_CH5_RX_HUNT_START acq=3 complete=15 cap=1021
DBG_DWM_CH5_RX_HUNT_EMPTY ret=-116 status=0x00000000 acq=3
DBG_ANCHOR_CH5_SCAN_RESCHED ret=1 delay=380
DBG_CH9_SKIP_STALE n=1 now=158301 next=158361 cnt=325742917 reason=rx-select
DBG_CH9_RX_SLOT idx=0 cnt=325742917 now=158301 start=158361 end=158481
DBG_CH9_EVENT_STATE state=granted peer=0x191a9619c6c8cb07 start=158361 end=158481 reason=rx-slot
DBG_CH9_RX_START idx=0 now=158301 start=158361 end=158481 tail=60
DBG_CH9_RX_CONFIG_OK
DBG_CH9_RX_EARLY_ARM now=158320 start=158361 guard=60
DBG_CH9_RX_ARMED now=158320 start=158361 end=158481 deadline=158541
DBG_ANCHOR_CH5_SCAN_HANDLER role=2
DBG_ANCHOR_CH5_SCAN_BLOCKED win=0 survey=0 tx=0 retry_gap=0 wait=0 rx=0 rxq=0 rxr=0 ack=0 ch9=0 rf=1 retry=20 interval=380
DBG_ANCHOR_CH5_SCAN_RESCHED ret=1 delay=20
DBG_ANCHOR_CH5_SCAN_HANDLER role=2
DBG_ANCHOR_CH5_SCAN_BLOCKED win=0 survey=0 tx=0 retry_gap=0 wait=0 rx=0 rxq=0 rxr=0 ack=0 ch9=0 rf=1 retry=20 interval=380
DBG_ANCHOR_CH5_SCAN_RESCHED ret=1 delay=20
DBG_DWM_KEEP_IDLE reason=ch9-rx ch9=1 ack=0 qack=0 ret=0
DBG_CH9_RX_EMPTY
DBG_CH9_RX_TIMEOUT
DBG_CH9_RX_MISS frames=0 now=158542 start=158361 end=158481 fail=0
DBG_CH9_EVENT_STATE state=window_expired peer=0x191a9619c6c8cb07 start=158361 end=158481 reason=rx-slot
DBG_ANCHOR_CH5_SCAN_HANDLER role=2
DBG_ANCHOR_CH5_SCAN_ARM now=158545 win=20 complete=15 interval=380 wait=0 tx=0
DBG_DWM_CH5_RX_HUNT_START acq=20 complete=15 cap=1021
DBG_DWM_CH5_RX_HUNT_EMPTY ret=-116 status=0x00000000 acq=20
DBG_ANCHOR_CH5_SCAN_DONE ret=-116 len=0 fail=1 pre=0 q=0 rx_us=21118 complete=15
DBG_ANCHOR_CH5_POST_CH9_RECOVERY_SCAN win=20 ret=-116 pre=0
DBG_ANCHOR_CH5_SCAN_RESCHED ret=1 delay=380
DBG_ANCHOR_CH5_SCAN_HANDLER role=2
DBG_DWM_CH5_RX_HUNT_START acq=3 complete=15 cap=1021
DBG_DWM_CH5_RX_HUNT_EMPTY ret=-116 status=0x00000000 acq=3
DBG_ANCHOR_CH5_SCAN_RESCHED ret=1 delay=380
DBG_ANCHOR_CH5_SCAN_HANDLER role=2
DBG_DWM_CH5_RX_HUNT_START acq=3 complete=15 cap=1021
DBG_DWM_CH5_RX_HUNT_EMPTY ret=-116 status=0x00000000 acq=3
DBG_ANCHOR_CH5_SCAN_RESCHED ret=1 delay=380
DBG_CH9_SKIP_STALE n=1 now=159581 next=159641 cnt=325742919 reason=rx-select
DBG_CH9_RX_SLOT idx=0 cnt=325742919 now=159581 start=159641 end=159761
DBG_CH9_EVENT_STATE state=granted peer=0x191a9619c6c8cb07 start=159641 end=159761 reason=rx-slot
DBG_CH9_RX_START idx=0 now=159581 start=159641 end=159761 tail=60
DBG_CH9_RX_CONFIG_OK
DBG_CH9_RX_EARLY_ARM now=159600 start=159641 guard=60
DBG_CH9_RX_ARMED now=159600 start=159641 end=159761 deadline=159821
DBG_ANCHOR_CH5_SCAN_HANDLER role=2
DBG_ANCHOR_CH5_SCAN_BLOCKED win=0 survey=0 tx=0 retry_gap=0 wait=0 rx=0 rxq=0 rxr=0 ack=0 ch9=0 rf=1 retry=20 interval=380
DBG_ANCHOR_CH5_SCAN_RESCHED ret=1 delay=20
DBG_ANCHOR_CH5_SCAN_HANDLER role=2
DBG_ANCHOR_CH5_SCAN_BLOCKED win=0 survey=0 tx=0 retry_gap=0 wait=0 rx=0 rxq=0 rxr=0 ack=0 ch9=0 rf=1 retry=20 interval=380
DBG_ANCHOR_CH5_SCAN_RESCHED ret=1 delay=20
DBG_DWM_KEEP_IDLE reason=ch9-rx ch9=1 ack=0 qack=0 ret=0
DBG_CH9_RX_EMPTY
DBG_CH9_RX_TIMEOUT
DBG_CH9_RX_MISS frames=0 now=159823 start=159641 end=159761 fail=0
DBG_CH9_EVENT_STATE state=window_expired peer=0x191a9619c6c8cb07 start=159641 end=159761 reason=rx-slot
DBG_ANCHOR_CH5_SCAN_HANDLER role=2
DBG_ANCHOR_CH5_SCAN_ARM now=159825 win=20 complete=15 interval=380 wait=0 tx=0
DBG_DWM_CH5_RX_HUNT_START acq=20 complete=15 cap=1021
DBG_DWM_CH5_RX_HUNT_EMPTY ret=-116 status=0x00000000 acq=20
DBG_ANCHOR_CH5_SCAN_DONE ret=-116 len=0 fail=1 pre=0 q=0 rx_us=21148 complete=15
DBG_ANCHOR_CH5_POST_CH9_RECOVERY_SCAN win=20 ret=-116 pre=0
DBG_ANCHOR_CH5_SCAN_RESCHED ret=1 delay=380
DBG_ANCHOR_CH5_SCAN_HANDLER role=2
DBG_DWM_CH5_RX_HUNT_START acq=3 complete=15 cap=1021
DBG_DWM_CH5_RX_HUNT_EMPTY ret=-116 status=0x00000000 acq=3
DBG_ANCHOR_CH5_SCAN_RESCHED ret=1 delay=380
DBG_ANCHOR_CH5_SCAN_HANDLER role=2
DBG_DWM_CH5_RX_HUNT_START acq=3 complete=15 cap=1021
DBG_DWM_CH5_RX_HUNT_EMPTY ret=-116 status=0x00000000 acq=3
DBG_ANCHOR_CH5_SCAN_RESCHED ret=1 delay=380
DBG_CH9_SKIP_STALE n=1 now=160861 next=160921 cnt=325742921 reason=rx-select
DBG_CH9_RX_SLOT idx=0 cnt=325742921 now=160861 start=160921 end=161041
DBG_CH9_EVENT_STATE state=granted peer=0x191a9619c6c8cb07 start=160921 end=161041 reason=rx-slot
DBG_CH9_RX_START idx=0 now=160862 start=160921 end=161041 tail=60
DBG_CH9_RX_CONFIG_OK
DBG_CH9_RX_EARLY_ARM now=160880 start=160921 guard=60
DBG_CH9_RX_ARMED now=160880 start=160921 end=161041 deadline=161101
DBG_ANCHOR_CH5_SCAN_HANDLER role=2
DBG_ANCHOR_CH5_SCAN_BLOCKED win=0 survey=0 tx=0 retry_gap=0 wait=0 rx=0 rxq=0 rxr=0 ack=0 ch9=0 rf=1 retry=20 interval=380
DBG_ANCHOR_CH5_SCAN_RESCHED ret=1 delay=20
DBG_ANCHOR_CH5_SCAN_HANDLER role=2
DBG_ANCHOR_CH5_SCAN_BLOCKED win=0 survey=0 tx=0 retry_gap=0 wait=0 rx=0 rxq=0 rxr=0 ack=0 ch9=0 rf=1 retry=20 interval=380
DBG_ANCHOR_CH5_SCAN_RESCHED ret=1 delay=20
DBG_DWM_KEEP_IDLE reason=ch9-rx ch9=1 ack=0 qack=0 ret=0
DBG_CH9_RX_EMPTY
DBG_CH9_RX_TIMEOUT
DBG_CH9_RX_MISS frames=0 now=161103 start=160921 end=161041 fail=0
DBG_CH9_EVENT_STATE state=window_expired peer=0x191a9619c6c8cb07 start=160921 end=161041 reason=rx-slot
DBG_ANCHOR_CH5_SCAN_HANDLER role=2
DBG_ANCHOR_CH5_SCAN_ARM now=161103 win=20 complete=15 interval=380 wait=0 tx=0
DBG_DWM_CH5_RX_HUNT_START acq=20 complete=15 cap=1021
DBG_DWM_CH5_RX_HUNT_EMPTY ret=-116 status=0x00000000 acq=20
DBG_ANCHOR_CH5_SCAN_DONE ret=-116 len=0 fail=1 pre=0 q=0 rx_us=20263 complete=15
DBG_ANCHOR_CH5_POST_CH9_RECOVERY_SCAN win=20 ret=-116 pre=0
DBG_ANCHOR_CH5_SCAN_RESCHED ret=1 delay=380
DBG_ANCHOR_CH5_SCAN_HANDLER role=2
DBG_DWM_CH5_RX_HUNT_START acq=3 complete=15 cap=1021
DBG_DWM_CH5_RX_ACTIVITY_EXTEND ret=0 status=0x00000100 complete=15
DBG_DWM_CH5_RX_ACTIVITY_WAIT status=0x00000100 remain=14
DBG_DWM_CH5_RX_ACTIVITY_DONE raw=51 payload=49 status=0x00006f00 rearm=0 extended=1
DBG_ANCHOR_CH5_SCAN_DONE ret=0 len=49 fail=0 pre=1 q=100 rx_us=9368 complete=15
DBG_UWB_RX_CH5
DBG_ANCHOR_CH5_FRAME len=49 q=100 wake_ret=0
DBG_ANCHOR_ROUTE_WAKE_DISPATCH src=0x708bc0aab970300e evt=159500 attempt=1 flags=0x92 len=49 q=100
DBG_C5_CONTACT phase=open state=2 peer=0x708bc0aab970300e purpose=route_solicit reason=wake-claim
DBG_C5_CONTACT phase=accepted state=2 peer=0x708bc0aab970300e purpose=route_solicit reason=wake-claim
DBG_ANCHOR_ROUTE_WAKE_HANDOFF src=0x708bc0aab970300e evt=159500 attempt=1 flags=0x92 embedded=0 listen=1281
DBG_C5_CONTACT phase=exchange state=3 peer=0x708bc0aab970300e purpose=route_solicit reason=anchor-route-wake-followup
DBG_ROUTE_REPLY_LISTEN_START
DBG_DWM_WAKE_MESH_CTRL_OK sfd=4073
DBG_ROUTE_REPLY_LISTEN_CONFIG ret=0 ext=1
DBG_DWM_CH5_RX_HUNT_START acq=61 complete=15 cap=1021
DBG_DWM_CH5_RX_ACTIVITY_EXTEND ret=0 status=0x00000100 complete=15
DBG_DWM_CH5_RX_ACTIVITY_WAIT status=0x00000100 remain=15
DBG_DWM_CH5_RX_ACTIVITY_DONE raw=51 payload=49 status=0x00006f00 rearm=0 extended=1
DBG_DWM_WAKE_MESH_CTRL_OK sfd=4073
DBG_ROUTE_REPLY_CLICK_PROBE_DONE duration_ms=43 outcome=restore ret=0
DBG_C5_RX_FAIL status=0x00001700 finfo=0x00000000 fail=4 phy=4 ch=5 plen=3 pac=2 txc=9 rxc=9 sfd=2 rate=0 phr=1 phrr=0 sfdto=4
DBG_DWM_CH5_RX_HUNT_START acq=61 complete=15 cap=1021
DBG_DWM_CH5_RX_ACTIVITY_EXTEND ret=0 status=0x00000100 complete=15
DBG_DWM_CH5_RX_ACTIVITY_WAIT status=0x00000100 remain=15
DBG_DWM_CH5_RX_ACTIVITY_DONE raw=51 payload=49 status=0x00006f00 rearm=0 extended=1
DBG_DWM_WAKE_MESH_CTRL_OK sfd=4073
DBG_ROUTE_REPLY_CLICK_PROBE_DONE duration_ms=43 outcome=restore ret=0
DBG_DWM_CH5_RX_HUNT_START acq=61 complete=15 cap=1021
DBG_DWM_CH5_RX_HUNT_EMPTY ret=-116 status=0x00000000 acq=61
DBG_DWM_WAKE_MESH_CTRL_OK sfd=4073
DBG_ROUTE_REPLY_CLICK_PROBE_DONE duration_ms=100 outcome=restore ret=0
DBG_ROUTE_REPLY_RX_FRAME
DBG_ROUTE_REPLY_DECODE_FAIL ret=-8 len=113 q=100
DBG_ROUTE_REPLY_LISTEN_DONE captured=0 ret=-116
DBG_C5_CONTACT phase=closing state=4 peer=0x708bc0aab970300e purpose=route_solicit reason=reply-listen-timeout
DBG_ANCHOR_ROUTE_WAKE_HANDOFF_DONE src=0x708bc0aab970300e embedded=0 ret=-116 pending=0
DBG_ANCHOR_ROUTE_WAKE_DISPATCH_DONE handled=1 len=49 q=100
DBG_ANCHOR_CH5_SCAN_RESCHED ret=1 delay=380
DBG_CH9_SKIP_STALE n=2 now=162856 next=162841 cnt=325742924 reason=rx-select
DBG_CH5_GAP_SCAN now=162856 win=100 next_delay=565
DBG_CH5_GAP_SCAN_DONE frames=0 last_error=0 now=162957 deadline=162956 click=0
DBG_DWM_KEEP_IDLE reason=mesh-rx ch9=1 ack=0 qack=0 ret=0
DBG_CH5_GAP_SCAN now=162958 win=100 next_delay=463
DBG_CH5_GAP_SCAN_DONE frames=0 last_error=0 now=163059 deadline=163058 click=0
DBG_DWM_KEEP_IDLE reason=mesh-rx ch9=1 ack=0 qack=0 ret=0
DBG_CH9_SKIP_STALE n=1 now=163060 next=163481 cnt=325742925 reason=rx-delay
DBG_CH5_GAP_SCAN now=163060 win=100 next_delay=361
DBG_CH5_GAP_SCAN_DONE frames=0 last_error=0 now=163160 deadline=163160 click=0
DBG_DWM_KEEP_IDLE reason=mesh-rx ch9=1 ack=0 qack=0 ret=0
DBG_CH5_GAP_SCAN now=163161 win=100 next_delay=260
DBG_ANCHOR_CH5_SCAN_HANDLER role=2
DBG_ANCHOR_CH5_SCAN_BLOCKED win=0 survey=0 tx=0 retry_gap=0 wait=0 rx=0 rxq=0 rxr=0 ack=0 ch9=0 rf=1 retry=20 interval=380
DBG_ANCHOR_CH5_SCAN_RESCHED ret=1 delay=20
DBG_CH5_GAP_SCAN_DONE frames=0 last_error=0 now=163261 deadline=163261 click=0
DBG_DWM_KEEP_IDLE reason=mesh-rx ch9=1 ack=0 qack=0 ret=0
DBG_CH5_GAP_SCAN now=163262 win=99 next_delay=159
DBG_ANCHOR_CH5_SCAN_HANDLER role=2
DBG_ANCHOR_CH5_SCAN_BLOCKED win=0 survey=0 tx=0 retry_gap=0 wait=0 rx=0 rxq=0 rxr=0 ack=0 ch9=0 rf=1 retry=20 interval=380
DBG_ANCHOR_CH5_SCAN_RESCHED ret=1 delay=20
DBG_ANCHOR_CH5_SCAN_HANDLER role=2
DBG_ANCHOR_CH5_SCAN_BLOCKED win=0 survey=0 tx=0 retry_gap=0 wait=0 rx=0 rxq=0 rxr=0 ack=0 ch9=0 rf=1 retry=20 interval=380
DBG_ANCHOR_CH5_SCAN_RESCHED ret=1 delay=20
DBG_ANCHOR_CH5_SCAN_HANDLER role=2
DBG_ANCHOR_CH5_SCAN_BLOCKED win=0 survey=0 tx=0 retry_gap=0 wait=0 rx=0 rxq=0 rxr=0 ack=0 ch9=0 rf=1 retry=20 interval=380
DBG_ANCHOR_CH5_SCAN_RESCHED ret=1 delay=20
DBG_ANCHOR_CH5_SCAN_HANDLER role=2
DBG_ANCHOR_CH5_SCAN_BLOCKED win=0 survey=0 tx=0 retry_gap=0 wait=0 rx=0 rxq=0 rxr=0 ack=0 ch9=0 rf=1 retry=20 interval=380
DBG_ANCHOR_CH5_SCAN_RESCHED ret=1 delay=20
DBG_CH5_GAP_SCAN_DONE frames=0 last_error=0 now=163361 deadline=163361 click=0
DBG_DWM_KEEP_IDLE reason=mesh-rx ch9=1 ack=0 qack=0 ret=0
DBG_ANCHOR_CH5_SCAN_HANDLER role=2
DBG_ANCHOR_CH9_REARM delay=59 ret=1 ack=0
DBG_ANCHOR_CH5_SCAN_BLOCKED win=0 survey=0 tx=0 retry_gap=0 wait=0 rx=0 rxq=0 rxr=0 ack=0 ch9=1 rf=0 retry=304 interval=380
DBG_ANCHOR_CH5_SCAN_RESCHED ret=1 delay=304
DBG_CH9_RX_SLOT idx=0 cnt=325742925 now=163421 start=163481 end=163601
DBG_CH9_EVENT_STATE state=granted peer=0x191a9619c6c8cb07 start=163481 end=163601 reason=rx-slot
DBG_CH9_RX_START idx=0 now=163422 start=163481 end=163601 tail=60
DBG_CH9_RX_CONFIG_OK
DBG_CH9_RX_EARLY_ARM now=163441 start=163481 guard=60
DBG_CH9_RX_ARMED now=163441 start=163481 end=163601 deadline=163661
DBG_DWM_KEEP_IDLE reason=ch9-rx ch9=1 ack=0 qack=0 ret=0
DBG_CH9_RX_EMPTY
DBG_CH9_RX_TIMEOUT
DBG_CH9_RX_MISS frames=0 now=163662 start=163481 end=163601 fail=0
DBG_CH9_EVENT_STATE state=window_expired peer=0x191a9619c6c8cb07 start=163481 end=163601 reason=rx-slot
DBG_ANCHOR_CH5_SCAN_HANDLER role=2
DBG_ANCHOR_CH5_SCAN_ARM now=163667 win=20 complete=15 interval=380 wait=0 tx=0
DBG_DWM_CH5_RX_HUNT_START acq=20 complete=15 cap=1021
DBG_DWM_CH5_RX_HUNT_EMPTY ret=-116 status=0x00000000 acq=20
DBG_ANCHOR_CH5_SCAN_DONE ret=-116 len=0 fail=1 pre=0 q=0 rx_us=20385 complete=15
DBG_ANCHOR_CH5_POST_CH9_RECOVERY_SCAN win=20 ret=-116 pre=0
DBG_ANCHOR_CH5_SCAN_RESCHED ret=1 delay=380
DBG_ANCHOR_CH5_SCAN_HANDLER role=2
DBG_DWM_CH5_RX_HUNT_START acq=3 complete=15 cap=1021
DBG_DWM_CH5_RX_HUNT_EMPTY ret=-116 status=0x00000000 acq=3
DBG_ANCHOR_CH5_SCAN_RESCHED ret=1 delay=380
DBG_ANCHOR_CH5_SCAN_HANDLER role=2
DBG_DWM_CH5_RX_HUNT_START acq=3 complete=15 cap=1021
DBG_DWM_CH5_RX_HUNT_EMPTY ret=-116 status=0x00000000 acq=3
DBG_ANCHOR_CH5_SCAN_RESCHED ret=1 delay=380
DBG_CH9_SKIP_STALE n=1 now=164701 next=164761 cnt=325742927 reason=rx-select
DBG_CH9_RX_SLOT idx=0 cnt=325742927 now=164701 start=164761 end=164881
DBG_CH9_EVENT_STATE state=granted peer=0x191a9619c6c8cb07 start=164761 end=164881 reason=rx-slot
DBG_CH9_RX_START idx=0 now=164701 start=164761 end=164881 tail=60
DBG_CH9_RX_CONFIG_OK
DBG_CH9_RX_EARLY_ARM now=164720 start=164761 guard=60
DBG_CH9_RX_ARMED now=164720 start=164761 end=164881 deadline=164941
DBG_ANCHOR_CH5_SCAN_HANDLER role=2
DBG_ANCHOR_CH5_SCAN_BLOCKED win=0 survey=0 tx=0 retry_gap=0 wait=0 rx=0 rxq=0 rxr=0 ack=0 ch9=0 rf=1 retry=20 interval=380
DBG_ANCHOR_CH5_SCAN_RESCHED ret=1 delay=20
DBG_ANCHOR_CH5_SCAN_HANDLER role=2
DBG_ANCHOR_CH5_SCAN_BLOCKED win=0 survey=0 tx=0 retry_gap=0 wait=0 rx=0 rxq=0 rxr=0 ack=0 ch9=0 rf=1 retry=20 interval=380
DBG_ANCHOR_CH5_SCAN_RESCHED ret=1 delay=20
DBG_DWM_KEEP_IDLE reason=ch9-rx ch9=1 ack=0 qack=0 ret=0
DBG_CH9_RX_EMPTY
DBG_CH9_RX_TIMEOUT
DBG_CH9_RX_MISS frames=0 now=164943 start=164761 end=164881 fail=0
DBG_CH9_EVENT_STATE state=window_expired peer=0x191a9619c6c8cb07 start=164761 end=164881 reason=rx-slot
DBG_ANCHOR_CH5_SCAN_HANDLER role=2
DBG_ANCHOR_CH5_SCAN_ARM now=164945 win=20 complete=15 interval=380 wait=0 tx=0
DBG_DWM_CH5_RX_HUNT_START acq=20 complete=15 cap=1021
DBG_DWM_CH5_RX_HUNT_EMPTY ret=-116 status=0x00000000 acq=20
DBG_ANCHOR_CH5_SCAN_DONE ret=-116 len=0 fail=1 pre=0 q=0 rx_us=20202 complete=15
DBG_ANCHOR_CH5_POST_CH9_RECOVERY_SCAN win=20 ret=-116 pre=0
DBG_ANCHOR_CH5_SCAN_RESCHED ret=1 delay=380
DBG_ANCHOR_CH5_SCAN_HANDLER role=2
DBG_DWM_CH5_RX_HUNT_START acq=3 complete=15 cap=1021
DBG_DWM_CH5_RX_HUNT_EMPTY ret=-116 status=0x00000000 acq=3
DBG_ANCHOR_CH5_SCAN_RESCHED ret=1 delay=380
DBG_ANCHOR_CH5_SCAN_HANDLER role=2
DBG_DWM_CH5_RX_HUNT_START acq=3 complete=15 cap=1021
DBG_DWM_CH5_RX_HUNT_EMPTY ret=-116 status=0x00000000 acq=3
DBG_ANCHOR_CH5_SCAN_RESCHED ret=1 delay=380
DBG_CH9_SKIP_STALE n=1 now=165981 next=166041 cnt=325742929 reason=rx-select
DBG_CH9_RX_SLOT idx=0 cnt=325742929 now=165981 start=166041 end=166161
DBG_CH9_EVENT_STATE state=granted peer=0x191a9619c6c8cb07 start=166041 end=166161 reason=rx-slot
DBG_CH9_RX_START idx=0 now=165981 start=166041 end=166161 tail=60
DBG_CH9_RX_CONFIG_OK
DBG_CH9_RX_EARLY_ARM now=166000 start=166041 guard=60
DBG_CH9_RX_ARMED now=166000 start=166041 end=166161 deadline=166221
DBG_ANCHOR_CH5_SCAN_HANDLER role=2
DBG_ANCHOR_CH5_SCAN_BLOCKED win=0 survey=0 tx=0 retry_gap=0 wait=0 rx=0 rxq=0 rxr=0 ack=0 ch9=0 rf=1 retry=20 interval=380
DBG_ANCHOR_CH5_SCAN_RESCHED ret=1 delay=20
DBG_ANCHOR_CH5_SCAN_HANDLER role=2
DBG_ANCHOR_CH5_SCAN_BLOCKED win=0 survey=0 tx=0 retry_gap=0 wait=0 rx=0 rxq=0 rxr=0 ack=0 ch9=0 rf=1 retry=20 interval=380
DBG_ANCHOR_CH5_SCAN_RESCHED ret=1 delay=20
DBG_DWM_KEEP_IDLE reason=ch9-rx ch9=1 ack=0 qack=0 ret=0
DBG_CH9_RX_EMPTY
DBG_CH9_RX_TIMEOUT
DBG_CH9_RX_MISS frames=0 now=166223 start=166041 end=166161 fail=0
DBG_CH9_EVENT_STATE state=window_expired peer=0x191a9619c6c8cb07 start=166041 end=166161 reason=rx-slot
DBG_ANCHOR_CH5_SCAN_HANDLER role=2
DBG_ANCHOR_CH5_SCAN_ARM now=166223 win=20 complete=15 interval=380 wait=0 tx=0
DBG_DWM_CH5_RX_HUNT_START acq=20 complete=15 cap=1021
DBG_DWM_CH5_RX_HUNT_EMPTY ret=-116 status=0x00000000 acq=20
DBG_ANCHOR_CH5_SCAN_DONE ret=-116 len=0 fail=1 pre=0 q=0 rx_us=20263 complete=15
DBG_ANCHOR_CH5_POST_CH9_RECOVERY_SCAN win=20 ret=-116 pre=0
DBG_ANCHOR_CH5_SCAN_RESCHED ret=1 delay=380
DBG_ANCHOR_CH5_SCAN_HANDLER role=2
DBG_DWM_CH5_RX_HUNT_START acq=3 complete=15 cap=1021
DBG_DWM_CH5_RX_HUNT_EMPTY ret=-116 status=0x00000000 acq=3
DBG_ANCHOR_CH5_SCAN_RESCHED ret=1 delay=380
DBG_ANCHOR_CH5_SCAN_HANDLER role=2
DBG_DWM_CH5_RX_HUNT_START acq=3 complete=15 cap=1021
DBG_DWM_CH5_RX_HUNT_EMPTY ret=-116 status=0x00000000 acq=3
DBG_ANCHOR_CH5_SCAN_RESCHED ret=1 delay=380
DBG_CH9_SKIP_STALE n=1 now=167261 next=167321 cnt=325742931 reason=rx-select
DBG_CH9_RX_SLOT idx=0 cnt=325742931 now=167261 start=167321 end=167441
DBG_CH9_EVENT_STATE state=granted peer=0x191a9619c6c8cb07 start=167321 end=167441 reason=rx-slot
DBG_CH9_RX_START idx=0 now=167262 start=167321 end=167441 tail=60
DBG_CH9_RX_CONFIG_OK
DBG_CH9_RX_EARLY_ARM now=167280 start=167321 guard=60
DBG_CH9_RX_ARMED now=167280 start=167321 end=167441 deadline=167501
DBG_ANCHOR_CH5_SCAN_HANDLER role=2
DBG_ANCHOR_CH5_SCAN_BLOCKED win=0 survey=0 tx=0 retry_gap=0 wait=0 rx=0 rxq=0 rxr=0 ack=0 ch9=0 rf=1 retry=20 interval=380
DBG_ANCHOR_CH5_SCAN_RESCHED ret=1 delay=20
DBG_ANCHOR_CH5_SCAN_HANDLER role=2
DBG_ANCHOR_CH5_SCAN_BLOCKED win=0 survey=0 tx=0 retry_gap=0 wait=0 rx=0 rxq=0 rxr=0 ack=0 ch9=0 rf=1 retry=20 interval=380
DBG_ANCHOR_CH5_SCAN_RESCHED ret=1 delay=20
DBG_ANCHOR_CH5_SCAN_HANDLER role=2
DBG_DWM_KEEP_IDLE reason=ch9-rx ch9=1 ack=0 qack=0 ret=0
DBG_CH9_RX_EMPTY
DBG_CH9_RX_TIMEOUT
DBG_CH9_RX_MISS frames=0 now=167503 start=167321 end=167441 fail=0
DBG_CH9_EVENT_STATE state=window_expired peer=0x191a9619c6c8cb07 start=167321 end=167441 reason=rx-slot
DBG_ANCHOR_CH5_SCAN_ARM now=167503 win=3 complete=15 interval=380 wait=0 tx=0
DBG_DWM_CH5_RX_HUNT_START acq=3 complete=15 cap=1021
DBG_DWM_CH5_RX_HUNT_EMPTY ret=-116 status=0x00000000 acq=3
DBG_ANCHOR_CH5_SCAN_DONE ret=-116 len=0 fail=1 pre=0 q=0 rx_us=3662 complete=15
DBG_ANCHOR_CH5_SCAN_RESCHED ret=1 delay=380
DBG_ANCHOR_CH5_SCAN_HANDLER role=2
DBG_DWM_CH5_RX_HUNT_START acq=20 complete=15 cap=1021
DBG_DWM_CH5_RX_HUNT_EMPTY ret=-116 status=0x00000000 acq=20
DBG_ANCHOR_CH5_POST_CH9_RECOVERY_SCAN win=20 ret=-116 pre=0
DBG_ANCHOR_CH5_SCAN_RESCHED ret=1 delay=380
DBG_ANCHOR_CH5_SCAN_HANDLER role=2
DBG_DWM_CH5_RX_HUNT_START acq=3 complete=15 cap=1021
DBG_DWM_CH5_RX_HUNT_EMPTY ret=-116 status=0x00000000 acq=3
DBG_ANCHOR_CH5_SCAN_RESCHED ret=1 delay=380
DBG_CH9_SKIP_STALE n=1 now=168541 next=168601 cnt=325742933 reason=rx-select
DBG_CH9_RX_SLOT idx=0 cnt=325742933 now=168541 start=168601 end=168721
DBG_CH9_EVENT_STATE state=granted peer=0x191a9619c6c8cb07 start=168601 end=168721 reason=rx-slot
DBG_CH9_RX_START idx=0 now=168542 start=168601 end=168721 tail=60
DBG_CH9_RX_CONFIG_OK
DBG_CH9_RX_EARLY_ARM now=168560 start=168601 guard=60
DBG_CH9_RX_ARMED now=168560 start=168601 end=168721 deadline=168781
DBG_ANCHOR_CH5_SCAN_HANDLER role=2
DBG_ANCHOR_CH5_SCAN_BLOCKED win=0 survey=0 tx=0 retry_gap=0 wait=0 rx=0 rxq=0 rxr=0 ack=0 ch9=0 rf=1 retry=20 interval=380
DBG_ANCHOR_CH5_SCAN_RESCHED ret=1 delay=20
DBG_ANCHOR_CH5_SCAN_HANDLER role=2
DBG_ANCHOR_CH5_SCAN_BLOCKED win=0 survey=0 tx=0 retry_gap=0 wait=0 rx=0 rxq=0 rxr=0 ack=0 ch9=0 rf=1 retry=20 interval=380
DBG_ANCHOR_CH5_SCAN_RESCHED ret=1 delay=20
DBG_DWM_KEEP_IDLE reason=ch9-rx ch9=1 ack=0 qack=0 ret=0
DBG_CH9_RX_EMPTY
DBG_CH9_RX_TIMEOUT
DBG_CH9_RX_MISS frames=0 now=168783 start=168601 end=168721 fail=0
DBG_CH9_EVENT_STATE state=window_expired peer=0x191a9619c6c8cb07 start=168601 end=168721 reason=rx-slot
DBG_ANCHOR_CH5_SCAN_HANDLER role=2
DBG_ANCHOR_CH5_SCAN_ARM now=168783 win=20 complete=15 interval=380 wait=0 tx=0
DBG_DWM_CH5_RX_HUNT_START acq=20 complete=15 cap=1021
DBG_DWM_CH5_RX_HUNT_EMPTY ret=-116 status=0x00000000 acq=20
DBG_ANCHOR_CH5_SCAN_DONE ret=-116 len=0 fail=1 pre=0 q=0 rx_us=20721 complete=15
DBG_ANCHOR_CH5_POST_CH9_RECOVERY_SCAN win=20 ret=-116 pre=0
DBG_ANCHOR_CH5_SCAN_RESCHED ret=1 delay=380
DBG_ANCHOR_CH5_SCAN_HANDLER role=2
DBG_DWM_CH5_RX_HUNT_START acq=3 complete=15 cap=1021
DBG_DWM_CH5_RX_HUNT_EMPTY ret=-116 status=0x00000000 acq=3
DBG_ANCHOR_CH5_SCAN_RESCHED ret=1 delay=380
DBG_ANCHOR_CH5_SCAN_HANDLER role=2
DBG_DWM_CH5_RX_HUNT_START acq=3 complete=15 cap=1021
DBG_DWM_CH5_RX_ACTIVITY_EXTEND ret=0 status=0x00000100 complete=15
DBG_DWM_CH5_RX_ACTIVITY_WAIT status=0x00000100 remain=15
DBG_DWM_CH5_RX_ACTIVITY_DONE raw=51 payload=49 status=0x00006f00 rearm=0 extended=1
DBG_ANCHOR_CH5_SCAN_DONE ret=0 len=49 fail=0 pre=1 q=100 rx_us=5645 complete=15
DBG_UWB_RX_CH5
DBG_ANCHOR_CH5_FRAME len=49 q=100 wake_ret=0
DBG_ANCHOR_ROUTE_WAKE_DISPATCH src=0x708bc0aab970300e evt=167611 attempt=1 flags=0x92 len=49 q=100
DBG_C5_CONTACT phase=open state=2 peer=0x708bc0aab970300e purpose=route_solicit reason=wake-claim
DBG_C5_CONTACT phase=accepted state=2 peer=0x708bc0aab970300e purpose=route_solicit reason=wake-claim
DBG_ANCHOR_ROUTE_WAKE_HANDOFF src=0x708bc0aab970300e evt=167611 attempt=1 flags=0x92 embedded=0 listen=1313
DBG_C5_CONTACT phase=exchange state=3 peer=0x708bc0aab970300e purpose=route_solicit reason=anchor-route-wake-followup
DBG_ROUTE_REPLY_LISTEN_START
DBG_DWM_WAKE_MESH_CTRL_OK sfd=4073
DBG_ROUTE_REPLY_LISTEN_CONFIG ret=0 ext=1
DBG_DWM_CH5_RX_HUNT_START acq=61 complete=15 cap=1021
DBG_DWM_CH5_RX_ACTIVITY_EXTEND ret=0 status=0x00000100 complete=15
DBG_DWM_CH5_RX_ACTIVITY_WAIT status=0x00000100 remain=15
DBG_DWM_CH5_RX_ACTIVITY_DONE raw=51 payload=49 status=0x00006f00 rearm=0 extended=1
DBG_DWM_WAKE_MESH_CTRL_OK sfd=4073
DBG_ROUTE_REPLY_CLICK_PROBE_DONE duration_ms=43 outcome=restore ret=0
DBG_C5_RX_FAIL status=0x00001300 finfo=0x00000000 fail=4 phy=4 ch=5 plen=3 pac=2 txc=9 rxc=9 sfd=2 rate=0 phr=1 phrr=0 sfdto=4
DBG_DWM_CH5_RX_HUNT_START acq=61 complete=15 cap=1021
DBG_DWM_CH5_RX_ACTIVITY_EXTEND ret=0 status=0x00000100 complete=15
DBG_DWM_CH5_RX_ACTIVITY_WAIT status=0x00000100 remain=15
DBG_DWM_CH5_RX_ACTIVITY_DONE raw=51 payload=49 status=0x00006f00 rearm=0 extended=1
DBG_DWM_WAKE_MESH_CTRL_OK sfd=4073
DBG_ROUTE_REPLY_CLICK_PROBE_DONE duration_ms=43 outcome=restore ret=0
DBG_DWM_CH5_RX_HUNT_START acq=61 complete=15 cap=1021
DBG_DWM_CH5_RX_ACTIVITY_EXTEND ret=0 status=0x00000100 complete=15
DBG_DWM_CH5_RX_ACTIVITY_WAIT status=0x00000100 remain=15
DBG_DWM_CH5_RX_ACTIVITY_DONE raw=51 payload=49 status=0x00006f00 rearm=0 extended=1
DBG_DWM_WAKE_MESH_CTRL_OK sfd=4073
DBG_ROUTE_REPLY_CLICK_PROBE_DONE duration_ms=43 outcome=restore ret=0
DBG_DWM_CH5_RX_HUNT_START acq=61 complete=15 cap=1021
DBG_DWM_CH5_RX_HUNT_EMPTY ret=-116 status=0x00000000 acq=61
DBG_DWM_WAKE_MESH_CTRL_OK sfd=4073
DBG_ROUTE_REPLY_CLICK_PROBE_DONE duration_ms=100 outcome=restore ret=0
DBG_ROUTE_REPLY_RX_FRAME
DBG_UWB_RX_CH5
DBG_MESH_RX_QUEUED ch=5 msg=0x35 src=0x708bc0aab970300e dst=0x0 prev=0x708bc0aab970300e seq=6 q=1
DBG_MESH_RX_DEFERRED q=1 msg=0x35
DBG_ROUTE_REPLY_LISTEN_YIELD_REQUEST src=0x708bc0aab970300e prev=0x708bc0aab970300e target=0x9999888877776666
DBG_COORD state=mesh-rx owner=uwb-rx reason=mesh-rx rx=1 tx=0 relay=0 route=0 ack=0 qack=0
DBG_CH9_SKIP_STALE n=1 now=169912 next=169881 cnt=325742935 reason=rx-select
DBG_CH9_RX_SLOT idx=0 cnt=325742935 now=169912 start=169881 end=170001
DBG_CH9_EVENT_STATE state=granted peer=0x191a9619c6c8cb07 start=169881 end=170001 reason=rx-slot
DBG_CH9_RX_START idx=0 now=169913 start=169881 end=170001 tail=60
DBG_ROUTE_REPLY_LISTEN_DONE captured=1 ret=-11
DBG_C5_CONTACT phase=closing state=4 peer=0x708bc0aab970300e purpose=route_solicit reason=reply-listen-done
DBG_MESH_RX_DIRECT_RF_BUSY submit=0 q=1 reason=anchor-route-wake-followup
DBG_ANCHOR_ROUTE_WAKE_HANDOFF_DONE src=0x708bc0aab970300e embedded=0 ret=-11 pending=1
DBG_CH9_RX_CONFIG_OK
DBG_DWM_KEEP_IDLE reason=ch9-rx ch9=1 ack=0 qack=0 ret=0
DBG_CH9_RX_EMPTY
DBG_CH9_RX_TIMEOUT
DBG_CH9_RX_MISS frames=0 now=170063 start=169881 end=170001 fail=0
DBG_CH9_EVENT_STATE state=window_expired peer=0x191a9619c6c8cb07 start=169881 end=170001 reason=rx-slot
DBG_MESH_RX_WORK_WAIT q=1
DBG_MESH_RX_WORK_ENTER q=1
DBG_MESH_RX_DRAIN_ENTER owner=work q=1
DBG_RX_HANDLE msg=0x35 act=0x00000040 st=-7 q=0 sel=1 next=0x191a9619c6c8cb07 hop=1
DBG_C5_CONTACT phase=open state=2 peer=0x708bc0aab970300e purpose=route_solicit reason=c5-control-rx
DBG_C5_CONTACT phase=accepted state=2 peer=0x708bc0aab970300e purpose=route_solicit reason=c5-control-rx
DBG_MESH_RX_DRAIN_EXIT owner=work handled=1 q=0
DBG_MESH_RX_WORK_EXIT handled=1 q=0
DBG_COORD state=idle owner=report-tx reason=idle rx=0 tx=0 relay=0 route=0 ack=0 qack=0
DBG_ANCHOR_CH5_SCAN_HANDLER role=2
DBG_ANCHOR_CH5_SCAN_ARM now=170294 win=20 complete=15 interval=380 wait=0 tx=0
DBG_DWM_CH5_RX_HUNT_START acq=20 complete=15 cap=1021
DBG_DWM_CH5_RX_HUNT_EMPTY ret=-116 status=0x00000000 acq=20
DBG_ANCHOR_CH5_SCAN_DONE ret=-116 len=0 fail=1 pre=0 q=0 rx_us=20721 complete=15
DBG_ANCHOR_CH5_POST_CH9_RECOVERY_SCAN win=20 ret=-116 pre=0
DBG_ANCHOR_CH5_SCAN_RESCHED ret=1 delay=380
DBG_ANCHOR_CH5_SCAN_HANDLER role=2
DBG_DWM_CH5_RX_HUNT_START acq=3 complete=15 cap=1021
DBG_DWM_CH5_RX_HUNT_EMPTY ret=-116 status=0x00000000 acq=3
DBG_ANCHOR_CH5_SCAN_RESCHED ret=1 delay=380
DBG_CH9_SKIP_STALE n=1 now=171101 next=171161 cnt=325742937 reason=rx-select
DBG_CH9_RX_SLOT idx=0 cnt=325742937 now=171101 start=171161 end=171281
DBG_CH9_EVENT_STATE state=granted peer=0x191a9619c6c8cb07 start=171161 end=171281 reason=rx-slot
DBG_CH9_RX_START idx=0 now=171101 start=171161 end=171281 tail=60
DBG_ANCHOR_CH5_SCAN_HANDLER role=2
DBG_CH9_RX_CONFIG_OK
DBG_CH9_RX_EARLY_ARM now=171120 start=171161 guard=60
DBG_CH9_RX_ARMED now=171120 start=171161 end=171281 deadline=171341
DBG_ANCHOR_CH5_SCAN_BLOCKED win=0 survey=0 tx=0 retry_gap=0 wait=0 rx=0 rxq=0 rxr=0 ack=0 ch9=0 rf=1 retry=20 interval=380
DBG_ANCHOR_CH5_SCAN_RESCHED ret=1 delay=20
DBG_ANCHOR_CH5_SCAN_HANDLER role=2
DBG_ANCHOR_CH5_SCAN_BLOCKED win=0 survey=0 tx=0 retry_gap=0 wait=0 rx=0 rxq=0 rxr=0 ack=0 ch9=0 rf=1 retry=20 interval=380
DBG_ANCHOR_CH5_SCAN_RESCHED ret=1 delay=20
DBG_ANCHOR_CH5_SCAN_HANDLER role=2
DBG_ANCHOR_CH5_SCAN_BLOCKED win=0 survey=0 tx=0 retry_gap=0 wait=0 rx=0 rxq=0 rxr=0 ack=0 ch9=0 rf=1 retry=20 interval=380
DBG_ANCHOR_CH5_SCAN_RESCHED ret=1 delay=20
DBG_ANCHOR_CH5_SCAN_HANDLER role=2
DBG_ANCHOR_CH5_SCAN_BLOCKED win=0 survey=0 tx=0 retry_gap=0 wait=0 rx=0 rxq=0 rxr=0 ack=0 ch9=0 rf=1 retry=20 interval=380
DBG_ANCHOR_CH5_SCAN_RESCHED ret=1 delay=20
DBG_ANCHOR_CH5_SCAN_HANDLER role=2
DBG_ANCHOR_CH5_SCAN_BLOCKED win=0 survey=0 tx=0 retry_gap=0 wait=0 rx=0 rxq=0 rxr=0 ack=0 ch9=0 rf=1 retry=20 interval=380
DBG_ANCHOR_CH5_SCAN_RESCHED ret=1 delay=20
DBG_ANCHOR_CH5_SCAN_HANDLER role=2
DBG_ANCHOR_CH5_SCAN_BLOCKED win=0 survey=0 tx=0 retry_gap=0 wait=0 rx=0 rxq=0 rxr=0 ack=0 ch9=0 rf=1 retry=20 interval=380
DBG_ANCHOR_CH5_SCAN_RESCHED ret=1 delay=20
DBG_ANCHOR_CH5_SCAN_HANDLER role=2
DBG_ANCHOR_CH5_SCAN_BLOCKED win=0 survey=0 tx=0 retry_gap=0 wait=0 rx=0 rxq=0 rxr=0 ack=0 ch9=0 rf=1 retry=20 interval=380
DBG_ANCHOR_CH5_SCAN_RESCHED ret=1 delay=20
DBG_ANCHOR_CH5_SCAN_HANDLER role=2
DBG_ANCHOR_CH5_SCAN_BLOCKED win=0 survey=0 tx=0 retry_gap=0 wait=0 rx=0 rxq=0 rxr=0 ack=0 ch9=0 rf=1 retry=20 interval=380
DBG_ANCHOR_CH5_SCAN_RESCHED ret=1 delay=20
DBG_ANCHOR_CH5_SCAN_HANDLER role=2
DBG_ANCHOR_CH5_SCAN_BLOCKED win=0 survey=0 tx=0 retry_gap=0 wait=0 rx=0 rxq=0 rxr=0 ack=0 ch9=0 rf=1 retry=20 interval=380
DBG_ANCHOR_CH5_SCAN_RESCHED ret=1 delay=20
DBG_DWM_KEEP_IDLE reason=ch9-rx ch9=1 ack=0 qack=0 ret=0
DBG_CH9_RX_EMPTY
DBG_CH9_RX_TIMEOUT
DBG_CH9_RX_MISS frames=0 now=171342 start=171161 end=171281 fail=0
DBG_CH9_EVENT_STATE state=window_expired peer=0x191a9619c6c8cb07 start=171161 end=171281 reason=rx-slot
DBG_ANCHOR_CH5_SCAN_HANDLER role=2
DBG_ANCHOR_CH5_SCAN_ARM now=171349 win=20 complete=15 interval=380 wait=0 tx=0
DBG_DWM_CH5_RX_HUNT_START acq=20 complete=15 cap=1021
DBG_DWM_CH5_RX_HUNT_EMPTY ret=-116 status=0x00000000 acq=20
DBG_ANCHOR_CH5_SCAN_DONE ret=-116 len=0 fail=1 pre=0 q=0 rx_us=20751 complete=15
DBG_ANCHOR_CH5_POST_CH9_RECOVERY_SCAN win=20 ret=-116 pre=0
DBG_ANCHOR_CH5_SCAN_RESCHED ret=1 delay=380
DBG_ANCHOR_CH5_SCAN_HANDLER role=2
DBG_DWM_CH5_RX_HUNT_START acq=3 complete=15 cap=1021
DBG_DWM_CH5_RX_HUNT_EMPTY ret=-116 status=0x00000000 acq=3
DBG_ANCHOR_CH5_SCAN_RESCHED ret=1 delay=380
DBG_ANCHOR_CH5_SCAN_HANDLER role=2
DBG_DWM_CH5_RX_HUNT_START acq=3 complete=15 cap=1021
DBG_DWM_CH5_RX_HUNT_EMPTY ret=-116 status=0x00000000 acq=3
DBG_ANCHOR_CH5_SCAN_RESCHED ret=1 delay=380
DBG_CH9_SKIP_STALE n=1 now=172381 next=172441 cnt=325742939 reason=rx-select
DBG_CH9_RX_SLOT idx=0 cnt=325742939 now=172381 start=172441 end=172561
DBG_CH9_EVENT_STATE state=granted peer=0x191a9619c6c8cb07 start=172441 end=172561 reason=rx-slot
DBG_CH9_RX_START idx=0 now=172381 start=172441 end=172561 tail=60
DBG_CH9_RX_CONFIG_OK
DBG_CH9_RX_EARLY_ARM now=172400 start=172441 guard=60
DBG_CH9_RX_ARMED now=172400 start=172441 end=172561 deadline=172621
DBG_ANCHOR_CH5_SCAN_HANDLER role=2
DBG_ANCHOR_CH5_SCAN_BLOCKED win=0 survey=0 tx=0 retry_gap=0 wait=0 rx=0 rxq=0 rxr=0 ack=0 ch9=0 rf=1 retry=20 interval=380
DBG_ANCHOR_CH5_SCAN_RESCHED ret=1 delay=20
DBG_ANCHOR_CH5_SCAN_HANDLER role=2
DBG_ANCHOR_CH5_SCAN_BLOCKED win=0 survey=0 tx=0 retry_gap=0 wait=0 rx=0 rxq=0 rxr=0 ack=0 ch9=0 rf=1 retry=20 interval=380
DBG_ANCHOR_CH5_SCAN_RESCHED ret=1 delay=20
DBG_DWM_KEEP_IDLE reason=ch9-rx ch9=1 ack=0 qack=0 ret=0
DBG_CH9_RX_EMPTY
DBG_CH9_RX_TIMEOUT
DBG_CH9_RX_MISS frames=0 now=172622 start=172441 end=172561 fail=0
DBG_CH9_EVENT_STATE state=window_expired peer=0x191a9619c6c8cb07 start=172441 end=172561 reason=rx-slot
DBG_ANCHOR_CH5_SCAN_HANDLER role=2
DBG_ANCHOR_CH5_SCAN_ARM now=172629 win=20 complete=15 interval=380 wait=0 tx=0
DBG_DWM_CH5_RX_HUNT_START acq=20 complete=15 cap=1021
DBG_DWM_CH5_RX_HUNT_EMPTY ret=-116 status=0x00000000 acq=20
DBG_ANCHOR_CH5_SCAN_DONE ret=-116 len=0 fail=1 pre=0 q=0 rx_us=20355 complete=15
DBG_ANCHOR_CH5_POST_CH9_RECOVERY_SCAN win=20 ret=-116 pre=0
DBG_ANCHOR_CH5_SCAN_RESCHED ret=1 delay=380
DBG_ANCHOR_CH5_SCAN_HANDLER role=2
DBG_DWM_CH5_RX_HUNT_START acq=3 complete=15 cap=1021
DBG_DWM_CH5_RX_HUNT_EMPTY ret=-116 status=0x00000000 acq=3
DBG_ANCHOR_CH5_SCAN_RESCHED ret=1 delay=380
DBG_ANCHOR_CH5_SCAN_HANDLER role=2
DBG_DWM_CH5_RX_HUNT_START acq=3 complete=15 cap=1021
DBG_DWM_CH5_RX_HUNT_EMPTY ret=-116 status=0x00000000 acq=3
DBG_ANCHOR_CH5_SCAN_RESCHED ret=1 delay=380
DBG_CH9_SKIP_STALE n=1 now=173661 next=173721 cnt=325742941 reason=rx-select
DBG_CH9_RX_SLOT idx=0 cnt=325742941 now=173661 start=173721 end=173841
DBG_CH9_EVENT_STATE state=granted peer=0x191a9619c6c8cb07 start=173721 end=173841 reason=rx-slot
DBG_CH9_RX_START idx=0 now=173661 start=173721 end=173841 tail=60
DBG_CH9_RX_CONFIG_OK
DBG_CH9_RX_EARLY_ARM now=173680 start=173721 guard=60
DBG_CH9_RX_ARMED now=173680 start=173721 end=173841 deadline=173901
DBG_ANCHOR_CH5_SCAN_HANDLER role=2
DBG_ANCHOR_CH5_SCAN_BLOCKED win=0 survey=0 tx=0 retry_gap=0 wait=0 rx=0 rxq=0 rxr=0 ack=0 ch9=0 rf=1 retry=20 interval=380
DBG_ANCHOR_CH5_SCAN_RESCHED ret=1 delay=20
DBG_ANCHOR_CH5_SCAN_HANDLER role=2
DBG_ANCHOR_CH5_SCAN_BLOCKED win=0 survey=0 tx=0 retry_gap=0 wait=0 rx=0 rxq=0 rxr=0 ack=0 ch9=0 rf=1 retry=20 interval=380
DBG_ANCHOR_CH5_SCAN_RESCHED ret=1 delay=20
DBG_DWM_KEEP_IDLE reason=ch9-rx ch9=1 ack=0 qack=0 ret=0
DBG_CH9_RX_EMPTY
DBG_CH9_RX_TIMEOUT
DBG_CH9_RX_MISS frames=0 now=173903 start=173721 end=173841 fail=0
DBG_CH9_EVENT_STATE state=window_expired peer=0x191a9619c6c8cb07 start=173721 end=173841 reason=rx-slot
DBG_ANCHOR_CH5_SCAN_HANDLER role=2
DBG_ANCHOR_CH5_SCAN_ARM now=173907 win=20 complete=15 interval=380 wait=0 tx=0
DBG_DWM_CH5_RX_HUNT_START acq=20 complete=15 cap=1021
DBG_DWM_CH5_RX_HUNT_EMPTY ret=-116 status=0x00000000 acq=20
DBG_ANCHOR_CH5_SCAN_DONE ret=-116 len=0 fail=1 pre=0 q=0 rx_us=20172 complete=15
DBG_ANCHOR_CH5_POST_CH9_RECOVERY_SCAN win=20 ret=-116 pre=0
DBG_ANCHOR_CH5_SCAN_RESCHED ret=1 delay=380
DBG_ANCHOR_CH5_SCAN_HANDLER role=2
DBG_DWM_CH5_RX_HUNT_START acq=3 complete=15 cap=1021
DBG_DWM_CH5_RX_HUNT_EMPTY ret=-116 status=0x00000000 acq=3
DBG_ANCHOR_CH5_SCAN_RESCHED ret=1 delay=380
DBG_ANCHOR_CH5_SCAN_HANDLER role=2
DBG_DWM_CH5_RX_HUNT_START acq=3 complete=15 cap=1021
DBG_DWM_CH5_RX_ACTIVITY_EXTEND ret=0 status=0x00000100 complete=15
DBG_DWM_CH5_RX_ACTIVITY_WAIT status=0x00000100 remain=15
DBG_DWM_CH5_RX_ACTIVITY_DONE raw=51 payload=49 status=0x00006f00 rearm=0 extended=1
DBG_ANCHOR_CH5_SCAN_DONE ret=0 len=49 fail=0 pre=1 q=100 rx_us=8026 complete=15
DBG_UWB_RX_CH5
DBG_ANCHOR_CH5_FRAME len=49 q=100 wake_ret=0
DBG_ANCHOR_ROUTE_WAKE_DISPATCH src=0x708bc0aab970300e evt=172843 attempt=1 flags=0x92 len=49 q=100
DBG_C5_CONTACT phase=closing state=4 peer=0x708bc0aab970300e purpose=route_solicit reason=expired
DBG_C5_CONTACT phase=open state=2 peer=0x708bc0aab970300e purpose=route_solicit reason=wake-claim
DBG_C5_CONTACT phase=accepted state=2 peer=0x708bc0aab970300e purpose=route_solicit reason=wake-claim
DBG_ANCHOR_ROUTE_WAKE_HANDOFF src=0x708bc0aab970300e evt=172843 attempt=1 flags=0x92 embedded=0 listen=1418
DBG_C5_CONTACT phase=exchange state=3 peer=0x708bc0aab970300e purpose=route_solicit reason=anchor-route-wake-followup
DBG_ROUTE_REPLY_LISTEN_START
DBG_DWM_WAKE_MESH_CTRL_OK sfd=4073
DBG_ROUTE_REPLY_LISTEN_CONFIG ret=0 ext=1
DBG_DWM_CH5_RX_HUNT_START acq=61 complete=15 cap=1021
DBG_DWM_CH5_RX_ACTIVITY_EXTEND ret=0 status=0x00000100 complete=15
DBG_DWM_CH5_RX_ACTIVITY_WAIT status=0x00000100 remain=15
DBG_DWM_CH5_RX_ACTIVITY_DONE raw=51 payload=49 status=0x00006f00 rearm=0 extended=1
DBG_DWM_WAKE_MESH_CTRL_OK sfd=4073
DBG_ROUTE_REPLY_CLICK_PROBE_DONE duration_ms=44 outcome=restore ret=0
DBG_C5_RX_FAIL status=0x00001300 finfo=0x00000000 fail=4 phy=4 ch=5 plen=3 pac=2 txc=9 rxc=9 sfd=2 rate=0 phr=1 phrr=0 sfdto=4
DBG_DWM_CH5_RX_HUNT_START acq=61 complete=15 cap=1021
DBG_DWM_CH5_RX_ACTIVITY_EXTEND ret=0 status=0x00000100 complete=15
DBG_DWM_CH5_RX_ACTIVITY_WAIT status=0x00000100 remain=14
DBG_DWM_CH5_RX_ACTIVITY_DONE raw=51 payload=49 status=0x00006f00 rearm=0 extended=1
DBG_DWM_WAKE_MESH_CTRL_OK sfd=4073
DBG_ROUTE_REPLY_CLICK_PROBE_DONE duration_ms=44 outcome=restore ret=0
DBG_DWM_CH5_RX_HUNT_START acq=61 complete=15 cap=1021
DBG_DWM_CH5_RX_ACTIVITY_EXTEND ret=0 status=0x00000100 complete=15
DBG_DWM_CH5_RX_ACTIVITY_WAIT status=0x00000100 remain=15
DBG_DWM_CH5_RX_ACTIVITY_DONE raw=51 payload=49 status=0x00006f00 rearm=0 extended=1
DBG_DWM_WAKE_MESH_CTRL_OK sfd=4073
DBG_ROUTE_REPLY_CLICK_PROBE_DONE duration_ms=44 outcome=restore ret=0
DBG_DWM_CH5_RX_HUNT_START acq=61 complete=15 cap=1021
DBG_DWM_CH5_RX_ACTIVITY_EXTEND ret=0 status=0x00000100 complete=15
DBG_DWM_CH5_RX_ACTIVITY_WAIT status=0x00000100 remain=15
DBG_DWM_CH5_RX_ACTIVITY_DONE raw=51 payload=49 status=0x00006f00 rearm=0 extended=1
DBG_DWM_WAKE_MESH_CTRL_OK sfd=4073
DBG_ROUTE_REPLY_CLICK_PROBE_DONE duration_ms=44 outcome=restore ret=0
DBG_DWM_CH5_RX_HUNT_START acq=61 complete=15 cap=1021
DBG_DWM_CH5_RX_ACTIVITY_EXTEND ret=0 status=0x00000100 complete=15
DBG_DWM_CH5_RX_ACTIVITY_WAIT status=0x00000100 remain=15
DBG_DWM_CH5_RX_ACTIVITY_DONE raw=51 payload=49 status=0x00006f00 rearm=0 extended=1
DBG_DWM_WAKE_MESH_CTRL_OK sfd=4073
DBG_ROUTE_REPLY_CLICK_PROBE_DONE duration_ms=43 outcome=restore ret=0
DBG_DWM_CH5_RX_HUNT_START acq=61 complete=15 cap=1021
DBG_DWM_CH5_RX_HUNT_EMPTY ret=-116 status=0x00000000 acq=61
DBG_DWM_WAKE_MESH_CTRL_OK sfd=4073
DBG_ROUTE_REPLY_CLICK_PROBE_DONE duration_ms=99 outcome=restore ret=0
DBG_ROUTE_REPLY_RX_FRAME
DBG_UWB_RX_CH5
DBG_MESH_RX_QUEUED ch=5 msg=0x35 src=0x708bc0aab970300e dst=0x0 prev=0x708bc0aab970300e seq=7 q=1
DBG_MESH_RX_DEFERRED q=1 msg=0x35
DBG_ROUTE_REPLY_LISTEN_YIELD_REQUEST src=0x708bc0aab970300e prev=0x708bc0aab970300e target=0x9999888877776666
DBG_COORD state=mesh-rx owner=uwb-rx reason=mesh-rx rx=1 tx=0 relay=0 route=0 ack=0 qack=0
DBG_CH9_SKIP_STALE n=1 now=175144 next=175001 cnt=325742943 reason=rx-select
DBG_CH9_RX_SLOT idx=0 cnt=325742943 now=175144 start=175001 end=175121
DBG_CH9_EVENT_STATE state=granted peer=0x191a9619c6c8cb07 start=175001 end=175121 reason=rx-slot
DBG_CH9_RX_START idx=0 now=175144 start=175001 end=175121 tail=60
DBG_ROUTE_REPLY_LISTEN_DONE captured=1 ret=-11
DBG_C5_CONTACT phase=closing state=4 peer=0x708bc0aab970300e purpose=route_solicit reason=reply-listen-done
DBG_MESH_RX_DIRECT_RF_BUSY submit=0 q=1 reason=anchor-route-wake-followup
DBG_ANCHOR_ROUTE_WAKE_HANDOFF_DONE src=0x708bc0aab970300e embedded=0 ret=-11 pending=1
DBG_CH9_RX_CONFIG_OK
DBG_CH9_RX_EARLY_ARM now=175167 start=175001 guard=60
DBG_CH9_RX_ARMED now=175167 start=175001 end=175121 deadline=175181
DBG_DWM_KEEP_IDLE reason=ch9-rx ch9=1 ack=0 qack=0 ret=0
DBG_CH9_RX_EMPTY
DBG_CH9_RX_TIMEOUT
DBG_CH9_RX_MISS frames=0 now=175183 start=175001 end=175121 fail=0
DBG_CH9_EVENT_STATE state=window_expired peer=0x191a9619c6c8cb07 start=175001 end=175121 reason=rx-slot
DBG_MESH_RX_WORK_WAIT q=1
DBG_MESH_RX_WORK_ENTER q=1
DBG_MESH_RX_DRAIN_ENTER owner=work q=1
DBG_RX_HANDLE msg=0x35 act=0x00000800 st=0 q=0 sel=1 next=0x191a9619c6c8cb07 hop=1
DBG_C5_CONTACT phase=open state=2 peer=0x708bc0aab970300e purpose=route_solicit reason=c5-control-rx
DBG_C5_CONTACT phase=accepted state=2 peer=0x708bc0aab970300e purpose=route_solicit reason=c5-control-rx
DBG_ROUTE_REQ_DEFER update=0 delay=3785 earliest=178970 now=175185 ret=1 src=0x708bc0aab970300e seq=7
DBG_MESH_RX_DRAIN_EXIT owner=work handled=1 q=0
DBG_MESH_RX_WORK_EXIT handled=1 q=0
DBG_COORD state=idle owner=report-tx reason=idle rx=0 tx=0 relay=0 route=0 ack=0 qack=0
DBG_ANCHOR_CH5_SCAN_HANDLER role=2
DBG_ANCHOR_CH5_SCAN_ARM now=175525 win=20 complete=15 interval=380 wait=0 tx=0
DBG_DWM_CH5_RX_HUNT_START acq=20 complete=15 cap=1021
DBG_DWM_CH5_RX_HUNT_EMPTY ret=-116 status=0x00000000 acq=20
DBG_ANCHOR_CH5_SCAN_DONE ret=-116 len=0 fail=1 pre=0 q=0 rx_us=20385 complete=15
DBG_ANCHOR_CH5_POST_CH9_RECOVERY_SCAN win=20 ret=-116 pre=0
DBG_ANCHOR_CH5_SCAN_RESCHED ret=1 delay=380
DBG_ANCHOR_CH5_SCAN_HANDLER role=2
DBG_DWM_CH5_RX_HUNT_START acq=3 complete=15 cap=1021
DBG_DWM_CH5_RX_HUNT_EMPTY ret=-116 status=0x00000000 acq=3
DBG_ANCHOR_CH5_SCAN_RESCHED ret=1 delay=380
DBG_CH9_SKIP_STALE n=1 now=176221 next=176281 cnt=325742945 reason=rx-select
DBG_CH9_RX_SLOT idx=0 cnt=325742945 now=176221 start=176281 end=176401
DBG_CH9_EVENT_STATE state=granted peer=0x191a9619c6c8cb07 start=176281 end=176401 reason=rx-slot
DBG_CH9_RX_START idx=0 now=176222 start=176281 end=176401 tail=60
DBG_CH9_RX_CONFIG_OK
DBG_CH9_RX_EARLY_ARM now=176240 start=176281 guard=60
DBG_CH9_RX_ARMED now=176240 start=176281 end=176401 deadline=176461
DBG_ANCHOR_CH5_SCAN_HANDLER role=2
DBG_ANCHOR_CH5_SCAN_BLOCKED win=0 survey=0 tx=0 retry_gap=0 wait=0 rx=0 rxq=0 rxr=0 ack=0 ch9=0 rf=1 retry=20 interval=380
DBG_ANCHOR_CH5_SCAN_RESCHED ret=1 delay=20
DBG_ANCHOR_CH5_SCAN_HANDLER role=2
DBG_ANCHOR_CH5_SCAN_BLOCKED win=0 survey=0 tx=0 retry_gap=0 wait=0 rx=0 rxq=0 rxr=0 ack=0 ch9=0 rf=1 retry=20 interval=380
DBG_ANCHOR_CH5_SCAN_RESCHED ret=1 delay=20
DBG_ANCHOR_CH5_SCAN_HANDLER role=2
DBG_ANCHOR_CH5_SCAN_BLOCKED win=0 survey=0 tx=0 retry_gap=0 wait=0 rx=0 rxq=0 rxr=0 ack=0 ch9=0 rf=1 retry=20 interval=380
DBG_ANCHOR_CH5_SCAN_RESCHED ret=1 delay=20
DBG_ANCHOR_CH5_SCAN_HANDLER role=2
DBG_ANCHOR_CH5_SCAN_BLOCKED win=0 survey=0 tx=0 retry_gap=0 wait=0 rx=0 rxq=0 rxr=0 ack=0 ch9=0 rf=1 retry=20 interval=380
DBG_ANCHOR_CH5_SCAN_RESCHED ret=1 delay=20
DBG_ANCHOR_CH5_SCAN_HANDLER role=2
DBG_ANCHOR_CH5_SCAN_BLOCKED win=0 survey=0 tx=0 retry_gap=0 wait=0 rx=0 rxq=0 rxr=0 ack=0 ch9=0 rf=1 retry=20 interval=380
DBG_ANCHOR_CH5_SCAN_RESCHED ret=1 delay=20
DBG_DWM_KEEP_IDLE reason=ch9-rx ch9=1 ack=0 qack=0 ret=0
DBG_CH9_RX_EMPTY
DBG_CH9_RX_TIMEOUT
DBG_CH9_RX_MISS frames=0 now=176462 start=176281 end=176401 fail=0
DBG_CH9_EVENT_STATE state=window_expired peer=0x191a9619c6c8cb07 start=176281 end=176401 reason=rx-slot
DBG_ANCHOR_CH5_SCAN_HANDLER role=2
DBG_DWM_CH5_RX_HUNT_START acq=20 complete=15 cap=1021
DBG_DWM_CH5_RX_HUNT_EMPTY ret=-116 status=0x00000000 acq=20
DBG_ANCHOR_CH5_POST_CH9_RECOVERY_SCAN win=20 ret=-116 pre=0
DBG_ANCHOR_CH5_SCAN_RESCHED ret=1 delay=380
DBG_ANCHOR_CH5_SCAN_HANDLER role=2
DBG_ANCHOR_CH5_SCAN_ARM now=176899 win=3 complete=15 interval=380 wait=0 tx=0
DBG_DWM_CH5_RX_HUNT_START acq=3 complete=15 cap=1021
DBG_DWM_CH5_RX_HUNT_EMPTY ret=-116 status=0x00000000 acq=3
DBG_ANCHOR_CH5_SCAN_DONE ret=-116 len=0 fail=1 pre=0 q=0 rx_us=4058 complete=15
DBG_ANCHOR_CH5_SCAN_RESCHED ret=1 delay=380
DBG_ANCHOR_CH5_SCAN_HANDLER role=2
DBG_DWM_CH5_RX_HUNT_START acq=3 complete=15 cap=1021
DBG_DWM_CH5_RX_HUNT_EMPTY ret=-116 status=0x00000000 acq=3
DBG_ANCHOR_CH5_SCAN_RESCHED ret=1 delay=380
DBG_CH9_SKIP_STALE n=1 now=177501 next=177561 cnt=325742947 reason=rx-select
DBG_CH9_RX_SLOT idx=0 cnt=325742947 now=177501 start=177561 end=177681
DBG_CH9_EVENT_STATE state=granted peer=0x191a9619c6c8cb07 start=177561 end=177681 reason=rx-slot
DBG_CH9_RX_START idx=0 now=177501 start=177561 end=177681 tail=60
DBG_CH9_RX_CONFIG_OK
DBG_CH9_RX_EARLY_ARM now=177520 start=177561 guard=60
DBG_CH9_RX_ARMED now=177520 start=177561 end=177681 deadline=177741
DBG_ANCHOR_CH5_SCAN_HANDLER role=2
DBG_ANCHOR_CH5_SCAN_BLOCKED win=0 survey=0 tx=0 retry_gap=0 wait=0 rx=0 rxq=0 rxr=0 ack=0 ch9=0 rf=1 retry=20 interval=380
DBG_ANCHOR_CH5_SCAN_RESCHED ret=1 delay=20
DBG_ANCHOR_CH5_SCAN_HANDLER role=2
DBG_ANCHOR_CH5_SCAN_BLOCKED win=0 survey=0 tx=0 retry_gap=0 wait=0 rx=0 rxq=0 rxr=0 ack=0 ch9=0 rf=1 retry=20 interval=380
DBG_ANCHOR_CH5_SCAN_RESCHED ret=1 delay=20
DBG_DWM_KEEP_IDLE reason=ch9-rx ch9=1 ack=0 qack=0 ret=0
DBG_CH9_RX_EMPTY
DBG_CH9_RX_TIMEOUT
DBG_CH9_RX_MISS frames=0 now=177743 start=177561 end=177681 fail=0
DBG_CH9_EVENT_STATE state=window_expired peer=0x191a9619c6c8cb07 start=177561 end=177681 reason=rx-slot
DBG_ANCHOR_CH5_SCAN_HANDLER role=2
DBG_DWM_CH5_RX_HUNT_START acq=20 complete=15 cap=1021
DBG_DWM_CH5_RX_HUNT_EMPTY ret=-116 status=0x00000000 acq=20
DBG_ANCHOR_CH5_POST_CH9_RECOVERY_SCAN win=20 ret=-116 pre=0
DBG_ANCHOR_CH5_SCAN_RESCHED ret=1 delay=380
DBG_ANCHOR_CH5_SCAN_HANDLER role=2
DBG_ANCHOR_CH5_SCAN_ARM now=178178 win=3 complete=15 interval=380 wait=0 tx=0
DBG_DWM_CH5_RX_HUNT_START acq=3 complete=15 cap=1021
DBG_DWM_CH5_RX_HUNT_EMPTY ret=-116 status=0x00000000 acq=3
DBG_ANCHOR_CH5_SCAN_DONE ret=-116 len=0 fail=1 pre=0 q=0 rx_us=3509 complete=15
DBG_ANCHOR_CH5_SCAN_RESCHED ret=1 delay=380
DBG_ANCHOR_CH5_SCAN_HANDLER role=2
DBG_DWM_CH5_RX_HUNT_START acq=3 complete=15 cap=1021
DBG_DWM_CH5_RX_HUNT_EMPTY ret=-116 status=0x00000000 acq=3
DBG_ANCHOR_CH5_SCAN_RESCHED ret=1 delay=380
DBG_CH9_SKIP_STALE n=1 now=178781 next=178841 cnt=325742949 reason=rx-select
DBG_CH9_RX_SLOT idx=0 cnt=325742949 now=178781 start=178841 end=178961
DBG_CH9_EVENT_STATE state=granted peer=0x191a9619c6c8cb07 start=178841 end=178961 reason=rx-slot
DBG_CH9_RX_START idx=0 now=178781 start=178841 end=178961 tail=60
DBG_CH9_RX_CONFIG_OK
DBG_CH9_RX_EARLY_ARM now=178800 start=178841 guard=60
DBG_CH9_RX_ARMED now=178800 start=178841 end=178961 deadline=179021
DBG_ANCHOR_CH5_SCAN_HANDLER role=2
DBG_ANCHOR_CH5_SCAN_BLOCKED win=0 survey=0 tx=0 retry_gap=0 wait=0 rx=0 rxq=0 rxr=0 ack=0 ch9=0 rf=1 retry=20 interval=380
DBG_ANCHOR_CH5_SCAN_RESCHED ret=1 delay=20
DBG_ANCHOR_CH5_SCAN_HANDLER role=2
DBG_ANCHOR_CH5_SCAN_BLOCKED win=0 survey=0 tx=0 retry_gap=0 wait=0 rx=0 rxq=0 rxr=0 ack=0 ch9=0 rf=1 retry=20 interval=380
DBG_ANCHOR_CH5_SCAN_RESCHED ret=1 delay=20
DBG_DWM_KEEP_IDLE reason=ch9-rx ch9=1 ack=0 qack=0 ret=0
DBG_CH9_RX_EMPTY
DBG_CH9_RX_TIMEOUT
DBG_CH9_RX_MISS frames=0 now=179022 start=178841 end=178961 fail=0
DBG_CH9_EVENT_STATE state=window_expired peer=0x191a9619c6c8cb07 start=178841 end=178961 reason=rx-slot
DBG_ROUTE_REQ_DEFER_WORK pending=1 seq=7 due=178970 deadline=179733 now=179023
DBG_DIRECT_GW_PROBE_TX seq=7 now=179023 attempt=1/3 reason=route-request-rebroadcast-probe
DBG_ANCHOR_CH5_SCAN_HANDLER role=2
DBG_ANCHOR_CH5_SCAN_BLOCKED win=0 survey=0 tx=0 retry_gap=0 wait=0 rx=0 rxq=0 rxr=0 ack=0 ch9=0 rf=1 retry=20 interval=380
DBG_ANCHOR_CH5_SCAN_RESCHED ret=1 delay=20
DBG_ANCHOR_CH5_SCAN_HANDLER role=2
DBG_ANCHOR_CH5_SCAN_BLOCKED win=0 survey=0 tx=0 retry_gap=0 wait=0 rx=0 rxq=0 rxr=0 ack=0 ch9=0 rf=1 retry=20 interval=380
DBG_ANCHOR_CH5_SCAN_RESCHED ret=1 delay=20
DBG_ANCHOR_CH5_SCAN_HANDLER role=2
DBG_DIRECT_GW_PROBE_CONFIG ret=0 now=179087 attempt=1
DBG_CH9_TX_SEND_AT now=179087 earliest=179023 msg=3f len=61
DBG_ANCHOR_CH5_SCAN_BLOCKED win=0 survey=0 tx=0 retry_gap=0 wait=0 rx=0 rxq=0 rxr=0 ack=0 ch9=0 rf=1 retry=20 interval=380
DBG_ANCHOR_CH5_SCAN_RESCHED ret=1 delay=20
DBG_CH9_TX_DONE now=179090 dur=3 len=61 msg=3f
DBG_UWB_TX_CH9
DBG_ANCHOR_CH5_SCAN_HANDLER role=2
DBG_ANCHOR_CH5_SCAN_BLOCKED win=0 survey=0 tx=0 retry_gap=0 wait=0 rx=0 rxq=0 rxr=0 ack=0 ch9=0 rf=1 retry=20 interval=380
DBG_ANCHOR_CH5_SCAN_RESCHED ret=1 delay=20
DBG_ANCHOR_CH5_SCAN_HANDLER role=2
DBG_ANCHOR_CH5_SCAN_BLOCKED win=0 survey=0 tx=0 retry_gap=0 wait=0 rx=0 rxq=0 rxr=0 ack=0 ch9=0 rf=1 retry=20 interval=380
DBG_ANCHOR_CH5_SCAN_RESCHED ret=1 delay=20
DBG_ANCHOR_CH5_SCAN_HANDLER role=2
DBG_ANCHOR_CH5_SCAN_BLOCKED win=0 survey=0 tx=0 retry_gap=0 wait=0 rx=0 rxq=0 rxr=0 ack=0 ch9=0 rf=1 retry=20 interval=380
DBG_ANCHOR_CH5_SCAN_RESCHED ret=1 delay=20
DBG_ANCHOR_CH5_SCAN_HANDLER role=2
DBG_ANCHOR_CH5_SCAN_BLOCKED win=0 survey=0 tx=0 retry_gap=0 wait=0 rx=0 rxq=0 rxr=0 ack=0 ch9=0 rf=1 retry=20 interval=380
DBG_ANCHOR_CH5_SCAN_RESCHED ret=1 delay=20
DBG_ANCHOR_CH5_SCAN_HANDLER role=2
DBG_ANCHOR_CH5_SCAN_BLOCKED win=0 survey=0 tx=0 retry_gap=0 wait=0 rx=0 rxq=0 rxr=0 ack=0 ch9=0 rf=1 retry=20 interval=380
DBG_ANCHOR_CH5_SCAN_RESCHED ret=1 delay=20
DBG_ANCHOR_CH5_SCAN_HANDLER role=2
DBG_ANCHOR_CH5_SCAN_BLOCKED win=0 survey=0 tx=0 retry_gap=0 wait=0 rx=0 rxq=0 rxr=0 ack=0 ch9=0 rf=1 retry=20 interval=380
DBG_ANCHOR_CH5_SCAN_RESCHED ret=1 delay=20
DBG_ANCHOR_CH5_SCAN_HANDLER role=2
DBG_ANCHOR_CH5_SCAN_BLOCKED win=0 survey=0 tx=0 retry_gap=0 wait=0 rx=0 rxq=0 rxr=0 ack=0 ch9=0 rf=1 retry=20 interval=380
DBG_ANCHOR_CH5_SCAN_RESCHED ret=1 delay=20
DBG_ANCHOR_CH5_SCAN_HANDLER role=2
DBG_ANCHOR_CH5_SCAN_BLOCKED win=0 survey=0 tx=0 retry_gap=0 wait=0 rx=0 rxq=0 rxr=0 ack=0 ch9=0 rf=1 retry=20 interval=380
DBG_ANCHOR_CH5_SCAN_RESCHED ret=1 delay=20
DBG_ANCHOR_CH5_SCAN_HANDLER role=2
DBG_ANCHOR_CH5_SCAN_BLOCKED win=0 survey=0 tx=0 retry_gap=0 wait=0 rx=0 rxq=0 rxr=0 ack=0 ch9=0 rf=1 retry=20 interval=380
DBG_ANCHOR_CH5_SCAN_RESCHED ret=1 delay=20
DBG_ANCHOR_CH5_SCAN_HANDLER role=2
DBG_ANCHOR_CH5_SCAN_BLOCKED win=0 survey=0 tx=0 retry_gap=0 wait=0 rx=0 rxq=0 rxr=0 ack=0 ch9=0 rf=1 retry=20 interval=380
DBG_ANCHOR_CH5_SCAN_RESCHED ret=1 delay=20
DBG_DWM_KEEP_IDLE reason=direct-gateway-probe ch9=1 ack=0 qack=0 ret=0
DBG_DIRECT_GW_ACK_DONE ret=-116 m=0 f=0 p=1 q=0 v=0 fail=1 sl=191 prev=0x0 len=0 att=1 r=route-request-rebroadcast-probe
DBG_DIRECT_GW_PROBE_MISS ret=-116 attempt=1
DBG_DIRECT_GW_PROBE_BACKOFF ms=32 next_attempt=2 busy_defer=0
DBG_ANCHOR_CH5_SCAN_HANDLER role=2
DBG_ANCHOR_CH5_SCAN_ARM now=179351 win=20 complete=15 interval=380 wait=0 tx=0
DBG_DWM_CH5_RX_HUNT_START acq=20 complete=15 cap=1021
DBG_DIRECT_GW_PROBE_TX seq=8 now=179373 attempt=2/3 reason=route-request-rebroadcast-probe
DBG_DIRECT_GW_PROBE_MISS ret=-16 attempt=2
DBG_DIRECT_GW_PROBE_BACKOFF ms=68 next_attempt=3 busy_defer=0
DBG_DWM_CH5_RX_HUNT_EMPTY ret=-116 status=0x00000000 acq=20
DBG_ANCHOR_CH5_SCAN_DONE ret=-116 len=0 fail=1 pre=0 q=0 rx_us=21148 complete=15
DBG_ANCHOR_CH5_POST_CH9_RECOVERY_SCAN win=20 ret=-116 pre=0
DBG_ANCHOR_CH5_SCAN_RESCHED ret=1 delay=380
DBG_DIRECT_GW_PROBE_TX seq=9 now=179441 attempt=3/3 reason=route-request-rebroadcast-probe
DBG_DIRECT_GW_PROBE_CONFIG ret=0 now=179505 attempt=3
DBG_CH9_TX_SEND_AT now=179506 earliest=179441 msg=3f len=61
DBG_CH9_TX_DONE now=179509 dur=3 len=61 msg=3f
DBG_UWB_TX_CH9
DBG_DWM_KEEP_IDLE reason=direct-gateway-probe ch9=1 ack=0 qack=0 ret=0
DBG_DIRECT_GW_ACK_DONE ret=-116 m=0 f=0 p=1 q=0 v=0 fail=1 sl=190 prev=0x0 len=0 att=3 r=route-request-rebroadcast-probe
DBG_DIRECT_GW_PROBE_MISS ret=-116 attempt=3
DBG_WAKE_TRAIN_GUARD_OK
DBG_ANCHOR_CH5_SCAN_HANDLER role=2
DBG_ANCHOR_CH5_SCAN_BLOCKED win=0 survey=0 tx=0 retry_gap=0 wait=0 rx=0 rxq=0 rxr=0 ack=0 ch9=0 rf=1 retry=20 interval=380
DBG_ANCHOR_CH5_SCAN_RESCHED ret=1 delay=20
DBG_ANCHOR_CH5_SCAN_HANDLER role=2
DBG_WAKE_TRAIN_CONFIG_BEGIN
DBG_ANCHOR_CH5_SCAN_BLOCKED win=0 survey=0 tx=0 retry_gap=0 wait=0 rx=0 rxq=0 rxr=0 ack=0 ch9=0 rf=1 retry=20 interval=380
DBG_ANCHOR_CH5_SCAN_RESCHED ret=1 delay=20
DBG_WAKE_TRAIN_CONFIG_OK
DBG_WAKE_TRAIN_FIRST_SEND_BEGIN
DBG_ANCHOR_CH5_SCAN_HANDLER role=2
DBG_WAKE_TRAIN_FIRST_SEND_OK
DBG_UWB_TX_CH5
DBG_TX_WAKE_CLAIM_SENT
DBG_ANCHOR_CH5_SCAN_BLOCKED win=0 survey=0 tx=0 retry_gap=0 wait=0 rx=0 rxq=0 rxr=0 ack=0 ch9=0 rf=1 retry=20 interval=380
DBG_ANCHOR_CH5_SCAN_RESCHED ret=1 delay=20
DBG_UWB_TX_CH5
DBG_TX_WAKE_CLAIM_SENT
DBG_UWB_TX_CH5
DBG_TX_WAKE_CLAIM_SENT
DBG_UWB_TX_CH5
DBG_TX_WAKE_CLAIM_SENT
DBG_DWM_CH5_RX_HUNT_START acq=3 complete=15 cap=125
DBG_ANCHOR_CH5_SCAN_HANDLER role=2
DBG_DWM_CH5_RX_HUNT_EMPTY ret=-116 status=0x00000000 acq=3
DBG_ANCHOR_CH5_SCAN_BLOCKED win=0 survey=0 tx=0 retry_gap=0 wait=0 rx=0 rxq=0 rxr=0 ack=0 ch9=0 rf=1 retry=20 interval=380
DBG_ANCHOR_CH5_SCAN_RESCHED ret=1 delay=20
DBG_UWB_TX_CH5
DBG_TX_WAKE_CLAIM_SENT
DBG_UWB_TX_CH5
DBG_TX_WAKE_CLAIM_SENT
DBG_UWB_TX_CH5
DBG_TX_WAKE_CLAIM_SENT
DBG_DWM_CH5_RX_HUNT_START acq=3 complete=15 cap=125
DBG_ANCHOR_CH5_SCAN_HANDLER role=2
DBG_DWM_CH5_RX_HUNT_EMPTY ret=-116 status=0x00000000 acq=3
DBG_ANCHOR_CH5_SCAN_BLOCKED win=0 survey=0 tx=0 retry_gap=0 wait=0 rx=0 rxq=0 rxr=0 ack=0 ch9=0 rf=1 retry=20 interval=380
DBG_ANCHOR_CH5_SCAN_RESCHED ret=1 delay=20
DBG_UWB_TX_CH5
DBG_TX_WAKE_CLAIM_SENT
DBG_UWB_TX_CH5
DBG_TX_WAKE_CLAIM_SENT
DBG_UWB_TX_CH5
DBG_TX_WAKE_CLAIM_SENT
DBG_DWM_CH5_RX_HUNT_START acq=3 complete=15 cap=125
DBG_ANCHOR_CH5_SCAN_HANDLER role=2
DBG_DWM_CH5_RX_HUNT_EMPTY ret=-116 status=0x00000000 acq=3
DBG_ANCHOR_CH5_SCAN_BLOCKED win=0 survey=0 tx=0 retry_gap=0 wait=0 rx=0 rxq=0 rxr=0 ack=0 ch9=0 rf=1 retry=20 interval=380
DBG_ANCHOR_CH5_SCAN_RESCHED ret=1 delay=20
DBG_UWB_TX_CH5
DBG_TX_WAKE_CLAIM_SENT
DBG_UWB_TX_CH5
DBG_TX_WAKE_CLAIM_SENT
DBG_UWB_TX_CH5
DBG_TX_WAKE_CLAIM_SENT
DBG_DWM_CH5_RX_HUNT_START acq=3 complete=15 cap=125
DBG_ANCHOR_CH5_SCAN_HANDLER role=2
DBG_DWM_CH5_RX_HUNT_EMPTY ret=-116 status=0x00000000 acq=3
DBG_ANCHOR_CH5_SCAN_BLOCKED win=0 survey=0 tx=0 retry_gap=0 wait=0 rx=0 rxq=0 rxr=0 ack=0 ch9=0 rf=1 retry=20 interval=380
DBG_ANCHOR_CH5_SCAN_RESCHED ret=1 delay=20
DBG_UWB_TX_CH5
DBG_TX_WAKE_CLAIM_SENT
DBG_UWB_TX_CH5
DBG_TX_WAKE_CLAIM_SENT
DBG_UWB_TX_CH5
DBG_TX_WAKE_CLAIM_SENT
DBG_DWM_CH5_RX_HUNT_START acq=3 complete=15 cap=125
DBG_ANCHOR_CH5_SCAN_HANDLER role=2
DBG_DWM_CH5_RX_HUNT_EMPTY ret=-116 status=0x00000000 acq=3
DBG_ANCHOR_CH5_SCAN_BLOCKED win=0 survey=0 tx=0 retry_gap=0 wait=0 rx=0 rxq=0 rxr=0 ack=0 ch9=0 rf=1 retry=20 interval=380
DBG_ANCHOR_CH5_SCAN_RESCHED ret=1 delay=20
DBG_UWB_TX_CH5
DBG_TX_WAKE_CLAIM_SENT
DBG_UWB_TX_CH5
DBG_TX_WAKE_CLAIM_SENT
DBG_UWB_TX_CH5
DBG_TX_WAKE_CLAIM_SENT
DBG_DWM_CH5_RX_HUNT_START acq=3 complete=15 cap=125
DBG_ANCHOR_CH5_SCAN_HANDLER role=2
DBG_DWM_CH5_RX_HUNT_EMPTY ret=-116 status=0x00000000 acq=3
DBG_ANCHOR_CH5_SCAN_BLOCKED win=0 survey=0 tx=0 retry_gap=0 wait=0 rx=0 rxq=0 rxr=0 ack=0 ch9=0 rf=1 retry=20 interval=380
DBG_ANCHOR_CH5_SCAN_RESCHED ret=1 delay=20
DBG_UWB_TX_CH5
DBG_TX_WAKE_CLAIM_SENT
DBG_UWB_TX_CH5
DBG_TX_WAKE_CLAIM_SENT
DBG_UWB_TX_CH5
DBG_TX_WAKE_CLAIM_SENT
DBG_DWM_CH5_RX_HUNT_START acq=3 complete=15 cap=125
DBG_ANCHOR_CH5_SCAN_HANDLER role=2
DBG_DWM_CH5_RX_HUNT_EMPTY ret=-116 status=0x00000000 acq=3
DBG_ANCHOR_CH5_SCAN_BLOCKED win=0 survey=0 tx=0 retry_gap=0 wait=0 rx=0 rxq=0 rxr=0 ack=0 ch9=0 rf=1 retry=20 interval=380
DBG_ANCHOR_CH5_SCAN_RESCHED ret=1 delay=20
DBG_UWB_TX_CH5
DBG_TX_WAKE_CLAIM_SENT
DBG_UWB_TX_CH5
DBG_TX_WAKE_CLAIM_SENT
DBG_UWB_TX_CH5
DBG_TX_WAKE_CLAIM_SENT
DBG_DWM_CH5_RX_HUNT_START acq=3 complete=15 cap=125
DBG_ANCHOR_CH5_SCAN_HANDLER role=2
DBG_DWM_CH5_RX_HUNT_EMPTY ret=-116 status=0x00000000 acq=3
DBG_ANCHOR_CH5_SCAN_BLOCKED win=0 survey=0 tx=0 retry_gap=0 wait=0 rx=0 rxq=0 rxr=0 ack=0 ch9=0 rf=1 retry=20 interval=380
DBG_ANCHOR_CH5_SCAN_RESCHED ret=1 delay=20
DBG_UWB_TX_CH5
DBG_TX_WAKE_CLAIM_SENT
DBG_UWB_TX_CH5
DBG_TX_WAKE_CLAIM_SENT
DBG_UWB_TX_CH5
DBG_TX_WAKE_CLAIM_SENT
DBG_DWM_CH5_RX_HUNT_START acq=3 complete=15 cap=125
DBG_ANCHOR_CH5_SCAN_HANDLER role=2
DBG_DWM_CH5_RX_HUNT_EMPTY ret=-116 status=0x00000000 acq=3
DBG_ANCHOR_CH5_SCAN_BLOCKED win=0 survey=0 tx=0 retry_gap=0 wait=0 rx=0 rxq=0 rxr=0 ack=0 ch9=0 rf=1 retry=20 interval=380
DBG_ANCHOR_CH5_SCAN_RESCHED ret=1 delay=20
DBG_UWB_TX_CH5
DBG_TX_WAKE_CLAIM_SENT
DBG_UWB_TX_CH5
DBG_TX_WAKE_CLAIM_SENT
DBG_UWB_TX_CH5
DBG_TX_WAKE_CLAIM_SENT
DBG_DWM_CH5_RX_HUNT_START acq=3 complete=15 cap=125
DBG_ANCHOR_CH5_SCAN_HANDLER role=2
DBG_DWM_CH5_RX_HUNT_EMPTY ret=-116 status=0x00000000 acq=3
DBG_ANCHOR_CH5_SCAN_BLOCKED win=0 survey=0 tx=0 retry_gap=0 wait=0 rx=0 rxq=0 rxr=0 ack=0 ch9=0 rf=1 retry=20 interval=380
DBG_ANCHOR_CH5_SCAN_RESCHED ret=1 delay=20
DBG_UWB_TX_CH5
DBG_TX_WAKE_CLAIM_SENT
DBG_UWB_TX_CH5
DBG_TX_WAKE_CLAIM_SENT
DBG_UWB_TX_CH5
DBG_TX_WAKE_CLAIM_SENT
DBG_DWM_CH5_RX_HUNT_START acq=3 complete=15 cap=125
DBG_ANCHOR_CH5_SCAN_HANDLER role=2
DBG_DWM_CH5_RX_HUNT_EMPTY ret=-116 status=0x00000000 acq=3
DBG_ANCHOR_CH5_SCAN_BLOCKED win=0 survey=0 tx=0 retry_gap=0 wait=0 rx=0 rxq=0 rxr=0 ack=0 ch9=0 rf=1 retry=20 interval=380
DBG_ANCHOR_CH5_SCAN_RESCHED ret=1 delay=20
DBG_UWB_TX_CH5
DBG_TX_WAKE_CLAIM_SENT
DBG_UWB_TX_CH5
DBG_TX_WAKE_CLAIM_SENT
DBG_UWB_TX_CH5
DBG_TX_WAKE_CLAIM_SENT
DBG_DWM_CH5_RX_HUNT_START acq=3 complete=15 cap=125
DBG_ANCHOR_CH5_SCAN_HANDLER role=2
DBG_DWM_CH5_RX_HUNT_EMPTY ret=-116 status=0x00000000 acq=3
DBG_ANCHOR_CH5_SCAN_BLOCKED win=0 survey=0 tx=0 retry_gap=0 wait=0 rx=0 rxq=0 rxr=0 ack=0 ch9=0 rf=1 retry=20 interval=380
DBG_ANCHOR_CH5_SCAN_RESCHED ret=1 delay=20
DBG_UWB_TX_CH5
DBG_TX_WAKE_CLAIM_SENT
DBG_UWB_TX_CH5
DBG_TX_WAKE_CLAIM_SENT
DBG_UWB_TX_CH5
DBG_TX_WAKE_CLAIM_SENT
DBG_DWM_CH5_RX_HUNT_START acq=3 complete=15 cap=125
DBG_ANCHOR_CH5_SCAN_HANDLER role=2
DBG_DWM_CH5_RX_HUNT_EMPTY ret=-116 status=0x00000000 acq=3
DBG_ANCHOR_CH5_SCAN_BLOCKED win=0 survey=0 tx=0 retry_gap=0 wait=0 rx=0 rxq=0 rxr=0 ack=0 ch9=0 rf=1 retry=20 interval=380
DBG_ANCHOR_CH5_SCAN_RESCHED ret=1 delay=20
DBG_UWB_TX_CH5
DBG_TX_WAKE_CLAIM_SENT
DBG_UWB_TX_CH5
DBG_TX_WAKE_CLAIM_SENT
DBG_UWB_TX_CH5
DBG_TX_WAKE_CLAIM_SENT
DBG_DWM_CH5_RX_HUNT_START acq=3 complete=15 cap=125
DBG_ANCHOR_CH5_SCAN_HANDLER role=2
DBG_DWM_CH5_RX_HUNT_EMPTY ret=-116 status=0x00000000 acq=3
DBG_ANCHOR_CH5_SCAN_BLOCKED win=0 survey=0 tx=0 retry_gap=0 wait=0 rx=0 rxq=0 rxr=0 ack=0 ch9=0 rf=1 retry=20 interval=380
DBG_ANCHOR_CH5_SCAN_RESCHED ret=1 delay=20
DBG_UWB_TX_CH5
DBG_TX_WAKE_CLAIM_SENT
DBG_UWB_TX_CH5
DBG_TX_WAKE_CLAIM_SENT
DBG_UWB_TX_CH5
DBG_TX_WAKE_CLAIM_SENT
DBG_DWM_CH5_RX_HUNT_START acq=3 complete=15 cap=125
DBG_ANCHOR_CH5_SCAN_HANDLER role=2
DBG_DWM_CH5_RX_HUNT_EMPTY ret=-116 status=0x00000000 acq=3
DBG_ANCHOR_CH5_SCAN_BLOCKED win=0 survey=0 tx=0 retry_gap=0 wait=0 rx=0 rxq=0 rxr=0 ack=0 ch9=0 rf=1 retry=20 interval=380
DBG_ANCHOR_CH5_SCAN_RESCHED ret=1 delay=20
DBG_UWB_TX_CH5
DBG_TX_WAKE_CLAIM_SENT
DBG_UWB_TX_CH5
DBG_TX_WAKE_CLAIM_SENT
DBG_UWB_TX_CH5
DBG_TX_WAKE_CLAIM_SENT
DBG_DWM_CH5_RX_HUNT_START acq=3 complete=15 cap=125
DBG_ANCHOR_CH5_SCAN_HANDLER role=2
DBG_DWM_CH5_RX_HUNT_EMPTY ret=-116 status=0x00000000 acq=3
DBG_ANCHOR_CH5_SCAN_BLOCKED win=0 survey=0 tx=0 retry_gap=0 wait=0 rx=0 rxq=0 rxr=0 ack=0 ch9=0 rf=1 retry=20 interval=380
DBG_ANCHOR_CH5_SCAN_RESCHED ret=1 delay=20
DBG_UWB_TX_CH5
DBG_TX_WAKE_CLAIM_SENT
DBG_UWB_TX_CH5
DBG_TX_WAKE_CLAIM_SENT
DBG_UWB_TX_CH5
DBG_TX_WAKE_CLAIM_SENT
DBG_DWM_CH5_RX_HUNT_START acq=3 complete=15 cap=125
DBG_ANCHOR_CH5_SCAN_HANDLER role=2
DBG_DWM_CH5_RX_HUNT_EMPTY ret=-116 status=0x00000000 acq=3
DBG_ANCHOR_CH5_SCAN_BLOCKED win=0 survey=0 tx=0 retry_gap=0 wait=0 rx=0 rxq=0 rxr=0 ack=0 ch9=0 rf=1 retry=20 interval=380
DBG_ANCHOR_CH5_SCAN_RESCHED ret=1 delay=20
DBG_UWB_TX_CH5
DBG_TX_WAKE_CLAIM_SENT
DBG_ANCHOR_CH5_SCAN_HANDLER role=2
DBG_ANCHOR_CH5_SCAN_BLOCKED win=0 survey=0 tx=0 retry_gap=0 wait=0 rx=0 rxq=0 rxr=0 ack=0 ch9=0 rf=1 retry=20 interval=380
DBG_ANCHOR_CH5_SCAN_RESCHED ret=1 delay=20
DBG_ROUTE_REQ_REBROADCAST_TURNAROUND delay=40
DBG_ANCHOR_CH5_SCAN_HANDLER role=2
DBG_ANCHOR_CH9_REARM delay=0 ret=1 ack=0
DBG_ANCHOR_CH5_SCAN_BLOCKED win=0 survey=0 tx=0 retry_gap=0 wait=0 rx=0 rxq=0 rxr=0 ack=0 ch9=1 rf=0 retry=245 interval=380
DBG_ANCHOR_CH5_SCAN_RESCHED ret=1 delay=245
DBG_DWM_WAKE_MESH_CTRL_OK sfd=4073
DBG_C5_TX_CONFIG ret=0 ext=1 len=168 msg=35 reason=route-request-rebroadcast-control
DBG_UWB_TX_CH5
DBG_ROUTE_REQ_REBROADCAST_TX ret=0 seq=7 ttl=1
DBG_ROUTE_REQ_REBROADCAST_REPLY_MISS listen_ret=-116 win=710
DBG_CH9_SKIP_STALE n=2 now=180333 next=180761 cnt=325742952 reason=rx-select
DBG_CH5_GAP_SCAN now=180333 win=100 next_delay=1008
DBG_CH5_GAP_SCAN_DONE frames=0 last_error=0 now=180433 deadline=180433 click=0
DBG_DWM_KEEP_IDLE reason=mesh-rx ch9=1 ack=0 qack=0 ret=0
DBG_CH5_GAP_SCAN now=180434 win=100 next_delay=907
DBG_ANCHOR_CH5_SCAN_HANDLER role=2
DBG_ANCHOR_CH5_SCAN_BLOCKED win=0 survey=0 tx=0 retry_gap=0 wait=0 rx=0 rxq=0 rxr=0 ack=0 ch9=0 rf=1 retry=20 interval=380
DBG_ANCHOR_CH5_SCAN_RESCHED ret=1 delay=20
DBG_CH5_GAP_SCAN_DONE frames=0 last_error=0 now=180534 deadline=180534 click=0
DBG_DWM_KEEP_IDLE reason=mesh-rx ch9=1 ack=0 qack=0 ret=0
DBG_CH5_GAP_SCAN now=180535 win=100 next_delay=806
DBG_ANCHOR_CH5_SCAN_HANDLER role=2
DBG_ANCHOR_CH5_SCAN_BLOCKED win=0 survey=0 tx=0 retry_gap=0 wait=0 rx=0 rxq=0 rxr=0 ack=0 ch9=0 rf=1 retry=20 interval=380
DBG_ANCHOR_CH5_SCAN_RESCHED ret=1 delay=20
DBG_ANCHOR_CH5_SCAN_HANDLER role=2
DBG_ANCHOR_CH5_SCAN_BLOCKED win=0 survey=0 tx=0 retry_gap=0 wait=0 rx=0 rxq=0 rxr=0 ack=0 ch9=0 rf=1 retry=20 interval=380
DBG_ANCHOR_CH5_SCAN_RESCHED ret=1 delay=20
DBG_ANCHOR_CH5_SCAN_HANDLER role=2
DBG_ANCHOR_CH5_SCAN_BLOCKED win=0 survey=0 tx=0 retry_gap=0 wait=0 rx=0 rxq=0 rxr=0 ack=0 ch9=0 rf=1 retry=20 interval=380
DBG_ANCHOR_CH5_SCAN_RESCHED ret=1 delay=20
DBG_ANCHOR_CH5_SCAN_HANDLER role=2
DBG_ANCHOR_CH5_SCAN_BLOCKED win=0 survey=0 tx=0 retry_gap=0 wait=0 rx=0 rxq=0 rxr=0 ack=0 ch9=0 rf=1 retry=20 interval=380
DBG_ANCHOR_CH5_SCAN_RESCHED ret=1 delay=20
DBG_ANCHOR_CH5_SCAN_HANDLER role=2
DBG_CH5_GAP_SCAN_DONE frames=0 last_error=0 now=180635 deadline=180635 click=0
DBG_DWM_KEEP_IDLE reason=mesh-rx ch9=1 ack=0 qack=0 ret=0
DBG_CH5_GAP_SCAN now=180636 win=100 next_delay=705
DBG_ANCHOR_CH5_SCAN_BLOCKED win=0 survey=0 tx=0 retry_gap=0 wait=0 rx=0 rxq=0 rxr=0 ack=0 ch9=0 rf=1 retry=20 interval=380
DBG_ANCHOR_CH5_SCAN_RESCHED ret=1 delay=20
DBG_ANCHOR_CH5_SCAN_HANDLER role=2
DBG_CH5_GAP_REARM_ERROR ret=-5 fail=4 rem=81
DBG_ANCHOR_CH5_SCAN_BLOCKED win=0 survey=0 tx=0 retry_gap=0 wait=0 rx=0 rxq=0 rxr=0 ack=0 ch9=0 rf=1 retry=20 interval=380
DBG_ANCHOR_CH5_SCAN_RESCHED ret=1 delay=20
DBG_ANCHOR_CH5_SCAN_HANDLER role=2
DBG_ANCHOR_CH5_SCAN_BLOCKED win=0 survey=0 tx=0 retry_gap=0 wait=0 rx=0 rxq=0 rxr=0 ack=0 ch9=0 rf=1 retry=20 interval=380
DBG_ANCHOR_CH5_SCAN_RESCHED ret=1 delay=20
DBG_ANCHOR_CH5_SCAN_HANDLER role=2
DBG_ANCHOR_CH5_SCAN_BLOCKED win=0 survey=0 tx=0 retry_gap=0 wait=0 rx=0 rxq=0 rxr=0 ack=0 ch9=0 rf=1 retry=20 interval=380
DBG_ANCHOR_CH5_SCAN_RESCHED ret=1 delay=20
DBG_ANCHOR_CH5_SCAN_HANDLER role=2
DBG_CH5_GAP_SCAN_DONE frames=0 last_error=-5 now=180737 deadline=180736 click=0
DBG_DWM_KEEP_IDLE reason=mesh-rx ch9=1 ack=0 qack=0 ret=0
DBG_CH5_GAP_SCAN now=180738 win=100 next_delay=603
DBG_ANCHOR_CH5_SCAN_BLOCKED win=0 survey=0 tx=0 retry_gap=0 wait=0 rx=0 rxq=0 rxr=0 ack=0 ch9=0 rf=1 retry=20 interval=380
DBG_ANCHOR_CH5_SCAN_RESCHED ret=1 delay=20
DBG_ANCHOR_CH5_SCAN_HANDLER role=2
DBG_ANCHOR_CH5_SCAN_BLOCKED win=0 survey=0 tx=0 retry_gap=0 wait=0 rx=0 rxq=0 rxr=0 ack=0 ch9=0 rf=1 retry=20 interval=380
DBG_ANCHOR_CH5_SCAN_RESCHED ret=1 delay=20
DBG_ANCHOR_CH5_SCAN_HANDLER role=2
DBG_ANCHOR_CH5_SCAN_BLOCKED win=0 survey=0 tx=0 retry_gap=0 wait=0 rx=0 rxq=0 rxr=0 ack=0 ch9=0 rf=1 retry=20 interval=380
DBG_ANCHOR_CH5_SCAN_RESCHED ret=1 delay=20
DBG_ANCHOR_CH5_SCAN_HANDLER role=2
DBG_ANCHOR_CH5_SCAN_BLOCKED win=0 survey=0 tx=0 retry_gap=0 wait=0 rx=0 rxq=0 rxr=0 ack=0 ch9=0 rf=1 retry=20 interval=380
DBG_ANCHOR_CH5_SCAN_RESCHED ret=1 delay=20
DBG_ANCHOR_CH5_SCAN_HANDLER role=2
DBG_CH5_GAP_SCAN_DONE frames=0 last_error=0 now=180838 deadline=180838 click=0
DBG_DWM_KEEP_IDLE reason=mesh-rx ch9=1 ack=0 qack=0 ret=0
DBG_CH5_GAP_SCAN now=180839 win=100 next_delay=502
DBG_ANCHOR_CH5_SCAN_BLOCKED win=0 survey=0 tx=0 retry_gap=0 wait=0 rx=0 rxq=0 rxr=0 ack=0 ch9=0 rf=1 retry=20 interval=380
DBG_ANCHOR_CH5_SCAN_RESCHED ret=1 delay=20
DBG_ANCHOR_CH5_SCAN_HANDLER role=2
DBG_ANCHOR_CH5_SCAN_BLOCKED win=0 survey=0 tx=0 retry_gap=0 wait=0 rx=0 rxq=0 rxr=0 ack=0 ch9=0 rf=1 retry=20 interval=380
DBG_ANCHOR_CH5_SCAN_RESCHED ret=1 delay=20
DBG_ANCHOR_CH5_SCAN_HANDLER role=2
DBG_ANCHOR_CH5_SCAN_BLOCKED win=0 survey=0 tx=0 retry_gap=0 wait=0 rx=0 rxq=0 rxr=0 ack=0 ch9=0 rf=1 retry=20 interval=380
DBG_ANCHOR_CH5_SCAN_RESCHED ret=1 delay=20
DBG_UWB_RX_CH5
DBG_CH5_GAP_SCAN_DONE frames=0 last_error=0 now=180900 deadline=180939 click=1
DBG_UWB_RX_CH5
DBG_DWM_KEEP_IDLE reason=mesh-rx ch9=1 ack=0 qack=0 ret=0
DBG_C5_CONTACT phase=closing state=4 peer=0x708bc0aab970300e purpose=route_solicit reason=replace
DBG_C5_CONTACT phase=open state=2 peer=0x191a9619c6c8cb07 purpose=route_solicit reason=wake-claim
DBG_C5_CONTACT phase=accepted state=2 peer=0x191a9619c6c8cb07 purpose=route_solicit reason=wake-claim
DBG_ANCHOR_ROUTE_WAKE_HANDOFF src=0x191a9619c6c8cb07 evt=177325 attempt=1 flags=0x93 embedded=0 listen=2000
DBG_C5_CONTACT phase=closing state=4 peer=0x191a9619c6c8cb07 purpose=route_solicit reason=replace
DBG_C5_CONTACT phase=open state=2 peer=0x191a9619c6c8cb07 purpose=gateway_command_flood reason=gateway-command-wake-followup
DBG_C5_CONTACT phase=accepted state=2 peer=0x191a9619c6c8cb07 purpose=gateway_command_flood reason=gateway-command-wake-follow
DBG_ROUTE_REPLY_LISTEN_START
DBG_ANCHOR_CH5_SCAN_HANDLER role=2
DBG_DWM_WAKE_MESH_CTRL_OK sfd=4073
DBG_C5_CONTROL_LISTENER_HOLD_EXTENDED
DBG_C5_RX_FAIL status=0x00001700 finfo=0x00000000 fail=4 phy=4 ch=5 plen=3 pac=2 txc=9 rxc=9 sfd=2 rate=0 phr=1 phrr=0 sfdto=4
DBG_C5_CONTROL_LISTENER_HOLD_EXTENDED
DBG_ANCHOR_CH5_SCAN_HANDLER role=2
DBG_ANCHOR_CH5_SCAN_BLOCKED win=0 survey=0 tx=0 retry_gap=0 wait=0 rx=0 rxq=0 rxr=0 ack=0 ch9=0 rf=1 retry=20 interval=380
DBG_ANCHOR_CH5_SCAN_RESCHED ret=1 delay=20
DBG_C5_CONTROL_LISTENER_HOLD_EXTENDED
DBG_C5_CONTROL_LISTENER_HOLD_EXTENDED
DBG_ANCHOR_CH5_SCAN_HANDLER role=2
DBG_C5_CONTROL_LISTENER_HOLD_EXTENDED
DBG_ANCHOR_CH5_SCAN_BLOCKED win=0 survey=0 tx=0 retry_gap=0 wait=0 rx=0 rxq=0 rxr=0 ack=0 ch9=0 rf=1 retry=20 interval=380
DBG_ANCHOR_CH5_SCAN_RESCHED ret=1 delay=20
DBG_C5_CONTROL_LISTENER_HOLD_EXTENDED
DBG_C5_CONTROL_LISTENER_HOLD_EXTENDED
DBG_C5_CONTROL_LISTENER_HOLD_EXTENDED
DBG_ANCHOR_CH5_SCAN_HANDLER role=2
DBG_ANCHOR_CH5_SCAN_BLOCKED win=0 survey=0 tx=0 retry_gap=0 wait=0 rx=0 rxq=0 rxr=0 ack=0 ch9=0 rf=1 retry=20 interval=380
DBG_ANCHOR_CH5_SCAN_RESCHED ret=1 delay=20
DBG_C5_CONTROL_LISTENER_HOLD_EXTENDED
DBG_C5_CONTROL_LISTENER_HOLD_EXTENDED
DBG_C5_CONTROL_LISTENER_HOLD_EXTENDED
DBG_ANCHOR_CH5_SCAN_HANDLER role=2
DBG_ANCHOR_CH5_SCAN_BLOCKED win=0 survey=0 tx=0 retry_gap=0 wait=0 rx=0 rxq=0 rxr=0 ack=0 ch9=0 rf=1 retry=20 interval=380
DBG_ANCHOR_CH5_SCAN_RESCHED ret=1 delay=20
DBG_C5_CONTROL_LISTENER_HOLD_EXTENDED
DBG_C5_CONTROL_LISTENER_HOLD_EXTENDED
DBG_ANCHOR_CH5_SCAN_HANDLER role=2
DBG_C5_CONTROL_LISTENER_HOLD_EXTENDED
DBG_ANCHOR_CH5_SCAN_BLOCKED win=0 survey=0 tx=0 retry_gap=0 wait=0 rx=0 rxq=0 rxr=0 ack=0 ch9=0 rf=1 retry=20 interval=380
DBG_ANCHOR_CH5_SCAN_RESCHED ret=1 delay=20
DBG_C5_CONTROL_LISTENER_HOLD_EXTENDED
DBG_C5_CONTROL_LISTENER_HOLD_EXTENDED
DBG_ANCHOR_CH5_SCAN_HANDLER role=2
DBG_C5_CONTROL_LISTENER_HOLD_EXTENDED
DBG_ANCHOR_CH5_SCAN_BLOCKED win=0 survey=0 tx=0 retry_gap=0 wait=0 rx=0 rxq=0 rxr=0 ack=0 ch9=0 rf=1 retry=20 interval=380
DBG_ANCHOR_CH5_SCAN_RESCHED ret=1 delay=20
DBG_C5_CONTROL_LISTENER_HOLD_EXTENDED
DBG_C5_CONTROL_LISTENER_HOLD_EXTENDED
DBG_C5_CONTROL_LISTENER_HOLD_EXTENDED
DBG_ANCHOR_CH5_SCAN_HANDLER role=2
DBG_ANCHOR_CH5_SCAN_BLOCKED win=0 survey=0 tx=0 retry_gap=0 wait=0 rx=0 rxq=0 rxr=0 ack=0 ch9=0 rf=1 retry=20 interval=380
DBG_C5_CONTROL_LISTENER_HOLD_EXTENDED
DBG_ANCHOR_CH5_SCAN_RESCHED ret=1 delay=20
DBG_C5_CONTROL_LISTENER_HOLD_EXTENDED
DBG_C5_CONTROL_LISTENER_HOLD_EXTENDED
DBG_ANCHOR_CH5_SCAN_HANDLER role=2
DBG_C5_CONTROL_LISTENER_HOLD_EXTENDED
DBG_ANCHOR_CH5_SCAN_BLOCKED win=0 survey=0 tx=0 retry_gap=0 wait=0 rx=0 rxq=0 rxr=0 ack=0 ch9=0 rf=1 retry=20 interval=380
DBG_ANCHOR_CH5_SCAN_RESCHED ret=1 delay=20
DBG_C5_CONTROL_LISTENER_HOLD_EXTENDED
DBG_C5_CONTROL_LISTENER_HOLD_EXTENDED
DBG_ANCHOR_CH5_SCAN_HANDLER role=2
DBG_C5_CONTROL_LISTENER_HOLD_EXTENDED
DBG_ANCHOR_CH5_SCAN_BLOCKED win=0 survey=0 tx=0 retry_gap=0 wait=0 rx=0 rxq=0 rxr=0 ack=0 ch9=0 rf=1 retry=20 interval=380
DBG_ANCHOR_CH5_SCAN_RESCHED ret=1 delay=20
DBG_C5_CONTROL_LISTENER_HOLD_EXTENDED
DBG_C5_CONTROL_LISTENER_HOLD_EXTENDED
DBG_C5_CONTROL_LISTENER_HOLD_EXTENDED
DBG_ANCHOR_CH5_SCAN_HANDLER role=2
DBG_ANCHOR_CH5_SCAN_BLOCKED win=0 survey=0 tx=0 retry_gap=0 wait=0 rx=0 rxq=0 rxr=0 ack=0 ch9=0 rf=1 retry=20 interval=380
DBG_ANCHOR_CH5_SCAN_RESCHED ret=1 delay=20
DBG_C5_CONTROL_LISTENER_HOLD_EXTENDED
DBG_C5_CONTROL_LISTENER_HOLD_EXTENDED
DBG_ANCHOR_CH5_SCAN_HANDLER role=2
DBG_C5_CONTROL_LISTENER_HOLD_EXTENDED
DBG_ANCHOR_CH5_SCAN_BLOCKED win=0 survey=0 tx=0 retry_gap=0 wait=0 rx=0 rxq=0 rxr=0 ack=0 ch9=0 rf=1 retry=20 interval=380
DBG_ANCHOR_CH5_SCAN_RESCHED ret=1 delay=20
DBG_C5_CONTROL_LISTENER_HOLD_EXTENDED
DBG_C5_CONTROL_LISTENER_HOLD_EXTENDED
DBG_C5_CONTROL_LISTENER_HOLD_EXTENDED
DBG_ANCHOR_CH5_SCAN_HANDLER role=2
DBG_ANCHOR_CH5_SCAN_BLOCKED win=0 survey=0 tx=0 retry_gap=0 wait=0 rx=0 rxq=0 rxr=0 ack=0 ch9=0 rf=1 retry=20 interval=380
DBG_ANCHOR_CH5_SCAN_RESCHED ret=1 delay=20
DBG_C5_CONTROL_LISTENER_HOLD_EXTENDED
DBG_C5_CONTROL_LISTENER_HOLD_EXTENDED
DBG_C5_CONTROL_LISTENER_HOLD_EXTENDED
DBG_ANCHOR_CH5_SCAN_HANDLER role=2
DBG_ANCHOR_CH5_SCAN_BLOCKED win=0 survey=0 tx=0 retry_gap=0 wait=0 rx=0 rxq=0 rxr=0 ack=0 ch9=0 rf=1 retry=20 interval=380
DBG_ANCHOR_CH5_SCAN_RESCHED ret=1 delay=20
DBG_C5_CONTROL_LISTENER_HOLD_EXTENDED
DBG_C5_CONTROL_LISTENER_HOLD_EXTENDED
DBG_C5_CONTROL_LISTENER_HOLD_EXTENDED
DBG_ANCHOR_CH5_SCAN_HANDLER role=2
DBG_ANCHOR_CH5_SCAN_BLOCKED win=0 survey=0 tx=0 retry_gap=0 wait=0 rx=0 rxq=0 rxr=0 ack=0 ch9=0 rf=1 retry=20 interval=380
DBG_C5_CONTROL_LISTENER_HOLD_EXTENDED
DBG_ANCHOR_CH5_SCAN_RESCHED ret=1 delay=20
DBG_C5_CONTROL_LISTENER_HOLD_EXTENDED
DBG_C5_CONTROL_LISTENER_HOLD_EXTENDED
DBG_ANCHOR_CH5_SCAN_HANDLER role=2
DBG_C5_CONTROL_LISTENER_HOLD_EXTENDED
DBG_ANCHOR_CH5_SCAN_BLOCKED win=0 survey=0 tx=0 retry_gap=0 wait=0 rx=0 rxq=0 rxr=0 ack=0 ch9=0 rf=1 retry=20 interval=380
DBG_ANCHOR_CH5_SCAN_RESCHED ret=1 delay=20
DBG_ANCHOR_CH5_SCAN_HANDLER role=2
DBG_ANCHOR_CH5_SCAN_BLOCKED win=0 survey=0 tx=0 retry_gap=0 wait=0 rx=0 rxq=0 rxr=0 ack=0 ch9=0 rf=1 retry=20 interval=380
DBG_ANCHOR_CH5_SCAN_RESCHED ret=1 delay=20
DBG_ANCHOR_CH5_SCAN_HANDLER role=2
DBG_ANCHOR_CH5_SCAN_BLOCKED win=0 survey=0 tx=0 retry_gap=0 wait=0 rx=0 rxq=0 rxr=0 ack=0 ch9=0 rf=1 retry=20 interval=380
DBG_ANCHOR_CH5_SCAN_RESCHED ret=1 delay=20
DBG_ANCHOR_CH5_SCAN_HANDLER role=2
DBG_ANCHOR_CH5_SCAN_BLOCKED win=0 survey=0 tx=0 retry_gap=0 wait=0 rx=0 rxq=0 rxr=0 ack=0 ch9=0 rf=1 retry=20 interval=380
DBG_ANCHOR_CH5_SCAN_RESCHED ret=1 delay=20
DBG_ANCHOR_CH5_SCAN_HANDLER role=2
DBG_ANCHOR_CH5_SCAN_BLOCKED win=0 survey=0 tx=0 retry_gap=0 wait=0 rx=0 rxq=0 rxr=0 ack=0 ch9=0 rf=1 retry=20 interval=380
DBG_ANCHOR_CH5_SCAN_RESCHED ret=1 delay=20
DBG_ANCHOR_CH5_SCAN_HANDLER role=2
DBG_ANCHOR_CH5_SCAN_BLOCKED win=0 survey=0 tx=0 retry_gap=0 wait=0 rx=0 rxq=0 rxr=0 ack=0 ch9=0 rf=1 retry=20 interval=380
DBG_ANCHOR_CH5_SCAN_RESCHED ret=1 delay=20
DBG_ROUTE_REPLY_RX_FRAME
DBG_ROUTE_REPLY_RX
DBG_ROUTE_REPLY_UNRELATED msg=0x36 src=0x9999888877776666 dst=0x708bc0aab970300e prev=0x191a9619c6c8cb07 target=0x191a9619c6c8
DBG_ANCHOR_CH5_SCAN_HANDLER role=2
DBG_ANCHOR_CH5_SCAN_BLOCKED win=0 survey=0 tx=0 retry_gap=0 wait=0 rx=0 rxq=0 rxr=0 ack=0 ch9=0 rf=1 retry=20 interval=380
DBG_ANCHOR_CH5_SCAN_RESCHED ret=1 delay=20
DBG_ANCHOR_CH5_SCAN_HANDLER role=2
DBG_ANCHOR_CH5_SCAN_BLOCKED win=0 survey=0 tx=0 retry_gap=0 wait=0 rx=0 rxq=0 rxr=0 ack=0 ch9=0 rf=1 retry=20 interval=380
DBG_ANCHOR_CH5_SCAN_RESCHED ret=1 delay=20
DBG_ANCHOR_CH5_SCAN_HANDLER role=2
DBG_ANCHOR_CH5_SCAN_BLOCKED win=0 survey=0 tx=0 retry_gap=0 wait=0 rx=0 rxq=0 rxr=0 ack=0 ch9=0 rf=1 retry=20 interval=380
DBG_ANCHOR_CH5_SCAN_RESCHED ret=1 delay=20
DBG_ANCHOR_CH5_SCAN_HANDLER role=2
DBG_ANCHOR_CH5_SCAN_BLOCKED win=0 survey=0 tx=0 retry_gap=0 wait=0 rx=0 rxq=0 rxr=0 ack=0 ch9=0 rf=1 retry=20 interval=380
DBG_ANCHOR_CH5_SCAN_RESCHED ret=1 delay=20
DBG_ANCHOR_CH5_SCAN_HANDLER role=2
DBG_ANCHOR_CH5_SCAN_BLOCKED win=0 survey=0 tx=0 retry_gap=0 wait=0 rx=0 rxq=0 rxr=0 ack=0 ch9=0 rf=1 retry=20 interval=380
DBG_ANCHOR_CH5_SCAN_RESCHED ret=1 delay=20
DBG_ANCHOR_CH5_SCAN_HANDLER role=2
DBG_ANCHOR_CH5_SCAN_BLOCKED win=0 survey=0 tx=0 retry_gap=0 wait=0 rx=0 rxq=0 rxr=0 ack=0 ch9=0 rf=1 retry=20 interval=380
DBG_ANCHOR_CH5_SCAN_RESCHED ret=1 delay=20
DBG_CH9_SKIP_STALE n=1 now=181584 next=182041 cnt=325742954 reason=c5-listener-rx
DBG_ANCHOR_CH5_SCAN_HANDLER role=2
DBG_ANCHOR_CH5_SCAN_BLOCKED win=0 survey=0 tx=0 retry_gap=0 wait=0 rx=0 rxq=0 rxr=0 ack=0 ch9=0 rf=1 retry=20 interval=380
DBG_ANCHOR_CH5_SCAN_RESCHED ret=1 delay=20
DBG_ANCHOR_CH5_SCAN_HANDLER role=2
DBG_ANCHOR_CH5_SCAN_BLOCKED win=0 survey=0 tx=0 retry_gap=0 wait=0 rx=0 rxq=0 rxr=0 ack=0 ch9=0 rf=1 retry=20 interval=380
DBG_ANCHOR_CH5_SCAN_RESCHED ret=1 delay=20
DBG_ANCHOR_CH5_SCAN_HANDLER role=2
DBG_ANCHOR_CH5_SCAN_BLOCKED win=0 survey=0 tx=0 retry_gap=0 wait=0 rx=0 rxq=0 rxr=0 ack=0 ch9=0 rf=1 retry=20 interval=380
DBG_ANCHOR_CH5_SCAN_RESCHED ret=1 delay=20
DBG_C5_CONTROL_LISTENER_HOLD_EXTENDED
DBG_C5_CONTROL_LISTENER_HOLD_EXTENDED
DBG_C5_CONTROL_LISTENER_HOLD_EXTENDED
DBG_ANCHOR_CH5_SCAN_HANDLER role=2
DBG_C5_CONTROL_LISTENER_HOLD_EXTENDED
DBG_ANCHOR_CH5_SCAN_BLOCKED win=0 survey=0 tx=0 retry_gap=0 wait=0 rx=0 rxq=0 rxr=0 ack=0 ch9=0 rf=1 retry=20 interval=380
DBG_ANCHOR_CH5_SCAN_RESCHED ret=1 delay=20
DBG_C5_CONTROL_LISTENER_HOLD_EXTENDED
DBG_C5_CONTROL_LISTENER_HOLD_EXTENDED
DBG_ANCHOR_CH5_SCAN_HANDLER role=2
DBG_ANCHOR_CH5_SCAN_BLOCKED win=0 survey=0 tx=0 retry_gap=0 wait=0 rx=0 rxq=0 rxr=0 ack=0 ch9=0 rf=1 retry=20 interval=380
DBG_ANCHOR_CH5_SCAN_RESCHED ret=1 delay=20
DBG_C5_CONTROL_LISTENER_HOLD_EXTENDED
DBG_C5_CONTROL_LISTENER_HOLD_EXTENDED
DBG_C5_CONTROL_LISTENER_HOLD_EXTENDED
DBG_ANCHOR_CH5_SCAN_HANDLER role=2
DBG_ANCHOR_CH5_SCAN_BLOCKED win=0 survey=0 tx=0 retry_gap=0 wait=0 rx=0 rxq=0 rxr=0 ack=0 ch9=0 rf=1 retry=20 interval=380
DBG_ANCHOR_CH5_SCAN_RESCHED ret=1 delay=20
DBG_C5_CONTROL_LISTENER_HOLD_EXTENDED
DBG_C5_CONTROL_LISTENER_HOLD_EXTENDED
DBG_C5_CONTROL_LISTENER_HOLD_EXTENDED
DBG_ANCHOR_CH5_SCAN_HANDLER role=2
DBG_ANCHOR_CH5_SCAN_BLOCKED win=0 survey=0 tx=0 retry_gap=0 wait=0 rx=0 rxq=0 rxr=0 ack=0 ch9=0 rf=1 retry=20 interval=380
DBG_ANCHOR_CH5_SCAN_RESCHED ret=1 delay=20
DBG_C5_CONTROL_LISTENER_HOLD_EXTENDED
DBG_C5_CONTROL_LISTENER_HOLD_EXTENDED
DBG_ANCHOR_CH5_SCAN_HANDLER role=2
DBG_C5_CONTROL_LISTENER_HOLD_EXTENDED
DBG_ANCHOR_CH5_SCAN_BLOCKED win=0 survey=0 tx=0 retry_gap=0 wait=0 rx=0 rxq=0 rxr=0 ack=0 ch9=0 rf=1 retry=20 interval=380
DBG_ANCHOR_CH5_SCAN_RESCHED ret=1 delay=20
DBG_C5_CONTROL_LISTENER_HOLD_EXTENDED
DBG_C5_CONTROL_LISTENER_HOLD_EXTENDED
DBG_ANCHOR_CH5_SCAN_HANDLER role=2
DBG_C5_CONTROL_LISTENER_HOLD_EXTENDED
DBG_ANCHOR_CH5_SCAN_BLOCKED win=0 survey=0 tx=0 retry_gap=0 wait=0 rx=0 rxq=0 rxr=0 ack=0 ch9=0 rf=1 retry=20 interval=380
DBG_ANCHOR_CH5_SCAN_RESCHED ret=1 delay=20
DBG_C5_CONTROL_LISTENER_HOLD_EXTENDED
DBG_C5_CONTROL_LISTENER_HOLD_EXTENDED
DBG_C5_CONTROL_LISTENER_HOLD_EXTENDED
DBG_ANCHOR_CH5_SCAN_HANDLER role=2
DBG_ANCHOR_CH5_SCAN_BLOCKED win=0 survey=0 tx=0 retry_gap=0 wait=0 rx=0 rxq=0 rxr=0 ack=0 ch9=0 rf=1 retry=20 interval=380
DBG_C5_CONTROL_LISTENER_HOLD_EXTENDED
DBG_ANCHOR_CH5_SCAN_RESCHED ret=1 delay=20
DBG_C5_CONTROL_LISTENER_HOLD_EXTENDED
DBG_C5_CONTROL_LISTENER_HOLD_EXTENDED
DBG_ANCHOR_CH5_SCAN_HANDLER role=2
DBG_C5_CONTROL_LISTENER_HOLD_EXTENDED
DBG_ANCHOR_CH5_SCAN_BLOCKED win=0 survey=0 tx=0 retry_gap=0 wait=0 rx=0 rxq=0 rxr=0 ack=0 ch9=0 rf=1 retry=20 interval=380
DBG_ANCHOR_CH5_SCAN_RESCHED ret=1 delay=20
DBG_C5_CONTROL_LISTENER_HOLD_EXTENDED
DBG_C5_CONTROL_LISTENER_HOLD_EXTENDED
DBG_ANCHOR_CH5_SCAN_HANDLER role=2
DBG_C5_CONTROL_LISTENER_HOLD_EXTENDED
DBG_ANCHOR_CH5_SCAN_BLOCKED win=0 survey=0 tx=0 retry_gap=0 wait=0 rx=0 rxq=0 rxr=0 ack=0 ch9=0 rf=1 retry=20 interval=380
DBG_ANCHOR_CH5_SCAN_RESCHED ret=1 delay=20
DBG_C5_CONTROL_LISTENER_HOLD_EXTENDED
DBG_C5_CONTROL_LISTENER_HOLD_EXTENDED
DBG_C5_CONTROL_LISTENER_HOLD_EXTENDED
DBG_ANCHOR_CH5_SCAN_HANDLER role=2
DBG_ANCHOR_CH5_SCAN_BLOCKED win=0 survey=0 tx=0 retry_gap=0 wait=0 rx=0 rxq=0 rxr=0 ack=0 ch9=0 rf=1 retry=20 interval=380
DBG_ANCHOR_CH5_SCAN_RESCHED ret=1 delay=20
DBG_C5_CONTROL_LISTENER_HOLD_EXTENDED
DBG_C5_CONTROL_LISTENER_HOLD_EXTENDED
DBG_ANCHOR_CH5_SCAN_HANDLER role=2
DBG_C5_CONTROL_LISTENER_HOLD_EXTENDED
DBG_ANCHOR_CH5_SCAN_BLOCKED win=0 survey=0 tx=0 retry_gap=0 wait=0 rx=0 rxq=0 rxr=0 ack=0 ch9=0 rf=1 retry=20 interval=380
DBG_ANCHOR_CH5_SCAN_RESCHED ret=1 delay=20
DBG_C5_CONTROL_LISTENER_HOLD_EXTENDED
DBG_C5_CONTROL_LISTENER_HOLD_EXTENDED
DBG_C5_CONTROL_LISTENER_HOLD_EXTENDED
DBG_ANCHOR_CH5_SCAN_HANDLER role=2
DBG_ANCHOR_CH5_SCAN_BLOCKED win=0 survey=0 tx=0 retry_gap=0 wait=0 rx=0 rxq=0 rxr=0 ack=0 ch9=0 rf=1 retry=20 interval=380
DBG_ANCHOR_CH5_SCAN_RESCHED ret=1 delay=20
DBG_C5_CONTROL_LISTENER_HOLD_EXTENDED
DBG_C5_CONTROL_LISTENER_HOLD_EXTENDED
DBG_C5_CONTROL_LISTENER_HOLD_EXTENDED
DBG_ANCHOR_CH5_SCAN_HANDLER role=2
DBG_ANCHOR_CH5_SCAN_BLOCKED win=0 survey=0 tx=0 retry_gap=0 wait=0 rx=0 rxq=0 rxr=0 ack=0 ch9=0 rf=1 retry=20 interval=380
DBG_ANCHOR_CH5_SCAN_RESCHED ret=1 delay=20
DBG_C5_CONTROL_LISTENER_HOLD_EXTENDED
DBG_C5_CONTROL_LISTENER_HOLD_EXTENDED
DBG_C5_CONTROL_LISTENER_HOLD_EXTENDED
DBG_ANCHOR_CH5_SCAN_HANDLER role=2
DBG_ANCHOR_CH5_SCAN_BLOCKED win=0 survey=0 tx=0 retry_gap=0 wait=0 rx=0 rxq=0 rxr=0 ack=0 ch9=0 rf=1 retry=20 interval=380
DBG_C5_CONTROL_LISTENER_HOLD_EXTENDED
DBG_ANCHOR_CH5_SCAN_RESCHED ret=1 delay=20
DBG_C5_CONTROL_LISTENER_HOLD_EXTENDED
DBG_C5_CONTROL_LISTENER_HOLD_EXTENDED
DBG_ANCHOR_CH5_SCAN_HANDLER role=2
DBG_C5_CONTROL_LISTENER_HOLD_EXTENDED
DBG_ANCHOR_CH5_SCAN_BLOCKED win=0 survey=0 tx=0 retry_gap=0 wait=0 rx=0 rxq=0 rxr=0 ack=0 ch9=0 rf=1 retry=20 interval=380
DBG_ANCHOR_CH5_SCAN_RESCHED ret=1 delay=20
DBG_C5_CONTROL_LISTENER_HOLD_EXTENDED
DBG_C5_CONTROL_LISTENER_HOLD_EXTENDED
DBG_C5_CONTROL_LISTENER_HOLD_EXTENDED
DBG_ANCHOR_CH5_SCAN_HANDLER role=2
DBG_ANCHOR_CH5_SCAN_BLOCKED win=0 survey=0 tx=0 retry_gap=0 wait=0 rx=0 rxq=0 rxr=0 ack=0 ch9=0 rf=1 retry=20 interval=380
DBG_ANCHOR_CH5_SCAN_RESCHED ret=1 delay=20
DBG_ANCHOR_CH5_SCAN_HANDLER role=2
DBG_ANCHOR_CH5_SCAN_BLOCKED win=0 survey=0 tx=0 retry_gap=0 wait=0 rx=0 rxq=0 rxr=0 ack=0 ch9=0 rf=1 retry=20 interval=380
DBG_ANCHOR_CH5_SCAN_RESCHED ret=1 delay=20
DBG_ANCHOR_CH5_SCAN_HANDLER role=2
DBG_ANCHOR_CH5_SCAN_BLOCKED win=0 survey=0 tx=0 retry_gap=0 wait=0 rx=0 rxq=0 rxr=0 ack=0 ch9=0 rf=1 retry=20 interval=380
DBG_ANCHOR_CH5_SCAN_RESCHED ret=1 delay=20
DBG_ANCHOR_CH5_SCAN_HANDLER role=2
DBG_ANCHOR_CH5_SCAN_BLOCKED win=0 survey=0 tx=0 retry_gap=0 wait=0 rx=0 rxq=0 rxr=0 ack=0 ch9=0 rf=1 retry=20 interval=380
DBG_ANCHOR_CH5_SCAN_RESCHED ret=1 delay=20
DBG_ANCHOR_CH5_SCAN_HANDLER role=2
DBG_ANCHOR_CH5_SCAN_BLOCKED win=0 survey=0 tx=0 retry_gap=0 wait=0 rx=0 rxq=0 rxr=0 ack=0 ch9=0 rf=1 retry=20 interval=380
DBG_ANCHOR_CH5_SCAN_RESCHED ret=1 delay=20
DBG_ANCHOR_CH5_SCAN_HANDLER role=2
DBG_ANCHOR_CH5_SCAN_BLOCKED win=0 survey=0 tx=0 retry_gap=0 wait=0 rx=0 rxq=0 rxr=0 ack=0 ch9=0 rf=1 retry=20 interval=380
DBG_ANCHOR_CH5_SCAN_RESCHED ret=1 delay=20
DBG_ANCHOR_CH5_SCAN_HANDLER role=2
DBG_ANCHOR_CH5_SCAN_BLOCKED win=0 survey=0 tx=0 retry_gap=0 wait=0 rx=0 rxq=0 rxr=0 ack=0 ch9=0 rf=1 retry=20 interval=380
DBG_ANCHOR_CH5_SCAN_RESCHED ret=1 delay=20
DBG_ANCHOR_CH5_SCAN_HANDLER role=2
DBG_CH9_SKIP_STALE n=1 now=182243 next=182681 cnt=325742955 reason=c5-listener-rx
DBG_ANCHOR_CH5_SCAN_BLOCKED win=0 survey=0 tx=0 retry_gap=0 wait=0 rx=0 rxq=0 rxr=0 ack=0 ch9=0 rf=1 retry=20 interval=380
DBG_ANCHOR_CH5_SCAN_RESCHED ret=1 delay=20
DBG_ANCHOR_CH5_SCAN_HANDLER role=2
DBG_ANCHOR_CH5_SCAN_BLOCKED win=0 survey=0 tx=0 retry_gap=0 wait=0 rx=0 rxq=0 rxr=0 ack=0 ch9=0 rf=1 retry=20 interval=380
DBG_ANCHOR_CH5_SCAN_RESCHED ret=1 delay=20
DBG_ANCHOR_CH5_SCAN_HANDLER role=2
DBG_ANCHOR_CH5_SCAN_BLOCKED win=0 survey=0 tx=0 retry_gap=0 wait=0 rx=0 rxq=0 rxr=0 ack=0 ch9=0 rf=1 retry=20 interval=380
DBG_ANCHOR_CH5_SCAN_RESCHED ret=1 delay=20
DBG_ANCHOR_CH5_SCAN_HANDLER role=2
DBG_ANCHOR_CH5_SCAN_BLOCKED win=0 survey=0 tx=0 retry_gap=0 wait=0 rx=0 rxq=0 rxr=0 ack=0 ch9=0 rf=1 retry=20 interval=380
DBG_ANCHOR_CH5_SCAN_RESCHED ret=1 delay=20
DBG_ANCHOR_CH5_SCAN_HANDLER role=2
DBG_ANCHOR_CH5_SCAN_BLOCKED win=0 survey=0 tx=0 retry_gap=0 wait=0 rx=0 rxq=0 rxr=0 ack=0 ch9=0 rf=1 retry=20 interval=380
DBG_ANCHOR_CH5_SCAN_RESCHED ret=1 delay=20
DBG_ANCHOR_CH5_SCAN_HANDLER role=2
DBG_ANCHOR_CH5_SCAN_BLOCKED win=0 survey=0 tx=0 retry_gap=0 wait=0 rx=0 rxq=0 rxr=0 ack=0 ch9=0 rf=1 retry=20 interval=380
DBG_ANCHOR_CH5_SCAN_RESCHED ret=1 delay=20
DBG_ANCHOR_CH5_SCAN_HANDLER role=2
DBG_ANCHOR_CH5_SCAN_BLOCKED win=0 survey=0 tx=0 retry_gap=0 wait=0 rx=0 rxq=0 rxr=0 ack=0 ch9=0 rf=1 retry=20 interval=380
DBG_ANCHOR_CH5_SCAN_RESCHED ret=1 delay=20
DBG_ANCHOR_CH5_SCAN_HANDLER role=2
DBG_ANCHOR_CH5_SCAN_BLOCKED win=0 survey=0 tx=0 retry_gap=0 wait=0 rx=0 rxq=0 rxr=0 ack=0 ch9=0 rf=1 retry=20 interval=380
DBG_ANCHOR_CH5_SCAN_RESCHED ret=1 delay=20
DBG_C5_CONTROL_LISTENER_HOLD_EXTENDED
DBG_C5_CONTROL_LISTENER_HOLD_EXTENDED
DBG_C5_CONTROL_LISTENER_HOLD_EXTENDED
DBG_ANCHOR_CH5_SCAN_HANDLER role=2
DBG_ANCHOR_CH5_SCAN_BLOCKED win=0 survey=0 tx=0 retry_gap=0 wait=0 rx=0 rxq=0 rxr=0 ack=0 ch9=0 rf=1 retry=20 interval=380
DBG_ANCHOR_CH5_SCAN_RESCHED ret=1 delay=20
DBG_C5_CONTROL_LISTENER_HOLD_EXTENDED
DBG_C5_CONTROL_LISTENER_HOLD_EXTENDED
DBG_C5_CONTROL_LISTENER_HOLD_EXTENDED
DBG_ANCHOR_CH5_SCAN_HANDLER role=2
DBG_C5_CONTROL_LISTENER_HOLD_EXTENDED
DBG_ANCHOR_CH5_SCAN_BLOCKED win=0 survey=0 tx=0 retry_gap=0 wait=0 rx=0 rxq=0 rxr=0 ack=0 ch9=0 rf=1 retry=20 interval=380
DBG_ANCHOR_CH5_SCAN_RESCHED ret=1 delay=20
DBG_C5_CONTROL_LISTENER_HOLD_EXTENDED
DBG_C5_CONTROL_LISTENER_HOLD_EXTENDED
DBG_ANCHOR_CH5_SCAN_HANDLER role=2
DBG_C5_CONTROL_LISTENER_HOLD_EXTENDED
DBG_ANCHOR_CH5_SCAN_BLOCKED win=0 survey=0 tx=0 retry_gap=0 wait=0 rx=0 rxq=0 rxr=0 ack=0 ch9=0 rf=1 retry=20 interval=380
DBG_ANCHOR_CH5_SCAN_RESCHED ret=1 delay=20
DBG_C5_CONTROL_LISTENER_HOLD_EXTENDED
DBG_C5_CONTROL_LISTENER_HOLD_EXTENDED
DBG_C5_CONTROL_LISTENER_HOLD_EXTENDED
DBG_ANCHOR_CH5_SCAN_HANDLER role=2
DBG_ANCHOR_CH5_SCAN_BLOCKED win=0 survey=0 tx=0 retry_gap=0 wait=0 rx=0 rxq=0 rxr=0 ack=0 ch9=0 rf=1 retry=20 interval=380
DBG_C5_CONTROL_LISTENER_HOLD_EXTENDED
DBG_ANCHOR_CH5_SCAN_RESCHED ret=1 delay=20
DBG_C5_CONTROL_LISTENER_HOLD_EXTENDED
DBG_C5_CONTROL_LISTENER_HOLD_EXTENDED
DBG_ANCHOR_CH5_SCAN_HANDLER role=2
DBG_C5_CONTROL_LISTENER_HOLD_EXTENDED
DBG_ANCHOR_CH5_SCAN_BLOCKED win=0 survey=0 tx=0 retry_gap=0 wait=0 rx=0 rxq=0 rxr=0 ack=0 ch9=0 rf=1 retry=20 interval=380
DBG_ANCHOR_CH5_SCAN_RESCHED ret=1 delay=20
DBG_C5_CONTROL_LISTENER_HOLD_EXTENDED
DBG_C5_CONTROL_LISTENER_HOLD_EXTENDED
DBG_C5_CONTROL_LISTENER_HOLD_EXTENDED
DBG_ANCHOR_CH5_SCAN_HANDLER role=2
DBG_ANCHOR_CH5_SCAN_BLOCKED win=0 survey=0 tx=0 retry_gap=0 wait=0 rx=0 rxq=0 rxr=0 ack=0 ch9=0 rf=1 retry=20 interval=380
DBG_ANCHOR_CH5_SCAN_RESCHED ret=1 delay=20
DBG_C5_CONTROL_LISTENER_HOLD_EXTENDED
DBG_C5_CONTROL_LISTENER_HOLD_EXTENDED
DBG_C5_CONTROL_LISTENER_HOLD_EXTENDED
DBG_ANCHOR_CH5_SCAN_HANDLER role=2
DBG_C5_CONTROL_LISTENER_HOLD_EXTENDED
DBG_ANCHOR_CH5_SCAN_BLOCKED win=0 survey=0 tx=0 retry_gap=0 wait=0 rx=0 rxq=0 rxr=0 ack=0 ch9=0 rf=1 retry=20 interval=380
DBG_ANCHOR_CH5_SCAN_RESCHED ret=1 delay=20
DBG_C5_CONTROL_LISTENER_HOLD_EXTENDED
DBG_C5_CONTROL_LISTENER_HOLD_EXTENDED
DBG_ANCHOR_CH5_SCAN_HANDLER role=2
DBG_C5_CONTROL_LISTENER_HOLD_EXTENDED
DBG_ANCHOR_CH5_SCAN_BLOCKED win=0 survey=0 tx=0 retry_gap=0 wait=0 rx=0 rxq=0 rxr=0 ack=0 ch9=0 rf=1 retry=20 interval=380
DBG_ANCHOR_CH5_SCAN_RESCHED ret=1 delay=20
DBG_C5_CONTROL_LISTENER_HOLD_EXTENDED
DBG_C5_CONTROL_LISTENER_HOLD_EXTENDED
DBG_C5_CONTROL_LISTENER_HOLD_EXTENDED
DBG_ANCHOR_CH5_SCAN_HANDLER role=2
DBG_ANCHOR_CH5_SCAN_BLOCKED win=0 survey=0 tx=0 retry_gap=0 wait=0 rx=0 rxq=0 rxr=0 ack=0 ch9=0 rf=1 retry=20 interval=380
DBG_ANCHOR_CH5_SCAN_RESCHED ret=1 delay=20
DBG_C5_CONTROL_LISTENER_HOLD_EXTENDED
DBG_C5_CONTROL_LISTENER_HOLD_EXTENDED
DBG_C5_CONTROL_LISTENER_HOLD_EXTENDED
DBG_ANCHOR_CH5_SCAN_HANDLER role=2
DBG_ANCHOR_CH5_SCAN_BLOCKED win=0 survey=0 tx=0 retry_gap=0 wait=0 rx=0 rxq=0 rxr=0 ack=0 ch9=0 rf=1 retry=20 interval=380
DBG_C5_CONTROL_LISTENER_HOLD_EXTENDED
DBG_ANCHOR_CH5_SCAN_RESCHED ret=1 delay=20
DBG_C5_CONTROL_LISTENER_HOLD_EXTENDED
DBG_C5_CONTROL_LISTENER_HOLD_EXTENDED
DBG_ANCHOR_CH5_SCAN_HANDLER role=2
DBG_C5_CONTROL_LISTENER_HOLD_EXTENDED
DBG_ANCHOR_CH5_SCAN_BLOCKED win=0 survey=0 tx=0 retry_gap=0 wait=0 rx=0 rxq=0 rxr=0 ack=0 ch9=0 rf=1 retry=20 interval=380
DBG_ANCHOR_CH5_SCAN_RESCHED ret=1 delay=20
DBG_C5_CONTROL_LISTENER_HOLD_EXTENDED
DBG_C5_CONTROL_LISTENER_HOLD_EXTENDED
DBG_ANCHOR_CH5_SCAN_HANDLER role=2
DBG_C5_CONTROL_LISTENER_HOLD_EXTENDED
DBG_ANCHOR_CH5_SCAN_BLOCKED win=0 survey=0 tx=0 retry_gap=0 wait=0 rx=0 rxq=0 rxr=0 ack=0 ch9=0 rf=1 retry=20 interval=380
DBG_ANCHOR_CH5_SCAN_RESCHED ret=1 delay=20
DBG_C5_CONTROL_LISTENER_HOLD_EXTENDED
DBG_C5_CONTROL_LISTENER_HOLD_EXTENDED
DBG_C5_CONTROL_LISTENER_HOLD_EXTENDED
DBG_ANCHOR_CH5_SCAN_HANDLER role=2
DBG_ANCHOR_CH5_SCAN_BLOCKED win=0 survey=0 tx=0 retry_gap=0 wait=0 rx=0 rxq=0 rxr=0 ack=0 ch9=0 rf=1 retry=20 interval=380
DBG_C5_CONTROL_LISTENER_HOLD_EXTENDED
DBG_ANCHOR_CH5_SCAN_RESCHED ret=1 delay=20
DBG_C5_CONTROL_LISTENER_HOLD_EXTENDED
DBG_C5_CONTROL_LISTENER_HOLD_EXTENDED
DBG_ANCHOR_CH5_SCAN_HANDLER role=2
DBG_C5_CONTROL_LISTENER_HOLD_EXTENDED
DBG_ANCHOR_CH5_SCAN_BLOCKED win=0 survey=0 tx=0 retry_gap=0 wait=0 rx=0 rxq=0 rxr=0 ack=0 ch9=0 rf=1 retry=20 interval=380
DBG_ANCHOR_CH5_SCAN_RESCHED ret=1 delay=20
DBG_C5_CONTROL_LISTENER_HOLD_EXTENDED
DBG_C5_CONTROL_LISTENER_HOLD_EXTENDED
DBG_ANCHOR_CH5_SCAN_HANDLER role=2
DBG_ANCHOR_CH5_SCAN_BLOCKED win=0 survey=0 tx=0 retry_gap=0 wait=0 rx=0 rxq=0 rxr=0 ack=0 ch9=0 rf=1 retry=20 interval=380
DBG_ANCHOR_CH5_SCAN_RESCHED ret=1 delay=20
DBG_C5_CONTROL_LISTENER_HOLD_EXTENDED
DBG_C5_CONTROL_LISTENER_HOLD_EXTENDED
DBG_C5_CONTROL_LISTENER_HOLD_EXTENDED
DBG_ANCHOR_CH5_SCAN_HANDLER role=2
DBG_ANCHOR_CH5_SCAN_BLOCKED win=0 survey=0 tx=0 retry_gap=0 wait=0 rx=0 rxq=0 rxr=0 ack=0 ch9=0 rf=1 retry=20 interval=380
DBG_ANCHOR_CH5_SCAN_RESCHED ret=1 delay=20
DBG_ANCHOR_CH5_SCAN_HANDLER role=2
DBG_ANCHOR_CH5_SCAN_BLOCKED win=0 survey=0 tx=0 retry_gap=0 wait=0 rx=0 rxq=0 rxr=0 ack=0 ch9=0 rf=1 retry=20 interval=380
DBG_ANCHOR_CH5_SCAN_RESCHED ret=1 delay=20
DBG_CH9_SKIP_STALE n=1 now=182880 next=183321 cnt=325742956 reason=c5-listener-rx
DBG_ANCHOR_CH5_SCAN_HANDLER role=2
DBG_ANCHOR_CH5_SCAN_BLOCKED win=0 survey=0 tx=0 retry_gap=0 wait=0 rx=0 rxq=0 rxr=0 ack=0 ch9=0 rf=1 retry=20 interval=380
DBG_ANCHOR_CH5_SCAN_RESCHED ret=1 delay=20
DBG_ANCHOR_CH5_SCAN_HANDLER role=2
DBG_ANCHOR_CH5_SCAN_BLOCKED win=0 survey=0 tx=0 retry_gap=0 wait=0 rx=0 rxq=0 rxr=0 ack=0 ch9=0 rf=1 retry=20 interval=380
DBG_ANCHOR_CH5_SCAN_RESCHED ret=1 delay=20
DBG_ROUTE_REPLY_LISTEN_DONE captured=0 ret=-116
DBG_C5_CONTACT phase=closing state=4 peer=0x191a9619c6c8cb07 purpose=gateway_command_flood reason=reply-listen-timeout
DBG_ANCHOR_ROUTE_WAKE_HANDOFF_DONE src=0x191a9619c6c8cb07 embedded=0 ret=-116 pending=0
DBG_CH5_GAP_SCAN now=182924 win=100 next_delay=977
DBG_ANCHOR_CH5_SCAN_HANDLER role=2
DBG_ANCHOR_CH5_SCAN_BLOCKED win=0 survey=0 tx=0 retry_gap=0 wait=0 rx=0 rxq=0 rxr=0 ack=0 ch9=0 rf=1 retry=20 interval=380
DBG_ANCHOR_CH5_SCAN_RESCHED ret=1 delay=20
DBG_CH5_GAP_REARM_ERROR ret=-5 fail=4 rem=81
DBG_ANCHOR_CH5_SCAN_HANDLER role=2
DBG_ANCHOR_CH5_SCAN_BLOCKED win=0 survey=0 tx=0 retry_gap=0 wait=0 rx=0 rxq=0 rxr=0 ack=0 ch9=0 rf=1 retry=20 interval=380
DBG_ANCHOR_CH5_SCAN_RESCHED ret=1 delay=20
DBG_ANCHOR_CH5_SCAN_HANDLER role=2
DBG_ANCHOR_CH5_SCAN_BLOCKED win=0 survey=0 tx=0 retry_gap=0 wait=0 rx=0 rxq=0 rxr=0 ack=0 ch9=0 rf=1 retry=20 interval=380
DBG_ANCHOR_CH5_SCAN_RESCHED ret=1 delay=20
DBG_ANCHOR_CH5_SCAN_HANDLER role=2
DBG_ANCHOR_CH5_SCAN_BLOCKED win=0 survey=0 tx=0 retry_gap=0 wait=0 rx=0 rxq=0 rxr=0 ack=0 ch9=0 rf=1 retry=20 interval=380
DBG_ANCHOR_CH5_SCAN_RESCHED ret=1 delay=20
DBG_CH5_GAP_SCAN_DONE frames=0 last_error=-5 now=183025 deadline=183024 click=0
DBG_DWM_KEEP_IDLE reason=mesh-rx ch9=1 ack=0 qack=0 ret=0
DBG_CH5_GAP_SCAN now=183026 win=100 next_delay=875
DBG_ANCHOR_CH5_SCAN_HANDLER role=2
DBG_ANCHOR_CH5_SCAN_BLOCKED win=0 survey=0 tx=0 retry_gap=0 wait=0 rx=0 rxq=0 rxr=0 ack=0 ch9=0 rf=1 retry=20 interval=380
DBG_ANCHOR_CH5_SCAN_RESCHED ret=1 delay=20
DBG_ANCHOR_CH5_SCAN_HANDLER role=2
DBG_ANCHOR_CH5_SCAN_BLOCKED win=0 survey=0 tx=0 retry_gap=0 wait=0 rx=0 rxq=0 rxr=0 ack=0 ch9=0 rf=1 retry=20 interval=380
DBG_ANCHOR_CH5_SCAN_RESCHED ret=1 delay=20
DBG_ANCHOR_CH5_SCAN_HANDLER role=2
DBG_ANCHOR_CH5_SCAN_BLOCKED win=0 survey=0 tx=0 retry_gap=0 wait=0 rx=0 rxq=0 rxr=0 ack=0 ch9=0 rf=1 retry=20 interval=380
DBG_ANCHOR_CH5_SCAN_RESCHED ret=1 delay=20
DBG_ANCHOR_CH5_SCAN_HANDLER role=2
DBG_ANCHOR_CH5_SCAN_BLOCKED win=0 survey=0 tx=0 retry_gap=0 wait=0 rx=0 rxq=0 rxr=0 ack=0 ch9=0 rf=1 retry=20 interval=380
DBG_ANCHOR_CH5_SCAN_RESCHED ret=1 delay=20
DBG_CH5_GAP_SCAN_DONE frames=0 last_error=0 now=183126 deadline=183126 click=0
DBG_DWM_KEEP_IDLE reason=mesh-rx ch9=1 ack=0 qack=0 ret=0
DBG_CH5_GAP_SCAN now=183127 win=100 next_delay=774
DBG_ANCHOR_CH5_SCAN_HANDLER role=2
DBG_ANCHOR_CH5_SCAN_BLOCKED win=0 survey=0 tx=0 retry_gap=0 wait=0 rx=0 rxq=0 rxr=0 ack=0 ch9=0 rf=1 retry=20 interval=380
DBG_ANCHOR_CH5_SCAN_RESCHED ret=1 delay=20
DBG_ANCHOR_CH5_SCAN_HANDLER role=2
DBG_ANCHOR_CH5_SCAN_BLOCKED win=0 survey=0 tx=0 retry_gap=0 wait=0 rx=0 rxq=0 rxr=0 ack=0 ch9=0 rf=1 retry=20 interval=380
DBG_ANCHOR_CH5_SCAN_RESCHED ret=1 delay=20
DBG_ANCHOR_CH5_SCAN_HANDLER role=2
DBG_ANCHOR_CH5_SCAN_BLOCKED win=0 survey=0 tx=0 retry_gap=0 wait=0 rx=0 rxq=0 rxr=0 ack=0 ch9=0 rf=1 retry=20 interval=380
DBG_ANCHOR_CH5_SCAN_RESCHED ret=1 delay=20
DBG_UWB_RX_CH5
DBG_CH5_GAP_SCAN_DONE frames=0 last_error=0 now=183196 deadline=183227 click=1
DBG_UWB_RX_CH5
DBG_DWM_KEEP_IDLE reason=mesh-rx ch9=1 ack=0 qack=0 ret=0
DBG_C5_CONTACT phase=open state=2 peer=0x191a9619c6c8cb07 purpose=route_solicit reason=wake-claim
DBG_C5_CONTACT phase=accepted state=2 peer=0x191a9619c6c8cb07 purpose=route_solicit reason=wake-claim
DBG_ANCHOR_ROUTE_WAKE_HANDOFF src=0x191a9619c6c8cb07 evt=179621 attempt=1 flags=0x93 embedded=0 listen=2000
DBG_C5_CONTACT phase=closing state=4 peer=0x191a9619c6c8cb07 purpose=route_solicit reason=replace
DBG_C5_CONTACT phase=open state=2 peer=0x191a9619c6c8cb07 purpose=gateway_command_flood reason=gateway-command-wake-followup
DBG_C5_CONTACT phase=accepted state=2 peer=0x191a9619c6c8cb07 purpose=gateway_command_flood reason=gateway-command-wake-follow
DBG_C5_CONTACT phase=exchange state=3 peer=0x191a9619c6c8cb07 purpose=gateway_command_flood reason=gateway-command-wake-follow
DBG_ROUTE_REPLY_LISTEN_START
DBG_ANCHOR_CH5_SCAN_HANDLER role=2
DBG_DWM_WAKE_MESH_CTRL_OK sfd=4073
DBG_ROUTE_REPLY_LISTEN_CONFIG ret=0 ext=1
DBG_C5_CONTROL_LISTENER_HOLD_EXTENDED
DBG_C5_RX_FAIL status=0x00001700 finfo=0x00000000 fail=4 phy=4 ch=5 plen=3 pac=2 txc=9 rxc=9 sfd=2 rate=0 phr=1 phrr=0 sfdto=4
DBG_ANCHOR_CH5_SCAN_HANDLER role=2
DBG_ANCHOR_CH5_SCAN_BLOCKED win=0 survey=0 tx=0 retry_gap=0 wait=0 rx=0 rxq=0 rxr=0 ack=0 ch9=0 rf=1 retry=20 interval=380
DBG_ANCHOR_CH5_SCAN_RESCHED ret=1 delay=20
DBG_C5_CONTROL_LISTENER_HOLD_EXTENDED
DBG_C5_CONTROL_LISTENER_HOLD_EXTENDED
DBG_C5_CONTROL_LISTENER_HOLD_EXTENDED
DBG_ANCHOR_CH5_SCAN_HANDLER role=2
DBG_ANCHOR_CH5_SCAN_BLOCKED win=0 survey=0 tx=0 retry_gap=0 wait=0 rx=0 rxq=0 rxr=0 ack=0 ch9=0 rf=1 retry=20 interval=380
DBG_ANCHOR_CH5_SCAN_RESCHED ret=1 delay=20
DBG_C5_CONTROL_LISTENER_HOLD_EXTENDED
DBG_C5_CONTROL_LISTENER_HOLD_EXTENDED
DBG_ANCHOR_CH5_SCAN_HANDLER role=2
DBG_C5_CONTROL_LISTENER_HOLD_EXTENDED
DBG_ANCHOR_CH5_SCAN_BLOCKED win=0 survey=0 tx=0 retry_gap=0 wait=0 rx=0 rxq=0 rxr=0 ack=0 ch9=0 rf=1 retry=20 interval=380
DBG_ANCHOR_CH5_SCAN_RESCHED ret=1 delay=20
DBG_C5_CONTROL_LISTENER_HOLD_EXTENDED
DBG_C5_CONTROL_LISTENER_HOLD_EXTENDED
DBG_C5_CONTROL_LISTENER_HOLD_EXTENDED
DBG_ANCHOR_CH5_SCAN_HANDLER role=2
DBG_ANCHOR_CH5_SCAN_BLOCKED win=0 survey=0 tx=0 retry_gap=0 wait=0 rx=0 rxq=0 rxr=0 ack=0 ch9=0 rf=1 retry=20 interval=380
DBG_C5_CONTROL_LISTENER_HOLD_EXTENDED
DBG_ANCHOR_CH5_SCAN_RESCHED ret=1 delay=20
DBG_C5_CONTROL_LISTENER_HOLD_EXTENDED
DBG_C5_CONTROL_LISTENER_HOLD_EXTENDED
DBG_ANCHOR_CH5_SCAN_HANDLER role=2
DBG_C5_CONTROL_LISTENER_HOLD_EXTENDED
DBG_ANCHOR_CH5_SCAN_BLOCKED win=0 survey=0 tx=0 retry_gap=0 wait=0 rx=0 rxq=0 rxr=0 ack=0 ch9=0 rf=1 retry=20 interval=380
DBG_ANCHOR_CH5_SCAN_RESCHED ret=1 delay=20
DBG_C5_CONTROL_LISTENER_HOLD_EXTENDED
DBG_C5_CONTROL_LISTENER_HOLD_EXTENDED
DBG_ANCHOR_CH5_SCAN_HANDLER role=2
DBG_C5_CONTROL_LISTENER_HOLD_EXTENDED
DBG_ANCHOR_CH5_SCAN_BLOCKED win=0 survey=0 tx=0 retry_gap=0 wait=0 rx=0 rxq=0 rxr=0 ack=0 ch9=0 rf=1 retry=20 interval=380
DBG_ANCHOR_CH5_SCAN_RESCHED ret=1 delay=20
DBG_C5_CONTROL_LISTENER_HOLD_EXTENDED
DBG_C5_CONTROL_LISTENER_HOLD_EXTENDED
DBG_C5_CONTROL_LISTENER_HOLD_EXTENDED
DBG_ANCHOR_CH5_SCAN_HANDLER role=2
DBG_ANCHOR_CH5_SCAN_BLOCKED win=0 survey=0 tx=0 retry_gap=0 wait=0 rx=0 rxq=0 rxr=0 ack=0 ch9=0 rf=1 retry=20 interval=380
DBG_ANCHOR_CH5_SCAN_RESCHED ret=1 delay=20
DBG_C5_CONTROL_LISTENER_HOLD_EXTENDED
DBG_C5_CONTROL_LISTENER_HOLD_EXTENDED
DBG_C5_CONTROL_LISTENER_HOLD_EXTENDED
DBG_ANCHOR_CH5_SCAN_HANDLER role=2
DBG_ANCHOR_CH5_SCAN_BLOCKED win=0 survey=0 tx=0 retry_gap=0 wait=0 rx=0 rxq=0 rxr=0 ack=0 ch9=0 rf=1 retry=20 interval=380
DBG_C5_CONTROL_LISTENER_HOLD_EXTENDED
DBG_ANCHOR_CH5_SCAN_RESCHED ret=1 delay=20
DBG_C5_CONTROL_LISTENER_HOLD_EXTENDED
DBG_C5_CONTROL_LISTENER_HOLD_EXTENDED
DBG_ANCHOR_CH5_SCAN_HANDLER role=2
DBG_C5_CONTROL_LISTENER_HOLD_EXTENDED
DBG_ANCHOR_CH5_SCAN_BLOCKED win=0 survey=0 tx=0 retry_gap=0 wait=0 rx=0 rxq=0 rxr=0 ack=0 ch9=0 rf=1 retry=20 interval=380
DBG_ANCHOR_CH5_SCAN_RESCHED ret=1 delay=20
DBG_C5_CONTROL_LISTENER_HOLD_EXTENDED
DBG_C5_CONTROL_LISTENER_HOLD_EXTENDED
DBG_ANCHOR_CH5_SCAN_HANDLER role=2
DBG_C5_CONTROL_LISTENER_HOLD_EXTENDED
DBG_ANCHOR_CH5_SCAN_BLOCKED win=0 survey=0 tx=0 retry_gap=0 wait=0 rx=0 rxq=0 rxr=0 ack=0 ch9=0 rf=1 retry=20 interval=380
DBG_ANCHOR_CH5_SCAN_RESCHED ret=1 delay=20
DBG_C5_CONTROL_LISTENER_HOLD_EXTENDED
DBG_C5_CONTROL_LISTENER_HOLD_EXTENDED
DBG_C5_CONTROL_LISTENER_HOLD_EXTENDED
DBG_ANCHOR_CH5_SCAN_HANDLER role=2
DBG_ANCHOR_CH5_SCAN_BLOCKED win=0 survey=0 tx=0 retry_gap=0 wait=0 rx=0 rxq=0 rxr=0 ack=0 ch9=0 rf=1 retry=20 interval=380
DBG_ANCHOR_CH5_SCAN_RESCHED ret=1 delay=20
DBG_C5_CONTROL_LISTENER_HOLD_EXTENDED
DBG_C5_CONTROL_LISTENER_HOLD_EXTENDED
DBG_CH9_SKIP_STALE n=1 now=183502 next=183961 cnt=325742957 reason=c5-listener-rx
DBG_ANCHOR_CH5_SCAN_HANDLER role=2
DBG_C5_CONTROL_LISTENER_HOLD_EXTENDED
DBG_ANCHOR_CH5_SCAN_BLOCKED win=0 survey=0 tx=0 retry_gap=0 wait=0 rx=0 rxq=0 rxr=0 ack=0 ch9=0 rf=1 retry=20 interval=380
DBG_ANCHOR_CH5_SCAN_RESCHED ret=1 delay=20
DBG_C5_CONTROL_LISTENER_HOLD_EXTENDED
DBG_C5_CONTROL_LISTENER_HOLD_EXTENDED
DBG_C5_CONTROL_LISTENER_HOLD_EXTENDED
DBG_ANCHOR_CH5_SCAN_HANDLER role=2
DBG_ANCHOR_CH5_SCAN_BLOCKED win=0 survey=0 tx=0 retry_gap=0 wait=0 rx=0 rxq=0 rxr=0 ack=0 ch9=0 rf=1 retry=20 interval=380
DBG_C5_CONTROL_LISTENER_HOLD_EXTENDED
DBG_ANCHOR_CH5_SCAN_RESCHED ret=1 delay=20
DBG_C5_CONTROL_LISTENER_HOLD_EXTENDED
DBG_C5_CONTROL_LISTENER_HOLD_EXTENDED
DBG_ANCHOR_CH5_SCAN_HANDLER role=2
DBG_C5_CONTROL_LISTENER_HOLD_EXTENDED
DBG_ANCHOR_CH5_SCAN_BLOCKED win=0 survey=0 tx=0 retry_gap=0 wait=0 rx=0 rxq=0 rxr=0 ack=0 ch9=0 rf=1 retry=20 interval=380
DBG_ANCHOR_CH5_SCAN_RESCHED ret=1 delay=20
DBG_C5_CONTROL_LISTENER_HOLD_EXTENDED
DBG_C5_CONTROL_LISTENER_HOLD_EXTENDED
DBG_ANCHOR_CH5_SCAN_HANDLER role=2
DBG_C5_CONTROL_LISTENER_HOLD_EXTENDED
DBG_ANCHOR_CH5_SCAN_BLOCKED win=0 survey=0 tx=0 retry_gap=0 wait=0 rx=0 rxq=0 rxr=0 ack=0 ch9=0 rf=1 retry=20 interval=380
DBG_ANCHOR_CH5_SCAN_RESCHED ret=1 delay=20
DBG_C5_CONTROL_LISTENER_HOLD_EXTENDED
DBG_ANCHOR_CH5_SCAN_HANDLER role=2
DBG_ANCHOR_CH5_SCAN_BLOCKED win=0 survey=0 tx=0 retry_gap=0 wait=0 rx=0 rxq=0 rxr=0 ack=0 ch9=0 rf=1 retry=20 interval=380
DBG_ANCHOR_CH5_SCAN_RESCHED ret=1 delay=20
DBG_ANCHOR_CH5_SCAN_HANDLER role=2
DBG_ANCHOR_CH5_SCAN_BLOCKED win=0 survey=0 tx=0 retry_gap=0 wait=0 rx=0 rxq=0 rxr=0 ack=0 ch9=0 rf=1 retry=20 interval=380
DBG_ANCHOR_CH5_SCAN_RESCHED ret=1 delay=20
DBG_ANCHOR_CH5_SCAN_HANDLER role=2
DBG_ANCHOR_CH5_SCAN_BLOCKED win=0 survey=0 tx=0 retry_gap=0 wait=0 rx=0 rxq=0 rxr=0 ack=0 ch9=0 rf=1 retry=20 interval=380
DBG_ANCHOR_CH5_SCAN_RESCHED ret=1 delay=20
DBG_ANCHOR_CH5_SCAN_HANDLER role=2
DBG_ANCHOR_CH5_SCAN_BLOCKED win=0 survey=0 tx=0 retry_gap=0 wait=0 rx=0 rxq=0 rxr=0 ack=0 ch9=0 rf=1 retry=20 interval=380
DBG_ANCHOR_CH5_SCAN_RESCHED ret=1 delay=20
DBG_ANCHOR_CH5_SCAN_HANDLER role=2
DBG_ANCHOR_CH5_SCAN_BLOCKED win=0 survey=0 tx=0 retry_gap=0 wait=0 rx=0 rxq=0 rxr=0 ack=0 ch9=0 rf=1 retry=20 interval=380
DBG_ANCHOR_CH5_SCAN_RESCHED ret=1 delay=20
DBG_ANCHOR_CH5_SCAN_HANDLER role=2
DBG_ANCHOR_CH5_SCAN_BLOCKED win=0 survey=0 tx=0 retry_gap=0 wait=0 rx=0 rxq=0 rxr=0 ack=0 ch9=0 rf=1 retry=20 interval=380
DBG_ANCHOR_CH5_SCAN_RESCHED ret=1 delay=20
DBG_ANCHOR_CH5_SCAN_HANDLER role=2
DBG_ANCHOR_CH5_SCAN_BLOCKED win=0 survey=0 tx=0 retry_gap=0 wait=0 rx=0 rxq=0 rxr=0 ack=0 ch9=0 rf=1 retry=20 interval=380
DBG_ANCHOR_CH5_SCAN_RESCHED ret=1 delay=20
DBG_ANCHOR_CH5_SCAN_HANDLER role=2
DBG_ANCHOR_CH5_SCAN_BLOCKED win=0 survey=0 tx=0 retry_gap=0 wait=0 rx=0 rxq=0 rxr=0 ack=0 ch9=0 rf=1 retry=20 interval=380
DBG_ANCHOR_CH5_SCAN_RESCHED ret=1 delay=20
DBG_ANCHOR_CH5_SCAN_HANDLER role=2
DBG_ANCHOR_CH5_SCAN_BLOCKED win=0 survey=0 tx=0 retry_gap=0 wait=0 rx=0 rxq=0 rxr=0 ack=0 ch9=0 rf=1 retry=20 interval=380
DBG_ANCHOR_CH5_SCAN_RESCHED ret=1 delay=20
DBG_ANCHOR_CH5_SCAN_HANDLER role=2
DBG_ANCHOR_CH5_SCAN_BLOCKED win=0 survey=0 tx=0 retry_gap=0 wait=0 rx=0 rxq=0 rxr=0 ack=0 ch9=0 rf=1 retry=20 interval=380
DBG_ANCHOR_CH5_SCAN_RESCHED ret=1 delay=20
DBG_ANCHOR_CH5_SCAN_HANDLER role=2
DBG_ANCHOR_CH5_SCAN_BLOCKED win=0 survey=0 tx=0 retry_gap=0 wait=0 rx=0 rxq=0 rxr=0 ack=0 ch9=0 rf=1 retry=20 interval=380
DBG_ANCHOR_CH5_SCAN_RESCHED ret=1 delay=20
DBG_ANCHOR_CH5_SCAN_HANDLER role=2
DBG_ANCHOR_CH5_SCAN_BLOCKED win=0 survey=0 tx=0 retry_gap=0 wait=0 rx=0 rxq=0 rxr=0 ack=0 ch9=0 rf=1 retry=20 interval=380
DBG_ANCHOR_CH5_SCAN_RESCHED ret=1 delay=20
DBG_ANCHOR_CH5_SCAN_HANDLER role=2
DBG_ANCHOR_CH5_SCAN_BLOCKED win=0 survey=0 tx=0 retry_gap=0 wait=0 rx=0 rxq=0 rxr=0 ack=0 ch9=0 rf=1 retry=20 interval=380
DBG_ANCHOR_CH5_SCAN_RESCHED ret=1 delay=20
DBG_ANCHOR_CH5_SCAN_HANDLER role=2
DBG_ANCHOR_CH5_SCAN_BLOCKED win=0 survey=0 tx=0 retry_gap=0 wait=0 rx=0 rxq=0 rxr=0 ack=0 ch9=0 rf=1 retry=20 interval=380
DBG_ANCHOR_CH5_SCAN_RESCHED ret=1 delay=20
DBG_ANCHOR_CH5_SCAN_HANDLER role=2
DBG_ANCHOR_CH5_SCAN_BLOCKED win=0 survey=0 tx=0 retry_gap=0 wait=0 rx=0 rxq=0 rxr=0 ack=0 ch9=0 rf=1 retry=20 interval=380
DBG_ANCHOR_CH5_SCAN_RESCHED ret=1 delay=20
DBG_ANCHOR_CH5_SCAN_HANDLER role=2
DBG_ANCHOR_CH5_SCAN_BLOCKED win=0 survey=0 tx=0 retry_gap=0 wait=0 rx=0 rxq=0 rxr=0 ack=0 ch9=0 rf=1 retry=20 interval=380
DBG_ANCHOR_CH5_SCAN_RESCHED ret=1 delay=20
DBG_ANCHOR_CH5_SCAN_HANDLER role=2
DBG_ANCHOR_CH5_SCAN_BLOCKED win=0 survey=0 tx=0 retry_gap=0 wait=0 rx=0 rxq=0 rxr=0 ack=0 ch9=0 rf=1 retry=20 interval=380
DBG_ANCHOR_CH5_SCAN_RESCHED ret=1 delay=20
DBG_ANCHOR_CH5_SCAN_HANDLER role=2
DBG_ANCHOR_CH5_SCAN_BLOCKED win=0 survey=0 tx=0 retry_gap=0 wait=0 rx=0 rxq=0 rxr=0 ack=0 ch9=0 rf=1 retry=20 interval=380
DBG_ANCHOR_CH5_SCAN_RESCHED ret=1 delay=20
DBG_ANCHOR_CH5_SCAN_HANDLER role=2
DBG_ANCHOR_CH5_SCAN_BLOCKED win=0 survey=0 tx=0 retry_gap=0 wait=0 rx=0 rxq=0 rxr=0 ack=0 ch9=0 rf=1 retry=20 interval=380
DBG_ANCHOR_CH5_SCAN_RESCHED ret=1 delay=20
DBG_ANCHOR_CH5_SCAN_HANDLER role=2
DBG_ANCHOR_CH5_SCAN_BLOCKED win=0 survey=0 tx=0 retry_gap=0 wait=0 rx=0 rxq=0 rxr=0 ack=0 ch9=0 rf=1 retry=20 interval=380
DBG_ANCHOR_CH5_SCAN_RESCHED ret=1 delay=20
DBG_ANCHOR_CH5_SCAN_HANDLER role=2
DBG_ANCHOR_CH5_SCAN_BLOCKED win=0 survey=0 tx=0 retry_gap=0 wait=0 rx=0 rxq=0 rxr=0 ack=0 ch9=0 rf=1 retry=20 interval=380
DBG_ANCHOR_CH5_SCAN_RESCHED ret=1 delay=20
DBG_ANCHOR_CH5_SCAN_HANDLER role=2
DBG_ANCHOR_CH5_SCAN_BLOCKED win=0 survey=0 tx=0 retry_gap=0 wait=0 rx=0 rxq=0 rxr=0 ack=0 ch9=0 rf=1 retry=20 interval=380
DBG_ANCHOR_CH5_SCAN_RESCHED ret=1 delay=20
DBG_CH9_SKIP_STALE n=1 now=184161 next=184601 cnt=325742958 reason=c5-listener-rx
DBG_ANCHOR_CH5_SCAN_HANDLER role=2
DBG_ANCHOR_CH5_SCAN_BLOCKED win=0 survey=0 tx=0 retry_gap=0 wait=0 rx=0 rxq=0 rxr=0 ack=0 ch9=0 rf=1 retry=20 interval=380
DBG_ANCHOR_CH5_SCAN_RESCHED ret=1 delay=20
DBG_ANCHOR_CH5_SCAN_HANDLER role=2
DBG_ANCHOR_CH5_SCAN_BLOCKED win=0 survey=0 tx=0 retry_gap=0 wait=0 rx=0 rxq=0 rxr=0 ack=0 ch9=0 rf=1 retry=20 interval=380
DBG_ANCHOR_CH5_SCAN_RESCHED ret=1 delay=20
DBG_ANCHOR_CH5_SCAN_HANDLER role=2
DBG_ANCHOR_CH5_SCAN_BLOCKED win=0 survey=0 tx=0 retry_gap=0 wait=0 rx=0 rxq=0 rxr=0 ack=0 ch9=0 rf=1 retry=20 interval=380
DBG_ANCHOR_CH5_SCAN_RESCHED ret=1 delay=20
DBG_ANCHOR_CH5_SCAN_HANDLER role=2
DBG_ANCHOR_CH5_SCAN_BLOCKED win=0 survey=0 tx=0 retry_gap=0 wait=0 rx=0 rxq=0 rxr=0 ack=0 ch9=0 rf=1 retry=20 interval=380
DBG_ANCHOR_CH5_SCAN_RESCHED ret=1 delay=20
DBG_ANCHOR_CH5_SCAN_HANDLER role=2
DBG_ANCHOR_CH5_SCAN_BLOCKED win=0 survey=0 tx=0 retry_gap=0 wait=0 rx=0 rxq=0 rxr=0 ack=0 ch9=0 rf=1 retry=20 interval=380
DBG_ANCHOR_CH5_SCAN_RESCHED ret=1 delay=20
DBG_ANCHOR_CH5_SCAN_HANDLER role=2
DBG_ANCHOR_CH5_SCAN_BLOCKED win=0 survey=0 tx=0 retry_gap=0 wait=0 rx=0 rxq=0 rxr=0 ack=0 ch9=0 rf=1 retry=20 interval=380
DBG_ANCHOR_CH5_SCAN_RESCHED ret=1 delay=20
DBG_ANCHOR_CH5_SCAN_HANDLER role=2
DBG_ANCHOR_CH5_SCAN_BLOCKED win=0 survey=0 tx=0 retry_gap=0 wait=0 rx=0 rxq=0 rxr=0 ack=0 ch9=0 rf=1 retry=20 interval=380
DBG_ANCHOR_CH5_SCAN_RESCHED ret=1 delay=20
DBG_ANCHOR_CH5_SCAN_HANDLER role=2
DBG_ANCHOR_CH5_SCAN_BLOCKED win=0 survey=0 tx=0 retry_gap=0 wait=0 rx=0 rxq=0 rxr=0 ack=0 ch9=0 rf=1 retry=20 interval=380
DBG_ANCHOR_CH5_SCAN_RESCHED ret=1 delay=20
DBG_ANCHOR_CH5_SCAN_HANDLER role=2
DBG_ANCHOR_CH5_SCAN_BLOCKED win=0 survey=0 tx=0 retry_gap=0 wait=0 rx=0 rxq=0 rxr=0 ack=0 ch9=0 rf=1 retry=20 interval=380
DBG_ANCHOR_CH5_SCAN_RESCHED ret=1 delay=20
DBG_ANCHOR_CH5_SCAN_HANDLER role=2
DBG_ANCHOR_CH5_SCAN_BLOCKED win=0 survey=0 tx=0 retry_gap=0 wait=0 rx=0 rxq=0 rxr=0 ack=0 ch9=0 rf=1 retry=20 interval=380
DBG_ANCHOR_CH5_SCAN_RESCHED ret=1 delay=20
DBG_ANCHOR_CH5_SCAN_HANDLER role=2
DBG_ANCHOR_CH5_SCAN_BLOCKED win=0 survey=0 tx=0 retry_gap=0 wait=0 rx=0 rxq=0 rxr=0 ack=0 ch9=0 rf=1 retry=20 interval=380
DBG_ANCHOR_CH5_SCAN_RESCHED ret=1 delay=20
DBG_ANCHOR_CH5_SCAN_HANDLER role=2
DBG_ANCHOR_CH5_SCAN_BLOCKED win=0 survey=0 tx=0 retry_gap=0 wait=0 rx=0 rxq=0 rxr=0 ack=0 ch9=0 rf=1 retry=20 interval=380
DBG_ANCHOR_CH5_SCAN_RESCHED ret=1 delay=20
DBG_ANCHOR_CH5_SCAN_HANDLER role=2
DBG_ANCHOR_CH5_SCAN_BLOCKED win=0 survey=0 tx=0 retry_gap=0 wait=0 rx=0 rxq=0 rxr=0 ack=0 ch9=0 rf=1 retry=20 interval=380
DBG_ANCHOR_CH5_SCAN_RESCHED ret=1 delay=20
DBG_ANCHOR_CH5_SCAN_HANDLER role=2
DBG_ANCHOR_CH5_SCAN_BLOCKED win=0 survey=0 tx=0 retry_gap=0 wait=0 rx=0 rxq=0 rxr=0 ack=0 ch9=0 rf=1 retry=20 interval=380
DBG_ANCHOR_CH5_SCAN_RESCHED ret=1 delay=20
DBG_ANCHOR_CH5_SCAN_HANDLER role=2
DBG_ANCHOR_CH5_SCAN_BLOCKED win=0 survey=0 tx=0 retry_gap=0 wait=0 rx=0 rxq=0 rxr=0 ack=0 ch9=0 rf=1 retry=20 interval=380
DBG_ANCHOR_CH5_SCAN_RESCHED ret=1 delay=20
DBG_ANCHOR_CH5_SCAN_HANDLER role=2
DBG_ANCHOR_CH5_SCAN_BLOCKED win=0 survey=0 tx=0 retry_gap=0 wait=0 rx=0 rxq=0 rxr=0 ack=0 ch9=0 rf=1 retry=20 interval=380
DBG_ANCHOR_CH5_SCAN_RESCHED ret=1 delay=20
DBG_ANCHOR_CH5_SCAN_HANDLER role=2
DBG_ANCHOR_CH5_SCAN_BLOCKED win=0 survey=0 tx=0 retry_gap=0 wait=0 rx=0 rxq=0 rxr=0 ack=0 ch9=0 rf=1 retry=20 interval=380
DBG_ANCHOR_CH5_SCAN_RESCHED ret=1 delay=20
DBG_ANCHOR_CH5_SCAN_HANDLER role=2
DBG_ANCHOR_CH5_SCAN_BLOCKED win=0 survey=0 tx=0 retry_gap=0 wait=0 rx=0 rxq=0 rxr=0 ack=0 ch9=0 rf=1 retry=20 interval=380
DBG_ANCHOR_CH5_SCAN_RESCHED ret=1 delay=20
DBG_ANCHOR_CH5_SCAN_HANDLER role=2
DBG_ANCHOR_CH5_SCAN_BLOCKED win=0 survey=0 tx=0 retry_gap=0 wait=0 rx=0 rxq=0 rxr=0 ack=0 ch9=0 rf=1 retry=20 interval=380
DBG_ANCHOR_CH5_SCAN_RESCHED ret=1 delay=20
DBG_ANCHOR_CH5_SCAN_HANDLER role=2
DBG_ANCHOR_CH5_SCAN_BLOCKED win=0 survey=0 tx=0 retry_gap=0 wait=0 rx=0 rxq=0 rxr=0 ack=0 ch9=0 rf=1 retry=20 interval=380
DBG_ANCHOR_CH5_SCAN_RESCHED ret=1 delay=20
DBG_ANCHOR_CH5_SCAN_HANDLER role=2
DBG_ANCHOR_CH5_SCAN_BLOCKED win=0 survey=0 tx=0 retry_gap=0 wait=0 rx=0 rxq=0 rxr=0 ack=0 ch9=0 rf=1 retry=20 interval=380
DBG_ANCHOR_CH5_SCAN_RESCHED ret=1 delay=20
DBG_ANCHOR_CH5_SCAN_HANDLER role=2
DBG_ANCHOR_CH5_SCAN_BLOCKED win=0 survey=0 tx=0 retry_gap=0 wait=0 rx=0 rxq=0 rxr=0 ack=0 ch9=0 rf=1 retry=20 interval=380
DBG_ANCHOR_CH5_SCAN_RESCHED ret=1 delay=20
DBG_ANCHOR_CH5_SCAN_HANDLER role=2
DBG_ANCHOR_CH5_SCAN_BLOCKED win=0 survey=0 tx=0 retry_gap=0 wait=0 rx=0 rxq=0 rxr=0 ack=0 ch9=0 rf=1 retry=20 interval=380
DBG_ANCHOR_CH5_SCAN_RESCHED ret=1 delay=20
DBG_ANCHOR_CH5_SCAN_HANDLER role=2
DBG_ANCHOR_CH5_SCAN_BLOCKED win=0 survey=0 tx=0 retry_gap=0 wait=0 rx=0 rxq=0 rxr=0 ack=0 ch9=0 rf=1 retry=20 interval=380
DBG_ANCHOR_CH5_SCAN_RESCHED ret=1 delay=20
DBG_ANCHOR_CH5_SCAN_HANDLER role=2
DBG_ANCHOR_CH5_SCAN_BLOCKED win=0 survey=0 tx=0 retry_gap=0 wait=0 rx=0 rxq=0 rxr=0 ack=0 ch9=0 rf=1 retry=20 interval=380
DBG_ANCHOR_CH5_SCAN_RESCHED ret=1 delay=20
DBG_CH9_SKIP_STALE n=1 now=184806 next=185241 cnt=325742959 reason=c5-listener-rx
DBG_ANCHOR_CH5_SCAN_HANDLER role=2
DBG_ANCHOR_CH5_SCAN_BLOCKED win=0 survey=0 tx=0 retry_gap=0 wait=0 rx=0 rxq=0 rxr=0 ack=0 ch9=0 rf=1 retry=20 interval=380
DBG_ANCHOR_CH5_SCAN_RESCHED ret=1 delay=20
DBG_ANCHOR_CH5_SCAN_HANDLER role=2
DBG_ANCHOR_CH5_SCAN_BLOCKED win=0 survey=0 tx=0 retry_gap=0 wait=0 rx=0 rxq=0 rxr=0 ack=0 ch9=0 rf=1 retry=20 interval=380
DBG_ANCHOR_CH5_SCAN_RESCHED ret=1 delay=20
DBG_ANCHOR_CH5_SCAN_HANDLER role=2
DBG_ANCHOR_CH5_SCAN_BLOCKED win=0 survey=0 tx=0 retry_gap=0 wait=0 rx=0 rxq=0 rxr=0 ack=0 ch9=0 rf=1 retry=20 interval=380
DBG_ANCHOR_CH5_SCAN_RESCHED ret=1 delay=20
DBG_ANCHOR_CH5_SCAN_HANDLER role=2
DBG_ANCHOR_CH5_SCAN_BLOCKED win=0 survey=0 tx=0 retry_gap=0 wait=0 rx=0 rxq=0 rxr=0 ack=0 ch9=0 rf=1 retry=20 interval=380
DBG_ANCHOR_CH5_SCAN_RESCHED ret=1 delay=20
DBG_ANCHOR_CH5_SCAN_HANDLER role=2
DBG_ANCHOR_CH5_SCAN_BLOCKED win=0 survey=0 tx=0 retry_gap=0 wait=0 rx=0 rxq=0 rxr=0 ack=0 ch9=0 rf=1 retry=20 interval=380
DBG_ANCHOR_CH5_SCAN_RESCHED ret=1 delay=20
DBG_ANCHOR_CH5_SCAN_HANDLER role=2
DBG_ANCHOR_CH5_SCAN_BLOCKED win=0 survey=0 tx=0 retry_gap=0 wait=0 rx=0 rxq=0 rxr=0 ack=0 ch9=0 rf=1 retry=20 interval=380
DBG_ANCHOR_CH5_SCAN_RESCHED ret=1 delay=20
DBG_ANCHOR_CH5_SCAN_HANDLER role=2
DBG_ANCHOR_CH5_SCAN_BLOCKED win=0 survey=0 tx=0 retry_gap=0 wait=0 rx=0 rxq=0 rxr=0 ack=0 ch9=0 rf=1 retry=20 interval=380
DBG_ANCHOR_CH5_SCAN_RESCHED ret=1 delay=20
DBG_ANCHOR_CH5_SCAN_HANDLER role=2
DBG_ANCHOR_CH5_SCAN_BLOCKED win=0 survey=0 tx=0 retry_gap=0 wait=0 rx=0 rxq=0 rxr=0 ack=0 ch9=0 rf=1 retry=20 interval=380
DBG_ANCHOR_CH5_SCAN_RESCHED ret=1 delay=20
DBG_ANCHOR_CH5_SCAN_HANDLER role=2
DBG_ANCHOR_CH5_SCAN_BLOCKED win=0 survey=0 tx=0 retry_gap=0 wait=0 rx=0 rxq=0 rxr=0 ack=0 ch9=0 rf=1 retry=20 interval=380
DBG_ANCHOR_CH5_SCAN_RESCHED ret=1 delay=20
DBG_ANCHOR_CH5_SCAN_HANDLER role=2
DBG_ANCHOR_CH5_SCAN_BLOCKED win=0 survey=0 tx=0 retry_gap=0 wait=0 rx=0 rxq=0 rxr=0 ack=0 ch9=0 rf=1 retry=20 interval=380
DBG_ANCHOR_CH5_SCAN_RESCHED ret=1 delay=20
DBG_ANCHOR_CH5_SCAN_HANDLER role=2
DBG_ANCHOR_CH5_SCAN_BLOCKED win=0 survey=0 tx=0 retry_gap=0 wait=0 rx=0 rxq=0 rxr=0 ack=0 ch9=0 rf=1 retry=20 interval=380
DBG_ANCHOR_CH5_SCAN_RESCHED ret=1 delay=20
DBG_ANCHOR_CH5_SCAN_HANDLER role=2
DBG_ANCHOR_CH5_SCAN_BLOCKED win=0 survey=0 tx=0 retry_gap=0 wait=0 rx=0 rxq=0 rxr=0 ack=0 ch9=0 rf=1 retry=20 interval=380
DBG_ANCHOR_CH5_SCAN_RESCHED ret=1 delay=20
DBG_ANCHOR_CH5_SCAN_HANDLER role=2
DBG_ANCHOR_CH5_SCAN_BLOCKED win=0 survey=0 tx=0 retry_gap=0 wait=0 rx=0 rxq=0 rxr=0 ack=0 ch9=0 rf=1 retry=20 interval=380
DBG_ANCHOR_CH5_SCAN_RESCHED ret=1 delay=20
DBG_ANCHOR_CH5_SCAN_HANDLER role=2
DBG_ANCHOR_CH5_SCAN_BLOCKED win=0 survey=0 tx=0 retry_gap=0 wait=0 rx=0 rxq=0 rxr=0 ack=0 ch9=0 rf=1 retry=20 interval=380
DBG_ANCHOR_CH5_SCAN_RESCHED ret=1 delay=20
DBG_ANCHOR_CH5_SCAN_HANDLER role=2
DBG_ANCHOR_CH5_SCAN_BLOCKED win=0 survey=0 tx=0 retry_gap=0 wait=0 rx=0 rxq=0 rxr=0 ack=0 ch9=0 rf=1 retry=20 interval=380
DBG_ANCHOR_CH5_SCAN_RESCHED ret=1 delay=20
DBG_ANCHOR_CH5_SCAN_HANDLER role=2
DBG_ANCHOR_CH5_SCAN_BLOCKED win=0 survey=0 tx=0 retry_gap=0 wait=0 rx=0 rxq=0 rxr=0 ack=0 ch9=0 rf=1 retry=20 interval=380
DBG_ANCHOR_CH5_SCAN_RESCHED ret=1 delay=20
DBG_ROUTE_REPLY_LISTEN_DONE captured=0 ret=-116
DBG_C5_CONTACT phase=closing state=4 peer=0x191a9619c6c8cb07 purpose=gateway_command_flood reason=reply-listen-timeout
DBG_ANCHOR_ROUTE_WAKE_HANDOFF_DONE src=0x191a9619c6c8cb07 embedded=0 ret=-116 pending=0
DBG_CH9_RX_SLOT idx=0 cnt=325742959 now=185220 start=185241 end=185361
DBG_CH9_EVENT_STATE state=granted peer=0x191a9619c6c8cb07 start=185241 end=185361 reason=rx-slot
DBG_CH9_RX_START idx=0 now=185220 start=185241 end=185361 tail=60
DBG_ANCHOR_CH5_SCAN_HANDLER role=2
DBG_ANCHOR_CH5_SCAN_BLOCKED win=0 survey=0 tx=0 retry_gap=0 wait=0 rx=0 rxq=0 rxr=0 ack=0 ch9=0 rf=1 retry=20 interval=380
DBG_ANCHOR_CH5_SCAN_RESCHED ret=1 delay=20
DBG_CH9_RX_CONFIG_OK
DBG_CH9_RX_EARLY_ARM now=185242 start=185241 guard=60
DBG_CH9_RX_ARMED now=185242 start=185241 end=185361 deadline=185421
DBG_ANCHOR_CH5_SCAN_HANDLER role=2
DBG_ANCHOR_CH5_SCAN_BLOCKED win=0 survey=0 tx=0 retry_gap=0 wait=0 rx=0 rxq=0 rxr=0 ack=0 ch9=0 rf=1 retry=20 interval=380
DBG_ANCHOR_CH5_SCAN_RESCHED ret=1 delay=20
DBG_ANCHOR_CH5_SCAN_HANDLER role=2
DBG_ANCHOR_CH5_SCAN_BLOCKED win=0 survey=0 tx=0 retry_gap=0 wait=0 rx=0 rxq=0 rxr=0 ack=0 ch9=0 rf=1 retry=20 interval=380
DBG_ANCHOR_CH5_SCAN_RESCHED ret=1 delay=20
DBG_ANCHOR_CH5_SCAN_HANDLER role=2
DBG_ANCHOR_CH5_SCAN_BLOCKED win=0 survey=0 tx=0 retry_gap=0 wait=0 rx=0 rxq=0 rxr=0 ack=0 ch9=0 rf=1 retry=20 interval=380
DBG_ANCHOR_CH5_SCAN_RESCHED ret=1 delay=20
DBG_ANCHOR_CH5_SCAN_HANDLER role=2
DBG_ANCHOR_CH5_SCAN_BLOCKED win=0 survey=0 tx=0 retry_gap=0 wait=0 rx=0 rxq=0 rxr=0 ack=0 ch9=0 rf=1 retry=20 interval=380
DBG_ANCHOR_CH5_SCAN_RESCHED ret=1 delay=20
DBG_ANCHOR_CH5_SCAN_HANDLER role=2
DBG_ANCHOR_CH5_SCAN_BLOCKED win=0 survey=0 tx=0 retry_gap=0 wait=0 rx=0 rxq=0 rxr=0 ack=0 ch9=0 rf=1 retry=20 interval=380
DBG_ANCHOR_CH5_SCAN_RESCHED ret=1 delay=20
DBG_ANCHOR_CH5_SCAN_HANDLER role=2
DBG_ANCHOR_CH5_SCAN_BLOCKED win=0 survey=0 tx=0 retry_gap=0 wait=0 rx=0 rxq=0 rxr=0 ack=0 ch9=0 rf=1 retry=20 interval=380
DBG_ANCHOR_CH5_SCAN_RESCHED ret=1 delay=20
DBG_ANCHOR_CH5_SCAN_HANDLER role=2
DBG_ANCHOR_CH5_SCAN_BLOCKED win=0 survey=0 tx=0 retry_gap=0 wait=0 rx=0 rxq=0 rxr=0 ack=0 ch9=0 rf=1 retry=20 interval=380
DBG_DWM_KEEP_IDLE reason=ch9-rx ch9=1 ack=0 qack=0 ret=0
DBG_CH9_RX_EMPTY
DBG_CH9_RX_TIMEOUT
DBG_CH9_RX_MISS frames=0 now=185421 start=185241 end=185361 fail=0
DBG_CH9_EVENT_STATE state=window_expired peer=0x191a9619c6c8cb07 start=185241 end=185361 reason=rx-slot
DBG_ANCHOR_CH5_SCAN_RESCHED ret=1 delay=20
DBG_ANCHOR_CH5_SCAN_HANDLER role=2
DBG_ANCHOR_CH5_SCAN_ARM now=185441 win=20 complete=15 interval=380 wait=0 tx=0
DBG_DWM_CH5_RX_HUNT_START acq=20 complete=15 cap=1021
DBG_DWM_CH5_RX_HUNT_EMPTY ret=-116 status=0x00000000 acq=20
DBG_ANCHOR_CH5_SCAN_DONE ret=-116 len=0 fail=1 pre=0 q=0 rx_us=20538 complete=15
DBG_ANCHOR_CH5_POST_CH9_RECOVERY_SCAN win=20 ret=-116 pre=0
DBG_ANCHOR_CH5_SCAN_RESCHED ret=1 delay=380
DBG_ANCHOR_CH5_SCAN_HANDLER role=2
DBG_DWM_CH5_RX_HUNT_START acq=3 complete=15 cap=1021
DBG_DWM_CH5_RX_HUNT_EMPTY ret=-116 status=0x00000000 acq=3
DBG_ANCHOR_CH5_SCAN_RESCHED ret=1 delay=380
DBG_ANCHOR_CH5_SCAN_HANDLER role=2
DBG_DWM_CH5_RX_HUNT_START acq=3 complete=15 cap=1021
DBG_DWM_CH5_RX_HUNT_EMPTY ret=-116 status=0x00000000 acq=3
DBG_ANCHOR_CH5_SCAN_RESCHED ret=1 delay=380
DBG_CH9_SKIP_STALE n=1 now=186461 next=186521 cnt=325742961 reason=rx-select
DBG_CH9_RX_SLOT idx=0 cnt=325742961 now=186461 start=186521 end=186641
DBG_CH9_EVENT_STATE state=granted peer=0x191a9619c6c8cb07 start=186521 end=186641 reason=rx-slot
DBG_CH9_RX_START idx=0 now=186461 start=186521 end=186641 tail=60
DBG_CH9_RX_CONFIG_OK
DBG_CH9_RX_EARLY_ARM now=186480 start=186521 guard=60
DBG_CH9_RX_ARMED now=186480 start=186521 end=186641 deadline=186701
DBG_CH9_RX_FRAME
DBG_UWB_RX_CH9
DBG_CH9_RX_HW since_us=74061 host_delta=36 en32=0x000e607a rx32=0x012871f6
DBG_CH9_RX_TIMING arm_delta=-41 hw_delta_us=33061 host_delta=36 len=61 q=100
DBG_CH9_RX_FRAME
DBG_UWB_RX_CH9
DBG_CH9_RX_HW since_us=15485 host_delta=55 en32=0x0133e47a rx32=0x016edea7
DBG_CH9_RX_TIMING arm_delta=-41 hw_delta_us=-25515 host_delta=55 len=105 q=100
DBG_ANCHOR_CH5_SCAN_HANDLER role=2
DBG_ANCHOR_CH5_SCAN_BLOCKED win=0 survey=0 tx=0 retry_gap=0 wait=0 rx=0 rxq=0 rxr=0 ack=0 ch9=0 rf=1 retry=20 interval=380
DBG_ANCHOR_CH5_SCAN_RESCHED ret=1 delay=20
DBG_ANCHOR_CH5_SCAN_HANDLER role=2
DBG_ANCHOR_CH5_SCAN_BLOCKED win=0 survey=0 tx=0 retry_gap=0 wait=0 rx=0 rxq=0 rxr=0 ack=0 ch9=0 rf=1 retry=20 interval=380
DBG_ANCHOR_CH5_SCAN_RESCHED ret=1 delay=20
DBG_DWM_KEEP_IDLE reason=ch9-rx ch9=1 ack=0 qack=0 ret=0
DBG_CH9_RX_NO_EXPECTED_PEER
DBG_CH9_RX_TIMEOUT
DBG_CH9_RX_MISS frames=2 now=186703 start=186521 end=186641 fail=0
DBG_CH9_EVENT_STATE state=window_expired peer=0x191a9619c6c8cb07 start=186521 end=186641 reason=rx-slot
DBG_ANCHOR_CH5_SCAN_HANDLER role=2
DBG_ANCHOR_CH5_SCAN_ARM now=186720 win=20 complete=15 interval=380 wait=0 tx=0
DBG_DWM_CH5_RX_HUNT_START acq=20 complete=15 cap=1021
DBG_DWM_CH5_RX_ACTIVITY_EXTEND ret=0 status=0x00000100 complete=15
DBG_DWM_CH5_RX_ACTIVITY_WAIT status=0x00000100 remain=15
DBG_DWM_CH5_RX_ACTIVITY_DONE raw=51 payload=49 status=0x00006f00 rearm=0 extended=1
DBG_ANCHOR_CH5_SCAN_DONE ret=0 len=49 fail=0 pre=1 q=100 rx_us=20000 complete=15
DBG_UWB_RX_CH5
DBG_ANCHOR_CH5_FRAME len=49 q=100 wake_ret=0
DBG_ANCHOR_ROUTE_WAKE_DISPATCH src=0x708bc0aab970300e evt=184851 attempt=1 flags=0x92 len=49 q=100
DBG_ANCHOR_CH5_POST_CH9_RECOVERY_SCAN win=20 ret=0 pre=1
DBG_C5_CONTACT phase=open state=2 peer=0x708bc0aab970300e purpose=route_solicit reason=wake-claim
DBG_C5_CONTACT phase=accepted state=2 peer=0x708bc0aab970300e purpose=route_solicit reason=wake-claim
DBG_ANCHOR_ROUTE_WAKE_HANDOFF src=0x708bc0aab970300e evt=184851 attempt=1 flags=0x92 embedded=0 listen=1442
DBG_C5_CONTACT phase=exchange state=3 peer=0x708bc0aab970300e purpose=route_solicit reason=anchor-route-wake-followup
DBG_ROUTE_REPLY_LISTEN_START
DBG_DWM_WAKE_MESH_CTRL_OK sfd=4073
DBG_ROUTE_REPLY_LISTEN_CONFIG ret=0 ext=1
DBG_DWM_CH5_RX_HUNT_START acq=61 complete=15 cap=1021
DBG_DWM_CH5_RX_ACTIVITY_EXTEND ret=0 status=0x00000100 complete=15
DBG_DWM_CH5_RX_ACTIVITY_WAIT status=0x00000100 remain=15
DBG_DWM_CH5_RX_ACTIVITY_DONE raw=51 payload=49 status=0x00006f00 rearm=0 extended=1
DBG_DWM_WAKE_MESH_CTRL_OK sfd=4073
DBG_ROUTE_REPLY_CLICK_PROBE_DONE duration_ms=43 outcome=restore ret=0
DBG_C5_RX_FAIL status=0x00001700 finfo=0x00000000 fail=4 phy=4 ch=5 plen=3 pac=2 txc=9 rxc=9 sfd=2 rate=0 phr=1 phrr=0 sfdto=4
DBG_DWM_CH5_RX_HUNT_START acq=61 complete=15 cap=1021
DBG_DWM_CH5_RX_ACTIVITY_EXTEND ret=0 status=0x00000100 complete=15
DBG_DWM_CH5_RX_ACTIVITY_WAIT status=0x00000100 remain=15
DBG_DWM_CH5_RX_ACTIVITY_DONE raw=51 payload=49 status=0x00006f00 rearm=0 extended=1
DBG_DWM_WAKE_MESH_CTRL_OK sfd=4073
DBG_ROUTE_REPLY_CLICK_PROBE_DONE duration_ms=43 outcome=restore ret=0
DBG_DWM_CH5_RX_HUNT_START acq=61 complete=15 cap=1021
DBG_DWM_CH5_RX_ACTIVITY_EXTEND ret=0 status=0x00000100 complete=15
DBG_DWM_CH5_RX_ACTIVITY_WAIT status=0x00000100 remain=15
DBG_DWM_CH5_RX_ACTIVITY_DONE raw=51 payload=49 status=0x00006f00 rearm=0 extended=1
DBG_DWM_WAKE_MESH_CTRL_OK sfd=4073
DBG_ROUTE_REPLY_CLICK_PROBE_DONE duration_ms=43 outcome=restore ret=0
DBG_DWM_CH5_RX_HUNT_START acq=61 complete=15 cap=1021
DBG_DWM_CH5_RX_ACTIVITY_EXTEND ret=0 status=0x00000100 complete=15
DBG_DWM_CH5_RX_ACTIVITY_WAIT status=0x00000100 remain=15
DBG_DWM_CH5_RX_ACTIVITY_DONE raw=51 payload=49 status=0x00006f00 rearm=0 extended=1
DBG_DWM_WAKE_MESH_CTRL_OK sfd=4073
DBG_ROUTE_REPLY_CLICK_PROBE_DONE duration_ms=43 outcome=restore ret=0
DBG_DWM_CH5_RX_HUNT_START acq=61 complete=15 cap=1021
DBG_DWM_CH5_RX_ACTIVITY_EXTEND ret=0 status=0x00000100 complete=15
DBG_DWM_CH5_RX_ACTIVITY_WAIT status=0x00000100 remain=15
DBG_DWM_CH5_RX_ACTIVITY_DONE raw=51 payload=49 status=0x00006f00 rearm=0 extended=1
DBG_DWM_WAKE_MESH_CTRL_OK sfd=4073
DBG_ROUTE_REPLY_CLICK_PROBE_DONE duration_ms=44 outcome=restore ret=0
DBG_DWM_CH5_RX_HUNT_START acq=61 complete=15 cap=1021
DBG_DWM_CH5_RX_ACTIVITY_EXTEND ret=0 status=0x00000100 complete=15
DBG_DWM_CH5_RX_ACTIVITY_WAIT status=0x00000100 remain=15
DBG_DWM_CH5_RX_ACTIVITY_DONE raw=51 payload=49 status=0x00006f00 rearm=0 extended=1
DBG_DWM_WAKE_MESH_CTRL_OK sfd=4073
DBG_ROUTE_REPLY_CLICK_PROBE_DONE duration_ms=43 o