[34m0000716[0m [36mI[0m Target type is nrf52833 [2m[board][0m
[34m0000765[0m [36mI[0m Performing connect pre-reset [2m[coresight_target][0m
[34m0000968[0m [36mI[0m DP IDR = 0x2ba01477 (v1 rev2) [2m[dap][0m
[34m0000973[0m [36mI[0m AHB-AP#0 IDR = 0x24770011 (AHB-AP var1 rev2) [2m[discovery][0m
[34m0000973[0m [36mI[0m AP#1 IDR = 0x02880000 (AP var0 rev0) [2m[discovery][0m
[34m0000974[0m [36mI[0m NRF52833 not in secure state [2m[target_nRF52][0m
[34m0000976[0m [36mI[0m AHB-AP#0 Class 0x1 ROM table #0 @ 0xe00ff000 (designer=244 part=00d) [2m[rom_table][0m
[34m0000978[0m [36mI[0m [0]<e000e000:SCS v7-M class=14 designer=43b:Arm part=00c> [2m[rom_table][0m
[34m0000979[0m [36mI[0m [1]<e0001000:DWT v7-M class=14 designer=43b:Arm part=002> [2m[rom_table][0m
[34m0000981[0m [36mI[0m [2]<e0002000:FPB v7-M class=14 designer=43b:Arm part=003> [2m[rom_table][0m
[34m0000982[0m [36mI[0m [3]<e0000000:ITM v7-M class=14 designer=43b:Arm part=001> [2m[rom_table][0m
[34m0000983[0m [36mI[0m [4]<e0040000:TPIU M4 class=9 designer=43b:Arm part=9a1 devtype=11 archid=0000 devid=ca1:0:0> [2m[rom_table][0m
[34m0000985[0m [36mI[0m [5]<e0041000:ETM M4 class=9 designer=43b:Arm part=925 devtype=13 archid=0000 devid=0:0:0> [2m[rom_table][0m
[34m0000988[0m [36mI[0m CPU core #0: Cortex-M4 r0p1, v7.0-M architecture [2m[cortex_m][0m
[34m0000988[0m [36mI[0m   Extensions: [DSP, FPU, FPU_V4, MPU] [2m[cortex_m][0m
[34m0000988[0m [36mI[0m   FPU present: FPv4-SP-D16-M [2m[cortex_m][0m
[34m0000990[0m [36mI[0m This appears to be an nRF52833 AA B0 [2m[target_nRF52][0m
[34m0000992[0m [36mI[0m 4 hardware watchpoints [2m[dwt][0m
[34m0000994[0m [36mI[0m 6 hardware breakpoints, 4 literal comparators [2m[fpb][0m
[34m0001009[0m [36mI[0m 3 up channels and 3 down channels found [2m[rtt_cmd][0m
[34m0001009[0m [36mI[0m Reading from up channel 0 ("Terminal") [2m[rtt_cmd][0m
[34m0001010[0m [36mI[0m Writing to down channel 0 ("Terminal") [2m[rtt_cmd][0m
DBG_ANCHOR_CH5_SCAN_HANDLER role=2
DBG_DWM_INVALIDATE tag=configure_radio_from_reset active_phy=2 configured=1 awake=0
DBG_DWM_MARK_UNCONFIGURED tag=initialise_radio prev_phy=0
DBG_DWM_CH5_RX_HUNT_START acq=3 complete=15 cap=1021
DBG_DWM_CH5_RX_HUNT_EMPTY ret=-116 status=0x00000000 acq=3
DBG_ANCHOR_CH5_SCAN_RESCHED ret=1 delay=380
DBG_ANCHOR_CH5_SCAN_HANDLER role=2
DBG_ANCHOR_CH5_SCAN_ARM now=2490560 win=3 complete=15 interval=380 wait=0 tx=0 response=0
DBG_DWM_INVALIDATE tag=configure_radio_from_reset active_phy=2 configured=1 awake=0
DBG_DWM_MARK_UNCONFIGURED tag=initialise_radio prev_phy=0
DBG_DWM_CH5_RX_HUNT_START acq=3 complete=15 cap=1021
DBG_DWM_CH5_RX_HUNT_EMPTY ret=-116 status=0x00000000 acq=3
DBG_ANCHOR_CH5_SCAN_DONE ret=-116 len=0 fail=1 pre=0 q=0 rx_us=3997 complete=15
DBG_ANCHOR_CH5_SCAN_RESCHED ret=1 delay=380
DBG_ANCHOR_CH5_SCAN_HANDLER role=2
DBG_DWM_INVALIDATE tag=configure_radio_from_reset active_phy=2 configured=1 awake=0
DBG_DWM_MARK_UNCONFIGURED tag=initialise_radio prev_phy=0
DBG_ANCHOR_CH5_SCAN_HANDLER role=2
DBG_DWM_INVALIDATE tag=configure_radio_from_reset active_phy=2 configured=1 awake=0
DBG_DWM_MARK_UNCONFIGURED tag=initialise_radio prev_phy=0
DBG_DWM_CH5_RX_HUNT_START acq=3 complete=15 cap=1021
DBG_DWM_CH5_RX_HUNT_EMPTY ret=-116 status=0x00000000 acq=3
DBG_ANCHOR_CH5_SCAN_RESCHED ret=1 delay=380
DBG_ANCHOR_CH5_SCAN_HANDLER role=2
DBG_DWM_INVALIDATE tag=configure_radio_from_reset active_phy=2 configured=1 awake=0
DBG_DWM_MARK_UNCONFIGURED tag=initialise_radio prev_phy=0
DBG_DWM_CH5_RX_HUNT_START acq=3 complete=15 cap=1021
DBG_DWM_CH5_RX_HUNT_EMPTY ret=-116 status=0x00000000 acq=3
DBG_ANCHOR_CH5_SCAN_RESCHED ret=1 delay=380
DBG_ANCHOR_CH5_SCAN_HANDLER role=2
DBG_ANCHOR_CH5_SCAN_ARM now=2492999 win=3 complete=15 interval=380 wait=0 tx=0 response=0
DBG_DWM_INVALIDATE tag=configure_radio_from_reset active_phy=2 configured=1 awake=0
DBG_DWM_MARK_UNCONFIGURED tag=initialise_radio prev_phy=0
DBG_DWM_CH5_RX_HUNT_START acq=3 complete=15 cap=1021
DBG_DWM_CH5_RX_HUNT_EMPTY ret=-116 status=0x00000000 acq=3
DBG_ANCHOR_CH5_SCAN_DONE ret=-116 len=0 fail=1 pre=0 q=0 rx_us=3997 complete=15
DBG_ANCHOR_CH5_SCAN_RESCHED ret=1 delay=380
DBG_ANCHOR_CH5_SCAN_HANDLER role=2
DBG_DWM_INVALIDATE tag=configure_radio_from_reset active_phy=2 configured=1 awake=0
DBG_DWM_MARK_UNCONFIGURED tag=initialise_radio prev_phy=0
DBG_DWM_CH5_RX_HUNT_START acq=3 complete=15 cap=1021
DBG_DWM_CH5_RX_HUNT_EMPTY ret=-116 status=0x00000000 acq=3
DBG_ANCHOR_CH5_SCAN_RESCHED ret=1 delay=380
DBG_ANCHOR_CH5_SCAN_HANDLER role=2
DBG_DWM_INVALIDATE tag=configure_radio_from_reset active_phy=2 configured=1 awake=0
DBG_DWM_MARK_UNCONFIGURED tag=initialise_radio prev_phy=0
DBG_DWM_CH5_RX_HUNT_START acq=3 complete=15 cap=1021
DBG_DWM_CH5_RX_HUNT_EMPTY ret=-116 status=0x00000000 acq=3
DBG_ANCHOR_CH5_SCAN_RESCHED ret=1 delay=380
DBG_ANCHOR_CH5_SCAN_HANDLER role=2
DBG_ANCHOR_CH5_SCAN_ARM now=2494220 win=3 complete=15 interval=380 wait=0 tx=0 response=0
DBG_DWM_INVALIDATE tag=configure_radio_from_reset active_phy=2 configured=1 awake=0
DBG_DWM_MARK_UNCONFIGURED tag=initialise_radio prev_phy=0
DBG_DWM_CH5_RX_HUNT_START acq=3 complete=15 cap=1021
DBG_DWM_CH5_RX_HUNT_EMPTY ret=-116 status=0x00000000 acq=3
DBG_ANCHOR_CH5_SCAN_DONE ret=-116 len=0 fail=1 pre=0 q=0 rx_us=3448 complete=15
DBG_ANCHOR_CH5_SCAN_RESCHED ret=1 delay=380
DBG_ANCHOR_CH5_SCAN_HANDLER role=2
DBG_DWM_INVALIDATE tag=configure_radio_from_reset active_phy=2 configured=1 awake=0
DBG_DWM_MARK_UNCONFIGURED tag=initialise_radio prev_phy=0
DBG_DWM_CH5_RX_HUNT_START acq=3 complete=15 cap=1021
DBG_DWM_CH5_RX_HUNT_EMPTY ret=-116 status=0x00000000 acq=3
DBG_ANCHOR_CH5_SCAN_RESCHED ret=1 delay=380
DBG_ANCHOR_CH5_SCAN_HANDLER role=2
DBG_DWM_INVALIDATE tag=configure_radio_from_reset active_phy=2 configured=1 awake=0
DBG_DWM_MARK_UNCONFIGURED tag=initialise_radio prev_phy=0
DBG_DWM_CH5_RX_HUNT_START acq=3 complete=15 cap=1021
DBG_DWM_CH5_RX_HUNT_EMPTY ret=-116 status=0x00000000 acq=3
DBG_ANCHOR_CH5_SCAN_RESCHED ret=1 delay=380
DBG_ANCHOR_CH5_SCAN_HANDLER role=2
DBG_ANCHOR_CH5_SCAN_ARM now=2495439 win=3 complete=15 interval=380 wait=0 tx=0 response=0
DBG_DWM_INVALIDATE tag=configure_radio_from_reset active_phy=2 configured=1 awake=0
DBG_DWM_MARK_UNCONFIGURED tag=initialise_radio prev_phy=0
DBG_DWM_CH5_RX_HUNT_START acq=3 complete=15 cap=1021
DBG_DWM_CH5_RX_HUNT_EMPTY ret=-116 status=0x00000000 acq=3
DBG_ANCHOR_CH5_SCAN_DONE ret=-116 len=0 fail=1 pre=0 q=0 rx_us=3967 complete=15
DBG_ANCHOR_CH5_SCAN_RESCHED ret=1 delay=380
DBG_ANCHOR_CH5_SCAN_HANDLER role=2
DBG_DWM_INVALIDATE tag=configure_radio_from_reset active_phy=2 configured=1 awake=0
DBG_DWM_MARK_UNCONFIGURED tag=initialise_radio prev_phy=0
DBG_DWM_CH5_RX_HUNT_START acq=3 complete=15 cap=1021
DBG_DWM_CH5_RX_HUNT_EMPTY ret=-116 status=0x00000000 acq=3
DBG_ANCHOR_CH5_SCAN_RESCHED ret=1 delay=380
DBG_ANCHOR_CH5_SCAN_HANDLER role=2
DBG_DWM_INVALIDATE tag=configure_radio_from_reset active_phy=2 configured=1 awake=0
DBG_DWM_MARK_UNCONFIGURED tag=initialise_radio prev_phy=0
DBG_DWM_CH5_RX_HUNT_START acq=3 complete=15 cap=1021
DBG_DWM_CH5_RX_HUNT_EMPTY ret=-116 status=0x00000000 acq=3
DBG_ANCHOR_CH5_SCAN_RESCHED ret=1 delay=380
DBG_ANCHOR_CH5_SCAN_HANDLER role=2
DBG_ANCHOR_CH5_SCAN_ARM now=2496659 win=3 complete=15 interval=380 wait=0 tx=0 response=0
DBG_DWM_INVALIDATE tag=configure_radio_from_reset active_phy=2 configured=1 awake=0
DBG_DWM_MARK_UNCONFIGURED tag=initialise_radio prev_phy=0
DBG_DWM_CH5_RX_HUNT_START acq=3 complete=15 cap=1021
DBG_DWM_CH5_RX_HUNT_EMPTY ret=-116 status=0x00000000 acq=3
DBG_ANCHOR_CH5_SCAN_DONE ret=-116 len=0 fail=1 pre=0 q=0 rx_us=4180 complete=15
DBG_ANCHOR_CH5_SCAN_RESCHED ret=1 delay=380
DBG_ANCHOR_CH5_SCAN_HANDLER role=2
DBG_DWM_INVALIDATE tag=configure_radio_from_reset active_phy=2 configured=1 awake=0
DBG_DWM_MARK_UNCONFIGURED tag=initialise_radio prev_phy=0
DBG_DWM_CH5_RX_HUNT_START acq=3 complete=15 cap=1021
DBG_DWM_CH5_RX_HUNT_EMPTY ret=-116 status=0x00000000 acq=3
DBG_ANCHOR_CH5_SCAN_RESCHED ret=1 delay=380
DBG_ANCHOR_CH5_SCAN_HANDLER role=2
DBG_DWM_INVALIDATE tag=configure_radio_from_reset active_phy=2 configured=1 awake=0
DBG_DWM_MARK_UNCONFIGURED tag=initialise_radio prev_phy=0
DBG_DWM_CH5_RX_HUNT_START acq=3 complete=15 cap=1021
DBG_DWM_CH5_RX_HUNT_EMPTY ret=-116 status=0x00000000 acq=3
DBG_ANCHOR_CH5_SCAN_RESCHED ret=1 delay=380
DBG_ANCHOR_CH5_SCAN_HANDLER role=2
DBG_ANCHOR_CH5_SCAN_ARM now=2497878 win=3 complete=15 interval=380 wait=0 tx=0 response=0
DBG_DWM_INVALIDATE tag=configure_radio_from_reset active_phy=2 configured=1 awake=0
DBG_DWM_MARK_UNCONFIGURED tag=initialise_radio prev_phy=0
DBG_DWM_CH5_RX_HUNT_START acq=3 complete=15 cap=1021
DBG_DWM_CH5_RX_HUNT_EMPTY ret=-116 status=0x00000000 acq=3
DBG_ANCHOR_CH5_SCAN_DONE ret=-116 len=0 fail=1 pre=0 q=0 rx_us=3997 complete=15
DBG_ANCHOR_CH5_SCAN_RESCHED ret=1 delay=380
DBG_ANCHOR_CH5_SCAN_HANDLER role=2
DBG_DWM_INVALIDATE tag=configure_radio_from_reset active_phy=2 configured=1 awake=0
DBG_DWM_MARK_UNCONFIGURED tag=initialise_radio prev_phy=0
DBG_DWM_CH5_RX_HUNT_START acq=3 complete=15 cap=1021
DBG_DWM_CH5_RX_HUNT_EMPTY ret=-116 status=0x00000000 acq=3
DBG_ANCHOR_CH5_SCAN_RESCHED ret=1 delay=380
DBG_ANCHOR_CH5_SCAN_HANDLER role=2
DBG_DWM_INVALIDATE tag=configure_radio_from_reset active_phy=2 configured=1 awake=0
DBG_DWM_MARK_UNCONFIGURED tag=initialise_radio prev_phy=0
DBG_DWM_CH5_RX_HUNT_START acq=3 complete=15 cap=1021
DBG_DWM_CH5_RX_HUNT_EMPTY ret=-116 status=0x00000000 acq=3
DBG_ANCHOR_CH5_SCAN_RESCHED ret=1 delay=380
DBG_ANCHOR_CH5_SCAN_HANDLER role=2
DBG_ANCHOR_CH5_SCAN_ARM now=2499097 win=3 complete=15 interval=380 wait=0 tx=0 response=0
DBG_DWM_INVALIDATE tag=configure_radio_from_reset active_phy=2 configured=1 awake=0
DBG_DWM_MARK_UNCONFIGURED tag=initialise_radio prev_phy=0
DBG_DWM_CH5_RX_HUNT_START acq=3 complete=15 cap=1021
DBG_DWM_CH5_RX_HUNT_EMPTY ret=-116 status=0x00000000 acq=3
DBG_ANCHOR_CH5_SCAN_DONE ret=-116 len=0 fail=1 pre=0 q=0 rx_us=3631 complete=15
DBG_ANCHOR_CH5_SCAN_RESCHED ret=1 delay=380
DBG_ANCHOR_CH5_SCAN_HANDLER role=2
DBG_DWM_INVALIDATE tag=configure_radio_from_reset active_phy=2 configured=1 awake=0
DBG_DWM_MARK_UNCONFIGURED tag=initialise_radio prev_phy=0
DBG_DWM_CH5_RX_HUNT_START acq=3 complete=15 cap=1021
DBG_DWM_CH5_RX_HUNT_EMPTY ret=-116 status=0x00000000 acq=3
DBG_ANCHOR_CH5_SCAN_RESCHED ret=1 delay=380
DBG_ANCHOR_CH5_SCAN_HANDLER role=2
DBG_DWM_INVALIDATE tag=configure_radio_from_reset active_phy=2 configured=1 awake=0
DBG_DWM_MARK_UNCONFIGURED tag=initialise_radio prev_phy=0
DBG_DWM_CH5_RX_HUNT_START acq=3 complete=15 cap=1021
DBG_DWM_CH5_RX_HUNT_EMPTY ret=-116 status=0x00000000 acq=3
DBG_ANCHOR_CH5_SCAN_RESCHED ret=1 delay=380
DBG_ANCHOR_CH5_SCAN_HANDLER role=2
DBG_ANCHOR_CH5_SCAN_ARM now=2500317 win=3 complete=15 interval=380 wait=0 tx=0 response=0
DBG_DWM_INVALIDATE tag=configure_radio_from_reset active_phy=2 configured=1 awake=0
DBG_DWM_MARK_UNCONFIGURED tag=initialise_radio prev_phy=0
DBG_DWM_CH5_RX_HUNT_START acq=3 complete=15 cap=1021
DBG_DWM_CH5_RX_HUNT_EMPTY ret=-116 status=0x00000000 acq=3
DBG_ANCHOR_CH5_SCAN_DONE ret=-116 len=0 fail=1 pre=0 q=0 rx_us=3601 complete=15
DBG_ANCHOR_CH5_SCAN_RESCHED ret=1 delay=380
DBG_ANCHOR_CH5_SCAN_HANDLER role=2
DBG_DWM_INVALIDATE tag=configure_radio_from_reset active_phy=2 configured=1 awake=0
DBG_DWM_MARK_UNCONFIGURED tag=initialise_radio prev_phy=0
DBG_DWM_CH5_RX_HUNT_START acq=3 complete=15 cap=1021
DBG_DWM_CH5_RX_HUNT_EMPTY ret=-116 status=0x00000000 acq=3
DBG_ANCHOR_CH5_SCAN_RESCHED ret=1 delay=380
DBG_ANCHOR_CH5_SCAN_HANDLER role=2
DBG_DWM_INVALIDATE tag=configure_radio_from_reset active_phy=2 configured=1 awake=0
DBG_DWM_MARK_UNCONFIGURED tag=initialise_radio prev_phy=0
DBG_DWM_CH5_RX_HUNT_START acq=3 complete=15 cap=1021
DBG_DWM_CH5_RX_HUNT_EMPTY ret=-116 status=0x00000000 acq=3
DBG_ANCHOR_CH5_SCAN_RESCHED ret=1 delay=380
DBG_ANCHOR_CH5_SCAN_HANDLER role=2
DBG_ANCHOR_CH5_SCAN_ARM now=2501536 win=3 complete=15 interval=380 wait=0 tx=0 response=0
DBG_DWM_INVALIDATE tag=configure_radio_from_reset active_phy=2 configured=1 awake=0
DBG_DWM_MARK_UNCONFIGURED tag=initialise_radio prev_phy=0
DBG_DWM_CH5_RX_HUNT_START acq=3 complete=15 cap=1021
DBG_DWM_CH5_RX_HUNT_EMPTY ret=-116 status=0x00000000 acq=3
DBG_ANCHOR_CH5_SCAN_DONE ret=-116 len=0 fail=1 pre=0 q=0 rx_us=3967 complete=15
DBG_ANCHOR_CH5_SCAN_RESCHED ret=1 delay=380
DBG_ANCHOR_CH5_SCAN_HANDLER role=2
DBG_DWM_INVALIDATE tag=configure_radio_from_reset active_phy=2 configured=1 awake=0
DBG_DWM_MARK_UNCONFIGURED tag=initialise_radio prev_phy=0
DBG_DWM_CH5_RX_HUNT_START acq=3 complete=15 cap=1021
DBG_DWM_CH5_RX_HUNT_EMPTY ret=-116 status=0x00000000 acq=3
DBG_ANCHOR_CH5_SCAN_RESCHED ret=1 delay=380
DBG_ANCHOR_CH5_SCAN_HANDLER role=2
DBG_DWM_INVALIDATE tag=configure_radio_from_reset active_phy=2 configured=1 awake=0
DBG_DWM_MARK_UNCONFIGURED tag=initialise_radio prev_phy=0
DBG_DWM_CH5_RX_HUNT_START acq=3 complete=15 cap=1021
DBG_DWM_CH5_RX_HUNT_EMPTY ret=-116 status=0x00000000 acq=3
DBG_ANCHOR_CH5_SCAN_RESCHED ret=1 delay=380
DBG_ANCHOR_CH5_SCAN_HANDLER role=2
DBG_ANCHOR_CH5_SCAN_ARM now=2502756 win=3 complete=15 interval=380 wait=0 tx=0 response=0
DBG_DWM_INVALIDATE tag=configure_radio_from_reset active_phy=2 configured=1 awake=0
DBG_DWM_MARK_UNCONFIGURED tag=initialise_radio prev_phy=0
DBG_DWM_CH5_RX_HUNT_START acq=3 complete=15 cap=1021
DBG_DWM_CH5_RX_HUNT_EMPTY ret=-116 status=0x00000000 acq=3
DBG_ANCHOR_CH5_SCAN_DONE ret=-116 len=0 fail=1 pre=0 q=0 rx_us=3967 complete=15
DBG_ANCHOR_CH5_SCAN_RESCHED ret=1 delay=380
DBG_ANCHOR_CH5_SCAN_HANDLER role=2
DBG_DWM_INVALIDATE tag=configure_radio_from_reset active_phy=2 configured=1 awake=0
DBG_DWM_MARK_UNCONFIGURED tag=initialise_radio prev_phy=0
DBG_DWM_CH5_RX_HUNT_START acq=3 complete=15 cap=1021
DBG_DWM_CH5_RX_HUNT_EMPTY ret=-116 status=0x00000000 acq=3
DBG_ANCHOR_CH5_SCAN_RESCHED ret=1 delay=380
DBG_ANCHOR_CH5_SCAN_HANDLER role=2
DBG_DWM_INVALIDATE tag=configure_radio_from_reset active_phy=2 configured=1 awake=0
DBG_DWM_MARK_UNCONFIGURED tag=initialise_radio prev_phy=0
DBG_DWM_CH5_RX_HUNT_START acq=3 complete=15 cap=1021
DBG_DWM_CH5_RX_HUNT_EMPTY ret=-116 status=0x00000000 acq=3
DBG_ANCHOR_CH5_SCAN_RESCHED ret=1 delay=380
DBG_ANCHOR_CH5_SCAN_HANDLER role=2
DBG_ANCHOR_CH5_SCAN_ARM now=2503976 win=3 complete=15 interval=380 wait=0 tx=0 response=0
DBG_DWM_INVALIDATE tag=configure_radio_from_reset active_phy=2 configured=1 awake=0
DBG_DWM_MARK_UNCONFIGURED tag=initialise_radio prev_phy=0
DBG_DWM_CH5_RX_HUNT_START acq=3 complete=15 cap=1021
DBG_DWM_CH5_RX_HUNT_EMPTY ret=-116 status=0x00000000 acq=3
DBG_ANCHOR_CH5_SCAN_DONE ret=-116 len=0 fail=1 pre=0 q=0 rx_us=3997 complete=15
DBG_ANCHOR_CH5_SCAN_RESCHED ret=1 delay=380
DBG_ANCHOR_CH5_SCAN_HANDLER role=2
DBG_DWM_INVALIDATE tag=configure_radio_from_reset active_phy=2 configured=1 awake=0
DBG_DWM_MARK_UNCONFIGURED tag=initialise_radio prev_phy=0
DBG_DWM_CH5_RX_HUNT_START acq=3 complete=15 cap=1021
DBG_DWM_CH5_RX_HUNT_EMPTY ret=-116 status=0x00000000 acq=3
DBG_ANCHOR_CH5_SCAN_RESCHED ret=1 delay=380
DBG_ANCHOR_CH5_SCAN_HANDLER role=2
DBG_DWM_INVALIDATE tag=configure_radio_from_reset active_phy=2 configured=1 awake=0
DBG_DWM_MARK_UNCONFIGURED tag=initialise_radio prev_phy=0
DBG_DWM_CH5_RX_HUNT_START acq=3 complete=15 cap=1021
DBG_DWM_CH5_RX_HUNT_EMPTY ret=-116 status=0x00000000 acq=3
DBG_ANCHOR_CH5_SCAN_RESCHED ret=1 delay=380
DBG_ANCHOR_CH5_SCAN_HANDLER role=2
DBG_ANCHOR_CH5_SCAN_ARM now=2505196 win=3 complete=15 interval=380 wait=0 tx=0 response=0
DBG_DWM_INVALIDATE tag=configure_radio_from_reset active_phy=2 configured=1 awake=0
DBG_DWM_MARK_UNCONFIGURED tag=initialise_radio prev_phy=0
DBG_DWM_CH5_RX_HUNT_START acq=3 complete=15 cap=1021
DBG_DWM_CH5_RX_HUNT_EMPTY ret=-116 status=0x00000000 acq=3
DBG_ANCHOR_CH5_SCAN_DONE ret=-116 len=0 fail=1 pre=0 q=0 rx_us=3448 complete=15
DBG_ANCHOR_CH5_SCAN_RESCHED ret=1 delay=380
DBG_ANCHOR_CH5_SCAN_HANDLER role=2
DBG_DWM_INVALIDATE tag=configure_radio_from_reset active_phy=2 configured=1 awake=0
DBG_DWM_MARK_UNCONFIGURED tag=initialise_radio prev_phy=0
DBG_DWM_CH5_RX_HUNT_START acq=3 complete=15 cap=1021
DBG_DWM_CH5_RX_HUNT_EMPTY ret=-116 status=0x00000000 acq=3
DBG_ANCHOR_CH5_SCAN_RESCHED ret=1 delay=380
DBG_ANCHOR_CH5_SCAN_HANDLER role=2
DBG_DWM_INVALIDATE tag=configure_radio_from_reset active_phy=2 configured=1 awake=0
DBG_DWM_MARK_UNCONFIGURED tag=initialise_radio prev_phy=0
DBG_DWM_CH5_RX_HUNT_START acq=3 complete=15 cap=1021
DBG_DWM_CH5_RX_HUNT_EMPTY ret=-116 status=0x00000000 acq=3
DBG_ANCHOR_CH5_SCAN_RESCHED ret=1 delay=380
DBG_ANCHOR_CH5_SCAN_HANDLER role=2
DBG_ANCHOR_CH5_SCAN_ARM now=2506416 win=3 complete=15 interval=380 wait=0 tx=0 response=0
DBG_DWM_INVALIDATE tag=configure_radio_from_reset active_phy=2 configured=1 awake=0
DBG_DWM_MARK_UNCONFIGURED tag=initialise_radio prev_phy=0
DBG_DWM_CH5_RX_HUNT_START acq=3 complete=15 cap=1021
DBG_DWM_CH5_RX_HUNT_EMPTY ret=-116 status=0x00000000 acq=3
DBG_ANCHOR_CH5_SCAN_DONE ret=-116 len=0 fail=1 pre=0 q=0 rx_us=3967 complete=15
DBG_ANCHOR_CH5_SCAN_RESCHED ret=1 delay=380
DBG_ANCHOR_CH5_SCAN_HANDLER role=2
DBG_DWM_INVALIDATE tag=configure_radio_from_reset active_phy=2 configured=1 awake=0
DBG_DWM_MARK_UNCONFIGURED tag=initialise_radio prev_phy=0
DBG_DWM_CH5_RX_HUNT_START acq=3 complete=15 cap=1021
DBG_DWM_CH5_RX_HUNT_EMPTY ret=-116 status=0x00000000 acq=3
DBG_ANCHOR_CH5_SCAN_RESCHED ret=1 delay=380
DBG_ANCHOR_CH5_SCAN_HANDLER role=2
DBG_DWM_INVALIDATE tag=configure_radio_from_reset active_phy=2 configured=1 awake=0
DBG_DWM_MARK_UNCONFIGURED tag=initialise_radio prev_phy=0
DBG_DWM_CH5_RX_HUNT_START acq=3 complete=15 cap=1021
DBG_DWM_CH5_RX_HUNT_EMPTY ret=-116 status=0x00000000 acq=3
DBG_ANCHOR_CH5_SCAN_RESCHED ret=1 delay=380
DBG_ANCHOR_CH5_SCAN_HANDLER role=2
DBG_ANCHOR_CH5_SCAN_ARM now=2507636 win=3 complete=15 interval=380 wait=0 tx=0 response=0
DBG_DWM_INVALIDATE tag=configure_radio_from_reset active_phy=2 configured=1 awake=0
DBG_DWM_MARK_UNCONFIGURED tag=initialise_radio prev_phy=0
DBG_DWM_CH5_RX_HUNT_START acq=3 complete=15 cap=1021
DBG_DWM_CH5_RX_HUNT_EMPTY ret=-116 status=0x00000000 acq=3
DBG_ANCHOR_CH5_SCAN_DONE ret=-116 len=0 fail=1 pre=0 q=0 rx_us=3997 complete=15
DBG_ANCHOR_CH5_SCAN_RESCHED ret=1 delay=380
DBG_ANCHOR_CH5_SCAN_HANDLER role=2
DBG_DWM_INVALIDATE tag=configure_radio_from_reset active_phy=2 configured=1 awake=0
DBG_DWM_MARK_UNCONFIGURED tag=initialise_radio prev_phy=0
DBG_DWM_CH5_RX_HUNT_START acq=3 complete=15 cap=1021
DBG_DWM_CH5_RX_HUNT_EMPTY ret=-116 status=0x00000000 acq=3
DBG_ANCHOR_CH5_SCAN_RESCHED ret=1 delay=380
DBG_ANCHOR_CH5_SCAN_HANDLER role=2
DBG_DWM_INVALIDATE tag=configure_radio_from_reset active_phy=2 configured=1 awake=0
DBG_DWM_MARK_UNCONFIGURED tag=initialise_radio prev_phy=0
DBG_DWM_CH5_RX_HUNT_START acq=3 complete=15 cap=1021
DBG_DWM_CH5_RX_HUNT_EMPTY ret=-116 status=0x00000000 acq=3
DBG_ANCHOR_CH5_SCAN_RESCHED ret=1 delay=380
DBG_ANCHOR_CH5_SCAN_HANDLER role=2
DBG_ANCHOR_CH5_SCAN_ARM now=2508856 win=3 complete=15 interval=380 wait=0 tx=0 response=0
DBG_DWM_INVALIDATE tag=configure_radio_from_reset active_phy=2 configured=1 awake=0
DBG_DWM_MARK_UNCONFIGURED tag=initialise_radio prev_phy=0
DBG_DWM_CH5_RX_HUNT_START acq=3 complete=15 cap=1021
DBG_DWM_CH5_RX_HUNT_EMPTY ret=-116 status=0x00000000 acq=3
DBG_ANCHOR_CH5_SCAN_DONE ret=-116 len=0 fail=1 pre=0 q=0 rx_us=3814 complete=15
DBG_ANCHOR_CH5_SCAN_RESCHED ret=1 delay=380
DBG_ANCHOR_CH5_SCAN_HANDLER role=2
DBG_DWM_INVALIDATE tag=configure_radio_from_reset active_phy=2 configured=1 awake=0
DBG_DWM_MARK_UNCONFIGURED tag=initialise_radio prev_phy=0
DBG_DWM_CH5_RX_HUNT_START acq=3 complete=15 cap=1021
DBG_DWM_CH5_RX_HUNT_EMPTY ret=-116 status=0x00000000 acq=3
DBG_ANCHOR_CH5_SCAN_RESCHED ret=1 delay=380
DBG_ANCHOR_CH5_SCAN_HANDLER role=2
DBG_DWM_INVALIDATE tag=configure_radio_from_reset active_phy=2 configured=1 awake=0
DBG_DWM_MARK_UNCONFIGURED tag=initialise_radio prev_phy=0
DBG_DWM_CH5_RX_HUNT_START acq=3 complete=15 cap=1021
DBG_DWM_CH5_RX_HUNT_EMPTY ret=-116 status=0x00000000 acq=3
DBG_ANCHOR_CH5_SCAN_RESCHED ret=1 delay=380
DBG_ANCHOR_CH5_SCAN_HANDLER role=2
DBG_ANCHOR_CH5_SCAN_ARM now=2510076 win=3 complete=15 interval=380 wait=0 tx=0 response=0
DBG_DWM_INVALIDATE tag=configure_radio_from_reset active_phy=2 configured=1 awake=0
DBG_DWM_MARK_UNCONFIGURED tag=initialise_radio prev_phy=0
DBG_DWM_CH5_RX_HUNT_START acq=3 complete=15 cap=1021
DBG_DWM_CH5_RX_HUNT_EMPTY ret=-116 status=0x00000000 acq=3
DBG_ANCHOR_CH5_SCAN_DONE ret=-116 len=0 fail=1 pre=0 q=0 rx_us=3631 complete=15
DBG_ANCHOR_CH5_SCAN_RESCHED ret=1 delay=380
DBG_ANCHOR_CH5_SCAN_HANDLER role=2
DBG_DWM_INVALIDATE tag=configure_radio_from_reset active_phy=2 configured=1 awake=0
DBG_DWM_MARK_UNCONFIGURED tag=initialise_radio prev_phy=0
DBG_DWM_CH5_RX_HUNT_START acq=3 complete=15 cap=1021
DBG_DWM_CH5_RX_HUNT_EMPTY ret=-116 status=0x00000000 acq=3
DBG_ANCHOR_CH5_SCAN_RESCHED ret=1 delay=380
DBG_ANCHOR_CH5_SCAN_HANDLER role=2
DBG_DWM_INVALIDATE tag=configure_radio_from_reset active_phy=2 configured=1 awake=0
DBG_DWM_MARK_UNCONFIGURED tag=initialise_radio prev_phy=0
DBG_DWM_CH5_RX_HUNT_START acq=3 complete=15 cap=1021
DBG_DWM_CH5_RX_HUNT_EMPTY ret=-116 status=0x00000000 acq=3
DBG_ANCHOR_CH5_SCAN_RESCHED ret=1 delay=380
DBG_ANCHOR_CH5_SCAN_HANDLER role=2
DBG_ANCHOR_CH5_SCAN_ARM now=2511296 win=3 complete=15 interval=380 wait=0 tx=0 response=0
DBG_DWM_INVALIDATE tag=configure_radio_from_reset active_phy=2 configured=1 awake=0
DBG_DWM_MARK_UNCONFIGURED tag=initialise_radio prev_phy=0
DBG_DWM_CH5_RX_HUNT_START acq=3 complete=15 cap=1021
DBG_DWM_CH5_RX_HUNT_EMPTY ret=-116 status=0x00000000 acq=3
DBG_ANCHOR_CH5_SCAN_DONE ret=-116 len=0 fail=1 pre=0 q=0 rx_us=3631 complete=15
DBG_ANCHOR_CH5_SCAN_RESCHED ret=1 delay=380
DBG_ANCHOR_CH5_SCAN_HANDLER role=2
DBG_DWM_INVALIDATE tag=configure_radio_from_reset active_phy=2 configured=1 awake=0
DBG_DWM_MARK_UNCONFIGURED tag=initialise_radio prev_phy=0
DBG_DWM_CH5_RX_HUNT_START acq=3 complete=15 cap=1021
DBG_DWM_CH5_RX_HUNT_EMPTY ret=-116 status=0x00000000 acq=3
DBG_ANCHOR_CH5_SCAN_RESCHED ret=1 delay=380
DBG_ANCHOR_CH5_SCAN_HANDLER role=2
DBG_DWM_INVALIDATE tag=configure_radio_from_reset active_phy=2 configured=1 awake=0
DBG_DWM_MARK_UNCONFIGURED tag=initialise_radio prev_phy=0
DBG_DWM_CH5_RX_HUNT_START acq=3 complete=15 cap=1021
DBG_DWM_CH5_RX_HUNT_EMPTY ret=-116 status=0x00000000 acq=3
DBG_ANCHOR_CH5_SCAN_RESCHED ret=1 delay=380
DBG_ANCHOR_CH5_SCAN_HANDLER role=2
DBG_ANCHOR_CH5_SCAN_ARM now=2512515 win=3 complete=15 interval=380 wait=0 tx=0 response=0
DBG_DWM_INVALIDATE tag=configure_radio_from_reset active_phy=2 configured=1 awake=0
DBG_DWM_MARK_UNCONFIGURED tag=initialise_radio prev_phy=0
DBG_DWM_CH5_RX_HUNT_START acq=3 complete=15 cap=1021
DBG_DWM_CH5_RX_HUNT_EMPTY ret=-116 status=0x00000000 acq=3
DBG_ANCHOR_CH5_SCAN_DONE ret=-116 len=0 fail=1 pre=0 q=0 rx_us=3997 complete=15
DBG_ANCHOR_CH5_SCAN_RESCHED ret=1 delay=380
DBG_ANCHOR_CH5_SCAN_HANDLER role=2
DBG_DWM_INVALIDATE tag=configure_radio_from_reset active_phy=2 configured=1 awake=0
DBG_DWM_MARK_UNCONFIGURED tag=initialise_radio prev_phy=0
DBG_DWM_CH5_RX_HUNT_START acq=3 complete=15 cap=1021
DBG_DWM_CH5_RX_HUNT_EMPTY ret=-116 status=0x00000000 acq=3
DBG_ANCHOR_CH5_SCAN_RESCHED ret=1 delay=380
DBG_ANCHOR_CH5_SCAN_HANDLER role=2
DBG_DWM_INVALIDATE tag=configure_radio_from_reset active_phy=2 configured=1 awake=0
DBG_DWM_MARK_UNCONFIGURED tag=initialise_radio prev_phy=0
DBG_DWM_CH5_RX_HUNT_START acq=3 complete=15 cap=1021
DBG_DWM_CH5_RX_HUNT_EMPTY ret=-116 status=0x00000000 acq=3
DBG_ANCHOR_CH5_SCAN_RESCHED ret=1 delay=380
DBG_ANCHOR_CH5_SCAN_HANDLER role=2
DBG_ANCHOR_CH5_SCAN_ARM now=2513735 win=3 complete=15 interval=380 wait=0 tx=0 response=0
DBG_DWM_INVALIDATE tag=configure_radio_from_reset active_phy=2 configured=1 awake=0
DBG_DWM_MARK_UNCONFIGURED tag=initialise_radio prev_phy=0
DBG_DWM_CH5_RX_HUNT_START acq=3 complete=15 cap=1021
DBG_DWM_CH5_RX_HUNT_EMPTY ret=-116 status=0x00000000 acq=3
DBG_ANCHOR_CH5_SCAN_DONE ret=-116 len=0 fail=1 pre=0 q=0 rx_us=3997 complete=15
DBG_ANCHOR_CH5_SCAN_RESCHED ret=1 delay=380
DBG_ANCHOR_CH5_SCAN_HANDLER role=2
DBG_DWM_INVALIDATE tag=configure_radio_from_reset active_phy=2 configured=1 awake=0
DBG_DWM_MARK_UNCONFIGURED tag=initialise_radio prev_phy=0
DBG_DWM_CH5_RX_HUNT_START acq=3 complete=15 cap=1021
DBG_DWM_CH5_RX_HUNT_EMPTY ret=-116 status=0x00000000 acq=3
DBG_ANCHOR_CH5_SCAN_RESCHED ret=1 delay=380
DBG_ANCHOR_CH5_SCAN_HANDLER role=2
DBG_DWM_INVALIDATE tag=configure_radio_from_reset active_phy=2 configured=1 awake=0
DBG_DWM_MARK_UNCONFIGURED tag=initialise_radio prev_phy=0
DBG_DWM_CH5_RX_HUNT_START acq=3 complete=15 cap=1021
DBG_DWM_CH5_RX_HUNT_EMPTY ret=-116 status=0x00000000 acq=3
DBG_ANCHOR_CH5_SCAN_RESCHED ret=1 delay=380
DBG_ANCHOR_CH5_SCAN_HANDLER role=2
DBG_ANCHOR_CH5_SCAN_ARM now=2514955 win=3 complete=15 interval=380 wait=0 tx=0 response=0
DBG_DWM_INVALIDATE tag=configure_radio_from_reset active_phy=2 configured=1 awake=0
DBG_DWM_MARK_UNCONFIGURED tag=initialise_radio prev_phy=0
DBG_DWM_CH5_RX_HUNT_START acq=3 complete=15 cap=1021
DBG_DWM_CH5_RX_HUNT_EMPTY ret=-116 status=0x00000000 acq=3
DBG_ANCHOR_CH5_SCAN_DONE ret=-116 len=0 fail=1 pre=0 q=0 rx_us=3967 complete=15
DBG_ANCHOR_CH5_SCAN_RESCHED ret=1 delay=380
DBG_ANCHOR_CH5_SCAN_HANDLER role=2
DBG_DWM_INVALIDATE tag=configure_radio_from_reset active_phy=2 configured=1 awake=0
DBG_DWM_MARK_UNCONFIGURED tag=initialise_radio prev_phy=0
DBG_DWM_CH5_RX_HUNT_START acq=3 complete=15 cap=1021
DBG_DWM_CH5_RX_HUNT_EMPTY ret=-116 status=0x00000000 acq=3
DBG_ANCHOR_CH5_SCAN_RESCHED ret=1 delay=380
DBG_ANCHOR_CH5_SCAN_HANDLER role=2
DBG_DWM_INVALIDATE tag=configure_radio_from_reset active_phy=2 configured=1 awake=0
DBG_DWM_MARK_UNCONFIGURED tag=initialise_radio prev_phy=0
DBG_DWM_CH5_RX_HUNT_START acq=3 complete=15 cap=1021
DBG_DWM_CH5_RX_HUNT_EMPTY ret=-116 status=0x00000000 acq=3
DBG_ANCHOR_CH5_SCAN_RESCHED ret=1 delay=380
DBG_ANCHOR_CH5_SCAN_HANDLER role=2
DBG_ANCHOR_CH5_SCAN_ARM now=2516174 win=3 complete=15 interval=380 wait=0 tx=0 response=0
DBG_DWM_INVALIDATE tag=configure_radio_from_reset active_phy=2 configured=1 awake=0
DBG_DWM_MARK_UNCONFIGURED tag=initialise_radio prev_phy=0
DBG_DWM_CH5_RX_HUNT_START acq=3 complete=15 cap=1021
DBG_DWM_CH5_RX_HUNT_EMPTY ret=-116 status=0x00000000 acq=3
DBG_ANCHOR_CH5_SCAN_DONE ret=-116 len=0 fail=1 pre=0 q=0 rx_us=3448 complete=15
DBG_ANCHOR_CH5_SCAN_RESCHED ret=1 delay=380
DBG_ANCHOR_CH5_SCAN_HANDLER role=2
DBG_DWM_INVALIDATE tag=configure_radio_from_reset active_phy=2 configured=1 awake=0
DBG_DWM_MARK_UNCONFIGURED tag=initialise_radio prev_phy=0
DBG_DWM_CH5_RX_HUNT_START acq=3 complete=15 cap=1021
DBG_DWM_CH5_RX_HUNT_EMPTY ret=-116 status=0x00000000 acq=3
DBG_ANCHOR_CH5_SCAN_RESCHED ret=1 delay=380
DBG_ANCHOR_CH5_SCAN_HANDLER role=2
DBG_DWM_INVALIDATE tag=configure_radio_from_reset active_phy=2 configured=1 awake=0
DBG_DWM_MARK_UNCONFIGURED tag=initialise_radio prev_phy=0
DBG_DWM_CH5_RX_HUNT_START acq=3 complete=15 cap=1021
DBG_DWM_CH5_RX_HUNT_EMPTY ret=-116 status=0x00000000 acq=3
DBG_ANCHOR_CH5_SCAN_RESCHED ret=1 delay=380
DBG_ANCHOR_CH5_SCAN_HANDLER role=2
DBG_ANCHOR_CH5_SCAN_ARM now=2517394 win=3 complete=15 interval=380 wait=0 tx=0 response=0
DBG_DWM_INVALIDATE tag=configure_radio_from_reset active_phy=2 configured=1 awake=0
DBG_DWM_MARK_UNCONFIGURED tag=initialise_radio prev_phy=0
DBG_DWM_CH5_RX_HUNT_START acq=3 complete=15 cap=1021
DBG_DWM_CH5_RX_HUNT_EMPTY ret=-116 status=0x00000000 acq=3
DBG_ANCHOR_CH5_SCAN_DONE ret=-116 len=0 fail=1 pre=0 q=0 rx_us=3234 complete=15
DBG_ANCHOR_CH5_SCAN_RESCHED ret=1 delay=380
DBG_ANCHOR_CH5_SCAN_HANDLER role=2
DBG_DWM_INVALIDATE tag=configure_radio_from_reset active_phy=2 configured=1 awake=0
DBG_DWM_MARK_UNCONFIGURED tag=initialise_radio prev_phy=0
DBG_DWM_CH5_RX_HUNT_START acq=3 complete=15 cap=1021
DBG_DWM_CH5_RX_HUNT_EMPTY ret=-116 status=0x00000000 acq=3
DBG_ANCHOR_CH5_SCAN_RESCHED ret=1 delay=380
DBG_ANCHOR_CH5_SCAN_HANDLER role=2
DBG_DWM_INVALIDATE tag=configure_radio_from_reset active_phy=2 configured=1 awake=0
DBG_DWM_MARK_UNCONFIGURED tag=initialise_radio prev_phy=0
DBG_DWM_CH5_RX_HUNT_START acq=3 complete=15 cap=1021
DBG_DWM_CH5_RX_HUNT_EMPTY ret=-116 status=0x00000000 acq=3
DBG_ANCHOR_CH5_SCAN_RESCHED ret=1 delay=380
DBG_ANCHOR_CH5_SCAN_HANDLER role=2
DBG_ANCHOR_CH5_SCAN_ARM now=2518613 win=3 complete=15 interval=380 wait=0 tx=0 response=0
DBG_DWM_INVALIDATE tag=configure_radio_from_reset active_phy=2 configured=1 awake=0
DBG_DWM_MARK_UNCONFIGURED tag=initialise_radio prev_phy=0
DBG_DWM_CH5_RX_HUNT_START acq=3 complete=15 cap=1021
DBG_DWM_CH5_RX_HUNT_EMPTY ret=-116 status=0x00000000 acq=3
DBG_ANCHOR_CH5_SCAN_DONE ret=-116 len=0 fail=1 pre=0 q=0 rx_us=4180 complete=15
DBG_ANCHOR_CH5_SCAN_RESCHED ret=1 delay=380
DBG_ANCHOR_CH5_SCAN_HANDLER role=2
DBG_DWM_INVALIDATE tag=configure_radio_from_reset active_phy=2 configured=1 awake=0
DBG_DWM_MARK_UNCONFIGURED tag=initialise_radio prev_phy=0
DBG_DWM_CH5_RX_HUNT_START acq=3 complete=15 cap=1021
DBG_DWM_CH5_RX_HUNT_EMPTY ret=-116 status=0x00000000 acq=3
DBG_ANCHOR_CH5_SCAN_RESCHED ret=1 delay=380
DBG_ANCHOR_CH5_SCAN_HANDLER role=2
DBG_DWM_INVALIDATE tag=configure_radio_from_reset active_phy=2 configured=1 awake=0
DBG_DWM_MARK_UNCONFIGURED tag=initialise_radio prev_phy=0
DBG_DWM_CH5_RX_HUNT_START acq=3 complete=15 cap=1021
DBG_DWM_CH5_RX_HUNT_EMPTY ret=-116 status=0x00000000 acq=3
DBG_ANCHOR_CH5_SCAN_RESCHED ret=1 delay=380
DBG_ANCHOR_CH5_SCAN_HANDLER role=2
DBG_ANCHOR_CH5_SCAN_ARM now=2519834 win=3 complete=15 interval=380 wait=0 tx=0 response=0
DBG_DWM_INVALIDATE tag=configure_radio_from_reset active_phy=2 configured=1 awake=0
DBG_DWM_MARK_UNCONFIGURED tag=initialise_radio prev_phy=0
DBG_DWM_CH5_RX_HUNT_START acq=3 complete=15 cap=1021
DBG_DWM_CH5_RX_HUNT_EMPTY ret=-116 status=0x00000000 acq=3
DBG_ANCHOR_CH5_SCAN_DONE ret=-116 len=0 fail=1 pre=0 q=0 rx_us=3997 complete=15
DBG_ANCHOR_CH5_SCAN_RESCHED ret=1 delay=380
DBG_ANCHOR_CH5_SCAN_HANDLER role=2
DBG_DWM_INVALIDATE tag=configure_radio_from_reset active_phy=2 configured=1 awake=0
DBG_DWM_MARK_UNCONFIGURED tag=initialise_radio prev_phy=0
DBG_DWM_CH5_RX_HUNT_START acq=3 complete=15 cap=1021
DBG_DWM_CH5_RX_HUNT_EMPTY ret=-116 status=0x00000000 acq=3
DBG_ANCHOR_CH5_SCAN_RESCHED ret=1 delay=380
DBG_ANCHOR_CH5_SCAN_HANDLER role=2
DBG_DWM_INVALIDATE tag=configure_radio_from_reset active_phy=2 configured=1 awake=0
DBG_DWM_MARK_UNCONFIGURED tag=initialise_radio prev_phy=0
DBG_DWM_CH5_RX_HUNT_START acq=3 complete=15 cap=1021
DBG_DWM_CH5_RX_HUNT_EMPTY ret=-116 status=0x00000000 acq=3
DBG_ANCHOR_CH5_SCAN_RESCHED ret=1 delay=380
DBG_ANCHOR_CH5_SCAN_HANDLER role=2
DBG_ANCHOR_CH5_SCAN_ARM now=2521054 win=3 complete=15 interval=380 wait=0 tx=0 response=0
DBG_DWM_INVALIDATE tag=configure_radio_from_reset active_phy=2 configured=1 awake=0
DBG_DWM_MARK_UNCONFIGURED tag=initialise_radio prev_phy=0
DBG_DWM_CH5_RX_HUNT_START acq=3 complete=15 cap=1021
DBG_DWM_CH5_RX_HUNT_EMPTY ret=-116 status=0x00000000 acq=3
DBG_ANCHOR_CH5_SCAN_DONE ret=-116 len=0 fail=1 pre=0 q=0 rx_us=3631 complete=15
DBG_ANCHOR_CH5_SCAN_RESCHED ret=1 delay=380
DBG_ANCHOR_CH5_SCAN_HANDLER role=2
DBG_DWM_INVALIDATE tag=configure_radio_from_reset active_phy=2 configured=1 awake=0
DBG_DWM_MARK_UNCONFIGURED tag=initialise_radio prev_phy=0
DBG_DWM_CH5_RX_HUNT_START acq=3 complete=15 cap=1021
DBG_DWM_CH5_RX_HUNT_EMPTY ret=-116 status=0x00000000 acq=3
DBG_ANCHOR_CH5_SCAN_RESCHED ret=1 delay=380
DBG_ANCHOR_CH5_SCAN_HANDLER role=2
DBG_DWM_INVALIDATE tag=configure_radio_from_reset active_phy=2 configured=1 awake=0
DBG_DWM_MARK_UNCONFIGURED tag=initialise_radio prev_phy=0
DBG_DWM_CH5_RX_HUNT_START acq=3 complete=15 cap=1021
DBG_DWM_CH5_RX_HUNT_EMPTY ret=-116 status=0x00000000 acq=3
DBG_ANCHOR_CH5_SCAN_RESCHED ret=1 delay=380
DBG_ANCHOR_CH5_SCAN_HANDLER role=2
DBG_ANCHOR_CH5_SCAN_ARM now=2522274 win=3 complete=15 interval=380 wait=0 tx=0 response=0
DBG_DWM_INVALIDATE tag=configure_radio_from_reset active_phy=2 configured=1 awake=0
DBG_DWM_MARK_UNCONFIGURED tag=initialise_radio prev_phy=0
DBG_DWM_CH5_RX_HUNT_START acq=3 complete=15 cap=1021
DBG_DWM_CH5_RX_HUNT_EMPTY ret=-116 status=0x00000000 acq=3
DBG_ANCHOR_CH5_SCAN_DONE ret=-116 len=0 fail=1 pre=0 q=0 rx_us=3448 complete=15
DBG_ANCHOR_CH5_SCAN_RESCHED ret=1 delay=380
DBG_ANCHOR_CH5_SCAN_HANDLER role=2
DBG_DWM_INVALIDATE tag=configure_radio_from_reset active_phy=2 configured=1 awake=0
DBG_DWM_MARK_UNCONFIGURED tag=initialise_radio prev_phy=0
DBG_DWM_CH5_RX_HUNT_START acq=3 complete=15 cap=1021
DBG_DWM_CH5_RX_HUNT_EMPTY ret=-116 status=0x00000000 acq=3
DBG_ANCHOR_CH5_SCAN_RESCHED ret=1 delay=380
DBG_ANCHOR_CH5_SCAN_HANDLER role=2
DBG_DWM_INVALIDATE tag=configure_radio_from_reset active_phy=2 configured=1 awake=0
DBG_DWM_MARK_UNCONFIGURED tag=initialise_radio prev_phy=0
DBG_DWM_CH5_RX_HUNT_START acq=3 complete=15 cap=1021
DBG_DWM_CH5_RX_HUNT_EMPTY ret=-116 status=0x00000000 acq=3
DBG_ANCHOR_CH5_SCAN_RESCHED ret=1 delay=380
DBG_ANCHOR_CH5_SCAN_HANDLER role=2
DBG_ANCHOR_CH5_SCAN_ARM now=2523493 win=3 complete=15 interval=380 wait=0 tx=0 response=0
DBG_DWM_INVALIDATE tag=configure_radio_from_reset active_phy=2 configured=1 awake=0
DBG_DWM_MARK_UNCONFIGURED tag=initialise_radio prev_phy=0
DBG_DWM_CH5_RX_HUNT_START acq=3 complete=15 cap=1021
DBG_DWM_CH5_RX_HUNT_EMPTY ret=-116 status=0x00000000 acq=3
DBG_ANCHOR_CH5_SCAN_DONE ret=-116 len=0 fail=1 pre=0 q=0 rx_us=3967 complete=15
DBG_ANCHOR_CH5_SCAN_RESCHED ret=1 delay=380
DBG_ANCHOR_CH5_SCAN_HANDLER role=2
DBG_DWM_INVALIDATE tag=configure_radio_from_reset active_phy=2 configured=1 awake=0
DBG_DWM_MARK_UNCONFIGURED tag=initialise_radio prev_phy=0
DBG_DWM_CH5_RX_HUNT_START acq=3 complete=15 cap=1021
DBG_DWM_CH5_RX_HUNT_EMPTY ret=-116 status=0x00000000 acq=3
DBG_ANCHOR_CH5_SCAN_RESCHED ret=1 delay=380
DBG_ANCHOR_CH5_SCAN_HANDLER role=2
DBG_DWM_INVALIDATE tag=configure_radio_from_reset active_phy=2 configured=1 awake=0
DBG_DWM_MARK_UNCONFIGURED tag=initialise_radio prev_phy=0
DBG_DWM_CH5_RX_HUNT_START acq=3 complete=15 cap=1021
DBG_DWM_CH5_RX_HUNT_EMPTY ret=-116 status=0x00000000 acq=3
DBG_ANCHOR_CH5_SCAN_RESCHED ret=1 delay=380
DBG_ANCHOR_CH5_SCAN_HANDLER role=2
DBG_ANCHOR_CH5_SCAN_ARM now=2524713 win=3 complete=15 interval=380 wait=0 tx=0 response=0
DBG_DWM_INVALIDATE tag=configure_radio_from_reset active_phy=2 configured=1 awake=0
DBG_DWM_MARK_UNCONFIGURED tag=initialise_radio prev_phy=0
DBG_DWM_CH5_RX_HUNT_START acq=3 complete=15 cap=1021
DBG_DWM_CH5_RX_HUNT_EMPTY ret=-116 status=0x00000000 acq=3
DBG_ANCHOR_CH5_SCAN_DONE ret=-116 len=0 fail=1 pre=0 q=0 rx_us=4180 complete=15
DBG_ANCHOR_CH5_SCAN_RESCHED ret=1 delay=380
DBG_ANCHOR_CH5_SCAN_HANDLER role=2
DBG_DWM_INVALIDATE tag=configure_radio_from_reset active_phy=2 configured=1 awake=0
DBG_DWM_MARK_UNCONFIGURED tag=initialise_radio prev_phy=0
DBG_DWM_CH5_RX_HUNT_START acq=3 complete=15 cap=1021
DBG_DWM_CH5_RX_HUNT_EMPTY ret=-116 status=0x00000000 acq=3
DBG_ANCHOR_CH5_SCAN_RESCHED ret=1 delay=380
DBG_ANCHOR_CH5_SCAN_HANDLER role=2
DBG_DWM_INVALIDATE tag=configure_radio_from_reset active_phy=2 configured=1 awake=0
DBG_DWM_MARK_UNCONFIGURED tag=initialise_radio prev_phy=0
DBG_DWM_CH5_RX_HUNT_START acq=3 complete=15 cap=1021
DBG_DWM_CH5_RX_ACTIVITY_EXTEND ret=0 status=0x00000100 complete=15
DBG_DWM_CH5_RX_ACTIVITY_WAIT status=0x00000100 remain=15
DBG_DWM_CH5_RX_ACTIVITY_DONE raw=51 payload=49 status=0x00006f00 rearm=0 extended=1
DBG_ANCHOR_CH5_SCAN_DONE ret=0 len=49 fail=0 pre=1 q=100 rx_us=6774 complete=15
DBG_UWB_RX_CH5
DBG_ANCHOR_CH5_FRAME len=49 q=100 wake_ret=0
DBG_ANCHOR_ROUTE_WAKE_DISPATCH src=0x9999888877776666 evt=385552 attempt=1 flags=0x93 len=49 q=100
DBG_C5_CONTACT phase=closing state=4 peer=0x9999888877776666 purpose=gateway_command_flood reason=replace
DBG_C5_CONTACT phase=open state=2 peer=0x9999888877776666 purpose=route_solicit reason=wake-claim
DBG_C5_CONTACT phase=accepted state=2 peer=0x9999888877776666 purpose=route_solicit reason=wake-claim
DBG_ANCHOR_ROUTE_WAKE_HANDOFF src=0x9999888877776666 evt=385552 attempt=1 flags=0x93 embedded=0 listen=2000
DBG_C5_CONTACT phase=closing state=4 peer=0x9999888877776666 purpose=route_solicit reason=replace
DBG_C5_CONTACT phase=open state=2 peer=0x9999888877776666 purpose=gateway_command_flood reason=gateway-command-wake-followup
DBG_ROUTE_REPLY_LISTEN_START
DBG_DWM_MARK_UNCONFIGURED tag=initialise_radio prev_phy=0
DBG_DWM_WAKE_MESH_CTRL_OK sfd=4073
DBG_ROUTE_REPLY_LISTEN_CONFIG ret=0 ext=1
DBG_C5_CONTROL_LISTENER_HOLD_EXTENDED
DBG_C5_RX_FAIL status=0x00001300 finfo=0x00000000 fail=4 phy=4 ch=5 plen=3 pac=2 txc=9 rxc=9 sfd=2 rate=0 phr=1 phrr=0 sfdto=4
DBG_C5_CONTROL_LISTENER_HOLD_EXTENDED
DBG_C5_CONTROL_LISTENER_HOLD_EXTENDED
DBG_C5_CONTROL_LISTENER_HOLD_EXTENDED
DBG_C5_CONTROL_LISTENER_HOLD_EXTENDED
DBG_C5_CONTROL_LISTENER_HOLD_EXTENDED
DBG_C5_CONTROL_LISTENER_HOLD_EXTENDED
DBG_C5_CONTROL_LISTENER_HOLD_EXTENDED
DBG_C5_CONTROL_LISTENER_HOLD_EXTENDED
DBG_C5_CONTROL_LISTENER_HOLD_EXTENDED
DBG_C5_CONTROL_LISTENER_HOLD_EXTENDED
DBG_C5_CONTROL_LISTENER_HOLD_EXTENDED
DBG_C5_CONTROL_LISTENER_HOLD_EXTENDED
DBG_C5_CONTROL_LISTENER_HOLD_EXTENDED
DBG_ROUTE_REPLY_RX_FRAME
DBG_GATEWAY_ROUTE_ADV_RX
DBG_UWB_RX_CH5
DBG_MESH_RX_QUEUED ch=5 msg=0x3c src=0x9999888877776666 dst=0x0 prev=0x9999888877776666 seq=102 q=1
DBG_ROUTE_ADV_QUEUED q=1 prev=0x9999888877776666 seq=102
DBG_MESH_RX_DEFERRED q=1 msg=0x3c
DBG_C5_GATEWAY_OPERATION_RETAINED msg=0x3c seq=102 click_waiting=0
DBG_COORD state=mesh-rx owner=uwb-rx reason=mesh-rx rx=1 tx=0 relay=0 route=0 ack=0 qack=0
DBG_ANCHOR_MESH_RX_YIELD reason=anchor-low-duty-ch5-owner ch9=0 delay=0 scan_int=380 scan_win=3 wait=0 q=1
DBG_MESH_RX_WORK_WAIT q=1
DBG_MESH_RX_WORK_ENTER q=1
DBG_MESH_RX_DRAIN_ENTER owner=work q=1
DBG_RX_HANDLE msg=0x3c act=0x20040000 st=0 q=0 sel=1 next=0x9999888877776666 hop=0
DBG_C5_CONTACT phase=closing state=4 peer=0x9999888877776666 purpose=gateway_command_flood reason=replace
DBG_C5_CONTACT phase=open state=2 peer=0x9999888877776666 purpose=route_contact_refresh reason=c5-control-rx
DBG_C5_CONTACT phase=accepted state=2 peer=0x9999888877776666 purpose=route_contact_refresh reason=c5-control-rx
DBG_ROUTE_REPLY_LISTEN_DONE captured=1 ret=0
DBG_ANCHOR_CH5_SCAN_HANDLER role=2
DBG_ANCHOR_CH5_SCAN_ARM now=2526158 win=3 complete=15 interval=380 wait=0 tx=0 response=0
DBG_DWM_INVALIDATE tag=configure_radio_from_reset active_phy=4 configured=1 awake=0
DBG_DWM_MARK_UNCONFIGURED tag=initialise_radio prev_phy=0
DBG_DWM_CH5_RX_HUNT_START acq=3 complete=15 cap=1021
DBG_DWM_CH5_RX_HUNT_EMPTY ret=-116 status=0x00000000 acq=3
DBG_ANCHOR_CH5_SCAN_DONE ret=-116 len=0 fail=1 pre=0 q=0 rx_us=3875 complete=15
DBG_ANCHOR_CH5_SCAN_RESCHED ret=1 delay=380
DBG_ANCHOR_CH5_SCAN_HANDLER role=2
DBG_DWM_INVALIDATE tag=configure_radio_from_reset active_phy=2 configured=1 awake=0
DBG_DWM_MARK_UNCONFIGURED tag=initialise_radio prev_phy=0
DBG_DWM_CH5_RX_HUNT_START acq=3 complete=15 cap=1021
DBG_DWM_CH5_RX_HUNT_EMPTY ret=-116 status=0x00000000 acq=3
DBG_ANCHOR_CH5_SCAN_RESCHED ret=1 delay=380
DBG_ANCHOR_CH5_SCAN_HANDLER role=2
DBG_DWM_INVALIDATE tag=configure_radio_from_reset active_phy=2 configured=1 awake=0
DBG_DWM_MARK_UNCONFIGURED tag=initialise_radio prev_phy=0
DBG_DWM_CH5_RX_HUNT_START acq=3 complete=15 cap=1021
DBG_DWM_CH5_RX_HUNT_EMPTY ret=-116 status=0x00000000 acq=3
DBG_ANCHOR_CH5_SCAN_RESCHED ret=1 delay=380
DBG_ANCHOR_CH5_SCAN_HANDLER role=2
DBG_ANCHOR_CH5_SCAN_ARM now=2527376 win=3 complete=15 interval=380 wait=0 tx=0 response=0
DBG_DWM_INVALIDATE tag=configure_radio_from_reset active_phy=2 configured=1 awake=0
DBG_DWM_MARK_UNCONFIGURED tag=initialise_radio prev_phy=0
DBG_DWM_CH5_RX_HUNT_START acq=3 complete=15 cap=1021
DBG_DWM_CH5_RX_HUNT_EMPTY ret=-116 status=0x00000000 acq=3
DBG_ANCHOR_CH5_SCAN_DONE ret=-116 len=0 fail=1 pre=0 q=0 rx_us=3509 complete=15
DBG_ANCHOR_CH5_SCAN_RESCHED ret=1 delay=380
DBG_ANCHOR_CH5_SCAN_HANDLER role=2
DBG_DWM_INVALIDATE tag=configure_radio_from_reset active_phy=2 configured=1 awake=0
DBG_DWM_MARK_UNCONFIGURED tag=initialise_radio prev_phy=0
DBG_DWM_CH5_RX_HUNT_START acq=3 complete=15 cap=1021
DBG_DWM_CH5_RX_HUNT_EMPTY ret=-116 status=0x00000000 acq=3
DBG_ANCHOR_CH5_SCAN_RESCHED ret=1 delay=380
DBG_ANCHOR_CH5_SCAN_HANDLER role=2
DBG_DWM_INVALIDATE tag=configure_radio_from_reset active_phy=2 configured=1 awake=0
DBG_DWM_MARK_UNCONFIGURED tag=initialise_radio prev_phy=0
DBG_DWM_CH5_RX_HUNT_START acq=3 complete=15 cap=1021
DBG_DWM_CH5_RX_HUNT_EMPTY ret=-116 status=0x00000000 acq=3
DBG_ANCHOR_CH5_SCAN_RESCHED ret=1 delay=380
DBG_ANCHOR_CH5_SCAN_HANDLER role=2
DBG_ANCHOR_CH5_SCAN_ARM now=2528594 win=3 complete=15 interval=380 wait=0 tx=0 response=0
DBG_DWM_INVALIDATE tag=configure_radio_from_reset active_phy=2 configured=1 awake=0
DBG_DWM_MARK_UNCONFIGURED tag=initialise_radio prev_phy=0
DBG_DWM_CH5_RX_HUNT_START acq=3 complete=15 cap=1021
DBG_DWM_CH5_RX_HUNT_EMPTY ret=-116 status=0x00000000 acq=3
DBG_ANCHOR_CH5_SCAN_DONE ret=-116 len=0 fail=1 pre=0 q=0 rx_us=3417 complete=15
DBG_ANCHOR_CH5_SCAN_RESCHED ret=1 delay=380
DBG_ANCHOR_CH5_SCAN_HANDLER role=2
DBG_DWM_INVALIDATE tag=configure_radio_from_reset active_phy=2 configured=1 awake=0
DBG_DWM_MARK_UNCONFIGURED tag=initialise_radio prev_phy=0
DBG_DWM_CH5_RX_HUNT_START acq=3 complete=15 cap=1021
DBG_DWM_CH5_RX_HUNT_EMPTY ret=-116 status=0x00000000 acq=3
DBG_ANCHOR_CH5_SCAN_RESCHED ret=1 delay=380
DBG_ANCHOR_CH5_SCAN_HANDLER role=2
DBG_DWM_INVALIDATE tag=configure_radio_from_reset active_phy=2 configured=1 awake=0
DBG_DWM_MARK_UNCONFIGURED tag=initialise_radio prev_phy=0
DBG_DWM_CH5_RX_HUNT_START acq=3 complete=15 cap=1021
DBG_DWM_CH5_RX_HUNT_EMPTY ret=-116 status=0x00000000 acq=3
DBG_ANCHOR_CH5_SCAN_RESCHED ret=1 delay=380
DBG_ANCHOR_CH5_SCAN_HANDLER role=2
DBG_ANCHOR_CH5_SCAN_ARM now=2529812 win=3 complete=15 interval=380 wait=0 tx=0 response=0
DBG_DWM_INVALIDATE tag=configure_radio_from_reset active_phy=2 configured=1 awake=0
DBG_DWM_MARK_UNCONFIGURED tag=initialise_radio prev_phy=0
DBG_DWM_CH5_RX_HUNT_START acq=3 complete=15 cap=1021
DBG_DWM_CH5_RX_HUNT_EMPTY ret=-116 status=0x00000000 acq=3
DBG_ANCHOR_CH5_SCAN_DONE ret=-116 len=0 fail=1 pre=0 q=0 rx_us=3509 complete=15
DBG_ANCHOR_CH5_SCAN_RESCHED ret=1 delay=380
DBG_ANCHOR_CH5_SCAN_HANDLER role=2
DBG_DWM_INVALIDATE tag=configure_radio_from_reset active_phy=2 configured=1 awake=0
DBG_DWM_MARK_UNCONFIGURED tag=initialise_radio prev_phy=0
DBG_DWM_CH5_RX_HUNT_START acq=3 complete=15 cap=1021
DBG_DWM_CH5_RX_HUNT_EMPTY ret=-116 status=0x00000000 acq=3
DBG_ANCHOR_CH5_SCAN_RESCHED ret=1 delay=380
DBG_ANCHOR_CH5_SCAN_HANDLER role=2
DBG_DWM_INVALIDATE tag=configure_radio_from_reset active_phy=2 configured=1 awake=0
DBG_DWM_MARK_UNCONFIGURED tag=initialise_radio prev_phy=0
DBG_DWM_CH5_RX_HUNT_START acq=3 complete=15 cap=1021
DBG_DWM_CH5_RX_HUNT_EMPTY ret=-116 status=0x00000000 acq=3
DBG_ANCHOR_CH5_SCAN_RESCHED ret=1 delay=380
DBG_DWM_INVALIDATE tag=configure_radio_from_reset active_phy=2 configured=1 awake=0
DBG_DWM_MARK_UNCONFIGURED tag=initialise_radio prev_phy=0
DBG_DWM_INVALIDATE tag=configure_radio_from_reset active_phy=2 configured=1 awake=0
DBG_DWM_MARK_UNCONFIGURED tag=initialise_radio prev_phy=0
DBG_DWM_WAKE_MESH_CTRL_OK sfd=4073
DBG_C5_TX_CONFIG ret=0 ext=1 len=186 msg=3c reason=bounded-c5-flood
DBG_UWB_TX_CH5
DBG_DWM_INVALIDATE tag=configure_radio_from_reset active_phy=4 configured=1 awake=0
DBG_ANCHOR_CH5_SCAN_HANDLER role=2
DBG_ANCHOR_CH5_SCAN_BLOCKED win=0 survey=0 tx=0 retry_gap=0 wait=0 rx=0 rxq=0 rxr=0 ack=0 ch9=0 rf=1 retry=20 interval=380
DBG_ANCHOR_CH5_SCAN_RESCHED ret=1 delay=20
DBG_DWM_MARK_UNCONFIGURED tag=initialise_radio prev_phy=0
DBG_DWM_WAKE_MESH_CTRL_OK sfd=4073
DBG_ANCHOR_CH5_SCAN_HANDLER role=2
DBG_ANCHOR_CH5_SCAN_BLOCKED win=0 survey=0 tx=0 retry_gap=0 wait=0 rx=0 rxq=0 rxr=0 ack=0 ch9=0 rf=1 retry=20 interval=380
DBG_ANCHOR_CH5_SCAN_RESCHED ret=1 delay=20
DBG_ANCHOR_CH5_SCAN_HANDLER role=2
DBG_ANCHOR_CH5_SCAN_BLOCKED win=0 survey=0 tx=0 retry_gap=0 wait=0 rx=0 rxq=0 rxr=0 ack=0 ch9=0 rf=1 retry=20 interval=380
DBG_ANCHOR_CH5_SCAN_RESCHED ret=1 delay=20
DBG_DWM_INVALIDATE tag=configure_radio_from_reset active_phy=4 configured=1 awake=0
DBG_DWM_MARK_UNCONFIGURED tag=initialise_radio prev_phy=0
DBG_ANCHOR_CH5_SCAN_HANDLER role=2
DBG_ANCHOR_CH5_SCAN_BLOCKED win=0 survey=0 tx=0 retry_gap=0 wait=0 rx=0 rxq=0 rxr=0 ack=0 ch9=0 rf=1 retry=20 interval=380
DBG_DWM_INVALIDATE tag=configure_radio_from_reset active_phy=2 configured=1 awake=0
DBG_ANCHOR_CH5_SCAN_RESCHED ret=1 delay=20
DBG_DWM_MARK_UNCONFIGURED tag=initialise_radio prev_phy=0
DBG_ANCHOR_CH5_SCAN_HANDLER role=2
DBG_DWM_WAKE_MESH_CTRL_OK sfd=4073
DBG_C5_TX_CONFIG ret=0 ext=1 len=186 msg=3c reason=bounded-c5-flood
DBG_ANCHOR_CH5_SCAN_BLOCKED win=0 survey=0 tx=0 retry_gap=0 wait=0 rx=0 rxq=0 rxr=0 ack=0 ch9=0 rf=1 retry=20 interval=380
DBG_ANCHOR_CH5_SCAN_RESCHED ret=1 delay=20
DBG_UWB_TX_CH5
DBG_DWM_INVALIDATE tag=configure_radio_from_reset active_phy=4 configured=1 awake=0
DBG_ANCHOR_CH5_SCAN_HANDLER role=2
DBG_ANCHOR_CH5_SCAN_BLOCKED win=0 survey=0 tx=0 retry_gap=0 wait=0 rx=0 rxq=0 rxr=0 ack=0 ch9=0 rf=1 retry=20 interval=380
DBG_ANCHOR_CH5_SCAN_RESCHED ret=1 delay=20
DBG_DWM_MARK_UNCONFIGURED tag=initialise_radio prev_phy=0
DBG_DWM_WAKE_MESH_CTRL_OK sfd=4073
DBG_ANCHOR_CH5_SCAN_HANDLER role=2
DBG_ANCHOR_CH5_SCAN_BLOCKED win=0 survey=0 tx=0 retry_gap=0 wait=0 rx=0 rxq=0 rxr=0 ack=0 ch9=0 rf=1 retry=20 interval=380
DBG_ANCHOR_CH5_SCAN_RESCHED ret=1 delay=20
DBG_ANCHOR_CH5_SCAN_HANDLER role=2
DBG_ANCHOR_CH5_SCAN_BLOCKED win=0 survey=0 tx=0 retry_gap=0 wait=0 rx=0 rxq=0 rxr=0 ack=0 ch9=0 rf=1 retry=20 interval=380
DBG_ANCHOR_CH5_SCAN_RESCHED ret=1 delay=20
DBG_DWM_MARK_UNCONFIGURED tag=initialise_radio prev_phy=0
DBG_ANCHOR_CH5_SCAN_HANDLER role=2
DBG_DWM_INVALIDATE tag=configure_radio_from_reset active_phy=2 configured=1 awake=0
DBG_ANCHOR_CH5_SCAN_BLOCKED win=0 survey=0 tx=0 retry_gap=0 wait=0 rx=0 rxq=0 rxr=0 ack=0 ch9=0 rf=1 retry=20 interval=380
DBG_ANCHOR_CH5_SCAN_RESCHED ret=1 delay=20
DBG_DWM_MARK_UNCONFIGURED tag=initialise_radio prev_phy=0
DBG_DWM_WAKE_MESH_CTRL_OK sfd=4073
DBG_C5_TX_CONFIG ret=0 ext=1 len=186 msg=3c reason=bounded-c5-flood
DBG_ANCHOR_CH5_SCAN_HANDLER role=2
DBG_ANCHOR_CH5_SCAN_BLOCKED win=0 survey=0 tx=0 retry_gap=0 wait=0 rx=0 rxq=0 rxr=0 ack=0 ch9=0 rf=1 retry=20 interval=380
DBG_ANCHOR_CH5_SCAN_RESCHED ret=1 delay=20
DBG_UWB_TX_CH5
DBG_DWM_INVALIDATE tag=configure_radio_from_reset active_phy=4 configured=1 awake=0
DBG_ANCHOR_CH5_SCAN_HANDLER role=2
DBG_ANCHOR_CH5_SCAN_BLOCKED win=0 survey=0 tx=0 retry_gap=0 wait=0 rx=0 rxq=0 rxr=0 ack=0 ch9=0 rf=1 retry=20 interval=380
DBG_ANCHOR_CH5_SCAN_RESCHED ret=1 delay=20
DBG_DWM_MARK_UNCONFIGURED tag=initialise_radio prev_phy=0
DBG_DWM_WAKE_MESH_CTRL_OK sfd=4073
DBG_ANCHOR_CH5_SCAN_HANDLER role=2
DBG_ANCHOR_CH5_SCAN_BLOCKED win=0 survey=0 tx=0 retry_gap=0 wait=0 rx=0 rxq=0 rxr=0 ack=0 ch9=0 rf=1 retry=20 interval=380
DBG_ANCHOR_CH5_SCAN_RESCHED ret=1 delay=20
DBG_ANCHOR_CH5_SCAN_HANDLER role=2
DBG_ANCHOR_CH5_SCAN_BLOCKED win=0 survey=0 tx=0 retry_gap=0 wait=0 rx=0 rxq=0 rxr=0 ack=0 ch9=0 rf=1 retry=20 interval=380
DBG_ANCHOR_CH5_SCAN_RESCHED ret=1 delay=20
DBG_DWM_MARK_UNCONFIGURED tag=initialise_radio prev_phy=0
DBG_ANCHOR_CH5_SCAN_HANDLER role=2
DBG_DWM_INVALIDATE tag=configure_radio_from_reset active_phy=2 configured=1 awake=0
DBG_ANCHOR_CH5_SCAN_BLOCKED win=0 survey=0 tx=0 retry_gap=0 wait=0 rx=0 rxq=0 rxr=0 ack=0 ch9=0 rf=1 retry=20 interval=380
DBG_ANCHOR_CH5_SCAN_RESCHED ret=1 delay=20
DBG_DWM_MARK_UNCONFIGURED tag=initialise_radio prev_phy=0
DBG_DWM_WAKE_MESH_CTRL_OK sfd=4073
DBG_C5_TX_CONFIG ret=0 ext=1 len=186 msg=3c reason=bounded-c5-flood
DBG_ANCHOR_CH5_SCAN_HANDLER role=2
DBG_ANCHOR_CH5_SCAN_BLOCKED win=0 survey=0 tx=0 retry_gap=0 wait=0 rx=0 rxq=0 rxr=0 ack=0 ch9=0 rf=1 retry=20 interval=380
DBG_ANCHOR_CH5_SCAN_RESCHED ret=1 delay=20
DBG_UWB_TX_CH5
DBG_C5_FLOOD_WAIT now=2531373 wake=2531528 first=2531528 msg=3c attempt=2/3 reason=gateway-route-adv-forward
DBG_ANCHOR_CH5_SCAN_HANDLER role=2
DBG_ANCHOR_CH5_SCAN_ARM now=2531385 win=3 complete=15 interval=380 wait=0 tx=0 response=0
DBG_DWM_INVALIDATE tag=configure_radio_from_reset active_phy=4 configured=1 awake=0
DBG_DWM_MARK_UNCONFIGURED tag=initialise_radio prev_phy=0
DBG_DWM_CH5_RX_HUNT_START acq=3 complete=15 cap=1021
DBG_DWM_CH5_RX_HUNT_EMPTY ret=-116 status=0x00000000 acq=3
DBG_ANCHOR_CH5_SCAN_DONE ret=-116 len=0 fail=1 pre=0 q=0 rx_us=4028 complete=15
DBG_ANCHOR_CH5_SCAN_RESCHED ret=1 delay=380
DBG_DWM_INVALIDATE tag=configure_radio_from_reset active_phy=2 configured=1 awake=0
DBG_DWM_MARK_UNCONFIGURED tag=initialise_radio prev_phy=0
DBG_DWM_INVALIDATE tag=configure_radio_from_reset active_phy=2 configured=1 awake=0
DBG_DWM_MARK_UNCONFIGURED tag=initialise_radio prev_phy=0
DBG_DWM_WAKE_MESH_CTRL_OK sfd=4073
DBG_C5_TX_CONFIG ret=0 ext=1 len=186 msg=3c reason=bounded-c5-flood
DBG_UWB_TX_CH5
DBG_DWM_INVALIDATE tag=configure_radio_from_reset active_phy=4 configured=1 awake=0
DBG_DWM_MARK_UNCONFIGURED tag=initialise_radio prev_phy=0
DBG_DWM_WAKE_MESH_CTRL_OK sfd=4073
DBG_C5_FLOOD_DELAY_RX_CONTINUE ret=-5 fail=4 rem=40
DBG_DWM_INVALIDATE tag=configure_radio_from_reset active_phy=4 configured=1 awake=0
DBG_DWM_MARK_UNCONFIGURED tag=initialise_radio prev_phy=0
DBG_DWM_WAKE_MESH_CTRL_OK sfd=4073
DBG_C5_FLOOD_DELAY_RX_CONTINUE ret=-5 fail=4 rem=13
DBG_DWM_INVALIDATE tag=configure_radio_from_reset active_phy=4 configured=1 awake=0
DBG_DWM_MARK_UNCONFIGURED tag=initialise_radio prev_phy=0
DBG_DWM_INVALIDATE tag=configure_radio_from_reset active_phy=2 configured=1 awake=0
DBG_DWM_MARK_UNCONFIGURED tag=initialise_radio prev_phy=0
DBG_DWM_WAKE_MESH_CTRL_OK sfd=4073
DBG_C5_TX_CONFIG ret=0 ext=1 len=186 msg=3c reason=bounded-c5-flood
DBG_UWB_TX_CH5
DBG_DWM_INVALIDATE tag=configure_radio_from_reset active_phy=4 configured=1 awake=0
DBG_DWM_MARK_UNCONFIGURED tag=initialise_radio prev_phy=0
DBG_DWM_WAKE_MESH_CTRL_OK sfd=4073
DBG_C5_FLOOD_DELAY_RX_CONTINUE ret=-5 fail=4 rem=40
DBG_DWM_INVALIDATE tag=configure_radio_from_reset active_phy=4 configured=1 awake=0
DBG_DWM_MARK_UNCONFIGURED tag=initialise_radio prev_phy=0
DBG_DWM_WAKE_MESH_CTRL_OK sfd=4073
DBG_C5_FLOOD_DELAY_RX_CONTINUE ret=-5 fail=4 rem=11
DBG_DWM_INVALIDATE tag=configure_radio_from_reset active_phy=4 configured=1 awake=0
DBG_DWM_MARK_UNCONFIGURED tag=initialise_radio prev_phy=0
DBG_DWM_INVALIDATE tag=configure_radio_from_reset active_phy=2 configured=1 awake=0
DBG_DWM_MARK_UNCONFIGURED tag=initialise_radio prev_phy=0
DBG_ANCHOR_CH5_SCAN_HANDLER role=2
DBG_DWM_WAKE_MESH_CTRL_OK sfd=4073
DBG_C5_TX_CONFIG ret=0 ext=1 len=186 msg=3c reason=bounded-c5-flood
DBG_ANCHOR_CH5_SCAN_BLOCKED win=0 survey=0 tx=0 retry_gap=0 wait=0 rx=0 rxq=0 rxr=0 ack=0 ch9=0 rf=1 retry=20 interval=380
DBG_ANCHOR_CH5_SCAN_RESCHED ret=1 delay=20
DBG_UWB_TX_CH5
DBG_DWM_INVALIDATE tag=configure_radio_from_reset active_phy=4 configured=1 awake=0
DBG_ANCHOR_CH5_SCAN_HANDLER role=2
DBG_ANCHOR_CH5_SCAN_BLOCKED win=0 survey=0 tx=0 retry_gap=0 wait=0 rx=0 rxq=0 rxr=0 ack=0 ch9=0 rf=1 retry=20 interval=380
DBG_ANCHOR_CH5_SCAN_RESCHED ret=1 delay=20
DBG_DWM_MARK_UNCONFIGURED tag=initialise_radio prev_phy=0
DBG_DWM_WAKE_MESH_CTRL_OK sfd=4073
DBG_C5_FLOOD_DELAY_RX_CONTINUE ret=-5 fail=4 rem=40
DBG_DWM_INVALIDATE tag=configure_radio_from_reset active_phy=4 configured=1 awake=0
DBG_ANCHOR_CH5_SCAN_HANDLER role=2
DBG_ANCHOR_CH5_SCAN_BLOCKED win=0 survey=0 tx=0 retry_gap=0 wait=0 rx=0 rxq=0 rxr=0 ack=0 ch9=0 rf=1 retry=20 interval=380
DBG_ANCHOR_CH5_SCAN_RESCHED ret=1 delay=20
DBG_DWM_MARK_UNCONFIGURED tag=initialise_radio prev_phy=0
DBG_DWM_WAKE_MESH_CTRL_OK sfd=4073
DBG_ANCHOR_CH5_SCAN_HANDLER role=2
DBG_ANCHOR_CH5_SCAN_BLOCKED win=0 survey=0 tx=0 retry_gap=0 wait=0 rx=0 rxq=0 rxr=0 ack=0 ch9=0 rf=1 retry=20 interval=380
DBG_ANCHOR_CH5_SCAN_RESCHED ret=1 delay=20
DBG_DWM_INVALIDATE tag=configure_radio_from_reset active_phy=4 configured=1 awake=0
DBG_DWM_MARK_UNCONFIGURED tag=initialise_radio prev_phy=0
DBG_ANCHOR_CH5_SCAN_HANDLER role=2
DBG_ANCHOR_CH5_SCAN_BLOCKED win=0 survey=0 tx=0 retry_gap=0 wait=0 rx=0 rxq=0 rxr=0 ack=0 ch9=0 rf=1 retry=20 interval=380
DBG_ANCHOR_CH5_SCAN_RESCHED ret=1 delay=20
DBG_C5_FLOOD_WAIT now=2531892 wake=2532067 first=2532067 msg=3c attempt=3/3 reason=gateway-route-adv-forward
DBG_ANCHOR_CH5_SCAN_HANDLER role=2
DBG_DWM_INVALIDATE tag=configure_radio_from_reset active_phy=2 configured=1 awake=0
DBG_DWM_MARK_UNCONFIGURED tag=initialise_radio prev_phy=0
DBG_DWM_CH5_RX_HUNT_START acq=3 complete=15 cap=1021
DBG_DWM_CH5_RX_ACTIVITY_EXTEND ret=0 status=0x00000100 complete=15
DBG_DWM_CH5_RX_ACTIVITY_WAIT status=0x00000100 remain=15
DBG_DWM_CH5_RX_ACTIVITY_DONE raw=51 payload=49 status=0x00006f00 rearm=0 extended=1
DBG_ANCHOR_CH5_SCAN_DONE ret=0 len=49 fail=0 pre=1 q=100 rx_us=3000 complete=15
DBG_UWB_RX_CH5
DBG_ANCHOR_CH5_FRAME len=49 q=100 wake_ret=0
DBG_ANCHOR_ROUTE_WAKE_DISPATCH src=0x9999888877776666 evt=391864 attempt=1 flags=0x93 len=49 q=100
DBG_C5_CONTACT phase=open state=2 peer=0x9999888877776666 purpose=route_solicit reason=wake-claim
DBG_C5_CONTACT phase=accepted state=2 peer=0x9999888877776666 purpose=route_solicit reason=wake-claim
DBG_ANCHOR_ROUTE_WAKE_HANDOFF src=0x9999888877776666 evt=391864 attempt=1 flags=0x93 embedded=0 listen=2000
DBG_C5_CONTACT phase=closing state=4 peer=0x9999888877776666 purpose=route_solicit reason=replace
DBG_ROUTE_REPLY_LISTEN_START
DBG_DWM_INVALIDATE tag=configure_radio_from_reset active_phy=2 configured=1 awake=0
DBG_DWM_MARK_UNCONFIGURED tag=initialise_radio prev_phy=0
DBG_DWM_WAKE_MESH_CTRL_OK sfd=4073
DBG_ROUTE_REPLY_LISTEN_CONFIG ret=0 ext=1
DBG_C5_CONTROL_LISTENER_HOLD_EXTENDED
DBG_C5_RX_FAIL status=0x00001300 finfo=0x00000000 fail=4 phy=4 ch=5 plen=3 pac=2 txc=9 rxc=9 sfd=2 rate=0 phr=1 phrr=0 sfdto=4
DBG_C5_CONTROL_LISTENER_HOLD_EXTENDED
DBG_C5_CONTROL_LISTENER_HOLD_EXTENDED
DBG_C5_CONTROL_LISTENER_HOLD_EXTENDED
DBG_C5_CONTROL_LISTENER_HOLD_EXTENDED
DBG_C5_CONTROL_LISTENER_HOLD_EXTENDED
DBG_C5_CONTROL_LISTENER_HOLD_EXTENDED
DBG_C5_CONTROL_LISTENER_HOLD_EXTENDED
DBG_C5_CONTROL_LISTENER_HOLD_EXTENDED
DBG_C5_CONTROL_LISTENER_HOLD_EXTENDED
DBG_C5_CONTROL_LISTENER_HOLD_EXTENDED
DBG_C5_CONTROL_LISTENER_HOLD_EXTENDED
DBG_C5_CONTROL_LISTENER_HOLD_EXTENDED
DBG_ROUTE_ADV_FORWARD_DONE ret=0 seq=102
DBG_MESH_RX_DRAIN_EXIT owner=work handled=1 q=0
DBG_MESH_RX_WORK_EXIT handled=1 q=0
DBG_ANCHOR_MESH_RX_YIELD reason=anchor-low-duty-ch5-owner ch9=0 delay=0 scan_int=380 scan_win=3 wait=0 q=0
DBG_C5_CONTROL_LISTENER_HOLD_EXTENDED
DBG_C5_CONTROL_LISTENER_HOLD_EXTENDED
DBG_C5_CONTROL_LISTENER_HOLD_EXTENDED
DBG_C5_CONTROL_LISTENER_HOLD_EXTENDED
DBG_C5_CONTROL_LISTENER_HOLD_EXTENDED
DBG_C5_CONTROL_LISTENER_HOLD_EXTENDED
DBG_C5_CONTROL_LISTENER_HOLD_EXTENDED
DBG_C5_CONTROL_LISTENER_HOLD_EXTENDED
DBG_C5_CONTROL_LISTENER_HOLD_EXTENDED
DBG_C5_CONTROL_LISTENER_HOLD_EXTENDED
DBG_C5_CONTROL_LISTENER_HOLD_EXTENDED
DBG_C5_CONTROL_LISTENER_HOLD_EXTENDED
DBG_C5_CONTROL_LISTENER_HOLD_EXTENDED
DBG_C5_CONTROL_LISTENER_HOLD_EXTENDED
DBG_C5_CONTROL_LISTENER_HOLD_EXTENDED
DBG_C5_CONTROL_LISTENER_HOLD_EXTENDED
DBG_C5_CONTROL_LISTENER_HOLD_EXTENDED
DBG_C5_CONTROL_LISTENER_HOLD_EXTENDED
DBG_C5_CONTROL_LISTENER_HOLD_EXTENDED
DBG_C5_CONTROL_LISTENER_HOLD_EXTENDED
DBG_C5_CONTROL_LISTENER_HOLD_EXTENDED
DBG_C5_CONTROL_LISTENER_HOLD_EXTENDED
DBG_C5_CONTROL_LISTENER_HOLD_EXTENDED
DBG_C5_CONTROL_LISTENER_HOLD_EXTENDED
DBG_C5_CONTROL_LISTENER_HOLD_EXTENDED
DBG_C5_CONTROL_LISTENER_HOLD_EXTENDED
DBG_C5_CONTROL_LISTENER_HOLD_EXTENDED
DBG_C5_CONTROL_LISTENER_HOLD_EXTENDED
DBG_C5_CONTROL_LISTENER_HOLD_EXTENDED
DBG_C5_CONTROL_LISTENER_HOLD_EXTENDED
DBG_C5_CONTROL_LISTENER_HOLD_EXTENDED
DBG_C5_CONTROL_LISTENER_HOLD_EXTENDED
DBG_C5_CONTROL_LISTENER_HOLD_EXTENDED
DBG_C5_CONTROL_LISTENER_HOLD_EXTENDED
DBG_C5_CONTROL_LISTENER_HOLD_EXTENDED
DBG_C5_CONTROL_LISTENER_HOLD_EXTENDED
DBG_C5_CONTROL_LISTENER_HOLD_EXTENDED
DBG_C5_CONTROL_LISTENER_HOLD_EXTENDED
DBG_C5_CONTROL_LISTENER_HOLD_EXTENDED
DBG_C5_CONTROL_LISTENER_HOLD_EXTENDED
DBG_C5_CONTROL_LISTENER_HOLD_EXTENDED
DBG_C5_CONTROL_LISTENER_HOLD_EXTENDED
DBG_C5_CONTROL_LISTENER_HOLD_EXTENDED
DBG_C5_CONTROL_LISTENER_HOLD_EXTENDED
DBG_C5_CONTROL_LISTENER_HOLD_EXTENDED
DBG_C5_CONTROL_LISTENER_HOLD_EXTENDED
DBG_C5_CONTROL_LISTENER_HOLD_EXTENDED
DBG_C5_CONTROL_LISTENER_HOLD_EXTENDED
DBG_C5_CONTROL_LISTENER_HOLD_EXTENDED
DBG_C5_CONTROL_LISTENER_HOLD_EXTENDED
DBG_C5_CONTROL_LISTENER_HOLD_EXTENDED
DBG_C5_CONTROL_LISTENER_HOLD_EXTENDED
DBG_C5_CONTROL_LISTENER_HOLD_EXTENDED
DBG_C5_CONTROL_LISTENER_HOLD_EXTENDED
DBG_C5_CONTROL_LISTENER_HOLD_EXTENDED
DBG_C5_CONTROL_LISTENER_HOLD_EXTENDED
DBG_C5_CONTROL_LISTENER_HOLD_EXTENDED
DBG_C5_CONTROL_LISTENER_HOLD_EXTENDED
DBG_C5_CONTROL_LISTENER_HOLD_EXTENDED
DBG_C5_CONTROL_LISTENER_HOLD_EXTENDED
DBG_C5_CONTROL_LISTENER_HOLD_EXTENDED
DBG_ROUTE_REPLY_RX_FRAME
DBG_C5_CONTROL_ROUTE_READY msg=0x40 prev=0x9999888877776666 ttl=8 origin_ttl=8 relay=0 ret=0
DBG_C5_CONTROL_ROUTE_STATE epoch=86 sel=0 next=0x9999888877776666 hop=0 timing=0
DBG_UWB_RX_CH5
DBG_MESH_RX_QUEUED ch=5 msg=0x40 src=0x9999888877776666 dst=0x0 prev=0x9999888877776666 seq=19 q=1
DBG_MESH_RX_DEFERRED q=1 msg=0x40
DBG_C5_GATEWAY_OPERATION_RETAINED msg=0x40 seq=19 click_waiting=0
DBG_COORD state=mesh-rx owner=uwb-rx reason=mesh-rx rx=1 tx=0 relay=0 route=0 ack=0 qack=0
DBG_MESH_RX_WORK_WAIT q=1
DBG_MESH_RX_WORK_ENTER q=1
DBG_MESH_RX_DRAIN_ENTER owner=work q=1
DBG_C5_CONTACT phase=accepted state=2 peer=0x9999888877776666 purpose=gateway_command_flood reason=c5-control-rx
DBG_COORD state=idle owner=c5-flood reason=idle rx=0 tx=0 relay=0 route=0 ack=0 qack=0
DBG_C5_FLOOD_WAIT now=2532842 wake=2532890 first=2532890 msg=40 attempt=1/3 reason=broadcast-forward
DBG_ROUTE_REPLY_LISTEN_DONE captured=1 ret=-11
DBG_ANCHOR_ROUTE_WAKE_DISPATCH_DONE handled=1 len=49 q=100
DBG_DWM_INVALIDATE tag=configure_radio_from_reset active_phy=4 configured=1 awake=0
DBG_DWM_MARK_UNCONFIGURED tag=initialise_radio prev_phy=0
DBG_DISCOVERY_SLOT_CLEARED epoch=38797479 prior_epoch=38797452
DBG_ENUM_RX_ACTIVE epoch=38797479 budget=418524 duplicate=0
DBG_ANCHOR_CH5_SCAN_RESCHED ret=1 delay=0
DBG_DISCOVERY_SLOT_RESPONSE_SCHEDULED phase=1 epoch=38797479 delay=924 slot=1 lane=1/3 hop=1 hash=0x75e11c1882b9b9a6
DBG_MESH_RX_DRAIN_EXIT owner=work handled=1 q=0
DBG_MESH_RX_WORK_EXIT handled=1 q=0
DBG_ANCHOR_CH5_SCAN_HANDLER role=2
DBG_ANCHOR_CH5_SCAN_ARM now=2532919 win=2000 complete=15 interval=380 wait=0 tx=0 response=0
DBG_DWM_INVALIDATE tag=configure_radio_from_reset active_phy=2 configured=1 awake=0
DBG_DWM_MARK_UNCONFIGURED tag=initialise_radio prev_phy=0
DBG_DWM_WAKE_MESH_CTRL_OK sfd=4073
DBG_DWM_CH5_RX_HUNT_START acq=2000 complete=15 cap=1021
DBG_DWM_CH5_RX_ACTIVITY_EXTEND ret=0 status=0x00000100 complete=15
DBG_DWM_CH5_RX_ACTIVITY_WAIT status=0x00000100 remain=15
DBG_DWM_CH5_RX_ACTIVITY_DONE raw=129 payload=127 status=0x00006f00 rearm=0 extended=1
DBG_ANCHOR_CH5_SCAN_DONE ret=0 len=127 fail=0 pre=1 q=100 rx_us=2000000 complete=15
DBG_UWB_RX_CH5
DBG_ANCHOR_CH5_FRAME len=127 q=100 wake_ret=-5
DBG_UWB_RX_CH5
DBG_MESH_RX_QUEUED ch=5 msg=0x40 src=0x9999888877776666 dst=0x0 prev=0x191a9619c6c8cb07 seq=19 q=1
DBG_MESH_RX_DEFERRED q=1 msg=0x40
DBG_ANCHOR_MESH_RX_HANDOFF_DEFERRED q=1 delay=380 rf=0
DBG_MESH_RX_WORK_WAIT q=1
DBG_MESH_RX_WORK_ENTER q=1
DBG_MESH_RX_DRAIN_ENTER owner=work q=1
DBG_C5_CONTACT phase=open state=2 peer=0x191a9619c6c8cb07 purpose=gateway_command_flood reason=c5-control-rx
DBG_C5_CONTACT phase=accepted state=2 peer=0x191a9619c6c8cb07 purpose=gateway_command_flood reason=c5-control-rx
DBG_ENUM_RX_ACTIVE epoch=38797479 budget=418524 duplicate=1
DBG_ANCHOR_CH5_SCAN_RESCHED ret=2 delay=0
DBG_DISCOVERY_SLOT_RESPONSE_RETAIN phase=1 epoch=38797479 handle=0
DBG_MESH_RX_DRAIN_EXIT owner=work handled=1 q=0
DBG_MESH_RX_WORK_EXIT handled=1 q=0
DBG_DWM_MARK_UNCONFIGURED tag=initialise_radio prev_phy=0
DBG_DWM_WAKE_MESH_CTRL_OK sfd=4073
DBG_DWM_CH5_RX_HUNT_START acq=2000 complete=15 cap=1021
DBG_DWM_CH5_RX_ACTIVITY_EXTEND ret=0 status=0x00000100 complete=15
DBG_DWM_CH5_RX_ACTIVITY_WAIT status=0x00000100 remain=15
DBG_DWM_CH5_RX_ACTIVITY_DONE raw=129 payload=127 status=0x00006f00 rearm=0 extended=1
DBG_ANCHOR_CH5_SCAN_DONE ret=0 len=127 fail=0 pre=1 q=100 rx_us=2000000 complete=15
DBG_UWB_RX_CH5
DBG_ANCHOR_CH5_FRAME len=127 q=100 wake_ret=-5
DBG_UWB_RX_CH5
DBG_MESH_RX_QUEUED ch=5 msg=0x40 src=0x9999888877776666 dst=0x0 prev=0x9999888877776666 seq=19 q=1
DBG_MESH_RX_DEFERRED q=1 msg=0x40
DBG_ANCHOR_MESH_RX_HANDOFF_DEFERRED q=1 delay=380 rf=0
DBG_MESH_RX_WORK_WAIT q=1
DBG_MESH_RX_WORK_ENTER q=1
DBG_MESH_RX_DRAIN_ENTER owner=work q=1
DBG_C5_CONTACT phase=closing state=4 peer=0x191a9619c6c8cb07 purpose=gateway_command_flood reason=replace
DBG_C5_CONTACT phase=open state=2 peer=0x9999888877776666 purpose=gateway_command_flood reason=c5-control-rx
DBG_C5_CONTACT phase=accepted state=2 peer=0x9999888877776666 purpose=gateway_command_flood reason=c5-control-rx
DBG_ENUM_RX_ACTIVE epoch=38797479 budget=418524 duplicate=1
DBG_ANCHOR_CH5_SCAN_RESCHED ret=2 delay=0
DBG_MESH_RX_DRAIN_EXIT owner=work handled=1 q=0
DBG_DWM_MARK_UNCONFIGURED tag=initialise_radio prev_phy=0
DBG_DWM_WAKE_MESH_CTRL_OK sfd=4073
DBG_DWM_CH5_RX_HUNT_START acq=2000 complete=15 cap=1021
DBG_DWM_CH5_RX_ACTIVITY_EXTEND ret=0 status=0x00000100 complete=15
DBG_DWM_CH5_RX_ACTIVITY_WAIT status=0x00000100 remain=15
DBG_DWM_CH5_RX_ACTIVITY_DONE raw=129 payload=127 status=0x00006f00 rearm=0 extended=1
DBG_ANCHOR_CH5_SCAN_DONE ret=0 len=127 fail=0 pre=1 q=100 rx_us=2000000 complete=15
DBG_UWB_RX_CH5
DBG_ANCHOR_CH5_FRAME len=127 q=100 wake_ret=-5
DBG_UWB_RX_CH5
DBG_MESH_RX_QUEUED ch=5 msg=0x40 src=0x9999888877776666 dst=0x0 prev=0x56da25fe4af6d141 seq=19 q=1
DBG_MESH_RX_DEFERRED q=1 msg=0x40
DBG_ANCHOR_MESH_RX_HANDOFF_DEFERRED q=1 delay=380 rf=0
DBG_MESH_RX_WORK_WAIT q=1
DBG_MESH_RX_WORK_ENTER q=1
DBG_MESH_RX_DRAIN_ENTER owner=work q=1
DBG_C5_CONTACT phase=closing state=4 peer=0x9999888877776666 purpose=gateway_command_flood reason=replace
DBG_C5_CONTACT phase=open state=2 peer=0x56da25fe4af6d141 purpose=gateway_command_flood reason=c5-control-rx
DBG_C5_CONTACT phase=accepted state=2 peer=0x56da25fe4af6d141 purpose=gateway_command_flood reason=c5-control-rx
DBG_ENUM_RX_ACTIVE epoch=38797479 budget=418524 duplicate=1
DBG_ANCHOR_CH5_SCAN_RESCHED ret=2 delay=0
DBG_MESH_RX_DRAIN_EXIT owner=work handled=1 q=0
DBG_DWM_MARK_UNCONFIGURED tag=initialise_radio prev_phy=0
DBG_DWM_WAKE_MESH_CTRL_OK sfd=4073
DBG_DWM_CH5_RX_HUNT_START acq=2000 complete=15 cap=1021
DBG_DWM_CH5_RX_ACTIVITY_EXTEND ret=0 status=0x00000100 complete=15
DBG_DWM_CH5_RX_ACTIVITY_WAIT status=0x00000100 remain=15
DBG_DWM_CH5_RX_ACTIVITY_DONE raw=129 payload=127 status=0x00006f00 rearm=0 extended=1
DBG_ANCHOR_CH5_SCAN_DONE ret=0 len=127 fail=0 pre=1 q=100 rx_us=2000000 complete=15
DBG_UWB_RX_CH5
DBG_ANCHOR_CH5_FRAME len=127 q=100 wake_ret=-5
DBG_UWB_RX_CH5
DBG_MESH_RX_QUEUED ch=5 msg=0x40 src=0x9999888877776666 dst=0x0 prev=0x56da25fe4af6d141 seq=19 q=1
DBG_MESH_RX_DEFERRED q=1 msg=0x40
DBG_ANCHOR_MESH_RX_HANDOFF_DEFERRED q=1 delay=380 rf=0
DBG_MESH_RX_WORK_WAIT q=1
DBG_MESH_RX_WORK_ENTER q=1
DBG_MESH_RX_DRAIN_ENTER owner=work q=1
DBG_C5_CONTACT phase=accepted state=2 peer=0x56da25fe4af6d141 purpose=gateway_command_flood reason=c5-control-rx
DBG_ENUM_RX_ACTIVE epoch=38797479 budget=418524 duplicate=1
DBG_ANCHOR_CH5_SCAN_RESCHED ret=2 delay=0
DBG_DISCOVERY_SLOT_RESPONSE_RETAIN phase=1 epoch=38797479 handle=0
DBG_MESH_RX_DRAIN_EXIT owner=work handled=1 q=0
DBG_MESH_RX_WORK_EXIT handled=1 q=0
DBG_MESH_RX_SUBMIT ret=1 q=0 routeq=1
DBG_ANCHOR_CH5_SCAN_RESCHED ret=0 delay=0
DBG_ANCHOR_CH5_SCAN_HANDLER role=2
DBG_DWM_INVALIDATE tag=configure_radio_from_reset active_phy=4 configured=1 awake=1
DBG_DWM_MARK_UNCONFIGURED tag=initialise_radio prev_phy=0
DBG_DWM_WAKE_MESH_CTRL_OK sfd=4073
DBG_DWM_CH5_RX_HUNT_START acq=2000 complete=15 cap=1021
DBG_DWM_CH5_RX_ACTIVITY_EXTEND ret=0 status=0x00000100 complete=15
DBG_DWM_CH5_RX_ACTIVITY_WAIT status=0x00000100 remain=15
DBG_DWM_CH5_RX_ACTIVITY_REARM status=0x00001300 fail=4 remain=14 rearm=1
DBG_DWM_CH5_RX_ACTIVITY_FAIL ret=-116 status=0x00000000 last=0x00000000 fail=4 activity=1 rearm=1
DBG_ANCHOR_CH5_SCAN_DONE ret=-5 len=0 fail=4 pre=1 q=0 rx_us=2000000 complete=15
DBG_ANCHOR_CH5_ACTIVITY_COOLDOWN ret=-5 fail=4 reason=crc_failure rx_us=2000000 cooldown=100
DBG_ANCHOR_CH5_SCAN_RESCHED ret=2 delay=0
DBG_ANCHOR_CH5_SCAN_HANDLER role=2
DBG_DWM_INVALIDATE tag=configure_radio_from_reset active_phy=4 configured=1 awake=1
DBG_DWM_MARK_UNCONFIGURED tag=initialise_radio prev_phy=0
DBG_DWM_WAKE_MESH_CTRL_OK sfd=4073
DBG_DWM_CH5_RX_HUNT_START acq=2000 complete=15 cap=1021
DBG_NC o=0000000000000037 g=00000037 w=00 e=0000003c s=00000005 q=0000>0004 r=00000000 f=00000024 t=00000000 p=00000000 a=00
DBG_NODE_COMM_SUBMIT handle=55 profile=3 token=17039379 deadline=2563842
DBG_DISCOVERY_SLOT_RESPONSE phase=1 epoch=38797479 hash=0x75e11c1882b9b9a6 hop=1 slot=1 attempt=1 ret=0
DBG_NODE_COMM_TX_BEGIN handle=55 profile=3 msg=65 dst=0x9999888877776666 seq=19
DBG_ANCHOR_CH5_SCAN_DONE ret=-140 len=0 fail=0 pre=0 q=0 rx_us=2000000 complete=15
DBG_ANCHOR_CH5_SCAN_RESCHED ret=2 delay=0
DBG_ANCHOR_CH5_SCAN_HANDLER role=2
DBG_PROTOCOL_RESPONSE_RX_HANDOFF_READY abort=1 owner=5 seq=19
DBG_DIRECT_GW_TX seq=19 now=2533845 reason=node-comm-reliable-uplink
DBG_CH9_EVENT_STATE state=tx_payload peer=0x9999888877776666 start=2533845 end=2534095 reason=node-comm-reliable-uplink
DBG_DWM_INVALIDATE tag=configure_radio_from_reset active_phy=4 configured=1 awake=1
DBG_ANCHOR_CH5_SCAN_BLOCKED win=0 survey=0 tx=0 retry_gap=0 wait=0 rx=1 rxq=0 rxr=1 ack=0 ch9=0 rf=0 retry=20 interval=380
DBG_DWM_MARK_UNCONFIGURED tag=initialise_radio prev_phy=0
DBG_DIRECT_GW_TX_CONFIG ret=0 now=2533867 seq=19
DBG_CH9_TX_SEND_AT now=2533867 earliest=2533845 msg=41 len=97
DBG_ANCHOR_CH5_SCAN_HANDLER role=2
DBG_ANCHOR_CH5_SCAN_BLOCKED win=0 survey=0 tx=1 retry_gap=0 wait=0 rx=1 rxq=0 rxr=1 ack=1 ch9=0 rf=1 retry=20 interval=380
DBG_ANCHOR_CH5_SCAN_RESCHED ret=1 delay=20
DBG_CH9_TX_DONE now=2533875 dur=8 len=97 msg=41
DBG_UWB_TX_CH9
DBG_CH9_TX_SINGLE_SEND_OK
DBG_CH9_EVENT_STATE state=complete peer=0x9999888877776666 start=2533845 end=2534095 reason=node-comm-reliable-uplink
DBG_DIRECT_GW_TX_ACK_TRANSIT_WAIT dst=0x9999888877776666 src=0x708bc0aab970300e seq=19
DBG_ANCHOR_CH5_SCAN_HANDLER role=2
DBG_ANCHOR_CH5_SCAN_BLOCKED win=0 survey=0 tx=1 retry_gap=0 wait=0 rx=1 rxq=0 rxr=1 ack=1 ch9=0 rf=1 retry=20 interval=380
DBG_ANCHOR_CH5_SCAN_RESCHED ret=1 delay=20
DBG_UWB_RX_CH9
DBG_MESH_RX_QUEUED ch=9 msg=0x32 src=0x9999888877776666 dst=0x708bc0aab970300e prev=0x9999888877776666 seq=105 q=1
DBG_GATEWAY_ACK_RX
DBG_DIRECT_GW_ACK_TRANSIT queued=1 valid=1 dst=0x708bc0aab970300e seq=105
DBG_DIRECT_GW_TX_ACK_WAIT ret=0 seq=19
DBG_DWM_KEEP_IDLE reason=direct-gateway-payload ch9=0 ack=0 qack=0 ret=0
DBG_NC o=0000000000000037 g=00000037 w=00 e=00000022 s=00000005 q=0004>0005 r=00000000 f=00000001 t=00000000 p=00000000 a=00
DBG_NODE_COMM_ATTEMPT handle=55 profile=3 attempt=1 ret=0 rf=1 scheduled=0 state=0
DBG_COORD state=mesh-rx owner=report-tx reason=mesh-rx rx=1 tx=0 relay=1 route=0 ack=1 qack=0
DBG_MESH_RX_WORK_WAIT q=1
DBG_MESH_RX_WORK_ENTER q=1
DBG_MESH_RX_DRAIN_ENTER owner=work q=1
DBG_CH9_TX_ACK_IDLE
DBG_LEGACY_ACK_NO_MATCH
DBG_MESH_RX_DRAIN_EXIT owner=work handled=1 q=0
DBG_MESH_RX_WORK_EXIT handled=1 q=0
DBG_ANCHOR_MESH_RX_YIELD reason=anchor-low-duty-ch5-owner ch9=0 delay=0 scan_int=380 scan_win=3 wait=0 q=0
DBG_RETRANSMIT_DIRECT_GW seq=19 now=2533906
DBG_UWB_TX_CH9
DBG_ANCHOR_CH5_SCAN_HANDLER role=2
DBG_ANCHOR_CH5_SCAN_BLOCKED win=0 survey=0 tx=1 retry_gap=0 wait=0 rx=0 rxq=0 rxr=0 ack=1 ch9=0 rf=1 retry=20 interval=380
DBG_ANCHOR_CH5_SCAN_RESCHED ret=1 delay=20
DBG_UWB_RX_CH9
DBG_MESH_RX_QUEUED ch=9 msg=0x32 src=0x9999888877776666 dst=0x708bc0aab970300e prev=0x9999888877776666 seq=106 q=1
DBG_GATEWAY_ACK_RX
DBG_DIRECT_GW_ACK_TRANSIT queued=1 valid=1 dst=0x708bc0aab970300e seq=106
DBG_DIRECT_GW_TX_ACK_WAIT ret=0 seq=19
DBG_DWM_KEEP_IDLE reason=direct-gateway-payload ch9=0 ack=0 qack=0 ret=0
DBG_MESH_RX_WORK_WAIT q=1
DBG_MESH_RX_WORK_ENTER q=1
DBG_MESH_RX_DRAIN_ENTER owner=work q=1
DBG_CH9_TX_ACK_IDLE
DBG_LEGACY_ACK_CONFIRMED
DBG_NC o=0000000000000037 g=00000037 w=00 e=00000041 s=00000005 q=0005>0008 r=00000000 f=00000026 t=00000000 p=00000002 a=01
DBG_NODE_COMM_TERMINAL_BACKEND_RELEASE handle=55 reason=0 attempts=1 ret=-2 pending=0 outstanding=0 complete=1 failures=0
DBG_ACK_CONFIRM_TERMINAL stage=complete ret=0 original=65 seq=19
DBG_MESH_RX_DRAIN_EXIT owner=work handled=1 q=0
DBG_MESH_RX_WORK_EXIT handled=1 q=0
DBG_COORD state=idle owner=uwb-rx reason=idle rx=0 tx=0 relay=0 route=0 ack=0 qack=0
DBG_ANCHOR_CH5_SCAN_HANDLER role=2
DBG_DWM_MARK_UNCONFIGURED tag=initialise_radio prev_phy=0
DBG_DWM_WAKE_MESH_CTRL_OK sfd=4073
DBG_DWM_CH5_RX_HUNT_START acq=2000 complete=15 cap=1021
DBG_DWM_CH5_RX_ACTIVITY_EXTEND ret=0 status=0x00000100 complete=15
DBG_DWM_CH5_RX_ACTIVITY_WAIT status=0x00000100 remain=15
DBG_DWM_CH5_RX_ACTIVITY_REARM status=0x00001300 fail=4 remain=14 rearm=1
DBG_DWM_CH5_RX_ACTIVITY_FAIL ret=-116 status=0x00000000 last=0x00000000 fail=4 activity=1 rearm=1
DBG_ANCHOR_CH5_SCAN_DONE ret=-5 len=0 fail=4 pre=1 q=0 rx_us=2000000 complete=15
DBG_ANCHOR_CH5_ACTIVITY_COOLDOWN ret=-5 fail=4 reason=crc_failure rx_us=2000000 cooldown=100
DBG_ANCHOR_CH5_SCAN_RESCHED ret=2 delay=0
DBG_ANCHOR_CH5_SCAN_HANDLER role=2
DBG_DWM_INVALIDATE tag=configure_radio_from_reset active_phy=4 configured=1 awake=1
DBG_DWM_MARK_UNCONFIGURED tag=initialise_radio prev_phy=0
DBG_DWM_WAKE_MESH_CTRL_OK sfd=4073
DBG_DWM_CH5_RX_HUNT_START acq=2000 complete=15 cap=1021
DBG_DWM_CH5_RX_ACTIVITY_EXTEND ret=0 status=0x00000100 complete=15
DBG_DWM_CH5_RX_ACTIVITY_WAIT status=0x00000100 remain=15
DBG_DWM_CH5_RX_ACTIVITY_DONE raw=189 payload=187 status=0x00006f00 rearm=0 extended=1
DBG_ANCHOR_CH5_SCAN_DONE ret=0 len=187 fail=0 pre=1 q=100 rx_us=2000000 complete=15
DBG_UWB_RX_CH5
DBG_ANCHOR_CH5_FRAME len=187 q=100 wake_ret=-5
DBG_UWB_RX_CH5
DBG_MESH_RX_QUEUED ch=5 msg=0x40 src=0x9999888877776666 dst=0x0 prev=0x9999888877776666 seq=20 q=1
DBG_MESH_RX_DEFERRED q=1 msg=0x40
DBG_ANCHOR_MESH_RX_HANDOFF_DEFERRED q=1 delay=380 rf=0
DBG_MESH_RX_WORK_WAIT q=1
DBG_MESH_RX_WORK_ENTER q=1
DBG_MESH_RX_DRAIN_ENTER owner=work q=1
DBG_C5_CONTACT phase=closing state=4 peer=0x56da25fe4af6d141 purpose=gateway_command_flood reason=replace
DBG_C5_CONTACT phase=open state=2 peer=0x9999888877776666 purpose=gateway_command_flood reason=c5-control-rx
DBG_C5_CONTACT phase=accepted state=2 peer=0x9999888877776666 purpose=gateway_command_flood reason=c5-control-rx
DBG_C5_FLOOD_WAIT now=2534633 wake=2534656 first=2534656 msg=40 attempt=1/3 reason=broadcast-forward
DBG_MESH_RX_SUBMIT ret=1 q=0 routeq=1
DBG_DWM_MARK_UNCONFIGURED tag=initialise_radio prev_phy=0
DBG_DWM_WAKE_MESH_CTRL_OK sfd=4073
DBG_DWM_CH5_RX_HUNT_START acq=2000 complete=15 cap=1021
DBG_ENUM_RX_ACTIVE epoch=38797479 budget=418524 duplicate=1
DBG_ANCHOR_CH5_SCAN_RESCHED ret=2 delay=0
DBG_DISCOVERY_SLOT_RESPONSE_SCHEDULED phase=3 epoch=38797479 delay=237 slot=0 lane=0/3 hop=1 hash=0x75e11c1882b9b9a6
DBG_DISCOVERY_SLOT_ASSIGNED state=ACK_PENDING epoch=38797479 slot=0 slot_count=50 lane=0/3 anchors=3 hash=0x75e11c1882b9b9a6
DBG_MESH_RX_DRAIN_EXIT owner=work handled=1 q=0
DBG_MESH_RX_WORK_EXIT handled=1 q=0
DBG_DWM_CH5_RX_ACTIVITY_EXTEND ret=0 status=0x00000100 complete=15
DBG_DWM_CH5_RX_ACTIVITY_WAIT status=0x00000100 remain=15
DBG_DWM_CH5_RX_ACTIVITY_DONE raw=189 payload=187 status=0x00006f00 rearm=0 extended=1
DBG_ANCHOR_CH5_SCAN_DONE ret=0 len=187 fail=0 pre=1 q=100 rx_us=2000000 complete=15
DBG_UWB_RX_CH5
DBG_ANCHOR_CH5_FRAME len=187 q=100 wake_ret=-5
DBG_UWB_RX_CH5
DBG_MESH_RX_QUEUED ch=5 msg=0x40 src=0x9999888877776666 dst=0x0 prev=0x56da25fe4af6d141 seq=20 q=1
DBG_MESH_RX_DEFERRED q=1 msg=0x40
DBG_ANCHOR_MESH_RX_HANDOFF_DEFERRED q=1 delay=380 rf=0
DBG_MESH_RX_WORK_WAIT q=1
DBG_MESH_RX_WORK_ENTER q=1
DBG_MESH_RX_DRAIN_ENTER owner=work q=1
DBG_C5_CONTACT phase=closing state=4 peer=0x9999888877776666 purpose=gateway_command_flood reason=replace
DBG_C5_CONTACT phase=open state=2 peer=0x56da25fe4af6d141 purpose=gateway_command_flood reason=c5-control-rx
DBG_C5_CONTACT phase=accepted state=2 peer=0x56da25fe4af6d141 purpose=gateway_command_flood reason=c5-control-rx
DBG_C5_FLOOD_WAIT now=2534692 wake=2534715 first=2534715 msg=40 attempt=1/3 reason=broadcast-forward
DBG_MESH_RX_SUBMIT ret=1 q=0 routeq=1
DBG_DWM_MARK_UNCONFIGURED tag=initialise_radio prev_phy=0
DBG_DWM_WAKE_MESH_CTRL_OK sfd=4073
DBG_DWM_CH5_RX_HUNT_START acq=2000 complete=15 cap=1021
DBG_ENUM_RX_ACTIVE epoch=38797479 budget=418524 duplicate=1
DBG_ANCHOR_CH5_SCAN_RESCHED ret=2 delay=0
DBG_DISCOVERY_SLOT_RESPONSE_RETAIN phase=3 epoch=38797479 handle=0
DBG_DISCOVERY_SLOT_ACK_RESUME state=ACK_PENDING epoch=38797479 generation=38797486 slot=0
DBG_DISCOVERY_SLOT_TABLE_RETAIN epoch=38797479 generation=38797486 slot=0
DBG_MESH_RX_DRAIN_EXIT owner=work handled=1 q=0
DBG_MESH_RX_WORK_EXIT handled=1 q=0
DBG_DWM_CH5_RX_ACTIVITY_EXTEND ret=0 status=0x00000100 complete=15
DBG_DWM_CH5_RX_ACTIVITY_WAIT status=0x00000100 remain=15
DBG_DWM_CH5_RX_ACTIVITY_DONE raw=189 payload=187 status=0x00006f00 rearm=0 extended=1
DBG_ANCHOR_CH5_SCAN_DONE ret=0 len=187 fail=0 pre=1 q=100 rx_us=2000000 complete=15
DBG_UWB_RX_CH5
DBG_ANCHOR_CH5_FRAME len=187 q=100 wake_ret=-5
DBG_UWB_RX_CH5
DBG_MESH_RX_QUEUED ch=5 msg=0x40 src=0x9999888877776666 dst=0x0 prev=0x56da25fe4af6d141 seq=20 q=1
DBG_MESH_RX_DEFERRED q=1 msg=0x40
DBG_ANCHOR_MESH_RX_HANDOFF_DEFERRED q=1 delay=380 rf=0
DBG_MESH_RX_WORK_WAIT q=1
DBG_MESH_RX_WORK_ENTER q=1
DBG_MESH_RX_DRAIN_ENTER owner=work q=1
DBG_C5_CONTACT phase=accepted state=2 peer=0x56da25fe4af6d141 purpose=gateway_command_flood reason=c5-control-rx
DBG_C5_FLOOD_WAIT now=2534809 wake=2534832 first=2534832 msg=40 attempt=1/3 reason=broadcast-forward
DBG_MESH_RX_SUBMIT ret=1 q=0 routeq=1
DBG_ANCHOR_CH5_SCAN_RESCHED ret=0 delay=0
DBG_ANCHOR_CH5_SCAN_HANDLER role=2
DBG_DWM_INVALIDATE tag=configure_radio_from_reset active_phy=4 configured=1 awake=1
DBG_DWM_MARK_UNCONFIGURED tag=initialise_radio prev_phy=0
DBG_DWM_WAKE_MESH_CTRL_OK sfd=4073
DBG_DWM_CH5_RX_HUNT_START acq=2000 complete=15 cap=1021
DBG_ENUM_RX_ACTIVE epoch=38797479 budget=418524 duplicate=1
DBG_ANCHOR_CH5_SCAN_RESCHED ret=2 delay=0
DBG_DISCOVERY_SLOT_RESPONSE_RETAIN phase=3 epoch=38797479 handle=0
DBG_DISCOVERY_SLOT_ACK_RESUME state=ACK_PENDING epoch=38797479 generation=38797486 slot=0
DBG_DISCOVERY_SLOT_TABLE_RETAIN epoch=38797479 generation=38797486 slot=0
DBG_MESH_RX_DRAIN_EXIT owner=work handled=1 q=0
DBG_MESH_RX_WORK_EXIT handled=1 q=0
DBG_NC o=0000000000000038 g=00000038 w=00 e=0000003c s=00000005 q=0000>0004 r=00000000 f=00000024 t=00000000 p=00000000 a=00
DBG_NODE_COMM_SUBMIT handle=56 profile=3 token=17039380 deadline=2564895
DBG_DISCOVERY_SLOT_RESPONSE phase=3 epoch=38797479 hash=0x75e11c1882b9b9a6 hop=1 slot=0 attempt=1 ret=0
DBG_NODE_COMM_TX_BEGIN handle=56 profile=3 msg=65 dst=0x9999888877776666 seq=20
DBG_ANCHOR_CH5_SCAN_DONE ret=-140 len=0 fail=0 pre=0 q=0 rx_us=2000000 complete=15
DBG_ANCHOR_CH5_SCAN_RESCHED ret=0 delay=0
DBG_ANCHOR_CH5_SCAN_HANDLER role=2
DBG_PROTOCOL_RESPONSE_RX_HANDOFF_READY abort=1 owner=5 seq=20
DBG_DIRECT_GW_TX seq=20 now=2534897 reason=node-comm-reliable-uplink
DBG_CH9_EVENT_STATE state=tx_payload peer=0x9999888877776666 start=2534897 end=2535147 reason=node-comm-reliable-uplink
DBG_DWM_INVALIDATE tag=configure_radio_from_reset active_phy=4 configured=1 awake=1
DBG_ANCHOR_CH5_SCAN_BLOCKED win=0 survey=0 tx=0 retry_gap=0 wait=0 rx=1 rxq=0 rxr=1 ack=0 ch9=0 rf=0 retry=20 interval=380
DBG_DWM_MARK_UNCONFIGURED tag=initialise_radio prev_phy=0
DBG_DIRECT_GW_TX_CONFIG ret=0 now=2534920 seq=20
DBG_CH9_TX_SEND_AT now=2534920 earliest=2534897 msg=41 len=131
DBG_ANCHOR_CH5_SCAN_HANDLER role=2
DBG_ANCHOR_CH5_SCAN_BLOCKED win=0 survey=0 tx=1 retry_gap=0 wait=0 rx=1 rxq=0 rxr=1 ack=1 ch9=0 rf=1 retry=20 interval=380
DBG_ANCHOR_CH5_SCAN_RESCHED ret=1 delay=20
DBG_CH9_TX_DONE now=2534928 dur=8 len=131 msg=41
DBG_UWB_TX_CH9
DBG_CH9_TX_SINGLE_SEND_OK
DBG_CH9_EVENT_STATE state=complete peer=0x9999888877776666 start=2534897 end=2535147 reason=node-comm-reliable-uplink
DBG_DIRECT_GW_TX_ACK_TRANSIT_WAIT dst=0x9999888877776666 src=0x708bc0aab970300e seq=20
DBG_ANCHOR_CH5_SCAN_HANDLER role=2
DBG_ANCHOR_CH5_SCAN_BLOCKED win=0 survey=0 tx=1 retry_gap=0 wait=0 rx=1 rxq=0 rxr=1 ack=1 ch9=0 rf=1 retry=20 interval=380
DBG_ANCHOR_CH5_SCAN_RESCHED ret=1 delay=20
DBG_UWB_RX_CH9
DBG_MESH_RX_QUEUED ch=9 msg=0x32 src=0x9999888877776666 dst=0x708bc0aab970300e prev=0x9999888877776666 seq=109 q=1
DBG_GATEWAY_ACK_RX
DBG_DIRECT_GW_ACK_TRANSIT queued=1 valid=1 dst=0x708bc0aab970300e seq=109
DBG_DIRECT_GW_TX_ACK_WAIT ret=0 seq=20
DBG_DWM_KEEP_IDLE reason=direct-gateway-payload ch9=0 ack=0 qack=0 ret=0
DBG_NC o=0000000000000038 g=00000038 w=00 e=00000022 s=00000005 q=0004>0005 r=00000000 f=00000001 t=00000000 p=00000000 a=00
DBG_NODE_COMM_ATTEMPT handle=56 profile=3 attempt=1 ret=0 rf=1 scheduled=0 state=0
DBG_COORD state=mesh-rx owner=report-tx reason=mesh-rx rx=1 tx=0 relay=1 route=0 ack=1 qack=0
DBG_MESH_RX_WORK_WAIT q=1
DBG_MESH_RX_WORK_ENTER q=1
DBG_MESH_RX_DRAIN_ENTER owner=work q=1
DBG_CH9_TX_ACK_IDLE
DBG_LEGACY_ACK_NO_MATCH
DBG_DISCOVERY_SLOT_ASSIGNED state=PROVISIONED epoch=38797479 slot=0 slot_count=50 ack=delivered
DBG_ENUM_ACCEPT epoch=38797479 slot=0
DBG_MESH_RX_DRAIN_EXIT owner=work handled=1 q=0
DBG_MESH_RX_WORK_EXIT handled=1 q=0
DBG_RETRANSMIT_DIRECT_GW seq=20 now=2534959
DBG_ANCHOR_CH5_SCAN_RESCHED ret=1 delay=20
DBG_UWB_RX_CH9
DBG_MESH_RX_QUEUED ch=9 msg=0x32 src=0x9999888877776666 dst=0x708bc0aab970300e prev=0x9999888877776666 seq=110 q=1
DBG_GATEWAY_ACK_RX
DBG_DIRECT_GW_ACK_TRANSIT queued=1 valid=1 dst=0x708bc0aab970300e seq=110
DBG_DIRECT_GW_TX_ACK_WAIT ret=0 seq=20
DBG_DWM_KEEP_IDLE reason=direct-gateway-payload ch9=0 ack=0 qack=0 ret=0
DBG_MESH_RX_WORK_WAIT q=1
DBG_MESH_RX_WORK_ENTER q=1
DBG_MESH_RX_DRAIN_ENTER owner=work q=1
DBG_CH9_TX_ACK_IDLE
DBG_LEGACY_ACK_CONFIRMED
DBG_NC o=0000000000000038 g=00000038 w=00 e=00000041 s=00000005 q=0005>0008 r=00000000 f=00000026 t=00000000 p=00000002 a=01
DBG_NODE_COMM_TERMINAL_BACKEND_RELEASE handle=56 reason=0 attempts=1 ret=-2 pending=0 outstanding=0 complete=1 failures=0
DBG_ACK_CONFIRM_TERMINAL stage=complete ret=0 original=65 seq=20
DBG_MESH_RX_DRAIN_EXIT owner=work handled=1 q=0
DBG_MESH_RX_WORK_EXIT handled=1 q=0
DBG_COORD state=idle owner=uwb-rx reason=idle rx=0 tx=0 relay=0 route=0 ack=0 qack=0
DBG_ANCHOR_CH5_SCAN_HANDLER role=2
DBG_ANCHOR_CH5_SCAN_ARM now=2534991 win=2000 complete=15 interval=380 wait=0 tx=0 response=0
DBG_DWM_INVALIDATE tag=configure_radio_from_reset active_phy=3 configured=1 awake=1
DBG_DWM_WAKE_MESH_CTRL_OK sfd=4073
DBG_DWM_CH5_RX_HUNT_START acq=2000 complete=15 cap=1021
DBG_DWM_CH5_RX_ACTIVITY_EXTEND ret=0 status=0x00000100 complete=15
DBG_DWM_CH5_RX_ACTIVITY_WAIT status=0x00000100 remain=15
DBG_DWM_CH5_RX_ACTIVITY_DONE raw=189 payload=187 status=0x00006f00 rearm=0 extended=1
DBG_ANCHOR_CH5_SCAN_DONE ret=0 len=187 fail=0 pre=1 q=100 rx_us=2000000 complete=15
DBG_UWB_RX_CH5
DBG_ANCHOR_CH5_FRAME len=187 q=100 wake_ret=-5
DBG_UWB_RX_CH5
DBG_MESH_RX_QUEUED ch=5 msg=0x40 src=0x9999888877776666 dst=0x0 prev=0x56da25fe4af6d141 seq=20 q=1
DBG_MESH_RX_DEFERRED q=1 msg=0x40
DBG_ANCHOR_MESH_RX_HANDOFF_DEFERRED q=1 delay=380 rf=0
DBG_MESH_RX_WORK_WAIT q=1
DBG_MESH_RX_WORK_ENTER q=1
DBG_MESH_RX_DRAIN_ENTER owner=work q=1
DBG_C5_CONTACT phase=accepted state=2 peer=0x56da25fe4af6d141 purpose=gateway_command_flood reason=c5-control-rx
DBG_C5_FLOOD_WAIT now=2535023 wake=2535046 first=2535046 msg=40 attempt=1/3 reason=broadcast-forward
DBG_MESH_RX_SUBMIT ret=1 q=0 routeq=1
DBG_ANCHOR_CH5_SCAN_RESCHED ret=2 delay=0
DBG_ANCHOR_CH5_SCAN_HANDLER role=2
DBG_DWM_INVALIDATE tag=configure_radio_from_reset active_phy=4 configured=1 awake=1
DBG_DWM_MARK_UNCONFIGURED tag=initialise_radio prev_phy=0
DBG_DWM_WAKE_MESH_CTRL_OK sfd=4073
DBG_DWM_CH5_RX_HUNT_START acq=2000 complete=15 cap=1021
DBG_ENUM_RX_ACTIVE epoch=38797479 budget=418524 duplicate=1
DBG_ANCHOR_CH5_SCAN_RESCHED ret=2 delay=0
DBG_DISCOVERY_SLOT_TABLE_REPLAY epoch=38797479 generation=38797486 slot=0
DBG_DISCOVERY_SLOT_RESPONSE_SCHEDULED phase=3 epoch=38797479 delay=361 slot=0 lane=0/3 hop=1 hash=0x75e11c1882b9b9a6
DBG_MESH_RX_DRAIN_EXIT owner=work handled=1 q=0
DBG_MESH_RX_WORK_EXIT handled=1 q=0
DBG_NC o=0000000000000039 g=00000039 w=00 e=0000003c s=00000005 q=0000>0004 r=00000000 f=00000024 t=00000000 p=00000000 a=00
DBG_NODE_COMM_SUBMIT handle=57 profile=3 token=17039380 deadline=2565409
DBG_DISCOVERY_SLOT_RESPONSE phase=3 epoch=38797479 hash=0x75e11c1882b9b9a6 hop=1 slot=0 attempt=1 ret=0
DBG_NODE_COMM_TX_BEGIN handle=57 profile=3 msg=65 dst=0x9999888877776666 seq=20
DBG_ANCHOR_CH5_SCAN_DONE ret=-140 len=0 fail=0 pre=0 q=0 rx_us=2000000 complete=15
DBG_ANCHOR_CH5_SCAN_RESCHED ret=0 delay=0
DBG_ANCHOR_CH5_SCAN_HANDLER role=2
DBG_PROTOCOL_RESPONSE_RX_HANDOFF_READY abort=1 owner=5 seq=20
DBG_DIRECT_GW_TX seq=20 now=2535411 reason=node-comm-reliable-uplink
DBG_CH9_EVENT_STATE state=tx_payload peer=0x9999888877776666 start=2535411 end=2535661 reason=node-comm-reliable-uplink
DBG_DWM_INVALIDATE tag=configure_radio_from_reset active_phy=4 configured=1 awake=1
DBG_ANCHOR_CH5_SCAN_BLOCKED win=0 survey=0 tx=0 retry_gap=0 wait=0 rx=1 rxq=0 rxr=1 ack=0 ch9=0 rf=0 retry=20 interval=380
DBG_DWM_MARK_UNCONFIGURED tag=initialise_radio prev_phy=0
DBG_DIRECT_GW_TX_CONFIG ret=0 now=2535433 seq=20
DBG_CH9_TX_SEND_AT now=2535434 earliest=2535411 msg=41 len=131
DBG_ANCHOR_CH5_SCAN_HANDLER role=2
DBG_ANCHOR_CH5_SCAN_BLOCKED win=0 survey=0 tx=1 retry_gap=0 wait=0 rx=1 rxq=0 rxr=1 ack=1 ch9=0 rf=1 retry=20 interval=380
DBG_ANCHOR_CH5_SCAN_RESCHED ret=1 delay=20
DBG_CH9_TX_DONE now=2535442 dur=8 len=131 msg=41
DBG_UWB_TX_CH9
DBG_CH9_TX_SINGLE_SEND_OK
DBG_CH9_EVENT_STATE state=complete peer=0x9999888877776666 start=2535411 end=2535661 reason=node-comm-reliable-uplink
DBG_DIRECT_GW_TX_ACK_TRANSIT_WAIT dst=0x9999888877776666 src=0x708bc0aab970300e seq=20
DBG_ANCHOR_CH5_SCAN_HANDLER role=2
DBG_ANCHOR_CH5_SCAN_BLOCKED win=0 survey=0 tx=1 retry_gap=0 wait=0 rx=1 rxq=0 rxr=1 ack=1 ch9=0 rf=1 retry=20 interval=380
DBG_ANCHOR_CH5_SCAN_RESCHED ret=1 delay=20
DBG_UWB_RX_CH9
DBG_MESH_RX_QUEUED ch=9 msg=0x32 src=0x9999888877776666 dst=0x708bc0aab970300e prev=0x9999888877776666 seq=111 q=1
DBG_GATEWAY_ACK_RX
DBG_DIRECT_GW_ACK_TRANSIT queued=1 valid=1 dst=0x708bc0aab970300e seq=111
DBG_DIRECT_GW_TX_ACK_WAIT ret=0 seq=20
DBG_DWM_KEEP_IDLE reason=direct-gateway-payload ch9=0 ack=0 qack=0 ret=0
DBG_NC o=0000000000000039 g=00000039 w=00 e=00000022 s=00000005 q=0004>0005 r=00000000 f=00000001 t=00000000 p=00000000 a=00
DBG_NODE_COMM_ATTEMPT handle=57 profile=3 attempt=1 ret=0 rf=1 scheduled=0 state=0
DBG_COORD state=mesh-rx owner=report-tx reason=mesh-rx rx=1 tx=0 relay=1 route=0 ack=1 qack=0
DBG_MESH_RX_WORK_WAIT q=1
DBG_MESH_RX_WORK_ENTER q=1
DBG_MESH_RX_DRAIN_ENTER owner=work q=1
DBG_CH9_TX_ACK_IDLE
DBG_LEGACY_ACK_NO_MATCH
DBG_ENUM_ACCEPT epoch=38797479 slot=0
DBG_MESH_RX_DRAIN_EXIT owner=work handled=1 q=0
DBG_MESH_RX_WORK_EXIT handled=1 q=0
DBG_TX_TIMEOUT_ENTER relay=1 route=0 ch9pend=0 bundle=0 now=2535468
DBG_RETRANSMIT_DIRECT_GW seq=20 now=2535470
DBG_UWB_TX_CH9
DBG_ANCHOR_CH5_SCAN_BLOCKED win=0 survey=0 tx=1 retry_gap=0 wait=0 rx=0 rxq=0 rxr=0 ack=1 ch9=0 rf=1 retry=20 interval=380
DBG_ANCHOR_CH5_SCAN_RESCHED ret=1 delay=20
DBG_UWB_RX_CH9
DBG_MESH_RX_QUEUED ch=9 msg=0x32 src=0x9999888877776666 dst=0x708bc0aab970300e prev=0x9999888877776666 seq=112 q=1
DBG_GATEWAY_ACK_RX
DBG_DIRECT_GW_ACK_TRANSIT queued=1 valid=1 dst=0x708bc0aab970300e seq=112
DBG_DIRECT_GW_TX_ACK_WAIT ret=0 seq=20
DBG_DWM_KEEP_IDLE reason=direct-gateway-payload ch9=0 ack=0 qack=0 ret=0
DBG_MESH_RX_WORK_WAIT q=1
DBG_MESH_RX_WORK_ENTER q=1
DBG_MESH_RX_DRAIN_ENTER owner=work q=1
DBG_CH9_TX_ACK_IDLE
DBG_LEGACY_ACK_CONFIRMED
DBG_NC o=0000000000000039 g=00000039 w=00 e=00000041 s=00000005 q=0005>0008 r=00000000 f=00000026 t=00000000 p=00000002 a=01
DBG_NODE_COMM_TERMINAL_BACKEND_RELEASE handle=57 reason=0 attempts=1 ret=-2 pending=0 outstanding=0 complete=1 failures=0
DBG_ACK_CONFIRM_TERMINAL stage=complete ret=0 original=65 seq=20
DBG_MESH_RX_DRAIN_EXIT owner=work handled=1 q=0
DBG_MESH_RX_WORK_EXIT handled=1 q=0
DBG_COORD state=idle owner=uwb-rx reason=idle rx=0 tx=0 relay=0 route=0 ack=0 qack=0
DBG_ANCHOR_CH5_SCAN_HANDLER role=2
DBG_DWM_MARK_UNCONFIGURED tag=initialise_radio prev_phy=0
DBG_DWM_WAKE_MESH_CTRL_OK sfd=4073
DBG_DWM_CH5_RX_HUNT_START acq=2000 complete=15 cap=1021
DBG_DWM_CH5_RX_ACTIVITY_EXTEND ret=0 status=0x00000100 complete=15
DBG_DWM_CH5_RX_ACTIVITY_WAIT status=0x00000100 remain=15
DBG_DWM_CH5_RX_ACTIVITY_REARM status=0x00001300 fail=4 remain=14 rearm=1
DBG_DWM_CH5_RX_ACTIVITY_FAIL ret=-116 status=0x00000000 last=0x00000000 fail=4 activity=1 rearm=1
DBG_ANCHOR_CH5_SCAN_DONE ret=-5 len=0 fail=4 pre=1 q=0 rx_us=2000000 complete=15
DBG_ANCHOR_CH5_ACTIVITY_COOLDOWN ret=-5 fail=4 reason=crc_failure rx_us=2000000 cooldown=100
DBG_ANCHOR_CH5_SCAN_RESCHED ret=2 delay=0
DBG_ANCHOR_CH5_SCAN_HANDLER role=2
DBG_DWM_INVALIDATE tag=configure_radio_from_reset active_phy=4 configured=1 awake=1
DBG_DWM_MARK_UNCONFIGURED tag=initialise_radio prev_phy=0
DBG_DWM_WAKE_MESH_CTRL_OK sfd=4073
DBG_DWM_CH5_RX_HUNT_START acq=2000 complete=15 cap=1021
DBG_DWM_CH5_RX_ACTIVITY_EXTEND ret=0 status=0x00000100 complete=15
DBG_DWM_CH5_RX_ACTIVITY_WAIT status=0x00000100 remain=15
DBG_DWM_CH5_RX_ACTIVITY_REARM status=0x00001300 fail=4 remain=14 rearm=1
DBG_DWM_CH5_RX_ACTIVITY_FAIL ret=-116 status=0x00000000 last=0x00000000 fail=4 activity=1 rearm=1
DBG_ANCHOR_CH5_SCAN_DONE ret=-5 len=0 fail=4 pre=1 q=0 rx_us=2000000 complete=15
DBG_ANCHOR_CH5_ACTIVITY_COOLDOWN ret=-5 fail=4 reason=crc_failure rx_us=2000000 cooldown=100
DBG_ANCHOR_CH5_SCAN_RESCHED ret=2 delay=0
DBG_ANCHOR_CH5_SCAN_HANDLER role=2
DBG_ANCHOR_CH5_SCAN_ARM now=2536031 win=2000 complete=15 interval=380 wait=0 tx=0 response=0
DBG_DWM_INVALIDATE tag=configure_radio_from_reset active_phy=4 configured=1 awake=1
DBG_DWM_MARK_UNCONFIGURED tag=initialise_radio prev_phy=0
DBG_DWM_WAKE_MESH_CTRL_OK sfd=4073
DBG_DWM_CH5_RX_HUNT_START acq=2000 complete=15 cap=1021
DBG_DWM_CH5_RX_ACTIVITY_EXTEND ret=0 status=0x00000100 complete=15
DBG_DWM_CH5_RX_ACTIVITY_WAIT status=0x00000100 remain=15
DBG_DWM_CH5_RX_ACTIVITY_DONE raw=171 payload=169 status=0x00006f00 rearm=0 extended=1
DBG_ANCHOR_CH5_SCAN_DONE ret=0 len=169 fail=0 pre=1 q=100 rx_us=2000000 complete=15
DBG_UWB_RX_CH5
DBG_ANCHOR_CH5_FRAME len=169 q=100 wake_ret=-5
DBG_UWB_RX_CH5
DBG_MESH_RX_QUEUED ch=5 msg=0x40 src=0x9999888877776666 dst=0x0 prev=0x9999888877776666 seq=21 q=1
DBG_MESH_RX_DEFERRED q=1 msg=0x40
DBG_ANCHOR_MESH_RX_HANDOFF_DEFERRED q=1 delay=380 rf=0
DBG_MESH_RX_WORK_WAIT q=1
DBG_MESH_RX_WORK_ENTER q=1
DBG_MESH_RX_DRAIN_ENTER owner=work q=1
DBG_C5_CONTACT phase=closing state=4 peer=0x56da25fe4af6d141 purpose=gateway_command_flood reason=replace
DBG_C5_CONTACT phase=open state=2 peer=0x9999888877776666 purpose=gateway_command_flood reason=c5-control-rx
DBG_C5_CONTACT phase=accepted state=2 peer=0x9999888877776666 purpose=gateway_command_flood reason=c5-control-rx
DBG_C5_FLOOD_WAIT now=2536697 wake=2536870 first=2536870 msg=40 attempt=1/3 reason=broadcast-forward
DBG_MESH_RX_SUBMIT ret=1 q=0 routeq=1
DBG_DWM_MARK_UNCONFIGURED tag=initialise_radio prev_phy=0
DBG_DWM_WAKE_MESH_CTRL_OK sfd=4073
DBG_DWM_CH5_RX_HUNT_START acq=2000 complete=15 cap=1021
DBG_ENUM_RX_TERMINAL epoch=38797479 reason=end
DBG_ANCHOR_CH5_SCAN_RESCHED ret=1 delay=380
DBG_ENUM_END_ACCEPT epoch=38797479 table_seq=38797486 pending=0 committed=1
DBG_MESH_RX_DRAIN_EXIT owner=work handled=1 q=0
DBG_MESH_RX_WORK_EXIT handled=1 q=0
DBG_DWM_CH5_RX_HUNT_EMPTY ret=-116 status=0x00000000 acq=2000
DBG_ANCHOR_CH5_SCAN_RESCHED ret=1 delay=380
DBG_ANCHOR_CH5_SCAN_HANDLER role=2
DBG_ANCHOR_CH5_SCAN_ARM now=2538721 win=3 complete=15 interval=380 wait=0 tx=0 response=0
DBG_DWM_INVALIDATE tag=configure_radio_from_reset active_phy=4 configured=1 awake=0
DBG_DWM_MARK_UNCONFIGURED tag=initialise_radio prev_phy=0
DBG_DWM_CH5_RX_HUNT_START acq=3 complete=15 cap=1021
DBG_DWM_CH5_RX_HUNT_EMPTY ret=-116 status=0x00000000 acq=3
DBG_ANCHOR_CH5_SCAN_DONE ret=-116 len=0 fail=1 pre=0 q=0 rx_us=3784 complete=15
DBG_ANCHOR_CH5_SCAN_RESCHED ret=1 delay=380
DBG_ANCHOR_CH5_SCAN_HANDLER role=2
DBG_DWM_INVALIDATE tag=configure_radio_from_reset active_phy=2 configured=1 awake=0
DBG_DWM_MARK_UNCONFIGURED tag=initialise_radio prev_phy=0
DBG_DWM_CH5_RX_HUNT_START acq=3 complete=15 cap=1021
DBG_DWM_CH5_RX_HUNT_EMPTY ret=-116 status=0x00000000 acq=3
DBG_ANCHOR_CH5_SCAN_RESCHED ret=1 delay=380
DBG_ANCHOR_CH5_SCAN_HANDLER role=2
DBG_DWM_INVALIDATE tag=configure_radio_from_reset active_phy=2 configured=1 awake=0
DBG_DWM_MARK_UNCONFIGURED tag=initialise_radio prev_phy=0
DBG_DWM_CH5_RX_HUNT_START acq=3 complete=15 cap=1021
DBG_DWM_CH5_RX_HUNT_EMPTY ret=-116 status=0x00000000 acq=3
DBG_ANCHOR_CH5_SCAN_RESCHED ret=1 delay=380
DBG_ANCHOR_CH5_SCAN_HANDLER role=2
DBG_ANCHOR_CH5_SCAN_ARM now=2539939 win=3 complete=15 interval=380 wait=0 tx=0 response=0
DBG_DWM_INVALIDATE tag=configure_radio_from_reset active_phy=2 configured=1 awake=0
DBG_DWM_MARK_UNCONFIGURED tag=initialise_radio prev_phy=0
DBG_DWM_CH5_RX_HUNT_START acq=3 complete=15 cap=1021
DBG_DWM_CH5_RX_HUNT_EMPTY ret=-116 status=0x00000000 acq=3
DBG_ANCHOR_CH5_SCAN_DONE ret=-116 len=0 fail=1 pre=0 q=0 rx_us=3997 complete=15
DBG_ANCHOR_CH5_SCAN_RESCHED ret=1 delay=380
DBG_DWM_INVALIDATE tag=configure_radio_from_reset active_phy=2 configured=1 awake=0
DBG_DWM_MARK_UNCONFIGURED tag=initialise_radio prev_phy=0
DBG_ANCHOR_CH5_SCAN_HANDLER role=2
DBG_DWM_INVALIDATE tag=configure_radio_from_reset active_phy=2 configured=1 awake=0
DBG_ANCHOR_CH5_SCAN_BLOCKED win=0 survey=0 tx=0 retry_gap=0 wait=0 rx=0 rxq=0 rxr=0 ack=0 ch9=0 rf=1 retry=20 interval=380
DBG_ANCHOR_CH5_SCAN_RESCHED ret=1 delay=20
DBG_DWM_MARK_UNCONFIGURED tag=initialise_radio prev_phy=0
DBG_DWM_WAKE_MESH_CTRL_OK sfd=4073
DBG_C5_TX_CONFIG ret=0 ext=1 len=127 msg=40 reason=bounded-c5-flood
DBG_ANCHOR_CH5_SCAN_HANDLER role=2
DBG_ANCHOR_CH5_SCAN_BLOCKED win=0 survey=0 tx=0 retry_gap=0 wait=0 rx=0 rxq=0 rxr=0 ack=0 ch9=0 rf=1 retry=20 interval=380
DBG_ANCHOR_CH5_SCAN_RESCHED ret=1 delay=20
DBG_UWB_TX_CH5
DBG_DWM_INVALIDATE tag=configure_radio_from_reset active_phy=4 configured=1 awake=0
DBG_ANCHOR_CH5_SCAN_HANDLER role=2
DBG_DWM_MARK_UNCONFIGURED tag=initialise_radio prev_phy=0
DBG_ANCHOR_CH5_SCAN_BLOCKED win=0 survey=0 tx=0 retry_gap=0 wait=0 rx=0 rxq=0 rxr=0 ack=0 ch9=0 rf=1 retry=20 interval=380
DBG_ANCHOR_CH5_SCAN_RESCHED ret=1 delay=20
DBG_DWM_WAKE_MESH_CTRL_OK sfd=4073
DBG_ANCHOR_CH5_SCAN_HANDLER role=2
DBG_ANCHOR_CH5_SCAN_BLOCKED win=0 survey=0 tx=0 retry_gap=0 wait=0 rx=0 rxq=0 rxr=0 ack=0 ch9=0 rf=1 retry=20 interval=380
DBG_ANCHOR_CH5_SCAN_RESCHED ret=1 delay=20
DBG_DWM_INVALIDATE tag=configure_radio_from_reset active_phy=4 configured=1 awake=0
DBG_ANCHOR_CH5_SCAN_HANDLER role=2
DBG_ANCHOR_CH5_SCAN_BLOCKED win=0 survey=0 tx=0 retry_gap=0 wait=0 rx=0 rxq=0 rxr=0 ack=0 ch9=0 rf=1 retry=20 interval=380
DBG_ANCHOR_CH5_SCAN_RESCHED ret=1 delay=20
DBG_DWM_MARK_UNCONFIGURED tag=initialise_radio prev_phy=0
DBG_ANCHOR_CH5_SCAN_HANDLER role=2
DBG_DWM_INVALIDATE tag=configure_radio_from_reset active_phy=2 configured=1 awake=0
DBG_ANCHOR_CH5_SCAN_BLOCKED win=0 survey=0 tx=0 retry_gap=0 wait=0 rx=0 rxq=0 rxr=0 ack=0 ch9=0 rf=1 retry=20 interval=380
DBG_ANCHOR_CH5_SCAN_RESCHED ret=1 delay=20
DBG_DWM_MARK_UNCONFIGURED tag=initialise_radio prev_phy=0
DBG_DWM_WAKE_MESH_CTRL_OK sfd=4073
DBG_C5_TX_CONFIG ret=0 ext=1 len=127 msg=40 reason=bounded-c5-flood
DBG_ANCHOR_CH5_SCAN_HANDLER role=2
DBG_ANCHOR_CH5_SCAN_BLOCKED win=0 survey=0 tx=0 retry_gap=0 wait=0 rx=0 rxq=0 rxr=0 ack=0 ch9=0 rf=1 retry=20 interval=380
DBG_ANCHOR_CH5_SCAN_RESCHED ret=1 delay=20
DBG_UWB_TX_CH5
DBG_DWM_INVALIDATE tag=configure_radio_from_reset active_phy=4 configured=1 awake=0
DBG_ANCHOR_CH5_SCAN_HANDLER role=2
DBG_DWM_MARK_UNCONFIGURED tag=initialise_radio prev_phy=0
DBG_ANCHOR_CH5_SCAN_BLOCKED win=0 survey=0 tx=0 retry_gap=0 wait=0 rx=0 rxq=0 rxr=0 ack=0 ch9=0 rf=1 retry=20 interval=380
DBG_ANCHOR_CH5_SCAN_RESCHED ret=1 delay=20
DBG_DWM_WAKE_MESH_CTRL_OK sfd=4073
DBG_ANCHOR_CH5_SCAN_HANDLER role=2
DBG_ANCHOR_CH5_SCAN_BLOCKED win=0 survey=0 tx=0 retry_gap=0 wait=0 rx=0 rxq=0 rxr=0 ack=0 ch9=0 rf=1 retry=20 interval=380
DBG_ANCHOR_CH5_SCAN_RESCHED ret=1 delay=20
DBG_DWM_INVALIDATE tag=configure_radio_from_reset active_phy=4 configured=1 awake=0
DBG_ANCHOR_CH5_SCAN_HANDLER role=2
DBG_ANCHOR_CH5_SCAN_BLOCKED win=0 survey=0 tx=0 retry_gap=0 wait=0 rx=0 rxq=0 rxr=0 ack=0 ch9=0 rf=1 retry=20 interval=380
DBG_ANCHOR_CH5_SCAN_RESCHED ret=1 delay=20
DBG_DWM_MARK_UNCONFIGURED tag=initialise_radio prev_phy=0
DBG_ANCHOR_CH5_SCAN_HANDLER role=2
DBG_DWM_INVALIDATE tag=configure_radio_from_reset active_phy=2 configured=1 awake=0
DBG_ANCHOR_CH5_SCAN_BLOCKED win=0 survey=0 tx=0 retry_gap=0 wait=0 rx=0 rxq=0 rxr=0 ack=0 ch9=0 rf=1 retry=20 interval=380
DBG_ANCHOR_CH5_SCAN_RESCHED ret=1 delay=20
DBG_DWM_MARK_UNCONFIGURED tag=initialise_radio prev_phy=0
DBG_DWM_WAKE_MESH_CTRL_OK sfd=4073
DBG_C5_TX_CONFIG ret=0 ext=1 len=127 msg=40 reason=bounded-c5-flood
DBG_ANCHOR_CH5_SCAN_HANDLER role=2
DBG_ANCHOR_CH5_SCAN_BLOCKED win=0 survey=0 tx=0 retry_gap=0 wait=0 rx=0 rxq=0 rxr=0 ack=0 ch9=0 rf=1 retry=20 interval=380
DBG_ANCHOR_CH5_SCAN_RESCHED ret=1 delay=20
DBG_UWB_TX_CH5
DBG_DWM_INVALIDATE tag=configure_radio_from_reset active_phy=4 configured=1 awake=0
DBG_ANCHOR_CH5_SCAN_HANDLER role=2
DBG_DWM_MARK_UNCONFIGURED tag=initialise_radio prev_phy=0
DBG_ANCHOR_CH5_SCAN_BLOCKED win=0 survey=0 tx=0 retry_gap=0 wait=0 rx=0 rxq=0 rxr=0 ack=0 ch9=0 rf=1 retry=20 interval=380
DBG_ANCHOR_CH5_SCAN_RESCHED ret=1 delay=20
DBG_DWM_WAKE_MESH_CTRL_OK sfd=4073
DBG_ANCHOR_CH5_SCAN_HANDLER role=2
DBG_ANCHOR_CH5_SCAN_BLOCKED win=0 survey=0 tx=0 retry_gap=0 wait=0 rx=0 rxq=0 rxr=0 ack=0 ch9=0 rf=1 retry=20 interval=380
DBG_ANCHOR_CH5_SCAN_RESCHED ret=1 delay=20
DBG_DWM_INVALIDATE tag=configure_radio_from_reset active_phy=4 configured=1 awake=0
DBG_ANCHOR_CH5_SCAN_HANDLER role=2
DBG_ANCHOR_CH5_SCAN_BLOCKED win=0 survey=0 tx=0 retry_gap=0 wait=0 rx=0 rxq=0 rxr=0 ack=0 ch9=0 rf=1 retry=20 interval=380
DBG_ANCHOR_CH5_SCAN_RESCHED ret=1 delay=20
DBG_DWM_MARK_UNCONFIGURED tag=initialise_radio prev_phy=0
DBG_ANCHOR_CH5_SCAN_HANDLER role=2
DBG_DWM_INVALIDATE tag=configure_radio_from_reset active_phy=2 configured=1 awake=0
DBG_ANCHOR_CH5_SCAN_BLOCKED win=0 survey=0 tx=0 retry_gap=0 wait=0 rx=0 rxq=0 rxr=0 ack=0 ch9=0 rf=1 retry=20 interval=380
DBG_ANCHOR_CH5_SCAN_RESCHED ret=1 delay=20
DBG_DWM_MARK_UNCONFIGURED tag=initialise_radio prev_phy=0
DBG_DWM_WAKE_MESH_CTRL_OK sfd=4073
DBG_C5_TX_CONFIG ret=0 ext=1 len=127 msg=40 reason=bounded-c5-flood
DBG_ANCHOR_CH5_SCAN_HANDLER role=2
DBG_ANCHOR_CH5_SCAN_BLOCKED win=0 survey=0 tx=0 retry_gap=0 wait=0 rx=0 rxq=0 rxr=0 ack=0 ch9=0 rf=1 retry=20 interval=380
DBG_ANCHOR_CH5_SCAN_RESCHED ret=1 delay=20
DBG_UWB_TX_CH5
DBG_C5_FLOOD_WAIT now=2540726 wake=2540761 first=2540761 msg=40 attempt=2/3 reason=broadcast-forward
DBG_ANCHOR_CH5_SCAN_HANDLER role=2
DBG_DWM_INVALIDATE tag=configure_radio_from_reset active_phy=4 configured=1 awake=0
DBG_DWM_MARK_UNCONFIGURED tag=initialise_radio prev_phy=0
DBG_DWM_CH5_RX_HUNT_START acq=3 complete=15 cap=1021
DBG_DWM_CH5_RX_HUNT_EMPTY ret=-116 status=0x00000000 acq=3
DBG_ANCHOR_CH5_SCAN_RESCHED ret=1 delay=380
DBG_ANCHOR_CH5_SCAN_HANDLER role=2
DBG_ANCHOR_CH5_SCAN_ARM now=2541144 win=3 complete=15 interval=380 wait=0 tx=0 response=0
DBG_DWM_INVALIDATE tag=configure_radio_from_reset active_phy=2 configured=1 awake=0
DBG_DWM_MARK_UNCONFIGURED tag=initialise_radio prev_phy=0
DBG_DWM_CH5_RX_HUNT_START acq=3 complete=15 cap=1021
DBG_DWM_CH5_RX_HUNT_EMPTY ret=-116 status=0x00000000 acq=3
DBG_ANCHOR_CH5_SCAN_DONE ret=-116 len=0 fail=1 pre=0 q=0 rx_us=3631 complete=15
DBG_ANCHOR_CH5_SCAN_RESCHED ret=1 delay=380
DBG_ANCHOR_CH5_SCAN_HANDLER role=2
DBG_DWM_INVALIDATE tag=configure_radio_from_reset active_phy=2 configured=1 awake=0
DBG_DWM_MARK_UNCONFIGURED tag=initialise_radio prev_phy=0
DBG_DWM_CH5_RX_HUNT_START acq=3 complete=15 cap=1021
DBG_DWM_CH5_RX_HUNT_EMPTY ret=-116 status=0x00000000 acq=3
DBG_ANCHOR_CH5_SCAN_RESCHED ret=1 delay=380
DBG_ANCHOR_CH5_SCAN_HANDLER role=2
DBG_DWM_INVALIDATE tag=configure_radio_from_reset active_phy=2 configured=1 awake=0
DBG_DWM_MARK_UNCONFIGURED tag=initialise_radio prev_phy=0
DBG_DWM_CH5_RX_HUNT_START acq=3 complete=15 cap=1021
DBG_DWM_CH5_RX_HUNT_EMPTY ret=-116 status=0x00000000 acq=3
DBG_ANCHOR_CH5_SCAN_RESCHED ret=1 delay=380
DBG_ANCHOR_CH5_SCAN_HANDLER role=2
DBG_ANCHOR_CH5_SCAN_ARM now=2542364 win=3 complete=15 interval=380 wait=0 tx=0 response=0
DBG_DWM_INVALIDATE tag=configure_radio_from_reset active_phy=2 configured=1 awake=0
DBG_DWM_MARK_UNCONFIGURED tag=initialise_radio prev_phy=0
DBG_DWM_CH5_RX_HUNT_START acq=3 complete=15 cap=1021
DBG_DWM_CH5_RX_HUNT_EMPTY ret=-116 status=0x00000000 acq=3
DBG_ANCHOR_CH5_SCAN_DONE ret=-116 len=0 fail=1 pre=0 q=0 rx_us=3601 complete=15
DBG_ANCHOR_CH5_SCAN_RESCHED ret=1 delay=380
DBG_ANCHOR_CH5_SCAN_HANDLER role=2
DBG_DWM_INVALIDATE tag=configure_radio_from_reset active_phy=2 configured=1 awake=0
DBG_DWM_MARK_UNCONFIGURED tag=initialise_radio prev_phy=0
DBG_DWM_CH5_RX_HUNT_START acq=3 complete=15 cap=1021
DBG_DWM_CH5_RX_HUNT_EMPTY ret=-116 status=0x00000000 acq=3
DBG_ANCHOR_CH5_SCAN_RESCHED ret=1 delay=380
DBG_ANCHOR_CH5_SCAN_HANDLER role=2
DBG_DWM_INVALIDATE tag=configure_radio_from_reset active_phy=2 configured=1 awake=0
DBG_DWM_MARK_UNCONFIGURED tag=initialise_radio prev_phy=0
DBG_DWM_CH5_RX_HUNT_START acq=3 complete=15 cap=1021
DBG_DWM_CH5_RX_HUNT_EMPTY ret=-116 status=0x00000000 acq=3
DBG_ANCHOR_CH5_SCAN_RESCHED ret=1 delay=380
DBG_ANCHOR_CH5_SCAN_HANDLER role=2
DBG_ANCHOR_CH5_SCAN_ARM now=2543583 win=3 complete=15 interval=380 wait=0 tx=0 response=0
DBG_DWM_INVALIDATE tag=configure_radio_from_reset active_phy=2 configured=1 awake=0
DBG_DWM_MARK_UNCONFIGURED tag=initialise_radio prev_phy=0
DBG_DWM_CH5_RX_HUNT_START acq=3 complete=15 cap=1021
DBG_DWM_CH5_RX_HUNT_EMPTY ret=-116 status=0x00000000 acq=3
DBG_ANCHOR_CH5_SCAN_DONE ret=-116 len=0 fail=1 pre=0 q=0 rx_us=3967 complete=15
DBG_ANCHOR_CH5_SCAN_RESCHED ret=1 delay=380
DBG_ANCHOR_CH5_SCAN_HANDLER role=2
DBG_DWM_INVALIDATE tag=configure_radio_from_reset active_phy=2 configured=1 awake=0
