file	line	function	lines	mechanical_triage	method
firmware/app/src/app_anchor.c	325	gateway_operation_owner_claim	8		lexical C definition; preprocessor branches not resolved
firmware/app/src/app_anchor.c	337	gateway_operation_owner_release	25	error_paths;cleanup	lexical C definition; preprocessor branches not resolved
firmware/app/src/app_anchor.c	365	gateway_operation_owner_matches	11		lexical C definition; preprocessor branches not resolved
firmware/app/src/app_anchor_click_event_runtime.c	19	operation_id_for_claim	8		lexical C definition; preprocessor branches not resolved
firmware/app/src/app_anchor_click_event_runtime.c	30	claim_key_matches	7		lexical C definition; preprocessor branches not resolved
firmware/app/src/app_anchor_click_event_runtime.c	41	claim_is_valid	5		lexical C definition; preprocessor branches not resolved
firmware/app/src/app_anchor_click_event_runtime.c	48	result_to_errno	14	error_paths	lexical C definition; preprocessor branches not resolved
firmware/app/src/app_anchor_click_event_runtime.c	64	runtime_event	15		lexical C definition; preprocessor branches not resolved
firmware/app/src/app_anchor_click_event_runtime.c	82	dispatch_event	15	error_paths	lexical C definition; preprocessor branches not resolved
firmware/app/src/app_anchor_click_event_runtime.c	100	app_anchor_click_event_runtime_reset	4	cleanup	lexical C definition; preprocessor branches not resolved
firmware/app/src/app_anchor_click_event_runtime.c	106	app_anchor_click_event_runtime_claim	52	error_paths;cleanup	lexical C definition; preprocessor branches not resolved
firmware/app/src/app_anchor_click_event_runtime.c	163	app_anchor_click_event_runtime_schedule_received	25	error_paths	lexical C definition; preprocessor branches not resolved
firmware/app/src/app_anchor_click_event_runtime.c	193	app_anchor_click_event_runtime_handle	9	error_paths	lexical C definition; preprocessor branches not resolved
firmware/app/src/app_anchor_click_event_runtime.c	207	app_anchor_click_event_runtime_abort	15		lexical C definition; preprocessor branches not resolved
firmware/app/src/app_anchor_click_event_runtime.c	226	app_anchor_click_event_runtime_custody_released	14	error_paths	lexical C definition; preprocessor branches not resolved
firmware/app/src/app_anchor_click_event_runtime.c	247	app_anchor_click_event_runtime_state	3		lexical C definition; preprocessor branches not resolved
firmware/app/src/app_anchor_click_event_runtime.c	252	app_anchor_click_event_runtime_active	3		lexical C definition; preprocessor branches not resolved
firmware/app/src/app_anchor_click_event_runtime.c	257	app_anchor_click_event_runtime_result_owned	4		lexical C definition; preprocessor branches not resolved
firmware/app/src/app_anchor_command_completion.c	6	app_anchor_command_completion_next_result_seq	4		lexical C definition; preprocessor branches not resolved
firmware/app/src/app_anchor_command_completion.c	12	app_anchor_command_completion_take_terminal_exact	33	error_paths	lexical C definition; preprocessor branches not resolved
firmware/app/src/app_anchor_commands.inc	17	anchor_assignment_snapshot_to_durable	28		lexical C definition; preprocessor branches not resolved
firmware/app/src/app_anchor_commands.inc	49	anchor_assignment_durable_to_snapshot	34		lexical C definition; preprocessor branches not resolved
firmware/app/src/app_anchor_commands.inc	88	anchor_restore_discovery_assignment_ram	7	error_paths	lexical C definition; preprocessor branches not resolved
firmware/app/src/app_anchor_commands.inc	98	anchor_save_discovery_assignment_semantic	41	error_paths	lexical C definition; preprocessor branches not resolved
firmware/app/src/app_anchor_commands.inc	142	anchor_save_discovery_assignment_retry_ram	7	error_paths	lexical C definition; preprocessor branches not resolved
firmware/app/src/app_anchor_commands.inc	152	anchor_clear_discovery_assignment_semantic	15	error_paths	lexical C definition; preprocessor branches not resolved
firmware/app/src/app_anchor_commands.inc	169	anchor_restore_discovery_assignment_durable	47	error_paths;cleanup	lexical C definition; preprocessor branches not resolved
firmware/app/src/app_anchor_commands.inc	218	anchor_checked_work_reschedule	11	error_paths;cleanup;scheduling	lexical C definition; preprocessor branches not resolved
firmware/app/src/app_anchor_commands.inc	233	anchor_ram_owner_work_reschedule	17	cleanup;scheduling	lexical C definition; preprocessor branches not resolved
firmware/app/src/app_anchor_commands.inc	254	anchor_discovery_assignment_required	5		lexical C definition; preprocessor branches not resolved
firmware/app/src/app_anchor_commands.inc	261	anchor_append_discovery_assignment_status	23		lexical C definition; preprocessor branches not resolved
firmware/app/src/app_anchor_commands.inc	288	anchor_enter_low_power	55	cleanup	lexical C definition; preprocessor branches not resolved
firmware/app/src/app_anchor_commands.inc	346	anchor_collection_node_boot_id	11	error_paths	lexical C definition; preprocessor branches not resolved
firmware/app/src/app_anchor_commands.inc	359	anchor_next_collection_result_seq	6		lexical C definition; preprocessor branches not resolved
firmware/app/src/app_anchor_commands.inc	367	anchor_commit_broadcast_command_replay	16	error_paths	lexical C definition; preprocessor branches not resolved
firmware/app/src/app_anchor_commands.inc	388	anchor_commit_pending_collection_command_replay	15		lexical C definition; preprocessor branches not resolved
firmware/app/src/app_anchor_commands.inc	405	anchor_submit_command_result	109	error_paths	lexical C definition; preprocessor branches not resolved
firmware/app/src/app_anchor_commands.inc	524	anchor_send_command_result	10		lexical C definition; preprocessor branches not resolved
firmware/app/src/app_anchor_commands.inc	541	anchor_command_completion_actions	14	error_paths	lexical C definition; preprocessor branches not resolved
firmware/app/src/app_anchor_commands.inc	560	anchor_discovery_gateway_hop_count	9		lexical C definition; preprocessor branches not resolved
firmware/app/src/app_anchor_commands.inc	575	anchor_discovery_response_delay_ms	15		lexical C definition; preprocessor branches not resolved
firmware/app/src/app_anchor_commands.inc	593	anchor_discovery_postpone_for_deeper_route	58	error_paths;scheduling	lexical C definition; preprocessor branches not resolved
firmware/app/src/app_anchor_commands.inc	654	anchor_discovery_ack_low_duty_retry_delay_ms	26		lexical C definition; preprocessor branches not resolved
firmware/app/src/app_anchor_commands.inc	684	anchor_build_discovery_response	60	error_paths;cleanup	lexical C definition; preprocessor branches not resolved
firmware/app/src/app_anchor_commands.inc	748	anchor_send_discovery_response	28	error_paths	lexical C definition; preprocessor branches not resolved
firmware/app/src/app_anchor_commands.inc	780	anchor_discovery_claim_next_generation	4		lexical C definition; preprocessor branches not resolved
firmware/app/src/app_anchor_commands.inc	786	anchor_discovery_claim_snapshot	14		lexical C definition; preprocessor branches not resolved
firmware/app/src/app_anchor_commands.inc	803	anchor_discovery_claim_reschedule_locked	59	error_paths;scheduling	lexical C definition; preprocessor branches not resolved
firmware/app/src/app_anchor_commands.inc	867	anchor_discovery_ack_liveness_work_handler	48	error_paths;cleanup;scheduling	lexical C definition; preprocessor branches not resolved
firmware/app/src/app_anchor_commands.inc	918	anchor_discovery_ack_refresh_attempt_deadline_locked	18	scheduling	lexical C definition; preprocessor branches not resolved
firmware/app/src/app_anchor_commands.inc	939	anchor_discovery_terminal_retry_refresh_deadline_locked	22	scheduling	lexical C definition; preprocessor branches not resolved
firmware/app/src/app_anchor_commands.inc	964	anchor_discovery_claim_ready_for_submit	14		lexical C definition; preprocessor branches not resolved
firmware/app/src/app_anchor_commands.inc	982	anchor_discovery_claim_service_failed_abandon	26	error_paths;cleanup	lexical C definition; preprocessor branches not resolved
firmware/app/src/app_anchor_commands.inc	1010	anchor_promote_discovery_assignment_locked_impl	125	error_paths;cleanup	lexical C definition; preprocessor branches not resolved
firmware/app/src/app_anchor_commands.inc	1139	anchor_promote_discovery_assignment_after_ack_locked	3		lexical C definition; preprocessor branches not resolved
firmware/app/src/app_anchor_commands.inc	1145	anchor_commit_discovery_table_locked	72	error_paths;cleanup	lexical C definition; preprocessor branches not resolved
firmware/app/src/app_anchor_commands.inc	1227	anchor_promote_discovery_assignment_after_ack	14		lexical C definition; preprocessor branches not resolved
firmware/app/src/app_anchor_commands.inc	1244	anchor_discovery_assignment_gateway_accepted	49	error_paths	lexical C definition; preprocessor branches not resolved
firmware/app/src/app_anchor_commands.inc	1297	anchor_discovery_assignment_gateway_confirmed	62	error_paths	lexical C definition; preprocessor branches not resolved
firmware/app/src/app_anchor_commands.inc	1363	anchor_discovery_response_terminal_matches	21		lexical C definition; preprocessor branches not resolved
firmware/app/src/app_anchor_commands.inc	1391	anchor_persist_discovery_assignment_ack_retry_round	34	error_paths;cleanup	lexical C definition; preprocessor branches not resolved
firmware/app/src/app_anchor_commands.inc	1429	anchor_discovery_assignment_service_ack_promotion	59	error_paths;cleanup;scheduling	lexical C definition; preprocessor branches not resolved
firmware/app/src/app_anchor_commands.inc	1496	anchor_retire_superseded_discovery_ack	86	error_paths;cleanup	lexical C definition; preprocessor branches not resolved
firmware/app/src/app_anchor_commands.inc	1585	anchor_discovery_claim_work_handler	343	error_paths;cleanup;scheduling	lexical C definition; preprocessor branches not resolved
firmware/app/src/app_anchor_commands.inc	1930	anchor_settle_ack_before_replacement_assignment	91	error_paths;cleanup	lexical C definition; preprocessor branches not resolved
firmware/app/src/app_anchor_commands.inc	2024	anchor_clear_committed_assignment_for_new_claim	38	error_paths;cleanup	lexical C definition; preprocessor branches not resolved
firmware/app/src/app_anchor_commands.inc	2065	anchor_schedule_discovery_response	240	error_paths;cleanup;scheduling	lexical C definition; preprocessor branches not resolved
firmware/app/src/app_anchor_commands.inc	2318	anchor_schedule_discovery_claim	18	scheduling	lexical C definition; preprocessor branches not resolved
firmware/app/src/app_anchor_commands.inc	2341	anchor_start_compact_enumeration_response_lane	81	error_paths;scheduling	lexical C definition; preprocessor branches not resolved
firmware/app/src/app_anchor_commands.inc	2428	anchor_survey_upstream	16	error_paths	lexical C definition; preprocessor branches not resolved
firmware/app/src/app_anchor_commands.inc	2448	anchor_survey_work_reschedule	7	error_paths;scheduling	lexical C definition; preprocessor branches not resolved
firmware/app/src/app_anchor_commands.inc	2459	anchor_schedule_late_discovery_claim	17	error_paths;scheduling	lexical C definition; preprocessor branches not resolved
firmware/app/src/app_anchor_commands.inc	2482	anchor_resume_pending_discovery_assignment_ack	45	error_paths;cleanup	lexical C definition; preprocessor branches not resolved
firmware/app/src/app_anchor_commands.inc	2530	anchor_collection_result_clear	3		lexical C definition; preprocessor branches not resolved
firmware/app/src/app_anchor_commands.inc	2535	anchor_collection_result_start_ram_owner	6		lexical C definition; preprocessor branches not resolved
firmware/app/src/app_anchor_commands.inc	2543	anchor_collection_result_has_collection_identity	8		lexical C definition; preprocessor branches not resolved
firmware/app/src/app_anchor_commands.inc	2554	anchor_collection_result_take_terminal	4		lexical C definition; preprocessor branches not resolved
firmware/app/src/app_anchor_commands.inc	2563	anchor_collection_result_apply_actions	26	error_paths;scheduling	lexical C definition; preprocessor branches not resolved
firmware/app/src/app_anchor_commands.inc	2592	anchor_collection_result_retry	16	error_paths;scheduling	lexical C definition; preprocessor branches not resolved
firmware/app/src/app_anchor_commands.inc	2610	anchor_collection_result_work_handler_locked	150	error_paths;scheduling	lexical C definition; preprocessor branches not resolved
firmware/app/src/app_anchor_commands.inc	2762	anchor_collection_result_work_handler	5		lexical C definition; preprocessor branches not resolved
firmware/app/src/app_anchor_commands.inc	2769	anchor_schedule_collection_command_result	74	error_paths;cleanup;scheduling	lexical C definition; preprocessor branches not resolved
firmware/app/src/app_anchor_commands.inc	2852	anchor_direct_action_result_matches	15		lexical C definition; preprocessor branches not resolved
firmware/app/src/app_anchor_commands.inc	2871	anchor_admit_direct_action_result	55	error_paths;cleanup;scheduling	lexical C definition; preprocessor branches not resolved
firmware/app/src/app_anchor_commands.inc	2934	anchor_reboot_work_handler	25	scheduling	lexical C definition; preprocessor branches not resolved
firmware/app/src/app_anchor_commands.inc	2961	anchor_schedule_reboot_after_command_result	12	error_paths;scheduling	lexical C definition; preprocessor branches not resolved
firmware/app/src/app_anchor_commands.inc	2976	gateway_accept_local_reboot_command	35	error_paths;cleanup;scheduling	lexical C definition; preprocessor branches not resolved
firmware/app/src/app_anchor_commands.inc	3015	anchor_next_heartbeat_seq	7		lexical C definition; preprocessor branches not resolved
firmware/app/src/app_anchor_commands.inc	3024	anchor_send_heartbeat	51	error_paths;cleanup	lexical C definition; preprocessor branches not resolved
firmware/app/src/app_anchor_commands.inc	3077	anchor_heartbeat_schedule	9	error_paths;scheduling	lexical C definition; preprocessor branches not resolved
firmware/app/src/app_anchor_commands.inc	3088	anchor_heartbeat_request_startup	3		lexical C definition; preprocessor branches not resolved
firmware/app/src/app_anchor_commands.inc	3093	anchor_heartbeat_work_handler	28	error_paths;scheduling	lexical C definition; preprocessor branches not resolved
firmware/app/src/app_anchor_commands.inc	3123	anchor_start_heartbeat_from_command	27	error_paths;scheduling	lexical C definition; preprocessor branches not resolved
firmware/app/src/app_anchor_commands.inc	3154	anchor_stop_heartbeat	4	cleanup	lexical C definition; preprocessor branches not resolved
firmware/app/src/app_anchor_commands.inc	3160	command_find_u8_tlv	21	error_paths	lexical C definition; preprocessor branches not resolved
firmware/app/src/app_anchor_commands.inc	3186	command_find_u32_tlv	21	error_paths	lexical C definition; preprocessor branches not resolved
firmware/app/src/app_anchor_commands.inc	3212	command_find_u16_tlv	21	error_paths	lexical C definition; preprocessor branches not resolved
firmware/app/src/app_anchor_commands.inc	3238	command_find_u64_tlv	21	error_paths	lexical C definition; preprocessor branches not resolved
firmware/app/src/app_anchor_commands.inc	3264	anchor_set_led_pattern_from_command	41	error_paths	lexical C definition; preprocessor branches not resolved
firmware/app/src/app_anchor_commands.inc	3309	anchor_set_route_from_command	73	error_paths;cleanup	lexical C definition; preprocessor branches not resolved
firmware/app/src/app_anchor_commands.inc	3386	anchor_clear_route_from_command	4		lexical C definition; preprocessor branches not resolved
firmware/app/src/app_anchor_commands.inc	3392	anchor_force_rediscovery_from_command	13	error_paths;scheduling	lexical C definition; preprocessor branches not resolved
firmware/app/src/app_anchor_commands.inc	3407	anchor_set_scan_duty_from_command	39	error_paths;scheduling	lexical C definition; preprocessor branches not resolved
firmware/app/src/app_anchor_commands.inc	3450	anchor_pending_options_to_gateway	13		lexical C definition; preprocessor branches not resolved
firmware/app/src/app_anchor_commands.inc	3467	anchor_restore_live_discovery_assignment_snapshot	24	cleanup	lexical C definition; preprocessor branches not resolved
firmware/app/src/app_anchor_commands.inc	3494	anchor_retire_discovery_response_for_terminal_locked	74	error_paths;cleanup;scheduling	lexical C definition; preprocessor branches not resolved
firmware/app/src/app_anchor_commands.inc	3572	anchor_discovery_pending_from_snapshot	33		lexical C definition; preprocessor branches not resolved
firmware/app/src/app_anchor_commands.inc	3609	anchor_discovery_assignment_fail_bound_claim	18	error_paths;cleanup	lexical C definition; preprocessor branches not resolved
firmware/app/src/app_anchor_commands.inc	3634	anchor_apply_discovery_assignment_command	380	error_paths;cleanup	lexical C definition; preprocessor branches not resolved
firmware/app/src/app_anchor_commands.inc	4020	anchor_apply_discovery_assignment_command_serialized	9		lexical C definition; preprocessor branches not resolved
firmware/app/src/app_anchor_commands.inc	4035	anchor_execute_command_side_effects	76	error_paths;cleanup	lexical C definition; preprocessor branches not resolved
firmware/app/src/app_anchor_commands.inc	4122	anchor_finish_broadcast_command	59	error_paths;scheduling	lexical C definition; preprocessor branches not resolved
firmware/app/src/app_anchor_commands.inc	4192	anchor_broadcast_command_schedule_delay_ms	6		lexical C definition; preprocessor branches not resolved
firmware/app/src/app_anchor_commands.inc	4204	anchor_schedule_broadcast_command_execution	46	error_paths;scheduling	lexical C definition; preprocessor branches not resolved
firmware/app/src/app_anchor_commands.inc	4258	anchor_pending_command_execution_matches	15		lexical C definition; preprocessor branches not resolved
firmware/app/src/app_anchor_commands.inc	4279	anchor_collection_result_matches_broadcast_command	15		lexical C definition; preprocessor branches not resolved
firmware/app/src/app_anchor_commands.inc	4299	anchor_reconcile_pending_command_result	19	error_paths;scheduling	lexical C definition; preprocessor branches not resolved
firmware/app/src/app_anchor_commands.inc	4320	anchor_broadcast_command_targets_local	16		lexical C definition; preprocessor branches not resolved
firmware/app/src/app_anchor_commands.inc	4340	anchor_command_execute_reschedule	26	error_paths;cleanup;scheduling	lexical C definition; preprocessor branches not resolved
firmware/app/src/app_anchor_commands.inc	4368	anchor_command_execute_work_handler_locked	161	error_paths;scheduling	lexical C definition; preprocessor branches not resolved
firmware/app/src/app_anchor_commands.inc	4531	anchor_command_execute_work_handler	5		lexical C definition; preprocessor branches not resolved
firmware/app/src/app_anchor_commands.inc	4544	anchor_command_result_owner_generation	11		lexical C definition; preprocessor branches not resolved
firmware/app/src/app_anchor_commands.inc	4559	anchor_handle_local_command_locked	264	error_paths;cleanup;scheduling	lexical C definition; preprocessor branches not resolved
firmware/app/src/app_anchor_commands.inc	4828	anchor_handle_local_command	9		lexical C definition; preprocessor branches not resolved
firmware/app/src/app_anchor_gateway_control.inc	24	gateway_enumeration_prearm_valid_locked	6		lexical C definition; preprocessor branches not resolved
firmware/app/src/app_anchor_gateway_control.inc	32	gateway_enumeration_prearm_reset_locked	7		lexical C definition; preprocessor branches not resolved
firmware/app/src/app_anchor_gateway_control.inc	41	gateway_enumeration_prearm_policy_equal_locked	11		lexical C definition; preprocessor branches not resolved
firmware/app/src/app_anchor_gateway_control.inc	55	gateway_enumeration_prearm_expire_locked	9	cleanup	lexical C definition; preprocessor branches not resolved
firmware/app/src/app_anchor_gateway_control.inc	66	gateway_enumeration_prearm_prepare	35	error_paths;cleanup	lexical C definition; preprocessor branches not resolved
firmware/app/src/app_anchor_gateway_control.inc	105	gateway_enumeration_prearm_clear	7	cleanup	lexical C definition; preprocessor branches not resolved
firmware/app/src/app_anchor_gateway_control.inc	114	gateway_route_refresh_prearm_snapshot	32		lexical C definition; preprocessor branches not resolved
firmware/app/src/app_anchor_gateway_control.inc	151	gateway_enumeration_prearm_take_locked	12	cleanup	lexical C definition; preprocessor branches not resolved
firmware/app/src/app_anchor_gateway_control.inc	167	gateway_enumeration_pipeline_start	69	error_paths;cleanup	lexical C definition; preprocessor branches not resolved
firmware/app/src/app_anchor_gateway_control.inc	240	gateway_discovery_assignment_next_generation	7		lexical C definition; preprocessor branches not resolved
firmware/app/src/app_anchor_gateway_control.inc	249	gateway_discovery_assignment_reschedule	12	error_paths;cleanup;scheduling	lexical C definition; preprocessor branches not resolved
firmware/app/src/app_anchor_gateway_control.inc	264	gateway_discovery_assignment_wake_now	15	cleanup;scheduling	lexical C definition; preprocessor branches not resolved
firmware/app/src/app_anchor_gateway_control.inc	281	gateway_build_discovery_assignment_command	121	error_paths	lexical C definition; preprocessor branches not resolved
firmware/app/src/app_anchor_gateway_control.inc	409	gateway_discovery_assignment_abandon_active_delivery_locked	21	error_paths;cleanup	lexical C definition; preprocessor branches not resolved
firmware/app/src/app_anchor_gateway_control.inc	447	gateway_discovery_assignment_rf_started_locked	18		lexical C definition; preprocessor branches not resolved
firmware/app/src/app_anchor_gateway_control.inc	468	gateway_discovery_assignment_observe_rf_start_locked	36		lexical C definition; preprocessor branches not resolved
firmware/app/src/app_anchor_gateway_control.inc	506	gateway_discovery_assignment_prepare_durable_table_locked	124	error_paths	lexical C definition; preprocessor branches not resolved
firmware/app/src/app_anchor_gateway_control.inc	632	gateway_discovery_assignment_complete_success_locked	120	error_paths;cleanup;scheduling	lexical C definition; preprocessor branches not resolved
firmware/app/src/app_anchor_gateway_control.inc	754	gateway_discovery_assignment_adoption_identity_matches_locked	22		lexical C definition; preprocessor branches not resolved
firmware/app/src/app_anchor_gateway_control.inc	779	app_anchor_gateway_assignment_adopted_result_commit	42	error_paths	lexical C definition; preprocessor branches not resolved
firmware/app/src/app_anchor_gateway_control.inc	825	app_anchor_gateway_assignment_publication_complete	16	error_paths;cleanup	lexical C definition; preprocessor branches not resolved
firmware/app/src/app_anchor_gateway_control.inc	843	gateway_discovery_assignment_submit_control_flood_locked	76	error_paths;scheduling	lexical C definition; preprocessor branches not resolved
firmware/app/src/app_anchor_gateway_control.inc	923	gateway_send_discovery_assignment_claim_request_locked	49	error_paths	lexical C definition; preprocessor branches not resolved
firmware/app/src/app_anchor_gateway_control.inc	976	gateway_discovery_assignment_assign_new_slots_locked	29		lexical C definition; preprocessor branches not resolved
firmware/app/src/app_anchor_gateway_control.inc	1007	gateway_discovery_assignment_current_claim_count_locked	4		lexical C definition; preprocessor branches not resolved
firmware/app/src/app_anchor_gateway_control.inc	1013	gateway_discovery_assignment_adaptive_max_hop_count_locked	8		lexical C definition; preprocessor branches not resolved
firmware/app/src/app_anchor_gateway_control.inc	1023	gateway_discovery_assignment_propagation_hold_ms_locked	10		lexical C definition; preprocessor branches not resolved
firmware/app/src/app_anchor_gateway_control.inc	1035	gateway_discovery_assignment_adaptive_slot_count_locked	21		lexical C definition; preprocessor branches not resolved
firmware/app/src/app_anchor_gateway_control.inc	1058	gateway_discovery_assignment_adaptive_deadline_offset_ms_locked	19	scheduling	lexical C definition; preprocessor branches not resolved
firmware/app/src/app_anchor_gateway_control.inc	1082	gateway_discovery_assignment_refresh_adaptive_deadline_locked	44	scheduling	lexical C definition; preprocessor branches not resolved
firmware/app/src/app_anchor_gateway_control.inc	1130	gateway_discovery_assignment_window_ms_locked	72		lexical C definition; preprocessor branches not resolved
firmware/app/src/app_anchor_gateway_control.inc	1204	gateway_discovery_assignment_operation_origin_ms_locked	5		lexical C definition; preprocessor branches not resolved
firmware/app/src/app_anchor_gateway_control.inc	1211	gateway_discovery_assignment_expand_uptime32	14		lexical C definition; preprocessor branches not resolved
firmware/app/src/app_anchor_gateway_control.inc	1227	gateway_discovery_assignment_set_response_deadline_locked	19		lexical C definition; preprocessor branches not resolved
firmware/app/src/app_anchor_gateway_control.inc	1250	gateway_discovery_assignment_claim_round_limit_locked	11		lexical C definition; preprocessor branches not resolved
firmware/app/src/app_anchor_gateway_control.inc	1263	gateway_discovery_assignment_table_round_limit_locked	6		lexical C definition; preprocessor branches not resolved
firmware/app/src/app_anchor_gateway_control.inc	1271	gateway_discovery_assignment_expected_ack_mask_locked	3		lexical C definition; preprocessor branches not resolved
firmware/app/src/app_anchor_gateway_control.inc	1276	gateway_discovery_assignment_missing_ack_count_locked	12		lexical C definition; preprocessor branches not resolved
firmware/app/src/app_anchor_gateway_control.inc	1290	gateway_discovery_assignment_expected_claims_complete_locked	5		lexical C definition; preprocessor branches not resolved
firmware/app/src/app_anchor_gateway_control.inc	1297	gateway_discovery_assignment_expected_claims_missing_locked	6		lexical C definition; preprocessor branches not resolved
firmware/app/src/app_anchor_gateway_control.inc	1305	gateway_discovery_assignment_arm_claim_ack_settle_locked	47	scheduling	lexical C definition; preprocessor branches not resolved
firmware/app/src/app_anchor_gateway_control.inc	1355	gateway_discovery_assignment_claim_ack_settle_remaining_locked	14		lexical C definition; preprocessor branches not resolved
firmware/app/src/app_anchor_gateway_control.inc	1372	gateway_discovery_assignment_admit_nonassignment_source	15	error_paths	lexical C definition; preprocessor branches not resolved
firmware/app/src/app_anchor_gateway_control.inc	1389	gateway_discovery_assignment_open_claim_round_locked	45	error_paths;scheduling	lexical C definition; preprocessor branches not resolved
firmware/app/src/app_anchor_gateway_control.inc	1436	gateway_discovery_assignment_publish_abort_locked	61	error_paths;cleanup	lexical C definition; preprocessor branches not resolved
firmware/app/src/app_anchor_gateway_control.inc	1499	gateway_discovery_assignment_fail_locked	44	cleanup;scheduling	lexical C definition; preprocessor branches not resolved
firmware/app/src/app_anchor_gateway_control.inc	1547	gateway_discovery_assignment_finish_failure_locked	85	error_paths;cleanup	lexical C definition; preprocessor branches not resolved
firmware/app/src/app_anchor_gateway_control.inc	1636	gateway_discovery_assignment_validate_host_options	16	error_paths	lexical C definition; preprocessor branches not resolved
firmware/app/src/app_anchor_gateway_control.inc	1656	gateway_start_discovery_assignment	315	error_paths;cleanup;scheduling	lexical C definition; preprocessor branches not resolved
firmware/app/src/app_anchor_gateway_control.inc	1976	gateway_enumeration_collection_live_locked	7		lexical C definition; preprocessor branches not resolved
firmware/app/src/app_anchor_gateway_control.inc	1985	gateway_discovery_assignment_note_compact_record_locked	67	error_paths	lexical C definition; preprocessor branches not resolved
firmware/app/src/app_anchor_gateway_control.inc	2057	app_gateway_enumeration_response_pending_wait_ms	25		lexical C definition; preprocessor branches not resolved
firmware/app/src/app_anchor_gateway_control.inc	2086	app_gateway_enumeration_response_window	41		lexical C definition; preprocessor branches not resolved
firmware/app/src/app_anchor_gateway_control.inc	2131	app_gateway_enumeration_response_handle_bundle	91	error_paths;scheduling	lexical C definition; preprocessor branches not resolved
firmware/app/src/app_anchor_gateway_control.inc	2227	app_gateway_enumeration_response_publish_pending	45		lexical C definition; preprocessor branches not resolved
firmware/app/src/app_anchor_gateway_control.inc	2274	gateway_discovery_assignment_note_claim	401	error_paths;scheduling	lexical C definition; preprocessor branches not resolved
firmware/app/src/app_anchor_gateway_control.inc	2689	__attribute__	65		lexical C definition; preprocessor branches not resolved
firmware/app/src/app_anchor_gateway_control.inc	2757	gateway_discovery_assignment_publish_table	57	error_paths;scheduling	lexical C definition; preprocessor branches not resolved
firmware/app/src/app_anchor_gateway_control.inc	2819	gateway_discovery_assignment_service_delivery	195	error_paths;scheduling	lexical C definition; preprocessor branches not resolved
firmware/app/src/app_anchor_gateway_control.inc	3016	gateway_discovery_assignment_publish_work_handler	167	error_paths;scheduling	lexical C definition; preprocessor branches not resolved
firmware/app/src/app_anchor_gateway_control.inc	3185	gateway_discovery_assignment_boundary_ready_locked	22	scheduling	lexical C definition; preprocessor branches not resolved
firmware/app/src/app_anchor_gateway_control.inc	3210	gateway_discovery_assignment_finalize_work_handler	159	error_paths;cleanup;scheduling	lexical C definition; preprocessor branches not resolved
firmware/app/src/app_anchor_gateway_control.inc	3371	app_anchor_gateway_assignment_resume_pending_table	88	error_paths;cleanup;scheduling	lexical C definition; preprocessor branches not resolved
firmware/app/src/app_anchor_gateway_control.inc	3463	gateway_resume_pending_assignment_publication	24	error_paths	lexical C definition; preprocessor branches not resolved
firmware/app/src/app_anchor_gateway_control.inc	3489	gateway_enumeration_prearm_prepare	5	error_paths	lexical C definition; preprocessor branches not resolved
firmware/app/src/app_anchor_gateway_control.inc	3498	gateway_enumeration_prearm_clear	2		lexical C definition; preprocessor branches not resolved
firmware/app/src/app_anchor_gateway_control.inc	3502	gateway_route_refresh_prearm_snapshot	7		lexical C definition; preprocessor branches not resolved
firmware/app/src/app_anchor_gateway_control.inc	3515	gateway_start_discovery_assignment	6	error_paths	lexical C definition; preprocessor branches not resolved
firmware/app/src/app_anchor_gateway_control.inc	3526	gateway_discovery_assignment_note_claim	8	error_paths	lexical C definition; preprocessor branches not resolved
firmware/app/src/app_anchor_gateway_control.inc	3540	app_gateway_enumeration_response_window	5		lexical C definition; preprocessor branches not resolved
firmware/app/src/app_anchor_gateway_control.inc	3549	app_gateway_enumeration_response_pending_wait_ms	5		lexical C definition; preprocessor branches not resolved
firmware/app/src/app_anchor_gateway_control.inc	3558	app_gateway_enumeration_response_handle_bundle	6	error_paths	lexical C definition; preprocessor branches not resolved
firmware/app/src/app_anchor_gateway_control.inc	3569	app_gateway_enumeration_response_publish_pending	2		lexical C definition; preprocessor branches not resolved
firmware/app/src/app_anchor_gateway_control.inc	3573	gateway_discovery_assignment_admit_nonassignment_source	4	error_paths	lexical C definition; preprocessor branches not resolved
firmware/app/src/app_anchor_gateway_control.inc	3579	app_anchor_gateway_assignment_resume_pending_table	5	error_paths	lexical C definition; preprocessor branches not resolved
firmware/app/src/app_anchor_gateway_control.inc	3588	gateway_resume_pending_assignment_publication	3	error_paths	lexical C definition; preprocessor branches not resolved
firmware/app/src/app_anchor_gateway_control.inc	3607	gateway_survey_emit_event	27	error_paths	lexical C definition; preprocessor branches not resolved
firmware/app/src/app_anchor_gateway_control.inc	3636	gateway_survey_send_control	100	error_paths	lexical C definition; preprocessor branches not resolved
firmware/app/src/app_anchor_gateway_control.inc	3740	gateway_survey_control_origin	9		lexical C definition; preprocessor branches not resolved
firmware/app/src/app_anchor_gateway_control.inc	3752	gateway_survey_control_detach	3		lexical C definition; preprocessor branches not resolved
firmware/app/src/app_anchor_gateway_control.inc	3757	gateway_survey_control_abandon	3		lexical C definition; preprocessor branches not resolved
firmware/app/src/app_anchor_gateway_control.inc	3762	gateway_survey_wake_rx	3		lexical C definition; preprocessor branches not resolved
firmware/app/src/app_anchor_gateway_control.inc	3767	gateway_survey_terminal	8	cleanup	lexical C definition; preprocessor branches not resolved
firmware/app/src/app_anchor_gateway_control.inc	3777	gateway_survey_roster	59	error_paths	lexical C definition; preprocessor branches not resolved
firmware/app/src/app_anchor_gateway_control.inc	3839	gateway_start_survey	34	error_paths;cleanup	lexical C definition; preprocessor branches not resolved
firmware/app/src/app_anchor_gateway_control.inc	3876	gateway_submit_survey_plan	21		lexical C definition; preprocessor branches not resolved
firmware/app/src/app_anchor_gateway_control.inc	3902	gateway_cancel_survey	27	cleanup	lexical C definition; preprocessor branches not resolved
firmware/app/src/app_anchor_gateway_control.inc	3934	gateway_get_survey_status	14		lexical C definition; preprocessor branches not resolved
firmware/app/src/app_anchor_gateway_control.inc	3953	gateway_command_timeout_side_effects	14		lexical C definition; preprocessor branches not resolved
firmware/app/src/app_anchor_gateway_control.inc	3972	gateway_command_result_side_effects	6		lexical C definition; preprocessor branches not resolved
firmware/app/src/app_anchor_gateway_control.inc	3983	gateway_command_extract_route_adv_mode	25	error_paths	lexical C definition; preprocessor branches not resolved
firmware/app/src/app_anchor_gateway_control.inc	4027	gateway_host_command_send_retryable	5		lexical C definition; preprocessor branches not resolved
firmware/app/src/app_anchor_gateway_control.inc	4034	gateway_route_mesh_host_payload	20	error_paths	lexical C definition; preprocessor branches not resolved
firmware/app/src/app_anchor_gateway_control.inc	4059	gateway_route_mesh_host_packet	167	error_paths	lexical C definition; preprocessor branches not resolved
firmware/app/src/app_anchor_gateway_control.inc	4233	gateway_route_host_packet	200	error_paths;cleanup	lexical C definition; preprocessor branches not resolved
firmware/app/src/app_anchor_gateway_control.inc	4466	gateway_host_command_lifecycle_admit_locked	18	error_paths	lexical C definition; preprocessor branches not resolved
firmware/app/src/app_anchor_gateway_control.inc	4487	gateway_host_command_lifecycle_cancel_locked	13	cleanup	lexical C definition; preprocessor branches not resolved
firmware/app/src/app_anchor_gateway_control.inc	4503	gateway_host_command_lifecycle_begin_locked	9		lexical C definition; preprocessor branches not resolved
firmware/app/src/app_anchor_gateway_control.inc	4516	gateway_host_command_lifecycle_requeue_locked	9		lexical C definition; preprocessor branches not resolved
firmware/app/src/app_anchor_gateway_control.inc	4528	gateway_host_command_lifecycle_finish_locked	9		lexical C definition; preprocessor branches not resolved
firmware/app/src/app_anchor_gateway_control.inc	4540	gateway_host_command_lifecycle_discard_locked	9		lexical C definition; preprocessor branches not resolved
firmware/app/src/app_anchor_gateway_control.inc	4552	gateway_host_command_bind_result_reservation	12	error_paths	lexical C definition; preprocessor branches not resolved
firmware/app/src/app_anchor_gateway_control.inc	4568	gateway_host_command_admit	63	error_paths	lexical C definition; preprocessor branches not resolved
firmware/app/src/app_anchor_gateway_control.inc	4635	gateway_host_command_submit_priority	20	error_paths;scheduling	lexical C definition; preprocessor branches not resolved
firmware/app/src/app_anchor_gateway_control.inc	4662	gateway_host_command_cancel_admitted	18	cleanup	lexical C definition; preprocessor branches not resolved
firmware/app/src/app_anchor_gateway_control.inc	4684	gateway_host_command_emit_result	43	cleanup	lexical C definition; preprocessor branches not resolved
firmware/app/src/app_anchor_gateway_control.inc	4734	gateway_host_command_note_decoded	4		lexical C definition; preprocessor branches not resolved
firmware/app/src/app_anchor_gateway_control.inc	4742	gateway_host_command_priority_retry_next	7		lexical C definition; preprocessor branches not resolved
firmware/app/src/app_anchor_gateway_control.inc	4751	gateway_host_command_priority_retry_reset	4		lexical C definition; preprocessor branches not resolved
firmware/app/src/app_anchor_gateway_control.inc	4757	gateway_host_command_retire_failed_generation	58		lexical C definition; preprocessor branches not resolved
firmware/app/src/app_anchor_gateway_control.inc	4820	gateway_host_command_schedule_priority_retry	58	error_paths;cleanup;scheduling	lexical C definition; preprocessor branches not resolved
firmware/app/src/app_anchor_gateway_control.inc	4882	gateway_host_command_schedule_failed	7		lexical C definition; preprocessor branches not resolved
firmware/app/src/app_anchor_gateway_control.inc	4894	gateway_host_command_retry_work_handler	62	error_paths;cleanup;scheduling	lexical C definition; preprocessor branches not resolved
firmware/app/src/app_anchor_gateway_control.inc	4958	gateway_host_command_submit_next_queued	24	error_paths;cleanup;scheduling	lexical C definition; preprocessor branches not resolved
firmware/app/src/app_anchor_gateway_control.inc	4990	gateway_host_command_work_handler	292	error_paths;cleanup;scheduling	lexical C definition; preprocessor branches not resolved
firmware/app/src/app_anchor_gateway_control.inc	5286	gateway_handle_ble_frame	95	error_paths	lexical C definition; preprocessor branches not resolved
firmware/app/src/app_anchor_gateway_control.inc	5387	gateway_observability_kind	10		lexical C definition; preprocessor branches not resolved
firmware/app/src/app_anchor_gateway_control.inc	5400	gateway_observability_event	20		lexical C definition; preprocessor branches not resolved
firmware/app/src/app_anchor_gateway_control.inc	5427	gateway_route_refresh_observe	71		lexical C definition; preprocessor branches not resolved
firmware/app/src/app_anchor_gateway_control.inc	5502	gateway_observe_host_stage	11		lexical C definition; preprocessor branches not resolved
firmware/app/src/app_anchor_gateway_control.inc	5517	gateway_observe_host_acceptance	12		lexical C definition; preprocessor branches not resolved
firmware/app/src/app_anchor_gateway_control.inc	5534	gateway_observe_host_terminal	16		lexical C definition; preprocessor branches not resolved
firmware/app/src/app_anchor_init.inc	2	app_anchor_init	85	error_paths;cleanup;scheduling	lexical C definition; preprocessor branches not resolved
firmware/app/src/app_anchor_init.inc	91	app_ml_anchor_start_role	39	error_paths;cleanup	lexical C definition; preprocessor branches not resolved
firmware/app/src/app_anchor_init.inc	133	app_anchor_start_anchor_role	94	error_paths;cleanup	lexical C definition; preprocessor branches not resolved
firmware/app/src/app_anchor_init.inc	229	app_anchor_start_gateway_role	27	error_paths;cleanup	lexical C definition; preprocessor branches not resolved
firmware/app/src/app_anchor_radio.inc	6	anchor_claim_collection_candidate_allowed	30		lexical C definition; preprocessor branches not resolved
firmware/app/src/app_anchor_radio.inc	48	anchor_uwb_scan_schedule_ms	32	error_paths;cleanup;scheduling	lexical C definition; preprocessor branches not resolved
firmware/app/src/app_anchor_radio.inc	82	anchor_uwb_scan_blocked_retry_ms	11		lexical C definition; preprocessor branches not resolved
firmware/app/src/app_anchor_radio.inc	95	anchor_relay_tx_active	3		lexical C definition; preprocessor branches not resolved
firmware/app/src/app_anchor_radio.inc	100	anchor_range_window_record	95	error_paths	lexical C definition; preprocessor branches not resolved
firmware/app/src/app_anchor_radio.inc	199	anchor_range_window_finalize	12		lexical C definition; preprocessor branches not resolved
firmware/app/src/app_anchor_radio.inc	220	anchor_click_event_abort_if_needed	19	error_paths;cleanup	lexical C definition; preprocessor branches not resolved
firmware/app/src/app_anchor_radio.inc	241	anchor_click_event_handle	14	error_paths	lexical C definition; preprocessor branches not resolved
firmware/app/src/app_anchor_radio.inc	258	anchor_click_event_authorize_discovery_reply	18	error_paths	lexical C definition; preprocessor branches not resolved
firmware/app/src/app_anchor_radio.inc	278	anchor_click_event_authorize_range	18	error_paths	lexical C definition; preprocessor branches not resolved
firmware/app/src/app_anchor_radio.inc	301	anchor_set_uwb_busy	6		lexical C definition; preprocessor branches not resolved
firmware/app/src/app_anchor_radio.inc	309	anchor_note_uwb_awake_since	21		lexical C definition; preprocessor branches not resolved
firmware/app/src/app_anchor_radio.inc	332	anchor_hold_channel5_rx_until_ms	59	error_paths	lexical C definition; preprocessor branches not resolved
firmware/app/src/app_anchor_radio.inc	394	anchor_run_scheduled_uwb_ranges	332	error_paths;scheduling	lexical C definition; preprocessor branches not resolved
firmware/app/src/app_anchor_radio.inc	731	anchor_consider_active_click_claim	72	error_paths;cleanup	lexical C definition; preprocessor branches not resolved
firmware/app/src/app_anchor_radio.inc	814	anchor_handle_uwb_claim	814	error_paths;cleanup;scheduling	lexical C definition; preprocessor branches not resolved
firmware/app/src/app_anchor_radio.inc	1642	anchor_release_unstarted_click_lease	22	error_paths;cleanup	lexical C definition; preprocessor branches not resolved
firmware/app/src/app_anchor_radio.inc	1669	anchor_click_handoff_pending	9		lexical C definition; preprocessor branches not resolved
firmware/app/src/app_anchor_radio.inc	1680	anchor_run_mesh_click_wake_claim	111	error_paths;cleanup;scheduling	lexical C definition; preprocessor branches not resolved
firmware/app/src/app_anchor_radio.inc	1797	anchor_handle_mesh_click_wake_claim	182	error_paths;cleanup	lexical C definition; preprocessor branches not resolved
firmware/app/src/app_anchor_radio.inc	1984	anchor_click_handoff_work_handler	41	scheduling	lexical C definition; preprocessor branches not resolved
firmware/app/src/app_anchor_radio.inc	2064	anchor_enumeration_rx_clear_claim_identity	5		lexical C definition; preprocessor branches not resolved
firmware/app/src/app_anchor_radio.inc	2071	anchor_enumeration_rx_clear_table_identity	7		lexical C definition; preprocessor branches not resolved
firmware/app/src/app_anchor_radio.inc	2080	anchor_enumeration_rx_clear_phase_identities	7		lexical C definition; preprocessor branches not resolved
firmware/app/src/app_anchor_radio.inc	2097	anchor_enumeration_rx_terminate_epoch	25	scheduling	lexical C definition; preprocessor branches not resolved
firmware/app/src/app_anchor_radio.inc	2128	anchor_enumeration_rx_rollback_unbound_claim	30	scheduling	lexical C definition; preprocessor branches not resolved
firmware/app/src/app_anchor_radio.inc	2162	anchor_enumeration_rx_prearm	152	error_paths;cleanup;scheduling	lexical C definition; preprocessor branches not resolved
firmware/app/src/app_anchor_radio.inc	2321	anchor_compact_enumeration_deactivate	7		lexical C definition; preprocessor branches not resolved
firmware/app/src/app_anchor_radio.inc	2330	anchor_enumeration_rx_begin	67	error_paths;cleanup;scheduling	lexical C definition; preprocessor branches not resolved
firmware/app/src/app_anchor_radio.inc	2401	anchor_enumeration_rx_begin_table	40	error_paths	lexical C definition; preprocessor branches not resolved
firmware/app/src/app_anchor_radio.inc	2448	anchor_enumeration_rx_bind_claim	26		lexical C definition; preprocessor branches not resolved
firmware/app/src/app_anchor_radio.inc	2478	anchor_enumeration_rx_active	28		lexical C definition; preprocessor branches not resolved
firmware/app/src/app_anchor_radio.inc	2508	anchor_enumeration_rx_matches_claim	17		lexical C definition; preprocessor branches not resolved
firmware/app/src/app_anchor_radio.inc	2530	anchor_enumeration_rx_matches_table	19		lexical C definition; preprocessor branches not resolved
firmware/app/src/app_anchor_radio.inc	2554	anchor_enumeration_rx_note_recovery	28	cleanup;scheduling	lexical C definition; preprocessor branches not resolved
firmware/app/src/app_anchor_radio.inc	2586	anchor_enumeration_rx_terminate_claim	29	scheduling	lexical C definition; preprocessor branches not resolved
firmware/app/src/app_anchor_radio.inc	2621	anchor_enumeration_rx_finish_table	59	scheduling	lexical C definition; preprocessor branches not resolved
firmware/app/src/app_anchor_radio.inc	2686	anchor_enumeration_rx_consume_survey_handoff	34	error_paths	lexical C definition; preprocessor branches not resolved
firmware/app/src/app_anchor_radio.inc	2723	app_anchor_note_channel9_window_released	7		lexical C definition; preprocessor branches not resolved
firmware/app/src/app_anchor_radio.inc	2732	anchor_relay_control_followup_boost_begin	19	scheduling	lexical C definition; preprocessor branches not resolved
firmware/app/src/app_anchor_radio.inc	2752	anchor_operation_high_duty_boost_begin	13	scheduling	lexical C definition; preprocessor branches not resolved
firmware/app/src/app_anchor_radio.inc	2772	anchor_relay_control_followup_boost_active	11	scheduling	lexical C definition; preprocessor branches not resolved
firmware/app/src/app_anchor_radio.inc	2785	anchor_relay_control_followup_boost_cancel	3		lexical C definition; preprocessor branches not resolved
firmware/app/src/app_anchor_radio.inc	2790	anchor_relay_retry_plan_scan	51	scheduling	lexical C definition; preprocessor branches not resolved
firmware/app/src/app_anchor_radio.inc	2846	anchor_compact_enumeration_window	49		lexical C definition; preprocessor branches not resolved
firmware/app/src/app_anchor_radio.inc	2901	anchor_compact_enumeration_lane_resume	38		lexical C definition; preprocessor branches not resolved
firmware/app/src/app_anchor_radio.inc	2943	anchor_compact_enumeration_refresh_hia_route_locked	22		lexical C definition; preprocessor branches not resolved
firmware/app/src/app_anchor_radio.inc	2968	anchor_compact_enumeration_prepare_window	20		lexical C definition; preprocessor branches not resolved
firmware/app/src/app_anchor_radio.inc	2990	anchor_compact_enumeration_ms_until_prepare	25		lexical C definition; preprocessor branches not resolved
firmware/app/src/app_anchor_radio.inc	3017	anchor_compact_enumeration_try_tx	44	error_paths	lexical C definition; preprocessor branches not resolved
firmware/app/src/app_anchor_radio.inc	3065	anchor_compact_enumeration_handle_raw	98	error_paths	lexical C definition; preprocessor branches not resolved
firmware/app/src/app_anchor_radio.inc	3176	anchor_protocol_rx_probe_standard_click	71	error_paths	lexical C definition; preprocessor branches not resolved
firmware/app/src/app_anchor_radio.inc	3259	anchor_run_compact_enumeration_lane	150	error_paths;cleanup;unbounded_loop_candidate	lexical C definition; preprocessor branches not resolved
firmware/app/src/app_anchor_radio.inc	3416	anchor_uwb_scan_work_handler	893	error_paths;cleanup;scheduling	lexical C definition; preprocessor branches not resolved
firmware/app/src/app_anchor_radio.inc	4311	anchor_start_uwb_scan	34	error_paths;scheduling	lexical C definition; preprocessor branches not resolved
firmware/app/src/app_anchor_radio.inc	4348	anchor_delivery_gateway_accepted	4		lexical C definition; preprocessor branches not resolved
firmware/app/src/app_anchor_radio.inc	4356	anchor_delivery_gateway_confirmed	4		lexical C definition; preprocessor branches not resolved
firmware/app/src/app_anchor_radio.inc	4383	app_anchor_mesh_report_callbacks	3		lexical C definition; preprocessor branches not resolved
firmware/app/src/app_anchor_ranging.c	12	app_anchor_wake_failure_from_rx	15		lexical C definition; preprocessor branches not resolved
firmware/app/src/app_anchor_ranging.c	30	app_anchor_wake_failure_from_proto_ret	4		lexical C definition; preprocessor branches not resolved
firmware/app/src/app_anchor_ranging.c	36	app_anchor_wake_decode_failure_name	14		lexical C definition; preprocessor branches not resolved
firmware/app/src/app_anchor_ranging.c	53	app_anchor_rx_failure_name	18		lexical C definition; preprocessor branches not resolved
firmware/app/src/app_anchor_ranging.c	73	app_anchor_rx_failure_detected_preamble	13		lexical C definition; preprocessor branches not resolved
firmware/app/src/app_anchor_ranging.c	89	app_anchor_log_range_schedule	20		lexical C definition; preprocessor branches not resolved
firmware/app/src/app_battery_indicator.c	40	battery_indicator_role_enabled	4		lexical C definition; preprocessor branches not resolved
firmware/app/src/app_battery_indicator.c	46	battery_indicator_period_ms	5		lexical C definition; preprocessor branches not resolved
firmware/app/src/app_battery_indicator.c	53	battery_indicator_led_off	7		lexical C definition; preprocessor branches not resolved
firmware/app/src/app_battery_indicator.c	62	battery_indicator_schedule	12	error_paths;scheduling	lexical C definition; preprocessor branches not resolved
firmware/app/src/app_battery_indicator.c	76	battery_indicator_work_handler	62	error_paths;scheduling	lexical C definition; preprocessor branches not resolved
firmware/app/src/app_battery_indicator.c	140	app_battery_indicator_init	16	error_paths;cleanup	lexical C definition; preprocessor branches not resolved
firmware/app/src/app_battery_indicator.c	158	app_battery_indicator_resume	13	scheduling	lexical C definition; preprocessor branches not resolved
firmware/app/src/app_battery_indicator.c	173	app_battery_indicator_suspend	14	cleanup	lexical C definition; preprocessor branches not resolved
firmware/app/src/app_battery_indicator.h	9	app_battery_indicator_init	3		lexical C definition; preprocessor branches not resolved
firmware/app/src/app_battery_indicator.h	14	app_battery_indicator_resume	2		lexical C definition; preprocessor branches not resolved
firmware/app/src/app_battery_indicator.h	18	app_battery_indicator_suspend	2		lexical C definition; preprocessor branches not resolved
firmware/app/src/app_board.c	98	status_stack_diag_now_ms	4		lexical C definition; preprocessor branches not resolved
firmware/app/src/app_board.c	104	status_stack_diag_available	4		lexical C definition; preprocessor branches not resolved
firmware/app/src/app_board.c	110	status_stack_diag_write	4		lexical C definition; preprocessor branches not resolved
firmware/app/src/app_board.c	118	status_stack_diag_wait_ms	4	scheduling	lexical C definition; preprocessor branches not resolved
firmware/app/src/app_board.c	136	configure_output	6	error_paths	lexical C definition; preprocessor branches not resolved
firmware/app/src/app_board.c	144	battery_adc_divider_disable	32	error_paths	lexical C definition; preprocessor branches not resolved
firmware/app/src/app_board.c	178	battery_adc_finish	13		lexical C definition; preprocessor branches not resolved
firmware/app/src/app_board.c	193	battery_adc_divider_enable	18	error_paths	lexical C definition; preprocessor branches not resolved
firmware/app/src/app_board.c	213	battery_sample_lithium_mv	56	error_paths;cleanup;scheduling	lexical C definition; preprocessor branches not resolved
firmware/app/src/app_board.c	271	set_output	5		lexical C definition; preprocessor branches not resolved
firmware/app/src/app_board.c	278	reserve_status1_for_power_indicator	4		lexical C definition; preprocessor branches not resolved
firmware/app/src/app_board.c	284	production_anchor_battery_indicator_enabled	4		lexical C definition; preprocessor branches not resolved
firmware/app/src/app_board.c	290	reserve_status0_for_route_test_power	3		lexical C definition; preprocessor branches not resolved
firmware/app/src/app_board.c	295	mesh_route_activity_leds_enabled	4		lexical C definition; preprocessor branches not resolved
firmware/app/src/app_board.c	301	status0_route_test_power_apply	14		lexical C definition; preprocessor branches not resolved
firmware/app/src/app_board.c	317	status_leds_set	9		lexical C definition; preprocessor branches not resolved
firmware/app/src/app_board.c	328	status_led0_set	11		lexical C definition; preprocessor branches not resolved
firmware/app/src/app_board.c	341	status_led1_set	11		lexical C definition; preprocessor branches not resolved
firmware/app/src/app_board.c	354	status_power_indicator_set	15		lexical C definition; preprocessor branches not resolved
firmware/app/src/app_board.c	372	status1_debug_pulse_restore_handler	6		lexical C definition; preprocessor branches not resolved
firmware/app/src/app_board.c	380	status0_debug_pulse_restore_handler	11		lexical C definition; preprocessor branches not resolved
firmware/app/src/app_board.c	394	status0_power_blink_handler	15	scheduling	lexical C definition; preprocessor branches not resolved
firmware/app/src/app_board.c	413	status1_debug_pulse	16	scheduling	lexical C definition; preprocessor branches not resolved
firmware/app/src/app_board.c	431	status0_debug_pulse_for	18	scheduling	lexical C definition; preprocessor branches not resolved
firmware/app/src/app_board.c	454	anchor_route_test_activity_leds_enabled	5		lexical C definition; preprocessor branches not resolved
firmware/app/src/app_board.c	461	status1_debug_ch9_rx_pulse	3		lexical C definition; preprocessor branches not resolved
firmware/app/src/app_board.c	466	status1_debug_ch9_tx_pulse	3		lexical C definition; preprocessor branches not resolved
firmware/app/src/app_board.c	471	status0_debug_ch5_rx_pulse	4		lexical C definition; preprocessor branches not resolved
firmware/app/src/app_board.c	477	status0_debug_ch5_boot_selftest_pulse	4		lexical C definition; preprocessor branches not resolved
firmware/app/src/app_board.c	483	status0_debug_ch5_tx_pulse	12	scheduling	lexical C definition; preprocessor branches not resolved
firmware/app/src/app_board.c	497	status_debug_unknown_channel_pulse	12		lexical C definition; preprocessor branches not resolved
firmware/app/src/app_board.c	511	debug_rtt_write_bytes	18		lexical C definition; preprocessor branches not resolved
firmware/app/src/app_board.c	531	status_debug_rtt_drop_counts	14		lexical C definition; preprocessor branches not resolved
firmware/app/src/app_board.c	548	debug_rtt_write	5		lexical C definition; preprocessor branches not resolved
firmware/app/src/app_board.c	555	status_debug_note	6		lexical C definition; preprocessor branches not resolved
firmware/app/src/app_board.c	563	status_debug_printf	38	error_paths	lexical C definition; preprocessor branches not resolved
firmware/app/src/app_board.c	603	status_stack_diag_transaction_begin	18	error_paths	lexical C definition; preprocessor branches not resolved
firmware/app/src/app_board.c	623	status_stack_diag_note	9	error_paths	lexical C definition; preprocessor branches not resolved
firmware/app/src/app_board.c	634	status_stack_diag_transaction_end	7		lexical C definition; preprocessor branches not resolved
firmware/app/src/app_board.c	643	status_debug_uwb_rx_channel_pulse	16		lexical C definition; preprocessor branches not resolved
firmware/app/src/app_board.c	661	status_debug_gateway_uwb_rx_channel_pulse	3		lexical C definition; preprocessor branches not resolved
firmware/app/src/app_board.c	666	status_debug_uwb_tx_channel_pulse	16		lexical C definition; preprocessor branches not resolved
firmware/app/src/app_board.c	684	status_debug_tx_boot_test	16	scheduling	lexical C definition; preprocessor branches not resolved
firmware/app/src/app_board.c	702	status_debug_gateway_boot_test	11		lexical C definition; preprocessor branches not resolved
firmware/app/src/app_board.c	715	status_debug_anchor_boot_test	12		lexical C definition; preprocessor branches not resolved
firmware/app/src/app_board.c	729	status_debug_tx_packet_sent_pulse	5		lexical C definition; preprocessor branches not resolved
firmware/app/src/app_board.c	736	status_debug_tx_wake_claim_sent_pulse	6		lexical C definition; preprocessor branches not resolved
firmware/app/src/app_board.c	744	status_debug_tx_mesh_frame_sent_pulse	5		lexical C definition; preprocessor branches not resolved
firmware/app/src/app_board.c	751	status_debug_tx_gateway_ack_rx_pulse	5		lexical C definition; preprocessor branches not resolved
firmware/app/src/app_board.c	758	status_debug_gateway_ack_tx_pulse	5		lexical C definition; preprocessor branches not resolved
firmware/app/src/app_board.c	765	disconnect_gpio	5		lexical C definition; preprocessor branches not resolved
firmware/app/src/app_board.c	772	status_leds_disconnect	20		lexical C definition; preprocessor branches not resolved
firmware/app/src/app_board.c	794	status_apply	33		lexical C definition; preprocessor branches not resolved
firmware/app/src/app_board.c	829	status_leds_connect	31		lexical C definition; preprocessor branches not resolved
firmware/app/src/app_board.c	862	status_leds_init	17	cleanup	lexical C definition; preprocessor branches not resolved
firmware/app/src/app_board.c	881	debug_serial_init	4		lexical C definition; preprocessor branches not resolved
firmware/app/src/app_click_event_sequence.c	36	click_event_sequence_reserve_block_locked	30	error_paths	lexical C definition; preprocessor branches not resolved
firmware/app/src/app_click_event_sequence.c	70	click_event_sequence_reset_prefetch_retry_locked	6		lexical C definition; preprocessor branches not resolved
firmware/app/src/app_click_event_sequence.c	78	click_event_sequence_note_prefetch_failure_locked	22		lexical C definition; preprocessor branches not resolved
firmware/app/src/app_click_event_sequence.c	104	app_click_event_sequence_init	23	cleanup	lexical C definition; preprocessor branches not resolved
firmware/app/src/app_click_event_sequence.c	129	app_click_event_sequence_next	44	error_paths;cleanup	lexical C definition; preprocessor branches not resolved
firmware/app/src/app_click_event_sequence.c	175	app_click_event_sequence_maintain	35	error_paths;cleanup	lexical C definition; preprocessor branches not resolved
firmware/app/src/app_click_event_sequence.c	213	app_click_event_sequence_test_reset	10	cleanup	lexical C definition; preprocessor branches not resolved
firmware/app/src/app_clicker.c	140	app_clicker_bound_delay_ms	13		lexical C definition; preprocessor branches not resolved
firmware/app/src/app_clicker.c	157	app_clicker_sleep_bounded	10	scheduling	lexical C definition; preprocessor branches not resolved
firmware/app/src/app_clicker.c	171	app_clicker_apply_contention_delay	20	scheduling	lexical C definition; preprocessor branches not resolved
firmware/app/src/app_clicker.c	195	app_clicker_apply_retry_delay	17	scheduling	lexical C definition; preprocessor branches not resolved
firmware/app/src/app_clicker.c	217	clicker_sample_uwb_gate	77	error_paths	lexical C definition; preprocessor branches not resolved
firmware/app/src/app_clicker.c	302	clicker_release_radio_to_standby	18	cleanup	lexical C definition; preprocessor branches not resolved
firmware/app/src/app_clicker.c	324	clicker_release_radio_to_idle	18	cleanup	lexical C definition; preprocessor branches not resolved
firmware/app/src/app_clicker.c	346	clicker_politeness_phase	194	error_paths;cleanup;scheduling	lexical C definition; preprocessor branches not resolved
firmware/app/src/app_clicker.c	549	app_clicker_attempt_gate	69	error_paths;scheduling;unbounded_loop_candidate	lexical C definition; preprocessor branches not resolved
firmware/app/src/app_clicker.c	625	clicker_wake_train_sniff_activity	48	error_paths;cleanup;scheduling	lexical C definition; preprocessor branches not resolved
firmware/app/src/app_clicker.c	680	app_clicker_wake_train_opportunity_tail_ms	12		lexical C definition; preprocessor branches not resolved
firmware/app/src/app_clicker.c	695	clicker_wake_train_after_pre_tail_ms	12		lexical C definition; preprocessor branches not resolved
firmware/app/src/app_clicker.c	710	clicker_wake_train_backoff	25	error_paths;scheduling	lexical C definition; preprocessor branches not resolved
firmware/app/src/app_clicker.c	741	clicker_discovery_starts_in_ms	6		lexical C definition; preprocessor branches not resolved
firmware/app/src/app_clicker.c	751	clicker_claimed_duration_ms	6		lexical C definition; preprocessor branches not resolved
firmware/app/src/app_clicker.c	761	clicker_send_wake_claim_train_until	221	error_paths;cleanup;scheduling	lexical C definition; preprocessor branches not resolved
firmware/app/src/app_clicker.c	988	app_clicker_send_wake_claim_train	6		lexical C definition; preprocessor branches not resolved
firmware/app/src/app_clicker.c	999	app_clicker_send_wake_claim_train_until	6		lexical C definition; preprocessor branches not resolved
firmware/app/src/app_clicker.c	1011	clicker_log_range_schedule_entries	19		lexical C definition; preprocessor branches not resolved
firmware/app/src/app_clicker.c	1032	clicker_range_slot_timeout_ms	11		lexical C definition; preprocessor branches not resolved
firmware/app/src/app_clicker.c	1046	clicker_range_schedule_tail_ms	25	scheduling	lexical C definition; preprocessor branches not resolved
firmware/app/src/app_clicker.c	1074	clicker_range_schedule_deadline_budget_ms	9	scheduling	lexical C definition; preprocessor branches not resolved
firmware/app/src/app_clicker.c	1087	clicker_send_range_schedule_until	74	error_paths;cleanup;scheduling	lexical C definition; preprocessor branches not resolved
firmware/app/src/app_clicker.c	1167	app_clicker_send_range_release	49	error_paths;cleanup	lexical C definition; preprocessor branches not resolved
firmware/app/src/app_clicker.c	1222	clicker_discover_uwb_anchors_until	174	error_paths;cleanup;scheduling	lexical C definition; preprocessor branches not resolved
firmware/app/src/app_clicker.c	1400	app_clicker_discover_uwb_anchors	3		lexical C definition; preprocessor branches not resolved
firmware/app/src/app_clicker.c	1405	app_clicker_discover_uwb_anchors_until	3		lexical C definition; preprocessor branches not resolved
firmware/app/src/app_clicker.c	1412	clicker_collect_uwb_attempt_with_options_until	152	error_paths;cleanup;scheduling	lexical C definition; preprocessor branches not resolved
firmware/app/src/app_clicker.c	1573	app_clicker_collect_uwb_attempt_with_options	10		lexical C definition; preprocessor branches not resolved
firmware/app/src/app_clicker.c	1590	app_clicker_collect_uwb_attempt_with_options_until	10		lexical C definition; preprocessor branches not resolved
firmware/app/src/app_clicker.c	1609	clicker_idle_scheduled_range_radio	9	error_paths;cleanup	lexical C definition; preprocessor branches not resolved
firmware/app/src/app_clicker.c	1620	clicker_finish_scheduled_range_radio_burst	9	error_paths;cleanup	lexical C definition; preprocessor branches not resolved
firmware/app/src/app_clicker.c	1632	app_clicker_range_scheduled_anchors	349	error_paths;cleanup;scheduling	lexical C definition; preprocessor branches not resolved
firmware/app/src/app_clicker.c	1987	clicker_runtime_expect_effect	12	error_paths	lexical C definition; preprocessor branches not resolved
firmware/app/src/app_clicker.c	2001	clicker_runtime_click_event	5		lexical C definition; preprocessor branches not resolved
firmware/app/src/app_clicker.c	2008	clicker_runtime_click_event_payload	5		lexical C definition; preprocessor branches not resolved
firmware/app/src/app_clicker.c	2017	clicker_runtime_begin_click	18	error_paths	lexical C definition; preprocessor branches not resolved
firmware/app/src/app_clicker.c	2037	clicker_runtime_abort_click	8	error_paths	lexical C definition; preprocessor branches not resolved
firmware/app/src/app_clicker.c	2047	clicker_runtime_prepare_retry	47	error_paths	lexical C definition; preprocessor branches not resolved
firmware/app/src/app_clicker.c	2097	clicker_runtime_retry_after_failure	29	error_paths;cleanup	lexical C definition; preprocessor branches not resolved
firmware/app/src/app_clicker.c	2131	clicker_build_and_send_schedule_for_event	43	error_paths;cleanup;scheduling	lexical C definition; preprocessor branches not resolved
firmware/app/src/app_clicker.c	2180	app_clicker_run_normal_click	350	error_paths;cleanup;scheduling	lexical C definition; preprocessor branches not resolved
firmware/app/src/app_clicker.c	2532	app_clicker_run_uwb_diagnostic_click	61	error_paths;scheduling	lexical C definition; preprocessor branches not resolved
firmware/app/src/app_clicker.c	2595	app_clicker_run_self_test	72	error_paths;cleanup	lexical C definition; preprocessor branches not resolved
firmware/app/src/app_clicker.c	2670	app_clicker_emit_self_test_report	89	error_paths;cleanup;scheduling	lexical C definition; preprocessor branches not resolved
firmware/app/src/app_clicker.c	2762	app_clicker_emit_self_test_report	5	error_paths	lexical C definition; preprocessor branches not resolved
firmware/app/src/app_clicker.c	2789	clicker_ble_courtesy_diag_start	17		lexical C definition; preprocessor branches not resolved
firmware/app/src/app_clicker.c	2810	clicker_ble_courtesy_diag_finish	21		lexical C definition; preprocessor branches not resolved
firmware/app/src/app_clicker.c	2833	clicker_ble_courtesy_set_scan_channel	11	error_paths	lexical C definition; preprocessor branches not resolved
firmware/app/src/app_clicker.c	2846	clicker_ble_courtesy_note_higher_peer	8		lexical C definition; preprocessor branches not resolved
firmware/app/src/app_clicker.c	2856	clicker_ble_courtesy_clear_higher_peer	6		lexical C definition; preprocessor branches not resolved
firmware/app/src/app_clicker.c	2864	clicker_ble_courtesy_parse_ad	59		lexical C definition; preprocessor branches not resolved
firmware/app/src/app_clicker.c	2925	clicker_ble_courtesy_scan_cb	13		lexical C definition; preprocessor branches not resolved
firmware/app/src/app_clicker.c	2943	clicker_ble_courtesy_init_once	36	error_paths	lexical C definition; preprocessor branches not resolved
firmware/app/src/app_clicker.c	2981	app_clicker_ble_courtesy_start	106	error_paths;cleanup	lexical C definition; preprocessor branches not resolved
firmware/app/src/app_clicker.c	3092	app_clicker_ble_courtesy_higher_wait_ms	7		lexical C definition; preprocessor branches not resolved
firmware/app/src/app_clicker.c	3101	clicker_ble_courtesy_stop_advertising	22	cleanup;scheduling	lexical C definition; preprocessor branches not resolved
firmware/app/src/app_clicker.c	3125	clicker_ble_courtesy_stop_scanning	22	cleanup;scheduling	lexical C definition; preprocessor branches not resolved
firmware/app/src/app_clicker.c	3149	app_clicker_ble_courtesy_stop	7	cleanup	lexical C definition; preprocessor branches not resolved
firmware/app/src/app_clicker.c	3158	app_clicker_ble_courtesy_finish_gate	16	cleanup	lexical C definition; preprocessor branches not resolved
firmware/app/src/app_clicker.c	3176	app_clicker_ble_courtesy_low_power_stop	27	cleanup;scheduling	lexical C definition; preprocessor branches not resolved
firmware/app/src/app_clicker.c	3205	app_clicker_ble_courtesy_start	8	error_paths	lexical C definition; preprocessor branches not resolved
firmware/app/src/app_clicker.c	3218	app_clicker_ble_courtesy_higher_wait_ms	3		lexical C definition; preprocessor branches not resolved
firmware/app/src/app_clicker.c	3223	app_clicker_ble_courtesy_stop	2		lexical C definition; preprocessor branches not resolved
firmware/app/src/app_clicker.c	3227	app_clicker_ble_courtesy_finish_gate	3		lexical C definition; preprocessor branches not resolved
firmware/app/src/app_clicker.c	3232	app_clicker_ble_courtesy_low_power_stop	3		lexical C definition; preprocessor branches not resolved
firmware/app/src/app_clicker.c	3294	app_clicker_init	11	cleanup	lexical C definition; preprocessor branches not resolved
firmware/app/src/app_clicker.c	3307	clicker_reset_reason_was_systemoff	12	cleanup	lexical C definition; preprocessor branches not resolved
firmware/app/src/app_clicker.c	3321	systemoff_ram_retention_mask	53		lexical C definition; preprocessor branches not resolved
firmware/app/src/app_clicker.c	3376	clicker_request_systemoff_ram_retention	14		lexical C definition; preprocessor branches not resolved
firmware/app/src/app_clicker.c	3392	app_clicker_start_work_queue	15		lexical C definition; preprocessor branches not resolved
firmware/app/src/app_clicker.c	3409	app_clicker_submit_work	19	error_paths	lexical C definition; preprocessor branches not resolved
firmware/app/src/app_clicker.c	3430	app_clicker_debug_min_anchor_count	3		lexical C definition; preprocessor branches not resolved
firmware/app/src/app_clicker.c	3435	app_clicker_debug_max_anchor_count	3		lexical C definition; preprocessor branches not resolved
firmware/app/src/app_clicker.c	3440	app_clicker_debug_samples_per_anchor	3		lexical C definition; preprocessor branches not resolved
firmware/app/src/app_clicker.c	3445	app_clicker_debug_session_flags	3		lexical C definition; preprocessor branches not resolved
firmware/app/src/app_clicker.c	3450	clicker_connect_status_leds_for_action	20		lexical C definition; preprocessor branches not resolved
firmware/app/src/app_clicker.c	3472	clicker_hold_terminal_status	4	scheduling	lexical C definition; preprocessor branches not resolved
firmware/app/src/app_clicker.c	3478	app_clicker_handle_button_action	89	error_paths;cleanup;scheduling	lexical C definition; preprocessor branches not resolved
firmware/app/src/app_clicker.c	3570	click_button_latch_press	12		lexical C definition; preprocessor branches not resolved
firmware/app/src/app_clicker.c	3584	click_button_press_is_pending	8		lexical C definition; preprocessor branches not resolved
firmware/app/src/app_clicker.c	3594	click_button_press_cycle_is_active	8		lexical C definition; preprocessor branches not resolved
firmware/app/src/app_clicker.c	3604	click_button_claim_press	21		lexical C definition; preprocessor branches not resolved
firmware/app/src/app_clicker.c	3629	click_button_finish_press_cycle	6		lexical C definition; preprocessor branches not resolved
firmware/app/src/app_clicker.c	3637	click_button_pressed	8		lexical C definition; preprocessor branches not resolved
firmware/app/src/app_clicker.c	3647	click_button_clear_latch	6		lexical C definition; preprocessor branches not resolved
firmware/app/src/app_clicker.c	3655	click_button_gesture_handle	29		lexical C definition; preprocessor branches not resolved
firmware/app/src/app_clicker.c	3688	click_button_configure_input	7	error_paths	lexical C definition; preprocessor branches not resolved
firmware/app/src/app_clicker.c	3697	click_button_ensure_callback_registered	17	error_paths	lexical C definition; preprocessor branches not resolved
firmware/app/src/app_clicker.c	3716	click_button_wait_for_release	30	scheduling;unbounded_loop_candidate	lexical C definition; preprocessor branches not resolved
firmware/app/src/app_clicker.c	3748	click_button_arm_idle_interrupt	52	error_paths	lexical C definition; preprocessor branches not resolved
firmware/app/src/app_clicker.c	3802	clicker_capture_systemoff_button_action	39	error_paths;cleanup	lexical C definition; preprocessor branches not resolved
firmware/app/src/app_clicker.c	3843	clicker_prepare_radio_systemoff	43	error_paths;cleanup	lexical C definition; preprocessor branches not resolved
firmware/app/src/app_clicker.c	3888	clicker_systemoff_now	10	cleanup	lexical C definition; preprocessor branches not resolved
firmware/app/src/app_clicker.c	3900	click_button_try_arm_systemoff_wake	50	error_paths;scheduling	lexical C definition; preprocessor branches not resolved
firmware/app/src/app_clicker.c	3952	app_clicker_enter_systemoff_idle	57	cleanup;scheduling;unbounded_loop_candidate	lexical C definition; preprocessor branches not resolved
firmware/app/src/app_clicker.c	4011	clicker_radio_retained_standby_transition	8	error_paths	lexical C definition; preprocessor branches not resolved
firmware/app/src/app_clicker.c	4021	clicker_enter_radio_retained_standby	36	cleanup	lexical C definition; preprocessor branches not resolved
firmware/app/src/app_clicker.c	4059	clicker_arm_retained_idle_wake	25	error_paths;scheduling	lexical C definition; preprocessor branches not resolved
firmware/app/src/app_clicker.c	4086	clicker_enter_systemon_retained_idle	62	error_paths;cleanup	lexical C definition; preprocessor branches not resolved
firmware/app/src/app_clicker.c	4150	app_clicker_enter_idle	8		lexical C definition; preprocessor branches not resolved
firmware/app/src/app_clicker.c	4160	clicker_action_work_handler	83	cleanup;unbounded_loop_candidate	lexical C definition; preprocessor branches not resolved
firmware/app/src/app_clicker.c	4245	clicker_action_submit_or_recover	39	error_paths;cleanup;scheduling	lexical C definition; preprocessor branches not resolved
firmware/app/src/app_clicker.c	4286	clicker_action_submit_retry_work_handler	14	cleanup	lexical C definition; preprocessor branches not resolved
firmware/app/src/app_clicker.c	4302	app_clicker_submit_button_action	39	cleanup	lexical C definition; preprocessor branches not resolved
firmware/app/src/app_clicker.c	4343	click_button_handle_signal_at	20	error_paths	lexical C definition; preprocessor branches not resolved
firmware/app/src/app_clicker.c	4367	click_button_handle_signal	3		lexical C definition; preprocessor branches not resolved
firmware/app/src/app_clicker.c	4373	app_clicker_inject_button_gesture	33	error_paths	lexical C definition; preprocessor branches not resolved
firmware/app/src/app_clicker.c	4408	click_button_recovery_reset	13	cleanup;scheduling;unbounded_loop_candidate	lexical C definition; preprocessor branches not resolved
firmware/app/src/app_clicker.c	4423	click_button_reschedule_or_reset	9	error_paths;cleanup;scheduling	lexical C definition; preprocessor branches not resolved
firmware/app/src/app_clicker.c	4437	click_button_schedule_rearm_recovery	24	cleanup;scheduling	lexical C definition; preprocessor branches not resolved
firmware/app/src/app_clicker.c	4464	click_button_retry_release_poll	19	cleanup;scheduling	lexical C definition; preprocessor branches not resolved
firmware/app/src/app_clicker.c	4485	click_button_release_work_handler	33	error_paths;cleanup;scheduling	lexical C definition; preprocessor branches not resolved
firmware/app/src/app_clicker.c	4520	click_button_rearm_work_handler	71	error_paths;cleanup;scheduling	lexical C definition; preprocessor branches not resolved
firmware/app/src/app_clicker.c	4593	click_button_work_handler	88	error_paths;cleanup;scheduling	lexical C definition; preprocessor branches not resolved
firmware/app/src/app_clicker.c	4683	click_button_isr	13	error_paths;cleanup	lexical C definition; preprocessor branches not resolved
firmware/app/src/app_clicker.c	4698	self_test_arm_timeout_handler	11		lexical C definition; preprocessor branches not resolved
firmware/app/src/app_clicker.c	4711	app_clicker_arm_self_test_timeout	6	cleanup;scheduling	lexical C definition; preprocessor branches not resolved
firmware/app/src/app_clicker.c	4719	app_clicker_cancel_self_test_timeout	3	cleanup	lexical C definition; preprocessor branches not resolved
firmware/app/src/app_clicker.c	4724	app_clicker_button_init	49	error_paths;cleanup;scheduling	lexical C definition; preprocessor branches not resolved
firmware/app/src/app_clicker.c	4775	app_clicker_prepare_startup_idle	18	cleanup	lexical C definition; preprocessor branches not resolved
firmware/app/src/app_clicker.c	4795	app_clicker_enter_systemoff_idle	2		lexical C definition; preprocessor branches not resolved
firmware/app/src/app_clicker.c	4799	app_clicker_enter_idle	2		lexical C definition; preprocessor branches not resolved
firmware/app/src/app_clicker.c	4803	app_clicker_button_init	3	error_paths	lexical C definition; preprocessor branches not resolved
firmware/app/src/app_clicker.c	4808	app_clicker_inject_button_gesture	4	error_paths	lexical C definition; preprocessor branches not resolved
firmware/app/src/app_clicker.c	4814	app_clicker_arm_self_test_timeout	2		lexical C definition; preprocessor branches not resolved
firmware/app/src/app_clicker.c	4818	app_clicker_cancel_self_test_timeout	2		lexical C definition; preprocessor branches not resolved
firmware/app/src/app_clicker.c	4822	app_clicker_prepare_startup_idle	3		lexical C definition; preprocessor branches not resolved
firmware/app/src/app_clicker.h	87	clicker_systemon_retained_idle_enabled	4		lexical C definition; preprocessor branches not resolved
firmware/app/src/app_clicker_event_runtime.c	7	self_test_arm_window_expired	4		lexical C definition; preprocessor branches not resolved
firmware/app/src/app_clicker_event_runtime.c	14	button_action_for_transition	24		lexical C definition; preprocessor branches not resolved
firmware/app/src/app_clicker_event_runtime.c	41	queue_effect	19	error_paths	lexical C definition; preprocessor branches not resolved
firmware/app/src/app_clicker_event_runtime.c	63	event_for	15		lexical C definition; preprocessor branches not resolved
firmware/app/src/app_clicker_event_runtime.c	85	dispatch_button_event	42	error_paths	lexical C definition; preprocessor branches not resolved
firmware/app/src/app_clicker_event_runtime.c	131	dispatch_click_event	14	error_paths	lexical C definition; preprocessor branches not resolved
firmware/app/src/app_clicker_event_runtime.c	148	dispatch_button_signal	15		lexical C definition; preprocessor branches not resolved
firmware/app/src/app_clicker_event_runtime.c	168	app_clicker_event_runtime_init	8	cleanup	lexical C definition; preprocessor branches not resolved
firmware/app/src/app_clicker_event_runtime.c	179	app_clicker_event_runtime_button_signal	99	error_paths	lexical C definition; preprocessor branches not resolved
firmware/app/src/app_clicker_event_runtime.c	284	app_clicker_event_runtime_click_start	22	error_paths	lexical C definition; preprocessor branches not resolved
firmware/app/src/app_clicker_event_runtime.c	310	app_clicker_event_runtime_click_event	15	error_paths	lexical C definition; preprocessor branches not resolved
firmware/app/src/app_clicker_event_runtime.c	330	app_clicker_event_runtime_button_pressed_at_ms	3		lexical C definition; preprocessor branches not resolved
firmware/app/src/app_clicker_event_runtime.c	336	app_clicker_event_runtime_take_effect	10		lexical C definition; preprocessor branches not resolved
firmware/app/src/app_clicker_event_runtime.c	350	app_clicker_event_runtime_effect_drop_count	3		lexical C definition; preprocessor branches not resolved
firmware/app/src/app_clicker_event_runtime.c	356	app_clicker_event_runtime_button_state	3		lexical C definition; preprocessor branches not resolved
firmware/app/src/app_clicker_event_runtime.c	362	app_clicker_event_runtime_click_state	3		lexical C definition; preprocessor branches not resolved
firmware/app/src/app_clicker_rtt_control.c	25	app_clicker_rtt_dispatch_line	32		lexical C definition; preprocessor branches not resolved
firmware/app/src/app_clicker_rtt_control.c	59	app_clicker_rtt_consume	19		lexical C definition; preprocessor branches not resolved
firmware/app/src/app_clicker_rtt_control.c	80	app_clicker_rtt_poll_work_handler	20	error_paths;scheduling	lexical C definition; preprocessor branches not resolved
firmware/app/src/app_clicker_rtt_control.c	102	app_clicker_rtt_control_start	19	error_paths;cleanup;scheduling	lexical C definition; preprocessor branches not resolved
firmware/app/src/app_device_identity.c	18	app_device_identity_init	22	error_paths	lexical C definition; preprocessor branches not resolved
firmware/app/src/app_device_identity.c	42	app_device_hardware_id	3		lexical C definition; preprocessor branches not resolved
firmware/app/src/app_device_identity.c	47	app_device_id	6	cleanup	lexical C definition; preprocessor branches not resolved
firmware/app/src/app_discovery_assignment_policy.h	60	app_discovery_assignment_policy_init	33		lexical C definition; preprocessor branches not resolved
firmware/app/src/app_discovery_assignment_policy.h	102	app_discovery_assignment_policy_epoch_admissible	29		lexical C definition; preprocessor branches not resolved
firmware/app/src/app_discovery_assignment_policy.h	135	app_discovery_assignment_policy_epoch_retired	11		lexical C definition; preprocessor branches not resolved
firmware/app/src/app_discovery_assignment_policy.h	150	app_discovery_assignment_response_identity_matches	14		lexical C definition; preprocessor branches not resolved
firmware/app/src/app_discovery_assignment_policy.h	171	app_discovery_assignment_retired_epochs_valid	27		lexical C definition; preprocessor branches not resolved
firmware/app/src/app_discovery_assignment_policy.h	204	app_discovery_assignment_policy_retire_epoch	21		lexical C definition; preprocessor branches not resolved
firmware/app/src/app_discovery_assignment_policy.h	229	app_discovery_assignment_policy_restore_retired_epochs	18		lexical C definition; preprocessor branches not resolved
firmware/app/src/app_discovery_assignment_policy.h	252	app_discovery_assignment_policy_export_retired_epochs	11		lexical C definition; preprocessor branches not resolved
firmware/app/src/app_discovery_assignment_policy.h	268	app_discovery_assignment_policy_restore_pending	19		lexical C definition; preprocessor branches not resolved
firmware/app/src/app_discovery_assignment_policy.h	293	app_discovery_assignment_policy_project_retired_epochs	45		lexical C definition; preprocessor branches not resolved
firmware/app/src/app_discovery_assignment_policy.h	344	app_discovery_assignment_policy_provisioning_state	5		lexical C definition; preprocessor branches not resolved
firmware/app/src/app_discovery_assignment_policy.h	353	app_discovery_assignment_provisioning_state_name	4		lexical C definition; preprocessor branches not resolved
firmware/app/src/app_discovery_assignment_policy.h	360	app_discovery_assignment_policy_normal_click_reply_allowed	4		lexical C definition; preprocessor branches not resolved
firmware/app/src/app_discovery_assignment_policy.h	367	app_discovery_assignment_policy_note_claim	14		lexical C definition; preprocessor branches not resolved
firmware/app/src/app_discovery_assignment_policy.h	386	app_discovery_assignment_policy_note_table	75		lexical C definition; preprocessor branches not resolved
firmware/app/src/app_discovery_assignment_policy.h	468	app_discovery_assignment_policy_commit	50		lexical C definition; preprocessor branches not resolved
firmware/app/src/app_discovery_assignment_policy.h	524	app_discovery_assignment_policy_note_unassigned	51		lexical C definition; preprocessor branches not resolved
firmware/app/src/app_discovery_assignment_policy.h	581	app_discovery_assignment_operation_expired	3		lexical C definition; preprocessor branches not resolved
firmware/app/src/app_discovery_assignment_policy.h	588	app_discovery_assignment_semantic_terminal_success	17		lexical C definition; preprocessor branches not resolved
firmware/app/src/app_discovery_assignment_policy.h	614	app_discovery_assignment_collection_hop_count	7		lexical C definition; preprocessor branches not resolved
firmware/app/src/app_discovery_assignment_policy.h	626	app_discovery_assignment_claim_round_limit	10		lexical C definition; preprocessor branches not resolved
firmware/app/src/app_discovery_assignment_policy.h	641	app_discovery_assignment_table_windows_remaining	6		lexical C definition; preprocessor branches not resolved
firmware/app/src/app_discovery_assignment_policy.h	651	app_discovery_assignment_table_round_after_delivery	7		lexical C definition; preprocessor branches not resolved
firmware/app/src/app_discovery_assignment_policy.h	663	app_discovery_assignment_table_retry_backoff_required	4		lexical C definition; preprocessor branches not resolved
firmware/app/src/app_discovery_assignment_policy.h	673	app_discovery_assignment_work_guard_init	5		lexical C definition; preprocessor branches not resolved
firmware/app/src/app_discovery_assignment_policy.h	681	app_discovery_assignment_work_guard_request	13		lexical C definition; preprocessor branches not resolved
firmware/app/src/app_discovery_assignment_policy.h	699	app_discovery_assignment_work_guard_note_submit_result	6		lexical C definition; preprocessor branches not resolved
firmware/app/src/app_discovery_assignment_policy.h	710	app_discovery_assignment_work_guard_begin	10		lexical C definition; preprocessor branches not resolved
firmware/app/src/app_durable_state.c	285	durable_lock	3		lexical C definition; preprocessor branches not resolved
firmware/app/src/app_durable_state.c	290	durable_unlock	2		lexical C definition; preprocessor branches not resolved
firmware/app/src/app_durable_state.c	294	durable_ready_get	3		lexical C definition; preprocessor branches not resolved
firmware/app/src/app_durable_state.c	299	durable_ready_set	3		lexical C definition; preprocessor branches not resolved
firmware/app/src/app_durable_state.c	308	durable_nvs_mount	43	error_paths	lexical C definition; preprocessor branches not resolved
firmware/app/src/app_durable_state.c	353	durable_nvs_read	3		lexical C definition; preprocessor branches not resolved
firmware/app/src/app_durable_state.c	361	durable_nvs_write	3		lexical C definition; preprocessor branches not resolved
firmware/app/src/app_durable_state.c	369	durable_nvs_erase	3		lexical C definition; preprocessor branches not resolved
firmware/app/src/app_durable_state.c	374	durable_lock	6	error_paths	lexical C definition; preprocessor branches not resolved
firmware/app/src/app_durable_state.c	382	durable_unlock	3		lexical C definition; preprocessor branches not resolved
firmware/app/src/app_durable_state.c	387	durable_ready_get	3		lexical C definition; preprocessor branches not resolved
firmware/app/src/app_durable_state.c	392	durable_ready_set	3		lexical C definition; preprocessor branches not resolved
firmware/app/src/app_durable_state.c	397	durable_install_production_backend	14		lexical C definition; preprocessor branches not resolved
firmware/app/src/app_durable_state.c	414	durable_put_u16	4		lexical C definition; preprocessor branches not resolved
firmware/app/src/app_durable_state.c	420	durable_put_u32	6		lexical C definition; preprocessor branches not resolved
firmware/app/src/app_durable_state.c	428	durable_put_u64	5		lexical C definition; preprocessor branches not resolved
firmware/app/src/app_durable_state.c	435	durable_get_u16	3		lexical C definition; preprocessor branches not resolved
firmware/app/src/app_durable_state.c	440	durable_get_u32	6		lexical C definition; preprocessor branches not resolved
firmware/app/src/app_durable_state.c	448	durable_get_u64	8		lexical C definition; preprocessor branches not resolved
firmware/app/src/app_durable_state.c	458	durable_crc16	13		lexical C definition; preprocessor branches not resolved
firmware/app/src/app_durable_state.c	473	durable_find_spec	10		lexical C definition; preprocessor branches not resolved
firmware/app/src/app_durable_state.c	486	durable_role_allowed	7		lexical C definition; preprocessor branches not resolved
firmware/app/src/app_durable_state.c	495	durable_validate_scope	9	error_paths	lexical C definition; preprocessor branches not resolved
firmware/app/src/app_durable_state.c	507	durable_validate_high_water	24	error_paths	lexical C definition; preprocessor branches not resolved
firmware/app/src/app_durable_state.c	535	durable_encode_record	21		lexical C definition; preprocessor branches not resolved
firmware/app/src/app_durable_state.c	562	durable_decode_record	55	error_paths	lexical C definition; preprocessor branches not resolved
firmware/app/src/app_durable_state.c	624	durable_read_locked	24	error_paths	lexical C definition; preprocessor branches not resolved
firmware/app/src/app_durable_state.c	652	durable_write_locked	40	error_paths	lexical C definition; preprocessor branches not resolved
firmware/app/src/app_durable_state.c	696	durable_assignment_commitment_is_zero	11		lexical C definition; preprocessor branches not resolved
firmware/app/src/app_durable_state.c	710	durable_assignment_history_valid	44		lexical C definition; preprocessor branches not resolved
firmware/app/src/app_durable_state.c	757	durable_validate_anchor_assignment	92	error_paths	lexical C definition; preprocessor branches not resolved
firmware/app/src/app_durable_state.c	852	durable_anchor_assignments_equal	31		lexical C definition; preprocessor branches not resolved
firmware/app/src/app_durable_state.c	887	durable_encode_anchor_assignment	63		lexical C definition; preprocessor branches not resolved
firmware/app/src/app_durable_state.c	955	durable_decode_anchor_assignment	92	error_paths	lexical C definition; preprocessor branches not resolved
firmware/app/src/app_durable_state.c	1053	durable_receipt_clear	5		lexical C definition; preprocessor branches not resolved
firmware/app/src/app_durable_state.c	1064	durable_gateway_assignment_identity_valid	6		lexical C definition; preprocessor branches not resolved
firmware/app/src/app_durable_state.c	1077	durable_gateway_assignment_snapshot_identity_coherent	17		lexical C definition; preprocessor branches not resolved
firmware/app/src/app_durable_state.c	1099	durable_gateway_assignment_identities_equal	8		lexical C definition; preprocessor branches not resolved
firmware/app/src/app_durable_state.c	1111	durable_receipt_mix	7		lexical C definition; preprocessor branches not resolved
firmware/app/src/app_durable_state.c	1120	durable_record_fingerprint	12		lexical C definition; preprocessor branches not resolved
firmware/app/src/app_durable_state.c	1136	durable_gateway_assignment_receipt_binding	14		lexical C definition; preprocessor branches not resolved
firmware/app/src/app_durable_state.c	1154	durable_gateway_assignment_issue_receipt	11		lexical C definition; preprocessor branches not resolved
firmware/app/src/app_durable_state.c	1171	durable_gateway_assignment_receipt_matches	9		lexical C definition; preprocessor branches not resolved
firmware/app/src/app_durable_state.c	1186	durable_encode_gateway_assignment	54	error_paths	lexical C definition; preprocessor branches not resolved
firmware/app/src/app_durable_state.c	1247	durable_decode_gateway_assignment	103	error_paths	lexical C definition; preprocessor branches not resolved
firmware/app/src/app_durable_state.c	1359	durable_read_gateway_assignment_locked	35	error_paths	lexical C definition; preprocessor branches not resolved
firmware/app/src/app_durable_state.c	1401	durable_write_gateway_assignment_locked	82	error_paths	lexical C definition; preprocessor branches not resolved
firmware/app/src/app_durable_state.c	1491	durable_gateway_assignment_terminal_matches	18		lexical C definition; preprocessor branches not resolved
firmware/app/src/app_durable_state.c	1514	durable_counter_next	34	error_paths	lexical C definition; preprocessor branches not resolved
firmware/app/src/app_durable_state.c	1552	durable_counter_advance	29	error_paths	lexical C definition; preprocessor branches not resolved
firmware/app/src/app_durable_state.c	1587	durable_reserve_locked	35	error_paths	lexical C definition; preprocessor branches not resolved
firmware/app/src/app_durable_state.c	1627	app_durable_state_init	53	error_paths	lexical C definition; preprocessor branches not resolved
firmware/app/src/app_durable_state.c	1682	app_durable_state_begin_boot	38	error_paths	lexical C definition; preprocessor branches not resolved
firmware/app/src/app_durable_state.c	1722	app_durable_state_ready	3		lexical C definition; preprocessor branches not resolved
firmware/app/src/app_durable_state.c	1727	app_durable_state_boot_incarnation	20	error_paths	lexical C definition; preprocessor branches not resolved
firmware/app/src/app_durable_state.c	1749	app_durable_state_reserve	28	error_paths	lexical C definition; preprocessor branches not resolved
firmware/app/src/app_durable_state.c	1782	app_durable_state_restore_high_water	29	error_paths	lexical C definition; preprocessor branches not resolved
firmware/app/src/app_durable_state.c	1816	app_durable_state_advance_high_water	47	error_paths	lexical C definition; preprocessor branches not resolved
firmware/app/src/app_durable_state.c	1868	app_durable_state_save_anchor_assignment	87	error_paths	lexical C definition; preprocessor branches not resolved
firmware/app/src/app_durable_state.c	1959	app_durable_state_restore_anchor_assignment	49	error_paths	lexical C definition; preprocessor branches not resolved
firmware/app/src/app_durable_state.c	2012	app_durable_state_delete_anchor_assignment	69	error_paths	lexical C definition; preprocessor branches not resolved
firmware/app/src/app_durable_state.c	2083	app_durable_state_save_gateway_assignment_commit	91	error_paths	lexical C definition; preprocessor branches not resolved
firmware/app/src/app_durable_state.c	2180	app_durable_state_restore_gateway_assignment_commit	65	error_paths	lexical C definition; preprocessor branches not resolved
firmware/app/src/app_durable_state.c	2252	app_durable_state_retire_gateway_assignment_commit	101	error_paths	lexical C definition; preprocessor branches not resolved
firmware/app/src/app_durable_state.c	2359	app_durable_state_delete_gateway_assignment	100	error_paths	lexical C definition; preprocessor branches not resolved
firmware/app/src/app_durable_state.c	2465	app_durable_state_test_install_backend	18	error_paths	lexical C definition; preprocessor branches not resolved
firmware/app/src/app_durable_state.c	2487	app_durable_state_test_reset	12		lexical C definition; preprocessor branches not resolved
firmware/app/src/app_durable_state.c	2501	app_durable_state_test_seed_high_water	28	error_paths	lexical C definition; preprocessor branches not resolved
firmware/app/src/app_gateway_assignment_publisher.c	71	valid_base_event	5		lexical C definition; preprocessor branches not resolved
firmware/app/src/app_gateway_assignment_publisher.c	78	app_gateway_assignment_publisher_event_is_reliable	36		lexical C definition; preprocessor branches not resolved
firmware/app/src/app_gateway_assignment_publisher.c	117	same_identity	8		lexical C definition; preprocessor branches not resolved
firmware/app/src/app_gateway_assignment_publisher.c	127	store_identity	10		lexical C definition; preprocessor branches not resolved
firmware/app/src/app_gateway_assignment_publisher.c	139	build_base_event	13		lexical C definition; preprocessor branches not resolved
firmware/app/src/app_gateway_assignment_publisher.c	154	same_table	15		lexical C definition; preprocessor branches not resolved
firmware/app/src/app_gateway_assignment_publisher.c	174	reset_event_progress	18		lexical C definition; preprocessor branches not resolved
firmware/app/src/app_gateway_assignment_publisher.c	194	build_terminal_event	15	cleanup	lexical C definition; preprocessor branches not resolved
firmware/app/src/app_gateway_assignment_publisher.c	212	mapping_slot_for_ordinal	16		lexical C definition; preprocessor branches not resolved
firmware/app/src/app_gateway_assignment_publisher.c	230	build_next_event	76	cleanup	lexical C definition; preprocessor branches not resolved
firmware/app/src/app_gateway_assignment_publisher.c	309	app_gateway_assignment_publisher_init	9	error_paths	lexical C definition; preprocessor branches not resolved
firmware/app/src/app_gateway_assignment_publisher.c	321	app_gateway_assignment_publisher_prepare_table	82	error_paths	lexical C definition; preprocessor branches not resolved
firmware/app/src/app_gateway_assignment_publisher.c	412	app_gateway_assignment_publisher_commit_prepared_batch	17	error_paths	lexical C definition; preprocessor branches not resolved
firmware/app/src/app_gateway_assignment_publisher.c	432	app_gateway_assignment_publisher_mark_prepared_replay	16	error_paths	lexical C definition; preprocessor branches not resolved
firmware/app/src/app_gateway_assignment_publisher.c	451	app_gateway_assignment_publisher_abort_prepared_batch	19		lexical C definition; preprocessor branches not resolved
firmware/app/src/app_gateway_assignment_publisher.c	473	app_gateway_assignment_publisher_discard_batch	18		lexical C definition; preprocessor branches not resolved
firmware/app/src/app_gateway_assignment_publisher.c	494	app_gateway_assignment_publisher_stage_table_ready	17		lexical C definition; preprocessor branches not resolved
firmware/app/src/app_gateway_assignment_publisher.c	514	app_gateway_assignment_publisher_capture_terminal	31	error_paths	lexical C definition; preprocessor branches not resolved
firmware/app/src/app_gateway_assignment_publisher.c	548	app_gateway_assignment_publisher_pump	82	error_paths	lexical C definition; preprocessor branches not resolved
firmware/app/src/app_gateway_assignment_publisher.c	632	app_gateway_assignment_publisher_note_host_receipt	32	error_paths	lexical C definition; preprocessor branches not resolved
firmware/app/src/app_gateway_assignment_publisher.c	667	app_gateway_assignment_publisher_work_pending	10		lexical C definition; preprocessor branches not resolved
firmware/app/src/app_gateway_assignment_publisher.c	679	app_gateway_assignment_publisher_complete_pending	49	error_paths	lexical C definition; preprocessor branches not resolved
firmware/app/src/app_gateway_assignment_publisher.c	730	app_gateway_assignment_publisher_get_diagnostics	16		lexical C definition; preprocessor branches not resolved
firmware/app/src/app_gateway_ble.c	86	gateway_command_delivery_boundary	5		lexical C definition; preprocessor branches not resolved
firmware/app/src/app_gateway_ble.c	104	gateway_ble_stream_free_slots	8		lexical C definition; preprocessor branches not resolved
firmware/app/src/app_gateway_ble.c	148	gateway_observability_reserve_identity	21	error_paths	lexical C definition; preprocessor branches not resolved
firmware/app/src/app_gateway_ble.c	172	gateway_observability_prepare_reserved_state	12		lexical C definition; preprocessor branches not resolved
firmware/app/src/app_gateway_ble.c	188	gateway_observability_prepare_state	7	error_paths	lexical C definition; preprocessor branches not resolved
firmware/app/src/app_gateway_ble.c	199	gateway_observability_note_enqueue_state	8		lexical C definition; preprocessor branches not resolved
firmware/app/src/app_gateway_ble.c	210	gateway_observability_pending_terminal_state	9		lexical C definition; preprocessor branches not resolved
firmware/app/src/app_gateway_ble.c	222	gateway_observability_snapshot_state	12		lexical C definition; preprocessor branches not resolved
firmware/app/src/app_gateway_ble.c	239	gateway_observability_mark_sent_state	8		lexical C definition; preprocessor branches not resolved
firmware/app/src/app_gateway_ble.c	249	gateway_next_command_seq	12		lexical C definition; preprocessor branches not resolved
firmware/app/src/app_gateway_ble.c	263	gateway_broadcast_command_sequence_init	6	error_paths;cleanup	lexical C definition; preprocessor branches not resolved
firmware/app/src/app_gateway_ble.c	271	gateway_next_broadcast_command_seq	13	error_paths	lexical C definition; preprocessor branches not resolved
firmware/app/src/app_gateway_ble.c	286	gateway_observability_enqueue_prepared	47	error_paths;scheduling	lexical C definition; preprocessor branches not resolved
firmware/app/src/app_gateway_ble.c	336	gateway_observe_command_event	22	error_paths;cleanup	lexical C definition; preprocessor branches not resolved
firmware/app/src/app_gateway_ble.c	361	gateway_reserve_command_event_sequence	8	error_paths	lexical C definition; preprocessor branches not resolved
firmware/app/src/app_gateway_ble.c	373	gateway_observability_flush	21		lexical C definition; preprocessor branches not resolved
firmware/app/src/app_gateway_ble.c	516	gateway_ble_schedule_failed	11	cleanup	lexical C definition; preprocessor branches not resolved
firmware/app/src/app_gateway_ble.c	529	gateway_ble_rx_write_capacity	22	error_paths	lexical C definition; preprocessor branches not resolved
firmware/app/src/app_gateway_ble.c	553	gateway_ble_resume_rx	18	cleanup;scheduling	lexical C definition; preprocessor branches not resolved
firmware/app/src/app_gateway_ble.c	573	gateway_ble_schedule_recovery	29	cleanup;scheduling	lexical C definition; preprocessor branches not resolved
firmware/app/src/app_gateway_ble.c	604	gateway_ble_stream_ready	6		lexical C definition; preprocessor branches not resolved
firmware/app/src/app_gateway_ble.c	612	gateway_ble_schedule_stream_drain	9	cleanup;scheduling	lexical C definition; preprocessor branches not resolved
firmware/app/src/app_gateway_ble.c	623	gateway_ble_stream_retry_delay_ms	6		lexical C definition; preprocessor branches not resolved
firmware/app/src/app_gateway_ble.c	631	gateway_ble_schedule_stream_retry	11	cleanup;scheduling	lexical C definition; preprocessor branches not resolved
firmware/app/src/app_gateway_ble.c	644	gateway_ble_schedule_in_flight_deadline	8	cleanup;scheduling	lexical C definition; preprocessor branches not resolved
firmware/app/src/app_gateway_ble.c	654	gateway_ble_uwb_quiet_active	3		lexical C definition; preprocessor branches not resolved
firmware/app/src/app_gateway_ble.c	659	gateway_ble_keep_active_during_uwb	3		lexical C definition; preprocessor branches not resolved
firmware/app/src/app_gateway_ble.c	664	gateway_ble_enter_uwb_quiet	23	cleanup	lexical C definition; preprocessor branches not resolved
firmware/app/src/app_gateway_ble.c	689	gateway_ble_exit_uwb_quiet	29	cleanup;scheduling	lexical C definition; preprocessor branches not resolved
firmware/app/src/app_gateway_ble.c	720	gateway_ble_packet_ccc_changed	33	cleanup;scheduling	lexical C definition; preprocessor branches not resolved
firmware/app/src/app_gateway_ble.c	756	gateway_ble_packet_rx_write	45	error_paths	lexical C definition; preprocessor branches not resolved
firmware/app/src/app_gateway_ble.c	808	gateway_ble_identity_read	6		lexical C definition; preprocessor branches not resolved
firmware/app/src/app_gateway_ble.c	838	gateway_ble_notify_chunk_len	6		lexical C definition; preprocessor branches not resolved
firmware/app/src/app_gateway_ble.c	846	gateway_ble_tx_reset_locked	14	cleanup	lexical C definition; preprocessor branches not resolved
firmware/app/src/app_gateway_ble.c	862	gateway_ble_stream_cancel_active	9	cleanup	lexical C definition; preprocessor branches not resolved
firmware/app/src/app_gateway_ble.c	873	gateway_ble_host_receipt_timeout_work_handler	17	error_paths;scheduling	lexical C definition; preprocessor branches not resolved
firmware/app/src/app_gateway_ble.c	893	gateway_ble_tx_select_frame_locked	49	error_paths;cleanup	lexical C definition; preprocessor branches not resolved
firmware/app/src/app_gateway_ble.c	944	gateway_ble_send_packet_frame	40	error_paths;scheduling	lexical C definition; preprocessor branches not resolved
firmware/app/src/app_gateway_ble.c	987	gateway_host_custody_supported	27		lexical C definition; preprocessor branches not resolved
firmware/app/src/app_gateway_ble.c	1016	gateway_command_event_finish_host_receipt	136	error_paths;scheduling	lexical C definition; preprocessor branches not resolved
firmware/app/src/app_gateway_ble.c	1155	gateway_command_event_duplicate_host_receipt_valid	23	error_paths	lexical C definition; preprocessor branches not resolved
firmware/app/src/app_gateway_ble.c	1181	gateway_ble_tx_complete	129	scheduling	lexical C definition; preprocessor branches not resolved
firmware/app/src/app_gateway_ble.c	1312	gateway_ble_reset_link	55	error_paths;cleanup;scheduling	lexical C definition; preprocessor branches not resolved
firmware/app/src/app_gateway_ble.c	1372	gateway_ble_reset_stalled_link	6	cleanup	lexical C definition; preprocessor branches not resolved
firmware/app/src/app_gateway_ble.c	1382	gateway_ble_reset_failed_link	3	cleanup	lexical C definition; preprocessor branches not resolved
firmware/app/src/app_gateway_ble.c	1388	gateway_ble_stream_work_handler	216	error_paths;cleanup;scheduling	lexical C definition; preprocessor branches not resolved
firmware/app/src/app_gateway_ble.c	1606	gateway_ble_connected	56	error_paths;cleanup;scheduling	lexical C definition; preprocessor branches not resolved
firmware/app/src/app_gateway_ble.c	1664	gateway_ble_le_param_updated	15		lexical C definition; preprocessor branches not resolved
firmware/app/src/app_gateway_ble.c	1684	gateway_ble_disconnected	45	cleanup;scheduling	lexical C definition; preprocessor branches not resolved
firmware/app/src/app_gateway_ble.c	1737	gateway_ble_start_advertising	20		lexical C definition; preprocessor branches not resolved
firmware/app/src/app_gateway_ble.c	1759	gateway_ble_log_identities	14		lexical C definition; preprocessor branches not resolved
firmware/app/src/app_gateway_ble.c	1775	gateway_ble_recovery_work_handler	30	error_paths;cleanup;scheduling	lexical C definition; preprocessor branches not resolved
firmware/app/src/app_gateway_ble.c	1807	gateway_ble_stop_advertising	20	error_paths;cleanup	lexical C definition; preprocessor branches not resolved
firmware/app/src/app_gateway_ble.c	1829	gateway_ble_init	90	error_paths;cleanup;scheduling	lexical C definition; preprocessor branches not resolved
firmware/app/src/app_gateway_ble.c	1921	gateway_ble_queue_frame	35	error_paths	lexical C definition; preprocessor branches not resolved
firmware/app/src/app_gateway_ble.c	1958	gateway_ble_rx_bytes	40	error_paths	lexical C definition; preprocessor branches not resolved
firmware/app/src/app_gateway_ble.c	2001	gateway_ble_pending_is_host_receipt	16		lexical C definition; preprocessor branches not resolved
firmware/app/src/app_gateway_ble.c	2021	gateway_ble_host_receipt_ingress_pending	7		lexical C definition; preprocessor branches not resolved
firmware/app/src/app_gateway_ble.c	2030	gateway_ble_rx_work_handler	84	error_paths;cleanup;scheduling;unbounded_loop_candidate	lexical C definition; preprocessor branches not resolved
firmware/app/src/app_gateway_ble.c	2116	gateway_ble_get_status	12		lexical C definition; preprocessor branches not resolved
firmware/app/src/app_gateway_ble.c	2130	gateway_ble_stream_ready	3		lexical C definition; preprocessor branches not resolved
firmware/app/src/app_gateway_ble.c	2135	gateway_ble_schedule_stream_drain	2		lexical C definition; preprocessor branches not resolved
firmware/app/src/app_gateway_ble.c	2139	gateway_ble_resume_rx	2		lexical C definition; preprocessor branches not resolved
firmware/app/src/app_gateway_ble.c	2143	gateway_ble_init	3		lexical C definition; preprocessor branches not resolved
firmware/app/src/app_gateway_ble.c	2148	gateway_ble_send_packet_frame	6	error_paths	lexical C definition; preprocessor branches not resolved
firmware/app/src/app_gateway_ble.c	2156	gateway_ble_uwb_quiet_active	3		lexical C definition; preprocessor branches not resolved
firmware/app/src/app_gateway_ble.c	2161	gateway_ble_enter_uwb_quiet	3		lexical C definition; preprocessor branches not resolved
firmware/app/src/app_gateway_ble.c	2166	gateway_ble_exit_uwb_quiet	3		lexical C definition; preprocessor branches not resolved
firmware/app/src/app_gateway_ble.c	2171	gateway_ble_get_status	8		lexical C definition; preprocessor branches not resolved
firmware/app/src/app_gateway_ble.c	2181	gateway_ble_host_receipt_ingress_pending	3		lexical C definition; preprocessor branches not resolved
firmware/app/src/app_gateway_ble.c	2187	gateway_observe_command_event_if_available	31	error_paths;cleanup	lexical C definition; preprocessor branches not resolved
firmware/app/src/app_gateway_ble.c	2223	gateway_publish_assignment_event_if_available	37	error_paths	lexical C definition; preprocessor branches not resolved
firmware/app/src/app_gateway_ble.c	2265	gateway_observe_command_acceptance_if_available	27	error_paths	lexical C definition; preprocessor branches not resolved
firmware/app/src/app_gateway_ble_stream.c	30	gateway_ble_direct_queue_init	5		lexical C definition; preprocessor branches not resolved
firmware/app/src/app_gateway_ble_stream.c	38	direct_queue_state_valid	5		lexical C definition; preprocessor branches not resolved
firmware/app/src/app_gateway_ble_stream.c	47	gateway_ble_direct_queue_enqueue	12	error_paths	lexical C definition; preprocessor branches not resolved
firmware/app/src/app_gateway_ble_stream.c	64	gateway_ble_direct_queue_begin	15	error_paths	lexical C definition; preprocessor branches not resolved
firmware/app/src/app_gateway_ble_stream.c	84	gateway_ble_direct_queue_cancel	5		lexical C definition; preprocessor branches not resolved
firmware/app/src/app_gateway_ble_stream.c	92	gateway_ble_direct_queue_complete	13	error_paths	lexical C definition; preprocessor branches not resolved
firmware/app/src/app_gateway_ble_stream.c	109	gateway_ble_custody_error_retryable	4		lexical C definition; preprocessor branches not resolved
firmware/app/src/app_gateway_ble_stream.c	115	gateway_ble_work_handoff_requires_reset	3		lexical C definition; preprocessor branches not resolved
firmware/app/src/app_gateway_ble_stream.c	120	gateway_ble_send_frame_retained	29	error_paths;unbounded_loop_candidate	lexical C definition; preprocessor branches not resolved
firmware/app/src/app_gateway_ble_stream.c	157	gateway_ble_recovery_backoff_ms	16		lexical C definition; preprocessor branches not resolved
firmware/app/src/app_gateway_ble_stream.c	176	put_u8	6		lexical C definition; preprocessor branches not resolved
firmware/app/src/app_gateway_ble_stream.c	184	put_u16	6		lexical C definition; preprocessor branches not resolved
firmware/app/src/app_gateway_ble_stream.c	192	put_u32	6		lexical C definition; preprocessor branches not resolved
firmware/app/src/app_gateway_ble_stream.c	200	put_u64	6		lexical C definition; preprocessor branches not resolved
firmware/app/src/app_gateway_ble_stream.c	208	priority_for_class	16		lexical C definition; preprocessor branches not resolved
firmware/app/src/app_gateway_ble_stream.c	226	class_can_truncate	4		lexical C definition; preprocessor branches not resolved
firmware/app/src/app_gateway_ble_stream.c	232	gateway_ble_stream_classify_packet	30		lexical C definition; preprocessor branches not resolved
firmware/app/src/app_gateway_ble_stream.c	265	gateway_ble_should_stream_packet	9		lexical C definition; preprocessor branches not resolved
firmware/app/src/app_gateway_ble_stream.c	278	gateway_ble_stream_init	5		lexical C definition; preprocessor branches not resolved
firmware/app/src/app_gateway_ble_stream.c	285	remove_item	43		lexical C definition; preprocessor branches not resolved
firmware/app/src/app_gateway_ble_stream.c	330	note_drop	25		lexical C definition; preprocessor branches not resolved
firmware/app/src/app_gateway_ble_stream.c	359	drop_one_lower_priority	41		lexical C definition; preprocessor branches not resolved
firmware/app/src/app_gateway_ble_stream.c	403	reservation_item	3		lexical C definition; preprocessor branches not resolved
firmware/app/src/app_gateway_ble_stream.c	409	reservation_item_const	3		lexical C definition; preprocessor branches not resolved
firmware/app/src/app_gateway_ble_stream.c	415	queue_capacity_available	13		lexical C definition; preprocessor branches not resolved
firmware/app/src/app_gateway_ble_stream.c	432	packet_identity_matches	11		lexical C definition; preprocessor branches not resolved
firmware/app/src/app_gateway_ble_stream.c	446	command_event_packet_valid	21		lexical C definition; preprocessor branches not resolved
firmware/app/src/app_gateway_ble_stream.c	473	build_record	74	error_paths	lexical C definition; preprocessor branches not resolved
firmware/app/src/app_gateway_ble_stream.c	557	enqueue_packet	69	error_paths	lexical C definition; preprocessor branches not resolved
firmware/app/src/app_gateway_ble_stream.c	635	gateway_ble_stream_enqueue_packet	10		lexical C definition; preprocessor branches not resolved
firmware/app/src/app_gateway_ble_stream.c	653	gateway_ble_stream_enqueue_retained_packet	10		lexical C definition; preprocessor branches not resolved
firmware/app/src/app_gateway_ble_stream.c	680	reservation_payload_proven	14		lexical C definition; preprocessor branches not resolved
firmware/app/src/app_gateway_ble_stream.c	699	reservation_clear	7		lexical C definition; preprocessor branches not resolved
firmware/app/src/app_gateway_ble_stream.c	708	gateway_ble_stream_reserve_packet	69	error_paths	lexical C definition; preprocessor branches not resolved
firmware/app/src/app_gateway_ble_stream.c	785	gateway_ble_stream_commit_reservation	71	error_paths	lexical C definition; preprocessor branches not resolved
firmware/app/src/app_gateway_ble_stream.c	862	gateway_ble_stream_commit_bundle_projection_reservation	81	error_paths	lexical C definition; preprocessor branches not resolved
firmware/app/src/app_gateway_ble_stream.c	950	gateway_ble_stream_cancel_reservation	8		lexical C definition; preprocessor branches not resolved
firmware/app/src/app_gateway_ble_stream.c	961	gateway_ble_stream_drain	33	error_paths	lexical C definition; preprocessor branches not resolved
firmware/app/src/app_gateway_ble_stream.c	1001	gateway_ble_stream_peek	12	error_paths	lexical C definition; preprocessor branches not resolved
firmware/app/src/app_gateway_ble_stream.c	1017	gateway_ble_stream_begin_send	20	error_paths	lexical C definition; preprocessor branches not resolved
firmware/app/src/app_gateway_ble_stream.c	1042	gateway_ble_stream_begin_send_view	19	error_paths	lexical C definition; preprocessor branches not resolved
firmware/app/src/app_gateway_ble_stream.c	1065	gateway_ble_stream_cancel_send	6		lexical C definition; preprocessor branches not resolved
firmware/app/src/app_gateway_ble_stream.c	1073	gateway_ble_stream_mark_host_notified	20	error_paths	lexical C definition; preprocessor branches not resolved
firmware/app/src/app_gateway_ble_stream.c	1096	gateway_ble_stream_rewind_host_notification	12	error_paths	lexical C definition; preprocessor branches not resolved
firmware/app/src/app_gateway_ble_stream.c	1111	gateway_ble_stream_accept_host_receipt	12	error_paths	lexical C definition; preprocessor branches not resolved
firmware/app/src/app_gateway_ble_stream.c	1126	gateway_ble_stream_mark_sent	19		lexical C definition; preprocessor branches not resolved
firmware/app/src/app_gateway_ble_stream.c	1148	gateway_ble_stream_get_diagnostics	8		lexical C definition; preprocessor branches not resolved
firmware/app/src/app_gateway_ble_stream.c	1161	gateway_ble_stream_depth	3		lexical C definition; preprocessor branches not resolved
firmware/app/src/app_gateway_ble_stream.c	1166	gateway_ble_stream_head_packet	10	error_paths	lexical C definition; preprocessor branches not resolved
firmware/app/src/app_gateway_collection_eack.c	6	errno_from_proto	15	error_paths	lexical C definition; preprocessor branches not resolved
firmware/app/src/app_gateway_collection_eack.c	23	return_target_excluded	8		lexical C definition; preprocessor branches not resolved
firmware/app/src/app_gateway_collection_eack.c	36	result_init	14		lexical C definition; preprocessor branches not resolved
firmware/app/src/app_gateway_collection_eack.c	53	count_node_id_tlvs	33		lexical C definition; preprocessor branches not resolved
firmware/app/src/app_gateway_collection_eack.c	90	validate_prebuilt_eack	36	error_paths	lexical C definition; preprocessor branches not resolved
firmware/app/src/app_gateway_collection_eack.c	137	app_gateway_collection_eack_current_event_return_hop	11		lexical C definition; preprocessor branches not resolved
firmware/app/src/app_gateway_collection_eack.c	154	app_gateway_collection_eack_prepare	67	error_paths;cleanup	lexical C definition; preprocessor branches not resolved
firmware/app/src/app_gateway_collection_eack.c	226	app_gateway_collection_eack_send	60	error_paths;cleanup	lexical C definition; preprocessor branches not resolved
firmware/app/src/app_gateway_collection_recovery.c	8	recovery_collection_identity	81	error_paths	lexical C definition; preprocessor branches not resolved
firmware/app/src/app_gateway_collection_recovery.c	97	recovery_packet_identity_matches	16		lexical C definition; preprocessor branches not resolved
firmware/app/src/app_gateway_collection_recovery.c	119	recovery_identity_matches	7	cleanup	lexical C definition; preprocessor branches not resolved
firmware/app/src/app_gateway_collection_recovery.c	132	app_gateway_collection_recovery_preflight	10	cleanup	lexical C definition; preprocessor branches not resolved
firmware/app/src/app_gateway_collection_recovery.c	149	app_gateway_collection_recovery_reserve_host_custody	37	error_paths;cleanup	lexical C definition; preprocessor branches not resolved
firmware/app/src/app_gateway_collection_recovery.c	194	app_gateway_collection_recovery_cancel_host_custody	8	error_paths;cleanup	lexical C definition; preprocessor branches not resolved
firmware/app/src/app_gateway_collection_recovery.c	208	app_gateway_collection_recovery_begin	116	error_paths;cleanup	lexical C definition; preprocessor branches not resolved
firmware/app/src/app_gateway_collection_recovery.c	333	app_gateway_collection_recovery_outbound	21	error_paths	lexical C definition; preprocessor branches not resolved
firmware/app/src/app_gateway_collection_recovery.c	358	app_gateway_collection_recovery_outbound_matches	33		lexical C definition; preprocessor branches not resolved
firmware/app/src/app_gateway_collection_recovery.c	395	app_gateway_collection_recovery_matches	8	cleanup	lexical C definition; preprocessor branches not resolved
firmware/app/src/app_gateway_collection_recovery.c	409	app_gateway_collection_recovery_finish_host_delivery	9	error_paths;cleanup	lexical C definition; preprocessor branches not resolved
firmware/app/src/app_gateway_collection_recovery.c	424	app_gateway_collection_recovery_reset	5		lexical C definition; preprocessor branches not resolved
firmware/app/src/app_gateway_collection_runtime.inc	2	gateway_collection_tracking_active	6		lexical C definition; preprocessor branches not resolved
firmware/app/src/app_gateway_collection_runtime.inc	10	gateway_collection_work_pending	11		lexical C definition; preprocessor branches not resolved
firmware/app/src/app_gateway_collection_runtime.inc	23	gateway_collection_rollback_failed_start	4		lexical C definition; preprocessor branches not resolved
firmware/app/src/app_gateway_collection_runtime.inc	29	gateway_schedule_collection_eack_round	31	error_paths;cleanup;scheduling	lexical C definition; preprocessor branches not resolved
firmware/app/src/app_gateway_collection_runtime.inc	62	gateway_schedule_collection_eack_retry	46	cleanup;scheduling	lexical C definition; preprocessor branches not resolved
firmware/app/src/app_gateway_collection_runtime.inc	112	gateway_eack_plan_channel9	12		lexical C definition; preprocessor branches not resolved
firmware/app/src/app_gateway_collection_runtime.inc	128	gateway_eack_send_channel9	5		lexical C definition; preprocessor branches not resolved
firmware/app/src/app_gateway_collection_runtime.inc	135	gateway_eack_prepare_channel9	16	error_paths	lexical C definition; preprocessor branches not resolved
firmware/app/src/app_gateway_collection_runtime.inc	159	gateway_eack_send_c5_flood	35	error_paths	lexical C definition; preprocessor branches not resolved
firmware/app/src/app_gateway_collection_runtime.inc	196	gateway_eack_note_tx_sent	10		lexical C definition; preprocessor branches not resolved
firmware/app/src/app_gateway_collection_runtime.inc	208	gateway_eack_note_channel9_tx	13		lexical C definition; preprocessor branches not resolved
firmware/app/src/app_gateway_collection_runtime.inc	225	gateway_eack_now_ms	5		lexical C definition; preprocessor branches not resolved
firmware/app/src/app_gateway_collection_runtime.inc	232	gateway_send_collection_eack	125	error_paths;cleanup	lexical C definition; preprocessor branches not resolved
firmware/app/src/app_gateway_collection_runtime.inc	364	gateway_complete_collection_eack_round	50	error_paths;cleanup;scheduling	lexical C definition; preprocessor branches not resolved
firmware/app/src/app_gateway_collection_runtime.inc	418	gateway_collection_eack_work_handler	33	error_paths;cleanup;scheduling	lexical C definition; preprocessor branches not resolved
firmware/app/src/app_gateway_collection_runtime.inc	453	gateway_accept_collection_record	17		lexical C definition; preprocessor branches not resolved
firmware/app/src/app_gateway_collection_runtime.inc	472	gateway_drive_collection_eack_after_record	31	error_paths;scheduling	lexical C definition; preprocessor branches not resolved
firmware/app/src/app_gateway_collection_runtime.inc	509	gateway_note_collection_result	33	error_paths	lexical C definition; preprocessor branches not resolved
firmware/app/src/app_gateway_collection_runtime.inc	547	gateway_note_collection_bundle	40	error_paths	lexical C definition; preprocessor branches not resolved
firmware/app/src/app_gateway_command_ingress.c	8	app_gateway_command_ingress_contention_retryable	3		lexical C definition; preprocessor branches not resolved
firmware/app/src/app_gateway_command_ingress.c	13	app_gateway_command_admission_within_cutoff	9		lexical C definition; preprocessor branches not resolved
firmware/app/src/app_gateway_command_ingress.c	25	app_gateway_command_ingress_validate_command	25	error_paths	lexical C definition; preprocessor branches not resolved
firmware/app/src/app_gateway_command_ingress.c	54	app_gateway_command_identity_from_item	16	error_paths	lexical C definition; preprocessor branches not resolved
firmware/app/src/app_gateway_command_ingress.c	74	app_gateway_command_identity_matches	12		lexical C definition; preprocessor branches not resolved
firmware/app/src/app_gateway_command_ingress.c	90	app_gateway_command_ingress_handle_frame	79	error_paths;cleanup	lexical C definition; preprocessor branches not resolved
firmware/app/src/app_gateway_command_lifecycle.c	6	identities_equal	9		lexical C definition; preprocessor branches not resolved
firmware/app/src/app_gateway_command_lifecycle.c	18	find_slot	15		lexical C definition; preprocessor branches not resolved
firmware/app/src/app_gateway_command_lifecycle.c	37	identity_for_item	3		lexical C definition; preprocessor branches not resolved
firmware/app/src/app_gateway_command_lifecycle.c	43	app_gateway_command_lifecycle_init	10	error_paths	lexical C definition; preprocessor branches not resolved
firmware/app/src/app_gateway_command_lifecycle.c	57	app_gateway_command_lifecycle_admit	24	error_paths	lexical C definition; preprocessor branches not resolved
firmware/app/src/app_gateway_command_lifecycle.c	85	app_gateway_command_lifecycle_cancel	23	error_paths	lexical C definition; preprocessor branches not resolved
firmware/app/src/app_gateway_command_lifecycle.c	115	app_gateway_command_lifecycle_begin_dispatch	29	error_paths	lexical C definition; preprocessor branches not resolved
firmware/app/src/app_gateway_command_lifecycle.c	149	app_gateway_command_lifecycle_requeue_retry	23	error_paths	lexical C definition; preprocessor branches not resolved
firmware/app/src/app_gateway_command_lifecycle.c	176	app_gateway_command_lifecycle_finish	3		lexical C definition; preprocessor branches not resolved
firmware/app/src/app_gateway_command_lifecycle.c	183	app_gateway_command_lifecycle_discard	16	error_paths	lexical C definition; preprocessor branches not resolved
firmware/app/src/app_gateway_command_observability.c	14	kind_valid	4		lexical C definition; preprocessor branches not resolved
firmware/app/src/app_gateway_command_observability.c	20	stage_valid	4		lexical C definition; preprocessor branches not resolved
firmware/app/src/app_gateway_command_observability.c	26	status_valid	3	error_paths	lexical C definition; preprocessor branches not resolved
firmware/app/src/app_gateway_command_observability.c	31	reason_valid	4		lexical C definition; preprocessor branches not resolved
firmware/app/src/app_gateway_command_observability.c	37	event_valid	13		lexical C definition; preprocessor branches not resolved
firmware/app/src/app_gateway_command_observability.c	52	snapshot_for_kind	6		lexical C definition; preprocessor branches not resolved
firmware/app/src/app_gateway_command_observability.c	62	event_put_u16	4		lexical C definition; preprocessor branches not resolved
firmware/app/src/app_gateway_command_observability.c	68	event_put_u32	4		lexical C definition; preprocessor branches not resolved
firmware/app/src/app_gateway_command_observability.c	74	event_put_u64	4		lexical C definition; preprocessor branches not resolved
firmware/app/src/app_gateway_command_observability.c	80	event_get_u16	6		lexical C definition; preprocessor branches not resolved
firmware/app/src/app_gateway_command_observability.c	88	event_get_u32	6		lexical C definition; preprocessor branches not resolved
firmware/app/src/app_gateway_command_observability.c	96	event_get_u64	6		lexical C definition; preprocessor branches not resolved
firmware/app/src/app_gateway_command_observability.c	104	gateway_command_observability_init	5		lexical C definition; preprocessor branches not resolved
firmware/app/src/app_gateway_command_observability.c	112	gateway_command_event_encode	44	error_paths	lexical C definition; preprocessor branches not resolved
firmware/app/src/app_gateway_command_observability.c	161	gateway_command_event_decode	46	error_paths	lexical C definition; preprocessor branches not resolved
firmware/app/src/app_gateway_command_observability.c	211	gateway_command_observability_prepare_with_sequence	53	error_paths	lexical C definition; preprocessor branches not resolved
firmware/app/src/app_gateway_command_observability.c	270	gateway_command_observability_prepare	13	error_paths	lexical C definition; preprocessor branches not resolved
firmware/app/src/app_gateway_command_observability.c	288	gateway_command_observability_note_enqueue	31		lexical C definition; preprocessor branches not resolved
firmware/app/src/app_gateway_command_observability.c	324	gateway_command_observability_pending_terminal	16		lexical C definition; preprocessor branches not resolved
firmware/app/src/app_gateway_command_observability.c	344	gateway_command_observability_reconnect_snapshot	15		lexical C definition; preprocessor branches not resolved
firmware/app/src/app_gateway_command_observability.c	364	gateway_command_observability_pending_snapshot	15		lexical C definition; preprocessor branches not resolved
firmware/app/src/app_gateway_command_observability.c	384	gateway_command_observability_mark_sent	26		lexical C definition; preprocessor branches not resolved
firmware/app/src/app_gateway_command_result.c	15	app_gateway_command_result_queue_init	5		lexical C definition; preprocessor branches not resolved
firmware/app/src/app_gateway_command_result.c	23	command_result_slot_bit	3		lexical C definition; preprocessor branches not resolved
firmware/app/src/app_gateway_command_result.c	28	command_result_slot_free	5		lexical C definition; preprocessor branches not resolved
firmware/app/src/app_gateway_command_result.c	37	command_result_free_slot	10		lexical C definition; preprocessor branches not resolved
firmware/app/src/app_gateway_command_result.c	50	command_result_identity_store	6		lexical C definition; preprocessor branches not resolved
firmware/app/src/app_gateway_command_result.c	60	command_result_identity_matches	8		lexical C definition; preprocessor branches not resolved
firmware/app/src/app_gateway_command_result.c	72	command_result_identity_apply	6		lexical C definition; preprocessor branches not resolved
firmware/app/src/app_gateway_command_result.c	82	reservation_index_for_token	17		lexical C definition; preprocessor branches not resolved
firmware/app/src/app_gateway_command_result.c	103	reservation_matches_original_command	6		lexical C definition; preprocessor branches not resolved
firmware/app/src/app_gateway_command_result.c	114	reservation_index_for_original_command	10		lexical C definition; preprocessor branches not resolved
firmware/app/src/app_gateway_command_result.c	130	reservation_index_for_terminal_command	19		lexical C definition; preprocessor branches not resolved
firmware/app/src/app_gateway_command_result.c	155	reservation_clear	14		lexical C definition; preprocessor branches not resolved
firmware/app/src/app_gateway_command_result.c	173	command_result_queue_append	19		lexical C definition; preprocessor branches not resolved
firmware/app/src/app_gateway_command_result.c	198	app_gateway_command_result_queue_push	22	error_paths	lexical C definition; preprocessor branches not resolved
firmware/app/src/app_gateway_command_result.c	226	app_gateway_command_result_reserve	33	error_paths	lexical C definition; preprocessor branches not resolved
firmware/app/src/app_gateway_command_result.c	263	app_gateway_command_result_bind	17	error_paths	lexical C definition; preprocessor branches not resolved
firmware/app/src/app_gateway_command_result.c	286	app_gateway_command_result_rebind	23	error_paths	lexical C definition; preprocessor branches not resolved
firmware/app/src/app_gateway_command_result.c	316	app_gateway_command_result_terminal_command	24	error_paths	lexical C definition; preprocessor branches not resolved
firmware/app/src/app_gateway_command_result.c	347	app_gateway_command_result_release	9	error_paths	lexical C definition; preprocessor branches not resolved
firmware/app/src/app_gateway_command_result.c	360	app_gateway_command_result_release_command	10	error_paths	lexical C definition; preprocessor branches not resolved
firmware/app/src/app_gateway_command_result.c	376	app_gateway_command_result_release_terminal	10	error_paths	lexical C definition; preprocessor branches not resolved
firmware/app/src/app_gateway_command_result.c	392	app_gateway_command_result_commit	29	error_paths	lexical C definition; preprocessor branches not resolved
firmware/app/src/app_gateway_command_result.c	430	app_gateway_command_result_flush_begin	7		lexical C definition; preprocessor branches not resolved
firmware/app/src/app_gateway_command_result.c	440	app_gateway_command_result_flush_end	5		lexical C definition; preprocessor branches not resolved
firmware/app/src/app_gateway_command_result.c	448	app_gateway_command_result_queue_peek	30	error_paths	lexical C definition; preprocessor branches not resolved
firmware/app/src/app_gateway_command_result.c	482	app_gateway_command_result_queue_pop	23	error_paths	lexical C definition; preprocessor branches not resolved
firmware/app/src/app_gateway_command_result.c	508	app_gateway_command_result_queue_depth	3		lexical C definition; preprocessor branches not resolved
firmware/app/src/app_gateway_command_result.c	514	app_gateway_command_result_reservation_depth	3		lexical C definition; preprocessor branches not resolved
firmware/app/src/app_gateway_command_result.c	520	app_gateway_command_result_occupancy	4		lexical C definition; preprocessor branches not resolved
firmware/app/src/app_gateway_control_sequence.c	52	gateway_control_sequence_increment	3		lexical C definition; preprocessor branches not resolved
firmware/app/src/app_gateway_control_sequence.c	57	gateway_control_sequence_elapsed	3		lexical C definition; preprocessor branches not resolved
firmware/app/src/app_gateway_control_sequence.c	64	gateway_control_sequence_wait_until	5		lexical C definition; preprocessor branches not resolved
firmware/app/src/app_gateway_control_sequence.c	73	gateway_control_sequence_runway_locked	4		lexical C definition; preprocessor branches not resolved
firmware/app/src/app_gateway_control_sequence.c	79	gateway_control_sequence_available_locked	12		lexical C definition; preprocessor branches not resolved
firmware/app/src/app_gateway_control_sequence.c	93	gateway_control_sequence_schedule_maintenance_locked	13	error_paths;scheduling	lexical C definition; preprocessor branches not resolved
firmware/app/src/app_gateway_control_sequence.c	109	gateway_control_sequence_maintenance_needed_locked	7		lexical C definition; preprocessor branches not resolved
firmware/app/src/app_gateway_control_sequence.c	118	gateway_control_sequence_ensure_maintenance_locked	17	error_paths;scheduling	lexical C definition; preprocessor branches not resolved
firmware/app/src/app_gateway_control_sequence.c	139	gateway_control_sequence_reserve_block	28	error_paths	lexical C definition; preprocessor branches not resolved
firmware/app/src/app_gateway_control_sequence.c	171	gateway_control_sequence_maintain_at	72	error_paths	lexical C definition; preprocessor branches not resolved
firmware/app/src/app_gateway_control_sequence.c	245	gateway_control_sequence_maintenance_handler	4		lexical C definition; preprocessor branches not resolved
firmware/app/src/app_gateway_control_sequence.c	251	app_gateway_control_sequence_init	34	cleanup	lexical C definition; preprocessor branches not resolved
firmware/app/src/app_gateway_control_sequence.c	287	app_gateway_control_sequence_next	47	error_paths	lexical C definition; preprocessor branches not resolved
firmware/app/src/app_gateway_control_sequence.c	336	app_gateway_control_sequence_next_receiptable	17	error_paths	lexical C definition; preprocessor branches not resolved
firmware/app/src/app_gateway_control_sequence.c	355	app_gateway_control_sequence_admission_available	11		lexical C definition; preprocessor branches not resolved
firmware/app/src/app_gateway_control_sequence.c	368	app_gateway_control_sequence_maintain	3		lexical C definition; preprocessor branches not resolved
firmware/app/src/app_gateway_control_sequence.c	374	app_gateway_control_sequence_test_maintain_at	3		lexical C definition; preprocessor branches not resolved
firmware/app/src/app_gateway_control_sequence.c	379	app_gateway_control_sequence_test_reset	14		lexical C definition; preprocessor branches not resolved
firmware/app/src/app_gateway_control_sequence.c	395	app_gateway_control_sequence_test_set_schedule_result	5		lexical C definition; preprocessor branches not resolved
firmware/app/src/app_gateway_control_sequence.c	402	app_gateway_control_sequence_test_schedule_calls	8		lexical C definition; preprocessor branches not resolved
firmware/app/src/app_gateway_eack_policy.c	6	return_target_valid	3		lexical C definition; preprocessor branches not resolved
firmware/app/src/app_gateway_eack_policy.c	11	return_target_already_tried	8		lexical C definition; preprocessor branches not resolved
firmware/app/src/app_gateway_eack_policy.c	23	result_init	6		lexical C definition; preprocessor branches not resolved
firmware/app/src/app_gateway_eack_policy.c	31	result_note_channel9_plan	5		lexical C definition; preprocessor branches not resolved
firmware/app/src/app_gateway_eack_policy.c	39	result_note_channel9_send	5		lexical C definition; preprocessor branches not resolved
firmware/app/src/app_gateway_eack_policy.c	47	result_note_channel9_prepare	5		lexical C definition; preprocessor branches not resolved
firmware/app/src/app_gateway_eack_policy.c	55	result_note_c5_send	5		lexical C definition; preprocessor branches not resolved
firmware/app/src/app_gateway_eack_policy.c	63	result_note_channel9_candidate	5		lexical C definition; preprocessor branches not resolved
firmware/app/src/app_gateway_eack_policy.c	70	result_note_channel9_attempt	5		lexical C definition; preprocessor branches not resolved
firmware/app/src/app_gateway_eack_policy.c	77	result_note_channel9_next_hop	5		lexical C definition; preprocessor branches not resolved
firmware/app/src/app_gateway_eack_policy.c	85	result_note_mode	5		lexical C definition; preprocessor branches not resolved
firmware/app/src/app_gateway_eack_policy.c	93	app_gateway_eack_send_to_candidates_with_current_channel9	126	error_paths;cleanup	lexical C definition; preprocessor branches not resolved
firmware/app/src/app_gateway_eack_policy.c	228	app_gateway_eack_send_to_candidates	10		lexical C definition; preprocessor branches not resolved
firmware/app/src/app_gateway_eack_policy.c	244	app_gateway_eack_send	3		lexical C definition; preprocessor branches not resolved
firmware/app/src/app_gateway_eack_retry.c	5	collection_identity_valid	6		lexical C definition; preprocessor branches not resolved
firmware/app/src/app_gateway_eack_retry.c	14	collection_identity	9		lexical C definition; preprocessor branches not resolved
firmware/app/src/app_gateway_eack_retry.c	26	identity_equal	7		lexical C definition; preprocessor branches not resolved
firmware/app/src/app_gateway_eack_retry.c	37	packet_equal	11		lexical C definition; preprocessor branches not resolved
firmware/app/src/app_gateway_eack_retry.c	51	eack_packet_matches_collection	20		lexical C definition; preprocessor branches not resolved
firmware/app/src/app_gateway_eack_retry.c	77	eack_matches_collection	7		lexical C definition; preprocessor branches not resolved
firmware/app/src/app_gateway_eack_retry.c	88	app_gateway_eack_retry_snapshot_active	11		lexical C definition; preprocessor branches not resolved
firmware/app/src/app_gateway_eack_retry.c	103	app_gateway_eack_retry_freeze	33	cleanup	lexical C definition; preprocessor branches not resolved
firmware/app/src/app_gateway_eack_retry.c	141	app_gateway_eack_retry_restore	23		lexical C definition; preprocessor branches not resolved
firmware/app/src/app_gateway_eack_retry.c	169	app_gateway_eack_retry_export_custody	14		lexical C definition; preprocessor branches not resolved
firmware/app/src/app_gateway_eack_retry.c	188	app_gateway_eack_retry_import_custody	38	error_paths;cleanup	lexical C definition; preprocessor branches not resolved
firmware/app/src/app_gateway_eack_retry.c	231	mix32	8		lexical C definition; preprocessor branches not resolved
firmware/app/src/app_gateway_eack_retry.c	241	retry_key	10		lexical C definition; preprocessor branches not resolved
firmware/app/src/app_gateway_eack_retry.c	254	app_gateway_eack_retry_note_failure	22	cleanup	lexical C definition; preprocessor branches not resolved
firmware/app/src/app_gateway_eack_retry.c	281	app_gateway_eack_retry_note_failed_channel9_target	26		lexical C definition; preprocessor branches not resolved
firmware/app/src/app_gateway_eack_retry.c	312	app_gateway_eack_retry_note_success	15		lexical C definition; preprocessor branches not resolved
firmware/app/src/app_gateway_eack_retry.c	331	app_gateway_eack_retry_commit_success	21		lexical C definition; preprocessor branches not resolved
firmware/app/src/app_gateway_eack_retry.c	355	app_gateway_eack_retry_reset	5		lexical C definition; preprocessor branches not resolved
firmware/app/src/app_gateway_operation_owner.h	26	app_gateway_operation_lease_valid	5		lexical C definition; preprocessor branches not resolved
firmware/app/src/app_gateway_operation_owner.h	34	app_gateway_operation_owner_claim	22	error_paths	lexical C definition; preprocessor branches not resolved
firmware/app/src/app_gateway_operation_owner.h	61	app_gateway_operation_owner_release	11	error_paths	lexical C definition; preprocessor branches not resolved
firmware/app/src/app_gateway_result_runtime.inc	100	gateway_pending_command_lock	7	error_paths	lexical C definition; preprocessor branches not resolved
firmware/app/src/app_gateway_result_runtime.inc	109	gateway_pending_snapshot_current_locked	19		lexical C definition; preprocessor branches not resolved
firmware/app/src/app_gateway_result_runtime.inc	131	gateway_command_result_validation_rearm_locked	32		lexical C definition; preprocessor branches not resolved
firmware/app/src/app_gateway_result_runtime.inc	166	gateway_command_result_timeout_arm	13	error_paths;cleanup;scheduling	lexical C definition; preprocessor branches not resolved
firmware/app/src/app_gateway_result_runtime.inc	182	gateway_command_result_validation_reserve	25	error_paths	lexical C definition; preprocessor branches not resolved
firmware/app/src/app_gateway_result_runtime.inc	212	gateway_protocol_validation_arm	30	error_paths	lexical C definition; preprocessor branches not resolved
firmware/app/src/app_gateway_result_runtime.inc	245	gateway_protocol_validation_complete	14	error_paths	lexical C definition; preprocessor branches not resolved
firmware/app/src/app_gateway_result_runtime.inc	262	gateway_protocol_validation_check_interval	16		lexical C definition; preprocessor branches not resolved
firmware/app/src/app_gateway_result_runtime.inc	282	gateway_command_result_validation_release_reserved	18	cleanup;scheduling	lexical C definition; preprocessor branches not resolved
firmware/app/src/app_gateway_result_runtime.inc	302	gateway_command_result_validation_adopt	27	error_paths	lexical C definition; preprocessor branches not resolved
firmware/app/src/app_gateway_result_runtime.inc	334	gateway_capture_decoded_command_result	12	error_paths	lexical C definition; preprocessor branches not resolved
firmware/app/src/app_gateway_result_runtime.inc	353	gateway_schedule_persistence_retry	31	cleanup;scheduling	lexical C definition; preprocessor branches not resolved
firmware/app/src/app_gateway_result_runtime.inc	386	gateway_finalize_collection_clear	8	cleanup	lexical C definition; preprocessor branches not resolved
firmware/app/src/app_gateway_result_runtime.inc	396	gateway_membership_clear_durable_evidence	14		lexical C definition; preprocessor branches not resolved
firmware/app/src/app_gateway_result_runtime.inc	412	gateway_membership_identity_from_publication	18	error_paths	lexical C definition; preprocessor branches not resolved
firmware/app/src/app_gateway_result_runtime.inc	435	gateway_membership_identity_matches_event	10		lexical C definition; preprocessor branches not resolved
firmware/app/src/app_gateway_result_runtime.inc	449	gateway_membership_receipt_validate	7		lexical C definition; preprocessor branches not resolved
firmware/app/src/app_gateway_result_runtime.inc	458	gateway_membership_hold_adoption	19	scheduling	lexical C definition; preprocessor branches not resolved
firmware/app/src/app_gateway_result_runtime.inc	482	gateway_membership_adopt_pending_commit	61	error_paths;cleanup	lexical C definition; preprocessor branches not resolved
firmware/app/src/app_gateway_result_runtime.inc	545	gateway_finalize_membership_clear	9		lexical C definition; preprocessor branches not resolved
firmware/app/src/app_gateway_result_runtime.inc	556	gateway_persistence_retry_work_handler	87	error_paths;cleanup;scheduling	lexical C definition; preprocessor branches not resolved
firmware/app/src/app_gateway_result_runtime.inc	645	gateway_command_result_tracking_resume	45	error_paths;cleanup;scheduling	lexical C definition; preprocessor branches not resolved
firmware/app/src/app_gateway_result_runtime.inc	693	gateway_survey_event_envelope_valid	60		lexical C definition; preprocessor branches not resolved
firmware/app/src/app_gateway_result_runtime.inc	757	gateway_ble_stream_packet	84	error_paths;scheduling	lexical C definition; preprocessor branches not resolved
firmware/app/src/app_gateway_result_runtime.inc	847	gateway_flush_host_command_results	64	error_paths;scheduling;unbounded_loop_candidate	lexical C definition; preprocessor branches not resolved
firmware/app/src/app_gateway_result_runtime.inc	913	gateway_command_result_reserve_ingress	14	error_paths	lexical C definition; preprocessor branches not resolved
firmware/app/src/app_gateway_result_runtime.inc	929	gateway_command_result_bind_ingress	9		lexical C definition; preprocessor branches not resolved
firmware/app/src/app_gateway_result_runtime.inc	942	gateway_command_result_rebind_command	13		lexical C definition; preprocessor branches not resolved
firmware/app/src/app_gateway_result_runtime.inc	960	gateway_command_result_terminal_command	13		lexical C definition; preprocessor branches not resolved
firmware/app/src/app_gateway_result_runtime.inc	979	gateway_command_result_release_ingress	11	cleanup	lexical C definition; preprocessor branches not resolved
firmware/app/src/app_gateway_result_runtime.inc	992	gateway_command_result_release_command	4	cleanup	lexical C definition; preprocessor branches not resolved
firmware/app/src/app_gateway_result_runtime.inc	1000	gateway_command_result_release_reserved	11	cleanup	lexical C definition; preprocessor branches not resolved
firmware/app/src/app_gateway_result_runtime.inc	1016	gateway_command_result_release_terminal_reserved	11	cleanup	lexical C definition; preprocessor branches not resolved
firmware/app/src/app_gateway_result_runtime.inc	1032	gateway_command_result_reserve_ingress	4	error_paths	lexical C definition; preprocessor branches not resolved
firmware/app/src/app_gateway_result_runtime.inc	1038	gateway_command_result_bind_ingress	6	error_paths	lexical C definition; preprocessor branches not resolved
firmware/app/src/app_gateway_result_runtime.inc	1048	gateway_command_result_rebind_command	6	error_paths	lexical C definition; preprocessor branches not resolved
firmware/app/src/app_gateway_result_runtime.inc	1059	gateway_command_result_terminal_command	7	error_paths	lexical C definition; preprocessor branches not resolved
firmware/app/src/app_gateway_result_runtime.inc	1072	gateway_command_result_release_ingress	3		lexical C definition; preprocessor branches not resolved
firmware/app/src/app_gateway_result_runtime.inc	1077	gateway_command_result_release_command	4		lexical C definition; preprocessor branches not resolved
firmware/app/src/app_gateway_result_runtime.inc	1085	gateway_command_result_release_reserved	5		lexical C definition; preprocessor branches not resolved
firmware/app/src/app_gateway_result_runtime.inc	1095	gateway_command_result_release_terminal_reserved	5		lexical C definition; preprocessor branches not resolved
firmware/app/src/app_gateway_result_runtime.inc	1106	gateway_ble_reserve_stream_packet	24	error_paths	lexical C definition; preprocessor branches not resolved
firmware/app/src/app_gateway_result_runtime.inc	1135	gateway_ble_commit_stream_reservation	22	error_paths;scheduling	lexical C definition; preprocessor branches not resolved
firmware/app/src/app_gateway_result_runtime.inc	1161	gateway_ble_commit_stream_reservation_projection	28	error_paths;scheduling	lexical C definition; preprocessor branches not resolved
firmware/app/src/app_gateway_result_runtime.inc	1195	gateway_ble_cancel_stream_reservation	11	cleanup	lexical C definition; preprocessor branches not resolved
firmware/app/src/app_gateway_result_runtime.inc	1208	gateway_ble_packet_identity_matches	9		lexical C definition; preprocessor branches not resolved
firmware/app/src/app_gateway_result_runtime.inc	1221	gateway_host_receipt_identity_matches	12		lexical C definition; preprocessor branches not resolved
firmware/app/src/app_gateway_result_runtime.inc	1242	gateway_local_command_result_packet	5		lexical C definition; preprocessor branches not resolved
firmware/app/src/app_gateway_result_runtime.inc	1252	gateway_ble_accept_host_receipt	114	error_paths	lexical C definition; preprocessor branches not resolved
firmware/app/src/app_gateway_result_runtime.inc	1371	gateway_ble_accept_host_receipt_frame	22	error_paths	lexical C definition; preprocessor branches not resolved
firmware/app/src/app_gateway_result_runtime.inc	1396	gateway_ble_finish_host_delivery	28	scheduling	lexical C definition; preprocessor branches not resolved
firmware/app/src/app_gateway_result_runtime.inc	1426	gateway_ble_stream_get_status	13		lexical C definition; preprocessor branches not resolved
firmware/app/src/app_gateway_result_runtime.inc	1446	gateway_validate_raw_command_result	55	error_paths	lexical C definition; preprocessor branches not resolved
firmware/app/src/app_gateway_result_runtime.inc	1507	gateway_validate_raw_result_bundle	106	error_paths	lexical C definition; preprocessor branches not resolved
firmware/app/src/app_gateway_result_runtime.inc	1618	gateway_preflight_result_semantic_delivery	191	error_paths;cleanup;scheduling	lexical C definition; preprocessor branches not resolved
firmware/app/src/app_gateway_result_runtime.inc	1817	gateway_collection_recovery_reserve_host_custody	19	error_paths;cleanup	lexical C definition; preprocessor branches not resolved
firmware/app/src/app_gateway_result_runtime.inc	1841	gateway_collection_recovery_cancel_host_custody	11	error_paths;cleanup	lexical C definition; preprocessor branches not resolved
firmware/app/src/app_gateway_result_runtime.inc	1857	gateway_collection_recovery_finish_host_delivery	11	error_paths;cleanup	lexical C definition; preprocessor branches not resolved
firmware/app/src/app_gateway_result_runtime.inc	1873	gateway_collection_recovery_active	7		lexical C definition; preprocessor branches not resolved
firmware/app/src/app_gateway_result_runtime.inc	1882	gateway_collection_recovery_flood_matches	9	cleanup	lexical C definition; preprocessor branches not resolved
firmware/app/src/app_gateway_result_runtime.inc	1894	gateway_collection_recovery_after_host_receipt	96	error_paths;cleanup	lexical C definition; preprocessor branches not resolved
firmware/app/src/app_gateway_result_runtime.inc	1995	gateway_result_bundle_host_projection_mask	42	error_paths	lexical C definition; preprocessor branches not resolved
firmware/app/src/app_gateway_result_runtime.inc	2044	gateway_finalize_semantic_delivery	65	error_paths	lexical C definition; preprocessor branches not resolved
firmware/app/src/app_gateway_result_runtime.inc	2118	gateway_encode_host_packet_frame	22	error_paths	lexical C definition; preprocessor branches not resolved
firmware/app/src/app_gateway_result_runtime.inc	2148	gateway_emit_host_packet	39	error_paths	lexical C definition; preprocessor branches not resolved
firmware/app/src/app_gateway_result_runtime.inc	2192	gateway_commit_host_command_result_reserved	53	error_paths	lexical C definition; preprocessor branches not resolved
firmware/app/src/app_gateway_result_runtime.inc	2252	gateway_emit_host_command_result_reserved	10	error_paths	lexical C definition; preprocessor branches not resolved
firmware/app/src/app_gateway_result_runtime.inc	2269	gateway_emit_host_command_result	20		lexical C definition; preprocessor branches not resolved
firmware/app/src/app_gateway_result_runtime.inc	2294	gateway_command_result_set_dispatch_token	3		lexical C definition; preprocessor branches not resolved
firmware/app/src/app_gateway_result_runtime.inc	2299	gateway_command_result_get_dispatch_token	3		lexical C definition; preprocessor branches not resolved
firmware/app/src/app_gateway_result_runtime.inc	2304	gateway_pending_command_matches	9		lexical C definition; preprocessor branches not resolved
firmware/app/src/app_gateway_result_runtime.inc	2315	gateway_clear_pending_command_result	22	cleanup	lexical C definition; preprocessor branches not resolved
firmware/app/src/app_gateway_result_runtime.inc	2339	gateway_begin_command_collection	73	error_paths;cleanup;scheduling	lexical C definition; preprocessor branches not resolved
firmware/app/src/app_gateway_result_runtime.inc	2414	gateway_set_registered_membership_roster	72	error_paths	lexical C definition; preprocessor branches not resolved
firmware/app/src/app_gateway_result_runtime.inc	2495	gateway_set_registered_membership_roster_ram_only	46	error_paths	lexical C definition; preprocessor branches not resolved
firmware/app/src/app_gateway_result_runtime.inc	2551	gateway_abort_pending_assignment_publication_ram_only	29	error_paths	lexical C definition; preprocessor branches not resolved
firmware/app/src/app_gateway_result_runtime.inc	2583	gateway_get_registered_membership_roster_with_slots	28	error_paths	lexical C definition; preprocessor branches not resolved
firmware/app/src/app_gateway_result_runtime.inc	2618	gateway_get_registered_membership_assignment_identity	30	error_paths	lexical C definition; preprocessor branches not resolved
firmware/app/src/app_gateway_result_runtime.inc	2656	gateway_registered_membership_proves_assignment_ack	40		lexical C definition; preprocessor branches not resolved
firmware/app/src/app_gateway_result_runtime.inc	2702	gateway_assignment_publication_pending	9		lexical C definition; preprocessor branches not resolved
firmware/app/src/app_gateway_result_runtime.inc	2713	gateway_assignment_publication_detach_rf_owner	28	error_paths	lexical C definition; preprocessor branches not resolved
firmware/app/src/app_gateway_result_runtime.inc	2744	gateway_complete_assignment_publication	58	error_paths	lexical C definition; preprocessor branches not resolved
firmware/app/src/app_gateway_result_runtime.inc	2806	gateway_clear_registered_membership_roster	31	error_paths;scheduling	lexical C definition; preprocessor branches not resolved
firmware/app/src/app_gateway_result_runtime.inc	2839	gateway_clear_registered_membership_roster_ram_only	73	error_paths;scheduling	lexical C definition; preprocessor branches not resolved
firmware/app/src/app_gateway_result_runtime.inc	2914	gateway_replay_pending_assignment_publication	159	error_paths;cleanup	lexical C definition; preprocessor branches not resolved
firmware/app/src/app_gateway_result_runtime.inc	3075	gateway_clear_command_collection	13		lexical C definition; preprocessor branches not resolved
firmware/app/src/app_gateway_result_runtime.inc	3090	gateway_command_timeout_side_effect_handler	70	cleanup;scheduling	lexical C definition; preprocessor branches not resolved
firmware/app/src/app_gateway_result_runtime.inc	3162	gateway_schedule_command_timeout_side_effects	19	error_paths;cleanup;scheduling	lexical C definition; preprocessor branches not resolved
firmware/app/src/app_gateway_result_runtime.inc	3183	gateway_command_timeout_side_effect_retry_handler	20	cleanup;scheduling	lexical C definition; preprocessor branches not resolved
firmware/app/src/app_gateway_result_runtime.inc	3206	gateway_command_result_timeout_handler	87	cleanup;scheduling	lexical C definition; preprocessor branches not resolved
firmware/app/src/app_gateway_result_runtime.inc	3295	gateway_note_command_result	278	error_paths;cleanup;scheduling	lexical C definition; preprocessor branches not resolved
firmware/app/src/app_gateway_result_runtime.inc	3582	gateway_note_command_result_bundle	14	error_paths	lexical C definition; preprocessor branches not resolved
firmware/app/src/app_gateway_result_runtime.inc	3603	gateway_begin_command_result_wait	4		lexical C definition; preprocessor branches not resolved
firmware/app/src/app_gateway_result_runtime.inc	3610	gateway_begin_command_result_wait_for	9	error_paths	lexical C definition; preprocessor branches not resolved
firmware/app/src/app_gateway_result_runtime.inc	3623	gateway_begin_command_result_wait_until	17	error_paths;cleanup	lexical C definition; preprocessor branches not resolved
firmware/app/src/app_gateway_result_runtime.inc	3645	gateway_command_result_wait_reserve	32	error_paths	lexical C definition; preprocessor branches not resolved
firmware/app/src/app_gateway_result_runtime.inc	3679	gateway_command_result_wait_cancel	19	error_paths	lexical C definition; preprocessor branches not resolved
firmware/app/src/app_gateway_result_runtime.inc	3700	gateway_command_result_wait_commit	88	error_paths;scheduling	lexical C definition; preprocessor branches not resolved
firmware/app/src/app_gateway_result_runtime.inc	3794	gateway_restore_membership_runtime	43	error_paths;cleanup	lexical C definition; preprocessor branches not resolved
firmware/app/src/app_gateway_result_runtime.inc	3839	gateway_command_result_tracking_init	56	error_paths;cleanup;scheduling	lexical C definition; preprocessor branches not resolved
firmware/app/src/app_gateway_result_runtime.inc	3897	gateway_commit_host_command_result_reserved	8	error_paths	lexical C definition; preprocessor branches not resolved
firmware/app/src/app_gateway_result_runtime.inc	3912	gateway_set_registered_membership_roster_ram_only	11	error_paths	lexical C definition; preprocessor branches not resolved
firmware/app/src/app_gateway_result_runtime.inc	3933	gateway_emit_host_command_result	6		lexical C definition; preprocessor branches not resolved
firmware/app/src/app_gateway_result_runtime.inc	3944	gateway_emit_host_command_result_reserved	7		lexical C definition; preprocessor branches not resolved
firmware/app/src/app_gateway_result_runtime.inc	3958	gateway_command_result_set_dispatch_token	3		lexical C definition; preprocessor branches not resolved
firmware/app/src/app_gateway_result_runtime.inc	3963	gateway_command_result_get_dispatch_token	3		lexical C definition; preprocessor branches not resolved
firmware/app/src/app_gateway_result_runtime.inc	3968	gateway_begin_command_result_wait	5	error_paths	lexical C definition; preprocessor branches not resolved
firmware/app/src/app_gateway_result_runtime.inc	3976	gateway_begin_command_result_wait_until	6	error_paths	lexical C definition; preprocessor branches not resolved
firmware/app/src/app_gateway_result_runtime.inc	3987	gateway_command_result_validation_reserve	6	error_paths	lexical C definition; preprocessor branches not resolved
firmware/app/src/app_gateway_result_runtime.inc	3998	gateway_protocol_validation_arm	7	error_paths	lexical C definition; preprocessor branches not resolved
firmware/app/src/app_gateway_result_runtime.inc	4008	gateway_protocol_validation_complete	5	error_paths	lexical C definition; preprocessor branches not resolved
firmware/app/src/app_gateway_result_runtime.inc	4016	gateway_protocol_validation_check_interval	5		lexical C definition; preprocessor branches not resolved
firmware/app/src/app_gateway_result_runtime.inc	4025	gateway_command_result_validation_release_reserved	3		lexical C definition; preprocessor branches not resolved
firmware/app/src/app_gateway_result_runtime.inc	4030	gateway_begin_command_result_wait_for	6	error_paths	lexical C definition; preprocessor branches not resolved
firmware/app/src/app_gateway_result_runtime.inc	4040	gateway_command_result_wait_reserve	4	error_paths	lexical C definition; preprocessor branches not resolved
firmware/app/src/app_gateway_result_runtime.inc	4046	gateway_command_result_wait_commit	7	error_paths	lexical C definition; preprocessor branches not resolved
firmware/app/src/app_gateway_result_runtime.inc	4059	gateway_command_result_wait_cancel	4	error_paths	lexical C definition; preprocessor branches not resolved
firmware/app/src/app_gateway_result_runtime.inc	4065	gateway_clear_pending_command_result	4		lexical C definition; preprocessor branches not resolved
firmware/app/src/app_gateway_result_runtime.inc	4071	gateway_begin_command_collection	4	error_paths	lexical C definition; preprocessor branches not resolved
firmware/app/src/app_gateway_result_runtime.inc	4077	gateway_clear_command_collection	3		lexical C definition; preprocessor branches not resolved
firmware/app/src/app_gateway_result_runtime.inc	4082	gateway_set_registered_membership_roster	11	error_paths	lexical C definition; preprocessor branches not resolved
firmware/app/src/app_gateway_result_runtime.inc	4102	gateway_get_registered_membership_roster_with_slots	12	error_paths	lexical C definition; preprocessor branches not resolved
firmware/app/src/app_gateway_result_runtime.inc	4121	gateway_get_registered_membership_assignment_identity	9	error_paths	lexical C definition; preprocessor branches not resolved
firmware/app/src/app_gateway_result_runtime.inc	4138	gateway_registered_membership_proves_assignment_ack	7	error_paths	lexical C definition; preprocessor branches not resolved
firmware/app/src/app_gateway_result_runtime.inc	4151	gateway_assignment_publication_pending	3		lexical C definition; preprocessor branches not resolved
firmware/app/src/app_gateway_result_runtime.inc	4156	gateway_replay_pending_assignment_publication	3	error_paths	lexical C definition; preprocessor branches not resolved
firmware/app/src/app_gateway_result_runtime.inc	4161	gateway_complete_assignment_publication	5	error_paths	lexical C definition; preprocessor branches not resolved
firmware/app/src/app_gateway_result_runtime.inc	4170	gateway_clear_registered_membership_roster	2		lexical C definition; preprocessor branches not resolved
firmware/app/src/app_gateway_result_runtime.inc	4174	gateway_clear_registered_membership_roster_ram_only	3	error_paths	lexical C definition; preprocessor branches not resolved
firmware/app/src/app_gateway_result_runtime.inc	4179	gateway_note_command_result	11	error_paths	lexical C definition; preprocessor branches not resolved
firmware/app/src/app_gateway_result_runtime.inc	4199	gateway_note_command_result_bundle	9	error_paths	lexical C definition; preprocessor branches not resolved
firmware/app/src/app_gateway_result_runtime.inc	4215	gateway_command_result_tracking_init	2		lexical C definition; preprocessor branches not resolved
firmware/app/src/app_gateway_result_runtime.inc	4219	gateway_command_result_tracking_resume	2		lexical C definition; preprocessor branches not resolved
firmware/app/src/app_mesh_arbitration_zephyr.c	27	schedule_error_retryable	3		lexical C definition; preprocessor branches not resolved
firmware/app/src/app_mesh_arbitration_zephyr.c	32	generation_next	4		lexical C definition; preprocessor branches not resolved
firmware/app/src/app_mesh_arbitration_zephyr.c	38	handoff_event	9		lexical C definition; preprocessor branches not resolved
firmware/app/src/app_mesh_arbitration_zephyr.c	49	schedule_pending_work	11	error_paths;scheduling	lexical C definition; preprocessor branches not resolved
firmware/app/src/app_mesh_arbitration_zephyr.c	62	schedule_retry_owner	4	scheduling	lexical C definition; preprocessor branches not resolved
firmware/app/src/app_mesh_arbitration_zephyr.c	68	drive_schedule_locked	57	error_paths;cleanup;scheduling;unbounded_loop_candidate	lexical C definition; preprocessor branches not resolved
firmware/app/src/app_mesh_arbitration_zephyr.c	130	notify_failure	5		lexical C definition; preprocessor branches not resolved
firmware/app/src/app_mesh_arbitration_zephyr.c	141	retry_work_handler	25	scheduling	lexical C definition; preprocessor branches not resolved
firmware/app/src/app_mesh_arbitration_zephyr.c	168	app_mesh_arbitration_zephyr_gateway_bind_admission_cutoff	17	error_paths	lexical C definition; preprocessor branches not resolved
firmware/app/src/app_mesh_arbitration_zephyr.c	189	app_mesh_arbitration_zephyr_gateway_command_submit	55	error_paths;cleanup	lexical C definition; preprocessor branches not resolved
firmware/app/src/app_mesh_arbitration_zephyr.c	248	app_mesh_arbitration_zephyr_gateway_receive_abort_observed	30	scheduling	lexical C definition; preprocessor branches not resolved
firmware/app/src/app_mesh_arbitration_zephyr.c	280	app_mesh_arbitration_zephyr_gateway_set_schedule_failure_handler	7		lexical C definition; preprocessor branches not resolved
firmware/app/src/app_mesh_async_route_request.c	5	c5_authorization_equal	16		lexical C definition; preprocessor branches not resolved
firmware/app/src/app_mesh_async_route_request.c	25	transfer_identity_valid	9		lexical C definition; preprocessor branches not resolved
firmware/app/src/app_mesh_async_route_request.c	38	transfer_identity_equal	8		lexical C definition; preprocessor branches not resolved
firmware/app/src/app_mesh_async_route_request.c	50	attempt_matches	5		lexical C definition; preprocessor branches not resolved
firmware/app/src/app_mesh_async_route_request.c	59	app_mesh_async_route_request_init	5		lexical C definition; preprocessor branches not resolved
firmware/app/src/app_mesh_async_route_request.c	67	app_mesh_async_route_request_submit	60		lexical C definition; preprocessor branches not resolved
firmware/app/src/app_mesh_async_route_request.c	135	app_mesh_async_route_request_snapshot	15		lexical C definition; preprocessor branches not resolved
firmware/app/src/app_mesh_async_route_request.c	154	app_mesh_async_route_request_complete	12		lexical C definition; preprocessor branches not resolved
firmware/app/src/app_mesh_async_route_request.c	170	app_mesh_async_route_request_defer	9		lexical C definition; preprocessor branches not resolved
firmware/app/src/app_mesh_async_route_request.c	185	app_mesh_async_route_request_retry_delay_ms	12		lexical C definition; preprocessor branches not resolved
firmware/app/src/app_mesh_async_route_request.c	202	app_mesh_async_route_request_transfer_matches	12		lexical C definition; preprocessor branches not resolved
firmware/app/src/app_mesh_c5_priority.c	8	event_control_type	6		lexical C definition; preprocessor branches not resolved
firmware/app/src/app_mesh_c5_priority.c	16	targeted_control_followup_type	3		lexical C definition; preprocessor branches not resolved
firmware/app/src/app_mesh_c5_priority.c	21	targeted_control_previous_hop_valid	5		lexical C definition; preprocessor branches not resolved
firmware/app/src/app_mesh_c5_priority.c	29	app_mesh_c5_flood_should_defer	15		lexical C definition; preprocessor branches not resolved
firmware/app/src/app_mesh_c5_priority.c	47	app_mesh_c5_gateway_rx_should_yield_to_response	8		lexical C definition; preprocessor branches not resolved
firmware/app/src/app_mesh_c5_priority.c	58	app_mesh_c5_gateway_route_adv_allowed	3		lexical C definition; preprocessor branches not resolved
firmware/app/src/app_mesh_c5_priority.c	63	app_mesh_c5_contact_expired	7		lexical C definition; preprocessor branches not resolved
firmware/app/src/app_mesh_c5_priority.c	74	app_mesh_c5_contact_accepted	8		lexical C definition; preprocessor branches not resolved
firmware/app/src/app_mesh_c5_priority.c	88	app_mesh_c5_route_capture_relevant	98		lexical C definition; preprocessor branches not resolved
firmware/app/src/app_mesh_c5_priority.c	189	app_mesh_c5_route_capture_completes_discovery	4		lexical C definition; preprocessor branches not resolved
firmware/app/src/app_mesh_c5_priority.c	195	app_mesh_c5_route_capture_completes_uplink	14		lexical C definition; preprocessor branches not resolved
firmware/app/src/app_mesh_c5_priority.c	211	app_mesh_c5_route_capture_yields_to_competing_request	3		lexical C definition; preprocessor branches not resolved
firmware/app/src/app_mesh_c5_priority.c	216	app_mesh_c5_route_capture_requires_ack_hold	3		lexical C definition; preprocessor branches not resolved
firmware/app/src/app_mesh_c5_priority.c	221	app_mesh_c5_route_capture_requires_inline_timing_install	3		lexical C definition; preprocessor branches not resolved
firmware/app/src/app_mesh_c5_priority.c	228	app_mesh_c5_route_capture_requires_post_rx_response	3		lexical C definition; preprocessor branches not resolved
firmware/app/src/app_mesh_c5_priority.c	233	app_mesh_c5_route_capture_receive_aborted	3		lexical C definition; preprocessor branches not resolved
firmware/app/src/app_mesh_c5_priority.c	238	app_mesh_c5_gateway_control_origin_ttl	18		lexical C definition; preprocessor branches not resolved
firmware/app/src/app_mesh_c5_priority.c	260	app_mesh_c5_gateway_operation_outranks_unaccepted_click	25		lexical C definition; preprocessor branches not resolved
firmware/app/src/app_mesh_c5_priority.c	290	app_mesh_c5_event_accept_reservation	22		lexical C definition; preprocessor branches not resolved
firmware/app/src/app_mesh_c5_priority.c	317	app_mesh_c5_control_uses_extended_phr	12		lexical C definition; preprocessor branches not resolved
firmware/app/src/app_mesh_c5_priority.c	333	app_mesh_c5_wake_claim_preempts_mesh	4		lexical C definition; preprocessor branches not resolved
firmware/app/src/app_mesh_c5_priority.c	339	app_mesh_c5_wake_claim_requires_anchor_handoff	4		lexical C definition; preprocessor branches not resolved
firmware/app/src/app_mesh_c5_priority.c	346	app_mesh_c5_route_wake_claim_allowed	9		lexical C definition; preprocessor branches not resolved
firmware/app/src/app_mesh_c5_priority.c	362	app_mesh_c5_route_wake_should_listen	19		lexical C definition; preprocessor branches not resolved
firmware/app/src/app_mesh_c5_priority.c	388	app_mesh_c5_connected_gap_route_handoff_required	16		lexical C definition; preprocessor branches not resolved
firmware/app/src/app_mesh_c5_priority.c	411	app_mesh_c5_gateway_control_copy_allowed	5		lexical C definition; preprocessor branches not resolved
firmware/app/src/app_mesh_c5_priority.c	422	app_mesh_c5_gateway_control_rx_allowed	26		lexical C definition; preprocessor branches not resolved
firmware/app/src/app_mesh_c5_priority.c	459	app_mesh_c5_gateway_route_adv_rx_allowed	10		lexical C definition; preprocessor branches not resolved
firmware/app/src/app_mesh_c5_priority.c	473	app_mesh_c5_control_route_hint_is_first	27		lexical C definition; preprocessor branches not resolved
firmware/app/src/app_mesh_c5_priority.c	504	app_mesh_c5_wake_followup_uses_extended_phr	3		lexical C definition; preprocessor branches not resolved
firmware/app/src/app_mesh_c5_priority.c	509	app_mesh_c5_wake_followup_is_control	3		lexical C definition; preprocessor branches not resolved
firmware/app/src/app_mesh_c5_priority.c	514	app_mesh_c5_control_followup_yields_to_ack	5		lexical C definition; preprocessor branches not resolved
firmware/app/src/app_mesh_c5_priority.c	522	app_mesh_c5_command_followup_holds_same_train_wake	4		lexical C definition; preprocessor branches not resolved
firmware/app/src/app_mesh_c5_priority.c	530	app_mesh_c5_route_reply_listen_window_ms	32		lexical C definition; preprocessor branches not resolved
firmware/app/src/app_mesh_c5_priority.c	566	app_mesh_c5_route_adv_response_delay_ms	14		lexical C definition; preprocessor branches not resolved
firmware/app/src/app_mesh_c5_priority.c	585	app_mesh_c5_connected_gap_window_ms	17		lexical C definition; preprocessor branches not resolved
firmware/app/src/app_mesh_c5_priority.c	605	app_mesh_c5_connected_gap_reschedule_ms	10		lexical C definition; preprocessor branches not resolved
firmware/app/src/app_mesh_c5_priority.c	620	app_mesh_c5_connected_gap_rx_action	12		lexical C definition; preprocessor branches not resolved
firmware/app/src/app_mesh_ch9_ack.c	20	ack_semantic_identity_append	19		lexical C definition; preprocessor branches not resolved
firmware/app/src/app_mesh_ch9_ack.c	45	ack_single_semantic_identity	53	error_paths	lexical C definition; preprocessor branches not resolved
firmware/app/src/app_mesh_ch9_ack.c	102	ack_queue_result_set	5		lexical C definition; preprocessor branches not resolved
firmware/app/src/app_mesh_ch9_ack.c	110	ack_template_supported	5		lexical C definition; preprocessor branches not resolved
firmware/app/src/app_mesh_ch9_ack.c	117	ack_table_find_peer	13		lexical C definition; preprocessor branches not resolved
firmware/app/src/app_mesh_ch9_ack.c	134	ack_table_find_peer_const	13		lexical C definition; preprocessor branches not resolved
firmware/app/src/app_mesh_ch9_ack.c	151	ack_table_find_free	12		lexical C definition; preprocessor branches not resolved
firmware/app/src/app_mesh_ch9_ack.c	166	ack_batch_reset_generated	45	error_paths	lexical C definition; preprocessor branches not resolved
firmware/app/src/app_mesh_ch9_ack.c	216	ack_batch_matches_generated	9		lexical C definition; preprocessor branches not resolved
firmware/app/src/app_mesh_ch9_ack.c	229	ack_batch_is_forwarded_gateway_ack	4		lexical C definition; preprocessor branches not resolved
firmware/app/src/app_mesh_ch9_ack.c	236	forwarded_ack_matches_exact	26		lexical C definition; preprocessor branches not resolved
firmware/app/src/app_mesh_ch9_ack.c	266	app_mesh_ch9_ack_table_init	5		lexical C definition; preprocessor branches not resolved
firmware/app/src/app_mesh_ch9_ack.c	273	app_mesh_ch9_ack_table_peer_count	13		lexical C definition; preprocessor branches not resolved
firmware/app/src/app_mesh_ch9_ack.c	289	app_mesh_ch9_ack_table_any_pending	3		lexical C definition; preprocessor branches not resolved
firmware/app/src/app_mesh_ch9_ack.c	295	app_mesh_ch9_ack_batch_consumes_next_peer_turn	12		lexical C definition; preprocessor branches not resolved
firmware/app/src/app_mesh_ch9_ack.c	310	app_mesh_ch9_ack_batch_retires_peer_timing	12		lexical C definition; preprocessor branches not resolved
firmware/app/src/app_mesh_ch9_ack.c	325	app_mesh_ch9_ack_table_pending_for_peer	6		lexical C definition; preprocessor branches not resolved
firmware/app/src/app_mesh_ch9_ack.c	335	app_mesh_ch9_ack_table_get_peer	3		lexical C definition; preprocessor branches not resolved
firmware/app/src/app_mesh_ch9_ack.c	342	app_mesh_ch9_ack_table_queue	101	error_paths;cleanup	lexical C definition; preprocessor branches not resolved
firmware/app/src/app_mesh_ch9_ack.c	449	ack_table_queue_forwarded_owned	44		lexical C definition; preprocessor branches not resolved
firmware/app/src/app_mesh_ch9_ack.c	499	app_mesh_ch9_ack_table_queue_forwarded	4		lexical C definition; preprocessor branches not resolved
firmware/app/src/app_mesh_ch9_ack.c	508	app_mesh_ch9_ack_table_queue_late_forwarded	4		lexical C definition; preprocessor branches not resolved
firmware/app/src/app_mesh_ch9_ack.c	517	app_mesh_ch9_ack_table_build_peer	114	error_paths	lexical C definition; preprocessor branches not resolved
firmware/app/src/app_mesh_ch9_ack.c	636	app_mesh_ch9_ack_table_clear_peer	10		lexical C definition; preprocessor branches not resolved
firmware/app/src/app_mesh_ch9_ack.c	650	ack_retry_deadline_reached	3		lexical C definition; preprocessor branches not resolved
firmware/app/src/app_mesh_ch9_ack.c	655	app_mesh_ch9_ack_table_retry_ready	9	scheduling	lexical C definition; preprocessor branches not resolved
firmware/app/src/app_mesh_ch9_ack.c	669	app_mesh_ch9_ack_table_retry_wait_ms	10	scheduling	lexical C definition; preprocessor branches not resolved
firmware/app/src/app_mesh_ch9_ack.c	684	app_mesh_ch9_ack_table_note_send_failure	54	scheduling	lexical C definition; preprocessor branches not resolved
firmware/app/src/app_mesh_ch9_ack.c	745	app_mesh_ch9_ack_table_flush_peer	18	error_paths	lexical C definition; preprocessor branches not resolved
firmware/app/src/app_mesh_ch9_ack.c	769	ack_payload_contains_packet	13		lexical C definition; preprocessor branches not resolved
firmware/app/src/app_mesh_ch9_ack.c	789	app_mesh_ch9_tx_ack_apply	53	error_paths	lexical C definition; preprocessor branches not resolved
firmware/app/src/app_mesh_ch9_ack.c	849	app_mesh_ch9_tx_requeue_unacked	37		lexical C definition; preprocessor branches not resolved
firmware/app/src/app_mesh_ch9_ack.c	892	app_mesh_ch9_tx_should_track_ack	8		lexical C definition; preprocessor branches not resolved
firmware/app/src/app_mesh_ch9_ack.c	903	app_mesh_ch9_tx_should_track_sent	14		lexical C definition; preprocessor branches not resolved
firmware/app/src/app_mesh_ch9_ack.c	920	app_mesh_ch9_core_ack_wait_active	7		lexical C definition; preprocessor branches not resolved
firmware/app/src/app_mesh_ch9_ack.c	930	app_mesh_ch9_core_pending_allows_rx	8		lexical C definition; preprocessor branches not resolved
firmware/app/src/app_mesh_ch9_ack.c	941	c5_repair_pending_state_matches	21		lexical C definition; preprocessor branches not resolved
firmware/app/src/app_mesh_ch9_ack.c	968	c5_late_gateway_ack_batch_matches	9		lexical C definition; preprocessor branches not resolved
firmware/app/src/app_mesh_ch9_ack.c	981	app_mesh_ch9_c5_repair_authorization_capture	57		lexical C definition; preprocessor branches not resolved
firmware/app/src/app_mesh_ch9_ack.c	1046	app_mesh_ch9_c5_repair_owner_matches	59		lexical C definition; preprocessor branches not resolved
firmware/app/src/app_mesh_ch9_ack.c	1111	app_mesh_c5_tx_authorization_token_equal	16		lexical C definition; preprocessor branches not resolved
firmware/app/src/app_mesh_ch9_ack.c	1131	app_mesh_ch9_c5_repair_allowed	43		lexical C definition; preprocessor branches not resolved
firmware/app/src/app_mesh_ch9_ack.c	1181	app_mesh_ch9_tx_max_in_flight	13		lexical C definition; preprocessor branches not resolved
firmware/app/src/app_mesh_ch9_ack.c	1198	app_mesh_ch9_tx_requires_tracked_single	6		lexical C definition; preprocessor branches not resolved
firmware/app/src/app_mesh_ch9_ack.c	1208	app_mesh_ch9_retry_next_local_tx_prepare_ms	22		lexical C definition; preprocessor branches not resolved
firmware/app/src/app_mesh_ch9_ack.c	1235	app_mesh_ch9_wait_plan_retry_delay_ms	13		lexical C definition; preprocessor branches not resolved
firmware/app/src/app_mesh_ch9_ack.c	1253	app_mesh_ch9_tx_timeout_counts_route_failure	10		lexical C definition; preprocessor branches not resolved
firmware/app/src/app_mesh_ch9_ack.c	1268	app_mesh_ch9_timeout_pressure_decide	15		lexical C definition; preprocessor branches not resolved
firmware/app/src/app_mesh_ch9_ack.c	1290	app_mesh_direct_gateway_ack_matches	22		lexical C definition; preprocessor branches not resolved
firmware/app/src/app_mesh_ch9_ack.c	1319	app_mesh_ch9_ack_complete_should_close_timing	16		lexical C definition; preprocessor branches not resolved
firmware/app/src/app_mesh_collection_deferral.c	5	app_mesh_collection_defer_active_result	22	scheduling	lexical C definition; preprocessor branches not resolved
firmware/app/src/app_mesh_command_orchestrator.c	6	app_mesh_command_orchestrator_reset	5		lexical C definition; preprocessor branches not resolved
firmware/app/src/app_mesh_command_orchestrator.c	14	app_mesh_command_orchestrator_activate	9	error_paths	lexical C definition; preprocessor branches not resolved
firmware/app/src/app_mesh_command_orchestrator.c	27	app_mesh_command_orchestrator_clear_safe_boundary	5		lexical C definition; preprocessor branches not resolved
firmware/app/src/app_mesh_command_orchestrator.c	35	app_mesh_command_orchestrator_mark_safe_boundary	5		lexical C definition; preprocessor branches not resolved
firmware/app/src/app_mesh_command_orchestrator.c	43	app_mesh_command_orchestrator_gateway_ingress	16	error_paths	lexical C definition; preprocessor branches not resolved
firmware/app/src/app_mesh_command_orchestrator.c	66	app_mesh_command_orchestrator_decide	9	error_paths	lexical C definition; preprocessor branches not resolved
firmware/app/src/app_mesh_command_orchestrator.c	81	app_mesh_command_orchestrator_safe_boundary	15	error_paths;scheduling	lexical C definition; preprocessor branches not resolved
firmware/app/src/app_mesh_command_orchestrator.c	102	app_mesh_command_orchestrator_prepare_flood	13	error_paths	lexical C definition; preprocessor branches not resolved
firmware/app/src/app_mesh_command_orchestrator.c	121	app_mesh_command_orchestrator_send_flood	8	error_paths	lexical C definition; preprocessor branches not resolved
firmware/app/src/app_mesh_command_orchestrator.c	134	app_mesh_command_orchestrator_serialize_flood	3		lexical C definition; preprocessor branches not resolved
firmware/app/src/app_mesh_command_orchestrator.c	142	app_mesh_command_orchestrator_anchor_receive	20	error_paths	lexical C definition; preprocessor branches not resolved
firmware/app/src/app_mesh_command_orchestrator.c	175	app_mesh_command_orchestrator_anchor_commit	8		lexical C definition; preprocessor branches not resolved
firmware/app/src/app_mesh_command_orchestrator.c	189	app_mesh_command_orchestrator_anchor_result	7	cleanup	lexical C definition; preprocessor branches not resolved
firmware/app/src/app_mesh_command_orchestrator.c	203	app_mesh_command_orchestrator_gateway_deliver	20	error_paths	lexical C definition; preprocessor branches not resolved
firmware/app/src/app_mesh_direct_gateway_retry.c	6	exponential_base_ms	11		lexical C definition; preprocessor branches not resolved
firmware/app/src/app_mesh_direct_gateway_retry.c	21	app_mesh_direct_gateway_retry_init	10	error_paths	lexical C definition; preprocessor branches not resolved
firmware/app/src/app_mesh_direct_gateway_retry.c	37	app_mesh_direct_gateway_retry_note	35	error_paths	lexical C definition; preprocessor branches not resolved
firmware/app/src/app_mesh_direct_gateway_retry.c	78	app_mesh_direct_gateway_retry_policy_horizon_ms	9		lexical C definition; preprocessor branches not resolved
firmware/app/src/app_mesh_direct_gateway_retry.c	92	app_mesh_direct_gateway_retry_deadline_reached	3		lexical C definition; preprocessor branches not resolved
firmware/app/src/app_mesh_direct_gateway_retry.c	98	app_mesh_direct_gateway_retry_deadline_remaining_ms	4	scheduling	lexical C definition; preprocessor branches not resolved
firmware/app/src/app_mesh_direct_probe_diag.c	22	app_mesh_direct_probe_breadcrumb_note	7		lexical C definition; preprocessor branches not resolved
firmware/app/src/app_mesh_direct_probe_diag.c	33	app_mesh_direct_probe_breadcrumb_boot_diagnostics	19	cleanup	lexical C definition; preprocessor branches not resolved
firmware/app/src/app_mesh_event_retry.c	7	deadline_reached	3		lexical C definition; preprocessor branches not resolved
firmware/app/src/app_mesh_event_retry.c	12	request_valid	5		lexical C definition; preprocessor branches not resolved
firmware/app/src/app_mesh_event_retry.c	20	request_key_equal	7		lexical C definition; preprocessor branches not resolved
firmware/app/src/app_mesh_event_retry.c	31	rf_retry_key_equal	9		lexical C definition; preprocessor branches not resolved
firmware/app/src/app_mesh_event_retry.c	43	known_parent_packet_key_valid	5		lexical C definition; preprocessor branches not resolved
firmware/app/src/app_mesh_event_retry.c	51	app_mesh_event_payload_digest	3		lexical C definition; preprocessor branches not resolved
firmware/app/src/app_mesh_event_retry.c	59	app_mesh_event_request_payload_equal	6		lexical C definition; preprocessor branches not resolved
firmware/app/src/app_mesh_event_retry.c	69	app_mesh_event_accept_timing_compatible	16		lexical C definition; preprocessor branches not resolved
firmware/app/src/app_mesh_event_retry.c	89	app_mesh_event_timing_apply_phase_shift	10		lexical C definition; preprocessor branches not resolved
firmware/app/src/app_mesh_event_retry.c	103	app_mesh_event_retry_match	13		lexical C definition; preprocessor branches not resolved
firmware/app/src/app_mesh_event_retry.c	121	app_mesh_event_accept_classify	33		lexical C definition; preprocessor branches not resolved
firmware/app/src/app_mesh_event_retry.c	163	app_mesh_event_retry_begin	24	error_paths;scheduling	lexical C definition; preprocessor branches not resolved
firmware/app/src/app_mesh_event_retry.c	197	app_mesh_event_retry_rebind_request	19	error_paths	lexical C definition; preprocessor branches not resolved
firmware/app/src/app_mesh_event_retry.c	221	app_mesh_event_retry_extend_deadline	10	error_paths;scheduling	lexical C definition; preprocessor branches not resolved
firmware/app/src/app_mesh_event_retry.c	236	app_mesh_event_retry_resume_backoff	10	error_paths	lexical C definition; preprocessor branches not resolved
firmware/app/src/app_mesh_event_retry.c	250	app_mesh_event_retry_note_failure	64	scheduling	lexical C definition; preprocessor branches not resolved
firmware/app/src/app_mesh_event_retry.c	322	app_mesh_event_retry_note_failure_limited	22		lexical C definition; preprocessor branches not resolved
firmware/app/src/app_mesh_event_retry.c	353	app_mesh_event_retry_note_send_success	9	cleanup	lexical C definition; preprocessor branches not resolved
firmware/app/src/app_mesh_event_retry.c	365	app_mesh_event_retry_claim_timing_install	7		lexical C definition; preprocessor branches not resolved
firmware/app/src/app_mesh_event_retry.c	375	app_mesh_event_retry_due	5	scheduling	lexical C definition; preprocessor branches not resolved
firmware/app/src/app_mesh_event_retry.c	383	app_mesh_event_retry_expired	4	scheduling	lexical C definition; preprocessor branches not resolved
firmware/app/src/app_mesh_event_retry.c	391	app_mesh_event_retry_clear	5		lexical C definition; preprocessor branches not resolved
firmware/app/src/app_mesh_event_retry.c	398	app_mesh_known_parent_contact_note_hard_failure	29		lexical C definition; preprocessor branches not resolved
firmware/app/src/app_mesh_event_retry.c	435	app_mesh_known_parent_contact_note_success	6		lexical C definition; preprocessor branches not resolved
firmware/app/src/app_mesh_event_retry.c	446	app_mesh_known_parent_contact_clear	5		lexical C definition; preprocessor branches not resolved
firmware/app/src/app_mesh_event_retry.c	454	app_mesh_event_completion_match	12	scheduling	lexical C definition; preprocessor branches not resolved
firmware/app/src/app_mesh_event_retry.c	472	app_mesh_event_completion_store	13	error_paths;scheduling	lexical C definition; preprocessor branches not resolved
firmware/app/src/app_mesh_flood.c	5	flood_deadline_reached	3		lexical C definition; preprocessor branches not resolved
firmware/app/src/app_mesh_flood.c	10	flood_age_add	4		lexical C definition; preprocessor branches not resolved
firmware/app/src/app_mesh_flood.c	16	flood_count_saturating_increment	5		lexical C definition; preprocessor branches not resolved
firmware/app/src/app_mesh_flood.c	23	flood_progress_timed_out	4	scheduling	lexical C definition; preprocessor branches not resolved
firmware/app/src/app_mesh_flood.c	31	flood_clamp_due_to_deadline	7	scheduling	lexical C definition; preprocessor branches not resolved
firmware/app/src/app_mesh_flood.c	42	flood_prepare_attempt	10		lexical C definition; preprocessor branches not resolved
firmware/app/src/app_mesh_flood.c	57	app_mesh_flood_repeat_limit	3		lexical C definition; preprocessor branches not resolved
firmware/app/src/app_mesh_flood.c	62	app_mesh_flood_backoff_ms	24		lexical C definition; preprocessor branches not resolved
firmware/app/src/app_mesh_flood.c	88	flood_destination_valid	17		lexical C definition; preprocessor branches not resolved
firmware/app/src/app_mesh_flood.c	107	flood_args_valid	13		lexical C definition; preprocessor branches not resolved
firmware/app/src/app_mesh_flood.c	123	app_mesh_flood_send_resume_limit	147	error_paths;scheduling	lexical C definition; preprocessor branches not resolved
firmware/app/src/app_mesh_flood.c	277	app_mesh_flood_send_bounded_resume	4		lexical C definition; preprocessor branches not resolved
firmware/app/src/app_mesh_flood.c	287	app_mesh_flood_send_opportunity	5		lexical C definition; preprocessor branches not resolved
firmware/app/src/app_mesh_flood.c	297	app_mesh_flood_send_opportunity_resume	7		lexical C definition; preprocessor branches not resolved
firmware/app/src/app_mesh_flood.c	310	app_mesh_flood_progress_rebase	7		lexical C definition; preprocessor branches not resolved
firmware/app/src/app_mesh_flood.c	320	app_mesh_flood_send_bounded	10		lexical C definition; preprocessor branches not resolved
firmware/app/src/app_mesh_gateway_ack_policy.c	7	decision_init	5		lexical C definition; preprocessor branches not resolved
firmware/app/src/app_mesh_gateway_ack_policy.c	14	app_mesh_gateway_ack_decide	47	cleanup	lexical C definition; preprocessor branches not resolved
firmware/app/src/app_mesh_gateway_command_flow.c	6	find_u8_tlv	19	error_paths	lexical C definition; preprocessor branches not resolved
firmware/app/src/app_mesh_gateway_command_flow.c	30	gateway_command_flow_find_u16_tlv	19	error_paths	lexical C definition; preprocessor branches not resolved
firmware/app/src/app_mesh_gateway_command_flow.c	54	app_mesh_gateway_command_flow_prepare	27	error_paths	lexical C definition; preprocessor branches not resolved
firmware/app/src/app_mesh_gateway_command_flow.c	90	app_mesh_gateway_command_flow_anchor_receive	31	error_paths	lexical C definition; preprocessor branches not resolved
firmware/app/src/app_mesh_gateway_command_flow.c	134	app_mesh_gateway_command_flow_anchor_remember	8		lexical C definition; preprocessor branches not resolved
firmware/app/src/app_mesh_gateway_command_flow.c	148	app_mesh_gateway_command_flow_init_result	19	error_paths;cleanup	lexical C definition; preprocessor branches not resolved
firmware/app/src/app_mesh_gateway_command_flow.c	174	app_mesh_gateway_command_flow_result_matches	7		lexical C definition; preprocessor branches not resolved
firmware/app/src/app_mesh_gateway_command_flow.c	185	app_mesh_gateway_command_flow_decode_result	39	error_paths	lexical C definition; preprocessor branches not resolved
firmware/app/src/app_mesh_preemption.c	6	app_mesh_tx_timeout_work_needed	3		lexical C definition; preprocessor branches not resolved
firmware/app/src/app_mesh_preemption.c	13	app_mesh_apply_click_preempt_plan	67	error_paths;cleanup;scheduling	lexical C definition; preprocessor branches not resolved
firmware/app/src/app_mesh_preemption.c	85	app_mesh_queue_remove_first	32	error_paths;cleanup	lexical C definition; preprocessor branches not resolved
firmware/app/src/app_mesh_preemption.c	123	app_mesh_queue_remove_first_owned	12	error_paths	lexical C definition; preprocessor branches not resolved
firmware/app/src/app_mesh_preemption.c	142	app_mesh_queue_head_owner_init	5		lexical C definition; preprocessor branches not resolved
firmware/app/src/app_mesh_preemption.c	149	app_mesh_queue_head_owned	3		lexical C definition; preprocessor branches not resolved
firmware/app/src/app_mesh_preemption.c	154	app_mesh_queue_head_begin	24	error_paths	lexical C definition; preprocessor branches not resolved
firmware/app/src/app_mesh_preemption.c	183	app_mesh_queue_head_commit	34	error_paths;cleanup	lexical C definition; preprocessor branches not resolved
firmware/app/src/app_mesh_preemption.c	223	app_mesh_queue_head_abort	11	error_paths	lexical C definition; preprocessor branches not resolved
firmware/app/src/app_mesh_preemption.c	237	app_mesh_parent_loss_custody_decide	9		lexical C definition; preprocessor branches not resolved
firmware/app/src/app_mesh_preemption.c	251	app_mesh_queue_reserve_decide	9		lexical C definition; preprocessor branches not resolved
firmware/app/src/app_mesh_report.c	110	app_mesh_report_note_click_listen_window	32		lexical C definition; preprocessor branches not resolved
firmware/app/src/app_mesh_report.c	146	app_mesh_report_click_listen_active	29		lexical C definition; preprocessor branches not resolved
firmware/app/src/app_mesh_report.c	178	app_mesh_report_click_participant	26		lexical C definition; preprocessor branches not resolved
firmware/app/src/app_mesh_report.c	838	mesh_gateway_command_orchestrator_context	3		lexical C definition; preprocessor branches not resolved
firmware/app/src/app_mesh_report.c	889	app_mesh_report_attach_gateway_ack_store	22	error_paths	lexical C definition; preprocessor branches not resolved
firmware/app/src/app_mesh_report.c	913	app_mesh_report_gateway_delivery_confirmation_pending	4		lexical C definition; preprocessor branches not resolved
firmware/app/src/app_mesh_report.c	923	app_mesh_report_gateway_identity_confirmation_pending	4		lexical C definition; preprocessor branches not resolved
firmware/app/src/app_mesh_report.c	934	app_mesh_report_gateway_operation_confirmation_pending	4		lexical C definition; preprocessor branches not resolved
firmware/app/src/app_mesh_report.c	943	app_mesh_report_gateway_origin_confirmation_pending	4		lexical C definition; preprocessor branches not resolved
firmware/app/src/app_mesh_report.c	950	app_mesh_report_attach_anchor_downlink_store	14	error_paths	lexical C definition; preprocessor branches not resolved
firmware/app/src/app_mesh_report.c	1045	mesh_route_ready_event_owner_set	8		lexical C definition; preprocessor branches not resolved
firmware/app/src/app_mesh_report.c	1058	mesh_route_ready_event_owner_matches	4		lexical C definition; preprocessor branches not resolved
firmware/app/src/app_mesh_report.c	1067	mesh_route_ready_event_owner_clear	4		lexical C definition; preprocessor branches not resolved
firmware/app/src/app_mesh_report.c	1458	mesh_stack_diag_radio_critical	5		lexical C definition; preprocessor branches not resolved
firmware/app/src/app_mesh_report.c	1465	mesh_stack_diag_hook_init	4		lexical C definition; preprocessor branches not resolved
firmware/app/src/app_mesh_report_c5_batch.inc	15	mesh_c5_update_credit	16		lexical C definition; preprocessor branches not resolved
firmware/app/src/app_mesh_report_c5_batch.inc	35	mesh_c5_capture_followers	63	error_paths;cleanup	lexical C definition; preprocessor branches not resolved
firmware/app/src/app_mesh_report_c5_batch.inc	101	mesh_c5_collect_ack	13		lexical C definition; preprocessor branches not resolved
firmware/app/src/app_mesh_report_c5_batch.inc	117	mesh_c5_flush_batch_ack	13		lexical C definition; preprocessor branches not resolved
firmware/app/src/app_mesh_report_c5_batch.inc	133	mesh_c5_batch_packet	8		lexical C definition; preprocessor branches not resolved
firmware/app/src/app_mesh_report_c5_batch.inc	145	mesh_c5_queue_during_ack_wait	7		lexical C definition; preprocessor branches not resolved
firmware/app/src/app_mesh_report_c5_batch.inc	154	mesh_c5_wait_batch_ack	92	error_paths;scheduling	lexical C definition; preprocessor branches not resolved
firmware/app/src/app_mesh_report_c5_batch.inc	252	mesh_c5_retire_batch_member	30	error_paths;cleanup	lexical C definition; preprocessor branches not resolved
firmware/app/src/app_mesh_report_c5_batch.inc	284	mesh_report_delivery_active	3		lexical C definition; preprocessor branches not resolved
firmware/app/src/app_mesh_report_c5_batch.inc	290	mesh_report_delivery_contains	17		lexical C definition; preprocessor branches not resolved
firmware/app/src/app_mesh_report_c5_batch.inc	309	mesh_report_delivery_complete	24		lexical C definition; preprocessor branches not resolved
firmware/app/src/app_mesh_report_c5_batch.inc	335	mesh_report_delivery_step	223	error_paths;cleanup;scheduling	lexical C definition; preprocessor branches not resolved
firmware/app/src/app_mesh_report_c5_batch.inc	560	mesh_report_delivery_step	1	error_paths	lexical C definition; preprocessor branches not resolved
firmware/app/src/app_mesh_report_c5_batch.inc	561	mesh_report_delivery_active	1		lexical C definition; preprocessor branches not resolved
firmware/app/src/app_mesh_report_coordination.inc	2	mesh_channel9_connection_count	10		lexical C definition; preprocessor branches not resolved
firmware/app/src/app_mesh_report_coordination.inc	14	mesh_gateway_route_test_role	3		lexical C definition; preprocessor branches not resolved
firmware/app/src/app_mesh_report_coordination.inc	19	mesh_gateway_route_test_peer_active	14		lexical C definition; preprocessor branches not resolved
firmware/app/src/app_mesh_report_coordination.inc	35	mesh_gateway_route_test_slots_full_for	5		lexical C definition; preprocessor branches not resolved
firmware/app/src/app_mesh_report_coordination.inc	42	mesh_gateway_route_test_ch5_scan_has_capacity	4		lexical C definition; preprocessor branches not resolved
firmware/app/src/app_mesh_report_coordination.inc	48	mesh_gateway_route_test_clear_preempt	14		lexical C definition; preprocessor branches not resolved
firmware/app/src/app_mesh_report_coordination.inc	64	mesh_gateway_route_test_preempt_active	11	scheduling	lexical C definition; preprocessor branches not resolved
firmware/app/src/app_mesh_report_coordination.inc	77	mesh_gateway_route_test_preempt_window_ms	8	scheduling	lexical C definition; preprocessor branches not resolved
firmware/app/src/app_mesh_report_coordination.inc	87	mesh_c5_contact_purpose_name	22		lexical C definition; preprocessor branches not resolved
firmware/app/src/app_mesh_report_coordination.inc	111	mesh_c5_contact_log	12		lexical C definition; preprocessor branches not resolved
firmware/app/src/app_mesh_report_coordination.inc	125	mesh_c5_contact_clear	9		lexical C definition; preprocessor branches not resolved
firmware/app/src/app_mesh_report_coordination.inc	136	mesh_c5_contact_clear_matching	9		lexical C definition; preprocessor branches not resolved
firmware/app/src/app_mesh_report_coordination.inc	149	mesh_c5_contact_expire_if_due	8		lexical C definition; preprocessor branches not resolved
firmware/app/src/app_mesh_report_coordination.inc	159	mesh_c5_contact_active	14		lexical C definition; preprocessor branches not resolved
firmware/app/src/app_mesh_report_coordination.inc	177	mesh_c5_contact_open	26		lexical C definition; preprocessor branches not resolved
firmware/app/src/app_mesh_report_coordination.inc	210	mesh_c5_contact_accept	27		lexical C definition; preprocessor branches not resolved
firmware/app/src/app_mesh_report_coordination.inc	242	mesh_c5_contact_exchange	15		lexical C definition; preprocessor branches not resolved
firmware/app/src/app_mesh_report_coordination.inc	262	mesh_c5_contact_peer_active	10		lexical C definition; preprocessor branches not resolved
firmware/app/src/app_mesh_report_coordination.inc	274	mesh_c5_exchange_duration_ms	16		lexical C definition; preprocessor branches not resolved
firmware/app/src/app_mesh_report_coordination.inc	292	mesh_route_reply_listen_window_ms	15		lexical C definition; preprocessor branches not resolved
firmware/app/src/app_mesh_report_coordination.inc	309	mesh_direct_gateway_bulk_probe_install_suppressed	17	scheduling	lexical C definition; preprocessor branches not resolved
firmware/app/src/app_mesh_report_coordination.inc	329	__attribute__	16		lexical C definition; preprocessor branches not resolved
firmware/app/src/app_mesh_report_coordination.inc	349	mesh_direct_gateway_bulk_probe_clear	12		lexical C definition; preprocessor branches not resolved
firmware/app/src/app_mesh_report_coordination.inc	363	mesh_c5_exchange_expires_at	3		lexical C definition; preprocessor branches not resolved
firmware/app/src/app_mesh_report_coordination.inc	368	mesh_click_priority_active	3		lexical C definition; preprocessor branches not resolved
firmware/app/src/app_mesh_report_coordination.inc	373	mesh_coordinator_decide_for_c5_intent	58	error_paths	lexical C definition; preprocessor branches not resolved
firmware/app/src/app_mesh_report_coordination.inc	437	mesh_coordinator_decide_now	4		lexical C definition; preprocessor branches not resolved
firmware/app/src/app_mesh_report_coordination.inc	445	mesh_coordinator_mesh_work_allowed	16		lexical C definition; preprocessor branches not resolved
firmware/app/src/app_mesh_report_coordination.inc	467	mesh_gateway_collection_recovery_receipt_c5_allowed	10	cleanup	lexical C definition; preprocessor branches not resolved
firmware/app/src/app_mesh_report_coordination.inc	485	mesh_gateway_collection_recovery_receipt_active	7	cleanup	lexical C definition; preprocessor branches not resolved
firmware/app/src/app_mesh_report_coordination.inc	494	mesh_c5_causal_response_candidate_valid	21		lexical C definition; preprocessor branches not resolved
firmware/app/src/app_mesh_report_coordination.inc	519	mesh_c5_ack_rx_timing_response_candidate_valid	30		lexical C definition; preprocessor branches not resolved
firmware/app/src/app_mesh_report_coordination.inc	553	mesh_c5_forwarded_control_intent	4		lexical C definition; preprocessor branches not resolved
firmware/app/src/app_mesh_report_coordination.inc	560	mesh_coordinator_c5_tx_allowed_authorized_intent	85	cleanup	lexical C definition; preprocessor branches not resolved
firmware/app/src/app_mesh_report_coordination.inc	651	mesh_outbound_reports_local_delivery_loss	17		lexical C definition; preprocessor branches not resolved
firmware/app/src/app_mesh_report_coordination.inc	670	mesh_attach_paused_delivery_loss	30		lexical C definition; preprocessor branches not resolved
firmware/app/src/app_mesh_report_coordination.inc	708	mesh_uplink_next_hop_depth	14		lexical C definition; preprocessor branches not resolved
firmware/app/src/app_mesh_report_coordination.inc	729	mesh_uplink_wake_train_ms	3		lexical C definition; preprocessor branches not resolved
firmware/app/src/app_mesh_report_coordination.inc	734	mesh_c5_purpose_for_packet	40		lexical C definition; preprocessor branches not resolved
firmware/app/src/app_mesh_report_coordination.inc	776	mesh_note_c5_control_rx	19		lexical C definition; preprocessor branches not resolved
firmware/app/src/app_mesh_report_coordination.inc	800	mesh_c5_control_rx_semantically_admitted	17		lexical C definition; preprocessor branches not resolved
firmware/app/src/app_mesh_report_coordination.inc	822	mesh_ch9_event_state_name	22		lexical C definition; preprocessor branches not resolved
firmware/app/src/app_mesh_report_coordination.inc	846	mesh_ch9_event_set	16		lexical C definition; preprocessor branches not resolved
firmware/app/src/app_mesh_report_coordination.inc	867	mesh_ch9_event_note_persistent_ack_wait	10		lexical C definition; preprocessor branches not resolved
firmware/app/src/app_mesh_report_coordination.inc	881	mesh_gateway_route_test_note_channel5_contact	21		lexical C definition; preprocessor branches not resolved
firmware/app/src/app_mesh_report_coordination.inc	905	mesh_gateway_route_test_should_reject_route_request	22		lexical C definition; preprocessor branches not resolved
firmware/app/src/app_mesh_report_coordination.inc	930	mesh_restore_anchor_low_duty_if_no_ch9	18		lexical C definition; preprocessor branches not resolved
firmware/app/src/app_mesh_report_coordination.inc	951	mesh_ch9_direction_name	13		lexical C definition; preprocessor branches not resolved
firmware/app/src/app_mesh_report_coordination.inc	966	mesh_ch9_guard_reason_name	18		lexical C definition; preprocessor branches not resolved
firmware/app/src/app_mesh_report_coordination.inc	987	mesh_install_channel9_timing_direction	76	error_paths	lexical C definition; preprocessor branches not resolved
firmware/app/src/app_mesh_report_coordination.inc	1069	mesh_install_channel9_timing	7		lexical C definition; preprocessor branches not resolved
firmware/app/src/app_mesh_report_coordination.inc	1080	mesh_ch9_ack_batch_clear_for_peer	30		lexical C definition; preprocessor branches not resolved
firmware/app/src/app_mesh_report_coordination.inc	1113	mesh_ch9_ack_batch_requires_physical_commit	8		lexical C definition; preprocessor branches not resolved
firmware/app/src/app_mesh_report_coordination.inc	1123	mesh_ch9_ack_batch_is_late_terminal_forward	8		lexical C definition; preprocessor branches not resolved
firmware/app/src/app_mesh_report_coordination.inc	1133	mesh_ch9_ack_batch_preserves_terminal_forward	4		lexical C definition; preprocessor branches not resolved
firmware/app/src/app_mesh_report_coordination.inc	1139	mesh_local_delivery_blocks_background_event_repair	14		lexical C definition; preprocessor branches not resolved
firmware/app/src/app_mesh_report_coordination.inc	1155	mesh_ch9_ack_batch_discard_if_safe	11		lexical C definition; preprocessor branches not resolved
firmware/app/src/app_mesh_report_coordination.inc	1169	mesh_ch9_ack_batch_count_for_peer	6		lexical C definition; preprocessor branches not resolved
firmware/app/src/app_mesh_report_coordination.inc	1177	mesh_expire_channel9_timings	34	cleanup	lexical C definition; preprocessor branches not resolved
firmware/app/src/app_mesh_report_coordination.inc	1213	mesh_find_active_channel9_timing	20		lexical C definition; preprocessor branches not resolved
firmware/app/src/app_mesh_report_coordination.inc	1237	mesh_channel9_skip_reference_ms	3		lexical C definition; preprocessor branches not resolved
firmware/app/src/app_mesh_report_coordination.inc	1242	mesh_advance_channel9_entry_past	20		lexical C definition; preprocessor branches not resolved
firmware/app/src/app_mesh_report_coordination.inc	1266	mesh_advance_channel9_timing_past	15		lexical C definition; preprocessor branches not resolved
firmware/app/src/app_mesh_report_coordination.inc	1285	mesh_consume_next_channel9_peer_turn	23		lexical C definition; preprocessor branches not resolved
firmware/app/src/app_mesh_report_coordination.inc	1310	mesh_advance_all_channel9_timings_past	17		lexical C definition; preprocessor branches not resolved
firmware/app/src/app_mesh_report_coordination.inc	1330	mesh_note_channel9_local_tx	8		lexical C definition; preprocessor branches not resolved
firmware/app/src/app_mesh_report_coordination.inc	1340	mesh_report_note_anchor_uwb_awake_since	6		lexical C definition; preprocessor branches not resolved
firmware/app/src/app_mesh_report_coordination.inc	1349	mesh_report_anchor_handle_local_command	8		lexical C definition; preprocessor branches not resolved
firmware/app/src/app_mesh_report_coordination.inc	1362	mesh_report_gateway_note_ack_confirm	8		lexical C definition; preprocessor branches not resolved
firmware/app/src/app_mesh_report_coordination.inc	1375	mesh_gateway_delivery_requires_semantic_acceptance	19		lexical C definition; preprocessor branches not resolved
firmware/app/src/app_mesh_report_coordination.inc	1397	mesh_gateway_delivery_is_internal_control	31		lexical C definition; preprocessor branches not resolved
firmware/app/src/app_mesh_report_coordination.inc	1431	mesh_gateway_commit_preflighted_semantic_delivery	98	error_paths	lexical C definition; preprocessor branches not resolved
firmware/app/src/app_mesh_report_coordination.inc	1537	mesh_gateway_preflight_semantic_delivery	67	error_paths	lexical C definition; preprocessor branches not resolved
firmware/app/src/app_mesh_report_coordination.inc	1607	mesh_rx_pending_refresh_age	11		lexical C definition; preprocessor branches not resolved
firmware/app/src/app_mesh_report_coordination.inc	1620	mesh_rx_pending_physical_received_at_ms	10		lexical C definition; preprocessor branches not resolved
firmware/app/src/app_mesh_report_coordination.inc	1641	mesh_click_preempt_on_route_owner	7		lexical C definition; preprocessor branches not resolved
firmware/app/src/app_mesh_report_coordination.inc	1650	mesh_click_preempt_boundary_requested	12	scheduling	lexical C definition; preprocessor branches not resolved
firmware/app/src/app_mesh_report_coordination.inc	1664	mesh_click_preempt_wait_route_backoff	20	scheduling;unbounded_loop_candidate	lexical C definition; preprocessor branches not resolved
firmware/app/src/app_mesh_report_coordination.inc	1690	mesh_click_preempt_submit_route_kick	11	error_paths	lexical C definition; preprocessor branches not resolved
firmware/app/src/app_mesh_report_coordination.inc	1703	mesh_click_preempt_log_result	20	error_paths	lexical C definition; preprocessor branches not resolved
firmware/app/src/app_mesh_report_coordination.inc	1728	mesh_click_preempt_run_route_owned	33	error_paths;cleanup;scheduling	lexical C definition; preprocessor branches not resolved
firmware/app/src/app_mesh_report_coordination.inc	1763	mesh_click_preempt_request_init	11	cleanup	lexical C definition; preprocessor branches not resolved
firmware/app/src/app_mesh_report_coordination.inc	1779	mesh_click_preempt_service_queued_route_owned	69	cleanup;scheduling	lexical C definition; preprocessor branches not resolved
firmware/app/src/app_mesh_report_coordination.inc	1850	mesh_click_preempt_work_handler	29	cleanup	lexical C definition; preprocessor branches not resolved
firmware/app/src/app_mesh_report_coordination.inc	1881	mesh_click_preempt_take_complete	18	error_paths	lexical C definition; preprocessor branches not resolved
firmware/app/src/app_mesh_report_coordination.inc	1901	mesh_preempt_for_click_event_until	141	error_paths;cleanup;scheduling;unbounded_loop_candidate	lexical C definition; preprocessor branches not resolved
firmware/app/src/app_mesh_report_coordination.inc	2044	mesh_click_preempt_boundary_requested	3		lexical C definition; preprocessor branches not resolved
firmware/app/src/app_mesh_report_coordination.inc	2049	mesh_click_preempt_wait_route_backoff	4	scheduling	lexical C definition; preprocessor branches not resolved
firmware/app/src/app_mesh_report_coordination.inc	2055	mesh_preempt_for_click_event_until	4		lexical C definition; preprocessor branches not resolved
firmware/app/src/app_mesh_report_coordination.inc	2063	mesh_preempt_defer_active_tx	7		lexical C definition; preprocessor branches not resolved
firmware/app/src/app_mesh_report_coordination.inc	2072	mesh_preempt_schedule_timeout	5	scheduling	lexical C definition; preprocessor branches not resolved
firmware/app/src/app_mesh_report_coordination.inc	2079	mesh_preempt_fail_stop	6	cleanup	lexical C definition; preprocessor branches not resolved
firmware/app/src/app_mesh_report_coordination.inc	2087	mesh_preempt_outbound_matches	11		lexical C definition; preprocessor branches not resolved
firmware/app/src/app_mesh_report_coordination.inc	2101	mesh_preempt_click_handoff_matches	14		lexical C definition; preprocessor branches not resolved
firmware/app/src/app_mesh_report_coordination.inc	2119	mesh_preempt_live_click_matches	41		lexical C definition; preprocessor branches not resolved
firmware/app/src/app_mesh_report_coordination.inc	2163	mesh_preempt_report_queue_count	3		lexical C definition; preprocessor branches not resolved
firmware/app/src/app_mesh_report_coordination.inc	2168	mesh_preempt_report_queue_peek	3		lexical C definition; preprocessor branches not resolved
firmware/app/src/app_mesh_report_coordination.inc	2174	mesh_preempt_report_queue_get	3		lexical C definition; preprocessor branches not resolved
firmware/app/src/app_mesh_report_coordination.inc	2180	mesh_preempt_report_queue_put	3		lexical C definition; preprocessor branches not resolved
firmware/app/src/app_mesh_report_coordination.inc	2186	mesh_preempt_report_queue_recover	10	error_paths;scheduling	lexical C definition; preprocessor branches not resolved
firmware/app/src/app_mesh_report_coordination.inc	2200	mesh_preempt_report_queue_matches	4		lexical C definition; preprocessor branches not resolved
firmware/app/src/app_mesh_report_coordination.inc	2227	report_tx_queue_restore_recovery_locked	14		lexical C definition; preprocessor branches not resolved
firmware/app/src/app_mesh_report_coordination.inc	2244	report_tx_queue_promote_local_locked	64	error_paths;cleanup	lexical C definition; preprocessor branches not resolved
firmware/app/src/app_mesh_report_coordination.inc	2310	report_tx_queue_append	35	error_paths;cleanup	lexical C definition; preprocessor branches not resolved
firmware/app/src/app_mesh_report_coordination.inc	2347	report_tx_queue_begin_head	20	error_paths;cleanup	lexical C definition; preprocessor branches not resolved
firmware/app/src/app_mesh_report_coordination.inc	2371	report_tx_queue_abort_head	11	error_paths;cleanup	lexical C definition; preprocessor branches not resolved
firmware/app/src/app_mesh_report_coordination.inc	2386	report_tx_queue_commit_head_locked	35	error_paths;cleanup	lexical C definition; preprocessor branches not resolved
firmware/app/src/app_mesh_report_coordination.inc	2425	report_tx_queue_commit_head	10	error_paths	lexical C definition; preprocessor branches not resolved
firmware/app/src/app_mesh_report_coordination.inc	2442	mesh_collection_deferral_schedule_retry	5	scheduling	lexical C definition; preprocessor branches not resolved
firmware/app/src/app_mesh_report_coordination.inc	2449	mesh_handoff_note_result_bundle_forwarded	5		lexical C definition; preprocessor branches not resolved
firmware/app/src/app_mesh_report_coordination.inc	2458	mesh_handoff_send_result_grant	9		lexical C definition; preprocessor branches not resolved
firmware/app/src/app_mesh_report_coordination.inc	2470	mesh_handoff_note_tx_sent	5		lexical C definition; preprocessor branches not resolved
firmware/app/src/app_mesh_report_coordination.inc	2478	mesh_schedule_tx_timeout	41	cleanup;scheduling	lexical C definition; preprocessor branches not resolved
firmware/app/src/app_mesh_report_coordination.inc	2521	mesh_ch9_ack_note_send_failure	27	error_paths;scheduling	lexical C definition; preprocessor branches not resolved
firmware/app/src/app_mesh_report_coordination.inc	2554	mesh_defer_active_collection_result	29		lexical C definition; preprocessor branches not resolved
firmware/app/src/app_mesh_report_coordination.inc	2585	mesh_send_failure_retryable	3		lexical C definition; preprocessor branches not resolved
firmware/app/src/app_mesh_report_coordination.inc	2590	mesh_rf_retry_packet_key	10		lexical C definition; preprocessor branches not resolved
firmware/app/src/app_mesh_report_coordination.inc	2604	mesh_route_request_rf_retry_state	5		lexical C definition; preprocessor branches not resolved
firmware/app/src/app_mesh_report_coordination.inc	2612	mesh_route_request_rf_retry_key	12		lexical C definition; preprocessor branches not resolved
firmware/app/src/app_mesh_report_coordination.inc	2629	mesh_rf_retry_next_delay_ms	19		lexical C definition; preprocessor branches not resolved
firmware/app/src/app_mesh_report_coordination.inc	2655	mesh_rf_retry_bank_next_delay_ms	19		lexical C definition; preprocessor branches not resolved
firmware/app/src/app_mesh_report_coordination.inc	2681	__attribute__	12		lexical C definition; preprocessor branches not resolved
firmware/app/src/app_mesh_report_coordination.inc	2696	__attribute__	8		lexical C definition; preprocessor branches not resolved
firmware/app/src/app_mesh_report_coordination.inc	2708	report_tx_consume_retry_delay_override	8		lexical C definition; preprocessor branches not resolved
firmware/app/src/app_mesh_report_coordination.inc	2719	mesh_route_reply_handoff_applies	3		lexical C definition; preprocessor branches not resolved
firmware/app/src/app_mesh_report_coordination.inc	2724	mesh_route_reply_handoff_begin	11		lexical C definition; preprocessor branches not resolved
firmware/app/src/app_mesh_report_coordination.inc	2737	mesh_route_reply_handoff_clear	11		lexical C definition; preprocessor branches not resolved
firmware/app/src/app_mesh_report_coordination.inc	2750	mesh_route_reply_handoff_active	14	scheduling	lexical C definition; preprocessor branches not resolved
firmware/app/src/app_mesh_report_coordination.inc	2766	mesh_route_reply_handoff_after_capture	22	cleanup	lexical C definition; preprocessor branches not resolved
firmware/app/src/app_mesh_report_coordination.inc	2791	mesh_route_wake_encode_suffix	46	error_paths	lexical C definition; preprocessor branches not resolved
firmware/app/src/app_mesh_report_coordination.inc	2842	mesh_route_wake_decode_suffix	48	error_paths	lexical C definition; preprocessor branches not resolved
firmware/app/src/app_mesh_report_coordination.inc	2898	mesh_route_embedded_duplicate	20	scheduling	lexical C definition; preprocessor branches not resolved
firmware/app/src/app_mesh_report_coordination.inc	2921	mesh_queue_embedded_route_request	66	error_paths	lexical C definition; preprocessor branches not resolved
firmware/app/src/app_mesh_report_coordination.inc	2993	mesh_route_embedded_wait_before_reply	26	scheduling	lexical C definition; preprocessor branches not resolved
firmware/app/src/app_mesh_report_coordination.inc	3021	mesh_schedule_route_waiting_retry_after	25	scheduling	lexical C definition; preprocessor branches not resolved
firmware/app/src/app_mesh_report_coordination.inc	3048	mesh_wake_unarmed_route_waiting_from_rx	21	scheduling	lexical C definition; preprocessor branches not resolved
firmware/app/src/app_mesh_report_coordination.inc	3071	mesh_schedule_route_waiting_retry	22	scheduling	lexical C definition; preprocessor branches not resolved
firmware/app/src/app_mesh_report_coordination.inc	3095	mesh_route_exhausted_retry_delay_ms	4		lexical C definition; preprocessor branches not resolved
firmware/app/src/app_mesh_report_coordination.inc	3101	mesh_schedule_route_waiting_exhausted_retry	38	cleanup;scheduling	lexical C definition; preprocessor branches not resolved
firmware/app/src/app_mesh_report_coordination.inc	3141	mesh_report_wake_active_outbox	18	scheduling	lexical C definition; preprocessor branches not resolved
firmware/app/src/app_mesh_report_coordination.inc	3161	mesh_tx_handoff_reason_name	11		lexical C definition; preprocessor branches not resolved
firmware/app/src/app_mesh_report_coordination.inc	3175	mesh_tx_handoff_schedule_retry	15	error_paths;scheduling	lexical C definition; preprocessor branches not resolved
firmware/app/src/app_mesh_report_coordination.inc	3196	mesh_tx_handoff_gate_yields	14		lexical C definition; preprocessor branches not resolved
firmware/app/src/app_mesh_report_coordination.inc	3217	mesh_event_plan_debugs_channel5	6		lexical C definition; preprocessor branches not resolved
firmware/app/src/app_mesh_report_coordination.inc	3225	mesh_debug_channel9_state	22		lexical C definition; preprocessor branches not resolved
firmware/app/src/app_mesh_report_coordination.inc	3251	mesh_debug_channel5_preemption	19		lexical C definition; preprocessor branches not resolved
firmware/app/src/app_mesh_report_coordination.inc	3277	mesh_debug_channel9_unavailable	52		lexical C definition; preprocessor branches not resolved
firmware/app/src/app_mesh_report_coordination.inc	3338	mesh_clicker_on_demand_rx_required	31		lexical C definition; preprocessor branches not resolved
firmware/app/src/app_mesh_report_coordination.inc	3371	mesh_role_uses_uwb_rx	9		lexical C definition; preprocessor branches not resolved
firmware/app/src/app_mesh_report_coordination.inc	3382	mesh_transport_paused	3		lexical C definition; preprocessor branches not resolved
firmware/app/src/app_mesh_report_coordination.inc	3395	mesh_gateway_note_route_solicit	27		lexical C definition; preprocessor branches not resolved
firmware/app/src/app_mesh_report_coordination.inc	3424	mesh_gateway_host_receipt_priority_pending	7		lexical C definition; preprocessor branches not resolved
firmware/app/src/app_mesh_report_coordination.inc	3433	mesh_gateway_host_receipt_ingress_queued	22	cleanup	lexical C definition; preprocessor branches not resolved
firmware/app/src/app_mesh_report_coordination.inc	3457	mesh_rx_handoff_scan_rearm_allowed	7		lexical C definition; preprocessor branches not resolved
firmware/app/src/app_mesh_report_coordination.inc	3466	mesh_node_comm_gateway_delivery_due_begin	32	error_paths;cleanup;scheduling	lexical C definition; preprocessor branches not resolved
firmware/app/src/app_mesh_report_coordination.inc	3500	mesh_node_comm_gateway_delivery_due_pending	8	scheduling	lexical C definition; preprocessor branches not resolved
firmware/app/src/app_mesh_report_coordination.inc	3510	mesh_node_comm_gateway_delivery_due_ready	8	scheduling	lexical C definition; preprocessor branches not resolved
firmware/app/src/app_mesh_report_coordination.inc	3520	mesh_node_comm_gateway_delivery_due_end	8	scheduling	lexical C definition; preprocessor branches not resolved
firmware/app/src/app_mesh_report_coordination.inc	3530	mesh_rx_handoff_begin_control	8		lexical C definition; preprocessor branches not resolved
firmware/app/src/app_mesh_report_coordination.inc	3540	mesh_rx_handoff_control_ready	7		lexical C definition; preprocessor branches not resolved
firmware/app/src/app_mesh_report_coordination.inc	3549	mesh_rx_handoff_control_active	7		lexical C definition; preprocessor branches not resolved
firmware/app/src/app_mesh_report_coordination.inc	3558	mesh_rx_handoff_end_control	6		lexical C definition; preprocessor branches not resolved
firmware/app/src/app_mesh_report_coordination.inc	3566	mesh_rx_handoff_wait_for_control	12	error_paths;scheduling	lexical C definition; preprocessor branches not resolved
firmware/app/src/app_mesh_report_coordination.inc	3586	mesh_gateway_rx_control_begin	23	error_paths;cleanup	lexical C definition; preprocessor branches not resolved
firmware/app/src/app_mesh_report_coordination.inc	3611	mesh_gateway_rx_control_end	7		lexical C definition; preprocessor branches not resolved
firmware/app/src/app_mesh_report_coordination.inc	3620	mesh_route_owner_work_reschedule_timeout	14	error_paths;scheduling	lexical C definition; preprocessor branches not resolved
firmware/app/src/app_mesh_report_coordination.inc	3637	mesh_route_owner_work_reschedule	4	scheduling	lexical C definition; preprocessor branches not resolved
firmware/app/src/app_mesh_report_coordination.inc	3644	mesh_reschedule_delayable	6	error_paths;scheduling	lexical C definition; preprocessor branches not resolved
firmware/app/src/app_mesh_report_coordination.inc	3652	mesh_route_work_reschedule	7	error_paths;scheduling	lexical C definition; preprocessor branches not resolved
firmware/app/src/app_mesh_report_coordination.inc	3661	mesh_owned_schedule_result	17	cleanup;scheduling	lexical C definition; preprocessor branches not resolved
firmware/app/src/app_mesh_report_coordination.inc	3682	mesh_reschedule_owned_work	7	scheduling	lexical C definition; preprocessor branches not resolved
firmware/app/src/app_mesh_report_coordination.inc	3700	mesh_reschedule_owned_work_with_busy_handoff	12	scheduling	lexical C definition; preprocessor branches not resolved
firmware/app/src/app_mesh_report_coordination.inc	3717	mesh_submit_owned_work	13	scheduling	lexical C definition; preprocessor branches not resolved
firmware/app/src/app_mesh_report_coordination.inc	3732	mesh_schedule_route_request_authorized	77	error_paths;scheduling	lexical C definition; preprocessor branches not resolved
firmware/app/src/app_mesh_report_coordination.inc	3815	mesh_schedule_route_request	4	scheduling	lexical C definition; preprocessor branches not resolved
firmware/app/src/app_mesh_report_coordination.inc	3821	mesh_complete_async_route_request_for_ready_target	23		lexical C definition; preprocessor branches not resolved
firmware/app/src/app_mesh_report_coordination.inc	3847	mesh_async_route_transfer_owner_matches	44		lexical C definition; preprocessor branches not resolved
firmware/app/src/app_mesh_report_coordination.inc	3894	mesh_route_discovery_async_retry_delay_ms	17	scheduling	lexical C definition; preprocessor branches not resolved
firmware/app/src/app_mesh_report_coordination.inc	3913	mesh_route_discovery_work_handler	110	error_paths;scheduling	lexical C definition; preprocessor branches not resolved
firmware/app/src/app_mesh_report_coordination.inc	4025	mesh_cancel_delayable	3	cleanup	lexical C definition; preprocessor branches not resolved
firmware/app/src/app_mesh_report_delivery.inc	3	report_tx_schedule	16	scheduling	lexical C definition; preprocessor branches not resolved
firmware/app/src/app_mesh_report_delivery.inc	23	report_tx_schedule_backoff	5	scheduling	lexical C definition; preprocessor branches not resolved
firmware/app/src/app_mesh_report_delivery.inc	31	mesh_c5_flood_work_handler	156	error_paths;cleanup;scheduling	lexical C definition; preprocessor branches not resolved
firmware/app/src/app_mesh_report_delivery.inc	189	report_tx_queue_used	18	cleanup	lexical C definition; preprocessor branches not resolved
firmware/app/src/app_mesh_report_delivery.inc	209	mesh_packet_delivery_identity_matches	10		lexical C definition; preprocessor branches not resolved
firmware/app/src/app_mesh_report_delivery.inc	223	mesh_report_active_owner_matches_outbound	53	error_paths	lexical C definition; preprocessor branches not resolved
firmware/app/src/app_mesh_report_delivery.inc	280	anchor_range_report_batch_matches_locked	7		lexical C definition; preprocessor branches not resolved
firmware/app/src/app_mesh_report_delivery.inc	291	anchor_range_report_all_acknowledged_mask	4		lexical C definition; preprocessor branches not resolved
firmware/app/src/app_mesh_report_delivery.inc	297	anchor_range_report_packet_identity_matches	11		lexical C definition; preprocessor branches not resolved
firmware/app/src/app_mesh_report_delivery.inc	313	anchor_range_report_fragment_validate_locked	62	error_paths	lexical C definition; preprocessor branches not resolved
firmware/app/src/app_mesh_report_delivery.inc	381	anchor_range_report_fragment_matches_control_locked	14		lexical C definition; preprocessor branches not resolved
firmware/app/src/app_mesh_report_delivery.inc	401	anchor_range_report_control_matches	20		lexical C definition; preprocessor branches not resolved
firmware/app/src/app_mesh_report_delivery.inc	426	anchor_range_report_ack_generation_matches	4		lexical C definition; preprocessor branches not resolved
firmware/app/src/app_mesh_report_delivery.inc	441	anchor_range_report_fragment_digest_match_locked	23	error_paths	lexical C definition; preprocessor branches not resolved
firmware/app/src/app_mesh_report_delivery.inc	470	mesh_range_report_batch_reserve_capacity	108	error_paths;cleanup	lexical C definition; preprocessor branches not resolved
firmware/app/src/app_mesh_report_delivery.inc	583	mesh_range_report_batch_reserve	5		lexical C definition; preprocessor branches not resolved
firmware/app/src/app_mesh_report_delivery.inc	592	mesh_range_report_batch_rebind	52	error_paths	lexical C definition; preprocessor branches not resolved
firmware/app/src/app_mesh_report_delivery.inc	667	mesh_range_report_batch_abort	243	error_paths;cleanup;scheduling	lexical C definition; preprocessor branches not resolved
firmware/app/src/app_mesh_report_delivery.inc	914	queue_anchor_range_report_fragment	127	error_paths;scheduling	lexical C definition; preprocessor branches not resolved
firmware/app/src/app_mesh_report_delivery.inc	1048	mesh_anchor_range_report_note_gateway_confirmed	86	error_paths;cleanup	lexical C definition; preprocessor branches not resolved
firmware/app/src/app_mesh_report_delivery.inc	1138	mesh_anchor_range_report_note_terminal_release	88	error_paths;cleanup	lexical C definition; preprocessor branches not resolved
firmware/app/src/app_mesh_report_delivery.inc	1231	mesh_report_tx_backlog_active	15		lexical C definition; preprocessor branches not resolved
firmware/app/src/app_mesh_report_delivery.inc	1248	mesh_report_ch9_ack_wait_active	6		lexical C definition; preprocessor branches not resolved
firmware/app/src/app_mesh_report_delivery.inc	1256	mesh_report_local_protocol_response_active	16		lexical C definition; preprocessor branches not resolved
firmware/app/src/app_mesh_report_delivery.inc	1274	mesh_queue_anchor_cir_fragment	23	error_paths	lexical C definition; preprocessor branches not resolved
firmware/app/src/app_mesh_report_delivery.inc	1301	report_tx_work_handler	76	error_paths;scheduling	lexical C definition; preprocessor branches not resolved
firmware/app/src/app_mesh_report_delivery.inc	1382	report_tx_queue_contains_semantic_locked	32	error_paths	lexical C definition; preprocessor branches not resolved
firmware/app/src/app_mesh_report_delivery.inc	1419	queue_anchor_report	184	error_paths;cleanup;scheduling	lexical C definition; preprocessor branches not resolved
firmware/app/src/app_mesh_report_delivery.inc	1612	mesh_preempt_remove_appended_click_locked	36	error_paths	lexical C definition; preprocessor branches not resolved
firmware/app/src/app_mesh_report_delivery.inc	1652	mesh_preempt_rotate_queue_left_locked	18	error_paths	lexical C definition; preprocessor branches not resolved
firmware/app/src/app_mesh_report_delivery.inc	1673	mesh_preempt_restore_displaced_transit_locked	16	error_paths;cleanup	lexical C definition; preprocessor branches not resolved
firmware/app/src/app_mesh_report_delivery.inc	1693	mesh_preempt_rollback_admission_locked	9	error_paths;cleanup	lexical C definition; preprocessor branches not resolved
firmware/app/src/app_mesh_report_delivery.inc	1707	mesh_preempt_admit_click_locked	60	error_paths;cleanup	lexical C definition; preprocessor branches not resolved
firmware/app/src/app_mesh_report_delivery.inc	1777	mesh_preempt_transfer_click_report_atomic	72	error_paths;cleanup;scheduling	lexical C definition; preprocessor branches not resolved
firmware/app/src/app_mesh_report_delivery.inc	1854	mesh_send_route_reply_outbound_action	63	scheduling	lexical C definition; preprocessor branches not resolved
firmware/app/src/app_mesh_report_delivery.inc	1922	mesh_send_route_reply_action	12		lexical C definition; preprocessor branches not resolved
firmware/app/src/app_mesh_report_delivery.inc	1938	mesh_execute_route_request_action	193	error_paths;scheduling	lexical C definition; preprocessor branches not resolved
firmware/app/src/app_mesh_report_delivery.inc	2134	mesh_route_request_action_same_identity	9		lexical C definition; preprocessor branches not resolved
firmware/app/src/app_mesh_report_delivery.inc	2147	mesh_schedule_route_request_action	88	scheduling	lexical C definition; preprocessor branches not resolved
firmware/app/src/app_mesh_report_delivery.inc	2240	mesh_route_request_action_work_handler	41	scheduling	lexical C definition; preprocessor branches not resolved
firmware/app/src/app_mesh_report_delivery.inc	2283	mesh_schedule_route_request_action	6		lexical C definition; preprocessor branches not resolved
firmware/app/src/app_mesh_report_delivery.inc	2297	mesh_forward_uses_gateway_batch_queue	4		lexical C definition; preprocessor branches not resolved
firmware/app/src/app_mesh_report_delivery.inc	2303	mesh_forward_uses_child_gateway_ack_queue	11		lexical C definition; preprocessor branches not resolved
firmware/app/src/app_mesh_report_delivery.inc	2318	mesh_terminal_cleanup_idempotent_status	4		lexical C definition; preprocessor branches not resolved
firmware/app/src/app_mesh_report_delivery.inc	2324	mesh_complete_gateway_ack_confirm	125	error_paths;cleanup	lexical C definition; preprocessor branches not resolved
firmware/app/src/app_mesh_report_delivery.inc	2455	mesh_complete_terminal_release	58	error_paths;cleanup	lexical C definition; preprocessor branches not resolved
firmware/app/src/app_mesh_report_delivery.inc	2517	mesh_gateway_ack_route_waiting_owns	18		lexical C definition; preprocessor branches not resolved
firmware/app/src/app_mesh_report_delivery.inc	2539	mesh_selected_relay_parent_needs_channel9_repair	22		lexical C definition; preprocessor branches not resolved
firmware/app/src/app_mesh_report_delivery.inc	2571	mesh_direct_gateway_ack_window_end_ms	18		lexical C definition; preprocessor branches not resolved
firmware/app/src/app_mesh_report_delivery.inc	2593	mesh_handle_result_actions	1765	error_paths;cleanup;scheduling	lexical C definition; preprocessor branches not resolved
firmware/app/src/app_mesh_report_delivery.inc	4369	mesh_drain_rx_queue_locked	660	error_paths;cleanup;scheduling	lexical C definition; preprocessor branches not resolved
firmware/app/src/app_mesh_report_direct_gateway.inc	15	mesh_debug_log_direct_gateway_ack_result	19		lexical C definition; preprocessor branches not resolved
firmware/app/src/app_mesh_report_direct_gateway.inc	40	mesh_direct_gateway_ack_matches_packet	25		lexical C definition; preprocessor branches not resolved
firmware/app/src/app_mesh_report_direct_gateway.inc	85	mesh_direct_gateway_ack_rx_window_ms	6		lexical C definition; preprocessor branches not resolved
firmware/app/src/app_mesh_report_direct_gateway.inc	94	mesh_wait_for_direct_gateway_ack_configured	194	error_paths;scheduling;unbounded_loop_candidate	lexical C definition; preprocessor branches not resolved
firmware/app/src/app_mesh_report_direct_gateway.inc	292	mesh_send_direct_gateway_payload_and_wait_ack	178	error_paths;cleanup;scheduling	lexical C definition; preprocessor branches not resolved
firmware/app/src/app_mesh_report_direct_gateway.inc	482	mesh_send_direct_gateway_probe_and_wait	141	error_paths;cleanup	lexical C definition; preprocessor branches not resolved
firmware/app/src/app_mesh_report_direct_gateway.inc	627	mesh_try_direct_gateway_route_probe	129	error_paths;cleanup;scheduling;unbounded_loop_candidate	lexical C definition; preprocessor branches not resolved
firmware/app/src/app_mesh_report_direct_gateway.inc	762	mesh_route_request_defer_rf_busy	40	scheduling	lexical C definition; preprocessor branches not resolved
firmware/app/src/app_mesh_report_direct_gateway.inc	812	mesh_request_route_owned	376	error_paths;cleanup;scheduling	lexical C definition; preprocessor branches not resolved
firmware/app/src/app_mesh_report_encode.c	63	app_mesh_report_encode_init	7		lexical C definition; preprocessor branches not resolved
firmware/app/src/app_mesh_report_encode.c	73	anchor_append_sequence_time_tlvs	11		lexical C definition; preprocessor branches not resolved
firmware/app/src/app_mesh_report_encode.c	89	range_result_has_raw_timestamps	9		lexical C definition; preprocessor branches not resolved
firmware/app/src/app_mesh_report_encode.c	100	append_range_result_timing_tlvs	78	error_paths	lexical C definition; preprocessor branches not resolved
firmware/app/src/app_mesh_report_encode.c	183	anchor_status_bits	7		lexical C definition; preprocessor branches not resolved
firmware/app/src/app_mesh_report_encode.c	192	append_anchor_status_tlvs	72	error_paths	lexical C definition; preprocessor branches not resolved
firmware/app/src/app_mesh_report_encode.c	268	mesh_anchor_click_cir_capture_begin	25		lexical C definition; preprocessor branches not resolved
firmware/app/src/app_mesh_report_encode.c	295	app_mesh_report_encode_cir_pending	12		lexical C definition; preprocessor branches not resolved
firmware/app/src/app_mesh_report_encode.c	311	anchor_cir_report_queue_next	135	error_paths;cleanup;scheduling	lexical C definition; preprocessor branches not resolved
firmware/app/src/app_mesh_report_encode.c	448	anchor_cir_report_start	43	error_paths	lexical C definition; preprocessor branches not resolved
firmware/app/src/app_mesh_report_encode.c	498	app_mesh_report_encode_queue_next_cir	8	error_paths	lexical C definition; preprocessor branches not resolved
firmware/app/src/app_mesh_report_encode.c	532	app_mesh_report_note_click_delivery_slot	11		lexical C definition; preprocessor branches not resolved
firmware/app/src/app_mesh_report_encode.c	549	app_mesh_report_click_delivery_due_ms	43		lexical C definition; preprocessor branches not resolved
firmware/app/src/app_mesh_report_encode.c	599	build_range_report_samples	318	error_paths;cleanup	lexical C definition; preprocessor branches not resolved
firmware/app/src/app_mesh_report_encode.c	934	build_uwb_schedule_report_if_relevant	79	error_paths;scheduling	lexical C definition; preprocessor branches not resolved
firmware/app/src/app_mesh_report_event_tx.inc	2	mesh_request_route_owned_with_rx_handoff	20	error_paths	lexical C definition; preprocessor branches not resolved
firmware/app/src/app_mesh_report_event_tx.inc	30	mesh_request_route	6		lexical C definition; preprocessor branches not resolved
firmware/app/src/app_mesh_report_event_tx.inc	38	mesh_request_route_authorized	6		lexical C definition; preprocessor branches not resolved
firmware/app/src/app_mesh_report_event_tx.inc	49	mesh_packet_prefers_channel9	3		lexical C definition; preprocessor branches not resolved
firmware/app/src/app_mesh_report_event_tx.inc	54	mesh_outbound_needs_result_offer	8		lexical C definition; preprocessor branches not resolved
firmware/app/src/app_mesh_report_event_tx.inc	64	mesh_fill_channel5_requirements	33		lexical C definition; preprocessor branches not resolved
firmware/app/src/app_mesh_report_event_tx.inc	99	mesh_prepare_event_timing	13		lexical C definition; preprocessor branches not resolved
firmware/app/src/app_mesh_report_event_tx.inc	114	mesh_event_control_tx_reference_ms	7		lexical C definition; preprocessor branches not resolved
firmware/app/src/app_mesh_report_event_tx.inc	123	mesh_event_control_rx_reference_ms	10		lexical C definition; preprocessor branches not resolved
firmware/app/src/app_mesh_report_event_tx.inc	135	mesh_route_test_first_event_time_ms	34	scheduling	lexical C definition; preprocessor branches not resolved
firmware/app/src/app_mesh_report_event_tx.inc	171	mesh_event_request_identity	12		lexical C definition; preprocessor branches not resolved
firmware/app/src/app_mesh_report_event_tx.inc	188	mesh_event_owner_for_peer	3		lexical C definition; preprocessor branches not resolved
firmware/app/src/app_mesh_report_event_tx.inc	193	mesh_event_local_proposal_window_arm	14		lexical C definition; preprocessor branches not resolved
firmware/app/src/app_mesh_report_event_tx.inc	211	mesh_event_local_proposal_window_matches	24	scheduling	lexical C definition; preprocessor branches not resolved
firmware/app/src/app_mesh_report_event_tx.inc	239	mesh_event_owner_can_begin_peer	4		lexical C definition; preprocessor branches not resolved
firmware/app/src/app_mesh_report_event_tx.inc	245	mesh_event_owner_begin_peer	40	error_paths	lexical C definition; preprocessor branches not resolved
firmware/app/src/app_mesh_report_event_tx.inc	292	mesh_event_owner_abandon_peer	3		lexical C definition; preprocessor branches not resolved
firmware/app/src/app_mesh_report_event_tx.inc	297	mesh_retire_assignment_channel9_peer	15	cleanup	lexical C definition; preprocessor branches not resolved
firmware/app/src/app_mesh_report_event_tx.inc	315	mesh_event_session_retained	9		lexical C definition; preprocessor branches not resolved
firmware/app/src/app_mesh_report_event_tx.inc	326	mesh_event_new_operation_session	23		lexical C definition; preprocessor branches not resolved
firmware/app/src/app_mesh_report_event_tx.inc	351	mesh_prepare_event_control_record	84	error_paths;cleanup;scheduling	lexical C definition; preprocessor branches not resolved
firmware/app/src/app_mesh_report_event_tx.inc	453	__attribute__	93	error_paths;cleanup;scheduling	lexical C definition; preprocessor branches not resolved
firmware/app/src/app_mesh_report_event_tx.inc	550	mesh_send_event_control_record	64	error_paths	lexical C definition; preprocessor branches not resolved
firmware/app/src/app_mesh_report_event_tx.inc	625	mesh_send_event_control	198	error_paths;cleanup;scheduling	lexical C definition; preprocessor branches not resolved
firmware/app/src/app_mesh_report_event_tx.inc	831	mesh_event_propose_clear	13		lexical C definition; preprocessor branches not resolved
firmware/app/src/app_mesh_report_event_tx.inc	847	mesh_pending_is_retry_owned_operation_uplink	24		lexical C definition; preprocessor branches not resolved
firmware/app/src/app_mesh_report_event_tx.inc	874	mesh_release_exhausted_operation_ack_forward	47	error_paths;cleanup	lexical C definition; preprocessor branches not resolved
firmware/app/src/app_mesh_report_event_tx.inc	927	mesh_event_propose_terminal_failure	41	cleanup;scheduling	lexical C definition; preprocessor branches not resolved
firmware/app/src/app_mesh_report_event_tx.inc	971	mesh_event_accept_rx_clear_peer	7		lexical C definition; preprocessor branches not resolved
firmware/app/src/app_mesh_report_event_tx.inc	980	mesh_event_accept_rx_clear	4		lexical C definition; preprocessor branches not resolved
firmware/app/src/app_mesh_report_event_tx.inc	986	mesh_event_accept_rx_expired	5	scheduling	lexical C definition; preprocessor branches not resolved
firmware/app/src/app_mesh_report_event_tx.inc	993	mesh_event_accept_rx_begin	18	error_paths;scheduling	lexical C definition; preprocessor branches not resolved
firmware/app/src/app_mesh_report_event_tx.inc	1019	mesh_event_accept_rx_claim_timing_install	8		lexical C definition; preprocessor branches not resolved
firmware/app/src/app_mesh_report_event_tx.inc	1029	mesh_event_accept_rx_match_identity	16		lexical C definition; preprocessor branches not resolved
firmware/app/src/app_mesh_report_event_tx.inc	1050	mesh_event_accept_completed_match	15	scheduling	lexical C definition; preprocessor branches not resolved
firmware/app/src/app_mesh_report_event_tx.inc	1071	mesh_event_negotiation_schedule_next	42	cleanup;scheduling	lexical C definition; preprocessor branches not resolved
firmware/app/src/app_mesh_report_event_tx.inc	1117	mesh_event_accept_promote_forwarded_ack_repair	32	error_paths;scheduling	lexical C definition; preprocessor branches not resolved
firmware/app/src/app_mesh_report_event_tx.inc	1153	mesh_authorization_is_ack_event_repair	7		lexical C definition; preprocessor branches not resolved
firmware/app/src/app_mesh_report_event_tx.inc	1163	mesh_defer_forwarded_ack_event_repair	17	scheduling	lexical C definition; preprocessor branches not resolved
firmware/app/src/app_mesh_report_event_tx.inc	1183	mesh_outbound_is_assignment_response	11		lexical C definition; preprocessor branches not resolved
firmware/app/src/app_mesh_report_event_tx.inc	1197	mesh_outbound_is_topology_ack_confirm	12		lexical C definition; preprocessor branches not resolved
firmware/app/src/app_mesh_report_event_tx.inc	1212	mesh_outbound_is_topology_operation_uplink	9		lexical C definition; preprocessor branches not resolved
firmware/app/src/app_mesh_report_event_tx.inc	1224	app_mesh_report_selected_gateway_hop_count	11		lexical C definition; preprocessor branches not resolved
firmware/app/src/app_mesh_report_event_tx.inc	1237	mesh_event_topology_contact_deadline_ms	3		lexical C definition; preprocessor branches not resolved
firmware/app/src/app_mesh_report_event_tx.inc	1242	mesh_parent_contact_retry_delay_ms	12		lexical C definition; preprocessor branches not resolved
firmware/app/src/app_mesh_report_event_tx.inc	1257	mesh_propose_event_after_channel5_contact_authorized	276	error_paths;scheduling	lexical C definition; preprocessor branches not resolved
firmware/app/src/app_mesh_report_event_tx.inc	1540	mesh_propose_event_after_channel5_contact	7		lexical C definition; preprocessor branches not resolved
firmware/app/src/app_mesh_report_event_tx.inc	1550	mesh_propose_event_for_outbound	8		lexical C definition; preprocessor branches not resolved
firmware/app/src/app_mesh_report_event_tx.inc	1563	mesh_retry_deferred_forwarded_ack_event_repair	46	error_paths;scheduling	lexical C definition; preprocessor branches not resolved
firmware/app/src/app_mesh_report_event_tx.inc	1611	mesh_packet_is_event_control_type	6		lexical C definition; preprocessor branches not resolved
firmware/app/src/app_mesh_report_event_tx.inc	1619	mesh_event_accept_clear	10		lexical C definition; preprocessor branches not resolved
firmware/app/src/app_mesh_report_event_tx.inc	1631	mesh_event_accept_arm_contact	8		lexical C definition; preprocessor branches not resolved
firmware/app/src/app_mesh_report_event_tx.inc	1642	mesh_event_accept_predecessor_matches	19		lexical C definition; preprocessor branches not resolved
firmware/app/src/app_mesh_report_event_tx.inc	1663	mesh_event_accept_completed_prune	11	scheduling	lexical C definition; preprocessor branches not resolved
firmware/app/src/app_mesh_report_event_tx.inc	1676	mesh_event_accept_completed_clear_peer	10		lexical C definition; preprocessor branches not resolved
firmware/app/src/app_mesh_report_event_tx.inc	1688	mesh_event_accept_completed_store	41	scheduling	lexical C definition; preprocessor branches not resolved
firmware/app/src/app_mesh_report_event_tx.inc	1744	mesh_event_timing_defer_first_start_if_needed	21	scheduling	lexical C definition; preprocessor branches not resolved
firmware/app/src/app_mesh_report_event_tx.inc	1769	mesh_event_accept_finish_send	111	error_paths;scheduling	lexical C definition; preprocessor branches not resolved
firmware/app/src/app_mesh_report_event_tx.inc	1884	mesh_event_accept_attempt	45	error_paths;scheduling	lexical C definition; preprocessor branches not resolved
firmware/app/src/app_mesh_report_event_tx.inc	1937	mesh_event_accept_duplicate	90	error_paths;scheduling	lexical C definition; preprocessor branches not resolved
firmware/app/src/app_mesh_report_event_tx.inc	2033	mesh_event_accept_rx_match	22		lexical C definition; preprocessor branches not resolved
firmware/app/src/app_mesh_report_event_tx.inc	2062	mesh_event_accept_local_owner_has_stable_upstream_timing	23		lexical C definition; preprocessor branches not resolved
firmware/app/src/app_mesh_report_event_tx.inc	2088	mesh_event_accept_async_gateway_route_owner_present	30		lexical C definition; preprocessor branches not resolved
firmware/app/src/app_mesh_report_event_tx.inc	2120	mesh_event_accept_local_direct_gateway_owner	30		lexical C definition; preprocessor branches not resolved
firmware/app/src/app_mesh_report_event_tx.inc	2153	mesh_event_accept_response_pending	7		lexical C definition; preprocessor branches not resolved
firmware/app/src/app_mesh_report_event_tx.inc	2162	mesh_event_accept_defer_local_direct_gateway_owner	19	error_paths;scheduling	lexical C definition; preprocessor branches not resolved
firmware/app/src/app_mesh_report_event_tx.inc	2192	mesh_event_accept_downstream_admission_allowed	79		lexical C definition; preprocessor branches not resolved
firmware/app/src/app_mesh_report_event_tx.inc	2283	mesh_event_accept_align_to_upstream_half_phase	50		lexical C definition; preprocessor branches not resolved
firmware/app/src/app_mesh_report_event_tx.inc	2341	mesh_event_accept_phase_shift_from_payload	24	error_paths	lexical C definition; preprocessor branches not resolved
firmware/app/src/app_mesh_report_event_tx.inc	2372	mesh_handle_event_control	527	error_paths;cleanup;scheduling	lexical C definition; preprocessor branches not resolved
firmware/app/src/app_mesh_report_event_tx.inc	2905	mesh_event_negotiation_retry_work_handler	27	scheduling	lexical C definition; preprocessor branches not resolved
firmware/app/src/app_mesh_report_event_tx.inc	2934	mesh_try_close_channel9_connection	46	error_paths;cleanup	lexical C definition; preprocessor branches not resolved
firmware/app/src/app_mesh_report_event_tx.inc	2985	mesh_channel9_close_intent_ready_for_peer	47	scheduling	lexical C definition; preprocessor branches not resolved
firmware/app/src/app_mesh_report_event_tx.inc	3034	mesh_select_channel9_close_tx_event	46	error_paths;scheduling	lexical C definition; preprocessor branches not resolved
firmware/app/src/app_mesh_report_event_tx.inc	3085	mesh_send_pending_channel9_close	43	error_paths	lexical C definition; preprocessor branches not resolved
firmware/app/src/app_mesh_report_event_tx.inc	3132	mesh_channel9_close_intent_blocks_upstream	31		lexical C definition; preprocessor branches not resolved
firmware/app/src/app_mesh_report_event_tx.inc	3165	mesh_close_channel9_connection	70	cleanup;scheduling	lexical C definition; preprocessor branches not resolved
firmware/app/src/app_mesh_report_event_tx.inc	3237	app_mesh_report_close_channel9_idle_parent	21		lexical C definition; preprocessor branches not resolved
firmware/app/src/app_mesh_report_event_tx.inc	3259	mesh_capture_downstream_channel9_peers	23		lexical C definition; preprocessor branches not resolved
firmware/app/src/app_mesh_report_event_tx.inc	3286	mesh_channel9_peer_timing_exists	14		lexical C definition; preprocessor branches not resolved
firmware/app/src/app_mesh_report_event_tx.inc	3302	mesh_notify_removed_downstream_peers	16		lexical C definition; preprocessor branches not resolved
firmware/app/src/app_mesh_report_event_tx.inc	3323	mesh_packet_is_local_origin_priority	6		lexical C definition; preprocessor branches not resolved
firmware/app/src/app_mesh_report_event_tx.inc	3331	mesh_outbound_is_local_origin_priority	3		lexical C definition; preprocessor branches not resolved
firmware/app/src/app_mesh_report_event_tx.inc	3340	mesh_tx_can_wait_for_route	21		lexical C definition; preprocessor branches not resolved
firmware/app/src/app_mesh_report_event_tx.inc	3363	mesh_outbound_encoded_frame_len	9		lexical C definition; preprocessor branches not resolved
firmware/app/src/app_mesh_report_event_tx.inc	3374	mesh_ch9_estimated_airtime_ms	9		lexical C definition; preprocessor branches not resolved
firmware/app/src/app_mesh_report_event_tx.inc	3385	mesh_ch9_estimated_tx_ms	3		lexical C definition; preprocessor branches not resolved
firmware/app/src/app_mesh_report_event_tx.inc	3390	mesh_ch9_tx_offset_ms	10		lexical C definition; preprocessor branches not resolved
firmware/app/src/app_mesh_report_event_tx.inc	3402	mesh_ch9_slot_send_start_ms	13	scheduling	lexical C definition; preprocessor branches not resolved
firmware/app/src/app_mesh_report_event_tx.inc	3419	mesh_ch9_effective_send_start_ms	7	scheduling	lexical C definition; preprocessor branches not resolved
firmware/app/src/app_mesh_report_event_tx.inc	3430	mesh_ch9_tx_fits_plan	27	scheduling	lexical C definition; preprocessor branches not resolved
firmware/app/src/app_mesh_report_event_tx.inc	3462	mesh_prepare_channel9_outbound	13	error_paths	lexical C definition; preprocessor branches not resolved
firmware/app/src/app_mesh_report_event_tx.inc	3481	mesh_wait_until_ms	13	scheduling;unbounded_loop_candidate	lexical C definition; preprocessor branches not resolved
firmware/app/src/app_mesh_report_event_tx.inc	3496	mesh_route_waiting_tx_exact_owner_equal	19		lexical C definition; preprocessor branches not resolved
firmware/app/src/app_mesh_report_event_tx.inc	3519	mesh_store_route_waiting_tx_owned	55	scheduling	lexical C definition; preprocessor branches not resolved
firmware/app/src/app_mesh_report_event_tx.inc	3578	mesh_defer_route_for_outbound	13	scheduling	lexical C definition; preprocessor branches not resolved
firmware/app/src/app_mesh_report_event_tx.inc	3596	mesh_parent_contact_failure_is_hard	4		lexical C definition; preprocessor branches not resolved
firmware/app/src/app_mesh_report_event_tx.inc	3602	mesh_drop_route_waiting_tx	25		lexical C definition; preprocessor branches not resolved
firmware/app/src/app_mesh_report_event_tx.inc	3629	mesh_clear_route_waiting_tx	25		lexical C definition; preprocessor branches not resolved
firmware/app/src/app_mesh_report_event_tx.inc	3659	mesh_route_waiting_tx_active	3		lexical C definition; preprocessor branches not resolved
firmware/app/src/app_mesh_report_event_tx.inc	3664	mesh_handle_direct_gateway_retry_policy	78	scheduling	lexical C definition; preprocessor branches not resolved
firmware/app/src/app_mesh_report_event_tx.inc	3746	mesh_try_deferred_gateway_ack_on_channel9	83	error_paths;cleanup	lexical C definition; preprocessor branches not resolved
firmware/app/src/app_mesh_report_event_tx.inc	3836	mesh_schedule_route_ready_event_retry	37	scheduling	lexical C definition; preprocessor branches not resolved
firmware/app/src/app_mesh_report_event_tx.inc	3877	mesh_try_route_waiting_tx	316	error_paths;scheduling	lexical C definition; preprocessor branches not resolved
firmware/app/src/app_mesh_report_event_tx.inc	4195	mesh_route_waiting_work_handler	8		lexical C definition; preprocessor branches not resolved
firmware/app/src/app_mesh_report_event_tx.inc	4205	mesh_cancel_observation_owned_pre_rf_tx	23	error_paths;cleanup	lexical C definition; preprocessor branches not resolved
firmware/app/src/app_mesh_report_event_tx.inc	4233	mesh_start_tracked_tx_with_retry	440	error_paths;cleanup;scheduling	lexical C definition; preprocessor branches not resolved
firmware/app/src/app_mesh_report_event_tx.inc	4685	mesh_start_tracked_tx	29		lexical C definition; preprocessor branches not resolved
firmware/app/src/app_mesh_report_event_tx.inc	4716	mesh_start_owned_tracked_tx	13		lexical C definition; preprocessor branches not resolved
firmware/app/src/app_mesh_report_event_tx.inc	4733	mesh_owned_tracked_tx_preflight	29	error_paths	lexical C definition; preprocessor branches not resolved
firmware/app/src/app_mesh_report_route_control.inc	9	mesh_send_c5_flood_response	65	scheduling	lexical C definition; preprocessor branches not resolved
firmware/app/src/app_mesh_report_route_control.inc	79	mesh_rollback_c5_forward_admission	25	error_paths	lexical C definition; preprocessor branches not resolved
firmware/app/src/app_mesh_report_route_control.inc	122	mesh_log_standard_click_probe_done	6		lexical C definition; preprocessor branches not resolved
firmware/app/src/app_mesh_report_route_control.inc	139	mesh_probe_standard_wake_claim	101	error_paths	lexical C definition; preprocessor branches not resolved
firmware/app/src/app_mesh_report_route_control.inc	250	mesh_route_reply_ack_matches	18		lexical C definition; preprocessor branches not resolved
firmware/app/src/app_mesh_report_route_control.inc	273	mesh_listen_for_route_reply_ack	197	error_paths;cleanup;scheduling;unbounded_loop_candidate	lexical C definition; preprocessor branches not resolved
firmware/app/src/app_mesh_report_route_control.inc	475	mesh_send_route_reply_burst	50	error_paths;scheduling	lexical C definition; preprocessor branches not resolved
firmware/app/src/app_mesh_report_route_control.inc	531	mesh_send_route_reply_train_to_hop	45	error_paths	lexical C definition; preprocessor branches not resolved
firmware/app/src/app_mesh_report_route_control.inc	579	mesh_send_route_reply_train	66	error_paths	lexical C definition; preprocessor branches not resolved
firmware/app/src/app_mesh_report_route_control.inc	650	mesh_payload_find_u32	17		lexical C definition; preprocessor branches not resolved
firmware/app/src/app_mesh_report_route_control.inc	673	mesh_payload_find_u64	17		lexical C definition; preprocessor branches not resolved
firmware/app/src/app_mesh_report_route_control.inc	700	mesh_payload_remove_ch9_batch_metadata	62		lexical C definition; preprocessor branches not resolved
firmware/app/src/app_mesh_report_route_control.inc	772	mesh_outbound_clear_ch9_batch_metadata	21	error_paths	lexical C definition; preprocessor branches not resolved
firmware/app/src/app_mesh_report_route_control.inc	797	mesh_ack_payload_packet_id_summary	36	error_paths	lexical C definition; preprocessor branches not resolved
firmware/app/src/app_mesh_report_route_control.inc	839	mesh_ch9_ack_batch_queue	97	error_paths;scheduling	lexical C definition; preprocessor branches not resolved
firmware/app/src/app_mesh_report_route_control.inc	939	mesh_ch9_ack_batch_queue_forwarded_gateway_ack	54	error_paths;scheduling	lexical C definition; preprocessor branches not resolved
firmware/app/src/app_mesh_report_route_control.inc	998	mesh_ch9_ack_batch_build	24	error_paths	lexical C definition; preprocessor branches not resolved
firmware/app/src/app_mesh_report_route_control.inc	1025	mesh_commit_forwarded_gateway_ack_sent	21	error_paths;scheduling	lexical C definition; preprocessor branches not resolved
firmware/app/src/app_mesh_report_route_control.inc	1049	mesh_send_pending_ch9_ack_batch	147	error_paths	lexical C definition; preprocessor branches not resolved
firmware/app/src/app_mesh_report_route_control.inc	1200	mesh_send_current_ch9_ack_batch	72	error_paths	lexical C definition; preprocessor branches not resolved
firmware/app/src/app_mesh_report_route_control.inc	1275	mesh_gateway_batch_ack_retry_wait_ms	29		lexical C definition; preprocessor branches not resolved
firmware/app/src/app_mesh_report_route_control.inc	1307	mesh_gateway_handoff_due_batch_acks	60		lexical C definition; preprocessor branches not resolved
firmware/app/src/app_mesh_report_route_control.inc	1369	mesh_route_wake_claimed_duration_ms	13		lexical C definition; preprocessor branches not resolved
firmware/app/src/app_mesh_report_route_control.inc	1386	mesh_route_wake_sniff_activity	48	error_paths;cleanup	lexical C definition; preprocessor branches not resolved
firmware/app/src/app_mesh_report_route_control.inc	1440	mesh_route_wake_backoff	26		lexical C definition; preprocessor branches not resolved
firmware/app/src/app_mesh_report_route_control.inc	1472	mesh_route_wake_listen_for_click	45	error_paths	lexical C definition; preprocessor branches not resolved
firmware/app/src/app_mesh_report_route_control.inc	1524	mesh_send_route_wake_train	14		lexical C definition; preprocessor branches not resolved
firmware/app/src/app_mesh_report_route_control.inc	1549	mesh_send_route_wake_train_with_duration	632	error_paths;cleanup;scheduling	lexical C definition; preprocessor branches not resolved
firmware/app/src/app_mesh_report_route_control.inc	2194	mesh_c5_listener_purpose	9		lexical C definition; preprocessor branches not resolved
firmware/app/src/app_mesh_report_route_control.inc	2205	mesh_route_capture_find_u32	17		lexical C definition; preprocessor branches not resolved
firmware/app/src/app_mesh_report_route_control.inc	2227	mesh_route_capture_find_u16	17		lexical C definition; preprocessor branches not resolved
firmware/app/src/app_mesh_report_route_control.inc	2249	mesh_route_capture_find_u64	17		lexical C definition; preprocessor branches not resolved
firmware/app/src/app_mesh_report_route_control.inc	2271	mesh_route_capture_identity_from_request	25		lexical C definition; preprocessor branches not resolved
firmware/app/src/app_mesh_report_route_control.inc	2301	mesh_listen_for_route_reply	919	error_paths;cleanup;scheduling	lexical C definition; preprocessor branches not resolved
firmware/app/src/app_mesh_report_rx.inc	2	mesh_rx_handler_lock_note_owner	8		lexical C definition; preprocessor branches not resolved
firmware/app/src/app_mesh_report_rx.inc	12	mesh_rx_handler_lock_clear_owner	8		lexical C definition; preprocessor branches not resolved
firmware/app/src/app_mesh_report_rx.inc	23	mesh_rx_radio_claim	26	error_paths	lexical C definition; preprocessor branches not resolved
firmware/app/src/app_mesh_report_rx.inc	52	mesh_rx_radio_finish	13	error_paths	lexical C definition; preprocessor branches not resolved
firmware/app/src/app_mesh_report_rx.inc	68	mesh_rx_work_handler	46		lexical C definition; preprocessor branches not resolved
firmware/app/src/app_mesh_report_rx.inc	116	mesh_process_queued_rx_now_internal	87		lexical C definition; preprocessor branches not resolved
firmware/app/src/app_mesh_report_rx.inc	206	mesh_process_queued_rx_now	3		lexical C definition; preprocessor branches not resolved
firmware/app/src/app_mesh_report_rx.inc	211	mesh_process_queued_rx_at_gateway_rx_boundary	4		lexical C definition; preprocessor branches not resolved
firmware/app/src/app_mesh_report_rx.inc	218	mesh_defer_due_retry_to_channel9_tx_slot	49	scheduling	lexical C definition; preprocessor branches not resolved
firmware/app/src/app_mesh_report_rx.inc	269	mesh_tx_timeout_handler	117	scheduling	lexical C definition; preprocessor branches not resolved
firmware/app/src/app_mesh_report_rx.inc	388	mesh_expand_uptime32	6		lexical C definition; preprocessor branches not resolved
firmware/app/src/app_mesh_report_rx.inc	396	mesh_gateway_protocol_validation_arm	10	error_paths	lexical C definition; preprocessor branches not resolved
firmware/app/src/app_mesh_report_rx.inc	409	mesh_gateway_protocol_validation_complete	17	error_paths	lexical C definition; preprocessor branches not resolved
firmware/app/src/app_mesh_report_rx.inc	430	mesh_queue_from_frame_at_internal	269	error_paths;cleanup;scheduling	lexical C definition; preprocessor branches not resolved
firmware/app/src/app_mesh_report_rx.inc	715	mesh_queue_from_frame_at	16		lexical C definition; preprocessor branches not resolved
firmware/app/src/app_mesh_report_rx.inc	742	mesh_queue_from_frame	12		lexical C definition; preprocessor branches not resolved
firmware/app/src/app_mesh_report_rx.inc	761	mesh_queue_from_frame_deferred	16		lexical C definition; preprocessor branches not resolved
firmware/app/src/app_mesh_report_rx.inc	784	mesh_queue_from_frame_deferred_radio	16		lexical C definition; preprocessor branches not resolved
firmware/app/src/app_mesh_report_rx.inc	809	mesh_submit_queued_rx	10		lexical C definition; preprocessor branches not resolved
firmware/app/src/app_mesh_report_rx.inc	821	mesh_rx_pending_count	3		lexical C definition; preprocessor branches not resolved
firmware/app/src/app_mesh_report_rx.inc	826	mesh_rx_response_active	6		lexical C definition; preprocessor branches not resolved
firmware/app/src/app_mesh_report_rx.inc	834	mesh_anchor_low_duty_scan_should_defer	72	scheduling	lexical C definition; preprocessor branches not resolved
firmware/app/src/app_mesh_report_rx.inc	908	mesh_decode_gateway_route_activation_frame	10		lexical C definition; preprocessor branches not resolved
firmware/app/src/app_mesh_report_rx.inc	925	mesh_route_activation_abs_delta	6		lexical C definition; preprocessor branches not resolved
firmware/app/src/app_mesh_report_rx.inc	934	mesh_route_activation_note	69	scheduling	lexical C definition; preprocessor branches not resolved
firmware/app/src/app_mesh_report_rx.inc	1008	mesh_route_activation_find	23	scheduling	lexical C definition; preprocessor branches not resolved
firmware/app/src/app_mesh_report_rx.inc	1036	mesh_route_activation_allows_route_adv	23		lexical C definition; preprocessor branches not resolved
firmware/app/src/app_mesh_report_rx.inc	1065	mesh_route_activation_apply_forward_timing	27		lexical C definition; preprocessor branches not resolved
firmware/app/src/app_mesh_report_rx.inc	1096	mesh_decode_channel5_wake_claim	32	error_paths	lexical C definition; preprocessor branches not resolved
firmware/app/src/app_mesh_report_rx.inc	1134	mesh_frame_requires_anchor_click_handoff	10		lexical C definition; preprocessor branches not resolved
firmware/app/src/app_mesh_report_rx.inc	1148	mesh_handoff_anchor_click_claim	40		lexical C definition; preprocessor branches not resolved
firmware/app/src/app_mesh_report_rx.inc	1193	mesh_handle_channel5_wake_claim	98		lexical C definition; preprocessor branches not resolved
firmware/app/src/app_mesh_report_rx.inc	1297	mesh_anchor_handoff_route_wake_frame	130	scheduling	lexical C definition; preprocessor branches not resolved
firmware/app/src/app_mesh_report_rx.inc	1431	mesh_process_received_frame	92	cleanup	lexical C definition; preprocessor branches not resolved
firmware/app/src/app_mesh_report_rx.inc	1533	mesh_gateway_run_survey_response_slice	101	error_paths;cleanup;scheduling	lexical C definition; preprocessor branches not resolved
firmware/app/src/app_mesh_report_rx.inc	1636	mesh_gateway_run_enumeration_response_slice	212	error_paths;cleanup;scheduling	lexical C definition; preprocessor branches not resolved
firmware/app/src/app_mesh_report_rx.inc	1850	mesh_uwb_rx_work_handler	1332	error_paths;cleanup;scheduling;unbounded_loop_candidate	lexical C definition; preprocessor branches not resolved
firmware/app/src/app_mesh_report_rx.inc	3184	mesh_start_uwb_rx	30	error_paths;scheduling	lexical C definition; preprocessor branches not resolved
firmware/app/src/app_mesh_report_rx.inc	3217	mesh_route_refresh_allowed	5		lexical C definition; preprocessor branches not resolved
firmware/app/src/app_mesh_report_rx.inc	3224	mesh_route_refresh_policy_running	4		lexical C definition; preprocessor branches not resolved
firmware/app/src/app_mesh_report_rx.inc	3230	mesh_route_refresh_response_active	11		lexical C definition; preprocessor branches not resolved
firmware/app/src/app_mesh_report_rx.inc	3243	mesh_route_refresh_now	4		lexical C definition; preprocessor branches not resolved
firmware/app/src/app_mesh_report_rx.inc	3249	mesh_route_refresh_build	49	error_paths	lexical C definition; preprocessor branches not resolved
firmware/app/src/app_mesh_report_rx.inc	3304	mesh_route_refresh_send_wake	7		lexical C definition; preprocessor branches not resolved
firmware/app/src/app_mesh_report_rx.inc	3316	mesh_route_refresh_note_sent	24		lexical C definition; preprocessor branches not resolved
firmware/app/src/app_mesh_report_rx.inc	3344	mesh_route_refresh_begin_radio_control	26	error_paths;cleanup	lexical C definition; preprocessor branches not resolved
firmware/app/src/app_mesh_report_rx.inc	3372	mesh_route_refresh_end_radio_control	6		lexical C definition; preprocessor branches not resolved
firmware/app/src/app_mesh_report_rx.inc	3380	mesh_route_refresh_stop_scan	6	cleanup	lexical C definition; preprocessor branches not resolved
firmware/app/src/app_mesh_report_rx.inc	3388	mesh_route_refresh_restart_scan	6		lexical C definition; preprocessor branches not resolved
firmware/app/src/app_mesh_report_rx.inc	3396	mesh_route_refresh_clear_response	4		lexical C definition; preprocessor branches not resolved
firmware/app/src/app_mesh_report_rx.inc	3402	mesh_route_refresh_schedule	6	scheduling	lexical C definition; preprocessor branches not resolved
firmware/app/src/app_mesh_report_rx.inc	3412	mesh_route_refresh_next_sequence	11	error_paths	lexical C definition; preprocessor branches not resolved
firmware/app/src/app_mesh_report_rx.inc	3425	mesh_route_refresh_defer	10		lexical C definition; preprocessor branches not resolved
firmware/app/src/app_mesh_report_rx.inc	3437	mesh_route_refresh_observe	7		lexical C definition; preprocessor branches not resolved
firmware/app/src/app_mesh_report_rx.inc	3447	app_mesh_report_init	120	cleanup	lexical C definition; preprocessor branches not resolved
firmware/app/src/app_mesh_report_rx.inc	3569	mesh_delivery_health_get	5		lexical C definition; preprocessor branches not resolved
firmware/app/src/app_mesh_report_rx.inc	3576	mesh_gateway_command_priority_submit	3		lexical C definition; preprocessor branches not resolved
firmware/app/src/app_mesh_report_rx.inc	3581	mesh_gateway_command_priority_safe_boundary	7		lexical C definition; preprocessor branches not resolved
firmware/app/src/app_mesh_report_rx.inc	3590	mesh_gateway_control_priority_observed	8		lexical C definition; preprocessor branches not resolved
firmware/app/src/app_mesh_report_transport.inc	2	mesh_pending_tx_blocks_uwb_rx	10		lexical C definition; preprocessor branches not resolved
firmware/app/src/app_mesh_report_transport.inc	14	mesh_uwb_rx_window_ms	5		lexical C definition; preprocessor branches not resolved
firmware/app/src/app_mesh_report_transport.inc	21	mesh_uwb_rx_idle_delay_ms	5		lexical C definition; preprocessor branches not resolved
firmware/app/src/app_mesh_report_transport.inc	28	mesh_node_comm_reliable_tx_peers	34		lexical C definition; preprocessor branches not resolved
firmware/app/src/app_mesh_report_transport.inc	65	mesh_node_comm_reliable_tx_pending_for_peer	8		lexical C definition; preprocessor branches not resolved
firmware/app/src/app_mesh_report_transport.inc	78	mesh_next_channel9_activity_delay_ms	44	scheduling	lexical C definition; preprocessor branches not resolved
firmware/app/src/app_mesh_report_transport.inc	125	mesh_report_next_channel9_activity_prepare_delay_ms	3		lexical C definition; preprocessor branches not resolved
firmware/app/src/app_mesh_report_transport.inc	140	mesh_next_channel9_receive_prepare_delay_ms	40	scheduling	lexical C definition; preprocessor branches not resolved
firmware/app/src/app_mesh_report_transport.inc	183	mesh_select_channel9_rx_event	57	error_paths;scheduling	lexical C definition; preprocessor branches not resolved
firmware/app/src/app_mesh_report_transport.inc	245	mesh_select_direct_gateway_ack_rx	38	scheduling	lexical C definition; preprocessor branches not resolved
firmware/app/src/app_mesh_report_transport.inc	288	mesh_select_channel9_ack_tx_event	199	error_paths;cleanup;scheduling	lexical C definition; preprocessor branches not resolved
firmware/app/src/app_mesh_report_transport.inc	491	mesh_channel9_ack_pending_for_peer	4		lexical C definition; preprocessor branches not resolved
firmware/app/src/app_mesh_report_transport.inc	497	mesh_channel9_core_tx_pending_for_peer	7		lexical C definition; preprocessor branches not resolved
firmware/app/src/app_mesh_report_transport.inc	506	mesh_channel9_next_required_activity	23		lexical C definition; preprocessor branches not resolved
firmware/app/src/app_mesh_report_transport.inc	535	mesh_channel9_prepare_start_ms	18		lexical C definition; preprocessor branches not resolved
firmware/app/src/app_mesh_report_transport.inc	555	mesh_next_channel9_rx_delay_ms	8		lexical C definition; preprocessor branches not resolved
firmware/app/src/app_mesh_report_transport.inc	565	mesh_active_channel9_ch5_gap_window_ms	19		lexical C definition; preprocessor branches not resolved
firmware/app/src/app_mesh_report_transport.inc	586	mesh_anchor_yield_idle_ch5_to_low_duty_scan	27	scheduling	lexical C definition; preprocessor branches not resolved
firmware/app/src/app_mesh_report_transport.inc	615	mesh_defer_uwb_rx_rearm	22		lexical C definition; preprocessor branches not resolved
firmware/app/src/app_mesh_report_transport.inc	639	mesh_take_deferred_uwb_rx_rearm	17		lexical C definition; preprocessor branches not resolved
firmware/app/src/app_mesh_report_transport.inc	659	mesh_clear_deferred_uwb_rx_rearm	10	cleanup	lexical C definition; preprocessor branches not resolved
firmware/app/src/app_mesh_report_transport.inc	671	mesh_uwb_rx_rearm_work_handler	62	error_paths;scheduling	lexical C definition; preprocessor branches not resolved
firmware/app/src/app_mesh_report_transport.inc	735	mesh_schedule_uwb_rx	30	error_paths;scheduling	lexical C definition; preprocessor branches not resolved
firmware/app/src/app_mesh_report_transport.inc	767	mesh_route_test_keeps_radio_idle_between_channel9_turns	25		lexical C definition; preprocessor branches not resolved
firmware/app/src/app_mesh_report_transport.inc	794	mesh_anchor_connected_radio_active	4		lexical C definition; preprocessor branches not resolved
firmware/app/src/app_mesh_report_transport.inc	800	mesh_release_radio_after_mesh_turn	21	cleanup	lexical C definition; preprocessor branches not resolved
firmware/app/src/app_mesh_report_transport.inc	824	mesh_radio_standby_with_bounded_recovery	31	cleanup	lexical C definition; preprocessor branches not resolved
firmware/app/src/app_mesh_report_transport.inc	857	mesh_radio_idle_with_bounded_recovery	31	cleanup	lexical C definition; preprocessor branches not resolved
firmware/app/src/app_mesh_report_transport.inc	895	mesh_transport_radio_claim	22	error_paths;cleanup	lexical C definition; preprocessor branches not resolved
firmware/app/src/app_mesh_report_transport.inc	922	mesh_transport_radio_finish	9	error_paths;cleanup	lexical C definition; preprocessor branches not resolved
firmware/app/src/app_mesh_report_transport.inc	935	mesh_c5_enumeration_relay_burst_active	3		lexical C definition; preprocessor branches not resolved
firmware/app/src/app_mesh_report_transport.inc	940	mesh_c5_flood_deferred_entry_due	6	scheduling	lexical C definition; preprocessor branches not resolved
firmware/app/src/app_mesh_report_transport.inc	950	mesh_c5_flood_deferred_schedule_after_locked	17	scheduling	lexical C definition; preprocessor branches not resolved
firmware/app/src/app_mesh_report_transport.inc	972	mesh_c5_flood_next_delay_locked	12	scheduling	lexical C definition; preprocessor branches not resolved
firmware/app/src/app_mesh_report_transport.inc	986	mesh_c5_flood_schedule_loss_fail_stop	17	cleanup	lexical C definition; preprocessor branches not resolved
firmware/app/src/app_mesh_report_transport.inc	1006	mesh_c5_gateway_enumeration_quick_copy_burst	23		lexical C definition; preprocessor branches not resolved
firmware/app/src/app_mesh_report_transport.inc	1032	mesh_stop_role_scan	7	cleanup	lexical C definition; preprocessor branches not resolved
firmware/app/src/app_mesh_report_transport.inc	1041	mesh_inline_rx_rearm_owned	4		lexical C definition; preprocessor branches not resolved
firmware/app/src/app_mesh_report_transport.inc	1047	mesh_inline_rx_rearm_owner_begin	3		lexical C definition; preprocessor branches not resolved
firmware/app/src/app_mesh_report_transport.inc	1052	mesh_inline_rx_rearm_owner_end	3		lexical C definition; preprocessor branches not resolved
firmware/app/src/app_mesh_report_transport.inc	1057	mesh_restart_role_scan	50	error_paths;cleanup	lexical C definition; preprocessor branches not resolved
firmware/app/src/app_mesh_report_transport.inc	1109	mesh_transport_pause_preserving_queued	16	cleanup	lexical C definition; preprocessor branches not resolved
firmware/app/src/app_mesh_report_transport.inc	1127	mesh_transport_pause_active	3		lexical C definition; preprocessor branches not resolved
firmware/app/src/app_mesh_report_transport.inc	1132	mesh_transport_quiesced	9		lexical C definition; preprocessor branches not resolved
firmware/app/src/app_mesh_report_transport.inc	1143	mesh_transport_resume	81	cleanup;scheduling	lexical C definition; preprocessor branches not resolved
firmware/app/src/app_mesh_report_transport.inc	1239	mesh_encode_outbound_tx_snapshot	33	error_paths	lexical C definition; preprocessor branches not resolved
firmware/app/src/app_mesh_report_transport.inc	1280	mesh_transmitted_frame_airtime_us	13		lexical C definition; preprocessor branches not resolved
firmware/app/src/app_mesh_report_transport.inc	1298	mesh_send_outbound_preconfigured_ch9_locked_until	112	error_paths;scheduling	lexical C definition; preprocessor branches not resolved
firmware/app/src/app_mesh_report_transport.inc	1417	mesh_send_outbound_preconfigured_ch9_locked	4		lexical C definition; preprocessor branches not resolved
firmware/app/src/app_mesh_report_transport.inc	1426	mesh_send_outbound_with_release_on_channel_until	312	error_paths;cleanup;scheduling	lexical C definition; preprocessor branches not resolved
firmware/app/src/app_mesh_report_transport.inc	1749	mesh_send_outbound_with_release_on_channel	12	cleanup	lexical C definition; preprocessor branches not resolved
firmware/app/src/app_mesh_report_transport.inc	1768	mesh_send_outbound_with_release	7	cleanup	lexical C definition; preprocessor branches not resolved
firmware/app/src/app_mesh_report_transport.inc	1781	mesh_send_outbound_with_release_until	12	cleanup	lexical C definition; preprocessor branches not resolved
firmware/app/src/app_mesh_report_transport.inc	1800	mesh_send_outbound	6	cleanup	lexical C definition; preprocessor branches not resolved
firmware/app/src/app_mesh_report_transport.inc	1808	mesh_send_outbound_authorized	12	cleanup	lexical C definition; preprocessor branches not resolved
firmware/app/src/app_mesh_report_transport.inc	1825	mesh_send_outbound_causal_response	12	cleanup	lexical C definition; preprocessor branches not resolved
firmware/app/src/app_mesh_report_transport.inc	1841	mesh_send_outbound_keep_channel9_awake	12	error_paths;cleanup	lexical C definition; preprocessor branches not resolved
firmware/app/src/app_mesh_report_transport.inc	1866	mesh_send_causal_channel9_response	96	error_paths;cleanup;scheduling	lexical C definition; preprocessor branches not resolved
firmware/app/src/app_mesh_report_transport.inc	1967	mesh_send_outbound_keep_channel9_awake_until	12	error_paths;cleanup	lexical C definition; preprocessor branches not resolved
firmware/app/src/app_mesh_report_transport.inc	1985	mesh_wait_for_c5_control_followup_turnaround	12	scheduling	lexical C definition; preprocessor branches not resolved
firmware/app/src/app_mesh_report_transport.inc	2001	mesh_send_c5_control_attempt	119	error_paths;cleanup	lexical C definition; preprocessor branches not resolved
firmware/app/src/app_mesh_report_transport.inc	2131	mesh_send_c5_control	6		lexical C definition; preprocessor branches not resolved
firmware/app/src/app_mesh_report_transport.inc	2142	mesh_send_c5_causal_response	5		lexical C definition; preprocessor branches not resolved
firmware/app/src/app_mesh_report_transport.inc	2153	mesh_c5_flood_now_ms	5		lexical C definition; preprocessor branches not resolved
firmware/app/src/app_mesh_report_transport.inc	2160	mesh_c5_flood_sleep_until_ms	113	error_paths;cleanup;scheduling;unbounded_loop_candidate	lexical C definition; preprocessor branches not resolved
firmware/app/src/app_mesh_report_transport.inc	2275	mesh_c5_flood_defer_active_cb	63	cleanup	lexical C definition; preprocessor branches not resolved
firmware/app/src/app_mesh_report_transport.inc	2340	mesh_c5_flood_quiet_cb	51	error_paths;cleanup	lexical C definition; preprocessor branches not resolved
firmware/app/src/app_mesh_report_transport.inc	2393	mesh_c5_flood_random_u32	5		lexical C definition; preprocessor branches not resolved
firmware/app/src/app_mesh_report_transport.inc	2400	mesh_c5_flood_send_cb	22	cleanup	lexical C definition; preprocessor branches not resolved
firmware/app/src/app_mesh_report_transport.inc	2424	mesh_c5_flood_same_packet	8		lexical C definition; preprocessor branches not resolved
firmware/app/src/app_mesh_report_transport.inc	2435	mesh_c5_flood_deferred_retry_ms	12		lexical C definition; preprocessor branches not resolved
firmware/app/src/app_mesh_report_transport.inc	2451	mesh_c5_flood_work_pending	9		lexical C definition; preprocessor branches not resolved
firmware/app/src/app_mesh_report_transport.inc	2462	mesh_c5_enumeration_relay_burst_begin	24	cleanup	lexical C definition; preprocessor branches not resolved
firmware/app/src/app_mesh_report_transport.inc	2489	mesh_c5_enumeration_relay_burst_end	8		lexical C definition; preprocessor branches not resolved
firmware/app/src/app_mesh_report_transport.inc	2499	mesh_c5_enumeration_relay_wait_for_scan	23	error_paths;scheduling	lexical C definition; preprocessor branches not resolved
firmware/app/src/app_mesh_report_transport.inc	2524	mesh_c5_protocol_flood_work_pending	13		lexical C definition; preprocessor branches not resolved
firmware/app/src/app_mesh_report_transport.inc	2539	mesh_c5_flood_store_deferred	116	error_paths;cleanup;scheduling	lexical C definition; preprocessor branches not resolved
firmware/app/src/app_mesh_report_transport.inc	2661	mesh_c5_flood_purpose_is_priority	5		lexical C definition; preprocessor branches not resolved
firmware/app/src/app_mesh_report_transport.inc	2668	mesh_c5_flood_destination_valid	15		lexical C definition; preprocessor branches not resolved
firmware/app/src/app_mesh_report_transport.inc	2685	mesh_c5_flood_enumeration_identity	87		lexical C definition; preprocessor branches not resolved
firmware/app/src/app_mesh_report_transport.inc	2779	mesh_c5_gateway_enumeration_claim	22		lexical C definition; preprocessor branches not resolved
firmware/app/src/app_mesh_report_transport.inc	2804	mesh_c5_compact_scheduled_control	5	scheduling	lexical C definition; preprocessor branches not resolved
firmware/app/src/app_mesh_report_transport.inc	2812	mesh_c5_compact_scheduled_activation	9	scheduling	lexical C definition; preprocessor branches not resolved
firmware/app/src/app_mesh_report_transport.inc	2824	mesh_c5_survey_start_assignment_epoch	15	scheduling	lexical C definition; preprocessor branches not resolved
firmware/app/src/app_mesh_report_transport.inc	2843	mesh_send_c5_flood_now_until	412	error_paths;scheduling	lexical C definition; preprocessor branches not resolved
firmware/app/src/app_mesh_report_transport.inc	3269	mesh_send_c5_flood_now	6		lexical C definition; preprocessor branches not resolved
firmware/app/src/app_mesh_report_transport.inc	3285	mesh_send_c5_flood_now_intent	15		lexical C definition; preprocessor branches not resolved
firmware/app/src/app_mesh_report_transport.inc	3312	mesh_try_send_c5_flood	10		lexical C definition; preprocessor branches not resolved
firmware/app/src/app_mesh_report_transport.inc	3327	mesh_try_send_c5_flood_resume	72	error_paths;scheduling	lexical C definition; preprocessor branches not resolved
firmware/app/src/app_mesh_report_transport.inc	3407	mesh_try_send_c5_flood_view	99	error_paths;cleanup;scheduling	lexical C definition; preprocessor branches not resolved
firmware/app/src/app_mesh_report_transport.inc	3513	mesh_try_send_control_response_view	74	error_paths;cleanup	lexical C definition; preprocessor branches not resolved
firmware/app/src/app_mesh_report_transport.inc	3592	mesh_node_comm_cancel_request_matches	5		lexical C definition; preprocessor branches not resolved
firmware/app/src/app_mesh_report_transport.inc	3602	mesh_node_comm_packet_matches_cancel	19		lexical C definition; preprocessor branches not resolved
firmware/app/src/app_mesh_report_transport.inc	3627	mesh_try_send_reliable_uplink_view	154	error_paths;cleanup	lexical C definition; preprocessor branches not resolved
firmware/app/src/app_mesh_report_transport.inc	3787	mesh_cancel_reliable_uplink_route_owned	49	error_paths;cleanup;scheduling	lexical C definition; preprocessor branches not resolved
firmware/app/src/app_mesh_report_transport.inc	3839	mesh_node_comm_cancel_complete	22	cleanup	lexical C definition; preprocessor branches not resolved
firmware/app/src/app_mesh_report_transport.inc	3865	mesh_node_comm_cancel_work_handler	26	cleanup	lexical C definition; preprocessor branches not resolved
firmware/app/src/app_mesh_report_transport.inc	3893	mesh_request_reliable_uplink_cancel	77	error_paths;cleanup;scheduling	lexical C definition; preprocessor branches not resolved
firmware/app/src/app_mesh_report_transport.inc	3977	mesh_take_reliable_uplink_cancel_result	26	error_paths;cleanup	lexical C definition; preprocessor branches not resolved
firmware/app/src/app_mesh_report_transport.inc	4007	mesh_send_c5_flood	15		lexical C definition; preprocessor branches not resolved
firmware/app/src/app_mesh_report_transport.inc	4027	mesh_gateway_control_send_flood	12		lexical C definition; preprocessor branches not resolved
firmware/app/src/app_mesh_report_transport.inc	4045	mesh_send_gateway_command_flood	12		lexical C definition; preprocessor branches not resolved
firmware/app/src/app_mesh_result_handoff.c	6	status_init	5	error_paths	lexical C definition; preprocessor branches not resolved
firmware/app/src/app_mesh_result_handoff.c	13	app_mesh_result_handoff_after_forward	16	error_paths;cleanup	lexical C definition; preprocessor branches not resolved
firmware/app/src/app_mesh_result_handoff.c	35	app_mesh_result_handoff_result_grant	25	error_paths;cleanup	lexical C definition; preprocessor branches not resolved
firmware/app/src/app_mesh_result_handoff.c	65	app_mesh_result_handoff_prepare_hop_ack	17	error_paths;cleanup	lexical C definition; preprocessor branches not resolved
firmware/app/src/app_mesh_rf_retry.c	9	retry_key_valid	5		lexical C definition; preprocessor branches not resolved
firmware/app/src/app_mesh_rf_retry.c	16	retry_key_equal	9		lexical C definition; preprocessor branches not resolved
firmware/app/src/app_mesh_rf_retry.c	28	retry_key_seed	19		lexical C definition; preprocessor branches not resolved
firmware/app/src/app_mesh_rf_retry.c	49	retry_round_seed	11		lexical C definition; preprocessor branches not resolved
firmware/app/src/app_mesh_rf_retry.c	62	app_mesh_rf_retry_next_delay_ms	43		lexical C definition; preprocessor branches not resolved
firmware/app/src/app_mesh_rf_retry.c	111	app_mesh_rf_retry_note_success	3		lexical C definition; preprocessor branches not resolved
firmware/app/src/app_mesh_rf_retry.c	118	app_mesh_rf_retry_forget	5	cleanup	lexical C definition; preprocessor branches not resolved
firmware/app/src/app_mesh_rf_retry.c	127	app_mesh_rf_retry_reset	5		lexical C definition; preprocessor branches not resolved
firmware/app/src/app_mesh_rf_retry.c	134	retry_bank_find	13		lexical C definition; preprocessor branches not resolved
firmware/app/src/app_mesh_rf_retry.c	151	app_mesh_rf_retry_bank_next_delay_ms	24	cleanup	lexical C definition; preprocessor branches not resolved
firmware/app/src/app_mesh_rf_retry.c	181	app_mesh_rf_retry_bank_note_success	3		lexical C definition; preprocessor branches not resolved
firmware/app/src/app_mesh_rf_retry.c	188	app_mesh_rf_retry_bank_forget	5		lexical C definition; preprocessor branches not resolved
firmware/app/src/app_mesh_rf_retry.c	197	app_mesh_rf_retry_bank_reset	9	cleanup	lexical C definition; preprocessor branches not resolved
firmware/app/src/app_mesh_route_ready_handoff.c	5	result_init	5		lexical C definition; preprocessor branches not resolved
firmware/app/src/app_mesh_route_ready_handoff.c	12	app_mesh_route_ready_handoff_on_ready	36	cleanup	lexical C definition; preprocessor branches not resolved
firmware/app/src/app_mesh_route_ready_handoff.c	52	app_mesh_route_ready_handoff_on_waiting_tx	21	cleanup	lexical C definition; preprocessor branches not resolved
firmware/app/src/app_mesh_route_ready_handoff.c	77	app_mesh_route_ready_handoff_after_proposal	9		lexical C definition; preprocessor branches not resolved
firmware/app/src/app_mesh_route_reply_ack.c	6	attempt_result_init	7		lexical C definition; preprocessor branches not resolved
firmware/app/src/app_mesh_route_reply_ack.c	15	backup_result_init	7		lexical C definition; preprocessor branches not resolved
firmware/app/src/app_mesh_route_reply_ack.c	24	id_is_unicast	3		lexical C definition; preprocessor branches not resolved
firmware/app/src/app_mesh_route_reply_ack.c	29	deadline_after	3		lexical C definition; preprocessor branches not resolved
firmware/app/src/app_mesh_route_reply_ack.c	34	app_mesh_route_reply_ack_decide_attempt	28	cleanup	lexical C definition; preprocessor branches not resolved
firmware/app/src/app_mesh_route_reply_ack.c	66	app_mesh_route_reply_ack_decide_backup	18	cleanup	lexical C definition; preprocessor branches not resolved
firmware/app/src/app_mesh_route_reply_ack.c	88	app_mesh_route_reply_upstream_ack_allowed	3		lexical C definition; preprocessor branches not resolved
firmware/app/src/app_mesh_route_reply_ack.c	95	app_mesh_route_reply_ack_deadline_after_preemption	9	scheduling	lexical C definition; preprocessor branches not resolved
firmware/app/src/app_mesh_route_request_policy.c	7	decision_init	5		lexical C definition; preprocessor branches not resolved
firmware/app/src/app_mesh_route_request_policy.c	14	app_mesh_route_request_policy_decide	16	cleanup	lexical C definition; preprocessor branches not resolved
firmware/app/src/app_mesh_route_request_policy.c	34	app_mesh_route_request_rf_failure_decide	21	error_paths	lexical C definition; preprocessor branches not resolved
firmware/app/src/app_mesh_route_request_policy.c	62	app_mesh_route_request_defer_decide	25		lexical C definition; preprocessor branches not resolved
firmware/app/src/app_mesh_route_request_policy.c	91	app_mesh_route_request_defer_delay_ms	7		lexical C definition; preprocessor branches not resolved
firmware/app/src/app_mesh_route_request_policy.c	101	app_mesh_gateway_control_relay_hops_allowed	10		lexical C definition; preprocessor branches not resolved
firmware/app/src/app_mesh_route_wait_tx.c	6	decision_init	5		lexical C definition; preprocessor branches not resolved
firmware/app/src/app_mesh_route_wait_tx.c	13	app_mesh_route_wait_tx_may_store	3		lexical C definition; preprocessor branches not resolved
firmware/app/src/app_mesh_route_wait_tx.c	19	app_mesh_route_wait_tx_should_wake_from_rx	3		lexical C definition; preprocessor branches not resolved
firmware/app/src/app_mesh_route_wait_tx.c	25	app_mesh_route_wait_tx_clear_matches	15		lexical C definition; preprocessor branches not resolved
firmware/app/src/app_mesh_route_wait_tx.c	48	app_mesh_route_wait_tx_decide	49	cleanup	lexical C definition; preprocessor branches not resolved
firmware/app/src/app_mesh_rx_policy.c	8	app_mesh_rx_policy_should_drop	4		lexical C definition; preprocessor branches not resolved
firmware/app/src/app_mesh_rx_policy.c	15	app_mesh_rx_policy_role_uses_uwb_rx	4		lexical C definition; preprocessor branches not resolved
firmware/app/src/app_mesh_rx_policy.c	23	app_mesh_rx_policy_gateway_ch9_rx_error_recoverable	20	error_paths	lexical C definition; preprocessor branches not resolved
firmware/app/src/app_mesh_rx_policy.c	47	app_mesh_rx_policy_dwm_attempt_made_progress	6		lexical C definition; preprocessor branches not resolved
firmware/app/src/app_mesh_rx_policy.c	57	app_mesh_rx_policy_gateway_ch9_window_ms	7		lexical C definition; preprocessor branches not resolved
firmware/app/src/app_mesh_rx_policy.c	69	app_mesh_rx_policy_gateway_ch9_work_slice_ms	4		lexical C definition; preprocessor branches not resolved
firmware/app/src/app_mesh_rx_policy.c	76	app_mesh_rx_policy_gateway_ch9_rearm_delay_ms	3		lexical C definition; preprocessor branches not resolved
firmware/app/src/app_mesh_rx_policy.c	81	app_mesh_rx_policy_gateway_ch9_should_yield_recovery	4		lexical C definition; preprocessor branches not resolved
firmware/app/src/app_mesh_rx_policy.c	88	app_mesh_rx_handoff_reset	5		lexical C definition; preprocessor branches not resolved
firmware/app/src/app_mesh_rx_policy.c	95	app_mesh_rx_handoff_request_scheduled_control	9		lexical C definition; preprocessor branches not resolved
firmware/app/src/app_mesh_rx_policy.c	108	app_mesh_rx_handoff_scheduled_control_pending	3		lexical C definition; preprocessor branches not resolved
firmware/app/src/app_mesh_rx_policy.c	114	app_mesh_rx_handoff_scheduled_control_ready	4		lexical C definition; preprocessor branches not resolved
firmware/app/src/app_mesh_rx_policy.c	121	app_mesh_rx_handoff_end_scheduled_control	10		lexical C definition; preprocessor branches not resolved
firmware/app/src/app_mesh_rx_policy.c	134	app_mesh_rx_handoff_begin_control	9		lexical C definition; preprocessor branches not resolved
firmware/app/src/app_mesh_rx_policy.c	147	app_mesh_rx_handoff_try_begin_scan	9		lexical C definition; preprocessor branches not resolved
firmware/app/src/app_mesh_rx_policy.c	159	app_mesh_rx_handoff_end_scan	5		lexical C definition; preprocessor branches not resolved
firmware/app/src/app_mesh_rx_policy.c	166	app_mesh_rx_handoff_control_ready	4		lexical C definition; preprocessor branches not resolved
firmware/app/src/app_mesh_rx_policy.c	173	app_mesh_rx_handoff_control_active	3		lexical C definition; preprocessor branches not resolved
firmware/app/src/app_mesh_rx_policy.c	179	app_mesh_rx_handoff_end_control	5		lexical C definition; preprocessor branches not resolved
firmware/app/src/app_mesh_rx_policy.c	186	app_mesh_rx_handoff_scan_rearm_allowed	4		lexical C definition; preprocessor branches not resolved
firmware/app/src/app_mesh_scheduler_liveness.h	21	app_mesh_schedule_recovery_decide	9		lexical C definition; preprocessor branches not resolved
firmware/app/src/app_mesh_scheduler_liveness.h	37	app_mesh_schedule_preserve_deadline	15		lexical C definition; preprocessor branches not resolved
firmware/app/src/app_mesh_smoke_fast.c	7	tlv_read_u8	14	error_paths	lexical C definition; preprocessor branches not resolved
firmware/app/src/app_mesh_smoke_fast.c	26	tlv_read_u16	14	error_paths	lexical C definition; preprocessor branches not resolved
firmware/app/src/app_mesh_smoke_fast.c	45	tlv_read_u32	14	error_paths	lexical C definition; preprocessor branches not resolved
firmware/app/src/app_mesh_smoke_fast.c	64	tlv_read_u64	14	error_paths	lexical C definition; preprocessor branches not resolved
firmware/app/src/app_mesh_smoke_fast.c	83	find_crc_tlv_offset	31		lexical C definition; preprocessor branches not resolved
firmware/app/src/app_mesh_smoke_fast.c	118	latency_insert	8		lexical C definition; preprocessor branches not resolved
firmware/app/src/app_mesh_smoke_fast.c	128	percentile	24		lexical C definition; preprocessor branches not resolved
firmware/app/src/app_mesh_smoke_fast.c	155	missing_find	8	error_paths	lexical C definition; preprocessor branches not resolved
firmware/app/src/app_mesh_smoke_fast.c	165	missing_track	12		lexical C definition; preprocessor branches not resolved
firmware/app/src/app_mesh_smoke_fast.c	179	missing_clear	9		lexical C definition; preprocessor branches not resolved
firmware/app/src/app_mesh_smoke_fast.c	190	mesh_smoke_fast_payload_append	108	error_paths	lexical C definition; preprocessor branches not resolved
firmware/app/src/app_mesh_smoke_fast.c	304	mesh_smoke_fast_payload_decode	88	error_paths	lexical C definition; preprocessor branches not resolved
firmware/app/src/app_mesh_smoke_fast.c	396	mesh_smoke_fast_tx_decide	26		lexical C definition; preprocessor branches not resolved
firmware/app/src/app_mesh_smoke_fast.c	425	mesh_smoke_fast_init	5		lexical C definition; preprocessor branches not resolved
firmware/app/src/app_mesh_smoke_fast.c	432	mesh_smoke_fast_note_delivery	68	error_paths	lexical C definition; preprocessor branches not resolved
firmware/app/src/app_mesh_smoke_fast.c	507	mesh_smoke_fast_note_missing_reason	9		lexical C definition; preprocessor branches not resolved
firmware/app/src/app_mesh_smoke_fast.c	520	mesh_smoke_fast_note_ch9_missed	5		lexical C definition; preprocessor branches not resolved
firmware/app/src/app_mesh_smoke_fast.c	527	mesh_smoke_fast_note_c5_refresh	5		lexical C definition; preprocessor branches not resolved
firmware/app/src/app_mesh_smoke_fast.c	534	mesh_smoke_fast_get_summary	9		lexical C definition; preprocessor branches not resolved
firmware/app/src/app_mesh_test.c	112	mesh_test_inc_u16	5		lexical C definition; preprocessor branches not resolved
firmware/app/src/app_mesh_test.c	119	mesh_test_ch9_state_for_parent	20		lexical C definition; preprocessor branches not resolved
firmware/app/src/app_mesh_test.c	141	mesh_test_selected_parent	10		lexical C definition; preprocessor branches not resolved
firmware/app/src/app_mesh_test.c	153	mesh_test_next_seq	7		lexical C definition; preprocessor branches not resolved
firmware/app/src/app_mesh_test.c	162	mesh_test_next_attempt	9		lexical C definition; preprocessor branches not resolved
firmware/app/src/app_mesh_test.c	173	mesh_test_reset_attempts	3		lexical C definition; preprocessor branches not resolved
firmware/app/src/app_mesh_test.c	178	mesh_test_advance_packet_id	6		lexical C definition; preprocessor branches not resolved
firmware/app/src/app_mesh_test.c	186	mesh_test_note_queued	8		lexical C definition; preprocessor branches not resolved
firmware/app/src/app_mesh_test.c	196	mesh_test_free_delivery_slot	8		lexical C definition; preprocessor branches not resolved
firmware/app/src/app_mesh_test.c	206	mesh_test_track_delivery	13	error_paths	lexical C definition; preprocessor branches not resolved
firmware/app/src/app_mesh_test.c	223	mesh_test_reap_terminal_deliveries	28		lexical C definition; preprocessor branches not resolved
firmware/app/src/app_mesh_test.c	253	mesh_test_admission_retryable	4		lexical C definition; preprocessor branches not resolved
firmware/app/src/app_mesh_test.c	259	mesh_test_delivery_deadline_ms	6		lexical C definition; preprocessor branches not resolved
firmware/app/src/app_mesh_test.c	267	mesh_test_route_telemetry_enabled	5		lexical C definition; preprocessor branches not resolved
firmware/app/src/app_mesh_test.c	274	mesh_test_route_start_if_needed	9		lexical C definition; preprocessor branches not resolved
firmware/app/src/app_mesh_test.c	285	mesh_test_route_latency_ms	9		lexical C definition; preprocessor branches not resolved
firmware/app/src/app_mesh_test.c	296	mesh_test_route_summary_print	23		lexical C definition; preprocessor branches not resolved
firmware/app/src/app_mesh_test.c	323	mesh_test_route_periodic_summary	26		lexical C definition; preprocessor branches not resolved
firmware/app/src/app_mesh_test.c	351	mesh_test_append_payload	26		lexical C definition; preprocessor branches not resolved
firmware/app/src/app_mesh_test.c	383	mesh_test_build_packet	32	error_paths	lexical C definition; preprocessor branches not resolved
firmware/app/src/app_mesh_test.c	419	mesh_test_tx_once	133	error_paths;cleanup;scheduling	lexical C definition; preprocessor branches not resolved
firmware/app/src/app_mesh_test.c	554	mesh_test_tx_thread_entry	14	scheduling;unbounded_loop_candidate	lexical C definition; preprocessor branches not resolved
firmware/app/src/app_mesh_test.c	570	app_mesh_test_init	3		lexical C definition; preprocessor branches not resolved
firmware/app/src/app_mesh_test.c	575	app_mesh_test_start	32	cleanup	lexical C definition; preprocessor branches not resolved
firmware/app/src/app_mesh_test.c	609	app_mesh_test_note_wake_event	27		lexical C definition; preprocessor branches not resolved
firmware/app/src/app_mesh_test.c	641	app_mesh_test_note_wake_claim	24		lexical C definition; preprocessor branches not resolved
firmware/app/src/app_mesh_test.c	670	app_mesh_test_note_ch9_missed	5		lexical C definition; preprocessor branches not resolved
firmware/app/src/app_mesh_test.c	677	app_mesh_test_note_direct_gateway_route_probe	14		lexical C definition; preprocessor branches not resolved
firmware/app/src/app_mesh_test.c	693	app_mesh_test_note_route_request_attempt	11		lexical C definition; preprocessor branches not resolved
firmware/app/src/app_mesh_test.c	708	app_mesh_test_note_route_request_prepare_result	13		lexical C definition; preprocessor branches not resolved
firmware/app/src/app_mesh_test.c	723	app_mesh_test_note_route_reply_miss	10		lexical C definition; preprocessor branches not resolved
firmware/app/src/app_mesh_test.c	735	app_mesh_test_note_route_ready	15		lexical C definition; preprocessor branches not resolved
firmware/app/src/app_mesh_test.c	754	app_mesh_test_note_report_tx_retryable	13		lexical C definition; preprocessor branches not resolved
firmware/app/src/app_mesh_test.c	769	app_mesh_test_note_report_tx_backoff	14		lexical C definition; preprocessor branches not resolved
firmware/app/src/app_mesh_test.c	785	app_mesh_test_note_direct_gateway_ack	23	error_paths	lexical C definition; preprocessor branches not resolved
firmware/app/src/app_mesh_test.c	810	app_mesh_test_note_gateway_delivery	61	error_paths	lexical C definition; preprocessor branches not resolved
firmware/app/src/app_mesh_test.c	877	app_mesh_test_init	3		lexical C definition; preprocessor branches not resolved
firmware/app/src/app_mesh_test.c	882	app_mesh_test_start	3		lexical C definition; preprocessor branches not resolved
firmware/app/src/app_mesh_test.c	887	app_mesh_test_note_wake_event	6		lexical C definition; preprocessor branches not resolved
firmware/app/src/app_mesh_test.c	898	app_mesh_test_note_wake_claim	6		lexical C definition; preprocessor branches not resolved
firmware/app/src/app_mesh_test.c	909	app_mesh_test_note_ch9_missed	2		lexical C definition; preprocessor branches not resolved
firmware/app/src/app_mesh_test.c	913	app_mesh_test_note_direct_gateway_route_probe	4		lexical C definition; preprocessor branches not resolved
firmware/app/src/app_mesh_test.c	919	app_mesh_test_note_route_request_attempt	5		lexical C definition; preprocessor branches not resolved
firmware/app/src/app_mesh_test.c	928	app_mesh_test_note_route_request_prepare_result	4		lexical C definition; preprocessor branches not resolved
firmware/app/src/app_mesh_test.c	934	app_mesh_test_note_route_reply_miss	4		lexical C definition; preprocessor branches not resolved
firmware/app/src/app_mesh_test.c	940	app_mesh_test_note_route_ready	5		lexical C definition; preprocessor branches not resolved
firmware/app/src/app_mesh_test.c	949	app_mesh_test_note_report_tx_retryable	4		lexical C definition; preprocessor branches not resolved
firmware/app/src/app_mesh_test.c	955	app_mesh_test_note_report_tx_backoff	5		lexical C definition; preprocessor branches not resolved
firmware/app/src/app_mesh_test.c	962	app_mesh_test_note_direct_gateway_ack	5		lexical C definition; preprocessor branches not resolved
firmware/app/src/app_mesh_test.c	969	app_mesh_test_note_gateway_delivery	7		lexical C definition; preprocessor branches not resolved
firmware/app/src/app_mesh_tx_handoff_gate.c	5	app_mesh_tx_handoff_select_reason	12		lexical C definition; preprocessor branches not resolved
firmware/app/src/app_mesh_tx_handoff_gate.c	20	app_mesh_tx_handoff_gate_yield	35	scheduling	lexical C definition; preprocessor branches not resolved
firmware/app/src/app_ml.c	188	ml_clicker_rainbow_set_led	35		lexical C definition; preprocessor branches not resolved
firmware/app/src/app_ml.c	225	ml_clicker_rainbow_led_work_handler	13	scheduling	lexical C definition; preprocessor branches not resolved
firmware/app/src/app_ml.c	246	ml_anchor_battery_led_set_for_mv	9		lexical C definition; preprocessor branches not resolved
firmware/app/src/app_ml.c	257	ml_anchor_battery_led_work_handler	30	scheduling	lexical C definition; preprocessor branches not resolved
firmware/app/src/app_ml.c	289	ml_anchor_cached_battery_mv	3		lexical C definition; preprocessor branches not resolved
firmware/app/src/app_ml.c	293	ml_anchor_discovery_slot	6		lexical C definition; preprocessor branches not resolved
firmware/app/src/app_ml.c	304	ml_anchor_run_post_burst_diagnostics	104	scheduling	lexical C definition; preprocessor branches not resolved
firmware/app/src/app_ml.c	415	ml_clicker_relax_range_schedule	39	error_paths;scheduling	lexical C definition; preprocessor branches not resolved
firmware/app/src/app_ml.c	460	ml_clicker_discovery_slot_count_override	3		lexical C definition; preprocessor branches not resolved
firmware/app/src/app_ml.c	465	ml_clicker_continue_after_range_start_failure	3		lexical C definition; preprocessor branches not resolved
firmware/app/src/app_ml.c	470	ml_clicker_note_cached_discovery_used	3		lexical C definition; preprocessor branches not resolved
firmware/app/src/app_ml.c	475	ml_clicker_runtime_active	3		lexical C definition; preprocessor branches not resolved
firmware/app/src/app_ml.c	480	ml_clicker_live_tracking_active	7		lexical C definition; preprocessor branches not resolved
firmware/app/src/app_ml.c	489	ml_clicker_live_control_publish	13		lexical C definition; preprocessor branches not resolved
firmware/app/src/app_ml.c	505	ml_clicker_live_control_clear	8		lexical C definition; preprocessor branches not resolved
firmware/app/src/app_ml.c	515	ml_clicker_live_control_matches_active	17		lexical C definition; preprocessor branches not resolved
firmware/app/src/app_ml.c	535	ml_clicker_live_tracking_touch	3		lexical C definition; preprocessor branches not resolved
firmware/app/src/app_ml.c	540	ml_clicker_live_tracking_heartbeat_ok	8		lexical C definition; preprocessor branches not resolved
firmware/app/src/app_ml.c	551	ml_clicker_should_continue_ranging	11		lexical C definition; preprocessor branches not resolved
firmware/app/src/app_ml.c	564	ml_clicker_enter_range_quiet	5		lexical C definition; preprocessor branches not resolved
firmware/app/src/app_ml.c	571	ml_clicker_exit_range_quiet	5		lexical C definition; preprocessor branches not resolved
firmware/app/src/app_ml.c	578	ml_clicker_cache_find	15		lexical C definition; preprocessor branches not resolved
firmware/app/src/app_ml.c	596	ml_clicker_cache_entry_for_discovery	37		lexical C definition; preprocessor branches not resolved
firmware/app/src/app_ml.c	636	ml_clicker_cache_note_discovery_reply	20	error_paths	lexical C definition; preprocessor branches not resolved
firmware/app/src/app_ml.c	659	ml_clicker_cache_note_range_result	12	error_paths	lexical C definition; preprocessor branches not resolved
firmware/app/src/app_ml.c	674	ml_clicker_cache_entry_fresh	8		lexical C definition; preprocessor branches not resolved
firmware/app/src/app_ml.c	686	ml_clicker_seed_cached_anchors	45	error_paths	lexical C definition; preprocessor branches not resolved
firmware/app/src/app_ml.c	736	ml_clicker_try_send_encoded_frame	5		lexical C definition; preprocessor branches not resolved
firmware/app/src/app_ml.c	745	ml_clicker_wait_for_ble_custody	5	scheduling	lexical C definition; preprocessor branches not resolved
firmware/app/src/app_ml.c	752	ml_clicker_note_custody_failure	7	cleanup	lexical C definition; preprocessor branches not resolved
firmware/app/src/app_ml.c	761	ml_clicker_add_custody_retries	7		lexical C definition; preprocessor branches not resolved
firmware/app/src/app_ml.c	770	ml_clicker_send_encoded_frame_retained	17	error_paths	lexical C definition; preprocessor branches not resolved
firmware/app/src/app_ml.c	790	ml_clicker_emit_host_packet_retained	32	error_paths	lexical C definition; preprocessor branches not resolved
firmware/app/src/app_ml.c	827	ml_clicker_emit_or_buffer_host_packet	38	error_paths	lexical C definition; preprocessor branches not resolved
firmware/app/src/app_ml.c	869	ml_clicker_emit_range_sample_record	132	error_paths;scheduling	lexical C definition; preprocessor branches not resolved
firmware/app/src/app_ml.c	1005	ml_clicker_flush_buffered_frames	49	error_paths	lexical C definition; preprocessor branches not resolved
firmware/app/src/app_ml.c	1057	ml_clicker_read_u8_tlv	36	error_paths	lexical C definition; preprocessor branches not resolved
firmware/app/src/app_ml.c	1101	ml_clicker_read_live_watchdog_ms	23	error_paths	lexical C definition; preprocessor branches not resolved
firmware/app/src/app_ml.c	1128	ml_clicker_send_command_result_with_custody	71	error_paths	lexical C definition; preprocessor branches not resolved
firmware/app/src/app_ml.c	1205	ml_clicker_send_command_result	6		lexical C definition; preprocessor branches not resolved
firmware/app/src/app_ml.c	1216	ml_clicker_release_work_handler	5		lexical C definition; preprocessor branches not resolved
firmware/app/src/app_ml.c	1223	ml_clicker_finish_request	39	error_paths;cleanup	lexical C definition; preprocessor branches not resolved
firmware/app/src/app_ml.c	1266	ml_clicker_emit_range_sample_if_active	59	error_paths	lexical C definition; preprocessor branches not resolved
firmware/app/src/app_ml.c	1331	ml_clicker_next_packet_seq	8		lexical C definition; preprocessor branches not resolved
firmware/app/src/app_ml.c	1341	ml_clicker_init_report_packet	14		lexical C definition; preprocessor branches not resolved
firmware/app/src/app_ml.c	1358	ml_clicker_append_post_burst_common_tlvs	58	error_paths	lexical C definition; preprocessor branches not resolved
firmware/app/src/app_ml.c	1427	ml_clicker_append_raw_timestamps_tlv	14		lexical C definition; preprocessor branches not resolved
firmware/app/src/app_ml.c	1447	ml_clicker_emit_rx_diag_block_if_present	46	error_paths;cleanup	lexical C definition; preprocessor branches not resolved
firmware/app/src/app_ml.c	1503	ml_clicker_emit_full_cir_chunks_if_present	86	error_paths;cleanup	lexical C definition; preprocessor branches not resolved
firmware/app/src/app_ml.c	1597	ml_clicker_emit_post_burst_diagnostic_if_active	181	error_paths;cleanup	lexical C definition; preprocessor branches not resolved
firmware/app/src/app_ml.c	1786	ml_clicker_run_post_burst_diagnostics	215	error_paths;cleanup;scheduling	lexical C definition; preprocessor branches not resolved
firmware/app/src/app_ml.c	2007	ml_clicker_emit_stored_post_burst_diagnostics	34	error_paths	lexical C definition; preprocessor branches not resolved
firmware/app/src/app_ml.c	2045	ml_clicker_status_from_ret	15		lexical C definition; preprocessor branches not resolved
firmware/app/src/app_ml.c	2062	ml_clicker_run_live_tracking	154	error_paths;scheduling;unbounded_loop_candidate	lexical C definition; preprocessor branches not resolved
firmware/app/src/app_ml.c	2219	ml_clicker_handle_ble_frame	133	error_paths	lexical C definition; preprocessor branches not resolved
firmware/app/src/app_ml.c	2354	ml_clicker_collect_work_handler	138	error_paths;scheduling	lexical C definition; preprocessor branches not resolved
firmware/app/src/app_ml.c	2496	app_ml_init	38	error_paths;cleanup;scheduling	lexical C definition; preprocessor branches not resolved
firmware/app/src/app_node_comm.c	114	app_node_comm_single_origin_requires_wake_train	23		lexical C definition; preprocessor branches not resolved
firmware/app/src/app_node_comm.c	256	app_node_comm_now_ms	3		lexical C definition; preprocessor branches not resolved
firmware/app/src/app_node_comm.c	267	app_node_comm_production_delivery_transition_trace	21		lexical C definition; preprocessor branches not resolved
firmware/app/src/app_node_comm.c	295	app_node_comm_transport_quiesced	5	cleanup	lexical C definition; preprocessor branches not resolved
firmware/app/src/app_node_comm.c	312	app_node_comm_durable_completion_retry_at	6		lexical C definition; preprocessor branches not resolved
firmware/app/src/app_node_comm.c	320	app_node_comm_backend_guard_expires_at	6		lexical C definition; preprocessor branches not resolved
firmware/app/src/app_node_comm.c	328	app_node_comm_reservation_expired	5		lexical C definition; preprocessor branches not resolved
firmware/app/src/app_node_comm.c	338	app_node_comm_reap_expired_reservations_locked	23		lexical C definition; preprocessor branches not resolved
firmware/app/src/app_node_comm.c	363	app_node_comm_next_required_service_due_locked	71	cleanup	lexical C definition; preprocessor branches not resolved
firmware/app/src/app_node_comm.c	438	app_node_comm_delivery_record_for_handle	12		lexical C definition; preprocessor branches not resolved
firmware/app/src/app_node_comm.c	454	app_node_comm_resource_wait_contains_locked	15		lexical C definition; preprocessor branches not resolved
firmware/app/src/app_node_comm.c	471	app_node_comm_release_reliable_owner_locked	24	cleanup;scheduling	lexical C definition; preprocessor branches not resolved
firmware/app/src/app_node_comm.c	497	app_node_comm_local_semantic_response_profile	4		lexical C definition; preprocessor branches not resolved
firmware/app/src/app_node_comm.c	505	app_node_comm_local_semantic_response_owners_locked	14		lexical C definition; preprocessor branches not resolved
firmware/app/src/app_node_comm.c	521	app_node_comm_reliable_backend_profile	5		lexical C definition; preprocessor branches not resolved
firmware/app/src/app_node_comm.c	529	app_node_comm_durable_attempt_begin	27	error_paths	lexical C definition; preprocessor branches not resolved
firmware/app/src/app_node_comm.c	560	app_node_comm_durable_attempt_complete	27	error_paths	lexical C definition; preprocessor branches not resolved
firmware/app/src/app_node_comm.c	592	app_node_comm_schedule_durable_completion_retry_locked	4	scheduling	lexical C definition; preprocessor branches not resolved
firmware/app/src/app_node_comm.c	598	app_node_comm_retry_durable_completion_locked	31	error_paths	lexical C definition; preprocessor branches not resolved
firmware/app/src/app_node_comm.c	632	app_node_comm_retry_pending_durable_completions_locked	18	error_paths;scheduling	lexical C definition; preprocessor branches not resolved
firmware/app/src/app_node_comm.c	652	app_node_comm_free_delivery_record	31		lexical C definition; preprocessor branches not resolved
firmware/app/src/app_node_comm.c	686	app_node_comm_log_full_delivery_records	27		lexical C definition; preprocessor branches not resolved
firmware/app/src/app_node_comm.c	720	app_node_comm_packet_transaction_key_matches	8		lexical C definition; preprocessor branches not resolved
firmware/app/src/app_node_comm.c	732	app_node_comm_packet_identity_matches	5		lexical C definition; preprocessor branches not resolved
firmware/app/src/app_node_comm.c	741	app_node_comm_delivery_record_for_transaction	10		lexical C definition; preprocessor branches not resolved
firmware/app/src/app_node_comm.c	755	app_node_comm_frozen_payload	14		lexical C definition; preprocessor branches not resolved
firmware/app/src/app_node_comm.c	772	app_node_comm_payload_size_supported	13		lexical C definition; preprocessor branches not resolved
firmware/app/src/app_node_comm.c	789	app_node_comm_frozen_delivery_matches	20		lexical C definition; preprocessor branches not resolved
firmware/app/src/app_node_comm.c	822	app_node_comm_gateway_ack_response_matches	27		lexical C definition; preprocessor branches not resolved
firmware/app/src/app_node_comm.c	854	app_node_comm_gateway_ack_response_record	10		lexical C definition; preprocessor branches not resolved
firmware/app/src/app_node_comm.c	869	app_node_comm_clear_delivery_record	15	cleanup	lexical C definition; preprocessor branches not resolved
firmware/app/src/app_node_comm.c	886	app_node_comm_terminal_backend_released	5		lexical C definition; preprocessor branches not resolved
firmware/app/src/app_node_comm.c	895	app_node_comm_next_backend_release_token_locked	26		lexical C definition; preprocessor branches not resolved
firmware/app/src/app_node_comm.c	923	app_node_comm_backend_release_failed_locked	22	cleanup;scheduling	lexical C definition; preprocessor branches not resolved
firmware/app/src/app_node_comm.c	949	app_node_comm_backend_release_contention_locked	22	cleanup;scheduling	lexical C definition; preprocessor branches not resolved
firmware/app/src/app_node_comm.c	975	app_node_comm_backend_release_completed_locked	68	cleanup	lexical C definition; preprocessor branches not resolved
firmware/app/src/app_node_comm.c	1048	app_node_comm_poll_backend_release_locked	33	error_paths;cleanup;scheduling	lexical C definition; preprocessor branches not resolved
firmware/app/src/app_node_comm.c	1088	app_node_comm_start_backend_release_locked	48	error_paths;cleanup	lexical C definition; preprocessor branches not resolved
firmware/app/src/app_node_comm.c	1143	app_node_comm_reconcile_live_backend_preemptions_locked	45	cleanup	lexical C definition; preprocessor branches not resolved
firmware/app/src/app_node_comm.c	1192	app_node_comm_preempt_reliable_owner_locked	35	error_paths;cleanup	lexical C definition; preprocessor branches not resolved
firmware/app/src/app_node_comm.c	1231	app_node_comm_guard_external_backend_attempts_locked	27	cleanup	lexical C definition; preprocessor branches not resolved
firmware/app/src/app_node_comm.c	1261	app_node_comm_reconcile_terminal_backends_locked	94	error_paths;cleanup	lexical C definition; preprocessor branches not resolved
firmware/app/src/app_node_comm.c	1357	app_node_comm_guard_caller_terminal_owners_locked	41	cleanup	lexical C definition; preprocessor branches not resolved
firmware/app/src/app_node_comm.c	1401	app_node_comm_service_policy_locked	14		lexical C definition; preprocessor branches not resolved
firmware/app/src/app_node_comm.c	1417	app_node_comm_reap_auto_terminal_events_locked	40	cleanup	lexical C definition; preprocessor branches not resolved
firmware/app/src/app_node_comm.c	1459	app_node_comm_freeze_delivery	46	error_paths	lexical C definition; preprocessor branches not resolved
firmware/app/src/app_node_comm.c	1514	app_node_comm_backend_error_retryable	6		lexical C definition; preprocessor branches not resolved
firmware/app/src/app_node_comm.c	1522	app_node_comm_retry_jitter_seed_words	9		lexical C definition; preprocessor branches not resolved
firmware/app/src/app_node_comm.c	1535	app_node_comm_retry_jitter_seed	15		lexical C definition; preprocessor branches not resolved
firmware/app/src/app_node_comm.c	1553	app_node_comm_delivery_work_handler	28	cleanup;scheduling	lexical C definition; preprocessor branches not resolved
firmware/app/src/app_node_comm.c	1584	app_node_comm_gateway_scan_restart_work_handler	13		lexical C definition; preprocessor branches not resolved
firmware/app/src/app_node_comm.c	1600	app_node_comm_schedule_delivery_locked	34	scheduling	lexical C definition; preprocessor branches not resolved
firmware/app/src/app_node_comm.c	1636	app_node_comm_normalize_schedule_result	9	error_paths	lexical C definition; preprocessor branches not resolved
firmware/app/src/app_node_comm.c	1655	app_node_comm_schedule_reservation_locked	6	scheduling	lexical C definition; preprocessor branches not resolved
firmware/app/src/app_node_comm.c	1663	app_node_comm_retain_delivery_schedule_locked	19	cleanup;scheduling	lexical C definition; preprocessor branches not resolved
firmware/app/src/app_node_comm.c	1686	app_node_comm_retain_gateway_due_retry_locked	24	error_paths;cleanup;scheduling	lexical C definition; preprocessor branches not resolved
firmware/app/src/app_node_comm.c	1713	app_node_comm_schedule_lifecycle_watchdog	18	cleanup;scheduling	lexical C definition; preprocessor branches not resolved
firmware/app/src/app_node_comm.c	1736	app_node_comm_schedule_gateway_scan_restart	18	cleanup;scheduling	lexical C definition; preprocessor branches not resolved
firmware/app/src/app_node_comm.c	1757	app_node_comm_delivery_due_kick_handler	89	error_paths;scheduling	lexical C definition; preprocessor branches not resolved
firmware/app/src/app_node_comm.c	1848	app_node_comm_gateway_delivery_safe_boundary	53	error_paths;scheduling	lexical C definition; preprocessor branches not resolved
firmware/app/src/app_node_comm.c	1903	app_node_comm_begin_recovery	17	cleanup;scheduling	lexical C definition; preprocessor branches not resolved
firmware/app/src/app_node_comm.c	1922	app_node_comm_lifecycle_watchdog_handler	35	cleanup;scheduling	lexical C definition; preprocessor branches not resolved
firmware/app/src/app_node_comm.c	1959	app_node_comm_lifecycle_service_locked	19	cleanup;scheduling	lexical C definition; preprocessor branches not resolved
firmware/app/src/app_node_comm.c	1980	app_node_comm_lifecycle_service	22	cleanup	lexical C definition; preprocessor branches not resolved
firmware/app/src/app_node_comm.c	2004	app_node_comm_require_running	17	error_paths;cleanup	lexical C definition; preprocessor branches not resolved
firmware/app/src/app_node_comm.c	2030	app_node_comm_init	62	error_paths;cleanup	lexical C definition; preprocessor branches not resolved
firmware/app/src/app_node_comm.c	2094	app_node_comm_set_delivery_transition_trace	10	error_paths	lexical C definition; preprocessor branches not resolved
firmware/app/src/app_node_comm.c	2108	app_node_comm_register_durable_attempt_ops	30	error_paths	lexical C definition; preprocessor branches not resolved
firmware/app/src/app_node_comm.c	2141	app_node_comm_stop_role_scan	6	cleanup	lexical C definition; preprocessor branches not resolved
firmware/app/src/app_node_comm.c	2149	app_node_comm_restart_role_scan	6		lexical C definition; preprocessor branches not resolved
firmware/app/src/app_node_comm.c	2157	app_node_comm_send	8	error_paths	lexical C definition; preprocessor branches not resolved
firmware/app/src/app_node_comm.c	2168	app_node_comm_send_control	11	error_paths	lexical C definition; preprocessor branches not resolved
firmware/app/src/app_node_comm.c	2185	app_node_comm_send_control_flood	26	error_paths	lexical C definition; preprocessor branches not resolved
firmware/app/src/app_node_comm.c	2216	app_node_comm_schedule_path_refresh	8	error_paths;scheduling	lexical C definition; preprocessor branches not resolved
firmware/app/src/app_node_comm.c	2227	app_node_comm_retry_backoff_ms	9	error_paths	lexical C definition; preprocessor branches not resolved
firmware/app/src/app_node_comm.c	2242	app_node_comm_retry_identity_backoff_ms	19	error_paths	lexical C definition; preprocessor branches not resolved
firmware/app/src/app_node_comm.c	2269	app_node_comm_queue_local_delivery	8	error_paths	lexical C definition; preprocessor branches not resolved
firmware/app/src/app_node_comm.c	2279	app_node_comm_submit_delivery_internal	109	error_paths;cleanup;scheduling	lexical C definition; preprocessor branches not resolved
firmware/app/src/app_node_comm.c	2397	app_node_comm_submit_delivery	24	error_paths	lexical C definition; preprocessor branches not resolved
firmware/app/src/app_node_comm.c	2428	app_node_comm_redrive_delivered_control	56	error_paths;cleanup;scheduling	lexical C definition; preprocessor branches not resolved
firmware/app/src/app_node_comm.c	2490	app_node_comm_submit_control_response	12	error_paths	lexical C definition; preprocessor branches not resolved
firmware/app/src/app_node_comm.c	2507	app_node_comm_submit_reliable_uplink	11	error_paths	lexical C definition; preprocessor branches not resolved
firmware/app/src/app_node_comm.c	2524	app_node_comm_submit_best_effort_uplink	11	error_paths	lexical C definition; preprocessor branches not resolved
firmware/app/src/app_node_comm.c	2540	app_node_comm_submit_protocol_response	12	error_paths	lexical C definition; preprocessor branches not resolved
firmware/app/src/app_node_comm.c	2558	app_node_comm_submit_protocol_response_auto_reap	12	error_paths	lexical C definition; preprocessor branches not resolved
firmware/app/src/app_node_comm.c	2576	app_node_comm_reservation_owner_kind_valid	6		lexical C definition; preprocessor branches not resolved
firmware/app/src/app_node_comm.c	2584	app_node_comm_reservation_expires_at	6		lexical C definition; preprocessor branches not resolved
firmware/app/src/app_node_comm.c	2592	app_node_comm_reservation_lease_valid	6		lexical C definition; preprocessor branches not resolved
firmware/app/src/app_node_comm.c	2602	app_node_comm_reservation_lease_from_record	11		lexical C definition; preprocessor branches not resolved
firmware/app/src/app_node_comm.c	2618	app_node_comm_reservation_record_locked	33	error_paths	lexical C definition; preprocessor branches not resolved
firmware/app/src/app_node_comm.c	2659	app_node_comm_next_reservation_token_locked	24		lexical C definition; preprocessor branches not resolved
firmware/app/src/app_node_comm.c	2685	app_node_comm_reserve_deliveries	122	error_paths;cleanup;scheduling	lexical C definition; preprocessor branches not resolved
firmware/app/src/app_node_comm.c	2816	app_node_comm_cancel_delivery_reservation	25	error_paths;scheduling	lexical C definition; preprocessor branches not resolved
firmware/app/src/app_node_comm.c	2846	app_node_comm_commit_delivery_reservation	113	error_paths;cleanup;scheduling	lexical C definition; preprocessor branches not resolved
firmware/app/src/app_node_comm.c	2969	app_node_comm_reserve_reliable_uplinks	10		lexical C definition; preprocessor branches not resolved
firmware/app/src/app_node_comm.c	2985	app_node_comm_reserve_bounded_control	10		lexical C definition; preprocessor branches not resolved
firmware/app/src/app_node_comm.c	2999	app_node_comm_commit_bounded_control_reservation	17	error_paths	lexical C definition; preprocessor branches not resolved
firmware/app/src/app_node_comm.c	3023	app_node_comm_cancel_bounded_control_reservation	6	cleanup	lexical C definition; preprocessor branches not resolved
firmware/app/src/app_node_comm.c	3032	app_node_comm_commit_reliable_uplink_reservation	11		lexical C definition; preprocessor branches not resolved
firmware/app/src/app_node_comm.c	3050	app_node_comm_cancel_reliable_uplink_reservation	6	cleanup	lexical C definition; preprocessor branches not resolved
firmware/app/src/app_node_comm.c	3059	app_node_comm_reserve_priority_reliable_uplinks	10		lexical C definition; preprocessor branches not resolved
firmware/app/src/app_node_comm.c	3075	app_node_comm_commit_priority_reliable_uplink_reservation	11		lexical C definition; preprocessor branches not resolved
firmware/app/src/app_node_comm.c	3093	app_node_comm_cancel_priority_reliable_uplink_reservation	6	cleanup	lexical C definition; preprocessor branches not resolved
firmware/app/src/app_node_comm.c	3102	app_node_comm_reserve_protocol_response	10		lexical C definition; preprocessor branches not resolved
firmware/app/src/app_node_comm.c	3116	app_node_comm_cancel_protocol_response_reservation	6	cleanup	lexical C definition; preprocessor branches not resolved
firmware/app/src/app_node_comm.c	3125	app_node_comm_commit_protocol_response	11		lexical C definition; preprocessor branches not resolved
firmware/app/src/app_node_comm.c	3143	app_node_comm_commit_protocol_response_auto_reap	14	error_paths	lexical C definition; preprocessor branches not resolved
firmware/app/src/app_node_comm.c	3164	app_node_comm_service_deliveries	420	error_paths;cleanup;scheduling	lexical C definition; preprocessor branches not resolved
firmware/app/src/app_node_comm.c	3586	app_node_comm_note_gateway_confirmed	4		lexical C definition; preprocessor branches not resolved
firmware/app/src/app_node_comm.c	3592	app_node_comm_note_gateway_confirmed_internal	79	error_paths;cleanup;scheduling	lexical C definition; preprocessor branches not resolved
firmware/app/src/app_node_comm.c	3676	app_node_comm_note_gateway_confirmed_at	4		lexical C definition; preprocessor branches not resolved
firmware/app/src/app_node_comm.c	3684	app_node_comm_note_gateway_confirmed_digest_at	7	error_paths	lexical C definition; preprocessor branches not resolved
firmware/app/src/app_node_comm.c	3696	app_node_comm_note_gateway_failed_internal	57	error_paths;cleanup;scheduling	lexical C definition; preprocessor branches not resolved
firmware/app/src/app_node_comm.c	3758	app_node_comm_note_gateway_failed	3		lexical C definition; preprocessor branches not resolved
firmware/app/src/app_node_comm.c	3765	app_node_comm_note_gateway_failed_digest	7	error_paths	lexical C definition; preprocessor branches not resolved
firmware/app/src/app_node_comm.c	3777	app_node_comm_backend_retry_preflight	4		lexical C definition; preprocessor branches not resolved
firmware/app/src/app_node_comm.c	3783	app_node_comm_backend_retry_preflight_until	4		lexical C definition; preprocessor branches not resolved
firmware/app/src/app_node_comm.c	3791	app_node_comm_backend_retry_preflight_with_generation	92	error_paths;scheduling	lexical C definition; preprocessor branches not resolved
firmware/app/src/app_node_comm.c	3888	app_node_comm_complete_backend_attempt_at_internal	122	error_paths;scheduling	lexical C definition; preprocessor branches not resolved
firmware/app/src/app_node_comm.c	4017	app_node_comm_complete_backend_attempt	4		lexical C definition; preprocessor branches not resolved
firmware/app/src/app_node_comm.c	4024	app_node_comm_complete_backend_attempt_at	4		lexical C definition; preprocessor branches not resolved
firmware/app/src/app_node_comm.c	4033	app_node_comm_complete_backend_attempt_for_generation	8		lexical C definition; preprocessor branches not resolved
firmware/app/src/app_node_comm.c	4046	app_node_comm_complete_backend_attempt_at_for_generation	8		lexical C definition; preprocessor branches not resolved
firmware/app/src/app_node_comm.c	4060	app_node_comm_note_backend_rf_started	3		lexical C definition; preprocessor branches not resolved
firmware/app/src/app_node_comm.c	4065	app_node_comm_note_backend_rf_started_for_generation	4		lexical C definition; preprocessor branches not resolved
firmware/app/src/app_node_comm.c	4073	app_node_comm_backend_release_ready	26	scheduling	lexical C definition; preprocessor branches not resolved
firmware/app/src/app_node_comm.c	4102	app_node_comm_cancel_delivery	32	error_paths;cleanup;scheduling	lexical C definition; preprocessor branches not resolved
firmware/app/src/app_node_comm.c	4136	app_node_comm_abandon_delivery	17	error_paths;cleanup	lexical C definition; preprocessor branches not resolved
firmware/app/src/app_node_comm.c	4155	app_node_comm_auto_reap_delivery	19	error_paths	lexical C definition; preprocessor branches not resolved
firmware/app/src/app_node_comm.c	4176	app_node_comm_delivery_handle_state	14	error_paths	lexical C definition; preprocessor branches not resolved
firmware/app/src/app_node_comm.c	4192	app_node_comm_take_delivery_event	26	cleanup	lexical C definition; preprocessor branches not resolved
firmware/app/src/app_node_comm.c	4221	app_node_comm_take_delivery_event_for	24	cleanup	lexical C definition; preprocessor branches not resolved
firmware/app/src/app_node_comm.c	4249	app_node_comm_peek_delivery_event_for	20	cleanup	lexical C definition; preprocessor branches not resolved
firmware/app/src/app_node_comm.c	4273	app_node_comm_delivery_attempts_started	15	error_paths	lexical C definition; preprocessor branches not resolved
firmware/app/src/app_node_comm.c	4291	app_node_comm_delivery_first_rf_started_at	23	error_paths	lexical C definition; preprocessor branches not resolved
firmware/app/src/app_node_comm.c	4318	app_node_comm_delivery_generation	16	error_paths	lexical C definition; preprocessor branches not resolved
firmware/app/src/app_node_comm.c	4337	app_node_comm_delivery_owner_matches	27		lexical C definition; preprocessor branches not resolved
firmware/app/src/app_node_comm.c	4369	app_node_comm_peek_delivery_attempts_started	14	error_paths	lexical C definition; preprocessor branches not resolved
firmware/app/src/app_node_comm.c	4386	app_node_comm_pending_delivery_count	10		lexical C definition; preprocessor branches not resolved
firmware/app/src/app_node_comm.c	4398	app_node_comm_reliable_delivery_targets	36		lexical C definition; preprocessor branches not resolved
firmware/app/src/app_node_comm.c	4437	app_node_comm_delivery_backlog_active	10		lexical C definition; preprocessor branches not resolved
firmware/app/src/app_node_comm.c	4449	app_node_comm_ack_wait_active	10		lexical C definition; preprocessor branches not resolved
firmware/app/src/app_node_comm.c	4461	app_node_comm_control_response_health_get	13		lexical C definition; preprocessor branches not resolved
firmware/app/src/app_node_comm.c	4477	app_node_comm_delivery_health_get	6		lexical C definition; preprocessor branches not resolved
firmware/app/src/app_node_comm.c	4485	app_node_comm_policy_running	3		lexical C definition; preprocessor branches not resolved
firmware/app/src/app_node_comm.c	4490	app_node_comm_transport_preempt_begin	23	error_paths	lexical C definition; preprocessor branches not resolved
firmware/app/src/app_node_comm.c	4515	app_node_comm_transport_preempt_ready	42	error_paths;cleanup	lexical C definition; preprocessor branches not resolved
firmware/app/src/app_node_comm.c	4559	app_node_comm_transport_preempt_end	24	cleanup;scheduling	lexical C definition; preprocessor branches not resolved
firmware/app/src/app_node_comm.c	4585	app_node_comm_pause_request	35	error_paths;cleanup;scheduling	lexical C definition; preprocessor branches not resolved
firmware/app/src/app_node_comm.c	4624	app_node_comm_pause_note_quiesced	12	error_paths	lexical C definition; preprocessor branches not resolved
firmware/app/src/app_node_comm.c	4639	app_node_comm_resume_begin	12	error_paths	lexical C definition; preprocessor branches not resolved
firmware/app/src/app_node_comm.c	4653	app_node_comm_resume_complete	45	error_paths;cleanup;scheduling	lexical C definition; preprocessor branches not resolved
firmware/app/src/app_node_comm.c	4700	app_node_comm_forced_reclaim_lease	12	cleanup	lexical C definition; preprocessor branches not resolved
firmware/app/src/app_node_comm.c	4715	app_node_comm_stop_preserving_queued	43	error_paths;cleanup	lexical C definition; preprocessor branches not resolved
firmware/app/src/app_node_comm.c	4760	app_node_comm_start	47	error_paths;cleanup;scheduling	lexical C definition; preprocessor branches not resolved
firmware/app/src/app_node_comm.c	4809	app_node_comm_request_route_refresh	11	error_paths	lexical C definition; preprocessor branches not resolved
firmware/app/src/app_node_comm.c	4824	app_node_comm_request_route_refresh_correlated	7		lexical C definition; preprocessor branches not resolved
firmware/app/src/app_node_comm.c	4836	app_node_comm_request_route_refresh_correlated_bounded	16	error_paths	lexical C definition; preprocessor branches not resolved
firmware/app/src/app_node_comm_gateway_control.c	13	app_node_comm_gateway_control_init	7		lexical C definition; preprocessor branches not resolved
firmware/app/src/app_node_comm_gateway_control.c	23	app_node_comm_gateway_control_context	3		lexical C definition; preprocessor branches not resolved
firmware/app/src/app_node_comm_gateway_control.c	28	app_node_comm_gateway_control_send	20	error_paths	lexical C definition; preprocessor branches not resolved
firmware/app/src/app_node_comm_gateway_control.c	53	app_node_comm_gateway_control_priority_submit	13		lexical C definition; preprocessor branches not resolved
firmware/app/src/app_node_comm_gateway_control.c	69	app_node_comm_gateway_control_safe_boundary_schedule	4	cleanup	lexical C definition; preprocessor branches not resolved
firmware/app/src/app_node_comm_gateway_route_refresh.c	65	refresh_deadline_reached	3		lexical C definition; preprocessor branches not resolved
firmware/app/src/app_node_comm_gateway_route_refresh.c	70	refresh_deadline_add	4		lexical C definition; preprocessor branches not resolved
firmware/app/src/app_node_comm_gateway_route_refresh.c	76	refresh_wait_ms	4	scheduling	lexical C definition; preprocessor branches not resolved
firmware/app/src/app_node_comm_gateway_route_refresh.c	82	refresh_operation_next_sequence	20	error_paths	lexical C definition; preprocessor branches not resolved
firmware/app/src/app_node_comm_gateway_route_refresh.c	105	refresh_schedule	44	error_paths;scheduling	lexical C definition; preprocessor branches not resolved
firmware/app/src/app_node_comm_gateway_route_refresh.c	151	app_node_comm_gateway_route_refresh_response_priority_wait_ms	20		lexical C definition; preprocessor branches not resolved
firmware/app/src/app_node_comm_gateway_route_refresh.c	174	app_node_comm_gateway_route_refresh_response_priority_due	17		lexical C definition; preprocessor branches not resolved
firmware/app/src/app_node_comm_gateway_route_refresh.c	193	refresh_retry_delay_ms	12		lexical C definition; preprocessor branches not resolved
firmware/app/src/app_node_comm_gateway_route_refresh.c	208	refresh_event_prepare_locked	17		lexical C definition; preprocessor branches not resolved
firmware/app/src/app_node_comm_gateway_route_refresh.c	232	refresh_reset_outer_attempt	10		lexical C definition; preprocessor branches not resolved
firmware/app/src/app_node_comm_gateway_route_refresh.c	244	refresh_complete	30	cleanup	lexical C definition; preprocessor branches not resolved
firmware/app/src/app_node_comm_gateway_route_refresh.c	276	refresh_failure_retryable	4		lexical C definition; preprocessor branches not resolved
firmware/app/src/app_node_comm_gateway_route_refresh.c	282	refresh_retry_or_complete	48	cleanup;scheduling	lexical C definition; preprocessor branches not resolved
firmware/app/src/app_node_comm_gateway_route_refresh.c	332	refresh_flood_now	7		lexical C definition; preprocessor branches not resolved
firmware/app/src/app_node_comm_gateway_route_refresh.c	341	refresh_flood_sleep	9	scheduling	lexical C definition; preprocessor branches not resolved
firmware/app/src/app_node_comm_gateway_route_refresh.c	352	refresh_flood_defer	12		lexical C definition; preprocessor branches not resolved
firmware/app/src/app_node_comm_gateway_route_refresh.c	366	refresh_flood_quiet	8		lexical C definition; preprocessor branches not resolved
firmware/app/src/app_node_comm_gateway_route_refresh.c	376	refresh_flood_random	7		lexical C definition; preprocessor branches not resolved
firmware/app/src/app_node_comm_gateway_route_refresh.c	385	refresh_flood_send	8		lexical C definition; preprocessor branches not resolved
firmware/app/src/app_node_comm_gateway_route_refresh.c	395	refresh_prepare_outer	49	error_paths	lexical C definition; preprocessor branches not resolved
firmware/app/src/app_node_comm_gateway_route_refresh.c	448	refresh_operation_copy_locked	17		lexical C definition; preprocessor branches not resolved
firmware/app/src/app_node_comm_gateway_route_refresh.c	468	refresh_operation_commit_locked	10		lexical C definition; preprocessor branches not resolved
firmware/app/src/app_node_comm_gateway_route_refresh.c	481	refresh_operation_pause_requested	3		lexical C definition; preprocessor branches not resolved
firmware/app/src/app_node_comm_gateway_route_refresh.c	486	refresh_work_handler	322	error_paths;cleanup;scheduling	lexical C definition; preprocessor branches not resolved
firmware/app/src/app_node_comm_gateway_route_refresh.c	810	app_node_comm_gateway_route_refresh_init	11	cleanup	lexical C definition; preprocessor branches not resolved
firmware/app/src/app_node_comm_gateway_route_refresh.c	825	route_refresh_request_bounded	140	error_paths;cleanup;scheduling	lexical C definition; preprocessor branches not resolved
firmware/app/src/app_node_comm_gateway_route_refresh.c	972	app_node_comm_gateway_route_refresh_request	8		lexical C definition; preprocessor branches not resolved
firmware/app/src/app_node_comm_gateway_route_refresh.c	986	app_node_comm_gateway_route_refresh_request_bounded	7		lexical C definition; preprocessor branches not resolved
firmware/app/src/app_node_comm_gateway_route_refresh.c	1000	app_node_comm_gateway_route_refresh_pending_wait_ms	28		lexical C definition; preprocessor branches not resolved
firmware/app/src/app_node_comm_gateway_route_refresh.c	1031	app_node_comm_gateway_route_refresh_due	7		lexical C definition; preprocessor branches not resolved
firmware/app/src/app_node_comm_gateway_route_refresh.c	1040	app_node_comm_gateway_route_refresh_due_ms	9		lexical C definition; preprocessor branches not resolved
firmware/app/src/app_node_comm_gateway_route_refresh.c	1051	app_node_comm_gateway_route_refresh_schedule_now	10	error_paths;scheduling	lexical C definition; preprocessor branches not resolved
firmware/app/src/app_node_comm_gateway_route_refresh.c	1063	app_node_comm_gateway_route_refresh_response_priority_clear	7		lexical C definition; preprocessor branches not resolved
firmware/app/src/app_node_comm_gateway_route_refresh.c	1072	app_node_comm_gateway_route_refresh_pause	18	cleanup	lexical C definition; preprocessor branches not resolved
firmware/app/src/app_node_comm_gateway_route_refresh.c	1092	app_node_comm_gateway_route_refresh_resume	60	cleanup;scheduling	lexical C definition; preprocessor branches not resolved
firmware/app/src/app_node_comm_sync.c	9	app_node_comm_sync_lock	6	error_paths	lexical C definition; preprocessor branches not resolved
firmware/app/src/app_node_comm_sync.c	17	app_node_comm_sync_unlock	3		lexical C definition; preprocessor branches not resolved
firmware/app/src/app_operation_policy.c	12	operation_policy_present_mask	3		lexical C definition; preprocessor branches not resolved
firmware/app/src/app_operation_policy.c	18	operation_policy_validate_set	15	error_paths	lexical C definition; preprocessor branches not resolved
firmware/app/src/app_operation_policy.c	36	operation_policy_ensure_initialized_locked	8		lexical C definition; preprocessor branches not resolved
firmware/app/src/app_operation_policy.c	46	app_operation_policy_reset_defaults	6	cleanup	lexical C definition; preprocessor branches not resolved
firmware/app/src/app_operation_policy.c	54	app_operation_policy_install	22	error_paths;cleanup	lexical C definition; preprocessor branches not resolved
firmware/app/src/app_operation_policy.c	79	operation_policy_parse_payload	21	error_paths	lexical C definition; preprocessor branches not resolved
firmware/app/src/app_operation_policy.c	107	operation_policy_resolve	17	error_paths	lexical C definition; preprocessor branches not resolved
firmware/app/src/app_operation_policy.c	128	app_operation_policy_prepare_payload	18	error_paths	lexical C definition; preprocessor branches not resolved
firmware/app/src/app_operation_policy.c	153	app_operation_policy_commit_prepared	12	cleanup	lexical C definition; preprocessor branches not resolved
firmware/app/src/app_operation_policy.c	168	app_operation_policy_snapshot	9	cleanup	lexical C definition; preprocessor branches not resolved
firmware/app/src/app_radio_guard.c	33	radio_guard_uwb_client_valid	4		lexical C definition; preprocessor branches not resolved
firmware/app/src/app_radio_guard.c	39	radio_guard_uwb_lease_matches	5		lexical C definition; preprocessor branches not resolved
firmware/app/src/app_radio_guard.c	47	radio_guard_uwb_next_generation	7		lexical C definition; preprocessor branches not resolved
firmware/app/src/app_radio_guard.c	56	radio_guard_uwb_claim	56	error_paths	lexical C definition; preprocessor branches not resolved
firmware/app/src/app_radio_guard.c	116	radio_guard_uwb_release_begin	25	error_paths	lexical C definition; preprocessor branches not resolved
firmware/app/src/app_radio_guard.c	143	radio_guard_uwb_release_finish	55	error_paths;cleanup	lexical C definition; preprocessor branches not resolved
firmware/app/src/app_radio_guard.c	201	radio_guard_uwb_busy	7		lexical C definition; preprocessor branches not resolved
firmware/app/src/app_radio_guard.c	210	radio_guard_uwb_owner_client	9		lexical C definition; preprocessor branches not resolved
firmware/app/src/app_radio_guard.c	221	radio_guard_uwb_rearm_allowed	7		lexical C definition; preprocessor branches not resolved
firmware/app/src/app_radio_guard.c	230	radio_guard_uwb_poisoned	3		lexical C definition; preprocessor branches not resolved
firmware/app/src/app_radio_guard.c	235	radio_guard_uwb_poison_error	9		lexical C definition; preprocessor branches not resolved
firmware/app/src/app_radio_guard.c	246	radio_guard_uwb_phase	7		lexical C definition; preprocessor branches not resolved
firmware/app/src/app_radio_guard.c	255	radio_guard_uwb_admission_pause	6		lexical C definition; preprocessor branches not resolved
firmware/app/src/app_radio_guard.c	263	radio_guard_uwb_admission_resume	6		lexical C definition; preprocessor branches not resolved
firmware/app/src/app_radio_guard.c	271	radio_guard_uwb_admission_paused	7		lexical C definition; preprocessor branches not resolved
firmware/app/src/app_radio_guard.c	280	radio_guard_uwb_start	5		lexical C definition; preprocessor branches not resolved
firmware/app/src/app_radio_guard.c	287	radio_guard_uwb_stop	21	error_paths;cleanup	lexical C definition; preprocessor branches not resolved
firmware/app/src/app_radio_low_power_policy.h	26	app_radio_low_power_mode_for_connection	4		lexical C definition; preprocessor branches not resolved
firmware/app/src/app_radio_low_power_policy.h	33	app_radio_low_power_mode_name	3		lexical C definition; preprocessor branches not resolved
firmware/app/src/app_radio_low_power_policy.h	39	app_radio_low_power_policy_init	8		lexical C definition; preprocessor branches not resolved
firmware/app/src/app_radio_low_power_policy.h	51	app_radio_low_power_policy_note_transition	12		lexical C definition; preprocessor branches not resolved
firmware/app/src/app_radio_low_power_policy.h	68	app_radio_low_power_policy_note_recovery	10		lexical C definition; preprocessor branches not resolved
firmware/app/src/app_radio_recovery.c	19	radio_recovery_transition	5		lexical C definition; preprocessor branches not resolved
firmware/app/src/app_radio_recovery.c	26	radio_recovery_target_name	3		lexical C definition; preprocessor branches not resolved
firmware/app/src/app_radio_recovery.c	31	radio_transition_with_bounded_recovery	74	cleanup	lexical C definition; preprocessor branches not resolved
firmware/app/src/app_radio_recovery.c	109	app_radio_idle_with_bounded_recovery	5	cleanup	lexical C definition; preprocessor branches not resolved
firmware/app/src/app_radio_recovery.c	116	app_radio_standby_with_bounded_recovery	5	cleanup	lexical C definition; preprocessor branches not resolved
firmware/app/src/app_stack_diag.c	57	stack_diag_emit_record	17	error_paths	lexical C definition; preprocessor branches not resolved
firmware/app/src/app_stack_diag.c	76	stack_diag_workload_name	22		lexical C definition; preprocessor branches not resolved
firmware/app/src/app_stack_diag.c	100	stack_diag_owner_name	18		lexical C definition; preprocessor branches not resolved
firmware/app/src/app_stack_diag.c	120	stack_diag_terminal_outcome_name	20		lexical C definition; preprocessor branches not resolved
firmware/app/src/app_stack_diag.c	145	stack_diag_state_or_empty	6		lexical C definition; preprocessor branches not resolved
firmware/app/src/app_stack_diag.c	154	stack_diag_thread_name	13		lexical C definition; preprocessor branches not resolved
firmware/app/src/app_stack_diag.c	169	stack_diag_emit_thread	22		lexical C definition; preprocessor branches not resolved
firmware/app/src/app_stack_diag.c	202	stack_diag_thread_cb	17		lexical C definition; preprocessor branches not resolved
firmware/app/src/app_stack_diag.c	221	stack_diag_find_run	8		lexical C definition; preprocessor branches not resolved
firmware/app/src/app_stack_diag.c	233	app_stack_diag_start	28		lexical C definition; preprocessor branches not resolved
firmware/app/src/app_stack_diag.c	263	app_stack_diag_run_begin	106		lexical C definition; preprocessor branches not resolved
firmware/app/src/app_stack_diag.c	373	app_stack_diag_sample	93	error_paths	lexical C definition; preprocessor branches not resolved
firmware/app/src/app_stack_diag.c	469	app_stack_diag_run_end	76	error_paths	lexical C definition; preprocessor branches not resolved
firmware/app/src/app_stack_diag.c	550	stack_diag_boot_init	4		lexical C definition; preprocessor branches not resolved
firmware/app/src/app_stack_diag_record.c	6	app_stack_diag_record_vformat	21	error_paths	lexical C definition; preprocessor branches not resolved
firmware/app/src/app_stack_diag_record.c	32	app_stack_diag_record_format	10		lexical C definition; preprocessor branches not resolved
firmware/app/src/app_stack_workload_diag.c	41	stack_workload_diag_lock	6		lexical C definition; preprocessor branches not resolved
firmware/app/src/app_stack_workload_diag.c	49	packet_matches	8		lexical C definition; preprocessor branches not resolved
firmware/app/src/app_stack_workload_diag.c	60	stack_workload_diag_state	20		lexical C definition; preprocessor branches not resolved
firmware/app/src/app_stack_workload_diag.c	84	stack_workload_diag_find_locked	11		lexical C definition; preprocessor branches not resolved
firmware/app/src/app_stack_workload_diag.c	99	stack_workload_diag_admit_locked	28		lexical C definition; preprocessor branches not resolved
firmware/app/src/app_stack_workload_diag.c	133	stack_workload_diag_sample_locked	11		lexical C definition; preprocessor branches not resolved
firmware/app/src/app_stack_workload_diag.c	149	stack_workload_diag_release_locked	13		lexical C definition; preprocessor branches not resolved
firmware/app/src/app_stack_workload_diag.c	325	stack_workload_diag_queue_init	9		lexical C definition; preprocessor branches not resolved
firmware/app/src/app_stack_workload_diag.c	339	app_stack_workload_diag_set_critical_hook	3		lexical C definition; preprocessor branches not resolved
firmware/app/src/app_stack_workload_diag.c	346	stack_workload_diag_defer_arm	11	scheduling	lexical C definition; preprocessor branches not resolved
firmware/app/src/app_stack_workload_diag.c	364	stack_workload_diag_defer_evict_locked	37		lexical C definition; preprocessor branches not resolved
firmware/app/src/app_stack_workload_diag.c	403	stack_workload_diag_defer_submit	57	cleanup	lexical C definition; preprocessor branches not resolved
firmware/app/src/app_stack_workload_diag.c	469	stack_workload_diag_defer_execute_locked	66	cleanup	lexical C definition; preprocessor branches not resolved
firmware/app/src/app_stack_workload_diag.c	543	stack_workload_diag_defer_hold_for_radio	31		lexical C definition; preprocessor branches not resolved
firmware/app/src/app_stack_workload_diag.c	583	stack_workload_diag_defer_work_handler	37	scheduling;unbounded_loop_candidate	lexical C definition; preprocessor branches not resolved
firmware/app/src/app_stack_workload_diag.c	622	stack_workload_diag_admit	5		lexical C definition; preprocessor branches not resolved
firmware/app/src/app_stack_workload_diag.c	633	stack_workload_diag_sample	5		lexical C definition; preprocessor branches not resolved
firmware/app/src/app_stack_workload_diag.c	643	stack_workload_diag_release	6		lexical C definition; preprocessor branches not resolved
firmware/app/src/app_stack_workload_diag.c	669	DEFINE_WORKLOAD_DIAG	28		lexical C definition; preprocessor branches not resolved
firmware/app/src/app_stack_workload_diag.c	720	app_stack_workload_diag_gateway_report_cycle	11		lexical C definition; preprocessor branches not resolved
firmware/app/src/app_stack_workload_diag.c	736	app_stack_workload_diag_ble_release_all	9	cleanup	lexical C definition; preprocessor branches not resolved
firmware/app/src/app_stack_workload_diag.c	749	app_stack_workload_diag_ble_release_all_with_pressure	6		lexical C definition; preprocessor branches not resolved
firmware/app/src/app_stack_workload_diag.c	759	app_stack_workload_diag_ble_admit_with_pressure	4		lexical C definition; preprocessor branches not resolved
firmware/app/src/app_stack_workload_diag.c	768	app_stack_workload_diag_ble_sample_with_pressure	4		lexical C definition; preprocessor branches not resolved
firmware/app/src/app_stack_workload_diag.c	776	app_stack_workload_diag_ble_terminal_with_pressure	4	cleanup	lexical C definition; preprocessor branches not resolved
firmware/app/src/app_stack_workload_diag.h	125	APP_STACK_WORKLOAD_DIAG_NOOP	1		lexical C definition; preprocessor branches not resolved
firmware/app/src/app_stack_workload_diag.h	135	app_stack_workload_diag_gateway_report_cycle	1		lexical C definition; preprocessor branches not resolved
firmware/app/src/app_stack_workload_diag.h	139	app_stack_workload_diag_ble_admit_with_pressure	1		lexical C definition; preprocessor branches not resolved
firmware/app/src/app_stack_workload_diag.h	143	app_stack_workload_diag_ble_sample_with_pressure	1		lexical C definition; preprocessor branches not resolved
firmware/app/src/app_stack_workload_diag.h	147	app_stack_workload_diag_ble_terminal_with_pressure	1		lexical C definition; preprocessor branches not resolved
firmware/app/src/app_stack_workload_diag.h	151	app_stack_workload_diag_ble_release_all_with_pressure	1		lexical C definition; preprocessor branches not resolved
firmware/app/src/app_stack_workload_diag.h	156	app_stack_workload_diag_ble_release_all	5		lexical C definition; preprocessor branches not resolved
firmware/app/src/app_stack_workload_diag.h	164	app_stack_workload_diag_set_critical_hook	3		lexical C definition; preprocessor branches not resolved
firmware/app/src/app_state.c	34	role_name	15		lexical C definition; preprocessor branches not resolved
firmware/app/src/app_state.c	51	command_status_name	24		lexical C definition; preprocessor branches not resolved
firmware/app/src/app_state.c	77	claim_decision_name	18		lexical C definition; preprocessor branches not resolved
firmware/app/src/app_state.c	97	range_status_name	22		lexical C definition; preprocessor branches not resolved
firmware/app/src/app_state.c	121	range_status_valid	5	error_paths	lexical C definition; preprocessor branches not resolved
firmware/app/src/app_state.c	128	mesh_id_is_unicast	3		lexical C definition; preprocessor branches not resolved
firmware/app/src/app_state.c	133	gateway_ble_transport_enabled	13		lexical C definition; preprocessor branches not resolved
firmware/app/src/app_state.c	148	mesh_errno_from_proto	15	error_paths	lexical C definition; preprocessor branches not resolved
firmware/app/src/app_state.c	165	anchor_uwb_window_active	9		lexical C definition; preprocessor branches not resolved
firmware/app/src/app_state.c	176	anchor_click_window_active	9		lexical C definition; preprocessor branches not resolved
firmware/app/src/app_state.c	187	anchor_click_window_set_active	7		lexical C definition; preprocessor branches not resolved
firmware/app/src/app_state.c	196	mesh_outbound_refresh_age	11		lexical C definition; preprocessor branches not resolved
firmware/app/src/app_state.c	209	mesh_outbound_ready_for_tx	5		lexical C definition; preprocessor branches not resolved
firmware/app/src/app_state.c	216	packet_age_add	6		lexical C definition; preprocessor branches not resolved
firmware/app/src/app_state.c	224	packet_age_add_elapsed	6		lexical C definition; preprocessor branches not resolved
firmware/app/src/app_state.c	232	uptime_deadline_reached	3		lexical C definition; preprocessor branches not resolved
firmware/app/src/app_state.c	237	uptime_ms_until_deadline	7	scheduling	lexical C definition; preprocessor branches not resolved
firmware/app/src/app_state.c	246	mesh_next_event_control_seq	13		lexical C definition; preprocessor branches not resolved
firmware/app/src/app_state.c	261	mesh_event_boot_nonce	26	error_paths	lexical C definition; preprocessor branches not resolved
firmware/app/src/app_state.c	289	nonzero_uptime_session_id	5		lexical C definition; preprocessor branches not resolved
firmware/app/src/app_state.c	296	local_uwb_short_addr	5		lexical C definition; preprocessor branches not resolved
firmware/app/src/app_state.c	303	discovery_window_ms_for_slots	9		lexical C definition; preprocessor branches not resolved
firmware/app/src/app_state.c	314	local_anchor_discovery_slot	26		lexical C definition; preprocessor branches not resolved
firmware/app/src/app_state.c	342	local_anchor_discovery_assignment_values_valid	4		lexical C definition; preprocessor branches not resolved
firmware/app/src/app_state.c	350	local_anchor_restore_discovery_assignment	55	cleanup	lexical C definition; preprocessor branches not resolved
firmware/app/src/app_state.c	419	local_anchor_discovery_assignment_project_pending_commit	35		lexical C definition; preprocessor branches not resolved
firmware/app/src/app_state.c	461	local_anchor_discovery_assignment_export_retired_epochs	12		lexical C definition; preprocessor branches not resolved
firmware/app/src/app_state.c	477	local_anchor_commit_discovery_assignment	22		lexical C definition; preprocessor branches not resolved
firmware/app/src/app_state.c	505	local_anchor_reset_discovery_assignment	14	cleanup	lexical C definition; preprocessor branches not resolved
firmware/app/src/app_state.c	521	local_anchor_mark_discovery_assignment_unprovisioned	16		lexical C definition; preprocessor branches not resolved
firmware/app/src/app_state.c	542	local_anchor_discovery_assignment_note_claim	10		lexical C definition; preprocessor branches not resolved
firmware/app/src/app_state.c	555	local_anchor_discovery_assignment_note_table	12		lexical C definition; preprocessor branches not resolved
firmware/app/src/app_state.c	572	local_anchor_discovery_assignment_preview_table	11		lexical C definition; preprocessor branches not resolved
firmware/app/src/app_state.c	588	local_anchor_discovery_assignment_provisioning_state	9		lexical C definition; preprocessor branches not resolved
firmware/app/src/app_state.c	600	local_anchor_discovery_assignment_get	16		lexical C definition; preprocessor branches not resolved
firmware/app/src/app_state.c	620	local_anchor_discovery_assignment_identity_get	20		lexical C definition; preprocessor branches not resolved
firmware/app/src/app_state.c	647	mix64	8		lexical C definition; preprocessor branches not resolved
firmware/app/src/app_state.c	657	clicker_priority_id	5		lexical C definition; preprocessor branches not resolved
firmware/app/src/app_state.c	664	clicker_nonce	5		lexical C definition; preprocessor branches not resolved
firmware/app/src/app_state.c	671	u32_saturating_add	5		lexical C definition; preprocessor branches not resolved
firmware/app/src/app_state.c	678	delay_ms_to_u16	9		lexical C definition; preprocessor branches not resolved
firmware/app/src/app_state.c	689	uwb_schedule_burst_id	3		lexical C definition; preprocessor branches not resolved
firmware/app/src/app_state.c	694	scheduled_range_sample_target_us	4		lexical C definition; preprocessor branches not resolved
firmware/app/src/app_state.c	703	scheduled_post_burst_diag_target_us	5	scheduling	lexical C definition; preprocessor branches not resolved
firmware/app/src/app_state.c	714	scheduled_post_burst_diag_seq	6		lexical C definition; preprocessor branches not resolved
firmware/app/src/app_state.c	723	anchor_sequence_timestamp_at	10		lexical C definition; preprocessor branches not resolved
firmware/app/src/app_state.c	736	ceil_us_to_ms	6		lexical C definition; preprocessor branches not resolved
firmware/app/src/app_state.c	744	average_i32_nearest	10		lexical C definition; preprocessor branches not resolved
firmware/app/src/app_state.c	756	sleep_until_ms	10	scheduling;unbounded_loop_candidate	lexical C definition; preprocessor branches not resolved
firmware/app/src/app_state.c	768	sleep_with_uwb_standby_until_ms	21	error_paths;scheduling	lexical C definition; preprocessor branches not resolved
firmware/app/src/app_state.c	791	sleep_with_uwb_idle_until_ms	21	error_paths;scheduling	lexical C definition; preprocessor branches not resolved
firmware/app/src/app_state.c	814	sleep_precise_us	9	scheduling	lexical C definition; preprocessor branches not resolved
firmware/app/src/app_state.c	825	sleep_until_us	15	scheduling	lexical C definition; preprocessor branches not resolved
firmware/app/src/app_survey.c	152	bounded_wait_ms	5		lexical C definition; preprocessor branches not resolved
firmware/app/src/app_survey.c	159	close_u64	5		lexical C definition; preprocessor branches not resolved
firmware/app/src/app_survey.c	166	anchor_rx_terminate_locked	13	cleanup	lexical C definition; preprocessor branches not resolved
firmware/app/src/app_survey.c	181	anchor_rx_expire_locked	7		lexical C definition; preprocessor branches not resolved
firmware/app/src/app_survey.c	190	response_bit_get	4		lexical C definition; preprocessor branches not resolved
firmware/app/src/app_survey.c	196	response_bit_set	5		lexical C definition; preprocessor branches not resolved
firmware/app/src/app_survey.c	203	signal_bit_get	5		lexical C definition; preprocessor branches not resolved
firmware/app/src/app_survey.c	210	signal_bit_set	5		lexical C definition; preprocessor branches not resolved
firmware/app/src/app_survey.c	217	anchor_identity_matches_roster	11		lexical C definition; preprocessor branches not resolved
firmware/app/src/app_survey.c	231	anchor_generation_live	10		lexical C definition; preprocessor branches not resolved
firmware/app/src/app_survey.c	243	anchor_work_reschedule	15	error_paths;scheduling	lexical C definition; preprocessor branches not resolved
firmware/app/src/app_survey.c	260	gateway_work_reschedule	6	scheduling	lexical C definition; preprocessor branches not resolved
firmware/app/src/app_survey.c	268	gateway_work_reschedule_owned	13	error_paths;cleanup;scheduling	lexical C definition; preprocessor branches not resolved
firmware/app/src/app_survey.c	284	anchor_radio_release	11	error_paths;cleanup	lexical C definition; preprocessor branches not resolved
firmware/app/src/app_survey.c	298	anchor_radio_claim	24	error_paths;cleanup;scheduling	lexical C definition; preprocessor branches not resolved
firmware/app/src/app_survey.c	325	anchor_probe_standard_click	62	error_paths;cleanup	lexical C definition; preprocessor branches not resolved
firmware/app/src/app_survey.c	392	anchor_control_wait_with_click_probes	24	error_paths;scheduling	lexical C definition; preprocessor branches not resolved
firmware/app/src/app_survey.c	422	anchor_standard_wait_for_click	17	error_paths	lexical C definition; preprocessor branches not resolved
firmware/app/src/app_survey.c	444	survey_lane_try_tx	26	error_paths	lexical C definition; preprocessor branches not resolved
firmware/app/src/app_survey.c	473	survey_lane_handle_raw	43	error_paths	lexical C definition; preprocessor branches not resolved
firmware/app/src/app_survey.c	523	anchor_run_response_lane	129	error_paths;cleanup;scheduling	lexical C definition; preprocessor branches not resolved
firmware/app/src/app_survey.c	663	anchor_neighbor_sequence	214	error_paths;cleanup	lexical C definition; preprocessor branches not resolved
firmware/app/src/app_survey.c	881	survey_range_nonce	7		lexical C definition; preprocessor branches not resolved
firmware/app/src/app_survey.c	892	survey_range_request_fill	18		lexical C definition; preprocessor branches not resolved
firmware/app/src/app_survey.c	918	anchor_run_responder_pair	57	error_paths;scheduling	lexical C definition; preprocessor branches not resolved
firmware/app/src/app_survey.c	981	anchor_run_initiator_pair	40	error_paths;cleanup;scheduling	lexical C definition; preprocessor branches not resolved
firmware/app/src/app_survey.c	1026	anchor_execute_plan	121	error_paths;cleanup;scheduling	lexical C definition; preprocessor branches not resolved
firmware/app/src/app_survey.c	1151	anchor_preempt_for_click_identity	23	cleanup	lexical C definition; preprocessor branches not resolved
firmware/app/src/app_survey.c	1178	anchor_handoff_captured_click	16	scheduling	lexical C definition; preprocessor branches not resolved
firmware/app/src/app_survey.c	1199	anchor_work_handler	96	error_paths;scheduling	lexical C definition; preprocessor branches not resolved
firmware/app/src/app_survey.c	1297	gateway_build_progress_event_locked	39		lexical C definition; preprocessor branches not resolved
firmware/app/src/app_survey.c	1340	gateway_terminal_publish	16		lexical C definition; preprocessor branches not resolved
firmware/app/src/app_survey.c	1358	gateway_begin_cleanup_locked	15	scheduling	lexical C definition; preprocessor branches not resolved
firmware/app/src/app_survey.c	1375	gateway_begin_abort_cleanup_locked	7	cleanup;scheduling	lexical C definition; preprocessor branches not resolved
firmware/app/src/app_survey.c	1386	gateway_possible_remote_self_stop_locked	13		lexical C definition; preprocessor branches not resolved
firmware/app/src/app_survey.c	1403	gateway_cleanup_event_if_due_locked	8		lexical C definition; preprocessor branches not resolved
firmware/app/src/app_survey.c	1414	gateway_work_handler	393	cleanup;scheduling	lexical C definition; preprocessor branches not resolved
firmware/app/src/app_survey.c	1809	app_survey_init	22	cleanup	lexical C definition; preprocessor branches not resolved
firmware/app/src/app_survey.c	1833	app_survey_gateway_start	102	error_paths;scheduling	lexical C definition; preprocessor branches not resolved
firmware/app/src/app_survey.c	1939	app_survey_gateway_submit_plan	107	error_paths;scheduling	lexical C definition; preprocessor branches not resolved
firmware/app/src/app_survey.c	2050	app_survey_gateway_abort	44	error_paths;cleanup	lexical C definition; preprocessor branches not resolved
firmware/app/src/app_survey.c	2096	app_survey_gateway_status	14	error_paths	lexical C definition; preprocessor branches not resolved
firmware/app/src/app_survey.c	2112	app_survey_gateway_active	8		lexical C definition; preprocessor branches not resolved
firmware/app/src/app_survey.c	2122	app_survey_gateway_response_window	34		lexical C definition; preprocessor branches not resolved
firmware/app/src/app_survey.c	2159	app_survey_gateway_response_pending_wait_ms	21		lexical C definition; preprocessor branches not resolved
firmware/app/src/app_survey.c	2183	app_survey_gateway_radio_quiet	27		lexical C definition; preprocessor branches not resolved
firmware/app/src/app_survey.c	2212	app_survey_gateway_handle_bundle	115	error_paths	lexical C definition; preprocessor branches not resolved
firmware/app/src/app_survey.c	2332	app_survey_anchor_note_ram_roster	46	error_paths;cleanup	lexical C definition; preprocessor branches not resolved
firmware/app/src/app_survey.c	2386	app_survey_anchor_clear_ram_roster	11	cleanup	lexical C definition; preprocessor branches not resolved
firmware/app/src/app_survey.c	2399	app_survey_anchor_apply_control	200	error_paths;cleanup;scheduling	lexical C definition; preprocessor branches not resolved
firmware/app/src/app_survey.c	2602	app_survey_anchor_active	9		lexical C definition; preprocessor branches not resolved
firmware/app/src/app_survey.c	2613	app_survey_anchor_preempt_for_click	6		lexical C definition; preprocessor branches not resolved
firmware/app/src/app_survey.c	2621	app_survey_anchor_rx_continuous	18		lexical C definition; preprocessor branches not resolved
firmware/app/src/app_survey.c	2641	app_survey_anchor_radio_work_pending	33		lexical C definition; preprocessor branches not resolved
firmware/app/src/app_survey.c	2677	app_survey_anchor_rx_note_recovery	22	cleanup	lexical C definition; preprocessor branches not resolved
firmware/app/src/app_wake_train_politeness.c	5	app_wake_train_politeness_rx_activity	17		lexical C definition; preprocessor branches not resolved
firmware/app/src/app_wake_train_politeness.c	25	app_wake_train_politeness_backoff_ms	25		lexical C definition; preprocessor branches not resolved
firmware/app/src/app_wake_train_politeness.c	53	app_wake_train_deadline_fits	9		lexical C definition; preprocessor branches not resolved
firmware/app/src/app_wake_train_politeness.c	66	app_wake_train_deadline_clip_delay	23	scheduling	lexical C definition; preprocessor branches not resolved
firmware/app/src/app_watchdog.c	53	clicker_idle_watchdog_coalesced	4		lexical C definition; preprocessor branches not resolved
firmware/app/src/app_watchdog.c	59	lease_age_ms	3		lexical C definition; preprocessor branches not resolved
firmware/app/src/app_watchdog.c	64	radio_lease_required	4		lexical C definition; preprocessor branches not resolved
firmware/app/src/app_watchdog.c	70	system_progress_work_handler	7	scheduling	lexical C definition; preprocessor branches not resolved
firmware/app/src/app_watchdog.c	79	enabled_reload_request_mask	12		lexical C definition; preprocessor branches not resolved
firmware/app/src/app_watchdog.c	93	feed_inherited_reload_request	6		lexical C definition; preprocessor branches not resolved
firmware/app/src/app_watchdog.c	101	feed_inherited_watchdog	8		lexical C definition; preprocessor branches not resolved
firmware/app/src/app_watchdog.c	111	start_watchdog_health_monitor	12	cleanup;scheduling	lexical C definition; preprocessor branches not resolved
firmware/app/src/app_watchdog.c	125	watchdog_timer_handler	94		lexical C definition; preprocessor branches not resolved
firmware/app/src/app_watchdog.c	221	watchdog_bypass_feed	9		lexical C definition; preprocessor branches not resolved
firmware/app/src/app_watchdog.c	232	app_watchdog_init	135	error_paths;cleanup;scheduling	lexical C definition; preprocessor branches not resolved
firmware/app/src/app_watchdog.c	369	app_watchdog_clicker_idle_checkpoint	12		lexical C definition; preprocessor branches not resolved
firmware/app/src/app_watchdog.c	383	app_watchdog_note_radio_progress	3		lexical C definition; preprocessor branches not resolved
firmware/app/src/app_watchdog.c	388	app_watchdog_clicker_action_begin	23		lexical C definition; preprocessor branches not resolved
firmware/app/src/app_watchdog.c	413	app_watchdog_note_clicker_action_progress	14		lexical C definition; preprocessor branches not resolved
firmware/app/src/app_watchdog.c	429	app_watchdog_clicker_action_end	8		lexical C definition; preprocessor branches not resolved
firmware/app/src/app_watchdog.c	439	app_watchdog_stop_feeding	11		lexical C definition; preprocessor branches not resolved
firmware/app/src/app_watchdog.c	452	app_watchdog_get_health	5		lexical C definition; preprocessor branches not resolved
firmware/app/src/app_watchdog.h	33	app_watchdog_action_lease_stale	8		lexical C definition; preprocessor branches not resolved
firmware/app/src/dwm3000_driver.c	578	dwm3000_local_rf_scope	18		lexical C definition; preprocessor branches not resolved
firmware/app/src/dwm3000_driver_ds_twr.inc	2	dwm3000_driver_range_initiator	535	error_paths;scheduling	lexical C definition; preprocessor branches not resolved
firmware/app/src/dwm3000_driver_ds_twr.inc	540	responder_poll_once	562	error_paths;scheduling	lexical C definition; preprocessor branches not resolved
firmware/app/src/dwm3000_driver_ds_twr.inc	1107	dwm3000_driver_responder_poll_expected	17	error_paths	lexical C definition; preprocessor branches not resolved
firmware/app/src/dwm3000_driver_ds_twr.inc	1129	dwm3000_driver_stats_get	5		lexical C definition; preprocessor branches not resolved
firmware/app/src/dwm3000_driver_handler_contract.c	13	dwm3000_driver_header_matches_request	25		lexical C definition; preprocessor branches not resolved
firmware/app/src/dwm3000_driver_handler_contract.c	43	dwm3000_driver_final_matches_poll	17		lexical C definition; preprocessor branches not resolved
firmware/app/src/dwm3000_driver_handler_contract.c	65	dwm3000_driver_dwt_delta_to_uus	8		lexical C definition; preprocessor branches not resolved
firmware/app/src/dwm3000_driver_handler_contract.c	76	dwm3000_driver_validate_reply_timing	13		lexical C definition; preprocessor branches not resolved
firmware/app/src/dwm3000_driver_handler_contract.c	94	dwm3000_driver_compute_distance_mm	52	error_paths	lexical C definition; preprocessor branches not resolved
firmware/app/src/dwm3000_driver_io.inc	2	dwm3000_driver_probe	42	error_paths;cleanup	lexical C definition; preprocessor branches not resolved
firmware/app/src/dwm3000_driver_io.inc	46	dwm3000_driver_configure_default	11	error_paths;cleanup	lexical C definition; preprocessor branches not resolved
firmware/app/src/dwm3000_driver_io.inc	59	dwm3000_driver_configure_wake_mode	19	error_paths	lexical C definition; preprocessor branches not resolved
firmware/app/src/dwm3000_driver_io.inc	80	dwm3000_driver_ensure_wake_mode	3		lexical C definition; preprocessor branches not resolved
firmware/app/src/dwm3000_driver_io.inc	85	dwm3000_driver_configure_range_mode	3		lexical C definition; preprocessor branches not resolved
firmware/app/src/dwm3000_driver_io.inc	90	dwm3000_driver_configure_wake_mesh_control_mode	36	error_paths	lexical C definition; preprocessor branches not resolved
firmware/app/src/dwm3000_driver_io.inc	128	dwm3000_driver_configure_mesh_payload_mode	16	error_paths	lexical C definition; preprocessor branches not resolved
firmware/app/src/dwm3000_driver_io.inc	146	dwm3000_driver_idle	47	error_paths;cleanup	lexical C definition; preprocessor branches not resolved
firmware/app/src/dwm3000_driver_io.inc	195	dwm3000_driver_standby	75	error_paths;cleanup;scheduling	lexical C definition; preprocessor branches not resolved
firmware/app/src/dwm3000_driver_io.inc	272	dwm3000_driver_force_recovery	19	error_paths;cleanup	lexical C definition; preprocessor branches not resolved
firmware/app/src/dwm3000_driver_io.inc	293	dwm3000_driver_send_frame	4		lexical C definition; preprocessor branches not resolved
firmware/app/src/dwm3000_driver_io.inc	301	dwm3000_driver_send_frame_tracked	11		lexical C definition; preprocessor branches not resolved
firmware/app/src/dwm3000_driver_io.inc	317	dwm3000_driver_send_frame_tracked_until	60	error_paths	lexical C definition; preprocessor branches not resolved
firmware/app/src/dwm3000_driver_io.inc	384	dwm3000_driver_receive_frame	9		lexical C definition; preprocessor branches not resolved
firmware/app/src/dwm3000_driver_io.inc	400	receive_frame_with_preamble_timeout	133	error_paths;scheduling	lexical C definition; preprocessor branches not resolved
firmware/app/src/dwm3000_driver_io.inc	544	dwm3000_driver_last_rx_debug_get	5		lexical C definition; preprocessor branches not resolved
firmware/app/src/dwm3000_driver_io.inc	551	finish_abortible_continuous_receive	4		lexical C definition; preprocessor branches not resolved
firmware/app/src/dwm3000_driver_io.inc	557	receive_frame_continuous_extend_on_activity	380	error_paths;cleanup;scheduling;unbounded_loop_candidate	lexical C definition; preprocessor branches not resolved
firmware/app/src/dwm3000_driver_io.inc	947	dwm3000_driver_receive_frame_detailed	13	scheduling	lexical C definition; preprocessor branches not resolved
firmware/app/src/dwm3000_driver_io.inc	968	dwm3000_driver_receive_frame_detailed_quiet	13	scheduling	lexical C definition; preprocessor branches not resolved
firmware/app/src/dwm3000_driver_io.inc	989	dwm3000_driver_sniff_activity	65	error_paths;scheduling	lexical C definition; preprocessor branches not resolved
firmware/app/src/dwm3000_driver_io.inc	1057	dwm3000_driver_receive_frame_continuous	10		lexical C definition; preprocessor branches not resolved
firmware/app/src/dwm3000_driver_io.inc	1075	dwm3000_driver_receive_frame_continuous_extend_on_activity	11		lexical C definition; preprocessor branches not resolved
firmware/app/src/dwm3000_driver_io.inc	1096	dwm3000_driver_receive_frame_continuous_extend_on_activity_until	19	error_paths;scheduling	lexical C definition; preprocessor branches not resolved
firmware/app/src/dwm3000_driver_io.inc	1126	dwm3000_driver_receive_frame_continuous_timed	12	scheduling	lexical C definition; preprocessor branches not resolved
firmware/app/src/dwm3000_driver_io.inc	1147	dwm3000_driver_last_rx_host_uptime	10	error_paths	lexical C definition; preprocessor branches not resolved
firmware/app/src/dwm3000_driver_io.inc	1159	dwm3000_driver_request_receive_abort	8		lexical C definition; preprocessor branches not resolved
firmware/app/src/dwm3000_driver_io.inc	1169	dwm3000_driver_clear_receive_abort	8		lexical C definition; preprocessor branches not resolved
firmware/app/src/dwm3000_driver_io.inc	1179	dwm3000_driver_receive_abort_pending	3		lexical C definition; preprocessor branches not resolved
firmware/app/src/dwm3000_driver_radio.inc	4	radio_transition_trace_next	3		lexical C definition; preprocessor branches not resolved
firmware/app/src/dwm3000_driver_radio.inc	16	invalidate_radio_state_tagged	13		lexical C definition; preprocessor branches not resolved
firmware/app/src/dwm3000_driver_radio.inc	31	mark_radio_awake_unconfigured_tagged	11		lexical C definition; preprocessor branches not resolved
firmware/app/src/dwm3000_driver_radio.inc	44	take_port_error	13		lexical C definition; preprocessor branches not resolved
firmware/app/src/dwm3000_driver_radio.inc	59	check_device_fatal_status	134	error_paths	lexical C definition; preprocessor branches not resolved
firmware/app/src/dwm3000_driver_radio.inc	195	validate_device_identity	21	error_paths	lexical C definition; preprocessor branches not resolved
firmware/app/src/dwm3000_driver_radio.inc	218	configure_first_path_sensitivity	12		lexical C definition; preprocessor branches not resolved
firmware/app/src/dwm3000_driver_radio.inc	232	short_addr_from_id	5		lexical C definition; preprocessor branches not resolved
firmware/app/src/dwm3000_driver_radio.inc	239	timestamp_to_u64	7		lexical C definition; preprocessor branches not resolved
firmware/app/src/dwm3000_driver_radio.inc	248	timestamp_delta_40	10		lexical C definition; preprocessor branches not resolved
firmware/app/src/dwm3000_driver_radio.inc	260	read_tx_timestamp_u64	6		lexical C definition; preprocessor branches not resolved
firmware/app/src/dwm3000_driver_radio.inc	268	read_rx_timestamp_u64	6		lexical C definition; preprocessor branches not resolved
firmware/app/src/dwm3000_driver_radio.inc	276	dwt_delta_to_uus	3		lexical C definition; preprocessor branches not resolved
firmware/app/src/dwm3000_driver_radio.inc	281	dwt_time32_delta_to_uus	7		lexical C definition; preprocessor branches not resolved
firmware/app/src/dwm3000_driver_radio.inc	290	delayed_tx_time_from_rx_reference	4		lexical C definition; preprocessor branches not resolved
firmware/app/src/dwm3000_driver_radio.inc	297	delayed_tx_timestamp_from_programmed_time	3		lexical C definition; preprocessor branches not resolved
firmware/app/src/dwm3000_driver_radio.inc	302	reply_delay_uus_from_round_index	15		lexical C definition; preprocessor branches not resolved
firmware/app/src/dwm3000_driver_radio.inc	319	request_reply_delay_uus	6		lexical C definition; preprocessor branches not resolved
firmware/app/src/dwm3000_driver_radio.inc	327	ds_twr_rx_guard_before_uus	4		lexical C definition; preprocessor branches not resolved
firmware/app/src/dwm3000_driver_radio.inc	333	ds_twr_rx_after_tx_delay_uus	3		lexical C definition; preprocessor branches not resolved
firmware/app/src/dwm3000_driver_radio.inc	338	ds_twr_rx_timeout_uus	6		lexical C definition; preprocessor branches not resolved
firmware/app/src/dwm3000_driver_radio.inc	346	validate_driver_reply_timing	16	error_paths	lexical C definition; preprocessor branches not resolved
firmware/app/src/dwm3000_driver_radio.inc	366	ds_twr_rx_wait_timeout_ms	6	scheduling	lexical C definition; preprocessor branches not resolved
firmware/app/src/dwm3000_driver_radio.inc	374	ensure_local_data	3		lexical C definition; preprocessor branches not resolved
firmware/app/src/dwm3000_driver_radio.inc	379	initialise_radio	76	error_paths;cleanup	lexical C definition; preprocessor branches not resolved
firmware/app/src/dwm3000_driver_radio.inc	462	immediate_preamble_timeout_pac	5		lexical C definition; preprocessor branches not resolved
firmware/app/src/dwm3000_driver_radio.inc	469	txconfig_for_phy	5		lexical C definition; preprocessor branches not resolved
firmware/app/src/dwm3000_driver_radio.inc	476	apply_radio_config	63	error_paths;scheduling	lexical C definition; preprocessor branches not resolved
firmware/app/src/dwm3000_driver_radio.inc	542	restore_txrx_after_sleep	38	error_paths;cleanup;scheduling	lexical C definition; preprocessor branches not resolved
firmware/app/src/dwm3000_driver_radio.inc	582	effective_sfd_timeout	3		lexical C definition; preprocessor branches not resolved
firmware/app/src/dwm3000_driver_radio.inc	587	config_for_phy	14		lexical C definition; preprocessor branches not resolved
firmware/app/src/dwm3000_driver_radio.inc	610	phy_configs_same_front_end	9		lexical C definition; preprocessor branches not resolved
firmware/app/src/dwm3000_driver_radio.inc	622	phy_configs_equal	15	scheduling	lexical C definition; preprocessor branches not resolved
firmware/app/src/dwm3000_driver_radio.inc	639	configure_radio_from_reset	88	error_paths;cleanup	lexical C definition; preprocessor branches not resolved
firmware/app/src/dwm3000_driver_radio.inc	729	wake_configured_radio	126	error_paths;cleanup;scheduling	lexical C definition; preprocessor branches not resolved
firmware/app/src/dwm3000_driver_radio.inc	862	phy_switch_marker	11		lexical C definition; preprocessor branches not resolved
firmware/app/src/dwm3000_driver_radio.inc	878	ensure_phy_mode	119	error_paths;cleanup	lexical C definition; preprocessor branches not resolved
firmware/app/src/dwm3000_driver_radio.inc	999	ensure_current_phy_or_range	5		lexical C definition; preprocessor branches not resolved
firmware/app/src/dwm3000_driver_radio.inc	1006	clear_status	3		lexical C definition; preprocessor branches not resolved
firmware/app/src/dwm3000_driver_radio.inc	1011	clear_all_events	3		lexical C definition; preprocessor branches not resolved
firmware/app/src/dwm3000_driver_radio.inc	1016	clear_status_checked	10	error_paths	lexical C definition; preprocessor branches not resolved
firmware/app/src/dwm3000_driver_radio.inc	1028	wait_status_internal	187	error_paths	lexical C definition; preprocessor branches not resolved
firmware/app/src/dwm3000_driver_radio.inc	1221	wait_status	3		lexical C definition; preprocessor branches not resolved
firmware/app/src/dwm3000_driver_radio.inc	1226	capture_completed_tx_timestamp	29	error_paths	lexical C definition; preprocessor branches not resolved
firmware/app/src/dwm3000_driver_radio.inc	1258	wait_tx_complete_observed	23	error_paths	lexical C definition; preprocessor branches not resolved
firmware/app/src/dwm3000_driver_radio.inc	1284	wait_tx_complete	3		lexical C definition; preprocessor branches not resolved
firmware/app/src/dwm3000_driver_radio.inc	1289	status_to_range_status	9		lexical C definition; preprocessor branches not resolved
firmware/app/src/dwm3000_driver_radio.inc	1300	status_to_rx_failure	20		lexical C definition; preprocessor branches not resolved
firmware/app/src/dwm3000_driver_radio.inc	1322	rx_status_has_activity	12		lexical C definition; preprocessor branches not resolved
firmware/app/src/dwm3000_driver_radio.inc	1336	remaining_timeout_ms	11		lexical C definition; preprocessor branches not resolved
firmware/app/src/dwm3000_driver_radio.inc	1350	rx_failure_debug_name	18		lexical C definition; preprocessor branches not resolved
firmware/app/src/dwm3000_driver_radio.inc	1371	floor_log2_u32	9		lexical C definition; preprocessor branches not resolved
firmware/app/src/dwm3000_driver_radio.inc	1382	log2_q8_u32	14		lexical C definition; preprocessor branches not resolved
firmware/app/src/dwm3000_driver_radio.inc	1398	clamp_i8	9		lexical C definition; preprocessor branches not resolved
firmware/app/src/dwm3000_driver_radio.inc	1409	estimate_ipatov_rsl_dbm	21		lexical C definition; preprocessor branches not resolved
firmware/app/src/dwm3000_driver_radio.inc	1432	ipatov_diagnostics_valid	12		lexical C definition; preprocessor branches not resolved
firmware/app/src/dwm3000_driver_radio.inc	1447	read_cir_sample	19		lexical C definition; preprocessor branches not resolved
firmware/app/src/dwm3000_driver_radio.inc	1469	pack_rx_diag_raw	82		lexical C definition; preprocessor branches not resolved
firmware/app/src/dwm3000_driver_radio.inc	1555	capture_rx_diag_raw	28		lexical C definition; preprocessor branches not resolved
firmware/app/src/dwm3000_driver_radio.inc	1587	cir_window_start_sample	17		lexical C definition; preprocessor branches not resolved
firmware/app/src/dwm3000_driver_radio.inc	1607	read_cir_window	44		lexical C definition; preprocessor branches not resolved
firmware/app/src/dwm3000_driver_radio.inc	1657	read_rx_diagnostics	90		lexical C definition; preprocessor branches not resolved
firmware/app/src/dwm3000_driver_radio.inc	1756	read_rx_frame	77	error_paths	lexical C definition; preprocessor branches not resolved
firmware/app/src/dwm3000_driver_radio.inc	1837	payload_len_without_fcs	6		lexical C definition; preprocessor branches not resolved
firmware/app/src/dwm3000_driver_radio.inc	1845	decode_poll_frame	13		lexical C definition; preprocessor branches not resolved
firmware/app/src/dwm3000_driver_radio.inc	1861	decode_response_frame	11		lexical C definition; preprocessor branches not resolved
firmware/app/src/dwm3000_driver_radio.inc	1875	decode_final_frame	11		lexical C definition; preprocessor branches not resolved
firmware/app/src/dwm3000_driver_radio.inc	1889	decode_report_frame	11		lexical C definition; preprocessor branches not resolved
firmware/app/src/dwm3000_driver_radio.inc	1903	decode_clicker_diag_frame	11		lexical C definition; preprocessor branches not resolved
firmware/app/src/dwm3000_driver_radio.inc	1917	decode_anchor_diag_frame	11		lexical C definition; preprocessor branches not resolved
firmware/app/src/dwm3000_driver_radio.inc	1931	decode_anchor_diag_fragment_frame	13		lexical C definition; preprocessor branches not resolved
firmware/app/src/dwm3000_driver_radio.inc	1949	write_tx_frame	40	error_paths	lexical C definition; preprocessor branches not resolved
firmware/app/src/dwm3000_driver_radio.inc	1991	patch_tx_frame	16	error_paths	lexical C definition; preprocessor branches not resolved
firmware/app/src/dwm3000_driver_radio.inc	2013	poll_targets_anchor	4		lexical C definition; preprocessor branches not resolved
firmware/app/src/dwm3000_driver_radio.inc	2020	poll_matches_expected	22		lexical C definition; preprocessor branches not resolved
firmware/app/src/dwm3000_driver_radio.inc	2045	range_flags_valid	5		lexical C definition; preprocessor branches not resolved
firmware/app/src/dwm3000_driver_radio.inc	2052	request_sends_clicker_diag	6		lexical C definition; preprocessor branches not resolved
firmware/app/src/dwm3000_driver_radio.inc	2060	request_expects_clicker_diag	6		lexical C definition; preprocessor branches not resolved
firmware/app/src/dwm3000_driver_radio.inc	2068	request_expects_anchor_diag	5		lexical C definition; preprocessor branches not resolved
firmware/app/src/dwm3000_driver_radio.inc	2075	request_expects_anchor_diag_fragments	7		lexical C definition; preprocessor branches not resolved
firmware/app/src/dwm3000_driver_radio.inc	2084	request_sends_anchor_diag	5		lexical C definition; preprocessor branches not resolved
firmware/app/src/dwm3000_driver_radio.inc	2091	request_sends_anchor_diag_fragments	5		lexical C definition; preprocessor branches not resolved
firmware/app/src/dwm3000_driver_radio.inc	2098	request_captures_anchor_full_cir	6		lexical C definition; preprocessor branches not resolved
firmware/app/src/dwm3000_driver_ranging_frames.inc	2	dwm3000_driver_capture_last_rx_cir	47	error_paths	lexical C definition; preprocessor branches not resolved
firmware/app/src/dwm3000_driver_ranging_frames.inc	53	capture_anchor_full_cir	9		lexical C definition; preprocessor branches not resolved
firmware/app/src/dwm3000_driver_ranging_frames.inc	65	result_set_request_metadata	12		lexical C definition; preprocessor branches not resolved
firmware/app/src/dwm3000_driver_ranging_frames.inc	80	result_set_poll_metadata	12		lexical C definition; preprocessor branches not resolved
firmware/app/src/dwm3000_driver_ranging_frames.inc	96	validate_range_request	27	error_paths	lexical C definition; preprocessor branches not resolved
firmware/app/src/dwm3000_driver_ranging_frames.inc	125	send_range_frame_until	112	error_paths	lexical C definition; preprocessor branches not resolved
firmware/app/src/dwm3000_driver_ranging_frames.inc	244	send_range_frame	3		lexical C definition; preprocessor branches not resolved
firmware/app/src/dwm3000_driver_ranging_frames.inc	251	start_prepared_range_frame	37	error_paths	lexical C definition; preprocessor branches not resolved
firmware/app/src/dwm3000_driver_ranging_frames.inc	290	start_immediate_rx	24	error_paths	lexical C definition; preprocessor branches not resolved
firmware/app/src/dwm3000_driver_ranging_frames.inc	316	rearm_after_rf_scope_drop	11	error_paths	lexical C definition; preprocessor branches not resolved
firmware/app/src/dwm3000_driver_ranging_frames.inc	329	receive_frame	122	error_paths;scheduling;unbounded_loop_candidate	lexical C definition; preprocessor branches not resolved
firmware/app/src/dwm3000_driver_ranging_frames.inc	462	receive_response	56	error_paths	lexical C definition; preprocessor branches not resolved
firmware/app/src/dwm3000_driver_ranging_frames.inc	524	receive_report	47	error_paths	lexical C definition; preprocessor branches not resolved
firmware/app/src/dwm3000_driver_ranging_frames.inc	575	clicker_diag_matches_poll	16		lexical C definition; preprocessor branches not resolved
firmware/app/src/dwm3000_driver_ranging_frames.inc	595	store_clicker_diag_result	29		lexical C definition; preprocessor branches not resolved
firmware/app/src/dwm3000_driver_ranging_frames.inc	627	send_clicker_diag	59	error_paths	lexical C definition; preprocessor branches not resolved
firmware/app/src/dwm3000_driver_ranging_frames.inc	695	receive_clicker_diag	55	error_paths;scheduling	lexical C definition; preprocessor branches not resolved
firmware/app/src/dwm3000_driver_ranging_frames.inc	754	anchor_diag_matches_request	17		lexical C definition; preprocessor branches not resolved
firmware/app/src/dwm3000_driver_ranging_frames.inc	774	store_anchor_diag_result	31		lexical C definition; preprocessor branches not resolved
firmware/app/src/dwm3000_driver_ranging_frames.inc	808	receive_anchor_diag	49	error_paths;scheduling	lexical C definition; preprocessor branches not resolved
firmware/app/src/dwm3000_driver_ranging_frames.inc	860	anchor_diag_fragment_matches_request	17		lexical C definition; preprocessor branches not resolved
firmware/app/src/dwm3000_driver_ranging_frames.inc	881	receive_anchor_diag_fragments	121	error_paths;scheduling	lexical C definition; preprocessor branches not resolved
firmware/app/src/dwm3000_driver_ranging_frames.inc	1005	send_anchor_diag_fragment_block	57	error_paths	lexical C definition; preprocessor branches not resolved
firmware/app/src/dwm3000_driver_ranging_frames.inc	1068	send_anchor_diag_fragments	32	error_paths	lexical C definition; preprocessor branches not resolved
firmware/app/src/dwm3000_driver_ranging_frames.inc	1104	send_anchor_diag	69	error_paths	lexical C definition; preprocessor branches not resolved
firmware/app/src/dwm3000_driver_test_seam.c	8	decode_poll_with_optional_fcs	13		lexical C definition; preprocessor branches not resolved
firmware/app/src/dwm3000_driver_test_seam.c	25	decode_final_with_optional_fcs	13		lexical C definition; preprocessor branches not resolved
firmware/app/src/dwm3000_driver_test_seam.c	42	set_result_metadata	12		lexical C definition; preprocessor branches not resolved
firmware/app/src/dwm3000_driver_test_seam.c	58	dwm3000_driver_test_evaluate_exchange	102	error_paths	lexical C definition; preprocessor branches not resolved
firmware/app/src/dwm3000_port.c	73	latch_port_error	6	error_paths	lexical C definition; preprocessor branches not resolved
firmware/app/src/dwm3000_port.c	81	dwm3000_port_clear_error	3		lexical C definition; preprocessor branches not resolved
firmware/app/src/dwm3000_port.c	86	dwm3000_port_take_error	3		lexical C definition; preprocessor branches not resolved
firmware/app/src/dwm3000_port.c	91	u32_from_le	6		lexical C definition; preprocessor branches not resolved
firmware/app/src/dwm3000_port.c	99	pm_action_ret	7		lexical C definition; preprocessor branches not resolved
firmware/app/src/dwm3000_port.c	108	dwm3000_spi_resume	8		lexical C definition; preprocessor branches not resolved
firmware/app/src/dwm3000_port.c	118	dwm3000_spi_suspend	19		lexical C definition; preprocessor branches not resolved
firmware/app/src/dwm3000_port.c	139	ensure_ready	7	cleanup	lexical C definition; preprocessor branches not resolved
firmware/app/src/dwm3000_port.c	148	dwm3000_port_set_slow_spi	6		lexical C definition; preprocessor branches not resolved
firmware/app/src/dwm3000_port.c	156	dwm3000_port_set_fast_spi	6		lexical C definition; preprocessor branches not resolved
firmware/app/src/dwm3000_port.c	164	dwm3000_port_current_spi_hz	3		lexical C definition; preprocessor branches not resolved
firmware/app/src/dwm3000_port.c	169	dwm3000_port_init	43	error_paths	lexical C definition; preprocessor branches not resolved
firmware/app/src/dwm3000_port.c	214	dwm3000_port_hw_reset	34	error_paths;scheduling	lexical C definition; preprocessor branches not resolved
firmware/app/src/dwm3000_port.c	250	dwm3000_port_wakeup	23	error_paths;scheduling	lexical C definition; preprocessor branches not resolved
firmware/app/src/dwm3000_port.c	275	dwm3000_port_float_pins	34		lexical C definition; preprocessor branches not resolved
firmware/app/src/dwm3000_port.c	311	dwm3000_port_prepare_systemoff	3		lexical C definition; preprocessor branches not resolved
firmware/app/src/dwm3000_port.c	316	dwm3000_port_dev_id_supported	13		lexical C definition; preprocessor branches not resolved
firmware/app/src/dwm3000_port.c	331	dwm3000_port_read_dev_id	28	error_paths	lexical C definition; preprocessor branches not resolved
firmware/app/src/dwm3000_port.c	361	dwm3000_port_transceive	36	error_paths	lexical C definition; preprocessor branches not resolved
firmware/app/src/dwm3000_port.c	399	dwm3000_port_write	29	error_paths	lexical C definition; preprocessor branches not resolved
firmware/app/src/dwm3000_port.c	431	dwm3000_port_write_with_crc	33	error_paths	lexical C definition; preprocessor branches not resolved
firmware/app/src/dwm3000_port.c	468	dwm3000_port_read	46	error_paths	lexical C definition; preprocessor branches not resolved
firmware/app/src/dwm3000_sdk_port.c	18	openspi	3	cleanup	lexical C definition; preprocessor branches not resolved
firmware/app/src/dwm3000_sdk_port.c	23	closespi	3		lexical C definition; preprocessor branches not resolved
firmware/app/src/dwm3000_sdk_port.c	28	set_spi_speed_slow	3		lexical C definition; preprocessor branches not resolved
firmware/app/src/dwm3000_sdk_port.c	33	set_spi_speed_fast	3		lexical C definition; preprocessor branches not resolved
firmware/app/src/dwm3000_sdk_port.c	38	writetospiwithcrc	5		lexical C definition; preprocessor branches not resolved
firmware/app/src/dwm3000_sdk_port.c	49	writetospi	3		lexical C definition; preprocessor branches not resolved
firmware/app/src/dwm3000_sdk_port.c	57	readfromspi	3		lexical C definition; preprocessor branches not resolved
firmware/app/src/dwm3000_sdk_port.c	65	Sleep	3	scheduling	lexical C definition; preprocessor branches not resolved
firmware/app/src/dwm3000_sdk_port.c	70	deca_sleep	3	scheduling	lexical C definition; preprocessor branches not resolved
firmware/app/src/dwm3000_sdk_port.c	75	deca_usleep	3		lexical C definition; preprocessor branches not resolved
firmware/app/src/dwm3000_sdk_port.c	80	HAL_GetTick	3		lexical C definition; preprocessor branches not resolved
firmware/app/src/dwm3000_sdk_port.c	85	portGetTickCnt	3		lexical C definition; preprocessor branches not resolved
firmware/app/src/dwm3000_sdk_port.c	90	port_is_switch_on	4		lexical C definition; preprocessor branches not resolved
firmware/app/src/dwm3000_sdk_port.c	96	port_is_boot1_low	3		lexical C definition; preprocessor branches not resolved
firmware/app/src/dwm3000_sdk_port.c	101	wakeup_device_with_io	3		lexical C definition; preprocessor branches not resolved
firmware/app/src/dwm3000_sdk_port.c	106	port_wakeup_dw3000	3		lexical C definition; preprocessor branches not resolved
firmware/app/src/dwm3000_sdk_port.c	111	port_wakeup_dw3000_fast	3		lexical C definition; preprocessor branches not resolved
firmware/app/src/dwm3000_sdk_port.c	116	port_set_dw_ic_spi_slowrate	3		lexical C definition; preprocessor branches not resolved
firmware/app/src/dwm3000_sdk_port.c	121	port_set_dw_ic_spi_fastrate	3		lexical C definition; preprocessor branches not resolved
firmware/app/src/dwm3000_sdk_port.c	126	reset_DWIC	5	cleanup	lexical C definition; preprocessor branches not resolved
firmware/app/src/dwm3000_sdk_port.c	133	setup_DW3000RSTnIRQ	3		lexical C definition; preprocessor branches not resolved
firmware/app/src/dwm3000_sdk_port.c	138	process_dwRSTn_irq	2		lexical C definition; preprocessor branches not resolved
firmware/app/src/dwm3000_sdk_port.c	142	process_deca_irq	5		lexical C definition; preprocessor branches not resolved
firmware/app/src/dwm3000_sdk_port.c	149	led_on	3		lexical C definition; preprocessor branches not resolved
firmware/app/src/dwm3000_sdk_port.c	154	led_off	3		lexical C definition; preprocessor branches not resolved
firmware/app/src/dwm3000_sdk_port.c	159	peripherals_init	3	cleanup	lexical C definition; preprocessor branches not resolved
firmware/app/src/dwm3000_sdk_port.c	164	spi_peripheral_init	3		lexical C definition; preprocessor branches not resolved
firmware/app/src/dwm3000_sdk_port.c	169	port_set_dwic_isr	3		lexical C definition; preprocessor branches not resolved
firmware/app/src/main.c	64	k_sys_fatal_error_handler	33	unbounded_loop_candidate	lexical C definition; preprocessor branches not resolved
firmware/app/src/main.c	239	watchdog_init_fail_closed	11	cleanup;scheduling;unbounded_loop_candidate	lexical C definition; preprocessor branches not resolved
firmware/app/src/main.c	252	runtime_start_fail_closed	26	cleanup;scheduling;unbounded_loop_candidate	lexical C definition; preprocessor branches not resolved
firmware/app/src/main.c	281	durable_state_physical_device_id	8		lexical C definition; preprocessor branches not resolved
firmware/app/src/main.c	292	mesh_node_identity_print	15		lexical C definition; preprocessor branches not resolved
firmware/app/src/main.c	309	main	336	error_paths;cleanup;scheduling	lexical C definition; preprocessor branches not resolved
firmware/include/button_action_handoff.h	30	button_action_handoff_init	8		lexical C definition; preprocessor branches not resolved
firmware/include/button_action_handoff.h	41	button_action_handoff_submit	18		lexical C definition; preprocessor branches not resolved
firmware/include/button_action_handoff.h	63	button_action_handoff_take	12		lexical C definition; preprocessor branches not resolved
firmware/include/button_action_handoff.h	79	button_action_handoff_release_if_empty	14		lexical C definition; preprocessor branches not resolved
firmware/include/button_wake_recovery.h	24	button_wake_recovery_init	8		lexical C definition; preprocessor branches not resolved
firmware/include/button_wake_recovery.h	36	button_wake_recovery_note	23		lexical C definition; preprocessor branches not resolved
firmware/include/discovery_assignment.h	238	discovery_assignment_epoch_strictly_newer	5		lexical C definition; preprocessor branches not resolved
firmware/include/discovery_assignment.h	247	discovery_assignment_next_epoch	4		lexical C definition; preprocessor branches not resolved
firmware/include/mesh.h	107	mesh_channel_carries_reports	4		lexical C definition; preprocessor branches not resolved
firmware/include/node_comm.h	35	node_comm_bounded_control_apply_budget_ms	5		lexical C definition; preprocessor branches not resolved
firmware/include/protocol.h	214	proto_packet_flags_more_follows	3		lexical C definition; preprocessor branches not resolved
firmware/src/battery_status.c	3	battery_status_compare_percent	24	error_paths	lexical C definition; preprocessor branches not resolved
firmware/src/battery_status.c	30	battery_status_anchor_band	11		lexical C definition; preprocessor branches not resolved
firmware/src/battery_status.c	43	battery_status_clicker_band	11		lexical C definition; preprocessor branches not resolved
firmware/src/clicker_rtt_command.c	5	clicker_rtt_command_parse	18		lexical C definition; preprocessor branches not resolved
firmware/src/debug_log.c	6	debug_log_format_prefix	22	error_paths	lexical C definition; preprocessor branches not resolved
firmware/src/device_identity.c	5	device_identity_ficr_value	3		lexical C definition; preprocessor branches not resolved
firmware/src/device_identity.c	11	device_identity_node_from_ficr	19		lexical C definition; preprocessor branches not resolved
firmware/src/device_identity.c	34	device_identity_anchor_from_ficr	5		lexical C definition; preprocessor branches not resolved
firmware/src/discovery_assignment.c	8	phase_valid	7		lexical C definition; preprocessor branches not resolved
firmware/src/discovery_assignment.c	17	retry_base_ms	12		lexical C definition; preprocessor branches not resolved
firmware/src/discovery_assignment.c	31	find_u8	18	error_paths	lexical C definition; preprocessor branches not resolved
firmware/src/discovery_assignment.c	54	find_u32	18	error_paths	lexical C definition; preprocessor branches not resolved
firmware/src/discovery_assignment.c	77	find_u64	18	error_paths	lexical C definition; preprocessor branches not resolved
firmware/src/discovery_assignment.c	100	discovery_assignment_hash	13		lexical C definition; preprocessor branches not resolved
firmware/src/discovery_assignment.c	115	discovery_assignment_reconcile_epoch_baseline	32		lexical C definition; preprocessor branches not resolved
firmware/src/discovery_assignment.c	153	discovery_assignment_response_custody_matches	8		lexical C definition; preprocessor branches not resolved
firmware/src/discovery_assignment.c	168	claim_before	4		lexical C definition; preprocessor branches not resolved
firmware/src/discovery_assignment.c	175	discovery_assignment_sort_claims	26		lexical C definition; preprocessor branches not resolved
firmware/src/discovery_assignment.c	204	anchor_id_before	7		lexical C definition; preprocessor branches not resolved
firmware/src/discovery_assignment.c	213	anchor_order_before	6		lexical C definition; preprocessor branches not resolved
firmware/src/discovery_assignment.c	222	discovery_assignment_sort_anchor_ids_with_hops	35		lexical C definition; preprocessor branches not resolved
firmware/src/discovery_assignment.c	262	discovery_assignment_sort_anchor_ids	4		lexical C definition; preprocessor branches not resolved
firmware/src/discovery_assignment.c	269	discovery_assignment_order_roster_extension	27		lexical C definition; preprocessor branches not resolved
firmware/src/discovery_assignment.c	301	discovery_assignment_entries_from_claims	19		lexical C definition; preprocessor branches not resolved
firmware/src/discovery_assignment.c	326	discovery_assignment_append_control_tlvs	20	error_paths	lexical C definition; preprocessor branches not resolved
firmware/src/discovery_assignment.c	353	discovery_assignment_extract_control_tlvs	29	error_paths	lexical C definition; preprocessor branches not resolved
firmware/src/discovery_assignment.c	388	discovery_assignment_append_claim_hash	7		lexical C definition; preprocessor branches not resolved
firmware/src/discovery_assignment.c	400	discovery_assignment_extract_claim_hash	9	error_paths	lexical C definition; preprocessor branches not resolved
firmware/src/discovery_assignment.c	413	discovery_assignment_parse_result_tlvs	120	error_paths	lexical C definition; preprocessor branches not resolved
firmware/src/discovery_assignment.c	538	discovery_assignment_append_table_tlvs	58	error_paths	lexical C definition; preprocessor branches not resolved
firmware/src/discovery_assignment.c	603	discovery_assignment_append_table_from_roster_internal	61	error_paths	lexical C definition; preprocessor branches not resolved
firmware/src/discovery_assignment.c	672	discovery_assignment_append_table_from_roster	12		lexical C definition; preprocessor branches not resolved
firmware/src/discovery_assignment.c	692	discovery_assignment_append_table_from_anchor_ids	9		lexical C definition; preprocessor branches not resolved
firmware/src/discovery_assignment.c	708	discovery_assignment_parse_table_tlvs	84	error_paths	lexical C definition; preprocessor branches not resolved
firmware/src/discovery_assignment.c	800	discovery_assignment_response_lane	36		lexical C definition; preprocessor branches not resolved
firmware/src/discovery_assignment.c	843	discovery_assignment_table_commitment_internal	96	cleanup	lexical C definition; preprocessor branches not resolved
firmware/src/discovery_assignment.c	947	discovery_assignment_table_commitment	9		lexical C definition; preprocessor branches not resolved
firmware/src/discovery_assignment.c	962	discovery_assignment_table_commitment_from_roster	9		lexical C definition; preprocessor branches not resolved
firmware/src/discovery_assignment.c	978	discovery_assignment_table_commitment_equal	6		lexical C definition; preprocessor branches not resolved
firmware/src/discovery_assignment.c	988	discovery_assignment_append_table_commitment	11		lexical C definition; preprocessor branches not resolved
firmware/src/discovery_assignment.c	1005	discovery_assignment_append_end_identity	19		lexical C definition; preprocessor branches not resolved
firmware/src/discovery_assignment.c	1030	discovery_assignment_extract_end_identity	31	error_paths	lexical C definition; preprocessor branches not resolved
firmware/src/discovery_assignment.c	1066	discovery_assignment_append_abort_identity	19		lexical C definition; preprocessor branches not resolved
firmware/src/discovery_assignment.c	1091	discovery_assignment_extract_abort_identity	30	error_paths	lexical C definition; preprocessor branches not resolved
firmware/src/discovery_assignment.c	1126	response_max_initial_delay_ms	17		lexical C definition; preprocessor branches not resolved
firmware/src/discovery_assignment.c	1147	discovery_assignment_response_delay_ms	45		lexical C definition; preprocessor branches not resolved
firmware/src/discovery_assignment.c	1200	discovery_assignment_retry_backoff_ms	5		lexical C definition; preprocessor branches not resolved
firmware/src/discovery_assignment.c	1208	discovery_assignment_response_custody_ms	10		lexical C definition; preprocessor branches not resolved
firmware/src/discovery_assignment.c	1220	discovery_assignment_control_propagation_hold_ms	12		lexical C definition; preprocessor branches not resolved
firmware/src/discovery_assignment.c	1235	discovery_assignment_activation_propagation_hold_ms	12		lexical C definition; preprocessor branches not resolved
firmware/src/discovery_assignment.c	1250	discovery_assignment_control_listener_duration_ms	14		lexical C definition; preprocessor branches not resolved
firmware/src/discovery_assignment.c	1267	discovery_assignment_adaptive_depth_deadline_offset_ms	47		lexical C definition; preprocessor branches not resolved
firmware/src/discovery_assignment.c	1321	discovery_assignment_response_deadline_ms	8		lexical C definition; preprocessor branches not resolved
firmware/src/discovery_assignment.c	1333	discovery_assignment_membership_epoch	6		lexical C definition; preprocessor branches not resolved
firmware/src/discovery_assignment.c	1341	discovery_assignment_collection_window_ms	4		lexical C definition; preprocessor branches not resolved
firmware/src/discovery_assignment.c	1348	discovery_assignment_collection_window_for_topology_ms	20	cleanup	lexical C definition; preprocessor branches not resolved
firmware/src/discovery_assignment.c	1373	discovery_assignment_table_collection_window_ms	4		lexical C definition; preprocessor branches not resolved
firmware/src/discovery_assignment.c	1381	discovery_assignment_table_collection_window_for_topology_ms	20		lexical C definition; preprocessor branches not resolved
firmware/src/discovery_assignment.c	1406	discovery_assignment_control_flood_deadline_ms	13		lexical C definition; preprocessor branches not resolved
firmware/src/discovery_assignment.c	1423	discovery_assignment_response_ack_settle_deadline_ms	4		lexical C definition; preprocessor branches not resolved
firmware/src/discovery_assignment.c	1429	discovery_assignment_ack_quorum_settle_should_arm	3		lexical C definition; preprocessor branches not resolved
firmware/src/discovery_assignment.c	1436	discovery_assignment_claim_ack_settle_duration_ms	9		lexical C definition; preprocessor branches not resolved
firmware/src/discovery_assignment.c	1447	discovery_assignment_claim_ack_settle_deadline_ms	7		lexical C definition; preprocessor branches not resolved
firmware/src/discovery_assignment.c	1458	discovery_assignment_response_ack_settle_pending	3		lexical C definition; preprocessor branches not resolved
firmware/src/discovery_assignment.c	1465	discovery_assignment_extract_expected_count	25	error_paths	lexical C definition; preprocessor branches not resolved
firmware/src/dwm3000_runtime.c	8	runtime_fail	6		lexical C definition; preprocessor branches not resolved
firmware/src/dwm3000_runtime.c	16	note_interval	10		lexical C definition; preprocessor branches not resolved
firmware/src/dwm3000_runtime.c	32	begin_idle_operation	15		lexical C definition; preprocessor branches not resolved
firmware/src/dwm3000_runtime.c	50	run_spi_operation	28	error_paths	lexical C definition; preprocessor branches not resolved
firmware/src/dwm3000_runtime.c	86	run_scoped_frame_spi_operation	31	error_paths	lexical C definition; preprocessor branches not resolved
firmware/src/dwm3000_runtime.c	125	dwm3000_runtime_init	8		lexical C definition; preprocessor branches not resolved
firmware/src/dwm3000_runtime.c	135	dwm3000_runtime_spi_transfer_us	17		lexical C definition; preprocessor branches not resolved
firmware/src/dwm3000_runtime.c	155	dwm3000_runtime_set_spi_rate	31	error_paths	lexical C definition; preprocessor branches not resolved
firmware/src/dwm3000_runtime.c	191	dwm3000_runtime_reset	25	error_paths	lexical C definition; preprocessor branches not resolved
firmware/src/dwm3000_runtime.c	220	dwm3000_runtime_wake	25	error_paths	lexical C definition; preprocessor branches not resolved
firmware/src/dwm3000_runtime.c	249	dwm3000_runtime_read_device_id	13		lexical C definition; preprocessor branches not resolved
firmware/src/dwm3000_runtime.c	266	dwm3000_runtime_restore_retained	19		lexical C definition; preprocessor branches not resolved
firmware/src/dwm3000_runtime.c	289	dwm3000_runtime_configure	21		lexical C definition; preprocessor branches not resolved
firmware/src/dwm3000_runtime.c	315	dwm3000_runtime_lock_pll	18	error_paths	lexical C definition; preprocessor branches not resolved
firmware/src/dwm3000_runtime.c	337	dwm3000_runtime_prepare_phy	85	error_paths;cleanup	lexical C definition; preprocessor branches not resolved
firmware/src/dwm3000_runtime.c	427	dwm3000_runtime_arm_rx	33	error_paths	lexical C definition; preprocessor branches not resolved
firmware/src/dwm3000_runtime.c	465	dwm3000_runtime_finish_rx	12		lexical C definition; preprocessor branches not resolved
firmware/src/dwm3000_runtime.c	480	dwm3000_runtime_extend_rx	8		lexical C definition; preprocessor branches not resolved
firmware/src/dwm3000_runtime.c	491	dwm3000_runtime_write_frame	26		lexical C definition; preprocessor branches not resolved
firmware/src/dwm3000_runtime.c	522	dwm3000_runtime_start_tx	30	error_paths	lexical C definition; preprocessor branches not resolved
firmware/src/dwm3000_runtime.c	557	dwm3000_runtime_start_delayed_tx	37	error_paths	lexical C definition; preprocessor branches not resolved
firmware/src/dwm3000_runtime.c	601	dwm3000_runtime_finish_tx	12		lexical C definition; preprocessor branches not resolved
firmware/src/dwm3000_runtime.c	616	dwm3000_runtime_status_poll	30	error_paths	lexical C definition; preprocessor branches not resolved
firmware/src/dwm3000_runtime.c	650	dwm3000_runtime_read_frame	11		lexical C definition; preprocessor branches not resolved
firmware/src/dwm3000_runtime.c	666	dwm3000_runtime_read_cir	12		lexical C definition; preprocessor branches not resolved
firmware/src/dwm3000_runtime.c	683	dwm3000_runtime_process_range_frame	24	error_paths	lexical C definition; preprocessor branches not resolved
firmware/src/dwm3000_runtime.c	712	dwm3000_runtime_read_rx_diagnostics	24	error_paths	lexical C definition; preprocessor branches not resolved
firmware/src/dwm3000_runtime.c	741	dwm3000_runtime_enter_retained_sleep	21	error_paths	lexical C definition; preprocessor branches not resolved
firmware/src/dwm3000_timing.c	74	mul_div_floor	14		lexical C definition; preprocessor branches not resolved
firmware/src/dwm3000_timing.c	90	mul_div_ceil	12		lexical C definition; preprocessor branches not resolved
firmware/src/dwm3000_timing.c	104	dwm3000_timing_phy_profile	7		lexical C definition; preprocessor branches not resolved
firmware/src/dwm3000_timing.c	114	dwm3000_timing_preamble_rctu	8		lexical C definition; preprocessor branches not resolved
firmware/src/dwm3000_timing.c	124	dwm3000_timing_sfd_rctu	8		lexical C definition; preprocessor branches not resolved
firmware/src/dwm3000_timing.c	134	dwm3000_timing_shr_rctu	6		lexical C definition; preprocessor branches not resolved
firmware/src/dwm3000_timing.c	142	dwm3000_timing_pac_rctu	8		lexical C definition; preprocessor branches not resolved
firmware/src/dwm3000_timing.c	152	dwm3000_timing_airtime_rctu	32		lexical C definition; preprocessor branches not resolved
firmware/src/dwm3000_timing.c	187	dwm3000_timing_rctu_to_us_floor	4		lexical C definition; preprocessor branches not resolved
firmware/src/dwm3000_timing.c	193	dwm3000_timing_rctu_to_us_ceil	3		lexical C definition; preprocessor branches not resolved
firmware/src/dwm3000_timing.c	198	dwm3000_timing_us_to_rctu_floor	3		lexical C definition; preprocessor branches not resolved
firmware/src/dwm3000_timing.c	203	dwm3000_timing_us_to_rctu_ceil	3		lexical C definition; preprocessor branches not resolved
firmware/src/dwm3000_timing.c	208	dwm3000_timing_airtime_us_ceil	5		lexical C definition; preprocessor branches not resolved
firmware/src/dwm3000_timing.c	216	dwm3000_timing_uus_to_rctu	3		lexical C definition; preprocessor branches not resolved
firmware/src/dwm3000_timing.c	221	dwm3000_timing_quantize_delayed_raw_rmarker	3		lexical C definition; preprocessor branches not resolved
firmware/src/dwm3000_timing.c	226	dwm3000_timing_delayed_tx_interval	32		lexical C definition; preprocessor branches not resolved
firmware/src/enumeration_response_lane.c	31	packed_hop_get	12		lexical C definition; preprocessor branches not resolved
firmware/src/enumeration_response_lane.c	46	packed_hop_set	19		lexical C definition; preprocessor branches not resolved
firmware/src/enumeration_response_lane.c	69	bundle_count_for_records	4		lexical C definition; preprocessor branches not resolved
firmware/src/enumeration_response_lane.c	75	enumeration_response_claim_start	26		lexical C definition; preprocessor branches not resolved
firmware/src/enumeration_response_lane.c	108	enumeration_response_timing_at	4		lexical C definition; preprocessor branches not resolved
firmware/src/enumeration_response_lane.c	117	enumeration_response_duration_ms	10		lexical C definition; preprocessor branches not resolved
firmware/src/enumeration_response_lane.c	129	enumeration_response_depth_duration_ms	9		lexical C definition; preprocessor branches not resolved
firmware/src/enumeration_response_lane.c	140	enumeration_response_lane_tx_round_allowed	18		lexical C definition; preprocessor branches not resolved
firmware/src/enumeration_response_lane.c	163	enumeration_response_timing_at_depth	41		lexical C definition; preprocessor branches not resolved
firmware/src/enumeration_response_lane.c	210	enumeration_response_ms_until_lane	9		lexical C definition; preprocessor branches not resolved
firmware/src/enumeration_response_lane.c	223	enumeration_response_lane_complete	4		lexical C definition; preprocessor branches not resolved
firmware/src/enumeration_response_lane.c	229	enumeration_response_lane_complete_depth	10		lexical C definition; preprocessor branches not resolved
firmware/src/enumeration_response_lane.c	244	enumeration_response_hia_duration_ms	9		lexical C definition; preprocessor branches not resolved
firmware/src/enumeration_response_lane.c	256	enumeration_response_hia_timing_at_depth	23		lexical C definition; preprocessor branches not resolved
firmware/src/enumeration_response_lane.c	286	enumeration_response_hia_complete_depth	7		lexical C definition; preprocessor branches not resolved
firmware/src/enumeration_response_lane.c	298	enumeration_response_lane_begin	26		lexical C definition; preprocessor branches not resolved
firmware/src/enumeration_response_lane.c	333	enumeration_response_lane_stop	5		lexical C definition; preprocessor branches not resolved
firmware/src/enumeration_response_lane.c	340	record_index	8	error_paths	lexical C definition; preprocessor branches not resolved
firmware/src/enumeration_response_lane.c	351	enumeration_response_lane_merge_bundle	67		lexical C definition; preprocessor branches not resolved
firmware/src/enumeration_response_lane.c	423	enumeration_response_lane_prepare_round	101		lexical C definition; preprocessor branches not resolved
firmware/src/enumeration_response_lane.c	529	enumeration_response_lane_bundle_for_offset	52		lexical C definition; preprocessor branches not resolved
firmware/src/enumeration_response_lane.c	586	enumeration_response_lane_note_ack	11		lexical C definition; preprocessor branches not resolved
firmware/src/enumeration_response_lane.c	601	enumeration_response_lane_all_acked	10		lexical C definition; preprocessor branches not resolved
firmware/src/enumeration_response_lane.c	614	enumeration_response_lane_local_id	4		lexical C definition; preprocessor branches not resolved
firmware/src/enumeration_response_lane.c	621	enumeration_response_lane_bundle_count	3		lexical C definition; preprocessor branches not resolved
firmware/src/enumeration_response_lane.c	627	enumeration_response_lane_round_offset_ms	6		lexical C definition; preprocessor branches not resolved
firmware/src/enumeration_response_lane.c	637	enumeration_response_lane_next_offset_ms	25		lexical C definition; preprocessor branches not resolved
firmware/src/firmware_delivery_loss.c	9	fw_delivery_loss_init	5		lexical C definition; preprocessor branches not resolved
firmware/src/firmware_delivery_loss.c	16	same_delivery	8		lexical C definition; preprocessor branches not resolved
firmware/src/firmware_delivery_loss.c	27	increment_loss	5		lexical C definition; preprocessor branches not resolved
firmware/src/firmware_delivery_loss.c	34	fw_delivery_loss_note_store	14		lexical C definition; preprocessor branches not resolved
firmware/src/firmware_delivery_loss.c	55	fw_delivery_loss_note_drop	12		lexical C definition; preprocessor branches not resolved
firmware/src/firmware_delivery_loss.c	71	update_loss_tlv	35		lexical C definition; preprocessor branches not resolved
firmware/src/firmware_delivery_loss.c	110	fw_delivery_loss_attach	35		lexical C definition; preprocessor branches not resolved
firmware/src/firmware_delivery_loss.c	150	fw_delivery_loss_note_sent	13		lexical C definition; preprocessor branches not resolved
firmware/src/firmware_delivery_loss.c	166	fw_delivery_loss_count	3		lexical C definition; preprocessor branches not resolved
firmware/src/firmware_events.c	6	machine_valid	3		lexical C definition; preprocessor branches not resolved
firmware/src/firmware_events.c	11	event_identity_pair_valid	4		lexical C definition; preprocessor branches not resolved
firmware/src/firmware_events.c	17	event_payload_flags_valid	11		lexical C definition; preprocessor branches not resolved
firmware/src/firmware_events.c	30	event_payload_is_empty	7		lexical C definition; preprocessor branches not resolved
firmware/src/firmware_events.c	39	event_timer_payload_valid	8		lexical C definition; preprocessor branches not resolved
firmware/src/firmware_events.c	49	event_source_allowed_for_timer	12		lexical C definition; preprocessor branches not resolved
firmware/src/firmware_events.c	63	event_target_requires_identity	10		lexical C definition; preprocessor branches not resolved
firmware/src/firmware_events.c	75	event_source_allowed_for_radio	6		lexical C definition; preprocessor branches not resolved
firmware/src/firmware_events.c	83	event_source_allowed_for_ack	13		lexical C definition; preprocessor branches not resolved
firmware/src/firmware_events.c	98	radio_request_payload_valid	25		lexical C definition; preprocessor branches not resolved
firmware/src/firmware_events.c	125	radio_event_valid	21		lexical C definition; preprocessor branches not resolved
firmware/src/firmware_events.c	148	ack_event_valid	6		lexical C definition; preprocessor branches not resolved
firmware/src/firmware_events.c	156	fw_event_validate	42		lexical C definition; preprocessor branches not resolved
firmware/src/firmware_events.c	204	fw_event_dispatcher_init	9		lexical C definition; preprocessor branches not resolved
firmware/src/firmware_events.c	218	fw_event_dispatcher_register	31	error_paths	lexical C definition; preprocessor branches not resolved
firmware/src/firmware_events.c	255	fw_event_dispatcher_post	17	error_paths	lexical C definition; preprocessor branches not resolved
firmware/src/firmware_events.c	275	find_handler	12		lexical C definition; preprocessor branches not resolved
firmware/src/firmware_events.c	291	fw_event_dispatcher_dispatch_one	48	error_paths	lexical C definition; preprocessor branches not resolved
firmware/src/firmware_events.c	342	fw_event_dispatcher_dispatch_all	19	error_paths	lexical C definition; preprocessor branches not resolved
firmware/src/firmware_events.c	365	fw_event_dispatcher_pending	3		lexical C definition; preprocessor branches not resolved
firmware/src/firmware_state_click.c	8	fw_button_sm_init	5		lexical C definition; preprocessor branches not resolved
firmware/src/firmware_state_click.c	15	fw_click_sm_init	5		lexical C definition; preprocessor branches not resolved
firmware/src/firmware_state_click.c	22	fw_anchor_click_sm_init	5		lexical C definition; preprocessor branches not resolved
firmware/src/firmware_state_click.c	29	button_transition	12		lexical C definition; preprocessor branches not resolved
firmware/src/firmware_state_click.c	49	fw_button_sm_handle	94		lexical C definition; preprocessor branches not resolved
firmware/src/firmware_state_click.c	147	click_transition	15		lexical C definition; preprocessor branches not resolved
firmware/src/firmware_state_click.c	169	click_state_active	3		lexical C definition; preprocessor branches not resolved
firmware/src/firmware_state_click.c	174	click_required_ranges	7		lexical C definition; preprocessor branches not resolved
firmware/src/firmware_state_click.c	183	fw_click_sm_handle	193		lexical C definition; preprocessor branches not resolved
firmware/src/firmware_state_click.c	380	anchor_click_transition	8		lexical C definition; preprocessor branches not resolved
firmware/src/firmware_state_click.c	395	fw_anchor_click_sm_handle	94		lexical C definition; preprocessor branches not resolved
firmware/src/firmware_state_control.c	7	fw_gateway_uwb_sm_init	5		lexical C definition; preprocessor branches not resolved
firmware/src/firmware_state_control.c	14	fw_host_link_sm_init	5		lexical C definition; preprocessor branches not resolved
firmware/src/firmware_state_control.c	21	fw_enumeration_sm_init	5		lexical C definition; preprocessor branches not resolved
firmware/src/firmware_state_control.c	28	simple_transition	4		lexical C definition; preprocessor branches not resolved
firmware/src/firmware_state_control.c	38	gateway_uwb_transition	5		lexical C definition; preprocessor branches not resolved
firmware/src/firmware_state_control.c	51	fw_gateway_uwb_sm_handle	144		lexical C definition; preprocessor branches not resolved
firmware/src/firmware_state_control.c	200	fw_host_link_sm_handle	58		lexical C definition; preprocessor branches not resolved
firmware/src/firmware_state_control.c	262	enumeration_transition	7		lexical C definition; preprocessor branches not resolved
firmware/src/firmware_state_control.c	277	fw_enumeration_sm_handle	80		lexical C definition; preprocessor branches not resolved
firmware/src/firmware_state_internal.h	8	fw_transition_begin	9		lexical C definition; preprocessor branches not resolved
firmware/src/firmware_state_internal.h	22	fw_transition_finish	13		lexical C definition; preprocessor branches not resolved
firmware/src/firmware_state_internal.h	42	fw_generation_newer	5		lexical C definition; preprocessor branches not resolved
firmware/src/firmware_state_internal.h	49	fw_operation_begin	18		lexical C definition; preprocessor branches not resolved
firmware/src/firmware_state_internal.h	71	fw_operation_matches	5		lexical C definition; preprocessor branches not resolved
firmware/src/firmware_state_internal.h	80	fw_operation_finish	3		lexical C definition; preprocessor branches not resolved
firmware/src/firmware_state_internal.h	85	fw_operation_mismatch_result	7		lexical C definition; preprocessor branches not resolved
firmware/src/firmware_state_mesh.c	8	fw_route_sm_init	5		lexical C definition; preprocessor branches not resolved
firmware/src/firmware_state_mesh.c	15	fw_connection_sm_init	5		lexical C definition; preprocessor branches not resolved
firmware/src/firmware_state_mesh.c	22	fw_delivery_sm_init	5		lexical C definition; preprocessor branches not resolved
firmware/src/firmware_state_mesh.c	29	route_transition	8		lexical C definition; preprocessor branches not resolved
firmware/src/firmware_state_mesh.c	45	fw_route_sm_handle	97		lexical C definition; preprocessor branches not resolved
firmware/src/firmware_state_mesh.c	146	connection_transition	8		lexical C definition; preprocessor branches not resolved
firmware/src/firmware_state_mesh.c	162	fw_connection_sm_handle	125		lexical C definition; preprocessor branches not resolved
firmware/src/firmware_state_mesh.c	291	delivery_transition	8		lexical C definition; preprocessor branches not resolved
firmware/src/firmware_state_mesh.c	307	fw_delivery_sm_handle	144		lexical C definition; preprocessor branches not resolved
firmware/src/firmware_state_radio.c	8	fw_radio_sm_init	5		lexical C definition; preprocessor branches not resolved
firmware/src/firmware_state_radio.c	15	fw_radio_handoff_sm_init	5		lexical C definition; preprocessor branches not resolved
firmware/src/firmware_state_radio.c	22	fw_radio_activity_runtime_init	5		lexical C definition; preprocessor branches not resolved
firmware/src/firmware_state_radio.c	29	radio_activity_decision_init	10		lexical C definition; preprocessor branches not resolved
firmware/src/firmware_state_radio.c	42	fw_radio_activity_decide	89	error_paths;cleanup	lexical C definition; preprocessor branches not resolved
firmware/src/firmware_state_radio.c	137	fw_radio_activity_state_name	16		lexical C definition; preprocessor branches not resolved
firmware/src/firmware_state_radio.c	155	handoff_serial_after	9		lexical C definition; preprocessor branches not resolved
firmware/src/firmware_state_radio.c	166	handoff_finish	10		lexical C definition; preprocessor branches not resolved
firmware/src/firmware_state_radio.c	183	fw_radio_handoff_sm_handle	93		lexical C definition; preprocessor branches not resolved
firmware/src/firmware_state_radio.c	281	radio_request_valid	18		lexical C definition; preprocessor branches not resolved
firmware/src/firmware_state_radio.c	301	radio_job_from_event	17		lexical C definition; preprocessor branches not resolved
firmware/src/firmware_state_radio.c	320	radio_effect_owner	12		lexical C definition; preprocessor branches not resolved
firmware/src/firmware_state_radio.c	335	start_stored_radio_job	23		lexical C definition; preprocessor branches not resolved
firmware/src/firmware_state_radio.c	363	start_radio_job	4		lexical C definition; preprocessor branches not resolved
firmware/src/firmware_state_radio.c	371	radio_active_event_matches	5		lexical C definition; preprocessor branches not resolved
firmware/src/firmware_state_radio.c	379	radio_report_and_ready	26		lexical C definition; preprocessor branches not resolved
firmware/src/firmware_state_radio.c	410	fw_radio_sm_handle	238		lexical C definition; preprocessor branches not resolved
firmware/src/gateway_ble_transport.c	5	gateway_ble_att_payload_max	9		lexical C definition; preprocessor branches not resolved
firmware/src/gateway_ble_transport.c	16	gateway_ble_notification_value_fits	3		lexical C definition; preprocessor branches not resolved
firmware/src/gateway_ble_transport.c	22	gateway_ble_tx_cursor_init	9		lexical C definition; preprocessor branches not resolved
firmware/src/gateway_ble_transport.c	36	gateway_ble_tx_cursor_set_mtu	7		lexical C definition; preprocessor branches not resolved
firmware/src/gateway_ble_transport.c	46	gateway_ble_tx_cursor_begin	22		lexical C definition; preprocessor branches not resolved
firmware/src/gateway_ble_transport.c	72	gateway_ble_tx_cursor_complete	11		lexical C definition; preprocessor branches not resolved
firmware/src/gateway_ble_transport.c	86	gateway_ble_tx_cursor_done	4		lexical C definition; preprocessor branches not resolved
firmware/src/gateway_ble_transport.c	92	gateway_ble_rx_stream_init	5		lexical C definition; preprocessor branches not resolved
firmware/src/gateway_ble_transport.c	99	gateway_ble_rx_stream_feed	67		lexical C definition; preprocessor branches not resolved
firmware/src/gateway_ble_transport.c	173	gateway_ble_link_init	8		lexical C definition; preprocessor branches not resolved
firmware/src/gateway_ble_transport.c	185	gateway_ble_link_connect	22		lexical C definition; preprocessor branches not resolved
firmware/src/gateway_ble_transport.c	212	gateway_ble_link_disconnect	16		lexical C definition; preprocessor branches not resolved
firmware/src/gateway_ble_transport.c	230	gateway_ble_link_set_mtu	11		lexical C definition; preprocessor branches not resolved
firmware/src/gateway_ble_transport.c	244	gateway_ble_link_set_stalled	5		lexical C definition; preprocessor branches not resolved
firmware/src/gateway_ble_transport.c	251	gateway_ble_link_try_notify	23		lexical C definition; preprocessor branches not resolved
firmware/src/gateway_ble_transport.c	277	gateway_ble_link_run_connection_event	25		lexical C definition; preprocessor branches not resolved
firmware/src/gateway_command.c	13	deadline_reached	3		lexical C definition; preprocessor branches not resolved
firmware/src/gateway_command.c	18	command_wait_packet_type	3		lexical C definition; preprocessor branches not resolved
firmware/src/gateway_command.c	23	command_scope_valid	5		lexical C definition; preprocessor branches not resolved
firmware/src/gateway_command.c	30	command_response_mode_valid	6		lexical C definition; preprocessor branches not resolved
firmware/src/gateway_command.c	38	collection_eack_format_valid	5		lexical C definition; preprocessor branches not resolved
firmware/src/gateway_command.c	45	ensure_tlv_u32	14	error_paths	lexical C definition; preprocessor branches not resolved
firmware/src/gateway_command.c	66	ensure_tlv_u16	14	error_paths	lexical C definition; preprocessor branches not resolved
firmware/src/gateway_command.c	87	ensure_tlv_u8	14	error_paths	lexical C definition; preprocessor branches not resolved
firmware/src/gateway_command.c	108	gateway_command_append_default_flood_controls	42	error_paths	lexical C definition; preprocessor branches not resolved
firmware/src/gateway_command.c	152	command_response_requires_collection	5		lexical C definition; preprocessor branches not resolved
firmware/src/gateway_command.c	159	command_expiry_ms	9		lexical C definition; preprocessor branches not resolved
firmware/src/gateway_command.c	170	mix32	8		lexical C definition; preprocessor branches not resolved
firmware/src/gateway_command.c	180	extract_optional_u8	21	error_paths	lexical C definition; preprocessor branches not resolved
firmware/src/gateway_command.c	207	extract_optional_u16	21	error_paths	lexical C definition; preprocessor branches not resolved
firmware/src/gateway_command.c	234	extract_optional_u32	21	error_paths	lexical C definition; preprocessor branches not resolved
firmware/src/gateway_command.c	261	extract_required_u32	20	error_paths	lexical C definition; preprocessor branches not resolved
firmware/src/gateway_command.c	286	extract_expected_node_roster	33		lexical C definition; preprocessor branches not resolved
firmware/src/gateway_command.c	323	gateway_command_extract_id	21	error_paths	lexical C definition; preprocessor branches not resolved
firmware/src/gateway_command.c	348	gateway_command_uses_compact_scheduled_flood	9		lexical C definition; preprocessor branches not resolved
firmware/src/gateway_command.c	360	gateway_command_extract_options	163	error_paths	lexical C definition; preprocessor branches not resolved
firmware/src/gateway_command.c	527	gateway_command_rebind_broadcast_sequence	34	error_paths	lexical C definition; preprocessor branches not resolved
firmware/src/gateway_command.c	565	gateway_command_origin_ttl	4		lexical C definition; preprocessor branches not resolved
firmware/src/gateway_command.c	571	gateway_command_tracking_mode_from_options	15		lexical C definition; preprocessor branches not resolved
firmware/src/gateway_command.c	589	gateway_command_transport_mode_from_outbound	8		lexical C definition; preprocessor branches not resolved
firmware/src/gateway_command.c	600	gateway_command_resolve_collection_roster	72	error_paths	lexical C definition; preprocessor branches not resolved
firmware/src/gateway_command.c	680	gateway_command_receive_expired	10		lexical C definition; preprocessor branches not resolved
firmware/src/gateway_command.c	693	gateway_command_expiry_remaining_ms	9		lexical C definition; preprocessor branches not resolved
firmware/src/gateway_command.c	705	gateway_command_execute_delay_remaining_ms	7		lexical C definition; preprocessor branches not resolved
firmware/src/gateway_command.c	723	command_rx_serial_compare	12		lexical C definition; preprocessor branches not resolved
firmware/src/gateway_command.c	739	gateway_command_rx_duplicate_seen	16		lexical C definition; preprocessor branches not resolved
firmware/src/gateway_command.c	759	gateway_command_rx_duplicate_store	25		lexical C definition; preprocessor branches not resolved
firmware/src/gateway_command.c	789	gateway_command_applies_to_node	43		lexical C definition; preprocessor branches not resolved
firmware/src/gateway_command.c	838	gateway_command_collection_spread_ms	10		lexical C definition; preprocessor branches not resolved
firmware/src/gateway_command.c	850	gateway_command_collection_initial_due_ms	11		lexical C definition; preprocessor branches not resolved
firmware/src/gateway_command.c	867	gateway_command_collection_retry_spread_ms	14		lexical C definition; preprocessor branches not resolved
firmware/src/gateway_command.c	883	gateway_command_append_collection_result_identity	25	error_paths	lexical C definition; preprocessor branches not resolved
firmware/src/gateway_command.c	914	gateway_command_extract_role	29	error_paths	lexical C definition; preprocessor branches not resolved
firmware/src/gateway_command.c	947	gateway_command_extract_duration_ms	25	error_paths	lexical C definition; preprocessor branches not resolved
firmware/src/gateway_command.c	977	gateway_command_extract_budget_ms	26	error_paths	lexical C definition; preprocessor branches not resolved
firmware/src/gateway_command.c	1009	gateway_command_budget_window_ms	13		lexical C definition; preprocessor branches not resolved
firmware/src/gateway_command.c	1027	gateway_command_budget_weighted_window_ms	12		lexical C definition; preprocessor branches not resolved
firmware/src/gateway_command.c	1045	gateway_command_budget_retry_limit	12		lexical C definition; preprocessor branches not resolved
firmware/src/gateway_command.c	1061	gateway_command_prepare_outbound	71	error_paths	lexical C definition; preprocessor branches not resolved
firmware/src/gateway_command.c	1141	gateway_command_build_result	41	error_paths	lexical C definition; preprocessor branches not resolved
firmware/src/gateway_command.c	1193	gateway_command_pending_clear	5		lexical C definition; preprocessor branches not resolved
firmware/src/gateway_command.c	1200	gateway_command_pending_start	10		lexical C definition; preprocessor branches not resolved
firmware/src/gateway_command.c	1216	gateway_command_pending_start_until	25		lexical C definition; preprocessor branches not resolved
firmware/src/gateway_command.c	1248	gateway_command_pending_matches_result	11		lexical C definition; preprocessor branches not resolved
firmware/src/gateway_command.c	1262	gateway_command_result_admit	9		lexical C definition; preprocessor branches not resolved
firmware/src/gateway_command.c	1277	gateway_command_pending_claim_result	26	scheduling	lexical C definition; preprocessor branches not resolved
firmware/src/gateway_command.c	1311	gateway_command_pending_expired	14	scheduling	lexical C definition; preprocessor branches not resolved
firmware/src/gateway_command.c	1330	gateway_command_result_validation_clear	8		lexical C definition; preprocessor branches not resolved
firmware/src/gateway_command.c	1341	validation_token_in_use	11		lexical C definition; preprocessor branches not resolved
firmware/src/gateway_command.c	1356	gateway_command_result_validation_allocate	45	scheduling	lexical C definition; preprocessor branches not resolved
firmware/src/gateway_command.c	1408	gateway_command_result_validation_arm	4		lexical C definition; preprocessor branches not resolved
firmware/src/gateway_command.c	1418	gateway_command_result_validation_complete	31		lexical C definition; preprocessor branches not resolved
firmware/src/gateway_command.c	1454	gateway_command_result_validation_acquire	16	scheduling	lexical C definition; preprocessor branches not resolved
firmware/src/gateway_command.c	1477	gateway_command_result_validation_contains	19		lexical C definition; preprocessor branches not resolved
firmware/src/gateway_command.c	1503	gateway_command_result_validation_release	16		lexical C definition; preprocessor branches not resolved
firmware/src/gateway_command.c	1523	gateway_command_result_validation_check_interval	49	scheduling	lexical C definition; preprocessor branches not resolved
firmware/src/gateway_command.c	1579	gateway_command_result_validation_blocks_timeout	11		lexical C definition; preprocessor branches not resolved
firmware/src/gateway_command.c	1594	command_result_id_equal	8		lexical C definition; preprocessor branches not resolved
firmware/src/gateway_command.c	1605	gateway_collection_result_id_equal	5		lexical C definition; preprocessor branches not resolved
firmware/src/gateway_command.c	1614	gateway_collection_roster_validate	22		lexical C definition; preprocessor branches not resolved
firmware/src/gateway_command.c	1642	gateway_collection_node_expected	15		lexical C definition; preprocessor branches not resolved
firmware/src/gateway_command.c	1676	gateway_collection_staged_find	14		lexical C definition; preprocessor branches not resolved
firmware/src/gateway_command.c	1696	gateway_collection_staged_has_node	8		lexical C definition; preprocessor branches not resolved
firmware/src/gateway_command.c	1709	gateway_collection_payload_digest	4		lexical C definition; preprocessor branches not resolved
firmware/src/gateway_command.c	1718	gateway_collection_next_free_result_slot	13		lexical C definition; preprocessor branches not resolved
firmware/src/gateway_command.c	1736	gateway_collection_bundle_record_validate	29	error_paths	lexical C definition; preprocessor branches not resolved
firmware/src/gateway_command.c	1770	gateway_collection_entry_matches_id	8		lexical C definition; preprocessor branches not resolved
firmware/src/gateway_command.c	1783	result_bundle_first_record_offset	28		lexical C definition; preprocessor branches not resolved
firmware/src/gateway_command.c	1815	gateway_collection_refresh_open	6		lexical C definition; preprocessor branches not resolved
firmware/src/gateway_command.c	1823	gateway_collection_clear	5		lexical C definition; preprocessor branches not resolved
firmware/src/gateway_command.c	1830	gateway_collection_start	25		lexical C definition; preprocessor branches not resolved
firmware/src/gateway_command.c	1865	gateway_collection_set_expected_roster	32	error_paths	lexical C definition; preprocessor branches not resolved
firmware/src/gateway_command.c	1902	gateway_collection_contains_result	14		lexical C definition; preprocessor branches not resolved
firmware/src/gateway_command.c	1919	gateway_collection_has_node_result	14		lexical C definition; preprocessor branches not resolved
firmware/src/gateway_command.c	1936	gateway_collection_find_result	14		lexical C definition; preprocessor branches not resolved
firmware/src/gateway_command.c	1955	gateway_collection_record_result	8		lexical C definition; preprocessor branches not resolved
firmware/src/gateway_command.c	1969	gateway_collection_result_from_hop	101	error_paths	lexical C definition; preprocessor branches not resolved
firmware/src/gateway_command.c	2079	gateway_collection_record_result_from_hop	9		lexical C definition; preprocessor branches not resolved
firmware/src/gateway_command.c	2096	gateway_collection_preflight_result_from_hop	9		lexical C definition; preprocessor branches not resolved
firmware/src/gateway_command.c	2113	gateway_collection_record_bundle	9		lexical C definition; preprocessor branches not resolved
firmware/src/gateway_command.c	2129	gateway_collection_bundle_from_hop	184	error_paths	lexical C definition; preprocessor branches not resolved
firmware/src/gateway_command.c	2324	gateway_collection_record_bundle_from_hop	11		lexical C definition; preprocessor branches not resolved
firmware/src/gateway_command.c	2344	gateway_collection_preflight_bundle_from_hop	11		lexical C definition; preprocessor branches not resolved
firmware/src/gateway_command.c	2364	gateway_collection_preflight_bundle_projection_from_hop	14		lexical C definition; preprocessor branches not resolved
firmware/src/gateway_command.c	2386	gateway_collection_project_bundle_payload	109	error_paths	lexical C definition; preprocessor branches not resolved
firmware/src/gateway_command.c	2503	gateway_collection_return_candidates	36		lexical C definition; preprocessor branches not resolved
firmware/src/gateway_command.c	2543	gateway_collection_validate	58		lexical C definition; preprocessor branches not resolved
firmware/src/gateway_command.c	2604	gateway_collection_state_validate	5		lexical C definition; preprocessor branches not resolved
firmware/src/gateway_command.c	2612	gateway_collection_build_eack	34		lexical C definition; preprocessor branches not resolved
firmware/src/gateway_command.c	2650	gateway_collection_prepare_eack_outbound	53	error_paths	lexical C definition; preprocessor branches not resolved
firmware/src/gateway_command.c	2707	gateway_collection_prepare_missing_eack_outbound	74	error_paths	lexical C definition; preprocessor branches not resolved
firmware/src/gateway_command.c	2788	gateway_collection_eack_custody_capture	28	error_paths	lexical C definition; preprocessor branches not resolved
firmware/src/gateway_command.c	2822	gateway_collection_eack_custody_validate	20		lexical C definition; preprocessor branches not resolved
firmware/src/gateway_command.c	2845	gateway_collection_advance_retry_round	22		lexical C definition; preprocessor branches not resolved
firmware/src/gateway_membership.c	5	gateway_membership_put_u16	4		lexical C definition; preprocessor branches not resolved
firmware/src/gateway_membership.c	11	gateway_membership_put_u32	5		lexical C definition; preprocessor branches not resolved
firmware/src/gateway_membership.c	18	gateway_membership_put_u64	5		lexical C definition; preprocessor branches not resolved
firmware/src/gateway_membership.c	25	gateway_membership_get_u16	3		lexical C definition; preprocessor branches not resolved
firmware/src/gateway_membership.c	30	gateway_membership_get_u32	8		lexical C definition; preprocessor branches not resolved
firmware/src/gateway_membership.c	40	gateway_membership_get_u64	8		lexical C definition; preprocessor branches not resolved
firmware/src/gateway_membership.c	50	gateway_membership_snapshot_checksum	21		lexical C definition; preprocessor branches not resolved
firmware/src/gateway_membership.c	74	gateway_membership_snapshot_finalize	6		lexical C definition; preprocessor branches not resolved
firmware/src/gateway_membership.c	83	gateway_membership_commitment_is_zero	11		lexical C definition; preprocessor branches not resolved
firmware/src/gateway_membership.c	97	validate_dense_node_ids	21		lexical C definition; preprocessor branches not resolved
firmware/src/gateway_membership.c	121	validate_sparse_node_ids	38		lexical C definition; preprocessor branches not resolved
firmware/src/gateway_membership.c	164	validate_roster	12		lexical C definition; preprocessor branches not resolved
firmware/src/gateway_membership.c	178	valid_claim_mask	6		lexical C definition; preprocessor branches not resolved
firmware/src/gateway_membership.c	186	publication_is_zero	31		lexical C definition; preprocessor branches not resolved
firmware/src/gateway_membership.c	220	host_command_identity_valid	8		lexical C definition; preprocessor branches not resolved
firmware/src/gateway_membership.c	231	snapshot_publication_fields_zero	23		lexical C definition; preprocessor branches not resolved
firmware/src/gateway_membership.c	257	snapshot_restore_publication	51		lexical C definition; preprocessor branches not resolved
firmware/src/gateway_membership.c	312	snapshot_store_publication	22		lexical C definition; preprocessor branches not resolved
firmware/src/gateway_membership.c	338	validate_pending_publication	68	error_paths	lexical C definition; preprocessor branches not resolved
firmware/src/gateway_membership.c	413	validate_snapshot	68	error_paths;cleanup	lexical C definition; preprocessor branches not resolved
firmware/src/gateway_membership.c	484	gateway_membership_snapshot_encode	66		lexical C definition; preprocessor branches not resolved
firmware/src/gateway_membership.c	555	gateway_membership_snapshot_decode	74		lexical C definition; preprocessor branches not resolved
firmware/src/gateway_membership.c	634	gateway_membership_snapshot_semantically_equal	39		lexical C definition; preprocessor branches not resolved
firmware/src/gateway_membership.c	677	gateway_membership_snapshot_retire_publication	31		lexical C definition; preprocessor branches not resolved
firmware/src/gateway_membership.c	712	gateway_membership_clear	7		lexical C definition; preprocessor branches not resolved
firmware/src/gateway_membership.c	721	gateway_membership_set_roster_preserve_order	26	error_paths	lexical C definition; preprocessor branches not resolved
firmware/src/gateway_membership.c	753	gateway_membership_set_roster_explicit_slots	40		lexical C definition; preprocessor branches not resolved
firmware/src/gateway_membership.c	800	gateway_membership_export_node_ids_preserve_order	31	error_paths	lexical C definition; preprocessor branches not resolved
firmware/src/gateway_membership.c	838	gateway_membership_export_node_ids_with_slots	34	error_paths	lexical C definition; preprocessor branches not resolved
firmware/src/gateway_membership.c	880	gateway_membership_export_assignment_snapshot	44	error_paths	lexical C definition; preprocessor branches not resolved
firmware/src/gateway_membership.c	932	gateway_membership_restore_snapshot	14	error_paths	lexical C definition; preprocessor branches not resolved
firmware/src/gateway_membership.c	950	gateway_membership_snapshot_get_publication	17	error_paths;cleanup	lexical C definition; preprocessor branches not resolved
firmware/src/mesh.c	21	mesh_flood_copy_diversification_ms	18		lexical C definition; preprocessor branches not resolved
firmware/src/mesh.c	44	mesh_enumeration_relay_delay_ms	18		lexical C definition; preprocessor branches not resolved
firmware/src/mesh.c	66	mesh_packet_rf_channel_allowed	46		lexical C definition; preprocessor branches not resolved
firmware/src/mesh.c	121	mesh_exact_tlv_set_validate	43		lexical C definition; preprocessor branches not resolved
firmware/src/mesh.c	172	command_result_id_complete	6		lexical C definition; preprocessor branches not resolved
firmware/src/mesh.c	180	mesh_event_control_payload_validate	113	error_paths	lexical C definition; preprocessor branches not resolved
firmware/src/mesh.c	298	mesh_busy_payload_validate	137	error_paths	lexical C definition; preprocessor branches not resolved
firmware/src/mesh.c	441	mesh_command_result_payload_validate	78	error_paths	lexical C definition; preprocessor branches not resolved
firmware/src/mesh.c	525	mesh_tlv_payload_framing_validate	21		lexical C definition; preprocessor branches not resolved
firmware/src/mesh.c	549	mesh_click_report_payload_validate	44	error_paths	lexical C definition; preprocessor branches not resolved
firmware/src/mesh.c	598	mesh_result_bundle_payload_validate	96		lexical C definition; preprocessor branches not resolved
firmware/src/mesh.c	700	mesh_gateway_uplink_payload_validate	26		lexical C definition; preprocessor branches not resolved
firmware/src/mesh.c	732	mesh_packet_rx_semantics_validate	156		lexical C definition; preprocessor branches not resolved
firmware/src/mesh.c	895	mesh_packet_rx_envelope_validate	14		lexical C definition; preprocessor branches not resolved
firmware/src/mesh.c	918	ids_are_valid	3		lexical C definition; preprocessor branches not resolved
firmware/src/mesh.c	923	command_status_valid	3	error_paths	lexical C definition; preprocessor branches not resolved
firmware/src/mesh.c	928	event_control_type_valid	6		lexical C definition; preprocessor branches not resolved
firmware/src/mesh.c	936	time_reached	3		lexical C definition; preprocessor branches not resolved
firmware/src/mesh.c	941	time_until_deadline	6		lexical C definition; preprocessor branches not resolved
firmware/src/mesh.c	949	deadline_after	3		lexical C definition; preprocessor branches not resolved
firmware/src/mesh.c	954	compact_supervision_timeout_ms	9		lexical C definition; preprocessor branches not resolved
firmware/src/mesh.c	965	counter_add	10		lexical C definition; preprocessor branches not resolved
firmware/src/mesh.c	977	mesh_event_params_valid	8		lexical C definition; preprocessor branches not resolved
firmware/src/mesh.c	987	find_u8_tlv	15	error_paths	lexical C definition; preprocessor branches not resolved
firmware/src/mesh.c	1004	find_u16_tlv	15	error_paths	lexical C definition; preprocessor branches not resolved
firmware/src/mesh.c	1021	find_u32_tlv	15	error_paths	lexical C definition; preprocessor branches not resolved
firmware/src/mesh.c	1038	mesh_ch9_batch_metadata_parse	57		lexical C definition; preprocessor branches not resolved
firmware/src/mesh.c	1099	mesh_packet_semantic_digest	77	cleanup	lexical C definition; preprocessor branches not resolved
firmware/src/mesh.c	1182	mesh_append_ack_semantic_identity	26		lexical C definition; preprocessor branches not resolved
firmware/src/mesh.c	1216	mesh_ack_semantic_identity_at	55		lexical C definition; preprocessor branches not resolved
firmware/src/mesh.c	1277	ack_payload_diagnostic_lists	154		lexical C definition; preprocessor branches not resolved
firmware/src/mesh.c	1441	mesh_ack_payload_contains_packet	88	error_paths	lexical C definition; preprocessor branches not resolved
firmware/src/mesh.c	1538	mesh_ack_payload_contains	112		lexical C definition; preprocessor branches not resolved
firmware/src/mesh.c	1657	mesh_gateway_ack_confirmed_type	12		lexical C definition; preprocessor branches not resolved
firmware/src/mesh.c	1671	mesh_gateway_ack_confirmed_flags_valid	21		lexical C definition; preprocessor branches not resolved
firmware/src/mesh.c	1695	mesh_gateway_ack_confirm_payload_build	47		lexical C definition; preprocessor branches not resolved
firmware/src/mesh.c	1750	mesh_gateway_ack_confirm_payload_parse	53	error_paths	lexical C definition; preprocessor branches not resolved
firmware/src/mesh.c	1809	mesh_gateway_ack_confirm_identity_packet	27	error_paths	lexical C definition; preprocessor branches not resolved
firmware/src/mesh.c	1843	mesh_gateway_ack_confirm_matches_packet	32	error_paths	lexical C definition; preprocessor branches not resolved
firmware/src/mesh.c	1884	mesh_event_timing_negotiate	28		lexical C definition; preprocessor branches not resolved
firmware/src/mesh.c	1916	mesh_event_timing_usable	17		lexical C definition; preprocessor branches not resolved
firmware/src/mesh.c	1936	mesh_event_timing_set_local_first_slot_tx	11		lexical C definition; preprocessor branches not resolved
firmware/src/mesh.c	1950	mesh_event_timing_bind_proposal_session	9		lexical C definition; preprocessor branches not resolved
firmware/src/mesh.c	1963	mesh_event_timing_local_tx_slot	10		lexical C definition; preprocessor branches not resolved
firmware/src/mesh.c	1975	mesh_event_timing_local_rx_slot	3		lexical C definition; preprocessor branches not resolved
firmware/src/mesh.c	1980	mesh_event_guard_start_ms	10		lexical C definition; preprocessor branches not resolved
firmware/src/mesh.c	1992	mesh_event_timing_reanchor_after_control_tx	11		lexical C definition; preprocessor branches not resolved
firmware/src/mesh.c	2009	mesh_event_plan_channel9	71		lexical C definition; preprocessor branches not resolved
firmware/src/mesh.c	2085	mesh_event_plan_is_policy_deferral	4		lexical C definition; preprocessor branches not resolved
firmware/src/mesh.c	2091	mesh_event_note_success	12		lexical C definition; preprocessor branches not resolved
firmware/src/mesh.c	2106	mesh_event_note_unobserved_turn	10		lexical C definition; preprocessor branches not resolved
firmware/src/mesh.c	2119	mesh_event_note_observed_packet	13		lexical C definition; preprocessor branches not resolved
firmware/src/mesh.c	2136	mesh_event_note_missed	17		lexical C definition; preprocessor branches not resolved
firmware/src/mesh.c	2156	mesh_event_skip_elapsed	31		lexical C definition; preprocessor branches not resolved
firmware/src/mesh.c	2191	mesh_event_note_channel_switch	13		lexical C definition; preprocessor branches not resolved
firmware/src/mesh.c	2208	mesh_event_note_plan_action	15		lexical C definition; preprocessor branches not resolved
firmware/src/mesh.c	2226	mesh_event_note_report_latency	7		lexical C definition; preprocessor branches not resolved
firmware/src/mesh.c	2236	mesh_append_event_timing_tlvs_at	57	error_paths;scheduling	lexical C definition; preprocessor branches not resolved
firmware/src/mesh.c	2299	mesh_append_event_timing_tlvs	3		lexical C definition; preprocessor branches not resolved
firmware/src/mesh.c	2307	mesh_append_event_update_tlvs_at	16	error_paths	lexical C definition; preprocessor branches not resolved
firmware/src/mesh.c	2329	mesh_append_compact_event_timing_tlvs_at	29	error_paths;scheduling	lexical C definition; preprocessor branches not resolved
firmware/src/mesh.c	2364	mesh_event_timing_from_tlvs_at	117	error_paths;scheduling	lexical C definition; preprocessor branches not resolved
firmware/src/mesh.c	2487	mesh_event_timing_from_tlvs	7		lexical C definition; preprocessor branches not resolved
firmware/src/mesh.c	2499	mesh_init_event_control	22		lexical C definition; preprocessor branches not resolved
firmware/src/mesh.c	2529	mesh_append_requested_seq	3		lexical C definition; preprocessor branches not resolved
firmware/src/mesh.c	2537	mesh_append_command_id	3		lexical C definition; preprocessor branches not resolved
firmware/src/mesh.c	2545	mesh_append_command_result	17	error_paths	lexical C definition; preprocessor branches not resolved
firmware/src/mesh.c	2569	mesh_init_gateway_ack	21		lexical C definition; preprocessor branches not resolved
firmware/src/mesh.c	2597	mesh_init_gateway_ack_confirm	20		lexical C definition; preprocessor branches not resolved
firmware/src/mesh.c	2623	mesh_init_command	21		lexical C definition; preprocessor branches not resolved
firmware/src/mesh.c	2651	mesh_init_command_result	24		lexical C definition; preprocessor branches not resolved
firmware/src/mesh.c	2687	mesh_append_ack_flow_control	41	error_paths	lexical C definition; preprocessor branches not resolved
firmware/src/mesh.c	2733	mesh_ack_flow_control_parse	62	error_paths	lexical C definition; preprocessor branches not resolved
firmware/src/mesh.c	2800	mesh_ack_flow_control_is_dead_end	6		lexical C definition; preprocessor branches not resolved
firmware/src/mesh.c	2808	mesh_ack_flow_control_is_backpressure	8		lexical C definition; preprocessor branches not resolved
firmware/src/mesh.c	2819	mesh_batch_credit_from_free_slots	10		lexical C definition; preprocessor branches not resolved
firmware/src/mesh.c	2831	mesh_append_batch_pending	14		lexical C definition; preprocessor branches not resolved
firmware/src/mesh.c	2850	mesh_batch_pending_from_payload	21	error_paths	lexical C definition; preprocessor branches not resolved
firmware/src/mesh.c	2875	mesh_append_batch_remaining	13		lexical C definition; preprocessor branches not resolved
firmware/src/mesh.c	2893	mesh_batch_remaining_from_payload	21	error_paths	lexical C definition; preprocessor branches not resolved
firmware/src/mesh_event_owner.c	5	sequence_is_newer	5		lexical C definition; preprocessor branches not resolved
firmware/src/mesh_event_owner.c	12	session_is_newer	5		lexical C definition; preprocessor branches not resolved
firmware/src/mesh_event_owner.c	19	mesh_event_owner_proposal_boot_nonce	26	error_paths	lexical C definition; preprocessor branches not resolved
firmware/src/mesh_event_owner.c	49	mesh_event_owner_arbitrate_reciprocal_proposal	18		lexical C definition; preprocessor branches not resolved
firmware/src/mesh_event_owner.c	75	mesh_event_owner_retains_session	14		lexical C definition; preprocessor branches not resolved
firmware/src/mesh_event_owner.c	92	retire_current_session	25		lexical C definition; preprocessor branches not resolved
firmware/src/mesh_event_owner.c	119	mesh_event_owner_begin	8		lexical C definition; preprocessor branches not resolved
firmware/src/mesh_event_owner.c	133	mesh_event_owner_begin_with_boot_nonce	85		lexical C definition; preprocessor branches not resolved
firmware/src/mesh_event_owner.c	226	mesh_event_owner_bind_remote_proposal_digest	13		lexical C definition; preprocessor branches not resolved
firmware/src/mesh_event_owner.c	245	mesh_event_owner_next_local_sequence	13		lexical C definition; preprocessor branches not resolved
firmware/src/mesh_event_owner.c	261	classify_proposal	68		lexical C definition; preprocessor branches not resolved
firmware/src/mesh_event_owner.c	338	mesh_event_owner_classify_proposal	4		lexical C definition; preprocessor branches not resolved
firmware/src/mesh_event_owner.c	350	mesh_event_owner_classify_reciprocal_proposal	4		lexical C definition; preprocessor branches not resolved
firmware/src/mesh_event_owner.c	363	classify_owned_control	49		lexical C definition; preprocessor branches not resolved
firmware/src/mesh_event_owner.c	419	mesh_event_owner_classify	8		lexical C definition; preprocessor branches not resolved
firmware/src/mesh_event_owner.c	435	mesh_event_owner_classify_local	8		lexical C definition; preprocessor branches not resolved
firmware/src/mesh_event_owner.c	450	commit_owned_control	23		lexical C definition; preprocessor branches not resolved
firmware/src/mesh_event_owner.c	479	mesh_event_owner_commit	10		lexical C definition; preprocessor branches not resolved
firmware/src/mesh_event_owner.c	496	mesh_event_owner_commit_local	9		lexical C definition; preprocessor branches not resolved
firmware/src/mesh_event_owner.c	511	mesh_event_owner_abandon	7		lexical C definition; preprocessor branches not resolved
firmware/src/mesh_event_owner.c	520	mesh_event_owner_generation_matches	4		lexical C definition; preprocessor branches not resolved
firmware/src/mesh_event_owner_registry.c	6	deadline_reached	3		lexical C definition; preprocessor branches not resolved
firmware/src/mesh_event_owner_registry.c	11	mesh_event_owner_registry_valid	5		lexical C definition; preprocessor branches not resolved
firmware/src/mesh_event_owner_registry.c	19	mesh_event_owner_registry_reset	9		lexical C definition; preprocessor branches not resolved
firmware/src/mesh_event_owner_registry.c	31	mesh_event_owner_registry_find	12		lexical C definition; preprocessor branches not resolved
firmware/src/mesh_event_owner_registry.c	47	tombstone_for_rebind	17	scheduling	lexical C definition; preprocessor branches not resolved
firmware/src/mesh_event_owner_registry.c	69	owner_slot_for_begin	37		lexical C definition; preprocessor branches not resolved
firmware/src/mesh_event_owner_registry.c	112	mesh_event_owner_registry_can_begin	8		lexical C definition; preprocessor branches not resolved
firmware/src/mesh_event_owner_registry.c	125	mesh_event_owner_registry_begin	40	error_paths	lexical C definition; preprocessor branches not resolved
firmware/src/mesh_event_owner_registry.c	176	mesh_event_owner_registry_abandon	8		lexical C definition; preprocessor branches not resolved
firmware/src/mesh_event_owner_registry.c	188	mesh_event_owner_registry_origin_retained	15	scheduling	lexical C definition; preprocessor branches not resolved
firmware/src/mesh_event_owner_registry.c	208	proposal_arrived_in_retained_window	13	scheduling	lexical C definition; preprocessor branches not resolved
firmware/src/mesh_event_owner_registry.c	227	mesh_event_owner_registry_classify_proposal	19		lexical C definition; preprocessor branches not resolved
firmware/src/mesh_packet_age.c	5	saturating_add_ms	4		lexical C definition; preprocessor branches not resolved
firmware/src/mesh_packet_age.c	11	mesh_packet_age_at_air_arrival	10		lexical C definition; preprocessor branches not resolved
firmware/src/mesh_preemption.c	7	pending_message_age_at	12		lexical C definition; preprocessor branches not resolved
firmware/src/mesh_preemption.c	22	pending_expired_at	11		lexical C definition; preprocessor branches not resolved
firmware/src/mesh_preemption.c	36	pending_click_transferable	28		lexical C definition; preprocessor branches not resolved
firmware/src/mesh_preemption.c	67	copy_pending_click_report	24		lexical C definition; preprocessor branches not resolved
firmware/src/mesh_preemption.c	95	mesh_prepare_click_preemption	35		lexical C definition; preprocessor branches not resolved
firmware/src/mesh_relay.c	36	mesh_gateway_route_activation_encode	37		lexical C definition; preprocessor branches not resolved
firmware/src/mesh_relay.c	79	mesh_gateway_route_activation_decode	41		lexical C definition; preprocessor branches not resolved
firmware/src/mesh_relay.c	125	mesh_gateway_route_activation_wake_decode	23	error_paths	lexical C definition; preprocessor branches not resolved
firmware/src/mesh_relay.c	176	semantic_packet_digest_under_domain	36	cleanup	lexical C definition; preprocessor branches not resolved
firmware/src/mesh_relay.c	220	relay_digest_cache_matches	12		lexical C definition; preprocessor branches not resolved
firmware/src/mesh_relay.c	244	relay_semantic_packet_digest	42		lexical C definition; preprocessor branches not resolved
firmware/src/mesh_relay.c	293	route_reply_semantic_commitment	18		lexical C definition; preprocessor branches not resolved
firmware/src/mesh_relay.c	382	route_epoch_select_newer	14		lexical C definition; preprocessor branches not resolved
firmware/src/mesh_relay.c	429	mesh_relay_operation_policy_set_validate_complete	14		lexical C definition; preprocessor branches not resolved
firmware/src/mesh_relay.c	446	mesh_relay_operation_policy_encode_complete	29	error_paths	lexical C definition; preprocessor branches not resolved
firmware/src/mesh_relay.c	480	mesh_relay_operation_policy_parse_exact	63	error_paths	lexical C definition; preprocessor branches not resolved
firmware/src/mesh_relay.c	551	mesh_relay_operation_policy_append_exact	19		lexical C definition; preprocessor branches not resolved
firmware/src/mesh_relay.c	584	id_is_unicast	3		lexical C definition; preprocessor branches not resolved
firmware/src/mesh_relay.c	589	upstream_candidate_index	11	error_paths	lexical C definition; preprocessor branches not resolved
firmware/src/mesh_relay.c	603	find_upstream_candidate	16		lexical C definition; preprocessor branches not resolved
firmware/src/mesh_relay.c	624	upstream_candidate_ancestry	21		lexical C definition; preprocessor branches not resolved
firmware/src/mesh_relay.c	649	store_upstream_candidate_ancestry	53		lexical C definition; preprocessor branches not resolved
firmware/src/mesh_relay.c	709	restore_upstream_candidate_ancestry	9		lexical C definition; preprocessor branches not resolved
firmware/src/mesh_relay.c	723	clear_upstream_candidate_ancestry_at	9		lexical C definition; preprocessor branches not resolved
firmware/src/mesh_relay.c	735	clear_all_upstream_candidate_ancestry	8		lexical C definition; preprocessor branches not resolved
firmware/src/mesh_relay.c	745	relay_next_seq	7		lexical C definition; preprocessor branches not resolved
firmware/src/mesh_relay.c	754	result_reset	4		lexical C definition; preprocessor branches not resolved
firmware/src/mesh_relay.c	760	packet_age_add	6		lexical C definition; preprocessor branches not resolved
firmware/src/mesh_relay.c	768	jittered_delay_ms	3		lexical C definition; preprocessor branches not resolved
firmware/src/mesh_relay.c	773	retry_jittered_delay_ms	5		lexical C definition; preprocessor branches not resolved
firmware/src/mesh_relay.c	780	mix32	8		lexical C definition; preprocessor branches not resolved
firmware/src/mesh_relay.c	790	collection_retry_seed	8		lexical C definition; preprocessor branches not resolved
firmware/src/mesh_relay.c	804	result_offer_retry_base_ms	16		lexical C definition; preprocessor branches not resolved
firmware/src/mesh_relay.c	822	result_offer_retry_seed	12		lexical C definition; preprocessor branches not resolved
firmware/src/mesh_relay.c	840	result_offer_retry_delay_ms	26	error_paths	lexical C definition; preprocessor branches not resolved
firmware/src/mesh_relay.c	870	pending_busy_retry_delay_ms	32		lexical C definition; preprocessor branches not resolved
firmware/src/mesh_relay.c	906	route_request_ttl_for_attempt	18		lexical C definition; preprocessor branches not resolved
firmware/src/mesh_relay.c	926	route_discovery_slot_seed	9		lexical C definition; preprocessor branches not resolved
firmware/src/mesh_relay.c	940	gateway_route_adv_slot_seed	7		lexical C definition; preprocessor branches not resolved
firmware/src/mesh_relay.c	951	gateway_route_sender_seed	7		lexical C definition; preprocessor branches not resolved
firmware/src/mesh_relay.c	962	mesh_gateway_route_activation_start_offset_ms	13		lexical C definition; preprocessor branches not resolved
firmware/src/mesh_relay.c	979	mesh_gateway_route_adv_copy_offset_ms	19		lexical C definition; preprocessor branches not resolved
firmware/src/mesh_relay.c	1003	flood_forward_delay_ms	7		lexical C definition; preprocessor branches not resolved
firmware/src/mesh_relay.c	1014	flood_random_slotted_delay_ms	21		lexical C definition; preprocessor branches not resolved
firmware/src/mesh_relay.c	1039	flood_forward_total_delay_ms	16		lexical C definition; preprocessor branches not resolved
firmware/src/mesh_relay.c	1061	route_reply_earliest_tx_ms	6		lexical C definition; preprocessor branches not resolved
firmware/src/mesh_relay.c	1071	flood_identity_seed	12		lexical C definition; preprocessor branches not resolved
firmware/src/mesh_relay.c	1086	gateway_route_cost	3		lexical C definition; preprocessor branches not resolved
firmware/src/mesh_relay.c	1091	relay_active_channel9_timing_count	13		lexical C definition; preprocessor branches not resolved
firmware/src/mesh_relay.c	1106	relay_current_capacity_state	22		lexical C definition; preprocessor branches not resolved
firmware/src/mesh_relay.c	1130	relay_current_queue_free_hint	17		lexical C definition; preprocessor branches not resolved
firmware/src/mesh_relay.c	1149	relay_current_capacity_validity_interval_ms	5		lexical C definition; preprocessor branches not resolved
firmware/src/mesh_relay.c	1156	capacity_valid_until_ms	6		lexical C definition; preprocessor branches not resolved
firmware/src/mesh_relay.c	1164	relay_busy_retry_after_ms	14		lexical C definition; preprocessor branches not resolved
firmware/src/mesh_relay.c	1180	mesh_route_reply_nonce	12		lexical C definition; preprocessor branches not resolved
firmware/src/mesh_relay.c	1197	route_reply_metric_crc	39		lexical C definition; preprocessor branches not resolved
firmware/src/mesh_relay.c	1238	relay_diag_inc_u8	5		lexical C definition; preprocessor branches not resolved
firmware/src/mesh_relay.c	1245	ack_retry_backoff_base_ms	14		lexical C definition; preprocessor branches not resolved
firmware/src/mesh_relay.c	1266	mesh_relay_retry_backoff_ms	11		lexical C definition; preprocessor branches not resolved
firmware/src/mesh_relay.c	1279	mesh_relay_route_discovery_backoff_ms	18		lexical C definition; preprocessor branches not resolved
firmware/src/mesh_relay.c	1300	mesh_relay_collection_retry_delay_ms	17		lexical C definition; preprocessor branches not resolved
firmware/src/mesh_relay.c	1320	mesh_relay_note_route_reply_retry	6		lexical C definition; preprocessor branches not resolved
firmware/src/mesh_relay.c	1328	append_route_discovery_tlvs	106	error_paths	lexical C definition; preprocessor branches not resolved
firmware/src/mesh_relay.c	1439	find_u64_tlv	15	error_paths	lexical C definition; preprocessor branches not resolved
firmware/src/mesh_relay.c	1456	find_u32_tlv	15	error_paths	lexical C definition; preprocessor branches not resolved
firmware/src/mesh_relay.c	1473	find_u16_tlv	15	error_paths	lexical C definition; preprocessor branches not resolved
firmware/src/mesh_relay.c	1490	find_u8_tlv	15	error_paths	lexical C definition; preprocessor branches not resolved
firmware/src/mesh_relay.c	1507	flood_control_defaults	8		lexical C definition; preprocessor branches not resolved
firmware/src/mesh_relay.c	1517	parse_flood_control_tlvs	39	error_paths	lexical C definition; preprocessor branches not resolved
firmware/src/mesh_relay.c	1560	append_flood_control_tlvs	33	error_paths	lexical C definition; preprocessor branches not resolved
firmware/src/mesh_relay.c	1598	ensure_flood_control_tlvs	69	error_paths	lexical C definition; preprocessor branches not resolved
firmware/src/mesh_relay.c	1670	mesh_route_request_reply_rx_delay_ms	21		lexical C definition; preprocessor branches not resolved
firmware/src/mesh_relay.c	1694	mesh_route_request_set_reply_rx_delay_ms	25	error_paths	lexical C definition; preprocessor branches not resolved
firmware/src/mesh_relay.c	1722	combined_quality	15		lexical C definition; preprocessor branches not resolved
firmware/src/mesh_relay.c	1739	downlink_effective_cost	3		lexical C definition; preprocessor branches not resolved
firmware/src/mesh_relay.c	1744	mesh_relay_downlink_capacity	10		lexical C definition; preprocessor branches not resolved
firmware/src/mesh_relay.c	1756	mesh_relay_downlink_at	10		lexical C definition; preprocessor branches not resolved
firmware/src/mesh_relay.c	1770	downlink_at_mutable	3		lexical C definition; preprocessor branches not resolved
firmware/src/mesh_relay.c	1777	clear_all_downlinks	6		lexical C definition; preprocessor branches not resolved
firmware/src/mesh_relay.c	1785	commit_route_epoch_transition	25	cleanup	lexical C definition; preprocessor branches not resolved
firmware/src/mesh_relay.c	1815	route_dependents_empty	27		lexical C definition; preprocessor branches not resolved
firmware/src/mesh_relay.c	1844	mesh_relay_seed_route_freshness	21	cleanup	lexical C definition; preprocessor branches not resolved
firmware/src/mesh_relay.c	1870	mesh_relay_validate_configured_gateway_route	24	error_paths	lexical C definition; preprocessor branches not resolved
firmware/src/mesh_relay.c	1899	mesh_relay_upsert_configured_gateway_route	20	error_paths	lexical C definition; preprocessor branches not resolved
firmware/src/mesh_relay.c	1923	note_route_state_change	6		lexical C definition; preprocessor branches not resolved
firmware/src/mesh_relay.c	1934	downlink_index	18		lexical C definition; preprocessor branches not resolved
firmware/src/mesh_relay.c	1954	downlink_matches_discovery	11		lexical C definition; preprocessor branches not resolved
firmware/src/mesh_relay.c	1972	downlink_for_discovery	21		lexical C definition; preprocessor branches not resolved
firmware/src/mesh_relay.c	2001	downlink_backup_for_discovery	22		lexical C definition; preprocessor branches not resolved
firmware/src/mesh_relay.c	2032	downlink_same_key	8		lexical C definition; preprocessor branches not resolved
firmware/src/mesh_relay.c	2043	downlink_exact_index	11	error_paths	lexical C definition; preprocessor branches not resolved
firmware/src/mesh_relay.c	2057	downlink_is_better	28		lexical C definition; preprocessor branches not resolved
firmware/src/mesh_relay.c	2088	upsert_downlink	70		lexical C definition; preprocessor branches not resolved
firmware/src/mesh_relay.c	2162	upsert_required_gateway_downlink	31	error_paths	lexical C definition; preprocessor branches not resolved
firmware/src/mesh_relay.c	2197	duplicate_tracked	26		lexical C definition; preprocessor branches not resolved
firmware/src/mesh_relay.c	2225	duplicate_session_identity	38	cleanup	lexical C definition; preprocessor branches not resolved
firmware/src/mesh_relay.c	2274	broadcast_command_replay_classify	46		lexical C definition; preprocessor branches not resolved
firmware/src/mesh_relay.c	2329	broadcast_command_replay_store	52		lexical C definition; preprocessor branches not resolved
firmware/src/mesh_relay.c	2389	broadcast_command_replay_rollback	32		lexical C definition; preprocessor branches not resolved
firmware/src/mesh_relay.c	2431	duplicate_matches_identity	18		lexical C definition; preprocessor branches not resolved
firmware/src/mesh_relay.c	2453	duplicate_window_ms	8		lexical C definition; preprocessor branches not resolved
firmware/src/mesh_relay.c	2469	gateway_ack_history_applies	23		lexical C definition; preprocessor branches not resolved
firmware/src/mesh_relay.c	2495	gateway_ack_identity_valid	5		lexical C definition; preprocessor branches not resolved
firmware/src/mesh_relay.c	2503	gateway_ack_identity_candidate_bit	10		lexical C definition; preprocessor branches not resolved
firmware/src/mesh_relay.c	2517	gateway_ack_identity_set_candidate_bit	7		lexical C definition; preprocessor branches not resolved
firmware/src/mesh_relay.c	2528	gateway_ack_identity_clear_candidate_bit	7		lexical C definition; preprocessor branches not resolved
firmware/src/mesh_relay.c	2539	gateway_ack_identity_confirmed_bit	10		lexical C definition; preprocessor branches not resolved
firmware/src/mesh_relay.c	2553	gateway_ack_identity_set_confirmed_bit	7		lexical C definition; preprocessor branches not resolved
firmware/src/mesh_relay.c	2564	gateway_ack_identity_clear_confirmed_bit	7		lexical C definition; preprocessor branches not resolved
firmware/src/mesh_relay.c	2575	gateway_ack_identity_clear	11		lexical C definition; preprocessor branches not resolved
firmware/src/mesh_relay.c	2590	gateway_ack_identity_is_transition_reservation	14		lexical C definition; preprocessor branches not resolved
firmware/src/mesh_relay.c	2608	gateway_ack_identity_is_assignment_candidate	6		lexical C definition; preprocessor branches not resolved
firmware/src/mesh_relay.c	2618	gateway_ack_identity_owner_index	3		lexical C definition; preprocessor branches not resolved
firmware/src/mesh_relay.c	2624	gateway_ack_identity_matches_packet	7		lexical C definition; preprocessor branches not resolved
firmware/src/mesh_relay.c	2636	command_result_has_command_id	12		lexical C definition; preprocessor branches not resolved
firmware/src/mesh_relay.c	2652	gateway_ack_history_retention_ms_for	23		lexical C definition; preprocessor branches not resolved
firmware/src/mesh_relay.c	2680	gateway_ack_origin_valid	3		lexical C definition; preprocessor branches not resolved
firmware/src/mesh_relay.c	2687	gateway_ack_origin_clear	4		lexical C definition; preprocessor branches not resolved
firmware/src/mesh_relay.c	2706	gateway_ack_history_sweep_invalidate	5		lexical C definition; preprocessor branches not resolved
firmware/src/mesh_relay.c	2729	gateway_ack_history_expire_stale	48		lexical C definition; preprocessor branches not resolved
firmware/src/mesh_relay.c	2780	gateway_ack_history_origin_count	10		lexical C definition; preprocessor branches not resolved
firmware/src/mesh_relay.c	2793	gateway_ack_history_find_origin_index	14	error_paths	lexical C definition; preprocessor branches not resolved
firmware/src/mesh_relay.c	2811	gateway_ack_history_free_origin_index	13	error_paths	lexical C definition; preprocessor branches not resolved
firmware/src/mesh_relay.c	2827	gateway_ack_history_free_identity_index	8	error_paths	lexical C definition; preprocessor branches not resolved
firmware/src/mesh_relay.c	2838	gateway_ack_history_find_identity_index	10	error_paths	lexical C definition; preprocessor branches not resolved
firmware/src/mesh_relay.c	2853	gateway_ack_history_owner_count	12		lexical C definition; preprocessor branches not resolved
firmware/src/mesh_relay.c	2869	gateway_ack_history_ordinary_owner_count	12		lexical C definition; preprocessor branches not resolved
firmware/src/mesh_relay.c	2885	gateway_ack_history_overflow_count	25		lexical C definition; preprocessor branches not resolved
firmware/src/mesh_relay.c	2913	gateway_ack_history_owner_can_grow	12		lexical C definition; preprocessor branches not resolved
firmware/src/mesh_relay.c	2929	gateway_ack_history_transition_reservation_index	12	error_paths	lexical C definition; preprocessor branches not resolved
firmware/src/mesh_relay.c	2945	gateway_ack_history_assignment_candidate_identity_index	12	error_paths	lexical C definition; preprocessor branches not resolved
firmware/src/mesh_relay.c	2966	mesh_relay_reserve_gateway_ack_candidate	72		lexical C definition; preprocessor branches not resolved
firmware/src/mesh_relay.c	3042	mesh_relay_note_gateway_origin_reboot	37		lexical C definition; preprocessor branches not resolved
firmware/src/mesh_relay.c	3082	mesh_relay_reconcile_gateway_ack_membership	96		lexical C definition; preprocessor branches not resolved
firmware/src/mesh_relay.c	3183	gateway_ack_history_owner_replacement_index	27		lexical C definition; preprocessor branches not resolved
firmware/src/mesh_relay.c	3215	gateway_ack_history_seen	34		lexical C definition; preprocessor branches not resolved
firmware/src/mesh_relay.c	3255	mesh_relay_gateway_ack_confirm_history_match	49	error_paths	lexical C definition; preprocessor branches not resolved
firmware/src/mesh_relay.c	3311	gateway_ack_identity_confirmation_pending	14		lexical C definition; preprocessor branches not resolved
firmware/src/mesh_relay.c	3330	mesh_relay_gateway_delivery_confirmation_pending	27		lexical C definition; preprocessor branches not resolved
firmware/src/mesh_relay.c	3364	mesh_relay_gateway_identity_confirmation_pending	28		lexical C definition; preprocessor branches not resolved
firmware/src/mesh_relay.c	3400	mesh_relay_gateway_operation_confirmation_pending	20		lexical C definition; preprocessor branches not resolved
firmware/src/mesh_relay.c	3426	mesh_relay_gateway_origin_confirmation_pending	25		lexical C definition; preprocessor branches not resolved
firmware/src/mesh_relay.c	3456	gateway_ack_history_can_accept	86	error_paths	lexical C definition; preprocessor branches not resolved
firmware/src/mesh_relay.c	3549	gateway_ack_history_store	159	error_paths	lexical C definition; preprocessor branches not resolved
firmware/src/mesh_relay.c	3716	gateway_ack_history_confirm_packet	41		lexical C definition; preprocessor branches not resolved
firmware/src/mesh_relay.c	3763	gateway_ack_history_accept_generic	17	error_paths	lexical C definition; preprocessor branches not resolved
firmware/src/mesh_relay.c	3787	duplicate_expire_stale	12		lexical C definition; preprocessor branches not resolved
firmware/src/mesh_relay.c	3801	duplicate_classify	75		lexical C definition; preprocessor branches not resolved
firmware/src/mesh_relay.c	3883	duplicate_store	54		lexical C definition; preprocessor branches not resolved
firmware/src/mesh_relay.c	3943	duplicate_store_payload_identity	3		lexical C definition; preprocessor branches not resolved
firmware/src/mesh_relay.c	3952	mesh_relay_rollback_forward_admission	50		lexical C definition; preprocessor branches not resolved
firmware/src/mesh_relay.c	4009	duplicate_busy_response_due	42		lexical C definition; preprocessor branches not resolved
firmware/src/mesh_relay.c	4057	flood_seen_window_ms	4		lexical C definition; preprocessor branches not resolved
firmware/src/mesh_relay.c	4063	flood_seen_expire_stale	9		lexical C definition; preprocessor branches not resolved
firmware/src/mesh_relay.c	4074	flood_seen_matches_route_solicit	9		lexical C definition; preprocessor branches not resolved
firmware/src/mesh_relay.c	4087	flood_seen_find_route_solicit	8		lexical C definition; preprocessor branches not resolved
firmware/src/mesh_relay.c	4100	flood_seen_alloc_or_replace	15		lexical C definition; preprocessor branches not resolved
firmware/src/mesh_relay.c	4118	flood_metric_is_better	7		lexical C definition; preprocessor branches not resolved
firmware/src/mesh_relay.c	4127	route_solicit_metric	3		lexical C definition; preprocessor branches not resolved
firmware/src/mesh_relay.c	4132	route_solicit_flood_note	53		lexical C definition; preprocessor branches not resolved
firmware/src/mesh_relay.c	4194	route_solicit_forward_allowed	6		lexical C definition; preprocessor branches not resolved
firmware/src/mesh_relay.c	4202	build_route_request_forward	43	error_paths	lexical C definition; preprocessor branches not resolved
firmware/src/mesh_relay.c	4252	command_result_id_matches	9		lexical C definition; preprocessor branches not resolved
firmware/src/mesh_relay.c	4264	command_result_id_is_well_formed	9		lexical C definition; preprocessor branches not resolved
firmware/src/mesh_relay.c	4276	result_offer_reservation_clear	7		lexical C definition; preprocessor branches not resolved
firmware/src/mesh_relay.c	4285	result_offer_reservation_expire	20	scheduling	lexical C definition; preprocessor branches not resolved
firmware/src/mesh_relay.c	4308	result_offer_reservation_matches_offer	15		lexical C definition; preprocessor branches not resolved
firmware/src/mesh_relay.c	4328	result_offer_reserve	25		lexical C definition; preprocessor branches not resolved
firmware/src/mesh_relay.c	4358	result_offer_reservation_matches_payload	35	error_paths	lexical C definition; preprocessor branches not resolved
firmware/src/mesh_relay.c	4399	build_result_offer_from_pending	61	error_paths	lexical C definition; preprocessor branches not resolved
firmware/src/mesh_relay.c	4465	outbound_from_pending	55	error_paths	lexical C definition; preprocessor branches not resolved
firmware/src/mesh_relay.c	4525	pending_refresh_age	5		lexical C definition; preprocessor branches not resolved
firmware/src/mesh_relay.c	4532	pending_set_deadlines	3		lexical C definition; preprocessor branches not resolved
firmware/src/mesh_relay_channel9.c	9	id_is_unicast	3		lexical C definition; preprocessor branches not resolved
firmware/src/mesh_relay_channel9.c	14	relay_channel9_timing_index	9	error_paths	lexical C definition; preprocessor branches not resolved
firmware/src/mesh_relay_channel9.c	26	free_event_timing_index	8	error_paths	lexical C definition; preprocessor branches not resolved
firmware/src/mesh_relay_channel9.c	36	channel9_peer_direction	32		lexical C definition; preprocessor branches not resolved
firmware/src/mesh_relay_channel9.c	72	channel9_direction_valid	4		lexical C definition; preprocessor branches not resolved
firmware/src/mesh_relay_channel9.c	78	channel9_entry_direction	12		lexical C definition; preprocessor branches not resolved
firmware/src/mesh_relay_channel9.c	94	channel9_guard_reset	5	error_paths	lexical C definition; preprocessor branches not resolved
firmware/src/mesh_relay_channel9.c	101	relay_channel9_plan_misses_event	3		lexical C definition; preprocessor branches not resolved
firmware/src/mesh_relay_channel9.c	106	greatest_common_divisor	9		lexical C definition; preprocessor branches not resolved
firmware/src/mesh_relay_channel9.c	117	channel9_timing_shape_valid	11		lexical C definition; preprocessor branches not resolved
firmware/src/mesh_relay_channel9.c	130	channel9_timings_conflict	42		lexical C definition; preprocessor branches not resolved
firmware/src/mesh_relay_channel9.c	175	mesh_relay_set_channel9_timing	33		lexical C definition; preprocessor branches not resolved
firmware/src/mesh_relay_channel9.c	212	mesh_relay_check_channel9_timing_guarded_direction	84	error_paths;cleanup	lexical C definition; preprocessor branches not resolved
firmware/src/mesh_relay_channel9.c	304	mesh_relay_set_channel9_timing_guarded_direction	20	error_paths	lexical C definition; preprocessor branches not resolved
firmware/src/mesh_relay_channel9.c	332	mesh_relay_set_channel9_timing_guarded	18		lexical C definition; preprocessor branches not resolved
firmware/src/mesh_relay_channel9.c	356	mesh_relay_clear_channel9_timing	18		lexical C definition; preprocessor branches not resolved
firmware/src/mesh_relay_channel9.c	377	mesh_relay_abandon_transit_reservations	35		lexical C definition; preprocessor branches not resolved
firmware/src/mesh_relay_custody.inc	5	deadline_reached	3		lexical C definition; preprocessor branches not resolved
firmware/src/mesh_relay_custody.inc	10	result_bundle_clear	5		lexical C definition; preprocessor branches not resolved
firmware/src/mesh_relay_custody.inc	17	collection_epoch_id_from_payload	23	error_paths	lexical C definition; preprocessor branches not resolved
firmware/src/mesh_relay_custody.inc	44	outbox_packet_id_for	9		lexical C definition; preprocessor branches not resolved
firmware/src/mesh_relay_custody.inc	55	outbox_age_from_pending	3		lexical C definition; preprocessor branches not resolved
firmware/src/mesh_relay_custody.inc	61	outbox_selected_parent_index	12		lexical C definition; preprocessor branches not resolved
firmware/src/mesh_relay_custody.inc	76	mesh_relay_outbox_expiry_s_for_packet	26		lexical C definition; preprocessor branches not resolved
firmware/src/mesh_relay_custody.inc	107	outbox_delivery_state_for	15		lexical C definition; preprocessor branches not resolved
firmware/src/mesh_relay_custody.inc	125	pending_has_valid_command_result_id	15		lexical C definition; preprocessor branches not resolved
firmware/src/mesh_relay_custody.inc	143	outbox_should_track_pending	11		lexical C definition; preprocessor branches not resolved
firmware/src/mesh_relay_custody.inc	157	pending_is_generic_transit_gateway_packet	15		lexical C definition; preprocessor branches not resolved
firmware/src/mesh_relay_custody.inc	176	pending_is_gateway_ack_confirm	12		lexical C definition; preprocessor branches not resolved
firmware/src/mesh_relay_custody.inc	192	pending_is_local_gateway_host_packet	15		lexical C definition; preprocessor branches not resolved
firmware/src/mesh_relay_custody.inc	211	pending_is_local_collection_result	11		lexical C definition; preprocessor branches not resolved
firmware/src/mesh_relay_custody.inc	225	pending_is_forwarded_command_result	7		lexical C definition; preprocessor branches not resolved
firmware/src/mesh_relay_custody.inc	235	pending_is_assignment_response	12		lexical C definition; preprocessor branches not resolved
firmware/src/mesh_relay_custody.inc	251	packet_uses_report_hop_custody	16		lexical C definition; preprocessor branches not resolved
firmware/src/mesh_relay_custody.inc	271	pending_uses_next_hop_custody	6		lexical C definition; preprocessor branches not resolved
firmware/src/mesh_relay_custody.inc	281	pending_is_result_bundle	22		lexical C definition; preprocessor branches not resolved
firmware/src/mesh_relay_custody.inc	306	outbox_record_clear	3		lexical C definition; preprocessor branches not resolved
firmware/src/mesh_relay_custody.inc	311	outbox_record_sync_age_from_pending	6		lexical C definition; preprocessor branches not resolved
firmware/src/mesh_relay_custody.inc	320	outbox_record_track_pending	48		lexical C definition; preprocessor branches not resolved
firmware/src/mesh_relay_custody.inc	371	outbox_record_mark_gateway_acked	9		lexical C definition; preprocessor branches not resolved
firmware/src/mesh_relay_custody.inc	383	outbox_record_mark_collection_retry	9		lexical C definition; preprocessor branches not resolved
firmware/src/mesh_relay_custody.inc	396	outbox_record_mark_collection_retry_round	9		lexical C definition; preprocessor branches not resolved
firmware/src/mesh_relay_custody.inc	409	outbox_record_mark_collection_closed	10		lexical C definition; preprocessor branches not resolved
firmware/src/mesh_relay_custody.inc	423	outbox_record_is_expired	14		lexical C definition; preprocessor branches not resolved
firmware/src/mesh_relay_custody.inc	439	outbox_record_note_result_offer_sent	15		lexical C definition; preprocessor branches not resolved
firmware/src/mesh_relay_custody.inc	457	result_offer_absolute_expiry_ms	18		lexical C definition; preprocessor branches not resolved
firmware/src/mesh_relay_custody.inc	478	result_offer_clip_retry_at_ms	9	scheduling	lexical C definition; preprocessor branches not resolved
firmware/src/mesh_relay_custody.inc	490	result_offer_finish_terminal	22		lexical C definition; preprocessor branches not resolved
firmware/src/mesh_relay_custody.inc	519	outbox_record_mark_custody_accepted	9		lexical C definition; preprocessor branches not resolved
firmware/src/mesh_relay_custody.inc	532	pending_transfer_next_hop_custody	10		lexical C definition; preprocessor branches not resolved
firmware/src/mesh_relay_custody.inc	553	pending_state_retryable_for_deferral	6		lexical C definition; preprocessor branches not resolved
firmware/src/mesh_relay_custody.inc	562	pending_expired_for_deferral	14		lexical C definition; preprocessor branches not resolved
firmware/src/mesh_relay_custody.inc	579	preserve_pending_gateway_result	28		lexical C definition; preprocessor branches not resolved
firmware/src/mesh_relay_custody.inc	611	preserve_local_pending_after_parent_loss	27		lexical C definition; preprocessor branches not resolved
firmware/src/mesh_relay_custody.inc	642	collection_retry_base_for_round	15		lexical C definition; preprocessor branches not resolved
firmware/src/mesh_relay_custody.inc	659	schedule_pending_collection_retry	45	error_paths	lexical C definition; preprocessor branches not resolved
firmware/src/mesh_relay_custody.inc	709	result_bundle_key_matches	7		lexical C definition; preprocessor branches not resolved
firmware/src/mesh_relay_custody.inc	720	result_bundle_entry_classify	16		lexical C definition; preprocessor branches not resolved
firmware/src/mesh_relay_custody.inc	741	command_result_can_bundle	27	error_paths	lexical C definition; preprocessor branches not resolved
firmware/src/mesh_relay_custody.inc	775	result_bundle_ready_to_flush	7	scheduling	lexical C definition; preprocessor branches not resolved
firmware/src/mesh_relay_custody.inc	785	result_bundle_enqueue_command_result	57	error_paths	lexical C definition; preprocessor branches not resolved
firmware/src/mesh_relay_custody.inc	850	result_bundle_build_outbound	101	error_paths	lexical C definition; preprocessor branches not resolved
firmware/src/mesh_relay_custody.inc	955	pending_ack_matches	70	error_paths	lexical C definition; preprocessor branches not resolved
firmware/src/mesh_relay_custody.inc	1032	gateway_ack_targets_pending_transit_origin	7		lexical C definition; preprocessor branches not resolved
firmware/src/mesh_relay_custody.inc	1044	gateway_ack_exactly_targets_pending_transit_origin	12		lexical C definition; preprocessor branches not resolved
firmware/src/mesh_relay_custody.inc	1063	gateway_ack_exactly_targets_pending_transit_confirm	33	cleanup	lexical C definition; preprocessor branches not resolved
firmware/src/mesh_relay_custody.inc	1104	refresh_downlink	14		lexical C definition; preprocessor branches not resolved
firmware/src/mesh_relay_custody.inc	1129	relay_append_ack_semantic_identity	27		lexical C definition; preprocessor branches not resolved
firmware/src/mesh_relay_custody.inc	1165	build_gateway_ack	63	error_paths;cleanup	lexical C definition; preprocessor branches not resolved
firmware/src/mesh_relay_custody.inc	1236	build_hop_ack	58	error_paths	lexical C definition; preprocessor branches not resolved
firmware/src/mesh_relay_custody.inc	1302	parse_relay_busy_tlvs	49	error_paths	lexical C definition; preprocessor branches not resolved
firmware/src/mesh_relay_custody.inc	1355	build_busy_response	123	error_paths	lexical C definition; preprocessor branches not resolved
firmware/src/mesh_relay_custody.inc	1486	add_busy_action	20		lexical C definition; preprocessor branches not resolved
firmware/src/mesh_relay_custody.inc	1513	build_result_offer_busy_response	57	error_paths	lexical C definition; preprocessor branches not resolved
firmware/src/mesh_relay_custody.inc	1576	build_result_grant_response	38	error_paths	lexical C definition; preprocessor branches not resolved
firmware/src/mesh_relay_custody.inc	1620	handle_result_offer	70	error_paths	lexical C definition; preprocessor branches not resolved
firmware/src/mesh_relay_custody.inc	1698	handle_result_grant	64	error_paths;scheduling	lexical C definition; preprocessor branches not resolved
firmware/src/mesh_relay_custody.inc	1771	handle_local_busy	86	error_paths	lexical C definition; preprocessor branches not resolved
firmware/src/mesh_relay_custody.inc	1875	next_gateway_ack_forward_owner_generation	11		lexical C definition; preprocessor branches not resolved
firmware/src/mesh_relay_custody.inc	1889	pending_can_generate_gateway_ack_confirm	26		lexical C definition; preprocessor branches not resolved
firmware/src/mesh_relay_custody.inc	1919	pending_requires_gateway_ack_confirm	10		lexical C definition; preprocessor branches not resolved
firmware/src/mesh_relay_custody.inc	1933	mesh_relay_pending_gateway_ack_confirm_wire	52	error_paths;cleanup	lexical C definition; preprocessor branches not resolved
firmware/src/mesh_relay_custody.inc	1993	pending_gateway_ack_confirm_recovery_due	9	scheduling	lexical C definition; preprocessor branches not resolved
firmware/src/mesh_relay_custody.inc	2006	pending_recover_original_after_gateway_ack_confirm	22		lexical C definition; preprocessor branches not resolved
firmware/src/mesh_relay_custody.inc	2032	pending_recover_original_after_new_gateway_epoch	13	cleanup	lexical C definition; preprocessor branches not resolved
firmware/src/mesh_relay_custody.inc	2049	pending_transition_to_gateway_ack_confirm	46		lexical C definition; preprocessor branches not resolved
firmware/src/mesh_relay_custody.inc	2099	handle_local_ack	253	error_paths	lexical C definition; preprocessor branches not resolved
firmware/src/mesh_relay_custody.inc	2361	mesh_relay_commit_next_hop_custody_terminal	35		lexical C definition; preprocessor branches not resolved
firmware/src/mesh_relay_custody.inc	2401	mesh_relay_commit_gateway_ack_confirm_terminal	51	error_paths	lexical C definition; preprocessor branches not resolved
firmware/src/mesh_relay_custody.inc	2459	mesh_relay_commit_terminal_release	46		lexical C definition; preprocessor branches not resolved
firmware/src/mesh_relay_custody.inc	2511	mesh_relay_commit_transit_gateway_ack_forward	62	error_paths	lexical C definition; preprocessor branches not resolved
firmware/src/mesh_relay_custody.inc	2579	mesh_relay_release_topology_gateway_ack_forward	11	error_paths	lexical C definition; preprocessor branches not resolved
firmware/src/mesh_relay_custody.inc	2595	build_forward	67	error_paths	lexical C definition; preprocessor branches not resolved
firmware/src/mesh_relay_custody.inc	2671	packet_needs_forward	3		lexical C definition; preprocessor branches not resolved
firmware/src/mesh_relay_custody.inc	2676	gateway_targeted_control_can_forward_independently	22		lexical C definition; preprocessor branches not resolved
firmware/src/mesh_relay_custody.inc	2703	mesh_relay_packet_requires_channel9_payload_event	20		lexical C definition; preprocessor branches not resolved
firmware/src/mesh_relay_custody.inc	2726	mesh_relay_packet_can_queue_gateway_report	17		lexical C definition; preprocessor branches not resolved
firmware/src/mesh_relay_custody.inc	2747	tlv_u32_nonzero	12		lexical C definition; preprocessor branches not resolved
firmware/src/mesh_relay_custody.inc	2761	tlv_u16_nonzero	12		lexical C definition; preprocessor branches not resolved
firmware/src/mesh_relay_custody.inc	2775	command_flood_broadcast_valid	59	error_paths	lexical C definition; preprocessor branches not resolved
firmware/src/mesh_relay_custody.inc	2841	command_packet_envelope_valid	40		lexical C definition; preprocessor branches not resolved
firmware/src/mesh_relay_custody.inc	2894	gateway_bound_packet_flags_valid	27		lexical C definition; preprocessor branches not resolved
firmware/src/mesh_relay_custody.inc	2925	collection_eack_broadcast_valid	31	cleanup	lexical C definition; preprocessor branches not resolved
firmware/src/mesh_relay_custody.inc	2961	collection_eack_rx_envelope_valid	20		lexical C definition; preprocessor branches not resolved
firmware/src/mesh_relay_custody.inc	2989	handle_collection_eack_for_pending	187	error_paths;cleanup	lexical C definition; preprocessor branches not resolved
firmware/src/mesh_relay_custody.inc	3184	broadcast_packet_needs_forward	10		lexical C definition; preprocessor branches not resolved
firmware/src/mesh_relay_custody.inc	3199	build_broadcast_forward	77	error_paths;scheduling	lexical C definition; preprocessor branches not resolved
firmware/src/mesh_relay_custody.inc	3284	add_gateway_ack_action	22		lexical C definition; preprocessor branches not resolved
firmware/src/mesh_relay_custody.inc	3314	gateway_delivery_requires_commit	20		lexical C definition; preprocessor branches not resolved
firmware/src/mesh_relay_custody.inc	3338	gateway_collection_duplicate_requires_redelivery	15		lexical C definition; preprocessor branches not resolved
firmware/src/mesh_relay_custody.inc	3358	mesh_relay_commit_gateway_delivery	86	error_paths;cleanup	lexical C definition; preprocessor branches not resolved
firmware/src/mesh_relay_custody.inc	3452	mesh_relay_commit_anchor_command_delivery	15		lexical C definition; preprocessor branches not resolved
firmware/src/mesh_relay_custody.inc	3474	add_hop_ack_action	14		lexical C definition; preprocessor branches not resolved
firmware/src/mesh_relay_custody.inc	3496	add_route_reply_backup	34		lexical C definition; preprocessor branches not resolved
firmware/src/mesh_relay_custody.inc	3536	upsert_reactive_route	97	error_paths	lexical C definition; preprocessor branches not resolved
firmware/src/mesh_relay_custody.inc	3652	rollback_reactive_route	18		lexical C definition; preprocessor branches not resolved
firmware/src/mesh_relay_delivery.inc	3	outbox_snapshot_validate	92		lexical C definition; preprocessor branches not resolved
firmware/src/mesh_relay_delivery.inc	98	outbox_snapshot_restore_retry_delay_ms	10	scheduling	lexical C definition; preprocessor branches not resolved
firmware/src/mesh_relay_delivery.inc	112	mesh_relay_export_outbox_snapshot	31		lexical C definition; preprocessor branches not resolved
firmware/src/mesh_relay_delivery.inc	147	mesh_relay_restore_outbox_snapshot	69	error_paths;cleanup	lexical C definition; preprocessor branches not resolved
firmware/src/mesh_relay_delivery.inc	220	child_custody_bundle_validate	57		lexical C definition; preprocessor branches not resolved
firmware/src/mesh_relay_delivery.inc	281	child_custody_reservation_validate	19		lexical C definition; preprocessor branches not resolved
firmware/src/mesh_relay_delivery.inc	304	child_custody_snapshot_validate	26	error_paths	lexical C definition; preprocessor branches not resolved
firmware/src/mesh_relay_delivery.inc	334	mesh_relay_export_child_custody_snapshot	31	error_paths	lexical C definition; preprocessor branches not resolved
firmware/src/mesh_relay_delivery.inc	370	mesh_relay_restore_child_custody_snapshot	41	error_paths;scheduling	lexical C definition; preprocessor branches not resolved
firmware/src/mesh_relay_delivery.inc	416	mesh_relay_cancel_tx	6		lexical C definition; preprocessor branches not resolved
firmware/src/mesh_relay_delivery.inc	424	mesh_relay_defer_tx	11		lexical C definition; preprocessor branches not resolved
firmware/src/mesh_relay_delivery.inc	439	mesh_relay_can_defer_tx	10		lexical C definition; preprocessor branches not resolved
firmware/src/mesh_relay_delivery.inc	451	pending_original_exactly_matches_outbound	20		lexical C definition; preprocessor branches not resolved
firmware/src/mesh_relay_delivery.inc	475	pending_transient_confirm_matches_outbound	29		lexical C definition; preprocessor branches not resolved
firmware/src/mesh_relay_delivery.inc	509	pending_matches_outbound	20		lexical C definition; preprocessor branches not resolved
firmware/src/mesh_relay_delivery.inc	533	mesh_relay_cancel_tx_if_matches	10	cleanup	lexical C definition; preprocessor branches not resolved
firmware/src/mesh_relay_delivery.inc	546	mesh_relay_bind_transit_previous_hop	19		lexical C definition; preprocessor branches not resolved
firmware/src/mesh_relay_delivery.inc	570	commit_retained_transit_reverse_route	54	error_paths	lexical C definition; preprocessor branches not resolved
firmware/src/mesh_relay_delivery.inc	630	transit_reverse_route_outbound_valid	9		lexical C definition; preprocessor branches not resolved
firmware/src/mesh_relay_delivery.inc	643	mesh_relay_commit_transit_reverse_route	10		lexical C definition; preprocessor branches not resolved
firmware/src/mesh_relay_delivery.inc	658	mesh_relay_commit_queued_transit_reverse_route	4		lexical C definition; preprocessor branches not resolved
firmware/src/mesh_relay_delivery.inc	668	mesh_relay_defer_pending_retry	23		lexical C definition; preprocessor branches not resolved
firmware/src/mesh_relay_delivery.inc	694	mesh_relay_note_retransmit_deferred	12		lexical C definition; preprocessor branches not resolved
firmware/src/mesh_relay_delivery.inc	710	mesh_relay_start_tx	53	error_paths;scheduling	lexical C definition; preprocessor branches not resolved
firmware/src/mesh_relay_delivery.inc	770	mesh_relay_start_result_offer	59	error_paths	lexical C definition; preprocessor branches not resolved
firmware/src/mesh_relay_delivery.inc	836	mesh_relay_retain_channel9_tx_wait	29	error_paths;cleanup	lexical C definition; preprocessor branches not resolved
firmware/src/mesh_relay_delivery.inc	873	mesh_relay_start_channel9_tx	50	error_paths	lexical C definition; preprocessor branches not resolved
firmware/src/mesh_relay_delivery.inc	932	mesh_relay_note_channel9_success	20		lexical C definition; preprocessor branches not resolved
firmware/src/mesh_relay_delivery.inc	956	mesh_relay_note_channel9_unobserved_turn	15		lexical C definition; preprocessor branches not resolved
firmware/src/mesh_relay_delivery.inc	975	mesh_relay_note_channel9_rx	14		lexical C definition; preprocessor branches not resolved
firmware/src/mesh_relay_delivery.inc	994	mesh_relay_note_channel9_missed	12		lexical C definition; preprocessor branches not resolved
firmware/src/mesh_relay_delivery.inc	1010	mesh_relay_note_tx_sent	45	scheduling	lexical C definition; preprocessor branches not resolved
firmware/src/mesh_relay_delivery.inc	1059	mesh_relay_note_gateway_ack_window_elapsed	26	scheduling	lexical C definition; preprocessor branches not resolved
firmware/src/mesh_relay_delivery.inc	1089	mesh_relay_note_delivery_failure_at	29		lexical C definition; preprocessor branches not resolved
firmware/src/mesh_relay_delivery.inc	1122	schedule_pending_parent_failure	92		lexical C definition; preprocessor branches not resolved
firmware/src/mesh_relay_delivery.inc	1220	mesh_relay_note_pending_parent_failure	12	cleanup	lexical C definition; preprocessor branches not resolved
firmware/src/mesh_relay_delivery.inc	1237	mesh_relay_note_pending_parent_failure_status	20	scheduling	lexical C definition; preprocessor branches not resolved
firmware/src/mesh_relay_delivery.inc	1263	mesh_relay_tick_with_random	218	error_paths;cleanup;scheduling	lexical C definition; preprocessor branches not resolved
firmware/src/mesh_relay_delivery.inc	1486	mesh_relay_tick	3		lexical C definition; preprocessor branches not resolved
firmware/src/mesh_relay_delivery.inc	1493	mesh_relay_handle_rx	11		lexical C definition; preprocessor branches not resolved
firmware/src/mesh_relay_delivery.inc	1513	late_gateway_ack_can_forward_independently	21		lexical C definition; preprocessor branches not resolved
firmware/src/mesh_relay_delivery.inc	1540	gateway_ack_confirm_can_forward_independently	24		lexical C definition; preprocessor branches not resolved
firmware/src/mesh_relay_delivery.inc	1570	handle_retained_pending_retry	49	error_paths	lexical C definition; preprocessor branches not resolved
firmware/src/mesh_relay_delivery.inc	1628	mesh_relay_handle_rx_with_random	13		lexical C definition; preprocessor branches not resolved
firmware/src/mesh_relay_delivery.inc	1651	mesh_relay_handle_rx_with_random_radio	849	error_paths;cleanup;scheduling	lexical C definition; preprocessor branches not resolved
firmware/src/mesh_relay_flow.inc	16	relay_upstream_candidate_mutable	15		lexical C definition; preprocessor branches not resolved
firmware/src/mesh_relay_flow.inc	35	mesh_relay_local_depth	21		lexical C definition; preprocessor branches not resolved
firmware/src/mesh_relay_flow.inc	58	mesh_relay_poison_upstream	6		lexical C definition; preprocessor branches not resolved
firmware/src/mesh_relay_flow.inc	66	mesh_relay_upstream_poisoned	3		lexical C definition; preprocessor branches not resolved
firmware/src/mesh_relay_flow.inc	72	relay_clear_upstream_poison	5		lexical C definition; preprocessor branches not resolved
firmware/src/mesh_relay_flow.inc	79	mesh_relay_depth_is_forwardable	18		lexical C definition; preprocessor branches not resolved
firmware/src/mesh_relay_flow.inc	105	mesh_relay_set_local_free_slots	9		lexical C definition; preprocessor branches not resolved
firmware/src/mesh_relay_flow.inc	117	mesh_relay_local_credit	18		lexical C definition; preprocessor branches not resolved
firmware/src/mesh_relay_flow.inc	138	relay_ack_flow_control	7		lexical C definition; preprocessor branches not resolved
firmware/src/mesh_relay_flow.inc	153	relay_jittered_retry_after_ms	13		lexical C definition; preprocessor branches not resolved
firmware/src/mesh_relay_flow.inc	169	mesh_relay_build_backpressure_ack	83	error_paths;cleanup	lexical C definition; preprocessor branches not resolved
firmware/src/mesh_relay_flow.inc	265	relay_flow_ack_answers_pending	27		lexical C definition; preprocessor branches not resolved
firmware/src/mesh_relay_flow.inc	302	mesh_relay_note_ack_route_feedback	23		lexical C definition; preprocessor branches not resolved
firmware/src/mesh_relay_flow.inc	335	relay_handle_dead_end_ack	27	cleanup	lexical C definition; preprocessor branches not resolved
firmware/src/mesh_relay_flow.inc	367	relay_handle_backpressure_ack	20	cleanup	lexical C definition; preprocessor branches not resolved
firmware/src/mesh_relay_flow.inc	393	relay_handle_ack_flow_control	65		lexical C definition; preprocessor branches not resolved
firmware/src/mesh_relay_flow.inc	472	mesh_relay_reset_batch	7		lexical C definition; preprocessor branches not resolved
firmware/src/mesh_relay_flow.inc	481	mesh_relay_note_batch_pending	10		lexical C definition; preprocessor branches not resolved
firmware/src/mesh_relay_flow.inc	494	mesh_relay_batch_pending	3		lexical C definition; preprocessor branches not resolved
firmware/src/mesh_relay_flow.inc	499	mesh_relay_batch_credit	3		lexical C definition; preprocessor branches not resolved
firmware/src/mesh_relay_flow.inc	504	mesh_relay_append_batch_pending	9		lexical C definition; preprocessor branches not resolved
firmware/src/mesh_relay_flow.inc	518	mesh_relay_next_burst_frame	19		lexical C definition; preprocessor branches not resolved
firmware/src/mesh_relay_flow.inc	540	mesh_relay_note_rx_batch_frame	34	error_paths	lexical C definition; preprocessor branches not resolved
firmware/src/mesh_relay_flow.inc	580	mesh_relay_rx_expects_more	6	scheduling	lexical C definition; preprocessor branches not resolved
firmware/src/mesh_relay_flow.inc	589	mesh_relay_rx_batch_deadline_ms	6		lexical C definition; preprocessor branches not resolved
firmware/src/mesh_relay_flow.inc	597	mesh_relay_clear_rx_batch	8		lexical C definition; preprocessor branches not resolved
firmware/src/mesh_relay_flow.inc	611	mesh_relay_build_solicit_reply	103	error_paths	lexical C definition; preprocessor branches not resolved
firmware/src/mesh_relay_flow.inc	724	mesh_relay_note_parent_handoff	26		lexical C definition; preprocessor branches not resolved
firmware/src/mesh_relay_flow.inc	754	mesh_relay_note_handoff_gateway_acked	14		lexical C definition; preprocessor branches not resolved
firmware/src/mesh_relay_flow.inc	772	mesh_relay_should_readopt_returned_packet	21		lexical C definition; preprocessor branches not resolved
firmware/src/mesh_relay_route_rx.inc	2	parse_route_discovery_tlvs	158	error_paths	lexical C definition; preprocessor branches not resolved
firmware/src/mesh_relay_route_rx.inc	166	route_request_reply_hops_allowed	11		lexical C definition; preprocessor branches not resolved
firmware/src/mesh_relay_route_rx.inc	181	route_discovery_required_tlvs_present	34		lexical C definition; preprocessor branches not resolved
firmware/src/mesh_relay_route_rx.inc	218	parse_route_reply_ack_tlvs	24	error_paths	lexical C definition; preprocessor branches not resolved
firmware/src/mesh_relay_route_rx.inc	246	append_gateway_route_adv_tlvs	112	error_paths	lexical C definition; preprocessor branches not resolved
firmware/src/mesh_relay_route_rx.inc	363	parse_gateway_route_adv_tlvs	134	error_paths	lexical C definition; preprocessor branches not resolved
firmware/src/mesh_relay_route_rx.inc	501	gateway_route_adv_required_tlvs_present	22		lexical C definition; preprocessor branches not resolved
firmware/src/mesh_relay_route_rx.inc	527	validate_route_reply_commitment	29		lexical C definition; preprocessor branches not resolved
firmware/src/mesh_relay_route_rx.inc	562	append_route_reply_commitment	23		lexical C definition; preprocessor branches not resolved
firmware/src/mesh_relay_route_rx.inc	591	build_route_reply_ack	36	error_paths	lexical C definition; preprocessor branches not resolved
firmware/src/mesh_relay_route_rx.inc	633	validate_route_reply_identity	22		lexical C definition; preprocessor branches not resolved
firmware/src/mesh_relay_route_rx.inc	661	validate_route_reply_packet	84	error_paths	lexical C definition; preprocessor branches not resolved
firmware/src/mesh_relay_route_rx.inc	754	validate_route_request_packet	67	error_paths	lexical C definition; preprocessor branches not resolved
firmware/src/mesh_relay_route_rx.inc	830	mesh_relay_validate_route_request	11		lexical C definition; preprocessor branches not resolved
firmware/src/mesh_relay_route_rx.inc	848	mesh_relay_validate_route_reply	11		lexical C definition; preprocessor branches not resolved
firmware/src/mesh_relay_route_rx.inc	866	add_route_reply_ack_action	20		lexical C definition; preprocessor branches not resolved
firmware/src/mesh_relay_route_rx.inc	893	route_reply_ack_expectation_from_outbound	71	error_paths	lexical C definition; preprocessor branches not resolved
firmware/src/mesh_relay_route_rx.inc	969	arm_route_reply_ack_expectation	13		lexical C definition; preprocessor branches not resolved
firmware/src/mesh_relay_route_rx.inc	986	mesh_relay_abandon_route_reply_ack	23		lexical C definition; preprocessor branches not resolved
firmware/src/mesh_relay_route_rx.inc	1013	mesh_relay_accept_route_reply_ack	43	error_paths	lexical C definition; preprocessor branches not resolved
firmware/src/mesh_relay_route_rx.inc	1062	handle_route_reply_ack	14	error_paths	lexical C definition; preprocessor branches not resolved
firmware/src/mesh_relay_route_rx.inc	1083	gateway_route_adv_fields_valid	44		lexical C definition; preprocessor branches not resolved
firmware/src/mesh_relay_route_rx.inc	1129	gateway_route_activation_countdown_ms	9	scheduling	lexical C definition; preprocessor branches not resolved
firmware/src/mesh_relay_route_rx.inc	1141	mesh_relay_gateway_route_activation_for_outbound	36	error_paths	lexical C definition; preprocessor branches not resolved
firmware/src/mesh_relay_route_rx.inc	1182	gateway_route_adv_sequence_strictly_newer	9		lexical C definition; preprocessor branches not resolved
firmware/src/mesh_relay_route_rx.inc	1194	gateway_route_epoch_expand	13		lexical C definition; preprocessor branches not resolved
firmware/src/mesh_relay_route_rx.inc	1211	validate_gateway_route_adv_packet	77	error_paths	lexical C definition; preprocessor branches not resolved
firmware/src/mesh_relay_route_rx.inc	1297	mesh_relay_validate_gateway_route_adv	21		lexical C definition; preprocessor branches not resolved
firmware/src/mesh_relay_route_rx.inc	1325	build_gateway_route_adv_forward	61	error_paths	lexical C definition; preprocessor branches not resolved
firmware/src/mesh_relay_route_rx.inc	1395	handle_gateway_route_adv	148	error_paths;cleanup	lexical C definition; preprocessor branches not resolved
firmware/src/mesh_relay_route_rx.inc	1555	build_route_reply	79	error_paths	lexical C definition; preprocessor branches not resolved
firmware/src/mesh_relay_route_rx.inc	1643	build_route_reply_forward	87	error_paths	lexical C definition; preprocessor branches not resolved
firmware/src/mesh_relay_route_rx.inc	1738	handle_route_request	300	error_paths;cleanup;scheduling	lexical C definition; preprocessor branches not resolved
firmware/src/mesh_relay_route_rx.inc	2049	handle_route_reply	228	error_paths;cleanup	lexical C definition; preprocessor branches not resolved
firmware/src/mesh_relay_routes.inc	2	mesh_relay_init	18	cleanup	lexical C definition; preprocessor branches not resolved
firmware/src/mesh_relay_routes.inc	26	mesh_gateway_ack_store_init	5		lexical C definition; preprocessor branches not resolved
firmware/src/mesh_relay_routes.inc	33	mesh_relay_attach_gateway_ack_store	12	cleanup	lexical C definition; preprocessor branches not resolved
firmware/src/mesh_relay_routes.inc	48	mesh_anchor_downlink_store_init	5		lexical C definition; preprocessor branches not resolved
firmware/src/mesh_relay_routes.inc	55	mesh_relay_attach_anchor_downlink_store	11	cleanup	lexical C definition; preprocessor branches not resolved
firmware/src/mesh_relay_routes.inc	70	mesh_relay_find_downlink	10		lexical C definition; preprocessor branches not resolved
firmware/src/mesh_relay_routes.inc	83	mesh_relay_find_current_downlink	29		lexical C definition; preprocessor branches not resolved
firmware/src/mesh_relay_routes.inc	116	mesh_relay_current_gateway_route	33		lexical C definition; preprocessor branches not resolved
firmware/src/mesh_relay_routes.inc	153	mesh_relay_validate_forced_gateway_control_parent	33		lexical C definition; preprocessor branches not resolved
firmware/src/mesh_relay_routes.inc	191	mesh_relay_note_gateway_control_reverse_route	114	error_paths	lexical C definition; preprocessor branches not resolved
firmware/src/mesh_relay_routes.inc	313	mesh_relay_note_flood_parent_candidate	58	error_paths	lexical C definition; preprocessor branches not resolved
firmware/src/mesh_relay_routes.inc	380	mesh_relay_remove_direct_gateway_route	35		lexical C definition; preprocessor branches not resolved
firmware/src/mesh_relay_routes.inc	417	mesh_relay_expire_routes	27		lexical C definition; preprocessor branches not resolved
firmware/src/mesh_relay_routes.inc	446	mesh_relay_select_next_hop	34		lexical C definition; preprocessor branches not resolved
firmware/src/mesh_relay_routes.inc	484	click_participant_list	38	error_paths	lexical C definition; preprocessor branches not resolved
firmware/src/mesh_relay_routes.inc	530	route_path_interior_avoids_participants	18		lexical C definition; preprocessor branches not resolved
firmware/src/mesh_relay_routes.inc	563	enforce_loop_free_upstream	29		lexical C definition; preprocessor branches not resolved
firmware/src/mesh_relay_routes.inc	596	mesh_relay_select_next_hop_for_packet	73		lexical C definition; preprocessor branches not resolved
firmware/src/mesh_relay_routes.inc	677	mesh_relay_frozen_upstream_hop_usable	19	scheduling	lexical C definition; preprocessor branches not resolved
firmware/src/mesh_relay_routes.inc	702	mesh_relay_reset_route_discovery	5		lexical C definition; preprocessor branches not resolved
firmware/src/mesh_relay_routes.inc	709	downlink_depends_on_epoch	13		lexical C definition; preprocessor branches not resolved
firmware/src/mesh_relay_routes.inc	726	invalidate_failed_upstream_dependents	47	cleanup	lexical C definition; preprocessor branches not resolved
firmware/src/mesh_relay_routes.inc	777	mesh_relay_abandon_upstream_parent_at	27		lexical C definition; preprocessor branches not resolved
firmware/src/mesh_relay_routes.inc	810	mesh_relay_invalidate_upstream_route	37	cleanup	lexical C definition; preprocessor branches not resolved
firmware/src/mesh_relay_routes.inc	849	mesh_relay_invalidate_active_route_path	18	cleanup	lexical C definition; preprocessor branches not resolved
firmware/src/mesh_relay_routes.inc	869	mesh_relay_note_route_discovery_ready	9	cleanup	lexical C definition; preprocessor branches not resolved
firmware/src/mesh_relay_routes.inc	881	mesh_relay_clear_routes_at_epoch	7	cleanup	lexical C definition; preprocessor branches not resolved
firmware/src/mesh_relay_routes.inc	891	mesh_relay_clear_routes_preserve_epoch	7		lexical C definition; preprocessor branches not resolved
firmware/src/mesh_relay_routes.inc	900	mesh_relay_invalidate_routes	14		lexical C definition; preprocessor branches not resolved
firmware/src/mesh_relay_routes.inc	916	mesh_relay_require_channel9_event_for_slot	53	error_paths	lexical C definition; preprocessor branches not resolved
firmware/src/mesh_relay_routes.inc	976	mesh_relay_require_channel9_event	8		lexical C definition; preprocessor branches not resolved
firmware/src/mesh_relay_routes.inc	990	mesh_relay_require_channel9_tx_event	8		lexical C definition; preprocessor branches not resolved
firmware/src/mesh_relay_routes.inc	1004	mesh_relay_expire_channel9_timings	23		lexical C definition; preprocessor branches not resolved
firmware/src/mesh_relay_routes.inc	1030	build_route_request_with_timing_flags_id	88	error_paths	lexical C definition; preprocessor branches not resolved
firmware/src/mesh_relay_routes.inc	1129	mesh_relay_build_route_request_with_timing_flags	11		lexical C definition; preprocessor branches not resolved
firmware/src/mesh_relay_routes.inc	1150	mesh_relay_build_route_request_with_timing	10		lexical C definition; preprocessor branches not resolved
firmware/src/mesh_relay_routes.inc	1168	mesh_relay_build_route_request	8		lexical C definition; preprocessor branches not resolved
firmware/src/mesh_relay_routes.inc	1181	mesh_relay_capture_gateway_route_adv_snapshot_with_policy	35	error_paths	lexical C definition; preprocessor branches not resolved
firmware/src/mesh_relay_routes.inc	1223	mesh_relay_capture_gateway_route_adv_snapshot	4		lexical C definition; preprocessor branches not resolved
firmware/src/mesh_relay_routes.inc	1233	mesh_relay_build_gateway_route_adv_from_snapshot	107	error_paths	lexical C definition; preprocessor branches not resolved
firmware/src/mesh_relay_routes.inc	1345	mesh_relay_build_gateway_route_adv_with_policy	12	error_paths	lexical C definition; preprocessor branches not resolved
firmware/src/mesh_relay_routes.inc	1364	mesh_relay_build_gateway_route_adv	4		lexical C definition; preprocessor branches not resolved
firmware/src/mesh_relay_routes.inc	1373	mesh_relay_route_discovery_backoff_pending	16	scheduling	lexical C definition; preprocessor branches not resolved
firmware/src/mesh_relay_routes.inc	1395	mesh_relay_prepare_route_request_with_timing_flags	66	error_paths	lexical C definition; preprocessor branches not resolved
firmware/src/mesh_relay_routes.inc	1472	mesh_relay_prepare_route_request_with_timing	11		lexical C definition; preprocessor branches not resolved
firmware/src/mesh_relay_routes.inc	1492	mesh_relay_prepare_route_request	9		lexical C definition; preprocessor branches not resolved
firmware/src/mesh_relay_routes.inc	1507	mesh_relay_note_direct_gateway_route	56		lexical C definition; preprocessor branches not resolved
firmware/src/mesh_relay_routes.inc	1566	mesh_relay_build_route_reply_for_request	93	error_paths	lexical C definition; preprocessor branches not resolved
firmware/src/mesh_relay_routes.inc	1668	relay_duplicate_count	10		lexical C definition; preprocessor branches not resolved
firmware/src/mesh_relay_routes.inc	1680	relay_parent_hold_down_count	14		lexical C definition; preprocessor branches not resolved
firmware/src/mesh_relay_routes.inc	1696	relay_collection_pending_count	10		lexical C definition; preprocessor branches not resolved
firmware/src/mesh_relay_routes.inc	1708	mesh_relay_append_telemetry_tlvs	65	error_paths	lexical C definition; preprocessor branches not resolved
firmware/src/mesh_relay_routes.inc	1778	mesh_relay_append_status_tlvs	68	error_paths	lexical C definition; preprocessor branches not resolved
firmware/src/mesh_relay_routes.inc	1851	mesh_relay_tx_active	3		lexical C definition; preprocessor branches not resolved
firmware/src/mesh_relay_routes.inc	1856	mesh_relay_tx_active_local_collection_result	4		lexical C definition; preprocessor branches not resolved
firmware/src/mesh_relay_routes.inc	1862	mesh_relay_result_bundle_pending	5		lexical C definition; preprocessor branches not resolved
firmware/src/mesh_relay_routes.inc	1869	mesh_relay_result_bundle_due_ms	6		lexical C definition; preprocessor branches not resolved
firmware/src/mesh_relay_routes.inc	1877	mesh_relay_result_bundle_note_forwarded	23		lexical C definition; preprocessor branches not resolved
firmware/src/mesh_route_path.c	42	route_path_id_is_unicast	3		lexical C definition; preprocessor branches not resolved
firmware/src/mesh_route_path.c	47	mesh_route_path_contains	13		lexical C definition; preprocessor branches not resolved
firmware/src/mesh_route_path.c	63	mesh_route_paths_intersect	14		lexical C definition; preprocessor branches not resolved
firmware/src/mesh_route_path.c	80	mesh_route_path_validate	22		lexical C definition; preprocessor branches not resolved
firmware/src/mesh_route_path.c	106	mesh_route_path_append	18		lexical C definition; preprocessor branches not resolved
firmware/src/mesh_route_path.c	126	mesh_route_path_append_tlv	29	error_paths	lexical C definition; preprocessor branches not resolved
firmware/src/mesh_route_path.c	160	mesh_route_path_from_tlvs	52		lexical C definition; preprocessor branches not resolved
firmware/src/mesh_route_path.c	216	mesh_route_control_payload_len_valid	18		lexical C definition; preprocessor branches not resolved
firmware/src/mesh_route_path.c	237	mesh_route_control_ttl_validate	29		lexical C definition; preprocessor branches not resolved
firmware/src/mesh_runtime.c	8	work_priority	14		lexical C definition; preprocessor branches not resolved
firmware/src/mesh_runtime.c	24	work_index	9	error_paths	lexical C definition; preprocessor branches not resolved
firmware/src/mesh_runtime.c	37	free_work_index	8	error_paths	lexical C definition; preprocessor branches not resolved
firmware/src/mesh_runtime.c	47	next_ready_index	27		lexical C definition; preprocessor branches not resolved
firmware/src/mesh_runtime.c	76	schedule_work	4	scheduling	lexical C definition; preprocessor branches not resolved
firmware/src/mesh_runtime.c	85	trace_action	8		lexical C definition; preprocessor branches not resolved
firmware/src/mesh_runtime.c	97	mesh_runtime_init	11		lexical C definition; preprocessor branches not resolved
firmware/src/mesh_runtime.c	113	mesh_runtime_submit	33	scheduling	lexical C definition; preprocessor branches not resolved
firmware/src/mesh_runtime.c	151	mesh_runtime_reserve_transit	17	error_paths	lexical C definition; preprocessor branches not resolved
firmware/src/mesh_runtime.c	172	mesh_runtime_claim_radio	12		lexical C definition; preprocessor branches not resolved
firmware/src/mesh_runtime.c	189	mesh_runtime_release_radio	9		lexical C definition; preprocessor branches not resolved
firmware/src/mesh_runtime.c	202	mesh_runtime_radio_safe	5		lexical C definition; preprocessor branches not resolved
firmware/src/mesh_runtime.c	210	mesh_runtime_run_boundary	70	error_paths	lexical C definition; preprocessor branches not resolved
firmware/src/mesh_runtime.c	284	mesh_runtime_handle_ack_timeout	38	error_paths	lexical C definition; preprocessor branches not resolved
firmware/src/mesh_runtime.c	327	mesh_runtime_complete_event_repair	22	error_paths	lexical C definition; preprocessor branches not resolved
firmware/src/node_comm.c	108	slot_is_terminal	3		lexical C definition; preprocessor branches not resolved
firmware/src/node_comm.c	113	slot_is_live	4		lexical C definition; preprocessor branches not resolved
firmware/src/node_comm.c	119	slot_is_in_use	3		lexical C definition; preprocessor branches not resolved
firmware/src/node_comm.c	124	slot_handle	7		lexical C definition; preprocessor branches not resolved
firmware/src/node_comm.c	133	slot_delivery_generation	3		lexical C definition; preprocessor branches not resolved
firmware/src/node_comm.c	139	slot_lease_rf_started	4		lexical C definition; preprocessor branches not resolved
firmware/src/node_comm.c	152	delivery_event	12		lexical C definition; preprocessor branches not resolved
firmware/src/node_comm.c	169	delivery_trace	6		lexical C definition; preprocessor branches not resolved
firmware/src/node_comm.c	181	delivery_resource_wait_trace	32		lexical C definition; preprocessor branches not resolved
firmware/src/node_comm.c	221	delivery_handle_event	21	error_paths	lexical C definition; preprocessor branches not resolved
firmware/src/node_comm.c	248	delivery_apply	10	error_paths	lexical C definition; preprocessor branches not resolved
firmware/src/node_comm.c	263	delivery_begin	12	error_paths;cleanup	lexical C definition; preprocessor branches not resolved
firmware/src/node_comm.c	280	delivery_validate_transport_admission	10	error_paths	lexical C definition; preprocessor branches not resolved
firmware/src/node_comm.c	294	delivery_backend_attempt	17	error_paths	lexical C definition; preprocessor branches not resolved
firmware/src/node_comm.c	314	add_saturating_u64	3		lexical C definition; preprocessor branches not resolved
firmware/src/node_comm.c	319	lifecycle_next_pause_generation	7		lexical C definition; preprocessor branches not resolved
firmware/src/node_comm.c	329	lifecycle_force_reclaim	11		lexical C definition; preprocessor branches not resolved
firmware/src/node_comm.c	342	lifecycle_validate_pause_lease	17	error_paths	lexical C definition; preprocessor branches not resolved
firmware/src/node_comm.c	364	node_comm_lifecycle_init	7		lexical C definition; preprocessor branches not resolved
firmware/src/node_comm.c	373	node_comm_lifecycle_state	3		lexical C definition; preprocessor branches not resolved
firmware/src/node_comm.c	379	node_comm_lifecycle_current_generation	3		lexical C definition; preprocessor branches not resolved
firmware/src/node_comm.c	385	node_comm_lifecycle_start	9	error_paths	lexical C definition; preprocessor branches not resolved
firmware/src/node_comm.c	397	node_comm_lifecycle_request_pause	21	error_paths	lexical C definition; preprocessor branches not resolved
firmware/src/node_comm.c	425	node_comm_lifecycle_note_quiesced	17	error_paths	lexical C definition; preprocessor branches not resolved
firmware/src/node_comm.c	448	node_comm_lifecycle_begin_resume	13	error_paths	lexical C definition; preprocessor branches not resolved
firmware/src/node_comm.c	466	node_comm_lifecycle_resume_ready	11	error_paths	lexical C definition; preprocessor branches not resolved
firmware/src/node_comm.c	483	node_comm_lifecycle_note_resumed	14	error_paths	lexical C definition; preprocessor branches not resolved
firmware/src/node_comm.c	503	node_comm_lifecycle_recovery_lease	10		lexical C definition; preprocessor branches not resolved
firmware/src/node_comm.c	517	node_comm_lifecycle_stop	15	error_paths	lexical C definition; preprocessor branches not resolved
firmware/src/node_comm.c	535	node_comm_lifecycle_service	9		lexical C definition; preprocessor branches not resolved
firmware/src/node_comm.c	547	retry_backoff_ms	27		lexical C definition; preprocessor branches not resolved
firmware/src/node_comm.c	579	retry_delay_ms	6		lexical C definition; preprocessor branches not resolved
firmware/src/node_comm.c	587	schedule_retry	7		lexical C definition; preprocessor branches not resolved
firmware/src/node_comm.c	597	node_comm_retry_backoff_ms	17	error_paths	lexical C definition; preprocessor branches not resolved
firmware/src/node_comm.c	619	deadline_expired	4		lexical C definition; preprocessor branches not resolved
firmware/src/node_comm.c	626	find_handle	12		lexical C definition; preprocessor branches not resolved
firmware/src/node_comm.c	641	handle_in_use	9		lexical C definition; preprocessor branches not resolved
firmware/src/node_comm.c	652	next_handle	12		lexical C definition; preprocessor branches not resolved
firmware/src/node_comm.c	666	next_lease_generation	7		lexical C definition; preprocessor branches not resolved
firmware/src/node_comm.c	675	next_delivery_generation	7		lexical C definition; preprocessor branches not resolved
firmware/src/node_comm.c	684	next_pause_generation	7		lexical C definition; preprocessor branches not resolved
firmware/src/node_comm.c	693	invalidate_lease	6		lexical C definition; preprocessor branches not resolved
firmware/src/node_comm.c	702	total_attempts_started	7		lexical C definition; preprocessor branches not resolved
firmware/src/node_comm.c	712	terminal_proof_for	13		lexical C definition; preprocessor branches not resolved
firmware/src/node_comm.c	729	terminalize	52		lexical C definition; preprocessor branches not resolved
firmware/src/node_comm.c	786	validate_lease	15	error_paths	lexical C definition; preprocessor branches not resolved
firmware/src/node_comm.c	805	release_backend_guard_for_lease	8		lexical C definition; preprocessor branches not resolved
firmware/src/node_comm.c	817	rebase_retry_timers	13		lexical C definition; preprocessor branches not resolved
firmware/src/node_comm.c	834	expire_pause_lease	22		lexical C definition; preprocessor branches not resolved
firmware/src/node_comm.c	858	validate_pause_lease	17	error_paths	lexical C definition; preprocessor branches not resolved
firmware/src/node_comm.c	879	node_comm_init	7		lexical C definition; preprocessor branches not resolved
firmware/src/node_comm.c	888	node_comm_set_delivery_transition_trace	7		lexical C definition; preprocessor branches not resolved
firmware/src/node_comm.c	900	node_comm_state	3		lexical C definition; preprocessor branches not resolved
firmware/src/node_comm.c	905	node_comm_lifecycle_generation	3		lexical C definition; preprocessor branches not resolved
firmware/src/node_comm.c	910	node_comm_start	10	error_paths	lexical C definition; preprocessor branches not resolved
firmware/src/node_comm.c	922	node_comm_request_pause	21	error_paths	lexical C definition; preprocessor branches not resolved
firmware/src/node_comm.c	949	node_comm_note_quiesced	18	error_paths	lexical C definition; preprocessor branches not resolved
firmware/src/node_comm.c	971	node_comm_begin_resume	15	error_paths	lexical C definition; preprocessor branches not resolved
firmware/src/node_comm.c	990	node_comm_note_resumed	13	error_paths	lexical C definition; preprocessor branches not resolved
firmware/src/node_comm.c	1007	node_comm_resume_ready	11	error_paths	lexical C definition; preprocessor branches not resolved
firmware/src/node_comm.c	1022	node_comm_pause_recovery_lease	9		lexical C definition; preprocessor branches not resolved
firmware/src/node_comm.c	1035	node_comm_stop	64	error_paths;scheduling	lexical C definition; preprocessor branches not resolved
firmware/src/node_comm.c	1103	node_comm_submit	46	error_paths	lexical C definition; preprocessor branches not resolved
firmware/src/node_comm.c	1154	node_comm_redrive_delivered	49	error_paths	lexical C definition; preprocessor branches not resolved
firmware/src/node_comm.c	1211	same_priority_pre_rf_predecessor	22		lexical C definition; preprocessor branches not resolved
firmware/src/node_comm.c	1244	priority_uplink_pre_rf_barrier	20		lexical C definition; preprocessor branches not resolved
firmware/src/node_comm.c	1268	node_comm_acquire	55	error_paths	lexical C definition; preprocessor branches not resolved
firmware/src/node_comm.c	1327	node_comm_lease_backend_guard_begin	19	error_paths	lexical C definition; preprocessor branches not resolved
firmware/src/node_comm.c	1352	node_comm_lease_note_rf_started	25	error_paths;cleanup	lexical C definition; preprocessor branches not resolved
firmware/src/node_comm.c	1381	node_comm_lease_defer_pre_rf	26	error_paths;cleanup	lexical C definition; preprocessor branches not resolved
firmware/src/node_comm.c	1412	node_comm_lease_defer_pre_rf_retry	21	error_paths;cleanup;scheduling	lexical C definition; preprocessor branches not resolved
firmware/src/node_comm.c	1438	node_comm_lease_wait_resource	37	error_paths	lexical C definition; preprocessor branches not resolved
firmware/src/node_comm.c	1479	node_comm_resource_wait_owner_next	21		lexical C definition; preprocessor branches not resolved
firmware/src/node_comm.c	1505	node_comm_release_resource_wait	60	error_paths	lexical C definition; preprocessor branches not resolved
firmware/src/node_comm.c	1569	node_comm_lease_complete	73	error_paths;cleanup;scheduling	lexical C definition; preprocessor branches not resolved
firmware/src/node_comm.c	1647	node_comm_lease_await_confirmation	16	error_paths;cleanup	lexical C definition; preprocessor branches not resolved
firmware/src/node_comm.c	1667	node_comm_requeue_awaiting_confirmation	54	error_paths	lexical C definition; preprocessor branches not resolved
firmware/src/node_comm.c	1727	node_comm_confirm_delivery	25	error_paths	lexical C definition; preprocessor branches not resolved
firmware/src/node_comm.c	1756	node_comm_confirm_delivery_external_proof	17	error_paths	lexical C definition; preprocessor branches not resolved
firmware/src/node_comm.c	1777	validate_callback_generation	15	error_paths	lexical C definition; preprocessor branches not resolved
firmware/src/node_comm.c	1799	node_comm_confirm_delivery_external_proof_for_generation	58	error_paths	lexical C definition; preprocessor branches not resolved
firmware/src/node_comm.c	1863	node_comm_fail_delivery	23	error_paths	lexical C definition; preprocessor branches not resolved
firmware/src/node_comm.c	1891	node_comm_note_backend_rf_started	20	error_paths	lexical C definition; preprocessor branches not resolved
firmware/src/node_comm.c	1915	node_comm_note_backend_rf_started_for_generation	48	error_paths;scheduling	lexical C definition; preprocessor branches not resolved
firmware/src/node_comm.c	1969	node_comm_delivery_generation	21	error_paths	lexical C definition; preprocessor branches not resolved
firmware/src/node_comm.c	1994	node_comm_cancel	17	error_paths	lexical C definition; preprocessor branches not resolved
firmware/src/node_comm.c	2015	node_comm_service	24	scheduling	lexical C definition; preprocessor branches not resolved
firmware/src/node_comm.c	2041	node_comm_next_service_due_ms	70		lexical C definition; preprocessor branches not resolved
firmware/src/node_comm.c	2115	node_comm_take_terminal_event_for	14		lexical C definition; preprocessor branches not resolved
firmware/src/node_comm.c	2134	node_comm_peek_terminal_event_for	14		lexical C definition; preprocessor branches not resolved
firmware/src/node_comm.c	2153	node_comm_take_terminal_event	15		lexical C definition; preprocessor branches not resolved
firmware/src/node_comm.c	2171	node_comm_pending_count	13		lexical C definition; preprocessor branches not resolved
firmware/src/node_comm.c	2186	node_comm_lease_active	12		lexical C definition; preprocessor branches not resolved
firmware/src/node_comm.c	2200	node_comm_attempts_started	13	error_paths	lexical C definition; preprocessor branches not resolved
firmware/src/node_transaction.c	7	node_transaction_digest_bytes	3		lexical C definition; preprocessor branches not resolved
firmware/src/node_transaction.c	15	node_transaction_digest_packet	49	cleanup	lexical C definition; preprocessor branches not resolved
firmware/src/node_transaction.c	70	node_transaction_key_valid	9		lexical C definition; preprocessor branches not resolved
firmware/src/node_transaction.c	81	node_transaction_key_equal	8		lexical C definition; preprocessor branches not resolved
firmware/src/node_transaction.c	92	node_transaction_state_action	18		lexical C definition; preprocessor branches not resolved
firmware/src/node_transaction.c	113	node_transaction_set_action	5		lexical C definition; preprocessor branches not resolved
firmware/src/node_transaction.c	122	node_transaction_abandon	9		lexical C definition; preprocessor branches not resolved
firmware/src/node_transaction.c	135	node_transaction_init	5		lexical C definition; preprocessor branches not resolved
firmware/src/node_transaction.c	142	node_transaction_begin	20	error_paths	lexical C definition; preprocessor branches not resolved
firmware/src/node_transaction.c	167	node_transaction_service	13		lexical C definition; preprocessor branches not resolved
firmware/src/node_transaction.c	184	node_transaction_note_request_terminal	73	error_paths	lexical C definition; preprocessor branches not resolved
firmware/src/node_transaction.c	263	node_transaction_note_request_redrive	18	error_paths	lexical C definition; preprocessor branches not resolved
firmware/src/node_transaction.c	287	node_transaction_reconcile_result	54	error_paths	lexical C definition; preprocessor branches not resolved
firmware/src/node_transaction.c	351	node_transaction_cancel	19	error_paths	lexical C definition; preprocessor branches not resolved
firmware/src/node_transaction.c	374	node_transaction_cleanup_complete	17	error_paths	lexical C definition; preprocessor branches not resolved
firmware/src/node_transaction.c	397	node_transaction_terminal	5		lexical C definition; preprocessor branches not resolved
firmware/src/node_transaction.c	404	node_transaction_retire	13	error_paths	lexical C definition; preprocessor branches not resolved
firmware/src/node_transaction.c	419	responder_find	9		lexical C definition; preprocessor branches not resolved
firmware/src/node_transaction.c	432	responder_find_empty	8		lexical C definition; preprocessor branches not resolved
firmware/src/node_transaction.c	443	node_transaction_responder_init	5		lexical C definition; preprocessor branches not resolved
firmware/src/node_transaction.c	451	node_transaction_responder_service	18		lexical C definition; preprocessor branches not resolved
firmware/src/node_transaction.c	473	node_transaction_responder_receive	78	error_paths	lexical C definition; preprocessor branches not resolved
firmware/src/node_transaction.c	561	node_transaction_responder_commit	36	error_paths	lexical C definition; preprocessor branches not resolved
firmware/src/node_transaction.c	604	node_transaction_responder_abandon	27	error_paths	lexical C definition; preprocessor branches not resolved
firmware/src/operation_policy.c	7	operation_policy_assignment_defaults	14		lexical C definition; preprocessor branches not resolved
firmware/src/operation_policy.c	24	operation_policy_set_defaults	7		lexical C definition; preprocessor branches not resolved
firmware/src/operation_policy.c	33	operation_policy_first_contact_cell_ms	9		lexical C definition; preprocessor branches not resolved
firmware/src/operation_policy.c	44	operation_policy_first_contact_offset_ms	22		lexical C definition; preprocessor branches not resolved
firmware/src/operation_policy.c	71	operation_policy_assignment_required_budget_ms	52		lexical C definition; preprocessor branches not resolved
firmware/src/operation_policy.c	127	operation_policy_assignment_validate	20		lexical C definition; preprocessor branches not resolved
firmware/src/operation_policy.c	150	operation_policy_validate	8		lexical C definition; preprocessor branches not resolved
firmware/src/operation_policy.c	160	operation_policy_decode_value	27		lexical C definition; preprocessor branches not resolved
firmware/src/operation_policy.c	191	operation_policy_append_tlv	31	error_paths	lexical C definition; preprocessor branches not resolved
firmware/src/operation_policy.c	227	operation_policy_set_from_tlvs	36		lexical C definition; preprocessor branches not resolved
firmware/src/protocol.c	8	proto_crc16_ccitt_false	3		lexical C definition; preprocessor branches not resolved
firmware/src/protocol.c	13	proto_crc16_ccitt_false_update	18		lexical C definition; preprocessor branches not resolved
firmware/src/protocol.c	35	proto_click_report_session_id	17		lexical C definition; preprocessor branches not resolved
firmware/src/protocol.c	55	proto_get_u16_le	3		lexical C definition; preprocessor branches not resolved
firmware/src/protocol.c	60	proto_get_u32_le	6		lexical C definition; preprocessor branches not resolved
firmware/src/protocol.c	68	proto_get_u64_le	4		lexical C definition; preprocessor branches not resolved
firmware/src/protocol.c	74	proto_put_u16_le	4		lexical C definition; preprocessor branches not resolved
firmware/src/protocol.c	80	proto_put_u32_le	6		lexical C definition; preprocessor branches not resolved
firmware/src/protocol.c	88	proto_put_u64_le	4		lexical C definition; preprocessor branches not resolved
firmware/src/protocol.c	94	proto_packet_header_len	3		lexical C definition; preprocessor branches not resolved
firmware/src/protocol.c	99	proto_packet_encoded_len	3		lexical C definition; preprocessor branches not resolved
firmware/src/protocol.c	104	proto_packet_msg_type_valid	36		lexical C definition; preprocessor branches not resolved
firmware/src/protocol.c	142	proto_packet_msg_type_allowed_over_uwb	15		lexical C definition; preprocessor branches not resolved
firmware/src/protocol.c	159	proto_packet_encode	47		lexical C definition; preprocessor branches not resolved
firmware/src/protocol.c	212	proto_packet_decode	62		lexical C definition; preprocessor branches not resolved
firmware/src/protocol.c	280	tlv_append_bytes	16		lexical C definition; preprocessor branches not resolved
firmware/src/protocol.c	303	tlv_append_u8	3		lexical C definition; preprocessor branches not resolved
firmware/src/protocol.c	308	tlv_append_i8	4		lexical C definition; preprocessor branches not resolved
firmware/src/protocol.c	314	tlv_append_u16	5		lexical C definition; preprocessor branches not resolved
firmware/src/protocol.c	321	tlv_append_u32	5		lexical C definition; preprocessor branches not resolved
firmware/src/protocol.c	328	tlv_append_i32	5		lexical C definition; preprocessor branches not resolved
firmware/src/protocol.c	335	tlv_append_u64	5		lexical C definition; preprocessor branches not resolved
firmware/src/protocol.c	342	tlv_find	30		lexical C definition; preprocessor branches not resolved
firmware/src/protocol.c	378	tlv_find_unique	42		lexical C definition; preprocessor branches not resolved
firmware/src/protocol.c	426	gateway_host_receipt_identity_valid	37		lexical C definition; preprocessor branches not resolved
firmware/src/protocol.c	466	gateway_local_command_result_valid	27		lexical C definition; preprocessor branches not resolved
firmware/src/protocol.c	497	gateway_host_receipt_identity_encode	23		lexical C definition; preprocessor branches not resolved
firmware/src/protocol.c	526	gateway_host_receipt_identity_decode	21		lexical C definition; preprocessor branches not resolved
firmware/src/protocol.c	552	gateway_host_receipt_identity_append_tlv	22	error_paths	lexical C definition; preprocessor branches not resolved
firmware/src/protocol.c	580	gateway_host_receipt_identity_from_tlvs	17		lexical C definition; preprocessor branches not resolved
firmware/src/protocol.c	602	gateway_host_receipt_packet_validate	16		lexical C definition; preprocessor branches not resolved
firmware/src/protocol.c	624	tlv_require_u8	18	error_paths	lexical C definition; preprocessor branches not resolved
firmware/src/protocol.c	644	tlv_require_u16	18	error_paths	lexical C definition; preprocessor branches not resolved
firmware/src/protocol.c	664	tlv_require_u32	18	error_paths	lexical C definition; preprocessor branches not resolved
firmware/src/protocol.c	684	tlv_require_u64	18	error_paths	lexical C definition; preprocessor branches not resolved
firmware/src/protocol.c	704	command_result_id_append_tlvs	28	error_paths	lexical C definition; preprocessor branches not resolved
firmware/src/protocol.c	737	command_result_id_from_tlvs	29	error_paths	lexical C definition; preprocessor branches not resolved
firmware/src/protocol.c	770	result_offer_append_tlvs	33	error_paths	lexical C definition; preprocessor branches not resolved
firmware/src/protocol.c	808	result_offer_from_tlvs	38	error_paths	lexical C definition; preprocessor branches not resolved
firmware/src/protocol.c	850	result_grant_append_tlvs	24	error_paths	lexical C definition; preprocessor branches not resolved
firmware/src/protocol.c	879	result_grant_from_tlvs	24	error_paths	lexical C definition; preprocessor branches not resolved
firmware/src/protocol.c	907	result_busy_append_tlvs	35	error_paths	lexical C definition; preprocessor branches not resolved
firmware/src/protocol.c	947	result_busy_from_tlvs	82	error_paths	lexical C definition; preprocessor branches not resolved
firmware/src/protocol.c	1038	exact_tlv_set_validate	40		lexical C definition; preprocessor branches not resolved
firmware/src/protocol.c	1084	proto_self_test_report_validate	59	error_paths	lexical C definition; preprocessor branches not resolved
firmware/src/protocol.c	1147	proto_anchor_heartbeat_validate	130	error_paths	lexical C definition; preprocessor branches not resolved
firmware/src/protocol.c	1281	result_bundle_header_append_tlvs	36	error_paths	lexical C definition; preprocessor branches not resolved
firmware/src/protocol.c	1322	result_bundle_header_from_tlvs	36	error_paths	lexical C definition; preprocessor branches not resolved
firmware/src/protocol.c	1362	result_bundle_record_append_tlv	36		lexical C definition; preprocessor branches not resolved
firmware/src/protocol.c	1403	result_bundle_record_next_from_tlvs	59		lexical C definition; preprocessor branches not resolved
firmware/src/protocol.c	1467	gateway_collection_eack_append_tlvs	71	error_paths	lexical C definition; preprocessor branches not resolved
firmware/src/protocol.c	1543	gateway_collection_eack_from_tlvs	77	error_paths	lexical C definition; preprocessor branches not resolved
firmware/src/protocol.c	1624	gateway_collection_eack_recovery_attempt_id	23	error_paths	lexical C definition; preprocessor branches not resolved
firmware/src/protocol.c	1652	gateway_collection_eack_recovery_identity	57	error_paths;cleanup	lexical C definition; preprocessor branches not resolved
firmware/src/protocol.c	1714	gateway_collection_eack_node_list_validate	122		lexical C definition; preprocessor branches not resolved
firmware/src/protocol.c	1842	gateway_collection_eack_packet_validate	69	error_paths;cleanup	lexical C definition; preprocessor branches not resolved
firmware/src/protocol.c	1917	gateway_collection_eack_contains_node_id	40		lexical C definition; preprocessor branches not resolved
firmware/src/protocol.c	1962	proto_cobs_encode	51		lexical C definition; preprocessor branches not resolved
firmware/src/protocol.c	2015	proto_cobs_decode	39		lexical C definition; preprocessor branches not resolved
firmware/src/protocol_rx_lifecycle.c	5	operation_valid	4		lexical C definition; preprocessor branches not resolved
firmware/src/protocol_rx_lifecycle.c	11	identity_matches	5		lexical C definition; preprocessor branches not resolved
firmware/src/protocol_rx_lifecycle.c	20	deadline_reached	3		lexical C definition; preprocessor branches not resolved
firmware/src/protocol_rx_lifecycle.c	25	deadline_is_bounded_future	3		lexical C definition; preprocessor branches not resolved
firmware/src/protocol_rx_lifecycle.c	31	protocol_rx_lifecycle_init	5		lexical C definition; preprocessor branches not resolved
firmware/src/protocol_rx_lifecycle.c	38	protocol_rx_lifecycle_begin	18	scheduling	lexical C definition; preprocessor branches not resolved
firmware/src/protocol_rx_lifecycle.c	63	protocol_rx_lifecycle_set_deadline	8	scheduling	lexical C definition; preprocessor branches not resolved
firmware/src/protocol_rx_lifecycle.c	78	protocol_rx_lifecycle_rf_begin	8		lexical C definition; preprocessor branches not resolved
firmware/src/protocol_rx_lifecycle.c	91	protocol_rx_lifecycle_rf_end	8		lexical C definition; preprocessor branches not resolved
firmware/src/protocol_rx_lifecycle.c	104	protocol_rx_lifecycle_terminate	7	cleanup	lexical C definition; preprocessor branches not resolved
firmware/src/protocol_rx_lifecycle.c	116	protocol_rx_lifecycle_note_rx_recovery	11	cleanup	lexical C definition; preprocessor branches not resolved
firmware/src/protocol_rx_lifecycle.c	133	protocol_rx_lifecycle_expire	9	cleanup;scheduling	lexical C definition; preprocessor branches not resolved
firmware/src/protocol_rx_lifecycle.c	145	protocol_rx_downstream_activation_init	5		lexical C definition; preprocessor branches not resolved
firmware/src/protocol_rx_lifecycle.c	153	protocol_rx_downstream_activation_needs_wake	9	scheduling	lexical C definition; preprocessor branches not resolved
firmware/src/protocol_rx_lifecycle.c	168	protocol_rx_downstream_activation_mark	20	cleanup;scheduling	lexical C definition; preprocessor branches not resolved
firmware/src/protocol_rx_lifecycle.c	195	protocol_rx_downstream_activation_clear	9	cleanup	lexical C definition; preprocessor branches not resolved
firmware/src/protocol_rx_lifecycle.c	209	protocol_rx_downstream_activation_expire	8	cleanup;scheduling	lexical C definition; preprocessor branches not resolved
firmware/src/report.c	3	ids_are_valid	3		lexical C definition; preprocessor branches not resolved
firmware/src/report.c	8	range_status_valid	5	error_paths	lexical C definition; preprocessor branches not resolved
firmware/src/report.c	15	report_range_transport_seq	24		lexical C definition; preprocessor branches not resolved
firmware/src/report.c	83	report_validate_click_payload	305		lexical C definition; preprocessor branches not resolved
firmware/src/report.c	392	append_participant_anchor_ids	30		lexical C definition; preprocessor branches not resolved
firmware/src/report.c	428	append_distance_samples	72	error_paths	lexical C definition; preprocessor branches not resolved
firmware/src/report.c	505	append_diagnostics	151	error_paths	lexical C definition; preprocessor branches not resolved
firmware/src/report.c	662	report_append_range_tlvs	94	error_paths	lexical C definition; preprocessor branches not resolved
firmware/src/report.c	761	report_append_cir_fragment_tlvs	82	error_paths	lexical C definition; preprocessor branches not resolved
firmware/src/report.c	849	report_append_self_test_tlvs	24	error_paths	lexical C definition; preprocessor branches not resolved
firmware/src/report.c	878	report_append_anchor_heartbeat_tlvs	30	error_paths	lexical C definition; preprocessor branches not resolved
firmware/src/report.c	913	report_init_range_packet	25		lexical C definition; preprocessor branches not resolved
firmware/src/report.c	946	report_init_anchor_heartbeat_packet	22		lexical C definition; preprocessor branches not resolved
firmware/src/report.c	975	report_init_click_packet	9	cleanup	lexical C definition; preprocessor branches not resolved
firmware/src/report.c	991	report_init_self_test_packet	19		lexical C definition; preprocessor branches not resolved
firmware/src/route.c	5	deadline_reached	3		lexical C definition; preprocessor branches not resolved
firmware/src/route.c	10	time_after	3		lexical C definition; preprocessor branches not resolved
firmware/src/route.c	15	route_epoch_strictly_newer	5		lexical C definition; preprocessor branches not resolved
firmware/src/route.c	22	candidate_valid_for_epoch	3		lexical C definition; preprocessor branches not resolved
firmware/src/route.c	27	route_candidate_cost	7		lexical C definition; preprocessor branches not resolved
firmware/src/route.c	36	route_link_rsl_immediately_usable	3		lexical C definition; preprocessor branches not resolved
firmware/src/route.c	41	route_link_quality_from_rsl	11		lexical C definition; preprocessor branches not resolved
firmware/src/route.c	54	candidate_effective_cost	3		lexical C definition; preprocessor branches not resolved
firmware/src/route.c	59	candidate_in_hold_down	4	scheduling	lexical C definition; preprocessor branches not resolved
firmware/src/route.c	65	candidate_is_provisional	4	scheduling	lexical C definition; preprocessor branches not resolved
firmware/src/route.c	72	route_candidate_eligible_at	7		lexical C definition; preprocessor branches not resolved
firmware/src/route.c	83	candidate_link_immediately_usable	4		lexical C definition; preprocessor branches not resolved
firmware/src/route.c	90	normalize_candidate_hold_down	7	scheduling	lexical C definition; preprocessor branches not resolved
firmware/src/route.c	100	normalize_candidate_provisional	7	scheduling	lexical C definition; preprocessor branches not resolved
firmware/src/route.c	110	normalize_weak_link_deferral	7	scheduling	lexical C definition; preprocessor branches not resolved
firmware/src/route.c	120	normalized_capacity_state	3		lexical C definition; preprocessor branches not resolved
firmware/src/route.c	125	candidate_effective_capacity	7		lexical C definition; preprocessor branches not resolved
firmware/src/route.c	135	capacity_preference_rank	16		lexical C definition; preprocessor branches not resolved
firmware/src/route.c	153	normalize_candidate_capacity_hint	14		lexical C definition; preprocessor branches not resolved
firmware/src/route.c	170	candidate_is_better	50		lexical C definition; preprocessor branches not resolved
firmware/src/route.c	224	find_candidate_index	11	error_paths	lexical C definition; preprocessor branches not resolved
firmware/src/route.c	239	find_free_candidate_index	8	error_paths	lexical C definition; preprocessor branches not resolved
firmware/src/route.c	249	find_replacement_candidate_index	21	error_paths	lexical C definition; preprocessor branches not resolved
firmware/src/route.c	274	invalidate_candidates	9		lexical C definition; preprocessor branches not resolved
firmware/src/route.c	285	route_table_init	7		lexical C definition; preprocessor branches not resolved
firmware/src/route.c	294	route_table_begin_selection_wave	9		lexical C definition; preprocessor branches not resolved
firmware/src/route.c	305	route_select_best	3		lexical C definition; preprocessor branches not resolved
firmware/src/route.c	310	route_select_best_at	26		lexical C definition; preprocessor branches not resolved
firmware/src/route.c	338	route_expire_stale	5		lexical C definition; preprocessor branches not resolved
firmware/src/route.c	345	route_upsert_candidate	89		lexical C definition; preprocessor branches not resolved
firmware/src/route.c	437	route_selected	11		lexical C definition; preprocessor branches not resolved
firmware/src/route.c	450	route_set_channel9_timing_valid	14		lexical C definition; preprocessor branches not resolved
firmware/src/route.c	470	route_update_capacity_hint	23		lexical C definition; preprocessor branches not resolved
firmware/src/route.c	504	route_record_success	15		lexical C definition; preprocessor branches not resolved
firmware/src/route.c	521	route_record_success_at	17		lexical C definition; preprocessor branches not resolved
firmware/src/route.c	540	route_record_candidate_success_at	25		lexical C definition; preprocessor branches not resolved
firmware/src/route.c	570	route_refresh_candidate_at	17		lexical C definition; preprocessor branches not resolved
firmware/src/route.c	592	route_refresh_selected_at	13		lexical C definition; preprocessor branches not resolved
firmware/src/route.c	607	route_record_failure_at	23		lexical C definition; preprocessor branches not resolved
firmware/src/route.c	634	route_record_candidate_failure_at	32		lexical C definition; preprocessor branches not resolved
firmware/src/route.c	673	route_abandon_selected_at	25		lexical C definition; preprocessor branches not resolved
firmware/src/route.c	702	route_abandon_candidate_at	23		lexical C definition; preprocessor branches not resolved
firmware/src/route.c	732	route_retry_backoff_ms	9		lexical C definition; preprocessor branches not resolved
firmware/src/semantic_digest.c	45	get_u32_be	6		lexical C definition; preprocessor branches not resolved
firmware/src/semantic_digest.c	53	put_u32_be	6		lexical C definition; preprocessor branches not resolved
firmware/src/semantic_digest.c	61	sha256_transform	60		lexical C definition; preprocessor branches not resolved
firmware/src/semantic_digest.c	124	sha256_context_valid	10		lexical C definition; preprocessor branches not resolved
firmware/src/semantic_digest.c	137	semantic_digest_sha256_init	18		lexical C definition; preprocessor branches not resolved
firmware/src/semantic_digest.c	158	semantic_digest_sha256_update	26		lexical C definition; preprocessor branches not resolved
firmware/src/semantic_digest.c	192	semantic_digest_sha256_call_count	3		lexical C definition; preprocessor branches not resolved
firmware/src/semantic_digest.c	197	semantic_digest_sha256_call_count_reset	3		lexical C definition; preprocessor branches not resolved
firmware/src/semantic_digest.c	203	semantic_digest_sha256_final	28		lexical C definition; preprocessor branches not resolved
firmware/src/semantic_digest.c	235	semantic_digest_sha256	7	cleanup	lexical C definition; preprocessor branches not resolved
firmware/src/semantic_digest.c	247	semantic_digest_equal	11		lexical C definition; preprocessor branches not resolved
firmware/src/serial_frame.c	5	serial_frame_encode_packet	31	error_paths	lexical C definition; preprocessor branches not resolved
firmware/src/serial_frame.c	42	serial_frame_decode_packet	36	error_paths	lexical C definition; preprocessor branches not resolved
firmware/src/stack_budget.c	45	stack_budget_role_valid	3		lexical C definition; preprocessor branches not resolved
firmware/src/stack_budget.c	50	stack_budget_role_baseline	8		lexical C definition; preprocessor branches not resolved
firmware/src/stack_budget.c	61	stack_budget_role_preset_name	6		lexical C definition; preprocessor branches not resolved
firmware/src/stack_budget.c	69	stack_budget_validate_role_config	28		lexical C definition; preprocessor branches not resolved
firmware/src/stack_budget.c	102	stack_budget_large_local_allowed	3		lexical C definition; preprocessor branches not resolved
firmware/src/stack_budget.c	107	add_checked	7		lexical C definition; preprocessor branches not resolved
firmware/src/stack_budget.c	116	stack_budget_calculate_combined	46	error_paths	lexical C definition; preprocessor branches not resolved
firmware/src/stack_budget.c	166	stack_budget_configured_for_owner	26		lexical C definition; preprocessor branches not resolved
firmware/src/stack_budget.c	196	stack_budget_required_free	13		lexical C definition; preprocessor branches not resolved
firmware/src/stack_budget.c	212	stack_budget_evaluate	22		lexical C definition; preprocessor branches not resolved
firmware/src/stack_diag_transport.c	7	valid_ops	4		lexical C definition; preprocessor branches not resolved
firmware/src/stack_diag_transport.c	13	deadline_reached	3		lexical C definition; preprocessor branches not resolved
firmware/src/stack_diag_transport.c	18	observe_available	11		lexical C definition; preprocessor branches not resolved
firmware/src/stack_diag_transport.c	33	observe_write_result	11		lexical C definition; preprocessor branches not resolved
firmware/src/stack_diag_transport.c	50	stack_diag_transport_begin	14	error_paths	lexical C definition; preprocessor branches not resolved
firmware/src/stack_diag_transport.c	68	stack_diag_transport_write	42	error_paths;scheduling;unbounded_loop_candidate	lexical C definition; preprocessor branches not resolved
firmware/src/stack_diag_transport.c	115	stack_diag_transport_end	9		lexical C definition; preprocessor branches not resolved
firmware/src/status.c	5	status_select	63		lexical C definition; preprocessor branches not resolved
firmware/src/survey.c	49	slot_valid	3		lexical C definition; preprocessor branches not resolved
firmware/src/survey.c	54	survey_assignment_identity_valid	15		lexical C definition; preprocessor branches not resolved
firmware/src/survey.c	72	survey_assignment_identity_equal	11		lexical C definition; preprocessor branches not resolved
firmware/src/survey.c	87	survey_identity_equal	6		lexical C definition; preprocessor branches not resolved
firmware/src/survey.c	96	survey_neighbor_bitmap_get	4		lexical C definition; preprocessor branches not resolved
firmware/src/survey.c	102	survey_neighbor_bitmap_set	7		lexical C definition; preprocessor branches not resolved
firmware/src/survey.c	111	survey_graph_observed	13		lexical C definition; preprocessor branches not resolved
firmware/src/survey.c	128	survey_graph_mutual	5		lexical C definition; preprocessor branches not resolved
firmware/src/survey.c	137	survey_graph_interferes	5		lexical C definition; preprocessor branches not resolved
firmware/src/survey.c	146	survey_graph_note_report	19		lexical C definition; preprocessor branches not resolved
firmware/src/survey.c	168	survey_neighbor_sequence_duration_ms	4		lexical C definition; preprocessor branches not resolved
firmware/src/survey.c	174	survey_slot_span_include	11		lexical C definition; preprocessor branches not resolved
firmware/src/survey.c	188	survey_control_delivery_delay_ms	13		lexical C definition; preprocessor branches not resolved
firmware/src/survey.c	203	survey_result_lane_duration_ms	3		lexical C definition; preprocessor branches not resolved
firmware/src/survey.c	208	survey_wave_stride_ms	6		lexical C definition; preprocessor branches not resolved
firmware/src/survey.c	216	survey_execution_duration_ms	10		lexical C definition; preprocessor branches not resolved
firmware/src/survey.c	229	survey_plan_fits_hard_cap	8		lexical C definition; preprocessor branches not resolved
firmware/src/survey.c	241	survey_neighbor_beacon_offset_ms	7		lexical C definition; preprocessor branches not resolved
firmware/src/survey.c	250	survey_range_attempt_offset_ms	7		lexical C definition; preprocessor branches not resolved
firmware/src/survey.c	259	pair_same	6		lexical C definition; preprocessor branches not resolved
firmware/src/survey.c	268	wave_pair_compatible	18		lexical C definition; preprocessor branches not resolved
firmware/src/survey.c	290	plan_shape_valid	32		lexical C definition; preprocessor branches not resolved
firmware/src/survey.c	324	survey_plan_commitment	36	cleanup	lexical C definition; preprocessor branches not resolved
firmware/src/survey.c	363	survey_plan_commitment_valid	7		lexical C definition; preprocessor branches not resolved
firmware/src/survey.c	372	survey_build_plan	115		lexical C definition; preprocessor branches not resolved
firmware/src/survey.c	497	survey_range_status	8		lexical C definition; preprocessor branches not resolved
firmware/src/survey.c	508	sort_samples	12		lexical C definition; preprocessor branches not resolved
firmware/src/survey.c	522	survey_range_result_from_samples	34		lexical C definition; preprocessor branches not resolved
firmware/src/survey.c	562	survey_assignment_identity_encode	12		lexical C definition; preprocessor branches not resolved
firmware/src/survey.c	578	survey_assignment_identity_decode	15		lexical C definition; preprocessor branches not resolved
firmware/src/survey.c	598	survey_neighbor_report_encode	9		lexical C definition; preprocessor branches not resolved
firmware/src/survey.c	611	survey_neighbor_report_decode	12		lexical C definition; preprocessor branches not resolved
firmware/src/survey.c	627	survey_range_result_encode	17		lexical C definition; preprocessor branches not resolved
firmware/src/survey.c	648	survey_range_result_decode	16		lexical C definition; preprocessor branches not resolved
firmware/src/survey.c	668	survey_rsl_quantize_dbm	12		lexical C definition; preprocessor branches not resolved
firmware/src/survey.c	682	survey_rsl_level_dbm	4		lexical C definition; preprocessor branches not resolved
firmware/src/survey.c	688	survey_signal_record_count_for_slot	5		lexical C definition; preprocessor branches not resolved
firmware/src/survey.c	695	survey_signal_record_key	9		lexical C definition; preprocessor branches not resolved
firmware/src/survey.c	707	survey_signal_record_encode	23		lexical C definition; preprocessor branches not resolved
firmware/src/survey.c	736	survey_signal_record_decode	32		lexical C definition; preprocessor branches not resolved
firmware/src/survey.c	774	survey_plan_encode	34		lexical C definition; preprocessor branches not resolved
firmware/src/survey.c	812	survey_plan_decode	47	error_paths	lexical C definition; preprocessor branches not resolved
firmware/src/survey_protocol.c	12	phase_valid	4		lexical C definition; preprocessor branches not resolved
firmware/src/survey_protocol.c	18	find_unique	10		lexical C definition; preprocessor branches not resolved
firmware/src/survey_protocol.c	35	append_chunked	21	error_paths	lexical C definition; preprocessor branches not resolved
firmware/src/survey_protocol.c	63	extract_chunks	32		lexical C definition; preprocessor branches not resolved
firmware/src/survey_protocol.c	102	survey_control_append_tlvs	66		lexical C definition; preprocessor branches not resolved
firmware/src/survey_protocol.c	173	survey_control_extract_tlvs	80	error_paths	lexical C definition; preprocessor branches not resolved
firmware/src/survey_protocol.c	257	survey_host_plan_request_append_tlvs	41		lexical C definition; preprocessor branches not resolved
firmware/src/survey_protocol.c	304	survey_host_plan_request_extract_tlvs	50	error_paths	lexical C definition; preprocessor branches not resolved
firmware/src/survey_protocol.c	359	event_shape_valid	33		lexical C definition; preprocessor branches not resolved
firmware/src/survey_protocol.c	394	survey_event_encode	104		lexical C definition; preprocessor branches not resolved
firmware/src/survey_protocol.c	502	survey_event_decode	164	error_paths	lexical C definition; preprocessor branches not resolved
firmware/src/survey_response_lane.c	12	kind_valid	4		lexical C definition; preprocessor branches not resolved
firmware/src/survey_response_lane.c	18	max_records_for_kind	4		lexical C definition; preprocessor branches not resolved
firmware/src/survey_response_lane.c	24	bundle_count_for_records	4		lexical C definition; preprocessor branches not resolved
firmware/src/survey_response_lane.c	30	record_index	10	error_paths	lexical C definition; preprocessor branches not resolved
firmware/src/survey_response_lane.c	43	record_valid	29		lexical C definition; preprocessor branches not resolved
firmware/src/survey_response_lane.c	75	survey_response_lane_begin	26		lexical C definition; preprocessor branches not resolved
firmware/src/survey_response_lane.c	112	survey_response_lane_stop	5		lexical C definition; preprocessor branches not resolved
firmware/src/survey_response_lane.c	119	survey_response_lane_add_record	27		lexical C definition; preprocessor branches not resolved
firmware/src/survey_response_lane.c	151	survey_response_lane_merge_bundle	44	error_paths	lexical C definition; preprocessor branches not resolved
firmware/src/survey_response_lane.c	200	survey_response_lane_prepare_round	67	unbounded_loop_candidate	lexical C definition; preprocessor branches not resolved
firmware/src/survey_response_lane.c	272	survey_response_lane_bundle_for_offset	45		lexical C definition; preprocessor branches not resolved
firmware/src/survey_response_lane.c	322	survey_response_lane_note_ack	18		lexical C definition; preprocessor branches not resolved
firmware/src/survey_response_lane.c	344	survey_response_lane_all_acked	11		lexical C definition; preprocessor branches not resolved
firmware/src/survey_response_lane.c	357	survey_response_lane_bundle_count	3		lexical C definition; preprocessor branches not resolved
firmware/src/survey_response_lane.c	363	survey_response_lane_round_offset_ms	4		lexical C definition; preprocessor branches not resolved
firmware/src/survey_response_lane.c	371	survey_response_lane_next_offset_ms	19		lexical C definition; preprocessor branches not resolved
firmware/src/survey_response_lane.c	394	survey_response_lane_record	4		lexical C definition; preprocessor branches not resolved
firmware/src/survey_response_lane.c	402	survey_sync_validate	23		lexical C definition; preprocessor branches not resolved
firmware/src/survey_response_lane.c	430	survey_sync_begin	5		lexical C definition; preprocessor branches not resolved
firmware/src/survey_response_lane.c	437	survey_sync_finish	5		lexical C definition; preprocessor branches not resolved
firmware/src/survey_response_lane.c	444	uwb_encode_survey_presence	20		lexical C definition; preprocessor branches not resolved
firmware/src/survey_response_lane.c	469	uwb_decode_survey_presence	19	error_paths	lexical C definition; preprocessor branches not resolved
firmware/src/survey_response_lane.c	492	uwb_survey_bundle_encoded_len	6		lexical C definition; preprocessor branches not resolved
firmware/src/survey_response_lane.c	500	survey_bundle_validate	21		lexical C definition; preprocessor branches not resolved
firmware/src/survey_response_lane.c	523	uwb_encode_survey_bundle	29	error_paths	lexical C definition; preprocessor branches not resolved
firmware/src/survey_response_lane.c	557	uwb_decode_survey_bundle	35	error_paths	lexical C definition; preprocessor branches not resolved
firmware/src/survey_response_lane.c	596	survey_ack_validate	7		lexical C definition; preprocessor branches not resolved
firmware/src/survey_response_lane.c	605	uwb_encode_survey_hop_ack	24	error_paths	lexical C definition; preprocessor branches not resolved
firmware/src/survey_response_lane.c	634	uwb_decode_survey_hop_ack	19	error_paths	lexical C definition; preprocessor branches not resolved
firmware/src/uwb.c	7	validate_status	9	error_paths	lexical C definition; preprocessor branches not resolved
firmware/src/uwb.c	18	flags_valid	26		lexical C definition; preprocessor branches not resolved
firmware/src/uwb.c	46	short_addr_from_id	5		lexical C definition; preprocessor branches not resolved
firmware/src/uwb.c	53	discovery_slot_hash	5		lexical C definition; preprocessor branches not resolved
firmware/src/uwb.c	60	uwb_discovery_slot_for_anchor	13		lexical C definition; preprocessor branches not resolved
firmware/src/uwb.c	77	validate_sync_prefix	18		lexical C definition; preprocessor branches not resolved
firmware/src/uwb.c	100	put_sync_prefix	5		lexical C definition; preprocessor branches not resolved
firmware/src/uwb.c	107	append_crc	3		lexical C definition; preprocessor branches not resolved
firmware/src/uwb.c	112	verify_crc	12		lexical C definition; preprocessor branches not resolved
firmware/src/uwb.c	126	encode_header	23	error_paths	lexical C definition; preprocessor branches not resolved
firmware/src/uwb.c	153	decode_header	27		lexical C definition; preprocessor branches not resolved
firmware/src/uwb.c	186	uwb_frame_type_valid	20		lexical C definition; preprocessor branches not resolved
firmware/src/uwb.c	208	uwb_header_validate	26		lexical C definition; preprocessor branches not resolved
firmware/src/uwb.c	236	uwb_encode_poll	22	error_paths	lexical C definition; preprocessor branches not resolved
firmware/src/uwb.c	263	uwb_encode_click_poll	31	error_paths	lexical C definition; preprocessor branches not resolved
firmware/src/uwb.c	300	uwb_decode_poll	13		lexical C definition; preprocessor branches not resolved
firmware/src/uwb.c	317	uwb_decode_poll_frame	35	error_paths	lexical C definition; preprocessor branches not resolved
firmware/src/uwb.c	356	uwb_encode_response	20	error_paths	lexical C definition; preprocessor branches not resolved
firmware/src/uwb.c	381	uwb_decode_response	16	error_paths	lexical C definition; preprocessor branches not resolved
firmware/src/uwb.c	401	uwb_encode_final	31	error_paths	lexical C definition; preprocessor branches not resolved
firmware/src/uwb.c	437	uwb_decode_final	27	error_paths	lexical C definition; preprocessor branches not resolved
firmware/src/uwb.c	468	uwb_encode_report	29	error_paths	lexical C definition; preprocessor branches not resolved
firmware/src/uwb.c	502	uwb_decode_report	22	error_paths	lexical C definition; preprocessor branches not resolved
firmware/src/uwb.c	528	uwb_encode_clicker_diag	34	error_paths	lexical C definition; preprocessor branches not resolved
firmware/src/uwb.c	567	uwb_decode_clicker_diag	41	error_paths	lexical C definition; preprocessor branches not resolved
firmware/src/uwb.c	612	uwb_encode_anchor_diag	46	error_paths	lexical C definition; preprocessor branches not resolved
firmware/src/uwb.c	663	uwb_decode_anchor_diag	51	error_paths	lexical C definition; preprocessor branches not resolved
firmware/src/uwb.c	718	uwb_encode_anchor_diag_fragment	43	error_paths	lexical C definition; preprocessor branches not resolved
firmware/src/uwb.c	766	uwb_decode_anchor_diag_fragment	46	error_paths	lexical C definition; preprocessor branches not resolved
firmware/src/uwb.c	816	validate_wake_claim	32		lexical C definition; preprocessor branches not resolved
firmware/src/uwb.c	850	uwb_validate_wake_claim	3		lexical C definition; preprocessor branches not resolved
firmware/src/uwb.c	855	validate_discover	16		lexical C definition; preprocessor branches not resolved
firmware/src/uwb.c	873	discovery_reply_status_valid	5		lexical C definition; preprocessor branches not resolved
firmware/src/uwb.c	880	validate_discovery_reply	19		lexical C definition; preprocessor branches not resolved
firmware/src/uwb.c	901	schedule_entry_duplicate	8		lexical C definition; preprocessor branches not resolved
firmware/src/uwb.c	912	validate_range_schedule	70	scheduling	lexical C definition; preprocessor branches not resolved
firmware/src/uwb.c	984	validate_range_release	23		lexical C definition; preprocessor branches not resolved
firmware/src/uwb.c	1009	uwb_validate_range_schedule	3	scheduling	lexical C definition; preprocessor branches not resolved
firmware/src/uwb.c	1014	uwb_validate_range_release	3	cleanup	lexical C definition; preprocessor branches not resolved
firmware/src/uwb.c	1019	uwb_encode_wake_claim	34	error_paths	lexical C definition; preprocessor branches not resolved
firmware/src/uwb.c	1058	uwb_decode_wake_claim	32	error_paths	lexical C definition; preprocessor branches not resolved
firmware/src/uwb.c	1094	uwb_encode_discover	27	error_paths	lexical C definition; preprocessor branches not resolved
firmware/src/uwb.c	1126	uwb_decode_discover	25	error_paths	lexical C definition; preprocessor branches not resolved
firmware/src/uwb.c	1155	uwb_encode_discovery_reply	32	error_paths	lexical C definition; preprocessor branches not resolved
firmware/src/uwb.c	1192	uwb_decode_discovery_reply	31	error_paths	lexical C definition; preprocessor branches not resolved
firmware/src/uwb.c	1227	uwb_range_schedule_encoded_len	8		lexical C definition; preprocessor branches not resolved
firmware/src/uwb.c	1237	uwb_encode_range_schedule	48	error_paths;scheduling	lexical C definition; preprocessor branches not resolved
firmware/src/uwb.c	1290	uwb_decode_range_schedule	58	error_paths;scheduling	lexical C definition; preprocessor branches not resolved
firmware/src/uwb.c	1352	validate_enumeration_bundle	25		lexical C definition; preprocessor branches not resolved
firmware/src/uwb.c	1380	uwb_enumeration_bundle_encoded_len	7		lexical C definition; preprocessor branches not resolved
firmware/src/uwb.c	1389	uwb_encode_enumeration_bundle	33	error_paths	lexical C definition; preprocessor branches not resolved
firmware/src/uwb.c	1428	uwb_decode_enumeration_bundle	41	error_paths	lexical C definition; preprocessor branches not resolved
firmware/src/uwb.c	1474	validate_enumeration_hop_ack	11		lexical C definition; preprocessor branches not resolved
firmware/src/uwb.c	1488	uwb_encode_enumeration_hop_ack	24	error_paths	lexical C definition; preprocessor branches not resolved
firmware/src/uwb.c	1518	uwb_decode_enumeration_hop_ack	25	error_paths	lexical C definition; preprocessor branches not resolved
firmware/src/uwb.c	1548	uwb_encode_range_release	29	error_paths;cleanup	lexical C definition; preprocessor branches not resolved
firmware/src/uwb.c	1582	uwb_decode_range_release	28	error_paths;cleanup	lexical C definition; preprocessor branches not resolved
firmware/src/uwb.c	1614	uwb_range_schedule_total_samples	10	scheduling	lexical C definition; preprocessor branches not resolved
firmware/src/uwb.c	1626	uwb_range_schedule_sample_at	31	scheduling	lexical C definition; preprocessor branches not resolved
firmware/src/uwb.c	1662	uwb_claim_precedence_compare	15		lexical C definition; preprocessor branches not resolved
firmware/src/uwb.c	1686	uwb_mesh_frame_encode	46	error_paths	lexical C definition; preprocessor branches not resolved
firmware/src/uwb.c	1741	uwb_mesh_frame_decode	66	error_paths	lexical C definition; preprocessor branches not resolved
firmware/src/uwb.c	1817	uwb_anchor_epoch_clear	5		lexical C definition; preprocessor branches not resolved
firmware/src/uwb.c	1824	epoch_deadline_reached	3		lexical C definition; preprocessor branches not resolved
firmware/src/uwb.c	1829	epoch_set_from_claim	23		lexical C definition; preprocessor branches not resolved
firmware/src/uwb.c	1856	claim_is_same_epoch	9		lexical C definition; preprocessor branches not resolved
firmware/src/uwb.c	1868	deadline_within_retransmit_skew	6		lexical C definition; preprocessor branches not resolved
firmware/src/uwb.c	1877	claim_retransmission_matches_epoch	22	scheduling	lexical C definition; preprocessor branches not resolved
firmware/src/uwb.c	1904	claim_is_same_click_event	7		lexical C definition; preprocessor branches not resolved
firmware/src/uwb.c	1914	claim_has_same_event_ids	5		lexical C definition; preprocessor branches not resolved
firmware/src/uwb.c	1922	claim_wins_arbitration	10		lexical C definition; preprocessor branches not resolved
firmware/src/uwb.c	1935	uwb_anchor_epoch_consider_claim	97	error_paths;scheduling	lexical C definition; preprocessor branches not resolved
firmware/src/uwb.c	2037	uwb_anchor_epoch_matches	11		lexical C definition; preprocessor branches not resolved
firmware/src/uwb_ble_courtesy.c	3	validate_courtesy_frame	13		lexical C definition; preprocessor branches not resolved
firmware/src/uwb_ble_courtesy.c	18	uwb_ble_courtesy_duration_units_from_ms	14		lexical C definition; preprocessor branches not resolved
firmware/src/uwb_ble_courtesy.c	34	uwb_ble_courtesy_duration_ms	3		lexical C definition; preprocessor branches not resolved
firmware/src/uwb_ble_courtesy.c	39	uwb_ble_courtesy_encode	26	error_paths	lexical C definition; preprocessor branches not resolved
firmware/src/uwb_ble_courtesy.c	70	uwb_ble_courtesy_decode	20		lexical C definition; preprocessor branches not resolved
firmware/src/uwb_rf_scope.c	12	uwb_rf_scope_build	30	error_paths	lexical C definition; preprocessor branches not resolved
firmware/src/uwb_rf_scope.c	46	uwb_rf_scope_encode	10	error_paths	lexical C definition; preprocessor branches not resolved
firmware/src/uwb_rf_scope.c	58	uwb_rf_scope_decode	18	error_paths	lexical C definition; preprocessor branches not resolved
firmware/src/uwb_rf_scope.c	78	uwb_rf_scope_visible	15		lexical C definition; preprocessor branches not resolved
firmware/src/uwb_session.c	13	flags_valid	26		lexical C definition; preprocessor branches not resolved
firmware/src/uwb_session.c	41	discovery_reply_status_valid	5		lexical C definition; preprocessor branches not resolved
firmware/src/uwb_session.c	48	diagnostics_add_saturated	10		lexical C definition; preprocessor branches not resolved
firmware/src/uwb_session.c	60	diagnostics_add_awake_time	7		lexical C definition; preprocessor branches not resolved
firmware/src/uwb_session.c	70	uwb_clicker_contention_window_slots	9		lexical C definition; preprocessor branches not resolved
firmware/src/uwb_session.c	81	uwb_clicker_contention_delay_ms	5		lexical C definition; preprocessor branches not resolved
firmware/src/uwb_session.c	89	uwb_clicker_wake_claim_jitter_us	3		lexical C definition; preprocessor branches not resolved
firmware/src/uwb_session.c	94	politeness_wait_nonzero	6		lexical C definition; preprocessor branches not resolved
firmware/src/uwb_session.c	102	clicker_peer_frame_relevant	5		lexical C definition; preprocessor branches not resolved
firmware/src/uwb_session.c	111	clicker_network_frame_relevant	4		lexical C definition; preprocessor branches not resolved
firmware/src/uwb_session.c	118	decode_politeness_range_header	66		lexical C definition; preprocessor branches not resolved
firmware/src/uwb_session.c	189	uwb_clicker_decode_politeness_wait	117	error_paths;cleanup;scheduling	lexical C definition; preprocessor branches not resolved
firmware/src/uwb_session.c	313	uwb_clicker_note_politeness_sample	10		lexical C definition; preprocessor branches not resolved
firmware/src/uwb_session.c	326	uwb_clicker_note_contention_delay	7		lexical C definition; preprocessor branches not resolved
firmware/src/uwb_session.c	336	uwb_clicker_note_retry_delay	7		lexical C definition; preprocessor branches not resolved
firmware/src/uwb_session.c	346	uwb_clicker_note_wake_claim_tx	7		lexical C definition; preprocessor branches not resolved
firmware/src/uwb_session.c	356	uwb_session_short_addr_from_id	5		lexical C definition; preprocessor branches not resolved
firmware/src/uwb_session.c	363	uwb_session_status_bits_from_diagnostics	32		lexical C definition; preprocessor branches not resolved
firmware/src/uwb_session.c	397	validate_clicker_config	27		lexical C definition; preprocessor branches not resolved
firmware/src/uwb_session.c	426	validate_anchor_config	12		lexical C definition; preprocessor branches not resolved
firmware/src/uwb_session.c	440	successful_anchor_seen	8		lexical C definition; preprocessor branches not resolved
firmware/src/uwb_session.c	451	candidate_index	8	error_paths	lexical C definition; preprocessor branches not resolved
firmware/src/uwb_session.c	461	range_status_valid	5	error_paths	lexical C definition; preprocessor branches not resolved
firmware/src/uwb_session.c	468	exchange_stride_for_flags	5		lexical C definition; preprocessor branches not resolved
firmware/src/uwb_session.c	475	exchange_capacity_for_burst_window	12		lexical C definition; preprocessor branches not resolved
firmware/src/uwb_session.c	490	clear_anchor_schedule	7		lexical C definition; preprocessor branches not resolved
firmware/src/uwb_session.c	499	deadline_reached	3		lexical C definition; preprocessor branches not resolved
firmware/src/uwb_session.c	504	claim_has_current_event_ids	6		lexical C definition; preprocessor branches not resolved
firmware/src/uwb_session.c	513	claim_is_newer_attempt_for_current_event	4		lexical C definition; preprocessor branches not resolved
firmware/src/uwb_session.c	520	clear_attempt_discovery	9		lexical C definition; preprocessor branches not resolved
firmware/src/uwb_session.c	531	uwb_clicker_session_start	18	error_paths	lexical C definition; preprocessor branches not resolved
firmware/src/uwb_session.c	552	uwb_clicker_build_wake_claim	31		lexical C definition; preprocessor branches not resolved
firmware/src/uwb_session.c	590	uwb_clicker_build_discover	19		lexical C definition; preprocessor branches not resolved
firmware/src/uwb_session.c	612	uwb_clicker_note_discovery_reply	55	error_paths	lexical C definition; preprocessor branches not resolved
firmware/src/uwb_session.c	670	uwb_clicker_seed_discovered_anchor	45		lexical C definition; preprocessor branches not resolved
firmware/src/uwb_session.c	720	select_next_candidate	18		lexical C definition; preprocessor branches not resolved
firmware/src/uwb_session.c	741	candidate_for_anchor	8		lexical C definition; preprocessor branches not resolved
firmware/src/uwb_session.c	753	candidate_delivery_depth	3		lexical C definition; preprocessor branches not resolved
firmware/src/uwb_session.c	759	schedule_entry_orders_before	16		lexical C definition; preprocessor branches not resolved
firmware/src/uwb_session.c	780	uwb_clicker_build_range_schedule	103	scheduling	lexical C definition; preprocessor branches not resolved
firmware/src/uwb_session.c	889	uwb_clicker_build_range_release	30	cleanup	lexical C definition; preprocessor branches not resolved
firmware/src/uwb_session.c	923	uwb_clicker_next_range_step	62	error_paths;scheduling	lexical C definition; preprocessor branches not resolved
firmware/src/uwb_session.c	988	uwb_clicker_record_range_result	58	error_paths;scheduling	lexical C definition; preprocessor branches not resolved
firmware/src/uwb_session.c	1050	uwb_clicker_abort_attempt	22		lexical C definition; preprocessor branches not resolved
firmware/src/uwb_session.c	1074	uwb_clicker_prepare_retry	21		lexical C definition; preprocessor branches not resolved
firmware/src/uwb_session.c	1097	uwb_anchor_session_init	17	error_paths	lexical C definition; preprocessor branches not resolved
firmware/src/uwb_session.c	1117	uwb_anchor_note_idle_scan	15		lexical C definition; preprocessor branches not resolved
firmware/src/uwb_session.c	1138	uwb_anchor_note_awake_time	7		lexical C definition; preprocessor branches not resolved
firmware/src/uwb_session.c	1148	uwb_anchor_note_wake_decode_failure	22		lexical C definition; preprocessor branches not resolved
firmware/src/uwb_session.c	1173	uwb_anchor_note_false_wake_cooldown	7		lexical C definition; preprocessor branches not resolved
firmware/src/uwb_session.c	1182	uwb_anchor_note_timing_rejection	7		lexical C definition; preprocessor branches not resolved
firmware/src/uwb_session.c	1191	uwb_anchor_note_range_result	19		lexical C definition; preprocessor branches not resolved
firmware/src/uwb_session.c	1213	uwb_anchor_note_mesh_packet	7		lexical C definition; preprocessor branches not resolved
firmware/src/uwb_session.c	1222	uwb_anchor_note_sample_order	7		lexical C definition; preprocessor branches not resolved
firmware/src/uwb_session.c	1231	claim_decision_is_collision	5		lexical C definition; preprocessor branches not resolved
firmware/src/uwb_session.c	1238	uwb_anchor_accept_wake_claim	66	error_paths;scheduling	lexical C definition; preprocessor branches not resolved
firmware/src/uwb_session.c	1309	uwb_anchor_build_discovery_reply	48	error_paths	lexical C definition; preprocessor branches not resolved
firmware/src/uwb_session.c	1363	uwb_anchor_accept_range_schedule	65	scheduling	lexical C definition; preprocessor branches not resolved
firmware/src/uwb_session.c	1433	uwb_anchor_accept_range_release	26	cleanup;scheduling	lexical C definition; preprocessor branches not resolved
firmware/src/uwb_session.c	1462	uwb_anchor_accepts_range_exchange	5		lexical C definition; preprocessor branches not resolved
firmware/src/uwb_session.c	1470	uwb_anchor_range_round_index	33		lexical C definition; preprocessor branches not resolved
firmware/src/uwb_session.c	1507	uwb_anchor_abort_epoch	9	scheduling	lexical C definition; preprocessor branches not resolved
firmware/src/uwb_session.c	1518	uwb_session_validate_reply_timing	33		lexical C definition; preprocessor branches not resolved
firmware/src/uwb_session.c	1556	uwb_click_delivery_slot_due_ms	34		lexical C definition; preprocessor branches not resolved
firmware/src/watchdog_adoption.c	7	available_mask	6		lexical C definition; preprocessor branches not resolved
firmware/src/watchdog_adoption.c	15	count_requests	9		lexical C definition; preprocessor branches not resolved
firmware/src/watchdog_adoption.c	26	watchdog_adoption_plan	28	error_paths	lexical C definition; preprocessor branches not resolved
firmware/src/watchdog_adoption.c	59	watchdog_adoption_feed_mask	19		lexical C definition; preprocessor branches not resolved
tools/gateway_gui/anchor_geometry.py	69	solve_anchor_layout	102	raises	Python AST definition
tools/gateway_gui/anchor_geometry.py	173	refine_anchor_layout_from_seed	52	raises	Python AST definition
tools/gateway_gui/anchor_geometry.py	227	pair_residuals	17		Python AST definition
tools/gateway_gui/anchor_geometry.py	246	evaluate_anchor_layout	55	raises	Python AST definition
tools/gateway_gui/anchor_geometry.py	303	rotate_layout_to_level	35	raises	Python AST definition
tools/gateway_gui/anchor_geometry.py	340	rotate_layout	21		Python AST definition
tools/gateway_gui/anchor_geometry.py	363	mirror_layout	19	raises	Python AST definition
tools/gateway_gui/anchor_geometry.py	384	_preprocess_pairs	56	raises	Python AST definition
tools/gateway_gui/anchor_geometry.py	442	_anchor_ids	6		Python AST definition
tools/gateway_gui/anchor_geometry.py	450	_validate_connected	16	raises;while_loop	Python AST definition
tools/gateway_gui/anchor_geometry.py	468	_layout_scale	5		Python AST definition
tools/gateway_gui/anchor_geometry.py	476	__init__	26	raises	Python AST definition
tools/gateway_gui/anchor_geometry.py	503	to_positions	15		Python AST definition
tools/gateway_gui/anchor_geometry.py	519	derivative_index	2		Python AST definition
tools/gateway_gui/anchor_geometry.py	523	_initial_parameters	16	while_loop	Python AST definition
tools/gateway_gui/anchor_geometry.py	541	_triangulated_seed	27		Python AST definition
tools/gateway_gui/anchor_geometry.py	570	_circle_seed	17		Python AST definition
tools/gateway_gui/anchor_geometry.py	589	_random_seed	19		Python AST definition
tools/gateway_gui/anchor_geometry.py	610	_positions_to_params	14		Python AST definition
tools/gateway_gui/anchor_geometry.py	626	_align_seed_to_fixed_positions	37		Python AST definition
tools/gateway_gui/anchor_geometry.py	665	_pair_distance	10		Python AST definition
tools/gateway_gui/anchor_geometry.py	677	_local_minimize	41	exception_boundary	Python AST definition
tools/gateway_gui/anchor_geometry.py	720	_spring_energy	13		Python AST definition
tools/gateway_gui/anchor_geometry.py	735	_normal_equations	34		Python AST definition
tools/gateway_gui/anchor_geometry.py	771	_solve_linear_system	21	raises	Python AST definition
tools/gateway_gui/anchor_geometry.py	794	_vector_norm	2		Python AST definition
tools/gateway_gui/anchor_geometry.py	798	_rmse	5		Python AST definition
tools/gateway_gui/anchor_geometry.py	805	_layout_warnings	17		Python AST definition
tools/gateway_gui/anchor_geometry.py	824	_layout_center	7		Python AST definition
tools/gateway_gui/anchor_geometry.py	833	_clean_positions	10		Python AST definition
tools/gateway_gui/anchor_geometry.py	845	_pair_label	2		Python AST definition
tools/gateway_gui/anchor_geometry_connectivity.py	48	pair_key	2		Python AST definition
tools/gateway_gui/anchor_geometry_connectivity.py	52	_normalize_constraints	10	raises	Python AST definition
tools/gateway_gui/anchor_geometry_connectivity.py	64	_seed_families	37	exception_boundary;raises	Python AST definition
tools/gateway_gui/anchor_geometry_connectivity.py	103	solve_connectivity_interval_layout	142	exception_boundary;raises	Python AST definition
tools/gateway_gui/anchor_geometry_connectivity.py	167	residuals	16		Python AST definition
tools/gateway_gui/anchor_geometry_nlos.py	61	one_sided_residual	25		Python AST definition
tools/gateway_gui/anchor_geometry_nlos.py	88	_reflect_across	7		Python AST definition
tools/gateway_gui/anchor_geometry_nlos.py	100	__init__	53		Python AST definition
tools/gateway_gui/anchor_geometry_nlos.py	154	positions_array	4		Python AST definition
tools/gateway_gui/anchor_geometry_nlos.py	159	positions	6		Python AST definition
tools/gateway_gui/anchor_geometry_nlos.py	166	params_from_array	12	exception_boundary	Python AST definition
tools/gateway_gui/anchor_geometry_nlos.py	179	residual_terms	23		Python AST definition
tools/gateway_gui/anchor_geometry_nlos.py	203	objective	3		Python AST definition
tools/gateway_gui/anchor_geometry_nlos.py	207	_distance_jacobian	9		Python AST definition
tools/gateway_gui/anchor_geometry_nlos.py	217	_residual_jacobian	21		Python AST definition
tools/gateway_gui/anchor_geometry_nlos.py	239	near_fit_rank	16		Python AST definition
tools/gateway_gui/anchor_geometry_nlos.py	256	local_solve	16		Python AST definition
tools/gateway_gui/anchor_geometry_nlos.py	273	reflection_search	41		Python AST definition
tools/gateway_gui/anchor_geometry_nlos.py	316	solve_nlos_one_sided_layout	144	raises	Python AST definition
tools/gateway_gui/anchor_geometry_seeds.py	24	graph_mds_seed	36	raises	Python AST definition
tools/gateway_gui/anchor_geometry_visibility.py	90	pair_key	2		Python AST definition
tools/gateway_gui/anchor_geometry_visibility.py	94	_normalized_missing_pairs	22	raises	Python AST definition
tools/gateway_gui/anchor_geometry_visibility.py	118	_normalized_neighbor_pairs	19	raises	Python AST definition
tools/gateway_gui/anchor_geometry_visibility.py	139	_classical_mds_seed	28		Python AST definition
tools/gateway_gui/anchor_geometry_visibility.py	169	_solve_from_seed	23		Python AST definition
tools/gateway_gui/anchor_geometry_visibility.py	194	_pair_metrics	8		Python AST definition
tools/gateway_gui/anchor_geometry_visibility.py	204	range_graph	37		Python AST definition
tools/gateway_gui/anchor_geometry_visibility.py	243	circle_intersections	25		Python AST definition
tools/gateway_gui/anchor_geometry_visibility.py	270	_triangle_area	3		Python AST definition
tools/gateway_gui/anchor_geometry_visibility.py	275	_starting_triangle	35		Python AST definition
tools/gateway_gui/anchor_geometry_visibility.py	312	_triangle_positions	12		Python AST definition
tools/gateway_gui/anchor_geometry_visibility.py	326	_known_refs	7		Python AST definition
tools/gateway_gui/anchor_geometry_visibility.py	335	_refine_point	33	exception_boundary	Python AST definition
tools/gateway_gui/anchor_geometry_visibility.py	370	_unique_points	10		Python AST definition
tools/gateway_gui/anchor_geometry_visibility.py	382	_position_candidates	28		Python AST definition
tools/gateway_gui/anchor_geometry_visibility.py	412	_visibility_score	43		Python AST definition
tools/gateway_gui/anchor_geometry_visibility.py	457	_candidate_score	11		Python AST definition
tools/gateway_gui/anchor_geometry_visibility.py	470	_next_anchor	7		Python AST definition
tools/gateway_gui/anchor_geometry_visibility.py	471	key	4		Python AST definition
tools/gateway_gui/anchor_geometry_visibility.py	479	visibility_branching_seed_layouts	70	raises;while_loop	Python AST definition
tools/gateway_gui/anchor_geometry_visibility.py	551	visibility_score_all	62	raises	Python AST definition
tools/gateway_gui/anchor_geometry_visibility.py	615	visibility_branching_solve	74	exception_boundary;raises	Python AST definition
tools/gateway_gui/anchor_geometry_visibility.py	692	_canonical_seed_positions	12	exception_boundary	Python AST definition
tools/gateway_gui/anchor_geometry_visibility.py	706	visibility_constrained_solve_from_seed	107	exception_boundary;raises	Python AST definition
tools/gateway_gui/anchor_geometry_visibility.py	755	residuals	42		Python AST definition
tools/gateway_gui/anchor_geometry_visibility.py	815	solve_visibility_branching_tuned	213	exception_boundary;raises	Python AST definition
tools/gateway_gui/anchor_geometry_visibility.py	1030	solve_visibility_branching_neighbor_aware_tuned	39		Python AST definition
tools/gateway_gui/anchor_geometry_weights.py	9	parse_distance_weight_power	8	exception_boundary;raises	Python AST definition
tools/gateway_gui/anchor_geometry_weights.py	19	distance_weighted_pairs	29	raises	Python AST definition
tools/gateway_gui/app.py	187	__init__	6		Python AST definition
tools/gateway_gui/app.py	194	_show	22		Python AST definition
tools/gateway_gui/app.py	217	_hide	4		Python AST definition
tools/gateway_gui/app.py	227	__init__	92		Python AST definition
tools/gateway_gui/app.py	320	_configure_styles	62		Python AST definition
tools/gateway_gui/app.py	383	_build_ui	65		Python AST definition
tools/gateway_gui/app.py	449	_build_controls	211		Python AST definition
tools/gateway_gui/app.py	661	_build_workspace	37		Python AST definition
tools/gateway_gui/app.py	699	_build_packet_table	31		Python AST definition
tools/gateway_gui/app.py	731	_build_log	28		Python AST definition
tools/gateway_gui/app.py	760	_build_overview	12		Python AST definition
tools/gateway_gui/app.py	773	_build_samples	23		Python AST definition
tools/gateway_gui/app.py	797	_build_cir_window	49		Python AST definition
tools/gateway_gui/app.py	847	_build_diagnostics	16		Python AST definition
tools/gateway_gui/app.py	864	_build_tlvs	20		Python AST definition
tools/gateway_gui/app.py	885	_build_raw	18		Python AST definition
tools/gateway_gui/app.py	904	_scan	3		Python AST definition
tools/gateway_gui/app.py	908	_connect	8		Python AST definition
tools/gateway_gui/app.py	917	_parse_int	5	exception_boundary;raises	Python AST definition
tools/gateway_gui/app.py	923	_next_identity	11		Python AST definition
tools/gateway_gui/app.py	935	_on_assignment_parameters_changed	28	exception_boundary	Python AST definition
tools/gateway_gui/app.py	965	_format_duration_ms	8		Python AST definition
tools/gateway_gui/app.py	974	_set_scheduled_phase_estimate	23		Python AST definition
tools/gateway_gui/app.py	998	_phase_calibration	6		Python AST definition
tools/gateway_gui/app.py	1005	_finish_scheduled_phase_estimate	14		Python AST definition
tools/gateway_gui/app.py	1020	_clear_scheduled_phase_estimate	15		Python AST definition
tools/gateway_gui/app.py	1036	_scheduled_phase_snapshot	7		Python AST definition
tools/gateway_gui/app.py	1044	_scheduled_phase_text	10		Python AST definition
tools/gateway_gui/app.py	1055	_update_scheduled_phase_progress	18		Python AST definition
tools/gateway_gui/app.py	1074	_operation_policy_profile	40		Python AST definition
tools/gateway_gui/app.py	1116	_command_timeout_s	13		Python AST definition
tools/gateway_gui/app.py	1130	_require_gateway_identity	6	raises	Python AST definition
tools/gateway_gui/app.py	1137	_submit_gateway_command	11		Python AST definition
tools/gateway_gui/app.py	1149	_dispatch_gateway_command	44		Python AST definition
tools/gateway_gui/app.py	1194	_apply_gateway_command_transition	27		Python AST definition
tools/gateway_gui/app.py	1222	_observe_operation_progress	127	exception_boundary	Python AST definition
tools/gateway_gui/app.py	1350	_start_survey_after_enumeration	44	exception_boundary	Python AST definition
tools/gateway_gui/app.py	1395	_submit_survey_plan	31	exception_boundary;raises	Python AST definition
tools/gateway_gui/app.py	1427	_submit_next_survey_batch	59	exception_boundary;raises	Python AST definition
tools/gateway_gui/app.py	1487	_submit_survey_dispatch	29		Python AST definition
tools/gateway_gui/app.py	1517	_dispatch_deferred_survey_command	5		Python AST definition
tools/gateway_gui/app.py	1523	_observe_survey_event_packet	227	exception_boundary	Python AST definition
tools/gateway_gui/app.py	1751	_finish_received_range_countdown	22		Python AST definition
tools/gateway_gui/app.py	1774	_commit_buffered_survey_packet	47	exception_boundary	Python AST definition
tools/gateway_gui/app.py	1822	_drain_buffered_survey_events	11		Python AST definition
tools/gateway_gui/app.py	1834	_observe_survey_command_result	41		Python AST definition
tools/gateway_gui/app.py	1876	_observe_gateway_command_result	29		Python AST definition
tools/gateway_gui/app.py	1906	_handle_expected_gateway_reboot_transport_error	24		Python AST definition
tools/gateway_gui/app.py	1931	_expire_survey_command	18		Python AST definition
tools/gateway_gui/app.py	1950	_store_enumeration_timing	46		Python AST definition
tools/gateway_gui/app.py	1997	_reset_topology_timing	9		Python AST definition
tools/gateway_gui/app.py	2007	_begin_topology_enumeration_timing	10		Python AST definition
tools/gateway_gui/app.py	2018	_here_i_am_dispatch	32		Python AST definition
tools/gateway_gui/app.py	2051	_send_here_i_am	16	exception_boundary	Python AST definition
tools/gateway_gui/app.py	2068	_send_assign_discovery_slots	68	exception_boundary	Python AST definition
tools/gateway_gui/app.py	2137	_run_all_neighbor_surveys	3		Python AST definition
tools/gateway_gui/app.py	2141	_continue_all_neighbor_surveys	11		Python AST definition
tools/gateway_gui/app.py	2153	_run_survey	60	exception_boundary;raises	Python AST definition
tools/gateway_gui/app.py	2214	_cancel_survey	32	exception_boundary	Python AST definition
tools/gateway_gui/app.py	2247	_drain_events	17	exception_boundary;while_loop	Python AST definition
tools/gateway_gui/app.py	2265	_handle_event	105		Python AST definition
tools/gateway_gui/app.py	2371	_set_connection_state	85		Python AST definition
tools/gateway_gui/app.py	2457	_accept_gateway_identity	22		Python AST definition
tools/gateway_gui/app.py	2480	_clear_gateway_identity	5		Python AST definition
tools/gateway_gui/app.py	2486	_update_command_state	132		Python AST definition
tools/gateway_gui/app.py	2619	_show_error	5		Python AST definition
tools/gateway_gui/app.py	2625	_append_log	9		Python AST definition
tools/gateway_gui/app.py	2636	_is_receiptable_gateway_packet	6		Python AST definition
tools/gateway_gui/app.py	2643	_observe_assignment_replay	22	exception_boundary	Python AST definition
tools/gateway_gui/app.py	2666	_track_assignment_replay_receipt	12		Python AST definition
tools/gateway_gui/app.py	2679	_log_gateway_receipt	8	exception_boundary	Python AST definition
tools/gateway_gui/app.py	2688	_maybe_send_gateway_host_receipt	85	exception_boundary	Python AST definition
tools/gateway_gui/app.py	2774	_add_packet	172	exception_boundary;while_loop	Python AST definition
tools/gateway_gui/app.py	2947	_packet_summary	96	exception_boundary	Python AST definition
tools/gateway_gui/app.py	3044	_observe_gateway_id	22	exception_boundary	Python AST definition
tools/gateway_gui/app.py	3067	_packet_selected	7		Python AST definition
tools/gateway_gui/app.py	3075	_populate_inspector	114		Python AST definition
tools/gateway_gui/app.py	3191	_cir_ranges	2		Python AST definition
tools/gateway_gui/app.py	3194	_populate_cir_window	53		Python AST definition
tools/gateway_gui/app.py	3248	_set_cir_plot	10		Python AST definition
tools/gateway_gui/app.py	3259	_redraw_cir_plot	74		Python AST definition
tools/gateway_gui/app.py	3334	_refresh_selected_cir	7		Python AST definition
tools/gateway_gui/app.py	3342	_diagnostics_text	96		Python AST definition
tools/gateway_gui/app.py	3439	_raw_text	20		Python AST definition
tools/gateway_gui/app.py	3460	_clear_packets	16		Python AST definition
tools/gateway_gui/app.py	3477	_clear_survey_data	52		Python AST definition
tools/gateway_gui/app.py	3530	_clear_gateway_memory	103	exception_boundary;raises	Python AST definition
tools/gateway_gui/app.py	3634	_clear_tree	4		Python AST definition
tools/gateway_gui/app.py	3640	_set_text	5		Python AST definition
tools/gateway_gui/app.py	3646	_close	5		Python AST definition
tools/gateway_gui/app.py	3653	main	4		Python AST definition
tools/gateway_gui/ble_smoke.py	19	find_gateway	17	raises	Python AST definition
tools/gateway_gui/ble_smoke.py	38	run	24	raises	Python AST definition
tools/gateway_gui/ble_smoke.py	42	on_packet	3		Python AST definition
tools/gateway_gui/ble_smoke.py	64	main	6		Python AST definition
tools/gateway_gui/ble_transport.py	45	display	4		Python AST definition
tools/gateway_gui/ble_transport.py	54	__init__	14		Python AST definition
tools/gateway_gui/ble_transport.py	68	_run_loop	9		Python AST definition
tools/gateway_gui/ble_transport.py	78	_emit	6		Python AST definition
tools/gateway_gui/ble_transport.py	85	_submit	16	exception_boundary	Python AST definition
tools/gateway_gui/ble_transport.py	92	done_callback	7	exception_boundary	Python AST definition
tools/gateway_gui/ble_transport.py	102	scan	2		Python AST definition
tools/gateway_gui/ble_transport.py	105	_scan	50	exception_boundary;raises	Python AST definition
tools/gateway_gui/ble_transport.py	156	connect	4		Python AST definition
tools/gateway_gui/ble_transport.py	161	_connect	91	exception_boundary;raises	Python AST definition
tools/gateway_gui/ble_transport.py	210	packet_notification	4		Python AST definition
tools/gateway_gui/ble_transport.py	254	_characteristic_write_chunk_size	10		Python AST definition
tools/gateway_gui/ble_transport.py	265	_resolve_write_chunk_size	27	exception_boundary	Python AST definition
tools/gateway_gui/ble_transport.py	293	_connection_is_current	8		Python AST definition
tools/gateway_gui/ble_transport.py	303	_disconnect_client_quietly	6	exception_boundary	Python AST definition
tools/gateway_gui/ble_transport.py	310	_on_packet_notification	21		Python AST definition
tools/gateway_gui/ble_transport.py	332	_cancel_reconnect_task	5		Python AST definition
tools/gateway_gui/ble_transport.py	337	_schedule_reconnect	24	exception_boundary	Python AST definition
tools/gateway_gui/ble_transport.py	343	_reconnect	16	exception_boundary	Python AST definition
tools/gateway_gui/ble_transport.py	362	_on_disconnected	22		Python AST definition
tools/gateway_gui/ble_transport.py	384	disconnect	2		Python AST definition
tools/gateway_gui/ble_transport.py	387	_disconnect	21	exception_boundary	Python AST definition
tools/gateway_gui/ble_transport.py	409	send_frame	2		Python AST definition
tools/gateway_gui/ble_transport.py	412	_send_frame	49	raises	Python AST definition
tools/gateway_gui/ble_transport.py	462	shutdown	10	exception_boundary	Python AST definition
tools/gateway_gui/cir_reassembly.py	62	end_offset	2		Python AST definition
tools/gateway_gui/cir_reassembly.py	96	state	4		Python AST definition
tools/gateway_gui/cir_reassembly.py	122	is_cir_fragment_candidate	2		Python AST definition
tools/gateway_gui/cir_reassembly.py	126	_signed24	2		Python AST definition
tools/gateway_gui/cir_reassembly.py	130	decode_accumulator_sample	15	raises	Python AST definition
tools/gateway_gui/cir_reassembly.py	147	_format_ranges	2		Python AST definition
tools/gateway_gui/cir_reassembly.py	154	__init__	2		Python AST definition
tools/gateway_gui/cir_reassembly.py	157	clear	2		Python AST definition
tools/gateway_gui/cir_reassembly.py	160	view	3		Python AST definition
tools/gateway_gui/cir_reassembly.py	164	ingest	37		Python AST definition
tools/gateway_gui/cir_reassembly.py	203	_single_value	16		Python AST definition
tools/gateway_gui/cir_reassembly.py	221	_chunk_bytes	24		Python AST definition
tools/gateway_gui/cir_reassembly.py	246	_parse_fragment	71		Python AST definition
tools/gateway_gui/cir_reassembly.py	319	_fragment_contract_errors	92		Python AST definition
tools/gateway_gui/cir_reassembly.py	413	_metadata_errors	15		Python AST definition
tools/gateway_gui/cir_reassembly.py	430	_placement_errors	26		Python AST definition
tools/gateway_gui/cir_reassembly.py	458	_add_error	3		Python AST definition
tools/gateway_gui/cir_reassembly.py	462	_note_terminal_gaps	10		Python AST definition
tools/gateway_gui/cir_reassembly.py	474	_coverage	7		Python AST definition
tools/gateway_gui/cir_reassembly.py	483	_gaps	10		Python AST definition
tools/gateway_gui/cir_reassembly.py	495	_decode_samples	7		Python AST definition
tools/gateway_gui/cir_reassembly.py	503	_view	39		Python AST definition
tools/gateway_gui/command_orchestration.py	71	__init__	5		Python AST definition
tools/gateway_gui/command_orchestration.py	78	active	2		Python AST definition
tools/gateway_gui/command_orchestration.py	81	blocks	2		Python AST definition
tools/gateway_gui/command_orchestration.py	84	observe	16		Python AST definition
tools/gateway_gui/command_orchestration.py	101	receipt_written	8		Python AST definition
tools/gateway_gui/command_orchestration.py	110	reset	3		Python AST definition
tools/gateway_gui/command_orchestration.py	115	gateway_command_requires_preflight	4		Python AST definition
tools/gateway_gui/command_orchestration.py	133	__post_init__	13	raises	Python AST definition
tools/gateway_gui/command_orchestration.py	154	user_triggered	20	raises	Python AST definition
tools/gateway_gui/command_orchestration.py	188	__init__	5		Python AST definition
tools/gateway_gui/command_orchestration.py	195	active	2		Python AST definition
tools/gateway_gui/command_orchestration.py	198	begin	18		Python AST definition
tools/gateway_gui/command_orchestration.py	217	observe_event	31		Python AST definition
tools/gateway_gui/command_orchestration.py	249	observe_command_result	35		Python AST definition
tools/gateway_gui/command_orchestration.py	285	release_waiting_target	13		Python AST definition
tools/gateway_gui/command_orchestration.py	299	expire	8		Python AST definition
tools/gateway_gui/command_orchestration.py	308	disconnect	11		Python AST definition
tools/gateway_gui/command_orchestration.py	320	_advance	43		Python AST definition
tools/gateway_gui/command_orchestration.py	364	reset	3		Python AST definition
tools/gateway_gui/command_orchestration.py	368	_clear	4		Python AST definition
tools/gateway_gui/command_telemetry.py	42	correlation_key	2		Python AST definition
tools/gateway_gui/command_telemetry.py	46	terminal	2		Python AST definition
tools/gateway_gui/command_telemetry.py	50	is_enumeration_count_mismatch	24		Python AST definition
tools/gateway_gui/command_telemetry.py	102	__init__	4		Python AST definition
tools/gateway_gui/command_telemetry.py	106	reset	3		Python AST definition
tools/gateway_gui/command_telemetry.py	110	begin	17	raises	Python AST definition
tools/gateway_gui/command_telemetry.py	128	observe_event	18		Python AST definition
tools/gateway_gui/command_telemetry.py	147	observe_command_result	10		Python AST definition
tools/gateway_gui/command_telemetry.py	158	expire	9		Python AST definition
tools/gateway_gui/command_telemetry.py	168	disconnect	3		Python AST definition
tools/gateway_gui/command_telemetry.py	173	decode_gateway_command_event	18	raises	Python AST definition
tools/gateway_gui/delivery_dedup.py	42	_without_batch_hints	20	while_loop	Python AST definition
tools/gateway_gui/delivery_dedup.py	143	is_new	2		Python AST definition
tools/gateway_gui/delivery_dedup.py	147	is_duplicate	2		Python AST definition
tools/gateway_gui/delivery_dedup.py	151	is_conflict	2		Python AST definition
tools/gateway_gui/delivery_dedup.py	161	is_host_delivery_packet	19		Python AST definition
tools/gateway_gui/delivery_dedup.py	191	__init__	16	raises	Python AST definition
tools/gateway_gui/delivery_dedup.py	209	_validate_gateway_id	10	raises	Python AST definition
tools/gateway_gui/delivery_dedup.py	221	gateway_id	2		Python AST definition
tools/gateway_gui/delivery_dedup.py	224	set_gateway_id	8		Python AST definition
tools/gateway_gui/delivery_dedup.py	234	_identity	12		Python AST definition
tools/gateway_gui/delivery_dedup.py	247	_identity_and_candidate	106	exception_boundary	Python AST definition
tools/gateway_gui/delivery_dedup.py	355	size	2		Python AST definition
tools/gateway_gui/delivery_dedup.py	359	cached_payload_bytes	2		Python AST definition
tools/gateway_gui/delivery_dedup.py	362	clear	5		Python AST definition
tools/gateway_gui/delivery_dedup.py	368	observe	33		Python AST definition
tools/gateway_gui/delivery_dedup.py	402	commit	24		Python AST definition
tools/gateway_gui/delivery_dedup.py	427	_commit_candidate	6		Python AST definition
tools/gateway_gui/delivery_dedup.py	434	_evict_for	7	while_loop	Python AST definition
tools/gateway_gui/diagnostic_models.py	71	anchor_label	2		Python AST definition
tools/gateway_gui/diagnostic_models.py	94	marker	2		Python AST definition
tools/gateway_gui/diagnostic_models.py	99	attempt	1		Python AST definition
tools/gateway_gui/diagnostic_models.py	105	attempt	6		Python AST definition
tools/gateway_gui/diagnostic_models.py	114	__init__	6		Python AST definition
tools/gateway_gui/diagnostic_models.py	120	reset	4		Python AST definition
tools/gateway_gui/diagnostic_models.py	126	counters	3		Python AST definition
tools/gateway_gui/diagnostic_models.py	130	observe	24	while_loop	Python AST definition
tools/gateway_gui/diagnostic_models.py	155	_classify	13		Python AST definition
tools/gateway_gui/diagnostic_models.py	169	_nearby	10		Python AST definition
tools/gateway_gui/diagnostic_models.py	195	__init__	13		Python AST definition
tools/gateway_gui/diagnostic_models.py	208	reset	9		Python AST definition
tools/gateway_gui/diagnostic_models.py	218	set_geometry	38	raises	Python AST definition
tools/gateway_gui/diagnostic_models.py	257	observe	46		Python AST definition
tools/gateway_gui/diagnostic_models.py	305	event_states	4		Python AST definition
tools/gateway_gui/diagnostic_models.py	310	select	9		Python AST definition
tools/gateway_gui/diagnostic_models.py	320	delete	19		Python AST definition
tools/gateway_gui/diagnostic_models.py	340	_solve_ranges	48	exception_boundary	Python AST definition
tools/gateway_gui/diagnostic_models.py	348	publish	5		Python AST definition
tools/gateway_gui/diagnostic_models.py	390	_noncollinear	2		Python AST definition
tools/gateway_gui/diagnostic_models.py	412	_u32_serial_newer	4		Python AST definition
tools/gateway_gui/diagnostic_models.py	419	__init__	20	exception_boundary	Python AST definition
tools/gateway_gui/diagnostic_models.py	439	reset	11		Python AST definition
tools/gateway_gui/diagnostic_models.py	452	observe	106		Python AST definition
tools/gateway_gui/diagnostic_models.py	559	accept_latest	26	exception_boundary;raises	Python AST definition
tools/gateway_gui/diagnostic_models.py	586	_select_current	10		Python AST definition
tools/gateway_gui/diagnostic_models.py	597	_load	5		Python AST definition
tools/gateway_gui/diagnostic_models.py	605	__init__	5		Python AST definition
tools/gateway_gui/diagnostic_models.py	610	reset	4		Python AST definition
tools/gateway_gui/diagnostic_models.py	615	observe	13	while_loop	Python AST definition
tools/gateway_gui/diagnostic_models.py	629	ordered	2		Python AST definition
tools/gateway_gui/diagnostic_models.py	632	terminal_for	2		Python AST definition
tools/gateway_gui/diagnostic_models.py	635	runs	9		Python AST definition
tools/gateway_gui/diagnostic_models.py	646	command_run_status	38		Python AST definition
tools/gateway_gui/diagnostic_models.py	686	command_step_sentence	34		Python AST definition
tools/gateway_gui/diagnostic_models.py	722	select_nearest_anchor_ranges	30	raises	Python AST definition
tools/gateway_gui/diagnostic_models.py	754	solve_geometry	91	raises	Python AST definition
tools/gateway_gui/diagnostic_models.py	847	refine_geometry	13		Python AST definition
tools/gateway_gui/diagnostic_views.py	44	parse_blueprint_dimensions_m	19	exception_boundary;raises	Python AST definition
tools/gateway_gui/diagnostic_views.py	68	__init__	48		Python AST definition
tools/gateway_gui/diagnostic_views.py	117	set_enabled	4		Python AST definition
tools/gateway_gui/diagnostic_views.py	124	__init__	99		Python AST definition
tools/gateway_gui/diagnostic_views.py	224	_make_blueprint_controls	13		Python AST definition
tools/gateway_gui/diagnostic_views.py	238	_sync_blueprint_controls	7		Python AST definition
tools/gateway_gui/diagnostic_views.py	246	show	40		Python AST definition
tools/gateway_gui/diagnostic_views.py	287	_select_at	16		Python AST definition
tools/gateway_gui/diagnostic_views.py	304	_press_at	13		Python AST definition
tools/gateway_gui/diagnostic_views.py	318	_drag_blueprint	8		Python AST definition
tools/gateway_gui/diagnostic_views.py	327	_end_blueprint_drag	5		Python AST definition
tools/gateway_gui/diagnostic_views.py	333	_delete_selected_click	6		Python AST definition
tools/gateway_gui/diagnostic_views.py	340	show_registration	17		Python AST definition
tools/gateway_gui/diagnostic_views.py	358	show_connections	3		Python AST definition
tools/gateway_gui/diagnostic_views.py	362	_load_blueprint	40	exception_boundary	Python AST definition
tools/gateway_gui/diagnostic_views.py	403	_apply_blueprint_size	18	exception_boundary	Python AST definition
tools/gateway_gui/diagnostic_views.py	422	_clear_blueprint	10		Python AST definition
tools/gateway_gui/diagnostic_views.py	433	_projection_for_canvas	18		Python AST definition
tools/gateway_gui/diagnostic_views.py	452	_select_anchor_at	24		Python AST definition
tools/gateway_gui/diagnostic_views.py	477	_draw_blueprint	45	while_loop	Python AST definition
tools/gateway_gui/diagnostic_views.py	523	redraw	10		Python AST definition
tools/gateway_gui/diagnostic_views.py	534	_draw_click_graph	96		Python AST definition
tools/gateway_gui/diagnostic_views.py	631	_open_fullscreen	88	exception_boundary	Python AST definition
tools/gateway_gui/diagnostic_views.py	720	_fullscreen_key_pressed	8		Python AST definition
tools/gateway_gui/diagnostic_views.py	729	_fullscreen_key_released	6		Python AST definition
tools/gateway_gui/diagnostic_views.py	736	_run_held_movement	14		Python AST definition
tools/gateway_gui/diagnostic_views.py	751	_close_fullscreen	19		Python AST definition
tools/gateway_gui/diagnostic_views.py	776	__init__	41		Python AST definition
tools/gateway_gui/diagnostic_views.py	818	show_timeline	18		Python AST definition
tools/gateway_gui/diagnostic_views.py	837	_run_selected	7		Python AST definition
tools/gateway_gui/diagnostic_views.py	845	show_topology	48		Python AST definition
tools/gateway_gui/diagnostic_views.py	894	_projector	26		Python AST definition
tools/gateway_gui/diagnostic_views.py	913	project	5		Python AST definition
tools/gateway_gui/diagnostics_integration.py	56	_initialize_gateway_diagnostics	24		Python AST definition
tools/gateway_gui/diagnostics_integration.py	81	_build_gateway_diagnostic_tabs	40		Python AST definition
tools/gateway_gui/diagnostics_integration.py	122	_apply_survey_geometry_positions	23		Python AST definition
tools/gateway_gui/diagnostics_integration.py	146	_select_click_location	8		Python AST definition
tools/gateway_gui/diagnostics_integration.py	155	_delete_click_location	7		Python AST definition
tools/gateway_gui/diagnostics_integration.py	163	_nudge_layout_translation	4		Python AST definition
tools/gateway_gui/diagnostics_integration.py	168	_apply_manual_anchor_layout	27	exception_boundary	Python AST definition
tools/gateway_gui/diagnostics_integration.py	196	_nudge_layout_scale	4		Python AST definition
tools/gateway_gui/diagnostics_integration.py	201	_reset_layout_registration	4		Python AST definition
tools/gateway_gui/diagnostics_integration.py	206	_mirror_layout_frame	4		Python AST definition
tools/gateway_gui/diagnostics_integration.py	211	_diagnostic_tab_changed	12		Python AST definition
tools/gateway_gui/diagnostics_integration.py	224	_observe_diagnostic_packet	61	exception_boundary	Python AST definition
tools/gateway_gui/diagnostics_integration.py	286	_expire_gateway_command	8		Python AST definition
tools/gateway_gui/diagnostics_integration.py	295	_wake_evidence	13		Python AST definition
tools/gateway_gui/diagnostics_integration.py	309	_configure_diagnostic_packet_tags	13		Python AST definition
tools/gateway_gui/diagnostics_integration.py	323	_diagnostic_packet_tags	8		Python AST definition
tools/gateway_gui/diagnostics_integration.py	332	_diagnostic_packet_label	3		Python AST definition
tools/gateway_gui/diagnostics_integration.py	336	_register_diagnostic_packet_row	3		Python AST definition
tools/gateway_gui/diagnostics_integration.py	340	_forget_diagnostic_packet_row	3		Python AST definition
tools/gateway_gui/diagnostics_integration.py	344	_refresh_wake_row	10		Python AST definition
tools/gateway_gui/diagnostics_integration.py	355	_handle_diagnostic_event	52	exception_boundary	Python AST definition
tools/gateway_gui/diagnostics_integration.py	408	_refresh_survey_view	4		Python AST definition
tools/gateway_gui/diagnostics_integration.py	413	_show_survey_tab	5		Python AST definition
tools/gateway_gui/diagnostics_integration.py	419	_schedule_survey_geometry_solve	48	exception_boundary	Python AST definition
tools/gateway_gui/diagnostics_integration.py	468	_request_survey_geometry_solve	25		Python AST definition
tools/gateway_gui/diagnostics_integration.py	494	_effective_geometry_inputs	18		Python AST definition
tools/gateway_gui/diagnostics_integration.py	513	_submit_geometry_solve	122	exception_boundary	Python AST definition
tools/gateway_gui/diagnostics_integration.py	588	completed	44	exception_boundary	Python AST definition
tools/gateway_gui/diagnostics_integration.py	636	_request_distance_only_refinement	93	exception_boundary	Python AST definition
tools/gateway_gui/diagnostics_integration.py	686	completed	41	exception_boundary	Python AST definition
tools/gateway_gui/diagnostics_integration.py	730	_discard_geometry_job	12		Python AST definition
tools/gateway_gui/diagnostics_integration.py	743	_shutdown_gateway_diagnostics	4		Python AST definition
tools/gateway_gui/diagnostics_integration.py	748	_accept_topology_baseline	10	exception_boundary	Python AST definition
tools/gateway_gui/geometry_nlos_probe.py	21	aligned_target_error	11		Python AST definition
tools/gateway_gui/geometry_nlos_probe.py	34	run	64		Python AST definition
tools/gateway_gui/localization.py	72	solve_position	89		Python AST definition
tools/gateway_gui/localization.py	163	build_square_simulation	46	raises	Python AST definition
tools/gateway_gui/localization.py	211	_preprocess_readings	31	raises	Python AST definition
tools/gateway_gui/localization.py	244	_solve_radical_axis_lines	14	raises	Python AST definition
tools/gateway_gui/localization.py	260	_radical_axis_rows	18		Python AST definition
tools/gateway_gui/localization.py	280	_analyze_radical_axis_residuals	27	raises	Python AST definition
tools/gateway_gui/localization.py	309	_analyze_range_fit	37	raises	Python AST definition
tools/gateway_gui/localization.py	348	_solve_range_least_squares	63	exception_boundary	Python AST definition
tools/gateway_gui/localization.py	413	_point_in_convex_hull	41	while_loop	Python AST definition
tools/gateway_gui/localization.py	426	cross	7		Python AST definition
tools/gateway_gui/localization.py	456	_range_least_squares_cost	11		Python AST definition
tools/gateway_gui/localization.py	469	_localization_confidence	22		Python AST definition
tools/gateway_gui/localization.py	493	_solve_2x2	15	raises	Python AST definition
tools/gateway_gui/operation_policy.py	44	_bounded	5	raises	Python AST definition
tools/gateway_gui/operation_policy.py	51	assignment_required_budget_ms	72		Python AST definition
tools/gateway_gui/operation_policy.py	134	__post_init__	30	raises	Python AST definition
tools/gateway_gui/operation_policy.py	165	encode_value	14		Python AST definition
tools/gateway_gui/operation_policy.py	185	encoded_values	2		Python AST definition
tools/gateway_gui/operation_policy.py	189	decode_operation_policy_value	36	raises	Python AST definition
tools/gateway_gui/protocol.py	92	click_report_session_id	24		Python AST definition
tools/gateway_gui/protocol.py	422	_operation_policy	5	exception_boundary;raises	Python AST definition
tools/gateway_gui/protocol.py	432	_scalar	7	raises	Python AST definition
tools/gateway_gui/protocol.py	433	decode	4	raises	Python AST definition
tools/gateway_gui/protocol.py	441	_array	10	raises	Python AST definition
tools/gateway_gui/protocol.py	442	decode	7	raises	Python AST definition
tools/gateway_gui/protocol.py	453	_exact_bytes	7	raises	Python AST definition
tools/gateway_gui/protocol.py	454	decode	4	raises	Python AST definition
tools/gateway_gui/protocol.py	462	_mesh_ack_semantic_identity	12	raises	Python AST definition
tools/gateway_gui/protocol.py	476	_raw_timestamps	15	raises	Python AST definition
tools/gateway_gui/protocol.py	493	_discovery_assignment_table	12	raises	Python AST definition
tools/gateway_gui/protocol.py	763	display	39		Python AST definition
tools/gateway_gui/protocol.py	825	message_name	2		Python AST definition
tools/gateway_gui/protocol.py	829	flag_names	2		Python AST definition
tools/gateway_gui/protocol.py	833	is_click_report	2		Python AST definition
tools/gateway_gui/protocol.py	836	first_tlv	2		Python AST definition
tools/gateway_gui/protocol.py	839	value	5		Python AST definition
tools/gateway_gui/protocol.py	845	raw_value	3		Python AST definition
tools/gateway_gui/protocol.py	902	__post_init__	11	raises	Python AST definition
tools/gateway_gui/protocol.py	914	encode	9		Python AST definition
tools/gateway_gui/protocol.py	925	decode	16	exception_boundary;raises	Python AST definition
tools/gateway_gui/protocol.py	972	usable	2		Python AST definition
tools/gateway_gui/protocol.py	1002	_slots_from_bitmap	6		Python AST definition
tools/gateway_gui/protocol.py	1010	decode_survey_event	131	raises	Python AST definition
tools/gateway_gui/protocol.py	1143	_signal_record_position	12	raises	Python AST definition
tools/gateway_gui/protocol.py	1157	_decode_survey_signal_event	51	raises	Python AST definition
tools/gateway_gui/protocol.py	1210	_mutual_survey_edges	21	raises	Python AST definition
tools/gateway_gui/protocol.py	1233	select_degree_balanced_survey_pairs	35	raises;while_loop	Python AST definition
tools/gateway_gui/protocol.py	1273	_generic_coordinate	10		Python AST definition
tools/gateway_gui/protocol.py	1276	mix	5		Python AST definition
tools/gateway_gui/protocol.py	1285	_rigidity_row	17		Python AST definition
tools/gateway_gui/protocol.py	1304	_basis_with_row	35		Python AST definition
tools/gateway_gui/protocol.py	1341	survey_pair_rigidity_rank	18	raises	Python AST definition
tools/gateway_gui/protocol.py	1361	_selected_neighbors	9		Python AST definition
tools/gateway_gui/protocol.py	1372	_shortest_selected_path	15	while_loop	Python AST definition
tools/gateway_gui/protocol.py	1389	select_rigidity_aware_survey_pairs	122	raises;while_loop	Python AST definition
tools/gateway_gui/protocol.py	1410	find	9	while_loop	Python AST definition
tools/gateway_gui/protocol.py	1420	union	5		Python AST definition
tools/gateway_gui/protocol.py	1513	select_closest_survey_pairs	119	raises;while_loop	Python AST definition
tools/gateway_gui/protocol.py	1555	proximity_score	10		Python AST definition
tools/gateway_gui/protocol.py	1571	find	9	while_loop	Python AST definition
tools/gateway_gui/protocol.py	1581	union	5		Python AST definition
tools/gateway_gui/protocol.py	1634	select_survey_pairs	20	raises	Python AST definition
tools/gateway_gui/protocol.py	1656	bit_names	2		Python AST definition
tools/gateway_gui/protocol.py	1660	format_device_id	2		Python AST definition
tools/gateway_gui/protocol.py	1664	decode_gateway_identity	7	raises	Python AST definition
tools/gateway_gui/protocol.py	1673	crc16_ccitt_false	10		Python AST definition
tools/gateway_gui/protocol.py	1685	cobs_encode	20		Python AST definition
tools/gateway_gui/protocol.py	1707	cobs_decode	16	raises;while_loop	Python AST definition
tools/gateway_gui/protocol.py	1725	_truncated_tlv	11		Python AST definition
tools/gateway_gui/protocol.py	1738	parse_tlvs	49	exception_boundary;raises;while_loop	Python AST definition
tools/gateway_gui/protocol.py	1849	_click_tlv_values	2		Python AST definition
tools/gateway_gui/protocol.py	1853	validate_click_payload	214	raises	Python AST definition
tools/gateway_gui/protocol.py	1898	required	10	raises	Python AST definition
tools/gateway_gui/protocol.py	1909	present	5	raises	Python AST definition
tools/gateway_gui/protocol.py	2074	parse_shared_packet_bytes	57	raises	Python AST definition
tools/gateway_gui/protocol.py	2133	parse_cobs_packet	11	raises	Python AST definition
tools/gateway_gui/protocol.py	2146	parse_stream_record	45	raises	Python AST definition
tools/gateway_gui/protocol.py	2193	is_gateway_assignment_publisher_event	52		Python AST definition
tools/gateway_gui/protocol.py	2247	validate_gateway_command_event_packet	46	exception_boundary;raises	Python AST definition
tools/gateway_gui/protocol.py	2295	validate_gateway_local_command_result_packet	35	raises	Python AST definition
tools/gateway_gui/protocol.py	2332	validate_self_test_report_packet	49	raises	Python AST definition
tools/gateway_gui/protocol.py	2386	__init__	2		Python AST definition
tools/gateway_gui/protocol.py	2389	reset	2		Python AST definition
tools/gateway_gui/protocol.py	2393	_append_packet	16		Python AST definition
tools/gateway_gui/protocol.py	2410	_find_stream_record	62	while_loop	Python AST definition
tools/gateway_gui/protocol.py	2473	_consume_stream_record	23	exception_boundary	Python AST definition
tools/gateway_gui/protocol.py	2497	feed	61	exception_boundary;while_loop	Python AST definition
tools/gateway_gui/protocol.py	2560	encode_shared_packet	45	raises	Python AST definition
tools/gateway_gui/protocol.py	2607	encode_cobs_packet	2		Python AST definition
tools/gateway_gui/protocol.py	2611	append_tlv	7	raises	Python AST definition
tools/gateway_gui/protocol.py	2620	_validate_gateway_host_receipt_identity	60	raises	Python AST definition
tools/gateway_gui/protocol.py	2682	encode_gateway_host_receipt_identity	11		Python AST definition
tools/gateway_gui/protocol.py	2695	decode_gateway_host_receipt_identity	17	raises	Python AST definition
tools/gateway_gui/protocol.py	2714	parse_gateway_host_receipt	21	raises	Python AST definition
tools/gateway_gui/protocol.py	2737	build_gateway_host_receipt	56	raises	Python AST definition
tools/gateway_gui/protocol.py	2795	append_operation_policy_tlvs	5		Python AST definition
tools/gateway_gui/protocol.py	2802	_build_command_frame	21		Python AST definition
tools/gateway_gui/protocol.py	2825	build_here_i_am_command	47	raises	Python AST definition
tools/gateway_gui/protocol.py	2873	build_reboot_command	24	raises	Python AST definition
tools/gateway_gui/protocol.py	2899	build_assign_discovery_slots_command	30	raises	Python AST definition
tools/gateway_gui/protocol.py	2931	_validate_survey_command_envelope	11	raises	Python AST definition
tools/gateway_gui/protocol.py	2944	build_survey_start_command	15		Python AST definition
tools/gateway_gui/protocol.py	2961	build_survey_plan_command	44	raises	Python AST definition
tools/gateway_gui/protocol.py	3007	build_survey_cancel_command	23	raises	Python AST definition
tools/gateway_gui/protocol.py	3032	build_survey_get_status_command	24	raises	Python AST definition
tools/gateway_gui/protocol.py	3058	click_samples	41		Python AST definition
tools/gateway_gui/protocol.py	3101	decode_cir_sample	13		Python AST definition
tools/gateway_gui/protocol.py	3116	hex_dump	8		Python AST definition
tools/gateway_gui/survey_hil.py	51	qualifies	36		Python AST definition
tools/gateway_gui/survey_hil.py	92	__init__	3		Python AST definition
tools/gateway_gui/survey_hil.py	96	_append_log	3		Python AST definition
tools/gateway_gui/survey_hil.py	100	_add_packet	137	exception_boundary	Python AST definition
tools/gateway_gui/survey_hil.py	239	_emit	2		Python AST definition
tools/gateway_gui/survey_hil.py	243	_configure_expected_anchors	5		Python AST definition
tools/gateway_gui/survey_hil.py	250	_disconnect_injection_due	8		Python AST definition
tools/gateway_gui/survey_hil.py	260	_survey_event_is_current	7		Python AST definition
tools/gateway_gui/survey_hil.py	269	run	172		Python AST definition
tools/gateway_gui/survey_hil.py	287	finish	49		Python AST definition
tools/gateway_gui/survey_hil.py	337	poll	98		Python AST definition
tools/gateway_gui/survey_hil.py	443	main	71	raises	Python AST definition
tools/gateway_gui/survey_runtime.py	84	__init__	2		Python AST definition
tools/gateway_gui/survey_runtime.py	87	begin	25	raises	Python AST definition
tools/gateway_gui/survey_runtime.py	113	observe_result	25		Python AST definition
tools/gateway_gui/survey_runtime.py	139	expire	13		Python AST definition
tools/gateway_gui/survey_runtime.py	153	reset	2		Python AST definition
tools/gateway_gui/survey_runtime.py	167	fraction	8		Python AST definition
tools/gateway_gui/survey_runtime.py	189	__init__	6		Python AST definition
tools/gateway_gui/survey_runtime.py	196	clear	14		Python AST definition
tools/gateway_gui/survey_runtime.py	211	_clear_run	31		Python AST definition
tools/gateway_gui/survey_runtime.py	243	begin	47	raises	Python AST definition
tools/gateway_gui/survey_runtime.py	291	_validate_followup	20	raises	Python AST definition
tools/gateway_gui/survey_runtime.py	313	_anchor_key	2		Python AST definition
tools/gateway_gui/survey_runtime.py	317	_distance_key	2		Python AST definition
tools/gateway_gui/survey_runtime.py	320	_record_current_pass	11		Python AST definition
tools/gateway_gui/survey_runtime.py	332	observe_command_event	149	raises	Python AST definition
tools/gateway_gui/survey_runtime.py	482	note_command_dispatched	18		Python AST definition
tools/gateway_gui/survey_runtime.py	501	note_command_accepted	16		Python AST definition
tools/gateway_gui/survey_runtime.py	518	note_command_rejected	13		Python AST definition
tools/gateway_gui/survey_runtime.py	532	note_command_timeout	8		Python AST definition
tools/gateway_gui/survey_runtime.py	541	set_requested_pairs	8	raises	Python AST definition
tools/gateway_gui/survey_runtime.py	550	select_plan_pairs	33	raises	Python AST definition
tools/gateway_gui/survey_runtime.py	584	observe_survey_event	59	raises	Python AST definition
tools/gateway_gui/survey_runtime.py	644	_observe_signals	19	raises	Python AST definition
tools/gateway_gui/survey_runtime.py	664	_validate_first_event	13	raises	Python AST definition
tools/gateway_gui/survey_runtime.py	678	_observe_neighbor_graph	38	raises	Python AST definition
tools/gateway_gui/survey_runtime.py	717	_observe_plan	50	raises	Python AST definition
tools/gateway_gui/survey_runtime.py	768	_observe_ranges	90	raises	Python AST definition
tools/gateway_gui/survey_runtime.py	859	fail	5		Python AST definition
tools/gateway_gui/survey_runtime.py	865	_geometry_changed	8		Python AST definition
tools/gateway_gui/survey_runtime.py	875	current_geometry_pairs	20		Python AST definition
tools/gateway_gui/survey_runtime.py	897	geometry_pairs	7		Python AST definition
tools/gateway_gui/survey_runtime.py	906	geometry_uses_retained_fallback	12		Python AST definition
tools/gateway_gui/survey_runtime.py	920	current_neighbor_pairs	20		Python AST definition
tools/gateway_gui/survey_runtime.py	942	neighbor_pairs	11		Python AST definition
tools/gateway_gui/survey_runtime.py	955	nonneighbor_pairs	32		Python AST definition
tools/gateway_gui/survey_runtime.py	989	geometry_solve_ready	40	while_loop	Python AST definition
tools/gateway_gui/survey_runtime.py	1031	geometry_solve_pending	7		Python AST definition
tools/gateway_gui/survey_runtime.py	1040	geometry_requirement	35		Python AST definition
tools/gateway_gui/survey_runtime.py	1076	apply_layout	24	raises	Python AST definition
tools/gateway_gui/survey_runtime.py	1101	geometry_failed	6		Python AST definition
tools/gateway_gui/survey_runtime.py	1109	progress_percent	6		Python AST definition
tools/gateway_gui/survey_runtime.py	1117	headline	23		Python AST definition
tools/gateway_gui/survey_runtime.py	1141	_set_step	14		Python AST definition
tools/gateway_gui/survey_timing.py	60	_hop_count	4	raises	Python AST definition
tools/gateway_gui/survey_timing.py	66	_slot_span	4	raises	Python AST definition
tools/gateway_gui/survey_timing.py	72	survey_control_delivery_ms	8		Python AST definition
tools/gateway_gui/survey_timing.py	82	survey_response_lane_ms	7		Python AST definition
tools/gateway_gui/survey_timing.py	91	survey_enumeration_phase_ms	18		Python AST definition
tools/gateway_gui/survey_timing.py	111	survey_neighbor_phase_ms	10		Python AST definition
tools/gateway_gui/survey_timing.py	123	survey_wave_stride_ms	7		Python AST definition
tools/gateway_gui/survey_timing.py	132	survey_ranging_phase_ms	10	raises	Python AST definition
tools/gateway_gui/survey_timing.py	152	remaining_ms	2		Python AST definition
tools/gateway_gui/survey_timing.py	156	fraction	2		Python AST definition
tools/gateway_gui/survey_timing.py	160	elapsed	2		Python AST definition
tools/gateway_gui/survey_timing.py	172	__post_init__	5	raises	Python AST definition
tools/gateway_gui/survey_timing.py	178	snapshot	8		Python AST definition
tools/gateway_gui/survey_timing.py	201	__init__	23	exception_boundary	Python AST definition
tools/gateway_gui/survey_timing.py	226	for_user	4		Python AST definition
tools/gateway_gui/survey_timing.py	231	duration_ms	5		Python AST definition
tools/gateway_gui/survey_timing.py	237	observe	15		Python AST definition
tools/gateway_gui/survey_timing.py	253	_save	23	exception_boundary	Python AST definition
tools/gateway_gui/survey_view.py	89	project	5		Python AST definition
tools/gateway_gui/survey_view.py	95	unproject	6		Python AST definition
tools/gateway_gui/survey_view.py	112	edge_key	6		Python AST definition
tools/gateway_gui/survey_view.py	120	apply_edge_overrides	23		Python AST definition
tools/gateway_gui/survey_view.py	145	parse_edge_distance_m	5	raises	Python AST definition
tools/gateway_gui/survey_view.py	152	point_segment_distance_px	20		Python AST definition
tools/gateway_gui/survey_view.py	177	__init__	38		Python AST definition
tools/gateway_gui/survey_view.py	216	set_enabled	3		Python AST definition
tools/gateway_gui/survey_view.py	220	show_registration	10		Python AST definition
tools/gateway_gui/survey_view.py	232	transform_layout	21	raises	Python AST definition
tools/gateway_gui/survey_view.py	255	inverse_transform_point	21	raises	Python AST definition
tools/gateway_gui/survey_view.py	278	node_error_color	15		Python AST definition
tools/gateway_gui/survey_view.py	295	node_mean_absolute_errors	20		Python AST definition
tools/gateway_gui/survey_view.py	317	held_translation_delta	6		Python AST definition
tools/gateway_gui/survey_view.py	325	_parse_radio_distance	8	exception_boundary;raises	Python AST definition
tools/gateway_gui/survey_view.py	335	parse_neighbor_interval_m	13	raises	Python AST definition
tools/gateway_gui/survey_view.py	350	parse_neighbor_max_m	6		Python AST definition
tools/gateway_gui/survey_view.py	358	parse_nearest_anchor_count	12	exception_boundary;raises	Python AST definition
tools/gateway_gui/survey_view.py	375	__init__	362		Python AST definition
tools/gateway_gui/survey_view.py	738	show_phase_progress	22		Python AST definition
tools/gateway_gui/survey_view.py	761	_build_edge_editor	45		Python AST definition
tools/gateway_gui/survey_view.py	807	show_model	107		Python AST definition
tools/gateway_gui/survey_view.py	915	_show_pairs	34		Python AST definition
tools/gateway_gui/survey_view.py	950	_update_radio_radius	26	exception_boundary	Python AST definition
tools/gateway_gui/survey_view.py	978	effective_geometry_pairs	5		Python AST definition
tools/gateway_gui/survey_view.py	985	disabled_edge_keys	5		Python AST definition
tools/gateway_gui/survey_view.py	992	edge_edit_counts	9		Python AST definition
tools/gateway_gui/survey_view.py	1002	_pair_for_key	11		Python AST definition
tools/gateway_gui/survey_view.py	1014	_select_anchor	5		Python AST definition
tools/gateway_gui/survey_view.py	1020	_select_edge	5		Python AST definition
tools/gateway_gui/survey_view.py	1027	locked_positions_m	3		Python AST definition
tools/gateway_gui/survey_view.py	1031	_build_anchor_lock_controls	15		Python AST definition
tools/gateway_gui/survey_view.py	1047	_show_fit_details	12		Python AST definition
tools/gateway_gui/survey_view.py	1060	_toggle_anchor_lock	10		Python AST definition
tools/gateway_gui/survey_view.py	1071	_unlock_all_anchors	6		Python AST definition
tools/gateway_gui/survey_view.py	1078	_sync_anchor_locks	20		Python AST definition
tools/gateway_gui/survey_view.py	1099	_move_locks_with_layout	4		Python AST definition
tools/gateway_gui/survey_view.py	1104	_sync_edge_editor	62		Python AST definition
tools/gateway_gui/survey_view.py	1167	_apply_selected_edge_distance	17	exception_boundary	Python AST definition
tools/gateway_gui/survey_view.py	1185	_toggle_selected_edge	15		Python AST definition
tools/gateway_gui/survey_view.py	1201	_reset_selected_edge	7		Python AST definition
tools/gateway_gui/survey_view.py	1209	_reset_all_edge_overrides	4		Python AST definition
tools/gateway_gui/survey_view.py	1214	_rotate	6		Python AST definition
tools/gateway_gui/survey_view.py	1221	_mirror	6		Python AST definition
tools/gateway_gui/survey_view.py	1228	mirror_layout_frame	4		Python AST definition
tools/gateway_gui/survey_view.py	1233	_apply_transform	14		Python AST definition
tools/gateway_gui/survey_view.py	1248	accept_manual_layout	16		Python AST definition
tools/gateway_gui/survey_view.py	1265	_bind_anchor_dragging	17		Python AST definition
tools/gateway_gui/survey_view.py	1283	_anchor_drag_started	65		Python AST definition
tools/gateway_gui/survey_view.py	1349	_anchor_dragged	37		Python AST definition
tools/gateway_gui/survey_view.py	1387	_anchor_drag_finished	35	exception_boundary	Python AST definition
tools/gateway_gui/survey_view.py	1424	registration	8		Python AST definition
tools/gateway_gui/survey_view.py	1433	nudge_translation	6		Python AST definition
tools/gateway_gui/survey_view.py	1440	nudge_scale	5		Python AST definition
tools/gateway_gui/survey_view.py	1446	reset_transform	15		Python AST definition
tools/gateway_gui/survey_view.py	1462	set_geometry_job_pending	5		Python AST definition
tools/gateway_gui/survey_view.py	1468	_request_refinement	3		Python AST definition
tools/gateway_gui/survey_view.py	1472	_build_distance_weight_control	14		Python AST definition
tools/gateway_gui/survey_view.py	1487	_solver_selection_changed	6		Python AST definition
tools/gateway_gui/survey_view.py	1495	distance_weight_power	2		Python AST definition
tools/gateway_gui/survey_view.py	1498	_request_solve	29	exception_boundary	Python AST definition
tools/gateway_gui/survey_view.py	1528	_request_dragged_solve	8		Python AST definition
tools/gateway_gui/survey_view.py	1538	neighbor_interval_m	5		Python AST definition
tools/gateway_gui/survey_view.py	1545	neighbor_max_m	2		Python AST definition
tools/gateway_gui/survey_view.py	1549	nearest_anchor_count	4		Python AST definition
tools/gateway_gui/survey_view.py	1554	_show_registration	12		Python AST definition
tools/gateway_gui/survey_view.py	1567	_sync_control_states	64		Python AST definition
tools/gateway_gui/survey_view.py	1632	_open_fullscreen	168	exception_boundary	Python AST definition
tools/gateway_gui/survey_view.py	1801	_fullscreen_key_pressed	8		Python AST definition
tools/gateway_gui/survey_view.py	1810	_fullscreen_key_released	6		Python AST definition
tools/gateway_gui/survey_view.py	1817	_run_held_movement	14		Python AST definition
tools/gateway_gui/survey_view.py	1832	_close_fullscreen	56	exception_boundary	Python AST definition
tools/gateway_gui/survey_view.py	1889	_redraw	11		Python AST definition
tools/gateway_gui/survey_view.py	1901	_draw_geometry	221		Python AST definition
tools/gateway_gui/survey_view.py	2124	_fallback_positions	15		Python AST definition
tools/gateway_gui/survey_view.py	2141	_canvas_projection	36		Python AST definition
tools/gateway_gui/survey_view.py	2179	_projector	6		Python AST definition
