49413.102 [0] DBG_ANCHOR_CH5_SCAN_HANDLER role=2
49413.102 [0] DBG_DWM_CH5_RX_HUNT_START acq=10 complete=1000 cap=1020
49413.102 [0] DBG_DWM_CH5_RX_HUNT_EMPTY s=324656 e=324666 ret=-116 sys=00000000 phy=2 cfg=1 aw=1 unk=0
49413.102 [0] DBG_ANCHOR_CH5_SCAN_RESCHED ret=1 delay=380
49413.102 [0] DBG_ANCHOR_CH5_SCAN_HANDLER role=2
49413.102 [0] DBG_DWM_CH5_RX_HUNT_START acq=10 complete=1000 cap=1020
49413.102 [0] DBG_DWM_CH5_RX_HUNT_EMPTY s=325056 e=325066 ret=-116 sys=00000000 phy=2 cfg=1 aw=1 unk=0
49413.102 [0] DBG_ANCHOR_CH5_SCAN_RESCHED ret=1 delay=380
49413.102 [0] DBG_ANCHOR_CH5_SCAN_HANDLER role=2
49413.102 [0] DBG_ANCHOR_CH5_SCAN_ARM now=325448 win=10 complete=15 interval=380 wait=0 tx=0 response=0
49413.102 [0] DBG_DWM_CH5_RX_HUNT_START acq=10 complete=1000 cap=1020
49413.102 [0] DBG_DWM_CH5_RX_HUNT_EMPTY s=325456 e=325466 ret=-116 sys=00000000 phy=2 cfg=1 aw=1 unk=0
49413.102 [0] DBG_ANCHOR_CH5_SCAN_DONE ret=-116 len=0 fail=1 pre=0 q=0 rx_us=10650 complete=1000
49413.102 [0] DBG_STACK_RUN_DROP kind=anchor_scan owner=anchor_uwb_scan uptime=325467
49413.102 [0] DBG_ANCHOR_CH5_SCAN_RESCHED ret=1 delay=380
49413.102 [0] DBG_ANCHOR_CH5_SCAN_HANDLER role=2
49413.102 [0] DBG_DWM_CH5_RX_HUNT_START acq=10 complete=1000 cap=1020
49413.356 [0] DBG_ANCHOR_CH5_SCAN_HANDLER role=2
49413.356 [0] DBG_ANCHOR_CH5_SCAN_ARM now=389056 win=10 complete=15 interval=380 wait=0 tx=0 response=0
49413.396 [0] DBG_DWM_CH5_RX_HUNT_START acq=10 complete=1000 cap=1020
49413.396 [0] DBG_DWM_CH5_RX_HUNT_EMPTY s=389064 e=389074 ret=-116 sys=00000000 phy=2 cfg=1 aw=1 unk=0
49413.396 [0] DBG_ANCHOR_CH5_SCAN_DONE ret=-116 len=0 fail=1 pre=0 q=0 rx_us=10803 complete=1000
49413.396 [0] DBG_STACK_RUN_DROP kind=anchor_scan owner=anchor_uwb_scan uptime=389075
49413.396 [0] DBG_ANCHOR_CH5_SCAN_RESCHED ret=1 delay=380
49413.756 [0] DBG_ANCHOR_CH5_SCAN_HANDLER role=2
49413.786 [0] DBG_DWM_CH5_RX_HUNT_START acq=10 complete=1000 cap=1020
49413.786 [0] DBG_DWM_CH5_RX_HUNT_EMPTY s=389464 e=389474 ret=-116 sys=00000000 phy=2 cfg=1 aw=1 unk=0
49413.786 [0] DBG_ANCHOR_CH5_SCAN_RESCHED ret=1 delay=380
49414.172 [0] DBG_ANCHOR_CH5_SCAN_HANDLER role=2
49414.172 [0] DBG_DWM_CH5_RX_HUNT_START acq=10 complete=1000 cap=1020
49414.172 [0] DBG_DWM_CH5_RX_HUNT_EMPTY s=389864 e=389874 ret=-116 sys=00000000 phy=2 cfg=1 aw=1 unk=0
49414.172 [0] DBG_ANCHOR_CH5_SCAN_RESCHED ret=1 delay=380
49414.555 [0] DBG_ANCHOR_CH5_SCAN_HANDLER role=2
49414.555 [0] DBG_ANCHOR_CH5_SCAN_ARM now=390256 win=10 complete=15 interval=380 wait=0 tx=0 response=0
49414.584 [0] DBG_DWM_CH5_RX_HUNT_START acq=10 complete=1000 cap=1020
49414.584 [0] DBG_DWM_CH5_RX_HUNT_EMPTY s=390264 e=390274 ret=-116 sys=00000000 phy=2 cfg=1 aw=1 unk=0
49414.584 [0] DBG_ANCHOR_CH5_SCAN_DONE ret=-116 len=0 fail=1 pre=0 q=0 rx_us=10986 complete=1000
49414.584 [0] DBG_STACK_RUN_DROP kind=anchor_scan owner=anchor_uwb_scan uptime=390275
49414.584 [0] DBG_ANCHOR_CH5_SCAN_RESCHED ret=1 delay=380
49414.972 [0] DBG_ANCHOR_CH5_SCAN_HANDLER role=2
49414.972 [0] DBG_DWM_CH5_RX_HUNT_START acq=10 complete=1000 cap=1020
49414.972 [0] DBG_DWM_CH5_RX_HUNT_EMPTY s=390664 e=390675 ret=-116 sys=00000000 phy=2 cfg=1 aw=1 unk=0
49414.972 [0] DBG_ANCHOR_CH5_SCAN_RESCHED ret=1 delay=380
49415.363 [0] DBG_ANCHOR_CH5_SCAN_HANDLER role=2
49415.363 [0] DBG_DWM_CH5_RX_HUNT_START acq=10 complete=1000 cap=1020
49415.389 [0] DBG_DWM_CH5_RX_HUNT_EMPTY s=391065 e=391075 ret=-116 sys=00000000 phy=2 cfg=1 aw=1 unk=0
49415.389 [0] DBG_ANCHOR_CH5_SCAN_RESCHED ret=1 delay=380
49415.752 [0] DBG_ANCHOR_CH5_SCAN_HANDLER role=2
49415.752 [0] DBG_ANCHOR_CH5_SCAN_ARM now=391457 win=10 complete=15 interval=380 wait=0 tx=0 response=0
49415.779 [0] DBG_DWM_CH5_RX_HUNT_START acq=10 complete=1000 cap=1020
49415.779 [0] DBG_DWM_CH5_RX_HUNT_EMPTY s=391465 e=391475 ret=-116 sys=00000000 phy=2 cfg=1 aw=1 unk=0
49415.779 [0] DBG_ANCHOR_CH5_SCAN_DONE ret=-116 len=0 fail=1 pre=0 q=0 rx_us=10955 complete=1000
49415.779 [0] DBG_STACK_RUN_DROP kind=anchor_scan owner=anchor_uwb_scan uptime=391476
49415.779 [0] DBG_ANCHOR_CH5_SCAN_RESCHED ret=1 delay=380
49416.167 [0] DBG_ANCHOR_CH5_SCAN_HANDLER role=2
49416.167 [0] DBG_DWM_CH5_RX_HUNT_START acq=10 complete=1000 cap=1020
49416.193 [0] DBG_DWM_CH5_RX_HUNT_EMPTY s=391865 e=391875 ret=-116 sys=00000000 phy=2 cfg=1 aw=1 unk=0
49416.193 [0] DBG_ANCHOR_CH5_SCAN_RESCHED ret=1 delay=380
49416.554 [0] DBG_ANCHOR_CH5_SCAN_HANDLER role=2
49416.580 [0] DBG_DWM_CH5_RX_HUNT_START acq=10 complete=1000 cap=1020
49416.580 [0] DBG_DWM_CH5_RX_HUNT_EMPTY s=392264 e=392275 ret=-116 sys=00000000 phy=2 cfg=1 aw=1 unk=0
49416.580 [0] DBG_ANCHOR_CH5_SCAN_RESCHED ret=1 delay=380
49416.950 [0] DBG_ANCHOR_CH5_SCAN_HANDLER role=2
49416.950 [0] DBG_ANCHOR_CH5_SCAN_ARM now=392657 win=10 complete=15 interval=380 wait=0 tx=0 response=0
49416.978 [0] DBG_DWM_CH5_RX_HUNT_START acq=10 complete=1000 cap=1020
49416.978 [0] DBG_DWM_CH5_RX_HUNT_EMPTY s=392665 e=392675 ret=-116 sys=00000000 phy=2 cfg=1 aw=1 unk=0
49416.978 [0] DBG_ANCHOR_CH5_SCAN_DONE ret=-116 len=0 fail=1 pre=0 q=0 rx_us=10955 complete=1000
49416.978 [0] DBG_STACK_RUN_DROP kind=anchor_scan owner=anchor_uwb_scan uptime=392676
49416.978 [0] DBG_ANCHOR_CH5_SCAN_RESCHED ret=1 delay=380
49417.363 [0] DBG_ANCHOR_CH5_SCAN_HANDLER role=2
49417.363 [0] DBG_DWM_CH5_RX_HUNT_START acq=10 complete=1000 cap=1020
49417.390 [0] DBG_DWM_CH5_RX_HUNT_EMPTY s=393065 e=393075 ret=-116 sys=00000000 phy=2 cfg=1 aw=1 unk=0
49417.390 [0] DBG_ANCHOR_CH5_SCAN_RESCHED ret=1 delay=380
49417.752 [0] DBG_ANCHOR_CH5_SCAN_HANDLER role=2
49417.778 [0] DBG_DWM_CH5_RX_HUNT_START acq=10 complete=1000 cap=1020
49417.778 [0] DBG_DWM_CH5_RX_HUNT_EMPTY s=393465 e=393475 ret=-116 sys=00000000 phy=2 cfg=1 aw=1 unk=0
49417.778 [0] DBG_ANCHOR_CH5_SCAN_RESCHED ret=1 delay=380
49418.245 [0] DBG_ANCHOR_CH5_SCAN_HANDLER role=2
49418.245 [0] DBG_ANCHOR_CH5_SCAN_ARM now=393857 win=10 complete=15 interval=380 wait=0 tx=0 response=0
49418.245 [0] DBG_DWM_CH5_RX_HUNT_START acq=10 complete=1000 cap=1020
49418.245 [0] DBG_DWM_CH5_RX_HUNT_EMPTY s=393865 e=393875 ret=-116 sys=00000000 phy=2 cfg=1 aw=1 unk=0
49418.245 [0] DBG_ANCHOR_CH5_SCAN_DONE ret=-116 len=0 fail=1 pre=0 q=0 rx_us=10955 complete=1000
49418.245 [0] DBG_STACK_RUN_DROP kind=anchor_scan owner=anchor_uwb_scan uptime=393876
49418.245 [0] DBG_ANCHOR_CH5_SCAN_RESCHED ret=1 delay=380
49418.562 [0] DBG_ANCHOR_CH5_SCAN_HANDLER role=2
49418.562 [0] DBG_DWM_CH5_RX_HUNT_START acq=10 complete=1000 cap=1020
49418.590 [0] DBG_DWM_CH5_RX_HUNT_EMPTY s=394265 e=394275 ret=-116 sys=00000000 phy=2 cfg=1 aw=1 unk=0
49418.590 [0] DBG_ANCHOR_CH5_SCAN_RESCHED ret=1 delay=380
49418.952 [0] DBG_ANCHOR_CH5_SCAN_HANDLER role=2
49418.978 [0] DBG_DWM_CH5_RX_HUNT_START acq=10 complete=1000 cap=1020
49418.978 [0] DBG_DWM_CH5_RX_HUNT_EMPTY s=394665 e=394675 ret=-116 sys=00000000 phy=2 cfg=1 aw=1 unk=0
49418.978 [0] DBG_ANCHOR_CH5_SCAN_RESCHED ret=1 delay=380
49419.362 [0] DBG_ANCHOR_CH5_SCAN_HANDLER role=2
49419.362 [0] DBG_ANCHOR_CH5_SCAN_ARM now=395057 win=10 complete=15 interval=380 wait=0 tx=0 response=0
49419.362 [0] DBG_DWM_CH5_RX_HUNT_START acq=10 complete=1000 cap=1020
49419.390 [0] DBG_DWM_CH5_RX_HUNT_EMPTY s=395065 e=395075 ret=-116 sys=00000000 phy=2 cfg=1 aw=1 unk=0
49419.390 [0] DBG_ANCHOR_CH5_SCAN_DONE ret=-116 len=0 fail=1 pre=0 q=0 rx_us=10803 complete=1000
49419.390 [0] DBG_STACK_RUN_DROP kind=anchor_scan owner=anchor_uwb_scan uptime=395076
49419.390 [0] DBG_ANCHOR_CH5_SCAN_RESCHED ret=1 delay=380
49419.903 [0] DBG_ANCHOR_CH5_SCAN_HANDLER role=2
49419.903 [0] DBG_DWM_CH5_RX_HUNT_START acq=10 complete=1000 cap=1020
49419.903 [0] DBG_DWM_CH5_RX_HUNT_EMPTY s=395465 e=395475 ret=-116 sys=00000000 phy=2 cfg=1 aw=1 unk=0
49419.903 [0] DBG_ANCHOR_CH5_SCAN_RESCHED ret=1 delay=380
49420.160 [0] DBG_ANCHOR_CH5_SCAN_HANDLER role=2
49420.160 [0] DBG_DWM_CH5_RX_HUNT_START acq=10 complete=1000 cap=1020
49420.197 [0] DBG_DWM_CH5_RX_ACTIVITY_EXTEND ret=0 status=0x00000100 complete=1000
49420.197 [0] DBG_DWM_CH5_RX_ACTIVITY_WAIT status=0x00000100 remain=1000
49420.197 [0] DBG_DWM_CH5_RX_ACTIVITY_DONE raw=51 payload=49 status=0x00006f00 rearm=0 extended=1
49420.197 [0] DBG_ANCHOR_CH5_SCAN_DONE ret=0 len=49 fail=0 pre=1 q=100 rx_us=10000 complete=1000
49420.197 [0] DBG_UWB_RX_CH5
49420.197 [0] DBG_ANCHOR_CH5_FRAME len=49 q=100 wake_ret=0
49420.197 [0] DBG_ANCHOR_WAKE_ACCEPT clicker=0xc1c2306a5138ab2d evt=17104907 attempt=1 flags=0x10 disc_in=366 q=100
49420.197 [0] DBG_ANCHOR_CLICK_WINDOW active=1 flags=0x10
49420.197 [0] DBG_ANCHOR_DISC_WAIT now=395890 start=396240 deadline=397240 guard=8 listen=1008 phr=std
49420.197 [0] DBG_ANCHOR_DISC_CONFIG phr=std ret=0
49420.197 [0] DBG_ANCHOR_DISC_FRAME len=49 type=0x08 q=100 now=395898
49420.230 [0] DBG_ANCHOR_DISC_FRAME len=49 type=0x08 q=100 now=395905
49420.230 [0] DBG_ANCHOR_DISC_FRAME len=49 type=0x08 q=100 now=395911
49420.230 [0] DBG_ANCHOR_DISC_FRAME len=49 type=0x08 q=100 now=395918
49420.230 [0] DBG_ANCHOR_DISC_FRAME len=49 type=0x08 q=100 now=395924
49420.230 [0] DBG_ANCHOR_DISC_FRAME len=49 type=0x08 q=100 now=395931
49420.271 [0] DBG_ANCHOR_DISC_FRAME len=49 type=0x08 q=100 now=395937
49420.271 [0] DBG_ANCHOR_DISC_FRAME len=49 type=0x08 q=100 now=395943
49420.271 [0] DBG_ANCHOR_DISC_FRAME len=49 type=0x08 q=100 now=395950
49420.271 [0] DBG_ANCHOR_DISC_FRAME len=49 type=0x08 q=100 now=395956
49420.271 [0] DBG_ANCHOR_DISC_FRAME len=49 type=0x08 q=100 now=395962
49420.271 [0] DBG_ANCHOR_DISC_FRAME len=49 type=0x08 q=100 now=395969
49420.309 [0] DBG_ANCHOR_DISC_FRAME len=49 type=0x08 q=100 now=395976
49420.309 [0] DBG_ANCHOR_DISC_FRAME len=49 type=0x08 q=100 now=395982
49420.309 [0] DBG_ANCHOR_DISC_FRAME len=49 type=0x08 q=100 now=395988
49420.309 [0] DBG_ANCHOR_DISC_FRAME len=49 type=0x08 q=100 now=395995
49420.309 [0] DBG_ANCHOR_DISC_FRAME len=49 type=0x08 q=100 now=396001
49420.309 [0] DBG_ANCHOR_DISC_FRAME len=49 type=0x08 q=100 now=396008
49420.344 [0] DBG_ANCHOR_DISC_FRAME len=49 type=0x08 q=100 now=396014
49420.344 [0] DBG_ANCHOR_DISC_FRAME len=49 type=0x08 q=100 now=396021
49420.344 [0] DBG_ANCHOR_DISC_FRAME len=49 type=0x08 q=100 now=396027
49420.344 [0] DBG_ANCHOR_DISC_FRAME len=49 type=0x08 q=100 now=396034
49420.344 [0] DBG_ANCHOR_DISC_FRAME len=49 type=0x08 q=100 now=396040
49420.344 [0] DBG_ANCHOR_DISC_FRAME len=49 type=0x08 q=100 now=396047
49420.384 [0] DBG_ANCHOR_DISC_FRAME len=49 type=0x08 q=100 now=396053
49420.384 [0] DBG_ANCHOR_DISC_FRAME len=49 type=0x08 q=100 now=396059
49420.384 [0] DBG_ANCHOR_DISC_FRAME len=49 type=0x08 q=100 now=396066
49420.384 [0] DBG_ANCHOR_DISC_FRAME len=49 type=0x08 q=100 now=396073
49420.384 [0] DBG_ANCHOR_DISC_FRAME len=49 type=0x08 q=100 now=396079
49420.384 [0] DBG_ANCHOR_DISC_FRAME len=49 type=0x08 q=100 now=396085
49420.423 [0] DBG_ANCHOR_DISC_FRAME len=49 type=0x08 q=100 now=396092
49420.423 [0] DBG_ANCHOR_DISC_FRAME len=49 type=0x08 q=100 now=396098
49420.423 [0] DBG_ANCHOR_DISC_FRAME len=49 type=0x08 q=100 now=396105
49420.423 [0] DBG_ANCHOR_DISC_FRAME len=49 type=0x08 q=100 now=396111
49420.423 [0] DBG_ANCHOR_DISC_FRAME len=49 type=0x08 q=100 now=396117
49420.423 [0] DBG_ANCHOR_DISC_FRAME len=49 type=0x08 q=100 now=396124
49420.458 [0] DBG_ANCHOR_DISC_FRAME len=49 type=0x08 q=100 now=396130
49420.458 [0] DBG_ANCHOR_DISC_FRAME len=49 type=0x08 q=100 now=396137
49420.458 [0] DBG_ANCHOR_DISC_FRAME len=49 type=0x08 q=100 now=396143
49420.458 [0] DBG_ANCHOR_DISC_FRAME len=49 type=0x08 q=100 now=396150
49420.458 [0] DBG_ANCHOR_DISC_FRAME len=49 type=0x08 q=100 now=396156
49420.458 [0] DBG_ANCHOR_DISC_FRAME len=49 type=0x08 q=100 now=396163
49420.500 [0] DBG_ANCHOR_DISC_FRAME len=49 type=0x08 q=100 now=396169
49420.500 [0] DBG_ANCHOR_DISC_FRAME len=49 type=0x08 q=100 now=396175
49420.500 [0] DBG_ANCHOR_DISC_FRAME len=49 type=0x08 q=100 now=396182
49420.500 [0] DBG_ANCHOR_DISC_FRAME len=49 type=0x08 q=100 now=396188
49420.500 [0] DBG_ANCHOR_DISC_FRAME len=49 type=0x08 q=100 now=396195
49420.500 [0] DBG_ANCHOR_DISC_FRAME len=49 type=0x08 q=100 now=396201
49420.536 [0] DBG_ANCHOR_DISC_FRAME len=49 type=0x08 q=100 now=396208
49420.536 [0] DBG_ANCHOR_DISC_FRAME len=49 type=0x08 q=100 now=396214
49420.570 [0] DBG_ANCHOR_DISC_FRAME len=32 type=0x09 q=100 now=396250
49420.570 [0] DBG_ANCHOR_DISC_DECODE evt=17104907 attempt=1 slots=50 flags=0x10
49420.570 [0] DBG_ANCHOR_DISC_REPLY_ARM evt=17104907 attempt=1 slot=1 state=1
49420.570 [0] DBG_ANCHOR_DISC_REPLY_TX evt=17104907 attempt=1 slot=1 ret=0
49421.231 [0] DBG_ANCHOR_CH5_HOLD_DONE deadline=396915 now=396916 frames=0 errors=0 deferred=0
49421.231 [0] DBG_DS_SAMPLE_ARM evt=17104907 attempt=1 sample=1/1 round=0 seq=1 target_us=396925000 start=396915 now=396916 deadline=396985
49421.231 [0] DBG_DS_RESP stage=arm evt=17104907 seq=1 round=0 now=396916 timeout=69
49421.231 [0] DBG_DS_RESP stage=resp-armed now=396933 seq=1 round=0 tx_time=0x10025ad2 resp_tx=0x025b11d9
49421.231 [0] DBG_DS_RESP stage=resp-raw poll_rx=0xe3e2c672 q=100 reply_uus=8000
49421.264 [0] DBG_DS_RESP stage=final-decode status=0 now=396950 seq=1 round=0 final_rx=0x20d35802
49421.264 [0] DBG_DS_RESP stage=report-armed now=396951 seq=1 round=0
49421.264 [0] DBG_DS_RESP stage=report-sent now=396956 seq=1 round=0
49421.264 [0] DBG_DS_RESP stage=done ret=0 status=0 now=396956 seq=1 round=0
49421.264 [0] DBG_ANCHOR_CH5_SCAN_RESCHED ret=1 delay=380
49421.264 [0] DBG_COORD state=mesh-tx owner=report-tx reason=mesh-tx rx=0 tx=1 relay=0 route=0 ack=0 qack=0
49421.264 [0] DBG_UPLINK_NEXT_HOP next=0x9999888877776666 depth=0 participant=0 wake=0
49421.264 [0] DBG_UPLINK_TX msg=20 seq=1 next=0x9999888877776666 wake=0 reason=queued-click-report
49421.264 [0] DBG_DWM_INVALIDATE tag=configure_radio_from_reset active_phy=1 configured=1 awake=1
49421.310 [0] DBG_DWM_MARK_UNCONFIGURED tag=initialise_radio prev_phy=0
49421.310 [0] DBG_DWM_PHY_SWITCH from=1 to=4 fast=0 us=21607
49421.310 [0] DBG_DWM_WAKE_MESH_CTRL_OK sfd=1033
49421.310 [0] DBG_DIRECT_GW_TX_CONFIG ret=0 now=396987 seq=1
49421.310 [0] DBG_CH9_TX_SEND_AT now=396988 earliest=396960 msg=20 len=216
49421.310 [0] DBG_CH9_TX_DONE now=396994 dur=6 len=216 msg=20
49421.310 [0] DBG_UWB_TX_CH5
49421.310 [0] DBG_CLICK_TX_DONE now=396994 seq=1
49421.310 [0] DBG_CH9_TX_SINGLE_SEND_OK
49421.310 [0] DBG_CH9_EVENT_STATE state=complete peer=0x9999888877776666 start=396960 end=397020 reason=queued-click-report
49421.310 [0] DBG_DIRECT_GW_TX_ACK_TRANSIT_WAIT dst=0x9999888877776666 src=0xf6d3a3bdac0f858 seq=1
49421.310 [0] DBG_CLICK_ACK_RX_ARM now=396994 slice=60 seq=1
49421.350 [0] DBG_UWB_RX_CH9
49421.350 [0] DBG_MESH_RX_QUEUED ch=9 msg=0x32 src=0x9999888877776666 dst=0xf6d3a3bdac0f858 prev=0x9999888877776666 seq=23 q=1
49421.350 [0] DBG_GATEWAY_ACK_RX
49421.350 [0] DBG_DIRECT_GW_ACK_TRANSIT queued=1 valid=1 dst=0xf6d3a3bdac0f858 seq=23
49421.350 [0] DBG_DIRECT_GW_TX_ACK_WAIT ret=0 seq=1
49421.350 [0] DBG_CLICK_ACK_RX now=397016 dms=22 seq=1
49421.350 [0] DBG_DIRECT_GW_KEEP_CH9_AWAKE q=1 seq=1 ack_ret=0 release_ret=0
49421.350 [0] DBG_MESH_RX_WORK_WAIT q=1
49421.350 [0] DBG_MESH_RX_DRAIN_ENTER owner=work q=1
49421.350 [0] DBG_CH9_TX_ACK_IDLE
49421.350 [0] DBG_LEGACY_ACK_CONFIRMED
49421.350 [0] DBG_MESH_RX_DRAIN_EXIT owner=work handled=1 q=0
49421.350 [0] DBG_MESH_RX_WORK_EXIT handled=1 q=0
49421.350 [0] DBG_COORD state=idle owner=uwb-rx reason=idle rx=0 tx=0 relay=0 route=0 ack=0 qack=0
49421.350 [0] DBG_ANCHOR_MESH_RX_YIELD reason=anchor-low-duty-ch5-owner ch9=0 delay=0 scan_int=380 scan_win=10 wait=0 q=0
49421.655 [0] DBG_ANCHOR_CH5_SCAN_HANDLER role=2
49421.655 [0] DBG_ANCHOR_CH5_SCAN_ARM now=397339 win=10 complete=15 interval=380 wait=0 tx=0 response=0
49421.655 [0] DBG_DWM_INVALIDATE tag=configure_radio_from_reset active_phy=4 configured=1 awake=1
49421.655 [0] DBG_DWM_MARK_UNCONFIGURED tag=initialise_radio prev_phy=0
49421.655 [0] DBG_STACK_RUN_DROP kind=cir_handling owner=anchor_uwb_scan uptime=397358
49421.686 [0] DBG_STACK_RUN_DROP kind=anchor_scan owner=anchor_uwb_scan uptime=397360
49421.686 [0] DBG_DWM_PHY_SWITCH from=4 to=2 fast=0 us=21485
49421.686 [0] DBG_DWM_CH5_RX_HUNT_START acq=10 complete=1000 cap=1020
49421.686 [0] DBG_DWM_CH5_RX_HUNT_EMPTY s=397362 e=397372 ret=-116 sys=00000000 phy=2 cfg=1 aw=1 unk=0
49421.686 [0] DBG_ANCHOR_CH5_SCAN_DONE ret=-116 len=0 fail=1 pre=0 q=0 rx_us=10864 complete=1000
49421.686 [0] DBG_ANCHOR_CH5_SCAN_RESCHED ret=1 delay=380
49422.070 [0] DBG_ANCHOR_CH5_SCAN_HANDLER role=2
49422.070 [0] DBG_DWM_CH5_RX_HUNT_START acq=10 complete=1000 cap=1020
49422.070 [0] DBG_DWM_CH5_RX_ACTIVITY_EXTEND ret=0 status=0x00000100 complete=1000
49422.070 [0] DBG_DWM_CH5_RX_ACTIVITY_WAIT status=0x00000100 remain=1000
49422.070 [0] DBG_DWM_CH5_RX_ACTIVITY_DONE raw=51 payload=49 status=0x00006f00 rearm=0 extended=1
49422.070 [0] DBG_ANCHOR_CH5_SCAN_DONE ret=0 len=49 fail=0 pre=1 q=100 rx_us=10000 complete=1000
49422.070 [0] DBG_UWB_RX_CH5
49422.070 [0] DBG_ANCHOR_CH5_FRAME len=49 q=100 wake_ret=0
49422.070 [0] DBG_ANCHOR_ROUTE_WAKE_DISPATCH src=0xc1c2306a5138ab2d evt=395912 attempt=1 flags=0x92 len=49 q=100
49422.105 [0] DBG_C5_CONTACT phase=closing state=4 peer=0x9999888877776666 purpose=gateway_command_flood reason=replace
49422.105 [0] DBG_C5_CONTACT phase=open state=2 peer=0xc1c2306a5138ab2d purpose=route_solicit reason=wake-claim
49422.105 [0] DBG_C5_CONTACT phase=accepted state=2 peer=0xc1c2306a5138ab2d purpose=route_solicit reason=wake-claim
49422.105 [0] DBG_ANCHOR_ROUTE_WAKE_HANDOFF src=0xc1c2306a5138ab2d evt=395912 attempt=1 flags=0x92 embedded=0 hop=0 listen=1424
49422.105 [0] DBG_ROUTE_REPLY_LISTEN_START
49422.105 [0] DBG_DWM_MARK_UNCONFIGURED tag=initialise_radio prev_phy=0
49422.105 [0] DBG_DWM_PHY_SWITCH from=2 to=4 fast=0 us=21606
49422.105 [0] DBG_DWM_WAKE_MESH_CTRL_OK sfd=1033
49422.105 [0] DBG_ROUTE_REPLY_LISTEN_CONFIG ret=0 ext=1
49422.463 [0] DBG_ROUTE_REPLY_RX_FRAME
49422.463 [0] DBG_UWB_RX_CH5
49422.463 [0] DBG_MESH_RX_QUEUED ch=5 msg=0x35 src=0xc1c2306a5138ab2d dst=0x0 prev=0xc1c2306a5138ab2d seq=2 q=1
49422.463 [0] DBG_MESH_RX_DEFERRED q=1 msg=0x35
49422.463 [0] DBG_ROUTE_REPLY_LISTEN_YIELD_REQUEST src=0xc1c2306a5138ab2d prev=0xc1c2306a5138ab2d target=0x9999888877776666
49422.463 [0] DBG_COORD state=mesh-rx owner=uwb-rx reason=mesh-rx rx=1 tx=0 relay=0 route=0 ack=0 qack=0
49422.463 [0] DBG_ANCHOR_MESH_RX_YIELD reason=anchor-low-duty-ch5-owner ch9=0 delay=0 scan_int=380 scan_win=10 wait=0 q=1
49422.463 [0] DBG_MESH_RX_WORK_WAIT q=1
49422.463 [0] DBG_MESH_RX_WORK_ENTER q=1
49422.463 [0] DBG_MESH_RX_DRAIN_ENTER owner=work q=1
49422.463 [0] DBG_RX_HANDLE msg=0x35 act=0x00001000 st=0 q=0 sel=1 next=0x9999888877776666 hop=0
49422.463 [0] DBG_C5_CONTACT phase=accepted state=2 peer=0xc1c2306a5138ab2d purpose=route_solicit reason=c5-control-rx
49422.463 [0] DBG_ROUTE_REPLY_ACTION reason=route-reply-action next=0xc1c2306a5138ab2d seq=2 backup=0
49422.463 [0] DBG_ROUTE_REPLY_ETA_WAIT delay=42 earliest=398194 now=398152
49422.463 [0] DBG_ROUTE_REPLY_LISTEN_DONE captured=1 ret=-11
49422.463 [0] DBG_ANCHOR_ROUTE_WAKE_DISPATCH_DONE handled=1 len=49 q=100
49422.506 [0] DBG_C5_CONTACT phase=open state=2 peer=0xc1c2306a5138ab2d purpose=route_reply reason=route-reply-action
49422.506 [0] DBG_C5_CONTACT phase=accepted state=2 peer=0xc1c2306a5138ab2d purpose=route_reply reason=route-reply-action
49422.506 [0] DBG_C5_CONTACT phase=exchange state=3 peer=0xc1c2306a5138ab2d purpose=route_reply reason=route-reply-action
49422.506 [0] DBG_C5_CONTACT phase=exchange state=3 peer=0xc1c2306a5138ab2d purpose=route_reply reason=route-reply
49422.506 [0] DBG_COORD state=idle owner=route-reply reason=idle rx=0 tx=0 relay=0 route=0 ack=0 qack=0
49422.506 [0] DBG_DWM_WAKE_MESH_CTRL_OK sfd=1033
49422.506 [0] DBG_C5_TX_CONFIG ret=0 at=398202 ext=1 len=203 msg=36 reason=route-reply
49422.549 [0] DBG_MESH_TX_AGE msg=36 seq=2 age=4 enc=398203 rf=398204 gap=1 air=4
49422.549 [0] DBG_MESH_TX_STAGE stage=start msg=36 seq=2 ch=5 seen=1 at=398204
49422.549 [0] DBG_MESH_TX_STAGE stage=complete msg=36 seq=2 ch=5 seen=1 at=398208 ret=0
49422.549 [0] DBG_MESH_TX_STAGE stage=park msg=36 seq=2 ch=5 park_ret=0 release_ret=0
49422.549 [0] DBG_UWB_TX_CH5
49422.549 [0] DBG_C5_CONTACT phase=exchange state=3 peer=0xc1c2306a5138ab2d purpose=route_reply reason=route-reply
49422.549 [0] DBG_DWM_MARK_UNCONFIGURED tag=initialise_radio prev_phy=0
49422.549 [0] DBG_DWM_PHY_SWITCH from=4 to=2 fast=0 us=20965
49422.694 [0] DBG_ROUTE_REPLY_ATTEMPT attempt=0 send=0 listen=-116 listened=1
49422.694 [0] DBG_C5_CONTACT phase=closing state=4 peer=0xc1c2306a5138ab2d purpose=route_reply reason=expired
49422.694 [0] DBG_C5_CONTACT phase=open state=1 peer=0xc1c2306a5138ab2d purpose=route_reply reason=route-reply
49422.694 [0] DBG_WAKE_TRAIN_GUARD_OK
49422.721 [0] DBG_WAKE_TRAIN_CONFIG_BEGIN
49422.721 [0] DBG_WAKE_TRAIN_CONFIG_OK
49422.721 [0] DBG_WAKE_TRAIN_FIRST_SEND_BEGIN
49422.747 [0] DBG_WAKE_TRAIN_FIRST_SEND_OK
49422.747 [0] DBG_UWB_TX_CH5
49422.747 [0] DBG_TX_WAKE_CLAIM_SENT
49422.747 [0] DBG_UWB_TX_CH5
49422.747 [0] DBG_TX_WAKE_CLAIM_SENT
49422.747 [0] DBG_UWB_TX_CH5
49422.747 [0] DBG_TX_WAKE_CLAIM_SENT
49422.747 [0] DBG_UWB_TX_CH5
49422.747 [0] DBG_TX_WAKE_CLAIM_SENT
49422.747 [0] DBG_DWM_CH5_RX_HUNT_START acq=10 complete=1000 cap=124
49422.780 [0] DBG_DWM_CH5_RX_HUNT_EMPTY s=398452 e=398462 ret=-116 sys=00000000 phy=2 cfg=1 aw=1 unk=0
49422.780 [0] DBG_UWB_TX_CH5
49422.780 [0] DBG_TX_WAKE_CLAIM_SENT
49422.780 [0] DBG_UWB_TX_CH5
49422.780 [0] DBG_TX_WAKE_CLAIM_SENT
49422.780 [0] DBG_DWM_CH5_RX_HUNT_START acq=10 complete=1000 cap=124
49422.816 [0] DBG_DWM_CH5_RX_HUNT_EMPTY s=398476 e=398486 ret=-116 sys=00000000 phy=2 cfg=1 aw=1 unk=0
49422.816 [0] DBG_UWB_TX_CH5
49422.816 [0] DBG_TX_WAKE_CLAIM_SENT
49422.816 [0] DBG_UWB_TX_CH5
49422.816 [0] DBG_TX_WAKE_CLAIM_SENT
49422.816 [0] DBG_DWM_CH5_RX_HUNT_START acq=10 complete=1000 cap=124
49422.816 [0] DBG_DWM_CH5_RX_HUNT_EMPTY s=398500 e=398510 ret=-116 sys=00000000 phy=2 cfg=1 aw=1 unk=0
49422.816 [0] DBG_UWB_TX_CH5
49422.816 [0] DBG_TX_WAKE_CLAIM_SENT
49422.850 [0] DBG_UWB_TX_CH5
49422.850 [0] DBG_TX_WAKE_CLAIM_SENT
49422.850 [0] DBG_DWM_CH5_RX_HUNT_START acq=10 complete=1000 cap=124
49422.850 [0] DBG_ANCHOR_CH5_SCAN_HANDLER role=2
49422.850 [0] DBG_DWM_CH5_RX_HUNT_EMPTY s=398524 e=398534 ret=-116 sys=00000000 phy=2 cfg=1 aw=1 unk=0
49422.850 [0] DBG_ANCHOR_CH5_SCAN_BLOCKED win=0 tx=0 retry_gap=0 flood=0 wait=0 rx=0 rxq=0 rxr=0 ack=0 ch9=0 rf=1 retry=20 interval=380
49422.850 [0] DBG_SCAN_SKIPPED reason=blocked
49422.850 [0] DBG_ANCHOR_CH5_SCAN_RESCHED ret=1 delay=20
49422.850 [0] DBG_UWB_TX_CH5
49422.850 [0] DBG_TX_WAKE_CLAIM_SENT
49422.850 [0] DBG_UWB_TX_CH5
49422.850 [0] DBG_TX_WAKE_CLAIM_SENT
49422.850 [0] DBG_DWM_CH5_RX_HUNT_START acq=10 complete=1000 cap=124
49422.850 [0] DBG_STACK_RUN_DROP kind=anchor_scan owner=anchor_uwb_scan uptime=398553
49422.887 [0] DBG_ANCHOR_CH5_SCAN_HANDLER role=2
49422.887 [0] DBG_DWM_CH5_RX_HUNT_EMPTY s=398548 e=398558 ret=-116 sys=00000000 phy=2 cfg=1 aw=1 unk=0
49422.887 [0] DBG_ANCHOR_CH5_SCAN_BLOCKED win=0 tx=0 retry_gap=0 flood=0 wait=0 rx=0 rxq=0 rxr=0 ack=0 ch9=0 rf=1 retry=20 interval=380
49422.887 [0] DBG_SCAN_SKIPPED reason=blocked
49422.887 [0] DBG_ANCHOR_CH5_SCAN_RESCHED ret=1 delay=20
49422.887 [0] DBG_UWB_TX_CH5
49422.887 [0] DBG_TX_WAKE_CLAIM_SENT
49422.887 [0] DBG_UWB_TX_CH5
49422.887 [0] DBG_TX_WAKE_CLAIM_SENT
49422.887 [0] DBG_DWM_CH5_RX_HUNT_START acq=10 complete=1000 cap=124
49422.887 [0] DBG_ANCHOR_CH5_SCAN_HANDLER role=2
49422.887 [0] DBG_DWM_CH5_RX_HUNT_EMPTY s=398572 e=398582 ret=-116 sys=00000000 phy=2 cfg=1 aw=1 unk=0
49422.887 [0] DBG_ANCHOR_CH5_SCAN_BLOCKED win=0 tx=0 retry_gap=0 flood=0 wait=0 rx=0 rxq=0 rxr=0 ack=0 ch9=0 rf=1 retry=20 interval=380
49422.887 [0] DBG_SCAN_SKIPPED reason=blocked
49422.887 [0] DBG_ANCHOR_CH5_SCAN_RESCHED ret=1 delay=20
49422.928 [0] DBG_UWB_TX_CH5
49422.928 [0] DBG_TX_WAKE_CLAIM_SENT
49422.928 [0] DBG_UWB_TX_CH5
49422.928 [0] DBG_TX_WAKE_CLAIM_SENT
49422.928 [0] DBG_DWM_CH5_RX_HUNT_START acq=10 complete=1000 cap=124
49422.928 [0] DBG_ANCHOR_CH5_SCAN_HANDLER role=2
49422.928 [0] DBG_DWM_CH5_RX_HUNT_EMPTY s=398596 e=398606 ret=-116 sys=00000000 phy=2 cfg=1 aw=1 unk=0
49422.928 [0] DBG_ANCHOR_CH5_SCAN_BLOCKED win=0 tx=0 retry_gap=0 flood=0 wait=0 rx=0 rxq=0 rxr=0 ack=0 ch9=0 rf=1 retry=20 interval=380
49422.928 [0] DBG_SCAN_SKIPPED reason=blocked
49422.928 [0] DBG_ANCHOR_CH5_SCAN_RESCHED ret=1 delay=20
49422.928 [0] DBG_UWB_TX_CH5
49422.928 [0] DBG_TX_WAKE_CLAIM_SENT
49422.928 [0] DBG_UWB_TX_CH5
49422.928 [0] DBG_TX_WAKE_CLAIM_SENT
49422.928 [0] DBG_DWM_CH5_RX_HUNT_START acq=10 complete=1000 cap=124
49422.928 [0] DBG_ANCHOR_CH5_SCAN_HANDLER role=2
49422.928 [0] DBG_DWM_CH5_RX_HUNT_EMPTY s=398620 e=398630 ret=-116 sys=00000000 phy=2 cfg=1 aw=1 unk=0
49422.962 [0] DBG_ANCHOR_CH5_SCAN_BLOCKED win=0 tx=0 retry_gap=0 flood=0 wait=0 rx=0 rxq=0 rxr=0 ack=0 ch9=0 rf=1 retry=20 interval=380
49422.962 [0] DBG_SCAN_SKIPPED reason=blocked
49422.962 [0] DBG_ANCHOR_CH5_SCAN_RESCHED ret=1 delay=20
49422.962 [0] DBG_UWB_TX_CH5
49422.962 [0] DBG_TX_WAKE_CLAIM_SENT
49422.962 [0] DBG_UWB_TX_CH5
49422.962 [0] DBG_TX_WAKE_CLAIM_SENT
49422.962 [0] DBG_DWM_CH5_RX_HUNT_START acq=10 complete=1000 cap=124
49422.962 [0] DBG_ANCHOR_CH5_SCAN_HANDLER role=2
49422.962 [0] DBG_DWM_CH5_RX_HUNT_EMPTY s=398644 e=398654 ret=-116 sys=00000000 phy=2 cfg=1 aw=1 unk=0
49422.962 [0] DBG_ANCHOR_CH5_SCAN_BLOCKED win=0 tx=0 retry_gap=0 flood=0 wait=0 rx=0 rxq=0 rxr=0 ack=0 ch9=0 rf=1 retry=20 interval=380
49422.962 [0] DBG_SCAN_SKIPPED reason=blocked
49422.962 [0] DBG_ANCHOR_CH5_SCAN_RESCHED ret=1 delay=20
49422.962 [0] DBG_UWB_TX_CH5
49422.962 [0] DBG_TX_WAKE_CLAIM_SENT
49422.997 [0] DBG_UWB_TX_CH5
49422.997 [0] DBG_TX_WAKE_CLAIM_SENT
49422.997 [0] DBG_DWM_CH5_RX_HUNT_START acq=10 complete=1000 cap=124
49422.997 [0] DBG_ANCHOR_CH5_SCAN_HANDLER role=2
49422.997 [0] DBG_DWM_CH5_RX_HUNT_EMPTY s=398668 e=398678 ret=-116 sys=00000000 phy=2 cfg=1 aw=1 unk=0
49422.997 [0] DBG_ANCHOR_CH5_SCAN_BLOCKED win=0 tx=0 retry_gap=0 flood=0 wait=0 rx=0 rxq=0 rxr=0 ack=0 ch9=0 rf=1 retry=20 interval=380
49422.997 [0] DBG_SCAN_SKIPPED reason=blocked
49422.997 [0] DBG_ANCHOR_CH5_SCAN_RESCHED ret=1 delay=20
49422.997 [0] DBG_UWB_TX_CH5
49422.997 [0] DBG_TX_WAKE_CLAIM_SENT
49422.997 [0] DBG_UWB_TX_CH5
49422.997 [0] DBG_TX_WAKE_CLAIM_SENT
49422.997 [0] DBG_DWM_CH5_RX_HUNT_START acq=10 complete=1000 cap=124
49423.036 [0] DBG_ANCHOR_CH5_SCAN_HANDLER role=2
49423.036 [0] DBG_DWM_CH5_RX_HUNT_EMPTY s=398692 e=398702 ret=-116 sys=00000000 phy=2 cfg=1 aw=1 unk=0
49423.036 [0] DBG_ANCHOR_CH5_SCAN_BLOCKED win=0 tx=0 retry_gap=0 flood=0 wait=0 rx=0 rxq=0 rxr=0 ack=0 ch9=0 rf=1 retry=20 interval=380
49423.036 [0] DBG_SCAN_SKIPPED reason=blocked
49423.036 [0] DBG_ANCHOR_CH5_SCAN_RESCHED ret=1 delay=20
49423.036 [0] DBG_UWB_TX_CH5
49423.036 [0] DBG_TX_WAKE_CLAIM_SENT
49423.036 [0] DBG_UWB_TX_CH5
49423.036 [0] DBG_TX_WAKE_CLAIM_SENT
49423.036 [0] DBG_DWM_CH5_RX_HUNT_START acq=10 complete=1000 cap=124
49423.036 [0] DBG_ANCHOR_CH5_SCAN_HANDLER role=2
49423.036 [0] DBG_DWM_CH5_RX_HUNT_EMPTY s=398716 e=398726 ret=-116 sys=00000000 phy=2 cfg=1 aw=1 unk=0
49423.036 [0] DBG_ANCHOR_CH5_SCAN_BLOCKED win=0 tx=0 retry_gap=0 flood=0 wait=0 rx=0 rxq=0 rxr=0 ack=0 ch9=0 rf=1 retry=20 interval=380
49423.036 [0] DBG_SCAN_SKIPPED reason=blocked
49423.036 [0] DBG_ANCHOR_CH5_SCAN_RESCHED ret=1 delay=20
49423.036 [0] DBG_UWB_TX_CH5
49423.036 [0] DBG_TX_WAKE_CLAIM_SENT
49423.073 [0] DBG_UWB_TX_CH5
49423.073 [0] DBG_TX_WAKE_CLAIM_SENT
49423.073 [0] DBG_DWM_CH5_RX_HUNT_START acq=10 complete=1000 cap=124
49423.073 [0] DBG_ANCHOR_CH5_SCAN_HANDLER role=2
49423.073 [0] DBG_DWM_CH5_RX_HUNT_EMPTY s=398740 e=398750 ret=-116 sys=00000000 phy=2 cfg=1 aw=1 unk=0
49423.073 [0] DBG_ANCHOR_CH5_SCAN_BLOCKED win=0 tx=0 retry_gap=0 flood=0 wait=0 rx=0 rxq=0 rxr=0 ack=0 ch9=0 rf=1 retry=20 interval=380
49423.073 [0] DBG_SCAN_SKIPPED reason=blocked
49423.073 [0] DBG_ANCHOR_CH5_SCAN_RESCHED ret=1 delay=20
49423.073 [0] DBG_UWB_TX_CH5
49423.073 [0] DBG_TX_WAKE_CLAIM_SENT
49423.073 [0] DBG_UWB_TX_CH5
49423.073 [0] DBG_TX_WAKE_CLAIM_SENT
49423.073 [0] DBG_DWM_CH5_RX_HUNT_START acq=10 complete=1000 cap=124
49423.073 [0] DBG_ANCHOR_CH5_SCAN_HANDLER role=2
49423.073 [0] DBG_DWM_CH5_RX_HUNT_EMPTY s=398764 e=398774 ret=-116 sys=00000000 phy=2 cfg=1 aw=1 unk=0
49423.073 [0] DBG_ANCHOR_CH5_SCAN_BLOCKED win=0 tx=0 retry_gap=0 flood=0 wait=0 rx=0 rxq=0 rxr=0 ack=0 ch9=0 rf=1 retry=20 interval=380
49423.073 [0] DBG_SCAN_SKIPPED reason=blocked
49423.107 [0] DBG_ANCHOR_CH5_SCAN_RESCHED ret=1 delay=20
49423.107 [0] DBG_UWB_TX_CH5
49423.107 [0] DBG_TX_WAKE_CLAIM_SENT
49423.107 [0] DBG_UWB_TX_CH5
49423.107 [0] DBG_TX_WAKE_CLAIM_SENT
49423.107 [0] DBG_DWM_CH5_RX_HUNT_START acq=10 complete=1000 cap=124
49423.107 [0] DBG_ANCHOR_CH5_SCAN_HANDLER role=2
49423.107 [0] DBG_DWM_CH5_RX_HUNT_EMPTY s=398788 e=398798 ret=-116 sys=00000000 phy=2 cfg=1 aw=1 unk=0
49423.107 [0] DBG_ANCHOR_CH5_SCAN_BLOCKED win=0 tx=0 retry_gap=0 flood=0 wait=0 rx=0 rxq=0 rxr=0 ack=0 ch9=0 rf=1 retry=20 interval=380
49423.107 [0] DBG_SCAN_SKIPPED reason=blocked
49423.107 [0] DBG_ANCHOR_CH5_SCAN_RESCHED ret=1 delay=20
49423.107 [0] DBG_UWB_TX_CH5
49423.107 [0] DBG_TX_WAKE_CLAIM_SENT
49423.152 [0] DBG_UWB_TX_CH5
49423.152 [0] DBG_TX_WAKE_CLAIM_SENT
49423.152 [0] DBG_DWM_CH5_RX_HUNT_START acq=10 complete=1000 cap=124
49423.152 [0] DBG_ANCHOR_CH5_SCAN_HANDLER role=2
49423.152 [0] DBG_DWM_CH5_RX_HUNT_EMPTY s=398812 e=398822 ret=-116 sys=00000000 phy=2 cfg=1 aw=1 unk=0
49423.152 [0] DBG_ANCHOR_CH5_SCAN_BLOCKED win=0 tx=0 retry_gap=0 flood=0 wait=0 rx=0 rxq=0 rxr=0 ack=0 ch9=0 rf=1 retry=20 interval=380
49423.152 [0] DBG_SCAN_SKIPPED reason=blocked
49423.152 [0] DBG_ANCHOR_CH5_SCAN_RESCHED ret=1 delay=20
49423.152 [0] DBG_UWB_TX_CH5
49423.152 [0] DBG_TX_WAKE_CLAIM_SENT
49423.152 [0] DBG_UWB_TX_CH5
49423.152 [0] DBG_TX_WAKE_CLAIM_SENT
49423.152 [0] DBG_DWM_CH5_RX_HUNT_START acq=10 complete=1000 cap=124
49423.152 [0] DBG_ANCHOR_CH5_SCAN_HANDLER role=2
49423.152 [0] DBG_DWM_CH5_RX_HUNT_EMPTY s=398836 e=398846 ret=-116 sys=00000000 phy=2 cfg=1 aw=1 unk=0
49423.152 [0] DBG_ANCHOR_CH5_SCAN_BLOCKED win=0 tx=0 retry_gap=0 flood=0 wait=0 rx=0 rxq=0 rxr=0 ack=0 ch9=0 rf=1 retry=20 interval=380
49423.152 [0] DBG_SCAN_SKIPPED reason=blocked
49423.152 [0] DBG_ANCHOR_CH5_SCAN_RESCHED ret=1 delay=20
49423.189 [0] DBG_UWB_TX_CH5
49423.189 [0] DBG_TX_WAKE_CLAIM_SENT
49423.189 [0] DBG_UWB_TX_CH5
49423.189 [0] DBG_TX_WAKE_CLAIM_SENT
49423.189 [0] DBG_DWM_CH5_RX_HUNT_START acq=10 complete=1000 cap=124
49423.189 [0] DBG_ANCHOR_CH5_SCAN_HANDLER role=2
49423.189 [0] DBG_DWM_CH5_RX_HUNT_EMPTY s=398860 e=398870 ret=-116 sys=00000000 phy=2 cfg=1 aw=1 unk=0
49423.189 [0] DBG_ANCHOR_CH5_SCAN_BLOCKED win=0 tx=0 retry_gap=0 flood=0 wait=0 rx=0 rxq=0 rxr=0 ack=0 ch9=0 rf=1 retry=20 interval=380
49423.189 [0] DBG_SCAN_SKIPPED reason=blocked
49423.189 [0] DBG_ANCHOR_CH5_SCAN_RESCHED ret=1 delay=20
49423.189 [0] DBG_UWB_TX_CH5
49423.189 [0] DBG_TX_WAKE_CLAIM_SENT
49423.189 [0] DBG_UWB_TX_CH5
49423.189 [0] DBG_TX_WAKE_CLAIM_SENT
49423.189 [0] DBG_DWM_CH5_RX_HUNT_START acq=10 complete=1000 cap=124
49423.189 [0] DBG_ANCHOR_CH5_SCAN_HANDLER role=2
49423.230 [0] DBG_DWM_CH5_RX_HUNT_EMPTY s=398884 e=398894 ret=-116 sys=00000000 phy=2 cfg=1 aw=1 unk=0
49423.230 [0] DBG_ANCHOR_CH5_SCAN_BLOCKED win=0 tx=0 retry_gap=0 flood=0 wait=0 rx=0 rxq=0 rxr=0 ack=0 ch9=0 rf=1 retry=20 interval=380
49423.230 [0] DBG_SCAN_SKIPPED reason=blocked
49423.230 [0] DBG_ANCHOR_CH5_SCAN_RESCHED ret=1 delay=20
49423.230 [0] DBG_UWB_TX_CH5
49423.230 [0] DBG_TX_WAKE_CLAIM_SENT
49423.230 [0] DBG_UWB_TX_CH5
49423.230 [0] DBG_TX_WAKE_CLAIM_SENT
49423.230 [0] DBG_DWM_CH5_RX_HUNT_START acq=10 complete=1000 cap=124
49423.230 [0] DBG_ANCHOR_CH5_SCAN_HANDLER role=2
49423.230 [0] DBG_DWM_CH5_RX_HUNT_EMPTY s=398908 e=398918 ret=-116 sys=00000000 phy=2 cfg=1 aw=1 unk=0
49423.230 [0] DBG_ANCHOR_CH5_SCAN_BLOCKED win=0 tx=0 retry_gap=0 flood=0 wait=0 rx=0 rxq=0 rxr=0 ack=0 ch9=0 rf=1 retry=20 interval=380
49423.230 [0] DBG_SCAN_SKIPPED reason=blocked
49423.230 [0] DBG_ANCHOR_CH5_SCAN_RESCHED ret=1 delay=20
49423.230 [0] DBG_UWB_TX_CH5
49423.230 [0] DBG_TX_WAKE_CLAIM_SENT
49423.261 [0] DBG_UWB_TX_CH5
49423.261 [0] DBG_TX_WAKE_CLAIM_SENT
49423.261 [0] DBG_DWM_CH5_RX_HUNT_START acq=10 complete=1000 cap=124
49423.261 [0] DBG_ANCHOR_CH5_SCAN_HANDLER role=2
49423.261 [0] DBG_DWM_CH5_RX_HUNT_EMPTY s=398932 e=398942 ret=-116 sys=00000000 phy=2 cfg=1 aw=1 unk=0
49423.261 [0] DBG_ANCHOR_CH5_SCAN_BLOCKED win=0 tx=0 retry_gap=0 flood=0 wait=0 rx=0 rxq=0 rxr=0 ack=0 ch9=0 rf=1 retry=20 interval=380
49423.261 [0] DBG_SCAN_SKIPPED reason=blocked
49423.261 [0] DBG_ANCHOR_CH5_SCAN_RESCHED ret=1 delay=20
49423.290 [0] DBG_WAKE_TRAIN_TIMING evt=398388 start=398426 first=398432 last=398931 end=398964 sent=44 ret=0
49423.290 [0] DBG_C5_CONTACT phase=accepted state=2 peer=0xc1c2306a5138ab2d purpose=route_reply reason=route-reply
49423.290 [0] DBG_C5_CONTROL_FOLLOWUP_TURNAROUND delay=60 msg=36 reason=route-reply
49423.290 [0] DBG_ANCHOR_CH5_SCAN_HANDLER role=2
49423.290 [0] DBG_ANCHOR_CH9_REARM delay=0 ret=1 ack=0
49423.290 [0] DBG_ANCHOR_CH5_SCAN_BLOCKED win=0 tx=0 retry_gap=0 flood=0 wait=0 rx=0 rxq=0 rxr=0 ack=0 ch9=1 rf=0 retry=245 interval=380
49423.290 [0] DBG_SCAN_SKIPPED reason=blocked
49423.290 [0] DBG_ANCHOR_CH5_SCAN_RESCHED ret=1 delay=245
49423.341 [0] DBG_C5_CONTACT phase=exchange state=3 peer=0xc1c2306a5138ab2d purpose=route_reply reason=route-reply
49423.341 [0] DBG_DWM_INVALIDATE tag=configure_radio_from_reset active_phy=2 configured=1 awake=1
49423.341 [0] DBG_DWM_MARK_UNCONFIGURED tag=initialise_radio prev_phy=0
49423.379 [0] DBG_DWM_PHY_SWITCH from=2 to=4 fast=0 us=20996
49423.379 [0] DBG_DWM_WAKE_MESH_CTRL_OK sfd=1033
49423.379 [0] DBG_C5_TX_CONFIG ret=0 at=399050 ext=1 len=203 msg=36 reason=route-reply
49423.379 [0] DBG_MESH_TX_AGE msg=36 seq=2 age=4 enc=399051 rf=399052 gap=1 air=4
49423.379 [0] DBG_MESH_TX_STAGE stage=start msg=36 seq=2 ch=5 seen=1 at=399052
49423.379 [0] DBG_MESH_TX_STAGE stage=complete msg=36 seq=2 ch=5 seen=1 at=399056 ret=0
49423.379 [0] DBG_MESH_TX_STAGE stage=park msg=36 seq=2 ch=5 park_ret=0 release_ret=0
49423.379 [0] DBG_UWB_TX_CH5
49423.379 [0] DBG_C5_CONTACT phase=exchange state=3 peer=0xc1c2306a5138ab2d purpose=route_reply reason=route-reply
49423.379 [0] DBG_ROUTE_REPLY_TX_REPEAT attempt=1 idx=0 ret=0 sent=1
49423.379 [0] DBG_C5_CONTACT phase=exchange state=3 peer=0xc1c2306a5138ab2d purpose=route_reply reason=route-reply-ack-listen
49423.379 [0] DBG_DWM_INVALIDATE tag=configure_radio_from_reset active_phy=4 configured=1 awake=1
49423.379 [0] DBG_DWM_MARK_UNCONFIGURED tag=initialise_radio prev_phy=0
49423.406 [0] DBG_DWM_PHY_SWITCH from=4 to=2 fast=0 us=21027
49423.528 [0] DBG_ANCHOR_CH5_SCAN_HANDLER role=2
49423.528 [0] DBG_CH9_SKIP_STALE n=1 now=399216 next=399289 cnt=1 reason=rx-delay
49423.528 [0] DBG_ANCHOR_CH5_SCAN_BLOCKED win=0 tx=0 retry_gap=0 flood=0 wait=0 rx=0 rxq=0 rxr=0 ack=0 ch9=0 rf=1 retry=20 interval=380
49423.528 [0] DBG_SCAN_SKIPPED reason=blocked
49423.528 [0] DBG_ANCHOR_CH5_SCAN_RESCHED ret=1 delay=20
49423.557 [0] DBG_ROUTE_REPLY_ATTEMPT attempt=1 send=0 listen=-116 listened=1
49423.557 [0] DBG_C5_CONTACT phase=closing state=4 peer=0xc1c2306a5138ab2d purpose=route_reply reason=expired
49423.557 [0] DBG_C5_CONTACT phase=open state=1 peer=0xc1c2306a5138ab2d purpose=route_reply reason=route-reply
49423.557 [0] DBG_WAKE_TRAIN_GUARD_OK
49423.557 [0] DBG_ANCHOR_CH5_SCAN_HANDLER role=2
49423.557 [0] DBG_ANCHOR_CH5_SCAN_BLOCKED win=0 tx=0 retry_gap=0 flood=0 wait=0 rx=0 rxq=0 rxr=0 ack=0 ch9=0 rf=1 retry=20 interval=380
49423.557 [0] DBG_SCAN_SKIPPED reason=blocked
49423.557 [0] DBG_ANCHOR_CH5_SCAN_RESCHED ret=1 delay=20
49423.585 [0] DBG_WAKE_TRAIN_CONFIG_BEGIN
49423.585 [0] DBG_WAKE_TRAIN_CONFIG_OK
49423.585 [0] DBG_WAKE_TRAIN_FIRST_SEND_BEGIN
49423.585 [0] DBG_ANCHOR_CH5_SCAN_HANDLER role=2
49423.585 [0] DBG_WAKE_TRAIN_FIRST_SEND_OK
49423.585 [0] DBG_UWB_TX_CH5
49423.585 [0] DBG_TX_WAKE_CLAIM_SENT
49423.585 [0] DBG_ANCHOR_CH5_SCAN_BLOCKED win=0 tx=0 retry_gap=0 flood=0 wait=0 rx=0 rxq=0 rxr=0 ack=0 ch9=0 rf=1 retry=20 interval=380
49423.585 [0] DBG_SCAN_SKIPPED reason=blocked
49423.585 [0] DBG_ANCHOR_CH5_SCAN_RESCHED ret=1 delay=20
49423.585 [0] DBG_UWB_TX_CH5
49423.585 [0] DBG_TX_WAKE_CLAIM_SENT
49423.615 [0] DBG_UWB_TX_CH5
49423.615 [0] DBG_TX_WAKE_CLAIM_SENT
49423.615 [0] DBG_UWB_TX_CH5
49423.615 [0] DBG_TX_WAKE_CLAIM_SENT
49423.615 [0] DBG_DWM_CH5_RX_HUNT_START acq=10 complete=1000 cap=124
49423.615 [0] DBG_ANCHOR_CH5_SCAN_HANDLER role=2
49423.615 [0] DBG_DWM_CH5_RX_HUNT_EMPTY s=399299 e=399309 ret=-116 sys=00000000 phy=2 cfg=1 aw=1 unk=0
49423.615 [0] DBG_ANCHOR_CH5_SCAN_BLOCKED win=0 tx=0 retry_gap=0 flood=0 wait=0 rx=0 rxq=0 rxr=0 ack=0 ch9=0 rf=1 retry=20 interval=380
49423.615 [0] DBG_SCAN_SKIPPED reason=blocked
49423.615 [0] DBG_ANCHOR_CH5_SCAN_RESCHED ret=1 delay=20
49423.615 [0] DBG_UWB_TX_CH5
49423.615 [0] DBG_TX_WAKE_CLAIM_SENT
49423.645 [0] DBG_UWB_TX_CH5
49423.645 [0] DBG_TX_WAKE_CLAIM_SENT
49423.645 [0] DBG_DWM_CH5_RX_HUNT_START acq=10 complete=1000 cap=124
49423.645 [0] DBG_DWM_CH5_RX_HUNT_EMPTY s=399323 e=399333 ret=-116 sys=00000000 phy=2 cfg=1 aw=1 unk=0
49423.645 [0] DBG_ANCHOR_CH5_SCAN_HANDLER role=2
49423.645 [0] DBG_ANCHOR_CH5_SCAN_BLOCKED win=0 tx=0 retry_gap=0 flood=0 wait=0 rx=0 rxq=0 rxr=0 ack=0 ch9=0 rf=1 retry=20 interval=380
49423.645 [0] DBG_SCAN_SKIPPED reason=blocked
49423.645 [0] DBG_ANCHOR_CH5_SCAN_RESCHED ret=1 delay=20
49423.645 [0] DBG_UWB_TX_CH5
49423.645 [0] DBG_TX_WAKE_CLAIM_SENT
49423.645 [0] DBG_DWM_CH5_RX_HUNT_START acq=10 complete=1000 cap=124
49423.674 [0] DBG_DWM_CH5_RX_HUNT_EMPTY s=399347 e=399357 ret=-116 sys=00000000 phy=2 cfg=1 aw=1 unk=0
49423.674 [0] DBG_ANCHOR_CH5_SCAN_HANDLER role=2
49423.674 [0] DBG_UWB_TX_CH5
49423.674 [0] DBG_TX_WAKE_CLAIM_SENT
49423.674 [0] DBG_ANCHOR_CH5_SCAN_BLOCKED win=0 tx=0 retry_gap=0 flood=0 wait=0 rx=0 rxq=0 rxr=0 ack=0 ch9=0 rf=1 retry=20 interval=380
49423.674 [0] DBG_SCAN_SKIPPED reason=blocked
49423.674 [0] DBG_ANCHOR_CH5_SCAN_RESCHED ret=1 delay=20
49423.674 [0] DBG_UWB_TX_CH5
49423.674 [0] DBG_TX_WAKE_CLAIM_SENT
49423.674 [0] DBG_DWM_CH5_RX_HUNT_START acq=10 complete=1000 cap=124
49423.703 [0] DBG_DWM_CH5_RX_HUNT_EMPTY s=399371 e=399381 ret=-116 sys=00000000 phy=2 cfg=1 aw=1 unk=0
49423.703 [0] DBG_UWB_TX_CH5
49423.703 [0] DBG_TX_WAKE_CLAIM_SENT
49423.703 [0] DBG_ANCHOR_CH5_SCAN_HANDLER role=2
49423.703 [0] DBG_ANCHOR_CH5_SCAN_BLOCKED win=0 tx=0 retry_gap=0 flood=0 wait=0 rx=0 rxq=0 rxr=0 ack=0 ch9=0 rf=1 retry=20 interval=380
49423.703 [0] DBG_SCAN_SKIPPED reason=blocked
49423.703 [0] DBG_UWB_TX_CH5
49423.703 [0] DBG_TX_WAKE_CLAIM_SENT
49423.703 [0] DBG_DWM_CH5_RX_HUNT_START acq=10 complete=1000 cap=124
49423.703 [0] DBG_ANCHOR_CH5_SCAN_RESCHED ret=1 delay=20
49423.703 [0] DBG_DWM_CH5_RX_HUNT_EMPTY s=399395 e=399405 ret=-116 sys=00000000 phy=2 cfg=1 aw=1 unk=0
49423.736 [0] DBG_UWB_TX_CH5
49423.736 [0] DBG_TX_WAKE_CLAIM_SENT
49423.736 [0] DBG_ANCHOR_CH5_SCAN_HANDLER role=2
49423.736 [0] DBG_UWB_TX_CH5
49423.736 [0] DBG_TX_WAKE_CLAIM_SENT
49423.736 [0] DBG_DWM_CH5_RX_HUNT_START acq=10 complete=1000 cap=124
49423.736 [0] DBG_ANCHOR_CH5_SCAN_BLOCKED win=0 tx=0 retry_gap=0 flood=0 wait=0 rx=0 rxq=0 rxr=0 ack=0 ch9=0 rf=1 retry=20 interval=380
49423.736 [0] DBG_SCAN_SKIPPED reason=blocked
49423.736 [0] DBG_ANCHOR_CH5_SCAN_RESCHED ret=1 delay=20
49423.736 [0] DBG_DWM_CH5_RX_HUNT_EMPTY s=399419 e=399429 ret=-116 sys=00000000 phy=2 cfg=1 aw=1 unk=0
49423.736 [0] DBG_UWB_TX_CH5
49423.736 [0] DBG_TX_WAKE_CLAIM_SENT
49423.768 [0] DBG_UWB_TX_CH5
49423.768 [0] DBG_TX_WAKE_CLAIM_SENT
49423.768 [0] DBG_DWM_CH5_RX_HUNT_START acq=10 complete=1000 cap=124
49423.768 [0] DBG_ANCHOR_CH5_SCAN_HANDLER role=2
49423.768 [0] DBG_DWM_CH5_RX_HUNT_EMPTY s=399443 e=399453 ret=-116 sys=00000000 phy=2 cfg=1 aw=1 unk=0
49423.768 [0] DBG_ANCHOR_CH5_SCAN_BLOCKED win=0 tx=0 retry_gap=0 flood=0 wait=0 rx=0 rxq=0 rxr=0 ack=0 ch9=0 rf=1 retry=20 interval=380
49423.768 [0] DBG_SCAN_SKIPPED reason=blocked
49423.768 [0] DBG_ANCHOR_CH5_SCAN_RESCHED ret=1 delay=20
49423.768 [0] DBG_UWB_TX_CH5
49423.768 [0] DBG_TX_WAKE_CLAIM_SENT
49423.768 [0] DBG_UWB_TX_CH5
49423.768 [0] DBG_TX_WAKE_CLAIM_SENT
49423.768 [0] DBG_DWM_CH5_RX_HUNT_START acq=10 complete=1000 cap=124
49423.801 [0] DBG_ANCHOR_CH5_SCAN_HANDLER role=2
49423.801 [0] DBG_DWM_CH5_RX_HUNT_EMPTY s=399467 e=399477 ret=-116 sys=00000000 phy=2 cfg=1 aw=1 unk=0
49423.801 [0] DBG_CH9_SKIP_STALE n=1 now=399477 next=399929 cnt=2 reason=rx-delay
49423.801 [0] DBG_ANCHOR_CH5_SCAN_BLOCKED win=0 tx=0 retry_gap=0 flood=0 wait=0 rx=0 rxq=0 rxr=0 ack=0 ch9=0 rf=1 retry=20 interval=380
49423.801 [0] DBG_SCAN_SKIPPED reason=blocked
49423.801 [0] DBG_UWB_TX_CH5
49423.801 [0] DBG_TX_WAKE_CLAIM_SENT
49423.801 [0] DBG_ANCHOR_CH5_SCAN_RESCHED ret=1 delay=20
49423.801 [0] DBG_UWB_TX_CH5
49423.801 [0] DBG_TX_WAKE_CLAIM_SENT
49423.801 [0] DBG_DWM_CH5_RX_HUNT_START acq=10 complete=1000 cap=124
49423.801 [0] DBG_DWM_CH5_RX_HUNT_EMPTY s=399491 e=399501 ret=-116 sys=00000000 phy=2 cfg=1 aw=1 unk=0
49423.829 [0] DBG_ANCHOR_CH5_SCAN_HANDLER role=2
49423.829 [0] DBG_UWB_TX_CH5
49423.829 [0] DBG_TX_WAKE_CLAIM_SENT
49423.829 [0] DBG_ANCHOR_CH5_SCAN_BLOCKED win=0 tx=0 retry_gap=0 flood=0 wait=0 rx=0 rxq=0 rxr=0 ack=0 ch9=0 rf=1 retry=20 interval=380
49423.829 [0] DBG_SCAN_SKIPPED reason=blocked
49423.829 [0] DBG_ANCHOR_CH5_SCAN_RESCHED ret=1 delay=20
49423.829 [0] DBG_UWB_TX_CH5
49423.829 [0] DBG_TX_WAKE_CLAIM_SENT
49423.829 [0] DBG_DWM_CH5_RX_HUNT_START acq=10 complete=1000 cap=124
49423.829 [0] DBG_DWM_CH5_RX_HUNT_EMPTY s=399515 e=399525 ret=-116 sys=00000000 phy=2 cfg=1 aw=1 unk=0
49423.829 [0] DBG_ANCHOR_CH5_SCAN_HANDLER role=2
49423.829 [0] DBG_UWB_TX_CH5
49423.829 [0] DBG_TX_WAKE_CLAIM_SENT
49423.863 [0] DBG_ANCHOR_CH5_SCAN_BLOCKED win=0 tx=0 retry_gap=0 flood=0 wait=0 rx=0 rxq=0 rxr=0 ack=0 ch9=0 rf=1 retry=20 interval=380
49423.863 [0] DBG_SCAN_SKIPPED reason=blocked
49423.863 [0] DBG_ANCHOR_CH5_SCAN_RESCHED ret=1 delay=20
49423.863 [0] DBG_UWB_TX_CH5
49423.863 [0] DBG_TX_WAKE_CLAIM_SENT
49423.863 [0] DBG_DWM_CH5_RX_HUNT_START acq=10 complete=1000 cap=124
49423.863 [0] DBG_DWM_CH5_RX_HUNT_EMPTY s=399539 e=399549 ret=-116 sys=00000000 phy=2 cfg=1 aw=1 unk=0
49423.863 [0] DBG_UWB_TX_CH5
49423.863 [0] DBG_TX_WAKE_CLAIM_SENT
49423.863 [0] DBG_ANCHOR_CH5_SCAN_HANDLER role=2
49423.863 [0] DBG_ANCHOR_CH5_SCAN_BLOCKED win=0 tx=0 retry_gap=0 flood=0 wait=0 rx=0 rxq=0 rxr=0 ack=0 ch9=0 rf=1 retry=20 interval=380
49423.863 [0] DBG_SCAN_SKIPPED reason=blocked
49423.863 [0] DBG_DWM_CH5_RX_HUNT_START acq=10 complete=1000 cap=124
49423.863 [0] DBG_ANCHOR_CH5_SCAN_RESCHED ret=1 delay=20
49423.890 [0] DBG_DWM_CH5_RX_HUNT_EMPTY s=399563 e=399573 ret=-116 sys=00000000 phy=2 cfg=1 aw=1 unk=0
49423.890 [0] DBG_UWB_TX_CH5
49423.890 [0] DBG_TX_WAKE_CLAIM_SENT
49423.890 [0] DBG_ANCHOR_CH5_SCAN_HANDLER role=2
49423.890 [0] DBG_UWB_TX_CH5
49423.890 [0] DBG_TX_WAKE_CLAIM_SENT
49423.890 [0] DBG_DWM_CH5_RX_HUNT_START acq=10 complete=1000 cap=124
49423.890 [0] DBG_ANCHOR_CH5_SCAN_BLOCKED win=0 tx=0 retry_gap=0 flood=0 wait=0 rx=0 rxq=0 rxr=0 ack=0 ch9=0 rf=1 retry=20 interval=380
49423.890 [0] DBG_SCAN_SKIPPED reason=blocked
49423.890 [0] DBG_ANCHOR_CH5_SCAN_RESCHED ret=1 delay=20
49423.918 [0] DBG_DWM_CH5_RX_HUNT_EMPTY s=399587 e=399597 ret=-116 sys=00000000 phy=2 cfg=1 aw=1 unk=0
49423.918 [0] DBG_UWB_TX_CH5
49423.918 [0] DBG_TX_WAKE_CLAIM_SENT
49423.918 [0] DBG_UWB_TX_CH5
49423.918 [0] DBG_TX_WAKE_CLAIM_SENT
49423.918 [0] DBG_DWM_CH5_RX_HUNT_START acq=10 complete=1000 cap=124
49423.918 [0] DBG_ANCHOR_CH5_SCAN_HANDLER role=2
49423.918 [0] DBG_DWM_CH5_RX_HUNT_EMPTY s=399611 e=399621 ret=-116 sys=00000000 phy=2 cfg=1 aw=1 unk=0
49423.918 [0] DBG_ANCHOR_CH5_SCAN_BLOCKED win=0 tx=0 retry_gap=0 flood=0 wait=0 rx=0 rxq=0 rxr=0 ack=0 ch9=0 rf=1 retry=20 interval=380
49423.918 [0] DBG_SCAN_SKIPPED reason=blocked
49423.918 [0] DBG_ANCHOR_CH5_SCAN_RESCHED ret=1 delay=20
49423.951 [0] DBG_UWB_TX_CH5
49423.951 [0] DBG_TX_WAKE_CLAIM_SENT
49423.951 [0] DBG_UWB_TX_CH5
49423.951 [0] DBG_TX_WAKE_CLAIM_SENT
49423.951 [0] DBG_DWM_CH5_RX_HUNT_START acq=10 complete=1000 cap=124
49423.951 [0] DBG_ANCHOR_CH5_SCAN_HANDLER role=2
49423.951 [0] DBG_DWM_CH5_RX_HUNT_EMPTY s=399635 e=399645 ret=-116 sys=00000000 phy=2 cfg=1 aw=1 unk=0
49423.951 [0] DBG_ANCHOR_CH5_SCAN_BLOCKED win=0 tx=0 retry_gap=0 flood=0 wait=0 rx=0 rxq=0 rxr=0 ack=0 ch9=0 rf=1 retry=20 interval=380
49423.951 [0] DBG_SCAN_SKIPPED reason=blocked
49423.951 [0] DBG_ANCHOR_CH5_SCAN_RESCHED ret=1 delay=20
49423.951 [0] DBG_UWB_TX_CH5
49423.951 [0] DBG_TX_WAKE_CLAIM_SENT
49423.981 [0] DBG_UWB_TX_CH5
49423.981 [0] DBG_TX_WAKE_CLAIM_SENT
49423.981 [0] DBG_DWM_CH5_RX_HUNT_START acq=10 complete=1000 cap=124
49423.981 [0] DBG_DWM_CH5_RX_HUNT_EMPTY s=399659 e=399669 ret=-116 sys=00000000 phy=2 cfg=1 aw=1 unk=0
49423.981 [0] DBG_ANCHOR_CH5_SCAN_HANDLER role=2
49423.981 [0] DBG_ANCHOR_CH5_SCAN_BLOCKED win=0 tx=0 retry_gap=0 flood=0 wait=0 rx=0 rxq=0 rxr=0 ack=0 ch9=0 rf=1 retry=20 interval=380
49423.981 [0] DBG_SCAN_SKIPPED reason=blocked
49423.981 [0] DBG_UWB_TX_CH5
49423.981 [0] DBG_TX_WAKE_CLAIM_SENT
49423.981 [0] DBG_ANCHOR_CH5_SCAN_RESCHED ret=1 delay=20
49423.981 [0] DBG_UWB_TX_CH5
49423.981 [0] DBG_TX_WAKE_CLAIM_SENT
49423.981 [0] DBG_DWM_CH5_RX_HUNT_START acq=10 complete=1000 cap=124
49424.008 [0] DBG_DWM_CH5_RX_HUNT_EMPTY s=399683 e=399693 ret=-116 sys=00000000 phy=2 cfg=1 aw=1 unk=0
49424.008 [0] DBG_ANCHOR_CH5_SCAN_HANDLER role=2
49424.008 [0] DBG_UWB_TX_CH5
49424.008 [0] DBG_TX_WAKE_CLAIM_SENT
49424.008 [0] DBG_ANCHOR_CH5_SCAN_BLOCKED win=0 tx=0 retry_gap=0 flood=0 wait=0 rx=0 rxq=0 rxr=0 ack=0 ch9=0 rf=1 retry=20 interval=380
49424.008 [0] DBG_SCAN_SKIPPED reason=blocked
49424.008 [0] DBG_ANCHOR_CH5_SCAN_RESCHED ret=1 delay=20
49424.008 [0] DBG_UWB_TX_CH5
49424.008 [0] DBG_TX_WAKE_CLAIM_SENT
49424.008 [0] DBG_DWM_CH5_RX_HUNT_START acq=10 complete=1000 cap=124
49424.035 [0] DBG_DWM_CH5_RX_HUNT_EMPTY s=399707 e=399717 ret=-116 sys=00000000 phy=2 cfg=1 aw=1 unk=0
49424.035 [0] DBG_ANCHOR_CH5_SCAN_HANDLER role=2
49424.035 [0] DBG_UWB_TX_CH5
49424.035 [0] DBG_TX_WAKE_CLAIM_SENT
49424.035 [0] DBG_ANCHOR_CH5_SCAN_BLOCKED win=0 tx=0 retry_gap=0 flood=0 wait=0 rx=0 rxq=0 rxr=0 ack=0 ch9=0 rf=1 retry=20 interval=380
49424.035 [0] DBG_SCAN_SKIPPED reason=blocked
49424.035 [0] DBG_ANCHOR_CH5_SCAN_RESCHED ret=1 delay=20
49424.035 [0] DBG_UWB_TX_CH5
49424.035 [0] DBG_TX_WAKE_CLAIM_SENT
49424.035 [0] DBG_DWM_CH5_RX_HUNT_START acq=10 complete=1000 cap=124
49424.067 [0] DBG_DWM_CH5_RX_HUNT_EMPTY s=399731 e=399741 ret=-116 sys=00000000 phy=2 cfg=1 aw=1 unk=0
49424.067 [0] DBG_UWB_TX_CH5
49424.067 [0] DBG_TX_WAKE_CLAIM_SENT
49424.067 [0] DBG_ANCHOR_CH5_SCAN_HANDLER role=2
49424.067 [0] DBG_CH5_SCAN_CAP next=121 reserve=35 win=86 protocol=0 recovery=1
49424.067 [0] DBG_UWB_TX_CH5
49424.067 [0] DBG_TX_WAKE_CLAIM_SENT
49424.067 [0] DBG_DWM_CH5_RX_HUNT_START acq=10 complete=1000 cap=124
49424.067 [0] DBG_ANCHOR_CH5_SCAN_BLOCKED win=0 tx=0 retry_gap=0 flood=0 wait=0 rx=0 rxq=0 rxr=0 ack=0 ch9=0 rf=1 retry=20 interval=380
49424.067 [0] DBG_SCAN_SKIPPED reason=blocked
49424.067 [0] DBG_ANCHOR_CH5_SCAN_RESCHED ret=1 delay=20
49424.067 [0] DBG_DWM_CH5_RX_HUNT_EMPTY s=399755 e=399765 ret=-116 sys=00000000 phy=2 cfg=1 aw=1 unk=0
49424.096 [0] DBG_UWB_TX_CH5
49424.096 [0] DBG_TX_WAKE_CLAIM_SENT
49424.096 [0] DBG_ANCHOR_CH5_SCAN_HANDLER role=2
49424.096 [0] DBG_UWB_TX_CH5
49424.096 [0] DBG_TX_WAKE_CLAIM_SENT
49424.096 [0] DBG_DWM_CH5_RX_HUNT_START acq=10 complete=1000 cap=124
49424.096 [0] DBG_CH5_SCAN_CAP next=90 reserve=35 win=55 protocol=0 recovery=1
49424.096 [0] DBG_ANCHOR_CH5_SCAN_BLOCKED win=0 tx=0 retry_gap=0 flood=0 wait=0 rx=0 rxq=0 rxr=0 ack=0 ch9=0 rf=1 retry=20 interval=380
49424.096 [0] DBG_DWM_CH5_RX_HUNT_EMPTY s=399779 e=399789 ret=-116 sys=00000000 phy=2 cfg=1 aw=1 unk=0
49424.096 [0] DBG_SCAN_SKIPPED reason=blocked
49424.096 [0] DBG_ANCHOR_CH5_SCAN_RESCHED ret=1 delay=20
49424.123 [0] DBG_ANCHOR_CH5_SCAN_HANDLER role=2
49424.123 [0] DBG_ANCHOR_CH9_REARM delay=57 ret=1 ack=0
49424.123 [0] DBG_CH5_SCAN_CAP next=57 reserve=35 win=22 protocol=0 recovery=1
49424.123 [0] DBG_ANCHOR_CH5_SCAN_BLOCKED win=0 tx=0 retry_gap=0 flood=0 wait=0 rx=0 rxq=0 rxr=0 ack=0 ch9=1 rf=0 retry=302 interval=380
49424.123 [0] DBG_SCAN_SKIPPED reason=blocked
49424.123 [0] DBG_ANCHOR_CH5_SCAN_RESCHED ret=1 delay=302
49424.178 [0] DBG_C5_CONTACT phase=exchange state=3 peer=0xc1c2306a5138ab2d purpose=route_reply reason=route-reply
49424.178 [0] DBG_DWM_INVALIDATE tag=configure_radio_from_reset active_phy=2 configured=1 awake=1
49424.217 [0] DBG_DWM_MARK_UNCONFIGURED tag=initialise_radio prev_phy=0
49424.217 [0] DBG_DWM_PHY_SWITCH from=2 to=4 fast=0 us=21607
49424.217 [0] DBG_DWM_WAKE_MESH_CTRL_OK sfd=1033
49424.217 [0] DBG_C5_TX_CONFIG ret=0 at=399898 ext=1 len=203 msg=36 reason=route-reply
49424.217 [0] DBG_MESH_TX_AGE msg=36 seq=2 age=4 enc=399899 rf=399900 gap=1 air=4
49424.217 [0] DBG_MESH_TX_STAGE stage=start msg=36 seq=2 ch=5 seen=1 at=399900
49424.217 [0] DBG_MESH_TX_STAGE stage=complete msg=36 seq=2 ch=5 seen=1 at=399903 ret=0
49424.217 [0] DBG_MESH_TX_STAGE stage=park msg=36 seq=2 ch=5 park_ret=0 release_ret=0
49424.217 [0] DBG_UWB_TX_CH5
49424.217 [0] DBG_C5_CONTACT phase=exchange state=3 peer=0xc1c2306a5138ab2d purpose=route_reply reason=route-reply
49424.217 [0] DBG_ROUTE_REPLY_TX_REPEAT attempt=2 idx=0 ret=0 sent=1
49424.217 [0] DBG_C5_CONTACT phase=exchange state=3 peer=0xc1c2306a5138ab2d purpose=route_reply reason=route-reply-ack-listen
49424.217 [0] DBG_DWM_INVALIDATE tag=configure_radio_from_reset active_phy=4 configured=1 awake=1
49424.246 [0] DBG_DWM_MARK_UNCONFIGURED tag=initialise_radio prev_phy=0
49424.246 [0] DBG_DWM_PHY_SWITCH from=4 to=2 fast=0 us=20996
49424.392 [0] DBG_ROUTE_REPLY_ATTEMPT attempt=2 send=0 listen=-116 listened=1
49424.392 [0] DBG_C5_CONTACT phase=closing state=4 peer=0xc1c2306a5138ab2d purpose=route_reply reason=expired
49424.392 [0] DBG_C5_CONTACT phase=open state=1 peer=0xc1c2306a5138ab2d purpose=route_reply reason=route-reply
49424.392 [0] DBG_WAKE_TRAIN_GUARD_OK
49424.419 [0] DBG_WAKE_TRAIN_CONFIG_BEGIN
49424.419 [0] DBG_ANCHOR_CH5_SCAN_HANDLER role=2
49424.419 [0] DBG_CH9_SKIP_STALE n=1 now=400114 next=400569 cnt=3 reason=rx-delay
49424.419 [0] DBG_ANCHOR_CH5_SCAN_BLOCKED win=0 tx=0 retry_gap=0 flood=0 wait=0 rx=0 rxq=0 rxr=0 ack=0 ch9=0 rf=1 retry=20 interval=380
49424.419 [0] DBG_SCAN_SKIPPED reason=blocked
49424.419 [0] DBG_ANCHOR_CH5_SCAN_RESCHED ret=1 delay=20
49424.419 [0] DBG_WAKE_TRAIN_CONFIG_OK
49424.419 [0] DBG_WAKE_TRAIN_FIRST_SEND_BEGIN
49424.451 [0] DBG_WAKE_TRAIN_FIRST_SEND_OK
49424.451 [0] DBG_UWB_TX_CH5
49424.451 [0] DBG_TX_WAKE_CLAIM_SENT
49424.451 [0] DBG_UWB_TX_CH5
49424.451 [0] DBG_TX_WAKE_CLAIM_SENT
49424.451 [0] DBG_ANCHOR_CH5_SCAN_HANDLER role=2
49424.451 [0] DBG_UWB_TX_CH5
49424.451 [0] DBG_TX_WAKE_CLAIM_SENT
49424.451 [0] DBG_ANCHOR_CH5_SCAN_BLOCKED win=0 tx=0 retry_gap=0 flood=0 wait=0 rx=0 rxq=0 rxr=0 ack=0 ch9=0 rf=1 retry=20 interval=380
49424.451 [0] DBG_SCAN_SKIPPED reason=blocked
49424.451 [0] DBG_ANCHOR_CH5_SCAN_RESCHED ret=1 delay=20
49424.451 [0] DBG_UWB_TX_CH5
49424.451 [0] DBG_TX_WAKE_CLAIM_SENT
49424.451 [0] DBG_DWM_CH5_RX_HUNT_START acq=10 complete=1000 cap=124
49424.479 [0] DBG_DWM_CH5_RX_HUNT_EMPTY s=400148 e=400158 ret=-116 sys=00000000 phy=2 cfg=1 aw=1 unk=0
49424.479 [0] DBG_ANCHOR_CH5_SCAN_HANDLER role=2
49424.479 [0] DBG_UWB_TX_CH5
49424.479 [0] DBG_TX_WAKE_CLAIM_SENT
49424.479 [0] DBG_ANCHOR_CH5_SCAN_BLOCKED win=0 tx=0 retry_gap=0 flood=0 wait=0 rx=0 rxq=0 rxr=0 ack=0 ch9=0 rf=1 retry=20 interval=380
49424.479 [0] DBG_SCAN_SKIPPED reason=blocked
49424.479 [0] DBG_ANCHOR_CH5_SCAN_RESCHED ret=1 delay=20
49424.479 [0] DBG_UWB_TX_CH5
49424.479 [0] DBG_TX_WAKE_CLAIM_SENT
49424.479 [0] DBG_DWM_CH5_RX_HUNT_START acq=10 complete=1000 cap=124
49424.479 [0] DBG_DWM_CH5_RX_HUNT_EMPTY s=400172 e=400182 ret=-116 sys=00000000 phy=2 cfg=1 aw=1 unk=0
49424.512 [0] DBG_ANCHOR_CH5_SCAN_HANDLER role=2
49424.512 [0] DBG_ANCHOR_CH5_SCAN_BLOCKED win=0 tx=0 retry_gap=0 flood=0 wait=0 rx=0 rxq=0 rxr=0 ack=0 ch9=0 rf=1 retry=20 interval=380
49424.512 [0] DBG_SCAN_SKIPPED reason=blocked
49424.512 [0] DBG_UWB_TX_CH5
49424.512 [0] DBG_TX_WAKE_CLAIM_SENT
49424.512 [0] DBG_ANCHOR_CH5_SCAN_RESCHED ret=1 delay=20
49424.512 [0] DBG_DWM_CH5_RX_HUNT_EMPTY s=400196 e=400206 ret=-116 sys=00000000 phy=2 cfg=1 aw=1 unk=0
49424.512 [0] DBG_UWB_TX_CH5
49424.512 [0] DBG_TX_WAKE_CLAIM_SENT
49424.543 [0] DBG_ANCHOR_CH5_SCAN_HANDLER role=2
49424.543 [0] DBG_UWB_TX_CH5
49424.543 [0] DBG_TX_WAKE_CLAIM_SENT
49424.543 [0] DBG_DWM_CH5_RX_HUNT_START acq=10 complete=1000 cap=124
49424.543 [0] DBG_ANCHOR_CH5_SCAN_BLOCKED win=0 tx=0 retry_gap=0 flood=0 wait=0 rx=0 rxq=0 rxr=0 ack=0 ch9=0 rf=1 retry=20 interval=380
49424.543 [0] DBG_SCAN_SKIPPED reason=blocked
49424.543 [0] DBG_ANCHOR_CH5_SCAN_RESCHED ret=1 delay=20
49424.543 [0] DBG_DWM_CH5_RX_HUNT_EMPTY s=400220 e=400230 ret=-116 sys=00000000 phy=2 cfg=1 aw=1 unk=0
49424.543 [0] DBG_UWB_TX_CH5
49424.543 [0] DBG_TX_WAKE_CLAIM_SENT
49424.543 [0] DBG_UWB_TX_CH5
49424.543 [0] DBG_TX_WAKE_CLAIM_SENT
49424.543 [0] DBG_DWM_CH5_RX_HUNT_START acq=10 complete=1000 cap=124
49424.574 [0] DBG_ANCHOR_CH5_SCAN_HANDLER role=2
49424.574 [0] DBG_DWM_CH5_RX_HUNT_EMPTY s=400244 e=400254 ret=-116 sys=00000000 phy=2 cfg=1 aw=1 unk=0
49424.574 [0] DBG_ANCHOR_CH5_SCAN_BLOCKED win=0 tx=0 retry_gap=0 flood=0 wait=0 rx=0 rxq=0 rxr=0 ack=0 ch9=0 rf=1 retry=20 interval=380
49424.574 [0] DBG_SCAN_SKIPPED reason=blocked
49424.574 [0] DBG_ANCHOR_CH5_SCAN_RESCHED ret=1 delay=20
49424.574 [0] DBG_UWB_TX_CH5
49424.574 [0] DBG_TX_WAKE_CLAIM_SENT
49424.574 [0] DBG_UWB_TX_CH5
49424.574 [0] DBG_TX_WAKE_CLAIM_SENT
49424.574 [0] DBG_DWM_CH5_RX_HUNT_START acq=10 complete=1000 cap=124
49424.574 [0] DBG_ANCHOR_CH5_SCAN_HANDLER role=2
49424.615 [0] DBG_DWM_CH5_RX_HUNT_EMPTY s=400268 e=400278 ret=-116 sys=00000000 phy=2 cfg=1 aw=1 unk=0
49424.615 [0] DBG_ANCHOR_CH5_SCAN_BLOCKED win=0 tx=0 retry_gap=0 flood=0 wait=0 rx=0 rxq=0 rxr=0 ack=0 ch9=0 rf=1 retry=20 interval=380
49424.615 [0] DBG_SCAN_SKIPPED reason=blocked
49424.615 [0] DBG_ANCHOR_CH5_SCAN_RESCHED ret=1 delay=20
49424.615 [0] DBG_UWB_TX_CH5
49424.615 [0] DBG_TX_WAKE_CLAIM_SENT
49424.615 [0] DBG_UWB_TX_CH5
49424.615 [0] DBG_TX_WAKE_CLAIM_SENT
49424.615 [0] DBG_DWM_CH5_RX_HUNT_START acq=10 complete=1000 cap=124
49424.615 [0] DBG_DWM_CH5_RX_HUNT_EMPTY s=400292 e=400302 ret=-116 sys=00000000 phy=2 cfg=1 aw=1 unk=0
49424.615 [0] DBG_ANCHOR_CH5_SCAN_HANDLER role=2
49424.615 [0] DBG_ANCHOR_CH5_SCAN_BLOCKED win=0 tx=0 retry_gap=0 flood=0 wait=0 rx=0 rxq=0 rxr=0 ack=0 ch9=0 rf=1 retry=20 interval=380
49424.615 [0] DBG_SCAN_SKIPPED reason=blocked
49424.615 [0] DBG_ANCHOR_CH5_SCAN_RESCHED ret=1 delay=20
49424.615 [0] DBG_UWB_TX_CH5
49424.615 [0] DBG_TX_WAKE_CLAIM_SENT
49424.615 [0] DBG_DWM_CH5_RX_HUNT_START acq=10 complete=1000 cap=124
49424.649 [0] DBG_DWM_CH5_RX_HUNT_EMPTY s=400316 e=400326 ret=-116 sys=00000000 phy=2 cfg=1 aw=1 unk=0
49424.649 [0] DBG_ANCHOR_CH5_SCAN_HANDLER role=2
49424.649 [0] DBG_UWB_TX_CH5
49424.649 [0] DBG_TX_WAKE_CLAIM_SENT
49424.649 [0] DBG_ANCHOR_CH5_SCAN_BLOCKED win=0 tx=0 retry_gap=0 flood=0 wait=0 rx=0 rxq=0 rxr=0 ack=0 ch9=0 rf=1 retry=20 interval=380
49424.649 [0] DBG_SCAN_SKIPPED reason=blocked
49424.649 [0] DBG_ANCHOR_CH5_SCAN_RESCHED ret=1 delay=20
49424.649 [0] DBG_UWB_TX_CH5
49424.649 [0] DBG_TX_WAKE_CLAIM_SENT
49424.649 [0] DBG_DWM_CH5_RX_HUNT_START acq=10 complete=1000 cap=124
49424.649 [0] DBG_DWM_CH5_RX_HUNT_EMPTY s=400339 e=400349 ret=-116 sys=00000000 phy=2 cfg=1 aw=1 unk=0
49424.677 [0] DBG_UWB_TX_CH5
49424.677 [0] DBG_TX_WAKE_CLAIM_SENT
49424.677 [0] DBG_ANCHOR_CH5_SCAN_HANDLER role=2
49424.677 [0] DBG_ANCHOR_CH5_SCAN_BLOCKED win=0 tx=0 retry_gap=0 flood=0 wait=0 rx=0 rxq=0 rxr=0 ack=0 ch9=0 rf=1 retry=20 interval=380
49424.677 [0] DBG_SCAN_SKIPPED reason=blocked
49424.677 [0] DBG_DWM_CH5_RX_HUNT_START acq=10 complete=1000 cap=124
49424.677 [0] DBG_ANCHOR_CH5_SCAN_RESCHED ret=1 delay=20
49424.677 [0] DBG_DWM_CH5_RX_HUNT_EMPTY s=400363 e=400373 ret=-116 sys=00000000 phy=2 cfg=1 aw=1 unk=0
49424.677 [0] DBG_UWB_TX_CH5
49424.677 [0] DBG_TX_WAKE_CLAIM_SENT
49424.705 [0] DBG_ANCHOR_CH5_SCAN_HANDLER role=2
49424.705 [0] DBG_UWB_TX_CH5
49424.705 [0] DBG_TX_WAKE_CLAIM_SENT
49424.705 [0] DBG_DWM_CH5_RX_HUNT_START acq=10 complete=1000 cap=124
49424.705 [0] DBG_ANCHOR_CH5_SCAN_BLOCKED win=0 tx=0 retry_gap=0 flood=0 wait=0 rx=0 rxq=0 rxr=0 ack=0 ch9=0 rf=1 retry=20 interval=380
49424.705 [0] DBG_SCAN_SKIPPED reason=blocked
49424.705 [0] DBG_ANCHOR_CH5_SCAN_RESCHED ret=1 delay=20
49424.705 [0] DBG_DWM_CH5_RX_HUNT_EMPTY s=400387 e=400397 ret=-116 sys=00000000 phy=2 cfg=1 aw=1 unk=0
49424.705 [0] DBG_UWB_TX_CH5
49424.705 [0] DBG_TX_WAKE_CLAIM_SENT
49424.737 [0] DBG_UWB_TX_CH5
49424.737 [0] DBG_TX_WAKE_CLAIM_SENT
49424.737 [0] DBG_DWM_CH5_RX_HUNT_START acq=10 complete=1000 cap=124
49424.737 [0] DBG_ANCHOR_CH5_SCAN_HANDLER role=2
49424.737 [0] DBG_DWM_CH5_RX_HUNT_EMPTY s=400411 e=400421 ret=-116 sys=00000000 phy=2 cfg=1 aw=1 unk=0
49424.737 [0] DBG_ANCHOR_CH5_SCAN_BLOCKED win=0 tx=0 retry_gap=0 flood=0 wait=0 rx=0 rxq=0 rxr=0 ack=0 ch9=0 rf=1 retry=20 interval=380
49424.737 [0] DBG_SCAN_SKIPPED reason=blocked
49424.737 [0] DBG_ANCHOR_CH5_SCAN_RESCHED ret=1 delay=20
49424.737 [0] DBG_UWB_TX_CH5
49424.737 [0] DBG_TX_WAKE_CLAIM_SENT
49424.737 [0] DBG_UWB_TX_CH5
49424.737 [0] DBG_TX_WAKE_CLAIM_SENT
49424.737 [0] DBG_DWM_CH5_RX_HUNT_START acq=10 complete=1000 cap=124
49424.765 [0] DBG_ANCHOR_CH5_SCAN_HANDLER role=2
49424.765 [0] DBG_DWM_CH5_RX_HUNT_EMPTY s=400435 e=400445 ret=-116 sys=00000000 phy=2 cfg=1 aw=1 unk=0
49424.765 [0] DBG_ANCHOR_CH5_SCAN_BLOCKED win=0 tx=0 retry_gap=0 flood=0 wait=0 rx=0 rxq=0 rxr=0 ack=0 ch9=0 rf=1 retry=20 interval=380
49424.765 [0] DBG_SCAN_SKIPPED reason=blocked
49424.765 [0] DBG_ANCHOR_CH5_SCAN_RESCHED ret=1 delay=20
49424.765 [0] DBG_UWB_TX_CH5
49424.765 [0] DBG_TX_WAKE_CLAIM_SENT
49424.765 [0] DBG_UWB_TX_CH5
49424.765 [0] DBG_TX_WAKE_CLAIM_SENT
49424.765 [0] DBG_DWM_CH5_RX_HUNT_START acq=10 complete=1000 cap=124
49424.794 [0] DBG_DWM_CH5_RX_HUNT_EMPTY s=400459 e=400469 ret=-116 sys=00000000 phy=2 cfg=1 aw=1 unk=0
49424.794 [0] DBG_ANCHOR_CH5_SCAN_HANDLER role=2
49424.794 [0] DBG_ANCHOR_CH5_SCAN_BLOCKED win=0 tx=0 retry_gap=0 flood=0 wait=0 rx=0 rxq=0 rxr=0 ack=0 ch9=0 rf=1 retry=20 interval=380
49424.794 [0] DBG_SCAN_SKIPPED reason=blocked
49424.794 [0] DBG_ANCHOR_CH5_SCAN_RESCHED ret=1 delay=20
49424.794 [0] DBG_UWB_TX_CH5
49424.794 [0] DBG_TX_WAKE_CLAIM_SENT
49424.794 [0] DBG_DWM_CH5_RX_HUNT_START acq=10 complete=1000 cap=124
49424.794 [0] DBG_DWM_CH5_RX_HUNT_EMPTY s=400483 e=400493 ret=-116 sys=00000000 phy=2 cfg=1 aw=1 unk=0
49424.823 [0] DBG_ANCHOR_CH5_SCAN_HANDLER role=2
49424.823 [0] DBG_UWB_TX_CH5
49424.823 [0] DBG_TX_WAKE_CLAIM_SENT
49424.823 [0] DBG_ANCHOR_CH5_SCAN_BLOCKED win=0 tx=0 retry_gap=0 flood=0 wait=0 rx=0 rxq=0 rxr=0 ack=0 ch9=0 rf=1 retry=20 interval=380
49424.823 [0] DBG_SCAN_SKIPPED reason=blocked
49424.823 [0] DBG_ANCHOR_CH5_SCAN_RESCHED ret=1 delay=20
49424.823 [0] DBG_UWB_TX_CH5
49424.823 [0] DBG_TX_WAKE_CLAIM_SENT
49424.823 [0] DBG_DWM_CH5_RX_HUNT_START acq=10 complete=1000 cap=124
49424.823 [0] DBG_DWM_CH5_RX_HUNT_EMPTY s=400507 e=400517 ret=-116 sys=00000000 phy=2 cfg=1 aw=1 unk=0
49424.823 [0] DBG_UWB_TX_CH5
49424.823 [0] DBG_TX_WAKE_CLAIM_SENT
49424.823 [0] DBG_ANCHOR_CH5_SCAN_HANDLER role=2
49424.855 [0] DBG_ANCHOR_CH5_SCAN_BLOCKED win=0 tx=0 retry_gap=0 flood=0 wait=0 rx=0 rxq=0 rxr=0 ack=0 ch9=0 rf=1 retry=20 interval=380
49424.855 [0] DBG_SCAN_SKIPPED reason=blocked
49424.855 [0] DBG_DWM_CH5_RX_HUNT_START acq=10 complete=1000 cap=124
49424.855 [0] DBG_ANCHOR_CH5_SCAN_RESCHED ret=1 delay=20
49424.855 [0] DBG_DWM_CH5_RX_HUNT_EMPTY s=400531 e=400541 ret=-116 sys=00000000 phy=2 cfg=1 aw=1 unk=0
49424.855 [0] DBG_UWB_TX_CH5
49424.855 [0] DBG_TX_WAKE_CLAIM_SENT
49424.855 [0] DBG_ANCHOR_CH5_SCAN_HANDLER role=2
49424.855 [0] DBG_UWB_TX_CH5
49424.855 [0] DBG_TX_WAKE_CLAIM_SENT
49424.855 [0] DBG_DWM_CH5_RX_HUNT_START acq=10 complete=1000 cap=124
49424.884 [0] DBG_ANCHOR_CH5_SCAN_BLOCKED win=0 tx=0 retry_gap=0 flood=0 wait=0 rx=0 rxq=0 rxr=0 ack=0 ch9=0 rf=1 retry=20 interval=380
49424.884 [0] DBG_SCAN_SKIPPED reason=blocked
49424.884 [0] DBG_ANCHOR_CH5_SCAN_RESCHED ret=1 delay=20
49424.884 [0] DBG_DWM_CH5_RX_HUNT_EMPTY s=400555 e=400565 ret=-116 sys=00000000 phy=2 cfg=1 aw=1 unk=0
49424.884 [0] DBG_UWB_TX_CH5
49424.884 [0] DBG_TX_WAKE_CLAIM_SENT
49424.884 [0] DBG_UWB_TX_CH5
49424.884 [0] DBG_TX_WAKE_CLAIM_SENT
49424.884 [0] DBG_DWM_CH5_RX_HUNT_START acq=10 complete=1000 cap=124
49424.884 [0] DBG_ANCHOR_CH5_SCAN_HANDLER role=2
49424.914 [0] DBG_DWM_CH5_RX_HUNT_EMPTY s=400579 e=400589 ret=-116 sys=00000000 phy=2 cfg=1 aw=1 unk=0
49424.914 [0] DBG_ANCHOR_CH5_SCAN_BLOCKED win=0 tx=0 retry_gap=0 flood=0 wait=0 rx=0 rxq=0 rxr=0 ack=0 ch9=0 rf=1 retry=20 interval=380
49424.914 [0] DBG_SCAN_SKIPPED reason=blocked
49424.914 [0] DBG_ANCHOR_CH5_SCAN_RESCHED ret=1 delay=20
49424.914 [0] DBG_UWB_TX_CH5
49424.914 [0] DBG_TX_WAKE_CLAIM_SENT
49424.914 [0] DBG_UWB_TX_CH5
49424.914 [0] DBG_TX_WAKE_CLAIM_SENT
49424.914 [0] DBG_DWM_CH5_RX_HUNT_START acq=10 complete=1000 cap=124
49424.914 [0] DBG_ANCHOR_CH5_SCAN_HANDLER role=2
49424.914 [0] DBG_DWM_CH5_RX_HUNT_EMPTY s=400603 e=400613 ret=-116 sys=00000000 phy=2 cfg=1 aw=1 unk=0
49424.914 [0] DBG_ANCHOR_CH5_SCAN_BLOCKED win=0 tx=0 retry_gap=0 flood=0 wait=0 rx=0 rxq=0 rxr=0 ack=0 ch9=0 rf=1 retry=20 interval=380
49424.914 [0] DBG_SCAN_SKIPPED reason=blocked
49424.944 [0] DBG_ANCHOR_CH5_SCAN_RESCHED ret=1 delay=20
49424.944 [0] DBG_UWB_TX_CH5
49424.944 [0] DBG_TX_WAKE_CLAIM_SENT
49424.944 [0] DBG_UWB_TX_CH5
49424.944 [0] DBG_TX_WAKE_CLAIM_SENT
49424.944 [0] DBG_DWM_CH5_RX_HUNT_START acq=10 complete=1000 cap=124
49424.944 [0] DBG_DWM_CH5_RX_HUNT_EMPTY s=400627 e=400637 ret=-116 sys=00000000 phy=2 cfg=1 aw=1 unk=0
49424.944 [0] DBG_ANCHOR_CH5_SCAN_HANDLER role=2
49424.944 [0] DBG_ANCHOR_CH5_SCAN_BLOCKED win=0 tx=0 retry_gap=0 flood=0 wait=0 rx=0 rxq=0 rxr=0 ack=0 ch9=0 rf=1 retry=20 interval=380
49424.973 [0] DBG_SCAN_SKIPPED reason=blocked
49424.973 [0] DBG_ANCHOR_CH5_SCAN_RESCHED ret=1 delay=20
49424.973 [0] DBG_WAKE_TRAIN_TIMING evt=400083 start=400121 first=400127 last=400626 end=400659 sent=44 ret=0
49424.973 [0] DBG_C5_CONTACT phase=accepted state=2 peer=0xc1c2306a5138ab2d purpose=route_reply reason=route-reply
49424.973 [0] DBG_C5_CONTROL_FOLLOWUP_TURNAROUND delay=60 msg=36 reason=route-reply
49424.973 [0] DBG_ANCHOR_CH5_SCAN_HANDLER role=2
49424.973 [0] DBG_ANCHOR_CH5_SCAN_ARM now=400669 win=100 complete=15 interval=380 wait=0 tx=0 response=0
49424.999 [0] DBG_DWM_CH5_RX_HUNT_START acq=100 complete=1000 cap=1020
49425.029 [0] DBG_C5_CONTACT phase=exchange state=3 peer=0xc1c2306a5138ab2d purpose=route_reply reason=route-reply
49425.029 [0] DBG_ROUTE_REPLY_TX_REPEAT attempt=3 idx=0 ret=-16 sent=0
49425.029 [0] DBG_ROUTE_REPLY_ATTEMPT attempt=3 send=-16 listen=0 listened=0
49425.029 [0] DBG_C5_CONTACT phase=exchange state=3 peer=0xc1c2306a5138ab2d purpose=route_reply reason=route-reply
49425.029 [0] DBG_ROUTE_REPLY_TX_REPEAT attempt=4 idx=0 ret=-16 sent=0
49425.029 [0] DBG_ROUTE_REPLY_ATTEMPT attempt=4 send=-16 listen=0 listened=0
49425.029 [0] DBG_C5_CONTACT phase=closing state=4 peer=0xc1c2306a5138ab2d purpose=route_reply reason=route-reply-failed
49425.029 [0] DBG_ROUTE_REPLY_ACTION_DONE ret=-16 ack=0x0 reason=route-reply-action
49425.029 [0] DBG_MESH_RX_DRAIN_EXIT owner=work handled=1 q=0
49425.029 [0] DBG_MESH_RX_WORK_EXIT handled=1 q=0
49425.081 [0] DBG_DWM_CH5_RX_HUNT_EMPTY s=400677 e=400777 ret=-116 sys=00000000 phy=2 cfg=1 aw=1 unk=0
49425.081 [0] DBG_ANCHOR_CH5_SCAN_DONE ret=-116 len=0 fail=1 pre=0 q=0 rx_us=100830 complete=1000
49425.081 [0] DBG_ANCHOR_CH5_POST_CH9_RECOVERY_SCAN win=100 ret=-116 pre=0
49425.081 [0] DBG_ANCHOR_CH5_SCAN_RESCHED ret=1 delay=380
49425.473 [0] DBG_ANCHOR_CH5_SCAN_HANDLER role=2
49425.473 [0] DBG_ANCHOR_CH9_REARM delay=0 ret=1 ack=0
49425.473 [0] DBG_ANCHOR_CH5_SCAN_BLOCKED win=0 tx=0 retry_gap=0 flood=0 wait=0 rx=0 rxq=0 rxr=0 ack=0 ch9=1 rf=0 retry=245 interval=380
49425.473 [0] DBG_SCAN_SKIPPED reason=blocked
49425.473 [0] DBG_ANCHOR_CH5_SCAN_RESCHED ret=1 delay=245
49425.473 [0] DBG_CH9_SKIP_STALE n=1 now=401159 next=401209 cnt=4 reason=rx-select
49425.473 [0] DBG_CH9_RX_SLOT idx=0 cnt=4 now=401159 start=401209 end=401329
49425.473 [0] DBG_CH9_EVENT_STATE state=granted peer=0xc1c2306a5138ab2d start=401209 end=401329 reason=rx-slot
49425.473 [0] DBG_CH9_RX_START idx=0 now=401159 start=401209 end=401329 tail=60
49425.473 [0] DBG_DWM_INVALIDATE tag=configure_radio_from_reset active_phy=2 configured=1 awake=1
49425.505 [0] DBG_DWM_MARK_UNCONFIGURED tag=initialise_radio prev_phy=0
49425.505 [0] DBG_STACK_RUN_DROP kind=anchor_scan owner=anchor_uwb_scan uptime=401178
49425.505 [0] DBG_DWM_PHY_SWITCH from=2 to=3 fast=0 us=21576
49425.505 [0] DBG_CH9_RX_CONFIG_OK
49425.505 [0] DBG_CH9_RX_EARLY_ARM now=401181 start=401209 guard=60
49425.505 [0] DBG_CH9_RX_ARMED now=401181 start=401209 end=401329 deadline=401389
49425.698 [0] DBG_DWM_KEEP_IDLE reason=ch9-rx ch9=1 ack=0 qack=0 ret=0
49425.698 [0] DBG_CH9_RX_EMPTY
49425.698 [0] DBG_CH9_RX_TIMEOUT
49425.698 [0] DBG_CH9_RX_MISS frames=0 now=401390 start=401209 end=401329 fail=0
49425.698 [0] DBG_CH9_EVENT_STATE state=window_expired peer=0xc1c2306a5138ab2d start=401209 end=401329 reason=rx-slot
49425.728 [0] DBG_ANCHOR_CH5_SCAN_HANDLER role=2
49425.728 [0] DBG_DWM_INVALIDATE tag=configure_radio_from_reset active_phy=3 configured=1 awake=1
49425.728 [0] DBG_DWM_MARK_UNCONFIGURED tag=initialise_radio prev_phy=0
49425.728 [0] DBG_DWM_PHY_SWITCH from=3 to=2 fast=0 us=21606
49425.728 [0] DBG_DWM_CH5_RX_HUNT_START acq=100 complete=1000 cap=1020
49425.825 [0] DBG_DWM_CH5_RX_HUNT_EMPTY s=401426 e=401526 ret=-116 sys=00000000 phy=2 cfg=1 aw=1 unk=0
49425.825 [0] DBG_ANCHOR_CH5_POST_CH9_RECOVERY_SCAN win=100 ret=-116 pre=0
49425.825 [0] DBG_ANCHOR_CH5_SCAN_RESCHED ret=1 delay=380
49426.040 [1] [00:06:40.720,855] <err> app_radio_guard: blocked UWB operation: mesh UWB TX owner=anchor low-duty UWB wake scan client=5 age_ms=51
49426.040 [1] [00:06:40.721,893] <err> app_radio_guard: blocked UWB operation: mesh UWB TX owner=anchor low-duty UWB wake scan client=5 age_ms=52
49426.223 [0] DBG_ANCHOR_CH5_SCAN_HANDLER role=2
49426.223 [0] DBG_ANCHOR_CH5_SCAN_ARM now=401907 win=10 complete=15 interval=380 wait=0 tx=0 response=0
49426.223 [0] DBG_DWM_CH5_RX_HUNT_START acq=10 complete=1000 cap=1020
49426.223 [0] DBG_DWM_CH5_RX_ACTIVITY_EXTEND ret=0 status=0x00000100 complete=1000
49426.223 [0] DBG_DWM_CH5_RX_ACTIVITY_WAIT status=0x00000100 remain=1000
49426.223 [0] DBG_DWM_CH5_RX_ACTIVITY_DONE raw=51 payload=49 status=0x00006f00 rearm=0 extended=1
49426.223 [0] DBG_ANCHOR_CH5_SCAN_DONE ret=0 len=49 fail=0 pre=1 q=100 rx_us=10000 complete=1000
49426.223 [0] DBG_UWB_RX_CH5
49426.223 [0] DBG_ANCHOR_CH5_FRAME len=49 q=100 wake_ret=0
49426.223 [0] DBG_ANCHOR_ROUTE_WAKE_DISPATCH src=0xc1c2306a5138ab2d evt=399971 attempt=1 flags=0x92 len=49 q=100
49426.223 [0] DBG_C5_CONTACT phase=open state=2 peer=0xc1c2306a5138ab2d purpose=route_solicit reason=wake-claim
49426.223 [0] DBG_C5_CONTACT phase=accepted state=2 peer=0xc1c2306a5138ab2d purpose=route_solicit reason=wake-claim
49426.223 [0] DBG_ANCHOR_ROUTE_WAKE_HANDOFF src=0xc1c2306a5138ab2d evt=399971 attempt=1 flags=0x92 embedded=0 hop=0 listen=1700
49426.223 [0] DBG_ROUTE_REPLY_LISTEN_START
49426.256 [0] DBG_DWM_PHY_SWITCH from=2 to=4 fast=0 us=21606
49426.256 [0] DBG_DWM_WAKE_MESH_CTRL_OK sfd=1033
49426.256 [0] DBG_ROUTE_REPLY_LISTEN_CONFIG ret=0 ext=1
49426.891 [0] DBG_ROUTE_REPLY_RX_FRAME
49426.891 [0] DBG_UWB_RX_CH5
49426.891 [0] DBG_MESH_RX_QUEUED ch=5 msg=0x21 src=0xc1c2306a5138ab2d dst=0x9999888877776666 prev=0xc1c2306a5138ab2d seq=11 q=1
49426.891 [0] DBG_MESH_RX_DEFERRED q=1 msg=0x21
49426.891 [0] DBG_COORD state=mesh-rx owner=uwb-rx reason=mesh-rx rx=1 tx=0 relay=0 route=0 ack=0 qack=0
49426.891 [0] DBG_CH9_SKIP_STALE n=1 now=402587 next=402489 cnt=6 reason=rx-select
49426.891 [0] DBG_CH9_RX_SLOT idx=0 cnt=6 now=402587 start=402489 end=402609
49426.891 [0] DBG_CH9_EVENT_STATE state=granted peer=0xc1c2306a5138ab2d start=402489 end=402609 reason=rx-slot
49426.891 [0] DBG_CH9_RX_START idx=0 now=402588 start=402489 end=402609 tail=60
49426.891 [0] DBG_ROUTE_REPLY_LISTEN_DONE captured=1 ret=0
49426.891 [0] DBG_C5_CONTACT phase=closing state=4 peer=0xc1c2306a5138ab2d purpose=route_solicit reason=reply-listen-done
49426.891 [0] DBG_MESH_RX_DIRECT_RF_BUSY submit=0 q=1 reason=anchor-route-wake-followup
49426.891 [0] DBG_ANCHOR_ROUTE_WAKE_HANDOFF_DONE src=0xc1c2306a5138ab2d embedded=0 ret=0 pending=1
49426.891 [0] DBG_ANCHOR_ROUTE_WAKE_DISPATCH_DONE handled=1 len=49 q=100
49426.891 [0] DBG_ANCHOR_CH5_SCAN_RESCHED ret=1 delay=380
49426.925 [0] DBG_DWM_MARK_UNCONFIGURED tag=initialise_radio prev_phy=0
49426.925 [0] DBG_DWM_PHY_SWITCH from=4 to=3 fast=0 us=21851
49426.925 [0] DBG_CH9_RX_CONFIG_OK
49426.925 [0] DBG_CH9_RX_EARLY_ARM now=402614 start=402489 guard=60
49426.925 [0] DBG_CH9_RX_ARMED now=402614 start=402489 end=402609 deadline=402669
49426.981 [0] DBG_DWM_KEEP_IDLE reason=ch9-rx ch9=1 ack=0 qack=0 ret=0
49426.981 [0] DBG_CH9_RX_EMPTY
49426.981 [0] DBG_CH9_RX_TIMEOUT
49426.981 [0] DBG_CH9_RX_MISS frames=0 now=402671 start=402489 end=402609 fail=0
49426.981 [0] DBG_CH9_EVENT_STATE state=window_expired peer=0xc1c2306a5138ab2d start=402489 end=402609 reason=rx-slot
49426.981 [0] DBG_MESH_RX_WORK_WAIT q=1
49426.981 [0] DBG_MESH_RX_WORK_ENTER q=1
49426.981 [0] DBG_MESH_RX_DRAIN_ENTER owner=work q=1
49426.981 [0] DBG_C5_CONTACT phase=open state=2 peer=0xc1c2306a5138ab2d purpose=uplink reason=c5-control-rx
49426.981 [0] DBG_C5_CONTACT phase=accepted state=2 peer=0xc1c2306a5138ab2d purpose=uplink reason=c5-control-rx
49426.981 [0] DBG_TRANSIT_REVERSE_ROUTE_COMMIT src=0xc1c2306a5138ab2d session=17104907 seq=11 prev=0xc1c2306a5138ab2d owner=queue admission=
49426.981 [0] DBG_FORWARD_GATEWAY_BATCH_QUEUE ret=0 src=0xc1c2306a5138ab2d session=17104907 seq=11 q=1
49426.981 [0] DBG_COORD state=mesh-tx owner=hop-ack reason=mesh-tx rx=0 tx=1 relay=0 route=0 ack=0 qack=0
49426.981 [0] DBG_DWM_INVALIDATE tag=configure_radio_from_reset active_phy=3 configured=1 awake=1
49427.017 [0] DBG_DWM_MARK_UNCONFIGURED tag=initialise_radio prev_phy=0
49427.017 [0] DBG_DWM_PHY_SWITCH from=3 to=4 fast=0 us=21606
49427.017 [0] DBG_DWM_WAKE_MESH_CTRL_OK sfd=1033
49427.017 [0] DBG_C5_TX_CONFIG ret=0 at=402702 ext=1 len=111 msg=31 reason=hop-ack
49427.017 [0] DBG_MESH_TX_AGE msg=31 seq=3 age=3 enc=402702 rf=402703 gap=1 air=3
49427.017 [0] DBG_MESH_TX_STAGE stage=start msg=31 seq=3 ch=5 seen=1 at=402703
49427.017 [0] DBG_MESH_TX_STAGE stage=complete msg=31 seq=3 ch=5 seen=1 at=402706 ret=0
49427.017 [0] DBG_MESH_TX_STAGE stage=park msg=31 seq=3 ch=5 park_ret=0 release_ret=0
49427.017 [0] DBG_UWB_TX_CH5
49427.017 [0] DBG_HOP_ACK_TX at=402680 dms=9 src=0xc1c2306a5138ab2d seq=3 ret=0
49427.017 [0] DBG_MESH_RX_DRAIN_EXIT owner=work handled=1 q=0
49427.017 [0] DBG_MESH_RX_WORK_EXIT handled=1 q=0
49427.017 [0] DBG_UPLINK_NEXT_HOP next=0x9999888877776666 depth=0 participant=0 wake=0
49427.017 [0] DBG_UPLINK_TX msg=21 seq=11 next=0x9999888877776666 wake=0 reason=queued-click-report
49427.061 [0] DBG_DWM_WAKE_MESH_CTRL_OK sfd=1033
49427.061 [0] DBG_DIRECT_GW_TX_CONFIG ret=0 now=402718 seq=11
49427.061 [0] DBG_CH9_TX_SEND_AT now=402718 earliest=402709 msg=21 len=85
49427.061 [0] DBG_CH9_TX_DONE now=402722 dur=4 len=85 msg=21
49427.061 [0] DBG_UWB_TX_CH5
49427.061 [0] DBG_UWB_RX_CH9
49427.061 [0] DBG_MESH_RX_QUEUED ch=9 msg=0x32 src=0x9999888877776666 dst=0xc1c2306a5138ab2d prev=0x9999888877776666 seq=24 q=1
49427.061 [0] DBG_GATEWAY_ACK_RX
49427.061 [0] DBG_DIRECT_GW_ACK_TRANSIT queued=1 valid=1 dst=0xc1c2306a5138ab2d seq=24
49427.061 [0] DBG_DIRECT_GW_TX_ACK_WAIT ret=0 seq=11
49427.061 [0] DBG_DIRECT_GW_KEEP_CH9_AWAKE q=1 seq=11 ack_ret=0 release_ret=0
49427.061 [0] DBG_MESH_RX_WORK_WAIT q=1
49427.061 [0] DBG_MESH_RX_WORK_ENTER q=1
49427.061 [0] DBG_MESH_RX_DRAIN_ENTER owner=work q=1
49427.061 [0] DBG_CH9_TX_ACK_IDLE
49427.061 [0] DBG_LEGACY_ACK_CONFIRMED
49427.061 [0] DBG_MESH_RX_DRAIN_EXIT owner=work handled=1 q=0
49427.061 [0] DBG_MESH_RX_WORK_EXIT handled=1 q=0
49427.061 [0] DBG_COORD state=idle owner=uwb-rx reason=idle rx=0 tx=0 relay=0 route=0 ack=0 qack=0
49427.061 [0] DBG_CH5_GAP_SCAN now=402747 win=100 next_delay=962
49427.061 [0] DBG_DWM_INVALIDATE tag=configure_radio_from_reset active_phy=4 configured=1 awake=1
49427.088 [0] DBG_DWM_PHY_SWITCH from=4 to=2 fast=0 us=21607
49427.167 [0] DBG_CH5_GAP_SCAN_DONE frames=0 last_error=0 now=402848 deadline=402847 click=0
49427.167 [0] DBG_DWM_KEEP_IDLE reason=mesh-rx ch9=1 ack=0 qack=0 ret=0
49427.167 [0] DBG_CH5_GAP_SCAN now=402849 win=100 next_delay=860
49427.249 [0] DBG_CH5_GAP_SCAN_DONE frames=0 last_error=0 now=402950 deadline=402949 click=0
49427.249 [0] DBG_DWM_KEEP_IDLE reason=mesh-rx ch9=1 ack=0 qack=0 ret=0
49427.249 [0] DBG_CH5_GAP_SCAN now=402951 win=100 next_delay=758
49427.279 [0] DBG_ANCHOR_CH5_SCAN_HANDLER role=2
49427.279 [0] DBG_ANCHOR_CH5_SCAN_BLOCKED win=0 tx=0 retry_gap=0 flood=0 wait=0 rx=0 rxq=0 rxr=0 ack=0 ch9=0 rf=1 retry=20 interval=380
49427.279 [0] DBG_SCAN_SKIPPED reason=blocked
49427.279 [0] DBG_ANCHOR_CH5_SCAN_RESCHED ret=1 delay=20
49427.279 [0] DBG_UWB_RX_CH5
49427.313 [0] DBG_CH5_GAP_SCAN_DONE frames=0 last_error=0 now=402985 deadline=403051 click=1
49427.313 [0] DBG_UWB_RX_CH5
49427.313 [0] DBG_DWM_KEEP_IDLE reason=mesh-rx ch9=1 ack=0 qack=0 ret=0
49427.313 [0] DBG_C5_CONTACT phase=closing state=4 peer=0xc1c2306a5138ab2d purpose=uplink reason=replace
49427.313 [0] DBG_C5_CONTACT phase=open state=2 peer=0xc1c2306a5138ab2d purpose=route_solicit reason=wake-claim
49427.313 [0] DBG_C5_CONTACT phase=accepted state=2 peer=0xc1c2306a5138ab2d purpose=route_solicit reason=wake-claim
49427.313 [0] DBG_ANCHOR_ROUTE_WAKE_HANDOFF src=0xc1c2306a5138ab2d evt=401343 attempt=1 flags=0x92 embedded=0 hop=0 listen=1640
49427.313 [0] DBG_C5_CONTACT phase=exchange state=3 peer=0xc1c2306a5138ab2d purpose=route_solicit reason=anchor-route-wake-followup
49427.313 [0] DBG_ROUTE_REPLY_LISTEN_START
49427.313 [0] DBG_STACK_RUN_DROP kind=anchor_scan owner=anchor_uwb_scan uptime=402989
49427.313 [0] DBG_ANCHOR_CH5_SCAN_HANDLER role=2
49427.313 [0] DBG_DWM_MARK_UNCONFIGURED tag=initialise_radio prev_phy=0
49427.313 [0] DBG_DWM_PHY_SWITCH from=2 to=4 fast=0 us=21545
49427.313 [0] DBG_DWM_WAKE_MESH_CTRL_OK sfd=1033
49427.313 [0] DBG_ROUTE_REPLY_LISTEN_CONFIG ret=0 ext=1
49427.347 [0] DBG_ANCHOR_CH5_SCAN_HANDLER role=2
49427.347 [0] DBG_ANCHOR_CH5_SCAN_BLOCKED win=0 tx=0 retry_gap=0 flood=0 wait=0 rx=0 rxq=0 rxr=0 ack=0 ch9=0 rf=1 retry=20 interval=380
49427.347 [0] DBG_SCAN_SKIPPED reason=blocked
49427.347 [0] DBG_ANCHOR_CH5_SCAN_RESCHED ret=1 delay=20
49427.378 [0] DBG_ANCHOR_CH5_SCAN_HANDLER role=2
49427.378 [0] DBG_ANCHOR_CH5_SCAN_BLOCKED win=0 tx=0 retry_gap=0 flood=0 wait=0 rx=0 rxq=0 rxr=0 ack=0 ch9=0 rf=1 retry=20 interval=380
49427.378 [0] DBG_SCAN_SKIPPED reason=blocked
49427.378 [0] DBG_ANCHOR_CH5_SCAN_RESCHED ret=1 delay=20
49427.410 [0] DBG_ANCHOR_CH5_SCAN_HANDLER role=2
49427.410 [0] DBG_ANCHOR_CH5_SCAN_BLOCKED win=0 tx=0 retry_gap=0 flood=0 wait=0 rx=0 rxq=0 rxr=0 ack=0 ch9=0 rf=1 retry=20 interval=380
49427.410 [0] DBG_SCAN_SKIPPED reason=blocked
49427.410 [0] DBG_ANCHOR_CH5_SCAN_RESCHED ret=1 delay=20
49427.448 [0] DBG_ANCHOR_CH5_SCAN_HANDLER role=2
49427.448 [0] DBG_ANCHOR_CH5_SCAN_BLOCKED win=0 tx=0 retry_gap=0 flood=0 wait=0 rx=0 rxq=0 rxr=0 ack=0 ch9=0 rf=1 retry=20 interval=380
49427.448 [0] DBG_SCAN_SKIPPED reason=blocked
49427.448 [0] DBG_ANCHOR_CH5_SCAN_RESCHED ret=1 delay=20
49427.448 [0] DBG_ANCHOR_CH5_SCAN_HANDLER role=2
49427.488 [0] DBG_ANCHOR_CH5_SCAN_BLOCKED win=0 tx=0 retry_gap=0 flood=0 wait=0 rx=0 rxq=0 rxr=0 ack=0 ch9=0 rf=1 retry=20 interval=380
49427.488 [0] DBG_SCAN_SKIPPED reason=blocked
49427.488 [0] DBG_ANCHOR_CH5_SCAN_RESCHED ret=1 delay=20
49427.488 [0] DBG_ANCHOR_CH5_SCAN_HANDLER role=2
49427.488 [0] DBG_ANCHOR_CH5_SCAN_BLOCKED win=0 tx=0 retry_gap=0 flood=0 wait=0 rx=0 rxq=0 rxr=0 ack=0 ch9=0 rf=1 retry=20 interval=380
49427.488 [0] DBG_SCAN_SKIPPED reason=blocked
49427.488 [0] DBG_ANCHOR_CH5_SCAN_RESCHED ret=1 delay=20
49427.525 [0] DBG_ANCHOR_CH5_SCAN_HANDLER role=2
49427.525 [0] DBG_ANCHOR_CH5_SCAN_BLOCKED win=0 tx=0 retry_gap=0 flood=0 wait=0 rx=0 rxq=0 rxr=0 ack=0 ch9=0 rf=1 retry=20 interval=380
49427.525 [0] DBG_SCAN_SKIPPED reason=blocked
49427.525 [0] DBG_ANCHOR_CH5_SCAN_RESCHED ret=1 delay=20
49427.563 [0] DBG_ANCHOR_CH5_SCAN_HANDLER role=2
49427.563 [0] DBG_ANCHOR_CH5_SCAN_BLOCKED win=0 tx=0 retry_gap=0 flood=0 wait=0 rx=0 rxq=0 rxr=0 ack=0 ch9=0 rf=1 retry=20 interval=380
49427.563 [0] DBG_SCAN_SKIPPED reason=blocked
49427.563 [0] DBG_ANCHOR_CH5_SCAN_RESCHED ret=1 delay=20
49427.599 [0] DBG_ANCHOR_CH5_SCAN_HANDLER role=2
49427.599 [0] DBG_ANCHOR_CH5_SCAN_BLOCKED win=0 tx=0 retry_gap=0 flood=0 wait=0 rx=0 rxq=0 rxr=0 ack=0 ch9=0 rf=1 retry=20 interval=380
49427.599 [0] DBG_SCAN_SKIPPED reason=blocked
49427.599 [0] DBG_ANCHOR_CH5_SCAN_RESCHED ret=1 delay=20
49427.599 [0] DBG_ANCHOR_CH5_SCAN_HANDLER role=2
49427.630 [0] DBG_ANCHOR_CH5_SCAN_BLOCKED win=0 tx=0 retry_gap=0 flood=0 wait=0 rx=0 rxq=0 rxr=0 ack=0 ch9=0 rf=1 retry=20 interval=380
49427.630 [0] DBG_SCAN_SKIPPED reason=blocked
49427.630 [0] DBG_ANCHOR_CH5_SCAN_RESCHED ret=1 delay=20
49427.630 [0] DBG_ANCHOR_CH5_SCAN_HANDLER role=2
49427.630 [0] DBG_CH9_SKIP_STALE n=1 now=403332 next=403769 cnt=8 reason=rx-delay
49427.663 [0] DBG_ANCHOR_CH5_SCAN_BLOCKED win=0 tx=0 retry_gap=0 flood=0 wait=0 rx=0 rxq=0 rxr=0 ack=0 ch9=0 rf=1 retry=20 interval=380
49427.663 [0] DBG_SCAN_SKIPPED reason=blocked
49427.663 [0] DBG_ANCHOR_CH5_SCAN_RESCHED ret=1 delay=20
49427.663 [0] DBG_ANCHOR_CH5_SCAN_HANDLER role=2
49427.696 [0] DBG_ANCHOR_CH5_SCAN_BLOCKED win=0 tx=0 retry_gap=0 flood=0 wait=0 rx=0 rxq=0 rxr=0 ack=0 ch9=0 rf=1 retry=20 interval=380
49427.696 [0] DBG_SCAN_SKIPPED reason=blocked
49427.696 [0] DBG_ANCHOR_CH5_SCAN_RESCHED ret=1 delay=20
49427.696 [0] DBG_ANCHOR_CH5_SCAN_HANDLER role=2
49427.696 [0] DBG_ANCHOR_CH5_SCAN_BLOCKED win=0 tx=0 retry_gap=0 flood=0 wait=0 rx=0 rxq=0 rxr=0 ack=0 ch9=0 rf=1 retry=20 interval=380
49427.696 [0] DBG_SCAN_SKIPPED reason=blocked
49427.737 [0] DBG_ANCHOR_CH5_SCAN_RESCHED ret=1 delay=20
49427.737 [0] DBG_ANCHOR_CH5_SCAN_HANDLER role=2
49427.737 [0] DBG_ANCHOR_CH5_SCAN_BLOCKED win=0 tx=0 retry_gap=0 flood=0 wait=0 rx=0 rxq=0 rxr=0 ack=0 ch9=0 rf=1 retry=20 interval=380
49427.737 [0] DBG_SCAN_SKIPPED reason=blocked
49427.737 [0] DBG_ANCHOR_CH5_SCAN_RESCHED ret=1 delay=20
49427.779 [0] DBG_ANCHOR_CH5_SCAN_HANDLER role=2
49427.779 [0] DBG_ANCHOR_CH5_SCAN_BLOCKED win=0 tx=0 retry_gap=0 flood=0 wait=0 rx=0 rxq=0 rxr=0 ack=0 ch9=0 rf=1 retry=20 interval=380
49427.779 [0] DBG_SCAN_SKIPPED reason=blocked
49427.779 [0] DBG_ANCHOR_CH5_SCAN_RESCHED ret=1 delay=20
49427.779 [0] DBG_ANCHOR_CH5_SCAN_HANDLER role=2
49427.809 [0] DBG_ANCHOR_CH5_SCAN_BLOCKED win=0 tx=0 retry_gap=0 flood=0 wait=0 rx=0 rxq=0 rxr=0 ack=0 ch9=0 rf=1 retry=20 interval=380
49427.809 [0] DBG_SCAN_SKIPPED reason=blocked
49427.809 [0] DBG_ANCHOR_CH5_SCAN_RESCHED ret=1 delay=20
49427.809 [0] DBG_ANCHOR_CH5_SCAN_HANDLER role=2
49427.842 [0] DBG_ANCHOR_CH5_SCAN_BLOCKED win=0 tx=0 retry_gap=0 flood=0 wait=0 rx=0 rxq=0 rxr=0 ack=0 ch9=0 rf=1 retry=20 interval=380
49427.842 [0] DBG_SCAN_SKIPPED reason=blocked
49427.842 [0] DBG_ANCHOR_CH5_SCAN_RESCHED ret=1 delay=20
49427.842 [0] DBG_ANCHOR_CH5_SCAN_HANDLER role=2
49427.870 [0] DBG_ANCHOR_CH5_SCAN_BLOCKED win=0 tx=0 retry_gap=0 flood=0 wait=0 rx=0 rxq=0 rxr=0 ack=0 ch9=0 rf=1 retry=20 interval=380
49427.870 [0] DBG_SCAN_SKIPPED reason=blocked
49427.870 [0] DBG_ANCHOR_CH5_SCAN_RESCHED ret=1 delay=20
49427.870 [0] DBG_ANCHOR_CH5_SCAN_HANDLER role=2
49427.908 [0] DBG_CH5_SCAN_CAP next=133 reserve=35 win=98 protocol=0 recovery=1
49427.908 [0] DBG_ANCHOR_CH5_SCAN_BLOCKED win=0 tx=0 retry_gap=0 flood=0 wait=0 rx=0 rxq=0 rxr=0 ack=0 ch9=0 rf=1 retry=20 interval=380
49427.908 [0] DBG_SCAN_SKIPPED reason=blocked
49427.908 [0] DBG_ANCHOR_CH5_SCAN_RESCHED ret=1 delay=20
49427.908 [0] DBG_ROUTE_REPLY_RX_FRAME
49427.908 [0] DBG_UWB_RX_CH5
49427.908 [0] DBG_MESH_RX_QUEUED ch=5 msg=0x21 src=0xc1c2306a5138ab2d dst=0x9999888877776666 prev=0xc1c2306a5138ab2d seq=11 q=1
49427.908 [0] DBG_MESH_RX_DEFERRED q=1 msg=0x21
49427.908 [0] DBG_ROUTE_REPLY_LISTEN_DONE captured=1 ret=0
49427.908 [0] DBG_C5_CONTACT phase=closing state=4 peer=0xc1c2306a5138ab2d purpose=route_solicit reason=reply-listen-done
49427.908 [0] DBG_COORD state=mesh-rx owner=anchor-route-wake-followup reason=mesh-rx rx=1 tx=0 relay=0 route=0 ack=0 qack=0
49427.908 [0] DBG_MESH_RX_DIRECT_WAIT q=1 reason=anchor-route-wake-followup
49427.908 [0] DBG_MESH_RX_DIRECT_ENTER q=1 reason=anchor-route-wake-followup
49427.908 [0] DBG_MESH_RX_DRAIN_ENTER owner=anchor-route-wake-followup q=1
49427.908 [0] DBG_C5_CONTACT phase=open state=2 peer=0xc1c2306a5138ab2d purpose=uplink reason=c5-control-rx
49427.939 [0] DBG_MESH_RX_WORK_WAIT q=0
49427.939 [0] DBG_DWM_MARK_UNCONFIGURED tag=initialise_radio prev_phy=0
49427.939 [0] DBG_DWM_PHY_SWITCH from=4 to=2 fast=0 us=21607
49427.939 [0] DBG_DWM_CH5_RX_HUNT_START acq=67 complete=1000 cap=1020
49428.014 [0] DBG_DWM_CH5_RX_HUNT_EMPTY s=403635 e=403702 ret=-116 sys=00000000 phy=2 cfg=1 aw=1 unk=0
49428.014 [0] DBG_ANCHOR_CH5_SCAN_DONE ret=-116 len=0 fail=1 pre=0 q=0 rx_us=67687 complete=1000
49428.014 [0] DBG_ANCHOR_CH5_POST_CH9_RECOVERY_SCAN win=67 ret=-116 pre=0
49428.014 [0] DBG_ANCHOR_CH5_SCAN_RESCHED ret=1 delay=380
49428.391 [0] DBG_ANCHOR_CH5_SCAN_HANDLER role=2
49428.391 [0] DBG_ANCHOR_CH9_REARM delay=0 ret=1 ack=0
49428.391 [0] DBG_ANCHOR_CH5_SCAN_BLOCKED win=0 tx=0 retry_gap=0 flood=0 wait=0 rx=0 rxq=0 rxr=0 ack=0 ch9=1 rf=0 retry=245 interval=380
49428.391 [0] DBG_SCAN_SKIPPED reason=blocked
49428.391 [0] DBG_ANCHOR_CH5_SCAN_RESCHED ret=1 delay=245
49428.391 [0] DBG_CH9_SKIP_STALE n=1 now=404084 next=404409 cnt=9 reason=rx-select
49428.391 [0] DBG_CH5_GAP_SCAN now=404084 win=100 next_delay=905
49428.424 [0] DBG_STACK_RUN_DROP kind=anchor_scan owner=anchor_uwb_scan uptime=404103
49428.460 [0] DBG_UWB_RX_CH5
49428.460 [0] DBG_CH5_GAP_SCAN_DONE frames=0 last_error=0 now=404150 deadline=404184 click=1
49428.460 [0] DBG_UWB_RX_CH5
49428.460 [0] DBG_DWM_KEEP_IDLE reason=mesh-rx ch9=1 ack=0 qack=0 ret=0
49428.460 [0] DBG_C5_CONTACT phase=closing state=4 peer=0xc1c2306a5138ab2d purpose=uplink reason=replace
49428.460 [0] DBG_C5_CONTACT phase=open state=2 peer=0xc1c2306a5138ab2d purpose=route_solicit reason=wake-claim
49428.460 [0] DBG_C5_CONTACT phase=accepted state=2 peer=0xc1c2306a5138ab2d purpose=route_solicit reason=wake-claim
49428.460 [0] DBG_ANCHOR_ROUTE_WAKE_HANDOFF src=0xc1c2306a5138ab2d evt=402509 attempt=1 flags=0x92 embedded=0 hop=0 listen=1640
49428.460 [0] DBG_C5_CONTACT phase=exchange state=3 peer=0xc1c2306a5138ab2d purpose=route_solicit reason=anchor-route-wake-followup
49428.460 [0] DBG_ROUTE_REPLY_LISTEN_START
49428.460 [0] DBG_DWM_INVALIDATE tag=configure_radio_from_reset active_phy=2 configured=1 awake=1
49428.498 [0] DBG_DWM_MARK_UNCONFIGURED tag=initialise_radio prev_phy=0
49428.498 [0] DBG_DWM_PHY_SWITCH from=2 to=4 fast=0 us=21057
49428.498 [0] DBG_DWM_WAKE_MESH_CTRL_OK sfd=1033
49428.498 [0] DBG_ROUTE_REPLY_LISTEN_CONFIG ret=0 ext=1
49428.635 [0] DBG_ANCHOR_CH5_SCAN_HANDLER role=2
49428.635 [0] DBG_ANCHOR_CH5_SCAN_BLOCKED win=0 tx=0 retry_gap=0 flood=0 wait=0 rx=0 rxq=0 rxr=0 ack=0 ch9=0 rf=1 retry=20 interval=380
49428.635 [0] DBG_SCAN_SKIPPED reason=blocked
49428.668 [0] DBG_ANCHOR_CH5_SCAN_RESCHED ret=1 delay=20
49428.668 [0] DBG_ANCHOR_CH5_SCAN_HANDLER role=2
49428.668 [0] DBG_ANCHOR_CH5_SCAN_BLOCKED win=0 tx=0 retry_gap=0 flood=0 wait=0 rx=0 rxq=0 rxr=0 ack=0 ch9=0 rf=1 retry=20 interval=380
49428.668 [0] DBG_SCAN_SKIPPED reason=blocked
49428.668 [0] DBG_ANCHOR_CH5_SCAN_RESCHED ret=1 delay=20
49428.705 [0] DBG_ANCHOR_CH5_SCAN_HANDLER role=2
49428.705 [0] DBG_ANCHOR_CH5_SCAN_BLOCKED win=0 tx=0 retry_gap=0 flood=0 wait=0 rx=0 rxq=0 rxr=0 ack=0 ch9=0 rf=1 retry=20 interval=380
49428.705 [0] DBG_SCAN_SKIPPED reason=blocked
49428.705 [0] DBG_ANCHOR_CH5_SCAN_RESCHED ret=1 delay=20
49428.744 [0] DBG_ANCHOR_CH5_SCAN_HANDLER role=2
49428.744 [0] DBG_ANCHOR_CH5_SCAN_BLOCKED win=0 tx=0 retry_gap=0 flood=0 wait=0 rx=0 rxq=0 rxr=0 ack=0 ch9=0 rf=1 retry=20 interval=380
49428.744 [0] DBG_SCAN_SKIPPED reason=blocked
49428.744 [0] DBG_ANCHOR_CH5_SCAN_RESCHED ret=1 delay=20
49428.779 [0] DBG_ANCHOR_CH5_SCAN_HANDLER role=2
49428.779 [0] DBG_ANCHOR_CH5_SCAN_BLOCKED win=0 tx=0 retry_gap=0 flood=0 wait=0 rx=0 rxq=0 rxr=0 ack=0 ch9=0 rf=1 retry=20 interval=380
49428.779 [0] DBG_SCAN_SKIPPED reason=blocked
49428.779 [0] DBG_ANCHOR_CH5_SCAN_RESCHED ret=1 delay=20
49428.779 [0] DBG_ANCHOR_CH5_SCAN_HANDLER role=2
49428.817 [0] DBG_ANCHOR_CH5_SCAN_BLOCKED win=0 tx=0 retry_gap=0 flood=0 wait=0 rx=0 rxq=0 rxr=0 ack=0 ch9=0 rf=1 retry=20 interval=380
49428.817 [0] DBG_SCAN_SKIPPED reason=blocked
49428.817 [0] DBG_ANCHOR_CH5_SCAN_RESCHED ret=1 delay=20
49428.817 [0] DBG_ANCHOR_CH5_SCAN_HANDLER role=2
49428.817 [0] DBG_ANCHOR_CH5_SCAN_BLOCKED win=0 tx=0 retry_gap=0 flood=0 wait=0 rx=0 rxq=0 rxr=0 ack=0 ch9=0 rf=1 retry=20 interval=380
49428.817 [0] DBG_SCAN_SKIPPED reason=blocked
49428.817 [0] DBG_ANCHOR_CH5_SCAN_RESCHED ret=1 delay=20
49428.855 [0] DBG_ANCHOR_CH5_SCAN_HANDLER role=2
49428.855 [0] DBG_ANCHOR_CH5_SCAN_BLOCKED win=0 tx=0 retry_gap=0 flood=0 wait=0 rx=0 rxq=0 rxr=0 ack=0 ch9=0 rf=1 retry=20 interval=380
49428.855 [0] DBG_SCAN_SKIPPED reason=blocked
49428.855 [0] DBG_ANCHOR_CH5_SCAN_RESCHED ret=1 delay=20
49428.889 [0] DBG_ANCHOR_CH5_SCAN_HANDLER role=2
49428.889 [0] DBG_ANCHOR_CH5_SCAN_BLOCKED win=0 tx=0 retry_gap=0 flood=0 wait=0 rx=0 rxq=0 rxr=0 ack=0 ch9=0 rf=1 retry=20 interval=380
49428.889 [0] DBG_SCAN_SKIPPED reason=blocked
49428.889 [0] DBG_ANCHOR_CH5_SCAN_RESCHED ret=1 delay=20
49428.925 [0] DBG_ANCHOR_CH5_SCAN_HANDLER role=2
49428.925 [0] DBG_CH9_SKIP_STALE n=1 now=404600 next=405049 cnt=10 reason=rx-delay
49428.925 [0] DBG_ANCHOR_CH5_SCAN_BLOCKED win=0 tx=0 retry_gap=0 flood=0 wait=0 rx=0 rxq=0 rxr=0 ack=0 ch9=0 rf=1 retry=20 interval=380
49428.925 [0] DBG_SCAN_SKIPPED reason=blocked
49428.925 [0] DBG_ANCHOR_CH5_SCAN_RESCHED ret=1 delay=20
49428.930 [1] [00:06:43.610,900] <err> app_radio_guard: blocked UWB operation: mesh UWB TX owner=anchor low-duty UWB wake scan client=5 age_ms=2
49428.966 [0] DBG_ANCHOR_CH5_SCAN_HANDLER role=2
49428.966 [0] DBG_ANCHOR_CH5_SCAN_BLOCKED win=0 tx=0 retry_gap=0 flood=0 wait=0 rx=0 rxq=0 rxr=0 ack=0 ch9=0 rf=1 retry=20 interval=380
49428.966 [0] DBG_SCAN_SKIPPED reason=blocked
49428.966 [0] DBG_ANCHOR_CH5_SCAN_RESCHED ret=1 delay=20
49428.966 [0] DBG_ANCHOR_CH5_SCAN_HANDLER role=2
49428.966 [0] DBG_ANCHOR_CH5_SCAN_BLOCKED win=0 tx=0 retry_gap=0 flood=0 wait=0 rx=0 rxq=0 rxr=0 ack=0 ch9=0 rf=1 retry=20 interval=380
49429.001 [0] DBG_SCAN_SKIPPED reason=blocked
49429.001 [0] DBG_ANCHOR_CH5_SCAN_RESCHED ret=1 delay=20
49429.001 [0] DBG_ANCHOR_CH5_SCAN_HANDLER role=2
49429.001 [0] DBG_ANCHOR_CH5_SCAN_BLOCKED win=0 tx=0 retry_gap=0 flood=0 wait=0 rx=0 rxq=0 rxr=0 ack=0 ch9=0 rf=1 retry=20 interval=380
49429.001 [0] DBG_SCAN_SKIPPED reason=blocked
49429.001 [0] DBG_ANCHOR_CH5_SCAN_RESCHED ret=1 delay=20
49429.031 [0] DBG_ANCHOR_CH5_SCAN_HANDLER role=2
49429.031 [0] DBG_ANCHOR_CH5_SCAN_BLOCKED win=0 tx=0 retry_gap=0 flood=0 wait=0 rx=0 rxq=0 rxr=0 ack=0 ch9=0 rf=1 retry=20 interval=380
49429.031 [0] DBG_SCAN_SKIPPED reason=blocked
49429.031 [0] DBG_ANCHOR_CH5_SCAN_RESCHED ret=1 delay=20
49429.073 [0] DBG_ANCHOR_CH5_SCAN_HANDLER role=2
49429.073 [0] DBG_ANCHOR_CH5_SCAN_BLOCKED win=0 tx=0 retry_gap=0 flood=0 wait=0 rx=0 rxq=0 rxr=0 ack=0 ch9=0 rf=1 retry=20 interval=380
49429.073 [0] DBG_SCAN_SKIPPED reason=blocked
49429.073 [0] DBG_ANCHOR_CH5_SCAN_RESCHED ret=1 delay=20
49429.073 [0] DBG_ROUTE_REPLY_RX_FRAME
49429.073 [0] DBG_UWB_RX_CH5
49429.073 [0] DBG_MESH_RX_QUEUED ch=5 msg=0x21 src=0xc1c2306a5138ab2d dst=0x9999888877776666 prev=0xc1c2306a5138ab2d seq=11 q=1
49429.073 [0] DBG_MESH_RX_DEFERRED q=1 msg=0x21
49429.073 [0] DBG_ROUTE_REPLY_LISTEN_DONE captured=1 ret=0
49429.073 [0] DBG_C5_CONTACT phase=closing state=4 peer=0xc1c2306a5138ab2d purpose=route_solicit reason=reply-listen-done
49429.073 [0] DBG_COORD state=mesh-rx owner=anchor-route-wake-followup reason=mesh-rx rx=1 tx=0 relay=0 route=0 ack=0 qack=0
49429.073 [0] DBG_MESH_RX_DIRECT_WAIT q=1 reason=anchor-route-wake-followup
49429.073 [0] DBG_MESH_RX_DIRECT_ENTER q=1 reason=anchor-route-wake-followup
49429.073 [0] DBG_MESH_RX_DRAIN_ENTER owner=anchor-route-wake-followup q=1
49429.073 [0] DBG_C5_CONTACT phase=open state=2 peer=0xc1c2306a5138ab2d purpose=uplink reason=c5-control-rx
49429.120 [0] DBG_ANCHOR_CH5_SCAN_HANDLER role=2
49429.120 [0] DBG_ANCHOR_CH5_SCAN_BLOCKED win=0 tx=0 retry_gap=0 flood=0 wait=0 rx=0 rxq=0 rxr=0 ack=0 ch9=0 rf=1 retry=20 interval=380
49429.120 [0] DBG_SCAN_SKIPPED reason=blocked
49429.120 [0] DBG_ANCHOR_CH5_SCAN_RESCHED ret=1 delay=20
49429.120 [0] DBG_MESH_TX_AGE msg=31 seq=5 age=3 enc=404782 rf=404784 gap=2 air=3
49429.120 [0] DBG_MESH_TX_STAGE stage=start msg=31 seq=5 ch=5 seen=1 at=404784
49429.120 [0] DBG_MESH_TX_STAGE stage=complete msg=31 seq=5 ch=5 seen=1 at=404786 ret=0
49429.120 [0] DBG_MESH_TX_STAGE stage=park msg=31 seq=5 ch=5 park_ret=0 release_ret=0
49429.120 [0] DBG_UWB_TX_CH5
49429.120 [0] DBG_HOP_ACK_TX at=404774 dms=8 src=0xc1c2306a5138ab2d seq=5 ret=0
49429.120 [0] DBG_MESH_RX_DRAIN_EXIT owner=anchor-route-wake-followup handled=1 q=0
49429.120 [0] DBG_MESH_RX_DIRECT_EXIT handled=1 q=0 reason=anchor-route-wake-followup
49429.120 [0] DBG_ANCHOR_ROUTE_WAKE_HANDOFF_DONE src=0xc1c2306a5138ab2d embedded=0 ret=0 pending=0
49429.120 [0] DBG_MESH_RX_WORK_WAIT q=0
49429.120 [0] DBG_MESH_RX_WORK_ENTER q=0
49429.120 [0] DBG_MESH_RX_DRAIN_ENTER owner=work q=0
49429.120 [0] DBG_MESH_RX_DRAIN_EXIT owner=work handled=0 q=0
49429.120 [0] DBG_MESH_RX_WORK_EXIT handled=0 q=0
49429.158 [0] DBG_ANCHOR_CH5_SCAN_BLOCKED win=0 tx=0 retry_gap=0 flood=0 wait=0 rx=0 rxq=0 rxr=0 ack=0 ch9=0 rf=1 retry=20 interval=380
49429.158 [0] DBG_SCAN_SKIPPED reason=blocked
49429.158 [0] DBG_ANCHOR_CH5_SCAN_RESCHED ret=1 delay=20
49429.158 [0] DBG_ANCHOR_CH5_SCAN_HANDLER role=2
49429.194 [0] DBG_CH5_SCAN_CAP next=131 reserve=35 win=96 protocol=0 recovery=1
49429.194 [0] DBG_ANCHOR_CH5_SCAN_BLOCKED win=0 tx=0 retry_gap=0 flood=0 wait=0 rx=0 rxq=0 rxr=0 ack=0 ch9=0 rf=1 retry=20 interval=380
49429.194 [0] DBG_SCAN_SKIPPED reason=blocked
49429.194 [0] DBG_ANCHOR_CH5_SCAN_RESCHED ret=1 delay=20
49429.194 [0] DBG_ANCHOR_CH5_SCAN_HANDLER role=2
49429.194 [0] DBG_CH5_GAP_SCAN_DONE frames=0 last_error=0 now=404890 deadline=404889 click=0
49429.194 [0] DBG_DWM_KEEP_IDLE reason=mesh-rx ch9=1 ack=0 qack=0 ret=0
49429.194 [0] DBG_CH5_GAP_SCAN now=404891 win=38 next_delay=98
49429.236 [0] DBG_CH5_SCAN_CAP next=97 reserve=35 win=62 protocol=0 recovery=1
49429.236 [0] DBG_ANCHOR_CH5_SCAN_BLOCKED win=0 tx=0 retry_gap=0 flood=0 wait=0 rx=0 rxq=0 rxr=0 ack=0 ch9=0 rf=1 retry=20 interval=380
49429.236 [0] DBG_SCAN_SKIPPED reason=blocked
49429.236 [0] DBG_ANCHOR_CH5_SCAN_RESCHED ret=1 delay=20
49429.236 [0] DBG_ANCHOR_CH5_SCAN_HANDLER role=2
49429.236 [0] DBG_CH5_SCAN_CAP next=64 reserve=35 win=29 protocol=0 recovery=1
49429.236 [0] DBG_CH5_GAP_SCAN_DONE frames=0 last_error=0 now=404930 deadline=404929 click=0
49429.236 [0] DBG_DWM_KEEP_IDLE reason=mesh-rx ch9=1 ack=0 qack=0 ret=0
49429.236 [0] DBG_ANCHOR_CH5_SCAN_BLOCKED win=0 tx=0 retry_gap=0 flood=0 wait=0 rx=0 rxq=0 rxr=0 ack=0 ch9=0 rf=1 retry=20 interval=380
49429.236 [0] DBG_SCAN_SKIPPED reason=blocked
49429.236 [0] DBG_ANCHOR_CH5_SCAN_RESCHED ret=1 delay=20
49429.272 [0] DBG_ANCHOR_CH5_SCAN_HANDLER role=2
49429.272 [0] DBG_ANCHOR_CH9_REARM delay=38 ret=1 ack=0
49429.272 [0] DBG_CH5_SCAN_CAP next=38 reserve=35 win=3 protocol=0 recovery=1
49429.272 [0] DBG_ANCHOR_CH5_SCAN_BLOCKED win=0 tx=0 retry_gap=0 flood=0 wait=0 rx=0 rxq=0 rxr=0 ack=0 ch9=1 rf=0 retry=283 interval=380
49429.272 [0] DBG_SCAN_SKIPPED reason=blocked
49429.272 [0] DBG_ANCHOR_CH5_SCAN_RESCHED ret=1 delay=283
49429.308 [0] DBG_CH9_RX_SLOT idx=0 cnt=10 now=404990 start=405049 end=405169
49429.308 [0] DBG_CH9_EVENT_STATE state=granted peer=0xc1c2306a5138ab2d start=405049 end=405169 reason=rx-slot
49429.308 [0] DBG_CH9_RX_START idx=0 now=404990 start=405049 end=405169 tail=60
49429.308 [0] DBG_DWM_INVALIDATE tag=configure_radio_from_reset active_phy=2 configured=1 awake=1
49429.308 [0] DBG_DWM_MARK_UNCONFIGURED tag=initialise_radio prev_phy=0
49429.345 [0] DBG_DWM_PHY_SWITCH from=2 to=3 fast=0 us=21851
49429.345 [0] DBG_CH9_RX_CONFIG_OK
49429.345 [0] DBG_CH9_RX_EARLY_ARM now=405012 start=405049 guard=60
49429.345 [0] DBG_CH9_RX_ARMED now=405012 start=405049 end=405169 deadline=405229
49429.529 [0] DBG_DWM_KEEP_IDLE reason=ch9-rx ch9=1 ack=0 qack=0 ret=0
49429.529 [0] DBG_CH9_RX_EMPTY
49429.529 [0] DBG_CH9_RX_TIMEOUT
49429.529 [0] DBG_CH9_RX_MISS frames=0 now=405231 start=405049 end=405169 fail=0
49429.529 [0] DBG_CH9_EVENT_STATE state=window_expired peer=0xc1c2306a5138ab2d start=405049 end=405169 reason=rx-slot
49429.563 [0] DBG_ANCHOR_CH5_SCAN_HANDLER role=2
49429.563 [0] DBG_ANCHOR_CH5_SCAN_ARM now=405235 win=100 complete=15 interval=380 wait=0 tx=0 response=0
49429.563 [0] DBG_DWM_INVALIDATE tag=configure_radio_from_reset active_phy=3 configured=1 awake=1
49429.563 [0] DBG_DWM_MARK_UNCONFIGURED tag=initialise_radio prev_phy=0
49429.563 [0] DBG_DWM_PHY_SWITCH from=3 to=2 fast=0 us=21057
49429.563 [0] DBG_DWM_CH5_RX_HUNT_START acq=100 complete=1000 cap=1020
49429.680 [0] DBG_DWM_CH5_RX_HUNT_EMPTY s=405257 e=405357 ret=-116 sys=00000000 phy=2 cfg=1 aw=1 unk=0
49429.680 [0] DBG_ANCHOR_CH5_SCAN_DONE ret=-116 len=0 fail=1 pre=0 q=0 rx_us=100433 complete=1000
49429.680 [0] DBG_ANCHOR_CH5_POST_CH9_RECOVERY_SCAN win=100 ret=-116 pre=0
49429.680 [0] DBG_ANCHOR_CH5_SCAN_RESCHED ret=1 delay=380
49430.045 [0] DBG_ANCHOR_CH5_SCAN_HANDLER role=2
49430.045 [0] DBG_DWM_CH5_RX_HUNT_START acq=10 complete=1000 cap=1020
49430.045 [0] DBG_DWM_CH5_RX_HUNT_EMPTY s=405739 e=405749 ret=-116 sys=00000000 phy=2 cfg=1 aw=1 unk=0
49430.045 [0] DBG_ANCHOR_CH5_SCAN_RESCHED ret=1 delay=380
49430.073 [0] DBG_STACK_RUN_DROP kind=anchor_scan owner=anchor_uwb_scan uptime=405758
49430.434 [0] DBG_ANCHOR_CH5_SCAN_HANDLER role=2
49430.434 [0] DBG_DWM_CH5_RX_HUNT_START acq=10 complete=1000 cap=1020
49430.462 [0] DBG_DWM_CH5_RX_HUNT_EMPTY s=406131 e=406141 ret=-116 sys=00000000 phy=2 cfg=1 aw=1 unk=0
49430.462 [0] DBG_ANCHOR_CH5_SCAN_RESCHED ret=1 delay=380
49430.589 [0] DBG_CH9_SKIP_STALE n=1 now=406269 next=406329 cnt=12 reason=rx-select
49430.589 [0] DBG_CH9_RX_SLOT idx=0 cnt=12 now=406269 start=406329 end=406449
49430.589 [0] DBG_CH9_EVENT_STATE state=granted peer=0xc1c2306a5138ab2d start=406329 end=406449 reason=rx-slot
49430.589 [0] DBG_CH9_RX_START idx=0 now=406270 start=406329 end=406449 tail=60
49430.589 [0] DBG_DWM_INVALIDATE tag=configure_radio_from_reset active_phy=2 configured=1 awake=1
49430.589 [0] DBG_DWM_MARK_UNCONFIGURED tag=initialise_radio prev_phy=0
49430.589 [0] DBG_DWM_PHY_SWITCH from=2 to=3 fast=0 us=21240
49430.589 [0] DBG_CH9_RX_CONFIG_OK
49430.589 [0] DBG_CH9_RX_EARLY_ARM now=406291 start=406329 guard=60
49430.589 [0] DBG_CH9_RX_ARMED now=406291 start=406329 end=406449 deadline=406509
49430.810 [0] DBG_DWM_KEEP_IDLE reason=ch9-rx ch9=1 ack=0 qack=0 ret=0
49430.810 [0] DBG_CH9_RX_EMPTY
49430.810 [0] DBG_CH9_RX_TIMEOUT
49430.810 [0] DBG_CH9_RX_MISS frames=0 now=406511 start=406329 end=406449 fail=0
49430.810 [0] DBG_CH9_EVENT_STATE state=window_expired peer=0xc1c2306a5138ab2d start=406329 end=406449 reason=rx-slot
49430.810 [0] DBG_CH9_TIMING_EXPIRE_DETAIL
49430.810 [0] DBG_CH9_TIMING_EXPIRED
49430.842 [0] DBG_ANCHOR_CH5_SCAN_HANDLER role=2
49430.842 [0] DBG_ANCHOR_CH5_SCAN_ARM now=406522 win=100 complete=15 interval=380 wait=0 tx=0 response=0
49430.842 [0] DBG_DWM_INVALIDATE tag=configure_radio_from_reset active_phy=3 configured=1 awake=1
49430.842 [0] DBG_DWM_MARK_UNCONFIGURED tag=initialise_radio prev_phy=0
49430.842 [0] DBG_DWM_PHY_SWITCH from=3 to=2 fast=0 us=21606
49430.842 [0] DBG_DWM_CH5_RX_HUNT_START acq=100 complete=1000 cap=1020
49430.945 [0] DBG_DWM_CH5_RX_HUNT_EMPTY s=406545 e=406645 ret=-116 sys=00000000 phy=2 cfg=1 aw=1 unk=0
49430.945 [0] DBG_ANCHOR_CH5_SCAN_DONE ret=-116 len=0 fail=1 pre=0 q=0 rx_us=101104 complete=1000
49430.945 [0] DBG_ANCHOR_CH5_POST_CH9_RECOVERY_SCAN win=100 ret=-116 pre=0
49430.945 [0] DBG_ANCHOR_CH5_SCAN_RESCHED ret=1 delay=380
49431.330 [0] DBG_ANCHOR_CH5_SCAN_HANDLER role=2
49431.330 [0] DBG_DWM_CH5_RX_HUNT_START acq=10 complete=1000 cap=1020
49431.358 [0] DBG_DWM_CH5_RX_HUNT_EMPTY s=407035 e=407045 ret=-116 sys=00000000 phy=2 cfg=1 aw=1 unk=0
49431.358 [0] DBG_ANCHOR_CH5_SCAN_RESCHED ret=1 delay=380
49431.358 [0] DBG_STACK_RUN_DROP kind=anchor_scan owner=anchor_uwb_scan uptime=407047
49431.744 [0] DBG_ANCHOR_CH5_SCAN_HANDLER role=2
49431.744 [0] DBG_DWM_CH5_RX_HUNT_START acq=10 complete=1000 cap=1020
49431.744 [0] DBG_DWM_CH5_RX_HUNT_EMPTY s=407435 e=407445 ret=-116 sys=00000000 phy=2 cfg=1 aw=1 unk=0
49431.744 [0] DBG_ANCHOR_CH5_SCAN_RESCHED ret=1 delay=380
49432.132 [0] DBG_ANCHOR_CH5_SCAN_HANDLER role=2
49432.132 [0] DBG_ANCHOR_CH5_SCAN_ARM now=407827 win=10 complete=15 interval=380 wait=0 tx=0 response=0
49432.132 [0] DBG_DWM_CH5_RX_HUNT_START acq=10 complete=1000 cap=1020
49432.162 [0] DBG_DWM_CH5_RX_HUNT_EMPTY s=407835 e=407845 ret=-116 sys=00000000 phy=2 cfg=1 aw=1 unk=0
49432.162 [0] DBG_ANCHOR_CH5_SCAN_DONE ret=-116 len=0 fail=1 pre=0 q=0 rx_us=10528 complete=1000
49432.162 [0] DBG_ANCHOR_CH5_SCAN_RESCHED ret=1 delay=380
49432.523 [0] DBG_ANCHOR_CH5_SCAN_HANDLER role=2
49432.552 [0] DBG_DWM_CH5_RX_HUNT_START acq=10 complete=1000 cap=1020
49432.552 [0] DBG_DWM_CH5_RX_HUNT_EMPTY s=408235 e=408245 ret=-116 sys=00000000 phy=2 cfg=1 aw=1 unk=0
49432.552 [0] DBG_ANCHOR_CH5_SCAN_RESCHED ret=1 delay=380
49432.552 [0] DBG_STACK_RUN_DROP kind=anchor_scan owner=anchor_uwb_scan uptime=408247
49432.939 [0] DBG_ANCHOR_CH5_SCAN_HANDLER role=2
49432.939 [0] DBG_DWM_CH5_RX_HUNT_START acq=10 complete=1000 cap=1020
49432.939 [0] DBG_DWM_CH5_RX_HUNT_EMPTY s=408635 e=408645 ret=-116 sys=00000000 phy=2 cfg=1 aw=1 unk=0
49432.967 [0] DBG_ANCHOR_CH5_SCAN_RESCHED ret=1 delay=380
49433.326 [0] DBG_ANCHOR_CH5_SCAN_HANDLER role=2
49433.326 [0] DBG_ANCHOR_CH5_SCAN_ARM now=409027 win=10 complete=15 interval=380 wait=0 tx=0 response=0
49433.356 [0] DBG_DWM_CH5_RX_HUNT_START acq=10 complete=1000 cap=1020
49433.356 [0] DBG_DWM_CH5_RX_HUNT_EMPTY s=409035 e=409045 ret=-116 sys=00000000 phy=2 cfg=1 aw=1 unk=0
49433.356 [0] DBG_ANCHOR_CH5_SCAN_DONE ret=-116 len=0 fail=1 pre=0 q=0 rx_us=10528 complete=1000
49433.356 [0] DBG_ANCHOR_CH5_SCAN_RESCHED ret=1 delay=380
49433.745 [0] DBG_ANCHOR_CH5_SCAN_HANDLER role=2
49433.745 [0] DBG_DWM_CH5_RX_HUNT_START acq=10 complete=1000 cap=1020
49433.745 [0] DBG_DWM_CH5_RX_HUNT_EMPTY s=409435 e=409445 ret=-116 sys=00000000 phy=2 cfg=1 aw=1 unk=0
49433.745 [0] DBG_ANCHOR_CH5_SCAN_RESCHED ret=1 delay=380
49433.745 [0] DBG_STACK_RUN_DROP kind=anchor_scan owner=anchor_uwb_scan uptime=409447
49434.131 [0] DBG_ANCHOR_CH5_SCAN_HANDLER role=2
49434.131 [0] DBG_DWM_CH5_RX_HUNT_START acq=10 complete=1000 cap=1020
49434.159 [0] DBG_DWM_CH5_RX_HUNT_EMPTY s=409835 e=409845 ret=-116 sys=00000000 phy=2 cfg=1 aw=1 unk=0
49434.159 [0] DBG_ANCHOR_CH5_SCAN_RESCHED ret=1 delay=380
49434.544 [0] DBG_ANCHOR_CH5_SCAN_HANDLER role=2
49434.544 [0] DBG_ANCHOR_CH5_SCAN_ARM now=410227 win=10 complete=15 interval=380 wait=0 tx=0 response=0
49434.544 [0] DBG_DWM_CH5_RX_HUNT_START acq=10 complete=1000 cap=1020
49434.544 [0] DBG_DWM_CH5_RX_HUNT_EMPTY s=410235 e=410245 ret=-116 sys=00000000 phy=2 cfg=1 aw=1 unk=0
49434.544 [0] DBG_ANCHOR_CH5_SCAN_DONE ret=-116 len=0 fail=1 pre=0 q=0 rx_us=10803 complete=1000
49434.544 [0] DBG_ANCHOR_CH5_SCAN_RESCHED ret=1 delay=380
49434.943 [0] DBG_ANCHOR_CH5_SCAN_HANDLER role=2
49434.943 [0] DBG_DWM_CH5_RX_HUNT_START acq=10 complete=1000 cap=1020
49434.943 [0] DBG_DWM_CH5_RX_HUNT_EMPTY s=410635 e=410645 ret=-116 sys=00000000 phy=2 cfg=1 aw=1 unk=0
49434.943 [0] DBG_ANCHOR_CH5_SCAN_RESCHED ret=1 delay=380
49434.943 [0] DBG_STACK_RUN_DROP kind=anchor_scan owner=anchor_uwb_scan uptime=410646
49435.326 [0] DBG_ANCHOR_CH5_SCAN_HANDLER role=2
49435.354 [0] DBG_DWM_CH5_RX_HUNT_START acq=10 complete=1000 cap=1020
49435.354 [0] DBG_DWM_CH5_RX_HUNT_EMPTY s=411035 e=411045 ret=-116 sys=00000000 phy=2 cfg=1 aw=1 unk=0
49435.354 [0] DBG_ANCHOR_CH5_SCAN_RESCHED ret=1 delay=380
49435.739 [0] DBG_ANCHOR_CH5_SCAN_HANDLER role=2
49435.739 [0] DBG_ANCHOR_CH5_SCAN_ARM now=411427 win=10 complete=15 interval=380 wait=0 tx=0 response=0
49435.739 [0] DBG_DWM_CH5_RX_HUNT_START acq=10 complete=1000 cap=1020
49435.739 [0] DBG_DWM_CH5_RX_HUNT_EMPTY s=411435 e=411445 ret=-116 sys=00000000 phy=2 cfg=1 aw=1 unk=0
49435.768 [0] DBG_ANCHOR_CH5_SCAN_DONE ret=-116 len=0 fail=1 pre=0 q=0 rx_us=10528 complete=1000
49435.768 [0] DBG_ANCHOR_CH5_SCAN_RESCHED ret=1 delay=380
49436.126 [0] DBG_ANCHOR_CH5_SCAN_HANDLER role=2
49436.154 [0] DBG_DWM_CH5_RX_HUNT_START acq=10 complete=1000 cap=1020
49436.154 [0] DBG_DWM_CH5_RX_HUNT_EMPTY s=411835 e=411845 ret=-116 sys=00000000 phy=2 cfg=1 aw=1 unk=0
49436.154 [0] DBG_ANCHOR_CH5_SCAN_RESCHED ret=1 delay=380
49436.154 [0] DBG_STACK_RUN_DROP kind=anchor_scan owner=anchor_uwb_scan uptime=411847
49436.541 [0] DBG_ANCHOR_CH5_SCAN_HANDLER role=2
49436.541 [0] DBG_DWM_CH5_RX_HUNT_START acq=10 complete=1000 cap=1020
49436.541 [0] DBG_DWM_CH5_RX_HUNT_EMPTY s=412235 e=412245 ret=-116 sys=00000000 phy=2 cfg=1 aw=1 unk=0
49436.570 [0] DBG_ANCHOR_CH5_SCAN_RESCHED ret=1 delay=380
49436.810 [0] DBG_ANCHOR_MESH_RX_YIELD reason=anchor-low-duty-ch5-owner ch9=0 delay=0 scan_int=380 scan_win=10 wait=0 q=0
49436.934 [0] DBG_ANCHOR_CH5_SCAN_HANDLER role=2
49436.934 [0] DBG_ANCHOR_CH5_SCAN_ARM now=412627 win=10 complete=15 interval=380 wait=0 tx=0 response=0
49436.934 [0] DBG_DWM_CH5_RX_HUNT_START acq=10 complete=1000 cap=1020
49436.967 [0] DBG_DWM_CH5_RX_HUNT_EMPTY s=412635 e=412645 ret=-116 sys=00000000 phy=2 cfg=1 aw=1 unk=0
49436.967 [0] DBG_ANCHOR_CH5_SCAN_DONE ret=-116 len=0 fail=1 pre=0 q=0 rx_us=10528 complete=1000
49436.967 [0] DBG_ANCHOR_CH5_SCAN_RESCHED ret=1 delay=380
49437.327 [0] DBG_ANCHOR_CH5_SCAN_HANDLER role=2
49437.355 [0] DBG_DWM_CH5_RX_HUNT_START acq=10 complete=1000 cap=1020
49437.355 [0] DBG_DWM_CH5_RX_HUNT_EMPTY s=413035 e=413045 ret=-116 sys=00000000 phy=2 cfg=1 aw=1 unk=0
49437.355 [0] DBG_ANCHOR_CH5_SCAN_RESCHED ret=1 delay=380
49437.355 [0] DBG_STACK_RUN_DROP kind=anchor_scan owner=anchor_uwb_scan uptime=413047
49437.739 [0] DBG_ANCHOR_CH5_SCAN_HANDLER role=2
49437.739 [0] DBG_DWM_CH5_RX_HUNT_START acq=10 complete=1000 cap=1020
49437.739 [0] DBG_DWM_CH5_RX_HUNT_EMPTY s=413435 e=413445 ret=-116 sys=00000000 phy=2 cfg=1 aw=1 unk=0
49437.767 [0] DBG_ANCHOR_CH5_SCAN_RESCHED ret=1 delay=380
49438.128 [0] DBG_ANCHOR_CH5_SCAN_HANDLER role=2
49438.128 [0] DBG_ANCHOR_CH5_SCAN_ARM now=413827 win=10 complete=15 interval=380 wait=0 tx=0 response=0
49438.158 [0] DBG_DWM_CH5_RX_HUNT_START acq=10 complete=1000 cap=1020
49438.158 [0] DBG_DWM_CH5_RX_HUNT_EMPTY s=413835 e=413845 ret=-116 sys=00000000 phy=2 cfg=1 aw=1 unk=0
49438.158 [0] DBG_ANCHOR_CH5_SCAN_DONE ret=-116 len=0 fail=1 pre=0 q=0 rx_us=10528 complete=1000
49438.158 [0] DBG_ANCHOR_CH5_SCAN_RESCHED ret=1 delay=380
49438.520 [0] DBG_ANCHOR_CH5_SCAN_HANDLER role=2
49438.550 [0] DBG_DWM_CH5_RX_HUNT_START acq=10 complete=1000 cap=1020
49438.550 [0] DBG_DWM_CH5_RX_HUNT_EMPTY s=414235 e=414245 ret=-116 sys=00000000 phy=2 cfg=1 aw=1 unk=0
49438.550 [0] DBG_ANCHOR_CH5_SCAN_RESCHED ret=1 delay=380
49438.550 [0] DBG_STACK_RUN_DROP kind=anchor_scan owner=anchor_uwb_scan uptime=414247
49438.934 [0] DBG_ANCHOR_CH5_SCAN_HANDLER role=2
49438.934 [0] DBG_DWM_CH5_RX_HUNT_START acq=10 complete=1000 cap=1020
49438.963 [0] DBG_DWM_CH5_RX_HUNT_EMPTY s=414635 e=414645 ret=-116 sys=00000000 phy=2 cfg=1 aw=1 unk=0
49438.963 [0] DBG_ANCHOR_CH5_SCAN_RESCHED ret=1 delay=380
49439.328 [0] DBG_ANCHOR_CH5_SCAN_HANDLER role=2
49439.328 [0] DBG_ANCHOR_CH5_SCAN_ARM now=415027 win=10 complete=15 interval=380 wait=0 tx=0 response=0
49439.361 [0] DBG_DWM_CH5_RX_HUNT_START acq=10 complete=1000 cap=1020
49439.361 [0] DBG_DWM_CH5_RX_HUNT_EMPTY s=415035 e=415045 ret=-116 sys=00000000 phy=2 cfg=1 aw=1 unk=0
49439.361 [0] DBG_ANCHOR_CH5_SCAN_DONE ret=-116 len=0 fail=1 pre=0 q=0 rx_us=10528 complete=1000
49439.361 [0] DBG_ANCHOR_CH5_SCAN_RESCHED ret=1 delay=380
49439.739 [0] DBG_ANCHOR_CH5_SCAN_HANDLER role=2
49439.739 [0] DBG_DWM_CH5_RX_HUNT_START acq=10 complete=1000 cap=1020
49439.774 [0] DBG_DWM_CH5_RX_HUNT_EMPTY s=415435 e=415445 ret=-116 sys=00000000 phy=2 cfg=1 aw=1 unk=0
49439.774 [0] DBG_ANCHOR_CH5_SCAN_RESCHED ret=1 delay=380
49439.774 [0] DBG_STACK_RUN_DROP kind=anchor_scan owner=anchor_uwb_scan uptime=415447
49440.132 [0] DBG_ANCHOR_CH5_SCAN_HANDLER role=2
49440.132 [0] DBG_DWM_CH5_RX_HUNT_START acq=10 complete=1000 cap=1020
49440.160 [0] DBG_DWM_CH5_RX_HUNT_EMPTY s=415835 e=415845 ret=-116 sys=00000000 phy=2 cfg=1 aw=1 unk=0
49440.160 [0] DBG_ANCHOR_CH5_SCAN_RESCHED ret=1 delay=380
49440.519 [0] DBG_ANCHOR_CH5_SCAN_HANDLER role=2
49440.548 [0] DBG_ANCHOR_CH5_SCAN_ARM now=416227 win=10 complete=15 interval=380 wait=0 tx=0 response=0
49440.548 [0] DBG_DWM_CH5_RX_HUNT_START acq=10 complete=1000 cap=1020
49440.548 [0] DBG_DWM_CH5_RX_HUNT_EMPTY s=416235 e=416245 ret=-116 sys=00000000 phy=2 cfg=1 aw=1 unk=0
49440.548 [0] DBG_ANCHOR_CH5_SCAN_DONE ret=-116 len=0 fail=1 pre=0 q=0 rx_us=10803 complete=1000
49440.548 [0] DBG_ANCHOR_CH5_SCAN_RESCHED ret=1 delay=380
49440.930 [0] DBG_ANCHOR_CH5_SCAN_HANDLER role=2
49440.930 [0] DBG_DWM_CH5_RX_HUNT_START acq=10 complete=1000 cap=1020
49440.958 [0] DBG_DWM_CH5_RX_HUNT_EMPTY s=416635 e=416645 ret=-116 sys=00000000 phy=2 cfg=1 aw=1 unk=0
49440.958 [0] DBG_ANCHOR_CH5_SCAN_RESCHED ret=1 delay=380
49440.958 [0] DBG_STACK_RUN_DROP kind=anchor_scan owner=anchor_uwb_scan uptime=416646
49441.344 [0] DBG_ANCHOR_CH5_SCAN_HANDLER role=2
49441.344 [0] DBG_DWM_CH5_RX_HUNT_START acq=10 complete=1000 cap=1020
49441.344 [0] DBG_DWM_CH5_RX_HUNT_EMPTY s=417035 e=417045 ret=-116 sys=00000000 phy=2 cfg=1 aw=1 unk=0
49441.344 [0] DBG_ANCHOR_CH5_SCAN_RESCHED ret=1 delay=380
49441.729 [0] DBG_ANCHOR_CH5_SCAN_HANDLER role=2
49441.729 [0] DBG_ANCHOR_CH5_SCAN_ARM now=417427 win=10 complete=15 interval=380 wait=0 tx=0 response=0
49441.759 [0] DBG_DWM_CH5_RX_HUNT_START acq=10 complete=1000 cap=1020
49441.759 [0] DBG_DWM_CH5_RX_HUNT_EMPTY s=417435 e=417445 ret=-116 sys=00000000 phy=2 cfg=1 aw=1 unk=0
49441.759 [0] DBG_ANCHOR_CH5_SCAN_DONE ret=-116 len=0 fail=1 pre=0 q=0 rx_us=10528 complete=1000
49441.759 [0] DBG_ANCHOR_CH5_SCAN_RESCHED ret=1 delay=380
49442.145 [0] DBG_ANCHOR_CH5_SCAN_HANDLER role=2
49442.145 [0] DBG_DWM_CH5_RX_HUNT_START acq=10 complete=1000 cap=1020
49442.145 [0] DBG_DWM_CH5_RX_HUNT_EMPTY s=417835 e=417845 ret=-116 sys=00000000 phy=2 cfg=1 aw=1 unk=0
49442.145 [0] DBG_ANCHOR_CH5_SCAN_RESCHED ret=1 delay=380
49442.145 [0] DBG_STACK_RUN_DROP kind=anchor_scan owner=anchor_uwb_scan uptime=417847
49442.529 [0] DBG_ANCHOR_CH5_SCAN_HANDLER role=2
49442.529 [0] DBG_DWM_CH5_RX_HUNT_START acq=10 complete=1000 cap=1020
49442.558 [0] DBG_DWM_CH5_RX_HUNT_EMPTY s=418235 e=418245 ret=-116 sys=00000000 phy=2 cfg=1 aw=1 unk=0
49442.558 [0] DBG_ANCHOR_CH5_SCAN_RESCHED ret=1 delay=380
49442.926 [0] DBG_ANCHOR_CH5_SCAN_HANDLER role=2
49442.926 [0] DBG_ANCHOR_CH5_SCAN_ARM now=418626 win=10 complete=15 interval=380 wait=0 tx=0 response=0
49442.955 [0] DBG_DWM_CH5_RX_HUNT_START acq=10 complete=1000 cap=1020
49442.955 [0] DBG_DWM_CH5_RX_HUNT_EMPTY s=418635 e=418645 ret=-116 sys=00000000 phy=2 cfg=1 aw=1 unk=0
49442.955 [0] DBG_ANCHOR_CH5_SCAN_DONE ret=-116 len=0 fail=1 pre=0 q=0 rx_us=10711 complete=1000
49442.955 [0] DBG_ANCHOR_CH5_SCAN_RESCHED ret=1 delay=380
49443.345 [0] DBG_ANCHOR_CH5_SCAN_HANDLER role=2
49443.345 [0] DBG_DWM_CH5_RX_HUNT_START acq=10 complete=1000 cap=1020
49443.345 [0] DBG_DWM_CH5_RX_HUNT_EMPTY s=419035 e=419045 ret=-116 sys=00000000 phy=2 cfg=1 aw=1 unk=0
49443.345 [0] DBG_ANCHOR_CH5_SCAN_RESCHED ret=1 delay=380
49443.345 [0] DBG_STACK_RUN_DROP kind=anchor_scan owner=anchor_uwb_scan uptime=419047
49443.730 [0] DBG_ANCHOR_CH5_SCAN_HANDLER role=2
49443.730 [0] DBG_DWM_CH5_RX_HUNT_START acq=10 complete=1000 cap=1020
49443.759 [0] DBG_DWM_CH5_RX_HUNT_EMPTY s=419435 e=419445 ret=-116 sys=00000000 phy=2 cfg=1 aw=1 unk=0
49443.759 [0] DBG_ANCHOR_CH5_SCAN_RESCHED ret=1 delay=380
49444.120 [0] DBG_ANCHOR_CH5_SCAN_HANDLER role=2
49444.148 [0] DBG_ANCHOR_CH5_SCAN_ARM now=419827 win=10 complete=15 interval=380 wait=0 tx=0 response=0
49444.148 [0] DBG_DWM_CH5_RX_HUNT_START acq=10 complete=1000 cap=1020
49444.148 [0] DBG_DWM_CH5_RX_HUNT_EMPTY s=419835 e=419845 ret=-116 sys=00000000 phy=2 cfg=1 aw=1 unk=0
49444.148 [0] DBG_ANCHOR_CH5_SCAN_DONE ret=-116 len=0 fail=1 pre=0 q=0 rx_us=10528 complete=1000
49444.148 [0] DBG_ANCHOR_CH5_SCAN_RESCHED ret=1 delay=380
49444.533 [0] DBG_ANCHOR_CH5_SCAN_HANDLER role=2
49444.533 [0] DBG_DWM_CH5_RX_HUNT_START acq=10 complete=1000 cap=1020
49444.561 [0] DBG_DWM_CH5_RX_HUNT_EMPTY s=420235 e=420245 ret=-116 sys=00000000 phy=2 cfg=1 aw=1 unk=0
49444.561 [0] DBG_ANCHOR_CH5_SCAN_RESCHED ret=1 delay=380
49444.561 [0] DBG_STACK_RUN_DROP kind=anchor_scan owner=anchor_uwb_scan uptime=420247
49444.943 [0] DBG_ANCHOR_CH5_SCAN_HANDLER role=2
49444.943 [0] DBG_DWM_CH5_RX_HUNT_START acq=10 complete=1000 cap=1020
49444.943 [0] DBG_DWM_CH5_RX_HUNT_EMPTY s=420635 e=420645 ret=-116 sys=00000000 phy=2 cfg=1 aw=1 unk=0
49444.943 [0] DBG_ANCHOR_CH5_SCAN_RESCHED ret=1 delay=380
49445.326 [0] DBG_ANCHOR_CH5_SCAN_HANDLER role=2
49445.326 [0] DBG_ANCHOR_CH5_SCAN_ARM now=421027 win=10 complete=15 interval=380 wait=0 tx=0 response=0
49445.356 [0] DBG_DWM_CH5_RX_HUNT_START acq=10 complete=1000 cap=1020
49445.356 [0] DBG_DWM_CH5_RX_HUNT_EMPTY s=421035 e=421045 ret=-116 sys=00000000 phy=2 cfg=1 aw=1 unk=0
49445.356 [0] DBG_ANCHOR_CH5_SCAN_DONE ret=-116 len=0 fail=1 pre=0 q=0 rx_us=10528 complete=1000
49445.356 [0] DBG_ANCHOR_CH5_SCAN_RESCHED ret=1 delay=380
49445.720 [0] DBG_ANCHOR_CH5_SCAN_HANDLER role=2
49445.747 [0] DBG_DWM_CH5_RX_HUNT_START acq=10 complete=1000 cap=1020
49445.747 [0] DBG_DWM_CH5_RX_HUNT_EMPTY s=421435 e=421445 ret=-116 sys=00000000 phy=2 cfg=1 aw=1 unk=0
49445.747 [0] DBG_ANCHOR_CH5_SCAN_RESCHED ret=1 delay=380
49445.747 [0] DBG_STACK_RUN_DROP kind=anchor_scan owner=anchor_uwb_scan uptime=421447
49446.133 [0] DBG_ANCHOR_CH5_SCAN_HANDLER role=2
49446.133 [0] DBG_DWM_CH5_RX_HUNT_START acq=10 complete=1000 cap=1020
49446.161 [0] DBG_DWM_CH5_RX_HUNT_EMPTY s=421835 e=421845 ret=-116 sys=00000000 phy=2 cfg=1 aw=1 unk=0
49446.161 [0] DBG_ANCHOR_CH5_SCAN_RESCHED ret=1 delay=380
49446.522 [0] DBG_ANCHOR_CH5_SCAN_HANDLER role=2
49446.522 [0] DBG_ANCHOR_CH5_SCAN_ARM now=422226 win=10 complete=15 interval=380 wait=0 tx=0 response=0
49446.551 [0] DBG_DWM_CH5_RX_HUNT_START acq=10 complete=1000 cap=1020
49446.551 [0] DBG_DWM_CH5_RX_HUNT_EMPTY s=422235 e=422245 ret=-116 sys=00000000 phy=2 cfg=1 aw=1 unk=0
49446.551 [0] DBG_ANCHOR_CH5_SCAN_DONE ret=-116 len=0 fail=1 pre=0 q=0 rx_us=10986 complete=1000
49446.551 [0] DBG_ANCHOR_CH5_SCAN_RESCHED ret=1 delay=380
49446.935 [0] DBG_ANCHOR_CH5_SCAN_HANDLER role=2
49446.935 [0] DBG_DWM_CH5_RX_HUNT_START acq=10 complete=1000 cap=1020
49446.965 [0] DBG_DWM_CH5_RX_HUNT_EMPTY s=422635 e=422645 ret=-116 sys=00000000 phy=2 cfg=1 aw=1 unk=0
49446.965 [0] DBG_ANCHOR_CH5_SCAN_RESCHED ret=1 delay=380
49446.965 [0] DBG_STACK_RUN_DROP kind=anchor_scan owner=anchor_uwb_scan uptime=422646
49447.333 [0] DBG_ANCHOR_CH5_SCAN_HANDLER role=2
49447.333 [0] DBG_DWM_CH5_RX_HUNT_START acq=10 complete=1000 cap=1020
49447.362 [0] DBG_DWM_CH5_RX_HUNT_EMPTY s=423035 e=423045 ret=-116 sys=00000000 phy=2 cfg=1 aw=1 unk=0
49447.362 [0] DBG_ANCHOR_CH5_SCAN_RESCHED ret=1 delay=380
49447.723 [0] DBG_ANCHOR_CH5_SCAN_HANDLER role=2
49447.723 [0] DBG_ANCHOR_CH5_SCAN_ARM now=423427 win=10 complete=15 interval=380 wait=0 tx=0 response=0
49447.753 [0] DBG_DWM_CH5_RX_HUNT_START acq=10 complete=1000 cap=1020
49447.753 [0] DBG_DWM_CH5_RX_HUNT_EMPTY s=423435 e=423445 ret=-116 sys=00000000 phy=2 cfg=1 aw=1 unk=0
49447.753 [0] DBG_ANCHOR_CH5_SCAN_DONE ret=-116 len=0 fail=1 pre=0 q=0 rx_us=10528 complete=1000
49447.753 [0] DBG_ANCHOR_CH5_SCAN_RESCHED ret=1 delay=380
49448.141 [0] DBG_ANCHOR_CH5_SCAN_HANDLER role=2
49448.141 [0] DBG_DWM_CH5_RX_HUNT_START acq=10 complete=1000 cap=1020
49448.141 [0] DBG_DWM_CH5_RX_HUNT_EMPTY s=423835 e=423845 ret=-116 sys=00000000 phy=2 cfg=1 aw=1 unk=0
49448.172 [0] DBG_ANCHOR_CH5_SCAN_RESCHED ret=1 delay=380
49448.172 [0] DBG_STACK_RUN_DROP kind=anchor_scan owner=anchor_uwb_scan uptime=423847
49448.532 [0] DBG_ANCHOR_CH5_SCAN_HANDLER role=2
49448.532 [0] DBG_DWM_CH5_RX_HUNT_START acq=10 complete=1000 cap=1020
49448.560 [0] DBG_DWM_CH5_RX_HUNT_EMPTY s=424235 e=424245 ret=-116 sys=00000000 phy=2 cfg=1 aw=1 unk=0
49448.560 [0] DBG_ANCHOR_CH5_SCAN_RESCHED ret=1 delay=380
49448.943 [0] DBG_ANCHOR_CH5_SCAN_HANDLER role=2
49448.943 [0] DBG_ANCHOR_CH5_SCAN_ARM now=424626 win=10 complete=15 interval=380 wait=0 tx=0 response=0
49448.943 [0] DBG_DWM_CH5_RX_HUNT_START acq=10 complete=1000 cap=1020
49448.943 [0] DBG_DWM_CH5_RX_HUNT_EMPTY s=424635 e=424645 ret=-116 sys=00000000 phy=2 cfg=1 aw=1 unk=0
49448.943 [0] DBG_ANCHOR_CH5_SCAN_DONE ret=-116 len=0 fail=1 pre=0 q=0 rx_us=10711 complete=1000
49448.943 [0] DBG_ANCHOR_CH5_SCAN_RESCHED ret=1 delay=380
49449.328 [0] DBG_ANCHOR_CH5_SCAN_HANDLER role=2
49449.356 [0] DBG_DWM_CH5_RX_HUNT_START acq=10 complete=1000 cap=1020
49449.356 [0] DBG_DWM_CH5_RX_HUNT_EMPTY s=425035 e=425045 ret=-116 sys=00000000 phy=2 cfg=1 aw=1 unk=0
49449.356 [0] DBG_ANCHOR_CH5_SCAN_RESCHED ret=1 delay=380
49449.356 [0] DBG_STACK_RUN_DROP kind=anchor_scan owner=anchor_uwb_scan uptime=425047
49449.740 [0] DBG_ANCHOR_CH5_SCAN_HANDLER role=2
49449.740 [0] DBG_DWM_CH5_RX_HUNT_START acq=10 complete=1000 cap=1020
49449.740 [0] DBG_DWM_CH5_RX_HUNT_EMPTY s=425435 e=425445 ret=-116 sys=00000000 phy=2 cfg=1 aw=1 unk=0
49449.740 [0] DBG_ANCHOR_CH5_SCAN_RESCHED ret=1 delay=380
49450.124 [0] DBG_ANCHOR_CH5_SCAN_HANDLER role=2
49450.124 [0] DBG_ANCHOR_CH5_SCAN_ARM now=425827 win=10 complete=15 interval=380 wait=0 tx=0 response=0
49450.154 [0] DBG_DWM_CH5_RX_HUNT_START acq=10 complete=1000 cap=1020
49450.154 [0] DBG_DWM_CH5_RX_HUNT_EMPTY s=425835 e=425845 ret=-116 sys=00000000 phy=2 cfg=1 aw=1 unk=0
49450.154 [0] DBG_ANCHOR_CH5_SCAN_DONE ret=-116 len=0 fail=1 pre=0 q=0 rx_us=10528 complete=1000
49450.154 [0] DBG_ANCHOR_CH5_SCAN_RESCHED ret=1 delay=380
49450.540 [0] DBG_ANCHOR_CH5_SCAN_HANDLER role=2
49450.540 [0] DBG_DWM_CH5_RX_HUNT_START acq=10 complete=1000 cap=1020
49450.540 [0] DBG_DWM_CH5_RX_HUNT_EMPTY s=426235 e=426245 ret=-116 sys=00000000 phy=2 cfg=1 aw=1 unk=0
49450.570 [0] DBG_ANCHOR_CH5_SCAN_RESCHED ret=1 delay=380
49450.570 [0] DBG_STACK_RUN_DROP kind=anchor_scan owner=anchor_uwb_scan uptime=426247
49450.925 [0] DBG_ANCHOR_CH5_SCAN_HANDLER role=2
49450.952 [0] DBG_DWM_CH5_RX_HUNT_START acq=10 complete=1000 cap=1020
49450.952 [0] DBG_DWM_CH5_RX_HUNT_EMPTY s=426635 e=426645 ret=-116 sys=00000000 phy=2 cfg=1 aw=1 unk=0
49450.952 [0] DBG_ANCHOR_CH5_SCAN_RESCHED ret=1 delay=380
49451.337 [0] DBG_ANCHOR_CH5_SCAN_HANDLER role=2
49451.337 [0] DBG_ANCHOR_CH5_SCAN_ARM now=427027 win=10 complete=15 interval=380 wait=0 tx=0 response=0
49451.337 [0] DBG_DWM_CH5_RX_HUNT_START acq=10 complete=1000 cap=1020
49451.366 [0] DBG_DWM_CH5_RX_HUNT_EMPTY s=427035 e=427045 ret=-116 sys=00000000 phy=2 cfg=1 aw=1 unk=0
49451.366 [0] DBG_ANCHOR_CH5_SCAN_DONE ret=-116 len=0 fail=1 pre=0 q=0 rx_us=10528 complete=1000
49451.366 [0] DBG_ANCHOR_CH5_SCAN_RESCHED ret=1 delay=380
49451.728 [0] DBG_ANCHOR_CH5_SCAN_HANDLER role=2
49451.757 [0] DBG_DWM_CH5_RX_HUNT_START acq=10 complete=1000 cap=1020
49451.757 [0] DBG_DWM_CH5_RX_HUNT_EMPTY s=427435 e=427445 ret=-116 sys=00000000 phy=2 cfg=1 aw=1 unk=0
49451.757 [0] DBG_ANCHOR_CH5_SCAN_RESCHED ret=1 delay=380
49451.757 [0] DBG_STACK_RUN_DROP kind=anchor_scan owner=anchor_uwb_scan uptime=427447
49452.143 [0] DBG_ANCHOR_CH5_SCAN_HANDLER role=2
49452.143 [0] DBG_DWM_CH5_RX_HUNT_START acq=10 complete=1000 cap=1020
49452.143 [0] DBG_DWM_CH5_RX_HUNT_EMPTY s=427835 e=427845 ret=-116 sys=00000000 phy=2 cfg=1 aw=1 unk=0
49452.143 [0] DBG_ANCHOR_CH5_SCAN_RESCHED ret=1 delay=380
49452.526 [0] DBG_ANCHOR_CH5_SCAN_HANDLER role=2
49452.526 [0] DBG_ANCHOR_CH5_SCAN_ARM now=428227 win=10 complete=15 interval=380 wait=0 tx=0 response=0
49452.559 [0] DBG_DWM_CH5_RX_HUNT_START acq=10 complete=1000 cap=1020
49452.559 [0] DBG_DWM_CH5_RX_HUNT_EMPTY s=428235 e=428245 ret=-116 sys=00000000 phy=2 cfg=1 aw=1 unk=0
49452.559 [0] DBG_ANCHOR_CH5_SCAN_DONE ret=-116 len=0 fail=1 pre=0 q=0 rx_us=10803 complete=1000
49452.559 [0] DBG_ANCHOR_CH5_SCAN_RESCHED ret=1 delay=380
49452.942 [0] DBG_ANCHOR_CH5_SCAN_HANDLER role=2
49452.942 [0] DBG_DWM_CH5_RX_HUNT_START acq=10 complete=1000 cap=1020
49452.942 [0] DBG_DWM_CH5_RX_HUNT_EMPTY s=428635 e=428645 ret=-116 sys=00000000 phy=2 cfg=1 aw=1 unk=0
49452.942 [0] DBG_ANCHOR_CH5_SCAN_RESCHED ret=1 delay=380
49452.942 [0] DBG_STACK_RUN_DROP kind=anchor_scan owner=anchor_uwb_scan uptime=428646
49453.330 [0] DBG_ANCHOR_CH5_SCAN_HANDLER role=2
49453.330 [0] DBG_DWM_CH5_RX_HUNT_START acq=10 complete=1000 cap=1020
49453.359 [0] DBG_DWM_CH5_RX_HUNT_EMPTY s=429035 e=429045 ret=-116 sys=00000000 phy=2 cfg=1 aw=1 unk=0
49453.359 [0] DBG_ANCHOR_CH5_SCAN_RESCHED ret=1 delay=380
49453.722 [0] DBG_ANCHOR_CH5_SCAN_HANDLER role=2
49453.722 [0] DBG_ANCHOR_CH5_SCAN_ARM now=429427 win=10 complete=15 interval=380 wait=0 tx=0 response=0
49453.750 [0] DBG_DWM_CH5_RX_HUNT_START acq=10 complete=1000 cap=1020
49453.750 [0] DBG_DWM_CH5_RX_HUNT_EMPTY s=429435 e=429445 ret=-116 sys=00000000 phy=2 cfg=1 aw=1 unk=0
49453.750 [0] DBG_ANCHOR_CH5_SCAN_DONE ret=-116 len=0 fail=1 pre=0 q=0 rx_us=10528 complete=1000
49453.750 [0] DBG_ANCHOR_CH5_SCAN_RESCHED ret=1 delay=380
49454.135 [0] DBG_ANCHOR_CH5_SCAN_HANDLER role=2
49454.135 [0] DBG_DWM_CH5_RX_HUNT_START acq=10 complete=1000 cap=1020
49454.163 [0] DBG_DWM_CH5_RX_HUNT_EMPTY s=429835 e=429845 ret=-116 sys=00000000 phy=2 cfg=1 aw=1 unk=0
49454.163 [0] DBG_ANCHOR_CH5_SCAN_RESCHED ret=1 delay=380
49454.163 [0] DBG_STACK_RUN_DROP kind=anchor_scan owner=anchor_uwb_scan uptime=429847
49454.544 [0] DBG_ANCHOR_CH5_SCAN_HANDLER role=2
49454.544 [0] DBG_DWM_CH5_RX_HUNT_START acq=10 complete=1000 cap=1020
49454.544 [0] DBG_DWM_CH5_RX_HUNT_EMPTY s=430235 e=430245 ret=-116 sys=00000000 phy=2 cfg=1 aw=1 unk=0
49454.544 [0] DBG_ANCHOR_CH5_SCAN_RESCHED ret=1 delay=380
49454.927 [0] DBG_ANCHOR_CH5_SCAN_HANDLER role=2
49454.927 [0] DBG_ANCHOR_CH5_SCAN_ARM now=430626 win=10 complete=15 interval=380 wait=0 tx=0 response=0
49454.957 [0] DBG_DWM_CH5_RX_HUNT_START acq=10 complete=1000 cap=1020
49454.957 [0] DBG_DWM_CH5_RX_HUNT_EMPTY s=430635 e=430645 ret=-116 sys=00000000 phy=2 cfg=1 aw=1 unk=0
49454.957 [0] DBG_ANCHOR_CH5_SCAN_DONE ret=-116 len=0 fail=1 pre=0 q=0 rx_us=10711 complete=1000
49454.957 [0] DBG_ANCHOR_CH5_SCAN_RESCHED ret=1 delay=380
49455.344 [0] DBG_ANCHOR_CH5_SCAN_HANDLER role=2
49455.344 [0] DBG_DWM_CH5_RX_HUNT_START acq=10 complete=1000 cap=1020
49455.344 [0] DBG_DWM_CH5_RX_HUNT_EMPTY s=431035 e=431045 ret=-116 sys=00000000 phy=2 cfg=1 aw=1 unk=0
49455.344 [0] DBG_ANCHOR_CH5_SCAN_RESCHED ret=1 delay=380
49455.344 [0] DBG_STACK_RUN_DROP kind=anchor_scan owner=anchor_uwb_scan uptime=431047
49455.729 [0] DBG_ANCHOR_CH5_SCAN_HANDLER role=2
49455.729 [0] DBG_DWM_CH5_RX_HUNT_START acq=10 complete=1000 cap=1020
49455.757 [0] DBG_DWM_CH5_RX_HUNT_EMPTY s=431435 e=431445 ret=-116 sys=00000000 phy=2 cfg=1 aw=1 unk=0
49455.757 [0] DBG_ANCHOR_CH5_SCAN_RESCHED ret=1 delay=380
49456.144 [0] DBG_ANCHOR_CH5_SCAN_HANDLER role=2
49456.144 [0] DBG_ANCHOR_CH5_SCAN_ARM now=431827 win=10 complete=15 interval=380 wait=0 tx=0 response=0
49456.144 [0] DBG_DWM_CH5_RX_HUNT_START acq=10 complete=1000 cap=1020
49456.144 [0] DBG_DWM_CH5_RX_HUNT_EMPTY s=431835 e=431845 ret=-116 sys=00000000 phy=2 cfg=1 aw=1 unk=0
49456.144 [0] DBG_ANCHOR_CH5_SCAN_DONE ret=-116 len=0 fail=1 pre=0 q=0 rx_us=10772 complete=1000
49456.144 [0] DBG_ANCHOR_CH5_SCAN_RESCHED ret=1 delay=380
49456.526 [0] DBG_ANCHOR_CH5_SCAN_HANDLER role=2
49456.555 [0] DBG_DWM_CH5_RX_HUNT_START acq=10 complete=1000 cap=1020
49456.555 [0] DBG_DWM_CH5_RX_HUNT_EMPTY s=432235 e=432245 ret=-116 sys=00000000 phy=2 cfg=1 aw=1 unk=0
49456.555 [0] DBG_STACK_RUN_DROP kind=anchor_scan owner=anchor_uwb_scan uptime=432246
49456.555 [0] DBG_ANCHOR_CH5_SCAN_RESCHED ret=1 delay=380
49456.941 [0] DBG_ANCHOR_CH5_SCAN_HANDLER role=2
49456.941 [0] DBG_DWM_CH5_RX_HUNT_START acq=10 complete=1000 cap=1020
49456.941 [0] DBG_DWM_CH5_RX_HUNT_EMPTY s=432635 e=432645 ret=-116 sys=00000000 phy=2 cfg=1 aw=1 unk=0
49456.941 [0] DBG_ANCHOR_CH5_SCAN_RESCHED ret=1 delay=380
49457.326 [0] DBG_ANCHOR_CH5_SCAN_HANDLER role=2
49457.326 [0] DBG_ANCHOR_CH5_SCAN_ARM now=433027 win=10 complete=15 interval=380 wait=0 tx=0 response=0
49457.356 [0] DBG_DWM_CH5_RX_HUNT_START acq=10 complete=1000 cap=1020
49457.356 [0] DBG_DWM_CH5_RX_HUNT_EMPTY s=433035 e=433045 ret=-116 sys=00000000 phy=2 cfg=1 aw=1 unk=0
49457.356 [0] DBG_ANCHOR_CH5_SCAN_DONE ret=-116 len=0 fail=1 pre=0 q=0 rx_us=10528 complete=1000
49457.356 [0] DBG_ANCHOR_CH5_SCAN_RESCHED ret=1 delay=380
49457.743 [0] DBG_ANCHOR_CH5_SCAN_HANDLER role=2
49457.743 [0] DBG_DWM_CH5_RX_HUNT_START acq=10 complete=1000 cap=1020
49457.743 [0] DBG_DWM_CH5_RX_HUNT_EMPTY s=433435 e=433445 ret=-116 sys=00000000 phy=2 cfg=1 aw=1 unk=0
49457.743 [0] DBG_ANCHOR_CH5_SCAN_RESCHED ret=1 delay=380
49457.743 [0] DBG_STACK_RUN_DROP kind=anchor_scan owner=anchor_uwb_scan uptime=433447
49458.130 [0] DBG_ANCHOR_CH5_SCAN_HANDLER role=2
49458.130 [0] DBG_DWM_CH5_RX_HUNT_START acq=10 complete=1000 cap=1020
49458.159 [0] DBG_DWM_CH5_RX_HUNT_EMPTY s=433835 e=433845 ret=-116 sys=00000000 phy=2 cfg=1 aw=1 unk=0
49458.159 [0] DBG_ANCHOR_CH5_SCAN_RESCHED ret=1 delay=380
49458.543 [0] DBG_ANCHOR_CH5_SCAN_HANDLER role=2
49458.543 [0] DBG_ANCHOR_CH5_SCAN_ARM now=434227 win=10 complete=15 interval=380 wait=0 tx=0 response=0
49458.543 [0] DBG_DWM_CH5_RX_HUNT_START acq=10 complete=1000 cap=1020
49458.543 [0] DBG_DWM_CH5_RX_HUNT_EMPTY s=434235 e=434245 ret=-116 sys=00000000 phy=2 cfg=1 aw=1 unk=0
49458.543 [0] DBG_ANCHOR_CH5_SCAN_DONE ret=-116 len=0 fail=1 pre=0 q=0 rx_us=10803 complete=1000
49458.543 [0] DBG_ANCHOR_CH5_SCAN_RESCHED ret=1 delay=380
49458.928 [0] DBG_ANCHOR_CH5_SCAN_HANDLER role=2
49458.956 [0] DBG_DWM_CH5_RX_HUNT_START acq=10 complete=1000 cap=1020
49458.956 [0] DBG_DWM_CH5_RX_HUNT_EMPTY s=434635 e=434645 ret=-116 sys=00000000 phy=2 cfg=1 aw=1 unk=0
49458.956 [0] DBG_ANCHOR_CH5_SCAN_RESCHED ret=1 delay=380
49458.956 [0] DBG_STACK_RUN_DROP kind=anchor_scan owner=anchor_uwb_scan uptime=434646
49459.342 [0] DBG_ANCHOR_CH5_SCAN_HANDLER role=2
49459.342 [0] DBG_DWM_CH5_RX_HUNT_START acq=10 complete=1000 cap=1020
49459.342 [0] DBG_DWM_CH5_RX_HUNT_EMPTY s=435035 e=435045 ret=-116 sys=00000000 phy=2 cfg=1 aw=1 unk=0
49459.342 [0] DBG_ANCHOR_CH5_SCAN_RESCHED ret=1 delay=380
49459.727 [0] DBG_ANCHOR_CH5_SCAN_HANDLER role=2
49459.727 [0] DBG_ANCHOR_CH5_SCAN_ARM now=435427 win=10 complete=15 interval=380 wait=0 tx=0 response=0
49459.757 [0] DBG_DWM_CH5_RX_HUNT_START acq=10 complete=1000 cap=1020
49459.757 [0] DBG_DWM_CH5_RX_HUNT_EMPTY s=435435 e=435445 ret=-116 sys=00000000 phy=2 cfg=1 aw=1 unk=0
49459.757 [0] DBG_ANCHOR_CH5_SCAN_DONE ret=-116 len=0 fail=1 pre=0 q=0 rx_us=10528 complete=1000
49459.757 [0] DBG_ANCHOR_CH5_SCAN_RESCHED ret=1 delay=380
49460.145 [0] DBG_ANCHOR_CH5_SCAN_HANDLER role=2
49460.145 [0] DBG_DWM_CH5_RX_HUNT_START acq=10 complete=1000 cap=1020
49460.145 [0] DBG_DWM_CH5_RX_HUNT_EMPTY s=435835 e=435845 ret=-116 sys=00000000 phy=2 cfg=1 aw=1 unk=0
49460.145 [0] DBG_ANCHOR_CH5_SCAN_RESCHED ret=1 delay=380
49460.145 [0] DBG_STACK_RUN_DROP kind=anchor_scan owner=anchor_uwb_scan uptime=435847
49460.526 [0] DBG_ANCHOR_CH5_SCAN_HANDLER role=2
49460.554 [0] DBG_DWM_CH5_RX_HUNT_START acq=10 complete=1000 cap=1020
49460.554 [0] DBG_DWM_CH5_RX_HUNT_EMPTY s=436235 e=436245 ret=-116 sys=00000000 phy=2 cfg=1 aw=1 unk=0
49460.554 [0] DBG_ANCHOR_CH5_SCAN_RESCHED ret=1 delay=380
49460.939 [0] DBG_ANCHOR_CH5_SCAN_HANDLER role=2
49460.939 [0] DBG_ANCHOR_CH5_SCAN_ARM now=436626 win=10 complete=15 interval=380 wait=0 tx=0 response=0
49460.939 [0] DBG_DWM_CH5_RX_HUNT_START acq=10 complete=1000 cap=1020
49460.970 [0] DBG_DWM_CH5_RX_HUNT_EMPTY s=436635 e=436645 ret=-116 sys=00000000 phy=2 cfg=1 aw=1 unk=0
49460.970 [0] DBG_ANCHOR_CH5_SCAN_DONE ret=-116 len=0 fail=1 pre=0 q=0 rx_us=10711 complete=1000
49460.970 [0] DBG_ANCHOR_CH5_SCAN_RESCHED ret=1 delay=380
49461.328 [0] DBG_ANCHOR_CH5_SCAN_HANDLER role=2
49461.328 [0] DBG_DWM_CH5_RX_HUNT_START acq=10 complete=1000 cap=1020
49461.357 [0] DBG_DWM_CH5_RX_HUNT_EMPTY s=437035 e=437045 ret=-116 sys=00000000 phy=2 cfg=1 aw=1 unk=0
49461.357 [0] DBG_ANCHOR_CH5_SCAN_RESCHED ret=1 delay=380
49461.357 [0] DBG_STACK_RUN_DROP kind=anchor_scan owner=anchor_uwb_scan uptime=437047
49461.742 [0] DBG_ANCHOR_CH5_SCAN_HANDLER role=2
49461.742 [0] DBG_DWM_CH5_RX_HUNT_START acq=10 complete=1000 cap=1020
49461.742 [0] DBG_DWM_CH5_RX_HUNT_EMPTY s=437435 e=437445 ret=-116 sys=00000000 phy=2 cfg=1 aw=1 unk=0
49461.742 [0] DBG_ANCHOR_CH5_SCAN_RESCHED ret=1 delay=380
49462.128 [0] DBG_ANCHOR_CH5_SCAN_HANDLER role=2
49462.128 [0] DBG_ANCHOR_CH5_SCAN_ARM now=437827 win=10 complete=15 interval=380 wait=0 tx=0 response=0
49462.157 [0] DBG_DWM_CH5_RX_HUNT_START acq=10 complete=1000 cap=1020
49462.157 [0] DBG_DWM_CH5_RX_HUNT_EMPTY s=437835 e=437845 ret=-116 sys=00000000 phy=2 cfg=1 aw=1 unk=0
49462.157 [0] DBG_ANCHOR_CH5_SCAN_DONE ret=-116 len=0 fail=1 pre=0 q=0 rx_us=10528 complete=1000
49462.157 [0] DBG_ANCHOR_CH5_SCAN_RESCHED ret=1 delay=380
49462.541 [0] DBG_ANCHOR_CH5_SCAN_HANDLER role=2
49462.541 [0] DBG_DWM_CH5_RX_HUNT_START acq=10 complete=1000 cap=1020
49462.541 [0] DBG_DWM_CH5_RX_HUNT_EMPTY s=438235 e=438245 ret=-116 sys=00000000 phy=2 cfg=1 aw=1 unk=0
49462.570 [0] DBG_ANCHOR_CH5_SCAN_RESCHED ret=1 delay=380
49462.570 [0] DBG_STACK_RUN_DROP kind=anchor_scan owner=anchor_uwb_scan uptime=438247
49462.928 [0] DBG_ANCHOR_CH5_SCAN_HANDLER role=2
49462.957 [0] DBG_DWM_CH5_RX_HUNT_START acq=10 complete=1000 cap=1020
49462.957 [0] DBG_DWM_CH5_RX_HUNT_EMPTY s=438635 e=438645 ret=-116 sys=00000000 phy=2 cfg=1 aw=1 unk=0
49462.957 [0] DBG_ANCHOR_CH5_SCAN_RESCHED ret=1 delay=380
49463.344 [0] DBG_ANCHOR_CH5_SCAN_HANDLER role=2
49463.344 [0] DBG_ANCHOR_CH5_SCAN_ARM now=439027 win=10 complete=15 interval=380 wait=0 tx=0 response=0
49463.344 [0] DBG_DWM_CH5_RX_HUNT_START acq=10 complete=1000 cap=1020
49463.344 [0] DBG_DWM_CH5_RX_HUNT_EMPTY s=439035 e=439045 ret=-116 sys=00000000 phy=2 cfg=1 aw=1 unk=0
49463.344 [0] DBG_ANCHOR_CH5_SCAN_DONE ret=-116 len=0 fail=1 pre=0 q=0 rx_us=10528 complete=1000
49463.344 [0] DBG_ANCHOR_CH5_SCAN_RESCHED ret=1 delay=380
49463.730 [0] DBG_ANCHOR_CH5_SCAN_HANDLER role=2
49463.730 [0] DBG_DWM_CH5_RX_HUNT_START acq=10 complete=1000 cap=1020
49463.758 [0] DBG_DWM_CH5_RX_HUNT_EMPTY s=439435 e=439445 ret=-116 sys=00000000 phy=2 cfg=1 aw=1 unk=0
49463.758 [0] DBG_ANCHOR_CH5_SCAN_RESCHED ret=1 delay=380
49463.758 [0] DBG_STACK_RUN_DROP kind=anchor_scan owner=anchor_uwb_scan uptime=439447
49464.143 [0] DBG_ANCHOR_CH5_SCAN_HANDLER role=2
49464.143 [0] DBG_DWM_CH5_RX_HUNT_START acq=10 complete=1000 cap=1020
49464.143 [0] DBG_DWM_CH5_RX_HUNT_EMPTY s=439835 e=439845 ret=-116 sys=00000000 phy=2 cfg=1 aw=1 unk=0
49464.143 [0] DBG_ANCHOR_CH5_SCAN_RESCHED ret=1 delay=380
49464.524 [0] DBG_ANCHOR_CH5_SCAN_HANDLER role=2
49464.524 [0] DBG_ANCHOR_CH5_SCAN_ARM now=440227 win=10 complete=15 interval=380 wait=0 tx=0 response=0
49464.553 [0] DBG_DWM_CH5_RX_HUNT_START acq=10 complete=1000 cap=1020
49464.553 [0] DBG_DWM_CH5_RX_HUNT_EMPTY s=440235 e=440245 ret=-116 sys=00000000 phy=2 cfg=1 aw=1 unk=0
49464.553 [0] DBG_ANCHOR_CH5_SCAN_DONE ret=-116 len=0 fail=1 pre=0 q=0 rx_us=10803 complete=1000
49464.553 [0] DBG_ANCHOR_CH5_SCAN_RESCHED ret=1 delay=380
49464.937 [0] DBG_ANCHOR_CH5_SCAN_HANDLER role=2
49464.937 [0] DBG_DWM_CH5_RX_HUNT_START acq=10 complete=1000 cap=1020
49464.966 [0] DBG_DWM_CH5_RX_HUNT_EMPTY s=440635 e=440645 ret=-116 sys=00000000 phy=2 cfg=1 aw=1 unk=0
49464.966 [0] DBG_ANCHOR_CH5_SCAN_RESCHED ret=1 delay=380
49464.966 [0] DBG_STACK_RUN_DROP kind=anchor_scan owner=anchor_uwb_scan uptime=440646
49465.325 [0] DBG_ANCHOR_CH5_SCAN_HANDLER role=2
49465.353 [0] DBG_DWM_CH5_RX_HUNT_START acq=10 complete=1000 cap=1020
49465.353 [0] DBG_DWM_CH5_RX_HUNT_EMPTY s=441035 e=441045 ret=-116 sys=00000000 phy=2 cfg=1 aw=1 unk=0
49465.353 [0] DBG_ANCHOR_CH5_SCAN_RESCHED ret=1 delay=380
49465.738 [0] DBG_ANCHOR_CH5_SCAN_HANDLER role=2
49465.738 [0] DBG_ANCHOR_CH5_SCAN_ARM now=441427 win=10 complete=15 interval=380 wait=0 tx=0 response=0
49465.738 [0] DBG_DWM_CH5_RX_HUNT_START acq=10 complete=1000 cap=1020
49465.769 [0] DBG_DWM_CH5_RX_HUNT_EMPTY s=441435 e=441445 ret=-116 sys=00000000 phy=2 cfg=1 aw=1 unk=0
49465.769 [0] DBG_ANCHOR_CH5_SCAN_DONE ret=-116 len=0 fail=1 pre=0 q=0 rx_us=10528 complete=1000
49465.769 [0] DBG_ANCHOR_CH5_SCAN_RESCHED ret=1 delay=380
49466.130 [0] DBG_ANCHOR_CH5_SCAN_HANDLER role=2
49466.130 [0] DBG_DWM_CH5_RX_HUNT_START acq=10 complete=1000 cap=1020
49466.160 [0] DBG_DWM_CH5_RX_HUNT_EMPTY s=441835 e=441845 ret=-116 sys=00000000 phy=2 cfg=1 aw=1 unk=0
49466.160 [0] DBG_ANCHOR_CH5_SCAN_RESCHED ret=1 delay=380
49466.160 [0] DBG_STACK_RUN_DROP kind=anchor_scan owner=anchor_uwb_scan uptime=441847
49466.542 [0] DBG_ANCHOR_CH5_SCAN_HANDLER role=2
49466.542 [0] DBG_DWM_CH5_RX_HUNT_START acq=10 complete=1000 cap=1020
49466.542 [0] DBG_DWM_CH5_RX_HUNT_EMPTY s=442235 e=442245 ret=-116 sys=00000000 phy=2 cfg=1 aw=1 unk=0
49466.542 [0] DBG_ANCHOR_CH5_SCAN_RESCHED ret=1 delay=380
49466.928 [0] DBG_ANCHOR_CH5_SCAN_HANDLER role=2
49466.928 [0] DBG_ANCHOR_CH5_SCAN_ARM now=442627 win=10 complete=15 interval=380 wait=0 tx=0 response=0
49466.958 [0] DBG_DWM_CH5_RX_HUNT_START acq=10 complete=1000 cap=1020
49466.958 [0] DBG_DWM_CH5_RX_HUNT_EMPTY s=442635 e=442645 ret=-116 sys=00000000 phy=2 cfg=1 aw=1 unk=0
49466.958 [0] DBG_ANCHOR_CH5_SCAN_DONE ret=-116 len=0 fail=1 pre=0 q=0 rx_us=10528 complete=1000
49466.958 [0] DBG_ANCHOR_CH5_SCAN_RESCHED ret=1 delay=380
49467.345 [0] DBG_ANCHOR_CH5_SCAN_HANDLER role=2
49467.345 [0] DBG_DWM_CH5_RX_HUNT_START acq=10 complete=1000 cap=1020
49467.345 [0] DBG_DWM_CH5_RX_HUNT_EMPTY s=443035 e=443045 ret=-116 sys=00000000 phy=2 cfg=1 aw=1 unk=0
49467.345 [0] DBG_ANCHOR_CH5_SCAN_RESCHED ret=1 delay=380
49467.345 [0] DBG_STACK_RUN_DROP kind=anchor_scan owner=anchor_uwb_scan uptime=443047
49467.730 [0] DBG_ANCHOR_CH5_SCAN_HANDLER role=2
49467.730 [0] DBG_DWM_CH5_RX_HUNT_START acq=10 complete=1000 cap=1020
49467.758 [0] DBG_DWM_CH5_RX_HUNT_EMPTY s=443435 e=443445 ret=-116 sys=00000000 phy=2 cfg=1 aw=1 unk=0
49467.758 [0] DBG_ANCHOR_CH5_SCAN_RESCHED ret=1 delay=380
49468.144 [0] DBG_ANCHOR_CH5_SCAN_HANDLER role=2
49468.144 [0] DBG_ANCHOR_CH5_SCAN_ARM now=443827 win=10 complete=15 interval=380 wait=0 tx=0 response=0
49468.144 [0] DBG_DWM_CH5_RX_HUNT_START acq=10 complete=1000 cap=1020
49468.144 [0] DBG_DWM_CH5_RX_HUNT_EMPTY s=443835 e=443845 ret=-116 sys=00000000 phy=2 cfg=1 aw=1 unk=0
49468.144 [0] DBG_ANCHOR_CH5_SCAN_DONE ret=-116 len=0 fail=1 pre=0 q=0 rx_us=10528 complete=1000
49468.144 [0] DBG_ANCHOR_CH5_SCAN_RESCHED ret=1 delay=380
49468.527 [0] DBG_ANCHOR_CH5_SCAN_HANDLER role=2
49468.555 [0] DBG_DWM_CH5_RX_HUNT_START acq=10 complete=1000 cap=1020
49468.555 [0] DBG_DWM_CH5_RX_HUNT_EMPTY s=444235 e=444245 ret=-116 sys=00000000 phy=2 cfg=1 aw=1 unk=0
49468.555 [0] DBG_ANCHOR_CH5_SCAN_RESCHED ret=1 delay=380
49468.555 [0] DBG_STACK_RUN_DROP kind=anchor_scan owner=anchor_uwb_scan uptime=444247
49468.938 [0] DBG_ANCHOR_CH5_SCAN_HANDLER role=2
49468.938 [0] DBG_DWM_CH5_RX_HUNT_START acq=10 complete=1000 cap=1020
49468.938 [0] DBG_DWM_CH5_RX_HUNT_EMPTY s=444635 e=444645 ret=-116 sys=00000000 phy=2 cfg=1 aw=1 unk=0
49468.965 [0] DBG_ANCHOR_CH5_SCAN_RESCHED ret=1 delay=380
49469.324 [0] DBG_ANCHOR_CH5_SCAN_HANDLER role=2
49469.324 [0] DBG_ANCHOR_CH5_SCAN_ARM now=445027 win=10 complete=15 interval=380 wait=0 tx=0 response=0
49469.355 [0] DBG_DWM_CH5_RX_HUNT_START acq=10 complete=1000 cap=1020
49469.355 [0] DBG_DWM_CH5_RX_HUNT_EMPTY s=445035 e=445045 ret=-116 sys=00000000 phy=2 cfg=1 aw=1 unk=0
49469.355 [0] DBG_ANCHOR_CH5_SCAN_DONE ret=-116 len=0 fail=1 pre=0 q=0 rx_us=10528 complete=1000
49469.355 [0] DBG_ANCHOR_CH5_SCAN_RESCHED ret=1 delay=380
49469.739 [0] DBG_ANCHOR_CH5_SCAN_HANDLER role=2
49469.739 [0] DBG_DWM_CH5_RX_HUNT_START acq=10 complete=1000 cap=1020
49469.768 [0] DBG_DWM_CH5_RX_HUNT_EMPTY s=445435 e=445445 ret=-116 sys=00000000 phy=2 cfg=1 aw=1 unk=0
49469.768 [0] DBG_ANCHOR_CH5_SCAN_RESCHED ret=1 delay=380
49469.768 [0] DBG_STACK_RUN_DROP kind=anchor_scan owner=anchor_uwb_scan uptime=445447
49470.123 [0] DBG_ANCHOR_CH5_SCAN_HANDLER role=2
49470.155 [0] DBG_DWM_CH5_RX_HUNT_START acq=10 complete=1000 cap=1020
49470.155 [0] DBG_DWM_CH5_RX_HUNT_EMPTY s=445835 e=445845 ret=-116 sys=00000000 phy=2 cfg=1 aw=1 unk=0
49470.155 [0] DBG_ANCHOR_CH5_SCAN_RESCHED ret=1 delay=380
49470.542 [0] DBG_ANCHOR_CH5_SCAN_HANDLER role=2
49470.542 [0] DBG_ANCHOR_CH5_SCAN_ARM now=446227 win=10 complete=15 interval=380 wait=0 tx=0 response=0
49470.542 [0] DBG_DWM_CH5_RX_HUNT_START acq=10 complete=1000 cap=1020
49470.542 [0] DBG_DWM_CH5_RX_HUNT_EMPTY s=446235 e=446245 ret=-116 sys=00000000 phy=2 cfg=1 aw=1 unk=0
49470.542 [0] DBG_ANCHOR_CH5_SCAN_DONE ret=-116 len=0 fail=1 pre=0 q=0 rx_us=10803 complete=1000
49470.571 [0] DBG_ANCHOR_CH5_SCAN_RESCHED ret=1 delay=380
49470.928 [0] DBG_ANCHOR_CH5_SCAN_HANDLER role=2
49470.928 [0] DBG_DWM_CH5_RX_HUNT_START acq=10 complete=1000 cap=1020
49470.957 [0] DBG_DWM_CH5_RX_HUNT_EMPTY s=446635 e=446645 ret=-116 sys=00000000 phy=2 cfg=1 aw=1 unk=0
49470.957 [0] DBG_ANCHOR_CH5_SCAN_RESCHED ret=1 delay=380
49470.957 [0] DBG_STACK_RUN_DROP kind=anchor_scan owner=anchor_uwb_scan uptime=446646
49471.343 [0] DBG_ANCHOR_CH5_SCAN_HANDLER role=2
49471.343 [0] DBG_DWM_CH5_RX_HUNT_START acq=10 complete=1000 cap=1020
49471.343 [0] DBG_DWM_CH5_RX_HUNT_EMPTY s=447035 e=447045 ret=-116 sys=00000000 phy=2 cfg=1 aw=1 unk=0
49471.343 [0] DBG_ANCHOR_CH5_SCAN_RESCHED ret=1 delay=380
49471.731 [0] DBG_ANCHOR_CH5_SCAN_HANDLER role=2
49471.731 [0] DBG_ANCHOR_CH5_SCAN_ARM now=447427 win=10 complete=15 interval=380 wait=0 tx=0 response=0
49471.731 [0] DBG_DWM_CH5_RX_HUNT_START acq=10 complete=1000 cap=1020
49471.761 [0] DBG_DWM_CH5_RX_HUNT_EMPTY s=447435 e=447445 ret=-116 sys=00000000 phy=2 cfg=1 aw=1 unk=0
49471.761 [0] DBG_ANCHOR_CH5_SCAN_DONE ret=-116 len=0 fail=1 pre=0 q=0 rx_us=10528 complete=1000
49471.761 [0] DBG_ANCHOR_CH5_SCAN_RESCHED ret=1 delay=380
49472.145 [0] DBG_ANCHOR_CH5_SCAN_HANDLER role=2
49472.145 [0] DBG_DWM_CH5_RX_HUNT_START acq=10 complete=1000 cap=1020
49472.145 [0] DBG_DWM_CH5_RX_HUNT_EMPTY s=447835 e=447845 ret=-116 sys=00000000 phy=2 cfg=1 aw=1 unk=0
49472.145 [0] DBG_ANCHOR_CH5_SCAN_RESCHED ret=1 delay=380
49472.145 [0] DBG_STACK_RUN_DROP kind=anchor_scan owner=anchor_uwb_scan uptime=447847
49472.531 [0] DBG_ANCHOR_CH5_SCAN_HANDLER role=2
49472.531 [0] DBG_DWM_CH5_RX_HUNT_START acq=10 complete=1000 cap=1020
49472.560 [0] DBG_DWM_CH5_RX_HUNT_EMPTY s=448235 e=448245 ret=-116 sys=00000000 phy=2 cfg=1 aw=1 unk=0
49472.560 [0] DBG_ANCHOR_CH5_SCAN_RESCHED ret=1 delay=380
49472.921 [0] DBG_ANCHOR_CH5_SCAN_HANDLER role=2
49472.921 [0] DBG_ANCHOR_CH5_SCAN_ARM now=448626 win=10 complete=15 interval=380 wait=0 tx=0 response=0
49472.949 [0] DBG_DWM_CH5_RX_HUNT_START acq=10 complete=1000 cap=1020
49472.949 [0] DBG_DWM_CH5_RX_HUNT_EMPTY s=448635 e=448645 ret=-116 sys=00000000 phy=2 cfg=1 aw=1 unk=0
49472.949 [0] DBG_ANCHOR_CH5_SCAN_DONE ret=-116 len=0 fail=1 pre=0 q=0 rx_us=10711 complete=1000
49472.949 [0] DBG_ANCHOR_CH5_SCAN_RESCHED ret=1 delay=380
49473.333 [0] DBG_ANCHOR_CH5_SCAN_HANDLER role=2
49473.333 [0] DBG_DWM_CH5_RX_HUNT_START acq=10 complete=1000 cap=1020
49473.362 [0] DBG_DWM_CH5_RX_HUNT_EMPTY s=449035 e=449045 ret=-116 sys=00000000 phy=2 cfg=1 aw=1 unk=0
49473.362 [0] DBG_ANCHOR_CH5_SCAN_RESCHED ret=1 delay=380
49473.362 [0] DBG_STACK_RUN_DROP kind=anchor_scan owner=anchor_uwb_scan uptime=449047
49473.723 [0] DBG_ANCHOR_CH5_SCAN_HANDLER role=2
49473.750 [0] DBG_DWM_CH5_RX_HUNT_START acq=10 complete=1000 cap=1020
49473.750 [0] DBG_DWM_CH5_RX_HUNT_EMPTY s=449435 e=449445 ret=-116 sys=00000000 phy=2 cfg=1 aw=1 unk=0
49473.750 [0] DBG_ANCHOR_CH5_SCAN_RESCHED ret=1 delay=380
49474.131 [0] DBG_ANCHOR_CH5_SCAN_HANDLER role=2
49474.131 [0] DBG_ANCHOR_CH5_SCAN_ARM now=449827 win=10 complete=15 interval=380 wait=0 tx=0 response=0
49474.131 [0] DBG_DWM_CH5_RX_HUNT_START acq=10 complete=1000 cap=1020
49474.160 [0] DBG_DWM_CH5_RX_HUNT_EMPTY s=449835 e=449845 ret=-116 sys=00000000 phy=2 cfg=1 aw=1 unk=0
49474.160 [0] DBG_ANCHOR_CH5_SCAN_DONE ret=-116 len=0 fail=1 pre=0 q=0 rx_us=10528 complete=1000
49474.160 [0] DBG_ANCHOR_CH5_SCAN_RESCHED ret=1 delay=380
49474.520 [0] DBG_ANCHOR_CH5_SCAN_HANDLER role=2
49474.548 [0] DBG_DWM_CH5_RX_HUNT_START acq=10 complete=1000 cap=1020
49474.548 [0] DBG_DWM_CH5_RX_HUNT_EMPTY s=450235 e=450245 ret=-116 sys=00000000 phy=2 cfg=1 aw=1 unk=0
49474.548 [0] DBG_ANCHOR_CH5_SCAN_RESCHED ret=1 delay=380
49474.548 [0] DBG_STACK_RUN_DROP kind=anchor_scan owner=anchor_uwb_scan uptime=450247
49474.933 [0] DBG_ANCHOR_CH5_SCAN_HANDLER role=2
49474.933 [0] DBG_DWM_CH5_RX_HUNT_START acq=10 complete=1000 cap=1020
49474.960 [0] DBG_DWM_CH5_RX_HUNT_EMPTY s=450635 e=450645 ret=-116 sys=00000000 phy=2 cfg=1 aw=1 unk=0
49474.960 [0] DBG_ANCHOR_CH5_SCAN_RESCHED ret=1 delay=380
49475.321 [0] DBG_ANCHOR_CH5_SCAN_HANDLER role=2
49475.321 [0] DBG_ANCHOR_CH5_SCAN_ARM now=451027 win=10 complete=15 interval=380 wait=0 tx=0 response=0
49475.351 [0] DBG_DWM_CH5_RX_HUNT_START acq=10 complete=1000 cap=1020
49475.351 [0] DBG_DWM_CH5_RX_HUNT_EMPTY s=451035 e=451045 ret=-116 sys=00000000 phy=2 cfg=1 aw=1 unk=0
49475.351 [0] DBG_ANCHOR_CH5_SCAN_DONE ret=-116 len=0 fail=1 pre=0 q=0 rx_us=10528 complete=1000
49475.351 [0] DBG_ANCHOR_CH5_SCAN_RESCHED ret=1 delay=380
49475.736 [0] DBG_ANCHOR_CH5_SCAN_HANDLER role=2
49475.736 [0] DBG_DWM_CH5_RX_HUNT_START acq=10 complete=1000 cap=1020
49475.765 [0] DBG_DWM_CH5_RX_HUNT_EMPTY s=451435 e=451445 ret=-116 sys=00000000 phy=2 cfg=1 aw=1 unk=0
49475.765 [0] DBG_ANCHOR_CH5_SCAN_RESCHED ret=1 delay=380
49475.765 [0] DBG_STACK_RUN_DROP kind=anchor_scan owner=anchor_uwb_scan uptime=451447
49476.123 [0] DBG_ANCHOR_CH5_SCAN_HANDLER role=2
49476.152 [0] DBG_DWM_CH5_RX_HUNT_START acq=10 complete=1000 cap=1020
49476.152 [0] DBG_DWM_CH5_RX_HUNT_EMPTY s=451835 e=451845 ret=-116 sys=00000000 phy=2 cfg=1 aw=1 unk=0
49476.152 [0] DBG_ANCHOR_CH5_SCAN_RESCHED ret=1 delay=380
49476.536 [0] DBG_ANCHOR_CH5_SCAN_HANDLER role=2
49476.536 [0] DBG_ANCHOR_CH5_SCAN_ARM now=452226 win=10 complete=15 interval=380 wait=0 tx=0 response=0
49476.536 [0] DBG_DWM_CH5_RX_HUNT_START acq=10 complete=1000 cap=1020
49476.567 [0] DBG_DWM_CH5_RX_HUNT_EMPTY s=452235 e=452245 ret=-116 sys=00000000 phy=2 cfg=1 aw=1 unk=0
49476.567 [0] DBG_ANCHOR_CH5_SCAN_DONE ret=-116 len=0 fail=1 pre=0 q=0 rx_us=10986 complete=1000
49476.567 [0] DBG_ANCHOR_CH5_SCAN_RESCHED ret=1 delay=380
49476.929 [0] DBG_ANCHOR_CH5_SCAN_HANDLER role=2
49476.929 [0] DBG_DWM_CH5_RX_HUNT_START acq=10 complete=1000 cap=1020
49476.958 [0] DBG_DWM_CH5_RX_HUNT_EMPTY s=452635 e=452645 ret=-116 sys=00000000 phy=2 cfg=1 aw=1 unk=0
49476.958 [0] DBG_ANCHOR_CH5_SCAN_RESCHED ret=1 delay=380
49476.958 [0] DBG_STACK_RUN_DROP kind=anchor_scan owner=anchor_uwb_scan uptime=452646
49477.345 [0] DBG_ANCHOR_CH5_SCAN_HANDLER role=2
49477.345 [0] DBG_DWM_CH5_RX_HUNT_START acq=10 complete=1000 cap=1020
49477.345 [0] DBG_DWM_CH5_RX_HUNT_EMPTY s=453035 e=453045 ret=-116 sys=00000000 phy=2 cfg=1 aw=1 unk=0
49477.345 [0] DBG_ANCHOR_CH5_SCAN_RESCHED ret=1 delay=380
49477.729 [0] DBG_ANCHOR_CH5_SCAN_HANDLER role=2
49477.729 [0] DBG_ANCHOR_CH5_SCAN_ARM now=453427 win=10 complete=15 interval=380 wait=0 tx=0 response=0
49477.729 [0] DBG_DWM_CH5_RX_HUNT_START acq=10 complete=1000 cap=1020
49477.758 [0] DBG_DWM_CH5_RX_HUNT_EMPTY s=453435 e=453445 ret=-116 sys=00000000 phy=2 cfg=1 aw=1 unk=0
49477.758 [0] DBG_ANCHOR_CH5_SCAN_DONE ret=-116 len=0 fail=1 pre=0 q=0 rx_us=10528 complete=1000
49477.758 [0] DBG_ANCHOR_CH5_SCAN_RESCHED ret=1 delay=380
49478.138 [0] DBG_ANCHOR_CH5_SCAN_HANDLER role=2
49478.138 [0] DBG_DWM_CH5_RX_HUNT_START acq=10 complete=1000 cap=1020
49478.138 [0] DBG_DWM_CH5_RX_HUNT_EMPTY s=453835 e=453845 ret=-116 sys=00000000 phy=2 cfg=1 aw=1 unk=0
49478.166 [0] DBG_ANCHOR_CH5_SCAN_RESCHED ret=1 delay=380
49478.166 [0] DBG_STACK_RUN_DROP kind=anchor_scan owner=anchor_uwb_scan uptime=453847
49478.525 [0] DBG_ANCHOR_CH5_SCAN_HANDLER role=2
49478.553 [0] DBG_DWM_CH5_RX_HUNT_START acq=10 complete=1000 cap=1020
49478.553 [0] DBG_DWM_CH5_RX_HUNT_EMPTY s=454235 e=454245 ret=-116 sys=00000000 phy=2 cfg=1 aw=1 unk=0
49478.553 [0] DBG_ANCHOR_CH5_SCAN_RESCHED ret=1 delay=380
49478.938 [0] DBG_ANCHOR_CH5_SCAN_HANDLER role=2
49478.938 [0] DBG_ANCHOR_CH5_SCAN_ARM now=454627 win=10 complete=15 interval=380 wait=0 tx=0 response=0
49478.938 [0] DBG_DWM_CH5_RX_HUNT_START acq=10 complete=1000 cap=1020
49478.968 [0] DBG_DWM_CH5_RX_HUNT_EMPTY s=454635 e=454645 ret=-116 sys=00000000 phy=2 cfg=1 aw=1 unk=0
49478.968 [0] DBG_ANCHOR_CH5_SCAN_DONE ret=-116 len=0 fail=1 pre=0 q=0 rx_us=10528 complete=1000
49478.968 [0] DBG_ANCHOR_CH5_SCAN_RESCHED ret=1 delay=380
49479.329 [0] DBG_ANCHOR_CH5_SCAN_HANDLER role=2
49479.329 [0] DBG_DWM_CH5_RX_HUNT_START acq=10 complete=1000 cap=1020
49479.356 [0] DBG_DWM_CH5_RX_HUNT_EMPTY s=455035 e=455045 ret=-116 sys=00000000 phy=2 cfg=1 aw=1 unk=0
49479.356 [0] DBG_ANCHOR_CH5_SCAN_RESCHED ret=1 delay=380
49479.356 [0] DBG_STACK_RUN_DROP kind=anchor_scan owner=anchor_uwb_scan uptime=455047
49479.742 [0] DBG_ANCHOR_CH5_SCAN_HANDLER role=2
49479.742 [0] DBG_DWM_CH5_RX_HUNT_START acq=10 complete=1000 cap=1020
49479.742 [0] DBG_DWM_CH5_RX_HUNT_EMPTY s=455435 e=455445 ret=-116 sys=00000000 phy=2 cfg=1 aw=1 unk=0
49479.742 [0] DBG_ANCHOR_CH5_SCAN_RESCHED ret=1 delay=380
49480.125 [0] DBG_ANCHOR_CH5_SCAN_HANDLER role=2
49480.125 [0] DBG_ANCHOR_CH5_SCAN_ARM now=455826 win=10 complete=15 interval=380 wait=0 tx=0 response=0
49480.154 [0] DBG_DWM_CH5_RX_HUNT_START acq=10 complete=1000 cap=1020
49480.154 [0] DBG_DWM_CH5_RX_HUNT_EMPTY s=455835 e=455845 ret=-116 sys=00000000 phy=2 cfg=1 aw=1 unk=0
49480.154 [0] DBG_ANCHOR_CH5_SCAN_DONE ret=-116 len=0 fail=1 pre=0 q=0 rx_us=10498 complete=1000
49480.154 [0] DBG_ANCHOR_CH5_SCAN_RESCHED ret=1 delay=380
49480.539 [0] DBG_ANCHOR_CH5_SCAN_HANDLER role=2
49480.539 [0] DBG_DWM_CH5_RX_HUNT_START acq=10 complete=1000 cap=1020
49480.569 [0] DBG_DWM_CH5_RX_HUNT_EMPTY s=456235 e=456245 ret=-116 sys=00000000 phy=2 cfg=1 aw=1 unk=0
49480.569 [0] DBG_ANCHOR_CH5_SCAN_RESCHED ret=1 delay=380
49480.569 [0] DBG_STACK_RUN_DROP kind=anchor_scan owner=anchor_uwb_scan uptime=456246
49480.929 [0] DBG_ANCHOR_CH5_SCAN_HANDLER role=2
49480.929 [0] DBG_DWM_CH5_RX_HUNT_START acq=10 complete=1000 cap=1020
49480.957 [0] DBG_DWM_CH5_RX_HUNT_EMPTY s=456635 e=456645 ret=-116 sys=00000000 phy=2 cfg=1 aw=1 unk=0
49480.957 [0] DBG_ANCHOR_CH5_SCAN_RESCHED ret=1 delay=380
49481.346 [0] DBG_ANCHOR_CH5_SCAN_HANDLER role=2
49481.346 [0] DBG_ANCHOR_CH5_SCAN_ARM now=457027 win=10 complete=15 interval=380 wait=0 tx=0 response=0
49481.346 [0] DBG_DWM_CH5_RX_HUNT_START acq=10 complete=1000 cap=1020
49481.346 [0] DBG_DWM_CH5_RX_HUNT_EMPTY s=457035 e=457045 ret=-116 sys=00000000 phy=2 cfg=1 aw=1 unk=0
49481.346 [0] DBG_ANCHOR_CH5_SCAN_DONE ret=-116 len=0 fail=1 pre=0 q=0 rx_us=10528 complete=1000
49481.346 [0] DBG_ANCHOR_CH5_SCAN_RESCHED ret=1 delay=380
49481.731 [0] DBG_ANCHOR_CH5_SCAN_HANDLER role=2
49481.731 [0] DBG_DWM_CH5_RX_HUNT_START acq=10 complete=1000 cap=1020
49481.760 [0] DBG_DWM_CH5_RX_HUNT_EMPTY s=457435 e=457445 ret=-116 sys=00000000 phy=2 cfg=1 aw=1 unk=0
49481.760 [0] DBG_ANCHOR_CH5_SCAN_RESCHED ret=1 delay=380
49481.760 [0] DBG_STACK_RUN_DROP kind=anchor_scan owner=anchor_uwb_scan uptime=457446
49482.143 [0] DBG_ANCHOR_CH5_SCAN_HANDLER role=2
49482.143 [0] DBG_DWM_CH5_RX_HUNT_START acq=10 complete=1000 cap=1020
49482.143 [0] DBG_DWM_CH5_RX_HUNT_EMPTY s=457835 e=457845 ret=-116 sys=00000000 phy=2 cfg=1 aw=1 unk=0
49482.143 [0] DBG_ANCHOR_CH5_SCAN_RESCHED ret=1 delay=380
49482.528 [0] DBG_ANCHOR_CH5_SCAN_HANDLER role=2
49482.528 [0] DBG_ANCHOR_CH5_SCAN_ARM now=458227 win=10 complete=15 interval=380 wait=0 tx=0 response=0
49482.555 [0] DBG_DWM_CH5_RX_HUNT_START acq=10 complete=1000 cap=1020
49482.555 [0] DBG_DWM_CH5_RX_HUNT_EMPTY s=458235 e=458245 ret=-116 sys=00000000 phy=2 cfg=1 aw=1 unk=0
49482.555 [0] DBG_ANCHOR_CH5_SCAN_DONE ret=-116 len=0 fail=1 pre=0 q=0 rx_us=10803 complete=1000
49482.555 [0] DBG_ANCHOR_CH5_SCAN_RESCHED ret=1 delay=380
49482.943 [0] DBG_ANCHOR_CH5_SCAN_HANDLER role=2
49482.943 [0] DBG_DWM_CH5_RX_HUNT_START acq=10 complete=1000 cap=1020
49482.943 [0] DBG_DWM_CH5_RX_HUNT_EMPTY s=458635 e=458645 ret=-116 sys=00000000 phy=2 cfg=1 aw=1 unk=0
49482.943 [0] DBG_ANCHOR_CH5_SCAN_RESCHED ret=1 delay=380
49482.943 [0] DBG_STACK_RUN_DROP kind=anchor_scan owner=anchor_uwb_scan uptime=458646
49483.328 [0] DBG_ANCHOR_CH5_SCAN_HANDLER role=2
49483.356 [0] DBG_DWM_CH5_RX_HUNT_START acq=10 complete=1000 cap=1020
49483.356 [0] DBG_DWM_CH5_RX_HUNT_EMPTY s=459035 e=459045 ret=-116 sys=00000000 phy=2 cfg=1 aw=1 unk=0
49483.356 [0] DBG_ANCHOR_CH5_SCAN_RESCHED ret=1 delay=380
49483.742 [0] DBG_ANCHOR_CH5_SCAN_HANDLER role=2
49483.742 [0] DBG_ANCHOR_CH5_SCAN_ARM now=459427 win=10 complete=15 interval=380 wait=0 tx=0 response=0
49483.742 [0] DBG_DWM_CH5_RX_HUNT_START acq=10 complete=1000 cap=1020
49483.742 [0] DBG_DWM_CH5_RX_HUNT_EMPTY s=459435 e=459445 ret=-116 sys=00000000 phy=2 cfg=1 aw=1 unk=0
49483.742 [0] DBG_ANCHOR_CH5_SCAN_DONE ret=-116 len=0 fail=1 pre=0 q=0 rx_us=10528 complete=1000
49483.742 [0] DBG_ANCHOR_CH5_SCAN_RESCHED ret=1 delay=380
49484.123 [0] DBG_ANCHOR_CH5_SCAN_HANDLER role=2
49484.152 [0] DBG_DWM_CH5_RX_HUNT_START acq=10 complete=1000 cap=1020
49484.152 [0] DBG_DWM_CH5_RX_HUNT_EMPTY s=459835 e=459845 ret=-116 sys=00000000 phy=2 cfg=1 aw=1 unk=0
49484.152 [0] DBG_ANCHOR_CH5_SCAN_RESCHED ret=1 delay=380
49484.152 [0] DBG_STACK_RUN_DROP kind=anchor_scan owner=anchor_uwb_scan uptime=459847
49484.537 [0] DBG_ANCHOR_CH5_SCAN_HANDLER role=2
49484.537 [0] DBG_DWM_CH5_RX_HUNT_START acq=10 complete=1000 cap=1020
49484.564 [0] DBG_DWM_CH5_RX_HUNT_EMPTY s=460235 e=460245 ret=-116 sys=00000000 phy=2 cfg=1 aw=1 unk=0
49484.564 [0] DBG_ANCHOR_CH5_SCAN_RESCHED ret=1 delay=380
49484.925 [0] DBG_ANCHOR_CH5_SCAN_HANDLER role=2
49484.925 [0] DBG_ANCHOR_CH5_SCAN_ARM now=460627 win=10 complete=15 interval=380 wait=0 tx=0 response=0
49484.954 [0] DBG_DWM_CH5_RX_HUNT_START acq=10 complete=1000 cap=1020
49484.954 [0] DBG_DWM_CH5_RX_HUNT_EMPTY s=460635 e=460645 ret=-116 sys=00000000 phy=2 cfg=1 aw=1 unk=0
49484.954 [0] DBG_ANCHOR_CH5_SCAN_DONE ret=-116 len=0 fail=1 pre=0 q=0 rx_us=10528 complete=1000
49484.954 [0] DBG_ANCHOR_CH5_SCAN_RESCHED ret=1 delay=380
49485.340 [0] DBG_ANCHOR_CH5_SCAN_HANDLER role=2
49485.340 [0] DBG_DWM_CH5_RX_HUNT_START acq=10 complete=1000 cap=1020
49485.340 [0] DBG_DWM_CH5_RX_HUNT_EMPTY s=461035 e=461045 ret=-116 sys=00000000 phy=2 cfg=1 aw=1 unk=0
49485.369 [0] DBG_ANCHOR_CH5_SCAN_RESCHED ret=1 delay=380
49485.369 [0] DBG_STACK_RUN_DROP kind=anchor_scan owner=anchor_uwb_scan uptime=461047
49485.724 [0] DBG_ANCHOR_CH5_SCAN_HANDLER role=2
49485.755 [0] DBG_DWM_CH5_RX_HUNT_START acq=10 complete=1000 cap=1020
49485.755 [0] DBG_DWM_CH5_RX_HUNT_EMPTY s=461435 e=461445 ret=-116 sys=00000000 phy=2 cfg=1 aw=1 unk=0
49485.755 [0] DBG_ANCHOR_CH5_SCAN_RESCHED ret=1 delay=380
49486.137 [0] DBG_ANCHOR_CH5_SCAN_HANDLER role=2
49486.137 [0] DBG_ANCHOR_CH5_SCAN_ARM now=461826 win=10 complete=15 interval=380 wait=0 tx=0 response=0
49486.137 [0] DBG_DWM_CH5_RX_HUNT_START acq=10 complete=1000 cap=1020
49486.168 [0] DBG_DWM_CH5_RX_HUNT_EMPTY s=461835 e=461845 ret=-116 sys=00000000 phy=2 cfg=1 aw=1 unk=0
49486.168 [0] DBG_ANCHOR_CH5_SCAN_DONE ret=-116 len=0 fail=1 pre=0 q=0 rx_us=10925 complete=1000
49486.168 [0] DBG_ANCHOR_CH5_SCAN_RESCHED ret=1 delay=380
49486.528 [0] DBG_ANCHOR_CH5_SCAN_HANDLER role=2
49486.558 [0] DBG_DWM_CH5_RX_HUNT_START acq=10 complete=1000 cap=1020
49486.558 [0] DBG_DWM_CH5_RX_HUNT_EMPTY s=462235 e=462245 ret=-116 sys=00000000 phy=2 cfg=1 aw=1 unk=0
49486.558 [0] DBG_ANCHOR_CH5_SCAN_RESCHED ret=1 delay=380
49486.558 [0] DBG_STACK_RUN_DROP kind=anchor_scan owner=anchor_uwb_scan uptime=462246
49486.944 [0] DBG_ANCHOR_CH5_SCAN_HANDLER role=2
49486.944 [0] DBG_DWM_CH5_RX_HUNT_START acq=10 complete=1000 cap=1020
49486.944 [0] DBG_DWM_CH5_RX_HUNT_EMPTY s=462635 e=462645 ret=-116 sys=00000000 phy=2 cfg=1 aw=1 unk=0
49486.944 [0] DBG_ANCHOR_CH5_SCAN_RESCHED ret=1 delay=380
49487.329 [0] DBG_ANCHOR_CH5_SCAN_HANDLER role=2
49487.329 [0] DBG_ANCHOR_CH5_SCAN_ARM now=463027 win=10 complete=15 interval=380 wait=0 tx=0 response=0
49487.358 [0] DBG_DWM_CH5_RX_HUNT_START acq=10 complete=1000 cap=1020
49487.358 [0] DBG_DWM_CH5_RX_HUNT_EMPTY s=463035 e=463045 ret=-116 sys=00000000 phy=2 cfg=1 aw=1 unk=0
49487.358 [0] DBG_ANCHOR_CH5_SCAN_DONE ret=-116 len=0 fail=1 pre=0 q=0 rx_us=10498 complete=1000
49487.358 [0] DBG_ANCHOR_CH5_SCAN_RESCHED ret=1 delay=380
49487.739 [0] DBG_ANCHOR_CH5_SCAN_HANDLER role=2
49487.739 [0] DBG_DWM_CH5_RX_HUNT_START acq=10 complete=1000 cap=1020
49487.739 [0] DBG_DWM_CH5_RX_HUNT_EMPTY s=463435 e=463445 ret=-116 sys=00000000 phy=2 cfg=1 aw=1 unk=0
49487.770 [0] DBG_ANCHOR_CH5_SCAN_RESCHED ret=1 delay=380
49487.770 [0] DBG_STACK_RUN_DROP kind=anchor_scan owner=anchor_uwb_scan uptime=463446
49488.125 [0] DBG_ANCHOR_CH5_SCAN_HANDLER role=2
49488.153 [0] DBG_DWM_CH5_RX_HUNT_START acq=10 complete=1000 cap=1020
49488.153 [0] DBG_DWM_CH5_RX_HUNT_EMPTY s=463835 e=463845 ret=-116 sys=00000000 phy=2 cfg=1 aw=1 unk=0
49488.153 [0] DBG_ANCHOR_CH5_SCAN_RESCHED ret=1 delay=380
49488.536 [0] DBG_ANCHOR_CH5_SCAN_HANDLER role=2
49488.536 [0] DBG_ANCHOR_CH5_SCAN_ARM now=464227 win=10 complete=15 interval=380 wait=0 tx=0 response=0
49488.536 [0] DBG_DWM_CH5_RX_HUNT_START acq=10 complete=1000 cap=1020
49488.565 [0] DBG_DWM_CH5_RX_HUNT_EMPTY s=464235 e=464245 ret=-116 sys=00000000 phy=2 cfg=1 aw=1 unk=0
49488.565 [0] DBG_ANCHOR_CH5_SCAN_DONE ret=-116 len=0 fail=1 pre=0 q=0 rx_us=10803 complete=1000
49488.565 [0] DBG_ANCHOR_CH5_SCAN_RESCHED ret=1 delay=380
49488.925 [0] DBG_ANCHOR_CH5_SCAN_HANDLER role=2
49488.952 [0] DBG_DWM_CH5_RX_HUNT_START acq=10 complete=1000 cap=1020
49488.952 [0] DBG_DWM_CH5_RX_HUNT_EMPTY s=464635 e=464645 ret=-116 sys=00000000 phy=2 cfg=1 aw=1 unk=0
49488.952 [0] DBG_ANCHOR_CH5_SCAN_RESCHED ret=1 delay=380
49488.952 [0] DBG_STACK_RUN_DROP kind=anchor_scan owner=anchor_uwb_scan uptime=464647
49489.337 [0] DBG_ANCHOR_CH5_SCAN_HANDLER role=2
49489.337 [0] DBG_DWM_CH5_RX_HUNT_START acq=10 complete=1000 cap=1020
49489.366 [0] DBG_DWM_CH5_RX_HUNT_EMPTY s=465035 e=465045 ret=-116 sys=00000000 phy=2 cfg=1 aw=1 unk=0
49489.366 [0] DBG_ANCHOR_CH5_SCAN_RESCHED ret=1 delay=380
49489.724 [0] DBG_ANCHOR_CH5_SCAN_HANDLER role=2
49489.724 [0] DBG_ANCHOR_CH5_SCAN_ARM now=465427 win=10 complete=15 interval=380 wait=0 tx=0 response=0
49489.754 [0] DBG_DWM_CH5_RX_HUNT_START acq=10 complete=1000 cap=1020
49489.754 [0] DBG_DWM_CH5_RX_HUNT_EMPTY s=465435 e=465445 ret=-116 sys=00000000 phy=2 cfg=1 aw=1 unk=0
49489.754 [0] DBG_ANCHOR_CH5_SCAN_DONE ret=-116 len=0 fail=1 pre=0 q=0 rx_us=10528 complete=1000
49489.754 [0] DBG_ANCHOR_CH5_SCAN_RESCHED ret=1 delay=380
49490.139 [0] DBG_ANCHOR_CH5_SCAN_HANDLER role=2
49490.139 [0] DBG_DWM_CH5_RX_HUNT_START acq=10 complete=1000 cap=1020
49490.169 [0] DBG_DWM_CH5_RX_HUNT_EMPTY s=465835 e=465845 ret=-116 sys=00000000 phy=2 cfg=1 aw=1 unk=0
49490.169 [0] DBG_ANCHOR_CH5_SCAN_RESCHED ret=1 delay=380
49490.169 [0] DBG_STACK_RUN_DROP kind=anchor_scan owner=anchor_uwb_scan uptime=465847
49490.526 [0] DBG_ANCHOR_CH5_SCAN_HANDLER role=2
49490.555 [0] DBG_DWM_CH5_RX_HUNT_START acq=10 complete=1000 cap=1020
49490.555 [0] DBG_DWM_CH5_RX_HUNT_EMPTY s=466235 e=466245 ret=-116 sys=00000000 phy=2 cfg=1 aw=1 unk=0
49490.555 [0] DBG_ANCHOR_CH5_SCAN_RESCHED ret=1 delay=380
49490.943 [0] DBG_ANCHOR_CH5_SCAN_HANDLER role=2
49490.943 [0] DBG_ANCHOR_CH5_SCAN_ARM now=466626 win=10 complete=15 interval=380 wait=0 tx=0 response=0
49490.943 [0] DBG_DWM_CH5_RX_HUNT_START acq=10 complete=1000 cap=1020
49490.943 [0] DBG_DWM_CH5_RX_HUNT_EMPTY s=466635 e=466645 ret=-116 sys=00000000 phy=2 cfg=1 aw=1 unk=0
49490.943 [0] DBG_ANCHOR_CH5_SCAN_DONE ret=-116 len=0 fail=1 pre=0 q=0 rx_us=10711 complete=1000
49490.943 [0] DBG_ANCHOR_CH5_SCAN_RESCHED ret=1 delay=380
49491.330 [0] DBG_ANCHOR_CH5_SCAN_HANDLER role=2
49491.330 [0] DBG_DWM_CH5_RX_HUNT_START acq=10 complete=1000 cap=1020
49491.359 [0] DBG_DWM_CH5_RX_HUNT_EMPTY s=467035 e=467045 ret=-116 sys=00000000 phy=2 cfg=1 aw=1 unk=0
49491.359 [0] DBG_ANCHOR_CH5_SCAN_RESCHED ret=1 delay=380
49491.359 [0] DBG_STACK_RUN_DROP kind=anchor_scan owner=anchor_uwb_scan uptime=467047
49491.742 [0] DBG_ANCHOR_CH5_SCAN_HANDLER role=2
49491.742 [0] DBG_DWM_CH5_RX_HUNT_START acq=10 complete=1000 cap=1020
49491.742 [0] DBG_DWM_CH5_RX_HUNT_EMPTY s=467435 e=467445 ret=-116 sys=00000000 phy=2 cfg=1 aw=1 unk=0
49491.742 [0] DBG_ANCHOR_CH5_SCAN_RESCHED ret=1 delay=380
49492.127 [0] DBG_ANCHOR_CH5_SCAN_HANDLER role=2
49492.127 [0] DBG_ANCHOR_CH5_SCAN_ARM now=467827 win=10 complete=15 interval=380 wait=0 tx=0 response=0
49492.156 [0] DBG_DWM_CH5_RX_HUNT_START acq=10 complete=1000 cap=1020
49492.156 [0] DBG_DWM_CH5_RX_HUNT_EMPTY s=467835 e=467845 ret=-116 sys=00000000 phy=2 cfg=1 aw=1 unk=0
49492.156 [0] DBG_ANCHOR_CH5_SCAN_DONE ret=-116 len=0 fail=1 pre=0 q=0 rx_us=10528 complete=1000
49492.156 [0] DBG_ANCHOR_CH5_SCAN_RESCHED ret=1 delay=380
49492.541 [0] DBG_ANCHOR_CH5_SCAN_HANDLER role=2
49492.541 [0] DBG_DWM_CH5_RX_HUNT_START acq=10 complete=1000 cap=1020
49492.541 [0] DBG_DWM_CH5_RX_HUNT_EMPTY s=468235 e=468245 ret=-116 sys=00000000 phy=2 cfg=1 aw=1 unk=0
49492.541 [0] DBG_ANCHOR_CH5_SCAN_RESCHED ret=1 delay=380
49492.541 [0] DBG_STACK_RUN_DROP kind=anchor_scan owner=anchor_uwb_scan uptime=468247
49492.925 [0] DBG_ANCHOR_CH5_SCAN_HANDLER role=2
49492.952 [0] DBG_DWM_CH5_RX_HUNT_START acq=10 complete=1000 cap=1020
49492.952 [0] DBG_DWM_CH5_RX_HUNT_EMPTY s=468635 e=468645 ret=-116 sys=00000000 phy=2 cfg=1 aw=1 unk=0
49492.952 [0] DBG_ANCHOR_CH5_SCAN_RESCHED ret=1 delay=380
