89419.319 [0] DBG_STACK_BOOT preset=mesh_anchor_forcedhop build=imec-stack-v1:mesh_anchor_forcedhop:436d0bd298501ee02195729bb2d4834289630a256899cbe802d9389eee443c47 epoch=3543676270155205024 uptime=255
89419.323 [1] *** Booting nRF Connect SDK v2.9.0-7787b2649840 ***
89419.323 [1] *** Using Zephyr OS v3.7.99-1f8f3dc29142 ***
89419.551 [0] mesh node identity: ficr=0xa378b0f6495e09ac node=0xea35f5b508104aae preset=mesh_anchor_forcedhop
89419.551 [0] DBG_LED_SELFTEST_CH5_RX
89419.551 [0] DBG_DIRECT_GW_PROBE_BOOT resetreas=0x00000000 phase=none
89419.551 [0] DBG_NODE_COMM_BOOT stage=init ret=0 running=1 uptime=1265
89419.551 [0] DBG_BOOT_ANCHOR_ROLE_BEGIN
89419.551 [0] DBG_ANCHOR_BLE_DISABLED
89419.551 [0] DBG_ANCHOR_CH5_SCAN_WQ_STARTED
89419.551 [0] DBG_ANCHOR_CH5_SCAN_RESCHED ret=1 delay=0
89419.551 [0] DBG_ANCHOR_CH5_SCAN_SCHEDULED startup=0 interval=380 win=10
89419.551 [0] DBG_BOOT_ANCHOR_ROLE_DONE
89419.551 [0] DBG_BOOT_MESH_RX_ANCHOR_LOW_DUTY_OWNER
89419.551 [0] DBG_BOOT_MESH_TEST_BEGIN
89419.551 [0] DBG_BOOT_MESH_TEST_DONE
89419.551 [0] DBG_ANCHOR_CH5_SCAN_HANDLER role=2
89419.551 [0] DBG_ANCHOR_CH5_SCAN_ARM now=1269 win=10 complete=15 interval=380 wait=0 tx=0 response=0
89419.551 [0] DBG_DWM_INVALIDATE tag=configure_radio_from_reset active_phy=0 configured=0 awake=0
89419.583 [0] DBG_DWM_MARK_UNCONFIGURED tag=initialise_radio prev_phy=0
89419.583 [0] DBG_DWM_CH5_RX_HUNT_START acq=10 complete=1000 cap=1020
89419.583 [0] DBG_DWM_CH5_RX_HUNT_EMPTY s=1291 e=1301 ret=-116 sys=00000000 phy=2 cfg=1 aw=1 unk=0
89419.583 [0] DBG_ANCHOR_CH5_SCAN_DONE ret=-116 len=0 fail=1 pre=0 q=0 rx_us=10467 complete=1000
89419.583 [0] DBG_ANCHOR_CH5_SCAN_RESCHED ret=1 delay=380
89419.583 [0] DBG_COORD state=idle owner=report-tx reason=idle rx=0 tx=0 relay=0 route=0 ack=0 qack=0
89419.962 [0] DBG_ANCHOR_CH5_SCAN_HANDLER role=2
89419.962 [0] DBG_DWM_CH5_RX_HUNT_START acq=10 complete=1000 cap=1020
89419.996 [0] DBG_DWM_CH5_RX_HUNT_EMPTY s=1691 e=1701 ret=-116 sys=00000000 phy=2 cfg=1 aw=1 unk=0
89419.996 [0] DBG_ANCHOR_CH5_SCAN_RESCHED ret=1 delay=380
89419.996 [0] DBG_STACK_RUN_BEGIN epoch=3543676270155205024 run=1 kind=anchor_scan owner=anchor_uwb_scan queue=0 custody=0 credit=0 retry=0 drain=0 src=16876665336513972910 dst=11068027678940948070 session=0 seq=0 type=48 sequence=0 previous=0 uptime=1703
89419.996 [0] DBG_STACK_SAMPLE_BEGIN epoch=3543676270155205024 run=1 sample=1 kind=anchor_scan owner=anchor_uwb_scan queue=0 custody=0 credit=0 retry=0 drain=0 src=16876665336513972910 dst=11068027678940948070 session=0 seq=0 type=48 uptime=1703
89419.996 [0] DBG_STACK_ISR_CONFIG size=8192 run=1 sample=1
89419.996 [0] DBG_STACK name=anchor_uwb_scan tid=0x2000ca08 used=2072 free=7912 size=9984 ret=0 run=1 sample=1
89419.996 [0] DBG_STACK name=mesh_route tid=0x2000b038 used=724 free=8748 size=9472 ret=0 run=1 sample=1
89419.996 [0] DBG_STACK name=sysworkq tid=0x2000d980 used=764 free=4612 size=5376 ret=0 run=1 sample=1
89419.996 [0] DBG_STACK name=logging tid=0x2000cec0 used=480 free=1568 size=2048 ret=0 run=1 sample=1
89420.026 [0] DBG_STACK name=idle tid=0x2000d750 used=64 free=256 size=320 ret=0 run=1 sample=1
89420.026 [0] DBG_STACK_SAMPLE_END run=1 sample=1
89420.026 [0] DBG_STACK_RUN_END epoch=3543676270155205024 run=1 kind=anchor_scan owner=anchor_uwb_scan outcome=ack queue=0 custody=0 credit=0 retry=0 drain=0 src=16876665336513972910 dst=11068027678940948070 session=0 seq=0 type=48 samples=1 attempts=1 errors=0 last_error=0 mutex_drops=2 short_drops=0 sequence=0 previous=0 uptime=1731
89420.367 [0] DBG_ANCHOR_CH5_SCAN_HANDLER role=2
89420.367 [0] DBG_DWM_CH5_RX_HUNT_START acq=10 complete=1000 cap=1020
89420.404 [0] DBG_DWM_CH5_RX_HUNT_EMPTY s=2091 e=2101 ret=-116 sys=00000000 phy=2 cfg=1 aw=1 unk=0
89420.404 [0] DBG_ANCHOR_CH5_SCAN_RESCHED ret=1 delay=380
89420.756 [0] DBG_ANCHOR_CH5_SCAN_HANDLER role=2
89420.756 [0] DBG_ANCHOR_CH5_SCAN_ARM now=2483 win=10 complete=15 interval=380 wait=0 tx=0 response=0
89420.784 [0] DBG_DWM_CH5_RX_HUNT_START acq=10 complete=1000 cap=1020
89420.784 [0] DBG_DWM_CH5_RX_HUNT_EMPTY s=2491 e=2501 ret=-116 sys=00000000 phy=2 cfg=1 aw=1 unk=0
89420.784 [0] DBG_ANCHOR_CH5_SCAN_DONE ret=-116 len=0 fail=1 pre=0 q=0 rx_us=10467 complete=1000
89420.784 [0] DBG_ANCHOR_CH5_SCAN_RESCHED ret=1 delay=380
89421.159 [0] DBG_ANCHOR_CH5_SCAN_HANDLER role=2
89421.200 [0] DBG_DWM_CH5_RX_HUNT_START acq=10 complete=1000 cap=1020
89421.200 [0] DBG_DWM_CH5_RX_HUNT_EMPTY s=2891 e=2901 ret=-116 sys=00000000 phy=2 cfg=1 aw=1 unk=0
89421.200 [0] DBG_ANCHOR_CH5_SCAN_RESCHED ret=1 delay=380
89421.200 [0] DBG_STACK_RUN_BEGIN epoch=3543676270155205024 run=2 kind=anchor_scan owner=anchor_uwb_scan queue=0 custody=0 credit=0 retry=0 drain=0 src=16876665336513972910 dst=11068027678940948070 session=0 seq=0 type=48 sequence=0 previous=0 uptime=2902
89421.200 [0] DBG_STACK_SAMPLE_BEGIN epoch=3543676270155205024 run=2 sample=2 kind=anchor_scan owner=anchor_uwb_scan queue=0 custody=0 credit=0 retry=0 drain=0 src=16876665336513972910 dst=11068027678940948070 session=0 seq=0 type=48 uptime=2903
89421.200 [0] DBG_STACK_ISR_CONFIG size=8192 run=2 sample=2
89421.200 [0] DBG_STACK name=anchor_uwb_scan tid=0x2000ca08 used=2072 free=7912 size=9984 ret=0 run=2 sample=2
89421.200 [0] DBG_STACK name=mesh_route tid=0x2000b038 used=724 free=8748 size=9472 ret=0 run=2 sample=2
89421.200 [0] DBG_STACK name=sysworkq tid=0x2000d980 used=764 free=4612 size=5376 ret=0 run=2 sample=2
89421.232 [0] DBG_STACK name=logging tid=0x2000cec0 used=480 free=1568 size=2048 ret=0 run=2 sample=2
89421.232 [0] DBG_STACK name=idle tid=0x2000d750 used=64 free=256 size=320 ret=0 run=2 sample=2
89421.232 [0] DBG_STACK_SAMPLE_END run=2 sample=2
89421.232 [0] DBG_STACK_RUN_END epoch=3543676270155205024 run=2 kind=anchor_scan owner=anchor_uwb_scan outcome=ack queue=0 custody=0 credit=0 retry=0 drain=0 src=16876665336513972910 dst=11068027678940948070 session=0 seq=0 type=48 samples=1 attempts=1 errors=0 last_error=0 mutex_drops=2 short_drops=0 sequence=0 previous=0 uptime=2935
89421.575 [0] DBG_ANCHOR_CH5_SCAN_HANDLER role=2
89421.575 [0] DBG_DWM_CH5_RX_HUNT_START acq=10 complete=1000 cap=1020
89421.575 [0] DBG_DWM_CH5_RX_HUNT_EMPTY s=3291 e=3301 ret=-116 sys=00000000 phy=2 cfg=1 aw=1 unk=0
89421.575 [0] DBG_ANCHOR_CH5_SCAN_RESCHED ret=1 delay=380
89421.976 [0] DBG_ANCHOR_CH5_SCAN_HANDLER role=2
89421.976 [0] DBG_ANCHOR_CH5_SCAN_ARM now=3683 win=10 complete=15 interval=380 wait=0 tx=0 response=0
89421.976 [0] DBG_DWM_CH5_RX_HUNT_START acq=10 complete=1000 cap=1020
89421.976 [0] DBG_DWM_CH5_RX_HUNT_EMPTY s=3691 e=3701 ret=-116 sys=00000000 phy=2 cfg=1 aw=1 unk=0
89421.976 [0] DBG_ANCHOR_CH5_SCAN_DONE ret=-116 len=0 fail=1 pre=0 q=0 rx_us=10498 complete=1000
89421.976 [0] DBG_ANCHOR_CH5_SCAN_RESCHED ret=1 delay=380
89422.354 [0] DBG_ANCHOR_CH5_SCAN_HANDLER role=2
89422.387 [0] DBG_DWM_CH5_RX_HUNT_START acq=10 complete=1000 cap=1020
89422.387 [0] DBG_DWM_CH5_RX_HUNT_EMPTY s=4091 e=4101 ret=-116 sys=00000000 phy=2 cfg=1 aw=1 unk=0
89422.387 [0] DBG_ANCHOR_CH5_SCAN_RESCHED ret=1 delay=380
89422.387 [0] DBG_STACK_RUN_BEGIN epoch=3543676270155205024 run=3 kind=anchor_scan owner=anchor_uwb_scan queue=0 custody=0 credit=0 retry=0 drain=0 src=16876665336513972910 dst=11068027678940948070 session=0 seq=0 type=48 sequence=0 previous=0 uptime=4102
89422.387 [0] DBG_STACK_SAMPLE_BEGIN epoch=3543676270155205024 run=3 sample=3 kind=anchor_scan owner=anchor_uwb_scan queue=0 custody=0 credit=0 retry=0 drain=0 src=16876665336513972910 dst=11068027678940948070 session=0 seq=0 type=48 uptime=4103
89422.387 [0] DBG_STACK_ISR_CONFIG size=8192 run=3 sample=3
89422.387 [0] DBG_STACK name=anchor_uwb_scan tid=0x2000ca08 used=2072 free=7912 size=9984 ret=0 run=3 sample=3
89422.387 [0] DBG_STACK name=mesh_route tid=0x2000b038 used=724 free=8748 size=9472 ret=0 run=3 sample=3
89422.387 [0] DBG_STACK name=sysworkq tid=0x2000d980 used=764 free=4612 size=5376 ret=0 run=3 sample=3
89422.420 [0] DBG_STACK name=logging tid=0x2000cec0 used=480 free=1568 size=2048 ret=0 run=3 sample=3
89422.420 [0] DBG_STACK name=idle tid=0x2000d750 used=64 free=256 size=320 ret=0 run=3 sample=3
89422.420 [0] DBG_STACK_SAMPLE_END run=3 sample=3
89422.420 [0] DBG_STACK_RUN_END epoch=3543676270155205024 run=3 kind=anchor_scan owner=anchor_uwb_scan outcome=ack queue=0 custody=0 credit=0 retry=0 drain=0 src=16876665336513972910 dst=11068027678940948070 session=0 seq=0 type=48 samples=1 attempts=1 errors=0 last_error=0 mutex_drops=2 short_drops=0 sequence=0 previous=0 uptime=4123
89422.764 [0] DBG_ANCHOR_CH5_SCAN_HANDLER role=2
89422.764 [0] DBG_DWM_CH5_RX_HUNT_START acq=10 complete=1000 cap=1020
89422.799 [0] DBG_DWM_CH5_RX_HUNT_EMPTY s=4491 e=4501 ret=-116 sys=00000000 phy=2 cfg=1 aw=1 unk=0
89422.799 [0] DBG_ANCHOR_CH5_SCAN_RESCHED ret=1 delay=380
89423.161 [0] DBG_ANCHOR_CH5_SCAN_HANDLER role=2
89423.161 [0] DBG_ANCHOR_CH5_SCAN_ARM now=4883 win=10 complete=15 interval=380 wait=0 tx=0 response=0
89423.161 [0] DBG_DWM_CH5_RX_HUNT_START acq=10 complete=1000 cap=1020
89423.196 [0] DBG_DWM_CH5_RX_HUNT_EMPTY s=4891 e=4901 ret=-116 sys=00000000 phy=2 cfg=1 aw=1 unk=0
89423.196 [0] DBG_ANCHOR_CH5_SCAN_DONE ret=-116 len=0 fail=1 pre=0 q=0 rx_us=10498 complete=1000
89423.196 [0] DBG_ANCHOR_CH5_SCAN_RESCHED ret=1 delay=380
89423.570 [0] DBG_ANCHOR_CH5_SCAN_HANDLER role=2
89423.570 [0] DBG_DWM_CH5_RX_HUNT_START acq=10 complete=1000 cap=1020
89423.570 [0] DBG_DWM_CH5_RX_HUNT_EMPTY s=5291 e=5301 ret=-116 sys=00000000 phy=2 cfg=1 aw=1 unk=0
89423.606 [0] DBG_ANCHOR_CH5_SCAN_RESCHED ret=1 delay=380
89423.606 [0] DBG_STACK_RUN_BEGIN epoch=3543676270155205024 run=4 kind=anchor_scan owner=anchor_uwb_scan queue=0 custody=0 credit=0 retry=0 drain=0 src=16876665336513972910 dst=11068027678940948070 session=0 seq=0 type=48 sequence=0 previous=0 uptime=5303
89423.606 [0] DBG_STACK_SAMPLE_BEGIN epoch=3543676270155205024 run=4 sample=4 kind=anchor_scan owner=anchor_uwb_scan queue=0 custody=0 credit=0 retry=0 drain=0 src=16876665336513972910 dst=11068027678940948070 session=0 seq=0 type=48 uptime=5303
89423.606 [0] DBG_STACK_ISR_CONFIG size=8192 run=4 sample=4
89423.606 [0] DBG_STACK name=anchor_uwb_scan tid=0x2000ca08 used=2072 free=7912 size=9984 ret=0 run=4 sample=4
89423.606 [0] DBG_STACK name=mesh_route tid=0x2000b038 used=724 free=8748 size=9472 ret=0 run=4 sample=4
89423.606 [0] DBG_STACK name=sysworkq tid=0x2000d980 used=764 free=4612 size=5376 ret=0 run=4 sample=4
89423.606 [0] DBG_STACK name=logging tid=0x2000cec0 used=480 free=1568 size=2048 ret=0 run=4 sample=4
89423.606 [0] DBG_STACK name=idle tid=0x2000d750 used=64 free=256 size=320 ret=0 run=4 sample=4
89423.637 [0] DBG_STACK_SAMPLE_END run=4 sample=4
89423.637 [0] DBG_STACK_RUN_END epoch=3543676270155205024 run=4 kind=anchor_scan owner=anchor_uwb_scan outcome=ack queue=0 custody=0 credit=0 retry=0 drain=0 src=16876665336513972910 dst=11068027678940948070 session=0 seq=0 type=48 samples=1 attempts=1 errors=0 last_error=0 mutex_drops=2 short_drops=0 sequence=0 previous=0 uptime=5340
89423.951 [0] DBG_ANCHOR_CH5_SCAN_HANDLER role=2
89423.984 [0] DBG_DWM_CH5_RX_HUNT_START acq=10 complete=1000 cap=1020
89423.984 [0] DBG_DWM_CH5_RX_HUNT_EMPTY s=5691 e=5701 ret=-116 sys=00000000 phy=2 cfg=1 aw=1 unk=0
89423.984 [0] DBG_ANCHOR_CH5_SCAN_RESCHED ret=1 delay=380
89424.354 [0] DBG_ANCHOR_CH5_SCAN_HANDLER role=2
89424.354 [0] DBG_ANCHOR_CH5_SCAN_ARM now=6083 win=10 complete=15 interval=380 wait=0 tx=0 response=0
89424.383 [0] DBG_DWM_CH5_RX_HUNT_START acq=10 complete=1000 cap=1020
89424.383 [0] DBG_DWM_CH5_RX_HUNT_EMPTY s=6091 e=6101 ret=-116 sys=00000000 phy=2 cfg=1 aw=1 unk=0
89424.383 [0] DBG_ANCHOR_CH5_SCAN_DONE ret=-116 len=0 fail=1 pre=0 q=0 rx_us=10894 complete=1000
89424.383 [0] DBG_ANCHOR_CH5_SCAN_RESCHED ret=1 delay=380
89424.762 [0] DBG_ANCHOR_CH5_SCAN_HANDLER role=2
89424.762 [0] DBG_DWM_CH5_RX_HUNT_START acq=10 complete=1000 cap=1020
89424.795 [0] DBG_DWM_CH5_RX_HUNT_EMPTY s=6491 e=6501 ret=-116 sys=00000000 phy=2 cfg=1 aw=1 unk=0
89424.795 [0] DBG_ANCHOR_CH5_SCAN_RESCHED ret=1 delay=380
89424.795 [0] DBG_STACK_RUN_BEGIN epoch=3543676270155205024 run=5 kind=anchor_scan owner=anchor_uwb_scan queue=0 custody=0 credit=0 retry=0 drain=0 src=16876665336513972910 dst=11068027678940948070 session=0 seq=0 type=48 sequence=0 previous=0 uptime=6502
89424.795 [0] DBG_STACK_SAMPLE_BEGIN epoch=3543676270155205024 run=5 sample=5 kind=anchor_scan owner=anchor_uwb_scan queue=0 custody=0 credit=0 retry=0 drain=0 src=16876665336513972910 dst=11068027678940948070 session=0 seq=0 type=48 uptime=6503
89424.795 [0] DBG_STACK_ISR_CONFIG size=8192 run=5 sample=5
89424.795 [0] DBG_STACK name=anchor_uwb_scan tid=0x2000ca08 used=2072 free=7912 size=9984 ret=0 run=5 sample=5
89424.795 [0] DBG_STACK name=mesh_route tid=0x2000b038 used=724 free=8748 size=9472 ret=0 run=5 sample=5
89424.795 [0] DBG_STACK name=sysworkq tid=0x2000d980 used=764 free=4612 size=5376 ret=0 run=5 sample=5
89424.795 [0] DBG_STACK name=logging tid=0x2000cec0 used=480 free=1568 size=2048 ret=0 run=5 sample=5
89424.826 [0] DBG_STACK name=idle tid=0x2000d750 used=64 free=256 size=320 ret=0 run=5 sample=5
89424.826 [0] DBG_STACK_SAMPLE_END run=5 sample=5
89424.826 [0] DBG_STACK_RUN_END epoch=3543676270155205024 run=5 kind=anchor_scan owner=anchor_uwb_scan outcome=ack queue=0 custody=0 credit=0 retry=0 drain=0 src=16876665336513972910 dst=11068027678940948070 session=0 seq=0 type=48 samples=1 attempts=1 errors=0 last_error=0 mutex_drops=2 short_drops=0 sequence=0 previous=0 uptime=6530
89425.165 [0] DBG_ANCHOR_CH5_SCAN_HANDLER role=2
89425.165 [0] DBG_DWM_CH5_RX_HUNT_START acq=10 complete=1000 cap=1020
89425.202 [0] DBG_DWM_CH5_RX_HUNT_EMPTY s=6891 e=6901 ret=-116 sys=00000000 phy=2 cfg=1 aw=1 unk=0
89425.202 [0] DBG_ANCHOR_CH5_SCAN_RESCHED ret=1 delay=380
89425.567 [0] DBG_ANCHOR_CH5_SCAN_HANDLER role=2
89425.567 [0] DBG_ANCHOR_CH5_SCAN_ARM now=7282 win=10 complete=15 interval=380 wait=0 tx=0 response=0
89425.567 [0] DBG_DWM_CH5_RX_HUNT_START acq=10 complete=1000 cap=1020
89425.595 [0] DBG_DWM_CH5_RX_HUNT_EMPTY s=7291 e=7301 ret=-116 sys=00000000 phy=2 cfg=1 aw=1 unk=0
89425.595 [0] DBG_ANCHOR_CH5_SCAN_DONE ret=-116 len=0 fail=1 pre=0 q=0 rx_us=10681 complete=1000
89425.595 [0] DBG_ANCHOR_CH5_SCAN_RESCHED ret=1 delay=380
89425.982 [0] DBG_ANCHOR_CH5_SCAN_HANDLER role=2
89425.982 [0] DBG_DWM_CH5_RX_HUNT_START acq=10 complete=1000 cap=1020
89425.982 [0] DBG_DWM_CH5_RX_HUNT_EMPTY s=7691 e=7701 ret=-116 sys=00000000 phy=2 cfg=1 aw=1 unk=0
89425.982 [0] DBG_ANCHOR_CH5_SCAN_RESCHED ret=1 delay=380
89425.982 [0] DBG_STACK_RUN_BEGIN epoch=3543676270155205024 run=6 kind=anchor_scan owner=anchor_uwb_scan queue=0 custody=0 credit=0 retry=0 drain=0 src=16876665336513972910 dst=11068027678940948070 session=0 seq=0 type=48 sequence=0 previous=0 uptime=7703
89425.982 [0] DBG_STACK_SAMPLE_BEGIN epoch=3543676270155205024 run=6 sample=6 kind=anchor_scan owner=anchor_uwb_scan queue=0 custody=0 credit=0 retry=0 drain=0 src=16876665336513972910 dst=11068027678940948070 session=0 seq=0 type=48 uptime=7703
89425.982 [0] DBG_STACK_ISR_CONFIG size=8192 run=6 sample=6
89425.982 [0] DBG_STACK name=anchor_uwb_scan tid=0x2000ca08 used=2072 free=7912 size=9984 ret=0 run=6 sample=6
89425.982 [0] DBG_STACK name=mesh_route tid=0x2000b038 used=724 free=8748 size=9472 ret=0 run=6 sample=6
89425.982 [0] DBG_STACK name=sysworkq tid=0x2000d980 used=764 free=4612 size=5376 ret=0 run=6 sample=6
89426.014 [0] DBG_STACK name=logging tid=0x2000cec0 used=480 free=1568 size=2048 ret=0 run=6 sample=6
89426.014 [0] DBG_STACK name=idle tid=0x2000d750 used=64 free=256 size=320 ret=0 run=6 sample=6
89426.014 [0] DBG_STACK_SAMPLE_END run=6 sample=6
89426.014 [0] DBG_STACK_RUN_END epoch=3543676270155205024 run=6 kind=anchor_scan owner=anchor_uwb_scan outcome=ack queue=0 custody=0 credit=0 retry=0 drain=0 src=16876665336513972910 dst=11068027678940948070 session=0 seq=0 type=48 samples=1 attempts=1 errors=0 last_error=0 mutex_drops=2 short_drops=0 sequence=0 previous=0 uptime=7717
89426.382 [0] DBG_ANCHOR_CH5_SCAN_HANDLER role=2
89426.382 [0] DBG_DWM_CH5_RX_HUNT_START acq=10 complete=1000 cap=1020
89426.382 [0] DBG_DWM_CH5_RX_HUNT_EMPTY s=8091 e=8101 ret=-116 sys=00000000 phy=2 cfg=1 aw=1 unk=0
89426.382 [0] DBG_ANCHOR_CH5_SCAN_RESCHED ret=1 delay=380
89426.776 [0] DBG_ANCHOR_CH5_SCAN_HANDLER role=2
89426.776 [0] DBG_ANCHOR_CH5_SCAN_ARM now=8482 win=10 complete=15 interval=380 wait=0 tx=0 response=0
89426.776 [0] DBG_DWM_CH5_RX_HUNT_START acq=10 complete=1000 cap=1020
89426.776 [0] DBG_DWM_CH5_RX_HUNT_EMPTY s=8491 e=8501 ret=-116 sys=00000000 phy=2 cfg=1 aw=1 unk=0
89426.776 [0] DBG_ANCHOR_CH5_SCAN_DONE ret=-116 len=0 fail=1 pre=0 q=0 rx_us=10681 complete=1000
89426.776 [0] DBG_ANCHOR_CH5_SCAN_RESCHED ret=1 delay=380
89427.151 [0] DBG_ANCHOR_CH5_SCAN_HANDLER role=2
89427.189 [0] DBG_DWM_CH5_RX_HUNT_START acq=10 complete=1000 cap=1020
89427.189 [0] DBG_DWM_CH5_RX_HUNT_EMPTY s=8891 e=8901 ret=-116 sys=00000000 phy=2 cfg=1 aw=1 unk=0
89427.189 [0] DBG_ANCHOR_CH5_SCAN_RESCHED ret=1 delay=380
89427.189 [0] DBG_STACK_RUN_BEGIN epoch=3543676270155205024 run=7 kind=anchor_scan owner=anchor_uwb_scan queue=0 custody=0 credit=0 retry=0 drain=0 src=16876665336513972910 dst=11068027678940948070 session=0 seq=0 type=48 sequence=0 previous=0 uptime=8903
89427.189 [0] DBG_STACK_SAMPLE_BEGIN epoch=3543676270155205024 run=7 sample=7 kind=anchor_scan owner=anchor_uwb_scan queue=0 custody=0 credit=0 retry=0 drain=0 src=16876665336513972910 dst=11068027678940948070 session=0 seq=0 type=48 uptime=8903
89427.189 [0] DBG_STACK_ISR_CONFIG size=8192 run=7 sample=7
89427.189 [0] DBG_STACK name=anchor_uwb_scan tid=0x2000ca08 used=2072 free=7912 size=9984 ret=0 run=7 sample=7
89427.189 [0] DBG_STACK name=mesh_route tid=0x2000b038 used=724 free=8748 size=9472 ret=0 run=7 sample=7
89427.189 [0] DBG_STACK name=sysworkq tid=0x2000d980 used=764 free=4612 size=5376 ret=0 run=7 sample=7
89427.223 [0] DBG_STACK name=logging tid=0x2000cec0 used=480 free=1568 size=2048 ret=0 run=7 sample=7
89427.223 [0] DBG_STACK name=idle tid=0x2000d750 used=64 free=256 size=320 ret=0 run=7 sample=7
89427.223 [0] DBG_STACK_SAMPLE_END run=7 sample=7
89427.223 [0] DBG_STACK_RUN_END epoch=3543676270155205024 run=7 kind=anchor_scan owner=anchor_uwb_scan outcome=ack queue=0 custody=0 credit=0 retry=0 drain=0 src=16876665336513972910 dst=11068027678940948070 session=0 seq=0 type=48 samples=1 attempts=1 errors=0 last_error=0 mutex_drops=2 short_drops=0 sequence=0 previous=0 uptime=8925
89427.563 [0] DBG_ANCHOR_CH5_SCAN_HANDLER role=2
89427.563 [0] DBG_DWM_CH5_RX_HUNT_START acq=10 complete=1000 cap=1020
89427.598 [0] DBG_DWM_CH5_RX_HUNT_EMPTY s=9291 e=9301 ret=-116 sys=00000000 phy=2 cfg=1 aw=1 unk=0
89427.598 [0] DBG_ANCHOR_CH5_SCAN_RESCHED ret=1 delay=380
89427.966 [0] DBG_ANCHOR_CH5_SCAN_HANDLER role=2
89427.966 [0] DBG_ANCHOR_CH5_SCAN_ARM now=9683 win=10 complete=15 interval=380 wait=0 tx=0 response=0
89427.966 [0] DBG_DWM_CH5_RX_HUNT_START acq=10 complete=1000 cap=1020
89427.995 [0] DBG_DWM_CH5_RX_HUNT_EMPTY s=9691 e=9701 ret=-116 sys=00000000 phy=2 cfg=1 aw=1 unk=0
89427.995 [0] DBG_ANCHOR_CH5_SCAN_DONE ret=-116 len=0 fail=1 pre=0 q=0 rx_us=10498 complete=1000
89427.995 [0] DBG_ANCHOR_CH5_SCAN_RESCHED ret=1 delay=380
89428.371 [0] DBG_ANCHOR_CH5_SCAN_HANDLER role=2
89428.371 [0] DBG_DWM_CH5_RX_HUNT_START acq=10 complete=1000 cap=1020
89428.371 [0] DBG_DWM_CH5_RX_HUNT_EMPTY s=10091 e=10101 ret=-116 sys=00000000 phy=2 cfg=1 aw=1 unk=0
89428.371 [0] DBG_ANCHOR_CH5_SCAN_RESCHED ret=1 delay=380
89428.405 [0] DBG_STACK_RUN_BEGIN epoch=3543676270155205024 run=8 kind=anchor_scan owner=anchor_uwb_scan queue=0 custody=0 credit=0 retry=0 drain=0 src=16876665336513972910 dst=11068027678940948070 session=0 seq=0 type=48 sequence=0 previous=0 uptime=10103
89428.405 [0] DBG_STACK_SAMPLE_BEGIN epoch=3543676270155205024 run=8 sample=8 kind=anchor_scan owner=anchor_uwb_scan queue=0 custody=0 credit=0 retry=0 drain=0 src=16876665336513972910 dst=11068027678940948070 session=0 seq=0 type=48 uptime=10103
89428.405 [0] DBG_STACK_ISR_CONFIG size=8192 run=8 sample=8
89428.405 [0] DBG_STACK name=anchor_uwb_scan tid=0x2000ca08 used=2072 free=7912 size=9984 ret=0 run=8 sample=8
89428.405 [0] DBG_STACK name=mesh_route tid=0x2000b038 used=724 free=8748 size=9472 ret=0 run=8 sample=8
89428.405 [0] DBG_STACK name=sysworkq tid=0x2000d980 used=764 free=4612 size=5376 ret=0 run=8 sample=8
89428.405 [0] DBG_STACK name=logging tid=0x2000cec0 used=480 free=1568 size=2048 ret=0 run=8 sample=8
89428.405 [0] DBG_STACK name=idle tid=0x2000d750 used=64 free=256 size=320 ret=0 run=8 sample=8
89428.405 [0] DBG_STACK_SAMPLE_END run=8 sample=8
89428.444 [0] DBG_STACK_RUN_END epoch=3543676270155205024 run=8 kind=anchor_scan owner=anchor_uwb_scan outcome=ack queue=0 custody=0 credit=0 retry=0 drain=0 src=16876665336513972910 dst=11068027678940948070 session=0 seq=0 type=48 samples=1 attempts=1 errors=0 last_error=0 mutex_drops=2 short_drops=0 sequence=0 previous=0 uptime=10108
89428.760 [0] DBG_ANCHOR_CH5_SCAN_HANDLER role=2
89428.760 [0] DBG_DWM_CH5_RX_HUNT_START acq=10 complete=1000 cap=1020
89428.797 [0] DBG_DWM_CH5_RX_HUNT_EMPTY s=10491 e=10501 ret=-116 sys=00000000 phy=2 cfg=1 aw=1 unk=0
89428.797 [0] DBG_ANCHOR_CH5_SCAN_RESCHED ret=1 delay=380
89429.167 [0] DBG_ANCHOR_CH5_SCAN_HANDLER role=2
89429.167 [0] DBG_ANCHOR_CH5_SCAN_ARM now=10883 win=10 complete=15 interval=380 wait=0 tx=0 response=0
89429.167 [0] DBG_DWM_CH5_RX_HUNT_START acq=10 complete=1000 cap=1020
89429.202 [0] DBG_DWM_CH5_RX_HUNT_EMPTY s=10891 e=10901 ret=-116 sys=00000000 phy=2 cfg=1 aw=1 unk=0
89429.202 [0] DBG_ANCHOR_CH5_SCAN_DONE ret=-116 len=0 fail=1 pre=0 q=0 rx_us=10498 complete=1000
89429.202 [0] DBG_ANCHOR_CH5_SCAN_RESCHED ret=1 delay=380
89429.578 [0] DBG_ANCHOR_CH5_SCAN_HANDLER role=2
89429.578 [0] DBG_DWM_CH5_RX_HUNT_START acq=10 complete=1000 cap=1020
89429.578 [0] DBG_DWM_CH5_RX_HUNT_EMPTY s=11291 e=11301 ret=-116 sys=00000000 phy=2 cfg=1 aw=1 unk=0
89429.578 [0] DBG_ANCHOR_CH5_SCAN_RESCHED ret=1 delay=380
89429.578 [0] DBG_STACK_RUN_BEGIN epoch=3543676270155205024 run=9 kind=anchor_scan owner=anchor_uwb_scan queue=0 custody=0 credit=0 retry=0 drain=0 src=16876665336513972910 dst=11068027678940948070 session=0 seq=0 type=48 sequence=0 previous=0 uptime=11302
89429.578 [0] DBG_STACK_SAMPLE_BEGIN epoch=3543676270155205024 run=9 sample=9 kind=anchor_scan owner=anchor_uwb_scan queue=0 custody=0 credit=0 retry=0 drain=0 src=16876665336513972910 dst=11068027678940948070 session=0 seq=0 type=48 uptime=11303
89429.578 [0] DBG_STACK_ISR_CONFIG size=8192 run=9 sample=9
89429.578 [0] DBG_STACK name=anchor_uwb_scan tid=0x2000ca08 used=2072 free=7912 size=9984 ret=0 run=9 sample=9
89429.611 [0] DBG_STACK name=mesh_route tid=0x2000b038 used=724 free=8748 size=9472 ret=0 run=9 sample=9
89429.611 [0] DBG_STACK name=sysworkq tid=0x2000d980 used=764 free=4612 size=5376 ret=0 run=9 sample=9
89429.611 [0] DBG_STACK name=logging tid=0x2000cec0 used=480 free=1568 size=2048 ret=0 run=9 sample=9
89429.611 [0] DBG_STACK name=idle tid=0x2000d750 used=64 free=256 size=320 ret=0 run=9 sample=9
89429.611 [0] DBG_STACK_SAMPLE_END run=9 sample=9
89429.611 [0] DBG_STACK_RUN_END epoch=3543676270155205024 run=9 kind=anchor_scan owner=anchor_uwb_scan outcome=ack queue=0 custody=0 credit=0 retry=0 drain=0 src=16876665336513972910 dst=11068027678940948070 session=0 seq=0 type=48 samples=1 attempts=1 errors=0 last_error=0 mutex_drops=2 short_drops=0 sequence=0 previous=0 uptime=11313
89429.985 [0] DBG_ANCHOR_CH5_SCAN_HANDLER role=2
89429.985 [0] DBG_DWM_CH5_RX_HUNT_START acq=10 complete=1000 cap=1020
89429.985 [0] DBG_DWM_CH5_RX_HUNT_EMPTY s=11691 e=11701 ret=-116 sys=00000000 phy=2 cfg=1 aw=1 unk=0
89429.985 [0] DBG_ANCHOR_CH5_SCAN_RESCHED ret=1 delay=380
89430.353 [0] DBG_ANCHOR_CH5_SCAN_HANDLER role=2
89430.353 [0] DBG_ANCHOR_CH5_SCAN_ARM now=12083 win=10 complete=15 interval=380 wait=0 tx=0 response=0
89430.382 [0] DBG_DWM_CH5_RX_HUNT_START acq=10 complete=1000 cap=1020
89430.382 [0] DBG_DWM_CH5_RX_HUNT_EMPTY s=12091 e=12101 ret=-116 sys=00000000 phy=2 cfg=1 aw=1 unk=0
89430.382 [0] DBG_ANCHOR_CH5_SCAN_DONE ret=-116 len=0 fail=1 pre=0 q=0 rx_us=10894 complete=1000
89430.382 [0] DBG_ANCHOR_CH5_SCAN_RESCHED ret=1 delay=380
89430.763 [0] DBG_ANCHOR_CH5_SCAN_HANDLER role=2
89430.763 [0] DBG_DWM_CH5_RX_HUNT_START acq=10 complete=1000 cap=1020
89430.795 [0] DBG_DWM_CH5_RX_HUNT_EMPTY s=12491 e=12501 ret=-116 sys=00000000 phy=2 cfg=1 aw=1 unk=0
89430.795 [0] DBG_ANCHOR_CH5_SCAN_RESCHED ret=1 delay=380
89430.795 [0] DBG_STACK_RUN_BEGIN epoch=3543676270155205024 run=10 kind=anchor_scan owner=anchor_uwb_scan queue=0 custody=0 credit=0 retry=0 drain=0 src=16876665336513972910 dst=11068027678940948070 session=0 seq=0 type=48 sequence=0 previous=0 uptime=12502
89430.795 [0] DBG_STACK_SAMPLE_BEGIN epoch=3543676270155205024 run=10 sample=10 kind=anchor_scan owner=anchor_uwb_scan queue=0 custody=0 credit=0 retry=0 drain=0 src=16876665336513972910 dst=11068027678940948070 session=0 seq=0 type=48 uptime=12503
89430.795 [0] DBG_STACK_ISR_CONFIG size=8192 run=10 sample=10
89430.795 [0] DBG_STACK name=anchor_uwb_scan tid=0x2000ca08 used=2072 free=7912 size=9984 ret=0 run=10 sample=10
89430.795 [0] DBG_STACK name=mesh_route tid=0x2000b038 used=724 free=8748 size=9472 ret=0 run=10 sample=10
89430.795 [0] DBG_STACK name=sysworkq tid=0x2000d980 used=764 free=4612 size=5376 ret=0 run=10 sample=10
89430.826 [0] DBG_STACK name=logging tid=0x2000cec0 used=480 free=1568 size=2048 ret=0 run=10 sample=10
89430.826 [0] DBG_STACK name=idle tid=0x2000d750 used=64 free=256 size=320 ret=0 run=10 sample=10
89430.826 [0] DBG_STACK_SAMPLE_END run=10 sample=10
89430.826 [0] DBG_STACK_RUN_END epoch=3543676270155205024 run=10 kind=anchor_scan owner=anchor_uwb_scan outcome=ack queue=0 custody=0 credit=0 retry=0 drain=0 src=16876665336513972910 dst=11068027678940948070 session=0 seq=0 type=48 samples=1 attempts=1 errors=0 last_error=0 mutex_drops=2 short_drops=0 sequence=0 previous=0 uptime=12530
89431.172 [0] DBG_ANCHOR_CH5_SCAN_HANDLER role=2
89431.172 [0] DBG_DWM_CH5_RX_HUNT_START acq=10 complete=1000 cap=1020
89431.172 [0] DBG_DWM_CH5_RX_HUNT_EMPTY s=12891 e=12901 ret=-116 sys=00000000 phy=2 cfg=1 aw=1 unk=0
89431.206 [0] DBG_ANCHOR_CH5_SCAN_RESCHED ret=1 delay=380
89431.555 [0] DBG_ANCHOR_CH5_SCAN_HANDLER role=2
89431.555 [0] DBG_ANCHOR_CH5_SCAN_ARM now=13282 win=10 complete=15 interval=380 wait=0 tx=0 response=0
89431.584 [0] DBG_DWM_CH5_RX_HUNT_START acq=10 complete=1000 cap=1020
89431.584 [0] DBG_DWM_CH5_RX_HUNT_EMPTY s=13291 e=13301 ret=-116 sys=00000000 phy=2 cfg=1 aw=1 unk=0
89431.584 [0] DBG_ANCHOR_CH5_SCAN_DONE ret=-116 len=0 fail=1 pre=0 q=0 rx_us=10681 complete=1000
89431.584 [0] DBG_ANCHOR_CH5_SCAN_RESCHED ret=1 delay=380
89431.960 [0] DBG_ANCHOR_CH5_SCAN_HANDLER role=2
89431.960 [0] DBG_DWM_CH5_RX_HUNT_START acq=10 complete=1000 cap=1020
89431.995 [0] DBG_DWM_CH5_RX_HUNT_EMPTY s=13691 e=13701 ret=-116 sys=00000000 phy=2 cfg=1 aw=1 unk=0
89431.995 [0] DBG_ANCHOR_CH5_SCAN_RESCHED ret=1 delay=380
89431.995 [0] DBG_STACK_RUN_BEGIN epoch=3543676270155205024 run=11 kind=anchor_scan owner=anchor_uwb_scan queue=0 custody=0 credit=0 retry=0 drain=0 src=16876665336513972910 dst=11068027678940948070 session=0 seq=0 type=48 sequence=0 previous=0 uptime=13703
89431.995 [0] DBG_STACK_SAMPLE_BEGIN epoch=3543676270155205024 run=11 sample=11 kind=anchor_scan owner=anchor_uwb_scan queue=0 custody=0 credit=0 retry=0 drain=0 src=16876665336513972910 dst=11068027678940948070 session=0 seq=0 type=48 uptime=13703
89431.995 [0] DBG_STACK_ISR_CONFIG size=8192 run=11 sample=11
89431.995 [0] DBG_STACK name=anchor_uwb_scan tid=0x2000ca08 used=2072 free=7912 size=9984 ret=0 run=11 sample=11
89431.995 [0] DBG_STACK name=mesh_route tid=0x2000b038 used=724 free=8748 size=9472 ret=0 run=11 sample=11
89431.995 [0] DBG_STACK name=sysworkq tid=0x2000d980 used=764 free=4612 size=5376 ret=0 run=11 sample=11
89432.026 [0] DBG_STACK name=logging tid=0x2000cec0 used=480 free=1568 size=2048 ret=0 run=11 sample=11
89432.026 [0] DBG_STACK name=idle tid=0x2000d750 used=64 free=256 size=320 ret=0 run=11 sample=11
89432.026 [0] DBG_STACK_SAMPLE_END run=11 sample=11
89432.026 [0] DBG_STACK_RUN_END epoch=3543676270155205024 run=11 kind=anchor_scan owner=anchor_uwb_scan outcome=ack queue=0 custody=0 credit=0 retry=0 drain=0 src=16876665336513972910 dst=11068027678940948070 session=0 seq=0 type=48 samples=1 attempts=1 errors=0 last_error=0 mutex_drops=2 short_drops=0 sequence=0 previous=0 uptime=13731
89432.373 [0] DBG_ANCHOR_CH5_SCAN_HANDLER role=2
89432.373 [0] DBG_DWM_CH5_RX_HUNT_START acq=10 complete=1000 cap=1020
89432.373 [0] DBG_DWM_CH5_RX_HUNT_EMPTY s=14091 e=14101 ret=-116 sys=00000000 phy=2 cfg=1 aw=1 unk=0
89432.373 [0] DBG_ANCHOR_CH5_SCAN_RESCHED ret=1 delay=380
89432.773 [0] DBG_ANCHOR_CH5_SCAN_HANDLER role=2
89432.773 [0] DBG_ANCHOR_CH5_SCAN_ARM now=14482 win=10 complete=15 interval=380 wait=0 tx=0 response=0
89432.773 [0] DBG_DWM_CH5_RX_HUNT_START acq=10 complete=1000 cap=1020
89432.773 [0] DBG_DWM_CH5_RX_HUNT_EMPTY s=14491 e=14501 ret=-116 sys=00000000 phy=2 cfg=1 aw=1 unk=0
89432.773 [0] DBG_ANCHOR_CH5_SCAN_DONE ret=-116 len=0 fail=1 pre=0 q=0 rx_us=10681 complete=1000
89432.773 [0] DBG_ANCHOR_CH5_SCAN_RESCHED ret=1 delay=380
89433.183 [0] DBG_ANCHOR_CH5_SCAN_HANDLER role=2
89433.183 [0] DBG_DWM_CH5_RX_HUNT_START acq=10 complete=1000 cap=1020
89433.183 [0] DBG_DWM_CH5_RX_HUNT_EMPTY s=14891 e=14901 ret=-116 sys=00000000 phy=2 cfg=1 aw=1 unk=0
89433.183 [0] DBG_ANCHOR_CH5_SCAN_RESCHED ret=1 delay=380
89433.183 [0] DBG_STACK_RUN_BEGIN epoch=3543676270155205024 run=12 kind=anchor_scan owner=anchor_uwb_scan queue=0 custody=0 credit=0 retry=0 drain=0 src=16876665336513972910 dst=11068027678940948070 session=0 seq=0 type=48 sequence=0 previous=0 uptime=14903
89433.183 [0] DBG_STACK_SAMPLE_BEGIN epoch=3543676270155205024 run=12 sample=12 kind=anchor_scan owner=anchor_uwb_scan queue=0 custody=0 credit=0 retry=0 drain=0 src=16876665336513972910 dst=11068027678940948070 session=0 seq=0 type=48 uptime=14903
89433.183 [0] DBG_STACK_ISR_CONFIG size=8192 run=12 sample=12
89433.183 [0] DBG_STACK name=anchor_uwb_scan tid=0x2000ca08 used=2072 free=7912 size=9984 ret=0 run=12 sample=12
89433.183 [0] DBG_STACK name=mesh_route tid=0x2000b038 used=724 free=8748 size=9472 ret=0 run=12 sample=12
89433.220 [0] DBG_STACK name=sysworkq tid=0x2000d980 used=764 free=4612 size=5376 ret=0 run=12 sample=12
89433.220 [0] DBG_STACK name=logging tid=0x2000cec0 used=480 free=1568 size=2048 ret=0 run=12 sample=12
89433.220 [0] DBG_STACK name=idle tid=0x2000d750 used=64 free=256 size=320 ret=0 run=12 sample=12
89433.220 [0] DBG_STACK_SAMPLE_END run=12 sample=12
89433.220 [0] DBG_STACK_RUN_END epoch=3543676270155205024 run=12 kind=anchor_scan owner=anchor_uwb_scan outcome=ack queue=0 custody=0 credit=0 retry=0 drain=0 src=16876665336513972910 dst=11068027678940948070 session=0 seq=0 type=48 samples=1 attempts=1 errors=0 last_error=0 mutex_drops=2 short_drops=0 sequence=0 previous=0 uptime=14918
89433.561 [0] DBG_ANCHOR_CH5_SCAN_HANDLER role=2
89433.561 [0] DBG_DWM_CH5_RX_HUNT_START acq=10 complete=1000 cap=1020
89433.596 [0] DBG_DWM_CH5_RX_HUNT_EMPTY s=15291 e=15301 ret=-116 sys=00000000 phy=2 cfg=1 aw=1 unk=0
89433.596 [0] DBG_ANCHOR_CH5_SCAN_RESCHED ret=1 delay=380
89433.970 [0] DBG_ANCHOR_CH5_SCAN_HANDLER role=2
89433.970 [0] DBG_ANCHOR_CH5_SCAN_ARM now=15683 win=10 complete=15 interval=380 wait=0 tx=0 response=0
89433.970 [0] DBG_DWM_CH5_RX_HUNT_START acq=10 complete=1000 cap=1020
89433.970 [0] DBG_DWM_CH5_RX_ACTIVITY_EXTEND ret=0 status=0x00000100 complete=1000
89433.970 [0] DBG_DWM_CH5_RX_ACTIVITY_WAIT status=0x00000100 remain=1000
89433.970 [0] DBG_DWM_RF_SCOPE_DROP local=3 remote=0 remote_clicker=0
89433.970 [0] DBG_DWM_CH5_RX_ACTIVITY_WAIT status=0x00000100 remain=1000
89434.003 [0] DBG_DWM_RF_SCOPE_DROP local=3 remote=0 remote_clicker=0
89434.003 [0] DBG_DWM_CH5_RX_ACTIVITY_FAIL ret=0 status=0x00006f00 last=0x00006f00 fail=1 activity=0 rearm=1
89434.003 [0] DBG_ANCHOR_CH5_SCAN_DONE ret=-116 len=0 fail=1 pre=0 q=0 rx_us=12725 complete=1000
89434.003 [0] DBG_ANCHOR_CH5_SCAN_RESCHED ret=1 delay=380
89434.357 [0] DBG_ANCHOR_CH5_SCAN_HANDLER role=2
89434.391 [0] DBG_DWM_CH5_RX_HUNT_START acq=10 complete=1000 cap=1020
89434.391 [0] DBG_DWM_CH5_RX_HUNT_EMPTY s=16093 e=16103 ret=-116 sys=00000000 phy=2 cfg=1 aw=1 unk=0
89434.391 [0] DBG_ANCHOR_CH5_SCAN_RESCHED ret=1 delay=380
89434.391 [0] DBG_STACK_RUN_BEGIN epoch=3543676270155205024 run=13 kind=anchor_scan owner=anchor_uwb_scan queue=0 custody=0 credit=0 retry=0 drain=0 src=16876665336513972910 dst=11068027678940948070 session=0 seq=0 type=48 sequence=0 previous=0 uptime=16105
89434.391 [0] DBG_STACK_SAMPLE_BEGIN epoch=3543676270155205024 run=13 sample=13 kind=anchor_scan owner=anchor_uwb_scan queue=0 custody=0 credit=0 retry=0 drain=0 src=16876665336513972910 dst=11068027678940948070 session=0 seq=0 type=48 uptime=16105
89434.391 [0] DBG_STACK_ISR_CONFIG size=8192 run=13 sample=13
89434.391 [0] DBG_STACK name=anchor_uwb_scan tid=0x2000ca08 used=2072 free=7912 size=9984 ret=0 run=13 sample=13
89434.391 [0] DBG_STACK name=mesh_route tid=0x2000b038 used=724 free=8748 size=9472 ret=0 run=13 sample=13
89434.391 [0] DBG_STACK name=sysworkq tid=0x2000d980 used=764 free=4612 size=5376 ret=0 run=13 sample=13
89434.420 [0] DBG_STACK name=logging tid=0x2000cec0 used=480 free=1568 size=2048 ret=0 run=13 sample=13
89434.420 [0] DBG_STACK name=idle tid=0x2000d750 used=64 free=256 size=320 ret=0 run=13 sample=13
89434.420 [0] DBG_STACK_SAMPLE_END run=13 sample=13
89434.420 [0] DBG_STACK_RUN_END epoch=3543676270155205024 run=13 kind=anchor_scan owner=anchor_uwb_scan outcome=ack queue=0 custody=0 credit=0 retry=0 drain=0 src=16876665336513972910 dst=11068027678940948070 session=0 seq=0 type=48 samples=1 attempts=1 errors=0 last_error=0 mutex_drops=2 short_drops=0 sequence=0 previous=0 uptime=16126
89434.761 [0] DBG_ANCHOR_CH5_SCAN_HANDLER role=2
89434.794 [0] DBG_DWM_CH5_RX_HUNT_START acq=10 complete=1000 cap=1020
89434.794 [0] DBG_DWM_CH5_RX_HUNT_EMPTY s=16493 e=16503 ret=-116 sys=00000000 phy=2 cfg=1 aw=1 unk=0
89434.794 [0] DBG_ANCHOR_CH5_SCAN_RESCHED ret=1 delay=380
89435.155 [0] DBG_ANCHOR_CH5_SCAN_HANDLER role=2
89435.155 [0] DBG_ANCHOR_CH5_SCAN_ARM now=16885 win=10 complete=15 interval=380 wait=0 tx=0 response=0
89435.186 [0] DBG_DWM_CH5_RX_HUNT_START acq=10 complete=1000 cap=1020
89435.186 [0] DBG_DWM_CH5_RX_HUNT_EMPTY s=16893 e=16903 ret=-116 sys=00000000 phy=2 cfg=1 aw=1 unk=0
89435.186 [0] DBG_ANCHOR_CH5_SCAN_DONE ret=-116 len=0 fail=1 pre=0 q=0 rx_us=10498 complete=1000
89435.186 [0] DBG_ANCHOR_CH5_SCAN_RESCHED ret=1 delay=380
89435.579 [0] DBG_ANCHOR_CH5_SCAN_HANDLER role=2
89435.579 [0] DBG_DWM_CH5_RX_HUNT_START acq=10 complete=1000 cap=1020
89435.579 [0] DBG_DWM_CH5_RX_HUNT_EMPTY s=17293 e=17303 ret=-116 sys=00000000 phy=2 cfg=1 aw=1 unk=0
89435.579 [0] DBG_ANCHOR_CH5_SCAN_RESCHED ret=1 delay=380
89435.579 [0] DBG_STACK_RUN_BEGIN epoch=3543676270155205024 run=14 kind=anchor_scan owner=anchor_uwb_scan queue=0 custody=0 credit=0 retry=0 drain=0 src=16876665336513972910 dst=11068027678940948070 session=0 seq=0 type=48 sequence=0 previous=0 uptime=17305
89435.579 [0] DBG_STACK_SAMPLE_BEGIN epoch=3543676270155205024 run=14 sample=14 kind=anchor_scan owner=anchor_uwb_scan queue=0 custody=0 credit=0 retry=0 drain=0 src=16876665336513972910 dst=11068027678940948070 session=0 seq=0 type=48 uptime=17305
89435.579 [0] DBG_STACK_ISR_CONFIG size=8192 run=14 sample=14
89435.609 [0] DBG_STACK name=anchor_uwb_scan tid=0x2000ca08 used=2072 free=7912 size=9984 ret=0 run=14 sample=14
89435.609 [0] DBG_STACK name=mesh_route tid=0x2000b038 used=724 free=8748 size=9472 ret=0 run=14 sample=14
89435.609 [0] DBG_STACK name=sysworkq tid=0x2000d980 used=764 free=4612 size=5376 ret=0 run=14 sample=14
89435.609 [0] DBG_STACK name=logging tid=0x2000cec0 used=480 free=1568 size=2048 ret=0 run=14 sample=14
89435.609 [0] DBG_STACK name=idle tid=0x2000d750 used=64 free=256 size=320 ret=0 run=14 sample=14
89435.609 [0] DBG_STACK_SAMPLE_END run=14 sample=14
89435.609 [0] DBG_STACK_RUN_END epoch=3543676270155205024 run=14 kind=anchor_scan owner=anchor_uwb_scan outcome=ack queue=0 custody=0 credit=0 retry=0 drain=0 src=16876665336513972910 dst=11068027678940948070 session=0 seq=0 type=48 samples=1 attempts=1 errors=0 last_error=0 mutex_drops=2 short_drops=0 sequence=0 previous=0 uptime=17314
89435.982 [0] DBG_ANCHOR_CH5_SCAN_HANDLER role=2
89435.982 [0] DBG_DWM_CH5_RX_HUNT_START acq=10 complete=1000 cap=1020
89435.982 [0] DBG_DWM_CH5_RX_HUNT_EMPTY s=17693 e=17703 ret=-116 sys=00000000 phy=2 cfg=1 aw=1 unk=0
89435.982 [0] DBG_ANCHOR_CH5_SCAN_RESCHED ret=1 delay=380
89436.378 [0] DBG_ANCHOR_CH5_SCAN_HANDLER role=2
89436.378 [0] DBG_ANCHOR_CH5_SCAN_ARM now=18085 win=10 complete=15 interval=380 wait=0 tx=0 response=0
89436.378 [0] DBG_DWM_CH5_RX_HUNT_START acq=10 complete=1000 cap=1020
89436.378 [0] DBG_DWM_CH5_RX_HUNT_EMPTY s=18093 e=18103 ret=-116 sys=00000000 phy=2 cfg=1 aw=1 unk=0
89436.378 [0] DBG_ANCHOR_CH5_SCAN_DONE ret=-116 len=0 fail=1 pre=0 q=0 rx_us=10894 complete=1000
89436.378 [0] DBG_ANCHOR_CH5_SCAN_RESCHED ret=1 delay=380
89436.766 [0] DBG_ANCHOR_CH5_SCAN_HANDLER role=2
89436.766 [0] DBG_DWM_CH5_RX_HUNT_START acq=10 complete=1000 cap=1020
89436.797 [0] DBG_DWM_CH5_RX_HUNT_EMPTY s=18493 e=18503 ret=-116 sys=00000000 phy=2 cfg=1 aw=1 unk=0
89436.797 [0] DBG_ANCHOR_CH5_SCAN_RESCHED ret=1 delay=380
89436.797 [0] DBG_STACK_RUN_BEGIN epoch=3543676270155205024 run=15 kind=anchor_scan owner=anchor_uwb_scan queue=0 custody=0 credit=0 retry=0 drain=0 src=16876665336513972910 dst=11068027678940948070 session=0 seq=0 type=48 sequence=0 previous=0 uptime=18504
89436.797 [0] DBG_STACK_SAMPLE_BEGIN epoch=3543676270155205024 run=15 sample=15 kind=anchor_scan owner=anchor_uwb_scan queue=0 custody=0 credit=0 retry=0 drain=0 src=16876665336513972910 dst=11068027678940948070 session=0 seq=0 type=48 uptime=18505
89436.797 [0] DBG_STACK_ISR_CONFIG size=8192 run=15 sample=15
89436.797 [0] DBG_STACK name=anchor_uwb_scan tid=0x2000ca08 used=2072 free=7912 size=9984 ret=0 run=15 sample=15
89436.797 [0] DBG_STACK name=mesh_route tid=0x2000b038 used=724 free=8748 size=9472 ret=0 run=15 sample=15
89436.797 [0] DBG_STACK name=sysworkq tid=0x2000d980 used=764 free=4612 size=5376 ret=0 run=15 sample=15
89436.825 [0] DBG_STACK name=logging tid=0x2000cec0 used=480 free=1568 size=2048 ret=0 run=15 sample=15
89436.825 [0] DBG_STACK name=idle tid=0x2000d750 used=64 free=256 size=320 ret=0 run=15 sample=15
89436.825 [0] DBG_STACK_SAMPLE_END run=15 sample=15
89436.825 [0] DBG_STACK_RUN_END epoch=3543676270155205024 run=15 kind=anchor_scan owner=anchor_uwb_scan outcome=ack queue=0 custody=0 credit=0 retry=0 drain=0 src=16876665336513972910 dst=11068027678940948070 session=0 seq=0 type=48 samples=1 attempts=1 errors=0 last_error=0 mutex_drops=2 short_drops=0 sequence=0 previous=0 uptime=18532
89437.163 [0] DBG_ANCHOR_CH5_SCAN_HANDLER role=2
89437.163 [0] DBG_DWM_CH5_RX_HUNT_START acq=10 complete=1000 cap=1020
89437.197 [0] DBG_DWM_CH5_RX_HUNT_EMPTY s=18893 e=18903 ret=-116 sys=00000000 phy=2 cfg=1 aw=1 unk=0
89437.197 [0] DBG_ANCHOR_CH5_SCAN_RESCHED ret=1 delay=380
89437.554 [0] DBG_ANCHOR_CH5_SCAN_HANDLER role=2
89437.554 [0] DBG_ANCHOR_CH5_SCAN_ARM now=19285 win=10 complete=15 interval=380 wait=0 tx=0 response=0
89437.590 [0] DBG_DWM_CH5_RX_HUNT_START acq=10 complete=1000 cap=1020
89437.590 [0] DBG_DWM_CH5_RX_HUNT_EMPTY s=19293 e=19303 ret=-116 sys=00000000 phy=2 cfg=1 aw=1 unk=0
89437.590 [0] DBG_ANCHOR_CH5_SCAN_DONE ret=-116 len=0 fail=1 pre=0 q=0 rx_us=10498 complete=1000
89437.590 [0] DBG_ANCHOR_CH5_SCAN_RESCHED ret=1 delay=380
89437.995 [0] DBG_ANCHOR_CH5_SCAN_HANDLER role=2
89437.995 [0] DBG_DWM_CH5_RX_HUNT_START acq=10 complete=1000 cap=1020
89437.995 [0] DBG_DWM_CH5_RX_HUNT_EMPTY s=19693 e=19703 ret=-116 sys=00000000 phy=2 cfg=1 aw=1 unk=0
89437.995 [0] DBG_ANCHOR_CH5_SCAN_RESCHED ret=1 delay=380
89437.995 [0] DBG_STACK_RUN_BEGIN epoch=3543676270155205024 run=16 kind=anchor_scan owner=anchor_uwb_scan queue=0 custody=0 credit=0 retry=0 drain=0 src=16876665336513972910 dst=11068027678940948070 session=0 seq=0 type=48 sequence=0 previous=0 uptime=19704
89437.995 [0] DBG_STACK_SAMPLE_BEGIN epoch=3543676270155205024 run=16 sample=16 kind=anchor_scan owner=anchor_uwb_scan queue=0 custody=0 credit=0 retry=0 drain=0 src=16876665336513972910 dst=11068027678940948070 session=0 seq=0 type=48 uptime=19705
89437.995 [0] DBG_STACK_ISR_CONFIG size=8192 run=16 sample=16
89437.995 [0] DBG_STACK name=anchor_uwb_scan tid=0x2000ca08 used=2072 free=7912 size=9984 ret=0 run=16 sample=16
89437.995 [0] DBG_STACK name=mesh_route tid=0x2000b038 used=724 free=8748 size=9472 ret=0 run=16 sample=16
89438.033 [0] DBG_STACK name=sysworkq tid=0x2000d980 used=764 free=4612 size=5376 ret=0 run=16 sample=16
89438.033 [0] DBG_STACK name=logging tid=0x2000cec0 used=480 free=1568 size=2048 ret=0 run=16 sample=16
89438.033 [0] DBG_STACK name=idle tid=0x2000d750 used=64 free=256 size=320 ret=0 run=16 sample=16
89438.033 [0] DBG_STACK_SAMPLE_END run=16 sample=16
89438.033 [0] DBG_STACK_RUN_END epoch=3543676270155205024 run=16 kind=anchor_scan owner=anchor_uwb_scan outcome=ack queue=0 custody=0 credit=0 retry=0 drain=0 src=16876665336513972910 dst=11068027678940948070 session=0 seq=0 type=48 samples=1 attempts=1 errors=0 last_error=0 mutex_drops=2 short_drops=0 sequence=0 previous=0 uptime=19730
89438.367 [0] DBG_ANCHOR_CH5_SCAN_HANDLER role=2
89438.367 [0] DBG_DWM_CH5_RX_HUNT_START acq=10 complete=1000 cap=1020
89438.401 [0] DBG_DWM_CH5_RX_HUNT_EMPTY s=20093 e=20103 ret=-116 sys=00000000 phy=2 cfg=1 aw=1 unk=0
89438.401 [0] DBG_ANCHOR_CH5_SCAN_RESCHED ret=1 delay=380
89438.770 [0] DBG_ANCHOR_CH5_SCAN_HANDLER role=2
89438.770 [0] DBG_ANCHOR_CH5_SCAN_ARM now=20485 win=10 complete=15 interval=380 wait=0 tx=0 response=0
89438.770 [0] DBG_DWM_CH5_RX_HUNT_START acq=10 complete=1000 cap=1020
89438.806 [0] DBG_DWM_CH5_RX_HUNT_EMPTY s=20493 e=20503 ret=-116 sys=00000000 phy=2 cfg=1 aw=1 unk=0
89438.806 [0] DBG_ANCHOR_CH5_SCAN_DONE ret=-116 len=0 fail=1 pre=0 q=0 rx_us=10498 complete=1000
89438.806 [0] DBG_ANCHOR_CH5_SCAN_RESCHED ret=1 delay=380
89439.165 [0] DBG_ANCHOR_CH5_SCAN_HANDLER role=2
89439.165 [0] DBG_DWM_CH5_RX_HUNT_START acq=10 complete=1000 cap=1020
89439.206 [0] DBG_DWM_CH5_RX_HUNT_EMPTY s=20893 e=20903 ret=-116 sys=00000000 phy=2 cfg=1 aw=1 unk=0
89439.206 [0] DBG_ANCHOR_CH5_SCAN_RESCHED ret=1 delay=380
89439.206 [0] DBG_STACK_RUN_BEGIN epoch=3543676270155205024 run=17 kind=anchor_scan owner=anchor_uwb_scan queue=0 custody=0 credit=0 retry=0 drain=0 src=16876665336513972910 dst=11068027678940948070 session=0 seq=0 type=48 sequence=0 previous=0 uptime=20904
89439.206 [0] DBG_STACK_SAMPLE_BEGIN epoch=3543676270155205024 run=17 sample=17 kind=anchor_scan owner=anchor_uwb_scan queue=0 custody=0 credit=0 retry=0 drain=0 src=16876665336513972910 dst=11068027678940948070 session=0 seq=0 type=48 uptime=20905
89439.206 [0] DBG_STACK_ISR_CONFIG size=8192 run=17 sample=17
89439.206 [0] DBG_STACK name=anchor_uwb_scan tid=0x2000ca08 used=2072 free=7912 size=9984 ret=0 run=17 sample=17
89439.206 [0] DBG_STACK name=mesh_route tid=0x2000b038 used=724 free=8748 size=9472 ret=0 run=17 sample=17
89439.206 [0] DBG_STACK name=sysworkq tid=0x2000d980 used=764 free=4612 size=5376 ret=0 run=17 sample=17
89439.249 [0] DBG_STACK name=logging tid=0x2000cec0 used=480 free=1568 size=2048 ret=0 run=17 sample=17
89439.249 [0] DBG_STACK name=idle tid=0x2000d750 used=64 free=256 size=320 ret=0 run=17 sample=17
89439.249 [0] DBG_STACK_SAMPLE_END run=17 sample=17
89439.249 [0] DBG_STACK_RUN_END epoch=3543676270155205024 run=17 kind=anchor_scan owner=anchor_uwb_scan outcome=ack queue=0 custody=0 credit=0 retry=0 drain=0 src=16876665336513972910 dst=11068027678940948070 session=0 seq=0 type=48 samples=1 attempts=1 errors=0 last_error=0 mutex_drops=2 short_drops=0 sequence=0 previous=0 uptime=20941
89439.574 [0] DBG_ANCHOR_CH5_SCAN_HANDLER role=2
89439.574 [0] DBG_DWM_CH5_RX_HUNT_START acq=10 complete=1000 cap=1020
89439.574 [0] DBG_DWM_CH5_RX_HUNT_EMPTY s=21293 e=21303 ret=-116 sys=00000000 phy=2 cfg=1 aw=1 unk=0
89439.574 [0] DBG_ANCHOR_CH5_SCAN_RESCHED ret=1 delay=380
89439.991 [0] DBG_ANCHOR_CH5_SCAN_HANDLER role=2
89439.991 [0] DBG_ANCHOR_CH5_SCAN_ARM now=21685 win=10 complete=15 interval=380 wait=0 tx=0 response=0
89439.991 [0] DBG_DWM_CH5_RX_HUNT_START acq=10 complete=1000 cap=1020
89439.991 [0] DBG_DWM_CH5_RX_ACTIVITY_EXTEND ret=0 status=0x00000100 complete=1000
89439.991 [0] DBG_DWM_CH5_RX_ACTIVITY_WAIT status=0x00000100 remain=1000
89439.991 [0] DBG_DWM_RF_SCOPE_DROP local=3 remote=1 remote_clicker=0
89439.991 [0] DBG_DWM_CH5_RX_ACTIVITY_WAIT status=0x00000100 remain=1000
89439.991 [0] DBG_DWM_RF_SCOPE_DROP local=3 remote=1 remote_clicker=0
89439.991 [0] DBG_DWM_CH5_RX_ACTIVITY_FAIL ret=0 status=0x00006f00 last=0x00006f00 fail=1 activity=0 rearm=1
89439.991 [0] DBG_ANCHOR_CH5_SCAN_DONE ret=-116 len=0 fail=1 pre=0 q=0 rx_us=12359 complete=1000
89439.991 [0] DBG_ANCHOR_CH5_SCAN_RESCHED ret=1 delay=380
89440.370 [0] DBG_ANCHOR_CH5_SCAN_HANDLER role=2
89440.370 [0] DBG_DWM_CH5_RX_HUNT_START acq=10 complete=1000 cap=1020
89440.411 [0] DBG_DWM_CH5_RX_HUNT_EMPTY s=22095 e=22105 ret=-116 sys=00000000 phy=2 cfg=1 aw=1 unk=0
89440.411 [0] DBG_STACK_RUN_BEGIN epoch=3543676270155205024 run=18 kind=anchor_scan owner=anchor_uwb_scan queue=0 custody=0 credit=0 retry=0 drain=0 src=16876665336513972910 dst=11068027678940948070 session=0 seq=0 type=48 sequence=0 previous=0 uptime=22106
89440.411 [0] DBG_STACK_SAMPLE_BEGIN epoch=3543676270155205024 run=18 sample=18 kind=anchor_scan owner=anchor_uwb_scan queue=0 custody=0 credit=0 retry=0 drain=0 src=16876665336513972910 dst=11068027678940948070 session=0 seq=0 type=48 uptime=22107
89440.411 [0] DBG_STACK_ISR_CONFIG size=8192 run=18 sample=18
89440.411 [0] DBG_STACK name=anchor_uwb_scan tid=0x2000ca08 used=2072 free=7912 size=9984 ret=0 run=18 sample=18
89440.411 [0] DBG_STACK name=mesh_route tid=0x2000b038 used=724 free=8748 size=9472 ret=0 run=18 sample=18
89440.411 [0] DBG_STACK name=sysworkq tid=0x2000d980 used=764 free=4612 size=5376 ret=0 run=18 sample=18
89440.411 [0] DBG_STACK name=logging tid=0x2000cec0 used=480 free=1568 size=2048 ret=0 run=18 sample=18
89440.448 [0] DBG_STACK name=idle tid=0x2000d750 used=64 free=256 size=320 ret=0 run=18 sample=18
89440.448 [0] DBG_STACK_SAMPLE_END run=18 sample=18
89440.448 [0] DBG_STACK_RUN_END epoch=3543676270155205024 run=18 kind=anchor_scan owner=anchor_uwb_scan outcome=ack queue=0 custody=0 credit=0 retry=0 drain=0 src=16876665336513972910 dst=11068027678940948070 session=0 seq=0 type=48 samples=1 attempts=1 errors=0 last_error=0 mutex_drops=3 short_drops=0 sequence=0 previous=0 uptime=22146
89440.773 [0] DBG_ANCHOR_CH5_SCAN_HANDLER role=2
89440.773 [0] DBG_DWM_CH5_RX_HUNT_START acq=10 complete=1000 cap=1020
89440.807 [0] DBG_DWM_CH5_RX_HUNT_EMPTY s=22500 e=22510 ret=-116 sys=00000000 phy=2 cfg=1 aw=1 unk=0
89440.807 [0] DBG_ANCHOR_CH5_SCAN_RESCHED ret=1 delay=380
89441.190 [0] DBG_ANCHOR_CH5_SCAN_HANDLER role=2
89441.190 [0] DBG_ANCHOR_CH5_SCAN_ARM now=22891 win=10 complete=15 interval=380 wait=0 tx=0 response=0
89441.190 [0] DBG_DWM_CH5_RX_HUNT_START acq=10 complete=1000 cap=1020
89441.190 [0] DBG_DWM_CH5_RX_HUNT_EMPTY s=22900 e=22910 ret=-116 sys=00000000 phy=2 cfg=1 aw=1 unk=0
89441.190 [0] DBG_ANCHOR_CH5_SCAN_DONE ret=-116 len=0 fail=1 pre=0 q=0 rx_us=10681 complete=1000
89441.190 [0] DBG_ANCHOR_CH5_SCAN_RESCHED ret=1 delay=380
89441.568 [0] DBG_ANCHOR_CH5_SCAN_HANDLER role=2
89441.616 [0] DBG_DWM_CH5_RX_HUNT_START acq=10 complete=1000 cap=1020
89441.616 [0] DBG_DWM_CH5_RX_HUNT_EMPTY s=23300 e=23310 ret=-116 sys=00000000 phy=2 cfg=1 aw=1 unk=0
89441.616 [0] DBG_ANCHOR_CH5_SCAN_RESCHED ret=1 delay=380
89441.616 [0] DBG_STACK_RUN_BEGIN epoch=3543676270155205024 run=19 kind=anchor_scan owner=anchor_uwb_scan queue=0 custody=0 credit=0 retry=0 drain=0 src=16876665336513972910 dst=11068027678940948070 session=0 seq=0 type=48 sequence=0 previous=0 uptime=23312
89441.616 [0] DBG_STACK_SAMPLE_BEGIN epoch=3543676270155205024 run=19 sample=19 kind=anchor_scan owner=anchor_uwb_scan queue=0 custody=0 credit=0 retry=0 drain=0 src=16876665336513972910 dst=11068027678940948070 session=0 seq=0 type=48 uptime=23312
89441.616 [0] DBG_STACK_ISR_CONFIG size=8192 run=19 sample=19
89441.616 [0] DBG_STACK name=anchor_uwb_scan tid=0x2000ca08 used=2072 free=7912 size=9984 ret=0 run=19 sample=19
89441.616 [0] DBG_STACK name=mesh_route tid=0x2000b038 used=724 free=8748 size=9472 ret=0 run=19 sample=19
89441.616 [0] DBG_STACK name=sysworkq tid=0x2000d980 used=764 free=4612 size=5376 ret=0 run=19 sample=19
89441.659 [0] DBG_STACK name=logging tid=0x2000cec0 used=480 free=1568 size=2048 ret=0 run=19 sample=19
89441.659 [0] DBG_STACK name=idle tid=0x2000d750 used=64 free=256 size=320 ret=0 run=19 sample=19
89441.659 [0] DBG_STACK_SAMPLE_END run=19 sample=19
89441.659 [0] DBG_STACK_RUN_END epoch=3543676270155205024 run=19 kind=anchor_scan owner=anchor_uwb_scan outcome=ack queue=0 custody=0 credit=0 retry=0 drain=0 src=16876665336513972910 dst=11068027678940948070 session=0 seq=0 type=48 samples=1 attempts=1 errors=0 last_error=0 mutex_drops=3 short_drops=0 sequence=0 previous=0 uptime=23352
89441.981 [0] DBG_ANCHOR_CH5_SCAN_HANDLER role=2
89441.981 [0] DBG_DWM_CH5_RX_HUNT_START acq=10 complete=1000 cap=1020
89441.981 [0] DBG_DWM_CH5_RX_HUNT_EMPTY s=23700 e=23710 ret=-116 sys=00000000 phy=2 cfg=1 aw=1 unk=0
89441.981 [0] DBG_ANCHOR_CH5_SCAN_RESCHED ret=1 delay=380
89442.381 [0] DBG_ANCHOR_CH5_SCAN_HANDLER role=2
89442.381 [0] DBG_ANCHOR_CH5_SCAN_ARM now=24092 win=10 complete=15 interval=380 wait=0 tx=0 response=0
89442.381 [0] DBG_DWM_CH5_RX_HUNT_START acq=10 complete=1000 cap=1020
89442.381 [0] DBG_DWM_CH5_RX_HUNT_EMPTY s=24100 e=24110 ret=-116 sys=00000000 phy=2 cfg=1 aw=1 unk=0
89442.381 [0] DBG_ANCHOR_CH5_SCAN_DONE ret=-116 len=0 fail=1 pre=0 q=0 rx_us=10742 complete=1000
89442.413 [0] DBG_ANCHOR_CH5_SCAN_RESCHED ret=1 delay=380
89442.790 [0] DBG_ANCHOR_CH5_SCAN_HANDLER role=2
89442.790 [0] DBG_DWM_CH5_RX_HUNT_START acq=10 complete=1000 cap=1020
89442.790 [0] DBG_DWM_CH5_RX_HUNT_EMPTY s=24500 e=24510 ret=-116 sys=00000000 phy=2 cfg=1 aw=1 unk=0
89442.790 [0] DBG_STACK_RUN_BEGIN epoch=3543676270155205024 run=20 kind=anchor_scan owner=anchor_uwb_scan queue=0 custody=0 credit=0 retry=0 drain=0 src=16876665336513972910 dst=11068027678940948070 session=0 seq=0 type=48 sequence=0 previous=0 uptime=24511
89442.790 [0] DBG_STACK_SAMPLE_BEGIN epoch=3543676270155205024 run=20 sample=20 kind=anchor_scan owner=anchor_uwb_scan queue=0 custody=0 credit=0 retry=0 drain=0 src=16876665336513972910 dst=11068027678940948070 session=0 seq=0 type=48 uptime=24512
89442.790 [0] DBG_STACK_ISR_CONFIG size=8192 run=20 sample=20
89442.790 [0] DBG_STACK name=anchor_uwb_scan tid=0x2000ca08 used=2072 free=7912 size=9984 ret=0 run=20 sample=20
89442.790 [0] DBG_STACK name=mesh_route tid=0x2000b038 used=724 free=8748 size=9472 ret=0 run=20 sample=20
89442.790 [0] DBG_STACK name=sysworkq tid=0x2000d980 used=764 free=4612 size=5376 ret=0 run=20 sample=20
89442.826 [0] DBG_STACK name=logging tid=0x2000cec0 used=480 free=1568 size=2048 ret=0 run=20 sample=20
89442.826 [0] DBG_STACK name=idle tid=0x2000d750 used=64 free=256 size=320 ret=0 run=20 sample=20
89442.826 [0] DBG_STACK_SAMPLE_END run=20 sample=20
89442.826 [0] DBG_STACK_RUN_END epoch=3543676270155205024 run=20 kind=anchor_scan owner=anchor_uwb_scan outcome=ack queue=0 custody=0 credit=0 retry=0 drain=0 src=16876665336513972910 dst=11068027678940948070 session=0 seq=0 type=48 samples=1 attempts=1 errors=0 last_error=0 mutex_drops=4 short_drops=0 sequence=0 previous=0 uptime=24525
89443.171 [0] DBG_ANCHOR_CH5_SCAN_HANDLER role=2
89443.171 [0] DBG_DWM_CH5_RX_HUNT_START acq=10 complete=1000 cap=1020
89443.203 [0] DBG_DWM_CH5_RX_HUNT_EMPTY s=24900 e=24910 ret=-116 sys=00000000 phy=2 cfg=1 aw=1 unk=0
89443.203 [0] DBG_ANCHOR_CH5_SCAN_RESCHED ret=1 delay=380
89443.591 [0] DBG_ANCHOR_CH5_SCAN_HANDLER role=2
89443.591 [0] DBG_ANCHOR_CH5_SCAN_ARM now=25292 win=10 complete=15 interval=380 wait=0 tx=0 response=0
89443.591 [0] DBG_DWM_CH5_RX_HUNT_START acq=10 complete=1000 cap=1020
89443.591 [0] DBG_DWM_CH5_RX_HUNT_EMPTY s=25300 e=25310 ret=-116 sys=00000000 phy=2 cfg=1 aw=1 unk=0
89443.591 [0] DBG_ANCHOR_CH5_SCAN_DONE ret=-116 len=0 fail=1 pre=0 q=0 rx_us=10498 complete=1000
89443.591 [0] DBG_ANCHOR_CH5_SCAN_RESCHED ret=1 delay=380
89443.961 [0] DBG_ANCHOR_CH5_SCAN_HANDLER role=2
89444.000 [0] DBG_DWM_CH5_RX_HUNT_START acq=10 complete=1000 cap=1020
89444.000 [0] DBG_DWM_CH5_RX_HUNT_EMPTY s=25700 e=25710 ret=-116 sys=00000000 phy=2 cfg=1 aw=1 unk=0
89444.000 [0] DBG_ANCHOR_CH5_SCAN_RESCHED ret=1 delay=380
89444.000 [0] DBG_STACK_RUN_BEGIN epoch=3543676270155205024 run=21 kind=anchor_scan owner=anchor_uwb_scan queue=0 custody=0 credit=0 retry=0 drain=0 src=16876665336513972910 dst=11068027678940948070 session=0 seq=0 type=48 sequence=0 previous=0 uptime=25712
89444.000 [0] DBG_STACK_SAMPLE_BEGIN epoch=3543676270155205024 run=21 sample=21 kind=anchor_scan owner=anchor_uwb_scan queue=0 custody=0 credit=0 retry=0 drain=0 src=16876665336513972910 dst=11068027678940948070 session=0 seq=0 type=48 uptime=25712
89444.000 [0] DBG_STACK_ISR_CONFIG size=8192 run=21 sample=21
89444.000 [0] DBG_STACK name=anchor_uwb_scan tid=0x2000ca08 used=2072 free=7912 size=9984 ret=0 run=21 sample=21
89444.000 [0] DBG_STACK name=mesh_route tid=0x2000b038 used=724 free=8748 size=9472 ret=0 run=21 sample=21
89444.000 [0] DBG_STACK name=sysworkq tid=0x2000d980 used=764 free=4612 size=5376 ret=0 run=21 sample=21
89444.037 [0] DBG_STACK name=logging tid=0x2000cec0 used=480 free=1568 size=2048 ret=0 run=21 sample=21
89444.037 [0] DBG_STACK name=idle tid=0x2000d750 used=64 free=256 size=320 ret=0 run=21 sample=21
89444.037 [0] DBG_STACK_SAMPLE_END run=21 sample=21
89444.037 [0] DBG_STACK_RUN_END epoch=3543676270155205024 run=21 kind=anchor_scan owner=anchor_uwb_scan outcome=ack queue=0 custody=0 credit=0 retry=0 drain=0 src=16876665336513972910 dst=11068027678940948070 session=0 seq=0 type=48 samples=1 attempts=1 errors=0 last_error=0 mutex_drops=4 short_drops=0 sequence=0 previous=0 uptime=25735
89444.377 [0] DBG_ANCHOR_CH5_SCAN_HANDLER role=2
89444.377 [0] DBG_DWM_CH5_RX_HUNT_START acq=10 complete=1000 cap=1020
89444.411 [0] DBG_DWM_CH5_RX_HUNT_EMPTY s=26100 e=26110 ret=-116 sys=00000000 phy=2 cfg=1 aw=1 unk=0
89444.411 [0] DBG_ANCHOR_CH5_SCAN_RESCHED ret=1 delay=380
89444.783 [0] DBG_ANCHOR_CH5_SCAN_HANDLER role=2
89444.783 [0] DBG_ANCHOR_CH5_SCAN_ARM now=26492 win=10 complete=15 interval=380 wait=0 tx=0 response=0
89444.783 [0] DBG_DWM_CH5_RX_HUNT_START acq=10 complete=1000 cap=1020
89444.783 [0] DBG_DWM_CH5_RX_HUNT_EMPTY s=26500 e=26510 ret=-116 sys=00000000 phy=2 cfg=1 aw=1 unk=0
89444.783 [0] DBG_ANCHOR_CH5_SCAN_DONE ret=-116 len=0 fail=1 pre=0 q=0 rx_us=10467 complete=1000
89444.783 [0] DBG_ANCHOR_CH5_SCAN_RESCHED ret=1 delay=380
89445.177 [0] DBG_ANCHOR_CH5_SCAN_HANDLER role=2
89445.177 [0] DBG_DWM_CH5_RX_HUNT_START acq=10 complete=1000 cap=1020
89445.177 [0] DBG_DWM_CH5_RX_ACTIVITY_EXTEND ret=0 status=0x00000100 complete=1000
89445.177 [0] DBG_DWM_CH5_RX_ACTIVITY_WAIT status=0x00000100 remain=1000
89445.177 [0] DBG_DWM_CH5_RX_ACTIVITY_DONE raw=76 payload=74 status=0x00006f00 rearm=0 extended=1
89445.177 [0] DBG_ANCHOR_CH5_SCAN_DONE ret=0 len=74 fail=0 pre=1 q=100 rx_us=10000 complete=1000
89445.177 [0] DBG_UWB_RX_CH5
89445.177 [0] DBG_ANCHOR_CH5_FRAME len=74 q=100 wake_ret=0
89445.177 [0] DBG_ANCHOR_ROUTE_WAKE_DISPATCH src=0x9699122bd60a64e3 evt=27491 attempt=1 flags=0x92 len=74 q=100
89445.216 [0] DBG_C5_CONTACT phase=open state=2 peer=0x9699122bd60a64e3 purpose=route_solicit reason=wake-claim
89445.216 [0] DBG_C5_CONTACT phase=accepted state=2 peer=0x9699122bd60a64e3 purpose=route_solicit reason=wake-claim
89445.216 [0] DBG_ROUTE_ACTIVATION_LISTEN valid=1 now=26907 start=27398 relay=28898 listen=1991
89445.216 [0] DBG_ANCHOR_ROUTE_WAKE_HANDOFF src=0x9699122bd60a64e3 evt=27491 attempt=1 flags=0x92 embedded=0 hop=0 listen=1991
89445.216 [0] DBG_ROUTE_REPLY_LISTEN_START
89445.216 [0] DBG_DWM_INVALIDATE tag=configure_radio_from_reset active_phy=2 configured=1 awake=1
89445.216 [0] DBG_STACK_RUN_BEGIN epoch=3543676270155205024 run=22 kind=anchor_scan owner=anchor_uwb_scan queue=0 custody=0 credit=0 retry=0 drain=0 src=16876665336513972910 dst=11068027678940948070 session=0 seq=0 type=48 sequence=0 previous=0 uptime=26911
89445.216 [0] DBG_STACK_SAMPLE_BEGIN epoch=3543676270155205024 run=22 sample=22 kind=anchor_scan owner=anchor_uwb_scan queue=0 custody=0 credit=0 retry=0 drain=0 src=16876665336513972910 dst=11068027678940948070 session=0 seq=0 type=48 uptime=26912
89445.269 [0] DBG_STACK_ISR_CONFIG size=8192 run=22 sample=22
89445.269 [0] DBG_STACK name=anchor_uwb_scan tid=0x2000ca08 used=2736 free=7248 size=9984 ret=0 run=22 sample=22
89445.269 [0] DBG_STACK name=mesh_route tid=0x2000b038 used=724 free=8748 size=9472 ret=0 run=22 sample=22
89445.269 [0] DBG_STACK name=sysworkq tid=0x2000d980 used=764 free=4612 size=5376 ret=0 run=22 sample=22
89445.269 [0] DBG_STACK name=logging tid=0x2000cec0 used=480 free=1568 size=2048 ret=0 run=22 sample=22
89445.269 [0] DBG_STACK name=idle tid=0x2000d750 used=64 free=256 size=320 ret=0 run=22 sample=22
89445.269 [0] DBG_STACK_SAMPLE_END run=22 sample=22
89445.269 [0] DBG_STACK_RUN_END epoch=3543676270155205024 run=22 kind=anchor_scan owner=anchor_uwb_scan outcome=ack queue=0 custody=0 credit=0 retry=0 drain=0 src=16876665336513972910 dst=11068027678940948070 session=0 seq=0 type=48 samples=1 attempts=1 errors=0 last_error=0 mutex_drops=9 short_drops=1 sequence=0 previous=0 uptime=26955
89445.269 [0] DBG_DWM_MARK_UNCONFIGURED tag=initialise_radio prev_phy=0
89445.269 [0] DBG_DWM_PHY_SWITCH from=4 to=2 fast=0 us=26092
89445.311 [0] DBG_DWM_PHY_SWITCH from=2 to=4 fast=0 us=21515
89445.311 [0] DBG_DWM_MARK_UNCONFIGURED tag=initialise_radio prev_phy=0
89445.311 [0] DBG_DWM_PHY_SWITCH from=4 to=2 fast=0 us=21515
89445.311 [0] DBG_DWM_CH5_RX_HUNT_START acq=61 complete=1000 cap=1020
89445.311 [0] DBG_DWM_CH5_RX_ACTIVITY_EXTEND ret=0 status=0x00000100 complete=1000
89445.311 [0] DBG_DWM_CH5_RX_ACTIVITY_WAIT status=0x00000100 remain=1000
89445.311 [0] DBG_DWM_CH5_RX_ACTIVITY_DONE raw=76 payload=74 status=0x00006f00 rearm=0 extended=1
89445.311 [0] DBG_C5_CONTACT phase=accepted state=2 peer=0x9699122bd60a64e3 purpose=route_solicit reason=wake-claim
89445.311 [0] DBG_DWM_INVALIDATE tag=configure_radio_from_reset active_phy=2 configured=1 awake=1
89445.311 [0] DBG_DWM_MARK_UNCONFIGURED tag=initialise_radio prev_phy=0
89445.354 [0] DBG_DWM_PHY_SWITCH from=2 to=4 fast=0 us=21545
89445.354 [0] DBG_DWM_WAKE_MESH_CTRL_OK sfd=1033
89445.354 [0] DBG_ROUTE_REPLY_CLICK_PROBE_DONE duration_ms=48 outcome=activation ret=0
89445.354 [0] DBG_ROUTE_REPLY_ACTIVATION_RETAIN
89445.354 [0] DBG_DWM_INVALIDATE tag=configure_radio_from_reset active_phy=4 configured=1 awake=1
89445.354 [0] DBG_DWM_MARK_UNCONFIGURED tag=initialise_radio prev_phy=0
89445.354 [0] DBG_DWM_PHY_SWITCH from=4 to=2 fast=0 us=20904
89445.354 [0] DBG_DWM_CH5_RX_HUNT_START acq=61 complete=1000 cap=1020
89445.354 [0] DBG_DWM_CH5_RX_ACTIVITY_EXTEND ret=0 status=0x00000100 complete=1000
89445.354 [0] DBG_DWM_CH5_RX_ACTIVITY_WAIT status=0x00000100 remain=1000
89445.354 [0] DBG_DWM_CH5_RX_ACTIVITY_DONE raw=76 payload=74 status=0x00006f00 rearm=0 extended=1
89445.354 [0] DBG_C5_CONTACT phase=accepted state=2 peer=0x9699122bd60a64e3 purpose=route_solicit reason=wake-claim
89445.354 [0] DBG_DWM_INVALIDATE tag=configure_radio_from_reset active_phy=2 configured=1 awake=1
89445.394 [0] DBG_DWM_MARK_UNCONFIGURED tag=initialise_radio prev_phy=0
89445.394 [0] DBG_DWM_PHY_SWITCH from=2 to=4 fast=0 us=20935
89445.394 [0] DBG_DWM_WAKE_MESH_CTRL_OK sfd=1033
89445.394 [0] DBG_ROUTE_REPLY_CLICK_PROBE_DONE duration_ms=47 outcome=activation ret=0
89445.394 [0] DBG_ROUTE_REPLY_ACTIVATION_RETAIN
89445.394 [0] DBG_DWM_INVALIDATE tag=configure_radio_from_reset active_phy=4 configured=1 awake=1
89445.394 [0] DBG_DWM_MARK_UNCONFIGURED tag=initialise_radio prev_phy=0
89445.394 [0] DBG_DWM_PHY_SWITCH from=4 to=2 fast=0 us=20965
89445.394 [0] DBG_DWM_CH5_RX_HUNT_START acq=61 complete=1000 cap=1020
89445.394 [0] DBG_DWM_CH5_RX_ACTIVITY_EXTEND ret=0 status=0x00000100 complete=1000
89445.394 [0] DBG_DWM_CH5_RX_ACTIVITY_WAIT status=0x00000100 remain=1000
89445.394 [0] DBG_DWM_CH5_RX_ACTIVITY_DONE raw=76 payload=74 status=0x00006f00 rearm=0 extended=1
89445.394 [0] DBG_C5_CONTACT phase=accepted state=2 peer=0x9699122bd60a64e3 purpose=route_solicit reason=wake-claim
89445.394 [0] DBG_DWM_INVALIDATE tag=configure_radio_from_reset active_phy=2 configured=1 awake=1
89445.445 [0] DBG_DWM_MARK_UNCONFIGURED tag=initialise_radio prev_phy=0
89445.445 [0] DBG_DWM_PHY_SWITCH from=2 to=4 fast=0 us=20935
89445.445 [0] DBG_DWM_WAKE_MESH_CTRL_OK sfd=1033
89445.445 [0] DBG_ROUTE_REPLY_CLICK_PROBE_DONE duration_ms=47 outcome=activation ret=0
89445.445 [0] DBG_ROUTE_REPLY_ACTIVATION_RETAIN
89445.445 [0] DBG_DWM_INVALIDATE tag=configure_radio_from_reset active_phy=4 configured=1 awake=1
89445.445 [0] DBG_DWM_MARK_UNCONFIGURED tag=initialise_radio prev_phy=0
89445.445 [0] DBG_DWM_PHY_SWITCH from=4 to=2 fast=0 us=20905
89445.445 [0] DBG_DWM_CH5_RX_HUNT_START acq=61 complete=1000 cap=1020
89445.445 [0] DBG_DWM_CH5_RX_ACTIVITY_EXTEND ret=0 status=0x00000100 complete=1000
89445.445 [0] DBG_DWM_CH5_RX_ACTIVITY_WAIT status=0x00000100 remain=1000
89445.445 [0] DBG_DWM_CH5_RX_ACTIVITY_DONE raw=76 payload=74 status=0x00006f00 rearm=0 extended=1
89445.445 [0] DBG_C5_CONTACT phase=accepted state=2 peer=0x9699122bd60a64e3 purpose=route_solicit reason=wake-claim
89445.445 [0] DBG_DWM_INVALIDATE tag=configure_radio_from_reset active_phy=2 configured=1 awake=1
89445.492 [0] DBG_DWM_MARK_UNCONFIGURED tag=initialise_radio prev_phy=0
89445.492 [0] DBG_DWM_PHY_SWITCH from=2 to=4 fast=0 us=20904
89445.492 [0] DBG_DWM_WAKE_MESH_CTRL_OK sfd=1033
89445.492 [0] DBG_ROUTE_REPLY_CLICK_PROBE_DONE duration_ms=47 outcome=activation ret=0
89445.492 [0] DBG_ROUTE_REPLY_ACTIVATION_RETAIN
89445.492 [0] DBG_DWM_INVALIDATE tag=configure_radio_from_reset active_phy=4 configured=1 awake=1
89445.492 [0] DBG_DWM_MARK_UNCONFIGURED tag=initialise_radio prev_phy=0
89445.492 [0] DBG_DWM_PHY_SWITCH from=4 to=2 fast=0 us=20935
89445.492 [0] DBG_DWM_CH5_RX_HUNT_START acq=61 complete=1000 cap=1020
89445.563 [0] DBG_DWM_CH5_RX_HUNT_EMPTY s=27214 e=27275 ret=-116 sys=00000000 phy=2 cfg=1 aw=1 unk=0
89445.563 [0] DBG_DWM_INVALIDATE tag=configure_radio_from_reset active_phy=2 configured=1 awake=1
89445.563 [0] DBG_DWM_MARK_UNCONFIGURED tag=initialise_radio prev_phy=0
89445.598 [0] DBG_DWM_PHY_SWITCH from=2 to=4 fast=0 us=21545
89445.598 [0] DBG_DWM_WAKE_MESH_CTRL_OK sfd=1033
89445.598 [0] DBG_ROUTE_REPLY_CLICK_PROBE_DONE duration_ms=104 outcome=restore ret=0
89445.598 [0] DBG_C5_RX_FAIL status=0x04000100 finfo=0x00000000 fail=2 phy=4 ch=5 plen=2 pac=0 txc=9 rxc=9 sfd=2 rate=0 phr=1 phrr=0 sfdto=1
89445.946 [0] DBG_ROUTE_REPLY_RX_FRAME
89445.946 [0] DBG_GATEWAY_ROUTE_ADV_RX
89445.946 [0] DBG_UWB_RX_CH5
89445.946 [0] DBG_MESH_RX_QUEUED ch=5 msg=0x3c src=0x9999888877776666 dst=0x0 prev=0x9699122bd60a64e3 seq=34 q=1
89445.946 [0] DBG_ROUTE_ADV_QUEUED q=1 prev=0x9699122bd60a64e3 seq=34
89445.946 [0] DBG_MESH_RX_DEFERRED q=1 msg=0x3c
89445.946 [0] DBG_C5_GATEWAY_OPERATION_RETAINED msg=0x3c seq=34 click_waiting=0
89445.946 [0] DBG_COORD state=mesh-rx owner=uwb-rx reason=mesh-rx rx=1 tx=0 relay=0 route=0 ack=0 qack=0
89445.946 [0] DBG_ANCHOR_MESH_RX_YIELD reason=anchor-low-duty-ch5-owner ch9=0 delay=0 scan_int=380 scan_win=10 wait=0 q=1
89445.946 [0] DBG_MESH_RX_WORK_WAIT q=1
89445.946 [0] DBG_MESH_RX_WORK_ENTER q=1
89445.946 [0] DBG_MESH_RX_DRAIN_ENTER owner=work q=1
89445.946 [0] DBG_RX_HANDLE msg=0x3c act=0x20040001 st=0 q=0 sel=1 next=0x9699122bd60a64e3 hop=2
89445.946 [0] DBG_C5_CONTACT phase=closing state=4 peer=0x9699122bd60a64e3 purpose=route_solicit reason=replace
89445.946 [0] DBG_C5_CONTACT phase=open state=2 peer=0x9699122bd60a64e3 purpose=route_contact_refresh reason=c5-control-rx
89445.946 [0] DBG_C5_CONTACT phase=accepted state=2 peer=0x9699122bd60a64e3 purpose=route_contact_refresh reason=c5-control-rx
89445.988 [0] DBG_ANCHOR_CH5_SCAN_HANDLER role=2
89445.988 [0] DBG_ANCHOR_CH5_SCAN_BLOCKED win=0 tx=0 retry_gap=0 flood=1 wait=0 rx=0 rxq=0 rxr=0 ack=0 ch9=0 rf=0 retry=5 interval=380
89445.988 [0] DBG_SCAN_SKIPPED reason=blocked
89445.988 [0] DBG_ANCHOR_CH5_SCAN_RESCHED ret=1 delay=5
89445.988 [0] DBG_ANCHOR_CH5_SCAN_HANDLER role=2
89445.988 [0] DBG_ANCHOR_CH5_SCAN_BLOCKED win=0 tx=0 retry_gap=0 flood=1 wait=0 rx=0 rxq=0 rxr=0 ack=0 ch9=0 rf=0 retry=5 interval=380
89445.988 [0] DBG_SCAN_SKIPPED reason=blocked
89445.988 [0] DBG_ANCHOR_CH5_SCAN_RESCHED ret=1 delay=5
89445.988 [0] DBG_ANCHOR_CH5_SCAN_HANDLER role=2
89445.988 [0] DBG_ANCHOR_CH5_SCAN_BLOCKED win=0 tx=0 retry_gap=0 flood=1 wait=0 rx=0 rxq=0 rxr=0 ack=0 ch9=0 rf=0 retry=5 interval=380
89445.988 [0] DBG_SCAN_SKIPPED reason=blocked
89445.988 [0] DBG_ANCHOR_CH5_SCAN_RESCHED ret=1 delay=5
89445.988 [0] DBG_ANCHOR_CH5_SCAN_HANDLER role=2
89445.988 [0] DBG_ANCHOR_CH5_SCAN_BLOCKED win=0 tx=0 retry_gap=0 flood=1 wait=0 rx=0 rxq=0 rxr=0 ack=0 ch9=0 rf=0 retry=5 interval=380
89445.988 [0] DBG_SCAN_SKIPPED reason=blocked
89445.988 [0] DBG_ANCHOR_CH5_SCAN_RESCHED ret=1 delay=5
89445.988 [0] DBG_ANCHOR_CH5_SCAN_HANDLER role=2
89445.988 [0] DBG_SCAN_SKIPPED reason=blocked
89445.988 [0] DBG_ANCHOR_CH5_SCAN_HANDLER role=2
89446.032 [0] DBG_ANCHOR_CH5_SCAN_HANDLER role=2
89446.032 [0] DBG_ANCHOR_CH5_SCAN_BLOCKED win=0 tx=0 retry_gap=0 flood=1 wait=0 rx=0 rxq=0 rxr=0 ack=0 ch9=0 rf=0 retry=5 interval=380
89446.032 [0] DBG_SCAN_SKIPPED reason=blocked
89446.032 [0] DBG_ANCHOR_CH5_SCAN_RESCHED ret=1 delay=5
89446.032 [0] DBG_ANCHOR_CH5_SCAN_HANDLER role=2
89446.032 [0] DBG_ANCHOR_CH5_SCAN_BLOCKED win=0 tx=0 retry_gap=0 flood=1 wait=0 rx=0 rxq=0 rxr=0 ack=0 ch9=0 rf=0 retry=5 interval=380
89446.032 [0] DBG_SCAN_SKIPPED reason=blocked
89446.032 [0] DBG_ANCHOR_CH5_SCAN_RESCHED ret=1 delay=5
89446.032 [0] DBG_ANCHOR_CH5_SCAN_HANDLER role=2
89446.032 [0] DBG_ANCHOR_CH5_SCAN_BLOCKED win=0 tx=0 retry_gap=0 flood=1 wait=0 rx=0 rxq=0 rxr=0 ack=0 ch9=0 rf=0 retry=5 interval=380
89446.032 [0] DBG_SCAN_SKIPPED reason=blocked
89446.032 [0] DBG_ANCHOR_CH5_SCAN_RESCHED ret=1 delay=5
89446.032 [0] DBG_ANCHOR_CH5_SCAN_HANDLER role=2
89446.032 [0] DBG_ANCHOR_CH5_SCAN_BLOCKED win=0 tx=0 retry_gap=0 flood=1 wait=0 rx=0 rxq=0 rxr=0 ack=0 ch9=0 rf=0 retry=5 interval=380
89446.032 [0] DBG_SCAN_SKIPPED reason=blocked
89446.032 [0] DBG_ANCHOR_CH5_SCAN_RESCHED ret=1 delay=5
89446.032 [0] DBG_ANCHOR_CH5_SCAN_HANDLER role=2
89446.032 [0] DBG_SCAN_SKIPPED reason=blocked
89446.032 [0] DBG_ANCHOR_CH5_SCAN_HANDLER role=2
89446.069 [0] DBG_ANCHOR_CH5_SCAN_HANDLER role=2
89446.069 [0] DBG_ANCHOR_CH5_SCAN_BLOCKED win=0 tx=0 retry_gap=0 flood=1 wait=0 rx=0 rxq=0 rxr=0 ack=0 ch9=0 rf=0 retry=5 interval=380
89446.069 [0] DBG_SCAN_SKIPPED reason=blocked
89446.069 [0] DBG_ANCHOR_CH5_SCAN_RESCHED ret=1 delay=5
89446.069 [0] DBG_ANCHOR_CH5_SCAN_HANDLER role=2
89446.069 [0] DBG_ANCHOR_CH5_SCAN_BLOCKED win=0 tx=0 retry_gap=0 flood=1 wait=0 rx=0 rxq=0 rxr=0 ack=0 ch9=0 rf=0 retry=5 interval=380
89446.069 [0] DBG_SCAN_SKIPPED reason=blocked
89446.069 [0] DBG_ANCHOR_CH5_SCAN_RESCHED ret=1 delay=5
89446.069 [0] DBG_ANCHOR_CH5_SCAN_HANDLER role=2
89446.069 [0] DBG_ANCHOR_CH5_SCAN_BLOCKED win=0 tx=0 retry_gap=0 flood=1 wait=0 rx=0 rxq=0 rxr=0 ack=0 ch9=0 rf=0 retry=5 interval=380
89446.069 [0] DBG_SCAN_SKIPPED reason=blocked
89446.069 [0] DBG_ANCHOR_CH5_SCAN_RESCHED ret=1 delay=5
89446.069 [0] DBG_ANCHOR_CH5_SCAN_HANDLER role=2
89446.069 [0] DBG_ANCHOR_CH5_SCAN_BLOCKED win=0 tx=0 retry_gap=0 flood=1 wait=0 rx=0 rxq=0 rxr=0 ack=0 ch9=0 rf=0 retry=5 interval=380
89446.069 [0] DBG_SCAN_SKIPPED reason=blocked
89446.069 [0] DBG_ANCHOR_CH5_SCAN_RESCHED ret=1 delay=5
89446.069 [0] DBG_ANCHOR_CH5_SCAN_HANDLER role=2
89446.069 [0] DBG_SCAN_SKIPPED reason=blocked
89446.108 [0] DBG_ANCHOR_CH5_SCAN_HANDLER role=2
89446.108 [0] DBG_ANCHOR_CH5_SCAN_HANDLER role=2
89446.108 [0] DBG_ANCHOR_CH5_SCAN_BLOCKED win=0 tx=0 retry_gap=0 flood=1 wait=0 rx=0 rxq=0 rxr=0 ack=0 ch9=0 rf=0 retry=5 interval=380
89446.108 [0] DBG_SCAN_SKIPPED reason=blocked
89446.108 [0] DBG_ANCHOR_CH5_SCAN_RESCHED ret=1 delay=5
89446.108 [0] DBG_ANCHOR_CH5_SCAN_HANDLER role=2
89446.108 [0] DBG_ANCHOR_CH5_SCAN_BLOCKED win=0 tx=0 retry_gap=0 flood=1 wait=0 rx=0 rxq=0 rxr=0 ack=0 ch9=0 rf=0 retry=5 interval=380
89446.108 [0] DBG_SCAN_SKIPPED reason=blocked
89446.108 [0] DBG_ANCHOR_CH5_SCAN_RESCHED ret=1 delay=5
89446.108 [0] DBG_ANCHOR_CH5_SCAN_HANDLER role=2
89446.108 [0] DBG_ANCHOR_CH5_SCAN_BLOCKED win=0 tx=0 retry_gap=0 flood=1 wait=0 rx=0 rxq=0 rxr=0 ack=0 ch9=0 rf=0 retry=5 interval=380
89446.108 [0] DBG_SCAN_SKIPPED reason=blocked
89446.108 [0] DBG_ANCHOR_CH5_SCAN_RESCHED ret=1 delay=5
89446.108 [0] DBG_ANCHOR_CH5_SCAN_HANDLER role=2
89446.108 [0] DBG_ANCHOR_CH5_SCAN_BLOCKED win=0 tx=0 retry_gap=0 flood=1 wait=0 rx=0 rxq=0 rxr=0 ack=0 ch9=0 rf=0 retry=5 interval=380
89446.108 [0] DBG_SCAN_SKIPPED reason=blocked
89446.108 [0] DBG_ANCHOR_CH5_SCAN_RESCHED ret=1 delay=5
89446.108 [0] DBG_ANCHOR_CH5_SCAN_HANDLER role=2
89446.108 [0] DBG_SCAN_SKIPPED reason=blocked
89446.146 [0] DBG_ANCHOR_CH5_SCAN_HANDLER role=2
89446.146 [0] DBG_ANCHOR_CH5_SCAN_BLOCKED win=0 tx=0 retry_gap=0 flood=1 wait=0 rx=0 rxq=0 rxr=0 ack=0 ch9=0 rf=0 retry=5 interval=380
89446.146 [0] DBG_SCAN_SKIPPED reason=blocked
89446.146 [0] DBG_ANCHOR_CH5_SCAN_RESCHED ret=1 delay=5
89446.146 [0] DBG_ANCHOR_CH5_SCAN_HANDLER role=2
89446.146 [0] DBG_ANCHOR_CH5_SCAN_BLOCKED win=0 tx=0 retry_gap=0 flood=1 wait=0 rx=0 rxq=0 rxr=0 ack=0 ch9=0 rf=0 retry=5 interval=380
89446.146 [0] DBG_SCAN_SKIPPED reason=blocked
89446.146 [0] DBG_ANCHOR_CH5_SCAN_RESCHED ret=1 delay=5
89446.146 [0] DBG_ANCHOR_CH5_SCAN_HANDLER role=2
89446.146 [0] DBG_ANCHOR_CH5_SCAN_BLOCKED win=0 tx=0 retry_gap=0 flood=1 wait=0 rx=0 rxq=0 rxr=0 ack=0 ch9=0 rf=0 retry=5 interval=380
89446.146 [0] DBG_SCAN_SKIPPED reason=blocked
89446.146 [0] DBG_ANCHOR_CH5_SCAN_RESCHED ret=1 delay=5
89446.146 [0] DBG_ANCHOR_CH5_SCAN_HANDLER role=2
89446.146 [0] DBG_ANCHOR_CH5_SCAN_BLOCKED win=0 tx=0 retry_gap=0 flood=1 wait=0 rx=0 rxq=0 rxr=0 ack=0 ch9=0 rf=0 retry=5 interval=380
89446.146 [0] DBG_SCAN_SKIPPED reason=blocked
89446.146 [0] DBG_ANCHOR_CH5_SCAN_RESCHED ret=1 delay=5
89446.146 [0] DBG_ANCHOR_CH5_SCAN_HANDLER role=2
89446.146 [0] DBG_SCAN_SKIPPED reason=blocked
89446.146 [0] DBG_ANCHOR_CH5_SCAN_HANDLER role=2
89446.184 [0] DBG_ANCHOR_CH5_SCAN_HANDLER role=2
89446.184 [0] DBG_ANCHOR_CH5_SCAN_BLOCKED win=0 tx=0 retry_gap=0 flood=1 wait=0 rx=0 rxq=0 rxr=0 ack=0 ch9=0 rf=0 retry=5 interval=380
89446.184 [0] DBG_SCAN_SKIPPED reason=blocked
89446.184 [0] DBG_ANCHOR_CH5_SCAN_RESCHED ret=1 delay=5
89446.184 [0] DBG_ANCHOR_CH5_SCAN_HANDLER role=2
89446.184 [0] DBG_ANCHOR_CH5_SCAN_BLOCKED win=0 tx=0 retry_gap=0 flood=1 wait=0 rx=0 rxq=0 rxr=0 ack=0 ch9=0 rf=0 retry=5 interval=380
89446.184 [0] DBG_SCAN_SKIPPED reason=blocked
89446.184 [0] DBG_ANCHOR_CH5_SCAN_RESCHED ret=1 delay=5
89446.184 [0] DBG_ANCHOR_CH5_SCAN_HANDLER role=2
89446.184 [0] DBG_ANCHOR_CH5_SCAN_BLOCKED win=0 tx=0 retry_gap=0 flood=1 wait=0 rx=0 rxq=0 rxr=0 ack=0 ch9=0 rf=0 retry=5 interval=380
89446.184 [0] DBG_SCAN_SKIPPED reason=blocked
89446.184 [0] DBG_ANCHOR_CH5_SCAN_RESCHED ret=1 delay=5
89446.184 [0] DBG_ANCHOR_CH5_SCAN_HANDLER role=2
89446.184 [0] DBG_ANCHOR_CH5_SCAN_BLOCKED win=0 tx=0 retry_gap=0 flood=1 wait=0 rx=0 rxq=0 rxr=0 ack=0 ch9=0 rf=0 retry=5 interval=380
89446.184 [0] DBG_SCAN_SKIPPED reason=blocked
89446.184 [0] DBG_ANCHOR_CH5_SCAN_RESCHED ret=1 delay=5
89446.184 [0] DBG_ANCHOR_CH5_SCAN_HANDLER role=2
89446.184 [0] DBG_SCAN_SKIPPED reason=blocked
89446.222 [0] DBG_ANCHOR_CH5_SCAN_HANDLER role=2
89446.222 [0] DBG_ANCHOR_CH5_SCAN_HANDLER role=2
89446.222 [0] DBG_ANCHOR_CH5_SCAN_BLOCKED win=0 tx=0 retry_gap=0 flood=1 wait=0 rx=0 rxq=0 rxr=0 ack=0 ch9=0 rf=0 retry=5 interval=380
89446.222 [0] DBG_SCAN_SKIPPED reason=blocked
89446.222 [0] DBG_ANCHOR_CH5_SCAN_RESCHED ret=1 delay=5
89446.222 [0] DBG_ANCHOR_CH5_SCAN_HANDLER role=2
89446.222 [0] DBG_ANCHOR_CH5_SCAN_BLOCKED win=0 tx=0 retry_gap=0 flood=1 wait=0 rx=0 rxq=0 rxr=0 ack=0 ch9=0 rf=0 retry=5 interval=380
89446.222 [0] DBG_SCAN_SKIPPED reason=blocked
89446.222 [0] DBG_ANCHOR_CH5_SCAN_RESCHED ret=1 delay=5
89446.222 [0] DBG_ANCHOR_CH5_SCAN_HANDLER role=2
89446.222 [0] DBG_ANCHOR_CH5_SCAN_BLOCKED win=0 tx=0 retry_gap=0 flood=1 wait=0 rx=0 rxq=0 rxr=0 ack=0 ch9=0 rf=0 retry=5 interval=380
89446.222 [0] DBG_SCAN_SKIPPED reason=blocked
89446.222 [0] DBG_ANCHOR_CH5_SCAN_RESCHED ret=1 delay=5
89446.222 [0] DBG_ANCHOR_CH5_SCAN_HANDLER role=2
89446.222 [0] DBG_ANCHOR_CH5_SCAN_BLOCKED win=0 tx=0 retry_gap=0 flood=1 wait=0 rx=0 rxq=0 rxr=0 ack=0 ch9=0 rf=0 retry=5 interval=380
89446.222 [0] DBG_SCAN_SKIPPED reason=blocked
89446.222 [0] DBG_ANCHOR_CH5_SCAN_RESCHED ret=1 delay=5
89446.222 [0] DBG_ANCHOR_CH5_SCAN_HANDLER role=2
89446.222 [0] DBG_SCAN_SKIPPED reason=blocked
89446.265 [0] DBG_ANCHOR_CH5_SCAN_HANDLER role=2
89446.265 [0] DBG_ANCHOR_CH5_SCAN_BLOCKED win=0 tx=0 retry_gap=0 flood=1 wait=0 rx=0 rxq=0 rxr=0 ack=0 ch9=0 rf=0 retry=5 interval=380
89446.265 [0] DBG_SCAN_SKIPPED reason=blocked
89446.265 [0] DBG_ANCHOR_CH5_SCAN_RESCHED ret=1 delay=5
89446.265 [0] DBG_ANCHOR_CH5_SCAN_HANDLER role=2
89446.265 [0] DBG_ANCHOR_CH5_SCAN_BLOCKED win=0 tx=0 retry_gap=0 flood=1 wait=0 rx=0 rxq=0 rxr=0 ack=0 ch9=0 rf=0 retry=5 interval=380
89446.265 [0] DBG_SCAN_SKIPPED reason=blocked
89446.265 [0] DBG_ANCHOR_CH5_SCAN_RESCHED ret=1 delay=5
89446.265 [0] DBG_ANCHOR_CH5_SCAN_HANDLER role=2
89446.265 [0] DBG_ANCHOR_CH5_SCAN_BLOCKED win=0 tx=0 retry_gap=0 flood=1 wait=0 rx=0 rxq=0 rxr=0 ack=0 ch9=0 rf=0 retry=5 interval=380
89446.265 [0] DBG_SCAN_SKIPPED reason=blocked
89446.265 [0] DBG_ANCHOR_CH5_SCAN_RESCHED ret=1 delay=5
89446.265 [0] DBG_ANCHOR_CH5_SCAN_HANDLER role=2
89446.265 [0] DBG_ANCHOR_CH5_SCAN_BLOCKED win=0 tx=0 retry_gap=0 flood=1 wait=0 rx=0 rxq=0 rxr=0 ack=0 ch9=0 rf=0 retry=5 interval=380
89446.265 [0] DBG_SCAN_SKIPPED reason=blocked
89446.265 [0] DBG_ANCHOR_CH5_SCAN_RESCHED ret=1 delay=5
89446.265 [0] DBG_ANCHOR_CH5_SCAN_HANDLER role=2
89446.265 [0] DBG_SCAN_SKIPPED reason=blocked
89446.265 [0] DBG_ANCHOR_CH5_SCAN_HANDLER role=2
89446.306 [0] DBG_ANCHOR_CH5_SCAN_HANDLER role=2
89446.306 [0] DBG_ANCHOR_CH5_SCAN_BLOCKED win=0 tx=0 retry_gap=0 flood=1 wait=0 rx=0 rxq=0 rxr=0 ack=0 ch9=0 rf=0 retry=5 interval=380
89446.306 [0] DBG_SCAN_SKIPPED reason=blocked
89446.306 [0] DBG_ANCHOR_CH5_SCAN_RESCHED ret=1 delay=5
89446.306 [0] DBG_ANCHOR_CH5_SCAN_HANDLER role=2
89446.306 [0] DBG_ANCHOR_CH5_SCAN_BLOCKED win=0 tx=0 retry_gap=0 flood=1 wait=0 rx=0 rxq=0 rxr=0 ack=0 ch9=0 rf=0 retry=5 interval=380
89446.306 [0] DBG_SCAN_SKIPPED reason=blocked
89446.306 [0] DBG_ANCHOR_CH5_SCAN_RESCHED ret=1 delay=5
89446.306 [0] DBG_ANCHOR_CH5_SCAN_HANDLER role=2
89446.306 [0] DBG_ANCHOR_CH5_SCAN_BLOCKED win=0 tx=0 retry_gap=0 flood=1 wait=0 rx=0 rxq=0 rxr=0 ack=0 ch9=0 rf=0 retry=5 interval=380
89446.306 [0] DBG_SCAN_SKIPPED reason=blocked
89446.306 [0] DBG_ANCHOR_CH5_SCAN_RESCHED ret=1 delay=5
89446.306 [0] DBG_ANCHOR_CH5_SCAN_HANDLER role=2
89446.306 [0] DBG_ANCHOR_CH5_SCAN_BLOCKED win=0 tx=0 retry_gap=0 flood=1 wait=0 rx=0 rxq=0 rxr=0 ack=0 ch9=0 rf=0 retry=5 interval=380
89446.306 [0] DBG_SCAN_SKIPPED reason=blocked
89446.306 [0] DBG_ANCHOR_CH5_SCAN_RESCHED ret=1 delay=5
89446.306 [0] DBG_ANCHOR_CH5_SCAN_HANDLER role=2
89446.306 [0] DBG_SCAN_SKIPPED reason=blocked
89446.306 [0] DBG_ANCHOR_CH5_SCAN_HANDLER role=2
89446.352 [0] DBG_ANCHOR_CH5_SCAN_HANDLER role=2
89446.352 [0] DBG_ANCHOR_CH5_SCAN_BLOCKED win=0 tx=0 retry_gap=0 flood=1 wait=0 rx=0 rxq=0 rxr=0 ack=0 ch9=0 rf=0 retry=5 interval=380
89446.352 [0] DBG_SCAN_SKIPPED reason=blocked
89446.352 [0] DBG_ANCHOR_CH5_SCAN_RESCHED ret=1 delay=5
89446.352 [0] DBG_ANCHOR_CH5_SCAN_HANDLER role=2
89446.352 [0] DBG_ANCHOR_CH5_SCAN_BLOCKED win=0 tx=0 retry_gap=0 flood=1 wait=0 rx=0 rxq=0 rxr=0 ack=0 ch9=0 rf=0 retry=5 interval=380
89446.352 [0] DBG_SCAN_SKIPPED reason=blocked
89446.352 [0] DBG_ANCHOR_CH5_SCAN_RESCHED ret=1 delay=5
89446.352 [0] DBG_ANCHOR_CH5_SCAN_HANDLER role=2
89446.352 [0] DBG_ANCHOR_CH5_SCAN_BLOCKED win=0 tx=0 retry_gap=0 flood=1 wait=0 rx=0 rxq=0 rxr=0 ack=0 ch9=0 rf=0 retry=5 interval=380
89446.352 [0] DBG_SCAN_SKIPPED reason=blocked
89446.352 [0] DBG_ANCHOR_CH5_SCAN_RESCHED ret=1 delay=5
89446.352 [0] DBG_ANCHOR_CH5_SCAN_HANDLER role=2
89446.352 [0] DBG_ANCHOR_CH5_SCAN_BLOCKED win=0 tx=0 retry_gap=0 flood=1 wait=0 rx=0 rxq=0 rxr=0 ack=0 ch9=0 rf=0 retry=5 interval=380
89446.352 [0] DBG_SCAN_SKIPPED reason=blocked
89446.352 [0] DBG_ANCHOR_CH5_SCAN_RESCHED ret=1 delay=5
89446.352 [0] DBG_ANCHOR_CH5_SCAN_HANDLER role=2
89446.352 [0] DBG_SCAN_SKIPPED reason=blocked
89446.398 [0] DBG_STACK_RUN_BEGIN epoch=3543676270155205024 run=23 kind=anchor_scan owner=anchor_uwb_scan queue=0 custody=0 credit=0 retry=0 drain=0 src=16876665336513972910 dst=11068027678940948070 session=0 seq=0 type=48 sequence=0 previous=0 uptime=28064
89446.398 [0] DBG_STACK_SAMPLE_BEGIN epoch=3543676270155205024 run=23 sample=23 kind=anchor_scan owner=anchor_uwb_scan queue=0 custody=0 credit=0 retry=0 drain=0 src=16876665336513972910 dst=11068027678940948070 session=0 seq=0 type=48 uptime=28087
89446.398 [0] DBG_STACK_ISR_CONFIG size=8192 run=23 sample=23
89446.398 [0] DBG_STACK name=anchor_uwb_scan tid=0x2000ca08 used=3380 free=6604 size=9984 ret=0 run=23 sample=23
89446.398 [0] DBG_STACK name=mesh_route tid=0x2000b038 used=4916 free=4556 size=9472 ret=0 run=23 sample=23
89446.398 [0] DBG_STACK name=sysworkq tid=0x2000d980 used=764 free=4612 size=5376 ret=0 run=23 sample=23
89446.398 [0] DBG_STACK name=logging tid=0x2000cec0 used=480 free=1568 size=2048 ret=0 run=23 sample=23
89446.398 [0] DBG_STACK name=idle tid=0x2000d750 used=64 free=256 size=320 ret=0 run=23 sample=23
89446.398 [0] DBG_STACK_SAMPLE_END run=23 sample=23
89446.437 [0] DBG_STACK_RUN_END epoch=3543676270155205024 run=23 kind=anchor_scan owner=anchor_uwb_scan outcome=ack queue=0 custody=0 credit=0 retry=0 drain=0 src=16876665336513972910 dst=11068027678940948070 session=0 seq=0 type=48 samples=1 attempts=1 errors=0 last_error=0 mutex_drops=25 short_drops=124 sequence=0 previous=0 uptime=28091
89446.437 [0] DBG_ANCHOR_CH5_SCAN_HANDLER role=2
89446.437 [0] DBG_ANCHOR_CH5_SCAN_BLOCKED win=0 tx=0 retry_gap=0 flood=1 wait=0 rx=0 rxq=0 rxr=0 ack=0 ch9=0 rf=0 retry=5 interval=380
89446.437 [0] DBG_SCAN_SKIPPED reason=blocked
89446.437 [0] DBG_ANCHOR_CH5_SCAN_RESCHED ret=1 delay=5
89446.437 [0] DBG_ANCHOR_CH5_SCAN_HANDLER role=2
89446.437 [0] DBG_ANCHOR_CH5_SCAN_BLOCKED win=0 tx=0 retry_gap=0 flood=1 wait=0 rx=0 rxq=0 rxr=0 ack=0 ch9=0 rf=0 retry=5 interval=380
89446.437 [0] DBG_SCAN_SKIPPED reason=blocked
89446.437 [0] DBG_ANCHOR_CH5_SCAN_RESCHED ret=1 delay=5
89446.437 [0] DBG_ANCHOR_CH5_SCAN_HANDLER role=2
89446.437 [0] DBG_ANCHOR_CH5_SCAN_BLOCKED win=0 tx=0 retry_gap=0 flood=1 wait=0 rx=0 rxq=0 rxr=0 ack=0 ch9=0 rf=0 retry=5 interval=380
89446.437 [0] DBG_SCAN_SKIPPED reason=blocked
89446.437 [0] DBG_ANCHOR_CH5_SCAN_RESCHED ret=1 delay=5
89446.486 [0] DBG_ANCHOR_CH5_SCAN_HANDLER role=2
89446.486 [0] DBG_ANCHOR_CH5_SCAN_BLOCKED win=0 tx=0 retry_gap=0 flood=1 wait=0 rx=0 rxq=0 rxr=0 ack=0 ch9=0 rf=0 retry=5 interval=380
89446.486 [0] DBG_SCAN_SKIPPED reason=blocked
89446.486 [0] DBG_ANCHOR_CH5_SCAN_RESCHED ret=1 delay=5
89446.486 [0] DBG_ANCHOR_CH5_SCAN_HANDLER role=2
89446.486 [0] DBG_ANCHOR_CH5_SCAN_BLOCKED win=0 tx=0 retry_gap=0 flood=1 wait=0 rx=0 rxq=0 rxr=0 ack=0 ch9=0 rf=0 retry=5 interval=380
89446.486 [0] DBG_SCAN_SKIPPED reason=blocked
89446.486 [0] DBG_ANCHOR_CH5_SCAN_RESCHED ret=1 delay=5
89446.486 [0] DBG_ANCHOR_CH5_SCAN_HANDLER role=2
89446.486 [0] DBG_ANCHOR_CH5_SCAN_BLOCKED win=0 tx=0 retry_gap=0 flood=1 wait=0 rx=0 rxq=0 rxr=0 ack=0 ch9=0 rf=0 retry=5 interval=380
89446.486 [0] DBG_SCAN_SKIPPED reason=blocked
89446.486 [0] DBG_ANCHOR_CH5_SCAN_RESCHED ret=1 delay=5
89446.486 [0] DBG_ANCHOR_CH5_SCAN_HANDLER role=2
89446.486 [0] DBG_ANCHOR_CH5_SCAN_BLOCKED win=0 tx=0 retry_gap=0 flood=1 wait=0 rx=0 rxq=0 rxr=0 ack=0 ch9=0 rf=0 retry=5 interval=380
89446.486 [0] DBG_SCAN_SKIPPED reason=blocked
89446.486 [0] DBG_ANCHOR_CH5_SCAN_RESCHED ret=1 delay=5
89446.486 [0] DBG_ANCHOR_CH5_SCAN_HANDLER role=2
89446.486 [0] DBG_SCAN_SKIPPED reason=blocked
89446.486 [0] DBG_ANCHOR_CH5_SCAN_HANDLER role=2
89446.535 [0] DBG_ANCHOR_CH5_SCAN_HANDLER role=2
89446.535 [0] DBG_ANCHOR_CH5_SCAN_BLOCKED win=0 tx=0 retry_gap=0 flood=1 wait=0 rx=0 rxq=0 rxr=0 ack=0 ch9=0 rf=0 retry=5 interval=380
89446.535 [0] DBG_SCAN_SKIPPED reason=blocked
89446.535 [0] DBG_ANCHOR_CH5_SCAN_RESCHED ret=1 delay=5
89446.535 [0] DBG_ANCHOR_CH5_SCAN_HANDLER role=2
89446.535 [0] DBG_ANCHOR_CH5_SCAN_BLOCKED win=0 tx=0 retry_gap=0 flood=1 wait=0 rx=0 rxq=0 rxr=0 ack=0 ch9=0 rf=0 retry=5 interval=380
89446.535 [0] DBG_SCAN_SKIPPED reason=blocked
89446.535 [0] DBG_ANCHOR_CH5_SCAN_RESCHED ret=1 delay=5
89446.535 [0] DBG_ANCHOR_CH5_SCAN_HANDLER role=2
89446.535 [0] DBG_ANCHOR_CH5_SCAN_BLOCKED win=0 tx=0 retry_gap=0 flood=1 wait=0 rx=0 rxq=0 rxr=0 ack=0 ch9=0 rf=0 retry=5 interval=380
89446.535 [0] DBG_SCAN_SKIPPED reason=blocked
89446.535 [0] DBG_ANCHOR_CH5_SCAN_RESCHED ret=1 delay=5
89446.535 [0] DBG_ANCHOR_CH5_SCAN_HANDLER role=2
89446.535 [0] DBG_ANCHOR_CH5_SCAN_BLOCKED win=0 tx=0 retry_gap=0 flood=1 wait=0 rx=0 rxq=0 rxr=0 ack=0 ch9=0 rf=0 retry=5 interval=380
89446.535 [0] DBG_SCAN_SKIPPED reason=blocked
89446.535 [0] DBG_ANCHOR_CH5_SCAN_RESCHED ret=1 delay=5
89446.535 [0] DBG_ANCHOR_CH5_SCAN_HANDLER role=2
89446.535 [0] DBG_SCAN_SKIPPED reason=blocked
89446.535 [0] DBG_ANCHOR_CH5_SCAN_HANDLER role=2
89446.574 [0] DBG_ANCHOR_CH5_SCAN_HANDLER role=2
89446.574 [0] DBG_ANCHOR_CH5_SCAN_BLOCKED win=0 tx=0 retry_gap=0 flood=1 wait=0 rx=0 rxq=0 rxr=0 ack=0 ch9=0 rf=0 retry=5 interval=380
89446.574 [0] DBG_SCAN_SKIPPED reason=blocked
89446.574 [0] DBG_ANCHOR_CH5_SCAN_RESCHED ret=1 delay=5
89446.574 [0] DBG_ANCHOR_CH5_SCAN_HANDLER role=2
89446.574 [0] DBG_ANCHOR_CH5_SCAN_BLOCKED win=0 tx=0 retry_gap=0 flood=1 wait=0 rx=0 rxq=0 rxr=0 ack=0 ch9=0 rf=0 retry=5 interval=380
89446.574 [0] DBG_SCAN_SKIPPED reason=blocked
89446.574 [0] DBG_ANCHOR_CH5_SCAN_RESCHED ret=1 delay=5
89446.574 [0] DBG_ANCHOR_CH5_SCAN_HANDLER role=2
89446.574 [0] DBG_ANCHOR_CH5_SCAN_BLOCKED win=0 tx=0 retry_gap=0 flood=1 wait=0 rx=0 rxq=0 rxr=0 ack=0 ch9=0 rf=0 retry=5 interval=380
89446.574 [0] DBG_SCAN_SKIPPED reason=blocked
89446.574 [0] DBG_ANCHOR_CH5_SCAN_RESCHED ret=1 delay=5
89446.574 [0] DBG_ANCHOR_CH5_SCAN_HANDLER role=2
89446.574 [0] DBG_ANCHOR_CH5_SCAN_BLOCKED win=0 tx=0 retry_gap=0 flood=1 wait=0 rx=0 rxq=0 rxr=0 ack=0 ch9=0 rf=0 retry=5 interval=380
89446.574 [0] DBG_SCAN_SKIPPED reason=blocked
89446.574 [0] DBG_ANCHOR_CH5_SCAN_RESCHED ret=1 delay=5
89446.574 [0] DBG_ANCHOR_CH5_SCAN_HANDLER role=2
89446.574 [0] DBG_SCAN_SKIPPED reason=blocked
89446.578 [1] [00:00:27.297,607] <wrn> app_mesh_report: mesh route reply RX failed: target=0x9699122bd60a64e3 ret=-5 rx_failure=2 reason=anchor-route-wake-followup
89446.616 [0] DBG_ANCHOR_CH5_SCAN_HANDLER role=2
89446.616 [0] DBG_ANCHOR_CH5_SCAN_HANDLER role=2
89446.616 [0] DBG_ANCHOR_CH5_SCAN_BLOCKED win=0 tx=0 retry_gap=0 flood=1 wait=0 rx=0 rxq=0 rxr=0 ack=0 ch9=0 rf=0 retry=5 interval=380
89446.616 [0] DBG_SCAN_SKIPPED reason=blocked
89446.616 [0] DBG_ANCHOR_CH5_SCAN_RESCHED ret=1 delay=5
89446.616 [0] DBG_ANCHOR_CH5_SCAN_HANDLER role=2
89446.616 [0] DBG_ANCHOR_CH5_SCAN_BLOCKED win=0 tx=0 retry_gap=0 flood=1 wait=0 rx=0 rxq=0 rxr=0 ack=0 ch9=0 rf=0 retry=5 interval=380
89446.616 [0] DBG_SCAN_SKIPPED reason=blocked
89446.616 [0] DBG_ANCHOR_CH5_SCAN_RESCHED ret=1 delay=5
89446.616 [0] DBG_ANCHOR_CH5_SCAN_HANDLER role=2
89446.616 [0] DBG_ANCHOR_CH5_SCAN_BLOCKED win=0 tx=0 retry_gap=0 flood=1 wait=0 rx=0 rxq=0 rxr=0 ack=0 ch9=0 rf=0 retry=5 interval=380
89446.616 [0] DBG_SCAN_SKIPPED reason=blocked
89446.616 [0] DBG_ANCHOR_CH5_SCAN_RESCHED ret=1 delay=5
89446.616 [0] DBG_ANCHOR_CH5_SCAN_HANDLER role=2
89446.616 [0] DBG_ANCHOR_CH5_SCAN_BLOCKED win=0 tx=0 retry_gap=0 flood=1 wait=0 rx=0 rxq=0 rxr=0 ack=0 ch9=0 rf=0 retry=5 interval=380
89446.616 [0] DBG_SCAN_SKIPPED reason=blocked
89446.616 [0] DBG_ANCHOR_CH5_SCAN_RESCHED ret=1 delay=5
89446.616 [0] DBG_ANCHOR_CH5_SCAN_HANDLER role=2
89446.616 [0] DBG_SCAN_SKIPPED reason=blocked
89446.654 [0] DBG_ANCHOR_CH5_SCAN_BLOCKED win=0 tx=0 retry_gap=0 flood=1 wait=0 rx=0 rxq=0 rxr=0 ack=0 ch9=0 rf=0 retry=5 interval=380
89446.654 [0] DBG_SCAN_SKIPPED reason=blocked
89446.654 [0] DBG_ANCHOR_CH5_SCAN_RESCHED ret=1 delay=5
89446.654 [0] DBG_ANCHOR_CH5_SCAN_HANDLER role=2
89446.654 [0] DBG_ANCHOR_CH5_SCAN_BLOCKED win=0 tx=0 retry_gap=0 flood=1 wait=0 rx=0 rxq=0 rxr=0 ack=0 ch9=0 rf=0 retry=5 interval=380
89446.654 [0] DBG_SCAN_SKIPPED reason=blocked
89446.654 [0] DBG_ANCHOR_CH5_SCAN_RESCHED ret=1 delay=5
89446.654 [0] DBG_ANCHOR_CH5_SCAN_HANDLER role=2
89446.654 [0] DBG_ANCHOR_CH5_SCAN_BLOCKED win=0 tx=0 retry_gap=0 flood=1 wait=0 rx=0 rxq=0 rxr=0 ack=0 ch9=0 rf=0 retry=5 interval=380
89446.654 [0] DBG_SCAN_SKIPPED reason=blocked
89446.654 [0] DBG_ANCHOR_CH5_SCAN_RESCHED ret=1 delay=5
89446.654 [0] DBG_ANCHOR_CH5_SCAN_HANDLER role=2
89446.654 [0] DBG_ANCHOR_CH5_SCAN_BLOCKED win=0 tx=0 retry_gap=0 flood=1 wait=0 rx=0 rxq=0 rxr=0 ack=0 ch9=0 rf=0 retry=5 interval=380
89446.654 [0] DBG_SCAN_SKIPPED reason=blocked
89446.654 [0] DBG_ANCHOR_CH5_SCAN_RESCHED ret=1 delay=5
89446.654 [0] DBG_ANCHOR_CH5_SCAN_HANDLER role=2
89446.654 [0] DBG_SCAN_SKIPPED reason=blocked
89446.654 [0] DBG_ANCHOR_CH5_SCAN_RESCHED ret=1 delay=5
89446.693 [0] DBG_ANCHOR_CH5_SCAN_HANDLER role=2
89446.693 [0] DBG_ANCHOR_CH5_SCAN_BLOCKED win=0 tx=0 retry_gap=0 flood=1 wait=0 rx=0 rxq=0 rxr=0 ack=0 ch9=0 rf=0 retry=5 interval=380
89446.693 [0] DBG_SCAN_SKIPPED reason=blocked
89446.693 [0] DBG_ANCHOR_CH5_SCAN_RESCHED ret=1 delay=5
89446.693 [0] DBG_ANCHOR_CH5_SCAN_HANDLER role=2
89446.693 [0] DBG_ANCHOR_CH5_SCAN_BLOCKED win=0 tx=0 retry_gap=0 flood=1 wait=0 rx=0 rxq=0 rxr=0 ack=0 ch9=0 rf=0 retry=5 interval=380
89446.693 [0] DBG_SCAN_SKIPPED reason=blocked
89446.693 [0] DBG_ANCHOR_CH5_SCAN_RESCHED ret=1 delay=5
89446.693 [0] DBG_ANCHOR_CH5_SCAN_HANDLER role=2
89446.693 [0] DBG_ANCHOR_CH5_SCAN_BLOCKED win=0 tx=0 retry_gap=0 flood=1 wait=0 rx=0 rxq=0 rxr=0 ack=0 ch9=0 rf=0 retry=5 interval=380
89446.693 [0] DBG_SCAN_SKIPPED reason=blocked
89446.693 [0] DBG_ANCHOR_CH5_SCAN_RESCHED ret=1 delay=5
89446.693 [0] DBG_ANCHOR_CH5_SCAN_HANDLER role=2
89446.693 [0] DBG_ANCHOR_CH5_SCAN_BLOCKED win=0 tx=0 retry_gap=0 flood=1 wait=0 rx=0 rxq=0 rxr=0 ack=0 ch9=0 rf=0 retry=5 interval=380
89446.693 [0] DBG_SCAN_SKIPPED reason=blocked
89446.693 [0] DBG_ANCHOR_CH5_SCAN_RESCHED ret=1 delay=5
89446.693 [0] DBG_ANCHOR_CH5_SCAN_HANDLER role=2
89446.693 [0] DBG_SCAN_SKIPPED reason=blocked
89446.693 [0] DBG_ANCHOR_CH5_SCAN_HANDLER role=2
89446.732 [0] DBG_ANCHOR_CH5_SCAN_HANDLER role=2
89446.732 [0] DBG_ANCHOR_CH5_SCAN_BLOCKED win=0 tx=0 retry_gap=0 flood=1 wait=0 rx=0 rxq=0 rxr=0 ack=0 ch9=0 rf=0 retry=5 interval=380
89446.732 [0] DBG_SCAN_SKIPPED reason=blocked
89446.732 [0] DBG_ANCHOR_CH5_SCAN_RESCHED ret=1 delay=5
89446.732 [0] DBG_ANCHOR_CH5_SCAN_HANDLER role=2
89446.732 [0] DBG_ANCHOR_CH5_SCAN_BLOCKED win=0 tx=0 retry_gap=0 flood=1 wait=0 rx=0 rxq=0 rxr=0 ack=0 ch9=0 rf=0 retry=5 interval=380
89446.732 [0] DBG_SCAN_SKIPPED reason=blocked
89446.732 [0] DBG_ANCHOR_CH5_SCAN_RESCHED ret=1 delay=5
89446.732 [0] DBG_ANCHOR_CH5_SCAN_HANDLER role=2
89446.732 [0] DBG_ANCHOR_CH5_SCAN_BLOCKED win=0 tx=0 retry_gap=0 flood=1 wait=0 rx=0 rxq=0 rxr=0 ack=0 ch9=0 rf=0 retry=5 interval=380
89446.732 [0] DBG_SCAN_SKIPPED reason=blocked
89446.732 [0] DBG_ANCHOR_CH5_SCAN_RESCHED ret=1 delay=5
89446.732 [0] DBG_ANCHOR_CH5_SCAN_HANDLER role=2
89446.732 [0] DBG_ANCHOR_CH5_SCAN_BLOCKED win=0 tx=0 retry_gap=0 flood=1 wait=0 rx=0 rxq=0 rxr=0 ack=0 ch9=0 rf=0 retry=5 interval=380
89446.732 [0] DBG_SCAN_SKIPPED reason=blocked
89446.732 [0] DBG_ANCHOR_CH5_SCAN_RESCHED ret=1 delay=5
89446.732 [0] DBG_ANCHOR_CH5_SCAN_HANDLER role=2
89446.732 [0] DBG_SCAN_SKIPPED reason=blocked
89446.732 [0] DBG_ANCHOR_CH5_SCAN_HANDLER role=2
89446.777 [0] DBG_ANCHOR_CH5_SCAN_HANDLER role=2
89446.777 [0] DBG_ANCHOR_CH5_SCAN_BLOCKED win=0 tx=0 retry_gap=0 flood=1 wait=0 rx=0 rxq=0 rxr=0 ack=0 ch9=0 rf=0 retry=5 interval=380
89446.777 [0] DBG_SCAN_SKIPPED reason=blocked
89446.777 [0] DBG_ANCHOR_CH5_SCAN_RESCHED ret=1 delay=5
89446.777 [0] DBG_ANCHOR_CH5_SCAN_HANDLER role=2
89446.777 [0] DBG_ANCHOR_CH5_SCAN_BLOCKED win=0 tx=0 retry_gap=0 flood=1 wait=0 rx=0 rxq=0 rxr=0 ack=0 ch9=0 rf=0 retry=5 interval=380
89446.777 [0] DBG_SCAN_SKIPPED reason=blocked
89446.777 [0] DBG_ANCHOR_CH5_SCAN_RESCHED ret=1 delay=5
89446.777 [0] DBG_ANCHOR_CH5_SCAN_HANDLER role=2
89446.777 [0] DBG_ANCHOR_CH5_SCAN_BLOCKED win=0 tx=0 retry_gap=0 flood=1 wait=0 rx=0 rxq=0 rxr=0 ack=0 ch9=0 rf=0 retry=5 interval=380
89446.777 [0] DBG_SCAN_SKIPPED reason=blocked
89446.777 [0] DBG_ANCHOR_CH5_SCAN_RESCHED ret=1 delay=5
89446.777 [0] DBG_ANCHOR_CH5_SCAN_HANDLER role=2
89446.777 [0] DBG_ANCHOR_CH5_SCAN_BLOCKED win=0 tx=0 retry_gap=0 flood=1 wait=0 rx=0 rxq=0 rxr=0 ack=0 ch9=0 rf=0 retry=5 interval=380
89446.777 [0] DBG_SCAN_SKIPPED reason=blocked
89446.777 [0] DBG_ANCHOR_CH5_SCAN_RESCHED ret=1 delay=5
89446.777 [0] DBG_ANCHOR_CH5_SCAN_HANDLER role=2
89446.777 [0] DBG_SCAN_SKIPPED reason=blocked
89446.777 [0] DBG_ANCHOR_CH5_SCAN_HANDLER role=2
89446.816 [0] DBG_ANCHOR_CH5_SCAN_HANDLER role=2
89446.816 [0] DBG_ANCHOR_CH5_SCAN_BLOCKED win=0 tx=0 retry_gap=0 flood=1 wait=0 rx=0 rxq=0 rxr=0 ack=0 ch9=0 rf=0 retry=5 interval=380
89446.816 [0] DBG_SCAN_SKIPPED reason=blocked
89446.816 [0] DBG_ANCHOR_CH5_SCAN_RESCHED ret=1 delay=5
89446.816 [0] DBG_ANCHOR_CH5_SCAN_HANDLER role=2
89446.816 [0] DBG_ANCHOR_CH5_SCAN_BLOCKED win=0 tx=0 retry_gap=0 flood=1 wait=0 rx=0 rxq=0 rxr=0 ack=0 ch9=0 rf=0 retry=5 interval=380
89446.816 [0] DBG_SCAN_SKIPPED reason=blocked
89446.816 [0] DBG_ANCHOR_CH5_SCAN_RESCHED ret=1 delay=5
89446.816 [0] DBG_ANCHOR_CH5_SCAN_HANDLER role=2
89446.816 [0] DBG_ANCHOR_CH5_SCAN_BLOCKED win=0 tx=0 retry_gap=0 flood=1 wait=0 rx=0 rxq=0 rxr=0 ack=0 ch9=0 rf=0 retry=5 interval=380
89446.816 [0] DBG_SCAN_SKIPPED reason=blocked
89446.816 [0] DBG_ANCHOR_CH5_SCAN_RESCHED ret=1 delay=5
89446.816 [0] DBG_ANCHOR_CH5_SCAN_HANDLER role=2
89446.816 [0] DBG_ANCHOR_CH5_SCAN_BLOCKED win=0 tx=0 retry_gap=0 flood=1 wait=0 rx=0 rxq=0 rxr=0 ack=0 ch9=0 rf=0 retry=5 interval=380
89446.816 [0] DBG_SCAN_SKIPPED reason=blocked
89446.816 [0] DBG_ANCHOR_CH5_SCAN_RESCHED ret=1 delay=5
89446.816 [0] DBG_ANCHOR_CH5_SCAN_HANDLER role=2
89446.816 [0] DBG_SCAN_SKIPPED reason=blocked
89446.816 [0] DBG_ANCHOR_CH5_SCAN_HANDLER role=2
89446.861 [0] DBG_ANCHOR_CH5_SCAN_HANDLER role=2
89446.861 [0] DBG_ANCHOR_CH5_SCAN_BLOCKED win=0 tx=0 retry_gap=0 flood=1 wait=0 rx=0 rxq=0 rxr=0 ack=0 ch9=0 rf=0 retry=5 interval=380
89446.861 [0] DBG_SCAN_SKIPPED reason=blocked
89446.861 [0] DBG_ANCHOR_CH5_SCAN_RESCHED ret=1 delay=5
89446.861 [0] DBG_ANCHOR_CH5_SCAN_HANDLER role=2
89446.861 [0] DBG_ANCHOR_CH5_SCAN_BLOCKED win=0 tx=0 retry_gap=0 flood=1 wait=0 rx=0 rxq=0 rxr=0 ack=0 ch9=0 rf=0 retry=5 interval=380
89446.861 [0] DBG_SCAN_SKIPPED reason=blocked
89446.861 [0] DBG_ANCHOR_CH5_SCAN_RESCHED ret=1 delay=5
89446.861 [0] DBG_ANCHOR_CH5_SCAN_HANDLER role=2
89446.861 [0] DBG_ANCHOR_CH5_SCAN_BLOCKED win=0 tx=0 retry_gap=0 flood=1 wait=0 rx=0 rxq=0 rxr=0 ack=0 ch9=0 rf=0 retry=5 interval=380
89446.861 [0] DBG_SCAN_SKIPPED reason=blocked
89446.861 [0] DBG_ANCHOR_CH5_SCAN_RESCHED ret=1 delay=5
89446.861 [0] DBG_ANCHOR_CH5_SCAN_HANDLER role=2
89446.861 [0] DBG_ANCHOR_CH5_SCAN_BLOCKED win=0 tx=0 retry_gap=0 flood=1 wait=0 rx=0 rxq=0 rxr=0 ack=0 ch9=0 rf=0 retry=5 interval=380
89446.861 [0] DBG_SCAN_SKIPPED reason=blocked
89446.861 [0] DBG_ANCHOR_CH5_SCAN_RESCHED ret=1 delay=5
89446.861 [0] DBG_ANCHOR_CH5_SCAN_HANDLER role=2
89446.861 [0] DBG_SCAN_SKIPPED reason=blocked
89446.861 [0] DBG_ANCHOR_CH5_SCAN_HANDLER role=2
89446.899 [0] DBG_ANCHOR_CH5_SCAN_HANDLER role=2
89446.899 [0] DBG_ANCHOR_CH5_SCAN_BLOCKED win=0 tx=0 retry_gap=0 flood=1 wait=0 rx=0 rxq=0 rxr=0 ack=0 ch9=0 rf=0 retry=5 interval=380
89446.899 [0] DBG_SCAN_SKIPPED reason=blocked
89446.899 [0] DBG_ANCHOR_CH5_SCAN_RESCHED ret=1 delay=5
89446.899 [0] DBG_ANCHOR_CH5_SCAN_HANDLER role=2
89446.899 [0] DBG_ANCHOR_CH5_SCAN_BLOCKED win=0 tx=0 retry_gap=0 flood=1 wait=0 rx=0 rxq=0 rxr=0 ack=0 ch9=0 rf=0 retry=5 interval=380
89446.899 [0] DBG_SCAN_SKIPPED reason=blocked
89446.899 [0] DBG_ANCHOR_CH5_SCAN_RESCHED ret=1 delay=5
89446.899 [0] DBG_ANCHOR_CH5_SCAN_HANDLER role=2
89446.899 [0] DBG_ANCHOR_CH5_SCAN_BLOCKED win=0 tx=0 retry_gap=0 flood=1 wait=0 rx=0 rxq=0 rxr=0 ack=0 ch9=0 rf=0 retry=5 interval=380
89446.899 [0] DBG_SCAN_SKIPPED reason=blocked
89446.899 [0] DBG_ANCHOR_CH5_SCAN_RESCHED ret=1 delay=5
89446.899 [0] DBG_ANCHOR_CH5_SCAN_HANDLER role=2
89446.899 [0] DBG_ANCHOR_CH5_SCAN_BLOCKED win=0 tx=0 retry_gap=0 flood=1 wait=0 rx=0 rxq=0 rxr=0 ack=0 ch9=0 rf=0 retry=5 interval=380
89446.899 [0] DBG_SCAN_SKIPPED reason=blocked
89446.899 [0] DBG_ANCHOR_CH5_SCAN_RESCHED ret=1 delay=5
89446.899 [0] DBG_ANCHOR_CH5_SCAN_HANDLER role=2
89446.899 [0] DBG_SCAN_SKIPPED reason=blocked
89446.931 [0] DBG_ANCHOR_CH5_SCAN_HANDLER role=2
89446.931 [0] DBG_ANCHOR_CH5_SCAN_HANDLER role=2
89446.931 [0] DBG_ANCHOR_CH5_SCAN_BLOCKED win=0 tx=0 retry_gap=0 flood=1 wait=0 rx=0 rxq=0 rxr=0 ack=0 ch9=0 rf=0 retry=5 interval=380
89446.931 [0] DBG_SCAN_SKIPPED reason=blocked
89446.931 [0] DBG_ANCHOR_CH5_SCAN_RESCHED ret=1 delay=5
89446.931 [0] DBG_ANCHOR_CH5_SCAN_HANDLER role=2
89446.931 [0] DBG_ANCHOR_CH5_SCAN_BLOCKED win=0 tx=0 retry_gap=0 flood=1 wait=0 rx=0 rxq=0 rxr=0 ack=0 ch9=0 rf=0 retry=5 interval=380
89446.931 [0] DBG_SCAN_SKIPPED reason=blocked
89446.931 [0] DBG_ANCHOR_CH5_SCAN_RESCHED ret=1 delay=5
89446.931 [0] DBG_ANCHOR_CH5_SCAN_HANDLER role=2
89446.931 [0] DBG_ANCHOR_CH5_SCAN_BLOCKED win=0 tx=0 retry_gap=0 flood=1 wait=0 rx=0 rxq=0 rxr=0 ack=0 ch9=0 rf=0 retry=5 interval=380
89446.931 [0] DBG_SCAN_SKIPPED reason=blocked
89446.931 [0] DBG_ANCHOR_CH5_SCAN_RESCHED ret=1 delay=5
89446.931 [0] DBG_ANCHOR_CH5_SCAN_HANDLER role=2
89446.931 [0] DBG_ANCHOR_CH5_SCAN_BLOCKED win=0 tx=0 retry_gap=0 flood=1 wait=0 rx=0 rxq=0 rxr=0 ack=0 ch9=0 rf=0 retry=5 interval=380
89446.931 [0] DBG_SCAN_SKIPPED reason=blocked
89446.931 [0] DBG_ANCHOR_CH5_SCAN_RESCHED ret=1 delay=5
89446.963 [0] DBG_ANCHOR_CH5_SCAN_HANDLER role=2
89446.963 [0] DBG_SCAN_SKIPPED reason=blocked
89446.963 [0] DBG_ANCHOR_CH5_SCAN_BLOCKED win=0 tx=0 retry_gap=0 flood=1 wait=0 rx=0 rxq=0 rxr=0 ack=0 ch9=0 rf=0 retry=5 interval=380
89446.963 [0] DBG_SCAN_SKIPPED reason=blocked
89446.963 [0] DBG_ANCHOR_CH5_SCAN_RESCHED ret=1 delay=5
89446.963 [0] DBG_ANCHOR_CH5_SCAN_HANDLER role=2
89446.963 [0] DBG_ANCHOR_CH5_SCAN_BLOCKED win=0 tx=0 retry_gap=0 flood=1 wait=0 rx=0 rxq=0 rxr=0 ack=0 ch9=0 rf=0 retry=5 interval=380
89446.963 [0] DBG_SCAN_SKIPPED reason=blocked
89446.963 [0] DBG_ANCHOR_CH5_SCAN_RESCHED ret=1 delay=5
89446.963 [0] DBG_ANCHOR_CH5_SCAN_HANDLER role=2
89446.963 [0] DBG_ANCHOR_CH5_SCAN_BLOCKED win=0 tx=0 retry_gap=0 flood=1 wait=0 rx=0 rxq=0 rxr=0 ack=0 ch9=0 rf=0 retry=5 interval=380
89446.963 [0] DBG_SCAN_SKIPPED reason=blocked
89446.963 [0] DBG_ANCHOR_CH5_SCAN_RESCHED ret=1 delay=5
89446.963 [0] DBG_ANCHOR_CH5_SCAN_HANDLER role=2
89446.963 [0] DBG_ANCHOR_CH5_SCAN_BLOCKED win=0 tx=0 retry_gap=0 flood=1 wait=0 rx=0 rxq=0 rxr=0 ack=0 ch9=0 rf=0 retry=5 interval=380
89446.963 [0] DBG_SCAN_SKIPPED reason=blocked
89446.963 [0] DBG_ANCHOR_CH5_SCAN_RESCHED ret=1 delay=5
89446.963 [0] DBG_ANCHOR_CH5_SCAN_HANDLER role=2
89446.963 [0] DBG_SCAN_SKIPPED reason=blocked
89446.995 [0] DBG_ANCHOR_CH5_SCAN_HANDLER role=2
89446.995 [0] DBG_ANCHOR_CH5_SCAN_BLOCKED win=0 tx=0 retry_gap=0 flood=1 wait=0 rx=0 rxq=0 rxr=0 ack=0 ch9=0 rf=0 retry=5 interval=380
89446.995 [0] DBG_SCAN_SKIPPED reason=blocked
89446.995 [0] DBG_ANCHOR_CH5_SCAN_RESCHED ret=1 delay=5
89446.995 [0] DBG_ANCHOR_CH5_SCAN_HANDLER role=2
89446.995 [0] DBG_ANCHOR_CH5_SCAN_BLOCKED win=0 tx=0 retry_gap=0 flood=1 wait=0 rx=0 rxq=0 rxr=0 ack=0 ch9=0 rf=0 retry=5 interval=380
89446.995 [0] DBG_SCAN_SKIPPED reason=blocked
89446.995 [0] DBG_ANCHOR_CH5_SCAN_RESCHED ret=1 delay=5
89446.995 [0] DBG_ANCHOR_CH5_SCAN_HANDLER role=2
89446.995 [0] DBG_ANCHOR_CH5_SCAN_BLOCKED win=0 tx=0 retry_gap=0 flood=1 wait=0 rx=0 rxq=0 rxr=0 ack=0 ch9=0 rf=0 retry=5 interval=380
89446.995 [0] DBG_SCAN_SKIPPED reason=blocked
89446.995 [0] DBG_ANCHOR_CH5_SCAN_RESCHED ret=1 delay=5
89446.995 [0] DBG_ANCHOR_CH5_SCAN_HANDLER role=2
89446.995 [0] DBG_ANCHOR_CH5_SCAN_BLOCKED win=0 tx=0 retry_gap=0 flood=1 wait=0 rx=0 rxq=0 rxr=0 ack=0 ch9=0 rf=0 retry=5 interval=380
89446.995 [0] DBG_SCAN_SKIPPED reason=blocked
89446.995 [0] DBG_ANCHOR_CH5_SCAN_RESCHED ret=1 delay=5
89447.031 [0] DBG_ANCHOR_CH5_SCAN_HANDLER role=2
89447.031 [0] DBG_SCAN_SKIPPED reason=blocked
89447.031 [0] DBG_ANCHOR_CH5_SCAN_HANDLER role=2
89447.031 [0] DBG_ANCHOR_CH5_SCAN_HANDLER role=2
89447.031 [0] DBG_ANCHOR_CH5_SCAN_BLOCKED win=0 tx=0 retry_gap=0 flood=1 wait=0 rx=0 rxq=0 rxr=0 ack=0 ch9=0 rf=0 retry=5 interval=380
89447.031 [0] DBG_SCAN_SKIPPED reason=blocked
89447.031 [0] DBG_ANCHOR_CH5_SCAN_RESCHED ret=1 delay=5
89447.031 [0] DBG_ANCHOR_CH5_SCAN_HANDLER role=2
89447.031 [0] DBG_ANCHOR_CH5_SCAN_BLOCKED win=0 tx=0 retry_gap=0 flood=1 wait=0 rx=0 rxq=0 rxr=0 ack=0 ch9=0 rf=0 retry=5 interval=380
89447.031 [0] DBG_SCAN_SKIPPED reason=blocked
89447.031 [0] DBG_ANCHOR_CH5_SCAN_RESCHED ret=1 delay=5
89447.031 [0] DBG_ANCHOR_CH5_SCAN_HANDLER role=2
89447.031 [0] DBG_ANCHOR_CH5_SCAN_BLOCKED win=0 tx=0 retry_gap=0 flood=1 wait=0 rx=0 rxq=0 rxr=0 ack=0 ch9=0 rf=0 retry=5 interval=380
89447.031 [0] DBG_SCAN_SKIPPED reason=blocked
89447.031 [0] DBG_ANCHOR_CH5_SCAN_RESCHED ret=1 delay=5
89447.031 [0] DBG_ANCHOR_CH5_SCAN_HANDLER role=2
89447.031 [0] DBG_ANCHOR_CH5_SCAN_BLOCKED win=0 tx=0 retry_gap=0 flood=1 wait=0 rx=0 rxq=0 rxr=0 ack=0 ch9=0 rf=0 retry=5 interval=380
89447.031 [0] DBG_SCAN_SKIPPED reason=blocked
89447.031 [0] DBG_ANCHOR_CH5_SCAN_RESCHED ret=1 delay=5
89447.063 [0] DBG_ANCHOR_CH5_SCAN_HANDLER role=2
89447.063 [0] DBG_ANCHOR_CH5_SCAN_BLOCKED win=0 tx=0 retry_gap=0 flood=1 wait=0 rx=0 rxq=0 rxr=0 ack=0 ch9=0 rf=0 retry=5 interval=380
89447.063 [0] DBG_SCAN_SKIPPED reason=blocked
89447.063 [0] DBG_ANCHOR_CH5_SCAN_RESCHED ret=1 delay=5
89447.063 [0] DBG_ANCHOR_CH5_SCAN_HANDLER role=2
89447.063 [0] DBG_ANCHOR_CH5_SCAN_BLOCKED win=0 tx=0 retry_gap=0 flood=1 wait=0 rx=0 rxq=0 rxr=0 ack=0 ch9=0 rf=0 retry=5 interval=380
89447.063 [0] DBG_SCAN_SKIPPED reason=blocked
89447.063 [0] DBG_ANCHOR_CH5_SCAN_RESCHED ret=1 delay=5
89447.063 [0] DBG_ANCHOR_CH5_SCAN_HANDLER role=2
89447.063 [0] DBG_ANCHOR_CH5_SCAN_BLOCKED win=0 tx=0 retry_gap=0 flood=1 wait=0 rx=0 rxq=0 rxr=0 ack=0 ch9=0 rf=0 retry=5 interval=380
89447.063 [0] DBG_SCAN_SKIPPED reason=blocked
89447.063 [0] DBG_ANCHOR_CH5_SCAN_RESCHED ret=1 delay=5
89447.063 [0] DBG_ANCHOR_CH5_SCAN_HANDLER role=2
89447.063 [0] DBG_ANCHOR_CH5_SCAN_BLOCKED win=0 tx=0 retry_gap=0 flood=1 wait=0 rx=0 rxq=0 rxr=0 ack=0 ch9=0 rf=0 retry=5 interval=380
89447.063 [0] DBG_SCAN_SKIPPED reason=blocked
89447.063 [0] DBG_ANCHOR_CH5_SCAN_RESCHED ret=1 delay=5
89447.096 [0] DBG_ANCHOR_CH5_SCAN_HANDLER role=2
89447.096 [0] DBG_SCAN_SKIPPED reason=blocked
89447.096 [0] DBG_ANCHOR_CH5_SCAN_HANDLER role=2
89447.096 [0] DBG_ANCHOR_CH5_SCAN_HANDLER role=2
89447.096 [0] DBG_ANCHOR_CH5_SCAN_BLOCKED win=0 tx=0 retry_gap=0 flood=1 wait=0 rx=0 rxq=0 rxr=0 ack=0 ch9=0 rf=0 retry=5 interval=380
89447.096 [0] DBG_SCAN_SKIPPED reason=blocked
89447.096 [0] DBG_ANCHOR_CH5_SCAN_RESCHED ret=1 delay=5
89447.096 [0] DBG_ANCHOR_CH5_SCAN_HANDLER role=2
89447.096 [0] DBG_ANCHOR_CH5_SCAN_BLOCKED win=0 tx=0 retry_gap=0 flood=1 wait=0 rx=0 rxq=0 rxr=0 ack=0 ch9=0 rf=0 retry=5 interval=380
89447.096 [0] DBG_SCAN_SKIPPED reason=blocked
89447.096 [0] DBG_ANCHOR_CH5_SCAN_RESCHED ret=1 delay=5
89447.096 [0] DBG_ANCHOR_CH5_SCAN_HANDLER role=2
89447.096 [0] DBG_ANCHOR_CH5_SCAN_BLOCKED win=0 tx=0 retry_gap=0 flood=1 wait=0 rx=0 rxq=0 rxr=0 ack=0 ch9=0 rf=0 retry=5 interval=380
89447.096 [0] DBG_SCAN_SKIPPED reason=blocked
89447.096 [0] DBG_ANCHOR_CH5_SCAN_RESCHED ret=1 delay=5
89447.096 [0] DBG_ANCHOR_CH5_SCAN_HANDLER role=2
89447.096 [0] DBG_ANCHOR_CH5_SCAN_BLOCKED win=0 tx=0 retry_gap=0 flood=1 wait=0 rx=0 rxq=0 rxr=0 ack=0 ch9=0 rf=0 retry=5 interval=380
89447.096 [0] DBG_SCAN_SKIPPED reason=blocked
89447.096 [0] DBG_ANCHOR_CH5_SCAN_RESCHED ret=1 delay=5
89447.128 [0] DBG_ANCHOR_CH5_SCAN_HANDLER role=2
89447.128 [0] DBG_ANCHOR_CH5_SCAN_BLOCKED win=0 tx=0 retry_gap=0 flood=1 wait=0 rx=0 rxq=0 rxr=0 ack=0 ch9=0 rf=0 retry=5 interval=380
89447.128 [0] DBG_SCAN_SKIPPED reason=blocked
89447.128 [0] DBG_ANCHOR_CH5_SCAN_RESCHED ret=1 delay=5
89447.128 [0] DBG_ANCHOR_CH5_SCAN_HANDLER role=2
89447.128 [0] DBG_ANCHOR_CH5_SCAN_BLOCKED win=0 tx=0 retry_gap=0 flood=1 wait=0 rx=0 rxq=0 rxr=0 ack=0 ch9=0 rf=0 retry=5 interval=380
89447.128 [0] DBG_SCAN_SKIPPED reason=blocked
89447.128 [0] DBG_ANCHOR_CH5_SCAN_RESCHED ret=1 delay=5
89447.128 [0] DBG_ANCHOR_CH5_SCAN_HANDLER role=2
89447.128 [0] DBG_ANCHOR_CH5_SCAN_BLOCKED win=0 tx=0 retry_gap=0 flood=1 wait=0 rx=0 rxq=0 rxr=0 ack=0 ch9=0 rf=0 retry=5 interval=380
89447.128 [0] DBG_SCAN_SKIPPED reason=blocked
89447.128 [0] DBG_ANCHOR_CH5_SCAN_RESCHED ret=1 delay=5
89447.128 [0] DBG_ANCHOR_CH5_SCAN_HANDLER role=2
89447.128 [0] DBG_ANCHOR_CH5_SCAN_BLOCKED win=0 tx=0 retry_gap=0 flood=1 wait=0 rx=0 rxq=0 rxr=0 ack=0 ch9=0 rf=0 retry=5 interval=380
89447.128 [0] DBG_SCAN_SKIPPED reason=blocked
89447.128 [0] DBG_ANCHOR_CH5_SCAN_RESCHED ret=1 delay=5
89447.159 [0] DBG_ANCHOR_CH5_SCAN_HANDLER role=2
89447.159 [0] DBG_SCAN_SKIPPED reason=blocked
89447.159 [0] DBG_ANCHOR_CH5_SCAN_HANDLER role=2
89447.159 [0] DBG_ANCHOR_CH5_SCAN_BLOCKED win=0 tx=0 retry_gap=0 flood=1 wait=0 rx=0 rxq=0 rxr=0 ack=0 ch9=0 rf=0 retry=5 interval=380
89447.159 [0] DBG_SCAN_SKIPPED reason=blocked
89447.159 [0] DBG_ANCHOR_CH5_SCAN_RESCHED ret=1 delay=5
89447.159 [0] DBG_ANCHOR_CH5_SCAN_HANDLER role=2
89447.159 [0] DBG_ANCHOR_CH5_SCAN_BLOCKED win=0 tx=0 retry_gap=0 flood=1 wait=0 rx=0 rxq=0 rxr=0 ack=0 ch9=0 rf=0 retry=5 interval=380
89447.159 [0] DBG_SCAN_SKIPPED reason=blocked
89447.159 [0] DBG_ANCHOR_CH5_SCAN_RESCHED ret=1 delay=5
89447.159 [0] DBG_ANCHOR_CH5_SCAN_HANDLER role=2
89447.159 [0] DBG_ANCHOR_CH5_SCAN_BLOCKED win=0 tx=0 retry_gap=0 flood=1 wait=0 rx=0 rxq=0 rxr=0 ack=0 ch9=0 rf=0 retry=5 interval=380
89447.159 [0] DBG_SCAN_SKIPPED reason=blocked
89447.159 [0] DBG_ANCHOR_CH5_SCAN_RESCHED ret=1 delay=5
89447.159 [0] DBG_ANCHOR_CH5_SCAN_HANDLER role=2
89447.159 [0] DBG_ANCHOR_CH5_SCAN_BLOCKED win=0 tx=0 retry_gap=0 flood=1 wait=0 rx=0 rxq=0 rxr=0 ack=0 ch9=0 rf=0 retry=5 interval=380
89447.159 [0] DBG_SCAN_SKIPPED reason=blocked
89447.159 [0] DBG_ANCHOR_CH5_SCAN_RESCHED ret=1 delay=5
89447.159 [0] DBG_ANCHOR_CH5_SCAN_HANDLER role=2
89447.191 [0] DBG_ANCHOR_CH5_SCAN_HANDLER role=2
89447.191 [0] DBG_ANCHOR_CH5_SCAN_BLOCKED win=0 tx=0 retry_gap=0 flood=1 wait=0 rx=0 rxq=0 rxr=0 ack=0 ch9=0 rf=0 retry=5 interval=380
89447.191 [0] DBG_SCAN_SKIPPED reason=blocked
89447.191 [0] DBG_ANCHOR_CH5_SCAN_RESCHED ret=1 delay=5
89447.191 [0] DBG_ANCHOR_CH5_SCAN_HANDLER role=2
89447.191 [0] DBG_ANCHOR_CH5_SCAN_BLOCKED win=0 tx=0 retry_gap=0 flood=1 wait=0 rx=0 rxq=0 rxr=0 ack=0 ch9=0 rf=0 retry=5 interval=380
89447.191 [0] DBG_SCAN_SKIPPED reason=blocked
89447.191 [0] DBG_ANCHOR_CH5_SCAN_RESCHED ret=1 delay=5
89447.191 [0] DBG_ANCHOR_CH5_SCAN_HANDLER role=2
89447.191 [0] DBG_ANCHOR_CH5_SCAN_BLOCKED win=0 tx=0 retry_gap=0 flood=1 wait=0 rx=0 rxq=0 rxr=0 ack=0 ch9=0 rf=0 retry=5 interval=380
89447.191 [0] DBG_SCAN_SKIPPED reason=blocked
89447.191 [0] DBG_ANCHOR_CH5_SCAN_RESCHED ret=1 delay=5
89447.191 [0] DBG_ANCHOR_CH5_SCAN_HANDLER role=2
89447.191 [0] DBG_ANCHOR_CH5_SCAN_BLOCKED win=0 tx=0 retry_gap=0 flood=1 wait=0 rx=0 rxq=0 rxr=0 ack=0 ch9=0 rf=0 retry=5 interval=380
89447.191 [0] DBG_SCAN_SKIPPED reason=blocked
89447.191 [0] DBG_ANCHOR_CH5_SCAN_RESCHED ret=1 delay=5
89447.228 [0] DBG_ANCHOR_CH5_SCAN_HANDLER role=2
89447.228 [0] DBG_SCAN_SKIPPED reason=blocked
89447.228 [0] DBG_ANCHOR_CH5_SCAN_HANDLER role=2
89447.228 [0] DBG_ANCHOR_CH5_SCAN_HANDLER role=2
89447.228 [0] DBG_ANCHOR_CH5_SCAN_BLOCKED win=0 tx=0 retry_gap=0 flood=1 wait=0 rx=0 rxq=0 rxr=0 ack=0 ch9=0 rf=0 retry=5 interval=380
89447.228 [0] DBG_SCAN_SKIPPED reason=blocked
89447.228 [0] DBG_ANCHOR_CH5_SCAN_RESCHED ret=1 delay=5
89447.228 [0] DBG_ANCHOR_CH5_SCAN_HANDLER role=2
89447.228 [0] DBG_ANCHOR_CH5_SCAN_BLOCKED win=0 tx=0 retry_gap=0 flood=1 wait=0 rx=0 rxq=0 rxr=0 ack=0 ch9=0 rf=0 retry=5 interval=380
89447.228 [0] DBG_SCAN_SKIPPED reason=blocked
89447.228 [0] DBG_ANCHOR_CH5_SCAN_RESCHED ret=1 delay=5
89447.228 [0] DBG_ANCHOR_CH5_SCAN_HANDLER role=2
89447.228 [0] DBG_ANCHOR_CH5_SCAN_BLOCKED win=0 tx=0 retry_gap=0 flood=1 wait=0 rx=0 rxq=0 rxr=0 ack=0 ch9=0 rf=0 retry=5 interval=380
89447.228 [0] DBG_SCAN_SKIPPED reason=blocked
89447.228 [0] DBG_ANCHOR_CH5_SCAN_RESCHED ret=1 delay=5
89447.228 [0] DBG_ANCHOR_CH5_SCAN_HANDLER role=2
89447.228 [0] DBG_ANCHOR_CH5_SCAN_BLOCKED win=0 tx=0 retry_gap=0 flood=1 wait=0 rx=0 rxq=0 rxr=0 ack=0 ch9=0 rf=0 retry=5 interval=380
89447.228 [0] DBG_SCAN_SKIPPED reason=blocked
89447.228 [0] DBG_ANCHOR_CH5_SCAN_RESCHED ret=1 delay=5
89447.266 [0] DBG_ANCHOR_CH5_SCAN_HANDLER role=2
89447.266 [0] DBG_ANCHOR_CH5_SCAN_BLOCKED win=0 tx=0 retry_gap=0 flood=1 wait=0 rx=0 rxq=0 rxr=0 ack=0 ch9=0 rf=0 retry=5 interval=380
89447.266 [0] DBG_SCAN_SKIPPED reason=blocked
89447.266 [0] DBG_ANCHOR_CH5_SCAN_RESCHED ret=1 delay=5
89447.266 [0] DBG_ANCHOR_CH5_SCAN_HANDLER role=2
89447.266 [0] DBG_ANCHOR_CH5_SCAN_BLOCKED win=0 tx=0 retry_gap=0 flood=1 wait=0 rx=0 rxq=0 rxr=0 ack=0 ch9=0 rf=0 retry=5 interval=380
89447.266 [0] DBG_SCAN_SKIPPED reason=blocked
89447.266 [0] DBG_ANCHOR_CH5_SCAN_RESCHED ret=1 delay=5
89447.266 [0] DBG_ANCHOR_CH5_SCAN_HANDLER role=2
89447.266 [0] DBG_ANCHOR_CH5_SCAN_BLOCKED win=0 tx=0 retry_gap=0 flood=1 wait=0 rx=0 rxq=0 rxr=0 ack=0 ch9=0 rf=0 retry=5 interval=380
89447.266 [0] DBG_SCAN_SKIPPED reason=blocked
89447.266 [0] DBG_ANCHOR_CH5_SCAN_RESCHED ret=1 delay=5
89447.266 [0] DBG_ANCHOR_CH5_SCAN_HANDLER role=2
89447.266 [0] DBG_ANCHOR_CH5_SCAN_BLOCKED win=0 tx=0 retry_gap=0 flood=1 wait=0 rx=0 rxq=0 rxr=0 ack=0 ch9=0 rf=0 retry=5 interval=380
89447.266 [0] DBG_SCAN_SKIPPED reason=blocked
89447.266 [0] DBG_ANCHOR_CH5_SCAN_RESCHED ret=1 delay=5
89447.307 [0] DBG_ANCHOR_CH5_SCAN_HANDLER role=2
89447.307 [0] DBG_SCAN_SKIPPED reason=blocked
89447.307 [0] DBG_ANCHOR_CH5_SCAN_HANDLER role=2
89447.307 [0] DBG_ANCHOR_CH5_SCAN_HANDLER role=2
89447.307 [0] DBG_ANCHOR_CH5_SCAN_BLOCKED win=0 tx=0 retry_gap=0 flood=1 wait=0 rx=0 rxq=0 rxr=0 ack=0 ch9=0 rf=0 retry=5 interval=380
89447.307 [0] DBG_SCAN_SKIPPED reason=blocked
89447.307 [0] DBG_ANCHOR_CH5_SCAN_RESCHED ret=1 delay=5
89447.307 [0] DBG_ANCHOR_CH5_SCAN_HANDLER role=2
89447.307 [0] DBG_ANCHOR_CH5_SCAN_BLOCKED win=0 tx=0 retry_gap=0 flood=1 wait=0 rx=0 rxq=0 rxr=0 ack=0 ch9=0 rf=0 retry=5 interval=380
89447.307 [0] DBG_SCAN_SKIPPED reason=blocked
89447.307 [0] DBG_ANCHOR_CH5_SCAN_RESCHED ret=1 delay=5
89447.307 [0] DBG_ANCHOR_CH5_SCAN_HANDLER role=2
89447.307 [0] DBG_ANCHOR_CH5_SCAN_BLOCKED win=0 tx=0 retry_gap=0 flood=1 wait=0 rx=0 rxq=0 rxr=0 ack=0 ch9=0 rf=0 retry=5 interval=380
89447.307 [0] DBG_SCAN_SKIPPED reason=blocked
89447.307 [0] DBG_ANCHOR_CH5_SCAN_RESCHED ret=1 delay=5
89447.307 [0] DBG_ANCHOR_CH5_SCAN_HANDLER role=2
89447.307 [0] DBG_ANCHOR_CH5_SCAN_BLOCKED win=0 tx=0 retry_gap=0 flood=1 wait=0 rx=0 rxq=0 rxr=0 ack=0 ch9=0 rf=0 retry=5 interval=380
89447.307 [0] DBG_SCAN_SKIPPED reason=blocked
89447.307 [0] DBG_ANCHOR_CH5_SCAN_RESCHED ret=1 delay=5
89447.342 [0] DBG_ANCHOR_CH5_SCAN_HANDLER role=2
89447.342 [0] DBG_ANCHOR_CH5_SCAN_BLOCKED win=0 tx=0 retry_gap=0 flood=1 wait=0 rx=0 rxq=0 rxr=0 ack=0 ch9=0 rf=0 retry=5 interval=380
89447.342 [0] DBG_SCAN_SKIPPED reason=blocked
89447.342 [0] DBG_ANCHOR_CH5_SCAN_RESCHED ret=1 delay=5
89447.342 [0] DBG_ANCHOR_CH5_SCAN_HANDLER role=2
89447.342 [0] DBG_ANCHOR_CH5_SCAN_BLOCKED win=0 tx=0 retry_gap=0 flood=1 wait=0 rx=0 rxq=0 rxr=0 ack=0 ch9=0 rf=0 retry=5 interval=380
89447.342 [0] DBG_SCAN_SKIPPED reason=blocked
89447.342 [0] DBG_ANCHOR_CH5_SCAN_RESCHED ret=1 delay=5
89447.342 [0] DBG_ANCHOR_CH5_SCAN_HANDLER role=2
89447.342 [0] DBG_ANCHOR_CH5_SCAN_BLOCKED win=0 tx=0 retry_gap=0 flood=1 wait=0 rx=0 rxq=0 rxr=0 ack=0 ch9=0 rf=0 retry=5 interval=380
89447.342 [0] DBG_SCAN_SKIPPED reason=blocked
89447.342 [0] DBG_ANCHOR_CH5_SCAN_RESCHED ret=1 delay=5
89447.342 [0] DBG_ANCHOR_CH5_SCAN_HANDLER role=2
89447.342 [0] DBG_ANCHOR_CH5_SCAN_BLOCKED win=0 tx=0 retry_gap=0 flood=1 wait=0 rx=0 rxq=0 rxr=0 ack=0 ch9=0 rf=0 retry=5 interval=380
89447.342 [0] DBG_SCAN_SKIPPED reason=blocked
89447.342 [0] DBG_ANCHOR_CH5_SCAN_RESCHED ret=1 delay=5
89447.342 [0] DBG_ANCHOR_CH5_SCAN_HANDLER role=2
89447.342 [0] DBG_SCAN_SKIPPED reason=blocked
89447.374 [0] DBG_ANCHOR_CH5_SCAN_HANDLER role=2
89447.374 [0] DBG_ANCHOR_CH5_SCAN_HANDLER role=2
89447.374 [0] DBG_ANCHOR_CH5_SCAN_BLOCKED win=0 tx=0 retry_gap=0 flood=1 wait=0 rx=0 rxq=0 rxr=0 ack=0 ch9=0 rf=0 retry=5 interval=380
89447.374 [0] DBG_SCAN_SKIPPED reason=blocked
89447.374 [0] DBG_ANCHOR_CH5_SCAN_RESCHED ret=1 delay=5
89447.374 [0] DBG_ANCHOR_CH5_SCAN_HANDLER role=2
89447.374 [0] DBG_ANCHOR_CH5_SCAN_BLOCKED win=0 tx=0 retry_gap=0 flood=1 wait=0 rx=0 rxq=0 rxr=0 ack=0 ch9=0 rf=0 retry=5 interval=380
89447.374 [0] DBG_SCAN_SKIPPED reason=blocked
89447.374 [0] DBG_ANCHOR_CH5_SCAN_RESCHED ret=1 delay=5
89447.374 [0] DBG_ANCHOR_CH5_SCAN_HANDLER role=2
89447.374 [0] DBG_ANCHOR_CH5_SCAN_BLOCKED win=0 tx=0 retry_gap=0 flood=1 wait=0 rx=0 rxq=0 rxr=0 ack=0 ch9=0 rf=0 retry=5 interval=380
89447.374 [0] DBG_SCAN_SKIPPED reason=blocked
89447.374 [0] DBG_ANCHOR_CH5_SCAN_RESCHED ret=1 delay=5
89447.374 [0] DBG_ANCHOR_CH5_SCAN_HANDLER role=2
89447.374 [0] DBG_ANCHOR_CH5_SCAN_BLOCKED win=0 tx=0 retry_gap=0 flood=1 wait=0 rx=0 rxq=0 rxr=0 ack=0 ch9=0 rf=0 retry=5 interval=380
89447.374 [0] DBG_SCAN_SKIPPED reason=blocked
89447.374 [0] DBG_ANCHOR_CH5_SCAN_RESCHED ret=1 delay=5
89447.405 [0] DBG_ANCHOR_CH5_SCAN_HANDLER role=2
89447.405 [0] DBG_SCAN_SKIPPED reason=blocked
89447.405 [0] DBG_ANCHOR_CH5_SCAN_HANDLER role=2
89447.405 [0] DBG_ANCHOR_CH5_SCAN_BLOCKED win=0 tx=0 retry_gap=0 flood=1 wait=0 rx=0 rxq=0 rxr=0 ack=0 ch9=0 rf=0 retry=5 interval=380
89447.405 [0] DBG_SCAN_SKIPPED reason=blocked
89447.405 [0] DBG_ANCHOR_CH5_SCAN_RESCHED ret=1 delay=5
89447.405 [0] DBG_ANCHOR_CH5_SCAN_HANDLER role=2
89447.405 [0] DBG_ANCHOR_CH5_SCAN_BLOCKED win=0 tx=0 retry_gap=0 flood=1 wait=0 rx=0 rxq=0 rxr=0 ack=0 ch9=0 rf=0 retry=5 interval=380
89447.405 [0] DBG_SCAN_SKIPPED reason=blocked
89447.405 [0] DBG_ANCHOR_CH5_SCAN_RESCHED ret=1 delay=5
89447.405 [0] DBG_ANCHOR_CH5_SCAN_HANDLER role=2
89447.405 [0] DBG_ANCHOR_CH5_SCAN_BLOCKED win=0 tx=0 retry_gap=0 flood=1 wait=0 rx=0 rxq=0 rxr=0 ack=0 ch9=0 rf=0 retry=5 interval=380
89447.405 [0] DBG_SCAN_SKIPPED reason=blocked
89447.405 [0] DBG_ANCHOR_CH5_SCAN_RESCHED ret=1 delay=5
89447.405 [0] DBG_ANCHOR_CH5_SCAN_HANDLER role=2
89447.405 [0] DBG_ANCHOR_CH5_SCAN_BLOCKED win=0 tx=0 retry_gap=0 flood=1 wait=0 rx=0 rxq=0 rxr=0 ack=0 ch9=0 rf=0 retry=5 interval=380
89447.405 [0] DBG_SCAN_SKIPPED reason=blocked
89447.405 [0] DBG_ANCHOR_CH5_SCAN_RESCHED ret=1 delay=5
89447.436 [0] DBG_ANCHOR_CH5_SCAN_HANDLER role=2
89447.436 [0] DBG_ANCHOR_CH5_SCAN_HANDLER role=2
89447.436 [0] DBG_ANCHOR_CH5_SCAN_BLOCKED win=0 tx=0 retry_gap=0 flood=1 wait=0 rx=0 rxq=0 rxr=0 ack=0 ch9=0 rf=0 retry=5 interval=380
89447.436 [0] DBG_SCAN_SKIPPED reason=blocked
89447.436 [0] DBG_ANCHOR_CH5_SCAN_RESCHED ret=1 delay=5
89447.436 [0] DBG_ANCHOR_CH5_SCAN_HANDLER role=2
89447.436 [0] DBG_ANCHOR_CH5_SCAN_BLOCKED win=0 tx=0 retry_gap=0 flood=1 wait=0 rx=0 rxq=0 rxr=0 ack=0 ch9=0 rf=0 retry=5 interval=380
89447.436 [0] DBG_SCAN_SKIPPED reason=blocked
89447.436 [0] DBG_ANCHOR_CH5_SCAN_RESCHED ret=1 delay=5
89447.436 [0] DBG_ANCHOR_CH5_SCAN_HANDLER role=2
89447.436 [0] DBG_ANCHOR_CH5_SCAN_BLOCKED win=0 tx=0 retry_gap=0 flood=1 wait=0 rx=0 rxq=0 rxr=0 ack=0 ch9=0 rf=0 retry=5 interval=380
89447.436 [0] DBG_SCAN_SKIPPED reason=blocked
89447.436 [0] DBG_ANCHOR_CH5_SCAN_RESCHED ret=1 delay=5
89447.436 [0] DBG_ANCHOR_CH5_SCAN_HANDLER role=2
89447.436 [0] DBG_ANCHOR_CH5_SCAN_BLOCKED win=0 tx=0 retry_gap=0 flood=1 wait=0 rx=0 rxq=0 rxr=0 ack=0 ch9=0 rf=0 retry=5 interval=380
89447.436 [0] DBG_SCAN_SKIPPED reason=blocked
89447.436 [0] DBG_ANCHOR_CH5_SCAN_RESCHED ret=1 delay=5
89447.467 [0] DBG_ANCHOR_CH5_SCAN_HANDLER role=2
89447.467 [0] DBG_SCAN_SKIPPED reason=blocked
89447.467 [0] DBG_ANCHOR_CH5_SCAN_HANDLER role=2
89447.467 [0] DBG_ANCHOR_CH5_SCAN_BLOCKED win=0 tx=0 retry_gap=0 flood=1 wait=0 rx=0 rxq=0 rxr=0 ack=0 ch9=0 rf=0 retry=5 interval=380
89447.467 [0] DBG_SCAN_SKIPPED reason=blocked
89447.467 [0] DBG_ANCHOR_CH5_SCAN_RESCHED ret=1 delay=5
89447.467 [0] DBG_ANCHOR_CH5_SCAN_HANDLER role=2
89447.467 [0] DBG_ANCHOR_CH5_SCAN_BLOCKED win=0 tx=0 retry_gap=0 flood=1 wait=0 rx=0 rxq=0 rxr=0 ack=0 ch9=0 rf=0 retry=5 interval=380
89447.467 [0] DBG_SCAN_SKIPPED reason=blocked
89447.467 [0] DBG_ANCHOR_CH5_SCAN_RESCHED ret=1 delay=5
89447.467 [0] DBG_ANCHOR_CH5_SCAN_HANDLER role=2
89447.467 [0] DBG_ANCHOR_CH5_SCAN_BLOCKED win=0 tx=0 retry_gap=0 flood=1 wait=0 rx=0 rxq=0 rxr=0 ack=0 ch9=0 rf=0 retry=5 interval=380
89447.467 [0] DBG_SCAN_SKIPPED reason=blocked
89447.467 [0] DBG_ANCHOR_CH5_SCAN_RESCHED ret=1 delay=5
89447.467 [0] DBG_ANCHOR_CH5_SCAN_HANDLER role=2
89447.467 [0] DBG_ANCHOR_CH5_SCAN_BLOCKED win=0 tx=0 retry_gap=0 flood=1 wait=0 rx=0 rxq=0 rxr=0 ack=0 ch9=0 rf=0 retry=5 interval=380
89447.467 [0] DBG_SCAN_SKIPPED reason=blocked
89447.467 [0] DBG_ANCHOR_CH5_SCAN_RESCHED ret=1 delay=5
89447.499 [0] DBG_ANCHOR_CH5_SCAN_HANDLER role=2
89447.499 [0] DBG_ANCHOR_CH5_SCAN_HANDLER role=2
89447.499 [0] DBG_ANCHOR_CH5_SCAN_BLOCKED win=0 tx=0 retry_gap=0 flood=1 wait=0 rx=0 rxq=0 rxr=0 ack=0 ch9=0 rf=0 retry=5 interval=380
89447.499 [0] DBG_SCAN_SKIPPED reason=blocked
89447.499 [0] DBG_ANCHOR_CH5_SCAN_RESCHED ret=1 delay=5
89447.499 [0] DBG_ANCHOR_CH5_SCAN_HANDLER role=2
89447.499 [0] DBG_ANCHOR_CH5_SCAN_BLOCKED win=0 tx=0 retry_gap=0 flood=1 wait=0 rx=0 rxq=0 rxr=0 ack=0 ch9=0 rf=0 retry=5 interval=380
89447.499 [0] DBG_SCAN_SKIPPED reason=blocked
89447.499 [0] DBG_ANCHOR_CH5_SCAN_RESCHED ret=1 delay=5
89447.499 [0] DBG_ANCHOR_CH5_SCAN_HANDLER role=2
89447.499 [0] DBG_ANCHOR_CH5_SCAN_BLOCKED win=0 tx=0 retry_gap=0 flood=1 wait=0 rx=0 rxq=0 rxr=0 ack=0 ch9=0 rf=0 retry=5 interval=380
89447.499 [0] DBG_SCAN_SKIPPED reason=blocked
89447.499 [0] DBG_ANCHOR_CH5_SCAN_RESCHED ret=1 delay=5
89447.499 [0] DBG_ANCHOR_CH5_SCAN_HANDLER role=2
89447.499 [0] DBG_ANCHOR_CH5_SCAN_BLOCKED win=0 tx=0 retry_gap=0 flood=1 wait=0 rx=0 rxq=0 rxr=0 ack=0 ch9=0 rf=0 retry=5 interval=380
89447.499 [0] DBG_SCAN_SKIPPED reason=blocked
89447.499 [0] DBG_ANCHOR_CH5_SCAN_RESCHED ret=1 delay=5
89447.535 [0] DBG_ANCHOR_CH5_SCAN_HANDLER role=2
89447.535 [0] DBG_SCAN_SKIPPED reason=blocked
89447.535 [0] DBG_ANCHOR_CH5_SCAN_BLOCKED win=0 tx=0 retry_gap=0 flood=1 wait=0 rx=0 rxq=0 rxr=0 ack=0 ch9=0 rf=0 retry=5 interval=380
89447.535 [0] DBG_SCAN_SKIPPED reason=blocked
89447.535 [0] DBG_ANCHOR_CH5_SCAN_RESCHED ret=1 delay=5
89447.535 [0] DBG_ANCHOR_CH5_SCAN_HANDLER role=2
89447.535 [0] DBG_ANCHOR_CH5_SCAN_BLOCKED win=0 tx=0 retry_gap=0 flood=1 wait=0 rx=0 rxq=0 rxr=0 ack=0 ch9=0 rf=0 retry=5 interval=380
89447.535 [0] DBG_SCAN_SKIPPED reason=blocked
89447.535 [0] DBG_ANCHOR_CH5_SCAN_RESCHED ret=1 delay=5
89447.535 [0] DBG_ANCHOR_CH5_SCAN_HANDLER role=2
89447.535 [0] DBG_ANCHOR_CH5_SCAN_BLOCKED win=0 tx=0 retry_gap=0 flood=1 wait=0 rx=0 rxq=0 rxr=0 ack=0 ch9=0 rf=0 retry=5 interval=380
89447.535 [0] DBG_SCAN_SKIPPED reason=blocked
89447.535 [0] DBG_ANCHOR_CH5_SCAN_RESCHED ret=1 delay=5
89447.535 [0] DBG_ANCHOR_CH5_SCAN_HANDLER role=2
89447.535 [0] DBG_ANCHOR_CH5_SCAN_BLOCKED win=0 tx=0 retry_gap=0 flood=1 wait=0 rx=0 rxq=0 rxr=0 ack=0 ch9=0 rf=0 retry=5 interval=380
89447.535 [0] DBG_SCAN_SKIPPED reason=blocked
89447.535 [0] DBG_ANCHOR_CH5_SCAN_RESCHED ret=1 delay=5
89447.535 [0] DBG_ANCHOR_CH5_SCAN_HANDLER role=2
89447.535 [0] DBG_SCAN_SKIPPED reason=blocked
89447.566 [0] DBG_ANCHOR_CH5_SCAN_HANDLER role=2
89447.566 [0] DBG_ANCHOR_CH5_SCAN_BLOCKED win=0 tx=0 retry_gap=0 flood=1 wait=0 rx=0 rxq=0 rxr=0 ack=0 ch9=0 rf=0 retry=5 interval=380
89447.566 [0] DBG_SCAN_SKIPPED reason=blocked
89447.566 [0] DBG_ANCHOR_CH5_SCAN_RESCHED ret=1 delay=5
89447.566 [0] DBG_ANCHOR_CH5_SCAN_HANDLER role=2
89447.566 [0] DBG_ANCHOR_CH5_SCAN_BLOCKED win=0 tx=0 retry_gap=0 flood=1 wait=0 rx=0 rxq=0 rxr=0 ack=0 ch9=0 rf=0 retry=5 interval=380
89447.566 [0] DBG_SCAN_SKIPPED reason=blocked
89447.566 [0] DBG_ANCHOR_CH5_SCAN_RESCHED ret=1 delay=5
89447.566 [0] DBG_ANCHOR_CH5_SCAN_HANDLER role=2
89447.566 [0] DBG_ANCHOR_CH5_SCAN_BLOCKED win=0 tx=0 retry_gap=0 flood=1 wait=0 rx=0 rxq=0 rxr=0 ack=0 ch9=0 rf=0 retry=5 interval=380
89447.566 [0] DBG_SCAN_SKIPPED reason=blocked
89447.566 [0] DBG_ANCHOR_CH5_SCAN_RESCHED ret=1 delay=5
89447.566 [0] DBG_ANCHOR_CH5_SCAN_HANDLER role=2
89447.566 [0] DBG_ANCHOR_CH5_SCAN_BLOCKED win=0 tx=0 retry_gap=0 flood=1 wait=0 rx=0 rxq=0 rxr=0 ack=0 ch9=0 rf=0 retry=5 interval=380
89447.566 [0] DBG_SCAN_SKIPPED reason=blocked
89447.566 [0] DBG_ANCHOR_CH5_SCAN_RESCHED ret=1 delay=5
89447.598 [0] DBG_ANCHOR_CH5_SCAN_HANDLER role=2
89447.598 [0] DBG_SCAN_SKIPPED reason=blocked
89447.598 [0] DBG_ANCHOR_CH5_SCAN_HANDLER role=2
89447.598 [0] DBG_ANCHOR_CH5_SCAN_BLOCKED win=0 tx=0 retry_gap=0 flood=1 wait=0 rx=0 rxq=0 rxr=0 ack=0 ch9=0 rf=0 retry=5 interval=380
89447.598 [0] DBG_SCAN_SKIPPED reason=blocked
89447.598 [0] DBG_ANCHOR_CH5_SCAN_RESCHED ret=1 delay=5
89447.598 [0] DBG_ANCHOR_CH5_SCAN_HANDLER role=2
89447.598 [0] DBG_ANCHOR_CH5_SCAN_BLOCKED win=0 tx=0 retry_gap=0 flood=1 wait=0 rx=0 rxq=0 rxr=0 ack=0 ch9=0 rf=0 retry=5 interval=380
89447.598 [0] DBG_SCAN_SKIPPED reason=blocked
89447.598 [0] DBG_ANCHOR_CH5_SCAN_RESCHED ret=1 delay=5
89447.598 [0] DBG_ANCHOR_CH5_SCAN_HANDLER role=2
89447.598 [0] DBG_ANCHOR_CH5_SCAN_BLOCKED win=0 tx=0 retry_gap=0 flood=1 wait=0 rx=0 rxq=0 rxr=0 ack=0 ch9=0 rf=0 retry=5 interval=380
89447.598 [0] DBG_SCAN_SKIPPED reason=blocked
89447.598 [0] DBG_ANCHOR_CH5_SCAN_RESCHED ret=1 delay=5
89447.598 [0] DBG_ANCHOR_CH5_SCAN_HANDLER role=2
89447.598 [0] DBG_ANCHOR_CH5_SCAN_BLOCKED win=0 tx=0 retry_gap=0 flood=1 wait=0 rx=0 rxq=0 rxr=0 ack=0 ch9=0 rf=0 retry=5 interval=380
89447.598 [0] DBG_SCAN_SKIPPED reason=blocked
89447.598 [0] DBG_ANCHOR_CH5_SCAN_RESCHED ret=1 delay=5
89447.598 [0] DBG_ANCHOR_CH5_SCAN_HANDLER role=2
89447.638 [0] DBG_ANCHOR_CH5_SCAN_HANDLER role=2
89447.638 [0] DBG_ANCHOR_CH5_SCAN_BLOCKED win=0 tx=0 retry_gap=0 flood=1 wait=0 rx=0 rxq=0 rxr=0 ack=0 ch9=0 rf=0 retry=5 interval=380
89447.638 [0] DBG_SCAN_SKIPPED reason=blocked
89447.638 [0] DBG_ANCHOR_CH5_SCAN_RESCHED ret=1 delay=5
89447.638 [0] DBG_ANCHOR_CH5_SCAN_HANDLER role=2
89447.638 [0] DBG_ANCHOR_CH5_SCAN_BLOCKED win=0 tx=0 retry_gap=0 flood=1 wait=0 rx=0 rxq=0 rxr=0 ack=0 ch9=0 rf=0 retry=5 interval=380
89447.638 [0] DBG_SCAN_SKIPPED reason=blocked
89447.638 [0] DBG_ANCHOR_CH5_SCAN_RESCHED ret=1 delay=5
89447.638 [0] DBG_ANCHOR_CH5_SCAN_HANDLER role=2
89447.638 [0] DBG_ANCHOR_CH5_SCAN_BLOCKED win=0 tx=0 retry_gap=0 flood=1 wait=0 rx=0 rxq=0 rxr=0 ack=0 ch9=0 rf=0 retry=5 interval=380
89447.638 [0] DBG_SCAN_SKIPPED reason=blocked
89447.638 [0] DBG_ANCHOR_CH5_SCAN_RESCHED ret=1 delay=5
89447.638 [0] DBG_ANCHOR_CH5_SCAN_HANDLER role=2
89447.638 [0] DBG_ANCHOR_CH5_SCAN_BLOCKED win=0 tx=0 retry_gap=0 flood=1 wait=0 rx=0 rxq=0 rxr=0 ack=0 ch9=0 rf=0 retry=5 interval=380
89447.638 [0] DBG_SCAN_SKIPPED reason=blocked
89447.638 [0] DBG_ANCHOR_CH5_SCAN_RESCHED ret=1 delay=5
89447.638 [0] DBG_ANCHOR_CH5_SCAN_HANDLER role=2
89447.638 [0] DBG_SCAN_SKIPPED reason=blocked
89447.638 [0] DBG_ANCHOR_CH5_SCAN_HANDLER role=2
89447.674 [0] DBG_ANCHOR_CH5_SCAN_HANDLER role=2
89447.674 [0] DBG_ANCHOR_CH5_SCAN_BLOCKED win=0 tx=0 retry_gap=0 flood=1 wait=0 rx=0 rxq=0 rxr=0 ack=0 ch9=0 rf=0 retry=5 interval=380
89447.674 [0] DBG_SCAN_SKIPPED reason=blocked
89447.674 [0] DBG_ANCHOR_CH5_SCAN_RESCHED ret=1 delay=5
89447.674 [0] DBG_ANCHOR_CH5_SCAN_HANDLER role=2
89447.674 [0] DBG_ANCHOR_CH5_SCAN_BLOCKED win=0 tx=0 retry_gap=0 flood=1 wait=0 rx=0 rxq=0 rxr=0 ack=0 ch9=0 rf=0 retry=5 interval=380
89447.674 [0] DBG_SCAN_SKIPPED reason=blocked
89447.674 [0] DBG_ANCHOR_CH5_SCAN_RESCHED ret=1 delay=5
89447.674 [0] DBG_ANCHOR_CH5_SCAN_HANDLER role=2
89447.674 [0] DBG_ANCHOR_CH5_SCAN_BLOCKED win=0 tx=0 retry_gap=0 flood=1 wait=0 rx=0 rxq=0 rxr=0 ack=0 ch9=0 rf=0 retry=5 interval=380
89447.674 [0] DBG_SCAN_SKIPPED reason=blocked
89447.674 [0] DBG_ANCHOR_CH5_SCAN_RESCHED ret=1 delay=5
89447.674 [0] DBG_ANCHOR_CH5_SCAN_HANDLER role=2
89447.674 [0] DBG_ANCHOR_CH5_SCAN_BLOCKED win=0 tx=0 retry_gap=0 flood=1 wait=0 rx=0 rxq=0 rxr=0 ack=0 ch9=0 rf=0 retry=5 interval=380
89447.674 [0] DBG_SCAN_SKIPPED reason=blocked
89447.674 [0] DBG_ANCHOR_CH5_SCAN_RESCHED ret=1 delay=5
89447.674 [0] DBG_ANCHOR_CH5_SCAN_HANDLER role=2
89447.674 [0] DBG_SCAN_SKIPPED reason=blocked
89447.706 [0] DBG_ANCHOR_CH5_SCAN_HANDLER role=2
89447.706 [0] DBG_ANCHOR_CH5_SCAN_HANDLER role=2
89447.706 [0] DBG_ANCHOR_CH5_SCAN_BLOCKED win=0 tx=0 retry_gap=0 flood=1 wait=0 rx=0 rxq=0 rxr=0 ack=0 ch9=0 rf=0 retry=5 interval=380
89447.706 [0] DBG_SCAN_SKIPPED reason=blocked
89447.706 [0] DBG_ANCHOR_CH5_SCAN_RESCHED ret=1 delay=5
89447.706 [0] DBG_ANCHOR_CH5_SCAN_HANDLER role=2
89447.706 [0] DBG_ANCHOR_CH5_SCAN_BLOCKED win=0 tx=0 retry_gap=0 flood=1 wait=0 rx=0 rxq=0 rxr=0 ack=0 ch9=0 rf=0 retry=5 interval=380
89447.706 [0] DBG_SCAN_SKIPPED reason=blocked
89447.706 [0] DBG_ANCHOR_CH5_SCAN_RESCHED ret=1 delay=5
89447.706 [0] DBG_ANCHOR_CH5_SCAN_HANDLER role=2
89447.706 [0] DBG_ANCHOR_CH5_SCAN_BLOCKED win=0 tx=0 retry_gap=0 flood=1 wait=0 rx=0 rxq=0 rxr=0 ack=0 ch9=0 rf=0 retry=5 interval=380
89447.706 [0] DBG_SCAN_SKIPPED reason=blocked
89447.706 [0] DBG_ANCHOR_CH5_SCAN_RESCHED ret=1 delay=5
89447.706 [0] DBG_ANCHOR_CH5_SCAN_HANDLER role=2
89447.706 [0] DBG_ANCHOR_CH5_SCAN_BLOCKED win=0 tx=0 retry_gap=0 flood=1 wait=0 rx=0 rxq=0 rxr=0 ack=0 ch9=0 rf=0 retry=5 interval=380
89447.706 [0] DBG_SCAN_SKIPPED reason=blocked
89447.706 [0] DBG_ANCHOR_CH5_SCAN_RESCHED ret=1 delay=5
89447.738 [0] DBG_ANCHOR_CH5_SCAN_HANDLER role=2
89447.738 [0] DBG_SCAN_SKIPPED reason=blocked
89447.738 [0] DBG_ANCHOR_CH5_SCAN_HANDLER role=2
89447.738 [0] DBG_ANCHOR_CH5_SCAN_BLOCKED win=0 tx=0 retry_gap=0 flood=1 wait=0 rx=0 rxq=0 rxr=0 ack=0 ch9=0 rf=0 retry=5 interval=380
89447.738 [0] DBG_SCAN_SKIPPED reason=blocked
89447.738 [0] DBG_ANCHOR_CH5_SCAN_RESCHED ret=1 delay=5
89447.738 [0] DBG_ANCHOR_CH5_SCAN_HANDLER role=2
89447.738 [0] DBG_ANCHOR_CH5_SCAN_BLOCKED win=0 tx=0 retry_gap=0 flood=1 wait=0 rx=0 rxq=0 rxr=0 ack=0 ch9=0 rf=0 retry=5 interval=380
89447.738 [0] DBG_SCAN_SKIPPED reason=blocked
89447.738 [0] DBG_ANCHOR_CH5_SCAN_RESCHED ret=1 delay=5
89447.738 [0] DBG_ANCHOR_CH5_SCAN_HANDLER role=2
89447.738 [0] DBG_ANCHOR_CH5_SCAN_BLOCKED win=0 tx=0 retry_gap=0 flood=1 wait=0 rx=0 rxq=0 rxr=0 ack=0 ch9=0 rf=0 retry=5 interval=380
89447.738 [0] DBG_SCAN_SKIPPED reason=blocked
89447.738 [0] DBG_ANCHOR_CH5_SCAN_RESCHED ret=1 delay=5
89447.738 [0] DBG_ANCHOR_CH5_SCAN_HANDLER role=2
89447.738 [0] DBG_ANCHOR_CH5_SCAN_BLOCKED win=0 tx=0 retry_gap=0 flood=1 wait=0 rx=0 rxq=0 rxr=0 ack=0 ch9=0 rf=0 retry=5 interval=380
89447.738 [0] DBG_SCAN_SKIPPED reason=blocked
89447.738 [0] DBG_ANCHOR_CH5_SCAN_RESCHED ret=1 delay=5
89447.776 [0] DBG_ANCHOR_CH5_SCAN_HANDLER role=2
89447.776 [0] DBG_ANCHOR_CH5_SCAN_HANDLER role=2
89447.776 [0] DBG_ANCHOR_CH5_SCAN_BLOCKED win=0 tx=0 retry_gap=0 flood=1 wait=0 rx=0 rxq=0 rxr=0 ack=0 ch9=0 rf=0 retry=5 interval=380
89447.776 [0] DBG_SCAN_SKIPPED reason=blocked
89447.776 [0] DBG_ANCHOR_CH5_SCAN_RESCHED ret=1 delay=5
89447.776 [0] DBG_ANCHOR_CH5_SCAN_HANDLER role=2
89447.776 [0] DBG_ANCHOR_CH5_SCAN_BLOCKED win=0 tx=0 retry_gap=0 flood=1 wait=0 rx=0 rxq=0 rxr=0 ack=0 ch9=0 rf=0 retry=5 interval=380
89447.776 [0] DBG_SCAN_SKIPPED reason=blocked
89447.776 [0] DBG_ANCHOR_CH5_SCAN_RESCHED ret=1 delay=5
89447.776 [0] DBG_ANCHOR_CH5_SCAN_HANDLER role=2
89447.776 [0] DBG_ANCHOR_CH5_SCAN_BLOCKED win=0 tx=0 retry_gap=0 flood=1 wait=0 rx=0 rxq=0 rxr=0 ack=0 ch9=0 rf=0 retry=5 interval=380
89447.776 [0] DBG_SCAN_SKIPPED reason=blocked
89447.776 [0] DBG_ANCHOR_CH5_SCAN_RESCHED ret=1 delay=5
89447.776 [0] DBG_ANCHOR_CH5_SCAN_HANDLER role=2
89447.776 [0] DBG_ANCHOR_CH5_SCAN_BLOCKED win=0 tx=0 retry_gap=0 flood=1 wait=0 rx=0 rxq=0 rxr=0 ack=0 ch9=0 rf=0 retry=5 interval=380
89447.776 [0] DBG_SCAN_SKIPPED reason=blocked
89447.776 [0] DBG_ANCHOR_CH5_SCAN_RESCHED ret=1 delay=5
89447.776 [0] DBG_ANCHOR_CH5_SCAN_HANDLER role=2
89447.776 [0] DBG_SCAN_SKIPPED reason=blocked
89447.808 [0] DBG_ANCHOR_CH5_SCAN_HANDLER role=2
89447.808 [0] DBG_ANCHOR_CH5_SCAN_BLOCKED win=0 tx=0 retry_gap=0 flood=1 wait=0 rx=0 rxq=0 rxr=0 ack=0 ch9=0 rf=0 retry=5 interval=380
89447.808 [0] DBG_SCAN_SKIPPED reason=blocked
89447.808 [0] DBG_ANCHOR_CH5_SCAN_RESCHED ret=1 delay=5
89447.808 [0] DBG_ANCHOR_CH5_SCAN_HANDLER role=2
89447.808 [0] DBG_ANCHOR_CH5_SCAN_BLOCKED win=0 tx=0 retry_gap=0 flood=1 wait=0 rx=0 rxq=0 rxr=0 ack=0 ch9=0 rf=0 retry=5 interval=380
89447.808 [0] DBG_SCAN_SKIPPED reason=blocked
89447.808 [0] DBG_ANCHOR_CH5_SCAN_RESCHED ret=1 delay=5
89447.808 [0] DBG_ANCHOR_CH5_SCAN_HANDLER role=2
89447.808 [0] DBG_ANCHOR_CH5_SCAN_BLOCKED win=0 tx=0 retry_gap=0 flood=1 wait=0 rx=0 rxq=0 rxr=0 ack=0 ch9=0 rf=0 retry=5 interval=380
89447.808 [0] DBG_SCAN_SKIPPED reason=blocked
89447.808 [0] DBG_ANCHOR_CH5_SCAN_RESCHED ret=1 delay=5
89447.808 [0] DBG_ANCHOR_CH5_SCAN_HANDLER role=2
89447.808 [0] DBG_ANCHOR_CH5_SCAN_BLOCKED win=0 tx=0 retry_gap=0 flood=1 wait=0 rx=0 rxq=0 rxr=0 ack=0 ch9=0 rf=0 retry=5 interval=380
89447.808 [0] DBG_SCAN_SKIPPED reason=blocked
89447.808 [0] DBG_ANCHOR_CH5_SCAN_RESCHED ret=1 delay=5
89447.841 [0] DBG_ANCHOR_CH5_SCAN_HANDLER role=2
89447.841 [0] DBG_SCAN_SKIPPED reason=blocked
89447.841 [0] DBG_ANCHOR_CH5_SCAN_HANDLER role=2
89447.841 [0] DBG_ANCHOR_CH5_SCAN_BLOCKED win=0 tx=0 retry_gap=0 flood=1 wait=0 rx=0 rxq=0 rxr=0 ack=0 ch9=0 rf=0 retry=5 interval=380
89447.841 [0] DBG_SCAN_SKIPPED reason=blocked
89447.841 [0] DBG_ANCHOR_CH5_SCAN_RESCHED ret=1 delay=5
89447.841 [0] DBG_ANCHOR_CH5_SCAN_HANDLER role=2
89447.841 [0] DBG_ANCHOR_CH5_SCAN_BLOCKED win=0 tx=0 retry_gap=0 flood=1 wait=0 rx=0 rxq=0 rxr=0 ack=0 ch9=0 rf=0 retry=5 interval=380
89447.841 [0] DBG_SCAN_SKIPPED reason=blocked
89447.841 [0] DBG_ANCHOR_CH5_SCAN_RESCHED ret=1 delay=5
89447.841 [0] DBG_ANCHOR_CH5_SCAN_HANDLER role=2
89447.841 [0] DBG_ANCHOR_CH5_SCAN_BLOCKED win=0 tx=0 retry_gap=0 flood=1 wait=0 rx=0 rxq=0 rxr=0 ack=0 ch9=0 rf=0 retry=5 interval=380
89447.841 [0] DBG_SCAN_SKIPPED reason=blocked
89447.841 [0] DBG_ANCHOR_CH5_SCAN_RESCHED ret=1 delay=5
89447.841 [0] DBG_ANCHOR_CH5_SCAN_HANDLER role=2
89447.841 [0] DBG_ANCHOR_CH5_SCAN_BLOCKED win=0 tx=0 retry_gap=0 flood=1 wait=0 rx=0 rxq=0 rxr=0 ack=0 ch9=0 rf=0 retry=5 interval=380
89447.841 [0] DBG_SCAN_SKIPPED reason=blocked
89447.841 [0] DBG_ANCHOR_CH5_SCAN_RESCHED ret=1 delay=5
89447.841 [0] DBG_ANCHOR_CH5_SCAN_HANDLER role=2
89447.873 [0] DBG_ANCHOR_CH5_SCAN_HANDLER role=2
89447.873 [0] DBG_ANCHOR_CH5_SCAN_BLOCKED win=0 tx=0 retry_gap=0 flood=1 wait=0 rx=0 rxq=0 rxr=0 ack=0 ch9=0 rf=0 retry=5 interval=380
89447.873 [0] DBG_SCAN_SKIPPED reason=blocked
89447.873 [0] DBG_ANCHOR_CH5_SCAN_RESCHED ret=1 delay=5
89447.873 [0] DBG_ANCHOR_CH5_SCAN_HANDLER role=2
89447.873 [0] DBG_ANCHOR_CH5_SCAN_BLOCKED win=0 tx=0 retry_gap=0 flood=1 wait=0 rx=0 rxq=0 rxr=0 ack=0 ch9=0 rf=0 retry=5 interval=380
89447.873 [0] DBG_SCAN_SKIPPED reason=blocked
89447.873 [0] DBG_ANCHOR_CH5_SCAN_RESCHED ret=1 delay=5
89447.873 [0] DBG_ANCHOR_CH5_SCAN_HANDLER role=2
89447.873 [0] DBG_ANCHOR_CH5_SCAN_BLOCKED win=0 tx=0 retry_gap=0 flood=1 wait=0 rx=0 rxq=0 rxr=0 ack=0 ch9=0 rf=0 retry=5 interval=380
89447.873 [0] DBG_SCAN_SKIPPED reason=blocked
89447.873 [0] DBG_ANCHOR_CH5_SCAN_RESCHED ret=1 delay=5
89447.873 [0] DBG_ANCHOR_CH5_SCAN_HANDLER role=2
89447.873 [0] DBG_ANCHOR_CH5_SCAN_BLOCKED win=0 tx=0 retry_gap=0 flood=1 wait=0 rx=0 rxq=0 rxr=0 ack=0 ch9=0 rf=0 retry=5 interval=380
89447.873 [0] DBG_SCAN_SKIPPED reason=blocked
89447.873 [0] DBG_ANCHOR_CH5_SCAN_RESCHED ret=1 delay=5
89447.873 [0] DBG_ANCHOR_CH5_SCAN_HANDLER role=2
89447.905 [0] DBG_SCAN_SKIPPED reason=blocked
89447.905 [0] DBG_ANCHOR_CH5_SCAN_HANDLER role=2
89447.905 [0] DBG_ANCHOR_CH5_SCAN_HANDLER role=2
89447.905 [0] DBG_ANCHOR_CH5_SCAN_BLOCKED win=0 tx=0 retry_gap=0 flood=1 wait=0 rx=0 rxq=0 rxr=0 ack=0 ch9=0 rf=0 retry=5 interval=380
89447.905 [0] DBG_SCAN_SKIPPED reason=blocked
89447.905 [0] DBG_ANCHOR_CH5_SCAN_RESCHED ret=1 delay=5
89447.905 [0] DBG_ANCHOR_CH5_SCAN_HANDLER role=2
89447.905 [0] DBG_ANCHOR_CH5_SCAN_BLOCKED win=0 tx=0 retry_gap=0 flood=1 wait=0 rx=0 rxq=0 rxr=0 ack=0 ch9=0 rf=0 retry=5 interval=380
89447.905 [0] DBG_SCAN_SKIPPED reason=blocked
89447.905 [0] DBG_ANCHOR_CH5_SCAN_RESCHED ret=1 delay=5
89447.905 [0] DBG_ANCHOR_CH5_SCAN_HANDLER role=2
89447.905 [0] DBG_ANCHOR_CH5_SCAN_BLOCKED win=0 tx=0 retry_gap=0 flood=1 wait=0 rx=0 rxq=0 rxr=0 ack=0 ch9=0 rf=0 retry=5 interval=380
89447.905 [0] DBG_SCAN_SKIPPED reason=blocked
89447.905 [0] DBG_ANCHOR_CH5_SCAN_RESCHED ret=1 delay=5
89447.905 [0] DBG_ANCHOR_CH5_SCAN_HANDLER role=2
89447.905 [0] DBG_ANCHOR_CH5_SCAN_BLOCKED win=0 tx=0 retry_gap=0 flood=1 wait=0 rx=0 rxq=0 rxr=0 ack=0 ch9=0 rf=0 retry=5 interval=380
89447.905 [0] DBG_SCAN_SKIPPED reason=blocked
89447.905 [0] DBG_ANCHOR_CH5_SCAN_RESCHED ret=1 delay=5
89447.937 [0] DBG_ANCHOR_CH5_SCAN_HANDLER role=2
89447.937 [0] DBG_ANCHOR_CH5_SCAN_HANDLER role=2
89447.937 [0] DBG_ANCHOR_CH5_SCAN_BLOCKED win=0 tx=0 retry_gap=0 flood=1 wait=0 rx=0 rxq=0 rxr=0 ack=0 ch9=0 rf=0 retry=5 interval=380
89447.937 [0] DBG_SCAN_SKIPPED reason=blocked
89447.937 [0] DBG_ANCHOR_CH5_SCAN_RESCHED ret=1 delay=5
89447.937 [0] DBG_ANCHOR_CH5_SCAN_HANDLER role=2
89447.937 [0] DBG_ANCHOR_CH5_SCAN_BLOCKED win=0 tx=0 retry_gap=0 flood=1 wait=0 rx=0 rxq=0 rxr=0 ack=0 ch9=0 rf=0 retry=5 interval=380
89447.937 [0] DBG_SCAN_SKIPPED reason=blocked
89447.937 [0] DBG_ANCHOR_CH5_SCAN_RESCHED ret=1 delay=5
89447.937 [0] DBG_ANCHOR_CH5_SCAN_HANDLER role=2
89447.937 [0] DBG_ANCHOR_CH5_SCAN_BLOCKED win=0 tx=0 retry_gap=0 flood=1 wait=0 rx=0 rxq=0 rxr=0 ack=0 ch9=0 rf=0 retry=5 interval=380
89447.937 [0] DBG_SCAN_SKIPPED reason=blocked
89447.937 [0] DBG_ANCHOR_CH5_SCAN_RESCHED ret=1 delay=5
89447.937 [0] DBG_ANCHOR_CH5_SCAN_HANDLER role=2
89447.937 [0] DBG_ANCHOR_CH5_SCAN_BLOCKED win=0 tx=0 retry_gap=0 flood=1 wait=0 rx=0 rxq=0 rxr=0 ack=0 ch9=0 rf=0 retry=5 interval=380
89447.937 [0] DBG_SCAN_SKIPPED reason=blocked
89447.937 [0] DBG_ANCHOR_CH5_SCAN_RESCHED ret=1 delay=5
89447.968 [0] DBG_ANCHOR_CH5_SCAN_HANDLER role=2
89447.968 [0] DBG_SCAN_SKIPPED reason=blocked
89447.968 [0] DBG_ANCHOR_CH5_SCAN_HANDLER role=2
89447.968 [0] DBG_ANCHOR_CH5_SCAN_BLOCKED win=0 tx=0 retry_gap=0 flood=1 wait=0 rx=0 rxq=0 rxr=0 ack=0 ch9=0 rf=0 retry=5 interval=380
89447.968 [0] DBG_SCAN_SKIPPED reason=blocked
89447.968 [0] DBG_ANCHOR_CH5_SCAN_RESCHED ret=1 delay=5
89447.968 [0] DBG_ANCHOR_CH5_SCAN_HANDLER role=2
89447.968 [0] DBG_ANCHOR_CH5_SCAN_BLOCKED win=0 tx=0 retry_gap=0 flood=1 wait=0 rx=0 rxq=0 rxr=0 ack=0 ch9=0 rf=0 retry=5 interval=380
89447.968 [0] DBG_SCAN_SKIPPED reason=blocked
89447.968 [0] DBG_ANCHOR_CH5_SCAN_RESCHED ret=1 delay=5
89447.968 [0] DBG_ANCHOR_CH5_SCAN_HANDLER role=2
89447.968 [0] DBG_ANCHOR_CH5_SCAN_BLOCKED win=0 tx=0 retry_gap=0 flood=1 wait=0 rx=0 rxq=0 rxr=0 ack=0 ch9=0 rf=0 retry=5 interval=380
89447.968 [0] DBG_SCAN_SKIPPED reason=blocked
89447.968 [0] DBG_ANCHOR_CH5_SCAN_RESCHED ret=1 delay=5
89447.968 [0] DBG_ANCHOR_CH5_SCAN_HANDLER role=2
89447.968 [0] DBG_ANCHOR_CH5_SCAN_BLOCKED win=0 tx=0 retry_gap=0 flood=1 wait=0 rx=0 rxq=0 rxr=0 ack=0 ch9=0 rf=0 retry=5 interval=380
89447.968 [0] DBG_SCAN_SKIPPED reason=blocked
89447.968 [0] DBG_ANCHOR_CH5_SCAN_RESCHED ret=1 delay=5
89447.968 [0] DBG_ANCHOR_CH5_SCAN_HANDLER role=2
89448.000 [0] DBG_ANCHOR_CH5_SCAN_HANDLER role=2
89448.000 [0] DBG_ANCHOR_CH5_SCAN_BLOCKED win=0 tx=0 retry_gap=0 flood=1 wait=0 rx=0 rxq=0 rxr=0 ack=0 ch9=0 rf=0 retry=5 interval=380
89448.000 [0] DBG_SCAN_SKIPPED reason=blocked
89448.000 [0] DBG_ANCHOR_CH5_SCAN_RESCHED ret=1 delay=5
89448.000 [0] DBG_ANCHOR_CH5_SCAN_HANDLER role=2
89448.000 [0] DBG_ANCHOR_CH5_SCAN_BLOCKED win=0 tx=0 retry_gap=0 flood=1 wait=0 rx=0 rxq=0 rxr=0 ack=0 ch9=0 rf=0 retry=5 interval=380
89448.000 [0] DBG_SCAN_SKIPPED reason=blocked
89448.000 [0] DBG_ANCHOR_CH5_SCAN_RESCHED ret=1 delay=5
89448.000 [0] DBG_ANCHOR_CH5_SCAN_HANDLER role=2
89448.000 [0] DBG_ANCHOR_CH5_SCAN_BLOCKED win=0 tx=0 retry_gap=0 flood=1 wait=0 rx=0 rxq=0 rxr=0 ack=0 ch9=0 rf=0 retry=5 interval=380
89448.000 [0] DBG_SCAN_SKIPPED reason=blocked
89448.000 [0] DBG_ANCHOR_CH5_SCAN_RESCHED ret=1 delay=5
89448.000 [0] DBG_ANCHOR_CH5_SCAN_HANDLER role=2
89448.000 [0] DBG_ANCHOR_CH5_SCAN_BLOCKED win=0 tx=0 retry_gap=0 flood=1 wait=0 rx=0 rxq=0 rxr=0 ack=0 ch9=0 rf=0 retry=5 interval=380
89448.000 [0] DBG_SCAN_SKIPPED reason=blocked
89448.000 [0] DBG_ANCHOR_CH5_SCAN_RESCHED ret=1 delay=5
89448.034 [0] DBG_ANCHOR_CH5_SCAN_HANDLER role=2
89448.034 [0] DBG_SCAN_SKIPPED reason=blocked
89448.034 [0] DBG_ANCHOR_CH5_SCAN_HANDLER role=2
89448.034 [0] DBG_ANCHOR_CH5_SCAN_HANDLER role=2
89448.034 [0] DBG_ANCHOR_CH5_SCAN_BLOCKED win=0 tx=0 retry_gap=0 flood=1 wait=0 rx=0 rxq=0 rxr=0 ack=0 ch9=0 rf=0 retry=5 interval=380
89448.034 [0] DBG_SCAN_SKIPPED reason=blocked
89448.034 [0] DBG_ANCHOR_CH5_SCAN_RESCHED ret=1 delay=5
89448.034 [0] DBG_ANCHOR_CH5_SCAN_HANDLER role=2
89448.034 [0] DBG_ANCHOR_CH5_SCAN_BLOCKED win=0 tx=0 retry_gap=0 flood=1 wait=0 rx=0 rxq=0 rxr=0 ack=0 ch9=0 rf=0 retry=5 interval=380
89448.034 [0] DBG_SCAN_SKIPPED reason=blocked
89448.034 [0] DBG_ANCHOR_CH5_SCAN_RESCHED ret=1 delay=5
89448.034 [0] DBG_ANCHOR_CH5_SCAN_HANDLER role=2
89448.034 [0] DBG_ANCHOR_CH5_SCAN_BLOCKED win=0 tx=0 retry_gap=0 flood=1 wait=0 rx=0 rxq=0 rxr=0 ack=0 ch9=0 rf=0 retry=5 interval=380
89448.034 [0] DBG_SCAN_SKIPPED reason=blocked
89448.034 [0] DBG_ANCHOR_CH5_SCAN_RESCHED ret=1 delay=5
89448.034 [0] DBG_ANCHOR_CH5_SCAN_HANDLER role=2
89448.034 [0] DBG_ANCHOR_CH5_SCAN_BLOCKED win=0 tx=0 retry_gap=0 flood=1 wait=0 rx=0 rxq=0 rxr=0 ack=0 ch9=0 rf=0 retry=5 interval=380
89448.034 [0] DBG_SCAN_SKIPPED reason=blocked
89448.034 [0] DBG_ANCHOR_CH5_SCAN_RESCHED ret=1 delay=5
89448.065 [0] DBG_ANCHOR_CH5_SCAN_HANDLER role=2
89448.065 [0] DBG_ANCHOR_CH5_SCAN_BLOCKED win=0 tx=0 retry_gap=0 flood=1 wait=0 rx=0 rxq=0 rxr=0 ack=0 ch9=0 rf=0 retry=5 interval=380
89448.065 [0] DBG_SCAN_SKIPPED reason=blocked
89448.065 [0] DBG_ANCHOR_CH5_SCAN_RESCHED ret=1 delay=5
89448.065 [0] DBG_ANCHOR_CH5_SCAN_HANDLER role=2
89448.065 [0] DBG_ANCHOR_CH5_SCAN_BLOCKED win=0 tx=0 retry_gap=0 flood=1 wait=0 rx=0 rxq=0 rxr=0 ack=0 ch9=0 rf=0 retry=5 interval=380
89448.065 [0] DBG_SCAN_SKIPPED reason=blocked
89448.065 [0] DBG_ANCHOR_CH5_SCAN_RESCHED ret=1 delay=5
89448.065 [0] DBG_ANCHOR_CH5_SCAN_HANDLER role=2
89448.065 [0] DBG_ANCHOR_CH5_SCAN_BLOCKED win=0 tx=0 retry_gap=0 flood=1 wait=0 rx=0 rxq=0 rxr=0 ack=0 ch9=0 rf=0 retry=5 interval=380
89448.065 [0] DBG_SCAN_SKIPPED reason=blocked
89448.065 [0] DBG_ANCHOR_CH5_SCAN_RESCHED ret=1 delay=5
89448.065 [0] DBG_ANCHOR_CH5_SCAN_HANDLER role=2
89448.065 [0] DBG_ANCHOR_CH5_SCAN_BLOCKED win=0 tx=0 retry_gap=0 flood=1 wait=0 rx=0 rxq=0 rxr=0 ack=0 ch9=0 rf=0 retry=5 interval=380
89448.065 [0] DBG_SCAN_SKIPPED reason=blocked
89448.065 [0] DBG_ANCHOR_CH5_SCAN_RESCHED ret=1 delay=5
89448.097 [0] DBG_ANCHOR_CH5_SCAN_HANDLER role=2
89448.097 [0] DBG_SCAN_SKIPPED reason=blocked
89448.097 [0] DBG_ANCHOR_CH5_SCAN_HANDLER role=2
89448.097 [0] DBG_ANCHOR_CH5_SCAN_BLOCKED win=0 tx=0 retry_gap=0 flood=1 wait=0 rx=0 rxq=0 rxr=0 ack=0 ch9=0 rf=0 retry=5 interval=380
89448.097 [0] DBG_SCAN_SKIPPED reason=blocked
89448.097 [0] DBG_ANCHOR_CH5_SCAN_RESCHED ret=1 delay=5
89448.097 [0] DBG_ANCHOR_CH5_SCAN_HANDLER role=2
89448.097 [0] DBG_ANCHOR_CH5_SCAN_BLOCKED win=0 tx=0 retry_gap=0 flood=1 wait=0 rx=0 rxq=0 rxr=0 ack=0 ch9=0 rf=0 retry=5 interval=380
89448.097 [0] DBG_SCAN_SKIPPED reason=blocked
89448.097 [0] DBG_ANCHOR_CH5_SCAN_RESCHED ret=1 delay=5
89448.097 [0] DBG_ANCHOR_CH5_SCAN_HANDLER role=2
89448.097 [0] DBG_ANCHOR_CH5_SCAN_BLOCKED win=0 tx=0 retry_gap=0 flood=1 wait=0 rx=0 rxq=0 rxr=0 ack=0 ch9=0 rf=0 retry=5 interval=380
89448.097 [0] DBG_SCAN_SKIPPED reason=blocked
89448.097 [0] DBG_ANCHOR_CH5_SCAN_RESCHED ret=1 delay=5
89448.097 [0] DBG_ANCHOR_CH5_SCAN_HANDLER role=2
89448.097 [0] DBG_ANCHOR_CH5_SCAN_BLOCKED win=0 tx=0 retry_gap=0 flood=1 wait=0 rx=0 rxq=0 rxr=0 ack=0 ch9=0 rf=0 retry=5 interval=380
89448.097 [0] DBG_SCAN_SKIPPED reason=blocked
89448.097 [0] DBG_ANCHOR_CH5_SCAN_RESCHED ret=1 delay=5
89448.128 [0] DBG_ANCHOR_CH5_SCAN_HANDLER role=2
89448.128 [0] DBG_ANCHOR_CH5_SCAN_HANDLER role=2
89448.128 [0] DBG_ANCHOR_CH5_SCAN_BLOCKED win=0 tx=0 retry_gap=0 flood=1 wait=0 rx=0 rxq=0 rxr=0 ack=0 ch9=0 rf=0 retry=5 interval=380
89448.128 [0] DBG_SCAN_SKIPPED reason=blocked
89448.128 [0] DBG_ANCHOR_CH5_SCAN_RESCHED ret=1 delay=5
89448.128 [0] DBG_ANCHOR_CH5_SCAN_HANDLER role=2
89448.128 [0] DBG_ANCHOR_CH5_SCAN_BLOCKED win=0 tx=0 retry_gap=0 flood=1 wait=0 rx=0 rxq=0 rxr=0 ack=0 ch9=0 rf=0 retry=5 interval=380
89448.128 [0] DBG_SCAN_SKIPPED reason=blocked
89448.128 [0] DBG_ANCHOR_CH5_SCAN_RESCHED ret=1 delay=5
89448.128 [0] DBG_ANCHOR_CH5_SCAN_HANDLER role=2
89448.128 [0] DBG_ANCHOR_CH5_SCAN_BLOCKED win=0 tx=0 retry_gap=0 flood=1 wait=0 rx=0 rxq=0 rxr=0 ack=0 ch9=0 rf=0 retry=5 interval=380
89448.128 [0] DBG_SCAN_SKIPPED reason=blocked
89448.128 [0] DBG_ANCHOR_CH5_SCAN_RESCHED ret=1 delay=5
89448.128 [0] DBG_ANCHOR_CH5_SCAN_HANDLER role=2
89448.128 [0] DBG_ANCHOR_CH5_SCAN_BLOCKED win=0 tx=0 retry_gap=0 flood=1 wait=0 rx=0 rxq=0 rxr=0 ack=0 ch9=0 rf=0 retry=5 interval=380
89448.128 [0] DBG_SCAN_SKIPPED reason=blocked
89448.128 [0] DBG_ANCHOR_CH5_SCAN_RESCHED ret=1 delay=5
89448.159 [0] DBG_ANCHOR_CH5_SCAN_HANDLER role=2
89448.159 [0] DBG_SCAN_SKIPPED reason=blocked
89448.159 [0] DBG_ANCHOR_CH5_SCAN_HANDLER role=2
89448.159 [0] DBG_ANCHOR_CH5_SCAN_BLOCKED win=0 tx=0 retry_gap=0 flood=1 wait=0 rx=0 rxq=0 rxr=0 ack=0 ch9=0 rf=0 retry=5 interval=380
89448.159 [0] DBG_SCAN_SKIPPED reason=blocked
89448.159 [0] DBG_ANCHOR_CH5_SCAN_RESCHED ret=1 delay=5
89448.159 [0] DBG_ANCHOR_CH5_SCAN_HANDLER role=2
89448.159 [0] DBG_ANCHOR_CH5_SCAN_BLOCKED win=0 tx=0 retry_gap=0 flood=1 wait=0 rx=0 rxq=0 rxr=0 ack=0 ch9=0 rf=0 retry=5 interval=380
89448.159 [0] DBG_SCAN_SKIPPED reason=blocked
89448.159 [0] DBG_ANCHOR_CH5_SCAN_RESCHED ret=1 delay=5
89448.159 [0] DBG_ANCHOR_CH5_SCAN_HANDLER role=2
89448.159 [0] DBG_ANCHOR_CH5_SCAN_BLOCKED win=0 tx=0 retry_gap=0 flood=1 wait=0 rx=0 rxq=0 rxr=0 ack=0 ch9=0 rf=0 retry=5 interval=380
89448.159 [0] DBG_SCAN_SKIPPED reason=blocked
89448.159 [0] DBG_ANCHOR_CH5_SCAN_RESCHED ret=1 delay=5
89448.159 [0] DBG_ANCHOR_CH5_SCAN_HANDLER role=2
89448.159 [0] DBG_ANCHOR_CH5_SCAN_BLOCKED win=0 tx=0 retry_gap=0 flood=1 wait=0 rx=0 rxq=0 rxr=0 ack=0 ch9=0 rf=0 retry=5 interval=380
89448.159 [0] DBG_SCAN_SKIPPED reason=blocked
89448.159 [0] DBG_ANCHOR_CH5_SCAN_RESCHED ret=1 delay=5
89448.159 [0] DBG_ANCHOR_CH5_SCAN_HANDLER role=2
89448.189 [0] DBG_ANCHOR_CH5_SCAN_HANDLER role=2
89448.189 [0] DBG_ANCHOR_CH5_SCAN_BLOCKED win=0 tx=0 retry_gap=0 flood=1 wait=0 rx=0 rxq=0 rxr=0 ack=0 ch9=0 rf=0 retry=5 interval=380
89448.189 [0] DBG_SCAN_SKIPPED reason=blocked
89448.189 [0] DBG_ANCHOR_CH5_SCAN_RESCHED ret=1 delay=5
89448.189 [0] DBG_ANCHOR_CH5_SCAN_HANDLER role=2
89448.189 [0] DBG_ANCHOR_CH5_SCAN_BLOCKED win=0 tx=0 retry_gap=0 flood=1 wait=0 rx=0 rxq=0 rxr=0 ack=0 ch9=0 rf=0 retry=5 interval=380
89448.189 [0] DBG_SCAN_SKIPPED reason=blocked
89448.189 [0] DBG_ANCHOR_CH5_SCAN_RESCHED ret=1 delay=5
89448.189 [0] DBG_ANCHOR_CH5_SCAN_HANDLER role=2
89448.189 [0] DBG_ANCHOR_CH5_SCAN_BLOCKED win=0 tx=0 retry_gap=0 flood=1 wait=0 rx=0 rxq=0 rxr=0 ack=0 ch9=0 rf=0 retry=5 interval=380
89448.189 [0] DBG_SCAN_SKIPPED reason=blocked
89448.189 [0] DBG_ANCHOR_CH5_SCAN_RESCHED ret=1 delay=5
89448.189 [0] DBG_ANCHOR_CH5_SCAN_HANDLER role=2
89448.189 [0] DBG_ANCHOR_CH5_SCAN_BLOCKED win=0 tx=0 retry_gap=0 flood=1 wait=0 rx=0 rxq=0 rxr=0 ack=0 ch9=0 rf=0 retry=5 interval=380
89448.189 [0] DBG_SCAN_SKIPPED reason=blocked
89448.189 [0] DBG_ANCHOR_CH5_SCAN_RESCHED ret=1 delay=5
89448.221 [0] DBG_ANCHOR_CH5_SCAN_HANDLER role=2
89448.221 [0] DBG_SCAN_SKIPPED reason=blocked
89448.221 [0] DBG_ANCHOR_CH5_SCAN_HANDLER role=2
89448.221 [0] DBG_ANCHOR_CH5_SCAN_BLOCKED win=0 tx=0 retry_gap=0 flood=1 wait=0 rx=0 rxq=0 rxr=0 ack=0 ch9=0 rf=0 retry=5 interval=380
89448.221 [0] DBG_SCAN_SKIPPED reason=blocked
89448.221 [0] DBG_ANCHOR_CH5_SCAN_RESCHED ret=1 delay=5
89448.221 [0] DBG_ANCHOR_CH5_SCAN_HANDLER role=2
89448.221 [0] DBG_ANCHOR_CH5_SCAN_BLOCKED win=0 tx=0 retry_gap=0 flood=1 wait=0 rx=0 rxq=0 rxr=0 ack=0 ch9=0 rf=0 retry=5 interval=380
89448.221 [0] DBG_SCAN_SKIPPED reason=blocked
89448.221 [0] DBG_ANCHOR_CH5_SCAN_RESCHED ret=1 delay=5
89448.221 [0] DBG_ANCHOR_CH5_SCAN_HANDLER role=2
89448.221 [0] DBG_ANCHOR_CH5_SCAN_BLOCKED win=0 tx=0 retry_gap=0 flood=1 wait=0 rx=0 rxq=0 rxr=0 ack=0 ch9=0 rf=0 retry=5 interval=380
89448.221 [0] DBG_SCAN_SKIPPED reason=blocked
89448.221 [0] DBG_ANCHOR_CH5_SCAN_RESCHED ret=1 delay=5
89448.221 [0] DBG_ANCHOR_CH5_SCAN_HANDLER role=2
89448.221 [0] DBG_ANCHOR_CH5_SCAN_BLOCKED win=0 tx=0 retry_gap=0 flood=1 wait=0 rx=0 rxq=0 rxr=0 ack=0 ch9=0 rf=0 retry=5 interval=380
89448.221 [0] DBG_SCAN_SKIPPED reason=blocked
89448.221 [0] DBG_ANCHOR_CH5_SCAN_RESCHED ret=1 delay=5
89448.253 [0] DBG_ANCHOR_CH5_SCAN_HANDLER role=2
89448.253 [0] DBG_ANCHOR_CH5_SCAN_HANDLER role=2
89448.253 [0] DBG_ANCHOR_CH5_SCAN_BLOCKED win=0 tx=0 retry_gap=0 flood=1 wait=0 rx=0 rxq=0 rxr=0 ack=0 ch9=0 rf=0 retry=5 interval=380
89448.253 [0] DBG_SCAN_SKIPPED reason=blocked
89448.253 [0] DBG_ANCHOR_CH5_SCAN_RESCHED ret=1 delay=5
89448.253 [0] DBG_ANCHOR_CH5_SCAN_HANDLER role=2
89448.253 [0] DBG_ANCHOR_CH5_SCAN_BLOCKED win=0 tx=0 retry_gap=0 flood=1 wait=0 rx=0 rxq=0 rxr=0 ack=0 ch9=0 rf=0 retry=5 interval=380
89448.253 [0] DBG_SCAN_SKIPPED reason=blocked
89448.253 [0] DBG_ANCHOR_CH5_SCAN_RESCHED ret=1 delay=5
89448.253 [0] DBG_ANCHOR_CH5_SCAN_HANDLER role=2
89448.253 [0] DBG_ANCHOR_CH5_SCAN_BLOCKED win=0 tx=0 retry_gap=0 flood=1 wait=0 rx=0 rxq=0 rxr=0 ack=0 ch9=0 rf=0 retry=5 interval=380
89448.253 [0] DBG_SCAN_SKIPPED reason=blocked
89448.253 [0] DBG_ANCHOR_CH5_SCAN_RESCHED ret=1 delay=5
89448.253 [0] DBG_ANCHOR_CH5_SCAN_HANDLER role=2
89448.253 [0] DBG_ANCHOR_CH5_SCAN_BLOCKED win=0 tx=0 retry_gap=0 flood=1 wait=0 rx=0 rxq=0 rxr=0 ack=0 ch9=0 rf=0 retry=5 interval=380
89448.253 [0] DBG_SCAN_SKIPPED reason=blocked
89448.253 [0] DBG_ANCHOR_CH5_SCAN_RESCHED ret=1 delay=5
89448.285 [0] DBG_ANCHOR_CH5_SCAN_HANDLER role=2
89448.285 [0] DBG_SCAN_SKIPPED reason=blocked
89448.285 [0] DBG_ANCHOR_CH5_SCAN_RESCHED ret=1 delay=5
89448.285 [0] DBG_ANCHOR_CH5_SCAN_HANDLER role=2
89448.285 [0] DBG_ANCHOR_CH5_SCAN_BLOCKED win=0 tx=0 retry_gap=0 flood=1 wait=0 rx=0 rxq=0 rxr=0 ack=0 ch9=0 rf=0 retry=5 interval=380
89448.285 [0] DBG_SCAN_SKIPPED reason=blocked
89448.285 [0] DBG_ANCHOR_CH5_SCAN_RESCHED ret=1 delay=5
89448.285 [0] DBG_ANCHOR_CH5_SCAN_HANDLER role=2
89448.285 [0] DBG_ANCHOR_CH5_SCAN_BLOCKED win=0 tx=0 retry_gap=0 flood=1 wait=0 rx=0 rxq=0 rxr=0 ack=0 ch9=0 rf=0 retry=5 interval=380
89448.285 [0] DBG_SCAN_SKIPPED reason=blocked
89448.285 [0] DBG_ANCHOR_CH5_SCAN_RESCHED ret=1 delay=5
89448.285 [0] DBG_ANCHOR_CH5_SCAN_HANDLER role=2
89448.285 [0] DBG_ANCHOR_CH5_SCAN_BLOCKED win=0 tx=0 retry_gap=0 flood=1 wait=0 rx=0 rxq=0 rxr=0 ack=0 ch9=0 rf=0 retry=5 interval=380
89448.285 [0] DBG_SCAN_SKIPPED reason=blocked
89448.285 [0] DBG_ANCHOR_CH5_SCAN_RESCHED ret=1 delay=5
89448.285 [0] DBG_ANCHOR_CH5_SCAN_HANDLER role=2
89448.285 [0] DBG_ANCHOR_CH5_SCAN_BLOCKED win=0 tx=0 retry_gap=0 flood=1 wait=0 rx=0 rxq=0 rxr=0 ack=0 ch9=0 rf=0 retry=5 interval=380
89448.285 [0] DBG_SCAN_SKIPPED reason=blocked
89448.321 [0] DBG_ANCHOR_CH5_SCAN_HANDLER role=2
89448.321 [0] DBG_ANCHOR_CH5_SCAN_HANDLER role=2
89448.321 [0] DBG_ANCHOR_CH5_SCAN_BLOCKED win=0 tx=0 retry_gap=0 flood=1 wait=0 rx=0 rxq=0 rxr=0 ack=0 ch9=0 rf=0 retry=5 interval=380
89448.321 [0] DBG_SCAN_SKIPPED reason=blocked
89448.321 [0] DBG_ANCHOR_CH5_SCAN_RESCHED ret=1 delay=5
89448.321 [0] DBG_ANCHOR_CH5_SCAN_HANDLER role=2
89448.321 [0] DBG_ANCHOR_CH5_SCAN_BLOCKED win=0 tx=0 retry_gap=0 flood=1 wait=0 rx=0 rxq=0 rxr=0 ack=0 ch9=0 rf=0 retry=5 interval=380
89448.321 [0] DBG_SCAN_SKIPPED reason=blocked
89448.321 [0] DBG_ANCHOR_CH5_SCAN_RESCHED ret=1 delay=5
89448.321 [0] DBG_ANCHOR_CH5_SCAN_HANDLER role=2
89448.321 [0] DBG_ANCHOR_CH5_SCAN_BLOCKED win=0 tx=0 retry_gap=0 flood=1 wait=0 rx=0 rxq=0 rxr=0 ack=0 ch9=0 rf=0 retry=5 interval=380
89448.321 [0] DBG_SCAN_SKIPPED reason=blocked
89448.321 [0] DBG_ANCHOR_CH5_SCAN_RESCHED ret=1 delay=5
89448.321 [0] DBG_ANCHOR_CH5_SCAN_HANDLER role=2
89448.321 [0] DBG_ANCHOR_CH5_SCAN_BLOCKED win=0 tx=0 retry_gap=0 flood=1 wait=0 rx=0 rxq=0 rxr=0 ack=0 ch9=0 rf=0 retry=5 interval=380
89448.321 [0] DBG_SCAN_SKIPPED reason=blocked
89448.321 [0] DBG_ANCHOR_CH5_SCAN_RESCHED ret=1 delay=5
89448.321 [0] DBG_ANCHOR_CH5_SCAN_HANDLER role=2
89448.321 [0] DBG_SCAN_SKIPPED reason=blocked
89448.353 [0] DBG_ANCHOR_CH5_SCAN_HANDLER role=2
89448.353 [0] DBG_ANCHOR_CH5_SCAN_BLOCKED win=0 tx=0 retry_gap=0 flood=1 wait=0 rx=0 rxq=0 rxr=0 ack=0 ch9=0 rf=0 retry=5 interval=380
89448.353 [0] DBG_SCAN_SKIPPED reason=blocked
89448.353 [0] DBG_ANCHOR_CH5_SCAN_RESCHED ret=1 delay=5
89448.353 [0] DBG_ANCHOR_CH5_SCAN_HANDLER role=2
89448.353 [0] DBG_ANCHOR_CH5_SCAN_BLOCKED win=0 tx=0 retry_gap=0 flood=1 wait=0 rx=0 rxq=0 rxr=0 ack=0 ch9=0 rf=0 retry=5 interval=380
89448.353 [0] DBG_SCAN_SKIPPED reason=blocked
89448.353 [0] DBG_ANCHOR_CH5_SCAN_RESCHED ret=1 delay=5
89448.353 [0] DBG_ANCHOR_CH5_SCAN_HANDLER role=2
89448.353 [0] DBG_ANCHOR_CH5_SCAN_BLOCKED win=0 tx=0 retry_gap=0 flood=1 wait=0 rx=0 rxq=0 rxr=0 ack=0 ch9=0 rf=0 retry=5 interval=380
89448.353 [0] DBG_SCAN_SKIPPED reason=blocked
89448.353 [0] DBG_ANCHOR_CH5_SCAN_RESCHED ret=1 delay=5
89448.353 [0] DBG_ANCHOR_CH5_SCAN_HANDLER role=2
89448.353 [0] DBG_ANCHOR_CH5_SCAN_BLOCKED win=0 tx=0 retry_gap=0 flood=1 wait=0 rx=0 rxq=0 rxr=0 ack=0 ch9=0 rf=0 retry=5 interval=380
89448.353 [0] DBG_SCAN_SKIPPED reason=blocked
89448.353 [0] DBG_ANCHOR_CH5_SCAN_RESCHED ret=1 delay=5
89448.385 [0] DBG_ANCHOR_CH5_SCAN_HANDLER role=2
89448.385 [0] DBG_SCAN_SKIPPED reason=blocked
89448.385 [0] DBG_ANCHOR_CH5_SCAN_HANDLER role=2
89448.385 [0] DBG_ANCHOR_CH5_SCAN_BLOCKED win=0 tx=0 retry_gap=0 flood=1 wait=0 rx=0 rxq=0 rxr=0 ack=0 ch9=0 rf=0 retry=5 interval=380
89448.385 [0] DBG_SCAN_SKIPPED reason=blocked
89448.385 [0] DBG_ANCHOR_CH5_SCAN_RESCHED ret=1 delay=5
89448.385 [0] DBG_ANCHOR_CH5_SCAN_HANDLER role=2
89448.385 [0] DBG_ANCHOR_CH5_SCAN_BLOCKED win=0 tx=0 retry_gap=0 flood=1 wait=0 rx=0 rxq=0 rxr=0 ack=0 ch9=0 rf=0 retry=5 interval=380
89448.385 [0] DBG_SCAN_SKIPPED reason=blocked
89448.385 [0] DBG_ANCHOR_CH5_SCAN_RESCHED ret=1 delay=5
89448.385 [0] DBG_ANCHOR_CH5_SCAN_HANDLER role=2
89448.385 [0] DBG_ANCHOR_CH5_SCAN_BLOCKED win=0 tx=0 retry_gap=0 flood=1 wait=0 rx=0 rxq=0 rxr=0 ack=0 ch9=0 rf=0 retry=5 interval=380
89448.385 [0] DBG_SCAN_SKIPPED reason=blocked
89448.385 [0] DBG_ANCHOR_CH5_SCAN_RESCHED ret=1 delay=5
89448.385 [0] DBG_ANCHOR_CH5_SCAN_HANDLER role=2
89448.385 [0] DBG_ANCHOR_CH5_SCAN_BLOCKED win=0 tx=0 retry_gap=0 flood=1 wait=0 rx=0 rxq=0 rxr=0 ack=0 ch9=0 rf=0 retry=5 interval=380
89448.385 [0] DBG_SCAN_SKIPPED reason=blocked
89448.385 [0] DBG_ANCHOR_CH5_SCAN_RESCHED ret=1 delay=5
89448.385 [0] DBG_ANCHOR_CH5_SCAN_HANDLER role=2
89448.417 [0] DBG_ANCHOR_CH5_SCAN_HANDLER role=2
89448.417 [0] DBG_ANCHOR_CH5_SCAN_BLOCKED win=0 tx=0 retry_gap=0 flood=1 wait=0 rx=0 rxq=0 rxr=0 ack=0 ch9=0 rf=0 retry=5 interval=380
89448.417 [0] DBG_SCAN_SKIPPED reason=blocked
89448.417 [0] DBG_ANCHOR_CH5_SCAN_RESCHED ret=1 delay=5
89448.417 [0] DBG_ANCHOR_CH5_SCAN_HANDLER role=2
89448.417 [0] DBG_ANCHOR_CH5_SCAN_BLOCKED win=0 tx=0 retry_gap=0 flood=1 wait=0 rx=0 rxq=0 rxr=0 ack=0 ch9=0 rf=0 retry=5 interval=380
89448.417 [0] DBG_SCAN_SKIPPED reason=blocked
89448.417 [0] DBG_ANCHOR_CH5_SCAN_RESCHED ret=1 delay=5
89448.417 [0] DBG_ANCHOR_CH5_SCAN_HANDLER role=2
89448.417 [0] DBG_ANCHOR_CH5_SCAN_BLOCKED win=0 tx=0 retry_gap=0 flood=1 wait=0 rx=0 rxq=0 rxr=0 ack=0 ch9=0 rf=0 retry=5 interval=380
89448.417 [0] DBG_SCAN_SKIPPED reason=blocked
89448.417 [0] DBG_ANCHOR_CH5_SCAN_RESCHED ret=1 delay=5
89448.417 [0] DBG_ANCHOR_CH5_SCAN_HANDLER role=2
89448.417 [0] DBG_ANCHOR_CH5_SCAN_BLOCKED win=0 tx=0 retry_gap=0 flood=1 wait=0 rx=0 rxq=0 rxr=0 ack=0 ch9=0 rf=0 retry=5 interval=380
89448.417 [0] DBG_SCAN_SKIPPED reason=blocked
89448.417 [0] DBG_ANCHOR_CH5_SCAN_RESCHED ret=1 delay=5
89448.450 [0] DBG_ANCHOR_CH5_SCAN_HANDLER role=2
89448.450 [0] DBG_SCAN_SKIPPED reason=blocked
89448.450 [0] DBG_ANCHOR_CH5_SCAN_HANDLER role=2
89448.450 [0] DBG_ANCHOR_CH5_SCAN_HANDLER role=2
89448.450 [0] DBG_ANCHOR_CH5_SCAN_BLOCKED win=0 tx=0 retry_gap=0 flood=1 wait=0 rx=0 rxq=0 rxr=0 ack=0 ch9=0 rf=0 retry=5 interval=380
89448.450 [0] DBG_SCAN_SKIPPED reason=blocked
89448.450 [0] DBG_ANCHOR_CH5_SCAN_RESCHED ret=1 delay=5
89448.450 [0] DBG_ANCHOR_CH5_SCAN_HANDLER role=2
89448.450 [0] DBG_ANCHOR_CH5_SCAN_BLOCKED win=0 tx=0 retry_gap=0 flood=1 wait=0 rx=0 rxq=0 rxr=0 ack=0 ch9=0 rf=0 retry=5 interval=380
89448.450 [0] DBG_SCAN_SKIPPED reason=blocked
89448.450 [0] DBG_ANCHOR_CH5_SCAN_RESCHED ret=1 delay=5
89448.450 [0] DBG_ANCHOR_CH5_SCAN_HANDLER role=2
89448.450 [0] DBG_ANCHOR_CH5_SCAN_BLOCKED win=0 tx=0 retry_gap=0 flood=1 wait=0 rx=0 rxq=0 rxr=0 ack=0 ch9=0 rf=0 retry=5 interval=380
89448.450 [0] DBG_SCAN_SKIPPED reason=blocked
89448.450 [0] DBG_ANCHOR_CH5_SCAN_RESCHED ret=1 delay=5
89448.450 [0] DBG_ANCHOR_CH5_SCAN_HANDLER role=2
89448.450 [0] DBG_ANCHOR_CH5_SCAN_BLOCKED win=0 tx=0 retry_gap=0 flood=1 wait=0 rx=0 rxq=0 rxr=0 ack=0 ch9=0 rf=0 retry=5 interval=380
89448.450 [0] DBG_SCAN_SKIPPED reason=blocked
89448.450 [0] DBG_ANCHOR_CH5_SCAN_RESCHED ret=1 delay=5
89448.482 [0] DBG_ANCHOR_CH5_SCAN_HANDLER role=2
89448.482 [0] DBG_ANCHOR_CH5_SCAN_BLOCKED win=0 tx=0 retry_gap=0 flood=1 wait=0 rx=0 rxq=0 rxr=0 ack=0 ch9=0 rf=0 retry=5 interval=380
89448.482 [0] DBG_SCAN_SKIPPED reason=blocked
89448.482 [0] DBG_ANCHOR_CH5_SCAN_RESCHED ret=1 delay=5
89448.482 [0] DBG_ANCHOR_CH5_SCAN_HANDLER role=2
89448.482 [0] DBG_ANCHOR_CH5_SCAN_BLOCKED win=0 tx=0 retry_gap=0 flood=1 wait=0 rx=0 rxq=0 rxr=0 ack=0 ch9=0 rf=0 retry=5 interval=380
89448.482 [0] DBG_SCAN_SKIPPED reason=blocked
89448.482 [0] DBG_ANCHOR_CH5_SCAN_RESCHED ret=1 delay=5
89448.482 [0] DBG_ANCHOR_CH5_SCAN_HANDLER role=2
89448.482 [0] DBG_ANCHOR_CH5_SCAN_BLOCKED win=0 tx=0 retry_gap=0 flood=1 wait=0 rx=0 rxq=0 rxr=0 ack=0 ch9=0 rf=0 retry=5 interval=380
89448.482 [0] DBG_SCAN_SKIPPED reason=blocked
89448.482 [0] DBG_ANCHOR_CH5_SCAN_RESCHED ret=1 delay=5
89448.482 [0] DBG_ANCHOR_CH5_SCAN_HANDLER role=2
89448.482 [0] DBG_ANCHOR_CH5_SCAN_BLOCKED win=0 tx=0 retry_gap=0 flood=1 wait=0 rx=0 rxq=0 rxr=0 ack=0 ch9=0 rf=0 retry=5 interval=380
89448.482 [0] DBG_SCAN_SKIPPED reason=blocked
89448.482 [0] DBG_ANCHOR_CH5_SCAN_RESCHED ret=1 delay=5
89448.519 [0] DBG_ANCHOR_CH5_SCAN_HANDLER role=2
89448.519 [0] DBG_SCAN_SKIPPED reason=blocked
89448.519 [0] DBG_ANCHOR_CH5_SCAN_HANDLER role=2
89448.519 [0] DBG_ANCHOR_CH5_SCAN_BLOCKED win=0 tx=0 retry_gap=0 flood=1 wait=0 rx=0 rxq=0 rxr=0 ack=0 ch9=0 rf=0 retry=5 interval=380
89448.519 [0] DBG_SCAN_SKIPPED reason=blocked
89448.519 [0] DBG_ANCHOR_CH5_SCAN_RESCHED ret=1 delay=5
89448.519 [0] DBG_ANCHOR_CH5_SCAN_HANDLER role=2
89448.519 [0] DBG_ANCHOR_CH5_SCAN_BLOCKED win=0 tx=0 retry_gap=0 flood=1 wait=0 rx=0 rxq=0 rxr=0 ack=0 ch9=0 rf=0 retry=5 interval=380
89448.519 [0] DBG_SCAN_SKIPPED reason=blocked
89448.519 [0] DBG_ANCHOR_CH5_SCAN_RESCHED ret=1 delay=5
89448.519 [0] DBG_ANCHOR_CH5_SCAN_HANDLER role=2
89448.519 [0] DBG_ANCHOR_CH5_SCAN_BLOCKED win=0 tx=0 retry_gap=0 flood=1 wait=0 rx=0 rxq=0 rxr=0 ack=0 ch9=0 rf=0 retry=5 interval=380
89448.519 [0] DBG_SCAN_SKIPPED reason=blocked
89448.519 [0] DBG_ANCHOR_CH5_SCAN_RESCHED ret=1 delay=5
89448.519 [0] DBG_ANCHOR_CH5_SCAN_HANDLER role=2
89448.519 [0] DBG_ANCHOR_CH5_SCAN_BLOCKED win=0 tx=0 retry_gap=0 flood=1 wait=0 rx=0 rxq=0 rxr=0 ack=0 ch9=0 rf=0 retry=5 interval=380
89448.519 [0] DBG_SCAN_SKIPPED reason=blocked
89448.519 [0] DBG_ANCHOR_CH5_SCAN_RESCHED ret=1 delay=5
89448.519 [0] DBG_ANCHOR_CH5_SCAN_HANDLER role=2
89448.553 [0] DBG_ANCHOR_CH5_SCAN_HANDLER role=2
89448.553 [0] DBG_ANCHOR_CH5_SCAN_BLOCKED win=0 tx=0 retry_gap=0 flood=1 wait=0 rx=0 rxq=0 rxr=0 ack=0 ch9=0 rf=0 retry=5 interval=380
89448.553 [0] DBG_SCAN_SKIPPED reason=blocked
89448.553 [0] DBG_ANCHOR_CH5_SCAN_RESCHED ret=1 delay=5
89448.553 [0] DBG_ANCHOR_CH5_SCAN_HANDLER role=2
89448.553 [0] DBG_ANCHOR_CH5_SCAN_BLOCKED win=0 tx=0 retry_gap=0 flood=1 wait=0 rx=0 rxq=0 rxr=0 ack=0 ch9=0 rf=0 retry=5 interval=380
89448.553 [0] DBG_SCAN_SKIPPED reason=blocked
89448.553 [0] DBG_ANCHOR_CH5_SCAN_RESCHED ret=1 delay=5
89448.553 [0] DBG_ANCHOR_CH5_SCAN_HANDLER role=2
89448.553 [0] DBG_ANCHOR_CH5_SCAN_BLOCKED win=0 tx=0 retry_gap=0 flood=1 wait=0 rx=0 rxq=0 rxr=0 ack=0 ch9=0 rf=0 retry=5 interval=380
89448.553 [0] DBG_SCAN_SKIPPED reason=blocked
89448.553 [0] DBG_ANCHOR_CH5_SCAN_RESCHED ret=1 delay=5
89448.553 [0] DBG_ANCHOR_CH5_SCAN_HANDLER role=2
89448.553 [0] DBG_ANCHOR_CH5_SCAN_BLOCKED win=0 tx=0 retry_gap=0 flood=1 wait=0 rx=0 rxq=0 rxr=0 ack=0 ch9=0 rf=0 retry=5 interval=380
89448.553 [0] DBG_SCAN_SKIPPED reason=blocked
89448.553 [0] DBG_ANCHOR_CH5_SCAN_RESCHED ret=1 delay=5
89448.586 [0] DBG_ANCHOR_CH5_SCAN_HANDLER role=2
89448.586 [0] DBG_SCAN_SKIPPED reason=blocked
89448.586 [0] DBG_ANCHOR_CH5_SCAN_HANDLER role=2
89448.586 [0] DBG_ANCHOR_CH5_SCAN_HANDLER role=2
89448.586 [0] DBG_ANCHOR_CH5_SCAN_BLOCKED win=0 tx=0 retry_gap=0 flood=1 wait=0 rx=0 rxq=0 rxr=0 ack=0 ch9=0 rf=0 retry=5 interval=380
89448.586 [0] DBG_SCAN_SKIPPED reason=blocked
89448.586 [0] DBG_ANCHOR_CH5_SCAN_RESCHED ret=1 delay=5
89448.586 [0] DBG_ANCHOR_CH5_SCAN_HANDLER role=2
89448.586 [0] DBG_ANCHOR_CH5_SCAN_BLOCKED win=0 tx=0 retry_gap=0 flood=1 wait=0 rx=0 rxq=0 rxr=0 ack=0 ch9=0 rf=0 retry=5 interval=380
89448.586 [0] DBG_SCAN_SKIPPED reason=blocked
89448.586 [0] DBG_ANCHOR_CH5_SCAN_RESCHED ret=1 delay=5
89448.586 [0] DBG_ANCHOR_CH5_SCAN_HANDLER role=2
89448.586 [0] DBG_ANCHOR_CH5_SCAN_BLOCKED win=0 tx=0 retry_gap=0 flood=1 wait=0 rx=0 rxq=0 rxr=0 ack=0 ch9=0 rf=0 retry=5 interval=380
89448.586 [0] DBG_SCAN_SKIPPED reason=blocked
89448.586 [0] DBG_ANCHOR_CH5_SCAN_RESCHED ret=1 delay=5
89448.586 [0] DBG_ANCHOR_CH5_SCAN_HANDLER role=2
89448.586 [0] DBG_ANCHOR_CH5_SCAN_BLOCKED win=0 tx=0 retry_gap=0 flood=1 wait=0 rx=0 rxq=0 rxr=0 ack=0 ch9=0 rf=0 retry=5 interval=380
89448.586 [0] DBG_SCAN_SKIPPED reason=blocked
89448.586 [0] DBG_ANCHOR_CH5_SCAN_RESCHED ret=1 delay=5
89448.618 [0] DBG_ANCHOR_CH5_SCAN_HANDLER role=2
89448.618 [0] DBG_ANCHOR_CH5_SCAN_BLOCKED win=0 tx=0 retry_gap=0 flood=1 wait=0 rx=0 rxq=0 rxr=0 ack=0 ch9=0 rf=0 retry=5 interval=380
89448.618 [0] DBG_SCAN_SKIPPED reason=blocked
89448.618 [0] DBG_ANCHOR_CH5_SCAN_RESCHED ret=1 delay=5
89448.618 [0] DBG_ANCHOR_CH5_SCAN_HANDLER role=2
89448.618 [0] DBG_ANCHOR_CH5_SCAN_BLOCKED win=0 tx=0 retry_gap=0 flood=1 wait=0 rx=0 rxq=0 rxr=0 ack=0 ch9=0 rf=0 retry=5 interval=380
89448.618 [0] DBG_SCAN_SKIPPED reason=blocked
89448.618 [0] DBG_ANCHOR_CH5_SCAN_RESCHED ret=1 delay=5
89448.618 [0] DBG_ANCHOR_CH5_SCAN_HANDLER role=2
89448.618 [0] DBG_ANCHOR_CH5_SCAN_BLOCKED win=0 tx=0 retry_gap=0 flood=1 wait=0 rx=0 rxq=0 rxr=0 ack=0 ch9=0 rf=0 retry=5 interval=380
89448.618 [0] DBG_SCAN_SKIPPED reason=blocked
89448.618 [0] DBG_ANCHOR_CH5_SCAN_RESCHED ret=1 delay=5
89448.618 [0] DBG_ANCHOR_CH5_SCAN_HANDLER role=2
89448.618 [0] DBG_ANCHOR_CH5_SCAN_BLOCKED win=0 tx=0 retry_gap=0 flood=1 wait=0 rx=0 rxq=0 rxr=0 ack=0 ch9=0 rf=0 retry=5 interval=380
89448.618 [0] DBG_SCAN_SKIPPED reason=blocked
89448.618 [0] DBG_ANCHOR_CH5_SCAN_RESCHED ret=1 delay=5
89448.650 [0] DBG_ANCHOR_CH5_SCAN_HANDLER role=2
89448.650 [0] DBG_SCAN_SKIPPED reason=blocked
89448.650 [0] DBG_ANCHOR_CH5_SCAN_HANDLER role=2
89448.650 [0] DBG_ANCHOR_CH5_SCAN_BLOCKED win=0 tx=0 retry_gap=0 flood=1 wait=0 rx=0 rxq=0 rxr=0 ack=0 ch9=0 rf=0 retry=5 interval=380
89448.650 [0] DBG_SCAN_SKIPPED reason=blocked
89448.650 [0] DBG_ANCHOR_CH5_SCAN_RESCHED ret=1 delay=5
89448.650 [0] DBG_ANCHOR_CH5_SCAN_HANDLER role=2
89448.650 [0] DBG_ANCHOR_CH5_SCAN_BLOCKED win=0 tx=0 retry_gap=0 flood=1 wait=0 rx=0 rxq=0 rxr=0 ack=0 ch9=0 rf=0 retry=5 interval=380
89448.650 [0] DBG_SCAN_SKIPPED reason=blocked
89448.650 [0] DBG_ANCHOR_CH5_SCAN_RESCHED ret=1 delay=5
89448.650 [0] DBG_ANCHOR_CH5_SCAN_HANDLER role=2
89448.650 [0] DBG_ANCHOR_CH5_SCAN_BLOCKED win=0 tx=0 retry_gap=0 flood=1 wait=0 rx=0 rxq=0 rxr=0 ack=0 ch9=0 rf=0 retry=5 interval=380
89448.650 [0] DBG_SCAN_SKIPPED reason=blocked
89448.650 [0] DBG_ANCHOR_CH5_SCAN_RESCHED ret=1 delay=5
89448.650 [0] DBG_ANCHOR_CH5_SCAN_HANDLER role=2
89448.650 [0] DBG_ANCHOR_CH5_SCAN_BLOCKED win=0 tx=0 retry_gap=0 flood=1 wait=0 rx=0 rxq=0 rxr=0 ack=0 ch9=0 rf=0 retry=5 interval=380
89448.650 [0] DBG_SCAN_SKIPPED reason=blocked
89448.650 [0] DBG_ANCHOR_CH5_SCAN_RESCHED ret=1 delay=5
89448.650 [0] DBG_ANCHOR_CH5_SCAN_HANDLER role=2
89448.682 [0] DBG_ANCHOR_CH5_SCAN_HANDLER role=2
89448.682 [0] DBG_ANCHOR_CH5_SCAN_BLOCKED win=0 tx=0 retry_gap=0 flood=1 wait=0 rx=0 rxq=0 rxr=0 ack=0 ch9=0 rf=0 retry=5 interval=380
89448.682 [0] DBG_SCAN_SKIPPED reason=blocked
89448.682 [0] DBG_ANCHOR_CH5_SCAN_RESCHED ret=1 delay=5
89448.682 [0] DBG_ANCHOR_CH5_SCAN_HANDLER role=2
89448.682 [0] DBG_ANCHOR_CH5_SCAN_BLOCKED win=0 tx=0 retry_gap=0 flood=1 wait=0 rx=0 rxq=0 rxr=0 ack=0 ch9=0 rf=0 retry=5 interval=380
89448.682 [0] DBG_SCAN_SKIPPED reason=blocked
89448.682 [0] DBG_ANCHOR_CH5_SCAN_RESCHED ret=1 delay=5
89448.682 [0] DBG_ANCHOR_CH5_SCAN_HANDLER role=2
89448.682 [0] DBG_ANCHOR_CH5_SCAN_BLOCKED win=0 tx=0 retry_gap=0 flood=1 wait=0 rx=0 rxq=0 rxr=0 ack=0 ch9=0 rf=0 retry=5 interval=380
89448.682 [0] DBG_SCAN_SKIPPED reason=blocked
89448.682 [0] DBG_ANCHOR_CH5_SCAN_RESCHED ret=1 delay=5
89448.682 [0] DBG_ANCHOR_CH5_SCAN_HANDLER role=2
89448.682 [0] DBG_ANCHOR_CH5_SCAN_BLOCKED win=0 tx=0 retry_gap=0 flood=1 wait=0 rx=0 rxq=0 rxr=0 ack=0 ch9=0 rf=0 retry=5 interval=380
89448.682 [0] DBG_SCAN_SKIPPED reason=blocked
89448.682 [0] DBG_ANCHOR_CH5_SCAN_RESCHED ret=1 delay=5
89448.714 [0] DBG_ANCHOR_CH5_SCAN_HANDLER role=2
89448.714 [0] DBG_SCAN_SKIPPED reason=blocked
89448.714 [0] DBG_ANCHOR_CH5_SCAN_HANDLER role=2
89448.714 [0] DBG_ANCHOR_CH5_SCAN_HANDLER role=2
89448.714 [0] DBG_ANCHOR_CH5_SCAN_BLOCKED win=0 tx=0 retry_gap=0 flood=1 wait=0 rx=0 rxq=0 rxr=0 ack=0 ch9=0 rf=0 retry=5 interval=380
89448.714 [0] DBG_SCAN_SKIPPED reason=blocked
89448.714 [0] DBG_ANCHOR_CH5_SCAN_RESCHED ret=1 delay=5
89448.714 [0] DBG_ANCHOR_CH5_SCAN_HANDLER role=2
89448.714 [0] DBG_ANCHOR_CH5_SCAN_BLOCKED win=0 tx=0 retry_gap=0 flood=1 wait=0 rx=0 rxq=0 rxr=0 ack=0 ch9=0 rf=0 retry=5 interval=380
89448.714 [0] DBG_SCAN_SKIPPED reason=blocked
89448.714 [0] DBG_ANCHOR_CH5_SCAN_RESCHED ret=1 delay=5
89448.714 [0] DBG_ANCHOR_CH5_SCAN_HANDLER role=2
89448.714 [0] DBG_ANCHOR_CH5_SCAN_BLOCKED win=0 tx=0 retry_gap=0 flood=1 wait=0 rx=0 rxq=0 rxr=0 ack=0 ch9=0 rf=0 retry=5 interval=380
89448.714 [0] DBG_SCAN_SKIPPED reason=blocked
89448.714 [0] DBG_ANCHOR_CH5_SCAN_RESCHED ret=1 delay=5
89448.714 [0] DBG_COORD state=idle owner=gateway-route-adv-forward reason=idle rx=0 tx=0 relay=0 route=0 ack=0 qack=0
89448.714 [0] DBG_WAKE_TRAIN_GUARD_OK
89448.714 [0] DBG_WAKE_TRAIN_CONFIG_BEGIN
89448.714 [0] DBG_ANCHOR_CH5_SCAN_HANDLER role=2
89448.714 [0] DBG_SCAN_SKIPPED reason=blocked
89448.747 [0] DBG_DWM_MARK_UNCONFIGURED tag=initialise_radio prev_phy=0
89448.747 [0] DBG_DWM_PHY_SWITCH from=4 to=2 fast=0 us=20874
89448.747 [0] DBG_WAKE_TRAIN_CONFIG_OK
89448.747 [0] DBG_ANCHOR_CH5_SCAN_HANDLER role=2
89448.747 [0] DBG_ANCHOR_CH5_SCAN_BLOCKED win=0 tx=0 retry_gap=0 flood=1 wait=0 rx=0 rxq=0 rxr=0 ack=0 ch9=0 rf=1 retry=20 interval=380
89448.747 [0] DBG_SCAN_SKIPPED reason=blocked
89448.747 [0] DBG_ANCHOR_CH5_SCAN_RESCHED ret=1 delay=20
89448.747 [0] DBG_UWB_TX_CH5
89448.747 [0] DBG_TX_WAKE_CLAIM_SENT
89448.747 [0] DBG_UWB_TX_CH5
89448.747 [0] DBG_TX_WAKE_CLAIM_SENT
89448.792 [0] DBG_UWB_TX_CH5
89448.792 [0] DBG_TX_WAKE_CLAIM_SENT
89448.792 [0] DBG_ANCHOR_CH5_SCAN_HANDLER role=2
89448.792 [0] DBG_UWB_TX_CH5
89448.792 [0] DBG_TX_WAKE_CLAIM_SENT
89448.792 [0] DBG_ANCHOR_CH5_SCAN_BLOCKED win=0 tx=0 retry_gap=0 flood=1 wait=0 rx=0 rxq=0 rxr=0 ack=0 ch9=0 rf=1 retry=20 interval=380
89448.792 [0] DBG_SCAN_SKIPPED reason=blocked
89448.792 [0] DBG_ANCHOR_CH5_SCAN_RESCHED ret=1 delay=20
89448.792 [0] DBG_UWB_TX_CH5
89448.792 [0] DBG_TX_WAKE_CLAIM_SENT
89448.792 [0] DBG_UWB_TX_CH5
89448.792 [0] DBG_TX_WAKE_CLAIM_SENT
89448.792 [0] DBG_UWB_TX_CH5
89448.792 [0] DBG_TX_WAKE_CLAIM_SENT
89448.792 [0] DBG_ANCHOR_CH5_SCAN_HANDLER role=2
89448.792 [0] DBG_ANCHOR_CH5_SCAN_BLOCKED win=0 tx=0 retry_gap=0 flood=1 wait=0 rx=0 rxq=0 rxr=0 ack=0 ch9=0 rf=1 retry=20 interval=380
89448.792 [0] DBG_SCAN_SKIPPED reason=blocked
89448.792 [0] DBG_ANCHOR_CH5_SCAN_RESCHED ret=1 delay=20
89448.792 [0] DBG_UWB_TX_CH5
89448.792 [0] DBG_TX_WAKE_CLAIM_SENT
89448.834 [0] DBG_UWB_TX_CH5
89448.834 [0] DBG_TX_WAKE_CLAIM_SENT
89448.834 [0] DBG_UWB_TX_CH5
89448.834 [0] DBG_TX_WAKE_CLAIM_SENT
89448.834 [0] DBG_ANCHOR_CH5_SCAN_HANDLER role=2
89448.834 [0] DBG_UWB_TX_CH5
89448.834 [0] DBG_TX_WAKE_CLAIM_SENT
89448.834 [0] DBG_ANCHOR_CH5_SCAN_BLOCKED win=0 tx=0 retry_gap=0 flood=1 wait=0 rx=0 rxq=0 rxr=0 ack=0 ch9=0 rf=1 retry=20 interval=380
89448.834 [0] DBG_SCAN_SKIPPED reason=blocked
89448.834 [0] DBG_ANCHOR_CH5_SCAN_RESCHED ret=1 delay=20
89448.834 [0] DBG_UWB_TX_CH5
89448.834 [0] DBG_TX_WAKE_CLAIM_SENT
89448.834 [0] DBG_UWB_TX_CH5
89448.834 [0] DBG_TX_WAKE_CLAIM_SENT
89448.834 [0] DBG_UWB_TX_CH5
89448.834 [0] DBG_TX_WAKE_CLAIM_SENT
89448.834 [0] DBG_ANCHOR_CH5_SCAN_HANDLER role=2
89448.834 [0] DBG_ANCHOR_CH5_SCAN_BLOCKED win=0 tx=0 retry_gap=0 flood=1 wait=0 rx=0 rxq=0 rxr=0 ack=0 ch9=0 rf=1 retry=20 interval=380
89448.834 [0] DBG_SCAN_SKIPPED reason=blocked
89448.874 [0] DBG_ANCHOR_CH5_SCAN_RESCHED ret=1 delay=20
89448.874 [0] DBG_UWB_TX_CH5
89448.874 [0] DBG_TX_WAKE_CLAIM_SENT
89448.874 [0] DBG_UWB_TX_CH5
89448.874 [0] DBG_TX_WAKE_CLAIM_SENT
89448.874 [0] DBG_UWB_TX_CH5
89448.874 [0] DBG_TX_WAKE_CLAIM_SENT
89448.874 [0] DBG_ANCHOR_CH5_SCAN_HANDLER role=2
89448.874 [0] DBG_UWB_TX_CH5
89448.874 [0] DBG_TX_WAKE_CLAIM_SENT
89448.874 [0] DBG_ANCHOR_CH5_SCAN_BLOCKED win=0 tx=0 retry_gap=0 flood=1 wait=0 rx=0 rxq=0 rxr=0 ack=0 ch9=0 rf=1 retry=20 interval=380
89448.874 [0] DBG_SCAN_SKIPPED reason=blocked
89448.874 [0] DBG_ANCHOR_CH5_SCAN_RESCHED ret=1 delay=20
89448.874 [0] DBG_UWB_TX_CH5
89448.874 [0] DBG_TX_WAKE_CLAIM_SENT
89448.874 [0] DBG_UWB_TX_CH5
89448.874 [0] DBG_TX_WAKE_CLAIM_SENT
89448.918 [0] DBG_UWB_TX_CH5
89448.918 [0] DBG_TX_WAKE_CLAIM_SENT
89448.918 [0] DBG_ANCHOR_CH5_SCAN_HANDLER role=2
89448.918 [0] DBG_ANCHOR_CH5_SCAN_BLOCKED win=0 tx=0 retry_gap=0 flood=1 wait=0 rx=0 rxq=0 rxr=0 ack=0 ch9=0 rf=1 retry=20 interval=380
89448.918 [0] DBG_SCAN_SKIPPED reason=blocked
89448.918 [0] DBG_ANCHOR_CH5_SCAN_RESCHED ret=1 delay=20
89448.918 [0] DBG_UWB_TX_CH5
89448.918 [0] DBG_TX_WAKE_CLAIM_SENT
89448.918 [0] DBG_UWB_TX_CH5
89448.918 [0] DBG_TX_WAKE_CLAIM_SENT
89448.918 [0] DBG_UWB_TX_CH5
89448.918 [0] DBG_TX_WAKE_CLAIM_SENT
89448.918 [0] DBG_ANCHOR_CH5_SCAN_HANDLER role=2
89448.918 [0] DBG_UWB_TX_CH5
89448.918 [0] DBG_TX_WAKE_CLAIM_SENT
89448.918 [0] DBG_ANCHOR_CH5_SCAN_BLOCKED win=0 tx=0 retry_gap=0 flood=1 wait=0 rx=0 rxq=0 rxr=0 ack=0 ch9=0 rf=1 retry=20 interval=380
89448.918 [0] DBG_SCAN_SKIPPED reason=blocked
89448.918 [0] DBG_ANCHOR_CH5_SCAN_RESCHED ret=1 delay=20
89448.918 [0] DBG_UWB_TX_CH5
89448.918 [0] DBG_TX_WAKE_CLAIM_SENT
89448.960 [0] DBG_UWB_TX_CH5
89448.960 [0] DBG_TX_WAKE_CLAIM_SENT
89448.960 [0] DBG_UWB_TX_CH5
89448.960 [0] DBG_TX_WAKE_CLAIM_SENT
89448.960 [0] DBG_ANCHOR_CH5_SCAN_HANDLER role=2
89448.960 [0] DBG_ANCHOR_CH5_SCAN_BLOCKED win=0 tx=0 retry_gap=0 flood=1 wait=0 rx=0 rxq=0 rxr=0 ack=0 ch9=0 rf=1 retry=20 interval=380
89448.960 [0] DBG_SCAN_SKIPPED reason=blocked
89448.960 [0] DBG_ANCHOR_CH5_SCAN_RESCHED ret=1 delay=20
89448.960 [0] DBG_UWB_TX_CH5
89448.960 [0] DBG_TX_WAKE_CLAIM_SENT
89448.960 [0] DBG_UWB_TX_CH5
89448.960 [0] DBG_TX_WAKE_CLAIM_SENT
89448.960 [0] DBG_UWB_TX_CH5
89448.960 [0] DBG_TX_WAKE_CLAIM_SENT
89448.960 [0] DBG_ANCHOR_CH5_SCAN_HANDLER role=2
89448.960 [0] DBG_UWB_TX_CH5
89448.960 [0] DBG_TX_WAKE_CLAIM_SENT
89448.960 [0] DBG_ANCHOR_CH5_SCAN_BLOCKED win=0 tx=0 retry_gap=0 flood=1 wait=0 rx=0 rxq=0 rxr=0 ack=0 ch9=0 rf=1 retry=20 interval=380
89448.960 [0] DBG_SCAN_SKIPPED reason=blocked
89448.960 [0] DBG_ANCHOR_CH5_SCAN_RESCHED ret=1 delay=20
89449.003 [0] DBG_UWB_TX_CH5
89449.003 [0] DBG_TX_WAKE_CLAIM_SENT
89449.003 [0] DBG_UWB_TX_CH5
89449.003 [0] DBG_TX_WAKE_CLAIM_SENT
89449.003 [0] DBG_UWB_TX_CH5
89449.003 [0] DBG_TX_WAKE_CLAIM_SENT
89449.003 [0] DBG_ANCHOR_CH5_SCAN_HANDLER role=2
89449.003 [0] DBG_ANCHOR_CH5_SCAN_BLOCKED win=0 tx=0 retry_gap=0 flood=1 wait=0 rx=0 rxq=0 rxr=0 ack=0 ch9=0 rf=1 retry=20 interval=380
89449.003 [0] DBG_SCAN_SKIPPED reason=blocked
89449.003 [0] DBG_ANCHOR_CH5_SCAN_RESCHED ret=1 delay=20
89449.003 [0] DBG_UWB_TX_CH5
89449.003 [0] DBG_TX_WAKE_CLAIM_SENT
89449.003 [0] DBG_UWB_TX_CH5
89449.003 [0] DBG_TX_WAKE_CLAIM_SENT
89449.003 [0] DBG_UWB_TX_CH5
89449.003 [0] DBG_TX_WAKE_CLAIM_SENT
89449.047 [0] DBG_ANCHOR_CH5_SCAN_HANDLER role=2
89449.047 [0] DBG_UWB_TX_CH5
89449.047 [0] DBG_TX_WAKE_CLAIM_SENT
89449.047 [0] DBG_ANCHOR_CH5_SCAN_BLOCKED win=0 tx=0 retry_gap=0 flood=1 wait=0 rx=0 rxq=0 rxr=0 ack=0 ch9=0 rf=1 retry=20 interval=380
89449.047 [0] DBG_SCAN_SKIPPED reason=blocked
89449.047 [0] DBG_ANCHOR_CH5_SCAN_RESCHED ret=1 delay=20
89449.047 [0] DBG_UWB_TX_CH5
89449.047 [0] DBG_TX_WAKE_CLAIM_SENT
89449.047 [0] DBG_UWB_TX_CH5
89449.047 [0] DBG_TX_WAKE_CLAIM_SENT
89449.047 [0] DBG_UWB_TX_CH5
89449.047 [0] DBG_TX_WAKE_CLAIM_SENT
89449.047 [0] DBG_ANCHOR_CH5_SCAN_HANDLER role=2
89449.047 [0] DBG_ANCHOR_CH5_SCAN_BLOCKED win=0 tx=0 retry_gap=0 flood=1 wait=0 rx=0 rxq=0 rxr=0 ack=0 ch9=0 rf=1 retry=20 interval=380
89449.047 [0] DBG_SCAN_SKIPPED reason=blocked
89449.047 [0] DBG_ANCHOR_CH5_SCAN_RESCHED ret=1 delay=20
89449.047 [0] DBG_UWB_TX_CH5
89449.047 [0] DBG_TX_WAKE_CLAIM_SENT
89449.047 [0] DBG_UWB_TX_CH5
89449.047 [0] DBG_TX_WAKE_CLAIM_SENT
89449.090 [0] DBG_UWB_TX_CH5
89449.090 [0] DBG_TX_WAKE_CLAIM_SENT
89449.090 [0] DBG_ANCHOR_CH5_SCAN_HANDLER role=2
89449.090 [0] DBG_UWB_TX_CH5
89449.090 [0] DBG_TX_WAKE_CLAIM_SENT
89449.090 [0] DBG_ANCHOR_CH5_SCAN_BLOCKED win=0 tx=0 retry_gap=0 flood=1 wait=0 rx=0 rxq=0 rxr=0 ack=0 ch9=0 rf=1 retry=20 interval=380
89449.090 [0] DBG_SCAN_SKIPPED reason=blocked
89449.090 [0] DBG_ANCHOR_CH5_SCAN_RESCHED ret=1 delay=20
89449.090 [0] DBG_UWB_TX_CH5
89449.090 [0] DBG_TX_WAKE_CLAIM_SENT
89449.090 [0] DBG_UWB_TX_CH5
89449.090 [0] DBG_TX_WAKE_CLAIM_SENT
89449.090 [0] DBG_UWB_TX_CH5
89449.090 [0] DBG_TX_WAKE_CLAIM_SENT
89449.090 [0] DBG_ANCHOR_CH5_SCAN_HANDLER role=2
89449.090 [0] DBG_ANCHOR_CH5_SCAN_BLOCKED win=0 tx=0 retry_gap=0 flood=1 wait=0 rx=0 rxq=0 rxr=0 ack=0 ch9=0 rf=1 retry=20 interval=380
89449.090 [0] DBG_SCAN_SKIPPED reason=blocked
89449.090 [0] DBG_ANCHOR_CH5_SCAN_RESCHED ret=1 delay=20
89449.090 [0] DBG_UWB_TX_CH5
89449.090 [0] DBG_TX_WAKE_CLAIM_SENT
89449.134 [0] DBG_UWB_TX_CH5
89449.134 [0] DBG_TX_WAKE_CLAIM_SENT
89449.134 [0] DBG_UWB_TX_CH5
89449.134 [0] DBG_TX_WAKE_CLAIM_SENT
89449.134 [0] DBG_ANCHOR_CH5_SCAN_HANDLER role=2
89449.134 [0] DBG_UWB_TX_CH5
89449.134 [0] DBG_TX_WAKE_CLAIM_SENT
89449.134 [0] DBG_ANCHOR_CH5_SCAN_BLOCKED win=0 tx=0 retry_gap=0 flood=1 wait=0 rx=0 rxq=0 rxr=0 ack=0 ch9=0 rf=1 retry=20 interval=380
89449.134 [0] DBG_SCAN_SKIPPED reason=blocked
89449.134 [0] DBG_ANCHOR_CH5_SCAN_RESCHED ret=1 delay=20
89449.134 [0] DBG_UWB_TX_CH5
89449.134 [0] DBG_TX_WAKE_CLAIM_SENT
89449.134 [0] DBG_UWB_TX_CH5
89449.134 [0] DBG_TX_WAKE_CLAIM_SENT
89449.134 [0] DBG_UWB_TX_CH5
89449.134 [0] DBG_TX_WAKE_CLAIM_SENT
89449.134 [0] DBG_ANCHOR_CH5_SCAN_HANDLER role=2
89449.134 [0] DBG_ANCHOR_CH5_SCAN_BLOCKED win=0 tx=0 retry_gap=0 flood=1 wait=0 rx=0 rxq=0 rxr=0 ack=0 ch9=0 rf=1 retry=20 interval=380
89449.134 [0] DBG_SCAN_SKIPPED reason=blocked
89449.134 [0] DBG_ANCHOR_CH5_SCAN_RESCHED ret=1 delay=20
89449.176 [0] DBG_UWB_TX_CH5
89449.176 [0] DBG_TX_WAKE_CLAIM_SENT
89449.176 [0] DBG_UWB_TX_CH5
89449.176 [0] DBG_TX_WAKE_CLAIM_SENT
89449.176 [0] DBG_UWB_TX_CH5
89449.176 [0] DBG_TX_WAKE_CLAIM_SENT
89449.176 [0] DBG_ANCHOR_CH5_SCAN_HANDLER role=2
89449.176 [0] DBG_UWB_TX_CH5
89449.176 [0] DBG_TX_WAKE_CLAIM_SENT
89449.176 [0] DBG_ANCHOR_CH5_SCAN_BLOCKED win=0 tx=0 retry_gap=0 flood=1 wait=0 rx=0 rxq=0 rxr=0 ack=0 ch9=0 rf=1 retry=20 interval=380
89449.176 [0] DBG_SCAN_SKIPPED reason=blocked
89449.176 [0] DBG_ANCHOR_CH5_SCAN_RESCHED ret=1 delay=20
89449.176 [0] DBG_UWB_TX_CH5
89449.176 [0] DBG_TX_WAKE_CLAIM_SENT
89449.176 [0] DBG_UWB_TX_CH5
89449.176 [0] DBG_TX_WAKE_CLAIM_SENT
89449.176 [0] DBG_UWB_TX_CH5
89449.176 [0] DBG_TX_WAKE_CLAIM_SENT
89449.220 [0] DBG_ANCHOR_CH5_SCAN_HANDLER role=2
89449.220 [0] DBG_ANCHOR_CH5_SCAN_BLOCKED win=0 tx=0 retry_gap=0 flood=1 wait=0 rx=0 rxq=0 rxr=0 ack=0 ch9=0 rf=1 retry=20 interval=380
89449.220 [0] DBG_SCAN_SKIPPED reason=blocked
89449.220 [0] DBG_ANCHOR_CH5_SCAN_RESCHED ret=1 delay=20
89449.220 [0] DBG_UWB_TX_CH5
89449.220 [0] DBG_TX_WAKE_CLAIM_SENT
89449.220 [0] DBG_UWB_TX_CH5
89449.220 [0] DBG_TX_WAKE_CLAIM_SENT
89449.220 [0] DBG_UWB_TX_CH5
89449.220 [0] DBG_TX_WAKE_CLAIM_SENT
89449.220 [0] DBG_ANCHOR_CH5_SCAN_HANDLER role=2
89449.220 [0] DBG_UWB_TX_CH5
89449.220 [0] DBG_TX_WAKE_CLAIM_SENT
89449.220 [0] DBG_ANCHOR_CH5_SCAN_BLOCKED win=0 tx=0 retry_gap=0 flood=1 wait=0 rx=0 rxq=0 rxr=0 ack=0 ch9=0 rf=1 retry=20 interval=380
89449.220 [0] DBG_SCAN_SKIPPED reason=blocked
89449.220 [0] DBG_ANCHOR_CH5_SCAN_RESCHED ret=1 delay=20
89449.220 [0] DBG_UWB_TX_CH5
89449.220 [0] DBG_TX_WAKE_CLAIM_SENT
89449.220 [0] DBG_UWB_TX_CH5
89449.220 [0] DBG_TX_WAKE_CLAIM_SENT
89449.268 [0] DBG_UWB_TX_CH5
89449.268 [0] DBG_TX_WAKE_CLAIM_SENT
89449.268 [0] DBG_ANCHOR_CH5_SCAN_HANDLER role=2
89449.268 [0] DBG_ANCHOR_CH5_SCAN_BLOCKED win=0 tx=0 retry_gap=0 flood=1 wait=0 rx=0 rxq=0 rxr=0 ack=0 ch9=0 rf=1 retry=20 interval=380
89449.268 [0] DBG_SCAN_SKIPPED reason=blocked
89449.268 [0] DBG_ANCHOR_CH5_SCAN_RESCHED ret=1 delay=20
89449.268 [0] DBG_UWB_TX_CH5
89449.268 [0] DBG_TX_WAKE_CLAIM_SENT
89449.268 [0] DBG_WAKE_TRAIN_TIMING evt=30433 start=30458 first=30465 last=30961 end=30962 sent=71 ret=0
89449.268 [0] DBG_C5_CONTROL_FOLLOWUP_TURNAROUND delay=60 msg=3c reason=gateway-route-adv-forward
89449.268 [0] DBG_ANCHOR_CH5_SCAN_HANDLER role=2
89449.268 [0] DBG_ANCHOR_CH5_SCAN_BLOCKED win=0 tx=0 retry_gap=0 flood=1 wait=0 rx=0 rxq=0 rxr=0 ack=0 ch9=0 rf=0 retry=5 interval=380
89449.268 [0] DBG_SCAN_SKIPPED reason=blocked
89449.268 [0] DBG_ANCHOR_CH5_SCAN_RESCHED ret=1 delay=5
89449.268 [0] DBG_ANCHOR_CH5_SCAN_HANDLER role=2
89449.268 [0] DBG_ANCHOR_CH5_SCAN_BLOCKED win=0 tx=0 retry_gap=0 flood=1 wait=0 rx=0 rxq=0 rxr=0 ack=0 ch9=0 rf=0 retry=5 interval=380
89449.268 [0] DBG_SCAN_SKIPPED reason=blocked
89449.268 [0] DBG_ANCHOR_CH5_SCAN_RESCHED ret=1 delay=5
89449.308 [0] DBG_ANCHOR_CH5_SCAN_HANDLER role=2
89449.308 [0] DBG_SCAN_SKIPPED reason=blocked
89449.308 [0] DBG_ANCHOR_CH5_SCAN_RESCHED ret=1 delay=5
89449.308 [0] DBG_ANCHOR_CH5_SCAN_HANDLER role=2
89449.308 [0] DBG_ANCHOR_CH5_SCAN_BLOCKED win=0 tx=0 retry_gap=0 flood=1 wait=0 rx=0 rxq=0 rxr=0 ack=0 ch9=0 rf=0 retry=5 interval=380
89449.308 [0] DBG_SCAN_SKIPPED reason=blocked
89449.308 [0] DBG_ANCHOR_CH5_SCAN_RESCHED ret=1 delay=5
89449.308 [0] DBG_ANCHOR_CH5_SCAN_HANDLER role=2
89449.308 [0] DBG_ANCHOR_CH5_SCAN_BLOCKED win=0 tx=0 retry_gap=0 flood=1 wait=0 rx=0 rxq=0 rxr=0 ack=0 ch9=0 rf=0 retry=5 interval=380
89449.308 [0] DBG_SCAN_SKIPPED reason=blocked
89449.308 [0] DBG_ANCHOR_CH5_SCAN_RESCHED ret=1 delay=5
89449.308 [0] DBG_ANCHOR_CH5_SCAN_HANDLER role=2
89449.308 [0] DBG_ANCHOR_CH5_SCAN_BLOCKED win=0 tx=0 retry_gap=0 flood=1 wait=0 rx=0 rxq=0 rxr=0 ack=0 ch9=0 rf=0 retry=5 interval=380
89449.308 [0] DBG_SCAN_SKIPPED reason=blocked
89449.308 [0] DBG_ANCHOR_CH5_SCAN_RESCHED ret=1 delay=5
89449.308 [0] DBG_ANCHOR_CH5_SCAN_HANDLER role=2
89449.308 [0] DBG_ANCHOR_CH5_SCAN_BLOCKED win=0 tx=0 retry_gap=0 flood=1 wait=0 rx=0 rxq=0 rxr=0 ack=0 ch9=0 rf=0 retry=5 interval=380
89449.308 [0] DBG_SCAN_SKIPPED reason=blocked
89449.308 [0] DBG_ANCHOR_CH5_SCAN_HANDLER role=2
89449.339 [0] DBG_ANCHOR_CH5_SCAN_HANDLER role=2
89449.339 [0] DBG_ANCHOR_CH5_SCAN_BLOCKED win=0 tx=0 retry_gap=0 flood=1 wait=0 rx=0 rxq=0 rxr=0 ack=0 ch9=0 rf=0 retry=5 interval=380
89449.339 [0] DBG_SCAN_SKIPPED reason=blocked
89449.339 [0] DBG_ANCHOR_CH5_SCAN_RESCHED ret=1 delay=5
89449.339 [0] DBG_ANCHOR_CH5_SCAN_HANDLER role=2
89449.339 [0] DBG_ANCHOR_CH5_SCAN_BLOCKED win=0 tx=0 retry_gap=0 flood=1 wait=0 rx=0 rxq=0 rxr=0 ack=0 ch9=0 rf=0 retry=5 interval=380
89449.339 [0] DBG_SCAN_SKIPPED reason=blocked
89449.339 [0] DBG_ANCHOR_CH5_SCAN_RESCHED ret=1 delay=5
89449.339 [0] DBG_ANCHOR_CH5_SCAN_HANDLER role=2
89449.339 [0] DBG_ANCHOR_CH5_SCAN_BLOCKED win=0 tx=0 retry_gap=0 flood=1 wait=0 rx=0 rxq=0 rxr=0 ack=0 ch9=0 rf=0 retry=5 interval=380
89449.339 [0] DBG_SCAN_SKIPPED reason=blocked
89449.339 [0] DBG_ANCHOR_CH5_SCAN_RESCHED ret=1 delay=5
89449.339 [0] DBG_ANCHOR_CH5_SCAN_HANDLER role=2
89449.339 [0] DBG_ANCHOR_CH5_SCAN_BLOCKED win=0 tx=0 retry_gap=0 flood=1 wait=0 rx=0 rxq=0 rxr=0 ack=0 ch9=0 rf=0 retry=5 interval=380
89449.339 [0] DBG_SCAN_SKIPPED reason=blocked
89449.339 [0] DBG_ANCHOR_CH5_SCAN_RESCHED ret=1 delay=5
89449.371 [0] DBG_ANCHOR_CH5_SCAN_HANDLER role=2
89449.371 [0] DBG_SCAN_SKIPPED reason=blocked
89449.371 [0] DBG_ANCHOR_CH5_SCAN_HANDLER role=2
89449.371 [0] DBG_ANCHOR_CH5_SCAN_BLOCKED win=0 tx=0 retry_gap=0 flood=1 wait=0 rx=0 rxq=0 rxr=0 ack=0 ch9=0 rf=0 retry=5 interval=380
89449.371 [0] DBG_SCAN_SKIPPED reason=blocked
89449.371 [0] DBG_ANCHOR_CH5_SCAN_RESCHED ret=1 delay=5
89449.371 [0] DBG_ANCHOR_CH5_SCAN_HANDLER role=2
89449.371 [0] DBG_ANCHOR_CH5_SCAN_BLOCKED win=0 tx=0 retry_gap=0 flood=1 wait=0 rx=0 rxq=0 rxr=0 ack=0 ch9=0 rf=0 retry=5 interval=380
89449.371 [0] DBG_SCAN_SKIPPED reason=blocked
89449.371 [0] DBG_ANCHOR_CH5_SCAN_RESCHED ret=1 delay=5
89449.371 [0] DBG_ANCHOR_CH5_SCAN_HANDLER role=2
89449.371 [0] DBG_ANCHOR_CH5_SCAN_BLOCKED win=0 tx=0 retry_gap=0 flood=1 wait=0 rx=0 rxq=0 rxr=0 ack=0 ch9=0 rf=0 retry=5 interval=380
89449.371 [0] DBG_SCAN_SKIPPED reason=blocked
89449.371 [0] DBG_ANCHOR_CH5_SCAN_RESCHED ret=1 delay=5
89449.371 [0] DBG_ANCHOR_CH5_SCAN_HANDLER role=2
89449.371 [0] DBG_ANCHOR_CH5_SCAN_BLOCKED win=0 tx=0 retry_gap=0 flood=1 wait=0 rx=0 rxq=0 rxr=0 ack=0 ch9=0 rf=0 retry=5 interval=380
89449.371 [0] DBG_SCAN_SKIPPED reason=blocked
89449.371 [0] DBG_ANCHOR_CH5_SCAN_RESCHED ret=1 delay=5
89449.402 [0] DBG_ANCHOR_CH5_SCAN_HANDLER role=2
89449.402 [0] DBG_ANCHOR_CH5_SCAN_HANDLER role=2
89449.402 [0] DBG_ANCHOR_CH5_SCAN_BLOCKED win=0 tx=0 retry_gap=0 flood=1 wait=0 rx=0 rxq=0 rxr=0 ack=0 ch9=0 rf=0 retry=5 interval=380
89449.402 [0] DBG_SCAN_SKIPPED reason=blocked
89449.402 [0] DBG_ANCHOR_CH5_SCAN_RESCHED ret=1 delay=5
89449.402 [0] DBG_ANCHOR_CH5_SCAN_HANDLER role=2
89449.402 [0] DBG_ANCHOR_CH5_SCAN_BLOCKED win=0 tx=0 retry_gap=0 flood=1 wait=0 rx=0 rxq=0 rxr=0 ack=0 ch9=0 rf=0 retry=5 interval=380
89449.402 [0] DBG_SCAN_SKIPPED reason=blocked
89449.402 [0] DBG_ANCHOR_CH5_SCAN_RESCHED ret=1 delay=5
89449.402 [0] DBG_ANCHOR_CH5_SCAN_HANDLER role=2
89449.402 [0] DBG_ANCHOR_CH5_SCAN_BLOCKED win=0 tx=0 retry_gap=0 flood=1 wait=0 rx=0 rxq=0 rxr=0 ack=0 ch9=0 rf=0 retry=5 interval=380
89449.402 [0] DBG_SCAN_SKIPPED reason=blocked
89449.402 [0] DBG_ANCHOR_CH5_SCAN_RESCHED ret=1 delay=5
89449.402 [0] DBG_ANCHOR_CH5_SCAN_HANDLER role=2
89449.402 [0] DBG_ANCHOR_CH5_SCAN_BLOCKED win=0 tx=0 retry_gap=0 flood=1 wait=0 rx=0 rxq=0 rxr=0 ack=0 ch9=0 rf=0 retry=5 interval=380
89449.402 [0] DBG_SCAN_SKIPPED reason=blocked
89449.402 [0] DBG_ANCHOR_CH5_SCAN_RESCHED ret=1 delay=5
89449.434 [0] DBG_ANCHOR_CH5_SCAN_HANDLER role=2
89449.434 [0] DBG_SCAN_SKIPPED reason=blocked
89449.434 [0] DBG_ANCHOR_CH5_SCAN_BLOCKED win=0 tx=0 retry_gap=0 flood=1 wait=0 rx=0 rxq=0 rxr=0 ack=0 ch9=0 rf=0 retry=5 interval=380
89449.434 [0] DBG_SCAN_SKIPPED reason=blocked
89449.434 [0] DBG_ANCHOR_CH5_SCAN_RESCHED ret=1 delay=5
89449.434 [0] DBG_ANCHOR_CH5_SCAN_HANDLER role=2
89449.434 [0] DBG_ANCHOR_CH5_SCAN_BLOCKED win=0 tx=0 retry_gap=0 flood=1 wait=0 rx=0 rxq=0 rxr=0 ack=0 ch9=0 rf=0 retry=5 interval=380
89449.434 [0] DBG_SCAN_SKIPPED reason=blocked
89449.434 [0] DBG_ANCHOR_CH5_SCAN_RESCHED ret=1 delay=5
89449.434 [0] DBG_ANCHOR_CH5_SCAN_HANDLER role=2
89449.434 [0] DBG_ANCHOR_CH5_SCAN_BLOCKED win=0 tx=0 retry_gap=0 flood=1 wait=0 rx=0 rxq=0 rxr=0 ack=0 ch9=0 rf=0 retry=5 interval=380
89449.434 [0] DBG_SCAN_SKIPPED reason=blocked
89449.434 [0] DBG_ANCHOR_CH5_SCAN_RESCHED ret=1 delay=5
89449.434 [0] DBG_ANCHOR_CH5_SCAN_HANDLER role=2
89449.434 [0] DBG_ANCHOR_CH5_SCAN_BLOCKED win=0 tx=0 retry_gap=0 flood=1 wait=0 rx=0 rxq=0 rxr=0 ack=0 ch9=0 rf=0 retry=5 interval=380
89449.434 [0] DBG_SCAN_SKIPPED reason=blocked
89449.434 [0] DBG_ANCHOR_CH5_SCAN_RESCHED ret=1 delay=5
89449.434 [0] DBG_ANCHOR_CH5_SCAN_HANDLER role=2
89449.434 [0] DBG_SCAN_SKIPPED reason=blocked
89449.465 [0] DBG_ANCHOR_CH5_SCAN_HANDLER role=2
89449.465 [0] DBG_ANCHOR_CH5_SCAN_BLOCKED win=0 tx=0 retry_gap=0 flood=1 wait=0 rx=0 rxq=0 rxr=0 ack=0 ch9=0 rf=0 retry=5 interval=380
89449.465 [0] DBG_SCAN_SKIPPED reason=blocked
89449.465 [0] DBG_ANCHOR_CH5_SCAN_RESCHED ret=1 delay=5
89449.465 [0] DBG_ANCHOR_CH5_SCAN_HANDLER role=2
89449.465 [0] DBG_ANCHOR_CH5_SCAN_BLOCKED win=0 tx=0 retry_gap=0 flood=1 wait=0 rx=0 rxq=0 rxr=0 ack=0 ch9=0 rf=0 retry=5 interval=380
89449.465 [0] DBG_SCAN_SKIPPED reason=blocked
89449.465 [0] DBG_ANCHOR_CH5_SCAN_RESCHED ret=1 delay=5
89449.465 [0] DBG_ANCHOR_CH5_SCAN_HANDLER role=2
89449.465 [0] DBG_ANCHOR_CH5_SCAN_BLOCKED win=0 tx=0 retry_gap=0 flood=1 wait=0 rx=0 rxq=0 rxr=0 ack=0 ch9=0 rf=0 retry=5 interval=380
89449.465 [0] DBG_SCAN_SKIPPED reason=blocked
89449.465 [0] DBG_ANCHOR_CH5_SCAN_RESCHED ret=1 delay=5
89449.465 [0] DBG_ANCHOR_CH5_SCAN_HANDLER role=2
89449.465 [0] DBG_ANCHOR_CH5_SCAN_BLOCKED win=0 tx=0 retry_gap=0 flood=1 wait=0 rx=0 rxq=0 rxr=0 ack=0 ch9=0 rf=0 retry=5 interval=380
89449.465 [0] DBG_SCAN_SKIPPED reason=blocked
89449.465 [0] DBG_ANCHOR_CH5_SCAN_RESCHED ret=1 delay=5
89449.495 [0] DBG_ANCHOR_CH5_SCAN_HANDLER role=2
89449.495 [0] DBG_SCAN_SKIPPED reason=blocked
89449.495 [0] DBG_ANCHOR_CH5_SCAN_HANDLER role=2
89449.495 [0] DBG_ANCHOR_CH5_SCAN_BLOCKED win=0 tx=0 retry_gap=0 flood=1 wait=0 rx=0 rxq=0 rxr=0 ack=0 ch9=0 rf=0 retry=5 interval=380
89449.495 [0] DBG_SCAN_SKIPPED reason=blocked
89449.495 [0] DBG_ANCHOR_CH5_SCAN_RESCHED ret=1 delay=5
89449.495 [0] DBG_ANCHOR_CH5_SCAN_HANDLER role=2
89449.495 [0] DBG_ANCHOR_CH5_SCAN_BLOCKED win=0 tx=0 retry_gap=0 flood=1 wait=0 rx=0 rxq=0 rxr=0 ack=0 ch9=0 rf=0 retry=5 interval=380
89449.495 [0] DBG_SCAN_SKIPPED reason=blocked
89449.495 [0] DBG_ANCHOR_CH5_SCAN_RESCHED ret=1 delay=5
89449.495 [0] DBG_ANCHOR_CH5_SCAN_HANDLER role=2
89449.495 [0] DBG_ANCHOR_CH5_SCAN_BLOCKED win=0 tx=0 retry_gap=0 flood=1 wait=0 rx=0 rxq=0 rxr=0 ack=0 ch9=0 rf=0 retry=5 interval=380
89449.495 [0] DBG_SCAN_SKIPPED reason=blocked
89449.495 [0] DBG_ANCHOR_CH5_SCAN_RESCHED ret=1 delay=5
89449.495 [0] DBG_ANCHOR_CH5_SCAN_HANDLER role=2
89449.495 [0] DBG_ANCHOR_CH5_SCAN_BLOCKED win=0 tx=0 retry_gap=0 flood=1 wait=0 rx=0 rxq=0 rxr=0 ack=0 ch9=0 rf=0 retry=5 interval=380
89449.495 [0] DBG_SCAN_SKIPPED reason=blocked
89449.495 [0] DBG_ANCHOR_CH5_SCAN_RESCHED ret=1 delay=5
89449.495 [0] DBG_ANCHOR_CH5_SCAN_HANDLER role=2
89449.531 [0] DBG_ANCHOR_CH5_SCAN_HANDLER role=2
89449.531 [0] DBG_ANCHOR_CH5_SCAN_BLOCKED win=0 tx=0 retry_gap=0 flood=1 wait=0 rx=0 rxq=0 rxr=0 ack=0 ch9=0 rf=0 retry=5 interval=380
89449.531 [0] DBG_SCAN_SKIPPED reason=blocked
89449.531 [0] DBG_ANCHOR_CH5_SCAN_RESCHED ret=1 delay=5
89449.531 [0] DBG_ANCHOR_CH5_SCAN_HANDLER role=2
89449.531 [0] DBG_ANCHOR_CH5_SCAN_BLOCKED win=0 tx=0 retry_gap=0 flood=1 wait=0 rx=0 rxq=0 rxr=0 ack=0 ch9=0 rf=0 retry=5 interval=380
89449.531 [0] DBG_SCAN_SKIPPED reason=blocked
89449.531 [0] DBG_ANCHOR_CH5_SCAN_RESCHED ret=1 delay=5
89449.531 [0] DBG_ANCHOR_CH5_SCAN_HANDLER role=2
89449.531 [0] DBG_ANCHOR_CH5_SCAN_BLOCKED win=0 tx=0 retry_gap=0 flood=1 wait=0 rx=0 rxq=0 rxr=0 ack=0 ch9=0 rf=0 retry=5 interval=380
89449.531 [0] DBG_SCAN_SKIPPED reason=blocked
89449.531 [0] DBG_ANCHOR_CH5_SCAN_RESCHED ret=1 delay=5
89449.531 [0] DBG_ANCHOR_CH5_SCAN_HANDLER role=2
89449.531 [0] DBG_ANCHOR_CH5_SCAN_BLOCKED win=0 tx=0 retry_gap=0 flood=1 wait=0 rx=0 rxq=0 rxr=0 ack=0 ch9=0 rf=0 retry=5 interval=380
89449.531 [0] DBG_SCAN_SKIPPED reason=blocked
89449.531 [0] DBG_ANCHOR_CH5_SCAN_RESCHED ret=1 delay=5
89449.531 [0] DBG_ANCHOR_CH5_SCAN_HANDLER role=2
89449.531 [0] DBG_SCAN_SKIPPED reason=blocked
89449.561 [0] DBG_ANCHOR_CH5_SCAN_HANDLER role=2
89449.561 [0] DBG_ANCHOR_CH5_SCAN_HANDLER role=2
89449.561 [0] DBG_ANCHOR_CH5_SCAN_BLOCKED win=0 tx=0 retry_gap=0 flood=1 wait=0 rx=0 rxq=0 rxr=0 ack=0 ch9=0 rf=0 retry=5 interval=380
89449.561 [0] DBG_SCAN_SKIPPED reason=blocked
89449.561 [0] DBG_ANCHOR_CH5_SCAN_RESCHED ret=1 delay=5
89449.561 [0] DBG_ANCHOR_CH5_SCAN_HANDLER role=2
89449.561 [0] DBG_ANCHOR_CH5_SCAN_BLOCKED win=0 tx=0 retry_gap=0 flood=1 wait=0 rx=0 rxq=0 rxr=0 ack=0 ch9=0 rf=0 retry=5 interval=380
89449.561 [0] DBG_SCAN_SKIPPED reason=blocked
89449.561 [0] DBG_ANCHOR_CH5_SCAN_RESCHED ret=1 delay=5
89449.561 [0] DBG_ANCHOR_CH5_SCAN_HANDLER role=2
89449.561 [0] DBG_ANCHOR_CH5_SCAN_BLOCKED win=0 tx=0 retry_gap=0 flood=1 wait=0 rx=0 rxq=0 rxr=0 ack=0 ch9=0 rf=0 retry=5 interval=380
89449.561 [0] DBG_SCAN_SKIPPED reason=blocked
89449.561 [0] DBG_ANCHOR_CH5_SCAN_RESCHED ret=1 delay=5
89449.561 [0] DBG_ANCHOR_CH5_SCAN_HANDLER role=2
89449.561 [0] DBG_ANCHOR_CH5_SCAN_BLOCKED win=0 tx=0 retry_gap=0 flood=1 wait=0 rx=0 rxq=0 rxr=0 ack=0 ch9=0 rf=0 retry=5 interval=380
89449.561 [0] DBG_SCAN_SKIPPED reason=blocked
89449.561 [0] DBG_ANCHOR_CH5_SCAN_RESCHED ret=1 delay=5
89449.593 [0] DBG_ANCHOR_CH5_SCAN_HANDLER role=2
89449.593 [0] DBG_SCAN_SKIPPED reason=blocked
89449.593 [0] DBG_ANCHOR_CH5_SCAN_HANDLER role=2
89449.593 [0] DBG_ANCHOR_CH5_SCAN_BLOCKED win=0 tx=0 retry_gap=0 flood=1 wait=0 rx=0 rxq=0 rxr=0 ack=0 ch9=0 rf=0 retry=5 interval=380
89449.593 [0] DBG_SCAN_SKIPPED reason=blocked
89449.593 [0] DBG_ANCHOR_CH5_SCAN_RESCHED ret=1 delay=5
89449.593 [0] DBG_ANCHOR_CH5_SCAN_HANDLER role=2
89449.593 [0] DBG_ANCHOR_CH5_SCAN_BLOCKED win=0 tx=0 retry_gap=0 flood=1 wait=0 rx=0 rxq=0 rxr=0 ack=0 ch9=0 rf=0 retry=5 interval=380
89449.593 [0] DBG_SCAN_SKIPPED reason=blocked
89449.593 [0] DBG_ANCHOR_CH5_SCAN_RESCHED ret=1 delay=5
89449.593 [0] DBG_ANCHOR_CH5_SCAN_HANDLER role=2
89449.593 [0] DBG_ANCHOR_CH5_SCAN_BLOCKED win=0 tx=0 retry_gap=0 flood=1 wait=0 rx=0 rxq=0 rxr=0 ack=0 ch9=0 rf=0 retry=5 interval=380
89449.593 [0] DBG_SCAN_SKIPPED reason=blocked
89449.593 [0] DBG_ANCHOR_CH5_SCAN_RESCHED ret=1 delay=5
89449.593 [0] DBG_ANCHOR_CH5_SCAN_HANDLER role=2
89449.593 [0] DBG_ANCHOR_CH5_SCAN_BLOCKED win=0 tx=0 retry_gap=0 flood=1 wait=0 rx=0 rxq=0 rxr=0 ack=0 ch9=0 rf=0 retry=5 interval=380
89449.593 [0] DBG_SCAN_SKIPPED reason=blocked
89449.593 [0] DBG_ANCHOR_CH5_SCAN_RESCHED ret=1 delay=5
89449.624 [0] DBG_ANCHOR_CH5_SCAN_HANDLER role=2
89449.624 [0] DBG_ANCHOR_CH5_SCAN_HANDLER role=2
89449.624 [0] DBG_ANCHOR_CH5_SCAN_BLOCKED win=0 tx=0 retry_gap=0 flood=1 wait=0 rx=0 rxq=0 rxr=0 ack=0 ch9=0 rf=0 retry=5 interval=380
89449.624 [0] DBG_SCAN_SKIPPED reason=blocked
89449.624 [0] DBG_ANCHOR_CH5_SCAN_RESCHED ret=1 delay=5
89449.624 [0] DBG_ANCHOR_CH5_SCAN_HANDLER role=2
89449.624 [0] DBG_ANCHOR_CH5_SCAN_BLOCKED win=0 tx=0 retry_gap=0 flood=1 wait=0 rx=0 rxq=0 rxr=0 ack=0 ch9=0 rf=0 retry=5 interval=380
89449.624 [0] DBG_SCAN_SKIPPED reason=blocked
89449.624 [0] DBG_ANCHOR_CH5_SCAN_RESCHED ret=1 delay=5
89449.624 [0] DBG_ANCHOR_CH5_SCAN_HANDLER role=2
89449.624 [0] DBG_ANCHOR_CH5_SCAN_BLOCKED win=0 tx=0 retry_gap=0 flood=1 wait=0 rx=0 rxq=0 rxr=0 ack=0 ch9=0 rf=0 retry=5 interval=380
89449.624 [0] DBG_SCAN_SKIPPED reason=blocked
89449.624 [0] DBG_ANCHOR_CH5_SCAN_RESCHED ret=1 delay=5
89449.624 [0] DBG_ANCHOR_CH5_SCAN_HANDLER role=2
89449.624 [0] DBG_ANCHOR_CH5_SCAN_BLOCKED win=0 tx=0 retry_gap=0 flood=1 wait=0 rx=0 rxq=0 rxr=0 ack=0 ch9=0 rf=0 retry=5 interval=380
89449.624 [0] DBG_SCAN_SKIPPED reason=blocked
89449.624 [0] DBG_ANCHOR_CH5_SCAN_RESCHED ret=1 delay=5
89449.656 [0] DBG_ANCHOR_CH5_SCAN_HANDLER role=2
89449.656 [0] DBG_SCAN_SKIPPED reason=blocked
89449.656 [0] DBG_ANCHOR_CH5_SCAN_HANDLER role=2
89449.656 [0] DBG_ANCHOR_CH5_SCAN_BLOCKED win=0 tx=0 retry_gap=0 flood=1 wait=0 rx=0 rxq=0 rxr=0 ack=0 ch9=0 rf=0 retry=5 interval=380
89449.656 [0] DBG_SCAN_SKIPPED reason=blocked
89449.656 [0] DBG_ANCHOR_CH5_SCAN_RESCHED ret=1 delay=5
89449.656 [0] DBG_ANCHOR_CH5_SCAN_HANDLER role=2
89449.656 [0] DBG_ANCHOR_CH5_SCAN_BLOCKED win=0 tx=0 retry_gap=0 flood=1 wait=0 rx=0 rxq=0 rxr=0 ack=0 ch9=0 rf=0 retry=5 interval=380
89449.656 [0] DBG_SCAN_SKIPPED reason=blocked
89449.656 [0] DBG_ANCHOR_CH5_SCAN_RESCHED ret=1 delay=5
89449.656 [0] DBG_ANCHOR_CH5_SCAN_HANDLER role=2
89449.656 [0] DBG_ANCHOR_CH5_SCAN_BLOCKED win=0 tx=0 retry_gap=0 flood=1 wait=0 rx=0 rxq=0 rxr=0 ack=0 ch9=0 rf=0 retry=5 interval=380
89449.656 [0] DBG_SCAN_SKIPPED reason=blocked
89449.656 [0] DBG_ANCHOR_CH5_SCAN_RESCHED ret=1 delay=5
89449.656 [0] DBG_ANCHOR_CH5_SCAN_HANDLER role=2
89449.656 [0] DBG_ANCHOR_CH5_SCAN_BLOCKED win=0 tx=0 retry_gap=0 flood=1 wait=0 rx=0 rxq=0 rxr=0 ack=0 ch9=0 rf=0 retry=5 interval=380
89449.656 [0] DBG_SCAN_SKIPPED reason=blocked
89449.656 [0] DBG_ANCHOR_CH5_SCAN_RESCHED ret=1 delay=5
89449.688 [0] DBG_ANCHOR_CH5_SCAN_HANDLER role=2
89449.688 [0] DBG_ANCHOR_CH5_SCAN_HANDLER role=2
89449.688 [0] DBG_ANCHOR_CH5_SCAN_BLOCKED win=0 tx=0 retry_gap=0 flood=1 wait=0 rx=0 rxq=0 rxr=0 ack=0 ch9=0 rf=0 retry=5 interval=380
89449.688 [0] DBG_SCAN_SKIPPED reason=blocked
89449.688 [0] DBG_ANCHOR_CH5_SCAN_RESCHED ret=1 delay=5
89449.688 [0] DBG_ANCHOR_CH5_SCAN_HANDLER role=2
89449.688 [0] DBG_ANCHOR_CH5_SCAN_BLOCKED win=0 tx=0 retry_gap=0 flood=1 wait=0 rx=0 rxq=0 rxr=0 ack=0 ch9=0 rf=0 retry=5 interval=380
89449.688 [0] DBG_SCAN_SKIPPED reason=blocked
89449.688 [0] DBG_ANCHOR_CH5_SCAN_RESCHED ret=1 delay=5
89449.688 [0] DBG_ANCHOR_CH5_SCAN_HANDLER role=2
89449.688 [0] DBG_ANCHOR_CH5_SCAN_BLOCKED win=0 tx=0 retry_gap=0 flood=1 wait=0 rx=0 rxq=0 rxr=0 ack=0 ch9=0 rf=0 retry=5 interval=380
89449.688 [0] DBG_SCAN_SKIPPED reason=blocked
89449.688 [0] DBG_ANCHOR_CH5_SCAN_RESCHED ret=1 delay=5
89449.688 [0] DBG_ANCHOR_CH5_SCAN_HANDLER role=2
89449.688 [0] DBG_ANCHOR_CH5_SCAN_BLOCKED win=0 tx=0 retry_gap=0 flood=1 wait=0 rx=0 rxq=0 rxr=0 ack=0 ch9=0 rf=0 retry=5 interval=380
89449.688 [0] DBG_SCAN_SKIPPED reason=blocked
89449.688 [0] DBG_ANCHOR_CH5_SCAN_RESCHED ret=1 delay=5
89449.720 [0] DBG_ANCHOR_CH5_SCAN_HANDLER role=2
89449.720 [0] DBG_SCAN_SKIPPED reason=blocked
89449.720 [0] DBG_ANCHOR_CH5_SCAN_HANDLER role=2
89449.720 [0] DBG_ANCHOR_CH5_SCAN_BLOCKED win=0 tx=0 retry_gap=0 flood=1 wait=0 rx=0 rxq=0 rxr=0 ack=0 ch9=0 rf=0 retry=5 interval=380
89449.720 [0] DBG_SCAN_SKIPPED reason=blocked
89449.720 [0] DBG_ANCHOR_CH5_SCAN_RESCHED ret=1 delay=5
89449.720 [0] DBG_ANCHOR_CH5_SCAN_HANDLER role=2
89449.720 [0] DBG_ANCHOR_CH5_SCAN_BLOCKED win=0 tx=0 retry_gap=0 flood=1 wait=0 rx=0 rxq=0 rxr=0 ack=0 ch9=0 rf=0 retry=5 interval=380
89449.720 [0] DBG_SCAN_SKIPPED reason=blocked
89449.720 [0] DBG_ANCHOR_CH5_SCAN_RESCHED ret=1 delay=5
89449.720 [0] DBG_ANCHOR_CH5_SCAN_HANDLER role=2
89449.720 [0] DBG_ANCHOR_CH5_SCAN_BLOCKED win=0 tx=0 retry_gap=0 flood=1 wait=0 rx=0 rxq=0 rxr=0 ack=0 ch9=0 rf=0 retry=5 interval=380
89449.720 [0] DBG_SCAN_SKIPPED reason=blocked
89449.720 [0] DBG_ANCHOR_CH5_SCAN_RESCHED ret=1 delay=5
89449.720 [0] DBG_ANCHOR_CH5_SCAN_HANDLER role=2
89449.720 [0] DBG_ANCHOR_CH5_SCAN_BLOCKED win=0 tx=0 retry_gap=0 flood=1 wait=0 rx=0 rxq=0 rxr=0 ack=0 ch9=0 rf=0 retry=5 interval=380
89449.720 [0] DBG_SCAN_SKIPPED reason=blocked
89449.720 [0] DBG_ANCHOR_CH5_SCAN_RESCHED ret=1 delay=5
89449.751 [0] DBG_ANCHOR_CH5_SCAN_HANDLER role=2
89449.751 [0] DBG_ANCHOR_CH5_SCAN_HANDLER role=2
89449.751 [0] DBG_ANCHOR_CH5_SCAN_BLOCKED win=0 tx=0 retry_gap=0 flood=1 wait=0 rx=0 rxq=0 rxr=0 ack=0 ch9=0 rf=0 retry=5 interval=380
89449.751 [0] DBG_SCAN_SKIPPED reason=blocked
89449.751 [0] DBG_ANCHOR_CH5_SCAN_RESCHED ret=1 delay=5
89449.751 [0] DBG_ANCHOR_CH5_SCAN_HANDLER role=2
89449.751 [0] DBG_ANCHOR_CH5_SCAN_BLOCKED win=0 tx=0 retry_gap=0 flood=1 wait=0 rx=0 rxq=0 rxr=0 ack=0 ch9=0 rf=0 retry=5 interval=380
89449.751 [0] DBG_SCAN_SKIPPED reason=blocked
89449.751 [0] DBG_ANCHOR_CH5_SCAN_RESCHED ret=1 delay=5
89449.751 [0] DBG_ANCHOR_CH5_SCAN_HANDLER role=2
89449.751 [0] DBG_ANCHOR_CH5_SCAN_BLOCKED win=0 tx=0 retry_gap=0 flood=1 wait=0 rx=0 rxq=0 rxr=0 ack=0 ch9=0 rf=0 retry=5 interval=380
89449.751 [0] DBG_SCAN_SKIPPED reason=blocked
89449.751 [0] DBG_ANCHOR_CH5_SCAN_RESCHED ret=1 delay=5
89449.751 [0] DBG_ANCHOR_CH5_SCAN_HANDLER role=2
89449.751 [0] DBG_ANCHOR_CH5_SCAN_BLOCKED win=0 tx=0 retry_gap=0 flood=1 wait=0 rx=0 rxq=0 rxr=0 ack=0 ch9=0 rf=0 retry=5 interval=380
89449.751 [0] DBG_SCAN_SKIPPED reason=blocked
89449.751 [0] DBG_ANCHOR_CH5_SCAN_RESCHED ret=1 delay=5
89449.786 [0] DBG_ANCHOR_CH5_SCAN_HANDLER role=2
89449.786 [0] DBG_SCAN_SKIPPED reason=blocked
89449.786 [0] DBG_ANCHOR_CH5_SCAN_BLOCKED win=0 tx=0 retry_gap=0 flood=1 wait=0 rx=0 rxq=0 rxr=0 ack=0 ch9=0 rf=0 retry=5 interval=380
89449.786 [0] DBG_SCAN_SKIPPED reason=blocked
89449.786 [0] DBG_ANCHOR_CH5_SCAN_RESCHED ret=1 delay=5
89449.786 [0] DBG_ANCHOR_CH5_SCAN_HANDLER role=2
89449.786 [0] DBG_ANCHOR_CH5_SCAN_BLOCKED win=0 tx=0 retry_gap=0 flood=1 wait=0 rx=0 rxq=0 rxr=0 ack=0 ch9=0 rf=0 retry=5 interval=380
89449.786 [0] DBG_SCAN_SKIPPED reason=blocked
89449.786 [0] DBG_ANCHOR_CH5_SCAN_RESCHED ret=1 delay=5
89449.786 [0] DBG_ANCHOR_CH5_SCAN_HANDLER role=2
89449.786 [0] DBG_ANCHOR_CH5_SCAN_BLOCKED win=0 tx=0 retry_gap=0 flood=1 wait=0 rx=0 rxq=0 rxr=0 ack=0 ch9=0 rf=0 retry=5 interval=380
89449.786 [0] DBG_SCAN_SKIPPED reason=blocked
89449.786 [0] DBG_ANCHOR_CH5_SCAN_RESCHED ret=1 delay=5
89449.786 [0] DBG_ANCHOR_CH5_SCAN_HANDLER role=2
89449.786 [0] DBG_ANCHOR_CH5_SCAN_BLOCKED win=0 tx=0 retry_gap=0 flood=1 wait=0 rx=0 rxq=0 rxr=0 ack=0 ch9=0 rf=0 retry=5 interval=380
89449.786 [0] DBG_SCAN_SKIPPED reason=blocked
89449.786 [0] DBG_ANCHOR_CH5_SCAN_RESCHED ret=1 delay=5
89449.786 [0] DBG_ANCHOR_CH5_SCAN_HANDLER role=2
89449.786 [0] DBG_SCAN_SKIPPED reason=blocked
89449.819 [0] DBG_ANCHOR_CH5_SCAN_HANDLER role=2
89449.819 [0] DBG_ANCHOR_CH5_SCAN_BLOCKED win=0 tx=0 retry_gap=0 flood=1 wait=0 rx=0 rxq=0 rxr=0 ack=0 ch9=0 rf=0 retry=5 interval=380
89449.819 [0] DBG_SCAN_SKIPPED reason=blocked
89449.819 [0] DBG_ANCHOR_CH5_SCAN_RESCHED ret=1 delay=5
89449.819 [0] DBG_ANCHOR_CH5_SCAN_HANDLER role=2
89449.819 [0] DBG_ANCHOR_CH5_SCAN_BLOCKED win=0 tx=0 retry_gap=0 flood=1 wait=0 rx=0 rxq=0 rxr=0 ack=0 ch9=0 rf=0 retry=5 interval=380
89449.819 [0] DBG_SCAN_SKIPPED reason=blocked
89449.819 [0] DBG_ANCHOR_CH5_SCAN_RESCHED ret=1 delay=5
89449.819 [0] DBG_ANCHOR_CH5_SCAN_HANDLER role=2
89449.819 [0] DBG_ANCHOR_CH5_SCAN_BLOCKED win=0 tx=0 retry_gap=0 flood=1 wait=0 rx=0 rxq=0 rxr=0 ack=0 ch9=0 rf=0 retry=5 interval=380
89449.819 [0] DBG_SCAN_SKIPPED reason=blocked
89449.819 [0] DBG_ANCHOR_CH5_SCAN_RESCHED ret=1 delay=5
89449.819 [0] DBG_ANCHOR_CH5_SCAN_HANDLER role=2
89449.819 [0] DBG_ANCHOR_CH5_SCAN_BLOCKED win=0 tx=0 retry_gap=0 flood=1 wait=0 rx=0 rxq=0 rxr=0 ack=0 ch9=0 rf=0 retry=5 interval=380
89449.819 [0] DBG_SCAN_SKIPPED reason=blocked
89449.819 [0] DBG_ANCHOR_CH5_SCAN_RESCHED ret=1 delay=5
89449.852 [0] DBG_ANCHOR_CH5_SCAN_HANDLER role=2
89449.852 [0] DBG_SCAN_SKIPPED reason=blocked
89449.852 [0] DBG_ANCHOR_CH5_SCAN_HANDLER role=2
89449.852 [0] DBG_ANCHOR_CH5_SCAN_HANDLER role=2
89449.852 [0] DBG_ANCHOR_CH5_SCAN_BLOCKED win=0 tx=0 retry_gap=0 flood=1 wait=0 rx=0 rxq=0 rxr=0 ack=0 ch9=0 rf=0 retry=5 interval=380
89449.852 [0] DBG_SCAN_SKIPPED reason=blocked
89449.852 [0] DBG_ANCHOR_CH5_SCAN_RESCHED ret=1 delay=5
89449.852 [0] DBG_ANCHOR_CH5_SCAN_HANDLER role=2
89449.852 [0] DBG_ANCHOR_CH5_SCAN_BLOCKED win=0 tx=0 retry_gap=0 flood=1 wait=0 rx=0 rxq=0 rxr=0 ack=0 ch9=0 rf=0 retry=5 interval=380
89449.852 [0] DBG_SCAN_SKIPPED reason=blocked
89449.852 [0] DBG_ANCHOR_CH5_SCAN_RESCHED ret=1 delay=5
89449.852 [0] DBG_ANCHOR_CH5_SCAN_HANDLER role=2
89449.852 [0] DBG_ANCHOR_CH5_SCAN_BLOCKED win=0 tx=0 retry_gap=0 flood=1 wait=0 rx=0 rxq=0 rxr=0 ack=0 ch9=0 rf=0 retry=5 interval=380
89449.852 [0] DBG_SCAN_SKIPPED reason=blocked
89449.852 [0] DBG_ANCHOR_CH5_SCAN_RESCHED ret=1 delay=5
89449.852 [0] DBG_ANCHOR_CH5_SCAN_HANDLER role=2
89449.852 [0] DBG_ANCHOR_CH5_SCAN_BLOCKED win=0 tx=0 retry_gap=0 flood=1 wait=0 rx=0 rxq=0 rxr=0 ack=0 ch9=0 rf=0 retry=5 interval=380
89449.852 [0] DBG_SCAN_SKIPPED reason=blocked
89449.852 [0] DBG_ANCHOR_CH5_SCAN_RESCHED ret=1 delay=5
89449.883 [0] DBG_ANCHOR_CH5_SCAN_HANDLER role=2
89449.883 [0] DBG_ANCHOR_CH5_SCAN_BLOCKED win=0 tx=0 retry_gap=0 flood=1 wait=0 rx=0 rxq=0 rxr=0 ack=0 ch9=0 rf=0 retry=5 interval=380
89449.883 [0] DBG_SCAN_SKIPPED reason=blocked
89449.883 [0] DBG_ANCHOR_CH5_SCAN_RESCHED ret=1 delay=5
89449.883 [0] DBG_ANCHOR_CH5_SCAN_HANDLER role=2
89449.883 [0] DBG_ANCHOR_CH5_SCAN_BLOCKED win=0 tx=0 retry_gap=0 flood=1 wait=0 rx=0 rxq=0 rxr=0 ack=0 ch9=0 rf=0 retry=5 interval=380
89449.883 [0] DBG_SCAN_SKIPPED reason=blocked
89449.883 [0] DBG_ANCHOR_CH5_SCAN_RESCHED ret=1 delay=5
89449.883 [0] DBG_ANCHOR_CH5_SCAN_HANDLER role=2
89449.883 [0] DBG_ANCHOR_CH5_SCAN_BLOCKED win=0 tx=0 retry_gap=0 flood=1 wait=0 rx=0 rxq=0 rxr=0 ack=0 ch9=0 rf=0 retry=5 interval=380
89449.883 [0] DBG_SCAN_SKIPPED reason=blocked
89449.883 [0] DBG_ANCHOR_CH5_SCAN_RESCHED ret=1 delay=5
89449.883 [0] DBG_ANCHOR_CH5_SCAN_HANDLER role=2
89449.883 [0] DBG_ANCHOR_CH5_SCAN_BLOCKED win=0 tx=0 retry_gap=0 flood=1 wait=0 rx=0 rxq=0 rxr=0 ack=0 ch9=0 rf=0 retry=5 interval=380
89449.883 [0] DBG_SCAN_SKIPPED reason=blocked
89449.883 [0] DBG_ANCHOR_CH5_SCAN_RESCHED ret=1 delay=5
89449.916 [0] DBG_ANCHOR_CH5_SCAN_HANDLER role=2
89449.916 [0] DBG_SCAN_SKIPPED reason=blocked
89449.916 [0] DBG_ANCHOR_CH5_SCAN_HANDLER role=2
89449.916 [0] DBG_ANCHOR_CH5_SCAN_HANDLER role=2
89449.916 [0] DBG_ANCHOR_CH5_SCAN_BLOCKED win=0 tx=0 retry_gap=0 flood=1 wait=0 rx=0 rxq=0 rxr=0 ack=0 ch9=0 rf=0 retry=5 interval=380
89449.916 [0] DBG_SCAN_SKIPPED reason=blocked
89449.916 [0] DBG_ANCHOR_CH5_SCAN_RESCHED ret=1 delay=5
89449.916 [0] DBG_ANCHOR_CH5_SCAN_HANDLER role=2
89449.916 [0] DBG_ANCHOR_CH5_SCAN_BLOCKED win=0 tx=0 retry_gap=0 flood=1 wait=0 rx=0 rxq=0 rxr=0 ack=0 ch9=0 rf=0 retry=5 interval=380
89449.916 [0] DBG_SCAN_SKIPPED reason=blocked
89449.916 [0] DBG_ANCHOR_CH5_SCAN_RESCHED ret=1 delay=5
89449.916 [0] DBG_ANCHOR_CH5_SCAN_HANDLER role=2
89449.916 [0] DBG_ANCHOR_CH5_SCAN_BLOCKED win=0 tx=0 retry_gap=0 flood=1 wait=0 rx=0 rxq=0 rxr=0 ack=0 ch9=0 rf=0 retry=5 interval=380
89449.916 [0] DBG_SCAN_SKIPPED reason=blocked
89449.916 [0] DBG_ANCHOR_CH5_SCAN_RESCHED ret=1 delay=5
89449.916 [0] DBG_ANCHOR_CH5_SCAN_HANDLER role=2
89449.916 [0] DBG_ANCHOR_CH5_SCAN_BLOCKED win=0 tx=0 retry_gap=0 flood=1 wait=0 rx=0 rxq=0 rxr=0 ack=0 ch9=0 rf=0 retry=5 interval=380
89449.916 [0] DBG_SCAN_SKIPPED reason=blocked
89449.916 [0] DBG_ANCHOR_CH5_SCAN_RESCHED ret=1 delay=5
89449.948 [0] DBG_ANCHOR_CH5_SCAN_HANDLER role=2
89449.948 [0] DBG_ANCHOR_CH5_SCAN_BLOCKED win=0 tx=0 retry_gap=0 flood=1 wait=0 rx=0 rxq=0 rxr=0 ack=0 ch9=0 rf=0 retry=5 interval=380
89449.948 [0] DBG_SCAN_SKIPPED reason=blocked
89449.948 [0] DBG_ANCHOR_CH5_SCAN_RESCHED ret=1 delay=5
89449.948 [0] DBG_ANCHOR_CH5_SCAN_HANDLER role=2
89449.948 [0] DBG_ANCHOR_CH5_SCAN_BLOCKED win=0 tx=0 retry_gap=0 flood=1 wait=0 rx=0 rxq=0 rxr=0 ack=0 ch9=0 rf=0 retry=5 interval=380
89449.948 [0] DBG_SCAN_SKIPPED reason=blocked
89449.948 [0] DBG_ANCHOR_CH5_SCAN_RESCHED ret=1 delay=5
89449.948 [0] DBG_ANCHOR_CH5_SCAN_HANDLER role=2
89449.948 [0] DBG_ANCHOR_CH5_SCAN_BLOCKED win=0 tx=0 retry_gap=0 flood=1 wait=0 rx=0 rxq=0 rxr=0 ack=0 ch9=0 rf=0 retry=5 interval=380
89449.948 [0] DBG_SCAN_SKIPPED reason=blocked
89449.948 [0] DBG_ANCHOR_CH5_SCAN_RESCHED ret=1 delay=5
89449.948 [0] DBG_ANCHOR_CH5_SCAN_HANDLER role=2
89449.948 [0] DBG_ANCHOR_CH5_SCAN_BLOCKED win=0 tx=0 retry_gap=0 flood=1 wait=0 rx=0 rxq=0 rxr=0 ack=0 ch9=0 rf=0 retry=5 interval=380
89449.948 [0] DBG_SCAN_SKIPPED reason=blocked
89449.948 [0] DBG_ANCHOR_CH5_SCAN_RESCHED ret=1 delay=5
89449.979 [0] DBG_ANCHOR_CH5_SCAN_HANDLER role=2
89449.979 [0] DBG_SCAN_SKIPPED reason=blocked
89449.979 [0] DBG_ANCHOR_CH5_SCAN_HANDLER role=2
89449.979 [0] DBG_ANCHOR_CH5_SCAN_BLOCKED win=0 tx=0 retry_gap=0 flood=1 wait=0 rx=0 rxq=0 rxr=0 ack=0 ch9=0 rf=0 retry=5 interval=380
89449.979 [0] DBG_SCAN_SKIPPED reason=blocked
89449.979 [0] DBG_ANCHOR_CH5_SCAN_RESCHED ret=1 delay=5
89449.979 [0] DBG_ANCHOR_CH5_SCAN_HANDLER role=2
89449.979 [0] DBG_ANCHOR_CH5_SCAN_BLOCKED win=0 tx=0 retry_gap=0 flood=1 wait=0 rx=0 rxq=0 rxr=0 ack=0 ch9=0 rf=0 retry=5 interval=380
89449.979 [0] DBG_SCAN_SKIPPED reason=blocked
89449.979 [0] DBG_ANCHOR_CH5_SCAN_RESCHED ret=1 delay=5
89449.979 [0] DBG_ANCHOR_CH5_SCAN_HANDLER role=2
89449.979 [0] DBG_ANCHOR_CH5_SCAN_BLOCKED win=0 tx=0 retry_gap=0 flood=1 wait=0 rx=0 rxq=0 rxr=0 ack=0 ch9=0 rf=0 retry=5 interval=380
89449.979 [0] DBG_SCAN_SKIPPED reason=blocked
89449.979 [0] DBG_ANCHOR_CH5_SCAN_RESCHED ret=1 delay=5
89449.979 [0] DBG_ANCHOR_CH5_SCAN_HANDLER role=2
89449.979 [0] DBG_ANCHOR_CH5_SCAN_BLOCKED win=0 tx=0 retry_gap=0 flood=1 wait=0 rx=0 rxq=0 rxr=0 ack=0 ch9=0 rf=0 retry=5 interval=380
89449.979 [0] DBG_SCAN_SKIPPED reason=blocked
89449.979 [0] DBG_ANCHOR_CH5_SCAN_RESCHED ret=1 delay=5
89449.979 [0] DBG_ANCHOR_CH5_SCAN_HANDLER role=2
89450.014 [0] DBG_ANCHOR_CH5_SCAN_HANDLER role=2
89450.014 [0] DBG_ANCHOR_CH5_SCAN_BLOCKED win=0 tx=0 retry_gap=0 flood=1 wait=0 rx=0 rxq=0 rxr=0 ack=0 ch9=0 rf=0 retry=5 interval=380
89450.014 [0] DBG_SCAN_SKIPPED reason=blocked
89450.014 [0] DBG_ANCHOR_CH5_SCAN_RESCHED ret=1 delay=5
89450.014 [0] DBG_ANCHOR_CH5_SCAN_HANDLER role=2
89450.014 [0] DBG_ANCHOR_CH5_SCAN_BLOCKED win=0 tx=0 retry_gap=0 flood=1 wait=0 rx=0 rxq=0 rxr=0 ack=0 ch9=0 rf=0 retry=5 interval=380
89450.014 [0] DBG_SCAN_SKIPPED reason=blocked
89450.014 [0] DBG_ANCHOR_CH5_SCAN_RESCHED ret=1 delay=5
89450.014 [0] DBG_ANCHOR_CH5_SCAN_HANDLER role=2
89450.014 [0] DBG_ANCHOR_CH5_SCAN_BLOCKED win=0 tx=0 retry_gap=0 flood=1 wait=0 rx=0 rxq=0 rxr=0 ack=0 ch9=0 rf=0 retry=5 interval=380
89450.014 [0] DBG_SCAN_SKIPPED reason=blocked
89450.014 [0] DBG_ANCHOR_CH5_SCAN_RESCHED ret=1 delay=5
89450.014 [0] DBG_ANCHOR_CH5_SCAN_HANDLER role=2
89450.014 [0] DBG_ANCHOR_CH5_SCAN_BLOCKED win=0 tx=0 retry_gap=0 flood=1 wait=0 rx=0 rxq=0 rxr=0 ack=0 ch9=0 rf=0 retry=5 interval=380
89450.014 [0] DBG_SCAN_SKIPPED reason=blocked
89450.014 [0] DBG_ANCHOR_CH5_SCAN_RESCHED ret=1 delay=5
89450.048 [0] DBG_ANCHOR_CH5_SCAN_HANDLER role=2
89450.048 [0] DBG_SCAN_SKIPPED reason=blocked
89450.048 [0] DBG_ANCHOR_CH5_SCAN_HANDLER role=2
89450.048 [0] DBG_ANCHOR_CH5_SCAN_HANDLER role=2
89450.048 [0] DBG_ANCHOR_CH5_SCAN_BLOCKED win=0 tx=0 retry_gap=0 flood=1 wait=0 rx=0 rxq=0 rxr=0 ack=0 ch9=0 rf=0 retry=5 interval=380
89450.048 [0] DBG_SCAN_SKIPPED reason=blocked
89450.048 [0] DBG_ANCHOR_CH5_SCAN_RESCHED ret=1 delay=5
89450.048 [0] DBG_ANCHOR_CH5_SCAN_HANDLER role=2
89450.048 [0] DBG_ANCHOR_CH5_SCAN_BLOCKED win=0 tx=0 retry_gap=0 flood=1 wait=0 rx=0 rxq=0 rxr=0 ack=0 ch9=0 rf=0 retry=5 interval=380
89450.048 [0] DBG_SCAN_SKIPPED reason=blocked
89450.048 [0] DBG_ANCHOR_CH5_SCAN_RESCHED ret=1 delay=5
89450.048 [0] DBG_ANCHOR_CH5_SCAN_HANDLER role=2
89450.048 [0] DBG_ANCHOR_CH5_SCAN_BLOCKED win=0 tx=0 retry_gap=0 flood=1 wait=0 rx=0 rxq=0 rxr=0 ack=0 ch9=0 rf=0 retry=5 interval=380
89450.048 [0] DBG_SCAN_SKIPPED reason=blocked
89450.048 [0] DBG_ANCHOR_CH5_SCAN_RESCHED ret=1 delay=5
89450.048 [0] DBG_ANCHOR_CH5_SCAN_HANDLER role=2
89450.048 [0] DBG_ANCHOR_CH5_SCAN_BLOCKED win=0 tx=0 retry_gap=0 flood=1 wait=0 rx=0 rxq=0 rxr=0 ack=0 ch9=0 rf=0 retry=5 interval=380
89450.048 [0] DBG_SCAN_SKIPPED reason=blocked
89450.048 [0] DBG_ANCHOR_CH5_SCAN_RESCHED ret=1 delay=5
89450.080 [0] DBG_ANCHOR_CH5_SCAN_HANDLER role=2
89450.080 [0] DBG_ANCHOR_CH5_SCAN_BLOCKED win=0 tx=0 retry_gap=0 flood=1 wait=0 rx=0 rxq=0 rxr=0 ack=0 ch9=0 rf=0 retry=5 interval=380
89450.080 [0] DBG_SCAN_SKIPPED reason=blocked
89450.080 [0] DBG_ANCHOR_CH5_SCAN_RESCHED ret=1 delay=5
89450.080 [0] DBG_ANCHOR_CH5_SCAN_HANDLER role=2
89450.080 [0] DBG_ANCHOR_CH5_SCAN_BLOCKED win=0 tx=0 retry_gap=0 flood=1 wait=0 rx=0 rxq=0 rxr=0 ack=0 ch9=0 rf=0 retry=5 interval=380
89450.080 [0] DBG_SCAN_SKIPPED reason=blocked
89450.080 [0] DBG_ANCHOR_CH5_SCAN_RESCHED ret=1 delay=5
89450.080 [0] DBG_ANCHOR_CH5_SCAN_HANDLER role=2
89450.080 [0] DBG_ANCHOR_CH5_SCAN_BLOCKED win=0 tx=0 retry_gap=0 flood=1 wait=0 rx=0 rxq=0 rxr=0 ack=0 ch9=0 rf=0 retry=5 interval=380
89450.080 [0] DBG_SCAN_SKIPPED reason=blocked
89450.080 [0] DBG_ANCHOR_CH5_SCAN_RESCHED ret=1 delay=5
89450.080 [0] DBG_ANCHOR_CH5_SCAN_HANDLER role=2
89450.080 [0] DBG_ANCHOR_CH5_SCAN_BLOCKED win=0 tx=0 retry_gap=0 flood=1 wait=0 rx=0 rxq=0 rxr=0 ack=0 ch9=0 rf=0 retry=5 interval=380
89450.080 [0] DBG_SCAN_SKIPPED reason=blocked
89450.080 [0] DBG_ANCHOR_CH5_SCAN_RESCHED ret=1 delay=5
89450.111 [0] DBG_ANCHOR_CH5_SCAN_HANDLER role=2
89450.111 [0] DBG_SCAN_SKIPPED reason=blocked
89450.111 [0] DBG_ANCHOR_CH5_SCAN_HANDLER role=2
89450.111 [0] DBG_ANCHOR_CH5_SCAN_HANDLER role=2
89450.111 [0] DBG_ANCHOR_CH5_SCAN_BLOCKED win=0 tx=0 retry_gap=0 flood=1 wait=0 rx=0 rxq=0 rxr=0 ack=0 ch9=0 rf=0 retry=5 interval=380
89450.111 [0] DBG_SCAN_SKIPPED reason=blocked
89450.111 [0] DBG_ANCHOR_CH5_SCAN_RESCHED ret=1 delay=5
89450.111 [0] DBG_ANCHOR_CH5_SCAN_HANDLER role=2
89450.111 [0] DBG_ANCHOR_CH5_SCAN_BLOCKED win=0 tx=0 retry_gap=0 flood=1 wait=0 rx=0 rxq=0 rxr=0 ack=0 ch9=0 rf=0 retry=5 interval=380
89450.111 [0] DBG_SCAN_SKIPPED reason=blocked
89450.111 [0] DBG_ANCHOR_CH5_SCAN_RESCHED ret=1 delay=5
89450.111 [0] DBG_ANCHOR_CH5_SCAN_HANDLER role=2
89450.111 [0] DBG_ANCHOR_CH5_SCAN_BLOCKED win=0 tx=0 retry_gap=0 flood=1 wait=0 rx=0 rxq=0 rxr=0 ack=0 ch9=0 rf=0 retry=5 interval=380
89450.111 [0] DBG_SCAN_SKIPPED reason=blocked
89450.111 [0] DBG_ANCHOR_CH5_SCAN_RESCHED ret=1 delay=5
89450.111 [0] DBG_ANCHOR_CH5_SCAN_HANDLER role=2
89450.111 [0] DBG_ANCHOR_CH5_SCAN_BLOCKED win=0 tx=0 retry_gap=0 flood=1 wait=0 rx=0 rxq=0 rxr=0 ack=0 ch9=0 rf=0 retry=5 interval=380
89450.111 [0] DBG_SCAN_SKIPPED reason=blocked
89450.111 [0] DBG_ANCHOR_CH5_SCAN_RESCHED ret=1 delay=5
89450.142 [0] DBG_ANCHOR_CH5_SCAN_BLOCKED win=0 tx=0 retry_gap=0 flood=1 wait=0 rx=0 rxq=0 rxr=0 ack=0 ch9=0 rf=0 retry=5 interval=380
89450.142 [0] DBG_SCAN_SKIPPED reason=blocked
89450.142 [0] DBG_ANCHOR_CH5_SCAN_RESCHED ret=1 delay=5
89450.142 [0] DBG_ANCHOR_CH5_SCAN_HANDLER role=2
89450.142 [0] DBG_ANCHOR_CH5_SCAN_BLOCKED win=0 tx=0 retry_gap=0 flood=1 wait=0 rx=0 rxq=0 rxr=0 ack=0 ch9=0 rf=0 retry=5 interval=380
89450.142 [0] DBG_SCAN_SKIPPED reason=blocked
89450.142 [0] DBG_ANCHOR_CH5_SCAN_RESCHED ret=1 delay=5
89450.142 [0] DBG_ANCHOR_CH5_SCAN_HANDLER role=2
89450.142 [0] DBG_ANCHOR_CH5_SCAN_BLOCKED win=0 tx=0 retry_gap=0 flood=1 wait=0 rx=0 rxq=0 rxr=0 ack=0 ch9=0 rf=0 retry=5 interval=380
89450.142 [0] DBG_SCAN_SKIPPED reason=blocked
89450.142 [0] DBG_ANCHOR_CH5_SCAN_RESCHED ret=1 delay=5
89450.142 [0] DBG_ANCHOR_CH5_SCAN_HANDLER role=2
89450.142 [0] DBG_ANCHOR_CH5_SCAN_BLOCKED win=0 tx=0 retry_gap=0 flood=1 wait=0 rx=0 rxq=0 rxr=0 ack=0 ch9=0 rf=0 retry=5 interval=380
89450.142 [0] DBG_SCAN_SKIPPED reason=blocked
89450.142 [0] DBG_ANCHOR_CH5_SCAN_RESCHED ret=1 delay=5
89450.142 [0] DBG_ANCHOR_CH5_SCAN_HANDLER role=2
89450.142 [0] DBG_SCAN_SKIPPED reason=blocked
89450.175 [0] DBG_ANCHOR_CH5_SCAN_RESCHED ret=1 delay=5
89450.175 [0] DBG_ANCHOR_CH5_SCAN_HANDLER role=2
89450.175 [0] DBG_ANCHOR_CH5_SCAN_BLOCKED win=0 tx=0 retry_gap=0 flood=1 wait=0 rx=0 rxq=0 rxr=0 ack=0 ch9=0 rf=0 retry=5 interval=380
89450.175 [0] DBG_SCAN_SKIPPED reason=blocked
89450.175 [0] DBG_ANCHOR_CH5_SCAN_RESCHED ret=1 delay=5
89450.175 [0] DBG_ANCHOR_CH5_SCAN_HANDLER role=2
89450.175 [0] DBG_ANCHOR_CH5_SCAN_BLOCKED win=0 tx=0 retry_gap=0 flood=1 wait=0 rx=0 rxq=0 rxr=0 ack=0 ch9=0 rf=0 retry=5 interval=380
89450.175 [0] DBG_SCAN_SKIPPED reason=blocked
89450.175 [0] DBG_ANCHOR_CH5_SCAN_RESCHED ret=1 delay=5
89450.175 [0] DBG_ANCHOR_CH5_SCAN_HANDLER role=2
89450.175 [0] DBG_ANCHOR_CH5_SCAN_BLOCKED win=0 tx=0 retry_gap=0 flood=1 wait=0 rx=0 rxq=0 rxr=0 ack=0 ch9=0 rf=0 retry=5 interval=380
89450.175 [0] DBG_SCAN_SKIPPED reason=blocked
89450.175 [0] DBG_ANCHOR_CH5_SCAN_RESCHED ret=1 delay=5
89450.175 [0] DBG_ANCHOR_CH5_SCAN_HANDLER role=2
89450.175 [0] DBG_ANCHOR_CH5_SCAN_BLOCKED win=0 tx=0 retry_gap=0 flood=1 wait=0 rx=0 rxq=0 rxr=0 ack=0 ch9=0 rf=0 retry=5 interval=380
89450.175 [0] DBG_SCAN_SKIPPED reason=blocked
89450.175 [0] DBG_ANCHOR_CH5_SCAN_RESCHED ret=1 delay=5
89450.206 [0] DBG_ANCHOR_CH5_SCAN_HANDLER role=2
89450.206 [0] DBG_ANCHOR_CH5_SCAN_HANDLER role=2
89450.206 [0] DBG_ANCHOR_CH5_SCAN_BLOCKED win=0 tx=0 retry_gap=0 flood=1 wait=0 rx=0 rxq=0 rxr=0 ack=0 ch9=0 rf=0 retry=5 interval=380
89450.206 [0] DBG_SCAN_SKIPPED reason=blocked
89450.206 [0] DBG_ANCHOR_CH5_SCAN_RESCHED ret=1 delay=5
89450.206 [0] DBG_ANCHOR_CH5_SCAN_HANDLER role=2
89450.206 [0] DBG_ANCHOR_CH5_SCAN_BLOCKED win=0 tx=0 retry_gap=0 flood=1 wait=0 rx=0 rxq=0 rxr=0 ack=0 ch9=0 rf=0 retry=5 interval=380
89450.206 [0] DBG_SCAN_SKIPPED reason=blocked
89450.206 [0] DBG_ANCHOR_CH5_SCAN_RESCHED ret=1 delay=5
89450.206 [0] DBG_ANCHOR_CH5_SCAN_HANDLER role=2
89450.206 [0] DBG_ANCHOR_CH5_SCAN_BLOCKED win=0 tx=0 retry_gap=0 flood=1 wait=0 rx=0 rxq=0 rxr=0 ack=0 ch9=0 rf=0 retry=5 interval=380
89450.206 [0] DBG_SCAN_SKIPPED reason=blocked
89450.206 [0] DBG_ANCHOR_CH5_SCAN_RESCHED ret=1 delay=5
89450.206 [0] DBG_ANCHOR_CH5_SCAN_HANDLER role=2
89450.206 [0] DBG_ANCHOR_CH5_SCAN_BLOCKED win=0 tx=0 retry_gap=0 flood=1 wait=0 rx=0 rxq=0 rxr=0 ack=0 ch9=0 rf=0 retry=5 interval=380
89450.206 [0] DBG_SCAN_SKIPPED reason=blocked
89450.206 [0] DBG_ANCHOR_CH5_SCAN_RESCHED ret=1 delay=5
89450.238 [0] DBG_ANCHOR_CH5_SCAN_HANDLER role=2
89450.238 [0] DBG_SCAN_SKIPPED reason=blocked
89450.238 [0] DBG_ANCHOR_CH5_SCAN_HANDLER role=2
89450.238 [0] DBG_ANCHOR_CH5_SCAN_BLOCKED win=0 tx=0 retry_gap=0 flood=1 wait=0 rx=0 rxq=0 rxr=0 ack=0 ch9=0 rf=0 retry=5 interval=380
89450.238 [0] DBG_SCAN_SKIPPED reason=blocked
89450.238 [0] DBG_ANCHOR_CH5_SCAN_RESCHED ret=1 delay=5
89450.238 [0] DBG_ANCHOR_CH5_SCAN_HANDLER role=2
89450.238 [0] DBG_ANCHOR_CH5_SCAN_BLOCKED win=0 tx=0 retry_gap=0 flood=1 wait=0 rx=0 rxq=0 rxr=0 ack=0 ch9=0 rf=0 retry=5 interval=380
89450.238 [0] DBG_SCAN_SKIPPED reason=blocked
89450.238 [0] DBG_ANCHOR_CH5_SCAN_RESCHED ret=1 delay=5
89450.238 [0] DBG_ANCHOR_CH5_SCAN_HANDLER role=2
89450.238 [0] DBG_ANCHOR_CH5_SCAN_BLOCKED win=0 tx=0 retry_gap=0 flood=1 wait=0 rx=0 rxq=0 rxr=0 ack=0 ch9=0 rf=0 retry=5 interval=380
89450.238 [0] DBG_SCAN_SKIPPED reason=blocked
89450.238 [0] DBG_ANCHOR_CH5_SCAN_RESCHED ret=1 delay=5
89450.238 [0] DBG_ANCHOR_CH5_SCAN_HANDLER role=2
89450.238 [0] DBG_ANCHOR_CH5_SCAN_BLOCKED win=0 tx=0 retry_gap=0 flood=1 wait=0 rx=0 rxq=0 rxr=0 ack=0 ch9=0 rf=0 retry=5 interval=380
89450.238 [0] DBG_SCAN_SKIPPED reason=blocked
89450.238 [0] DBG_ANCHOR_CH5_SCAN_RESCHED ret=1 delay=5
89450.238 [0] DBG_ANCHOR_CH5_SCAN_HANDLER role=2
89450.279 [0] DBG_ANCHOR_CH5_SCAN_HANDLER role=2
89450.279 [0] DBG_ANCHOR_CH5_SCAN_BLOCKED win=0 tx=0 retry_gap=0 flood=1 wait=0 rx=0 rxq=0 rxr=0 ack=0 ch9=0 rf=0 retry=5 interval=380
89450.279 [0] DBG_SCAN_SKIPPED reason=blocked
89450.279 [0] DBG_ANCHOR_CH5_SCAN_RESCHED ret=1 delay=5
89450.279 [0] DBG_ANCHOR_CH5_SCAN_HANDLER role=2
89450.279 [0] DBG_ANCHOR_CH5_SCAN_BLOCKED win=0 tx=0 retry_gap=0 flood=1 wait=0 rx=0 rxq=0 rxr=0 ack=0 ch9=0 rf=0 retry=5 interval=380
89450.279 [0] DBG_SCAN_SKIPPED reason=blocked
89450.279 [0] DBG_ANCHOR_CH5_SCAN_RESCHED ret=1 delay=5
89450.279 [0] DBG_ANCHOR_CH5_SCAN_HANDLER role=2
89450.279 [0] DBG_ANCHOR_CH5_SCAN_BLOCKED win=0 tx=0 retry_gap=0 flood=1 wait=0 rx=0 rxq=0 rxr=0 ack=0 ch9=0 rf=0 retry=5 interval=380
89450.279 [0] DBG_SCAN_SKIPPED reason=blocked
89450.279 [0] DBG_ANCHOR_CH5_SCAN_RESCHED ret=1 delay=5
89450.279 [0] DBG_ANCHOR_CH5_SCAN_HANDLER role=2
89450.279 [0] DBG_ANCHOR_CH5_SCAN_BLOCKED win=0 tx=0 retry_gap=0 flood=1 wait=0 rx=0 rxq=0 rxr=0 ack=0 ch9=0 rf=0 retry=5 interval=380
89450.279 [0] DBG_SCAN_SKIPPED reason=blocked
89450.279 [0] DBG_ANCHOR_CH5_SCAN_RESCHED ret=1 delay=5
89450.279 [0] DBG_ANCHOR_CH5_SCAN_HANDLER role=2
89450.279 [0] DBG_SCAN_SKIPPED reason=blocked
89450.309 [0] DBG_ANCHOR_CH5_SCAN_HANDLER role=2
89450.309 [0] DBG_DWM_INVALIDATE tag=configure_radio_from_reset active_phy=2 configured=1 awake=1
89450.309 [0] DBG_ANCHOR_CH5_SCAN_HANDLER role=2
89450.309 [0] DBG_ANCHOR_CH5_SCAN_BLOCKED win=0 tx=0 retry_gap=0 flood=1 wait=0 rx=0 rxq=0 rxr=0 ack=0 ch9=0 rf=1 retry=20 interval=380
89450.309 [0] DBG_SCAN_SKIPPED reason=blocked
89450.309 [0] DBG_ANCHOR_CH5_SCAN_RESCHED ret=1 delay=20
89450.309 [0] DBG_DWM_MARK_UNCONFIGURED tag=initialise_radio prev_phy=0
89450.309 [0] DBG_DWM_PHY_SWITCH from=2 to=4 fast=0 us=20935
89450.309 [0] DBG_DWM_WAKE_MESH_CTRL_OK sfd=1033
89450.309 [0] DBG_C5_TX_CONFIG ret=0 at=32035 ext=1 len=189 msg=3c reason=bounded-c5-flood
89450.347 [0] DBG_ANCHOR_CH5_SCAN_HANDLER role=2
89450.347 [0] DBG_ANCHOR_CH5_SCAN_BLOCKED win=0 tx=0 retry_gap=0 flood=1 wait=0 rx=0 rxq=0 rxr=0 ack=0 ch9=0 rf=1 retry=20 interval=380
89450.347 [0] DBG_SCAN_SKIPPED reason=blocked
89450.347 [0] DBG_ANCHOR_CH5_SCAN_RESCHED ret=1 delay=20
89450.347 [0] DBG_MESH_TX_AGE msg=3c seq=34 age=16663 enc=32036 rf=32037 gap=1 air=3
89450.347 [0] DBG_MESH_TX_STAGE stage=start msg=3c seq=34 ch=5 seen=1 at=32037
89450.347 [0] DBG_MESH_TX_STAGE stage=complete msg=3c seq=34 ch=5 seen=1 at=32040 ret=0
89450.347 [0] DBG_ANCHOR_CH5_SCAN_HANDLER role=2
89450.347 [0] DBG_ANCHOR_CH5_SCAN_BLOCKED win=0 tx=0 retry_gap=0 flood=1 wait=0 rx=0 rxq=0 rxr=0 ack=0 ch9=0 rf=0 retry=5 interval=380
89450.347 [0] DBG_SCAN_SKIPPED reason=blocked
89450.347 [0] DBG_ANCHOR_CH5_SCAN_RESCHED ret=1 delay=5
89450.347 [0] DBG_ANCHOR_CH5_SCAN_HANDLER role=2
89450.347 [0] DBG_ANCHOR_CH5_SCAN_BLOCKED win=0 tx=0 retry_gap=0 flood=1 wait=0 rx=0 rxq=0 rxr=0 ack=0 ch9=0 rf=0 retry=5 interval=380
89450.347 [0] DBG_SCAN_SKIPPED reason=blocked
89450.347 [0] DBG_ANCHOR_CH5_SCAN_RESCHED ret=1 delay=5
89450.347 [0] DBG_ANCHOR_CH5_SCAN_HANDLER role=2
89450.347 [0] DBG_SCAN_SKIPPED reason=blocked
89450.347 [0] DBG_ANCHOR_CH5_SCAN_RESCHED ret=1 delay=5
89450.378 [0] DBG_ANCHOR_CH5_SCAN_HANDLER role=2
89450.378 [0] DBG_ANCHOR_CH5_SCAN_BLOCKED win=0 tx=0 retry_gap=0 flood=1 wait=0 rx=0 rxq=0 rxr=0 ack=0 ch9=0 rf=0 retry=5 interval=380
89450.378 [0] DBG_SCAN_SKIPPED reason=blocked
89450.378 [0] DBG_ANCHOR_CH5_SCAN_RESCHED ret=1 delay=5
89450.378 [0] DBG_ANCHOR_CH5_SCAN_HANDLER role=2
89450.378 [0] DBG_ANCHOR_CH5_SCAN_BLOCKED win=0 tx=0 retry_gap=0 flood=1 wait=0 rx=0 rxq=0 rxr=0 ack=0 ch9=0 rf=0 retry=5 interval=380
89450.378 [0] DBG_SCAN_SKIPPED reason=blocked
89450.378 [0] DBG_ANCHOR_CH5_SCAN_RESCHED ret=1 delay=5
89450.378 [0] DBG_ANCHOR_CH5_SCAN_HANDLER role=2
89450.378 [0] DBG_ANCHOR_CH5_SCAN_BLOCKED win=0 tx=0 retry_gap=0 flood=1 wait=0 rx=0 rxq=0 rxr=0 ack=0 ch9=0 rf=0 retry=5 interval=380
89450.378 [0] DBG_SCAN_SKIPPED reason=blocked
89450.378 [0] DBG_ANCHOR_CH5_SCAN_RESCHED ret=1 delay=5
89450.378 [0] DBG_ANCHOR_CH5_SCAN_HANDLER role=2
89450.378 [0] DBG_ANCHOR_CH5_SCAN_BLOCKED win=0 tx=0 retry_gap=0 flood=1 wait=0 rx=0 rxq=0 rxr=0 ack=0 ch9=0 rf=0 retry=5 interval=380
89450.378 [0] DBG_SCAN_SKIPPED reason=blocked
89450.378 [0] DBG_ANCHOR_CH5_SCAN_RESCHED ret=1 delay=5
89450.410 [0] DBG_ANCHOR_CH5_SCAN_HANDLER role=2
89450.410 [0] DBG_SCAN_SKIPPED reason=blocked
89450.410 [0] DBG_ANCHOR_CH5_SCAN_HANDLER role=2
89450.410 [0] DBG_ANCHOR_CH5_SCAN_BLOCKED win=0 tx=0 retry_gap=0 flood=1 wait=0 rx=0 rxq=0 rxr=0 ack=0 ch9=0 rf=0 retry=5 interval=380
89450.410 [0] DBG_SCAN_SKIPPED reason=blocked
89450.410 [0] DBG_ANCHOR_CH5_SCAN_RESCHED ret=1 delay=5
89450.410 [0] DBG_ANCHOR_CH5_SCAN_HANDLER role=2
89450.410 [0] DBG_ANCHOR_CH5_SCAN_BLOCKED win=0 tx=0 retry_gap=0 flood=1 wait=0 rx=0 rxq=0 rxr=0 ack=0 ch9=0 rf=0 retry=5 interval=380
89450.410 [0] DBG_SCAN_SKIPPED reason=blocked
89450.410 [0] DBG_ANCHOR_CH5_SCAN_RESCHED ret=1 delay=5
89450.410 [0] DBG_ANCHOR_CH5_SCAN_HANDLER role=2
89450.410 [0] DBG_ANCHOR_CH5_SCAN_BLOCKED win=0 tx=0 retry_gap=0 flood=1 wait=0 rx=0 rxq=0 rxr=0 ack=0 ch9=0 rf=0 retry=5 interval=380
89450.410 [0] DBG_SCAN_SKIPPED reason=blocked
89450.410 [0] DBG_ANCHOR_CH5_SCAN_RESCHED ret=1 delay=5
89450.410 [0] DBG_ANCHOR_CH5_SCAN_HANDLER role=2
89450.410 [0] DBG_ANCHOR_CH5_SCAN_BLOCKED win=0 tx=0 retry_gap=0 flood=1 wait=0 rx=0 rxq=0 rxr=0 ack=0 ch9=0 rf=0 retry=5 interval=380
89450.410 [0] DBG_SCAN_SKIPPED reason=blocked
89450.410 [0] DBG_ANCHOR_CH5_SCAN_RESCHED ret=1 delay=5
89450.441 [0] DBG_ANCHOR_CH5_SCAN_HANDLER role=2
89450.441 [0] DBG_ANCHOR_CH5_SCAN_HANDLER role=2
89450.441 [0] DBG_ANCHOR_CH5_SCAN_BLOCKED win=0 tx=0 retry_gap=0 flood=1 wait=0 rx=0 rxq=0 rxr=0 ack=0 ch9=0 rf=0 retry=5 interval=380
89450.441 [0] DBG_SCAN_SKIPPED reason=blocked
89450.441 [0] DBG_ANCHOR_CH5_SCAN_RESCHED ret=1 delay=5
89450.441 [0] DBG_ANCHOR_CH5_SCAN_HANDLER role=2
89450.441 [0] DBG_ANCHOR_CH5_SCAN_BLOCKED win=0 tx=0 retry_gap=0 flood=1 wait=0 rx=0 rxq=0 rxr=0 ack=0 ch9=0 rf=0 retry=5 interval=380
89450.441 [0] DBG_SCAN_SKIPPED reason=blocked
89450.441 [0] DBG_ANCHOR_CH5_SCAN_RESCHED ret=1 delay=5
89450.441 [0] DBG_ANCHOR_CH5_SCAN_HANDLER role=2
89450.441 [0] DBG_ANCHOR_CH5_SCAN_BLOCKED win=0 tx=0 retry_gap=0 flood=1 wait=0 rx=0 rxq=0 rxr=0 ack=0 ch9=0 rf=0 retry=5 interval=380
89450.441 [0] DBG_SCAN_SKIPPED reason=blocked
89450.441 [0] DBG_ANCHOR_CH5_SCAN_RESCHED ret=1 delay=5
89450.441 [0] DBG_ANCHOR_CH5_SCAN_HANDLER role=2
89450.441 [0] DBG_ANCHOR_CH5_SCAN_BLOCKED win=0 tx=0 retry_gap=0 flood=1 wait=0 rx=0 rxq=0 rxr=0 ack=0 ch9=0 rf=0 retry=5 interval=380
89450.441 [0] DBG_SCAN_SKIPPED reason=blocked
89450.441 [0] DBG_ANCHOR_CH5_SCAN_RESCHED ret=1 delay=5
89450.473 [0] DBG_ANCHOR_CH5_SCAN_HANDLER role=2
89450.473 [0] DBG_SCAN_SKIPPED reason=blocked
89450.473 [0] DBG_ANCHOR_CH5_SCAN_HANDLER role=2
89450.473 [0] DBG_ANCHOR_CH5_SCAN_BLOCKED win=0 tx=0 retry_gap=0 flood=1 wait=0 rx=0 rxq=0 rxr=0 ack=0 ch9=0 rf=0 retry=5 interval=380
89450.473 [0] DBG_SCAN_SKIPPED reason=blocked
89450.473 [0] DBG_ANCHOR_CH5_SCAN_RESCHED ret=1 delay=5
89450.473 [0] DBG_ANCHOR_CH5_SCAN_HANDLER role=2
89450.473 [0] DBG_ANCHOR_CH5_SCAN_BLOCKED win=0 tx=0 retry_gap=0 flood=1 wait=0 rx=0 rxq=0 rxr=0 ack=0 ch9=0 rf=0 retry=5 interval=380
89450.473 [0] DBG_SCAN_SKIPPED reason=blocked
89450.473 [0] DBG_ANCHOR_CH5_SCAN_RESCHED ret=1 delay=5
89450.473 [0] DBG_ANCHOR_CH5_SCAN_HANDLER role=2
89450.473 [0] DBG_ANCHOR_CH5_SCAN_BLOCKED win=0 tx=0 retry_gap=0 flood=1 wait=0 rx=0 rxq=0 rxr=0 ack=0 ch9=0 rf=0 retry=5 interval=380
89450.473 [0] DBG_SCAN_SKIPPED reason=blocked
89450.473 [0] DBG_ANCHOR_CH5_SCAN_RESCHED ret=1 delay=5
89450.473 [0] DBG_ANCHOR_CH5_SCAN_HANDLER role=2
89450.473 [0] DBG_ANCHOR_CH5_SCAN_BLOCKED win=0 tx=0 retry_gap=0 flood=1 wait=0 rx=0 rxq=0 rxr=0 ack=0 ch9=0 rf=0 retry=5 interval=380
89450.473 [0] DBG_SCAN_SKIPPED reason=blocked
89450.473 [0] DBG_ANCHOR_CH5_SCAN_RESCHED ret=1 delay=5
89450.504 [0] DBG_ANCHOR_CH5_SCAN_HANDLER role=2
89450.504 [0] DBG_ANCHOR_CH5_SCAN_HANDLER role=2
89450.504 [0] DBG_ANCHOR_CH5_SCAN_BLOCKED win=0 tx=0 retry_gap=0 flood=1 wait=0 rx=0 rxq=0 rxr=0 ack=0 ch9=0 rf=0 retry=5 interval=380
89450.504 [0] DBG_SCAN_SKIPPED reason=blocked
89450.504 [0] DBG_ANCHOR_CH5_SCAN_RESCHED ret=1 delay=5
89450.504 [0] DBG_ANCHOR_CH5_SCAN_HANDLER role=2
89450.504 [0] DBG_ANCHOR_CH5_SCAN_BLOCKED win=0 tx=0 retry_gap=0 flood=1 wait=0 rx=0 rxq=0 rxr=0 ack=0 ch9=0 rf=0 retry=5 interval=380
89450.504 [0] DBG_SCAN_SKIPPED reason=blocked
89450.504 [0] DBG_ANCHOR_CH5_SCAN_RESCHED ret=1 delay=5
89450.504 [0] DBG_ANCHOR_CH5_SCAN_HANDLER role=2
89450.504 [0] DBG_ANCHOR_CH5_SCAN_BLOCKED win=0 tx=0 retry_gap=0 flood=1 wait=0 rx=0 rxq=0 rxr=0 ack=0 ch9=0 rf=0 retry=5 interval=380
89450.504 [0] DBG_SCAN_SKIPPED reason=blocked
89450.504 [0] DBG_ANCHOR_CH5_SCAN_RESCHED ret=1 delay=5
89450.504 [0] DBG_ANCHOR_CH5_SCAN_HANDLER role=2
89450.504 [0] DBG_ANCHOR_CH5_SCAN_BLOCKED win=0 tx=0 retry_gap=0 flood=1 wait=0 rx=0 rxq=0 rxr=0 ack=0 ch9=0 rf=0 retry=5 interval=380
89450.504 [0] DBG_SCAN_SKIPPED reason=blocked
89450.504 [0] DBG_ANCHOR_CH5_SCAN_RESCHED ret=1 delay=5
89450.537 [0] DBG_ANCHOR_CH5_SCAN_HANDLER role=2
89450.537 [0] DBG_SCAN_SKIPPED reason=blocked
89450.537 [0] DBG_ANCHOR_CH5_SCAN_HANDLER role=2
89450.537 [0] DBG_ANCHOR_CH5_SCAN_BLOCKED win=0 tx=0 retry_gap=0 flood=1 wait=0 rx=0 rxq=0 rxr=0 ack=0 ch9=0 rf=0 retry=5 interval=380
89450.537 [0] DBG_SCAN_SKIPPED reason=blocked
89450.537 [0] DBG_ANCHOR_CH5_SCAN_RESCHED ret=1 delay=5
89450.537 [0] DBG_ANCHOR_CH5_SCAN_HANDLER role=2
89450.537 [0] DBG_ANCHOR_CH5_SCAN_BLOCKED win=0 tx=0 retry_gap=0 flood=1 wait=0 rx=0 rxq=0 rxr=0 ack=0 ch9=0 rf=0 retry=5 interval=380
89450.537 [0] DBG_SCAN_SKIPPED reason=blocked
89450.537 [0] DBG_ANCHOR_CH5_SCAN_RESCHED ret=1 delay=5
89450.537 [0] DBG_ANCHOR_CH5_SCAN_HANDLER role=2
89450.537 [0] DBG_ANCHOR_CH5_SCAN_BLOCKED win=0 tx=0 retry_gap=0 flood=1 wait=0 rx=0 rxq=0 rxr=0 ack=0 ch9=0 rf=0 retry=5 interval=380
89450.537 [0] DBG_SCAN_SKIPPED reason=blocked
89450.537 [0] DBG_ANCHOR_CH5_SCAN_RESCHED ret=1 delay=5
89450.537 [0] DBG_ANCHOR_CH5_SCAN_HANDLER role=2
89450.537 [0] DBG_ANCHOR_CH5_SCAN_BLOCKED win=0 tx=0 retry_gap=0 flood=1 wait=0 rx=0 rxq=0 rxr=0 ack=0 ch9=0 rf=0 retry=5 interval=380
89450.537 [0] DBG_SCAN_SKIPPED reason=blocked
89450.537 [0] DBG_ANCHOR_CH5_SCAN_RESCHED ret=1 delay=5
89450.567 [0] DBG_ANCHOR_CH5_SCAN_HANDLER role=2
89450.567 [0] DBG_ANCHOR_CH5_SCAN_HANDLER role=2
89450.567 [0] DBG_ANCHOR_CH5_SCAN_BLOCKED win=0 tx=0 retry_gap=0 flood=1 wait=0 rx=0 rxq=0 rxr=0 ack=0 ch9=0 rf=0 retry=5 interval=380
89450.567 [0] DBG_SCAN_SKIPPED reason=blocked
89450.567 [0] DBG_ANCHOR_CH5_SCAN_RESCHED ret=1 delay=5
89450.567 [0] DBG_ANCHOR_CH5_SCAN_HANDLER role=2
89450.567 [0] DBG_ANCHOR_CH5_SCAN_BLOCKED win=0 tx=0 retry_gap=0 flood=1 wait=0 rx=0 rxq=0 rxr=0 ack=0 ch9=0 rf=0 retry=5 interval=380
89450.567 [0] DBG_SCAN_SKIPPED reason=blocked
89450.567 [0] DBG_ANCHOR_CH5_SCAN_RESCHED ret=1 delay=5
89450.567 [0] DBG_ANCHOR_CH5_SCAN_HANDLER role=2
89450.567 [0] DBG_ANCHOR_CH5_SCAN_BLOCKED win=0 tx=0 retry_gap=0 flood=1 wait=0 rx=0 rxq=0 rxr=0 ack=0 ch9=0 rf=0 retry=5 interval=380
89450.567 [0] DBG_SCAN_SKIPPED reason=blocked
89450.567 [0] DBG_ANCHOR_CH5_SCAN_RESCHED ret=1 delay=5
89450.567 [0] DBG_ANCHOR_CH5_SCAN_HANDLER role=2
89450.567 [0] DBG_ANCHOR_CH5_SCAN_BLOCKED win=0 tx=0 retry_gap=0 flood=1 wait=0 rx=0 rxq=0 rxr=0 ack=0 ch9=0 rf=0 retry=5 interval=380
89450.567 [0] DBG_SCAN_SKIPPED reason=blocked
89450.567 [0] DBG_ANCHOR_CH5_SCAN_RESCHED ret=1 delay=5
89450.599 [0] DBG_ANCHOR_CH5_SCAN_HANDLER role=2
89450.599 [0] DBG_SCAN_SKIPPED reason=blocked
89450.599 [0] DBG_ANCHOR_CH5_SCAN_HANDLER role=2
89450.599 [0] DBG_ANCHOR_CH5_SCAN_BLOCKED win=0 tx=0 retry_gap=0 flood=1 wait=0 rx=0 rxq=0 rxr=0 ack=0 ch9=0 rf=0 retry=5 interval=380
89450.599 [0] DBG_SCAN_SKIPPED reason=blocked
89450.599 [0] DBG_ANCHOR_CH5_SCAN_RESCHED ret=1 delay=5
89450.599 [0] DBG_ANCHOR_CH5_SCAN_HANDLER role=2
89450.599 [0] DBG_ANCHOR_CH5_SCAN_BLOCKED win=0 tx=0 retry_gap=0 flood=1 wait=0 rx=0 rxq=0 rxr=0 ack=0 ch9=0 rf=0 retry=5 interval=380
89450.599 [0] DBG_SCAN_SKIPPED reason=blocked
89450.599 [0] DBG_ANCHOR_CH5_SCAN_RESCHED ret=1 delay=5
89450.599 [0] DBG_ANCHOR_CH5_SCAN_HANDLER role=2
89450.599 [0] DBG_ANCHOR_CH5_SCAN_BLOCKED win=0 tx=0 retry_gap=0 flood=1 wait=0 rx=0 rxq=0 rxr=0 ack=0 ch9=0 rf=0 retry=5 interval=380
89450.599 [0] DBG_SCAN_SKIPPED reason=blocked
89450.599 [0] DBG_ANCHOR_CH5_SCAN_RESCHED ret=1 delay=5
89450.599 [0] DBG_ANCHOR_CH5_SCAN_HANDLER role=2
89450.599 [0] DBG_ANCHOR_CH5_SCAN_BLOCKED win=0 tx=0 retry_gap=0 flood=1 wait=0 rx=0 rxq=0 rxr=0 ack=0 ch9=0 rf=0 retry=5 interval=380
89450.599 [0] DBG_SCAN_SKIPPED reason=blocked
89450.599 [0] DBG_ANCHOR_CH5_SCAN_RESCHED ret=1 delay=5
89450.630 [0] DBG_ANCHOR_CH5_SCAN_HANDLER role=2
89450.630 [0] DBG_ANCHOR_CH5_SCAN_HANDLER role=2
89450.630 [0] DBG_ANCHOR_CH5_SCAN_BLOCKED win=0 tx=0 retry_gap=0 flood=1 wait=0 rx=0 rxq=0 rxr=0 ack=0 ch9=0 rf=0 retry=5 interval=380
89450.630 [0] DBG_SCAN_SKIPPED reason=blocked
89450.630 [0] DBG_ANCHOR_CH5_SCAN_RESCHED ret=1 delay=5
89450.630 [0] DBG_ANCHOR_CH5_SCAN_HANDLER role=2
89450.630 [0] DBG_ANCHOR_CH5_SCAN_BLOCKED win=0 tx=0 retry_gap=0 flood=1 wait=0 rx=0 rxq=0 rxr=0 ack=0 ch9=0 rf=0 retry=5 interval=380
89450.630 [0] DBG_SCAN_SKIPPED reason=blocked
89450.630 [0] DBG_ANCHOR_CH5_SCAN_RESCHED ret=1 delay=5
89450.630 [0] DBG_ANCHOR_CH5_SCAN_HANDLER role=2
89450.630 [0] DBG_ANCHOR_CH5_SCAN_BLOCKED win=0 tx=0 retry_gap=0 flood=1 wait=0 rx=0 rxq=0 rxr=0 ack=0 ch9=0 rf=0 retry=5 interval=380
89450.630 [0] DBG_SCAN_SKIPPED reason=blocked
89450.630 [0] DBG_ANCHOR_CH5_SCAN_RESCHED ret=1 delay=5
89450.630 [0] DBG_ANCHOR_CH5_SCAN_HANDLER role=2
89450.630 [0] DBG_ANCHOR_CH5_SCAN_BLOCKED win=0 tx=0 retry_gap=0 flood=1 wait=0 rx=0 rxq=0 rxr=0 ack=0 ch9=0 rf=0 retry=5 interval=380
89450.630 [0] DBG_SCAN_SKIPPED reason=blocked
89450.630 [0] DBG_ANCHOR_CH5_SCAN_RESCHED ret=1 delay=5
89450.661 [0] DBG_ANCHOR_CH5_SCAN_HANDLER role=2
89450.661 [0] DBG_SCAN_SKIPPED reason=blocked
89450.661 [0] DBG_ANCHOR_CH5_SCAN_HANDLER role=2
89450.661 [0] DBG_ANCHOR_CH5_SCAN_BLOCKED win=0 tx=0 retry_gap=0 flood=1 wait=0 rx=0 rxq=0 rxr=0 ack=0 ch9=0 rf=0 retry=5 interval=380
89450.661 [0] DBG_SCAN_SKIPPED reason=blocked
89450.661 [0] DBG_ANCHOR_CH5_SCAN_RESCHED ret=1 delay=5
89450.661 [0] DBG_ANCHOR_CH5_SCAN_HANDLER role=2
89450.661 [0] DBG_ANCHOR_CH5_SCAN_BLOCKED win=0 tx=0 retry_gap=0 flood=1 wait=0 rx=0 rxq=0 rxr=0 ack=0 ch9=0 rf=0 retry=5 interval=380
89450.661 [0] DBG_SCAN_SKIPPED reason=blocked
89450.661 [0] DBG_ANCHOR_CH5_SCAN_RESCHED ret=1 delay=5
89450.661 [0] DBG_ANCHOR_CH5_SCAN_HANDLER role=2
89450.661 [0] DBG_ANCHOR_CH5_SCAN_BLOCKED win=0 tx=0 retry_gap=0 flood=1 wait=0 rx=0 rxq=0 rxr=0 ack=0 ch9=0 rf=0 retry=5 interval=380
89450.661 [0] DBG_SCAN_SKIPPED reason=blocked
89450.661 [0] DBG_ANCHOR_CH5_SCAN_RESCHED ret=1 delay=5
89450.661 [0] DBG_ANCHOR_CH5_SCAN_HANDLER role=2
89450.661 [0] DBG_ANCHOR_CH5_SCAN_BLOCKED win=0 tx=0 retry_gap=0 flood=1 wait=0 rx=0 rxq=0 rxr=0 ack=0 ch9=0 rf=0 retry=5 interval=380
89450.661 [0] DBG_SCAN_SKIPPED reason=blocked
89450.661 [0] DBG_ANCHOR_CH5_SCAN_RESCHED ret=1 delay=5
89450.693 [0] DBG_ANCHOR_CH5_SCAN_HANDLER role=2
89450.693 [0] DBG_ANCHOR_CH5_SCAN_HANDLER role=2
89450.693 [0] DBG_ANCHOR_CH5_SCAN_BLOCKED win=0 tx=0 retry_gap=0 flood=1 wait=0 rx=0 rxq=0 rxr=0 ack=0 ch9=0 rf=0 retry=5 interval=380
89450.693 [0] DBG_SCAN_SKIPPED reason=blocked
89450.693 [0] DBG_ANCHOR_CH5_SCAN_RESCHED ret=1 delay=5
89450.693 [0] DBG_ANCHOR_CH5_SCAN_HANDLER role=2
89450.693 [0] DBG_ANCHOR_CH5_SCAN_BLOCKED win=0 tx=0 retry_gap=0 flood=1 wait=0 rx=0 rxq=0 rxr=0 ack=0 ch9=0 rf=0 retry=5 interval=380
89450.693 [0] DBG_SCAN_SKIPPED reason=blocked
89450.693 [0] DBG_ANCHOR_CH5_SCAN_RESCHED ret=1 delay=5
89450.693 [0] DBG_ANCHOR_CH5_SCAN_HANDLER role=2
89450.693 [0] DBG_ANCHOR_CH5_SCAN_BLOCKED win=0 tx=0 retry_gap=0 flood=1 wait=0 rx=0 rxq=0 rxr=0 ack=0 ch9=0 rf=0 retry=5 interval=380
89450.693 [0] DBG_SCAN_SKIPPED reason=blocked
89450.693 [0] DBG_ANCHOR_CH5_SCAN_RESCHED ret=1 delay=5
89450.693 [0] DBG_ANCHOR_CH5_SCAN_HANDLER role=2
89450.693 [0] DBG_ANCHOR_CH5_SCAN_BLOCKED win=0 tx=0 retry_gap=0 flood=1 wait=0 rx=0 rxq=0 rxr=0 ack=0 ch9=0 rf=0 retry=5 interval=380
89450.693 [0] DBG_SCAN_SKIPPED reason=blocked
89450.693 [0] DBG_ANCHOR_CH5_SCAN_RESCHED ret=1 delay=5
89450.725 [0] DBG_ANCHOR_CH5_SCAN_HANDLER role=2
89450.725 [0] DBG_SCAN_SKIPPED reason=blocked
89450.725 [0] DBG_ANCHOR_CH5_SCAN_HANDLER role=2
89450.725 [0] DBG_ANCHOR_CH5_SCAN_BLOCKED win=0 tx=0 retry_gap=0 flood=1 wait=0 rx=0 rxq=0 rxr=0 ack=0 ch9=0 rf=0 retry=5 interval=380
89450.725 [0] DBG_SCAN_SKIPPED reason=blocked
89450.725 [0] DBG_ANCHOR_CH5_SCAN_RESCHED ret=1 delay=5
89450.725 [0] DBG_ANCHOR_CH5_SCAN_HANDLER role=2
89450.725 [0] DBG_ANCHOR_CH5_SCAN_BLOCKED win=0 tx=0 retry_gap=0 flood=1 wait=0 rx=0 rxq=0 rxr=0 ack=0 ch9=0 rf=0 retry=5 interval=380
89450.725 [0] DBG_SCAN_SKIPPED reason=blocked
89450.725 [0] DBG_ANCHOR_CH5_SCAN_RESCHED ret=1 delay=5
89450.725 [0] DBG_ANCHOR_CH5_SCAN_HANDLER role=2
89450.725 [0] DBG_ANCHOR_CH5_SCAN_BLOCKED win=0 tx=0 retry_gap=0 flood=1 wait=0 rx=0 rxq=0 rxr=0 ack=0 ch9=0 rf=0 retry=5 interval=380
89450.725 [0] DBG_SCAN_SKIPPED reason=blocked
89450.725 [0] DBG_ANCHOR_CH5_SCAN_RESCHED ret=1 delay=5
89450.725 [0] DBG_ANCHOR_CH5_SCAN_HANDLER role=2
89450.725 [0] DBG_ANCHOR_CH5_SCAN_BLOCKED win=0 tx=0 retry_gap=0 flood=1 wait=0 rx=0 rxq=0 rxr=0 ack=0 ch9=0 rf=0 retry=5 interval=380
89450.725 [0] DBG_SCAN_SKIPPED reason=blocked
89450.725 [0] DBG_ANCHOR_CH5_SCAN_RESCHED ret=1 delay=5
89450.725 [0] DBG_ANCHOR_CH5_SCAN_HANDLER role=2
89450.756 [0] DBG_ANCHOR_CH5_SCAN_HANDLER role=2
89450.756 [0] DBG_ANCHOR_CH5_SCAN_BLOCKED win=0 tx=0 retry_gap=0 flood=1 wait=0 rx=0 rxq=0 rxr=0 ack=0 ch9=0 rf=0 retry=5 interval=380
89450.756 [0] DBG_SCAN_SKIPPED reason=blocked
89450.756 [0] DBG_ANCHOR_CH5_SCAN_RESCHED ret=1 delay=5
89450.756 [0] DBG_ANCHOR_CH5_SCAN_HANDLER role=2
89450.756 [0] DBG_ANCHOR_CH5_SCAN_BLOCKED win=0 tx=0 retry_gap=0 flood=1 wait=0 rx=0 rxq=0 rxr=0 ack=0 ch9=0 rf=0 retry=5 interval=380
89450.756 [0] DBG_SCAN_SKIPPED reason=blocked
89450.756 [0] DBG_ANCHOR_CH5_SCAN_RESCHED ret=1 delay=5
89450.756 [0] DBG_ANCHOR_CH5_SCAN_HANDLER role=2
89450.756 [0] DBG_ANCHOR_CH5_SCAN_BLOCKED win=0 tx=0 retry_gap=0 flood=1 wait=0 rx=0 rxq=0 rxr=0 ack=0 ch9=0 rf=0 retry=5 interval=380
89450.756 [0] DBG_SCAN_SKIPPED reason=blocked
89450.756 [0] DBG_ANCHOR_CH5_SCAN_RESCHED ret=1 delay=5
89450.756 [0] DBG_ANCHOR_CH5_SCAN_HANDLER role=2
89450.756 [0] DBG_ANCHOR_CH5_SCAN_BLOCKED win=0 tx=0 retry_gap=0 flood=1 wait=0 rx=0 rxq=0 rxr=0 ack=0 ch9=0 rf=1 retry=20 interval=380
89450.756 [0] DBG_SCAN_SKIPPED reason=blocked
89450.756 [0] DBG_ANCHOR_CH5_SCAN_RESCHED ret=1 delay=20
89450.796 [0] DBG_DWM_WAKE_MESH_CTRL_OK sfd=1033
89450.796 [0] DBG_MESH_TX_AGE msg=3c seq=34 age=17114 enc=32487 rf=32488 gap=1 air=3
89450.796 [0] DBG_MESH_TX_STAGE stage=start msg=3c seq=34 ch=5 seen=1 at=32488
89450.796 [0] DBG_MESH_TX_STAGE stage=complete msg=3c seq=34 ch=5 seen=1 at=32491 ret=0
89450.796 [0] DBG_MESH_TX_STAGE stage=park msg=3c seq=34 ch=5 park_ret=0 release_ret=0
89450.796 [0] DBG_UWB_TX_CH5
89450.796 [0] DBG_C5_FLOOD_WAIT now=32493 wake=33027 first=33027 msg=3c attempt=3/3 reason=gateway-route-adv-forward
89450.796 [0] DBG_ANCHOR_CH5_SCAN_HANDLER role=2
89450.796 [0] DBG_ANCHOR_CH5_SCAN_BLOCKED win=0 tx=0 retry_gap=0 flood=1 wait=0 rx=0 rxq=0 rxr=0 ack=0 ch9=0 rf=0 retry=5 interval=380
89450.796 [0] DBG_SCAN_SKIPPED reason=blocked
89450.796 [0] DBG_ANCHOR_CH5_SCAN_RESCHED ret=1 delay=5
89450.796 [0] DBG_ANCHOR_CH5_SCAN_HANDLER role=2
89450.796 [0] DBG_ANCHOR_CH5_SCAN_BLOCKED win=0 tx=0 retry_gap=0 flood=1 wait=0 rx=0 rxq=0 rxr=0 ack=0 ch9=0 rf=0 retry=5 interval=380
89450.796 [0] DBG_SCAN_SKIPPED reason=blocked
89450.796 [0] DBG_ANCHOR_CH5_SCAN_RESCHED ret=1 delay=5
89450.796 [0] DBG_ANCHOR_CH5_SCAN_HANDLER role=2
89450.796 [0] DBG_SCAN_SKIPPED reason=blocked
89450.796 [0] DBG_ANCHOR_CH5_SCAN_RESCHED ret=1 delay=5
89450.828 [0] DBG_ANCHOR_CH5_SCAN_HANDLER role=2
89450.828 [0] DBG_ANCHOR_CH5_SCAN_BLOCKED win=0 tx=0 retry_gap=0 flood=1 wait=0 rx=0 rxq=0 rxr=0 ack=0 ch9=0 rf=0 retry=5 interval=380
89450.828 [0] DBG_SCAN_SKIPPED reason=blocked
89450.828 [0] DBG_ANCHOR_CH5_SCAN_RESCHED ret=1 delay=5
89450.828 [0] DBG_ANCHOR_CH5_SCAN_HANDLER role=2
89450.828 [0] DBG_ANCHOR_CH5_SCAN_BLOCKED win=0 tx=0 retry_gap=0 flood=1 wait=0 rx=0 rxq=0 rxr=0 ack=0 ch9=0 rf=0 retry=5 interval=380
89450.828 [0] DBG_SCAN_SKIPPED reason=blocked
89450.828 [0] DBG_ANCHOR_CH5_SCAN_RESCHED ret=1 delay=5
89450.828 [0] DBG_ANCHOR_CH5_SCAN_HANDLER role=2
89450.828 [0] DBG_ANCHOR_CH5_SCAN_BLOCKED win=0 tx=0 retry_gap=0 flood=1 wait=0 rx=0 rxq=0 rxr=0 ack=0 ch9=0 rf=0 retry=5 interval=380
89450.828 [0] DBG_SCAN_SKIPPED reason=blocked
89450.828 [0] DBG_ANCHOR_CH5_SCAN_RESCHED ret=1 delay=5
89450.828 [0] DBG_ANCHOR_CH5_SCAN_HANDLER role=2
89450.828 [0] DBG_ANCHOR_CH5_SCAN_BLOCKED win=0 tx=0 retry_gap=0 flood=1 wait=0 rx=0 rxq=0 rxr=0 ack=0 ch9=0 rf=0 retry=5 interval=380
89450.828 [0] DBG_SCAN_SKIPPED reason=blocked
89450.828 [0] DBG_ANCHOR_CH5_SCAN_RESCHED ret=1 delay=5
89450.862 [0] DBG_ANCHOR_CH5_SCAN_HANDLER role=2
89450.862 [0] DBG_SCAN_SKIPPED reason=blocked
89450.862 [0] DBG_ANCHOR_CH5_SCAN_HANDLER role=2
89450.862 [0] DBG_ANCHOR_CH5_SCAN_HANDLER role=2
89450.862 [0] DBG_ANCHOR_CH5_SCAN_BLOCKED win=0 tx=0 retry_gap=0 flood=1 wait=0 rx=0 rxq=0 rxr=0 ack=0 ch9=0 rf=0 retry=5 interval=380
89450.862 [0] DBG_SCAN_SKIPPED reason=blocked
89450.862 [0] DBG_ANCHOR_CH5_SCAN_RESCHED ret=1 delay=5
89450.862 [0] DBG_ANCHOR_CH5_SCAN_HANDLER role=2
89450.862 [0] DBG_ANCHOR_CH5_SCAN_BLOCKED win=0 tx=0 retry_gap=0 flood=1 wait=0 rx=0 rxq=0 rxr=0 ack=0 ch9=0 rf=0 retry=5 interval=380
89450.862 [0] DBG_SCAN_SKIPPED reason=blocked
89450.862 [0] DBG_ANCHOR_CH5_SCAN_RESCHED ret=1 delay=5
89450.862 [0] DBG_ANCHOR_CH5_SCAN_HANDLER role=2
89450.862 [0] DBG_ANCHOR_CH5_SCAN_BLOCKED win=0 tx=0 retry_gap=0 flood=1 wait=0 rx=0 rxq=0 rxr=0 ack=0 ch9=0 rf=0 retry=5 interval=380
89450.862 [0] DBG_SCAN_SKIPPED reason=blocked
89450.862 [0] DBG_ANCHOR_CH5_SCAN_RESCHED ret=1 delay=5
89450.862 [0] DBG_ANCHOR_CH5_SCAN_HANDLER role=2
89450.862 [0] DBG_ANCHOR_CH5_SCAN_BLOCKED win=0 tx=0 retry_gap=0 flood=1 wait=0 rx=0 rxq=0 rxr=0 ack=0 ch9=0 rf=0 retry=5 interval=380
89450.862 [0] DBG_SCAN_SKIPPED reason=blocked
89450.862 [0] DBG_ANCHOR_CH5_SCAN_RESCHED ret=1 delay=5
89450.894 [0] DBG_ANCHOR_CH5_SCAN_BLOCKED win=0 tx=0 retry_gap=0 flood=1 wait=0 rx=0 rxq=0 rxr=0 ack=0 ch9=0 rf=0 retry=5 interval=380
89450.894 [0] DBG_SCAN_SKIPPED reason=blocked
89450.894 [0] DBG_ANCHOR_CH5_SCAN_RESCHED ret=1 delay=5
89450.894 [0] DBG_ANCHOR_CH5_SCAN_HANDLER role=2
89450.894 [0] DBG_ANCHOR_CH5_SCAN_BLOCKED win=0 tx=0 retry_gap=0 flood=1 wait=0 rx=0 rxq=0 rxr=0 ack=0 ch9=0 rf=0 retry=5 interval=380
89450.894 [0] DBG_SCAN_SKIPPED reason=blocked
89450.894 [0] DBG_ANCHOR_CH5_SCAN_RESCHED ret=1 delay=5
89450.894 [0] DBG_ANCHOR_CH5_SCAN_HANDLER role=2
89450.894 [0] DBG_ANCHOR_CH5_SCAN_BLOCKED win=0 tx=0 retry_gap=0 flood=1 wait=0 rx=0 rxq=0 rxr=0 ack=0 ch9=0 rf=0 retry=5 interval=380
89450.894 [0] DBG_SCAN_SKIPPED reason=blocked
89450.894 [0] DBG_ANCHOR_CH5_SCAN_RESCHED ret=1 delay=5
89450.894 [0] DBG_ANCHOR_CH5_SCAN_HANDLER role=2
89450.894 [0] DBG_ANCHOR_CH5_SCAN_BLOCKED win=0 tx=0 retry_gap=0 flood=1 wait=0 rx=0 rxq=0 rxr=0 ack=0 ch9=0 rf=0 retry=5 interval=380
89450.894 [0] DBG_SCAN_SKIPPED reason=blocked
89450.894 [0] DBG_ANCHOR_CH5_SCAN_RESCHED ret=1 delay=5
89450.894 [0] DBG_ANCHOR_CH5_SCAN_HANDLER role=2
89450.894 [0] DBG_SCAN_SKIPPED reason=blocked
89450.894 [0] DBG_ANCHOR_CH5_SCAN_RESCHED ret=1 delay=5
89450.926 [0] DBG_ANCHOR_CH5_SCAN_HANDLER role=2
89450.926 [0] DBG_ANCHOR_CH5_SCAN_BLOCKED win=0 tx=0 retry_gap=0 flood=1 wait=0 rx=0 rxq=0 rxr=0 ack=0 ch9=0 rf=0 retry=5 interval=380
89450.926 [0] DBG_SCAN_SKIPPED reason=blocked
89450.926 [0] DBG_ANCHOR_CH5_SCAN_RESCHED ret=1 delay=5
89450.926 [0] DBG_ANCHOR_CH5_SCAN_HANDLER role=2
89450.926 [0] DBG_ANCHOR_CH5_SCAN_BLOCKED win=0 tx=0 retry_gap=0 flood=1 wait=0 rx=0 rxq=0 rxr=0 ack=0 ch9=0 rf=0 retry=5 interval=380
89450.926 [0] DBG_SCAN_SKIPPED reason=blocked
89450.926 [0] DBG_ANCHOR_CH5_SCAN_RESCHED ret=1 delay=5
89450.926 [0] DBG_ANCHOR_CH5_SCAN_HANDLER role=2
89450.926 [0] DBG_ANCHOR_CH5_SCAN_BLOCKED win=0 tx=0 retry_gap=0 flood=1 wait=0 rx=0 rxq=0 rxr=0 ack=0 ch9=0 rf=0 retry=5 interval=380
89450.926 [0] DBG_SCAN_SKIPPED reason=blocked
89450.926 [0] DBG_ANCHOR_CH5_SCAN_RESCHED ret=1 delay=5
89450.926 [0] DBG_ANCHOR_CH5_SCAN_HANDLER role=2
89450.926 [0] DBG_ANCHOR_CH5_SCAN_BLOCKED win=0 tx=0 retry_gap=0 flood=1 wait=0 rx=0 rxq=0 rxr=0 ack=0 ch9=0 rf=0 retry=5 interval=380
89450.926 [0] DBG_SCAN_SKIPPED reason=blocked
89450.926 [0] DBG_ANCHOR_CH5_SCAN_RESCHED ret=1 delay=5
89450.958 [0] DBG_ANCHOR_CH5_SCAN_HANDLER role=2
89450.958 [0] DBG_SCAN_SKIPPED reason=blocked
89450.958 [0] DBG_ANCHOR_CH5_SCAN_HANDLER role=2
89450.958 [0] DBG_ANCHOR_CH5_SCAN_HANDLER role=2
89450.958 [0] DBG_ANCHOR_CH5_SCAN_BLOCKED win=0 tx=0 retry_gap=0 flood=1 wait=0 rx=0 rxq=0 rxr=0 ack=0 ch9=0 rf=0 retry=5 interval=380
89450.958 [0] DBG_SCAN_SKIPPED reason=blocked
89450.958 [0] DBG_ANCHOR_CH5_SCAN_RESCHED ret=1 delay=5
89450.958 [0] DBG_ANCHOR_CH5_SCAN_HANDLER role=2
89450.958 [0] DBG_ANCHOR_CH5_SCAN_BLOCKED win=0 tx=0 retry_gap=0 flood=1 wait=0 rx=0 rxq=0 rxr=0 ack=0 ch9=0 rf=0 retry=5 interval=380
89450.958 [0] DBG_SCAN_SKIPPED reason=blocked
89450.958 [0] DBG_ANCHOR_CH5_SCAN_RESCHED ret=1 delay=5
89450.958 [0] DBG_ANCHOR_CH5_SCAN_HANDLER role=2
89450.958 [0] DBG_ANCHOR_CH5_SCAN_BLOCKED win=0 tx=0 retry_gap=0 flood=1 wait=0 rx=0 rxq=0 rxr=0 ack=0 ch9=0 rf=0 retry=5 interval=380
89450.958 [0] DBG_SCAN_SKIPPED reason=blocked
89450.958 [0] DBG_ANCHOR_CH5_SCAN_RESCHED ret=1 delay=5
89450.958 [0] DBG_ANCHOR_CH5_SCAN_HANDLER role=2
89450.958 [0] DBG_ANCHOR_CH5_SCAN_BLOCKED win=0 tx=0 retry_gap=0 flood=1 wait=0 rx=0 rxq=0 rxr=0 ack=0 ch9=0 rf=0 retry=5 interval=380
89450.958 [0] DBG_SCAN_SKIPPED reason=blocked
89450.958 [0] DBG_ANCHOR_CH5_SCAN_RESCHED ret=1 delay=5
89450.990 [0] DBG_ANCHOR_CH5_SCAN_HANDLER role=2
89450.990 [0] DBG_ANCHOR_CH5_SCAN_BLOCKED win=0 tx=0 retry_gap=0 flood=1 wait=0 rx=0 rxq=0 rxr=0 ack=0 ch9=0 rf=0 retry=5 interval=380
89450.990 [0] DBG_SCAN_SKIPPED reason=blocked
89450.990 [0] DBG_ANCHOR_CH5_SCAN_RESCHED ret=1 delay=5
89450.990 [0] DBG_ANCHOR_CH5_SCAN_HANDLER role=2
89450.990 [0] DBG_ANCHOR_CH5_SCAN_BLOCKED win=0 tx=0 retry_gap=0 flood=1 wait=0 rx=0 rxq=0 rxr=0 ack=0 ch9=0 rf=0 retry=5 interval=380
89450.990 [0] DBG_SCAN_SKIPPED reason=blocked
89450.990 [0] DBG_ANCHOR_CH5_SCAN_RESCHED ret=1 delay=5
89450.990 [0] DBG_ANCHOR_CH5_SCAN_HANDLER role=2
89450.990 [0] DBG_ANCHOR_CH5_SCAN_BLOCKED win=0 tx=0 retry_gap=0 flood=1 wait=0 rx=0 rxq=0 rxr=0 ack=0 ch9=0 rf=0 retry=5 interval=380
89450.990 [0] DBG_SCAN_SKIPPED reason=blocked
89450.990 [0] DBG_ANCHOR_CH5_SCAN_RESCHED ret=1 delay=5
89450.990 [0] DBG_ANCHOR_CH5_SCAN_HANDLER role=2
89450.990 [0] DBG_ANCHOR_CH5_SCAN_BLOCKED win=0 tx=0 retry_gap=0 flood=1 wait=0 rx=0 rxq=0 rxr=0 ack=0 ch9=0 rf=0 retry=5 interval=380
89450.990 [0] DBG_SCAN_SKIPPED reason=blocked
89450.990 [0] DBG_ANCHOR_CH5_SCAN_RESCHED ret=1 delay=5
89451.029 [0] DBG_ANCHOR_CH5_SCAN_HANDLER role=2
89451.029 [0] DBG_SCAN_SKIPPED reason=blocked
89451.029 [0] DBG_ANCHOR_CH5_SCAN_HANDLER role=2
89451.029 [0] DBG_ANCHOR_CH5_SCAN_BLOCKED win=0 tx=0 retry_gap=0 flood=1 wait=0 rx=0 rxq=0 rxr=0 ack=0 ch9=0 rf=0 retry=5 interval=380
89451.029 [0] DBG_SCAN_SKIPPED reason=blocked
89451.029 [0] DBG_ANCHOR_CH5_SCAN_RESCHED ret=1 delay=5
89451.029 [0] DBG_ANCHOR_CH5_SCAN_HANDLER role=2
89451.029 [0] DBG_ANCHOR_CH5_SCAN_BLOCKED win=0 tx=0 retry_gap=0 flood=1 wait=0 rx=0 rxq=0 rxr=0 ack=0 ch9=0 rf=0 retry=5 interval=380
89451.029 [0] DBG_SCAN_SKIPPED reason=blocked
89451.029 [0] DBG_ANCHOR_CH5_SCAN_RESCHED ret=1 delay=5
89451.029 [0] DBG_ANCHOR_CH5_SCAN_HANDLER role=2
89451.029 [0] DBG_ANCHOR_CH5_SCAN_BLOCKED win=0 tx=0 retry_gap=0 flood=1 wait=0 rx=0 rxq=0 rxr=0 ack=0 ch9=0 rf=0 retry=5 interval=380
89451.029 [0] DBG_SCAN_SKIPPED reason=blocked
89451.029 [0] DBG_ANCHOR_CH5_SCAN_RESCHED ret=1 delay=5
89451.029 [0] DBG_ANCHOR_CH5_SCAN_HANDLER role=2
89451.029 [0] DBG_ANCHOR_CH5_SCAN_BLOCKED win=0 tx=0 retry_gap=0 flood=1 wait=0 rx=0 rxq=0 rxr=0 ack=0 ch9=0 rf=0 retry=5 interval=380
89451.029 [0] DBG_SCAN_SKIPPED reason=blocked
89451.029 [0] DBG_ANCHOR_CH5_SCAN_RESCHED ret=1 delay=5
89451.029 [0] DBG_ANCHOR_CH5_SCAN_HANDLER role=2
89451.060 [0] DBG_ANCHOR_CH5_SCAN_HANDLER role=2
89451.060 [0] DBG_ANCHOR_CH5_SCAN_BLOCKED win=0 tx=0 retry_gap=0 flood=1 wait=0 rx=0 rxq=0 rxr=0 ack=0 ch9=0 rf=0 retry=5 interval=380
89451.060 [0] DBG_SCAN_SKIPPED reason=blocked
89451.060 [0] DBG_ANCHOR_CH5_SCAN_RESCHED ret=1 delay=5
89451.060 [0] DBG_ANCHOR_CH5_SCAN_HANDLER role=2
89451.060 [0] DBG_ANCHOR_CH5_SCAN_BLOCKED win=0 tx=0 retry_gap=0 flood=1 wait=0 rx=0 rxq=0 rxr=0 ack=0 ch9=0 rf=0 retry=5 interval=380
89451.060 [0] DBG_SCAN_SKIPPED reason=blocked
89451.060 [0] DBG_ANCHOR_CH5_SCAN_RESCHED ret=1 delay=5
89451.060 [0] DBG_ANCHOR_CH5_SCAN_HANDLER role=2
89451.060 [0] DBG_ANCHOR_CH5_SCAN_BLOCKED win=0 tx=0 retry_gap=0 flood=1 wait=0 rx=0 rxq=0 rxr=0 ack=0 ch9=0 rf=0 retry=5 interval=380
89451.060 [0] DBG_SCAN_SKIPPED reason=blocked
89451.060 [0] DBG_ANCHOR_CH5_SCAN_RESCHED ret=1 delay=5
89451.060 [0] DBG_ANCHOR_CH5_SCAN_HANDLER role=2
89451.060 [0] DBG_ANCHOR_CH5_SCAN_BLOCKED win=0 tx=0 retry_gap=0 flood=1 wait=0 rx=0 rxq=0 rxr=0 ack=0 ch9=0 rf=0 retry=5 interval=380
89451.060 [0] DBG_SCAN_SKIPPED reason=blocked
89451.060 [0] DBG_ANCHOR_CH5_SCAN_RESCHED ret=1 delay=5
89451.092 [0] DBG_ANCHOR_CH5_SCAN_HANDLER role=2
89451.092 [0] DBG_SCAN_SKIPPED reason=blocked
89451.092 [0] DBG_ANCHOR_CH5_SCAN_HANDLER role=2
89451.092 [0] DBG_ANCHOR_CH5_SCAN_HANDLER role=2
89451.092 [0] DBG_ANCHOR_CH5_SCAN_BLOCKED win=0 tx=0 retry_gap=0 flood=1 wait=0 rx=0 rxq=0 rxr=0 ack=0 ch9=0 rf=0 retry=5 interval=380
89451.092 [0] DBG_SCAN_SKIPPED reason=blocked
89451.092 [0] DBG_ANCHOR_CH5_SCAN_RESCHED ret=1 delay=5
89451.092 [0] DBG_ANCHOR_CH5_SCAN_HANDLER role=2
89451.092 [0] DBG_ANCHOR_CH5_SCAN_BLOCKED win=0 tx=0 retry_gap=0 flood=1 wait=0 rx=0 rxq=0 rxr=0 ack=0 ch9=0 rf=0 retry=5 interval=380
89451.092 [0] DBG_SCAN_SKIPPED reason=blocked
89451.092 [0] DBG_ANCHOR_CH5_SCAN_RESCHED ret=1 delay=5
89451.092 [0] DBG_ANCHOR_CH5_SCAN_HANDLER role=2
89451.092 [0] DBG_ANCHOR_CH5_SCAN_BLOCKED win=0 tx=0 retry_gap=0 flood=1 wait=0 rx=0 rxq=0 rxr=0 ack=0 ch9=0 rf=0 retry=5 interval=380
89451.092 [0] DBG_SCAN_SKIPPED reason=blocked
89451.092 [0] DBG_ANCHOR_CH5_SCAN_RESCHED ret=1 delay=5
89451.092 [0] DBG_ANCHOR_CH5_SCAN_HANDLER role=2
89451.092 [0] DBG_ANCHOR_CH5_SCAN_BLOCKED win=0 tx=0 retry_gap=0 flood=1 wait=0 rx=0 rxq=0 rxr=0 ack=0 ch9=0 rf=0 retry=5 interval=380
89451.092 [0] DBG_SCAN_SKIPPED reason=blocked
89451.092 [0] DBG_ANCHOR_CH5_SCAN_RESCHED ret=1 delay=5
89451.124 [0] DBG_ANCHOR_CH5_SCAN_BLOCKED win=0 tx=0 retry_gap=0 flood=1 wait=0 rx=0 rxq=0 rxr=0 ack=0 ch9=0 rf=0 retry=5 interval=380
89451.124 [0] DBG_SCAN_SKIPPED reason=blocked
89451.124 [0] DBG_ANCHOR_CH5_SCAN_RESCHED ret=1 delay=5
89451.124 [0] DBG_ANCHOR_CH5_SCAN_HANDLER role=2
89451.124 [0] DBG_ANCHOR_CH5_SCAN_BLOCKED win=0 tx=0 retry_gap=0 flood=1 wait=0 rx=0 rxq=0 rxr=0 ack=0 ch9=0 rf=0 retry=5 interval=380
89451.124 [0] DBG_SCAN_SKIPPED reason=blocked
89451.124 [0] DBG_ANCHOR_CH5_SCAN_RESCHED ret=1 delay=5
89451.124 [0] DBG_ANCHOR_CH5_SCAN_HANDLER role=2
89451.124 [0] DBG_ANCHOR_CH5_SCAN_BLOCKED win=0 tx=0 retry_gap=0 flood=1 wait=0 rx=0 rxq=0 rxr=0 ack=0 ch9=0 rf=0 retry=5 interval=380
89451.124 [0] DBG_SCAN_SKIPPED reason=blocked
89451.124 [0] DBG_ANCHOR_CH5_SCAN_RESCHED ret=1 delay=5
89451.124 [0] DBG_ANCHOR_CH5_SCAN_HANDLER role=2
89451.124 [0] DBG_ANCHOR_CH5_SCAN_BLOCKED win=0 tx=0 retry_gap=0 flood=1 wait=0 rx=0 rxq=0 rxr=0 ack=0 ch9=0 rf=0 retry=5 interval=380
89451.124 [0] DBG_SCAN_SKIPPED reason=blocked
89451.124 [0] DBG_ANCHOR_CH5_SCAN_RESCHED ret=1 delay=5
89451.124 [0] DBG_ANCHOR_CH5_SCAN_HANDLER role=2
89451.124 [0] DBG_SCAN_SKIPPED reason=blocked
89451.124 [0] DBG_ANCHOR_CH5_SCAN_RESCHED ret=1 delay=5
89451.156 [0] DBG_ANCHOR_CH5_SCAN_HANDLER role=2
89451.156 [0] DBG_ANCHOR_CH5_SCAN_BLOCKED win=0 tx=0 retry_gap=0 flood=1 wait=0 rx=0 rxq=0 rxr=0 ack=0 ch9=0 rf=0 retry=5 interval=380
89451.156 [0] DBG_SCAN_SKIPPED reason=blocked
89451.156 [0] DBG_ANCHOR_CH5_SCAN_RESCHED ret=1 delay=5
89451.156 [0] DBG_ANCHOR_CH5_SCAN_HANDLER role=2
89451.156 [0] DBG_ANCHOR_CH5_SCAN_BLOCKED win=0 tx=0 retry_gap=0 flood=1 wait=0 rx=0 rxq=0 rxr=0 ack=0 ch9=0 rf=0 retry=5 interval=380
89451.156 [0] DBG_SCAN_SKIPPED reason=blocked
89451.156 [0] DBG_ANCHOR_CH5_SCAN_RESCHED ret=1 delay=5
89451.156 [0] DBG_ANCHOR_CH5_SCAN_HANDLER role=2
89451.156 [0] DBG_ANCHOR_CH5_SCAN_BLOCKED win=0 tx=0 retry_gap=0 flood=1 wait=0 rx=0 rxq=0 rxr=0 ack=0 ch9=0 rf=0 retry=5 interval=380
89451.156 [0] DBG_SCAN_SKIPPED reason=blocked
89451.156 [0] DBG_ANCHOR_CH5_SCAN_RESCHED ret=1 delay=5
89451.156 [0] DBG_ANCHOR_CH5_SCAN_HANDLER role=2
89451.156 [0] DBG_ANCHOR_CH5_SCAN_BLOCKED win=0 tx=0 retry_gap=0 flood=1 wait=0 rx=0 rxq=0 rxr=0 ack=0 ch9=0 rf=0 retry=5 interval=380
89451.156 [0] DBG_SCAN_SKIPPED reason=blocked
89451.156 [0] DBG_ANCHOR_CH5_SCAN_RESCHED ret=1 delay=5
89451.188 [0] DBG_ANCHOR_CH5_SCAN_HANDLER role=2
89451.188 [0] DBG_SCAN_SKIPPED reason=blocked
89451.188 [0] DBG_ANCHOR_CH5_SCAN_HANDLER role=2
89451.188 [0] DBG_ANCHOR_CH5_SCAN_HANDLER role=2
89451.188 [0] DBG_ANCHOR_CH5_SCAN_BLOCKED win=0 tx=0 retry_gap=0 flood=1 wait=0 rx=0 rxq=0 rxr=0 ack=0 ch9=0 rf=0 retry=5 interval=380
89451.188 [0] DBG_SCAN_SKIPPED reason=blocked
89451.188 [0] DBG_ANCHOR_CH5_SCAN_RESCHED ret=1 delay=5
89451.188 [0] DBG_ANCHOR_CH5_SCAN_HANDLER role=2
89451.188 [0] DBG_ANCHOR_CH5_SCAN_BLOCKED win=0 tx=0 retry_gap=0 flood=1 wait=0 rx=0 rxq=0 rxr=0 ack=0 ch9=0 rf=0 retry=5 interval=380
89451.188 [0] DBG_SCAN_SKIPPED reason=blocked
89451.188 [0] DBG_ANCHOR_CH5_SCAN_RESCHED ret=1 delay=5
89451.188 [0] DBG_ANCHOR_CH5_SCAN_HANDLER role=2
89451.188 [0] DBG_ANCHOR_CH5_SCAN_BLOCKED win=0 tx=0 retry_gap=0 flood=1 wait=0 rx=0 rxq=0 rxr=0 ack=0 ch9=0 rf=0 retry=5 interval=380
89451.188 [0] DBG_SCAN_SKIPPED reason=blocked
89451.188 [0] DBG_ANCHOR_CH5_SCAN_RESCHED ret=1 delay=5
89451.188 [0] DBG_ANCHOR_CH5_SCAN_HANDLER role=2
89451.188 [0] DBG_ANCHOR_CH5_SCAN_BLOCKED win=0 tx=0 retry_gap=0 flood=1 wait=0 rx=0 rxq=0 rxr=0 ack=0 ch9=0 rf=0 retry=5 interval=380
89451.188 [0] DBG_SCAN_SKIPPED reason=blocked
89451.188 [0] DBG_ANCHOR_CH5_SCAN_RESCHED ret=1 delay=5
89451.219 [0] DBG_ANCHOR_CH5_SCAN_HANDLER role=2
89451.219 [0] DBG_ANCHOR_CH5_SCAN_BLOCKED win=0 tx=0 retry_gap=0 flood=1 wait=0 rx=0 rxq=0 rxr=0 ack=0 ch9=0 rf=0 retry=5 interval=380
89451.219 [0] DBG_SCAN_SKIPPED reason=blocked
89451.219 [0] DBG_ANCHOR_CH5_SCAN_RESCHED ret=1 delay=5
89451.219 [0] DBG_ANCHOR_CH5_SCAN_HANDLER role=2
89451.219 [0] DBG_ANCHOR_CH5_SCAN_BLOCKED win=0 tx=0 retry_gap=0 flood=1 wait=0 rx=0 rxq=0 rxr=0 ack=0 ch9=0 rf=0 retry=5 interval=380
89451.219 [0] DBG_SCAN_SKIPPED reason=blocked
89451.219 [0] DBG_ANCHOR_CH5_SCAN_RESCHED ret=1 delay=5
89451.219 [0] DBG_ANCHOR_CH5_SCAN_HANDLER role=2
89451.219 [0] DBG_ANCHOR_CH5_SCAN_BLOCKED win=0 tx=0 retry_gap=0 flood=1 wait=0 rx=0 rxq=0 rxr=0 ack=0 ch9=0 rf=0 retry=5 interval=380
89451.219 [0] DBG_SCAN_SKIPPED reason=blocked
89451.219 [0] DBG_ANCHOR_CH5_SCAN_RESCHED ret=1 delay=5
89451.219 [0] DBG_ANCHOR_CH5_SCAN_HANDLER role=2
89451.219 [0] DBG_ANCHOR_CH5_SCAN_BLOCKED win=0 tx=0 retry_gap=0 flood=1 wait=0 rx=0 rxq=0 rxr=0 ack=0 ch9=0 rf=0 retry=5 interval=380
89451.219 [0] DBG_SCAN_SKIPPED reason=blocked
89451.219 [0] DBG_ANCHOR_CH5_SCAN_RESCHED ret=1 delay=5
89451.251 [0] DBG_ANCHOR_CH5_SCAN_HANDLER role=2
89451.251 [0] DBG_SCAN_SKIPPED reason=blocked
89451.251 [0] DBG_ANCHOR_CH5_SCAN_HANDLER role=2
89451.251 [0] DBG_ANCHOR_CH5_SCAN_BLOCKED win=0 tx=0 retry_gap=0 flood=1 wait=0 rx=0 rxq=0 rxr=0 ack=0 ch9=0 rf=0 retry=5 interval=380
89451.251 [0] DBG_SCAN_SKIPPED reason=blocked
89451.251 [0] DBG_ANCHOR_CH5_SCAN_RESCHED ret=1 delay=5
89451.251 [0] DBG_ANCHOR_CH5_SCAN_HANDLER role=2
89451.251 [0] DBG_ANCHOR_CH5_SCAN_BLOCKED win=0 tx=0 retry_gap=0 flood=1 wait=0 rx=0 rxq=0 rxr=0 ack=0 ch9=0 rf=0 retry=5 interval=380
89451.251 [0] DBG_SCAN_SKIPPED reason=blocked
89451.251 [0] DBG_ANCHOR_CH5_SCAN_RESCHED ret=1 delay=5
89451.251 [0] DBG_ANCHOR_CH5_SCAN_HANDLER role=2
89451.251 [0] DBG_ANCHOR_CH5_SCAN_BLOCKED win=0 tx=0 retry_gap=0 flood=1 wait=0 rx=0 rxq=0 rxr=0 ack=0 ch9=0 rf=0 retry=5 interval=380
89451.251 [0] DBG_SCAN_SKIPPED reason=blocked
89451.251 [0] DBG_ANCHOR_CH5_SCAN_RESCHED ret=1 delay=5
89451.251 [0] DBG_ANCHOR_CH5_SCAN_HANDLER role=2
89451.251 [0] DBG_ANCHOR_CH5_SCAN_BLOCKED win=0 tx=0 retry_gap=0 flood=1 wait=0 rx=0 rxq=0 rxr=0 ack=0 ch9=0 rf=0 retry=5 interval=380
89451.251 [0] DBG_SCAN_SKIPPED reason=blocked
89451.251 [0] DBG_ANCHOR_CH5_SCAN_RESCHED ret=1 delay=5
89451.285 [0] DBG_ANCHOR_CH5_SCAN_HANDLER role=2
89451.285 [0] DBG_ANCHOR_CH5_SCAN_HANDLER role=2
89451.285 [0] DBG_ANCHOR_CH5_SCAN_BLOCKED win=0 tx=0 retry_gap=0 flood=1 wait=0 rx=0 rxq=0 rxr=0 ack=0 ch9=0 rf=0 retry=5 interval=380
89451.285 [0] DBG_SCAN_SKIPPED reason=blocked
89451.285 [0] DBG_ANCHOR_CH5_SCAN_RESCHED ret=1 delay=5
89451.285 [0] DBG_ANCHOR_CH5_SCAN_HANDLER role=2
89451.285 [0] DBG_ANCHOR_CH5_SCAN_BLOCKED win=0 tx=0 retry_gap=0 flood=1 wait=0 rx=0 rxq=0 rxr=0 ack=0 ch9=0 rf=0 retry=5 interval=380
89451.285 [0] DBG_SCAN_SKIPPED reason=blocked
89451.285 [0] DBG_ANCHOR_CH5_SCAN_RESCHED ret=1 delay=5
89451.285 [0] DBG_ANCHOR_CH5_SCAN_HANDLER role=2
89451.285 [0] DBG_ANCHOR_CH5_SCAN_BLOCKED win=0 tx=0 retry_gap=0 flood=1 wait=0 rx=0 rxq=0 rxr=0 ack=0 ch9=0 rf=0 retry=5 interval=380
89451.285 [0] DBG_SCAN_SKIPPED reason=blocked
89451.285 [0] DBG_ANCHOR_CH5_SCAN_RESCHED ret=1 delay=5
89451.285 [0] DBG_ANCHOR_CH5_SCAN_HANDLER role=2
89451.285 [0] DBG_ANCHOR_CH5_SCAN_BLOCKED win=0 tx=0 retry_gap=0 flood=1 wait=0 rx=0 rxq=0 rxr=0 ack=0 ch9=0 rf=0 retry=5 interval=380
89451.285 [0] DBG_SCAN_SKIPPED reason=blocked
89451.285 [0] DBG_ANCHOR_CH5_SCAN_RESCHED ret=1 delay=5
89451.319 [0] DBG_ANCHOR_CH5_SCAN_HANDLER role=2
89451.319 [0] DBG_SCAN_SKIPPED reason=blocked
89451.319 [0] DBG_ANCHOR_CH5_SCAN_HANDLER role=2
89451.319 [0] DBG_ANCHOR_CH5_SCAN_BLOCKED win=0 tx=0 retry_gap=0 flood=1 wait=0 rx=0 rxq=0 rxr=0 ack=0 ch9=0 rf=0 retry=5 interval=380
89451.319 [0] DBG_SCAN_SKIPPED reason=blocked
89451.319 [0] DBG_ANCHOR_CH5_SCAN_RESCHED ret=1 delay=5
89451.319 [0] DBG_ANCHOR_CH5_SCAN_HANDLER role=2
89451.319 [0] DBG_ANCHOR_CH5_SCAN_BLOCKED win=0 tx=0 retry_gap=0 flood=1 wait=0 rx=0 rxq=0 rxr=0 ack=0 ch9=0 rf=1 retry=20 interval=380
89451.319 [0] DBG_SCAN_SKIPPED reason=blocked
89451.319 [0] DBG_ANCHOR_CH5_SCAN_RESCHED ret=1 delay=20
89451.319 [0] DBG_DWM_WAKE_MESH_CTRL_OK sfd=1033
89451.319 [0] DBG_C5_TX_CONFIG ret=0 at=33036 ext=1 len=189 msg=3c reason=bounded-c5-flood
89451.319 [0] DBG_MESH_TX_AGE msg=3c seq=34 age=17664 enc=33036 rf=33038 gap=2 air=3
89451.319 [0] DBG_MESH_TX_STAGE stage=start msg=3c seq=34 ch=5 seen=1 at=33038
89451.319 [0] DBG_MESH_TX_STAGE stage=complete msg=3c seq=34 ch=5 seen=1 at=33041 ret=0
89451.319 [0] DBG_MESH_TX_STAGE stage=park msg=3c seq=34 ch=5 park_ret=0 release_ret=0
89451.319 [0] DBG_UWB_TX_CH5
89451.319 [0] DBG_ENUM_CONTROL_BURST state=end active=1
89451.319 [0] DBG_ENUM_CONTROL_BURST state=end active=0
89451.354 [0] DBG_DWM_WAKE_MESH_CTRL_OK sfd=1033
89451.354 [0] DBG_DWM_CH5_RX_HUNT_START acq=2000 complete=15 cap=1020
89451.797 [0] DBG_DWM_CH5_RX_ACTIVITY_EXTEND ret=0 status=0x00000100 complete=15
89451.797 [0] DBG_DWM_CH5_RX_ACTIVITY_WAIT status=0x00000100 remain=15
89451.797 [0] DBG_DWM_CH5_RX_ACTIVITY_DONE raw=42 payload=40 status=0x00006f00 rearm=0 extended=1
89451.797 [0] DBG_ANCHOR_CH5_SCAN_DONE ret=0 len=40 fail=0 pre=1 q=100 rx_us=2000000 complete=15
89451.797 [0] DBG_UWB_RX_CH5
89451.797 [0] DBG_ANCHOR_CH5_FRAME len=40 q=100 wake_ret=-8
89451.797 [0] DBG_DWM_CH5_RX_HUNT_START acq=2000 complete=15 cap=1020
89451.797 [0] DBG_DWM_CH5_RX_ACTIVITY_EXTEND ret=0 status=0x00000100 complete=15
89451.797 [0] DBG_DWM_CH5_RX_ACTIVITY_WAIT status=0x00000100 remain=15
89451.797 [0] DBG_DWM_RF_SCOPE_DROP local=3 remote=1 remote_clicker=0
89452.788 [1] [00:00:33.509,063] <wrn> app_anchor: anchor false UWB wake cooldown: wake_decode_ret=-8 reason=frame_timeout frame_len=40 quality=100 coo
89452.817 [1] ldown_ms=100 crc_failures=0 frame_timeouts=1
89453.307 [0] DBG_DWM_CH5_RX_ACTIVITY_WAIT status=0x00000100 remain=15
89453.307 [0] DBG_DWM_RF_SCOPE_DROP local=3 remote=1 remote_clicker=0
89453.307 [0] DBG_DWM_CH5_RX_ACTIVITY_WAIT status=0x00000100 remain=15
89453.307 [0] DBG_DWM_RF_SCOPE_DROP local=3 remote=0 remote_clicker=0
89453.789 [0] DBG_DWM_CH5_RX_ACTIVITY_FAIL ret=-116 status=0x00000000 last=0x00000000 fail=1 activity=0 rearm=3
89453.789 [0] DBG_DWM_CH5_RX_HUNT_START acq=2000 complete=15 cap=1020
89455.797 [0] DBG_DWM_CH5_RX_HUNT_EMPTY s=35510 e=37510 ret=-116 sys=00000000 phy=4 cfg=1 aw=1 unk=0
89455.797 [0] DBG_DWM_CH5_RX_HUNT_START acq=425 complete=15 cap=1020
89456.205 [0] DBG_DWM_CH5_RX_HUNT_EMPTY s=37511 e=37936 ret=-116 sys=00000000 phy=4 cfg=1 aw=1 unk=0
89456.231 [0] DBG_ANCHOR_CH5_SCAN_RESCHED ret=2 delay=0
89456.231 [0] DBG_ANCHOR_CH5_SCAN_HANDLER role=2
89456.231 [0] DBG_ANCHOR_CH5_SCAN_ARM now=37937 win=2000 complete=15 interval=380 wait=0 tx=0 response=0
89456.231 [0] DBG_ENUM_COMPACT_STATE_BEGIN epoch=23855131 parent=0x9699122bd60a64e3 hop=3 bytes=456 ret=0
89456.286 [0] DBG_ENUM_COMPACT_TX epoch=23855131 parent=0x9699122bd60a64e3 hop=3 round=0 offset_ms=12 seq=0 records=1 ret=0
89456.286 [0] DBG_ENUM_COMPACT_ACK_RX epoch=23855131 parent=0x9699122bd60a64e3 seq=0 matched=1
89456.634 [0] DBG_STACK_RUN_BEGIN epoch=3543676270155205024 run=24 kind=anchor_scan owner=anchor_uwb_scan queue=0 custody=0 credit=0 retry=0 drain=0 src=16876665336513972910 dst=11068027678940948070 session=0 seq=0 type=48 sequence=0 previous=0 uptime=38337
89456.634 [0] DBG_STACK_SAMPLE_BEGIN epoch=3543676270155205024 run=24 sample=24 kind=anchor_scan owner=anchor_uwb_scan queue=0 custody=0 credit=0 retry=0 drain=0 src=16876665336513972910 dst=11068027678940948070 session=0 seq=0 type=48 uptime=38337
89456.634 [0] DBG_STACK_ISR_CONFIG size=8192 run=24 sample=24
89456.634 [0] DBG_STACK name=anchor_uwb_scan tid=0x2000ca08 used=3380 free=6604 size=9984 ret=0 run=24 sample=24
89456.634 [0] DBG_STACK name=mesh_route tid=0x2000b038 used=6528 free=2944 size=9472 ret=0 run=24 sample=24
89456.634 [0] DBG_STACK name=sysworkq tid=0x2000d980 used=800 free=4576 size=5376 ret=0 run=24 sample=24
89456.634 [0] DBG_STACK name=logging tid=0x2000cec0 used=520 free=1528 size=2048 ret=0 run=24 sample=24
89456.634 [0] DBG_STACK name=idle tid=0x2000d750 used=64 free=256 size=320 ret=0 run=24 sample=24
89456.634 [0] DBG_STACK_SAMPLE_END run=24 sample=24
89456.661 [0] DBG_STACK_RUN_END epoch=3543676270155205024 run=24 kind=anchor_scan owner=anchor_uwb_scan outcome=ack queue=0 custody=0 credit=0 retry=0 drain=0 src=16876665336513972910 dst=11068027678940948070 session=0 seq=0 type=48 samples=1 attempts=1 errors=0 last_error=0 mutex_drops=57 short_drops=933 sequence=0 previous=0 uptime=38341
89457.836 [0] DBG_ENUM_COMPACT_BUNDLE_REJECT epoch=23855131 sender=0x9699122bd60a64e3 depth=3 ret=-9
89457.836 [0] DBG_DWM_RF_SCOPE_DROP local=3 remote=1 remote_clicker=0
89458.032 [0] DBG_DWM_RF_SCOPE_DROP local=3 remote=1 remote_clicker=0
89458.032 [0] DBG_DWM_RF_SCOPE_DROP local=3 remote=0 remote_clicker=0
89465.528 [0] DBG_DWM_RF_SCOPE_DROP local=3 remote=0 remote_clicker=0
89465.563 [0] DBG_DWM_RF_SCOPE_DROP local=3 remote=0 remote_clicker=0
89465.563 [0] DBG_DWM_RF_SCOPE_DROP local=3 remote=0 remote_clicker=0
89465.798 [0] DBG_DWM_RF_SCOPE_DROP local=3 remote=1 remote_clicker=0
89465.881 [0] DBG_DWM_RF_SCOPE_DROP local=3 remote=1 remote_clicker=0
89465.958 [0] DBG_DWM_RF_SCOPE_DROP local=3 remote=1 remote_clicker=0
89466.171 [0] DBG_ANCHOR_CH5_SCAN_DONE ret=0 len=187 fail=0 pre=1 q=100 rx_us=9919453 complete=1000
89466.171 [0] DBG_UWB_RX_CH5
89466.171 [0] DBG_ANCHOR_CH5_FRAME len=187 q=100 wake_ret=-8
89466.171 [0] DBG_UWB_RX_CH5
89466.171 [0] DBG_MESH_RX_QUEUED ch=5 msg=0x40 src=0x9999888877776666 dst=0x0 prev=0x9699122bd60a64e3 seq=4 q=1
89466.171 [0] DBG_MESH_RX_DEFERRED q=1 msg=0x40
89466.171 [0] DBG_ANCHOR_MESH_RX_HANDOFF_DEFERRED q=1 delay=380 rf=0
89466.171 [0] DBG_MESH_RX_WORK_WAIT q=1
89466.171 [0] DBG_MESH_RX_WORK_ENTER q=1
89466.171 [0] DBG_MESH_RX_DRAIN_ENTER owner=work q=1
89466.171 [0] DBG_C5_CONTACT phase=open state=2 peer=0x9699122bd60a64e3 purpose=gateway_command_flood reason=c5-control-rx
89466.171 [0] DBG_C5_CONTACT phase=accepted state=2 peer=0x9699122bd60a64e3 purpose=gateway_command_flood reason=c5-control-rx
89466.171 [0] DBG_ENUM_CONTROL_BURST state=begin msg=40 seq=4 active=1
89466.171 [0] DBG_ENUM_CONTROL_BURST state=begin msg=40 seq=4 active=2
89466.171 [0] DBG_C5_FLOOD_WAIT now=47870 wake=48168 first=48168 msg=40 attempt=1/3 reason=broadcast-forward
89466.171 [0] DBG_MESH_RX_SUBMIT ret=1 q=0 routeq=1
89466.171 [0] DBG_ANCHOR_CH5_SCAN_RESCHED ret=1 delay=20
89466.171 [0] DBG_ANCHOR_CH5_SCAN_HANDLER role=2
89466.171 [0] DBG_SCAN_SKIPPED reason=blocked
89466.208 [0] DBG_ANCHOR_CH5_SCAN_HANDLER role=2
89466.208 [0] DBG_ANCHOR_CH5_SCAN_BLOCKED win=0 tx=0 retry_gap=0 flood=1 wait=0 rx=0 rxq=0 rxr=0 ack=0 ch9=0 rf=0 retry=5 interval=380
89466.208 [0] DBG_SCAN_SKIPPED reason=blocked
89466.208 [0] DBG_ANCHOR_CH5_SCAN_RESCHED ret=1 delay=5
89466.208 [0] DBG_ANCHOR_CH5_SCAN_HANDLER role=2
89466.208 [0] DBG_ANCHOR_CH5_SCAN_BLOCKED win=0 tx=0 retry_gap=0 flood=1 wait=0 rx=0 rxq=0 rxr=0 ack=0 ch9=0 rf=0 retry=5 interval=380
89466.208 [0] DBG_SCAN_SKIPPED reason=blocked
89466.208 [0] DBG_ANCHOR_CH5_SCAN_RESCHED ret=1 delay=5
89466.208 [0] DBG_ANCHOR_CH5_SCAN_HANDLER role=2
89466.208 [0] DBG_ANCHOR_CH5_SCAN_BLOCKED win=0 tx=0 retry_gap=0 flood=1 wait=0 rx=0 rxq=0 rxr=0 ack=0 ch9=0 rf=0 retry=5 interval=380
89466.208 [0] DBG_SCAN_SKIPPED reason=blocked
89466.208 [0] DBG_ANCHOR_CH5_SCAN_RESCHED ret=1 delay=5
89466.208 [0] DBG_ANCHOR_CH5_SCAN_HANDLER role=2
89466.208 [0] DBG_ANCHOR_CH5_SCAN_BLOCKED win=0 tx=0 retry_gap=0 flood=1 wait=0 rx=0 rxq=0 rxr=0 ack=0 ch9=0 rf=0 retry=5 interval=380
89466.208 [0] DBG_SCAN_SKIPPED reason=blocked
89466.208 [0] DBG_ANCHOR_CH5_SCAN_RESCHED ret=1 delay=5
89466.208 [0] DBG_ANCHOR_CH5_SCAN_HANDLER role=2
89466.208 [0] DBG_SCAN_SKIPPED reason=blocked
89466.256 [0] DBG_ANCHOR_CH5_SCAN_HANDLER role=2
89466.256 [0] DBG_ANCHOR_CH5_SCAN_HANDLER role=2
89466.256 [0] DBG_ANCHOR_CH5_SCAN_BLOCKED win=0 tx=0 retry_gap=0 flood=1 wait=0 rx=0 rxq=0 rxr=0 ack=0 ch9=0 rf=0 retry=5 interval=380
89466.256 [0] DBG_SCAN_SKIPPED reason=blocked
89466.256 [0] DBG_ANCHOR_CH5_SCAN_RESCHED ret=1 delay=5
89466.256 [0] DBG_ANCHOR_CH5_SCAN_HANDLER role=2
89466.256 [0] DBG_ANCHOR_CH5_SCAN_BLOCKED win=0 tx=0 retry_gap=0 flood=1 wait=0 rx=0 rxq=0 rxr=0 ack=0 ch9=0 rf=0 retry=5 interval=380
89466.256 [0] DBG_SCAN_SKIPPED reason=blocked
89466.256 [0] DBG_ANCHOR_CH5_SCAN_RESCHED ret=1 delay=5
89466.256 [0] DBG_ANCHOR_CH5_SCAN_HANDLER role=2
89466.256 [0] DBG_ANCHOR_CH5_SCAN_BLOCKED win=0 tx=0 retry_gap=0 flood=1 wait=0 rx=0 rxq=0 rxr=0 ack=0 ch9=0 rf=0 retry=5 interval=380
89466.256 [0] DBG_SCAN_SKIPPED reason=blocked
89466.256 [0] DBG_ANCHOR_CH5_SCAN_RESCHED ret=1 delay=5
89466.256 [0] DBG_ANCHOR_CH5_SCAN_HANDLER role=2
89466.256 [0] DBG_ANCHOR_CH5_SCAN_BLOCKED win=0 tx=0 retry_gap=0 flood=1 wait=0 rx=0 rxq=0 rxr=0 ack=0 ch9=0 rf=0 retry=5 interval=380
89466.256 [0] DBG_SCAN_SKIPPED reason=blocked
89466.256 [0] DBG_ANCHOR_CH5_SCAN_RESCHED ret=1 delay=5
89466.256 [0] DBG_ANCHOR_CH5_SCAN_HANDLER role=2
89466.256 [0] DBG_SCAN_SKIPPED reason=blocked
89466.303 [0] DBG_ANCHOR_CH5_SCAN_HANDLER role=2
89466.303 [0] DBG_ANCHOR_CH5_SCAN_BLOCKED win=0 tx=0 retry_gap=0 flood=1 wait=0 rx=0 rxq=0 rxr=0 ack=0 ch9=0 rf=0 retry=5 interval=380
89466.303 [0] DBG_SCAN_SKIPPED reason=blocked
89466.303 [0] DBG_ANCHOR_CH5_SCAN_RESCHED ret=1 delay=5
89466.303 [0] DBG_ANCHOR_CH5_SCAN_HANDLER role=2
89466.303 [0] DBG_ANCHOR_CH5_SCAN_BLOCKED win=0 tx=0 retry_gap=0 flood=1 wait=0 rx=0 rxq=0 rxr=0 ack=0 ch9=0 rf=0 retry=5 interval=380
89466.303 [0] DBG_SCAN_SKIPPED reason=blocked
89466.303 [0] DBG_ANCHOR_CH5_SCAN_RESCHED ret=1 delay=5
89466.303 [0] DBG_ANCHOR_CH5_SCAN_HANDLER role=2
89466.303 [0] DBG_ANCHOR_CH5_SCAN_BLOCKED win=0 tx=0 retry_gap=0 flood=1 wait=0 rx=0 rxq=0 rxr=0 ack=0 ch9=0 rf=0 retry=5 interval=380
89466.303 [0] DBG_SCAN_SKIPPED reason=blocked
89466.303 [0] DBG_ANCHOR_CH5_SCAN_RESCHED ret=1 delay=5
89466.303 [0] DBG_ANCHOR_CH5_SCAN_HANDLER role=2
89466.303 [0] DBG_ANCHOR_CH5_SCAN_BLOCKED win=0 tx=0 retry_gap=0 flood=1 wait=0 rx=0 rxq=0 rxr=0 ack=0 ch9=0 rf=0 retry=5 interval=380
89466.303 [0] DBG_SCAN_SKIPPED reason=blocked
89466.303 [0] DBG_ANCHOR_CH5_SCAN_RESCHED ret=1 delay=5
89466.303 [0] DBG_ANCHOR_CH5_SCAN_HANDLER role=2
89466.303 [0] DBG_SCAN_SKIPPED reason=blocked
89466.303 [0] DBG_ANCHOR_CH5_SCAN_HANDLER role=2
89466.337 [0] DBG_ANCHOR_CH5_SCAN_HANDLER role=2
89466.337 [0] DBG_ANCHOR_CH5_SCAN_BLOCKED win=0 tx=0 retry_gap=0 flood=1 wait=0 rx=0 rxq=0 rxr=0 ack=0 ch9=0 rf=0 retry=5 interval=380
89466.337 [0] DBG_SCAN_SKIPPED reason=blocked
89466.337 [0] DBG_ANCHOR_CH5_SCAN_RESCHED ret=1 delay=5
89466.337 [0] DBG_ANCHOR_CH5_SCAN_HANDLER role=2
89466.337 [0] DBG_ANCHOR_CH5_SCAN_BLOCKED win=0 tx=0 retry_gap=0 flood=1 wait=0 rx=0 rxq=0 rxr=0 ack=0 ch9=0 rf=0 retry=5 interval=380
89466.337 [0] DBG_SCAN_SKIPPED reason=blocked
89466.337 [0] DBG_ANCHOR_CH5_SCAN_RESCHED ret=1 delay=5
89466.337 [0] DBG_ANCHOR_CH5_SCAN_HANDLER role=2
89466.337 [0] DBG_ANCHOR_CH5_SCAN_BLOCKED win=0 tx=0 retry_gap=0 flood=1 wait=0 rx=0 rxq=0 rxr=0 ack=0 ch9=0 rf=0 retry=5 interval=380
89466.337 [0] DBG_SCAN_SKIPPED reason=blocked
89466.337 [0] DBG_ANCHOR_CH5_SCAN_RESCHED ret=1 delay=5
89466.337 [0] DBG_ANCHOR_CH5_SCAN_HANDLER role=2
89466.337 [0] DBG_ANCHOR_CH5_SCAN_BLOCKED win=0 tx=0 retry_gap=0 flood=1 wait=0 rx=0 rxq=0 rxr=0 ack=0 ch9=0 rf=0 retry=5 interval=380
89466.337 [0] DBG_SCAN_SKIPPED reason=blocked
89466.337 [0] DBG_ANCHOR_CH5_SCAN_RESCHED ret=1 delay=5
89466.373 [0] DBG_ANCHOR_CH5_SCAN_HANDLER role=2
89466.373 [0] DBG_SCAN_SKIPPED reason=blocked
89466.373 [0] DBG_ANCHOR_CH5_SCAN_HANDLER role=2
89466.373 [0] DBG_ANCHOR_CH5_SCAN_HANDLER role=2
89466.373 [0] DBG_ANCHOR_CH5_SCAN_BLOCKED win=0 tx=0 retry_gap=0 flood=1 wait=0 rx=0 rxq=0 rxr=0 ack=0 ch9=0 rf=0 retry=5 interval=380
89466.373 [0] DBG_SCAN_SKIPPED reason=blocked
89466.373 [0] DBG_ANCHOR_CH5_SCAN_RESCHED ret=1 delay=5
89466.373 [0] DBG_ANCHOR_CH5_SCAN_HANDLER role=2
89466.373 [0] DBG_ANCHOR_CH5_SCAN_BLOCKED win=0 tx=0 retry_gap=0 flood=1 wait=0 rx=0 rxq=0 rxr=0 ack=0 ch9=0 rf=0 retry=5 interval=380
89466.373 [0] DBG_SCAN_SKIPPED reason=blocked
89466.373 [0] DBG_ANCHOR_CH5_SCAN_RESCHED ret=1 delay=5
89466.373 [0] DBG_ANCHOR_CH5_SCAN_HANDLER role=2
89466.373 [0] DBG_ANCHOR_CH5_SCAN_BLOCKED win=0 tx=0 retry_gap=0 flood=1 wait=0 rx=0 rxq=0 rxr=0 ack=0 ch9=0 rf=0 retry=5 interval=380
89466.373 [0] DBG_SCAN_SKIPPED reason=blocked
89466.373 [0] DBG_ANCHOR_CH5_SCAN_RESCHED ret=1 delay=5
89466.373 [0] DBG_ANCHOR_CH5_SCAN_HANDLER role=2
89466.373 [0] DBG_ANCHOR_CH5_SCAN_BLOCKED win=0 tx=0 retry_gap=0 flood=1 wait=0 rx=0 rxq=0 rxr=0 ack=0 ch9=0 rf=0 retry=5 interval=380
89466.373 [0] DBG_SCAN_SKIPPED reason=blocked
89466.373 [0] DBG_ANCHOR_CH5_SCAN_RESCHED ret=1 delay=5
89466.404 [0] DBG_ANCHOR_CH5_SCAN_HANDLER role=2
89466.404 [0] DBG_ANCHOR_CH5_SCAN_BLOCKED win=0 tx=0 retry_gap=0 flood=1 wait=0 rx=0 rxq=0 rxr=0 ack=0 ch9=0 rf=0 retry=5 interval=380
89466.404 [0] DBG_SCAN_SKIPPED reason=blocked
89466.404 [0] DBG_ANCHOR_CH5_SCAN_RESCHED ret=1 delay=5
89466.404 [0] DBG_ANCHOR_CH5_SCAN_HANDLER role=2
89466.404 [0] DBG_ANCHOR_CH5_SCAN_BLOCKED win=0 tx=0 retry_gap=0 flood=1 wait=0 rx=0 rxq=0 rxr=0 ack=0 ch9=0 rf=0 retry=5 interval=380
89466.404 [0] DBG_SCAN_SKIPPED reason=blocked
89466.404 [0] DBG_ANCHOR_CH5_SCAN_RESCHED ret=1 delay=5
89466.404 [0] DBG_ANCHOR_CH5_SCAN_HANDLER role=2
89466.404 [0] DBG_ANCHOR_CH5_SCAN_BLOCKED win=0 tx=0 retry_gap=0 flood=1 wait=0 rx=0 rxq=0 rxr=0 ack=0 ch9=0 rf=0 retry=5 interval=380
89466.404 [0] DBG_SCAN_SKIPPED reason=blocked
89466.404 [0] DBG_ANCHOR_CH5_SCAN_RESCHED ret=1 delay=5
89466.404 [0] DBG_ANCHOR_CH5_SCAN_HANDLER role=2
89466.404 [0] DBG_ANCHOR_CH5_SCAN_BLOCKED win=0 tx=0 retry_gap=0 flood=1 wait=0 rx=0 rxq=0 rxr=0 ack=0 ch9=0 rf=0 retry=5 interval=380
89466.404 [0] DBG_SCAN_SKIPPED reason=blocked
89466.404 [0] DBG_ANCHOR_CH5_SCAN_RESCHED ret=1 delay=5
89466.436 [0] DBG_ANCHOR_CH5_SCAN_HANDLER role=2
89466.436 [0] DBG_SCAN_SKIPPED reason=blocked
89466.436 [0] DBG_ANCHOR_CH5_SCAN_HANDLER role=2
89466.436 [0] DBG_ANCHOR_CH5_SCAN_HANDLER role=2
89466.436 [0] DBG_ANCHOR_CH5_SCAN_BLOCKED win=0 tx=0 retry_gap=0 flood=1 wait=0 rx=0 rxq=0 rxr=0 ack=0 ch9=0 rf=0 retry=5 interval=380
89466.436 [0] DBG_SCAN_SKIPPED reason=blocked
89466.436 [0] DBG_ANCHOR_CH5_SCAN_RESCHED ret=1 delay=5
89466.436 [0] DBG_ANCHOR_CH5_SCAN_HANDLER role=2
89466.436 [0] DBG_ANCHOR_CH5_SCAN_BLOCKED win=0 tx=0 retry_gap=0 flood=1 wait=0 rx=0 rxq=0 rxr=0 ack=0 ch9=0 rf=0 retry=5 interval=380
89466.436 [0] DBG_SCAN_SKIPPED reason=blocked
89466.436 [0] DBG_ANCHOR_CH5_SCAN_RESCHED ret=1 delay=5
89466.436 [0] DBG_ANCHOR_CH5_SCAN_HANDLER role=2
89466.436 [0] DBG_ANCHOR_CH5_SCAN_BLOCKED win=0 tx=0 retry_gap=0 flood=1 wait=0 rx=0 rxq=0 rxr=0 ack=0 ch9=0 rf=0 retry=5 interval=380
89466.436 [0] DBG_SCAN_SKIPPED reason=blocked
89466.436 [0] DBG_ANCHOR_CH5_SCAN_RESCHED ret=1 delay=5
89466.436 [0] DBG_ANCHOR_CH5_SCAN_HANDLER role=2
89466.436 [0] DBG_ANCHOR_CH5_SCAN_BLOCKED win=0 tx=0 retry_gap=0 flood=1 wait=0 rx=0 rxq=0 rxr=0 ack=0 ch9=0 rf=0 retry=5 interval=380
89466.436 [0] DBG_SCAN_SKIPPED reason=blocked
89466.436 [0] DBG_ANCHOR_CH5_SCAN_RESCHED ret=1 delay=5
89466.474 [0] DBG_ANCHOR_CH5_SCAN_HANDLER role=2
89466.474 [0] DBG_MESH_TX_AGE msg=40 seq=4 age=921 enc=48170 rf=48171 gap=1 air=3
89466.474 [0] DBG_MESH_TX_STAGE stage=start msg=40 seq=4 ch=5 seen=1 at=48171
89466.474 [0] DBG_MESH_TX_STAGE stage=complete msg=40 seq=4 ch=5 seen=1 at=48174 ret=0
89466.474 [0] DBG_MESH_TX_STAGE stage=park msg=40 seq=4 ch=5 park_ret=0 release_ret=0
89466.474 [0] DBG_UWB_TX_CH5
89466.474 [0] DBG_C5_FLOOD_WAIT now=48176 wake=48225 first=48225 msg=40 attempt=2/3 reason=broadcast-forward
89466.474 [0] DBG_ANCHOR_CH5_SCAN_BLOCKED win=0 tx=0 retry_gap=0 flood=1 wait=0 rx=0 rxq=0 rxr=0 ack=0 ch9=0 rf=1 retry=20 interval=380
89466.474 [0] DBG_SCAN_SKIPPED reason=blocked
89466.474 [0] DBG_ANCHOR_CH5_SCAN_RESCHED ret=1 delay=20
89466.474 [0] DBG_ANCHOR_CH5_SCAN_HANDLER role=2
89466.474 [0] DBG_ANCHOR_CH5_SCAN_BLOCKED win=0 tx=0 retry_gap=0 flood=1 wait=0 rx=0 rxq=0 rxr=0 ack=0 ch9=0 rf=0 retry=5 interval=380
89466.474 [0] DBG_SCAN_SKIPPED reason=blocked
89466.474 [0] DBG_ANCHOR_CH5_SCAN_RESCHED ret=1 delay=5
89466.504 [0] DBG_ANCHOR_CH5_SCAN_HANDLER role=2
89466.504 [0] DBG_ANCHOR_CH5_SCAN_BLOCKED win=0 tx=0 retry_gap=0 flood=1 wait=0 rx=0 rxq=0 rxr=0 ack=0 ch9=0 rf=0 retry=5 interval=380
89466.504 [0] DBG_ANCHOR_CH5_SCAN_HANDLER role=2
89466.504 [0] DBG_ANCHOR_CH5_SCAN_BLOCKED win=0 tx=0 retry_gap=0 flood=1 wait=0 rx=0 rxq=0 rxr=0 ack=0 ch9=0 rf=0 retry=5 interval=380
89466.504 [0] DBG_SCAN_SKIPPED reason=blocked
89466.504 [0] DBG_ANCHOR_CH5_SCAN_RESCHED ret=1 delay=5
89466.504 [0] DBG_ANCHOR_CH5_SCAN_HANDLER role=2
89466.504 [0] DBG_ANCHOR_CH5_SCAN_BLOCKED win=0 tx=0 retry_gap=0 flood=1 wait=0 rx=0 rxq=0 rxr=0 ack=0 ch9=0 rf=0 retry=5 interval=380
89466.504 [0] DBG_SCAN_SKIPPED reason=blocked
89466.504 [0] DBG_ANCHOR_CH5_SCAN_RESCHED ret=1 delay=5
89466.504 [0] DBG_ANCHOR_CH5_SCAN_HANDLER role=2
89466.504 [0] DBG_ANCHOR_CH5_SCAN_BLOCKED win=0 tx=0 retry_gap=0 flood=1 wait=0 rx=0 rxq=0 rxr=0 ack=0 ch9=0 rf=0 retry=5 interval=380
89466.504 [0] DBG_SCAN_SKIPPED reason=blocked
89466.504 [0] DBG_ANCHOR_CH5_SCAN_RESCHED ret=1 delay=5
89466.543 [0] DBG_ANCHOR_CH5_SCAN_HANDLER role=2
89466.543 [0] DBG_DWM_WAKE_MESH_CTRL_OK sfd=1033
89466.543 [0] DBG_C5_TX_CONFIG ret=0 at=48234 ext=1 len=187 msg=40 reason=bounded-c5-flood
89466.543 [0] DBG_MESH_TX_AGE msg=40 seq=4 age=986 enc=48234 rf=48235 gap=1 air=3
89466.543 [0] DBG_MESH_TX_STAGE stage=start msg=40 seq=4 ch=5 seen=1 at=48235
89466.543 [0] DBG_MESH_TX_STAGE stage=complete msg=40 seq=4 ch=5 seen=1 at=48239 ret=0
89466.543 [0] DBG_MESH_TX_STAGE stage=park msg=40 seq=4 ch=5 park_ret=0 release_ret=0
89466.543 [0] DBG_UWB_TX_CH5
89466.543 [0] DBG_C5_FLOOD_WAIT now=48240 wake=48277 first=48277 msg=40 attempt=3/3 reason=broadcast-forward
89466.543 [0] DBG_ANCHOR_CH5_SCAN_HANDLER role=2
89466.543 [0] DBG_ANCHOR_CH5_SCAN_BLOCKED win=0 tx=0 retry_gap=0 flood=1 wait=0 rx=0 rxq=0 rxr=0 ack=0 ch9=0 rf=0 retry=5 interval=380
89466.543 [0] DBG_SCAN_SKIPPED reason=blocked
89466.543 [0] DBG_ANCHOR_CH5_SCAN_RESCHED ret=1 delay=5
89466.543 [0] DBG_ANCHOR_CH5_SCAN_HANDLER role=2
89466.543 [0] DBG_ANCHOR_CH5_SCAN_BLOCKED win=0 tx=0 retry_gap=0 flood=1 wait=0 rx=0 rxq=0 rxr=0 ack=0 ch9=0 rf=0 retry=5 interval=380
89466.543 [0] DBG_SCAN_SKIPPED reason=blocked
89466.543 [0] DBG_ANCHOR_CH5_SCAN_RESCHED ret=1 delay=5
89466.584 [0] DBG_STACK_RUN_BEGIN epoch=3543676270155205024 run=25 kind=anchor_scan owner=anchor_uwb_scan queue=0 custody=0 credit=0 retry=0 drain=0 src=16876665336513972910 dst=11068027678940948070 session=0 seq=0 type=48 sequence=0 previous=0 uptime=48270
89466.584 [0] DBG_STACK_SAMPLE_BEGIN epoch=3543676270155205024 run=25 sample=25 kind=anchor_scan owner=anchor_uwb_scan queue=0 custody=0 credit=0 retry=0 drain=0 src=16876665336513972910 dst=11068027678940948070 session=0 seq=0 type=48 uptime=48278
89466.584 [0] DBG_STACK_ISR_CONFIG size=8192 run=25 sample=25
89466.584 [0] DBG_STACK name=anchor_uwb_scan tid=0x2000ca08 used=3380 free=6604 size=9984 ret=0 run=25 sample=25
89466.584 [0] DBG_STACK name=mesh_route tid=0x2000b038 used=6568 free=2904 size=9472 ret=0 run=25 sample=25
89466.584 [0] DBG_STACK name=sysworkq tid=0x2000d980 used=800 free=4576 size=5376 ret=0 run=25 sample=25
89466.584 [0] DBG_STACK name=logging tid=0x2000cec0 used=520 free=1528 size=2048 ret=0 run=25 sample=25
89466.584 [0] DBG_STACK name=idle tid=0x2000d750 used=64 free=256 size=320 ret=0 run=25 sample=25
89466.584 [0] DBG_STACK_SAMPLE_END run=25 sample=25
89466.614 [0] DBG_STACK_RUN_END epoch=3543676270155205024 run=25 kind=anchor_scan owner=anchor_uwb_scan outcome=ack queue=0 custody=0 credit=0 retry=0 drain=0 src=16876665336513972910 dst=11068027678940948070 session=0 seq=0 type=48 samples=1 attempts=1 errors=0 last_error=0 mutex_drops=61 short_drops=1019 sequence=0 previous=0 uptime=48282
89468.534 [0] DBG_DWM_CH5_RX_ACTIVITY_EXTEND ret=0 status=0x00000100 complete=15
89468.534 [0] DBG_DWM_CH5_RX_ACTIVITY_WAIT status=0x00000100 remain=15
89468.534 [0] DBG_DWM_RF_SCOPE_DROP local=3 remote=0 remote_clicker=0
89468.609 [0] DBG_DWM_CH5_RX_ACTIVITY_FAIL ret=-116 status=0x00000000 last=0x00000000 fail=1 activity=0 rearm=1
89468.609 [0] DBG_DWM_CH5_RX_HUNT_START acq=2000 complete=15 cap=1020
89468.645 [0] DBG_DWM_CH5_RX_ACTIVITY_EXTEND ret=0 status=0x00000100 complete=15
89468.645 [0] DBG_DWM_CH5_RX_ACTIVITY_WAIT status=0x00000100 remain=15
89468.645 [0] DBG_DWM_RF_SCOPE_DROP local=3 remote=0 remote_clicker=0
89468.681 [0] DBG_DWM_CH5_RX_ACTIVITY_WAIT status=0x00000100 remain=15
89468.681 [0] DBG_DWM_RF_SCOPE_DROP local=3 remote=0 remote_clicker=0
89468.750 [0] DBG_DWM_CH5_RX_ACTIVITY_WAIT status=0x00000100 remain=15
89468.750 [0] DBG_DWM_RF_SCOPE_DROP local=3 remote=0 remote_clicker=0
89468.819 [0] DBG_DWM_CH5_RX_ACTIVITY_WAIT status=0x00000100 remain=15
89468.819 [0] DBG_DWM_RF_SCOPE_DROP local=3 remote=0 remote_clicker=0
89468.819 [0] DBG_DWM_CH5_RX_ACTIVITY_WAIT status=0x00000100 remain=15
89468.819 [0] DBG_DWM_RF_SCOPE_DROP local=3 remote=1 remote_clicker=0
89468.864 [0] DBG_DWM_CH5_RX_ACTIVITY_WAIT status=0x00000100 remain=15
89468.864 [0] DBG_DWM_RF_SCOPE_DROP local=3 remote=0 remote_clicker=0
89468.906 [0] DBG_DWM_CH5_RX_ACTIVITY_WAIT status=0x00000100 remain=15
89468.906 [0] DBG_DWM_RF_SCOPE_DROP local=3 remote=1 remote_clicker=0
89468.948 [0] DBG_DWM_CH5_RX_ACTIVITY_WAIT status=0x00000100 remain=15
89468.948 [0] DBG_DWM_RF_SCOPE_DROP local=3 remote=0 remote_clicker=0
89468.948 [0] DBG_DWM_CH5_RX_ACTIVITY_WAIT status=0x00000100 remain=15
89468.989 [0] DBG_DWM_RF_SCOPE_DROP local=3 remote=1 remote_clicker=0
89469.031 [0] DBG_DWM_CH5_RX_ACTIVITY_WAIT status=0x00000100 remain=15
89469.031 [0] DBG_DWM_RF_SCOPE_DROP local=3 remote=0 remote_clicker=0
89469.067 [0] DBG_DWM_CH5_RX_ACTIVITY_WAIT status=0x00000100 remain=15
89469.067 [0] DBG_DWM_RF_SCOPE_DROP local=3 remote=0 remote_clicker=0
89469.156 [0] DBG_DWM_CH5_RX_ACTIVITY_WAIT status=0x00000100 remain=15
89469.156 [0] DBG_DWM_CH5_RX_ACTIVITY_DONE raw=169 payload=167 status=0x00006f00 rearm=11 extended=1
89469.156 [0] DBG_ANCHOR_CH5_SCAN_DONE ret=0 len=167 fail=0 pre=1 q=100 rx_us=4001708 complete=15
89469.156 [0] DBG_UWB_RX_CH5
89469.156 [0] DBG_ANCHOR_CH5_FRAME len=167 q=100 wake_ret=-8
89469.156 [0] DBG_UWB_RX_CH5
89469.156 [0] DBG_MESH_RX_QUEUED ch=5 msg=0x40 src=0x9999888877776666 dst=0x0 prev=0x9699122bd60a64e3 seq=5 q=1
89469.156 [0] DBG_MESH_RX_DEFERRED q=1 msg=0x40
89469.156 [0] DBG_ANCHOR_MESH_RX_HANDOFF_DEFERRED q=1 delay=380 rf=0
89469.156 [0] DBG_MESH_RX_WORK_WAIT q=1
89469.156 [0] DBG_MESH_RX_WORK_ENTER q=1
89469.156 [0] DBG_MESH_RX_DRAIN_ENTER owner=work q=1
89469.156 [0] DBG_C5_CONTACT phase=closing state=4 peer=0x9699122bd60a64e3 purpose=gateway_command_flood reason=expired
89469.156 [0] DBG_C5_CONTACT phase=open state=2 peer=0x9699122bd60a64e3 purpose=gateway_command_flood reason=c5-control-rx
89469.156 [0] DBG_C5_CONTACT phase=accepted state=2 peer=0x9699122bd60a64e3 purpose=gateway_command_flood reason=c5-control-rx
89469.156 [0] DBG_ENUM_CONTROL_BURST state=begin msg=40 seq=5 active=1
89469.156 [0] DBG_MESH_RX_SUBMIT ret=1 q=0 routeq=1
89469.194 [0] DBG_ANCHOR_CH5_SCAN_HANDLER role=2
89469.194 [0] DBG_ANCHOR_CH5_SCAN_BLOCKED win=0 tx=0 retry_gap=0 flood=1 wait=0 rx=0 rxq=0 rxr=0 ack=0 ch9=0 rf=0 retry=5 interval=380
89469.194 [0] DBG_SCAN_SKIPPED reason=blocked
89469.194 [0] DBG_ANCHOR_CH5_SCAN_RESCHED ret=1 delay=5
89469.194 [0] DBG_ANCHOR_CH5_SCAN_HANDLER role=2
89469.194 [0] DBG_ANCHOR_CH5_SCAN_BLOCKED win=0 tx=0 retry_gap=0 flood=1 wait=0 rx=0 rxq=0 rxr=0 ack=0 ch9=0 rf=0 retry=5 interval=380
89469.194 [0] DBG_SCAN_SKIPPED reason=blocked
89469.194 [0] DBG_ANCHOR_CH5_SCAN_RESCHED ret=1 delay=5
89469.194 [0] DBG_ANCHOR_CH5_SCAN_HANDLER role=2
89469.194 [0] DBG_ANCHOR_CH5_SCAN_BLOCKED win=0 tx=0 retry_gap=0 flood=1 wait=0 rx=0 rxq=0 rxr=0 ack=0 ch9=0 rf=0 retry=5 interval=380
89469.194 [0] DBG_SCAN_SKIPPED reason=blocked
89469.194 [0] DBG_ANCHOR_CH5_SCAN_RESCHED ret=1 delay=5
89469.194 [0] DBG_ANCHOR_CH5_SCAN_HANDLER role=2
89469.194 [0] DBG_ANCHOR_CH5_SCAN_BLOCKED win=0 tx=0 retry_gap=0 flood=1 wait=0 rx=0 rxq=0 rxr=0 ack=0 ch9=0 rf=0 retry=5 interval=380
89469.194 [0] DBG_SCAN_SKIPPED reason=blocked
89469.194 [0] DBG_ANCHOR_CH5_SCAN_RESCHED ret=1 delay=5
89469.194 [0] DBG_ANCHOR_CH5_SCAN_HANDLER role=2
89469.194 [0] DBG_SCAN_SKIPPED reason=blocked
89469.241 [0] DBG_ANCHOR_CH5_SCAN_HANDLER role=2
89469.241 [0] DBG_ANCHOR_CH5_SCAN_HANDLER role=2
89469.241 [0] DBG_ANCHOR_CH5_SCAN_BLOCKED win=0 tx=0 retry_gap=0 flood=1 wait=0 rx=0 rxq=0 rxr=0 ack=0 ch9=0 rf=0 retry=5 interval=380
89469.241 [0] DBG_SCAN_SKIPPED reason=blocked
89469.241 [0] DBG_ANCHOR_CH5_SCAN_RESCHED ret=1 delay=5
89469.241 [0] DBG_ANCHOR_CH5_SCAN_HANDLER role=2
89469.241 [0] DBG_ANCHOR_CH5_SCAN_BLOCKED win=0 tx=0 retry_gap=0 flood=1 wait=0 rx=0 rxq=0 rxr=0 ack=0 ch9=0 rf=0 retry=5 interval=380
89469.241 [0] DBG_SCAN_SKIPPED reason=blocked
89469.241 [0] DBG_ANCHOR_CH5_SCAN_RESCHED ret=1 delay=5
89469.241 [0] DBG_ANCHOR_CH5_SCAN_HANDLER role=2
89469.241 [0] DBG_ANCHOR_CH5_SCAN_BLOCKED win=0 tx=0 retry_gap=0 flood=1 wait=0 rx=0 rxq=0 rxr=0 ack=0 ch9=0 rf=0 retry=5 interval=380
89469.241 [0] DBG_SCAN_SKIPPED reason=blocked
89469.241 [0] DBG_ANCHOR_CH5_SCAN_RESCHED ret=1 delay=5
89469.241 [0] DBG_ANCHOR_CH5_SCAN_HANDLER role=2
89469.241 [0] DBG_ANCHOR_CH5_SCAN_BLOCKED win=0 tx=0 retry_gap=0 flood=1 wait=0 rx=0 rxq=0 rxr=0 ack=0 ch9=0 rf=0 retry=5 interval=380
89469.241 [0] DBG_SCAN_SKIPPED reason=blocked
89469.241 [0] DBG_ANCHOR_CH5_SCAN_RESCHED ret=1 delay=5
89469.241 [0] DBG_ANCHOR_CH5_SCAN_HANDLER role=2
89469.241 [0] DBG_SCAN_SKIPPED reason=blocked
89469.288 [0] DBG_ANCHOR_CH5_SCAN_HANDLER role=2
89469.288 [0] DBG_ANCHOR_CH5_SCAN_BLOCKED win=0 tx=0 retry_gap=0 flood=1 wait=0 rx=0 rxq=0 rxr=0 ack=0 ch9=0 rf=0 retry=5 interval=380
89469.288 [0] DBG_SCAN_SKIPPED reason=blocked
89469.288 [0] DBG_ANCHOR_CH5_SCAN_RESCHED ret=1 delay=5
89469.288 [0] DBG_ANCHOR_CH5_SCAN_HANDLER role=2
89469.288 [0] DBG_ANCHOR_CH5_SCAN_BLOCKED win=0 tx=0 retry_gap=0 flood=1 wait=0 rx=0 rxq=0 rxr=0 ack=0 ch9=0 rf=0 retry=5 interval=380
89469.288 [0] DBG_SCAN_SKIPPED reason=blocked
89469.288 [0] DBG_ANCHOR_CH5_SCAN_RESCHED ret=1 delay=5
89469.288 [0] DBG_ANCHOR_CH5_SCAN_HANDLER role=2
89469.288 [0] DBG_ANCHOR_CH5_SCAN_BLOCKED win=0 tx=0 retry_gap=0 flood=1 wait=0 rx=0 rxq=0 rxr=0 ack=0 ch9=0 rf=0 retry=5 interval=380
89469.288 [0] DBG_SCAN_SKIPPED reason=blocked
89469.288 [0] DBG_ANCHOR_CH5_SCAN_RESCHED ret=1 delay=5
89469.288 [0] DBG_ANCHOR_CH5_SCAN_HANDLER role=2
89469.288 [0] DBG_ANCHOR_CH5_SCAN_BLOCKED win=0 tx=0 retry_gap=0 flood=1 wait=0 rx=0 rxq=0 rxr=0 ack=0 ch9=0 rf=0 retry=5 interval=380
89469.288 [0] DBG_SCAN_SKIPPED reason=blocked
89469.288 [0] DBG_ANCHOR_CH5_SCAN_RESCHED ret=1 delay=5
89469.288 [0] DBG_ANCHOR_CH5_SCAN_HANDLER role=2
89469.288 [0] DBG_SCAN_SKIPPED reason=blocked
89469.288 [0] DBG_ANCHOR_CH5_SCAN_HANDLER role=2
89469.329 [0] DBG_ANCHOR_CH5_SCAN_HANDLER role=2
89469.329 [0] DBG_ANCHOR_CH5_SCAN_BLOCKED win=0 tx=0 retry_gap=0 flood=1 wait=0 rx=0 rxq=0 rxr=0 ack=0 ch9=0 rf=0 retry=5 interval=380
89469.329 [0] DBG_SCAN_SKIPPED reason=blocked
89469.329 [0] DBG_ANCHOR_CH5_SCAN_RESCHED ret=1 delay=5
89469.329 [0] DBG_ANCHOR_CH5_SCAN_HANDLER role=2
89469.329 [0] DBG_ANCHOR_CH5_SCAN_BLOCKED win=0 tx=0 retry_gap=0 flood=1 wait=0 rx=0 rxq=0 rxr=0 ack=0 ch9=0 rf=0 retry=5 interval=380
89469.329 [0] DBG_SCAN_SKIPPED reason=blocked
89469.329 [0] DBG_ANCHOR_CH5_SCAN_RESCHED ret=1 delay=5
89469.329 [0] DBG_ANCHOR_CH5_SCAN_HANDLER role=2
89469.329 [0] DBG_ANCHOR_CH5_SCAN_BLOCKED win=0 tx=0 retry_gap=0 flood=1 wait=0 rx=0 rxq=0 rxr=0 ack=0 ch9=0 rf=0 retry=5 interval=380
89469.329 [0] DBG_SCAN_SKIPPED reason=blocked
89469.329 [0] DBG_ANCHOR_CH5_SCAN_RESCHED ret=1 delay=5
89469.329 [0] DBG_C5_TX_CONFIG ret=0 at=51037 ext=1 len=167 msg=40 reason=bounded-c5-flood
89469.329 [0] DBG_ANCHOR_CH5_SCAN_HANDLER role=2
89469.329 [0] DBG_MESH_TX_AGE msg=40 seq=5 age=772 enc=51037 rf=51038 gap=1 air=3
89469.329 [0] DBG_MESH_TX_STAGE stage=start msg=40 seq=5 ch=5 seen=1 at=51038
89469.329 [0] DBG_MESH_TX_STAGE stage=complete msg=40 seq=5 ch=5 seen=1 at=51041 ret=0
89469.329 [0] DBG_UWB_TX_CH5
89469.363 [0] DBG_ANCHOR_CH5_SCAN_HANDLER role=2
89469.363 [0] DBG_ANCHOR_CH5_SCAN_BLOCKED win=0 tx=0 retry_gap=0 flood=1 wait=0 rx=0 rxq=0 rxr=0 ack=0 ch9=0 rf=0 retry=5 interval=380
89469.363 [0] DBG_SCAN_SKIPPED reason=blocked
89469.363 [0] DBG_ANCHOR_CH5_SCAN_RESCHED ret=1 delay=5
89469.363 [0] DBG_ANCHOR_CH5_SCAN_HANDLER role=2
89469.363 [0] DBG_ANCHOR_CH5_SCAN_BLOCKED win=0 tx=0 retry_gap=0 flood=1 wait=0 rx=0 rxq=0 rxr=0 ack=0 ch9=0 rf=0 retry=5 interval=380
89469.363 [0] DBG_SCAN_SKIPPED reason=blocked
89469.363 [0] DBG_ANCHOR_CH5_SCAN_RESCHED ret=1 delay=5
89469.363 [0] DBG_ANCHOR_CH5_SCAN_HANDLER role=2
89469.363 [0] DBG_ANCHOR_CH5_SCAN_BLOCKED win=0 tx=0 retry_gap=0 flood=1 wait=0 rx=0 rxq=0 rxr=0 ack=0 ch9=0 rf=0 retry=5 interval=380
89469.363 [0] DBG_SCAN_SKIPPED reason=blocked
89469.363 [0] DBG_ANCHOR_CH5_SCAN_RESCHED ret=1 delay=5
89469.363 [0] DBG_ANCHOR_CH5_SCAN_HANDLER role=2
89469.363 [0] DBG_ANCHOR_CH5_SCAN_BLOCKED win=0 tx=0 retry_gap=0 flood=1 wait=0 rx=0 rxq=0 rxr=0 ack=0 ch9=0 rf=0 retry=5 interval=380
89469.363 [0] DBG_SCAN_SKIPPED reason=blocked
89469.363 [0] DBG_ANCHOR_CH5_SCAN_RESCHED ret=1 delay=5
89469.363 [0] DBG_ANCHOR_CH5_SCAN_HANDLER role=2
89469.363 [0] DBG_SCAN_SKIPPED reason=blocked
89469.403 [0] DBG_ANCHOR_CH5_SCAN_HANDLER role=2
89469.403 [0] DBG_DWM_WAKE_MESH_CTRL_OK sfd=1033
89469.403 [0] DBG_C5_TX_CONFIG ret=0 at=51100 ext=1 len=167 msg=40 reason=bounded-c5-flood
89469.403 [0] DBG_MESH_TX_AGE msg=40 seq=5 age=835 enc=51100 rf=51101 gap=1 air=3
89469.403 [0] DBG_MESH_TX_STAGE stage=start msg=40 seq=5 ch=5 seen=1 at=51101
89469.403 [0] DBG_MESH_TX_STAGE stage=complete msg=40 seq=5 ch=5 seen=1 at=51104 ret=0
89469.403 [0] DBG_MESH_TX_STAGE stage=park msg=40 seq=5 ch=5 park_ret=0 release_ret=0
89469.403 [0] DBG_UWB_TX_CH5
89469.403 [0] DBG_C5_FLOOD_WAIT now=51106 wake=51165 first=51165 msg=40 attempt=3/3 reason=broadcast-forward
89469.403 [0] DBG_ANCHOR_CH5_SCAN_HANDLER role=2
89469.403 [0] DBG_ANCHOR_CH5_SCAN_BLOCKED win=0 tx=0 retry_gap=0 flood=1 wait=0 rx=0 rxq=0 rxr=0 ack=0 ch9=0 rf=0 retry=5 interval=380
89469.403 [0] DBG_SCAN_SKIPPED reason=blocked
89469.403 [0] DBG_ANCHOR_CH5_SCAN_RESCHED ret=1 delay=5
89469.403 [0] DBG_ANCHOR_CH5_SCAN_HANDLER role=2
89469.403 [0] DBG_ANCHOR_CH5_SCAN_BLOCKED win=0 tx=0 retry_gap=0 flood=1 wait=0 rx=0 rxq=0 rxr=0 ack=0 ch9=0 rf=0 retry=5 interval=380
89469.403 [0] DBG_SCAN_SKIPPED reason=blocked
89469.403 [0] DBG_ANCHOR_CH5_SCAN_RESCHED ret=1 delay=5
89469.435 [0] DBG_ANCHOR_CH5_SCAN_HANDLER role=2
89469.435 [0] DBG_ANCHOR_CH5_SCAN_BLOCKED win=0 tx=0 retry_gap=0 flood=1 wait=0 rx=0 rxq=0 rxr=0 ack=0 ch9=0 rf=0 retry=5 interval=380
89469.435 [0] DBG_SCAN_SKIPPED reason=blocked
89469.435 [0] DBG_ANCHOR_CH5_SCAN_RESCHED ret=1 delay=5
89469.435 [0] DBG_ANCHOR_CH5_SCAN_HANDLER role=2
89469.435 [0] DBG_ANCHOR_CH5_SCAN_BLOCKED win=0 tx=0 retry_gap=0 flood=1 wait=0 rx=0 rxq=0 rxr=0 ack=0 ch9=0 rf=0 retry=5 interval=380
89469.435 [0] DBG_SCAN_SKIPPED reason=blocked
89469.435 [0] DBG_ANCHOR_CH5_SCAN_RESCHED ret=1 delay=5
89469.435 [0] DBG_ANCHOR_CH5_SCAN_HANDLER role=2
89469.435 [0] DBG_ANCHOR_CH5_SCAN_BLOCKED win=0 tx=0 retry_gap=0 flood=1 wait=0 rx=0 rxq=0 rxr=0 ack=0 ch9=0 rf=0 retry=5 interval=380
89469.435 [0] DBG_SCAN_SKIPPED reason=blocked
89469.435 [0] DBG_ANCHOR_CH5_SCAN_RESCHED ret=1 delay=5
89469.435 [0] DBG_ANCHOR_CH5_SCAN_HANDLER role=2
89469.435 [0] DBG_ANCHOR_CH5_SCAN_BLOCKED win=0 tx=0 retry_gap=0 flood=1 wait=0 rx=0 rxq=0 rxr=0 ack=0 ch9=0 rf=0 retry=5 interval=380
89469.435 [0] DBG_SCAN_SKIPPED reason=blocked
89469.435 [0] DBG_ANCHOR_CH5_SCAN_RESCHED ret=1 delay=5
89469.474 [0] DBG_ANCHOR_CH5_SCAN_HANDLER role=2
89469.474 [0] DBG_SCAN_SKIPPED reason=blocked
89469.474 [0] DBG_ANCHOR_CH5_SCAN_HANDLER role=2
89469.474 [0] DBG_DWM_WAKE_MESH_CTRL_OK sfd=1033
89469.474 [0] DBG_C5_TX_CONFIG ret=0 at=51174 ext=1 len=167 msg=40 reason=bounded-c5-flood
89469.474 [0] DBG_ANCHOR_CH5_SCAN_BLOCKED win=0 tx=0 retry_gap=0 flood=1 wait=0 rx=0 rxq=0 rxr=0 ack=0 ch9=0 rf=1 retry=20 interval=380
89469.474 [0] DBG_SCAN_SKIPPED reason=blocked
89469.474 [0] DBG_ANCHOR_CH5_SCAN_RESCHED ret=1 delay=20
89469.474 [0] DBG_MESH_TX_AGE msg=40 seq=5 age=909 enc=51174 rf=51175 gap=1 air=3
89469.474 [0] DBG_MESH_TX_STAGE stage=start msg=40 seq=5 ch=5 seen=1 at=51175
89469.474 [0] DBG_MESH_TX_STAGE stage=complete msg=40 seq=5 ch=5 seen=1 at=51178 ret=0
89469.474 [0] DBG_MESH_TX_STAGE stage=park msg=40 seq=5 ch=5 park_ret=0 release_ret=0
89469.474 [0] DBG_UWB_TX_CH5
89469.474 [0] DBG_ENUM_CONTROL_BURST state=end active=1
89469.474 [0] DBG_ENUM_CONTROL_BURST state=end active=0
89469.474 [0] DBG_ENUM_RX_SURVEY_CONSUMED epoch=23855131
89469.474 [0] DBG_SURVEY_TIMING ph=1 g=2 sl=2 h=3 n=51181 age=912 d=3830 s=54099 in=2918
89469.474 [0] DBG_MESH_RX_DRAIN_EXIT owner=work handled=1 q=0
89469.474 [0] DBG_MESH_RX_WORK_EXIT handled=1 q=0
89469.552 [0] DBG_STACK_RUN_BEGIN epoch=3543676270155205024 run=26 kind=anchor_scan owner=anchor_uwb_scan queue=0 custody=0 credit=0 retry=0 drain=0 src=16876665336513972910 dst=11068027678940948070 session=0 seq=0 type=48 sequence=0 previous=0 uptime=51264
89469.552 [0] DBG_STACK_SAMPLE_BEGIN epoch=3543676270155205024 run=26 sample=26 kind=anchor_scan owner=anchor_uwb_scan queue=0 custody=0 credit=0 retry=0 drain=0 src=16876665336513972910 dst=11068027678940948070 session=0 seq=0 type=48 uptime=51264
89469.552 [0] DBG_STACK_ISR_CONFIG size=8192 run=26 sample=26
89469.552 [0] DBG_STACK name=anchor_uwb_scan tid=0x2000ca08 used=3380 free=6604 size=9984 ret=0 run=26 sample=26
89469.552 [0] DBG_STACK name=mesh_route tid=0x2000b038 used=6976 free=2496 size=9472 ret=0 run=26 sample=26
89469.552 [0] DBG_STACK name=sysworkq tid=0x2000d980 used=800 free=4576 size=5376 ret=0 run=26 sample=26
89469.552 [0] DBG_STACK name=logging tid=0x2000cec0 used=520 free=1528 size=2048 ret=0 run=26 sample=26
89469.552 [0] DBG_STACK name=idle tid=0x2000d750 used=64 free=256 size=320 ret=0 run=26 sample=26
89469.552 [0] DBG_STACK_SAMPLE_END run=26 sample=26
89469.578 [0] DBG_STACK_RUN_END epoch=3543676270155205024 run=26 kind=anchor_scan owner=anchor_uwb_scan outcome=ack queue=0 custody=0 credit=0 retry=0 drain=0 src=16876665336513972910 dst=11068027678940948070 session=0 seq=0 type=48 samples=1 attempts=1 errors=0 last_error=0 mutex_drops=88 short_drops=1094 sequence=0 previous=0 uptime=51268
89471.479 [0] DBG_DWM_CH5_RX_HUNT_EMPTY s=51203 e=53204 ret=-116 sys=00000000 phy=4 cfg=1 aw=1 unk=0
89471.479 [0] DBG_DWM_CH5_RX_HUNT_START acq=795 complete=15 cap=1020
89472.275 [0] DBG_DWM_CH5_RX_HUNT_EMPTY s=53205 e=54000 ret=-116 sys=00000000 phy=4 cfg=1 aw=1 unk=0
89472.275 [0] DBG_ANCHOR_CH5_SCAN_DONE ret=-116 len=0 fail=1 pre=0 q=0 rx_us=2797027 complete=15
89472.275 [0] DBG_ANCHOR_CH5_SCAN_RESCHED ret=2 delay=0
89472.470 [0] DBG_DWM_RF_SCOPE_DROP local=3 remote=1 remote_clicker=0
89472.606 [0] DBG_DWM_INVALIDATE tag=configure_radio_from_reset active_phy=4 configured=1 awake=1
89472.606 [0] DBG_DWM_MARK_UNCONFIGURED tag=initialise_radio prev_phy=0
89472.606 [0] DBG_DWM_PHY_SWITCH from=4 to=2 fast=0 us=20874
89472.606 [0] DBG_DWM_CH5_RX_HUNT_START acq=61 complete=1000 cap=49
89472.666 [0] DBG_DWM_CH5_RX_ACTIVITY_EXTEND ret=0 status=0x00000100 complete=1000
89472.666 [0] DBG_DWM_CH5_RX_ACTIVITY_WAIT status=0x00000100 remain=12
89472.666 [0] DBG_DWM_CH5_RX_ACTIVITY_REARM status=0x00001300 fail=4 remain=11 rearm=1
89472.666 [0] DBG_DWM_CH5_RX_ACTIVITY_FAIL ret=-116 status=0x00000000 last=0x00000000 fail=4 activity=1 rearm=1
89472.666 [0] DBG_DWM_INVALIDATE tag=configure_radio_from_reset active_phy=2 configured=1 awake=1
89472.712 [0] DBG_DWM_MARK_UNCONFIGURED tag=initialise_radio prev_phy=0
89472.712 [0] DBG_STACK_RUN_BEGIN epoch=3543676270155205024 run=27 kind=anchor_scan owner=anchor_uwb_scan queue=0 custody=0 credit=0 retry=0 drain=0 src=16876665336513972910 dst=11068027678940948070 session=0 seq=0 type=48 sequence=0 previous=0 uptime=54401
89472.712 [0] DBG_STACK_SAMPLE_BEGIN epoch=3543676270155205024 run=27 sample=27 kind=anchor_scan owner=anchor_uwb_scan queue=0 custody=0 credit=0 retry=0 drain=0 src=16876665336513972910 dst=11068027678940948070 session=0 seq=0 type=48 uptime=54402
89472.712 [0] DBG_STACK_ISR_CONFIG size=8192 run=27 sample=27
89472.712 [0] DBG_STACK name=anchor_uwb_scan tid=0x2000ca08 used=5008 free=4976 size=9984 ret=0 run=27 sample=27
89472.712 [0] DBG_STACK name=mesh_route tid=0x2000b038 used=6976 free=2496 size=9472 ret=0 run=27 sample=27
89472.712 [0] DBG_STACK name=sysworkq tid=0x2000d980 used=800 free=4576 size=5376 ret=0 run=27 sample=27
89472.712 [0] DBG_STACK name=logging tid=0x2000cec0 used=520 free=1528 size=2048 ret=0 run=27 sample=27
89472.748 [0] DBG_STACK name=idle tid=0x2000d750 used=64 free=256 size=320 ret=0 run=27 sample=27
89472.748 [0] DBG_STACK_SAMPLE_END run=27 sample=27
89472.748 [0] DBG_STACK_RUN_END epoch=3543676270155205024 run=27 kind=anchor_scan owner=anchor_uwb_scan outcome=ack queue=0 custody=0 credit=0 retry=0 drain=0 src=16876665336513972910 dst=11068027678940948070 session=0 seq=0 type=48 samples=1 attempts=1 errors=0 last_error=0 mutex_drops=90 short_drops=1094 sequence=0 previous=0 uptime=54447
89472.796 [0] DBG_DWM_RF_SCOPE_DROP local=3 remote=1 remote_clicker=0
89472.944 [0] DBG_DWM_RF_SCOPE_DROP local=3 remote=1 remote_clicker=0
89472.998 [0] DBG_DWM_INVALIDATE tag=configure_radio_from_reset active_phy=4 configured=1 awake=1
89472.998 [0] DBG_DWM_MARK_UNCONFIGURED tag=initialise_radio prev_phy=0
89473.025 [0] DBG_DWM_PHY_SWITCH from=4 to=2 fast=0 us=21485
89473.025 [0] DBG_DWM_CH5_RX_HUNT_START acq=61 complete=1000 cap=49
89473.082 [0] DBG_DWM_CH5_RX_HUNT_EMPTY s=54731 e=54792 ret=-116 sys=00000000 phy=2 cfg=1 aw=1 unk=0
89473.082 [0] DBG_DWM_INVALIDATE tag=configure_radio_from_reset active_phy=2 configured=1 awake=1
89473.082 [0] DBG_DWM_MARK_UNCONFIGURED tag=initialise_radio prev_phy=0
89473.110 [0] DBG_DWM_PHY_SWITCH from=2 to=4 fast=0 us=21514
89473.110 [0] DBG_DWM_WAKE_MESH_CTRL_OK sfd=1033
89473.110 [0] DBG_DWM_RF_SCOPE_DROP local=3 remote=1 remote_clicker=0
89473.412 [0] DBG_DWM_INVALIDATE tag=configure_radio_from_reset active_phy=4 configured=1 awake=1
89473.412 [0] DBG_DWM_MARK_UNCONFIGURED tag=initialise_radio prev_phy=0
89473.412 [0] DBG_DWM_PHY_SWITCH from=4 to=2 fast=0 us=20905
89473.412 [0] DBG_DWM_CH5_RX_HUNT_START acq=61 complete=1000 cap=49
89473.489 [0] DBG_DWM_CH5_RX_HUNT_EMPTY s=55135 e=55197 ret=-116 sys=00000000 phy=2 cfg=1 aw=1 unk=0
89473.489 [0] DBG_DWM_INVALIDATE tag=configure_radio_from_reset active_phy=2 configured=1 awake=1
89473.489 [0] DBG_DWM_MARK_UNCONFIGURED tag=initialise_radio prev_phy=0
89473.489 [0] DBG_DWM_PHY_SWITCH from=2 to=4 fast=0 us=20874
89473.489 [0] DBG_DWM_WAKE_MESH_CTRL_OK sfd=1033
89473.808 [0] DBG_DWM_INVALIDATE tag=configure_radio_from_reset active_phy=4 configured=1 awake=1
89473.808 [0] DBG_DWM_MARK_UNCONFIGURED tag=initialise_radio prev_phy=0
89473.836 [0] DBG_DWM_PHY_SWITCH from=4 to=2 fast=0 us=21515
89473.836 [0] DBG_DWM_CH5_RX_HUNT_START acq=61 complete=1000 cap=49
89473.893 [0] DBG_DWM_CH5_RX_HUNT_EMPTY s=55542 e=55603 ret=-116 sys=00000000 phy=2 cfg=1 aw=1 unk=0
89473.893 [0] DBG_DWM_INVALIDATE tag=configure_radio_from_reset active_phy=2 configured=1 awake=1
89473.893 [0] DBG_DWM_MARK_UNCONFIGURED tag=initialise_radio prev_phy=0
89473.920 [0] DBG_DWM_PHY_SWITCH from=2 to=4 fast=0 us=21485
89473.920 [0] DBG_DWM_WAKE_MESH_CTRL_OK sfd=1033
89474.196 [0] DBG_DWM_INVALIDATE tag=configure_radio_from_reset active_phy=4 configured=1 awake=1
89474.226 [0] DBG_DWM_MARK_UNCONFIGURED tag=initialise_radio prev_phy=0
89474.226 [0] DBG_DWM_PHY_SWITCH from=4 to=2 fast=0 us=21484
89474.226 [0] DBG_DWM_CH5_RX_HUNT_START acq=61 complete=1000 cap=49
89474.304 [0] DBG_DWM_CH5_RX_HUNT_EMPTY s=55948 e=56009 ret=-116 sys=00000000 phy=2 cfg=1 aw=1 unk=0
89474.304 [0] DBG_DWM_INVALIDATE tag=configure_radio_from_reset active_phy=2 configured=1 awake=1
89474.304 [0] DBG_DWM_MARK_UNCONFIGURED tag=initialise_radio prev_phy=0
89474.304 [0] DBG_DWM_PHY_SWITCH from=2 to=4 fast=0 us=21484
89474.304 [0] DBG_DWM_WAKE_MESH_CTRL_OK sfd=1033
89474.600 [0] DBG_DWM_INVALIDATE tag=configure_radio_from_reset active_phy=4 configured=1 awake=1
89474.640 [0] DBG_DWM_MARK_UNCONFIGURED tag=initialise_radio prev_phy=0
89474.640 [0] DBG_DWM_PHY_SWITCH from=4 to=2 fast=0 us=21484
89474.640 [0] DBG_DWM_CH5_RX_HUNT_START acq=6 complete=1000 cap=49
89474.640 [0] DBG_DWM_CH5_RX_HUNT_EMPTY s=56353 e=56360 ret=-116 sys=00000000 phy=2 cfg=1 aw=1 unk=0
89474.640 [0] DBG_DWM_INVALIDATE tag=configure_radio_from_reset active_phy=2 configured=1 awake=1
89474.672 [0] DBG_DWM_MARK_UNCONFIGURED tag=initialise_radio prev_phy=0
89474.672 [0] DBG_DWM_PHY_SWITCH from=2 to=4 fast=0 us=21485
89474.672 [0] DBG_DWM_WAKE_MESH_CTRL_OK sfd=1033
89474.976 [0] DBG_DWM_INVALIDATE tag=configure_radio_from_reset active_phy=4 configured=1 awake=1
89474.976 [0] DBG_DWM_MARK_UNCONFIGURED tag=initialise_radio prev_phy=0
89474.976 [0] DBG_DWM_PHY_SWITCH from=4 to=2 fast=0 us=21484
89474.976 [0] DBG_DWM_CH5_RX_HUNT_START acq=61 complete=1000 cap=49
89475.035 [0] DBG_DWM_CH5_RX_HUNT_EMPTY s=56704 e=56765 ret=-116 sys=00000000 phy=2 cfg=1 aw=1 unk=0
89475.035 [0] DBG_DWM_INVALIDATE tag=configure_radio_from_reset active_phy=2 configured=1 awake=1
89475.061 [0] DBG_DWM_MARK_UNCONFIGURED tag=initialise_radio prev_phy=0
89475.061 [0] DBG_DWM_PHY_SWITCH from=2 to=4 fast=0 us=21484
89475.061 [0] DBG_DWM_WAKE_MESH_CTRL_OK sfd=1033
89475.360 [0] DBG_DWM_INVALIDATE tag=configure_radio_from_reset active_phy=4 configured=1 awake=1
89475.397 [0] DBG_DWM_MARK_UNCONFIGURED tag=initialise_radio prev_phy=0
89475.397 [0] DBG_DWM_PHY_SWITCH from=4 to=2 fast=0 us=20874
89475.397 [0] DBG_DWM_INVALIDATE tag=configure_radio_from_reset active_phy=2 configured=1 awake=1
89475.397 [0] DBG_DWM_MARK_UNCONFIGURED tag=initialise_radio prev_phy=0
89475.422 [0] DBG_DWM_PHY_SWITCH from=2 to=4 fast=0 us=20874
89475.422 [0] DBG_DWM_WAKE_MESH_CTRL_OK sfd=1033
89475.447 [0] DBG_DWM_RF_SCOPE_DROP local=3 remote=1 remote_clicker=0
89475.567 [0] DBG_DWM_RF_SCOPE_DROP local=3 remote=1 remote_clicker=0
89475.567 [0] DBG_DWM_RF_SCOPE_DROP local=3 remote=0 remote_clicker=0
89475.719 [0] DBG_DWM_INVALIDATE tag=configure_radio_from_reset active_phy=4 configured=1 awake=1
89475.750 [0] DBG_DWM_MARK_UNCONFIGURED tag=initialise_radio prev_phy=0
89475.750 [0] DBG_DWM_PHY_SWITCH from=4 to=2 fast=0 us=21546
89475.750 [0] DBG_DWM_CH5_RX_HUNT_START acq=61 complete=1000 cap=49
89475.805 [0] DBG_DWM_CH5_RX_HUNT_EMPTY s=57462 e=57523 ret=-116 sys=00000000 phy=2 cfg=1 aw=1 unk=0
89475.805 [0] DBG_DWM_INVALIDATE tag=configure_radio_from_reset active_phy=2 configured=1 awake=1
89475.834 [0] DBG_DWM_MARK_UNCONFIGURED tag=initialise_radio prev_phy=0
89475.834 [0] DBG_DWM_PHY_SWITCH from=2 to=4 fast=0 us=21515
89475.834 [0] DBG_DWM_WAKE_MESH_CTRL_OK sfd=1033
89476.132 [0] DBG_DWM_INVALIDATE tag=configure_radio_from_reset active_phy=4 configured=1 awake=1
89476.166 [0] DBG_DWM_MARK_UNCONFIGURED tag=initialise_radio prev_phy=0
89476.166 [0] DBG_DWM_PHY_SWITCH from=4 to=2 fast=0 us=21514
89476.166 [0] DBG_DWM_CH5_RX_HUNT_START acq=61 complete=1000 cap=49
89476.226 [0] DBG_DWM_CH5_RX_HUNT_EMPTY s=57868 e=57929 ret=-116 sys=00000000 phy=2 cfg=1 aw=1 unk=0
89476.226 [0] DBG_DWM_INVALIDATE tag=configure_radio_from_reset active_phy=2 configured=1 awake=1
89476.226 [0] DBG_DWM_MARK_UNCONFIGURED tag=initialise_radio prev_phy=0
89476.226 [0] DBG_DWM_PHY_SWITCH from=2 to=4 fast=0 us=21485
89476.226 [0] DBG_DWM_WAKE_MESH_CTRL_OK sfd=1033
89476.544 [0] DBG_DWM_INVALIDATE tag=configure_radio_from_reset active_phy=4 configured=1 awake=1
89476.544 [0] DBG_DWM_MARK_UNCONFIGURED tag=initialise_radio prev_phy=0
89476.544 [0] DBG_DWM_PHY_SWITCH from=4 to=2 fast=0 us=21484
89476.544 [0] DBG_DWM_CH5_RX_HUNT_START acq=61 complete=1000 cap=49
89476.622 [0] DBG_DWM_CH5_RX_HUNT_EMPTY s=58274 e=58335 ret=-116 sys=00000000 phy=2 cfg=1 aw=1 unk=0
89476.622 [0] DBG_DWM_INVALIDATE tag=configure_radio_from_reset active_phy=2 configured=1 awake=1
89476.622 [0] DBG_DWM_MARK_UNCONFIGURED tag=initialise_radio prev_phy=0
89476.650 [0] DBG_DWM_PHY_SWITCH from=2 to=4 fast=0 us=21484
89476.650 [0] DBG_DWM_WAKE_MESH_CTRL_OK sfd=1033
89476.943 [0] DBG_DWM_INVALIDATE tag=configure_radio_from_reset active_phy=4 configured=1 awake=1
89476.943 [0] DBG_DWM_MARK_UNCONFIGURED tag=initialise_radio prev_phy=0
89476.972 [0] DBG_DWM_PHY_SWITCH from=4 to=2 fast=0 us=21485
89476.972 [0] DBG_DWM_CH5_RX_HUNT_START acq=61 complete=1000 cap=49
89477.030 [0] DBG_DWM_CH5_RX_HUNT_EMPTY s=58680 e=58741 ret=-116 sys=00000000 phy=2 cfg=1 aw=1 unk=0
89477.030 [0] DBG_DWM_INVALIDATE tag=configure_radio_from_reset active_phy=2 configured=1 awake=1
89477.030 [0] DBG_DWM_MARK_UNCONFIGURED tag=initialise_radio prev_phy=0
89477.057 [0] DBG_DWM_PHY_SWITCH from=2 to=4 fast=0 us=21484
89477.057 [0] DBG_DWM_WAKE_MESH_CTRL_OK sfd=1033
89477.105 [0] DBG_DWM_RF_SCOPE_DROP local=3 remote=1 remote_clicker=0
89477.354 [0] DBG_DWM_INVALIDATE tag=configure_radio_from_reset active_phy=4 configured=1 awake=1
89477.354 [0] DBG_DWM_MARK_UNCONFIGURED tag=initialise_radio prev_phy=0
89477.354 [0] DBG_DWM_PHY_SWITCH from=4 to=2 fast=0 us=20874
89477.386 [0] DBG_DWM_CH5_RX_HUNT_START acq=61 complete=1000 cap=49
89477.418 [0] DBG_DWM_CH5_RX_HUNT_EMPTY s=59086 e=59147 ret=-116 sys=00000000 phy=2 cfg=1 aw=1 unk=0
89477.418 [0] DBG_DWM_INVALIDATE tag=configure_radio_from_reset active_phy=2 configured=1 awake=1
89477.450 [0] DBG_DWM_MARK_UNCONFIGURED tag=initialise_radio prev_phy=0
89477.450 [0] DBG_DWM_PHY_SWITCH from=2 to=4 fast=0 us=20905
89477.450 [0] DBG_DWM_WAKE_MESH_CTRL_OK sfd=1033
89477.742 [0] DBG_DWM_INVALIDATE tag=configure_radio_from_reset active_phy=4 configured=1 awake=1
89477.774 [0] DBG_DWM_MARK_UNCONFIGURED tag=initialise_radio prev_phy=0
89477.774 [0] DBG_DWM_PHY_SWITCH from=4 to=2 fast=0 us=21515
89477.774 [0] DBG_DWM_CH5_RX_HUNT_START acq=61 complete=1000 cap=49
89477.829 [0] DBG_DWM_CH5_RX_HUNT_EMPTY s=59491 e=59552 ret=-116 sys=00000000 phy=2 cfg=1 aw=1 unk=0
89477.829 [0] DBG_DWM_INVALIDATE tag=configure_radio_from_reset active_phy=2 configured=1 awake=1
89477.858 [0] DBG_DWM_MARK_UNCONFIGURED tag=initialise_radio prev_phy=0
89477.858 [0] DBG_DWM_PHY_SWITCH from=2 to=4 fast=0 us=21485
89477.858 [0] DBG_DWM_WAKE_MESH_CTRL_OK sfd=1033
89478.150 [0] DBG_DWM_INVALIDATE tag=configure_radio_from_reset active_phy=4 configured=1 awake=1
89478.180 [0] DBG_DWM_MARK_UNCONFIGURED tag=initialise_radio prev_phy=0
89478.180 [0] DBG_DWM_PHY_SWITCH from=4 to=2 fast=0 us=21484
89478.180 [0] DBG_DWM_CH5_RX_HUNT_START acq=61 complete=1000 cap=49
89478.235 [0] DBG_DWM_CH5_RX_HUNT_EMPTY s=59897 e=59958 ret=-116 sys=00000000 phy=2 cfg=1 aw=1 unk=0
89478.235 [0] DBG_DWM_INVALIDATE tag=configure_radio_from_reset active_phy=2 configured=1 awake=1
89478.266 [0] DBG_DWM_MARK_UNCONFIGURED tag=initialise_radio prev_phy=0
89478.266 [0] DBG_DWM_PHY_SWITCH from=2 to=4 fast=0 us=21485
89478.266 [0] DBG_DWM_WAKE_MESH_CTRL_OK sfd=1033
89478.415 [0] DBG_DWM_RF_SCOPE_DROP local=3 remote=1 remote_clicker=0
89478.562 [0] DBG_DWM_INVALIDATE tag=configure_radio_from_reset active_phy=4 configured=1 awake=1
89478.593 [0] DBG_DWM_MARK_UNCONFIGURED tag=initialise_radio prev_phy=0
89478.593 [0] DBG_DWM_PHY_SWITCH from=4 to=2 fast=0 us=21484
89478.593 [0] DBG_DWM_CH5_RX_HUNT_START acq=61 complete=1000 cap=49
89478.653 [0] DBG_DWM_CH5_RX_HUNT_EMPTY s=60303 e=60364 ret=-116 sys=00000000 phy=2 cfg=1 aw=1 unk=0
89478.653 [0] DBG_DWM_INVALIDATE tag=configure_radio_from_reset active_phy=2 configured=1 awake=1
89478.653 [0] DBG_DWM_MARK_UNCONFIGURED tag=initialise_radio prev_phy=0
89478.682 [0] DBG_DWM_PHY_SWITCH from=2 to=4 fast=0 us=21485
89478.682 [0] DBG_DWM_WAKE_MESH_CTRL_OK sfd=1033
89478.707 [0] DBG_SURVEY_LANE_ACK g=2 k=1 h=3 rec=2 t=3288
89478.976 [0] DBG_DWM_INVALIDATE tag=configure_radio_from_reset active_phy=4 configured=1 awake=1
89478.976 [0] DBG_DWM_MARK_UNCONFIGURED tag=initialise_radio prev_phy=0
89479.002 [0] DBG_DWM_PHY_SWITCH from=4 to=2 fast=0 us=21484
89479.002 [0] DBG_DWM_CH5_RX_HUNT_START acq=61 complete=1000 cap=49
89479.061 [0] DBG_DWM_CH5_RX_HUNT_EMPTY s=60709 e=60770 ret=-116 sys=00000000 phy=2 cfg=1 aw=1 unk=0
89479.061 [0] DBG_DWM_INVALIDATE tag=configure_radio_from_reset active_phy=2 configured=1 awake=1
89479.061 [0] DBG_DWM_MARK_UNCONFIGURED tag=initialise_radio prev_phy=0
89479.088 [0] DBG_DWM_PHY_SWITCH from=2 to=4 fast=0 us=21484
89479.088 [0] DBG_DWM_WAKE_MESH_CTRL_OK sfd=1033
89479.393 [0] DBG_DWM_INVALIDATE tag=configure_radio_from_reset active_phy=4 configured=1 awake=1
89479.393 [0] DBG_DWM_MARK_UNCONFIGURED tag=initialise_radio prev_phy=0
89479.393 [0] DBG_DWM_PHY_SWITCH from=4 to=2 fast=0 us=20904
89479.393 [0] DBG_DWM_CH5_RX_HUNT_START acq=61 complete=1000 cap=49
89479.448 [0] DBG_DWM_CH5_RX_HUNT_EMPTY s=61114 e=61176 ret=-116 sys=00000000 phy=2 cfg=1 aw=1 unk=0
89479.448 [0] DBG_DWM_INVALIDATE tag=configure_radio_from_reset active_phy=2 configured=1 awake=1
89479.478 [0] DBG_DWM_MARK_UNCONFIGURED tag=initialise_radio prev_phy=0
89479.478 [0] DBG_DWM_PHY_SWITCH from=2 to=4 fast=0 us=20904
89479.478 [0] DBG_DWM_WAKE_MESH_CTRL_OK sfd=1033
89479.769 [0] DBG_DWM_INVALIDATE tag=configure_radio_from_reset active_phy=4 configured=1 awake=1
89479.800 [0] DBG_DWM_MARK_UNCONFIGURED tag=initialise_radio prev_phy=0
89479.800 [0] DBG_DWM_PHY_SWITCH from=4 to=2 fast=0 us=21515
89479.800 [0] DBG_DWM_CH5_RX_HUNT_START acq=61 complete=1000 cap=49
89479.855 [0] DBG_DWM_CH5_RX_HUNT_EMPTY s=61520 e=61581 ret=-116 sys=00000000 phy=2 cfg=1 aw=1 unk=0
89479.855 [0] DBG_DWM_INVALIDATE tag=configure_radio_from_reset active_phy=2 configured=1 awake=1
89479.895 [0] DBG_DWM_MARK_UNCONFIGURED tag=initialise_radio prev_phy=0
89479.895 [0] DBG_DWM_PHY_SWITCH from=2 to=4 fast=0 us=21515
89479.895 [0] DBG_DWM_WAKE_MESH_CTRL_OK sfd=1033
89480.189 [0] DBG_DWM_INVALIDATE tag=configure_radio_from_reset active_phy=4 configured=1 awake=1
89480.189 [0] DBG_DWM_MARK_UNCONFIGURED tag=initialise_radio prev_phy=0
89480.220 [0] DBG_DWM_PHY_SWITCH from=4 to=2 fast=0 us=21515
89480.220 [0] DBG_DWM_CH5_RX_HUNT_START acq=61 complete=1000 cap=49
89480.279 [0] DBG_DWM_CH5_RX_HUNT_EMPTY s=61926 e=61987 ret=-116 sys=00000000 phy=2 cfg=1 aw=1 unk=0
89480.279 [0] DBG_DWM_INVALIDATE tag=configure_radio_from_reset active_phy=2 configured=1 awake=1
89480.279 [0] DBG_DWM_MARK_UNCONFIGURED tag=initialise_radio prev_phy=0
89480.279 [0] DBG_DWM_PHY_SWITCH from=2 to=4 fast=0 us=21515
89480.279 [0] DBG_DWM_WAKE_MESH_CTRL_OK sfd=1033
89480.328 [0] DBG_DWM_RF_SCOPE_DROP local=3 remote=1 remote_clicker=0
89480.450 [0] DBG_DWM_RF_SCOPE_DROP local=3 remote=1 remote_clicker=0
89480.477 [0] DBG_DWM_RF_SCOPE_DROP local=3 remote=0 remote_clicker=0
89480.605 [0] DBG_DWM_INVALIDATE tag=configure_radio_from_reset active_phy=4 configured=1 awake=1
89480.605 [0] DBG_DWM_MARK_UNCONFIGURED tag=initialise_radio prev_phy=0
89480.605 [0] DBG_DWM_PHY_SWITCH from=4 to=2 fast=0 us=21515
89480.605 [0] DBG_DWM_CH5_RX_HUNT_START acq=58 complete=1000 cap=49
89480.667 [0] DBG_DWM_CH5_RX_HUNT_EMPTY s=62332 e=62390 ret=-116 sys=00000000 phy=2 cfg=1 aw=1 unk=0
89480.667 [0] DBG_DWM_INVALIDATE tag=configure_radio_from_reset active_phy=2 configured=1 awake=1
89480.704 [0] DBG_DWM_MARK_UNCONFIGURED tag=initialise_radio prev_phy=0
89480.704 [0] DBG_DWM_PHY_SWITCH from=2 to=4 fast=0 us=21515
89480.704 [0] DBG_DWM_WAKE_MESH_CTRL_OK sfd=1033
89480.704 [0] DBG_SURVEY_LANE_END g=2 k=1 h=3 rec=2 ack=3288 dur=5273
89480.704 [0] DBG_SURVEY_ANCHOR_WORK gen=2 action=1 ret=1
89480.704 [0] DBG_ANCHOR_CH5_SCAN_RESCHED ret=0 delay=0
89480.704 [0] DBG_ANCHOR_CH5_SCAN_HANDLER role=2
89480.704 [0] DBG_ANCHOR_CH5_SCAN_ARM now=62413 win=2000 complete=15 interval=380 wait=0 tx=0 response=0
89480.704 [0] DBG_DWM_CH5_RX_HUNT_START acq=2000 complete=15 cap=1020
89481.153 [0] DBG_DWM_CH5_RX_ACTIVITY_EXTEND ret=0 status=0x00000100 complete=15
89481.153 [0] DBG_DWM_CH5_RX_ACTIVITY_WAIT status=0x00000100 remain=15
89481.153 [0] DBG_DWM_RF_SCOPE_DROP local=3 remote=0 remote_clicker=0
89481.189 [0] DBG_DWM_CH5_RX_ACTIVITY_WAIT status=0x00000100 remain=15
89481.189 [0] DBG_DWM_RF_SCOPE_DROP local=3 remote=0 remote_clicker=0
89481.255 [0] DBG_DWM_CH5_RX_ACTIVITY_WAIT status=0x00000100 remain=15
89481.255 [0] DBG_DWM_RF_SCOPE_DROP local=3 remote=0 remote_clicker=0
89481.325 [0] DBG_DWM_CH5_RX_ACTIVITY_WAIT status=0x00000100 remain=15
89481.325 [0] DBG_DWM_RF_SCOPE_DROP local=3 remote=0 remote_clicker=0
89481.402 [0] DBG_DWM_CH5_RX_ACTIVITY_WAIT status=0x00000100 remain=15
89481.402 [0] DBG_DWM_RF_SCOPE_DROP local=3 remote=0 remote_clicker=0
89481.402 [0] DBG_DWM_CH5_RX_ACTIVITY_WAIT status=0x00000100 remain=15
89481.402 [0] DBG_DWM_RF_SCOPE_DROP local=3 remote=1 remote_clicker=0
89481.444 [0] DBG_DWM_CH5_RX_ACTIVITY_WAIT status=0x00000100 remain=15
89481.444 [0] DBG_DWM_RF_SCOPE_DROP local=3 remote=0 remote_clicker=0
89481.444 [0] DBG_DWM_CH5_RX_ACTIVITY_WAIT status=0x00000100 remain=15
89481.444 [0] DBG_DWM_RF_SCOPE_DROP local=3 remote=1 remote_clicker=0
89481.524 [0] DBG_DWM_CH5_RX_ACTIVITY_WAIT status=0x00000100 remain=15
89481.524 [0] DBG_DWM_RF_SCOPE_DROP local=3 remote=0 remote_clicker=0
89481.565 [0] DBG_DWM_CH5_RX_ACTIVITY_WAIT status=0x00000100 remain=15
89481.565 [0] DBG_DWM_RF_SCOPE_DROP local=3 remote=0 remote_clicker=0
89481.649 [0] DBG_DWM_CH5_RX_ACTIVITY_WAIT status=0x00000100 remain=15
89481.649 [0] DBG_DWM_RF_SCOPE_DROP local=3 remote=0 remote_clicker=0
89481.694 [0] DBG_DWM_CH5_RX_ACTIVITY_WAIT status=0x00000100 remain=15
89481.694 [0] DBG_DWM_CH5_RX_ACTIVITY_DONE raw=256 payload=254 status=0x00006f00 rearm=11 extended=1
89481.694 [0] DBG_ANCHOR_CH5_SCAN_DONE ret=0 len=254 fail=0 pre=1 q=100 rx_us=2000000 complete=15
89481.694 [0] DBG_UWB_RX_CH5
89481.694 [0] DBG_ANCHOR_CH5_FRAME len=254 q=100 wake_ret=-8
89481.694 [0] DBG_UWB_RX_CH5
89481.694 [0] DBG_MESH_RX_QUEUED ch=5 msg=0x40 src=0x9999888877776666 dst=0x0 prev=0x9699122bd60a64e3 seq=6 q=1
89481.694 [0] DBG_MESH_RX_DEFERRED q=1 msg=0x40
89481.694 [0] DBG_ANCHOR_MESH_RX_HANDOFF_DEFERRED q=1 delay=380 rf=0
89481.694 [0] DBG_MESH_RX_WORK_WAIT q=1
89481.694 [0] DBG_MESH_RX_WORK_ENTER q=1
89481.694 [0] DBG_MESH_RX_DRAIN_ENTER owner=work q=1
89481.694 [0] DBG_C5_CONTACT phase=closing state=4 peer=0x9699122bd60a64e3 purpose=gateway_command_flood reason=expired
89481.694 [0] DBG_C5_CONTACT phase=open state=2 peer=0x9699122bd60a64e3 purpose=gateway_command_flood reason=c5-control-rx
89481.694 [0] DBG_C5_CONTACT phase=accepted state=2 peer=0x9699122bd60a64e3 purpose=gateway_command_flood reason=c5-control-rx
89481.694 [0] DBG_ENUM_CONTROL_BURST state=begin msg=40 seq=6 active=1
89481.694 [0] DBG_MESH_RX_SUBMIT ret=1 q=0 routeq=1
89481.739 [0] DBG_ANCHOR_CH5_SCAN_HANDLER role=2
89481.739 [0] DBG_ANCHOR_CH5_SCAN_BLOCKED win=0 tx=0 retry_gap=0 flood=1 wait=0 rx=0 rxq=0 rxr=0 ack=0 ch9=0 rf=0 retry=5 interval=380
89481.739 [0] DBG_SCAN_SKIPPED reason=blocked
89481.739 [0] DBG_ANCHOR_CH5_SCAN_RESCHED ret=1 delay=5
89481.739 [0] DBG_ANCHOR_CH5_SCAN_HANDLER role=2
89481.739 [0] DBG_ANCHOR_CH5_SCAN_BLOCKED win=0 tx=0 retry_gap=0 flood=1 wait=0 rx=0 rxq=0 rxr=0 ack=0 ch9=0 rf=0 retry=5 interval=380
89481.739 [0] DBG_SCAN_SKIPPED reason=blocked
89481.739 [0] DBG_ANCHOR_CH5_SCAN_RESCHED ret=1 delay=5
89481.739 [0] DBG_ANCHOR_CH5_SCAN_HANDLER role=2
89481.739 [0] DBG_ANCHOR_CH5_SCAN_BLOCKED win=0 tx=0 retry_gap=0 flood=1 wait=0 rx=0 rxq=0 rxr=0 ack=0 ch9=0 rf=0 retry=5 interval=380
89481.739 [0] DBG_SCAN_SKIPPED reason=blocked
89481.739 [0] DBG_ANCHOR_CH5_SCAN_RESCHED ret=1 delay=5
89481.739 [0] DBG_ANCHOR_CH5_SCAN_HANDLER role=2
89481.739 [0] DBG_ANCHOR_CH5_SCAN_BLOCKED win=0 tx=0 retry_gap=0 flood=1 wait=0 rx=0 rxq=0 rxr=0 ack=0 ch9=0 rf=0 retry=5 interval=380
89481.739 [0] DBG_SCAN_SKIPPED reason=blocked
89481.739 [0] DBG_ANCHOR_CH5_SCAN_RESCHED ret=1 delay=5
89481.739 [0] DBG_ANCHOR_CH5_SCAN_HANDLER role=2
89481.739 [0] DBG_SCAN_SKIPPED reason=blocked
89481.739 [0] DBG_ANCHOR_CH5_SCAN_HANDLER role=2
89481.786 [0] DBG_ANCHOR_CH5_SCAN_HANDLER role=2
89481.786 [0] DBG_ANCHOR_CH5_SCAN_BLOCKED win=0 tx=0 retry_gap=0 flood=1 wait=0 rx=0 rxq=0 rxr=0 ack=0 ch9=0 rf=0 retry=5 interval=380
89481.786 [0] DBG_SCAN_SKIPPED reason=blocked
89481.786 [0] DBG_ANCHOR_CH5_SCAN_RESCHED ret=1 delay=5
89481.786 [0] DBG_ANCHOR_CH5_SCAN_HANDLER role=2
89481.786 [0] DBG_ANCHOR_CH5_SCAN_BLOCKED win=0 tx=0 retry_gap=0 flood=1 wait=0 rx=0 rxq=0 rxr=0 ack=0 ch9=0 rf=0 retry=5 interval=380
89481.786 [0] DBG_SCAN_SKIPPED reason=blocked
89481.786 [0] DBG_ANCHOR_CH5_SCAN_RESCHED ret=1 delay=5
89481.786 [0] DBG_ANCHOR_CH5_SCAN_HANDLER role=2
89481.786 [0] DBG_ANCHOR_CH5_SCAN_BLOCKED win=0 tx=0 retry_gap=0 flood=1 wait=0 rx=0 rxq=0 rxr=0 ack=0 ch9=0 rf=0 retry=5 interval=380
89481.786 [0] DBG_SCAN_SKIPPED reason=blocked
89481.786 [0] DBG_ANCHOR_CH5_SCAN_RESCHED ret=1 delay=5
89481.786 [0] DBG_ANCHOR_CH5_SCAN_HANDLER role=2
89481.786 [0] DBG_ANCHOR_CH5_SCAN_BLOCKED win=0 tx=0 retry_gap=0 flood=1 wait=0 rx=0 rxq=0 rxr=0 ack=0 ch9=0 rf=0 retry=5 interval=380
89481.786 [0] DBG_SCAN_SKIPPED reason=blocked
89481.786 [0] DBG_ANCHOR_CH5_SCAN_RESCHED ret=1 delay=5
89481.786 [0] DBG_ANCHOR_CH5_SCAN_HANDLER role=2
89481.786 [0] DBG_SCAN_SKIPPED reason=blocked
89481.786 [0] DBG_ANCHOR_CH5_SCAN_HANDLER role=2
89481.833 [0] DBG_ANCHOR_CH5_SCAN_HANDLER role=2
89481.833 [0] DBG_ANCHOR_CH5_SCAN_BLOCKED win=0 tx=0 retry_gap=0 flood=1 wait=0 rx=0 rxq=0 rxr=0 ack=0 ch9=0 rf=0 retry=5 interval=380
89481.833 [0] DBG_SCAN_SKIPPED reason=blocked
89481.833 [0] DBG_ANCHOR_CH5_SCAN_RESCHED ret=1 delay=5
89481.833 [0] DBG_ANCHOR_CH5_SCAN_HANDLER role=2
89481.833 [0] DBG_ANCHOR_CH5_SCAN_BLOCKED win=0 tx=0 retry_gap=0 flood=1 wait=0 rx=0 rxq=0 rxr=0 ack=0 ch9=0 rf=0 retry=5 interval=380
89481.833 [0] DBG_SCAN_SKIPPED reason=blocked
89481.833 [0] DBG_ANCHOR_CH5_SCAN_RESCHED ret=1 delay=5
89481.833 [0] DBG_ANCHOR_CH5_SCAN_HANDLER role=2
89481.833 [0] DBG_ANCHOR_CH5_SCAN_BLOCKED win=0 tx=0 retry_gap=0 flood=1 wait=0 rx=0 rxq=0 rxr=0 ack=0 ch9=0 rf=0 retry=5 interval=380
89481.833 [0] DBG_SCAN_SKIPPED reason=blocked
89481.833 [0] DBG_ANCHOR_CH5_SCAN_RESCHED ret=1 delay=5
89481.833 [0] DBG_ANCHOR_CH5_SCAN_HANDLER role=2
89481.833 [0] DBG_ANCHOR_CH5_SCAN_BLOCKED win=0 tx=0 retry_gap=0 flood=1 wait=0 rx=0 rxq=0 rxr=0 ack=0 ch9=0 rf=0 retry=5 interval=380
89481.833 [0] DBG_SCAN_SKIPPED reason=blocked
89481.833 [0] DBG_ANCHOR_CH5_SCAN_RESCHED ret=1 delay=5
89481.833 [0] DBG_ANCHOR_CH5_SCAN_HANDLER role=2
89481.833 [0] DBG_SCAN_SKIPPED reason=blocked
89481.833 [0] DBG_ANCHOR_CH5_SCAN_HANDLER role=2
89481.873 [0] DBG_ANCHOR_CH5_SCAN_HANDLER role=2
89481.873 [0] DBG_ANCHOR_CH5_SCAN_BLOCKED win=0 tx=0 retry_gap=0 flood=1 wait=0 rx=0 rxq=0 rxr=0 ack=0 ch9=0 rf=0 retry=5 interval=380
89481.873 [0] DBG_SCAN_SKIPPED reason=blocked
89481.873 [0] DBG_ANCHOR_CH5_SCAN_RESCHED ret=1 delay=5
89481.873 [0] DBG_ANCHOR_CH5_SCAN_HANDLER role=2
89481.873 [0] DBG_ANCHOR_CH5_SCAN_BLOCKED win=0 tx=0 retry_gap=0 flood=1 wait=0 rx=0 rxq=0 rxr=0 ack=0 ch9=0 rf=0 retry=5 interval=380
89481.873 [0] DBG_SCAN_SKIPPED reason=blocked
89481.873 [0] DBG_ANCHOR_CH5_SCAN_RESCHED ret=1 delay=5
89481.873 [0] DBG_ANCHOR_CH5_SCAN_HANDLER role=2
89481.873 [0] DBG_ANCHOR_CH5_SCAN_BLOCKED win=0 tx=0 retry_gap=0 flood=1 wait=0 rx=0 rxq=0 rxr=0 ack=0 ch9=0 rf=0 retry=5 interval=380
89481.873 [0] DBG_SCAN_SKIPPED reason=blocked
89481.873 [0] DBG_ANCHOR_CH5_SCAN_RESCHED ret=1 delay=5
89481.873 [0] DBG_ANCHOR_CH5_SCAN_HANDLER role=2
89481.873 [0] DBG_ANCHOR_CH5_SCAN_BLOCKED win=0 tx=0 retry_gap=0 flood=1 wait=0 rx=0 rxq=0 rxr=0 ack=0 ch9=0 rf=0 retry=5 interval=380
89481.873 [0] DBG_SCAN_SKIPPED reason=blocked
89481.873 [0] DBG_ANCHOR_CH5_SCAN_RESCHED ret=1 delay=5
89481.873 [0] DBG_ANCHOR_CH5_SCAN_HANDLER role=2
89481.873 [0] DBG_SCAN_SKIPPED reason=blocked
89481.873 [0] DBG_ANCHOR_CH5_SCAN_HANDLER role=2
89481.906 [0] DBG_ANCHOR_CH5_SCAN_HANDLER role=2
89481.906 [0] DBG_ANCHOR_CH5_SCAN_BLOCKED win=0 tx=0 retry_gap=0 flood=1 wait=0 rx=0 rxq=0 rxr=0 ack=0 ch9=0 rf=0 retry=5 interval=380
89481.906 [0] DBG_SCAN_SKIPPED reason=blocked
89481.906 [0] DBG_ANCHOR_CH5_SCAN_RESCHED ret=1 delay=5
89481.906 [0] DBG_ANCHOR_CH5_SCAN_HANDLER role=2
89481.906 [0] DBG_ANCHOR_CH5_SCAN_BLOCKED win=0 tx=0 retry_gap=0 flood=1 wait=0 rx=0 rxq=0 rxr=0 ack=0 ch9=0 rf=0 retry=5 interval=380
89481.906 [0] DBG_SCAN_SKIPPED reason=blocked
89481.906 [0] DBG_ANCHOR_CH5_SCAN_RESCHED ret=1 delay=5
89481.906 [0] DBG_ANCHOR_CH5_SCAN_HANDLER role=2
89481.906 [0] DBG_ANCHOR_CH5_SCAN_BLOCKED win=0 tx=0 retry_gap=0 flood=1 wait=0 rx=0 rxq=0 rxr=0 ack=0 ch9=0 rf=0 retry=5 interval=380
89481.906 [0] DBG_SCAN_SKIPPED reason=blocked
89481.906 [0] DBG_ANCHOR_CH5_SCAN_RESCHED ret=1 delay=5
89481.906 [0] DBG_ANCHOR_CH5_SCAN_HANDLER role=2
89481.906 [0] DBG_ANCHOR_CH5_SCAN_BLOCKED win=0 tx=0 retry_gap=0 flood=1 wait=0 rx=0 rxq=0 rxr=0 ack=0 ch9=0 rf=0 retry=5 interval=380
89481.906 [0] DBG_SCAN_SKIPPED reason=blocked
89481.906 [0] DBG_ANCHOR_CH5_SCAN_RESCHED ret=1 delay=5
89481.906 [0] DBG_ANCHOR_CH5_SCAN_HANDLER role=2
89481.906 [0] DBG_SCAN_SKIPPED reason=blocked
89481.937 [0] DBG_ANCHOR_CH5_SCAN_HANDLER role=2
89481.937 [0] DBG_ANCHOR_CH5_SCAN_HANDLER role=2
89481.937 [0] DBG_ANCHOR_CH5_SCAN_BLOCKED win=0 tx=0 retry_gap=0 flood=1 wait=0 rx=0 rxq=0 rxr=0 ack=0 ch9=0 rf=0 retry=5 interval=380
89481.937 [0] DBG_SCAN_SKIPPED reason=blocked
89481.937 [0] DBG_ANCHOR_CH5_SCAN_RESCHED ret=1 delay=5
89481.937 [0] DBG_ANCHOR_CH5_SCAN_HANDLER role=2
89481.937 [0] DBG_ANCHOR_CH5_SCAN_BLOCKED win=0 tx=0 retry_gap=0 flood=1 wait=0 rx=0 rxq=0 rxr=0 ack=0 ch9=0 rf=0 retry=5 interval=380
89481.937 [0] DBG_SCAN_SKIPPED reason=blocked
89481.937 [0] DBG_ANCHOR_CH5_SCAN_RESCHED ret=1 delay=5
89481.937 [0] DBG_ANCHOR_CH5_SCAN_HANDLER role=2
89481.937 [0] DBG_ANCHOR_CH5_SCAN_BLOCKED win=0 tx=0 retry_gap=0 flood=1 wait=0 rx=0 rxq=0 rxr=0 ack=0 ch9=0 rf=0 retry=5 interval=380
89481.937 [0] DBG_SCAN_SKIPPED reason=blocked
89481.937 [0] DBG_ANCHOR_CH5_SCAN_RESCHED ret=1 delay=5
89481.937 [0] DBG_ANCHOR_CH5_SCAN_HANDLER role=2
89481.937 [0] DBG_ANCHOR_CH5_SCAN_BLOCKED win=0 tx=0 retry_gap=0 flood=1 wait=0 rx=0 rxq=0 rxr=0 ack=0 ch9=0 rf=0 retry=5 interval=380
89481.937 [0] DBG_SCAN_SKIPPED reason=blocked
89481.937 [0] DBG_ANCHOR_CH5_SCAN_RESCHED ret=1 delay=5
89481.968 [0] DBG_ANCHOR_CH5_SCAN_HANDLER role=2
89481.968 [0] DBG_SCAN_SKIPPED reason=blocked
89481.968 [0] DBG_ANCHOR_CH5_SCAN_HANDLER role=2
89481.968 [0] DBG_ANCHOR_CH5_SCAN_BLOCKED win=0 tx=0 retry_gap=0 flood=1 wait=0 rx=0 rxq=0 rxr=0 ack=0 ch9=0 rf=0 retry=5 interval=380
89481.968 [0] DBG_SCAN_SKIPPED reason=blocked
89481.968 [0] DBG_ANCHOR_CH5_SCAN_RESCHED ret=1 delay=5
89481.968 [0] DBG_ANCHOR_CH5_SCAN_HANDLER role=2
89481.968 [0] DBG_ANCHOR_CH5_SCAN_BLOCKED win=0 tx=0 retry_gap=0 flood=1 wait=0 rx=0 rxq=0 rxr=0 ack=0 ch9=0 rf=0 retry=5 interval=380
89481.968 [0] DBG_SCAN_SKIPPED reason=blocked
89481.968 [0] DBG_ANCHOR_CH5_SCAN_RESCHED ret=1 delay=5
89481.968 [0] DBG_ANCHOR_CH5_SCAN_HANDLER role=2
89481.968 [0] DBG_ANCHOR_CH5_SCAN_BLOCKED win=0 tx=0 retry_gap=0 flood=1 wait=0 rx=0 rxq=0 rxr=0 ack=0 ch9=0 rf=0 retry=5 interval=380
89481.968 [0] DBG_SCAN_SKIPPED reason=blocked
89481.968 [0] DBG_ANCHOR_CH5_SCAN_RESCHED ret=1 delay=5
89481.968 [0] DBG_ANCHOR_CH5_SCAN_HANDLER role=2
89481.968 [0] DBG_ANCHOR_CH5_SCAN_BLOCKED win=0 tx=0 retry_gap=0 flood=1 wait=0 rx=0 rxq=0 rxr=0 ack=0 ch9=0 rf=0 retry=5 interval=380
89481.968 [0] DBG_SCAN_SKIPPED reason=blocked
89481.968 [0] DBG_ANCHOR_CH5_SCAN_RESCHED ret=1 delay=5
89482.000 [0] DBG_ANCHOR_CH5_SCAN_HANDLER role=2
89482.000 [0] DBG_ANCHOR_CH5_SCAN_HANDLER role=2
89482.000 [0] DBG_ANCHOR_CH5_SCAN_BLOCKED win=0 tx=0 retry_gap=0 flood=1 wait=0 rx=0 rxq=0 rxr=0 ack=0 ch9=0 rf=0 retry=5 interval=380
89482.000 [0] DBG_SCAN_SKIPPED reason=blocked
89482.000 [0] DBG_ANCHOR_CH5_SCAN_RESCHED ret=1 delay=5
89482.000 [0] DBG_ANCHOR_CH5_SCAN_HANDLER role=2
89482.000 [0] DBG_ANCHOR_CH5_SCAN_BLOCKED win=0 tx=0 retry_gap=0 flood=1 wait=0 rx=0 rxq=0 rxr=0 ack=0 ch9=0 rf=0 retry=5 interval=380
89482.000 [0] DBG_SCAN_SKIPPED reason=blocked
89482.000 [0] DBG_ANCHOR_CH5_SCAN_RESCHED ret=1 delay=5
89482.000 [0] DBG_ANCHOR_CH5_SCAN_HANDLER role=2
89482.000 [0] DBG_ANCHOR_CH5_SCAN_BLOCKED win=0 tx=0 retry_gap=0 flood=1 wait=0 rx=0 rxq=0 rxr=0 ack=0 ch9=0 rf=0 retry=5 interval=380
89482.000 [0] DBG_SCAN_SKIPPED reason=blocked
89482.000 [0] DBG_ANCHOR_CH5_SCAN_RESCHED ret=1 delay=5
89482.000 [0] DBG_ANCHOR_CH5_SCAN_HANDLER role=2
89482.000 [0] DBG_ANCHOR_CH5_SCAN_BLOCKED win=0 tx=0 retry_gap=0 flood=1 wait=0 rx=0 rxq=0 rxr=0 ack=0 ch9=0 rf=0 retry=5 interval=380
89482.000 [0] DBG_SCAN_SKIPPED reason=blocked
89482.000 [0] DBG_ANCHOR_CH5_SCAN_RESCHED ret=1 delay=5
89482.038 [0] DBG_ANCHOR_CH5_SCAN_HANDLER role=2
89482.038 [0] DBG_SCAN_SKIPPED reason=blocked
89482.038 [0] DBG_ANCHOR_CH5_SCAN_HANDLER role=2
89482.038 [0] DBG_MESH_TX_AGE msg=40 seq=6 age=873 enc=63735 rf=63736 gap=1 air=4
89482.038 [0] DBG_MESH_TX_STAGE stage=start msg=40 seq=6 ch=5 seen=1 at=63736
89482.038 [0] DBG_MESH_TX_STAGE stage=complete msg=40 seq=6 ch=5 seen=1 at=63740 ret=0
89482.038 [0] DBG_MESH_TX_STAGE stage=park msg=40 seq=6 ch=5 park_ret=0 release_ret=0
89482.038 [0] DBG_UWB_TX_CH5
89482.038 [0] DBG_C5_FLOOD_WAIT now=63742 wake=63788 first=63788 msg=40 attempt=2/3 reason=broadcast-forward
89482.038 [0] DBG_ANCHOR_CH5_SCAN_BLOCKED win=0 tx=0 retry_gap=0 flood=1 wait=0 rx=0 rxq=0 rxr=0 ack=0 ch9=0 rf=1 retry=20 interval=380
89482.038 [0] DBG_SCAN_SKIPPED reason=blocked
89482.038 [0] DBG_ANCHOR_CH5_SCAN_RESCHED ret=1 delay=20
89482.038 [0] DBG_ANCHOR_CH5_SCAN_HANDLER role=2
89482.038 [0] DBG_ANCHOR_CH5_SCAN_BLOCKED win=0 tx=0 retry_gap=0 flood=1 wait=0 rx=0 rxq=0 rxr=0 ack=0 ch9=0 rf=0 retry=5 interval=380
89482.038 [0] DBG_SCAN_SKIPPED reason=blocked
89482.038 [0] DBG_ANCHOR_CH5_SCAN_RESCHED ret=1 delay=5
89482.068 [0] DBG_ANCHOR_CH5_SCAN_HANDLER role=2
89482.068 [0] DBG_SCAN_SKIPPED reason=blocked
89482.068 [0] DBG_ANCHOR_CH5_SCAN_HANDLER role=2
89482.068 [0] DBG_ANCHOR_CH5_SCAN_BLOCKED win=0 tx=0 retry_gap=0 flood=1 wait=0 rx=0 rxq=0 rxr=0 ack=0 ch9=0 rf=0 retry=5 interval=380
89482.068 [0] DBG_SCAN_SKIPPED reason=blocked
89482.068 [0] DBG_ANCHOR_CH5_SCAN_RESCHED ret=1 delay=5
89482.068 [0] DBG_ANCHOR_CH5_SCAN_HANDLER role=2
89482.068 [0] DBG_ANCHOR_CH5_SCAN_BLOCKED win=0 tx=0 retry_gap=0 flood=1 wait=0 rx=0 rxq=0 rxr=0 ack=0 ch9=0 rf=0 retry=5 interval=380
89482.068 [0] DBG_SCAN_SKIPPED reason=blocked
89482.068 [0] DBG_ANCHOR_CH5_SCAN_RESCHED ret=1 delay=5
89482.068 [0] DBG_ANCHOR_CH5_SCAN_HANDLER role=2
89482.068 [0] DBG_ANCHOR_CH5_SCAN_BLOCKED win=0 tx=0 retry_gap=0 flood=1 wait=0 rx=0 rxq=0 rxr=0 ack=0 ch9=0 rf=0 retry=5 interval=380
89482.068 [0] DBG_SCAN_SKIPPED reason=blocked
89482.068 [0] DBG_ANCHOR_CH5_SCAN_RESCHED ret=1 delay=5
89482.068 [0] DBG_ANCHOR_CH5_SCAN_HANDLER role=2
89482.068 [0] DBG_ANCHOR_CH5_SCAN_BLOCKED win=0 tx=0 retry_gap=0 flood=1 wait=0 rx=0 rxq=0 rxr=0 ack=0 ch9=0 rf=1 retry=20 interval=380
89482.068 [0] DBG_SCAN_SKIPPED reason=blocked
89482.068 [0] DBG_ANCHOR_CH5_SCAN_RESCHED ret=1 delay=20
89482.108 [0] DBG_MESH_TX_AGE msg=40 seq=6 age=935 enc=63797 rf=63799 gap=2 air=4
89482.108 [0] DBG_MESH_TX_STAGE stage=start msg=40 seq=6 ch=5 seen=1 at=63799
89482.108 [0] DBG_MESH_TX_STAGE stage=complete msg=40 seq=6 ch=5 seen=1 at=63802 ret=0
89482.108 [0] DBG_MESH_TX_STAGE stage=park msg=40 seq=6 ch=5 park_ret=0 release_ret=0
89482.108 [0] DBG_UWB_TX_CH5
89482.108 [0] DBG_C5_FLOOD_WAIT now=63804 wake=63832 first=63832 msg=40 attempt=3/3 reason=broadcast-forward
89482.108 [0] DBG_STACK_RUN_BEGIN epoch=3543676270155205024 run=28 kind=anchor_scan owner=anchor_uwb_scan queue=0 custody=0 credit=0 retry=0 drain=0 src=16876665336513972910 dst=11068027678940948070 session=0 seq=0 type=48 sequence=0 previous=0 uptime=63810
89482.108 [0] DBG_STACK_SAMPLE_BEGIN epoch=3543676270155205024 run=28 sample=28 kind=anchor_scan owner=anchor_uwb_scan queue=0 custody=0 credit=0 retry=0 drain=0 src=16876665336513972910 dst=11068027678940948070 session=0 seq=0 type=48 uptime=63811
89482.108 [0] DBG_STACK_ISR_CONFIG size=8192 run=28 sample=28
89482.108 [0] DBG_STACK name=anchor_uwb_scan tid=0x2000ca08 used=7952 free=2032 size=9984 ret=0 run=28 sample=28
89482.154 [0] DBG_STACK name=mesh_route tid=0x2000b038 used=6976 free=2496 size=9472 ret=0 run=28 sample=28
89482.154 [0] DBG_STACK name=sysworkq tid=0x2000d980 used=800 free=4576 size=5376 ret=0 run=28 sample=28
89482.154 [0] DBG_STACK name=logging tid=0x2000cec0 used=520 free=1528 size=2048 ret=0 run=28 sample=28
89482.154 [0] DBG_STACK name=idle tid=0x2000d750 used=64 free=256 size=320 ret=0 run=28 sample=28
89482.154 [0] DBG_STACK_SAMPLE_END run=28 sample=28
89482.154 [0] DBG_STACK_RUN_END epoch=3543676270155205024 run=28 kind=anchor_scan owner=anchor_uwb_scan outcome=ack queue=0 custody=0 credit=0 retry=0 drain=0 src=16876665336513972910 dst=11068027678940948070 session=0 seq=0 type=48 samples=1 attempts=1 errors=0 last_error=0 mutex_drops=112 short_drops=1174 sequence=0 previous=0 uptime=63844
89482.154 [0] DBG_MESH_TX_AGE msg=40 seq=6 age=980 enc=63841 rf=63845 gap=4 air=4
89482.154 [0] DBG_MESH_TX_STAGE stage=start msg=40 seq=6 ch=5 seen=1 at=63845
89482.154 [0] DBG_MESH_TX_STAGE stage=complete msg=40 seq=6 ch=5 seen=1 at=63848 ret=0
89482.154 [0] DBG_MESH_TX_STAGE stage=park msg=40 seq=6 ch=5 park_ret=0 release_ret=0
89482.154 [0] DBG_UWB_TX_CH5
89484.151 [0] DBG_DWM_CH5_RX_HUNT_EMPTY s=63863 e=65864 ret=-116 sys=00000000 phy=4 cfg=1 aw=1 unk=0
89484.151 [0] DBG_DWM_CH5_RX_HUNT_START acq=732 complete=15 cap=1020
89484.874 [0] DBG_DWM_CH5_RX_HUNT_EMPTY s=65865 e=66597 ret=-116 sys=00000000 phy=4 cfg=1 aw=1 unk=0
89484.874 [0] DBG_ANCHOR_CH5_SCAN_DONE ret=-116 len=0 fail=1 pre=0 q=0 rx_us=2734100 complete=15
89484.874 [0] DBG_ANCHOR_CH5_SCAN_RESCHED ret=2 delay=0
89484.980 [0] DBG_DWM_INVALIDATE tag=configure_radio_from_reset active_phy=4 configured=1 awake=1
89485.010 [0] DBG_DWM_MARK_UNCONFIGURED tag=initialise_radio prev_phy=0
89485.010 [0] DBG_DWM_PHY_SWITCH from=4 to=1 fast=0 us=21484
89485.010 [0] DBG_DWM_CH5_RX_HUNT_START acq=61 complete=1000 cap=49
89485.060 [0] DBG_DWM_CH5_RX_HUNT_EMPTY s=66718 e=66779 ret=-116 sys=00000000 phy=2 cfg=1 aw=1 unk=0
89485.060 [0] DBG_DWM_CH5_RX_HUNT_START acq=61 complete=1000 cap=49
89485.099 [0] DBG_DWM_CH5_RX_ACTIVITY_EXTEND ret=0 status=0x00000100 complete=1000
89485.099 [0] DBG_DWM_CH5_RX_ACTIVITY_WAIT status=0x00000100 remain=47
89485.099 [0] DBG_DWM_CH5_RX_ACTIVITY_DONE raw=44 payload=42 status=0x00006f00 rearm=0 extended=1
89485.099 [0] DBG_DWM_CH5_RX_HUNT_START acq=61 complete=1000 cap=49
89485.099 [0] DBG_DWM_CH5_RX_ACTIVITY_EXTEND ret=0 status=0x00000100 complete=1000
89485.099 [0] DBG_DWM_CH5_RX_ACTIVITY_WAIT status=0x00000100 remain=59
89485.099 [0] DBG_DWM_RF_SCOPE_DROP local=3 remote=1 remote_clicker=0
89485.099 [0] DBG_DWM_CH5_RX_ACTIVITY_WAIT status=0x00000100 remain=51
89485.099 [0] DBG_DWM_CH5_RX_ACTIVITY_OVERSIZE raw=59 payload=57 cap=49
89485.099 [0] DBG_DWM_CH5_RX_HUNT_START acq=61 complete=1000 cap=49
89485.156 [0] DBG_DWM_CH5_RX_ACTIVITY_EXTEND ret=0 status=0x00000100 complete=1000
89485.156 [0] DBG_DWM_CH5_RX_ACTIVITY_WAIT status=0x00000100 remain=4
89485.156 [0] DBG_DWM_CH5_RX_ACTIVITY_FAIL ret=-116 status=0x00000100 last=0x00000100 fail=3 activity=1 rearm=0
89485.156 [0] DBG_DWM_CH5_RX_HUNT_START acq=61 complete=1000 cap=49
89485.156 [0] DBG_DWM_CH5_RX_ACTIVITY_EXTEND ret=0 status=0x00000100 complete=1000
89485.156 [0] DBG_DWM_CH5_RX_ACTIVITY_WAIT status=0x00000100 remain=57
89485.192 [0] DBG_DWM_RF_SCOPE_DROP local=3 remote=1 remote_clicker=0
89485.192 [0] DBG_DWM_CH5_RX_ACTIVITY_WAIT status=0x00000100 remain=49
89485.192 [0] DBG_DWM_CH5_RX_ACTIVITY_OVERSIZE raw=59 payload=57 cap=49
89485.192 [0] DBG_DWM_CH5_RX_HUNT_START acq=61 complete=1000 cap=49
89485.256 [0] DBG_DWM_CH5_RX_ACTIVITY_EXTEND ret=0 status=0x00000100 complete=1000
89485.256 [0] DBG_DWM_CH5_RX_ACTIVITY_WAIT status=0x00000100 remain=2
89485.256 [0] DBG_DWM_CH5_RX_ACTIVITY_FAIL ret=-116 status=0x00000100 last=0x00000100 fail=3 activity=1 rearm=0
89485.256 [0] DBG_DWM_CH5_RX_HUNT_START acq=61 complete=1000 cap=49
89485.256 [0] DBG_DWM_CH5_RX_ACTIVITY_EXTEND ret=0 status=0x00000100 complete=1000
89485.256 [0] DBG_DWM_CH5_RX_ACTIVITY_WAIT status=0x00000100 remain=60
89485.256 [0] DBG_DWM_CH5_RX_ACTIVITY_DONE raw=44 payload=42 status=0x00006f00 rearm=0 extended=1
89485.256 [0] DBG_DWM_CH5_RX_HUNT_START acq=61 complete=1000 cap=49
89485.256 [0] DBG_DWM_CH5_RX_ACTIVITY_EXTEND ret=0 status=0x00000100 complete=1000
89485.256 [0] DBG_DWM_CH5_RX_ACTIVITY_WAIT status=0x00000100 remain=59
89485.256 [0] DBG_DWM_RF_SCOPE_DROP local=3 remote=1 remote_clicker=0
89485.256 [0] DBG_DWM_CH5_RX_ACTIVITY_WAIT status=0x00000100 remain=51
89485.256 [0] DBG_DWM_CH5_RX_ACTIVITY_OVERSIZE raw=59 payload=57 cap=49
89485.256 [0] DBG_DWM_CH5_RX_HUNT_START acq=61 complete=1000 cap=49
89485.303 [0] DBG_STACK_RUN_BEGIN epoch=3543676270155205024 run=29 kind=anchor_scan owner=anchor_uwb_scan queue=0 custody=0 credit=0 retry=0 drain=0 src=16876665336513972910 dst=11068027678940948070 session=0 seq=0 type=48 sequence=0 previous=0 uptime=66998
89485.303 [0] DBG_STACK_SAMPLE_BEGIN epoch=3543676270155205024 run=29 sample=29 kind=anchor_scan owner=anchor_uwb_scan queue=0 custody=0 credit=0 retry=0 drain=0 src=16876665336513972910 dst=11068027678940948070 session=0 seq=0 type=48 uptime=66998
89485.303 [0] DBG_STACK_ISR_CONFIG size=8192 run=29 sample=29
89485.303 [0] DBG_STACK name=anchor_uwb_scan tid=0x2000ca08 used=7952 free=2032 size=9984 ret=0 run=29 sample=29
89485.303 [0] DBG_STACK name=mesh_route tid=0x2000b038 used=6976 free=2496 size=9472 ret=0 run=29 sample=29
89485.303 [0] DBG_STACK name=sysworkq tid=0x2000d980 used=800 free=4576 size=5376 ret=0 run=29 sample=29
89485.303 [0] DBG_STACK name=logging tid=0x2000cec0 used=520 free=1528 size=2048 ret=0 run=29 sample=29
89485.303 [0] DBG_STACK name=idle tid=0x2000d750 used=64 free=256 size=320 ret=0 run=29 sample=29
89485.303 [0] DBG_STACK_SAMPLE_END run=29 sample=29
89485.346 [0] DBG_STACK_RUN_END epoch=3543676270155205024 run=29 kind=anchor_scan owner=anchor_uwb_scan outcome=ack queue=0 custody=0 credit=0 retry=0 drain=0 src=16876665336513972910 dst=11068027678940948070 session=0 seq=0 type=48 samples=1 attempts=1 errors=0 last_error=0 mutex_drops=112 short_drops=1183 sequence=0 previous=0 uptime=67001
89485.346 [0] DBG_DWM_CH5_RX_ACTIVITY_EXTEND ret=0 status=0x00000100 complete=1000
89485.346 [0] DBG_DWM_CH5_RX_ACTIVITY_WAIT status=0x00000100 remain=57
89485.346 [0] DBG_DWM_RF_SCOPE_DROP local=3 remote=1 remote_clicker=0
89485.346 [0] DBG_DWM_CH5_RX_ACTIVITY_WAIT status=0x00000100 remain=49
89485.346 [0] DBG_DWM_CH5_RX_ACTIVITY_OVERSIZE raw=59 payload=57 cap=49
89485.346 [0] DBG_DWM_CH5_RX_HUNT_START acq=61 complete=1000 cap=49
89485.410 [0] DBG_DWM_CH5_RX_ACTIVITY_EXTEND ret=0 status=0x00000100 complete=1000
89485.410 [0] DBG_DWM_CH5_RX_ACTIVITY_WAIT status=0x00000100 remain=3
89485.410 [0] DBG_DWM_CH5_RX_ACTIVITY_FAIL ret=-116 status=0x00000100 last=0x00000100 fail=3 activity=1 rearm=0
89485.410 [0] DBG_DWM_CH5_RX_HUNT_START acq=61 complete=1000 cap=49
89485.410 [0] DBG_DWM_CH5_RX_ACTIVITY_EXTEND ret=0 status=0x00000f00 complete=1000
89485.410 [0] DBG_DWM_CH5_RX_ACTIVITY_WAIT status=0x00000f00 remain=60
89485.410 [0] DBG_DWM_CH5_RX_ACTIVITY_DONE raw=44 payload=42 status=0x00006f00 rearm=0 extended=1
89485.410 [0] DBG_DWM_CH5_RX_HUNT_START acq=61 complete=1000 cap=49
89485.410 [0] DBG_DWM_CH5_RX_ACTIVITY_EXTEND ret=0 status=0x00000100 complete=1000
89485.410 [0] DBG_DWM_CH5_RX_ACTIVITY_WAIT status=0x00000100 remain=59
89485.410 [0] DBG_DWM_RF_SCOPE_DROP local=3 remote=1 remote_clicker=0
89485.410 [0] DBG_DWM_CH5_RX_ACTIVITY_WAIT status=0x00000100 remain=51
89485.410 [0] DBG_DWM_CH5_RX_ACTIVITY_OVERSIZE raw=59 payload=57 cap=49
89485.410 [0] DBG_DWM_CH5_RX_HUNT_START acq=61 complete=1000 cap=49
89485.472 [0] DBG_DWM_CH5_RX_HUNT_EMPTY s=67135 e=67196 ret=-116 sys=00000000 phy=2 cfg=1 aw=1 unk=0
89485.472 [0] DBG_DWM_CH5_RX_HUNT_START acq=61 complete=1000 cap=49
89485.552 [0] DBG_DWM_CH5_RX_HUNT_EMPTY s=67197 e=67258 ret=-116 sys=00000000 phy=2 cfg=1 aw=1 unk=0
89485.552 [0] DBG_DWM_CH5_RX_HUNT_START acq=61 complete=1000 cap=49
89485.609 [0] DBG_DWM_CH5_RX_HUNT_EMPTY s=67259 e=67320 ret=-116 sys=00000000 phy=2 cfg=1 aw=1 unk=0
89485.609 [0] DBG_DWM_CH5_RX_HUNT_START acq=16 complete=1000 cap=49
89485.609 [0] DBG_DWM_CH5_RX_HUNT_EMPTY s=67321 e=67337 ret=-116 sys=00000000 phy=2 cfg=1 aw=1 unk=0
89485.609 [0] DBG_DWM_INVALIDATE tag=configure_radio_from_reset active_phy=2 configured=1 awake=1
89485.639 [0] DBG_DWM_MARK_UNCONFIGURED tag=initialise_radio prev_phy=0
89485.639 [0] DBG_DWM_PHY_SWITCH from=2 to=4 fast=0 us=21515
89485.639 [0] DBG_DWM_WAKE_MESH_CTRL_OK sfd=1033
89485.786 [0] DBG_DWM_RF_SCOPE_DROP local=3 remote=1 remote_clicker=0
89485.786 [0] DBG_DWM_RF_SCOPE_DROP local=3 remote=0 remote_clicker=0
89485.936 [0] DBG_DWM_INVALIDATE tag=configure_radio_from_reset active_phy=4 configured=1 awake=1
89485.968 [0] DBG_DWM_MARK_UNCONFIGURED tag=initialise_radio prev_phy=0
89485.968 [0] DBG_DWM_PHY_SWITCH from=4 to=2 fast=0 us=21484
89485.968 [0] DBG_DWM_CH5_RX_HUNT_START acq=61 complete=1000 cap=49
89486.022 [0] DBG_DWM_CH5_RX_HUNT_EMPTY s=67682 e=67743 ret=-116 sys=00000000 phy=2 cfg=1 aw=1 unk=0
89486.022 [0] DBG_DWM_INVALIDATE tag=configure_radio_from_reset active_phy=2 configured=1 awake=1
89486.053 [0] DBG_DWM_MARK_UNCONFIGURED tag=initialise_radio prev_phy=0
89486.053 [0] DBG_DWM_PHY_SWITCH from=2 to=4 fast=0 us=21515
89486.053 [0] DBG_DWM_WAKE_MESH_CTRL_OK sfd=1033
89486.346 [0] DBG_DWM_INVALIDATE tag=configure_radio_from_reset active_phy=4 configured=1 awake=1
89486.377 [0] DBG_DWM_MARK_UNCONFIGURED tag=initialise_radio prev_phy=0
89486.377 [0] DBG_DWM_PHY_SWITCH from=4 to=2 fast=0 us=20874
89486.377 [0] DBG_DWM_CH5_RX_HUNT_START acq=61 complete=1000 cap=49
89486.437 [0] DBG_DWM_CH5_RX_HUNT_EMPTY s=68087 e=68149 ret=-116 sys=00000000 phy=2 cfg=1 aw=1 unk=0
89486.437 [0] DBG_DWM_INVALIDATE tag=configure_radio_from_reset active_phy=2 configured=1 awake=1
89486.437 [0] DBG_DWM_MARK_UNCONFIGURED tag=initialise_radio prev_phy=0
89486.466 [0] DBG_DWM_PHY_SWITCH from=2 to=4 fast=0 us=20874
89486.466 [0] DBG_DWM_WAKE_MESH_CTRL_OK sfd=1033
89486.763 [0] DBG_DWM_INVALIDATE tag=configure_radio_from_reset active_phy=4 configured=1 awake=1
89486.763 [0] DBG_DWM_MARK_UNCONFIGURED tag=initialise_radio prev_phy=0
89486.763 [0] DBG_DWM_PHY_SWITCH from=4 to=2 fast=0 us=21484
89486.763 [0] DBG_DWM_CH5_RX_HUNT_START acq=61 complete=1000 cap=49
89486.843 [0] DBG_DWM_CH5_RX_HUNT_EMPTY s=68493 e=68554 ret=-116 sys=00000000 phy=2 cfg=1 aw=1 unk=0
89486.843 [0] DBG_DWM_INVALIDATE tag=configure_radio_from_reset active_phy=2 configured=1 awake=1
89486.843 [0] DBG_DWM_MARK_UNCONFIGURED tag=initialise_radio prev_phy=0
89486.869 [0] DBG_DWM_PHY_SWITCH from=2 to=4 fast=0 us=21515
89486.869 [0] DBG_DWM_WAKE_MESH_CTRL_OK sfd=1033
89487.175 [0] DBG_DWM_INVALIDATE tag=configure_radio_from_reset active_phy=4 configured=1 awake=1
89487.175 [0] DBG_DWM_MARK_UNCONFIGURED tag=initialise_radio prev_phy=0
89487.175 [0] DBG_DWM_PHY_SWITCH from=4 to=2 fast=0 us=21485
89487.175 [0] DBG_DWM_CH5_RX_HUNT_START acq=61 complete=1000 cap=49
89487.230 [0] DBG_DWM_CH5_RX_HUNT_EMPTY s=68899 e=68960 ret=-116 sys=00000000 phy=2 cfg=1 aw=1 unk=0
89487.230 [0] DBG_DWM_INVALIDATE tag=configure_radio_from_reset active_phy=2 configured=1 awake=1
89487.261 [0] DBG_DWM_MARK_UNCONFIGURED tag=initialise_radio prev_phy=0
89487.261 [0] DBG_DWM_PHY_SWITCH from=2 to=4 fast=0 us=21515
89487.261 [0] DBG_DWM_WAKE_MESH_CTRL_OK sfd=1033
89487.554 [0] DBG_DWM_INVALIDATE tag=configure_radio_from_reset active_phy=4 configured=1 awake=1
89487.585 [0] DBG_DWM_MARK_UNCONFIGURED tag=initialise_radio prev_phy=0
89487.585 [0] DBG_DWM_PHY_SWITCH from=4 to=2 fast=0 us=21485
89487.585 [0] DBG_DWM_CH5_RX_HUNT_START acq=61 complete=1000 cap=49
89487.640 [0] DBG_DWM_CH5_RX_HUNT_EMPTY s=69304 e=69365 ret=-116 sys=00000000 phy=2 cfg=1 aw=1 unk=0
89487.640 [0] DBG_DWM_INVALIDATE tag=configure_radio_from_reset active_phy=2 configured=1 awake=1
89487.679 [0] DBG_DWM_MARK_UNCONFIGURED tag=initialise_radio prev_phy=0
89487.679 [0] DBG_DWM_PHY_SWITCH from=2 to=4 fast=0 us=21514
89487.679 [0] DBG_DWM_WAKE_MESH_CTRL_OK sfd=1033
89487.975 [0] DBG_DWM_INVALIDATE tag=configure_radio_from_reset active_phy=4 configured=1 awake=1
89487.975 [0] DBG_DWM_MARK_UNCONFIGURED tag=initialise_radio prev_phy=0
89488.000 [0] DBG_DWM_PHY_SWITCH from=4 to=2 fast=0 us=21484
89488.000 [0] DBG_DWM_CH5_RX_HUNT_START acq=61 complete=1000 cap=49
89488.056 [0] DBG_DWM_CH5_RX_HUNT_EMPTY s=69710 e=69771 ret=-116 sys=00000000 phy=2 cfg=1 aw=1 unk=0
89488.056 [0] DBG_DWM_INVALIDATE tag=configure_radio_from_reset active_phy=2 configured=1 awake=1
89488.086 [0] DBG_DWM_MARK_UNCONFIGURED tag=initialise_radio prev_phy=0
89488.086 [0] DBG_DWM_PHY_SWITCH from=2 to=4 fast=0 us=21485
89488.086 [0] DBG_DWM_WAKE_MESH_CTRL_OK sfd=1033
89488.377 [0] DBG_DWM_INVALIDATE tag=configure_radio_from_reset active_phy=4 configured=1 awake=1
89488.408 [0] DBG_DWM_MARK_UNCONFIGURED tag=initialise_radio prev_phy=0
89488.408 [0] DBG_DWM_PHY_SWITCH from=4 to=2 fast=0 us=20874
89488.408 [0] DBG_DWM_CH5_RX_HUNT_START acq=61 complete=1000 cap=49
89488.468 [0] DBG_DWM_CH5_RX_HUNT_EMPTY s=70115 e=70177 ret=-116 sys=00000000 phy=2 cfg=1 aw=1 unk=0
89488.468 [0] DBG_DWM_INVALIDATE tag=configure_radio_from_reset active_phy=2 configured=1 awake=1
89488.468 [0] DBG_DWM_MARK_UNCONFIGURED tag=initialise_radio prev_phy=0
89488.468 [0] DBG_DWM_PHY_SWITCH from=2 to=4 fast=0 us=20874
89488.468 [0] DBG_DWM_WAKE_MESH_CTRL_OK sfd=1033
89488.785 [0] DBG_DWM_INVALIDATE tag=configure_radio_from_reset active_phy=4 configured=1 awake=1
89488.785 [0] DBG_DWM_MARK_UNCONFIGURED tag=initialise_radio prev_phy=0
89488.813 [0] DBG_DWM_PHY_SWITCH from=4 to=2 fast=0 us=21515
89488.813 [0] DBG_DWM_CH5_RX_HUNT_START acq=61 complete=1000 cap=49
89488.870 [0] DBG_DWM_CH5_RX_HUNT_EMPTY s=70521 e=70582 ret=-116 sys=00000000 phy=2 cfg=1 aw=1 unk=0
89488.870 [0] DBG_DWM_INVALIDATE tag=configure_radio_from_reset active_phy=2 configured=1 awake=1
89488.870 [0] DBG_DWM_MARK_UNCONFIGURED tag=initialise_radio prev_phy=0
89488.900 [0] DBG_DWM_PHY_SWITCH from=2 to=4 fast=0 us=21515
89488.900 [0] DBG_DWM_WAKE_MESH_CTRL_OK sfd=1033
89489.179 [0] DBG_DWM_INVALIDATE tag=configure_radio_from_reset active_phy=4 configured=1 awake=1
89489.213 [0] DBG_DWM_MARK_UNCONFIGURED tag=initialise_radio prev_phy=0
89489.213 [0] DBG_DWM_PHY_SWITCH from=4 to=2 fast=0 us=21514
89489.213 [0] DBG_DWM_CH5_RX_HUNT_START acq=61 complete=1000 cap=49
89489.267 [0] DBG_DWM_CH5_RX_HUNT_EMPTY s=70927 e=70988 ret=-116 sys=00000000 phy=2 cfg=1 aw=1 unk=0
89489.267 [0] DBG_DWM_INVALIDATE tag=configure_radio_from_reset active_phy=2 configured=1 awake=1
89489.298 [0] DBG_DWM_MARK_UNCONFIGURED tag=initialise_radio prev_phy=0
89489.298 [0] DBG_DWM_PHY_SWITCH from=2 to=4 fast=0 us=21485
89489.298 [0] DBG_DWM_WAKE_MESH_CTRL_OK sfd=1033
89489.595 [0] DBG_DWM_INVALIDATE tag=configure_radio_from_reset active_phy=4 configured=1 awake=1
89489.624 [0] DBG_DWM_MARK_UNCONFIGURED tag=initialise_radio prev_phy=0
89489.624 [0] DBG_DWM_PHY_SWITCH from=4 to=2 fast=0 us=21484
89489.624 [0] DBG_DWM_CH5_RX_HUNT_START acq=61 complete=1000 cap=49
89489.687 [0] DBG_DWM_CH5_RX_HUNT_EMPTY s=71333 e=71394 ret=-116 sys=00000000 phy=2 cfg=1 aw=1 unk=0
89489.687 [0] DBG_DWM_INVALIDATE tag=configure_radio_from_reset active_phy=2 configured=1 awake=1
89489.687 [0] DBG_DWM_MARK_UNCONFIGURED tag=initialise_radio prev_phy=0
89489.687 [0] DBG_DWM_PHY_SWITCH from=2 to=4 fast=0 us=21485
89489.687 [0] DBG_DWM_WAKE_MESH_CTRL_OK sfd=1033
89490.012 [0] DBG_DWM_INVALIDATE tag=configure_radio_from_reset active_phy=4 configured=1 awake=1
89490.012 [0] DBG_DWM_MARK_UNCONFIGURED tag=initialise_radio prev_phy=0
89490.012 [0] DBG_DWM_PHY_SWITCH from=4 to=2 fast=0 us=21485
89490.012 [0] DBG_DWM_CH5_RX_HUNT_START acq=61 complete=1000 cap=49
89490.096 [0] DBG_DWM_CH5_RX_HUNT_EMPTY s=71739 e=71800 ret=-116 sys=00000000 phy=2 cfg=1 aw=1 unk=0
89490.096 [0] DBG_DWM_INVALIDATE tag=configure_radio_from_reset active_phy=2 configured=1 awake=1
89490.096 [0] DBG_DWM_MARK_UNCONFIGURED tag=initialise_radio prev_phy=0
89490.096 [0] DBG_DWM_PHY_SWITCH from=2 to=4 fast=0 us=21484
89490.096 [0] DBG_DWM_WAKE_MESH_CTRL_OK sfd=1033
89490.426 [0] DBG_DWM_INVALIDATE tag=configure_radio_from_reset active_phy=4 configured=1 awake=1
89490.426 [0] DBG_DWM_MARK_UNCONFIGURED tag=initialise_radio prev_phy=0
89490.426 [0] DBG_DWM_PHY_SWITCH from=4 to=2 fast=0 us=20905
89490.426 [0] DBG_DWM_CH5_RX_HUNT_START acq=61 complete=1000 cap=49
89490.483 [0] DBG_DWM_CH5_RX_HUNT_EMPTY s=72144 e=72206 ret=-116 sys=00000000 phy=2 cfg=1 aw=1 unk=0
89490.483 [0] DBG_DWM_INVALIDATE tag=configure_radio_from_reset active_phy=2 configured=1 awake=1
89490.514 [0] DBG_DWM_MARK_UNCONFIGURED tag=initialise_radio prev_phy=0
89490.514 [0] DBG_DWM_PHY_SWITCH from=2 to=4 fast=0 us=20874
89490.514 [0] DBG_DWM_WAKE_MESH_CTRL_OK sfd=1033
89490.806 [0] DBG_DWM_INVALIDATE tag=configure_radio_from_reset active_phy=4 configured=1 awake=1
89490.837 [0] DBG_DWM_MARK_UNCONFIGURED tag=initialise_radio prev_phy=0
89490.837 [0] DBG_DWM_PHY_SWITCH from=4 to=2 fast=0 us=21485
89490.837 [0] DBG_DWM_CH5_RX_HUNT_START acq=36 complete=1000 cap=49
89490.869 [0] DBG_DWM_CH5_RX_HUNT_EMPTY s=72550 e=72586 ret=-116 sys=00000000 phy=2 cfg=1 aw=1 unk=0
89490.869 [0] DBG_DWM_INVALIDATE tag=configure_radio_from_reset active_phy=2 configured=1 awake=1
89490.900 [0] DBG_DWM_MARK_UNCONFIGURED tag=initialise_radio prev_phy=0
89490.900 [0] DBG_DWM_PHY_SWITCH from=2 to=4 fast=0 us=21485
89490.900 [0] DBG_DWM_WAKE_MESH_CTRL_OK sfd=1033
89490.900 [0] DBG_SURVEY_LANE_END g=2 k=2 h=3 rec=0 ack=-1 dur=5272
89490.937 [0] DBG_DWM_INVALIDATE tag=configure_radio_from_reset active_phy=4 configured=1 awake=1
89490.937 [0] DBG_DWM_MARK_UNCONFIGURED tag=initialise_radio prev_phy=0
89490.937 [0] DBG_DWM_PHY_SWITCH from=4 to=1 fast=0 us=21485
89491.016 [0] DBG_DS_INIT stage=arm evt=2 seq=2 round=0 now=72746 timeout=55 reply_uus=8000
89491.050 [0] DBG_DS_INIT stage=final-armed now=72763 seq=2 round=0 tx_time=0x018b0315 final_tx=0x8b0353d9 report=0
89491.050 [0] DBG_DS_INIT stage=final-raw poll_tx=0x4e12bdd9 resp_rx=0x6c8b0947 q=100
89491.050 [0] DBG_DS_INIT stage=done ret=0 status=0 now=72769 seq=2 round=0
89491.050 [0] DBG_SURVEY_PROFILE kind=attempt r=I p=1 a=0 sd=0 dur=23 fd=23 ret=0 st=0
89491.108 [0] DBG_DS_INIT stage=arm evt=2 seq=2 round=1 now=72826 timeout=55 reply_uus=8000
89491.142 [0] DBG_DS_INIT stage=final-armed now=72843 seq=2 round=1 tx_time=0x02ba23e0 final_tx=0xba241fd9 report=0
89491.142 [0] DBG_DS_INIT stage=final-raw poll_tx=0x7d3389d9 resp_rx=0x9babd43c q=100
89491.142 [0] DBG_DS_INIT stage=done ret=0 status=0 now=72849 seq=2 round=1
89491.142 [0] DBG_SURVEY_PROFILE kind=attempt r=I p=1 a=1 sd=0 dur=23 fd=23 ret=0 st=0
89491.210 [0] DBG_DS_INIT stage=arm evt=2 seq=2 round=2 now=72907 timeout=55 reply_uus=8000
89491.210 [0] DBG_DS_INIT stage=final-armed now=72924 seq=2 round=2 tx_time=0x03ed1a05 final_tx=0xed1a43d9 report=0
89491.210 [0] DBG_DS_INIT stage=final-raw poll_tx=0xb029add9 resp_rx=0xcea1f908 q=100
89491.210 [0] DBG_DS_INIT stage=done ret=0 status=0 now=72929 seq=2 round=2
89491.210 [0] DBG_SURVEY_PROFILE kind=attempt r=I p=1 a=2 sd=1 dur=23 fd=24 ret=0 st=0
89491.268 [0] DBG_DS_INIT stage=arm evt=2 seq=2 round=3 now=72986 timeout=55 reply_uus=8000
89491.301 [0] DBG_DS_INIT stage=final-armed now=73003 seq=2 round=3 tx_time=0x051c575c final_tx=0x1c579bd9 report=0
89491.301 [0] DBG_DS_INIT stage=final-raw poll_tx=0xdf6705d9 resp_rx=0xfddf5018 q=100
89491.301 [0] DBG_DS_INIT stage=done ret=0 status=0 now=73009 seq=2 round=3
89491.301 [0] DBG_SURVEY_PROFILE kind=attempt r=I p=1 a=3 sd=0 dur=23 fd=23 ret=0 st=0
89491.364 [0] DBG_DS_INIT stage=arm evt=2 seq=2 round=4 now=73066 timeout=55 reply_uus=8000
89491.364 [0] DBG_DS_INIT stage=final-armed now=73083 seq=2 round=4 tx_time=0x064b2917 final_tx=0x4b2955d9 report=0
89491.364 [0] DBG_DS_INIT stage=final-raw poll_tx=0x0e38bfd9 resp_rx=0x2cb10b46 q=100
89491.364 [0] DBG_DS_INIT stage=done ret=0 status=0 now=73089 seq=2 round=4
89491.364 [0] DBG_SURVEY_PROFILE kind=attempt r=I p=1 a=4 sd=0 dur=23 fd=23 ret=0 st=0
89491.364 [0] DBG_SURVEY_PROFILE kind=pair r=I p=1 cfg=22 cfg_end=22 end=443 slack=157
89491.364 [0] DBG_DWM_CH5_RX_HUNT_START acq=61 complete=1000 cap=49
89491.435 [0] DBG_DWM_CH5_RX_HUNT_EMPTY s=73090 e=73151 ret=-116 sys=00000000 phy=2 cfg=1 aw=1 unk=0
89491.435 [0] DBG_DWM_CH5_RX_HUNT_START acq=61 complete=1000 cap=49
89491.488 [0] DBG_DWM_CH5_RX_HUNT_EMPTY s=73152 e=73213 ret=-116 sys=00000000 phy=2 cfg=1 aw=1 unk=0
89491.488 [0] DBG_DWM_CH5_RX_HUNT_START acq=61 complete=1000 cap=49
89491.571 [0] DBG_DWM_CH5_RX_HUNT_EMPTY s=73214 e=73275 ret=-116 sys=00000000 phy=2 cfg=1 aw=1 unk=0
89491.571 [0] DBG_DWM_CH5_RX_HUNT_START acq=11 complete=1000 cap=49
89491.571 [0] DBG_DWM_CH5_RX_HUNT_EMPTY s=73276 e=73287 ret=-116 sys=00000000 phy=2 cfg=1 aw=1 unk=0
89491.571 [0] DBG_DWM_INVALIDATE tag=configure_radio_from_reset active_phy=2 configured=1 awake=1
89491.602 [0] DBG_DWM_MARK_UNCONFIGURED tag=initialise_radio prev_phy=0
89491.602 [0] DBG_DWM_PHY_SWITCH from=2 to=4 fast=0 us=21515
89491.602 [0] DBG_DWM_WAKE_MESH_CTRL_OK sfd=1033
89491.627 [0] DBG_DWM_RF_SCOPE_DROP local=3 remote=1 remote_clicker=0
89491.707 [0] DBG_DWM_RF_SCOPE_DROP local=3 remote=1 remote_clicker=0
89491.707 [0] DBG_DWM_RF_SCOPE_DROP local=3 remote=0 remote_clicker=0
89491.906 [0] DBG_DWM_INVALIDATE tag=configure_radio_from_reset active_phy=4 configured=1 awake=1
89491.906 [0] DBG_DWM_MARK_UNCONFIGURED tag=initialise_radio prev_phy=0
89491.906 [0] DBG_DWM_PHY_SWITCH from=4 to=2 fast=0 us=21515
89491.906 [0] DBG_DWM_CH5_RX_HUNT_START acq=61 complete=1000 cap=49
89491.964 [0] DBG_DWM_CH5_RX_HUNT_EMPTY s=73632 e=73693 ret=-116 sys=00000000 phy=2 cfg=1 aw=1 unk=0
89491.964 [0] DBG_DWM_INVALIDATE tag=configure_radio_from_reset active_phy=2 configured=1 awake=1
89491.995 [0] DBG_DWM_MARK_UNCONFIGURED tag=initialise_radio prev_phy=0
89491.995 [0] DBG_DWM_PHY_SWITCH from=2 to=4 fast=0 us=21485
89491.995 [0] DBG_DWM_WAKE_MESH_CTRL_OK sfd=1033
89492.287 [0] DBG_DWM_INVALIDATE tag=configure_radio_from_reset active_phy=4 configured=1 awake=1
89492.319 [0] DBG_DWM_MARK_UNCONFIGURED tag=initialise_radio prev_phy=0
89492.319 [0] DBG_DWM_PHY_SWITCH from=4 to=2 fast=0 us=21484
89492.319 [0] DBG_DWM_CH5_RX_HUNT_START acq=61 complete=1000 cap=49
89492.373 [0] DBG_DWM_CH5_RX_HUNT_EMPTY s=74038 e=74099 ret=-116 sys=00000000 phy=2 cfg=1 aw=1 unk=0
89492.373 [0] DBG_DWM_INVALIDATE tag=configure_radio_from_reset active_phy=2 configured=1 awake=1
89492.405 [0] DBG_DWM_MARK_UNCONFIGURED tag=initialise_radio prev_phy=0
89492.405 [0] DBG_DWM_PHY_SWITCH from=2 to=4 fast=0 us=20874
89492.405 [0] DBG_DWM_WAKE_MESH_CTRL_OK sfd=1033
89492.707 [0] DBG_DWM_INVALIDATE tag=configure_radio_from_reset active_phy=4 configured=1 awake=1
89492.707 [0] DBG_DWM_MARK_UNCONFIGURED tag=initialise_radio prev_phy=0
89492.736 [0] DBG_DWM_PHY_SWITCH from=4 to=2 fast=0 us=21515
89492.736 [0] DBG_DWM_CH5_RX_HUNT_START acq=61 complete=1000 cap=49
89492.791 [0] DBG_DWM_CH5_RX_HUNT_EMPTY s=74443 e=74504 ret=-116 sys=00000000 phy=2 cfg=1 aw=1 unk=0
89492.791 [0] DBG_DWM_INVALIDATE tag=configure_radio_from_reset active_phy=2 configured=1 awake=1
89492.791 [0] DBG_DWM_MARK_UNCONFIGURED tag=initialise_radio prev_phy=0
89492.818 [0] DBG_DWM_PHY_SWITCH from=2 to=4 fast=0 us=21485
89492.818 [0] DBG_DWM_WAKE_MESH_CTRL_OK sfd=1033
89493.110 [0] DBG_DWM_RF_SCOPE_DROP local=3 remote=1 remote_clicker=0
89493.110 [0] DBG_DWM_INVALIDATE tag=configure_radio_from_reset active_phy=4 configured=1 awake=1
89493.141 [0] DBG_DWM_MARK_UNCONFIGURED tag=initialise_radio prev_phy=0
89493.141 [0] DBG_DWM_PHY_SWITCH from=4 to=2 fast=0 us=21484
89493.141 [0] DBG_DWM_CH5_RX_HUNT_START acq=61 complete=1000 cap=49
89493.201 [0] DBG_DWM_CH5_RX_HUNT_EMPTY s=74849 e=74910 ret=-116 sys=00000000 phy=2 cfg=1 aw=1 unk=0
89493.201 [0] DBG_DWM_INVALIDATE tag=configure_radio_from_reset active_phy=2 configured=1 awake=1
89493.201 [0] DBG_DWM_MARK_UNCONFIGURED tag=initialise_radio prev_phy=0
89493.227 [0] DBG_DWM_PHY_SWITCH from=2 to=4 fast=0 us=21485
89493.227 [0] DBG_DWM_WAKE_MESH_CTRL_OK sfd=1033
89493.523 [0] DBG_DWM_INVALIDATE tag=configure_radio_from_reset active_phy=4 configured=1 awake=1
89493.523 [0] DBG_DWM_MARK_UNCONFIGURED tag=initialise_radio prev_phy=0
89493.523 [0] DBG_DWM_PHY_SWITCH from=4 to=2 fast=0 us=20874
89493.548 [0] DBG_DWM_CH5_RX_HUNT_START acq=61 complete=1000 cap=49
89493.605 [0] DBG_DWM_CH5_RX_HUNT_EMPTY s=75255 e=75316 ret=-116 sys=00000000 phy=2 cfg=1 aw=1 unk=0
89493.605 [0] DBG_DWM_INVALIDATE tag=configure_radio_from_reset active_phy=2 configured=1 awake=1
89493.605 [0] DBG_DWM_MARK_UNCONFIGURED tag=initialise_radio prev_phy=0
89493.632 [0] DBG_DWM_PHY_SWITCH from=2 to=4 fast=0 us=21485
89493.632 [0] DBG_DWM_WAKE_MESH_CTRL_OK sfd=1033
89493.937 [0] DBG_DWM_INVALIDATE tag=configure_radio_from_reset active_phy=4 configured=1 awake=1
89493.937 [0] DBG_DWM_MARK_UNCONFIGURED tag=initialise_radio prev_phy=0
89493.937 [0] DBG_DWM_PHY_SWITCH from=4 to=2 fast=0 us=21485
89493.937 [0] DBG_DWM_CH5_RX_HUNT_START acq=61 complete=1000 cap=49
89493.992 [0] DBG_DWM_CH5_RX_HUNT_EMPTY s=75661 e=75722 ret=-116 sys=00000000 phy=2 cfg=1 aw=1 unk=0
89493.992 [0] DBG_DWM_INVALIDATE tag=configure_radio_from_reset active_phy=2 configured=1 awake=1
89494.023 [0] DBG_DWM_MARK_UNCONFIGURED tag=initialise_radio prev_phy=0
89494.023 [0] DBG_DWM_PHY_SWITCH from=2 to=4 fast=0 us=21515
89494.023 [0] DBG_DWM_WAKE_MESH_CTRL_OK sfd=1033
89494.315 [0] DBG_DWM_INVALIDATE tag=configure_radio_from_reset active_phy=4 configured=1 awake=1
89494.347 [0] DBG_DWM_MARK_UNCONFIGURED tag=initialise_radio prev_phy=0
89494.347 [0] DBG_DWM_PHY_SWITCH from=4 to=2 fast=0 us=20905
89494.347 [0] DBG_DWM_CH5_RX_HUNT_START acq=61 complete=1000 cap=49
89494.401 [0] DBG_DWM_CH5_RX_HUNT_EMPTY s=76067 e=76128 ret=-116 sys=00000000 phy=2 cfg=1 aw=1 unk=0
89494.401 [0] DBG_DWM_INVALIDATE tag=configure_radio_from_reset active_phy=2 configured=1 awake=1
89494.441 [0] DBG_DWM_MARK_UNCONFIGURED tag=initialise_radio prev_phy=0
89494.441 [0] DBG_DWM_PHY_SWITCH from=2 to=4 fast=0 us=20904
89494.441 [0] DBG_DWM_WAKE_MESH_CTRL_OK sfd=1033
89494.584 [0] DBG_DWM_RF_SCOPE_DROP local=3 remote=1 remote_clicker=0
89494.611 [0] DBG_DWM_RF_SCOPE_DROP local=3 remote=0 remote_clicker=0
89494.744 [0] DBG_DWM_INVALIDATE tag=configure_radio_from_reset active_phy=4 configured=1 awake=1
89494.744 [0] DBG_DWM_MARK_UNCONFIGURED tag=initialise_radio prev_phy=0
89494.744 [0] DBG_DWM_PHY_SWITCH from=4 to=2 fast=0 us=21545
89494.744 [0] DBG_DWM_CH5_RX_HUNT_START acq=61 complete=1000 cap=49
89494.829 [0] DBG_DWM_CH5_RX_HUNT_EMPTY s=76472 e=76533 ret=-116 sys=00000000 phy=2 cfg=1 aw=1 unk=0
89494.829 [0] DBG_DWM_INVALIDATE tag=configure_radio_from_reset active_phy=2 configured=1 awake=1
89494.829 [0] DBG_DWM_MARK_UNCONFIGURED tag=initialise_radio prev_phy=0
89494.829 [0] DBG_DWM_PHY_SWITCH from=2 to=4 fast=0 us=21515
89494.829 [0] DBG_DWM_WAKE_MESH_CTRL_OK sfd=1033
89495.152 [0] DBG_DWM_INVALIDATE tag=configure_radio_from_reset active_phy=4 configured=1 awake=1
89495.152 [0] DBG_DWM_MARK_UNCONFIGURED tag=initialise_radio prev_phy=0
89495.152 [0] DBG_DWM_PHY_SWITCH from=4 to=2 fast=0 us=21485
89495.152 [0] DBG_DWM_CH5_RX_HUNT_START acq=61 complete=1000 cap=49
89495.212 [0] DBG_DWM_CH5_RX_HUNT_EMPTY s=76878 e=76939 ret=-116 sys=00000000 phy=2 cfg=1 aw=1 unk=0
89495.212 [0] DBG_DWM_INVALIDATE tag=configure_radio_from_reset active_phy=2 configured=1 awake=1
89495.245 [0] DBG_DWM_MARK_UNCONFIGURED tag=initialise_radio prev_phy=0
89495.245 [0] DBG_DWM_PHY_SWITCH from=2 to=4 fast=0 us=21515
89495.245 [0] DBG_DWM_WAKE_MESH_CTRL_OK sfd=1033
89495.537 [0] DBG_DWM_INVALIDATE tag=configure_radio_from_reset active_phy=4 configured=1 awake=1
89495.568 [0] DBG_DWM_MARK_UNCONFIGURED tag=initialise_radio prev_phy=0
89495.568 [0] DBG_DWM_PHY_SWITCH from=4 to=2 fast=0 us=21515
89495.568 [0] DBG_DWM_CH5_RX_HUNT_START acq=61 complete=1000 cap=49
89495.622 [0] DBG_DWM_CH5_RX_HUNT_EMPTY s=77284 e=77345 ret=-116 sys=00000000 phy=2 cfg=1 aw=1 unk=0
89495.622 [0] DBG_DWM_INVALIDATE tag=configure_radio_from_reset active_phy=2 configured=1 awake=1
89495.654 [0] DBG_DWM_MARK_UNCONFIGURED tag=initialise_radio prev_phy=0
89495.654 [0] DBG_DWM_PHY_SWITCH from=2 to=4 fast=0 us=21515
89495.654 [0] DBG_DWM_WAKE_MESH_CTRL_OK sfd=1033
89495.947 [0] DBG_DWM_INVALIDATE tag=configure_radio_from_reset active_phy=4 configured=1 awake=1
89495.978 [0] DBG_DWM_MARK_UNCONFIGURED tag=initialise_radio prev_phy=0
89495.978 [0] DBG_DWM_PHY_SWITCH from=4 to=2 fast=0 us=21515
89495.978 [0] DBG_DWM_CH5_RX_HUNT_START acq=61 complete=1000 cap=49
89496.034 [0] DBG_DWM_CH5_RX_HUNT_EMPTY s=77690 e=77751 ret=-116 sys=00000000 phy=2 cfg=1 aw=1 unk=0
89496.034 [0] DBG_DWM_INVALIDATE tag=configure_radio_from_reset active_phy=2 configured=1 awake=1
89496.067 [0] DBG_DWM_MARK_UNCONFIGURED tag=initialise_radio prev_phy=0
89496.067 [0] DBG_DWM_PHY_SWITCH from=2 to=4 fast=0 us=21484
89496.067 [0] DBG_DWM_WAKE_MESH_CTRL_OK sfd=1033
89496.362 [0] DBG_DWM_INVALIDATE tag=configure_radio_from_reset active_phy=4 configured=1 awake=1
89496.362 [0] DBG_DWM_MARK_UNCONFIGURED tag=initialise_radio prev_phy=0
89496.388 [0] DBG_DWM_PHY_SWITCH from=4 to=2 fast=0 us=20905
89496.388 [0] DBG_DWM_CH5_RX_HUNT_START acq=61 complete=1000 cap=49
89496.445 [0] DBG_DWM_CH5_RX_HUNT_EMPTY s=78095 e=78157 ret=-116 sys=00000000 phy=2 cfg=1 aw=1 unk=0
89496.445 [0] DBG_DWM_INVALIDATE tag=configure_radio_from_reset active_phy=2 configured=1 awake=1
89496.445 [0] DBG_DWM_MARK_UNCONFIGURED tag=initialise_radio prev_phy=0
89496.474 [0] DBG_DWM_PHY_SWITCH from=2 to=4 fast=0 us=20904
89496.474 [0] DBG_DWM_WAKE_MESH_CTRL_OK sfd=1033
89496.770 [0] DBG_DWM_INVALIDATE tag=configure_radio_from_reset active_phy=4 configured=1 awake=1
89496.770 [0] DBG_DWM_MARK_UNCONFIGURED tag=initialise_radio prev_phy=0
89496.796 [0] DBG_DWM_PHY_SWITCH from=4 to=2 fast=0 us=21484
89496.796 [0] DBG_DWM_CH5_RX_HUNT_START acq=36 complete=1000 cap=49
89496.830 [0] DBG_DWM_CH5_RX_HUNT_EMPTY s=78501 e=78537 ret=-116 sys=00000000 phy=2 cfg=1 aw=1 unk=0
89496.830 [0] DBG_DWM_INVALIDATE tag=configure_radio_from_reset active_phy=2 configured=1 awake=1
89496.830 [0] DBG_DWM_MARK_UNCONFIGURED tag=initialise_radio prev_phy=0
89496.830 [0] DBG_DWM_PHY_SWITCH from=2 to=4 fast=0 us=21484
89496.830 [0] DBG_DWM_WAKE_MESH_CTRL_OK sfd=1033
89496.830 [0] DBG_SURVEY_LANE_END g=2 k=2 h=3 rec=0 ack=-1 dur=5273
89496.888 [0] DBG_DWM_INVALIDATE tag=configure_radio_from_reset active_phy=4 configured=1 awake=1
89496.888 [0] DBG_DWM_MARK_UNCONFIGURED tag=initialise_radio prev_phy=0
89496.888 [0] DBG_DWM_PHY_SWITCH from=4 to=2 fast=0 us=21484
89496.913 [0] DBG_DWM_CH5_RX_HUNT_START acq=61 complete=1000 cap=49
89496.974 [0] DBG_DWM_CH5_RX_HUNT_EMPTY s=78618 e=78679 ret=-116 sys=00000000 phy=2 cfg=1 aw=1 unk=0
89496.974 [0] DBG_DWM_CH5_RX_HUNT_START acq=61 complete=1000 cap=49
89497.031 [0] DBG_DWM_CH5_RX_HUNT_EMPTY s=78680 e=78741 ret=-116 sys=00000000 phy=2 cfg=1 aw=1 unk=0
89497.031 [0] DBG_DWM_CH5_RX_HUNT_START acq=61 complete=1000 cap=49
89497.085 [0] DBG_DWM_CH5_RX_HUNT_EMPTY s=78742 e=78803 ret=-116 sys=00000000 phy=2 cfg=1 aw=1 unk=0
89497.085 [0] DBG_DWM_CH5_RX_HUNT_START acq=61 complete=1000 cap=49
89497.139 [0] DBG_DWM_CH5_RX_HUNT_EMPTY s=78804 e=78865 ret=-116 sys=00000000 phy=2 cfg=1 aw=1 unk=0
89497.139 [0] DBG_DWM_CH5_RX_HUNT_START acq=61 complete=1000 cap=49
89497.223 [0] DBG_DWM_CH5_RX_HUNT_EMPTY s=78866 e=78927 ret=-116 sys=00000000 phy=2 cfg=1 aw=1 unk=0
89497.223 [0] DBG_DWM_CH5_RX_HUNT_START acq=61 complete=1000 cap=49
89497.279 [0] DBG_DWM_CH5_RX_HUNT_EMPTY s=78928 e=78989 ret=-116 sys=00000000 phy=2 cfg=1 aw=1 unk=0
89497.279 [0] DBG_DWM_CH5_RX_HUNT_START acq=61 complete=1000 cap=49
89497.334 [0] DBG_DWM_CH5_RX_HUNT_EMPTY s=78990 e=79051 ret=-116 sys=00000000 phy=2 cfg=1 aw=1 unk=0
89497.334 [0] DBG_DWM_CH5_RX_HUNT_START acq=61 complete=1000 cap=49
89497.387 [0] DBG_DWM_CH5_RX_HUNT_EMPTY s=79052 e=79113 ret=-116 sys=00000000 phy=2 cfg=1 aw=1 unk=0
89497.387 [0] DBG_DWM_CH5_RX_HUNT_START acq=61 complete=1000 cap=49
89497.472 [0] DBG_DWM_CH5_RX_HUNT_EMPTY s=79114 e=79175 ret=-116 sys=00000000 phy=2 cfg=1 aw=1 unk=0
89497.472 [0] DBG_DWM_CH5_RX_HUNT_START acq=61 complete=1000 cap=49
89497.535 [0] DBG_DWM_CH5_RX_HUNT_EMPTY s=79176 e=79237 ret=-116 sys=00000000 phy=2 cfg=1 aw=1 unk=0
89497.535 [0] DBG_DWM_INVALIDATE tag=configure_radio_from_reset active_phy=2 configured=1 awake=1
89497.535 [0] DBG_DWM_MARK_UNCONFIGURED tag=initialise_radio prev_phy=0
89497.535 [0] DBG_DWM_PHY_SWITCH from=2 to=4 fast=0 us=20935
89497.535 [0] DBG_DWM_WAKE_MESH_CTRL_OK sfd=1033
89497.658 [0] DBG_DWM_RF_SCOPE_DROP local=3 remote=1 remote_clicker=0
89497.658 [0] DBG_DWM_RF_SCOPE_DROP local=3 remote=0 remote_clicker=0
89497.833 [0] DBG_DWM_INVALIDATE tag=configure_radio_from_reset active_phy=4 configured=1 awake=1
89497.864 [0] DBG_DWM_MARK_UNCONFIGURED tag=initialise_radio prev_phy=0
89497.864 [0] DBG_DWM_PHY_SWITCH from=4 to=2 fast=0 us=21515
89497.864 [0] DBG_DWM_CH5_RX_HUNT_START acq=61 complete=1000 cap=49
89497.919 [0] DBG_DWM_CH5_RX_HUNT_EMPTY s=79581 e=79642 ret=-116 sys=00000000 phy=2 cfg=1 aw=1 unk=0
89497.919 [0] DBG_DWM_INVALIDATE tag=configure_radio_from_reset active_phy=2 configured=1 awake=1
89497.950 [0] DBG_DWM_MARK_UNCONFIGURED tag=initialise_radio prev_phy=0
89497.950 [0] DBG_DWM_PHY_SWITCH from=2 to=4 fast=0 us=21515
89497.950 [0] DBG_DWM_WAKE_MESH_CTRL_OK sfd=1033
89498.243 [0] DBG_DWM_INVALIDATE tag=configure_radio_from_reset active_phy=4 configured=1 awake=1
89498.274 [0] DBG_DWM_MARK_UNCONFIGURED tag=initialise_radio prev_phy=0
89498.274 [0] DBG_DWM_PHY_SWITCH from=4 to=2 fast=0 us=21514
89498.274 [0] DBG_DWM_CH5_RX_HUNT_START acq=61 complete=1000 cap=49
89498.330 [0] DBG_DWM_CH5_RX_HUNT_EMPTY s=79987 e=80048 ret=-116 sys=00000000 phy=2 cfg=1 aw=1 unk=0
89498.330 [0] DBG_DWM_INVALIDATE tag=configure_radio_from_reset active_phy=2 configured=1 awake=1
89498.360 [0] DBG_DWM_MARK_UNCONFIGURED tag=initialise_radio prev_phy=0
89498.360 [0] DBG_DWM_PHY_SWITCH from=2 to=4 fast=0 us=20875
89498.360 [0] DBG_DWM_WAKE_MESH_CTRL_OK sfd=1033
89498.653 [0] DBG_DWM_INVALIDATE tag=configure_radio_from_reset active_phy=4 configured=1 awake=1
89498.684 [0] DBG_DWM_MARK_UNCONFIGURED tag=initialise_radio prev_phy=0
89498.684 [0] DBG_DWM_PHY_SWITCH from=4 to=2 fast=0 us=21515
89498.684 [0] DBG_DWM_CH5_RX_HUNT_START acq=61 complete=1000 cap=49
89498.744 [0] DBG_DWM_CH5_RX_HUNT_EMPTY s=80392 e=80453 ret=-116 sys=00000000 phy=2 cfg=1 aw=1 unk=0
89498.744 [0] DBG_DWM_INVALIDATE tag=configure_radio_from_reset active_phy=2 configured=1 awake=1
89498.744 [0] DBG_DWM_MARK_UNCONFIGURED tag=initialise_radio prev_phy=0
89498.770 [0] DBG_DWM_PHY_SWITCH from=2 to=4 fast=0 us=21515
89498.770 [0] DBG_DWM_WAKE_MESH_CTRL_OK sfd=1033
89499.038 [0] DBG_DWM_RF_SCOPE_DROP local=3 remote=1 remote_clicker=0
89499.072 [0] DBG_DWM_INVALIDATE tag=configure_radio_from_reset active_phy=4 configured=1 awake=1
89499.072 [0] DBG_DWM_MARK_UNCONFIGURED tag=initialise_radio prev_phy=0
89499.072 [0] DBG_DWM_PHY_SWITCH from=4 to=2 fast=0 us=21484
89499.072 [0] DBG_DWM_CH5_RX_HUNT_START acq=61 complete=1000 cap=49
89499.157 [0] DBG_DWM_CH5_RX_HUNT_EMPTY s=80798 e=80859 ret=-116 sys=00000000 phy=2 cfg=1 aw=1 unk=0
89499.157 [0] DBG_DWM_INVALIDATE tag=configure_radio_from_reset active_phy=2 configured=1 awake=1
89499.157 [0] DBG_DWM_MARK_UNCONFIGURED tag=initialise_radio prev_phy=0
89499.157 [0] DBG_DWM_PHY_SWITCH from=2 to=4 fast=0 us=21515
89499.157 [0] DBG_DWM_WAKE_MESH_CTRL_OK sfd=1033
89499.482 [0] DBG_DWM_INVALIDATE tag=configure_radio_from_reset active_phy=4 configured=1 awake=1
89499.482 [0] DBG_DWM_MARK_UNCONFIGURED tag=initialise_radio prev_phy=0
89499.482 [0] DBG_DWM_PHY_SWITCH from=4 to=2 fast=0 us=20874
89499.482 [0] DBG_DWM_CH5_RX_HUNT_START acq=61 complete=1000 cap=49
89499.537 [0] DBG_DWM_CH5_RX_HUNT_EMPTY s=81204 e=81265 ret=-116 sys=00000000 phy=2 cfg=1 aw=1 unk=0
89499.537 [0] DBG_DWM_INVALIDATE tag=configure_radio_from_reset active_phy=2 configured=1 awake=1
89499.569 [0] DBG_DWM_MARK_UNCONFIGURED tag=initialise_radio prev_phy=0
89499.569 [0] DBG_DWM_PHY_SWITCH from=2 to=4 fast=0 us=21484
89499.569 [0] DBG_DWM_WAKE_MESH_CTRL_OK sfd=1033
89499.864 [0] DBG_DWM_INVALIDATE tag=configure_radio_from_reset active_phy=4 configured=1 awake=1
89499.895 [0] DBG_DWM_MARK_UNCONFIGURED tag=initialise_radio prev_phy=0
89499.895 [0] DBG_DWM_PHY_SWITCH from=4 to=2 fast=0 us=21484
89499.895 [0] DBG_DWM_CH5_RX_HUNT_START acq=61 complete=1000 cap=49
89499.950 [0] DBG_DWM_CH5_RX_HUNT_EMPTY s=81610 e=81671 ret=-116 sys=00000000 phy=2 cfg=1 aw=1 unk=0
89499.950 [0] DBG_DWM_INVALIDATE tag=configure_radio_from_reset active_phy=2 configured=1 awake=1
89499.982 [0] DBG_DWM_MARK_UNCONFIGURED tag=initialise_radio prev_phy=0
89499.982 [0] DBG_DWM_PHY_SWITCH from=2 to=4 fast=0 us=21515
89499.982 [0] DBG_DWM_WAKE_MESH_CTRL_OK sfd=1033
89500.275 [0] DBG_DWM_INVALIDATE tag=configure_radio_from_reset active_phy=4 configured=1 awake=1
89500.306 [0] DBG_DWM_MARK_UNCONFIGURED tag=initialise_radio prev_phy=0
89500.306 [0] DBG_DWM_PHY_SWITCH from=4 to=2 fast=0 us=21485
89500.306 [0] DBG_DWM_CH5_RX_HUNT_START acq=61 complete=1000 cap=49
89500.361 [0] DBG_DWM_CH5_RX_HUNT_EMPTY s=82016 e=82077 ret=-116 sys=00000000 phy=2 cfg=1 aw=1 unk=0
89500.361 [0] DBG_DWM_INVALIDATE tag=configure_radio_from_reset active_phy=2 configured=1 awake=1
89500.393 [0] DBG_DWM_MARK_UNCONFIGURED tag=initialise_radio prev_phy=0
89500.393 [0] DBG_DWM_PHY_SWITCH from=2 to=4 fast=0 us=20874
89500.393 [0] DBG_DWM_WAKE_MESH_CTRL_OK sfd=1033
89500.565 [0] DBG_DWM_RF_SCOPE_DROP local=3 remote=1 remote_clicker=0
89500.592 [0] DBG_DWM_RF_SCOPE_DROP local=3 remote=0 remote_clicker=0
89500.670 [0] DBG_DWM_INVALIDATE tag=configure_radio_from_reset active_phy=4 configured=1 awake=1
89500.700 [0] DBG_DWM_MARK_UNCONFIGURED tag=initialise_radio prev_phy=0
89500.700 [0] DBG_DWM_PHY_SWITCH from=4 to=2 fast=0 us=21546
89500.700 [0] DBG_DWM_CH5_RX_HUNT_START acq=61 complete=1000 cap=49
89500.756 [0] DBG_DWM_CH5_RX_HUNT_EMPTY s=82421 e=82482 ret=-116 sys=00000000 phy=2 cfg=1 aw=1 unk=0
89500.756 [0] DBG_DWM_INVALIDATE tag=configure_radio_from_reset active_phy=2 configured=1 awake=1
89500.786 [0] DBG_DWM_MARK_UNCONFIGURED tag=initialise_radio prev_phy=0
89500.786 [0] DBG_DWM_PHY_SWITCH from=2 to=4 fast=0 us=21515
89500.786 [0] DBG_DWM_WAKE_MESH_CTRL_OK sfd=1033
89501.075 [0] DBG_DWM_INVALIDATE tag=configure_radio_from_reset active_phy=4 configured=1 awake=1
89501.107 [0] DBG_DWM_MARK_UNCONFIGURED tag=initialise_radio prev_phy=0
89501.107 [0] DBG_DWM_PHY_SWITCH from=4 to=2 fast=0 us=21515
89501.107 [0] DBG_DWM_CH5_RX_HUNT_START acq=61 complete=1000 cap=49
89501.162 [0] DBG_DWM_CH5_RX_HUNT_EMPTY s=82827 e=82888 ret=-116 sys=00000000 phy=2 cfg=1 aw=1 unk=0
89501.162 [0] DBG_DWM_INVALIDATE tag=configure_radio_from_reset active_phy=2 configured=1 awake=1
89501.195 [0] DBG_DWM_MARK_UNCONFIGURED tag=initialise_radio prev_phy=0
89501.195 [0] DBG_DWM_PHY_SWITCH from=2 to=4 fast=0 us=21485
89501.195 [0] DBG_DWM_WAKE_MESH_CTRL_OK sfd=1033
89501.492 [0] DBG_DWM_INVALIDATE tag=configure_radio_from_reset active_phy=4 configured=1 awake=1
89501.522 [0] DBG_DWM_MARK_UNCONFIGURED tag=initialise_radio prev_phy=0
89501.522 [0] DBG_DWM_PHY_SWITCH from=4 to=2 fast=0 us=20874
89501.522 [0] DBG_DWM_CH5_RX_HUNT_START acq=61 complete=1000 cap=49
89501.578 [0] DBG_DWM_CH5_RX_HUNT_EMPTY s=83233 e=83294 ret=-116 sys=00000000 phy=2 cfg=1 aw=1 unk=0
89501.578 [0] DBG_DWM_INVALIDATE tag=configure_radio_from_reset active_phy=2 configured=1 awake=1
89501.608 [0] DBG_DWM_MARK_UNCONFIGURED tag=initialise_radio prev_phy=0
89501.608 [0] DBG_DWM_PHY_SWITCH from=2 to=4 fast=0 us=21515
89501.608 [0] DBG_DWM_WAKE_MESH_CTRL_OK sfd=1033
89501.899 [0] DBG_DWM_INVALIDATE tag=configure_radio_from_reset active_phy=4 configured=1 awake=1
89501.930 [0] DBG_DWM_MARK_UNCONFIGURED tag=initialise_radio prev_phy=0
89501.930 [0] DBG_DWM_PHY_SWITCH from=4 to=2 fast=0 us=21514
89501.930 [0] DBG_DWM_CH5_RX_HUNT_START acq=61 complete=1000 cap=49
89501.990 [0] DBG_DWM_CH5_RX_HUNT_EMPTY s=83639 e=83700 ret=-116 sys=00000000 phy=2 cfg=1 aw=1 unk=0
89501.990 [0] DBG_DWM_INVALIDATE tag=configure_radio_from_reset active_phy=2 configured=1 awake=1
89501.990 [0] DBG_DWM_MARK_UNCONFIGURED tag=initialise_radio prev_phy=0
89502.016 [0] DBG_DWM_PHY_SWITCH from=2 to=4 fast=0 us=21484
89502.016 [0] DBG_DWM_WAKE_MESH_CTRL_OK sfd=1033
89502.308 [0] DBG_DWM_INVALIDATE tag=configure_radio_from_reset active_phy=4 configured=1 awake=1
89502.308 [0] DBG_DWM_MARK_UNCONFIGURED tag=initialise_radio prev_phy=0
89502.338 [0] DBG_DWM_PHY_SWITCH from=4 to=2 fast=0 us=21515
89502.338 [0] DBG_DWM_CH5_RX_HUNT_START acq=61 complete=1000 cap=49
89502.396 [0] DBG_DWM_CH5_RX_HUNT_EMPTY s=84045 e=84106 ret=-116 sys=00000000 phy=2 cfg=1 aw=1 unk=0
89502.396 [0] DBG_DWM_INVALIDATE tag=configure_radio_from_reset active_phy=2 configured=1 awake=1
89502.396 [0] DBG_DWM_MARK_UNCONFIGURED tag=initialise_radio prev_phy=0
89502.421 [0] DBG_DWM_PHY_SWITCH from=2 to=4 fast=0 us=20904
89502.421 [0] DBG_DWM_WAKE_MESH_CTRL_OK sfd=1033
89502.724 [0] DBG_DWM_INVALIDATE tag=configure_radio_from_reset active_phy=4 configured=1 awake=1
89502.724 [0] DBG_DWM_MARK_UNCONFIGURED tag=initialise_radio prev_phy=0
89502.724 [0] DBG_DWM_PHY_SWITCH from=4 to=2 fast=0 us=21485
89502.724 [0] DBG_DWM_CH5_RX_HUNT_START acq=36 complete=1000 cap=49
89502.757 [0] DBG_DWM_CH5_RX_HUNT_EMPTY s=84450 e=84486 ret=-116 sys=00000000 phy=2 cfg=1 aw=1 unk=0
89502.757 [0] DBG_DWM_INVALIDATE tag=configure_radio_from_reset active_phy=2 configured=1 awake=1
89502.788 [0] DBG_DWM_MARK_UNCONFIGURED tag=initialise_radio prev_phy=0
89502.788 [0] DBG_DWM_PHY_SWITCH from=2 to=4 fast=0 us=21515
89502.788 [0] DBG_DWM_WAKE_MESH_CTRL_OK sfd=1033
89502.788 [0] DBG_SURVEY_LANE_END g=2 k=2 h=3 rec=0 ack=-1 dur=5272
89502.818 [0] DBG_DWM_INVALIDATE tag=configure_radio_from_reset active_phy=4 configured=1 awake=1
89502.849 [0] DBG_DWM_MARK_UNCONFIGURED tag=initialise_radio prev_phy=0
89502.849 [0] DBG_DWM_PHY_SWITCH from=4 to=2 fast=0 us=21546
89502.849 [0] DBG_DWM_CH5_RX_HUNT_START acq=61 complete=1000 cap=49
89502.903 [0] DBG_DWM_CH5_RX_HUNT_EMPTY s=84568 e=84629 ret=-116 sys=00000000 phy=2 cfg=1 aw=1 unk=0
89502.903 [0] DBG_DWM_CH5_RX_HUNT_START acq=61 complete=1000 cap=49
89502.963 [0] DBG_DWM_CH5_RX_HUNT_EMPTY s=84630 e=84691 ret=-116 sys=00000000 phy=2 cfg=1 aw=1 unk=0
89502.963 [0] DBG_DWM_CH5_RX_HUNT_START acq=61 complete=1000 cap=49
89503.045 [0] DBG_DWM_CH5_RX_HUNT_EMPTY s=84692 e=84753 ret=-116 sys=00000000 phy=2 cfg=1 aw=1 unk=0
89503.045 [0] DBG_DWM_CH5_RX_HUNT_START acq=61 complete=1000 cap=49
89503.100 [0] DBG_DWM_CH5_RX_HUNT_EMPTY s=84754 e=84815 ret=-116 sys=00000000 phy=2 cfg=1 aw=1 unk=0
89503.100 [0] DBG_DWM_CH5_RX_HUNT_START acq=61 complete=1000 cap=49
89503.154 [0] DBG_DWM_CH5_RX_HUNT_EMPTY s=84816 e=84877 ret=-116 sys=00000000 phy=2 cfg=1 aw=1 unk=0
89503.154 [0] DBG_DWM_CH5_RX_HUNT_START acq=61 complete=1000 cap=49
89503.215 [0] DBG_DWM_CH5_RX_HUNT_EMPTY s=84878 e=84939 ret=-116 sys=00000000 phy=2 cfg=1 aw=1 unk=0
89503.215 [0] DBG_DWM_CH5_RX_HUNT_START acq=61 complete=1000 cap=49
89503.271 [0] DBG_DWM_CH5_RX_HUNT_EMPTY s=84940 e=85001 ret=-116 sys=00000000 phy=2 cfg=1 aw=1 unk=0
89503.295 [0] DBG_DWM_CH5_RX_HUNT_START acq=61 complete=1000 cap=49
89503.349 [0] DBG_DWM_CH5_RX_HUNT_EMPTY s=85002 e=85063 ret=-116 sys=00000000 phy=2 cfg=1 aw=1 unk=0
89503.349 [0] DBG_DWM_CH5_RX_HUNT_START acq=61 complete=1000 cap=49
89503.403 [0] DBG_DWM_CH5_RX_HUNT_EMPTY s=85064 e=85125 ret=-116 sys=00000000 phy=2 cfg=1 aw=1 unk=0
89503.403 [0] DBG_DWM_CH5_RX_HUNT_START acq=61 complete=1000 cap=49
89503.465 [0] DBG_DWM_CH5_RX_HUNT_EMPTY s=85126 e=85187 ret=-116 sys=00000000 phy=2 cfg=1 aw=1 unk=0
89503.465 [0] DBG_DWM_INVALIDATE tag=configure_radio_from_reset active_phy=2 configured=1 awake=1
89503.499 [0] DBG_DWM_MARK_UNCONFIGURED tag=initialise_radio prev_phy=0
89503.499 [0] DBG_DWM_PHY_SWITCH from=2 to=4 fast=0 us=20874
89503.499 [0] DBG_DWM_WAKE_MESH_CTRL_OK sfd=1033
89503.499 [0] DBG_DWM_RF_SCOPE_DROP local=3 remote=1 remote_clicker=0
89503.598 [0] DBG_DWM_RF_SCOPE_DROP local=3 remote=1 remote_clicker=0
89503.598 [0] DBG_DWM_RF_SCOPE_DROP local=3 remote=0 remote_clicker=0
89503.804 [0] DBG_DWM_INVALIDATE tag=configure_radio_from_reset active_phy=4 configured=1 awake=1
89503.804 [0] DBG_DWM_MARK_UNCONFIGURED tag=initialise_radio prev_phy=0
89503.804 [0] DBG_DWM_PHY_SWITCH from=4 to=2 fast=0 us=21515
89503.804 [0] DBG_DWM_CH5_RX_HUNT_START acq=61 complete=1000 cap=49
89503.887 [0] DBG_DWM_CH5_RX_HUNT_EMPTY s=85531 e=85592 ret=-116 sys=00000000 phy=2 cfg=1 aw=1 unk=0
89503.887 [0] DBG_DWM_INVALIDATE tag=configure_radio_from_reset active_phy=2 configured=1 awake=1
89503.887 [0] DBG_DWM_MARK_UNCONFIGURED tag=initialise_radio prev_phy=0
89503.887 [0] DBG_DWM_PHY_SWITCH from=2 to=4 fast=0 us=21515
89503.887 [0] DBG_DWM_WAKE_MESH_CTRL_OK sfd=1033
89504.222 [0] DBG_DWM_INVALIDATE tag=configure_radio_from_reset active_phy=4 configured=1 awake=1
89504.222 [0] DBG_DWM_MARK_UNCONFIGURED tag=initialise_radio prev_phy=0
89504.222 [0] DBG_DWM_PHY_SWITCH from=4 to=2 fast=0 us=21546
89504.222 [0] DBG_DWM_CH5_RX_HUNT_START acq=61 complete=1000 cap=49
89504.279 [0] DBG_DWM_CH5_RX_HUNT_EMPTY s=85937 e=85998 ret=-116 sys=00000000 phy=2 cfg=1 aw=1 unk=0
89504.279 [0] DBG_DWM_INVALIDATE tag=configure_radio_from_reset active_phy=2 configured=1 awake=1
89504.311 [0] DBG_DWM_MARK_UNCONFIGURED tag=initialise_radio prev_phy=0
89504.311 [0] DBG_DWM_PHY_SWITCH from=2 to=4 fast=0 us=21485
89504.311 [0] DBG_DWM_WAKE_MESH_CTRL_OK sfd=1033
89504.602 [0] DBG_DWM_INVALIDATE tag=configure_radio_from_reset active_phy=4 configured=1 awake=1
89504.633 [0] DBG_DWM_MARK_UNCONFIGURED tag=initialise_radio prev_phy=0
89504.633 [0] DBG_DWM_PHY_SWITCH from=4 to=2 fast=0 us=21484
89504.633 [0] DBG_DWM_CH5_RX_HUNT_START acq=61 complete=1000 cap=49
89504.688 [0] DBG_DWM_CH5_RX_HUNT_EMPTY s=86343 e=86404 ret=-116 sys=00000000 phy=2 cfg=1 aw=1 unk=0
89504.688 [0] DBG_DWM_INVALIDATE tag=configure_radio_from_reset active_phy=2 configured=1 awake=1
89504.728 [0] DBG_DWM_MARK_UNCONFIGURED tag=initialise_radio prev_phy=0
89504.728 [0] DBG_DWM_PHY_SWITCH from=2 to=4 fast=0 us=21515
89504.728 [0] DBG_DWM_WAKE_MESH_CTRL_OK sfd=1033
89504.998 [0] DBG_DWM_INVALIDATE tag=configure_radio_from_reset active_phy=4 configured=1 awake=1
89505.030 [0] DBG_DWM_MARK_UNCONFIGURED tag=initialise_radio prev_phy=0
89505.030 [0] DBG_DWM_PHY_SWITCH from=4 to=2 fast=0 us=21545
89505.030 [0] DBG_DWM_CH5_RX_HUNT_START acq=61 complete=1000 cap=49
89505.084 [0] DBG_DWM_CH5_RX_HUNT_EMPTY s=86749 e=86810 ret=-116 sys=00000000 phy=2 cfg=1 aw=1 unk=0
89505.084 [0] DBG_DWM_INVALIDATE tag=configure_radio_from_reset active_phy=2 configured=1 awake=1
89505.116 [0] DBG_DWM_MARK_UNCONFIGURED tag=initialise_radio prev_phy=0
89505.116 [0] DBG_DWM_PHY_SWITCH from=2 to=4 fast=0 us=21515
89505.116 [0] DBG_DWM_WAKE_MESH_CTRL_OK sfd=1033
89505.116 [0] DBG_DWM_RF_SCOPE_DROP local=3 remote=1 remote_clicker=0
89505.410 [0] DBG_DWM_INVALIDATE tag=configure_radio_from_reset active_phy=4 configured=1 awake=1
89505.441 [0] DBG_DWM_MARK_UNCONFIGURED tag=initialise_radio prev_phy=0
89505.441 [0] DBG_DWM_PHY_SWITCH from=4 to=2 fast=0 us=20874
89505.441 [0] DBG_DWM_CH5_RX_HUNT_START acq=61 complete=1000 cap=49
89505.500 [0] DBG_DWM_CH5_RX_HUNT_EMPTY s=87155 e=87216 ret=-116 sys=00000000 phy=2 cfg=1 aw=1 unk=0
89505.500 [0] DBG_DWM_INVALIDATE tag=configure_radio_from_reset active_phy=2 configured=1 awake=1
89505.532 [0] DBG_DWM_MARK_UNCONFIGURED tag=initialise_radio prev_phy=0
89505.532 [0] DBG_DWM_PHY_SWITCH from=2 to=4 fast=0 us=20874
89505.532 [0] DBG_DWM_WAKE_MESH_CTRL_OK sfd=1033
89505.830 [0] DBG_DWM_INVALIDATE tag=configure_radio_from_reset active_phy=4 configured=1 awake=1
89505.830 [0] DBG_DWM_MARK_UNCONFIGURED tag=initialise_radio prev_phy=0
89505.855 [0] DBG_DWM_PHY_SWITCH from=4 to=2 fast=0 us=21545
89505.855 [0] DBG_DWM_CH5_RX_HUNT_START acq=61 complete=1000 cap=49
89505.916 [0] DBG_DWM_CH5_RX_HUNT_EMPTY s=87560 e=87621 ret=-116 sys=00000000 phy=2 cfg=1 aw=1 unk=0
89505.916 [0] DBG_DWM_INVALIDATE tag=configure_radio_from_reset active_phy=2 configured=1 awake=1
89505.916 [0] DBG_DWM_MARK_UNCONFIGURED tag=initialise_radio prev_phy=0
89505.916 [0] DBG_DWM_PHY_SWITCH from=2 to=4 fast=0 us=21515
89505.916 [0] DBG_DWM_WAKE_MESH_CTRL_OK sfd=1033
89506.217 [0] DBG_DWM_INVALIDATE tag=configure_radio_from_reset active_phy=4 configured=1 awake=1
89506.249 [0] DBG_DWM_MARK_UNCONFIGURED tag=initialise_radio prev_phy=0
89506.249 [0] DBG_DWM_PHY_SWITCH from=4 to=2 fast=0 us=21484
89506.249 [0] DBG_DWM_CH5_RX_HUNT_START acq=61 complete=1000 cap=49
89506.305 [0] DBG_DWM_CH5_RX_HUNT_EMPTY s=87966 e=88027 ret=-116 sys=00000000 phy=2 cfg=1 aw=1 unk=0
89506.305 [0] DBG_DWM_INVALIDATE tag=configure_radio_from_reset active_phy=2 configured=1 awake=1
89506.336 [0] DBG_DWM_MARK_UNCONFIGURED tag=initialise_radio prev_phy=0
89506.336 [0] DBG_DWM_PHY_SWITCH from=2 to=4 fast=0 us=21515
89506.336 [0] DBG_DWM_WAKE_MESH_CTRL_OK sfd=1033
89506.530 [0] DBG_DWM_RF_SCOPE_DROP local=3 remote=1 remote_clicker=0
89506.530 [0] DBG_DWM_RF_SCOPE_DROP local=3 remote=0 remote_clicker=0
89506.633 [0] DBG_DWM_INVALIDATE tag=configure_radio_from_reset active_phy=4 configured=1 awake=1
89506.664 [0] DBG_DWM_MARK_UNCONFIGURED tag=initialise_radio prev_phy=0
89506.664 [0] DBG_DWM_PHY_SWITCH from=4 to=2 fast=0 us=21515
89506.664 [0] DBG_DWM_CH5_RX_HUNT_START acq=61 complete=1000 cap=49
89506.724 [0] DBG_DWM_CH5_RX_HUNT_EMPTY s=88372 e=88433 ret=-116 sys=00000000 phy=2 cfg=1 aw=1 unk=0
89506.724 [0] DBG_DWM_INVALIDATE tag=configure_radio_from_reset active_phy=2 configured=1 awake=1
89506.724 [0] DBG_DWM_MARK_UNCONFIGURED tag=initialise_radio prev_phy=0
89506.724 [0] DBG_DWM_PHY_SWITCH from=2 to=4 fast=0 us=21515
89506.724 [0] DBG_DWM_WAKE_MESH_CTRL_OK sfd=1033
89507.040 [0] DBG_DWM_INVALIDATE tag=configure_radio_from_reset active_phy=4 configured=1 awake=1
89507.071 [0] DBG_DWM_MARK_UNCONFIGURED tag=initialise_radio prev_phy=0
89507.071 [0] DBG_DWM_PHY_SWITCH from=4 to=2 fast=0 us=21515
89507.071 [0] DBG_DWM_CH5_RX_HUNT_START acq=61 complete=1000 cap=49
89507.131 [0] DBG_DWM_CH5_RX_HUNT_EMPTY s=88778 e=88839 ret=-116 sys=00000000 phy=2 cfg=1 aw=1 unk=0
89507.131 [0] DBG_DWM_INVALIDATE tag=configure_radio_from_reset active_phy=2 configured=1 awake=1
89507.131 [0] DBG_DWM_MARK_UNCONFIGURED tag=initialise_radio prev_phy=0
89507.131 [0] DBG_DWM_PHY_SWITCH from=2 to=4 fast=0 us=21515
89507.131 [0] DBG_DWM_WAKE_MESH_CTRL_OK sfd=1033
89507.447 [0] DBG_DWM_INVALIDATE tag=configure_radio_from_reset active_phy=4 configured=1 awake=1
89507.476 [0] DBG_DWM_MARK_UNCONFIGURED tag=initialise_radio prev_phy=0
89507.476 [0] DBG_DWM_PHY_SWITCH from=4 to=2 fast=0 us=20874
89507.476 [0] DBG_DWM_CH5_RX_HUNT_START acq=61 complete=1000 cap=49
89507.536 [0] DBG_DWM_CH5_RX_HUNT_EMPTY s=89184 e=89245 ret=-116 sys=00000000 phy=2 cfg=1 aw=1 unk=0
89507.536 [0] DBG_DWM_INVALIDATE tag=configure_radio_from_reset active_phy=2 configured=1 awake=1
89507.536 [0] DBG_DWM_MARK_UNCONFIGURED tag=initialise_radio prev_phy=0
89507.536 [0] DBG_DWM_PHY_SWITCH from=2 to=4 fast=0 us=21210
89507.536 [0] DBG_DWM_WAKE_MESH_CTRL_OK sfd=1033
89507.859 [0] DBG_DWM_INVALIDATE tag=configure_radio_from_reset active_phy=4 configured=1 awake=1
89507.859 [0] DBG_DWM_MARK_UNCONFIGURED tag=initialise_radio prev_phy=0
89507.859 [0] DBG_DWM_PHY_SWITCH from=4 to=2 fast=0 us=21515
89507.883 [0] DBG_DWM_CH5_RX_HUNT_START acq=61 complete=1000 cap=49
89507.944 [0] DBG_DWM_CH5_RX_HUNT_EMPTY s=89589 e=89650 ret=-116 sys=00000000 phy=2 cfg=1 aw=1 unk=0
89507.944 [0] DBG_DWM_INVALIDATE tag=configure_radio_from_reset active_phy=2 configured=1 awake=1
89507.944 [0] DBG_DWM_MARK_UNCONFIGURED tag=initialise_radio prev_phy=0
89507.944 [0] DBG_DWM_PHY_SWITCH from=2 to=4 fast=0 us=21546
89507.944 [0] DBG_DWM_WAKE_MESH_CTRL_OK sfd=1033
89508.266 [0] DBG_DWM_INVALIDATE tag=configure_radio_from_reset active_phy=4 configured=1 awake=1
89508.266 [0] DBG_DWM_MARK_UNCONFIGURED tag=initialise_radio prev_phy=0
89508.266 [0] DBG_DWM_PHY_SWITCH from=4 to=2 fast=0 us=21485
89508.266 [0] DBG_DWM_CH5_RX_HUNT_START acq=61 complete=1000 cap=49
89508.350 [0] DBG_DWM_CH5_RX_HUNT_EMPTY s=89995 e=90056 ret=-116 sys=00000000 phy=2 cfg=1 aw=1 unk=0
89508.350 [0] DBG_DWM_INVALIDATE tag=configure_radio_from_reset active_phy=2 configured=1 awake=1
89508.350 [0] DBG_DWM_MARK_UNCONFIGURED tag=initialise_radio prev_phy=0
89508.350 [0] DBG_DWM_PHY_SWITCH from=2 to=4 fast=0 us=20904
89508.350 [0] DBG_DWM_WAKE_MESH_CTRL_OK sfd=1033
89508.666 [0] DBG_DWM_INVALIDATE tag=configure_radio_from_reset active_phy=4 configured=1 awake=1
89508.666 [0] DBG_DWM_MARK_UNCONFIGURED tag=initialise_radio prev_phy=0
89508.693 [0] DBG_DWM_PHY_SWITCH from=4 to=2 fast=0 us=21515
89508.693 [0] DBG_DWM_CH5_RX_HUNT_START acq=36 complete=1000 cap=49
89508.733 [0] DBG_DWM_CH5_RX_HUNT_EMPTY s=90400 e=90436 ret=-116 sys=00000000 phy=2 cfg=1 aw=1 unk=0
89508.733 [0] DBG_DWM_INVALIDATE tag=configure_radio_from_reset active_phy=2 configured=1 awake=1
89508.733 [0] DBG_DWM_MARK_UNCONFIGURED tag=initialise_radio prev_phy=0
89508.733 [0] DBG_DWM_PHY_SWITCH from=2 to=4 fast=0 us=21515
89508.733 [0] DBG_DWM_WAKE_MESH_CTRL_OK sfd=1033
89508.733 [0] DBG_SURVEY_LANE_END g=2 k=2 h=3 rec=0 ack=-1 dur=5272
89508.733 [0] DBG_SURVEY_ANCHOR_WORK gen=2 action=2 ret=0
89508.733 [0] DBG_ANCHOR_CH5_SCAN_RESCHED ret=0 delay=0
89508.733 [0] DBG_ANCHOR_CH5_SCAN_HANDLER role=2
89508.733 [0] DBG_ANCHOR_CH5_SCAN_ARM now=90459 win=10 complete=15 interval=380 wait=0 tx=0 response=0
89508.733 [0] DBG_DWM_INVALIDATE tag=configure_radio_from_reset active_phy=4 configured=1 awake=1
89508.771 [0] DBG_DWM_MARK_UNCONFIGURED tag=initialise_radio prev_phy=0
89508.771 [0] DBG_DWM_PHY_SWITCH from=4 to=2 fast=0 us=21515
89508.771 [0] DBG_DWM_CH5_RX_HUNT_START acq=10 complete=1000 cap=1020
89508.771 [0] DBG_DWM_CH5_RX_HUNT_EMPTY s=90481 e=90491 ret=-116 sys=00000000 phy=2 cfg=1 aw=1 unk=0
89508.771 [0] DBG_ANCHOR_CH5_SCAN_DONE ret=-116 len=0 fail=1 pre=0 q=0 rx_us=10620 complete=1000
89508.771 [0] DBG_ANCHOR_CH5_SCAN_RESCHED ret=1 delay=380
89509.177 [0] DBG_ANCHOR_CH5_SCAN_HANDLER role=2
89509.177 [0] DBG_DWM_CH5_RX_HUNT_START acq=10 complete=1000 cap=1020
89509.177 [0] DBG_DWM_CH5_RX_HUNT_EMPTY s=90881 e=90891 ret=-116 sys=00000000 phy=2 cfg=1 aw=1 unk=0
89509.177 [0] DBG_ANCHOR_CH5_SCAN_RESCHED ret=1 delay=380
89509.177 [0] DBG_STACK_RUN_BEGIN epoch=3543676270155205024 run=30 kind=anchor_scan owner=anchor_uwb_scan queue=0 custody=0 credit=0 retry=0 drain=0 src=16876665336513972910 dst=11068027678940948070 session=0 seq=0 type=48 sequence=0 previous=0 uptime=90893
89509.177 [0] DBG_STACK_SAMPLE_BEGIN epoch=3543676270155205024 run=30 sample=30 kind=anchor_scan owner=anchor_uwb_scan queue=0 custody=0 credit=0 retry=0 drain=0 src=16876665336513972910 dst=11068027678940948070 session=0 seq=0 type=48 uptime=90893
89509.177 [0] DBG_STACK_ISR_CONFIG size=8192 run=30 sample=30
89509.177 [0] DBG_STACK name=anchor_uwb_scan tid=0x2000ca08 used=7952 free=2032 size=9984 ret=0 run=30 sample=30
89509.177 [0] DBG_STACK name=mesh_route tid=0x2000b038 used=6976 free=2496 size=9472 ret=0 run=30 sample=30
89509.218 [0] DBG_STACK name=sysworkq tid=0x2000d980 used=800 free=4576 size=5376 ret=0 run=30 sample=30
89509.218 [0] DBG_STACK name=logging tid=0x2000cec0 used=520 free=1528 size=2048 ret=0 run=30 sample=30
89509.218 [0] DBG_STACK name=idle tid=0x2000d750 used=64 free=256 size=320 ret=0 run=30 sample=30
89509.218 [0] DBG_STACK_SAMPLE_END run=30 sample=30
89509.218 [0] DBG_STACK_RUN_END epoch=3543676270155205024 run=30 kind=anchor_scan owner=anchor_uwb_scan outcome=ack queue=0 custody=0 credit=0 retry=0 drain=0 src=16876665336513972910 dst=11068027678940948070 session=0 seq=0 type=48 samples=1 attempts=1 errors=0 last_error=0 mutex_drops=116 short_drops=1183 sequence=0 previous=0 uptime=90912
89509.561 [0] DBG_ANCHOR_CH5_SCAN_HANDLER role=2
89509.561 [0] DBG_DWM_CH5_RX_HUNT_START acq=10 complete=1000 cap=1020
89509.561 [0] DBG_DWM_CH5_RX_HUNT_EMPTY s=91281 e=91291 ret=-116 sys=00000000 phy=2 cfg=1 aw=1 unk=0
89509.587 [0] DBG_ANCHOR_CH5_SCAN_RESCHED ret=1 delay=380
89509.952 [0] DBG_ANCHOR_CH5_SCAN_HANDLER role=2
89509.952 [0] DBG_ANCHOR_CH5_SCAN_ARM now=91673 win=10 complete=15 interval=380 wait=0 tx=0 response=0
89509.952 [0] DBG_DWM_CH5_RX_HUNT_START acq=10 complete=1000 cap=1020
89509.986 [0] DBG_DWM_CH5_RX_HUNT_EMPTY s=91681 e=91691 ret=-116 sys=00000000 phy=2 cfg=1 aw=1 unk=0
89509.986 [0] DBG_ANCHOR_CH5_SCAN_DONE ret=-116 len=0 fail=1 pre=0 q=0 rx_us=10620 complete=1000
89509.986 [0] DBG_ANCHOR_CH5_SCAN_RESCHED ret=1 delay=380
89510.354 [0] DBG_ANCHOR_CH5_SCAN_HANDLER role=2
89510.354 [0] DBG_DWM_CH5_RX_HUNT_START acq=10 complete=1000 cap=1020
89510.400 [0] DBG_DWM_CH5_RX_HUNT_EMPTY s=92081 e=92091 ret=-116 sys=00000000 phy=2 cfg=1 aw=1 unk=0
89510.400 [0] DBG_ANCHOR_CH5_SCAN_RESCHED ret=1 delay=380
89510.400 [0] DBG_STACK_RUN_BEGIN epoch=3543676270155205024 run=31 kind=anchor_scan owner=anchor_uwb_scan queue=0 custody=0 credit=0 retry=0 drain=0 src=16876665336513972910 dst=11068027678940948070 session=0 seq=0 type=48 sequence=0 previous=0 uptime=92093
89510.400 [0] DBG_STACK_SAMPLE_BEGIN epoch=3543676270155205024 run=31 sample=31 kind=anchor_scan owner=anchor_uwb_scan queue=0 custody=0 credit=0 retry=0 drain=0 src=16876665336513972910 dst=11068027678940948070 session=0 seq=0 type=48 uptime=92093
89510.400 [0] DBG_STACK_ISR_CONFIG size=8192 run=31 sample=31
89510.400 [0] DBG_STACK name=anchor_uwb_scan tid=0x2000ca08 used=7952 free=2032 size=9984 ret=0 run=31 sample=31
89510.400 [0] DBG_STACK name=mesh_route tid=0x2000b038 used=6976 free=2496 size=9472 ret=0 run=31 sample=31
89510.400 [0] DBG_STACK name=sysworkq tid=0x2000d980 used=800 free=4576 size=5376 ret=0 run=31 sample=31
89510.435 [0] DBG_STACK name=logging tid=0x2000cec0 used=520 free=1528 size=2048 ret=0 run=31 sample=31
89510.435 [0] DBG_STACK name=idle tid=0x2000d750 used=64 free=256 size=320 ret=0 run=31 sample=31
89510.435 [0] DBG_STACK_SAMPLE_END run=31 sample=31
89510.435 [0] DBG_STACK_RUN_END epoch=3543676270155205024 run=31 kind=anchor_scan owner=anchor_uwb_scan outcome=ack queue=0 custody=0 credit=0 retry=0 drain=0 src=16876665336513972910 dst=11068027678940948070 session=0 seq=0 type=48 samples=1 attempts=1 errors=0 last_error=0 mutex_drops=116 short_drops=1183 sequence=0 previous=0 uptime=92135
89510.758 [0] DBG_ANCHOR_CH5_SCAN_HANDLER role=2
89510.758 [0] DBG_DWM_CH5_RX_HUNT_START acq=10 complete=1000 cap=1020
89510.791 [0] DBG_DWM_CH5_RX_HUNT_EMPTY s=92481 e=92491 ret=-116 sys=00000000 phy=2 cfg=1 aw=1 unk=0
89510.791 [0] DBG_ANCHOR_CH5_SCAN_RESCHED ret=1 delay=380
89511.155 [0] DBG_ANCHOR_CH5_SCAN_HANDLER role=2
89511.155 [0] DBG_ANCHOR_CH5_SCAN_ARM now=92873 win=10 complete=15 interval=380 wait=0 tx=0 response=0
89511.155 [0] DBG_DWM_CH5_RX_HUNT_START acq=10 complete=1000 cap=1020
89511.186 [0] DBG_DWM_CH5_RX_HUNT_EMPTY s=92881 e=92891 ret=-116 sys=00000000 phy=2 cfg=1 aw=1 unk=0
89511.186 [0] DBG_ANCHOR_CH5_SCAN_DONE ret=-116 len=0 fail=1 pre=0 q=0 rx_us=10620 complete=1000
89511.186 [0] DBG_ANCHOR_CH5_SCAN_RESCHED ret=1 delay=380
89511.552 [0] DBG_ANCHOR_CH5_SCAN_HANDLER role=2
89511.552 [0] DBG_DWM_CH5_RX_HUNT_START acq=10 complete=1000 cap=1020
89511.599 [0] DBG_DWM_CH5_RX_HUNT_EMPTY s=93281 e=93291 ret=-116 sys=00000000 phy=2 cfg=1 aw=1 unk=0
89511.599 [0] DBG_ANCHOR_CH5_SCAN_RESCHED ret=1 delay=380
89511.599 [0] DBG_STACK_RUN_BEGIN epoch=3543676270155205024 run=32 kind=anchor_scan owner=anchor_uwb_scan queue=0 custody=0 credit=0 retry=0 drain=0 src=16876665336513972910 dst=11068027678940948070 session=0 seq=0 type=48 sequence=0 previous=0 uptime=93293
89511.599 [0] DBG_STACK_SAMPLE_BEGIN epoch=3543676270155205024 run=32 sample=32 kind=anchor_scan owner=anchor_uwb_scan queue=0 custody=0 credit=0 retry=0 drain=0 src=16876665336513972910 dst=11068027678940948070 session=0 seq=0 type=48 uptime=93293
89511.599 [0] DBG_STACK_ISR_CONFIG size=8192 run=32 sample=32
89511.599 [0] DBG_STACK name=anchor_uwb_scan tid=0x2000ca08 used=7952 free=2032 size=9984 ret=0 run=32 sample=32
89511.599 [0] DBG_STACK name=mesh_route tid=0x2000b038 used=6976 free=2496 size=9472 ret=0 run=32 sample=32
89511.599 [0] DBG_STACK name=sysworkq tid=0x2000d980 used=800 free=4576 size=5376 ret=0 run=32 sample=32
89511.638 [0] DBG_STACK name=logging tid=0x2000cec0 used=520 free=1528 size=2048 ret=0 run=32 sample=32
89511.638 [0] DBG_STACK name=idle tid=0x2000d750 used=64 free=256 size=320 ret=0 run=32 sample=32
89511.638 [0] DBG_STACK_SAMPLE_END run=32 sample=32
89511.638 [0] DBG_STACK_RUN_END epoch=3543676270155205024 run=32 kind=anchor_scan owner=anchor_uwb_scan outcome=ack queue=0 custody=0 credit=0 retry=0 drain=0 src=16876665336513972910 dst=11068027678940948070 session=0 seq=0 type=48 samples=1 attempts=1 errors=0 last_error=0 mutex_drops=116 short_drops=1183 sequence=0 previous=0 uptime=93334
89511.954 [0] DBG_ANCHOR_CH5_SCAN_HANDLER role=2
89511.954 [0] DBG_DWM_CH5_RX_HUNT_START acq=10 complete=1000 cap=1020
89511.981 [0] DBG_DWM_CH5_RX_HUNT_EMPTY s=93681 e=93691 ret=-116 sys=00000000 phy=2 cfg=1 aw=1 unk=0
89511.981 [0] DBG_ANCHOR_CH5_SCAN_RESCHED ret=1 delay=380
89512.351 [0] DBG_ANCHOR_CH5_SCAN_HANDLER role=2
89512.351 [0] DBG_ANCHOR_CH5_SCAN_ARM now=94073 win=10 complete=15 interval=380 wait=0 tx=0 response=0
89512.351 [0] DBG_DWM_CH5_RX_HUNT_START acq=10 complete=1000 cap=1020
89512.383 [0] DBG_DWM_CH5_RX_HUNT_EMPTY s=94081 e=94091 ret=-116 sys=00000000 phy=2 cfg=1 aw=1 unk=0
89512.383 [0] DBG_ANCHOR_CH5_SCAN_DONE ret=-116 len=0 fail=1 pre=0 q=0 rx_us=10894 complete=1000
89512.383 [0] DBG_ANCHOR_CH5_SCAN_RESCHED ret=1 delay=380
89512.746 [0] DBG_ANCHOR_CH5_SCAN_HANDLER role=2
89512.796 [0] DBG_DWM_CH5_RX_HUNT_START acq=10 complete=1000 cap=1020
89512.796 [0] DBG_DWM_CH5_RX_HUNT_EMPTY s=94481 e=94491 ret=-116 sys=00000000 phy=2 cfg=1 aw=1 unk=0
89512.796 [0] DBG_ANCHOR_CH5_SCAN_RESCHED ret=1 delay=380
89512.796 [0] DBG_STACK_RUN_BEGIN epoch=3543676270155205024 run=33 kind=anchor_scan owner=anchor_uwb_scan queue=0 custody=0 credit=0 retry=0 drain=0 src=16876665336513972910 dst=11068027678940948070 session=0 seq=0 type=48 sequence=0 previous=0 uptime=94492
89512.796 [0] DBG_STACK_SAMPLE_BEGIN epoch=3543676270155205024 run=33 sample=33 kind=anchor_scan owner=anchor_uwb_scan queue=0 custody=0 credit=0 retry=0 drain=0 src=16876665336513972910 dst=11068027678940948070 session=0 seq=0 type=48 uptime=94493
89512.796 [0] DBG_STACK_ISR_CONFIG size=8192 run=33 sample=33
89512.796 [0] DBG_STACK name=anchor_uwb_scan tid=0x2000ca08 used=7952 free=2032 size=9984 ret=0 run=33 sample=33
89512.796 [0] DBG_STACK name=mesh_route tid=0x2000b038 used=6976 free=2496 size=9472 ret=0 run=33 sample=33
89512.796 [0] DBG_STACK name=sysworkq tid=0x2000d980 used=800 free=4576 size=5376 ret=0 run=33 sample=33
89512.835 [0] DBG_STACK name=logging tid=0x2000cec0 used=520 free=1528 size=2048 ret=0 run=33 sample=33
89512.835 [0] DBG_STACK name=idle tid=0x2000d750 used=64 free=256 size=320 ret=0 run=33 sample=33
89512.835 [0] DBG_STACK_SAMPLE_END run=33 sample=33
89512.835 [0] DBG_STACK_RUN_END epoch=3543676270155205024 run=33 kind=anchor_scan owner=anchor_uwb_scan outcome=ack queue=0 custody=0 credit=0 retry=0 drain=0 src=16876665336513972910 dst=11068027678940948070 session=0 seq=0 type=48 samples=1 attempts=1 errors=0 last_error=0 mutex_drops=116 short_drops=1183 sequence=0 previous=0 uptime=94531
89513.151 [0] DBG_ANCHOR_CH5_SCAN_HANDLER role=2
89513.151 [0] DBG_DWM_CH5_RX_HUNT_START acq=10 complete=1000 cap=1020
89513.182 [0] DBG_DWM_CH5_RX_HUNT_EMPTY s=94881 e=94891 ret=-116 sys=00000000 phy=2 cfg=1 aw=1 unk=0
89513.182 [0] DBG_ANCHOR_CH5_SCAN_RESCHED ret=1 delay=380
89513.548 [0] DBG_ANCHOR_CH5_SCAN_HANDLER role=2
89513.548 [0] DBG_ANCHOR_CH5_SCAN_ARM now=95273 win=10 complete=15 interval=380 wait=0 tx=0 response=0
89513.581 [0] DBG_DWM_CH5_RX_HUNT_START acq=10 complete=1000 cap=1020
89513.581 [0] DBG_DWM_CH5_RX_HUNT_EMPTY s=95281 e=95291 ret=-116 sys=00000000 phy=2 cfg=1 aw=1 unk=0
89513.581 [0] DBG_ANCHOR_CH5_SCAN_DONE ret=-116 len=0 fail=1 pre=0 q=0 rx_us=10650 complete=1000
89513.581 [0] DBG_ANCHOR_CH5_SCAN_RESCHED ret=1 delay=380
89513.943 [0] DBG_ANCHOR_CH5_SCAN_HANDLER role=2
89513.990 [0] DBG_DWM_CH5_RX_HUNT_START acq=10 complete=1000 cap=1020
89513.990 [0] DBG_DWM_CH5_RX_HUNT_EMPTY s=95681 e=95691 ret=-116 sys=00000000 phy=2 cfg=1 aw=1 unk=0
89513.990 [0] DBG_ANCHOR_CH5_SCAN_RESCHED ret=1 delay=380
89513.990 [0] DBG_STACK_RUN_BEGIN epoch=3543676270155205024 run=34 kind=anchor_scan owner=anchor_uwb_scan queue=0 custody=0 credit=0 retry=0 drain=0 src=16876665336513972910 dst=11068027678940948070 session=0 seq=0 type=48 sequence=0 previous=0 uptime=95693
89513.990 [0] DBG_STACK_SAMPLE_BEGIN epoch=3543676270155205024 run=34 sample=34 kind=anchor_scan owner=anchor_uwb_scan queue=0 custody=0 credit=0 retry=0 drain=0 src=16876665336513972910 dst=11068027678940948070 session=0 seq=0 type=48 uptime=95693
89513.990 [0] DBG_STACK_ISR_CONFIG size=8192 run=34 sample=34
89513.990 [0] DBG_STACK name=anchor_uwb_scan tid=0x2000ca08 used=7952 free=2032 size=9984 ret=0 run=34 sample=34
89513.990 [0] DBG_STACK name=mesh_route tid=0x2000b038 used=6976 free=2496 size=9472 ret=0 run=34 sample=34
89513.990 [0] DBG_STACK name=sysworkq tid=0x2000d980 used=800 free=4576 size=5376 ret=0 run=34 sample=34
89514.033 [0] DBG_STACK name=logging tid=0x2000cec0 used=520 free=1528 size=2048 ret=0 run=34 sample=34
89514.033 [0] DBG_STACK name=idle tid=0x2000d750 used=64 free=256 size=320 ret=0 run=34 sample=34
89514.033 [0] DBG_STACK_SAMPLE_END run=34 sample=34
89514.033 [0] DBG_STACK_RUN_END epoch=3543676270155205024 run=34 kind=anchor_scan owner=anchor_uwb_scan outcome=ack queue=0 custody=0 credit=0 retry=0 drain=0 src=16876665336513972910 dst=11068027678940948070 session=0 seq=0 type=48 samples=1 attempts=1 errors=0 last_error=0 mutex_drops=116 short_drops=1183 sequence=0 previous=0 uptime=95725
89514.347 [0] DBG_ANCHOR_CH5_SCAN_HANDLER role=2
89514.377 [0] DBG_DWM_CH5_RX_HUNT_START acq=10 complete=1000 cap=1020
89514.377 [0] DBG_DWM_CH5_RX_HUNT_EMPTY s=96081 e=96091 ret=-116 sys=00000000 phy=2 cfg=1 aw=1 unk=0
89514.377 [0] DBG_ANCHOR_CH5_SCAN_RESCHED ret=1 delay=380
89514.775 [0] DBG_ANCHOR_CH5_SCAN_HANDLER role=2
89514.775 [0] DBG_ANCHOR_CH5_SCAN_ARM now=96472 win=10 complete=15 interval=380 wait=0 tx=0 response=0
89514.775 [0] DBG_DWM_CH5_RX_HUNT_START acq=10 complete=1000 cap=1020
89514.775 [0] DBG_DWM_CH5_RX_HUNT_EMPTY s=96481 e=96491 ret=-116 sys=00000000 phy=2 cfg=1 aw=1 unk=0
89514.775 [0] DBG_ANCHOR_CH5_SCAN_DONE ret=-116 len=0 fail=1 pre=0 q=0 rx_us=10650 complete=1000
89514.775 [0] DBG_ANCHOR_CH5_SCAN_RESCHED ret=1 delay=380
89515.178 [0] DBG_ANCHOR_CH5_SCAN_HANDLER role=2
89515.178 [0] DBG_DWM_CH5_RX_HUNT_START acq=10 complete=1000 cap=1020
89515.178 [0] DBG_DWM_CH5_RX_HUNT_EMPTY s=96881 e=96891 ret=-116 sys=00000000 phy=2 cfg=1 aw=1 unk=0
89515.178 [0] DBG_ANCHOR_CH5_SCAN_RESCHED ret=1 delay=380
89515.178 [0] DBG_STACK_RUN_BEGIN epoch=3543676270155205024 run=35 kind=anchor_scan owner=anchor_uwb_scan queue=0 custody=0 credit=0 retry=0 drain=0 src=16876665336513972910 dst=11068027678940948070 session=0 seq=0 type=48 sequence=0 previous=0 uptime=96893
89515.178 [0] DBG_STACK_SAMPLE_BEGIN epoch=3543676270155205024 run=35 sample=35 kind=anchor_scan owner=anchor_uwb_scan queue=0 custody=0 credit=0 retry=0 drain=0 src=16876665336513972910 dst=11068027678940948070 session=0 seq=0 type=48 uptime=96893
89515.178 [0] DBG_STACK_ISR_CONFIG size=8192 run=35 sample=35
89515.178 [0] DBG_STACK name=anchor_uwb_scan tid=0x2000ca08 used=7952 free=2032 size=9984 ret=0 run=35 sample=35
89515.178 [0] DBG_STACK name=mesh_route tid=0x2000b038 used=6976 free=2496 size=9472 ret=0 run=35 sample=35
89515.219 [0] DBG_STACK name=sysworkq tid=0x2000d980 used=800 free=4576 size=5376 ret=0 run=35 sample=35
89515.219 [0] DBG_STACK name=logging tid=0x2000cec0 used=520 free=1528 size=2048 ret=0 run=35 sample=35
89515.219 [0] DBG_STACK name=idle tid=0x2000d750 used=64 free=256 size=320 ret=0 run=35 sample=35
89515.219 [0] DBG_STACK_SAMPLE_END run=35 sample=35
89515.219 [0] DBG_STACK_RUN_END epoch=3543676270155205024 run=35 kind=anchor_scan owner=anchor_uwb_scan outcome=ack queue=0 custody=0 credit=0 retry=0 drain=0 src=16876665336513972910 dst=11068027678940948070 session=0 seq=0 type=48 samples=1 attempts=1 errors=0 last_error=0 mutex_drops=116 short_drops=1183 sequence=0 previous=0 uptime=96913
89515.562 [0] DBG_ANCHOR_CH5_SCAN_HANDLER role=2
89515.562 [0] DBG_DWM_CH5_RX_HUNT_START acq=10 complete=1000 cap=1020
89515.562 [0] DBG_DWM_CH5_RX_HUNT_EMPTY s=97281 e=97291 ret=-116 sys=00000000 phy=2 cfg=1 aw=1 unk=0
89515.562 [0] DBG_ANCHOR_CH5_SCAN_RESCHED ret=1 delay=380
89515.948 [0] DBG_ANCHOR_CH5_SCAN_HANDLER role=2
89515.948 [0] DBG_ANCHOR_CH5_SCAN_ARM now=97673 win=10 complete=15 interval=380 wait=0 tx=0 response=0
89515.981 [0] DBG_DWM_CH5_RX_HUNT_START acq=10 complete=1000 cap=1020
89515.981 [0] DBG_DWM_CH5_RX_HUNT_EMPTY s=97681 e=97691 ret=-116 sys=00000000 phy=2 cfg=1 aw=1 unk=0
89515.981 [0] DBG_ANCHOR_CH5_SCAN_DONE ret=-116 len=0 fail=1 pre=0 q=0 rx_us=10437 complete=1000
89515.981 [0] DBG_ANCHOR_CH5_SCAN_RESCHED ret=1 delay=380
89516.342 [0] DBG_ANCHOR_CH5_SCAN_HANDLER role=2
89516.389 [0] DBG_DWM_CH5_RX_HUNT_START acq=10 complete=1000 cap=1020
89516.389 [0] DBG_DWM_CH5_RX_HUNT_EMPTY s=98081 e=98091 ret=-116 sys=00000000 phy=2 cfg=1 aw=1 unk=0
89516.389 [0] DBG_ANCHOR_CH5_SCAN_RESCHED ret=1 delay=380
89516.389 [0] DBG_STACK_RUN_BEGIN epoch=3543676270155205024 run=36 kind=anchor_scan owner=anchor_uwb_scan queue=0 custody=0 credit=0 retry=0 drain=0 src=16876665336513972910 dst=11068027678940948070 session=0 seq=0 type=48 sequence=0 previous=0 uptime=98093
89516.389 [0] DBG_STACK_SAMPLE_BEGIN epoch=3543676270155205024 run=36 sample=36 kind=anchor_scan owner=anchor_uwb_scan queue=0 custody=0 credit=0 retry=0 drain=0 src=16876665336513972910 dst=11068027678940948070 session=0 seq=0 type=48 uptime=98093
89516.389 [0] DBG_STACK_ISR_CONFIG size=8192 run=36 sample=36
89516.389 [0] DBG_STACK name=anchor_uwb_scan tid=0x2000ca08 used=7952 free=2032 size=9984 ret=0 run=36 sample=36
89516.389 [0] DBG_STACK name=mesh_route tid=0x2000b038 used=6976 free=2496 size=9472 ret=0 run=36 sample=36
89516.389 [0] DBG_STACK name=sysworkq tid=0x2000d980 used=800 free=4576 size=5376 ret=0 run=36 sample=36
89516.427 [0] DBG_STACK name=logging tid=0x2000cec0 used=520 free=1528 size=2048 ret=0 run=36 sample=36
89516.427 [0] DBG_STACK name=idle tid=0x2000d750 used=64 free=256 size=320 ret=0 run=36 sample=36
89516.427 [0] DBG_STACK_SAMPLE_END run=36 sample=36
89516.427 [0] DBG_STACK_RUN_END epoch=3543676270155205024 run=36 kind=anchor_scan owner=anchor_uwb_scan outcome=ack queue=0 custody=0 credit=0 retry=0 drain=0 src=16876665336513972910 dst=11068027678940948070 session=0 seq=0 type=48 samples=1 attempts=1 errors=0 last_error=0 mutex_drops=116 short_drops=1183 sequence=0 previous=0 uptime=98124
89516.745 [0] DBG_ANCHOR_CH5_SCAN_HANDLER role=2
89516.777 [0] DBG_DWM_CH5_RX_HUNT_START acq=10 complete=1000 cap=1020
89516.777 [0] DBG_DWM_CH5_RX_HUNT_EMPTY s=98481 e=98491 ret=-116 sys=00000000 phy=2 cfg=1 aw=1 unk=0
89516.777 [0] DBG_ANCHOR_CH5_SCAN_RESCHED ret=1 delay=380
89517.172 [0] DBG_ANCHOR_CH5_SCAN_HANDLER role=2
89517.172 [0] DBG_ANCHOR_CH5_SCAN_ARM now=98872 win=10 complete=15 interval=380 wait=0 tx=0 response=0
89517.172 [0] DBG_DWM_CH5_RX_HUNT_START acq=10 complete=1000 cap=1020
89517.172 [0] DBG_DWM_CH5_RX_HUNT_EMPTY s=98881 e=98891 ret=-116 sys=00000000 phy=2 cfg=1 aw=1 unk=0
89517.172 [0] DBG_ANCHOR_CH5_SCAN_DONE ret=-116 len=0 fail=1 pre=0 q=0 rx_us=10650 complete=1000
89517.172 [0] DBG_ANCHOR_CH5_SCAN_RESCHED ret=1 delay=380
89517.579 [0] DBG_ANCHOR_CH5_SCAN_HANDLER role=2
89517.579 [0] DBG_DWM_CH5_RX_HUNT_START acq=10 complete=1000 cap=1020
89517.579 [0] DBG_DWM_CH5_RX_HUNT_EMPTY s=99281 e=99291 ret=-116 sys=00000000 phy=2 cfg=1 aw=1 unk=0
89517.579 [0] DBG_ANCHOR_CH5_SCAN_RESCHED ret=1 delay=380
89517.579 [0] DBG_STACK_RUN_BEGIN epoch=3543676270155205024 run=37 kind=anchor_scan owner=anchor_uwb_scan queue=0 custody=0 credit=0 retry=0 drain=0 src=16876665336513972910 dst=11068027678940948070 session=0 seq=0 type=48 sequence=0 previous=0 uptime=99293
89517.579 [0] DBG_STACK_SAMPLE_BEGIN epoch=3543676270155205024 run=37 sample=37 kind=anchor_scan owner=anchor_uwb_scan queue=0 custody=0 credit=0 retry=0 drain=0 src=16876665336513972910 dst=11068027678940948070 session=0 seq=0 type=48 uptime=99293
89517.579 [0] DBG_STACK_ISR_CONFIG size=8192 run=37 sample=37
89517.579 [0] DBG_STACK name=anchor_uwb_scan tid=0x2000ca08 used=7952 free=2032 size=9984 ret=0 run=37 sample=37
89517.579 [0] DBG_STACK name=mesh_route tid=0x2000b038 used=6976 free=2496 size=9472 ret=0 run=37 sample=37
89517.618 [0] DBG_STACK name=sysworkq tid=0x2000d980 used=800 free=4576 size=5376 ret=0 run=37 sample=37
89517.618 [0] DBG_STACK name=logging tid=0x2000cec0 used=520 free=1528 size=2048 ret=0 run=37 sample=37
89517.618 [0] DBG_STACK name=idle tid=0x2000d750 used=64 free=256 size=320 ret=0 run=37 sample=37
89517.618 [0] DBG_STACK_SAMPLE_END run=37 sample=37
89517.618 [0] DBG_STACK_RUN_END epoch=3543676270155205024 run=37 kind=anchor_scan owner=anchor_uwb_scan outcome=ack queue=0 custody=0 credit=0 retry=0 drain=0 src=16876665336513972910 dst=11068027678940948070 session=0 seq=0 type=48 samples=1 attempts=1 errors=0 last_error=0 mutex_drops=116 short_drops=1183 sequence=0 previous=0 uptime=99314
89517.955 [0] DBG_ANCHOR_CH5_SCAN_HANDLER role=2
89517.955 [0] DBG_DWM_CH5_RX_HUNT_START acq=10 complete=1000 cap=1020
89517.984 [0] DBG_DWM_CH5_RX_HUNT_EMPTY s=99681 e=99691 ret=-116 sys=00000000 phy=2 cfg=1 aw=1 unk=0
89517.984 [0] DBG_ANCHOR_CH5_SCAN_RESCHED ret=1 delay=380
89518.354 [0] DBG_ANCHOR_CH5_SCAN_HANDLER role=2
89518.354 [0] DBG_ANCHOR_CH5_SCAN_ARM now=100072 win=10 complete=15 interval=380 wait=0 tx=0 response=0
89518.354 [0] DBG_DWM_CH5_RX_HUNT_START acq=10 complete=1000 cap=1020
89518.386 [0] DBG_DWM_CH5_RX_HUNT_EMPTY s=100081 e=100091 ret=-116 sys=00000000 phy=2 cfg=1 aw=1 unk=0
89518.386 [0] DBG_ANCHOR_CH5_SCAN_DONE ret=-116 len=0 fail=1 pre=0 q=0 rx_us=10894 complete=1000
89518.386 [0] DBG_ANCHOR_CH5_SCAN_RESCHED ret=1 delay=380
89518.746 [0] DBG_ANCHOR_CH5_SCAN_HANDLER role=2
89518.798 [0] DBG_DWM_CH5_RX_HUNT_START acq=10 complete=1000 cap=1020
89518.798 [0] DBG_DWM_CH5_RX_HUNT_EMPTY s=100481 e=100491 ret=-116 sys=00000000 phy=2 cfg=1 aw=1 unk=0
89518.798 [0] DBG_ANCHOR_CH5_SCAN_RESCHED ret=1 delay=380
89518.798 [0] DBG_STACK_RUN_BEGIN epoch=3543676270155205024 run=38 kind=anchor_scan owner=anchor_uwb_scan queue=0 custody=0 credit=0 retry=0 drain=0 src=16876665336513972910 dst=11068027678940948070 session=0 seq=0 type=48 sequence=0 previous=0 uptime=100492
89518.798 [0] DBG_STACK_SAMPLE_BEGIN epoch=3543676270155205024 run=38 sample=38 kind=anchor_scan owner=anchor_uwb_scan queue=0 custody=0 credit=0 retry=0 drain=0 src=16876665336513972910 dst=11068027678940948070 session=0 seq=0 type=48 uptime=100493
89518.798 [0] DBG_STACK_ISR_CONFIG size=8192 run=38 sample=38
89518.798 [0] DBG_STACK name=anchor_uwb_scan tid=0x2000ca08 used=7952 free=2032 size=9984 ret=0 run=38 sample=38
89518.798 [0] DBG_STACK name=mesh_route tid=0x2000b038 used=6976 free=2496 size=9472 ret=0 run=38 sample=38
89518.798 [0] DBG_STACK name=sysworkq tid=0x2000d980 used=800 free=4576 size=5376 ret=0 run=38 sample=38
89518.838 [0] DBG_STACK name=logging tid=0x2000cec0 used=520 free=1528 size=2048 ret=0 run=38 sample=38
89518.838 [0] DBG_STACK name=idle tid=0x2000d750 used=64 free=256 size=320 ret=0 run=38 sample=38
89518.838 [0] DBG_STACK_SAMPLE_END run=38 sample=38
89518.838 [0] DBG_STACK_RUN_END epoch=3543676270155205024 run=38 kind=anchor_scan owner=anchor_uwb_scan outcome=ack queue=0 custody=0 credit=0 retry=0 drain=0 src=16876665336513972910 dst=11068027678940948070 session=0 seq=0 type=48 samples=1 attempts=1 errors=0 last_error=0 mutex_drops=116 short_drops=1183 sequence=0 previous=0 uptime=100534
89519.153 [0] DBG_ANCHOR_CH5_SCAN_HANDLER role=2
89519.153 [0] DBG_DWM_CH5_RX_HUNT_START acq=10 complete=1000 cap=1020
89519.184 [0] DBG_DWM_CH5_RX_HUNT_EMPTY s=100881 e=100891 ret=-116 sys=00000000 phy=2 cfg=1 aw=1 unk=0
89519.184 [0] DBG_ANCHOR_CH5_SCAN_RESCHED ret=1 delay=380
89519.554 [0] DBG_ANCHOR_CH5_SCAN_HANDLER role=2
89519.554 [0] DBG_ANCHOR_CH5_SCAN_ARM now=101273 win=10 complete=15 interval=380 wait=0 tx=0 response=0
89519.554 [0] DBG_DWM_CH5_RX_HUNT_START acq=10 complete=1000 cap=1020
89519.587 [0] DBG_DWM_CH5_RX_HUNT_EMPTY s=101281 e=101291 ret=-116 sys=00000000 phy=2 cfg=1 aw=1 unk=0
89519.587 [0] DBG_ANCHOR_CH5_SCAN_DONE ret=-116 len=0 fail=1 pre=0 q=0 rx_us=10437 complete=1000
89519.587 [0] DBG_ANCHOR_CH5_SCAN_RESCHED ret=1 delay=380
89519.949 [0] DBG_ANCHOR_CH5_SCAN_HANDLER role=2
89519.949 [0] DBG_DWM_CH5_RX_HUNT_START acq=10 complete=1000 cap=1020
89519.996 [0] DBG_DWM_CH5_RX_HUNT_EMPTY s=101681 e=101691 ret=-116 sys=00000000 phy=2 cfg=1 aw=1 unk=0
89519.996 [0] DBG_ANCHOR_CH5_SCAN_RESCHED ret=1 delay=380
89519.996 [0] DBG_STACK_RUN_BEGIN epoch=3543676270155205024 run=39 kind=anchor_scan owner=anchor_uwb_scan queue=0 custody=0 credit=0 retry=0 drain=0 src=16876665336513972910 dst=11068027678940948070 session=0 seq=0 type=48 sequence=0 previous=0 uptime=101692
89519.996 [0] DBG_STACK_SAMPLE_BEGIN epoch=3543676270155205024 run=39 sample=39 kind=anchor_scan owner=anchor_uwb_scan queue=0 custody=0 credit=0 retry=0 drain=0 src=16876665336513972910 dst=11068027678940948070 session=0 seq=0 type=48 uptime=101693
89519.996 [0] DBG_STACK_ISR_CONFIG size=8192 run=39 sample=39
89519.996 [0] DBG_STACK name=anchor_uwb_scan tid=0x2000ca08 used=7952 free=2032 size=9984 ret=0 run=39 sample=39
89519.996 [0] DBG_STACK name=mesh_route tid=0x2000b038 used=6976 free=2496 size=9472 ret=0 run=39 sample=39
89519.996 [0] DBG_STACK name=sysworkq tid=0x2000d980 used=800 free=4576 size=5376 ret=0 run=39 sample=39
89520.037 [0] DBG_STACK name=logging tid=0x2000cec0 used=520 free=1528 size=2048 ret=0 run=39 sample=39
89520.037 [0] DBG_STACK name=idle tid=0x2000d750 used=64 free=256 size=320 ret=0 run=39 sample=39
89520.037 [0] DBG_STACK_SAMPLE_END run=39 sample=39
89520.037 [0] DBG_STACK_RUN_END epoch=3543676270155205024 run=39 kind=anchor_scan owner=anchor_uwb_scan outcome=ack queue=0 custody=0 credit=0 retry=0 drain=0 src=16876665336513972910 dst=11068027678940948070 session=0 seq=0 type=48 samples=1 attempts=1 errors=0 last_error=0 mutex_drops=116 short_drops=1183 sequence=0 previous=0 uptime=101731
89520.355 [0] DBG_ANCHOR_CH5_SCAN_HANDLER role=2
89520.355 [0] DBG_DWM_CH5_RX_HUNT_START acq=10 complete=1000 cap=1020
89520.383 [0] DBG_DWM_CH5_RX_HUNT_EMPTY s=102081 e=102091 ret=-116 sys=00000000 phy=2 cfg=1 aw=1 unk=0
89520.383 [0] DBG_ANCHOR_CH5_SCAN_RESCHED ret=1 delay=380
89520.748 [0] DBG_ANCHOR_CH5_SCAN_HANDLER role=2
89520.748 [0] DBG_ANCHOR_CH5_SCAN_ARM now=102472 win=10 complete=15 interval=380 wait=0 tx=0 response=0
89520.779 [0] DBG_DWM_CH5_RX_HUNT_START acq=10 complete=1000 cap=1020
89520.779 [0] DBG_DWM_CH5_RX_HUNT_EMPTY s=102481 e=102491 ret=-116 sys=00000000 phy=2 cfg=1 aw=1 unk=0
89520.779 [0] DBG_ANCHOR_CH5_SCAN_DONE ret=-116 len=0 fail=1 pre=0 q=0 rx_us=10650 complete=1000
89520.779 [0] DBG_ANCHOR_CH5_SCAN_RESCHED ret=1 delay=380
89521.143 [0] DBG_ANCHOR_CH5_SCAN_HANDLER role=2
89521.191 [0] DBG_DWM_CH5_RX_HUNT_START acq=10 complete=1000 cap=1020
89521.191 [0] DBG_DWM_CH5_RX_HUNT_EMPTY s=102881 e=102891 ret=-116 sys=00000000 phy=2 cfg=1 aw=1 unk=0
89521.191 [0] DBG_ANCHOR_CH5_SCAN_RESCHED ret=1 delay=380
89521.191 [0] DBG_STACK_RUN_BEGIN epoch=3543676270155205024 run=40 kind=anchor_scan owner=anchor_uwb_scan queue=0 custody=0 credit=0 retry=0 drain=0 src=16876665336513972910 dst=11068027678940948070 session=0 seq=0 type=48 sequence=0 previous=0 uptime=102892
89521.191 [0] DBG_STACK_SAMPLE_BEGIN epoch=3543676270155205024 run=40 sample=40 kind=anchor_scan owner=anchor_uwb_scan queue=0 custody=0 credit=0 retry=0 drain=0 src=16876665336513972910 dst=11068027678940948070 session=0 seq=0 type=48 uptime=102893
89521.191 [0] DBG_STACK_ISR_CONFIG size=8192 run=40 sample=40
89521.191 [0] DBG_STACK name=anchor_uwb_scan tid=0x2000ca08 used=7952 free=2032 size=9984 ret=0 run=40 sample=40
89521.191 [0] DBG_STACK name=mesh_route tid=0x2000b038 used=6976 free=2496 size=9472 ret=0 run=40 sample=40
89521.191 [0] DBG_STACK name=sysworkq tid=0x2000d980 used=800 free=4576 size=5376 ret=0 run=40 sample=40
89521.228 [0] DBG_STACK name=logging tid=0x2000cec0 used=520 free=1528 size=2048 ret=0 run=40 sample=40
89521.228 [0] DBG_STACK name=idle tid=0x2000d750 used=64 free=256 size=320 ret=0 run=40 sample=40
89521.228 [0] DBG_STACK_SAMPLE_END run=40 sample=40
89521.228 [0] DBG_STACK_RUN_END epoch=3543676270155205024 run=40 kind=anchor_scan owner=anchor_uwb_scan outcome=ack queue=0 custody=0 credit=0 retry=0 drain=0 src=16876665336513972910 dst=11068027678940948070 session=0 seq=0 type=48 samples=1 attempts=1 errors=0 last_error=0 mutex_drops=116 short_drops=1183 sequence=0 previous=0 uptime=102926
89521.548 [0] DBG_ANCHOR_CH5_SCAN_HANDLER role=2
89521.579 [0] DBG_DWM_CH5_RX_HUNT_START acq=10 complete=1000 cap=1020
89521.579 [0] DBG_DWM_CH5_RX_HUNT_EMPTY s=103281 e=103291 ret=-116 sys=00000000 phy=2 cfg=1 aw=1 unk=0
89521.579 [0] DBG_ANCHOR_CH5_SCAN_RESCHED ret=1 delay=380
89521.942 [0] DBG_ANCHOR_CH5_SCAN_HANDLER role=2
89521.942 [0] DBG_ANCHOR_CH5_SCAN_ARM now=103673 win=10 complete=15 interval=380 wait=0 tx=0 response=0
89521.976 [0] DBG_DWM_CH5_RX_HUNT_START acq=10 complete=1000 cap=1020
89521.976 [0] DBG_DWM_CH5_RX_HUNT_EMPTY s=103681 e=103691 ret=-116 sys=00000000 phy=2 cfg=1 aw=1 unk=0
89521.976 [0] DBG_ANCHOR_CH5_SCAN_DONE ret=-116 len=0 fail=1 pre=0 q=0 rx_us=10437 complete=1000
89521.976 [0] DBG_ANCHOR_CH5_SCAN_RESCHED ret=1 delay=380
89522.345 [0] DBG_ANCHOR_CH5_SCAN_HANDLER role=2
89522.392 [0] DBG_DWM_CH5_RX_HUNT_START acq=10 complete=1000 cap=1020
89522.392 [0] DBG_DWM_CH5_RX_HUNT_EMPTY s=104081 e=104091 ret=-116 sys=00000000 phy=2 cfg=1 aw=1 unk=0
89522.392 [0] DBG_ANCHOR_CH5_SCAN_RESCHED ret=1 delay=380
89522.392 [0] DBG_STACK_RUN_BEGIN epoch=3543676270155205024 run=41 kind=anchor_scan owner=anchor_uwb_scan queue=0 custody=0 credit=0 retry=0 drain=0 src=16876665336513972910 dst=11068027678940948070 session=0 seq=0 type=48 sequence=0 previous=0 uptime=104092
89522.392 [0] DBG_STACK_SAMPLE_BEGIN epoch=3543676270155205024 run=41 sample=41 kind=anchor_scan owner=anchor_uwb_scan queue=0 custody=0 credit=0 retry=0 drain=0 src=16876665336513972910 dst=11068027678940948070 session=0 seq=0 type=48 uptime=104093
89522.392 [0] DBG_STACK_ISR_CONFIG size=8192 run=41 sample=41
89522.392 [0] DBG_STACK name=anchor_uwb_scan tid=0x2000ca08 used=7952 free=2032 size=9984 ret=0 run=41 sample=41
89522.392 [0] DBG_STACK name=mesh_route tid=0x2000b038 used=6976 free=2496 size=9472 ret=0 run=41 sample=41
89522.392 [0] DBG_STACK name=sysworkq tid=0x2000d980 used=800 free=4576 size=5376 ret=0 run=41 sample=41
89522.429 [0] DBG_STACK name=logging tid=0x2000cec0 used=520 free=1528 size=2048 ret=0 run=41 sample=41
89522.429 [0] DBG_STACK name=idle tid=0x2000d750 used=64 free=256 size=320 ret=0 run=41 sample=41
89522.429 [0] DBG_STACK_SAMPLE_END run=41 sample=41
89522.429 [0] DBG_STACK_RUN_END epoch=3543676270155205024 run=41 kind=anchor_scan owner=anchor_uwb_scan outcome=ack queue=0 custody=0 credit=0 retry=0 drain=0 src=16876665336513972910 dst=11068027678940948070 session=0 seq=0 type=48 samples=1 attempts=1 errors=0 last_error=0 mutex_drops=116 short_drops=1183 sequence=0 previous=0 uptime=104127
89522.746 [0] DBG_ANCHOR_CH5_SCAN_HANDLER role=2
89522.776 [0] DBG_DWM_CH5_RX_HUNT_START acq=10 complete=1000 cap=1020
89522.776 [0] DBG_DWM_CH5_RX_HUNT_EMPTY s=104481 e=104491 ret=-116 sys=00000000 phy=2 cfg=1 aw=1 unk=0
89522.776 [0] DBG_ANCHOR_CH5_SCAN_RESCHED ret=1 delay=380
89523.144 [0] DBG_ANCHOR_CH5_SCAN_HANDLER role=2
89523.144 [0] DBG_ANCHOR_CH5_SCAN_ARM now=104873 win=10 complete=15 interval=380 wait=0 tx=0 response=0
89523.177 [0] DBG_DWM_CH5_RX_HUNT_START acq=10 complete=1000 cap=1020
89523.177 [0] DBG_DWM_CH5_RX_HUNT_EMPTY s=104881 e=104891 ret=-116 sys=00000000 phy=2 cfg=1 aw=1 unk=0
89523.177 [0] DBG_ANCHOR_CH5_SCAN_DONE ret=-116 len=0 fail=1 pre=0 q=0 rx_us=10467 complete=1000
89523.177 [0] DBG_ANCHOR_CH5_SCAN_RESCHED ret=1 delay=380
89523.547 [0] DBG_ANCHOR_CH5_SCAN_HANDLER role=2
89523.597 [0] DBG_DWM_CH5_RX_HUNT_START acq=10 complete=1000 cap=1020
89523.597 [0] DBG_DWM_CH5_RX_HUNT_EMPTY s=105281 e=105291 ret=-116 sys=00000000 phy=2 cfg=1 aw=1 unk=0
89523.597 [0] DBG_ANCHOR_CH5_SCAN_RESCHED ret=1 delay=380
89523.597 [0] DBG_STACK_RUN_BEGIN epoch=3543676270155205024 run=42 kind=anchor_scan owner=anchor_uwb_scan queue=0 custody=0 credit=0 retry=0 drain=0 src=16876665336513972910 dst=11068027678940948070 session=0 seq=0 type=48 sequence=0 previous=0 uptime=105292
89523.597 [0] DBG_STACK_SAMPLE_BEGIN epoch=3543676270155205024 run=42 sample=42 kind=anchor_scan owner=anchor_uwb_scan queue=0 custody=0 credit=0 retry=0 drain=0 src=16876665336513972910 dst=11068027678940948070 session=0 seq=0 type=48 uptime=105293
89523.597 [0] DBG_STACK_ISR_CONFIG size=8192 run=42 sample=42
89523.597 [0] DBG_STACK name=anchor_uwb_scan tid=0x2000ca08 used=7952 free=2032 size=9984 ret=0 run=42 sample=42
89523.597 [0] DBG_STACK name=mesh_route tid=0x2000b038 used=6976 free=2496 size=9472 ret=0 run=42 sample=42
89523.597 [0] DBG_STACK name=sysworkq tid=0x2000d980 used=800 free=4576 size=5376 ret=0 run=42 sample=42
89523.636 [0] DBG_STACK name=logging tid=0x2000cec0 used=520 free=1528 size=2048 ret=0 run=42 sample=42
89523.636 [0] DBG_STACK name=idle tid=0x2000d750 used=64 free=256 size=320 ret=0 run=42 sample=42
89523.636 [0] DBG_STACK_SAMPLE_END run=42 sample=42
89523.636 [0] DBG_STACK_RUN_END epoch=3543676270155205024 run=42 kind=anchor_scan owner=anchor_uwb_scan outcome=ack queue=0 custody=0 credit=0 retry=0 drain=0 src=16876665336513972910 dst=11068027678940948070 session=0 seq=0 type=48 samples=1 attempts=1 errors=0 last_error=0 mutex_drops=116 short_drops=1183 sequence=0 previous=0 uptime=105332
89523.952 [0] DBG_ANCHOR_CH5_SCAN_HANDLER role=2
89523.952 [0] DBG_DWM_CH5_RX_HUNT_START acq=10 complete=1000 cap=1020
89523.983 [0] DBG_DWM_CH5_RX_HUNT_EMPTY s=105681 e=105691 ret=-116 sys=00000000 phy=2 cfg=1 aw=1 unk=0
89523.983 [0] DBG_ANCHOR_CH5_SCAN_RESCHED ret=1 delay=380
89524.347 [0] DBG_ANCHOR_CH5_SCAN_HANDLER role=2
89524.347 [0] DBG_ANCHOR_CH5_SCAN_ARM now=106073 win=10 complete=15 interval=380 wait=0 tx=0 response=0
89524.381 [0] DBG_DWM_CH5_RX_HUNT_START acq=10 complete=1000 cap=1020
89524.381 [0] DBG_DWM_CH5_RX_HUNT_EMPTY s=106081 e=106091 ret=-116 sys=00000000 phy=2 cfg=1 aw=1 unk=0
89524.381 [0] DBG_ANCHOR_CH5_SCAN_DONE ret=-116 len=0 fail=1 pre=0 q=0 rx_us=10894 complete=1000
89524.381 [0] DBG_ANCHOR_CH5_SCAN_RESCHED ret=1 delay=380
89524.742 [0] DBG_ANCHOR_CH5_SCAN_HANDLER role=2
89524.791 [0] DBG_DWM_CH5_RX_HUNT_START acq=10 complete=1000 cap=1020
89524.791 [0] DBG_DWM_CH5_RX_HUNT_EMPTY s=106481 e=106491 ret=-116 sys=00000000 phy=2 cfg=1 aw=1 unk=0
89524.791 [0] DBG_ANCHOR_CH5_SCAN_RESCHED ret=1 delay=380
89524.791 [0] DBG_STACK_RUN_BEGIN epoch=3543676270155205024 run=43 kind=anchor_scan owner=anchor_uwb_scan queue=0 custody=0 credit=0 retry=0 drain=0 src=16876665336513972910 dst=11068027678940948070 session=0 seq=0 type=48 sequence=0 previous=0 uptime=106492
89524.791 [0] DBG_STACK_SAMPLE_BEGIN epoch=3543676270155205024 run=43 sample=43 kind=anchor_scan owner=anchor_uwb_scan queue=0 custody=0 credit=0 retry=0 drain=0 src=16876665336513972910 dst=11068027678940948070 session=0 seq=0 type=48 uptime=106493
89524.791 [0] DBG_STACK_ISR_CONFIG size=8192 run=43 sample=43
89524.791 [0] DBG_STACK name=anchor_uwb_scan tid=0x2000ca08 used=7952 free=2032 size=9984 ret=0 run=43 sample=43
89524.791 [0] DBG_STACK name=mesh_route tid=0x2000b038 used=6976 free=2496 size=9472 ret=0 run=43 sample=43
89524.791 [0] DBG_STACK name=sysworkq tid=0x2000d980 used=800 free=4576 size=5376 ret=0 run=43 sample=43
89524.832 [0] DBG_STACK name=logging tid=0x2000cec0 used=520 free=1528 size=2048 ret=0 run=43 sample=43
89524.832 [0] DBG_STACK name=idle tid=0x2000d750 used=64 free=256 size=320 ret=0 run=43 sample=43
89524.832 [0] DBG_STACK_SAMPLE_END run=43 sample=43
89524.832 [0] DBG_STACK_RUN_END epoch=3543676270155205024 run=43 kind=anchor_scan owner=anchor_uwb_scan outcome=ack queue=0 custody=0 credit=0 retry=0 drain=0 src=16876665336513972910 dst=11068027678940948070 session=0 seq=0 type=48 samples=1 attempts=1 errors=0 last_error=0 mutex_drops=116 short_drops=1183 sequence=0 previous=0 uptime=106526
89525.147 [0] DBG_ANCHOR_CH5_SCAN_HANDLER role=2
89525.178 [0] DBG_DWM_CH5_RX_HUNT_START acq=10 complete=1000 cap=1020
89525.178 [0] DBG_DWM_CH5_RX_HUNT_EMPTY s=106881 e=106891 ret=-116 sys=00000000 phy=2 cfg=1 aw=1 unk=0
89525.178 [0] DBG_ANCHOR_CH5_SCAN_RESCHED ret=1 delay=380
89525.548 [0] DBG_ANCHOR_CH5_SCAN_HANDLER role=2
89525.548 [0] DBG_ANCHOR_CH5_SCAN_ARM now=107273 win=10 complete=15 interval=380 wait=0 tx=0 response=0
89525.585 [0] DBG_DWM_CH5_RX_HUNT_START acq=10 complete=1000 cap=1020
89525.585 [0] DBG_DWM_CH5_RX_HUNT_EMPTY s=107281 e=107291 ret=-116 sys=00000000 phy=2 cfg=1 aw=1 unk=0
89525.585 [0] DBG_ANCHOR_CH5_SCAN_DONE ret=-116 len=0 fail=1 pre=0 q=0 rx_us=10437 complete=1000
89525.585 [0] DBG_ANCHOR_CH5_SCAN_RESCHED ret=1 delay=380
89525.950 [0] DBG_ANCHOR_CH5_SCAN_HANDLER role=2
89525.950 [0] DBG_DWM_CH5_RX_HUNT_START acq=10 complete=1000 cap=1020
89525.997 [0] DBG_DWM_CH5_RX_HUNT_EMPTY s=107681 e=107691 ret=-116 sys=00000000 phy=2 cfg=1 aw=1 unk=0
89525.997 [0] DBG_ANCHOR_CH5_SCAN_RESCHED ret=1 delay=380
89525.997 [0] DBG_STACK_RUN_BEGIN epoch=3543676270155205024 run=44 kind=anchor_scan owner=anchor_uwb_scan queue=0 custody=0 credit=0 retry=0 drain=0 src=16876665336513972910 dst=11068027678940948070 session=0 seq=0 type=48 sequence=0 previous=0 uptime=107692
89525.997 [0] DBG_STACK_SAMPLE_BEGIN epoch=3543676270155205024 run=44 sample=44 kind=anchor_scan owner=anchor_uwb_scan queue=0 custody=0 credit=0 retry=0 drain=0 src=16876665336513972910 dst=11068027678940948070 session=0 seq=0 type=48 uptime=107693
89525.997 [0] DBG_STACK_ISR_CONFIG size=8192 run=44 sample=44
89525.997 [0] DBG_STACK name=anchor_uwb_scan tid=0x2000ca08 used=7952 free=2032 size=9984 ret=0 run=44 sample=44
89525.997 [0] DBG_STACK name=mesh_route tid=0x2000b038 used=6976 free=2496 size=9472 ret=0 run=44 sample=44
89525.997 [0] DBG_STACK name=sysworkq tid=0x2000d980 used=800 free=4576 size=5376 ret=0 run=44 sample=44
89526.037 [0] DBG_STACK name=logging tid=0x2000cec0 used=520 free=1528 size=2048 ret=0 run=44 sample=44
89526.037 [0] DBG_STACK name=idle tid=0x2000d750 used=64 free=256 size=320 ret=0 run=44 sample=44
89526.037 [0] DBG_STACK_SAMPLE_END run=44 sample=44
89526.037 [0] DBG_STACK_RUN_END epoch=3543676270155205024 run=44 kind=anchor_scan owner=anchor_uwb_scan outcome=ack queue=0 custody=0 credit=0 retry=0 drain=0 src=16876665336513972910 dst=11068027678940948070 session=0 seq=0 type=48 samples=1 attempts=1 errors=0 last_error=0 mutex_drops=116 short_drops=1183 sequence=0 previous=0 uptime=107733
89526.357 [0] DBG_ANCHOR_CH5_SCAN_HANDLER role=2
89526.357 [0] DBG_DWM_CH5_RX_HUNT_START acq=10 complete=1000 cap=1020
89526.384 [0] DBG_DWM_CH5_RX_HUNT_EMPTY s=108080 e=108091 ret=-116 sys=00000000 phy=2 cfg=1 aw=1 unk=0
89526.384 [0] DBG_ANCHOR_CH5_SCAN_RESCHED ret=1 delay=380
89526.748 [0] DBG_ANCHOR_CH5_SCAN_HANDLER role=2
89526.748 [0] DBG_ANCHOR_CH5_SCAN_ARM now=108472 win=10 complete=15 interval=380 wait=0 tx=0 response=0
89526.781 [0] DBG_DWM_CH5_RX_HUNT_START acq=10 complete=1000 cap=1020
89526.781 [0] DBG_DWM_CH5_RX_HUNT_EMPTY s=108481 e=108491 ret=-116 sys=00000000 phy=2 cfg=1 aw=1 unk=0
89526.781 [0] DBG_ANCHOR_CH5_SCAN_DONE ret=-116 len=0 fail=1 pre=0 q=0 rx_us=10650 complete=1000
89526.781 [0] DBG_ANCHOR_CH5_SCAN_RESCHED ret=1 delay=380
89527.144 [0] DBG_ANCHOR_CH5_SCAN_HANDLER role=2
89527.191 [0] DBG_DWM_CH5_RX_HUNT_START acq=10 complete=1000 cap=1020
89527.191 [0] DBG_DWM_CH5_RX_HUNT_EMPTY s=108881 e=108891 ret=-116 sys=00000000 phy=2 cfg=1 aw=1 unk=0
89527.191 [0] DBG_ANCHOR_CH5_SCAN_RESCHED ret=1 delay=380
89527.191 [0] DBG_STACK_RUN_BEGIN epoch=3543676270155205024 run=45 kind=anchor_scan owner=anchor_uwb_scan queue=0 custody=0 credit=0 retry=0 drain=0 src=16876665336513972910 dst=11068027678940948070 session=0 seq=0 type=48 sequence=0 previous=0 uptime=108892
89527.191 [0] DBG_STACK_SAMPLE_BEGIN epoch=3543676270155205024 run=45 sample=45 kind=anchor_scan owner=anchor_uwb_scan queue=0 custody=0 credit=0 retry=0 drain=0 src=16876665336513972910 dst=11068027678940948070 session=0 seq=0 type=48 uptime=108893
89527.191 [0] DBG_STACK_ISR_CONFIG size=8192 run=45 sample=45
89527.191 [0] DBG_STACK name=anchor_uwb_scan tid=0x2000ca08 used=7952 free=2032 size=9984 ret=0 run=45 sample=45
89527.191 [0] DBG_STACK name=mesh_route tid=0x2000b038 used=6976 free=2496 size=9472 ret=0 run=45 sample=45
89527.191 [0] DBG_STACK name=sysworkq tid=0x2000d980 used=800 free=4576 size=5376 ret=0 run=45 sample=45
89527.227 [0] DBG_STACK name=logging tid=0x2000cec0 used=520 free=1528 size=2048 ret=0 run=45 sample=45
89527.227 [0] DBG_STACK name=idle tid=0x2000d750 used=64 free=256 size=320 ret=0 run=45 sample=45
89527.227 [0] DBG_STACK_SAMPLE_END run=45 sample=45
89527.227 [0] DBG_STACK_RUN_END epoch=3543676270155205024 run=45 kind=anchor_scan owner=anchor_uwb_scan outcome=ack queue=0 custody=0 credit=0 retry=0 drain=0 src=16876665336513972910 dst=11068027678940948070 session=0 seq=0 type=48 samples=1 attempts=1 errors=0 last_error=0 mutex_drops=116 short_drops=1183 sequence=0 previous=0 uptime=108926
89527.553 [0] DBG_ANCHOR_CH5_SCAN_HANDLER role=2
89527.585 [0] DBG_DWM_CH5_RX_HUNT_START acq=10 complete=1000 cap=1020
89527.585 [0] DBG_DWM_CH5_RX_HUNT_EMPTY s=109281 e=109291 ret=-116 sys=00000000 phy=2 cfg=1 aw=1 unk=0
89527.585 [0] DBG_ANCHOR_CH5_SCAN_RESCHED ret=1 delay=380
89527.952 [0] DBG_ANCHOR_CH5_SCAN_HANDLER role=2
89527.952 [0] DBG_ANCHOR_CH5_SCAN_ARM now=109673 win=10 complete=15 interval=380 wait=0 tx=0 response=0
89527.952 [0] DBG_DWM_CH5_RX_HUNT_START acq=10 complete=1000 cap=1020
89527.985 [0] DBG_DWM_CH5_RX_HUNT_EMPTY s=109681 e=109691 ret=-116 sys=00000000 phy=2 cfg=1 aw=1 unk=0
89527.985 [0] DBG_ANCHOR_CH5_SCAN_DONE ret=-116 len=0 fail=1 pre=0 q=0 rx_us=10467 complete=1000
89527.985 [0] DBG_ANCHOR_CH5_SCAN_RESCHED ret=1 delay=380
89528.353 [0] DBG_ANCHOR_CH5_SCAN_HANDLER role=2
89528.353 [0] DBG_DWM_CH5_RX_HUNT_START acq=10 complete=1000 cap=1020
89528.401 [0] DBG_DWM_CH5_RX_HUNT_EMPTY s=110081 e=110091 ret=-116 sys=00000000 phy=2 cfg=1 aw=1 unk=0
89528.401 [0] DBG_ANCHOR_CH5_SCAN_RESCHED ret=1 delay=380
89528.401 [0] DBG_STACK_RUN_BEGIN epoch=3543676270155205024 run=46 kind=anchor_scan owner=anchor_uwb_scan queue=0 custody=0 credit=0 retry=0 drain=0 src=16876665336513972910 dst=11068027678940948070 session=0 seq=0 type=48 sequence=0 previous=0 uptime=110092
89528.401 [0] DBG_STACK_SAMPLE_BEGIN epoch=3543676270155205024 run=46 sample=46 kind=anchor_scan owner=anchor_uwb_scan queue=0 custody=0 credit=0 retry=0 drain=0 src=16876665336513972910 dst=11068027678940948070 session=0 seq=0 type=48 uptime=110093
89528.401 [0] DBG_STACK_ISR_CONFIG size=8192 run=46 sample=46
89528.401 [0] DBG_STACK name=anchor_uwb_scan tid=0x2000ca08 used=7952 free=2032 size=9984 ret=0 run=46 sample=46
89528.401 [0] DBG_STACK name=mesh_route tid=0x2000b038 used=6976 free=2496 size=9472 ret=0 run=46 sample=46
89528.401 [0] DBG_STACK name=sysworkq tid=0x2000d980 used=800 free=4576 size=5376 ret=0 run=46 sample=46
89528.439 [0] DBG_STACK name=logging tid=0x2000cec0 used=520 free=1528 size=2048 ret=0 run=46 sample=46
89528.439 [0] DBG_STACK name=idle tid=0x2000d750 used=64 free=256 size=320 ret=0 run=46 sample=46
89528.439 [0] DBG_STACK_SAMPLE_END run=46 sample=46
89528.439 [0] DBG_STACK_RUN_END epoch=3543676270155205024 run=46 kind=anchor_scan owner=anchor_uwb_scan outcome=ack queue=0 custody=0 credit=0 retry=0 drain=0 src=16876665336513972910 dst=11068027678940948070 session=0 seq=0 type=48 samples=1 attempts=1 errors=0 last_error=0 mutex_drops=116 short_drops=1183 sequence=0 previous=0 uptime=110136
89528.753 [0] DBG_ANCHOR_CH5_SCAN_HANDLER role=2
89528.753 [0] DBG_DWM_CH5_RX_HUNT_START acq=10 complete=1000 cap=1020
89528.783 [0] DBG_DWM_CH5_RX_HUNT_EMPTY s=110481 e=110491 ret=-116 sys=00000000 phy=2 cfg=1 aw=1 unk=0
89528.783 [0] DBG_ANCHOR_CH5_SCAN_RESCHED ret=1 delay=380
89529.147 [0] DBG_ANCHOR_CH5_SCAN_HANDLER role=2
89529.147 [0] DBG_ANCHOR_CH5_SCAN_ARM now=110873 win=10 complete=15 interval=380 wait=0 tx=0 response=0
89529.179 [0] DBG_DWM_CH5_RX_HUNT_START acq=10 complete=1000 cap=1020
89529.179 [0] DBG_DWM_CH5_RX_HUNT_EMPTY s=110881 e=110891 ret=-116 sys=00000000 phy=2 cfg=1 aw=1 unk=0
89529.179 [0] DBG_ANCHOR_CH5_SCAN_DONE ret=-116 len=0 fail=1 pre=0 q=0 rx_us=10467 complete=1000
89529.179 [0] DBG_ANCHOR_CH5_SCAN_RESCHED ret=1 delay=380
89529.587 [0] DBG_ANCHOR_CH5_SCAN_HANDLER role=2
89529.587 [0] DBG_DWM_CH5_RX_HUNT_START acq=10 complete=1000 cap=1020
89529.587 [0] DBG_DWM_CH5_RX_HUNT_EMPTY s=111281 e=111291 ret=-116 sys=00000000 phy=2 cfg=1 aw=1 unk=0
89529.587 [0] DBG_ANCHOR_CH5_SCAN_RESCHED ret=1 delay=380
89529.587 [0] DBG_STACK_RUN_BEGIN epoch=3543676270155205024 run=47 kind=anchor_scan owner=anchor_uwb_scan queue=0 custody=0 credit=0 retry=0 drain=0 src=16876665336513972910 dst=11068027678940948070 session=0 seq=0 type=48 sequence=0 previous=0 uptime=111292
89529.587 [0] DBG_STACK_SAMPLE_BEGIN epoch=3543676270155205024 run=47 sample=47 kind=anchor_scan owner=anchor_uwb_scan queue=0 custody=0 credit=0 retry=0 drain=0 src=16876665336513972910 dst=11068027678940948070 session=0 seq=0 type=48 uptime=111293
89529.587 [0] DBG_STACK_ISR_CONFIG size=8192 run=47 sample=47
89529.587 [0] DBG_STACK name=anchor_uwb_scan tid=0x2000ca08 used=7952 free=2032 size=9984 ret=0 run=47 sample=47
89529.587 [0] DBG_STACK name=mesh_route tid=0x2000b038 used=6976 free=2496 size=9472 ret=0 run=47 sample=47
89529.629 [0] DBG_STACK name=sysworkq tid=0x2000d980 used=800 free=4576 size=5376 ret=0 run=47 sample=47
89529.629 [0] DBG_STACK name=logging tid=0x2000cec0 used=520 free=1528 size=2048 ret=0 run=47 sample=47
89529.629 [0] DBG_STACK name=idle tid=0x2000d750 used=64 free=256 size=320 ret=0 run=47 sample=47
89529.629 [0] DBG_STACK_SAMPLE_END run=47 sample=47
89529.629 [0] DBG_STACK_RUN_END epoch=3543676270155205024 run=47 kind=anchor_scan owner=anchor_uwb_scan outcome=ack queue=0 custody=0 credit=0 retry=0 drain=0 src=16876665336513972910 dst=11068027678940948070 session=0 seq=0 type=48 samples=1 attempts=1 errors=0 last_error=0 mutex_drops=116 short_drops=1183 sequence=0 previous=0 uptime=111323
89529.970 [0] DBG_ANCHOR_CH5_SCAN_HANDLER role=2
89529.970 [0] DBG_DWM_CH5_RX_HUNT_START acq=10 complete=1000 cap=1020
89529.970 [0] DBG_DWM_CH5_RX_HUNT_EMPTY s=111681 e=111691 ret=-116 sys=00000000 phy=2 cfg=1 aw=1 unk=0
89529.970 [0] DBG_ANCHOR_CH5_SCAN_RESCHED ret=1 delay=380
