[34m0001338[0m [36mI[0m Target type is nrf52833 [2m[board][0m
[34m0001379[0m [36mI[0m Performing connect pre-reset [2m[coresight_target][0m
[34m0001598[0m [36mI[0m DP IDR = 0x2ba01477 (v1 rev2) [2m[dap][0m
[34m0001609[0m [36mI[0m AHB-AP#0 IDR = 0x24770011 (AHB-AP var1 rev2) [2m[discovery][0m
[34m0001610[0m [36mI[0m AP#1 IDR = 0x02880000 (AP var0 rev0) [2m[discovery][0m
[34m0001611[0m [36mI[0m NRF52833 not in secure state [2m[target_nRF52][0m
[34m0001614[0m [36mI[0m AHB-AP#0 Class 0x1 ROM table #0 @ 0xe00ff000 (designer=244 part=00d) [2m[rom_table][0m
[34m0001617[0m [36mI[0m [0]<e000e000:SCS v7-M class=14 designer=43b:Arm part=00c> [2m[rom_table][0m
[34m0001618[0m [36mI[0m [1]<e0001000:DWT v7-M class=14 designer=43b:Arm part=002> [2m[rom_table][0m
[34m0001620[0m [36mI[0m [2]<e0002000:FPB v7-M class=14 designer=43b:Arm part=003> [2m[rom_table][0m
[34m0001621[0m [36mI[0m [3]<e0000000:ITM v7-M class=14 designer=43b:Arm part=001> [2m[rom_table][0m
[34m0001623[0m [36mI[0m [4]<e0040000:TPIU M4 class=9 designer=43b:Arm part=9a1 devtype=11 archid=0000 devid=ca1:0:0> [2m[rom_table][0m
[34m0001625[0m [36mI[0m [5]<e0041000:ETM M4 class=9 designer=43b:Arm part=925 devtype=13 archid=0000 devid=0:0:0> [2m[rom_table][0m
[34m0001630[0m [36mI[0m CPU core #0: Cortex-M4 r0p1, v7.0-M architecture [2m[cortex_m][0m
[34m0001630[0m [36mI[0m   Extensions: [DSP, FPU, FPU_V4, MPU] [2m[cortex_m][0m
[34m0001630[0m [36mI[0m   FPU present: FPv4-SP-D16-M [2m[cortex_m][0m
[34m0001633[0m [36mI[0m This appears to be an nRF52833 AA B0 [2m[target_nRF52][0m
[34m0001638[0m [36mI[0m 4 hardware watchpoints [2m[dwt][0m
[34m0001642[0m [36mI[0m 6 hardware breakpoints, 4 literal comparators [2m[fpb][0m
[34m0001665[0m [36mI[0m 3 up channels and 3 down channels found [2m[rtt_cmd][0m
[34m0001665[0m [36mI[0m Reading from up channel 0 ("Terminal") [2m[rtt_cmd][0m
[34m0001668[0m [36mI[0m Writing to down channel 0 ("Terminal") [2m[rtt_cmd][0m
DBG_ANCHOR_CH5_SCAN_HANDLER role=2
DBG_DWM_INVALIDATE tag=configure_radio_from_reset active_phy=2 configured=1 awake=0
DBG_DWM_MARK_UNCONFIGURED tag=initialise_radio prev_phy=0
DBG_DWM_CH5_RX_HUNT_START acq=3 complete=15 cap=1021
DBG_DWM_CH5_RX_HUNT_EMPTY ret=-116 status=0x00000000 acq=3
DBG_ANCHOR_CH5_SCAN_RESCHED ret=1 delay=380
DBG_ANCHOR_CH5_SCAN_HANDLER role=2
DBG_DWM_INVALIDATE tag=configure_radio_from_reset active_phy=2 configured=1 awake=0
DBG_DWM_MARK_UNCONFIGURED tag=initialise_radio prev_phy=0
DBG_DWM_CH5_RX_HUNT_START acq=3 complete=15 cap=1021
DBG_DWM_CH5_RX_HUNT_EMPTY ret=-116 status=0x00000000 acq=3
DBG_ANCHOR_CH5_SCAN_RESCHED ret=1 delay=380
DBG_ANCHOR_CH5_SCAN_HANDLER role=2
DBG_ANCHOR_CH5_SCAN_ARM now=2162998 win=3 complete=15 interval=380 wait=0 tx=0 response=0
DBG_DWM_INVALIDATE tag=configure_radio_from_reset active_phy=2 configured=1 awake=0
DBG_DWM_MARK_UNCONFIGURED tag=initialise_radio prev_phy=0
DBG_DWM_CH5_RX_HUNT_START acq=3 complete=15 cap=1021
DBG_ANCHOR_CH5_SCAN_HANDLER role=2
DBG_ANCHOR_CH5_SCAN_HANDLER role=2
DBG_ANCHOR_CH5_SCAN_ARM now=2165439 win=3 complete=15 interval=380 wait=0 tx=0 response=0
DBG_DWM_INVALIDATE tag=configure_radio_from_reset active_phy=2 configured=1 awake=0
DBG_DWM_MARK_UNCONFIGURED tag=initialise_radio prev_phy=0
DBG_DWM_CH5_RX_HUNT_START acq=3 complete=15 cap=1021
DBG_DWM_CH5_RX_HUNT_EMPTY ret=-116 status=0x00000000 acq=3
DBG_ANCHOR_CH5_SCAN_DONE ret=-116 len=0 fail=1 pre=0 q=0 rx_us=3997 complete=15
DBG_ANCHOR_CH5_SCAN_RESCHED ret=1 delay=380
DBG_ANCHOR_CH5_SCAN_HANDLER role=2
DBG_DWM_INVALIDATE tag=configure_radio_from_reset active_phy=2 configured=1 awake=0
DBG_DWM_MARK_UNCONFIGURED tag=initialise_radio prev_phy=0
DBG_DWM_CH5_RX_HUNT_START acq=3 complete=15 cap=1021
DBG_DWM_CH5_RX_HUNT_EMPTY ret=-116 status=0x00000000 acq=3
DBG_ANCHOR_CH5_SCAN_RESCHED ret=1 delay=380
DBG_ANCHOR_CH5_SCAN_HANDLER role=2
DBG_DWM_INVALIDATE tag=configure_radio_from_reset active_phy=2 configured=1 awake=0
DBG_DWM_MARK_UNCONFIGURED tag=initialise_radio prev_phy=0
DBG_DWM_CH5_RX_HUNT_START acq=3 complete=15 cap=1021
DBG_DWM_CH5_RX_HUNT_EMPTY ret=-116 status=0x00000000 acq=3
DBG_ANCHOR_CH5_SCAN_RESCHED ret=1 delay=380
DBG_ANCHOR_CH5_SCAN_HANDLER role=2
DBG_ANCHOR_CH5_SCAN_ARM now=2166659 win=3 complete=15 interval=380 wait=0 tx=0 response=0
DBG_DWM_INVALIDATE tag=configure_radio_from_reset active_phy=2 configured=1 awake=0
DBG_DWM_MARK_UNCONFIGURED tag=initialise_radio prev_phy=0
DBG_DWM_CH5_RX_HUNT_START acq=3 complete=15 cap=1021
DBG_DWM_CH5_RX_HUNT_EMPTY ret=-116 status=0x00000000 acq=3
DBG_ANCHOR_CH5_SCAN_DONE ret=-116 len=0 fail=1 pre=0 q=0 rx_us=4028 complete=15
DBG_ANCHOR_CH5_SCAN_RESCHED ret=1 delay=380
DBG_ANCHOR_CH5_SCAN_HANDLER role=2
DBG_DWM_INVALIDATE tag=configure_radio_from_reset active_phy=2 configured=1 awake=0
DBG_DWM_MARK_UNCONFIGURED tag=initialise_radio prev_phy=0
DBG_DWM_CH5_RX_HUNT_START acq=3 complete=15 cap=1021
DBG_DWM_CH5_RX_HUNT_EMPTY ret=-116 status=0x00000000 acq=3
DBG_ANCHOR_CH5_SCAN_RESCHED ret=1 delay=380
DBG_ANCHOR_CH5_SCAN_HANDLER role=2
DBG_DWM_INVALIDATE tag=configure_radio_from_reset active_phy=2 configured=1 awake=0
DBG_DWM_MARK_UNCONFIGURED tag=initialise_radio prev_phy=0
DBG_DWM_CH5_RX_HUNT_START acq=3 complete=15 cap=1021
DBG_DWM_CH5_RX_HUNT_EMPTY ret=-116 status=0x00000000 acq=3
DBG_ANCHOR_CH5_SCAN_RESCHED ret=1 delay=380
DBG_ANCHOR_CH5_SCAN_HANDLER role=2
DBG_ANCHOR_CH5_SCAN_ARM now=2167880 win=3 complete=15 interval=380 wait=0 tx=0 response=0
DBG_DWM_INVALIDATE tag=configure_radio_from_reset active_phy=2 configured=1 awake=0
DBG_DWM_MARK_UNCONFIGURED tag=initialise_radio prev_phy=0
DBG_DWM_CH5_RX_HUNT_START acq=3 complete=15 cap=1021
DBG_DWM_CH5_RX_HUNT_EMPTY ret=-116 status=0x00000000 acq=3
DBG_ANCHOR_CH5_SCAN_DONE ret=-116 len=0 fail=1 pre=0 q=0 rx_us=3845 complete=15
DBG_ANCHOR_CH5_SCAN_RESCHED ret=1 delay=380
DBG_ANCHOR_CH5_SCAN_HANDLER role=2
DBG_DWM_INVALIDATE tag=configure_radio_from_reset active_phy=2 configured=1 awake=0
DBG_DWM_MARK_UNCONFIGURED tag=initialise_radio prev_phy=0
DBG_DWM_CH5_RX_HUNT_START acq=3 complete=15 cap=1021
DBG_DWM_CH5_RX_HUNT_EMPTY ret=-116 status=0x00000000 acq=3
DBG_ANCHOR_CH5_SCAN_RESCHED ret=1 delay=380
DBG_ANCHOR_CH5_SCAN_HANDLER role=2
DBG_DWM_INVALIDATE tag=configure_radio_from_reset active_phy=2 configured=1 awake=0
DBG_DWM_MARK_UNCONFIGURED tag=initialise_radio prev_phy=0
DBG_DWM_CH5_RX_HUNT_START acq=3 complete=15 cap=1021
DBG_DWM_CH5_RX_HUNT_EMPTY ret=-116 status=0x00000000 acq=3
DBG_ANCHOR_CH5_SCAN_RESCHED ret=1 delay=380
DBG_ANCHOR_CH5_SCAN_HANDLER role=2
DBG_ANCHOR_CH5_SCAN_ARM now=2169099 win=3 complete=15 interval=380 wait=0 tx=0 response=0
DBG_DWM_INVALIDATE tag=configure_radio_from_reset active_phy=2 configured=1 awake=0
DBG_DWM_MARK_UNCONFIGURED tag=initialise_radio prev_phy=0
DBG_DWM_CH5_RX_HUNT_START acq=3 complete=15 cap=1021
DBG_DWM_CH5_RX_HUNT_EMPTY ret=-116 status=0x00000000 acq=3
DBG_ANCHOR_CH5_SCAN_DONE ret=-116 len=0 fail=1 pre=0 q=0 rx_us=3479 complete=15
DBG_ANCHOR_CH5_SCAN_RESCHED ret=1 delay=380
DBG_ANCHOR_CH5_SCAN_HANDLER role=2
DBG_DWM_INVALIDATE tag=configure_radio_from_reset active_phy=2 configured=1 awake=0
DBG_DWM_MARK_UNCONFIGURED tag=initialise_radio prev_phy=0
DBG_DWM_CH5_RX_HUNT_START acq=3 complete=15 cap=1021
DBG_DWM_CH5_RX_HUNT_EMPTY ret=-116 status=0x00000000 acq=3
DBG_ANCHOR_CH5_SCAN_RESCHED ret=1 delay=380
DBG_ANCHOR_CH5_SCAN_HANDLER role=2
DBG_DWM_INVALIDATE tag=configure_radio_from_reset active_phy=2 configured=1 awake=0
DBG_DWM_MARK_UNCONFIGURED tag=initialise_radio prev_phy=0
DBG_DWM_CH5_RX_HUNT_START acq=3 complete=15 cap=1021
DBG_DWM_CH5_RX_HUNT_EMPTY ret=-116 status=0x00000000 acq=3
DBG_ANCHOR_CH5_SCAN_RESCHED ret=1 delay=380
DBG_ANCHOR_CH5_SCAN_HANDLER role=2
DBG_ANCHOR_CH5_SCAN_ARM now=2170319 win=3 complete=15 interval=380 wait=0 tx=0 response=0
DBG_DWM_INVALIDATE tag=configure_radio_from_reset active_phy=2 configured=1 awake=0
DBG_DWM_MARK_UNCONFIGURED tag=initialise_radio prev_phy=0
DBG_DWM_CH5_RX_HUNT_START acq=3 complete=15 cap=1021
DBG_DWM_CH5_RX_HUNT_EMPTY ret=-116 status=0x00000000 acq=3
DBG_ANCHOR_CH5_SCAN_DONE ret=-116 len=0 fail=1 pre=0 q=0 rx_us=3479 complete=15
DBG_ANCHOR_CH5_SCAN_RESCHED ret=1 delay=380
DBG_ANCHOR_CH5_SCAN_HANDLER role=2
DBG_DWM_INVALIDATE tag=configure_radio_from_reset active_phy=2 configured=1 awake=0
DBG_DWM_MARK_UNCONFIGURED tag=initialise_radio prev_phy=0
DBG_DWM_CH5_RX_HUNT_START acq=3 complete=15 cap=1021
DBG_DWM_CH5_RX_HUNT_EMPTY ret=-116 status=0x00000000 acq=3
DBG_ANCHOR_CH5_SCAN_RESCHED ret=1 delay=380
DBG_ANCHOR_CH5_SCAN_HANDLER role=2
DBG_DWM_INVALIDATE tag=configure_radio_from_reset active_phy=2 configured=1 awake=0
DBG_DWM_MARK_UNCONFIGURED tag=initialise_radio prev_phy=0
DBG_DWM_CH5_RX_HUNT_START acq=3 complete=15 cap=1021
DBG_DWM_CH5_RX_HUNT_EMPTY ret=-116 status=0x00000000 acq=3
DBG_ANCHOR_CH5_SCAN_RESCHED ret=1 delay=380
DBG_ANCHOR_CH5_SCAN_HANDLER role=2
DBG_ANCHOR_CH5_SCAN_ARM now=2171538 win=3 complete=15 interval=380 wait=0 tx=0 response=0
DBG_DWM_INVALIDATE tag=configure_radio_from_reset active_phy=2 configured=1 awake=0
DBG_DWM_MARK_UNCONFIGURED tag=initialise_radio prev_phy=0
DBG_DWM_CH5_RX_HUNT_START acq=3 complete=15 cap=1021
DBG_DWM_CH5_RX_HUNT_EMPTY ret=-116 status=0x00000000 acq=3
DBG_ANCHOR_CH5_SCAN_DONE ret=-116 len=0 fail=1 pre=0 q=0 rx_us=4028 complete=15
DBG_ANCHOR_CH5_SCAN_RESCHED ret=1 delay=380
DBG_ANCHOR_CH5_SCAN_HANDLER role=2
DBG_DWM_INVALIDATE tag=configure_radio_from_reset active_phy=2 configured=1 awake=0
DBG_DWM_MARK_UNCONFIGURED tag=initialise_radio prev_phy=0
DBG_DWM_CH5_RX_HUNT_START acq=3 complete=15 cap=1021
DBG_DWM_CH5_RX_HUNT_EMPTY ret=-116 status=0x00000000 acq=3
DBG_ANCHOR_CH5_SCAN_RESCHED ret=1 delay=380
DBG_ANCHOR_CH5_SCAN_HANDLER role=2
DBG_DWM_INVALIDATE tag=configure_radio_from_reset active_phy=2 configured=1 awake=0
DBG_DWM_MARK_UNCONFIGURED tag=initialise_radio prev_phy=0
DBG_DWM_CH5_RX_HUNT_START acq=3 complete=15 cap=1021
DBG_DWM_CH5_RX_HUNT_EMPTY ret=-116 status=0x00000000 acq=3
DBG_ANCHOR_CH5_SCAN_RESCHED ret=1 delay=380
DBG_ANCHOR_CH5_SCAN_HANDLER role=2
DBG_ANCHOR_CH5_SCAN_ARM now=2172758 win=3 complete=15 interval=380 wait=0 tx=0 response=0
DBG_DWM_INVALIDATE tag=configure_radio_from_reset active_phy=2 configured=1 awake=0
DBG_DWM_MARK_UNCONFIGURED tag=initialise_radio prev_phy=0
DBG_DWM_CH5_RX_HUNT_START acq=3 complete=15 cap=1021
DBG_DWM_CH5_RX_HUNT_EMPTY ret=-116 status=0x00000000 acq=3
DBG_ANCHOR_CH5_SCAN_DONE ret=-116 len=0 fail=1 pre=0 q=0 rx_us=3814 complete=15
DBG_ANCHOR_CH5_SCAN_RESCHED ret=1 delay=380
DBG_ANCHOR_CH5_SCAN_HANDLER role=2
DBG_DWM_INVALIDATE tag=configure_radio_from_reset active_phy=2 configured=1 awake=0
DBG_DWM_MARK_UNCONFIGURED tag=initialise_radio prev_phy=0
DBG_DWM_CH5_RX_HUNT_START acq=3 complete=15 cap=1021
DBG_DWM_CH5_RX_HUNT_EMPTY ret=-116 status=0x00000000 acq=3
DBG_ANCHOR_CH5_SCAN_RESCHED ret=1 delay=380
DBG_ANCHOR_CH5_SCAN_HANDLER role=2
DBG_DWM_INVALIDATE tag=configure_radio_from_reset active_phy=2 configured=1 awake=0
DBG_DWM_MARK_UNCONFIGURED tag=initialise_radio prev_phy=0
DBG_DWM_CH5_RX_HUNT_START acq=3 complete=15 cap=1021
DBG_DWM_CH5_RX_HUNT_EMPTY ret=-116 status=0x00000000 acq=3
DBG_ANCHOR_CH5_SCAN_RESCHED ret=1 delay=380
DBG_ANCHOR_CH5_SCAN_HANDLER role=2
DBG_ANCHOR_CH5_SCAN_ARM now=2173978 win=3 complete=15 interval=380 wait=0 tx=0 response=0
DBG_DWM_INVALIDATE tag=configure_radio_from_reset active_phy=2 configured=1 awake=0
DBG_DWM_MARK_UNCONFIGURED tag=initialise_radio prev_phy=0
DBG_DWM_CH5_RX_HUNT_START acq=3 complete=15 cap=1021
DBG_DWM_CH5_RX_HUNT_EMPTY ret=-116 status=0x00000000 acq=3
DBG_ANCHOR_CH5_SCAN_DONE ret=-116 len=0 fail=1 pre=0 q=0 rx_us=3845 complete=15
DBG_ANCHOR_CH5_SCAN_RESCHED ret=1 delay=380
DBG_ANCHOR_CH5_SCAN_HANDLER role=2
DBG_DWM_INVALIDATE tag=configure_radio_from_reset active_phy=2 configured=1 awake=0
DBG_DWM_MARK_UNCONFIGURED tag=initialise_radio prev_phy=0
DBG_DWM_CH5_RX_HUNT_START acq=3 complete=15 cap=1021
DBG_DWM_CH5_RX_HUNT_EMPTY ret=-116 status=0x00000000 acq=3
DBG_ANCHOR_CH5_SCAN_RESCHED ret=1 delay=380
DBG_ANCHOR_CH5_SCAN_HANDLER role=2
DBG_DWM_INVALIDATE tag=configure_radio_from_reset active_phy=2 configured=1 awake=0
DBG_DWM_MARK_UNCONFIGURED tag=initialise_radio prev_phy=0
DBG_DWM_CH5_RX_HUNT_START acq=3 complete=15 cap=1021
DBG_DWM_CH5_RX_HUNT_EMPTY ret=-116 status=0x00000000 acq=3
DBG_ANCHOR_CH5_SCAN_RESCHED ret=1 delay=380
DBG_ANCHOR_CH5_SCAN_HANDLER role=2
DBG_ANCHOR_CH5_SCAN_ARM now=2175199 win=3 complete=15 interval=380 wait=0 tx=0 response=0
DBG_DWM_INVALIDATE tag=configure_radio_from_reset active_phy=2 configured=1 awake=0
DBG_DWM_MARK_UNCONFIGURED tag=initialise_radio prev_phy=0
DBG_DWM_CH5_RX_HUNT_START acq=3 complete=15 cap=1021
DBG_DWM_CH5_RX_HUNT_EMPTY ret=-116 status=0x00000000 acq=3
DBG_ANCHOR_CH5_SCAN_DONE ret=-116 len=0 fail=1 pre=0 q=0 rx_us=3479 complete=15
DBG_ANCHOR_CH5_SCAN_RESCHED ret=1 delay=380
DBG_ANCHOR_CH5_SCAN_HANDLER role=2
DBG_DWM_INVALIDATE tag=configure_radio_from_reset active_phy=2 configured=1 awake=0
DBG_DWM_MARK_UNCONFIGURED tag=initialise_radio prev_phy=0
DBG_DWM_CH5_RX_HUNT_START acq=3 complete=15 cap=1021
DBG_DWM_CH5_RX_HUNT_EMPTY ret=-116 status=0x00000000 acq=3
DBG_ANCHOR_CH5_SCAN_RESCHED ret=1 delay=380
DBG_ANCHOR_CH5_SCAN_HANDLER role=2
DBG_DWM_INVALIDATE tag=configure_radio_from_reset active_phy=2 configured=1 awake=0
DBG_DWM_MARK_UNCONFIGURED tag=initialise_radio prev_phy=0
DBG_DWM_CH5_RX_HUNT_START acq=3 complete=15 cap=1021
DBG_DWM_CH5_RX_HUNT_EMPTY ret=-116 status=0x00000000 acq=3
DBG_ANCHOR_CH5_SCAN_RESCHED ret=1 delay=380
DBG_ANCHOR_CH5_SCAN_HANDLER role=2
DBG_ANCHOR_CH5_SCAN_ARM now=2176419 win=3 complete=15 interval=380 wait=0 tx=0 response=0
DBG_DWM_INVALIDATE tag=configure_radio_from_reset active_phy=2 configured=1 awake=0
DBG_DWM_MARK_UNCONFIGURED tag=initialise_radio prev_phy=0
DBG_DWM_CH5_RX_HUNT_START acq=3 complete=15 cap=1021
DBG_DWM_CH5_RX_HUNT_EMPTY ret=-116 status=0x00000000 acq=3
DBG_ANCHOR_CH5_SCAN_DONE ret=-116 len=0 fail=1 pre=0 q=0 rx_us=3845 complete=15
DBG_ANCHOR_CH5_SCAN_RESCHED ret=1 delay=380
DBG_ANCHOR_CH5_SCAN_HANDLER role=2
DBG_DWM_INVALIDATE tag=configure_radio_from_reset active_phy=2 configured=1 awake=0
DBG_DWM_MARK_UNCONFIGURED tag=initialise_radio prev_phy=0
DBG_DWM_CH5_RX_HUNT_START acq=3 complete=15 cap=1021
DBG_DWM_CH5_RX_HUNT_EMPTY ret=-116 status=0x00000000 acq=3
DBG_ANCHOR_CH5_SCAN_RESCHED ret=1 delay=380
DBG_ANCHOR_CH5_SCAN_HANDLER role=2
DBG_DWM_INVALIDATE tag=configure_radio_from_reset active_phy=2 configured=1 awake=0
DBG_DWM_MARK_UNCONFIGURED tag=initialise_radio prev_phy=0
DBG_DWM_CH5_RX_HUNT_START acq=3 complete=15 cap=1021
DBG_DWM_CH5_RX_HUNT_EMPTY ret=-116 status=0x00000000 acq=3
DBG_ANCHOR_CH5_SCAN_RESCHED ret=1 delay=380
DBG_ANCHOR_CH5_SCAN_HANDLER role=2
DBG_ANCHOR_CH5_SCAN_ARM now=2177639 win=3 complete=15 interval=380 wait=0 tx=0 response=0
DBG_DWM_INVALIDATE tag=configure_radio_from_reset active_phy=2 configured=1 awake=0
DBG_DWM_MARK_UNCONFIGURED tag=initialise_radio prev_phy=0
DBG_DWM_CH5_RX_HUNT_START acq=3 complete=15 cap=1021
DBG_DWM_CH5_RX_HUNT_EMPTY ret=-116 status=0x00000000 acq=3
DBG_ANCHOR_CH5_SCAN_DONE ret=-116 len=0 fail=1 pre=0 q=0 rx_us=4028 complete=15
DBG_ANCHOR_CH5_SCAN_RESCHED ret=1 delay=380
DBG_ANCHOR_CH5_SCAN_HANDLER role=2
DBG_DWM_INVALIDATE tag=configure_radio_from_reset active_phy=2 configured=1 awake=0
DBG_DWM_MARK_UNCONFIGURED tag=initialise_radio prev_phy=0
DBG_DWM_CH5_RX_HUNT_START acq=3 complete=15 cap=1021
DBG_DWM_CH5_RX_HUNT_EMPTY ret=-116 status=0x00000000 acq=3
DBG_ANCHOR_CH5_SCAN_RESCHED ret=1 delay=380
DBG_ANCHOR_CH5_SCAN_HANDLER role=2
DBG_DWM_INVALIDATE tag=configure_radio_from_reset active_phy=2 configured=1 awake=0
DBG_DWM_MARK_UNCONFIGURED tag=initialise_radio prev_phy=0
DBG_DWM_CH5_RX_HUNT_START acq=3 complete=15 cap=1021
DBG_DWM_CH5_RX_HUNT_EMPTY ret=-116 status=0x00000000 acq=3
DBG_ANCHOR_CH5_SCAN_RESCHED ret=1 delay=380
DBG_ANCHOR_CH5_SCAN_HANDLER role=2
DBG_ANCHOR_CH5_SCAN_ARM now=2178859 win=3 complete=15 interval=380 wait=0 tx=0 response=0
DBG_DWM_INVALIDATE tag=configure_radio_from_reset active_phy=2 configured=1 awake=0
DBG_DWM_MARK_UNCONFIGURED tag=initialise_radio prev_phy=0
DBG_DWM_CH5_RX_HUNT_START acq=3 complete=15 cap=1021
DBG_DWM_CH5_RX_HUNT_EMPTY ret=-116 status=0x00000000 acq=3
DBG_ANCHOR_CH5_SCAN_DONE ret=-116 len=0 fail=1 pre=0 q=0 rx_us=3845 complete=15
DBG_ANCHOR_CH5_SCAN_RESCHED ret=1 delay=380
DBG_ANCHOR_CH5_SCAN_HANDLER role=2
DBG_DWM_INVALIDATE tag=configure_radio_from_reset active_phy=2 configured=1 awake=0
DBG_DWM_MARK_UNCONFIGURED tag=initialise_radio prev_phy=0
DBG_DWM_CH5_RX_HUNT_START acq=3 complete=15 cap=1021
DBG_DWM_CH5_RX_HUNT_EMPTY ret=-116 status=0x00000000 acq=3
DBG_ANCHOR_CH5_SCAN_RESCHED ret=1 delay=380
DBG_ANCHOR_CH5_SCAN_HANDLER role=2
DBG_DWM_INVALIDATE tag=configure_radio_from_reset active_phy=2 configured=1 awake=0
DBG_DWM_MARK_UNCONFIGURED tag=initialise_radio prev_phy=0
DBG_DWM_CH5_RX_HUNT_START acq=3 complete=15 cap=1021
DBG_DWM_CH5_RX_HUNT_EMPTY ret=-116 status=0x00000000 acq=3
DBG_ANCHOR_CH5_SCAN_RESCHED ret=1 delay=380
DBG_ANCHOR_CH5_SCAN_HANDLER role=2
DBG_ANCHOR_CH5_SCAN_ARM now=2180079 win=3 complete=15 interval=380 wait=0 tx=0 response=0
DBG_DWM_INVALIDATE tag=configure_radio_from_reset active_phy=2 configured=1 awake=0
DBG_DWM_MARK_UNCONFIGURED tag=initialise_radio prev_phy=0
DBG_DWM_CH5_RX_HUNT_START acq=3 complete=15 cap=1021
DBG_DWM_CH5_RX_HUNT_EMPTY ret=-116 status=0x00000000 acq=3
DBG_ANCHOR_CH5_SCAN_DONE ret=-116 len=0 fail=1 pre=0 q=0 rx_us=3448 complete=15
DBG_ANCHOR_CH5_SCAN_RESCHED ret=1 delay=380
DBG_ANCHOR_CH5_SCAN_HANDLER role=2
DBG_DWM_INVALIDATE tag=configure_radio_from_reset active_phy=2 configured=1 awake=0
DBG_DWM_MARK_UNCONFIGURED tag=initialise_radio prev_phy=0
DBG_DWM_CH5_RX_HUNT_START acq=3 complete=15 cap=1021
DBG_DWM_CH5_RX_HUNT_EMPTY ret=-116 status=0x00000000 acq=3
DBG_ANCHOR_CH5_SCAN_RESCHED ret=1 delay=380
DBG_ANCHOR_CH5_SCAN_HANDLER role=2
DBG_DWM_INVALIDATE tag=configure_radio_from_reset active_phy=2 configured=1 awake=0
DBG_DWM_MARK_UNCONFIGURED tag=initialise_radio prev_phy=0
DBG_DWM_CH5_RX_HUNT_START acq=3 complete=15 cap=1021
DBG_DWM_CH5_RX_HUNT_EMPTY ret=-116 status=0x00000000 acq=3
DBG_ANCHOR_CH5_SCAN_RESCHED ret=1 delay=380
DBG_ANCHOR_CH5_SCAN_HANDLER role=2
DBG_ANCHOR_CH5_SCAN_ARM now=2181300 win=3 complete=15 interval=380 wait=0 tx=0 response=0
DBG_DWM_INVALIDATE tag=configure_radio_from_reset active_phy=2 configured=1 awake=0
DBG_DWM_MARK_UNCONFIGURED tag=initialise_radio prev_phy=0
DBG_DWM_CH5_RX_HUNT_START acq=3 complete=15 cap=1021
DBG_DWM_CH5_RX_HUNT_EMPTY ret=-116 status=0x00000000 acq=3
DBG_ANCHOR_CH5_SCAN_DONE ret=-116 len=0 fail=1 pre=0 q=0 rx_us=3295 complete=15
DBG_ANCHOR_CH5_SCAN_RESCHED ret=1 delay=380
DBG_ANCHOR_CH5_SCAN_HANDLER role=2
DBG_DWM_INVALIDATE tag=configure_radio_from_reset active_phy=2 configured=1 awake=0
DBG_DWM_MARK_UNCONFIGURED tag=initialise_radio prev_phy=0
DBG_DWM_CH5_RX_HUNT_START acq=3 complete=15 cap=1021
DBG_DWM_CH5_RX_HUNT_EMPTY ret=-116 status=0x00000000 acq=3
DBG_ANCHOR_CH5_SCAN_RESCHED ret=1 delay=380
DBG_ANCHOR_CH5_SCAN_HANDLER role=2
DBG_DWM_INVALIDATE tag=configure_radio_from_reset active_phy=2 configured=1 awake=0
DBG_DWM_MARK_UNCONFIGURED tag=initialise_radio prev_phy=0
DBG_DWM_CH5_RX_HUNT_START acq=3 complete=15 cap=1021
DBG_DWM_CH5_RX_HUNT_EMPTY ret=-116 status=0x00000000 acq=3
DBG_ANCHOR_CH5_SCAN_RESCHED ret=1 delay=380
DBG_ANCHOR_CH5_SCAN_HANDLER role=2
DBG_ANCHOR_CH5_SCAN_ARM now=2182518 win=3 complete=15 interval=380 wait=0 tx=0 response=0
DBG_DWM_INVALIDATE tag=configure_radio_from_reset active_phy=2 configured=1 awake=0
DBG_DWM_MARK_UNCONFIGURED tag=initialise_radio prev_phy=0
DBG_DWM_CH5_RX_HUNT_START acq=3 complete=15 cap=1021
DBG_DWM_CH5_RX_HUNT_EMPTY ret=-116 status=0x00000000 acq=3
DBG_ANCHOR_CH5_SCAN_DONE ret=-116 len=0 fail=1 pre=0 q=0 rx_us=4028 complete=15
DBG_ANCHOR_CH5_SCAN_RESCHED ret=1 delay=380
DBG_ANCHOR_CH5_SCAN_HANDLER role=2
DBG_DWM_INVALIDATE tag=configure_radio_from_reset active_phy=2 configured=1 awake=0
DBG_DWM_MARK_UNCONFIGURED tag=initialise_radio prev_phy=0
DBG_DWM_CH5_RX_HUNT_START acq=3 complete=15 cap=1021
DBG_DWM_CH5_RX_HUNT_EMPTY ret=-116 status=0x00000000 acq=3
DBG_ANCHOR_CH5_SCAN_RESCHED ret=1 delay=380
DBG_ANCHOR_CH5_SCAN_HANDLER role=2
DBG_DWM_INVALIDATE tag=configure_radio_from_reset active_phy=2 configured=1 awake=0
DBG_DWM_MARK_UNCONFIGURED tag=initialise_radio prev_phy=0
DBG_DWM_CH5_RX_HUNT_START acq=3 complete=15 cap=1021
DBG_DWM_CH5_RX_HUNT_EMPTY ret=-116 status=0x00000000 acq=3
DBG_ANCHOR_CH5_SCAN_RESCHED ret=1 delay=380
DBG_ANCHOR_CH5_SCAN_HANDLER role=2
DBG_ANCHOR_CH5_SCAN_ARM now=2183738 win=3 complete=15 interval=380 wait=0 tx=0 response=0
DBG_DWM_INVALIDATE tag=configure_radio_from_reset active_phy=2 configured=1 awake=0
DBG_DWM_MARK_UNCONFIGURED tag=initialise_radio prev_phy=0
DBG_DWM_CH5_RX_HUNT_START acq=3 complete=15 cap=1021
DBG_DWM_CH5_RX_HUNT_EMPTY ret=-116 status=0x00000000 acq=3
DBG_ANCHOR_CH5_SCAN_DONE ret=-116 len=0 fail=1 pre=0 q=0 rx_us=3845 complete=15
DBG_ANCHOR_CH5_SCAN_RESCHED ret=1 delay=380
DBG_ANCHOR_CH5_SCAN_HANDLER role=2
DBG_DWM_INVALIDATE tag=configure_radio_from_reset active_phy=2 configured=1 awake=0
DBG_DWM_MARK_UNCONFIGURED tag=initialise_radio prev_phy=0
DBG_DWM_CH5_RX_HUNT_START acq=3 complete=15 cap=1021
DBG_DWM_CH5_RX_HUNT_EMPTY ret=-116 status=0x00000000 acq=3
DBG_ANCHOR_CH5_SCAN_RESCHED ret=1 delay=380
DBG_ANCHOR_CH5_SCAN_HANDLER role=2
DBG_DWM_INVALIDATE tag=configure_radio_from_reset active_phy=2 configured=1 awake=0
DBG_DWM_MARK_UNCONFIGURED tag=initialise_radio prev_phy=0
DBG_DWM_CH5_RX_HUNT_START acq=3 complete=15 cap=1021
DBG_DWM_CH5_RX_HUNT_EMPTY ret=-116 status=0x00000000 acq=3
DBG_ANCHOR_CH5_SCAN_RESCHED ret=1 delay=380
DBG_ANCHOR_CH5_SCAN_HANDLER role=2
DBG_ANCHOR_CH5_SCAN_ARM now=2184958 win=3 complete=15 interval=380 wait=0 tx=0 response=0
DBG_DWM_INVALIDATE tag=configure_radio_from_reset active_phy=2 configured=1 awake=0
DBG_DWM_MARK_UNCONFIGURED tag=initialise_radio prev_phy=0
DBG_DWM_CH5_RX_HUNT_START acq=3 complete=15 cap=1021
DBG_DWM_CH5_RX_HUNT_EMPTY ret=-116 status=0x00000000 acq=3
DBG_ANCHOR_CH5_SCAN_DONE ret=-116 len=0 fail=1 pre=0 q=0 rx_us=3814 complete=15
DBG_ANCHOR_CH5_SCAN_RESCHED ret=1 delay=380
DBG_ANCHOR_CH5_SCAN_HANDLER role=2
DBG_DWM_INVALIDATE tag=configure_radio_from_reset active_phy=2 configured=1 awake=0
DBG_DWM_MARK_UNCONFIGURED tag=initialise_radio prev_phy=0
DBG_DWM_CH5_RX_HUNT_START acq=3 complete=15 cap=1021
DBG_DWM_CH5_RX_HUNT_EMPTY ret=-116 status=0x00000000 acq=3
DBG_ANCHOR_CH5_SCAN_RESCHED ret=1 delay=380
DBG_ANCHOR_CH5_SCAN_HANDLER role=2
DBG_DWM_INVALIDATE tag=configure_radio_from_reset active_phy=2 configured=1 awake=0
DBG_DWM_MARK_UNCONFIGURED tag=initialise_radio prev_phy=0
DBG_DWM_CH5_RX_HUNT_START acq=3 complete=15 cap=1021
DBG_DWM_CH5_RX_HUNT_EMPTY ret=-116 status=0x00000000 acq=3
DBG_ANCHOR_CH5_SCAN_RESCHED ret=1 delay=380
DBG_ANCHOR_CH5_SCAN_HANDLER role=2
DBG_ANCHOR_CH5_SCAN_ARM now=2186178 win=3 complete=15 interval=380 wait=0 tx=0 response=0
DBG_DWM_INVALIDATE tag=configure_radio_from_reset active_phy=2 configured=1 awake=0
DBG_DWM_MARK_UNCONFIGURED tag=initialise_radio prev_phy=0
DBG_DWM_CH5_RX_HUNT_START acq=3 complete=15 cap=1021
DBG_DWM_CH5_RX_HUNT_EMPTY ret=-116 status=0x00000000 acq=3
DBG_ANCHOR_CH5_SCAN_DONE ret=-116 len=0 fail=1 pre=0 q=0 rx_us=3479 complete=15
DBG_ANCHOR_CH5_SCAN_RESCHED ret=1 delay=380
DBG_ANCHOR_CH5_SCAN_HANDLER role=2
DBG_DWM_INVALIDATE tag=configure_radio_from_reset active_phy=2 configured=1 awake=0
DBG_DWM_MARK_UNCONFIGURED tag=initialise_radio prev_phy=0
DBG_DWM_CH5_RX_HUNT_START acq=3 complete=15 cap=1021
DBG_DWM_CH5_RX_HUNT_EMPTY ret=-116 status=0x00000000 acq=3
DBG_ANCHOR_CH5_SCAN_RESCHED ret=1 delay=380
DBG_ANCHOR_CH5_SCAN_HANDLER role=2
DBG_DWM_INVALIDATE tag=configure_radio_from_reset active_phy=2 configured=1 awake=0
DBG_DWM_MARK_UNCONFIGURED tag=initialise_radio prev_phy=0
DBG_DWM_CH5_RX_HUNT_START acq=3 complete=15 cap=1021
DBG_DWM_CH5_RX_HUNT_EMPTY ret=-116 status=0x00000000 acq=3
DBG_ANCHOR_CH5_SCAN_RESCHED ret=1 delay=380
DBG_ANCHOR_CH5_SCAN_HANDLER role=2
DBG_ANCHOR_CH5_SCAN_ARM now=2187398 win=3 complete=15 interval=380 wait=0 tx=0 response=0
DBG_DWM_INVALIDATE tag=configure_radio_from_reset active_phy=2 configured=1 awake=0
DBG_DWM_MARK_UNCONFIGURED tag=initialise_radio prev_phy=0
DBG_DWM_CH5_RX_HUNT_START acq=3 complete=15 cap=1021
DBG_DWM_CH5_RX_HUNT_EMPTY ret=-116 status=0x00000000 acq=3
DBG_ANCHOR_CH5_SCAN_DONE ret=-116 len=0 fail=1 pre=0 q=0 rx_us=3845 complete=15
DBG_ANCHOR_CH5_SCAN_RESCHED ret=1 delay=380
DBG_ANCHOR_CH5_SCAN_HANDLER role=2
DBG_DWM_INVALIDATE tag=configure_radio_from_reset active_phy=2 configured=1 awake=0
DBG_DWM_MARK_UNCONFIGURED tag=initialise_radio prev_phy=0
DBG_DWM_CH5_RX_HUNT_START acq=3 complete=15 cap=1021
DBG_DWM_CH5_RX_HUNT_EMPTY ret=-116 status=0x00000000 acq=3
DBG_ANCHOR_CH5_SCAN_RESCHED ret=1 delay=380
DBG_ANCHOR_CH5_SCAN_HANDLER role=2
DBG_DWM_INVALIDATE tag=configure_radio_from_reset active_phy=2 configured=1 awake=0
DBG_DWM_MARK_UNCONFIGURED tag=initialise_radio prev_phy=0
DBG_DWM_CH5_RX_HUNT_START acq=3 complete=15 cap=1021
DBG_DWM_CH5_RX_HUNT_EMPTY ret=-116 status=0x00000000 acq=3
DBG_ANCHOR_CH5_SCAN_RESCHED ret=1 delay=380
DBG_ANCHOR_CH5_SCAN_HANDLER role=2
DBG_ANCHOR_CH5_SCAN_ARM now=2188618 win=3 complete=15 interval=380 wait=0 tx=0 response=0
DBG_DWM_INVALIDATE tag=configure_radio_from_reset active_phy=2 configured=1 awake=0
DBG_DWM_MARK_UNCONFIGURED tag=initialise_radio prev_phy=0
DBG_DWM_CH5_RX_HUNT_START acq=3 complete=15 cap=1021
DBG_DWM_CH5_RX_HUNT_EMPTY ret=-116 status=0x00000000 acq=3
DBG_ANCHOR_CH5_SCAN_DONE ret=-116 len=0 fail=1 pre=0 q=0 rx_us=4028 complete=15
DBG_ANCHOR_CH5_SCAN_RESCHED ret=1 delay=380
DBG_ANCHOR_CH5_SCAN_HANDLER role=2
DBG_DWM_INVALIDATE tag=configure_radio_from_reset active_phy=2 configured=1 awake=0
DBG_DWM_MARK_UNCONFIGURED tag=initialise_radio prev_phy=0
DBG_DWM_CH5_RX_HUNT_START acq=3 complete=15 cap=1021
DBG_DWM_CH5_RX_HUNT_EMPTY ret=-116 status=0x00000000 acq=3
DBG_ANCHOR_CH5_SCAN_RESCHED ret=1 delay=380
DBG_ANCHOR_CH5_SCAN_HANDLER role=2
DBG_DWM_INVALIDATE tag=configure_radio_from_reset active_phy=2 configured=1 awake=0
DBG_DWM_MARK_UNCONFIGURED tag=initialise_radio prev_phy=0
DBG_DWM_CH5_RX_HUNT_START acq=3 complete=15 cap=1021
DBG_DWM_CH5_RX_HUNT_EMPTY ret=-116 status=0x00000000 acq=3
DBG_ANCHOR_CH5_SCAN_RESCHED ret=1 delay=380
DBG_ANCHOR_CH5_SCAN_HANDLER role=2
DBG_ANCHOR_CH5_SCAN_ARM now=2189839 win=3 complete=15 interval=380 wait=0 tx=0 response=0
DBG_DWM_INVALIDATE tag=configure_radio_from_reset active_phy=2 configured=1 awake=0
DBG_DWM_MARK_UNCONFIGURED tag=initialise_radio prev_phy=0
DBG_DWM_CH5_RX_HUNT_START acq=3 complete=15 cap=1021
DBG_DWM_CH5_RX_HUNT_EMPTY ret=-116 status=0x00000000 acq=3
DBG_ANCHOR_CH5_SCAN_DONE ret=-116 len=0 fail=1 pre=0 q=0 rx_us=3814 complete=15
DBG_ANCHOR_CH5_SCAN_RESCHED ret=1 delay=380
DBG_ANCHOR_CH5_SCAN_HANDLER role=2
DBG_DWM_INVALIDATE tag=configure_radio_from_reset active_phy=2 configured=1 awake=0
DBG_DWM_MARK_UNCONFIGURED tag=initialise_radio prev_phy=0
DBG_DWM_CH5_RX_HUNT_START acq=3 complete=15 cap=1021
DBG_DWM_CH5_RX_HUNT_EMPTY ret=-116 status=0x00000000 acq=3
DBG_ANCHOR_CH5_SCAN_RESCHED ret=1 delay=380
DBG_ANCHOR_CH5_SCAN_HANDLER role=2
DBG_DWM_INVALIDATE tag=configure_radio_from_reset active_phy=2 configured=1 awake=0
DBG_DWM_MARK_UNCONFIGURED tag=initialise_radio prev_phy=0
DBG_DWM_CH5_RX_HUNT_START acq=3 complete=15 cap=1021
DBG_DWM_CH5_RX_HUNT_EMPTY ret=-116 status=0x00000000 acq=3
DBG_ANCHOR_CH5_SCAN_RESCHED ret=1 delay=380
DBG_ANCHOR_CH5_SCAN_HANDLER role=2
DBG_ANCHOR_CH5_SCAN_ARM now=2191059 win=3 complete=15 interval=380 wait=0 tx=0 response=0
DBG_DWM_INVALIDATE tag=configure_radio_from_reset active_phy=2 configured=1 awake=0
DBG_DWM_MARK_UNCONFIGURED tag=initialise_radio prev_phy=0
DBG_DWM_CH5_RX_HUNT_START acq=3 complete=15 cap=1021
DBG_DWM_CH5_RX_HUNT_EMPTY ret=-116 status=0x00000000 acq=3
DBG_ANCHOR_CH5_SCAN_DONE ret=-116 len=0 fail=1 pre=0 q=0 rx_us=3479 complete=15
DBG_ANCHOR_CH5_SCAN_RESCHED ret=1 delay=380
DBG_ANCHOR_CH5_SCAN_HANDLER role=2
DBG_DWM_INVALIDATE tag=configure_radio_from_reset active_phy=2 configured=1 awake=0
DBG_DWM_MARK_UNCONFIGURED tag=initialise_radio prev_phy=0
DBG_DWM_CH5_RX_HUNT_START acq=3 complete=15 cap=1021
DBG_DWM_CH5_RX_HUNT_EMPTY ret=-116 status=0x00000000 acq=3
DBG_ANCHOR_CH5_SCAN_RESCHED ret=1 delay=380
DBG_ANCHOR_CH5_SCAN_HANDLER role=2
DBG_DWM_INVALIDATE tag=configure_radio_from_reset active_phy=2 configured=1 awake=0
DBG_DWM_MARK_UNCONFIGURED tag=initialise_radio prev_phy=0
DBG_DWM_CH5_RX_HUNT_START acq=3 complete=15 cap=1021
DBG_DWM_CH5_RX_HUNT_EMPTY ret=-116 status=0x00000000 acq=3
DBG_ANCHOR_CH5_SCAN_RESCHED ret=1 delay=380
DBG_ANCHOR_CH5_SCAN_HANDLER role=2
DBG_ANCHOR_CH5_SCAN_ARM now=2192279 win=3 complete=15 interval=380 wait=0 tx=0 response=0
DBG_DWM_INVALIDATE tag=configure_radio_from_reset active_phy=2 configured=1 awake=0
DBG_DWM_MARK_UNCONFIGURED tag=initialise_radio prev_phy=0
DBG_DWM_CH5_RX_HUNT_START acq=3 complete=15 cap=1021
DBG_DWM_CH5_RX_HUNT_EMPTY ret=-116 status=0x00000000 acq=3
DBG_ANCHOR_CH5_SCAN_DONE ret=-116 len=0 fail=1 pre=0 q=0 rx_us=3479 complete=15
DBG_ANCHOR_CH5_SCAN_RESCHED ret=1 delay=380
DBG_ANCHOR_CH5_SCAN_HANDLER role=2
DBG_DWM_INVALIDATE tag=configure_radio_from_reset active_phy=2 configured=1 awake=0
DBG_DWM_MARK_UNCONFIGURED tag=initialise_radio prev_phy=0
DBG_DWM_CH5_RX_HUNT_START acq=3 complete=15 cap=1021
DBG_DWM_CH5_RX_HUNT_EMPTY ret=-116 status=0x00000000 acq=3
DBG_ANCHOR_CH5_SCAN_RESCHED ret=1 delay=380
DBG_ANCHOR_CH5_SCAN_HANDLER role=2
DBG_DWM_INVALIDATE tag=configure_radio_from_reset active_phy=2 configured=1 awake=0
DBG_DWM_MARK_UNCONFIGURED tag=initialise_radio prev_phy=0
DBG_DWM_CH5_RX_HUNT_START acq=3 complete=15 cap=1021
DBG_DWM_CH5_RX_HUNT_EMPTY ret=-116 status=0x00000000 acq=3
DBG_ANCHOR_CH5_SCAN_RESCHED ret=1 delay=380
DBG_ANCHOR_CH5_SCAN_HANDLER role=2
DBG_ANCHOR_CH5_SCAN_ARM now=2193498 win=3 complete=15 interval=380 wait=0 tx=0 response=0
DBG_DWM_INVALIDATE tag=configure_radio_from_reset active_phy=2 configured=1 awake=0
DBG_DWM_MARK_UNCONFIGURED tag=initialise_radio prev_phy=0
DBG_DWM_CH5_RX_HUNT_START acq=3 complete=15 cap=1021
DBG_DWM_CH5_RX_HUNT_EMPTY ret=-116 status=0x00000000 acq=3
DBG_ANCHOR_CH5_SCAN_DONE ret=-116 len=0 fail=1 pre=0 q=0 rx_us=4028 complete=15
DBG_ANCHOR_CH5_SCAN_RESCHED ret=1 delay=380
DBG_ANCHOR_CH5_SCAN_HANDLER role=2
DBG_DWM_INVALIDATE tag=configure_radio_from_reset active_phy=2 configured=1 awake=0
DBG_DWM_MARK_UNCONFIGURED tag=initialise_radio prev_phy=0
DBG_DWM_CH5_RX_HUNT_START acq=3 complete=15 cap=1021
DBG_DWM_CH5_RX_HUNT_EMPTY ret=-116 status=0x00000000 acq=3
DBG_ANCHOR_CH5_SCAN_RESCHED ret=1 delay=380
DBG_ANCHOR_CH5_SCAN_HANDLER role=2
DBG_DWM_INVALIDATE tag=configure_radio_from_reset active_phy=2 configured=1 awake=0
DBG_DWM_MARK_UNCONFIGURED tag=initialise_radio prev_phy=0
DBG_DWM_CH5_RX_HUNT_START acq=3 complete=15 cap=1021
DBG_DWM_CH5_RX_HUNT_EMPTY ret=-116 status=0x00000000 acq=3
DBG_ANCHOR_CH5_SCAN_RESCHED ret=1 delay=380
DBG_ANCHOR_CH5_SCAN_HANDLER role=2
DBG_ANCHOR_CH5_SCAN_ARM now=2194718 win=3 complete=15 interval=380 wait=0 tx=0 response=0
DBG_DWM_INVALIDATE tag=configure_radio_from_reset active_phy=2 configured=1 awake=0
DBG_DWM_MARK_UNCONFIGURED tag=initialise_radio prev_phy=0
DBG_DWM_CH5_RX_HUNT_START acq=3 complete=15 cap=1021
DBG_DWM_CH5_RX_HUNT_EMPTY ret=-116 status=0x00000000 acq=3
DBG_ANCHOR_CH5_SCAN_DONE ret=-116 len=0 fail=1 pre=0 q=0 rx_us=4028 complete=15
DBG_ANCHOR_CH5_SCAN_RESCHED ret=1 delay=380
DBG_ANCHOR_CH5_SCAN_HANDLER role=2
DBG_DWM_INVALIDATE tag=configure_radio_from_reset active_phy=2 configured=1 awake=0
DBG_DWM_MARK_UNCONFIGURED tag=initialise_radio prev_phy=0
DBG_DWM_CH5_RX_HUNT_START acq=3 complete=15 cap=1021
DBG_DWM_CH5_RX_HUNT_EMPTY ret=-116 status=0x00000000 acq=3
DBG_ANCHOR_CH5_SCAN_RESCHED ret=1 delay=380
DBG_ANCHOR_CH5_SCAN_HANDLER role=2
DBG_DWM_INVALIDATE tag=configure_radio_from_reset active_phy=2 configured=1 awake=0
DBG_DWM_MARK_UNCONFIGURED tag=initialise_radio prev_phy=0
DBG_DWM_CH5_RX_HUNT_START acq=3 complete=15 cap=1021
DBG_DWM_CH5_RX_HUNT_EMPTY ret=-116 status=0x00000000 acq=3
DBG_ANCHOR_CH5_SCAN_RESCHED ret=1 delay=380
DBG_ANCHOR_CH5_SCAN_HANDLER role=2
DBG_ANCHOR_CH5_SCAN_ARM now=2195938 win=3 complete=15 interval=380 wait=0 tx=0 response=0
DBG_DWM_INVALIDATE tag=configure_radio_from_reset active_phy=2 configured=1 awake=0
DBG_DWM_MARK_UNCONFIGURED tag=initialise_radio prev_phy=0
DBG_DWM_CH5_RX_HUNT_START acq=3 complete=15 cap=1021
DBG_DWM_CH5_RX_HUNT_EMPTY ret=-116 status=0x00000000 acq=3
DBG_ANCHOR_CH5_SCAN_DONE ret=-116 len=0 fail=1 pre=0 q=0 rx_us=4028 complete=15
DBG_ANCHOR_CH5_SCAN_RESCHED ret=1 delay=380
DBG_ANCHOR_CH5_SCAN_HANDLER role=2
DBG_DWM_INVALIDATE tag=configure_radio_from_reset active_phy=2 configured=1 awake=0
DBG_DWM_MARK_UNCONFIGURED tag=initialise_radio prev_phy=0
DBG_DWM_CH5_RX_HUNT_START acq=3 complete=15 cap=1021
DBG_DWM_CH5_RX_HUNT_EMPTY ret=-116 status=0x00000000 acq=3
DBG_ANCHOR_CH5_SCAN_RESCHED ret=1 delay=380
DBG_ANCHOR_CH5_SCAN_HANDLER role=2
DBG_DWM_INVALIDATE tag=configure_radio_from_reset active_phy=2 configured=1 awake=0
DBG_DWM_MARK_UNCONFIGURED tag=initialise_radio prev_phy=0
DBG_DWM_CH5_RX_HUNT_START acq=3 complete=15 cap=1021
DBG_DWM_CH5_RX_HUNT_EMPTY ret=-116 status=0x00000000 acq=3
DBG_ANCHOR_CH5_SCAN_RESCHED ret=1 delay=380
DBG_ANCHOR_CH5_SCAN_HANDLER role=2
DBG_ANCHOR_CH5_SCAN_ARM now=2197158 win=3 complete=15 interval=380 wait=0 tx=0 response=0
DBG_DWM_INVALIDATE tag=configure_radio_from_reset active_phy=2 configured=1 awake=0
DBG_DWM_MARK_UNCONFIGURED tag=initialise_radio prev_phy=0
DBG_DWM_CH5_RX_HUNT_START acq=3 complete=15 cap=1021
DBG_DWM_CH5_RX_HUNT_EMPTY ret=-116 status=0x00000000 acq=3
DBG_ANCHOR_CH5_SCAN_DONE ret=-116 len=0 fail=1 pre=0 q=0 rx_us=3448 complete=15
DBG_ANCHOR_CH5_SCAN_RESCHED ret=1 delay=380
DBG_ANCHOR_CH5_SCAN_HANDLER role=2
DBG_DWM_INVALIDATE tag=configure_radio_from_reset active_phy=2 configured=1 awake=0
DBG_DWM_MARK_UNCONFIGURED tag=initialise_radio prev_phy=0
DBG_DWM_CH5_RX_HUNT_START acq=3 complete=15 cap=1021
DBG_DWM_CH5_RX_HUNT_EMPTY ret=-116 status=0x00000000 acq=3
DBG_ANCHOR_CH5_SCAN_RESCHED ret=1 delay=380
DBG_ANCHOR_CH5_SCAN_HANDLER role=2
DBG_DWM_INVALIDATE tag=configure_radio_from_reset active_phy=2 configured=1 awake=0
DBG_DWM_MARK_UNCONFIGURED tag=initialise_radio prev_phy=0
DBG_DWM_CH5_RX_HUNT_START acq=3 complete=15 cap=1021
DBG_DWM_CH5_RX_HUNT_EMPTY ret=-116 status=0x00000000 acq=3
DBG_ANCHOR_CH5_SCAN_RESCHED ret=1 delay=380
DBG_ANCHOR_CH5_SCAN_HANDLER role=2
DBG_ANCHOR_CH5_SCAN_ARM now=2198378 win=3 complete=15 interval=380 wait=0 tx=0 response=0
DBG_DWM_INVALIDATE tag=configure_radio_from_reset active_phy=2 configured=1 awake=0
DBG_DWM_MARK_UNCONFIGURED tag=initialise_radio prev_phy=0
DBG_DWM_CH5_RX_HUNT_START acq=3 complete=15 cap=1021
DBG_DWM_CH5_RX_ACTIVITY_EXTEND ret=0 status=0x00000100 complete=15
DBG_DWM_CH5_RX_ACTIVITY_WAIT status=0x00000100 remain=15
DBG_DWM_CH5_RX_ACTIVITY_DONE raw=51 payload=49 status=0x00006f00 rearm=0 extended=1
DBG_ANCHOR_CH5_SCAN_DONE ret=0 len=49 fail=0 pre=1 q=100 rx_us=4943 complete=15
DBG_UWB_RX_CH5
DBG_ANCHOR_CH5_FRAME len=49 q=100 wake_ret=0
DBG_ANCHOR_ROUTE_WAKE_DISPATCH src=0x9999888877776666 evt=104571 attempt=1 flags=0x93 len=49 q=100
DBG_C5_CONTACT phase=closing state=4 peer=0x56da25fe4af6d141 purpose=gateway_command_flood reason=replace
DBG_C5_CONTACT phase=open state=2 peer=0x9999888877776666 purpose=route_solicit reason=wake-claim
DBG_C5_CONTACT phase=accepted state=2 peer=0x9999888877776666 purpose=route_solicit reason=wake-claim
DBG_ANCHOR_ROUTE_WAKE_HANDOFF src=0x9999888877776666 evt=104571 attempt=1 flags=0x93 embedded=0 listen=2000
DBG_C5_CONTACT phase=closing state=4 peer=0x9999888877776666 purpose=route_solicit reason=replace
DBG_DWM_MARK_UNCONFIGURED tag=initialise_radio prev_phy=0
DBG_DWM_WAKE_MESH_CTRL_OK sfd=4073
DBG_ROUTE_REPLY_LISTEN_CONFIG ret=0 ext=1
DBG_C5_CONTROL_LISTENER_HOLD_EXTENDED
DBG_C5_RX_FAIL status=0x00001700 finfo=0x00000000 fail=4 phy=4 ch=5 plen=3 pac=2 txc=9 rxc=9 sfd=2 rate=0 phr=1 phrr=0 sfdto=4
DBG_C5_CONTROL_LISTENER_HOLD_EXTENDED
DBG_C5_CONTROL_LISTENER_HOLD_EXTENDED
DBG_C5_CONTROL_LISTENER_HOLD_EXTENDED
DBG_C5_CONTROL_LISTENER_HOLD_EXTENDED
DBG_C5_CONTROL_LISTENER_HOLD_EXTENDED
DBG_C5_CONTROL_LISTENER_HOLD_EXTENDED
DBG_C5_CONTROL_LISTENER_HOLD_EXTENDED
DBG_C5_CONTROL_LISTENER_HOLD_EXTENDED
DBG_C5_CONTROL_LISTENER_HOLD_EXTENDED
DBG_C5_CONTROL_LISTENER_HOLD_EXTENDED
DBG_C5_CONTROL_LISTENER_HOLD_EXTENDED
DBG_C5_CONTROL_LISTENER_HOLD_EXTENDED
DBG_C5_CONTROL_LISTENER_HOLD_EXTENDED
DBG_C5_CONTROL_LISTENER_HOLD_EXTENDED
DBG_C5_CONTROL_LISTENER_HOLD_EXTENDED
DBG_C5_CONTROL_LISTENER_HOLD_EXTENDED
DBG_C5_CONTROL_LISTENER_HOLD_EXTENDED
DBG_C5_CONTROL_LISTENER_HOLD_EXTENDED
DBG_C5_CONTROL_LISTENER_HOLD_EXTENDED
DBG_C5_CONTROL_LISTENER_HOLD_EXTENDED
DBG_C5_CONTROL_LISTENER_HOLD_EXTENDED
DBG_C5_CONTROL_LISTENER_HOLD_EXTENDED
DBG_C5_CONTROL_LISTENER_HOLD_EXTENDED
DBG_C5_CONTROL_LISTENER_HOLD_EXTENDED
DBG_C5_CONTROL_LISTENER_HOLD_EXTENDED
DBG_C5_CONTROL_LISTENER_HOLD_EXTENDED
DBG_C5_CONTROL_LISTENER_HOLD_EXTENDED
DBG_C5_CONTROL_LISTENER_HOLD_EXTENDED
DBG_C5_CONTROL_LISTENER_HOLD_EXTENDED
DBG_C5_CONTROL_LISTENER_HOLD_EXTENDED
DBG_C5_CONTROL_LISTENER_HOLD_EXTENDED
DBG_C5_CONTROL_LISTENER_HOLD_EXTENDED
DBG_C5_CONTROL_LISTENER_HOLD_EXTENDED
DBG_C5_CONTROL_LISTENER_HOLD_EXTENDED
DBG_C5_CONTROL_LISTENER_HOLD_EXTENDED
DBG_C5_CONTROL_LISTENER_HOLD_EXTENDED
DBG_C5_CONTROL_LISTENER_HOLD_EXTENDED
DBG_C5_CONTROL_LISTENER_HOLD_EXTENDED
DBG_C5_CONTROL_LISTENER_HOLD_EXTENDED
DBG_C5_CONTROL_LISTENER_HOLD_EXTENDED
DBG_C5_CONTROL_LISTENER_HOLD_EXTENDED
DBG_ROUTE_REPLY_RX_FRAME
DBG_GATEWAY_ROUTE_ADV_RX
DBG_UWB_RX_CH5
DBG_MESH_RX_QUEUED ch=5 msg=0x3c src=0x9999888877776666 dst=0x0 prev=0x9999888877776666 seq=18 q=1
DBG_ROUTE_ADV_QUEUED q=1 prev=0x9999888877776666 seq=18
DBG_MESH_RX_DEFERRED q=1 msg=0x3c
DBG_C5_GATEWAY_OPERATION_RETAINED msg=0x3c seq=18 click_waiting=0
DBG_COORD state=mesh-rx owner=uwb-rx reason=mesh-rx rx=1 tx=0 relay=0 route=0 ack=0 qack=0
DBG_ANCHOR_MESH_RX_YIELD reason=anchor-low-duty-ch5-owner ch9=0 delay=0 scan_int=380 scan_win=3 wait=0 q=1
DBG_MESH_RX_WORK_WAIT q=1
DBG_MESH_RX_WORK_ENTER q=1
DBG_MESH_RX_DRAIN_ENTER owner=work q=1
DBG_RX_HANDLE msg=0x3c act=0x20040000 st=0 q=0 sel=1 next=0x9999888877776666 hop=0
DBG_C5_CONTACT phase=closing state=4 peer=0x9999888877776666 purpose=gateway_command_flood reason=replace
DBG_C5_CONTACT phase=open state=2 peer=0x9999888877776666 purpose=route_contact_refresh reason=c5-control-rx
DBG_C5_CONTACT phase=accepted state=2 peer=0x9999888877776666 purpose=route_contact_refresh reason=c5-control-rx
DBG_ANCHOR_CH5_SCAN_HANDLER role=2
DBG_DWM_INVALIDATE tag=configure_radio_from_reset active_phy=4 configured=1 awake=0
DBG_DWM_MARK_UNCONFIGURED tag=initialise_radio prev_phy=0
DBG_DWM_CH5_RX_HUNT_START acq=3 complete=15 cap=1021
DBG_DWM_CH5_RX_HUNT_EMPTY ret=-116 status=0x00000000 acq=3
DBG_ANCHOR_CH5_SCAN_RESCHED ret=1 delay=380
DBG_ANCHOR_CH5_SCAN_HANDLER role=2
DBG_ANCHOR_CH5_SCAN_ARM now=2199596 win=3 complete=15 interval=380 wait=0 tx=0 response=0
DBG_DWM_INVALIDATE tag=configure_radio_from_reset active_phy=2 configured=1 awake=0
DBG_DWM_MARK_UNCONFIGURED tag=initialise_radio prev_phy=0
DBG_DWM_CH5_RX_HUNT_START acq=3 complete=15 cap=1021
DBG_DWM_CH5_RX_HUNT_EMPTY ret=-116 status=0x00000000 acq=3
DBG_ANCHOR_CH5_SCAN_DONE ret=-116 len=0 fail=1 pre=0 q=0 rx_us=3387 complete=15
DBG_ANCHOR_CH5_SCAN_RESCHED ret=1 delay=380
DBG_ANCHOR_CH5_SCAN_HANDLER role=2
DBG_DWM_INVALIDATE tag=configure_radio_from_reset active_phy=2 configured=1 awake=0
DBG_DWM_MARK_UNCONFIGURED tag=initialise_radio prev_phy=0
DBG_DWM_CH5_RX_HUNT_START acq=3 complete=15 cap=1021
DBG_DWM_CH5_RX_HUNT_EMPTY ret=-116 status=0x00000000 acq=3
DBG_ANCHOR_CH5_SCAN_RESCHED ret=1 delay=380
DBG_ANCHOR_CH5_SCAN_HANDLER role=2
DBG_DWM_INVALIDATE tag=configure_radio_from_reset active_phy=2 configured=1 awake=0
DBG_DWM_MARK_UNCONFIGURED tag=initialise_radio prev_phy=0
DBG_DWM_CH5_RX_HUNT_START acq=3 complete=15 cap=1021
DBG_DWM_CH5_RX_HUNT_EMPTY ret=-116 status=0x00000000 acq=3
DBG_ANCHOR_CH5_SCAN_RESCHED ret=1 delay=380
DBG_ANCHOR_CH5_SCAN_HANDLER role=2
DBG_ANCHOR_CH5_SCAN_ARM now=2200814 win=3 complete=15 interval=380 wait=0 tx=0 response=0
DBG_DWM_INVALIDATE tag=configure_radio_from_reset active_phy=2 configured=1 awake=0
DBG_DWM_MARK_UNCONFIGURED tag=initialise_radio prev_phy=0
DBG_DWM_CH5_RX_HUNT_START acq=3 complete=15 cap=1021
DBG_DWM_CH5_RX_ACTIVITY_EXTEND ret=0 status=0x00001700 complete=15
DBG_DWM_CH5_RX_ACTIVITY_REARM status=0x00001700 fail=4 remain=15 rearm=1
DBG_DWM_CH5_RX_ACTIVITY_FAIL ret=-116 status=0x00000000 last=0x00000000 fail=4 activity=1 rearm=1
DBG_ANCHOR_CH5_SCAN_DONE ret=-5 len=0 fail=4 pre=1 q=0 rx_us=17547 complete=15
DBG_ANCHOR_CH5_ACTIVITY_COOLDOWN ret=-5 fail=4 reason=crc_failure rx_us=17547 cooldown=100
DBG_ANCHOR_CH5_SCAN_RESCHED ret=1 delay=100
DBG_ANCHOR_CH5_SCAN_HANDLER role=2
DBG_DWM_INVALIDATE tag=configure_radio_from_reset active_phy=2 configured=1 awake=0
DBG_DWM_MARK_UNCONFIGURED tag=initialise_radio prev_phy=0
DBG_DWM_CH5_RX_HUNT_START acq=3 complete=15 cap=1021
DBG_DWM_CH5_RX_HUNT_EMPTY ret=-116 status=0x00000000 acq=3
DBG_ANCHOR_CH5_SCAN_RESCHED ret=1 delay=380
DBG_ANCHOR_CH5_SCAN_HANDLER role=2
DBG_DWM_INVALIDATE tag=configure_radio_from_reset active_phy=2 configured=1 awake=0
DBG_DWM_MARK_UNCONFIGURED tag=initialise_radio prev_phy=0
DBG_DWM_CH5_RX_HUNT_START acq=3 complete=15 cap=1021
DBG_DWM_CH5_RX_HUNT_EMPTY ret=-116 status=0x00000000 acq=3
DBG_ANCHOR_CH5_SCAN_RESCHED ret=1 delay=380
DBG_ANCHOR_CH5_SCAN_HANDLER role=2
DBG_DWM_INVALIDATE tag=configure_radio_from_reset active_phy=2 configured=1 awake=0
DBG_DWM_MARK_UNCONFIGURED tag=initialise_radio prev_phy=0
DBG_DWM_CH5_RX_HUNT_START acq=3 complete=15 cap=1021
DBG_DWM_CH5_RX_HUNT_EMPTY ret=-116 status=0x00000000 acq=3
DBG_ANCHOR_CH5_SCAN_RESCHED ret=1 delay=380
DBG_ANCHOR_CH5_SCAN_HANDLER role=2
DBG_ANCHOR_CH5_SCAN_ARM now=2202172 win=3 complete=15 interval=380 wait=0 tx=0 response=0
DBG_DWM_INVALIDATE tag=configure_radio_from_reset active_phy=2 configured=1 awake=0
DBG_DWM_MARK_UNCONFIGURED tag=initialise_radio prev_phy=0
DBG_ROUTE_ADV_FORWARD_DONE ret=-11 seq=18
DBG_MESH_RX_DRAIN_EXIT owner=work handled=1 q=0
DBG_MESH_RX_WORK_EXIT handled=1 q=0
DBG_DWM_CH5_RX_HUNT_START acq=3 complete=15 cap=1021
DBG_DWM_CH5_RX_HUNT_EMPTY ret=-116 status=0x00000000 acq=3
DBG_ANCHOR_CH5_SCAN_DONE ret=-116 len=0 fail=1 pre=0 q=0 rx_us=3814 complete=15
DBG_ANCHOR_CH5_SCAN_RESCHED ret=1 delay=380
DBG_WAKE_TRAIN_GUARD_OK
DBG_DWM_INVALIDATE tag=configure_radio_from_reset active_phy=2 configured=1 awake=0
DBG_DWM_MARK_UNCONFIGURED tag=initialise_radio prev_phy=0
DBG_WAKE_TRAIN_CONFIG_BEGIN
DBG_DWM_INVALIDATE tag=configure_radio_from_reset active_phy=2 configured=1 awake=0
DBG_DWM_MARK_UNCONFIGURED tag=initialise_radio prev_phy=0
DBG_WAKE_TRAIN_CONFIG_OK
DBG_WAKE_TRAIN_FIRST_SEND_BEGIN
DBG_WAKE_TRAIN_FIRST_SEND_OK
DBG_UWB_TX_CH5
DBG_TX_WAKE_CLAIM_SENT
DBG_UWB_TX_CH5
DBG_TX_WAKE_CLAIM_SENT
DBG_UWB_TX_CH5
DBG_TX_WAKE_CLAIM_SENT
DBG_UWB_TX_CH5
DBG_TX_WAKE_CLAIM_SENT
DBG_DWM_CH5_RX_HUNT_START acq=3 complete=15 cap=125
DBG_DWM_CH5_RX_HUNT_EMPTY ret=-116 status=0x00000000 acq=3
DBG_UWB_TX_CH5
DBG_TX_WAKE_CLAIM_SENT
DBG_UWB_TX_CH5
DBG_TX_WAKE_CLAIM_SENT
DBG_UWB_TX_CH5
DBG_TX_WAKE_CLAIM_SENT
DBG_DWM_CH5_RX_HUNT_START acq=3 complete=15 cap=125
DBG_DWM_CH5_RX_HUNT_EMPTY ret=-116 status=0x00000000 acq=3
DBG_UWB_TX_CH5
DBG_TX_WAKE_CLAIM_SENT
DBG_UWB_TX_CH5
DBG_TX_WAKE_CLAIM_SENT
DBG_UWB_TX_CH5
DBG_TX_WAKE_CLAIM_SENT
DBG_DWM_CH5_RX_HUNT_START acq=3 complete=15 cap=125
DBG_DWM_CH5_RX_HUNT_EMPTY ret=-116 status=0x00000000 acq=3
DBG_UWB_TX_CH5
DBG_TX_WAKE_CLAIM_SENT
DBG_UWB_TX_CH5
DBG_TX_WAKE_CLAIM_SENT
DBG_UWB_TX_CH5
DBG_TX_WAKE_CLAIM_SENT
DBG_DWM_CH5_RX_HUNT_START acq=3 complete=15 cap=125
DBG_DWM_CH5_RX_HUNT_EMPTY ret=-116 status=0x00000000 acq=3
DBG_UWB_TX_CH5
DBG_TX_WAKE_CLAIM_SENT
DBG_UWB_TX_CH5
DBG_TX_WAKE_CLAIM_SENT
DBG_UWB_TX_CH5
DBG_TX_WAKE_CLAIM_SENT
DBG_DWM_CH5_RX_HUNT_START acq=3 complete=15 cap=125
DBG_DWM_CH5_RX_HUNT_EMPTY ret=-116 status=0x00000000 acq=3
DBG_UWB_TX_CH5
DBG_TX_WAKE_CLAIM_SENT
DBG_UWB_TX_CH5
DBG_TX_WAKE_CLAIM_SENT
DBG_UWB_TX_CH5
DBG_TX_WAKE_CLAIM_SENT
DBG_DWM_CH5_RX_HUNT_START acq=3 complete=15 cap=125
DBG_DWM_CH5_RX_HUNT_EMPTY ret=-116 status=0x00000000 acq=3
DBG_UWB_TX_CH5
DBG_TX_WAKE_CLAIM_SENT
DBG_UWB_TX_CH5
DBG_TX_WAKE_CLAIM_SENT
DBG_ANCHOR_CH5_SCAN_HANDLER role=2
DBG_ANCHOR_CH5_SCAN_BLOCKED win=0 survey=0 tx=0 retry_gap=0 wait=0 rx=0 rxq=0 rxr=0 ack=0 ch9=0 rf=1 retry=20 interval=380
DBG_DWM_CH5_RX_HUNT_START acq=3 complete=15 cap=125
DBG_ANCHOR_CH5_SCAN_RESCHED ret=1 delay=20
DBG_DWM_CH5_RX_HUNT_EMPTY ret=-116 status=0x00000000 acq=3
DBG_UWB_TX_CH5
DBG_TX_WAKE_CLAIM_SENT
DBG_UWB_TX_CH5
DBG_TX_WAKE_CLAIM_SENT
DBG_ANCHOR_CH5_SCAN_HANDLER role=2
DBG_UWB_TX_CH5
DBG_TX_WAKE_CLAIM_SENT
DBG_DWM_CH5_RX_HUNT_START acq=3 complete=15 cap=125
DBG_ANCHOR_CH5_SCAN_BLOCKED win=0 survey=0 tx=0 retry_gap=0 wait=0 rx=0 rxq=0 rxr=0 ack=0 ch9=0 rf=1 retry=20 interval=380
DBG_DWM_CH5_RX_HUNT_EMPTY ret=-116 status=0x00000000 acq=3
DBG_ANCHOR_CH5_SCAN_RESCHED ret=1 delay=20
DBG_UWB_TX_CH5
DBG_TX_WAKE_CLAIM_SENT
DBG_UWB_TX_CH5
DBG_TX_WAKE_CLAIM_SENT
DBG_UWB_TX_CH5
DBG_TX_WAKE_CLAIM_SENT
DBG_DWM_CH5_RX_HUNT_START acq=3 complete=15 cap=125
DBG_ANCHOR_CH5_SCAN_HANDLER role=2
DBG_DWM_CH5_RX_HUNT_EMPTY ret=-116 status=0x00000000 acq=3
DBG_ANCHOR_CH5_SCAN_BLOCKED win=0 survey=0 tx=0 retry_gap=0 wait=0 rx=0 rxq=0 rxr=0 ack=0 ch9=0 rf=1 retry=20 interval=380
DBG_ANCHOR_CH5_SCAN_RESCHED ret=1 delay=20
DBG_UWB_TX_CH5
DBG_TX_WAKE_CLAIM_SENT
DBG_UWB_TX_CH5
DBG_TX_WAKE_CLAIM_SENT
DBG_UWB_TX_CH5
DBG_TX_WAKE_CLAIM_SENT
DBG_DWM_CH5_RX_HUNT_START acq=3 complete=15 cap=125
DBG_ANCHOR_CH5_SCAN_HANDLER role=2
DBG_DWM_CH5_RX_HUNT_EMPTY ret=-116 status=0x00000000 acq=3
DBG_ANCHOR_CH5_SCAN_BLOCKED win=0 survey=0 tx=0 retry_gap=0 wait=0 rx=0 rxq=0 rxr=0 ack=0 ch9=0 rf=1 retry=20 interval=380
DBG_ANCHOR_CH5_SCAN_RESCHED ret=1 delay=20
DBG_UWB_TX_CH5
DBG_TX_WAKE_CLAIM_SENT
DBG_UWB_TX_CH5
DBG_TX_WAKE_CLAIM_SENT
DBG_UWB_TX_CH5
DBG_TX_WAKE_CLAIM_SENT
DBG_DWM_CH5_RX_HUNT_START acq=3 complete=15 cap=125
DBG_ANCHOR_CH5_SCAN_HANDLER role=2
DBG_DWM_CH5_RX_HUNT_EMPTY ret=-116 status=0x00000000 acq=3
DBG_ANCHOR_CH5_SCAN_BLOCKED win=0 survey=0 tx=0 retry_gap=0 wait=0 rx=0 rxq=0 rxr=0 ack=0 ch9=0 rf=1 retry=20 interval=380
DBG_ANCHOR_CH5_SCAN_RESCHED ret=1 delay=20
DBG_UWB_TX_CH5
DBG_TX_WAKE_CLAIM_SENT
DBG_UWB_TX_CH5
DBG_TX_WAKE_CLAIM_SENT
DBG_UWB_TX_CH5
DBG_TX_WAKE_CLAIM_SENT
DBG_DWM_CH5_RX_HUNT_START acq=3 complete=15 cap=125
DBG_ANCHOR_CH5_SCAN_HANDLER role=2
DBG_DWM_CH5_RX_HUNT_EMPTY ret=-116 status=0x00000000 acq=3
DBG_ANCHOR_CH5_SCAN_BLOCKED win=0 survey=0 tx=0 retry_gap=0 wait=0 rx=0 rxq=0 rxr=0 ack=0 ch9=0 rf=1 retry=20 interval=380
DBG_ANCHOR_CH5_SCAN_RESCHED ret=1 delay=20
DBG_UWB_TX_CH5
DBG_TX_WAKE_CLAIM_SENT
DBG_UWB_TX_CH5
DBG_TX_WAKE_CLAIM_SENT
DBG_UWB_TX_CH5
DBG_TX_WAKE_CLAIM_SENT
DBG_DWM_CH5_RX_HUNT_START acq=3 complete=15 cap=125
DBG_ANCHOR_CH5_SCAN_HANDLER role=2
DBG_DWM_CH5_RX_HUNT_EMPTY ret=-116 status=0x00000000 acq=3
DBG_ANCHOR_CH5_SCAN_BLOCKED win=0 survey=0 tx=0 retry_gap=0 wait=0 rx=0 rxq=0 rxr=0 ack=0 ch9=0 rf=1 retry=20 interval=380
DBG_ANCHOR_CH5_SCAN_RESCHED ret=1 delay=20
DBG_UWB_TX_CH5
DBG_TX_WAKE_CLAIM_SENT
DBG_UWB_TX_CH5
DBG_TX_WAKE_CLAIM_SENT
DBG_UWB_TX_CH5
DBG_TX_WAKE_CLAIM_SENT
DBG_DWM_CH5_RX_HUNT_START acq=3 complete=15 cap=125
DBG_ANCHOR_CH5_SCAN_HANDLER role=2
DBG_DWM_CH5_RX_HUNT_EMPTY ret=-116 status=0x00000000 acq=3
DBG_ANCHOR_CH5_SCAN_BLOCKED win=0 survey=0 tx=0 retry_gap=0 wait=0 rx=0 rxq=0 rxr=0 ack=0 ch9=0 rf=1 retry=20 interval=380
DBG_ANCHOR_CH5_SCAN_RESCHED ret=1 delay=20
DBG_UWB_TX_CH5
DBG_TX_WAKE_CLAIM_SENT
DBG_UWB_TX_CH5
DBG_TX_WAKE_CLAIM_SENT
DBG_UWB_TX_CH5
DBG_TX_WAKE_CLAIM_SENT
DBG_DWM_CH5_RX_HUNT_START acq=3 complete=15 cap=125
DBG_ANCHOR_CH5_SCAN_HANDLER role=2
DBG_DWM_CH5_RX_HUNT_EMPTY ret=-116 status=0x00000000 acq=3
DBG_ANCHOR_CH5_SCAN_BLOCKED win=0 survey=0 tx=0 retry_gap=0 wait=0 rx=0 rxq=0 rxr=0 ack=0 ch9=0 rf=1 retry=20 interval=380
DBG_ANCHOR_CH5_SCAN_RESCHED ret=1 delay=20
DBG_UWB_TX_CH5
DBG_TX_WAKE_CLAIM_SENT
DBG_UWB_TX_CH5
DBG_TX_WAKE_CLAIM_SENT
DBG_UWB_TX_CH5
DBG_TX_WAKE_CLAIM_SENT
DBG_DWM_CH5_RX_HUNT_START acq=3 complete=15 cap=125
DBG_ANCHOR_CH5_SCAN_HANDLER role=2
DBG_DWM_CH5_RX_HUNT_EMPTY ret=-116 status=0x00000000 acq=3
DBG_ANCHOR_CH5_SCAN_BLOCKED win=0 survey=0 tx=0 retry_gap=0 wait=0 rx=0 rxq=0 rxr=0 ack=0 ch9=0 rf=1 retry=20 interval=380
DBG_ANCHOR_CH5_SCAN_RESCHED ret=1 delay=20
DBG_UWB_TX_CH5
DBG_TX_WAKE_CLAIM_SENT
DBG_UWB_TX_CH5
DBG_TX_WAKE_CLAIM_SENT
DBG_UWB_TX_CH5
DBG_TX_WAKE_CLAIM_SENT
DBG_DWM_CH5_RX_HUNT_START acq=3 complete=15 cap=125
DBG_ANCHOR_CH5_SCAN_HANDLER role=2
DBG_DWM_CH5_RX_HUNT_EMPTY ret=-116 status=0x00000000 acq=3
DBG_ANCHOR_CH5_SCAN_BLOCKED win=0 survey=0 tx=0 retry_gap=0 wait=0 rx=0 rxq=0 rxr=0 ack=0 ch9=0 rf=1 retry=20 interval=380
DBG_ANCHOR_CH5_SCAN_RESCHED ret=1 delay=20
DBG_UWB_TX_CH5
DBG_TX_WAKE_CLAIM_SENT
DBG_DWM_INVALIDATE tag=configure_radio_from_reset active_phy=2 configured=1 awake=1
DBG_ANCHOR_CH5_SCAN_HANDLER role=2
DBG_ANCHOR_CH5_SCAN_BLOCKED win=0 survey=0 tx=0 retry_gap=0 wait=0 rx=0 rxq=0 rxr=0 ack=0 ch9=0 rf=1 retry=20 interval=380
DBG_ANCHOR_CH5_SCAN_RESCHED ret=1 delay=20
DBG_ANCHOR_CH5_SCAN_HANDLER role=2
DBG_C5_CONTROL_FOLLOWUP_TURNAROUND delay=60 msg=3c reason=gateway-route-adv-forward
DBG_DWM_INVALIDATE tag=configure_radio_from_reset active_phy=2 configured=1 awake=0
DBG_DWM_MARK_UNCONFIGURED tag=initialise_radio prev_phy=0
DBG_DWM_CH5_RX_HUNT_START acq=3 complete=15 cap=1021
DBG_DWM_CH5_RX_HUNT_EMPTY ret=-116 status=0x00000000 acq=3
DBG_ANCHOR_CH5_SCAN_RESCHED ret=1 delay=380
DBG_DWM_INVALIDATE tag=configure_radio_from_reset active_phy=2 configured=1 awake=0
DBG_DWM_MARK_UNCONFIGURED tag=initialise_radio prev_phy=0
DBG_DWM_INVALIDATE tag=configure_radio_from_reset active_phy=2 configured=1 awake=0
DBG_DWM_MARK_UNCONFIGURED tag=initialise_radio prev_phy=0
DBG_DWM_WAKE_MESH_CTRL_OK sfd=4073
DBG_C5_TX_CONFIG ret=0 ext=1 len=186 msg=3c reason=bounded-c5-flood
DBG_UWB_TX_CH5
DBG_DWM_INVALIDATE tag=configure_radio_from_reset active_phy=4 configured=1 awake=0
DBG_DWM_MARK_UNCONFIGURED tag=initialise_radio prev_phy=0
DBG_DWM_WAKE_MESH_CTRL_OK sfd=4073
DBG_DWM_INVALIDATE tag=configure_radio_from_reset active_phy=4 configured=1 awake=0
DBG_DWM_MARK_UNCONFIGURED tag=initialise_radio prev_phy=0
DBG_DWM_INVALIDATE tag=configure_radio_from_reset active_phy=2 configured=1 awake=0
DBG_DWM_MARK_UNCONFIGURED tag=initialise_radio prev_phy=0
DBG_DWM_WAKE_MESH_CTRL_OK sfd=4073
DBG_C5_TX_CONFIG ret=0 ext=1 len=186 msg=3c reason=bounded-c5-flood
DBG_UWB_TX_CH5
DBG_DWM_INVALIDATE tag=configure_radio_from_reset active_phy=4 configured=1 awake=0
DBG_DWM_MARK_UNCONFIGURED tag=initialise_radio prev_phy=0
DBG_DWM_WAKE_MESH_CTRL_OK sfd=4073
DBG_DWM_INVALIDATE tag=configure_radio_from_reset active_phy=4 configured=1 awake=0
DBG_DWM_MARK_UNCONFIGURED tag=initialise_radio prev_phy=0
DBG_DWM_INVALIDATE tag=configure_radio_from_reset active_phy=2 configured=1 awake=0
DBG_DWM_MARK_UNCONFIGURED tag=initialise_radio prev_phy=0
DBG_DWM_WAKE_MESH_CTRL_OK sfd=4073
DBG_C5_TX_CONFIG ret=0 ext=1 len=186 msg=3c reason=bounded-c5-flood
DBG_UWB_TX_CH5
DBG_DWM_INVALIDATE tag=configure_radio_from_reset active_phy=4 configured=1 awake=0
DBG_DWM_MARK_UNCONFIGURED tag=initialise_radio prev_phy=0
DBG_DWM_WAKE_MESH_CTRL_OK sfd=4073
DBG_ANCHOR_CH5_SCAN_HANDLER role=2
DBG_ANCHOR_CH5_SCAN_BLOCKED win=0 survey=0 tx=0 retry_gap=0 wait=0 rx=0 rxq=0 rxr=0 ack=0 ch9=0 rf=1 retry=20 interval=380
DBG_ANCHOR_CH5_SCAN_RESCHED ret=1 delay=20
DBG_DWM_MARK_UNCONFIGURED tag=initialise_radio prev_phy=0
DBG_ANCHOR_CH5_SCAN_HANDLER role=2
DBG_DWM_INVALIDATE tag=configure_radio_from_reset active_phy=2 configured=1 awake=0
DBG_ANCHOR_CH5_SCAN_BLOCKED win=0 survey=0 tx=0 retry_gap=0 wait=0 rx=0 rxq=0 rxr=0 ack=0 ch9=0 rf=1 retry=20 interval=380
DBG_ANCHOR_CH5_SCAN_RESCHED ret=1 delay=20
DBG_DWM_MARK_UNCONFIGURED tag=initialise_radio prev_phy=0
DBG_DWM_WAKE_MESH_CTRL_OK sfd=4073
DBG_C5_TX_CONFIG ret=0 ext=1 len=186 msg=3c reason=bounded-c5-flood
DBG_ANCHOR_CH5_SCAN_HANDLER role=2
DBG_ANCHOR_CH5_SCAN_BLOCKED win=0 survey=0 tx=0 retry_gap=0 wait=0 rx=0 rxq=0 rxr=0 ack=0 ch9=0 rf=1 retry=20 interval=380
DBG_ANCHOR_CH5_SCAN_RESCHED ret=1 delay=20
DBG_UWB_TX_CH5
DBG_WAKE_TRAIN_GUARD_OK
DBG_DWM_INVALIDATE tag=configure_radio_from_reset active_phy=4 configured=1 awake=0
DBG_ANCHOR_CH5_SCAN_HANDLER role=2
DBG_ANCHOR_CH5_SCAN_BLOCKED win=0 survey=0 tx=0 retry_gap=0 wait=0 rx=0 rxq=0 rxr=0 ack=0 ch9=0 rf=1 retry=20 interval=380
DBG_ANCHOR_CH5_SCAN_RESCHED ret=1 delay=20
DBG_DWM_MARK_UNCONFIGURED tag=initialise_radio prev_phy=0
DBG_ANCHOR_CH5_SCAN_HANDLER role=2
DBG_ANCHOR_CH5_SCAN_BLOCKED win=0 survey=0 tx=0 retry_gap=0 wait=0 rx=0 rxq=0 rxr=0 ack=0 ch9=0 rf=1 retry=20 interval=380
DBG_ANCHOR_CH5_SCAN_RESCHED ret=1 delay=20
DBG_WAKE_TRAIN_CONFIG_BEGIN
DBG_DWM_INVALIDATE tag=configure_radio_from_reset active_phy=2 configured=1 awake=0
DBG_ANCHOR_CH5_SCAN_HANDLER role=2
DBG_ANCHOR_CH5_SCAN_BLOCKED win=0 survey=0 tx=0 retry_gap=0 wait=0 rx=0 rxq=0 rxr=0 ack=0 ch9=0 rf=1 retry=20 interval=380
DBG_WAKE_TRAIN_CONFIG_OK
DBG_WAKE_TRAIN_FIRST_SEND_BEGIN
DBG_ANCHOR_CH5_SCAN_RESCHED ret=1 delay=20
DBG_WAKE_TRAIN_FIRST_SEND_OK
DBG_UWB_TX_CH5
DBG_TX_WAKE_CLAIM_SENT
DBG_UWB_TX_CH5
DBG_TX_WAKE_CLAIM_SENT
DBG_UWB_TX_CH5
DBG_TX_WAKE_CLAIM_SENT
DBG_ANCHOR_CH5_SCAN_HANDLER role=2
DBG_ANCHOR_CH5_SCAN_BLOCKED win=0 survey=0 tx=0 retry_gap=0 wait=0 rx=0 rxq=0 rxr=0 ack=0 ch9=0 rf=1 retry=20 interval=380
DBG_ANCHOR_CH5_SCAN_RESCHED ret=1 delay=20
DBG_UWB_TX_CH5
DBG_TX_WAKE_CLAIM_SENT
DBG_DWM_CH5_RX_HUNT_START acq=3 complete=15 cap=125
DBG_DWM_CH5_RX_HUNT_EMPTY ret=-116 status=0x00000000 acq=3
DBG_UWB_TX_CH5
DBG_TX_WAKE_CLAIM_SENT
DBG_UWB_TX_CH5
DBG_TX_WAKE_CLAIM_SENT
DBG_ANCHOR_CH5_SCAN_HANDLER role=2
DBG_ANCHOR_CH5_SCAN_BLOCKED win=0 survey=0 tx=0 retry_gap=0 wait=0 rx=0 rxq=0 rxr=0 ack=0 ch9=0 rf=1 retry=20 interval=380
DBG_ANCHOR_CH5_SCAN_RESCHED ret=1 delay=20
DBG_UWB_TX_CH5
DBG_TX_WAKE_CLAIM_SENT
DBG_DWM_CH5_RX_HUNT_START acq=3 complete=15 cap=125
DBG_DWM_CH5_RX_HUNT_EMPTY ret=-116 status=0x00000000 acq=3
DBG_UWB_TX_CH5
DBG_TX_WAKE_CLAIM_SENT
DBG_ANCHOR_CH5_SCAN_HANDLER role=2
DBG_UWB_TX_CH5
DBG_TX_WAKE_CLAIM_SENT
DBG_ANCHOR_CH5_SCAN_BLOCKED win=0 survey=0 tx=0 retry_gap=0 wait=0 rx=0 rxq=0 rxr=0 ack=0 ch9=0 rf=1 retry=20 interval=380
DBG_ANCHOR_CH5_SCAN_RESCHED ret=1 delay=20
DBG_UWB_TX_CH5
DBG_TX_WAKE_CLAIM_SENT
DBG_DWM_CH5_RX_HUNT_START acq=3 complete=15 cap=125
DBG_DWM_CH5_RX_HUNT_EMPTY ret=-116 status=0x00000000 acq=3
DBG_UWB_TX_CH5
DBG_TX_WAKE_CLAIM_SENT
DBG_ANCHOR_CH5_SCAN_HANDLER role=2
DBG_UWB_TX_CH5
DBG_TX_WAKE_CLAIM_SENT
DBG_ANCHOR_CH5_SCAN_BLOCKED win=0 survey=0 tx=0 retry_gap=0 wait=0 rx=0 rxq=0 rxr=0 ack=0 ch9=0 rf=1 retry=20 interval=380
DBG_ANCHOR_CH5_SCAN_RESCHED ret=1 delay=20
DBG_UWB_TX_CH5
DBG_TX_WAKE_CLAIM_SENT
DBG_DWM_CH5_RX_HUNT_START acq=3 complete=15 cap=125
DBG_DWM_CH5_RX_HUNT_EMPTY ret=-116 status=0x00000000 acq=3
DBG_UWB_TX_CH5
DBG_TX_WAKE_CLAIM_SENT
DBG_ANCHOR_CH5_SCAN_HANDLER role=2
DBG_UWB_TX_CH5
DBG_TX_WAKE_CLAIM_SENT
DBG_ANCHOR_CH5_SCAN_BLOCKED win=0 survey=0 tx=0 retry_gap=0 wait=0 rx=0 rxq=0 rxr=0 ack=0 ch9=0 rf=1 retry=20 interval=380
DBG_ANCHOR_CH5_SCAN_RESCHED ret=1 delay=20
DBG_UWB_TX_CH5
DBG_TX_WAKE_CLAIM_SENT
DBG_DWM_CH5_RX_HUNT_START acq=3 complete=15 cap=125
DBG_DWM_CH5_RX_HUNT_EMPTY ret=-116 status=0x00000000 acq=3
DBG_UWB_TX_CH5
DBG_TX_WAKE_CLAIM_SENT
DBG_ANCHOR_CH5_SCAN_HANDLER role=2
DBG_UWB_TX_CH5
DBG_TX_WAKE_CLAIM_SENT
DBG_ANCHOR_CH5_SCAN_BLOCKED win=0 survey=0 tx=0 retry_gap=0 wait=0 rx=0 rxq=0 rxr=0 ack=0 ch9=0 rf=1 retry=20 interval=380
DBG_ANCHOR_CH5_SCAN_RESCHED ret=1 delay=20
DBG_UWB_TX_CH5
DBG_TX_WAKE_CLAIM_SENT
DBG_DWM_CH5_RX_HUNT_START acq=3 complete=15 cap=125
DBG_DWM_CH5_RX_HUNT_EMPTY ret=-116 status=0x00000000 acq=3
DBG_UWB_TX_CH5
DBG_TX_WAKE_CLAIM_SENT
DBG_ANCHOR_CH5_SCAN_HANDLER role=2
DBG_UWB_TX_CH5
DBG_TX_WAKE_CLAIM_SENT
DBG_ANCHOR_CH5_SCAN_BLOCKED win=0 survey=0 tx=0 retry_gap=0 wait=0 rx=0 rxq=0 rxr=0 ack=0 ch9=0 rf=1 retry=20 interval=380
DBG_ANCHOR_CH5_SCAN_RESCHED ret=1 delay=20
DBG_UWB_TX_CH5
DBG_TX_WAKE_CLAIM_SENT
DBG_DWM_CH5_RX_HUNT_START acq=3 complete=15 cap=125
DBG_DWM_CH5_RX_HUNT_EMPTY ret=-116 status=0x00000000 acq=3
DBG_UWB_TX_CH5
DBG_TX_WAKE_CLAIM_SENT
DBG_ANCHOR_CH5_SCAN_HANDLER role=2
DBG_UWB_TX_CH5
DBG_TX_WAKE_CLAIM_SENT
DBG_ANCHOR_CH5_SCAN_BLOCKED win=0 survey=0 tx=0 retry_gap=0 wait=0 rx=0 rxq=0 rxr=0 ack=0 ch9=0 rf=1 retry=20 interval=380
DBG_ANCHOR_CH5_SCAN_RESCHED ret=1 delay=20
DBG_UWB_TX_CH5
DBG_TX_WAKE_CLAIM_SENT
DBG_DWM_CH5_RX_HUNT_START acq=3 complete=15 cap=125
DBG_DWM_CH5_RX_HUNT_EMPTY ret=-116 status=0x00000000 acq=3
DBG_UWB_TX_CH5
DBG_TX_WAKE_CLAIM_SENT
DBG_ANCHOR_CH5_SCAN_HANDLER role=2
DBG_UWB_TX_CH5
DBG_TX_WAKE_CLAIM_SENT
DBG_ANCHOR_CH5_SCAN_BLOCKED win=0 survey=0 tx=0 retry_gap=0 wait=0 rx=0 rxq=0 rxr=0 ack=0 ch9=0 rf=1 retry=20 interval=380
DBG_ANCHOR_CH5_SCAN_RESCHED ret=1 delay=20
DBG_UWB_TX_CH5
DBG_TX_WAKE_CLAIM_SENT
DBG_DWM_CH5_RX_HUNT_START acq=3 complete=15 cap=125
DBG_DWM_CH5_RX_HUNT_EMPTY ret=-116 status=0x00000000 acq=3
DBG_UWB_TX_CH5
DBG_TX_WAKE_CLAIM_SENT
DBG_ANCHOR_CH5_SCAN_HANDLER role=2
DBG_UWB_TX_CH5
DBG_TX_WAKE_CLAIM_SENT
DBG_ANCHOR_CH5_SCAN_BLOCKED win=0 survey=0 tx=0 retry_gap=0 wait=0 rx=0 rxq=0 rxr=0 ack=0 ch9=0 rf=1 retry=20 interval=380
DBG_ANCHOR_CH5_SCAN_RESCHED ret=1 delay=20
DBG_UWB_TX_CH5
DBG_TX_WAKE_CLAIM_SENT
DBG_DWM_CH5_RX_HUNT_START acq=3 complete=15 cap=125
DBG_DWM_CH5_RX_HUNT_EMPTY ret=-116 status=0x00000000 acq=3
DBG_UWB_TX_CH5
DBG_TX_WAKE_CLAIM_SENT
DBG_ANCHOR_CH5_SCAN_HANDLER role=2
DBG_UWB_TX_CH5
DBG_TX_WAKE_CLAIM_SENT
DBG_ANCHOR_CH5_SCAN_BLOCKED win=0 survey=0 tx=0 retry_gap=0 wait=0 rx=0 rxq=0 rxr=0 ack=0 ch9=0 rf=1 retry=20 interval=380
DBG_ANCHOR_CH5_SCAN_RESCHED ret=1 delay=20
DBG_UWB_TX_CH5
DBG_TX_WAKE_CLAIM_SENT
DBG_DWM_CH5_RX_HUNT_START acq=3 complete=15 cap=125
DBG_DWM_CH5_RX_HUNT_EMPTY ret=-116 status=0x00000000 acq=3
DBG_UWB_TX_CH5
DBG_TX_WAKE_CLAIM_SENT
DBG_ANCHOR_CH5_SCAN_HANDLER role=2
DBG_UWB_TX_CH5
DBG_TX_WAKE_CLAIM_SENT
DBG_ANCHOR_CH5_SCAN_BLOCKED win=0 survey=0 tx=0 retry_gap=0 wait=0 rx=0 rxq=0 rxr=0 ack=0 ch9=0 rf=1 retry=20 interval=380
DBG_ANCHOR_CH5_SCAN_RESCHED ret=1 delay=20
DBG_UWB_TX_CH5
DBG_TX_WAKE_CLAIM_SENT
DBG_DWM_CH5_RX_HUNT_START acq=3 complete=15 cap=125
DBG_DWM_CH5_RX_HUNT_EMPTY ret=-116 status=0x00000000 acq=3
DBG_UWB_TX_CH5
DBG_TX_WAKE_CLAIM_SENT
DBG_ANCHOR_CH5_SCAN_HANDLER role=2
DBG_UWB_TX_CH5
DBG_TX_WAKE_CLAIM_SENT
DBG_ANCHOR_CH5_SCAN_BLOCKED win=0 survey=0 tx=0 retry_gap=0 wait=0 rx=0 rxq=0 rxr=0 ack=0 ch9=0 rf=1 retry=20 interval=380
DBG_ANCHOR_CH5_SCAN_RESCHED ret=1 delay=20
DBG_UWB_TX_CH5
DBG_TX_WAKE_CLAIM_SENT
DBG_DWM_CH5_RX_HUNT_START acq=3 complete=15 cap=125
DBG_DWM_CH5_RX_HUNT_EMPTY ret=-116 status=0x00000000 acq=3
DBG_UWB_TX_CH5
DBG_TX_WAKE_CLAIM_SENT
DBG_ANCHOR_CH5_SCAN_HANDLER role=2
DBG_UWB_TX_CH5
DBG_TX_WAKE_CLAIM_SENT
DBG_ANCHOR_CH5_SCAN_BLOCKED win=0 survey=0 tx=0 retry_gap=0 wait=0 rx=0 rxq=0 rxr=0 ack=0 ch9=0 rf=1 retry=20 interval=380
DBG_ANCHOR_CH5_SCAN_RESCHED ret=1 delay=20
DBG_UWB_TX_CH5
DBG_TX_WAKE_CLAIM_SENT
DBG_DWM_CH5_RX_HUNT_START acq=3 complete=15 cap=125
DBG_DWM_CH5_RX_HUNT_EMPTY ret=-116 status=0x00000000 acq=3
DBG_UWB_TX_CH5
DBG_TX_WAKE_CLAIM_SENT
DBG_ANCHOR_CH5_SCAN_HANDLER role=2
DBG_UWB_TX_CH5
DBG_TX_WAKE_CLAIM_SENT
DBG_ANCHOR_CH5_SCAN_BLOCKED win=0 survey=0 tx=0 retry_gap=0 wait=0 rx=0 rxq=0 rxr=0 ack=0 ch9=0 rf=1 retry=20 interval=380
DBG_ANCHOR_CH5_SCAN_RESCHED ret=1 delay=20
DBG_UWB_TX_CH5
DBG_TX_WAKE_CLAIM_SENT
DBG_DWM_CH5_RX_HUNT_START acq=3 complete=15 cap=125
DBG_DWM_CH5_RX_HUNT_EMPTY ret=-116 status=0x00000000 acq=3
DBG_UWB_TX_CH5
DBG_TX_WAKE_CLAIM_SENT
DBG_ANCHOR_CH5_SCAN_HANDLER role=2
DBG_UWB_TX_CH5
DBG_TX_WAKE_CLAIM_SENT
DBG_ANCHOR_CH5_SCAN_BLOCKED win=0 survey=0 tx=0 retry_gap=0 wait=0 rx=0 rxq=0 rxr=0 ack=0 ch9=0 rf=1 retry=20 interval=380
DBG_ANCHOR_CH5_SCAN_RESCHED ret=1 delay=20
DBG_UWB_TX_CH5
DBG_TX_WAKE_CLAIM_SENT
DBG_DWM_CH5_RX_HUNT_START acq=3 complete=15 cap=125
DBG_DWM_CH5_RX_HUNT_EMPTY ret=-116 status=0x00000000 acq=3
DBG_UWB_TX_CH5
DBG_TX_WAKE_CLAIM_SENT
DBG_ANCHOR_CH5_SCAN_HANDLER role=2
DBG_UWB_TX_CH5
DBG_TX_WAKE_CLAIM_SENT
DBG_ANCHOR_CH5_SCAN_BLOCKED win=0 survey=0 tx=0 retry_gap=0 wait=0 rx=0 rxq=0 rxr=0 ack=0 ch9=0 rf=1 retry=20 interval=380
DBG_ANCHOR_CH5_SCAN_RESCHED ret=1 delay=20
DBG_UWB_TX_CH5
DBG_TX_WAKE_CLAIM_SENT
DBG_DWM_CH5_RX_HUNT_START acq=3 complete=15 cap=125
DBG_DWM_CH5_RX_HUNT_EMPTY ret=-116 status=0x00000000 acq=3
DBG_UWB_TX_CH5
DBG_TX_WAKE_CLAIM_SENT
DBG_DWM_INVALIDATE tag=configure_radio_from_reset active_phy=2 configured=1 awake=1
DBG_ANCHOR_CH5_SCAN_HANDLER role=2
DBG_ANCHOR_CH5_SCAN_BLOCKED win=0 survey=0 tx=0 retry_gap=0 wait=0 rx=0 rxq=0 rxr=0 ack=0 ch9=0 rf=1 retry=20 interval=380
DBG_ANCHOR_CH5_SCAN_RESCHED ret=1 delay=20
DBG_DWM_MARK_UNCONFIGURED tag=initialise_radio prev_phy=0
DBG_ANCHOR_CH5_SCAN_HANDLER role=2
DBG_ANCHOR_CH5_SCAN_BLOCKED win=0 survey=0 tx=0 retry_gap=0 wait=0 rx=0 rxq=0 rxr=0 ack=0 ch9=0 rf=1 retry=20 interval=380
DBG_ANCHOR_CH5_SCAN_RESCHED ret=1 delay=20
DBG_C5_CONTROL_FOLLOWUP_TURNAROUND delay=60 msg=3c reason=gateway-route-adv-forward
DBG_ANCHOR_CH5_SCAN_HANDLER role=2
DBG_ANCHOR_CH5_SCAN_ARM now=2203853 win=3 complete=15 interval=380 wait=0 tx=0 response=0
DBG_DWM_INVALIDATE tag=configure_radio_from_reset active_phy=2 configured=1 awake=0
DBG_DWM_MARK_UNCONFIGURED tag=initialise_radio prev_phy=0
DBG_DWM_CH5_RX_HUNT_START acq=3 complete=15 cap=1021
DBG_DWM_CH5_RX_HUNT_EMPTY ret=-116 status=0x00000000 acq=3
DBG_ANCHOR_CH5_SCAN_DONE ret=-116 len=0 fail=1 pre=0 q=0 rx_us=3479 complete=15
DBG_ANCHOR_CH5_SCAN_RESCHED ret=1 delay=380
DBG_DWM_INVALIDATE tag=configure_radio_from_reset active_phy=2 configured=1 awake=0
DBG_DWM_MARK_UNCONFIGURED tag=initialise_radio prev_phy=0
DBG_DWM_INVALIDATE tag=configure_radio_from_reset active_phy=2 configured=1 awake=0
DBG_DWM_MARK_UNCONFIGURED tag=initialise_radio prev_phy=0
DBG_DWM_WAKE_MESH_CTRL_OK sfd=4073
DBG_C5_TX_CONFIG ret=0 ext=1 len=186 msg=3c reason=bounded-c5-flood
DBG_UWB_TX_CH5
DBG_DWM_INVALIDATE tag=configure_radio_from_reset active_phy=4 configured=1 awake=0
DBG_DWM_MARK_UNCONFIGURED tag=initialise_radio prev_phy=0
DBG_DWM_WAKE_MESH_CTRL_OK sfd=4073
DBG_DWM_INVALIDATE tag=configure_radio_from_reset active_phy=4 configured=1 awake=0
DBG_DWM_MARK_UNCONFIGURED tag=initialise_radio prev_phy=0
DBG_DWM_INVALIDATE tag=configure_radio_from_reset active_phy=2 configured=1 awake=0
DBG_DWM_MARK_UNCONFIGURED tag=initialise_radio prev_phy=0
DBG_DWM_WAKE_MESH_CTRL_OK sfd=4073
DBG_C5_TX_CONFIG ret=0 ext=1 len=186 msg=3c reason=bounded-c5-flood
DBG_UWB_TX_CH5
DBG_DWM_INVALIDATE tag=configure_radio_from_reset active_phy=4 configured=1 awake=0
DBG_DWM_MARK_UNCONFIGURED tag=initialise_radio prev_phy=0
DBG_DWM_WAKE_MESH_CTRL_OK sfd=4073
DBG_DWM_INVALIDATE tag=configure_radio_from_reset active_phy=4 configured=1 awake=0
DBG_DWM_MARK_UNCONFIGURED tag=initialise_radio prev_phy=0
DBG_DWM_INVALIDATE tag=configure_radio_from_reset active_phy=2 configured=1 awake=0
DBG_DWM_MARK_UNCONFIGURED tag=initialise_radio prev_phy=0
DBG_DWM_WAKE_MESH_CTRL_OK sfd=4073
DBG_C5_TX_CONFIG ret=0 ext=1 len=186 msg=3c reason=bounded-c5-flood
DBG_UWB_TX_CH5
DBG_DWM_INVALIDATE tag=configure_radio_from_reset active_phy=4 configured=1 awake=0
DBG_DWM_MARK_UNCONFIGURED tag=initialise_radio prev_phy=0
DBG_DWM_WAKE_MESH_CTRL_OK sfd=4073
DBG_DWM_INVALIDATE tag=configure_radio_from_reset active_phy=4 configured=1 awake=0
DBG_ANCHOR_CH5_SCAN_HANDLER role=2
DBG_ANCHOR_CH5_SCAN_BLOCKED win=0 survey=0 tx=0 retry_gap=0 wait=0 rx=0 rxq=0 rxr=0 ack=0 ch9=0 rf=1 retry=20 interval=380
DBG_ANCHOR_CH5_SCAN_RESCHED ret=1 delay=20
DBG_DWM_MARK_UNCONFIGURED tag=initialise_radio prev_phy=0
DBG_ANCHOR_CH5_SCAN_HANDLER role=2
DBG_DWM_INVALIDATE tag=configure_radio_from_reset active_phy=2 configured=1 awake=0
DBG_ANCHOR_CH5_SCAN_BLOCKED win=0 survey=0 tx=0 retry_gap=0 wait=0 rx=0 rxq=0 rxr=0 ack=0 ch9=0 rf=1 retry=20 interval=380
DBG_ANCHOR_CH5_SCAN_RESCHED ret=1 delay=20
DBG_DWM_MARK_UNCONFIGURED tag=initialise_radio prev_phy=0
DBG_DWM_WAKE_MESH_CTRL_OK sfd=4073
DBG_C5_TX_CONFIG ret=0 ext=1 len=186 msg=3c reason=bounded-c5-flood
DBG_ANCHOR_CH5_SCAN_HANDLER role=2
DBG_ANCHOR_CH5_SCAN_BLOCKED win=0 survey=0 tx=0 retry_gap=0 wait=0 rx=0 rxq=0 rxr=0 ack=0 ch9=0 rf=1 retry=20 interval=380
DBG_ANCHOR_CH5_SCAN_RESCHED ret=1 delay=20
DBG_UWB_TX_CH5
DBG_WAKE_TRAIN_GUARD_OK
DBG_DWM_INVALIDATE tag=configure_radio_from_reset active_phy=4 configured=1 awake=0
DBG_ANCHOR_CH5_SCAN_HANDLER role=2
DBG_ANCHOR_CH5_SCAN_BLOCKED win=0 survey=0 tx=0 retry_gap=0 wait=0 rx=0 rxq=0 rxr=0 ack=0 ch9=0 rf=1 retry=20 interval=380
DBG_ANCHOR_CH5_SCAN_RESCHED ret=1 delay=20
DBG_DWM_MARK_UNCONFIGURED tag=initialise_radio prev_phy=0
DBG_ANCHOR_CH5_SCAN_HANDLER role=2
DBG_ANCHOR_CH5_SCAN_BLOCKED win=0 survey=0 tx=0 retry_gap=0 wait=0 rx=0 rxq=0 rxr=0 ack=0 ch9=0 rf=1 retry=20 interval=380
DBG_ANCHOR_CH5_SCAN_RESCHED ret=1 delay=20
DBG_WAKE_TRAIN_CONFIG_BEGIN
DBG_DWM_INVALIDATE tag=configure_radio_from_reset active_phy=2 configured=1 awake=0
DBG_ANCHOR_CH5_SCAN_HANDLER role=2
DBG_ANCHOR_CH5_SCAN_BLOCKED win=0 survey=0 tx=0 retry_gap=0 wait=0 rx=0 rxq=0 rxr=0 ack=0 ch9=0 rf=1 retry=20 interval=380
DBG_WAKE_TRAIN_CONFIG_OK
DBG_WAKE_TRAIN_FIRST_SEND_BEGIN
DBG_ANCHOR_CH5_SCAN_RESCHED ret=1 delay=20
DBG_WAKE_TRAIN_FIRST_SEND_OK
DBG_UWB_TX_CH5
DBG_TX_WAKE_CLAIM_SENT
DBG_UWB_TX_CH5
DBG_TX_WAKE_CLAIM_SENT
DBG_UWB_TX_CH5
DBG_TX_WAKE_CLAIM_SENT
DBG_ANCHOR_CH5_SCAN_HANDLER role=2
DBG_ANCHOR_CH5_SCAN_BLOCKED win=0 survey=0 tx=0 retry_gap=0 wait=0 rx=0 rxq=0 rxr=0 ack=0 ch9=0 rf=1 retry=20 interval=380
DBG_ANCHOR_CH5_SCAN_RESCHED ret=1 delay=20
DBG_UWB_TX_CH5
DBG_TX_WAKE_CLAIM_SENT
DBG_DWM_CH5_RX_HUNT_START acq=3 complete=15 cap=125
DBG_DWM_CH5_RX_HUNT_EMPTY ret=-116 status=0x00000000 acq=3
DBG_UWB_TX_CH5
DBG_TX_WAKE_CLAIM_SENT
DBG_ANCHOR_CH5_SCAN_HANDLER role=2
DBG_UWB_TX_CH5
DBG_TX_WAKE_CLAIM_SENT
DBG_ANCHOR_CH5_SCAN_BLOCKED win=0 survey=0 tx=0 retry_gap=0 wait=0 rx=0 rxq=0 rxr=0 ack=0 ch9=0 rf=1 retry=20 interval=380
DBG_ANCHOR_CH5_SCAN_RESCHED ret=1 delay=20
DBG_UWB_TX_CH5
DBG_TX_WAKE_CLAIM_SENT
DBG_DWM_CH5_RX_HUNT_START acq=3 complete=15 cap=125
DBG_DWM_CH5_RX_HUNT_EMPTY ret=-116 status=0x00000000 acq=3
DBG_UWB_TX_CH5
DBG_TX_WAKE_CLAIM_SENT
DBG_ANCHOR_CH5_SCAN_HANDLER role=2
DBG_UWB_TX_CH5
DBG_TX_WAKE_CLAIM_SENT
DBG_ANCHOR_CH5_SCAN_BLOCKED win=0 survey=0 tx=0 retry_gap=0 wait=0 rx=0 rxq=0 rxr=0 ack=0 ch9=0 rf=1 retry=20 interval=380
DBG_ANCHOR_CH5_SCAN_RESCHED ret=1 delay=20
DBG_UWB_TX_CH5
DBG_TX_WAKE_CLAIM_SENT
DBG_DWM_CH5_RX_HUNT_START acq=3 complete=15 cap=125
DBG_DWM_CH5_RX_HUNT_EMPTY ret=-116 status=0x00000000 acq=3
DBG_UWB_TX_CH5
DBG_TX_WAKE_CLAIM_SENT
DBG_ANCHOR_CH5_SCAN_HANDLER role=2
DBG_UWB_TX_CH5
DBG_TX_WAKE_CLAIM_SENT
DBG_ANCHOR_CH5_SCAN_BLOCKED win=0 survey=0 tx=0 retry_gap=0 wait=0 rx=0 rxq=0 rxr=0 ack=0 ch9=0 rf=1 retry=20 interval=380
DBG_ANCHOR_CH5_SCAN_RESCHED ret=1 delay=20
DBG_UWB_TX_CH5
DBG_TX_WAKE_CLAIM_SENT
DBG_DWM_CH5_RX_HUNT_START acq=3 complete=15 cap=125
DBG_DWM_CH5_RX_HUNT_EMPTY ret=-116 status=0x00000000 acq=3
DBG_UWB_TX_CH5
DBG_TX_WAKE_CLAIM_SENT
DBG_ANCHOR_CH5_SCAN_HANDLER role=2
DBG_UWB_TX_CH5
DBG_TX_WAKE_CLAIM_SENT
DBG_ANCHOR_CH5_SCAN_BLOCKED win=0 survey=0 tx=0 retry_gap=0 wait=0 rx=0 rxq=0 rxr=0 ack=0 ch9=0 rf=1 retry=20 interval=380
DBG_ANCHOR_CH5_SCAN_RESCHED ret=1 delay=20
DBG_UWB_TX_CH5
DBG_TX_WAKE_CLAIM_SENT
DBG_DWM_CH5_RX_HUNT_START acq=3 complete=15 cap=125
DBG_DWM_CH5_RX_HUNT_EMPTY ret=-116 status=0x00000000 acq=3
DBG_UWB_TX_CH5
DBG_TX_WAKE_CLAIM_SENT
DBG_ANCHOR_CH5_SCAN_HANDLER role=2
DBG_UWB_TX_CH5
DBG_TX_WAKE_CLAIM_SENT
DBG_ANCHOR_CH5_SCAN_BLOCKED win=0 survey=0 tx=0 retry_gap=0 wait=0 rx=0 rxq=0 rxr=0 ack=0 ch9=0 rf=1 retry=20 interval=380
DBG_ANCHOR_CH5_SCAN_RESCHED ret=1 delay=20
DBG_UWB_TX_CH5
DBG_TX_WAKE_CLAIM_SENT
DBG_DWM_CH5_RX_HUNT_START acq=3 complete=15 cap=125
DBG_DWM_CH5_RX_HUNT_EMPTY ret=-116 status=0x00000000 acq=3
DBG_UWB_TX_CH5
DBG_TX_WAKE_CLAIM_SENT
DBG_ANCHOR_CH5_SCAN_HANDLER role=2
DBG_UWB_TX_CH5
DBG_TX_WAKE_CLAIM_SENT
DBG_ANCHOR_CH5_SCAN_BLOCKED win=0 survey=0 tx=0 retry_gap=0 wait=0 rx=0 rxq=0 rxr=0 ack=0 ch9=0 rf=1 retry=20 interval=380
DBG_ANCHOR_CH5_SCAN_RESCHED ret=1 delay=20
DBG_UWB_TX_CH5
DBG_TX_WAKE_CLAIM_SENT
DBG_DWM_CH5_RX_HUNT_START acq=3 complete=15 cap=125
DBG_DWM_CH5_RX_HUNT_EMPTY ret=-116 status=0x00000000 acq=3
DBG_UWB_TX_CH5
DBG_TX_WAKE_CLAIM_SENT
DBG_ANCHOR_CH5_SCAN_HANDLER role=2
DBG_UWB_TX_CH5
DBG_TX_WAKE_CLAIM_SENT
DBG_ANCHOR_CH5_SCAN_BLOCKED win=0 survey=0 tx=0 retry_gap=0 wait=0 rx=0 rxq=0 rxr=0 ack=0 ch9=0 rf=1 retry=20 interval=380
DBG_ANCHOR_CH5_SCAN_RESCHED ret=1 delay=20
DBG_UWB_TX_CH5
DBG_TX_WAKE_CLAIM_SENT
DBG_DWM_CH5_RX_HUNT_START acq=3 complete=15 cap=125
DBG_DWM_CH5_RX_HUNT_EMPTY ret=-116 status=0x00000000 acq=3
DBG_UWB_TX_CH5
DBG_TX_WAKE_CLAIM_SENT
DBG_ANCHOR_CH5_SCAN_HANDLER role=2
DBG_UWB_TX_CH5
DBG_TX_WAKE_CLAIM_SENT
DBG_ANCHOR_CH5_SCAN_BLOCKED win=0 survey=0 tx=0 retry_gap=0 wait=0 rx=0 rxq=0 rxr=0 ack=0 ch9=0 rf=1 retry=20 interval=380
DBG_ANCHOR_CH5_SCAN_RESCHED ret=1 delay=20
DBG_UWB_TX_CH5
DBG_TX_WAKE_CLAIM_SENT
DBG_DWM_CH5_RX_HUNT_START acq=3 complete=15 cap=125
DBG_DWM_CH5_RX_HUNT_EMPTY ret=-116 status=0x00000000 acq=3
DBG_UWB_TX_CH5
DBG_TX_WAKE_CLAIM_SENT
DBG_ANCHOR_CH5_SCAN_HANDLER role=2
DBG_UWB_TX_CH5
DBG_TX_WAKE_CLAIM_SENT
DBG_ANCHOR_CH5_SCAN_BLOCKED win=0 survey=0 tx=0 retry_gap=0 wait=0 rx=0 rxq=0 rxr=0 ack=0 ch9=0 rf=1 retry=20 interval=380
DBG_ANCHOR_CH5_SCAN_RESCHED ret=1 delay=20
DBG_UWB_TX_CH5
DBG_TX_WAKE_CLAIM_SENT
DBG_DWM_CH5_RX_HUNT_START acq=3 complete=15 cap=125
DBG_DWM_CH5_RX_HUNT_EMPTY ret=-116 status=0x00000000 acq=3
DBG_UWB_TX_CH5
DBG_TX_WAKE_CLAIM_SENT
DBG_ANCHOR_CH5_SCAN_HANDLER role=2
DBG_UWB_TX_CH5
DBG_TX_WAKE_CLAIM_SENT
DBG_ANCHOR_CH5_SCAN_BLOCKED win=0 survey=0 tx=0 retry_gap=0 wait=0 rx=0 rxq=0 rxr=0 ack=0 ch9=0 rf=1 retry=20 interval=380
DBG_ANCHOR_CH5_SCAN_RESCHED ret=1 delay=20
DBG_UWB_TX_CH5
DBG_TX_WAKE_CLAIM_SENT
DBG_DWM_CH5_RX_HUNT_START acq=3 complete=15 cap=125
DBG_DWM_CH5_RX_HUNT_EMPTY ret=-116 status=0x00000000 acq=3
DBG_UWB_TX_CH5
DBG_TX_WAKE_CLAIM_SENT
DBG_ANCHOR_CH5_SCAN_HANDLER role=2
DBG_UWB_TX_CH5
DBG_TX_WAKE_CLAIM_SENT
DBG_ANCHOR_CH5_SCAN_BLOCKED win=0 survey=0 tx=0 retry_gap=0 wait=0 rx=0 rxq=0 rxr=0 ack=0 ch9=0 rf=1 retry=20 interval=380
DBG_ANCHOR_CH5_SCAN_RESCHED ret=1 delay=20
DBG_UWB_TX_CH5
DBG_TX_WAKE_CLAIM_SENT
DBG_DWM_CH5_RX_HUNT_START acq=3 complete=15 cap=125
DBG_DWM_CH5_RX_HUNT_EMPTY ret=-116 status=0x00000000 acq=3
DBG_UWB_TX_CH5
DBG_TX_WAKE_CLAIM_SENT
DBG_ANCHOR_CH5_SCAN_HANDLER role=2
DBG_UWB_TX_CH5
DBG_TX_WAKE_CLAIM_SENT
DBG_ANCHOR_CH5_SCAN_BLOCKED win=0 survey=0 tx=0 retry_gap=0 wait=0 rx=0 rxq=0 rxr=0 ack=0 ch9=0 rf=1 retry=20 interval=380
DBG_ANCHOR_CH5_SCAN_RESCHED ret=1 delay=20
DBG_UWB_TX_CH5
DBG_TX_WAKE_CLAIM_SENT
DBG_DWM_CH5_RX_HUNT_START acq=3 complete=15 cap=125
DBG_DWM_CH5_RX_HUNT_EMPTY ret=-116 status=0x00000000 acq=3
DBG_UWB_TX_CH5
DBG_TX_WAKE_CLAIM_SENT
DBG_ANCHOR_CH5_SCAN_HANDLER role=2
DBG_UWB_TX_CH5
DBG_TX_WAKE_CLAIM_SENT
DBG_ANCHOR_CH5_SCAN_BLOCKED win=0 survey=0 tx=0 retry_gap=0 wait=0 rx=0 rxq=0 rxr=0 ack=0 ch9=0 rf=1 retry=20 interval=380
DBG_ANCHOR_CH5_SCAN_RESCHED ret=1 delay=20
DBG_UWB_TX_CH5
DBG_TX_WAKE_CLAIM_SENT
DBG_DWM_CH5_RX_HUNT_START acq=3 complete=15 cap=125
DBG_DWM_CH5_RX_HUNT_EMPTY ret=-116 status=0x00000000 acq=3
DBG_UWB_TX_CH5
DBG_TX_WAKE_CLAIM_SENT
DBG_ANCHOR_CH5_SCAN_HANDLER role=2
DBG_UWB_TX_CH5
DBG_TX_WAKE_CLAIM_SENT
DBG_ANCHOR_CH5_SCAN_BLOCKED win=0 survey=0 tx=0 retry_gap=0 wait=0 rx=0 rxq=0 rxr=0 ack=0 ch9=0 rf=1 retry=20 interval=380
DBG_ANCHOR_CH5_SCAN_RESCHED ret=1 delay=20
DBG_UWB_TX_CH5
DBG_TX_WAKE_CLAIM_SENT
DBG_DWM_CH5_RX_HUNT_START acq=3 complete=15 cap=125
DBG_DWM_CH5_RX_HUNT_EMPTY ret=-116 status=0x00000000 acq=3
DBG_UWB_TX_CH5
DBG_TX_WAKE_CLAIM_SENT
DBG_ANCHOR_CH5_SCAN_HANDLER role=2
DBG_UWB_TX_CH5
DBG_TX_WAKE_CLAIM_SENT
DBG_ANCHOR_CH5_SCAN_BLOCKED win=0 survey=0 tx=0 retry_gap=0 wait=0 rx=0 rxq=0 rxr=0 ack=0 ch9=0 rf=1 retry=20 interval=380
DBG_ANCHOR_CH5_SCAN_RESCHED ret=1 delay=20
DBG_UWB_TX_CH5
DBG_TX_WAKE_CLAIM_SENT
DBG_DWM_CH5_RX_HUNT_START acq=3 complete=15 cap=125
DBG_DWM_CH5_RX_HUNT_EMPTY ret=-116 status=0x00000000 acq=3
DBG_UWB_TX_CH5
DBG_TX_WAKE_CLAIM_SENT
DBG_ANCHOR_CH5_SCAN_HANDLER role=2
DBG_UWB_TX_CH5
DBG_TX_WAKE_CLAIM_SENT
DBG_ANCHOR_CH5_SCAN_BLOCKED win=0 survey=0 tx=0 retry_gap=0 wait=0 rx=0 rxq=0 rxr=0 ack=0 ch9=0 rf=1 retry=20 interval=380
DBG_ANCHOR_CH5_SCAN_RESCHED ret=1 delay=20
DBG_UWB_TX_CH5
DBG_TX_WAKE_CLAIM_SENT
DBG_DWM_CH5_RX_HUNT_START acq=3 complete=15 cap=125
DBG_DWM_CH5_RX_HUNT_EMPTY ret=-116 status=0x00000000 acq=3
DBG_UWB_TX_CH5
DBG_TX_WAKE_CLAIM_SENT
DBG_DWM_INVALIDATE tag=configure_radio_from_reset active_phy=2 configured=1 awake=1
DBG_ANCHOR_CH5_SCAN_HANDLER role=2
DBG_ANCHOR_CH5_SCAN_BLOCKED win=0 survey=0 tx=0 retry_gap=0 wait=0 rx=0 rxq=0 rxr=0 ack=0 ch9=0 rf=1 retry=20 interval=380
DBG_ANCHOR_CH5_SCAN_RESCHED ret=1 delay=20
DBG_DWM_MARK_UNCONFIGURED tag=initialise_radio prev_phy=0
DBG_ANCHOR_CH5_SCAN_HANDLER role=2
DBG_ANCHOR_CH5_SCAN_BLOCKED win=0 survey=0 tx=0 retry_gap=0 wait=0 rx=0 rxq=0 rxr=0 ack=0 ch9=0 rf=1 retry=20 interval=380
DBG_ANCHOR_CH5_SCAN_RESCHED ret=1 delay=20
DBG_C5_CONTROL_FOLLOWUP_TURNAROUND delay=60 msg=3c reason=gateway-route-adv-forward
DBG_ANCHOR_CH5_SCAN_HANDLER role=2
DBG_DWM_INVALIDATE tag=configure_radio_from_reset active_phy=2 configured=1 awake=0
DBG_DWM_MARK_UNCONFIGURED tag=initialise_radio prev_phy=0
DBG_DWM_CH5_RX_HUNT_START acq=3 complete=15 cap=1021
DBG_DWM_CH5_RX_HUNT_EMPTY ret=-116 status=0x00000000 acq=3
DBG_ANCHOR_CH5_SCAN_RESCHED ret=1 delay=380
DBG_DWM_INVALIDATE tag=configure_radio_from_reset active_phy=2 configured=1 awake=0
DBG_DWM_MARK_UNCONFIGURED tag=initialise_radio prev_phy=0
DBG_ANCHOR_MESH_RX_YIELD reason=anchor-low-duty-ch5-owner ch9=0 delay=0 scan_int=380 scan_win=3 wait=0 q=0
DBG_ANCHOR_CH5_SCAN_HANDLER role=2
DBG_ANCHOR_CH5_SCAN_ARM now=2205238 win=3 complete=15 interval=380 wait=0 tx=0 response=0
DBG_DWM_INVALIDATE tag=configure_radio_from_reset active_phy=2 configured=1 awake=0
DBG_DWM_MARK_UNCONFIGURED tag=initialise_radio prev_phy=0
DBG_DWM_CH5_RX_HUNT_START acq=3 complete=15 cap=1021
DBG_DWM_CH5_RX_ACTIVITY_EXTEND ret=0 status=0x00000f00 complete=15
DBG_DWM_CH5_RX_ACTIVITY_WAIT status=0x00000f00 remain=14
DBG_DWM_CH5_RX_ACTIVITY_DONE raw=51 payload=49 status=0x00006f00 rearm=0 extended=1
DBG_ANCHOR_CH5_SCAN_DONE ret=0 len=49 fail=0 pre=1 q=100 rx_us=3000 complete=15
DBG_UWB_RX_CH5
DBG_ANCHOR_CH5_FRAME len=49 q=100 wake_ret=0
DBG_ANCHOR_ROUTE_WAKE_DISPATCH src=0x9999888877776666 evt=110844 attempt=1 flags=0x93 len=49 q=100
DBG_C5_CONTACT phase=open state=2 peer=0x9999888877776666 purpose=route_solicit reason=wake-claim
DBG_C5_CONTACT phase=accepted state=2 peer=0x9999888877776666 purpose=route_solicit reason=wake-claim
DBG_ANCHOR_ROUTE_WAKE_HANDOFF src=0x9999888877776666 evt=110844 attempt=1 flags=0x93 embedded=0 listen=2000
DBG_C5_CONTACT phase=closing state=4 peer=0x9999888877776666 purpose=route_solicit reason=replace
DBG_ROUTE_REPLY_LISTEN_START
DBG_DWM_INVALIDATE tag=configure_radio_from_reset active_phy=2 configured=1 awake=0
DBG_DWM_WAKE_MESH_CTRL_OK sfd=4073
DBG_ROUTE_REPLY_LISTEN_CONFIG ret=0 ext=1
DBG_C5_CONTROL_LISTENER_HOLD_EXTENDED
DBG_C5_RX_FAIL status=0x00001300 finfo=0x00000000 fail=4 phy=4 ch=5 plen=3 pac=2 txc=9 rxc=9 sfd=2 rate=0 phr=1 phrr=0 sfdto=4
DBG_C5_CONTROL_LISTENER_HOLD_EXTENDED
DBG_C5_CONTROL_LISTENER_HOLD_EXTENDED
DBG_C5_CONTROL_LISTENER_HOLD_EXTENDED
DBG_C5_CONTROL_LISTENER_HOLD_EXTENDED
DBG_C5_CONTROL_LISTENER_HOLD_EXTENDED
DBG_C5_CONTROL_LISTENER_HOLD_EXTENDED
DBG_C5_CONTROL_LISTENER_HOLD_EXTENDED
DBG_C5_CONTROL_LISTENER_HOLD_EXTENDED
DBG_C5_CONTROL_LISTENER_HOLD_EXTENDED
DBG_C5_CONTROL_LISTENER_HOLD_EXTENDED
DBG_C5_CONTROL_LISTENER_HOLD_EXTENDED
DBG_C5_CONTROL_LISTENER_HOLD_EXTENDED
DBG_C5_CONTROL_LISTENER_HOLD_EXTENDED
DBG_C5_CONTROL_LISTENER_HOLD_EXTENDED
DBG_C5_CONTROL_LISTENER_HOLD_EXTENDED
DBG_C5_CONTROL_LISTENER_HOLD_EXTENDED
DBG_C5_CONTROL_LISTENER_HOLD_EXTENDED
DBG_C5_CONTROL_LISTENER_HOLD_EXTENDED
DBG_C5_CONTROL_LISTENER_HOLD_EXTENDED
DBG_C5_CONTROL_LISTENER_HOLD_EXTENDED
DBG_C5_CONTROL_LISTENER_HOLD_EXTENDED
DBG_C5_CONTROL_LISTENER_HOLD_EXTENDED
DBG_C5_CONTROL_LISTENER_HOLD_EXTENDED
DBG_C5_CONTROL_LISTENER_HOLD_EXTENDED
DBG_C5_CONTROL_LISTENER_HOLD_EXTENDED
DBG_C5_CONTROL_LISTENER_HOLD_EXTENDED
DBG_C5_CONTROL_LISTENER_HOLD_EXTENDED
DBG_C5_CONTROL_LISTENER_HOLD_EXTENDED
DBG_C5_CONTROL_LISTENER_HOLD_EXTENDED
DBG_C5_CONTROL_LISTENER_HOLD_EXTENDED
DBG_C5_CONTROL_LISTENER_HOLD_EXTENDED
DBG_C5_CONTROL_LISTENER_HOLD_EXTENDED
DBG_C5_CONTROL_LISTENER_HOLD_EXTENDED
DBG_C5_CONTROL_LISTENER_HOLD_EXTENDED
DBG_C5_CONTROL_LISTENER_HOLD_EXTENDED
DBG_C5_CONTROL_LISTENER_HOLD_EXTENDED
DBG_C5_CONTROL_LISTENER_HOLD_EXTENDED
DBG_C5_CONTROL_LISTENER_HOLD_EXTENDED
DBG_C5_CONTROL_LISTENER_HOLD_EXTENDED
DBG_C5_CONTROL_LISTENER_HOLD_EXTENDED
DBG_C5_CONTROL_LISTENER_HOLD_EXTENDED
DBG_C5_CONTROL_LISTENER_HOLD_EXTENDED
DBG_C5_CONTROL_LISTENER_HOLD_EXTENDED
DBG_C5_CONTROL_LISTENER_HOLD_EXTENDED
DBG_C5_CONTROL_LISTENER_HOLD_EXTENDED
DBG_C5_CONTROL_LISTENER_HOLD_EXTENDED
DBG_C5_CONTROL_LISTENER_HOLD_EXTENDED
DBG_C5_CONTROL_LISTENER_HOLD_EXTENDED
DBG_C5_CONTROL_LISTENER_HOLD_EXTENDED
DBG_C5_CONTROL_LISTENER_HOLD_EXTENDED
DBG_C5_CONTROL_LISTENER_HOLD_EXTENDED
DBG_C5_CONTROL_LISTENER_HOLD_EXTENDED
DBG_C5_CONTROL_LISTENER_HOLD_EXTENDED
DBG_C5_CONTROL_LISTENER_HOLD_EXTENDED
DBG_C5_CONTROL_LISTENER_HOLD_EXTENDED
DBG_C5_CONTROL_LISTENER_HOLD_EXTENDED
DBG_C5_CONTROL_LISTENER_HOLD_EXTENDED
DBG_C5_CONTROL_LISTENER_HOLD_EXTENDED
DBG_C5_CONTROL_LISTENER_HOLD_EXTENDED
DBG_C5_CONTROL_LISTENER_HOLD_EXTENDED
DBG_C5_CONTROL_LISTENER_HOLD_EXTENDED
DBG_C5_CONTROL_LISTENER_HOLD_EXTENDED
DBG_C5_CONTROL_LISTENER_HOLD_EXTENDED
DBG_C5_CONTROL_LISTENER_HOLD_EXTENDED
DBG_C5_CONTROL_LISTENER_HOLD_EXTENDED
DBG_C5_CONTROL_LISTENER_HOLD_EXTENDED
DBG_C5_CONTROL_LISTENER_HOLD_EXTENDED
DBG_C5_CONTROL_LISTENER_HOLD_EXTENDED
DBG_C5_CONTROL_LISTENER_HOLD_EXTENDED
DBG_C5_CONTROL_LISTENER_HOLD_EXTENDED
DBG_ROUTE_REPLY_RX_FRAME
DBG_C5_CONTROL_ROUTE_READY msg=0x40 prev=0x708bc0aab970300e ttl=7 origin_ttl=8 relay=0 ret=0
DBG_C5_CONTROL_ROUTE_STATE epoch=86 sel=0 next=0x9999888877776666 hop=0 timing=0
DBG_UWB_RX_CH5
DBG_MESH_RX_QUEUED ch=5 msg=0x40 src=0x9999888877776666 dst=0x0 prev=0x708bc0aab970300e seq=4 q=1
DBG_MESH_RX_DEFERRED q=1 msg=0x40
DBG_C5_GATEWAY_OPERATION_RETAINED msg=0x40 seq=4 click_waiting=0
DBG_COORD state=mesh-rx owner=uwb-rx reason=mesh-rx rx=1 tx=0 relay=0 route=0 ack=0 qack=0
DBG_ANCHOR_MESH_RX_YIELD reason=anchor-low-duty-ch5-owner ch9=0 delay=0 scan_int=380 scan_win=3 wait=0 q=1
DBG_MESH_RX_WORK_WAIT q=1
DBG_MESH_RX_WORK_ENTER q=1
DBG_MESH_RX_DRAIN_ENTER owner=work q=1
DBG_C5_CONTACT phase=closing state=4 peer=0x9999888877776666 purpose=gateway_command_flood reason=replace
DBG_C5_CONTACT phase=open state=2 peer=0x708bc0aab970300e purpose=gateway_command_flood reason=c5-control-rx
DBG_COORD state=idle owner=c5-flood reason=idle rx=0 tx=0 relay=0 route=0 ack=0 qack=0
DBG_DWM_INVALIDATE tag=configure_radio_from_reset active_phy=4 configured=1 awake=0
DBG_DWM_MARK_UNCONFIGURED tag=initialise_radio prev_phy=0
DBG_DWM_INVALIDATE tag=configure_radio_from_reset active_phy=2 configured=1 awake=0
DBG_DWM_MARK_UNCONFIGURED tag=initialise_radio prev_phy=0
DBG_DWM_WAKE_MESH_CTRL_OK sfd=4073
DBG_C5_TX_CONFIG ret=0 ext=1 len=127 msg=40 reason=bounded-c5-flood
DBG_UWB_TX_CH5
DBG_DWM_INVALIDATE tag=configure_radio_from_reset active_phy=4 configured=1 awake=0
DBG_DWM_MARK_UNCONFIGURED tag=initialise_radio prev_phy=0
DBG_DWM_WAKE_MESH_CTRL_OK sfd=4073
DBG_UWB_RX_CH5
DBG_MESH_RX_QUEUED ch=5 msg=0x40 src=0x9999888877776666 dst=0x0 prev=0x9999888877776666 seq=4 q=1
DBG_MESH_RX_DEFERRED q=1 msg=0x40
DBG_C5_FLOOD_DELAY_RX_YIELD queued=1 q=1 rem=40
DBG_C5_FLOOD_WAIT now=2206340 wake=2206398 first=2206398 msg=40 attempt=2/3 reason=broadcast-forward
DBG_DISCOVERY_SLOT_CLEARED epoch=38797347 prior_epoch=38797320
DBG_ENUM_RX_ACTIVE epoch=38797347 budget=418524 duplicate=0
DBG_ANCHOR_CH5_SCAN_RESCHED ret=1 delay=0
DBG_DISCOVERY_SLOT_RESPONSE_SCHEDULED phase=1 epoch=38797347 delay=118 slot=0 lane=0/3 hop=1 hash=0xfbc0680ae0b03045
DBG_C5_CONTACT phase=open state=2 peer=0x9999888877776666 purpose=gateway_command_flood reason=c5-control-rx
DBG_C5_CONTACT phase=accepted state=2 peer=0x9999888877776666 purpose=gateway_command_flood reason=c5-control-rx
DBG_ENUM_RX_ACTIVE epoch=38797347 budget=418524 duplicate=1
DBG_ANCHOR_CH5_SCAN_RESCHED ret=0 delay=0
DBG_DISCOVERY_SLOT_RESPONSE_RETAIN phase=1 epoch=38797347 handle=0
DBG_MESH_RX_DRAIN_EXIT owner=work handled=2 q=0
DBG_MESH_RX_WORK_EXIT handled=2 q=0
DBG_MESH_RX_WORK_WAIT q=0
DBG_MESH_RX_WORK_ENTER q=0
DBG_MESH_RX_DRAIN_ENTER owner=work q=0
DBG_MESH_RX_DRAIN_EXIT owner=work handled=0 q=0
DBG_MESH_RX_WORK_EXIT handled=0 q=0
DBG_ANCHOR_CH5_SCAN_HANDLER role=2
DBG_DWM_MARK_UNCONFIGURED tag=initialise_radio prev_phy=0
DBG_DWM_WAKE_MESH_CTRL_OK sfd=4073
DBG_DWM_CH5_RX_HUNT_START acq=2000 complete=15 cap=1021
DBG_NC o=000000000000002e g=0000002e w=00 e=0000003c s=00000005 q=0000>0004 r=00000000 f=00000024 t=00000000 p=00000000 a=00
DBG_NODE_COMM_SUBMIT handle=46 profile=3 token=17039364 deadline=2236517
DBG_DISCOVERY_SLOT_RESPONSE phase=1 epoch=38797347 hash=0xfbc0680ae0b03045 hop=1 slot=0 attempt=1 ret=0
DBG_NODE_COMM_TX_BEGIN handle=46 profile=3 msg=65 dst=0x9999888877776666 seq=4
DBG_ANCHOR_CH5_SCAN_DONE ret=-140 len=0 fail=0 pre=0 q=0 rx_us=2000000 complete=15
DBG_ANCHOR_CH5_SCAN_RESCHED ret=2 delay=0
DBG_PROTOCOL_RESPONSE_RX_HANDOFF_READY abort=1 owner=5 seq=4
DBG_DIRECT_GW_TX seq=4 now=2206519 reason=node-comm-reliable-uplink
DBG_CH9_EVENT_STATE state=tx_payload peer=0x9999888877776666 start=2206519 end=2206769 reason=node-comm-reliable-uplink
DBG_DWM_INVALIDATE tag=configure_radio_from_reset active_phy=4 configured=1 awake=1
DBG_ANCHOR_CH5_SCAN_HANDLER role=2
DBG_ANCHOR_CH5_SCAN_BLOCKED win=0 survey=0 tx=1 retry_gap=0 wait=0 rx=1 rxq=0 rxr=1 ack=1 ch9=0 rf=1 retry=20 interval=380
DBG_DIRECT_GW_TX_CONFIG ret=0 now=2206542 seq=4
DBG_CH9_TX_SEND_AT now=2206542 earliest=2206519 msg=41 len=97
DBG_ANCHOR_CH5_SCAN_HANDLER role=2
DBG_ANCHOR_CH5_SCAN_BLOCKED win=0 survey=0 tx=1 retry_gap=0 wait=0 rx=1 rxq=0 rxr=1 ack=1 ch9=0 rf=1 retry=20 interval=380
DBG_ANCHOR_CH5_SCAN_RESCHED ret=1 delay=20
DBG_CH9_TX_DONE now=2206549 dur=7 len=97 msg=41
DBG_UWB_TX_CH9
DBG_CH9_TX_SINGLE_SEND_OK
DBG_DIRECT_GW_TX_ACK_TRANSIT_WAIT dst=0x9999888877776666 src=0x191a9619c6c8cb07 seq=4
DBG_ANCHOR_CH5_SCAN_HANDLER role=2
DBG_ANCHOR_CH5_SCAN_BLOCKED win=0 survey=0 tx=1 retry_gap=0 wait=0 rx=1 rxq=0 rxr=1 ack=1 ch9=0 rf=1 retry=20 interval=380
DBG_ANCHOR_CH5_SCAN_RESCHED ret=1 delay=20
DBG_UWB_RX_CH9
DBG_MESH_RX_QUEUED ch=9 msg=0x32 src=0x9999888877776666 dst=0x191a9619c6c8cb07 prev=0x9999888877776666 seq=19 q=1
DBG_GATEWAY_ACK_RX
DBG_DIRECT_GW_ACK_TRANSIT queued=1 valid=1 dst=0x191a9619c6c8cb07 seq=19
DBG_DIRECT_GW_TX_ACK_WAIT ret=0 seq=4
DBG_DWM_KEEP_IDLE reason=direct-gateway-payload ch9=0 ack=0 qack=0 ret=0
DBG_NC o=000000000000002e g=0000002e w=00 e=00000022 s=00000005 q=0004>0005 r=00000000 f=00000001 t=00000000 p=00000000 a=00
DBG_NODE_COMM_ATTEMPT handle=46 profile=3 attempt=1 ret=0 rf=1 scheduled=0 state=0
DBG_COORD state=mesh-rx owner=report-tx reason=mesh-rx rx=1 tx=0 relay=1 route=0 ack=1 qack=0
DBG_MESH_RX_WORK_WAIT q=1
DBG_MESH_RX_WORK_ENTER q=1
DBG_MESH_RX_DRAIN_ENTER owner=work q=1
DBG_CH9_TX_ACK_IDLE
DBG_LEGACY_ACK_NO_MATCH
DBG_MESH_RX_DRAIN_EXIT owner=work handled=1 q=0
DBG_TX_TIMEOUT_ENTER relay=1 route=0 ch9pend=0 bundle=0 now=2206579
DBG_RETRANSMIT_DIRECT_GW seq=4 now=2206580
DBG_DIRECT_GW_TX_CONFIG ret=0 now=2206580 seq=4
DBG_UWB_TX_CH9
DBG_CH9_TX_SINGLE_SEND_OK
DBG_ANCHOR_CH5_SCAN_HANDLER role=2
DBG_ANCHOR_CH5_SCAN_BLOCKED win=0 survey=0 tx=1 retry_gap=0 wait=0 rx=0 rxq=0 rxr=0 ack=1 ch9=0 rf=1 retry=20 interval=380
DBG_ANCHOR_CH5_SCAN_RESCHED ret=1 delay=20
DBG_ANCHOR_CH5_SCAN_HANDLER role=2
DBG_ANCHOR_CH5_SCAN_BLOCKED win=0 survey=0 tx=1 retry_gap=0 wait=0 rx=0 rxq=0 rxr=0 ack=1 ch9=0 rf=1 retry=20 interval=380
DBG_ANCHOR_CH5_SCAN_RESCHED ret=1 delay=20
DBG_ANCHOR_CH5_SCAN_HANDLER role=2
DBG_ANCHOR_CH5_SCAN_BLOCKED win=0 survey=0 tx=1 retry_gap=0 wait=0 rx=0 rxq=0 rxr=0 ack=1 ch9=0 rf=1 retry=20 interval=380
DBG_ANCHOR_CH5_SCAN_RESCHED ret=1 delay=20
DBG_ANCHOR_CH5_SCAN_HANDLER role=2
DBG_ANCHOR_CH5_SCAN_BLOCKED win=0 survey=0 tx=1 retry_gap=0 wait=0 rx=0 rxq=0 rxr=0 ack=1 ch9=0 rf=1 retry=20 interval=380
DBG_ANCHOR_CH5_SCAN_RESCHED ret=1 delay=20
DBG_ANCHOR_CH5_SCAN_HANDLER role=2
DBG_ANCHOR_CH5_SCAN_BLOCKED win=0 survey=0 tx=1 retry_gap=0 wait=0 rx=0 rxq=0 rxr=0 ack=1 ch9=0 rf=1 retry=20 interval=380
DBG_ANCHOR_CH5_SCAN_RESCHED ret=1 delay=20
DBG_ANCHOR_CH5_SCAN_HANDLER role=2
DBG_ANCHOR_CH5_SCAN_BLOCKED win=0 survey=0 tx=1 retry_gap=0 wait=0 rx=0 rxq=0 rxr=0 ack=1 ch9=0 rf=1 retry=20 interval=380
DBG_ANCHOR_CH5_SCAN_RESCHED ret=1 delay=20
DBG_ANCHOR_CH5_SCAN_HANDLER role=2
DBG_ANCHOR_CH5_SCAN_BLOCKED win=0 survey=0 tx=1 retry_gap=0 wait=0 rx=0 rxq=0 rxr=0 ack=1 ch9=0 rf=1 retry=20 interval=380
DBG_ANCHOR_CH5_SCAN_RESCHED ret=1 delay=20
DBG_ANCHOR_CH5_SCAN_HANDLER role=2
DBG_DIRECT_GW_TX_ACK_WAIT ret=-116 seq=4
DBG_DWM_KEEP_IDLE reason=direct-gateway-payload ch9=0 ack=0 qack=0 ret=0
DBG_RETRANSMIT_DEFER reason=send-failed ret=0 send=-11 delay=69 seq=4 state=2
DBG_ANCHOR_CH5_SCAN_BLOCKED win=0 survey=0 tx=1 retry_gap=0 wait=0 rx=0 rxq=0 rxr=0 ack=1 ch9=0 rf=1 retry=20 interval=380
DBG_ANCHOR_CH5_SCAN_RESCHED ret=1 delay=20
DBG_ANCHOR_CH5_SCAN_HANDLER role=2
DBG_ANCHOR_CH5_SCAN_BLOCKED win=0 survey=0 tx=1 retry_gap=1 wait=0 rx=0 rxq=0 rxr=0 ack=0 ch9=0 rf=0 retry=48 interval=380
DBG_ANCHOR_CH5_SCAN_RESCHED ret=1 delay=48
DBG_TX_TIMEOUT_ENTER relay=1 route=0 ch9pend=0 bundle=0 now=2206905
DBG_RETRANSMIT_DIRECT_GW seq=4 now=2206907
DBG_DIRECT_GW_TX_CONFIG ret=0 now=2206907 seq=4
DBG_CH9_TX_SEND_AT now=2206907 earliest=2206905 msg=33 len=105
DBG_ANCHOR_CH5_SCAN_HANDLER role=2
DBG_ANCHOR_CH5_SCAN_BLOCKED win=0 survey=0 tx=1 retry_gap=0 wait=0 rx=0 rxq=0 rxr=0 ack=1 ch9=0 rf=1 retry=20 interval=380
DBG_ANCHOR_CH5_SCAN_RESCHED ret=1 delay=20
DBG_CH9_TX_DONE now=2206911 dur=4 len=105 msg=33
DBG_UWB_TX_CH9
DBG_CH9_TX_SINGLE_SEND_OK
DBG_CH9_EVENT_STATE state=complete peer=0x9999888877776666 start=2206907 end=2207157 reason=retransmit-direct-gateway
DBG_CH9_TX_ACK_CORE_OWNER src=0x191a9619c6c8cb07 seq=4 next=0x9999888877776666 deadline=2208911
DBG_DIRECT_GW_TX_ACK_TRANSIT_WAIT dst=0x9999888877776666 src=0x191a9619c6c8cb07 seq=4
DBG_ANCHOR_CH5_SCAN_HANDLER role=2
DBG_ANCHOR_CH5_SCAN_BLOCKED win=0 survey=0 tx=1 retry_gap=0 wait=0 rx=0 rxq=0 rxr=0 ack=1 ch9=0 rf=1 retry=20 interval=380
DBG_ANCHOR_CH5_SCAN_RESCHED ret=1 delay=20
DBG_ANCHOR_CH5_SCAN_HANDLER role=2
DBG_ANCHOR_CH5_SCAN_BLOCKED win=0 survey=0 tx=1 retry_gap=0 wait=0 rx=0 rxq=0 rxr=0 ack=1 ch9=0 rf=1 retry=20 interval=380
DBG_ANCHOR_CH5_SCAN_RESCHED ret=1 delay=20
DBG_ANCHOR_CH5_SCAN_HANDLER role=2
DBG_ANCHOR_CH5_SCAN_BLOCKED win=0 survey=0 tx=1 retry_gap=0 wait=0 rx=0 rxq=0 rxr=0 ack=1 ch9=0 rf=1 retry=20 interval=380
DBG_ANCHOR_CH5_SCAN_RESCHED ret=1 delay=20
DBG_ANCHOR_CH5_SCAN_HANDLER role=2
DBG_ANCHOR_CH5_SCAN_BLOCKED win=0 survey=0 tx=1 retry_gap=0 wait=0 rx=0 rxq=0 rxr=0 ack=1 ch9=0 rf=1 retry=20 interval=380
DBG_ANCHOR_CH5_SCAN_RESCHED ret=1 delay=20
DBG_ANCHOR_CH5_SCAN_HANDLER role=2
DBG_ANCHOR_CH5_SCAN_BLOCKED win=0 survey=0 tx=1 retry_gap=0 wait=0 rx=0 rxq=0 rxr=0 ack=1 ch9=0 rf=1 retry=20 interval=380
DBG_ANCHOR_CH5_SCAN_RESCHED ret=1 delay=20
DBG_ANCHOR_CH5_SCAN_HANDLER role=2
DBG_ANCHOR_CH5_SCAN_BLOCKED win=0 survey=0 tx=1 retry_gap=0 wait=0 rx=0 rxq=0 rxr=0 ack=1 ch9=0 rf=1 retry=20 interval=380
DBG_ANCHOR_CH5_SCAN_RESCHED ret=1 delay=20
DBG_ANCHOR_CH5_SCAN_HANDLER role=2
DBG_ANCHOR_CH5_SCAN_BLOCKED win=0 survey=0 tx=1 retry_gap=0 wait=0 rx=0 rxq=0 rxr=0 ack=1 ch9=0 rf=1 retry=20 interval=380
DBG_ANCHOR_CH5_SCAN_RESCHED ret=1 delay=20
DBG_ANCHOR_CH5_SCAN_HANDLER role=2
DBG_ANCHOR_CH5_SCAN_BLOCKED win=0 survey=0 tx=1 retry_gap=0 wait=0 rx=0 rxq=0 rxr=0 ack=1 ch9=0 rf=1 retry=20 interval=380
DBG_ANCHOR_CH5_SCAN_RESCHED ret=1 delay=20
DBG_ANCHOR_CH5_SCAN_HANDLER role=2
DBG_ANCHOR_CH5_SCAN_BLOCKED win=0 survey=0 tx=1 retry_gap=0 wait=0 rx=0 rxq=0 rxr=0 ack=1 ch9=0 rf=1 retry=20 interval=380
DBG_ANCHOR_CH5_SCAN_RESCHED ret=1 delay=20
DBG_ANCHOR_CH5_SCAN_HANDLER role=2
DBG_ANCHOR_CH5_SCAN_BLOCKED win=0 survey=0 tx=1 retry_gap=0 wait=0 rx=0 rxq=0 rxr=0 ack=1 ch9=0 rf=1 retry=20 interval=380
DBG_ANCHOR_CH5_SCAN_RESCHED ret=1 delay=20
DBG_DIRECT_GW_TX_ACK_WAIT ret=-116 seq=4
DBG_DWM_KEEP_IDLE reason=direct-gateway-payload ch9=0 ack=0 qack=0 ret=0
DBG_RETRANSMIT_DEFER reason=send-failed ret=0 send=-11 delay=106 seq=4 state=2
DBG_ANCHOR_MESH_RX_YIELD reason=anchor-low-duty-ch5-owner ch9=0 delay=0 scan_int=380 scan_win=3 wait=0 q=0
DBG_ANCHOR_CH5_SCAN_HANDLER role=2
DBG_DWM_INVALIDATE tag=configure_radio_from_reset active_phy=3 configured=1 awake=1
DBG_DWM_MARK_UNCONFIGURED tag=initialise_radio prev_phy=0
DBG_DWM_WAKE_MESH_CTRL_OK sfd=4073
DBG_DWM_CH5_RX_HUNT_START acq=19 complete=15 cap=1021
DBG_DWM_CH5_RX_HUNT_EMPTY ret=-116 status=0x00000000 acq=19
DBG_ANCHOR_CH5_SCAN_RESCHED ret=2 delay=0
DBG_ANCHOR_CH5_SCAN_HANDLER role=2
DBG_ANCHOR_CH5_SCAN_BLOCKED win=0 survey=0 tx=1 retry_gap=1 wait=0 rx=0 rxq=0 rxr=0 ack=0 ch9=0 rf=0 retry=53 interval=380
DBG_ANCHOR_CH5_SCAN_RESCHED ret=1 delay=53
DBG_TX_TIMEOUT_ENTER relay=1 route=0 ch9pend=0 bundle=0 now=2207269
DBG_RETRANSMIT_DIRECT_GW seq=4 now=2207271
DBG_DWM_INVALIDATE tag=configure_radio_from_reset active_phy=4 configured=1 awake=1
DBG_ANCHOR_CH5_SCAN_HANDLER role=2
DBG_ANCHOR_CH5_SCAN_BLOCKED win=0 survey=0 tx=1 retry_gap=0 wait=0 rx=0 rxq=0 rxr=0 ack=1 ch9=0 rf=1 retry=20 interval=380
DBG_ANCHOR_CH5_SCAN_RESCHED ret=1 delay=20
DBG_DWM_MARK_UNCONFIGURED tag=initialise_radio prev_phy=0
DBG_DIRECT_GW_TX_CONFIG ret=0 now=2207292 seq=4
DBG_CH9_TX_SEND_AT now=2207293 earliest=2207269 msg=33 len=105
DBG_ANCHOR_CH5_SCAN_HANDLER role=2
DBG_ANCHOR_CH5_SCAN_BLOCKED win=0 survey=0 tx=1 retry_gap=0 wait=0 rx=0 rxq=0 rxr=0 ack=1 ch9=0 rf=1 retry=20 interval=380
DBG_ANCHOR_CH5_SCAN_RESCHED ret=1 delay=20
DBG_CH9_TX_DONE now=2207296 dur=3 len=105 msg=33
DBG_UWB_TX_CH9
DBG_CH9_TX_SINGLE_SEND_OK
DBG_CH9_EVENT_STATE state=complete peer=0x9999888877776666 start=2207271 end=2207521 reason=retransmit-direct-gateway
DBG_CH9_TX_ACK_CORE_OWNER src=0x191a9619c6c8cb07 seq=4 next=0x9999888877776666 deadline=2209296
DBG_DIRECT_GW_TX_ACK_TRANSIT_WAIT dst=0x9999888877776666 src=0x191a9619c6c8cb07 seq=4
DBG_ANCHOR_CH5_SCAN_HANDLER role=2
DBG_ANCHOR_CH5_SCAN_BLOCKED win=0 survey=0 tx=1 retry_gap=0 wait=0 rx=0 rxq=0 rxr=0 ack=1 ch9=0 rf=1 retry=20 interval=380
DBG_ANCHOR_CH5_SCAN_RESCHED ret=1 delay=20
DBG_UWB_RX_CH9
DBG_MESH_RX_QUEUED ch=9 msg=0x32 src=0x9999888877776666 dst=0x191a9619c6c8cb07 prev=0x9999888877776666 seq=24 q=1
DBG_GATEWAY_ACK_RX
DBG_DIRECT_GW_ACK_TRANSIT queued=1 valid=1 dst=0x191a9619c6c8cb07 seq=24
DBG_DIRECT_GW_TX_ACK_WAIT ret=0 seq=4
DBG_DWM_KEEP_IDLE reason=direct-gateway-payload ch9=0 ack=0 qack=0 ret=0
DBG_MESH_RX_WORK_WAIT q=1
DBG_MESH_RX_WORK_ENTER q=1
DBG_MESH_RX_DRAIN_ENTER owner=work q=1
DBG_CH9_TX_ACK_IDLE
DBG_LEGACY_ACK_CONFIRMED
DBG_NC o=000000000000002e g=0000002e w=00 e=00000041 s=00000005 q=0005>0008 r=00000000 f=00000026 t=00000000 p=00000002 a=01
DBG_NODE_COMM_TERMINAL_BACKEND_RELEASE handle=46 reason=0 attempts=1 ret=-2 pending=0 outstanding=0 complete=1 failures=0
DBG_ACK_CONFIRM_TERMINAL stage=complete ret=0 original=65 seq=4
DBG_MESH_RX_DRAIN_EXIT owner=work handled=1 q=0
DBG_ANCHOR_CH5_SCAN_HANDLER role=2
DBG_DWM_INVALIDATE tag=configure_radio_from_reset active_phy=3 configured=1 awake=1
DBG_DWM_MARK_UNCONFIGURED tag=initialise_radio prev_phy=0
DBG_DWM_WAKE_MESH_CTRL_OK sfd=4073
DBG_DWM_CH5_RX_HUNT_START acq=2000 complete=15 cap=1021
DBG_DWM_CH5_RX_HUNT_EMPTY ret=-116 status=0x00000000 acq=2000
DBG_DWM_CH5_RX_HUNT_START acq=2000 complete=15 cap=1021
DBG_DWM_CH5_RX_HUNT_EMPTY ret=-116 status=0x00000000 acq=2000
DBG_DWM_CH5_RX_HUNT_START acq=2000 complete=15 cap=1021
DBG_DWM_CH5_RX_ACTIVITY_EXTEND ret=0 status=0x00000100 complete=15
DBG_DWM_CH5_RX_ACTIVITY_WAIT status=0x00000100 remain=15
DBG_DWM_CH5_RX_ACTIVITY_DONE raw=172 payload=170 status=0x00006f00 rearm=0 extended=1
DBG_ANCHOR_CH5_SCAN_DONE ret=0 len=170 fail=0 pre=1 q=100 rx_us=6002075 complete=15
DBG_UWB_RX_CH5
DBG_ANCHOR_CH5_FRAME len=170 q=100 wake_ret=-5
DBG_UWB_RX_CH5
DBG_MESH_RX_QUEUED ch=5 msg=0x40 src=0x9999888877776666 dst=0x0 prev=0x9999888877776666 seq=5 q=1
DBG_MESH_RX_DEFERRED q=1 msg=0x40
DBG_ANCHOR_MESH_RX_HANDOFF_DEFERRED q=1 delay=380 rf=0
DBG_MESH_RX_WORK_WAIT q=1
DBG_MESH_RX_WORK_ENTER q=1
DBG_MESH_RX_DRAIN_ENTER owner=work q=1
DBG_C5_CONTACT phase=closing state=4 peer=0x9999888877776666 purpose=gateway_command_flood reason=expired
DBG_C5_CONTACT phase=open state=2 peer=0x9999888877776666 purpose=gateway_command_flood reason=c5-control-rx
DBG_C5_CONTACT phase=accepted state=2 peer=0x9999888877776666 purpose=gateway_command_flood reason=c5-control-rx
DBG_C5_FLOOD_WAIT now=2212438 wake=2212611 first=2212611 msg=40 attempt=1/3 reason=broadcast-forward
DBG_MESH_RX_SUBMIT ret=1 q=0 routeq=1
DBG_DWM_MARK_UNCONFIGURED tag=initialise_radio prev_phy=0
DBG_DWM_WAKE_MESH_CTRL_OK sfd=4073
DBG_DWM_CH5_RX_HUNT_START acq=2000 complete=15 cap=1021
DBG_DWM_CH5_RX_ACTIVITY_EXTEND ret=0 status=0x00000100 complete=15
DBG_DWM_CH5_RX_ACTIVITY_WAIT status=0x00000100 remain=15
DBG_DWM_CH5_RX_ACTIVITY_DONE raw=172 payload=170 status=0x00006f00 rearm=0 extended=1
DBG_ANCHOR_CH5_SCAN_DONE ret=0 len=170 fail=0 pre=1 q=100 rx_us=2000000 complete=15
DBG_UWB_RX_CH5
DBG_ANCHOR_CH5_FRAME len=170 q=100 wake_ret=-5
DBG_UWB_RX_CH5
DBG_MESH_RX_QUEUED ch=5 msg=0x40 src=0x9999888877776666 dst=0x0 prev=0x708bc0aab970300e seq=5 q=1
DBG_MESH_RX_DEFERRED q=1 msg=0x40
DBG_ANCHOR_MESH_RX_HANDOFF_DEFERRED q=1 delay=380 rf=0
DBG_MESH_RX_SUBMIT ret=2 q=1 routeq=1
DBG_ANCHOR_CH5_SCAN_RESCHED ret=2 delay=0
DBG_ANCHOR_CH5_SCAN_HANDLER role=2
DBG_DWM_INVALIDATE tag=configure_radio_from_reset active_phy=4 configured=1 awake=1
DBG_DWM_MARK_UNCONFIGURED tag=initialise_radio prev_phy=0
DBG_DWM_WAKE_MESH_CTRL_OK sfd=4073
DBG_DWM_CH5_RX_HUNT_START acq=2000 complete=15 cap=1021
DBG_DWM_CH5_RX_ACTIVITY_EXTEND ret=0 status=0x00000100 complete=15
DBG_DWM_CH5_RX_ACTIVITY_WAIT status=0x00000100 remain=15
DBG_DWM_CH5_RX_ACTIVITY_DONE raw=172 payload=170 status=0x00006f00 rearm=0 extended=1
DBG_ANCHOR_CH5_SCAN_DONE ret=0 len=170 fail=0 pre=1 q=100 rx_us=2000000 complete=15
DBG_UWB_RX_CH5
DBG_ANCHOR_CH5_FRAME len=170 q=100 wake_ret=-5
DBG_UWB_RX_CH5
DBG_MESH_RX_QUEUED ch=5 msg=0x40 src=0x9999888877776666 dst=0x0 prev=0x708bc0aab970300e seq=5 q=2
DBG_MESH_RX_DEFERRED q=2 msg=0x40
DBG_ANCHOR_MESH_RX_HANDOFF_DEFERRED q=2 delay=380 rf=0
DBG_MESH_RX_SUBMIT ret=0 q=2 routeq=1
DBG_ANCHOR_CH5_SCAN_RESCHED ret=2 delay=0
DBG_ANCHOR_CH5_SCAN_HANDLER role=2
DBG_DWM_INVALIDATE tag=configure_radio_from_reset active_phy=4 configured=1 awake=1
DBG_ENUM_RX_ACTIVE epoch=38797347 budget=418524 duplicate=1
DBG_ANCHOR_CH5_SCAN_RESCHED ret=2 delay=0
DBG_DISCOVERY_SLOT_RESPONSE_SCHEDULED phase=3 epoch=38797347 delay=909 slot=1 lane=1/2 hop=1 hash=0xfbc0680ae0b03045
DBG_DISCOVERY_SLOT_ASSIGNED state=ACK_PENDING epoch=38797347 slot=1 slot_count=50 lane=1/2 anchors=2 hash=0xfbc0680ae0b03045
DBG_ANCHOR_CH5_SCAN_RESCHED ret=0 delay=0
DBG_C5_CONTACT phase=accepted state=2 peer=0x708bc0aab970300e purpose=gateway_command_flood reason=c5-control-rx
DBG_ENUM_RX_ACTIVE epoch=38797347 budget=418524 duplicate=1
DBG_ANCHOR_CH5_SCAN_RESCHED ret=0 delay=0
DBG_MESH_RX_WORK_EXIT handled=3 q=0
DBG_DWM_MARK_UNCONFIGURED tag=initialise_radio prev_phy=0
DBG_DWM_WAKE_MESH_CTRL_OK sfd=4073
DBG_DWM_CH5_RX_HUNT_START acq=2000 complete=15 cap=1021
DBG_DWM_CH5_RX_ACTIVITY_EXTEND ret=0 status=0x00000100 complete=15
DBG_DWM_CH5_RX_ACTIVITY_WAIT status=0x00000100 remain=15
DBG_DWM_CH5_RX_ACTIVITY_DONE raw=172 payload=170 status=0x00006f00 rearm=0 extended=1
DBG_ANCHOR_CH5_SCAN_DONE ret=0 len=170 fail=0 pre=1 q=100 rx_us=2000000 complete=15
DBG_UWB_RX_CH5
DBG_ANCHOR_CH5_FRAME len=170 q=100 wake_ret=-5
DBG_UWB_RX_CH5
DBG_MESH_RX_QUEUED ch=5 msg=0x40 src=0x9999888877776666 dst=0x0 prev=0x708bc0aab970300e seq=5 q=1
DBG_MESH_RX_DEFERRED q=1 msg=0x40
DBG_ANCHOR_MESH_RX_HANDOFF_DEFERRED q=1 delay=380 rf=0
DBG_MESH_RX_WORK_WAIT q=1
DBG_MESH_RX_WORK_ENTER q=1
DBG_MESH_RX_DRAIN_ENTER owner=work q=1
DBG_C5_CONTACT phase=accepted state=2 peer=0x708bc0aab970300e purpose=gateway_command_flood reason=c5-control-rx
DBG_ENUM_RX_ACTIVE epoch=38797347 budget=418524 duplicate=1
DBG_ANCHOR_CH5_SCAN_RESCHED ret=0 delay=0
DBG_DISCOVERY_SLOT_RESPONSE_RETAIN phase=3 epoch=38797347 handle=0
DBG_DISCOVERY_SLOT_ACK_RESUME state=ACK_PENDING epoch=38797347 generation=38797353 slot=1
DBG_DISCOVERY_SLOT_TABLE_RETAIN epoch=38797347 generation=38797353 slot=1
DBG_MESH_RX_DRAIN_EXIT owner=work handled=1 q=0
DBG_DWM_MARK_UNCONFIGURED tag=initialise_radio prev_phy=0
DBG_DWM_WAKE_MESH_CTRL_OK sfd=4073
DBG_DWM_CH5_RX_HUNT_START acq=2000 complete=15 cap=1021
DBG_DWM_CH5_RX_ACTIVITY_EXTEND ret=0 status=0x00000100 complete=15
DBG_DWM_CH5_RX_ACTIVITY_WAIT status=0x00000100 remain=15
DBG_DWM_CH5_RX_ACTIVITY_DONE raw=172 payload=170 status=0x00006f00 rearm=0 extended=1
DBG_ANCHOR_CH5_SCAN_DONE ret=0 len=170 fail=0 pre=1 q=100 rx_us=2000000 complete=15
DBG_UWB_RX_CH5
DBG_ANCHOR_CH5_FRAME len=170 q=100 wake_ret=-5
DBG_UWB_RX_CH5
DBG_MESH_RX_QUEUED ch=5 msg=0x40 src=0x9999888877776666 dst=0x0 prev=0x708bc0aab970300e seq=5 q=1
DBG_MESH_RX_DEFERRED q=1 msg=0x40
DBG_ANCHOR_MESH_RX_HANDOFF_DEFERRED q=1 delay=380 rf=0
DBG_MESH_RX_WORK_WAIT q=1
DBG_MESH_RX_WORK_ENTER q=1
DBG_MESH_RX_DRAIN_ENTER owner=work q=1
DBG_C5_CONTACT phase=accepted state=2 peer=0x708bc0aab970300e purpose=gateway_command_flood reason=c5-control-rx
DBG_ENUM_RX_ACTIVE epoch=38797347 budget=418524 duplicate=1
DBG_ANCHOR_CH5_SCAN_RESCHED ret=2 delay=0
DBG_DISCOVERY_SLOT_RESPONSE_RETAIN phase=3 epoch=38797347 handle=0
DBG_DISCOVERY_SLOT_ACK_RESUME state=ACK_PENDING epoch=38797347 generation=38797353 slot=1
DBG_DISCOVERY_SLOT_TABLE_RETAIN epoch=38797347 generation=38797353 slot=1
DBG_MESH_RX_DRAIN_EXIT owner=work handled=1 q=0
DBG_DWM_MARK_UNCONFIGURED tag=initialise_radio prev_phy=0
DBG_DWM_WAKE_MESH_CTRL_OK sfd=4073
DBG_DWM_CH5_RX_HUNT_START acq=2000 complete=15 cap=1021
DBG_DWM_CH5_RX_ACTIVITY_EXTEND ret=0 status=0x00000100 complete=15
DBG_DWM_CH5_RX_ACTIVITY_WAIT status=0x00000100 remain=15
DBG_DWM_CH5_RX_ACTIVITY_REARM status=0x00001300 fail=4 remain=14 rearm=1
DBG_DWM_CH5_RX_ACTIVITY_FAIL ret=-116 status=0x00000000 last=0x00000000 fail=4 activity=1 rearm=1
DBG_ANCHOR_CH5_SCAN_DONE ret=-5 len=0 fail=4 pre=1 q=0 rx_us=2000000 complete=15
DBG_ANCHOR_CH5_ACTIVITY_COOLDOWN ret=-5 fail=4 reason=crc_failure rx_us=2000000 cooldown=100
DBG_ANCHOR_CH5_SCAN_RESCHED ret=2 delay=0
DBG_ANCHOR_CH5_SCAN_HANDLER role=2
DBG_DWM_INVALIDATE tag=configure_radio_from_reset active_phy=4 configured=1 awake=1
DBG_DWM_MARK_UNCONFIGURED tag=initialise_radio prev_phy=0
DBG_DWM_WAKE_MESH_CTRL_OK sfd=4073
DBG_DWM_CH5_RX_HUNT_START acq=2000 complete=15 cap=1021
DBG_NC o=000000000000002f g=0000002f w=00 e=0000003c s=00000005 q=0000>0004 r=00000000 f=00000024 t=00000000 p=00000000 a=00
DBG_NODE_COMM_SUBMIT handle=47 profile=3 token=17039365 deadline=2243521
DBG_DISCOVERY_SLOT_RESPONSE phase=3 epoch=38797347 hash=0xfbc0680ae0b03045 hop=1 slot=1 attempt=1 ret=0
DBG_NODE_COMM_TX_BEGIN handle=47 profile=3 msg=65 dst=0x9999888877776666 seq=5
DBG_ANCHOR_CH5_SCAN_DONE ret=-140 len=0 fail=0 pre=0 q=0 rx_us=2000000 complete=15
DBG_ANCHOR_CH5_SCAN_RESCHED ret=2 delay=0
DBG_ANCHOR_CH5_SCAN_HANDLER role=2
DBG_PROTOCOL_RESPONSE_RX_HANDOFF_READY abort=1 owner=5 seq=5
DBG_DIRECT_GW_TX seq=5 now=2213524 reason=node-comm-reliable-uplink
DBG_CH9_EVENT_STATE state=tx_payload peer=0x9999888877776666 start=2213524 end=2213774 reason=node-comm-reliable-uplink
DBG_DWM_INVALIDATE tag=configure_radio_from_reset active_phy=4 configured=1 awake=1
DBG_ANCHOR_CH5_SCAN_BLOCKED win=0 survey=0 tx=0 retry_gap=0 wait=0 rx=1 rxq=0 rxr=1 ack=0 ch9=0 rf=0 retry=20 interval=380
DBG_UWB_TX_CH9
DBG_DWM_CH5_RX_ACTIVITY_EXTEND ret=0 status=0x00000100 complete=15
DBG_DWM_CH5_RX_ACTIVITY_WAIT status=0x00000100 remain=15
DBG_DWM_CH5_RX_ACTIVITY_DONE raw=171 payload=169 status=0x00006f00 rearm=0 extended=1
DBG_ANCHOR_CH5_SCAN_DONE ret=0 len=169 fail=0 pre=1 q=100 rx_us=2000000 complete=15
DBG_UWB_RX_CH5
DBG_ANCHOR_CH5_FRAME len=169 q=100 wake_ret=-5
DBG_UWB_RX_CH5
DBG_MESH_RX_QUEUED ch=5 msg=0x40 src=0x9999888877776666 dst=0x0 prev=0x9999888877776666 seq=6 q=1
DBG_MESH_RX_DEFERRED q=1 msg=0x40
DBG_ANCHOR_MESH_RX_HANDOFF_DEFERRED q=1 delay=380 rf=0
DBG_MESH_RX_WORK_WAIT q=1
DBG_MESH_RX_WORK_ENTER q=1
DBG_MESH_RX_DRAIN_ENTER owner=work q=1
DBG_C5_CONTACT phase=closing state=4 peer=0x708bc0aab970300e purpose=gateway_command_flood reason=replace
DBG_C5_CONTACT phase=open state=2 peer=0x9999888877776666 purpose=gateway_command_flood reason=c5-control-rx
DBG_C5_CONTACT phase=accepted state=2 peer=0x9999888877776666 purpose=gateway_command_flood reason=c5-control-rx
DBG_C5_FLOOD_WAIT now=2214530 wake=2214703 first=2214703 msg=40 attempt=1/3 reason=broadcast-forward
DBG_MESH_RX_SUBMIT ret=1 q=0 routeq=1
DBG_DWM_MARK_UNCONFIGURED tag=initialise_radio prev_phy=0
DBG_DWM_WAKE_MESH_CTRL_OK sfd=4073
DBG_DWM_CH5_RX_HUNT_START acq=2000 complete=15 cap=1021
DBG_ENUM_RX_TERMINAL epoch=38797347 reason=end
DBG_ANCHOR_CH5_SCAN_RESCHED ret=1 delay=380
DBG_ENUM_END_ACCEPT epoch=38797347 table_seq=38797353 pending=0 committed=1
DBG_MESH_RX_DRAIN_EXIT owner=work handled=1 q=0
DBG_MESH_RX_WORK_EXIT handled=1 q=0
DBG_DWM_CH5_RX_HUNT_EMPTY ret=-116 status=0x00000000 acq=2000
DBG_ANCHOR_CH5_SCAN_RESCHED ret=1 delay=380
DBG_ANCHOR_CH5_SCAN_HANDLER role=2
DBG_ANCHOR_CH5_SCAN_ARM now=2216555 win=3 complete=15 interval=380 wait=0 tx=0 response=0
DBG_DWM_INVALIDATE tag=configure_radio_from_reset active_phy=4 configured=1 awake=0
DBG_DWM_MARK_UNCONFIGURED tag=initialise_radio prev_phy=0
DBG_DWM_CH5_RX_HUNT_START acq=3 complete=15 cap=1021
DBG_DWM_CH5_RX_HUNT_EMPTY ret=-116 status=0x00000000 acq=3
DBG_ANCHOR_CH5_SCAN_DONE ret=-116 len=0 fail=1 pre=0 q=0 rx_us=3631 complete=15
DBG_ANCHOR_CH5_SCAN_RESCHED ret=1 delay=380
DBG_ANCHOR_CH5_SCAN_HANDLER role=2
DBG_DWM_INVALIDATE tag=configure_radio_from_reset active_phy=2 configured=1 awake=0
DBG_DWM_MARK_UNCONFIGURED tag=initialise_radio prev_phy=0
DBG_DWM_CH5_RX_HUNT_START acq=3 complete=15 cap=1021
DBG_DWM_CH5_RX_HUNT_EMPTY ret=-116 status=0x00000000 acq=3
DBG_ANCHOR_CH5_SCAN_RESCHED ret=1 delay=380
DBG_DWM_INVALIDATE tag=configure_radio_from_reset active_phy=2 configured=1 awake=0
DBG_DWM_MARK_UNCONFIGURED tag=initialise_radio prev_phy=0
DBG_DWM_INVALIDATE tag=configure_radio_from_reset active_phy=2 configured=1 awake=0
DBG_DWM_MARK_UNCONFIGURED tag=initialise_radio prev_phy=0
DBG_DWM_WAKE_MESH_CTRL_OK sfd=4073
DBG_C5_TX_CONFIG ret=0 ext=1 len=170 msg=40 reason=bounded-c5-flood
DBG_UWB_TX_CH5
DBG_DWM_INVALIDATE tag=configure_radio_from_reset active_phy=4 configured=1 awake=0
DBG_ANCHOR_CH5_SCAN_HANDLER role=2
DBG_ANCHOR_CH5_SCAN_BLOCKED win=0 survey=0 tx=0 retry_gap=0 wait=0 rx=0 rxq=0 rxr=0 ack=0 ch9=0 rf=1 retry=20 interval=380
DBG_ANCHOR_CH5_SCAN_RESCHED ret=1 delay=20
DBG_DWM_MARK_UNCONFIGURED tag=initialise_radio prev_phy=0
DBG_DWM_WAKE_MESH_CTRL_OK sfd=4073
DBG_ANCHOR_CH5_SCAN_HANDLER role=2
DBG_ANCHOR_CH5_SCAN_BLOCKED win=0 survey=0 tx=0 retry_gap=0 wait=0 rx=0 rxq=0 rxr=0 ack=0 ch9=0 rf=1 retry=20 interval=380
DBG_ANCHOR_CH5_SCAN_RESCHED ret=1 delay=20
DBG_ANCHOR_CH5_SCAN_HANDLER role=2
DBG_ANCHOR_CH5_SCAN_BLOCKED win=0 survey=0 tx=0 retry_gap=0 wait=0 rx=0 rxq=0 rxr=0 ack=0 ch9=0 rf=1 retry=20 interval=380
DBG_ANCHOR_CH5_SCAN_RESCHED ret=1 delay=20
DBG_DWM_INVALIDATE tag=configure_radio_from_reset active_phy=4 configured=1 awake=0
DBG_ANCHOR_CH5_SCAN_HANDLER role=2
DBG_ANCHOR_CH5_SCAN_BLOCKED win=0 survey=0 tx=0 retry_gap=0 wait=0 rx=0 rxq=0 rxr=0 ack=0 ch9=0 rf=1 retry=20 interval=380
DBG_ANCHOR_CH5_SCAN_RESCHED ret=1 delay=20
DBG_DWM_MARK_UNCONFIGURED tag=initialise_radio prev_phy=0
DBG_DWM_INVALIDATE tag=configure_radio_from_reset active_phy=2 configured=1 awake=0
DBG_ANCHOR_CH5_SCAN_HANDLER role=2
DBG_ANCHOR_CH5_SCAN_BLOCKED win=0 survey=0 tx=0 retry_gap=0 wait=0 rx=0 rxq=0 rxr=0 ack=0 ch9=0 rf=1 retry=20 interval=380
DBG_ANCHOR_CH5_SCAN_RESCHED ret=1 delay=20
DBG_DWM_MARK_UNCONFIGURED tag=initialise_radio prev_phy=0
DBG_DWM_WAKE_MESH_CTRL_OK sfd=4073
DBG_C5_TX_CONFIG ret=0 ext=1 len=170 msg=40 reason=bounded-c5-flood
DBG_ANCHOR_CH5_SCAN_HANDLER role=2
DBG_UWB_TX_CH5
DBG_DWM_INVALIDATE tag=configure_radio_from_reset active_phy=4 configured=1 awake=0
DBG_ANCHOR_CH5_SCAN_BLOCKED win=0 survey=0 tx=0 retry_gap=0 wait=0 rx=0 rxq=0 rxr=0 ack=0 ch9=0 rf=1 retry=20 interval=380
DBG_ANCHOR_CH5_SCAN_RESCHED ret=1 delay=20
DBG_DWM_MARK_UNCONFIGURED tag=initialise_radio prev_phy=0
DBG_DWM_WAKE_MESH_CTRL_OK sfd=4073
DBG_ANCHOR_CH5_SCAN_HANDLER role=2
DBG_ANCHOR_CH5_SCAN_BLOCKED win=0 survey=0 tx=0 retry_gap=0 wait=0 rx=0 rxq=0 rxr=0 ack=0 ch9=0 rf=1 retry=20 interval=380
DBG_ANCHOR_CH5_SCAN_RESCHED ret=1 delay=20
DBG_ANCHOR_CH5_SCAN_HANDLER role=2
DBG_ANCHOR_CH5_SCAN_BLOCKED win=0 survey=0 tx=0 retry_gap=0 wait=0 rx=0 rxq=0 rxr=0 ack=0 ch9=0 rf=1 retry=20 interval=380
DBG_ANCHOR_CH5_SCAN_RESCHED ret=1 delay=20
DBG_DWM_INVALIDATE tag=configure_radio_from_reset active_phy=4 configured=1 awake=0
DBG_ANCHOR_CH5_SCAN_HANDLER role=2
DBG_ANCHOR_CH5_SCAN_BLOCKED win=0 survey=0 tx=0 retry_gap=0 wait=0 rx=0 rxq=0 rxr=0 ack=0 ch9=0 rf=1 retry=20 interval=380
DBG_ANCHOR_CH5_SCAN_RESCHED ret=1 delay=20
DBG_DWM_MARK_UNCONFIGURED tag=initialise_radio prev_phy=0
DBG_DWM_INVALIDATE tag=configure_radio_from_reset active_phy=2 configured=1 awake=0
DBG_ANCHOR_CH5_SCAN_HANDLER role=2
DBG_ANCHOR_CH5_SCAN_BLOCKED win=0 survey=0 tx=0 retry_gap=0 wait=0 rx=0 rxq=0 rxr=0 ack=0 ch9=0 rf=1 retry=20 interval=380
DBG_ANCHOR_CH5_SCAN_RESCHED ret=1 delay=20
DBG_DWM_MARK_UNCONFIGURED tag=initialise_radio prev_phy=0
DBG_DWM_WAKE_MESH_CTRL_OK sfd=4073
DBG_C5_TX_CONFIG ret=0 ext=1 len=170 msg=40 reason=bounded-c5-flood
DBG_ANCHOR_CH5_SCAN_HANDLER role=2
DBG_UWB_TX_CH5
DBG_DWM_INVALIDATE tag=configure_radio_from_reset active_phy=4 configured=1 awake=0
DBG_ANCHOR_CH5_SCAN_BLOCKED win=0 survey=0 tx=0 retry_gap=0 wait=0 rx=0 rxq=0 rxr=0 ack=0 ch9=0 rf=1 retry=20 interval=380
DBG_ANCHOR_CH5_SCAN_RESCHED ret=1 delay=20
DBG_DWM_MARK_UNCONFIGURED tag=initialise_radio prev_phy=0
DBG_DWM_WAKE_MESH_CTRL_OK sfd=4073
DBG_ANCHOR_CH5_SCAN_HANDLER role=2
DBG_ANCHOR_CH5_SCAN_BLOCKED win=0 survey=0 tx=0 retry_gap=0 wait=0 rx=0 rxq=0 rxr=0 ack=0 ch9=0 rf=1 retry=20 interval=380
DBG_ANCHOR_CH5_SCAN_RESCHED ret=1 delay=20
DBG_ANCHOR_CH5_SCAN_HANDLER role=2
DBG_ANCHOR_CH5_SCAN_BLOCKED win=0 survey=0 tx=0 retry_gap=0 wait=0 rx=0 rxq=0 rxr=0 ack=0 ch9=0 rf=1 retry=20 interval=380
DBG_ANCHOR_CH5_SCAN_RESCHED ret=1 delay=20
DBG_DWM_INVALIDATE tag=configure_radio_from_reset active_phy=4 configured=1 awake=0
DBG_ANCHOR_CH5_SCAN_HANDLER role=2
DBG_ANCHOR_CH5_SCAN_BLOCKED win=0 survey=0 tx=0 retry_gap=0 wait=0 rx=0 rxq=0 rxr=0 ack=0 ch9=0 rf=1 retry=20 interval=380
DBG_ANCHOR_CH5_SCAN_RESCHED ret=1 delay=20
DBG_DWM_MARK_UNCONFIGURED tag=initialise_radio prev_phy=0
DBG_DWM_INVALIDATE tag=configure_radio_from_reset active_phy=2 configured=1 awake=0
DBG_ANCHOR_CH5_SCAN_HANDLER role=2
DBG_ANCHOR_CH5_SCAN_BLOCKED win=0 survey=0 tx=0 retry_gap=0 wait=0 rx=0 rxq=0 rxr=0 ack=0 ch9=0 rf=1 retry=20 interval=380
DBG_ANCHOR_CH5_SCAN_RESCHED ret=1 delay=20
DBG_DWM_MARK_UNCONFIGURED tag=initialise_radio prev_phy=0
DBG_DWM_WAKE_MESH_CTRL_OK sfd=4073
DBG_C5_TX_CONFIG ret=0 ext=1 len=170 msg=40 reason=bounded-c5-flood
DBG_ANCHOR_CH5_SCAN_HANDLER role=2
DBG_UWB_TX_CH5
DBG_C5_FLOOD_WAIT now=2217718 wake=2217780 first=2217780 msg=40 attempt=2/3 reason=broadcast-forward
DBG_ANCHOR_CH5_SCAN_BLOCKED win=0 survey=0 tx=0 retry_gap=0 wait=0 rx=0 rxq=0 rxr=0 ack=0 ch9=0 rf=1 retry=20 interval=380
DBG_ANCHOR_CH5_SCAN_RESCHED ret=1 delay=20
DBG_ANCHOR_CH5_SCAN_HANDLER role=2
DBG_ANCHOR_CH5_SCAN_ARM now=2217739 win=3 complete=15 interval=380 wait=0 tx=0 response=0
DBG_DWM_INVALIDATE tag=configure_radio_from_reset active_phy=4 configured=1 awake=0
DBG_DWM_MARK_UNCONFIGURED tag=initialise_radio prev_phy=0
DBG_DWM_CH5_RX_HUNT_START acq=3 complete=15 cap=1021
DBG_DWM_CH5_RX_HUNT_EMPTY ret=-116 status=0x00000000 acq=3
DBG_ANCHOR_CH5_SCAN_DONE ret=-116 len=0 fail=1 pre=0 q=0 rx_us=3997 complete=15
DBG_ANCHOR_CH5_SCAN_RESCHED ret=1 delay=380
DBG_DWM_INVALIDATE tag=configure_radio_from_reset active_phy=2 configured=1 awake=0
DBG_DWM_MARK_UNCONFIGURED tag=initialise_radio prev_phy=0
DBG_DWM_INVALIDATE tag=configure_radio_from_reset active_phy=2 configured=1 awake=0
DBG_DWM_MARK_UNCONFIGURED tag=initialise_radio prev_phy=0
DBG_DWM_WAKE_MESH_CTRL_OK sfd=4073
DBG_C5_TX_CONFIG ret=0 ext=1 len=170 msg=40 reason=bounded-c5-flood
DBG_UWB_TX_CH5
DBG_DWM_INVALIDATE tag=configure_radio_from_reset active_phy=4 configured=1 awake=0
DBG_DWM_MARK_UNCONFIGURED tag=initialise_radio prev_phy=0
DBG_DWM_WAKE_MESH_CTRL_OK sfd=4073
DBG_DWM_INVALIDATE tag=configure_radio_from_reset active_phy=4 configured=1 awake=0
DBG_DWM_MARK_UNCONFIGURED tag=initialise_radio prev_phy=0
DBG_DWM_INVALIDATE tag=configure_radio_from_reset active_phy=2 configured=1 awake=0
DBG_DWM_MARK_UNCONFIGURED tag=initialise_radio prev_phy=0
DBG_DWM_WAKE_MESH_CTRL_OK sfd=4073
DBG_C5_TX_CONFIG ret=0 ext=1 len=170 msg=40 reason=bounded-c5-flood
DBG_UWB_TX_CH5
DBG_DWM_INVALIDATE tag=configure_radio_from_reset active_phy=4 configured=1 awake=0
DBG_DWM_MARK_UNCONFIGURED tag=initialise_radio prev_phy=0
DBG_DWM_WAKE_MESH_CTRL_OK sfd=4073
DBG_DWM_INVALIDATE tag=configure_radio_from_reset active_phy=4 configured=1 awake=0
DBG_DWM_MARK_UNCONFIGURED tag=initialise_radio prev_phy=0
DBG_DWM_INVALIDATE tag=configure_radio_from_reset active_phy=2 configured=1 awake=0
DBG_DWM_MARK_UNCONFIGURED tag=initialise_radio prev_phy=0
DBG_DWM_WAKE_MESH_CTRL_OK sfd=4073
DBG_C5_TX_CONFIG ret=0 ext=1 len=170 msg=40 reason=bounded-c5-flood
DBG_UWB_TX_CH5
DBG_DWM_INVALIDATE tag=configure_radio_from_reset active_phy=4 configured=1 awake=0
DBG_DWM_MARK_UNCONFIGURED tag=initialise_radio prev_phy=0
DBG_DWM_WAKE_MESH_CTRL_OK sfd=4073
DBG_DWM_INVALIDATE tag=configure_radio_from_reset active_phy=4 configured=1 awake=0
DBG_ANCHOR_CH5_SCAN_HANDLER role=2
DBG_ANCHOR_CH5_SCAN_BLOCKED win=0 survey=0 tx=0 retry_gap=0 wait=0 rx=0 rxq=0 rxr=0 ack=0 ch9=0 rf=1 retry=20 interval=380
DBG_ANCHOR_CH5_SCAN_RESCHED ret=1 delay=20
DBG_DWM_MARK_UNCONFIGURED tag=initialise_radio prev_phy=0
DBG_DWM_INVALIDATE tag=configure_radio_from_reset active_phy=2 configured=1 awake=0
DBG_ANCHOR_CH5_SCAN_HANDLER role=2
DBG_ANCHOR_CH5_SCAN_BLOCKED win=0 survey=0 tx=0 retry_gap=0 wait=0 rx=0 rxq=0 rxr=0 ack=0 ch9=0 rf=1 retry=20 interval=380
DBG_ANCHOR_CH5_SCAN_RESCHED ret=1 delay=20
DBG_DWM_MARK_UNCONFIGURED tag=initialise_radio prev_phy=0
DBG_DWM_WAKE_MESH_CTRL_OK sfd=4073
DBG_C5_TX_CONFIG ret=0 ext=1 len=170 msg=40 reason=bounded-c5-flood
DBG_ANCHOR_CH5_SCAN_HANDLER role=2
DBG_UWB_TX_CH5
DBG_C5_FLOOD_WAIT now=2218188 wake=2218238 first=2218238 msg=40 attempt=3/3 reason=broadcast-forward
DBG_ANCHOR_CH5_SCAN_BLOCKED win=0 survey=0 tx=0 retry_gap=0 wait=0 rx=0 rxq=0 rxr=0 ack=0 ch9=0 rf=1 retry=20 interval=380
DBG_ANCHOR_CH5_SCAN_RESCHED ret=1 delay=20
DBG_ANCHOR_CH5_SCAN_HANDLER role=2
DBG_DWM_INVALIDATE tag=configure_radio_from_reset active_phy=4 configured=1 awake=0
DBG_DWM_MARK_UNCONFIGURED tag=initialise_radio prev_phy=0
DBG_DWM_CH5_RX_HUNT_START acq=3 complete=15 cap=1021
DBG_DWM_CH5_RX_HUNT_EMPTY ret=-116 status=0x00000000 acq=3
DBG_ANCHOR_CH5_SCAN_RESCHED ret=1 delay=380
DBG_DWM_INVALIDATE tag=configure_radio_from_reset active_phy=2 configured=1 awake=0
DBG_DWM_MARK_UNCONFIGURED tag=initialise_radio prev_phy=0
DBG_DWM_INVALIDATE tag=configure_radio_from_reset active_phy=2 configured=1 awake=0
DBG_DWM_MARK_UNCONFIGURED tag=initialise_radio prev_phy=0
DBG_DWM_WAKE_MESH_CTRL_OK sfd=4073
DBG_C5_TX_CONFIG ret=0 ext=1 len=170 msg=40 reason=bounded-c5-flood
DBG_UWB_TX_CH5
DBG_DWM_INVALIDATE tag=configure_radio_from_reset active_phy=4 configured=1 awake=0
DBG_DWM_MARK_UNCONFIGURED tag=initialise_radio prev_phy=0
DBG_DWM_WAKE_MESH_CTRL_OK sfd=4073
DBG_DWM_INVALIDATE tag=configure_radio_from_reset active_phy=4 configured=1 awake=0
DBG_DWM_MARK_UNCONFIGURED tag=initialise_radio prev_phy=0
DBG_DWM_INVALIDATE tag=configure_radio_from_reset active_phy=2 configured=1 awake=0
DBG_DWM_MARK_UNCONFIGURED tag=initialise_radio prev_phy=0
DBG_DWM_WAKE_MESH_CTRL_OK sfd=4073
DBG_C5_TX_CONFIG ret=0 ext=1 len=170 msg=40 reason=bounded-c5-flood
DBG_UWB_TX_CH5
DBG_DWM_INVALIDATE tag=configure_radio_from_reset active_phy=4 configured=1 awake=0
DBG_DWM_MARK_UNCONFIGURED tag=initialise_radio prev_phy=0
DBG_DWM_WAKE_MESH_CTRL_OK sfd=4073
DBG_DWM_INVALIDATE tag=configure_radio_from_reset active_phy=4 configured=1 awake=0
DBG_DWM_MARK_UNCONFIGURED tag=initialise_radio prev_phy=0
DBG_DWM_INVALIDATE tag=configure_radio_from_reset active_phy=2 configured=1 awake=0
DBG_DWM_MARK_UNCONFIGURED tag=initialise_radio prev_phy=0
DBG_DWM_WAKE_MESH_CTRL_OK sfd=4073
DBG_C5_TX_CONFIG ret=0 ext=1 len=170 msg=40 reason=bounded-c5-flood
DBG_UWB_TX_CH5
DBG_DWM_INVALIDATE tag=configure_radio_from_reset active_phy=4 configured=1 awake=0
DBG_DWM_MARK_UNCONFIGURED tag=initialise_radio prev_phy=0
DBG_DWM_WAKE_MESH_CTRL_OK sfd=4073
DBG_DWM_INVALIDATE tag=configure_radio_from_reset active_phy=4 configured=1 awake=0
DBG_DWM_MARK_UNCONFIGURED tag=initialise_radio prev_phy=0
DBG_DWM_INVALIDATE tag=configure_radio_from_reset active_phy=2 configured=1 awake=0
DBG_ANCHOR_CH5_SCAN_HANDLER role=2
DBG_ANCHOR_CH5_SCAN_BLOCKED win=0 survey=0 tx=0 retry_gap=0 wait=0 rx=0 rxq=0 rxr=0 ack=0 ch9=0 rf=1 retry=20 interval=380
DBG_ANCHOR_CH5_SCAN_RESCHED ret=1 delay=20
DBG_DWM_MARK_UNCONFIGURED tag=initialise_radio prev_phy=0
DBG_DWM_WAKE_MESH_CTRL_OK sfd=4073
DBG_C5_TX_CONFIG ret=0 ext=1 len=170 msg=40 reason=bounded-c5-flood
DBG_ANCHOR_CH5_SCAN_HANDLER role=2
DBG_ANCHOR_CH5_SCAN_BLOCKED win=0 survey=0 tx=0 retry_gap=0 wait=0 rx=0 rxq=0 rxr=0 ack=0 ch9=0 rf=1 retry=20 interval=380
DBG_ANCHOR_CH5_SCAN_RESCHED ret=1 delay=20
DBG_UWB_TX_CH5
DBG_ANCHOR_MESH_RX_YIELD reason=anchor-low-duty-ch5-owner ch9=0 delay=0 scan_int=380 scan_win=3 wait=0 q=0
DBG_ANCHOR_CH5_SCAN_HANDLER role=2
DBG_DWM_INVALIDATE tag=configure_radio_from_reset active_phy=4 configured=1 awake=0
DBG_DWM_MARK_UNCONFIGURED tag=initialise_radio prev_phy=0
DBG_DWM_CH5_RX_HUNT_START acq=3 complete=15 cap=1021
DBG_DWM_CH5_RX_HUNT_EMPTY ret=-116 status=0x00000000 acq=3
DBG_ANCHOR_CH5_SCAN_RESCHED ret=1 delay=380
DBG_ANCHOR_CH5_SCAN_HANDLER role=2
DBG_ANCHOR_CH5_SCAN_ARM now=2219061 win=3 complete=15 interval=380 wait=0 tx=0 response=0
DBG_DWM_INVALIDATE tag=configure_radio_from_reset active_phy=2 configured=1 awake=0
DBG_DWM_MARK_UNCONFIGURED tag=initialise_radio prev_phy=0
DBG_DWM_CH5_RX_HUNT_START acq=3 complete=15 cap=1021
DBG_DWM_CH5_RX_HUNT_EMPTY ret=-116 status=0x00000000 acq=3
DBG_ANCHOR_CH5_SCAN_DONE ret=-116 len=0 fail=1 pre=0 q=0 rx_us=3448 complete=15
DBG_ANCHOR_CH5_SCAN_RESCHED ret=1 delay=380
DBG_ANCHOR_CH5_SCAN_HANDLER role=2
DBG_DWM_INVALIDATE tag=configure_radio_from_reset active_phy=2 configured=1 awake=0
DBG_DWM_MARK_UNCONFIGURED tag=initialise_radio prev_phy=0
DBG_DWM_CH5_RX_HUNT_START acq=3 complete=15 cap=1021
DBG_DWM_CH5_RX_HUNT_EMPTY ret=-116 status=0x00000000 acq=3
DBG_ANCHOR_CH5_SCAN_RESCHED ret=1 delay=380
DBG_ANCHOR_CH5_SCAN_HANDLER role=2
DBG_DWM_INVALIDATE tag=configure_radio_from_reset active_phy=2 configured=1 awake=0
DBG_DWM_MARK_UNCONFIGURED tag=initialise_radio prev_phy=0
DBG_DWM_CH5_RX_HUNT_START acq=3 complete=15 cap=1021
DBG_DWM_CH5_RX_HUNT_EMPTY ret=-116 status=0x00000000 acq=3
DBG_ANCHOR_CH5_SCAN_RESCHED ret=1 delay=380
DBG_ANCHOR_CH5_SCAN_HANDLER role=2
DBG_ANCHOR_CH5_SCAN_ARM now=2220282 win=3 complete=15 interval=380 wait=0 tx=0 response=0
DBG_DWM_INVALIDATE tag=configure_radio_from_reset active_phy=2 configured=1 awake=0
DBG_DWM_MARK_UNCONFIGURED tag=initialise_radio prev_phy=0
DBG_DWM_CH5_RX_HUNT_START acq=3 complete=15 cap=1021
DBG_DWM_CH5_RX_HUNT_EMPTY ret=-116 status=0x00000000 acq=3
DBG_ANCHOR_CH5_SCAN_DONE ret=-116 len=0 fail=1 pre=0 q=0 rx_us=3479 complete=15
DBG_ANCHOR_CH5_SCAN_RESCHED ret=1 delay=380
DBG_ANCHOR_CH5_SCAN_HANDLER role=2
DBG_DWM_INVALIDATE tag=configure_radio_from_reset active_phy=2 configured=1 awake=0
DBG_DWM_MARK_UNCONFIGURED tag=initialise_radio prev_phy=0
DBG_DWM_CH5_RX_HUNT_START acq=3 complete=15 cap=1021
DBG_DWM_CH5_RX_HUNT_EMPTY ret=-116 status=0x00000000 acq=3
DBG_ANCHOR_CH5_SCAN_RESCHED ret=1 delay=380
DBG_ANCHOR_CH5_SCAN_HANDLER role=2
DBG_DWM_INVALIDATE tag=configure_radio_from_reset active_phy=2 configured=1 awake=0
DBG_DWM_MARK_UNCONFIGURED tag=initialise_radio prev_phy=0
DBG_DWM_CH5_RX_HUNT_START acq=3 complete=15 cap=1021
DBG_DWM_CH5_RX_HUNT_EMPTY ret=-116 status=0x00000000 acq=3
DBG_ANCHOR_CH5_SCAN_RESCHED ret=1 delay=380
