89295.803 [0] DBG_ANCHOR_CH5_SCAN_HANDLER role=2
89295.803 [0] DBG_DWM_CH5_RX_HUNT_START acq=10 complete=1000 cap=1020
89295.803 [0] DBG_DWM_CH5_RX_HUNT_EMPTY s=259768 e=259778 ret=-116 sys=00000000 phy=2 cfg=1 aw=1 unk=0
89295.803 [0] DBG_ANCHOR_CH5_SCAN_RESCHED ret=1 delay=380
89295.803 [0] DBG_STACK_RUN_BEGIN epoch=16284486061926904368 run=175 kind=anchor_scan owner=anchor_uwb_scan queue=0 custody=0 credit=0 retry=0 drain=0 src=16876665336513972910 dst=11068027678940948070 session=0 seq=0 type=48 sequence=0 previous=0 uptime=259780
89295.803 [0] DBG_STACK_SAMPLE_BEGIN epoch=16284486061926904368 run=175 sample=175 kind=anchor_scan owner=anchor_uwb_scan queue=0 custody=0 credit=0 retry=0 drain=0 src=16876665336513972910 dst=11068027678940948070 session=0 seq=0 type=48 uptime=259780
89295.803 [0] DBG_STACK_ISR_CONFIG size=8192 run=175 sample=175
89295.803 [0] DBG_STACK name=anchor_uwb_scan tid=0x2000ca08 used=7952 free=2032 size=9984 ret=0 run=175 sample=175
89295.803 [0] DBG_STACK name=mesh_route tid=0x2000b038 used=6976 free=2496 size=9472 ret=0 run=175 sample=175
89295.803 [0] DBG_ANCHOR_CH5_SCAN_HANDLER role=2
89296.042 [0] DBG_ANCHOR_CH5_SCAN_HANDLER role=2
89296.088 [0] DBG_DWM_CH5_RX_HUNT_START acq=10 complete=1000 cap=1020
89296.088 [0] DBG_DWM_CH5_RX_HUNT_EMPTY s=263368 e=263378 ret=-116 sys=00000000 phy=2 cfg=1 aw=1 unk=0
89296.088 [0] DBG_ANCHOR_CH5_SCAN_RESCHED ret=1 delay=380
89296.088 [0] DBG_STACK_RUN_BEGIN epoch=16284486061926904368 run=176 kind=anchor_scan owner=anchor_uwb_scan queue=0 custody=0 credit=0 retry=0 drain=0 src=16876665336513972910 dst=11068027678940948070 session=0 seq=0 type=48 sequence=0 previous=0 uptime=263379
89296.088 [0] DBG_STACK_SAMPLE_BEGIN epoch=16284486061926904368 run=176 sample=176 kind=anchor_scan owner=anchor_uwb_scan queue=0 custody=0 credit=0 retry=0 drain=0 src=16876665336513972910 dst=11068027678940948070 session=0 seq=0 type=48 uptime=263380
89296.088 [0] DBG_STACK_ISR_CONFIG size=8192 run=176 sample=176
89296.088 [0] DBG_STACK name=anchor_uwb_scan tid=0x2000ca08 used=7952 free=2032 size=9984 ret=0 run=176 sample=176
89296.088 [0] DBG_STACK name=mesh_route tid=0x2000b038 used=6976 free=2496 size=9472 ret=0 run=176 sample=176
89296.088 [0] DBG_STACK name=sysworkq tid=0x2000d980 used=764 free=4612 size=5376 ret=0 run=176 sample=176
89296.130 [0] DBG_STACK name=logging tid=0x2000cec0 used=520 free=1528 size=2048 ret=0 run=176 sample=176
89296.130 [0] DBG_STACK name=idle tid=0x2000d750 used=64 free=256 size=320 ret=0 run=176 sample=176
89296.130 [0] DBG_STACK_SAMPLE_END run=176 sample=176
89296.130 [0] DBG_STACK_RUN_END epoch=16284486061926904368 run=176 kind=anchor_scan owner=anchor_uwb_scan outcome=ack queue=0 custody=0 credit=0 retry=0 drain=0 src=16876665336513972910 dst=11068027678940948070 session=0 seq=0 type=48 samples=1 attempts=1 errors=0 last_error=0 mutex_drops=138 short_drops=2353 sequence=0 previous=0 uptime=263411
89296.473 [0] DBG_ANCHOR_CH5_SCAN_HANDLER role=2
89296.473 [0] DBG_DWM_CH5_RX_HUNT_START acq=10 complete=1000 cap=1020
89296.473 [0] DBG_DWM_CH5_RX_HUNT_EMPTY s=263768 e=263778 ret=-116 sys=00000000 phy=2 cfg=1 aw=1 unk=0
89296.473 [0] DBG_ANCHOR_CH5_SCAN_RESCHED ret=1 delay=380
89296.855 [0] DBG_ANCHOR_CH5_SCAN_HANDLER role=2
89296.855 [0] DBG_ANCHOR_CH5_SCAN_ARM now=264160 win=10 complete=15 interval=380 wait=0 tx=0 response=0
89296.855 [0] DBG_DWM_CH5_RX_HUNT_START acq=10 complete=1000 cap=1020
89296.884 [0] DBG_DWM_CH5_RX_HUNT_EMPTY s=264168 e=264178 ret=-116 sys=00000000 phy=2 cfg=1 aw=1 unk=0
89296.884 [0] DBG_ANCHOR_CH5_SCAN_DONE ret=-116 len=0 fail=1 pre=0 q=0 rx_us=10925 complete=1000
89296.884 [0] DBG_ANCHOR_CH5_SCAN_RESCHED ret=1 delay=380
89297.241 [0] DBG_ANCHOR_CH5_SCAN_HANDLER role=2
89297.289 [0] DBG_DWM_CH5_RX_HUNT_START acq=10 complete=1000 cap=1020
89297.289 [0] DBG_DWM_CH5_RX_HUNT_EMPTY s=264568 e=264578 ret=-116 sys=00000000 phy=2 cfg=1 aw=1 unk=0
89297.289 [0] DBG_ANCHOR_CH5_SCAN_RESCHED ret=1 delay=380
89297.289 [0] DBG_STACK_RUN_BEGIN epoch=16284486061926904368 run=177 kind=anchor_scan owner=anchor_uwb_scan queue=0 custody=0 credit=0 retry=0 drain=0 src=16876665336513972910 dst=11068027678940948070 session=0 seq=0 type=48 sequence=0 previous=0 uptime=264579
89297.289 [0] DBG_STACK_SAMPLE_BEGIN epoch=16284486061926904368 run=177 sample=177 kind=anchor_scan owner=anchor_uwb_scan queue=0 custody=0 credit=0 retry=0 drain=0 src=16876665336513972910 dst=11068027678940948070 session=0 seq=0 type=48 uptime=264580
89297.289 [0] DBG_STACK_ISR_CONFIG size=8192 run=177 sample=177
89297.289 [0] DBG_STACK name=anchor_uwb_scan tid=0x2000ca08 used=7952 free=2032 size=9984 ret=0 run=177 sample=177
89297.289 [0] DBG_STACK name=mesh_route tid=0x2000b038 used=6976 free=2496 size=9472 ret=0 run=177 sample=177
89297.289 [0] DBG_STACK name=sysworkq tid=0x2000d980 used=764 free=4612 size=5376 ret=0 run=177 sample=177
89297.329 [0] DBG_STACK name=logging tid=0x2000cec0 used=520 free=1528 size=2048 ret=0 run=177 sample=177
89297.329 [0] DBG_STACK name=idle tid=0x2000d750 used=64 free=256 size=320 ret=0 run=177 sample=177
89297.329 [0] DBG_STACK_SAMPLE_END run=177 sample=177
89297.329 [0] DBG_STACK_RUN_END epoch=16284486061926904368 run=177 kind=anchor_scan owner=anchor_uwb_scan outcome=ack queue=0 custody=0 credit=0 retry=0 drain=0 src=16876665336513972910 dst=11068027678940948070 session=0 seq=0 type=48 samples=1 attempts=1 errors=0 last_error=0 mutex_drops=138 short_drops=2353 sequence=0 previous=0 uptime=264611
89297.669 [0] DBG_ANCHOR_CH5_SCAN_HANDLER role=2
89297.669 [0] DBG_DWM_CH5_RX_HUNT_START acq=10 complete=1000 cap=1020
89297.669 [0] DBG_DWM_CH5_RX_HUNT_EMPTY s=264968 e=264978 ret=-116 sys=00000000 phy=2 cfg=1 aw=1 unk=0
89297.669 [0] DBG_ANCHOR_CH5_SCAN_RESCHED ret=1 delay=380
89298.068 [0] DBG_ANCHOR_CH5_SCAN_HANDLER role=2
89298.068 [0] DBG_ANCHOR_CH5_SCAN_ARM now=265360 win=10 complete=15 interval=380 wait=0 tx=0 response=0
89298.068 [0] DBG_DWM_CH5_RX_HUNT_START acq=10 complete=1000 cap=1020
89298.068 [0] DBG_DWM_CH5_RX_HUNT_EMPTY s=265368 e=265378 ret=-116 sys=00000000 phy=2 cfg=1 aw=1 unk=0
89298.068 [0] DBG_ANCHOR_CH5_SCAN_DONE ret=-116 len=0 fail=1 pre=0 q=0 rx_us=10528 complete=1000
89298.068 [0] DBG_ANCHOR_CH5_SCAN_RESCHED ret=1 delay=380
89298.452 [0] DBG_ANCHOR_CH5_SCAN_HANDLER role=2
89298.452 [0] DBG_DWM_CH5_RX_HUNT_START acq=10 complete=1000 cap=1020
89298.499 [0] DBG_DWM_CH5_RX_HUNT_EMPTY s=265768 e=265778 ret=-116 sys=00000000 phy=2 cfg=1 aw=1 unk=0
89298.499 [0] DBG_ANCHOR_CH5_SCAN_RESCHED ret=1 delay=380
89298.499 [0] DBG_STACK_RUN_BEGIN epoch=16284486061926904368 run=178 kind=anchor_scan owner=anchor_uwb_scan queue=0 custody=0 credit=0 retry=0 drain=0 src=16876665336513972910 dst=11068027678940948070 session=0 seq=0 type=48 sequence=0 previous=0 uptime=265780
89298.499 [0] DBG_STACK_SAMPLE_BEGIN epoch=16284486061926904368 run=178 sample=178 kind=anchor_scan owner=anchor_uwb_scan queue=0 custody=0 credit=0 retry=0 drain=0 src=16876665336513972910 dst=11068027678940948070 session=0 seq=0 type=48 uptime=265780
89298.499 [0] DBG_STACK_ISR_CONFIG size=8192 run=178 sample=178
89298.499 [0] DBG_STACK name=anchor_uwb_scan tid=0x2000ca08 used=7952 free=2032 size=9984 ret=0 run=178 sample=178
89298.499 [0] DBG_STACK name=mesh_route tid=0x2000b038 used=6976 free=2496 size=9472 ret=0 run=178 sample=178
89298.499 [0] DBG_STACK name=sysworkq tid=0x2000d980 used=764 free=4612 size=5376 ret=0 run=178 sample=178
89298.541 [0] DBG_STACK name=logging tid=0x2000cec0 used=520 free=1528 size=2048 ret=0 run=178 sample=178
89298.541 [0] DBG_STACK name=idle tid=0x2000d750 used=64 free=256 size=320 ret=0 run=178 sample=178
89298.541 [0] DBG_STACK_SAMPLE_END run=178 sample=178
89298.541 [0] DBG_STACK_RUN_END epoch=16284486061926904368 run=178 kind=anchor_scan owner=anchor_uwb_scan outcome=ack queue=0 custody=0 credit=0 retry=0 drain=0 src=16876665336513972910 dst=11068027678940948070 session=0 seq=0 type=48 samples=1 attempts=1 errors=0 last_error=0 mutex_drops=138 short_drops=2353 sequence=0 previous=0 uptime=265822
89298.854 [0] DBG_ANCHOR_CH5_SCAN_HANDLER role=2
89298.854 [0] DBG_DWM_CH5_RX_HUNT_START acq=10 complete=1000 cap=1020
89298.885 [0] DBG_DWM_CH5_RX_HUNT_EMPTY s=266168 e=266178 ret=-116 sys=00000000 phy=2 cfg=1 aw=1 unk=0
89298.885 [0] DBG_ANCHOR_CH5_SCAN_RESCHED ret=1 delay=380
89299.246 [0] DBG_ANCHOR_CH5_SCAN_HANDLER role=2
89299.246 [0] DBG_ANCHOR_CH5_SCAN_ARM now=266560 win=10 complete=15 interval=380 wait=0 tx=0 response=0
89299.279 [0] DBG_DWM_CH5_RX_HUNT_START acq=10 complete=1000 cap=1020
89299.279 [0] DBG_DWM_CH5_RX_HUNT_EMPTY s=266568 e=266578 ret=-116 sys=00000000 phy=2 cfg=1 aw=1 unk=0
89299.279 [0] DBG_ANCHOR_CH5_SCAN_DONE ret=-116 len=0 fail=1 pre=0 q=0 rx_us=10528 complete=1000
89299.279 [0] DBG_ANCHOR_CH5_SCAN_RESCHED ret=1 delay=380
89299.677 [0] DBG_ANCHOR_CH5_SCAN_HANDLER role=2
89299.677 [0] DBG_DWM_CH5_RX_HUNT_START acq=10 complete=1000 cap=1020
89299.677 [0] DBG_DWM_CH5_RX_HUNT_EMPTY s=266968 e=266978 ret=-116 sys=00000000 phy=2 cfg=1 aw=1 unk=0
89299.677 [0] DBG_ANCHOR_CH5_SCAN_RESCHED ret=1 delay=380
89299.677 [0] DBG_STACK_RUN_BEGIN epoch=16284486061926904368 run=179 kind=anchor_scan owner=anchor_uwb_scan queue=0 custody=0 credit=0 retry=0 drain=0 src=16876665336513972910 dst=11068027678940948070 session=0 seq=0 type=48 sequence=0 previous=0 uptime=266979
89299.677 [0] DBG_STACK_SAMPLE_BEGIN epoch=16284486061926904368 run=179 sample=179 kind=anchor_scan owner=anchor_uwb_scan queue=0 custody=0 credit=0 retry=0 drain=0 src=16876665336513972910 dst=11068027678940948070 session=0 seq=0 type=48 uptime=266980
89299.677 [0] DBG_STACK_ISR_CONFIG size=8192 run=179 sample=179
89299.677 [0] DBG_STACK name=anchor_uwb_scan tid=0x2000ca08 used=7952 free=2032 size=9984 ret=0 run=179 sample=179
89299.677 [0] DBG_STACK name=mesh_route tid=0x2000b038 used=6976 free=2496 size=9472 ret=0 run=179 sample=179
89299.719 [0] DBG_STACK name=sysworkq tid=0x2000d980 used=764 free=4612 size=5376 ret=0 run=179 sample=179
89299.719 [0] DBG_STACK name=logging tid=0x2000cec0 used=520 free=1528 size=2048 ret=0 run=179 sample=179
89299.719 [0] DBG_STACK name=idle tid=0x2000d750 used=64 free=256 size=320 ret=0 run=179 sample=179
89299.719 [0] DBG_STACK_SAMPLE_END run=179 sample=179
89299.719 [0] DBG_STACK_RUN_END epoch=16284486061926904368 run=179 kind=anchor_scan owner=anchor_uwb_scan outcome=ack queue=0 custody=0 credit=0 retry=0 drain=0 src=16876665336513972910 dst=11068027678940948070 session=0 seq=0 type=48 samples=1 attempts=1 errors=0 last_error=0 mutex_drops=138 short_drops=2353 sequence=0 previous=0 uptime=267000
89300.057 [0] DBG_ANCHOR_CH5_SCAN_HANDLER role=2
89300.057 [0] DBG_DWM_CH5_RX_HUNT_START acq=10 complete=1000 cap=1020
89300.087 [0] DBG_DWM_CH5_RX_HUNT_EMPTY s=267368 e=267378 ret=-116 sys=00000000 phy=2 cfg=1 aw=1 unk=0
89300.087 [0] DBG_ANCHOR_CH5_SCAN_RESCHED ret=1 delay=380
89300.448 [0] DBG_ANCHOR_CH5_SCAN_HANDLER role=2
89300.448 [0] DBG_ANCHOR_CH5_SCAN_ARM now=267760 win=10 complete=15 interval=380 wait=0 tx=0 response=0
89300.483 [0] DBG_DWM_CH5_RX_HUNT_START acq=10 complete=1000 cap=1020
89300.483 [0] DBG_DWM_CH5_RX_HUNT_EMPTY s=267768 e=267778 ret=-116 sys=00000000 phy=2 cfg=1 aw=1 unk=0
89300.483 [0] DBG_ANCHOR_CH5_SCAN_DONE ret=-116 len=0 fail=1 pre=0 q=0 rx_us=10528 complete=1000
89300.483 [0] DBG_ANCHOR_CH5_SCAN_RESCHED ret=1 delay=380
89300.983 [0] DBG_ANCHOR_CH5_SCAN_HANDLER role=2
89300.983 [0] DBG_DWM_CH5_RX_HUNT_START acq=10 complete=1000 cap=1020
89300.983 [0] DBG_DWM_CH5_RX_HUNT_EMPTY s=268168 e=268178 ret=-116 sys=00000000 phy=2 cfg=1 aw=1 unk=0
89300.983 [0] DBG_ANCHOR_CH5_SCAN_RESCHED ret=1 delay=380
89300.983 [0] DBG_STACK_RUN_BEGIN epoch=16284486061926904368 run=180 kind=anchor_scan owner=anchor_uwb_scan queue=0 custody=0 credit=0 retry=0 drain=0 src=16876665336513972910 dst=11068027678940948070 session=0 seq=0 type=48 sequence=0 previous=0 uptime=268180
89300.983 [0] DBG_STACK_SAMPLE_BEGIN epoch=16284486061926904368 run=180 sample=180 kind=anchor_scan owner=anchor_uwb_scan queue=0 custody=0 credit=0 retry=0 drain=0 src=16876665336513972910 dst=11068027678940948070 session=0 seq=0 type=48 uptime=268180
89300.983 [0] DBG_STACK_ISR_CONFIG size=8192 run=180 sample=180
89300.983 [0] DBG_STACK name=anchor_uwb_scan tid=0x2000ca08 used=7952 free=2032 size=9984 ret=0 run=180 sample=180
89300.983 [0] DBG_STACK name=mesh_route tid=0x2000b038 used=6976 free=2496 size=9472 ret=0 run=180 sample=180
89301.273 [0] DBG_ANCHOR_CH5_SCAN_HANDLER role=2
89301.273 [0] DBG_DWM_CH5_RX_HUNT_START acq=10 complete=1000 cap=1020
89301.273 [0] DBG_DWM_CH5_RX_ACTIVITY_EXTEND ret=0 status=0x00000100 complete=1000
89301.273 [0] DBG_DWM_CH5_RX_ACTIVITY_WAIT status=0x00000100 remain=1000
89301.273 [0] DBG_DWM_CH5_RX_ACTIVITY_DONE raw=51 payload=49 status=0x00006f00 rearm=0 extended=1
89301.273 [0] DBG_ANCHOR_CH5_SCAN_DONE ret=0 len=49 fail=0 pre=1 q=100 rx_us=10000 complete=1000
89301.273 [0] DBG_UWB_RX_CH5
89301.273 [0] DBG_ANCHOR_CH5_FRAME len=49 q=100 wake_ret=0
89301.273 [0] DBG_ANCHOR_WAKE_ACCEPT clicker=0xc1c2306a5138ab2d evt=18022401 attempt=1 flags=0x20 disc_in=462 q=100
89301.313 [0] DBG_ANCHOR_CLICK_WINDOW active=1 flags=0x20
89301.313 [0] DBG_ANCHOR_DISC_WAIT now=268592 start=269035 deadline=270035 guard=8 listen=1008 phr=std
89301.313 [0] DBG_ANCHOR_DISC_CONFIG phr=std ret=0
89301.313 [0] DBG_ANCHOR_DISC_FRAME len=49 type=0x08 q=100 now=268597
89301.313 [0] DBG_ANCHOR_DISC_FRAME len=49 type=0x08 q=100 now=268604
89301.313 [0] DBG_ANCHOR_DISC_FRAME len=49 type=0x08 q=100 now=268610
89301.313 [0] DBG_ANCHOR_DISC_FRAME len=49 type=0x08 q=100 now=268617
89301.313 [0] DBG_ANCHOR_DISC_FRAME len=49 type=0x08 q=100 now=268623
89301.350 [0] DBG_ANCHOR_DISC_FRAME len=49 type=0x08 q=100 now=268630
89301.350 [0] DBG_ANCHOR_DISC_FRAME len=49 type=0x08 q=100 now=268636
89301.350 [0] DBG_ANCHOR_DISC_FRAME len=49 type=0x08 q=100 now=268642
89301.350 [0] DBG_ANCHOR_DISC_FRAME len=49 type=0x08 q=100 now=268649
89301.350 [0] DBG_ANCHOR_DISC_FRAME len=49 type=0x08 q=100 now=268655
89301.350 [0] DBG_ANCHOR_DISC_FRAME len=49 type=0x08 q=100 now=268662
89301.386 [0] DBG_ANCHOR_DISC_FRAME len=49 type=0x08 q=100 now=268668
89301.386 [0] DBG_ANCHOR_DISC_FRAME len=49 type=0x08 q=100 now=268675
89301.386 [0] DBG_ANCHOR_DISC_FRAME len=49 type=0x08 q=100 now=268681
89301.386 [0] DBG_ANCHOR_DISC_FRAME len=49 type=0x08 q=100 now=268688
89301.386 [0] DBG_ANCHOR_DISC_FRAME len=49 type=0x08 q=100 now=268694
89301.386 [0] DBG_ANCHOR_DISC_FRAME len=49 type=0x08 q=100 now=268700
89301.424 [0] DBG_ANCHOR_DISC_FRAME len=49 type=0x08 q=100 now=268707
89301.424 [0] DBG_ANCHOR_DISC_FRAME len=49 type=0x08 q=100 now=268713
89301.424 [0] DBG_ANCHOR_DISC_FRAME len=49 type=0x08 q=100 now=268719
89301.424 [0] DBG_ANCHOR_DISC_FRAME len=49 type=0x08 q=100 now=268726
89301.424 [0] DBG_ANCHOR_DISC_FRAME len=49 type=0x08 q=100 now=268732
89301.424 [0] DBG_ANCHOR_DISC_FRAME len=49 type=0x08 q=100 now=268739
89301.462 [0] DBG_ANCHOR_DISC_FRAME len=49 type=0x08 q=100 now=268745
89301.462 [0] DBG_ANCHOR_DISC_FRAME len=49 type=0x08 q=100 now=268752
89301.462 [0] DBG_ANCHOR_DISC_FRAME len=49 type=0x08 q=100 now=268758
89301.462 [0] DBG_ANCHOR_DISC_FRAME len=49 type=0x08 q=100 now=268765
89301.462 [0] DBG_ANCHOR_DISC_FRAME len=49 type=0x08 q=100 now=268771
89301.462 [0] DBG_ANCHOR_DISC_FRAME len=49 type=0x08 q=100 now=268777
89301.500 [0] DBG_ANCHOR_DISC_FRAME len=49 type=0x08 q=100 now=268784
89301.500 [0] DBG_ANCHOR_DISC_FRAME len=49 type=0x08 q=100 now=268790
89301.500 [0] DBG_ANCHOR_DISC_FRAME len=49 type=0x08 q=100 now=268797
89301.500 [0] DBG_ANCHOR_DISC_FRAME len=49 type=0x08 q=100 now=268803
89301.500 [0] DBG_ANCHOR_DISC_FRAME len=49 type=0x08 q=100 now=268810
89301.500 [0] DBG_ANCHOR_DISC_FRAME len=49 type=0x08 q=100 now=268816
89301.540 [0] DBG_ANCHOR_DISC_FRAME len=49 type=0x08 q=100 now=268823
89301.540 [0] DBG_ANCHOR_DISC_FRAME len=49 type=0x08 q=100 now=268829
89301.540 [0] DBG_ANCHOR_DISC_FRAME len=49 type=0x08 q=100 now=268836
89301.540 [0] DBG_ANCHOR_DISC_FRAME len=49 type=0x08 q=100 now=268842
89301.540 [0] DBG_ANCHOR_DISC_FRAME len=49 type=0x08 q=100 now=268849
89301.540 [0] DBG_ANCHOR_DISC_FRAME len=49 type=0x08 q=100 now=268855
89301.577 [0] DBG_ANCHOR_DISC_FRAME len=49 type=0x08 q=100 now=268861
89301.577 [0] DBG_ANCHOR_DISC_FRAME len=49 type=0x08 q=100 now=268867
89301.577 [0] DBG_ANCHOR_DISC_FRAME len=49 type=0x08 q=100 now=268874
89301.577 [0] DBG_ANCHOR_DISC_FRAME len=49 type=0x08 q=100 now=268880
89301.577 [0] DBG_ANCHOR_DISC_FRAME len=49 type=0x08 q=100 now=268887
89301.577 [0] DBG_ANCHOR_DISC_FRAME len=49 type=0x08 q=100 now=268893
89301.613 [0] DBG_ANCHOR_DISC_FRAME len=49 type=0x08 q=100 now=268900
89301.613 [0] DBG_ANCHOR_DISC_FRAME len=49 type=0x08 q=100 now=268906
89301.613 [0] DBG_ANCHOR_DISC_FRAME len=49 type=0x08 q=100 now=268913
89301.613 [0] DBG_ANCHOR_DISC_FRAME len=49 type=0x08 q=100 now=268919
89301.613 [0] DBG_ANCHOR_DISC_FRAME len=49 type=0x08 q=100 now=268925
89301.649 [0] DBG_ANCHOR_DISC_FRAME len=49 type=0x08 q=100 now=268932
89301.649 [0] DBG_ANCHOR_DISC_FRAME len=49 type=0x08 q=100 now=268938
89301.649 [0] DBG_ANCHOR_DISC_FRAME len=49 type=0x08 q=100 now=268945
89301.649 [0] DBG_ANCHOR_DISC_FRAME len=49 type=0x08 q=100 now=268951
89301.649 [0] DBG_ANCHOR_DISC_FRAME len=49 type=0x08 q=100 now=268957
89301.649 [0] DBG_ANCHOR_DISC_FRAME len=49 type=0x08 q=100 now=268964
89301.685 [0] DBG_ANCHOR_DISC_FRAME len=49 type=0x08 q=100 now=268970
89301.685 [0] DBG_ANCHOR_DISC_FRAME len=49 type=0x08 q=100 now=268977
89301.685 [0] DBG_ANCHOR_DISC_FRAME len=49 type=0x08 q=100 now=268983
89301.685 [0] DBG_ANCHOR_DISC_FRAME len=49 type=0x08 q=100 now=268990
89301.685 [0] DBG_ANCHOR_DISC_FRAME len=49 type=0x08 q=100 now=268996
89301.719 [0] DBG_ANCHOR_DISC_FRAME len=49 type=0x08 q=100 now=269003
89301.719 [0] DBG_ANCHOR_DISC_FRAME len=49 type=0x08 q=100 now=269009
89301.754 [0] DBG_ANCHOR_DISC_FRAME len=32 type=0x09 q=100 now=269044
89301.754 [0] DBG_ANCHOR_DISC_DECODE evt=18022401 attempt=1 slots=50 flags=0x20
89301.754 [0] DBG_ANCHOR_DISC_REPLY_ARM evt=18022401 attempt=1 slot=1 state=1
89301.754 [0] DBG_ANCHOR_DISC_REPLY_TX evt=18022401 attempt=1 slot=1 ret=0
89302.434 [0] DBG_ANCHOR_CH5_HOLD_DONE deadline=269742 now=269743 frames=3 errors=0 deferred=0
89302.434 [0] DBG_DS_SAMPLE_ARM evt=18022401 attempt=1 sample=2/12 round=0 seq=2 target_us=269752000 start=269742 now=269743 deadline=269795
89302.434 [0] DBG_DS_RESP stage=arm evt=18022401 seq=2 round=0 now=269743 timeout=52
89302.468 [0] DBG_DS_RESP stage=resp-armed now=269760 seq=2 round=0 tx_time=0x11dcfe70 resp_tx=0xdcfeafd9
89302.468 [0] DBG_DS_RESP stage=resp-raw poll_rx=0xbe86647a q=100 reply_uus=8000
89302.468 [0] DBG_DS_RESP stage=final-decode status=0 now=269777 seq=2 round=0 final_rx=0xfb76faad
89302.540 [0] DBG_ANCHOR_CH5_HOLD_DONE deadline=269841 now=269841 frames=6 errors=0 deferred=0
89302.540 [0] DBG_DS_SAMPLE_ARM evt=18022401 attempt=1 sample=5/12 round=1 seq=3 target_us=269851000 start=269841 now=269841 deadline=269894
89302.540 [0] DBG_DS_RESP stage=arm evt=18022401 seq=3 round=1 now=269841 timeout=53
89302.574 [0] DBG_DS_RESP stage=resp-armed now=269860 seq=3 round=1 tx_time=0x1356f938 resp_tx=0x56f977d9
89302.574 [0] DBG_DS_RESP stage=resp-raw poll_rx=0x38812c76 q=100 reply_uus=8000
89302.574 [0] DBG_DS_RESP stage=final-decode status=0 now=269876 seq=3 round=1 final_rx=0x7571c2bb
89302.644 [0] DBG_ANCHOR_CH5_HOLD_DONE deadline=269940 now=269940 frames=6 errors=0 deferred=0
89302.644 [0] DBG_DS_SAMPLE_ARM evt=18022401 attempt=1 sample=8/12 round=2 seq=4 target_us=269950000 start=269940 now=269940 deadline=269993
89302.644 [0] DBG_DS_RESP stage=arm evt=18022401 seq=4 round=2 now=269940 timeout=53
89302.644 [0] DBG_DS_RESP stage=resp-armed now=269958 seq=4 round=2 tx_time=0x14d02305 resp_tx=0xd02343d9
89302.644 [0] DBG_DS_RESP stage=resp-raw poll_rx=0xb1aaf887 q=100 reply_uus=8000
89302.677 [0] DBG_DS_RESP stage=final-decode status=0 now=269975 seq=4 round=2 final_rx=0xee9b8e9e
89302.749 [0] DBG_ANCHOR_CH5_HOLD_DONE deadline=270039 now=270039 frames=6 errors=0 deferred=0
89302.749 [0] DBG_DS_SAMPLE_ARM evt=18022401 attempt=1 sample=11/12 round=3 seq=5 target_us=270049000 start=270039 now=270039 deadline=27009
89302.749 [0] DBG_DS_RESP stage=arm evt=18022401 seq=5 round=3 now=270039 timeout=53
89302.749 [0] DBG_DS_RESP stage=resp-armed now=270057 seq=5 round=3 tx_time=0x1645ef45 resp_tx=0x45ef83d9
89302.749 [0] DBG_DS_RESP stage=resp-raw poll_rx=0x27773896 q=100 reply_uus=8000
89302.789 [0] DBG_DS_RESP stage=final-decode status=0 now=270073 seq=5 round=3 final_rx=0x6467cea9
89302.789 [0] DBG_CLICK_LISTEN start=270159 until=270509 n=3
89302.789 [0] DBG_CLICK_REPORT_QUEUED now=270075 window=270159 k=1 earliest=270209 n=3
89302.789 [0] DBG_ANCHOR_CH5_SCAN_RESCHED ret=1 delay=380
89302.789 [0] DBG_COORD state=mesh-tx owner=report-tx reason=mesh-tx rx=0 tx=1 relay=0 route=0 ack=0 qack=0
89302.789 [0] DBG_REPORT_TX_SLOT_WAIT now=270077 earliest=270209 delay=102 seq=1
89302.886 [0] DBG_CLICK_SLOT_TX now=270180 due=270209 window=270159 k=1 n=3 seq=1
89302.886 [0] DBG_UPLINK_NEXT_HOP next=0xf6d3a3bdac0f858 depth=1 participant=1 wake=0
89302.886 [0] DBG_UPLINK_TX msg=20 seq=1 next=0xf6d3a3bdac0f858 wake=0 reason=queued-click-report
89302.886 [0] DBG_DWM_INVALIDATE tag=configure_radio_from_reset active_phy=1 configured=1 awake=1
89302.920 [0] DBG_DWM_MARK_UNCONFIGURED tag=initialise_radio prev_phy=0
89302.920 [0] DBG_DWM_PHY_SWITCH from=1 to=4 fast=0 us=20843
89302.920 [0] DBG_DWM_WAKE_MESH_CTRL_OK sfd=1033
89302.920 [0] DBG_DIRECT_GW_TX_CONFIG ret=0 now=270211 seq=1
89302.920 [0] DBG_CH9_TX_SEND_AT now=270212 earliest=270209 msg=20 len=281
89302.920 [0] DBG_CH9_TX_DONE now=270218 dur=6 len=281 msg=20
89302.920 [0] DBG_UWB_TX_CH5
89302.920 [0] DBG_CLICK_TX_DONE now=270219 seq=1
89302.920 [0] DBG_CH9_TX_SINGLE_SEND_OK
89302.920 [0] DBG_CH9_EVENT_STATE state=complete peer=0x0f6d3a3bdac0f858 start=270184 end=270434 reason=queued-click-report
89302.920 [0] DBG_DIRECT_GW_TX_ACK_TRANSIT_WAIT dst=0x9999888877776666 src=0xea35f5b508104aae seq=1
89302.920 [0] DBG_CLICK_ACK_RX_ARM now=270219 slice=60 seq=1
89303.159 [0] DBG_ANCHOR_CH5_SCAN_HANDLER role=2
89303.159 [0] DBG_ANCHOR_CH5_SCAN_BLOCKED win=0 tx=1 retry_gap=0 flood=0 wait=0 rx=0 rxq=0 rxr=0 ack=0 ch9=0 rf=1 retry=20 interval=380
89303.159 [0] DBG_SCAN_SKIPPED reason=blocked
89303.159 [0] DBG_ANCHOR_CH5_SCAN_RESCHED ret=1 delay=20
89303.159 [0] DBG_DIRECT_GW_TX_ACK_WAIT ret=-116 seq=1
89303.159 [0] DBG_DIRECT_GW_KEEP_CH9_AWAKE q=1 seq=1 ack_ret=-116 release_ret=0
89303.159 [0] DBG_CH9_TX_SINGLE_RETRYABLE ret=-11 seq=1
89303.159 [0] DBG_DIRECT_GW_ACK_DEFER_CORE seq=1 ret=-11 state=1 deadline=272219 reason=queued-click-report
89303.159 [0] DBG_UWB_RX_COORD_DEFER state=mesh-tx reason=mesh-tx route=0 q=0
89303.159 [0] DBG_TX_TIMEOUT_ENTER relay=1 route=0 ch9pend=0 bundle=0 now=270473
89303.197 [0] DBG_ANCHOR_CH5_SCAN_HANDLER role=2
89303.197 [0] DBG_ANCHOR_CH5_SCAN_ARM now=270484 win=25 complete=15 interval=380 wait=0 tx=1 response=0
89303.197 [0] DBG_DWM_CH5_RX_HUNT_START acq=25 complete=15 cap=1020
89303.197 [0] DBG_DWM_CH5_RX_HUNT_EMPTY s=270485 e=270510 ret=-116 sys=00000000 phy=4 cfg=1 aw=1 unk=0
89303.197 [0] DBG_ANCHOR_CH5_SCAN_DONE ret=-116 len=0 fail=1 pre=0 q=0 rx_us=25451 complete=15
89303.197 [0] DBG_ANCHOR_CH5_SCAN_RESCHED ret=1 delay=380
89303.245 [0] DBG_UWB_RX_COORD_DEFER state=mesh-tx reason=mesh-tx route=0 q=0
89303.276 [0] DBG_UWB_RX_COORD_DEFER state=mesh-tx reason=mesh-tx route=0 q=0
89303.306 [0] DBG_TX_TIMEOUT_ENTER relay=1 route=0 ch9pend=0 bundle=0 now=270599
89303.306 [0] DBG_RETRANSMIT_DIRECT_GW seq=1 now=270601
89303.306 [0] DBG_C5_CONTACT phase=closing state=4 peer=0x0f6d3a3bdac0f858 purpose=gateway_command_flood reason=replace
89303.306 [0] DBG_C5_CONTACT phase=open state=1 peer=0x0f6d3a3bdac0f858 purpose=uplink reason=retransmit-uplink-wake
89303.306 [0] DBG_WAKE_TRAIN_GUARD_OK
89303.306 [0] DBG_DWM_INVALIDATE tag=configure_radio_from_reset active_phy=4 configured=1 awake=1
89303.306 [0] DBG_DWM_MARK_UNCONFIGURED tag=initialise_radio prev_phy=0
89303.334 [0] DBG_DWM_PHY_SWITCH from=4 to=2 fast=0 us=20965
89303.334 [0] DBG_WAKE_TRAIN_CONFIG_BEGIN
89303.334 [0] DBG_WAKE_TRAIN_CONFIG_OK
89303.334 [0] DBG_WAKE_TRAIN_FIRST_SEND_BEGIN
89303.365 [0] DBG_WAKE_TRAIN_FIRST_SEND_OK
89303.365 [0] DBG_UWB_TX_CH5
89303.365 [0] DBG_TX_WAKE_CLAIM_SENT
89303.365 [0] DBG_UWB_TX_CH5
89303.365 [0] DBG_TX_WAKE_CLAIM_SENT
89303.365 [0] DBG_UWB_TX_CH5
89303.365 [0] DBG_TX_WAKE_CLAIM_SENT
89303.365 [0] DBG_DWM_CH5_RX_HUNT_START acq=10 complete=1000 cap=124
89303.365 [0] DBG_DWM_CH5_RX_HUNT_EMPTY s=270672 e=270682 ret=-116 sys=00000000 phy=2 cfg=1 aw=1 unk=0
89303.396 [0] DBG_UWB_TX_CH5
89303.396 [0] DBG_TX_WAKE_CLAIM_SENT
89303.396 [0] DBG_UWB_TX_CH5
89303.396 [0] DBG_TX_WAKE_CLAIM_SENT
89303.396 [0] DBG_DWM_CH5_RX_HUNT_START acq=10 complete=1000 cap=124
89303.396 [0] DBG_DWM_CH5_RX_HUNT_EMPTY s=270696 e=270706 ret=-116 sys=00000000 phy=2 cfg=1 aw=1 unk=0
89303.396 [0] DBG_UWB_TX_CH5
89303.396 [0] DBG_TX_WAKE_CLAIM_SENT
89303.421 [0] DBG_UWB_TX_CH5
89303.421 [0] DBG_TX_WAKE_CLAIM_SENT
89303.421 [0] DBG_DWM_CH5_RX_HUNT_START acq=10 complete=1000 cap=124
89303.421 [0] DBG_DWM_CH5_RX_HUNT_EMPTY s=270720 e=270730 ret=-116 sys=00000000 phy=2 cfg=1 aw=1 unk=0
89303.421 [0] DBG_UWB_TX_CH5
89303.421 [0] DBG_TX_WAKE_CLAIM_SENT
89303.447 [0] DBG_UWB_TX_CH5
89303.447 [0] DBG_TX_WAKE_CLAIM_SENT
89303.447 [0] DBG_DWM_CH5_RX_HUNT_START acq=10 complete=1000 cap=124
89303.447 [0] DBG_DWM_CH5_RX_HUNT_EMPTY s=270744 e=270754 ret=-116 sys=00000000 phy=2 cfg=1 aw=1 unk=0
89303.447 [0] DBG_UWB_TX_CH5
89303.447 [0] DBG_TX_WAKE_CLAIM_SENT
89303.474 [0] DBG_UWB_TX_CH5
89303.474 [0] DBG_TX_WAKE_CLAIM_SENT
89303.474 [0] DBG_DWM_CH5_RX_HUNT_START acq=10 complete=1000 cap=124
89303.474 [0] DBG_DWM_CH5_RX_HUNT_EMPTY s=270768 e=270778 ret=-116 sys=00000000 phy=2 cfg=1 aw=1 unk=0
89303.474 [0] DBG_UWB_TX_CH5
89303.474 [0] DBG_TX_WAKE_CLAIM_SENT
89303.474 [0] DBG_UWB_TX_CH5
89303.474 [0] DBG_TX_WAKE_CLAIM_SENT
89303.474 [0] DBG_DWM_CH5_RX_HUNT_START acq=10 complete=1000 cap=124
89303.502 [0] DBG_DWM_CH5_RX_HUNT_EMPTY s=270792 e=270802 ret=-116 sys=00000000 phy=2 cfg=1 aw=1 unk=0
89303.502 [0] DBG_UWB_TX_CH5
89303.502 [0] DBG_TX_WAKE_CLAIM_SENT
89303.502 [0] DBG_UWB_TX_CH5
89303.502 [0] DBG_TX_WAKE_CLAIM_SENT
89303.502 [0] DBG_DWM_CH5_RX_HUNT_START acq=10 complete=1000 cap=124
89303.529 [0] DBG_DWM_CH5_RX_HUNT_EMPTY s=270816 e=270826 ret=-116 sys=00000000 phy=2 cfg=1 aw=1 unk=0
89303.529 [0] DBG_UWB_TX_CH5
89303.529 [0] DBG_TX_WAKE_CLAIM_SENT
89303.529 [0] DBG_UWB_TX_CH5
89303.529 [0] DBG_TX_WAKE_CLAIM_SENT
89303.529 [0] DBG_DWM_CH5_RX_HUNT_START acq=10 complete=1000 cap=124
89303.556 [0] DBG_DWM_CH5_RX_HUNT_EMPTY s=270840 e=270850 ret=-116 sys=00000000 phy=2 cfg=1 aw=1 unk=0
89303.556 [0] DBG_UWB_TX_CH5
89303.556 [0] DBG_TX_WAKE_CLAIM_SENT
89303.556 [0] DBG_UWB_TX_CH5
89303.556 [0] DBG_TX_WAKE_CLAIM_SENT
89303.556 [0] DBG_DWM_CH5_RX_HUNT_START acq=10 complete=1000 cap=124
89303.590 [0] DBG_DWM_CH5_RX_HUNT_EMPTY s=270864 e=270874 ret=-116 sys=00000000 phy=2 cfg=1 aw=1 unk=0
89303.590 [0] DBG_UWB_TX_CH5
89303.590 [0] DBG_TX_WAKE_CLAIM_SENT
89303.590 [0] DBG_UWB_TX_CH5
89303.590 [0] DBG_TX_WAKE_CLAIM_SENT
89303.590 [0] DBG_DWM_CH5_RX_HUNT_START acq=10 complete=1000 cap=124
89303.590 [0] DBG_ANCHOR_CH5_SCAN_HANDLER role=2
89303.590 [0] DBG_ANCHOR_CH5_SCAN_BLOCKED win=0 tx=1 retry_gap=0 flood=0 wait=0 rx=0 rxq=0 rxr=0 ack=0 ch9=0 rf=1 retry=20 interval=380
89303.590 [0] DBG_SCAN_SKIPPED reason=blocked
89303.590 [0] DBG_DWM_CH5_RX_HUNT_EMPTY s=270888 e=270898 ret=-116 sys=00000000 phy=2 cfg=1 aw=1 unk=0
89303.590 [0] DBG_ANCHOR_CH5_SCAN_RESCHED ret=1 delay=20
89303.590 [0] DBG_UWB_TX_CH5
89303.590 [0] DBG_TX_WAKE_CLAIM_SENT
89303.632 [0] DBG_UWB_TX_CH5
89303.632 [0] DBG_TX_WAKE_CLAIM_SENT
89303.632 [0] DBG_DWM_CH5_RX_HUNT_START acq=10 complete=1000 cap=124
89303.632 [0] DBG_ANCHOR_CH5_SCAN_HANDLER role=2
89303.632 [0] DBG_DWM_CH5_RX_HUNT_EMPTY s=270912 e=270922 ret=-116 sys=00000000 phy=2 cfg=1 aw=1 unk=0
89303.632 [0] DBG_ANCHOR_CH5_SCAN_BLOCKED win=0 tx=1 retry_gap=0 flood=0 wait=0 rx=0 rxq=0 rxr=0 ack=0 ch9=0 rf=1 retry=20 interval=380
89303.632 [0] DBG_SCAN_SKIPPED reason=blocked
89303.632 [0] DBG_ANCHOR_CH5_SCAN_RESCHED ret=1 delay=20
89303.632 [0] DBG_UWB_TX_CH5
89303.632 [0] DBG_TX_WAKE_CLAIM_SENT
89303.632 [0] DBG_UWB_TX_CH5
89303.632 [0] DBG_TX_WAKE_CLAIM_SENT
89303.632 [0] DBG_DWM_CH5_RX_HUNT_START acq=10 complete=1000 cap=124
89303.632 [0] DBG_ANCHOR_CH5_SCAN_HANDLER role=2
89303.632 [0] DBG_DWM_CH5_RX_HUNT_EMPTY s=270936 e=270946 ret=-116 sys=00000000 phy=2 cfg=1 aw=1 unk=0
89303.632 [0] DBG_ANCHOR_CH5_SCAN_BLOCKED win=0 tx=1 retry_gap=0 flood=0 wait=0 rx=0 rxq=0 rxr=0 ack=0 ch9=0 rf=1 retry=20 interval=380
89303.632 [0] DBG_SCAN_SKIPPED reason=blocked
89303.632 [0] DBG_ANCHOR_CH5_SCAN_RESCHED ret=1 delay=20
89303.673 [0] DBG_UWB_TX_CH5
89303.673 [0] DBG_TX_WAKE_CLAIM_SENT
89303.673 [0] DBG_UWB_TX_CH5
89303.673 [0] DBG_TX_WAKE_CLAIM_SENT
89303.673 [0] DBG_DWM_CH5_RX_HUNT_START acq=10 complete=1000 cap=124
89303.673 [0] DBG_ANCHOR_CH5_SCAN_HANDLER role=2
89303.673 [0] DBG_DWM_CH5_RX_HUNT_EMPTY s=270960 e=270970 ret=-116 sys=00000000 phy=2 cfg=1 aw=1 unk=0
89303.673 [0] DBG_ANCHOR_CH5_SCAN_BLOCKED win=0 tx=1 retry_gap=0 flood=0 wait=0 rx=0 rxq=0 rxr=0 ack=0 ch9=0 rf=1 retry=20 interval=380
89303.673 [0] DBG_SCAN_SKIPPED reason=blocked
89303.673 [0] DBG_ANCHOR_CH5_SCAN_RESCHED ret=1 delay=20
89303.673 [0] DBG_UWB_TX_CH5
89303.673 [0] DBG_TX_WAKE_CLAIM_SENT
89303.673 [0] DBG_UWB_TX_CH5
89303.673 [0] DBG_TX_WAKE_CLAIM_SENT
89303.673 [0] DBG_DWM_CH5_RX_HUNT_START acq=10 complete=1000 cap=124
89303.711 [0] DBG_ANCHOR_CH5_SCAN_HANDLER role=2
89303.711 [0] DBG_DWM_CH5_RX_HUNT_EMPTY s=270984 e=270994 ret=-116 sys=00000000 phy=2 cfg=1 aw=1 unk=0
89303.711 [0] DBG_ANCHOR_CH5_SCAN_BLOCKED win=0 tx=1 retry_gap=0 flood=0 wait=0 rx=0 rxq=0 rxr=0 ack=0 ch9=0 rf=1 retry=20 interval=380
89303.711 [0] DBG_SCAN_SKIPPED reason=blocked
89303.711 [0] DBG_ANCHOR_CH5_SCAN_RESCHED ret=1 delay=20
89303.711 [0] DBG_UWB_TX_CH5
89303.711 [0] DBG_TX_WAKE_CLAIM_SENT
89303.711 [0] DBG_UWB_TX_CH5
89303.711 [0] DBG_TX_WAKE_CLAIM_SENT
89303.711 [0] DBG_DWM_CH5_RX_HUNT_START acq=10 complete=1000 cap=124
89303.711 [0] DBG_ANCHOR_CH5_SCAN_HANDLER role=2
89303.711 [0] DBG_DWM_CH5_RX_HUNT_EMPTY s=271008 e=271018 ret=-116 sys=00000000 phy=2 cfg=1 aw=1 unk=0
89303.711 [0] DBG_ANCHOR_CH5_SCAN_BLOCKED win=0 tx=1 retry_gap=0 flood=0 wait=0 rx=0 rxq=0 rxr=0 ack=0 ch9=0 rf=1 retry=20 interval=380
89303.711 [0] DBG_SCAN_SKIPPED reason=blocked
89303.711 [0] DBG_ANCHOR_CH5_SCAN_RESCHED ret=1 delay=20
89303.755 [0] DBG_UWB_TX_CH5
89303.755 [0] DBG_TX_WAKE_CLAIM_SENT
89303.755 [0] DBG_UWB_TX_CH5
89303.755 [0] DBG_TX_WAKE_CLAIM_SENT
89303.755 [0] DBG_DWM_CH5_RX_HUNT_START acq=10 complete=1000 cap=124
89303.755 [0] DBG_ANCHOR_CH5_SCAN_HANDLER role=2
89303.755 [0] DBG_DWM_CH5_RX_HUNT_EMPTY s=271032 e=271042 ret=-116 sys=00000000 phy=2 cfg=1 aw=1 unk=0
89303.755 [0] DBG_ANCHOR_CH5_SCAN_BLOCKED win=0 tx=1 retry_gap=0 flood=0 wait=0 rx=0 rxq=0 rxr=0 ack=0 ch9=0 rf=1 retry=20 interval=380
89303.755 [0] DBG_SCAN_SKIPPED reason=blocked
89303.755 [0] DBG_ANCHOR_CH5_SCAN_RESCHED ret=1 delay=20
89303.755 [0] DBG_UWB_TX_CH5
89303.755 [0] DBG_TX_WAKE_CLAIM_SENT
89303.755 [0] DBG_UWB_TX_CH5
89303.755 [0] DBG_TX_WAKE_CLAIM_SENT
89303.755 [0] DBG_DWM_CH5_RX_HUNT_START acq=10 complete=1000 cap=124
89303.755 [0] DBG_ANCHOR_CH5_SCAN_HANDLER role=2
89303.755 [0] DBG_DWM_CH5_RX_HUNT_EMPTY s=271056 e=271066 ret=-116 sys=00000000 phy=2 cfg=1 aw=1 unk=0
89303.755 [0] DBG_ANCHOR_CH5_SCAN_BLOCKED win=0 tx=1 retry_gap=0 flood=0 wait=0 rx=0 rxq=0 rxr=0 ack=0 ch9=0 rf=1 retry=20 interval=380
89303.755 [0] DBG_SCAN_SKIPPED reason=blocked
89303.755 [0] DBG_ANCHOR_CH5_SCAN_RESCHED ret=1 delay=20
89303.794 [0] DBG_UWB_TX_CH5
89303.794 [0] DBG_TX_WAKE_CLAIM_SENT
89303.794 [0] DBG_UWB_TX_CH5
89303.794 [0] DBG_TX_WAKE_CLAIM_SENT
89303.794 [0] DBG_DWM_CH5_RX_HUNT_START acq=10 complete=1000 cap=124
89303.794 [0] DBG_ANCHOR_CH5_SCAN_HANDLER role=2
89303.794 [0] DBG_DWM_CH5_RX_HUNT_EMPTY s=271080 e=271090 ret=-116 sys=00000000 phy=2 cfg=1 aw=1 unk=0
89303.794 [0] DBG_ANCHOR_CH5_SCAN_BLOCKED win=0 tx=1 retry_gap=0 flood=0 wait=0 rx=0 rxq=0 rxr=0 ack=0 ch9=0 rf=1 retry=20 interval=380
89303.794 [0] DBG_SCAN_SKIPPED reason=blocked
89303.794 [0] DBG_ANCHOR_CH5_SCAN_RESCHED ret=1 delay=20
89303.794 [0] DBG_UWB_TX_CH5
89303.794 [0] DBG_TX_WAKE_CLAIM_SENT
89303.794 [0] DBG_UWB_TX_CH5
89303.794 [0] DBG_TX_WAKE_CLAIM_SENT
89303.794 [0] DBG_DWM_CH5_RX_HUNT_START acq=10 complete=1000 cap=124
89303.834 [0] DBG_ANCHOR_CH5_SCAN_HANDLER role=2
89303.834 [0] DBG_DWM_CH5_RX_HUNT_EMPTY s=271104 e=271114 ret=-116 sys=00000000 phy=2 cfg=1 aw=1 unk=0
89303.834 [0] DBG_ANCHOR_CH5_SCAN_BLOCKED win=0 tx=1 retry_gap=0 flood=0 wait=0 rx=0 rxq=0 rxr=0 ack=0 ch9=0 rf=1 retry=20 interval=380
89303.834 [0] DBG_SCAN_SKIPPED reason=blocked
89303.834 [0] DBG_ANCHOR_CH5_SCAN_RESCHED ret=1 delay=20
89303.834 [0] DBG_UWB_TX_CH5
89303.834 [0] DBG_TX_WAKE_CLAIM_SENT
89303.834 [0] DBG_UWB_TX_CH5
89303.834 [0] DBG_TX_WAKE_CLAIM_SENT
89303.834 [0] DBG_DWM_CH5_RX_HUNT_START acq=10 complete=1000 cap=124
89303.834 [0] DBG_ANCHOR_CH5_SCAN_HANDLER role=2
89303.834 [0] DBG_DWM_CH5_RX_HUNT_EMPTY s=271128 e=271138 ret=-116 sys=00000000 phy=2 cfg=1 aw=1 unk=0
89303.834 [0] DBG_ANCHOR_CH5_SCAN_BLOCKED win=0 tx=1 retry_gap=0 flood=0 wait=0 rx=0 rxq=0 rxr=0 ack=0 ch9=0 rf=1 retry=20 interval=380
89303.834 [0] DBG_SCAN_SKIPPED reason=blocked
89303.834 [0] DBG_ANCHOR_CH5_SCAN_RESCHED ret=1 delay=20
89303.834 [0] DBG_UWB_TX_CH5
89303.834 [0] DBG_TX_WAKE_CLAIM_SENT
89303.872 [0] DBG_UWB_TX_CH5
89303.872 [0] DBG_TX_WAKE_CLAIM_SENT
89303.872 [0] DBG_DWM_CH5_RX_HUNT_START acq=10 complete=1000 cap=124
89303.872 [0] DBG_ANCHOR_CH5_SCAN_HANDLER role=2
89303.872 [0] DBG_DWM_CH5_RX_HUNT_EMPTY s=271152 e=271162 ret=-116 sys=00000000 phy=2 cfg=1 aw=1 unk=0
89303.872 [0] DBG_ANCHOR_CH5_SCAN_BLOCKED win=0 tx=1 retry_gap=0 flood=0 wait=0 rx=0 rxq=0 rxr=0 ack=0 ch9=0 rf=1 retry=20 interval=380
89303.872 [0] DBG_SCAN_SKIPPED reason=blocked
89303.872 [0] DBG_ANCHOR_CH5_SCAN_RESCHED ret=1 delay=20
89303.872 [0] DBG_WAKE_TRAIN_TIMING evt=270601 start=270651 first=270658 last=271151 end=271184 sent=43 ret=0
89303.872 [0] DBG_C5_CONTACT phase=accepted state=2 peer=0x0f6d3a3bdac0f858 purpose=uplink reason=retransmit-uplink-wake
89303.872 [0] DBG_UPLINK_WAKE next=0xf6d3a3bdac0f858 ret=0 seq=1 phase=retransmit
89303.872 [0] DBG_C5_CONTROL_FOLLOWUP_TURNAROUND delay=60 msg=20 reason=retransmit-uplink-wake
89303.898 [0] DBG_ANCHOR_CH5_SCAN_HANDLER role=2
89303.898 [0] DBG_DWM_CH5_RX_HUNT_START acq=10 complete=1000 cap=1020
89303.898 [0] DBG_DWM_CH5_RX_HUNT_EMPTY s=271195 e=271205 ret=-116 sys=00000000 phy=2 cfg=1 aw=1 unk=0
89303.898 [0] DBG_ANCHOR_CH5_SCAN_RESCHED ret=1 delay=380
89303.930 [0] DBG_DWM_INVALIDATE tag=configure_radio_from_reset active_phy=2 configured=1 awake=1
89303.967 [0] DBG_DWM_MARK_UNCONFIGURED tag=initialise_radio prev_phy=0
89303.967 [0] DBG_DWM_PHY_SWITCH from=2 to=4 fast=0 us=20844
89303.967 [0] DBG_DWM_WAKE_MESH_CTRL_OK sfd=1033
89303.967 [0] DBG_DIRECT_GW_TX_CONFIG ret=0 now=271269 seq=1
89303.967 [0] DBG_CH9_TX_SEND_AT now=271271 earliest=270599 msg=20 len=281
89303.967 [0] DBG_CH9_TX_DONE now=271277 dur=6 len=281 msg=20
89303.967 [0] DBG_UWB_TX_CH5
89303.967 [0] DBG_CLICK_TX_DONE now=271277 seq=1
89303.967 [0] DBG_CH9_TX_SINGLE_SEND_OK
89303.967 [0] DBG_CH9_EVENT_STATE state=complete peer=0x0f6d3a3bdac0f858 start=270601 end=270661 reason=retransmit-direct-gateway
89303.967 [0] DBG_DIRECT_GW_TX_ACK_TRANSIT_WAIT dst=0x9999888877776666 src=0xea35f5b508104aae seq=1
89303.967 [0] DBG_CLICK_ACK_RX_ARM now=271277 slice=60 seq=1
89304.009 [0] DBG_UWB_RX_CH9
89304.009 [0] DBG_MESH_RX_QUEUED ch=9 msg=0x31 src=0xf6d3a3bdac0f858 dst=0xea35f5b508104aae prev=0xf6d3a3bdac0f858 seq=2 q=1
89304.009 [0] DBG_DIRECT_GW_ACK_TRANSIT queued=1 valid=1 dst=0xea35f5b508104aae seq=2
89304.009 [0] DBG_DIRECT_GW_TX_ACK_WAIT ret=0 seq=1
89304.009 [0] DBG_CLICK_ACK_RX now=271307 dms=30 seq=1
89304.009 [0] DBG_COORD state=mesh-rx owner=report-tx reason=mesh-rx rx=1 tx=0 relay=1 route=0 ack=0 qack=0
89304.009 [0] DBG_MESH_RX_WORK_WAIT q=1
89304.009 [0] DBG_MESH_RX_WORK_ENTER q=1
89304.009 [0] DBG_MESH_RX_DRAIN_ENTER owner=work q=1
89304.009 [0] DBG_NEXT_HOP_CUSTODY type=0x20 src=0xea35f5b508104aae session=3923533480 seq=1 parent=0xf6d3a3bdac0f858 accepted=271307 now=27
89304.009 [0] DBG_MESH_RX_DRAIN_EXIT owner=work handled=1 q=0
89304.009 [0] DBG_MESH_RX_WORK_EXIT handled=1 q=0
89304.009 [0] DBG_COORD state=idle owner=uwb-rx reason=idle rx=0 tx=0 relay=0 route=0 ack=0 qack=0
89304.009 [0] DBG_ANCHOR_MESH_RX_YIELD reason=anchor-low-duty-ch5-owner ch9=0 delay=0 scan_int=380 scan_win=10 wait=0 q=0
89304.054 [0] DBG_STACK_RUN_BEGIN epoch=16284486061926904368 run=181 kind=cir_handling owner=anchor_uwb_scan queue=1 custody=1 credit=0 retry=0 drain=0 src=16876665336513972910 dst=11068027678940948070 session=3923533480 seq=1 type=32 sequence=0 previous=0 uptime=271321
89304.054 [0] DBG_STACK_SAMPLE_BEGIN epoch=16284486061926904368 run=181 sample=181 kind=cir_handling owner=anchor_uwb_scan queue=1 custody=1 credit=0 retry=0 drain=0 src=16876665336513972910 dst=11068027678940948070 session=3923533480 seq=1 type=32 uptime=271333
89304.054 [0] DBG_STACK_ISR_CONFIG size=8192 run=181 sample=181
89304.054 [0] DBG_STACK name=anchor_uwb_scan tid=0x2000ca08 used=7952 free=2032 size=9984 ret=0 run=181 sample=181
89304.054 [0] DBG_STACK name=mesh_route tid=0x2000b038 used=6976 free=2496 size=9472 ret=0 run=181 sample=181
89304.054 [0] DBG_STACK name=sysworkq tid=0x2000d980 used=764 free=4612 size=5376 ret=0 run=181 sample=181
89304.054 [0] DBG_STACK name=logging tid=0x2000cec0 used=520 free=1528 size=2048 ret=0 run=181 sample=181
89304.091 [0] DBG_STACK name=idle tid=0x2000d750 used=64 free=256 size=320 ret=0 run=181 sample=181
89304.091 [0] DBG_STACK_SAMPLE_END run=181 sample=181
89304.091 [0] DBG_STACK_RUN_BEGIN epoch=16284486061926904368 run=182 kind=anchor_scan owner=anchor_uwb_scan queue=0 custody=0 credit=0 retry=0 drain=0 src=16876665336513972910 dst=11068027678940948070 session=0 seq=0 type=48 sequence=0 previous=0 uptime=271378
89304.091 [0] DBG_STACK_SAMPLE_BEGIN epoch=16284486061926904368 run=182 sample=182 kind=anchor_scan owner=anchor_uwb_scan queue=0 custody=0 credit=0 retry=0 drain=0 src=16876665336513972910 dst=11068027678940948070 session=0 seq=0 type=48 uptime=271378
89304.091 [0] DBG_STACK_ISR_CONFIG size=8192 run=182 sample=182
89304.091 [0] DBG_STACK name=anchor_uwb_scan tid=0x2000ca08 used=7952 free=2032 size=9984 ret=0 run=182 sample=182
89304.091 [0] DBG_STACK name=mesh_route tid=0x2000b038 used=6976 free=2496 size=9472 ret=0 run=182 sample=182
89304.091 [0] DBG_STACK name=sysworkq tid=0x2000d980 used=764 free=4612 size=5376 ret=0 run=182 sample=182
89304.124 [0] DBG_STACK name=logging tid=0x2000cec0 used=520 free=1528 size=2048 ret=0 run=182 sample=182
89304.124 [0] DBG_STACK name=idle tid=0x2000d750 used=64 free=256 size=320 ret=0 run=182 sample=182
89304.124 [0] DBG_STACK_SAMPLE_END run=182 sample=182
89304.124 [0] DBG_STACK_RUN_END epoch=16284486061926904368 run=182 kind=anchor_scan owner=anchor_uwb_scan outcome=ack queue=0 custody=0 credit=0 retry=0 drain=0 src=16876665336513972910 dst=11068027678940948070 session=0 seq=0 type=48 samples=1 attempts=1 errors=0 last_error=0 mutex_drops=138 short_drops=2353 sequence=0 previous=0 uptime=271414
89304.124 [0] DBG_STACK_RUN_END epoch=16284486061926904368 run=181 kind=cir_handling owner=anchor_uwb_scan outcome=ack queue=0 custody=0 credit=0 retry=0 drain=0 src=16876665336513972910 dst=11068027678940948070 session=3923533480 seq=1 type=32 samples=1 attempts=1 errors=0 last_error=0 mutex_drops=138 short_drops=2353 sequence=0 previous=0 uptime=271416
89304.157 [0] DBG_STACK_RUN_BEGIN epoch=16284486061926904368 run=183 kind=anchor_scan owner=anchor_uwb_scan queue=0 custody=0 credit=0 retry=0 drain=0 src=16876665336513972910 dst=11068027678940948070 session=0 seq=0 type=48 sequence=0 previous=0 uptime=271418
89304.157 [0] DBG_STACK_SAMPLE_BEGIN epoch=16284486061926904368 run=183 sample=183 kind=anchor_scan owner=anchor_uwb_scan queue=0 custody=0 credit=0 retry=0 drain=0 src=16876665336513972910 dst=11068027678940948070 session=0 seq=0 type=48 uptime=271447
89304.157 [0] DBG_STACK_ISR_CONFIG size=8192 run=183 sample=183
89304.157 [0] DBG_STACK name=anchor_uwb_scan tid=0x2000ca08 used=7952 free=2032 size=9984 ret=0 run=183 sample=183
89304.157 [0] DBG_STACK name=mesh_route tid=0x2000b038 used=6976 free=2496 size=9472 ret=0 run=183 sample=183
89304.157 [0] DBG_STACK name=sysworkq tid=0x2000d980 used=772 free=4604 size=5376 ret=0 run=183 sample=183
89304.157 [0] DBG_STACK name=logging tid=0x2000cec0 used=520 free=1528 size=2048 ret=0 run=183 sample=183
89304.157 [0] DBG_STACK name=idle tid=0x2000d750 used=64 free=256 size=320 ret=0 run=183 sample=183
89304.187 [0] DBG_STACK_SAMPLE_END run=183 sample=183
89304.187 [0] DBG_STACK_RUN_END epoch=16284486061926904368 run=183 kind=anchor_scan owner=anchor_uwb_scan outcome=ack queue=0 custody=0 credit=0 retry=0 drain=0 src=16876665336513972910 dst=11068027678940948070 session=0 seq=0 type=48 samples=1 attempts=1 errors=0 last_error=0 mutex_drops=138 short_drops=2353 sequence=0 previous=0 uptime=271479
89304.275 [0] DBG_ANCHOR_CH5_SCAN_HANDLER role=2
89304.275 [0] DBG_ANCHOR_CH5_SCAN_ARM now=271587 win=10 complete=15 interval=380 wait=0 tx=0 response=0
89304.275 [0] DBG_DWM_INVALIDATE tag=configure_radio_from_reset active_phy=4 configured=1 awake=1
89304.305 [0] DBG_DWM_MARK_UNCONFIGURED tag=initialise_radio prev_phy=0
89304.305 [0] DBG_DWM_PHY_SWITCH from=4 to=2 fast=0 us=20783
89304.305 [0] DBG_DWM_CH5_RX_HUNT_START acq=10 complete=1000 cap=1020
89304.305 [0] DBG_DWM_CH5_RX_HUNT_EMPTY s=271612 e=271622 ret=-116 sys=00000000 phy=2 cfg=1 aw=1 unk=0
89304.305 [0] DBG_ANCHOR_CH5_SCAN_DONE ret=-116 len=0 fail=1 pre=0 q=0 rx_us=10772 complete=1000
89304.338 [0] DBG_ANCHOR_CH5_SCAN_RESCHED ret=1 delay=380
89304.691 [0] DBG_ANCHOR_CH5_SCAN_HANDLER role=2
89304.726 [0] DBG_DWM_CH5_RX_HUNT_START acq=10 complete=1000 cap=1020
89304.726 [0] DBG_DWM_CH5_RX_HUNT_EMPTY s=272012 e=272022 ret=-116 sys=00000000 phy=2 cfg=1 aw=1 unk=0
89304.726 [0] DBG_ANCHOR_CH5_SCAN_RESCHED ret=1 delay=380
89305.087 [0] DBG_ANCHOR_CH5_SCAN_HANDLER role=2
89305.117 [0] DBG_DWM_CH5_RX_HUNT_START acq=10 complete=1000 cap=1020
89305.117 [0] DBG_DWM_CH5_RX_HUNT_EMPTY s=272412 e=272422 ret=-116 sys=00000000 phy=2 cfg=1 aw=1 unk=0
89305.117 [0] DBG_ANCHOR_CH5_SCAN_RESCHED ret=1 delay=380
89305.498 [0] DBG_ANCHOR_CH5_SCAN_HANDLER role=2
89305.498 [0] DBG_ANCHOR_CH5_SCAN_ARM now=272804 win=10 complete=15 interval=380 wait=0 tx=0 response=0
89305.498 [0] DBG_DWM_CH5_RX_HUNT_START acq=10 complete=1000 cap=1020
89305.498 [0] DBG_DWM_CH5_RX_ACTIVITY_EXTEND ret=0 status=0x00000100 complete=1000
89305.498 [0] DBG_DWM_CH5_RX_ACTIVITY_WAIT status=0x00000100 remain=1000
89305.543 [0] DBG_DWM_CH5_RX_ACTIVITY_DONE raw=51 payload=49 status=0x00006f00 rearm=0 extended=1
89305.543 [0] DBG_ANCHOR_CH5_SCAN_DONE ret=0 len=49 fail=0 pre=1 q=100 rx_us=10000 complete=1000
89305.543 [0] DBG_UWB_RX_CH5
89305.543 [0] DBG_ANCHOR_CH5_FRAME len=49 q=100 wake_ret=0
89305.543 [0] DBG_ANCHOR_ROUTE_WAKE_DISPATCH src=0x9699122bd60a64e3 evt=273246 attempt=1 flags=0x92 len=49 q=100
89305.543 [0] DBG_C5_CONTACT phase=closing state=4 peer=0x0f6d3a3bdac0f858 purpose=uplink reason=replace
89305.543 [0] DBG_C5_CONTACT phase=open state=2 peer=0x9699122bd60a64e3 purpose=route_solicit reason=wake-claim
89305.543 [0] DBG_C5_CONTACT phase=accepted state=2 peer=0x9699122bd60a64e3 purpose=route_solicit reason=wake-claim
89305.543 [0] DBG_ROUTE_ACTIVATION_LISTEN valid=0 now=272819 start=0 relay=0 listen=1317
89305.543 [0] DBG_DWM_INVALIDATE tag=configure_radio_from_reset active_phy=2 configured=1 awake=1
89305.543 [0] DBG_STACK_RUN_BEGIN epoch=16284486061926904368 run=184 kind=anchor_scan owner=anchor_uwb_scan queue=0 custody=0 credit=0 retry=0 drain=0 src=16876665336513972910 dst=11068027678940948070 session=0 seq=0 type=48 sequence=0 previous=0 uptime=272823
89305.583 [0] DBG_STACK_SAMPLE_BEGIN epoch=16284486061926904368 run=184 sample=184 kind=anchor_scan owner=anchor_uwb_scan queue=0 custody=0 credit=0 retry=0 drain=0 src=16876665336513972910 dst=11068027678940948070 session=0 seq=0 type=48 uptime=272824
89305.583 [0] DBG_STACK_ISR_CONFIG size=8192 run=184 sample=184
89305.583 [0] DBG_STACK name=anchor_uwb_scan tid=0x2000ca08 used=7952 free=2032 size=9984 ret=0 run=184 sample=184
89305.583 [0] DBG_STACK name=mesh_route tid=0x2000b038 used=6976 free=2496 size=9472 ret=0 run=184 sample=184
89305.583 [0] DBG_STACK name=sysworkq tid=0x2000d980 used=772 free=4604 size=5376 ret=0 run=184 sample=184
89305.583 [0] DBG_STACK name=logging tid=0x2000cec0 used=520 free=1528 size=2048 ret=0 run=184 sample=184
89305.583 [0] DBG_STACK name=idle tid=0x2000d750 used=64 free=256 size=320 ret=0 run=184 sample=184
89305.583 [0] DBG_STACK_SAMPLE_END run=184 sample=184
89305.627 [0] DBG_STACK_RUN_END epoch=16284486061926904368 run=184 kind=anchor_scan owner=anchor_uwb_scan outcome=ack queue=0 custody=0 credit=0 retry=0 drain=0 src=16876665336513972910 dst=11068027678940948070 session=0 seq=0 type=48 samples=1 attempts=1 errors=0 last_error=0 mutex_drops=143 short_drops=2356 sequence=0 previous=0 uptime=272868
89305.627 [0] DBG_DWM_PHY_SWITCH from=2 to=4 fast=0 us=21668
89305.627 [0] DBG_DWM_WAKE_MESH_CTRL_OK sfd=1033
89305.627 [0] DBG_ROUTE_REPLY_CLICK_PROBE_DONE duration_ms=50 outcome=restore ret=0
89305.627 [0] DBG_C5_RX_FAIL status=0x04000100 finfo=0x00000000 fail=2 phy=4 ch=5 plen=2 pac=0 txc=9 rxc=9 sfd=2 rate=0 phr=1 phrr=0 sfdto=1
89305.627 [0] DBG_DWM_INVALIDATE tag=configure_radio_from_reset active_phy=4 configured=1 awake=1
89305.627 [0] DBG_DWM_MARK_UNCONFIGURED tag=initialise_radio prev_phy=0
89305.627 [0] DBG_DWM_PHY_SWITCH from=4 to=2 fast=0 us=21424
89305.627 [0] DBG_DWM_CH5_RX_HUNT_START acq=61 complete=1000 cap=1020
89305.627 [0] DBG_DWM_CH5_RX_ACTIVITY_EXTEND ret=0 status=0x00000100 complete=1000
89305.627 [0] DBG_DWM_CH5_RX_ACTIVITY_WAIT status=0x00000100 remain=1000
89305.667 [0] DBG_DWM_MARK_UNCONFIGURED tag=initialise_radio prev_phy=0
89305.667 [0] DBG_DWM_PHY_SWITCH from=2 to=4 fast=0 us=21423
89305.667 [0] DBG_DWM_WAKE_MESH_CTRL_OK sfd=1033
89305.667 [0] DBG_ROUTE_REPLY_CLICK_PROBE_DONE duration_ms=51 outcome=restore ret=0
89305.667 [0] DBG_DWM_INVALIDATE tag=configure_radio_from_reset active_phy=4 configured=1 awake=1
89305.700 [0] DBG_DWM_MARK_UNCONFIGURED tag=initialise_radio prev_phy=0
89305.700 [0] DBG_DWM_PHY_SWITCH from=4 to=2 fast=0 us=21454
89305.700 [0] DBG_DWM_CH5_RX_HUNT_START acq=61 complete=1000 cap=1020
89305.759 [0] DBG_DWM_CH5_RX_HUNT_EMPTY s=273000 e=273061 ret=-116 sys=00000000 phy=2 cfg=1 aw=1 unk=0
89305.759 [0] DBG_DWM_INVALIDATE tag=configure_radio_from_reset active_phy=2 configured=1 awake=1
89305.788 [0] DBG_DWM_MARK_UNCONFIGURED tag=initialise_radio prev_phy=0
89305.788 [0] DBG_DWM_PHY_SWITCH from=2 to=4 fast=0 us=20782
89305.788 [0] DBG_DWM_WAKE_MESH_CTRL_OK sfd=1033
89305.788 [0] DBG_ROUTE_REPLY_CLICK_PROBE_DONE duration_ms=104 outcome=restore ret=0
89305.825 [0] DBG_ROUTE_REPLY_RX_FRAME
89305.825 [0] DBG_ROUTE_REPLY_DECODE_FAIL ret=-8 len=281 q=100
89305.866 [0] DBG_ROUTE_REPLY_RX_FRAME
89305.866 [0] DBG_ROUTE_REPLY_DECODE_FAIL ret=-8 len=111 q=100
89305.866 [0] DBG_ROUTE_REPLY_RX_FRAME
89305.866 [0] DBG_ROUTE_REPLY_DECODE_FAIL ret=-8 len=281 q=100
89305.866 [0] DBG_DWM_RF_SCOPE_DROP local=2 remote=0 remote_clicker=0
89306.394 [0] DBG_DWM_INVALIDATE tag=configure_radio_from_reset active_phy=4 configured=1 awake=1
89306.394 [0] DBG_DWM_MARK_UNCONFIGURED tag=initialise_radio prev_phy=0
89306.394 [0] DBG_DWM_PHY_SWITCH from=4 to=2 fast=0 us=20782
89306.394 [0] DBG_DWM_CH5_RX_HUNT_START acq=61 complete=1000 cap=1020
89306.394 [0] DBG_DWM_CH5_RX_ACTIVITY_EXTEND ret=0 status=0x00000100 complete=1000
89306.394 [0] DBG_DWM_CH5_RX_ACTIVITY_WAIT status=0x00000100 remain=1000
89306.394 [0] DBG_DWM_CH5_RX_ACTIVITY_DONE raw=51 payload=49 status=0x00006f00 rearm=0 extended=1
89306.394 [0] DBG_ROUTE_REPLY_CLICK_PROBE_CAPTURE evt=18022402 attempt=1 q=100
89306.394 [0] DBG_ROUTE_REPLY_CLICK_PROBE_DONE duration_ms=24 outcome=capture ret=0
89306.394 [0] DBG_ROUTE_REPLY_CLICK_PREEMPT_PROBE
89306.394 [0] DBG_C5_CONTACT phase=closing state=4 peer=0x9699122bd60a64e3 purpose=route_solicit reason=click-preempt
89306.427 [0] DBG_ANCHOR_CLICK_HANDOFF_QUEUED evt=18022402 attempt=1 ret=1
89306.427 [0] DBG_ANCHOR_CLICK_HANDOFF evt=18022402 attempt=1 handled=1 q=100
89306.427 [0] DBG_ANCHOR_ROUTE_WAKE_HANDOFF_DONE src=0x9699122bd60a64e3 embedded=0 ret=-11 pending=0
89306.427 [0] DBG_ANCHOR_ROUTE_WAKE_DISPATCH_DONE handled=1 len=49 q=100
89306.427 [0] DBG_ANCHOR_CLICK_HANDOFF_START evt=18022402 attempt=1 rx=273709 q=100
89306.427 [0] DBG_ANCHOR_WAKE_ACCEPT clicker=0xc1c2306a5138ab2d evt=18022402 attempt=1 flags=0x20 disc_in=501 q=100
89306.427 [0] DBG_ANCHOR_CLICK_WINDOW active=1 flags=0x20
89306.427 [0] DBG_ANCHOR_DISC_WAIT now=273735 start=274210 deadline=275210 guard=8 listen=1008 phr=std
89306.427 [0] DBG_ANCHOR_DISC_CONFIG phr=std ret=0
89306.427 [0] DBG_ANCHOR_DISC_FRAME len=49 type=0x08 q=100 now=273741
89306.456 [0] DBG_ANCHOR_DISC_FRAME len=49 type=0x08 q=100 now=273748
89306.456 [0] DBG_ANCHOR_DISC_FRAME len=49 type=0x08 q=100 now=273754
89306.456 [0] DBG_ANCHOR_DISC_FRAME len=49 type=0x08 q=100 now=273761
89306.456 [0] DBG_ANCHOR_DISC_FRAME len=49 type=0x08 q=100 now=273767
89306.487 [0] DBG_ANCHOR_DISC_FRAME len=49 type=0x08 q=100 now=273774
89306.487 [0] DBG_ANCHOR_DISC_FRAME len=49 type=0x08 q=100 now=273780
89306.487 [0] DBG_ANCHOR_DISC_FRAME len=49 type=0x08 q=100 now=273787
89306.487 [0] DBG_ANCHOR_DISC_FRAME len=49 type=0x08 q=100 now=273793
89306.487 [0] DBG_ANCHOR_DISC_FRAME len=49 type=0x08 q=100 now=273800
89306.517 [0] DBG_ANCHOR_DISC_FRAME len=49 type=0x08 q=100 now=273806
89306.517 [0] DBG_ANCHOR_DISC_FRAME len=49 type=0x08 q=100 now=273813
89306.517 [0] DBG_ANCHOR_DISC_FRAME len=49 type=0x08 q=100 now=273819
89306.517 [0] DBG_ANCHOR_DISC_FRAME len=49 type=0x08 q=100 now=273826
89306.517 [0] DBG_ANCHOR_DISC_FRAME len=49 type=0x08 q=100 now=273832
89306.553 [0] DBG_ANCHOR_DISC_FRAME len=49 type=0x08 q=100 now=273839
89306.553 [0] DBG_ANCHOR_DISC_FRAME len=49 type=0x08 q=100 now=273845
89306.553 [0] DBG_ANCHOR_DISC_FRAME len=49 type=0x08 q=100 now=273851
89306.553 [0] DBG_ANCHOR_DISC_FRAME len=49 type=0x08 q=100 now=273858
89306.553 [0] DBG_ANCHOR_DISC_FRAME len=49 type=0x08 q=100 now=273865
89306.589 [0] DBG_ANCHOR_DISC_FRAME len=49 type=0x08 q=100 now=273871
89306.589 [0] DBG_ANCHOR_DISC_FRAME len=49 type=0x08 q=100 now=273878
89306.589 [0] DBG_ANCHOR_DISC_FRAME len=49 type=0x08 q=100 now=273884
89306.589 [0] DBG_ANCHOR_DISC_FRAME len=49 type=0x08 q=100 now=273890
89306.589 [0] DBG_ANCHOR_DISC_FRAME len=49 type=0x08 q=100 now=273897
89306.589 [0] DBG_ANCHOR_DISC_FRAME len=49 type=0x08 q=100 now=273903
89306.630 [0] DBG_ANCHOR_DISC_FRAME len=49 type=0x08 q=100 now=273910
89306.630 [0] DBG_ANCHOR_DISC_FRAME len=49 type=0x08 q=100 now=273916
89306.630 [0] DBG_ANCHOR_DISC_FRAME len=49 type=0x08 q=100 now=273922
89306.630 [0] DBG_ANCHOR_DISC_FRAME len=49 type=0x08 q=100 now=273929
89306.630 [0] DBG_ANCHOR_DISC_FRAME len=49 type=0x08 q=100 now=273935
89306.630 [0] DBG_ANCHOR_DISC_FRAME len=49 type=0x08 q=100 now=273942
89306.634 [1] [00:04:32.910,278] <wrn> app_mesh_report: mesh route reply RX failed: target=0x9699122bd60a64e3 ret=-5 rx_failure=2 reason=anchor-route-wake-followup
89306.634 [1] [00:04:32.964,233] <wrn> app_mesh_report: mesh route reply RX failed: target=0x9699122bd60a64e3 ret=-5 rx_failure=2 reason=anchor-route-wake-followup
89306.634 [1] [00:04:33.082,519] <wrn> app_mesh_report:
89306.677 [0] DBG_ANCHOR_DISC_FRAME len=49 type=0x08 q=100 now=273948
89306.677 [0] DBG_ANCHOR_DISC_FRAME len=49 type=0x08 q=100 now=273955
89306.677 [0] DBG_ANCHOR_DISC_FRAME len=49 type=0x08 q=100 now=273961
89306.677 [0] DBG_ANCHOR_DISC_FRAME len=49 type=0x08 q=100 now=273967
89306.677 [0] DBG_ANCHOR_DISC_FRAME len=49 type=0x08 q=100 now=273974
89306.677 [0] DBG_ANCHOR_DISC_FRAME len=49 type=0x08 q=100 now=273980
89306.677 [0] DBG_ANCHOR_DISC_FRAME len=49 type=0x08 q=100 now=273986
89306.677 [0] DBG_ANCHOR_DISC_FRAME len=49 type=0x08 q=100 now=273993
89306.717 [0] DBG_ANCHOR_DISC_FRAME len=49 type=0x08 q=100 now=273999
89306.717 [0] DBG_ANCHOR_DISC_FRAME len=49 type=0x08 q=100 now=274006
89306.717 [0] DBG_ANCHOR_DISC_FRAME len=49 type=0x08 q=100 now=274012
89306.717 [0] DBG_ANCHOR_DISC_FRAME len=49 type=0x08 q=100 now=274019
89306.717 [0] DBG_ANCHOR_DISC_FRAME len=49 type=0x08 q=100 now=274025
89306.717 [0] DBG_ANCHOR_DISC_FRAME len=49 type=0x08 q=100 now=274032
89306.757 [0] DBG_ANCHOR_DISC_FRAME len=49 type=0x08 q=100 now=274038
89306.757 [0] DBG_ANCHOR_DISC_FRAME len=49 type=0x08 q=100 now=274045
89306.757 [0] DBG_ANCHOR_DISC_FRAME len=49 type=0x08 q=100 now=274051
89306.757 [0] DBG_ANCHOR_DISC_FRAME len=49 type=0x08 q=100 now=274058
89306.757 [0] DBG_ANCHOR_DISC_FRAME len=49 type=0x08 q=100 now=274064
89306.757 [0] DBG_ANCHOR_DISC_FRAME len=49 type=0x08 q=100 now=274070
89306.801 [0] DBG_ANCHOR_DISC_FRAME len=49 type=0x08 q=100 now=274077
89306.801 [0] DBG_ANCHOR_DISC_FRAME len=49 type=0x08 q=100 now=274083
89306.801 [0] DBG_ANCHOR_DISC_FRAME len=49 type=0x08 q=100 now=274090
89306.801 [0] DBG_ANCHOR_DISC_FRAME len=49 type=0x08 q=100 now=274096
89306.801 [0] DBG_ANCHOR_DISC_FRAME len=49 type=0x08 q=100 now=274102
89306.801 [0] DBG_ANCHOR_DISC_FRAME len=49 type=0x08 q=100 now=274109
89306.801 [0] DBG_STACK_RUN_BEGIN epoch=16284486061926904368 run=185 kind=anchor_scan owner=anchor_uwb_scan queue=0 custody=0 credit=0 retry=0 drain=0 src=16876665336513972910 dst=11068027678940948070 session=0 seq=0 type=48 sequence=0 previous=0 uptime=274112
89306.801 [0] DBG_STACK_SAMPLE_BEGIN epoch=16284486061926904368 run=185 sample=185 kind=anchor_scan owner=anchor_uwb_scan queue=0 custody=0 credit=0 retry=0 drain=0 src=16876665336513972910 dst=11068027678940948070 session=0 seq=0 type=48 uptime=274112
89306.801 [0] DBG_STACK_ISR_CONFIG size=8192 run=185 sample=185
89306.801 [0] DBG_STACK name=anchor_uwb_scan tid=0x2000ca08 used=7952 free=2032 size=9984 ret=0 run=185 sample=185
89306.845 [0] DBG_STACK name=mesh_route tid=0x2000b038 used=6976 free=2496 size=9472 ret=0 run=185 sample=185
89306.845 [0] DBG_STACK name=sysworkq tid=0x2000d980 used=772 free=4604 size=5376 ret=0 run=185 sample=185
89306.845 [0] DBG_STACK name=logging tid=0x2000cec0 used=520 free=1528 size=2048 ret=0 run=185 sample=185
89306.845 [0] DBG_STACK name=idle tid=0x2000d750 used=64 free=256 size=320 ret=0 run=185 sample=185
89306.845 [0] DBG_STACK_SAMPLE_END run=185 sample=185
89306.845 [0] DBG_STACK_RUN_END epoch=16284486061926904368 run=185 kind=anchor_scan owner=anchor_uwb_scan outcome=ack queue=0 custody=0 credit=0 retry=0 drain=0 src=16876665336513972910 dst=11068027678940948070 session=0 seq=0 type=48 samples=1 attempts=1 errors=0 last_error=0 mutex_drops=153 short_drops=2359 sequence=0 previous=0 uptime=274124
89306.845 [0] DBG_ANCHOR_DISC_FRAME len=49 type=0x08 q=100 now=274128
89306.845 [0] DBG_ANCHOR_DISC_FRAME len=49 type=0x08 q=100 now=274135
89306.845 [0] DBG_ANCHOR_DISC_FRAME len=49 type=0x08 q=100 now=274141
89306.845 [0] DBG_ANCHOR_DISC_FRAME len=49 type=0x08 q=100 now=274148
89306.845 [0] DBG_ANCHOR_DISC_FRAME len=49 type=0x08 q=100 now=274154
89306.881 [0] DBG_ANCHOR_DISC_FRAME len=49 type=0x08 q=100 now=274167
89306.881 [0] DBG_ANCHOR_DISC_FRAME len=49 type=0x08 q=100 now=274174
89306.881 [0] DBG_ANCHOR_DISC_FRAME len=49 type=0x08 q=100 now=274181
89306.881 [0] DBG_ANCHOR_DISC_FRAME len=49 type=0x08 q=100 now=274187
89306.915 [0] DBG_ANCHOR_DISC_FRAME len=32 type=0x09 q=100 now=274222
89306.915 [0] DBG_ANCHOR_DISC_DECODE evt=18022402 attempt=1 slots=50 flags=0x20
89306.915 [0] DBG_ANCHOR_DISC_REPLY_ARM evt=18022402 attempt=1 slot=1 state=1
89306.944 [0] DBG_ANCHOR_DISC_REPLY_TX evt=18022402 attempt=1 slot=1 ret=0
89307.631 [0] DBG_ANCHOR_CH5_HOLD_DONE deadline=274920 now=274920 frames=3 errors=0 deferred=0
89307.631 [0] DBG_DS_SAMPLE_ARM evt=18022402 attempt=1 sample=2/12 round=0 seq=2 target_us=274930000 start=274920 now=274921 deadline=274973
89307.631 [0] DBG_DS_RESP stage=arm evt=18022402 seq=2 round=0 now=274921 timeout=52
89307.631 [0] DBG_DS_RESP stage=resp-armed now=274938 seq=2 round=0 tx_time=0x123fa317 resp_tx=0x3fa355d9
89307.631 [0] DBG_DS_RESP stage=resp-raw poll_rx=0x212b0b7e q=100 reply_uus=8000
89307.663 [0] DBG_DS_RESP stage=final-decode status=0 now=274955 seq=2 round=0 final_rx=0x5e1b9f55
89307.732 [0] DBG_ANCHOR_CH5_HOLD_DONE deadline=275019 now=275019 frames=6 errors=0 deferred=0
89307.732 [0] DBG_DS_SAMPLE_ARM evt=18022402 attempt=1 sample=5/12 round=1 seq=3 target_us=275029000 start=275019 now=275019 deadline=275072
89307.732 [0] DBG_DS_RESP stage=arm evt=18022402 seq=3 round=1 now=275019 timeout=53
89307.732 [0] DBG_DS_RESP stage=resp-armed now=275037 seq=3 round=1 tx_time=0x13b97ff8 resp_tx=0xb98037d9
89307.732 [0] DBG_DS_RESP stage=resp-raw poll_rx=0x9b07eb95 q=100 reply_uus=8000
89307.768 [0] DBG_DS_RESP stage=final-decode status=0 now=275054 seq=3 round=1 final_rx=0xd7f8816e
89307.806 [0] DBG_ANCHOR_CH5_HOLD_DONE deadline=275118 now=275118 frames=6 errors=0 deferred=0
89307.806 [0] DBG_DS_SAMPLE_ARM evt=18022402 attempt=1 sample=8/12 round=2 seq=4 target_us=275128000 start=275118 now=275118 deadline=275171
89307.806 [0] DBG_DS_RESP stage=arm evt=18022402 seq=4 round=2 now=275118 timeout=53
89307.842 [0] DBG_DS_RESP stage=resp-armed now=275136 seq=4 round=2 tx_time=0x15301bd0 resp_tx=0x301c0fd9
89307.842 [0] DBG_DS_RESP stage=resp-raw poll_rx=0x11a3c401 q=100 reply_uus=8000
89307.842 [0] DBG_DS_RESP stage=final-decode status=0 now=275153 seq=4 round=2 final_rx=0x4e9459da
89307.913 [0] DBG_ANCHOR_CH5_HOLD_DONE deadline=275217 now=275217 frames=6 errors=0 deferred=0
89307.913 [0] DBG_DS_SAMPLE_ARM evt=18022402 attempt=1 sample=11/12 round=3 seq=5 target_us=275227000 start=275217 now=275217 deadline=27527
89307.913 [0] DBG_DS_RESP stage=arm evt=18022402 seq=5 round=3 now=275217 timeout=53
89307.954 [0] DBG_DS_RESP stage=resp-armed now=275235 seq=5 round=3 tx_time=0x16a9bdba resp_tx=0xa9bdf9d9
89307.954 [0] DBG_DS_RESP stage=resp-raw poll_rx=0x8b45ae1b q=100 reply_uus=8000
89307.954 [0] DBG_DS_RESP stage=final-decode status=0 now=275252 seq=5 round=3 final_rx=0xc83643f5
89307.954 [0] DBG_CLICK_LISTEN start=275337 until=275687 n=3
89307.954 [0] DBG_CLICK_REPORT_QUEUED now=275254 window=275337 k=1 earliest=275387 n=3
89307.954 [0] DBG_ANCHOR_CH5_SCAN_RESCHED ret=1 delay=380
89307.954 [0] DBG_ANCHOR_CLICK_HANDOFF_DONE evt=18022402 attempt=1 handled=1 deferred=0
89307.954 [0] DBG_COORD state=mesh-tx owner=report-tx reason=mesh-tx rx=0 tx=1 relay=0 route=0 ack=0 qack=0
89307.954 [0] DBG_REPORT_TX_SLOT_WAIT now=275256 earliest=275387 delay=101 seq=1
89307.954 [0] DBG_ANCHOR_CH5_SCAN_HANDLER role=2
89307.954 [0] DBG_ANCHOR_CH5_SCAN_ARM now=275256 win=10 complete=15 interval=380 wait=0 tx=0 response=0
89307.954 [0] DBG_DWM_CH5_RX_HUNT_START acq=10 complete=1000 cap=1020
89307.954 [0] DBG_DWM_CH5_RX_ACTIVITY_EXTEND ret=0 status=0x00000f00 complete=1000
89307.954 [0] DBG_DWM_CH5_RX_ACTIVITY_WAIT status=0x00000f00 remain=1000
89307.991 [0] DBG_UWB_RX_CH5
89307.991 [0] DBG_ANCHOR_CH5_FRAME len=46 q=100 wake_ret=-8
89308.050 [0] DBG_CLICK_SLOT_TX now=275358 due=275387 window=275337 k=1 n=3 seq=1
89308.050 [0] DBG_UPLINK_NEXT_HOP next=0xf6d3a3bdac0f858 depth=1 participant=1 wake=0
89308.050 [0] DBG_UPLINK_TX msg=20 seq=1 next=0xf6d3a3bdac0f858 wake=0 reason=queued-click-report
89308.050 [0] DBG_DWM_INVALIDATE tag=configure_radio_from_reset active_phy=2 configured=1 awake=1
89308.088 [0] DBG_ANCHOR_CH5_SCAN_HANDLER role=2
89308.088 [0] DBG_ANCHOR_CH5_SCAN_BLOCKED win=0 tx=1 retry_gap=0 flood=0 wait=0 rx=0 rxq=0 rxr=0 ack=0 ch9=0 rf=1 retry=20 interval=380
89308.088 [0] DBG_SCAN_SKIPPED reason=blocked
89308.088 [0] DBG_ANCHOR_CH5_SCAN_RESCHED ret=1 delay=20
89308.088 [0] DBG_DWM_MARK_UNCONFIGURED tag=initialise_radio prev_phy=0
89308.088 [0] DBG_DWM_PHY_SWITCH from=2 to=4 fast=0 us=20783
89308.088 [0] DBG_DWM_WAKE_MESH_CTRL_OK sfd=1033
89308.088 [0] DBG_DIRECT_GW_TX_CONFIG ret=0 now=275388 seq=1
89308.088 [0] DBG_CH9_TX_SEND_AT now=275390 earliest=275387 msg=20 len=281
89308.088 [0] DBG_ANCHOR_CH5_SCAN_HANDLER role=2
89308.088 [0] DBG_ANCHOR_CH5_SCAN_BLOCKED win=0 tx=1 retry_gap=0 flood=0 wait=0 rx=0 rxq=0 rxr=0 ack=0 ch9=0 rf=1 retry=20 interval=380
89308.088 [0] DBG_SCAN_SKIPPED reason=blocked
89308.088 [0] DBG_ANCHOR_CH5_SCAN_RESCHED ret=1 delay=20
89308.088 [0] DBG_CH9_TX_DONE now=275396 dur=6 len=281 msg=20
89308.088 [0] DBG_UWB_TX_CH5
89308.088 [0] DBG_CLICK_TX_DONE now=275396 seq=1
89308.088 [0] DBG_CH9_TX_SINGLE_SEND_OK
89308.088 [0] DBG_CH9_EVENT_STATE state=complete peer=0x0f6d3a3bdac0f858 start=275362 end=275612 reason=queued-click-report
89308.088 [0] DBG_CLICK_ACK_RX_ARM now=275396 slice=60 seq=1
89308.119 [0] DBG_ANCHOR_CH5_SCAN_HANDLER role=2
89308.119 [0] DBG_ANCHOR_CH5_SCAN_BLOCKED win=0 tx=1 retry_gap=0 flood=0 wait=0 rx=0 rxq=0 rxr=0 ack=0 ch9=0 rf=1 retry=20 interval=380
89308.119 [0] DBG_SCAN_SKIPPED reason=blocked
89308.119 [0] DBG_ANCHOR_CH5_SCAN_RESCHED ret=1 delay=20
89308.150 [0] DBG_ANCHOR_CH5_SCAN_HANDLER role=2
89308.150 [0] DBG_ANCHOR_CH5_SCAN_BLOCKED win=0 tx=1 retry_gap=0 flood=0 wait=0 rx=0 rxq=0 rxr=0 ack=0 ch9=0 rf=1 retry=20 interval=380
89308.150 [0] DBG_SCAN_SKIPPED reason=blocked
89308.150 [0] DBG_ANCHOR_CH5_SCAN_RESCHED ret=1 delay=20
89308.150 [0] DBG_ANCHOR_CH5_SCAN_HANDLER role=2
89308.177 [0] DBG_ANCHOR_CH5_SCAN_BLOCKED win=0 tx=1 retry_gap=0 flood=0 wait=0 rx=0 rxq=0 rxr=0 ack=0 ch9=0 rf=1 retry=20 interval=380
89308.177 [0] DBG_SCAN_SKIPPED reason=blocked
89308.177 [0] DBG_ANCHOR_CH5_SCAN_RESCHED ret=1 delay=20
89308.177 [0] DBG_ANCHOR_CH5_SCAN_HANDLER role=2
89308.204 [0] DBG_ANCHOR_CH5_SCAN_BLOCKED win=0 tx=1 retry_gap=0 flood=0 wait=0 rx=0 rxq=0 rxr=0 ack=0 ch9=0 rf=1 retry=20 interval=380
89308.204 [0] DBG_SCAN_SKIPPED reason=blocked
89308.204 [0] DBG_ANCHOR_CH5_SCAN_RESCHED ret=1 delay=20
89308.204 [0] DBG_ANCHOR_CH5_SCAN_HANDLER role=2
89308.231 [0] DBG_ANCHOR_CH5_SCAN_BLOCKED win=0 tx=1 retry_gap=0 flood=0 wait=0 rx=0 rxq=0 rxr=0 ack=0 ch9=0 rf=1 retry=20 interval=380
89308.231 [0] DBG_SCAN_SKIPPED reason=blocked
89308.231 [0] DBG_ANCHOR_CH5_SCAN_RESCHED ret=1 delay=20
89308.259 [0] DBG_ANCHOR_CH5_SCAN_HANDLER role=2
89308.259 [0] DBG_ANCHOR_CH5_SCAN_BLOCKED win=0 tx=1 retry_gap=0 flood=0 wait=0 rx=0 rxq=0 rxr=0 ack=0 ch9=0 rf=1 retry=20 interval=380
89308.259 [0] DBG_SCAN_SKIPPED reason=blocked
89308.259 [0] DBG_ANCHOR_CH5_SCAN_RESCHED ret=1 delay=20
89308.286 [0] DBG_ANCHOR_CH5_SCAN_HANDLER role=2
89308.286 [0] DBG_ANCHOR_CH5_SCAN_BLOCKED win=0 tx=1 retry_gap=0 flood=0 wait=0 rx=0 rxq=0 rxr=0 ack=0 ch9=0 rf=1 retry=20 interval=380
89308.286 [0] DBG_SCAN_SKIPPED reason=blocked
89308.286 [0] DBG_ANCHOR_CH5_SCAN_RESCHED ret=1 delay=20
89308.326 [0] DBG_ANCHOR_CH5_SCAN_HANDLER role=2
89308.326 [0] DBG_ANCHOR_CH5_SCAN_BLOCKED win=0 tx=1 retry_gap=0 flood=0 wait=0 rx=0 rxq=0 rxr=0 ack=0 ch9=0 rf=1 retry=20 interval=380
89308.326 [0] DBG_SCAN_SKIPPED reason=blocked
89308.326 [0] DBG_ANCHOR_CH5_SCAN_RESCHED ret=1 delay=20
89308.326 [0] DBG_ANCHOR_CH5_SCAN_HANDLER role=2
89308.326 [0] DBG_ANCHOR_CH5_SCAN_BLOCKED win=0 tx=1 retry_gap=0 flood=0 wait=0 rx=0 rxq=0 rxr=0 ack=0 ch9=0 rf=1 retry=20 interval=380
89308.326 [0] DBG_SCAN_SKIPPED reason=blocked
89308.326 [0] DBG_ANCHOR_CH5_SCAN_RESCHED ret=1 delay=20
89308.366 [0] DBG_DIRECT_GW_TX_ACK_WAIT ret=-116 seq=1
89308.366 [0] DBG_DIRECT_GW_KEEP_CH9_AWAKE q=1 seq=1 ack_ret=-116 release_ret=0
89308.366 [0] DBG_CH9_TX_SINGLE_RETRYABLE ret=-11 seq=1
89308.366 [0] DBG_DIRECT_GW_ACK_DEFER_CORE seq=1 ret=-11 state=1 deadline=277396 reason=queued-click-report
89308.366 [0] DBG_UWB_RX_COORD_DEFER state=mesh-tx reason=mesh-tx route=0 q=0
89308.366 [0] DBG_TX_TIMEOUT_ENTER relay=1 route=0 ch9pend=0 bundle=0 now=275650
89308.366 [0] DBG_ANCHOR_CH5_SCAN_HANDLER role=2
89308.366 [0] DBG_DWM_CH5_RX_HUNT_START acq=25 complete=15 cap=1020
89308.416 [0] DBG_DWM_CH5_RX_HUNT_EMPTY s=275658 e=275683 ret=-116 sys=00000000 phy=4 cfg=1 aw=1 unk=0
89308.416 [0] DBG_ANCHOR_CH5_SCAN_RESCHED ret=2 delay=0
89308.416 [0] DBG_ANCHOR_CH5_SCAN_HANDLER role=2
89308.416 [0] DBG_DWM_CH5_RX_HUNT_START acq=3 complete=15 cap=1020
89308.416 [0] DBG_DWM_CH5_RX_HUNT_EMPTY s=275685 e=275688 ret=-116 sys=00000000 phy=4 cfg=1 aw=1 unk=0
89308.416 [0] DBG_ANCHOR_CH5_SCAN_RESCHED ret=1 delay=380
89308.416 [0] DBG_UWB_RX_COORD_DEFER state=mesh-tx reason=mesh-tx route=0 q=0
89308.449 [0] DBG_UWB_RX_COORD_DEFER state=mesh-tx reason=mesh-tx route=0 q=0
89308.479 [0] DBG_TX_TIMEOUT_ENTER relay=1 route=0 ch9pend=0 bundle=0 now=275768
89308.479 [0] DBG_RETRANSMIT_DIRECT_GW seq=1 now=275770
89308.479 [0] DBG_C5_CONTACT phase=open state=1 peer=0x0f6d3a3bdac0f858 purpose=uplink reason=retransmit-uplink-wake
89308.479 [0] DBG_WAKE_TRAIN_GUARD_OK
89308.479 [0] DBG_DWM_INVALIDATE tag=configure_radio_from_reset active_phy=4 configured=1 awake=1
89308.479 [0] DBG_DWM_MARK_UNCONFIGURED tag=initialise_radio prev_phy=0
89308.479 [0] DBG_DWM_PHY_SWITCH from=4 to=2 fast=0 us=20783
89308.506 [0] DBG_WAKE_TRAIN_CONFIG_BEGIN
89308.506 [0] DBG_WAKE_TRAIN_CONFIG_OK
89308.506 [0] DBG_WAKE_TRAIN_FIRST_SEND_BEGIN
89308.537 [0] DBG_WAKE_TRAIN_FIRST_SEND_OK
89308.537 [0] DBG_UWB_TX_CH5
89308.537 [0] DBG_TX_WAKE_CLAIM_SENT
89308.537 [0] DBG_UWB_TX_CH5
89308.537 [0] DBG_TX_WAKE_CLAIM_SENT
89308.537 [0] DBG_UWB_TX_CH5
89308.537 [0] DBG_TX_WAKE_CLAIM_SENT
89308.537 [0] DBG_DWM_CH5_RX_HUNT_START acq=10 complete=1000 cap=124
89308.537 [0] DBG_DWM_CH5_RX_HUNT_EMPTY s=275841 e=275851 ret=-116 sys=00000000 phy=2 cfg=1 aw=1 unk=0
89308.565 [0] DBG_UWB_TX_CH5
89308.565 [0] DBG_TX_WAKE_CLAIM_SENT
89308.565 [0] DBG_UWB_TX_CH5
89308.565 [0] DBG_TX_WAKE_CLAIM_SENT
89308.565 [0] DBG_DWM_CH5_RX_HUNT_START acq=10 complete=1000 cap=124
89308.565 [0] DBG_DWM_CH5_RX_HUNT_EMPTY s=275865 e=275875 ret=-116 sys=00000000 phy=2 cfg=1 aw=1 unk=0
89308.565 [0] DBG_UWB_TX_CH5
89308.565 [0] DBG_TX_WAKE_CLAIM_SENT
89308.592 [0] DBG_UWB_TX_CH5
89308.592 [0] DBG_TX_WAKE_CLAIM_SENT
89308.592 [0] DBG_DWM_CH5_RX_HUNT_START acq=10 complete=1000 cap=124
89308.592 [0] DBG_DWM_CH5_RX_HUNT_EMPTY s=275889 e=275899 ret=-116 sys=00000000 phy=2 cfg=1 aw=1 unk=0
89308.592 [0] DBG_UWB_TX_CH5
89308.592 [0] DBG_TX_WAKE_CLAIM_SENT
89308.620 [0] DBG_UWB_TX_CH5
89308.620 [0] DBG_TX_WAKE_CLAIM_SENT
89308.620 [0] DBG_DWM_CH5_RX_HUNT_START acq=10 complete=1000 cap=124
89308.620 [0] DBG_DWM_CH5_RX_HUNT_EMPTY s=275913 e=275923 ret=-116 sys=00000000 phy=2 cfg=1 aw=1 unk=0
89308.620 [0] DBG_UWB_TX_CH5
89308.620 [0] DBG_TX_WAKE_CLAIM_SENT
89308.620 [0] DBG_UWB_TX_CH5
89308.620 [0] DBG_TX_WAKE_CLAIM_SENT
89308.647 [0] DBG_DWM_CH5_RX_HUNT_START acq=10 complete=1000 cap=124
89308.647 [0] DBG_DWM_CH5_RX_HUNT_EMPTY s=275937 e=275947 ret=-116 sys=00000000 phy=2 cfg=1 aw=1 unk=0
89308.647 [0] DBG_UWB_TX_CH5
89308.647 [0] DBG_TX_WAKE_CLAIM_SENT
89308.647 [0] DBG_UWB_TX_CH5
89308.647 [0] DBG_TX_WAKE_CLAIM_SENT
89308.647 [0] DBG_DWM_CH5_RX_HUNT_START acq=10 complete=1000 cap=124
89308.673 [0] DBG_DWM_CH5_RX_HUNT_EMPTY s=275961 e=275971 ret=-116 sys=00000000 phy=2 cfg=1 aw=1 unk=0
89308.673 [0] DBG_UWB_TX_CH5
89308.673 [0] DBG_TX_WAKE_CLAIM_SENT
89308.673 [0] DBG_UWB_TX_CH5
89308.673 [0] DBG_TX_WAKE_CLAIM_SENT
89308.673 [0] DBG_DWM_CH5_RX_HUNT_START acq=10 complete=1000 cap=124
89308.700 [0] DBG_DWM_CH5_RX_HUNT_EMPTY s=275985 e=275995 ret=-116 sys=00000000 phy=2 cfg=1 aw=1 unk=0
89308.700 [0] DBG_UWB_TX_CH5
89308.700 [0] DBG_TX_WAKE_CLAIM_SENT
89308.700 [0] DBG_UWB_TX_CH5
89308.700 [0] DBG_TX_WAKE_CLAIM_SENT
89308.700 [0] DBG_DWM_CH5_RX_HUNT_START acq=10 complete=1000 cap=124
89308.729 [0] DBG_DWM_CH5_RX_HUNT_EMPTY s=276009 e=276019 ret=-116 sys=00000000 phy=2 cfg=1 aw=1 unk=0
89308.729 [0] DBG_UWB_TX_CH5
89308.729 [0] DBG_TX_WAKE_CLAIM_SENT
89308.729 [0] DBG_UWB_TX_CH5
89308.729 [0] DBG_TX_WAKE_CLAIM_SENT
89308.729 [0] DBG_DWM_CH5_RX_HUNT_START acq=10 complete=1000 cap=124
89308.729 [0] DBG_DWM_CH5_RX_HUNT_EMPTY s=276033 e=276043 ret=-116 sys=00000000 phy=2 cfg=1 aw=1 unk=0
89308.759 [0] DBG_UWB_TX_CH5
89308.759 [0] DBG_TX_WAKE_CLAIM_SENT
89308.759 [0] DBG_UWB_TX_CH5
89308.759 [0] DBG_TX_WAKE_CLAIM_SENT
89308.759 [0] DBG_DWM_CH5_RX_HUNT_START acq=10 complete=1000 cap=124
89308.759 [0] DBG_DWM_CH5_RX_HUNT_EMPTY s=276057 e=276067 ret=-116 sys=00000000 phy=2 cfg=1 aw=1 unk=0
89308.759 [0] DBG_ANCHOR_CH5_SCAN_HANDLER role=2
89308.759 [0] DBG_UWB_TX_CH5
89308.759 [0] DBG_TX_WAKE_CLAIM_SENT
89308.759 [0] DBG_ANCHOR_CH5_SCAN_BLOCKED win=0 tx=1 retry_gap=0 flood=0 wait=0 rx=0 rxq=0 rxr=0 ack=0 ch9=0 rf=1 retry=20 interval=380
89308.759 [0] DBG_SCAN_SKIPPED reason=blocked
89308.759 [0] DBG_ANCHOR_CH5_SCAN_RESCHED ret=1 delay=20
89308.805 [0] DBG_UWB_TX_CH5
89308.805 [0] DBG_TX_WAKE_CLAIM_SENT
89308.805 [0] DBG_DWM_CH5_RX_HUNT_START acq=10 complete=1000 cap=124
89308.805 [0] DBG_DWM_CH5_RX_HUNT_EMPTY s=276081 e=276091 ret=-116 sys=00000000 phy=2 cfg=1 aw=1 unk=0
89308.805 [0] DBG_ANCHOR_CH5_SCAN_HANDLER role=2
89308.805 [0] DBG_UWB_TX_CH5
89308.805 [0] DBG_TX_WAKE_CLAIM_SENT
89308.805 [0] DBG_ANCHOR_CH5_SCAN_BLOCKED win=0 tx=1 retry_gap=0 flood=0 wait=0 rx=0 rxq=0 rxr=0 ack=0 ch9=0 rf=1 retry=20 interval=380
89308.805 [0] DBG_SCAN_SKIPPED reason=blocked
89308.805 [0] DBG_ANCHOR_CH5_SCAN_RESCHED ret=1 delay=20
89308.805 [0] DBG_UWB_TX_CH5
89308.805 [0] DBG_TX_WAKE_CLAIM_SENT
89308.805 [0] DBG_DWM_CH5_RX_HUNT_START acq=10 complete=1000 cap=124
89308.805 [0] DBG_DWM_CH5_RX_HUNT_EMPTY s=276104 e=276115 ret=-116 sys=00000000 phy=2 cfg=1 aw=1 unk=0
89308.846 [0] DBG_ANCHOR_CH5_SCAN_HANDLER role=2
89308.846 [0] DBG_UWB_TX_CH5
89308.846 [0] DBG_TX_WAKE_CLAIM_SENT
89308.846 [0] DBG_ANCHOR_CH5_SCAN_BLOCKED win=0 tx=1 retry_gap=0 flood=0 wait=0 rx=0 rxq=0 rxr=0 ack=0 ch9=0 rf=1 retry=20 interval=380
89308.846 [0] DBG_SCAN_SKIPPED reason=blocked
89308.846 [0] DBG_ANCHOR_CH5_SCAN_RESCHED ret=1 delay=20
89308.846 [0] DBG_UWB_TX_CH5
89308.846 [0] DBG_TX_WAKE_CLAIM_SENT
89308.846 [0] DBG_DWM_CH5_RX_HUNT_START acq=10 complete=1000 cap=124
89308.846 [0] DBG_DWM_CH5_RX_HUNT_EMPTY s=276129 e=276139 ret=-116 sys=00000000 phy=2 cfg=1 aw=1 unk=0
89308.846 [0] DBG_ANCHOR_CH5_SCAN_HANDLER role=2
89308.846 [0] DBG_UWB_TX_CH5
89308.846 [0] DBG_TX_WAKE_CLAIM_SENT
89308.846 [0] DBG_ANCHOR_CH5_SCAN_BLOCKED win=0 tx=1 retry_gap=0 flood=0 wait=0 rx=0 rxq=0 rxr=0 ack=0 ch9=0 rf=1 retry=20 interval=380
89308.846 [0] DBG_SCAN_SKIPPED reason=blocked
89308.846 [0] DBG_ANCHOR_CH5_SCAN_RESCHED ret=1 delay=20
89308.846 [0] DBG_UWB_TX_CH5
89308.846 [0] DBG_TX_WAKE_CLAIM_SENT
89308.846 [0] DBG_DWM_CH5_RX_HUNT_START acq=10 complete=1000 cap=124
89308.889 [0] DBG_DWM_CH5_RX_HUNT_EMPTY s=276153 e=276163 ret=-116 sys=00000000 phy=2 cfg=1 aw=1 unk=0
89308.889 [0] DBG_ANCHOR_CH5_SCAN_HANDLER role=2
89308.889 [0] DBG_UWB_TX_CH5
89308.889 [0] DBG_TX_WAKE_CLAIM_SENT
89308.889 [0] DBG_ANCHOR_CH5_SCAN_BLOCKED win=0 tx=1 retry_gap=0 flood=0 wait=0 rx=0 rxq=0 rxr=0 ack=0 ch9=0 rf=1 retry=20 interval=380
89308.889 [0] DBG_SCAN_SKIPPED reason=blocked
89308.889 [0] DBG_ANCHOR_CH5_SCAN_RESCHED ret=1 delay=20
89308.889 [0] DBG_UWB_TX_CH5
89308.889 [0] DBG_TX_WAKE_CLAIM_SENT
89308.889 [0] DBG_DWM_CH5_RX_HUNT_START acq=10 complete=1000 cap=124
89308.889 [0] DBG_DWM_CH5_RX_HUNT_EMPTY s=276176 e=276186 ret=-116 sys=00000000 phy=2 cfg=1 aw=1 unk=0
89308.889 [0] DBG_ANCHOR_CH5_SCAN_HANDLER role=2
89308.889 [0] DBG_UWB_TX_CH5
89308.889 [0] DBG_TX_WAKE_CLAIM_SENT
89308.889 [0] DBG_ANCHOR_CH5_SCAN_BLOCKED win=0 tx=1 retry_gap=0 flood=0 wait=0 rx=0 rxq=0 rxr=0 ack=0 ch9=0 rf=1 retry=20 interval=380
89308.889 [0] DBG_SCAN_SKIPPED reason=blocked
89308.889 [0] DBG_ANCHOR_CH5_SCAN_RESCHED ret=1 delay=20
89308.889 [0] DBG_UWB_TX_CH5
89308.889 [0] DBG_TX_WAKE_CLAIM_SENT
89308.889 [0] DBG_DWM_CH5_RX_HUNT_START acq=10 complete=1000 cap=124
89308.935 [0] DBG_DWM_CH5_RX_HUNT_EMPTY s=276200 e=276210 ret=-116 sys=00000000 phy=2 cfg=1 aw=1 unk=0
89308.935 [0] DBG_ANCHOR_CH5_SCAN_HANDLER role=2
89308.935 [0] DBG_UWB_TX_CH5
89308.935 [0] DBG_TX_WAKE_CLAIM_SENT
89308.935 [0] DBG_ANCHOR_CH5_SCAN_BLOCKED win=0 tx=1 retry_gap=0 flood=0 wait=0 rx=0 rxq=0 rxr=0 ack=0 ch9=0 rf=1 retry=20 interval=380
89308.935 [0] DBG_SCAN_SKIPPED reason=blocked
89308.935 [0] DBG_ANCHOR_CH5_SCAN_RESCHED ret=1 delay=20
89308.935 [0] DBG_UWB_TX_CH5
89308.935 [0] DBG_TX_WAKE_CLAIM_SENT
89308.935 [0] DBG_DWM_CH5_RX_HUNT_START acq=10 complete=1000 cap=124
89308.935 [0] DBG_DWM_CH5_RX_HUNT_EMPTY s=276224 e=276234 ret=-116 sys=00000000 phy=2 cfg=1 aw=1 unk=0
89308.935 [0] DBG_ANCHOR_CH5_SCAN_HANDLER role=2
89308.935 [0] DBG_UWB_TX_CH5
89308.935 [0] DBG_TX_WAKE_CLAIM_SENT
89308.935 [0] DBG_ANCHOR_CH5_SCAN_BLOCKED win=0 tx=1 retry_gap=0 flood=0 wait=0 rx=0 rxq=0 rxr=0 ack=0 ch9=0 rf=1 retry=20 interval=380
89308.935 [0] DBG_SCAN_SKIPPED reason=blocked
89308.935 [0] DBG_ANCHOR_CH5_SCAN_RESCHED ret=1 delay=20
89308.935 [0] DBG_UWB_TX_CH5
89308.935 [0] DBG_TX_WAKE_CLAIM_SENT
89308.935 [0] DBG_DWM_CH5_RX_HUNT_START acq=10 complete=1000 cap=124
89308.973 [0] DBG_DWM_CH5_RX_HUNT_EMPTY s=276248 e=276258 ret=-116 sys=00000000 phy=2 cfg=1 aw=1 unk=0
89308.973 [0] DBG_ANCHOR_CH5_SCAN_HANDLER role=2
89308.973 [0] DBG_UWB_TX_CH5
89308.973 [0] DBG_TX_WAKE_CLAIM_SENT
89308.973 [0] DBG_ANCHOR_CH5_SCAN_BLOCKED win=0 tx=1 retry_gap=0 flood=0 wait=0 rx=0 rxq=0 rxr=0 ack=0 ch9=0 rf=1 retry=20 interval=380
89308.973 [0] DBG_SCAN_SKIPPED reason=blocked
89308.973 [0] DBG_ANCHOR_CH5_SCAN_RESCHED ret=1 delay=20
89308.973 [0] DBG_UWB_TX_CH5
89308.973 [0] DBG_TX_WAKE_CLAIM_SENT
89308.973 [0] DBG_DWM_CH5_RX_HUNT_START acq=10 complete=1000 cap=124
89308.973 [0] DBG_DWM_CH5_RX_HUNT_EMPTY s=276272 e=276282 ret=-116 sys=00000000 phy=2 cfg=1 aw=1 unk=0
89308.973 [0] DBG_ANCHOR_CH5_SCAN_HANDLER role=2
89308.977 [1] [00:04:35.268,676] <wrn> app_anchor: anchor false UWB wake cooldown: wake_decode_ret=-8 reason=frame_timeout frame_len=46 quality=100 cooldown_ms=100 crc_failures=0 frame_timeouts=2
89309.020 [0] DBG_UWB_TX_CH5
89309.020 [0] DBG_TX_WAKE_CLAIM_SENT
89309.020 [0] DBG_ANCHOR_CH5_SCAN_BLOCKED win=0 tx=1 retry_gap=0 flood=0 wait=0 rx=0 rxq=0 rxr=0 ack=0 ch9=0 rf=1 retry=20 interval=380
89309.020 [0] DBG_SCAN_SKIPPED reason=blocked
89309.020 [0] DBG_ANCHOR_CH5_SCAN_RESCHED ret=1 delay=20
89309.020 [0] DBG_UWB_TX_CH5
89309.020 [0] DBG_TX_WAKE_CLAIM_SENT
89309.020 [0] DBG_DWM_CH5_RX_HUNT_START acq=10 complete=1000 cap=124
89309.020 [0] DBG_DWM_CH5_RX_HUNT_EMPTY s=276296 e=276306 ret=-116 sys=00000000 phy=2 cfg=1 aw=1 unk=0
89309.020 [0] DBG_ANCHOR_CH5_SCAN_HANDLER role=2
89309.020 [0] DBG_UWB_TX_CH5
89309.020 [0] DBG_TX_WAKE_CLAIM_SENT
89309.020 [0] DBG_ANCHOR_CH5_SCAN_BLOCKED win=0 tx=1 retry_gap=0 flood=0 wait=0 rx=0 rxq=0 rxr=0 ack=0 ch9=0 rf=1 retry=20 interval=380
89309.020 [0] DBG_SCAN_SKIPPED reason=blocked
89309.020 [0] DBG_ANCHOR_CH5_SCAN_RESCHED ret=1 delay=20
89309.020 [0] DBG_UWB_TX_CH5
89309.020 [0] DBG_TX_WAKE_CLAIM_SENT
89309.020 [0] DBG_DWM_CH5_RX_HUNT_START acq=10 complete=1000 cap=124
89309.020 [0] DBG_DWM_CH5_RX_HUNT_EMPTY s=276320 e=276330 ret=-116 sys=00000000 phy=2 cfg=1 aw=1 unk=0
89309.059 [0] DBG_ANCHOR_CH5_SCAN_HANDLER role=2
89309.059 [0] DBG_SCAN_SKIPPED reason=blocked
89309.059 [0] DBG_ANCHOR_CH5_SCAN_RESCHED ret=1 delay=20
89309.059 [0] DBG_WAKE_TRAIN_TIMING evt=275770 start=275820 first=275827 last=276319 end=276352 sent=43 ret=0
89309.059 [0] DBG_C5_CONTACT phase=accepted state=2 peer=0x0f6d3a3bdac0f858 purpose=uplink reason=retransmit-uplink-wake
89309.059 [0] DBG_UPLINK_WAKE next=0xf6d3a3bdac0f858 ret=0 seq=1 phase=retransmit
89309.059 [0] DBG_C5_CONTROL_FOLLOWUP_TURNAROUND delay=60 msg=20 reason=retransmit-uplink-wake
89309.059 [0] DBG_ANCHOR_CH5_SCAN_HANDLER role=2
89309.059 [0] DBG_ANCHOR_CH5_SCAN_ARM now=276361 win=10 complete=15 interval=380 wait=0 tx=1 response=0
89309.059 [0] DBG_DWM_CH5_RX_HUNT_START acq=10 complete=1000 cap=1020
89309.089 [0] DBG_DWM_CH5_RX_HUNT_EMPTY s=276369 e=276379 ret=-116 sys=00000000 phy=2 cfg=1 aw=1 unk=0
89309.089 [0] DBG_ANCHOR_CH5_SCAN_DONE ret=-116 len=0 fail=1 pre=0 q=0 rx_us=10192 complete=1000
89309.089 [0] DBG_ANCHOR_CH5_SCAN_RESCHED ret=1 delay=380
89309.120 [0] DBG_DWM_INVALIDATE tag=configure_radio_from_reset active_phy=2 configured=1 awake=1
89309.120 [0] DBG_DWM_MARK_UNCONFIGURED tag=initialise_radio prev_phy=0
89309.120 [0] DBG_DWM_PHY_SWITCH from=2 to=4 fast=0 us=20782
89309.120 [0] DBG_DWM_WAKE_MESH_CTRL_OK sfd=1033
89309.120 [0] DBG_DIRECT_GW_TX_CONFIG ret=0 now=276437 seq=1
89309.159 [0] DBG_CH9_TX_SEND_AT now=276439 earliest=275768 msg=20 len=281
89309.159 [0] DBG_CH9_TX_DONE now=276445 dur=6 len=281 msg=20
89309.159 [0] DBG_UWB_TX_CH5
89309.159 [0] DBG_CLICK_TX_DONE now=276445 seq=1
89309.159 [0] DBG_CH9_TX_SINGLE_SEND_OK
89309.159 [0] DBG_CH9_EVENT_STATE state=complete peer=0x0f6d3a3bdac0f858 start=275770 end=275830 reason=retransmit-direct-gateway
89309.159 [0] DBG_DIRECT_GW_TX_ACK_TRANSIT_WAIT dst=0x9999888877776666 src=0xea35f5b508104aae seq=1
89309.159 [0] DBG_CLICK_ACK_RX_ARM now=276446 slice=60 seq=1
89309.200 [0] DBG_UWB_RX_CH9
89309.200 [0] DBG_MESH_RX_QUEUED ch=9 msg=0x31 src=0xf6d3a3bdac0f858 dst=0xea35f5b508104aae prev=0xf6d3a3bdac0f858 seq=4 q=1
89309.200 [0] DBG_DIRECT_GW_ACK_TRANSIT queued=1 valid=1 dst=0xea35f5b508104aae seq=4
89309.200 [0] DBG_DIRECT_GW_TX_ACK_WAIT ret=0 seq=1
89309.200 [0] DBG_CLICK_ACK_RX now=276474 dms=29 seq=1
89309.200 [0] DBG_COORD state=mesh-rx owner=report-tx reason=mesh-rx rx=1 tx=0 relay=1 route=0 ack=0 qack=0
89309.200 [0] DBG_MESH_RX_WORK_WAIT q=1
89309.200 [0] DBG_MESH_RX_WORK_ENTER q=1
89309.200 [0] DBG_MESH_RX_DRAIN_ENTER owner=work q=1
89309.200 [0] DBG_MESH_RX_DRAIN_EXIT owner=work handled=1 q=0
89309.200 [0] DBG_MESH_RX_WORK_EXIT handled=1 q=0
89309.200 [0] DBG_ANCHOR_MESH_RX_YIELD reason=anchor-low-duty-ch5-owner ch9=0 delay=0 scan_int=380 scan_win=10 wait=0 q=0
89309.200 [0] DBG_STACK_RUN_BEGIN epoch=16284486061926904368 run=186 kind=cir_handling owner=anchor_uwb_scan queue=1 custody=1 credit=0 retry=0 drain=0 src=16876665336513972910 dst=11068027678940948070 session=3097595307 seq=1 type=32 sequence=0 previous=0 uptime=276499
89309.247 [0] DBG_STACK_SAMPLE_BEGIN epoch=16284486061926904368 run=186 sample=186 kind=cir_handling owner=anchor_uwb_scan queue=1 custody=1 credit=0 retry=0 drain=0 src=16876665336513972910 dst=11068027678940948070 session=3097595307 seq=1 type=32 uptime=276500
89309.247 [0] DBG_STACK_ISR_CONFIG size=8192 run=186 sample=186
89309.247 [0] DBG_STACK name=anchor_uwb_scan tid=0x2000ca08 used=7952 free=2032 size=9984 ret=0 run=186 sample=186
89309.247 [0] DBG_STACK name=mesh_route tid=0x2000b038 used=6976 free=2496 size=9472 ret=0 run=186 sample=186
89309.247 [0] DBG_STACK name=sysworkq tid=0x2000d980 used=772 free=4604 size=5376 ret=0 run=186 sample=186
89309.247 [0] DBG_STACK name=logging tid=0x2000cec0 used=520 free=1528 size=2048 ret=0 run=186 sample=186
89309.247 [0] DBG_STACK name=idle tid=0x2000d750 used=64 free=256 size=320 ret=0 run=186 sample=186
89309.247 [0] DBG_STACK_SAMPLE_END run=186 sample=186
89309.282 [0] DBG_STACK_RUN_BEGIN epoch=16284486061926904368 run=187 kind=anchor_scan owner=anchor_uwb_scan queue=0 custody=0 credit=0 retry=0 drain=0 src=16876665336513972910 dst=11068027678940948070 session=0 seq=0 type=48 sequence=0 previous=0 uptime=276526
89309.282 [0] DBG_STACK_SAMPLE_BEGIN epoch=16284486061926904368 run=187 sample=187 kind=anchor_scan owner=anchor_uwb_scan queue=0 custody=0 credit=0 retry=0 drain=0 src=16876665336513972910 dst=11068027678940948070 session=0 seq=0 type=48 uptime=276569
89309.282 [0] DBG_STACK_ISR_CONFIG size=8192 run=187 sample=187
89309.282 [0] DBG_STACK name=anchor_uwb_scan tid=0x2000ca08 used=7952 free=2032 size=9984 ret=0 run=187 sample=187
89309.282 [0] DBG_STACK name=mesh_route tid=0x2000b038 used=6976 free=2496 size=9472 ret=0 run=187 sample=187
89309.282 [0] DBG_STACK name=sysworkq tid=0x2000d980 used=772 free=4604 size=5376 ret=0 run=187 sample=187
89309.282 [0] DBG_STACK name=logging tid=0x2000cec0 used=520 free=1528 size=2048 ret=0 run=187 sample=187
89309.282 [0] DBG_STACK name=idle tid=0x2000d750 used=64 free=256 size=320 ret=0 run=187 sample=187
89309.318 [0] DBG_STACK_SAMPLE_END run=187 sample=187
89309.318 [0] DBG_STACK_RUN_END epoch=16284486061926904368 run=187 kind=anchor_scan owner=anchor_uwb_scan outcome=ack queue=0 custody=0 credit=0 retry=0 drain=0 src=16876665336513972910 dst=11068027678940948070 session=0 seq=0 type=48 samples=1 attempts=1 errors=0 last_error=0 mutex_drops=153 short_drops=2368 sequence=0 previous=0 uptime=276605
89309.318 [0] DBG_STACK_RUN_END epoch=16284486061926904368 run=186 kind=cir_handling owner=anchor_uwb_scan outcome=ack queue=0 custody=0 credit=0 retry=0 drain=0 src=16876665336513972910 dst=11068027678940948070 session=3097595307 seq=1 type=32 samples=1 attempts=1 errors=0 last_error=0 mutex_drops=153 short_drops=2368 sequence=0 previous=0 uptime=276608
89309.318 [0] DBG_STACK_RUN_BEGIN epoch=16284486061926904368 run=188 kind=anchor_scan owner=anchor_uwb_scan queue=0 custody=0 credit=0 retry=0 drain=0 src=16876665336513972910 dst=11068027678940948070 session=0 seq=0 type=48 sequence=0 previous=0 uptime=276609
89309.352 [0] DBG_STACK_SAMPLE_BEGIN epoch=16284486061926904368 run=188 sample=188 kind=anchor_scan owner=anchor_uwb_scan queue=0 custody=0 credit=0 retry=0 drain=0 src=16876665336513972910 dst=11068027678940948070 session=0 seq=0 type=48 uptime=276610
89309.352 [0] DBG_STACK_ISR_CONFIG size=8192 run=188 sample=188
89309.352 [0] DBG_STACK name=anchor_uwb_scan tid=0x2000ca08 used=7952 free=2032 size=9984 ret=0 run=188 sample=188
89309.352 [0] DBG_STACK name=mesh_route tid=0x2000b038 used=6976 free=2496 size=9472 ret=0 run=188 sample=188
89309.352 [0] DBG_STACK name=sysworkq tid=0x2000d980 used=772 free=4604 size=5376 ret=0 run=188 sample=188
89309.352 [0] DBG_STACK name=logging tid=0x2000cec0 used=520 free=1528 size=2048 ret=0 run=188 sample=188
89309.352 [0] DBG_STACK name=idle tid=0x2000d750 used=64 free=256 size=320 ret=0 run=188 sample=188
89309.352 [0] DBG_STACK_SAMPLE_END run=188 sample=188
89309.384 [0] DBG_STACK_RUN_END epoch=16284486061926904368 run=188 kind=anchor_scan owner=anchor_uwb_scan outcome=ack queue=0 custody=0 credit=0 retry=0 drain=0 src=16876665336513972910 dst=11068027678940948070 session=0 seq=0 type=48 samples=1 attempts=1 errors=0 last_error=0 mutex_drops=153 short_drops=2368 sequence=0 previous=0 uptime=276643
89309.442 [0] DBG_ANCHOR_CH5_SCAN_HANDLER role=2
89309.469 [0] DBG_DWM_INVALIDATE tag=configure_radio_from_reset active_phy=4 configured=1 awake=1
89309.469 [0] DBG_DWM_MARK_UNCONFIGURED tag=initialise_radio prev_phy=0
89309.469 [0] DBG_DWM_PHY_SWITCH from=4 to=2 fast=0 us=20782
89309.469 [0] DBG_DWM_CH5_RX_HUNT_START acq=10 complete=1000 cap=1020
89309.496 [0] DBG_DWM_CH5_RX_HUNT_EMPTY s=276786 e=276796 ret=-116 sys=00000000 phy=2 cfg=1 aw=1 unk=0
89309.496 [0] DBG_ANCHOR_CH5_SCAN_RESCHED ret=1 delay=380
89309.881 [0] DBG_ANCHOR_CH5_SCAN_HANDLER role=2
89309.881 [0] DBG_DWM_CH5_RX_HUNT_START acq=10 complete=1000 cap=1020
89309.881 [0] DBG_DWM_CH5_RX_HUNT_EMPTY s=277185 e=277196 ret=-116 sys=00000000 phy=2 cfg=1 aw=1 unk=0
89309.881 [0] DBG_ANCHOR_CH5_SCAN_RESCHED ret=1 delay=380
89310.268 [0] DBG_ANCHOR_CH5_SCAN_HANDLER role=2
89310.268 [0] DBG_ANCHOR_CH5_SCAN_ARM now=277577 win=10 complete=15 interval=380 wait=0 tx=0 response=0
89310.268 [0] DBG_DWM_CH5_RX_HUNT_START acq=10 complete=1000 cap=1020
89310.304 [0] DBG_DWM_CH5_RX_HUNT_EMPTY s=277586 e=277596 ret=-116 sys=00000000 phy=2 cfg=1 aw=1 unk=0
89310.304 [0] DBG_ANCHOR_CH5_SCAN_DONE ret=-116 len=0 fail=1 pre=0 q=0 rx_us=10711 complete=1000
89310.304 [0] DBG_ANCHOR_CH5_SCAN_RESCHED ret=1 delay=380
89310.668 [0] DBG_ANCHOR_CH5_SCAN_HANDLER role=2
89310.668 [0] DBG_DWM_CH5_RX_HUNT_START acq=10 complete=1000 cap=1020
89310.704 [0] DBG_DWM_CH5_RX_ACTIVITY_EXTEND ret=0 status=0x00000100 complete=1000
89310.704 [0] DBG_DWM_CH5_RX_ACTIVITY_WAIT status=0x00000100 remain=1000
89310.704 [0] DBG_DWM_CH5_RX_ACTIVITY_DONE raw=51 payload=49 status=0x00006f00 rearm=0 extended=1
89310.704 [0] DBG_ANCHOR_CH5_SCAN_DONE ret=0 len=49 fail=0 pre=1 q=100 rx_us=10498 complete=1000
89310.704 [0] DBG_UWB_RX_CH5
89310.704 [0] DBG_ANCHOR_CH5_FRAME len=49 q=100 wake_ret=0
89310.704 [0] DBG_ANCHOR_ROUTE_WAKE_DISPATCH src=0x9699122bd60a64e3 evt=278615 attempt=1 flags=0x92 len=49 q=100
89310.704 [0] DBG_C5_CONTACT phase=closing state=4 peer=0x0f6d3a3bdac0f858 purpose=uplink reason=replace
89310.704 [0] DBG_STACK_RUN_BEGIN epoch=16284486061926904368 run=189 kind=anchor_scan owner=anchor_uwb_scan queue=0 custody=0 credit=0 retry=0 drain=0 src=16876665336513972910 dst=11068027678940948070 session=0 seq=0 type=48 sequence=0 previous=0 uptime=277998
89310.738 [0] DBG_STACK_SAMPLE_BEGIN epoch=16284486061926904368 run=189 sample=189 kind=anchor_scan owner=anchor_uwb_scan queue=0 custody=0 credit=0 retry=0 drain=0 src=16876665336513972910 dst=11068027678940948070 session=0 seq=0 type=48 uptime=277998
89310.738 [0] DBG_STACK_ISR_CONFIG size=8192 run=189 sample=189
89310.738 [0] DBG_STACK name=anchor_uwb_scan tid=0x2000ca08 used=7952 free=2032 size=9984 ret=0 run=189 sample=189
89310.738 [0] DBG_STACK name=mesh_route tid=0x2000b038 used=6976 free=2496 size=9472 ret=0 run=189 sample=189
89310.738 [0] DBG_STACK name=sysworkq tid=0x2000d980 used=772 free=4604 size=5376 ret=0 run=189 sample=189
89310.738 [0] DBG_STACK name=logging tid=0x2000cec0 used=520 free=1528 size=2048 ret=0 run=189 sample=189
89310.738 [0] DBG_STACK name=idle tid=0x2000d750 used=64 free=256 size=320 ret=0 run=189 sample=189
89310.738 [0] DBG_STACK_SAMPLE_END run=189 sample=189
89310.794 [0] DBG_STACK_RUN_END epoch=16284486061926904368 run=189 kind=anchor_scan owner=anchor_uwb_scan outcome=ack queue=0 custody=0 credit=0 retry=0 drain=0 src=16876665336513972910 dst=11068027678940948070 session=0 seq=0 type=48 samples=1 attempts=1 errors=0 last_error=0 mutex_drops=164 short_drops=2368 sequence=0 previous=0 uptime=278028
89310.794 [0] DBG_DWM_CH5_RX_ACTIVITY_DONE raw=51 payload=49 status=0x00006f00 rearm=0 extended=1
89310.794 [0] DBG_DWM_INVALIDATE tag=configure_radio_from_reset active_phy=2 configured=1 awake=1
89310.794 [0] DBG_DWM_MARK_UNCONFIGURED tag=initialise_radio prev_phy=0
89310.794 [0] DBG_DWM_PHY_SWITCH from=2 to=4 fast=0 us=20843
89310.794 [0] DBG_DWM_WAKE_MESH_CTRL_OK sfd=1033
89310.794 [0] DBG_ROUTE_REPLY_CLICK_PROBE_DONE duration_ms=49 outcome=restore ret=0
89310.794 [0] DBG_C5_RX_FAIL status=0x04000100 finfo=0x00000000 fail=2 phy=4 ch=5 plen=2 pac=0 txc=9 rxc=9 sfd=2 rate=0 phr=1 phrr=0 sfdto=1
89310.794 [0] DBG_DWM_INVALIDATE tag=configure_radio_from_reset active_phy=4 configured=1 awake=1
89310.843 [0] DBG_DWM_MARK_UNCONFIGURED tag=initialise_radio prev_phy=0
89310.843 [0] DBG_DWM_MARK_UNCONFIGURED tag=initialise_radio prev_phy=0
89310.843 [0] DBG_DWM_PHY_SWITCH from=2 to=4 fast=0 us=20813
89310.843 [0] DBG_DWM_WAKE_MESH_CTRL_OK sfd=1033
89310.843 [0] DBG_ROUTE_REPLY_CLICK_PROBE_DONE duration_ms=46 outcome=restore ret=0
89310.843 [0] DBG_DWM_INVALIDATE tag=configure_radio_from_reset active_phy=4 configured=1 awake=1
89310.843 [0] DBG_DWM_MARK_UNCONFIGURED tag=initialise_radio prev_phy=0
89310.843 [0] DBG_DWM_PHY_SWITCH from=4 to=2 fast=0 us=20843
89310.843 [0] DBG_DWM_CH5_RX_HUNT_START acq=61 complete=1000 cap=1020
89310.843 [0] DBG_DWM_CH5_RX_ACTIVITY_EXTEND ret=0 status=0x00000100 complete=1000
89310.843 [0] DBG_DWM_CH5_RX_ACTIVITY_WAIT status=0x00000100 remain=1000
89310.884 [0] DBG_DWM_CH5_RX_ACTIVITY_DONE raw=51 payload=49 status=0x00006f00 rearm=0 extended=1
89310.884 [0] DBG_DWM_INVALIDATE tag=configure_radio_from_reset active_phy=2 configured=1 awake=1
89310.884 [0] DBG_DWM_MARK_UNCONFIGURED tag=initialise_radio prev_phy=0
89310.884 [0] DBG_DWM_PHY_SWITCH from=2 to=4 fast=0 us=20813
89310.884 [0] DBG_DWM_WAKE_MESH_CTRL_OK sfd=1033
89310.884 [0] DBG_ROUTE_REPLY_CLICK_PROBE_DONE duration_ms=46 outcome=restore ret=0
89310.884 [0] DBG_DWM_INVALIDATE tag=configure_radio_from_reset active_phy=4 configured=1 awake=1
89310.884 [0] DBG_DWM_MARK_UNCONFIGURED tag=initialise_radio prev_phy=0
89310.921 [0] DBG_DWM_PHY_SWITCH from=4 to=2 fast=0 us=20844
89310.921 [0] DBG_DWM_CH5_RX_HUNT_START acq=61 complete=1000 cap=1020
89310.921 [0] DBG_DWM_CH5_RX_ACTIVITY_EXTEND ret=0 status=0x00000100 complete=1000
89310.921 [0] DBG_DWM_CH5_RX_ACTIVITY_WAIT status=0x00000100 remain=1000
89310.921 [0] DBG_DWM_CH5_RX_ACTIVITY_DONE raw=51 payload=49 status=0x00006f00 rearm=0 extended=1
89310.921 [0] DBG_DWM_INVALIDATE tag=configure_radio_from_reset active_phy=2 configured=1 awake=1
89310.921 [0] DBG_DWM_MARK_UNCONFIGURED tag=initialise_radio prev_phy=0
89310.921 [0] DBG_DWM_PHY_SWITCH from=2 to=4 fast=0 us=20844
89310.921 [0] DBG_DWM_WAKE_MESH_CTRL_OK sfd=1033
89310.921 [0] DBG_ROUTE_REPLY_CLICK_PROBE_DONE duration_ms=46 outcome=restore ret=0
89310.921 [0] DBG_DWM_INVALIDATE tag=configure_radio_from_reset active_phy=4 configured=1 awake=1
89310.960 [0] DBG_DWM_MARK_UNCONFIGURED tag=initialise_radio prev_phy=0
89310.960 [0] DBG_DWM_PHY_SWITCH from=4 to=2 fast=0 us=20843
89310.960 [0] DBG_DWM_CH5_RX_HUNT_START acq=61 complete=1000 cap=1020
89310.960 [0] DBG_DWM_CH5_RX_ACTIVITY_EXTEND ret=0 status=0x00000100 complete=1000
89310.960 [0] DBG_DWM_CH5_RX_ACTIVITY_WAIT status=0x00000100 remain=1000
89310.960 [0] DBG_DWM_CH5_RX_ACTIVITY_DONE raw=51 payload=49 status=0x00006f00 rearm=0 extended=1
89310.960 [0] DBG_DWM_INVALIDATE tag=configure_radio_from_reset active_phy=2 configured=1 awake=1
89310.960 [0] DBG_DWM_MARK_UNCONFIGURED tag=initialise_radio prev_phy=0
89310.998 [0] DBG_DWM_PHY_SWITCH from=2 to=4 fast=0 us=20782
89310.998 [0] DBG_DWM_WAKE_MESH_CTRL_OK sfd=1033
89310.998 [0] DBG_ROUTE_REPLY_CLICK_PROBE_DONE duration_ms=46 outcome=restore ret=0
89310.998 [0] DBG_DWM_INVALIDATE tag=configure_radio_from_reset active_phy=4 configured=1 awake=1
89310.998 [0] DBG_DWM_MARK_UNCONFIGURED tag=initialise_radio prev_phy=0
89310.998 [0] DBG_DWM_PHY_SWITCH from=4 to=2 fast=0 us=21423
89310.998 [0] DBG_DWM_CH5_RX_HUNT_START acq=61 complete=1000 cap=1020
89310.998 [0] DBG_DWM_CH5_RX_ACTIVITY_EXTEND ret=0 status=0x00000100 complete=1000
89310.998 [0] DBG_DWM_CH5_RX_ACTIVITY_WAIT status=0x00000100 remain=999
89310.998 [0] DBG_DWM_CH5_RX_ACTIVITY_DONE raw=51 payload=49 status=0x00006f00 rearm=0 extended=1
89310.998 [0] DBG_DWM_INVALIDATE tag=configure_radio_from_reset active_phy=2 configured=1 awake=1
89311.038 [0] DBG_DWM_MARK_UNCONFIGURED tag=initialise_radio prev_phy=0
89311.038 [0] DBG_DWM_PHY_SWITCH from=2 to=4 fast=0 us=21423
89311.038 [0] DBG_DWM_WAKE_MESH_CTRL_OK sfd=1033
89311.038 [0] DBG_ROUTE_REPLY_CLICK_PROBE_DONE duration_ms=47 outcome=restore ret=0
89311.038 [0] DBG_DWM_INVALIDATE tag=configure_radio_from_reset active_phy=4 configured=1 awake=1
89311.038 [0] DBG_DWM_MARK_UNCONFIGURED tag=initialise_radio prev_phy=0
89311.038 [0] DBG_DWM_PHY_SWITCH from=4 to=2 fast=0 us=21423
89311.075 [0] DBG_DWM_CH5_RX_HUNT_START acq=61 complete=1000 cap=1020
89311.075 [0] DBG_DWM_CH5_RX_ACTIVITY_EXTEND ret=0 status=0x00000100 complete=1000
89311.075 [0] DBG_DWM_CH5_RX_ACTIVITY_WAIT status=0x00000100 remain=1000
89311.075 [0] DBG_DWM_CH5_RX_ACTIVITY_DONE raw=51 payload=49 status=0x00006f00 rearm=0 extended=1
89311.075 [0] DBG_DWM_INVALIDATE tag=configure_radio_from_reset active_phy=2 configured=1 awake=1
89311.075 [0] DBG_DWM_MARK_UNCONFIGURED tag=initialise_radio prev_phy=0
89311.075 [0] DBG_DWM_PHY_SWITCH from=2 to=4 fast=0 us=21454
89311.075 [0] DBG_DWM_WAKE_MESH_CTRL_OK sfd=1033
89311.075 [0] DBG_ROUTE_REPLY_CLICK_PROBE_DONE duration_ms=50 outcome=restore ret=0
89311.324 [0] DBG_ROUTE_REPLY_RX_FRAME
89311.324 [0] DBG_ROUTE_REPLY_DECODE_FAIL ret=-8 len=111 q=100
89311.324 [0] DBG_ROUTE_REPLY_RX_FRAME
89311.324 [0] DBG_ROUTE_REPLY_DECODE_FAIL ret=-8 len=281 q=100
89311.324 [0] DBG_DWM_RF_SCOPE_DROP local=2 remote=0 remote_clicker=0
89311.562 [0] DBG_DWM_INVALIDATE tag=configure_radio_from_reset active_phy=4 configured=1 awake=1
89311.562 [0] DBG_DWM_MARK_UNCONFIGURED tag=initialise_radio prev_phy=0
89311.562 [0] DBG_DWM_PHY_SWITCH from=4 to=2 fast=0 us=20813
89311.562 [0] DBG_DWM_CH5_RX_HUNT_START acq=61 complete=1000 cap=1020
89311.562 [0] DBG_DWM_CH5_RX_ACTIVITY_EXTEND ret=0 status=0x00000100 complete=1000
89311.562 [0] DBG_DWM_CH5_RX_ACTIVITY_WAIT status=0x00000100 remain=1000
89311.562 [0] DBG_DWM_CH5_RX_ACTIVITY_DONE raw=51 payload=49 status=0x00006f00 rearm=0 extended=1
89311.562 [0] DBG_ROUTE_REPLY_CLICK_PROBE_CAPTURE evt=18022403 attempt=1 q=100
89311.562 [0] DBG_ROUTE_REPLY_CLICK_PROBE_DONE duration_ms=24 outcome=capture ret=0
89311.562 [0] DBG_ROUTE_REPLY_CLICK_PREEMPT_PROBE
89311.562 [0] DBG_C5_CONTACT phase=closing state=4 peer=0x9699122bd60a64e3 purpose=route_solicit reason=click-preempt
89311.603 [0] DBG_ANCHOR_CLICK_HANDOFF_QUEUED evt=18022403 attempt=1 ret=1
89311.603 [0] DBG_ANCHOR_CLICK_HANDOFF evt=18022403 attempt=1 handled=1 q=100
89311.603 [0] DBG_ANCHOR_ROUTE_WAKE_HANDOFF_DONE src=0x9699122bd60a64e3 embedded=0 ret=-11 pending=0
89311.603 [0] DBG_ANCHOR_ROUTE_WAKE_DISPATCH_DONE handled=1 len=49 q=100
89311.603 [0] DBG_ANCHOR_CLICK_WINDOW active=1 flags=0x20
89311.603 [0] DBG_ANCHOR_DISC_WAIT now=278899 start=279374 deadline=280374 guard=8 listen=1008 phr=std
89311.603 [0] DBG_ANCHOR_DISC_CONFIG phr=std ret=0
89311.603 [0] DBG_ANCHOR_DISC_FRAME len=49 type=0x08 q=100 now=278905
89311.603 [0] DBG_ANCHOR_DISC_FRAME len=49 type=0x08 q=100 now=278912
89311.641 [0] DBG_ANCHOR_DISC_FRAME len=49 type=0x08 q=100 now=278918
89311.641 [0] DBG_ANCHOR_DISC_FRAME len=49 type=0x08 q=100 now=278925
89311.641 [0] DBG_ANCHOR_DISC_FRAME len=49 type=0x08 q=100 now=278931
89311.641 [0] DBG_ANCHOR_DISC_FRAME len=49 type=0x08 q=100 now=278938
89311.641 [0] DBG_ANCHOR_DISC_FRAME len=49 type=0x08 q=100 now=278944
89311.641 [0] DBG_ANCHOR_DISC_FRAME len=49 type=0x08 q=100 now=278950
89311.641 [0] DBG_ANCHOR_DISC_FRAME len=49 type=0x08 q=100 now=278957
89311.676 [0] DBG_ANCHOR_DISC_FRAME len=49 type=0x08 q=100 now=278963
89311.676 [0] DBG_ANCHOR_DISC_FRAME len=49 type=0x08 q=100 now=278970
89311.676 [0] DBG_ANCHOR_DISC_FRAME len=49 type=0x08 q=100 now=278976
89311.676 [0] DBG_ANCHOR_DISC_FRAME len=49 type=0x08 q=100 now=278983
89311.676 [0] DBG_ANCHOR_DISC_FRAME len=49 type=0x08 q=100 now=278989
89311.709 [0] DBG_ANCHOR_DISC_FRAME len=49 type=0x08 q=100 now=278995
89311.709 [0] DBG_ANCHOR_DISC_FRAME len=49 type=0x08 q=100 now=279002
89311.709 [0] DBG_ANCHOR_DISC_FRAME len=49 type=0x08 q=100 now=279008
89311.709 [0] DBG_ANCHOR_DISC_FRAME len=49 type=0x08 q=100 now=279015
89311.709 [0] DBG_ANCHOR_DISC_FRAME len=49 type=0x08 q=100 now=279021
89311.742 [0] DBG_ANCHOR_DISC_FRAME len=49 type=0x08 q=100 now=279028
89311.742 [0] DBG_ANCHOR_DISC_FRAME len=49 type=0x08 q=100 now=279034
89311.742 [0] DBG_ANCHOR_DISC_FRAME len=49 type=0x08 q=100 now=279040
89311.742 [0] DBG_ANCHOR_DISC_FRAME len=49 type=0x08 q=100 now=279047
89311.742 [0] DBG_ANCHOR_DISC_FRAME len=49 type=0x08 q=100 now=279053
89311.774 [0] DBG_ANCHOR_DISC_FRAME len=49 type=0x08 q=100 now=279060
89311.774 [0] DBG_ANCHOR_DISC_FRAME len=49 type=0x08 q=100 now=279066
89311.774 [0] DBG_ANCHOR_DISC_FRAME len=49 type=0x08 q=100 now=279073
89311.774 [0] DBG_ANCHOR_DISC_FRAME len=49 type=0x08 q=100 now=279079
89311.774 [0] DBG_ANCHOR_DISC_FRAME len=49 type=0x08 q=100 now=279086
89311.777 [1] [00:04:38.088,043] <wrn> app_mesh_report: mesh route reply RX failed: target=0x9699122bd60a64e3 ret=-5 rx_failure=2 reason=anchor-route-wake-followup
89311.811 [0] DBG_ANCHOR_DISC_FRAME len=49 type=0x08 q=100 now=279092
89311.811 [0] DBG_ANCHOR_DISC_FRAME len=49 type=0x08 q=100 now=279099
89311.811 [0] DBG_ANCHOR_DISC_FRAME len=49 type=0x08 q=100 now=279105
89311.811 [0] DBG_ANCHOR_DISC_FRAME len=49 type=0x08 q=100 now=279111
89311.811 [0] DBG_ANCHOR_DISC_FRAME len=49 type=0x08 q=100 now=279118
89311.811 [0] DBG_ANCHOR_DISC_FRAME len=49 type=0x08 q=100 now=279125
89311.816 [1] [00:04:38.135,986] <wrn> app_mesh_report: mesh route reply RX failed: target=0x9699122bd60a64e3 ret=-5 rx_failure=4 reason=anchor-route-wake-followup
89311.816 [1] [00:04:38.184,143] <wrn> app_mesh_report:
89311.816 [1] [00:04:38.232,116] <wrn> app_mesh_report: mesh route reply RX failed: target=0x9699122bd60a64e3 ret=-5 rx_failure=4 reason=anchor-route-w
89311.852 [0] DBG_ANCHOR_DISC_FRAME len=49 type=0x08 q=100 now=279131
89311.852 [0] DBG_ANCHOR_DISC_FRAME len=49 type=0x08 q=100 now=279137
89311.852 [0] DBG_ANCHOR_DISC_FRAME len=49 type=0x08 q=100 now=279144
89311.852 [0] DBG_ANCHOR_DISC_FRAME len=49 type=0x08 q=100 now=279150
89311.852 [0] DBG_ANCHOR_DISC_FRAME len=49 type=0x08 q=100 now=279157
89311.852 [0] DBG_ANCHOR_DISC_FRAME len=49 type=0x08 q=100 now=279163
89311.854 [1] ake-followup
89311.854 [1] [00:04:38.328,55
89311.893 [0] DBG_ANCHOR_DISC_FRAME len=49 type=0x08 q=100 now=279169
89311.893 [0] DBG_ANCHOR_DISC_FRAME len=49 type=0x08 q=100 now=279176
89311.893 [0] DBG_ANCHOR_DISC_FRAME len=49 type=0x08 q=100 now=279182
89311.893 [0] DBG_ANCHOR_DISC_FRAME len=49 type=0x08 q=100 now=279189
89311.893 [0] DBG_ANCHOR_DISC_FRAME len=49 type=0x08 q=100 now=279195
89311.893 [0] DBG_ANCHOR_DISC_FRAME len=49 type=0x08 q=100 now=279201
89311.893 [0] DBG_ANCHOR_DISC_FRAME len=49 type=0x08 q=100 now=279208
89311.897 [1] 2] <wrn> app_mesh_report: mesh route reply RX failed: target=0x9699122bd60a64e3 ret=-5 rx_failure=4 reason=anchor-route-wake-followup
89311.897 [1] [00:04:38.383,087] <wrn> app_mesh_report: mesh route reply RX failed: target=0x9699122bd60a64e3 ret=-5 rx_failure=2 reason=anchor-route-wake-followup
89311.944 [0] DBG_ANCHOR_DISC_FRAME len=49 type=0x08 q=100 now=279214
89311.944 [0] DBG_ANCHOR_DISC_FRAME len=49 type=0x08 q=100 now=279221
89311.944 [0] DBG_ANCHOR_DISC_FRAME len=49 type=0x08 q=100 now=279227
89311.944 [0] DBG_ANCHOR_DISC_FRAME len=49 type=0x08 q=100 now=279234
89311.944 [0] DBG_ANCHOR_DISC_FRAME len=49 type=0x08 q=100 now=279240
89311.944 [0] DBG_ANCHOR_DISC_FRAME len=49 type=0x08 q=100 now=279247
89311.944 [0] DBG_ANCHOR_DISC_FRAME len=49 type=0x08 q=100 now=279253
89311.944 [0] DBG_ANCHOR_DISC_FRAME len=49 type=0x08 q=100 now=279259
89311.989 [0] DBG_ANCHOR_DISC_FRAME len=49 type=0x08 q=100 now=279266
89311.989 [0] DBG_ANCHOR_DISC_FRAME len=49 type=0x08 q=100 now=279272
89311.989 [0] DBG_STACK_RUN_BEGIN epoch=16284486061926904368 run=190 kind=anchor_scan owner=anchor_uwb_scan queue=0 custody=0 credit=0 retry=0 drain=0 src=16876665336513972910 dst=11068027678940948070 session=0 seq=0 type=48 sequence=0 previous=0 uptime=279275
89311.989 [0] DBG_STACK_SAMPLE_BEGIN epoch=16284486061926904368 run=190 sample=190 kind=anchor_scan owner=anchor_uwb_scan queue=0 custody=0 credit=0 retry=0 drain=0 src=16876665336513972910 dst=11068027678940948070 session=0 seq=0 type=48 uptime=279276
89311.989 [0] DBG_STACK_ISR_CONFIG size=8192 run=190 sample=190
89311.989 [0] DBG_STACK name=anchor_uwb_scan tid=0x2000ca08 used=7952 free=2032 size=9984 ret=0 run=190 sample=190
89311.989 [0] DBG_STACK name=mesh_route tid=0x2000b038 used=6976 free=2496 size=9472 ret=0 run=190 sample=190
89311.989 [0] DBG_STACK name=sysworkq tid=0x2000d980 used=772 free=4604 size=5376 ret=0 run=190 sample=190
89312.032 [0] DBG_STACK name=logging tid=0x2000cec0 used=544 free=1504 size=2048 ret=0 run=190 sample=190
89312.032 [0] DBG_STACK name=idle tid=0x2000d750 used=64 free=256 size=320 ret=0 run=190 sample=190
89312.032 [0] DBG_STACK_SAMPLE_END run=190 sample=190
89312.032 [0] DBG_STACK_RUN_END epoch=16284486061926904368 run=190 kind=anchor_scan owner=anchor_uwb_scan outcome=ack queue=0 custody=0 credit=0 retry=0 drain=0 src=16876665336513972910 dst=11068027678940948070 session=0 seq=0 type=48 samples=1 attempts=1 errors=0 last_error=0 mutex_drops=176 short_drops=2377 sequence=0 previous=0 uptime=279312
89312.032 [0] DBG_ANCHOR_DISC_FRAME len=49 type=0x08 q=100 now=279317
89312.032 [0] DBG_ANCHOR_DISC_FRAME len=49 type=0x08 q=100 now=279324
89312.032 [0] DBG_ANCHOR_DISC_FRAME len=49 type=0x08 q=100 now=279330
89312.032 [0] DBG_ANCHOR_DISC_FRAME len=49 type=0x08 q=100 now=279337
89312.032 [0] DBG_ANCHOR_DISC_FRAME len=49 type=0x08 q=100 now=279343
89312.065 [0] DBG_ANCHOR_DISC_FRAME len=49 type=0x08 q=100 now=279349
89312.098 [0] DBG_ANCHOR_DISC_FRAME len=32 type=0x09 q=100 now=279384
89312.098 [0] DBG_ANCHOR_DISC_DECODE evt=18022403 attempt=1 slots=50 flags=0x20
89312.098 [0] DBG_ANCHOR_DISC_REPLY_ARM evt=18022403 attempt=1 slot=1 state=1
89312.098 [0] DBG_ANCHOR_DISC_REPLY_TX evt=18022403 attempt=1 slot=1 ret=0
89312.789 [0] DBG_ANCHOR_CH5_HOLD_DONE deadline=280082 now=280083 frames=3 errors=0 deferred=0
89312.789 [0] DBG_DS_SAMPLE_ARM evt=18022403 attempt=1 sample=2/12 round=0 seq=2 target_us=280092000 start=280082 now=280083 deadline=280135
89312.789 [0] DBG_DS_RESP stage=arm evt=18022403 seq=2 round=0 now=280083 timeout=52
89312.789 [0] DBG_DS_RESP stage=resp-armed now=280100 seq=2 round=0 tx_time=0x12397040 resp_tx=0x39707fd9
89312.789 [0] DBG_DS_RESP stage=resp-raw poll_rx=0x1af8343b q=100 reply_uus=8000
89312.824 [0] DBG_DS_RESP stage=final-decode status=0 now=280117 seq=2 round=0 final_rx=0x57e8ca1e
89312.890 [0] DBG_ANCHOR_CH5_HOLD_DONE deadline=280181 now=280181 frames=6 errors=0 deferred=0
89312.890 [0] DBG_DS_SAMPLE_ARM evt=18022403 attempt=1 sample=5/12 round=1 seq=3 target_us=280191000 start=280181 now=280181 deadline=280234
89312.890 [0] DBG_DS_RESP stage=arm evt=18022403 seq=3 round=1 now=280181 timeout=53
89312.890 [0] DBG_DS_RESP stage=resp-armed now=280199 seq=3 round=1 tx_time=0x13b35f90 resp_tx=0xb35fcfd9
89312.890 [0] DBG_DS_RESP stage=resp-raw poll_rx=0x94e78478 q=100 reply_uus=8000
89312.923 [0] DBG_DS_RESP stage=final-decode status=0 now=280216 seq=3 round=1 final_rx=0xd1d81a51
89312.988 [0] DBG_ANCHOR_CH5_HOLD_DONE deadline=280280 now=280280 frames=6 errors=0 deferred=0
89312.988 [0] DBG_DS_SAMPLE_ARM evt=18022403 attempt=1 sample=8/12 round=2 seq=4 target_us=280290000 start=280280 now=280280 deadline=280333
89312.988 [0] DBG_DS_RESP stage=arm evt=18022403 seq=4 round=2 now=280280 timeout=53
89312.988 [0] DBG_DS_RESP stage=resp-armed now=280298 seq=4 round=2 tx_time=0x152cb48f resp_tx=0x2cb4cdd9
89312.988 [0] DBG_DS_RESP stage=resp-raw poll_rx=0x0e3c828a q=100 reply_uus=8000
89313.021 [0] DBG_DS_RESP stage=final-decode status=0 now=280315 seq=4 round=2 final_rx=0x4b2d1864
89313.062 [0] DBG_ANCHOR_CH5_HOLD_DONE deadline=280379 now=280379 frames=6 errors=0 deferred=0
89313.062 [0] DBG_DS_SAMPLE_ARM evt=18022403 attempt=1 sample=11/12 round=3 seq=5 target_us=280389000 start=280379 now=280379 deadline=28043
89313.062 [0] DBG_DS_RESP stage=arm evt=18022403 seq=5 round=3 now=280379 timeout=53
89313.104 [0] DBG_DS_RESP stage=resp-armed now=280398 seq=5 round=3 tx_time=0x16a5fcc7 resp_tx=0xa5fd05d9
89313.104 [0] DBG_DS_RESP stage=resp-raw poll_rx=0x8784ba96 q=100 reply_uus=8000
89313.104 [0] DBG_DS_RESP stage=final-decode status=0 now=280414 seq=5 round=3 final_rx=0xc4755075
89313.104 [0] DBG_CLICK_LISTEN start=280499 until=280849 n=3
89313.104 [0] DBG_CLICK_REPORT_QUEUED now=280416 window=280499 k=1 earliest=280549 n=3
89313.104 [0] DBG_ANCHOR_CH5_SCAN_RESCHED ret=1 delay=380
89313.104 [0] DBG_ANCHOR_CLICK_HANDOFF_DONE evt=18022403 attempt=1 handled=1 deferred=0
89313.104 [0] DBG_COORD state=mesh-tx owner=report-tx reason=mesh-tx rx=0 tx=1 relay=0 route=0 ack=0 qack=0
89313.104 [0] DBG_REPORT_TX_SLOT_WAIT now=280418 earliest=280549 delay=101 seq=1
89313.104 [0] DBG_ANCHOR_CH5_SCAN_HANDLER role=2
89313.104 [0] DBG_ANCHOR_CH5_SCAN_ARM now=280419 win=10 complete=15 interval=380 wait=0 tx=0 response=0
89313.143 [0] DBG_DWM_CH5_RX_HUNT_START acq=10 complete=1000 cap=1020
89313.143 [0] DBG_DWM_CH5_RX_ACTIVITY_EXTEND ret=0 status=0x00000f00 complete=1000
89313.143 [0] DBG_DWM_CH5_RX_ACTIVITY_WAIT status=0x00000f00 remain=1000
89313.143 [0] DBG_DWM_CH5_RX_ACTIVITY_DONE raw=48 payload=46 status=0x00006f00 rearm=0 extended=1
89313.143 [0] DBG_ANCHOR_CH5_SCAN_DONE ret=0 len=46 fail=0 pre=1 q=100 rx_us=10000 complete=1000
89313.143 [0] DBG_UWB_RX_CH5
89313.143 [0] DBG_ANCHOR_CH5_FRAME len=46 q=100 wake_ret=-8
89313.143 [0] DBG_ANCHOR_CH5_SCAN_RESCHED ret=1 delay=100
89313.143 [0] DBG_REPORT_TX_SLOT_WAIT now=280433 earliest=280549 delay=86 seq=1
89313.208 [0] DBG_CLICK_SLOT_TX now=280520 due=280549 window=280499 k=1 n=3 seq=1
89313.208 [0] DBG_UPLINK_NEXT_HOP next=0xf6d3a3bdac0f858 depth=1 participant=1 wake=0
89313.208 [0] DBG_UPLINK_TX msg=20 seq=1 next=0xf6d3a3bdac0f858 wake=0 reason=queued-click-report
89313.246 [0] DBG_DWM_INVALIDATE tag=configure_radio_from_reset active_phy=2 configured=1 awake=1
89313.246 [0] DBG_ANCHOR_CH5_SCAN_HANDLER role=2
89313.246 [0] DBG_ANCHOR_CH5_SCAN_BLOCKED win=0 tx=1 retry_gap=0 flood=0 wait=0 rx=0 rxq=0 rxr=0 ack=0 ch9=0 rf=1 retry=20 interval=380
89313.246 [0] DBG_SCAN_SKIPPED reason=blocked
89313.246 [0] DBG_ANCHOR_CH5_SCAN_RESCHED ret=1 delay=20
89313.246 [0] DBG_DWM_MARK_UNCONFIGURED tag=initialise_radio prev_phy=0
89313.246 [0] DBG_DWM_PHY_SWITCH from=2 to=4 fast=0 us=20813
89313.246 [0] DBG_DWM_WAKE_MESH_CTRL_OK sfd=1033
89313.246 [0] DBG_DIRECT_GW_TX_CONFIG ret=0 now=280550 seq=1
89313.246 [0] DBG_CH9_TX_SEND_AT now=280552 earliest=280549 msg=20 len=281
89313.246 [0] DBG_ANCHOR_CH5_SCAN_HANDLER role=2
89313.246 [0] DBG_ANCHOR_CH5_SCAN_BLOCKED win=0 tx=1 retry_gap=0 flood=0 wait=0 rx=0 rxq=0 rxr=0 ack=0 ch9=0 rf=1 retry=20 interval=380
89313.246 [0] DBG_SCAN_SKIPPED reason=blocked
89313.246 [0] DBG_ANCHOR_CH5_SCAN_RESCHED ret=1 delay=20
89313.246 [0] DBG_CH9_TX_DONE now=280558 dur=6 len=281 msg=20
89313.246 [0] DBG_UWB_TX_CH5
89313.246 [0] DBG_CLICK_TX_DONE now=280558 seq=1
89313.246 [0] DBG_CH9_TX_SINGLE_SEND_OK
89313.246 [0] DBG_DIRECT_GW_TX_ACK_TRANSIT_WAIT dst=0x9999888877776666 src=0xea35f5b508104aae seq=1
89313.277 [0] DBG_ANCHOR_CH5_SCAN_HANDLER role=2
89313.277 [0] DBG_ANCHOR_CH5_SCAN_BLOCKED win=0 tx=1 retry_gap=0 flood=0 wait=0 rx=0 rxq=0 rxr=0 ack=0 ch9=0 rf=1 retry=20 interval=380
89313.277 [0] DBG_SCAN_SKIPPED reason=blocked
89313.277 [0] DBG_ANCHOR_CH5_SCAN_RESCHED ret=1 delay=20
89313.313 [0] DBG_ANCHOR_CH5_SCAN_HANDLER role=2
89313.313 [0] DBG_ANCHOR_CH5_SCAN_BLOCKED win=0 tx=1 retry_gap=0 flood=0 wait=0 rx=0 rxq=0 rxr=0 ack=0 ch9=0 rf=1 retry=20 interval=380
89313.313 [0] DBG_SCAN_SKIPPED reason=blocked
89313.313 [0] DBG_ANCHOR_CH5_SCAN_RESCHED ret=1 delay=20
89313.313 [0] DBG_ANCHOR_CH5_SCAN_HANDLER role=2
89313.341 [0] DBG_ANCHOR_CH5_SCAN_BLOCKED win=0 tx=1 retry_gap=0 flood=0 wait=0 rx=0 rxq=0 rxr=0 ack=0 ch9=0 rf=1 retry=20 interval=380
89313.341 [0] DBG_SCAN_SKIPPED reason=blocked
89313.341 [0] DBG_ANCHOR_CH5_SCAN_RESCHED ret=1 delay=20
89313.341 [0] DBG_ANCHOR_CH5_SCAN_HANDLER role=2
89313.368 [0] DBG_ANCHOR_CH5_SCAN_BLOCKED win=0 tx=1 retry_gap=0 flood=0 wait=0 rx=0 rxq=0 rxr=0 ack=0 ch9=0 rf=1 retry=20 interval=380
89313.368 [0] DBG_SCAN_SKIPPED reason=blocked
89313.368 [0] DBG_ANCHOR_CH5_SCAN_RESCHED ret=1 delay=20
89313.368 [0] DBG_ANCHOR_CH5_SCAN_HANDLER role=2
89313.395 [0] DBG_ANCHOR_CH5_SCAN_BLOCKED win=0 tx=1 retry_gap=0 flood=0 wait=0 rx=0 rxq=0 rxr=0 ack=0 ch9=0 rf=1 retry=20 interval=380
89313.395 [0] DBG_SCAN_SKIPPED reason=blocked
89313.395 [0] DBG_ANCHOR_CH5_SCAN_RESCHED ret=1 delay=20
89313.395 [0] DBG_ANCHOR_CH5_SCAN_HANDLER role=2
89313.423 [0] DBG_ANCHOR_CH5_SCAN_BLOCKED win=0 tx=1 retry_gap=0 flood=0 wait=0 rx=0 rxq=0 rxr=0 ack=0 ch9=0 rf=1 retry=20 interval=380
89313.423 [0] DBG_SCAN_SKIPPED reason=blocked
89313.423 [0] DBG_ANCHOR_CH5_SCAN_RESCHED ret=1 delay=20
89313.423 [0] DBG_ANCHOR_CH5_SCAN_HANDLER role=2
89313.453 [0] DBG_ANCHOR_CH5_SCAN_BLOCKED win=0 tx=1 retry_gap=0 flood=0 wait=0 rx=0 rxq=0 rxr=0 ack=0 ch9=0 rf=1 retry=20 interval=380
89313.453 [0] DBG_SCAN_SKIPPED reason=blocked
89313.453 [0] DBG_ANCHOR_CH5_SCAN_RESCHED ret=1 delay=20
89313.453 [0] DBG_ANCHOR_CH5_SCAN_HANDLER role=2
89313.490 [0] DBG_ANCHOR_CH5_SCAN_BLOCKED win=0 tx=1 retry_gap=0 flood=0 wait=0 rx=0 rxq=0 rxr=0 ack=0 ch9=0 rf=1 retry=20 interval=380
89313.490 [0] DBG_SCAN_SKIPPED reason=blocked
89313.490 [0] DBG_ANCHOR_CH5_SCAN_RESCHED ret=1 delay=20
89313.490 [0] DBG_ANCHOR_CH5_SCAN_HANDLER role=2
89313.490 [0] DBG_ANCHOR_CH5_SCAN_BLOCKED win=0 tx=1 retry_gap=0 flood=0 wait=0 rx=0 rxq=0 rxr=0 ack=0 ch9=0 rf=1 retry=20 interval=380
89313.490 [0] DBG_SCAN_SKIPPED reason=blocked
89313.490 [0] DBG_ANCHOR_CH5_SCAN_RESCHED ret=1 delay=20
89313.531 [0] DBG_DIRECT_GW_TX_ACK_WAIT ret=-116 seq=1
89313.531 [0] DBG_DIRECT_GW_KEEP_CH9_AWAKE q=1 seq=1 ack_ret=-116 release_ret=0
89313.531 [0] DBG_CH9_TX_SINGLE_RETRYABLE ret=-11 seq=1
89313.531 [0] DBG_DIRECT_GW_ACK_DEFER_CORE seq=1 ret=-11 state=1 deadline=282558 reason=queued-click-report
89313.531 [0] DBG_UWB_RX_COORD_DEFER state=mesh-tx reason=mesh-tx route=0 q=0
89313.531 [0] DBG_TX_TIMEOUT_ENTER relay=1 route=0 ch9pend=0 bundle=0 now=280812
89313.531 [0] DBG_ANCHOR_CH5_SCAN_HANDLER role=2
89313.531 [0] DBG_DWM_CH5_RX_HUNT_START acq=21 complete=15 cap=1020
89313.531 [0] DBG_DWM_CH5_RX_HUNT_EMPTY s=280820 e=280841 ret=-116 sys=00000000 phy=4 cfg=1 aw=1 unk=0
89313.531 [0] DBG_ANCHOR_CH5_SCAN_RESCHED ret=2 delay=0
89313.531 [0] DBG_ANCHOR_CH5_SCAN_HANDLER role=2
89313.531 [0] DBG_ANCHOR_CH5_SCAN_BLOCKED win=0 tx=1 retry_gap=1 flood=0 wait=0 rx=0 rxq=0 rxr=0 ack=0 ch9=0 rf=0 retry=75 interval=380
89313.531 [0] DBG_SCAN_SKIPPED reason=blocked
89313.531 [0] DBG_ANCHOR_CH5_SCAN_RESCHED ret=1 delay=75
89313.584 [0] DBG_UWB_RX_COORD_DEFER state=mesh-tx reason=mesh-tx route=0 q=0
89313.621 [0] DBG_UWB_RX_COORD_DEFER state=mesh-tx reason=mesh-tx route=0 q=0
89313.621 [0] DBG_TX_TIMEOUT_ENTER relay=1 route=0 ch9pend=0 bundle=0 now=280917
89313.621 [0] DBG_RETRANSMIT_DIRECT_GW seq=1 now=280919
89313.621 [0] DBG_C5_CONTACT phase=open state=1 peer=0x0f6d3a3bdac0f858 purpose=uplink reason=retransmit-uplink-wake
89313.621 [0] DBG_WAKE_TRAIN_GUARD_OK
89313.621 [0] DBG_DWM_INVALIDATE tag=configure_radio_from_reset active_phy=4 configured=1 awake=1
89313.621 [0] DBG_ANCHOR_CH5_SCAN_HANDLER role=2
89313.621 [0] DBG_ANCHOR_CH5_SCAN_BLOCKED win=0 tx=1 retry_gap=0 flood=0 wait=0 rx=0 rxq=0 rxr=0 ack=0 ch9=0 rf=1 retry=20 interval=380
89313.621 [0] DBG_SCAN_SKIPPED reason=blocked
89313.621 [0] DBG_ANCHOR_CH5_SCAN_RESCHED ret=1 delay=20
89313.621 [0] DBG_DWM_MARK_UNCONFIGURED tag=initialise_radio prev_phy=0
89313.651 [0] DBG_DWM_PHY_SWITCH from=4 to=2 fast=0 us=20935
89313.651 [0] DBG_ANCHOR_CH5_SCAN_HANDLER role=2
89313.651 [0] DBG_ANCHOR_CH5_SCAN_BLOCKED win=0 tx=1 retry_gap=0 flood=0 wait=0 rx=0 rxq=0 rxr=0 ack=0 ch9=0 rf=1 retry=20 interval=380
89313.651 [0] DBG_SCAN_SKIPPED reason=blocked
89313.651 [0] DBG_ANCHOR_CH5_SCAN_RESCHED ret=1 delay=20
89313.651 [0] DBG_WAKE_TRAIN_CONFIG_BEGIN
89313.651 [0] DBG_ANCHOR_CH5_SCAN_HANDLER role=2
89313.686 [0] DBG_WAKE_TRAIN_CONFIG_OK
89313.686 [0] DBG_WAKE_TRAIN_FIRST_SEND_BEGIN
89313.686 [0] DBG_ANCHOR_CH5_SCAN_BLOCKED win=0 tx=1 retry_gap=0 flood=0 wait=0 rx=0 rxq=0 rxr=0 ack=0 ch9=0 rf=1 retry=20 interval=380
89313.686 [0] DBG_SCAN_SKIPPED reason=blocked
89313.686 [0] DBG_ANCHOR_CH5_SCAN_RESCHED ret=1 delay=20
89313.686 [0] DBG_WAKE_TRAIN_FIRST_SEND_OK
89313.686 [0] DBG_UWB_TX_CH5
89313.686 [0] DBG_TX_WAKE_CLAIM_SENT
89313.686 [0] DBG_UWB_TX_CH5
89313.686 [0] DBG_TX_WAKE_CLAIM_SENT
89313.686 [0] DBG_UWB_TX_CH5
89313.686 [0] DBG_TX_WAKE_CLAIM_SENT
89313.686 [0] DBG_ANCHOR_CH5_SCAN_HANDLER role=2
89313.686 [0] DBG_UWB_TX_CH5
89313.686 [0] DBG_TX_WAKE_CLAIM_SENT
89313.686 [0] DBG_ANCHOR_CH5_SCAN_BLOCKED win=0 tx=1 retry_gap=0 flood=0 wait=0 rx=0 rxq=0 rxr=0 ack=0 ch9=0 rf=1 retry=20 interval=380
89313.686 [0] DBG_SCAN_SKIPPED reason=blocked
89313.686 [0] DBG_ANCHOR_CH5_SCAN_RESCHED ret=1 delay=20
89313.719 [0] DBG_DWM_CH5_RX_HUNT_EMPTY s=280996 e=281006 ret=-116 sys=00000000 phy=2 cfg=1 aw=1 unk=0
89313.719 [0] DBG_UWB_TX_CH5
89313.719 [0] DBG_TX_WAKE_CLAIM_SENT
89313.719 [0] DBG_ANCHOR_CH5_SCAN_HANDLER role=2
89313.719 [0] DBG_UWB_TX_CH5
89313.719 [0] DBG_TX_WAKE_CLAIM_SENT
89313.719 [0] DBG_DWM_CH5_RX_HUNT_START acq=10 complete=1000 cap=124
89313.719 [0] DBG_ANCHOR_CH5_SCAN_BLOCKED win=0 tx=1 retry_gap=0 flood=0 wait=0 rx=0 rxq=0 rxr=0 ack=0 ch9=0 rf=1 retry=20 interval=380
89313.719 [0] DBG_SCAN_SKIPPED reason=blocked
89313.719 [0] DBG_ANCHOR_CH5_SCAN_RESCHED ret=1 delay=20
89313.719 [0] DBG_DWM_CH5_RX_HUNT_EMPTY s=281020 e=281030 ret=-116 sys=00000000 phy=2 cfg=1 aw=1 unk=0
89313.753 [0] DBG_UWB_TX_CH5
89313.753 [0] DBG_TX_WAKE_CLAIM_SENT
89313.753 [0] DBG_UWB_TX_CH5
89313.753 [0] DBG_TX_WAKE_CLAIM_SENT
89313.753 [0] DBG_DWM_CH5_RX_HUNT_START acq=10 complete=1000 cap=124
89313.753 [0] DBG_ANCHOR_CH5_SCAN_HANDLER role=2
89313.753 [0] DBG_ANCHOR_CH5_SCAN_BLOCKED win=0 tx=1 retry_gap=0 flood=0 wait=0 rx=0 rxq=0 rxr=0 ack=0 ch9=0 rf=1 retry=20 interval=380
89313.753 [0] DBG_SCAN_SKIPPED reason=blocked
89313.753 [0] DBG_ANCHOR_CH5_SCAN_RESCHED ret=1 delay=20
89313.753 [0] DBG_DWM_CH5_RX_HUNT_EMPTY s=281044 e=281054 ret=-116 sys=00000000 phy=2 cfg=1 aw=1 unk=0
89313.753 [0] DBG_UWB_TX_CH5
89313.753 [0] DBG_TX_WAKE_CLAIM_SENT
89313.753 [0] DBG_UWB_TX_CH5
89313.753 [0] DBG_TX_WAKE_CLAIM_SENT
89313.753 [0] DBG_DWM_CH5_RX_HUNT_START acq=10 complete=1000 cap=124
89313.785 [0] DBG_ANCHOR_CH5_SCAN_HANDLER role=2
89313.785 [0] DBG_ANCHOR_CH5_SCAN_BLOCKED win=0 tx=1 retry_gap=0 flood=0 wait=0 rx=0 rxq=0 rxr=0 ack=0 ch9=0 rf=1 retry=20 interval=380
89313.785 [0] DBG_DWM_CH5_RX_HUNT_EMPTY s=281068 e=281078 ret=-116 sys=00000000 phy=2 cfg=1 aw=1 unk=0
89313.785 [0] DBG_SCAN_SKIPPED reason=blocked
89313.785 [0] DBG_ANCHOR_CH5_SCAN_RESCHED ret=1 delay=20
89313.785 [0] DBG_UWB_TX_CH5
89313.785 [0] DBG_TX_WAKE_CLAIM_SENT
89313.785 [0] DBG_UWB_TX_CH5
89313.785 [0] DBG_TX_WAKE_CLAIM_SENT
89313.785 [0] DBG_DWM_CH5_RX_HUNT_START acq=10 complete=1000 cap=124
89313.785 [0] DBG_ANCHOR_CH5_SCAN_HANDLER role=2
89313.822 [0] DBG_DWM_CH5_RX_HUNT_EMPTY s=281092 e=281102 ret=-116 sys=00000000 phy=2 cfg=1 aw=1 unk=0
89313.822 [0] DBG_ANCHOR_CH5_SCAN_BLOCKED win=0 tx=1 retry_gap=0 flood=0 wait=0 rx=0 rxq=0 rxr=0 ack=0 ch9=0 rf=1 retry=20 interval=380
89313.822 [0] DBG_SCAN_SKIPPED reason=blocked
89313.822 [0] DBG_ANCHOR_CH5_SCAN_RESCHED ret=1 delay=20
89313.822 [0] DBG_UWB_TX_CH5
89313.822 [0] DBG_TX_WAKE_CLAIM_SENT
89313.822 [0] DBG_UWB_TX_CH5
89313.822 [0] DBG_TX_WAKE_CLAIM_SENT
89313.822 [0] DBG_DWM_CH5_RX_HUNT_START acq=10 complete=1000 cap=124
89313.822 [0] DBG_ANCHOR_CH5_SCAN_HANDLER role=2
89313.822 [0] DBG_DWM_CH5_RX_HUNT_EMPTY s=281116 e=281126 ret=-116 sys=00000000 phy=2 cfg=1 aw=1 unk=0
89313.822 [0] DBG_ANCHOR_CH5_SCAN_BLOCKED win=0 tx=1 retry_gap=0 flood=0 wait=0 rx=0 rxq=0 rxr=0 ack=0 ch9=0 rf=1 retry=20 interval=380
89313.822 [0] DBG_SCAN_SKIPPED reason=blocked
89313.822 [0] DBG_ANCHOR_CH5_SCAN_RESCHED ret=1 delay=20
89313.822 [0] DBG_UWB_TX_CH5
89313.822 [0] DBG_TX_WAKE_CLAIM_SENT
89313.857 [0] DBG_UWB_TX_CH5
89313.857 [0] DBG_TX_WAKE_CLAIM_SENT
89313.857 [0] DBG_DWM_CH5_RX_HUNT_START acq=10 complete=1000 cap=124
89313.857 [0] DBG_ANCHOR_CH5_SCAN_HANDLER role=2
89313.857 [0] DBG_DWM_CH5_RX_HUNT_EMPTY s=281140 e=281150 ret=-116 sys=00000000 phy=2 cfg=1 aw=1 unk=0
89313.857 [0] DBG_ANCHOR_CH5_SCAN_BLOCKED win=0 tx=1 retry_gap=0 flood=0 wait=0 rx=0 rxq=0 rxr=0 ack=0 ch9=0 rf=1 retry=20 interval=380
89313.857 [0] DBG_SCAN_SKIPPED reason=blocked
89313.857 [0] DBG_ANCHOR_CH5_SCAN_RESCHED ret=1 delay=20
89313.857 [0] DBG_UWB_TX_CH5
89313.857 [0] DBG_TX_WAKE_CLAIM_SENT
89313.857 [0] DBG_UWB_TX_CH5
89313.857 [0] DBG_TX_WAKE_CLAIM_SENT
89313.857 [0] DBG_DWM_CH5_RX_HUNT_START acq=10 complete=1000 cap=124
89313.892 [0] DBG_ANCHOR_CH5_SCAN_HANDLER role=2
89313.892 [0] DBG_DWM_CH5_RX_HUNT_EMPTY s=281164 e=281174 ret=-116 sys=00000000 phy=2 cfg=1 aw=1 unk=0
89313.892 [0] DBG_ANCHOR_CH5_SCAN_BLOCKED win=0 tx=1 retry_gap=0 flood=0 wait=0 rx=0 rxq=0 rxr=0 ack=0 ch9=0 rf=1 retry=20 interval=380
89313.892 [0] DBG_SCAN_SKIPPED reason=blocked
89313.892 [0] DBG_ANCHOR_CH5_SCAN_RESCHED ret=1 delay=20
89313.892 [0] DBG_UWB_TX_CH5
89313.892 [0] DBG_TX_WAKE_CLAIM_SENT
89313.892 [0] DBG_UWB_TX_CH5
89313.892 [0] DBG_TX_WAKE_CLAIM_SENT
89313.892 [0] DBG_DWM_CH5_RX_HUNT_START acq=10 complete=1000 cap=124
89313.892 [0] DBG_ANCHOR_CH5_SCAN_HANDLER role=2
89313.892 [0] DBG_DWM_CH5_RX_HUNT_EMPTY s=281188 e=281198 ret=-116 sys=00000000 phy=2 cfg=1 aw=1 unk=0
89313.892 [0] DBG_ANCHOR_CH5_SCAN_BLOCKED win=0 tx=1 retry_gap=0 flood=0 wait=0 rx=0 rxq=0 rxr=0 ack=0 ch9=0 rf=1 retry=20 interval=380
89313.892 [0] DBG_SCAN_SKIPPED reason=blocked
89313.892 [0] DBG_ANCHOR_CH5_SCAN_RESCHED ret=1 delay=20
89313.892 [0] DBG_UWB_TX_CH5
89313.892 [0] DBG_TX_WAKE_CLAIM_SENT
89313.929 [0] DBG_UWB_TX_CH5
89313.929 [0] DBG_TX_WAKE_CLAIM_SENT
89313.929 [0] DBG_DWM_CH5_RX_HUNT_START acq=10 complete=1000 cap=124
89313.929 [0] DBG_ANCHOR_CH5_SCAN_HANDLER role=2
89313.929 [0] DBG_DWM_CH5_RX_HUNT_EMPTY s=281212 e=281222 ret=-116 sys=00000000 phy=2 cfg=1 aw=1 unk=0
89313.929 [0] DBG_ANCHOR_CH5_SCAN_BLOCKED win=0 tx=1 retry_gap=0 flood=0 wait=0 rx=0 rxq=0 rxr=0 ack=0 ch9=0 rf=1 retry=20 interval=380
89313.929 [0] DBG_SCAN_SKIPPED reason=blocked
89313.929 [0] DBG_ANCHOR_CH5_SCAN_RESCHED ret=1 delay=20
89313.929 [0] DBG_UWB_TX_CH5
89313.929 [0] DBG_TX_WAKE_CLAIM_SENT
89313.929 [0] DBG_UWB_TX_CH5
89313.929 [0] DBG_TX_WAKE_CLAIM_SENT
89313.929 [0] DBG_DWM_CH5_RX_HUNT_START acq=10 complete=1000 cap=124
89313.929 [0] DBG_ANCHOR_CH5_SCAN_HANDLER role=2
89313.974 [0] DBG_DWM_CH5_RX_HUNT_EMPTY s=281236 e=281246 ret=-116 sys=00000000 phy=2 cfg=1 aw=1 unk=0
89313.974 [0] DBG_ANCHOR_CH5_SCAN_BLOCKED win=0 tx=1 retry_gap=0 flood=0 wait=0 rx=0 rxq=0 rxr=0 ack=0 ch9=0 rf=1 retry=20 interval=380
89313.974 [0] DBG_SCAN_SKIPPED reason=blocked
89313.974 [0] DBG_ANCHOR_CH5_SCAN_RESCHED ret=1 delay=20
89313.974 [0] DBG_UWB_TX_CH5
89313.974 [0] DBG_TX_WAKE_CLAIM_SENT
89313.974 [0] DBG_UWB_TX_CH5
89313.974 [0] DBG_TX_WAKE_CLAIM_SENT
89313.974 [0] DBG_DWM_CH5_RX_HUNT_START acq=10 complete=1000 cap=124
89313.974 [0] DBG_ANCHOR_CH5_SCAN_HANDLER role=2
89313.974 [0] DBG_DWM_CH5_RX_HUNT_EMPTY s=281260 e=281270 ret=-116 sys=00000000 phy=2 cfg=1 aw=1 unk=0
89313.974 [0] DBG_ANCHOR_CH5_SCAN_BLOCKED win=0 tx=1 retry_gap=0 flood=0 wait=0 rx=0 rxq=0 rxr=0 ack=0 ch9=0 rf=1 retry=20 interval=380
89313.974 [0] DBG_SCAN_SKIPPED reason=blocked
89313.974 [0] DBG_ANCHOR_CH5_SCAN_RESCHED ret=1 delay=20
89313.974 [0] DBG_UWB_TX_CH5
89313.974 [0] DBG_TX_WAKE_CLAIM_SENT
89313.974 [0] DBG_UWB_TX_CH5
89313.974 [0] DBG_TX_WAKE_CLAIM_SENT
89313.974 [0] DBG_DWM_CH5_RX_HUNT_START acq=10 complete=1000 cap=124
89314.013 [0] DBG_ANCHOR_CH5_SCAN_HANDLER role=2
89314.013 [0] DBG_DWM_CH5_RX_HUNT_EMPTY s=281284 e=281294 ret=-116 sys=00000000 phy=2 cfg=1 aw=1 unk=0
89314.013 [0] DBG_UWB_TX_CH5
89314.013 [0] DBG_TX_WAKE_CLAIM_SENT
89314.013 [0] DBG_UWB_TX_CH5
89314.013 [0] DBG_TX_WAKE_CLAIM_SENT
89314.013 [0] DBG_DWM_CH5_RX_HUNT_START acq=10 complete=1000 cap=124
89314.013 [0] DBG_ANCHOR_CH5_SCAN_HANDLER role=2
89314.013 [0] DBG_DWM_CH5_RX_HUNT_EMPTY s=281308 e=281318 ret=-116 sys=00000000 phy=2 cfg=1 aw=1 unk=0
89314.013 [0] DBG_ANCHOR_CH5_SCAN_BLOCKED win=0 tx=1 retry_gap=0 flood=0 wait=0 rx=0 rxq=0 rxr=0 ack=0 ch9=0 rf=1 retry=20 interval=380
89314.013 [0] DBG_SCAN_SKIPPED reason=blocked
89314.013 [0] DBG_ANCHOR_CH5_SCAN_RESCHED ret=1 delay=20
89314.013 [0] DBG_UWB_TX_CH5
89314.013 [0] DBG_TX_WAKE_CLAIM_SENT
89314.066 [0] DBG_UWB_TX_CH5
89314.066 [0] DBG_TX_WAKE_CLAIM_SENT
89314.066 [0] DBG_DWM_CH5_RX_HUNT_START acq=10 complete=1000 cap=124
89314.066 [0] DBG_ANCHOR_CH5_SCAN_HANDLER role=2
89314.066 [0] DBG_DWM_CH5_RX_HUNT_EMPTY s=281332 e=281342 ret=-116 sys=00000000 phy=2 cfg=1 aw=1 unk=0
89314.066 [0] DBG_ANCHOR_CH5_SCAN_BLOCKED win=0 tx=1 retry_gap=0 flood=0 wait=0 rx=0 rxq=0 rxr=0 ack=0 ch9=0 rf=1 retry=20 interval=380
89314.066 [0] DBG_SCAN_SKIPPED reason=blocked
89314.066 [0] DBG_ANCHOR_CH5_SCAN_RESCHED ret=1 delay=20
89314.066 [0] DBG_UWB_TX_CH5
89314.066 [0] DBG_TX_WAKE_CLAIM_SENT
89314.066 [0] DBG_UWB_TX_CH5
89314.066 [0] DBG_TX_WAKE_CLAIM_SENT
89314.066 [0] DBG_DWM_CH5_RX_HUNT_START acq=10 complete=1000 cap=124
89314.066 [0] DBG_ANCHOR_CH5_SCAN_HANDLER role=2
89314.066 [0] DBG_DWM_CH5_RX_HUNT_EMPTY s=281355 e=281365 ret=-116 sys=00000000 phy=2 cfg=1 aw=1 unk=0
89314.066 [0] DBG_ANCHOR_CH5_SCAN_BLOCKED win=0 tx=1 retry_gap=0 flood=0 wait=0 rx=0 rxq=0 rxr=0 ack=0 ch9=0 rf=1 retry=20 interval=380
89314.066 [0] DBG_SCAN_SKIPPED reason=blocked
89314.066 [0] DBG_ANCHOR_CH5_SCAN_RESCHED ret=1 delay=20
89314.066 [0] DBG_UWB_TX_CH5
89314.066 [0] DBG_TX_WAKE_CLAIM_SENT
89314.066 [0] DBG_UWB_TX_CH5
89314.066 [0] DBG_TX_WAKE_CLAIM_SENT
89314.066 [0] DBG_DWM_CH5_RX_HUNT_START acq=10 complete=1000 cap=124
89314.111 [0] DBG_DWM_CH5_RX_HUNT_EMPTY s=281378 e=281389 ret=-116 sys=00000000 phy=2 cfg=1 aw=1 unk=0
89314.111 [0] DBG_ANCHOR_CH5_SCAN_BLOCKED win=0 tx=1 retry_gap=0 flood=0 wait=0 rx=0 rxq=0 rxr=0 ack=0 ch9=0 rf=1 retry=20 interval=380
89314.111 [0] DBG_SCAN_SKIPPED reason=blocked
89314.111 [0] DBG_ANCHOR_CH5_SCAN_RESCHED ret=1 delay=20
89314.111 [0] DBG_UWB_TX_CH5
89314.111 [0] DBG_TX_WAKE_CLAIM_SENT
89314.111 [0] DBG_UWB_TX_CH5
89314.111 [0] DBG_TX_WAKE_CLAIM_SENT
89314.111 [0] DBG_DWM_CH5_RX_HUNT_START acq=10 complete=1000 cap=124
89314.111 [0] DBG_ANCHOR_CH5_SCAN_HANDLER role=2
89314.111 [0] DBG_DWM_CH5_RX_HUNT_EMPTY s=281403 e=281413 ret=-116 sys=00000000 phy=2 cfg=1 aw=1 unk=0
89314.111 [0] DBG_ANCHOR_CH5_SCAN_BLOCKED win=0 tx=1 retry_gap=0 flood=0 wait=0 rx=0 rxq=0 rxr=0 ack=0 ch9=0 rf=1 retry=20 interval=380
89314.111 [0] DBG_SCAN_SKIPPED reason=blocked
89314.111 [0] DBG_ANCHOR_CH5_SCAN_RESCHED ret=1 delay=20
89314.111 [0] DBG_UWB_TX_CH5
89314.111 [0] DBG_TX_WAKE_CLAIM_SENT
89314.114 [1] [00:04:40.431,45
89314.156 [0] DBG_UWB_TX_CH5
89314.156 [0] DBG_TX_WAKE_CLAIM_SENT
89314.156 [0] DBG_DWM_CH5_RX_HUNT_START acq=10 complete=1000 cap=124
89314.156 [0] DBG_ANCHOR_CH5_SCAN_HANDLER role=2
89314.156 [0] DBG_DWM_CH5_RX_HUNT_EMPTY s=281427 e=281437 ret=-116 sys=00000000 phy=2 cfg=1 aw=1 unk=0
89314.156 [0] DBG_ANCHOR_CH5_SCAN_BLOCKED win=0 tx=1 retry_gap=0 flood=0 wait=0 rx=0 rxq=0 rxr=0 ack=0 ch9=0 rf=1 retry=20 interval=380
89314.156 [0] DBG_SCAN_SKIPPED reason=blocked
89314.156 [0] DBG_ANCHOR_CH5_SCAN_RESCHED ret=1 delay=20
89314.156 [0] DBG_UWB_TX_CH5
89314.156 [0] DBG_TX_WAKE_CLAIM_SENT
89314.156 [0] DBG_UWB_TX_CH5
89314.156 [0] DBG_TX_WAKE_CLAIM_SENT
89314.156 [0] DBG_DWM_CH5_RX_HUNT_START acq=10 complete=1000 cap=124
89314.156 [0] DBG_ANCHOR_CH5_SCAN_HANDLER role=2
89314.156 [0] DBG_DWM_CH5_RX_HUNT_EMPTY s=281451 e=281461 ret=-116 sys=00000000 phy=2 cfg=1 aw=1 unk=0
89314.156 [0] DBG_ANCHOR_CH5_SCAN_BLOCKED win=0 tx=1 retry_gap=0 flood=0 wait=0 rx=0 rxq=0 rxr=0 ack=0 ch9=0 rf=1 retry=20 interval=380
89314.156 [0] DBG_SCAN_SKIPPED reason=blocked
89314.156 [0] DBG_ANCHOR_CH5_SCAN_RESCHED ret=1 delay=20
89314.156 [0] DBG_UWB_TX_CH5
89314.156 [0] DBG_TX_WAKE_CLAIM_SENT
89314.160 [1] 7] <wrn> app_anchor: anchor false UWB wake cooldown: wake_decode_ret=-8 reason=frame_timeout frame_len=46 quality=100 cooldown_ms=100 crc_failures=0 frame_timeouts=3
89314.198 [0] DBG_UWB_TX_CH5
89314.198 [0] DBG_TX_WAKE_CLAIM_SENT
89314.198 [0] DBG_DWM_CH5_RX_HUNT_START acq=10 complete=1000 cap=124
89314.198 [0] DBG_ANCHOR_CH5_SCAN_HANDLER role=2
89314.198 [0] DBG_DWM_CH5_RX_HUNT_EMPTY s=281475 e=281485 ret=-116 sys=00000000 phy=2 cfg=1 aw=1 unk=0
89314.198 [0] DBG_ANCHOR_CH5_SCAN_BLOCKED win=0 tx=1 retry_gap=0 flood=0 wait=0 rx=0 rxq=0 rxr=0 ack=0 ch9=0 rf=1 retry=20 interval=380
89314.198 [0] DBG_SCAN_SKIPPED reason=blocked
89314.198 [0] DBG_ANCHOR_CH5_SCAN_RESCHED ret=1 delay=20
89314.198 [0] DBG_WAKE_TRAIN_TIMING evt=280919 start=280970 first=280976 last=281474 end=281507 sent=44 ret=0
89314.198 [0] DBG_C5_CONTACT phase=accepted state=2 peer=0x0f6d3a3bdac0f858 purpose=uplink reason=retransmit-uplink-wake
89314.198 [0] DBG_UPLINK_WAKE next=0xf6d3a3bdac0f858 ret=0 seq=1 phase=retransmit
89314.198 [0] DBG_C5_CONTROL_FOLLOWUP_TURNAROUND delay=60 msg=20 reason=retransmit-uplink-wake
89314.198 [0] DBG_ANCHOR_CH5_SCAN_HANDLER role=2
89314.198 [0] DBG_ANCHOR_CH5_SCAN_ARM now=281509 win=10 complete=15 interval=380 wait=0 tx=1 response=0
89314.225 [0] DBG_DWM_CH5_RX_HUNT_START acq=10 complete=1000 cap=1020
89314.225 [0] DBG_DWM_CH5_RX_HUNT_EMPTY s=281518 e=281528 ret=-116 sys=00000000 phy=2 cfg=1 aw=1 unk=0
89314.225 [0] DBG_ANCHOR_CH5_SCAN_DONE ret=-116 len=0 fail=1 pre=0 q=0 rx_us=11108 complete=1000
89314.225 [0] DBG_ANCHOR_CH5_SCAN_RESCHED ret=1 delay=380
89314.255 [0] DBG_DWM_INVALIDATE tag=configure_radio_from_reset active_phy=2 configured=1 awake=1
89314.282 [0] DBG_DWM_MARK_UNCONFIGURED tag=initialise_radio prev_phy=0
89314.282 [0] DBG_DWM_PHY_SWITCH from=2 to=4 fast=0 us=20782
89314.282 [0] DBG_DWM_WAKE_MESH_CTRL_OK sfd=1033
89314.282 [0] DBG_DIRECT_GW_TX_CONFIG ret=0 now=281592 seq=1
89314.282 [0] DBG_CH9_TX_SEND_AT now=281594 earliest=280917 msg=20 len=281
89314.324 [0] DBG_CH9_TX_DONE now=281600 dur=6 len=281 msg=20
89314.324 [0] DBG_UWB_TX_CH5
89314.324 [0] DBG_CLICK_TX_DONE now=281600 seq=1
89314.324 [0] DBG_CH9_TX_SINGLE_SEND_OK
89314.324 [0] DBG_CH9_EVENT_STATE state=complete peer=0x0f6d3a3bdac0f858 start=280919 end=280979 reason=retransmit-direct-gateway
89314.324 [0] DBG_DIRECT_GW_TX_ACK_TRANSIT_WAIT dst=0x9999888877776666 src=0xea35f5b508104aae seq=1
89314.324 [0] DBG_CLICK_ACK_RX_ARM now=281600 slice=60 seq=1
89314.324 [0] DBG_UWB_RX_CH9
89314.324 [0] DBG_MESH_RX_QUEUED ch=9 msg=0x31 src=0xf6d3a3bdac0f858 dst=0xea35f5b508104aae prev=0xf6d3a3bdac0f858 seq=6 q=1
89314.324 [0] DBG_DIRECT_GW_ACK_TRANSIT queued=1 valid=1 dst=0xea35f5b508104aae seq=6
89314.324 [0] DBG_DIRECT_GW_TX_ACK_WAIT ret=0 seq=1
89314.324 [0] DBG_CLICK_ACK_RX now=281628 dms=28 seq=1
89314.324 [0] DBG_COORD state=mesh-rx owner=report-tx reason=mesh-rx rx=1 tx=0 relay=1 route=0 ack=0 qack=0
89314.324 [0] DBG_MESH_RX_WORK_WAIT q=1
89314.324 [0] DBG_MESH_RX_WORK_ENTER q=1
89314.324 [0] DBG_MESH_RX_DRAIN_ENTER owner=work q=1
89314.324 [0] DBG_NEXT_HOP_CUSTODY type=0x20 src=0xea35f5b508104aae session=2994356294 seq=1 parent=0xf6d3a3bdac0f858 accepted=281629 now=28
89314.324 [0] DBG_MESH_RX_DRAIN_EXIT owner=work handled=1 q=0
89314.361 [0] DBG_STACK_RUN_BEGIN epoch=16284486061926904368 run=191 kind=cir_handling owner=anchor_uwb_scan queue=1 custody=1 credit=0 retry=0 drain=0 src=16876665336513972910 dst=11068027678940948070 session=2994356294 seq=1 type=32 sequence=0 previous=0 uptime=281642
89314.361 [0] DBG_STACK_SAMPLE_BEGIN epoch=16284486061926904368 run=191 sample=191 kind=cir_handling owner=anchor_uwb_scan queue=1 custody=1 credit=0 retry=0 drain=0 src=16876665336513972910 dst=11068027678940948070 session=2994356294 seq=1 type=32 uptime=281647
89314.361 [0] DBG_STACK_ISR_CONFIG size=8192 run=191 sample=191
89314.361 [0] DBG_STACK name=anchor_uwb_scan tid=0x2000ca08 used=7952 free=2032 size=9984 ret=0 run=191 sample=191
89314.361 [0] DBG_STACK name=mesh_route tid=0x2000b038 used=6976 free=2496 size=9472 ret=0 run=191 sample=191
89314.361 [0] DBG_STACK name=sysworkq tid=0x2000d980 used=772 free=4604 size=5376 ret=0 run=191 sample=191
89314.361 [0] DBG_STACK name=logging tid=0x2000cec0 used=544 free=1504 size=2048 ret=0 run=191 sample=191
89314.404 [0] DBG_STACK name=idle tid=0x2000d750 used=64 free=256 size=320 ret=0 run=191 sample=191
89314.404 [0] DBG_STACK_SAMPLE_END run=191 sample=191
89314.404 [0] DBG_STACK_RUN_BEGIN epoch=16284486061926904368 run=192 kind=anchor_scan owner=anchor_uwb_scan queue=0 custody=0 credit=0 retry=0 drain=0 src=16876665336513972910 dst=11068027678940948070 session=0 seq=0 type=48 sequence=0 previous=0 uptime=281685
89314.404 [0] DBG_STACK_SAMPLE_BEGIN epoch=16284486061926904368 run=192 sample=192 kind=anchor_scan owner=anchor_uwb_scan queue=0 custody=0 credit=0 retry=0 drain=0 src=16876665336513972910 dst=11068027678940948070 session=0 seq=0 type=48 uptime=281686
89314.404 [0] DBG_STACK_ISR_CONFIG size=8192 run=192 sample=192
89314.404 [0] DBG_STACK name=anchor_uwb_scan tid=0x2000ca08 used=7952 free=2032 size=9984 ret=0 run=192 sample=192
89314.404 [0] DBG_STACK name=mesh_route tid=0x2000b038 used=6976 free=2496 size=9472 ret=0 run=192 sample=192
89314.404 [0] DBG_STACK name=sysworkq tid=0x2000d980 used=772 free=4604 size=5376 ret=0 run=192 sample=192
89314.436 [0] DBG_STACK name=logging tid=0x2000cec0 used=544 free=1504 size=2048 ret=0 run=192 sample=192
89314.436 [0] DBG_STACK name=idle tid=0x2000d750 used=64 free=256 size=320 ret=0 run=192 sample=192
89314.436 [0] DBG_STACK_SAMPLE_END run=192 sample=192
89314.436 [0] DBG_STACK_RUN_END epoch=16284486061926904368 run=192 kind=anchor_scan owner=anchor_uwb_scan outcome=ack queue=0 custody=0 credit=0 retry=0 drain=0 src=16876665336513972910 dst=11068027678940948070 session=0 seq=0 type=48 samples=1 attempts=1 errors=0 last_error=0 mutex_drops=177 short_drops=2386 sequence=0 previous=0 uptime=281727
89314.436 [0] DBG_STACK_RUN_END epoch=16284486061926904368 run=191 kind=cir_handling owner=anchor_uwb_scan outcome=ack queue=0 custody=0 credit=0 retry=0 drain=0 src=16876665336513972910 dst=11068027678940948070 session=2994356294 seq=1 type=32 samples=1 attempts=1 errors=0 last_error=0 mutex_drops=177 short_drops=2386 sequence=0 previous=0 uptime=281730
89314.471 [0] DBG_STACK_RUN_BEGIN epoch=16284486061926904368 run=193 kind=anchor_scan owner=anchor_uwb_scan queue=0 custody=0 credit=0 retry=0 drain=0 src=16876665336513972910 dst=11068027678940948070 session=0 seq=0 type=48 sequence=0 previous=0 uptime=281731
89314.471 [0] DBG_STACK_SAMPLE_BEGIN epoch=16284486061926904368 run=193 sample=193 kind=anchor_scan owner=anchor_uwb_scan queue=0 custody=0 credit=0 retry=0 drain=0 src=16876665336513972910 dst=11068027678940948070 session=0 seq=0 type=48 uptime=281758
89314.471 [0] DBG_STACK_ISR_CONFIG size=8192 run=193 sample=193
89314.471 [0] DBG_STACK name=anchor_uwb_scan tid=0x2000ca08 used=7952 free=2032 size=9984 ret=0 run=193 sample=193
89314.471 [0] DBG_STACK name=mesh_route tid=0x2000b038 used=6976 free=2496 size=9472 ret=0 run=193 sample=193
89314.471 [0] DBG_STACK name=sysworkq tid=0x2000d980 used=772 free=4604 size=5376 ret=0 run=193 sample=193
89314.471 [0] DBG_STACK name=logging tid=0x2000cec0 used=544 free=1504 size=2048 ret=0 run=193 sample=193
89314.471 [0] DBG_STACK name=idle tid=0x2000d750 used=64 free=256 size=320 ret=0 run=193 sample=193
89314.500 [0] DBG_STACK_SAMPLE_END run=193 sample=193
89314.500 [0] DBG_STACK_RUN_END epoch=16284486061926904368 run=193 kind=anchor_scan owner=anchor_uwb_scan outcome=ack queue=0 custody=0 credit=0 retry=0 drain=0 src=16876665336513972910 dst=11068027678940948070 session=0 seq=0 type=48 samples=1 attempts=1 errors=0 last_error=0 mutex_drops=177 short_drops=2386 sequence=0 previous=0 uptime=281792
89314.608 [0] DBG_ANCHOR_CH5_SCAN_HANDLER role=2
89314.608 [0] DBG_DWM_INVALIDATE tag=configure_radio_from_reset active_phy=4 configured=1 awake=1
89314.635 [0] DBG_DWM_MARK_UNCONFIGURED tag=initialise_radio prev_phy=0
89314.635 [0] DBG_DWM_PHY_SWITCH from=4 to=2 fast=0 us=20782
89314.635 [0] DBG_DWM_CH5_RX_HUNT_START acq=10 complete=1000 cap=1020
89314.635 [0] DBG_DWM_CH5_RX_HUNT_EMPTY s=281935 e=281945 ret=-116 sys=00000000 phy=2 cfg=1 aw=1 unk=0
89314.635 [0] DBG_ANCHOR_CH5_SCAN_RESCHED ret=1 delay=380
89315.032 [0] DBG_ANCHOR_CH5_SCAN_HANDLER role=2
89315.032 [0] DBG_DWM_CH5_RX_HUNT_START acq=10 complete=1000 cap=1020
89315.032 [0] DBG_DWM_CH5_RX_HUNT_EMPTY s=282335 e=282345 ret=-116 sys=00000000 phy=2 cfg=1 aw=1 unk=0
89315.032 [0] DBG_ANCHOR_CH5_SCAN_RESCHED ret=1 delay=380
89315.415 [0] DBG_ANCHOR_CH5_SCAN_HANDLER role=2
89315.415 [0] DBG_ANCHOR_CH5_SCAN_ARM now=282727 win=10 complete=15 interval=380 wait=0 tx=0 response=0
89315.445 [0] DBG_DWM_CH5_RX_HUNT_START acq=10 complete=1000 cap=1020
89315.445 [0] DBG_DWM_CH5_RX_HUNT_EMPTY s=282735 e=282745 ret=-116 sys=00000000 phy=2 cfg=1 aw=1 unk=0
89315.445 [0] DBG_ANCHOR_CH5_SCAN_DONE ret=-116 len=0 fail=1 pre=0 q=0 rx_us=10742 complete=1000
89315.445 [0] DBG_ANCHOR_CH5_SCAN_RESCHED ret=1 delay=380
89315.819 [0] DBG_ANCHOR_CH5_SCAN_HANDLER role=2
89315.819 [0] DBG_DWM_CH5_RX_HUNT_START acq=10 complete=1000 cap=1020
89315.860 [0] DBG_DWM_CH5_RX_ACTIVITY_EXTEND ret=0 status=0x00000100 complete=1000
89315.860 [0] DBG_DWM_CH5_RX_ACTIVITY_WAIT status=0x00000100 remain=999
89315.860 [0] DBG_STACK_RUN_BEGIN epoch=16284486061926904368 run=194 kind=anchor_scan owner=anchor_uwb_scan queue=0 custody=0 credit=0 retry=0 drain=0 src=16876665336513972910 dst=11068027678940948070 session=0 seq=0 type=48 sequence=0 previous=0 uptime=283147
89315.860 [0] DBG_STACK_SAMPLE_BEGIN epoch=16284486061926904368 run=194 sample=194 kind=anchor_scan owner=anchor_uwb_scan queue=0 custody=0 credit=0 retry=0 drain=0 src=16876665336513972910 dst=11068027678940948070 session=0 seq=0 type=48 uptime=283147
89315.860 [0] DBG_STACK_ISR_CONFIG size=8192 run=194 sample=194
89315.860 [0] DBG_STACK name=anchor_uwb_scan tid=0x2000ca08 used=7952 free=2032 size=9984 ret=0 run=194 sample=194
89315.860 [0] DBG_STACK name=mesh_route tid=0x2000b038 used=6976 free=2496 size=9472 ret=0 run=194 sample=194
89315.860 [0] DBG_STACK name=sysworkq tid=0x2000d980 used=772 free=4604 size=5376 ret=0 run=194 sample=194
89315.901 [0] DBG_STACK name=logging tid=0x2000cec0 used=544 free=1504 size=2048 ret=0 run=194 sample=194
89315.901 [0] DBG_STACK name=idle tid=0x2000d750 used=64 free=256 size=320 ret=0 run=194 sample=194
89315.901 [0] DBG_STACK_SAMPLE_END run=194 sample=194
89315.901 [0] DBG_STACK_RUN_END epoch=16284486061926904368 run=194 kind=anchor_scan owner=anchor_uwb_scan outcome=ack queue=0 custody=0 credit=0 retry=0 drain=0 src=16876665336513972910 dst=11068027678940948070 session=0 seq=0 type=48 samples=1 attempts=1 errors=0 last_error=0 mutex_drops=194 short_drops=2386 sequence=0 previous=0 uptime=283182
89315.901 [0] DBG_DWM_INVALIDATE tag=configure_radio_from_reset active_phy=4 configured=1 awake=1
89315.901 [0] DBG_DWM_MARK_UNCONFIGURED tag=initialise_radio prev_phy=0
89315.901 [0] DBG_DWM_PHY_SWITCH from=4 to=2 fast=0 us=20813
89315.901 [0] DBG_DWM_CH5_RX_HUNT_START acq=61 complete=1000 cap=1020
89315.942 [0] DBG_DWM_CH5_RX_ACTIVITY_EXTEND ret=0 status=0x00000100 complete=1000
89315.942 [0] DBG_DWM_CH5_RX_ACTIVITY_WAIT status=0x00000100 remain=1000
89315.942 [0] DBG_DWM_CH5_RX_ACTIVITY_DONE raw=51 payload=49 status=0x00006f00 rearm=0 extended=1
89315.942 [0] DBG_DWM_MARK_UNCONFIGURED tag=initialise_radio prev_phy=0
89315.942 [0] DBG_DWM_PHY_SWITCH from=2 to=4 fast=0 us=20813
89315.942 [0] DBG_DWM_WAKE_MESH_CTRL_OK sfd=1033
89315.942 [0] DBG_ROUTE_REPLY_CLICK_PROBE_DONE duration_ms=49 outcome=restore ret=0
89315.942 [0] DBG_C5_RX_FAIL status=0x04000100 finfo=0x00000000 fail=2 phy=4 ch=5 plen=2 pac=0 txc=9 rxc=9 sfd=2 rate=0 phr=1 phrr=0 sfdto=1
89315.942 [0] DBG_DWM_INVALIDATE tag=configure_radio_from_reset active_phy=4 configured=1 awake=1
89315.980 [0] DBG_DWM_MARK_UNCONFIGURED tag=initialise_radio prev_phy=0
89315.980 [0] DBG_DWM_PHY_SWITCH from=4 to=2 fast=0 us=20813
89315.980 [0] DBG_DWM_CH5_RX_HUNT_START acq=61 complete=1000 cap=1020
89315.980 [0] DBG_DWM_CH5_RX_ACTIVITY_EXTEND ret=0 status=0x00000100 complete=1000
89315.980 [0] DBG_DWM_CH5_RX_ACTIVITY_WAIT status=0x00000100 remain=1000
89315.980 [0] DBG_DWM_CH5_RX_ACTIVITY_DONE raw=51 payload=49 status=0x00006f00 rearm=0 extended=1
89315.980 [0] DBG_DWM_INVALIDATE tag=configure_radio_from_reset active_phy=2 configured=1 awake=1
89315.980 [0] DBG_DWM_MARK_UNCONFIGURED tag=initialise_radio prev_phy=0
89316.015 [0] DBG_DWM_PHY_SWITCH from=2 to=4 fast=0 us=20782
89316.015 [0] DBG_DWM_WAKE_MESH_CTRL_OK sfd=1033
89316.015 [0] DBG_ROUTE_REPLY_CLICK_PROBE_DONE duration_ms=50 outcome=restore ret=0
89316.090 [0] DBG_ROUTE_REPLY_RX_FRAME
89316.090 [0] DBG_ROUTE_REPLY_DECODE_FAIL ret=-8 len=281 q=100
89316.131 [0] DBG_ROUTE_REPLY_RX_FRAME
89316.131 [0] DBG_ROUTE_REPLY_DECODE_FAIL ret=-8 len=111 q=100
89316.170 [0] DBG_ROUTE_REPLY_RX_FRAME
89316.170 [0] DBG_ROUTE_REPLY_DECODE_FAIL ret=-8 len=281 q=100
89316.170 [0] DBG_DWM_RF_SCOPE_DROP local=2 remote=0 remote_clicker=0
89316.683 [0] DBG_DWM_INVALIDATE tag=configure_radio_from_reset active_phy=4 configured=1 awake=1
89316.683 [0] DBG_DWM_MARK_UNCONFIGURED tag=initialise_radio prev_phy=0
89316.683 [0] DBG_DWM_PHY_SWITCH from=4 to=2 fast=0 us=20782
89316.683 [0] DBG_DWM_CH5_RX_HUNT_START acq=61 complete=1000 cap=1020
89316.683 [0] DBG_DWM_CH5_RX_ACTIVITY_EXTEND ret=0 status=0x00000f00 complete=1000
89316.683 [0] DBG_DWM_CH5_RX_ACTIVITY_WAIT status=0x00000f00 remain=1000
89316.718 [0] DBG_DWM_CH5_RX_ACTIVITY_DONE raw=51 payload=49 status=0x00006f00 rearm=0 extended=1
89316.718 [0] DBG_ROUTE_REPLY_CLICK_PROBE_CAPTURE evt=18022404 attempt=1 q=100
89316.718 [0] DBG_ROUTE_REPLY_CLICK_PROBE_DONE duration_ms=24 outcome=capture ret=0
89316.718 [0] DBG_ROUTE_REPLY_CLICK_PREEMPT_PROBE
89316.718 [0] DBG_C5_CONTACT phase=closing state=4 peer=0x9699122bd60a64e3 purpose=route_solicit reason=click-preempt
89316.718 [0] DBG_ANCHOR_CLICK_HANDOFF_QUEUED evt=18022404 attempt=1 ret=1
89316.718 [0] DBG_ANCHOR_CLICK_HANDOFF evt=18022404 attempt=1 handled=1 q=100
89316.718 [0] DBG_ANCHOR_ROUTE_WAKE_HANDOFF_DONE src=0x9699122bd60a64e3 embedded=0 ret=-11 pending=0
89316.718 [0] DBG_ANCHOR_ROUTE_WAKE_DISPATCH_DONE handled=1 len=49 q=100
89316.718 [0] DBG_ANCHOR_CLICK_HANDOFF_START evt=18022404 attempt=1 rx=284001 q=100
89316.718 [0] DBG_ANCHOR_WAKE_ACCEPT clicker=0xc1c2306a5138ab2d evt=18022404 attempt=1 flags=0x20 disc_in=501 q=100
89316.718 [0] DBG_ANCHOR_CLICK_WINDOW active=1 flags=0x20
89316.718 [0] DBG_ANCHOR_DISC_WAIT now=284026 start=284502 deadline=285502 guard=8 listen=1008 phr=std
89316.718 [0] DBG_ANCHOR_DISC_CONFIG phr=std ret=0
89316.748 [0] DBG_ANCHOR_DISC_FRAME len=49 type=0x08 q=100 now=284045
89316.748 [0] DBG_ANCHOR_DISC_FRAME len=49 type=0x08 q=100 now=284052
89316.748 [0] DBG_ANCHOR_DISC_FRAME len=49 type=0x08 q=100 now=284058
89316.748 [0] DBG_ANCHOR_DISC_FRAME len=49 type=0x08 q=100 now=284065
89316.777 [0] DBG_ANCHOR_DISC_FRAME len=49 type=0x08 q=100 now=284071
89316.777 [0] DBG_ANCHOR_DISC_FRAME len=49 type=0x08 q=100 now=284078
89316.777 [0] DBG_ANCHOR_DISC_FRAME len=49 type=0x08 q=100 now=284084
89316.777 [0] DBG_ANCHOR_DISC_FRAME len=49 type=0x08 q=100 now=284091
89316.810 [0] DBG_ANCHOR_DISC_FRAME len=49 type=0x08 q=100 now=284097
89316.810 [0] DBG_ANCHOR_DISC_FRAME len=49 type=0x08 q=100 now=284103
89316.810 [0] DBG_ANCHOR_DISC_FRAME len=49 type=0x08 q=100 now=284109
89316.810 [0] DBG_ANCHOR_DISC_FRAME len=49 type=0x08 q=100 now=284116
89316.810 [0] DBG_ANCHOR_DISC_FRAME len=49 type=0x08 q=100 now=284122
89316.845 [0] DBG_ANCHOR_DISC_FRAME len=49 type=0x08 q=100 now=284129
89316.845 [0] DBG_ANCHOR_DISC_FRAME len=49 type=0x08 q=100 now=284135
89316.845 [0] DBG_ANCHOR_DISC_FRAME len=49 type=0x08 q=100 now=284141
89316.845 [0] DBG_ANCHOR_DISC_FRAME len=49 type=0x08 q=100 now=284148
89316.845 [0] DBG_ANCHOR_DISC_FRAME len=49 type=0x08 q=100 now=284154
89316.845 [0] DBG_ANCHOR_DISC_FRAME len=49 type=0x08 q=100 now=284160
89316.881 [0] DBG_ANCHOR_DISC_FRAME len=49 type=0x08 q=100 now=284167
89316.881 [0] DBG_ANCHOR_DISC_FRAME len=49 type=0x08 q=100 now=284173
89316.881 [0] DBG_ANCHOR_DISC_FRAME len=49 type=0x08 q=100 now=284180
89316.881 [0] DBG_ANCHOR_DISC_FRAME len=49 type=0x08 q=100 now=284186
89316.881 [0] DBG_ANCHOR_DISC_FRAME len=49 type=0x08 q=100 now=284193
89316.920 [0] DBG_ANCHOR_DISC_FRAME len=49 type=0x08 q=100 now=284199
89316.920 [0] DBG_ANCHOR_DISC_FRAME len=49 type=0x08 q=100 now=284206
89316.920 [0] DBG_ANCHOR_DISC_FRAME len=49 type=0x08 q=100 now=284212
89316.920 [0] DBG_ANCHOR_DISC_FRAME len=49 type=0x08 q=100 now=284219
89316.920 [0] DBG_ANCHOR_DISC_FRAME len=49 type=0x08 q=100 now=284225
89316.920 [0] DBG_ANCHOR_DISC_FRAME len=49 type=0x08 q=100 now=284231
89316.956 [0] DBG_ANCHOR_DISC_FRAME len=49 type=0x08 q=100 now=284238
89316.956 [0] DBG_ANCHOR_DISC_FRAME len=49 type=0x08 q=100 now=284244
89316.956 [0] DBG_ANCHOR_DISC_FRAME len=49 type=0x08 q=100 now=284251
89316.956 [0] DBG_ANCHOR_DISC_FRAME len=49 type=0x08 q=100 now=284257
89316.956 [0] DBG_ANCHOR_DISC_FRAME len=49 type=0x08 q=100 now=284263
89316.956 [0] DBG_ANCHOR_DISC_FRAME len=49 type=0x08 q=100 now=284270
89316.961 [1] [00:04:43.243,286] <wrn> app_mesh_report: mesh route reply RX failed: target=0x9699122bd60a64e3 ret=-5 rx_failure=2 reason=anchor-route-wake-followup
89316.961 [1] [00:04:43.297,973] <wrn> app_mesh_report: mesh route reply RX failed: target=0x9699122bd60a64e3 ret=-5 rx_failure=2 reason=anchor-route-wake-followup
89316.998 [0] DBG_ANCHOR_DISC_FRAME len=49 type=0x08 q=100 now=284277
89316.998 [0] DBG_ANCHOR_DISC_FRAME len=49 type=0x08 q=100 now=284283
89316.998 [0] DBG_ANCHOR_DISC_FRAME len=49 type=0x08 q=100 now=284290
89316.998 [0] DBG_ANCHOR_DISC_FRAME len=49 type=0x08 q=100 now=284296
89316.998 [0] DBG_ANCHOR_DISC_FRAME len=49 type=0x08 q=100 now=284302
89316.998 [0] DBG_ANCHOR_DISC_FRAME len=49 type=0x08 q=100 now=284309
89317.034 [0] DBG_ANCHOR_DISC_FRAME len=49 type=0x08 q=100 now=284315
89317.034 [0] DBG_ANCHOR_DISC_FRAME len=49 type=0x08 q=100 now=284321
89317.034 [0] DBG_ANCHOR_DISC_FRAME len=49 type=0x08 q=100 now=284328
89317.034 [0] DBG_ANCHOR_DISC_FRAME len=49 type=0x08 q=100 now=284335
89317.034 [0] DBG_ANCHOR_DISC_FRAME len=49 type=0x08 q=100 now=284341
89317.034 [0] DBG_ANCHOR_DISC_FRAME len=49 type=0x08 q=100 now=284347
89317.073 [0] DBG_ANCHOR_DISC_FRAME len=49 type=0x08 q=100 now=284354
89317.073 [0] DBG_ANCHOR_DISC_FRAME len=49 type=0x08 q=100 now=284361
89317.073 [0] DBG_ANCHOR_DISC_FRAME len=49 type=0x08 q=100 now=284367
89317.073 [0] DBG_ANCHOR_DISC_FRAME len=49 type=0x08 q=100 now=284373
89317.073 [0] DBG_ANCHOR_DISC_FRAME len=49 type=0x08 q=100 now=284380
89317.073 [0] DBG_ANCHOR_DISC_FRAME len=49 type=0x08 q=100 now=284386
89317.113 [0] DBG_ANCHOR_DISC_FRAME len=49 type=0x08 q=100 now=284393
89317.113 [0] DBG_ANCHOR_DISC_FRAME len=49 type=0x08 q=100 now=284399
89317.113 [0] DBG_STACK_RUN_BEGIN epoch=16284486061926904368 run=195 kind=anchor_scan owner=anchor_uwb_scan queue=0 custody=0 credit=0 retry=0 drain=0 src=16876665336513972910 dst=11068027678940948070 session=0 seq=0 type=48 sequence=0 previous=0 uptime=284403
89317.113 [0] DBG_STACK_SAMPLE_BEGIN epoch=16284486061926904368 run=195 sample=195 kind=anchor_scan owner=anchor_uwb_scan queue=0 custody=0 credit=0 retry=0 drain=0 src=16876665336513972910 dst=11068027678940948070 session=0 seq=0 type=48 uptime=284403
89317.113 [0] DBG_STACK_ISR_CONFIG size=8192 run=195 sample=195
89317.113 [0] DBG_STACK name=anchor_uwb_scan tid=0x2000ca08 used=7952 free=2032 size=9984 ret=0 run=195 sample=195
89317.113 [0] DBG_STACK name=mesh_route tid=0x2000b038 used=6976 free=2496 size=9472 ret=0 run=195 sample=195
89317.113 [0] DBG_STACK name=sysworkq tid=0x2000d980 used=772 free=4604 size=5376 ret=0 run=195 sample=195
89317.154 [0] DBG_STACK name=logging tid=0x2000cec0 used=544 free=1504 size=2048 ret=0 run=195 sample=195
89317.154 [0] DBG_STACK name=idle tid=0x2000d750 used=64 free=256 size=320 ret=0 run=195 sample=195
89317.154 [0] DBG_STACK_SAMPLE_END run=195 sample=195
89317.154 [0] DBG_STACK_RUN_END epoch=16284486061926904368 run=195 kind=anchor_scan owner=anchor_uwb_scan outcome=ack queue=0 custody=0 credit=0 retry=0 drain=0 src=16876665336513972910 dst=11068027678940948070 session=0 seq=0 type=48 samples=1 attempts=1 errors=0 last_error=0 mutex_drops=199 short_drops=2390 sequence=0 previous=0 uptime=284435
89317.154 [0] DBG_ANCHOR_DISC_FRAME len=49 type=0x08 q=100 now=284438
89317.154 [0] DBG_ANCHOR_DISC_FRAME len=49 type=0x08 q=100 now=284444
89317.154 [0] DBG_ANCHOR_DISC_FRAME len=49 type=0x08 q=100 now=284450
89317.154 [0] DBG_ANCHOR_DISC_FRAME len=49 type=0x08 q=100 now=284457
89317.154 [0] DBG_ANCHOR_DISC_FRAME len=49 type=0x08 q=100 now=284464
89317.188 [0] DBG_ANCHOR_DISC_FRAME len=49 type=0x08 q=100 now=284470
89317.188 [0] DBG_ANCHOR_DISC_FRAME len=49 type=0x08 q=100 now=284477
89317.221 [0] DBG_ANCHOR_DISC_FRAME len=32 type=0x09 q=100 now=284512
89317.221 [0] DBG_ANCHOR_DISC_DECODE evt=18022404 attempt=1 slots=50 flags=0x20
89317.221 [0] DBG_ANCHOR_DISC_REPLY_ARM evt=18022404 attempt=1 slot=1 state=1
89317.221 [0] DBG_ANCHOR_DISC_REPLY_TX evt=18022404 attempt=1 slot=1 ret=0
89317.920 [0] DBG_ANCHOR_CH5_HOLD_DONE deadline=285210 now=285211 frames=3 errors=0 deferred=0
89317.920 [0] DBG_DS_SAMPLE_ARM evt=18022404 attempt=1 sample=2/12 round=0 seq=2 target_us=285220000 start=285210 now=285211 deadline=285263
89317.920 [0] DBG_DS_RESP stage=arm evt=18022404 seq=2 round=0 now=285211 timeout=52
89317.920 [0] DBG_DS_RESP stage=resp-armed now=285228 seq=2 round=0 tx_time=0x123b1fce resp_tx=0x3b200dd9
89317.920 [0] DBG_DS_RESP stage=resp-raw poll_rx=0x1ca7c272 q=100 reply_uus=8000
89317.953 [0] DBG_DS_RESP stage=final-decode status=0 now=285245 seq=2 round=0 final_rx=0x59985838
89318.021 [0] DBG_ANCHOR_CH5_HOLD_DONE deadline=285309 now=285309 frames=6 errors=0 deferred=0
89318.021 [0] DBG_DS_SAMPLE_ARM evt=18022404 attempt=1 sample=5/12 round=1 seq=3 target_us=285319000 start=285309 now=285309 deadline=285362
89318.021 [0] DBG_DS_RESP stage=arm evt=18022404 seq=3 round=1 now=285309 timeout=53
89318.021 [0] DBG_DS_RESP stage=resp-armed now=285328 seq=3 round=1 tx_time=0x13b5316e resp_tx=0xb531add9
89318.021 [0] DBG_DS_RESP stage=resp-raw poll_rx=0x96b96230 q=100 reply_uus=8000
89318.059 [0] DBG_DS_RESP stage=final-decode status=0 now=285344 seq=3 round=1 final_rx=0xd3a9f815
89318.099 [0] DBG_ANCHOR_CH5_HOLD_DONE deadline=285408 now=285408 frames=6 errors=0 deferred=0
89318.099 [0] DBG_DS_SAMPLE_ARM evt=18022404 attempt=1 sample=8/12 round=2 seq=4 target_us=285418000 start=285408 now=285408 deadline=285461
89318.099 [0] DBG_DS_RESP stage=arm evt=18022404 seq=4 round=2 now=285408 timeout=53
89318.135 [0] DBG_DS_RESP stage=resp-armed now=285427 seq=4 round=2 tx_time=0x152e2726 resp_tx=0x2e2765d9
89318.135 [0] DBG_DS_RESP stage=resp-raw poll_rx=0x0faf1a1c q=100 reply_uus=8000
89318.135 [0] DBG_DS_RESP stage=final-decode status=0 now=285444 seq=4 round=2 final_rx=0x4c9fafeb
89318.208 [0] DBG_ANCHOR_CH5_HOLD_DONE deadline=285507 now=285507 frames=6 errors=0 deferred=0
89318.208 [0] DBG_DS_SAMPLE_ARM evt=18022404 attempt=1 sample=11/12 round=3 seq=5 target_us=285517000 start=285507 now=285507 deadline=28556
89318.208 [0] DBG_DS_RESP stage=arm evt=18022404 seq=5 round=3 now=285507 timeout=53
89318.208 [0] DBG_DS_RESP stage=resp-armed now=285525 seq=5 round=3 tx_time=0x16a44c30 resp_tx=0xa44c6fd9
89318.208 [0] DBG_DS_RESP stage=resp-raw poll_rx=0x85d42427 q=100 reply_uus=8000
89318.248 [0] DBG_DS_RESP stage=final-decode status=0 now=285542 seq=5 round=3 final_rx=0xc2c4b9db
89318.248 [0] DBG_CLICK_LISTEN start=285627 until=285977 n=3
89318.248 [0] DBG_CLICK_REPORT_QUEUED now=285543 window=285627 k=1 earliest=285677 n=3
89318.248 [0] DBG_ANCHOR_CH5_SCAN_RESCHED ret=1 delay=380
89318.248 [0] DBG_ANCHOR_CLICK_HANDOFF_DONE evt=18022404 attempt=1 handled=1 deferred=0
89318.248 [0] DBG_COORD state=mesh-tx owner=report-tx reason=mesh-tx rx=0 tx=1 relay=0 route=0 ack=0 qack=0
89318.248 [0] DBG_REPORT_TX_SLOT_WAIT now=285546 earliest=285677 delay=101 seq=1
89318.248 [0] DBG_ANCHOR_CH5_SCAN_HANDLER role=2
89318.248 [0] DBG_ANCHOR_CH5_SCAN_ARM now=285546 win=10 complete=15 interval=380 wait=0 tx=0 response=0
89318.248 [0] DBG_DWM_CH5_RX_HUNT_START acq=10 complete=1000 cap=1020
89318.248 [0] DBG_DWM_CH5_RX_ACTIVITY_EXTEND ret=0 status=0x00000100 complete=1000
89318.248 [0] DBG_DWM_CH5_RX_ACTIVITY_WAIT status=0x00000100 remain=999
89318.248 [0] DBG_DWM_CH5_RX_ACTIVITY_DONE raw=48 payload=46 status=0x00006f00 rearm=0 extended=1
89318.248 [0] DBG_ANCHOR_CH5_SCAN_DONE ret=0 len=46 fail=0 pre=1 q=100 rx_us=10000 complete=1000
89318.248 [0] DBG_UWB_RX_CH5
89318.248 [0] DBG_ANCHOR_CH5_FRAME len=46 q=100 wake_ret=-8
89318.355 [0] DBG_CLICK_SLOT_TX now=285648 due=285677 window=285627 k=1 n=3 seq=1
89318.355 [0] DBG_UPLINK_NEXT_HOP next=0xf6d3a3bdac0f858 depth=1 participant=1 wake=0
89318.355 [0] DBG_UPLINK_TX msg=20 seq=1 next=0xf6d3a3bdac0f858 wake=0 reason=queued-click-report
89318.355 [0] DBG_DWM_INVALIDATE tag=configure_radio_from_reset active_phy=2 configured=1 awake=1
89318.355 [0] DBG_ANCHOR_CH5_SCAN_HANDLER role=2
89318.355 [0] DBG_ANCHOR_CH5_SCAN_BLOCKED win=0 tx=1 retry_gap=0 flood=0 wait=0 rx=0 rxq=0 rxr=0 ack=0 ch9=0 rf=1 retry=20 interval=380
89318.355 [0] DBG_SCAN_SKIPPED reason=blocked
89318.355 [0] DBG_ANCHOR_CH5_SCAN_RESCHED ret=1 delay=20
89318.390 [0] DBG_DWM_MARK_UNCONFIGURED tag=initialise_radio prev_phy=0
89318.390 [0] DBG_DWM_PHY_SWITCH from=2 to=4 fast=0 us=20782
89318.390 [0] DBG_DWM_WAKE_MESH_CTRL_OK sfd=1033
89318.390 [0] DBG_DIRECT_GW_TX_CONFIG ret=0 now=285678 seq=1
89318.390 [0] DBG_CH9_TX_SEND_AT now=285680 earliest=285677 msg=20 len=281
89318.390 [0] DBG_ANCHOR_CH5_SCAN_HANDLER role=2
89318.390 [0] DBG_ANCHOR_CH5_SCAN_BLOCKED win=0 tx=1 retry_gap=0 flood=0 wait=0 rx=0 rxq=0 rxr=0 ack=0 ch9=0 rf=1 retry=20 interval=380
89318.390 [0] DBG_SCAN_SKIPPED reason=blocked
89318.390 [0] DBG_ANCHOR_CH5_SCAN_RESCHED ret=1 delay=20
89318.390 [0] DBG_CH9_TX_DONE now=285686 dur=6 len=281 msg=20
89318.390 [0] DBG_UWB_TX_CH5
89318.390 [0] DBG_CLICK_TX_DONE now=285686 seq=1
89318.390 [0] DBG_CH9_TX_SINGLE_SEND_OK
89318.390 [0] DBG_CH9_EVENT_STATE state=complete peer=0x0f6d3a3bdac0f858 start=285652 end=285902 reason=queued-click-report
89318.390 [0] DBG_DIRECT_GW_TX_ACK_TRANSIT_WAIT dst=0x9999888877776666 src=0xea35f5b508104aae seq=1
89318.390 [0] DBG_CLICK_ACK_RX_ARM now=285687 slice=60 seq=1
89318.390 [0] DBG_ANCHOR_CH5_SCAN_HANDLER role=2
89318.421 [0] DBG_ANCHOR_CH5_SCAN_BLOCKED win=0 tx=1 retry_gap=0 flood=0 wait=0 rx=0 rxq=0 rxr=0 ack=0 ch9=0 rf=1 retry=20 interval=380
89318.421 [0] DBG_ANCHOR_CH5_SCAN_HANDLER role=2
89318.421 [0] DBG_ANCHOR_CH5_SCAN_BLOCKED win=0 tx=1 retry_gap=0 flood=0 wait=0 rx=0 rxq=0 rxr=0 ack=0 ch9=0 rf=1 retry=20 interval=380
89318.421 [0] DBG_SCAN_SKIPPED reason=blocked
89318.421 [0] DBG_ANCHOR_CH5_SCAN_RESCHED ret=1 delay=20
89318.451 [0] DBG_ANCHOR_CH5_SCAN_HANDLER role=2
89318.451 [0] DBG_ANCHOR_CH5_SCAN_BLOCKED win=0 tx=1 retry_gap=0 flood=0 wait=0 rx=0 rxq=0 rxr=0 ack=0 ch9=0 rf=1 retry=20 interval=380
89318.451 [0] DBG_SCAN_SKIPPED reason=blocked
89318.451 [0] DBG_ANCHOR_CH5_SCAN_RESCHED ret=1 delay=20
89318.478 [0] DBG_ANCHOR_CH5_SCAN_HANDLER role=2
89318.478 [0] DBG_ANCHOR_CH5_SCAN_BLOCKED win=0 tx=1 retry_gap=0 flood=0 wait=0 rx=0 rxq=0 rxr=0 ack=0 ch9=0 rf=1 retry=20 interval=380
89318.478 [0] DBG_SCAN_SKIPPED reason=blocked
89318.478 [0] DBG_ANCHOR_CH5_SCAN_RESCHED ret=1 delay=20
89318.507 [0] DBG_ANCHOR_CH5_SCAN_HANDLER role=2
89318.507 [0] DBG_ANCHOR_CH5_SCAN_BLOCKED win=0 tx=1 retry_gap=0 flood=0 wait=0 rx=0 rxq=0 rxr=0 ack=0 ch9=0 rf=1 retry=20 interval=380
89318.507 [0] DBG_SCAN_SKIPPED reason=blocked
89318.507 [0] DBG_ANCHOR_CH5_SCAN_RESCHED ret=1 delay=20
89318.534 [0] DBG_ANCHOR_CH5_SCAN_HANDLER role=2
89318.534 [0] DBG_ANCHOR_CH5_SCAN_BLOCKED win=0 tx=1 retry_gap=0 flood=0 wait=0 rx=0 rxq=0 rxr=0 ack=0 ch9=0 rf=1 retry=20 interval=380
89318.534 [0] DBG_SCAN_SKIPPED reason=blocked
89318.534 [0] DBG_ANCHOR_CH5_SCAN_RESCHED ret=1 delay=20
89318.563 [0] DBG_ANCHOR_CH5_SCAN_HANDLER role=2
89318.563 [0] DBG_ANCHOR_CH5_SCAN_BLOCKED win=0 tx=1 retry_gap=0 flood=0 wait=0 rx=0 rxq=0 rxr=0 ack=0 ch9=0 rf=1 retry=20 interval=380
89318.563 [0] DBG_SCAN_SKIPPED reason=blocked
89318.563 [0] DBG_ANCHOR_CH5_SCAN_RESCHED ret=1 delay=20
89318.593 [0] DBG_ANCHOR_CH5_SCAN_HANDLER role=2
89318.593 [0] DBG_ANCHOR_CH5_SCAN_BLOCKED win=0 tx=1 retry_gap=0 flood=0 wait=0 rx=0 rxq=0 rxr=0 ack=0 ch9=0 rf=1 retry=20 interval=380
89318.593 [0] DBG_SCAN_SKIPPED reason=blocked
89318.593 [0] DBG_ANCHOR_CH5_SCAN_RESCHED ret=1 delay=20
89318.632 [0] DBG_ANCHOR_CH5_SCAN_HANDLER role=2
89318.632 [0] DBG_ANCHOR_CH5_SCAN_BLOCKED win=0 tx=1 retry_gap=0 flood=0 wait=0 rx=0 rxq=0 rxr=0 ack=0 ch9=0 rf=1 retry=20 interval=380
89318.632 [0] DBG_SCAN_SKIPPED reason=blocked
89318.632 [0] DBG_ANCHOR_CH5_SCAN_RESCHED ret=1 delay=20
89318.632 [0] DBG_DIRECT_GW_TX_ACK_WAIT ret=-116 seq=1
89318.632 [0] DBG_DIRECT_GW_KEEP_CH9_AWAKE q=1 seq=1 ack_ret=-116 release_ret=0
89318.632 [0] DBG_CH9_TX_SINGLE_RETRYABLE ret=-11 seq=1
89318.632 [0] DBG_DIRECT_GW_ACK_DEFER_CORE seq=1 ret=-11 state=1 deadline=287686 reason=queued-click-report
89318.632 [0] DBG_UWB_RX_COORD_DEFER state=mesh-tx reason=mesh-tx route=0 q=0
89318.632 [0] DBG_TX_TIMEOUT_ENTER relay=1 route=0 ch9pend=0 bundle=0 now=285940
89318.671 [0] DBG_ANCHOR_CH5_SCAN_HANDLER role=2
89318.671 [0] DBG_DWM_CH5_RX_HUNT_START acq=25 complete=15 cap=1020
89318.671 [0] DBG_DWM_CH5_RX_HUNT_EMPTY s=285948 e=285973 ret=-116 sys=00000000 phy=4 cfg=1 aw=1 unk=0
89318.671 [0] DBG_ANCHOR_CH5_SCAN_RESCHED ret=2 delay=0
89318.671 [0] DBG_ANCHOR_CH5_SCAN_HANDLER role=2
89318.671 [0] DBG_DWM_CH5_RX_HUNT_START acq=3 complete=15 cap=1020
89318.671 [0] DBG_DWM_CH5_RX_HUNT_EMPTY s=285975 e=285978 ret=-116 sys=00000000 phy=4 cfg=1 aw=1 unk=0
89318.671 [0] DBG_ANCHOR_CH5_SCAN_RESCHED ret=1 delay=380
89318.716 [0] DBG_UWB_RX_COORD_DEFER state=mesh-tx reason=mesh-tx route=0 q=0
89318.751 [0] DBG_UWB_RX_COORD_DEFER state=mesh-tx reason=mesh-tx route=0 q=0
89318.785 [0] DBG_TX_TIMEOUT_ENTER relay=1 route=0 ch9pend=0 bundle=0 now=286070
89318.785 [0] DBG_RETRANSMIT_DIRECT_GW seq=1 now=286072
89318.785 [0] DBG_C5_CONTACT phase=open state=1 peer=0x0f6d3a3bdac0f858 purpose=uplink reason=retransmit-uplink-wake
89318.785 [0] DBG_WAKE_TRAIN_GUARD_OK
89318.785 [0] DBG_DWM_INVALIDATE tag=configure_radio_from_reset active_phy=4 configured=1 awake=1
89318.785 [0] DBG_DWM_MARK_UNCONFIGURED tag=initialise_radio prev_phy=0
89318.785 [0] DBG_DWM_PHY_SWITCH from=4 to=2 fast=0 us=20813
89318.785 [0] DBG_MESH_WAKE_POLITE_ACTIVITY phase=pre target=0xf6d3a3bdac0f858 retry=0 ret=0 fail=3 reason=retransmit-uplink-wake
89318.785 [0] DBG_WAKE_TRAIN_TIMING evt=286072 start=0 first=0 last=0 end=286096 sent=0 ret=-11
89318.785 [0] DBG_C5_CONTACT phase=closing state=4 peer=0x0f6d3a3bdac0f858 purpose=uplink reason=wake-train-fail
89318.785 [0] DBG_MESH_WAKE_POLITE_BACKOFF phase=pre target=0xf6d3a3bdac0f858 retry=1/3 delay=380 reason=retransmit-uplink-wake
89319.078 [0] DBG_ANCHOR_CH5_SCAN_HANDLER role=2
89319.078 [0] DBG_DWM_CH5_RX_HUNT_START acq=10 complete=1000 cap=1020
89319.078 [0] DBG_DWM_CH5_RX_ACTIVITY_EXTEND ret=0 status=0x00000100 complete=1000
89319.078 [0] DBG_DWM_CH5_RX_ACTIVITY_WAIT status=0x00000100 remain=1000
89319.078 [0] DBG_DWM_CH5_RX_ACTIVITY_DONE raw=51 payload=49 status=0x00006f00 rearm=0 extended=1
89319.078 [0] DBG_ANCHOR_CH5_SCAN_DONE ret=0 len=49 fail=0 pre=1 q=100 rx_us=12176 complete=1000
89319.078 [0] DBG_UWB_RX_CH5
89319.078 [0] DBG_ANCHOR_CH5_FRAME len=49 q=100 wake_ret=0
89319.078 [0] DBG_ANCHOR_ROUTE_WAKE_DISPATCH src=0x9699122bd60a64e3 evt=286858 attempt=1 flags=0x92 len=49 q=100
89319.078 [0] DBG_C5_CONTACT phase=open state=2 peer=0x9699122bd60a64e3 purpose=route_solicit reason=wake-claim
89319.078 [0] DBG_C5_CONTACT phase=accepted state=2 peer=0x9699122bd60a64e3 purpose=route_solicit reason=wake-claim
89319.078 [0] DBG_ROUTE_ACTIVATION_LISTEN valid=0 now=286381 start=0 relay=0 listen=1364
89319.078 [0] DBG_ANCHOR_ROUTE_WAKE_HANDOFF src=0x9699122bd60a64e3 evt=286858 attempt=1 flags=0x92 embedded=0 hop=0 listen=1364
89319.078 [0] DBG_ROUTE_REPLY_LISTEN_START
89319.122 [0] DBG_DWM_MARK_UNCONFIGURED tag=initialise_radio prev_phy=0
89319.122 [0] DBG_DWM_PHY_SWITCH from=2 to=4 fast=0 us=20843
89319.122 [0] DBG_DWM_WAKE_MESH_CTRL_OK sfd=1033
89319.122 [0] DBG_ROUTE_REPLY_LISTEN_CONFIG ret=0 ext=1
89319.122 [0] DBG_DWM_INVALIDATE tag=configure_radio_from_reset active_phy=4 configured=1 awake=1
89319.122 [0] DBG_DWM_MARK_UNCONFIGURED tag=initialise_radio prev_phy=0
89319.165 [0] DBG_DWM_PHY_SWITCH from=4 to=2 fast=0 us=20843
89319.165 [0] DBG_DWM_CH5_RX_HUNT_START acq=61 complete=1000 cap=1020
89319.165 [0] DBG_DWM_CH5_RX_ACTIVITY_EXTEND ret=0 status=0x00000100 complete=1000
89319.165 [0] DBG_DWM_CH5_RX_ACTIVITY_WAIT status=0x00000100 remain=1000
89319.165 [0] DBG_DWM_CH5_RX_ACTIVITY_DONE raw=51 payload=49 status=0x00006f00 rearm=0 extended=1
89319.165 [0] DBG_DWM_INVALIDATE tag=configure_radio_from_reset active_phy=2 configured=1 awake=1
89319.165 [0] DBG_DWM_MARK_UNCONFIGURED tag=initialise_radio prev_phy=0
89319.165 [0] DBG_DWM_PHY_SWITCH from=2 to=4 fast=0 us=20935
89319.165 [0] DBG_DWM_WAKE_MESH_CTRL_OK sfd=1033
89319.165 [0] DBG_ROUTE_REPLY_CLICK_PROBE_DONE duration_ms=50 outcome=restore ret=0
89319.165 [0] DBG_C5_RX_FAIL status=0x04000100 finfo=0x00000000 fail=2 phy=4 ch=5 plen=2 pac=0 txc=9 rxc=9 sfd=2 rate=0 phr=1 phrr=0 sfdto=1
89319.165 [0] DBG_DWM_INVALIDATE tag=configure_radio_from_reset active_phy=4 configured=1 awake=1
89319.165 [0] DBG_C5_CONTACT phase=closing state=4 peer=0x9699122bd60a64e3 purpose=route_solicit reason=replace
89319.165 [0] DBG_C5_CONTACT phase=open state=1 peer=0x0f6d3a3bdac0f858 purpose=uplink reason=retransmit-uplink-wake
89319.206 [0] DBG_DWM_MARK_UNCONFIGURED tag=initialise_radio prev_phy=0
89319.206 [0] DBG_DWM_PHY_SWITCH from=4 to=2 fast=0 us=20874
89319.206 [0] DBG_DWM_CH5_RX_HUNT_START acq=61 complete=1000 cap=1020
89319.206 [0] DBG_DWM_CH5_RX_ACTIVITY_EXTEND ret=0 status=0x00000100 complete=1000
89319.206 [0] DBG_DWM_CH5_RX_ACTIVITY_WAIT status=0x00000100 remain=1000
89319.206 [0] DBG_DWM_CH5_RX_ACTIVITY_DONE raw=51 payload=49 status=0x00006f00 rearm=0 extended=1
89319.206 [0] DBG_DWM_INVALIDATE tag=configure_radio_from_reset active_phy=2 configured=1 awake=1
89319.206 [0] DBG_DWM_MARK_UNCONFIGURED tag=initialise_radio prev_phy=0
89319.249 [0] DBG_DWM_PHY_SWITCH from=2 to=4 fast=0 us=20904
89319.249 [0] DBG_DWM_WAKE_MESH_CTRL_OK sfd=1033
89319.249 [0] DBG_ROUTE_REPLY_CLICK_PROBE_DONE duration_ms=50 outcome=restore ret=0
89319.249 [0] DBG_DWM_INVALIDATE tag=configure_radio_from_reset active_phy=4 configured=1 awake=1
89319.249 [0] DBG_UWB_RX_COORD_DEFER state=mesh-tx reason=mesh-tx route=0 q=0
89319.249 [0] DBG_TX_TIMEOUT_ENTER relay=1 route=0 ch9pend=0 bundle=0 now=286533
89319.249 [0] DBG_RETRANSMIT_DIRECT_GW seq=1 now=286534
89319.249 [0] DBG_C5_CONTACT phase=open state=1 peer=0x0f6d3a3bdac0f858 purpose=uplink reason=retransmit-uplink-wake
89319.249 [0] DBG_WAKE_TRAIN_GUARD_FAIL
89319.249 [0] DBG_C5_CONTACT phase=closing state=4 peer=0x0f6d3a3bdac0f858 purpose=uplink reason=wake-train-guard-fail
89319.249 [0] DBG_UPLINK_WAKE next=0xf6d3a3bdac0f858 ret=-16 seq=1 phase=retransmit
89319.249 [0] DBG_RETRANSMIT_DEFER reason=send-failed ret=0 send=-16 delay=91 seq=1 state=2
89319.249 [0] DBG_UWB_RX_COORD_DEFER state=mesh-tx reason=mesh-tx route=0 q=0
89319.249 [0] DBG_DWM_MARK_UNCONFIGURED tag=initialise_radio prev_phy=0
89319.249 [0] DBG_DWM_PHY_SWITCH from=4 to=2 fast=0 us=21118
89319.249 [0] DBG_DWM_CH5_RX_HUNT_START acq=61 complete=1000 cap=1020
89319.255 [1] [00:04:45.558,807] <wrn> app_anchor: anchor false UWB wake cooldown: wake_decode_ret=-8 reason=frame_timeout frame_len=46 quality=100 cooldown_ms=100 crc_failures=0 frame_timeouts=4
89319.255 [1] [00:04:46.471,405] <wrn> app_mesh_report: mesh route reply RX failed: target=0x9699122bd60a64e3 ret=-5 rx_failure=2 reason=anchor-route-wake-followup
89319.255 [1] [00:04:46.477,60
89319.294 [0] DBG_DWM_PHY_SWITCH from=2 to=4 fast=0 us=21057
89319.294 [0] DBG_DWM_WAKE_MESH_CTRL_OK sfd=1033
89319.294 [0] DBG_ROUTE_REPLY_CLICK_PROBE_DONE duration_ms=46 outcome=restore ret=0
89319.294 [0] DBG_UWB_RX_COORD_DEFER state=mesh-tx reason=mesh-tx route=0 q=0
89319.294 [0] DBG_DWM_INVALIDATE tag=configure_radio_from_reset active_phy=4 configured=1 awake=1
89319.294 [0] DBG_DWM_MARK_UNCONFIGURED tag=initialise_radio prev_phy=0
89319.294 [0] DBG_DWM_PHY_SWITCH from=4 to=2 fast=0 us=21026
89319.294 [0] DBG_DWM_CH5_RX_HUNT_START acq=61 complete=1000 cap=1020
89319.339 [0] DBG_TX_TIMEOUT_ENTER relay=1 route=0 ch9pend=0 bundle=0 now=286626
89319.339 [0] DBG_RETRANSMIT_DIRECT_GW seq=1 now=286628
89319.339 [0] DBG_C5_CONTACT phase=open state=1 peer=0x0f6d3a3bdac0f858 purpose=uplink reason=retransmit-uplink-wake
89319.339 [0] DBG_WAKE_TRAIN_GUARD_FAIL
89319.339 [0] DBG_C5_CONTACT phase=closing state=4 peer=0x0f6d3a3bdac0f858 purpose=uplink reason=wake-train-guard-fail
89319.339 [0] DBG_UPLINK_WAKE next=0xf6d3a3bdac0f858 ret=-16 seq=1 phase=retransmit
89319.339 [0] DBG_RETRANSMIT_DEFER reason=send-failed ret=0 send=-16 delay=194 seq=1 state=2
89319.339 [0] DBG_UWB_RX_COORD_DEFER state=mesh-tx reason=mesh-tx route=0 q=0
89319.346 [1] [00:04:46.535,339] <err> app_radio_guard: blocked UWB operation: mesh route WAKE_CLAIM train owner=mesh route reply RX client=2 age_ms=154
89319.346 [1] [00:04:46.535,369] <wrn> app_mesh_report: mesh route UWB WAKE_CLAIM guard failed: target=0x0f6d3a3bdac0f858 ret=-16
89319.346 [1] [00:04:46.574,035] <wrn> app_mesh_report: mesh route reply RX failed: target=0x9699122bd6
89319.378 [0] DBG_DWM_CH5_RX_HUNT_EMPTY s=286611 e=286672 ret=-116 sys=00000000 phy=2 cfg=1 aw=1 unk=0
89319.378 [0] DBG_DWM_INVALIDATE tag=configure_radio_from_reset active_phy=2 configured=1 awake=1
89319.378 [0] DBG_UWB_RX_COORD_DEFER state=mesh-tx reason=mesh-tx route=0 q=0
89319.378 [0] DBG_DWM_MARK_UNCONFIGURED tag=initialise_radio prev_phy=0
89319.378 [0] DBG_DWM_PHY_SWITCH from=2 to=4 fast=0 us=20965
89319.378 [0] DBG_DWM_WAKE_MESH_CTRL_OK sfd=1033
89319.378 [0] DBG_ROUTE_REPLY_CLICK_PROBE_DONE duration_ms=104 outcome=restore ret=0
89319.413 [0] DBG_ROUTE_REPLY_RX_FRAME
89319.413 [0] DBG_ROUTE_REPLY_DECODE_FAIL ret=-8 len=281 q=100
89319.413 [0] DBG_UWB_RX_COORD_DEFER state=mesh-tx reason=mesh-tx route=0 q=0
89319.452 [0] DBG_ROUTE_REPLY_RX_FRAME
89319.452 [0] DBG_ROUTE_REPLY_DECODE_FAIL ret=-8 len=111 q=100
89319.492 [0] DBG_ROUTE_REPLY_RX_FRAME
89319.492 [0] DBG_ROUTE_REPLY_DECODE_FAIL ret=-8 len=281 q=100
89319.492 [0] DBG_UWB_RX_COORD_DEFER state=mesh-tx reason=mesh-tx route=0 q=0
89319.492 [0] DBG_DWM_RF_SCOPE_DROP local=2 remote=0 remote_clicker=0
89319.533 [0] DBG_TX_TIMEOUT_ENTER relay=1 route=0 ch9pend=0 bundle=0 now=286823
89319.533 [0] DBG_RETRANSMIT_DIRECT_GW seq=1 now=286825
89319.533 [0] DBG_C5_CONTACT phase=open state=1 peer=0x0f6d3a3bdac0f858 purpose=uplink reason=retransmit-uplink-wake
89319.533 [0] DBG_WAKE_TRAIN_GUARD_FAIL
89319.533 [0] DBG_C5_CONTACT phase=closing state=4 peer=0x0f6d3a3bdac0f858 purpose=uplink reason=wake-train-guard-fail
89319.533 [0] DBG_UPLINK_WAKE next=0xf6d3a3bdac0f858 ret=-16 seq=1 phase=retransmit
89319.533 [0] DBG_RETRANSMIT_DEFER reason=send-failed ret=0 send=-16 delay=582 seq=1 state=2
89319.533 [0] DBG_UWB_RX_COORD_DEFER state=mesh-tx reason=mesh-tx route=0 q=0
89319.565 [0] DBG_UWB_RX_COORD_DEFER state=mesh-tx reason=mesh-tx route=0 q=0
89319.618 [0] DBG_UWB_RX_COORD_DEFER state=mesh-tx reason=mesh-tx route=0 q=0
89319.667 [0] DBG_UWB_RX_COORD_DEFER state=mesh-tx reason=mesh-tx route=0 q=0
89319.717 [0] DBG_UWB_RX_COORD_DEFER state=mesh-tx reason=mesh-tx route=0 q=0
89319.771 [0] DBG_UWB_RX_COORD_DEFER state=mesh-tx reason=mesh-tx route=0 q=0
89319.835 [0] DBG_UWB_RX_COORD_DEFER state=mesh-tx reason=mesh-tx route=0 q=0
89319.871 [0] DBG_UWB_RX_COORD_DEFER state=mesh-tx reason=mesh-tx route=0 q=0
89319.931 [0] DBG_UWB_RX_COORD_DEFER state=mesh-tx reason=mesh-tx route=0 q=0
89319.980 [0] DBG_UWB_RX_COORD_DEFER state=mesh-tx reason=mesh-tx route=0 q=0
89320.029 [0] DBG_UWB_RX_COORD_DEFER state=mesh-tx reason=mesh-tx route=0 q=0
89320.078 [0] DBG_UWB_RX_COORD_DEFER state=mesh-tx reason=mesh-tx route=0 q=0
89320.108 [0] DBG_TX_TIMEOUT_ENTER relay=1 route=0 ch9pend=0 bundle=0 now=287408
89320.108 [0] DBG_RETRANSMIT_DIRECT_GW seq=1 now=287410
89320.108 [0] DBG_C5_CONTACT phase=open state=1 peer=0x0f6d3a3bdac0f858 purpose=uplink reason=retransmit-uplink-wake
89320.108 [0] DBG_WAKE_TRAIN_GUARD_FAIL
89320.108 [0] DBG_C5_CONTACT phase=closing state=4 peer=0x0f6d3a3bdac0f858 purpose=uplink reason=wake-train-guard-fail
89320.108 [0] DBG_UPLINK_WAKE next=0xf6d3a3bdac0f858 ret=-16 seq=1 phase=retransmit
89320.108 [0] DBG_RETRANSMIT_DEFER reason=send-failed ret=0 send=-16 delay=279 seq=1 state=2
89320.108 [0] DBG_UWB_RX_COORD_DEFER state=mesh-tx reason=mesh-tx route=0 q=0
89320.166 [0] DBG_UWB_RX_COORD_DEFER state=mesh-tx reason=mesh-tx route=0 q=0
89320.194 [0] DBG_UWB_RX_COORD_DEFER state=mesh-tx reason=mesh-tx route=0 q=0
89320.249 [0] DBG_UWB_RX_COORD_DEFER state=mesh-tx reason=mesh-tx route=0 q=0
89320.298 [0] DBG_UWB_RX_COORD_DEFER state=mesh-tx reason=mesh-tx route=0 q=0
89320.347 [0] DBG_UWB_RX_COORD_DEFER state=mesh-tx reason=mesh-tx route=0 q=0
89320.376 [0] DBG_TX_TIMEOUT_ENTER relay=1 route=0 ch9pend=0 bundle=0 now=287689
89320.376 [0] DBG_RETRANSMIT_DIRECT_GW seq=1 now=287690
89320.376 [0] DBG_C5_CONTACT phase=open state=1 peer=0x0f6d3a3bdac0f858 purpose=uplink reason=retransmit-uplink-wake
89320.376 [0] DBG_WAKE_TRAIN_GUARD_FAIL
89320.376 [0] DBG_C5_CONTACT phase=closing state=4 peer=0x0f6d3a3bdac0f858 purpose=uplink reason=wake-train-guard-fail
89320.376 [0] DBG_UPLINK_WAKE next=0xf6d3a3bdac0f858 ret=-16 seq=1 phase=retransmit
89320.376 [0] DBG_RETRANSMIT_DEFER reason=send-failed ret=0 send=-16 delay=222 seq=1 state=2
89320.376 [0] DBG_UWB_RX_COORD_DEFER state=mesh-tx reason=mesh-tx route=0 q=0
89320.377 [1] [00:04:46.693,786] <wrn> app_mesh_report:
89320.405 [1]  mesh route reply RX failed: target=0x9699122bd60a64e3 ret=-5 rx_failure=2 reason=anchor-route-wake-followup
89320.405 [1] [00:04:46.825,897] <err> app_radio_guard: blocked UWB operation: mesh route WAKE_CLAIM train owner=mesh route reply RX client=2 age_ms=444
89320.405 [1] [00:04:46.825,927] <wrn> app_mesh_report: mesh route UWB 
89320.430 [0] DBG_UWB_RX_COORD_DEFER state=mesh-tx reason=mesh-tx route=0 q=0
89320.434 [1] WAKE_CLAIM guard failed: target=0x0f6d3a3bdac0f8te WAKE_CLAIM train owner=mesh route reply RX client=2 age_ms=10
89320.461 [0] DBG_ROUTE_REPLY_EMPTY status=00000000 phy=4 phr=1 starts=1755 done=524 timeouts=1191 crc=6 errors=23 scope=31 spi=0
89320.461 [0] DBG_ROUTE_REPLY_LISTEN_DONE captured=0 ret=-116
89320.461 [0] DBG_ANCHOR_ROUTE_WAKE_HANDOFF_DONE src=0x9699122bd60a64e3 embedded=0 ret=-116 pending=0
89320.461 [0] DBG_ANCHOR_ROUTE_WAKE_DISPATCH_DONE handled=1 len=49 q=100
89320.461 [0] DBG_ANCHOR_CH5_SCAN_RESCHED ret=1 delay=380
89320.461 [0] DBG_UWB_RX_COORD_DEFER state=mesh-tx reason=mesh-tx route=0 q=0
89320.467 [1] 29
89320.467 [1] [00:04:47.410,675] <wrn> app_mesh_report: mesh route UWB WAKE_CLAIM guard failed: target=0x0f6d3a3bdac0f858 ret=-16
89320.467 [1] [00:04:47.691,375] <err> app_radio_guard: blocked UWB operation: mesh route WAKE_CLAIM train owner=mesh route reply RX client=2 age_ms=1310
89320.467 [1] [00:04:47.691,406] <wrn> app_mesh_report: mesh route UWB WAKE_CLAIM guard
89320.516 [0] DBG_UWB_RX_COORD_DEFER state=mesh-tx reason=mesh-tx route=0 q=0
89320.569 [0] DBG_UWB_RX_COORD_DEFER state=mesh-tx reason=mesh-tx route=0 q=0
89320.622 [0] DBG_TX_TIMEOUT_ENTER relay=1 route=0 ch9pend=0 bundle=0 now=287913
89320.622 [0] DBG_RETRANSMIT_DIRECT_GW seq=1 now=287915
89320.622 [0] DBG_C5_CONTACT phase=open state=1 peer=0x0f6d3a3bdac0f858 purpose=uplink reason=retransmit-uplink-wake
89320.622 [0] DBG_WAKE_TRAIN_GUARD_OK
89320.622 [0] DBG_DWM_INVALIDATE tag=configure_radio_from_reset active_phy=4 configured=1 awake=1
89320.622 [0] DBG_DWM_MARK_UNCONFIGURED tag=initialise_radio prev_phy=0
89320.654 [0] DBG_DWM_PHY_SWITCH from=4 to=2 fast=0 us=20904
89320.654 [0] DBG_STACK_RUN_BEGIN epoch=16284486061926904368 run=196 kind=cir_handling owner=anchor_uwb_scan queue=1 custody=1 credit=0 retry=0 drain=0 src=16876665336513972910 dst=11068027678940948070 session=817145937 seq=1 type=32 sequence=0 previous=0 uptime=287956
89320.654 [0] DBG_WAKE_TRAIN_CONFIG_BEGIN
89320.654 [0] DBG_WAKE_TRAIN_CONFIG_OK
89320.654 [0] DBG_WAKE_TRAIN_FIRST_SEND_BEGIN
89320.682 [0] DBG_WAKE_TRAIN_FIRST_SEND_OK
89320.682 [0] DBG_UWB_TX_CH5
89320.682 [0] DBG_TX_WAKE_CLAIM_SENT
89320.682 [0] DBG_UWB_TX_CH5
89320.682 [0] DBG_TX_WAKE_CLAIM_SENT
89320.682 [0] DBG_UWB_TX_CH5
89320.682 [0] DBG_TX_WAKE_CLAIM_SENT
89320.682 [0] DBG_UWB_TX_CH5
89320.682 [0] DBG_TX_WAKE_CLAIM_SENT
89320.682 [0] DBG_DWM_CH5_RX_HUNT_START acq=10 complete=1000 cap=124
89320.710 [0] DBG_DWM_CH5_RX_HUNT_EMPTY s=287997 e=288007 ret=-116 sys=00000000 phy=2 cfg=1 aw=1 unk=0
89320.710 [0] DBG_UWB_TX_CH5
89320.710 [0] DBG_TX_WAKE_CLAIM_SENT
89320.710 [0] DBG_UWB_TX_CH5
89320.710 [0] DBG_TX_WAKE_CLAIM_SENT
89320.710 [0] DBG_DWM_CH5_RX_HUNT_START acq=10 complete=1000 cap=124
89320.737 [0] DBG_DWM_CH5_RX_HUNT_EMPTY s=288021 e=288031 ret=-116 sys=00000000 phy=2 cfg=1 aw=1 unk=0
89320.737 [0] DBG_UWB_TX_CH5
89320.737 [0] DBG_TX_WAKE_CLAIM_SENT
89320.737 [0] DBG_UWB_TX_CH5
89320.737 [0] DBG_TX_WAKE_CLAIM_SENT
89320.737 [0] DBG_DWM_CH5_RX_HUNT_START acq=10 complete=1000 cap=124
89320.764 [0] DBG_DWM_CH5_RX_HUNT_EMPTY s=288045 e=288055 ret=-116 sys=00000000 phy=2 cfg=1 aw=1 unk=0
89320.764 [0] DBG_UWB_TX_CH5
89320.764 [0] DBG_TX_WAKE_CLAIM_SENT
89320.764 [0] DBG_UWB_TX_CH5
89320.764 [0] DBG_TX_WAKE_CLAIM_SENT
89320.764 [0] DBG_DWM_CH5_RX_HUNT_START acq=10 complete=1000 cap=124
89320.764 [0] DBG_DWM_CH5_RX_HUNT_EMPTY s=288069 e=288079 ret=-116 sys=00000000 phy=2 cfg=1 aw=1 unk=0
89320.789 [0] DBG_UWB_TX_CH5
89320.789 [0] DBG_TX_WAKE_CLAIM_SENT
89320.789 [0] DBG_UWB_TX_CH5
89320.789 [0] DBG_TX_WAKE_CLAIM_SENT
89320.789 [0] DBG_DWM_CH5_RX_HUNT_START acq=10 complete=1000 cap=124
89320.789 [0] DBG_DWM_CH5_RX_HUNT_EMPTY s=288093 e=288103 ret=-116 sys=00000000 phy=2 cfg=1 aw=1 unk=0
89320.816 [0] DBG_UWB_TX_CH5
89320.816 [0] DBG_TX_WAKE_CLAIM_SENT
89320.816 [0] DBG_UWB_TX_CH5
89320.816 [0] DBG_TX_WAKE_CLAIM_SENT
89320.816 [0] DBG_DWM_CH5_RX_HUNT_START acq=10 complete=1000 cap=124
89320.816 [0] DBG_DWM_CH5_RX_HUNT_EMPTY s=288116 e=288126 ret=-116 sys=00000000 phy=2 cfg=1 aw=1 unk=0
89320.816 [0] DBG_UWB_TX_CH5
89320.816 [0] DBG_TX_WAKE_CLAIM_SENT
89320.844 [0] DBG_UWB_TX_CH5
89320.844 [0] DBG_TX_WAKE_CLAIM_SENT
89320.844 [0] DBG_DWM_CH5_RX_HUNT_START acq=10 complete=1000 cap=124
89320.844 [0] DBG_DWM_CH5_RX_HUNT_EMPTY s=288140 e=288150 ret=-116 sys=00000000 phy=2 cfg=1 aw=1 unk=0
89320.844 [0] DBG_ANCHOR_CH5_SCAN_HANDLER role=2
89320.844 [0] DBG_UWB_TX_CH5
89320.844 [0] DBG_TX_WAKE_CLAIM_SENT
89320.844 [0] DBG_ANCHOR_CH5_SCAN_BLOCKED win=0 tx=1 retry_gap=0 flood=0 wait=0 rx=0 rxq=0 rxr=0 ack=0 ch9=0 rf=1 retry=20 interval=380
89320.844 [0] DBG_SCAN_SKIPPED reason=blocked
89320.844 [0] DBG_ANCHOR_CH5_SCAN_RESCHED ret=1 delay=20
89320.873 [0] DBG_UWB_TX_CH5
89320.873 [0] DBG_TX_WAKE_CLAIM_SENT
89320.873 [0] DBG_DWM_CH5_RX_HUNT_START acq=10 complete=1000 cap=124
89320.873 [0] DBG_DWM_CH5_RX_HUNT_EMPTY s=288164 e=288174 ret=-116 sys=00000000 phy=2 cfg=1 aw=1 unk=0
89320.873 [0] DBG_ANCHOR_CH5_SCAN_HANDLER role=2
89320.873 [0] DBG_UWB_TX_CH5
89320.873 [0] DBG_TX_WAKE_CLAIM_SENT
89320.873 [0] DBG_ANCHOR_CH5_SCAN_BLOCKED win=0 tx=1 retry_gap=0 flood=0 wait=0 rx=0 rxq=0 rxr=0 ack=0 ch9=0 rf=1 retry=20 interval=380
89320.873 [0] DBG_SCAN_SKIPPED reason=blocked
89320.873 [0] DBG_ANCHOR_CH5_SCAN_RESCHED ret=1 delay=20
89320.873 [0] DBG_UWB_TX_CH5
89320.873 [0] DBG_TX_WAKE_CLAIM_SENT
89320.873 [0] DBG_DWM_CH5_RX_HUNT_START acq=10 complete=1000 cap=124
89320.902 [0] DBG_DWM_CH5_RX_HUNT_EMPTY s=288188 e=288198 ret=-116 sys=00000000 phy=2 cfg=1 aw=1 unk=0
89320.902 [0] DBG_ANCHOR_CH5_SCAN_HANDLER role=2
89320.902 [0] DBG_UWB_TX_CH5
89320.902 [0] DBG_TX_WAKE_CLAIM_SENT
89320.902 [0] DBG_ANCHOR_CH5_SCAN_BLOCKED win=0 tx=1 retry_gap=0 flood=0 wait=0 rx=0 rxq=0 rxr=0 ack=0 ch9=0 rf=1 retry=20 interval=380
89320.902 [0] DBG_SCAN_SKIPPED reason=blocked
89320.902 [0] DBG_ANCHOR_CH5_SCAN_RESCHED ret=1 delay=20
89320.902 [0] DBG_UWB_TX_CH5
89320.902 [0] DBG_TX_WAKE_CLAIM_SENT
89320.902 [0] DBG_DWM_CH5_RX_HUNT_START acq=10 complete=1000 cap=124
89320.930 [0] DBG_DWM_CH5_RX_HUNT_EMPTY s=288212 e=288222 ret=-116 sys=00000000 phy=2 cfg=1 aw=1 unk=0
89320.930 [0] DBG_ANCHOR_CH5_SCAN_HANDLER role=2
89320.930 [0] DBG_UWB_TX_CH5
89320.930 [0] DBG_TX_WAKE_CLAIM_SENT
89320.930 [0] DBG_ANCHOR_CH5_SCAN_BLOCKED win=0 tx=1 retry_gap=0 flood=0 wait=0 rx=0 rxq=0 rxr=0 ack=0 ch9=0 rf=1 retry=20 interval=380
89320.930 [0] DBG_SCAN_SKIPPED reason=blocked
89320.930 [0] DBG_ANCHOR_CH5_SCAN_RESCHED ret=1 delay=20
89320.930 [0] DBG_UWB_TX_CH5
89320.930 [0] DBG_TX_WAKE_CLAIM_SENT
89320.930 [0] DBG_DWM_CH5_RX_HUNT_START acq=10 complete=1000 cap=124
89320.930 [0] DBG_DWM_CH5_RX_HUNT_EMPTY s=288236 e=288246 ret=-116 sys=00000000 phy=2 cfg=1 aw=1 unk=0
89320.967 [0] DBG_ANCHOR_CH5_SCAN_HANDLER role=2
89320.967 [0] DBG_UWB_TX_CH5
89320.967 [0] DBG_TX_WAKE_CLAIM_SENT
89320.967 [0] DBG_ANCHOR_CH5_SCAN_BLOCKED win=0 tx=1 retry_gap=0 flood=0 wait=0 rx=0 rxq=0 rxr=0 ack=0 ch9=0 rf=1 retry=20 interval=380
89320.967 [0] DBG_SCAN_SKIPPED reason=blocked
89320.967 [0] DBG_ANCHOR_CH5_SCAN_RESCHED ret=1 delay=20
89320.967 [0] DBG_UWB_TX_CH5
89320.967 [0] DBG_TX_WAKE_CLAIM_SENT
89320.967 [0] DBG_DWM_CH5_RX_HUNT_START acq=10 complete=1000 cap=124
89320.967 [0] DBG_DWM_CH5_RX_HUNT_EMPTY s=288260 e=288270 ret=-116 sys=00000000 phy=2 cfg=1 aw=1 unk=0
89320.967 [0] DBG_ANCHOR_CH5_SCAN_HANDLER role=2
89320.967 [0] DBG_UWB_TX_CH5
89320.967 [0] DBG_TX_WAKE_CLAIM_SENT
89320.967 [0] DBG_ANCHOR_CH5_SCAN_BLOCKED win=0 tx=1 retry_gap=0 flood=0 wait=0 rx=0 rxq=0 rxr=0 ack=0 ch9=0 rf=1 retry=20 interval=380
89320.967 [0] DBG_SCAN_SKIPPED reason=blocked
89320.967 [0] DBG_ANCHOR_CH5_SCAN_RESCHED ret=1 delay=20
89321.000 [0] DBG_UWB_TX_CH5
89321.000 [0] DBG_TX_WAKE_CLAIM_SENT
89321.000 [0] DBG_DWM_CH5_RX_HUNT_START acq=10 complete=1000 cap=124
89321.000 [0] DBG_DWM_CH5_RX_HUNT_EMPTY s=288284 e=288294 ret=-116 sys=00000000 phy=2 cfg=1 aw=1 unk=0
89321.000 [0] DBG_ANCHOR_CH5_SCAN_HANDLER role=2
89321.000 [0] DBG_UWB_TX_CH5
89321.000 [0] DBG_TX_WAKE_CLAIM_SENT
89321.000 [0] DBG_ANCHOR_CH5_SCAN_BLOCKED win=0 tx=1 retry_gap=0 flood=0 wait=0 rx=0 rxq=0 rxr=0 ack=0 ch9=0 rf=1 retry=20 interval=380
89321.000 [0] DBG_SCAN_SKIPPED reason=blocked
89321.000 [0] DBG_ANCHOR_CH5_SCAN_RESCHED ret=1 delay=20
89321.000 [0] DBG_UWB_TX_CH5
89321.000 [0] DBG_TX_WAKE_CLAIM_SENT
89321.000 [0] DBG_DWM_CH5_RX_HUNT_START acq=10 complete=1000 cap=124
89321.033 [0] DBG_DWM_CH5_RX_HUNT_EMPTY s=288308 e=288318 ret=-116 sys=00000000 phy=2 cfg=1 aw=1 unk=0
89321.033 [0] DBG_ANCHOR_CH5_SCAN_HANDLER role=2
89321.033 [0] DBG_UWB_TX_CH5
89321.033 [0] DBG_TX_WAKE_CLAIM_SENT
89321.033 [0] DBG_ANCHOR_CH5_SCAN_BLOCKED win=0 tx=1 retry_gap=0 flood=0 wait=0 rx=0 rxq=0 rxr=0 ack=0 ch9=0 rf=1 retry=20 interval=380
89321.033 [0] DBG_SCAN_SKIPPED reason=blocked
89321.033 [0] DBG_ANCHOR_CH5_SCAN_RESCHED ret=1 delay=20
89321.033 [0] DBG_UWB_TX_CH5
89321.033 [0] DBG_TX_WAKE_CLAIM_SENT
89321.033 [0] DBG_DWM_CH5_RX_HUNT_START acq=10 complete=1000 cap=124
89321.033 [0] DBG_DWM_CH5_RX_HUNT_EMPTY s=288332 e=288342 ret=-116 sys=00000000 phy=2 cfg=1 aw=1 unk=0
89321.033 [0] DBG_ANCHOR_CH5_SCAN_HANDLER role=2
89321.073 [0] DBG_UWB_TX_CH5
89321.073 [0] DBG_TX_WAKE_CLAIM_SENT
89321.073 [0] DBG_ANCHOR_CH5_SCAN_BLOCKED win=0 tx=1 retry_gap=0 flood=0 wait=0 rx=0 rxq=0 rxr=0 ack=0 ch9=0 rf=1 retry=20 interval=380
89321.073 [0] DBG_SCAN_SKIPPED reason=blocked
89321.073 [0] DBG_ANCHOR_CH5_SCAN_RESCHED ret=1 delay=20
89321.073 [0] DBG_UWB_TX_CH5
89321.073 [0] DBG_TX_WAKE_CLAIM_SENT
89321.073 [0] DBG_DWM_CH5_RX_HUNT_START acq=10 complete=1000 cap=124
89321.073 [0] DBG_DWM_CH5_RX_HUNT_EMPTY s=288356 e=288366 ret=-116 sys=00000000 phy=2 cfg=1 aw=1 unk=0
89321.073 [0] DBG_ANCHOR_CH5_SCAN_HANDLER role=2
89321.073 [0] DBG_UWB_TX_CH5
89321.073 [0] DBG_TX_WAKE_CLAIM_SENT
89321.073 [0] DBG_ANCHOR_CH5_SCAN_BLOCKED win=0 tx=1 retry_gap=0 flood=0 wait=0 rx=0 rxq=0 rxr=0 ack=0 ch9=0 rf=1 retry=20 interval=380
89321.073 [0] DBG_SCAN_SKIPPED reason=blocked
89321.073 [0] DBG_ANCHOR_CH5_SCAN_RESCHED ret=1 delay=20
89321.073 [0] DBG_UWB_TX_CH5
89321.073 [0] DBG_TX_WAKE_CLAIM_SENT
89321.073 [0] DBG_DWM_CH5_RX_HUNT_START acq=10 complete=1000 cap=124
89321.113 [0] DBG_DWM_CH5_RX_HUNT_EMPTY s=288380 e=288390 ret=-116 sys=00000000 phy=2 cfg=1 aw=1 unk=0
89321.113 [0] DBG_ANCHOR_CH5_SCAN_HANDLER role=2
89321.113 [0] DBG_UWB_TX_CH5
89321.113 [0] DBG_TX_WAKE_CLAIM_SENT
89321.113 [0] DBG_ANCHOR_CH5_SCAN_BLOCKED win=0 tx=1 retry_gap=0 flood=0 wait=0 rx=0 rxq=0 rxr=0 ack=0 ch9=0 rf=1 retry=20 interval=380
89321.113 [0] DBG_SCAN_SKIPPED reason=blocked
89321.113 [0] DBG_ANCHOR_CH5_SCAN_RESCHED ret=1 delay=20
89321.113 [0] DBG_UWB_TX_CH5
89321.113 [0] DBG_TX_WAKE_CLAIM_SENT
89321.113 [0] DBG_DWM_CH5_RX_HUNT_START acq=10 complete=1000 cap=124
89321.113 [0] DBG_DWM_CH5_RX_HUNT_EMPTY s=288404 e=288414 ret=-116 sys=00000000 phy=2 cfg=1 aw=1 unk=0
89321.113 [0] DBG_ANCHOR_CH5_SCAN_HANDLER role=2
89321.113 [0] DBG_UWB_TX_CH5
89321.113 [0] DBG_TX_WAKE_CLAIM_SENT
89321.113 [0] DBG_ANCHOR_CH5_SCAN_BLOCKED win=0 tx=1 retry_gap=0 flood=0 wait=0 rx=0 rxq=0 rxr=0 ack=0 ch9=0 rf=1 retry=20 interval=380
89321.113 [0] DBG_SCAN_SKIPPED reason=blocked
89321.113 [0] DBG_ANCHOR_CH5_SCAN_RESCHED ret=1 delay=20
89321.147 [0] DBG_UWB_TX_CH5
89321.147 [0] DBG_TX_WAKE_CLAIM_SENT
89321.147 [0] DBG_DWM_CH5_RX_HUNT_START acq=10 complete=1000 cap=124
89321.147 [0] DBG_DWM_CH5_RX_HUNT_EMPTY s=288428 e=288438 ret=-116 sys=00000000 phy=2 cfg=1 aw=1 unk=0
89321.147 [0] DBG_ANCHOR_CH5_SCAN_HANDLER role=2
89321.147 [0] DBG_UWB_TX_CH5
89321.147 [0] DBG_TX_WAKE_CLAIM_SENT
89321.147 [0] DBG_ANCHOR_CH5_SCAN_BLOCKED win=0 tx=1 retry_gap=0 flood=0 wait=0 rx=0 rxq=0 rxr=0 ack=0 ch9=0 rf=1 retry=20 interval=380
89321.147 [0] DBG_SCAN_SKIPPED reason=blocked
89321.147 [0] DBG_ANCHOR_CH5_SCAN_RESCHED ret=1 delay=20
89321.147 [0] DBG_UWB_TX_CH5
89321.147 [0] DBG_TX_WAKE_CLAIM_SENT
89321.147 [0] DBG_DWM_CH5_RX_HUNT_START acq=10 complete=1000 cap=124
89321.147 [0] DBG_DWM_CH5_RX_HUNT_EMPTY s=288452 e=288462 ret=-116 sys=00000000 phy=2 cfg=1 aw=1 unk=0
89321.183 [0] DBG_ANCHOR_CH5_SCAN_HANDLER role=2
89321.183 [0] DBG_UWB_TX_CH5
89321.183 [0] DBG_TX_WAKE_CLAIM_SENT
89321.183 [0] DBG_ANCHOR_CH5_SCAN_BLOCKED win=0 tx=1 retry_gap=0 flood=0 wait=0 rx=0 rxq=0 rxr=0 ack=0 ch9=0 rf=1 retry=20 interval=380
89321.183 [0] DBG_SCAN_SKIPPED reason=blocked
89321.183 [0] DBG_ANCHOR_CH5_SCAN_RESCHED ret=1 delay=20
89321.183 [0] DBG_UWB_TX_CH5
89321.183 [0] DBG_TX_WAKE_CLAIM_SENT
89321.183 [0] DBG_DWM_CH5_RX_HUNT_START acq=10 complete=1000 cap=124
89321.183 [0] DBG_DWM_CH5_RX_HUNT_EMPTY s=288475 e=288486 ret=-116 sys=00000000 phy=2 cfg=1 aw=1 unk=0
89321.183 [0] DBG_ANCHOR_CH5_SCAN_HANDLER role=2
89321.183 [0] DBG_ANCHOR_CH5_SCAN_BLOCKED win=0 tx=1 retry_gap=0 flood=0 wait=0 rx=0 rxq=0 rxr=0 ack=0 ch9=0 rf=1 retry=20 interval=380
89321.183 [0] DBG_SCAN_SKIPPED reason=blocked
89321.215 [0] DBG_ANCHOR_CH5_SCAN_RESCHED ret=1 delay=20
89321.215 [0] DBG_WAKE_TRAIN_TIMING evt=287915 start=287970 first=287976 last=288475 end=288508 sent=44 ret=0
89321.215 [0] DBG_C5_CONTACT phase=accepted state=2 peer=0x0f6d3a3bdac0f858 purpose=uplink reason=retransmit-uplink-wake
89321.215 [0] DBG_UPLINK_WAKE next=0xf6d3a3bdac0f858 ret=0 seq=1 phase=retransmit
89321.215 [0] DBG_C5_CONTROL_FOLLOWUP_TURNAROUND delay=60 msg=20 reason=retransmit-uplink-wake
89321.215 [0] DBG_ANCHOR_CH5_SCAN_HANDLER role=2
89321.215 [0] DBG_ANCHOR_CH5_SCAN_ARM now=288517 win=10 complete=15 interval=380 wait=0 tx=1 response=0
89321.215 [0] DBG_DWM_CH5_RX_HUNT_START acq=10 complete=1000 cap=1020
89321.243 [0] DBG_DWM_CH5_RX_HUNT_EMPTY s=288525 e=288535 ret=-116 sys=00000000 phy=2 cfg=1 aw=1 unk=0
89321.243 [0] DBG_ANCHOR_CH5_SCAN_DONE ret=-116 len=0 fail=1 pre=0 q=0 rx_us=10437 complete=1000
89321.243 [0] DBG_ANCHOR_CH5_SCAN_RESCHED ret=1 delay=380
89321.269 [0] DBG_DWM_INVALIDATE tag=configure_radio_from_reset active_phy=2 configured=1 awake=1
89321.299 [0] DBG_DWM_MARK_UNCONFIGURED tag=initialise_radio prev_phy=0
89321.299 [0] DBG_DWM_PHY_SWITCH from=2 to=4 fast=0 us=20813
89321.299 [0] DBG_DWM_WAKE_MESH_CTRL_OK sfd=1033
89321.299 [0] DBG_DIRECT_GW_TX_CONFIG ret=0 now=288593 seq=1
89321.299 [0] DBG_CH9_TX_SEND_AT now=288595 earliest=287913 msg=20 len=281
89321.299 [0] DBG_CH9_TX_DONE now=288601 dur=6 len=281 msg=20
89321.299 [0] DBG_UWB_TX_CH5
89321.299 [0] DBG_CLICK_TX_DONE now=288601 seq=1
89321.299 [0] DBG_CH9_TX_SINGLE_SEND_OK
89321.299 [0] DBG_CH9_EVENT_STATE state=complete peer=0x0f6d3a3bdac0f858 start=287915 end=287975 reason=retransmit-direct-gateway
89321.299 [0] DBG_DIRECT_GW_TX_ACK_TRANSIT_WAIT dst=0x9999888877776666 src=0xea35f5b508104aae seq=1
89321.299 [0] DBG_CLICK_ACK_RX_ARM now=288602 slice=60 seq=1
89321.618 [0] DBG_DIRECT_GW_TX_ACK_WAIT ret=-116 seq=1
89321.618 [0] DBG_RETRANSMIT_DIRECT_GW_ACK_WINDOW seq=1 deadline=288853 window=0
89321.618 [0] DBG_UWB_RX_COORD_DEFER state=mesh-tx reason=mesh-tx route=0 q=0
89321.618 [0] DBG_TX_TIMEOUT_ENTER relay=1 route=0 ch9pend=0 bundle=0 now=288855
89321.618 [0] DBG_UWB_RX_COORD_DEFER state=mesh-tx reason=mesh-tx route=0 q=0
89321.618 [0] DBG_ANCHOR_CH5_SCAN_HANDLER role=2
89321.618 [0] DBG_DWM_INVALIDATE tag=configure_radio_from_reset active_phy=4 configured=1 awake=1
89321.647 [0] DBG_DWM_MARK_UNCONFIGURED tag=initialise_radio prev_phy=0
89321.647 [0] DBG_DWM_PHY_SWITCH from=4 to=2 fast=0 us=20905
89321.647 [0] DBG_DWM_CH5_RX_HUNT_START acq=10 complete=1000 cap=1020
89321.647 [0] DBG_DWM_CH5_RX_HUNT_EMPTY s=288942 e=288952 ret=-116 sys=00000000 phy=2 cfg=1 aw=1 unk=0
89321.647 [0] DBG_ANCHOR_CH5_SCAN_RESCHED ret=1 delay=380
89321.647 [0] DBG_UWB_RX_COORD_DEFER state=mesh-tx reason=mesh-tx route=0 q=0
89321.699 [0] DBG_UWB_RX_COORD_DEFER state=mesh-tx reason=mesh-tx route=0 q=0
89321.752 [0] DBG_UWB_RX_COORD_DEFER state=mesh-tx reason=mesh-tx route=0 q=0
89321.752 [0] DBG_TX_TIMEOUT_ENTER relay=1 route=0 ch9pend=0 bundle=0 now=289056
89321.752 [0] DBG_RETRANSMIT_DIRECT_GW seq=1 now=289057
89321.752 [0] DBG_C5_CONTACT phase=open state=1 peer=0x0f6d3a3bdac0f858 purpose=uplink reason=retransmit-uplink-wake
89321.752 [0] DBG_WAKE_TRAIN_GUARD_OK
89321.781 [0] DBG_WAKE_TRAIN_CONFIG_BEGIN
89321.781 [0] DBG_WAKE_TRAIN_CONFIG_OK
89321.781 [0] DBG_WAKE_TRAIN_FIRST_SEND_BEGIN
89321.816 [0] DBG_WAKE_TRAIN_FIRST_SEND_OK
89321.816 [0] DBG_UWB_TX_CH5
89321.816 [0] DBG_TX_WAKE_CLAIM_SENT
89321.816 [0] DBG_UWB_TX_CH5
89321.816 [0] DBG_TX_WAKE_CLAIM_SENT
89321.816 [0] DBG_UWB_TX_CH5
89321.816 [0] DBG_TX_WAKE_CLAIM_SENT
89321.816 [0] DBG_UWB_TX_CH5
89321.816 [0] DBG_TX_WAKE_CLAIM_SENT
89321.816 [0] DBG_DWM_CH5_RX_HUNT_START acq=10 complete=1000 cap=124
89321.816 [0] DBG_DWM_CH5_RX_HUNT_EMPTY s=289121 e=289131 ret=-116 sys=00000000 phy=2 cfg=1 aw=1 unk=0
89321.848 [0] DBG_UWB_TX_CH5
89321.848 [0] DBG_TX_WAKE_CLAIM_SENT
89321.848 [0] DBG_UWB_TX_CH5
89321.848 [0] DBG_TX_WAKE_CLAIM_SENT
89321.848 [0] DBG_DWM_CH5_RX_HUNT_START acq=10 complete=1000 cap=124
89321.848 [0] DBG_DWM_CH5_RX_HUNT_EMPTY s=289144 e=289154 ret=-116 sys=00000000 phy=2 cfg=1 aw=1 unk=0
89321.848 [0] DBG_UWB_TX_CH5
89321.848 [0] DBG_TX_WAKE_CLAIM_SENT
89321.880 [0] DBG_UWB_TX_CH5
89321.880 [0] DBG_TX_WAKE_CLAIM_SENT
89321.880 [0] DBG_DWM_CH5_RX_HUNT_START acq=10 complete=1000 cap=124
89321.880 [0] DBG_DWM_CH5_RX_HUNT_EMPTY s=289168 e=289178 ret=-116 sys=00000000 phy=2 cfg=1 aw=1 unk=0
89321.880 [0] DBG_UWB_TX_CH5
89321.880 [0] DBG_TX_WAKE_CLAIM_SENT
89321.880 [0] DBG_UWB_TX_CH5
89321.880 [0] DBG_TX_WAKE_CLAIM_SENT
89321.880 [0] DBG_DWM_CH5_RX_HUNT_START acq=10 complete=1000 cap=124
89321.911 [0] DBG_DWM_CH5_RX_HUNT_EMPTY s=289192 e=289202 ret=-116 sys=00000000 phy=2 cfg=1 aw=1 unk=0
89321.911 [0] DBG_UWB_TX_CH5
89321.911 [0] DBG_TX_WAKE_CLAIM_SENT
89321.911 [0] DBG_UWB_TX_CH5
89321.911 [0] DBG_TX_WAKE_CLAIM_SENT
89321.911 [0] DBG_DWM_CH5_RX_HUNT_START acq=10 complete=1000 cap=124
89321.911 [0] DBG_DWM_CH5_RX_HUNT_EMPTY s=289216 e=289226 ret=-116 sys=00000000 phy=2 cfg=1 aw=1 unk=0
89321.942 [0] DBG_UWB_TX_CH5
89321.942 [0] DBG_TX_WAKE_CLAIM_SENT
89321.942 [0] DBG_UWB_TX_CH5
89321.942 [0] DBG_TX_WAKE_CLAIM_SENT
89321.942 [0] DBG_DWM_CH5_RX_HUNT_START acq=10 complete=1000 cap=124
89321.942 [0] DBG_DWM_CH5_RX_HUNT_EMPTY s=289240 e=289250 ret=-116 sys=00000000 phy=2 cfg=1 aw=1 unk=0
89321.942 [0] DBG_UWB_TX_CH5
89321.942 [0] DBG_TX_WAKE_CLAIM_SENT
89321.974 [0] DBG_UWB_TX_CH5
89321.974 [0] DBG_TX_WAKE_CLAIM_SENT
89321.974 [0] DBG_DWM_CH5_RX_HUNT_START acq=10 complete=1000 cap=124
89321.974 [0] DBG_DWM_CH5_RX_HUNT_EMPTY s=289263 e=289273 ret=-116 sys=00000000 phy=2 cfg=1 aw=1 unk=0
89321.974 [0] DBG_UWB_TX_CH5
89321.974 [0] DBG_TX_WAKE_CLAIM_SENT
89321.974 [0] DBG_UWB_TX_CH5
89321.974 [0] DBG_TX_WAKE_CLAIM_SENT
89321.974 [0] DBG_DWM_CH5_RX_HUNT_START acq=10 complete=1000 cap=124
89322.005 [0] DBG_DWM_CH5_RX_HUNT_EMPTY s=289287 e=289297 ret=-116 sys=00000000 phy=2 cfg=1 aw=1 unk=0
89322.005 [0] DBG_UWB_TX_CH5
89322.005 [0] DBG_TX_WAKE_CLAIM_SENT
89322.005 [0] DBG_UWB_TX_CH5
89322.005 [0] DBG_TX_WAKE_CLAIM_SENT
89322.005 [0] DBG_DWM_CH5_RX_HUNT_START acq=10 complete=1000 cap=124
89322.005 [0] DBG_DWM_CH5_RX_HUNT_EMPTY s=289311 e=289321 ret=-116 sys=00000000 phy=2 cfg=1 aw=1 unk=0
89322.038 [0] DBG_UWB_TX_CH5
89322.038 [0] DBG_TX_WAKE_CLAIM_SENT
89322.038 [0] DBG_ANCHOR_CH5_SCAN_HANDLER role=2
89322.038 [0] DBG_DWM_CH5_RX_HUNT_START acq=10 complete=1000 cap=124
89322.038 [0] DBG_ANCHOR_CH5_SCAN_BLOCKED win=0 tx=1 retry_gap=0 flood=0 wait=0 rx=0 rxq=0 rxr=0 ack=0 ch9=0 rf=1 retry=20 interval=380
89322.038 [0] DBG_SCAN_SKIPPED reason=blocked
89322.038 [0] DBG_ANCHOR_CH5_SCAN_RESCHED ret=1 delay=20
89322.038 [0] DBG_DWM_CH5_RX_HUNT_EMPTY s=289335 e=289345 ret=-116 sys=00000000 phy=2 cfg=1 aw=1 unk=0
89322.038 [0] DBG_UWB_TX_CH5
89322.038 [0] DBG_TX_WAKE_CLAIM_SENT
89322.070 [0] DBG_UWB_TX_CH5
89322.070 [0] DBG_TX_WAKE_CLAIM_SENT
89322.070 [0] DBG_DWM_CH5_RX_HUNT_START acq=10 complete=1000 cap=124
89322.070 [0] DBG_ANCHOR_CH5_SCAN_HANDLER role=2
89322.070 [0] DBG_ANCHOR_CH5_SCAN_BLOCKED win=0 tx=1 retry_gap=0 flood=0 wait=0 rx=0 rxq=0 rxr=0 ack=0 ch9=0 rf=1 retry=20 interval=380
89322.070 [0] DBG_SCAN_SKIPPED reason=blocked
89322.070 [0] DBG_ANCHOR_CH5_SCAN_RESCHED ret=1 delay=20
89322.070 [0] DBG_DWM_CH5_RX_HUNT_EMPTY s=289359 e=289369 ret=-116 sys=00000000 phy=2 cfg=1 aw=1 unk=0
89322.070 [0] DBG_UWB_TX_CH5
89322.070 [0] DBG_TX_WAKE_CLAIM_SENT
89322.070 [0] DBG_UWB_TX_CH5
89322.070 [0] DBG_TX_WAKE_CLAIM_SENT
89322.070 [0] DBG_DWM_CH5_RX_HUNT_START acq=10 complete=1000 cap=124
89322.104 [0] DBG_ANCHOR_CH5_SCAN_HANDLER role=2
89322.104 [0] DBG_DWM_CH5_RX_HUNT_EMPTY s=289383 e=289393 ret=-116 sys=00000000 phy=2 cfg=1 aw=1 unk=0
89322.104 [0] DBG_ANCHOR_CH5_SCAN_BLOCKED win=0 tx=1 retry_gap=0 flood=0 wait=0 rx=0 rxq=0 rxr=0 ack=0 ch9=0 rf=1 retry=20 interval=380
89322.104 [0] DBG_SCAN_SKIPPED reason=blocked
89322.104 [0] DBG_ANCHOR_CH5_SCAN_RESCHED ret=1 delay=20
89322.104 [0] DBG_UWB_TX_CH5
89322.104 [0] DBG_TX_WAKE_CLAIM_SENT
89322.104 [0] DBG_UWB_TX_CH5
89322.104 [0] DBG_TX_WAKE_CLAIM_SENT
89322.104 [0] DBG_DWM_CH5_RX_HUNT_START acq=10 complete=1000 cap=124
89322.104 [0] DBG_ANCHOR_CH5_SCAN_HANDLER role=2
89322.104 [0] DBG_DWM_CH5_RX_HUNT_EMPTY s=289407 e=289417 ret=-116 sys=00000000 phy=2 cfg=1 aw=1 unk=0
89322.104 [0] DBG_ANCHOR_CH5_SCAN_BLOCKED win=0 tx=1 retry_gap=0 flood=0 wait=0 rx=0 rxq=0 rxr=0 ack=0 ch9=0 rf=1 retry=20 interval=380
89322.104 [0] DBG_SCAN_SKIPPED reason=blocked
89322.104 [0] DBG_ANCHOR_CH5_SCAN_RESCHED ret=1 delay=20
89322.146 [0] DBG_UWB_TX_CH5
89322.146 [0] DBG_TX_WAKE_CLAIM_SENT
89322.146 [0] DBG_UWB_TX_CH5
89322.146 [0] DBG_TX_WAKE_CLAIM_SENT
89322.146 [0] DBG_DWM_CH5_RX_HUNT_START acq=10 complete=1000 cap=124
89322.146 [0] DBG_ANCHOR_CH5_SCAN_HANDLER role=2
89322.146 [0] DBG_DWM_CH5_RX_HUNT_EMPTY s=289430 e=289440 ret=-116 sys=00000000 phy=2 cfg=1 aw=1 unk=0
89322.146 [0] DBG_ANCHOR_CH5_SCAN_BLOCKED win=0 tx=1 retry_gap=0 flood=0 wait=0 rx=0 rxq=0 rxr=0 ack=0 ch9=0 rf=1 retry=20 interval=380
89322.146 [0] DBG_SCAN_SKIPPED reason=blocked
89322.146 [0] DBG_ANCHOR_CH5_SCAN_RESCHED ret=1 delay=20
89322.146 [0] DBG_UWB_TX_CH5
89322.146 [0] DBG_TX_WAKE_CLAIM_SENT
89322.146 [0] DBG_UWB_TX_CH5
89322.146 [0] DBG_TX_WAKE_CLAIM_SENT
89322.146 [0] DBG_DWM_CH5_RX_HUNT_START acq=10 complete=1000 cap=124
89322.194 [0] DBG_ANCHOR_CH5_SCAN_HANDLER role=2
89322.194 [0] DBG_DWM_CH5_RX_HUNT_EMPTY s=289454 e=289464 ret=-116 sys=00000000 phy=2 cfg=1 aw=1 unk=0
89322.194 [0] DBG_ANCHOR_CH5_SCAN_BLOCKED win=0 tx=1 retry_gap=0 flood=0 wait=0 rx=0 rxq=0 rxr=0 ack=0 ch9=0 rf=1 retry=20 interval=380
89322.194 [0] DBG_SCAN_SKIPPED reason=blocked
89322.194 [0] DBG_ANCHOR_CH5_SCAN_RESCHED ret=1 delay=20
89322.194 [0] DBG_UWB_TX_CH5
89322.194 [0] DBG_TX_WAKE_CLAIM_SENT
89322.194 [0] DBG_UWB_TX_CH5
89322.194 [0] DBG_TX_WAKE_CLAIM_SENT
89322.194 [0] DBG_DWM_CH5_RX_HUNT_START acq=10 complete=1000 cap=124
89322.194 [0] DBG_ANCHOR_CH5_SCAN_HANDLER role=2
89322.194 [0] DBG_DWM_CH5_RX_HUNT_EMPTY s=289478 e=289488 ret=-116 sys=00000000 phy=2 cfg=1 aw=1 unk=0
89322.194 [0] DBG_ANCHOR_CH5_SCAN_BLOCKED win=0 tx=1 retry_gap=0 flood=0 wait=0 rx=0 rxq=0 rxr=0 ack=0 ch9=0 rf=1 retry=20 interval=380
89322.194 [0] DBG_SCAN_SKIPPED reason=blocked
89322.194 [0] DBG_ANCHOR_CH5_SCAN_RESCHED ret=1 delay=20
89322.194 [0] DBG_UWB_TX_CH5
89322.194 [0] DBG_TX_WAKE_CLAIM_SENT
89322.194 [0] DBG_UWB_TX_CH5
89322.194 [0] DBG_TX_WAKE_CLAIM_SENT
89322.194 [0] DBG_DWM_CH5_RX_HUNT_START acq=10 complete=1000 cap=124
89322.242 [0] DBG_ANCHOR_CH5_SCAN_HANDLER role=2
89322.242 [0] DBG_SCAN_SKIPPED reason=blocked
89322.242 [0] DBG_ANCHOR_CH5_SCAN_RESCHED ret=1 delay=20
89322.242 [0] DBG_UWB_TX_CH5
89322.242 [0] DBG_TX_WAKE_CLAIM_SENT
89322.242 [0] DBG_UWB_TX_CH5
89322.242 [0] DBG_TX_WAKE_CLAIM_SENT
89322.242 [0] DBG_DWM_CH5_RX_HUNT_START acq=10 complete=1000 cap=124
89322.242 [0] DBG_ANCHOR_CH5_SCAN_HANDLER role=2
89322.242 [0] DBG_DWM_CH5_RX_HUNT_EMPTY s=289526 e=289536 ret=-116 sys=00000000 phy=2 cfg=1 aw=1 unk=0
89322.242 [0] DBG_ANCHOR_CH5_SCAN_BLOCKED win=0 tx=1 retry_gap=0 flood=0 wait=0 rx=0 rxq=0 rxr=0 ack=0 ch9=0 rf=1 retry=20 interval=380
89322.242 [0] DBG_SCAN_SKIPPED reason=blocked
89322.242 [0] DBG_ANCHOR_CH5_SCAN_RESCHED ret=1 delay=20
89322.242 [0] DBG_UWB_TX_CH5
89322.242 [0] DBG_TX_WAKE_CLAIM_SENT
89322.242 [0] DBG_UWB_TX_CH5
89322.242 [0] DBG_TX_WAKE_CLAIM_SENT
89322.242 [0] DBG_DWM_CH5_RX_HUNT_START acq=10 complete=1000 cap=124
89322.294 [0] DBG_ANCHOR_CH5_SCAN_HANDLER role=2
89322.294 [0] DBG_DWM_CH5_RX_HUNT_EMPTY s=289550 e=289560 ret=-116 sys=00000000 phy=2 cfg=1 aw=1 unk=0
89322.294 [0] DBG_ANCHOR_CH5_SCAN_BLOCKED win=0 tx=1 retry_gap=0 flood=0 wait=0 rx=0 rxq=0 rxr=0 ack=0 ch9=0 rf=1 retry=20 interval=380
89322.294 [0] DBG_SCAN_SKIPPED reason=blocked
89322.294 [0] DBG_ANCHOR_CH5_SCAN_RESCHED ret=1 delay=20
89322.294 [0] DBG_UWB_TX_CH5
89322.294 [0] DBG_TX_WAKE_CLAIM_SENT
89322.294 [0] DBG_UWB_TX_CH5
89322.294 [0] DBG_TX_WAKE_CLAIM_SENT
89322.294 [0] DBG_DWM_CH5_RX_HUNT_START acq=10 complete=1000 cap=124
89322.294 [0] DBG_ANCHOR_CH5_SCAN_HANDLER role=2
89322.294 [0] DBG_DWM_CH5_RX_HUNT_EMPTY s=289574 e=289584 ret=-116 sys=00000000 phy=2 cfg=1 aw=1 unk=0
89322.294 [0] DBG_ANCHOR_CH5_SCAN_BLOCKED win=0 tx=1 retry_gap=0 flood=0 wait=0 rx=0 rxq=0 rxr=0 ack=0 ch9=0 rf=1 retry=20 interval=380
89322.294 [0] DBG_SCAN_SKIPPED reason=blocked
89322.294 [0] DBG_ANCHOR_CH5_SCAN_RESCHED ret=1 delay=20
89322.294 [0] DBG_UWB_TX_CH5
89322.294 [0] DBG_TX_WAKE_CLAIM_SENT
89322.294 [0] DBG_UWB_TX_CH5
89322.294 [0] DBG_TX_WAKE_CLAIM_SENT
89322.294 [0] DBG_DWM_CH5_RX_HUNT_START acq=10 complete=1000 cap=124
89322.294 [0] DBG_ANCHOR_CH5_SCAN_HANDLER role=2
89322.337 [0] DBG_SCAN_SKIPPED reason=blocked
89322.337 [0] DBG_ANCHOR_CH5_SCAN_RESCHED ret=1 delay=20
89322.337 [0] DBG_WAKE_TRAIN_TIMING evt=289057 start=289094 first=289101 last=289597 end=289630 sent=44 ret=0
89322.337 [0] DBG_C5_CONTACT phase=accepted state=2 peer=0x0f6d3a3bdac0f858 purpose=uplink reason=retransmit-uplink-wake
89322.337 [0] DBG_UPLINK_WAKE next=0xf6d3a3bdac0f858 ret=0 seq=1 phase=retransmit
89322.337 [0] DBG_C5_CONTROL_FOLLOWUP_TURNAROUND delay=60 msg=20 reason=retransmit-uplink-wake
89322.337 [0] DBG_ANCHOR_CH5_SCAN_HANDLER role=2
89322.337 [0] DBG_ANCHOR_CH5_SCAN_ARM now=289632 win=10 complete=15 interval=380 wait=0 tx=1 response=0
89322.337 [0] DBG_DWM_CH5_RX_HUNT_START acq=10 complete=1000 cap=1020
89322.337 [0] DBG_DWM_CH5_RX_HUNT_EMPTY s=289640 e=289650 ret=-116 sys=00000000 phy=2 cfg=1 aw=1 unk=0
89322.337 [0] DBG_ANCHOR_CH5_SCAN_DONE ret=-116 len=0 fail=1 pre=0 q=0 rx_us=10375 complete=1000
89322.374 [0] DBG_ANCHOR_CH5_SCAN_RESCHED ret=1 delay=380
89322.402 [0] DBG_DWM_INVALIDATE tag=configure_radio_from_reset active_phy=2 configured=1 awake=1
89322.402 [0] DBG_DWM_MARK_UNCONFIGURED tag=initialise_radio prev_phy=0
89322.402 [0] DBG_DWM_PHY_SWITCH from=2 to=4 fast=0 us=20904
89322.402 [0] DBG_DWM_WAKE_MESH_CTRL_OK sfd=1033
89322.402 [0] DBG_DIRECT_GW_TX_CONFIG ret=0 now=289715 seq=1
89322.402 [0] DBG_CH9_TX_SEND_AT now=289717 earliest=289056 msg=20 len=281
89322.432 [0] DBG_CH9_TX_DONE now=289723 dur=6 len=281 msg=20
89322.432 [0] DBG_UWB_TX_CH5
89322.432 [0] DBG_CLICK_TX_DONE now=289723 seq=1
89322.432 [0] DBG_CH9_TX_SINGLE_SEND_OK
89322.432 [0] DBG_CH9_EVENT_STATE state=complete peer=0x0f6d3a3bdac0f858 start=289057 end=289117 reason=retransmit-direct-gateway
89322.432 [0] DBG_DIRECT_GW_TX_ACK_TRANSIT_WAIT dst=0x9999888877776666 src=0xea35f5b508104aae seq=1
89322.432 [0] DBG_CLICK_ACK_RX_ARM now=289724 slice=60 seq=1
89322.675 [0] DBG_STACK_SAMPLE_BEGIN epoch=16284486061926904368 run=196 sample=196 kind=cir_handling owner=anchor_uwb_scan queue=1 custody=1 credit=0 retry=0 drain=0 src=16876665336513972910 dst=11068027678940948070 session=817145937 seq=1 type=32 uptime=289970
89322.675 [0] DBG_STACK_ISR_CONFIG size=8192 run=196 sample=196
89322.675 [0] DBG_STACK name=anchor_uwb_scan tid=0x2000ca08 used=7952 free=2032 size=9984 ret=0 run=196 sample=196
89322.675 [0] DBG_STACK name=mesh_route tid=0x2000b038 used=6976 free=2496 size=9472 ret=0 run=196 sample=196
89322.675 [0] DBG_STACK name=sysworkq tid=0x2000d980 used=772 free=4604 size=5376 ret=0 run=196 sample=196
89322.675 [0] DBG_STACK name=logging tid=0x2000cec0 used=544 free=1504 size=2048 ret=0 run=196 sample=196
89322.675 [0] DBG_STACK name=idle tid=0x2000d750 used=64 free=256 size=320 ret=0 run=196 sample=196
89322.675 [0] DBG_STACK_SAMPLE_END run=196 sample=196
89322.675 [0] DBG_DIRECT_GW_TX_ACK_WAIT ret=-116 seq=1
89322.675 [0] DBG_RETRANSMIT_DIRECT_GW_ACK_WINDOW seq=1 deadline=289975 window=0
89322.675 [0] DBG_UWB_RX_COORD_DEFER state=mesh-tx reason=mesh-tx route=0 q=0
89322.729 [0] DBG_UWB_RX_COORD_DEFER state=mesh-tx reason=mesh-tx route=0 q=0
89322.729 [0] DBG_ANCHOR_CH5_SCAN_HANDLER role=2
89322.729 [0] DBG_DWM_INVALIDATE tag=configure_radio_from_reset active_phy=4 configured=1 awake=1
89322.765 [0] DBG_DWM_MARK_UNCONFIGURED tag=initialise_radio prev_phy=0
89322.765 [0] DBG_DWM_PHY_SWITCH from=4 to=2 fast=0 us=20996
89322.765 [0] DBG_DWM_CH5_RX_HUNT_START acq=10 complete=1000 cap=1020
89322.765 [0] DBG_DWM_CH5_RX_HUNT_EMPTY s=290057 e=290067 ret=-116 sys=00000000 phy=2 cfg=1 aw=1 unk=0
89322.765 [0] DBG_ANCHOR_CH5_SCAN_RESCHED ret=1 delay=380
89322.765 [0] DBG_UWB_RX_COORD_DEFER state=mesh-tx reason=mesh-tx route=0 q=0
89322.820 [0] DBG_UWB_RX_COORD_DEFER state=mesh-tx reason=mesh-tx route=0 q=0
89322.869 [0] DBG_UWB_RX_COORD_DEFER state=mesh-tx reason=mesh-tx route=0 q=0
89322.918 [0] DBG_UWB_RX_COORD_DEFER state=mesh-tx reason=mesh-tx route=0 q=0
89322.967 [0] DBG_UWB_RX_COORD_DEFER state=mesh-tx reason=mesh-tx route=0 q=0
89323.017 [0] DBG_UWB_RX_COORD_DEFER state=mesh-tx reason=mesh-tx route=0 q=0
89323.066 [0] DBG_UWB_RX_COORD_DEFER state=mesh-tx reason=mesh-tx route=0 q=0
89323.094 [0] DBG_TX_TIMEOUT_ENTER relay=1 route=0 ch9pend=0 bundle=0 now=290406
89323.094 [0] DBG_RETRANSMIT_DIRECT_GW seq=1 now=290407
89323.094 [0] DBG_C5_CONTACT phase=open state=1 peer=0x0f6d3a3bdac0f858 purpose=uplink reason=retransmit-uplink-wake
89323.094 [0] DBG_WAKE_TRAIN_GUARD_OK
89323.119 [0] DBG_WAKE_TRAIN_CONFIG_BEGIN
89323.152 [0] DBG_WAKE_TRAIN_CONFIG_OK
89323.152 [0] DBG_WAKE_TRAIN_FIRST_SEND_BEGIN
89323.152 [0] DBG_ANCHOR_CH5_SCAN_HANDLER role=2
89323.152 [0] DBG_WAKE_TRAIN_FIRST_SEND_OK
89323.152 [0] DBG_UWB_TX_CH5
89323.152 [0] DBG_TX_WAKE_CLAIM_SENT
89323.152 [0] DBG_ANCHOR_CH5_SCAN_BLOCKED win=0 tx=1 retry_gap=0 flood=0 wait=0 rx=0 rxq=0 rxr=0 ack=0 ch9=0 rf=1 retry=20 interval=380
89323.152 [0] DBG_SCAN_SKIPPED reason=blocked
89323.152 [0] DBG_ANCHOR_CH5_SCAN_RESCHED ret=1 delay=20
89323.152 [0] DBG_UWB_TX_CH5
89323.152 [0] DBG_TX_WAKE_CLAIM_SENT
89323.152 [0] DBG_UWB_TX_CH5
89323.152 [0] DBG_TX_WAKE_CLAIM_SENT
89323.198 [0] DBG_UWB_TX_CH5
89323.198 [0] DBG_TX_WAKE_CLAIM_SENT
89323.198 [0] DBG_DWM_CH5_RX_HUNT_START acq=10 complete=1000 cap=124
89323.198 [0] DBG_ANCHOR_CH5_SCAN_HANDLER role=2
89323.198 [0] DBG_ANCHOR_CH5_SCAN_BLOCKED win=0 tx=1 retry_gap=0 flood=0 wait=0 rx=0 rxq=0 rxr=0 ack=0 ch9=0 rf=1 retry=20 interval=380
89323.198 [0] DBG_SCAN_SKIPPED reason=blocked
89323.198 [0] DBG_ANCHOR_CH5_SCAN_RESCHED ret=1 delay=20
89323.198 [0] DBG_DWM_CH5_RX_HUNT_EMPTY s=290471 e=290481 ret=-116 sys=00000000 phy=2 cfg=1 aw=1 unk=0
89323.198 [0] DBG_UWB_TX_CH5
89323.198 [0] DBG_TX_WAKE_CLAIM_SENT
89323.198 [0] DBG_UWB_TX_CH5
89323.198 [0] DBG_TX_WAKE_CLAIM_SENT
89323.198 [0] DBG_DWM_CH5_RX_HUNT_START acq=10 complete=1000 cap=124
89323.198 [0] DBG_ANCHOR_CH5_SCAN_HANDLER role=2
89323.198 [0] DBG_ANCHOR_CH5_SCAN_BLOCKED win=0 tx=1 retry_gap=0 flood=0 wait=0 rx=0 rxq=0 rxr=0 ack=0 ch9=0 rf=1 retry=20 interval=380
89323.198 [0] DBG_SCAN_SKIPPED reason=blocked
89323.198 [0] DBG_ANCHOR_CH5_SCAN_RESCHED ret=1 delay=20
89323.239 [0] DBG_UWB_TX_CH5
89323.239 [0] DBG_TX_WAKE_CLAIM_SENT
89323.239 [0] DBG_UWB_TX_CH5
89323.239 [0] DBG_TX_WAKE_CLAIM_SENT
89323.239 [0] DBG_DWM_CH5_RX_HUNT_START acq=10 complete=1000 cap=124
89323.239 [0] DBG_ANCHOR_CH5_SCAN_HANDLER role=2
89323.239 [0] DBG_DWM_CH5_RX_HUNT_EMPTY s=290519 e=290529 ret=-116 sys=00000000 phy=2 cfg=1 aw=1 unk=0
89323.239 [0] DBG_ANCHOR_CH5_SCAN_BLOCKED win=0 tx=1 retry_gap=0 flood=0 wait=0 rx=0 rxq=0 rxr=0 ack=0 ch9=0 rf=1 retry=20 interval=380
89323.239 [0] DBG_SCAN_SKIPPED reason=blocked
89323.239 [0] DBG_ANCHOR_CH5_SCAN_RESCHED ret=1 delay=20
89323.239 [0] DBG_UWB_TX_CH5
89323.239 [0] DBG_TX_WAKE_CLAIM_SENT
89323.239 [0] DBG_UWB_TX_CH5
89323.239 [0] DBG_TX_WAKE_CLAIM_SENT
89323.239 [0] DBG_DWM_CH5_RX_HUNT_START acq=10 complete=1000 cap=124
89323.239 [0] DBG_ANCHOR_CH5_SCAN_HANDLER role=2
89323.239 [0] DBG_DWM_CH5_RX_HUNT_EMPTY s=290543 e=290553 ret=-116 sys=00000000 phy=2 cfg=1 aw=1 unk=0
89323.282 [0] DBG_ANCHOR_CH5_SCAN_BLOCKED win=0 tx=1 retry_gap=0 flood=0 wait=0 rx=0 rxq=0 rxr=0 ack=0 ch9=0 rf=1 retry=20 interval=380
89323.282 [0] DBG_SCAN_SKIPPED reason=blocked
89323.282 [0] DBG_ANCHOR_CH5_SCAN_RESCHED ret=1 delay=20
89323.282 [0] DBG_UWB_TX_CH5
89323.282 [0] DBG_TX_WAKE_CLAIM_SENT
89323.282 [0] DBG_UWB_TX_CH5
89323.282 [0] DBG_TX_WAKE_CLAIM_SENT
89323.282 [0] DBG_DWM_CH5_RX_HUNT_START acq=10 complete=1000 cap=124
89323.282 [0] DBG_ANCHOR_CH5_SCAN_HANDLER role=2
89323.282 [0] DBG_DWM_CH5_RX_HUNT_EMPTY s=290567 e=290577 ret=-116 sys=00000000 phy=2 cfg=1 aw=1 unk=0
89323.282 [0] DBG_ANCHOR_CH5_SCAN_BLOCKED win=0 tx=1 retry_gap=0 flood=0 wait=0 rx=0 rxq=0 rxr=0 ack=0 ch9=0 rf=1 retry=20 interval=380
89323.282 [0] DBG_SCAN_SKIPPED reason=blocked
89323.282 [0] DBG_ANCHOR_CH5_SCAN_RESCHED ret=1 delay=20
89323.282 [0] DBG_UWB_TX_CH5
89323.282 [0] DBG_TX_WAKE_CLAIM_SENT
89323.282 [0] DBG_UWB_TX_CH5
89323.282 [0] DBG_TX_WAKE_CLAIM_SENT
89323.282 [0] DBG_DWM_CH5_RX_HUNT_START acq=10 complete=1000 cap=124
89323.323 [0] DBG_ANCHOR_CH5_SCAN_HANDLER role=2
89323.323 [0] DBG_DWM_CH5_RX_HUNT_EMPTY s=290591 e=290601 ret=-116 sys=00000000 phy=2 cfg=1 aw=1 unk=0
89323.323 [0] DBG_SCAN_SKIPPED reason=blocked
89323.323 [0] DBG_ANCHOR_CH5_SCAN_RESCHED ret=1 delay=20
89323.323 [0] DBG_UWB_TX_CH5
89323.323 [0] DBG_TX_WAKE_CLAIM_SENT
89323.323 [0] DBG_UWB_TX_CH5
89323.323 [0] DBG_TX_WAKE_CLAIM_SENT
89323.323 [0] DBG_DWM_CH5_RX_HUNT_START acq=10 complete=1000 cap=124
89323.323 [0] DBG_ANCHOR_CH5_SCAN_HANDLER role=2
89323.323 [0] DBG_DWM_CH5_RX_HUNT_EMPTY s=290615 e=290625 ret=-116 sys=00000000 phy=2 cfg=1 aw=1 unk=0
89323.323 [0] DBG_ANCHOR_CH5_SCAN_BLOCKED win=0 tx=1 retry_gap=0 flood=0 wait=0 rx=0 rxq=0 rxr=0 ack=0 ch9=0 rf=1 retry=20 interval=380
89323.323 [0] DBG_SCAN_SKIPPED reason=blocked
89323.323 [0] DBG_ANCHOR_CH5_SCAN_RESCHED ret=1 delay=20
89323.323 [0] DBG_UWB_TX_CH5
89323.323 [0] DBG_TX_WAKE_CLAIM_SENT
89323.365 [0] DBG_UWB_TX_CH5
89323.365 [0] DBG_TX_WAKE_CLAIM_SENT
89323.365 [0] DBG_DWM_CH5_RX_HUNT_START acq=10 complete=1000 cap=124
89323.365 [0] DBG_ANCHOR_CH5_SCAN_HANDLER role=2
89323.365 [0] DBG_DWM_CH5_RX_HUNT_EMPTY s=290639 e=290649 ret=-116 sys=00000000 phy=2 cfg=1 aw=1 unk=0
89323.365 [0] DBG_ANCHOR_CH5_SCAN_BLOCKED win=0 tx=1 retry_gap=0 flood=0 wait=0 rx=0 rxq=0 rxr=0 ack=0 ch9=0 rf=1 retry=20 interval=380
89323.365 [0] DBG_SCAN_SKIPPED reason=blocked
89323.365 [0] DBG_ANCHOR_CH5_SCAN_RESCHED ret=1 delay=20
89323.365 [0] DBG_UWB_TX_CH5
89323.365 [0] DBG_TX_WAKE_CLAIM_SENT
89323.365 [0] DBG_UWB_TX_CH5
89323.365 [0] DBG_TX_WAKE_CLAIM_SENT
89323.365 [0] DBG_DWM_CH5_RX_HUNT_START acq=10 complete=1000 cap=124
89323.365 [0] DBG_ANCHOR_CH5_SCAN_HANDLER role=2
89323.365 [0] DBG_DWM_CH5_RX_HUNT_EMPTY s=290663 e=290673 ret=-116 sys=00000000 phy=2 cfg=1 aw=1 unk=0
89323.365 [0] DBG_ANCHOR_CH5_SCAN_BLOCKED win=0 tx=1 retry_gap=0 flood=0 wait=0 rx=0 rxq=0 rxr=0 ack=0 ch9=0 rf=1 retry=20 interval=380
89323.365 [0] DBG_SCAN_SKIPPED reason=blocked
89323.365 [0] DBG_ANCHOR_CH5_SCAN_RESCHED ret=1 delay=20
89323.406 [0] DBG_UWB_TX_CH5
89323.406 [0] DBG_TX_WAKE_CLAIM_SENT
89323.406 [0] DBG_UWB_TX_CH5
89323.406 [0] DBG_TX_WAKE_CLAIM_SENT
89323.406 [0] DBG_DWM_CH5_RX_HUNT_START acq=10 complete=1000 cap=124
89323.406 [0] DBG_ANCHOR_CH5_SCAN_HANDLER role=2
89323.406 [0] DBG_DWM_CH5_RX_HUNT_EMPTY s=290687 e=290697 ret=-116 sys=00000000 phy=2 cfg=1 aw=1 unk=0
89323.406 [0] DBG_ANCHOR_CH5_SCAN_BLOCKED win=0 tx=1 retry_gap=0 flood=0 wait=0 rx=0 rxq=0 rxr=0 ack=0 ch9=0 rf=1 retry=20 interval=380
89323.406 [0] DBG_SCAN_SKIPPED reason=blocked
89323.406 [0] DBG_ANCHOR_CH5_SCAN_RESCHED ret=1 delay=20
89323.406 [0] DBG_UWB_TX_CH5
89323.406 [0] DBG_TX_WAKE_CLAIM_SENT
89323.406 [0] DBG_UWB_TX_CH5
89323.406 [0] DBG_TX_WAKE_CLAIM_SENT
89323.406 [0] DBG_DWM_CH5_RX_HUNT_START acq=10 complete=1000 cap=124
89323.406 [0] DBG_ANCHOR_CH5_SCAN_HANDLER role=2
89323.445 [0] DBG_DWM_CH5_RX_HUNT_EMPTY s=290711 e=290721 ret=-116 sys=00000000 phy=2 cfg=1 aw=1 unk=0
89323.445 [0] DBG_ANCHOR_CH5_SCAN_BLOCKED win=0 tx=1 retry_gap=0 flood=0 wait=0 rx=0 rxq=0 rxr=0 ack=0 ch9=0 rf=1 retry=20 interval=380
89323.445 [0] DBG_SCAN_SKIPPED reason=blocked
89323.445 [0] DBG_ANCHOR_CH5_SCAN_RESCHED ret=1 delay=20
89323.445 [0] DBG_UWB_TX_CH5
89323.445 [0] DBG_TX_WAKE_CLAIM_SENT
89323.445 [0] DBG_UWB_TX_CH5
89323.445 [0] DBG_TX_WAKE_CLAIM_SENT
89323.445 [0] DBG_DWM_CH5_RX_HUNT_START acq=10 complete=1000 cap=124
89323.445 [0] DBG_ANCHOR_CH5_SCAN_HANDLER role=2
89323.445 [0] DBG_DWM_CH5_RX_HUNT_EMPTY s=290734 e=290744 ret=-116 sys=00000000 phy=2 cfg=1 aw=1 unk=0
89323.445 [0] DBG_ANCHOR_CH5_SCAN_BLOCKED win=0 tx=1 retry_gap=0 flood=0 wait=0 rx=0 rxq=0 rxr=0 ack=0 ch9=0 rf=1 retry=20 interval=380
89323.445 [0] DBG_SCAN_SKIPPED reason=blocked
89323.445 [0] DBG_ANCHOR_CH5_SCAN_RESCHED ret=1 delay=20
89323.445 [0] DBG_UWB_TX_CH5
89323.445 [0] DBG_TX_WAKE_CLAIM_SENT
89323.445 [0] DBG_UWB_TX_CH5
89323.445 [0] DBG_TX_WAKE_CLAIM_SENT
89323.445 [0] DBG_DWM_CH5_RX_HUNT_START acq=10 complete=1000 cap=124
89323.492 [0] DBG_ANCHOR_CH5_SCAN_HANDLER role=2
89323.492 [0] DBG_DWM_CH5_RX_HUNT_EMPTY s=290757 e=290767 ret=-116 sys=00000000 phy=2 cfg=1 aw=1 unk=0
89323.492 [0] DBG_ANCHOR_CH5_SCAN_BLOCKED win=0 tx=1 retry_gap=0 flood=0 wait=0 rx=0 rxq=0 rxr=0 ack=0 ch9=0 rf=1 retry=20 interval=380
89323.492 [0] DBG_SCAN_SKIPPED reason=blocked
89323.492 [0] DBG_ANCHOR_CH5_SCAN_RESCHED ret=1 delay=20
89323.492 [0] DBG_UWB_TX_CH5
89323.492 [0] DBG_TX_WAKE_CLAIM_SENT
89323.492 [0] DBG_UWB_TX_CH5
89323.492 [0] DBG_TX_WAKE_CLAIM_SENT
89323.492 [0] DBG_DWM_CH5_RX_HUNT_START acq=10 complete=1000 cap=124
89323.492 [0] DBG_ANCHOR_CH5_SCAN_HANDLER role=2
89323.492 [0] DBG_DWM_CH5_RX_HUNT_EMPTY s=290781 e=290791 ret=-116 sys=00000000 phy=2 cfg=1 aw=1 unk=0
89323.492 [0] DBG_ANCHOR_CH5_SCAN_BLOCKED win=0 tx=1 retry_gap=0 flood=0 wait=0 rx=0 rxq=0 rxr=0 ack=0 ch9=0 rf=1 retry=20 interval=380
89323.492 [0] DBG_SCAN_SKIPPED reason=blocked
89323.492 [0] DBG_ANCHOR_CH5_SCAN_RESCHED ret=1 delay=20
89323.492 [0] DBG_UWB_TX_CH5
89323.492 [0] DBG_TX_WAKE_CLAIM_SENT
89323.492 [0] DBG_UWB_TX_CH5
89323.492 [0] DBG_TX_WAKE_CLAIM_SENT
89323.492 [0] DBG_DWM_CH5_RX_HUNT_START acq=10 complete=1000 cap=124
89323.526 [0] DBG_ANCHOR_CH5_SCAN_HANDLER role=2
89323.526 [0] DBG_DWM_CH5_RX_HUNT_EMPTY s=290805 e=290815 ret=-116 sys=00000000 phy=2 cfg=1 aw=1 unk=0
89323.526 [0] DBG_ANCHOR_CH5_SCAN_BLOCKED win=0 tx=1 retry_gap=0 flood=0 wait=0 rx=0 rxq=0 rxr=0 ack=0 ch9=0 rf=1 retry=20 interval=380
89323.526 [0] DBG_SCAN_SKIPPED reason=blocked
89323.526 [0] DBG_ANCHOR_CH5_SCAN_RESCHED ret=1 delay=20
89323.526 [0] DBG_UWB_TX_CH5
89323.526 [0] DBG_TX_WAKE_CLAIM_SENT
89323.526 [0] DBG_UWB_TX_CH5
89323.526 [0] DBG_TX_WAKE_CLAIM_SENT
89323.526 [0] DBG_DWM_CH5_RX_HUNT_START acq=10 complete=1000 cap=124
89323.526 [0] DBG_ANCHOR_CH5_SCAN_HANDLER role=2
89323.526 [0] DBG_DWM_CH5_RX_HUNT_EMPTY s=290829 e=290839 ret=-116 sys=00000000 phy=2 cfg=1 aw=1 unk=0
89323.526 [0] DBG_ANCHOR_CH5_SCAN_BLOCKED win=0 tx=1 retry_gap=0 flood=0 wait=0 rx=0 rxq=0 rxr=0 ack=0 ch9=0 rf=1 retry=20 interval=380
89323.526 [0] DBG_SCAN_SKIPPED reason=blocked
89323.526 [0] DBG_ANCHOR_CH5_SCAN_RESCHED ret=1 delay=20
89323.559 [0] DBG_UWB_TX_CH5
89323.559 [0] DBG_TX_WAKE_CLAIM_SENT
89323.559 [0] DBG_UWB_TX_CH5
89323.559 [0] DBG_TX_WAKE_CLAIM_SENT
89323.559 [0] DBG_DWM_CH5_RX_HUNT_START acq=10 complete=1000 cap=124
89323.559 [0] DBG_ANCHOR_CH5_SCAN_HANDLER role=2
89323.559 [0] DBG_DWM_CH5_RX_HUNT_EMPTY s=290853 e=290863 ret=-116 sys=00000000 phy=2 cfg=1 aw=1 unk=0
89323.559 [0] DBG_ANCHOR_CH5_SCAN_BLOCKED win=0 tx=1 retry_gap=0 flood=0 wait=0 rx=0 rxq=0 rxr=0 ack=0 ch9=0 rf=1 retry=20 interval=380
89323.559 [0] DBG_SCAN_SKIPPED reason=blocked
89323.559 [0] DBG_ANCHOR_CH5_SCAN_RESCHED ret=1 delay=20
89323.559 [0] DBG_UWB_TX_CH5
89323.559 [0] DBG_TX_WAKE_CLAIM_SENT
89323.597 [0] DBG_UWB_TX_CH5
89323.597 [0] DBG_TX_WAKE_CLAIM_SENT
89323.597 [0] DBG_DWM_CH5_RX_HUNT_START acq=10 complete=1000 cap=124
89323.597 [0] DBG_ANCHOR_CH5_SCAN_HANDLER role=2
89323.597 [0] DBG_DWM_CH5_RX_HUNT_EMPTY s=290877 e=290887 ret=-116 sys=00000000 phy=2 cfg=1 aw=1 unk=0
89323.597 [0] DBG_ANCHOR_CH5_SCAN_BLOCKED win=0 tx=1 retry_gap=0 flood=0 wait=0 rx=0 rxq=0 rxr=0 ack=0 ch9=0 rf=1 retry=20 interval=380
89323.597 [0] DBG_SCAN_SKIPPED reason=blocked
89323.597 [0] DBG_ANCHOR_CH5_SCAN_RESCHED ret=1 delay=20
89323.597 [0] DBG_UWB_TX_CH5
89323.597 [0] DBG_TX_WAKE_CLAIM_SENT
89323.597 [0] DBG_UWB_TX_CH5
89323.597 [0] DBG_TX_WAKE_CLAIM_SENT
89323.597 [0] DBG_DWM_CH5_RX_HUNT_START acq=10 complete=1000 cap=124
89323.597 [0] DBG_ANCHOR_CH5_SCAN_HANDLER role=2
89323.597 [0] DBG_DWM_CH5_RX_HUNT_EMPTY s=290901 e=290911 ret=-116 sys=00000000 phy=2 cfg=1 aw=1 unk=0
89323.633 [0] DBG_ANCHOR_CH5_SCAN_BLOCKED win=0 tx=1 retry_gap=0 flood=0 wait=0 rx=0 rxq=0 rxr=0 ack=0 ch9=0 rf=1 retry=20 interval=380
89323.633 [0] DBG_SCAN_SKIPPED reason=blocked
89323.633 [0] DBG_ANCHOR_CH5_SCAN_RESCHED ret=1 delay=20
89323.633 [0] DBG_UWB_TX_CH5
89323.633 [0] DBG_TX_WAKE_CLAIM_SENT
89323.633 [0] DBG_UWB_TX_CH5
89323.633 [0] DBG_TX_WAKE_CLAIM_SENT
89323.633 [0] DBG_DWM_CH5_RX_HUNT_START acq=10 complete=1000 cap=124
89323.633 [0] DBG_ANCHOR_CH5_SCAN_HANDLER role=2
89323.633 [0] DBG_DWM_CH5_RX_HUNT_EMPTY s=290925 e=290935 ret=-116 sys=00000000 phy=2 cfg=1 aw=1 unk=0
89323.633 [0] DBG_ANCHOR_CH5_SCAN_BLOCKED win=0 tx=1 retry_gap=0 flood=0 wait=0 rx=0 rxq=0 rxr=0 ack=0 ch9=0 rf=1 retry=20 interval=380
89323.633 [0] DBG_SCAN_SKIPPED reason=blocked
89323.633 [0] DBG_ANCHOR_CH5_SCAN_RESCHED ret=1 delay=20
89323.633 [0] DBG_UWB_TX_CH5
89323.633 [0] DBG_TX_WAKE_CLAIM_SENT
89323.667 [0] DBG_UWB_TX_CH5
89323.667 [0] DBG_TX_WAKE_CLAIM_SENT
89323.667 [0] DBG_DWM_CH5_RX_HUNT_START acq=10 complete=1000 cap=124
89323.667 [0] DBG_ANCHOR_CH5_SCAN_HANDLER role=2
89323.667 [0] DBG_DWM_CH5_RX_HUNT_EMPTY s=290949 e=290959 ret=-116 sys=00000000 phy=2 cfg=1 aw=1 unk=0
89323.667 [0] DBG_ANCHOR_CH5_SCAN_BLOCKED win=0 tx=1 retry_gap=0 flood=0 wait=0 rx=0 rxq=0 rxr=0 ack=0 ch9=0 rf=1 retry=20 interval=380
89323.667 [0] DBG_SCAN_SKIPPED reason=blocked
89323.667 [0] DBG_ANCHOR_CH5_SCAN_RESCHED ret=1 delay=20
89323.667 [0] DBG_WAKE_TRAIN_TIMING evt=290407 start=290445 first=290451 last=290948 end=290981 sent=44 ret=0
89323.667 [0] DBG_C5_CONTACT phase=accepted state=2 peer=0x0f6d3a3bdac0f858 purpose=uplink reason=retransmit-uplink-wake
89323.667 [0] DBG_UPLINK_WAKE next=0xf6d3a3bdac0f858 ret=0 seq=1 phase=retransmit
89323.696 [0] DBG_C5_CONTROL_FOLLOWUP_TURNAROUND delay=60 msg=20 reason=retransmit-uplink-wake
89323.696 [0] DBG_ANCHOR_CH5_SCAN_HANDLER role=2
89323.696 [0] DBG_ANCHOR_CH5_SCAN_ARM now=290984 win=10 complete=15 interval=380 wait=0 tx=1 response=0
89323.696 [0] DBG_DWM_CH5_RX_HUNT_START acq=10 complete=1000 cap=1020
89323.696 [0] DBG_DWM_CH5_RX_HUNT_EMPTY s=290992 e=291002 ret=-116 sys=00000000 phy=2 cfg=1 aw=1 unk=0
89323.696 [0] DBG_ANCHOR_CH5_SCAN_DONE ret=-116 len=0 fail=1 pre=0 q=0 rx_us=10894 complete=1000
89323.696 [0] DBG_ANCHOR_CH5_SCAN_RESCHED ret=1 delay=380
89323.746 [0] DBG_DWM_INVALIDATE tag=configure_radio_from_reset active_phy=2 configured=1 awake=1
89323.746 [0] DBG_DWM_MARK_UNCONFIGURED tag=initialise_radio prev_phy=0
89323.784 [0] DBG_DWM_PHY_SWITCH from=2 to=4 fast=0 us=20935
89323.784 [0] DBG_DWM_WAKE_MESH_CTRL_OK sfd=1033
89323.784 [0] DBG_DIRECT_GW_TX_CONFIG ret=0 now=291067 seq=1
89323.784 [0] DBG_CH9_TX_SEND_AT now=291068 earliest=290406 msg=20 len=281
89323.784 [0] DBG_CH9_TX_DONE now=291074 dur=6 len=281 msg=20
89323.784 [0] DBG_UWB_TX_CH5
89323.784 [0] DBG_CLICK_TX_DONE now=291074 seq=1
89323.784 [0] DBG_CH9_TX_SINGLE_SEND_OK
89323.784 [0] DBG_CH9_EVENT_STATE state=complete peer=0x0f6d3a3bdac0f858 start=290407 end=290467 reason=retransmit-direct-gateway
89323.784 [0] DBG_DIRECT_GW_TX_ACK_TRANSIT_WAIT dst=0x9999888877776666 src=0xea35f5b508104aae seq=1
89323.784 [0] DBG_CLICK_ACK_RX_ARM now=291075 slice=60 seq=1
89323.824 [0] DBG_UWB_RX_CH9
89323.824 [0] DBG_MESH_RX_QUEUED ch=9 msg=0x31 src=0xf6d3a3bdac0f858 dst=0xea35f5b508104aae prev=0xf6d3a3bdac0f858 seq=9 q=1
89323.824 [0] DBG_DIRECT_GW_ACK_TRANSIT queued=1 valid=1 dst=0xea35f5b508104aae seq=9
89323.824 [0] DBG_DIRECT_GW_TX_ACK_WAIT ret=0 seq=1
89323.824 [0] DBG_CLICK_ACK_RX now=291104 dms=30 seq=1
89323.824 [0] DBG_COORD state=mesh-rx owner=report-tx reason=mesh-rx rx=1 tx=0 relay=1 route=0 ack=0 qack=0
89323.824 [0] DBG_MESH_RX_WORK_WAIT q=1
89323.824 [0] DBG_MESH_RX_WORK_ENTER q=1
89323.824 [0] DBG_MESH_RX_DRAIN_ENTER owner=work q=1
89323.824 [0] DBG_NEXT_HOP_CUSTODY type=0x20 src=0xea35f5b508104aae session=817145937 seq=1 parent=0xf6d3a3bdac0f858 accepted=291104 now=291
89323.824 [0] DBG_MESH_RX_DRAIN_EXIT owner=work handled=1 q=0
89323.824 [0] DBG_MESH_RX_WORK_EXIT handled=1 q=0
89323.824 [0] DBG_COORD state=idle owner=uwb-rx reason=idle rx=0 tx=0 relay=0 route=0 ack=0 qack=0
89323.824 [0] DBG_ANCHOR_MESH_RX_YIELD reason=anchor-low-duty-ch5-owner ch9=0 delay=0 scan_int=380 scan_win=10 wait=0 q=0
89323.865 [0] DBG_STACK_RUN_BEGIN epoch=16284486061926904368 run=197 kind=anchor_scan owner=anchor_uwb_scan queue=0 custody=0 credit=0 retry=0 drain=0 src=16876665336513972910 dst=11068027678940948070 session=0 seq=0 type=48 sequence=0 previous=0 uptime=291121
89323.865 [0] DBG_STACK_SAMPLE_BEGIN epoch=16284486061926904368 run=197 sample=197 kind=anchor_scan owner=anchor_uwb_scan queue=0 custody=0 credit=0 retry=0 drain=0 src=16876665336513972910 dst=11068027678940948070 session=0 seq=0 type=48 uptime=291146
89323.865 [0] DBG_STACK_ISR_CONFIG size=8192 run=197 sample=197
89323.865 [0] DBG_STACK name=anchor_uwb_scan tid=0x2000ca08 used=7952 free=2032 size=9984 ret=0 run=197 sample=197
89323.865 [0] DBG_STACK name=mesh_route tid=0x2000b038 used=6976 free=2496 size=9472 ret=0 run=197 sample=197
89323.865 [0] DBG_STACK name=sysworkq tid=0x2000d980 used=772 free=4604 size=5376 ret=0 run=197 sample=197
89323.865 [0] DBG_STACK name=logging tid=0x2000cec0 used=544 free=1504 size=2048 ret=0 run=197 sample=197
89323.865 [0] DBG_STACK name=idle tid=0x2000d750 used=64 free=256 size=320 ret=0 run=197 sample=197
89323.903 [0] DBG_STACK_SAMPLE_END run=197 sample=197
89323.903 [0] DBG_STACK_RUN_END epoch=16284486061926904368 run=197 kind=anchor_scan owner=anchor_uwb_scan outcome=ack queue=0 custody=0 credit=0 retry=0 drain=0 src=16876665336513972910 dst=11068027678940948070 session=0 seq=0 type=48 samples=1 attempts=1 errors=0 last_error=0 mutex_drops=202 short_drops=2412 sequence=0 previous=0 uptime=291188
89323.903 [0] DBG_STACK_RUN_END epoch=16284486061926904368 run=196 kind=cir_handling owner=anchor_uwb_scan outcome=ack queue=0 custody=0 credit=0 retry=0 drain=0 src=16876665336513972910 dst=11068027678940948070 session=817145937 seq=1 type=32 samples=1 attempts=1 errors=0 last_error=0 mutex_drops=202 short_drops=2412 sequence=0 previous=0 uptime=291190
89323.903 [0] DBG_STACK_RUN_BEGIN epoch=16284486061926904368 run=198 kind=anchor_scan owner=anchor_uwb_scan queue=0 custody=0 credit=0 retry=0 drain=0 src=16876665336513972910 dst=11068027678940948070 session=0 seq=0 type=48 sequence=0 previous=0 uptime=291192
89323.937 [0] DBG_STACK_SAMPLE_BEGIN epoch=16284486061926904368 run=198 sample=198 kind=anchor_scan owner=anchor_uwb_scan queue=0 custody=0 credit=0 retry=0 drain=0 src=16876665336513972910 dst=11068027678940948070 session=0 seq=0 type=48 uptime=291192
89323.937 [0] DBG_STACK_ISR_CONFIG size=8192 run=198 sample=198
89323.937 [0] DBG_STACK name=anchor_uwb_scan tid=0x2000ca08 used=7952 free=2032 size=9984 ret=0 run=198 sample=198
89323.937 [0] DBG_STACK name=mesh_route tid=0x2000b038 used=6976 free=2496 size=9472 ret=0 run=198 sample=198
89323.937 [0] DBG_STACK name=sysworkq tid=0x2000d980 used=772 free=4604 size=5376 ret=0 run=198 sample=198
89323.937 [0] DBG_STACK name=logging tid=0x2000cec0 used=544 free=1504 size=2048 ret=0 run=198 sample=198
89323.937 [0] DBG_STACK name=idle tid=0x2000d750 used=64 free=256 size=320 ret=0 run=198 sample=198
89323.937 [0] DBG_STACK_SAMPLE_END run=198 sample=198
89323.968 [0] DBG_STACK_RUN_END epoch=16284486061926904368 run=198 kind=anchor_scan owner=anchor_uwb_scan outcome=ack queue=0 custody=0 credit=0 retry=0 drain=0 src=16876665336513972910 dst=11068027678940948070 session=0 seq=0 type=48 samples=1 attempts=1 errors=0 last_error=0 mutex_drops=202 short_drops=2412 sequence=0 previous=0 uptime=291228
89323.968 [0] DBG_STACK_RUN_BEGIN epoch=16284486061926904368 run=199 kind=anchor_scan owner=anchor_uwb_scan queue=0 custody=0 credit=0 retry=0 drain=0 src=16876665336513972910 dst=11068027678940948070 session=0 seq=0 type=48 sequence=0 previous=0 uptime=291260
89323.968 [0] DBG_STACK_SAMPLE_BEGIN epoch=16284486061926904368 run=199 sample=199 kind=anchor_scan owner=anchor_uwb_scan queue=0 custody=0 credit=0 retry=0 drain=0 src=16876665336513972910 dst=11068027678940948070 session=0 seq=0 type=48 uptime=291261
89323.968 [0] DBG_STACK_ISR_CONFIG size=8192 run=199 sample=199
89323.968 [0] DBG_STACK name=anchor_uwb_scan tid=0x2000ca08 used=7952 free=2032 size=9984 ret=0 run=199 sample=199
89323.999 [0] DBG_STACK name=mesh_route tid=0x2000b038 used=6976 free=2496 size=9472 ret=0 run=199 sample=199
89323.999 [0] DBG_STACK name=sysworkq tid=0x2000d980 used=772 free=4604 size=5376 ret=0 run=199 sample=199
89323.999 [0] DBG_STACK name=logging tid=0x2000cec0 used=544 free=1504 size=2048 ret=0 run=199 sample=199
89323.999 [0] DBG_STACK name=idle tid=0x2000d750 used=64 free=256 size=320 ret=0 run=199 sample=199
89323.999 [0] DBG_STACK_SAMPLE_END run=199 sample=199
89323.999 [0] DBG_STACK_RUN_END epoch=16284486061926904368 run=199 kind=anchor_scan owner=anchor_uwb_scan outcome=ack queue=0 custody=0 credit=0 retry=0 drain=0 src=16876665336513972910 dst=11068027678940948070 session=0 seq=0 type=48 samples=1 attempts=1 errors=0 last_error=0 mutex_drops=202 short_drops=2412 sequence=0 previous=0 uptime=291292
89323.999 [0] DBG_STACK_RUN_BEGIN epoch=16284486061926904368 run=200 kind=anchor_scan owner=anchor_uwb_scan queue=0 custody=0 credit=0 retry=0 drain=0 src=16876665336513972910 dst=11068027678940948070 session=0 seq=0 type=48 sequence=0 previous=0 uptime=291293
89324.032 [0] DBG_STACK_SAMPLE_BEGIN epoch=16284486061926904368 run=200 sample=200 kind=anchor_scan owner=anchor_uwb_scan queue=0 custody=0 credit=0 retry=0 drain=0 src=16876665336513972910 dst=11068027678940948070 session=0 seq=0 type=48 uptime=291294
89324.032 [0] DBG_STACK_ISR_CONFIG size=8192 run=200 sample=200
89324.032 [0] DBG_STACK name=anchor_uwb_scan tid=0x2000ca08 used=7952 free=2032 size=9984 ret=0 run=200 sample=200
89324.032 [0] DBG_STACK name=mesh_route tid=0x2000b038 used=6976 free=2496 size=9472 ret=0 run=200 sample=200
89324.032 [0] DBG_STACK name=sysworkq tid=0x2000d980 used=772 free=4604 size=5376 ret=0 run=200 sample=200
89324.032 [0] DBG_STACK name=logging tid=0x2000cec0 used=544 free=1504 size=2048 ret=0 run=200 sample=200
89324.032 [0] DBG_STACK name=idle tid=0x2000d750 used=64 free=256 size=320 ret=0 run=200 sample=200
89324.032 [0] DBG_STACK_SAMPLE_END run=200 sample=200
89324.059 [0] DBG_STACK_RUN_END epoch=16284486061926904368 run=200 kind=anchor_scan owner=anchor_uwb_scan outcome=ack queue=0 custody=0 credit=0 retry=0 drain=0 src=16876665336513972910 dst=11068027678940948070 session=0 seq=0 type=48 samples=1 attempts=1 errors=0 last_error=0 mutex_drops=202 short_drops=2412 sequence=0 previous=0 uptime=291324
89324.090 [0] DBG_ANCHOR_CH5_SCAN_HANDLER role=2
89324.090 [0] DBG_DWM_INVALIDATE tag=configure_radio_from_reset active_phy=4 configured=1 awake=1
89324.090 [0] DBG_DWM_MARK_UNCONFIGURED tag=initialise_radio prev_phy=0
89324.118 [0] DBG_DWM_PHY_SWITCH from=4 to=2 fast=0 us=20783
89324.118 [0] DBG_DWM_CH5_RX_HUNT_START acq=10 complete=1000 cap=1020
89324.118 [0] DBG_DWM_CH5_RX_HUNT_EMPTY s=291409 e=291419 ret=-116 sys=00000000 phy=2 cfg=1 aw=1 unk=0
89324.118 [0] DBG_ANCHOR_CH5_SCAN_RESCHED ret=1 delay=380
89324.498 [0] DBG_ANCHOR_CH5_SCAN_HANDLER role=2
89324.498 [0] DBG_DWM_CH5_RX_HUNT_START acq=10 complete=1000 cap=1020
89324.529 [0] DBG_DWM_CH5_RX_HUNT_EMPTY s=291808 e=291818 ret=-116 sys=00000000 phy=2 cfg=1 aw=1 unk=0
89324.529 [0] DBG_ANCHOR_CH5_SCAN_RESCHED ret=1 delay=380
89324.529 [0] DBG_STACK_RUN_BEGIN epoch=16284486061926904368 run=201 kind=anchor_scan owner=anchor_uwb_scan queue=0 custody=0 credit=0 retry=0 drain=0 src=16876665336513972910 dst=11068027678940948070 session=0 seq=0 type=48 sequence=0 previous=0 uptime=291820
89324.529 [0] DBG_STACK_SAMPLE_BEGIN epoch=16284486061926904368 run=201 sample=201 kind=anchor_scan owner=anchor_uwb_scan queue=0 custody=0 credit=0 retry=0 drain=0 src=16876665336513972910 dst=11068027678940948070 session=0 seq=0 type=48 uptime=291821
89324.529 [0] DBG_STACK_ISR_CONFIG size=8192 run=201 sample=201
89324.529 [0] DBG_STACK name=anchor_uwb_scan tid=0x2000ca08 used=7952 free=2032 size=9984 ret=0 run=201 sample=201
89324.529 [0] DBG_STACK name=mesh_route tid=0x2000b038 used=6976 free=2496 size=9472 ret=0 run=201 sample=201
89324.529 [0] DBG_STACK name=sysworkq tid=0x2000d980 used=772 free=4604 size=5376 ret=0 run=201 sample=201
89324.557 [0] DBG_STACK name=logging tid=0x2000cec0 used=544 free=1504 size=2048 ret=0 run=201 sample=201
89324.557 [0] DBG_STACK name=idle tid=0x2000d750 used=64 free=256 size=320 ret=0 run=201 sample=201
89324.557 [0] DBG_STACK_SAMPLE_END run=201 sample=201
89324.557 [0] DBG_STACK_RUN_END epoch=16284486061926904368 run=201 kind=anchor_scan owner=anchor_uwb_scan outcome=ack queue=0 custody=0 credit=0 retry=0 drain=0 src=16876665336513972910 dst=11068027678940948070 session=0 seq=0 type=48 samples=1 attempts=1 errors=0 last_error=0 mutex_drops=202 short_drops=2412 sequence=0 previous=0 uptime=291852
89324.883 [0] DBG_ANCHOR_CH5_SCAN_HANDLER role=2
89324.883 [0] DBG_ANCHOR_CH5_SCAN_ARM now=292200 win=10 complete=15 interval=380 wait=0 tx=0 response=0
89324.910 [0] DBG_DWM_CH5_RX_HUNT_START acq=10 complete=1000 cap=1020
89324.910 [0] DBG_DWM_CH5_RX_HUNT_EMPTY s=292208 e=292218 ret=-116 sys=00000000 phy=2 cfg=1 aw=1 unk=0
89324.910 [0] DBG_ANCHOR_CH5_SCAN_DONE ret=-116 len=0 fail=1 pre=0 q=0 rx_us=10925 complete=1000
89324.910 [0] DBG_ANCHOR_CH5_SCAN_RESCHED ret=1 delay=380
89325.301 [0] DBG_ANCHOR_CH5_SCAN_HANDLER role=2
89325.301 [0] DBG_DWM_CH5_RX_HUNT_START acq=10 complete=1000 cap=1020
89325.301 [0] DBG_DWM_CH5_RX_ACTIVITY_EXTEND ret=0 status=0x00000100 complete=1000
89325.301 [0] DBG_DWM_CH5_RX_ACTIVITY_WAIT status=0x00000100 remain=1000
89325.301 [0] DBG_DWM_CH5_RX_ACTIVITY_DONE raw=51 payload=49 status=0x00006f00 rearm=0 extended=1
89325.301 [0] DBG_ANCHOR_CH5_SCAN_DONE ret=0 len=49 fail=0 pre=1 q=100 rx_us=10040 complete=1000
89325.301 [0] DBG_UWB_RX_CH5
89325.301 [0] DBG_ANCHOR_CH5_FRAME len=49 q=100 wake_ret=0
89325.301 [0] DBG_ANCHOR_WAKE_ACCEPT clicker=0xc1c2306a5138ab2d evt=18022405 attempt=1 flags=0x20 disc_in=198 q=100
89325.350 [0] DBG_ANCHOR_CLICK_WINDOW active=1 flags=0x20
89325.350 [0] DBG_ANCHOR_DISC_WAIT now=292634 start=292816 deadline=293816 guard=8 listen=1008 phr=std
89325.350 [0] DBG_ANCHOR_DISC_CONFIG phr=std ret=0
89325.350 [0] DBG_ANCHOR_DISC_FRAME len=49 type=0x08 q=100 now=292642
89325.350 [0] DBG_ANCHOR_DISC_FRAME len=49 type=0x08 q=100 now=292648
89325.350 [0] DBG_ANCHOR_DISC_FRAME len=49 type=0x08 q=100 now=292655
89325.350 [0] DBG_ANCHOR_DISC_FRAME len=49 type=0x08 q=100 now=292661
89325.389 [0] DBG_ANCHOR_DISC_FRAME len=49 type=0x08 q=100 now=292668
89325.389 [0] DBG_ANCHOR_DISC_FRAME len=49 type=0x08 q=100 now=292674
89325.389 [0] DBG_ANCHOR_DISC_FRAME len=49 type=0x08 q=100 now=292681
89325.389 [0] DBG_ANCHOR_DISC_FRAME len=49 type=0x08 q=100 now=292687
89325.389 [0] DBG_ANCHOR_DISC_FRAME len=49 type=0x08 q=100 now=292693
89325.389 [0] DBG_ANCHOR_DISC_FRAME len=49 type=0x08 q=100 now=292700
89325.389 [0] DBG_ANCHOR_DISC_FRAME len=49 type=0x08 q=100 now=292706
89325.425 [0] DBG_ANCHOR_DISC_FRAME len=49 type=0x08 q=100 now=292712
89325.425 [0] DBG_ANCHOR_DISC_FRAME len=49 type=0x08 q=100 now=292719
89325.425 [0] DBG_ANCHOR_DISC_FRAME len=49 type=0x08 q=100 now=292725
89325.425 [0] DBG_ANCHOR_DISC_FRAME len=49 type=0x08 q=100 now=292732
89325.425 [0] DBG_ANCHOR_DISC_FRAME len=49 type=0x08 q=100 now=292738
89325.462 [0] DBG_ANCHOR_DISC_FRAME len=49 type=0x08 q=100 now=292745
89325.462 [0] DBG_ANCHOR_DISC_FRAME len=49 type=0x08 q=100 now=292751
89325.462 [0] DBG_ANCHOR_DISC_FRAME len=49 type=0x08 q=100 now=292758
89325.462 [0] DBG_ANCHOR_DISC_FRAME len=49 type=0x08 q=100 now=292765
89325.462 [0] DBG_ANCHOR_DISC_FRAME len=49 type=0x08 q=100 now=292771
89325.462 [0] DBG_ANCHOR_DISC_FRAME len=49 type=0x08 q=100 now=292777
89325.496 [0] DBG_ANCHOR_DISC_FRAME len=49 type=0x08 q=100 now=292783
89325.496 [0] DBG_ANCHOR_DISC_FRAME len=49 type=0x08 q=100 now=292790
89325.529 [0] DBG_ANCHOR_DISC_FRAME len=32 type=0x09 q=100 now=292825
89325.529 [0] DBG_ANCHOR_DISC_DECODE evt=18022405 attempt=1 slots=50 flags=0x20
89325.529 [0] DBG_ANCHOR_DISC_REPLY_ARM evt=18022405 attempt=1 slot=1 state=1
89325.529 [0] DBG_ANCHOR_DISC_REPLY_TX evt=18022405 attempt=1 slot=1 ret=0
89326.220 [0] DBG_ANCHOR_CH5_HOLD_DONE deadline=293523 now=293523 frames=3 errors=0 deferred=0
89326.220 [0] DBG_DS_SAMPLE_ARM evt=18022405 attempt=1 sample=2/12 round=0 seq=2 target_us=293533000 start=293523 now=293523 deadline=293576
89326.220 [0] DBG_DS_RESP stage=arm evt=18022405 seq=2 round=0 now=293524 timeout=52
89326.254 [0] DBG_DS_RESP stage=resp-armed now=293541 seq=2 round=0 tx_time=0x0e02122f resp_tx=0x02126dd9
89326.254 [0] DBG_DS_RESP stage=resp-raw poll_rx=0xe39a2342 q=100 reply_uus=8000
89326.254 [0] DBG_DS_RESP stage=final-decode status=0 now=293558 seq=2 round=0 final_rx=0x208ab916
89326.325 [0] DBG_ANCHOR_CH5_HOLD_DONE deadline=293622 now=293623 frames=6 errors=0 deferred=0
89326.325 [0] DBG_DS_SAMPLE_ARM evt=18022405 attempt=1 sample=5/12 round=1 seq=3 target_us=293632000 start=293622 now=293623 deadline=293675
89326.325 [0] DBG_DS_RESP stage=arm evt=18022405 seq=3 round=1 now=293623 timeout=52
89326.325 [0] DBG_DS_RESP stage=resp-armed now=293640 seq=3 round=1 tx_time=0x0f7b9739 resp_tx=0x7b9777d9
89326.325 [0] DBG_DS_RESP stage=resp-raw poll_rx=0x5d1f2d38 q=100 reply_uus=8000
89326.363 [0] DBG_DS_RESP stage=final-decode status=0 now=293657 seq=3 round=1 final_rx=0x9a0fc325
89326.429 [0] DBG_ANCHOR_CH5_HOLD_DONE deadline=293721 now=293722 frames=6 errors=0 deferred=0
89326.429 [0] DBG_DS_SAMPLE_ARM evt=18022405 attempt=1 sample=8/12 round=2 seq=4 target_us=293731000 start=293721 now=293722 deadline=293774
89326.429 [0] DBG_DS_RESP stage=arm evt=18022405 seq=4 round=2 now=293722 timeout=52
89326.429 [0] DBG_DS_RESP stage=resp-armed now=293739 seq=4 round=2 tx_time=0x10f51961 resp_tx=0xf5199fd9
89326.429 [0] DBG_DS_RESP stage=resp-raw poll_rx=0xd6a15537 q=100 reply_uus=8000
89326.461 [0] DBG_DS_RESP stage=final-decode status=0 now=293756 seq=4 round=2 final_rx=0x1391e920
89326.530 [0] DBG_ANCHOR_CH5_HOLD_DONE deadline=293820 now=293820 frames=6 errors=0 deferred=0
89326.530 [0] DBG_DS_SAMPLE_ARM evt=18022405 attempt=1 sample=11/12 round=3 seq=5 target_us=293830000 start=293820 now=293820 deadline=29387
89326.530 [0] DBG_DS_RESP stage=arm evt=18022405 seq=5 round=3 now=293820 timeout=53
89326.530 [0] DBG_DS_RESP stage=resp-armed now=293839 seq=5 round=3 tx_time=0x126ed987 resp_tx=0x6ed9c5d9
89326.530 [0] DBG_DS_RESP stage=resp-raw poll_rx=0x50617b33 q=100 reply_uus=8000
89326.565 [0] DBG_DS_RESP stage=final-decode status=0 now=293855 seq=5 round=3 final_rx=0x8d5210f2
89326.565 [0] DBG_CLICK_LISTEN start=293940 until=294290 n=3
89326.565 [0] DBG_CLICK_REPORT_QUEUED now=293857 window=293940 k=1 earliest=293990 n=3
89326.565 [0] DBG_ANCHOR_CH5_SCAN_RESCHED ret=1 delay=380
89326.565 [0] DBG_COORD state=mesh-tx owner=report-tx reason=mesh-tx rx=0 tx=1 relay=0 route=0 ack=0 qack=0
89326.565 [0] DBG_REPORT_TX_SLOT_WAIT now=293859 earliest=293990 delay=101 seq=1
89326.794 [0] DBG_CLICK_SLOT_TX now=293961 due=293990 window=293940 k=1 n=3 seq=1
89326.794 [0] DBG_UPLINK_NEXT_HOP next=0xf6d3a3bdac0f858 depth=1 participant=1 wake=0
89326.794 [0] DBG_UPLINK_TX msg=20 seq=1 next=0xf6d3a3bdac0f858 wake=0 reason=queued-click-report
89326.794 [0] DBG_DWM_INVALIDATE tag=configure_radio_from_reset active_phy=1 configured=1 awake=1
89326.794 [0] DBG_DWM_MARK_UNCONFIGURED tag=initialise_radio prev_phy=0
89326.794 [0] DBG_DWM_PHY_SWITCH from=1 to=4 fast=0 us=21423
89326.794 [0] DBG_DWM_WAKE_MESH_CTRL_OK sfd=1033
89326.794 [0] DBG_DIRECT_GW_TX_CONFIG ret=0 now=293992 seq=1
89326.794 [0] DBG_CH9_TX_SEND_AT now=293994 earliest=293990 msg=20 len=281
89326.794 [0] DBG_CH9_TX_DONE now=294000 dur=6 len=281 msg=20
89326.794 [0] DBG_UWB_TX_CH5
89326.794 [0] DBG_CLICK_TX_DONE now=294000 seq=1
89326.794 [0] DBG_CH9_TX_SINGLE_SEND_OK
89326.794 [0] DBG_CH9_EVENT_STATE state=complete peer=0x0f6d3a3bdac0f858 start=293966 end=294216 reason=queued-click-report
89326.794 [0] DBG_DIRECT_GW_TX_ACK_TRANSIT_WAIT dst=0x9999888877776666 src=0xea35f5b508104aae seq=1
89326.794 [0] DBG_CLICK_ACK_RX_ARM now=294001 slice=60 seq=1
89326.933 [0] DBG_ANCHOR_CH5_SCAN_HANDLER role=2
89326.933 [0] DBG_ANCHOR_CH5_SCAN_BLOCKED win=0 tx=1 retry_gap=0 flood=0 wait=0 rx=0 rxq=0 rxr=0 ack=0 ch9=0 rf=1 retry=20 interval=380
89326.933 [0] DBG_SCAN_SKIPPED reason=blocked
89326.933 [0] DBG_ANCHOR_CH5_SCAN_RESCHED ret=1 delay=20
89326.933 [0] DBG_DIRECT_GW_TX_ACK_WAIT ret=-116 seq=1
89326.974 [0] DBG_DIRECT_GW_KEEP_CH9_AWAKE q=1 seq=1 ack_ret=-116 release_ret=0
89326.974 [0] DBG_CH9_TX_SINGLE_RETRYABLE ret=-11 seq=1
89326.974 [0] DBG_DIRECT_GW_ACK_DEFER_CORE seq=1 ret=-11 state=1 deadline=296000 reason=queued-click-report
89326.974 [0] DBG_UWB_RX_COORD_DEFER state=mesh-tx reason=mesh-tx route=0 q=0
89326.974 [0] DBG_TX_TIMEOUT_ENTER relay=1 route=0 ch9pend=0 bundle=0 now=294254
89326.974 [0] DBG_ANCHOR_CH5_SCAN_HANDLER role=2
89326.974 [0] DBG_ANCHOR_CH5_SCAN_ARM now=294266 win=24 complete=15 interval=380 wait=0 tx=1 response=0
89326.974 [0] DBG_DWM_CH5_RX_HUNT_START acq=24 complete=15 cap=1020
89327.024 [0] DBG_DWM_CH5_RX_HUNT_EMPTY s=294267 e=294291 ret=-116 sys=00000000 phy=4 cfg=1 aw=1 unk=0
89327.024 [0] DBG_ANCHOR_CH5_SCAN_DONE ret=-116 len=0 fail=1 pre=0 q=0 rx_us=24444 complete=15
89327.024 [0] DBG_ANCHOR_CH5_SCAN_RESCHED ret=1 delay=380
89327.024 [0] DBG_UWB_RX_COORD_DEFER state=mesh-tx reason=mesh-tx route=0 q=0
89327.059 [0] DBG_UWB_RX_COORD_DEFER state=mesh-tx reason=mesh-tx route=0 q=0
89327.099 [0] DBG_TX_TIMEOUT_ENTER relay=1 route=0 ch9pend=0 bundle=0 now=294379
89327.099 [0] DBG_RETRANSMIT_DIRECT_GW seq=1 now=294381
89327.099 [0] DBG_C5_CONTACT phase=open state=1 peer=0x0f6d3a3bdac0f858 purpose=uplink reason=retransmit-uplink-wake
89327.099 [0] DBG_WAKE_TRAIN_GUARD_OK
89327.099 [0] DBG_DWM_INVALIDATE tag=configure_radio_from_reset active_phy=4 configured=1 awake=1
89327.099 [0] DBG_DWM_MARK_UNCONFIGURED tag=initialise_radio prev_phy=0
89327.099 [0] DBG_DWM_PHY_SWITCH from=4 to=2 fast=0 us=20997
89327.131 [0] DBG_MESH_WAKE_POLITE_ACTIVITY phase=pre target=0xf6d3a3bdac0f858 retry=0 ret=0 fail=3 reason=retransmit-uplink-wake
89327.131 [0] DBG_WAKE_TRAIN_TIMING evt=294381 start=0 first=0 last=0 end=294422 sent=0 ret=-11
89327.131 [0] DBG_C5_CONTACT phase=closing state=4 peer=0x0f6d3a3bdac0f858 purpose=uplink reason=wake-train-fail
89327.131 [0] DBG_MESH_WAKE_POLITE_BACKOFF phase=pre target=0xf6d3a3bdac0f858 retry=1/3 delay=274 reason=retransmit-uplink-wake
89327.354 [0] DBG_ANCHOR_CH5_SCAN_HANDLER role=2
89327.397 [0] DBG_DWM_CH5_RX_HUNT_START acq=10 complete=1000 cap=1020
89327.397 [0] DBG_DWM_CH5_RX_ACTIVITY_EXTEND ret=0 status=0x00000100 complete=1000
89327.397 [0] DBG_DWM_CH5_RX_ACTIVITY_WAIT status=0x00000100 remain=1000
89327.397 [0] DBG_DWM_CH5_RX_ACTIVITY_DONE raw=51 payload=49 status=0x00006f00 rearm=0 extended=1
89327.397 [0] DBG_ANCHOR_CH5_SCAN_DONE ret=0 len=49 fail=0 pre=1 q=100 rx_us=10000 complete=1000
89327.397 [0] DBG_UWB_RX_CH5
89327.397 [0] DBG_ANCHOR_CH5_FRAME len=49 q=100 wake_ret=0
89327.397 [0] DBG_ANCHOR_ROUTE_WAKE_DISPATCH src=0x9699122bd60a64e3 evt=295184 attempt=1 flags=0x92 len=49 q=100
89327.397 [0] DBG_C5_CONTACT phase=open state=2 peer=0x9699122bd60a64e3 purpose=route_solicit reason=wake-claim
89327.397 [0] DBG_C5_CONTACT phase=accepted state=2 peer=0x9699122bd60a64e3 purpose=route_solicit reason=wake-claim
89327.397 [0] DBG_ROUTE_ACTIVATION_LISTEN valid=0 now=294688 start=0 relay=0 listen=1382
89327.397 [0] DBG_ANCHOR_ROUTE_WAKE_HANDOFF src=0x9699122bd60a64e3 evt=295184 attempt=1 flags=0x92 embedded=0 hop=0 listen=1382
89327.397 [0] DBG_C5_CONTACT phase=exchange state=3 peer=0x9699122bd60a64e3 purpose=route_solicit reason=anchor-route-wake-followup
89327.441 [0] DBG_DWM_INVALIDATE tag=configure_radio_from_reset active_phy=4 configured=1 awake=1
89327.441 [0] DBG_DWM_MARK_UNCONFIGURED tag=initialise_radio prev_phy=0
89327.441 [0] DBG_DWM_PHY_SWITCH from=4 to=2 fast=0 us=20935
89327.441 [0] DBG_DWM_CH5_RX_HUNT_START acq=61 complete=1000 cap=1020
89327.441 [0] DBG_DWM_CH5_RX_ACTIVITY_EXTEND ret=0 status=0x00000100 complete=1000
89327.441 [0] DBG_DWM_CH5_RX_ACTIVITY_WAIT status=0x00000100 remain=1000
89327.441 [0] DBG_UWB_RX_COORD_DEFER state=mesh-tx reason=mesh-tx route=0 q=0
89327.441 [0] DBG_DWM_CH5_RX_ACTIVITY_DONE raw=51 payload=49 status=0x00006f00 rearm=0 extended=1
89327.441 [0] DBG_DWM_INVALIDATE tag=configure_radio_from_reset active_phy=2 configured=1 awake=1
89327.441 [0] DBG_TX_TIMEOUT_ENTER relay=1 route=0 ch9pend=0 bundle=0 now=294755
89327.482 [0] DBG_RETRANSMIT_DIRECT_GW seq=1 now=294756
89327.482 [0] DBG_C5_CONTACT phase=open state=1 peer=0x0f6d3a3bdac0f858 purpose=uplink reason=retransmit-uplink-wake
89327.482 [0] DBG_WAKE_TRAIN_GUARD_FAIL
89327.482 [0] DBG_C5_CONTACT phase=closing state=4 peer=0x0f6d3a3bdac0f858 purpose=uplink reason=wake-train-guard-fail
89327.482 [0] DBG_UPLINK_WAKE next=0xf6d3a3bdac0f858 ret=-16 seq=1 phase=retransmit
89327.482 [0] DBG_DWM_MARK_UNCONFIGURED tag=initialise_radio prev_phy=0
89327.482 [0] DBG_DWM_PHY_SWITCH from=2 to=4 fast=0 us=23194
89327.482 [0] DBG_DWM_WAKE_MESH_CTRL_OK sfd=1033
89327.482 [0] DBG_ROUTE_REPLY_CLICK_PROBE_DONE duration_ms=52 outcome=restore ret=0
89327.482 [0] DBG_C5_RX_FAIL status=0x04000100 finfo=0x00000000 fail=2 phy=4 ch=5 plen=2 pac=0 txc=9 rxc=9 sfd=2 rate=0 phr=1 phrr=0 sfdto=1
89327.482 [0] DBG_DWM_INVALIDATE tag=configure_radio_from_reset active_phy=4 configured=1 awake=1
89327.482 [0] DBG_DWM_MARK_UNCONFIGURED tag=initialise_radio prev_phy=0
89327.525 [0] DBG_DWM_PHY_SWITCH from=4 to=2 fast=0 us=20844
89327.525 [0] DBG_DWM_CH5_RX_HUNT_START acq=61 complete=1000 cap=1020
89327.525 [0] DBG_DWM_CH5_RX_ACTIVITY_EXTEND ret=0 status=0x00000100 complete=1000
89327.525 [0] DBG_DWM_CH5_RX_ACTIVITY_DONE raw=51 payload=49 status=0x00006f00 rearm=0 extended=1
89327.525 [0] DBG_DWM_INVALIDATE tag=configure_radio_from_reset active_phy=2 configured=1 awake=1
89327.525 [0] DBG_UWB_RX_COORD_DEFER state=mesh-tx reason=mesh-tx route=0 q=0
89327.525 [0] DBG_DWM_MARK_UNCONFIGURED tag=initialise_radio prev_phy=0
89327.525 [0] DBG_DWM_PHY_SWITCH from=2 to=4 fast=0 us=20936
89327.525 [0] DBG_DWM_WAKE_MESH_CTRL_OK sfd=1033
89327.525 [0] DBG_ROUTE_REPLY_CLICK_PROBE_DONE duration_ms=50 outcome=restore ret=0
89327.525 [0] DBG_TX_TIMEOUT_ENTER relay=1 route=0 ch9pend=0 bundle=0 now=294827
89327.525 [0] DBG_RETRANSMIT_DIRECT_GW seq=1 now=294829
89327.525 [0] DBG_C5_CONTACT phase=open state=1 peer=0x0f6d3a3bdac0f858 purpose=uplink reason=retransmit-uplink-wake
89327.525 [0] DBG_WAKE_TRAIN_GUARD_FAIL
89327.525 [0] DBG_C5_CONTACT phase=closing state=4 peer=0x0f6d3a3bdac0f858 purpose=uplink reason=wake-train-guard-fail
89327.525 [0] DBG_UWB_RX_COORD_DEFER state=mesh-tx reason=mesh-tx route=0 q=0
89327.566 [0] DBG_DWM_MARK_UNCONFIGURED tag=initialise_radio prev_phy=0
89327.566 [0] DBG_DWM_PHY_SWITCH from=4 to=2 fast=0 us=21057
89327.566 [0] DBG_DWM_CH5_RX_HUNT_START acq=61 complete=1000 cap=1020
89327.566 [0] DBG_DWM_CH5_RX_ACTIVITY_EXTEND ret=0 status=0x00000100 complete=1000
89327.566 [0] DBG_DWM_CH5_RX_ACTIVITY_WAIT status=0x00000100 remain=1000
89327.566 [0] DBG_DWM_CH5_RX_ACTIVITY_DONE raw=51 payload=49 status=0x00006f00 rearm=0 extended=1
89327.566 [0] DBG_DWM_INVALIDATE tag=configure_radio_from_reset active_phy=2 configured=1 awake=1
89327.566 [0] DBG_UWB_RX_COORD_DEFER state=mesh-tx reason=mesh-tx route=0 q=0
89327.611 [0] DBG_DWM_MARK_UNCONFIGURED tag=initialise_radio prev_phy=0
89327.611 [0] DBG_DWM_PHY_SWITCH from=2 to=4 fast=0 us=20874
89327.611 [0] DBG_DWM_WAKE_MESH_CTRL_OK sfd=1033
89327.611 [0] DBG_ROUTE_REPLY_CLICK_PROBE_DONE duration_ms=49 outcome=restore ret=0
89327.611 [0] DBG_DWM_INVALIDATE tag=configure_radio_from_reset active_phy=4 configured=1 awake=1
89327.611 [0] DBG_DWM_MARK_UNCONFIGURED tag=initialise_radio prev_phy=0
89327.611 [0] DBG_DWM_PHY_SWITCH from=4 to=2 fast=0 us=20875
89327.611 [0] DBG_DWM_CH5_RX_HUNT_START acq=61 complete=1000 cap=1020
89327.611 [0] DBG_DWM_CH5_RX_ACTIVITY_EXTEND ret=0 status=0x00000100 complete=1000
89327.611 [0] DBG_DWM_CH5_RX_ACTIVITY_WAIT status=0x00000100 remain=1000
89327.611 [0] DBG_DWM_CH5_RX_ACTIVITY_DONE raw=51 payload=49 status=0x00006f00 rearm=0 extended=1
89327.611 [0] DBG_DWM_INVALIDATE tag=configure_radio_from_reset active_phy=2 configured=1 awake=1
89327.649 [0] DBG_UWB_RX_COORD_DEFER state=mesh-tx reason=mesh-tx route=0 q=0
89327.649 [0] DBG_DWM_MARK_UNCONFIGURED tag=initialise_radio prev_phy=0
89327.649 [0] DBG_DWM_PHY_SWITCH from=2 to=4 fast=0 us=21057
89327.649 [0] DBG_DWM_WAKE_MESH_CTRL_OK sfd=1033
89327.649 [0] DBG_ROUTE_REPLY_CLICK_PROBE_DONE duration_ms=46 outcome=restore ret=0
89327.655 [1] [00:04:54.697,570] <err> app_radio_guard: blocked UWB operation: mesh route WAKE_CLAIM train owner=mesh route reply RX client=2 age_ms=9
89327.655 [1] [00:04:54.697,601] <wrn> app_mesh_report: mesh route UWB WAKE_CLAIM guard failed: target=0x0f6d3a3bdac0f858 ret=-16
89327.655 [1] [00:04:54.757,293] <err> app_radio_guard: blocked UWB operation: mesh route WAKE_CLAIM tr
89327.683 [0] DBG_UWB_RX_COORD_DEFER state=mesh-tx reason=mesh-tx route=0 q=0
89327.685 [1]  mesh route UWB WAKE_CLAIM guard
89327.716 [0] DBG_UWB_RX_COORD_DEFER state=mesh-tx reason=mesh-tx route=0 q=0
89327.720 [1]  failed: target=0x0f6d3a3bdac0f858 ret=-16
89327.720 [1] [00:04:54.774,444] <wrn> app_mesh_report: mesh route reply RX failed: target=0x9699122bd60a64e3 ret=-5 rx_failure=2 reason=anchor-route-wake-followup
89327.720 [1] [00:04:54.826,751] <wrn> app_mesh_report: mesh route reply RX failed: target=0x9699122bd60a64e3 ret=-5 rx_failure=2 reason=anchor-route-w
89327.754 [0] DBG_TX_TIMEOUT_ENTER relay=1 route=0 ch9pend=0 bundle=0 now=295042
89327.754 [0] DBG_RETRANSMIT_DIRECT_GW seq=1 now=295044
89327.754 [0] DBG_C5_CONTACT phase=open state=1 peer=0x0f6d3a3bdac0f858 purpose=uplink reason=retransmit-uplink-wake
89327.754 [0] DBG_WAKE_TRAIN_GUARD_FAIL
89327.754 [0] DBG_C5_CONTACT phase=closing state=4 peer=0x0f6d3a3bdac0f858 purpose=uplink reason=wake-train-guard-fail
89327.754 [0] DBG_UPLINK_WAKE next=0xf6d3a3bdac0f858 ret=-16 seq=1 phase=retransmit
89327.754 [0] DBG_RETRANSMIT_DEFER reason=send-failed ret=0 send=-16 delay=264 seq=1 state=2
89327.754 [0] DBG_UWB_RX_COORD_DEFER state=mesh-tx reason=mesh-tx route=0 q=0
89327.754 [0] DBG_ROUTE_REPLY_RX_FRAME
89327.754 [0] DBG_ROUTE_REPLY_DECODE_FAIL ret=-8 len=281 q=100
89327.758 [1] ake-followup
89327.758 [1] 1
89327.758 [1] [00:04:54.830,017] <wrn> app_mesh_report: mesh route UWB WAKE_CLAIM guard failed: target=
89327.782 [0] DBG_UWB_RX_COORD_DEFER state=mesh-tx reason=mesh-tx route=0 q=0
89327.787 [1] 0x0f6d3a3bdac0f858 ret=-16
89327.787 [1] [00:04:54.890,869] <wrn> app_mesh_report: mesh route reply RX failed: target=0x9699122bd60a64e3 ret=-5 rx_failure=2 reason=anchor-route-wake-followup
89327.787 [1] [00:04:54.939,086] <wrn> app_mesh_report: mesh route reply RX failed: tar
89327.813 [1] get=0x9699122bd60a64e3 ret=-5 rx_failure=4 reason=anchor-route-wake-followup
89327.813 [1] [00:04:55.044,83
89327.843 [0] DBG_UWB_RX_COORD_DEFER state=mesh-tx reason=mesh-tx route=0 q=0
89327.850 [1] oute reply RX client=2 age_ms=356
89327.850 [1] [00:04:55.044,860] <wrn> app_mesh_report: mesh route UWB WAKE_CLAIM guard failed: target=0x0f6d3a3bdac0f858 ret=-16
89327.897 [0] DBG_UWB_RX_COORD_DEFER state=mesh-tx reason=mesh-tx route=0 q=0
89327.945 [0] DBG_UWB_RX_COORD_DEFER state=mesh-tx reason=mesh-tx route=0 q=0
89328.001 [0] DBG_UWB_RX_COORD_DEFER state=mesh-tx reason=mesh-tx route=0 q=0
89328.001 [0] DBG_TX_TIMEOUT_ENTER relay=1 route=0 ch9pend=0 bundle=0 now=295309
89328.001 [0] DBG_RETRANSMIT_DIRECT_GW seq=1 now=295310
89328.001 [0] DBG_C5_CONTACT phase=open state=1 peer=0x0f6d3a3bdac0f858 purpose=uplink reason=retransmit-uplink-wake
89328.001 [0] DBG_WAKE_TRAIN_GUARD_FAIL
89328.001 [0] DBG_C5_CONTACT phase=closing state=4 peer=0x0f6d3a3bdac0f858 purpose=uplink reason=wake-train-guard-fail
89328.001 [0] DBG_UPLINK_WAKE next=0xf6d3a3bdac0f858 ret=-16 seq=1 phase=retransmit
89328.001 [0] DBG_RETRANSMIT_DEFER reason=send-failed ret=0 send=-16 delay=215 seq=1 state=2
89328.001 [0] DBG_UWB_RX_COORD_DEFER state=mesh-tx reason=mesh-tx route=0 q=0
89328.051 [0] DBG_UWB_RX_COORD_DEFER state=mesh-tx reason=mesh-tx route=0 q=0
89328.106 [0] DBG_UWB_RX_COORD_DEFER state=mesh-tx reason=mesh-tx route=0 q=0
89328.155 [0] DBG_UWB_RX_COORD_DEFER state=mesh-tx reason=mesh-tx route=0 q=0
89328.208 [0] DBG_UWB_RX_COORD_DEFER state=mesh-tx reason=mesh-tx route=0 q=0
89328.208 [0] DBG_TX_TIMEOUT_ENTER relay=1 route=0 ch9pend=0 bundle=0 now=295526
89328.243 [0] DBG_RETRANSMIT_DIRECT_GW seq=1 now=295527
89328.243 [0] DBG_C5_CONTACT phase=open state=1 peer=0x0f6d3a3bdac0f858 purpose=uplink reason=retransmit-uplink-wake
89328.243 [0] DBG_WAKE_TRAIN_GUARD_FAIL
89328.243 [0] DBG_C5_CONTACT phase=closing state=4 peer=0x0f6d3a3bdac0f858 purpose=uplink reason=wake-train-guard-fail
89328.243 [0] DBG_UPLINK_WAKE next=0xf6d3a3bdac0f858 ret=-16 seq=1 phase=retransmit
89328.243 [0] DBG_RETRANSMIT_DEFER reason=send-failed ret=0 send=-16 delay=260 seq=1 state=2
89328.243 [0] DBG_UWB_RX_COORD_DEFER state=mesh-tx reason=mesh-tx route=0 q=0
89328.243 [0] DBG_DWM_INVALIDATE tag=configure_radio_from_reset active_phy=4 configured=1 awake=1
89328.243 [0] DBG_DWM_MARK_UNCONFIGURED tag=initialise_radio prev_phy=0
89328.281 [0] DBG_DWM_PHY_SWITCH from=4 to=2 fast=0 us=20843
89328.281 [0] DBG_DWM_CH5_RX_HUNT_START acq=61 complete=1000 cap=1020
89328.281 [0] DBG_DWM_CH5_RX_ACTIVITY_EXTEND ret=0 status=0x00000100 complete=1000
89328.281 [0] DBG_DWM_CH5_RX_ACTIVITY_WAIT status=0x00000100 remain=1000
89328.281 [0] DBG_DWM_CH5_RX_ACTIVITY_DONE raw=51 payload=49 status=0x00006f00 rearm=0 extended=1
89328.281 [0] DBG_UWB_RX_COORD_DEFER state=mesh-tx reason=mesh-tx route=0 q=0
89328.281 [0] DBG_DWM_MARK_UNCONFIGURED tag=initialise_radio prev_phy=0
89328.281 [0] DBG_DWM_PHY_SWITCH from=2 to=4 fast=0 us=21057
89328.281 [0] DBG_DWM_WAKE_MESH_CTRL_OK sfd=1033
89328.281 [0] DBG_ROUTE_REPLY_CLICK_PROBE_DONE duration_ms=45 outcome=restore ret=0
89328.319 [0] DBG_DWM_INVALIDATE tag=configure_radio_from_reset active_phy=4 configured=1 awake=1
89328.319 [0] DBG_DWM_MARK_UNCONFIGURED tag=initialise_radio prev_phy=0
89328.319 [0] DBG_DWM_PHY_SWITCH from=4 to=2 fast=0 us=20904
89328.319 [0] DBG_DWM_CH5_RX_HUNT_START acq=61 complete=1000 cap=1020
89328.319 [0] DBG_DWM_CH5_RX_ACTIVITY_EXTEND ret=0 status=0x00000100 complete=1000
89328.319 [0] DBG_DWM_CH5_RX_ACTIVITY_WAIT status=0x00000100 remain=999
89328.319 [0] DBG_UWB_RX_COORD_DEFER state=mesh-tx reason=mesh-tx route=0 q=0
89328.319 [0] DBG_DWM_CH5_RX_ACTIVITY_DONE raw=51 payload=49 status=0x00006f00 rearm=0 extended=1
89328.319 [0] DBG_DWM_INVALIDATE tag=configure_radio_from_reset active_phy=2 configured=1 awake=1
89328.360 [0] DBG_DWM_MARK_UNCONFIGURED tag=initialise_radio prev_phy=0
89328.360 [0] DBG_DWM_PHY_SWITCH from=2 to=4 fast=0 us=20966
89328.360 [0] DBG_DWM_WAKE_MESH_CTRL_OK sfd=1033
89328.360 [0] DBG_ROUTE_REPLY_CLICK_PROBE_DONE duration_ms=50 outcome=restore ret=0
89328.360 [0] DBG_DWM_INVALIDATE tag=configure_radio_from_reset active_phy=4 configured=1 awake=1
89328.360 [0] DBG_DWM_MARK_UNCONFIGURED tag=initialise_radio prev_phy=0
89328.360 [0] DBG_DWM_PHY_SWITCH from=4 to=2 fast=0 us=21027
89328.360 [0] DBG_DWM_CH5_RX_HUNT_START acq=61 complete=1000 cap=1020
89328.360 [0] DBG_DWM_CH5_RX_ACTIVITY_EXTEND ret=0 status=0x00000100 complete=1000
89328.360 [0] DBG_DWM_CH5_RX_ACTIVITY_WAIT status=0x00000100 remain=1000
89328.399 [0] DBG_DWM_CH5_RX_ACTIVITY_DONE raw=51 payload=49 status=0x00006f00 rearm=0 extended=1
89328.399 [0] DBG_DWM_INVALIDATE tag=configure_radio_from_reset active_phy=2 configured=1 awake=1
89328.399 [0] DBG_UWB_RX_COORD_DEFER state=mesh-tx reason=mesh-tx route=0 q=0
89328.399 [0] DBG_DWM_MARK_UNCONFIGURED tag=initialise_radio prev_phy=0
89328.399 [0] DBG_DWM_PHY_SWITCH from=2 to=4 fast=0 us=20843
89328.399 [0] DBG_DWM_WAKE_MESH_CTRL_OK sfd=1033
89328.399 [0] DBG_ROUTE_REPLY_CLICK_PROBE_DONE duration_ms=46 outcome=restore ret=0
89328.399 [0] DBG_DWM_INVALIDATE tag=configure_radio_from_reset active_phy=4 configured=1 awake=1
89328.435 [0] DBG_DWM_MARK_UNCONFIGURED tag=initialise_radio prev_phy=0
89328.435 [0] DBG_DWM_PHY_SWITCH from=4 to=2 fast=0 us=20844
89328.435 [0] DBG_DWM_CH5_RX_HUNT_START acq=61 complete=1000 cap=1020
89328.435 [0] DBG_DWM_CH5_RX_ACTIVITY_EXTEND ret=0 status=0x00000100 complete=1000
89328.435 [0] DBG_DWM_CH5_RX_ACTIVITY_WAIT status=0x00000100 remain=1000
89328.435 [0] DBG_UWB_RX_COORD_DEFER state=mesh-tx reason=mesh-tx route=0 q=0
89328.435 [0] DBG_DWM_CH5_RX_ACTIVITY_DONE raw=51 payload=49 status=0x00006f00 rearm=0 extended=1
89328.435 [0] DBG_DWM_INVALIDATE tag=configure_radio_from_reset active_phy=2 configured=1 awake=1
89328.435 [0] DBG_DWM_MARK_UNCONFIGURED tag=initialise_radio prev_phy=0
89328.478 [0] DBG_DWM_PHY_SWITCH from=2 to=4 fast=0 us=20966
89328.478 [0] DBG_DWM_WAKE_MESH_CTRL_OK sfd=1033
89328.478 [0] DBG_ROUTE_REPLY_CLICK_PROBE_DONE duration_ms=50 outcome=restore ret=0
89328.478 [0] DBG_DWM_INVALIDATE tag=configure_radio_from_reset active_phy=4 configured=1 awake=1
89328.478 [0] DBG_DWM_MARK_UNCONFIGURED tag=initialise_radio prev_phy=0
89328.478 [0] DBG_DWM_PHY_SWITCH from=4 to=2 fast=0 us=20844
89328.478 [0] DBG_DWM_CH5_RX_HUNT_START acq=61 complete=1000 cap=1020
89328.478 [0] DBG_DWM_CH5_RX_ACTIVITY_EXTEND ret=0 status=0x00000100 complete=1000
89328.478 [0] DBG_DWM_CH5_RX_ACTIVITY_WAIT status=0x00000100 remain=999
89328.478 [0] DBG_UWB_RX_COORD_DEFER state=mesh-tx reason=mesh-tx route=0 q=0
89328.478 [0] DBG_DWM_CH5_RX_ACTIVITY_DONE raw=51 payload=49 status=0x00006f00 rearm=0 extended=1
89328.478 [0] DBG_DWM_INVALIDATE tag=configure_radio_from_reset active_phy=2 configured=1 awake=1
89328.478 [0] DBG_TX_TIMEOUT_ENTER relay=1 route=0 ch9pend=0 bundle=0 now=295788
89328.478 [0] DBG_RETRANSMIT_DIRECT_GW seq=1 now=295790
89328.478 [0] DBG_C5_CONTACT phase=open state=1 peer=0x0f6d3a3bdac0f858 purpose=uplink reason=retransmit-uplink-wake
89328.478 [0] DBG_WAKE_TRAIN_GUARD_FAIL
89328.482 [1] [00:04:55.311,553] <err> app_radio_guard: blocked UWB operation: mesh route WAKE_CLAIM train owner=mesh route reply RX client=2 age_ms=623
89328.482 [1] [00:04:55.311,614] <wrn> app_mesh_report: mesh route UWB WAKE_CLAIM guard failed: target=0x0f6d3a3bdac0f858 ret=-16
89328.482 [1] [00:04:55.528,320] <err> app_radio_guard: blocked UWB operation: mesh route WAKE_CLAIM tr
89328.528 [0] DBG_DWM_PHY_SWITCH from=2 to=4 fast=0 us=22370
89328.528 [0] DBG_DWM_WAKE_MESH_CTRL_OK sfd=1033
89328.528 [0] DBG_ROUTE_REPLY_CLICK_PROBE_DONE duration_ms=48 outcome=restore ret=0
89328.528 [0] DBG_DWM_INVALIDATE tag=configure_radio_from_reset active_phy=4 configured=1 awake=1
89328.528 [0] DBG_DWM_MARK_UNCONFIGURED tag=initialise_radio prev_phy=0
89328.528 [0] DBG_DWM_PHY_SWITCH from=4 to=2 fast=0 us=20874
89328.528 [0] DBG_DWM_CH5_RX_HUNT_START acq=61 complete=1000 cap=1020
89328.528 [0] DBG_DWM_CH5_RX_ACTIVITY_EXTEND ret=0 status=0x00000100 complete=1000
89328.528 [0] DBG_DWM_CH5_RX_ACTIVITY_WAIT status=0x00000100 remain=1000
89328.528 [0] DBG_UWB_RX_COORD_DEFER state=mesh-tx reason=mesh-tx route=0 q=0
89328.534 [1] 0
89328.534 [1] get=0x9699122bd60a64e3 ret=-5 rx_failure=4 reason=anchor-route-wake-followup
89328.534 [1] [00:04:55.753,448] <wrn> app_mesh_report: mesh route reply RX failed: target=0x9699122bd60a64e3 ret=-5 rx_failure=2 reason=anchor-route-wake-followup
89328.534 [1] [00:04:55.791,076] <err> app_radio_guard: blocked UWB operation: mesh route WAKE_CLAIM train owner=mesh route reply RX cl
89328.590 [0] DBG_DWM_CH5_RX_ACTIVITY_DONE raw=51 payload=49 status=0x00006f00 rearm=0 extended=1
89328.590 [0] DBG_DWM_INVALIDATE tag=configure_radio_from_reset active_phy=2 configured=1 awake=1
89328.590 [0] DBG_DWM_MARK_UNCONFIGURED tag=initialise_radio prev_phy=0
89328.590 [0] DBG_DWM_PHY_SWITCH from=2 to=4 fast=0 us=20905
89328.590 [0] DBG_DWM_WAKE_MESH_CTRL_OK sfd=1033
89328.590 [0] DBG_ROUTE_REPLY_CLICK_PROBE_DONE duration_ms=51 outcome=restore ret=0
89328.590 [0] DBG_DWM_INVALIDATE tag=configure_radio_from_reset active_phy=4 configured=1 awake=1
89328.590 [0] DBG_DWM_MARK_UNCONFIGURED tag=initialise_radio prev_phy=0
89328.590 [0] DBG_UWB_RX_COORD_DEFER state=mesh-tx reason=mesh-tx route=0 q=0
89328.590 [0] DBG_DWM_PHY_SWITCH from=4 to=2 fast=0 us=21149
89328.590 [0] DBG_DWM_CH5_RX_HUNT_START acq=61 complete=1000 cap=1020
89328.590 [0] DBG_DWM_CH5_RX_ACTIVITY_EXTEND ret=0 status=0x00000100 complete=1000
89328.590 [0] DBG_DWM_CH5_RX_ACTIVITY_WAIT status=0x00000100 remain=1000
89328.647 [0] DBG_DWM_CH5_RX_ACTIVITY_DONE raw=51 payload=49 status=0x00006f00 rearm=0 extended=1
89328.647 [0] DBG_DWM_INVALIDATE tag=configure_radio_from_reset active_phy=2 configured=1 awake=1
89328.647 [0] DBG_DWM_MARK_UNCONFIGURED tag=initialise_radio prev_phy=0
89328.647 [0] DBG_DWM_PHY_SWITCH from=2 to=4 fast=0 us=20843
89328.647 [0] DBG_DWM_WAKE_MESH_CTRL_OK sfd=1033
89328.647 [0] DBG_ROUTE_REPLY_CLICK_PROBE_DONE duration_ms=50 outcome=restore ret=0
89328.647 [0] DBG_DWM_INVALIDATE tag=configure_radio_from_reset active_phy=4 configured=1 awake=1
89328.647 [0] DBG_DWM_MARK_UNCONFIGURED tag=initialise_radio prev_phy=0
89328.647 [0] DBG_UWB_RX_COORD_DEFER state=mesh-tx reason=mesh-tx route=0 q=0
89328.647 [0] DBG_DWM_PHY_SWITCH from=4 to=2 fast=0 us=21057
89328.647 [0] DBG_DWM_CH5_RX_HUNT_START acq=61 complete=1000 cap=1020
89328.647 [0] DBG_DWM_CH5_RX_ACTIVITY_EXTEND ret=0 status=0x00000100 complete=1000
89328.647 [0] DBG_DWM_CH5_RX_ACTIVITY_WAIT status=0x00000100 remain=1000
89328.647 [0] DBG_DWM_CH5_RX_ACTIVITY_DONE raw=51 payload=49 status=0x00006f00 rearm=0 extended=1
89328.647 [0] DBG_DWM_INVALIDATE tag=configure_radio_from_reset active_phy=2 configured=1 awake=1
89328.690 [0] DBG_DWM_PHY_SWITCH from=2 to=4 fast=0 us=20935
89328.690 [0] DBG_DWM_WAKE_MESH_CTRL_OK sfd=1033
89328.690 [0] DBG_ROUTE_REPLY_CLICK_PROBE_DONE duration_ms=46 outcome=restore ret=0
89328.690 [0] DBG_DWM_INVALIDATE tag=configure_radio_from_reset active_phy=4 configured=1 awake=1
89328.690 [0] DBG_UWB_RX_COORD_DEFER state=mesh-tx reason=mesh-tx route=0 q=0
89328.690 [0] DBG_DWM_MARK_UNCONFIGURED tag=initialise_radio prev_phy=0
89328.690 [0] DBG_DWM_PHY_SWITCH from=4 to=2 fast=0 us=20813
89328.690 [0] DBG_DWM_CH5_RX_HUNT_START acq=61 complete=1000 cap=1020
89328.730 [0] DBG_DWM_CH5_RX_ACTIVITY_EXTEND ret=0 status=0x00000100 complete=1000
89328.730 [0] DBG_DWM_CH5_RX_ACTIVITY_WAIT status=0x00000100 remain=1000
89328.730 [0] DBG_DWM_CH5_RX_ACTIVITY_DONE raw=51 payload=49 status=0x00006f00 rearm=0 extended=1
89328.730 [0] DBG_DWM_INVALIDATE tag=configure_radio_from_reset active_phy=2 configured=1 awake=1
89328.730 [0] DBG_DWM_MARK_UNCONFIGURED tag=initialise_radio prev_phy=0
89328.730 [0] DBG_DWM_PHY_SWITCH from=2 to=4 fast=0 us=20965
89328.730 [0] DBG_DWM_WAKE_MESH_CTRL_OK sfd=1033
89328.730 [0] DBG_ROUTE_REPLY_CLICK_PROBE_DONE duration_ms=50 outcome=restore ret=0
89328.730 [0] DBG_DWM_INVALIDATE tag=configure_radio_from_reset active_phy=4 configured=1 awake=1
89328.730 [0] DBG_UWB_RX_COORD_DEFER state=mesh-tx reason=mesh-tx route=0 q=0
89328.765 [0] DBG_DWM_MARK_UNCONFIGURED tag=initialise_radio prev_phy=0
89328.765 [0] DBG_DWM_PHY_SWITCH from=4 to=2 fast=0 us=20843
89328.765 [0] DBG_DWM_CH5_RX_HUNT_START acq=61 complete=1000 cap=1020
89328.798 [0] DBG_UWB_RX_COORD_DEFER state=mesh-tx reason=mesh-tx route=0 q=0
89328.833 [0] DBG_DWM_CH5_RX_HUNT_EMPTY s=296061 e=296122 ret=-116 sys=00000000 phy=2 cfg=1 aw=1 unk=0
89328.833 [0] DBG_DWM_INVALIDATE tag=configure_radio_from_reset active_phy=2 configured=1 awake=1
89328.833 [0] DBG_DWM_MARK_UNCONFIGURED tag=initialise_radio prev_phy=0
89328.833 [0] DBG_UWB_RX_COORD_DEFER state=mesh-tx reason=mesh-tx route=0 q=0
89328.833 [0] DBG_DWM_PHY_SWITCH from=2 to=4 fast=0 us=21057
89328.833 [0] DBG_DWM_WAKE_MESH_CTRL_OK sfd=1033
89328.833 [0] DBG_ROUTE_REPLY_CLICK_PROBE_DONE duration_ms=104 outcome=restore ret=0
89328.833 [0] DBG_ROUTE_REPLY_EMPTY status=04000100 phy=4 phr=1 starts=1962 done=600 timeouts=1307 crc=10 errors=33 scope=31 spi=0
89328.833 [0] DBG_ROUTE_REPLY_LISTEN_DONE captured=0 ret=-5
89328.833 [0] DBG_ANCHOR_ROUTE_WAKE_HANDOFF_DONE src=0x9699122bd60a64e3 embedded=0 ret=-5 pending=0
89328.833 [0] DBG_ANCHOR_ROUTE_WAKE_DISPATCH_DONE handled=1 len=49 q=100
89328.833 [0] DBG_ANCHOR_CH5_SCAN_RESCHED ret=1 delay=380
89328.864 [0] DBG_UWB_RX_COORD_DEFER state=mesh-tx reason=mesh-tx route=0 q=0
89328.889 [0] DBG_UWB_RX_COORD_DEFER state=mesh-tx reason=mesh-tx route=0 q=0
89328.937 [0] DBG_UWB_RX_COORD_DEFER state=mesh-tx reason=mesh-tx route=0 q=0
89328.963 [0] DBG_STACK_RUN_BEGIN epoch=16284486061926904368 run=202 kind=cir_handling owner=anchor_uwb_scan queue=1 custody=1 credit=0 retry=0 drain=0 src=16876665336513972910 dst=11068027678940948070 session=713906924 seq=1 type=32 sequence=0 previous=0 uptime=296270
89328.991 [0] DBG_UWB_RX_COORD_DEFER state=mesh-tx reason=mesh-tx route=0 q=0
89329.018 [0] DBG_TX_TIMEOUT_ENTER relay=1 route=0 ch9pend=0 bundle=0 now=296324
89329.018 [0] DBG_RETRANSMIT_DIRECT_GW seq=1 now=296326
89329.018 [0] DBG_C5_CONTACT phase=open state=1 peer=0x0f6d3a3bdac0f858 purpose=uplink reason=retransmit-uplink-wake
89329.018 [0] DBG_WAKE_TRAIN_GUARD_OK
89329.018 [0] DBG_DWM_INVALIDATE tag=configure_radio_from_reset active_phy=4 configured=1 awake=1
89329.044 [0] DBG_DWM_MARK_UNCONFIGURED tag=initialise_radio prev_phy=0
89329.044 [0] DBG_DWM_PHY_SWITCH from=4 to=2 fast=0 us=20874
89329.073 [0] DBG_WAKE_TRAIN_CONFIG_BEGIN
89329.073 [0] DBG_WAKE_TRAIN_CONFIG_OK
89329.073 [0] DBG_WAKE_TRAIN_FIRST_SEND_BEGIN
89329.073 [0] DBG_WAKE_TRAIN_FIRST_SEND_OK
89329.073 [0] DBG_UWB_TX_CH5
89329.073 [0] DBG_TX_WAKE_CLAIM_SENT
89329.103 [0] DBG_UWB_TX_CH5
89329.103 [0] DBG_TX_WAKE_CLAIM_SENT
89329.103 [0] DBG_UWB_TX_CH5
89329.103 [0] DBG_TX_WAKE_CLAIM_SENT
89329.103 [0] DBG_UWB_TX_CH5
89329.103 [0] DBG_TX_WAKE_CLAIM_SENT
89329.103 [0] DBG_DWM_CH5_RX_HUNT_START acq=10 complete=1000 cap=124
89329.103 [0] DBG_DWM_CH5_RX_HUNT_EMPTY s=296407 e=296417 ret=-116 sys=00000000 phy=2 cfg=1 aw=1 unk=0
89329.133 [0] DBG_UWB_TX_CH5
89329.133 [0] DBG_TX_WAKE_CLAIM_SENT
89329.133 [0] DBG_UWB_TX_CH5
89329.133 [0] DBG_TX_WAKE_CLAIM_SENT
89329.133 [0] DBG_DWM_CH5_RX_HUNT_START acq=10 complete=1000 cap=124
89329.133 [0] DBG_DWM_CH5_RX_HUNT_EMPTY s=296431 e=296441 ret=-116 sys=00000000 phy=2 cfg=1 aw=1 unk=0
89329.133 [0] DBG_UWB_TX_CH5
89329.133 [0] DBG_TX_WAKE_CLAIM_SENT
89329.165 [0] DBG_UWB_TX_CH5
89329.165 [0] DBG_TX_WAKE_CLAIM_SENT
89329.165 [0] DBG_DWM_CH5_RX_HUNT_START acq=10 complete=1000 cap=124
89329.165 [0] DBG_DWM_CH5_RX_HUNT_EMPTY s=296455 e=296465 ret=-116 sys=00000000 phy=2 cfg=1 aw=1 unk=0
89329.165 [0] DBG_UWB_TX_CH5
89329.165 [0] DBG_TX_WAKE_CLAIM_SENT
89329.165 [0] DBG_UWB_TX_CH5
89329.165 [0] DBG_TX_WAKE_CLAIM_SENT
89329.165 [0] DBG_DWM_CH5_RX_HUNT_START acq=10 complete=1000 cap=124
89329.207 [0] DBG_DWM_CH5_RX_HUNT_EMPTY s=296479 e=296489 ret=-116 sys=00000000 phy=2 cfg=1 aw=1 unk=0
89329.207 [0] DBG_UWB_TX_CH5
89329.207 [0] DBG_TX_WAKE_CLAIM_SENT
89329.207 [0] DBG_UWB_TX_CH5
89329.207 [0] DBG_TX_WAKE_CLAIM_SENT
89329.207 [0] DBG_DWM_CH5_RX_HUNT_START acq=10 complete=1000 cap=124
89329.207 [0] DBG_DWM_CH5_RX_HUNT_EMPTY s=296503 e=296513 ret=-116 sys=00000000 phy=2 cfg=1 aw=1 unk=0
89329.207 [0] DBG_UWB_TX_CH5
89329.207 [0] DBG_TX_WAKE_CLAIM_SENT
89329.250 [0] DBG_ANCHOR_CH5_SCAN_HANDLER role=2
89329.250 [0] DBG_UWB_TX_CH5
89329.250 [0] DBG_TX_WAKE_CLAIM_SENT
89329.250 [0] DBG_DWM_CH5_RX_HUNT_START acq=10 complete=1000 cap=124
89329.250 [0] DBG_ANCHOR_CH5_SCAN_BLOCKED win=0 tx=1 retry_gap=0 flood=0 wait=0 rx=0 rxq=0 rxr=0 ack=0 ch9=0 rf=1 retry=20 interval=380
89329.250 [0] DBG_SCAN_SKIPPED reason=blocked
89329.250 [0] DBG_ANCHOR_CH5_SCAN_RESCHED ret=1 delay=20
89329.250 [0] DBG_DWM_CH5_RX_HUNT_EMPTY s=296527 e=296537 ret=-116 sys=00000000 phy=2 cfg=1 aw=1 unk=0
89329.250 [0] DBG_UWB_TX_CH5
89329.250 [0] DBG_TX_WAKE_CLAIM_SENT
89329.250 [0] DBG_UWB_TX_CH5
89329.250 [0] DBG_TX_WAKE_CLAIM_SENT
89329.250 [0] DBG_DWM_CH5_RX_HUNT_START acq=10 complete=1000 cap=124
89329.250 [0] DBG_ANCHOR_CH5_SCAN_HANDLER role=2
89329.250 [0] DBG_ANCHOR_CH5_SCAN_BLOCKED win=0 tx=1 retry_gap=0 flood=0 wait=0 rx=0 rxq=0 rxr=0 ack=0 ch9=0 rf=1 retry=20 interval=380
89329.250 [0] DBG_SCAN_SKIPPED reason=blocked
89329.250 [0] DBG_ANCHOR_CH5_SCAN_RESCHED ret=1 delay=20
89329.250 [0] DBG_DWM_CH5_RX_HUNT_EMPTY s=296551 e=296561 ret=-116 sys=00000000 phy=2 cfg=1 aw=1 unk=0
89329.289 [0] DBG_UWB_TX_CH5
89329.289 [0] DBG_TX_WAKE_CLAIM_SENT
89329.289 [0] DBG_UWB_TX_CH5
89329.289 [0] DBG_TX_WAKE_CLAIM_SENT
89329.289 [0] DBG_DWM_CH5_RX_HUNT_START acq=10 complete=1000 cap=124
89329.289 [0] DBG_ANCHOR_CH5_SCAN_HANDLER role=2
89329.289 [0] DBG_ANCHOR_CH5_SCAN_BLOCKED win=0 tx=1 retry_gap=0 flood=0 wait=0 rx=0 rxq=0 rxr=0 ack=0 ch9=0 rf=1 retry=20 interval=380
89329.289 [0] DBG_SCAN_SKIPPED reason=blocked
89329.289 [0] DBG_ANCHOR_CH5_SCAN_RESCHED ret=1 delay=20
89329.289 [0] DBG_UWB_TX_CH5
89329.289 [0] DBG_TX_WAKE_CLAIM_SENT
89329.289 [0] DBG_UWB_TX_CH5
89329.289 [0] DBG_TX_WAKE_CLAIM_SENT
89329.289 [0] DBG_DWM_CH5_RX_HUNT_START acq=10 complete=1000 cap=124
89329.330 [0] DBG_ANCHOR_CH5_SCAN_HANDLER role=2
89329.330 [0] DBG_DWM_CH5_RX_HUNT_EMPTY s=296599 e=296609 ret=-116 sys=00000000 phy=2 cfg=1 aw=1 unk=0
89329.330 [0] DBG_ANCHOR_CH5_SCAN_BLOCKED win=0 tx=1 retry_gap=0 flood=0 wait=0 rx=0 rxq=0 rxr=0 ack=0 ch9=0 rf=1 retry=20 interval=380
89329.330 [0] DBG_SCAN_SKIPPED reason=blocked
89329.330 [0] DBG_ANCHOR_CH5_SCAN_RESCHED ret=1 delay=20
89329.330 [0] DBG_UWB_TX_CH5
89329.330 [0] DBG_TX_WAKE_CLAIM_SENT
89329.330 [0] DBG_UWB_TX_CH5
89329.330 [0] DBG_TX_WAKE_CLAIM_SENT
89329.330 [0] DBG_DWM_CH5_RX_HUNT_START acq=10 complete=1000 cap=124
89329.330 [0] DBG_ANCHOR_CH5_SCAN_HANDLER role=2
89329.330 [0] DBG_DWM_CH5_RX_HUNT_EMPTY s=296623 e=296633 ret=-116 sys=00000000 phy=2 cfg=1 aw=1 unk=0
89329.330 [0] DBG_ANCHOR_CH5_SCAN_BLOCKED win=0 tx=1 retry_gap=0 flood=0 wait=0 rx=0 rxq=0 rxr=0 ack=0 ch9=0 rf=1 retry=20 interval=380
89329.330 [0] DBG_SCAN_SKIPPED reason=blocked
89329.330 [0] DBG_ANCHOR_CH5_SCAN_RESCHED ret=1 delay=20
89329.330 [0] DBG_UWB_TX_CH5
89329.330 [0] DBG_TX_WAKE_CLAIM_SENT
89329.373 [0] DBG_UWB_TX_CH5
89329.373 [0] DBG_TX_WAKE_CLAIM_SENT
89329.373 [0] DBG_DWM_CH5_RX_HUNT_START acq=10 complete=1000 cap=124
89329.373 [0] DBG_ANCHOR_CH5_SCAN_HANDLER role=2
89329.373 [0] DBG_DWM_CH5_RX_HUNT_EMPTY s=296647 e=296657 ret=-116 sys=00000000 phy=2 cfg=1 aw=1 unk=0
89329.373 [0] DBG_ANCHOR_CH5_SCAN_BLOCKED win=0 tx=1 retry_gap=0 flood=0 wait=0 rx=0 rxq=0 rxr=0 ack=0 ch9=0 rf=1 retry=20 interval=380
89329.373 [0] DBG_SCAN_SKIPPED reason=blocked
89329.373 [0] DBG_ANCHOR_CH5_SCAN_RESCHED ret=1 delay=20
89329.373 [0] DBG_UWB_TX_CH5
89329.373 [0] DBG_TX_WAKE_CLAIM_SENT
89329.373 [0] DBG_UWB_TX_CH5
89329.373 [0] DBG_TX_WAKE_CLAIM_SENT
89329.373 [0] DBG_DWM_CH5_RX_HUNT_START acq=10 complete=1000 cap=124
89329.373 [0] DBG_ANCHOR_CH5_SCAN_HANDLER role=2
89329.373 [0] DBG_DWM_CH5_RX_HUNT_EMPTY s=296671 e=296681 ret=-116 sys=00000000 phy=2 cfg=1 aw=1 unk=0
89329.373 [0] DBG_ANCHOR_CH5_SCAN_BLOCKED win=0 tx=1 retry_gap=0 flood=0 wait=0 rx=0 rxq=0 rxr=0 ack=0 ch9=0 rf=1 retry=20 interval=380
89329.373 [0] DBG_SCAN_SKIPPED reason=blocked
89329.373 [0] DBG_ANCHOR_CH5_SCAN_RESCHED ret=1 delay=20
89329.373 [0] DBG_UWB_TX_CH5
89329.373 [0] DBG_TX_WAKE_CLAIM_SENT
89329.415 [0] DBG_UWB_TX_CH5
89329.415 [0] DBG_TX_WAKE_CLAIM_SENT
89329.415 [0] DBG_DWM_CH5_RX_HUNT_START acq=10 complete=1000 cap=124
89329.415 [0] DBG_ANCHOR_CH5_SCAN_HANDLER role=2
89329.415 [0] DBG_DWM_CH5_RX_HUNT_EMPTY s=296695 e=296705 ret=-116 sys=00000000 phy=2 cfg=1 aw=1 unk=0
89329.415 [0] DBG_ANCHOR_CH5_SCAN_BLOCKED win=0 tx=1 retry_gap=0 flood=0 wait=0 rx=0 rxq=0 rxr=0 ack=0 ch9=0 rf=1 retry=20 interval=380
89329.415 [0] DBG_SCAN_SKIPPED reason=blocked
89329.415 [0] DBG_ANCHOR_CH5_SCAN_RESCHED ret=1 delay=20
89329.415 [0] DBG_UWB_TX_CH5
89329.415 [0] DBG_TX_WAKE_CLAIM_SENT
89329.415 [0] DBG_UWB_TX_CH5
89329.415 [0] DBG_TX_WAKE_CLAIM_SENT
89329.415 [0] DBG_DWM_CH5_RX_HUNT_START acq=10 complete=1000 cap=124
89329.415 [0] DBG_ANCHOR_CH5_SCAN_HANDLER role=2
89329.415 [0] DBG_DWM_CH5_RX_HUNT_EMPTY s=296719 e=296729 ret=-116 sys=00000000 phy=2 cfg=1 aw=1 unk=0
89329.454 [0] DBG_ANCHOR_CH5_SCAN_BLOCKED win=0 tx=1 retry_gap=0 flood=0 wait=0 rx=0 rxq=0 rxr=0 ack=0 ch9=0 rf=1 retry=20 interval=380
89329.454 [0] DBG_SCAN_SKIPPED reason=blocked
89329.454 [0] DBG_ANCHOR_CH5_SCAN_RESCHED ret=1 delay=20
89329.454 [0] DBG_UWB_TX_CH5
89329.454 [0] DBG_TX_WAKE_CLAIM_SENT
89329.454 [0] DBG_UWB_TX_CH5
89329.454 [0] DBG_TX_WAKE_CLAIM_SENT
89329.454 [0] DBG_DWM_CH5_RX_HUNT_START acq=10 complete=1000 cap=124
89329.454 [0] DBG_ANCHOR_CH5_SCAN_HANDLER role=2
89329.454 [0] DBG_DWM_CH5_RX_HUNT_EMPTY s=296743 e=296753 ret=-116 sys=00000000 phy=2 cfg=1 aw=1 unk=0
89329.454 [0] DBG_ANCHOR_CH5_SCAN_BLOCKED win=0 tx=1 retry_gap=0 flood=0 wait=0 rx=0 rxq=0 rxr=0 ack=0 ch9=0 rf=1 retry=20 interval=380
89329.454 [0] DBG_SCAN_SKIPPED reason=blocked
89329.454 [0] DBG_ANCHOR_CH5_SCAN_RESCHED ret=1 delay=20
89329.454 [0] DBG_UWB_TX_CH5
89329.454 [0] DBG_TX_WAKE_CLAIM_SENT
89329.454 [0] DBG_UWB_TX_CH5
89329.454 [0] DBG_TX_WAKE_CLAIM_SENT
89329.454 [0] DBG_DWM_CH5_RX_HUNT_START acq=10 complete=1000 cap=124
89329.493 [0] DBG_ANCHOR_CH5_SCAN_HANDLER role=2
89329.493 [0] DBG_DWM_CH5_RX_HUNT_EMPTY s=296767 e=296777 ret=-116 sys=00000000 phy=2 cfg=1 aw=1 unk=0
89329.493 [0] DBG_ANCHOR_CH5_SCAN_BLOCKED win=0 tx=1 retry_gap=0 flood=0 wait=0 rx=0 rxq=0 rxr=0 ack=0 ch9=0 rf=1 retry=20 interval=380
89329.493 [0] DBG_SCAN_SKIPPED reason=blocked
89329.493 [0] DBG_ANCHOR_CH5_SCAN_RESCHED ret=1 delay=20
89329.493 [0] DBG_UWB_TX_CH5
89329.493 [0] DBG_TX_WAKE_CLAIM_SENT
89329.493 [0] DBG_UWB_TX_CH5
89329.493 [0] DBG_TX_WAKE_CLAIM_SENT
89329.493 [0] DBG_DWM_CH5_RX_HUNT_START acq=10 complete=1000 cap=124
89329.493 [0] DBG_ANCHOR_CH5_SCAN_HANDLER role=2
89329.493 [0] DBG_DWM_CH5_RX_HUNT_EMPTY s=296791 e=296801 ret=-116 sys=00000000 phy=2 cfg=1 aw=1 unk=0
89329.493 [0] DBG_ANCHOR_CH5_SCAN_BLOCKED win=0 tx=1 retry_gap=0 flood=0 wait=0 rx=0 rxq=0 rxr=0 ack=0 ch9=0 rf=1 retry=20 interval=380
89329.493 [0] DBG_SCAN_SKIPPED reason=blocked
89329.493 [0] DBG_ANCHOR_CH5_SCAN_RESCHED ret=1 delay=20
89329.531 [0] DBG_UWB_TX_CH5
89329.531 [0] DBG_TX_WAKE_CLAIM_SENT
89329.531 [0] DBG_UWB_TX_CH5
89329.531 [0] DBG_TX_WAKE_CLAIM_SENT
89329.531 [0] DBG_DWM_CH5_RX_HUNT_START acq=10 complete=1000 cap=124
89329.531 [0] DBG_ANCHOR_CH5_SCAN_HANDLER role=2
89329.531 [0] DBG_DWM_CH5_RX_HUNT_EMPTY s=296815 e=296825 ret=-116 sys=00000000 phy=2 cfg=1 aw=1 unk=0
89329.531 [0] DBG_ANCHOR_CH5_SCAN_BLOCKED win=0 tx=1 retry_gap=0 flood=0 wait=0 rx=0 rxq=0 rxr=0 ack=0 ch9=0 rf=1 retry=20 interval=380
89329.531 [0] DBG_SCAN_SKIPPED reason=blocked
89329.531 [0] DBG_ANCHOR_CH5_SCAN_RESCHED ret=1 delay=20
89329.531 [0] DBG_UWB_TX_CH5
89329.531 [0] DBG_TX_WAKE_CLAIM_SENT
89329.531 [0] DBG_UWB_TX_CH5
89329.531 [0] DBG_TX_WAKE_CLAIM_SENT
89329.531 [0] DBG_DWM_CH5_RX_HUNT_START acq=10 complete=1000 cap=124
89329.576 [0] DBG_ANCHOR_CH5_SCAN_HANDLER role=2
89329.576 [0] DBG_DWM_CH5_RX_HUNT_EMPTY s=296839 e=296849 ret=-116 sys=00000000 phy=2 cfg=1 aw=1 unk=0
89329.576 [0] DBG_ANCHOR_CH5_SCAN_BLOCKED win=0 tx=1 retry_gap=0 flood=0 wait=0 rx=0 rxq=0 rxr=0 ack=0 ch9=0 rf=1 retry=20 interval=380
89329.576 [0] DBG_SCAN_SKIPPED reason=blocked
89329.576 [0] DBG_ANCHOR_CH5_SCAN_RESCHED ret=1 delay=20
89329.576 [0] DBG_UWB_TX_CH5
89329.576 [0] DBG_TX_WAKE_CLAIM_SENT
89329.576 [0] DBG_UWB_TX_CH5
89329.576 [0] DBG_TX_WAKE_CLAIM_SENT
89329.576 [0] DBG_DWM_CH5_RX_HUNT_START acq=10 complete=1000 cap=124
89329.576 [0] DBG_ANCHOR_CH5_SCAN_HANDLER role=2
89329.576 [0] DBG_DWM_CH5_RX_HUNT_EMPTY s=296863 e=296873 ret=-116 sys=00000000 phy=2 cfg=1 aw=1 unk=0
89329.576 [0] DBG_ANCHOR_CH5_SCAN_BLOCKED win=0 tx=1 retry_gap=0 flood=0 wait=0 rx=0 rxq=0 rxr=0 ack=0 ch9=0 rf=1 retry=20 interval=380
89329.576 [0] DBG_SCAN_SKIPPED reason=blocked
89329.576 [0] DBG_ANCHOR_CH5_SCAN_RESCHED ret=1 delay=20
89329.576 [0] DBG_UWB_TX_CH5
89329.576 [0] DBG_TX_WAKE_CLAIM_SENT
89329.576 [0] DBG_UWB_TX_CH5
89329.576 [0] DBG_TX_WAKE_CLAIM_SENT
89329.576 [0] DBG_DWM_CH5_RX_HUNT_START acq=10 complete=1000 cap=124
89329.613 [0] DBG_ANCHOR_CH5_SCAN_HANDLER role=2
89329.613 [0] DBG_ANCHOR_CH5_SCAN_BLOCKED win=0 tx=1 retry_gap=0 flood=0 wait=0 rx=0 rxq=0 rxr=0 ack=0 ch9=0 rf=1 retry=20 interval=380
89329.613 [0] DBG_SCAN_SKIPPED reason=blocked
89329.613 [0] DBG_ANCHOR_CH5_SCAN_RESCHED ret=1 delay=20
89329.613 [0] DBG_WAKE_TRAIN_TIMING evt=296326 start=296381 first=296387 last=296886 end=296919 sent=44 ret=0
89329.613 [0] DBG_C5_CONTACT phase=accepted state=2 peer=0x0f6d3a3bdac0f858 purpose=uplink reason=retransmit-uplink-wake
89329.613 [0] DBG_UPLINK_WAKE next=0xf6d3a3bdac0f858 ret=0 seq=1 phase=retransmit
89329.613 [0] DBG_C5_CONTROL_FOLLOWUP_TURNAROUND delay=60 msg=20 reason=retransmit-uplink-wake
89329.613 [0] DBG_ANCHOR_CH5_SCAN_HANDLER role=2
89329.613 [0] DBG_ANCHOR_CH5_SCAN_ARM now=296921 win=10 complete=15 interval=380 wait=0 tx=1 response=0
89329.616 [1] [00:04:55.921,539] <wrn> app_mesh_report: mesh route reply RX failed: target=0x9699122bd60a64e3 ret=-5 rx_failure=2 reason=anchor-route-wake-followup
89329.616 [1] [00:04:55.969,757] <wrn> app_mesh_report: mesh route reply RX failed: target=0x9699122bd60a64e3 ret=-5 rx_failure=4 reason=anchor-route-wake-followup
89329.616 [1] [00:04:56.035,400] <wrn> app_mesh_report:
89329.644 [0] DBG_DWM_CH5_RX_HUNT_START acq=10 complete=1000 cap=1020
89329.644 [0] DBG_DWM_CH5_RX_HUNT_EMPTY s=296929 e=296940 ret=-116 sys=00000000 phy=2 cfg=1 aw=1 unk=0
89329.644 [0] DBG_ANCHOR_CH5_SCAN_DONE ret=-116 len=0 fail=1 pre=0 q=0 rx_us=11169 complete=1000
89329.644 [0] DBG_ANCHOR_CH5_SCAN_RESCHED ret=1 delay=380
89329.676 [0] DBG_DWM_INVALIDATE tag=configure_radio_from_reset active_phy=2 configured=1 awake=1
89329.718 [0] DBG_DWM_MARK_UNCONFIGURED tag=initialise_radio prev_phy=0
89329.718 [0] DBG_DWM_PHY_SWITCH from=2 to=4 fast=0 us=20813
89329.718 [0] DBG_DWM_WAKE_MESH_CTRL_OK sfd=1033
89329.718 [0] DBG_DIRECT_GW_TX_CONFIG ret=0 now=297004 seq=1
89329.718 [0] DBG_CH9_TX_SEND_AT now=297006 earliest=296324 msg=20 len=281
89329.718 [0] DBG_CH9_TX_DONE now=297012 dur=6 len=281 msg=20
89329.718 [0] DBG_UWB_TX_CH5
89329.718 [0] DBG_CLICK_TX_DONE now=297012 seq=1
89329.718 [0] DBG_CH9_TX_SINGLE_SEND_OK
89329.718 [0] DBG_CH9_EVENT_STATE state=complete peer=0x0f6d3a3bdac0f858 start=296326 end=296386 reason=retransmit-direct-gateway
89329.718 [0] DBG_DIRECT_GW_TX_ACK_TRANSIT_WAIT dst=0x9999888877776666 src=0xea35f5b508104aae seq=1
89329.718 [0] DBG_CLICK_ACK_RX_ARM now=297012 slice=60 seq=1
89329.766 [0] DBG_UWB_RX_CH9
89329.766 [0] DBG_MESH_RX_QUEUED ch=9 msg=0x31 src=0xf6d3a3bdac0f858 dst=0xea35f5b508104aae prev=0xf6d3a3bdac0f858 seq=10 q=1
89329.766 [0] DBG_DIRECT_GW_ACK_TRANSIT queued=1 valid=1 dst=0xea35f5b508104aae seq=10
89329.766 [0] DBG_DIRECT_GW_TX_ACK_WAIT ret=0 seq=1
89329.766 [0] DBG_CLICK_ACK_RX now=297040 dms=28 seq=1
89329.766 [0] DBG_COORD state=mesh-rx owner=report-tx reason=mesh-rx rx=1 tx=0 relay=1 route=0 ack=0 qack=0
89329.766 [0] DBG_MESH_RX_WORK_WAIT q=1
89329.766 [0] DBG_MESH_RX_WORK_ENTER q=1
89329.766 [0] DBG_MESH_RX_DRAIN_ENTER owner=work q=1
89329.766 [0] DBG_NEXT_HOP_CUSTODY type=0x20 src=0xea35f5b508104aae session=713906924 seq=1 parent=0xf6d3a3bdac0f858 accepted=297040 now=297
89329.766 [0] DBG_MESH_RX_DRAIN_EXIT owner=work handled=1 q=0
89329.766 [0] DBG_MESH_RX_WORK_EXIT handled=1 q=0
89329.766 [0] DBG_COORD state=idle owner=uwb-rx reason=idle rx=0 tx=0 relay=0 route=0 ack=0 qack=0
89329.766 [0] DBG_ANCHOR_MESH_RX_YIELD reason=anchor-low-duty-ch5-owner ch9=0 delay=0 scan_int=380 scan_win=10 wait=0 q=0
89329.812 [0] DBG_STACK_SAMPLE_BEGIN epoch=16284486061926904368 run=202 sample=202 kind=cir_handling owner=anchor_uwb_scan queue=1 custody=1 credit=0 retry=0 drain=0 src=16876665336513972910 dst=11068027678940948070 session=713906924 seq=1 type=32 uptime=297056
89329.812 [0] DBG_STACK_ISR_CONFIG size=8192 run=202 sample=202
89329.812 [0] DBG_STACK name=anchor_uwb_scan tid=0x2000ca08 used=7952 free=2032 size=9984 ret=0 run=202 sample=202
89329.812 [0] DBG_STACK name=mesh_route tid=0x2000b038 used=6976 free=2496 size=9472 ret=0 run=202 sample=202
89329.812 [0] DBG_STACK name=sysworkq tid=0x2000d980 used=772 free=4604 size=5376 ret=0 run=202 sample=202
89329.812 [0] DBG_STACK name=logging tid=0x2000cec0 used=544 free=1504 size=2048 ret=0 run=202 sample=202
89329.812 [0] DBG_STACK name=idle tid=0x2000d750 used=64 free=256 size=320 ret=0 run=202 sample=202
89329.812 [0] DBG_STACK_SAMPLE_END run=202 sample=202
89329.857 [0] DBG_STACK_RUN_BEGIN epoch=16284486061926904368 run=203 kind=anchor_scan owner=anchor_uwb_scan queue=0 custody=0 credit=0 retry=0 drain=0 src=16876665336513972910 dst=11068027678940948070 session=0 seq=0 type=48 sequence=0 previous=0 uptime=297093
89329.857 [0] DBG_STACK_SAMPLE_BEGIN epoch=16284486061926904368 run=203 sample=203 kind=anchor_scan owner=anchor_uwb_scan queue=0 custody=0 credit=0 retry=0 drain=0 src=16876665336513972910 dst=11068027678940948070 session=0 seq=0 type=48 uptime=297135
89329.857 [0] DBG_STACK_ISR_CONFIG size=8192 run=203 sample=203
89329.857 [0] DBG_STACK name=anchor_uwb_scan tid=0x2000ca08 used=7952 free=2032 size=9984 ret=0 run=203 sample=203
89329.857 [0] DBG_STACK name=mesh_route tid=0x2000b038 used=6976 free=2496 size=9472 ret=0 run=203 sample=203
89329.857 [0] DBG_STACK name=sysworkq tid=0x2000d980 used=772 free=4604 size=5376 ret=0 run=203 sample=203
89329.857 [0] DBG_STACK name=logging tid=0x2000cec0 used=544 free=1504 size=2048 ret=0 run=203 sample=203
89329.857 [0] DBG_STACK name=idle tid=0x2000d750 used=64 free=256 size=320 ret=0 run=203 sample=203
89329.890 [0] DBG_STACK_SAMPLE_END run=203 sample=203
89329.890 [0] DBG_STACK_RUN_END epoch=16284486061926904368 run=203 kind=anchor_scan owner=anchor_uwb_scan outcome=ack queue=0 custody=0 credit=0 retry=0 drain=0 src=16876665336513972910 dst=11068027678940948070 session=0 seq=0 type=48 samples=1 attempts=1 errors=0 last_error=0 mutex_drops=203 short_drops=2439 sequence=0 previous=0 uptime=297179
89329.890 [0] DBG_STACK_RUN_END epoch=16284486061926904368 run=202 kind=cir_handling owner=anchor_uwb_scan outcome=ack queue=0 custody=0 credit=0 retry=0 drain=0 src=16876665336513972910 dst=11068027678940948070 session=713906924 seq=1 type=32 samples=1 attempts=1 errors=0 last_error=0 mutex_drops=203 short_drops=2439 sequence=0 previous=0 uptime=297182
89329.890 [0] DBG_STACK_RUN_BEGIN epoch=16284486061926904368 run=204 kind=anchor_scan owner=anchor_uwb_scan queue=0 custody=0 credit=0 retry=0 drain=0 src=16876665336513972910 dst=11068027678940948070 session=0 seq=0 type=48 sequence=0 previous=0 uptime=297183
89329.928 [0] DBG_STACK_SAMPLE_BEGIN epoch=16284486061926904368 run=204 sample=204 kind=anchor_scan owner=anchor_uwb_scan queue=0 custody=0 credit=0 retry=0 drain=0 src=16876665336513972910 dst=11068027678940948070 session=0 seq=0 type=48 uptime=297184
89329.928 [0] DBG_STACK_ISR_CONFIG size=8192 run=204 sample=204
89329.928 [0] DBG_STACK name=anchor_uwb_scan tid=0x2000ca08 used=7952 free=2032 size=9984 ret=0 run=204 sample=204
89329.928 [0] DBG_STACK name=mesh_route tid=0x2000b038 used=6976 free=2496 size=9472 ret=0 run=204 sample=204
89329.928 [0] DBG_STACK name=sysworkq tid=0x2000d980 used=772 free=4604 size=5376 ret=0 run=204 sample=204
89329.928 [0] DBG_STACK name=logging tid=0x2000cec0 used=544 free=1504 size=2048 ret=0 run=204 sample=204
89329.928 [0] DBG_STACK name=idle tid=0x2000d750 used=64 free=256 size=320 ret=0 run=204 sample=204
89329.928 [0] DBG_STACK_SAMPLE_END run=204 sample=204
89329.956 [0] DBG_STACK_RUN_END epoch=16284486061926904368 run=204 kind=anchor_scan owner=anchor_uwb_scan outcome=ack queue=0 custody=0 credit=0 retry=0 drain=0 src=16876665336513972910 dst=11068027678940948070 session=0 seq=0 type=48 samples=1 attempts=1 errors=0 last_error=0 mutex_drops=203 short_drops=2439 sequence=0 previous=0 uptime=297215
89330.006 [0] DBG_ANCHOR_CH5_SCAN_HANDLER role=2
89330.033 [0] DBG_DWM_INVALIDATE tag=configure_radio_from_reset active_phy=4 configured=1 awake=1
89330.033 [0] DBG_DWM_MARK_UNCONFIGURED tag=initialise_radio prev_phy=0
89330.033 [0] DBG_DWM_PHY_SWITCH from=4 to=2 fast=0 us=20844
89330.033 [0] DBG_DWM_CH5_RX_HUNT_START acq=10 complete=1000 cap=1020
89330.063 [0] DBG_DWM_CH5_RX_HUNT_EMPTY s=297347 e=297357 ret=-116 sys=00000000 phy=2 cfg=1 aw=1 unk=0
89330.063 [0] DBG_ANCHOR_CH5_SCAN_RESCHED ret=1 delay=380
89330.447 [0] DBG_ANCHOR_CH5_SCAN_HANDLER role=2
89330.447 [0] DBG_DWM_CH5_RX_HUNT_START acq=10 complete=1000 cap=1020
89330.447 [0] DBG_DWM_CH5_RX_ACTIVITY_EXTEND ret=0 status=0x00000100 complete=1000
89330.447 [0] DBG_DWM_CH5_RX_ACTIVITY_WAIT status=0x00000100 remain=1000
89330.447 [0] DBG_DWM_CH5_RX_ACTIVITY_DONE raw=51 payload=49 status=0x00006f00 rearm=0 extended=1
89330.447 [0] DBG_ANCHOR_CH5_SCAN_DONE ret=0 len=49 fail=0 pre=1 q=100 rx_us=10000 complete=1000
89330.447 [0] DBG_UWB_RX_CH5
89330.447 [0] DBG_ANCHOR_CH5_FRAME len=49 q=100 wake_ret=0
89330.447 [0] DBG_ANCHOR_WAKE_ACCEPT clicker=0xc1c2306a5138ab2d evt=18022406 attempt=1 flags=0x20 disc_in=154 q=100
89330.447 [0] DBG_STACK_RUN_BEGIN epoch=16284486061926904368 run=205 kind=anchor_scan owner=anchor_uwb_scan queue=0 custody=0 credit=0 retry=0 drain=0 src=16876665336513972910 dst=11068027678940948070 session=0 seq=0 type=48 sequence=0 previous=0 uptime=297758
89330.490 [0] DBG_STACK_SAMPLE_BEGIN epoch=16284486061926904368 run=205 sample=205 kind=anchor_scan owner=anchor_uwb_scan queue=0 custody=0 credit=0 retry=0 drain=0 src=16876665336513972910 dst=11068027678940948070 session=0 seq=0 type=48 uptime=297759
89330.490 [0] DBG_STACK_ISR_CONFIG size=8192 run=205 sample=205
89330.490 [0] DBG_STACK name=anchor_uwb_scan tid=0x2000ca08 used=7952 free=2032 size=9984 ret=0 run=205 sample=205
89330.490 [0] DBG_STACK name=mesh_route tid=0x2000b038 used=6976 free=2496 size=9472 ret=0 run=205 sample=205
89330.490 [0] DBG_STACK name=sysworkq tid=0x2000d980 used=772 free=4604 size=5376 ret=0 run=205 sample=205
89330.490 [0] DBG_STACK name=logging tid=0x2000cec0 used=544 free=1504 size=2048 ret=0 run=205 sample=205
89330.490 [0] DBG_STACK name=idle tid=0x2000d750 used=64 free=256 size=320 ret=0 run=205 sample=205
89330.490 [0] DBG_STACK_SAMPLE_END run=205 sample=205
89330.530 [0] DBG_STACK_RUN_END epoch=16284486061926904368 run=205 kind=anchor_scan owner=anchor_uwb_scan outcome=ack queue=0 custody=0 credit=0 retry=0 drain=0 src=16876665336513972910 dst=11068027678940948070 session=0 seq=0 type=48 samples=1 attempts=1 errors=0 last_error=0 mutex_drops=203 short_drops=2439 sequence=0 previous=0 uptime=297772
89330.530 [0] DBG_ANCHOR_DISC_FRAME len=49 type=0x08 q=100 now=297816
89330.530 [0] DBG_ANCHOR_DISC_FRAME len=49 type=0x08 q=100 now=297823
89330.530 [0] DBG_ANCHOR_DISC_FRAME len=49 type=0x08 q=100 now=297829
89330.530 [0] DBG_ANCHOR_DISC_FRAME len=49 type=0x08 q=100 now=297836
89330.530 [0] DBG_ANCHOR_DISC_FRAME len=49 type=0x08 q=100 now=297842
89330.568 [0] DBG_ANCHOR_DISC_FRAME len=49 type=0x08 q=100 now=297848
89330.568 [0] DBG_ANCHOR_DISC_FRAME len=49 type=0x08 q=100 now=297855
89330.568 [0] DBG_ANCHOR_DISC_FRAME len=49 type=0x08 q=100 now=297861
89330.568 [0] DBG_ANCHOR_DISC_FRAME len=49 type=0x08 q=100 now=297868
89330.568 [0] DBG_ANCHOR_DISC_FRAME len=49 type=0x08 q=100 now=297874
89330.568 [0] DBG_ANCHOR_DISC_FRAME len=49 type=0x08 q=100 now=297881
89330.602 [0] DBG_ANCHOR_DISC_FRAME len=32 type=0x09 q=100 now=297917
89330.602 [0] DBG_ANCHOR_DISC_DECODE evt=18022406 attempt=1 slots=50 flags=0x20
89330.602 [0] DBG_ANCHOR_DISC_REPLY_ARM evt=18022406 attempt=1 slot=1 state=1
89330.638 [0] DBG_ANCHOR_DISC_REPLY_TX evt=18022406 attempt=1 slot=1 ret=0
89331.318 [0] DBG_ANCHOR_CH5_HOLD_DONE deadline=298614 now=298614 frames=3 errors=0 deferred=0
89331.318 [0] DBG_DS_SAMPLE_ARM evt=18022406 attempt=1 sample=2/12 round=0 seq=2 target_us=298624000 start=298614 now=298614 deadline=298667
89331.318 [0] DBG_DS_RESP stage=arm evt=18022406 seq=2 round=0 now=298615 timeout=52
89331.318 [0] DBG_DS_RESP stage=resp-armed now=298632 seq=2 round=0 tx_time=0x0d4c2ed6 resp_tx=0x4c2f15d9
89331.318 [0] DBG_DS_RESP stage=resp-raw poll_rx=0x2db6ca7c q=100 reply_uus=8000
89331.352 [0] DBG_DS_RESP stage=final-decode status=0 now=298649 seq=2 round=0 final_rx=0x6aa7605b
89331.424 [0] DBG_ANCHOR_CH5_HOLD_DONE deadline=298713 now=298713 frames=6 errors=0 deferred=0
89331.424 [0] DBG_DS_SAMPLE_ARM evt=18022406 attempt=1 sample=5/12 round=1 seq=3 target_us=298723000 start=298713 now=298714 deadline=298766
89331.424 [0] DBG_DS_RESP stage=arm evt=18022406 seq=3 round=1 now=298714 timeout=52
89331.424 [0] DBG_DS_RESP stage=resp-armed now=298731 seq=3 round=1 tx_time=0x0ec5780b resp_tx=0xc57849d9
89331.424 [0] DBG_DS_RESP stage=resp-raw poll_rx=0xa6fffe82 q=100 reply_uus=8000
89331.457 [0] DBG_DS_RESP stage=final-decode status=0 now=298748 seq=3 round=1 final_rx=0xe3f0946d
89331.529 [0] DBG_ANCHOR_CH5_HOLD_DONE deadline=298812 now=298813 frames=6 errors=0 deferred=0
89331.529 [0] DBG_DS_SAMPLE_ARM evt=18022406 attempt=1 sample=8/12 round=2 seq=4 target_us=298822000 start=298812 now=298813 deadline=298865
89331.529 [0] DBG_DS_RESP stage=arm evt=18022406 seq=4 round=2 now=298813 timeout=52
89331.529 [0] DBG_DS_RESP stage=resp-armed now=298830 seq=4 round=2 tx_time=0x103f7194 resp_tx=0x3f71d3d9
89331.529 [0] DBG_DS_RESP stage=resp-raw poll_rx=0x20f98876 q=100 reply_uus=8000
89331.564 [0] DBG_DS_RESP stage=final-decode status=0 now=298847 seq=4 round=2 final_rx=0x5dea1e3c
89331.602 [0] DBG_ANCHOR_CH5_HOLD_DONE deadline=298911 now=298911 frames=6 errors=0 deferred=0
89331.602 [0] DBG_DS_SAMPLE_ARM evt=18022406 attempt=1 sample=11/12 round=3 seq=5 target_us=298921000 start=298911 now=298911 deadline=29896
89331.602 [0] DBG_DS_RESP stage=arm evt=18022406 seq=5 round=3 now=298911 timeout=53
89331.645 [0] DBG_DS_RESP stage=resp-armed now=298930 seq=5 round=3 tx_time=0x11b8bbe8 resp_tx=0xb8bc27d9
89331.645 [0] DBG_DS_RESP stage=resp-raw poll_rx=0x9a43dc45 q=100 reply_uus=8000
89331.645 [0] DBG_DS_RESP stage=final-decode status=0 now=298947 seq=5 round=3 final_rx=0xd734721a
89331.645 [0] DBG_CLICK_LISTEN start=299031 until=299381 n=3
89331.645 [0] DBG_CLICK_REPORT_QUEUED now=298949 window=299031 k=1 earliest=299081 n=3
89331.645 [0] DBG_ANCHOR_CH5_SCAN_RESCHED ret=1 delay=380
89331.645 [0] DBG_COORD state=mesh-tx owner=report-tx reason=mesh-tx rx=0 tx=1 relay=0 route=0 ack=0 qack=0
89331.645 [0] DBG_REPORT_TX_SLOT_WAIT now=298951 earliest=299081 delay=100 seq=1
89331.755 [0] DBG_CLICK_SLOT_TX now=299051 due=299081 window=299031 k=1 n=3 seq=1
89331.755 [0] DBG_UPLINK_NEXT_HOP next=0xf6d3a3bdac0f858 depth=1 participant=1 wake=0
89331.755 [0] DBG_UPLINK_TX msg=20 seq=1 next=0xf6d3a3bdac0f858 wake=0 reason=queued-click-report
89331.755 [0] DBG_DWM_INVALIDATE tag=configure_radio_from_reset active_phy=1 configured=1 awake=1
89331.943 [0] DBG_DWM_MARK_UNCONFIGURED tag=initialise_radio prev_phy=0
89331.943 [0] DBG_DWM_PHY_SWITCH from=1 to=4 fast=0 us=20782
89331.943 [0] DBG_DWM_WAKE_MESH_CTRL_OK sfd=1033
89331.943 [0] DBG_DIRECT_GW_TX_CONFIG ret=0 now=299082 seq=1
89331.943 [0] DBG_CH9_TX_SEND_AT now=299083 earliest=299081 msg=20 len=281
89331.943 [0] DBG_CH9_TX_DONE now=299090 dur=6 len=281 msg=20
89331.943 [0] DBG_UWB_TX_CH5
89331.943 [0] DBG_CLICK_TX_DONE now=299090 seq=1
89331.943 [0] DBG_CH9_TX_SINGLE_SEND_OK
89331.943 [0] DBG_CH9_EVENT_STATE state=complete peer=0x0f6d3a3bdac0f858 start=299056 end=299306 reason=queued-click-report
89331.943 [0] DBG_DIRECT_GW_TX_ACK_TRANSIT_WAIT dst=0x9999888877776666 src=0xea35f5b508104aae seq=1
89331.943 [0] DBG_CLICK_ACK_RX_ARM now=299090 slice=60 seq=1
89331.943 [0] DBG_DIRECT_GW_TX_ACK_WAIT ret=-5 seq=1
89331.943 [0] DBG_UWB_RX_COORD_DEFER state=mesh-tx reason=mesh-tx route=0 q=0
89331.943 [0] DBG_UWB_RX_COORD_DEFER state=mesh-tx reason=mesh-tx route=0 q=0
89331.943 [0] DBG_UWB_RX_COORD_DEFER state=mesh-tx reason=mesh-tx route=0 q=0
89331.943 [0] DBG_UWB_RX_COORD_DEFER state=mesh-tx reason=mesh-tx route=0 q=0
89331.978 [0] DBG_UWB_RX_COORD_DEFER state=mesh-tx reason=mesh-tx route=0 q=0
89332.021 [0] DBG_ANCHOR_CH5_SCAN_HANDLER role=2
89332.021 [0] DBG_ANCHOR_CH5_SCAN_ARM now=299330 win=25 complete=15 interval=380 wait=0 tx=1 response=0
89332.021 [0] DBG_DWM_WAKE_MESH_CTRL_OK sfd=1033
89332.021 [0] DBG_DWM_CH5_RX_HUNT_START acq=25 complete=15 cap=1020
89332.063 [0] DBG_UWB_RX_COORD_DEFER state=mesh-tx reason=mesh-tx route=0 q=0
89332.063 [0] DBG_DWM_CH5_RX_ACTIVITY_EXTEND ret=0 status=0x00000100 complete=15
89332.063 [0] DBG_DWM_CH5_RX_ACTIVITY_WAIT status=0x00000100 remain=15
89332.063 [0] DBG_DWM_CH5_RX_ACTIVITY_REARM status=0x04000100 fail=2 remain=13 rearm=1
89332.063 [0] DBG_DWM_CH5_RX_ACTIVITY_WAIT status=0x00000100 remain=12
89332.063 [0] DBG_DWM_CH5_RX_ACTIVITY_REARM status=0x04000100 fail=2 remain=11 rearm=2
89332.063 [0] DBG_DWM_CH5_RX_ACTIVITY_WAIT status=0x00000100 remain=9
89332.063 [0] DBG_DWM_CH5_RX_ACTIVITY_REARM status=0x04000100 fail=2 remain=7 rearm=3
89332.063 [0] DBG_DWM_CH5_RX_ACTIVITY_WAIT status=0x00000100 remain=6
89332.063 [0] DBG_DWM_CH5_RX_ACTIVITY_REARM status=0x04000100 fail=2 remain=5 rearm=4
89332.063 [0] DBG_DWM_CH5_RX_ACTIVITY_FAIL ret=-116 status=0x00000000 last=0x00000000 fail=2 activity=1 rearm=4
89332.063 [0] DBG_DWM_INVALIDATE tag=configure_radio_from_reset active_phy=4 configured=1 awake=1
89332.121 [0] DBG_DWM_MARK_UNCONFIGURED tag=initialise_radio prev_phy=0
89332.121 [0] DBG_DWM_PHY_SWITCH from=4 to=2 fast=0 us=20843
89332.121 [0] DBG_DWM_CH5_RX_HUNT_START acq=61 complete=1000 cap=1020
89332.121 [0] DBG_DWM_CH5_RX_ACTIVITY_EXTEND ret=0 status=0x00000100 complete=1000
89332.121 [0] DBG_DWM_CH5_RX_ACTIVITY_WAIT status=0x00000100 remain=999
89332.121 [0] DBG_UWB_RX_COORD_DEFER state=mesh-tx reason=mesh-tx route=0 q=0
89332.121 [0] DBG_DWM_CH5_RX_ACTIVITY_DONE raw=51 payload=49 status=0x00006f00 rearm=0 extended=1
89332.121 [0] DBG_DWM_INVALIDATE tag=configure_radio_from_reset active_phy=2 configured=1 awake=1
89332.121 [0] DBG_DWM_MARK_UNCONFIGURED tag=initialise_radio prev_phy=0
89332.121 [0] DBG_DWM_PHY_SWITCH from=2 to=4 fast=0 us=20844
89332.121 [0] DBG_DWM_WAKE_MESH_CTRL_OK sfd=1033
89332.121 [0] DBG_PROTOCOL_RX_CLICK_PROBE_DONE duration_ms=58 outcome=miss ret=0
89332.121 [0] DBG_ANCHOR_CH5_SCAN_DONE ret=-5 len=49 fail=2 pre=1 q=100 rx_us=25000 complete=15
89332.121 [0] DBG_ANCHOR_CH5_ACTIVITY_COOLDOWN ret=-5 fail=2 reason=sfd_timeout rx_us=25000 cooldown=100
89332.121 [0] DBG_ANCHOR_CH5_SCAN_RESCHED ret=1 delay=100
89332.172 [0] DBG_UWB_RX_COORD_DEFER state=mesh-tx reason=mesh-tx route=0 q=0
89332.204 [0] DBG_UWB_RX_COORD_DEFER state=mesh-tx reason=mesh-tx route=0 q=0
89332.204 [0] DBG_ANCHOR_CH5_SCAN_HANDLER role=2
89332.204 [0] DBG_DWM_INVALIDATE tag=configure_radio_from_reset active_phy=4 configured=1 awake=1
89332.243 [0] DBG_DWM_MARK_UNCONFIGURED tag=initialise_radio prev_phy=0
89332.243 [0] DBG_DWM_PHY_SWITCH from=4 to=2 fast=0 us=20844
89332.243 [0] DBG_DWM_CH5_RX_HUNT_START acq=10 complete=1000 cap=1020
89332.243 [0] DBG_DWM_CH5_RX_ACTIVITY_EXTEND ret=0 status=0x00000100 complete=1000
89332.243 [0] DBG_DWM_CH5_RX_ACTIVITY_WAIT status=0x00000100 remain=1000
89332.243 [0] DBG_UWB_RX_COORD_DEFER state=mesh-tx reason=mesh-tx route=0 q=0
89332.243 [0] DBG_DWM_CH5_RX_ACTIVITY_DONE raw=51 payload=49 status=0x00006f00 rearm=0 extended=1
89332.243 [0] DBG_ANCHOR_CH5_SCAN_DONE ret=0 len=49 fail=0 pre=1 q=100 rx_us=10000 complete=1000
89332.243 [0] DBG_UWB_RX_CH5
89332.243 [0] DBG_ANCHOR_CH5_FRAME len=49 q=100 wake_ret=0
89332.243 [0] DBG_ANCHOR_ROUTE_WAKE_DISPATCH src=0x9699122bd60a64e3 evt=299799 attempt=1 flags=0x92 len=49 q=100
89332.243 [0] DBG_C5_CONTACT phase=closing state=4 peer=0x0f6d3a3bdac0f858 purpose=uplink reason=replace
89332.243 [0] DBG_C5_CONTACT phase=open state=2 peer=0x9699122bd60a64e3 purpose=route_solicit reason=wake-claim
89332.243 [0] DBG_C5_CONTACT phase=accepted state=2 peer=0x9699122bd60a64e3 purpose=route_solicit reason=wake-claim
89332.243 [0] DBG_ROUTE_REPLY_LISTEN_START
89332.285 [0] DBG_DWM_MARK_UNCONFIGURED tag=initialise_radio prev_phy=0
89332.285 [0] DBG_DWM_PHY_SWITCH from=2 to=4 fast=0 us=20904
89332.285 [0] DBG_DWM_WAKE_MESH_CTRL_OK sfd=1033
89332.285 [0] DBG_ROUTE_REPLY_LISTEN_CONFIG ret=0 ext=1
89332.285 [0] DBG_DWM_INVALIDATE tag=configure_radio_from_reset active_phy=4 configured=1 awake=1
89332.285 [0] DBG_DWM_MARK_UNCONFIGURED tag=initialise_radio prev_phy=0
89332.328 [0] DBG_DWM_PHY_SWITCH from=4 to=2 fast=0 us=20813
89332.328 [0] DBG_DWM_CH5_RX_HUNT_START acq=61 complete=1000 cap=1020
89332.328 [0] DBG_DWM_CH5_RX_ACTIVITY_EXTEND ret=0 status=0x00000100 complete=1000
89332.328 [0] DBG_DWM_CH5_RX_ACTIVITY_WAIT status=0x00000100 remain=999
89332.328 [0] DBG_DWM_CH5_RX_ACTIVITY_DONE raw=51 payload=49 status=0x00006f00 rearm=0 extended=1
89332.328 [0] DBG_DWM_INVALIDATE tag=configure_radio_from_reset active_phy=2 configured=1 awake=1
89332.328 [0] DBG_DWM_MARK_UNCONFIGURED tag=initialise_radio prev_phy=0
89332.328 [0] DBG_DWM_PHY_SWITCH from=2 to=4 fast=0 us=20935
89332.328 [0] DBG_DWM_WAKE_MESH_CTRL_OK sfd=1033
89332.328 [0] DBG_ROUTE_REPLY_CLICK_PROBE_DONE duration_ms=50 outcome=restore ret=0
89332.328 [0] DBG_C5_RX_FAIL status=0x04000100 finfo=0x00000000 fail=2 phy=4 ch=5 plen=2 pac=0 txc=9 rxc=9 sfd=2 rate=0 phr=1 phrr=0 sfdto=1
89332.328 [0] DBG_DWM_INVALIDATE tag=configure_radio_from_reset active_phy=4 configured=1 awake=1
89332.373 [0] DBG_DWM_MARK_UNCONFIGURED tag=initialise_radio prev_phy=0
89332.373 [0] DBG_DWM_PHY_SWITCH from=4 to=2 fast=0 us=20966
89332.373 [0] DBG_DWM_CH5_RX_HUNT_START acq=61 complete=1000 cap=1020
89332.373 [0] DBG_DWM_CH5_RX_ACTIVITY_EXTEND ret=0 status=0x00000100 complete=1000
89332.373 [0] DBG_DWM_CH5_RX_ACTIVITY_WAIT status=0x00000100 remain=1000
89332.373 [0] DBG_DWM_CH5_RX_ACTIVITY_DONE raw=51 payload=49 status=0x00006f00 rearm=0 extended=1
89332.373 [0] DBG_DWM_INVALIDATE tag=configure_radio_from_reset active_phy=2 configured=1 awake=1
89332.373 [0] DBG_DWM_MARK_UNCONFIGURED tag=initialise_radio prev_phy=0
89332.373 [0] DBG_DWM_PHY_SWITCH from=2 to=4 fast=0 us=20813
89332.373 [0] DBG_DWM_WAKE_MESH_CTRL_OK sfd=1033
89332.373 [0] DBG_ROUTE_REPLY_CLICK_PROBE_DONE duration_ms=46 outcome=restore ret=0
89332.420 [0] DBG_DWM_INVALIDATE tag=configure_radio_from_reset active_phy=4 configured=1 awake=1
89332.420 [0] DBG_DWM_MARK_UNCONFIGURED tag=initialise_radio prev_phy=0
89332.420 [0] DBG_DWM_PHY_SWITCH from=4 to=2 fast=0 us=20813
89332.420 [0] DBG_DWM_CH5_RX_HUNT_START acq=61 complete=1000 cap=1020
89332.420 [0] DBG_DWM_CH5_RX_ACTIVITY_EXTEND ret=0 status=0x00000100 complete=1000
89332.420 [0] DBG_DWM_CH5_RX_ACTIVITY_WAIT status=0x00000100 remain=1000
89332.420 [0] DBG_TX_TIMEOUT_ENTER relay=1 route=0 ch9pend=0 bundle=0 now=299710
89332.420 [0] DBG_RETRANSMIT_DIRECT_GW seq=1 now=299711
89332.420 [0] DBG_C5_CONTACT phase=closing state=4 peer=0x9699122bd60a64e3 purpose=route_solicit reason=replace
89332.420 [0] DBG_C5_CONTACT phase=open state=1 peer=0x0f6d3a3bdac0f858 purpose=uplink reason=retransmit-uplink-wake
89332.420 [0] DBG_WAKE_TRAIN_GUARD_FAIL
89332.420 [0] DBG_C5_CONTACT phase=closing state=4 peer=0x0f6d3a3bdac0f858 purpose=uplink reason=wake-train-guard-fail
89332.420 [0] DBG_UPLINK_WAKE next=0xf6d3a3bdac0f858 ret=-16 seq=1 phase=retransmit
89332.420 [0] DBG_RETRANSMIT_DEFER reason=send-failed ret=0 send=-16 delay=38 seq=1 state=2
89332.420 [0] DBG_DWM_MARK_UNCONFIGURED tag=initialise_radio prev_phy=0
89332.464 [0] DBG_TX_TIMEOUT_ENTER relay=1 route=0 ch9pend=0 bundle=0 now=299751
89332.464 [0] DBG_RETRANSMIT_DIRECT_GW seq=1 now=299752
89332.464 [0] DBG_C5_CONTACT phase=open state=1 peer=0x0f6d3a3bdac0f858 purpose=uplink reason=retransmit-uplink-wake
89332.464 [0] DBG_WAKE_TRAIN_GUARD_FAIL
89332.464 [0] DBG_C5_CONTACT phase=closing state=4 peer=0x0f6d3a3bdac0f858 purpose=uplink reason=wake-train-guard-fail
89332.464 [0] DBG_UPLINK_WAKE next=0xf6d3a3bdac0f858 ret=-16 seq=1 phase=retransmit
89332.464 [0] DBG_RETRANSMIT_DEFER reason=send-failed ret=0 send=-16 delay=63 seq=1 state=2
89332.464 [0] DBG_UWB_RX_COORD_DEFER state=mesh-tx reason=mesh-tx route=0 q=0
89332.464 [0] DBG_DWM_MARK_UNCONFIGURED tag=initialise_radio prev_phy=0
89332.464 [0] DBG_DWM_PHY_SWITCH from=4 to=2 fast=0 us=23835
89332.464 [0] DBG_DWM_CH5_RX_HUNT_START acq=61 complete=1000 cap=1020
89332.464 [0] DBG_DWM_CH5_RX_ACTIVITY_EXTEND ret=0 status=0x00000100 complete=1000
89332.464 [0] DBG_DWM_CH5_RX_ACTIVITY_WAIT status=0x00000100 remain=1000
89332.464 [0] DBG_DWM_CH5_RX_ACTIVITY_DONE raw=51 payload=49 status=0x00006f00 rearm=0 extended=1
89332.464 [0] DBG_DWM_INVALIDATE tag=configure_radio_from_reset active_phy=2 configured=1 awake=1
89332.511 [0] DBG_DWM_INVALIDATE tag=configure_radio_from_reset active_phy=4 configured=1 awake=1
89332.511 [0] DBG_DWM_MARK_UNCONFIGURED tag=initialise_radio prev_phy=0
89332.511 [0] DBG_UWB_RX_COORD_DEFER state=mesh-tx reason=mesh-tx route=0 q=0
89332.511 [0] DBG_DWM_PHY_SWITCH from=4 to=2 fast=0 us=21057
89332.511 [0] DBG_DWM_CH5_RX_HUNT_START acq=61 complete=1000 cap=1020
89332.511 [0] DBG_DWM_CH5_RX_ACTIVITY_EXTEND ret=0 status=0x00000100 complete=1000
89332.511 [0] DBG_DWM_CH5_RX_ACTIVITY_WAIT status=0x00000100 remain=1000
89332.511 [0] DBG_DWM_CH5_RX_ACTIVITY_DONE raw=51 payload=49 status=0x00006f00 rearm=0 extended=1
89332.511 [0] DBG_DWM_INVALIDATE tag=configure_radio_from_reset active_phy=2 configured=1 awake=1
89332.511 [0] DBG_TX_TIMEOUT_ENTER relay=1 route=0 ch9pend=0 bundle=0 now=299816
89332.511 [0] DBG_RETRANSMIT_DIRECT_GW seq=1 now=299818
89332.511 [0] DBG_C5_CONTACT phase=open state=1 peer=0x0f6d3a3bdac0f858 purpose=uplink reason=retransmit-uplink-wake
89332.511 [0] DBG_WAKE_TRAIN_GUARD_FAIL
89332.511 [0] DBG_C5_CONTACT phase=closing state=4 peer=0x0f6d3a3bdac0f858 purpose=uplink reason=wake-train-guard-fail
89332.511 [0] DBG_UPLINK_WAKE next=0xf6d3a3bdac0f858 ret=-16 seq=1 phase=retransmit
89332.515 [1] [00:04:59.421,203] <wrn> app_anchor: anchor UWB wake scan failure cooldown: ret=-5 rx_failure=sfd_timeout reason=sfd_timeout cooldown_ms=100 preambles=17 sfd_timeouts=1 frame_timeouts=4 crc_failures=0
89332.515 [1] [00:04:59.636,322] <wrn> app_mesh_report: mesh route reply RX failed: target=0x9699122bd60a64e3 ret=-5 rx_failure=2 reason=anchor-route-wake-followup
89332.558 [0] DBG_DWM_PHY_SWITCH from=2 to=4 fast=0 us=22461
89332.558 [0] DBG_DWM_WAKE_MESH_CTRL_OK sfd=1033
89332.558 [0] DBG_ROUTE_REPLY_CLICK_PROBE_DONE duration_ms=49 outcome=restore ret=0
89332.558 [0] DBG_DWM_INVALIDATE tag=configure_radio_from_reset active_phy=4 configured=1 awake=1
89332.558 [0] DBG_DWM_MARK_UNCONFIGURED tag=initialise_radio prev_phy=0
89332.558 [0] DBG_UWB_RX_COORD_DEFER state=mesh-tx reason=mesh-tx route=0 q=0
89332.558 [0] DBG_DWM_PHY_SWITCH from=4 to=2 fast=0 us=21149
89332.558 [0] DBG_DWM_CH5_RX_HUNT_START acq=61 complete=1000 cap=1020
89332.558 [0] DBG_DWM_CH5_RX_ACTIVITY_EXTEND ret=0 status=0x00000100 complete=1000
89332.558 [0] DBG_DWM_CH5_RX_ACTIVITY_WAIT status=0x00000100 remain=1000
89332.561 [1] [00:04:59.753,265] <err> app_radio_guard: blocked UWB operation: mesh rou
89332.598 [0] DBG_DWM_CH5_RX_ACTIVITY_DONE raw=51 payload=49 status=0x00006f00 rearm=0 extended=1
89332.598 [0] DBG_DWM_INVALIDATE tag=configure_radio_from_reset active_phy=2 configured=1 awake=1
89332.598 [0] DBG_DWM_MARK_UNCONFIGURED tag=initialise_radio prev_phy=0
89332.598 [0] DBG_DWM_PHY_SWITCH from=2 to=4 fast=0 us=20996
89332.598 [0] DBG_DWM_WAKE_MESH_CTRL_OK sfd=1033
89332.598 [0] DBG_ROUTE_REPLY_CLICK_PROBE_DONE duration_ms=50 outcome=restore ret=0
89332.603 [1] te WAKE_CLAIM train owner=mesh route reply RX client=2 age_ms=200
89332.603 [1] [00:04:59.753,326] <wrn> app_mesh_report: mesh route UWB WAKE_CLAIM guard failed: target=0x0f6d3a3bdac0f858 ret=-16
89332.603 [1] [00:04:59.786,682] <wrn> app_mesh_report: mesh route reply RX failed: target=0x9699122bd6
89332.603 [1] [00:04:59.819,030] <err> app_radio_guard:
89332.636 [0] DBG_UWB_RX_COORD_DEFER state=mesh-tx reason=mesh-tx route=0 q=0
89332.638 [1]  blocked UWB operation: mesh rouget=0x9699122bd60a64e3 ret=-5 rx_failure=4 reaso
89332.679 [0] DBG_TX_TIMEOUT_ENTER relay=1 route=0 ch9pend=0 bundle=0 now=299961
89332.679 [0] DBG_RETRANSMIT_DIRECT_GW seq=1 now=299963
89332.679 [0] DBG_C5_CONTACT phase=open state=1 peer=0x0f6d3a3bdac0f858 purpose=uplink reason=retransmit-uplink-wake
89332.679 [0] DBG_WAKE_TRAIN_GUARD_FAIL
89332.679 [0] DBG_C5_CONTACT phase=closing state=4 peer=0x0f6d3a3bdac0f858 purpose=uplink reason=wake-train-guard-fail
89332.679 [0] DBG_UPLINK_WAKE next=0xf6d3a3bdac0f858 ret=-16 seq=1 phase=retransmit
89332.679 [0] DBG_RETRANSMIT_DEFER reason=send-failed ret=0 send=-16 delay=231 seq=1 state=2
89332.679 [0] DBG_UWB_RX_COORD_DEFER state=mesh-tx reason=mesh-tx route=0 q=0
89332.685 [1] n=anchor-route-wake-followup
89332.685 [1] [00:04:59.900,329] <wrn> app_mesh_report: mesh route reply RX failed: target=0x9699122bd60a64e3 ret=-5 rx_failure=2 reason=anchor-route-wake-followup
89332.685 [1] [00:04:59.963,806] <err> app_radio_guard: blocked UWB operation: mesh route WAKE_CLAIM train owner=mesh route reply RX client=2 age_ms=410
89332.685 [1] [00:04:59.963,86
89332.727 [0] DBG_ROUTE_REPLY_RX_FRAME
89332.727 [0] DBG_UWB_RX_COORD_DEFER state=mesh-tx reason=mesh-tx route=0 q=0
89332.727 [0] DBG_ROUTE_REPLY_DECODE_FAIL ret=-8 len=281 q=100
89332.727 [0] DBG_ROUTE_REPLY_RX_FRAME
89332.727 [0] DBG_ROUTE_REPLY_DECODE_FAIL ret=-8 len=111 q=100
89332.729 [1] 7] <wrn> 
89332.769 [0] DBG_UWB_RX_COORD_DEFER state=mesh-tx reason=mesh-tx route=0 q=0
89332.798 [0] DBG_UWB_RX_COORD_DEFER state=mesh-tx reason=mesh-tx route=0 q=0
89332.855 [0] DBG_UWB_RX_COORD_DEFER state=mesh-tx reason=mesh-tx route=0 q=0
89332.896 [0] DBG_ROUTE_REPLY_RX_FRAME
89332.896 [0] DBG_ROUTE_REPLY_DECODE_FAIL ret=-8 len=281 q=100
89332.896 [0] DBG_TX_TIMEOUT_ENTER relay=1 route=0 ch9pend=0 bundle=0 now=300195
89332.896 [0] DBG_RETRANSMIT_DIRECT_GW seq=1 now=300197
89332.896 [0] DBG_C5_CONTACT phase=open state=1 peer=0x0f6d3a3bdac0f858 purpose=uplink reason=retransmit-uplink-wake
89332.896 [0] DBG_WAKE_TRAIN_GUARD_FAIL
89332.896 [0] DBG_C5_CONTACT phase=closing state=4 peer=0x0f6d3a3bdac0f858 purpose=uplink reason=wake-train-guard-fail
89332.896 [0] DBG_UPLINK_WAKE next=0xf6d3a3bdac0f858 ret=-16 seq=1 phase=retransmit
89332.896 [0] DBG_RETRANSMIT_DEFER reason=send-failed ret=0 send=-16 delay=248 seq=1 state=2
89332.896 [0] DBG_UWB_RX_COORD_DEFER state=mesh-tx reason=mesh-tx route=0 q=0
89332.896 [0] DBG_DWM_RF_SCOPE_DROP local=2 remote=0 remote_clicker=0
89332.930 [0] DBG_ROUTE_REPLY_RX_FRAME
89332.930 [0] DBG_ROUTE_REPLY_DECODE_FAIL ret=-8 len=281 q=100
89332.930 [0] DBG_DWM_RF_SCOPE_DROP local=2 remote=0 remote_clicker=0
89332.930 [0] DBG_UWB_RX_COORD_DEFER state=mesh-tx reason=mesh-tx route=0 q=0
89332.989 [0] DBG_UWB_RX_COORD_DEFER state=mesh-tx reason=mesh-tx route=0 q=0
89333.042 [0] DBG_UWB_RX_COORD_DEFER state=mesh-tx reason=mesh-tx route=0 q=0
89333.094 [0] DBG_UWB_RX_COORD_DEFER state=mesh-tx reason=mesh-tx route=0 q=0
89333.153 [0] DBG_TX_TIMEOUT_ENTER relay=1 route=0 ch9pend=0 bundle=0 now=300445
89333.153 [0] DBG_RETRANSMIT_DIRECT_GW seq=1 now=300446
89333.153 [0] DBG_C5_CONTACT phase=open state=1 peer=0x0f6d3a3bdac0f858 purpose=uplink reason=retransmit-uplink-wake
89333.153 [0] DBG_WAKE_TRAIN_GUARD_FAIL
89333.153 [0] DBG_C5_CONTACT phase=closing state=4 peer=0x0f6d3a3bdac0f858 purpose=uplink reason=wake-train-guard-fail
89333.153 [0] DBG_UPLINK_WAKE next=0xf6d3a3bdac0f858 ret=-16 seq=1 phase=retransmit
89333.153 [0] DBG_RETRANSMIT_DEFER reason=send-failed ret=0 send=-16 delay=349 seq=1 state=2
89333.153 [0] DBG_UWB_RX_COORD_DEFER state=mesh-tx reason=mesh-tx route=0 q=0
89333.182 [0] DBG_DWM_INVALIDATE tag=configure_radio_from_reset active_phy=4 configured=1 awake=1
89333.182 [0] DBG_UWB_RX_COORD_DEFER state=mesh-tx reason=mesh-tx route=0 q=0
89333.215 [0] DBG_DWM_MARK_UNCONFIGURED tag=initialise_radio prev_phy=0
89333.215 [0] DBG_DWM_PHY_SWITCH from=4 to=2 fast=0 us=20874
89333.215 [0] DBG_DWM_CH5_RX_HUNT_START acq=61 complete=1000 cap=1020
89333.215 [0] DBG_DWM_CH5_RX_ACTIVITY_EXTEND ret=0 status=0x00000100 complete=1000
89333.215 [0] DBG_DWM_CH5_RX_ACTIVITY_WAIT status=0x00000100 remain=1000
89333.215 [0] DBG_DWM_CH5_RX_ACTIVITY_DONE raw=51 payload=49 status=0x00006f00 rearm=0 extended=1
89333.215 [0] DBG_DWM_INVALIDATE tag=configure_radio_from_reset active_phy=2 configured=1 awake=1
89333.215 [0] DBG_DWM_MARK_UNCONFIGURED tag=initialise_radio prev_phy=0
89333.248 [0] DBG_DWM_PHY_SWITCH from=2 to=4 fast=0 us=20844
89333.248 [0] DBG_DWM_WAKE_MESH_CTRL_OK sfd=1033
89333.248 [0] DBG_ROUTE_REPLY_CLICK_PROBE_DONE duration_ms=46 outcome=restore ret=0
89333.248 [0] DBG_DWM_INVALIDATE tag=configure_radio_from_reset active_phy=4 configured=1 awake=1
89333.248 [0] DBG_UWB_RX_COORD_DEFER state=mesh-tx reason=mesh-tx route=0 q=0
89333.248 [0] DBG_DWM_MARK_UNCONFIGURED tag=initialise_radio prev_phy=0
89333.248 [0] DBG_DWM_PHY_SWITCH from=4 to=2 fast=0 us=21118
89333.248 [0] DBG_DWM_CH5_RX_HUNT_START acq=61 complete=1000 cap=1020
89333.248 [0] DBG_DWM_CH5_RX_ACTIVITY_EXTEND ret=0 status=0x00000100 complete=1000
89333.248 [0] DBG_DWM_CH5_RX_ACTIVITY_WAIT status=0x00000100 remain=1000
89333.248 [0] DBG_DWM_CH5_RX_ACTIVITY_DONE raw=51 payload=49 status=0x00006f00 rearm=0 extended=1
89333.248 [0] DBG_DWM_INVALIDATE tag=configure_radio_from_reset active_phy=2 configured=1 awake=1
89333.277 [0] DBG_DWM_MARK_UNCONFIGURED tag=initialise_radio prev_phy=0
89333.277 [0] DBG_DWM_PHY_SWITCH from=2 to=4 fast=0 us=20935
89333.277 [0] DBG_DWM_WAKE_MESH_CTRL_OK sfd=1033
89333.277 [0] DBG_ROUTE_REPLY_CLICK_PROBE_DONE duration_ms=47 outcome=restore ret=0
89333.312 [0] DBG_DWM_INVALIDATE tag=configure_radio_from_reset active_phy=4 configured=1 awake=1
89333.312 [0] DBG_UWB_RX_COORD_DEFER state=mesh-tx reason=mesh-tx route=0 q=0
89333.312 [0] DBG_DWM_MARK_UNCONFIGURED tag=initialise_radio prev_phy=0
89333.312 [0] DBG_DWM_PHY_SWITCH from=4 to=2 fast=0 us=20935
89333.312 [0] DBG_DWM_CH5_RX_HUNT_START acq=61 complete=1000 cap=1020
89333.312 [0] DBG_DWM_CH5_RX_ACTIVITY_EXTEND ret=0 status=0x00000100 complete=1000
89333.312 [0] DBG_DWM_CH5_RX_ACTIVITY_WAIT status=0x00000100 remain=1000
89333.312 [0] DBG_DWM_CH5_RX_ACTIVITY_DONE raw=51 payload=49 status=0x00006f00 rearm=0 extended=1
89333.312 [0] DBG_DWM_INVALIDATE tag=configure_radio_from_reset active_phy=2 configured=1 awake=1
89333.345 [0] DBG_DWM_MARK_UNCONFIGURED tag=initialise_radio prev_phy=0
89333.345 [0] DBG_DWM_PHY_SWITCH from=2 to=4 fast=0 us=20843
89333.345 [0] DBG_DWM_WAKE_MESH_CTRL_OK sfd=1033
89333.345 [0] DBG_ROUTE_REPLY_CLICK_PROBE_DONE duration_ms=49 outcome=restore ret=0
89333.345 [0] DBG_DWM_INVALIDATE tag=configure_radio_from_reset active_phy=4 configured=1 awake=1
89333.345 [0] DBG_UWB_RX_COORD_DEFER state=mesh-tx reason=mesh-tx route=0 q=0
89333.376 [0] DBG_DWM_MARK_UNCONFIGURED tag=initialise_radio prev_phy=0
89333.376 [0] DBG_DWM_PHY_SWITCH from=4 to=2 fast=0 us=21088
89333.376 [0] DBG_DWM_CH5_RX_HUNT_START acq=61 complete=1000 cap=1020
89333.376 [0] DBG_DWM_CH5_RX_ACTIVITY_EXTEND ret=0 status=0x00000100 complete=1000
89333.376 [0] DBG_DWM_CH5_RX_ACTIVITY_WAIT status=0x00000100 remain=1000
89333.376 [0] DBG_DWM_CH5_RX_ACTIVITY_DONE raw=51 payload=49 status=0x00006f00 rearm=0 extended=1
89333.376 [0] DBG_DWM_INVALIDATE tag=configure_radio_from_reset active_phy=2 configured=1 awake=1
89333.376 [0] DBG_DWM_MARK_UNCONFIGURED tag=initialise_radio prev_phy=0
89333.411 [0] DBG_DWM_PHY_SWITCH from=2 to=4 fast=0 us=20844
89333.411 [0] DBG_DWM_WAKE_MESH_CTRL_OK sfd=1033
89333.411 [0] DBG_ROUTE_REPLY_CLICK_PROBE_DONE duration_ms=46 outcome=restore ret=0
89333.411 [0] DBG_DWM_INVALIDATE tag=configure_radio_from_reset active_phy=4 configured=1 awake=1
89333.411 [0] DBG_UWB_RX_COORD_DEFER state=mesh-tx reason=mesh-tx route=0 q=0
89333.411 [0] DBG_DWM_MARK_UNCONFIGURED tag=initialise_radio prev_phy=0
89333.411 [0] DBG_DWM_PHY_SWITCH from=4 to=2 fast=0 us=20874
89333.411 [0] DBG_DWM_CH5_RX_HUNT_START acq=61 complete=1000 cap=1020
89333.411 [0] DBG_DWM_CH5_RX_ACTIVITY_EXTEND ret=0 status=0x00000100 complete=1000
89333.411 [0] DBG_DWM_CH5_RX_ACTIVITY_WAIT status=0x00000100 remain=1000
89333.411 [0] DBG_DWM_CH5_RX_ACTIVITY_DONE raw=51 payload=49 status=0x00006f00 rearm=0 extended=1
89333.411 [0] DBG_DWM_INVALIDATE tag=configure_radio_from_reset active_phy=2 configured=1 awake=1
89333.445 [0] DBG_DWM_MARK_UNCONFIGURED tag=initialise_radio prev_phy=0
89333.445 [0] DBG_DWM_PHY_SWITCH from=2 to=4 fast=0 us=20935
89333.445 [0] DBG_DWM_WAKE_MESH_CTRL_OK sfd=1033
89333.445 [0] DBG_ROUTE_REPLY_CLICK_PROBE_DONE duration_ms=46 outcome=restore ret=0
89333.445 [0] DBG_DWM_INVALIDATE tag=configure_radio_from_reset active_phy=4 configured=1 awake=1
89333.445 [0] DBG_UWB_RX_COORD_DEFER state=mesh-tx reason=mesh-tx route=0 q=0
89333.445 [0] DBG_DWM_MARK_UNCONFIGURED tag=initialise_radio prev_phy=0
89333.479 [0] DBG_DWM_PHY_SWITCH from=4 to=2 fast=0 us=20966
89333.479 [0] DBG_DWM_CH5_RX_HUNT_START acq=61 complete=1000 cap=1020
89333.479 [0] DBG_DWM_CH5_RX_ACTIVITY_EXTEND ret=0 status=0x00000100 complete=1000
89333.479 [0] DBG_DWM_CH5_RX_ACTIVITY_WAIT status=0x00000100 remain=1000
89333.479 [0] DBG_DWM_CH5_RX_ACTIVITY_DONE raw=51 payload=49 status=0x00006f00 rearm=0 extended=1
89333.479 [0] DBG_DWM_INVALIDATE tag=configure_radio_from_reset active_phy=2 configured=1 awake=1
89333.479 [0] DBG_DWM_MARK_UNCONFIGURED tag=initialise_radio prev_phy=0
89333.479 [0] DBG_DWM_PHY_SWITCH from=2 to=4 fast=0 us=20874
89333.479 [0] DBG_DWM_WAKE_MESH_CTRL_OK sfd=1033
89333.479 [0] DBG_ROUTE_REPLY_CLICK_PROBE_DONE duration_ms=46 outcome=restore ret=0
89333.479 [0] DBG_DWM_INVALIDATE tag=configure_radio_from_reset active_phy=4 configured=1 awake=1
89333.485 [1] [00:05:00.197,631] <err> app_radio_guard: blocked UWB operation: mesh route WAKE_CLAIM train owner=mesh route reply RX client=2 age_ms=644
89333.485 [1] [00:05:00.197,662] <wrn> app_mesh_report: mesh route UWB WAKE_CLAIM guard failed: target=0x0f6d3a3bdac0f858 ret=-16
89333.485 [1] [00:05:00.447,387] <err> app_radio_guard: blocked UWB operation: mesh route WAKE_CLAIM tr
89333.522 [0] DBG_TX_TIMEOUT_ENTER relay=1 route=0 ch9pend=0 bundle=0 now=300797
89333.522 [0] DBG_RETRANSMIT_DIRECT_GW seq=1 now=300798
89333.522 [0] DBG_C5_CONTACT phase=open state=1 peer=0x0f6d3a3bdac0f858 purpose=uplink reason=retransmit-uplink-wake
89333.522 [0] DBG_WAKE_TRAIN_GUARD_FAIL
89333.522 [0] DBG_UPLINK_WAKE next=0xf6d3a3bdac0f858 ret=-16 seq=1 phase=retransmit
89333.522 [0] DBG_DWM_MARK_UNCONFIGURED tag=initialise_radio prev_phy=0
89333.522 [0] DBG_DWM_PHY_SWITCH from=4 to=2 fast=0 us=24109
89333.522 [0] DBG_DWM_CH5_RX_HUNT_START acq=61 complete=1000 cap=1020
89333.522 [0] DBG_DWM_CH5_RX_ACTIVITY_EXTEND ret=0 status=0x00000100 complete=1000
89333.522 [0] DBG_DWM_CH5_RX_ACTIVITY_WAIT status=0x00000100 remain=1000
89333.522 [0] DBG_DWM_CH5_RX_ACTIVITY_DONE raw=51 payload=49 status=0x00006f00 rearm=0 extended=1
89333.522 [0] DBG_DWM_INVALIDATE tag=configure_radio_from_reset active_phy=2 configured=1 awake=1
89333.524 [1] 4
89333.563 [0] DBG_DWM_MARK_UNCONFIGURED tag=initialise_radio prev_phy=0
89333.563 [0] DBG_DWM_PHY_SWITCH from=2 to=4 fast=0 us=20904
89333.563 [0] DBG_DWM_WAKE_MESH_CTRL_OK sfd=1033
89333.563 [0] DBG_ROUTE_REPLY_CLICK_PROBE_DONE duration_ms=53 outcome=restore ret=0
89333.563 [0] DBG_DWM_INVALIDATE tag=configure_radio_from_reset active_phy=4 configured=1 awake=1
89333.563 [0] DBG_UWB_RX_COORD_DEFER state=mesh-tx reason=mesh-tx route=0 q=0
89333.563 [0] DBG_DWM_MARK_UNCONFIGURED tag=initialise_radio prev_phy=0
89333.563 [0] DBG_DWM_PHY_SWITCH from=4 to=2 fast=0 us=20843
89333.563 [0] DBG_DWM_CH5_RX_HUNT_START acq=61 complete=1000 cap=1020
89333.563 [0] DBG_DWM_CH5_RX_ACTIVITY_EXTEND ret=0 status=0x00000100 complete=1000
89333.563 [0] DBG_DWM_CH5_RX_ACTIVITY_WAIT status=0x00000100 remain=1000
89333.563 [0] DBG_DWM_CH5_RX_ACTIVITY_DONE raw=51 payload=49 status=0x00006f00 rearm=0 extended=1
89333.563 [0] DBG_DWM_INVALIDATE tag=configure_radio_from_reset active_phy=2 configured=1 awake=1
89333.595 [0] DBG_DWM_MARK_UNCONFIGURED tag=initialise_radio prev_phy=0
89333.595 [0] DBG_DWM_PHY_SWITCH from=2 to=4 fast=0 us=20843
89333.595 [0] DBG_DWM_WAKE_MESH_CTRL_OK sfd=1033
89333.595 [0] DBG_ROUTE_REPLY_CLICK_PROBE_DONE duration_ms=46 outcome=restore ret=0
89333.595 [0] DBG_UWB_RX_COORD_DEFER state=mesh-tx reason=mesh-tx route=0 q=0
89333.595 [0] DBG_DWM_INVALIDATE tag=configure_radio_from_reset active_phy=4 configured=1 awake=1
89333.630 [0] DBG_DWM_MARK_UNCONFIGURED tag=initialise_radio prev_phy=0
89333.630 [0] DBG_DWM_PHY_SWITCH from=4 to=2 fast=0 us=20874
89333.630 [0] DBG_DWM_CH5_RX_HUNT_START acq=61 complete=1000 cap=1020
89333.630 [0] DBG_DWM_CH5_RX_ACTIVITY_EXTEND ret=0 status=0x00000100 complete=1000
89333.630 [0] DBG_DWM_CH5_RX_ACTIVITY_WAIT status=0x00000100 remain=1000
89333.630 [0] DBG_DWM_CH5_RX_ACTIVITY_DONE raw=51 payload=49 status=0x00006f00 rearm=0 extended=1
89333.630 [0] DBG_DWM_INVALIDATE tag=configure_radio_from_reset active_phy=2 configured=1 awake=1
89333.662 [0] DBG_UWB_RX_COORD_DEFER state=mesh-tx reason=mesh-tx route=0 q=0
89333.662 [0] DBG_DWM_MARK_UNCONFIGURED tag=initialise_radio prev_phy=0
89333.662 [0] DBG_DWM_PHY_SWITCH from=2 to=4 fast=0 us=21149
89333.662 [0] DBG_DWM_WAKE_MESH_CTRL_OK sfd=1033
89333.662 [0] DBG_ROUTE_REPLY_CLICK_PROBE_DONE duration_ms=50 outcome=restore ret=0
89333.662 [0] DBG_DWM_INVALIDATE tag=configure_radio_from_reset active_phy=4 configured=1 awake=1
89333.701 [0] DBG_DWM_MARK_UNCONFIGURED tag=initialise_radio prev_phy=0
89333.701 [0] DBG_DWM_PHY_SWITCH from=4 to=2 fast=0 us=20935
89333.701 [0] DBG_DWM_CH5_RX_HUNT_START acq=61 complete=1000 cap=1020
89333.701 [0] DBG_DWM_CH5_RX_ACTIVITY_EXTEND ret=0 status=0x00000100 complete=1000
89333.701 [0] DBG_DWM_CH5_RX_ACTIVITY_WAIT status=0x00000100 remain=1000
89333.701 [0] DBG_DWM_CH5_RX_ACTIVITY_DONE raw=51 payload=49 status=0x00006f00 rearm=0 extended=1
89333.701 [0] DBG_DWM_INVALIDATE tag=configure_radio_from_reset active_phy=2 configured=1 awake=1
89333.701 [0] DBG_UWB_RX_COORD_DEFER state=mesh-tx reason=mesh-tx route=0 q=0
89333.701 [0] DBG_DWM_MARK_UNCONFIGURED tag=initialise_radio prev_phy=0
89333.701 [0] DBG_DWM_PHY_SWITCH from=2 to=4 fast=0 us=20874
89333.701 [0] DBG_DWM_WAKE_MESH_CTRL_OK sfd=1033
89333.701 [0] DBG_ROUTE_REPLY_CLICK_PROBE_DONE duration_ms=50 outcome=restore ret=0
89333.736 [0] DBG_DWM_INVALIDATE tag=configure_radio_from_reset active_phy=4 configured=1 awake=1
89333.736 [0] DBG_DWM_MARK_UNCONFIGURED tag=initialise_radio prev_phy=0
89333.736 [0] DBG_DWM_PHY_SWITCH from=4 to=2 fast=0 us=20936
89333.736 [0] DBG_UWB_RX_COORD_DEFER state=mesh-tx reason=mesh-tx route=0 q=0
89333.736 [0] DBG_DWM_CH5_RX_HUNT_START acq=61 complete=1000 cap=1020
89333.736 [0] DBG_DWM_CH5_RX_ACTIVITY_EXTEND ret=0 status=0x00000100 complete=1000
89333.736 [0] DBG_DWM_CH5_RX_ACTIVITY_WAIT status=0x00000100 remain=1000
89333.772 [0] DBG_DWM_CH5_RX_ACTIVITY_DONE raw=51 payload=49 status=0x00006f00 rearm=0 extended=1
89333.772 [0] DBG_DWM_INVALIDATE tag=configure_radio_from_reset active_phy=2 configured=1 awake=1
89333.772 [0] DBG_DWM_MARK_UNCONFIGURED tag=initialise_radio prev_phy=0
89333.772 [0] DBG_DWM_PHY_SWITCH from=2 to=4 fast=0 us=20874
89333.772 [0] DBG_DWM_WAKE_MESH_CTRL_OK sfd=1033
89333.772 [0] DBG_ROUTE_REPLY_CLICK_PROBE_DONE duration_ms=50 outcome=restore ret=0
89333.772 [0] DBG_ROUTE_REPLY_EMPTY status=04000100 phy=4 phr=1 starts=2103 done=676 timeouts=1354 crc=19 errors=42 scope=33 spi=0
89333.772 [0] DBG_ROUTE_REPLY_LISTEN_DONE captured=0 ret=-5
89333.772 [0] DBG_ANCHOR_ROUTE_WAKE_HANDOFF_DONE src=0x9699122bd60a64e3 embedded=0 ret=-5 pending=0
89333.772 [0] DBG_ANCHOR_ROUTE_WAKE_DISPATCH_DONE handled=1 len=49 q=100
89333.772 [0] DBG_ANCHOR_CH5_SCAN_RESCHED ret=1 delay=380
89333.772 [0] DBG_UWB_RX_COORD_DEFER state=mesh-tx reason=mesh-tx route=0 q=0
89333.805 [0] DBG_TX_TIMEOUT_ENTER relay=1 route=0 ch9pend=0 bundle=0 now=301109
89333.805 [0] DBG_RETRANSMIT_DIRECT_GW seq=1 now=301110
89333.805 [0] DBG_C5_CONTACT phase=open state=1 peer=0x0f6d3a3bdac0f858 purpose=uplink reason=retransmit-uplink-wake
89333.805 [0] DBG_WAKE_TRAIN_GUARD_OK
89333.805 [0] DBG_DWM_INVALIDATE tag=configure_radio_from_reset active_phy=4 configured=1 awake=1
89333.839 [0] DBG_DWM_MARK_UNCONFIGURED tag=initialise_radio prev_phy=0
89333.839 [0] DBG_DWM_PHY_SWITCH from=4 to=2 fast=0 us=20844
89333.839 [0] DBG_MESH_WAKE_POLITE_ACTIVITY phase=pre target=0xf6d3a3bdac0f858 retry=0 ret=0 fail=3 reason=retransmit-uplink-wake
89333.839 [0] DBG_WAKE_TRAIN_TIMING evt=301110 start=0 first=0 last=0 end=301149 sent=0 ret=-11
89333.839 [0] DBG_C5_CONTACT phase=closing state=4 peer=0x0f6d3a3bdac0f858 purpose=uplink reason=wake-train-fail
89333.839 [0] DBG_MESH_WAKE_POLITE_BACKOFF phase=pre target=0xf6d3a3bdac0f858 retry=1/3 delay=268 reason=retransmit-uplink-wake
89334.064 [0] DBG_STACK_RUN_BEGIN epoch=16284486061926904368 run=206 kind=cir_handling owner=anchor_uwb_scan queue=1 custody=1 credit=0 retry=0 drain=0 src=16876665336513972910 dst=11068027678940948070 session=4182936047 seq=1 type=32 sequence=0 previous=0 uptime=301361
89334.126 [0] DBG_C5_CONTACT phase=open state=1 peer=0x0f6d3a3bdac0f858 purpose=uplink reason=retransmit-uplink-wake
89334.126 [0] DBG_WAKE_TRAIN_GUARD_OK
89334.162 [0] DBG_WAKE_TRAIN_CONFIG_BEGIN
89334.162 [0] DBG_WAKE_TRAIN_CONFIG_OK
89334.162 [0] DBG_WAKE_TRAIN_FIRST_SEND_BEGIN
89334.162 [0] DBG_WAKE_TRAIN_FIRST_SEND_OK
89334.162 [0] DBG_UWB_TX_CH5
89334.162 [0] DBG_TX_WAKE_CLAIM_SENT
89334.162 [0] DBG_ANCHOR_CH5_SCAN_HANDLER role=2
89334.162 [0] DBG_ANCHOR_CH5_SCAN_BLOCKED win=0 tx=1 retry_gap=0 flood=0 wait=0 rx=0 rxq=0 rxr=0 ack=0 ch9=0 rf=1 retry=20 interval=380
89334.162 [0] DBG_SCAN_SKIPPED reason=blocked
89334.162 [0] DBG_ANCHOR_CH5_SCAN_RESCHED ret=1 delay=20
89334.162 [0] DBG_UWB_TX_CH5
89334.162 [0] DBG_TX_WAKE_CLAIM_SENT
89334.162 [0] DBG_UWB_TX_CH5
89334.162 [0] DBG_TX_WAKE_CLAIM_SENT
89334.199 [0] DBG_UWB_TX_CH5
89334.199 [0] DBG_TX_WAKE_CLAIM_SENT
89334.199 [0] DBG_DWM_CH5_RX_HUNT_START acq=10 complete=1000 cap=124
89334.199 [0] DBG_ANCHOR_CH5_SCAN_HANDLER role=2
89334.199 [0] DBG_ANCHOR_CH5_SCAN_BLOCKED win=0 tx=1 retry_gap=0 flood=0 wait=0 rx=0 rxq=0 rxr=0 ack=0 ch9=0 rf=1 retry=20 interval=380
89334.199 [0] DBG_DWM_CH5_RX_HUNT_EMPTY s=301480 e=301490 ret=-116 sys=00000000 phy=2 cfg=1 aw=1 unk=0
89334.199 [0] DBG_SCAN_SKIPPED reason=blocked
89334.199 [0] DBG_ANCHOR_CH5_SCAN_RESCHED ret=1 delay=20
89334.199 [0] DBG_UWB_TX_CH5
89334.199 [0] DBG_TX_WAKE_CLAIM_SENT
89334.199 [0] DBG_UWB_TX_CH5
89334.199 [0] DBG_TX_WAKE_CLAIM_SENT
89334.199 [0] DBG_DWM_CH5_RX_HUNT_START acq=10 complete=1000 cap=124
89334.199 [0] DBG_ANCHOR_CH5_SCAN_HANDLER role=2
89334.236 [0] DBG_DWM_CH5_RX_HUNT_EMPTY s=301504 e=301514 ret=-116 sys=00000000 phy=2 cfg=1 aw=1 unk=0
89334.236 [0] DBG_ANCHOR_CH5_SCAN_BLOCKED win=0 tx=1 retry_gap=0 flood=0 wait=0 rx=0 rxq=0 rxr=0 ack=0 ch9=0 rf=1 retry=20 interval=380
89334.236 [0] DBG_SCAN_SKIPPED reason=blocked
89334.236 [0] DBG_ANCHOR_CH5_SCAN_RESCHED ret=1 delay=20
89334.236 [0] DBG_UWB_TX_CH5
89334.236 [0] DBG_TX_WAKE_CLAIM_SENT
89334.236 [0] DBG_UWB_TX_CH5
89334.236 [0] DBG_TX_WAKE_CLAIM_SENT
89334.236 [0] DBG_DWM_CH5_RX_HUNT_START acq=10 complete=1000 cap=124
89334.236 [0] DBG_ANCHOR_CH5_SCAN_HANDLER role=2
89334.236 [0] DBG_DWM_CH5_RX_HUNT_EMPTY s=301528 e=301538 ret=-116 sys=00000000 phy=2 cfg=1 aw=1 unk=0
89334.236 [0] DBG_ANCHOR_CH5_SCAN_BLOCKED win=0 tx=1 retry_gap=0 flood=0 wait=0 rx=0 rxq=0 rxr=0 ack=0 ch9=0 rf=1 retry=20 interval=380
89334.236 [0] DBG_SCAN_SKIPPED reason=blocked
89334.236 [0] DBG_ANCHOR_CH5_SCAN_RESCHED ret=1 delay=20
89334.236 [0] DBG_UWB_TX_CH5
89334.236 [0] DBG_TX_WAKE_CLAIM_SENT
89334.271 [0] DBG_UWB_TX_CH5
89334.271 [0] DBG_TX_WAKE_CLAIM_SENT
89334.271 [0] DBG_DWM_CH5_RX_HUNT_START acq=10 complete=1000 cap=124
89334.271 [0] DBG_ANCHOR_CH5_SCAN_HANDLER role=2
89334.271 [0] DBG_DWM_CH5_RX_HUNT_EMPTY s=301552 e=301562 ret=-116 sys=00000000 phy=2 cfg=1 aw=1 unk=0
89334.271 [0] DBG_ANCHOR_CH5_SCAN_BLOCKED win=0 tx=1 retry_gap=0 flood=0 wait=0 rx=0 rxq=0 rxr=0 ack=0 ch9=0 rf=1 retry=20 interval=380
89334.271 [0] DBG_SCAN_SKIPPED reason=blocked
89334.271 [0] DBG_ANCHOR_CH5_SCAN_RESCHED ret=1 delay=20
89334.271 [0] DBG_UWB_TX_CH5
89334.271 [0] DBG_TX_WAKE_CLAIM_SENT
89334.271 [0] DBG_UWB_TX_CH5
89334.271 [0] DBG_TX_WAKE_CLAIM_SENT
89334.271 [0] DBG_DWM_CH5_RX_HUNT_START acq=10 complete=1000 cap=124
89334.271 [0] DBG_ANCHOR_CH5_SCAN_HANDLER role=2
89334.271 [0] DBG_DWM_CH5_RX_HUNT_EMPTY s=301576 e=301586 ret=-116 sys=00000000 phy=2 cfg=1 aw=1 unk=0
89334.307 [0] DBG_ANCHOR_CH5_SCAN_BLOCKED win=0 tx=1 retry_gap=0 flood=0 wait=0 rx=0 rxq=0 rxr=0 ack=0 ch9=0 rf=1 retry=20 interval=380
89334.307 [0] DBG_SCAN_SKIPPED reason=blocked
89334.307 [0] DBG_ANCHOR_CH5_SCAN_RESCHED ret=1 delay=20
89334.307 [0] DBG_UWB_TX_CH5
89334.307 [0] DBG_TX_WAKE_CLAIM_SENT
89334.307 [0] DBG_UWB_TX_CH5
89334.307 [0] DBG_TX_WAKE_CLAIM_SENT
89334.307 [0] DBG_DWM_CH5_RX_HUNT_START acq=10 complete=1000 cap=124
89334.307 [0] DBG_ANCHOR_CH5_SCAN_HANDLER role=2
89334.307 [0] DBG_DWM_CH5_RX_HUNT_EMPTY s=301600 e=301610 ret=-116 sys=00000000 phy=2 cfg=1 aw=1 unk=0
89334.307 [0] DBG_ANCHOR_CH5_SCAN_BLOCKED win=0 tx=1 retry_gap=0 flood=0 wait=0 rx=0 rxq=0 rxr=0 ack=0 ch9=0 rf=1 retry=20 interval=380
89334.307 [0] DBG_SCAN_SKIPPED reason=blocked
89334.307 [0] DBG_ANCHOR_CH5_SCAN_RESCHED ret=1 delay=20
89334.307 [0] DBG_UWB_TX_CH5
89334.307 [0] DBG_TX_WAKE_CLAIM_SENT
89334.343 [0] DBG_UWB_TX_CH5
89334.343 [0] DBG_TX_WAKE_CLAIM_SENT
89334.343 [0] DBG_DWM_CH5_RX_HUNT_START acq=10 complete=1000 cap=124
89334.343 [0] DBG_ANCHOR_CH5_SCAN_HANDLER role=2
89334.343 [0] DBG_DWM_CH5_RX_HUNT_EMPTY s=301624 e=301634 ret=-116 sys=00000000 phy=2 cfg=1 aw=1 unk=0
89334.343 [0] DBG_ANCHOR_CH5_SCAN_BLOCKED win=0 tx=1 retry_gap=0 flood=0 wait=0 rx=0 rxq=0 rxr=0 ack=0 ch9=0 rf=1 retry=20 interval=380
89334.343 [0] DBG_SCAN_SKIPPED reason=blocked
89334.343 [0] DBG_ANCHOR_CH5_SCAN_RESCHED ret=1 delay=20
89334.343 [0] DBG_UWB_TX_CH5
89334.343 [0] DBG_TX_WAKE_CLAIM_SENT
89334.343 [0] DBG_UWB_TX_CH5
89334.343 [0] DBG_TX_WAKE_CLAIM_SENT
89334.343 [0] DBG_DWM_CH5_RX_HUNT_START acq=10 complete=1000 cap=124
89334.343 [0] DBG_ANCHOR_CH5_SCAN_HANDLER role=2
89334.343 [0] DBG_DWM_CH5_RX_HUNT_EMPTY s=301648 e=301658 ret=-116 sys=00000000 phy=2 cfg=1 aw=1 unk=0
89334.379 [0] DBG_ANCHOR_CH5_SCAN_BLOCKED win=0 tx=1 retry_gap=0 flood=0 wait=0 rx=0 rxq=0 rxr=0 ack=0 ch9=0 rf=1 retry=20 interval=380
89334.379 [0] DBG_SCAN_SKIPPED reason=blocked
89334.379 [0] DBG_ANCHOR_CH5_SCAN_RESCHED ret=1 delay=20
89334.379 [0] DBG_UWB_TX_CH5
89334.379 [0] DBG_TX_WAKE_CLAIM_SENT
89334.379 [0] DBG_UWB_TX_CH5
89334.379 [0] DBG_TX_WAKE_CLAIM_SENT
89334.379 [0] DBG_DWM_CH5_RX_HUNT_START acq=10 complete=1000 cap=124
89334.379 [0] DBG_ANCHOR_CH5_SCAN_HANDLER role=2
89334.379 [0] DBG_DWM_CH5_RX_HUNT_EMPTY s=301672 e=301682 ret=-116 sys=00000000 phy=2 cfg=1 aw=1 unk=0
89334.379 [0] DBG_ANCHOR_CH5_SCAN_BLOCKED win=0 tx=1 retry_gap=0 flood=0 wait=0 rx=0 rxq=0 rxr=0 ack=0 ch9=0 rf=1 retry=20 interval=380
89334.379 [0] DBG_SCAN_SKIPPED reason=blocked
89334.379 [0] DBG_ANCHOR_CH5_SCAN_RESCHED ret=1 delay=20
89334.379 [0] DBG_UWB_TX_CH5
89334.379 [0] DBG_TX_WAKE_CLAIM_SENT
89334.379 [0] DBG_UWB_TX_CH5
89334.379 [0] DBG_TX_WAKE_CLAIM_SENT
89334.416 [0] DBG_DWM_CH5_RX_HUNT_START acq=10 complete=1000 cap=124
89334.416 [0] DBG_ANCHOR_CH5_SCAN_HANDLER role=2
89334.416 [0] DBG_DWM_CH5_RX_HUNT_EMPTY s=301696 e=301706 ret=-116 sys=00000000 phy=2 cfg=1 aw=1 unk=0
89334.416 [0] DBG_ANCHOR_CH5_SCAN_BLOCKED win=0 tx=1 retry_gap=0 flood=0 wait=0 rx=0 rxq=0 rxr=0 ack=0 ch9=0 rf=1 retry=20 interval=380
89334.416 [0] DBG_SCAN_SKIPPED reason=blocked
89334.416 [0] DBG_ANCHOR_CH5_SCAN_RESCHED ret=1 delay=20
89334.416 [0] DBG_UWB_TX_CH5
89334.416 [0] DBG_TX_WAKE_CLAIM_SENT
89334.416 [0] DBG_UWB_TX_CH5
89334.416 [0] DBG_TX_WAKE_CLAIM_SENT
89334.416 [0] DBG_DWM_CH5_RX_HUNT_START acq=10 complete=1000 cap=124
89334.416 [0] DBG_ANCHOR_CH5_SCAN_HANDLER role=2
89334.450 [0] DBG_DWM_CH5_RX_HUNT_EMPTY s=301720 e=301730 ret=-116 sys=00000000 phy=2 cfg=1 aw=1 unk=0
89334.450 [0] DBG_ANCHOR_CH5_SCAN_BLOCKED win=0 tx=1 retry_gap=0 flood=0 wait=0 rx=0 rxq=0 rxr=0 ack=0 ch9=0 rf=1 retry=20 interval=380
89334.450 [0] DBG_SCAN_SKIPPED reason=blocked
89334.450 [0] DBG_ANCHOR_CH5_SCAN_RESCHED ret=1 delay=20
89334.450 [0] DBG_UWB_TX_CH5
89334.450 [0] DBG_TX_WAKE_CLAIM_SENT
89334.450 [0] DBG_UWB_TX_CH5
89334.450 [0] DBG_TX_WAKE_CLAIM_SENT
89334.450 [0] DBG_DWM_CH5_RX_HUNT_START acq=10 complete=1000 cap=124
89334.450 [0] DBG_ANCHOR_CH5_SCAN_HANDLER role=2
89334.450 [0] DBG_DWM_CH5_RX_HUNT_EMPTY s=301744 e=301754 ret=-116 sys=00000000 phy=2 cfg=1 aw=1 unk=0
89334.450 [0] DBG_ANCHOR_CH5_SCAN_BLOCKED win=0 tx=1 retry_gap=0 flood=0 wait=0 rx=0 rxq=0 rxr=0 ack=0 ch9=0 rf=1 retry=20 interval=380
89334.450 [0] DBG_SCAN_SKIPPED reason=blocked
89334.450 [0] DBG_ANCHOR_CH5_SCAN_RESCHED ret=1 delay=20
89334.450 [0] DBG_UWB_TX_CH5
89334.450 [0] DBG_TX_WAKE_CLAIM_SENT
89334.486 [0] DBG_UWB_TX_CH5
89334.486 [0] DBG_TX_WAKE_CLAIM_SENT
89334.486 [0] DBG_DWM_CH5_RX_HUNT_START acq=10 complete=1000 cap=124
89334.486 [0] DBG_ANCHOR_CH5_SCAN_HANDLER role=2
89334.486 [0] DBG_DWM_CH5_RX_HUNT_EMPTY s=301768 e=301778 ret=-116 sys=00000000 phy=2 cfg=1 aw=1 unk=0
89334.486 [0] DBG_ANCHOR_CH5_SCAN_BLOCKED win=0 tx=1 retry_gap=0 flood=0 wait=0 rx=0 rxq=0 rxr=0 ack=0 ch9=0 rf=1 retry=20 interval=380
89334.486 [0] DBG_SCAN_SKIPPED reason=blocked
89334.486 [0] DBG_ANCHOR_CH5_SCAN_RESCHED ret=1 delay=20
89334.486 [0] DBG_UWB_TX_CH5
89334.486 [0] DBG_TX_WAKE_CLAIM_SENT
89334.486 [0] DBG_UWB_TX_CH5
89334.486 [0] DBG_TX_WAKE_CLAIM_SENT
89334.486 [0] DBG_DWM_CH5_RX_HUNT_START acq=10 complete=1000 cap=124
89334.486 [0] DBG_ANCHOR_CH5_SCAN_HANDLER role=2
89334.486 [0] DBG_DWM_CH5_RX_HUNT_EMPTY s=301792 e=301802 ret=-116 sys=00000000 phy=2 cfg=1 aw=1 unk=0
89334.526 [0] DBG_ANCHOR_CH5_SCAN_BLOCKED win=0 tx=1 retry_gap=0 flood=0 wait=0 rx=0 rxq=0 rxr=0 ack=0 ch9=0 rf=1 retry=20 interval=380
89334.526 [0] DBG_SCAN_SKIPPED reason=blocked
89334.526 [0] DBG_ANCHOR_CH5_SCAN_RESCHED ret=1 delay=20
89334.526 [0] DBG_UWB_TX_CH5
89334.526 [0] DBG_TX_WAKE_CLAIM_SENT
89334.526 [0] DBG_UWB_TX_CH5
89334.526 [0] DBG_TX_WAKE_CLAIM_SENT
89334.526 [0] DBG_DWM_CH5_RX_HUNT_START acq=10 complete=1000 cap=124
89334.526 [0] DBG_ANCHOR_CH5_SCAN_HANDLER role=2
89334.526 [0] DBG_DWM_CH5_RX_HUNT_EMPTY s=301816 e=301826 ret=-116 sys=00000000 phy=2 cfg=1 aw=1 unk=0
89334.526 [0] DBG_ANCHOR_CH5_SCAN_BLOCKED win=0 tx=1 retry_gap=0 flood=0 wait=0 rx=0 rxq=0 rxr=0 ack=0 ch9=0 rf=1 retry=20 interval=380
89334.526 [0] DBG_SCAN_SKIPPED reason=blocked
89334.526 [0] DBG_ANCHOR_CH5_SCAN_RESCHED ret=1 delay=20
89334.526 [0] DBG_UWB_TX_CH5
89334.526 [0] DBG_TX_WAKE_CLAIM_SENT
89334.526 [0] DBG_UWB_TX_CH5
89334.526 [0] DBG_TX_WAKE_CLAIM_SENT
89334.526 [0] DBG_DWM_CH5_RX_HUNT_START acq=10 complete=1000 cap=124
89334.565 [0] DBG_ANCHOR_CH5_SCAN_HANDLER role=2
89334.565 [0] DBG_DWM_CH5_RX_HUNT_EMPTY s=301840 e=301850 ret=-116 sys=00000000 phy=2 cfg=1 aw=1 unk=0
89334.565 [0] DBG_ANCHOR_CH5_SCAN_BLOCKED win=0 tx=1 retry_gap=0 flood=0 wait=0 rx=0 rxq=0 rxr=0 ack=0 ch9=0 rf=1 retry=20 interval=380
89334.565 [0] DBG_SCAN_SKIPPED reason=blocked
89334.565 [0] DBG_ANCHOR_CH5_SCAN_RESCHED ret=1 delay=20
89334.565 [0] DBG_UWB_TX_CH5
89334.565 [0] DBG_TX_WAKE_CLAIM_SENT
89334.565 [0] DBG_UWB_TX_CH5
89334.565 [0] DBG_TX_WAKE_CLAIM_SENT
89334.565 [0] DBG_DWM_CH5_RX_HUNT_START acq=10 complete=1000 cap=124
89334.565 [0] DBG_ANCHOR_CH5_SCAN_HANDLER role=2
89334.565 [0] DBG_DWM_CH5_RX_HUNT_EMPTY s=301864 e=301874 ret=-116 sys=00000000 phy=2 cfg=1 aw=1 unk=0
89334.565 [0] DBG_ANCHOR_CH5_SCAN_BLOCKED win=0 tx=1 retry_gap=0 flood=0 wait=0 rx=0 rxq=0 rxr=0 ack=0 ch9=0 rf=1 retry=20 interval=380
89334.565 [0] DBG_SCAN_SKIPPED reason=blocked
89334.565 [0] DBG_ANCHOR_CH5_SCAN_RESCHED ret=1 delay=20
89334.571 [1] [00:05:00.845,672] <wrn> app_mesh_report: mesh route reply RX failed: target=0x9699122bd60a64e3 ret=-5 rx_failure=4 reason=anchor-route-wake-followup
89334.571 [1] [00:05:00.894,012] <wrn> app_mesh_report: mesh route reply RX failed: target=0x9699122bd60a64e3 ret=-5 rx_failure=4 reason=anchor-route-wake-followup
89334.571 [1] [00:05:00.959,533] <wrn> app_mesh_report:
89334.621 [0] DBG_UWB_TX_CH5
89334.621 [0] DBG_TX_WAKE_CLAIM_SENT
89334.621 [0] DBG_UWB_TX_CH5
89334.621 [0] DBG_TX_WAKE_CLAIM_SENT
89334.621 [0] DBG_DWM_CH5_RX_HUNT_START acq=10 complete=1000 cap=124
89334.621 [0] DBG_ANCHOR_CH5_SCAN_HANDLER role=2
89334.621 [0] DBG_DWM_CH5_RX_HUNT_EMPTY s=301888 e=301898 ret=-116 sys=00000000 phy=2 cfg=1 aw=1 unk=0
89334.621 [0] DBG_ANCHOR_CH5_SCAN_BLOCKED win=0 tx=1 retry_gap=0 flood=0 wait=0 rx=0 rxq=0 rxr=0 ack=0 ch9=0 rf=1 retry=20 interval=380
89334.621 [0] DBG_SCAN_SKIPPED reason=blocked
89334.621 [0] DBG_ANCHOR_CH5_SCAN_RESCHED ret=1 delay=20
89334.621 [0] DBG_UWB_TX_CH5
89334.621 [0] DBG_TX_WAKE_CLAIM_SENT
89334.621 [0] DBG_UWB_TX_CH5
89334.621 [0] DBG_TX_WAKE_CLAIM_SENT
89334.621 [0] DBG_DWM_CH5_RX_HUNT_START acq=10 complete=1000 cap=124
89334.621 [0] DBG_ANCHOR_CH5_SCAN_HANDLER role=2
89334.621 [0] DBG_DWM_CH5_RX_HUNT_EMPTY s=301912 e=301922 ret=-116 sys=00000000 phy=2 cfg=1 aw=1 unk=0
89334.621 [0] DBG_ANCHOR_CH5_SCAN_BLOCKED win=0 tx=1 retry_gap=0 flood=0 wait=0 rx=0 rxq=0 rxr=0 ack=0 ch9=0 rf=1 retry=20 interval=380
89334.621 [0] DBG_SCAN_SKIPPED reason=blocked
89334.621 [0] DBG_ANCHOR_CH5_SCAN_RESCHED ret=1 delay=20
89334.621 [0] DBG_UWB_TX_CH5
89334.621 [0] DBG_TX_WAKE_CLAIM_SENT
89334.626 [1] [00:05:01.079,162] <wrn> app_mesh_report: mesh route reply RX failed: target=0x9699122bd60a64e3 ret=-5 rx
89334.672 [0] DBG_UWB_TX_CH5
89334.672 [0] DBG_TX_WAKE_CLAIM_SENT
89334.672 [0] DBG_ANCHOR_CH5_SCAN_HANDLER role=2
89334.672 [0] DBG_DWM_CH5_RX_HUNT_EMPTY s=301936 e=301946 ret=-116 sys=00000000 phy=2 cfg=1 aw=1 unk=0
89334.672 [0] DBG_ANCHOR_CH5_SCAN_BLOCKED win=0 tx=1 retry_gap=0 flood=0 wait=0 rx=0 rxq=0 rxr=0 ack=0 ch9=0 rf=1 retry=20 interval=380
89334.672 [0] DBG_SCAN_SKIPPED reason=blocked
89334.672 [0] DBG_ANCHOR_CH5_SCAN_RESCHED ret=1 delay=20
89334.672 [0] DBG_UWB_TX_CH5
89334.672 [0] DBG_TX_WAKE_CLAIM_SENT
89334.672 [0] DBG_UWB_TX_CH5
89334.672 [0] DBG_TX_WAKE_CLAIM_SENT
89334.672 [0] DBG_DWM_CH5_RX_HUNT_START acq=10 complete=1000 cap=124
89334.672 [0] DBG_ANCHOR_CH5_SCAN_HANDLER role=2
89334.672 [0] DBG_DWM_CH5_RX_HUNT_EMPTY s=301960 e=301970 ret=-116 sys=00000000 phy=2 cfg=1 aw=1 unk=0
89334.672 [0] DBG_ANCHOR_CH5_SCAN_BLOCKED win=0 tx=1 retry_gap=0 flood=0 wait=0 rx=0 rxq=0 rxr=0 ack=0 ch9=0 rf=1 retry=20 interval=380
89334.672 [0] DBG_SCAN_SKIPPED reason=blocked
89334.672 [0] DBG_ANCHOR_CH5_SCAN_RESCHED ret=1 delay=20
89334.676 [1] _failure=2 reason=anchor-route-wake-followup
89334.717 [0] DBG_WAKE_TRAIN_TIMING evt=301110 start=301454 first=301460 last=301959 end=301992 sent=44 ret=0
89334.717 [0] DBG_C5_CONTACT phase=accepted state=2 peer=0x0f6d3a3bdac0f858 purpose=uplink reason=retransmit-uplink-wake
89334.717 [0] DBG_ANCHOR_CH5_SCAN_HANDLER role=2
89334.717 [0] DBG_ANCHOR_CH5_SCAN_ARM now=301995 win=10 complete=15 interval=380 wait=0 tx=1 response=0
89334.717 [0] DBG_DWM_CH5_RX_HUNT_START acq=10 complete=1000 cap=1020
89334.717 [0] DBG_DWM_CH5_RX_HUNT_EMPTY s=302003 e=302013 ret=-116 sys=00000000 phy=2 cfg=1 aw=1 unk=0
89334.717 [0] DBG_ANCHOR_CH5_SCAN_DONE ret=-116 len=0 fail=1 pre=0 q=0 rx_us=10864 complete=1000
89334.717 [0] DBG_ANCHOR_CH5_SCAN_RESCHED ret=1 delay=380
89334.750 [0] DBG_DWM_INVALIDATE tag=configure_radio_from_reset active_phy=2 configured=1 awake=1
89334.791 [0] DBG_DWM_MARK_UNCONFIGURED tag=initialise_radio prev_phy=0
89334.791 [0] DBG_DWM_PHY_SWITCH from=2 to=4 fast=0 us=20935
89334.791 [0] DBG_DWM_WAKE_MESH_CTRL_OK sfd=1033
89334.791 [0] DBG_DIRECT_GW_TX_CONFIG ret=0 now=302077 seq=1
89334.791 [0] DBG_CH9_TX_SEND_AT now=302079 earliest=301109 msg=20 len=281
89334.791 [0] DBG_CH9_TX_DONE now=302085 dur=6 len=281 msg=20
89334.791 [0] DBG_UWB_TX_CH5
89334.791 [0] DBG_CLICK_TX_DONE now=302085 seq=1
89334.791 [0] DBG_CH9_TX_SINGLE_SEND_OK
89334.791 [0] DBG_CH9_EVENT_STATE state=complete peer=0x0f6d3a3bdac0f858 start=301110 end=301170 reason=retransmit-direct-gateway
89334.791 [0] DBG_DIRECT_GW_TX_ACK_TRANSIT_WAIT dst=0x9999888877776666 src=0xea35f5b508104aae seq=1
89334.791 [0] DBG_CLICK_ACK_RX_ARM now=302086 slice=60 seq=1
89335.021 [0] DBG_DIRECT_GW_TX_ACK_WAIT ret=-116 seq=1
89335.021 [0] DBG_RETRANSMIT_DIRECT_GW_ACK_WINDOW seq=1 deadline=302337 window=0
89335.021 [0] DBG_UWB_RX_COORD_DEFER state=mesh-tx reason=mesh-tx route=0 q=0
89335.054 [0] DBG_TX_TIMEOUT_ENTER relay=1 route=0 ch9pend=0 bundle=0 now=302338
89335.084 [0] DBG_UWB_RX_COORD_DEFER state=mesh-tx reason=mesh-tx route=0 q=0
89335.084 [0] DBG_ANCHOR_CH5_SCAN_HANDLER role=2
89335.084 [0] DBG_ANCHOR_CH5_SCAN_BLOCKED win=0 tx=1 retry_gap=1 flood=0 wait=0 rx=0 rxq=0 rxr=0 ack=0 ch9=0 rf=0 retry=34 interval=380
89335.084 [0] DBG_SCAN_SKIPPED reason=blocked
89335.084 [0] DBG_ANCHOR_CH5_SCAN_RESCHED ret=1 delay=34
89335.117 [0] DBG_TX_TIMEOUT_ENTER relay=1 route=0 ch9pend=0 bundle=0 now=302428
89335.117 [0] DBG_RETRANSMIT_DIRECT_GW seq=1 now=302430
89335.117 [0] DBG_C5_CONTACT phase=open state=1 peer=0x0f6d3a3bdac0f858 purpose=uplink reason=retransmit-uplink-wake
89335.117 [0] DBG_WAKE_TRAIN_GUARD_OK
89335.117 [0] DBG_ANCHOR_CH5_SCAN_HANDLER role=2
89335.117 [0] DBG_ANCHOR_CH5_SCAN_BLOCKED win=0 tx=1 retry_gap=0 flood=0 wait=0 rx=0 rxq=0 rxr=0 ack=0 ch9=0 rf=1 retry=20 interval=380
89335.117 [0] DBG_SCAN_SKIPPED reason=blocked
89335.117 [0] DBG_ANCHOR_CH5_SCAN_RESCHED ret=1 delay=20
89335.147 [0] DBG_DWM_INVALIDATE tag=configure_radio_from_reset active_phy=4 configured=1 awake=1
89335.147 [0] DBG_DWM_MARK_UNCONFIGURED tag=initialise_radio prev_phy=0
89335.147 [0] DBG_ANCHOR_CH5_SCAN_HANDLER role=2
89335.147 [0] DBG_DWM_PHY_SWITCH from=4 to=2 fast=0 us=20996
89335.147 [0] DBG_ANCHOR_CH5_SCAN_BLOCKED win=0 tx=1 retry_gap=0 flood=0 wait=0 rx=0 rxq=0 rxr=0 ack=0 ch9=0 rf=1 retry=20 interval=380
89335.147 [0] DBG_SCAN_SKIPPED reason=blocked
89335.147 [0] DBG_ANCHOR_CH5_SCAN_RESCHED ret=1 delay=20
89335.181 [0] DBG_WAKE_TRAIN_CONFIG_BEGIN
89335.181 [0] DBG_ANCHOR_CH5_SCAN_HANDLER role=2
89335.181 [0] DBG_WAKE_TRAIN_CONFIG_OK
89335.181 [0] DBG_WAKE_TRAIN_FIRST_SEND_BEGIN
89335.181 [0] DBG_ANCHOR_CH5_SCAN_BLOCKED win=0 tx=1 retry_gap=0 flood=0 wait=0 rx=0 rxq=0 rxr=0 ack=0 ch9=0 rf=1 retry=20 interval=380
89335.181 [0] DBG_SCAN_SKIPPED reason=blocked
89335.181 [0] DBG_ANCHOR_CH5_SCAN_RESCHED ret=1 delay=20
89335.181 [0] DBG_WAKE_TRAIN_FIRST_SEND_OK
89335.181 [0] DBG_UWB_TX_CH5
89335.181 [0] DBG_TX_WAKE_CLAIM_SENT
89335.181 [0] DBG_UWB_TX_CH5
89335.181 [0] DBG_TX_WAKE_CLAIM_SENT
89335.226 [0] DBG_UWB_TX_CH5
89335.226 [0] DBG_TX_WAKE_CLAIM_SENT
89335.226 [0] DBG_ANCHOR_CH5_SCAN_HANDLER role=2
89335.226 [0] DBG_ANCHOR_CH5_SCAN_BLOCKED win=0 tx=1 retry_gap=0 flood=0 wait=0 rx=0 rxq=0 rxr=0 ack=0 ch9=0 rf=1 retry=20 interval=380
89335.226 [0] DBG_UWB_TX_CH5
89335.226 [0] DBG_TX_WAKE_CLAIM_SENT
89335.226 [0] DBG_SCAN_SKIPPED reason=blocked
89335.226 [0] DBG_ANCHOR_CH5_SCAN_RESCHED ret=1 delay=20
89335.226 [0] DBG_DWM_CH5_RX_HUNT_EMPTY s=302511 e=302521 ret=-116 sys=00000000 phy=2 cfg=1 aw=1 unk=0
89335.226 [0] DBG_UWB_TX_CH5
89335.226 [0] DBG_TX_WAKE_CLAIM_SENT
89335.226 [0] DBG_ANCHOR_CH5_SCAN_HANDLER role=2
89335.226 [0] DBG_UWB_TX_CH5
89335.226 [0] DBG_TX_WAKE_CLAIM_SENT
89335.226 [0] DBG_DWM_CH5_RX_HUNT_START acq=10 complete=1000 cap=124
89335.226 [0] DBG_ANCHOR_CH5_SCAN_BLOCKED win=0 tx=1 retry_gap=0 flood=0 wait=0 rx=0 rxq=0 rxr=0 ack=0 ch9=0 rf=1 retry=20 interval=380
89335.226 [0] DBG_SCAN_SKIPPED reason=blocked
89335.226 [0] DBG_ANCHOR_CH5_SCAN_RESCHED ret=1 delay=20
89335.270 [0] DBG_DWM_CH5_RX_HUNT_EMPTY s=302535 e=302545 ret=-116 sys=00000000 phy=2 cfg=1 aw=1 unk=0
89335.270 [0] DBG_UWB_TX_CH5
89335.270 [0] DBG_TX_WAKE_CLAIM_SENT
89335.270 [0] DBG_UWB_TX_CH5
89335.270 [0] DBG_TX_WAKE_CLAIM_SENT
89335.270 [0] DBG_ANCHOR_CH5_SCAN_HANDLER role=2
89335.270 [0] DBG_DWM_CH5_RX_HUNT_START acq=10 complete=1000 cap=124
89335.270 [0] DBG_ANCHOR_CH5_SCAN_BLOCKED win=0 tx=1 retry_gap=0 flood=0 wait=0 rx=0 rxq=0 rxr=0 ack=0 ch9=0 rf=1 retry=20 interval=380
89335.270 [0] DBG_SCAN_SKIPPED reason=blocked
89335.270 [0] DBG_ANCHOR_CH5_SCAN_RESCHED ret=1 delay=20
89335.270 [0] DBG_DWM_CH5_RX_HUNT_EMPTY s=302559 e=302569 ret=-116 sys=00000000 phy=2 cfg=1 aw=1 unk=0
89335.270 [0] DBG_UWB_TX_CH5
89335.270 [0] DBG_TX_WAKE_CLAIM_SENT
89335.270 [0] DBG_UWB_TX_CH5
89335.270 [0] DBG_TX_WAKE_CLAIM_SENT
89335.270 [0] DBG_DWM_CH5_RX_HUNT_START acq=10 complete=1000 cap=124
89335.307 [0] DBG_ANCHOR_CH5_SCAN_HANDLER role=2
89335.307 [0] DBG_ANCHOR_CH5_SCAN_BLOCKED win=0 tx=1 retry_gap=0 flood=0 wait=0 rx=0 rxq=0 rxr=0 ack=0 ch9=0 rf=1 retry=20 interval=380
89335.307 [0] DBG_SCAN_SKIPPED reason=blocked
89335.307 [0] DBG_DWM_CH5_RX_HUNT_EMPTY s=302583 e=302593 ret=-116 sys=00000000 phy=2 cfg=1 aw=1 unk=0
89335.307 [0] DBG_ANCHOR_CH5_SCAN_RESCHED ret=1 delay=20
89335.307 [0] DBG_UWB_TX_CH5
89335.307 [0] DBG_TX_WAKE_CLAIM_SENT
89335.307 [0] DBG_UWB_TX_CH5
89335.307 [0] DBG_TX_WAKE_CLAIM_SENT
89335.307 [0] DBG_DWM_CH5_RX_HUNT_START acq=10 complete=1000 cap=124
89335.307 [0] DBG_ANCHOR_CH5_SCAN_HANDLER role=2
89335.307 [0] DBG_DWM_CH5_RX_HUNT_EMPTY s=302607 e=302617 ret=-116 sys=00000000 phy=2 cfg=1 aw=1 unk=0
89335.307 [0] DBG_ANCHOR_CH5_SCAN_BLOCKED win=0 tx=1 retry_gap=0 flood=0 wait=0 rx=0 rxq=0 rxr=0 ack=0 ch9=0 rf=1 retry=20 interval=380
89335.307 [0] DBG_SCAN_SKIPPED reason=blocked
89335.307 [0] DBG_ANCHOR_CH5_SCAN_RESCHED ret=1 delay=20
89335.340 [0] DBG_UWB_TX_CH5
89335.340 [0] DBG_TX_WAKE_CLAIM_SENT
89335.340 [0] DBG_UWB_TX_CH5
89335.340 [0] DBG_TX_WAKE_CLAIM_SENT
89335.340 [0] DBG_DWM_CH5_RX_HUNT_START acq=10 complete=1000 cap=124
89335.340 [0] DBG_ANCHOR_CH5_SCAN_HANDLER role=2
89335.340 [0] DBG_DWM_CH5_RX_HUNT_EMPTY s=302631 e=302641 ret=-116 sys=00000000 phy=2 cfg=1 aw=1 unk=0
89335.340 [0] DBG_ANCHOR_CH5_SCAN_BLOCKED win=0 tx=1 retry_gap=0 flood=0 wait=0 rx=0 rxq=0 rxr=0 ack=0 ch9=0 rf=1 retry=20 interval=380
89335.340 [0] DBG_SCAN_SKIPPED reason=blocked
89335.340 [0] DBG_ANCHOR_CH5_SCAN_RESCHED ret=1 delay=20
89335.340 [0] DBG_UWB_TX_CH5
89335.340 [0] DBG_TX_WAKE_CLAIM_SENT
89335.340 [0] DBG_UWB_TX_CH5
89335.340 [0] DBG_TX_WAKE_CLAIM_SENT
89335.340 [0] DBG_DWM_CH5_RX_HUNT_START acq=10 complete=1000 cap=124
89335.375 [0] DBG_ANCHOR_CH5_SCAN_HANDLER role=2
89335.375 [0] DBG_DWM_CH5_RX_HUNT_EMPTY s=302655 e=302665 ret=-116 sys=00000000 phy=2 cfg=1 aw=1 unk=0
89335.375 [0] DBG_ANCHOR_CH5_SCAN_BLOCKED win=0 tx=1 retry_gap=0 flood=0 wait=0 rx=0 rxq=0 rxr=0 ack=0 ch9=0 rf=1 retry=20 interval=380
89335.375 [0] DBG_SCAN_SKIPPED reason=blocked
89335.375 [0] DBG_ANCHOR_CH5_SCAN_RESCHED ret=1 delay=20
89335.375 [0] DBG_UWB_TX_CH5
89335.375 [0] DBG_TX_WAKE_CLAIM_SENT
89335.375 [0] DBG_UWB_TX_CH5
89335.375 [0] DBG_TX_WAKE_CLAIM_SENT
89335.375 [0] DBG_DWM_CH5_RX_HUNT_START acq=10 complete=1000 cap=124
89335.375 [0] DBG_ANCHOR_CH5_SCAN_HANDLER role=2
89335.375 [0] DBG_DWM_CH5_RX_HUNT_EMPTY s=302679 e=302689 ret=-116 sys=00000000 phy=2 cfg=1 aw=1 unk=0
89335.413 [0] DBG_ANCHOR_CH5_SCAN_BLOCKED win=0 tx=1 retry_gap=0 flood=0 wait=0 rx=0 rxq=0 rxr=0 ack=0 ch9=0 rf=1 retry=20 interval=380
89335.413 [0] DBG_SCAN_SKIPPED reason=blocked
89335.413 [0] DBG_ANCHOR_CH5_SCAN_RESCHED ret=1 delay=20
89335.413 [0] DBG_UWB_TX_CH5
89335.413 [0] DBG_TX_WAKE_CLAIM_SENT
89335.413 [0] DBG_UWB_TX_CH5
89335.413 [0] DBG_TX_WAKE_CLAIM_SENT
89335.413 [0] DBG_DWM_CH5_RX_HUNT_START acq=10 complete=1000 cap=124
89335.413 [0] DBG_ANCHOR_CH5_SCAN_HANDLER role=2
89335.413 [0] DBG_DWM_CH5_RX_HUNT_EMPTY s=302703 e=302713 ret=-116 sys=00000000 phy=2 cfg=1 aw=1 unk=0
89335.413 [0] DBG_ANCHOR_CH5_SCAN_BLOCKED win=0 tx=1 retry_gap=0 flood=0 wait=0 rx=0 rxq=0 rxr=0 ack=0 ch9=0 rf=1 retry=20 interval=380
89335.413 [0] DBG_SCAN_SKIPPED reason=blocked
89335.413 [0] DBG_ANCHOR_CH5_SCAN_RESCHED ret=1 delay=20
89335.413 [0] DBG_UWB_TX_CH5
89335.413 [0] DBG_TX_WAKE_CLAIM_SENT
89335.413 [0] DBG_UWB_TX_CH5
89335.413 [0] DBG_TX_WAKE_CLAIM_SENT
89335.413 [0] DBG_DWM_CH5_RX_HUNT_START acq=10 complete=1000 cap=124
89335.443 [0] DBG_ANCHOR_CH5_SCAN_HANDLER role=2
89335.443 [0] DBG_DWM_CH5_RX_HUNT_EMPTY s=302727 e=302737 ret=-116 sys=00000000 phy=2 cfg=1 aw=1 unk=0
89335.443 [0] DBG_ANCHOR_CH5_SCAN_BLOCKED win=0 tx=1 retry_gap=0 flood=0 wait=0 rx=0 rxq=0 rxr=0 ack=0 ch9=0 rf=1 retry=20 interval=380
89335.443 [0] DBG_SCAN_SKIPPED reason=blocked
89335.443 [0] DBG_ANCHOR_CH5_SCAN_RESCHED ret=1 delay=20
89335.443 [0] DBG_UWB_TX_CH5
89335.443 [0] DBG_TX_WAKE_CLAIM_SENT
89335.443 [0] DBG_UWB_TX_CH5
89335.443 [0] DBG_TX_WAKE_CLAIM_SENT
89335.443 [0] DBG_DWM_CH5_RX_HUNT_START acq=10 complete=1000 cap=124
89335.443 [0] DBG_ANCHOR_CH5_SCAN_HANDLER role=2
89335.478 [0] DBG_DWM_CH5_RX_HUNT_EMPTY s=302751 e=302761 ret=-116 sys=00000000 phy=2 cfg=1 aw=1 unk=0
89335.478 [0] DBG_ANCHOR_CH5_SCAN_BLOCKED win=0 tx=1 retry_gap=0 flood=0 wait=0 rx=0 rxq=0 rxr=0 ack=0 ch9=0 rf=1 retry=20 interval=380
89335.478 [0] DBG_SCAN_SKIPPED reason=blocked
89335.478 [0] DBG_ANCHOR_CH5_SCAN_RESCHED ret=1 delay=20
89335.478 [0] DBG_UWB_TX_CH5
89335.478 [0] DBG_TX_WAKE_CLAIM_SENT
89335.478 [0] DBG_UWB_TX_CH5
89335.478 [0] DBG_TX_WAKE_CLAIM_SENT
89335.478 [0] DBG_DWM_CH5_RX_HUNT_START acq=10 complete=1000 cap=124
89335.478 [0] DBG_ANCHOR_CH5_SCAN_HANDLER role=2
89335.478 [0] DBG_DWM_CH5_RX_HUNT_EMPTY s=302775 e=302785 ret=-116 sys=00000000 phy=2 cfg=1 aw=1 unk=0
89335.478 [0] DBG_ANCHOR_CH5_SCAN_BLOCKED win=0 tx=1 retry_gap=0 flood=0 wait=0 rx=0 rxq=0 rxr=0 ack=0 ch9=0 rf=1 retry=20 interval=380
89335.478 [0] DBG_SCAN_SKIPPED reason=blocked
89335.478 [0] DBG_ANCHOR_CH5_SCAN_RESCHED ret=1 delay=20
89335.478 [0] DBG_UWB_TX_CH5
89335.478 [0] DBG_TX_WAKE_CLAIM_SENT
89335.512 [0] DBG_UWB_TX_CH5
89335.512 [0] DBG_TX_WAKE_CLAIM_SENT
89335.512 [0] DBG_DWM_CH5_RX_HUNT_START acq=10 complete=1000 cap=124
89335.512 [0] DBG_ANCHOR_CH5_SCAN_HANDLER role=2
89335.512 [0] DBG_DWM_CH5_RX_HUNT_EMPTY s=302799 e=302809 ret=-116 sys=00000000 phy=2 cfg=1 aw=1 unk=0
89335.512 [0] DBG_ANCHOR_CH5_SCAN_BLOCKED win=0 tx=1 retry_gap=0 flood=0 wait=0 rx=0 rxq=0 rxr=0 ack=0 ch9=0 rf=1 retry=20 interval=380
89335.512 [0] DBG_SCAN_SKIPPED reason=blocked
89335.512 [0] DBG_ANCHOR_CH5_SCAN_RESCHED ret=1 delay=20
89335.512 [0] DBG_UWB_TX_CH5
89335.512 [0] DBG_TX_WAKE_CLAIM_SENT
89335.512 [0] DBG_UWB_TX_CH5
89335.512 [0] DBG_TX_WAKE_CLAIM_SENT
89335.512 [0] DBG_DWM_CH5_RX_HUNT_START acq=10 complete=1000 cap=124
89335.547 [0] DBG_ANCHOR_CH5_SCAN_HANDLER role=2
89335.547 [0] DBG_DWM_CH5_RX_HUNT_EMPTY s=302823 e=302833 ret=-116 sys=00000000 phy=2 cfg=1 aw=1 unk=0
89335.547 [0] DBG_ANCHOR_CH5_SCAN_BLOCKED win=0 tx=1 retry_gap=0 flood=0 wait=0 rx=0 rxq=0 rxr=0 ack=0 ch9=0 rf=1 retry=20 interval=380
89335.547 [0] DBG_SCAN_SKIPPED reason=blocked
89335.547 [0] DBG_ANCHOR_CH5_SCAN_RESCHED ret=1 delay=20
89335.547 [0] DBG_UWB_TX_CH5
89335.547 [0] DBG_TX_WAKE_CLAIM_SENT
89335.547 [0] DBG_UWB_TX_CH5
89335.547 [0] DBG_TX_WAKE_CLAIM_SENT
89335.547 [0] DBG_DWM_CH5_RX_HUNT_START acq=10 complete=1000 cap=124
89335.547 [0] DBG_ANCHOR_CH5_SCAN_HANDLER role=2
89335.547 [0] DBG_DWM_CH5_RX_HUNT_EMPTY s=302847 e=302857 ret=-116 sys=00000000 phy=2 cfg=1 aw=1 unk=0
89335.547 [0] DBG_ANCHOR_CH5_SCAN_BLOCKED win=0 tx=1 retry_gap=0 flood=0 wait=0 rx=0 rxq=0 rxr=0 ack=0 ch9=0 rf=1 retry=20 interval=380
89335.547 [0] DBG_SCAN_SKIPPED reason=blocked
89335.547 [0] DBG_ANCHOR_CH5_SCAN_RESCHED ret=1 delay=20
89335.582 [0] DBG_UWB_TX_CH5
89335.582 [0] DBG_TX_WAKE_CLAIM_SENT
89335.582 [0] DBG_UWB_TX_CH5
89335.582 [0] DBG_TX_WAKE_CLAIM_SENT
89335.582 [0] DBG_DWM_CH5_RX_HUNT_START acq=10 complete=1000 cap=124
89335.582 [0] DBG_ANCHOR_CH5_SCAN_HANDLER role=2
89335.582 [0] DBG_DWM_CH5_RX_HUNT_EMPTY s=302870 e=302880 ret=-116 sys=00000000 phy=2 cfg=1 aw=1 unk=0
89335.582 [0] DBG_ANCHOR_CH5_SCAN_BLOCKED win=0 tx=1 retry_gap=0 flood=0 wait=0 rx=0 rxq=0 rxr=0 ack=0 ch9=0 rf=1 retry=20 interval=380
89335.582 [0] DBG_SCAN_SKIPPED reason=blocked
89335.582 [0] DBG_ANCHOR_CH5_SCAN_RESCHED ret=1 delay=20
89335.582 [0] DBG_UWB_TX_CH5
89335.582 [0] DBG_TX_WAKE_CLAIM_SENT
89335.582 [0] DBG_UWB_TX_CH5
89335.582 [0] DBG_TX_WAKE_CLAIM_SENT
89335.582 [0] DBG_DWM_CH5_RX_HUNT_START acq=10 complete=1000 cap=124
89335.623 [0] DBG_ANCHOR_CH5_SCAN_HANDLER role=2
89335.623 [0] DBG_DWM_CH5_RX_HUNT_EMPTY s=302894 e=302904 ret=-116 sys=00000000 phy=2 cfg=1 aw=1 unk=0
89335.623 [0] DBG_ANCHOR_CH5_SCAN_BLOCKED win=0 tx=1 retry_gap=0 flood=0 wait=0 rx=0 rxq=0 rxr=0 ack=0 ch9=0 rf=1 retry=20 interval=380
89335.623 [0] DBG_SCAN_SKIPPED reason=blocked
89335.623 [0] DBG_ANCHOR_CH5_SCAN_RESCHED ret=1 delay=20
89335.623 [0] DBG_UWB_TX_CH5
89335.623 [0] DBG_TX_WAKE_CLAIM_SENT
89335.623 [0] DBG_UWB_TX_CH5
89335.623 [0] DBG_TX_WAKE_CLAIM_SENT
89335.623 [0] DBG_DWM_CH5_RX_HUNT_START acq=10 complete=1000 cap=124
89335.623 [0] DBG_ANCHOR_CH5_SCAN_HANDLER role=2
89335.623 [0] DBG_DWM_CH5_RX_HUNT_EMPTY s=302918 e=302928 ret=-116 sys=00000000 phy=2 cfg=1 aw=1 unk=0
89335.623 [0] DBG_ANCHOR_CH5_SCAN_BLOCKED win=0 tx=1 retry_gap=0 flood=0 wait=0 rx=0 rxq=0 rxr=0 ack=0 ch9=0 rf=1 retry=20 interval=380
89335.623 [0] DBG_SCAN_SKIPPED reason=blocked
89335.623 [0] DBG_ANCHOR_CH5_SCAN_RESCHED ret=1 delay=20
89335.623 [0] DBG_UWB_TX_CH5
89335.623 [0] DBG_TX_WAKE_CLAIM_SENT
89335.669 [0] DBG_UWB_TX_CH5
89335.669 [0] DBG_TX_WAKE_CLAIM_SENT
89335.669 [0] DBG_DWM_CH5_RX_HUNT_START acq=10 complete=1000 cap=124
89335.669 [0] DBG_ANCHOR_CH5_SCAN_HANDLER role=2
89335.669 [0] DBG_DWM_CH5_RX_HUNT_EMPTY s=302942 e=302952 ret=-116 sys=00000000 phy=2 cfg=1 aw=1 unk=0
89335.669 [0] DBG_ANCHOR_CH5_SCAN_BLOCKED win=0 tx=1 retry_gap=0 flood=0 wait=0 rx=0 rxq=0 rxr=0 ack=0 ch9=0 rf=1 retry=20 interval=380
89335.669 [0] DBG_SCAN_SKIPPED reason=blocked
89335.669 [0] DBG_ANCHOR_CH5_SCAN_RESCHED ret=1 delay=20
89335.669 [0] DBG_UWB_TX_CH5
89335.669 [0] DBG_TX_WAKE_CLAIM_SENT
89335.669 [0] DBG_UWB_TX_CH5
89335.669 [0] DBG_TX_WAKE_CLAIM_SENT
89335.669 [0] DBG_DWM_CH5_RX_HUNT_START acq=10 complete=1000 cap=124
89335.669 [0] DBG_ANCHOR_CH5_SCAN_HANDLER role=2
89335.669 [0] DBG_DWM_CH5_RX_HUNT_EMPTY s=302966 e=302976 ret=-116 sys=00000000 phy=2 cfg=1 aw=1 unk=0
89335.669 [0] DBG_ANCHOR_CH5_SCAN_BLOCKED win=0 tx=1 retry_gap=0 flood=0 wait=0 rx=0 rxq=0 rxr=0 ack=0 ch9=0 rf=1 retry=20 interval=380
89335.669 [0] DBG_SCAN_SKIPPED reason=blocked
89335.669 [0] DBG_ANCHOR_CH5_SCAN_RESCHED ret=1 delay=20
89335.669 [0] DBG_UWB_TX_CH5
89335.669 [0] DBG_TX_WAKE_CLAIM_SENT
89335.712 [0] DBG_UWB_TX_CH5
89335.712 [0] DBG_TX_WAKE_CLAIM_SENT
89335.712 [0] DBG_DWM_CH5_RX_HUNT_START acq=10 complete=1000 cap=124
89335.712 [0] DBG_ANCHOR_CH5_SCAN_HANDLER role=2
89335.712 [0] DBG_DWM_CH5_RX_HUNT_EMPTY s=302990 e=303000 ret=-116 sys=00000000 phy=2 cfg=1 aw=1 unk=0
89335.712 [0] DBG_ANCHOR_CH5_SCAN_BLOCKED win=0 tx=1 retry_gap=0 flood=0 wait=0 rx=0 rxq=0 rxr=0 ack=0 ch9=0 rf=1 retry=20 interval=380
89335.712 [0] DBG_SCAN_SKIPPED reason=blocked
89335.712 [0] DBG_ANCHOR_CH5_SCAN_RESCHED ret=1 delay=20
89335.712 [0] DBG_WAKE_TRAIN_TIMING evt=302430 start=302484 first=302490 last=302989 end=303022 sent=44 ret=0
89335.712 [0] DBG_C5_CONTACT phase=accepted state=2 peer=0x0f6d3a3bdac0f858 purpose=uplink reason=retransmit-uplink-wake
89335.712 [0] DBG_UPLINK_WAKE next=0xf6d3a3bdac0f858 ret=0 seq=1 phase=retransmit
89335.712 [0] DBG_C5_CONTROL_FOLLOWUP_TURNAROUND delay=60 msg=20 reason=retransmit-uplink-wake
89335.712 [0] DBG_ANCHOR_CH5_SCAN_HANDLER role=2
89335.712 [0] DBG_ANCHOR_CH5_SCAN_ARM now=303024 win=10 complete=15 interval=380 wait=0 tx=1 response=0
89335.742 [0] DBG_DWM_CH5_RX_HUNT_START acq=10 complete=1000 cap=1020
89335.742 [0] DBG_DWM_CH5_RX_HUNT_EMPTY s=303032 e=303042 ret=-116 sys=00000000 phy=2 cfg=1 aw=1 unk=0
89335.742 [0] DBG_ANCHOR_CH5_SCAN_DONE ret=-116 len=0 fail=1 pre=0 q=0 rx_us=10345 complete=1000
89335.742 [0] DBG_ANCHOR_CH5_SCAN_RESCHED ret=1 delay=380
89335.772 [0] DBG_DWM_INVALIDATE tag=configure_radio_from_reset active_phy=2 configured=1 awake=1
89335.803 [0] DBG_DWM_MARK_UNCONFIGURED tag=initialise_radio prev_phy=0
89335.803 [0] DBG_DWM_PHY_SWITCH from=2 to=4 fast=0 us=20844
89335.803 [0] DBG_DWM_WAKE_MESH_CTRL_OK sfd=1033
89335.803 [0] DBG_DIRECT_GW_TX_CONFIG ret=0 now=303107 seq=1
89335.803 [0] DBG_CH9_TX_SEND_AT now=303109 earliest=302428 msg=20 len=281
89335.803 [0] DBG_CH9_TX_DONE now=303115 dur=6 len=281 msg=20
89335.803 [0] DBG_UWB_TX_CH5
89335.803 [0] DBG_CLICK_TX_DONE now=303115 seq=1
89335.803 [0] DBG_CH9_TX_SINGLE_SEND_OK
89335.803 [0] DBG_CH9_EVENT_STATE state=complete peer=0x0f6d3a3bdac0f858 start=302430 end=302490 reason=retransmit-direct-gateway
89335.803 [0] DBG_DIRECT_GW_TX_ACK_TRANSIT_WAIT dst=0x9999888877776666 src=0xea35f5b508104aae seq=1
89335.803 [0] DBG_CLICK_ACK_RX_ARM now=303115 slice=60 seq=1
89336.006 [0] DBG_DIRECT_GW_TX_ACK_WAIT ret=-5 seq=1
89336.006 [0] DBG_RETRANSMIT_DEFER reason=send-failed ret=0 send=-5 delay=48 seq=1 state=2
89336.006 [0] DBG_UWB_RX_COORD_DEFER state=mesh-tx reason=mesh-tx route=0 q=0
89336.078 [0] DBG_TX_TIMEOUT_ENTER relay=1 route=0 ch9pend=0 bundle=0 now=303363
89336.078 [0] DBG_RETRANSMIT_DIRECT_GW seq=1 now=303364
89336.078 [0] DBG_C5_CONTACT phase=open state=1 peer=0x0f6d3a3bdac0f858 purpose=uplink reason=retransmit-uplink-wake
89336.078 [0] DBG_WAKE_TRAIN_GUARD_OK
89336.078 [0] DBG_DWM_INVALIDATE tag=configure_radio_from_reset active_phy=4 configured=1 awake=1
89336.078 [0] DBG_STACK_SAMPLE_BEGIN epoch=16284486061926904368 run=206 sample=206 kind=cir_handling owner=anchor_uwb_scan queue=1 custody=1 credit=0 retry=0 drain=0 src=16876665336513972910 dst=11068027678940948070 session=4182936047 seq=1 type=32 uptime=303375
89336.078 [0] DBG_STACK_ISR_CONFIG size=8192 run=206 sample=206
89336.078 [0] DBG_STACK name=anchor_uwb_scan tid=0x2000ca08 used=7952 free=2032 size=9984 ret=0 run=206 sample=206
89336.078 [0] DBG_STACK name=mesh_route tid=0x2000b038 used=6976 free=2496 size=9472 ret=0 run=206 sample=206
89336.078 [0] DBG_STACK name=sysworkq tid=0x2000d980 used=772 free=4604 size=5376 ret=0 run=206 sample=206
89336.078 [0] DBG_STACK name=logging tid=0x2000cec0 used=544 free=1504 size=2048 ret=0 run=206 sample=206
89336.112 [0] DBG_STACK name=idle tid=0x2000d750 used=64 free=256 size=320 ret=0 run=206 sample=206
89336.112 [0] DBG_STACK_SAMPLE_END run=206 sample=206
89336.112 [0] DBG_ANCHOR_CH5_SCAN_HANDLER role=2
89336.152 [0] DBG_DWM_CH5_RX_HUNT_START acq=10 complete=1000 cap=1020
89336.152 [0] DBG_DWM_CH5_RX_ACTIVITY_EXTEND ret=0 status=0x00000100 complete=1000
89336.152 [0] DBG_DWM_CH5_RX_ACTIVITY_WAIT status=0x00000100 remain=1000
89336.152 [0] DBG_DWM_CH5_RX_ACTIVITY_DONE raw=51 payload=49 status=0x00006f00 rearm=0 extended=1
89336.152 [0] DBG_ANCHOR_CH5_SCAN_DONE ret=0 len=49 fail=0 pre=1 q=100 rx_us=12481 complete=1000
89336.152 [0] DBG_UWB_RX_CH5
89336.152 [0] DBG_ANCHOR_CH5_FRAME len=49 q=100 wake_ret=0
89336.152 [0] DBG_ANCHOR_ROUTE_WAKE_DISPATCH src=0x9699122bd60a64e3 evt=304071 attempt=1 flags=0x92 len=49 q=100
89336.152 [0] DBG_C5_CONTACT phase=open state=2 peer=0x9699122bd60a64e3 purpose=route_solicit reason=wake-claim
89336.152 [0] DBG_C5_CONTACT phase=accepted state=2 peer=0x9699122bd60a64e3 purpose=route_solicit reason=wake-claim
89336.152 [0] DBG_ROUTE_ACTIVATION_LISTEN valid=0 now=303445 start=0 relay=0 listen=1515
89336.152 [0] DBG_ANCHOR_ROUTE_WAKE_HANDOFF src=0x9699122bd60a64e3 evt=304071 attempt=1 flags=0x92 embedded=0 hop=0 listen=1515
89336.152 [0] DBG_C5_CONTACT phase=exchange state=3 peer=0x9699122bd60a64e3 purpose=route_solicit reason=anchor-route-wake-followup
89336.188 [0] DBG_DWM_INVALIDATE tag=configure_radio_from_reset active_phy=4 configured=1 awake=1
89336.188 [0] DBG_DWM_MARK_UNCONFIGURED tag=initialise_radio prev_phy=0
89336.235 [0] DBG_DWM_PHY_SWITCH from=4 to=2 fast=0 us=20966
89336.235 [0] DBG_DWM_CH5_RX_HUNT_START acq=61 complete=1000 cap=1020
89336.235 [0] DBG_DWM_CH5_RX_ACTIVITY_EXTEND ret=0 status=0x00000100 complete=1000
89336.235 [0] DBG_DWM_CH5_RX_ACTIVITY_WAIT status=0x00000100 remain=1000
89336.235 [0] DBG_DWM_CH5_RX_ACTIVITY_DONE raw=51 payload=49 status=0x00006f00 rearm=0 extended=1
89336.235 [0] DBG_DWM_INVALIDATE tag=configure_radio_from_reset active_phy=2 configured=1 awake=1
89336.235 [0] DBG_DWM_MARK_UNCONFIGURED tag=initialise_radio prev_phy=0
89336.235 [0] DBG_DWM_PHY_SWITCH from=2 to=4 fast=0 us=20844
89336.235 [0] DBG_DWM_WAKE_MESH_CTRL_OK sfd=1033
89336.235 [0] DBG_ROUTE_REPLY_CLICK_PROBE_DONE duration_ms=49 outcome=restore ret=0
89336.235 [0] DBG_C5_RX_FAIL status=0x04000100 finfo=0x00000000 fail=2 phy=4 ch=5 plen=2 pac=0 txc=9 rxc=9 sfd=2 rate=0 phr=1 phrr=0 sfdto=1
89336.235 [0] DBG_DWM_INVALIDATE tag=configure_radio_from_reset active_phy=4 configured=1 awake=1
89336.282 [0] DBG_DWM_MARK_UNCONFIGURED tag=initialise_radio prev_phy=0
89336.282 [0] DBG_DWM_PHY_SWITCH from=4 to=2 fast=0 us=20844
89336.282 [0] DBG_DWM_CH5_RX_HUNT_START acq=61 complete=1000 cap=1020
89336.282 [0] DBG_DWM_CH5_RX_ACTIVITY_EXTEND ret=0 status=0x00000100 complete=1000
89336.282 [0] DBG_DWM_CH5_RX_ACTIVITY_WAIT status=0x00000100 remain=1000
89336.282 [0] DBG_DWM_CH5_RX_ACTIVITY_DONE raw=51 payload=49 status=0x00006f00 rearm=0 extended=1
89336.282 [0] DBG_DWM_INVALIDATE tag=configure_radio_from_reset active_phy=2 configured=1 awake=1
89336.282 [0] DBG_DWM_MARK_UNCONFIGURED tag=initialise_radio prev_phy=0
89336.282 [0] DBG_DWM_PHY_SWITCH from=2 to=4 fast=0 us=21027
89336.282 [0] DBG_DWM_WAKE_MESH_CTRL_OK sfd=1033
89336.282 [0] DBG_ROUTE_REPLY_CLICK_PROBE_DONE duration_ms=46 outcome=restore ret=0
89336.282 [0] DBG_DWM_INVALIDATE tag=configure_radio_from_reset active_phy=4 configured=1 awake=1
89336.324 [0] DBG_DWM_MARK_UNCONFIGURED tag=initialise_radio prev_phy=0
89336.324 [0] DBG_DWM_PHY_SWITCH from=4 to=2 fast=0 us=20935
89336.324 [0] DBG_DWM_CH5_RX_HUNT_START acq=61 complete=1000 cap=1020
89336.324 [0] DBG_DWM_CH5_RX_ACTIVITY_EXTEND ret=0 status=0x00000100 complete=1000
89336.324 [0] DBG_DWM_CH5_RX_ACTIVITY_WAIT status=0x00000100 remain=1000
89336.324 [0] DBG_DWM_CH5_RX_ACTIVITY_DONE raw=51 payload=49 status=0x00006f00 rearm=0 extended=1
89336.324 [0] DBG_DWM_INVALIDATE tag=configure_radio_from_reset active_phy=2 configured=1 awake=1
89336.324 [0] DBG_C5_CONTACT phase=closing state=4 peer=0x9699122bd60a64e3 purpose=route_solicit reason=replace
89336.324 [0] DBG_C5_CONTACT phase=open state=1 peer=0x0f6d3a3bdac0f858 purpose=uplink reason=retransmit-uplink-wake
89336.324 [0] DBG_WAKE_TRAIN_GUARD_FAIL
89336.324 [0] DBG_C5_CONTACT phase=closing state=4 peer=0x0f6d3a3bdac0f858 purpose=uplink reason=wake-train-guard-fail
89336.324 [0] DBG_UPLINK_WAKE next=0xf6d3a3bdac0f858 ret=-16 seq=1 phase=retransmit
89336.324 [0] DBG_RETRANSMIT_DEFER reason=send-failed ret=0 send=-16 delay=149 seq=1 state=2
89336.324 [0] DBG_UWB_RX_COORD_DEFER state=mesh-tx reason=mesh-tx route=0 q=0
89336.363 [0] DBG_DWM_MARK_UNCONFIGURED tag=initialise_radio prev_phy=0
89336.363 [0] DBG_DWM_PHY_SWITCH from=4 to=2 fast=0 us=20935
89336.363 [0] DBG_DWM_CH5_RX_HUNT_START acq=61 complete=1000 cap=1020
89336.363 [0] DBG_DWM_CH5_RX_ACTIVITY_EXTEND ret=0 status=0x00000100 complete=1000
89336.363 [0] DBG_DWM_CH5_RX_ACTIVITY_WAIT status=0x00000100 remain=1000
89336.363 [0] DBG_DWM_CH5_RX_ACTIVITY_DONE raw=51 payload=49 status=0x00006f00 rearm=0 extended=1
89336.363 [0] DBG_DWM_INVALIDATE tag=configure_radio_from_reset active_phy=2 configured=1 awake=1
89336.363 [0] DBG_UWB_RX_COORD_DEFER state=mesh-tx reason=mesh-tx route=0 q=0
89336.363 [0] DBG_DWM_MARK_UNCONFIGURED tag=initialise_radio prev_phy=0
89336.406 [0] DBG_DWM_PHY_SWITCH from=2 to=4 fast=0 us=20844
89336.406 [0] DBG_DWM_WAKE_MESH_CTRL_OK sfd=1033
89336.406 [0] DBG_ROUTE_REPLY_CLICK_PROBE_DONE duration_ms=46 outcome=restore ret=0
89336.406 [0] DBG_DWM_INVALIDATE tag=configure_radio_from_reset active_phy=4 configured=1 awake=1
89336.406 [0] DBG_DWM_MARK_UNCONFIGURED tag=initialise_radio prev_phy=0
89336.406 [0] DBG_DWM_PHY_SWITCH from=4 to=2 fast=0 us=20844
89336.406 [0] DBG_DWM_CH5_RX_HUNT_START acq=61 complete=1000 cap=1020
89336.406 [0] DBG_DWM_CH5_RX_ACTIVITY_EXTEND ret=0 status=0x00000100 complete=1000
89336.406 [0] DBG_DWM_CH5_RX_ACTIVITY_WAIT status=0x00000100 remain=1000
89336.406 [0] DBG_DWM_CH5_RX_ACTIVITY_DONE raw=51 payload=49 status=0x00006f00 rearm=0 extended=1
89336.406 [0] DBG_DWM_INVALIDATE tag=configure_radio_from_reset active_phy=2 configured=1 awake=1
89336.406 [0] DBG_UWB_RX_COORD_DEFER state=mesh-tx reason=mesh-tx route=0 q=0
89336.447 [0] DBG_DWM_MARK_UNCONFIGURED tag=initialise_radio prev_phy=0
89336.447 [0] DBG_DWM_PHY_SWITCH from=2 to=4 fast=0 us=20966
89336.447 [0] DBG_DWM_WAKE_MESH_CTRL_OK sfd=1033
89336.447 [0] DBG_ROUTE_REPLY_CLICK_PROBE_DONE duration_ms=47 outcome=restore ret=0
89336.447 [0] DBG_DWM_INVALIDATE tag=configure_radio_from_reset active_phy=4 configured=1 awake=1
89336.447 [0] DBG_DWM_MARK_UNCONFIGURED tag=initialise_radio prev_phy=0
89336.447 [0] DBG_DWM_PHY_SWITCH from=4 to=2 fast=0 us=20843
89336.447 [0] DBG_DWM_CH5_RX_HUNT_START acq=61 complete=1000 cap=1020
89336.447 [0] DBG_DWM_CH5_RX_ACTIVITY_EXTEND ret=0 status=0x00000100 complete=1000
89336.447 [0] DBG_DWM_CH5_RX_ACTIVITY_WAIT status=0x00000100 remain=1000
89336.447 [0] DBG_DWM_CH5_RX_ACTIVITY_DONE raw=51 payload=49 status=0x00006f00 rearm=0 extended=1
89336.447 [0] DBG_DWM_INVALIDATE tag=configure_radio_from_reset active_phy=2 configured=1 awake=1
89336.486 [0] DBG_TX_TIMEOUT_ENTER relay=1 route=0 ch9pend=0 bundle=0 now=303761
89336.486 [0] DBG_RETRANSMIT_DIRECT_GW seq=1 now=303762
89336.486 [0] DBG_C5_CONTACT phase=open state=1 peer=0x0f6d3a3bdac0f858 purpose=uplink reason=retransmit-uplink-wake
89336.486 [0] DBG_WAKE_TRAIN_GUARD_FAIL
89336.486 [0] DBG_DWM_MARK_UNCONFIGURED tag=initialise_radio prev_phy=0
89336.486 [0] DBG_DWM_PHY_SWITCH from=2 to=4 fast=0 us=23987
89336.486 [0] DBG_DWM_WAKE_MESH_CTRL_OK sfd=1033
89336.486 [0] DBG_ROUTE_REPLY_CLICK_PROBE_DONE duration_ms=53 outcome=restore ret=0
89336.486 [0] DBG_DWM_INVALIDATE tag=configure_radio_from_reset active_phy=4 configured=1 awake=1
89336.492 [1] [00:05:03.536,224] <wrn> app_mesh_report: mesh route reply RX failed: target=0x9699122bd60a64e3 ret=-5 rx_failure=2 reason=anchor-route-wake-followup
89336.492 [1] [00:05:03.584,075] <wrn> app_mesh_report: mesh route reply RX failed: target=0x9699122bd60a64e3 ret=-5 rx_failure=4 reason=anchor-route-wake-followup
89336.492 [1] [00:05:03.611,755] <err> app_radio_guard:
89336.531 [0] DBG_DWM_MARK_UNCONFIGURED tag=initialise_radio prev_phy=0
89336.531 [0] DBG_UWB_RX_COORD_DEFER state=mesh-tx reason=mesh-tx route=0 q=0
89336.531 [0] DBG_DWM_PHY_SWITCH from=4 to=2 fast=0 us=21149
89336.531 [0] DBG_DWM_CH5_RX_HUNT_START acq=61 complete=1000 cap=1020
89336.534 [1] 5
89336.534 [1] get=0x9699122bd60a64e3 ret=-5 rx_failure=4 reason=anchor-route-wake-followup
89336.564 [0] DBG_UWB_RX_COORD_DEFER state=mesh-tx reason=mesh-tx route=0 q=0
89336.564 [0] DBG_DWM_CH5_RX_HUNT_EMPTY s=303818 e=303880 ret=-116 sys=00000000 phy=2 cfg=1 aw=1 unk=0
89336.564 [0] DBG_DWM_INVALIDATE tag=configure_radio_from_reset active_phy=2 configured=1 awake=1
89336.567 [1] [00:05:03.679,992] <wrn> app_mesh_report: mesh route reply RX failed: target=0x9699122bd60a64e3 ret=-5 rx_failure=4 reason=anchor-route-wake-followup
89336.567 [1] [00:05:03.728,240] <wrn> app_mesh_report: mesh route reply RX failed: target=0x9699122bd60a64e3 ret=-5 rx_failure=4 reason=anchor-route-wake-followup
89336.567 [1] [00:05:03.763,549] <err> app_radio_guard:
89336.595 [0] DBG_DWM_MARK_UNCONFIGURED tag=initialise_radio prev_phy=0
89336.595 [0] DBG_DWM_PHY_SWITCH from=2 to=4 fast=0 us=20996
89336.595 [0] DBG_DWM_WAKE_MESH_CTRL_OK sfd=1033
89336.595 [0] DBG_ROUTE_REPLY_CLICK_PROBE_DONE duration_ms=104 outcome=restore ret=0
89336.598 [1] 7
89336.598 [1] [00:05:03.763,58
89336.633 [0] DBG_UWB_RX_COORD_DEFER state=mesh-tx reason=mesh-tx route=0 q=0
89336.633 [0] DBG_ROUTE_REPLY_RX_FRAME
89336.633 [0] DBG_ROUTE_REPLY_DECODE_FAIL ret=-8 len=281 q=100
89336.637 [1] 0] <wrn> app_mesh_report: mesh route UWB WAKE_CLAIM guard failed: target=0x0f6d3a3bdac0f858 ret=-16
89336.637 [1] [00:05:03.785,278] <wrn> app_mesh_report: mesh route reply RX failed: target=0x9699122bd60a64e3 ret=-5 rx_failure=2 reason=anchor-route-wake-followup
89336.637 [1] [00:05:03.901,794] <wrn> app_mesh_report: mesh route reply RX failed: tar
89336.680 [0] DBG_TX_TIMEOUT_ENTER relay=1 route=0 ch9pend=0 bundle=0 now=303953
89336.680 [0] DBG_RETRANSMIT_DIRECT_GW seq=1 now=303954
89336.680 [0] DBG_C5_CONTACT phase=open state=1 peer=0x0f6d3a3bdac0f858 purpose=uplink reason=retransmit-uplink-wake
89336.680 [0] DBG_WAKE_TRAIN_GUARD_FAIL
89336.680 [0] DBG_C5_CONTACT phase=closing state=4 peer=0x0f6d3a3bdac0f858 purpose=uplink reason=wake-train-guard-fail
89336.680 [0] DBG_UPLINK_WAKE next=0xf6d3a3bdac0f858 ret=-16 seq=1 phase=retransmit
89336.680 [0] DBG_RETRANSMIT_DEFER reason=send-failed ret=0 send=-16 delay=552 seq=1 state=2
89336.680 [0] DBG_UWB_RX_COORD_DEFER state=mesh-tx reason=mesh-tx route=0 q=0
89336.680 [0] DBG_ROUTE_REPLY_RX_FRAME
89336.680 [0] DBG_ROUTE_REPLY_DECODE_FAIL ret=-8 len=111 q=100
89336.680 [0] DBG_ROUTE_REPLY_RX_FRAME
89336.680 [0] DBG_ROUTE_REPLY_DECODE_FAIL ret=-8 len=281 q=100
89336.684 [1] ake-followup
89336.684 [1] 9
89336.684 [1] [00:05:03.955,322] <wrn> app_mesh_report: mesh route UWB WAKE_CLAIM guard failed: target=
89336.723 [0] DBG_DWM_RF_SCOPE_DROP local=2 remote=0 remote_clicker=0
89336.723 [0] DBG_UWB_RX_COORD_DEFER state=mesh-tx reason=mesh-tx route=0 q=0
89336.725 [1] 0x0f6d3a3bdac0f858 ret=-16
89336.755 [0] DBG_UWB_RX_COORD_DEFER state=mesh-tx reason=mesh-tx route=0 q=0
89336.803 [0] DBG_UWB_RX_COORD_DEFER state=mesh-tx reason=mesh-tx route=0 q=0
89336.854 [0] DBG_UWB_RX_COORD_DEFER state=mesh-tx reason=mesh-tx route=0 q=0
89336.904 [0] DBG_UWB_RX_COORD_DEFER state=mesh-tx reason=mesh-tx route=0 q=0
89337.093 [0] DBG_UWB_RX_COORD_DEFER state=mesh-tx reason=mesh-tx route=0 q=0
89337.093 [0] DBG_UWB_RX_COORD_DEFER state=mesh-tx reason=mesh-tx route=0 q=0
89337.093 [0] DBG_DWM_INVALIDATE tag=configure_radio_from_reset active_phy=4 configured=1 awake=1
89337.093 [0] DBG_DWM_MARK_UNCONFIGURED tag=initialise_radio prev_phy=0
89337.093 [0] DBG_DWM_PHY_SWITCH from=4 to=2 fast=0 us=20905
89337.093 [0] DBG_DWM_CH5_RX_HUNT_START acq=61 complete=1000 cap=1020
89337.093 [0] DBG_DWM_CH5_RX_ACTIVITY_EXTEND ret=0 status=0x00000f00 complete=1000
89337.093 [0] DBG_DWM_CH5_RX_ACTIVITY_WAIT status=0x00000f00 remain=1000
89337.093 [0] DBG_DWM_CH5_RX_ACTIVITY_DONE raw=51 payload=49 status=0x00006f00 rearm=0 extended=1
89337.093 [0] DBG_ROUTE_REPLY_CLICK_PROBE_CAPTURE evt=18022407 attempt=1 q=100
89337.093 [0] DBG_ROUTE_REPLY_CLICK_PROBE_DONE duration_ms=24 outcome=capture ret=0
89337.093 [0] DBG_ROUTE_REPLY_CLICK_PREEMPT_PROBE
89337.093 [0] DBG_ANCHOR_CLICK_HANDOFF_QUEUED evt=18022407 attempt=1 ret=1
89337.093 [0] DBG_ANCHOR_CLICK_HANDOFF evt=18022407 attempt=1 handled=1 q=100
89337.093 [0] DBG_ANCHOR_ROUTE_WAKE_HANDOFF_DONE src=0x9699122bd60a64e3 embedded=0 ret=-11 pending=0
89337.093 [0] DBG_ANCHOR_CH5_SCAN_RESCHED ret=1 delay=380
89337.145 [0] DBG_STACK_RUN_BEGIN epoch=16284486061926904368 run=207 kind=anchor_scan owner=anchor_uwb_scan queue=0 custody=0 credit=0 retry=0 drain=0 src=16876665336513972910 dst=11068027678940948070 session=0 seq=0 type=48 sequence=0 previous=0 uptime=304368
89337.145 [0] DBG_STACK_SAMPLE_BEGIN epoch=16284486061926904368 run=207 sample=207 kind=anchor_scan owner=anchor_uwb_scan queue=0 custody=0 credit=0 retry=0 drain=0 src=16876665336513972910 dst=11068027678940948070 session=0 seq=0 type=48 uptime=304415
89337.145 [0] DBG_STACK_ISR_CONFIG size=8192 run=207 sample=207
89337.145 [0] DBG_STACK name=anchor_uwb_scan tid=0x2000ca08 used=7952 free=2032 size=9984 ret=0 run=207 sample=207
89337.145 [0] DBG_STACK name=mesh_route tid=0x2000b038 used=6976 free=2496 size=9472 ret=0 run=207 sample=207
89337.145 [0] DBG_STACK name=sysworkq tid=0x2000d980 used=772 free=4604 size=5376 ret=0 run=207 sample=207
89337.145 [0] DBG_STACK name=logging tid=0x2000cec0 used=544 free=1504 size=2048 ret=0 run=207 sample=207
89337.145 [0] DBG_STACK name=idle tid=0x2000d750 used=64 free=256 size=320 ret=0 run=207 sample=207
89337.187 [0] DBG_STACK_SAMPLE_END run=207 sample=207
89337.187 [0] DBG_STACK_RUN_END epoch=16284486061926904368 run=207 kind=anchor_scan owner=anchor_uwb_scan outcome=ack queue=0 custody=0 credit=0 retry=0 drain=0 src=16876665336513972910 dst=11068027678940948070 session=0 seq=0 type=48 samples=1 attempts=1 errors=0 last_error=0 mutex_drops=238 short_drops=2483 sequence=0 previous=0 uptime=304467
89337.187 [0] DBG_STACK_RUN_END epoch=16284486061926904368 run=206 kind=cir_handling owner=anchor_uwb_scan outcome=ack queue=0 custody=0 credit=0 retry=0 drain=0 src=16876665336513972910 dst=11068027678940948070 session=4182936047 seq=1 type=32 samples=1 attempts=1 errors=0 last_error=0 mutex_drops=238 short_drops=2483 sequence=0 previous=0 uptime=304470
89337.187 [0] DBG_STACK_RUN_BEGIN epoch=16284486061926904368 run=208 kind=anchor_scan owner=anchor_uwb_scan queue=0 custody=0 credit=0 retry=0 drain=0 src=16876665336513972910 dst=11068027678940948070 session=0 seq=0 type=48 sequence=0 previous=0 uptime=304472
89337.226 [0] DBG_STACK_SAMPLE_BEGIN epoch=16284486061926904368 run=208 sample=208 kind=anchor_scan owner=anchor_uwb_scan queue=0 custody=0 credit=0 retry=0 drain=0 src=16876665336513972910 dst=11068027678940948070 session=0 seq=0 type=48 uptime=304472
89337.226 [0] DBG_STACK_ISR_CONFIG size=8192 run=208 sample=208
89337.226 [0] DBG_STACK name=anchor_uwb_scan tid=0x2000ca08 used=7952 free=2032 size=9984 ret=0 run=208 sample=208
89337.226 [0] DBG_STACK name=mesh_route tid=0x2000b038 used=6976 free=2496 size=9472 ret=0 run=208 sample=208
89337.226 [0] DBG_STACK name=sysworkq tid=0x2000d980 used=772 free=4604 size=5376 ret=0 run=208 sample=208
89337.226 [0] DBG_STACK name=logging tid=0x2000cec0 used=544 free=1504 size=2048 ret=0 run=208 sample=208
89337.226 [0] DBG_STACK name=idle tid=0x2000d750 used=64 free=256 size=320 ret=0 run=208 sample=208
89337.226 [0] DBG_STACK_SAMPLE_END run=208 sample=208
89337.263 [0] DBG_STACK_RUN_END epoch=16284486061926904368 run=208 kind=anchor_scan owner=anchor_uwb_scan outcome=ack queue=0 custody=0 credit=0 retry=0 drain=0 src=16876665336513972910 dst=11068027678940948070 session=0 seq=0 type=48 samples=1 attempts=1 errors=0 last_error=0 mutex_drops=245 short_drops=2483 sequence=0 previous=0 uptime=304512
89337.263 [0] DBG_STACK_RUN_BEGIN epoch=16284486061926904368 run=209 kind=anchor_scan owner=anchor_uwb_scan queue=0 custody=0 credit=0 retry=0 drain=0 src=16876665336513972910 dst=11068027678940948070 session=0 seq=0 type=48 sequence=0 previous=0 uptime=304549
89337.263 [0] DBG_STACK_SAMPLE_BEGIN epoch=16284486061926904368 run=209 sample=209 kind=anchor_scan owner=anchor_uwb_scan queue=0 custody=0 credit=0 retry=0 drain=0 src=16876665336513972910 dst=11068027678940948070 session=0 seq=0 type=48 uptime=304549
89337.263 [0] DBG_STACK_ISR_CONFIG size=8192 run=209 sample=209
89337.263 [0] DBG_STACK name=anchor_uwb_scan tid=0x2000ca08 used=7952 free=2032 size=9984 ret=0 run=209 sample=209
89337.308 [0] DBG_STACK name=mesh_route tid=0x2000b038 used=6976 free=2496 size=9472 ret=0 run=209 sample=209
89337.308 [0] DBG_STACK name=sysworkq tid=0x2000d980 used=772 free=4604 size=5376 ret=0 run=209 sample=209
89337.308 [0] DBG_STACK name=logging tid=0x2000cec0 used=544 free=1504 size=2048 ret=0 run=209 sample=209
89337.308 [0] DBG_STACK name=idle tid=0x2000d750 used=64 free=256 size=320 ret=0 run=209 sample=209
89337.308 [0] DBG_STACK_SAMPLE_END run=209 sample=209
89337.308 [0] DBG_STACK_RUN_END epoch=16284486061926904368 run=209 kind=anchor_scan owner=anchor_uwb_scan outcome=ack queue=0 custody=0 credit=0 retry=0 drain=0 src=16876665336513972910 dst=11068027678940948070 session=0 seq=0 type=48 samples=1 attempts=1 errors=0 last_error=0 mutex_drops=258 short_drops=2483 sequence=0 previous=0 uptime=304587
89337.308 [0] DBG_STACK_RUN_BEGIN epoch=16284486061926904368 run=210 kind=anchor_scan owner=anchor_uwb_scan queue=0 custody=0 credit=0 retry=0 drain=0 src=16876665336513972910 dst=11068027678940948070 session=0 seq=0 type=48 sequence=0 previous=0 uptime=304588
89337.348 [0] DBG_STACK_SAMPLE_BEGIN epoch=16284486061926904368 run=210 sample=210 kind=anchor_scan owner=anchor_uwb_scan queue=0 custody=0 credit=0 retry=0 drain=0 src=16876665336513972910 dst=11068027678940948070 session=0 seq=0 type=48 uptime=304589
89337.348 [0] DBG_STACK_ISR_CONFIG size=8192 run=210 sample=210
89337.348 [0] DBG_STACK name=anchor_uwb_scan tid=0x2000ca08 used=7952 free=2032 size=9984 ret=0 run=210 sample=210
89337.348 [0] DBG_STACK name=mesh_route tid=0x2000b038 used=6976 free=2496 size=9472 ret=0 run=210 sample=210
89337.348 [0] DBG_STACK name=sysworkq tid=0x2000d980 used=772 free=4604 size=5376 ret=0 run=210 sample=210
89337.348 [0] DBG_STACK name=logging tid=0x2000cec0 used=544 free=1504 size=2048 ret=0 run=210 sample=210
89337.348 [0] DBG_STACK name=idle tid=0x2000d750 used=64 free=256 size=320 ret=0 run=210 sample=210
89337.348 [0] DBG_STACK_SAMPLE_END run=210 sample=210
89337.403 [0] DBG_STACK_RUN_END epoch=16284486061926904368 run=210 kind=anchor_scan owner=anchor_uwb_scan outcome=ack queue=0 custody=0 credit=0 retry=0 drain=0 src=16876665336513972910 dst=11068027678940948070 session=0 seq=0 type=48 samples=1 attempts=1 errors=0 last_error=0 mutex_drops=266 short_drops=2483 sequence=0 previous=0 uptime=304632
89337.403 [0] DBG_ANCHOR_DISC_FRAME len=49 type=0x08 q=100 now=304673
89337.403 [0] DBG_ANCHOR_DISC_FRAME len=49 type=0x08 q=100 now=304679
89337.403 [0] DBG_ANCHOR_DISC_FRAME len=49 type=0x08 q=100 now=304686
89337.403 [0] DBG_ANCHOR_DISC_FRAME len=49 type=0x08 q=100 now=304692
89337.403 [0] DBG_ANCHOR_DISC_FRAME len=49 type=0x08 q=100 now=304699
89337.403 [0] DBG_ANCHOR_DISC_FRAME len=49 type=0x08 q=100 now=304706
89337.403 [0] DBG_UWB_RX_COORD_DEFER state=click reason=click route=0 q=1
89337.403 [0] DBG_ANCHOR_DISC_FRAME len=49 type=0x08 q=100 now=304712
89337.444 [0] DBG_ANCHOR_DISC_FRAME len=49 type=0x08 q=100 now=304719
89337.444 [0] DBG_ANCHOR_DISC_FRAME len=49 type=0x08 q=100 now=304725
89337.444 [0] DBG_ANCHOR_DISC_FRAME len=49 type=0x08 q=100 now=304732
89337.444 [0] DBG_ANCHOR_DISC_FRAME len=49 type=0x08 q=100 now=304738
89337.444 [0] DBG_ANCHOR_DISC_FRAME len=49 type=0x08 q=100 now=304745
89337.444 [0] DBG_ANCHOR_DISC_FRAME len=49 type=0x08 q=100 now=304751
89337.444 [0] DBG_ANCHOR_DISC_FRAME len=49 type=0x08 q=100 now=304758
89337.444 [0] DBG_UWB_RX_COORD_DEFER state=click reason=click route=0 q=1
89337.483 [0] DBG_ANCHOR_DISC_FRAME len=49 type=0x08 q=100 now=304764
89337.483 [0] DBG_ANCHOR_DISC_FRAME len=49 type=0x08 q=100 now=304771
89337.483 [0] DBG_ANCHOR_DISC_FRAME len=49 type=0x08 q=100 now=304777
89337.483 [0] DBG_ANCHOR_DISC_FRAME len=49 type=0x08 q=100 now=304784
89337.483 [0] DBG_ANCHOR_DISC_FRAME len=49 type=0x08 q=100 now=304790
89337.483 [0] DBG_ANCHOR_DISC_FRAME len=49 type=0x08 q=100 now=304796
89337.524 [0] DBG_ANCHOR_DISC_FRAME len=49 type=0x08 q=100 now=304803
89337.524 [0] DBG_UWB_RX_COORD_DEFER state=click reason=click route=0 q=1
89337.524 [0] DBG_ANCHOR_DISC_FRAME len=49 type=0x08 q=100 now=304810
89337.524 [0] DBG_ANCHOR_DISC_FRAME len=49 type=0x08 q=100 now=304816
89337.524 [0] DBG_ANCHOR_DISC_FRAME len=49 type=0x08 q=100 now=304822
89337.524 [0] DBG_ANCHOR_DISC_FRAME len=49 type=0x08 q=100 now=304829
89337.558 [0] DBG_UWB_RX_COORD_DEFER state=click reason=click route=0 q=1
89337.558 [0] DBG_ANCHOR_DISC_FRAME len=32 type=0x09 q=100 now=304863
89337.558 [0] DBG_ANCHOR_DISC_DECODE evt=18022407 attempt=1 slots=50 flags=0x20
89337.558 [0] DBG_ANCHOR_DISC_REPLY_ARM evt=18022407 attempt=1 slot=1 state=1
89337.589 [0] DBG_ANCHOR_DISC_REPLY_TX evt=18022407 attempt=1 slot=1 ret=0
89337.619 [0] DBG_UWB_RX_COORD_DEFER state=click reason=click route=0 q=1
89337.645 [0] DBG_UWB_RX_COORD_DEFER state=click reason=click route=0 q=1
89337.693 [0] DBG_UWB_RX_COORD_DEFER state=click reason=click route=0 q=1
89337.743 [0] DBG_UWB_RX_COORD_DEFER state=click reason=click route=0 q=1
89337.815 [0] DBG_UWB_RX_COORD_DEFER state=click reason=click route=0 q=1
89337.864 [0] DBG_UWB_RX_COORD_DEFER state=click reason=click route=0 q=1
89337.913 [0] DBG_UWB_RX_COORD_DEFER state=click reason=click route=0 q=1
89337.962 [0] DBG_UWB_RX_COORD_DEFER state=click reason=click route=0 q=1
89338.011 [0] DBG_UWB_RX_COORD_DEFER state=click reason=click route=0 q=1
89338.060 [0] DBG_UWB_RX_COORD_DEFER state=click reason=click route=0 q=1
89338.109 [0] DBG_UWB_RX_COORD_DEFER state=click reason=click route=0 q=1
89338.158 [0] DBG_UWB_RX_COORD_DEFER state=click reason=click route=0 q=1
89338.215 [0] DBG_UWB_RX_COORD_DEFER state=click reason=click route=0 q=1
89338.245 [0] DBG_ANCHOR_CH5_HOLD_DONE deadline=305561 now=305562 frames=3 errors=0 deferred=0
89338.245 [0] DBG_DS_SAMPLE_ARM evt=18022407 attempt=1 sample=2/12 round=0 seq=2 target_us=305571000 start=305561 now=305562 deadline=305614
89338.245 [0] DBG_DS_RESP stage=arm evt=18022407 seq=2 round=0 now=305562 timeout=52
89338.281 [0] DBG_UWB_RX_COORD_DEFER state=click reason=click route=0 q=1
89338.281 [0] DBG_DS_RESP stage=resp-armed now=305579 seq=2 round=0 tx_time=0x123dba4f resp_tx=0x3dba8dd9
89338.281 [0] DBG_DS_RESP stage=resp-raw poll_rx=0x1f4242fc q=100 reply_uus=8000
89338.281 [0] DBG_DS_RESP stage=final-decode status=0 now=305596 seq=2 round=0 final_rx=0x5c32d889
89338.319 [0] DBG_UWB_RX_COORD_DEFER state=click reason=click route=0 q=1
89338.354 [0] DBG_ANCHOR_CH5_HOLD_DONE deadline=305660 now=305661 frames=6 errors=0 deferred=0
89338.354 [0] DBG_DS_SAMPLE_ARM evt=18022407 attempt=1 sample=5/12 round=1 seq=3 target_us=305670000 start=305660 now=305661 deadline=305713
89338.354 [0] DBG_DS_RESP stage=arm evt=18022407 seq=3 round=1 now=305661 timeout=52
89338.354 [0] DBG_UWB_RX_COORD_DEFER state=click reason=click route=0 q=1
89338.386 [0] DBG_DS_RESP stage=resp-armed now=305678 seq=3 round=1 tx_time=0x13b77b61 resp_tx=0xb77b9fd9
89338.386 [0] DBG_DS_RESP stage=resp-raw poll_rx=0x9903555c q=100 reply_uus=8000
89338.386 [0] DBG_DS_RESP stage=final-decode status=0 now=305695 seq=3 round=1 final_rx=0xd5f3eaf9
89338.421 [0] DBG_UWB_RX_COORD_DEFER state=click reason=click route=0 q=1
89338.455 [0] DBG_ANCHOR_CH5_HOLD_DONE deadline=305759 now=305759 frames=6 errors=0 deferred=0
89338.455 [0] DBG_DS_SAMPLE_ARM evt=18022407 attempt=1 sample=8/12 round=2 seq=4 target_us=305769000 start=305759 now=305759 deadline=305812
89338.455 [0] DBG_DS_RESP stage=arm evt=18022407 seq=4 round=2 now=305759 timeout=53
89338.455 [0] DBG_UWB_RX_COORD_DEFER state=click reason=click route=0 q=1
89338.491 [0] DBG_DS_RESP stage=resp-armed now=305778 seq=4 round=2 tx_time=0x153118be resp_tx=0x3118fdd9
89338.491 [0] DBG_DS_RESP stage=resp-raw poll_rx=0x12a0b1f3 q=100 reply_uus=8000
89338.491 [0] DBG_DS_RESP stage=final-decode status=0 now=305795 seq=4 round=2 final_rx=0x4f914776
89338.528 [0] DBG_UWB_RX_COORD_DEFER state=click reason=click route=0 q=1
89338.566 [0] DBG_ANCHOR_CH5_HOLD_DONE deadline=305858 now=305858 frames=6 errors=0 deferred=0
89338.566 [0] DBG_DS_SAMPLE_ARM evt=18022407 attempt=1 sample=11/12 round=3 seq=5 target_us=305868000 start=305858 now=305858 deadline=30591
89338.566 [0] DBG_DS_RESP stage=arm evt=18022407 seq=5 round=3 now=305859 timeout=52
89338.566 [0] DBG_UWB_RX_COORD_DEFER state=click reason=click route=0 q=1
89338.566 [0] DBG_DS_RESP stage=resp-armed now=305876 seq=5 round=3 tx_time=0x16a71ff9 resp_tx=0xa72037d9
89338.566 [0] DBG_DS_RESP stage=resp-raw poll_rx=0x88a7ecb2 q=100 reply_uus=8000
89338.605 [0] DBG_DS_RESP stage=final-decode status=0 now=305893 seq=5 round=3 final_rx=0xc5988231
89338.605 [0] DBG_CLICK_LISTEN start=305978 until=306328 n=3
89338.605 [0] DBG_CLICK_REPORT_QUEUED now=305895 window=305978 k=1 earliest=306028 n=3
89338.605 [0] DBG_ANCHOR_CH5_SCAN_RESCHED ret=1 delay=380
89338.605 [0] DBG_ANCHOR_CLICK_HANDOFF_DONE evt=18022407 attempt=1 handled=1 deferred=0
89338.605 [0] DBG_COORD state=mesh-tx owner=report-tx reason=mesh-tx rx=0 tx=2 relay=0 route=0 ack=0 qack=0
89338.605 [0] DBG_C5_CONTACT phase=open state=1 peer=0x0f6d3a3bdac0f858 purpose=uplink reason=c5-batch-wake
89338.605 [0] DBG_WAKE_TRAIN_GUARD_OK
89338.605 [0] DBG_ANCHOR_CH5_SCAN_HANDLER role=2
89338.605 [0] DBG_ANCHOR_CH5_SCAN_BLOCKED win=0 tx=0 retry_gap=0 flood=0 wait=0 rx=0 rxq=0 rxr=0 ack=0 ch9=0 rf=1 retry=20 interval=380
89338.605 [0] DBG_SCAN_SKIPPED reason=blocked
89338.605 [0] DBG_ANCHOR_CH5_SCAN_RESCHED ret=1 delay=20
89338.605 [0] DBG_MESH_WAKE_POLITE_ACTIVITY phase=pre target=0xf6d3a3bdac0f858 retry=0 ret=0 fail=3 reason=c5-batch-wake
89338.605 [0] DBG_WAKE_TRAIN_TIMING evt=305898 start=0 first=0 last=0 end=305908 sent=0 ret=-11
89338.644 [0] DBG_ANCHOR_CH5_SCAN_HANDLER role=2
89338.644 [0] DBG_DWM_CH5_RX_HUNT_START acq=10 complete=1000 cap=1020
89338.644 [0] DBG_DWM_CH5_RX_HUNT_EMPTY s=305928 e=305938 ret=-116 sys=00000000 phy=2 cfg=1 aw=1 unk=0
89338.644 [0] DBG_ANCHOR_CH5_SCAN_DONE ret=-116 len=0 fail=1 pre=0 q=0 rx_us=10894 complete=1000
89338.644 [0] DBG_ANCHOR_CH5_SCAN_RESCHED ret=1 delay=380
89338.881 [0] DBG_C5_CONTACT phase=open state=1 peer=0x0f6d3a3bdac0f858 purpose=uplink reason=c5-batch-wake
89338.881 [0] DBG_WAKE_TRAIN_GUARD_OK
89338.908 [0] DBG_WAKE_TRAIN_CONFIG_BEGIN
89338.908 [0] DBG_WAKE_TRAIN_CONFIG_OK
89338.908 [0] DBG_WAKE_TRAIN_FIRST_SEND_BEGIN
89338.940 [0] DBG_WAKE_TRAIN_FIRST_SEND_OK
89338.940 [0] DBG_UWB_TX_CH5
89338.940 [0] DBG_TX_WAKE_CLAIM_SENT
89338.940 [0] DBG_UWB_TX_CH5
89338.940 [0] DBG_TX_WAKE_CLAIM_SENT
89338.940 [0] DBG_UWB_TX_CH5
89338.940 [0] DBG_TX_WAKE_CLAIM_SENT
89338.940 [0] DBG_UWB_TX_CH5
89338.940 [0] DBG_TX_WAKE_CLAIM_SENT
89338.940 [0] DBG_DWM_CH5_RX_HUNT_START acq=10 complete=1000 cap=124
89338.940 [0] DBG_DWM_CH5_RX_HUNT_EMPTY s=306247 e=306257 ret=-116 sys=00000000 phy=2 cfg=1 aw=1 unk=0
89338.976 [0] DBG_UWB_TX_CH5
89338.976 [0] DBG_TX_WAKE_CLAIM_SENT
89338.976 [0] DBG_UWB_TX_CH5
89338.976 [0] DBG_TX_WAKE_CLAIM_SENT
89338.976 [0] DBG_DWM_CH5_RX_HUNT_START acq=10 complete=1000 cap=124
89338.976 [0] DBG_DWM_CH5_RX_HUNT_EMPTY s=306271 e=306281 ret=-116 sys=00000000 phy=2 cfg=1 aw=1 unk=0
89338.976 [0] DBG_UWB_TX_CH5
89338.976 [0] DBG_TX_WAKE_CLAIM_SENT
89338.976 [0] DBG_UWB_TX_CH5
89338.976 [0] DBG_TX_WAKE_CLAIM_SENT
89339.019 [0] DBG_DWM_CH5_RX_HUNT_START acq=10 complete=1000 cap=124
89339.019 [0] DBG_STACK_RUN_BEGIN epoch=16284486061926904368 run=211 kind=cir_handling owner=anchor_uwb_scan queue=2 custody=2 credit=0 retry=0 drain=0 src=16876665336513972910 dst=11068027678940948070 session=4079697034 seq=1 type=32 sequence=0 previous=0 uptime=306295
89339.019 [0] DBG_STACK_SAMPLE_BEGIN epoch=16284486061926904368 run=211 sample=211 kind=cir_handling owner=anchor_uwb_scan queue=2 custody=2 credit=0 retry=0 drain=0 src=16876665336513972910 dst=11068027678940948070 session=4079697034 seq=1 type=32 uptime=306296
89339.019 [0] DBG_STACK_ISR_CONFIG size=8192 run=211 sample=211
89339.019 [0] DBG_STACK name=anchor_uwb_scan tid=0x2000ca08 used=7952 free=2032 size=9984 ret=0 run=211 sample=211
89339.019 [0] DBG_STACK name=mesh_route tid=0x2000b038 used=6976 free=2496 size=9472 ret=0 run=211 sample=211
89339.019 [0] DBG_STACK name=sysworkq tid=0x2000d980 used=772 free=4604 size=5376 ret=0 run=211 sample=211
89339.019 [0] DBG_STACK name=logging tid=0x2000cec0 used=544 free=1504 size=2048 ret=0 run=211 sample=211
89339.074 [0] DBG_STACK name=idle tid=0x2000d750 used=64 free=256 size=320 ret=0 run=211 sample=211
89339.074 [0] DBG_STACK_SAMPLE_END run=211 sample=211
89339.074 [0] DBG_UWB_TX_CH5
89339.074 [0] DBG_TX_WAKE_CLAIM_SENT
89339.074 [0] DBG_DWM_CH5_RX_HUNT_START acq=10 complete=1000 cap=124
89339.074 [0] DBG_STACK_RUN_BEGIN epoch=16284486061926904368 run=212 kind=anchor_scan owner=anchor_uwb_scan queue=0 custody=0 credit=0 retry=0 drain=0 src=16876665336513972910 dst=11068027678940948070 session=0 seq=0 type=48 sequence=0 previous=0 uptime=306344
89339.074 [0] DBG_STACK_SAMPLE_BEGIN epoch=16284486061926904368 run=212 sample=212 kind=anchor_scan owner=anchor_uwb_scan queue=0 custody=0 credit=0 retry=0 drain=0 src=16876665336513972910 dst=11068027678940948070 session=0 seq=0 type=48 uptime=306344
89339.074 [0] DBG_STACK_ISR_CONFIG size=8192 run=212 sample=212
89339.074 [0] DBG_STACK name=anchor_uwb_scan tid=0x2000ca08 used=7952 free=2032 size=9984 ret=0 run=212 sample=212
89339.074 [0] DBG_STACK name=mesh_route tid=0x2000b038 used=6976 free=2496 size=9472 ret=0 run=212 sample=212
89339.122 [0] DBG_STACK name=sysworkq tid=0x2000d980 used=772 free=4604 size=5376 ret=0 run=212 sample=212
89339.122 [0] DBG_STACK name=logging tid=0x2000cec0 used=544 free=1504 size=2048 ret=0 run=212 sample=212
89339.122 [0] DBG_STACK name=idle tid=0x2000d750 used=64 free=256 size=320 ret=0 run=212 sample=212
89339.122 [0] DBG_STACK_SAMPLE_END run=212 sample=212
89339.122 [0] DBG_STACK_RUN_END epoch=16284486061926904368 run=212 kind=anchor_scan owner=anchor_uwb_scan outcome=ack queue=0 custody=0 credit=0 retry=0 drain=0 src=16876665336513972910 dst=11068027678940948070 session=0 seq=0 type=48 samples=1 attempts=1 errors=0 last_error=0 mutex_drops=306 short_drops=2486 sequence=0 previous=0 uptime=306397
89339.122 [0] DBG_ANCHOR_CH5_SCAN_HANDLER role=2
89339.122 [0] DBG_DWM_CH5_RX_HUNT_EMPTY s=306391 e=306401 ret=-116 sys=00000000 phy=2 cfg=1 aw=1 unk=0
89339.122 [0] DBG_ANCHOR_CH5_SCAN_BLOCKED win=0 tx=0 retry_gap=0 flood=0 wait=0 rx=0 rxq=0 rxr=0 ack=0 ch9=0 rf=1 retry=20 interval=380
89339.122 [0] DBG_SCAN_SKIPPED reason=blocked
89339.122 [0] DBG_ANCHOR_CH5_SCAN_RESCHED ret=1 delay=20
89339.122 [0] DBG_UWB_TX_CH5
89339.122 [0] DBG_TX_WAKE_CLAIM_SENT
89339.122 [0] DBG_UWB_TX_CH5
89339.151 [0] DBG_ANCHOR_CH5_SCAN_HANDLER role=2
89339.151 [0] DBG_DWM_CH5_RX_HUNT_EMPTY s=306439 e=306449 ret=-116 sys=00000000 phy=2 cfg=1 aw=1 unk=0
89339.151 [0] DBG_ANCHOR_CH5_SCAN_BLOCKED win=0 tx=0 retry_gap=0 flood=0 wait=0 rx=0 rxq=0 rxr=0 ack=0 ch9=0 rf=1 retry=20 interval=380
89339.151 [0] DBG_SCAN_SKIPPED reason=blocked
89339.151 [0] DBG_ANCHOR_CH5_SCAN_RESCHED ret=1 delay=20
89339.151 [0] DBG_UWB_TX_CH5
89339.151 [0] DBG_TX_WAKE_CLAIM_SENT
89339.151 [0] DBG_UWB_TX_CH5
89339.151 [0] DBG_TX_WAKE_CLAIM_SENT
89339.151 [0] DBG_DWM_CH5_RX_HUNT_START acq=10 complete=1000 cap=124
89339.184 [0] DBG_ANCHOR_CH5_SCAN_HANDLER role=2
89339.184 [0] DBG_DWM_CH5_RX_HUNT_EMPTY s=306463 e=306473 ret=-116 sys=00000000 phy=2 cfg=1 aw=1 unk=0
89339.184 [0] DBG_ANCHOR_CH5_SCAN_BLOCKED win=0 tx=0 retry_gap=0 flood=0 wait=0 rx=0 rxq=0 rxr=0 ack=0 ch9=0 rf=1 retry=20 interval=380
89339.184 [0] DBG_SCAN_SKIPPED reason=blocked
89339.184 [0] DBG_ANCHOR_CH5_SCAN_RESCHED ret=1 delay=20
89339.184 [0] DBG_UWB_TX_CH5
89339.184 [0] DBG_TX_WAKE_CLAIM_SENT
89339.184 [0] DBG_UWB_TX_CH5
89339.184 [0] DBG_TX_WAKE_CLAIM_SENT
89339.184 [0] DBG_DWM_CH5_RX_HUNT_START acq=10 complete=1000 cap=124
89339.184 [0] DBG_ANCHOR_CH5_SCAN_HANDLER role=2
89339.184 [0] DBG_DWM_CH5_RX_HUNT_EMPTY s=306487 e=306497 ret=-116 sys=00000000 phy=2 cfg=1 aw=1 unk=0
89339.184 [0] DBG_ANCHOR_CH5_SCAN_BLOCKED win=0 tx=0 retry_gap=0 flood=0 wait=0 rx=0 rxq=0 rxr=0 ack=0 ch9=0 rf=1 retry=20 interval=380
89339.184 [0] DBG_SCAN_SKIPPED reason=blocked
89339.184 [0] DBG_ANCHOR_CH5_SCAN_RESCHED ret=1 delay=20
89339.228 [0] DBG_UWB_TX_CH5
89339.228 [0] DBG_TX_WAKE_CLAIM_SENT
89339.228 [0] DBG_UWB_TX_CH5
89339.228 [0] DBG_TX_WAKE_CLAIM_SENT
89339.228 [0] DBG_DWM_CH5_RX_HUNT_START acq=10 complete=1000 cap=124
89339.228 [0] DBG_ANCHOR_CH5_SCAN_HANDLER role=2
89339.228 [0] DBG_DWM_CH5_RX_HUNT_EMPTY s=306511 e=306521 ret=-116 sys=00000000 phy=2 cfg=1 aw=1 unk=0
89339.228 [0] DBG_ANCHOR_CH5_SCAN_BLOCKED win=0 tx=0 retry_gap=0 flood=0 wait=0 rx=0 rxq=0 rxr=0 ack=0 ch9=0 rf=1 retry=20 interval=380
89339.228 [0] DBG_SCAN_SKIPPED reason=blocked
89339.228 [0] DBG_ANCHOR_CH5_SCAN_RESCHED ret=1 delay=20
89339.228 [0] DBG_UWB_TX_CH5
89339.228 [0] DBG_TX_WAKE_CLAIM_SENT
89339.228 [0] DBG_UWB_TX_CH5
89339.228 [0] DBG_TX_WAKE_CLAIM_SENT
89339.228 [0] DBG_DWM_CH5_RX_HUNT_START acq=10 complete=1000 cap=124
89339.228 [0] DBG_ANCHOR_CH5_SCAN_HANDLER role=2
89339.267 [0] DBG_DWM_CH5_RX_HUNT_EMPTY s=306535 e=306545 ret=-116 sys=00000000 phy=2 cfg=1 aw=1 unk=0
89339.267 [0] DBG_ANCHOR_CH5_SCAN_BLOCKED win=0 tx=0 retry_gap=0 flood=0 wait=0 rx=0 rxq=0 rxr=0 ack=0 ch9=0 rf=1 retry=20 interval=380
89339.267 [0] DBG_SCAN_SKIPPED reason=blocked
89339.267 [0] DBG_ANCHOR_CH5_SCAN_RESCHED ret=1 delay=20
89339.267 [0] DBG_UWB_TX_CH5
89339.267 [0] DBG_TX_WAKE_CLAIM_SENT
89339.267 [0] DBG_UWB_TX_CH5
89339.267 [0] DBG_TX_WAKE_CLAIM_SENT
89339.267 [0] DBG_DWM_CH5_RX_HUNT_START acq=10 complete=1000 cap=124
89339.267 [0] DBG_ANCHOR_CH5_SCAN_HANDLER role=2
89339.267 [0] DBG_DWM_CH5_RX_HUNT_EMPTY s=306559 e=306569 ret=-116 sys=00000000 phy=2 cfg=1 aw=1 unk=0
89339.267 [0] DBG_ANCHOR_CH5_SCAN_BLOCKED win=0 tx=0 retry_gap=0 flood=0 wait=0 rx=0 rxq=0 rxr=0 ack=0 ch9=0 rf=1 retry=20 interval=380
89339.267 [0] DBG_SCAN_SKIPPED reason=blocked
89339.267 [0] DBG_ANCHOR_CH5_SCAN_RESCHED ret=1 delay=20
89339.267 [0] DBG_UWB_TX_CH5
89339.267 [0] DBG_TX_WAKE_CLAIM_SENT
89339.305 [0] DBG_UWB_TX_CH5
89339.305 [0] DBG_TX_WAKE_CLAIM_SENT
89339.305 [0] DBG_DWM_CH5_RX_HUNT_START acq=10 complete=1000 cap=124
89339.305 [0] DBG_ANCHOR_CH5_SCAN_HANDLER role=2
89339.305 [0] DBG_DWM_CH5_RX_HUNT_EMPTY s=306583 e=306593 ret=-116 sys=00000000 phy=2 cfg=1 aw=1 unk=0
89339.305 [0] DBG_ANCHOR_CH5_SCAN_BLOCKED win=0 tx=0 retry_gap=0 flood=0 wait=0 rx=0 rxq=0 rxr=0 ack=0 ch9=0 rf=1 retry=20 interval=380
89339.305 [0] DBG_SCAN_SKIPPED reason=blocked
89339.305 [0] DBG_ANCHOR_CH5_SCAN_RESCHED ret=1 delay=20
89339.305 [0] DBG_UWB_TX_CH5
89339.305 [0] DBG_TX_WAKE_CLAIM_SENT
89339.305 [0] DBG_UWB_TX_CH5
89339.305 [0] DBG_TX_WAKE_CLAIM_SENT
89339.305 [0] DBG_DWM_CH5_RX_HUNT_START acq=10 complete=1000 cap=124
89339.305 [0] DBG_ANCHOR_CH5_SCAN_HANDLER role=2
89339.305 [0] DBG_DWM_CH5_RX_HUNT_EMPTY s=306607 e=306617 ret=-116 sys=00000000 phy=2 cfg=1 aw=1 unk=0
89339.305 [0] DBG_ANCHOR_CH5_SCAN_BLOCKED win=0 tx=0 retry_gap=0 flood=0 wait=0 rx=0 rxq=0 rxr=0 ack=0 ch9=0 rf=1 retry=20 interval=380
89339.305 [0] DBG_SCAN_SKIPPED reason=blocked
89339.305 [0] DBG_ANCHOR_CH5_SCAN_RESCHED ret=1 delay=20
89339.347 [0] DBG_UWB_TX_CH5
89339.347 [0] DBG_TX_WAKE_CLAIM_SENT
89339.347 [0] DBG_UWB_TX_CH5
89339.347 [0] DBG_TX_WAKE_CLAIM_SENT
89339.347 [0] DBG_DWM_CH5_RX_HUNT_START acq=10 complete=1000 cap=124
89339.347 [0] DBG_ANCHOR_CH5_SCAN_HANDLER role=2
89339.347 [0] DBG_DWM_CH5_RX_HUNT_EMPTY s=306631 e=306641 ret=-116 sys=00000000 phy=2 cfg=1 aw=1 unk=0
89339.347 [0] DBG_ANCHOR_CH5_SCAN_BLOCKED win=0 tx=0 retry_gap=0 flood=0 wait=0 rx=0 rxq=0 rxr=0 ack=0 ch9=0 rf=1 retry=20 interval=380
89339.347 [0] DBG_SCAN_SKIPPED reason=blocked
89339.347 [0] DBG_ANCHOR_CH5_SCAN_RESCHED ret=1 delay=20
89339.347 [0] DBG_UWB_TX_CH5
89339.347 [0] DBG_TX_WAKE_CLAIM_SENT
89339.347 [0] DBG_UWB_TX_CH5
89339.347 [0] DBG_TX_WAKE_CLAIM_SENT
89339.347 [0] DBG_DWM_CH5_RX_HUNT_START acq=10 complete=1000 cap=124
89339.392 [0] DBG_ANCHOR_CH5_SCAN_HANDLER role=2
89339.392 [0] DBG_DWM_CH5_RX_HUNT_EMPTY s=306655 e=306665 ret=-116 sys=00000000 phy=2 cfg=1 aw=1 unk=0
89339.392 [0] DBG_ANCHOR_CH5_SCAN_BLOCKED win=0 tx=0 retry_gap=0 flood=0 wait=0 rx=0 rxq=0 rxr=0 ack=0 ch9=0 rf=1 retry=20 interval=380
89339.392 [0] DBG_SCAN_SKIPPED reason=blocked
89339.392 [0] DBG_ANCHOR_CH5_SCAN_RESCHED ret=1 delay=20
89339.392 [0] DBG_UWB_TX_CH5
89339.392 [0] DBG_TX_WAKE_CLAIM_SENT
89339.392 [0] DBG_UWB_TX_CH5
89339.392 [0] DBG_TX_WAKE_CLAIM_SENT
89339.392 [0] DBG_DWM_CH5_RX_HUNT_START acq=10 complete=1000 cap=124
89339.392 [0] DBG_ANCHOR_CH5_SCAN_HANDLER role=2
89339.392 [0] DBG_DWM_CH5_RX_HUNT_EMPTY s=306679 e=306689 ret=-116 sys=00000000 phy=2 cfg=1 aw=1 unk=0
89339.392 [0] DBG_ANCHOR_CH5_SCAN_BLOCKED win=0 tx=0 retry_gap=0 flood=0 wait=0 rx=0 rxq=0 rxr=0 ack=0 ch9=0 rf=1 retry=20 interval=380
89339.392 [0] DBG_SCAN_SKIPPED reason=blocked
89339.392 [0] DBG_ANCHOR_CH5_SCAN_RESCHED ret=1 delay=20
89339.392 [0] DBG_UWB_TX_CH5
89339.392 [0] DBG_TX_WAKE_CLAIM_SENT
89339.392 [0] DBG_UWB_TX_CH5
89339.392 [0] DBG_TX_WAKE_CLAIM_SENT
89339.392 [0] DBG_DWM_CH5_RX_HUNT_START acq=10 complete=1000 cap=124
89339.429 [0] DBG_ANCHOR_CH5_SCAN_HANDLER role=2
89339.429 [0] DBG_ANCHOR_CH5_SCAN_BLOCKED win=0 tx=0 retry_gap=0 flood=0 wait=0 rx=0 rxq=0 rxr=0 ack=0 ch9=0 rf=1 retry=20 interval=380
89339.429 [0] DBG_SCAN_SKIPPED reason=blocked
89339.429 [0] DBG_ANCHOR_CH5_SCAN_RESCHED ret=1 delay=20
89339.429 [0] DBG_UWB_TX_CH5
89339.429 [0] DBG_TX_WAKE_CLAIM_SENT
89339.429 [0] DBG_UWB_TX_CH5
89339.429 [0] DBG_TX_WAKE_CLAIM_SENT
89339.429 [0] DBG_DWM_CH5_RX_HUNT_START acq=10 complete=1000 cap=124
89339.429 [0] DBG_ANCHOR_CH5_SCAN_HANDLER role=2
89339.429 [0] DBG_DWM_CH5_RX_HUNT_EMPTY s=306727 e=306737 ret=-116 sys=00000000 phy=2 cfg=1 aw=1 unk=0
89339.429 [0] DBG_ANCHOR_CH5_SCAN_BLOCKED win=0 tx=0 retry_gap=0 flood=0 wait=0 rx=0 rxq=0 rxr=0 ack=0 ch9=0 rf=1 retry=20 interval=380
89339.429 [0] DBG_SCAN_SKIPPED reason=blocked
89339.429 [0] DBG_ANCHOR_CH5_SCAN_RESCHED ret=1 delay=20
89339.474 [0] DBG_UWB_TX_CH5
89339.474 [0] DBG_TX_WAKE_CLAIM_SENT
89339.474 [0] DBG_UWB_TX_CH5
89339.474 [0] DBG_TX_WAKE_CLAIM_SENT
89339.474 [0] DBG_DWM_CH5_RX_HUNT_START acq=10 complete=1000 cap=124
89339.474 [0] DBG_ANCHOR_CH5_SCAN_HANDLER role=2
89339.474 [0] DBG_DWM_CH5_RX_HUNT_EMPTY s=306751 e=306761 ret=-116 sys=00000000 phy=2 cfg=1 aw=1 unk=0
89339.474 [0] DBG_ANCHOR_CH5_SCAN_BLOCKED win=0 tx=0 retry_gap=0 flood=0 wait=0 rx=0 rxq=0 rxr=0 ack=0 ch9=0 rf=1 retry=20 interval=380
89339.474 [0] DBG_SCAN_SKIPPED reason=blocked
89339.474 [0] DBG_ANCHOR_CH5_SCAN_RESCHED ret=1 delay=20
89339.474 [0] DBG_UWB_TX_CH5
89339.474 [0] DBG_TX_WAKE_CLAIM_SENT
89339.474 [0] DBG_UWB_TX_CH5
89339.474 [0] DBG_TX_WAKE_CLAIM_SENT
89339.474 [0] DBG_DWM_CH5_RX_HUNT_START acq=10 complete=1000 cap=124
89339.474 [0] DBG_ANCHOR_CH5_SCAN_HANDLER role=2
89339.474 [0] DBG_DWM_CH5_RX_HUNT_EMPTY s=306775 e=306785 ret=-116 sys=00000000 phy=2 cfg=1 aw=1 unk=0
89339.474 [0] DBG_ANCHOR_CH5_SCAN_BLOCKED win=0 tx=0 retry_gap=0 flood=0 wait=0 rx=0 rxq=0 rxr=0 ack=0 ch9=0 rf=1 retry=20 interval=380
89339.474 [0] DBG_SCAN_SKIPPED reason=blocked
89339.474 [0] DBG_ANCHOR_CH5_SCAN_RESCHED ret=1 delay=20
89339.512 [0] DBG_UWB_TX_CH5
89339.512 [0] DBG_TX_WAKE_CLAIM_SENT
89339.512 [0] DBG_UWB_TX_CH5
89339.512 [0] DBG_TX_WAKE_CLAIM_SENT
89339.512 [0] DBG_DWM_CH5_RX_HUNT_START acq=10 complete=1000 cap=124
89339.512 [0] DBG_ANCHOR_CH5_SCAN_HANDLER role=2
89339.512 [0] DBG_DWM_CH5_RX_HUNT_EMPTY s=306799 e=306809 ret=-116 sys=00000000 phy=2 cfg=1 aw=1 unk=0
89339.512 [0] DBG_ANCHOR_CH5_SCAN_BLOCKED win=0 tx=0 retry_gap=0 flood=0 wait=0 rx=0 rxq=0 rxr=0 ack=0 ch9=0 rf=1 retry=20 interval=380
89339.512 [0] DBG_SCAN_SKIPPED reason=blocked
89339.512 [0] DBG_ANCHOR_CH5_SCAN_RESCHED ret=1 delay=20
89339.512 [0] DBG_UWB_TX_CH5
89339.512 [0] DBG_TX_WAKE_CLAIM_SENT
89339.512 [0] DBG_UWB_TX_CH5
89339.512 [0] DBG_TX_WAKE_CLAIM_SENT
89339.512 [0] DBG_DWM_CH5_RX_HUNT_START acq=10 complete=1000 cap=124
89339.558 [0] DBG_ANCHOR_CH5_SCAN_HANDLER role=2
89339.558 [0] DBG_DWM_CH5_RX_HUNT_EMPTY s=306823 e=306833 ret=-116 sys=00000000 phy=2 cfg=1 aw=1 unk=0
89339.558 [0] DBG_ANCHOR_CH5_SCAN_BLOCKED win=0 tx=0 retry_gap=0 flood=0 wait=0 rx=0 rxq=0 rxr=0 ack=0 ch9=0 rf=1 retry=20 interval=380
89339.558 [0] DBG_SCAN_SKIPPED reason=blocked
89339.558 [0] DBG_ANCHOR_CH5_SCAN_RESCHED ret=1 delay=20
89339.558 [0] DBG_UWB_TX_CH5
89339.558 [0] DBG_TX_WAKE_CLAIM_SENT
89339.558 [0] DBG_UWB_TX_CH5
89339.558 [0] DBG_TX_WAKE_CLAIM_SENT
89339.558 [0] DBG_DWM_CH5_RX_HUNT_START acq=10 complete=1000 cap=124
89339.558 [0] DBG_ANCHOR_CH5_SCAN_HANDLER role=2
89339.558 [0] DBG_DWM_CH5_RX_HUNT_EMPTY s=306847 e=306857 ret=-116 sys=00000000 phy=2 cfg=1 aw=1 unk=0
89339.558 [0] DBG_ANCHOR_CH5_SCAN_BLOCKED win=0 tx=0 retry_gap=0 flood=0 wait=0 rx=0 rxq=0 rxr=0 ack=0 ch9=0 rf=1 retry=20 interval=380
89339.558 [0] DBG_SCAN_SKIPPED reason=blocked
89339.558 [0] DBG_ANCHOR_CH5_SCAN_RESCHED ret=1 delay=20
89339.558 [0] DBG_UWB_TX_CH5
89339.558 [0] DBG_TX_WAKE_CLAIM_SENT
89339.558 [0] DBG_UWB_TX_CH5
89339.558 [0] DBG_TX_WAKE_CLAIM_SENT
89339.558 [0] DBG_DWM_CH5_RX_HUNT_START acq=10 complete=1000 cap=124
89339.600 [0] DBG_ANCHOR_CH5_SCAN_HANDLER role=2
89339.600 [0] DBG_DWM_CH5_RX_HUNT_EMPTY s=306871 e=306881 ret=-116 sys=00000000 phy=2 cfg=1 aw=1 unk=0
89339.600 [0] DBG_ANCHOR_CH5_SCAN_BLOCKED win=0 tx=0 retry_gap=0 flood=0 wait=0 rx=0 rxq=0 rxr=0 ack=0 ch9=0 rf=1 retry=20 interval=380
89339.600 [0] DBG_SCAN_SKIPPED reason=blocked
89339.600 [0] DBG_ANCHOR_CH5_SCAN_RESCHED ret=1 delay=20
89339.600 [0] DBG_UWB_TX_CH5
89339.600 [0] DBG_TX_WAKE_CLAIM_SENT
89339.600 [0] DBG_UWB_TX_CH5
89339.600 [0] DBG_TX_WAKE_CLAIM_SENT
89339.600 [0] DBG_DWM_CH5_RX_HUNT_START acq=10 complete=1000 cap=124
89339.600 [0] DBG_ANCHOR_CH5_SCAN_HANDLER role=2
89339.600 [0] DBG_DWM_CH5_RX_HUNT_EMPTY s=306895 e=306905 ret=-116 sys=00000000 phy=2 cfg=1 aw=1 unk=0
89339.600 [0] DBG_ANCHOR_CH5_SCAN_BLOCKED win=0 tx=0 retry_gap=0 flood=0 wait=0 rx=0 rxq=0 rxr=0 ack=0 ch9=0 rf=1 retry=20 interval=380
89339.600 [0] DBG_SCAN_SKIPPED reason=blocked
89339.600 [0] DBG_ANCHOR_CH5_SCAN_RESCHED ret=1 delay=20
89339.600 [0] DBG_UWB_TX_CH5
89339.600 [0] DBG_TX_WAKE_CLAIM_SENT
89339.646 [0] DBG_UWB_TX_CH5
89339.646 [0] DBG_TX_WAKE_CLAIM_SENT
89339.646 [0] DBG_DWM_CH5_RX_HUNT_START acq=10 complete=1000 cap=124
89339.646 [0] DBG_ANCHOR_CH5_SCAN_HANDLER role=2
89339.646 [0] DBG_DWM_CH5_RX_HUNT_EMPTY s=306919 e=306929 ret=-116 sys=00000000 phy=2 cfg=1 aw=1 unk=0
89339.646 [0] DBG_ANCHOR_CH5_SCAN_BLOCKED win=0 tx=0 retry_gap=0 flood=0 wait=0 rx=0 rxq=0 rxr=0 ack=0 ch9=0 rf=1 retry=20 interval=380
89339.646 [0] DBG_SCAN_SKIPPED reason=blocked
89339.646 [0] DBG_ANCHOR_CH5_SCAN_RESCHED ret=1 delay=20
89339.646 [0] DBG_UWB_TX_CH5
89339.646 [0] DBG_TX_WAKE_CLAIM_SENT
89339.646 [0] DBG_UWB_TX_CH5
89339.646 [0] DBG_TX_WAKE_CLAIM_SENT
89339.646 [0] DBG_DWM_CH5_RX_HUNT_START acq=10 complete=1000 cap=124
89339.646 [0] DBG_ANCHOR_CH5_SCAN_HANDLER role=2
89339.646 [0] DBG_DWM_CH5_RX_HUNT_EMPTY s=306943 e=306953 ret=-116 sys=00000000 phy=2 cfg=1 aw=1 unk=0
89339.646 [0] DBG_ANCHOR_CH5_SCAN_BLOCKED win=0 tx=0 retry_gap=0 flood=0 wait=0 rx=0 rxq=0 rxr=0 ack=0 ch9=0 rf=1 retry=20 interval=380
89339.646 [0] DBG_SCAN_SKIPPED reason=blocked
89339.646 [0] DBG_ANCHOR_CH5_SCAN_RESCHED ret=1 delay=20
89339.646 [0] DBG_UWB_TX_CH5
89339.646 [0] DBG_TX_WAKE_CLAIM_SENT
89339.693 [0] DBG_UWB_TX_CH5
89339.693 [0] DBG_TX_WAKE_CLAIM_SENT
89339.693 [0] DBG_DWM_CH5_RX_HUNT_START acq=10 complete=1000 cap=124
89339.693 [0] DBG_ANCHOR_CH5_SCAN_HANDLER role=2
89339.693 [0] DBG_DWM_CH5_RX_HUNT_EMPTY s=306967 e=306977 ret=-116 sys=00000000 phy=2 cfg=1 aw=1 unk=0
89339.693 [0] DBG_ANCHOR_CH5_SCAN_BLOCKED win=0 tx=0 retry_gap=0 flood=0 wait=0 rx=0 rxq=0 rxr=0 ack=0 ch9=0 rf=1 retry=20 interval=380
89339.693 [0] DBG_SCAN_SKIPPED reason=blocked
89339.693 [0] DBG_ANCHOR_CH5_SCAN_RESCHED ret=1 delay=20
89339.693 [0] DBG_UWB_TX_CH5
89339.693 [0] DBG_TX_WAKE_CLAIM_SENT
89339.693 [0] DBG_UWB_TX_CH5
89339.693 [0] DBG_TX_WAKE_CLAIM_SENT
89339.693 [0] DBG_DWM_CH5_RX_HUNT_START acq=10 complete=1000 cap=124
89339.693 [0] DBG_ANCHOR_CH5_SCAN_HANDLER role=2
89339.693 [0] DBG_DWM_CH5_RX_HUNT_EMPTY s=306991 e=307001 ret=-116 sys=00000000 phy=2 cfg=1 aw=1 unk=0
89339.693 [0] DBG_ANCHOR_CH5_SCAN_BLOCKED win=0 tx=0 retry_gap=0 flood=0 wait=0 rx=0 rxq=0 rxr=0 ack=0 ch9=0 rf=1 retry=20 interval=380
89339.693 [0] DBG_SCAN_SKIPPED reason=blocked
89339.693 [0] DBG_ANCHOR_CH5_SCAN_RESCHED ret=1 delay=20
89339.744 [0] DBG_UWB_TX_CH5
89339.744 [0] DBG_TX_WAKE_CLAIM_SENT
89339.744 [0] DBG_UWB_TX_CH5
89339.744 [0] DBG_TX_WAKE_CLAIM_SENT
89339.744 [0] DBG_DWM_CH5_RX_HUNT_START acq=10 complete=1000 cap=124
89339.744 [0] DBG_ANCHOR_CH5_SCAN_HANDLER role=2
89339.744 [0] DBG_DWM_CH5_RX_HUNT_EMPTY s=307015 e=307025 ret=-116 sys=00000000 phy=2 cfg=1 aw=1 unk=0
89339.744 [0] DBG_ANCHOR_CH5_SCAN_BLOCKED win=0 tx=0 retry_gap=0 flood=0 wait=0 rx=0 rxq=0 rxr=0 ack=0 ch9=0 rf=1 retry=20 interval=380
89339.744 [0] DBG_SCAN_SKIPPED reason=blocked
89339.744 [0] DBG_ANCHOR_CH5_SCAN_RESCHED ret=1 delay=20
89339.744 [0] DBG_UWB_TX_CH5
89339.744 [0] DBG_TX_WAKE_CLAIM_SENT
89339.744 [0] DBG_UWB_TX_CH5
89339.744 [0] DBG_TX_WAKE_CLAIM_SENT
89339.744 [0] DBG_DWM_CH5_RX_HUNT_START acq=10 complete=1000 cap=124
89339.744 [0] DBG_ANCHOR_CH5_SCAN_HANDLER role=2
89339.744 [0] DBG_DWM_CH5_RX_HUNT_EMPTY s=307039 e=307049 ret=-116 sys=00000000 phy=2 cfg=1 aw=1 unk=0
89339.744 [0] DBG_ANCHOR_CH5_SCAN_BLOCKED win=0 tx=0 retry_gap=0 flood=0 wait=0 rx=0 rxq=0 rxr=0 ack=0 ch9=0 rf=1 retry=20 interval=380
89339.744 [0] DBG_SCAN_SKIPPED reason=blocked
89339.744 [0] DBG_ANCHOR_CH5_SCAN_RESCHED ret=1 delay=20
89339.744 [0] DBG_UWB_TX_CH5
89339.744 [0] DBG_TX_WAKE_CLAIM_SENT
89339.791 [0] DBG_UWB_TX_CH5
89339.791 [0] DBG_TX_WAKE_CLAIM_SENT
89339.791 [0] DBG_ANCHOR_CH5_SCAN_HANDLER role=2
89339.791 [0] DBG_DWM_CH5_RX_HUNT_EMPTY s=307063 e=307073 ret=-116 sys=00000000 phy=2 cfg=1 aw=1 unk=0
89339.791 [0] DBG_ANCHOR_CH5_SCAN_BLOCKED win=0 tx=0 retry_gap=0 flood=0 wait=0 rx=0 rxq=0 rxr=0 ack=0 ch9=0 rf=1 retry=20 interval=380
89339.791 [0] DBG_SCAN_SKIPPED reason=blocked
89339.791 [0] DBG_ANCHOR_CH5_SCAN_RESCHED ret=1 delay=20
89339.791 [0] DBG_UWB_TX_CH5
89339.791 [0] DBG_TX_WAKE_CLAIM_SENT
89339.791 [0] DBG_UWB_TX_CH5
89339.791 [0] DBG_TX_WAKE_CLAIM_SENT
89339.791 [0] DBG_DWM_CH5_RX_HUNT_START acq=10 complete=1000 cap=124
89339.791 [0] DBG_ANCHOR_CH5_SCAN_HANDLER role=2
89339.791 [0] DBG_DWM_CH5_RX_HUNT_EMPTY s=307087 e=307097 ret=-116 sys=00000000 phy=2 cfg=1 aw=1 unk=0
89339.791 [0] DBG_ANCHOR_CH5_SCAN_BLOCKED win=0 tx=0 retry_gap=0 flood=0 wait=0 rx=0 rxq=0 rxr=0 ack=0 ch9=0 rf=1 retry=20 interval=380
89339.791 [0] DBG_SCAN_SKIPPED reason=blocked
89339.791 [0] DBG_ANCHOR_CH5_SCAN_RESCHED ret=1 delay=20
89339.828 [0] DBG_WAKE_TRAIN_TIMING evt=305898 start=306221 first=306227 last=307086 end=307119 sent=74 ret=0
89339.828 [0] DBG_C5_CONTACT phase=accepted state=2 peer=0x0f6d3a3bdac0f858 purpose=uplink reason=c5-batch-wake
89339.828 [0] DBG_C5_CONTROL_FOLLOWUP_TURNAROUND delay=60 msg=20 reason=c5-batch
89339.828 [0] DBG_ANCHOR_CH5_SCAN_HANDLER role=2
89339.828 [0] DBG_ANCHOR_CH5_SCAN_ARM now=307122 win=10 complete=15 interval=380 wait=0 tx=0 response=0
89339.828 [0] DBG_DWM_CH5_RX_HUNT_START acq=10 complete=1000 cap=1020
89339.828 [0] DBG_DWM_CH5_RX_HUNT_EMPTY s=307130 e=307140 ret=-116 sys=00000000 phy=2 cfg=1 aw=1 unk=0
89339.828 [0] DBG_ANCHOR_CH5_SCAN_DONE ret=-116 len=0 fail=1 pre=0 q=0 rx_us=10955 complete=1000
89339.828 [0] DBG_ANCHOR_CH5_SCAN_RESCHED ret=1 delay=380
89339.882 [0] DBG_DWM_INVALIDATE tag=configure_radio_from_reset active_phy=2 configured=1 awake=1
89339.882 [0] DBG_DWM_MARK_UNCONFIGURED tag=initialise_radio prev_phy=0
89339.916 [0] DBG_DWM_PHY_SWITCH from=2 to=4 fast=0 us=20813
89339.916 [0] DBG_DWM_WAKE_MESH_CTRL_OK sfd=1033
89339.916 [0] DBG_CH9_TX_SEND_AT now=307206 earliest=304507 msg=20 len=281
89339.916 [0] DBG_CH9_TX_DONE now=307212 dur=6 len=281 msg=20
89339.916 [0] DBG_UWB_TX_CH5
89339.952 [0] DBG_C5_BATCH_TX peer=0xf6d3a3bdac0f858 count=1 sent=0x1 acked=0x1 ret=0
89339.952 [0] DBG_CH9_TX_ACK_REQUEUE_PARTIAL requeued=0 retained=0 dropped=0 q_before=1 q_after=1
89339.952 [0] DBG_CLICK_SLOT_TX now=307244 due=307378 window=305978 k=1 n=3 seq=1
89340.040 [0] DBG_UPLINK_NEXT_HOP next=0xf6d3a3bdac0f858 depth=1 participant=0 wake=1
89340.040 [0] DBG_UPLINK_TX msg=20 seq=1 next=0xf6d3a3bdac0f858 wake=1 reason=queued-click-report
89340.040 [0] DBG_C5_CONTACT phase=open state=1 peer=0x0f6d3a3bdac0f858 purpose=uplink reason=queued-click-report
89340.040 [0] DBG_WAKE_TRAIN_GUARD_OK
89340.040 [0] DBG_DWM_INVALIDATE tag=configure_radio_from_reset active_phy=4 configured=1 awake=1
89340.066 [0] DBG_DWM_MARK_UNCONFIGURED tag=initialise_radio prev_phy=0
89340.066 [0] DBG_DWM_PHY_SWITCH from=4 to=2 fast=0 us=20844
89340.095 [0] DBG_WAKE_TRAIN_CONFIG_BEGIN
89340.095 [0] DBG_WAKE_TRAIN_CONFIG_OK
89340.095 [0] DBG_WAKE_TRAIN_FIRST_SEND_BEGIN
89340.095 [0] DBG_WAKE_TRAIN_FIRST_SEND_OK
89340.095 [0] DBG_UWB_TX_CH5
89340.095 [0] DBG_TX_WAKE_CLAIM_SENT
89340.127 [0] DBG_UWB_TX_CH5
89340.127 [0] DBG_TX_WAKE_CLAIM_SENT
89340.127 [0] DBG_UWB_TX_CH5
89340.127 [0] DBG_TX_WAKE_CLAIM_SENT
89340.127 [0] DBG_UWB_TX_CH5
89340.127 [0] DBG_TX_WAKE_CLAIM_SENT
89340.127 [0] DBG_DWM_CH5_RX_HUNT_START acq=10 complete=1000 cap=124
89340.127 [0] DBG_DWM_CH5_RX_HUNT_EMPTY s=307433 e=307443 ret=-116 sys=00000000 phy=2 cfg=1 aw=1 unk=0
89340.158 [0] DBG_UWB_TX_CH5
89340.158 [0] DBG_TX_WAKE_CLAIM_SENT
89340.158 [0] DBG_UWB_TX_CH5
89340.158 [0] DBG_TX_WAKE_CLAIM_SENT
89340.158 [0] DBG_DWM_CH5_RX_HUNT_START acq=10 complete=1000 cap=124
89340.158 [0] DBG_DWM_CH5_RX_HUNT_EMPTY s=307457 e=307467 ret=-116 sys=00000000 phy=2 cfg=1 aw=1 unk=0
89340.158 [0] DBG_UWB_TX_CH5
89340.158 [0] DBG_TX_WAKE_CLAIM_SENT
89340.189 [0] DBG_UWB_TX_CH5
89340.189 [0] DBG_TX_WAKE_CLAIM_SENT
89340.189 [0] DBG_DWM_CH5_RX_HUNT_START acq=10 complete=1000 cap=124
89340.189 [0] DBG_DWM_CH5_RX_HUNT_EMPTY s=307481 e=307491 ret=-116 sys=00000000 phy=2 cfg=1 aw=1 unk=0
89340.189 [0] DBG_UWB_TX_CH5
89340.189 [0] DBG_TX_WAKE_CLAIM_SENT
89340.189 [0] DBG_UWB_TX_CH5
89340.189 [0] DBG_TX_WAKE_CLAIM_SENT
89340.189 [0] DBG_DWM_CH5_RX_HUNT_START acq=10 complete=1000 cap=124
89340.219 [0] DBG_DWM_CH5_RX_HUNT_EMPTY s=307505 e=307515 ret=-116 sys=00000000 phy=2 cfg=1 aw=1 unk=0
89340.219 [0] DBG_UWB_TX_CH5
89340.219 [0] DBG_TX_WAKE_CLAIM_SENT
89340.219 [0] DBG_ANCHOR_CH5_SCAN_HANDLER role=2
89340.219 [0] DBG_ANCHOR_CH5_SCAN_BLOCKED win=0 tx=1 retry_gap=0 flood=0 wait=0 rx=0 rxq=0 rxr=0 ack=0 ch9=0 rf=1 retry=20 interval=380
89340.219 [0] DBG_SCAN_SKIPPED reason=blocked
89340.219 [0] DBG_ANCHOR_CH5_SCAN_RESCHED ret=1 delay=20
89340.219 [0] DBG_UWB_TX_CH5
89340.219 [0] DBG_TX_WAKE_CLAIM_SENT
89340.219 [0] DBG_DWM_CH5_RX_HUNT_START acq=10 complete=1000 cap=124
89340.252 [0] DBG_DWM_CH5_RX_HUNT_EMPTY s=307529 e=307539 ret=-116 sys=00000000 phy=2 cfg=1 aw=1 unk=0
89340.252 [0] DBG_ANCHOR_CH5_SCAN_HANDLER role=2
89340.252 [0] DBG_UWB_TX_CH5
89340.252 [0] DBG_TX_WAKE_CLAIM_SENT
89340.252 [0] DBG_ANCHOR_CH5_SCAN_BLOCKED win=0 tx=1 retry_gap=0 flood=0 wait=0 rx=0 rxq=0 rxr=0 ack=0 ch9=0 rf=1 retry=20 interval=380
89340.252 [0] DBG_SCAN_SKIPPED reason=blocked
89340.252 [0] DBG_ANCHOR_CH5_SCAN_RESCHED ret=1 delay=20
89340.252 [0] DBG_UWB_TX_CH5
89340.252 [0] DBG_TX_WAKE_CLAIM_SENT
89340.252 [0] DBG_DWM_CH5_RX_HUNT_START acq=10 complete=1000 cap=124
89340.252 [0] DBG_DWM_CH5_RX_HUNT_EMPTY s=307553 e=307563 ret=-116 sys=00000000 phy=2 cfg=1 aw=1 unk=0
89340.288 [0] DBG_ANCHOR_CH5_SCAN_HANDLER role=2
89340.288 [0] DBG_UWB_TX_CH5
89340.288 [0] DBG_TX_WAKE_CLAIM_SENT
89340.288 [0] DBG_ANCHOR_CH5_SCAN_BLOCKED win=0 tx=1 retry_gap=0 flood=0 wait=0 rx=0 rxq=0 rxr=0 ack=0 ch9=0 rf=1 retry=20 interval=380
89340.288 [0] DBG_SCAN_SKIPPED reason=blocked
89340.288 [0] DBG_ANCHOR_CH5_SCAN_RESCHED ret=1 delay=20
89340.288 [0] DBG_UWB_TX_CH5
89340.288 [0] DBG_TX_WAKE_CLAIM_SENT
89340.288 [0] DBG_DWM_CH5_RX_HUNT_START acq=10 complete=1000 cap=124
89340.288 [0] DBG_DWM_CH5_RX_HUNT_EMPTY s=307577 e=307587 ret=-116 sys=00000000 phy=2 cfg=1 aw=1 unk=0
89340.288 [0] DBG_ANCHOR_CH5_SCAN_HANDLER role=2
89340.288 [0] DBG_UWB_TX_CH5
89340.288 [0] DBG_TX_WAKE_CLAIM_SENT
89340.288 [0] DBG_ANCHOR_CH5_SCAN_BLOCKED win=0 tx=1 retry_gap=0 flood=0 wait=0 rx=0 rxq=0 rxr=0 ack=0 ch9=0 rf=1 retry=20 interval=380
89340.288 [0] DBG_SCAN_SKIPPED reason=blocked
89340.288 [0] DBG_ANCHOR_CH5_SCAN_RESCHED ret=1 delay=20
89340.288 [0] DBG_UWB_TX_CH5
89340.288 [0] DBG_TX_WAKE_CLAIM_SENT
89340.288 [0] DBG_DWM_CH5_RX_HUNT_START acq=10 complete=1000 cap=124
89340.329 [0] DBG_DWM_CH5_RX_HUNT_EMPTY s=307601 e=307611 ret=-116 sys=00000000 phy=2 cfg=1 aw=1 unk=0
89340.329 [0] DBG_ANCHOR_CH5_SCAN_HANDLER role=2
89340.329 [0] DBG_UWB_TX_CH5
89340.329 [0] DBG_TX_WAKE_CLAIM_SENT
89340.329 [0] DBG_ANCHOR_CH5_SCAN_BLOCKED win=0 tx=1 retry_gap=0 flood=0 wait=0 rx=0 rxq=0 rxr=0 ack=0 ch9=0 rf=1 retry=20 interval=380
89340.329 [0] DBG_SCAN_SKIPPED reason=blocked
89340.329 [0] DBG_ANCHOR_CH5_SCAN_RESCHED ret=1 delay=20
89340.329 [0] DBG_UWB_TX_CH5
89340.329 [0] DBG_TX_WAKE_CLAIM_SENT
89340.329 [0] DBG_DWM_CH5_RX_HUNT_START acq=10 complete=1000 cap=124
89340.329 [0] DBG_DWM_CH5_RX_HUNT_EMPTY s=307625 e=307635 ret=-116 sys=00000000 phy=2 cfg=1 aw=1 unk=0
89340.329 [0] DBG_ANCHOR_CH5_SCAN_HANDLER role=2
89340.329 [0] DBG_UWB_TX_CH5
89340.329 [0] DBG_TX_WAKE_CLAIM_SENT
89340.329 [0] DBG_ANCHOR_CH5_SCAN_BLOCKED win=0 tx=1 retry_gap=0 flood=0 wait=0 rx=0 rxq=0 rxr=0 ack=0 ch9=0 rf=1 retry=20 interval=380
89340.329 [0] DBG_SCAN_SKIPPED reason=blocked
89340.373 [0] DBG_ANCHOR_CH5_SCAN_RESCHED ret=1 delay=20
89340.373 [0] DBG_UWB_TX_CH5
89340.373 [0] DBG_TX_WAKE_CLAIM_SENT
89340.373 [0] DBG_DWM_CH5_RX_HUNT_START acq=10 complete=1000 cap=124
89340.373 [0] DBG_DWM_CH5_RX_HUNT_EMPTY s=307648 e=307658 ret=-116 sys=00000000 phy=2 cfg=1 aw=1 unk=0
89340.373 [0] DBG_UWB_TX_CH5
89340.373 [0] DBG_TX_WAKE_CLAIM_SENT
89340.373 [0] DBG_ANCHOR_CH5_SCAN_HANDLER role=2
89340.373 [0] DBG_ANCHOR_CH5_SCAN_BLOCKED win=0 tx=1 retry_gap=0 flood=0 wait=0 rx=0 rxq=0 rxr=0 ack=0 ch9=0 rf=1 retry=20 interval=380
89340.373 [0] DBG_SCAN_SKIPPED reason=blocked
89340.373 [0] DBG_ANCHOR_CH5_SCAN_RESCHED ret=1 delay=20
89340.373 [0] DBG_UWB_TX_CH5
89340.373 [0] DBG_TX_WAKE_CLAIM_SENT
89340.373 [0] DBG_DWM_CH5_RX_HUNT_START acq=10 complete=1000 cap=124
89340.373 [0] DBG_DWM_CH5_RX_HUNT_EMPTY s=307672 e=307682 ret=-116 sys=00000000 phy=2 cfg=1 aw=1 unk=0
89340.418 [0] DBG_ANCHOR_CH5_SCAN_HANDLER role=2
89340.418 [0] DBG_UWB_TX_CH5
89340.418 [0] DBG_TX_WAKE_CLAIM_SENT
89340.418 [0] DBG_ANCHOR_CH5_SCAN_BLOCKED win=0 tx=1 retry_gap=0 flood=0 wait=0 rx=0 rxq=0 rxr=0 ack=0 ch9=0 rf=1 retry=20 interval=380
89340.418 [0] DBG_SCAN_SKIPPED reason=blocked
89340.418 [0] DBG_ANCHOR_CH5_SCAN_RESCHED ret=1 delay=20
89340.418 [0] DBG_UWB_TX_CH5
89340.418 [0] DBG_TX_WAKE_CLAIM_SENT
89340.418 [0] DBG_DWM_CH5_RX_HUNT_START acq=10 complete=1000 cap=124
89340.418 [0] DBG_DWM_CH5_RX_HUNT_EMPTY s=307696 e=307706 ret=-116 sys=00000000 phy=2 cfg=1 aw=1 unk=0
89340.418 [0] DBG_ANCHOR_CH5_SCAN_HANDLER role=2
89340.418 [0] DBG_UWB_TX_CH5
89340.418 [0] DBG_TX_WAKE_CLAIM_SENT
89340.418 [0] DBG_ANCHOR_CH5_SCAN_BLOCKED win=0 tx=1 retry_gap=0 flood=0 wait=0 rx=0 rxq=0 rxr=0 ack=0 ch9=0 rf=1 retry=20 interval=380
89340.418 [0] DBG_SCAN_SKIPPED reason=blocked
89340.418 [0] DBG_ANCHOR_CH5_SCAN_RESCHED ret=1 delay=20
89340.418 [0] DBG_UWB_TX_CH5
89340.418 [0] DBG_TX_WAKE_CLAIM_SENT
89340.418 [0] DBG_DWM_CH5_RX_HUNT_START acq=10 complete=1000 cap=124
89340.418 [0] DBG_DWM_CH5_RX_HUNT_EMPTY s=307720 e=307730 ret=-116 sys=00000000 phy=2 cfg=1 aw=1 unk=0
89340.466 [0] DBG_ANCHOR_CH5_SCAN_HANDLER role=2
89340.466 [0] DBG_UWB_TX_CH5
89340.466 [0] DBG_TX_WAKE_CLAIM_SENT
89340.466 [0] DBG_SCAN_SKIPPED reason=blocked
89340.466 [0] DBG_UWB_TX_CH5
89340.466 [0] DBG_TX_WAKE_CLAIM_SENT
89340.466 [0] DBG_DWM_CH5_RX_HUNT_START acq=10 complete=1000 cap=124
89340.466 [0] DBG_DWM_CH5_RX_HUNT_EMPTY s=307744 e=307754 ret=-116 sys=00000000 phy=2 cfg=1 aw=1 unk=0
89340.466 [0] DBG_ANCHOR_CH5_SCAN_HANDLER role=2
89340.466 [0] DBG_UWB_TX_CH5
89340.466 [0] DBG_TX_WAKE_CLAIM_SENT
89340.466 [0] DBG_ANCHOR_CH5_SCAN_BLOCKED win=0 tx=1 retry_gap=0 flood=0 wait=0 rx=0 rxq=0 rxr=0 ack=0 ch9=0 rf=1 retry=20 interval=380
89340.466 [0] DBG_SCAN_SKIPPED reason=blocked
89340.466 [0] DBG_ANCHOR_CH5_SCAN_RESCHED ret=1 delay=20
89340.466 [0] DBG_UWB_TX_CH5
89340.466 [0] DBG_TX_WAKE_CLAIM_SENT
89340.466 [0] DBG_DWM_CH5_RX_HUNT_START acq=10 complete=1000 cap=124
89340.466 [0] DBG_DWM_CH5_RX_HUNT_EMPTY s=307768 e=307778 ret=-116 sys=00000000 phy=2 cfg=1 aw=1 unk=0
89340.507 [0] DBG_ANCHOR_CH5_SCAN_HANDLER role=2
89340.507 [0] DBG_UWB_TX_CH5
89340.507 [0] DBG_TX_WAKE_CLAIM_SENT
89340.507 [0] DBG_ANCHOR_CH5_SCAN_BLOCKED win=0 tx=1 retry_gap=0 flood=0 wait=0 rx=0 rxq=0 rxr=0 ack=0 ch9=0 rf=1 retry=20 interval=380
89340.507 [0] DBG_SCAN_SKIPPED reason=blocked
89340.507 [0] DBG_ANCHOR_CH5_SCAN_RESCHED ret=1 delay=20
89340.507 [0] DBG_UWB_TX_CH5
89340.507 [0] DBG_TX_WAKE_CLAIM_SENT
89340.507 [0] DBG_DWM_CH5_RX_HUNT_START acq=10 complete=1000 cap=124
89340.507 [0] DBG_DWM_CH5_RX_HUNT_EMPTY s=307791 e=307801 ret=-116 sys=00000000 phy=2 cfg=1 aw=1 unk=0
89340.507 [0] DBG_ANCHOR_CH5_SCAN_HANDLER role=2
89340.507 [0] DBG_UWB_TX_CH5
89340.507 [0] DBG_TX_WAKE_CLAIM_SENT
89340.507 [0] DBG_ANCHOR_CH5_SCAN_BLOCKED win=0 tx=1 retry_gap=0 flood=0 wait=0 rx=0 rxq=0 rxr=0 ack=0 ch9=0 rf=1 retry=20 interval=380
89340.507 [0] DBG_SCAN_SKIPPED reason=blocked
89340.507 [0] DBG_ANCHOR_CH5_SCAN_RESCHED ret=1 delay=20
89340.507 [0] DBG_UWB_TX_CH5
89340.507 [0] DBG_TX_WAKE_CLAIM_SENT
89340.507 [0] DBG_DWM_CH5_RX_HUNT_START acq=10 complete=1000 cap=124
89340.551 [0] DBG_DWM_CH5_RX_HUNT_EMPTY s=307815 e=307825 ret=-116 sys=00000000 phy=2 cfg=1 aw=1 unk=0
89340.551 [0] DBG_ANCHOR_CH5_SCAN_HANDLER role=2
89340.551 [0] DBG_UWB_TX_CH5
89340.551 [0] DBG_TX_WAKE_CLAIM_SENT
89340.551 [0] DBG_ANCHOR_CH5_SCAN_BLOCKED win=0 tx=1 retry_gap=0 flood=0 wait=0 rx=0 rxq=0 rxr=0 ack=0 ch9=0 rf=1 retry=20 interval=380
89340.551 [0] DBG_SCAN_SKIPPED reason=blocked
89340.551 [0] DBG_ANCHOR_CH5_SCAN_RESCHED ret=1 delay=20
89340.551 [0] DBG_UWB_TX_CH5
89340.551 [0] DBG_TX_WAKE_CLAIM_SENT
89340.551 [0] DBG_DWM_CH5_RX_HUNT_START acq=10 complete=1000 cap=124
89340.551 [0] DBG_DWM_CH5_RX_HUNT_EMPTY s=307839 e=307849 ret=-116 sys=00000000 phy=2 cfg=1 aw=1 unk=0
89340.551 [0] DBG_ANCHOR_CH5_SCAN_HANDLER role=2
89340.551 [0] DBG_UWB_TX_CH5
89340.551 [0] DBG_TX_WAKE_CLAIM_SENT
89340.551 [0] DBG_ANCHOR_CH5_SCAN_BLOCKED win=0 tx=1 retry_gap=0 flood=0 wait=0 rx=0 rxq=0 rxr=0 ack=0 ch9=0 rf=1 retry=20 interval=380
89340.551 [0] DBG_SCAN_SKIPPED reason=blocked
89340.551 [0] DBG_ANCHOR_CH5_SCAN_RESCHED ret=1 delay=20
89340.551 [0] DBG_UWB_TX_CH5
89340.551 [0] DBG_TX_WAKE_CLAIM_SENT
89340.551 [0] DBG_DWM_CH5_RX_HUNT_START acq=10 complete=1000 cap=124
89340.595 [0] DBG_DWM_CH5_RX_HUNT_EMPTY s=307863 e=307873 ret=-116 sys=00000000 phy=2 cfg=1 aw=1 unk=0
89340.595 [0] DBG_ANCHOR_CH5_SCAN_HANDLER role=2
89340.595 [0] DBG_UWB_TX_CH5
89340.595 [0] DBG_TX_WAKE_CLAIM_SENT
89340.595 [0] DBG_ANCHOR_CH5_SCAN_BLOCKED win=0 tx=1 retry_gap=0 flood=0 wait=0 rx=0 rxq=0 rxr=0 ack=0 ch9=0 rf=1 retry=20 interval=380
89340.595 [0] DBG_SCAN_SKIPPED reason=blocked
89340.595 [0] DBG_ANCHOR_CH5_SCAN_RESCHED ret=1 delay=20
89340.595 [0] DBG_UWB_TX_CH5
89340.595 [0] DBG_TX_WAKE_CLAIM_SENT
89340.595 [0] DBG_DWM_CH5_RX_HUNT_START acq=10 complete=1000 cap=124
89340.595 [0] DBG_DWM_CH5_RX_HUNT_EMPTY s=307887 e=307897 ret=-116 sys=00000000 phy=2 cfg=1 aw=1 unk=0
89340.595 [0] DBG_ANCHOR_CH5_SCAN_HANDLER role=2
89340.595 [0] DBG_UWB_TX_CH5
89340.595 [0] DBG_TX_WAKE_CLAIM_SENT
89340.595 [0] DBG_ANCHOR_CH5_SCAN_BLOCKED win=0 tx=1 retry_gap=0 flood=0 wait=0 rx=0 rxq=0 rxr=0 ack=0 ch9=0 rf=1 retry=20 interval=380
89340.595 [0] DBG_SCAN_SKIPPED reason=blocked
89340.595 [0] DBG_ANCHOR_CH5_SCAN_RESCHED ret=1 delay=20
89340.637 [0] DBG_UWB_TX_CH5
89340.637 [0] DBG_TX_WAKE_CLAIM_SENT
89340.637 [0] DBG_DWM_CH5_RX_HUNT_START acq=10 complete=1000 cap=124
89340.637 [0] DBG_DWM_CH5_RX_HUNT_EMPTY s=307911 e=307921 ret=-116 sys=00000000 phy=2 cfg=1 aw=1 unk=0
89340.637 [0] DBG_ANCHOR_CH5_SCAN_HANDLER role=2
89340.637 [0] DBG_UWB_TX_CH5
89340.637 [0] DBG_TX_WAKE_CLAIM_SENT
89340.637 [0] DBG_ANCHOR_CH5_SCAN_BLOCKED win=0 tx=1 retry_gap=0 flood=0 wait=0 rx=0 rxq=0 rxr=0 ack=0 ch9=0 rf=1 retry=20 interval=380
89340.637 [0] DBG_SCAN_SKIPPED reason=blocked
89340.637 [0] DBG_ANCHOR_CH5_SCAN_RESCHED ret=1 delay=20
89340.637 [0] DBG_UWB_TX_CH5
89340.637 [0] DBG_TX_WAKE_CLAIM_SENT
89340.637 [0] DBG_DWM_CH5_RX_HUNT_START acq=10 complete=1000 cap=124
89340.637 [0] DBG_DWM_CH5_RX_HUNT_EMPTY s=307935 e=307945 ret=-116 sys=00000000 phy=2 cfg=1 aw=1 unk=0
89340.637 [0] DBG_ANCHOR_CH5_SCAN_HANDLER role=2
89340.637 [0] DBG_UWB_TX_CH5
89340.637 [0] DBG_TX_WAKE_CLAIM_SENT
89340.686 [0] DBG_ANCHOR_CH5_SCAN_BLOCKED win=0 tx=1 retry_gap=0 flood=0 wait=0 rx=0 rxq=0 rxr=0 ack=0 ch9=0 rf=1 retry=20 interval=380
89340.686 [0] DBG_SCAN_SKIPPED reason=blocked
89340.686 [0] DBG_ANCHOR_CH5_SCAN_RESCHED ret=1 delay=20
89340.686 [0] DBG_UWB_TX_CH5
89340.686 [0] DBG_TX_WAKE_CLAIM_SENT
89340.686 [0] DBG_DWM_CH5_RX_HUNT_START acq=10 complete=1000 cap=124
89340.686 [0] DBG_DWM_CH5_RX_HUNT_EMPTY s=307958 e=307969 ret=-116 sys=00000000 phy=2 cfg=1 aw=1 unk=0
89340.686 [0] DBG_ANCHOR_CH5_SCAN_HANDLER role=2
89340.686 [0] DBG_UWB_TX_CH5
89340.686 [0] DBG_TX_WAKE_CLAIM_SENT
89340.686 [0] DBG_ANCHOR_CH5_SCAN_BLOCKED win=0 tx=1 retry_gap=0 flood=0 wait=0 rx=0 rxq=0 rxr=0 ack=0 ch9=0 rf=1 retry=20 interval=380
89340.686 [0] DBG_SCAN_SKIPPED reason=blocked
89340.686 [0] DBG_ANCHOR_CH5_SCAN_RESCHED ret=1 delay=20
89340.686 [0] DBG_UWB_TX_CH5
89340.686 [0] DBG_TX_WAKE_CLAIM_SENT
89340.686 [0] DBG_DWM_CH5_RX_HUNT_START acq=10 complete=1000 cap=124
89340.686 [0] DBG_DWM_CH5_RX_HUNT_EMPTY s=307983 e=307993 ret=-116 sys=00000000 phy=2 cfg=1 aw=1 unk=0
89340.686 [0] DBG_ANCHOR_CH5_SCAN_HANDLER role=2
89340.728 [0] DBG_UWB_TX_CH5
89340.728 [0] DBG_TX_WAKE_CLAIM_SENT
89340.728 [0] DBG_SCAN_SKIPPED reason=blocked
89340.728 [0] DBG_ANCHOR_CH5_SCAN_RESCHED ret=1 delay=20
89340.728 [0] DBG_UWB_TX_CH5
89340.728 [0] DBG_TX_WAKE_CLAIM_SENT
89340.728 [0] DBG_DWM_CH5_RX_HUNT_EMPTY s=308007 e=308017 ret=-116 sys=00000000 phy=2 cfg=1 aw=1 unk=0
89340.728 [0] DBG_ANCHOR_CH5_SCAN_HANDLER role=2
89340.728 [0] DBG_UWB_TX_CH5
89340.728 [0] DBG_TX_WAKE_CLAIM_SENT
89340.728 [0] DBG_ANCHOR_CH5_SCAN_BLOCKED win=0 tx=1 retry_gap=0 flood=0 wait=0 rx=0 rxq=0 rxr=0 ack=0 ch9=0 rf=1 retry=20 interval=380
89340.728 [0] DBG_SCAN_SKIPPED reason=blocked
89340.728 [0] DBG_ANCHOR_CH5_SCAN_RESCHED ret=1 delay=20
89340.728 [0] DBG_UWB_TX_CH5
89340.728 [0] DBG_TX_WAKE_CLAIM_SENT
89340.728 [0] DBG_DWM_CH5_RX_HUNT_START acq=10 complete=1000 cap=124
89340.728 [0] DBG_DWM_CH5_RX_HUNT_EMPTY s=308031 e=308041 ret=-116 sys=00000000 phy=2 cfg=1 aw=1 unk=0
89340.769 [0] DBG_ANCHOR_CH5_SCAN_HANDLER role=2
89340.769 [0] DBG_UWB_TX_CH5
89340.769 [0] DBG_TX_WAKE_CLAIM_SENT
89340.769 [0] DBG_ANCHOR_CH5_SCAN_BLOCKED win=0 tx=1 retry_gap=0 flood=0 wait=0 rx=0 rxq=0 rxr=0 ack=0 ch9=0 rf=1 retry=20 interval=380
89340.769 [0] DBG_SCAN_SKIPPED reason=blocked
89340.769 [0] DBG_ANCHOR_CH5_SCAN_RESCHED ret=1 delay=20
89340.769 [0] DBG_UWB_TX_CH5
89340.769 [0] DBG_TX_WAKE_CLAIM_SENT
89340.769 [0] DBG_DWM_CH5_RX_HUNT_START acq=10 complete=1000 cap=124
89340.769 [0] DBG_DWM_CH5_RX_HUNT_EMPTY s=308055 e=308065 ret=-116 sys=00000000 phy=2 cfg=1 aw=1 unk=0
89340.769 [0] DBG_ANCHOR_CH5_SCAN_HANDLER role=2
89340.769 [0] DBG_UWB_TX_CH5
89340.769 [0] DBG_TX_WAKE_CLAIM_SENT
89340.769 [0] DBG_ANCHOR_CH5_SCAN_BLOCKED win=0 tx=1 retry_gap=0 flood=0 wait=0 rx=0 rxq=0 rxr=0 ack=0 ch9=0 rf=1 retry=20 interval=380
89340.769 [0] DBG_SCAN_SKIPPED reason=blocked
89340.769 [0] DBG_ANCHOR_CH5_SCAN_RESCHED ret=1 delay=20
89340.769 [0] DBG_UWB_TX_CH5
89340.769 [0] DBG_TX_WAKE_CLAIM_SENT
89340.769 [0] DBG_DWM_CH5_RX_HUNT_START acq=10 complete=1000 cap=124
89340.815 [0] DBG_DWM_CH5_RX_HUNT_EMPTY s=308079 e=308089 ret=-116 sys=00000000 phy=2 cfg=1 aw=1 unk=0
89340.815 [0] DBG_ANCHOR_CH5_SCAN_HANDLER role=2
89340.815 [0] DBG_UWB_TX_CH5
89340.815 [0] DBG_TX_WAKE_CLAIM_SENT
89340.815 [0] DBG_ANCHOR_CH5_SCAN_BLOCKED win=0 tx=1 retry_gap=0 flood=0 wait=0 rx=0 rxq=0 rxr=0 ack=0 ch9=0 rf=1 retry=20 interval=380
89340.815 [0] DBG_SCAN_SKIPPED reason=blocked
89340.815 [0] DBG_ANCHOR_CH5_SCAN_RESCHED ret=1 delay=20
89340.815 [0] DBG_UWB_TX_CH5
89340.815 [0] DBG_TX_WAKE_CLAIM_SENT
89340.815 [0] DBG_DWM_CH5_RX_HUNT_START acq=10 complete=1000 cap=124
89340.815 [0] DBG_DWM_CH5_RX_HUNT_EMPTY s=308103 e=308113 ret=-116 sys=00000000 phy=2 cfg=1 aw=1 unk=0
89340.815 [0] DBG_ANCHOR_CH5_SCAN_HANDLER role=2
89340.815 [0] DBG_UWB_TX_CH5
89340.815 [0] DBG_TX_WAKE_CLAIM_SENT
89340.815 [0] DBG_ANCHOR_CH5_SCAN_BLOCKED win=0 tx=1 retry_gap=0 flood=0 wait=0 rx=0 rxq=0 rxr=0 ack=0 ch9=0 rf=1 retry=20 interval=380
89340.815 [0] DBG_SCAN_SKIPPED reason=blocked
89340.815 [0] DBG_ANCHOR_CH5_SCAN_RESCHED ret=1 delay=20
89340.815 [0] DBG_UWB_TX_CH5
89340.815 [0] DBG_TX_WAKE_CLAIM_SENT
89340.815 [0] DBG_DWM_CH5_RX_HUNT_START acq=10 complete=1000 cap=124
89340.865 [0] DBG_DWM_CH5_RX_HUNT_EMPTY s=308127 e=308137 ret=-116 sys=00000000 phy=2 cfg=1 aw=1 unk=0
89340.865 [0] DBG_ANCHOR_CH5_SCAN_HANDLER role=2
89340.865 [0] DBG_UWB_TX_CH5
89340.865 [0] DBG_TX_WAKE_CLAIM_SENT
89340.865 [0] DBG_ANCHOR_CH5_SCAN_BLOCKED win=0 tx=1 retry_gap=0 flood=0 wait=0 rx=0 rxq=0 rxr=0 ack=0 ch9=0 rf=1 retry=20 interval=380
89340.865 [0] DBG_SCAN_SKIPPED reason=blocked
89340.865 [0] DBG_ANCHOR_CH5_SCAN_RESCHED ret=1 delay=20
89340.865 [0] DBG_UWB_TX_CH5
89340.865 [0] DBG_TX_WAKE_CLAIM_SENT
89340.865 [0] DBG_DWM_CH5_RX_HUNT_START acq=10 complete=1000 cap=124
89340.865 [0] DBG_DWM_CH5_RX_HUNT_EMPTY s=308151 e=308161 ret=-116 sys=00000000 phy=2 cfg=1 aw=1 unk=0
89340.865 [0] DBG_ANCHOR_CH5_SCAN_HANDLER role=2
89340.865 [0] DBG_UWB_TX_CH5
89340.865 [0] DBG_TX_WAKE_CLAIM_SENT
89340.865 [0] DBG_ANCHOR_CH5_SCAN_BLOCKED win=0 tx=1 retry_gap=0 flood=0 wait=0 rx=0 rxq=0 rxr=0 ack=0 ch9=0 rf=1 retry=20 interval=380
89340.865 [0] DBG_SCAN_SKIPPED reason=blocked
89340.865 [0] DBG_ANCHOR_CH5_SCAN_RESCHED ret=1 delay=20
89340.865 [0] DBG_UWB_TX_CH5
89340.865 [0] DBG_TX_WAKE_CLAIM_SENT
89340.865 [0] DBG_DWM_CH5_RX_HUNT_START acq=10 complete=1000 cap=124
89340.917 [0] DBG_DWM_CH5_RX_HUNT_EMPTY s=308175 e=308185 ret=-116 sys=00000000 phy=2 cfg=1 aw=1 unk=0
89340.917 [0] DBG_ANCHOR_CH5_SCAN_HANDLER role=2
89340.917 [0] DBG_UWB_TX_CH5
89340.917 [0] DBG_TX_WAKE_CLAIM_SENT
89340.917 [0] DBG_ANCHOR_CH5_SCAN_BLOCKED win=0 tx=1 retry_gap=0 flood=0 wait=0 rx=0 rxq=0 rxr=0 ack=0 ch9=0 rf=1 retry=20 interval=380
89340.917 [0] DBG_SCAN_SKIPPED reason=blocked
89340.917 [0] DBG_ANCHOR_CH5_SCAN_RESCHED ret=1 delay=20
89340.917 [0] DBG_UWB_TX_CH5
89340.917 [0] DBG_TX_WAKE_CLAIM_SENT
89340.917 [0] DBG_DWM_CH5_RX_HUNT_START acq=10 complete=1000 cap=124
89340.917 [0] DBG_DWM_CH5_RX_HUNT_EMPTY s=308199 e=308209 ret=-116 sys=00000000 phy=2 cfg=1 aw=1 unk=0
89340.917 [0] DBG_ANCHOR_CH5_SCAN_HANDLER role=2
89340.917 [0] DBG_UWB_TX_CH5
89340.917 [0] DBG_TX_WAKE_CLAIM_SENT
89340.917 [0] DBG_ANCHOR_CH5_SCAN_BLOCKED win=0 tx=1 retry_gap=0 flood=0 wait=0 rx=0 rxq=0 rxr=0 ack=0 ch9=0 rf=1 retry=20 interval=380
89340.917 [0] DBG_SCAN_SKIPPED reason=blocked
89340.917 [0] DBG_ANCHOR_CH5_SCAN_RESCHED ret=1 delay=20
89340.917 [0] DBG_UWB_TX_CH5
89340.917 [0] DBG_TX_WAKE_CLAIM_SENT
89340.917 [0] DBG_DWM_CH5_RX_HUNT_START acq=10 complete=1000 cap=124
89340.969 [0] DBG_DWM_CH5_RX_HUNT_EMPTY s=308223 e=308233 ret=-116 sys=00000000 phy=2 cfg=1 aw=1 unk=0
89340.969 [0] DBG_UWB_TX_CH5
89340.969 [0] DBG_TX_WAKE_CLAIM_SENT
89340.969 [0] DBG_ANCHOR_CH5_SCAN_BLOCKED win=0 tx=1 retry_gap=0 flood=0 wait=0 rx=0 rxq=0 rxr=0 ack=0 ch9=0 rf=1 retry=20 interval=380
89340.969 [0] DBG_SCAN_SKIPPED reason=blocked
89340.969 [0] DBG_ANCHOR_CH5_SCAN_RESCHED ret=1 delay=20
89340.969 [0] DBG_UWB_TX_CH5
89340.969 [0] DBG_TX_WAKE_CLAIM_SENT
89340.969 [0] DBG_DWM_CH5_RX_HUNT_START acq=10 complete=1000 cap=124
89340.969 [0] DBG_DWM_CH5_RX_HUNT_EMPTY s=308247 e=308257 ret=-116 sys=00000000 phy=2 cfg=1 aw=1 unk=0
89340.969 [0] DBG_ANCHOR_CH5_SCAN_HANDLER role=2
89340.969 [0] DBG_UWB_TX_CH5
89340.969 [0] DBG_TX_WAKE_CLAIM_SENT
89340.969 [0] DBG_ANCHOR_CH5_SCAN_BLOCKED win=0 tx=1 retry_gap=0 flood=0 wait=0 rx=0 rxq=0 rxr=0 ack=0 ch9=0 rf=1 retry=20 interval=380
89340.969 [0] DBG_SCAN_SKIPPED reason=blocked
89340.969 [0] DBG_ANCHOR_CH5_SCAN_RESCHED ret=1 delay=20
89340.969 [0] DBG_UWB_TX_CH5
89340.969 [0] DBG_TX_WAKE_CLAIM_SENT
89340.969 [0] DBG_DWM_CH5_RX_HUNT_START acq=10 complete=1000 cap=124
89340.969 [0] DBG_DWM_CH5_RX_HUNT_EMPTY s=308271 e=308281 ret=-116 sys=00000000 phy=2 cfg=1 aw=1 unk=0
89341.002 [0] DBG_ANCHOR_CH5_SCAN_HANDLER role=2
89341.002 [0] DBG_SCAN_SKIPPED reason=blocked
89341.002 [0] DBG_ANCHOR_CH5_SCAN_RESCHED ret=1 delay=20
89341.002 [0] DBG_WAKE_TRAIN_TIMING evt=307355 start=307406 first=307412 last=308270 end=308303 sent=74 ret=0
89341.002 [0] DBG_C5_CONTACT phase=accepted state=2 peer=0x0f6d3a3bdac0f858 purpose=uplink reason=queued-click-report
89341.002 [0] DBG_UPLINK_WAKE next=0xf6d3a3bdac0f858 ret=0 seq=1
89341.002 [0] DBG_C5_CONTROL_FOLLOWUP_TURNAROUND delay=60 msg=20 reason=queued-click-report
89341.002 [0] DBG_ANCHOR_CH5_SCAN_HANDLER role=2
89341.002 [0] DBG_ANCHOR_CH5_SCAN_ARM now=308312 win=10 complete=15 interval=380 wait=0 tx=1 response=0
89341.034 [0] DBG_DWM_CH5_RX_HUNT_START acq=10 complete=1000 cap=1020
89341.034 [0] DBG_DWM_CH5_RX_HUNT_EMPTY s=308320 e=308330 ret=-116 sys=00000000 phy=2 cfg=1 aw=1 unk=0
89341.034 [0] DBG_ANCHOR_CH5_SCAN_DONE ret=-116 len=0 fail=1 pre=0 q=0 rx_us=10559 complete=1000
89341.034 [0] DBG_ANCHOR_CH5_SCAN_RESCHED ret=1 delay=380
89341.061 [0] DBG_DWM_INVALIDATE tag=configure_radio_from_reset active_phy=2 configured=1 awake=1
89341.096 [0] DBG_DWM_MARK_UNCONFIGURED tag=initialise_radio prev_phy=0
89341.096 [0] DBG_DWM_PHY_SWITCH from=2 to=4 fast=0 us=20905
89341.096 [0] DBG_DWM_WAKE_MESH_CTRL_OK sfd=1033
89341.096 [0] DBG_DIRECT_GW_TX_CONFIG ret=0 now=308389 seq=1
89341.096 [0] DBG_CH9_TX_SEND_AT now=308390 earliest=307378 msg=20 len=281
89341.096 [0] DBG_CH9_TX_DONE now=308396 dur=6 len=281 msg=20
89341.096 [0] DBG_UWB_TX_CH5
89341.096 [0] DBG_CLICK_TX_DONE now=308396 seq=1
89341.096 [0] DBG_CH9_TX_SINGLE_SEND_OK
89341.096 [0] DBG_CH9_EVENT_STATE state=complete peer=0x0f6d3a3bdac0f858 start=307353 end=307603 reason=queued-click-report
89341.096 [0] DBG_DIRECT_GW_TX_ACK_TRANSIT_WAIT dst=0x9999888877776666 src=0xea35f5b508104aae seq=1
89341.096 [0] DBG_CLICK_ACK_RX_ARM now=308397 slice=60 seq=1
89341.138 [0] DBG_UWB_RX_CH9
89341.138 [0] DBG_MESH_RX_QUEUED ch=9 msg=0x31 src=0xf6d3a3bdac0f858 dst=0xea35f5b508104aae prev=0xf6d3a3bdac0f858 seq=14 q=1
89341.138 [0] DBG_DIRECT_GW_ACK_TRANSIT queued=1 valid=1 dst=0xea35f5b508104aae seq=14
89341.138 [0] DBG_DIRECT_GW_TX_ACK_WAIT ret=0 seq=1
89341.138 [0] DBG_CLICK_ACK_RX now=308425 dms=29 seq=1
89341.138 [0] DBG_DIRECT_GW_KEEP_CH9_AWAKE q=1 seq=1 ack_ret=0 release_ret=0
89341.138 [0] DBG_COORD state=mesh-rx owner=report-tx reason=mesh-rx rx=1 tx=0 relay=1 route=0 ack=0 qack=0
89341.138 [0] DBG_MESH_RX_WORK_WAIT q=1
89341.138 [0] DBG_MESH_RX_WORK_ENTER q=1
89341.138 [0] DBG_MESH_RX_DRAIN_ENTER owner=work q=1
89341.138 [0] DBG_NEXT_HOP_CUSTODY type=0x20 src=0xea35f5b508104aae session=4079697034 seq=1 parent=0xf6d3a3bdac0f858 accepted=308426 now=30
89341.138 [0] DBG_MESH_RX_DRAIN_EXIT owner=work handled=1 q=0
89341.138 [0] DBG_MESH_RX_WORK_EXIT handled=1 q=0
89341.138 [0] DBG_COORD state=idle owner=uwb-rx reason=idle rx=0 tx=0 relay=0 route=0 ack=0 qack=0
89341.138 [0] DBG_ANCHOR_MESH_RX_YIELD reason=anchor-low-duty-ch5-owner ch9=0 delay=0 scan_int=380 scan_win=10 wait=0 q=0
89341.177 [0] DBG_STACK_RUN_BEGIN epoch=16284486061926904368 run=213 kind=anchor_scan owner=anchor_uwb_scan queue=0 custody=0 credit=0 retry=0 drain=0 src=16876665336513972910 dst=11068027678940948070 session=0 seq=0 type=48 sequence=0 previous=0 uptime=308447
89341.177 [0] DBG_STACK_SAMPLE_BEGIN epoch=16284486061926904368 run=213 sample=213 kind=anchor_scan owner=anchor_uwb_scan queue=0 custody=0 credit=0 retry=0 drain=0 src=16876665336513972910 dst=11068027678940948070 session=0 seq=0 type=48 uptime=308461
89341.177 [0] DBG_STACK_ISR_CONFIG size=8192 run=213 sample=213
89341.177 [0] DBG_STACK name=anchor_uwb_scan tid=0x2000ca08 used=7952 free=2032 size=9984 ret=0 run=213 sample=213
89341.177 [0] DBG_STACK name=mesh_route tid=0x2000b038 used=6976 free=2496 size=9472 ret=0 run=213 sample=213
89341.177 [0] DBG_STACK name=sysworkq tid=0x2000d980 used=772 free=4604 size=5376 ret=0 run=213 sample=213
89341.177 [0] DBG_STACK name=logging tid=0x2000cec0 used=544 free=1504 size=2048 ret=0 run=213 sample=213
89341.177 [0] DBG_STACK name=idle tid=0x2000d750 used=64 free=256 size=320 ret=0 run=213 sample=213
89341.209 [0] DBG_STACK_SAMPLE_END run=213 sample=213
89341.209 [0] DBG_STACK_RUN_END epoch=16284486061926904368 run=213 kind=anchor_scan owner=anchor_uwb_scan outcome=ack queue=0 custody=0 credit=0 retry=0 drain=0 src=16876665336513972910 dst=11068027678940948070 session=0 seq=0 type=48 samples=1 attempts=1 errors=0 last_error=0 mutex_drops=306 short_drops=2506 sequence=0 previous=0 uptime=308499
89341.209 [0] DBG_STACK_RUN_BEGIN epoch=16284486061926904368 run=214 kind=anchor_scan owner=anchor_uwb_scan queue=0 custody=0 credit=0 retry=0 drain=0 src=16876665336513972910 dst=11068027678940948070 session=0 seq=0 type=48 sequence=0 previous=0 uptime=308501
89341.209 [0] DBG_STACK_SAMPLE_BEGIN epoch=16284486061926904368 run=214 sample=214 kind=anchor_scan owner=anchor_uwb_scan queue=0 custody=0 credit=0 retry=0 drain=0 src=16876665336513972910 dst=11068027678940948070 session=0 seq=0 type=48 uptime=308502
89341.209 [0] DBG_STACK_ISR_CONFIG size=8192 run=214 sample=214
89341.209 [0] DBG_STACK name=anchor_uwb_scan tid=0x2000ca08 used=7952 free=2032 size=9984 ret=0 run=214 sample=214
89341.240 [0] DBG_STACK name=mesh_route tid=0x2000b038 used=6976 free=2496 size=9472 ret=0 run=214 sample=214
89341.240 [0] DBG_STACK name=sysworkq tid=0x2000d980 used=772 free=4604 size=5376 ret=0 run=214 sample=214
89341.240 [0] DBG_STACK name=logging tid=0x2000cec0 used=544 free=1504 size=2048 ret=0 run=214 sample=214
89341.240 [0] DBG_STACK name=idle tid=0x2000d750 used=64 free=256 size=320 ret=0 run=214 sample=214
89341.240 [0] DBG_STACK_SAMPLE_END run=214 sample=214
89341.240 [0] DBG_STACK_RUN_END epoch=16284486061926904368 run=214 kind=anchor_scan owner=anchor_uwb_scan outcome=ack queue=0 custody=0 credit=0 retry=0 drain=0 src=16876665336513972910 dst=11068027678940948070 session=0 seq=0 type=48 samples=1 attempts=1 errors=0 last_error=0 mutex_drops=306 short_drops=2506 sequence=0 previous=0 uptime=308533
89341.268 [0] DBG_STACK_RUN_END epoch=16284486061926904368 run=211 kind=cir_handling owner=anchor_uwb_scan outcome=ack queue=0 custody=0 credit=0 retry=0 drain=0 src=16876665336513972910 dst=11068027678940948070 session=4079697034 seq=1 type=32 samples=1 attempts=1 errors=0 last_error=0 mutex_drops=306 short_drops=2506 sequence=0 previous=0 uptime=308536
89341.395 [0] DBG_ANCHOR_CH5_SCAN_HANDLER role=2
89341.395 [0] DBG_DWM_INVALIDATE tag=configure_radio_from_reset active_phy=4 configured=1 awake=1
89341.427 [0] DBG_DWM_MARK_UNCONFIGURED tag=initialise_radio prev_phy=0
89341.427 [0] DBG_DWM_PHY_SWITCH from=4 to=2 fast=0 us=20782
89341.427 [0] DBG_DWM_CH5_RX_HUNT_START acq=10 complete=1000 cap=1020
89341.427 [0] DBG_DWM_CH5_RX_HUNT_EMPTY s=308733 e=308743 ret=-116 sys=00000000 phy=2 cfg=1 aw=1 unk=0
89341.427 [0] DBG_ANCHOR_CH5_SCAN_RESCHED ret=1 delay=380
89341.808 [0] DBG_ANCHOR_CH5_SCAN_HANDLER role=2
89341.849 [0] DBG_DWM_CH5_RX_HUNT_START acq=10 complete=1000 cap=1020
89341.849 [0] DBG_DWM_CH5_RX_ACTIVITY_EXTEND ret=0 status=0x00000100 complete=1000
89341.849 [0] DBG_DWM_CH5_RX_ACTIVITY_WAIT status=0x00000100 remain=1000
89341.849 [0] DBG_DWM_CH5_RX_ACTIVITY_DONE raw=51 payload=49 status=0x00006f00 rearm=0 extended=1
89341.849 [0] DBG_ANCHOR_CH5_SCAN_DONE ret=0 len=49 fail=0 pre=1 q=100 rx_us=13519 complete=1000
89341.849 [0] DBG_UWB_RX_CH5
89341.849 [0] DBG_ANCHOR_CH5_FRAME len=49 q=100 wake_ret=0
89341.849 [0] DBG_ANCHOR_ROUTE_WAKE_DISPATCH src=0x9699122bd60a64e3 evt=309543 attempt=1 flags=0x92 len=49 q=100
89341.849 [0] DBG_C5_CONTACT phase=closing state=4 peer=0x0f6d3a3bdac0f858 purpose=uplink reason=replace
89341.849 [0] DBG_C5_CONTACT phase=open state=2 peer=0x9699122bd60a64e3 purpose=route_solicit reason=wake-claim
89341.849 [0] DBG_C5_CONTACT phase=accepted state=2 peer=0x9699122bd60a64e3 purpose=route_solicit reason=wake-claim
89341.849 [0] DBG_ROUTE_ACTIVATION_LISTEN valid=0 now=309147 start=0 relay=0 listen=1269
89341.849 [0] DBG_ANCHOR_ROUTE_WAKE_HANDOFF src=0x9699122bd60a64e3 evt=309543 attempt=1 flags=0x92 embedded=0 hop=0 listen=1269
89341.849 [0] DBG_ROUTE_REPLY_LISTEN_START
89341.887 [0] DBG_DWM_PHY_SWITCH from=2 to=4 fast=0 us=20783
89341.887 [0] DBG_DWM_WAKE_MESH_CTRL_OK sfd=1033
89341.887 [0] DBG_ROUTE_REPLY_LISTEN_CONFIG ret=0 ext=1
89341.887 [0] DBG_DWM_INVALIDATE tag=configure_radio_from_reset active_phy=4 configured=1 awake=1
89341.887 [0] DBG_DWM_MARK_UNCONFIGURED tag=initialise_radio prev_phy=0
89341.933 [0] DBG_DWM_PHY_SWITCH from=4 to=2 fast=0 us=20844
89341.933 [0] DBG_DWM_CH5_RX_HUNT_START acq=61 complete=1000 cap=1020
89341.933 [0] DBG_DWM_CH5_RX_ACTIVITY_EXTEND ret=0 status=0x00000100 complete=1000
89341.933 [0] DBG_DWM_CH5_RX_ACTIVITY_WAIT status=0x00000100 remain=999
89341.933 [0] DBG_DWM_CH5_RX_ACTIVITY_DONE raw=51 payload=49 status=0x00006f00 rearm=0 extended=1
89341.933 [0] DBG_DWM_INVALIDATE tag=configure_radio_from_reset active_phy=2 configured=1 awake=1
89341.933 [0] DBG_DWM_MARK_UNCONFIGURED tag=initialise_radio prev_phy=0
89341.933 [0] DBG_DWM_PHY_SWITCH from=2 to=4 fast=0 us=20844
89341.933 [0] DBG_DWM_WAKE_MESH_CTRL_OK sfd=1033
89341.933 [0] DBG_ROUTE_REPLY_CLICK_PROBE_DONE duration_ms=50 outcome=restore ret=0
89341.933 [0] DBG_C5_RX_FAIL status=0x04000100 finfo=0x00000000 fail=2 phy=4 ch=5 plen=2 pac=0 txc=9 rxc=9 sfd=2 rate=0 phr=1 phrr=0 sfdto=1
89341.933 [0] DBG_DWM_INVALIDATE tag=configure_radio_from_reset active_phy=4 configured=1 awake=1
89341.972 [0] DBG_DWM_MARK_UNCONFIGURED tag=initialise_radio prev_phy=0
89341.972 [0] DBG_DWM_PHY_SWITCH from=4 to=2 fast=0 us=20844
89341.972 [0] DBG_DWM_CH5_RX_HUNT_START acq=61 complete=1000 cap=1020
89341.972 [0] DBG_DWM_CH5_RX_ACTIVITY_EXTEND ret=0 status=0x00000100 complete=1000
89341.972 [0] DBG_DWM_CH5_RX_ACTIVITY_WAIT status=0x00000100 remain=1000
89341.972 [0] DBG_DWM_CH5_RX_ACTIVITY_DONE raw=51 payload=49 status=0x00006f00 rearm=0 extended=1
89341.972 [0] DBG_DWM_INVALIDATE tag=configure_radio_from_reset active_phy=2 configured=1 awake=1
89341.972 [0] DBG_DWM_MARK_UNCONFIGURED tag=initialise_radio prev_phy=0
89341.972 [0] DBG_DWM_PHY_SWITCH from=2 to=4 fast=0 us=20813
89341.972 [0] DBG_DWM_WAKE_MESH_CTRL_OK sfd=1033
89341.972 [0] DBG_ROUTE_REPLY_CLICK_PROBE_DONE duration_ms=46 outcome=restore ret=0
89342.256 [0] DBG_ROUTE_REPLY_RX_FRAME
89342.256 [0] DBG_ROUTE_REPLY_DECODE_FAIL ret=-8 len=281 q=100
89342.319 [0] DBG_DWM_INVALIDATE tag=configure_radio_from_reset active_phy=4 configured=1 awake=1
89342.319 [0] DBG_DWM_MARK_UNCONFIGURED tag=initialise_radio prev_phy=0
89342.319 [0] DBG_DWM_PHY_SWITCH from=4 to=2 fast=0 us=21454
89342.319 [0] DBG_DWM_CH5_RX_HUNT_START acq=61 complete=1000 cap=1020
89342.319 [0] DBG_DWM_CH5_RX_ACTIVITY_EXTEND ret=0 status=0x00000100 complete=1000
89342.319 [0] DBG_DWM_CH5_RX_ACTIVITY_WAIT status=0x00000100 remain=1000
89342.364 [0] DBG_DWM_CH5_RX_ACTIVITY_DONE raw=51 payload=49 status=0x00006f00 rearm=0 extended=1
89342.364 [0] DBG_ROUTE_REPLY_CLICK_PROBE_CAPTURE evt=18022408 attempt=1 q=100
89342.364 [0] DBG_ROUTE_REPLY_CLICK_PROBE_DONE duration_ms=29 outcome=capture ret=0
89342.364 [0] DBG_ROUTE_REPLY_CLICK_PREEMPT_PROBE
89342.364 [0] DBG_C5_CONTACT phase=closing state=4 peer=0x9699122bd60a64e3 purpose=route_solicit reason=click-preempt
89342.364 [0] DBG_ANCHOR_CLICK_HANDOFF_QUEUED evt=18022408 attempt=1 ret=1
89342.364 [0] DBG_ANCHOR_CLICK_HANDOFF evt=18022408 attempt=1 handled=1 q=100
89342.364 [0] DBG_ANCHOR_ROUTE_WAKE_HANDOFF_DONE src=0x9699122bd60a64e3 embedded=0 ret=-11 pending=0
89342.364 [0] DBG_ANCHOR_ROUTE_WAKE_DISPATCH_DONE handled=1 len=49 q=100
89342.364 [0] DBG_ANCHOR_CH5_SCAN_RESCHED ret=1 delay=380
89342.364 [0] DBG_ANCHOR_CLICK_HANDOFF_START evt=18022408 attempt=1 rx=309639 q=100
89342.364 [0] DBG_ANCHOR_WAKE_ACCEPT clicker=0xc1c2306a5138ab2d evt=18022408 attempt=1 flags=0x20 disc_in=494 q=100
89342.364 [0] DBG_ANCHOR_CLICK_WINDOW active=1 flags=0x20
89342.364 [0] DBG_ANCHOR_DISC_WAIT now=309665 start=310133 deadline=311133 guard=8 listen=1008 phr=std
89342.364 [0] DBG_ANCHOR_DISC_CONFIG phr=std ret=0
89342.400 [0] DBG_ANCHOR_DISC_FRAME len=49 type=0x08 q=100 now=309690
89342.400 [0] DBG_ANCHOR_DISC_FRAME len=49 type=0x08 q=100 now=309697
89342.400 [0] DBG_ANCHOR_DISC_FRAME len=49 type=0x08 q=100 now=309703
89342.400 [0] DBG_ANCHOR_DISC_FRAME len=49 type=0x08 q=100 now=309710
89342.400 [0] DBG_ANCHOR_DISC_FRAME len=49 type=0x08 q=100 now=309716
89342.443 [0] DBG_ANCHOR_DISC_FRAME len=49 type=0x08 q=100 now=309722
89342.443 [0] DBG_ANCHOR_DISC_FRAME len=49 type=0x08 q=100 now=309729
89342.443 [0] DBG_ANCHOR_DISC_FRAME len=49 type=0x08 q=100 now=309735
89342.443 [0] DBG_ANCHOR_DISC_FRAME len=49 type=0x08 q=100 now=309742
89342.443 [0] DBG_ANCHOR_DISC_FRAME len=49 type=0x08 q=100 now=309748
89342.443 [0] DBG_ANCHOR_DISC_FRAME len=49 type=0x08 q=100 now=309755
89342.486 [0] DBG_ANCHOR_DISC_FRAME len=49 type=0x08 q=100 now=309761
89342.486 [0] DBG_ANCHOR_DISC_FRAME len=49 type=0x08 q=100 now=309768
89342.486 [0] DBG_ANCHOR_DISC_FRAME len=49 type=0x08 q=100 now=309774
89342.486 [0] DBG_ANCHOR_DISC_FRAME len=49 type=0x08 q=100 now=309781
89342.486 [0] DBG_ANCHOR_DISC_FRAME len=49 type=0x08 q=100 now=309787
89342.486 [0] DBG_ANCHOR_DISC_FRAME len=49 type=0x08 q=100 now=309793
89342.486 [0] DBG_ANCHOR_DISC_FRAME len=49 type=0x08 q=100 now=309800
89342.527 [0] DBG_ANCHOR_DISC_FRAME len=49 type=0x08 q=100 now=309806
89342.527 [0] DBG_ANCHOR_DISC_FRAME len=49 type=0x08 q=100 now=309813
89342.527 [0] DBG_ANCHOR_DISC_FRAME len=49 type=0x08 q=100 now=309819
89342.527 [0] DBG_ANCHOR_DISC_FRAME len=49 type=0x08 q=100 now=309825
89342.527 [0] DBG_ANCHOR_DISC_FRAME len=49 type=0x08 q=100 now=309832
89342.527 [0] DBG_ANCHOR_DISC_FRAME len=49 type=0x08 q=100 now=309838
89342.568 [0] DBG_ANCHOR_DISC_FRAME len=49 type=0x08 q=100 now=309845
89342.568 [0] DBG_ANCHOR_DISC_FRAME len=49 type=0x08 q=100 now=309851
89342.568 [0] DBG_ANCHOR_DISC_FRAME len=49 type=0x08 q=100 now=309857
89342.568 [0] DBG_ANCHOR_DISC_FRAME len=49 type=0x08 q=100 now=309864
89342.568 [0] DBG_ANCHOR_DISC_FRAME len=49 type=0x08 q=100 now=309870
89342.568 [0] DBG_ANCHOR_DISC_FRAME len=49 type=0x08 q=100 now=309877
89342.568 [0] DBG_ANCHOR_DISC_FRAME len=49 type=0x08 q=100 now=309883
89342.610 [0] DBG_ANCHOR_DISC_FRAME len=49 type=0x08 q=100 now=309890
89342.610 [0] DBG_ANCHOR_DISC_FRAME len=49 type=0x08 q=100 now=309896
89342.610 [0] DBG_ANCHOR_DISC_FRAME len=49 type=0x08 q=100 now=309902
89342.610 [0] DBG_ANCHOR_DISC_FRAME len=49 type=0x08 q=100 now=309909
89342.610 [0] DBG_ANCHOR_DISC_FRAME len=49 type=0x08 q=100 now=309915
89342.610 [0] DBG_ANCHOR_DISC_FRAME len=49 type=0x08 q=100 now=309922
89342.653 [0] DBG_ANCHOR_DISC_FRAME len=49 type=0x08 q=100 now=309928
89342.653 [0] DBG_ANCHOR_DISC_FRAME len=49 type=0x08 q=100 now=309935
89342.653 [0] DBG_ANCHOR_DISC_FRAME len=49 type=0x08 q=100 now=309941
89342.653 [0] DBG_ANCHOR_DISC_FRAME len=49 type=0x08 q=100 now=309948
89342.653 [0] DBG_ANCHOR_DISC_FRAME len=49 type=0x08 q=100 now=309954
89342.653 [0] DBG_ANCHOR_DISC_FRAME len=49 type=0x08 q=100 now=309961
89342.653 [0] DBG_ANCHOR_DISC_FRAME len=49 type=0x08 q=100 now=309967
89342.696 [0] DBG_ANCHOR_DISC_FRAME len=49 type=0x08 q=100 now=309974
89342.696 [0] DBG_ANCHOR_DISC_FRAME len=49 type=0x08 q=100 now=309980
89342.696 [0] DBG_ANCHOR_DISC_FRAME len=49 type=0x08 q=100 now=309987
89342.696 [0] DBG_ANCHOR_DISC_FRAME len=49 type=0x08 q=100 now=309993
89342.696 [0] DBG_ANCHOR_DISC_FRAME len=49 type=0x08 q=100 now=309999
89342.696 [0] DBG_ANCHOR_DISC_FRAME len=49 type=0x08 q=100 now=310006
89342.696 [0] DBG_ANCHOR_DISC_FRAME len=49 type=0x08 q=100 now=310012
89342.743 [0] DBG_ANCHOR_DISC_FRAME len=49 type=0x08 q=100 now=310019
89342.743 [0] DBG_ANCHOR_DISC_FRAME len=49 type=0x08 q=100 now=310025
89342.743 [0] DBG_ANCHOR_DISC_FRAME len=49 type=0x08 q=100 now=310031
89342.743 [0] DBG_ANCHOR_DISC_FRAME len=49 type=0x08 q=100 now=310038
89342.743 [0] DBG_STACK_RUN_BEGIN epoch=16284486061926904368 run=215 kind=anchor_scan owner=anchor_uwb_scan queue=0 custody=0 credit=0 retry=0 drain=0 src=16876665336513972910 dst=11068027678940948070 session=0 seq=0 type=48 sequence=0 previous=0 uptime=310042
89342.743 [0] DBG_STACK_SAMPLE_BEGIN epoch=16284486061926904368 run=215 sample=215 kind=anchor_scan owner=anchor_uwb_scan queue=0 custody=0 credit=0 retry=0 drain=0 src=16876665336513972910 dst=11068027678940948070 session=0 seq=0 type=48 uptime=310042
89342.743 [0] DBG_STACK_ISR_CONFIG size=8192 run=215 sample=215
89342.743 [0] DBG_STACK name=anchor_uwb_scan tid=0x2000ca08 used=7952 free=2032 size=9984 ret=0 run=215 sample=215
89342.743 [0] DBG_STACK name=mesh_route tid=0x2000b038 used=6976 free=2496 size=9472 ret=0 run=215 sample=215
89342.790 [0] DBG_STACK name=sysworkq tid=0x2000d980 used=772 free=4604 size=5376 ret=0 run=215 sample=215
89342.790 [0] DBG_STACK name=logging tid=0x2000cec0 used=544 free=1504 size=2048 ret=0 run=215 sample=215
89342.790 [0] DBG_STACK name=idle tid=0x2000d750 used=64 free=256 size=320 ret=0 run=215 sample=215
89342.790 [0] DBG_STACK_SAMPLE_END run=215 sample=215
89342.790 [0] DBG_STACK_RUN_END epoch=16284486061926904368 run=215 kind=anchor_scan owner=anchor_uwb_scan outcome=ack queue=0 custody=0 credit=0 retry=0 drain=0 src=16876665336513972910 dst=11068027678940948070 session=0 seq=0 type=48 samples=1 attempts=1 errors=0 last_error=0 mutex_drops=310 short_drops=2512 sequence=0 previous=0 uptime=310066
89342.790 [0] DBG_ANCHOR_DISC_FRAME len=49 type=0x08 q=100 now=310070
89342.790 [0] DBG_ANCHOR_DISC_FRAME len=49 type=0x08 q=100 now=310077
89342.790 [0] DBG_ANCHOR_DISC_FRAME len=49 type=0x08 q=100 now=310083
89342.790 [0] DBG_ANCHOR_DISC_FRAME len=49 type=0x08 q=100 now=310090
89342.790 [0] DBG_ANCHOR_DISC_FRAME len=49 type=0x08 q=100 now=310096
89342.790 [0] DBG_ANCHOR_DISC_FRAME len=49 type=0x08 q=100 now=310103
89342.854 [0] DBG_ANCHOR_DISC_FRAME len=32 type=0x09 q=100 now=310144
89342.854 [0] DBG_ANCHOR_DISC_DECODE evt=18022408 attempt=1 slots=50 flags=0x20
89342.854 [0] DBG_ANCHOR_DISC_REPLY_ARM evt=18022408 attempt=1 slot=1 state=1
89342.854 [0] DBG_ANCHOR_DISC_REPLY_TX evt=18022408 attempt=1 slot=1 ret=0
89342.944 [1] [00:05:09.238,189] <wrn> app_mesh_report: mesh route reply RX failed: target=0x9699122bd60a64e3 ret=-5 rx_failure=2 reason=anchor-route-wake-followup
89342.944 [1] [00:05:09.285,980] <wrn> app_mesh_report: mesh route reply RX failed: target=0x9699122bd60a64e3 ret=-5 rx_failure=4 reason=anchor-route-wake-followup
89343.534 [0] DBG_ANCHOR_CH5_HOLD_DONE deadline=310841 now=310842 frames=3 errors=0 deferred=0
89343.534 [0] DBG_DS_SAMPLE_ARM evt=18022408 attempt=1 sample=2/12 round=0 seq=2 target_us=310851000 start=310841 now=310842 deadline=310894
89343.534 [0] DBG_DS_RESP stage=arm evt=18022408 seq=2 round=0 now=310842 timeout=52
89343.569 [0] DBG_DS_RESP stage=resp-armed now=310859 seq=2 round=0 tx_time=0x121e22bc resp_tx=0x1e22fbd9
89343.569 [0] DBG_DS_RESP stage=resp-raw poll_rx=0xffaaafe6 q=100 reply_uus=8000
89343.569 [0] DBG_DS_RESP stage=final-decode status=0 now=310876 seq=2 round=0 final_rx=0x3c9b456b
89343.638 [0] DBG_ANCHOR_CH5_HOLD_DONE deadline=310940 now=310940 frames=6 errors=0 deferred=0
89343.638 [0] DBG_DS_SAMPLE_ARM evt=18022408 attempt=1 sample=5/12 round=1 seq=3 target_us=310950000 start=310940 now=310941 deadline=310993
89343.638 [0] DBG_DS_RESP stage=arm evt=18022408 seq=3 round=1 now=310941 timeout=52
89343.676 [0] DBG_DS_RESP stage=resp-armed now=310958 seq=3 round=1 tx_time=0x139789d0 resp_tx=0x978a0fd9
89343.676 [0] DBG_DS_RESP stage=resp-raw poll_rx=0x7911c441 q=100 reply_uus=8000
89343.676 [0] DBG_DS_RESP stage=final-decode status=0 now=310975 seq=3 round=1 final_rx=0xb60259d2
89343.746 [0] DBG_ANCHOR_CH5_HOLD_DONE deadline=311039 now=311040 frames=6 errors=0 deferred=0
89343.746 [0] DBG_DS_SAMPLE_ARM evt=18022408 attempt=1 sample=8/12 round=2 seq=4 target_us=311049000 start=311039 now=311040 deadline=311092
89343.746 [0] DBG_DS_RESP stage=arm evt=18022408 seq=4 round=2 now=311040 timeout=52
89343.746 [0] DBG_DS_RESP stage=resp-armed now=311057 seq=4 round=2 tx_time=0x15114fd5 resp_tx=0x115013d9
89343.746 [0] DBG_DS_RESP stage=resp-raw poll_rx=0xf2d7c8b1 q=100 reply_uus=8000
89343.780 [0] DBG_DS_RESP stage=final-decode status=0 now=311074 seq=4 round=2 final_rx=0x2fc85e45
89343.854 [0] DBG_ANCHOR_CH5_HOLD_DONE deadline=311138 now=311139 frames=6 errors=0 deferred=0
89343.854 [0] DBG_DS_SAMPLE_ARM evt=18022408 attempt=1 sample=11/12 round=3 seq=5 target_us=311148000 start=311138 now=311139 deadline=31119
89343.854 [0] DBG_DS_RESP stage=arm evt=18022408 seq=5 round=3 now=311139 timeout=52
89343.854 [0] DBG_DS_RESP stage=resp-armed now=311156 seq=5 round=3 tx_time=0x168a73b1 resp_tx=0x8a73efd9
89343.854 [0] DBG_DS_RESP stage=resp-raw poll_rx=0x6bfba516 q=100 reply_uus=8000
89343.895 [0] DBG_DS_RESP stage=final-decode status=0 now=311173 seq=5 round=3 final_rx=0xa8ec3a9a
89343.895 [0] DBG_CLICK_LISTEN start=311258 until=311608 n=3
89343.895 [0] DBG_CLICK_REPORT_QUEUED now=311175 window=311258 k=1 earliest=311308 n=3
89343.895 [0] DBG_ANCHOR_CH5_SCAN_RESCHED ret=1 delay=380
89343.895 [0] DBG_ANCHOR_CLICK_HANDOFF_DONE evt=18022408 attempt=1 handled=1 deferred=0
89343.895 [0] DBG_COORD state=mesh-tx owner=report-tx reason=mesh-tx rx=0 tx=1 relay=0 route=0 ack=0 qack=0
89343.895 [0] DBG_REPORT_TX_SLOT_WAIT now=311177 earliest=311308 delay=101 seq=1
89343.895 [0] DBG_ANCHOR_CH5_SCAN_HANDLER role=2
89343.895 [0] DBG_ANCHOR_CH5_SCAN_ARM now=311178 win=10 complete=15 interval=380 wait=0 tx=0 response=0
89343.895 [0] DBG_DWM_CH5_RX_HUNT_START acq=10 complete=1000 cap=1020
89343.895 [0] DBG_DWM_CH5_RX_ACTIVITY_EXTEND ret=0 status=0x00000100 complete=1000
89343.895 [0] DBG_DWM_CH5_RX_ACTIVITY_WAIT status=0x00000100 remain=1000
89343.895 [0] DBG_DWM_CH5_RX_ACTIVITY_DONE raw=52 payload=50 status=0x00006f00 rearm=0 extended=1
89343.895 [0] DBG_ANCHOR_CH5_SCAN_DONE ret=0 len=50 fail=0 pre=1 q=100 rx_us=11962 complete=1000
89343.895 [0] DBG_UWB_RX_CH5
89343.895 [0] DBG_ANCHOR_CH5_FRAME len=50 q=100 wake_ret=-8
89343.968 [0] DBG_CLICK_SLOT_TX now=311278 due=311308 window=311258 k=1 n=3 seq=1
89343.968 [0] DBG_UPLINK_NEXT_HOP next=0xf6d3a3bdac0f858 depth=1 participant=1 wake=0
89343.968 [0] DBG_UPLINK_TX msg=20 seq=1 next=0xf6d3a3bdac0f858 wake=0 reason=queued-click-report
89344.009 [0] DBG_DWM_INVALIDATE tag=configure_radio_from_reset active_phy=2 configured=1 awake=1
89344.009 [0] DBG_ANCHOR_CH5_SCAN_HANDLER role=2
89344.009 [0] DBG_ANCHOR_CH5_SCAN_BLOCKED win=0 tx=1 retry_gap=0 flood=0 wait=0 rx=0 rxq=0 rxr=0 ack=0 ch9=0 rf=1 retry=20 interval=380
89344.009 [0] DBG_SCAN_SKIPPED reason=blocked
89344.009 [0] DBG_ANCHOR_CH5_SCAN_RESCHED ret=1 delay=20
89344.009 [0] DBG_DWM_MARK_UNCONFIGURED tag=initialise_radio prev_phy=0
89344.009 [0] DBG_DWM_PHY_SWITCH from=2 to=4 fast=0 us=20874
89344.009 [0] DBG_DWM_WAKE_MESH_CTRL_OK sfd=1033
89344.009 [0] DBG_DIRECT_GW_TX_CONFIG ret=0 now=311310 seq=1
89344.009 [0] DBG_CH9_TX_SEND_AT now=311311 earliest=311308 msg=20 len=281
89344.009 [0] DBG_CH9_TX_DONE now=311318 dur=6 len=281 msg=20
89344.009 [0] DBG_UWB_TX_CH5
89344.009 [0] DBG_CLICK_TX_DONE now=311318 seq=1
89344.009 [0] DBG_CH9_TX_SINGLE_SEND_OK
89344.009 [0] DBG_CH9_EVENT_STATE state=complete peer=0x0f6d3a3bdac0f858 start=311284 end=311534 reason=queued-click-report
89344.009 [0] DBG_DIRECT_GW_TX_ACK_TRANSIT_WAIT dst=0x9999888877776666 src=0xea35f5b508104aae seq=1
89344.009 [0] DBG_CLICK_ACK_RX_ARM now=311318 slice=60 seq=1
89344.009 [0] DBG_ANCHOR_CH5_SCAN_HANDLER role=2
89344.047 [0] DBG_SCAN_SKIPPED reason=blocked
89344.047 [0] DBG_ANCHOR_CH5_SCAN_HANDLER role=2
89344.047 [0] DBG_DWM_WAKE_MESH_CTRL_OK sfd=1033
89344.047 [0] DBG_DWM_CH5_RX_HUNT_START acq=25 complete=15 cap=1020
89344.047 [0] DBG_DWM_CH5_RX_ACTIVITY_EXTEND ret=0 status=0x00001700 complete=15
89344.047 [0] DBG_DWM_CH5_RX_ACTIVITY_REARM status=0x00001700 fail=4 remain=14 rearm=1
89344.047 [0] DBG_DWM_CH5_RX_ACTIVITY_WAIT status=0x00000100 remain=12
89344.047 [0] DBG_DWM_CH5_RX_ACTIVITY_REARM status=0x04000100 fail=2 remain=11 rearm=2
89344.047 [0] DBG_DWM_CH5_RX_ACTIVITY_WAIT status=0x00000100 remain=10
89344.047 [0] DBG_DWM_CH5_RX_ACTIVITY_REARM status=0x04000100 fail=2 remain=9 rearm=3
89344.087 [0] DBG_DWM_CH5_RX_ACTIVITY_FAIL ret=-116 status=0x00000000 last=0x00000000 fail=2 activity=1 rearm=3
89344.087 [0] DBG_DWM_INVALIDATE tag=configure_radio_from_reset active_phy=4 configured=1 awake=1
89344.087 [0] DBG_UWB_RX_COORD_DEFER state=mesh-tx reason=mesh-tx route=0 q=0
89344.087 [0] DBG_DWM_MARK_UNCONFIGURED tag=initialise_radio prev_phy=0
89344.087 [0] DBG_DWM_PHY_SWITCH from=4 to=2 fast=0 us=20843
89344.087 [0] DBG_DWM_CH5_RX_HUNT_START acq=61 complete=1000 cap=1020
89344.087 [0] DBG_DWM_CH5_RX_ACTIVITY_EXTEND ret=0 status=0x00000100 complete=1000
89344.087 [0] DBG_DWM_CH5_RX_ACTIVITY_WAIT status=0x00000100 remain=1000
89344.128 [0] DBG_DWM_CH5_RX_ACTIVITY_DONE raw=51 payload=49 status=0x00006f00 rearm=0 extended=1
89344.128 [0] DBG_DWM_INVALIDATE tag=configure_radio_from_reset active_phy=2 configured=1 awake=1
89344.128 [0] DBG_DWM_MARK_UNCONFIGURED tag=initialise_radio prev_phy=0
89344.128 [0] DBG_DWM_PHY_SWITCH from=2 to=4 fast=0 us=20813
89344.128 [0] DBG_DWM_WAKE_MESH_CTRL_OK sfd=1033
89344.128 [0] DBG_PROTOCOL_RX_CLICK_PROBE_DONE duration_ms=55 outcome=miss ret=0
89344.128 [0] DBG_ANCHOR_CH5_SCAN_DONE ret=-5 len=49 fail=2 pre=1 q=100 rx_us=25000 complete=15
89344.128 [0] DBG_ANCHOR_CH5_ACTIVITY_COOLDOWN ret=-5 fail=2 reason=sfd_timeout rx_us=25000 cooldown=100
89344.128 [0] DBG_ANCHOR_CH5_SCAN_RESCHED ret=2 delay=0
89344.128 [0] DBG_ANCHOR_CH5_SCAN_HANDLER role=2
89344.128 [0] DBG_DWM_CH5_RX_HUNT_START acq=25 complete=15 cap=1020
89344.128 [0] DBG_DWM_CH5_RX_ACTIVITY_EXTEND ret=0 status=0x00000100 complete=15
89344.128 [0] DBG_DWM_CH5_RX_ACTIVITY_WAIT status=0x00000100 remain=15
89344.128 [0] DBG_UWB_RX_COORD_DEFER state=mesh-tx reason=mesh-tx route=0 q=0
89344.128 [0] DBG_DWM_CH5_RX_ACTIVITY_REARM status=0x04000100 fail=2 remain=14 rearm=1
89344.128 [0] DBG_DWM_CH5_RX_ACTIVITY_WAIT status=0x00000100 remain=13
89344.175 [0] DBG_DWM_MARK_UNCONFIGURED tag=initialise_radio prev_phy=0
89344.175 [0] DBG_DWM_PHY_SWITCH from=4 to=2 fast=0 us=20813
89344.175 [0] DBG_DWM_CH5_RX_HUNT_START acq=61 complete=1000 cap=1020
89344.175 [0] DBG_DWM_CH5_RX_ACTIVITY_EXTEND ret=0 status=0x00000100 complete=1000
89344.175 [0] DBG_DWM_CH5_RX_ACTIVITY_WAIT status=0x00000100 remain=1000
89344.175 [0] DBG_DWM_CH5_RX_ACTIVITY_DONE raw=51 payload=49 status=0x00006f00 rearm=0 extended=1
89344.175 [0] DBG_DWM_INVALIDATE tag=configure_radio_from_reset active_phy=2 configured=1 awake=1
89344.175 [0] DBG_UWB_RX_COORD_DEFER state=mesh-tx reason=mesh-tx route=0 q=0
89344.215 [0] DBG_DWM_MARK_UNCONFIGURED tag=initialise_radio prev_phy=0
89344.215 [0] DBG_DWM_PHY_SWITCH from=2 to=4 fast=0 us=20843
89344.215 [0] DBG_DWM_WAKE_MESH_CTRL_OK sfd=1033
89344.215 [0] DBG_PROTOCOL_RX_CLICK_PROBE_DONE duration_ms=52 outcome=miss ret=0
89344.215 [0] DBG_ANCHOR_CH5_SCAN_DONE ret=-5 len=49 fail=2 pre=1 q=100 rx_us=25000 complete=15
89344.215 [0] DBG_ANCHOR_CH5_ACTIVITY_COOLDOWN ret=-5 fail=2 reason=sfd_timeout rx_us=25000 cooldown=100
89344.215 [0] DBG_ANCHOR_CH5_SCAN_RESCHED ret=2 delay=0
89344.215 [0] DBG_ANCHOR_CH5_SCAN_HANDLER role=2
89344.215 [0] DBG_DWM_CH5_RX_HUNT_START acq=25 complete=15 cap=1020
89344.215 [0] DBG_DWM_CH5_RX_ACTIVITY_EXTEND ret=0 status=0x00000100 complete=15
89344.215 [0] DBG_DWM_CH5_RX_ACTIVITY_WAIT status=0x00000100 remain=15
89344.215 [0] DBG_DWM_CH5_RX_ACTIVITY_REARM status=0x04000100 fail=2 remain=14 rearm=1
89344.215 [0] DBG_DWM_CH5_RX_ACTIVITY_WAIT status=0x00000100 remain=13
89344.215 [0] DBG_DWM_CH5_RX_ACTIVITY_REARM status=0x04000100 fail=2 remain=12 rearm=2
89344.215 [0] DBG_DWM_CH5_RX_ACTIVITY_REARM status=0x00001700 fail=4 remain=11 rearm=3
89344.215 [0] DBG_DWM_CH5_RX_ACTIVITY_FAIL ret=-116 status=0x00000000 last=0x00000000 fail=4 activity=1 rearm=3
89344.259 [0] DBG_DWM_PHY_SWITCH from=4 to=2 fast=0 us=20996
89344.259 [0] DBG_DWM_CH5_RX_HUNT_START acq=61 complete=1000 cap=1020
89344.259 [0] DBG_DWM_CH5_RX_ACTIVITY_EXTEND ret=0 status=0x00000100 complete=1000
89344.259 [0] DBG_DWM_CH5_RX_ACTIVITY_WAIT status=0x00000100 remain=1000
89344.259 [0] DBG_DWM_CH5_RX_ACTIVITY_DONE raw=51 payload=49 status=0x00006f00 rearm=0 extended=1
89344.259 [0] DBG_DWM_INVALIDATE tag=configure_radio_from_reset active_phy=2 configured=1 awake=1
89344.259 [0] DBG_DWM_MARK_UNCONFIGURED tag=initialise_radio prev_phy=0
89344.259 [0] DBG_DWM_PHY_SWITCH from=2 to=4 fast=0 us=20813
89344.259 [0] DBG_DWM_WAKE_MESH_CTRL_OK sfd=1033
89344.259 [0] DBG_PROTOCOL_RX_CLICK_PROBE_DONE duration_ms=52 outcome=miss ret=0
89344.259 [0] DBG_ANCHOR_CH5_SCAN_DONE ret=-5 len=49 fail=4 pre=1 q=100 rx_us=25000 complete=15
89344.259 [0] DBG_ANCHOR_CH5_ACTIVITY_COOLDOWN ret=-5 fail=4 reason=crc_failure rx_us=25000 cooldown=100
89344.259 [0] DBG_ANCHOR_CH5_SCAN_RESCHED ret=2 delay=0
89344.259 [0] DBG_ANCHOR_CH5_SCAN_HANDLER role=2
89344.305 [0] DBG_DWM_CH5_RX_HUNT_START acq=25 complete=15 cap=1020
89344.305 [0] DBG_DWM_CH5_RX_ACTIVITY_EXTEND ret=0 status=0x00000100 complete=15
89344.305 [0] DBG_UWB_RX_COORD_DEFER state=mesh-tx reason=mesh-tx route=0 q=0
89344.305 [0] DBG_DWM_CH5_RX_ACTIVITY_FAIL ret=-116 status=0x00000000 last=0x00000000 fail=4 activity=1 rearm=3
89344.305 [0] DBG_DWM_INVALIDATE tag=configure_radio_from_reset active_phy=4 configured=1 awake=1
89344.305 [0] DBG_DWM_MARK_UNCONFIGURED tag=initialise_radio prev_phy=0
89344.305 [0] DBG_DWM_PHY_SWITCH from=4 to=2 fast=0 us=20813
89344.305 [0] DBG_DWM_CH5_RX_HUNT_START acq=61 complete=1000 cap=1020
89344.305 [0] DBG_DWM_CH5_RX_ACTIVITY_EXTEND ret=0 status=0x00000100 complete=1000
89344.305 [0] DBG_DWM_CH5_RX_ACTIVITY_WAIT status=0x00000100 remain=1000
89344.357 [0] DBG_DWM_CH5_RX_ACTIVITY_DONE raw=51 payload=49 status=0x00006f00 rearm=0 extended=1
89344.357 [0] DBG_DWM_INVALIDATE tag=configure_radio_from_reset active_phy=2 configured=1 awake=1
89344.357 [0] DBG_UWB_RX_COORD_DEFER state=mesh-tx reason=mesh-tx route=0 q=0
89344.357 [0] DBG_DWM_MARK_UNCONFIGURED tag=initialise_radio prev_phy=0
89344.357 [0] DBG_DWM_PHY_SWITCH from=2 to=4 fast=0 us=21179
89344.357 [0] DBG_DWM_WAKE_MESH_CTRL_OK sfd=1033
89344.357 [0] DBG_PROTOCOL_RX_CLICK_PROBE_DONE duration_ms=54 outcome=miss ret=0
89344.357 [0] DBG_ANCHOR_CH5_SCAN_DONE ret=-5 len=49 fail=4 pre=1 q=100 rx_us=25000 complete=15
89344.357 [0] DBG_ANCHOR_CH5_ACTIVITY_COOLDOWN ret=-5 fail=4 reason=crc_failure rx_us=25000 cooldown=100
89344.357 [0] DBG_ANCHOR_CH5_SCAN_RESCHED ret=1 delay=100
89344.395 [0] DBG_UWB_RX_COORD_DEFER state=mesh-tx reason=mesh-tx route=0 q=0
89344.434 [0] DBG_UWB_RX_COORD_DEFER state=mesh-tx reason=mesh-tx route=0 q=0
89344.434 [0] DBG_ANCHOR_CH5_SCAN_HANDLER role=2
89344.434 [0] DBG_DWM_INVALIDATE tag=configure_radio_from_reset active_phy=4 configured=1 awake=1
89344.471 [0] DBG_DWM_MARK_UNCONFIGURED tag=initialise_radio prev_phy=0
89344.471 [0] DBG_DWM_PHY_SWITCH from=4 to=2 fast=0 us=20935
89344.471 [0] DBG_DWM_CH5_RX_HUNT_START acq=10 complete=1000 cap=1020
89344.471 [0] DBG_DWM_CH5_RX_ACTIVITY_EXTEND ret=0 status=0x00000100 complete=1000
89344.471 [0] DBG_DWM_CH5_RX_ACTIVITY_WAIT status=0x00000100 remain=1000
89344.471 [0] DBG_DWM_CH5_RX_ACTIVITY_DONE raw=51 payload=49 status=0x00006f00 rearm=0 extended=1
89344.471 [0] DBG_ANCHOR_CH5_SCAN_DONE ret=0 len=49 fail=0 pre=1 q=100 rx_us=10000 complete=1000
89344.471 [0] DBG_UWB_RX_CH5
89344.471 [0] DBG_ANCHOR_CH5_FRAME len=49 q=100 wake_ret=0
89344.471 [0] DBG_ANCHOR_ROUTE_WAKE_DISPATCH src=0x9699122bd60a64e3 evt=312026 attempt=1 flags=0x92 len=49 q=100
89344.471 [0] DBG_C5_CONTACT phase=open state=2 peer=0x9699122bd60a64e3 purpose=route_solicit reason=wake-claim
89344.471 [0] DBG_C5_CONTACT phase=accepted state=2 peer=0x9699122bd60a64e3 purpose=route_solicit reason=wake-claim
89344.471 [0] DBG_ROUTE_ACTIVATION_LISTEN valid=0 now=311771 start=0 relay=0 listen=1487
89344.471 [0] DBG_ANCHOR_ROUTE_WAKE_HANDOFF src=0x9699122bd60a64e3 evt=312026 attempt=1 flags=0x92 embedded=0 hop=0 listen=1487
89344.512 [0] DBG_DWM_PHY_SWITCH from=2 to=4 fast=0 us=20782
89344.512 [0] DBG_DWM_WAKE_MESH_CTRL_OK sfd=1033
89344.512 [0] DBG_ROUTE_REPLY_LISTEN_CONFIG ret=0 ext=1
89344.512 [0] DBG_DWM_INVALIDATE tag=configure_radio_from_reset active_phy=4 configured=1 awake=1
89344.512 [0] DBG_DWM_MARK_UNCONFIGURED tag=initialise_radio prev_phy=0
89344.512 [0] DBG_DWM_PHY_SWITCH from=4 to=2 fast=0 us=20782
89344.512 [0] DBG_DWM_CH5_RX_HUNT_START acq=61 complete=1000 cap=1020
89344.512 [0] DBG_DWM_CH5_RX_ACTIVITY_EXTEND ret=0 status=0x00000100 complete=1000
89344.512 [0] DBG_DWM_CH5_RX_ACTIVITY_WAIT status=0x00000100 remain=1000
89344.553 [0] DBG_DWM_CH5_RX_ACTIVITY_DONE raw=51 payload=49 status=0x00006f00 rearm=0 extended=1
89344.553 [0] DBG_DWM_INVALIDATE tag=configure_radio_from_reset active_phy=2 configured=1 awake=1
89344.553 [0] DBG_DWM_MARK_UNCONFIGURED tag=initialise_radio prev_phy=0
89344.553 [0] DBG_DWM_PHY_SWITCH from=2 to=4 fast=0 us=20813
89344.553 [0] DBG_DWM_WAKE_MESH_CTRL_OK sfd=1033
89344.553 [0] DBG_ROUTE_REPLY_CLICK_PROBE_DONE duration_ms=49 outcome=restore ret=0
89344.553 [0] DBG_C5_RX_FAIL status=0x04000100 finfo=0x00000000 fail=2 phy=4 ch=5 plen=2 pac=0 txc=9 rxc=9 sfd=2 rate=0 phr=1 phrr=0 sfdto=1
89344.553 [0] DBG_DWM_INVALIDATE tag=configure_radio_from_reset active_phy=4 configured=1 awake=1
89344.593 [0] DBG_DWM_MARK_UNCONFIGURED tag=initialise_radio prev_phy=0
89344.593 [0] DBG_DWM_PHY_SWITCH from=4 to=2 fast=0 us=20813
89344.593 [0] DBG_DWM_CH5_RX_HUNT_START acq=61 complete=1000 cap=1020
89344.593 [0] DBG_DWM_CH5_RX_ACTIVITY_EXTEND ret=0 status=0x00000100 complete=1000
89344.593 [0] DBG_DWM_CH5_RX_ACTIVITY_WAIT status=0x00000100 remain=1000
89344.593 [0] DBG_DWM_CH5_RX_ACTIVITY_DONE raw=51 payload=49 status=0x00006f00 rearm=0 extended=1
89344.593 [0] DBG_DWM_INVALIDATE tag=configure_radio_from_reset active_phy=2 configured=1 awake=1
89344.593 [0] DBG_DWM_MARK_UNCONFIGURED tag=initialise_radio prev_phy=0
89344.593 [0] DBG_DWM_PHY_SWITCH from=2 to=4 fast=0 us=20935
89344.593 [0] DBG_DWM_WAKE_MESH_CTRL_OK sfd=1033
89344.593 [0] DBG_ROUTE_REPLY_CLICK_PROBE_DONE duration_ms=47 outcome=restore ret=0
89344.593 [0] DBG_DWM_INVALIDATE tag=configure_radio_from_reset active_phy=4 configured=1 awake=1
89344.633 [0] DBG_DWM_MARK_UNCONFIGURED tag=initialise_radio prev_phy=0
89344.633 [0] DBG_DWM_PHY_SWITCH from=4 to=2 fast=0 us=20966
89344.633 [0] DBG_DWM_CH5_RX_HUNT_START acq=61 complete=1000 cap=1020
89344.633 [0] DBG_DWM_CH5_RX_ACTIVITY_EXTEND ret=0 status=0x00000100 complete=1000
89344.633 [0] DBG_DWM_CH5_RX_ACTIVITY_WAIT status=0x00000100 remain=1000
89344.633 [0] DBG_DWM_CH5_RX_ACTIVITY_DONE raw=51 payload=49 status=0x00006f00 rearm=0 extended=1
89344.633 [0] DBG_DWM_INVALIDATE tag=configure_radio_from_reset active_phy=2 configured=1 awake=1
89344.693 [0] DBG_DWM_MARK_UNCONFIGURED tag=initialise_radio prev_phy=0
89344.693 [0] DBG_DWM_PHY_SWITCH from=2 to=4 fast=0 us=20843
89344.693 [0] DBG_DWM_WAKE_MESH_CTRL_OK sfd=1033
89344.693 [0] DBG_ROUTE_REPLY_CLICK_PROBE_DONE duration_ms=50 outcome=restore ret=0
89344.693 [0] DBG_DWM_INVALIDATE tag=configure_radio_from_reset active_phy=4 configured=1 awake=1
89344.693 [0] DBG_DWM_MARK_UNCONFIGURED tag=initialise_radio prev_phy=0
89344.693 [0] DBG_DWM_PHY_SWITCH from=4 to=2 fast=0 us=20813
89344.693 [0] DBG_DWM_CH5_RX_HUNT_START acq=61 complete=1000 cap=1020
89344.693 [0] DBG_DWM_CH5_RX_ACTIVITY_EXTEND ret=0 status=0x00000100 complete=1000
89344.693 [0] DBG_DWM_CH5_RX_ACTIVITY_WAIT status=0x00000100 remain=1000
89344.693 [0] DBG_DWM_CH5_RX_ACTIVITY_DONE raw=51 payload=49 status=0x00006f00 rearm=0 extended=1
89344.693 [0] DBG_DWM_INVALIDATE tag=configure_radio_from_reset active_phy=2 configured=1 awake=1
89344.745 [0] DBG_DWM_MARK_UNCONFIGURED tag=initialise_radio prev_phy=0
89344.745 [0] DBG_DWM_PHY_SWITCH from=2 to=4 fast=0 us=20996
89344.745 [0] DBG_DWM_WAKE_MESH_CTRL_OK sfd=1033
89344.745 [0] DBG_ROUTE_REPLY_CLICK_PROBE_DONE duration_ms=49 outcome=restore ret=0
89344.745 [0] DBG_DWM_INVALIDATE tag=configure_radio_from_reset active_phy=4 configured=1 awake=1
89344.745 [0] DBG_TX_TIMEOUT_ENTER relay=1 route=0 ch9pend=0 bundle=0 now=312039
89344.745 [0] DBG_RETRANSMIT_DIRECT_GW seq=1 now=312041
89344.745 [0] DBG_C5_CONTACT phase=closing state=4 peer=0x9699122bd60a64e3 purpose=route_solicit reason=replace
89344.745 [0] DBG_C5_CONTACT phase=open state=1 peer=0x0f6d3a3bdac0f858 purpose=uplink reason=retransmit-uplink-wake
89344.745 [0] DBG_WAKE_TRAIN_GUARD_FAIL
89344.745 [0] DBG_C5_CONTACT phase=closing state=4 peer=0x0f6d3a3bdac0f858 purpose=uplink reason=wake-train-guard-fail
89344.745 [0] DBG_UPLINK_WAKE next=0xf6d3a3bdac0f858 ret=-16 seq=1 phase=retransmit
89344.745 [0] DBG_RETRANSMIT_DEFER reason=send-failed ret=0 send=-16 delay=51 seq=1 state=2
89344.745 [0] DBG_UWB_RX_COORD_DEFER state=mesh-tx reason=mesh-tx route=0 q=0
89344.745 [0] DBG_DWM_MARK_UNCONFIGURED tag=initialise_radio prev_phy=0
89344.750 [1] [00:05:11.198,272] <wrn> app_anchor: anchor false UWB wake cooldown: wake_decode_ret=-8 reason=frame_timeout frame_len=50 quality=100 cooldown_ms=100 crc_failures=0 frame_timeouts=5
89344.750 [1] [00:05:11.426,971] <wrn> app_anchor: anchor UWB wake scan failure cooldown: ret=-5 rx_failure=sfd_timeout reason=sfd_timeout cooldown_ms=100 preambles=22 sfd_timeouts=2 
89344.796 [0] DBG_DWM_MARK_UNCONFIGURED tag=initialise_radio prev_phy=0
89344.796 [0] DBG_DWM_PHY_SWITCH from=2 to=4 fast=0 us=20905
89344.796 [0] DBG_DWM_WAKE_MESH_CTRL_OK sfd=1033
89344.796 [0] DBG_ROUTE_REPLY_CLICK_PROBE_DONE duration_ms=53 outcome=restore ret=0
89344.796 [0] DBG_UWB_RX_COORD_DEFER state=mesh-tx reason=mesh-tx route=0 q=0
89344.796 [0] DBG_TX_TIMEOUT_ENTER relay=1 route=0 ch9pend=0 bundle=0 now=312093
89344.796 [0] DBG_RETRANSMIT_DIRECT_GW seq=1 now=312094
89344.796 [0] DBG_C5_CONTACT phase=open state=1 peer=0x0f6d3a3bdac0f858 purpose=uplink reason=retransmit-uplink-wake
89344.796 [0] DBG_WAKE_TRAIN_GUARD_FAIL
89344.796 [0] DBG_C5_CONTACT phase=closing state=4 peer=0x0f6d3a3bdac0f858 purpose=uplink reason=wake-train-guard-fail
89344.796 [0] DBG_UPLINK_WAKE next=0xf6d3a3bdac0f858 ret=-16 seq=1 phase=retransmit
89344.796 [0] DBG_RETRANSMIT_DEFER reason=send-failed ret=0 send=-16 delay=120 seq=1 state=2
89344.796 [0] DBG_UWB_RX_COORD_DEFER state=mesh-tx reason=mesh-tx route=0 q=0
89344.796 [0] DBG_DWM_INVALIDATE tag=configure_radio_from_reset active_phy=4 configured=1 awake=1
89344.799 [1] [0m
89344.799 [1] [0m
89344.799 [1] [00:05:11.571,105] <wrn> app_anchor: anchor UWB wake scan failure cooldown: ret=-5 rx_failure=crc_or_phy 
89344.840 [0] DBG_DWM_MARK_UNCONFIGURED tag=initialise_radio prev_phy=0
89344.840 [0] DBG_DWM_PHY_SWITCH from=4 to=2 fast=0 us=23834
89344.840 [0] DBG_UWB_RX_COORD_DEFER state=mesh-tx reason=mesh-tx route=0 q=0
89344.845 [1] reason=crc_failure cooldown_ms=100 preambles=24 sfd_timeouts=3 frame_timeouts=5 crc_failures=1
89344.845 [1] [00:05:11.643,402] <wrn> app_anchor: anchor UWB wake scan failure cooldown: ret=-5 rx_failure=crc_or_phy reason=crc_failure cooldown_ms=100 preambles=25 get=0x9699122bd60a64e3 ret=-5 rx_failure=2 reason=anchor-route-w
89344.879 [0] DBG_DWM_CH5_RX_HUNT_EMPTY s=312117 e=312178 ret=-116 sys=00000000 phy=2 cfg=1 aw=1 unk=0
89344.879 [0] DBG_DWM_INVALIDATE tag=configure_radio_from_reset active_phy=2 configured=1 awake=1
89344.879 [0] DBG_DWM_MARK_UNCONFIGURED tag=initialise_radio prev_phy=0
89344.879 [0] DBG_UWB_RX_COORD_DEFER state=mesh-tx reason=mesh-tx route=0 q=0
89344.882 [1] ake-followup
89344.882 [1] [00:05:11.903,350] <wrn> 
89344.882 [1] [00:05:11.957,85
89344.929 [0] DBG_DWM_PHY_SWITCH from=2 to=4 fast=0 us=21301
89344.929 [0] DBG_DWM_WAKE_MESH_CTRL_OK sfd=1033
89344.929 [0] DBG_ROUTE_REPLY_CLICK_PROBE_DONE duration_ms=106 outcome=restore ret=0
89344.929 [0] DBG_TX_TIMEOUT_ENTER relay=1 route=0 ch9pend=0 bundle=0 now=312215
89344.929 [0] DBG_RETRANSMIT_DIRECT_GW seq=1 now=312216
89344.929 [0] DBG_C5_CONTACT phase=open state=1 peer=0x0f6d3a3bdac0f858 purpose=uplink reason=retransmit-uplink-wake
89344.929 [0] DBG_WAKE_TRAIN_GUARD_FAIL
89344.929 [0] DBG_C5_CONTACT phase=closing state=4 peer=0x0f6d3a3bdac0f858 purpose=uplink reason=wake-train-guard-fail
89344.929 [0] DBG_UPLINK_WAKE next=0xf6d3a3bdac0f858 ret=-16 seq=1 phase=retransmit
89344.929 [0] DBG_RETRANSMIT_DEFER reason=send-failed ret=0 send=-16 delay=120 seq=1 state=2
89344.929 [0] DBG_UWB_RX_COORD_DEFER state=mesh-tx reason=mesh-tx route=0 q=0
89344.929 [0] DBG_ROUTE_REPLY_RX_FRAME
89344.929 [0] DBG_ROUTE_REPLY_DECODE_FAIL ret=-8 len=281 q=100
89344.934 [1] 5] <wrn> app_mesh_report: mesh route reply RX failed: target=0x9699122bd60a64e3 ret=-5 rx_failure=2 reason=anchor-route-wake-followup
89344.934 [1] [00:05:12.023,132] <wrn> app_mesh_report: mesh route reply RX failed: target=0x9699122bd60a64e3 ret=-5 rx_failure=2 reason=anchor-route-wake-followup
89344.934 [1] te WAKE_CLAIM train owner=mesh route reply RX client=2 age_ms=269
89344.962 [0] DBG_UWB_RX_COORD_DEFER state=mesh-tx reason=mesh-tx route=0 q=0
89344.965 [1] [00:05:12.095,48
89344.993 [1] 9] <err> app_radio_guard: blocked UWB operation: mesh route WAKE_CLAIM train owner=mesh route reply RX client=2 age_ms=323
89344.993 [1] [00:05:12.095,520] <wrn> app_mesh_report: mesh route UWB WAKE_CLAIM guard failed: target=0x0f6d3a3bdac0f858 ret=-16
89344.993 [1] [00:05:12.200,042] <wrn> app_mesh_report: mesh route reply RX failed: target=0x9699122bd6
89345.020 [0] DBG_UWB_RX_COORD_DEFER state=mesh-tx reason=mesh-tx route=0 q=0
89345.020 [0] DBG_TX_TIMEOUT_ENTER relay=1 route=0 ch9pend=0 bundle=0 now=312337
89345.020 [0] DBG_RETRANSMIT_DIRECT_GW seq=1 now=312339
89345.022 [1] 0a64e3 ret=-5 rx
89345.022 [1] [00:05:12.217,25
89345.049 [0] DBG_C5_CONTACT phase=open state=1 peer=0x0f6d3a3bdac0f858 purpose=uplink reason=retransmit-uplink-wake
89345.049 [0] DBG_WAKE_TRAIN_GUARD_FAIL
89345.049 [0] DBG_C5_CONTACT phase=closing state=4 peer=0x0f6d3a3bdac0f858 purpose=uplink reason=wake-train-guard-fail
89345.049 [0] DBG_UPLINK_WAKE next=0xf6d3a3bdac0f858 ret=-16 seq=1 phase=retransmit
89345.049 [0] DBG_RETRANSMIT_DEFER reason=send-failed ret=0 send=-16 delay=261 seq=1 state=2
89345.049 [0] DBG_UWB_RX_COORD_DEFER state=mesh-tx reason=mesh-tx route=0 q=0
89345.054 [1] 4] <err> app_radio_guard: blocked UWB operation: mesh route WAKE_CLAIM train owner=mesh route reply RX client=2 age_ms=445
89345.054 [1] [00:05:12.217,285] <wrn> app_mesh_report: mesh route UWB WAKE_CLAIM guard failed: target=0x0f6d3a3bdac0f858 ret=-16
89345.054 [1] [00:05:12.340,026] <err> app_radio_guard: blocked UWB operation: mesh route WAKE_CLAIM train owner=mesh r
89345.081 [0] DBG_UWB_RX_COORD_DEFER state=mesh-tx reason=mesh-tx route=0 q=0
89345.083 [1] 7
89345.111 [1] [00:05:12.340,057] <wrn> app_mesh_report: mesh route UWB WAKE_CLAIM guard failed: target=0x0f6d3a3bdac0f858 ret=-16
89345.136 [0] DBG_UWB_RX_COORD_DEFER state=mesh-tx reason=mesh-tx route=0 q=0
89345.177 [0] DBG_UWB_RX_COORD_DEFER state=mesh-tx reason=mesh-tx route=0 q=0
89345.238 [0] DBG_DWM_INVALIDATE tag=configure_radio_from_reset active_phy=4 configured=1 awake=1
89345.238 [0] DBG_UWB_RX_COORD_DEFER state=mesh-tx reason=mesh-tx route=0 q=0
89345.238 [0] DBG_DWM_MARK_UNCONFIGURED tag=initialise_radio prev_phy=0
89345.279 [0] DBG_DWM_PHY_SWITCH from=4 to=2 fast=0 us=20843
89345.279 [0] DBG_DWM_CH5_RX_HUNT_START acq=61 complete=1000 cap=1020
89345.279 [0] DBG_DWM_CH5_RX_ACTIVITY_EXTEND ret=0 status=0x00000100 complete=1000
89345.279 [0] DBG_DWM_CH5_RX_ACTIVITY_WAIT status=0x00000100 remain=1000
89345.279 [0] DBG_DWM_CH5_RX_ACTIVITY_DONE raw=51 payload=49 status=0x00006f00 rearm=0 extended=1
89345.279 [0] DBG_DWM_INVALIDATE tag=configure_radio_from_reset active_phy=2 configured=1 awake=1
89345.279 [0] DBG_DWM_MARK_UNCONFIGURED tag=initialise_radio prev_phy=0
89345.279 [0] DBG_DWM_PHY_SWITCH from=2 to=4 fast=0 us=20996
89345.279 [0] DBG_DWM_WAKE_MESH_CTRL_OK sfd=1033
89345.279 [0] DBG_ROUTE_REPLY_CLICK_PROBE_DONE duration_ms=46 outcome=restore ret=0
89345.279 [0] DBG_DWM_INVALIDATE tag=configure_radio_from_reset active_phy=4 configured=1 awake=1
89345.279 [0] DBG_UWB_RX_COORD_DEFER state=mesh-tx reason=mesh-tx route=0 q=0
89345.325 [0] DBG_TX_TIMEOUT_ENTER relay=1 route=0 ch9pend=0 bundle=0 now=312601
89345.325 [0] DBG_RETRANSMIT_DIRECT_GW seq=1 now=312603
89345.325 [0] DBG_C5_CONTACT phase=open state=1 peer=0x0f6d3a3bdac0f858 purpose=uplink reason=retransmit-uplink-wake
89345.325 [0] DBG_WAKE_TRAIN_GUARD_FAIL
89345.325 [0] DBG_C5_CONTACT phase=closing state=4 peer=0x0f6d3a3bdac0f858 purpose=uplink reason=wake-train-guard-fail
89345.325 [0] DBG_UPLINK_WAKE next=0xf6d3a3bdac0f858 ret=-16 seq=1 phase=retransmit
89345.325 [0] DBG_RETRANSMIT_DEFER reason=send-failed ret=0 send=-16 delay=232 seq=1 state=2
89345.325 [0] DBG_UWB_RX_COORD_DEFER state=mesh-tx reason=mesh-tx route=0 q=0
89345.325 [0] DBG_DWM_MARK_UNCONFIGURED tag=initialise_radio prev_phy=0
89345.325 [0] DBG_DWM_PHY_SWITCH from=4 to=2 fast=0 us=23926
89345.325 [0] DBG_DWM_CH5_RX_HUNT_START acq=61 complete=1000 cap=1020
89345.325 [0] DBG_DWM_CH5_RX_ACTIVITY_EXTEND ret=0 status=0x00000100 complete=1000
89345.325 [0] DBG_DWM_CH5_RX_ACTIVITY_WAIT status=0x00000100 remain=999
89345.325 [0] DBG_DWM_CH5_RX_ACTIVITY_DONE raw=51 payload=49 status=0x00006f00 rearm=0 extended=1
89345.325 [0] DBG_DWM_INVALIDATE tag=configure_radio_from_reset active_phy=2 configured=1 awake=1
89345.368 [0] DBG_DWM_PHY_SWITCH from=2 to=4 fast=0 us=20965
89345.368 [0] DBG_DWM_WAKE_MESH_CTRL_OK sfd=1033
89345.368 [0] DBG_ROUTE_REPLY_CLICK_PROBE_DONE duration_ms=64 outcome=restore ret=0
89345.368 [0] DBG_DWM_INVALIDATE tag=configure_radio_from_reset active_phy=4 configured=1 awake=1
89345.368 [0] DBG_UWB_RX_COORD_DEFER state=mesh-tx reason=mesh-tx route=0 q=0
89345.368 [0] DBG_DWM_MARK_UNCONFIGURED tag=initialise_radio prev_phy=0
89345.368 [0] DBG_DWM_PHY_SWITCH from=4 to=2 fast=0 us=20874
89345.368 [0] DBG_DWM_CH5_RX_HUNT_START acq=61 complete=1000 cap=1020
89345.368 [0] DBG_DWM_CH5_RX_ACTIVITY_EXTEND ret=0 status=0x00000100 complete=1000
89345.368 [0] DBG_DWM_CH5_RX_ACTIVITY_WAIT status=0x00000100 remain=1000
89345.368 [0] DBG_DWM_CH5_RX_ACTIVITY_DONE raw=51 payload=49 status=0x00006f00 rearm=0 extended=1
89345.368 [0] DBG_DWM_INVALIDATE tag=configure_radio_from_reset active_phy=2 configured=1 awake=1
89345.419 [0] DBG_DWM_MARK_UNCONFIGURED tag=initialise_radio prev_phy=0
89345.419 [0] DBG_DWM_PHY_SWITCH from=2 to=4 fast=0 us=20874
89345.419 [0] DBG_DWM_WAKE_MESH_CTRL_OK sfd=1033
89345.419 [0] DBG_ROUTE_REPLY_CLICK_PROBE_DONE duration_ms=47 outcome=restore ret=0
89345.419 [0] DBG_DWM_INVALIDATE tag=configure_radio_from_reset active_phy=4 configured=1 awake=1
89345.419 [0] DBG_UWB_RX_COORD_DEFER state=mesh-tx reason=mesh-tx route=0 q=0
89345.419 [0] DBG_DWM_MARK_UNCONFIGURED tag=initialise_radio prev_phy=0
89345.419 [0] DBG_DWM_PHY_SWITCH from=4 to=2 fast=0 us=21118
89345.419 [0] DBG_DWM_CH5_RX_HUNT_START acq=61 complete=1000 cap=1020
89345.419 [0] DBG_DWM_CH5_RX_ACTIVITY_EXTEND ret=0 status=0x00000100 complete=1000
89345.419 [0] DBG_DWM_CH5_RX_ACTIVITY_WAIT status=0x00000100 remain=1000
89345.467 [0] DBG_DWM_CH5_RX_ACTIVITY_DONE raw=51 payload=49 status=0x00006f00 rearm=0 extended=1
89345.467 [0] DBG_DWM_INVALIDATE tag=configure_radio_from_reset active_phy=2 configured=1 awake=1
89345.467 [0] DBG_DWM_MARK_UNCONFIGURED tag=initialise_radio prev_phy=0
89345.467 [0] DBG_DWM_PHY_SWITCH from=2 to=4 fast=0 us=20874
89345.467 [0] DBG_DWM_WAKE_MESH_CTRL_OK sfd=1033
89345.467 [0] DBG_ROUTE_REPLY_CLICK_PROBE_DONE duration_ms=50 outcome=restore ret=0
89345.467 [0] DBG_DWM_INVALIDATE tag=configure_radio_from_reset active_phy=4 configured=1 awake=1
89345.467 [0] DBG_UWB_RX_COORD_DEFER state=mesh-tx reason=mesh-tx route=0 q=0
89345.467 [0] DBG_DWM_MARK_UNCONFIGURED tag=initialise_radio prev_phy=0
89345.467 [0] DBG_DWM_PHY_SWITCH from=4 to=2 fast=0 us=20905
89345.467 [0] DBG_DWM_CH5_RX_HUNT_START acq=61 complete=1000 cap=1020
89345.467 [0] DBG_DWM_CH5_RX_ACTIVITY_EXTEND ret=0 status=0x00000100 complete=1000
89345.467 [0] DBG_DWM_CH5_RX_ACTIVITY_WAIT status=0x00000100 remain=1000
89345.467 [0] DBG_DWM_CH5_RX_ACTIVITY_DONE raw=51 payload=49 status=0x00006f00 rearm=0 extended=1
89345.467 [0] DBG_DWM_INVALIDATE tag=configure_radio_from_reset active_phy=2 configured=1 awake=1
89345.510 [0] DBG_DWM_MARK_UNCONFIGURED tag=initialise_radio prev_phy=0
89345.510 [0] DBG_DWM_PHY_SWITCH from=2 to=4 fast=0 us=20874
89345.510 [0] DBG_DWM_WAKE_MESH_CTRL_OK sfd=1033
89345.510 [0] DBG_ROUTE_REPLY_CLICK_PROBE_DONE duration_ms=46 outcome=restore ret=0
89345.510 [0] DBG_DWM_INVALIDATE tag=configure_radio_from_reset active_phy=4 configured=1 awake=1
89345.510 [0] DBG_UWB_RX_COORD_DEFER state=mesh-tx reason=mesh-tx route=0 q=0
89345.510 [0] DBG_DWM_MARK_UNCONFIGURED tag=initialise_radio prev_phy=0
89345.510 [0] DBG_DWM_PHY_SWITCH from=4 to=2 fast=0 us=20874
89345.510 [0] DBG_DWM_CH5_RX_HUNT_START acq=61 complete=1000 cap=1020
89345.510 [0] DBG_DWM_CH5_RX_ACTIVITY_EXTEND ret=0 status=0x00000100 complete=1000
89345.510 [0] DBG_DWM_CH5_RX_ACTIVITY_WAIT status=0x00000100 remain=999
89345.557 [0] DBG_DWM_CH5_RX_ACTIVITY_DONE raw=51 payload=49 status=0x00006f00 rearm=0 extended=1
89345.557 [0] DBG_DWM_INVALIDATE tag=configure_radio_from_reset active_phy=2 configured=1 awake=1
89345.557 [0] DBG_TX_TIMEOUT_ENTER relay=1 route=0 ch9pend=0 bundle=0 now=312836
89345.557 [0] DBG_RETRANSMIT_DIRECT_GW seq=1 now=312838
89345.557 [0] DBG_C5_CONTACT phase=open state=1 peer=0x0f6d3a3bdac0f858 purpose=uplink reason=retransmit-uplink-wake
89345.557 [0] DBG_WAKE_TRAIN_GUARD_FAIL
89345.557 [0] DBG_C5_CONTACT phase=closing state=4 peer=0x0f6d3a3bdac0f858 purpose=uplink reason=wake-train-guard-fail
89345.557 [0] DBG_UPLINK_WAKE next=0xf6d3a3bdac0f858 ret=-16 seq=1 phase=retransmit
89345.557 [0] DBG_RETRANSMIT_DEFER reason=send-failed ret=0 send=-16 delay=213 seq=1 state=2
89345.557 [0] DBG_UWB_RX_COORD_DEFER state=mesh-tx reason=mesh-tx route=0 q=0
89345.557 [0] DBG_DWM_MARK_UNCONFIGURED tag=initialise_radio prev_phy=0
89345.557 [0] DBG_DWM_PHY_SWITCH from=2 to=4 fast=0 us=23163
89345.557 [0] DBG_DWM_WAKE_MESH_CTRL_OK sfd=1033
89345.557 [0] DBG_ROUTE_REPLY_CLICK_PROBE_DONE duration_ms=49 outcome=restore ret=0
89345.557 [0] DBG_DWM_INVALIDATE tag=configure_radio_from_reset active_phy=4 configured=1 awake=1
89345.563 [1] [00:05:12.584,686] <wrn> app_mesh_report: mesh route reply RX failed: target=0x9699122bd60a64e3 ret=-5 rx_failure=2 reason=anchor-route-wake-followup
89345.563 [1] [00:05:12.603,881] <err> app_radio_guard: blocked UWB operation: mesh route WAKE_CLAIM train owner=mesh route reply RX client=2 age_ms=831
89345.563 [1] [00:05:12.603,912] <wrn> app_mesh_report: mesh route UWB 
89345.607 [0] DBG_DWM_MARK_UNCONFIGURED tag=initialise_radio prev_phy=0
89345.607 [0] DBG_DWM_PHY_SWITCH from=4 to=2 fast=0 us=20996
89345.607 [0] DBG_DWM_CH5_RX_HUNT_START acq=61 complete=1000 cap=1020
89345.607 [0] DBG_DWM_CH5_RX_ACTIVITY_EXTEND ret=0 status=0x00000100 complete=1000
89345.607 [0] DBG_DWM_CH5_RX_ACTIVITY_WAIT status=0x00000100 remain=1000
89345.607 [0] DBG_UWB_RX_COORD_DEFER state=mesh-tx reason=mesh-tx route=0 q=0
89345.607 [0] DBG_DWM_CH5_RX_ACTIVITY_DONE raw=51 payload=49 status=0x00006f00 rearm=0 extended=1
89345.607 [0] DBG_DWM_INVALIDATE tag=configure_radio_from_reset active_phy=2 configured=1 awake=1
89345.607 [0] DBG_DWM_MARK_UNCONFIGURED tag=initialise_radio prev_phy=0
89345.607 [0] DBG_DWM_PHY_SWITCH from=2 to=4 fast=0 us=20935
89345.607 [0] DBG_DWM_WAKE_MESH_CTRL_OK sfd=1033
89345.607 [0] DBG_ROUTE_REPLY_CLICK_PROBE_DONE duration_ms=50 outcome=restore ret=0
89345.607 [0] DBG_DWM_INVALIDATE tag=configure_radio_from_reset active_phy=4 configured=1 awake=1
89345.613 [1] [00:05:12.752,288] <wrn> app_mesh_report: mesh route reply RX failed: target=0x9699122bd60a64e3 ret=-5 rx_failure=2 reason=anchor-route-wake-followup
89345.613 [1] [00:05:12.800,384] <wrn> app_mesh_report: mesh route reply RX failed: target=0x9699122bd60a64e3 ret=-5 rx_failure=4 reason=anchor-route-wake-followup
89345.613 [1] [00:05:12.838,836] <err> app_radio_guard:
89345.673 [0] DBG_DWM_MARK_UNCONFIGURED tag=initialise_radio prev_phy=0
89345.673 [0] DBG_UWB_RX_COORD_DEFER state=mesh-tx reason=mesh-tx route=0 q=0
89345.673 [0] DBG_DWM_PHY_SWITCH from=4 to=2 fast=0 us=21149
89345.673 [0] DBG_DWM_CH5_RX_HUNT_START acq=61 complete=1000 cap=1020
89345.673 [0] DBG_DWM_CH5_RX_ACTIVITY_EXTEND ret=0 status=0x00000100 complete=1000
89345.673 [0] DBG_DWM_CH5_RX_ACTIVITY_WAIT status=0x00000100 remain=1000
89345.673 [0] DBG_DWM_CH5_RX_ACTIVITY_DONE raw=51 payload=49 status=0x00006f00 rearm=0 extended=1
89345.673 [0] DBG_DWM_INVALIDATE tag=configure_radio_from_reset active_phy=2 configured=1 awake=1
89345.673 [0] DBG_DWM_MARK_UNCONFIGURED tag=initialise_radio prev_phy=0
89345.673 [0] DBG_DWM_PHY_SWITCH from=2 to=4 fast=0 us=20996
89345.673 [0] DBG_DWM_WAKE_MESH_CTRL_OK sfd=1033
89345.673 [0] DBG_ROUTE_REPLY_CLICK_PROBE_DONE duration_ms=50 outcome=restore ret=0
89345.673 [0] DBG_DWM_INVALIDATE tag=configure_radio_from_reset active_phy=4 configured=1 awake=1
89345.677 [1] [00:05:12.968,505] <wrn> app_mesh_report: mesh route reply RX failed: target=0x9699122bd60a64e3 ret=-5 rx_failure=2 reason=anchor-route-wake-followup
89345.728 [0] DBG_DWM_MARK_UNCONFIGURED tag=initialise_radio prev_phy=0
89345.728 [0] DBG_UWB_RX_COORD_DEFER state=mesh-tx reason=mesh-tx route=0 q=0
89345.728 [0] DBG_DWM_PHY_SWITCH from=4 to=2 fast=0 us=21209
89345.728 [0] DBG_DWM_INVALIDATE tag=configure_radio_from_reset active_phy=2 configured=1 awake=1
89345.728 [0] DBG_DWM_MARK_UNCONFIGURED tag=initialise_radio prev_phy=0
89345.728 [0] DBG_DWM_PHY_SWITCH from=2 to=4 fast=0 us=20874
89345.728 [0] DBG_DWM_WAKE_MESH_CTRL_OK sfd=1033
89345.728 [0] DBG_ROUTE_REPLY_CLICK_PROBE_DONE duration_ms=47 outcome=restore ret=0
89345.728 [0] DBG_DWM_INVALIDATE tag=configure_radio_from_reset active_phy=4 configured=1 awake=1
89345.728 [0] DBG_DWM_MARK_UNCONFIGURED tag=initialise_radio prev_phy=0
89345.728 [0] DBG_DWM_PHY_SWITCH from=4 to=2 fast=0 us=20843
89345.728 [0] DBG_DWM_CH5_RX_HUNT_START acq=61 complete=1000 cap=1020
89345.728 [0] DBG_DWM_CH5_RX_ACTIVITY_EXTEND ret=0 status=0x00000100 complete=1000
89345.728 [0] DBG_DWM_CH5_RX_ACTIVITY_WAIT status=0x00000100 remain=1000
89345.728 [0] DBG_UWB_RX_COORD_DEFER state=mesh-tx reason=mesh-tx route=0 q=0
89345.775 [0] DBG_DWM_CH5_RX_ACTIVITY_DONE raw=51 payload=49 status=0x00006f00 rearm=0 extended=1
89345.775 [0] DBG_TX_TIMEOUT_ENTER relay=1 route=0 ch9pend=0 bundle=0 now=313052
89345.775 [0] DBG_RETRANSMIT_DIRECT_GW seq=1 now=313054
89345.775 [0] DBG_C5_CONTACT phase=open state=1 peer=0x0f6d3a3bdac0f858 purpose=uplink reason=retransmit-uplink-wake
89345.775 [0] DBG_WAKE_TRAIN_GUARD_FAIL
89345.775 [0] DBG_C5_CONTACT phase=closing state=4 peer=0x0f6d3a3bdac0f858 purpose=uplink reason=wake-train-guard-fail
89345.775 [0] DBG_UPLINK_WAKE next=0xf6d3a3bdac0f858 ret=-16 seq=1 phase=retransmit
89345.775 [0] DBG_RETRANSMIT_DEFER reason=send-failed ret=0 send=-16 delay=200 seq=1 state=2
89345.775 [0] DBG_UWB_RX_COORD_DEFER state=mesh-tx reason=mesh-tx route=0 q=0
89345.775 [0] DBG_DWM_MARK_UNCONFIGURED tag=initialise_radio prev_phy=0
89345.775 [0] DBG_DWM_PHY_SWITCH from=2 to=4 fast=0 us=23041
89345.775 [0] DBG_DWM_WAKE_MESH_CTRL_OK sfd=1033
89345.775 [0] DBG_ROUTE_REPLY_CLICK_PROBE_DONE duration_ms=49 outcome=restore ret=0
89345.775 [0] DBG_DWM_INVALIDATE tag=configure_radio_from_reset active_phy=4 configured=1 awake=1
89345.823 [0] DBG_DWM_MARK_UNCONFIGURED tag=initialise_radio prev_phy=0
89345.823 [0] DBG_DWM_PHY_SWITCH from=4 to=2 fast=0 us=20874
89345.823 [0] DBG_DWM_CH5_RX_HUNT_START acq=61 complete=1000 cap=1020
89345.823 [0] DBG_DWM_CH5_RX_ACTIVITY_EXTEND ret=0 status=0x00000100 complete=1000
89345.823 [0] DBG_DWM_CH5_RX_ACTIVITY_WAIT status=0x00000100 remain=1000
89345.823 [0] DBG_UWB_RX_COORD_DEFER state=mesh-tx reason=mesh-tx route=0 q=0
89345.823 [0] DBG_DWM_CH5_RX_ACTIVITY_DONE raw=51 payload=49 status=0x00006f00 rearm=0 extended=1
89345.823 [0] DBG_DWM_INVALIDATE tag=configure_radio_from_reset active_phy=2 configured=1 awake=1
89345.823 [0] DBG_DWM_MARK_UNCONFIGURED tag=initialise_radio prev_phy=0
89345.823 [0] DBG_DWM_PHY_SWITCH from=2 to=4 fast=0 us=20996
89345.823 [0] DBG_DWM_WAKE_MESH_CTRL_OK sfd=1033
89345.823 [0] DBG_ROUTE_REPLY_CLICK_PROBE_DONE duration_ms=50 outcome=restore ret=0
89345.823 [0] DBG_DWM_INVALIDATE tag=configure_radio_from_reset active_phy=4 configured=1 awake=1
89345.867 [0] DBG_DWM_MARK_UNCONFIGURED tag=initialise_radio prev_phy=0
89345.867 [0] DBG_DWM_PHY_SWITCH from=4 to=2 fast=0 us=20996
89345.867 [0] DBG_DWM_CH5_RX_HUNT_START acq=61 complete=1000 cap=1020
89345.867 [0] DBG_DWM_CH5_RX_ACTIVITY_EXTEND ret=0 status=0x00000100 complete=1000
89345.867 [0] DBG_DWM_CH5_RX_ACTIVITY_WAIT status=0x00000100 remain=1000
89345.867 [0] DBG_UWB_RX_COORD_DEFER state=mesh-tx reason=mesh-tx route=0 q=0
89345.867 [0] DBG_DWM_CH5_RX_ACTIVITY_DONE raw=51 payload=49 status=0x00006f00 rearm=0 extended=1
89345.867 [0] DBG_DWM_INVALIDATE tag=configure_radio_from_reset active_phy=2 configured=1 awake=1
89345.867 [0] DBG_DWM_MARK_UNCONFIGURED tag=initialise_radio prev_phy=0
89345.867 [0] DBG_DWM_PHY_SWITCH from=2 to=4 fast=0 us=20874
89345.867 [0] DBG_DWM_WAKE_MESH_CTRL_OK sfd=1033
89345.867 [0] DBG_ROUTE_REPLY_CLICK_PROBE_DONE duration_ms=47 outcome=restore ret=0
89345.867 [0] DBG_DWM_INVALIDATE tag=configure_radio_from_reset active_phy=4 configured=1 awake=1
89345.909 [0] DBG_DWM_MARK_UNCONFIGURED tag=initialise_radio prev_phy=0
89345.909 [0] DBG_DWM_PHY_SWITCH from=4 to=2 fast=0 us=20904
89345.909 [0] DBG_DWM_CH5_RX_HUNT_START acq=61 complete=1000 cap=1020
89345.909 [0] DBG_DWM_CH5_RX_ACTIVITY_EXTEND ret=0 status=0x00000100 complete=1000
89345.909 [0] DBG_DWM_CH5_RX_ACTIVITY_WAIT status=0x00000100 remain=1000
89345.909 [0] DBG_DWM_CH5_RX_ACTIVITY_DONE raw=51 payload=49 status=0x00006f00 rearm=0 extended=1
89345.909 [0] DBG_DWM_INVALIDATE tag=configure_radio_from_reset active_phy=2 configured=1 awake=1
89345.909 [0] DBG_UWB_RX_COORD_DEFER state=mesh-tx reason=mesh-tx route=0 q=0
89345.909 [0] DBG_DWM_MARK_UNCONFIGURED tag=initialise_radio prev_phy=0
89345.963 [0] DBG_DWM_PHY_SWITCH from=2 to=4 fast=0 us=20905
89345.963 [0] DBG_DWM_WAKE_MESH_CTRL_OK sfd=1033
89345.963 [0] DBG_ROUTE_REPLY_CLICK_PROBE_DONE duration_ms=46 outcome=restore ret=0
89345.963 [0] DBG_DWM_INVALIDATE tag=configure_radio_from_reset active_phy=4 configured=1 awake=1
89345.963 [0] DBG_DWM_MARK_UNCONFIGURED tag=initialise_radio prev_phy=0
89345.963 [0] DBG_DWM_PHY_SWITCH from=4 to=2 fast=0 us=21058
89345.963 [0] DBG_DWM_CH5_RX_HUNT_START acq=61 complete=1000 cap=1020
89345.963 [0] DBG_DWM_CH5_RX_ACTIVITY_EXTEND ret=0 status=0x00000100 complete=1000
89345.963 [0] DBG_DWM_CH5_RX_ACTIVITY_WAIT status=0x00000100 remain=1000
89345.963 [0] DBG_DWM_CH5_RX_ACTIVITY_DONE raw=51 payload=49 status=0x00006f00 rearm=0 extended=1
89345.963 [0] DBG_DWM_INVALIDATE tag=configure_radio_from_reset active_phy=2 configured=1 awake=1
89345.963 [0] DBG_TX_TIMEOUT_ENTER relay=1 route=0 ch9pend=0 bundle=0 now=313255
89345.963 [0] DBG_RETRANSMIT_DIRECT_GW seq=1 now=313257
89345.963 [0] DBG_C5_CONTACT phase=open state=1 peer=0x0f6d3a3bdac0f858 purpose=uplink reason=retransmit-uplink-wake
89345.963 [0] DBG_WAKE_TRAIN_GUARD_FAIL
89345.963 [0] DBG_UPLINK_WAKE next=0xf6d3a3bdac0f858 ret=-16 seq=1 phase=retransmit
89345.970 [1] [00:05:13.016,387] <wrn> app_mesh_report: mesh route reply RX failed: target=0x9699122bd60a64e3 ret=-5 rx_failure=4 reason=anchor-route-wake-followup
89345.970 [1] [00:05:13.054,718] <err> app_radio_guard: blocked UWB operation: mesh route WAKE_CLAIM train owner=mesh route reply RX client=2 age_ms=1282
89345.970 [1] [00:05:13.054,748] <wrn> app_mesh_report: mesh route UWB 
89346.013 [0] DBG_DWM_MARK_UNCONFIGURED tag=initialise_radio prev_phy=0
89346.013 [0] DBG_DWM_PHY_SWITCH from=4 to=2 fast=0 us=20904
89346.013 [0] DBG_DWM_CH5_RX_HUNT_START acq=61 complete=1000 cap=1020
89346.013 [0] DBG_DWM_CH5_RX_ACTIVITY_EXTEND ret=0 status=0x00000100 complete=1000
89346.013 [0] DBG_DWM_CH5_RX_ACTIVITY_WAIT status=0x00000100 remain=1000
89346.013 [0] DBG_DWM_CH5_RX_ACTIVITY_DONE raw=51 payload=49 status=0x00006f00 rearm=0 extended=1
89346.013 [0] DBG_DWM_INVALIDATE tag=configure_radio_from_reset active_phy=2 configured=1 awake=1
89346.013 [0] DBG_UWB_RX_COORD_DEFER state=mesh-tx reason=mesh-tx route=0 q=0
89346.013 [0] DBG_DWM_MARK_UNCONFIGURED tag=initialise_radio prev_phy=0
89346.013 [0] DBG_DWM_PHY_SWITCH from=2 to=4 fast=0 us=21149
89346.013 [0] DBG_DWM_WAKE_MESH_CTRL_OK sfd=1033
89346.013 [0] DBG_ROUTE_REPLY_CLICK_PROBE_DONE duration_ms=49 outcome=restore ret=0
89346.019 [1] _failure=2 reason=anchor-route-wake-followup
89346.019 [1] [00:05:13.178,222] <wrn> app_mesh_report: mesh route reply RX failed: target=0x9699122bd60a64e3 ret=-5 rx_failure=4 reason=anchor-route-wake-followup
89346.019 [1] [00:05:13.226,135] <wrn> app_mesh_report: mesh route reply RX failed: target=0x9699122bd60a64e3 ret=-5 rx_failure=4 reason=anchor-route-wake-followup
89346.060 [0] DBG_ROUTE_REPLY_EMPTY status=04000100 phy=4 phr=1 starts=2573 done=929 timeouts=1534 crc=35 errors=60 scope=34 spi=0
89346.060 [0] DBG_ROUTE_REPLY_LISTEN_DONE captured=0 ret=-5
89346.060 [0] DBG_ANCHOR_ROUTE_WAKE_HANDOFF_DONE src=0x9699122bd60a64e3 embedded=0 ret=-5 pending=0
89346.093 [0] DBG_UWB_RX_COORD_DEFER state=mesh-tx reason=mesh-tx route=0 q=0
89346.124 [0] DBG_UWB_RX_COORD_DEFER state=mesh-tx reason=mesh-tx route=0 q=0
89346.182 [0] DBG_UWB_RX_COORD_DEFER state=mesh-tx reason=mesh-tx route=0 q=0
89346.211 [0] DBG_UWB_RX_COORD_DEFER state=mesh-tx reason=mesh-tx route=0 q=0
89346.264 [0] DBG_UWB_RX_COORD_DEFER state=mesh-tx reason=mesh-tx route=0 q=0
89346.293 [0] DBG_STACK_RUN_BEGIN epoch=16284486061926904368 run=216 kind=cir_handling owner=anchor_uwb_scan queue=1 custody=1 credit=0 retry=0 drain=0 src=16876665336513972910 dst=11068027678940948070 session=833941941 seq=1 type=32 sequence=0 previous=0 uptime=313588
89346.318 [0] DBG_UWB_RX_COORD_DEFER state=mesh-tx reason=mesh-tx route=0 q=0
89346.372 [0] DBG_UWB_RX_COORD_DEFER state=mesh-tx reason=mesh-tx route=0 q=0
89346.405 [0] DBG_ANCHOR_CH5_SCAN_HANDLER role=2
89346.405 [0] DBG_ANCHOR_CH5_SCAN_ARM now=313709 win=10 complete=15 interval=380 wait=0 tx=1 response=0
89346.405 [0] DBG_DWM_INVALIDATE tag=configure_radio_from_reset active_phy=4 configured=1 awake=1
89346.435 [0] DBG_DWM_MARK_UNCONFIGURED tag=initialise_radio prev_phy=0
89346.435 [0] DBG_UWB_RX_COORD_DEFER state=mesh-tx reason=mesh-tx route=0 q=0
89346.435 [0] DBG_DWM_PHY_SWITCH from=4 to=2 fast=0 us=21179
89346.435 [0] DBG_DWM_CH5_RX_HUNT_START acq=10 complete=1000 cap=1020
89346.435 [0] DBG_DWM_CH5_RX_HUNT_EMPTY s=313735 e=313745 ret=-116 sys=00000000 phy=2 cfg=1 aw=1 unk=0
89346.435 [0] DBG_ANCHOR_CH5_SCAN_DONE ret=-116 len=0 fail=1 pre=0 q=0 rx_us=10986 complete=1000
89346.435 [0] DBG_ANCHOR_CH5_SCAN_RESCHED ret=1 delay=380
89346.463 [0] DBG_UWB_RX_COORD_DEFER state=mesh-tx reason=mesh-tx route=0 q=0
89346.530 [0] DBG_UWB_RX_COORD_DEFER state=mesh-tx reason=mesh-tx route=0 q=0
89346.566 [0] DBG_TX_TIMEOUT_ENTER relay=1 route=0 ch9pend=0 bundle=0 now=313850
89346.566 [0] DBG_RETRANSMIT_DIRECT_GW seq=1 now=313851
89346.566 [0] DBG_C5_CONTACT phase=open state=1 peer=0x0f6d3a3bdac0f858 purpose=uplink reason=retransmit-uplink-wake
89346.566 [0] DBG_WAKE_TRAIN_GUARD_OK
89346.566 [0] DBG_MESH_WAKE_POLITE_ACTIVITY phase=pre target=0xf6d3a3bdac0f858 retry=0 ret=0 fail=3 reason=retransmit-uplink-wake
89346.566 [0] DBG_WAKE_TRAIN_TIMING evt=313852 start=0 first=0 last=0 end=313872 sent=0 ret=-11
89346.566 [0] DBG_C5_CONTACT phase=closing state=4 peer=0x0f6d3a3bdac0f858 purpose=uplink reason=wake-train-fail
89346.566 [0] DBG_MESH_WAKE_POLITE_BACKOFF phase=pre target=0xf6d3a3bdac0f858 retry=1/3 delay=256 reason=retransmit-uplink-wake
89346.853 [0] DBG_ANCHOR_CH5_SCAN_HANDLER role=2
89346.853 [0] DBG_C5_CONTACT phase=open state=1 peer=0x0f6d3a3bdac0f858 purpose=uplink reason=retransmit-uplink-wake
89346.853 [0] DBG_WAKE_TRAIN_GUARD_FAIL
89346.853 [0] DBG_C5_CONTACT phase=closing state=4 peer=0x0f6d3a3bdac0f858 purpose=uplink reason=wake-train-guard-fail
89346.853 [0] DBG_UPLINK_WAKE next=0xf6d3a3bdac0f858 ret=-16 seq=1 phase=retransmit
89346.853 [0] DBG_RETRANSMIT_DEFER reason=send-failed ret=0 send=-16 delay=436 seq=1 state=2
89346.853 [0] DBG_DWM_CH5_RX_HUNT_START acq=10 complete=1000 cap=1020
89346.853 [0] DBG_DWM_CH5_RX_ACTIVITY_EXTEND ret=0 status=0x00000100 complete=1000
89346.853 [0] DBG_DWM_CH5_RX_ACTIVITY_WAIT status=0x00000100 remain=1000
89346.853 [0] DBG_DWM_CH5_RX_ACTIVITY_DONE raw=51 payload=49 status=0x00006f00 rearm=0 extended=1
89346.853 [0] DBG_ANCHOR_CH5_SCAN_DONE ret=0 len=49 fail=0 pre=1 q=100 rx_us=10000 complete=1000
89346.853 [0] DBG_UWB_RX_CH5
89346.853 [0] DBG_ANCHOR_CH5_FRAME len=49 q=100 wake_ret=0
89346.853 [0] DBG_ANCHOR_ROUTE_WAKE_DISPATCH src=0x9699122bd60a64e3 evt=314596 attempt=1 flags=0x92 len=49 q=100
89346.853 [0] DBG_ROUTE_ACTIVATION_LISTEN valid=0 now=314144 start=0 relay=0 listen=1699
89346.894 [0] DBG_DWM_INVALIDATE tag=configure_radio_from_reset active_phy=4 configured=1 awake=1
89346.894 [0] DBG_DWM_MARK_UNCONFIGURED tag=initialise_radio prev_phy=0
89346.894 [0] DBG_DWM_PHY_SWITCH from=4 to=2 fast=0 us=20996
89346.894 [0] DBG_DWM_CH5_RX_HUNT_START acq=61 complete=1000 cap=1020
89346.894 [0] DBG_DWM_CH5_RX_ACTIVITY_EXTEND ret=0 status=0x00000100 complete=1000
89346.894 [0] DBG_DWM_CH5_RX_ACTIVITY_WAIT status=0x00000100 remain=1000
89346.894 [0] DBG_DWM_CH5_RX_ACTIVITY_DONE raw=51 payload=49 status=0x00006f00 rearm=0 extended=1
89346.894 [0] DBG_DWM_INVALIDATE tag=configure_radio_from_reset active_phy=2 configured=1 awake=1
89346.946 [0] DBG_DWM_MARK_UNCONFIGURED tag=initialise_radio prev_phy=0
89346.946 [0] DBG_DWM_PHY_SWITCH from=2 to=4 fast=0 us=20843
89346.946 [0] DBG_DWM_WAKE_MESH_CTRL_OK sfd=1033
89346.946 [0] DBG_ROUTE_REPLY_CLICK_PROBE_DONE duration_ms=48 outcome=restore ret=0
89346.946 [0] DBG_C5_RX_FAIL status=0x04000100 finfo=0x00000000 fail=2 phy=4 ch=5 plen=2 pac=0 txc=9 rxc=9 sfd=2 rate=0 phr=1 phrr=0 sfdto=1
89346.946 [0] DBG_DWM_INVALIDATE tag=configure_radio_from_reset active_phy=4 configured=1 awake=1
89346.946 [0] DBG_DWM_MARK_UNCONFIGURED tag=initialise_radio prev_phy=0
89346.946 [0] DBG_DWM_PHY_SWITCH from=4 to=2 fast=0 us=21027
89346.946 [0] DBG_DWM_CH5_RX_HUNT_START acq=61 complete=1000 cap=1020
89346.946 [0] DBG_DWM_CH5_RX_ACTIVITY_EXTEND ret=0 status=0x00000100 complete=1000
89346.946 [0] DBG_DWM_CH5_RX_ACTIVITY_WAIT status=0x00000100 remain=1000
89346.985 [0] DBG_DWM_CH5_RX_ACTIVITY_DONE raw=51 payload=49 status=0x00006f00 rearm=0 extended=1
89346.985 [0] DBG_DWM_INVALIDATE tag=configure_radio_from_reset active_phy=2 configured=1 awake=1
89346.985 [0] DBG_DWM_MARK_UNCONFIGURED tag=initialise_radio prev_phy=0
89346.985 [0] DBG_DWM_PHY_SWITCH from=2 to=4 fast=0 us=20966
89346.985 [0] DBG_DWM_WAKE_MESH_CTRL_OK sfd=1033
89346.985 [0] DBG_ROUTE_REPLY_CLICK_PROBE_DONE duration_ms=49 outcome=restore ret=0
89346.985 [0] DBG_DWM_INVALIDATE tag=configure_radio_from_reset active_phy=4 configured=1 awake=1
89347.024 [0] DBG_DWM_MARK_UNCONFIGURED tag=initialise_radio prev_phy=0
89347.024 [0] DBG_DWM_PHY_SWITCH from=4 to=2 fast=0 us=20965
89347.024 [0] DBG_DWM_CH5_RX_HUNT_START acq=61 complete=1000 cap=1020
89347.024 [0] DBG_DWM_CH5_RX_ACTIVITY_EXTEND ret=0 status=0x00000100 complete=1000
89347.024 [0] DBG_DWM_CH5_RX_ACTIVITY_WAIT status=0x00000100 remain=1000
89347.024 [0] DBG_DWM_CH5_RX_ACTIVITY_DONE raw=51 payload=49 status=0x00006f00 rearm=0 extended=1
89347.024 [0] DBG_DWM_INVALIDATE tag=configure_radio_from_reset active_phy=2 configured=1 awake=1
89347.066 [0] DBG_DWM_MARK_UNCONFIGURED tag=initialise_radio prev_phy=0
89347.066 [0] DBG_DWM_PHY_SWITCH from=2 to=4 fast=0 us=20843
89347.066 [0] DBG_DWM_WAKE_MESH_CTRL_OK sfd=1033
89347.066 [0] DBG_ROUTE_REPLY_CLICK_PROBE_DONE duration_ms=48 outcome=restore ret=0
89347.066 [0] DBG_DWM_INVALIDATE tag=configure_radio_from_reset active_phy=4 configured=1 awake=1
89347.066 [0] DBG_DWM_MARK_UNCONFIGURED tag=initialise_radio prev_phy=0
89347.066 [0] DBG_DWM_PHY_SWITCH from=4 to=2 fast=0 us=20843
89347.066 [0] DBG_DWM_CH5_RX_HUNT_START acq=61 complete=1000 cap=1020
89347.066 [0] DBG_DWM_CH5_RX_ACTIVITY_EXTEND ret=0 status=0x00000100 complete=1000
89347.066 [0] DBG_DWM_CH5_RX_ACTIVITY_WAIT status=0x00000100 remain=1000
89347.066 [0] DBG_DWM_CH5_RX_ACTIVITY_DONE raw=51 payload=49 status=0x00006f00 rearm=0 extended=1
89347.066 [0] DBG_DWM_INVALIDATE tag=configure_radio_from_reset active_phy=2 configured=1 awake=1
89347.109 [0] DBG_DWM_MARK_UNCONFIGURED tag=initialise_radio prev_phy=0
89347.109 [0] DBG_DWM_PHY_SWITCH from=2 to=4 fast=0 us=20935
89347.109 [0] DBG_DWM_WAKE_MESH_CTRL_OK sfd=1033
89347.109 [0] DBG_ROUTE_REPLY_CLICK_PROBE_DONE duration_ms=47 outcome=restore ret=0
89347.109 [0] DBG_DWM_INVALIDATE tag=configure_radio_from_reset active_phy=4 configured=1 awake=1
89347.109 [0] DBG_DWM_MARK_UNCONFIGURED tag=initialise_radio prev_phy=0
89347.109 [0] DBG_DWM_PHY_SWITCH from=4 to=2 fast=0 us=20966
89347.109 [0] DBG_DWM_CH5_RX_HUNT_START acq=61 complete=1000 cap=1020
89347.109 [0] DBG_DWM_CH5_RX_ACTIVITY_EXTEND ret=0 status=0x00000100 complete=1000
89347.109 [0] DBG_DWM_CH5_RX_ACTIVITY_WAIT status=0x00000100 remain=1000
89347.109 [0] DBG_DWM_CH5_RX_ACTIVITY_DONE raw=51 payload=49 status=0x00006f00 rearm=0 extended=1
89347.109 [0] DBG_DWM_INVALIDATE tag=configure_radio_from_reset active_phy=2 configured=1 awake=1
89347.148 [0] DBG_DWM_MARK_UNCONFIGURED tag=initialise_radio prev_phy=0
89347.148 [0] DBG_DWM_PHY_SWITCH from=2 to=4 fast=0 us=20843
89347.148 [0] DBG_DWM_WAKE_MESH_CTRL_OK sfd=1033
89347.148 [0] DBG_ROUTE_REPLY_CLICK_PROBE_DONE duration_ms=46 outcome=restore ret=0
89347.148 [0] DBG_DWM_INVALIDATE tag=configure_radio_from_reset active_phy=4 configured=1 awake=1
89347.148 [0] DBG_DWM_MARK_UNCONFIGURED tag=initialise_radio prev_phy=0
89347.191 [0] DBG_DWM_PHY_SWITCH from=4 to=2 fast=0 us=20843
89347.191 [0] DBG_DWM_CH5_RX_HUNT_START acq=61 complete=1000 cap=1020
89347.191 [0] DBG_DWM_CH5_RX_ACTIVITY_EXTEND ret=0 status=0x00000100 complete=1000
89347.191 [0] DBG_DWM_CH5_RX_ACTIVITY_WAIT status=0x00000100 remain=1000
89347.191 [0] DBG_DWM_CH5_RX_ACTIVITY_DONE raw=51 payload=49 status=0x00006f00 rearm=0 extended=1
89347.191 [0] DBG_DWM_INVALIDATE tag=configure_radio_from_reset active_phy=2 configured=1 awake=1
89347.191 [0] DBG_DWM_MARK_UNCONFIGURED tag=initialise_radio prev_phy=0
89347.191 [0] DBG_DWM_PHY_SWITCH from=2 to=4 fast=0 us=20813
89347.191 [0] DBG_DWM_WAKE_MESH_CTRL_OK sfd=1033
89347.191 [0] DBG_ROUTE_REPLY_CLICK_PROBE_DONE duration_ms=46 outcome=restore ret=0
89347.191 [0] DBG_DWM_INVALIDATE tag=configure_radio_from_reset active_phy=4 configured=1 awake=1
89347.231 [0] DBG_DWM_MARK_UNCONFIGURED tag=initialise_radio prev_phy=0
89347.231 [0] DBG_DWM_PHY_SWITCH from=4 to=2 fast=0 us=20844
89347.231 [0] DBG_DWM_CH5_RX_HUNT_START acq=61 complete=1000 cap=1020
89347.231 [0] DBG_DWM_CH5_RX_ACTIVITY_EXTEND ret=0 status=0x00000100 complete=1000
89347.231 [0] DBG_DWM_CH5_RX_ACTIVITY_WAIT status=0x00000100 remain=1000
89347.231 [0] DBG_DWM_CH5_RX_ACTIVITY_DONE raw=51 payload=49 status=0x00006f00 rearm=0 extended=1
89347.231 [0] DBG_DWM_INVALIDATE tag=configure_radio_from_reset active_phy=2 configured=1 awake=1
89347.231 [0] DBG_DWM_MARK_UNCONFIGURED tag=initialise_radio prev_phy=0
89347.231 [0] DBG_DWM_PHY_SWITCH from=2 to=4 fast=0 us=20935
89347.231 [0] DBG_DWM_WAKE_MESH_CTRL_OK sfd=1033
89347.231 [0] DBG_ROUTE_REPLY_CLICK_PROBE_DONE duration_ms=46 outcome=restore ret=0
89347.231 [0] DBG_DWM_INVALIDATE tag=configure_radio_from_reset active_phy=4 configured=1 awake=1
89347.444 [0] DBG_DWM_MARK_UNCONFIGURED tag=initialise_radio prev_phy=0
89347.444 [0] DBG_DWM_PHY_SWITCH from=4 to=2 fast=0 us=20965
89347.444 [0] DBG_DWM_CH5_RX_HUNT_START acq=61 complete=1000 cap=1020
89347.444 [0] DBG_DWM_CH5_RX_ACTIVITY_EXTEND ret=0 status=0x00000100 complete=1000
89347.444 [0] DBG_DWM_CH5_RX_ACTIVITY_WAIT status=0x00000100 remain=1000
89347.444 [0] DBG_TX_TIMEOUT_ENTER relay=1 route=0 ch9pend=0 bundle=0 now=314565
89347.444 [0] DBG_RETRANSMIT_DIRECT_GW seq=1 now=314567
89347.444 [0] DBG_C5_CONTACT phase=closing state=4 peer=0x9699122bd60a64e3 purpose=route_solicit reason=replace
89347.444 [0] DBG_C5_CONTACT phase=open state=1 peer=0x0f6d3a3bdac0f858 purpose=uplink reason=retransmit-uplink-wake
89347.444 [0] DBG_WAKE_TRAIN_GUARD_FAIL
89347.444 [0] DBG_C5_CONTACT phase=closing state=4 peer=0x0f6d3a3bdac0f858 purpose=uplink reason=wake-train-guard-fail
89347.444 [0] DBG_UPLINK_WAKE next=0xf6d3a3bdac0f858 ret=-16 seq=1 phase=retransmit
89347.444 [0] DBG_RETRANSMIT_DEFER reason=send-failed ret=0 send=-16 delay=468 seq=1 state=2
89347.444 [0] DBG_UWB_RX_COORD_DEFER state=mesh-tx reason=mesh-tx route=0 q=0
89347.444 [0] DBG_DWM_MARK_UNCONFIGURED tag=initialise_radio prev_phy=0
89347.450 [1] [00:05:14.128,936] <err> app_radio_guard: blocked UWB operation: mesh route WAKE_CLAIM train owner=anchor low-duty UWB wake scan client=5 age_ms=1
89347.450 [1] [00:05:14.128,997] <wrn> app_mesh_report: mesh route UWB WAKE_CLAIM guard failed: target=0x0f6d3a3bdac0f858 ret=-16
89347.450 [1] [00:05:14.232,025] <wrn> app_mesh_report: mesh route reply RX failed: target=0x9699122bd6
89347.485 [0] DBG_UWB_RX_COORD_DEFER state=mesh-tx reason=mesh-tx route=0 q=0
89347.485 [0] DBG_DWM_CH5_RX_HUNT_EMPTY s=314713 e=314774 ret=-116 sys=00000000 phy=2 cfg=1 aw=1 unk=0
89347.485 [0] DBG_DWM_INVALIDATE tag=configure_radio_from_reset active_phy=2 configured=1 awake=1
89347.485 [0] DBG_DWM_MARK_UNCONFIGURED tag=initialise_radio prev_phy=0
89347.485 [0] DBG_DWM_PHY_SWITCH from=2 to=4 fast=0 us=20813
89347.485 [0] DBG_DWM_WAKE_MESH_CTRL_OK sfd=1033
89347.485 [0] DBG_ROUTE_REPLY_CLICK_PROBE_DONE duration_ms=103 outcome=restore ret=0
89347.517 [0] DBG_UWB_RX_COORD_DEFER state=mesh-tx reason=mesh-tx route=0 q=0
89347.517 [0] DBG_ROUTE_REPLY_RX_FRAME
89347.517 [0] DBG_ROUTE_REPLY_DECODE_FAIL ret=-8 len=284 q=100
89347.568 [0] DBG_UWB_RX_COORD_DEFER state=mesh-tx reason=mesh-tx route=0 q=0
89347.620 [0] DBG_UWB_RX_COORD_DEFER state=mesh-tx reason=mesh-tx route=0 q=0
89347.676 [0] DBG_UWB_RX_COORD_DEFER state=mesh-tx reason=mesh-tx route=0 q=0
89347.704 [0] DBG_UWB_RX_COORD_DEFER state=mesh-tx reason=mesh-tx route=0 q=0
89347.733 [0] DBG_TX_TIMEOUT_ENTER relay=1 route=0 ch9pend=0 bundle=0 now=315036
89347.733 [0] DBG_RETRANSMIT_DIRECT_GW seq=1 now=315037
89347.733 [0] DBG_C5_CONTACT phase=open state=1 peer=0x0f6d3a3bdac0f858 purpose=uplink reason=retransmit-uplink-wake
89347.733 [0] DBG_WAKE_TRAIN_GUARD_FAIL
89347.733 [0] DBG_C5_CONTACT phase=closing state=4 peer=0x0f6d3a3bdac0f858 purpose=uplink reason=wake-train-guard-fail
89347.733 [0] DBG_UPLINK_WAKE next=0xf6d3a3bdac0f858 ret=-16 seq=1 phase=retransmit
89347.733 [0] DBG_RETRANSMIT_DEFER reason=send-failed ret=0 send=-16 delay=523 seq=1 state=2
89347.733 [0] DBG_UWB_RX_COORD_DEFER state=mesh-tx reason=mesh-tx route=0 q=0
89347.790 [0] DBG_UWB_RX_COORD_DEFER state=mesh-tx reason=mesh-tx route=0 q=0
89347.823 [0] DBG_DWM_INVALIDATE tag=configure_radio_from_reset active_phy=4 configured=1 awake=1
89347.823 [0] DBG_UWB_RX_COORD_DEFER state=mesh-tx reason=mesh-tx route=0 q=0
89347.860 [0] DBG_DWM_MARK_UNCONFIGURED tag=initialise_radio prev_phy=0
89347.860 [0] DBG_DWM_PHY_SWITCH from=4 to=2 fast=0 us=20935
89347.860 [0] DBG_DWM_CH5_RX_HUNT_START acq=61 complete=1000 cap=1020
89347.860 [0] DBG_DWM_CH5_RX_ACTIVITY_EXTEND ret=0 status=0x00000f00 complete=1000
89347.860 [0] DBG_DWM_CH5_RX_ACTIVITY_WAIT status=0x00000f00 remain=1000
89347.860 [0] DBG_DWM_CH5_RX_ACTIVITY_DONE raw=51 payload=49 status=0x00006f00 rearm=0 extended=1
89347.860 [0] DBG_DWM_INVALIDATE tag=configure_radio_from_reset active_phy=2 configured=1 awake=1
89347.860 [0] DBG_DWM_MARK_UNCONFIGURED tag=initialise_radio prev_phy=0
89347.860 [0] DBG_DWM_PHY_SWITCH from=2 to=4 fast=0 us=20874
89347.860 [0] DBG_DWM_WAKE_MESH_CTRL_OK sfd=1033
89347.860 [0] DBG_ROUTE_REPLY_CLICK_PROBE_DONE duration_ms=45 outcome=restore ret=0
89347.860 [0] DBG_DWM_INVALIDATE tag=configure_radio_from_reset active_phy=4 configured=1 awake=1
89347.899 [0] DBG_DWM_MARK_UNCONFIGURED tag=initialise_radio prev_phy=0
89347.899 [0] DBG_UWB_RX_COORD_DEFER state=mesh-tx reason=mesh-tx route=0 q=0
89347.899 [0] DBG_DWM_PHY_SWITCH from=4 to=2 fast=0 us=21087
89347.899 [0] DBG_DWM_CH5_RX_HUNT_START acq=61 complete=1000 cap=1020
89347.899 [0] DBG_DWM_CH5_RX_ACTIVITY_EXTEND ret=0 status=0x00000100 complete=1000
89347.899 [0] DBG_DWM_CH5_RX_ACTIVITY_WAIT status=0x00000100 remain=1000
89347.899 [0] DBG_DWM_CH5_RX_ACTIVITY_DONE raw=51 payload=49 status=0x00006f00 rearm=0 extended=1
89347.899 [0] DBG_DWM_INVALIDATE tag=configure_radio_from_reset active_phy=2 configured=1 awake=1
89347.943 [0] DBG_DWM_MARK_UNCONFIGURED tag=initialise_radio prev_phy=0
89347.943 [0] DBG_DWM_PHY_SWITCH from=2 to=4 fast=0 us=20997
89347.943 [0] DBG_DWM_WAKE_MESH_CTRL_OK sfd=1033
89347.943 [0] DBG_ROUTE_REPLY_CLICK_PROBE_DONE duration_ms=47 outcome=restore ret=0
89347.943 [0] DBG_DWM_INVALIDATE tag=configure_radio_from_reset active_phy=4 configured=1 awake=1
89347.943 [0] DBG_UWB_RX_COORD_DEFER state=mesh-tx reason=mesh-tx route=0 q=0
89347.943 [0] DBG_DWM_MARK_UNCONFIGURED tag=initialise_radio prev_phy=0
89347.943 [0] DBG_DWM_PHY_SWITCH from=4 to=2 fast=0 us=20935
89347.943 [0] DBG_DWM_CH5_RX_HUNT_START acq=61 complete=1000 cap=1020
89347.983 [0] DBG_DWM_CH5_RX_ACTIVITY_EXTEND ret=0 status=0x00000100 complete=1000
89347.983 [0] DBG_DWM_CH5_RX_ACTIVITY_WAIT status=0x00000100 remain=1000
89347.983 [0] DBG_DWM_CH5_RX_ACTIVITY_DONE raw=51 payload=49 status=0x00006f00 rearm=0 extended=1
89347.983 [0] DBG_DWM_INVALIDATE tag=configure_radio_from_reset active_phy=2 configured=1 awake=1
89347.983 [0] DBG_DWM_MARK_UNCONFIGURED tag=initialise_radio prev_phy=0
89347.983 [0] DBG_DWM_PHY_SWITCH from=2 to=4 fast=0 us=20996
89347.983 [0] DBG_DWM_WAKE_MESH_CTRL_OK sfd=1033
89347.983 [0] DBG_ROUTE_REPLY_CLICK_PROBE_DONE duration_ms=50 outcome=restore ret=0
89347.983 [0] DBG_UWB_RX_COORD_DEFER state=mesh-tx reason=mesh-tx route=0 q=0
89347.983 [0] DBG_DWM_INVALIDATE tag=configure_radio_from_reset active_phy=4 configured=1 awake=1
89348.024 [0] DBG_DWM_MARK_UNCONFIGURED tag=initialise_radio prev_phy=0
89348.024 [0] DBG_DWM_PHY_SWITCH from=4 to=2 fast=0 us=20874
89348.024 [0] DBG_DWM_CH5_RX_HUNT_START acq=61 complete=1000 cap=1020
89348.024 [0] DBG_DWM_CH5_RX_ACTIVITY_EXTEND ret=0 status=0x00000100 complete=1000
89348.024 [0] DBG_DWM_CH5_RX_ACTIVITY_WAIT status=0x00000100 remain=1000
89348.024 [0] DBG_DWM_CH5_RX_ACTIVITY_DONE raw=51 payload=49 status=0x00006f00 rearm=0 extended=1
89348.024 [0] DBG_DWM_INVALIDATE tag=configure_radio_from_reset active_phy=2 configured=1 awake=1
89348.024 [0] DBG_DWM_MARK_UNCONFIGURED tag=initialise_radio prev_phy=0
89348.063 [0] DBG_DWM_PHY_SWITCH from=2 to=4 fast=0 us=21088
89348.063 [0] DBG_DWM_WAKE_MESH_CTRL_OK sfd=1033
89348.063 [0] DBG_ROUTE_REPLY_CLICK_PROBE_DONE duration_ms=49 outcome=restore ret=0
89348.063 [0] DBG_UWB_RX_COORD_DEFER state=mesh-tx reason=mesh-tx route=0 q=0
89348.063 [0] DBG_DWM_INVALIDATE tag=configure_radio_from_reset active_phy=4 configured=1 awake=1
89348.063 [0] DBG_DWM_MARK_UNCONFIGURED tag=initialise_radio prev_phy=0
89348.063 [0] DBG_DWM_PHY_SWITCH from=4 to=2 fast=0 us=20874
89348.063 [0] DBG_DWM_CH5_RX_HUNT_START acq=61 complete=1000 cap=1020
89348.063 [0] DBG_DWM_CH5_RX_ACTIVITY_EXTEND ret=0 status=0x00000100 complete=1000
89348.063 [0] DBG_DWM_CH5_RX_ACTIVITY_WAIT status=0x00000100 remain=1000
89348.106 [0] DBG_DWM_CH5_RX_ACTIVITY_DONE raw=51 payload=49 status=0x00006f00 rearm=0 extended=1
89348.106 [0] DBG_DWM_INVALIDATE tag=configure_radio_from_reset active_phy=2 configured=1 awake=1
89348.106 [0] DBG_UWB_RX_COORD_DEFER state=mesh-tx reason=mesh-tx route=0 q=0
89348.106 [0] DBG_DWM_MARK_UNCONFIGURED tag=initialise_radio prev_phy=0
89348.106 [0] DBG_DWM_PHY_SWITCH from=2 to=4 fast=0 us=21088
89348.106 [0] DBG_DWM_WAKE_MESH_CTRL_OK sfd=1033
89348.106 [0] DBG_ROUTE_REPLY_CLICK_PROBE_DONE duration_ms=49 outcome=restore ret=0
89348.106 [0] DBG_DWM_INVALIDATE tag=configure_radio_from_reset active_phy=4 configured=1 awake=1
89348.111 [1] [00:05:14.642,730] <wrn> app_mesh_report: mesh route reply RX failed: target=0x9699122bd60a64e3 ret=-5 rx_failure=2 reason=anchor-route-wake-followup
89348.111 [1] [00:05:14.690,582] <wrn> app_mesh_report: mesh route reply RX failed: target=0x9699122bd60a64e3 ret=-5 rx_failure=4 reason=anchor-route-wake-followup
89348.111 [1] [00:05:14.795,593] <wrn> app_mesh_report:
89348.153 [0] DBG_DWM_MARK_UNCONFIGURED tag=initialise_radio prev_phy=0
89348.153 [0] DBG_DWM_PHY_SWITCH from=4 to=2 fast=0 us=20997
89348.153 [0] DBG_DWM_CH5_RX_HUNT_START acq=61 complete=1000 cap=1020
89348.153 [0] DBG_DWM_CH5_RX_ACTIVITY_EXTEND ret=0 status=0x00000100 complete=1000
89348.153 [0] DBG_DWM_CH5_RX_ACTIVITY_WAIT status=0x00000100 remain=1000
89348.153 [0] DBG_DWM_CH5_RX_ACTIVITY_DONE raw=51 payload=49 status=0x00006f00 rearm=0 extended=1
89348.153 [0] DBG_DWM_INVALIDATE tag=configure_radio_from_reset active_phy=2 configured=1 awake=1
89348.153 [0] DBG_UWB_RX_COORD_DEFER state=mesh-tx reason=mesh-tx route=0 q=0
89348.153 [0] DBG_DWM_MARK_UNCONFIGURED tag=initialise_radio prev_phy=0
89348.153 [0] DBG_DWM_PHY_SWITCH from=2 to=4 fast=0 us=20935
89348.153 [0] DBG_DWM_WAKE_MESH_CTRL_OK sfd=1033
89348.153 [0] DBG_ROUTE_REPLY_CLICK_PROBE_DONE duration_ms=50 outcome=restore ret=0
89348.159 [1] 4
89348.159 [1] app_mesh_report: mesh route UWB WAKE_CLAIM guard failed: target=0x0f6d3a3bdac0f858 ret=-16
89348.159 [1] [00:05:15.172,54
89348.203 [0] DBG_DWM_INVALIDATE tag=configure_radio_from_reset active_phy=4 configured=1 awake=1
89348.203 [0] DBG_UWB_RX_COORD_DEFER state=mesh-tx reason=mesh-tx route=0 q=0
89348.203 [0] DBG_DWM_MARK_UNCONFIGURED tag=initialise_radio prev_phy=0
89348.203 [0] DBG_DWM_PHY_SWITCH from=4 to=2 fast=0 us=21240
89348.203 [0] DBG_DWM_CH5_RX_HUNT_START acq=61 complete=1000 cap=1020
89348.203 [0] DBG_DWM_CH5_RX_ACTIVITY_EXTEND ret=0 status=0x00000100 complete=1000
89348.203 [0] DBG_DWM_CH5_RX_ACTIVITY_WAIT status=0x00000100 remain=1000
89348.203 [0] DBG_DWM_CH5_RX_ACTIVITY_DONE raw=51 payload=49 status=0x00006f00 rearm=0 extended=1
89348.203 [0] DBG_DWM_INVALIDATE tag=configure_radio_from_reset active_phy=2 configured=1 awake=1
89348.208 [1] 6] <wrn> app_mesh_report: mesh route reply RX failed: target=0x9699122bd60a64e3 ret=-5 rx_failure=2 reason=anchor-route-wake-followup
89348.208 [1] [00:05:15.220,855] <wrn> app_mesh_report: mesh route reply RX failed: target=0x9699122bd60a64e3 ret=-5 rx
89348.208 [1] [00:05:15.340,75
89348.248 [0] DBG_DWM_MARK_UNCONFIGURED tag=initialise_radio prev_phy=0
89348.248 [0] DBG_DWM_PHY_SWITCH from=2 to=4 fast=0 us=21027
89348.248 [0] DBG_DWM_WAKE_MESH_CTRL_OK sfd=1033
89348.248 [0] DBG_ROUTE_REPLY_CLICK_PROBE_DONE duration_ms=50 outcome=restore ret=0
89348.248 [0] DBG_DWM_INVALIDATE tag=configure_radio_from_reset active_phy=4 configured=1 awake=1
89348.248 [0] DBG_UWB_RX_COORD_DEFER state=mesh-tx reason=mesh-tx route=0 q=0
89348.248 [0] DBG_DWM_MARK_UNCONFIGURED tag=initialise_radio prev_phy=0
89348.248 [0] DBG_DWM_PHY_SWITCH from=4 to=2 fast=0 us=21240
89348.248 [0] DBG_DWM_CH5_RX_HUNT_START acq=61 complete=1000 cap=1020
89348.248 [0] DBG_DWM_CH5_RX_ACTIVITY_EXTEND ret=0 status=0x00000100 complete=1000
89348.248 [0] DBG_DWM_CH5_RX_ACTIVITY_WAIT status=0x00000100 remain=1000
89348.248 [0] DBG_DWM_CH5_RX_ACTIVITY_DONE raw=51 payload=49 status=0x00006f00 rearm=0 extended=1
89348.248 [0] DBG_DWM_INVALIDATE tag=configure_radio_from_reset active_phy=2 configured=1 awake=1
89348.254 [1] 9] <wrn> app_mesh_report: mesh route reply RX failed: target=0x9699122bd60a64e3 ret=-5 rx
89348.254 [1] 7] <wrn> app_mesh_report: mesh route reply RX failed: target=0x9699122bd60a64e3 ret=-5 rx_failure=2 reason=anchor-route-wake-followup
89348.254 [1] [00:05:15.460,815] <wrn> app_mesh_report: mesh route reply RX failed: target=0x9699122bd60a64e3 ret=-5 rx_failure=2 reaso
89348.305 [0] DBG_TX_TIMEOUT_ENTER relay=1 route=0 ch9pend=0 bundle=0 now=315562
89348.305 [0] DBG_RETRANSMIT_DIRECT_GW seq=1 now=315563
89348.305 [0] DBG_WAKE_TRAIN_GUARD_FAIL
89348.305 [0] DBG_UPLINK_WAKE next=0xf6d3a3bdac0f858 ret=-16 seq=1 phase=retransmit
89348.305 [0] DBG_DWM_MARK_UNCONFIGURED tag=initialise_radio prev_phy=0
89348.305 [0] DBG_DWM_PHY_SWITCH from=2 to=4 fast=0 us=23285
89348.305 [0] DBG_DWM_WAKE_MESH_CTRL_OK sfd=1033
89348.305 [0] DBG_ROUTE_REPLY_CLICK_PROBE_DONE duration_ms=49 outcome=restore ret=0
89348.305 [0] DBG_DWM_INVALIDATE tag=configure_radio_from_reset active_phy=4 configured=1 awake=1
89348.305 [0] DBG_DWM_MARK_UNCONFIGURED tag=initialise_radio prev_phy=0
89348.305 [0] DBG_DWM_PHY_SWITCH from=4 to=2 fast=0 us=21026
89348.305 [0] DBG_DWM_CH5_RX_HUNT_START acq=61 complete=1000 cap=1020
89348.305 [0] DBG_STACK_SAMPLE_BEGIN epoch=16284486061926904368 run=216 sample=216 kind=cir_handling owner=anchor_uwb_scan queue=1 custody=1 credit=0 retry=0 drain=0 src=16876665336513972910 dst=11068027678940948070 session=833941941 seq=1 type=32 uptime=315601
89348.305 [0] DBG_STACK_ISR_CONFIG size=8192 run=216 sample=216
89348.308 [1] [00:05:15.564,514] <err> app_radio_guard: blocked UWB operation: mesh rou
89348.357 [0] DBG_STACK name=anchor_uwb_scan tid=0x2000ca08 used=7952 free=2032 size=9984 ret=0 run=216 sample=216
89348.357 [0] DBG_STACK name=mesh_route tid=0x2000b038 used=6976 free=2496 size=9472 ret=0 run=216 sample=216
89348.357 [0] DBG_STACK name=sysworkq tid=0x2000d980 used=772 free=4604 size=5376 ret=0 run=216 sample=216
89348.357 [0] DBG_STACK name=logging tid=0x2000cec0 used=544 free=1504 size=2048 ret=0 run=216 sample=216
89348.357 [0] DBG_STACK name=idle tid=0x2000d750 used=64 free=256 size=320 ret=0 run=216 sample=216
89348.357 [0] DBG_STACK_SAMPLE_END run=216 sample=216
89348.357 [0] DBG_DWM_PHY_SWITCH from=2 to=4 fast=0 us=23590
89348.357 [0] DBG_DWM_WAKE_MESH_CTRL_OK sfd=1033
89348.357 [0] DBG_ROUTE_REPLY_CLICK_PROBE_DONE duration_ms=53 outcome=restore ret=0
89348.357 [0] DBG_DWM_INVALIDATE tag=configure_radio_from_reset active_phy=4 configured=1 awake=1
89348.357 [0] DBG_DWM_MARK_UNCONFIGURED tag=initialise_radio prev_phy=0
89348.357 [0] DBG_DWM_PHY_SWITCH from=4 to=2 fast=0 us=20874
89348.357 [0] DBG_DWM_CH5_RX_HUNT_START acq=61 complete=1000 cap=1020
89348.357 [0] DBG_DWM_CH5_RX_ACTIVITY_EXTEND ret=0 status=0x00000100 complete=1000
89348.363 [1] te WAKE_CLAIM train owner=mesh route reply RX client=2 age_ms=1420
89348.363 [1] [00:05:15.564,575] <wrn> app_mesh_report: mesh route UWB WAKE_CLAIM guard failed: target=0x0f6d3a3bdac0f858 ret=-16
89348.363 [1] [00:05:15.576,507] <wrn> app_mesh_report: mesh route reply RX failed: target=0x9699122bd6
89348.363 [1] [00:05:15.631,713] <wrn> app_mesh_report: mesh route reply RX failed: tar
89348.407 [0] DBG_DWM_MARK_UNCONFIGURED tag=initialise_radio prev_phy=0
89348.407 [0] DBG_DWM_PHY_SWITCH from=2 to=4 fast=0 us=21057
89348.407 [0] DBG_DWM_WAKE_MESH_CTRL_OK sfd=1033
89348.407 [0] DBG_ROUTE_REPLY_CLICK_PROBE_DONE duration_ms=49 outcome=restore ret=0
89348.407 [0] DBG_DWM_INVALIDATE tag=configure_radio_from_reset active_phy=4 configured=1 awake=1
89348.407 [0] DBG_DWM_MARK_UNCONFIGURED tag=initialise_radio prev_phy=0
89348.407 [0] DBG_UWB_RX_COORD_DEFER state=mesh-tx reason=mesh-tx route=0 q=0
89348.407 [0] DBG_DWM_PHY_SWITCH from=4 to=2 fast=0 us=21210
89348.407 [0] DBG_DWM_CH5_RX_HUNT_START acq=61 complete=1000 cap=1020
89348.407 [0] DBG_DWM_CH5_RX_ACTIVITY_EXTEND ret=0 status=0x00000100 complete=1000
89348.407 [0] DBG_DWM_CH5_RX_ACTIVITY_WAIT status=0x00000100 remain=1000
89348.464 [0] DBG_DWM_CH5_RX_ACTIVITY_DONE raw=51 payload=49 status=0x00006f00 rearm=0 extended=1
89348.464 [0] DBG_DWM_INVALIDATE tag=configure_radio_from_reset active_phy=2 configured=1 awake=1
89348.464 [0] DBG_DWM_MARK_UNCONFIGURED tag=initialise_radio prev_phy=0
89348.464 [0] DBG_DWM_PHY_SWITCH from=2 to=4 fast=0 us=20813
89348.464 [0] DBG_DWM_WAKE_MESH_CTRL_OK sfd=1033
89348.464 [0] DBG_ROUTE_REPLY_CLICK_PROBE_DONE duration_ms=46 outcome=restore ret=0
89348.464 [0] DBG_DWM_INVALIDATE tag=configure_radio_from_reset active_phy=4 configured=1 awake=1
89348.464 [0] DBG_DWM_MARK_UNCONFIGURED tag=initialise_radio prev_phy=0
89348.464 [0] DBG_UWB_RX_COORD_DEFER state=mesh-tx reason=mesh-tx route=0 q=0
89348.464 [0] DBG_DWM_PHY_SWITCH from=4 to=2 fast=0 us=21027
89348.464 [0] DBG_DWM_CH5_RX_HUNT_START acq=61 complete=1000 cap=1020
89348.464 [0] DBG_DWM_CH5_RX_ACTIVITY_EXTEND ret=0 status=0x00000100 complete=1000
89348.464 [0] DBG_DWM_CH5_RX_ACTIVITY_WAIT status=0x00000100 remain=1000
89348.464 [0] DBG_DWM_CH5_RX_ACTIVITY_DONE raw=51 payload=49 status=0x00006f00 rearm=0 extended=1
89348.464 [0] DBG_DWM_INVALIDATE tag=configure_radio_from_reset active_phy=2 configured=1 awake=1
89348.509 [0] DBG_DWM_MARK_UNCONFIGURED tag=initialise_radio prev_phy=0
89348.509 [0] DBG_DWM_PHY_SWITCH from=2 to=4 fast=0 us=20936
89348.509 [0] DBG_DWM_WAKE_MESH_CTRL_OK sfd=1033
89348.509 [0] DBG_ROUTE_REPLY_CLICK_PROBE_DONE duration_ms=50 outcome=restore ret=0
89348.509 [0] DBG_DWM_INVALIDATE tag=configure_radio_from_reset active_phy=4 configured=1 awake=1
89348.509 [0] DBG_DWM_MARK_UNCONFIGURED tag=initialise_radio prev_phy=0
89348.509 [0] DBG_UWB_RX_COORD_DEFER state=mesh-tx reason=mesh-tx route=0 q=0
89348.509 [0] DBG_DWM_PHY_SWITCH from=4 to=2 fast=0 us=21149
89348.509 [0] DBG_DWM_CH5_RX_HUNT_START acq=61 complete=1000 cap=1020
89348.509 [0] DBG_DWM_CH5_RX_ACTIVITY_EXTEND ret=0 status=0x00000100 complete=1000
89348.509 [0] DBG_DWM_CH5_RX_ACTIVITY_WAIT status=0x00000100 remain=1000
89348.509 [0] DBG_DWM_CH5_RX_ACTIVITY_DONE raw=51 payload=49 status=0x00006f00 rearm=0 extended=1
89348.509 [0] DBG_DWM_INVALIDATE tag=configure_radio_from_reset active_phy=2 configured=1 awake=1
89348.548 [0] DBG_DWM_MARK_UNCONFIGURED tag=initialise_radio prev_phy=0
89348.548 [0] DBG_DWM_PHY_SWITCH from=2 to=4 fast=0 us=20843
89348.548 [0] DBG_DWM_WAKE_MESH_CTRL_OK sfd=1033
89348.548 [0] DBG_ROUTE_REPLY_CLICK_PROBE_DONE duration_ms=47 outcome=restore ret=0
89348.548 [0] DBG_DWM_INVALIDATE tag=configure_radio_from_reset active_phy=4 configured=1 awake=1
89348.598 [0] DBG_UWB_RX_COORD_DEFER state=mesh-tx reason=mesh-tx route=0 q=0
89348.598 [0] DBG_DWM_MARK_UNCONFIGURED tag=initialise_radio prev_phy=0
89348.598 [0] DBG_DWM_PHY_SWITCH from=4 to=2 fast=0 us=20966
89348.598 [0] DBG_DWM_CH5_RX_HUNT_START acq=61 complete=1000 cap=1020
89348.598 [0] DBG_DWM_CH5_RX_ACTIVITY_EXTEND ret=0 status=0x00000100 complete=1000
89348.598 [0] DBG_DWM_CH5_RX_ACTIVITY_WAIT status=0x00000100 remain=1000
89348.598 [0] DBG_DWM_CH5_RX_ACTIVITY_DONE raw=51 payload=49 status=0x00006f00 rearm=0 extended=1
89348.598 [0] DBG_DWM_INVALIDATE tag=configure_radio_from_reset active_phy=2 configured=1 awake=1
89348.598 [0] DBG_DWM_MARK_UNCONFIGURED tag=initialise_radio prev_phy=0
89348.598 [0] DBG_DWM_PHY_SWITCH from=2 to=4 fast=0 us=20844
89348.598 [0] DBG_DWM_WAKE_MESH_CTRL_OK sfd=1033
89348.598 [0] DBG_ROUTE_REPLY_CLICK_PROBE_DONE duration_ms=49 outcome=restore ret=0
89348.598 [0] DBG_ROUTE_REPLY_EMPTY status=04000100 phy=4 phr=1 starts=2638 done=955 timeouts=1547 crc=46 errors=74 scope=34 spi=0
89348.598 [0] DBG_ROUTE_REPLY_LISTEN_DONE captured=0 ret=-5
89348.598 [0] DBG_ANCHOR_ROUTE_WAKE_HANDOFF_DONE src=0x9699122bd60a64e3 embedded=0 ret=-5 pending=0
89348.676 [0] DBG_UWB_RX_COORD_DEFER state=mesh-tx reason=mesh-tx route=0 q=0
89348.711 [0] DBG_UWB_RX_COORD_DEFER state=mesh-tx reason=mesh-tx route=0 q=0
89348.764 [0] DBG_UWB_RX_COORD_DEFER state=mesh-tx reason=mesh-tx route=0 q=0
89348.792 [0] DBG_UWB_RX_COORD_DEFER state=mesh-tx reason=mesh-tx route=0 q=0
89348.847 [0] DBG_TX_TIMEOUT_ENTER relay=1 route=0 ch9pend=0 bundle=0 now=316145
89348.847 [0] DBG_RETRANSMIT_DIRECT_GW seq=1 now=316146
89348.847 [0] DBG_C5_CONTACT phase=open state=1 peer=0x0f6d3a3bdac0f858 purpose=uplink reason=retransmit-uplink-wake
89348.847 [0] DBG_WAKE_TRAIN_GUARD_OK
89348.847 [0] DBG_DWM_INVALIDATE tag=configure_radio_from_reset active_phy=4 configured=1 awake=1
89348.881 [0] DBG_DWM_MARK_UNCONFIGURED tag=initialise_radio prev_phy=0
89348.881 [0] DBG_DWM_PHY_SWITCH from=4 to=2 fast=0 us=20874
89348.881 [0] DBG_MESH_WAKE_POLITE_ACTIVITY phase=pre target=0xf6d3a3bdac0f858 retry=0 ret=0 fail=3 reason=retransmit-uplink-wake
89348.881 [0] DBG_WAKE_TRAIN_TIMING evt=316146 start=0 first=0 last=0 end=316188 sent=0 ret=-11
89348.881 [0] DBG_C5_CONTACT phase=closing state=4 peer=0x0f6d3a3bdac0f858 purpose=uplink reason=wake-train-fail
89348.881 [0] DBG_MESH_WAKE_POLITE_BACKOFF phase=pre target=0xf6d3a3bdac0f858 retry=1/3 delay=236 reason=retransmit-uplink-wake
89348.988 [0] DBG_ANCHOR_CH5_SCAN_HANDLER role=2
89348.988 [0] DBG_ANCHOR_CH5_SCAN_ARM now=316290 win=10 complete=15 interval=380 wait=0 tx=1 response=0
89348.988 [0] DBG_DWM_CH5_RX_HUNT_START acq=10 complete=1000 cap=1020
89349.020 [0] DBG_DWM_CH5_RX_HUNT_EMPTY s=316298 e=316308 ret=-116 sys=00000000 phy=2 cfg=1 aw=1 unk=0
89349.020 [0] DBG_ANCHOR_CH5_SCAN_DONE ret=-116 len=0 fail=1 pre=0 q=0 rx_us=10833 complete=1000
89349.020 [0] DBG_ANCHOR_CH5_SCAN_RESCHED ret=1 delay=380
89349.111 [0] DBG_C5_CONTACT phase=open state=1 peer=0x0f6d3a3bdac0f858 purpose=uplink reason=retransmit-uplink-wake
89349.111 [0] DBG_WAKE_TRAIN_GUARD_OK
89349.142 [0] DBG_WAKE_TRAIN_CONFIG_BEGIN
89349.178 [0] DBG_WAKE_TRAIN_CONFIG_OK
89349.178 [0] DBG_WAKE_TRAIN_FIRST_SEND_BEGIN
89349.178 [0] DBG_WAKE_TRAIN_FIRST_SEND_OK
89349.178 [0] DBG_UWB_TX_CH5
89349.178 [0] DBG_TX_WAKE_CLAIM_SENT
89349.178 [0] DBG_UWB_TX_CH5
89349.178 [0] DBG_TX_WAKE_CLAIM_SENT
89349.178 [0] DBG_UWB_TX_CH5
89349.178 [0] DBG_TX_WAKE_CLAIM_SENT
89349.178 [0] DBG_UWB_TX_CH5
89349.178 [0] DBG_TX_WAKE_CLAIM_SENT
89349.178 [0] DBG_DWM_CH5_RX_HUNT_START acq=10 complete=1000 cap=124
89349.203 [0] DBG_DWM_CH5_RX_HUNT_EMPTY s=316489 e=316499 ret=-116 sys=00000000 phy=2 cfg=1 aw=1 unk=0
89349.203 [0] DBG_UWB_TX_CH5
89349.203 [0] DBG_TX_WAKE_CLAIM_SENT
89349.203 [0] DBG_UWB_TX_CH5
89349.203 [0] DBG_TX_WAKE_CLAIM_SENT
89349.203 [0] DBG_DWM_CH5_RX_HUNT_START acq=10 complete=1000 cap=124
89349.231 [0] DBG_DWM_CH5_RX_HUNT_EMPTY s=316513 e=316523 ret=-116 sys=00000000 phy=2 cfg=1 aw=1 unk=0
89349.231 [0] DBG_UWB_TX_CH5
89349.231 [0] DBG_TX_WAKE_CLAIM_SENT
89349.231 [0] DBG_UWB_TX_CH5
89349.231 [0] DBG_TX_WAKE_CLAIM_SENT
89349.231 [0] DBG_DWM_CH5_RX_HUNT_START acq=10 complete=1000 cap=124
89349.231 [0] DBG_DWM_CH5_RX_HUNT_EMPTY s=316537 e=316547 ret=-116 sys=00000000 phy=2 cfg=1 aw=1 unk=0
89349.258 [0] DBG_UWB_TX_CH5
89349.258 [0] DBG_TX_WAKE_CLAIM_SENT
89349.258 [0] DBG_UWB_TX_CH5
89349.258 [0] DBG_TX_WAKE_CLAIM_SENT
89349.258 [0] DBG_DWM_CH5_RX_HUNT_START acq=10 complete=1000 cap=124
89349.258 [0] DBG_DWM_CH5_RX_HUNT_EMPTY s=316561 e=316571 ret=-116 sys=00000000 phy=2 cfg=1 aw=1 unk=0
89349.290 [0] DBG_UWB_TX_CH5
89349.290 [0] DBG_TX_WAKE_CLAIM_SENT
89349.290 [0] DBG_UWB_TX_CH5
89349.290 [0] DBG_TX_WAKE_CLAIM_SENT
89349.290 [0] DBG_DWM_CH5_RX_HUNT_START acq=10 complete=1000 cap=124
89349.290 [0] DBG_DWM_CH5_RX_HUNT_EMPTY s=316585 e=316595 ret=-116 sys=00000000 phy=2 cfg=1 aw=1 unk=0
89349.290 [0] DBG_UWB_TX_CH5
89349.290 [0] DBG_TX_WAKE_CLAIM_SENT
89349.317 [0] DBG_UWB_TX_CH5
89349.317 [0] DBG_TX_WAKE_CLAIM_SENT
89349.317 [0] DBG_DWM_CH5_RX_HUNT_START acq=10 complete=1000 cap=124
89349.317 [0] DBG_DWM_CH5_RX_HUNT_EMPTY s=316609 e=316619 ret=-116 sys=00000000 phy=2 cfg=1 aw=1 unk=0
89349.317 [0] DBG_UWB_TX_CH5
89349.317 [0] DBG_TX_WAKE_CLAIM_SENT
89349.317 [0] DBG_UWB_TX_CH5
89349.317 [0] DBG_TX_WAKE_CLAIM_SENT
89349.317 [0] DBG_DWM_CH5_RX_HUNT_START acq=10 complete=1000 cap=124
89349.345 [0] DBG_DWM_CH5_RX_HUNT_EMPTY s=316632 e=316642 ret=-116 sys=00000000 phy=2 cfg=1 aw=1 unk=0
89349.345 [0] DBG_UWB_TX_CH5
89349.345 [0] DBG_TX_WAKE_CLAIM_SENT
89349.345 [0] DBG_UWB_TX_CH5
89349.345 [0] DBG_TX_WAKE_CLAIM_SENT
89349.345 [0] DBG_DWM_CH5_RX_HUNT_START acq=10 complete=1000 cap=124
89349.375 [0] DBG_DWM_CH5_RX_HUNT_EMPTY s=316656 e=316666 ret=-116 sys=00000000 phy=2 cfg=1 aw=1 unk=0
89349.375 [0] DBG_UWB_TX_CH5
89349.375 [0] DBG_TX_WAKE_CLAIM_SENT
89349.375 [0] DBG_UWB_TX_CH5
89349.375 [0] DBG_TX_WAKE_CLAIM_SENT
89349.375 [0] DBG_DWM_CH5_RX_HUNT_START acq=10 complete=1000 cap=124
89349.375 [0] DBG_DWM_CH5_RX_HUNT_EMPTY s=316680 e=316690 ret=-116 sys=00000000 phy=2 cfg=1 aw=1 unk=0
89349.375 [0] DBG_ANCHOR_CH5_SCAN_HANDLER role=2
89349.375 [0] DBG_ANCHOR_CH5_SCAN_BLOCKED win=0 tx=1 retry_gap=0 flood=0 wait=0 rx=0 rxq=0 rxr=0 ack=0 ch9=0 rf=1 retry=20 interval=380
89349.416 [0] DBG_SCAN_SKIPPED reason=blocked
89349.416 [0] DBG_ANCHOR_CH5_SCAN_RESCHED ret=1 delay=20
89349.416 [0] DBG_UWB_TX_CH5
89349.416 [0] DBG_TX_WAKE_CLAIM_SENT
89349.416 [0] DBG_UWB_TX_CH5
89349.416 [0] DBG_TX_WAKE_CLAIM_SENT
89349.416 [0] DBG_DWM_CH5_RX_HUNT_START acq=10 complete=1000 cap=124
89349.416 [0] DBG_ANCHOR_CH5_SCAN_HANDLER role=2
89349.416 [0] DBG_DWM_CH5_RX_HUNT_EMPTY s=316704 e=316714 ret=-116 sys=00000000 phy=2 cfg=1 aw=1 unk=0
89349.416 [0] DBG_ANCHOR_CH5_SCAN_BLOCKED win=0 tx=1 retry_gap=0 flood=0 wait=0 rx=0 rxq=0 rxr=0 ack=0 ch9=0 rf=1 retry=20 interval=380
89349.416 [0] DBG_SCAN_SKIPPED reason=blocked
89349.416 [0] DBG_ANCHOR_CH5_SCAN_RESCHED ret=1 delay=20
89349.416 [0] DBG_UWB_TX_CH5
89349.416 [0] DBG_TX_WAKE_CLAIM_SENT
89349.467 [0] DBG_UWB_TX_CH5
89349.467 [0] DBG_TX_WAKE_CLAIM_SENT
89349.467 [0] DBG_DWM_CH5_RX_HUNT_START acq=10 complete=1000 cap=124
89349.467 [0] DBG_ANCHOR_CH5_SCAN_HANDLER role=2
89349.467 [0] DBG_DWM_CH5_RX_HUNT_EMPTY s=316728 e=316738 ret=-116 sys=00000000 phy=2 cfg=1 aw=1 unk=0
89349.467 [0] DBG_ANCHOR_CH5_SCAN_BLOCKED win=0 tx=1 retry_gap=0 flood=0 wait=0 rx=0 rxq=0 rxr=0 ack=0 ch9=0 rf=1 retry=20 interval=380
89349.467 [0] DBG_SCAN_SKIPPED reason=blocked
89349.467 [0] DBG_ANCHOR_CH5_SCAN_RESCHED ret=1 delay=20
89349.467 [0] DBG_UWB_TX_CH5
89349.467 [0] DBG_TX_WAKE_CLAIM_SENT
89349.467 [0] DBG_UWB_TX_CH5
89349.467 [0] DBG_TX_WAKE_CLAIM_SENT
89349.467 [0] DBG_DWM_CH5_RX_HUNT_START acq=10 complete=1000 cap=124
89349.467 [0] DBG_ANCHOR_CH5_SCAN_HANDLER role=2
89349.467 [0] DBG_DWM_CH5_RX_HUNT_EMPTY s=316752 e=316762 ret=-116 sys=00000000 phy=2 cfg=1 aw=1 unk=0
89349.467 [0] DBG_ANCHOR_CH5_SCAN_BLOCKED win=0 tx=1 retry_gap=0 flood=0 wait=0 rx=0 rxq=0 rxr=0 ack=0 ch9=0 rf=1 retry=20 interval=380
89349.467 [0] DBG_SCAN_SKIPPED reason=blocked
89349.467 [0] DBG_ANCHOR_CH5_SCAN_RESCHED ret=1 delay=20
89349.467 [0] DBG_UWB_TX_CH5
89349.467 [0] DBG_TX_WAKE_CLAIM_SENT
89349.467 [0] DBG_UWB_TX_CH5
89349.467 [0] DBG_TX_WAKE_CLAIM_SENT
89349.467 [0] DBG_DWM_CH5_RX_HUNT_START acq=10 complete=1000 cap=124
89349.472 [1] [00:05:15.741,912] <wrn> app_mesh_report: mesh route reply RX failed: target=0x9699122bd60a64e3 ret=-5 rx_failure=4 reason=anchor-route-wake-followup
89349.472 [1] [00:05:15.795,501] <wrn> app_mesh_report: mesh route reply RX failed: target=0x9699122bd60a64e3 ret=-5 rx_failure=2 reason=anchor-route-wake-followup
89349.472 [1] [00:05:15.843,780] <wrn> app_mesh_report:
89349.513 [0] DBG_UWB_TX_CH5
89349.513 [0] DBG_TX_WAKE_CLAIM_SENT
89349.513 [0] DBG_UWB_TX_CH5
89349.513 [0] DBG_TX_WAKE_CLAIM_SENT
89349.513 [0] DBG_DWM_CH5_RX_HUNT_START acq=10 complete=1000 cap=124
89349.513 [0] DBG_ANCHOR_CH5_SCAN_HANDLER role=2
89349.513 [0] DBG_DWM_CH5_RX_HUNT_EMPTY s=316800 e=316810 ret=-116 sys=00000000 phy=2 cfg=1 aw=1 unk=0
89349.513 [0] DBG_ANCHOR_CH5_SCAN_BLOCKED win=0 tx=1 retry_gap=0 flood=0 wait=0 rx=0 rxq=0 rxr=0 ack=0 ch9=0 rf=1 retry=20 interval=380
89349.513 [0] DBG_SCAN_SKIPPED reason=blocked
89349.513 [0] DBG_ANCHOR_CH5_SCAN_RESCHED ret=1 delay=20
89349.513 [0] DBG_UWB_TX_CH5
89349.513 [0] DBG_TX_WAKE_CLAIM_SENT
89349.513 [0] DBG_UWB_TX_CH5
89349.513 [0] DBG_TX_WAKE_CLAIM_SENT
89349.513 [0] DBG_DWM_CH5_RX_HUNT_START acq=10 complete=1000 cap=124
89349.553 [0] DBG_ANCHOR_CH5_SCAN_HANDLER role=2
89349.553 [0] DBG_DWM_CH5_RX_HUNT_EMPTY s=316824 e=316834 ret=-116 sys=00000000 phy=2 cfg=1 aw=1 unk=0
89349.553 [0] DBG_ANCHOR_CH5_SCAN_BLOCKED win=0 tx=1 retry_gap=0 flood=0 wait=0 rx=0 rxq=0 rxr=0 ack=0 ch9=0 rf=1 retry=20 interval=380
89349.553 [0] DBG_SCAN_SKIPPED reason=blocked
89349.553 [0] DBG_ANCHOR_CH5_SCAN_RESCHED ret=1 delay=20
89349.553 [0] DBG_UWB_TX_CH5
89349.553 [0] DBG_TX_WAKE_CLAIM_SENT
89349.553 [0] DBG_UWB_TX_CH5
89349.553 [0] DBG_TX_WAKE_CLAIM_SENT
89349.553 [0] DBG_DWM_CH5_RX_HUNT_START acq=10 complete=1000 cap=124
89349.553 [0] DBG_ANCHOR_CH5_SCAN_HANDLER role=2
89349.553 [0] DBG_DWM_CH5_RX_HUNT_EMPTY s=316848 e=316858 ret=-116 sys=00000000 phy=2 cfg=1 aw=1 unk=0
89349.553 [0] DBG_ANCHOR_CH5_SCAN_BLOCKED win=0 tx=1 retry_gap=0 flood=0 wait=0 rx=0 rxq=0 rxr=0 ack=0 ch9=0 rf=1 retry=20 interval=380
89349.553 [0] DBG_SCAN_SKIPPED reason=blocked
89349.553 [0] DBG_ANCHOR_CH5_SCAN_RESCHED ret=1 delay=20
89349.553 [0] DBG_UWB_TX_CH5
89349.553 [0] DBG_TX_WAKE_CLAIM_SENT
89349.587 [0] DBG_UWB_TX_CH5
89349.587 [0] DBG_TX_WAKE_CLAIM_SENT
89349.587 [0] DBG_DWM_CH5_RX_HUNT_START acq=10 complete=1000 cap=124
89349.587 [0] DBG_ANCHOR_CH5_SCAN_HANDLER role=2
89349.587 [0] DBG_DWM_CH5_RX_HUNT_EMPTY s=316872 e=316882 ret=-116 sys=00000000 phy=2 cfg=1 aw=1 unk=0
89349.587 [0] DBG_ANCHOR_CH5_SCAN_BLOCKED win=0 tx=1 retry_gap=0 flood=0 wait=0 rx=0 rxq=0 rxr=0 ack=0 ch9=0 rf=1 retry=20 interval=380
89349.587 [0] DBG_SCAN_SKIPPED reason=blocked
89349.587 [0] DBG_ANCHOR_CH5_SCAN_RESCHED ret=1 delay=20
89349.587 [0] DBG_UWB_TX_CH5
89349.587 [0] DBG_TX_WAKE_CLAIM_SENT
89349.587 [0] DBG_UWB_TX_CH5
89349.587 [0] DBG_TX_WAKE_CLAIM_SENT
89349.587 [0] DBG_DWM_CH5_RX_HUNT_START acq=10 complete=1000 cap=124
89349.625 [0] DBG_ANCHOR_CH5_SCAN_HANDLER role=2
89349.625 [0] DBG_DWM_CH5_RX_HUNT_EMPTY s=316896 e=316906 ret=-116 sys=00000000 phy=2 cfg=1 aw=1 unk=0
89349.625 [0] DBG_ANCHOR_CH5_SCAN_BLOCKED win=0 tx=1 retry_gap=0 flood=0 wait=0 rx=0 rxq=0 rxr=0 ack=0 ch9=0 rf=1 retry=20 interval=380
89349.625 [0] DBG_SCAN_SKIPPED reason=blocked
89349.625 [0] DBG_ANCHOR_CH5_SCAN_RESCHED ret=1 delay=20
89349.625 [0] DBG_UWB_TX_CH5
89349.625 [0] DBG_TX_WAKE_CLAIM_SENT
89349.625 [0] DBG_UWB_TX_CH5
89349.625 [0] DBG_TX_WAKE_CLAIM_SENT
89349.625 [0] DBG_DWM_CH5_RX_HUNT_START acq=10 complete=1000 cap=124
89349.625 [0] DBG_ANCHOR_CH5_SCAN_HANDLER role=2
89349.625 [0] DBG_DWM_CH5_RX_HUNT_EMPTY s=316920 e=316930 ret=-116 sys=00000000 phy=2 cfg=1 aw=1 unk=0
89349.625 [0] DBG_ANCHOR_CH5_SCAN_BLOCKED win=0 tx=1 retry_gap=0 flood=0 wait=0 rx=0 rxq=0 rxr=0 ack=0 ch9=0 rf=1 retry=20 interval=380
89349.625 [0] DBG_SCAN_SKIPPED reason=blocked
89349.625 [0] DBG_ANCHOR_CH5_SCAN_RESCHED ret=1 delay=20
89349.625 [0] DBG_UWB_TX_CH5
89349.625 [0] DBG_TX_WAKE_CLAIM_SENT
89349.671 [0] DBG_UWB_TX_CH5
89349.671 [0] DBG_TX_WAKE_CLAIM_SENT
89349.671 [0] DBG_DWM_CH5_RX_HUNT_START acq=10 complete=1000 cap=124
89349.671 [0] DBG_ANCHOR_CH5_SCAN_HANDLER role=2
89349.671 [0] DBG_DWM_CH5_RX_HUNT_EMPTY s=316944 e=316954 ret=-116 sys=00000000 phy=2 cfg=1 aw=1 unk=0
89349.671 [0] DBG_ANCHOR_CH5_SCAN_BLOCKED win=0 tx=1 retry_gap=0 flood=0 wait=0 rx=0 rxq=0 rxr=0 ack=0 ch9=0 rf=1 retry=20 interval=380
89349.671 [0] DBG_SCAN_SKIPPED reason=blocked
89349.671 [0] DBG_ANCHOR_CH5_SCAN_RESCHED ret=1 delay=20
89349.671 [0] DBG_UWB_TX_CH5
89349.671 [0] DBG_TX_WAKE_CLAIM_SENT
89349.671 [0] DBG_UWB_TX_CH5
89349.671 [0] DBG_TX_WAKE_CLAIM_SENT
89349.671 [0] DBG_DWM_CH5_RX_HUNT_START acq=10 complete=1000 cap=124
89349.671 [0] DBG_ANCHOR_CH5_SCAN_HANDLER role=2
89349.671 [0] DBG_DWM_CH5_RX_HUNT_EMPTY s=316968 e=316978 ret=-116 sys=00000000 phy=2 cfg=1 aw=1 unk=0
89349.671 [0] DBG_ANCHOR_CH5_SCAN_BLOCKED win=0 tx=1 retry_gap=0 flood=0 wait=0 rx=0 rxq=0 rxr=0 ack=0 ch9=0 rf=1 retry=20 interval=380
89349.671 [0] DBG_SCAN_SKIPPED reason=blocked
89349.709 [0] DBG_ANCHOR_CH5_SCAN_RESCHED ret=1 delay=20
89349.709 [0] DBG_WAKE_TRAIN_TIMING evt=316146 start=316462 first=316468 last=316967 end=317000 sent=44 ret=0
89349.709 [0] DBG_C5_CONTACT phase=accepted state=2 peer=0x0f6d3a3bdac0f858 purpose=uplink reason=retransmit-uplink-wake
89349.709 [0] DBG_UPLINK_WAKE next=0xf6d3a3bdac0f858 ret=0 seq=1 phase=retransmit
89349.709 [0] DBG_C5_CONTROL_FOLLOWUP_TURNAROUND delay=60 msg=20 reason=retransmit-uplink-wake
89349.709 [0] DBG_ANCHOR_CH5_SCAN_HANDLER role=2
89349.709 [0] DBG_DWM_CH5_RX_HUNT_START acq=10 complete=1000 cap=1020
89349.709 [0] DBG_DWM_CH5_RX_HUNT_EMPTY s=317011 e=317021 ret=-116 sys=00000000 phy=2 cfg=1 aw=1 unk=0
89349.709 [0] DBG_ANCHOR_CH5_SCAN_RESCHED ret=1 delay=380
89349.757 [0] DBG_DWM_INVALIDATE tag=configure_radio_from_reset active_phy=2 configured=1 awake=1
89349.791 [0] DBG_DWM_MARK_UNCONFIGURED tag=initialise_radio prev_phy=0
89349.791 [0] DBG_DWM_PHY_SWITCH from=2 to=4 fast=0 us=20966
89349.791 [0] DBG_DWM_WAKE_MESH_CTRL_OK sfd=1033
89349.791 [0] DBG_DIRECT_GW_TX_CONFIG ret=0 now=317086 seq=1
89349.791 [0] DBG_CH9_TX_SEND_AT now=317087 earliest=316145 msg=20 len=281
89349.791 [0] DBG_CH9_TX_DONE now=317093 dur=6 len=281 msg=20
89349.791 [0] DBG_UWB_TX_CH5
89349.791 [0] DBG_CLICK_TX_DONE now=317093 seq=1
89349.791 [0] DBG_CH9_TX_SINGLE_SEND_OK
89349.791 [0] DBG_CH9_EVENT_STATE state=complete peer=0x0f6d3a3bdac0f858 start=316146 end=316206 reason=retransmit-direct-gateway
89349.791 [0] DBG_DIRECT_GW_TX_ACK_TRANSIT_WAIT dst=0x9999888877776666 src=0xea35f5b508104aae seq=1
89349.791 [0] DBG_CLICK_ACK_RX_ARM now=317094 slice=60 seq=1
89349.832 [0] DBG_UWB_RX_CH9
89349.832 [0] DBG_MESH_RX_QUEUED ch=9 msg=0x31 src=0xf6d3a3bdac0f858 dst=0xea35f5b508104aae prev=0xf6d3a3bdac0f858 seq=15 q=1
89349.832 [0] DBG_DIRECT_GW_ACK_TRANSIT queued=1 valid=1 dst=0xea35f5b508104aae seq=15
89349.832 [0] DBG_DIRECT_GW_TX_ACK_WAIT ret=0 seq=1
89349.832 [0] DBG_CLICK_ACK_RX now=317123 dms=30 seq=1
89349.832 [0] DBG_COORD state=mesh-rx owner=report-tx reason=mesh-rx rx=1 tx=0 relay=1 route=0 ack=0 qack=0
89349.832 [0] DBG_MESH_RX_WORK_WAIT q=1
89349.832 [0] DBG_MESH_RX_WORK_ENTER q=1
89349.832 [0] DBG_MESH_RX_DRAIN_ENTER owner=work q=1
89349.832 [0] DBG_NEXT_HOP_CUSTODY type=0x20 src=0xea35f5b508104aae session=833941941 seq=1 parent=0xf6d3a3bdac0f858 accepted=317123 now=317
89349.832 [0] DBG_MESH_RX_DRAIN_EXIT owner=work handled=1 q=0
89349.832 [0] DBG_MESH_RX_WORK_EXIT handled=1 q=0
89349.832 [0] DBG_COORD state=idle owner=uwb-rx reason=idle rx=0 tx=0 relay=0 route=0 ack=0 qack=0
89349.832 [0] DBG_ANCHOR_MESH_RX_YIELD reason=anchor-low-duty-ch5-owner ch9=0 delay=0 scan_int=380 scan_win=10 wait=0 q=0
89349.876 [0] DBG_STACK_RUN_BEGIN epoch=16284486061926904368 run=217 kind=anchor_scan owner=anchor_uwb_scan queue=0 custody=0 credit=0 retry=0 drain=0 src=16876665336513972910 dst=11068027678940948070 session=0 seq=0 type=48 sequence=0 previous=0 uptime=317139
89349.876 [0] DBG_STACK_SAMPLE_BEGIN epoch=16284486061926904368 run=217 sample=217 kind=anchor_scan owner=anchor_uwb_scan queue=0 custody=0 credit=0 retry=0 drain=0 src=16876665336513972910 dst=11068027678940948070 session=0 seq=0 type=48 uptime=317154
89349.876 [0] DBG_STACK_ISR_CONFIG size=8192 run=217 sample=217
89349.876 [0] DBG_STACK name=anchor_uwb_scan tid=0x2000ca08 used=7952 free=2032 size=9984 ret=0 run=217 sample=217
89349.876 [0] DBG_STACK name=mesh_route tid=0x2000b038 used=6976 free=2496 size=9472 ret=0 run=217 sample=217
89349.876 [0] DBG_STACK name=sysworkq tid=0x2000d980 used=772 free=4604 size=5376 ret=0 run=217 sample=217
89349.876 [0] DBG_STACK name=logging tid=0x2000cec0 used=544 free=1504 size=2048 ret=0 run=217 sample=217
89349.876 [0] DBG_STACK name=idle tid=0x2000d750 used=64 free=256 size=320 ret=0 run=217 sample=217
89349.912 [0] DBG_STACK_SAMPLE_END run=217 sample=217
89349.912 [0] DBG_STACK_RUN_END epoch=16284486061926904368 run=217 kind=anchor_scan owner=anchor_uwb_scan outcome=ack queue=0 custody=0 credit=0 retry=0 drain=0 src=16876665336513972910 dst=11068027678940948070 session=0 seq=0 type=48 samples=1 attempts=1 errors=0 last_error=0 mutex_drops=317 short_drops=2619 sequence=0 previous=0 uptime=317198
89349.912 [0] DBG_STACK_RUN_END epoch=16284486061926904368 run=216 kind=cir_handling owner=anchor_uwb_scan outcome=ack queue=0 custody=0 credit=0 retry=0 drain=0 src=16876665336513972910 dst=11068027678940948070 session=833941941 seq=1 type=32 samples=1 attempts=1 errors=0 last_error=0 mutex_drops=317 short_drops=2619 sequence=0 previous=0 uptime=317200
89349.912 [0] DBG_STACK_RUN_BEGIN epoch=16284486061926904368 run=218 kind=anchor_scan owner=anchor_uwb_scan queue=0 custody=0 credit=0 retry=0 drain=0 src=16876665336513972910 dst=11068027678940948070 session=0 seq=0 type=48 sequence=0 previous=0 uptime=317202
89349.946 [0] DBG_STACK_SAMPLE_BEGIN epoch=16284486061926904368 run=218 sample=218 kind=anchor_scan owner=anchor_uwb_scan queue=0 custody=0 credit=0 retry=0 drain=0 src=16876665336513972910 dst=11068027678940948070 session=0 seq=0 type=48 uptime=317202
89349.946 [0] DBG_STACK_ISR_CONFIG size=8192 run=218 sample=218
89349.946 [0] DBG_STACK name=anchor_uwb_scan tid=0x2000ca08 used=7952 free=2032 size=9984 ret=0 run=218 sample=218
89349.946 [0] DBG_STACK name=mesh_route tid=0x2000b038 used=6976 free=2496 size=9472 ret=0 run=218 sample=218
89349.946 [0] DBG_STACK name=sysworkq tid=0x2000d980 used=772 free=4604 size=5376 ret=0 run=218 sample=218
89349.946 [0] DBG_STACK name=logging tid=0x2000cec0 used=544 free=1504 size=2048 ret=0 run=218 sample=218
89349.946 [0] DBG_STACK name=idle tid=0x2000d750 used=64 free=256 size=320 ret=0 run=218 sample=218
89349.946 [0] DBG_STACK_SAMPLE_END run=218 sample=218
89349.982 [0] DBG_STACK_RUN_END epoch=16284486061926904368 run=218 kind=anchor_scan owner=anchor_uwb_scan outcome=ack queue=0 custody=0 credit=0 retry=0 drain=0 src=16876665336513972910 dst=11068027678940948070 session=0 seq=0 type=48 samples=1 attempts=1 errors=0 last_error=0 mutex_drops=317 short_drops=2619 sequence=0 previous=0 uptime=317238
89349.982 [0] DBG_STACK_RUN_BEGIN epoch=16284486061926904368 run=219 kind=anchor_scan owner=anchor_uwb_scan queue=0 custody=0 credit=0 retry=0 drain=0 src=16876665336513972910 dst=11068027678940948070 session=0 seq=0 type=48 sequence=0 previous=0 uptime=317270
89349.982 [0] DBG_STACK_SAMPLE_BEGIN epoch=16284486061926904368 run=219 sample=219 kind=anchor_scan owner=anchor_uwb_scan queue=0 custody=0 credit=0 retry=0 drain=0 src=16876665336513972910 dst=11068027678940948070 session=0 seq=0 type=48 uptime=317270
89349.982 [0] DBG_STACK_ISR_CONFIG size=8192 run=219 sample=219
89349.982 [0] DBG_STACK name=anchor_uwb_scan tid=0x2000ca08 used=7952 free=2032 size=9984 ret=0 run=219 sample=219
89350.022 [0] DBG_STACK name=mesh_route tid=0x2000b038 used=6976 free=2496 size=9472 ret=0 run=219 sample=219
89350.022 [0] DBG_STACK name=sysworkq tid=0x2000d980 used=772 free=4604 size=5376 ret=0 run=219 sample=219
89350.022 [0] DBG_STACK name=logging tid=0x2000cec0 used=544 free=1504 size=2048 ret=0 run=219 sample=219
89350.022 [0] DBG_STACK name=idle tid=0x2000d750 used=64 free=256 size=320 ret=0 run=219 sample=219
89350.022 [0] DBG_STACK_SAMPLE_END run=219 sample=219
89350.022 [0] DBG_STACK_RUN_END epoch=16284486061926904368 run=219 kind=anchor_scan owner=anchor_uwb_scan outcome=ack queue=0 custody=0 credit=0 retry=0 drain=0 src=16876665336513972910 dst=11068027678940948070 session=0 seq=0 type=48 samples=1 attempts=1 errors=0 last_error=0 mutex_drops=317 short_drops=2619 sequence=0 previous=0 uptime=317306
89350.022 [0] DBG_STACK_RUN_BEGIN epoch=16284486061926904368 run=220 kind=anchor_scan owner=anchor_uwb_scan queue=0 custody=0 credit=0 retry=0 drain=0 src=16876665336513972910 dst=11068027678940948070 session=0 seq=0 type=48 sequence=0 previous=0 uptime=317308
89350.058 [0] DBG_STACK_SAMPLE_BEGIN epoch=16284486061926904368 run=220 sample=220 kind=anchor_scan owner=anchor_uwb_scan queue=0 custody=0 credit=0 retry=0 drain=0 src=16876665336513972910 dst=11068027678940948070 session=0 seq=0 type=48 uptime=317308
89350.058 [0] DBG_STACK_ISR_CONFIG size=8192 run=220 sample=220
89350.058 [0] DBG_STACK name=anchor_uwb_scan tid=0x2000ca08 used=7952 free=2032 size=9984 ret=0 run=220 sample=220
89350.058 [0] DBG_STACK name=mesh_route tid=0x2000b038 used=6976 free=2496 size=9472 ret=0 run=220 sample=220
89350.058 [0] DBG_STACK name=sysworkq tid=0x2000d980 used=772 free=4604 size=5376 ret=0 run=220 sample=220
89350.058 [0] DBG_STACK name=logging tid=0x2000cec0 used=544 free=1504 size=2048 ret=0 run=220 sample=220
89350.058 [0] DBG_STACK name=idle tid=0x2000d750 used=64 free=256 size=320 ret=0 run=220 sample=220
89350.058 [0] DBG_STACK_SAMPLE_END run=220 sample=220
89350.093 [0] DBG_STACK_RUN_END epoch=16284486061926904368 run=220 kind=anchor_scan owner=anchor_uwb_scan outcome=ack queue=0 custody=0 credit=0 retry=0 drain=0 src=16876665336513972910 dst=11068027678940948070 session=0 seq=0 type=48 samples=1 attempts=1 errors=0 last_error=0 mutex_drops=317 short_drops=2619 sequence=0 previous=0 uptime=317347
89350.093 [0] DBG_ANCHOR_CH5_SCAN_HANDLER role=2
89350.093 [0] DBG_ANCHOR_CH5_SCAN_ARM now=317403 win=10 complete=15 interval=380 wait=0 tx=0 response=0
89350.093 [0] DBG_DWM_INVALIDATE tag=configure_radio_from_reset active_phy=4 configured=1 awake=1
89350.127 [0] DBG_DWM_MARK_UNCONFIGURED tag=initialise_radio prev_phy=0
89350.127 [0] DBG_DWM_PHY_SWITCH from=4 to=2 fast=0 us=20782
89350.127 [0] DBG_DWM_CH5_RX_HUNT_START acq=10 complete=1000 cap=1020
89350.127 [0] DBG_DWM_CH5_RX_ACTIVITY_EXTEND ret=0 status=0x00000100 complete=1000
89350.127 [0] DBG_DWM_CH5_RX_ACTIVITY_WAIT status=0x00000100 remain=1000
89350.127 [0] DBG_DWM_CH5_RX_ACTIVITY_DONE raw=51 payload=49 status=0x00006f00 rearm=0 extended=1
89350.127 [0] DBG_ANCHOR_CH5_SCAN_DONE ret=0 len=49 fail=0 pre=1 q=100 rx_us=10000 complete=1000
89350.127 [0] DBG_UWB_RX_CH5
89350.127 [0] DBG_ANCHOR_CH5_FRAME len=49 q=100 wake_ret=0
89350.127 [0] DBG_ANCHOR_WAKE_ACCEPT clicker=0xc1c2306a5138ab2d evt=18022409 attempt=1 flags=0x20 disc_in=423 q=100
89350.161 [0] DBG_ANCHOR_CLICK_WINDOW active=1 flags=0x20
89350.161 [0] DBG_ANCHOR_DISC_WAIT now=317452 start=317859 deadline=318859 guard=8 listen=1008 phr=std
89350.161 [0] DBG_ANCHOR_DISC_CONFIG phr=std ret=0
89350.161 [0] DBG_ANCHOR_DISC_FRAME len=49 type=0x08 q=100 now=317460
89350.161 [0] DBG_ANCHOR_DISC_FRAME len=49 type=0x08 q=100 now=317467
89350.161 [0] DBG_ANCHOR_DISC_FRAME len=49 type=0x08 q=100 now=317473
89350.203 [0] DBG_ANCHOR_DISC_FRAME len=49 type=0x08 q=100 now=317480
89350.203 [0] DBG_ANCHOR_DISC_FRAME len=49 type=0x08 q=100 now=317486
89350.203 [0] DBG_ANCHOR_DISC_FRAME len=49 type=0x08 q=100 now=317493
89350.203 [0] DBG_ANCHOR_DISC_FRAME len=49 type=0x08 q=100 now=317499
89350.203 [0] DBG_ANCHOR_DISC_FRAME len=49 type=0x08 q=100 now=317506
89350.203 [0] DBG_ANCHOR_DISC_FRAME len=49 type=0x08 q=100 now=317512
89350.246 [0] DBG_ANCHOR_DISC_FRAME len=49 type=0x08 q=100 now=317519
89350.246 [0] DBG_ANCHOR_DISC_FRAME len=49 type=0x08 q=100 now=317525
89350.246 [0] DBG_ANCHOR_DISC_FRAME len=49 type=0x08 q=100 now=317532
89350.246 [0] DBG_ANCHOR_DISC_FRAME len=49 type=0x08 q=100 now=317538
89350.246 [0] DBG_ANCHOR_DISC_FRAME len=49 type=0x08 q=100 now=317544
89350.246 [0] DBG_ANCHOR_DISC_FRAME len=49 type=0x08 q=100 now=317551
89350.246 [0] DBG_ANCHOR_DISC_FRAME len=49 type=0x08 q=100 now=317557
89350.284 [0] DBG_ANCHOR_DISC_FRAME len=49 type=0x08 q=100 now=317564
89350.284 [0] DBG_ANCHOR_DISC_FRAME len=49 type=0x08 q=100 now=317571
89350.284 [0] DBG_ANCHOR_DISC_FRAME len=49 type=0x08 q=100 now=317577
89350.284 [0] DBG_ANCHOR_DISC_FRAME len=49 type=0x08 q=100 now=317583
89350.284 [0] DBG_ANCHOR_DISC_FRAME len=49 type=0x08 q=100 now=317590
89350.284 [0] DBG_ANCHOR_DISC_FRAME len=49 type=0x08 q=100 now=317596
89350.325 [0] DBG_ANCHOR_DISC_FRAME len=49 type=0x08 q=100 now=317603
89350.325 [0] DBG_ANCHOR_DISC_FRAME len=49 type=0x08 q=100 now=317609
89350.325 [0] DBG_ANCHOR_DISC_FRAME len=49 type=0x08 q=100 now=317615
89350.325 [0] DBG_ANCHOR_DISC_FRAME len=49 type=0x08 q=100 now=317622
89350.325 [0] DBG_ANCHOR_DISC_FRAME len=49 type=0x08 q=100 now=317628
89350.325 [0] DBG_ANCHOR_DISC_FRAME len=49 type=0x08 q=100 now=317635
89350.360 [0] DBG_ANCHOR_DISC_FRAME len=49 type=0x08 q=100 now=317642
89350.360 [0] DBG_ANCHOR_DISC_FRAME len=49 type=0x08 q=100 now=317648
89350.360 [0] DBG_ANCHOR_DISC_FRAME len=49 type=0x08 q=100 now=317654
89350.360 [0] DBG_ANCHOR_DISC_FRAME len=49 type=0x08 q=100 now=317661
89350.360 [0] DBG_ANCHOR_DISC_FRAME len=49 type=0x08 q=100 now=317667
89350.360 [0] DBG_ANCHOR_DISC_FRAME len=49 type=0x08 q=100 now=317673
89350.397 [0] DBG_ANCHOR_DISC_FRAME len=49 type=0x08 q=100 now=317680
89350.397 [0] DBG_ANCHOR_DISC_FRAME len=49 type=0x08 q=100 now=317686
89350.397 [0] DBG_ANCHOR_DISC_FRAME len=49 type=0x08 q=100 now=317693
89350.397 [0] DBG_ANCHOR_DISC_FRAME len=49 type=0x08 q=100 now=317699
89350.397 [0] DBG_ANCHOR_DISC_FRAME len=49 type=0x08 q=100 now=317706
89350.397 [0] DBG_ANCHOR_DISC_FRAME len=49 type=0x08 q=100 now=317712
89350.436 [0] DBG_ANCHOR_DISC_FRAME len=49 type=0x08 q=100 now=317719
89350.436 [0] DBG_ANCHOR_DISC_FRAME len=49 type=0x08 q=100 now=317725
89350.436 [0] DBG_ANCHOR_DISC_FRAME len=49 type=0x08 q=100 now=317732
89350.436 [0] DBG_ANCHOR_DISC_FRAME len=49 type=0x08 q=100 now=317738
89350.436 [0] DBG_ANCHOR_DISC_FRAME len=49 type=0x08 q=100 now=317744
89350.436 [0] DBG_ANCHOR_DISC_FRAME len=49 type=0x08 q=100 now=317751
89350.470 [0] DBG_ANCHOR_DISC_FRAME len=49 type=0x08 q=100 now=317757
89350.470 [0] DBG_ANCHOR_DISC_FRAME len=49 type=0x08 q=100 now=317764
89350.470 [0] DBG_ANCHOR_DISC_FRAME len=49 type=0x08 q=100 now=317770
89350.470 [0] DBG_ANCHOR_DISC_FRAME len=49 type=0x08 q=100 now=317777
89350.470 [0] DBG_ANCHOR_DISC_FRAME len=49 type=0x08 q=100 now=317783
89350.509 [0] DBG_ANCHOR_DISC_FRAME len=49 type=0x08 q=100 now=317790
89350.509 [0] DBG_ANCHOR_DISC_FRAME len=49 type=0x08 q=100 now=317796
89350.509 [0] DBG_ANCHOR_DISC_FRAME len=49 type=0x08 q=100 now=317803
89350.509 [0] DBG_ANCHOR_DISC_FRAME len=49 type=0x08 q=100 now=317809
89350.509 [0] DBG_ANCHOR_DISC_FRAME len=49 type=0x08 q=100 now=317816
89350.509 [0] DBG_ANCHOR_DISC_FRAME len=49 type=0x08 q=100 now=317822
89350.551 [0] DBG_ANCHOR_DISC_FRAME len=49 type=0x08 q=100 now=317829
89350.551 [0] DBG_ANCHOR_DISC_FRAME len=49 type=0x08 q=100 now=317836
89350.591 [0] DBG_ANCHOR_DISC_FRAME len=32 type=0x09 q=100 now=317871
89350.591 [0] DBG_ANCHOR_DISC_DECODE evt=18022409 attempt=1 slots=50 flags=0x20
89350.591 [0] DBG_ANCHOR_DISC_REPLY_ARM evt=18022409 attempt=1 slot=1 state=1
89350.591 [0] DBG_ANCHOR_DISC_REPLY_TX evt=18022409 attempt=1 slot=1 ret=0
89351.187 [0] DBG_ANCHOR_CH5_SCAN_RESCHED ret=1 delay=380
89351.562 [0] DBG_ANCHOR_CH5_SCAN_HANDLER role=2
89351.562 [0] DBG_ANCHOR_CH5_SCAN_ARM now=318875 win=10 complete=15 interval=380 wait=0 tx=0 response=0
89351.606 [0] DBG_DWM_CH5_RX_HUNT_START acq=10 complete=1000 cap=1020
89351.606 [0] DBG_DWM_CH5_RX_ACTIVITY_EXTEND ret=0 status=0x00000100 complete=1000
89351.606 [0] DBG_DWM_CH5_RX_ACTIVITY_WAIT status=0x00000100 remain=999
89351.606 [0] DBG_STACK_RUN_BEGIN epoch=16284486061926904368 run=221 kind=anchor_scan owner=anchor_uwb_scan queue=0 custody=0 credit=0 retry=0 drain=0 src=16876665336513972910 dst=11068027678940948070 session=0 seq=0 type=48 sequence=0 previous=0 uptime=318895
89351.606 [0] DBG_STACK_SAMPLE_BEGIN epoch=16284486061926904368 run=221 sample=221 kind=anchor_scan owner=anchor_uwb_scan queue=0 custody=0 credit=0 retry=0 drain=0 src=16876665336513972910 dst=11068027678940948070 session=0 seq=0 type=48 uptime=318895
89351.606 [0] DBG_STACK_ISR_CONFIG size=8192 run=221 sample=221
89351.606 [0] DBG_STACK name=anchor_uwb_scan tid=0x2000ca08 used=7952 free=2032 size=9984 ret=0 run=221 sample=221
89351.606 [0] DBG_STACK name=mesh_route tid=0x2000b038 used=6976 free=2496 size=9472 ret=0 run=221 sample=221
89351.606 [0] DBG_STACK name=sysworkq tid=0x2000d980 used=772 free=4604 size=5376 ret=0 run=221 sample=221
89351.651 [0] DBG_STACK name=logging tid=0x2000cec0 used=544 free=1504 size=2048 ret=0 run=221 sample=221
89351.651 [0] DBG_STACK name=idle tid=0x2000d750 used=64 free=256 size=320 ret=0 run=221 sample=221
89351.651 [0] DBG_STACK_SAMPLE_END run=221 sample=221
89351.651 [0] DBG_STACK_RUN_END epoch=16284486061926904368 run=221 kind=anchor_scan owner=anchor_uwb_scan outcome=ack queue=0 custody=0 credit=0 retry=0 drain=0 src=16876665336513972910 dst=11068027678940948070 session=0 seq=0 type=48 samples=1 attempts=1 errors=0 last_error=0 mutex_drops=331 short_drops=2619 sequence=0 previous=0 uptime=318928
89351.651 [0] DBG_DWM_PHY_SWITCH from=2 to=4 fast=0 us=22034
89351.651 [0] DBG_DWM_WAKE_MESH_CTRL_OK sfd=1033
89351.651 [0] DBG_ROUTE_REPLY_LISTEN_CONFIG ret=0 ext=1
89351.651 [0] DBG_DWM_INVALIDATE tag=configure_radio_from_reset active_phy=4 configured=1 awake=1
89351.651 [0] DBG_DWM_MARK_UNCONFIGURED tag=initialise_radio prev_phy=0
89351.651 [0] DBG_DWM_PHY_SWITCH from=4 to=2 fast=0 us=21424
89351.651 [0] DBG_DWM_CH5_RX_HUNT_START acq=61 complete=1000 cap=1020
89351.692 [0] DBG_DWM_CH5_RX_ACTIVITY_EXTEND ret=0 status=0x00000100 complete=1000
89351.692 [0] DBG_DWM_MARK_UNCONFIGURED tag=initialise_radio prev_phy=0
89351.692 [0] DBG_DWM_PHY_SWITCH from=2 to=4 fast=0 us=21423
89351.692 [0] DBG_DWM_WAKE_MESH_CTRL_OK sfd=1033
89351.692 [0] DBG_ROUTE_REPLY_CLICK_PROBE_DONE duration_ms=50 outcome=restore ret=0
89351.692 [0] DBG_C5_RX_FAIL status=0x04000100 finfo=0x00000000 fail=2 phy=4 ch=5 plen=2 pac=0 txc=9 rxc=9 sfd=2 rate=0 phr=1 phrr=0 sfdto=1
89351.692 [0] DBG_DWM_INVALIDATE tag=configure_radio_from_reset active_phy=4 configured=1 awake=1
89351.732 [0] DBG_DWM_MARK_UNCONFIGURED tag=initialise_radio prev_phy=0
89351.732 [0] DBG_DWM_PHY_SWITCH from=4 to=2 fast=0 us=21423
89351.732 [0] DBG_DWM_CH5_RX_HUNT_START acq=61 complete=1000 cap=1020
89351.732 [0] DBG_DWM_CH5_RX_ACTIVITY_EXTEND ret=0 status=0x00000100 complete=1000
89351.732 [0] DBG_DWM_CH5_RX_ACTIVITY_WAIT status=0x00000100 remain=1000
89351.732 [0] DBG_DWM_CH5_RX_ACTIVITY_DONE raw=51 payload=49 status=0x00006f00 rearm=0 extended=1
89351.732 [0] DBG_DWM_INVALIDATE tag=configure_radio_from_reset active_phy=2 configured=1 awake=1
89351.732 [0] DBG_DWM_MARK_UNCONFIGURED tag=initialise_radio prev_phy=0
89351.732 [0] DBG_DWM_PHY_SWITCH from=2 to=4 fast=0 us=21454
89351.732 [0] DBG_DWM_WAKE_MESH_CTRL_OK sfd=1033
89351.732 [0] DBG_ROUTE_REPLY_CLICK_PROBE_DONE duration_ms=50 outcome=restore ret=0
89351.766 [0] DBG_DWM_INVALIDATE tag=configure_radio_from_reset active_phy=4 configured=1 awake=1
89351.766 [0] DBG_DWM_MARK_UNCONFIGURED tag=initialise_radio prev_phy=0
89351.766 [0] DBG_DWM_PHY_SWITCH from=4 to=2 fast=0 us=20783
89351.766 [0] DBG_DWM_CH5_RX_HUNT_START acq=61 complete=1000 cap=1020
89351.766 [0] DBG_DWM_CH5_RX_ACTIVITY_EXTEND ret=0 status=0x00000100 complete=1000
89351.766 [0] DBG_DWM_CH5_RX_ACTIVITY_WAIT status=0x00000100 remain=1000
89351.804 [0] DBG_DWM_CH5_RX_ACTIVITY_DONE raw=51 payload=49 status=0x00006f00 rearm=0 extended=1
89351.804 [0] DBG_DWM_INVALIDATE tag=configure_radio_from_reset active_phy=2 configured=1 awake=1
89351.804 [0] DBG_DWM_MARK_UNCONFIGURED tag=initialise_radio prev_phy=0
89351.804 [0] DBG_DWM_PHY_SWITCH from=2 to=4 fast=0 us=20813
89351.804 [0] DBG_DWM_WAKE_MESH_CTRL_OK sfd=1033
89351.804 [0] DBG_ROUTE_REPLY_CLICK_PROBE_DONE duration_ms=49 outcome=restore ret=0
89351.804 [0] DBG_DWM_INVALIDATE tag=configure_radio_from_reset active_phy=4 configured=1 awake=1
89351.847 [0] DBG_DWM_MARK_UNCONFIGURED tag=initialise_radio prev_phy=0
89351.847 [0] DBG_DWM_PHY_SWITCH from=4 to=2 fast=0 us=20782
89351.847 [0] DBG_DWM_CH5_RX_HUNT_START acq=61 complete=1000 cap=1020
89351.847 [0] DBG_DWM_CH5_RX_ACTIVITY_EXTEND ret=0 status=0x00000100 complete=1000
89351.847 [0] DBG_DWM_CH5_RX_ACTIVITY_WAIT status=0x00000100 remain=1000
89351.847 [0] DBG_DWM_CH5_RX_ACTIVITY_DONE raw=51 payload=49 status=0x00006f00 rearm=0 extended=1
89351.847 [0] DBG_DWM_INVALIDATE tag=configure_radio_from_reset active_phy=2 configured=1 awake=1
89351.847 [0] DBG_DWM_MARK_UNCONFIGURED tag=initialise_radio prev_phy=0
89351.847 [0] DBG_DWM_PHY_SWITCH from=2 to=4 fast=0 us=20813
89351.847 [0] DBG_DWM_WAKE_MESH_CTRL_OK sfd=1033
89351.847 [0] DBG_ROUTE_REPLY_CLICK_PROBE_DONE duration_ms=45 outcome=restore ret=0
89351.847 [0] DBG_DWM_INVALIDATE tag=configure_radio_from_reset active_phy=4 configured=1 awake=1
89351.884 [0] DBG_DWM_MARK_UNCONFIGURED tag=initialise_radio prev_phy=0
89351.884 [0] DBG_DWM_PHY_SWITCH from=4 to=2 fast=0 us=20783
89351.884 [0] DBG_DWM_CH5_RX_HUNT_START acq=61 complete=1000 cap=1020
89351.884 [0] DBG_DWM_CH5_RX_ACTIVITY_EXTEND ret=0 status=0x00000100 complete=1000
89351.884 [0] DBG_DWM_CH5_RX_ACTIVITY_WAIT status=0x00000100 remain=1000
89351.884 [0] DBG_DWM_CH5_RX_ACTIVITY_DONE raw=51 payload=49 status=0x00006f00 rearm=0 extended=1
89351.884 [0] DBG_DWM_INVALIDATE tag=configure_radio_from_reset active_phy=2 configured=1 awake=1
89351.926 [0] DBG_DWM_MARK_UNCONFIGURED tag=initialise_radio prev_phy=0
89351.926 [0] DBG_DWM_PHY_SWITCH from=2 to=4 fast=0 us=20813
89351.926 [0] DBG_DWM_WAKE_MESH_CTRL_OK sfd=1033
89351.926 [0] DBG_ROUTE_REPLY_CLICK_PROBE_DONE duration_ms=46 outcome=restore ret=0
89351.926 [0] DBG_DWM_INVALIDATE tag=configure_radio_from_reset active_phy=4 configured=1 awake=1
89351.926 [0] DBG_DWM_MARK_UNCONFIGURED tag=initialise_radio prev_phy=0
89351.926 [0] DBG_DWM_PHY_SWITCH from=4 to=2 fast=0 us=20843
89351.926 [0] DBG_DWM_CH5_RX_HUNT_START acq=61 complete=1000 cap=1020
89351.926 [0] DBG_DWM_CH5_RX_ACTIVITY_EXTEND ret=0 status=0x00000100 complete=1000
89351.926 [0] DBG_DWM_CH5_RX_ACTIVITY_WAIT status=0x00000100 remain=1000
89351.926 [0] DBG_DWM_CH5_RX_ACTIVITY_DONE raw=51 payload=49 status=0x00006f00 rearm=0 extended=1
89351.926 [0] DBG_DWM_INVALIDATE tag=configure_radio_from_reset active_phy=2 configured=1 awake=1
89351.969 [0] DBG_DWM_MARK_UNCONFIGURED tag=initialise_radio prev_phy=0
89351.969 [0] DBG_DWM_PHY_SWITCH from=2 to=4 fast=0 us=20813
89351.969 [0] DBG_DWM_WAKE_MESH_CTRL_OK sfd=1033
89351.969 [0] DBG_ROUTE_REPLY_CLICK_PROBE_DONE duration_ms=46 outcome=restore ret=0
89351.969 [0] DBG_DWM_INVALIDATE tag=configure_radio_from_reset active_phy=4 configured=1 awake=1
89351.969 [0] DBG_DWM_MARK_UNCONFIGURED tag=initialise_radio prev_phy=0
89351.969 [0] DBG_DWM_PHY_SWITCH from=4 to=2 fast=0 us=20813
89351.969 [0] DBG_DWM_CH5_RX_HUNT_START acq=61 complete=1000 cap=1020
89351.969 [0] DBG_DWM_CH5_RX_ACTIVITY_EXTEND ret=0 status=0x00000100 complete=1000
89351.969 [0] DBG_DWM_CH5_RX_ACTIVITY_WAIT status=0x00000100 remain=1000
89351.969 [0] DBG_DWM_CH5_RX_ACTIVITY_DONE raw=51 payload=49 status=0x00006f00 rearm=0 extended=1
89351.969 [0] DBG_DWM_INVALIDATE tag=configure_radio_from_reset active_phy=2 configured=1 awake=1
89352.005 [0] DBG_DWM_MARK_UNCONFIGURED tag=initialise_radio prev_phy=0
89352.005 [0] DBG_DWM_PHY_SWITCH from=2 to=4 fast=0 us=20783
89352.005 [0] DBG_DWM_WAKE_MESH_CTRL_OK sfd=1033
89352.005 [0] DBG_ROUTE_REPLY_CLICK_PROBE_DONE duration_ms=46 outcome=restore ret=0
89352.005 [0] DBG_DWM_INVALIDATE tag=configure_radio_from_reset active_phy=4 configured=1 awake=1
89352.005 [0] DBG_DWM_MARK_UNCONFIGURED tag=initialise_radio prev_phy=0
89352.039 [0] DBG_DWM_PHY_SWITCH from=4 to=2 fast=0 us=20783
89352.039 [0] DBG_DWM_CH5_RX_HUNT_START acq=61 complete=1000 cap=1020
89352.101 [0] DBG_DWM_CH5_RX_HUNT_EMPTY s=319325 e=319386 ret=-116 sys=00000000 phy=2 cfg=1 aw=1 unk=0
89352.101 [0] DBG_DWM_INVALIDATE tag=configure_radio_from_reset active_phy=2 configured=1 awake=1
89352.101 [0] DBG_DWM_MARK_UNCONFIGURED tag=initialise_radio prev_phy=0
89352.101 [0] DBG_DWM_PHY_SWITCH from=2 to=4 fast=0 us=21453
89352.101 [0] DBG_DWM_WAKE_MESH_CTRL_OK sfd=1033
89352.101 [0] DBG_ROUTE_REPLY_CLICK_PROBE_DONE duration_ms=104 outcome=restore ret=0
89352.101 [0] DBG_ROUTE_REPLY_RX_FRAME
89352.144 [0] DBG_UWB_RX_CH5
89352.144 [0] DBG_MESH_RX_QUEUED ch=5 msg=0x35 src=0x9699122bd60a64e3 dst=0x0 prev=0x9699122bd60a64e3 seq=2 q=1
89352.144 [0] DBG_MESH_RX_DEFERRED q=1 msg=0x35
89352.144 [0] DBG_ROUTE_REPLY_LISTEN_YIELD_REQUEST src=0x9699122bd60a64e3 prev=0x9699122bd60a64e3 target=0x9999888877776666
89352.144 [0] DBG_COORD state=mesh-rx owner=uwb-rx reason=mesh-rx rx=1 tx=0 relay=0 route=0 ack=0 qack=0
89352.144 [0] DBG_ANCHOR_MESH_RX_YIELD reason=anchor-low-duty-ch5-owner ch9=0 delay=0 scan_int=380 scan_win=10 wait=0 q=1
89352.144 [0] DBG_MESH_RX_WORK_WAIT q=1
89352.144 [0] DBG_MESH_RX_WORK_ENTER q=1
89352.144 [0] DBG_MESH_RX_DRAIN_ENTER owner=work q=1
89352.144 [0] DBG_RX_HANDLE msg=0x35 act=0x00000040 st=-7 q=0 sel=1 next=0xf6d3a3bdac0f858 hop=1
89352.144 [0] DBG_C5_CONTACT phase=accepted state=2 peer=0x9699122bd60a64e3 purpose=route_solicit reason=c5-control-rx
89352.144 [0] DBG_MESH_RX_DRAIN_EXIT owner=work handled=1 q=0
89352.144 [0] DBG_MESH_RX_WORK_EXIT handled=1 q=0
89352.144 [0] DBG_COORD state=idle owner=report-tx reason=idle rx=0 tx=0 relay=0 route=0 ack=0 qack=0
89352.144 [0] DBG_ROUTE_REPLY_LISTEN_DONE captured=1 ret=-11
89352.144 [0] DBG_ANCHOR_ROUTE_WAKE_DISPATCH_DONE handled=1 len=49 q=100
89352.509 [0] DBG_ANCHOR_CH5_SCAN_HANDLER role=2
89352.509 [0] DBG_DWM_INVALIDATE tag=configure_radio_from_reset active_phy=4 configured=1 awake=1
89352.509 [0] DBG_DWM_MARK_UNCONFIGURED tag=initialise_radio prev_phy=0
89352.550 [0] DBG_DWM_PHY_SWITCH from=4 to=2 fast=0 us=20783
89352.550 [0] DBG_DWM_CH5_RX_HUNT_START acq=10 complete=1000 cap=1020
89352.550 [0] DBG_DWM_CH5_RX_ACTIVITY_EXTEND ret=0 status=0x00000100 complete=1000
89352.550 [0] DBG_DWM_CH5_RX_ACTIVITY_WAIT status=0x00000100 remain=1000
89352.550 [0] DBG_DWM_CH5_RX_ACTIVITY_DONE raw=51 payload=49 status=0x00006f00 rearm=0 extended=1
89352.550 [0] DBG_ANCHOR_CH5_SCAN_DONE ret=0 len=49 fail=0 pre=1 q=100 rx_us=16906 complete=1000
89352.550 [0] DBG_UWB_RX_CH5
89352.550 [0] DBG_ANCHOR_CH5_FRAME len=49 q=100 wake_ret=0
89352.550 [0] DBG_ANCHOR_ROUTE_WAKE_DISPATCH src=0x9699122bd60a64e3 evt=320400 attempt=1 flags=0x92 len=49 q=100
89352.550 [0] DBG_C5_CONTACT phase=open state=2 peer=0x9699122bd60a64e3 purpose=route_solicit reason=wake-claim
89352.550 [0] DBG_C5_CONTACT phase=accepted state=2 peer=0x9699122bd60a64e3 purpose=route_solicit reason=wake-claim
89352.550 [0] DBG_ROUTE_ACTIVATION_LISTEN valid=0 now=319848 start=0 relay=0 listen=1750
89352.550 [0] DBG_ANCHOR_ROUTE_WAKE_HANDOFF src=0x9699122bd60a64e3 evt=320400 attempt=1 flags=0x92 embedded=0 hop=0 listen=1750
89352.550 [0] DBG_ROUTE_REPLY_LISTEN_START
89352.593 [0] DBG_DWM_PHY_SWITCH from=2 to=4 fast=0 us=20782
89352.593 [0] DBG_DWM_WAKE_MESH_CTRL_OK sfd=1033
89352.593 [0] DBG_ROUTE_REPLY_LISTEN_CONFIG ret=0 ext=1
89352.593 [0] DBG_DWM_INVALIDATE tag=configure_radio_from_reset active_phy=4 configured=1 awake=1
89352.593 [0] DBG_DWM_MARK_UNCONFIGURED tag=initialise_radio prev_phy=0
89352.593 [0] DBG_DWM_PHY_SWITCH from=4 to=2 fast=0 us=20783
89352.593 [0] DBG_DWM_CH5_RX_HUNT_START acq=61 complete=1000 cap=1020
89352.635 [0] DBG_DWM_CH5_RX_ACTIVITY_EXTEND ret=0 status=0x00000100 complete=1000
89352.635 [0] DBG_DWM_CH5_RX_ACTIVITY_WAIT status=0x00000100 remain=999
89352.635 [0] DBG_DWM_CH5_RX_ACTIVITY_DONE raw=51 payload=49 status=0x00006f00 rearm=0 extended=1
89352.635 [0] DBG_DWM_INVALIDATE tag=configure_radio_from_reset active_phy=2 configured=1 awake=1
89352.635 [0] DBG_DWM_MARK_UNCONFIGURED tag=initialise_radio prev_phy=0
89352.635 [0] DBG_DWM_PHY_SWITCH from=2 to=4 fast=0 us=20783
89352.635 [0] DBG_DWM_WAKE_MESH_CTRL_OK sfd=1033
89352.635 [0] DBG_ROUTE_REPLY_CLICK_PROBE_DONE duration_ms=49 outcome=restore ret=0
89352.635 [0] DBG_C5_RX_FAIL status=0x04000100 finfo=0x00000000 fail=2 phy=4 ch=5 plen=2 pac=0 txc=9 rxc=9 sfd=2 rate=0 phr=1 phrr=0 sfdto=1
89352.635 [0] DBG_DWM_INVALIDATE tag=configure_radio_from_reset active_phy=4 configured=1 awake=1
89352.679 [0] DBG_DWM_MARK_UNCONFIGURED tag=initialise_radio prev_phy=0
89352.679 [0] DBG_DWM_PHY_SWITCH from=4 to=2 fast=0 us=20783
89352.679 [0] DBG_DWM_CH5_RX_HUNT_START acq=61 complete=1000 cap=1020
89352.679 [0] DBG_DWM_CH5_RX_ACTIVITY_EXTEND ret=0 status=0x00000100 complete=1000
89352.679 [0] DBG_DWM_CH5_RX_ACTIVITY_WAIT status=0x00000100 remain=1000
89352.679 [0] DBG_DWM_CH5_RX_ACTIVITY_DONE raw=51 payload=49 status=0x00006f00 rearm=0 extended=1
89352.679 [0] DBG_DWM_INVALIDATE tag=configure_radio_from_reset active_phy=2 configured=1 awake=1
89352.679 [0] DBG_DWM_MARK_UNCONFIGURED tag=initialise_radio prev_phy=0
89352.679 [0] DBG_DWM_PHY_SWITCH from=2 to=4 fast=0 us=20782
89352.679 [0] DBG_DWM_WAKE_MESH_CTRL_OK sfd=1033
89352.679 [0] DBG_ROUTE_REPLY_CLICK_PROBE_DONE duration_ms=50 outcome=restore ret=0
89352.679 [0] DBG_DWM_INVALIDATE tag=configure_radio_from_reset active_phy=4 configured=1 awake=1
89352.685 [1] [00:05:18.992,797] <wrn> app_mesh_report: mesh route reply RX failed: target=0x9699122bd60a64e3 ret=-5 rx_failure=2 reason=anchor-route-wake-followup
89352.685 [1] [00:05:19.047,149] <wrn> app_mesh_report: mesh route reply RX failed: target=0x9699122bd60a64e3 ret=-5 rx_failure=2 reason=anchor-route-wake-followup
89352.685 [1] [00:05:19.111,816] <wrn> app_mesh_report:
89352.728 [0] DBG_DWM_MARK_UNCONFIGURED tag=initialise_radio prev_phy=0
89352.728 [0] DBG_DWM_PHY_SWITCH from=4 to=2 fast=0 us=21118
89352.728 [0] DBG_DWM_CH5_RX_HUNT_START acq=61 complete=1000 cap=1020
89352.728 [0] DBG_DWM_CH5_RX_ACTIVITY_EXTEND ret=0 status=0x00000100 complete=1000
89352.728 [0] DBG_DWM_CH5_RX_ACTIVITY_WAIT status=0x00000100 remain=1000
89352.728 [0] DBG_DWM_CH5_RX_ACTIVITY_DONE raw=51 payload=49 status=0x00006f00 rearm=0 extended=1
89352.728 [0] DBG_DWM_INVALIDATE tag=configure_radio_from_reset active_phy=2 configured=1 awake=1
89352.728 [0] DBG_DWM_MARK_UNCONFIGURED tag=initialise_radio prev_phy=0
89352.728 [0] DBG_DWM_PHY_SWITCH from=2 to=4 fast=0 us=21363
89352.728 [0] DBG_DWM_WAKE_MESH_CTRL_OK sfd=1033
89352.728 [0] DBG_ROUTE_REPLY_CLICK_PROBE_DONE duration_ms=47 outcome=restore ret=0
89352.731 [1] [00:05:19.206,909] <wrn> app_mesh_report: mesh route reply RX failed: target=0x9699122bd6
89352.765 [0] DBG_DWM_INVALIDATE tag=configure_radio_from_reset active_phy=4 configured=1 awake=1
89352.765 [0] DBG_DWM_MARK_UNCONFIGURED tag=initialise_radio prev_phy=0
89352.765 [0] DBG_DWM_PHY_SWITCH from=4 to=2 fast=0 us=20874
89352.765 [0] DBG_DWM_CH5_RX_HUNT_START acq=61 complete=1000 cap=1020
89352.765 [0] DBG_DWM_CH5_RX_ACTIVITY_EXTEND ret=0 status=0x00000100 complete=1000
89352.765 [0] DBG_DWM_CH5_RX_ACTIVITY_WAIT status=0x00000100 remain=999
89352.770 [1] 0a64e3 ret=-5 rx_failure=4 reason=anchor-route-wake-followup
89352.770 [1] [00:05:19.254,882] <wrn> app_mesh_report: mesh route reply RX failed: target=0x9699122bd60a64e3 ret=-5 rx_failure=4 reason=anchor-route-wake-followup
89352.770 [1] [00:05:19.302,825] <wrn> app_mesh_report:
89352.770 [1] [00:05:19.408,172] <wrn> app_mesh_report: mesh route reply RX failed: target=0x9699122bd6
89352.804 [0] DBG_DWM_CH5_RX_ACTIVITY_DONE raw=51 payload=49 status=0x00006f00 rearm=0 extended=1
89352.804 [0] DBG_DWM_INVALIDATE tag=configure_radio_from_reset active_phy=2 configured=1 awake=1
89352.804 [0] DBG_DWM_MARK_UNCONFIGURED tag=initialise_radio prev_phy=0
89352.804 [0] DBG_DWM_PHY_SWITCH from=2 to=4 fast=0 us=20904
89352.804 [0] DBG_DWM_WAKE_MESH_CTRL_OK sfd=1033
89352.804 [0] DBG_ROUTE_REPLY_CLICK_PROBE_DONE duration_ms=49 outcome=restore ret=0
89352.804 [0] DBG_DWM_INVALIDATE tag=configure_radio_from_reset active_phy=4 configured=1 awake=1
89352.807 [1] [00:05:19.938,049] <wrn> app_mesh_report: mesh route reply RX failed: tar
89352.842 [0] DBG_DWM_MARK_UNCONFIGURED tag=initialise_radio prev_phy=0
89352.842 [0] DBG_DWM_PHY_SWITCH from=4 to=2 fast=0 us=20874
89352.842 [0] DBG_DWM_CH5_RX_HUNT_START acq=61 complete=1000 cap=1020
89352.842 [0] DBG_DWM_CH5_RX_ACTIVITY_EXTEND ret=0 status=0x00000100 complete=1000
89352.842 [0] DBG_DWM_CH5_RX_ACTIVITY_WAIT status=0x00000100 remain=1000
89352.842 [0] DBG_DWM_CH5_RX_ACTIVITY_DONE raw=51 payload=49 status=0x00006f00 rearm=0 extended=1
89352.842 [0] DBG_DWM_INVALIDATE tag=configure_radio_from_reset active_phy=2 configured=1 awake=1
89352.842 [0] DBG_DWM_MARK_UNCONFIGURED tag=initialise_radio prev_phy=0
89352.842 [0] DBG_DWM_PHY_SWITCH from=2 to=4 fast=0 us=20904
89352.842 [0] DBG_DWM_WAKE_MESH_CTRL_OK sfd=1033
89352.842 [0] DBG_ROUTE_REPLY_CLICK_PROBE_DONE duration_ms=46 outcome=restore ret=0
89352.842 [0] DBG_DWM_INVALIDATE tag=configure_radio_from_reset active_phy=4 configured=1 awake=1
89352.847 [1] get=0x9699122bd60a64e3 ret=-5 rx_failure=2 reason=anchor-route-wake-followup
89352.847 [1] [00:05:19.992,706] <wrn> app_mesh_report: mesh route reply RX failed: target=0x9699122bd60a64e3 ret=-5 rx_failure=2 reason=anchor-route-wake-followup
89352.847 [1] [00:05:20.041,259] <wrn> app_mesh_report:
89352.847 [1] [00:05:20.106,079] <wrn> app_mesh_report: mesh route reply RX failed: tar
89352.881 [0] DBG_DWM_MARK_UNCONFIGURED tag=initialise_radio prev_phy=0
89352.881 [0] DBG_DWM_PHY_SWITCH from=4 to=2 fast=0 us=20843
89352.881 [0] DBG_DWM_CH5_RX_HUNT_START acq=61 complete=1000 cap=1020
89352.881 [0] DBG_DWM_CH5_RX_ACTIVITY_EXTEND ret=0 status=0x00000100 complete=1000
89352.881 [0] DBG_DWM_CH5_RX_ACTIVITY_WAIT status=0x00000100 remain=1000
89352.881 [0] DBG_DWM_CH5_RX_ACTIVITY_DONE raw=51 payload=49 status=0x00006f00 rearm=0 extended=1
89352.881 [0] DBG_DWM_INVALIDATE tag=configure_radio_from_reset active_phy=2 configured=1 awake=1
89352.881 [0] DBG_DWM_MARK_UNCONFIGURED tag=initialise_radio prev_phy=0
89352.886 [1]  mesh route reply RX failed: target=0x9699122bd60a64e3 ret=-5 rx_failure=4 reason=anchor-route-w
89352.925 [0] DBG_DWM_PHY_SWITCH from=2 to=4 fast=0 us=20874
89352.925 [0] DBG_DWM_WAKE_MESH_CTRL_OK sfd=1033
89352.925 [0] DBG_ROUTE_REPLY_CLICK_PROBE_DONE duration_ms=46 outcome=restore ret=0
89352.925 [0] DBG_DWM_INVALIDATE tag=configure_radio_from_reset active_phy=4 configured=1 awake=1
89352.925 [0] DBG_DWM_MARK_UNCONFIGURED tag=initialise_radio prev_phy=0
89352.925 [0] DBG_DWM_PHY_SWITCH from=4 to=2 fast=0 us=20812
89352.925 [0] DBG_DWM_CH5_RX_HUNT_START acq=61 complete=1000 cap=1020
89352.925 [0] DBG_DWM_CH5_RX_ACTIVITY_EXTEND ret=0 status=0x00000100 complete=1000
89352.925 [0] DBG_DWM_CH5_RX_ACTIVITY_WAIT status=0x00000100 remain=1000
89352.925 [0] DBG_DWM_CH5_RX_ACTIVITY_DONE raw=51 payload=49 status=0x00006f00 rearm=0 extended=1
89352.925 [0] DBG_DWM_INVALIDATE tag=configure_radio_from_reset active_phy=2 configured=1 awake=1
89352.929 [1] ake-followup
89352.929 [1] [00:05:20.202,056] <wrn> app_mesh_report: mesh route reply RX failed: target=0x9699122bd60a64e3 ret=-5 rx_failure=4 reason=anchor-route-wake-followup
89352.969 [0] DBG_DWM_MARK_UNCONFIGURED tag=initialise_radio prev_phy=0
89352.969 [0] DBG_DWM_PHY_SWITCH from=2 to=4 fast=0 us=20874
89352.969 [0] DBG_DWM_WAKE_MESH_CTRL_OK sfd=1033
89352.969 [0] DBG_ROUTE_REPLY_CLICK_PROBE_DONE duration_ms=50 outcome=restore ret=0
89352.969 [0] DBG_DWM_INVALIDATE tag=configure_radio_from_reset active_phy=4 configured=1 awake=1
89353.002 [0] DBG_DWM_MARK_UNCONFIGURED tag=initialise_radio prev_phy=0
89353.002 [0] DBG_DWM_PHY_SWITCH from=4 to=2 fast=0 us=20783
89353.002 [0] DBG_DWM_CH5_RX_HUNT_START acq=61 complete=1000 cap=1020
89353.002 [0] DBG_DWM_CH5_RX_ACTIVITY_EXTEND ret=0 status=0x00000100 complete=1000
89353.002 [0] DBG_DWM_CH5_RX_ACTIVITY_WAIT status=0x00000100 remain=1000
89353.002 [0] DBG_DWM_CH5_RX_ACTIVITY_DONE raw=51 payload=49 status=0x00006f00 rearm=0 extended=1
89353.002 [0] DBG_DWM_INVALIDATE tag=configure_radio_from_reset active_phy=2 configured=1 awake=1
89353.002 [0] DBG_DWM_MARK_UNCONFIGURED tag=initialise_radio prev_phy=0
89353.037 [0] DBG_DWM_PHY_SWITCH from=2 to=4 fast=0 us=20813
89353.037 [0] DBG_DWM_WAKE_MESH_CTRL_OK sfd=1033
89353.037 [0] DBG_ROUTE_REPLY_CLICK_PROBE_DONE duration_ms=49 outcome=restore ret=0
89353.037 [0] DBG_DWM_INVALIDATE tag=configure_radio_from_reset active_phy=4 configured=1 awake=1
89353.037 [0] DBG_DWM_MARK_UNCONFIGURED tag=initialise_radio prev_phy=0
89353.037 [0] DBG_DWM_PHY_SWITCH from=4 to=2 fast=0 us=20813
89353.037 [0] DBG_DWM_CH5_RX_HUNT_START acq=61 complete=1000 cap=1020
89353.037 [0] DBG_DWM_CH5_RX_ACTIVITY_EXTEND ret=0 status=0x00000100 complete=1000
89353.037 [0] DBG_DWM_CH5_RX_ACTIVITY_WAIT status=0x00000100 remain=1000
89353.037 [0] DBG_DWM_CH5_RX_ACTIVITY_DONE raw=51 payload=49 status=0x00006f00 rearm=0 extended=1
89353.037 [0] DBG_DWM_INVALIDATE tag=configure_radio_from_reset active_phy=2 configured=1 awake=1
89353.069 [0] DBG_DWM_MARK_UNCONFIGURED tag=initialise_radio prev_phy=0
89353.069 [0] DBG_DWM_PHY_SWITCH from=2 to=4 fast=0 us=20813
89353.069 [0] DBG_DWM_WAKE_MESH_CTRL_OK sfd=1033
89353.069 [0] DBG_ROUTE_REPLY_CLICK_PROBE_DONE duration_ms=46 outcome=restore ret=0
89353.069 [0] DBG_DWM_INVALIDATE tag=configure_radio_from_reset active_phy=4 configured=1 awake=1
89353.069 [0] DBG_DWM_MARK_UNCONFIGURED tag=initialise_radio prev_phy=0
89353.103 [0] DBG_DWM_PHY_SWITCH from=4 to=2 fast=0 us=20813
89353.103 [0] DBG_DWM_CH5_RX_HUNT_START acq=61 complete=1000 cap=1020
89353.103 [0] DBG_DWM_CH5_RX_ACTIVITY_EXTEND ret=0 status=0x00000100 complete=1000
89353.103 [0] DBG_DWM_CH5_RX_ACTIVITY_WAIT status=0x00000100 remain=1000
89353.103 [0] DBG_DWM_CH5_RX_ACTIVITY_DONE raw=51 payload=49 status=0x00006f00 rearm=0 extended=1
89353.103 [0] DBG_DWM_INVALIDATE tag=configure_radio_from_reset active_phy=2 configured=1 awake=1
89353.103 [0] DBG_DWM_MARK_UNCONFIGURED tag=initialise_radio prev_phy=0
89353.103 [0] DBG_DWM_PHY_SWITCH from=2 to=4 fast=0 us=21423
89353.103 [0] DBG_DWM_WAKE_MESH_CTRL_OK sfd=1033
89353.103 [0] DBG_ROUTE_REPLY_CLICK_PROBE_DONE duration_ms=47 outcome=restore ret=0
89353.137 [0] DBG_DWM_INVALIDATE tag=configure_radio_from_reset active_phy=4 configured=1 awake=1
89353.137 [0] DBG_DWM_MARK_UNCONFIGURED tag=initialise_radio prev_phy=0
89353.137 [0] DBG_DWM_PHY_SWITCH from=4 to=2 fast=0 us=21424
89353.137 [0] DBG_DWM_CH5_RX_HUNT_START acq=61 complete=1000 cap=1020
89353.137 [0] DBG_DWM_CH5_RX_ACTIVITY_EXTEND ret=0 status=0x00000100 complete=1000
89353.137 [0] DBG_DWM_CH5_RX_ACTIVITY_WAIT status=0x00000100 remain=1000
89353.137 [0] DBG_DWM_CH5_RX_ACTIVITY_DONE raw=51 payload=49 status=0x00006f00 rearm=0 extended=1
89353.137 [0] DBG_DWM_INVALIDATE tag=configure_radio_from_reset active_phy=2 configured=1 awake=1
89353.176 [0] DBG_DWM_MARK_UNCONFIGURED tag=initialise_radio prev_phy=0
89353.176 [0] DBG_DWM_PHY_SWITCH from=2 to=4 fast=0 us=21454
89353.176 [0] DBG_DWM_WAKE_MESH_CTRL_OK sfd=1033
89353.176 [0] DBG_ROUTE_REPLY_CLICK_PROBE_DONE duration_ms=47 outcome=restore ret=0
89353.176 [0] DBG_DWM_INVALIDATE tag=configure_radio_from_reset active_phy=4 configured=1 awake=1
89353.176 [0] DBG_DWM_MARK_UNCONFIGURED tag=initialise_radio prev_phy=0
89353.176 [0] DBG_DWM_PHY_SWITCH from=4 to=2 fast=0 us=21453
89353.176 [0] DBG_DWM_CH5_RX_HUNT_START acq=61 complete=1000 cap=1020
89353.225 [0] DBG_DWM_CH5_RX_ACTIVITY_EXTEND ret=0 status=0x00000100 complete=1000
89353.225 [0] DBG_DWM_CH5_RX_ACTIVITY_WAIT status=0x00000100 remain=1000
89353.225 [0] DBG_DWM_CH5_RX_ACTIVITY_DONE raw=51 payload=49 status=0x00006f00 rearm=0 extended=1
89353.225 [0] DBG_DWM_INVALIDATE tag=configure_radio_from_reset active_phy=2 configured=1 awake=1
89353.225 [0] DBG_DWM_MARK_UNCONFIGURED tag=initialise_radio prev_phy=0
89353.225 [0] DBG_DWM_PHY_SWITCH from=2 to=4 fast=0 us=21454
89353.225 [0] DBG_DWM_WAKE_MESH_CTRL_OK sfd=1033
89353.225 [0] DBG_ROUTE_REPLY_CLICK_PROBE_DONE duration_ms=51 outcome=restore ret=0
89353.338 [0] DBG_ROUTE_REPLY_RX_FRAME
89353.338 [0] DBG_ROUTE_REPLY_DECODE_FAIL ret=-8 len=281 q=100
89353.679 [0] DBG_DWM_INVALIDATE tag=configure_radio_from_reset active_phy=4 configured=1 awake=1
89353.726 [0] DBG_DWM_MARK_UNCONFIGURED tag=initialise_radio prev_phy=0
89353.726 [0] DBG_DWM_PHY_SWITCH from=4 to=2 fast=0 us=21454
89353.726 [0] DBG_DWM_CH5_RX_HUNT_START acq=61 complete=1000 cap=1020
89353.726 [0] DBG_DWM_CH5_RX_ACTIVITY_EXTEND ret=0 status=0x00000100 complete=1000
89353.726 [0] DBG_DWM_CH5_RX_ACTIVITY_WAIT status=0x00000100 remain=1000
89353.726 [0] DBG_DWM_CH5_RX_ACTIVITY_DONE raw=51 payload=49 status=0x00006f00 rearm=0 extended=1
89353.726 [0] DBG_DWM_INVALIDATE tag=configure_radio_from_reset active_phy=2 configured=1 awake=1
89353.726 [0] DBG_DWM_MARK_UNCONFIGURED tag=initialise_radio prev_phy=0
89353.726 [0] DBG_DWM_PHY_SWITCH from=2 to=4 fast=0 us=21454
89353.726 [0] DBG_DWM_WAKE_MESH_CTRL_OK sfd=1033
89353.726 [0] DBG_ROUTE_REPLY_CLICK_PROBE_DONE duration_ms=50 outcome=restore ret=0
89353.769 [0] DBG_DWM_INVALIDATE tag=configure_radio_from_reset active_phy=4 configured=1 awake=1
89353.769 [0] DBG_DWM_MARK_UNCONFIGURED tag=initialise_radio prev_phy=0
89353.769 [0] DBG_DWM_PHY_SWITCH from=4 to=2 fast=0 us=20813
89353.769 [0] DBG_DWM_CH5_RX_HUNT_START acq=61 complete=1000 cap=1020
89353.769 [0] DBG_DWM_CH5_RX_ACTIVITY_EXTEND ret=0 status=0x00000100 complete=1000
89353.769 [0] DBG_DWM_CH5_RX_ACTIVITY_WAIT status=0x00000100 remain=1000
89353.769 [0] DBG_DWM_CH5_RX_ACTIVITY_DONE raw=51 payload=49 status=0x00006f00 rearm=0 extended=1
89353.769 [0] DBG_DWM_INVALIDATE tag=configure_radio_from_reset active_phy=2 configured=1 awake=1
89353.811 [0] DBG_DWM_MARK_UNCONFIGURED tag=initialise_radio prev_phy=0
89353.811 [0] DBG_DWM_PHY_SWITCH from=2 to=4 fast=0 us=20813
89353.811 [0] DBG_DWM_WAKE_MESH_CTRL_OK sfd=1033
89353.811 [0] DBG_ROUTE_REPLY_CLICK_PROBE_DONE duration_ms=49 outcome=restore ret=0
89353.811 [0] DBG_DWM_INVALIDATE tag=configure_radio_from_reset active_phy=4 configured=1 awake=1
89353.811 [0] DBG_DWM_MARK_UNCONFIGURED tag=initialise_radio prev_phy=0
89353.811 [0] DBG_DWM_PHY_SWITCH from=4 to=2 fast=0 us=20843
89353.811 [0] DBG_DWM_CH5_RX_HUNT_START acq=61 complete=1000 cap=1020
89353.811 [0] DBG_DWM_CH5_RX_ACTIVITY_EXTEND ret=0 status=0x00000100 complete=1000
89353.811 [0] DBG_DWM_CH5_RX_ACTIVITY_WAIT status=0x00000100 remain=1000
89353.847 [0] DBG_DWM_CH5_RX_ACTIVITY_DONE raw=51 payload=49 status=0x00006f00 rearm=0 extended=1
89353.847 [0] DBG_DWM_INVALIDATE tag=configure_radio_from_reset active_phy=2 configured=1 awake=1
89353.847 [0] DBG_DWM_MARK_UNCONFIGURED tag=initialise_radio prev_phy=0
89353.847 [0] DBG_DWM_PHY_SWITCH from=2 to=4 fast=0 us=20813
89353.847 [0] DBG_DWM_WAKE_MESH_CTRL_OK sfd=1033
89353.847 [0] DBG_ROUTE_REPLY_CLICK_PROBE_DONE duration_ms=46 outcome=restore ret=0
89353.847 [0] DBG_DWM_INVALIDATE tag=configure_radio_from_reset active_phy=4 configured=1 awake=1
89353.888 [0] DBG_DWM_MARK_UNCONFIGURED tag=initialise_radio prev_phy=0
89353.888 [0] DBG_DWM_PHY_SWITCH from=4 to=2 fast=0 us=20813
89353.888 [0] DBG_DWM_CH5_RX_HUNT_START acq=61 complete=1000 cap=1020
89353.888 [0] DBG_DWM_CH5_RX_ACTIVITY_EXTEND ret=0 status=0x00000100 complete=1000
89353.888 [0] DBG_DWM_CH5_RX_ACTIVITY_WAIT status=0x00000100 remain=1000
89353.888 [0] DBG_DWM_CH5_RX_ACTIVITY_DONE raw=51 payload=49 status=0x00006f00 rearm=0 extended=1
89353.888 [0] DBG_DWM_INVALIDATE tag=configure_radio_from_reset active_phy=2 configured=1 awake=1
89353.888 [0] DBG_DWM_MARK_UNCONFIGURED tag=initialise_radio prev_phy=0
89353.888 [0] DBG_DWM_PHY_SWITCH from=2 to=4 fast=0 us=20813
89353.888 [0] DBG_DWM_WAKE_MESH_CTRL_OK sfd=1033
89353.888 [0] DBG_ROUTE_REPLY_CLICK_PROBE_DONE duration_ms=46 outcome=restore ret=0
89353.888 [0] DBG_DWM_INVALIDATE tag=configure_radio_from_reset active_phy=4 configured=1 awake=1
89353.894 [1] [00:05:20.256,866] <wrn> app_mesh_report: mesh route reply RX failed: target=0x9699122bd60a64e3 ret=-5 rx_failure=2 reason=anchor-route-wake-followup
89353.894 [1] [00:05:20.322,021] <wrn> app_mesh_report: mesh route reply RX failed: target=0x9699122bd60a64e3 ret=-5 rx_failure=2 reason=anchor-route-wake-followup
89353.894 [1] [00:05:20.370,117] <wrn> app_mesh_report:
89353.936 [0] DBG_DWM_MARK_UNCONFIGURED tag=initialise_radio prev_phy=0
89353.936 [0] DBG_DWM_PHY_SWITCH from=4 to=2 fast=0 us=20813
89353.936 [0] DBG_DWM_CH5_RX_HUNT_START acq=61 complete=1000 cap=1020
89353.936 [0] DBG_DWM_CH5_RX_ACTIVITY_EXTEND ret=0 status=0x00000100 complete=1000
89353.936 [0] DBG_DWM_CH5_RX_ACTIVITY_WAIT status=0x00000100 remain=1000
89353.936 [0] DBG_DWM_CH5_RX_ACTIVITY_DONE raw=51 payload=49 status=0x00006f00 rearm=0 extended=1
89353.936 [0] DBG_DWM_INVALIDATE tag=configure_radio_from_reset active_phy=2 configured=1 awake=1
89353.936 [0] DBG_DWM_MARK_UNCONFIGURED tag=initialise_radio prev_phy=0
89353.936 [0] DBG_DWM_PHY_SWITCH from=2 to=4 fast=0 us=20874
89353.936 [0] DBG_DWM_WAKE_MESH_CTRL_OK sfd=1033
89353.936 [0] DBG_ROUTE_REPLY_CLICK_PROBE_DONE duration_ms=46 outcome=restore ret=0
89353.936 [0] DBG_DWM_INVALIDATE tag=configure_radio_from_reset active_phy=4 configured=1 awake=1
89353.945 [1] [00:05:20.466,674] <wrn> app_mesh_report: mesh route reply RX failed: target=0x9699122bd60a64e3 ret=-5 rx_failure=4 reason=anchor-route-wake-followup
89353.945 [1] [00:05:20.521,209] <wrn> app_mesh_report: mesh route reply RX failed: target=0x9699122bd60a64e3 ret=-5 rx_failure=2 reason=anchor-route-wake-followup
89353.945 [1] [00:05:21.039,581] <wrn> app_mesh_report:
89353.989 [0] DBG_DWM_MARK_UNCONFIGURED tag=initialise_radio prev_phy=0
89353.989 [0] DBG_DWM_PHY_SWITCH from=4 to=2 fast=0 us=20874
89353.989 [0] DBG_DWM_CH5_RX_HUNT_START acq=61 complete=1000 cap=1020
89353.989 [0] DBG_DWM_CH5_RX_ACTIVITY_EXTEND ret=0 status=0x00000100 complete=1000
89353.989 [0] DBG_DWM_CH5_RX_ACTIVITY_WAIT status=0x00000100 remain=1000
89353.989 [0] DBG_DWM_CH5_RX_ACTIVITY_DONE raw=51 payload=49 status=0x00006f00 rearm=0 extended=1
89353.989 [0] DBG_DWM_INVALIDATE tag=configure_radio_from_reset active_phy=2 configured=1 awake=1
89353.989 [0] DBG_DWM_MARK_UNCONFIGURED tag=initialise_radio prev_phy=0
89353.989 [0] DBG_DWM_PHY_SWITCH from=2 to=4 fast=0 us=20844
89353.989 [0] DBG_DWM_WAKE_MESH_CTRL_OK sfd=1033
89353.989 [0] DBG_ROUTE_REPLY_CLICK_PROBE_DONE duration_ms=46 outcome=restore ret=0
89353.989 [0] DBG_DWM_INVALIDATE tag=configure_radio_from_reset active_phy=4 configured=1 awake=1
89353.995 [1] [00:05:21.152,008] <wrn> app_mesh_report: mesh route reply RX failed: target=0x9699122bd60a64e3 ret=-5 rx_failure=4 reason=anchor-route-wake-followup
89353.995 [1] [00:05:21.199,798] <wrn> app_mesh_report: mesh route reply RX failed: target=0x9699122bd60a64e3 ret=-5 rx_failure=4 reason=anchor-route-wake-followup
89353.995 [1] [00:05:21.248,016] <wrn> app_mesh_report:
89354.037 [0] DBG_DWM_MARK_UNCONFIGURED tag=initialise_radio prev_phy=0
89354.037 [0] DBG_DWM_PHY_SWITCH from=4 to=2 fast=0 us=20935
89354.037 [0] DBG_DWM_CH5_RX_HUNT_START acq=61 complete=1000 cap=1020
89354.037 [0] DBG_DWM_CH5_RX_ACTIVITY_EXTEND ret=0 status=0x00000100 complete=1000
89354.037 [0] DBG_DWM_CH5_RX_ACTIVITY_WAIT status=0x00000100 remain=1000
89354.037 [0] DBG_DWM_CH5_RX_ACTIVITY_DONE raw=51 payload=49 status=0x00006f00 rearm=0 extended=1
89354.037 [0] DBG_DWM_INVALIDATE tag=configure_radio_from_reset active_phy=2 configured=1 awake=1
89354.037 [0] DBG_DWM_MARK_UNCONFIGURED tag=initialise_radio prev_phy=0
89354.037 [0] DBG_DWM_PHY_SWITCH from=2 to=4 fast=0 us=20844
89354.037 [0] DBG_DWM_WAKE_MESH_CTRL_OK sfd=1033
89354.037 [0] DBG_ROUTE_REPLY_CLICK_PROBE_DONE duration_ms=50 outcome=restore ret=0
89354.037 [0] DBG_DWM_INVALIDATE tag=configure_radio_from_reset active_phy=4 configured=1 awake=1
89354.040 [1] [00:05:21.350,402] <wrn> app_mesh_report: mesh route reply RX failed: target=0x9699122bd60a64e3 ret=-5 rx_failure=2 reason=anchor-route-wake-followup
89354.081 [0] DBG_DWM_MARK_UNCONFIGURED tag=initialise_radio prev_phy=0
89354.081 [0] DBG_DWM_PHY_SWITCH from=4 to=2 fast=0 us=20782
89354.081 [0] DBG_DWM_CH5_RX_HUNT_START acq=61 complete=1000 cap=1020
89354.081 [0] DBG_DWM_CH5_RX_ACTIVITY_EXTEND ret=0 status=0x00000100 complete=1000
89354.081 [0] DBG_DWM_CH5_RX_ACTIVITY_WAIT status=0x00000100 remain=1000
89354.081 [0] DBG_DWM_CH5_RX_ACTIVITY_DONE raw=51 payload=49 status=0x00006f00 rearm=0 extended=1
89354.081 [0] DBG_DWM_INVALIDATE tag=configure_radio_from_reset active_phy=2 configured=1 awake=1
89354.081 [0] DBG_DWM_MARK_UNCONFIGURED tag=initialise_radio prev_phy=0
89354.123 [0] DBG_DWM_PHY_SWITCH from=2 to=4 fast=0 us=20813
89354.123 [0] DBG_DWM_WAKE_MESH_CTRL_OK sfd=1033
89354.123 [0] DBG_ROUTE_REPLY_CLICK_PROBE_DONE duration_ms=47 outcome=restore ret=0
89354.123 [0] DBG_DWM_INVALIDATE tag=configure_radio_from_reset active_phy=4 configured=1 awake=1
89354.123 [0] DBG_DWM_MARK_UNCONFIGURED tag=initialise_radio prev_phy=0
89354.123 [0] DBG_DWM_PHY_SWITCH from=4 to=2 fast=0 us=21424
89354.123 [0] DBG_DWM_CH5_RX_HUNT_START acq=61 complete=1000 cap=1020
89354.123 [0] DBG_DWM_CH5_RX_ACTIVITY_EXTEND ret=0 status=0x00000100 complete=1000
89354.123 [0] DBG_DWM_CH5_RX_ACTIVITY_WAIT status=0x00000100 remain=1000
89354.123 [0] DBG_DWM_CH5_RX_ACTIVITY_DONE raw=51 payload=49 status=0x00006f00 rearm=0 extended=1
89354.123 [0] DBG_DWM_INVALIDATE tag=configure_radio_from_reset active_phy=2 configured=1 awake=1
89354.165 [0] DBG_DWM_MARK_UNCONFIGURED tag=initialise_radio prev_phy=0
89354.165 [0] DBG_DWM_PHY_SWITCH from=2 to=4 fast=0 us=21423
89354.165 [0] DBG_DWM_WAKE_MESH_CTRL_OK sfd=1033
89354.165 [0] DBG_ROUTE_REPLY_CLICK_PROBE_DONE duration_ms=47 outcome=restore ret=0
89354.165 [0] DBG_DWM_INVALIDATE tag=configure_radio_from_reset active_phy=4 configured=1 awake=1
89354.165 [0] DBG_DWM_MARK_UNCONFIGURED tag=initialise_radio prev_phy=0
89354.165 [0] DBG_DWM_PHY_SWITCH from=4 to=2 fast=0 us=21423
89354.165 [0] DBG_DWM_CH5_RX_HUNT_START acq=61 complete=1000 cap=1020
89354.165 [0] DBG_DWM_CH5_RX_ACTIVITY_EXTEND ret=0 status=0x00000100 complete=1000
89354.165 [0] DBG_DWM_CH5_RX_ACTIVITY_WAIT status=0x00000100 remain=1000
89354.165 [0] DBG_DWM_CH5_RX_ACTIVITY_DONE raw=51 payload=49 status=0x00006f00 rearm=0 extended=1
89354.165 [0] DBG_DWM_INVALIDATE tag=configure_radio_from_reset active_phy=2 configured=1 awake=1
89354.211 [0] DBG_DWM_MARK_UNCONFIGURED tag=initialise_radio prev_phy=0
89354.211 [0] DBG_DWM_PHY_SWITCH from=2 to=4 fast=0 us=21423
89354.211 [0] DBG_DWM_WAKE_MESH_CTRL_OK sfd=1033
89354.211 [0] DBG_ROUTE_REPLY_CLICK_PROBE_DONE duration_ms=47 outcome=restore ret=0
89354.316 [0] DBG_ROUTE_REPLY_RX_FRAME
89354.316 [0] DBG_ROUTE_REPLY_DECODE_FAIL ret=-8 len=281 q=100
89354.316 [0] DBG_ROUTE_REPLY_EMPTY status=00006f00 phy=4 phr=1 starts=2849 done=1087 timeouts=1595 crc=64 errors=86 scope=34 spi=0
89354.316 [0] DBG_ROUTE_REPLY_LISTEN_DONE captured=0 ret=0
89354.316 [0] DBG_C5_CONTACT phase=closing state=4 peer=0x9699122bd60a64e3 purpose=route_solicit reason=reply-listen-timeout
89354.316 [0] DBG_ANCHOR_ROUTE_WAKE_HANDOFF_DONE src=0x9699122bd60a64e3 embedded=0 ret=0 pending=0
89354.316 [0] DBG_ANCHOR_ROUTE_WAKE_DISPATCH_DONE handled=1 len=49 q=100
89354.316 [0] DBG_ANCHOR_CH5_SCAN_RESCHED ret=1 delay=380
89354.316 [0] DBG_ANCHOR_MESH_RX_YIELD reason=anchor-low-duty-ch5-owner ch9=0 delay=0 scan_int=380 scan_win=10 wait=0 q=0
89354.710 [0] DBG_ANCHOR_CH5_SCAN_HANDLER role=2
89354.710 [0] DBG_ANCHOR_CH5_SCAN_ARM now=322007 win=10 complete=15 interval=380 wait=0 tx=0 response=0
89354.710 [0] DBG_DWM_INVALIDATE tag=configure_radio_from_reset active_phy=4 configured=1 awake=1
89354.753 [0] DBG_STACK_RUN_BEGIN epoch=16284486061926904368 run=222 kind=anchor_scan owner=anchor_uwb_scan queue=0 custody=0 credit=0 retry=0 drain=0 src=16876665336513972910 dst=11068027678940948070 session=0 seq=0 type=48 sequence=0 previous=0 uptime=322027
89354.753 [0] DBG_STACK_SAMPLE_BEGIN epoch=16284486061926904368 run=222 sample=222 kind=anchor_scan owner=anchor_uwb_scan queue=0 custody=0 credit=0 retry=0 drain=0 src=16876665336513972910 dst=11068027678940948070 session=0 seq=0 type=48 uptime=322027
89354.753 [0] DBG_STACK_ISR_CONFIG size=8192 run=222 sample=222
89354.753 [0] DBG_STACK name=anchor_uwb_scan tid=0x2000ca08 used=7952 free=2032 size=9984 ret=0 run=222 sample=222
89354.753 [0] DBG_STACK name=mesh_route tid=0x2000b038 used=6976 free=2496 size=9472 ret=0 run=222 sample=222
89354.753 [0] DBG_STACK name=sysworkq tid=0x2000d980 used=772 free=4604 size=5376 ret=0 run=222 sample=222
89354.753 [0] DBG_STACK name=logging tid=0x2000cec0 used=544 free=1504 size=2048 ret=0 run=222 sample=222
89354.753 [0] DBG_STACK name=idle tid=0x2000d750 used=64 free=256 size=320 ret=0 run=222 sample=222
89354.790 [0] DBG_STACK_SAMPLE_END run=222 sample=222
89354.790 [0] DBG_STACK_RUN_END epoch=16284486061926904368 run=222 kind=anchor_scan owner=anchor_uwb_scan outcome=ack queue=0 custody=0 credit=0 retry=0 drain=0 src=16876665336513972910 dst=11068027678940948070 session=0 seq=0 type=48 samples=1 attempts=1 errors=0 last_error=0 mutex_drops=346 short_drops=2628 sequence=0 previous=0 uptime=322076
89354.790 [0] DBG_ANCHOR_DISC_FRAME len=49 type=0x08 q=100 now=322079
89354.790 [0] DBG_ANCHOR_DISC_FRAME len=49 type=0x08 q=100 now=322085
89354.790 [0] DBG_ANCHOR_DISC_FRAME len=49 type=0x08 q=100 now=322092
89354.790 [0] DBG_ANCHOR_DISC_FRAME len=49 type=0x08 q=100 now=322098
89354.790 [0] DBG_ANCHOR_DISC_FRAME len=49 type=0x08 q=100 now=322105
89354.824 [0] DBG_ANCHOR_DISC_FRAME len=49 type=0x08 q=100 now=322111
89354.824 [0] DBG_ANCHOR_DISC_FRAME len=49 type=0x08 q=100 now=322117
89354.824 [0] DBG_ANCHOR_DISC_FRAME len=49 type=0x08 q=100 now=322124
89354.824 [0] DBG_ANCHOR_DISC_FRAME len=49 type=0x08 q=100 now=322130
89354.824 [0] DBG_ANCHOR_DISC_FRAME len=49 type=0x08 q=100 now=322136
89354.857 [0] DBG_ANCHOR_DISC_FRAME len=49 type=0x08 q=100 now=322143
89354.857 [0] DBG_ANCHOR_DISC_FRAME len=49 type=0x08 q=100 now=322149
89354.857 [0] DBG_ANCHOR_DISC_FRAME len=49 type=0x08 q=100 now=322156
89354.857 [0] DBG_ANCHOR_DISC_FRAME len=49 type=0x08 q=100 now=322162
89354.857 [0] DBG_ANCHOR_DISC_FRAME len=49 type=0x08 q=100 now=322169
89354.895 [0] DBG_ANCHOR_DISC_FRAME len=49 type=0x08 q=100 now=322175
89354.895 [0] DBG_ANCHOR_DISC_FRAME len=49 type=0x08 q=100 now=322182
89354.895 [0] DBG_ANCHOR_DISC_FRAME len=49 type=0x08 q=100 now=322188
89354.895 [0] DBG_ANCHOR_DISC_FRAME len=49 type=0x08 q=100 now=322195
89354.895 [0] DBG_ANCHOR_DISC_FRAME len=49 type=0x08 q=100 now=322201
89354.895 [0] DBG_ANCHOR_DISC_FRAME len=49 type=0x08 q=100 now=322208
89354.935 [0] DBG_ANCHOR_DISC_FRAME len=49 type=0x08 q=100 now=322214
89354.935 [0] DBG_ANCHOR_DISC_FRAME len=49 type=0x08 q=100 now=322221
89354.935 [0] DBG_ANCHOR_DISC_FRAME len=49 type=0x08 q=100 now=322227
89354.935 [0] DBG_ANCHOR_DISC_FRAME len=49 type=0x08 q=100 now=322234
89354.935 [0] DBG_ANCHOR_DISC_FRAME len=49 type=0x08 q=100 now=322240
89354.935 [0] DBG_ANCHOR_DISC_FRAME len=49 type=0x08 q=100 now=322247
89354.974 [0] DBG_ANCHOR_DISC_FRAME len=49 type=0x08 q=100 now=322253
89354.974 [0] DBG_ANCHOR_DISC_FRAME len=49 type=0x08 q=100 now=322259
89354.974 [0] DBG_ANCHOR_DISC_FRAME len=49 type=0x08 q=100 now=322266
89354.974 [0] DBG_ANCHOR_DISC_FRAME len=49 type=0x08 q=100 now=322272
89354.974 [0] DBG_ANCHOR_DISC_FRAME len=49 type=0x08 q=100 now=322278
89354.974 [0] DBG_ANCHOR_DISC_FRAME len=49 type=0x08 q=100 now=322285
89355.007 [0] DBG_ANCHOR_DISC_FRAME len=49 type=0x08 q=100 now=322291
89355.007 [0] DBG_ANCHOR_DISC_FRAME len=49 type=0x08 q=100 now=322298
89355.007 [0] DBG_ANCHOR_DISC_FRAME len=49 type=0x08 q=100 now=322304
89355.007 [0] DBG_ANCHOR_DISC_FRAME len=49 type=0x08 q=100 now=322310
89355.007 [0] DBG_ANCHOR_DISC_FRAME len=49 type=0x08 q=100 now=322317
89355.007 [0] DBG_ANCHOR_DISC_FRAME len=49 type=0x08 q=100 now=322323
89355.041 [0] DBG_ANCHOR_DISC_FRAME len=49 type=0x08 q=100 now=322330
89355.041 [0] DBG_ANCHOR_DISC_FRAME len=49 type=0x08 q=100 now=322336
89355.041 [0] DBG_ANCHOR_DISC_FRAME len=49 type=0x08 q=100 now=322343
89355.072 [0] DBG_ANCHOR_DISC_FRAME len=32 type=0x09 q=100 now=322378
89355.072 [0] DBG_ANCHOR_DISC_DECODE evt=18022409 attempt=2 slots=50 flags=0x20
89355.072 [0] DBG_ANCHOR_DISC_REPLY_ARM evt=18022409 attempt=2 slot=1 state=1
89355.099 [0] DBG_ANCHOR_DISC_REPLY_TX evt=18022409 attempt=2 slot=1 ret=0
89355.104 [1] [00:05:21.398,315] <wrn> app_mesh_report: mesh route reply RX failed: target=0x9699122bd60a64e3 ret=-5 rx_failure=4 reason=anchor-route-wake-followup
89355.104 [1] [00:05:21.447,052] <wrn> app_mesh_report: mesh route reply RX failed: target=0x9699122bd60a64e3 ret=-5 rx_failure=4 reason=anchor-route-wake-followup
89355.104 [1] [00:05:21.495,422] <wrn> app_mesh_report:
89355.788 [0] DBG_ANCHOR_CH5_SCAN_RESCHED ret=1 delay=380
89356.148 [0] DBG_ANCHOR_CH5_SCAN_HANDLER role=2
89356.148 [0] DBG_ANCHOR_CH5_SCAN_ARM now=323467 win=10 complete=15 interval=380 wait=0 tx=0 response=0
89356.179 [0] DBG_DWM_CH5_RX_HUNT_START acq=10 complete=1000 cap=1020
89356.179 [0] DBG_DWM_CH5_RX_HUNT_EMPTY s=323475 e=323485 ret=-116 sys=00000000 phy=2 cfg=1 aw=1 unk=0
89356.179 [0] DBG_ANCHOR_CH5_SCAN_DONE ret=-116 len=0 fail=1 pre=0 q=0 rx_us=10955 complete=1000
89356.179 [0] DBG_STACK_RUN_BEGIN epoch=16284486061926904368 run=223 kind=anchor_scan owner=anchor_uwb_scan queue=0 custody=0 credit=0 retry=0 drain=0 src=16876665336513972910 dst=11068027678940948070 session=0 seq=0 type=48 sequence=0 previous=0 uptime=323486
89356.179 [0] DBG_STACK_SAMPLE_BEGIN epoch=16284486061926904368 run=223 sample=223 kind=anchor_scan owner=anchor_uwb_scan queue=0 custody=0 credit=0 retry=0 drain=0 src=16876665336513972910 dst=11068027678940948070 session=0 seq=0 type=48 uptime=323487
89356.179 [0] DBG_STACK_ISR_CONFIG size=8192 run=223 sample=223
89356.179 [0] DBG_STACK name=anchor_uwb_scan tid=0x2000ca08 used=7952 free=2032 size=9984 ret=0 run=223 sample=223
89356.179 [0] DBG_STACK name=mesh_route tid=0x2000b038 used=6976 free=2496 size=9472 ret=0 run=223 sample=223
89356.219 [0] DBG_STACK name=sysworkq tid=0x2000d980 used=772 free=4604 size=5376 ret=0 run=223 sample=223
89356.219 [0] DBG_STACK name=logging tid=0x2000cec0 used=544 free=1504 size=2048 ret=0 run=223 sample=223
89356.219 [0] DBG_STACK name=idle tid=0x2000d750 used=64 free=256 size=320 ret=0 run=223 sample=223
89356.219 [0] DBG_STACK_SAMPLE_END run=223 sample=223
89356.219 [0] DBG_STACK_RUN_END epoch=16284486061926904368 run=223 kind=anchor_scan owner=anchor_uwb_scan outcome=ack queue=0 custody=0 credit=0 retry=0 drain=0 src=16876665336513972910 dst=11068027678940948070 session=0 seq=0 type=48 samples=1 attempts=1 errors=0 last_error=0 mutex_drops=347 short_drops=2628 sequence=0 previous=0 uptime=323503
89356.556 [0] DBG_ANCHOR_CH5_SCAN_HANDLER role=2
89356.582 [0] DBG_DWM_CH5_RX_HUNT_START acq=10 complete=1000 cap=1020
89356.582 [0] DBG_DWM_CH5_RX_HUNT_EMPTY s=323878 e=323888 ret=-116 sys=00000000 phy=2 cfg=1 aw=1 unk=0
89356.582 [0] DBG_ANCHOR_CH5_SCAN_RESCHED ret=1 delay=380
89356.796 [1] [00:05:23.085,357] <wrn> app_anchor: anchor UWB RANGE_SCHEDULE not received: ret=-77
89356.971 [0] DBG_ANCHOR_CH5_SCAN_HANDLER role=2
89356.971 [0] DBG_DWM_CH5_RX_HUNT_START acq=10 complete=1000 cap=1020
89356.971 [0] DBG_DWM_CH5_RX_ACTIVITY_EXTEND ret=0 status=0x00000100 complete=1000
89356.971 [0] DBG_DWM_CH5_RX_ACTIVITY_WAIT status=0x00000100 remain=1000
89356.971 [0] DBG_DWM_CH5_RX_ACTIVITY_DONE raw=51 payload=49 status=0x00006f00 rearm=0 extended=1
89356.971 [0] DBG_ANCHOR_CH5_SCAN_DONE ret=0 len=49 fail=0 pre=1 q=100 rx_us=10000 complete=1000
89356.971 [0] DBG_UWB_RX_CH5
89356.971 [0] DBG_ANCHOR_CH5_FRAME len=49 q=100 wake_ret=0
89356.971 [0] DBG_ANCHOR_WAKE_ACCEPT clicker=0xc1c2306a5138ab2d evt=18022409 attempt=3 flags=0x20 disc_in=229 q=100
89357.009 [0] DBG_ANCHOR_CLICK_WINDOW active=1 flags=0x20
89357.009 [0] DBG_ANCHOR_DISC_WAIT now=324300 start=324513 deadline=325513 guard=8 listen=1008 phr=std
89357.009 [0] DBG_ANCHOR_DISC_CONFIG phr=std ret=0
89357.009 [0] DBG_ANCHOR_DISC_FRAME len=49 type=0x08 q=100 now=324308
89357.009 [0] DBG_ANCHOR_DISC_FRAME len=49 type=0x08 q=100 now=324314
89357.009 [0] DBG_ANCHOR_DISC_FRAME len=49 type=0x08 q=100 now=324321
89357.044 [0] DBG_ANCHOR_DISC_FRAME len=49 type=0x08 q=100 now=324327
89357.044 [0] DBG_ANCHOR_DISC_FRAME len=49 type=0x08 q=100 now=324333
89357.044 [0] DBG_ANCHOR_DISC_FRAME len=49 type=0x08 q=100 now=324340
89357.044 [0] DBG_ANCHOR_DISC_FRAME len=49 type=0x08 q=100 now=324347
89357.044 [0] DBG_ANCHOR_DISC_FRAME len=49 type=0x08 q=100 now=324353
89357.044 [0] DBG_ANCHOR_DISC_FRAME len=49 type=0x08 q=100 now=324360
89357.082 [0] DBG_ANCHOR_DISC_FRAME len=49 type=0x08 q=100 now=324366
89357.082 [0] DBG_ANCHOR_DISC_FRAME len=49 type=0x08 q=100 now=324373
89357.082 [0] DBG_ANCHOR_DISC_FRAME len=49 type=0x08 q=100 now=324379
89357.082 [0] DBG_ANCHOR_DISC_FRAME len=49 type=0x08 q=100 now=324386
89357.082 [0] DBG_ANCHOR_DISC_FRAME len=49 type=0x08 q=100 now=324392
89357.082 [0] DBG_ANCHOR_DISC_FRAME len=49 type=0x08 q=100 now=324399
89357.123 [0] DBG_ANCHOR_DISC_FRAME len=49 type=0x08 q=100 now=324405
89357.123 [0] DBG_ANCHOR_DISC_FRAME len=49 type=0x08 q=100 now=324411
89357.123 [0] DBG_ANCHOR_DISC_FRAME len=49 type=0x08 q=100 now=324418
89357.123 [0] DBG_ANCHOR_DISC_FRAME len=49 type=0x08 q=100 now=324425
89357.123 [0] DBG_ANCHOR_DISC_FRAME len=49 type=0x08 q=100 now=324431
89357.123 [0] DBG_ANCHOR_DISC_FRAME len=49 type=0x08 q=100 now=324437
89357.159 [0] DBG_ANCHOR_DISC_FRAME len=49 type=0x08 q=100 now=324444
89357.159 [0] DBG_ANCHOR_DISC_FRAME len=49 type=0x08 q=100 now=324450
89357.159 [0] DBG_ANCHOR_DISC_FRAME len=49 type=0x08 q=100 now=324456
89357.159 [0] DBG_ANCHOR_DISC_FRAME len=49 type=0x08 q=100 now=324463
89357.159 [0] DBG_ANCHOR_DISC_FRAME len=49 type=0x08 q=100 now=324470
89357.159 [0] DBG_ANCHOR_DISC_FRAME len=49 type=0x08 q=100 now=324476
89357.202 [0] DBG_ANCHOR_DISC_FRAME len=49 type=0x08 q=100 now=324482
89357.202 [0] DBG_ANCHOR_DISC_FRAME len=49 type=0x08 q=100 now=324489
89357.247 [0] DBG_ANCHOR_DISC_FRAME len=32 type=0x09 q=100 now=324524
89357.247 [0] DBG_ANCHOR_DISC_DECODE evt=18022409 attempt=3 slots=50 flags=0x20
89357.247 [0] DBG_ANCHOR_DISC_REPLY_ARM evt=18022409 attempt=3 slot=1 state=1
89357.247 [0] DBG_ANCHOR_DISC_REPLY_TX evt=18022409 attempt=3 slot=1 ret=0
89357.916 [0] DBG_ANCHOR_CH5_HOLD_DONE deadline=325221 now=325222 frames=3 errors=0 deferred=0
89357.916 [0] DBG_DS_SAMPLE_ARM evt=18022409 attempt=3 sample=2/12 round=0 seq=2 target_us=325231000 start=325221 now=325222 deadline=325274
89357.916 [0] DBG_DS_RESP stage=arm evt=18022409 seq=2 round=0 now=325222 timeout=52
89357.964 [0] DBG_DS_RESP stage=resp-armed now=325239 seq=2 round=0 tx_time=0x0e6ef30f resp_tx=0x6ef34dd9
89357.964 [0] DBG_DS_RESP stage=resp-raw poll_rx=0x507b02f7 q=100 reply_uus=8000
89357.964 [0] DBG_DS_RESP stage=final-decode status=0 now=325256 seq=2 round=0 final_rx=0x8d6b98ec
89358.003 [0] DBG_ANCHOR_CH5_HOLD_DONE deadline=325320 now=325321 frames=6 errors=0 deferred=0
89358.003 [0] DBG_DS_SAMPLE_ARM evt=18022409 attempt=3 sample=5/12 round=1 seq=3 target_us=325330000 start=325320 now=325321 deadline=325373
89358.035 [0] DBG_DS_RESP stage=arm evt=18022409 seq=3 round=1 now=325321 timeout=52
89358.035 [0] DBG_DS_RESP stage=resp-armed now=325338 seq=3 round=1 tx_time=0x0fe893b2 resp_tx=0xe893f1d9
89358.035 [0] DBG_DS_RESP stage=resp-raw poll_rx=0xca1ba5a2 q=100 reply_uus=8000
89358.067 [0] DBG_DS_RESP stage=final-decode status=0 now=325356 seq=3 round=1 final_rx=0x070c3b98
89358.104 [0] DBG_ANCHOR_CH5_HOLD_DONE deadline=325419 now=325419 frames=6 errors=0 deferred=0
89358.104 [0] DBG_DS_SAMPLE_ARM evt=18022409 attempt=3 sample=8/12 round=2 seq=4 target_us=325429000 start=325419 now=325419 deadline=325472
89358.104 [0] DBG_DS_RESP stage=arm evt=18022409 seq=4 round=2 now=325420 timeout=53
89358.139 [0] DBG_DS_RESP stage=resp-armed now=325438 seq=4 round=2 tx_time=0x116268c2 resp_tx=0x626901d9
89358.139 [0] DBG_DS_RESP stage=resp-raw poll_rx=0x43f0b656 q=100 reply_uus=8000
89358.139 [0] DBG_DS_RESP stage=final-decode status=0 now=325455 seq=4 round=2 final_rx=0x80e14c48
89358.216 [0] DBG_ANCHOR_CH5_HOLD_DONE deadline=325518 now=325518 frames=6 errors=0 deferred=0
89358.216 [0] DBG_DS_SAMPLE_ARM evt=18022409 attempt=3 sample=11/12 round=3 seq=5 target_us=325528000 start=325518 now=325518 deadline=32557
89358.216 [0] DBG_DS_RESP stage=arm evt=18022409 seq=5 round=3 now=325519 timeout=52
89358.259 [0] DBG_DS_RESP stage=resp-armed now=325537 seq=5 round=3 tx_time=0x12dbd711 resp_tx=0xdbd74fd9
89358.259 [0] DBG_DS_RESP stage=resp-raw poll_rx=0xbd5f04ff q=100 reply_uus=8000
89358.259 [0] DBG_DS_RESP stage=final-decode status=0 now=325554 seq=5 round=3 final_rx=0xfa4f9aeb
89358.259 [0] DBG_CLICK_LISTEN start=325638 until=325988 n=3
89358.259 [0] DBG_CLICK_REPORT_QUEUED now=325556 window=325638 k=1 earliest=325688 n=3
89358.259 [0] DBG_ANCHOR_CH5_SCAN_RESCHED ret=1 delay=380
89358.259 [0] DBG_COORD state=mesh-tx owner=report-tx reason=mesh-tx rx=0 tx=1 relay=0 route=0 ack=0 qack=0
89358.259 [0] DBG_REPORT_TX_SLOT_WAIT now=325558 earliest=325688 delay=100 seq=23
89358.371 [0] DBG_CLICK_SLOT_TX now=325659 due=325688 window=325638 k=1 n=3 seq=23
89358.371 [0] DBG_UPLINK_NEXT_HOP next=0xf6d3a3bdac0f858 depth=1 participant=1 wake=0
89358.371 [0] DBG_UPLINK_TX msg=20 seq=23 next=0xf6d3a3bdac0f858 wake=0 reason=queued-click-report
89358.371 [0] DBG_DWM_INVALIDATE tag=configure_radio_from_reset active_phy=1 configured=1 awake=1
89358.371 [0] DBG_DWM_MARK_UNCONFIGURED tag=initialise_radio prev_phy=0
89358.405 [0] DBG_DWM_PHY_SWITCH from=1 to=4 fast=0 us=21423
89358.405 [0] DBG_DWM_WAKE_MESH_CTRL_OK sfd=1033
89358.405 [0] DBG_DIRECT_GW_TX_CONFIG ret=0 now=325690 seq=23
89358.405 [0] DBG_CH9_TX_SEND_AT now=325691 earliest=325688 msg=20 len=281
89358.405 [0] DBG_CH9_TX_DONE now=325698 dur=6 len=281 msg=20
89358.405 [0] DBG_UWB_TX_CH5
89358.405 [0] DBG_CLICK_TX_DONE now=325698 seq=23
89358.405 [0] DBG_CH9_TX_SINGLE_SEND_OK
89358.405 [0] DBG_CH9_EVENT_STATE state=complete peer=0x0f6d3a3bdac0f858 start=325663 end=325913 reason=queued-click-report
89358.405 [0] DBG_DIRECT_GW_TX_ACK_TRANSIT_WAIT dst=0x9999888877776666 src=0xea35f5b508104aae seq=23
89358.405 [0] DBG_CLICK_ACK_RX_ARM now=325698 slice=60 seq=23
89358.644 [0] DBG_ANCHOR_CH5_SCAN_HANDLER role=2
89358.644 [0] DBG_ANCHOR_CH5_SCAN_BLOCKED win=0 tx=1 retry_gap=0 flood=0 wait=0 rx=0 rxq=0 rxr=0 ack=0 ch9=0 rf=1 retry=20 interval=380
89358.644 [0] DBG_SCAN_SKIPPED reason=blocked
89358.644 [0] DBG_ANCHOR_CH5_SCAN_RESCHED ret=1 delay=20
89358.644 [0] DBG_DIRECT_GW_TX_ACK_WAIT ret=-116 seq=23
89358.644 [0] DBG_DIRECT_GW_KEEP_CH9_AWAKE q=1 seq=23 ack_ret=-116 release_ret=0
89358.644 [0] DBG_CH9_TX_SINGLE_RETRYABLE ret=-11 seq=23
89358.644 [0] DBG_DIRECT_GW_ACK_DEFER_CORE seq=23 ret=-11 state=1 deadline=327698 reason=queued-click-report
89358.644 [0] DBG_UWB_RX_COORD_DEFER state=mesh-tx reason=mesh-tx route=0 q=0
89358.644 [0] DBG_TX_TIMEOUT_ENTER relay=1 route=0 ch9pend=0 bundle=0 now=325951
89358.681 [0] DBG_ANCHOR_CH5_SCAN_HANDLER role=2
89358.681 [0] DBG_ANCHOR_CH5_SCAN_ARM now=325964 win=24 complete=15 interval=380 wait=0 tx=1 response=0
89358.681 [0] DBG_DWM_CH5_RX_HUNT_START acq=24 complete=15 cap=1020
89358.681 [0] DBG_DWM_CH5_RX_HUNT_EMPTY s=325965 e=325989 ret=-116 sys=00000000 phy=4 cfg=1 aw=1 unk=0
89358.681 [0] DBG_ANCHOR_CH5_SCAN_DONE ret=-116 len=0 fail=1 pre=0 q=0 rx_us=24322 complete=15
89358.681 [0] DBG_ANCHOR_CH5_SCAN_RESCHED ret=1 delay=380
89358.727 [0] DBG_UWB_RX_COORD_DEFER state=mesh-tx reason=mesh-tx route=0 q=0
89358.764 [0] DBG_UWB_RX_COORD_DEFER state=mesh-tx reason=mesh-tx route=0 q=0
89358.764 [0] DBG_TX_TIMEOUT_ENTER relay=1 route=0 ch9pend=0 bundle=0 now=326064
89358.764 [0] DBG_RETRANSMIT_DIRECT_GW seq=23 now=326066
89358.764 [0] DBG_C5_CONTACT phase=open state=1 peer=0x0f6d3a3bdac0f858 purpose=uplink reason=retransmit-uplink-wake
89358.764 [0] DBG_WAKE_TRAIN_GUARD_OK
89358.764 [0] DBG_DWM_INVALIDATE tag=configure_radio_from_reset active_phy=4 configured=1 awake=1
89358.799 [0] DBG_DWM_MARK_UNCONFIGURED tag=initialise_radio prev_phy=0
89358.799 [0] DBG_DWM_PHY_SWITCH from=4 to=2 fast=0 us=20965
89358.799 [0] DBG_WAKE_TRAIN_CONFIG_BEGIN
89358.799 [0] DBG_WAKE_TRAIN_CONFIG_OK
89358.799 [0] DBG_WAKE_TRAIN_FIRST_SEND_BEGIN
89358.841 [0] DBG_WAKE_TRAIN_FIRST_SEND_OK
89358.841 [0] DBG_UWB_TX_CH5
89358.841 [0] DBG_TX_WAKE_CLAIM_SENT
89358.841 [0] DBG_UWB_TX_CH5
89358.841 [0] DBG_TX_WAKE_CLAIM_SENT
89358.841 [0] DBG_UWB_TX_CH5
89358.841 [0] DBG_TX_WAKE_CLAIM_SENT
89358.841 [0] DBG_DWM_CH5_RX_HUNT_START acq=10 complete=1000 cap=124
89358.841 [0] DBG_DWM_CH5_RX_HUNT_EMPTY s=326137 e=326147 ret=-116 sys=00000000 phy=2 cfg=1 aw=1 unk=0
89358.841 [0] DBG_UWB_TX_CH5
89358.841 [0] DBG_TX_WAKE_CLAIM_SENT
89358.875 [0] DBG_UWB_TX_CH5
89358.875 [0] DBG_TX_WAKE_CLAIM_SENT
89358.875 [0] DBG_DWM_CH5_RX_HUNT_START acq=10 complete=1000 cap=124
89358.875 [0] DBG_DWM_CH5_RX_HUNT_EMPTY s=326161 e=326171 ret=-116 sys=00000000 phy=2 cfg=1 aw=1 unk=0
89358.875 [0] DBG_UWB_TX_CH5
89358.875 [0] DBG_TX_WAKE_CLAIM_SENT
89358.875 [0] DBG_UWB_TX_CH5
89358.875 [0] DBG_TX_WAKE_CLAIM_SENT
89358.875 [0] DBG_DWM_CH5_RX_HUNT_START acq=10 complete=1000 cap=124
89358.910 [0] DBG_DWM_CH5_RX_HUNT_EMPTY s=326184 e=326195 ret=-116 sys=00000000 phy=2 cfg=1 aw=1 unk=0
89358.910 [0] DBG_UWB_TX_CH5
89358.910 [0] DBG_TX_WAKE_CLAIM_SENT
89358.910 [0] DBG_UWB_TX_CH5
89358.910 [0] DBG_TX_WAKE_CLAIM_SENT
89358.910 [0] DBG_DWM_CH5_RX_HUNT_START acq=10 complete=1000 cap=124
89358.910 [0] DBG_DWM_CH5_RX_HUNT_EMPTY s=326209 e=326219 ret=-116 sys=00000000 phy=2 cfg=1 aw=1 unk=0
89358.910 [0] DBG_UWB_TX_CH5
89358.910 [0] DBG_TX_WAKE_CLAIM_SENT
89358.947 [0] DBG_UWB_TX_CH5
89358.947 [0] DBG_TX_WAKE_CLAIM_SENT
89358.947 [0] DBG_DWM_CH5_RX_HUNT_START acq=10 complete=1000 cap=124
89358.947 [0] DBG_DWM_CH5_RX_HUNT_EMPTY s=326233 e=326243 ret=-116 sys=00000000 phy=2 cfg=1 aw=1 unk=0
89358.947 [0] DBG_UWB_TX_CH5
89358.947 [0] DBG_TX_WAKE_CLAIM_SENT
89358.947 [0] DBG_UWB_TX_CH5
89358.947 [0] DBG_TX_WAKE_CLAIM_SENT
89358.947 [0] DBG_DWM_CH5_RX_HUNT_START acq=10 complete=1000 cap=124
89358.985 [0] DBG_DWM_CH5_RX_HUNT_EMPTY s=326257 e=326267 ret=-116 sys=00000000 phy=2 cfg=1 aw=1 unk=0
89358.985 [0] DBG_UWB_TX_CH5
89358.985 [0] DBG_TX_WAKE_CLAIM_SENT
89358.985 [0] DBG_UWB_TX_CH5
89358.985 [0] DBG_TX_WAKE_CLAIM_SENT
89358.985 [0] DBG_DWM_CH5_RX_HUNT_START acq=10 complete=1000 cap=124
89358.985 [0] DBG_DWM_CH5_RX_HUNT_EMPTY s=326281 e=326291 ret=-116 sys=00000000 phy=2 cfg=1 aw=1 unk=0
89358.985 [0] DBG_UWB_TX_CH5
89358.985 [0] DBG_TX_WAKE_CLAIM_SENT
89359.021 [0] DBG_UWB_TX_CH5
89359.021 [0] DBG_TX_WAKE_CLAIM_SENT
89359.021 [0] DBG_DWM_CH5_RX_HUNT_START acq=10 complete=1000 cap=124
89359.021 [0] DBG_DWM_CH5_RX_HUNT_EMPTY s=326305 e=326315 ret=-116 sys=00000000 phy=2 cfg=1 aw=1 unk=0
89359.021 [0] DBG_UWB_TX_CH5
89359.021 [0] DBG_TX_WAKE_CLAIM_SENT
89359.021 [0] DBG_UWB_TX_CH5
89359.021 [0] DBG_TX_WAKE_CLAIM_SENT
89359.021 [0] DBG_DWM_CH5_RX_HUNT_START acq=10 complete=1000 cap=124
89359.055 [0] DBG_DWM_CH5_RX_HUNT_EMPTY s=326329 e=326339 ret=-116 sys=00000000 phy=2 cfg=1 aw=1 unk=0
89359.055 [0] DBG_UWB_TX_CH5
89359.055 [0] DBG_TX_WAKE_CLAIM_SENT
89359.055 [0] DBG_UWB_TX_CH5
89359.055 [0] DBG_TX_WAKE_CLAIM_SENT
89359.055 [0] DBG_DWM_CH5_RX_HUNT_START acq=10 complete=1000 cap=124
89359.055 [0] DBG_DWM_CH5_RX_HUNT_EMPTY s=326353 e=326363 ret=-116 sys=00000000 phy=2 cfg=1 aw=1 unk=0
89359.055 [0] DBG_UWB_TX_CH5
89359.055 [0] DBG_TX_WAKE_CLAIM_SENT
89359.055 [0] DBG_ANCHOR_CH5_SCAN_HANDLER role=2
89359.055 [0] DBG_ANCHOR_CH5_SCAN_BLOCKED win=0 tx=1 retry_gap=0 flood=0 wait=0 rx=0 rxq=0 rxr=0 ack=0 ch9=0 rf=1 retry=20 interval=380
89359.098 [0] DBG_SCAN_SKIPPED reason=blocked
89359.098 [0] DBG_ANCHOR_CH5_SCAN_RESCHED ret=1 delay=20
89359.098 [0] DBG_UWB_TX_CH5
89359.098 [0] DBG_TX_WAKE_CLAIM_SENT
89359.098 [0] DBG_DWM_CH5_RX_HUNT_START acq=10 complete=1000 cap=124
89359.098 [0] DBG_DWM_CH5_RX_HUNT_EMPTY s=326377 e=326387 ret=-116 sys=00000000 phy=2 cfg=1 aw=1 unk=0
89359.098 [0] DBG_UWB_TX_CH5
89359.098 [0] DBG_TX_WAKE_CLAIM_SENT
89359.098 [0] DBG_ANCHOR_CH5_SCAN_HANDLER role=2
89359.098 [0] DBG_ANCHOR_CH5_SCAN_BLOCKED win=0 tx=1 retry_gap=0 flood=0 wait=0 rx=0 rxq=0 rxr=0 ack=0 ch9=0 rf=1 retry=20 interval=380
89359.098 [0] DBG_SCAN_SKIPPED reason=blocked
89359.098 [0] DBG_ANCHOR_CH5_SCAN_RESCHED ret=1 delay=20
89359.098 [0] DBG_UWB_TX_CH5
89359.098 [0] DBG_TX_WAKE_CLAIM_SENT
89359.098 [0] DBG_DWM_CH5_RX_HUNT_START acq=10 complete=1000 cap=124
89359.098 [0] DBG_DWM_CH5_RX_HUNT_EMPTY s=326401 e=326411 ret=-116 sys=00000000 phy=2 cfg=1 aw=1 unk=0
89359.137 [0] DBG_ANCHOR_CH5_SCAN_HANDLER role=2
89359.137 [0] DBG_UWB_TX_CH5
89359.137 [0] DBG_TX_WAKE_CLAIM_SENT
89359.137 [0] DBG_ANCHOR_CH5_SCAN_BLOCKED win=0 tx=1 retry_gap=0 flood=0 wait=0 rx=0 rxq=0 rxr=0 ack=0 ch9=0 rf=1 retry=20 interval=380
89359.137 [0] DBG_SCAN_SKIPPED reason=blocked
89359.137 [0] DBG_ANCHOR_CH5_SCAN_RESCHED ret=1 delay=20
89359.137 [0] DBG_UWB_TX_CH5
89359.137 [0] DBG_TX_WAKE_CLAIM_SENT
89359.137 [0] DBG_DWM_CH5_RX_HUNT_START acq=10 complete=1000 cap=124
89359.137 [0] DBG_DWM_CH5_RX_HUNT_EMPTY s=326425 e=326435 ret=-116 sys=00000000 phy=2 cfg=1 aw=1 unk=0
89359.137 [0] DBG_ANCHOR_CH5_SCAN_HANDLER role=2
89359.137 [0] DBG_UWB_TX_CH5
89359.137 [0] DBG_TX_WAKE_CLAIM_SENT
89359.137 [0] DBG_ANCHOR_CH5_SCAN_BLOCKED win=0 tx=1 retry_gap=0 flood=0 wait=0 rx=0 rxq=0 rxr=0 ack=0 ch9=0 rf=1 retry=20 interval=380
89359.137 [0] DBG_SCAN_SKIPPED reason=blocked
89359.137 [0] DBG_ANCHOR_CH5_SCAN_RESCHED ret=1 delay=20
89359.137 [0] DBG_UWB_TX_CH5
89359.137 [0] DBG_TX_WAKE_CLAIM_SENT
89359.137 [0] DBG_DWM_CH5_RX_HUNT_START acq=10 complete=1000 cap=124
89359.172 [0] DBG_DWM_CH5_RX_HUNT_EMPTY s=326449 e=326459 ret=-116 sys=00000000 phy=2 cfg=1 aw=1 unk=0
89359.172 [0] DBG_ANCHOR_CH5_SCAN_HANDLER role=2
89359.172 [0] DBG_UWB_TX_CH5
89359.172 [0] DBG_TX_WAKE_CLAIM_SENT
89359.172 [0] DBG_ANCHOR_CH5_SCAN_BLOCKED win=0 tx=1 retry_gap=0 flood=0 wait=0 rx=0 rxq=0 rxr=0 ack=0 ch9=0 rf=1 retry=20 interval=380
89359.172 [0] DBG_SCAN_SKIPPED reason=blocked
89359.172 [0] DBG_ANCHOR_CH5_SCAN_RESCHED ret=1 delay=20
89359.172 [0] DBG_UWB_TX_CH5
89359.172 [0] DBG_TX_WAKE_CLAIM_SENT
89359.172 [0] DBG_DWM_CH5_RX_HUNT_START acq=10 complete=1000 cap=124
89359.172 [0] DBG_DWM_CH5_RX_HUNT_EMPTY s=326473 e=326483 ret=-116 sys=00000000 phy=2 cfg=1 aw=1 unk=0
89359.172 [0] DBG_ANCHOR_CH5_SCAN_HANDLER role=2
89359.218 [0] DBG_UWB_TX_CH5
89359.218 [0] DBG_TX_WAKE_CLAIM_SENT
89359.218 [0] DBG_ANCHOR_CH5_SCAN_BLOCKED win=0 tx=1 retry_gap=0 flood=0 wait=0 rx=0 rxq=0 rxr=0 ack=0 ch9=0 rf=1 retry=20 interval=380
89359.218 [0] DBG_SCAN_SKIPPED reason=blocked
89359.218 [0] DBG_ANCHOR_CH5_SCAN_RESCHED ret=1 delay=20
89359.218 [0] DBG_UWB_TX_CH5
89359.218 [0] DBG_TX_WAKE_CLAIM_SENT
89359.218 [0] DBG_DWM_CH5_RX_HUNT_START acq=10 complete=1000 cap=124
89359.218 [0] DBG_DWM_CH5_RX_HUNT_EMPTY s=326497 e=326507 ret=-116 sys=00000000 phy=2 cfg=1 aw=1 unk=0
89359.218 [0] DBG_ANCHOR_CH5_SCAN_HANDLER role=2
89359.218 [0] DBG_UWB_TX_CH5
89359.218 [0] DBG_TX_WAKE_CLAIM_SENT
89359.218 [0] DBG_ANCHOR_CH5_SCAN_BLOCKED win=0 tx=1 retry_gap=0 flood=0 wait=0 rx=0 rxq=0 rxr=0 ack=0 ch9=0 rf=1 retry=20 interval=380
89359.218 [0] DBG_SCAN_SKIPPED reason=blocked
89359.218 [0] DBG_ANCHOR_CH5_SCAN_RESCHED ret=1 delay=20
89359.218 [0] DBG_UWB_TX_CH5
89359.218 [0] DBG_TX_WAKE_CLAIM_SENT
89359.218 [0] DBG_DWM_CH5_RX_HUNT_START acq=10 complete=1000 cap=124
89359.257 [0] DBG_DWM_CH5_RX_HUNT_EMPTY s=326521 e=326531 ret=-116 sys=00000000 phy=2 cfg=1 aw=1 unk=0
89359.257 [0] DBG_ANCHOR_CH5_SCAN_HANDLER role=2
89359.257 [0] DBG_UWB_TX_CH5
89359.257 [0] DBG_TX_WAKE_CLAIM_SENT
89359.257 [0] DBG_SCAN_SKIPPED reason=blocked
89359.257 [0] DBG_ANCHOR_CH5_SCAN_RESCHED ret=1 delay=20
89359.257 [0] DBG_UWB_TX_CH5
89359.257 [0] DBG_TX_WAKE_CLAIM_SENT
89359.257 [0] DBG_DWM_CH5_RX_HUNT_START acq=10 complete=1000 cap=124
89359.257 [0] DBG_DWM_CH5_RX_HUNT_EMPTY s=326545 e=326555 ret=-116 sys=00000000 phy=2 cfg=1 aw=1 unk=0
89359.257 [0] DBG_ANCHOR_CH5_SCAN_HANDLER role=2
89359.257 [0] DBG_UWB_TX_CH5
89359.257 [0] DBG_TX_WAKE_CLAIM_SENT
89359.257 [0] DBG_ANCHOR_CH5_SCAN_BLOCKED win=0 tx=1 retry_gap=0 flood=0 wait=0 rx=0 rxq=0 rxr=0 ack=0 ch9=0 rf=1 retry=20 interval=380
89359.257 [0] DBG_SCAN_SKIPPED reason=blocked
89359.257 [0] DBG_ANCHOR_CH5_SCAN_RESCHED ret=1 delay=20
89359.257 [0] DBG_UWB_TX_CH5
89359.257 [0] DBG_TX_WAKE_CLAIM_SENT
89359.257 [0] DBG_DWM_CH5_RX_HUNT_START acq=10 complete=1000 cap=124
89359.291 [0] DBG_DWM_CH5_RX_HUNT_EMPTY s=326569 e=326579 ret=-116 sys=00000000 phy=2 cfg=1 aw=1 unk=0
89359.291 [0] DBG_ANCHOR_CH5_SCAN_HANDLER role=2
89359.291 [0] DBG_UWB_TX_CH5
89359.291 [0] DBG_TX_WAKE_CLAIM_SENT
89359.291 [0] DBG_ANCHOR_CH5_SCAN_BLOCKED win=0 tx=1 retry_gap=0 flood=0 wait=0 rx=0 rxq=0 rxr=0 ack=0 ch9=0 rf=1 retry=20 interval=380
89359.291 [0] DBG_SCAN_SKIPPED reason=blocked
89359.291 [0] DBG_ANCHOR_CH5_SCAN_RESCHED ret=1 delay=20
89359.291 [0] DBG_UWB_TX_CH5
89359.291 [0] DBG_TX_WAKE_CLAIM_SENT
89359.291 [0] DBG_DWM_CH5_RX_HUNT_START acq=10 complete=1000 cap=124
89359.291 [0] DBG_DWM_CH5_RX_HUNT_EMPTY s=326593 e=326603 ret=-116 sys=00000000 phy=2 cfg=1 aw=1 unk=0
89359.291 [0] DBG_ANCHOR_CH5_SCAN_HANDLER role=2
89359.327 [0] DBG_UWB_TX_CH5
89359.327 [0] DBG_TX_WAKE_CLAIM_SENT
89359.327 [0] DBG_ANCHOR_CH5_SCAN_BLOCKED win=0 tx=1 retry_gap=0 flood=0 wait=0 rx=0 rxq=0 rxr=0 ack=0 ch9=0 rf=1 retry=20 interval=380
89359.327 [0] DBG_SCAN_SKIPPED reason=blocked
89359.327 [0] DBG_ANCHOR_CH5_SCAN_RESCHED ret=1 delay=20
89359.327 [0] DBG_UWB_TX_CH5
89359.327 [0] DBG_TX_WAKE_CLAIM_SENT
89359.327 [0] DBG_DWM_CH5_RX_HUNT_START acq=10 complete=1000 cap=124
89359.327 [0] DBG_DWM_CH5_RX_HUNT_EMPTY s=326617 e=326627 ret=-116 sys=00000000 phy=2 cfg=1 aw=1 unk=0
89359.327 [0] DBG_ANCHOR_CH5_SCAN_HANDLER role=2
89359.327 [0] DBG_ANCHOR_CH5_SCAN_BLOCKED win=0 tx=1 retry_gap=0 flood=0 wait=0 rx=0 rxq=0 rxr=0 ack=0 ch9=0 rf=1 retry=20 interval=380
89359.327 [0] DBG_SCAN_SKIPPED reason=blocked
89359.327 [0] DBG_ANCHOR_CH5_SCAN_RESCHED ret=1 delay=20
89359.359 [0] DBG_WAKE_TRAIN_TIMING evt=326066 start=326116 first=326123 last=326616 end=326649 sent=43 ret=0
89359.359 [0] DBG_C5_CONTACT phase=accepted state=2 peer=0x0f6d3a3bdac0f858 purpose=uplink reason=retransmit-uplink-wake
89359.359 [0] DBG_UPLINK_WAKE next=0xf6d3a3bdac0f858 ret=0 seq=23 phase=retransmit
89359.359 [0] DBG_C5_CONTROL_FOLLOWUP_TURNAROUND delay=60 msg=20 reason=retransmit-uplink-wake
89359.359 [0] DBG_ANCHOR_CH5_SCAN_HANDLER role=2
89359.359 [0] DBG_DWM_CH5_RX_HUNT_START acq=10 complete=1000 cap=1020
89359.390 [0] DBG_DWM_CH5_RX_HUNT_EMPTY s=326666 e=326676 ret=-116 sys=00000000 phy=2 cfg=1 aw=1 unk=0
89359.390 [0] DBG_ANCHOR_CH5_SCAN_RESCHED ret=1 delay=380
89359.431 [0] DBG_DWM_INVALIDATE tag=configure_radio_from_reset active_phy=2 configured=1 awake=1
89359.431 [0] DBG_DWM_MARK_UNCONFIGURED tag=initialise_radio prev_phy=0
89359.431 [0] DBG_DWM_PHY_SWITCH from=2 to=4 fast=0 us=20782
89359.431 [0] DBG_DWM_WAKE_MESH_CTRL_OK sfd=1033
89359.431 [0] DBG_DIRECT_GW_TX_CONFIG ret=0 now=326734 seq=23
89359.431 [0] DBG_CH9_TX_SEND_AT now=326736 earliest=326064 msg=20 len=281
89359.431 [0] DBG_CH9_TX_DONE now=326742 dur=6 len=281 msg=20
89359.431 [0] DBG_UWB_TX_CH5
89359.431 [0] DBG_CLICK_TX_DONE now=326742 seq=23
89359.431 [0] DBG_CH9_TX_SINGLE_SEND_OK
89359.431 [0] DBG_CH9_EVENT_STATE state=complete peer=0x0f6d3a3bdac0f858 start=326066 end=326126 reason=retransmit-direct-gateway
89359.431 [0] DBG_DIRECT_GW_TX_ACK_TRANSIT_WAIT dst=0x9999888877776666 src=0xea35f5b508104aae seq=23
89359.431 [0] DBG_CLICK_ACK_RX_ARM now=326742 slice=60 seq=23
89359.479 [0] DBG_UWB_RX_CH9
89359.479 [0] DBG_MESH_RX_QUEUED ch=9 msg=0x31 src=0xf6d3a3bdac0f858 dst=0xea35f5b508104aae prev=0xf6d3a3bdac0f858 seq=19 q=1
89359.479 [0] DBG_DIRECT_GW_ACK_TRANSIT queued=1 valid=1 dst=0xea35f5b508104aae seq=19
89359.479 [0] DBG_DIRECT_GW_TX_ACK_WAIT ret=0 seq=23
89359.479 [0] DBG_CLICK_ACK_RX now=326771 dms=29 seq=23
89359.479 [0] DBG_COORD state=mesh-rx owner=report-tx reason=mesh-rx rx=1 tx=0 relay=1 route=0 ack=0 qack=0
89359.479 [0] DBG_MESH_RX_WORK_WAIT q=1
89359.479 [0] DBG_MESH_RX_WORK_ENTER q=1
89359.479 [0] DBG_MESH_RX_DRAIN_ENTER owner=work q=1
89359.479 [0] DBG_NEXT_HOP_CUSTODY type=0x20 src=0xea35f5b508104aae session=1799247664 seq=23 parent=0xf6d3a3bdac0f858 accepted=326772 now=3
89359.479 [0] DBG_MESH_RX_DRAIN_EXIT owner=work handled=1 q=0
89359.479 [0] DBG_MESH_RX_WORK_EXIT handled=1 q=0
89359.479 [0] DBG_COORD state=idle owner=uwb-rx reason=idle rx=0 tx=0 relay=0 route=0 ack=0 qack=0
89359.479 [0] DBG_ANCHOR_MESH_RX_YIELD reason=anchor-low-duty-ch5-owner ch9=0 delay=0 scan_int=380 scan_win=10 wait=0 q=0
89359.526 [0] DBG_STACK_RUN_BEGIN epoch=16284486061926904368 run=224 kind=cir_handling owner=anchor_uwb_scan queue=1 custody=1 credit=0 retry=0 drain=0 src=16876665336513972910 dst=11068027678940948070 session=1799247664 seq=23 type=32 sequence=0 previous=0 uptime=326781
89359.526 [0] DBG_STACK_SAMPLE_BEGIN epoch=16284486061926904368 run=224 sample=224 kind=cir_handling owner=anchor_uwb_scan queue=1 custody=1 credit=0 retry=0 drain=0 src=16876665336513972910 dst=11068027678940948070 session=1799247664 seq=23 type=32 uptime=326803
89359.526 [0] DBG_STACK_ISR_CONFIG size=8192 run=224 sample=224
89359.526 [0] DBG_STACK name=anchor_uwb_scan tid=0x2000ca08 used=7952 free=2032 size=9984 ret=0 run=224 sample=224
89359.526 [0] DBG_STACK name=mesh_route tid=0x2000b038 used=6976 free=2496 size=9472 ret=0 run=224 sample=224
89359.526 [0] DBG_STACK name=sysworkq tid=0x2000d980 used=772 free=4604 size=5376 ret=0 run=224 sample=224
89359.526 [0] DBG_STACK name=logging tid=0x2000cec0 used=544 free=1504 size=2048 ret=0 run=224 sample=224
89359.563 [0] DBG_STACK name=idle tid=0x2000d750 used=64 free=256 size=320 ret=0 run=224 sample=224
89359.563 [0] DBG_STACK_SAMPLE_END run=224 sample=224
89359.563 [0] DBG_STACK_RUN_BEGIN epoch=16284486061926904368 run=225 kind=anchor_scan owner=anchor_uwb_scan queue=0 custody=0 credit=0 retry=0 drain=0 src=16876665336513972910 dst=11068027678940948070 session=0 seq=0 type=48 sequence=0 previous=0 uptime=326849
89359.563 [0] DBG_STACK_SAMPLE_BEGIN epoch=16284486061926904368 run=225 sample=225 kind=anchor_scan owner=anchor_uwb_scan queue=0 custody=0 credit=0 retry=0 drain=0 src=16876665336513972910 dst=11068027678940948070 session=0 seq=0 type=48 uptime=326849
89359.563 [0] DBG_STACK_ISR_CONFIG size=8192 run=225 sample=225
89359.563 [0] DBG_STACK name=anchor_uwb_scan tid=0x2000ca08 used=7952 free=2032 size=9984 ret=0 run=225 sample=225
89359.563 [0] DBG_STACK name=mesh_route tid=0x2000b038 used=6976 free=2496 size=9472 ret=0 run=225 sample=225
89359.563 [0] DBG_STACK name=sysworkq tid=0x2000d980 used=772 free=4604 size=5376 ret=0 run=225 sample=225
89359.594 [0] DBG_STACK name=logging tid=0x2000cec0 used=544 free=1504 size=2048 ret=0 run=225 sample=225
89359.594 [0] DBG_STACK name=idle tid=0x2000d750 used=64 free=256 size=320 ret=0 run=225 sample=225
89359.594 [0] DBG_STACK_SAMPLE_END run=225 sample=225
89359.594 [0] DBG_STACK_RUN_END epoch=16284486061926904368 run=225 kind=anchor_scan owner=anchor_uwb_scan outcome=ack queue=0 custody=0 credit=0 retry=0 drain=0 src=16876665336513972910 dst=11068027678940948070 session=0 seq=0 type=48 samples=1 attempts=1 errors=0 last_error=0 mutex_drops=347 short_drops=2629 sequence=0 previous=0 uptime=326885
89359.594 [0] DBG_STACK_RUN_END epoch=16284486061926904368 run=224 kind=cir_handling owner=anchor_uwb_scan outcome=ack queue=0 custody=0 credit=0 retry=0 drain=0 src=16876665336513972910 dst=11068027678940948070 session=1799247664 seq=23 type=32 samples=1 attempts=1 errors=0 last_error=0 mutex_drops=347 short_drops=2629 sequence=0 previous=0 uptime=326888
89359.630 [0] DBG_STACK_RUN_BEGIN epoch=16284486061926904368 run=226 kind=anchor_scan owner=anchor_uwb_scan queue=0 custody=0 credit=0 retry=0 drain=0 src=16876665336513972910 dst=11068027678940948070 session=0 seq=0 type=48 sequence=0 previous=0 uptime=326889
89359.630 [0] DBG_STACK_SAMPLE_BEGIN epoch=16284486061926904368 run=226 sample=226 kind=anchor_scan owner=anchor_uwb_scan queue=0 custody=0 credit=0 retry=0 drain=0 src=16876665336513972910 dst=11068027678940948070 session=0 seq=0 type=48 uptime=326916
89359.630 [0] DBG_STACK_ISR_CONFIG size=8192 run=226 sample=226
89359.630 [0] DBG_STACK name=anchor_uwb_scan tid=0x2000ca08 used=7952 free=2032 size=9984 ret=0 run=226 sample=226
89359.630 [0] DBG_STACK name=mesh_route tid=0x2000b038 used=6976 free=2496 size=9472 ret=0 run=226 sample=226
89359.630 [0] DBG_STACK name=sysworkq tid=0x2000d980 used=772 free=4604 size=5376 ret=0 run=226 sample=226
89359.630 [0] DBG_STACK name=logging tid=0x2000cec0 used=544 free=1504 size=2048 ret=0 run=226 sample=226
89359.630 [0] DBG_STACK name=idle tid=0x2000d750 used=64 free=256 size=320 ret=0 run=226 sample=226
89359.658 [0] DBG_STACK_SAMPLE_END run=226 sample=226
89359.658 [0] DBG_STACK_RUN_END epoch=16284486061926904368 run=226 kind=anchor_scan owner=anchor_uwb_scan outcome=ack queue=0 custody=0 credit=0 retry=0 drain=0 src=16876665336513972910 dst=11068027678940948070 session=0 seq=0 type=48 samples=1 attempts=1 errors=0 last_error=0 mutex_drops=347 short_drops=2629 sequence=0 previous=0 uptime=326953
89359.756 [0] DBG_ANCHOR_CH5_SCAN_HANDLER role=2
89359.756 [0] DBG_ANCHOR_CH5_SCAN_ARM now=327058 win=10 complete=15 interval=380 wait=0 tx=0 response=0
89359.756 [0] DBG_DWM_INVALIDATE tag=configure_radio_from_reset active_phy=4 configured=1 awake=1
89359.797 [0] DBG_DWM_MARK_UNCONFIGURED tag=initialise_radio prev_phy=0
89359.797 [0] DBG_DWM_PHY_SWITCH from=4 to=2 fast=0 us=20843
89359.797 [0] DBG_DWM_CH5_RX_HUNT_START acq=10 complete=1000 cap=1020
89359.797 [0] DBG_DWM_CH5_RX_ACTIVITY_EXTEND ret=0 status=0x00000100 complete=1000
89359.797 [0] DBG_DWM_CH5_RX_ACTIVITY_WAIT status=0x00000100 remain=1000
89359.797 [0] DBG_DWM_CH5_RX_ACTIVITY_DONE raw=51 payload=49 status=0x00006f00 rearm=0 extended=1
89359.797 [0] DBG_ANCHOR_CH5_SCAN_DONE ret=0 len=49 fail=0 pre=1 q=100 rx_us=16052 complete=1000
89359.797 [0] DBG_UWB_RX_CH5
89359.797 [0] DBG_ANCHOR_CH5_FRAME len=49 q=100 wake_ret=0
89359.797 [0] DBG_ANCHOR_ROUTE_WAKE_DISPATCH src=0x9699122bd60a64e3 evt=326407 attempt=1 flags=0x92 len=49 q=100
89359.797 [0] DBG_C5_CONTACT phase=closing state=4 peer=0x0f6d3a3bdac0f858 purpose=uplink reason=replace
89359.797 [0] DBG_C5_CONTACT phase=open state=2 peer=0x9699122bd60a64e3 purpose=route_solicit reason=wake-claim
89359.797 [0] DBG_C5_CONTACT phase=accepted state=2 peer=0x9699122bd60a64e3 purpose=route_solicit reason=wake-claim
89359.797 [0] DBG_ROUTE_ACTIVATION_LISTEN valid=0 now=327100 start=0 relay=0 listen=1750
89359.797 [0] DBG_ROUTE_REPLY_LISTEN_START
89359.838 [0] DBG_DWM_MARK_UNCONFIGURED tag=initialise_radio prev_phy=0
89359.838 [0] DBG_DWM_PHY_SWITCH from=2 to=4 fast=0 us=20783
89359.838 [0] DBG_DWM_WAKE_MESH_CTRL_OK sfd=1033
89359.838 [0] DBG_ROUTE_REPLY_LISTEN_CONFIG ret=0 ext=1
89359.838 [0] DBG_DWM_INVALIDATE tag=configure_radio_from_reset active_phy=4 configured=1 awake=1
89359.880 [0] DBG_DWM_MARK_UNCONFIGURED tag=initialise_radio prev_phy=0
89359.880 [0] DBG_DWM_PHY_SWITCH from=4 to=2 fast=0 us=20782
89359.880 [0] DBG_DWM_CH5_RX_HUNT_START acq=61 complete=1000 cap=1020
89359.880 [0] DBG_DWM_CH5_RX_ACTIVITY_EXTEND ret=0 status=0x00000100 complete=1000
89359.880 [0] DBG_DWM_CH5_RX_ACTIVITY_WAIT status=0x00000100 remain=1000
89359.880 [0] DBG_DWM_CH5_RX_ACTIVITY_DONE raw=51 payload=49 status=0x00006f00 rearm=0 extended=1
89359.880 [0] DBG_DWM_INVALIDATE tag=configure_radio_from_reset active_phy=2 configured=1 awake=1
89359.880 [0] DBG_DWM_MARK_UNCONFIGURED tag=initialise_radio prev_phy=0
89359.880 [0] DBG_DWM_PHY_SWITCH from=2 to=4 fast=0 us=20782
89359.880 [0] DBG_DWM_WAKE_MESH_CTRL_OK sfd=1033
89359.880 [0] DBG_ROUTE_REPLY_CLICK_PROBE_DONE duration_ms=49 outcome=restore ret=0
89359.880 [0] DBG_C5_RX_FAIL status=0x04000100 finfo=0x00000000 fail=2 phy=4 ch=5 plen=2 pac=0 txc=9 rxc=9 sfd=2 rate=0 phr=1 phrr=0 sfdto=1
89359.880 [0] DBG_DWM_INVALIDATE tag=configure_radio_from_reset active_phy=4 configured=1 awake=1
89359.924 [0] DBG_DWM_MARK_UNCONFIGURED tag=initialise_radio prev_phy=0
89359.924 [0] DBG_DWM_PHY_SWITCH from=4 to=2 fast=0 us=20813
89359.924 [0] DBG_DWM_CH5_RX_HUNT_START acq=61 complete=1000 cap=1020
89359.924 [0] DBG_DWM_CH5_RX_ACTIVITY_EXTEND ret=0 status=0x00000100 complete=1000
89359.924 [0] DBG_DWM_CH5_RX_ACTIVITY_WAIT status=0x00000100 remain=1000
89359.924 [0] DBG_DWM_CH5_RX_ACTIVITY_DONE raw=51 payload=49 status=0x00006f00 rearm=0 extended=1
89359.924 [0] DBG_DWM_INVALIDATE tag=configure_radio_from_reset active_phy=2 configured=1 awake=1
89359.924 [0] DBG_DWM_MARK_UNCONFIGURED tag=initialise_radio prev_phy=0
89359.924 [0] DBG_DWM_PHY_SWITCH from=2 to=4 fast=0 us=20813
89359.924 [0] DBG_DWM_WAKE_MESH_CTRL_OK sfd=1033
89359.924 [0] DBG_ROUTE_REPLY_CLICK_PROBE_DONE duration_ms=46 outcome=restore ret=0
89359.975 [0] DBG_DWM_INVALIDATE tag=configure_radio_from_reset active_phy=4 configured=1 awake=1
89359.975 [0] DBG_DWM_MARK_UNCONFIGURED tag=initialise_radio prev_phy=0
89359.975 [0] DBG_DWM_PHY_SWITCH from=4 to=2 fast=0 us=20874
89359.975 [0] DBG_DWM_CH5_RX_HUNT_START acq=61 complete=1000 cap=1020
89359.975 [0] DBG_DWM_CH5_RX_ACTIVITY_EXTEND ret=0 status=0x00000100 complete=1000
89359.975 [0] DBG_DWM_CH5_RX_ACTIVITY_WAIT status=0x00000100 remain=1000
89359.975 [0] DBG_DWM_CH5_RX_ACTIVITY_DONE raw=51 payload=49 status=0x00006f00 rearm=0 extended=1
89359.975 [0] DBG_DWM_INVALIDATE tag=configure_radio_from_reset active_phy=2 configured=1 awake=1
89359.975 [0] DBG_DWM_MARK_UNCONFIGURED tag=initialise_radio prev_phy=0
89359.975 [0] DBG_DWM_PHY_SWITCH from=2 to=4 fast=0 us=20813
89359.975 [0] DBG_DWM_WAKE_MESH_CTRL_OK sfd=1033
89359.975 [0] DBG_ROUTE_REPLY_CLICK_PROBE_DONE duration_ms=46 outcome=restore ret=0
89359.975 [0] DBG_DWM_INVALIDATE tag=configure_radio_from_reset active_phy=4 configured=1 awake=1
89360.016 [0] DBG_DWM_MARK_UNCONFIGURED tag=initialise_radio prev_phy=0
89360.016 [0] DBG_DWM_PHY_SWITCH from=4 to=2 fast=0 us=20812
89360.016 [0] DBG_DWM_CH5_RX_HUNT_START acq=61 complete=1000 cap=1020
89360.016 [0] DBG_DWM_CH5_RX_ACTIVITY_EXTEND ret=0 status=0x00000100 complete=1000
89360.016 [0] DBG_DWM_CH5_RX_ACTIVITY_WAIT status=0x00000100 remain=1000
89360.016 [0] DBG_DWM_CH5_RX_ACTIVITY_DONE raw=51 payload=49 status=0x00006f00 rearm=0 extended=1
89360.016 [0] DBG_DWM_INVALIDATE tag=configure_radio_from_reset active_phy=2 configured=1 awake=1
89360.016 [0] DBG_DWM_MARK_UNCONFIGURED tag=initialise_radio prev_phy=0
89360.058 [0] DBG_DWM_PHY_SWITCH from=2 to=4 fast=0 us=20813
89360.058 [0] DBG_DWM_WAKE_MESH_CTRL_OK sfd=1033
89360.058 [0] DBG_ROUTE_REPLY_CLICK_PROBE_DONE duration_ms=46 outcome=restore ret=0
89360.058 [0] DBG_DWM_INVALIDATE tag=configure_radio_from_reset active_phy=4 configured=1 awake=1
89360.058 [0] DBG_DWM_MARK_UNCONFIGURED tag=initialise_radio prev_phy=0
89360.058 [0] DBG_DWM_PHY_SWITCH from=4 to=2 fast=0 us=20783
89360.058 [0] DBG_DWM_CH5_RX_HUNT_START acq=61 complete=1000 cap=1020
89360.058 [0] DBG_DWM_CH5_RX_ACTIVITY_EXTEND ret=0 status=0x00000100 complete=1000
89360.058 [0] DBG_DWM_CH5_RX_ACTIVITY_WAIT status=0x00000100 remain=1000
89360.058 [0] DBG_DWM_CH5_RX_ACTIVITY_DONE raw=51 payload=49 status=0x00006f00 rearm=0 extended=1
89360.058 [0] DBG_DWM_INVALIDATE tag=configure_radio_from_reset active_phy=2 configured=1 awake=1
89360.100 [0] DBG_DWM_MARK_UNCONFIGURED tag=initialise_radio prev_phy=0
89360.100 [0] DBG_DWM_PHY_SWITCH from=2 to=4 fast=0 us=20813
89360.100 [0] DBG_DWM_WAKE_MESH_CTRL_OK sfd=1033
89360.100 [0] DBG_ROUTE_REPLY_CLICK_PROBE_DONE duration_ms=46 outcome=restore ret=0
89360.100 [0] DBG_DWM_INVALIDATE tag=configure_radio_from_reset active_phy=4 configured=1 awake=1
89360.100 [0] DBG_DWM_MARK_UNCONFIGURED tag=initialise_radio prev_phy=0
89360.100 [0] DBG_DWM_PHY_SWITCH from=4 to=2 fast=0 us=21270
89360.100 [0] DBG_DWM_CH5_RX_HUNT_START acq=61 complete=1000 cap=1020
89360.100 [0] DBG_DWM_CH5_RX_ACTIVITY_EXTEND ret=0 status=0x00000100 complete=1000
89360.100 [0] DBG_DWM_CH5_RX_ACTIVITY_WAIT status=0x00000100 remain=1000
89360.100 [0] DBG_DWM_CH5_RX_ACTIVITY_DONE raw=51 payload=49 status=0x00006f00 rearm=0 extended=1
89360.100 [0] DBG_DWM_INVALIDATE tag=configure_radio_from_reset active_phy=2 configured=1 awake=1
89360.143 [0] DBG_DWM_MARK_UNCONFIGURED tag=initialise_radio prev_phy=0
89360.143 [0] DBG_DWM_PHY_SWITCH from=2 to=4 fast=0 us=21454
89360.143 [0] DBG_DWM_WAKE_MESH_CTRL_OK sfd=1033
89360.143 [0] DBG_ROUTE_REPLY_CLICK_PROBE_DONE duration_ms=47 outcome=restore ret=0
89360.143 [0] DBG_DWM_INVALIDATE tag=configure_radio_from_reset active_phy=4 configured=1 awake=1
89360.143 [0] DBG_DWM_MARK_UNCONFIGURED tag=initialise_radio prev_phy=0
89360.143 [0] DBG_DWM_PHY_SWITCH from=4 to=2 fast=0 us=21454
89360.143 [0] DBG_DWM_CH5_RX_HUNT_START acq=61 complete=1000 cap=1020
89360.143 [0] DBG_DWM_CH5_RX_ACTIVITY_EXTEND ret=0 status=0x00000100 complete=1000
89360.143 [0] DBG_DWM_CH5_RX_ACTIVITY_WAIT status=0x00000100 remain=1000
89360.186 [0] DBG_DWM_CH5_RX_ACTIVITY_DONE raw=51 payload=49 status=0x00006f00 rearm=0 extended=1
89360.186 [0] DBG_DWM_INVALIDATE tag=configure_radio_from_reset active_phy=2 configured=1 awake=1
89360.186 [0] DBG_DWM_MARK_UNCONFIGURED tag=initialise_radio prev_phy=0
89360.186 [0] DBG_DWM_PHY_SWITCH from=2 to=4 fast=0 us=21424
89360.186 [0] DBG_DWM_WAKE_MESH_CTRL_OK sfd=1033
89360.186 [0] DBG_ROUTE_REPLY_CLICK_PROBE_DONE duration_ms=51 outcome=restore ret=0
89360.231 [0] DBG_DWM_INVALIDATE tag=configure_radio_from_reset active_phy=4 configured=1 awake=1
89360.231 [0] DBG_DWM_MARK_UNCONFIGURED tag=initialise_radio prev_phy=0
89360.231 [0] DBG_DWM_PHY_SWITCH from=4 to=2 fast=0 us=21453
89360.231 [0] DBG_DWM_CH5_RX_HUNT_START acq=61 complete=1000 cap=1020
89360.231 [0] DBG_DWM_CH5_RX_ACTIVITY_EXTEND ret=0 status=0x00000100 complete=1000
89360.231 [0] DBG_DWM_CH5_RX_ACTIVITY_WAIT status=0x00000100 remain=1000
89360.231 [0] DBG_DWM_CH5_RX_ACTIVITY_DONE raw=51 payload=49 status=0x00006f00 rearm=0 extended=1
89360.231 [0] DBG_DWM_INVALIDATE tag=configure_radio_from_reset active_phy=2 configured=1 awake=1
89360.231 [0] DBG_DWM_MARK_UNCONFIGURED tag=initialise_radio prev_phy=0
89360.275 [0] DBG_DWM_PHY_SWITCH from=2 to=4 fast=0 us=21453
89360.275 [0] DBG_DWM_WAKE_MESH_CTRL_OK sfd=1033
89360.275 [0] DBG_ROUTE_REPLY_CLICK_PROBE_DONE duration_ms=50 outcome=restore ret=0
89360.275 [0] DBG_DWM_INVALIDATE tag=configure_radio_from_reset active_phy=4 configured=1 awake=1
89360.275 [0] DBG_DWM_MARK_UNCONFIGURED tag=initialise_radio prev_phy=0
89360.275 [0] DBG_DWM_PHY_SWITCH from=4 to=2 fast=0 us=21453
89360.275 [0] DBG_DWM_CH5_RX_HUNT_START acq=61 complete=1000 cap=1020
89360.275 [0] DBG_DWM_CH5_RX_ACTIVITY_EXTEND ret=0 status=0x00000100 complete=1000
89360.275 [0] DBG_DWM_CH5_RX_ACTIVITY_WAIT status=0x00000100 remain=1000
89360.275 [0] DBG_DWM_CH5_RX_ACTIVITY_DONE raw=51 payload=49 status=0x00006f00 rearm=0 extended=1
89360.275 [0] DBG_DWM_INVALIDATE tag=configure_radio_from_reset active_phy=2 configured=1 awake=1
89360.329 [0] DBG_DWM_MARK_UNCONFIGURED tag=initialise_radio prev_phy=0
89360.329 [0] DBG_DWM_PHY_SWITCH from=2 to=4 fast=0 us=21424
89360.329 [0] DBG_DWM_WAKE_MESH_CTRL_OK sfd=1033
89360.329 [0] DBG_ROUTE_REPLY_CLICK_PROBE_DONE duration_ms=51 outcome=restore ret=0
89360.329 [0] DBG_DWM_INVALIDATE tag=configure_radio_from_reset active_phy=4 configured=1 awake=1
89360.329 [0] DBG_DWM_MARK_UNCONFIGURED tag=initialise_radio prev_phy=0
89360.329 [0] DBG_DWM_PHY_SWITCH from=4 to=2 fast=0 us=21423
89360.329 [0] DBG_DWM_CH5_RX_HUNT_START acq=61 complete=1000 cap=1020
89360.329 [0] DBG_DWM_CH5_RX_ACTIVITY_EXTEND ret=0 status=0x00000100 complete=1000
89360.329 [0] DBG_DWM_CH5_RX_ACTIVITY_WAIT status=0x00000100 remain=999
89360.386 [0] DBG_DWM_CH5_RX_ACTIVITY_DONE raw=51 payload=49 status=0x00006f00 rearm=0 extended=1
89360.386 [0] DBG_DWM_INVALIDATE tag=configure_radio_from_reset active_phy=2 configured=1 awake=1
89360.386 [0] DBG_DWM_MARK_UNCONFIGURED tag=initialise_radio prev_phy=0
89360.386 [0] DBG_DWM_PHY_SWITCH from=2 to=4 fast=0 us=21454
89360.386 [0] DBG_DWM_WAKE_MESH_CTRL_OK sfd=1033
89360.386 [0] DBG_ROUTE_REPLY_CLICK_PROBE_DONE duration_ms=50 outcome=restore ret=0
89360.386 [0] DBG_DWM_INVALIDATE tag=configure_radio_from_reset active_phy=4 configured=1 awake=1
89360.386 [0] DBG_DWM_MARK_UNCONFIGURED tag=initialise_radio prev_phy=0
89360.386 [0] DBG_DWM_PHY_SWITCH from=4 to=2 fast=0 us=21179
89360.386 [0] DBG_DWM_CH5_RX_HUNT_START acq=61 complete=1000 cap=1020
89360.386 [0] DBG_DWM_CH5_RX_ACTIVITY_EXTEND ret=0 status=0x00000100 complete=1000
89360.386 [0] DBG_DWM_CH5_RX_ACTIVITY_WAIT status=0x00000100 remain=1000
89360.390 [1] [00:05:27.190,979] <wrn> app_mesh_report: mesh route reply RX failed: target=0x9699122bd60a64e3 ret=-5 rx_failure=2 reason=anchor-route-wake-followup
89360.390 [1] [00:05:27.238,952] <wrn> app_mesh_report: mesh route reply RX failed: target=0x9699122bd60a64e3 ret=-5 rx_failure=4 reason=anchor-route-wake-followup
89360.390 [1] [00:05:27.286,926] <wrn> app_mesh_report:
89360.433 [0] DBG_DWM_CH5_RX_ACTIVITY_DONE raw=51 payload=49 status=0x00006f00 rearm=0 extended=1
89360.433 [0] DBG_DWM_INVALIDATE tag=configure_radio_from_reset active_phy=2 configured=1 awake=1
89360.433 [0] DBG_DWM_MARK_UNCONFIGURED tag=initialise_radio prev_phy=0
89360.433 [0] DBG_DWM_PHY_SWITCH from=2 to=4 fast=0 us=20874
89360.433 [0] DBG_DWM_WAKE_MESH_CTRL_OK sfd=1033
89360.433 [0] DBG_ROUTE_REPLY_CLICK_PROBE_DONE duration_ms=49 outcome=restore ret=0
89360.433 [0] DBG_DWM_INVALIDATE tag=configure_radio_from_reset active_phy=4 configured=1 awake=1
89360.433 [0] DBG_DWM_MARK_UNCONFIGURED tag=initialise_radio prev_phy=0
89360.433 [0] DBG_DWM_PHY_SWITCH from=4 to=2 fast=0 us=20904
89360.438 [1] [00:05:27.431,396] <wrn> app_mesh_report: mesh route reply RX failed: target=0x9699122bd60a64e3 ret=-5 rx_failure=4 reason=anchor-route-wake-followup
89360.438 [1] [00:05:27.486,480] <wrn> app_mesh_report: mesh route reply RX failed: target=0x9699122bd60a64e3 ret=-5 rx_failure=2 reason=anchor-route-wake-followup
89360.438 [1] [00:05:27.551,452] <wrn> app_mesh_report:
89360.488 [0] DBG_DWM_CH5_RX_HUNT_START acq=61 complete=1000 cap=1020
89360.488 [0] DBG_DWM_CH5_RX_ACTIVITY_EXTEND ret=0 status=0x00000100 complete=1000
89360.488 [0] DBG_DWM_CH5_RX_ACTIVITY_WAIT status=0x00000100 remain=1000
89360.488 [0] DBG_DWM_CH5_RX_ACTIVITY_DONE raw=51 payload=49 status=0x00006f00 rearm=0 extended=1
89360.488 [0] DBG_DWM_INVALIDATE tag=configure_radio_from_reset active_phy=2 configured=1 awake=1
89360.488 [0] DBG_DWM_MARK_UNCONFIGURED tag=initialise_radio prev_phy=0
89360.488 [0] DBG_DWM_PHY_SWITCH from=2 to=4 fast=0 us=21179
89360.488 [0] DBG_DWM_WAKE_MESH_CTRL_OK sfd=1033
89360.488 [0] DBG_ROUTE_REPLY_CLICK_PROBE_DONE duration_ms=47 outcome=restore ret=0
89360.488 [0] DBG_DWM_INVALIDATE tag=configure_radio_from_reset active_phy=4 configured=1 awake=1
89360.490 [1] [00:05:27.671,66
89360.537 [0] DBG_DWM_MARK_UNCONFIGURED tag=initialise_radio prev_phy=0
89360.537 [0] DBG_DWM_PHY_SWITCH from=4 to=2 fast=0 us=20997
89360.537 [0] DBG_DWM_CH5_RX_HUNT_START acq=61 complete=1000 cap=1020
89360.537 [0] DBG_DWM_CH5_RX_ACTIVITY_EXTEND ret=0 status=0x00000100 complete=1000
89360.537 [0] DBG_DWM_CH5_RX_ACTIVITY_WAIT status=0x00000100 remain=999
89360.537 [0] DBG_DWM_CH5_RX_ACTIVITY_DONE raw=51 payload=49 status=0x00006f00 rearm=0 extended=1
89360.537 [0] DBG_DWM_INVALIDATE tag=configure_radio_from_reset active_phy=2 configured=1 awake=1
89360.537 [0] DBG_DWM_MARK_UNCONFIGURED tag=initialise_radio prev_phy=0
89360.537 [0] DBG_DWM_PHY_SWITCH from=2 to=4 fast=0 us=21209
89360.537 [0] DBG_DWM_WAKE_MESH_CTRL_OK sfd=1033
89360.537 [0] DBG_ROUTE_REPLY_CLICK_PROBE_DONE duration_ms=51 outcome=restore ret=0
89360.537 [0] DBG_DWM_INVALIDATE tag=configure_radio_from_reset active_phy=4 configured=1 awake=1
89360.542 [1] 1] <wrn> app_mesh_report: mesh route reply RX failed: target=0x9699122bd60a64e3 ret=-5 rx_failure=2 reason=anchor-route-wake-followup
89360.542 [1] [00:05:27.725,433] <wrn> app_mesh_report: mesh route reply RX failed: target=0x9699122bd60a64e3 ret=-5 rx_failure=2 reason=anchor-route-wake-followup
89360.542 [1] [00:05:27.774,200] <wrn> app_mesh_report:
89360.542 [1] [00:05:27.839,59
89360.586 [0] DBG_DWM_MARK_UNCONFIGURED tag=initialise_radio prev_phy=0
89360.586 [0] DBG_DWM_PHY_SWITCH from=4 to=2 fast=0 us=20904
89360.586 [0] DBG_DWM_CH5_RX_HUNT_START acq=61 complete=1000 cap=1020
89360.586 [0] DBG_DWM_CH5_RX_ACTIVITY_EXTEND ret=0 status=0x00000100 complete=1000
89360.586 [0] DBG_DWM_CH5_RX_ACTIVITY_WAIT status=0x00000100 remain=1000
89360.586 [0] DBG_DWM_CH5_RX_ACTIVITY_DONE raw=51 payload=49 status=0x00006f00 rearm=0 extended=1
89360.586 [0] DBG_DWM_INVALIDATE tag=configure_radio_from_reset active_phy=2 configured=1 awake=1
89360.586 [0] DBG_DWM_MARK_UNCONFIGURED tag=initialise_radio prev_phy=0
89360.586 [0] DBG_DWM_PHY_SWITCH from=2 to=4 fast=0 us=21423
89360.586 [0] DBG_DWM_WAKE_MESH_CTRL_OK sfd=1033
89360.586 [0] DBG_ROUTE_REPLY_CLICK_PROBE_DONE duration_ms=50 outcome=restore ret=0
89360.717 [0] DBG_ROUTE_REPLY_RX_FRAME
89360.717 [0] DBG_ROUTE_REPLY_DECODE_FAIL ret=-8 len=284 q=100
89361.034 [0] DBG_DWM_INVALIDATE tag=configure_radio_from_reset active_phy=4 configured=1 awake=1
89361.034 [0] DBG_DWM_MARK_UNCONFIGURED tag=initialise_radio prev_phy=0
89361.034 [0] DBG_DWM_PHY_SWITCH from=4 to=2 fast=0 us=20813
89361.034 [0] DBG_DWM_CH5_RX_HUNT_START acq=61 complete=1000 cap=1020
89361.034 [0] DBG_DWM_CH5_RX_ACTIVITY_EXTEND ret=0 status=0x00000100 complete=1000
89361.034 [0] DBG_DWM_CH5_RX_ACTIVITY_WAIT status=0x00000100 remain=1000
89361.034 [0] DBG_DWM_CH5_RX_ACTIVITY_DONE raw=51 payload=49 status=0x00006f00 rearm=0 extended=1
89361.034 [0] DBG_DWM_INVALIDATE tag=configure_radio_from_reset active_phy=2 configured=1 awake=1
89361.076 [0] DBG_DWM_MARK_UNCONFIGURED tag=initialise_radio prev_phy=0
89361.076 [0] DBG_DWM_PHY_SWITCH from=2 to=4 fast=0 us=20783
89361.076 [0] DBG_DWM_WAKE_MESH_CTRL_OK sfd=1033
89361.076 [0] DBG_ROUTE_REPLY_CLICK_PROBE_DONE duration_ms=45 outcome=restore ret=0
89361.076 [0] DBG_DWM_INVALIDATE tag=configure_radio_from_reset active_phy=4 configured=1 awake=1
89361.076 [0] DBG_DWM_MARK_UNCONFIGURED tag=initialise_radio prev_phy=0
89361.116 [0] DBG_DWM_PHY_SWITCH from=4 to=2 fast=0 us=20783
89361.116 [0] DBG_DWM_CH5_RX_HUNT_START acq=61 complete=1000 cap=1020
89361.116 [0] DBG_DWM_CH5_RX_ACTIVITY_EXTEND ret=0 status=0x00000100 complete=1000
89361.116 [0] DBG_DWM_CH5_RX_ACTIVITY_WAIT status=0x00000100 remain=1000
89361.116 [0] DBG_DWM_CH5_RX_ACTIVITY_DONE raw=51 payload=49 status=0x00006f00 rearm=0 extended=1
89361.116 [0] DBG_DWM_INVALIDATE tag=configure_radio_from_reset active_phy=2 configured=1 awake=1
89361.116 [0] DBG_DWM_MARK_UNCONFIGURED tag=initialise_radio prev_phy=0
89361.116 [0] DBG_DWM_PHY_SWITCH from=2 to=4 fast=0 us=21423
89361.116 [0] DBG_DWM_WAKE_MESH_CTRL_OK sfd=1033
89361.116 [0] DBG_ROUTE_REPLY_CLICK_PROBE_DONE duration_ms=46 outcome=restore ret=0
89361.160 [0] DBG_DWM_INVALIDATE tag=configure_radio_from_reset active_phy=4 configured=1 awake=1
89361.160 [0] DBG_DWM_MARK_UNCONFIGURED tag=initialise_radio prev_phy=0
89361.160 [0] DBG_DWM_PHY_SWITCH from=4 to=2 fast=0 us=21424
89361.160 [0] DBG_DWM_CH5_RX_HUNT_START acq=61 complete=1000 cap=1020
89361.160 [0] DBG_DWM_CH5_RX_ACTIVITY_EXTEND ret=0 status=0x00000100 complete=1000
89361.160 [0] DBG_DWM_CH5_RX_ACTIVITY_WAIT status=0x00000100 remain=999
89361.160 [0] DBG_DWM_CH5_RX_ACTIVITY_DONE raw=51 payload=49 status=0x00006f00 rearm=0 extended=1
89361.160 [0] DBG_DWM_INVALIDATE tag=configure_radio_from_reset active_phy=2 configured=1 awake=1
89361.211 [0] DBG_DWM_MARK_UNCONFIGURED tag=initialise_radio prev_phy=0
89361.211 [0] DBG_DWM_PHY_SWITCH from=2 to=4 fast=0 us=21454
89361.211 [0] DBG_DWM_WAKE_MESH_CTRL_OK sfd=1033
89361.211 [0] DBG_ROUTE_REPLY_CLICK_PROBE_DONE duration_ms=50 outcome=restore ret=0
89361.211 [0] DBG_DWM_INVALIDATE tag=configure_radio_from_reset active_phy=4 configured=1 awake=1
89361.211 [0] DBG_DWM_MARK_UNCONFIGURED tag=initialise_radio prev_phy=0
89361.211 [0] DBG_DWM_PHY_SWITCH from=4 to=2 fast=0 us=21454
89361.211 [0] DBG_DWM_CH5_RX_HUNT_START acq=61 complete=1000 cap=1020
89361.211 [0] DBG_DWM_CH5_RX_ACTIVITY_EXTEND ret=0 status=0x00000100 complete=1000
89361.211 [0] DBG_DWM_CH5_RX_ACTIVITY_WAIT status=0x00000100 remain=1000
89361.211 [0] DBG_DWM_CH5_RX_ACTIVITY_DONE raw=51 payload=49 status=0x00006f00 rearm=0 extended=1
89361.211 [0] DBG_DWM_INVALIDATE tag=configure_radio_from_reset active_phy=2 configured=1 awake=1
89361.255 [0] DBG_DWM_MARK_UNCONFIGURED tag=initialise_radio prev_phy=0
89361.255 [0] DBG_DWM_PHY_SWITCH from=2 to=4 fast=0 us=21423
89361.255 [0] DBG_DWM_WAKE_MESH_CTRL_OK sfd=1033
89361.255 [0] DBG_ROUTE_REPLY_CLICK_PROBE_DONE duration_ms=50 outcome=restore ret=0
89361.255 [0] DBG_DWM_INVALIDATE tag=configure_radio_from_reset active_phy=4 configured=1 awake=1
89361.255 [0] DBG_DWM_MARK_UNCONFIGURED tag=initialise_radio prev_phy=0
89361.298 [0] DBG_DWM_PHY_SWITCH from=4 to=2 fast=0 us=21454
89361.298 [0] DBG_DWM_CH5_RX_HUNT_START acq=61 complete=1000 cap=1020
89361.298 [0] DBG_DWM_CH5_RX_ACTIVITY_EXTEND ret=0 status=0x00000100 complete=1000
89361.298 [0] DBG_DWM_CH5_RX_ACTIVITY_WAIT status=0x00000100 remain=1000
89361.298 [0] DBG_DWM_CH5_RX_ACTIVITY_DONE raw=51 payload=49 status=0x00006f00 rearm=0 extended=1
89361.298 [0] DBG_DWM_INVALIDATE tag=configure_radio_from_reset active_phy=2 configured=1 awake=1
89361.298 [0] DBG_DWM_MARK_UNCONFIGURED tag=initialise_radio prev_phy=0
89361.298 [0] DBG_DWM_PHY_SWITCH from=2 to=4 fast=0 us=21454
89361.298 [0] DBG_DWM_WAKE_MESH_CTRL_OK sfd=1033
89361.298 [0] DBG_ROUTE_REPLY_CLICK_PROBE_DONE duration_ms=50 outcome=restore ret=0
89361.298 [0] DBG_DWM_INVALIDATE tag=configure_radio_from_reset active_phy=4 configured=1 awake=1
89361.342 [0] DBG_DWM_MARK_UNCONFIGURED tag=initialise_radio prev_phy=0
89361.342 [0] DBG_DWM_PHY_SWITCH from=4 to=2 fast=0 us=21454
89361.342 [0] DBG_DWM_CH5_RX_HUNT_START acq=61 complete=1000 cap=1020
89361.342 [0] DBG_DWM_CH5_RX_ACTIVITY_EXTEND ret=0 status=0x00000100 complete=1000
89361.342 [0] DBG_DWM_CH5_RX_ACTIVITY_WAIT status=0x00000100 remain=1000
89361.342 [0] DBG_DWM_CH5_RX_ACTIVITY_DONE raw=51 payload=49 status=0x00006f00 rearm=0 extended=1
89361.342 [0] DBG_DWM_INVALIDATE tag=configure_radio_from_reset active_phy=2 configured=1 awake=1
89361.342 [0] DBG_DWM_MARK_UNCONFIGURED tag=initialise_radio prev_phy=0
89361.384 [0] DBG_DWM_PHY_SWITCH from=2 to=4 fast=0 us=21454
89361.384 [0] DBG_DWM_WAKE_MESH_CTRL_OK sfd=1033
89361.384 [0] DBG_ROUTE_REPLY_CLICK_PROBE_DONE duration_ms=51 outcome=restore ret=0
89361.384 [0] DBG_DWM_INVALIDATE tag=configure_radio_from_reset active_phy=4 configured=1 awake=1
89361.384 [0] DBG_DWM_MARK_UNCONFIGURED tag=initialise_radio prev_phy=0
89361.384 [0] DBG_DWM_PHY_SWITCH from=4 to=2 fast=0 us=21271
89361.384 [0] DBG_DWM_CH5_RX_HUNT_START acq=61 complete=1000 cap=1020
89361.384 [0] DBG_DWM_CH5_RX_ACTIVITY_EXTEND ret=0 status=0x00000100 complete=1000
89361.384 [0] DBG_DWM_CH5_RX_ACTIVITY_WAIT status=0x00000100 remain=999
89361.424 [0] DBG_DWM_CH5_RX_ACTIVITY_DONE raw=51 payload=49 status=0x00006f00 rearm=0 extended=1
89361.424 [0] DBG_DWM_INVALIDATE tag=configure_radio_from_reset active_phy=2 configured=1 awake=1
89361.424 [0] DBG_DWM_MARK_UNCONFIGURED tag=initialise_radio prev_phy=0
89361.424 [0] DBG_DWM_PHY_SWITCH from=2 to=4 fast=0 us=20813
89361.424 [0] DBG_DWM_WAKE_MESH_CTRL_OK sfd=1033
89361.424 [0] DBG_ROUTE_REPLY_CLICK_PROBE_DONE duration_ms=49 outcome=restore ret=0
89361.424 [0] DBG_DWM_INVALIDATE tag=configure_radio_from_reset active_phy=4 configured=1 awake=1
89361.485 [0] DBG_DWM_MARK_UNCONFIGURED tag=initialise_radio prev_phy=0
89361.485 [0] DBG_DWM_PHY_SWITCH from=4 to=2 fast=0 us=20782
89361.485 [0] DBG_DWM_CH5_RX_HUNT_START acq=61 complete=1000 cap=1020
89361.485 [0] DBG_DWM_CH5_RX_ACTIVITY_EXTEND ret=0 status=0x00000100 complete=1000
89361.485 [0] DBG_DWM_CH5_RX_ACTIVITY_WAIT status=0x00000100 remain=1000
89361.485 [0] DBG_DWM_CH5_RX_ACTIVITY_DONE raw=51 payload=49 status=0x00006f00 rearm=0 extended=1
89361.485 [0] DBG_DWM_INVALIDATE tag=configure_radio_from_reset active_phy=2 configured=1 awake=1
89361.485 [0] DBG_DWM_MARK_UNCONFIGURED tag=initialise_radio prev_phy=0
89361.485 [0] DBG_DWM_PHY_SWITCH from=2 to=4 fast=0 us=20782
89361.485 [0] DBG_DWM_WAKE_MESH_CTRL_OK sfd=1033
89361.485 [0] DBG_ROUTE_REPLY_CLICK_PROBE_DONE duration_ms=46 outcome=restore ret=0
89361.485 [0] DBG_DWM_INVALIDATE tag=configure_radio_from_reset active_phy=4 configured=1 awake=1
89361.485 [0] DBG_DWM_MARK_UNCONFIGURED tag=initialise_radio prev_phy=0
89361.485 [0] DBG_DWM_PHY_SWITCH from=4 to=2 fast=0 us=20813
89361.485 [0] DBG_DWM_CH5_RX_HUNT_START acq=61 complete=1000 cap=1020
89361.485 [0] DBG_DWM_CH5_RX_ACTIVITY_EXTEND ret=0 status=0x00000100 complete=1000
89361.536 [0] DBG_DWM_MARK_UNCONFIGURED tag=initialise_radio prev_phy=0
89361.536 [0] DBG_DWM_PHY_SWITCH from=2 to=4 fast=0 us=20782
89361.536 [0] DBG_DWM_WAKE_MESH_CTRL_OK sfd=1033
89361.536 [0] DBG_ROUTE_REPLY_CLICK_PROBE_DONE duration_ms=46 outcome=restore ret=0
89361.536 [0] DBG_DWM_INVALIDATE tag=configure_radio_from_reset active_phy=4 configured=1 awake=1
89361.536 [0] DBG_DWM_MARK_UNCONFIGURED tag=initialise_radio prev_phy=0
89361.536 [0] DBG_DWM_PHY_SWITCH from=4 to=2 fast=0 us=21118
89361.536 [0] DBG_DWM_CH5_RX_HUNT_START acq=61 complete=1000 cap=1020
89361.536 [0] DBG_DWM_CH5_RX_ACTIVITY_EXTEND ret=0 status=0x00000100 complete=1000
89361.536 [0] DBG_DWM_CH5_RX_ACTIVITY_WAIT status=0x00000100 remain=1000
89361.536 [0] DBG_DWM_CH5_RX_ACTIVITY_DONE raw=51 payload=49 status=0x00006f00 rearm=0 extended=1
89361.536 [0] DBG_DWM_INVALIDATE tag=configure_radio_from_reset active_phy=2 configured=1 awake=1
89361.541 [1] [00:05:27.894,165] <wrn> app_mesh_report: mesh route reply RX failed: target=0x9699122bd60a64e3 ret=-5 rx_failure=2 reason=anchor-route-wake-followup
89361.541 [1] [00:05:28.372,741] <wrn> app_mesh_report: mesh route reply RX failed: target=0x9699122bd60a64e3 ret=-5 rx_failure=2 reason=anchor-route-wake-followup
89361.541 [1] [00:05:28.421,081] <wrn> app_mesh_report:
89361.590 [0] DBG_DWM_MARK_UNCONFIGURED tag=initialise_radio prev_phy=0
89361.590 [0] DBG_DWM_PHY_SWITCH from=2 to=4 fast=0 us=21363
89361.590 [0] DBG_DWM_WAKE_MESH_CTRL_OK sfd=1033
89361.590 [0] DBG_ROUTE_REPLY_CLICK_PROBE_DONE duration_ms=47 outcome=restore ret=0
89361.590 [0] DBG_DWM_INVALIDATE tag=configure_radio_from_reset active_phy=4 configured=1 awake=1
89361.590 [0] DBG_DWM_MARK_UNCONFIGURED tag=initialise_radio prev_phy=0
89361.590 [0] DBG_DWM_PHY_SWITCH from=4 to=2 fast=0 us=21362
89361.590 [0] DBG_DWM_CH5_RX_HUNT_START acq=61 complete=1000 cap=1020
89361.590 [0] DBG_DWM_CH5_RX_ACTIVITY_EXTEND ret=0 status=0x00000100 complete=1000
89361.590 [0] DBG_DWM_CH5_RX_ACTIVITY_WAIT status=0x00000100 remain=1000
89361.590 [0] DBG_DWM_CH5_RX_ACTIVITY_DONE raw=51 payload=49 status=0x00006f00 rearm=0 extended=1
89361.590 [0] DBG_DWM_INVALIDATE tag=configure_radio_from_reset active_phy=2 configured=1 awake=1
89361.595 [1] [00:05:28.605,529] <wrn> app_mesh_report: mesh route reply RX failed: target=0x9699122bd60a64e3 ret=-5 rx_failure=2 reason=anchor-route-wake-followup
89361.595 [1] [00:05:28.660,247] <wrn> app_mesh_report: mesh route reply RX failed: target=0x9699122bd60a64e3 ret=-5 rx_failure=2 reason=anchor-route-wake-followup
89361.595 [1] [00:05:28.724,945] <wrn> app_mesh_report:
89361.636 [0] DBG_DWM_MARK_UNCONFIGURED tag=initialise_radio prev_phy=0
89361.636 [0] DBG_DWM_PHY_SWITCH from=2 to=4 fast=0 us=20905
89361.636 [0] DBG_DWM_WAKE_MESH_CTRL_OK sfd=1033
89361.636 [0] DBG_ROUTE_REPLY_CLICK_PROBE_DONE duration_ms=50 outcome=restore ret=0
89361.636 [0] DBG_ROUTE_REPLY_EMPTY status=04000100 phy=4 phr=1 starts=3081 done=1244 timeouts=1645 crc=74 errors=101 scope=34 spi=0
89361.636 [0] DBG_ROUTE_REPLY_LISTEN_DONE captured=0 ret=-5
89361.636 [0] DBG_C5_CONTACT phase=closing state=4 peer=0x9699122bd60a64e3 purpose=route_solicit reason=reply-listen-timeout
89361.636 [0] DBG_ANCHOR_ROUTE_WAKE_HANDOFF_DONE src=0x9699122bd60a64e3 embedded=0 ret=-5 pending=0
89361.636 [0] DBG_ANCHOR_ROUTE_WAKE_DISPATCH_DONE handled=1 len=49 q=100
89361.636 [0] DBG_ANCHOR_CH5_SCAN_RESCHED ret=1 delay=380
89361.636 [0] DBG_ANCHOR_MESH_RX_YIELD reason=anchor-low-duty-ch5-owner ch9=0 delay=0 scan_int=380 scan_win=10 wait=0 q=0
89361.640 [1] [00:05:28.821,075] <wrn> app_mesh_report: mesh route reply RX failed: target=0x9699122bd60a64e3 ret=-5 rx_failure=4 reason=anchor-route-wake-followup
89361.640 [1] [00:05:28.869,415] <wrn> app_mesh_report: mesh route reply RX failed: target=0x9699122bd60a64e3 ret=-5 rx_failure=4 reason=anchor-route-wake-followup
89361.640 [1] [00:05:28.923,767] <wrn> app_mesh_report:
89362.023 [0] DBG_ANCHOR_CH5_SCAN_HANDLER role=2
89362.023 [0] DBG_ANCHOR_CH5_SCAN_ARM now=329305 win=10 complete=15 interval=380 wait=0 tx=0 response=0
89362.023 [0] DBG_DWM_INVALIDATE tag=configure_radio_from_reset active_phy=4 configured=1 awake=1
89362.023 [0] DBG_STACK_RUN_BEGIN epoch=16284486061926904368 run=227 kind=anchor_scan owner=anchor_uwb_scan queue=0 custody=0 credit=0 retry=0 drain=0 src=16876665336513972910 dst=11068027678940948070 session=0 seq=0 type=48 sequence=0 previous=0 uptime=329325
89362.023 [0] DBG_STACK_SAMPLE_BEGIN epoch=16284486061926904368 run=227 sample=227 kind=anchor_scan owner=anchor_uwb_scan queue=0 custody=0 credit=0 retry=0 drain=0 src=16876665336513972910 dst=11068027678940948070 session=0 seq=0 type=48 uptime=329325
89362.023 [0] DBG_STACK_ISR_CONFIG size=8192 run=227 sample=227
89362.023 [0] DBG_STACK name=anchor_uwb_scan tid=0x2000ca08 used=7952 free=2032 size=9984 ret=0 run=227 sample=227
89362.023 [0] DBG_STACK name=mesh_route tid=0x2000b038 used=6976 free=2496 size=9472 ret=0 run=227 sample=227
89362.059 [0] DBG_STACK name=sysworkq tid=0x2000d980 used=772 free=4604 size=5376 ret=0 run=227 sample=227
89362.059 [0] DBG_STACK name=logging tid=0x2000cec0 used=544 free=1504 size=2048 ret=0 run=227 sample=227
89362.059 [0] DBG_STACK name=idle tid=0x2000d750 used=64 free=256 size=320 ret=0 run=227 sample=227
89362.059 [0] DBG_STACK_SAMPLE_END run=227 sample=227
89362.059 [0] DBG_STACK_RUN_END epoch=16284486061926904368 run=227 kind=anchor_scan owner=anchor_uwb_scan outcome=ack queue=0 custody=0 credit=0 retry=0 drain=0 src=16876665336513972910 dst=11068027678940948070 session=0 seq=0 type=48 samples=1 attempts=1 errors=0 last_error=0 mutex_drops=353 short_drops=2635 sequence=0 previous=0 uptime=329346
89362.098 [0] DBG_DWM_CH5_RX_ACTIVITY_WAIT status=0x00000100 remain=961
89362.098 [0] DBG_DWM_CH5_RX_ACTIVITY_REARM status=0x00001300 fail=4 remain=959 rearm=2
89362.098 [0] DBG_DWM_CH5_RX_ACTIVITY_WAIT status=0x00000100 remain=945
89362.098 [0] DBG_DWM_CH5_RX_ACTIVITY_REARM status=0x00001300 fail=4 remain=943 rearm=3
89362.098 [0] DBG_DWM_CH5_RX_ACTIVITY_WAIT status=0x00000100 remain=927
89362.098 [0] DBG_DWM_CH5_RX_ACTIVITY_REARM status=0x00001300 fail=4 remain=926 rearm=4
89362.138 [0] DBG_DWM_CH5_RX_ACTIVITY_WAIT status=0x00000100 remain=908
89362.138 [0] DBG_DWM_CH5_RX_ACTIVITY_REARM status=0x00001700 fail=4 remain=907 rearm=5
89362.138 [0] DBG_DWM_CH5_RX_ACTIVITY_WAIT status=0x00000100 remain=884
89362.138 [0] DBG_DWM_CH5_RX_ACTIVITY_REARM status=0x00001700 fail=4 remain=883 rearm=6
89362.192 [0] DBG_DWM_CH5_RX_ACTIVITY_WAIT status=0x00000100 remain=846
89362.192 [0] DBG_DWM_CH5_RX_ACTIVITY_REARM status=0x00001700 fail=4 remain=845 rearm=7
89362.222 [0] DBG_DWM_CH5_RX_ACTIVITY_WAIT status=0x00000100 remain=822
89362.222 [0] DBG_DWM_CH5_RX_ACTIVITY_REARM status=0x00001700 fail=4 remain=820 rearm=8
89363.031 [0] DBG_DWM_CH5_RX_ACTIVITY_FAIL ret=-116 status=0x00000000 last=0x00000000 fail=4 activity=1 rearm=8
89363.031 [0] DBG_ANCHOR_CH5_SCAN_DONE ret=-5 len=0 fail=4 pre=1 q=0 rx_us=1004058 complete=1000
89363.031 [0] DBG_ANCHOR_CH5_ACTIVITY_COOLDOWN ret=-5 fail=4 reason=crc_failure rx_us=1004058 cooldown=100
89363.031 [0] DBG_ANCHOR_CH5_SCAN_RESCHED ret=1 delay=100
89363.133 [0] DBG_ANCHOR_CH5_SCAN_HANDLER role=2
89363.133 [0] DBG_ANCHOR_CH5_SCAN_ARM now=330439 win=10 complete=15 interval=380 wait=0 tx=0 response=0
89363.133 [0] DBG_DWM_CH5_RX_HUNT_START acq=10 complete=1000 cap=1020
89363.162 [0] DBG_DWM_CH5_RX_HUNT_EMPTY s=330447 e=330457 ret=-116 sys=00000000 phy=2 cfg=1 aw=1 unk=0
89363.162 [0] DBG_ANCHOR_CH5_SCAN_DONE ret=-116 len=0 fail=1 pre=0 q=0 rx_us=10345 complete=1000
89363.162 [0] DBG_ANCHOR_CH5_SCAN_RESCHED ret=1 delay=380
89363.444 [0] DBG_STACK_RUN_BEGIN epoch=16284486061926904368 run=228 kind=anchor_scan owner=anchor_uwb_scan queue=0 custody=0 credit=0 retry=0 drain=0 src=16876665336513972910 dst=11068027678940948070 session=0 seq=0 type=48 sequence=0 previous=0 uptime=330739
89363.444 [0] DBG_STACK_SAMPLE_BEGIN epoch=16284486061926904368 run=228 sample=228 kind=anchor_scan owner=anchor_uwb_scan queue=0 custody=0 credit=0 retry=0 drain=0 src=16876665336513972910 dst=11068027678940948070 session=0 seq=0 type=48 uptime=330739
89363.444 [0] DBG_STACK_ISR_CONFIG size=8192 run=228 sample=228
89363.444 [0] DBG_STACK name=anchor_uwb_scan tid=0x2000ca08 used=7952 free=2032 size=9984 ret=0 run=228 sample=228
89363.444 [0] DBG_STACK name=mesh_route tid=0x2000b038 used=6976 free=2496 size=9472 ret=0 run=228 sample=228
89363.444 [0] DBG_STACK name=sysworkq tid=0x2000d980 used=772 free=4604 size=5376 ret=0 run=228 sample=228
89363.444 [0] DBG_STACK name=logging tid=0x2000cec0 used=544 free=1504 size=2048 ret=0 run=228 sample=228
89363.444 [0] DBG_STACK name=idle tid=0x2000d750 used=64 free=256 size=320 ret=0 run=228 sample=228
89363.483 [0] DBG_STACK_SAMPLE_END run=228 sample=228
89363.483 [0] DBG_STACK_RUN_END epoch=16284486061926904368 run=228 kind=anchor_scan owner=anchor_uwb_scan outcome=ack queue=0 custody=0 credit=0 retry=0 drain=0 src=16876665336513972910 dst=11068027678940948070 session=0 seq=0 type=48 samples=1 attempts=1 errors=0 last_error=0 mutex_drops=353 short_drops=2635 sequence=0 previous=0 uptime=330767
89363.560 [0] DBG_ANCHOR_CH5_SCAN_HANDLER role=2
89363.560 [0] DBG_DWM_CH5_RX_HUNT_START acq=10 complete=1000 cap=1020
89363.560 [0] DBG_DWM_CH5_RX_ACTIVITY_EXTEND ret=0 status=0x00000100 complete=1000
89363.560 [0] DBG_DWM_CH5_RX_ACTIVITY_WAIT status=0x00000100 remain=1000
89363.560 [0] DBG_DWM_CH5_RX_ACTIVITY_DONE raw=51 payload=49 status=0x00006f00 rearm=0 extended=1
89363.560 [0] DBG_ANCHOR_CH5_SCAN_DONE ret=0 len=49 fail=0 pre=1 q=100 rx_us=10000 complete=1000
89363.560 [0] DBG_UWB_RX_CH5
89363.560 [0] DBG_ANCHOR_CH5_FRAME len=49 q=100 wake_ret=0
89363.560 [0] DBG_ANCHOR_WAKE_ACCEPT clicker=0xc1c2306a5138ab2d evt=18022410 attempt=1 flags=0x20 disc_in=199 q=100
89363.560 [0] DBG_ANCHOR_CLICK_WINDOW active=1 flags=0x20
89363.560 [0] DBG_ANCHOR_DISC_WAIT now=330874 start=331054 deadline=332054 guard=8 listen=1008 phr=std
89363.560 [0] DBG_ANCHOR_DISC_CONFIG phr=std ret=0
89363.602 [0] DBG_ANCHOR_DISC_FRAME len=49 type=0x08 q=100 now=330879
89363.602 [0] DBG_ANCHOR_DISC_FRAME len=49 type=0x08 q=100 now=330886
89363.602 [0] DBG_ANCHOR_DISC_FRAME len=49 type=0x08 q=100 now=330892
89363.602 [0] DBG_ANCHOR_DISC_FRAME len=49 type=0x08 q=100 now=330899
89363.602 [0] DBG_ANCHOR_DISC_FRAME len=49 type=0x08 q=100 now=330906
89363.602 [0] DBG_ANCHOR_DISC_FRAME len=49 type=0x08 q=100 now=330912
89363.645 [0] DBG_ANCHOR_DISC_FRAME len=49 type=0x08 q=100 now=330918
89363.645 [0] DBG_ANCHOR_DISC_FRAME len=49 type=0x08 q=100 now=330924
89363.645 [0] DBG_ANCHOR_DISC_FRAME len=49 type=0x08 q=100 now=330930
89363.645 [0] DBG_ANCHOR_DISC_FRAME len=49 type=0x08 q=100 now=330937
89363.645 [0] DBG_ANCHOR_DISC_FRAME len=49 type=0x08 q=100 now=330944
89363.645 [0] DBG_ANCHOR_DISC_FRAME len=49 type=0x08 q=100 now=330950
89363.645 [0] DBG_ANCHOR_DISC_FRAME len=49 type=0x08 q=100 now=330956
89363.686 [0] DBG_ANCHOR_DISC_FRAME len=49 type=0x08 q=100 now=330963
89363.686 [0] DBG_ANCHOR_DISC_FRAME len=49 type=0x08 q=100 now=330969
89363.686 [0] DBG_ANCHOR_DISC_FRAME len=49 type=0x08 q=100 now=330976
89363.686 [0] DBG_ANCHOR_DISC_FRAME len=49 type=0x08 q=100 now=330982
89363.686 [0] DBG_ANCHOR_DISC_FRAME len=49 type=0x08 q=100 now=330988
89363.686 [0] DBG_ANCHOR_DISC_FRAME len=49 type=0x08 q=100 now=330995
89363.686 [0] DBG_ANCHOR_DISC_FRAME len=49 type=0x08 q=100 now=331001
89363.723 [0] DBG_ANCHOR_DISC_FRAME len=49 type=0x08 q=100 now=331008
89363.723 [0] DBG_ANCHOR_DISC_FRAME len=49 type=0x08 q=100 now=331014
89363.723 [0] DBG_ANCHOR_DISC_FRAME len=49 type=0x08 q=100 now=331021
89363.723 [0] DBG_ANCHOR_DISC_FRAME len=49 type=0x08 q=100 now=331027
89363.759 [0] DBG_ANCHOR_DISC_FRAME len=32 type=0x09 q=100 now=331063
89363.759 [0] DBG_ANCHOR_DISC_DECODE evt=18022410 attempt=1 slots=50 flags=0x20
89363.759 [0] DBG_ANCHOR_DISC_REPLY_ARM evt=18022410 attempt=1 slot=1 state=1
89363.786 [0] DBG_ANCHOR_DISC_REPLY_TX evt=18022410 attempt=1 slot=1 ret=0
89364.029 [1] [00:05:30.337,799] <wrn> app_anchor: anchor UWB wake scan failure cooldown: ret=-5 rx_failure=crc_or_phy reason=crc_failure cooldown_ms=1
89364.054 [1] 00 preambles=34 sfd_timeouts=3 frame_timeouts=5 crc_failures=3
89364.472 [0] DBG_ANCHOR_CH5_HOLD_DONE deadline=331761 now=331761 frames=3 errors=0 deferred=0
89364.472 [0] DBG_DS_SAMPLE_ARM evt=18022410 attempt=1 sample=2/12 round=0 seq=2 target_us=331771000 start=331761 now=331761 deadline=331814
89364.472 [0] DBG_DS_RESP stage=arm evt=18022410 seq=2 round=0 now=331761 timeout=53
89364.472 [0] DBG_DS_RESP stage=resp-armed now=331779 seq=2 round=0 tx_time=0x0dfc05b7 resp_tx=0xfc05f5d9
89364.472 [0] DBG_DS_RESP stage=resp-raw poll_rx=0xdd8dab42 q=100 reply_uus=8000
89364.508 [0] DBG_DS_RESP stage=final-decode status=0 now=331796 seq=2 round=0 final_rx=0x1a7e40fa
89364.546 [0] DBG_ANCHOR_CH5_HOLD_DONE deadline=331860 now=331860 frames=6 errors=0 deferred=0
89364.546 [0] DBG_DS_SAMPLE_ARM evt=18022410 attempt=1 sample=5/12 round=1 seq=3 target_us=331870000 start=331860 now=331860 deadline=331913
89364.546 [0] DBG_DS_RESP stage=arm evt=18022410 seq=3 round=1 now=331860 timeout=53
89364.581 [0] DBG_DS_RESP stage=resp-armed now=331878 seq=3 round=1 tx_time=0x0f75a677 resp_tx=0x75a6b5d9
89364.581 [0] DBG_DS_RESP stage=resp-raw poll_rx=0x572e6abe q=100 reply_uus=8000
89364.581 [0] DBG_DS_RESP stage=final-decode status=0 now=331895 seq=3 round=1 final_rx=0x941f0072
89364.647 [0] DBG_ANCHOR_CH5_HOLD_DONE deadline=331959 now=331960 frames=6 errors=0 deferred=0
89364.647 [0] DBG_DS_SAMPLE_ARM evt=18022410 attempt=1 sample=8/12 round=2 seq=4 target_us=331969000 start=331959 now=331960 deadline=332012
89364.647 [0] DBG_DS_RESP stage=arm evt=18022410 seq=4 round=2 now=331960 timeout=52
89364.683 [0] DBG_DS_RESP stage=resp-armed now=331977 seq=4 round=2 tx_time=0x10eed028 resp_tx=0xeed067d9
89364.683 [0] DBG_DS_RESP stage=resp-raw poll_rx=0xd0581c04 q=100 reply_uus=8000
89364.683 [0] DBG_DS_RESP stage=final-decode status=0 now=331994 seq=4 round=2 final_rx=0x0d48b1c5
89364.749 [0] DBG_ANCHOR_CH5_HOLD_DONE deadline=332058 now=332059 frames=6 errors=0 deferred=0
89364.749 [0] DBG_DS_SAMPLE_ARM evt=18022410 attempt=1 sample=11/12 round=3 seq=5 target_us=332068000 start=332058 now=332059 deadline=33211
89364.749 [0] DBG_DS_RESP stage=arm evt=18022410 seq=5 round=3 now=332059 timeout=52
89364.787 [0] DBG_DS_RESP stage=resp-armed now=332075 seq=5 round=3 tx_time=0x1264f5ac resp_tx=0x64f5ebd9
89364.787 [0] DBG_DS_RESP stage=resp-raw poll_rx=0x467d9faf q=100 reply_uus=8000
89364.787 [0] DBG_DS_RESP stage=final-decode status=0 now=332092 seq=5 round=3 final_rx=0x836e3552
89364.787 [0] DBG_CLICK_LISTEN start=332178 until=332528 n=3
89364.787 [0] DBG_CLICK_REPORT_QUEUED now=332094 window=332178 k=1 earliest=332228 n=3
89364.787 [0] DBG_ANCHOR_CH5_SCAN_RESCHED ret=1 delay=380
89364.787 [0] DBG_COORD state=mesh-tx owner=report-tx reason=mesh-tx rx=0 tx=1 relay=0 route=0 ack=0 qack=0
89364.787 [0] DBG_REPORT_TX_SLOT_WAIT now=332096 earliest=332228 delay=102 seq=1
89364.882 [0] DBG_CLICK_SLOT_TX now=332199 due=332228 window=332178 k=1 n=3 seq=1
89364.918 [0] DBG_UPLINK_NEXT_HOP next=0xf6d3a3bdac0f858 depth=1 participant=1 wake=0
89364.918 [0] DBG_UPLINK_TX msg=20 seq=1 next=0xf6d3a3bdac0f858 wake=0 reason=queued-click-report
89364.918 [0] DBG_DWM_INVALIDATE tag=configure_radio_from_reset active_phy=1 configured=1 awake=1
89364.918 [0] DBG_DWM_MARK_UNCONFIGURED tag=initialise_radio prev_phy=0
89364.918 [0] DBG_DWM_PHY_SWITCH from=1 to=4 fast=0 us=20844
89364.918 [0] DBG_DWM_WAKE_MESH_CTRL_OK sfd=1033
89364.918 [0] DBG_DIRECT_GW_TX_CONFIG ret=0 now=332229 seq=1
89364.918 [0] DBG_CH9_TX_SEND_AT now=332231 earliest=332228 msg=20 len=281
89364.949 [0] DBG_CH9_TX_DONE now=332237 dur=6 len=281 msg=20
89364.949 [0] DBG_UWB_TX_CH5
89364.949 [0] DBG_CLICK_TX_DONE now=332237 seq=1
89364.949 [0] DBG_CH9_TX_SINGLE_SEND_OK
89364.949 [0] DBG_CH9_EVENT_STATE state=complete peer=0x0f6d3a3bdac0f858 start=332203 end=332453 reason=queued-click-report
89364.949 [0] DBG_DIRECT_GW_TX_ACK_TRANSIT_WAIT dst=0x9999888877776666 src=0xea35f5b508104aae seq=1
89364.949 [0] DBG_CLICK_ACK_RX_ARM now=332237 slice=60 seq=1
89365.186 [0] DBG_ANCHOR_CH5_SCAN_HANDLER role=2
89365.186 [0] DBG_ANCHOR_CH5_SCAN_BLOCKED win=0 tx=1 retry_gap=0 flood=0 wait=0 rx=0 rxq=0 rxr=0 ack=0 ch9=0 rf=1 retry=20 interval=380
89365.186 [0] DBG_SCAN_SKIPPED reason=blocked
89365.186 [0] DBG_ANCHOR_CH5_SCAN_RESCHED ret=1 delay=20
89365.186 [0] DBG_DIRECT_GW_TX_ACK_WAIT ret=-116 seq=1
89365.186 [0] DBG_DIRECT_GW_KEEP_CH9_AWAKE q=1 seq=1 ack_ret=-116 release_ret=0
89365.186 [0] DBG_CH9_TX_SINGLE_RETRYABLE ret=-11 seq=1
89365.186 [0] DBG_DIRECT_GW_ACK_DEFER_CORE seq=1 ret=-11 state=1 deadline=334237 reason=queued-click-report
89365.186 [0] DBG_UWB_RX_COORD_DEFER state=mesh-tx reason=mesh-tx route=0 q=0
89365.186 [0] DBG_TX_TIMEOUT_ENTER relay=1 route=0 ch9pend=0 bundle=0 now=332491
89365.223 [0] DBG_ANCHOR_CH5_SCAN_HANDLER role=2
89365.223 [0] DBG_ANCHOR_CH5_SCAN_BLOCKED win=0 tx=1 retry_gap=1 flood=0 wait=0 rx=0 rxq=0 rxr=0 ack=0 ch9=0 rf=0 retry=62 interval=380
89365.223 [0] DBG_SCAN_SKIPPED reason=blocked
89365.223 [0] DBG_ANCHOR_CH5_SCAN_RESCHED ret=1 delay=62
89365.223 [0] DBG_UWB_RX_COORD_DEFER state=mesh-tx reason=mesh-tx route=0 q=0
89365.275 [0] DBG_ANCHOR_CH5_SCAN_HANDLER role=2
89365.275 [0] DBG_TX_TIMEOUT_ENTER relay=1 route=0 ch9pend=0 bundle=0 now=332565
89365.275 [0] DBG_RETRANSMIT_DIRECT_GW seq=1 now=332567
89365.275 [0] DBG_C5_CONTACT phase=open state=1 peer=0x0f6d3a3bdac0f858 purpose=uplink reason=retransmit-uplink-wake
89365.275 [0] DBG_WAKE_TRAIN_GUARD_OK
89365.275 [0] DBG_DWM_INVALIDATE tag=configure_radio_from_reset active_phy=4 configured=1 awake=1
89365.275 [0] DBG_ANCHOR_CH5_SCAN_BLOCKED win=0 tx=1 retry_gap=1 flood=0 wait=0 rx=0 rxq=0 rxr=0 ack=0 ch9=0 rf=0 retry=20 interval=380
89365.275 [0] DBG_SCAN_SKIPPED reason=blocked
89365.275 [0] DBG_ANCHOR_CH5_SCAN_RESCHED ret=1 delay=20
89365.275 [0] DBG_DWM_MARK_UNCONFIGURED tag=initialise_radio prev_phy=0
89365.275 [0] DBG_DWM_PHY_SWITCH from=4 to=2 fast=0 us=20874
89365.314 [0] DBG_ANCHOR_CH5_SCAN_HANDLER role=2
89365.314 [0] DBG_ANCHOR_CH5_SCAN_BLOCKED win=0 tx=1 retry_gap=0 flood=0 wait=0 rx=0 rxq=0 rxr=0 ack=0 ch9=0 rf=1 retry=20 interval=380
89365.314 [0] DBG_SCAN_SKIPPED reason=blocked
89365.314 [0] DBG_ANCHOR_CH5_SCAN_RESCHED ret=1 delay=20
89365.314 [0] DBG_WAKE_TRAIN_CONFIG_BEGIN
89365.314 [0] DBG_ANCHOR_CH5_SCAN_HANDLER role=2
89365.314 [0] DBG_WAKE_TRAIN_CONFIG_OK
89365.314 [0] DBG_WAKE_TRAIN_FIRST_SEND_BEGIN
89365.314 [0] DBG_ANCHOR_CH5_SCAN_BLOCKED win=0 tx=1 retry_gap=0 flood=0 wait=0 rx=0 rxq=0 rxr=0 ack=0 ch9=0 rf=1 retry=20 interval=380
89365.314 [0] DBG_SCAN_SKIPPED reason=blocked
89365.314 [0] DBG_ANCHOR_CH5_SCAN_RESCHED ret=1 delay=20
89365.314 [0] DBG_WAKE_TRAIN_FIRST_SEND_OK
89365.314 [0] DBG_UWB_TX_CH5
89365.314 [0] DBG_TX_WAKE_CLAIM_SENT
89365.347 [0] DBG_UWB_TX_CH5
89365.347 [0] DBG_TX_WAKE_CLAIM_SENT
89365.347 [0] DBG_UWB_TX_CH5
89365.347 [0] DBG_TX_WAKE_CLAIM_SENT
89365.347 [0] DBG_ANCHOR_CH5_SCAN_HANDLER role=2
89365.347 [0] DBG_UWB_TX_CH5
89365.347 [0] DBG_TX_WAKE_CLAIM_SENT
89365.347 [0] DBG_ANCHOR_CH5_SCAN_BLOCKED win=0 tx=1 retry_gap=0 flood=0 wait=0 rx=0 rxq=0 rxr=0 ack=0 ch9=0 rf=1 retry=20 interval=380
89365.347 [0] DBG_SCAN_SKIPPED reason=blocked
89365.347 [0] DBG_ANCHOR_CH5_SCAN_RESCHED ret=1 delay=20
89365.347 [0] DBG_DWM_CH5_RX_HUNT_EMPTY s=332644 e=332654 ret=-116 sys=00000000 phy=2 cfg=1 aw=1 unk=0
89365.347 [0] DBG_UWB_TX_CH5
89365.347 [0] DBG_TX_WAKE_CLAIM_SENT
89365.384 [0] DBG_ANCHOR_CH5_SCAN_HANDLER role=2
89365.384 [0] DBG_UWB_TX_CH5
89365.384 [0] DBG_TX_WAKE_CLAIM_SENT
89365.384 [0] DBG_DWM_CH5_RX_HUNT_START acq=10 complete=1000 cap=124
89365.384 [0] DBG_ANCHOR_CH5_SCAN_BLOCKED win=0 tx=1 retry_gap=0 flood=0 wait=0 rx=0 rxq=0 rxr=0 ack=0 ch9=0 rf=1 retry=20 interval=380
89365.384 [0] DBG_SCAN_SKIPPED reason=blocked
89365.384 [0] DBG_ANCHOR_CH5_SCAN_RESCHED ret=1 delay=20
89365.384 [0] DBG_DWM_CH5_RX_HUNT_EMPTY s=332668 e=332678 ret=-116 sys=00000000 phy=2 cfg=1 aw=1 unk=0
89365.384 [0] DBG_UWB_TX_CH5
89365.384 [0] DBG_TX_WAKE_CLAIM_SENT
89365.384 [0] DBG_UWB_TX_CH5
89365.384 [0] DBG_TX_WAKE_CLAIM_SENT
89365.384 [0] DBG_DWM_CH5_RX_HUNT_START acq=10 complete=1000 cap=124
89365.384 [0] DBG_ANCHOR_CH5_SCAN_HANDLER role=2
89365.384 [0] DBG_ANCHOR_CH5_SCAN_BLOCKED win=0 tx=1 retry_gap=0 flood=0 wait=0 rx=0 rxq=0 rxr=0 ack=0 ch9=0 rf=1 retry=20 interval=380
89365.416 [0] DBG_SCAN_SKIPPED reason=blocked
89365.416 [0] DBG_ANCHOR_CH5_SCAN_RESCHED ret=1 delay=20
89365.416 [0] DBG_DWM_CH5_RX_HUNT_EMPTY s=332692 e=332702 ret=-116 sys=00000000 phy=2 cfg=1 aw=1 unk=0
89365.416 [0] DBG_UWB_TX_CH5
89365.416 [0] DBG_TX_WAKE_CLAIM_SENT
89365.416 [0] DBG_UWB_TX_CH5
89365.416 [0] DBG_TX_WAKE_CLAIM_SENT
89365.416 [0] DBG_DWM_CH5_RX_HUNT_START acq=10 complete=1000 cap=124
89365.416 [0] DBG_ANCHOR_CH5_SCAN_HANDLER role=2
89365.416 [0] DBG_ANCHOR_CH5_SCAN_BLOCKED win=0 tx=1 retry_gap=0 flood=0 wait=0 rx=0 rxq=0 rxr=0 ack=0 ch9=0 rf=1 retry=20 interval=380
89365.416 [0] DBG_SCAN_SKIPPED reason=blocked
89365.416 [0] DBG_ANCHOR_CH5_SCAN_RESCHED ret=1 delay=20
89365.450 [0] DBG_UWB_TX_CH5
89365.450 [0] DBG_TX_WAKE_CLAIM_SENT
89365.450 [0] DBG_UWB_TX_CH5
89365.450 [0] DBG_TX_WAKE_CLAIM_SENT
89365.450 [0] DBG_DWM_CH5_RX_HUNT_START acq=10 complete=1000 cap=124
89365.450 [0] DBG_ANCHOR_CH5_SCAN_HANDLER role=2
89365.450 [0] DBG_DWM_CH5_RX_HUNT_EMPTY s=332740 e=332750 ret=-116 sys=00000000 phy=2 cfg=1 aw=1 unk=0
89365.450 [0] DBG_ANCHOR_CH5_SCAN_BLOCKED win=0 tx=1 retry_gap=0 flood=0 wait=0 rx=0 rxq=0 rxr=0 ack=0 ch9=0 rf=1 retry=20 interval=380
89365.450 [0] DBG_SCAN_SKIPPED reason=blocked
89365.450 [0] DBG_ANCHOR_CH5_SCAN_RESCHED ret=1 delay=20
89365.450 [0] DBG_UWB_TX_CH5
89365.450 [0] DBG_TX_WAKE_CLAIM_SENT
89365.450 [0] DBG_UWB_TX_CH5
89365.450 [0] DBG_TX_WAKE_CLAIM_SENT
89365.450 [0] DBG_DWM_CH5_RX_HUNT_START acq=10 complete=1000 cap=124
89365.485 [0] DBG_ANCHOR_CH5_SCAN_HANDLER role=2
89365.485 [0] DBG_DWM_CH5_RX_HUNT_EMPTY s=332763 e=332773 ret=-116 sys=00000000 phy=2 cfg=1 aw=1 unk=0
89365.485 [0] DBG_ANCHOR_CH5_SCAN_BLOCKED win=0 tx=1 retry_gap=0 flood=0 wait=0 rx=0 rxq=0 rxr=0 ack=0 ch9=0 rf=1 retry=20 interval=380
89365.485 [0] DBG_SCAN_SKIPPED reason=blocked
89365.485 [0] DBG_ANCHOR_CH5_SCAN_RESCHED ret=1 delay=20
89365.485 [0] DBG_UWB_TX_CH5
89365.485 [0] DBG_TX_WAKE_CLAIM_SENT
89365.485 [0] DBG_UWB_TX_CH5
89365.485 [0] DBG_TX_WAKE_CLAIM_SENT
89365.485 [0] DBG_DWM_CH5_RX_HUNT_START acq=10 complete=1000 cap=124
89365.485 [0] DBG_ANCHOR_CH5_SCAN_HANDLER role=2
89365.485 [0] DBG_DWM_CH5_RX_HUNT_EMPTY s=332787 e=332797 ret=-116 sys=00000000 phy=2 cfg=1 aw=1 unk=0
89365.485 [0] DBG_ANCHOR_CH5_SCAN_BLOCKED win=0 tx=1 retry_gap=0 flood=0 wait=0 rx=0 rxq=0 rxr=0 ack=0 ch9=0 rf=1 retry=20 interval=380
89365.485 [0] DBG_SCAN_SKIPPED reason=blocked
89365.485 [0] DBG_ANCHOR_CH5_SCAN_RESCHED ret=1 delay=20
89365.518 [0] DBG_UWB_TX_CH5
89365.518 [0] DBG_TX_WAKE_CLAIM_SENT
89365.518 [0] DBG_UWB_TX_CH5
89365.518 [0] DBG_TX_WAKE_CLAIM_SENT
89365.518 [0] DBG_DWM_CH5_RX_HUNT_START acq=10 complete=1000 cap=124
89365.518 [0] DBG_ANCHOR_CH5_SCAN_HANDLER role=2
89365.518 [0] DBG_DWM_CH5_RX_HUNT_EMPTY s=332811 e=332821 ret=-116 sys=00000000 phy=2 cfg=1 aw=1 unk=0
89365.518 [0] DBG_ANCHOR_CH5_SCAN_BLOCKED win=0 tx=1 retry_gap=0 flood=0 wait=0 rx=0 rxq=0 rxr=0 ack=0 ch9=0 rf=1 retry=20 interval=380
89365.518 [0] DBG_SCAN_SKIPPED reason=blocked
89365.518 [0] DBG_ANCHOR_CH5_SCAN_RESCHED ret=1 delay=20
89365.518 [0] DBG_UWB_TX_CH5
89365.518 [0] DBG_TX_WAKE_CLAIM_SENT
89365.553 [0] DBG_UWB_TX_CH5
89365.553 [0] DBG_TX_WAKE_CLAIM_SENT
89365.553 [0] DBG_DWM_CH5_RX_HUNT_START acq=10 complete=1000 cap=124
89365.553 [0] DBG_ANCHOR_CH5_SCAN_HANDLER role=2
89365.553 [0] DBG_DWM_CH5_RX_HUNT_EMPTY s=332835 e=332845 ret=-116 sys=00000000 phy=2 cfg=1 aw=1 unk=0
89365.553 [0] DBG_ANCHOR_CH5_SCAN_BLOCKED win=0 tx=1 retry_gap=0 flood=0 wait=0 rx=0 rxq=0 rxr=0 ack=0 ch9=0 rf=1 retry=20 interval=380
89365.553 [0] DBG_SCAN_SKIPPED reason=blocked
89365.553 [0] DBG_ANCHOR_CH5_SCAN_RESCHED ret=1 delay=20
89365.553 [0] DBG_UWB_TX_CH5
89365.553 [0] DBG_TX_WAKE_CLAIM_SENT
89365.553 [0] DBG_UWB_TX_CH5
89365.553 [0] DBG_TX_WAKE_CLAIM_SENT
89365.553 [0] DBG_DWM_CH5_RX_HUNT_START acq=10 complete=1000 cap=124
89365.553 [0] DBG_ANCHOR_CH5_SCAN_HANDLER role=2
89365.589 [0] DBG_DWM_CH5_RX_HUNT_EMPTY s=332859 e=332869 ret=-116 sys=00000000 phy=2 cfg=1 aw=1 unk=0
89365.589 [0] DBG_ANCHOR_CH5_SCAN_BLOCKED win=0 tx=1 retry_gap=0 flood=0 wait=0 rx=0 rxq=0 rxr=0 ack=0 ch9=0 rf=1 retry=20 interval=380
89365.589 [0] DBG_SCAN_SKIPPED reason=blocked
89365.589 [0] DBG_ANCHOR_CH5_SCAN_RESCHED ret=1 delay=20
89365.589 [0] DBG_UWB_TX_CH5
89365.589 [0] DBG_TX_WAKE_CLAIM_SENT
89365.589 [0] DBG_UWB_TX_CH5
89365.589 [0] DBG_TX_WAKE_CLAIM_SENT
89365.589 [0] DBG_DWM_CH5_RX_HUNT_START acq=10 complete=1000 cap=124
89365.589 [0] DBG_ANCHOR_CH5_SCAN_HANDLER role=2
89365.589 [0] DBG_DWM_CH5_RX_HUNT_EMPTY s=332883 e=332893 ret=-116 sys=00000000 phy=2 cfg=1 aw=1 unk=0
89365.589 [0] DBG_ANCHOR_CH5_SCAN_BLOCKED win=0 tx=1 retry_gap=0 flood=0 wait=0 rx=0 rxq=0 rxr=0 ack=0 ch9=0 rf=1 retry=20 interval=380
89365.589 [0] DBG_SCAN_SKIPPED reason=blocked
89365.589 [0] DBG_ANCHOR_CH5_SCAN_RESCHED ret=1 delay=20
89365.589 [0] DBG_UWB_TX_CH5
89365.589 [0] DBG_TX_WAKE_CLAIM_SENT
89365.627 [0] DBG_UWB_TX_CH5
89365.627 [0] DBG_TX_WAKE_CLAIM_SENT
89365.627 [0] DBG_DWM_CH5_RX_HUNT_START acq=10 complete=1000 cap=124
89365.627 [0] DBG_ANCHOR_CH5_SCAN_HANDLER role=2
89365.627 [0] DBG_DWM_CH5_RX_HUNT_EMPTY s=332907 e=332917 ret=-116 sys=00000000 phy=2 cfg=1 aw=1 unk=0
89365.627 [0] DBG_ANCHOR_CH5_SCAN_BLOCKED win=0 tx=1 retry_gap=0 flood=0 wait=0 rx=0 rxq=0 rxr=0 ack=0 ch9=0 rf=1 retry=20 interval=380
89365.627 [0] DBG_SCAN_SKIPPED reason=blocked
89365.627 [0] DBG_ANCHOR_CH5_SCAN_RESCHED ret=1 delay=20
89365.627 [0] DBG_UWB_TX_CH5
89365.627 [0] DBG_TX_WAKE_CLAIM_SENT
89365.627 [0] DBG_UWB_TX_CH5
89365.627 [0] DBG_TX_WAKE_CLAIM_SENT
89365.627 [0] DBG_DWM_CH5_RX_HUNT_START acq=10 complete=1000 cap=124
89365.627 [0] DBG_ANCHOR_CH5_SCAN_HANDLER role=2
89365.627 [0] DBG_DWM_CH5_RX_HUNT_EMPTY s=332931 e=332941 ret=-116 sys=00000000 phy=2 cfg=1 aw=1 unk=0
89365.666 [0] DBG_ANCHOR_CH5_SCAN_BLOCKED win=0 tx=1 retry_gap=0 flood=0 wait=0 rx=0 rxq=0 rxr=0 ack=0 ch9=0 rf=1 retry=20 interval=380
89365.666 [0] DBG_SCAN_SKIPPED reason=blocked
89365.666 [0] DBG_ANCHOR_CH5_SCAN_RESCHED ret=1 delay=20
89365.666 [0] DBG_UWB_TX_CH5
89365.666 [0] DBG_TX_WAKE_CLAIM_SENT
89365.666 [0] DBG_UWB_TX_CH5
89365.666 [0] DBG_TX_WAKE_CLAIM_SENT
89365.666 [0] DBG_DWM_CH5_RX_HUNT_START acq=10 complete=1000 cap=124
89365.666 [0] DBG_ANCHOR_CH5_SCAN_HANDLER role=2
89365.666 [0] DBG_DWM_CH5_RX_HUNT_EMPTY s=332955 e=332965 ret=-116 sys=00000000 phy=2 cfg=1 aw=1 unk=0
89365.666 [0] DBG_ANCHOR_CH5_SCAN_BLOCKED win=0 tx=1 retry_gap=0 flood=0 wait=0 rx=0 rxq=0 rxr=0 ack=0 ch9=0 rf=1 retry=20 interval=380
89365.666 [0] DBG_SCAN_SKIPPED reason=blocked
89365.666 [0] DBG_ANCHOR_CH5_SCAN_RESCHED ret=1 delay=20
89365.666 [0] DBG_UWB_TX_CH5
89365.666 [0] DBG_TX_WAKE_CLAIM_SENT
89365.666 [0] DBG_UWB_TX_CH5
89365.666 [0] DBG_TX_WAKE_CLAIM_SENT
89365.666 [0] DBG_DWM_CH5_RX_HUNT_START acq=10 complete=1000 cap=124
89365.699 [0] DBG_ANCHOR_CH5_SCAN_HANDLER role=2
89365.699 [0] DBG_DWM_CH5_RX_HUNT_EMPTY s=332979 e=332989 ret=-116 sys=00000000 phy=2 cfg=1 aw=1 unk=0
89365.699 [0] DBG_ANCHOR_CH5_SCAN_BLOCKED win=0 tx=1 retry_gap=0 flood=0 wait=0 rx=0 rxq=0 rxr=0 ack=0 ch9=0 rf=1 retry=20 interval=380
89365.699 [0] DBG_SCAN_SKIPPED reason=blocked
89365.699 [0] DBG_ANCHOR_CH5_SCAN_RESCHED ret=1 delay=20
89365.699 [0] DBG_UWB_TX_CH5
89365.699 [0] DBG_TX_WAKE_CLAIM_SENT
89365.699 [0] DBG_UWB_TX_CH5
89365.699 [0] DBG_TX_WAKE_CLAIM_SENT
89365.699 [0] DBG_DWM_CH5_RX_HUNT_START acq=10 complete=1000 cap=124
89365.699 [0] DBG_ANCHOR_CH5_SCAN_HANDLER role=2
89365.699 [0] DBG_DWM_CH5_RX_HUNT_EMPTY s=333002 e=333012 ret=-116 sys=00000000 phy=2 cfg=1 aw=1 unk=0
89365.699 [0] DBG_ANCHOR_CH5_SCAN_BLOCKED win=0 tx=1 retry_gap=0 flood=0 wait=0 rx=0 rxq=0 rxr=0 ack=0 ch9=0 rf=1 retry=20 interval=380
89365.699 [0] DBG_SCAN_SKIPPED reason=blocked
89365.699 [0] DBG_ANCHOR_CH5_SCAN_RESCHED ret=1 delay=20
89365.747 [0] DBG_UWB_TX_CH5
89365.747 [0] DBG_TX_WAKE_CLAIM_SENT
89365.747 [0] DBG_UWB_TX_CH5
89365.747 [0] DBG_TX_WAKE_CLAIM_SENT
89365.747 [0] DBG_DWM_CH5_RX_HUNT_START acq=10 complete=1000 cap=124
89365.747 [0] DBG_ANCHOR_CH5_SCAN_HANDLER role=2
89365.747 [0] DBG_DWM_CH5_RX_HUNT_EMPTY s=333026 e=333036 ret=-116 sys=00000000 phy=2 cfg=1 aw=1 unk=0
89365.747 [0] DBG_ANCHOR_CH5_SCAN_BLOCKED win=0 tx=1 retry_gap=0 flood=0 wait=0 rx=0 rxq=0 rxr=0 ack=0 ch9=0 rf=1 retry=20 interval=380
89365.747 [0] DBG_SCAN_SKIPPED reason=blocked
89365.747 [0] DBG_ANCHOR_CH5_SCAN_RESCHED ret=1 delay=20
89365.747 [0] DBG_UWB_TX_CH5
89365.747 [0] DBG_TX_WAKE_CLAIM_SENT
89365.747 [0] DBG_UWB_TX_CH5
89365.747 [0] DBG_TX_WAKE_CLAIM_SENT
89365.747 [0] DBG_DWM_CH5_RX_HUNT_START acq=10 complete=1000 cap=124
89365.747 [0] DBG_ANCHOR_CH5_SCAN_HANDLER role=2
89365.787 [0] DBG_DWM_CH5_RX_HUNT_EMPTY s=333050 e=333060 ret=-116 sys=00000000 phy=2 cfg=1 aw=1 unk=0
89365.787 [0] DBG_ANCHOR_CH5_SCAN_BLOCKED win=0 tx=1 retry_gap=0 flood=0 wait=0 rx=0 rxq=0 rxr=0 ack=0 ch9=0 rf=1 retry=20 interval=380
89365.787 [0] DBG_SCAN_SKIPPED reason=blocked
89365.787 [0] DBG_ANCHOR_CH5_SCAN_RESCHED ret=1 delay=20
89365.787 [0] DBG_UWB_TX_CH5
89365.787 [0] DBG_TX_WAKE_CLAIM_SENT
89365.787 [0] DBG_UWB_TX_CH5
89365.787 [0] DBG_TX_WAKE_CLAIM_SENT
89365.787 [0] DBG_DWM_CH5_RX_HUNT_START acq=10 complete=1000 cap=124
89365.787 [0] DBG_ANCHOR_CH5_SCAN_HANDLER role=2
89365.787 [0] DBG_DWM_CH5_RX_HUNT_EMPTY s=333074 e=333084 ret=-116 sys=00000000 phy=2 cfg=1 aw=1 unk=0
89365.787 [0] DBG_ANCHOR_CH5_SCAN_BLOCKED win=0 tx=1 retry_gap=0 flood=0 wait=0 rx=0 rxq=0 rxr=0 ack=0 ch9=0 rf=1 retry=20 interval=380
89365.787 [0] DBG_SCAN_SKIPPED reason=blocked
89365.787 [0] DBG_ANCHOR_CH5_SCAN_RESCHED ret=1 delay=20
89365.787 [0] DBG_UWB_TX_CH5
89365.787 [0] DBG_TX_WAKE_CLAIM_SENT
89365.787 [0] DBG_UWB_TX_CH5
89365.787 [0] DBG_TX_WAKE_CLAIM_SENT
89365.787 [0] DBG_DWM_CH5_RX_HUNT_START acq=10 complete=1000 cap=124
89365.821 [0] DBG_ANCHOR_CH5_SCAN_HANDLER role=2
89365.821 [0] DBG_DWM_CH5_RX_HUNT_EMPTY s=333098 e=333108 ret=-116 sys=00000000 phy=2 cfg=1 aw=1 unk=0
89365.821 [0] DBG_UWB_TX_CH5
89365.821 [0] DBG_TX_WAKE_CLAIM_SENT
89365.821 [0] DBG_UWB_TX_CH5
89365.821 [0] DBG_TX_WAKE_CLAIM_SENT
89365.821 [0] DBG_DWM_CH5_RX_HUNT_START acq=10 complete=1000 cap=124
89365.821 [0] DBG_ANCHOR_CH5_SCAN_HANDLER role=2
89365.821 [0] DBG_DWM_CH5_RX_HUNT_EMPTY s=333122 e=333132 ret=-116 sys=00000000 phy=2 cfg=1 aw=1 unk=0
89365.821 [0] DBG_ANCHOR_CH5_SCAN_BLOCKED win=0 tx=1 retry_gap=0 flood=0 wait=0 rx=0 rxq=0 rxr=0 ack=0 ch9=0 rf=1 retry=20 interval=380
89365.821 [0] DBG_SCAN_SKIPPED reason=blocked
89365.821 [0] DBG_ANCHOR_CH5_SCAN_RESCHED ret=1 delay=20
89365.855 [0] DBG_WAKE_TRAIN_TIMING evt=332567 start=332618 first=332624 last=333121 end=333154 sent=44 ret=0
89365.855 [0] DBG_C5_CONTACT phase=accepted state=2 peer=0x0f6d3a3bdac0f858 purpose=uplink reason=retransmit-uplink-wake
89365.855 [0] DBG_UPLINK_WAKE next=0xf6d3a3bdac0f858 ret=0 seq=1 phase=retransmit
89365.855 [0] DBG_C5_CONTROL_FOLLOWUP_TURNAROUND delay=60 msg=20 reason=retransmit-uplink-wake
89365.855 [0] DBG_ANCHOR_CH5_SCAN_HANDLER role=2
89365.855 [0] DBG_ANCHOR_CH5_SCAN_ARM now=333156 win=10 complete=15 interval=380 wait=0 tx=1 response=0
89365.855 [0] DBG_DWM_CH5_RX_HUNT_START acq=10 complete=1000 cap=1020
89365.884 [0] DBG_DWM_CH5_RX_HUNT_EMPTY s=333164 e=333174 ret=-116 sys=00000000 phy=2 cfg=1 aw=1 unk=0
89365.884 [0] DBG_ANCHOR_CH5_SCAN_DONE ret=-116 len=0 fail=1 pre=0 q=0 rx_us=10284 complete=1000
89365.884 [0] DBG_ANCHOR_CH5_SCAN_RESCHED ret=1 delay=380
89365.913 [0] DBG_DWM_INVALIDATE tag=configure_radio_from_reset active_phy=2 configured=1 awake=1
89365.948 [0] DBG_DWM_MARK_UNCONFIGURED tag=initialise_radio prev_phy=0
89365.948 [0] DBG_DWM_PHY_SWITCH from=2 to=4 fast=0 us=20966
89365.948 [0] DBG_DWM_WAKE_MESH_CTRL_OK sfd=1033
89365.948 [0] DBG_DIRECT_GW_TX_CONFIG ret=0 now=333240 seq=1
89365.948 [0] DBG_CH9_TX_SEND_AT now=333241 earliest=332565 msg=20 len=281
89365.948 [0] DBG_CH9_TX_DONE now=333247 dur=6 len=281 msg=20
89365.948 [0] DBG_UWB_TX_CH5
89365.948 [0] DBG_CLICK_TX_DONE now=333247 seq=1
89365.948 [0] DBG_CH9_TX_SINGLE_SEND_OK
89365.948 [0] DBG_CH9_EVENT_STATE state=complete peer=0x0f6d3a3bdac0f858 start=332567 end=332627 reason=retransmit-direct-gateway
89365.948 [0] DBG_DIRECT_GW_TX_ACK_TRANSIT_WAIT dst=0x9999888877776666 src=0xea35f5b508104aae seq=1
89365.948 [0] DBG_CLICK_ACK_RX_ARM now=333248 slice=60 seq=1
89366.199 [0] DBG_DIRECT_GW_TX_ACK_WAIT ret=-116 seq=1
89366.199 [0] DBG_RETRANSMIT_DIRECT_GW_ACK_WINDOW seq=1 deadline=333499 window=0
89366.199 [0] DBG_UWB_RX_COORD_DEFER state=mesh-tx reason=mesh-tx route=0 q=0
89366.199 [0] DBG_TX_TIMEOUT_ENTER relay=1 route=0 ch9pend=0 bundle=0 now=333501
89366.250 [0] DBG_UWB_RX_COORD_DEFER state=mesh-tx reason=mesh-tx route=0 q=0
89366.250 [0] DBG_ANCHOR_CH5_SCAN_HANDLER role=2
89366.250 [0] DBG_DWM_INVALIDATE tag=configure_radio_from_reset active_phy=4 configured=1 awake=1
89366.277 [0] DBG_DWM_MARK_UNCONFIGURED tag=initialise_radio prev_phy=0
89366.277 [0] DBG_DWM_PHY_SWITCH from=4 to=2 fast=0 us=20905
89366.277 [0] DBG_DWM_CH5_RX_HUNT_START acq=10 complete=1000 cap=1020
89366.277 [0] DBG_DWM_CH5_RX_HUNT_EMPTY s=333581 e=333591 ret=-116 sys=00000000 phy=2 cfg=1 aw=1 unk=0
89366.277 [0] DBG_ANCHOR_CH5_SCAN_RESCHED ret=1 delay=380
89366.304 [0] DBG_UWB_RX_COORD_DEFER state=mesh-tx reason=mesh-tx route=0 q=0
89366.354 [0] DBG_UWB_RX_COORD_DEFER state=mesh-tx reason=mesh-tx route=0 q=0
89366.404 [0] DBG_UWB_RX_COORD_DEFER state=mesh-tx reason=mesh-tx route=0 q=0
89366.438 [0] DBG_UWB_RX_COORD_DEFER state=mesh-tx reason=mesh-tx route=0 q=0
89366.473 [0] DBG_TX_TIMEOUT_ENTER relay=1 route=0 ch9pend=0 bundle=0 now=333765
89366.473 [0] DBG_RETRANSMIT_DIRECT_GW seq=1 now=333766
89366.473 [0] DBG_C5_CONTACT phase=open state=1 peer=0x0f6d3a3bdac0f858 purpose=uplink reason=retransmit-uplink-wake
89366.473 [0] DBG_WAKE_TRAIN_GUARD_OK
89366.502 [0] DBG_WAKE_TRAIN_CONFIG_BEGIN
89366.502 [0] DBG_WAKE_TRAIN_CONFIG_OK
89366.502 [0] DBG_WAKE_TRAIN_FIRST_SEND_BEGIN
89366.502 [0] DBG_WAKE_TRAIN_FIRST_SEND_OK
89366.502 [0] DBG_UWB_TX_CH5
89366.502 [0] DBG_TX_WAKE_CLAIM_SENT
89366.502 [0] DBG_UWB_TX_CH5
89366.502 [0] DBG_TX_WAKE_CLAIM_SENT
89366.532 [0] DBG_UWB_TX_CH5
89366.532 [0] DBG_TX_WAKE_CLAIM_SENT
89366.532 [0] DBG_UWB_TX_CH5
89366.532 [0] DBG_TX_WAKE_CLAIM_SENT
89366.532 [0] DBG_DWM_CH5_RX_HUNT_START acq=10 complete=1000 cap=124
89366.532 [0] DBG_DWM_CH5_RX_HUNT_EMPTY s=333830 e=333840 ret=-116 sys=00000000 phy=2 cfg=1 aw=1 unk=0
89366.532 [0] DBG_UWB_TX_CH5
89366.532 [0] DBG_TX_WAKE_CLAIM_SENT
89366.566 [0] DBG_UWB_TX_CH5
89366.566 [0] DBG_TX_WAKE_CLAIM_SENT
89366.566 [0] DBG_DWM_CH5_RX_HUNT_START acq=10 complete=1000 cap=124
89366.566 [0] DBG_DWM_CH5_RX_HUNT_EMPTY s=333854 e=333864 ret=-116 sys=00000000 phy=2 cfg=1 aw=1 unk=0
89366.566 [0] DBG_UWB_TX_CH5
89366.566 [0] DBG_TX_WAKE_CLAIM_SENT
89366.566 [0] DBG_UWB_TX_CH5
89366.566 [0] DBG_TX_WAKE_CLAIM_SENT
89366.566 [0] DBG_DWM_CH5_RX_HUNT_START acq=10 complete=1000 cap=124
89366.597 [0] DBG_DWM_CH5_RX_HUNT_EMPTY s=333878 e=333888 ret=-116 sys=00000000 phy=2 cfg=1 aw=1 unk=0
89366.597 [0] DBG_UWB_TX_CH5
89366.597 [0] DBG_TX_WAKE_CLAIM_SENT
89366.597 [0] DBG_UWB_TX_CH5
89366.597 [0] DBG_TX_WAKE_CLAIM_SENT
89366.597 [0] DBG_DWM_CH5_RX_HUNT_START acq=10 complete=1000 cap=124
89366.597 [0] DBG_DWM_CH5_RX_HUNT_EMPTY s=333901 e=333911 ret=-116 sys=00000000 phy=2 cfg=1 aw=1 unk=0
89366.626 [0] DBG_UWB_TX_CH5
89366.626 [0] DBG_TX_WAKE_CLAIM_SENT
89366.626 [0] DBG_UWB_TX_CH5
89366.626 [0] DBG_TX_WAKE_CLAIM_SENT
89366.626 [0] DBG_DWM_CH5_RX_HUNT_START acq=10 complete=1000 cap=124
89366.626 [0] DBG_DWM_CH5_RX_HUNT_EMPTY s=333925 e=333935 ret=-116 sys=00000000 phy=2 cfg=1 aw=1 unk=0
89366.626 [0] DBG_UWB_TX_CH5
89366.626 [0] DBG_TX_WAKE_CLAIM_SENT
89366.660 [0] DBG_UWB_TX_CH5
89366.660 [0] DBG_TX_WAKE_CLAIM_SENT
89366.660 [0] DBG_DWM_CH5_RX_HUNT_START acq=10 complete=1000 cap=124
89366.660 [0] DBG_DWM_CH5_RX_HUNT_EMPTY s=333949 e=333959 ret=-116 sys=00000000 phy=2 cfg=1 aw=1 unk=0
89366.660 [0] DBG_UWB_TX_CH5
89366.660 [0] DBG_TX_WAKE_CLAIM_SENT
89366.660 [0] DBG_UWB_TX_CH5
89366.660 [0] DBG_TX_WAKE_CLAIM_SENT
89366.660 [0] DBG_DWM_CH5_RX_HUNT_START acq=10 complete=1000 cap=124
89366.660 [0] DBG_ANCHOR_CH5_SCAN_HANDLER role=2
89366.694 [0] DBG_ANCHOR_CH5_SCAN_BLOCKED win=0 tx=1 retry_gap=0 flood=0 wait=0 rx=0 rxq=0 rxr=0 ack=0 ch9=0 rf=1 retry=20 interval=380
89366.694 [0] DBG_SCAN_SKIPPED reason=blocked
89366.694 [0] DBG_ANCHOR_CH5_SCAN_RESCHED ret=1 delay=20
89366.694 [0] DBG_DWM_CH5_RX_HUNT_EMPTY s=333973 e=333983 ret=-116 sys=00000000 phy=2 cfg=1 aw=1 unk=0
89366.694 [0] DBG_UWB_TX_CH5
89366.694 [0] DBG_TX_WAKE_CLAIM_SENT
89366.694 [0] DBG_UWB_TX_CH5
89366.694 [0] DBG_TX_WAKE_CLAIM_SENT
89366.694 [0] DBG_DWM_CH5_RX_HUNT_START acq=10 complete=1000 cap=124
89366.694 [0] DBG_ANCHOR_CH5_SCAN_HANDLER role=2
89366.694 [0] DBG_ANCHOR_CH5_SCAN_BLOCKED win=0 tx=1 retry_gap=0 flood=0 wait=0 rx=0 rxq=0 rxr=0 ack=0 ch9=0 rf=1 retry=20 interval=380
89366.694 [0] DBG_SCAN_SKIPPED reason=blocked
89366.694 [0] DBG_DWM_CH5_RX_HUNT_EMPTY s=333997 e=334007 ret=-116 sys=00000000 phy=2 cfg=1 aw=1 unk=0
89366.694 [0] DBG_ANCHOR_CH5_SCAN_RESCHED ret=1 delay=20
89366.726 [0] DBG_UWB_TX_CH5
89366.726 [0] DBG_TX_WAKE_CLAIM_SENT
89366.726 [0] DBG_UWB_TX_CH5
89366.726 [0] DBG_TX_WAKE_CLAIM_SENT
89366.726 [0] DBG_DWM_CH5_RX_HUNT_START acq=10 complete=1000 cap=124
89366.726 [0] DBG_ANCHOR_CH5_SCAN_HANDLER role=2
89366.726 [0] DBG_DWM_CH5_RX_HUNT_EMPTY s=334021 e=334031 ret=-116 sys=00000000 phy=2 cfg=1 aw=1 unk=0
89366.726 [0] DBG_ANCHOR_CH5_SCAN_BLOCKED win=0 tx=1 retry_gap=0 flood=0 wait=0 rx=0 rxq=0 rxr=0 ack=0 ch9=0 rf=1 retry=20 interval=380
89366.726 [0] DBG_SCAN_SKIPPED reason=blocked
89366.726 [0] DBG_ANCHOR_CH5_SCAN_RESCHED ret=1 delay=20
89366.726 [0] DBG_UWB_TX_CH5
89366.726 [0] DBG_TX_WAKE_CLAIM_SENT
89366.760 [0] DBG_UWB_TX_CH5
89366.760 [0] DBG_TX_WAKE_CLAIM_SENT
89366.760 [0] DBG_DWM_CH5_RX_HUNT_START acq=10 complete=1000 cap=124
89366.760 [0] DBG_ANCHOR_CH5_SCAN_HANDLER role=2
89366.760 [0] DBG_DWM_CH5_RX_HUNT_EMPTY s=334045 e=334055 ret=-116 sys=00000000 phy=2 cfg=1 aw=1 unk=0
89366.760 [0] DBG_ANCHOR_CH5_SCAN_BLOCKED win=0 tx=1 retry_gap=0 flood=0 wait=0 rx=0 rxq=0 rxr=0 ack=0 ch9=0 rf=1 retry=20 interval=380
89366.760 [0] DBG_SCAN_SKIPPED reason=blocked
89366.760 [0] DBG_ANCHOR_CH5_SCAN_RESCHED ret=1 delay=20
89366.760 [0] DBG_UWB_TX_CH5
89366.760 [0] DBG_TX_WAKE_CLAIM_SENT
89366.760 [0] DBG_UWB_TX_CH5
89366.760 [0] DBG_TX_WAKE_CLAIM_SENT
89366.760 [0] DBG_DWM_CH5_RX_HUNT_START acq=10 complete=1000 cap=124
89366.795 [0] DBG_ANCHOR_CH5_SCAN_HANDLER role=2
89366.795 [0] DBG_DWM_CH5_RX_HUNT_EMPTY s=334069 e=334079 ret=-116 sys=00000000 phy=2 cfg=1 aw=1 unk=0
89366.795 [0] DBG_ANCHOR_CH5_SCAN_BLOCKED win=0 tx=1 retry_gap=0 flood=0 wait=0 rx=0 rxq=0 rxr=0 ack=0 ch9=0 rf=1 retry=20 interval=380
89366.795 [0] DBG_SCAN_SKIPPED reason=blocked
89366.795 [0] DBG_ANCHOR_CH5_SCAN_RESCHED ret=1 delay=20
89366.795 [0] DBG_UWB_TX_CH5
89366.795 [0] DBG_TX_WAKE_CLAIM_SENT
89366.795 [0] DBG_UWB_TX_CH5
89366.795 [0] DBG_TX_WAKE_CLAIM_SENT
89366.795 [0] DBG_DWM_CH5_RX_HUNT_START acq=10 complete=1000 cap=124
89366.795 [0] DBG_ANCHOR_CH5_SCAN_HANDLER role=2
89366.795 [0] DBG_DWM_CH5_RX_HUNT_EMPTY s=334093 e=334103 ret=-116 sys=00000000 phy=2 cfg=1 aw=1 unk=0
89366.795 [0] DBG_ANCHOR_CH5_SCAN_BLOCKED win=0 tx=1 retry_gap=0 flood=0 wait=0 rx=0 rxq=0 rxr=0 ack=0 ch9=0 rf=1 retry=20 interval=380
89366.795 [0] DBG_SCAN_SKIPPED reason=blocked
89366.795 [0] DBG_ANCHOR_CH5_SCAN_RESCHED ret=1 delay=20
89366.837 [0] DBG_UWB_TX_CH5
89366.837 [0] DBG_TX_WAKE_CLAIM_SENT
89366.837 [0] DBG_UWB_TX_CH5
89366.837 [0] DBG_TX_WAKE_CLAIM_SENT
89366.837 [0] DBG_DWM_CH5_RX_HUNT_START acq=10 complete=1000 cap=124
89366.837 [0] DBG_ANCHOR_CH5_SCAN_HANDLER role=2
89366.837 [0] DBG_DWM_CH5_RX_HUNT_EMPTY s=334117 e=334127 ret=-116 sys=00000000 phy=2 cfg=1 aw=1 unk=0
89366.837 [0] DBG_ANCHOR_CH5_SCAN_BLOCKED win=0 tx=1 retry_gap=0 flood=0 wait=0 rx=0 rxq=0 rxr=0 ack=0 ch9=0 rf=1 retry=20 interval=380
89366.837 [0] DBG_SCAN_SKIPPED reason=blocked
89366.837 [0] DBG_ANCHOR_CH5_SCAN_RESCHED ret=1 delay=20
89366.837 [0] DBG_UWB_TX_CH5
89366.837 [0] DBG_TX_WAKE_CLAIM_SENT
89366.837 [0] DBG_UWB_TX_CH5
89366.837 [0] DBG_TX_WAKE_CLAIM_SENT
89366.837 [0] DBG_DWM_CH5_RX_HUNT_START acq=10 complete=1000 cap=124
89366.837 [0] DBG_ANCHOR_CH5_SCAN_HANDLER role=2
89366.837 [0] DBG_DWM_CH5_RX_HUNT_EMPTY s=334141 e=334151 ret=-116 sys=00000000 phy=2 cfg=1 aw=1 unk=0
89366.883 [0] DBG_ANCHOR_CH5_SCAN_BLOCKED win=0 tx=1 retry_gap=0 flood=0 wait=0 rx=0 rxq=0 rxr=0 ack=0 ch9=0 rf=1 retry=20 interval=380
89366.883 [0] DBG_SCAN_SKIPPED reason=blocked
89366.883 [0] DBG_ANCHOR_CH5_SCAN_RESCHED ret=1 delay=20
89366.883 [0] DBG_UWB_TX_CH5
89366.883 [0] DBG_TX_WAKE_CLAIM_SENT
89366.883 [0] DBG_UWB_TX_CH5
89366.883 [0] DBG_TX_WAKE_CLAIM_SENT
89366.883 [0] DBG_DWM_CH5_RX_HUNT_START acq=10 complete=1000 cap=124
89366.883 [0] DBG_ANCHOR_CH5_SCAN_HANDLER role=2
89366.883 [0] DBG_DWM_CH5_RX_HUNT_EMPTY s=334165 e=334175 ret=-116 sys=00000000 phy=2 cfg=1 aw=1 unk=0
89366.883 [0] DBG_ANCHOR_CH5_SCAN_BLOCKED win=0 tx=1 retry_gap=0 flood=0 wait=0 rx=0 rxq=0 rxr=0 ack=0 ch9=0 rf=1 retry=20 interval=380
89366.883 [0] DBG_SCAN_SKIPPED reason=blocked
89366.883 [0] DBG_ANCHOR_CH5_SCAN_RESCHED ret=1 delay=20
89366.883 [0] DBG_UWB_TX_CH5
89366.883 [0] DBG_TX_WAKE_CLAIM_SENT
89366.883 [0] DBG_UWB_TX_CH5
89366.883 [0] DBG_TX_WAKE_CLAIM_SENT
89366.883 [0] DBG_DWM_CH5_RX_HUNT_START acq=10 complete=1000 cap=124
89366.883 [0] DBG_ANCHOR_CH5_SCAN_HANDLER role=2
89366.926 [0] DBG_DWM_CH5_RX_HUNT_EMPTY s=334189 e=334199 ret=-116 sys=00000000 phy=2 cfg=1 aw=1 unk=0
89366.926 [0] DBG_SCAN_SKIPPED reason=blocked
89366.926 [0] DBG_ANCHOR_CH5_SCAN_RESCHED ret=1 delay=20
89366.926 [0] DBG_UWB_TX_CH5
89366.926 [0] DBG_TX_WAKE_CLAIM_SENT
89366.926 [0] DBG_UWB_TX_CH5
89366.926 [0] DBG_TX_WAKE_CLAIM_SENT
89366.926 [0] DBG_DWM_CH5_RX_HUNT_START acq=10 complete=1000 cap=124
89366.926 [0] DBG_ANCHOR_CH5_SCAN_HANDLER role=2
89366.926 [0] DBG_DWM_CH5_RX_HUNT_EMPTY s=334213 e=334223 ret=-116 sys=00000000 phy=2 cfg=1 aw=1 unk=0
89366.926 [0] DBG_ANCHOR_CH5_SCAN_BLOCKED win=0 tx=1 retry_gap=0 flood=0 wait=0 rx=0 rxq=0 rxr=0 ack=0 ch9=0 rf=1 retry=20 interval=380
89366.926 [0] DBG_SCAN_SKIPPED reason=blocked
89366.926 [0] DBG_ANCHOR_CH5_SCAN_RESCHED ret=1 delay=20
89366.926 [0] DBG_UWB_TX_CH5
89366.926 [0] DBG_TX_WAKE_CLAIM_SENT
89366.926 [0] DBG_UWB_TX_CH5
89366.926 [0] DBG_TX_WAKE_CLAIM_SENT
89366.926 [0] DBG_DWM_CH5_RX_HUNT_START acq=10 complete=1000 cap=124
89366.968 [0] DBG_ANCHOR_CH5_SCAN_HANDLER role=2
89366.968 [0] DBG_DWM_CH5_RX_HUNT_EMPTY s=334237 e=334247 ret=-116 sys=00000000 phy=2 cfg=1 aw=1 unk=0
89366.968 [0] DBG_ANCHOR_CH5_SCAN_BLOCKED win=0 tx=1 retry_gap=0 flood=0 wait=0 rx=0 rxq=0 rxr=0 ack=0 ch9=0 rf=1 retry=20 interval=380
89366.968 [0] DBG_SCAN_SKIPPED reason=blocked
89366.968 [0] DBG_ANCHOR_CH5_SCAN_RESCHED ret=1 delay=20
89366.968 [0] DBG_UWB_TX_CH5
89366.968 [0] DBG_TX_WAKE_CLAIM_SENT
89366.968 [0] DBG_UWB_TX_CH5
89366.968 [0] DBG_TX_WAKE_CLAIM_SENT
89366.968 [0] DBG_DWM_CH5_RX_HUNT_START acq=10 complete=1000 cap=124
89366.968 [0] DBG_ANCHOR_CH5_SCAN_HANDLER role=2
89366.968 [0] DBG_DWM_CH5_RX_HUNT_EMPTY s=334261 e=334271 ret=-116 sys=00000000 phy=2 cfg=1 aw=1 unk=0
89366.968 [0] DBG_ANCHOR_CH5_SCAN_BLOCKED win=0 tx=1 retry_gap=0 flood=0 wait=0 rx=0 rxq=0 rxr=0 ack=0 ch9=0 rf=1 retry=20 interval=380
89366.968 [0] DBG_SCAN_SKIPPED reason=blocked
89366.968 [0] DBG_ANCHOR_CH5_SCAN_RESCHED ret=1 delay=20
89366.968 [0] DBG_UWB_TX_CH5
89366.968 [0] DBG_TX_WAKE_CLAIM_SENT
89367.014 [0] DBG_UWB_TX_CH5
89367.014 [0] DBG_TX_WAKE_CLAIM_SENT
89367.014 [0] DBG_DWM_CH5_RX_HUNT_START acq=10 complete=1000 cap=124
89367.014 [0] DBG_ANCHOR_CH5_SCAN_HANDLER role=2
89367.014 [0] DBG_DWM_CH5_RX_HUNT_EMPTY s=334284 e=334295 ret=-116 sys=00000000 phy=2 cfg=1 aw=1 unk=0
89367.014 [0] DBG_ANCHOR_CH5_SCAN_BLOCKED win=0 tx=1 retry_gap=0 flood=0 wait=0 rx=0 rxq=0 rxr=0 ack=0 ch9=0 rf=1 retry=20 interval=380
89367.014 [0] DBG_SCAN_SKIPPED reason=blocked
89367.014 [0] DBG_ANCHOR_CH5_SCAN_RESCHED ret=1 delay=20
89367.014 [0] DBG_UWB_TX_CH5
89367.014 [0] DBG_TX_WAKE_CLAIM_SENT
89367.014 [0] DBG_UWB_TX_CH5
89367.014 [0] DBG_TX_WAKE_CLAIM_SENT
89367.014 [0] DBG_DWM_CH5_RX_HUNT_START acq=10 complete=1000 cap=124
89367.014 [0] DBG_ANCHOR_CH5_SCAN_HANDLER role=2
89367.014 [0] DBG_DWM_CH5_RX_HUNT_EMPTY s=334309 e=334319 ret=-116 sys=00000000 phy=2 cfg=1 aw=1 unk=0
89367.014 [0] DBG_ANCHOR_CH5_SCAN_BLOCKED win=0 tx=1 retry_gap=0 flood=0 wait=0 rx=0 rxq=0 rxr=0 ack=0 ch9=0 rf=1 retry=20 interval=380
89367.014 [0] DBG_SCAN_SKIPPED reason=blocked
89367.014 [0] DBG_ANCHOR_CH5_SCAN_RESCHED ret=1 delay=20
89367.049 [0] DBG_WAKE_TRAIN_TIMING evt=333767 start=333804 first=333810 last=334308 end=334341 sent=44 ret=0
89367.049 [0] DBG_C5_CONTACT phase=accepted state=2 peer=0x0f6d3a3bdac0f858 purpose=uplink reason=retransmit-uplink-wake
89367.049 [0] DBG_UPLINK_WAKE next=0xf6d3a3bdac0f858 ret=0 seq=1 phase=retransmit
89367.049 [0] DBG_C5_CONTROL_FOLLOWUP_TURNAROUND delay=60 msg=20 reason=retransmit-uplink-wake
89367.049 [0] DBG_ANCHOR_CH5_SCAN_HANDLER role=2
89367.049 [0] DBG_ANCHOR_CH5_SCAN_ARM now=334344 win=10 complete=15 interval=380 wait=0 tx=1 response=0
89367.049 [0] DBG_DWM_CH5_RX_HUNT_START acq=10 complete=1000 cap=1020
89367.049 [0] DBG_DWM_CH5_RX_HUNT_EMPTY s=334352 e=334362 ret=-116 sys=00000000 phy=2 cfg=1 aw=1 unk=0
89367.049 [0] DBG_ANCHOR_CH5_SCAN_DONE ret=-116 len=0 fail=1 pre=0 q=0 rx_us=11016 complete=1000
89367.049 [0] DBG_ANCHOR_CH5_SCAN_RESCHED ret=1 delay=380
89367.115 [0] DBG_DWM_INVALIDATE tag=configure_radio_from_reset active_phy=2 configured=1 awake=1
89367.115 [0] DBG_DWM_MARK_UNCONFIGURED tag=initialise_radio prev_phy=0
89367.115 [0] DBG_DWM_PHY_SWITCH from=2 to=4 fast=0 us=21057
89367.115 [0] DBG_DWM_WAKE_MESH_CTRL_OK sfd=1033
89367.115 [0] DBG_DIRECT_GW_TX_CONFIG ret=0 now=334427 seq=1
89367.115 [0] DBG_CH9_TX_SEND_AT now=334428 earliest=333765 msg=20 len=281
89367.154 [0] DBG_CH9_TX_DONE now=334434 dur=6 len=281 msg=20
89367.154 [0] DBG_UWB_TX_CH5
89367.154 [0] DBG_CLICK_TX_DONE now=334434 seq=1
89367.154 [0] DBG_CH9_TX_SINGLE_SEND_OK
89367.154 [0] DBG_CH9_EVENT_STATE state=complete peer=0x0f6d3a3bdac0f858 start=333766 end=333826 reason=retransmit-direct-gateway
89367.154 [0] DBG_DIRECT_GW_TX_ACK_TRANSIT_WAIT dst=0x9999888877776666 src=0xea35f5b508104aae seq=1
89367.154 [0] DBG_CLICK_ACK_RX_ARM now=334435 slice=60 seq=1
89367.154 [0] DBG_DIRECT_GW_TX_ACK_WAIT ret=-5 seq=1
89367.154 [0] DBG_RETRANSMIT_DEFER reason=send-failed ret=0 send=-5 delay=35 seq=1 state=2
89367.154 [0] DBG_UWB_RX_COORD_DEFER state=mesh-tx reason=mesh-tx route=0 q=0
89367.188 [0] DBG_TX_TIMEOUT_ENTER relay=1 route=0 ch9pend=0 bundle=0 now=334486
89367.188 [0] DBG_RETRANSMIT_DIRECT_GW seq=1 now=334488
89367.188 [0] DBG_C5_CONTACT phase=open state=1 peer=0x0f6d3a3bdac0f858 purpose=uplink reason=retransmit-uplink-wake
89367.188 [0] DBG_WAKE_TRAIN_GUARD_OK
89367.188 [0] DBG_DWM_INVALIDATE tag=configure_radio_from_reset active_phy=4 configured=1 awake=1
89367.226 [0] DBG_STACK_RUN_BEGIN epoch=16284486061926904368 run=229 kind=cir_handling owner=anchor_uwb_scan queue=1 custody=1 credit=0 retry=0 drain=0 src=16876665336513972910 dst=11068027678940948070 session=2041854227 seq=1 type=32 sequence=0 previous=0 uptime=334506
89367.226 [0] DBG_DWM_MARK_UNCONFIGURED tag=initialise_radio prev_phy=0
89367.226 [0] DBG_DWM_PHY_SWITCH from=4 to=2 fast=0 us=21393
89367.226 [0] DBG_MESH_WAKE_POLITE_ACTIVITY phase=pre target=0xf6d3a3bdac0f858 retry=0 ret=0 fail=3 reason=retransmit-uplink-wake
89367.226 [0] DBG_WAKE_TRAIN_TIMING evt=334488 start=0 first=0 last=0 end=334522 sent=0 ret=-11
89367.226 [0] DBG_C5_CONTACT phase=closing state=4 peer=0x0f6d3a3bdac0f858 purpose=uplink reason=wake-train-fail
89367.226 [0] DBG_MESH_WAKE_POLITE_BACKOFF phase=pre target=0xf6d3a3bdac0f858 retry=1/3 delay=296 reason=retransmit-uplink-wake
89367.458 [0] DBG_ANCHOR_CH5_SCAN_HANDLER role=2
89367.458 [0] DBG_DWM_CH5_RX_HUNT_START acq=10 complete=1000 cap=1020
89367.458 [0] DBG_DWM_CH5_RX_ACTIVITY_EXTEND ret=0 status=0x00000100 complete=1000
89367.458 [0] DBG_DWM_CH5_RX_ACTIVITY_WAIT status=0x00000100 remain=1000
89367.458 [0] DBG_DWM_CH5_RX_ACTIVITY_DONE raw=51 payload=49 status=0x00006f00 rearm=0 extended=1
89367.458 [0] DBG_ANCHOR_CH5_SCAN_DONE ret=0 len=49 fail=0 pre=1 q=100 rx_us=16265 complete=1000
89367.458 [0] DBG_UWB_RX_CH5
89367.458 [0] DBG_ANCHOR_CH5_FRAME len=49 q=100 wake_ret=0
89367.458 [0] DBG_ANCHOR_ROUTE_WAKE_DISPATCH src=0x9699122bd60a64e3 evt=335154 attempt=1 flags=0x92 len=49 q=100
89367.458 [0] DBG_C5_CONTACT phase=open state=2 peer=0x9699122bd60a64e3 purpose=route_solicit reason=wake-claim
89367.458 [0] DBG_C5_CONTACT phase=accepted state=2 peer=0x9699122bd60a64e3 purpose=route_solicit reason=wake-claim
89367.458 [0] DBG_ROUTE_ACTIVATION_LISTEN valid=0 now=334769 start=0 relay=0 listen=1274
89367.458 [0] DBG_ANCHOR_ROUTE_WAKE_HANDOFF src=0x9699122bd60a64e3 evt=335154 attempt=1 flags=0x92 embedded=0 hop=0 listen=1274
89367.458 [0] DBG_ROUTE_REPLY_LISTEN_START
89367.512 [0] DBG_DWM_MARK_UNCONFIGURED tag=initialise_radio prev_phy=0
89367.512 [0] DBG_DWM_PHY_SWITCH from=2 to=4 fast=0 us=20935
89367.512 [0] DBG_DWM_WAKE_MESH_CTRL_OK sfd=1033
89367.512 [0] DBG_ROUTE_REPLY_LISTEN_CONFIG ret=0 ext=1
89367.512 [0] DBG_DWM_INVALIDATE tag=configure_radio_from_reset active_phy=4 configured=1 awake=1
89367.512 [0] DBG_C5_CONTACT phase=closing state=4 peer=0x9699122bd60a64e3 purpose=route_solicit reason=replace
89367.512 [0] DBG_C5_CONTACT phase=open state=1 peer=0x0f6d3a3bdac0f858 purpose=uplink reason=retransmit-uplink-wake
89367.512 [0] DBG_WAKE_TRAIN_GUARD_FAIL
89367.512 [0] DBG_C5_CONTACT phase=closing state=4 peer=0x0f6d3a3bdac0f858 purpose=uplink reason=wake-train-guard-fail
89367.512 [0] DBG_UPLINK_WAKE next=0xf6d3a3bdac0f858 ret=-16 seq=1 phase=retransmit
89367.512 [0] DBG_RETRANSMIT_DEFER reason=send-failed ret=0 send=-16 delay=99 seq=1 state=2
89367.512 [0] DBG_UWB_RX_COORD_DEFER state=mesh-tx reason=mesh-tx route=0 q=0
89367.512 [0] DBG_DWM_MARK_UNCONFIGURED tag=initialise_radio prev_phy=0
89367.552 [0] DBG_DWM_PHY_SWITCH from=4 to=2 fast=0 us=20996
89367.552 [0] DBG_DWM_CH5_RX_HUNT_START acq=61 complete=1000 cap=1020
89367.552 [0] DBG_DWM_CH5_RX_ACTIVITY_DONE raw=51 payload=49 status=0x00006f00 rearm=0 extended=1
89367.552 [0] DBG_DWM_INVALIDATE tag=configure_radio_from_reset active_phy=2 configured=1 awake=1
89367.552 [0] DBG_DWM_MARK_UNCONFIGURED tag=initialise_radio prev_phy=0
89367.552 [0] DBG_DWM_PHY_SWITCH from=2 to=4 fast=0 us=20843
89367.552 [0] DBG_DWM_WAKE_MESH_CTRL_OK sfd=1033
89367.552 [0] DBG_ROUTE_REPLY_CLICK_PROBE_DONE duration_ms=50 outcome=restore ret=0
89367.552 [0] DBG_C5_RX_FAIL status=0x04000100 finfo=0x00000000 fail=2 phy=4 ch=5 plen=2 pac=0 txc=9 rxc=9 sfd=2 rate=0 phr=1 phrr=0 sfdto=1
89367.552 [0] DBG_DWM_INVALIDATE tag=configure_radio_from_reset active_phy=4 configured=1 awake=1
89367.599 [0] DBG_UWB_RX_COORD_DEFER state=mesh-tx reason=mesh-tx route=0 q=0
89367.599 [0] DBG_DWM_MARK_UNCONFIGURED tag=initialise_radio prev_phy=0
89367.599 [0] DBG_DWM_PHY_SWITCH from=4 to=2 fast=0 us=20844
89367.599 [0] DBG_DWM_CH5_RX_HUNT_START acq=61 complete=1000 cap=1020
89367.599 [0] DBG_DWM_CH5_RX_ACTIVITY_EXTEND ret=0 status=0x00000100 complete=1000
89367.599 [0] DBG_DWM_CH5_RX_ACTIVITY_WAIT status=0x00000100 remain=1000
89367.599 [0] DBG_DWM_CH5_RX_ACTIVITY_DONE raw=51 payload=49 status=0x00006f00 rearm=0 extended=1
89367.599 [0] DBG_DWM_INVALIDATE tag=configure_radio_from_reset active_phy=2 configured=1 awake=1
89367.599 [0] DBG_DWM_MARK_UNCONFIGURED tag=initialise_radio prev_phy=0
89367.599 [0] DBG_DWM_PHY_SWITCH from=2 to=4 fast=0 us=20965
89367.599 [0] DBG_DWM_WAKE_MESH_CTRL_OK sfd=1033
89367.638 [0] DBG_ROUTE_REPLY_CLICK_PROBE_DONE duration_ms=50 outcome=restore ret=0
89367.638 [0] DBG_TX_TIMEOUT_ENTER relay=1 route=0 ch9pend=0 bundle=0 now=334918
89367.638 [0] DBG_RETRANSMIT_DIRECT_GW seq=1 now=334920
89367.638 [0] DBG_C5_CONTACT phase=open state=1 peer=0x0f6d3a3bdac0f858 purpose=uplink reason=retransmit-uplink-wake
89367.638 [0] DBG_WAKE_TRAIN_GUARD_FAIL
89367.638 [0] DBG_RETRANSMIT_DEFER reason=send-failed ret=0 send=-16 delay=275 seq=1 state=2
89367.638 [0] DBG_UWB_RX_COORD_DEFER state=mesh-tx reason=mesh-tx route=0 q=0
89367.673 [0] DBG_UWB_RX_COORD_DEFER state=mesh-tx reason=mesh-tx route=0 q=0
89367.706 [0] DBG_UWB_RX_COORD_DEFER state=mesh-tx reason=mesh-tx route=0 q=0
89367.757 [0] DBG_UWB_RX_COORD_DEFER state=mesh-tx reason=mesh-tx route=0 q=0
89367.805 [0] DBG_UWB_RX_COORD_DEFER state=mesh-tx reason=mesh-tx route=0 q=0
89367.853 [0] DBG_UWB_RX_COORD_DEFER state=mesh-tx reason=mesh-tx route=0 q=0
89367.879 [0] DBG_TX_TIMEOUT_ENTER relay=1 route=0 ch9pend=0 bundle=0 now=335196
89367.879 [0] DBG_RETRANSMIT_DIRECT_GW seq=1 now=335198
89367.907 [0] DBG_C5_CONTACT phase=open state=1 peer=0x0f6d3a3bdac0f858 purpose=uplink reason=retransmit-uplink-wake
89367.907 [0] DBG_WAKE_TRAIN_GUARD_FAIL
89367.907 [0] DBG_C5_CONTACT phase=closing state=4 peer=0x0f6d3a3bdac0f858 purpose=uplink reason=wake-train-guard-fail
89367.907 [0] DBG_UPLINK_WAKE next=0xf6d3a3bdac0f858 ret=-16 seq=1 phase=retransmit
89367.907 [0] DBG_RETRANSMIT_DEFER reason=send-failed ret=0 send=-16 delay=412 seq=1 state=2
89367.907 [0] DBG_UWB_RX_COORD_DEFER state=mesh-tx reason=mesh-tx route=0 q=0
89367.932 [0] DBG_UWB_RX_COORD_DEFER state=mesh-tx reason=mesh-tx route=0 q=0
89367.985 [0] DBG_UWB_RX_COORD_DEFER state=mesh-tx reason=mesh-tx route=0 q=0
89368.042 [0] DBG_UWB_RX_COORD_DEFER state=mesh-tx reason=mesh-tx route=0 q=0
89368.093 [0] DBG_UWB_RX_COORD_DEFER state=mesh-tx reason=mesh-tx route=0 q=0
89368.142 [0] DBG_UWB_RX_COORD_DEFER state=mesh-tx reason=mesh-tx route=0 q=0
89368.197 [0] DBG_UWB_RX_COORD_DEFER state=mesh-tx reason=mesh-tx route=0 q=0
89368.249 [0] DBG_UWB_RX_COORD_DEFER state=mesh-tx reason=mesh-tx route=0 q=0
89368.305 [0] DBG_UWB_RX_COORD_DEFER state=mesh-tx reason=mesh-tx route=0 q=0
89368.305 [0] DBG_TX_TIMEOUT_ENTER relay=1 route=0 ch9pend=0 bundle=0 now=335610
89368.305 [0] DBG_RETRANSMIT_DIRECT_GW seq=1 now=335611
89368.305 [0] DBG_C5_CONTACT phase=open state=1 peer=0x0f6d3a3bdac0f858 purpose=uplink reason=retransmit-uplink-wake
89368.305 [0] DBG_WAKE_TRAIN_GUARD_FAIL
89368.305 [0] DBG_C5_CONTACT phase=closing state=4 peer=0x0f6d3a3bdac0f858 purpose=uplink reason=wake-train-guard-fail
89368.305 [0] DBG_UPLINK_WAKE next=0xf6d3a3bdac0f858 ret=-16 seq=1 phase=retransmit
89368.305 [0] DBG_RETRANSMIT_DEFER reason=send-failed ret=0 send=-16 delay=575 seq=1 state=2
89368.305 [0] DBG_UWB_RX_COORD_DEFER state=mesh-tx reason=mesh-tx route=0 q=0
89368.305 [0] DBG_DWM_INVALIDATE tag=configure_radio_from_reset active_phy=4 configured=1 awake=1
89368.310 [1] [00:05:34.819,030] <err> app_radio_guard: blocked UWB operation: mesh route WAKE_CLAIM train owner=mesh route reply RX client=2 age_ms=49
89368.310 [1] [00:05:34.819,091] <wrn> app_mesh_report: mesh route UWB WAKE_CLAIM guard failed: target=0x0f6d3a3bdac0f858 ret=-16
89368.310 [1] [00:05:34.860,412] <wrn> app_mesh_report: mesh route reply RX failed: target=0x9699122bd6
89368.340 [0] DBG_DWM_MARK_UNCONFIGURED tag=initialise_radio prev_phy=0
89368.340 [0] DBG_DWM_PHY_SWITCH from=4 to=2 fast=0 us=20904
89368.340 [0] DBG_DWM_CH5_RX_HUNT_START acq=61 complete=1000 cap=1020
89368.340 [0] DBG_DWM_CH5_RX_ACTIVITY_EXTEND ret=0 status=0x00000100 complete=1000
89368.340 [0] DBG_DWM_CH5_RX_ACTIVITY_WAIT status=0x00000100 remain=1000
89368.340 [0] DBG_DWM_CH5_RX_ACTIVITY_DONE raw=51 payload=49 status=0x00006f00 rearm=0 extended=1
89368.340 [0] DBG_DWM_INVALIDATE tag=configure_radio_from_reset active_phy=2 configured=1 awake=1
89368.345 [1] [00:05:34.920,867] <err> app_radio_guard: blocked UWB operation: mesh route WAKE_CLAIM train owner=mesh route reply RX client=2 age_ms=150
89368.345 [1] [00:05:34.920,898] <wrn> app_mesh_report: mesh route UWB WAKE_CLAIM guard failed: target=0x0f6d3a3bdac0f858 ret=-16
89368.345 [1] [00:05:35.198,608] <err> app_radio_guard: blocked UWB operation: mesh route WAKE_CLAIM tr
89368.375 [0] DBG_UWB_RX_COORD_DEFER state=mesh-tx reason=mesh-tx route=0 q=0
89368.375 [0] DBG_DWM_MARK_UNCONFIGURED tag=initialise_radio prev_phy=0
89368.375 [0] DBG_DWM_PHY_SWITCH from=2 to=4 fast=0 us=21088
89368.375 [0] DBG_DWM_WAKE_MESH_CTRL_OK sfd=1033
89368.375 [0] DBG_ROUTE_REPLY_CLICK_PROBE_DONE duration_ms=58 outcome=restore ret=0
89368.375 [0] DBG_DWM_INVALIDATE tag=configure_radio_from_reset active_phy=4 configured=1 awake=1
89368.375 [0] DBG_DWM_MARK_UNCONFIGURED tag=initialise_radio prev_phy=0
89368.410 [0] DBG_DWM_PHY_SWITCH from=4 to=2 fast=0 us=20843
89368.410 [0] DBG_DWM_CH5_RX_HUNT_START acq=61 complete=1000 cap=1020
89368.410 [0] DBG_DWM_CH5_RX_ACTIVITY_EXTEND ret=0 status=0x00000100 complete=1000
89368.410 [0] DBG_DWM_CH5_RX_ACTIVITY_WAIT status=0x00000100 remain=1000
89368.410 [0] DBG_DWM_CH5_RX_ACTIVITY_DONE raw=51 payload=49 status=0x00006f00 rearm=0 extended=1
89368.410 [0] DBG_DWM_INVALIDATE tag=configure_radio_from_reset active_phy=2 configured=1 awake=1
89368.410 [0] DBG_UWB_RX_COORD_DEFER state=mesh-tx reason=mesh-tx route=0 q=0
89368.410 [0] DBG_DWM_MARK_UNCONFIGURED tag=initialise_radio prev_phy=0
89368.410 [0] DBG_DWM_PHY_SWITCH from=2 to=4 fast=0 us=21210
89368.410 [0] DBG_DWM_WAKE_MESH_CTRL_OK sfd=1033
89368.410 [0] DBG_ROUTE_REPLY_CLICK_PROBE_DONE duration_ms=47 outcome=restore ret=0
89368.410 [0] DBG_DWM_INVALIDATE tag=configure_radio_from_reset active_phy=4 configured=1 awake=1
89368.442 [0] DBG_DWM_MARK_UNCONFIGURED tag=initialise_radio prev_phy=0
89368.442 [0] DBG_DWM_PHY_SWITCH from=4 to=2 fast=0 us=20843
89368.442 [0] DBG_DWM_CH5_RX_HUNT_START acq=61 complete=1000 cap=1020
89368.442 [0] DBG_DWM_CH5_RX_ACTIVITY_EXTEND ret=0 status=0x00000100 complete=1000
89368.442 [0] DBG_DWM_CH5_RX_ACTIVITY_WAIT status=0x00000100 remain=1000
89368.442 [0] DBG_DWM_CH5_RX_ACTIVITY_DONE raw=51 payload=49 status=0x00006f00 rearm=0 extended=1
89368.442 [0] DBG_DWM_INVALIDATE tag=configure_radio_from_reset active_phy=2 configured=1 awake=1
89368.475 [0] DBG_UWB_RX_COORD_DEFER state=mesh-tx reason=mesh-tx route=0 q=0
89368.475 [0] DBG_DWM_MARK_UNCONFIGURED tag=initialise_radio prev_phy=0
89368.475 [0] DBG_DWM_PHY_SWITCH from=2 to=4 fast=0 us=21179
89368.475 [0] DBG_DWM_WAKE_MESH_CTRL_OK sfd=1033
89368.475 [0] DBG_ROUTE_REPLY_CLICK_PROBE_DONE duration_ms=50 outcome=restore ret=0
89368.475 [0] DBG_DWM_INVALIDATE tag=configure_radio_from_reset active_phy=4 configured=1 awake=1
89368.510 [0] DBG_DWM_MARK_UNCONFIGURED tag=initialise_radio prev_phy=0
89368.510 [0] DBG_DWM_PHY_SWITCH from=4 to=2 fast=0 us=20935
89368.510 [0] DBG_DWM_CH5_RX_HUNT_START acq=61 complete=1000 cap=1020
89368.510 [0] DBG_DWM_CH5_RX_ACTIVITY_EXTEND ret=0 status=0x00000100 complete=1000
89368.510 [0] DBG_DWM_CH5_RX_ACTIVITY_WAIT status=0x00000100 remain=1000
89368.510 [0] DBG_DWM_CH5_RX_ACTIVITY_DONE raw=51 payload=49 status=0x00006f00 rearm=0 extended=1
89368.510 [0] DBG_DWM_INVALIDATE tag=configure_radio_from_reset active_phy=2 configured=1 awake=1
89368.510 [0] DBG_UWB_RX_COORD_DEFER state=mesh-tx reason=mesh-tx route=0 q=0
89368.510 [0] DBG_DWM_MARK_UNCONFIGURED tag=initialise_radio prev_phy=0
89368.510 [0] DBG_DWM_PHY_SWITCH from=2 to=4 fast=0 us=20965
89368.510 [0] DBG_DWM_WAKE_MESH_CTRL_OK sfd=1033
89368.510 [0] DBG_ROUTE_REPLY_CLICK_PROBE_DONE duration_ms=46 outcome=restore ret=0
89368.543 [0] DBG_DWM_INVALIDATE tag=configure_radio_from_reset active_phy=4 configured=1 awake=1
89368.543 [0] DBG_DWM_MARK_UNCONFIGURED tag=initialise_radio prev_phy=0
89368.543 [0] DBG_DWM_PHY_SWITCH from=4 to=2 fast=0 us=20905
89368.543 [0] DBG_DWM_CH5_RX_HUNT_START acq=61 complete=1000 cap=1020
89368.543 [0] DBG_DWM_CH5_RX_ACTIVITY_EXTEND ret=0 status=0x00000100 complete=1000
89368.543 [0] DBG_DWM_CH5_RX_ACTIVITY_WAIT status=0x00000100 remain=1000
89368.586 [0] DBG_UWB_RX_COORD_DEFER state=mesh-tx reason=mesh-tx route=0 q=0
89368.586 [0] DBG_DWM_CH5_RX_ACTIVITY_DONE raw=51 payload=49 status=0x00006f00 rearm=0 extended=1
89368.586 [0] DBG_DWM_INVALIDATE tag=configure_radio_from_reset active_phy=2 configured=1 awake=1
89368.586 [0] DBG_DWM_MARK_UNCONFIGURED tag=initialise_radio prev_phy=0
89368.586 [0] DBG_DWM_PHY_SWITCH from=2 to=4 fast=0 us=20874
89368.586 [0] DBG_DWM_WAKE_MESH_CTRL_OK sfd=1033
89368.586 [0] DBG_ROUTE_REPLY_CLICK_PROBE_DONE duration_ms=49 outcome=restore ret=0
89368.586 [0] DBG_DWM_INVALIDATE tag=configure_radio_from_reset active_phy=4 configured=1 awake=1
89368.632 [0] DBG_DWM_MARK_UNCONFIGURED tag=initialise_radio prev_phy=0
89368.632 [0] DBG_DWM_PHY_SWITCH from=4 to=2 fast=0 us=20843
89368.632 [0] DBG_DWM_CH5_RX_HUNT_START acq=61 complete=1000 cap=1020
89368.632 [0] DBG_DWM_CH5_RX_ACTIVITY_EXTEND ret=0 status=0x00000100 complete=1000
89368.632 [0] DBG_DWM_CH5_RX_ACTIVITY_WAIT status=0x00000100 remain=1000
89368.632 [0] DBG_DWM_CH5_RX_ACTIVITY_DONE raw=51 payload=49 status=0x00006f00 rearm=0 extended=1
89368.632 [0] DBG_DWM_INVALIDATE tag=configure_radio_from_reset active_phy=2 configured=1 awake=1
89368.632 [0] DBG_UWB_RX_COORD_DEFER state=mesh-tx reason=mesh-tx route=0 q=0
89368.632 [0] DBG_DWM_MARK_UNCONFIGURED tag=initialise_radio prev_phy=0
89368.632 [0] DBG_DWM_PHY_SWITCH from=2 to=4 fast=0 us=21088
89368.632 [0] DBG_DWM_WAKE_MESH_CTRL_OK sfd=1033
89368.632 [0] DBG_ROUTE_REPLY_CLICK_PROBE_DONE duration_ms=46 outcome=restore ret=0
89368.632 [0] DBG_DWM_INVALIDATE tag=configure_radio_from_reset active_phy=4 configured=1 awake=1
89368.674 [0] DBG_DWM_MARK_UNCONFIGURED tag=initialise_radio prev_phy=0
89368.674 [0] DBG_DWM_PHY_SWITCH from=4 to=2 fast=0 us=21088
89368.674 [0] DBG_DWM_CH5_RX_HUNT_START acq=61 complete=1000 cap=1020
89368.674 [0] DBG_DWM_CH5_RX_ACTIVITY_EXTEND ret=0 status=0x00000100 complete=1000
89368.674 [0] DBG_DWM_CH5_RX_ACTIVITY_WAIT status=0x00000100 remain=1000
89368.674 [0] DBG_DWM_CH5_RX_ACTIVITY_DONE raw=51 payload=49 status=0x00006f00 rearm=0 extended=1
89368.674 [0] DBG_DWM_INVALIDATE tag=configure_radio_from_reset active_phy=2 configured=1 awake=1
89368.674 [0] DBG_UWB_RX_COORD_DEFER state=mesh-tx reason=mesh-tx route=0 q=0
89368.674 [0] DBG_DWM_MARK_UNCONFIGURED tag=initialise_radio prev_phy=0
89368.674 [0] DBG_DWM_PHY_SWITCH from=2 to=4 fast=0 us=20935
89368.674 [0] DBG_DWM_WAKE_MESH_CTRL_OK sfd=1033
89368.674 [0] DBG_ROUTE_REPLY_CLICK_PROBE_DONE duration_ms=47 outcome=restore ret=0
89368.674 [0] DBG_DWM_INVALIDATE tag=configure_radio_from_reset active_phy=4 configured=1 awake=1
89368.719 [0] DBG_DWM_MARK_UNCONFIGURED tag=initialise_radio prev_phy=0
89368.719 [0] DBG_DWM_PHY_SWITCH from=4 to=2 fast=0 us=20996
89368.719 [0] DBG_DWM_CH5_RX_HUNT_START acq=61 complete=1000 cap=1020
89368.719 [0] DBG_DWM_CH5_RX_ACTIVITY_EXTEND ret=0 status=0x00000100 complete=1000
89368.719 [0] DBG_DWM_CH5_RX_ACTIVITY_WAIT status=0x00000100 remain=1000
89368.719 [0] DBG_DWM_CH5_RX_ACTIVITY_DONE raw=51 payload=49 status=0x00006f00 rearm=0 extended=1
89368.719 [0] DBG_DWM_INVALIDATE tag=configure_radio_from_reset active_phy=2 configured=1 awake=1
89368.719 [0] DBG_UWB_RX_COORD_DEFER state=mesh-tx reason=mesh-tx route=0 q=0
89368.719 [0] DBG_DWM_MARK_UNCONFIGURED tag=initialise_radio prev_phy=0
89368.719 [0] DBG_DWM_PHY_SWITCH from=2 to=4 fast=0 us=20935
89368.719 [0] DBG_DWM_WAKE_MESH_CTRL_OK sfd=1033
89368.719 [0] DBG_ROUTE_REPLY_CLICK_PROBE_DONE duration_ms=46 outcome=restore ret=0
89368.762 [0] DBG_DWM_INVALIDATE tag=configure_radio_from_reset active_phy=4 configured=1 awake=1
89368.762 [0] DBG_DWM_MARK_UNCONFIGURED tag=initialise_radio prev_phy=0
89368.762 [0] DBG_DWM_PHY_SWITCH from=4 to=2 fast=0 us=20874
89368.762 [0] DBG_DWM_CH5_RX_HUNT_START acq=61 complete=1000 cap=1020
89368.762 [0] DBG_DWM_CH5_RX_ACTIVITY_EXTEND ret=0 status=0x00000100 complete=1000
89368.762 [0] DBG_DWM_CH5_RX_ACTIVITY_WAIT status=0x00000100 remain=1000
89368.762 [0] DBG_DWM_CH5_RX_ACTIVITY_DONE raw=51 payload=49 status=0x00006f00 rearm=0 extended=1
89368.762 [0] DBG_DWM_INVALIDATE tag=configure_radio_from_reset active_phy=2 configured=1 awake=1
89368.762 [0] DBG_UWB_RX_COORD_DEFER state=mesh-tx reason=mesh-tx route=0 q=0
89368.804 [0] DBG_DWM_MARK_UNCONFIGURED tag=initialise_radio prev_phy=0
89368.804 [0] DBG_DWM_PHY_SWITCH from=2 to=4 fast=0 us=21210
89368.804 [0] DBG_DWM_WAKE_MESH_CTRL_OK sfd=1033
89368.804 [0] DBG_ROUTE_REPLY_CLICK_PROBE_DONE duration_ms=50 outcome=restore ret=0
89368.804 [0] DBG_ROUTE_REPLY_EMPTY status=04000100 phy=4 phr=1 starts=3256 done=1317 timeouts=1734 crc=79 errors=108 scope=34 spi=0
89368.804 [0] DBG_ROUTE_REPLY_LISTEN_DONE captured=0 ret=-5
89368.804 [0] DBG_ANCHOR_ROUTE_WAKE_HANDOFF_DONE src=0x9699122bd60a64e3 embedded=0 ret=-5 pending=0
89368.804 [0] DBG_ANCHOR_ROUTE_WAKE_DISPATCH_DONE handled=1 len=49 q=100
89368.804 [0] DBG_ANCHOR_CH5_SCAN_RESCHED ret=1 delay=380
89368.804 [0] DBG_UWB_RX_COORD_DEFER state=mesh-tx reason=mesh-tx route=0 q=0
89368.841 [0] DBG_UWB_RX_COORD_DEFER state=mesh-tx reason=mesh-tx route=0 q=0
89368.871 [0] DBG_TX_TIMEOUT_ENTER relay=1 route=0 ch9pend=0 bundle=0 now=336187
89368.871 [0] DBG_RETRANSMIT_DIRECT_GW seq=1 now=336189
89368.905 [0] DBG_C5_CONTACT phase=open state=1 peer=0x0f6d3a3bdac0f858 purpose=uplink reason=retransmit-uplink-wake
89368.905 [0] DBG_WAKE_TRAIN_GUARD_OK
89368.905 [0] DBG_DWM_INVALIDATE tag=configure_radio_from_reset active_phy=4 configured=1 awake=1
89368.905 [0] DBG_DWM_MARK_UNCONFIGURED tag=initialise_radio prev_phy=0
89368.905 [0] DBG_DWM_PHY_SWITCH from=4 to=2 fast=0 us=20874
89368.945 [0] DBG_MESH_WAKE_POLITE_ACTIVITY phase=pre target=0xf6d3a3bdac0f858 retry=0 ret=0 fail=3 reason=retransmit-uplink-wake
89368.945 [0] DBG_WAKE_TRAIN_TIMING evt=336189 start=0 first=0 last=0 end=336234 sent=0 ret=-11
89368.945 [0] DBG_C5_CONTACT phase=closing state=4 peer=0x0f6d3a3bdac0f858 purpose=uplink reason=wake-train-fail
89368.945 [0] DBG_MESH_WAKE_POLITE_BACKOFF phase=pre target=0xf6d3a3bdac0f858 retry=1/3 delay=346 reason=retransmit-uplink-wake
89369.172 [0] DBG_ANCHOR_CH5_SCAN_HANDLER role=2
89369.172 [0] DBG_ANCHOR_CH5_SCAN_ARM now=336467 win=10 complete=15 interval=380 wait=0 tx=1 response=0
89369.172 [0] DBG_DWM_CH5_RX_HUNT_START acq=10 complete=1000 cap=1020
89369.172 [0] DBG_DWM_CH5_RX_HUNT_EMPTY s=336476 e=336486 ret=-116 sys=00000000 phy=2 cfg=1 aw=1 unk=0
89369.172 [0] DBG_ANCHOR_CH5_SCAN_DONE ret=-116 len=0 fail=1 pre=0 q=0 rx_us=11108 complete=1000
89369.172 [0] DBG_ANCHOR_CH5_SCAN_RESCHED ret=1 delay=380
89369.230 [0] DBG_STACK_RUN_BEGIN epoch=16284486061926904368 run=230 kind=anchor_scan owner=anchor_uwb_scan queue=0 custody=0 credit=0 retry=0 drain=0 src=16876665336513972910 dst=11068027678940948070 session=0 seq=0 type=48 sequence=0 previous=0 uptime=336520
89369.230 [0] DBG_STACK_SAMPLE_BEGIN epoch=16284486061926904368 run=230 sample=229 kind=anchor_scan owner=anchor_uwb_scan queue=0 custody=0 credit=0 retry=0 drain=0 src=16876665336513972910 dst=11068027678940948070 session=0 seq=0 type=48 uptime=336520
89369.230 [0] DBG_STACK_ISR_CONFIG size=8192 run=230 sample=229
89369.230 [0] DBG_STACK name=anchor_uwb_scan tid=0x2000ca08 used=7952 free=2032 size=9984 ret=0 run=230 sample=229
89369.230 [0] DBG_STACK name=mesh_route tid=0x2000b038 used=6976 free=2496 size=9472 ret=0 run=230 sample=229
89369.230 [0] DBG_STACK name=sysworkq tid=0x2000d980 used=772 free=4604 size=5376 ret=0 run=230 sample=229
89369.230 [0] DBG_STACK name=logging tid=0x2000cec0 used=544 free=1504 size=2048 ret=0 run=230 sample=229
89369.230 [0] DBG_STACK name=idle tid=0x2000d750 used=64 free=256 size=320 ret=0 run=230 sample=229
89369.261 [0] DBG_STACK_SAMPLE_END run=230 sample=229
89369.261 [0] DBG_STACK_RUN_END epoch=16284486061926904368 run=230 kind=anchor_scan owner=anchor_uwb_scan outcome=ack queue=0 custody=0 credit=0 retry=0 drain=0 src=16876665336513972910 dst=11068027678940948070 session=0 seq=0 type=48 samples=1 attempts=1 errors=0 last_error=0 mutex_drops=355 short_drops=2645 sequence=0 previous=0 uptime=336553
89369.290 [0] DBG_C5_CONTACT phase=open state=1 peer=0x0f6d3a3bdac0f858 purpose=uplink reason=retransmit-uplink-wake
89369.290 [0] DBG_WAKE_TRAIN_GUARD_OK
89369.321 [0] DBG_WAKE_TRAIN_CONFIG_BEGIN
89369.321 [0] DBG_WAKE_TRAIN_CONFIG_OK
89369.321 [0] DBG_WAKE_TRAIN_FIRST_SEND_BEGIN
89369.321 [0] DBG_WAKE_TRAIN_FIRST_SEND_OK
89369.321 [0] DBG_UWB_TX_CH5
89369.321 [0] DBG_TX_WAKE_CLAIM_SENT
89369.321 [0] DBG_UWB_TX_CH5
89369.321 [0] DBG_TX_WAKE_CLAIM_SENT
89369.321 [0] DBG_UWB_TX_CH5
89369.321 [0] DBG_TX_WAKE_CLAIM_SENT
89369.356 [0] DBG_UWB_TX_CH5
89369.356 [0] DBG_TX_WAKE_CLAIM_SENT
89369.356 [0] DBG_DWM_CH5_RX_HUNT_START acq=10 complete=1000 cap=124
89369.356 [0] DBG_DWM_CH5_RX_HUNT_EMPTY s=336645 e=336655 ret=-116 sys=00000000 phy=2 cfg=1 aw=1 unk=0
89369.356 [0] DBG_UWB_TX_CH5
89369.356 [0] DBG_TX_WAKE_CLAIM_SENT
89369.356 [0] DBG_UWB_TX_CH5
89369.356 [0] DBG_TX_WAKE_CLAIM_SENT
89369.356 [0] DBG_DWM_CH5_RX_HUNT_START acq=10 complete=1000 cap=124
89369.389 [0] DBG_DWM_CH5_RX_HUNT_EMPTY s=336669 e=336679 ret=-116 sys=00000000 phy=2 cfg=1 aw=1 unk=0
89369.389 [0] DBG_UWB_TX_CH5
89369.389 [0] DBG_TX_WAKE_CLAIM_SENT
89369.389 [0] DBG_UWB_TX_CH5
89369.389 [0] DBG_TX_WAKE_CLAIM_SENT
89369.389 [0] DBG_DWM_CH5_RX_HUNT_START acq=10 complete=1000 cap=124
89369.389 [0] DBG_DWM_CH5_RX_HUNT_EMPTY s=336693 e=336703 ret=-116 sys=00000000 phy=2 cfg=1 aw=1 unk=0
89369.421 [0] DBG_UWB_TX_CH5
89369.421 [0] DBG_TX_WAKE_CLAIM_SENT
89369.421 [0] DBG_UWB_TX_CH5
89369.421 [0] DBG_TX_WAKE_CLAIM_SENT
89369.421 [0] DBG_DWM_CH5_RX_HUNT_START acq=10 complete=1000 cap=124
89369.421 [0] DBG_DWM_CH5_RX_HUNT_EMPTY s=336717 e=336727 ret=-116 sys=00000000 phy=2 cfg=1 aw=1 unk=0
89369.421 [0] DBG_UWB_TX_CH5
89369.421 [0] DBG_TX_WAKE_CLAIM_SENT
89369.426 [1] [00:05:35.720,184] <wrn> app_mesh_report: mesh route reply RX failed: target=0x9699122bd60a64e3 ret=-5 rx_failure=4 reason=anchor-route-wake-followup
89369.426 [1] [00:05:35.774,627] <wrn> app_mesh_report: mesh route reply RX failed: target=0x9699122bd60a64e3 ret=-5 rx_failure=2 reason=anchor-route-wake-followup
89369.426 [1] [00:05:35.822,784] <wrn> app_mesh_report:
89369.460 [0] DBG_UWB_TX_CH5
89369.460 [0] DBG_TX_WAKE_CLAIM_SENT
89369.460 [0] DBG_DWM_CH5_RX_HUNT_START acq=10 complete=1000 cap=124
89369.460 [0] DBG_DWM_CH5_RX_HUNT_EMPTY s=336741 e=336751 ret=-116 sys=00000000 phy=2 cfg=1 aw=1 unk=0
89369.460 [0] DBG_UWB_TX_CH5
89369.460 [0] DBG_TX_WAKE_CLAIM_SENT
89369.460 [0] DBG_UWB_TX_CH5
89369.460 [0] DBG_TX_WAKE_CLAIM_SENT
89369.460 [0] DBG_DWM_CH5_RX_HUNT_START acq=10 complete=1000 cap=124
89369.460 [0] DBG_DWM_CH5_RX_HUNT_EMPTY s=336765 e=336775 ret=-116 sys=00000000 phy=2 cfg=1 aw=1 unk=0
89369.464 [1] _failure=2 reason=anchor-route-wake-followup
89369.464 [1] [00:05:35.935,05
89369.503 [0] DBG_UWB_TX_CH5
89369.503 [0] DBG_TX_WAKE_CLAIM_SENT
89369.503 [0] DBG_UWB_TX_CH5
89369.503 [0] DBG_TX_WAKE_CLAIM_SENT
89369.503 [0] DBG_DWM_CH5_RX_HUNT_START acq=10 complete=1000 cap=124
89369.503 [0] DBG_DWM_CH5_RX_HUNT_EMPTY s=336789 e=336799 ret=-116 sys=00000000 phy=2 cfg=1 aw=1 unk=0
89369.503 [0] DBG_UWB_TX_CH5
89369.503 [0] DBG_TX_WAKE_CLAIM_SENT
89369.503 [0] DBG_UWB_TX_CH5
89369.503 [0] DBG_TX_WAKE_CLAIM_SENT
89369.503 [0] DBG_DWM_CH5_RX_HUNT_START acq=10 complete=1000 cap=124
89369.509 [1] 8] <wrn> app_mesh_report: mesh route reply RX failed: target=0x9699122bd60a64e3 ret=-5 rx_failure=4 reason=anchor-route-wake-followup
89369.509 [1] [00:05:35.983,215] <wrn> app_mesh_report: mesh route reply RX failed: target=0x9699122bd60a64e3 ret=-5 rx_failure=4 reason=anchor-route-wake-followup
89369.509 [1] ake-followup
89369.509 [1] [00:05:36.085,998] <wrn> app_mesh_report:
89369.541 [0] DBG_DWM_CH5_RX_HUNT_EMPTY s=336813 e=336823 ret=-116 sys=00000000 phy=2 cfg=1 aw=1 unk=0
89369.541 [0] DBG_UWB_TX_CH5
89369.541 [0] DBG_TX_WAKE_CLAIM_SENT
89369.541 [0] DBG_UWB_TX_CH5
89369.541 [0] DBG_TX_WAKE_CLAIM_SENT
89369.541 [0] DBG_DWM_CH5_RX_HUNT_START acq=10 complete=1000 cap=124
89369.541 [0] DBG_DWM_CH5_RX_HUNT_EMPTY s=336837 e=336847 ret=-116 sys=00000000 phy=2 cfg=1 aw=1 unk=0
89369.541 [0] DBG_UWB_TX_CH5
89369.541 [0] DBG_TX_WAKE_CLAIM_SENT
89369.575 [0] DBG_UWB_TX_CH5
89369.575 [0] DBG_TX_WAKE_CLAIM_SENT
89369.575 [0] DBG_DWM_CH5_RX_HUNT_START acq=10 complete=1000 cap=124
89369.575 [0] DBG_ANCHOR_CH5_SCAN_HANDLER role=2
89369.575 [0] DBG_DWM_CH5_RX_HUNT_EMPTY s=336861 e=336871 ret=-116 sys=00000000 phy=2 cfg=1 aw=1 unk=0
89369.575 [0] DBG_ANCHOR_CH5_SCAN_BLOCKED win=0 tx=1 retry_gap=0 flood=0 wait=0 rx=0 rxq=0 rxr=0 ack=0 ch9=0 rf=1 retry=20 interval=380
89369.575 [0] DBG_SCAN_SKIPPED reason=blocked
89369.575 [0] DBG_ANCHOR_CH5_SCAN_RESCHED ret=1 delay=20
89369.575 [0] DBG_UWB_TX_CH5
89369.575 [0] DBG_TX_WAKE_CLAIM_SENT
89369.575 [0] DBG_UWB_TX_CH5
89369.575 [0] DBG_TX_WAKE_CLAIM_SENT
89369.575 [0] DBG_DWM_CH5_RX_HUNT_START acq=10 complete=1000 cap=124
89369.611 [0] DBG_ANCHOR_CH5_SCAN_HANDLER role=2
89369.611 [0] DBG_DWM_CH5_RX_HUNT_EMPTY s=336884 e=336895 ret=-116 sys=00000000 phy=2 cfg=1 aw=1 unk=0
89369.611 [0] DBG_ANCHOR_CH5_SCAN_BLOCKED win=0 tx=1 retry_gap=0 flood=0 wait=0 rx=0 rxq=0 rxr=0 ack=0 ch9=0 rf=1 retry=20 interval=380
89369.611 [0] DBG_SCAN_SKIPPED reason=blocked
89369.611 [0] DBG_ANCHOR_CH5_SCAN_RESCHED ret=1 delay=20
89369.611 [0] DBG_UWB_TX_CH5
89369.611 [0] DBG_TX_WAKE_CLAIM_SENT
89369.611 [0] DBG_UWB_TX_CH5
89369.611 [0] DBG_TX_WAKE_CLAIM_SENT
89369.611 [0] DBG_DWM_CH5_RX_HUNT_START acq=10 complete=1000 cap=124
89369.611 [0] DBG_ANCHOR_CH5_SCAN_HANDLER role=2
89369.611 [0] DBG_DWM_CH5_RX_HUNT_EMPTY s=336909 e=336919 ret=-116 sys=00000000 phy=2 cfg=1 aw=1 unk=0
89369.611 [0] DBG_ANCHOR_CH5_SCAN_BLOCKED win=0 tx=1 retry_gap=0 flood=0 wait=0 rx=0 rxq=0 rxr=0 ack=0 ch9=0 rf=1 retry=20 interval=380
89369.611 [0] DBG_SCAN_SKIPPED reason=blocked
89369.611 [0] DBG_ANCHOR_CH5_SCAN_RESCHED ret=1 delay=20
89369.646 [0] DBG_UWB_TX_CH5
89369.646 [0] DBG_TX_WAKE_CLAIM_SENT
89369.646 [0] DBG_UWB_TX_CH5
89369.646 [0] DBG_TX_WAKE_CLAIM_SENT
89369.646 [0] DBG_DWM_CH5_RX_HUNT_START acq=10 complete=1000 cap=124
89369.646 [0] DBG_ANCHOR_CH5_SCAN_HANDLER role=2
89369.646 [0] DBG_DWM_CH5_RX_HUNT_EMPTY s=336933 e=336943 ret=-116 sys=00000000 phy=2 cfg=1 aw=1 unk=0
89369.646 [0] DBG_ANCHOR_CH5_SCAN_BLOCKED win=0 tx=1 retry_gap=0 flood=0 wait=0 rx=0 rxq=0 rxr=0 ack=0 ch9=0 rf=1 retry=20 interval=380
89369.646 [0] DBG_SCAN_SKIPPED reason=blocked
89369.646 [0] DBG_ANCHOR_CH5_SCAN_RESCHED ret=1 delay=20
89369.646 [0] DBG_UWB_TX_CH5
89369.646 [0] DBG_TX_WAKE_CLAIM_SENT
89369.646 [0] DBG_UWB_TX_CH5
89369.646 [0] DBG_TX_WAKE_CLAIM_SENT
89369.646 [0] DBG_DWM_CH5_RX_HUNT_START acq=10 complete=1000 cap=124
89369.689 [0] DBG_ANCHOR_CH5_SCAN_HANDLER role=2
89369.689 [0] DBG_DWM_CH5_RX_HUNT_EMPTY s=336956 e=336966 ret=-116 sys=00000000 phy=2 cfg=1 aw=1 unk=0
89369.689 [0] DBG_ANCHOR_CH5_SCAN_BLOCKED win=0 tx=1 retry_gap=0 flood=0 wait=0 rx=0 rxq=0 rxr=0 ack=0 ch9=0 rf=1 retry=20 interval=380
89369.689 [0] DBG_SCAN_SKIPPED reason=blocked
89369.689 [0] DBG_ANCHOR_CH5_SCAN_RESCHED ret=1 delay=20
89369.689 [0] DBG_UWB_TX_CH5
89369.689 [0] DBG_TX_WAKE_CLAIM_SENT
89369.689 [0] DBG_UWB_TX_CH5
89369.689 [0] DBG_TX_WAKE_CLAIM_SENT
89369.689 [0] DBG_DWM_CH5_RX_HUNT_START acq=10 complete=1000 cap=124
89369.689 [0] DBG_ANCHOR_CH5_SCAN_HANDLER role=2
89369.689 [0] DBG_DWM_CH5_RX_HUNT_EMPTY s=336979 e=336990 ret=-116 sys=00000000 phy=2 cfg=1 aw=1 unk=0
89369.689 [0] DBG_ANCHOR_CH5_SCAN_BLOCKED win=0 tx=1 retry_gap=0 flood=0 wait=0 rx=0 rxq=0 rxr=0 ack=0 ch9=0 rf=1 retry=20 interval=380
89369.689 [0] DBG_SCAN_SKIPPED reason=blocked
89369.689 [0] DBG_ANCHOR_CH5_SCAN_RESCHED ret=1 delay=20
89369.689 [0] DBG_UWB_TX_CH5
89369.689 [0] DBG_TX_WAKE_CLAIM_SENT
89369.735 [0] DBG_UWB_TX_CH5
89369.735 [0] DBG_TX_WAKE_CLAIM_SENT
89369.735 [0] DBG_DWM_CH5_RX_HUNT_START acq=10 complete=1000 cap=124
89369.735 [0] DBG_ANCHOR_CH5_SCAN_HANDLER role=2
89369.735 [0] DBG_DWM_CH5_RX_HUNT_EMPTY s=337004 e=337014 ret=-116 sys=00000000 phy=2 cfg=1 aw=1 unk=0
89369.735 [0] DBG_ANCHOR_CH5_SCAN_BLOCKED win=0 tx=1 retry_gap=0 flood=0 wait=0 rx=0 rxq=0 rxr=0 ack=0 ch9=0 rf=1 retry=20 interval=380
89369.735 [0] DBG_SCAN_SKIPPED reason=blocked
89369.735 [0] DBG_ANCHOR_CH5_SCAN_RESCHED ret=1 delay=20
89369.735 [0] DBG_UWB_TX_CH5
89369.735 [0] DBG_TX_WAKE_CLAIM_SENT
89369.735 [0] DBG_UWB_TX_CH5
89369.735 [0] DBG_TX_WAKE_CLAIM_SENT
89369.735 [0] DBG_DWM_CH5_RX_HUNT_START acq=10 complete=1000 cap=124
89369.735 [0] DBG_ANCHOR_CH5_SCAN_HANDLER role=2
89369.735 [0] DBG_DWM_CH5_RX_HUNT_EMPTY s=337028 e=337038 ret=-116 sys=00000000 phy=2 cfg=1 aw=1 unk=0
89369.735 [0] DBG_ANCHOR_CH5_SCAN_BLOCKED win=0 tx=1 retry_gap=0 flood=0 wait=0 rx=0 rxq=0 rxr=0 ack=0 ch9=0 rf=1 retry=20 interval=380
89369.735 [0] DBG_SCAN_SKIPPED reason=blocked
89369.735 [0] DBG_ANCHOR_CH5_SCAN_RESCHED ret=1 delay=20
89369.735 [0] DBG_UWB_TX_CH5
89369.735 [0] DBG_TX_WAKE_CLAIM_SENT
89369.787 [0] DBG_UWB_TX_CH5
89369.787 [0] DBG_TX_WAKE_CLAIM_SENT
89369.787 [0] DBG_DWM_CH5_RX_HUNT_START acq=10 complete=1000 cap=124
89369.787 [0] DBG_ANCHOR_CH5_SCAN_HANDLER role=2
89369.787 [0] DBG_DWM_CH5_RX_HUNT_EMPTY s=337052 e=337062 ret=-116 sys=00000000 phy=2 cfg=1 aw=1 unk=0
89369.787 [0] DBG_ANCHOR_CH5_SCAN_BLOCKED win=0 tx=1 retry_gap=0 flood=0 wait=0 rx=0 rxq=0 rxr=0 ack=0 ch9=0 rf=1 retry=20 interval=380
89369.787 [0] DBG_SCAN_SKIPPED reason=blocked
89369.787 [0] DBG_ANCHOR_CH5_SCAN_RESCHED ret=1 delay=20
89369.787 [0] DBG_UWB_TX_CH5
89369.787 [0] DBG_TX_WAKE_CLAIM_SENT
89369.787 [0] DBG_UWB_TX_CH5
89369.787 [0] DBG_TX_WAKE_CLAIM_SENT
89369.787 [0] DBG_DWM_CH5_RX_HUNT_START acq=10 complete=1000 cap=124
89369.787 [0] DBG_ANCHOR_CH5_SCAN_HANDLER role=2
89369.787 [0] DBG_DWM_CH5_RX_HUNT_EMPTY s=337076 e=337086 ret=-116 sys=00000000 phy=2 cfg=1 aw=1 unk=0
89369.787 [0] DBG_ANCHOR_CH5_SCAN_BLOCKED win=0 tx=1 retry_gap=0 flood=0 wait=0 rx=0 rxq=0 rxr=0 ack=0 ch9=0 rf=1 retry=20 interval=380
89369.787 [0] DBG_SCAN_SKIPPED reason=blocked
89369.787 [0] DBG_ANCHOR_CH5_SCAN_RESCHED ret=1 delay=20
89369.787 [0] DBG_UWB_TX_CH5
89369.787 [0] DBG_TX_WAKE_CLAIM_SENT
89369.787 [0] DBG_UWB_TX_CH5
89369.787 [0] DBG_TX_WAKE_CLAIM_SENT
89369.830 [0] DBG_DWM_CH5_RX_HUNT_START acq=10 complete=1000 cap=124
89369.830 [0] DBG_DWM_CH5_RX_HUNT_EMPTY s=337100 e=337110 ret=-116 sys=00000000 phy=2 cfg=1 aw=1 unk=0
89369.830 [0] DBG_ANCHOR_CH5_SCAN_BLOCKED win=0 tx=1 retry_gap=0 flood=0 wait=0 rx=0 rxq=0 rxr=0 ack=0 ch9=0 rf=1 retry=20 interval=380
89369.830 [0] DBG_SCAN_SKIPPED reason=blocked
89369.830 [0] DBG_ANCHOR_CH5_SCAN_RESCHED ret=1 delay=20
89369.830 [0] DBG_UWB_TX_CH5
89369.830 [0] DBG_TX_WAKE_CLAIM_SENT
89369.830 [0] DBG_UWB_TX_CH5
89369.830 [0] DBG_TX_WAKE_CLAIM_SENT
89369.830 [0] DBG_DWM_CH5_RX_HUNT_START acq=10 complete=1000 cap=124
89369.830 [0] DBG_ANCHOR_CH5_SCAN_HANDLER role=2
89369.830 [0] DBG_DWM_CH5_RX_HUNT_EMPTY s=337124 e=337134 ret=-116 sys=00000000 phy=2 cfg=1 aw=1 unk=0
89369.830 [0] DBG_ANCHOR_CH5_SCAN_BLOCKED win=0 tx=1 retry_gap=0 flood=0 wait=0 rx=0 rxq=0 rxr=0 ack=0 ch9=0 rf=1 retry=20 interval=380
89369.830 [0] DBG_SCAN_SKIPPED reason=blocked
89369.830 [0] DBG_ANCHOR_CH5_SCAN_RESCHED ret=1 delay=20
89369.865 [0] DBG_WAKE_TRAIN_TIMING evt=336189 start=336618 first=336624 last=337123 end=337156 sent=44 ret=0
89369.865 [0] DBG_C5_CONTACT phase=accepted state=2 peer=0x0f6d3a3bdac0f858 purpose=uplink reason=retransmit-uplink-wake
89369.865 [0] DBG_UPLINK_WAKE next=0xf6d3a3bdac0f858 ret=0 seq=1 phase=retransmit
89369.865 [0] DBG_C5_CONTROL_FOLLOWUP_TURNAROUND delay=60 msg=20 reason=retransmit-uplink-wake
89369.865 [0] DBG_ANCHOR_CH5_SCAN_HANDLER role=2
89369.865 [0] DBG_DWM_CH5_RX_HUNT_START acq=10 complete=1000 cap=1020
89369.865 [0] DBG_DWM_CH5_RX_HUNT_EMPTY s=337167 e=337177 ret=-116 sys=00000000 phy=2 cfg=1 aw=1 unk=0
89369.865 [0] DBG_ANCHOR_CH5_SCAN_RESCHED ret=1 delay=380
89369.930 [0] DBG_DWM_INVALIDATE tag=configure_radio_from_reset active_phy=2 configured=1 awake=1
89369.930 [0] DBG_DWM_MARK_UNCONFIGURED tag=initialise_radio prev_phy=0
89369.930 [0] DBG_DWM_PHY_SWITCH from=2 to=4 fast=0 us=20965
89369.930 [0] DBG_DWM_WAKE_MESH_CTRL_OK sfd=1033
89369.930 [0] DBG_DIRECT_GW_TX_CONFIG ret=0 now=337241 seq=1
89369.930 [0] DBG_CH9_TX_SEND_AT now=337243 earliest=336187 msg=20 len=281
89369.974 [0] DBG_CH9_TX_DONE now=337249 dur=6 len=281 msg=20
89369.974 [0] DBG_UWB_TX_CH5
89369.974 [0] DBG_CLICK_TX_DONE now=337249 seq=1
89369.974 [0] DBG_CH9_TX_SINGLE_SEND_OK
89369.974 [0] DBG_CH9_EVENT_STATE state=complete peer=0x0f6d3a3bdac0f858 start=336189 end=336249 reason=retransmit-direct-gateway
89369.974 [0] DBG_DIRECT_GW_TX_ACK_TRANSIT_WAIT dst=0x9999888877776666 src=0xea35f5b508104aae seq=1
89369.974 [0] DBG_CLICK_ACK_RX_ARM now=337250 slice=60 seq=1
89369.974 [0] DBG_UWB_RX_CH9
89369.974 [0] DBG_MESH_RX_QUEUED ch=9 msg=0x31 src=0xf6d3a3bdac0f858 dst=0xea35f5b508104aae prev=0xf6d3a3bdac0f858 seq=24 q=1
89369.974 [0] DBG_DIRECT_GW_ACK_TRANSIT queued=1 valid=1 dst=0xea35f5b508104aae seq=24
89369.974 [0] DBG_DIRECT_GW_TX_ACK_WAIT ret=0 seq=1
89369.974 [0] DBG_CLICK_ACK_RX now=337279 dms=30 seq=1
89369.974 [0] DBG_COORD state=mesh-rx owner=report-tx reason=mesh-rx rx=1 tx=0 relay=1 route=0 ack=0 qack=0
89369.974 [0] DBG_MESH_RX_WORK_WAIT q=1
89369.974 [0] DBG_MESH_RX_WORK_ENTER q=1
89369.974 [0] DBG_MESH_RX_DRAIN_ENTER owner=work q=1
89369.974 [0] DBG_NEXT_HOP_CUSTODY type=0x20 src=0xea35f5b508104aae session=2041854227 seq=1 parent=0xf6d3a3bdac0f858 accepted=337279 now=33
89369.974 [0] DBG_MESH_RX_DRAIN_EXIT owner=work handled=1 q=0
89370.017 [0] DBG_STACK_RUN_END epoch=16284486061926904368 run=229 kind=cir_handling owner=anchor_uwb_scan outcome=ack queue=0 custody=0 credit=0 retry=0 drain=0 src=16876665336513972910 dst=11068027678940948070 session=2041854227 seq=1 type=32 samples=0 attempts=0 errors=0 last_error=0 mutex_drops=355 short_drops=2649 sequence=0 previous=0 uptime=337300
89370.017 [0] DBG_STACK_RUN_BEGIN epoch=16284486061926904368 run=231 kind=anchor_scan owner=anchor_uwb_scan queue=0 custody=0 credit=0 retry=0 drain=0 src=16876665336513972910 dst=11068027678940948070 session=0 seq=0 type=48 sequence=0 previous=0 uptime=337302
89370.017 [0] DBG_STACK_SAMPLE_BEGIN epoch=16284486061926904368 run=231 sample=230 kind=anchor_scan owner=anchor_uwb_scan queue=0 custody=0 credit=0 retry=0 drain=0 src=16876665336513972910 dst=11068027678940948070 session=0 seq=0 type=48 uptime=337302
89370.017 [0] DBG_STACK_ISR_CONFIG size=8192 run=231 sample=230
89370.017 [0] DBG_STACK name=anchor_uwb_scan tid=0x2000ca08 used=7952 free=2032 size=9984 ret=0 run=231 sample=230
89370.053 [0] DBG_STACK name=mesh_route tid=0x2000b038 used=6976 free=2496 size=9472 ret=0 run=231 sample=230
89370.053 [0] DBG_STACK name=sysworkq tid=0x2000d980 used=772 free=4604 size=5376 ret=0 run=231 sample=230
89370.053 [0] DBG_STACK name=logging tid=0x2000cec0 used=544 free=1504 size=2048 ret=0 run=231 sample=230
89370.053 [0] DBG_STACK name=idle tid=0x2000d750 used=64 free=256 size=320 ret=0 run=231 sample=230
89370.053 [0] DBG_STACK_SAMPLE_END run=231 sample=230
89370.053 [0] DBG_STACK_RUN_END epoch=16284486061926904368 run=231 kind=anchor_scan owner=anchor_uwb_scan outcome=ack queue=0 custody=0 credit=0 retry=0 drain=0 src=16876665336513972910 dst=11068027678940948070 session=0 seq=0 type=48 samples=1 attempts=1 errors=0 last_error=0 mutex_drops=355 short_drops=2649 sequence=0 previous=0 uptime=337341
89370.053 [0] DBG_STACK_RUN_BEGIN epoch=16284486061926904368 run=232 kind=anchor_scan owner=anchor_uwb_scan queue=0 custody=0 credit=0 retry=0 drain=0 src=16876665336513972910 dst=11068027678940948070 session=0 seq=0 type=48 sequence=0 previous=0 uptime=337342
89370.083 [0] DBG_STACK_SAMPLE_BEGIN epoch=16284486061926904368 run=232 sample=231 kind=anchor_scan owner=anchor_uwb_scan queue=0 custody=0 credit=0 retry=0 drain=0 src=16876665336513972910 dst=11068027678940948070 session=0 seq=0 type=48 uptime=337343
89370.083 [0] DBG_STACK_ISR_CONFIG size=8192 run=232 sample=231
89370.083 [0] DBG_STACK name=anchor_uwb_scan tid=0x2000ca08 used=7952 free=2032 size=9984 ret=0 run=232 sample=231
89370.083 [0] DBG_STACK name=mesh_route tid=0x2000b038 used=6976 free=2496 size=9472 ret=0 run=232 sample=231
89370.083 [0] DBG_STACK name=sysworkq tid=0x2000d980 used=772 free=4604 size=5376 ret=0 run=232 sample=231
89370.083 [0] DBG_STACK name=logging tid=0x2000cec0 used=544 free=1504 size=2048 ret=0 run=232 sample=231
89370.083 [0] DBG_STACK name=idle tid=0x2000d750 used=64 free=256 size=320 ret=0 run=232 sample=231
89370.083 [0] DBG_STACK_SAMPLE_END run=232 sample=231
89370.114 [0] DBG_STACK_RUN_END epoch=16284486061926904368 run=232 kind=anchor_scan owner=anchor_uwb_scan outcome=ack queue=0 custody=0 credit=0 retry=0 drain=0 src=16876665336513972910 dst=11068027678940948070 session=0 seq=0 type=48 samples=1 attempts=1 errors=0 last_error=0 mutex_drops=355 short_drops=2649 sequence=0 previous=0 uptime=337379
89370.114 [0] DBG_STACK_RUN_BEGIN epoch=16284486061926904368 run=233 kind=anchor_scan owner=anchor_uwb_scan queue=0 custody=0 credit=0 retry=0 drain=0 src=16876665336513972910 dst=11068027678940948070 session=0 seq=0 type=48 sequence=0 previous=0 uptime=337406
89370.114 [0] DBG_STACK_SAMPLE_BEGIN epoch=16284486061926904368 run=233 sample=232 kind=anchor_scan owner=anchor_uwb_scan queue=0 custody=0 credit=0 retry=0 drain=0 src=16876665336513972910 dst=11068027678940948070 session=0 seq=0 type=48 uptime=337407
89370.114 [0] DBG_STACK_ISR_CONFIG size=8192 run=233 sample=232
89370.114 [0] DBG_STACK name=anchor_uwb_scan tid=0x2000ca08 used=7952 free=2032 size=9984 ret=0 run=233 sample=232
89370.146 [0] DBG_STACK name=mesh_route tid=0x2000b038 used=6976 free=2496 size=9472 ret=0 run=233 sample=232
89370.146 [0] DBG_STACK name=sysworkq tid=0x2000d980 used=772 free=4604 size=5376 ret=0 run=233 sample=232
89370.146 [0] DBG_STACK name=logging tid=0x2000cec0 used=544 free=1504 size=2048 ret=0 run=233 sample=232
89370.146 [0] DBG_STACK name=idle tid=0x2000d750 used=64 free=256 size=320 ret=0 run=233 sample=232
89370.146 [0] DBG_STACK_SAMPLE_END run=233 sample=232
89370.146 [0] DBG_STACK_RUN_END epoch=16284486061926904368 run=233 kind=anchor_scan owner=anchor_uwb_scan outcome=ack queue=0 custody=0 credit=0 retry=0 drain=0 src=16876665336513972910 dst=11068027678940948070 session=0 seq=0 type=48 samples=1 attempts=1 errors=0 last_error=0 mutex_drops=355 short_drops=2649 sequence=0 previous=0 uptime=337438
89370.146 [0] DBG_STACK_RUN_BEGIN epoch=16284486061926904368 run=234 kind=anchor_scan owner=anchor_uwb_scan queue=0 custody=0 credit=0 retry=0 drain=0 src=16876665336513972910 dst=11068027678940948070 session=0 seq=0 type=48 sequence=0 previous=0 uptime=337440
89370.177 [0] DBG_STACK_SAMPLE_BEGIN epoch=16284486061926904368 run=234 sample=233 kind=anchor_scan owner=anchor_uwb_scan queue=0 custody=0 credit=0 retry=0 drain=0 src=16876665336513972910 dst=11068027678940948070 session=0 seq=0 type=48 uptime=337440
89370.177 [0] DBG_STACK_ISR_CONFIG size=8192 run=234 sample=233
89370.177 [0] DBG_STACK name=anchor_uwb_scan tid=0x2000ca08 used=7952 free=2032 size=9984 ret=0 run=234 sample=233
89370.177 [0] DBG_STACK name=mesh_route tid=0x2000b038 used=6976 free=2496 size=9472 ret=0 run=234 sample=233
89370.177 [0] DBG_STACK name=sysworkq tid=0x2000d980 used=772 free=4604 size=5376 ret=0 run=234 sample=233
89370.177 [0] DBG_STACK name=logging tid=0x2000cec0 used=544 free=1504 size=2048 ret=0 run=234 sample=233
89370.177 [0] DBG_STACK name=idle tid=0x2000d750 used=64 free=256 size=320 ret=0 run=234 sample=233
89370.177 [0] DBG_STACK_SAMPLE_END run=234 sample=233
89370.204 [0] DBG_STACK_RUN_END epoch=16284486061926904368 run=234 kind=anchor_scan owner=anchor_uwb_scan outcome=ack queue=0 custody=0 credit=0 retry=0 drain=0 src=16876665336513972910 dst=11068027678940948070 session=0 seq=0 type=48 samples=1 attempts=1 errors=0 last_error=0 mutex_drops=355 short_drops=2649 sequence=0 previous=0 uptime=337470
89370.257 [0] DBG_ANCHOR_CH5_SCAN_HANDLER role=2
89370.257 [0] DBG_ANCHOR_CH5_SCAN_ARM now=337559 win=10 complete=15 interval=380 wait=0 tx=0 response=0
89370.257 [0] DBG_DWM_INVALIDATE tag=configure_radio_from_reset active_phy=4 configured=1 awake=1
89370.285 [0] DBG_DWM_MARK_UNCONFIGURED tag=initialise_radio prev_phy=0
89370.285 [0] DBG_DWM_PHY_SWITCH from=4 to=2 fast=0 us=20844
89370.285 [0] DBG_DWM_CH5_RX_HUNT_START acq=10 complete=1000 cap=1020
89370.285 [0] DBG_DWM_CH5_RX_HUNT_EMPTY s=337584 e=337594 ret=-116 sys=00000000 phy=2 cfg=1 aw=1 unk=0
89370.285 [0] DBG_ANCHOR_CH5_SCAN_DONE ret=-116 len=0 fail=1 pre=0 q=0 rx_us=10589 complete=1000
89370.285 [0] DBG_ANCHOR_CH5_SCAN_RESCHED ret=1 delay=380
89370.672 [0] DBG_ANCHOR_CH5_SCAN_HANDLER role=2
89370.672 [0] DBG_DWM_CH5_RX_HUNT_START acq=10 complete=1000 cap=1020
89370.698 [0] DBG_DWM_CH5_RX_HUNT_EMPTY s=337984 e=337994 ret=-116 sys=00000000 phy=2 cfg=1 aw=1 unk=0
89370.698 [0] DBG_ANCHOR_CH5_SCAN_RESCHED ret=1 delay=380
89371.074 [0] DBG_ANCHOR_CH5_SCAN_HANDLER role=2
89371.074 [0] DBG_DWM_CH5_RX_HUNT_START acq=10 complete=1000 cap=1020
89371.100 [0] DBG_DWM_CH5_RX_HUNT_EMPTY s=338384 e=338394 ret=-116 sys=00000000 phy=2 cfg=1 aw=1 unk=0
89371.100 [0] DBG_ANCHOR_CH5_SCAN_RESCHED ret=1 delay=380
89371.477 [0] DBG_ANCHOR_CH5_SCAN_HANDLER role=2
89371.477 [0] DBG_ANCHOR_CH5_SCAN_ARM now=338776 win=10 complete=15 interval=380 wait=0 tx=0 response=0
89371.477 [0] DBG_DWM_CH5_RX_HUNT_START acq=10 complete=1000 cap=1020
89371.477 [0] DBG_DWM_CH5_RX_HUNT_EMPTY s=338784 e=338794 ret=-116 sys=00000000 phy=2 cfg=1 aw=1 unk=0
89371.477 [0] DBG_ANCHOR_CH5_SCAN_DONE ret=-116 len=0 fail=1 pre=0 q=0 rx_us=10955 complete=1000
89371.509 [0] DBG_STACK_RUN_BEGIN epoch=16284486061926904368 run=235 kind=anchor_scan owner=anchor_uwb_scan queue=0 custody=0 credit=0 retry=0 drain=0 src=16876665336513972910 dst=11068027678940948070 session=0 seq=0 type=48 sequence=0 previous=0 uptime=338795
89371.509 [0] DBG_STACK_SAMPLE_BEGIN epoch=16284486061926904368 run=235 sample=234 kind=anchor_scan owner=anchor_uwb_scan queue=0 custody=0 credit=0 retry=0 drain=0 src=16876665336513972910 dst=11068027678940948070 session=0 seq=0 type=48 uptime=338796
89371.509 [0] DBG_STACK_ISR_CONFIG size=8192 run=235 sample=234
89371.509 [0] DBG_STACK name=anchor_uwb_scan tid=0x2000ca08 used=7952 free=2032 size=9984 ret=0 run=235 sample=234
89371.509 [0] DBG_STACK name=mesh_route tid=0x2000b038 used=6976 free=2496 size=9472 ret=0 run=235 sample=234
89371.509 [0] DBG_STACK name=sysworkq tid=0x2000d980 used=772 free=4604 size=5376 ret=0 run=235 sample=234
89371.509 [0] DBG_STACK name=logging tid=0x2000cec0 used=544 free=1504 size=2048 ret=0 run=235 sample=234
89371.509 [0] DBG_STACK name=idle tid=0x2000d750 used=64 free=256 size=320 ret=0 run=235 sample=234
89371.536 [0] DBG_STACK_SAMPLE_END run=235 sample=234
89371.536 [0] DBG_STACK_RUN_END epoch=16284486061926904368 run=235 kind=anchor_scan owner=anchor_uwb_scan outcome=ack queue=0 custody=0 credit=0 retry=0 drain=0 src=16876665336513972910 dst=11068027678940948070 session=0 seq=0 type=48 samples=1 attempts=1 errors=0 last_error=0 mutex_drops=356 short_drops=2649 sequence=0 previous=0 uptime=338831
89371.864 [0] DBG_ANCHOR_CH5_SCAN_HANDLER role=2
89371.890 [0] DBG_DWM_CH5_RX_HUNT_START acq=10 complete=1000 cap=1020
89371.890 [0] DBG_DWM_CH5_RX_HUNT_EMPTY s=339185 e=339196 ret=-116 sys=00000000 phy=2 cfg=1 aw=1 unk=0
89371.890 [0] DBG_ANCHOR_CH5_SCAN_RESCHED ret=1 delay=380
89372.260 [0] DBG_ANCHOR_CH5_SCAN_HANDLER role=2
89372.286 [0] DBG_DWM_CH5_RX_HUNT_START acq=10 complete=1000 cap=1020
89372.286 [0] DBG_DWM_CH5_RX_HUNT_EMPTY s=339586 e=339596 ret=-116 sys=00000000 phy=2 cfg=1 aw=1 unk=0
89372.286 [0] DBG_ANCHOR_CH5_SCAN_RESCHED ret=1 delay=380
89372.664 [0] DBG_ANCHOR_CH5_SCAN_HANDLER role=2
89372.664 [0] DBG_ANCHOR_CH5_SCAN_ARM now=339978 win=10 complete=15 interval=380 wait=0 tx=0 response=0
89372.696 [0] DBG_DWM_CH5_RX_HUNT_START acq=10 complete=1000 cap=1020
89372.696 [0] DBG_DWM_CH5_RX_HUNT_EMPTY s=339986 e=339996 ret=-116 sys=00000000 phy=2 cfg=1 aw=1 unk=0
89372.696 [0] DBG_ANCHOR_CH5_SCAN_DONE ret=-116 len=0 fail=1 pre=0 q=0 rx_us=10955 complete=1000
89372.696 [0] DBG_STACK_RUN_BEGIN epoch=16284486061926904368 run=236 kind=anchor_scan owner=anchor_uwb_scan queue=0 custody=0 credit=0 retry=0 drain=0 src=16876665336513972910 dst=11068027678940948070 session=0 seq=0 type=48 sequence=0 previous=0 uptime=339997
89372.696 [0] DBG_STACK_SAMPLE_BEGIN epoch=16284486061926904368 run=236 sample=235 kind=anchor_scan owner=anchor_uwb_scan queue=0 custody=0 credit=0 retry=0 drain=0 src=16876665336513972910 dst=11068027678940948070 session=0 seq=0 type=48 uptime=339998
89372.696 [0] DBG_STACK_ISR_CONFIG size=8192 run=236 sample=235
89372.696 [0] DBG_STACK name=anchor_uwb_scan tid=0x2000ca08 used=7952 free=2032 size=9984 ret=0 run=236 sample=235
89372.696 [0] DBG_STACK name=mesh_route tid=0x2000b038 used=6976 free=2496 size=9472 ret=0 run=236 sample=235
89372.726 [0] DBG_STACK name=sysworkq tid=0x2000d980 used=772 free=4604 size=5376 ret=0 run=236 sample=235
89372.726 [0] DBG_STACK name=logging tid=0x2000cec0 used=544 free=1504 size=2048 ret=0 run=236 sample=235
89372.726 [0] DBG_STACK name=idle tid=0x2000d750 used=64 free=256 size=320 ret=0 run=236 sample=235
89372.726 [0] DBG_STACK_SAMPLE_END run=236 sample=235
89372.726 [0] DBG_STACK_RUN_END epoch=16284486061926904368 run=236 kind=anchor_scan owner=anchor_uwb_scan outcome=ack queue=0 custody=0 credit=0 retry=0 drain=0 src=16876665336513972910 dst=11068027678940948070 session=0 seq=0 type=48 samples=1 attempts=1 errors=0 last_error=0 mutex_drops=357 short_drops=2649 sequence=0 previous=0 uptime=340019
89373.081 [0] DBG_ANCHOR_CH5_SCAN_HANDLER role=2
89373.081 [0] DBG_DWM_CH5_RX_HUNT_START acq=10 complete=1000 cap=1020
89373.081 [0] DBG_DWM_CH5_RX_HUNT_EMPTY s=340388 e=340398 ret=-116 sys=00000000 phy=2 cfg=1 aw=1 unk=0
89373.107 [0] DBG_ANCHOR_CH5_SCAN_RESCHED ret=1 delay=380
89373.474 [0] DBG_ANCHOR_CH5_SCAN_HANDLER role=2
89373.474 [0] DBG_DWM_CH5_RX_HUNT_START acq=10 complete=1000 cap=1020
89373.504 [0] DBG_DWM_CH5_RX_HUNT_EMPTY s=340788 e=340798 ret=-116 sys=00000000 phy=2 cfg=1 aw=1 unk=0
89373.504 [0] DBG_ANCHOR_CH5_SCAN_RESCHED ret=1 delay=380
89373.886 [0] DBG_ANCHOR_CH5_SCAN_HANDLER role=2
89373.886 [0] DBG_ANCHOR_CH5_SCAN_ARM now=341180 win=10 complete=15 interval=380 wait=0 tx=0 response=0
89373.886 [0] DBG_DWM_CH5_RX_HUNT_START acq=10 complete=1000 cap=1020
89373.886 [0] DBG_DWM_CH5_RX_HUNT_EMPTY s=341188 e=341198 ret=-116 sys=00000000 phy=2 cfg=1 aw=1 unk=0
89373.886 [0] DBG_ANCHOR_CH5_SCAN_DONE ret=-116 len=0 fail=1 pre=0 q=0 rx_us=10986 complete=1000
89373.886 [0] DBG_STACK_RUN_BEGIN epoch=16284486061926904368 run=237 kind=anchor_scan owner=anchor_uwb_scan queue=0 custody=0 credit=0 retry=0 drain=0 src=16876665336513972910 dst=11068027678940948070 session=0 seq=0 type=48 sequence=0 previous=0 uptime=341199
89373.886 [0] DBG_STACK_SAMPLE_BEGIN epoch=16284486061926904368 run=237 sample=236 kind=anchor_scan owner=anchor_uwb_scan queue=0 custody=0 credit=0 retry=0 drain=0 src=16876665336513972910 dst=11068027678940948070 session=0 seq=0 type=48 uptime=341200
89373.886 [0] DBG_STACK_ISR_CONFIG size=8192 run=237 sample=236
89373.915 [0] DBG_STACK name=anchor_uwb_scan tid=0x2000ca08 used=7952 free=2032 size=9984 ret=0 run=237 sample=236
89373.915 [0] DBG_STACK name=mesh_route tid=0x2000b038 used=6976 free=2496 size=9472 ret=0 run=237 sample=236
89373.915 [0] DBG_STACK name=sysworkq tid=0x2000d980 used=772 free=4604 size=5376 ret=0 run=237 sample=236
89373.915 [0] DBG_STACK name=logging tid=0x2000cec0 used=544 free=1504 size=2048 ret=0 run=237 sample=236
89373.915 [0] DBG_STACK name=idle tid=0x2000d750 used=64 free=256 size=320 ret=0 run=237 sample=236
89373.915 [0] DBG_STACK_SAMPLE_END run=237 sample=236
89373.915 [0] DBG_STACK_RUN_END epoch=16284486061926904368 run=237 kind=anchor_scan owner=anchor_uwb_scan outcome=ack queue=0 custody=0 credit=0 retry=0 drain=0 src=16876665336513972910 dst=11068027678940948070 session=0 seq=0 type=48 samples=1 attempts=1 errors=0 last_error=0 mutex_drops=358 short_drops=2649 sequence=0 previous=0 uptime=341209
89374.268 [0] DBG_ANCHOR_CH5_SCAN_HANDLER role=2
89374.294 [0] DBG_DWM_CH5_RX_HUNT_START acq=10 complete=1000 cap=1020
89374.294 [0] DBG_DWM_CH5_RX_HUNT_EMPTY s=341590 e=341600 ret=-116 sys=00000000 phy=2 cfg=1 aw=1 unk=0
89374.294 [0] DBG_ANCHOR_CH5_SCAN_RESCHED ret=1 delay=380
89374.681 [0] DBG_ANCHOR_CH5_SCAN_HANDLER role=2
89374.681 [0] DBG_DWM_CH5_RX_HUNT_START acq=10 complete=1000 cap=1020
89374.706 [0] DBG_DWM_CH5_RX_HUNT_EMPTY s=341990 e=342000 ret=-116 sys=00000000 phy=2 cfg=1 aw=1 unk=0
89374.706 [0] DBG_ANCHOR_CH5_SCAN_RESCHED ret=1 delay=380
89375.067 [0] DBG_ANCHOR_CH5_SCAN_HANDLER role=2
89375.067 [0] DBG_ANCHOR_CH5_SCAN_ARM now=342382 win=10 complete=15 interval=380 wait=0 tx=0 response=0
89375.099 [0] DBG_DWM_CH5_RX_HUNT_START acq=10 complete=1000 cap=1020
89375.099 [0] DBG_DWM_CH5_RX_HUNT_EMPTY s=342390 e=342400 ret=-116 sys=00000000 phy=2 cfg=1 aw=1 unk=0
89375.099 [0] DBG_ANCHOR_CH5_SCAN_DONE ret=-116 len=0 fail=1 pre=0 q=0 rx_us=10986 complete=1000
89375.099 [0] DBG_STACK_RUN_BEGIN epoch=16284486061926904368 run=238 kind=anchor_scan owner=anchor_uwb_scan queue=0 custody=0 credit=0 retry=0 drain=0 src=16876665336513972910 dst=11068027678940948070 session=0 seq=0 type=48 sequence=0 previous=0 uptime=342401
89375.099 [0] DBG_STACK_SAMPLE_BEGIN epoch=16284486061926904368 run=238 sample=237 kind=anchor_scan owner=anchor_uwb_scan queue=0 custody=0 credit=0 retry=0 drain=0 src=16876665336513972910 dst=11068027678940948070 session=0 seq=0 type=48 uptime=342402
89375.099 [0] DBG_STACK_ISR_CONFIG size=8192 run=238 sample=237
89375.099 [0] DBG_STACK name=anchor_uwb_scan tid=0x2000ca08 used=7952 free=2032 size=9984 ret=0 run=238 sample=237
89375.099 [0] DBG_STACK name=mesh_route tid=0x2000b038 used=6976 free=2496 size=9472 ret=0 run=238 sample=237
89375.128 [0] DBG_STACK name=sysworkq tid=0x2000d980 used=772 free=4604 size=5376 ret=0 run=238 sample=237
89375.128 [0] DBG_STACK name=logging tid=0x2000cec0 used=544 free=1504 size=2048 ret=0 run=238 sample=237
89375.128 [0] DBG_STACK name=idle tid=0x2000d750 used=64 free=256 size=320 ret=0 run=238 sample=237
89375.128 [0] DBG_STACK_SAMPLE_END run=238 sample=237
89375.128 [0] DBG_STACK_RUN_END epoch=16284486061926904368 run=238 kind=anchor_scan owner=anchor_uwb_scan outcome=ack queue=0 custody=0 credit=0 retry=0 drain=0 src=16876665336513972910 dst=11068027678940948070 session=0 seq=0 type=48 samples=1 attempts=1 errors=0 last_error=0 mutex_drops=359 short_drops=2649 sequence=0 previous=0 uptime=342422
89375.483 [0] DBG_ANCHOR_CH5_SCAN_HANDLER role=2
89375.483 [0] DBG_DWM_CH5_RX_HUNT_START acq=10 complete=1000 cap=1020
89375.510 [0] DBG_DWM_CH5_RX_HUNT_EMPTY s=342793 e=342803 ret=-116 sys=00000000 phy=2 cfg=1 aw=1 unk=0
89375.510 [0] DBG_ANCHOR_CH5_SCAN_RESCHED ret=1 delay=380
89375.875 [0] DBG_ANCHOR_CH5_SCAN_HANDLER role=2
89375.875 [0] DBG_DWM_CH5_RX_HUNT_START acq=10 complete=1000 cap=1020
89375.901 [0] DBG_DWM_CH5_RX_HUNT_EMPTY s=343193 e=343203 ret=-116 sys=00000000 phy=2 cfg=1 aw=1 unk=0
89375.901 [0] DBG_ANCHOR_CH5_SCAN_RESCHED ret=1 delay=380
89376.275 [0] DBG_ANCHOR_CH5_SCAN_HANDLER role=2
89376.275 [0] DBG_ANCHOR_CH5_SCAN_ARM now=343584 win=10 complete=15 interval=380 wait=0 tx=0 response=0
89376.275 [0] DBG_DWM_CH5_RX_HUNT_START acq=10 complete=1000 cap=1020
89376.306 [0] DBG_DWM_CH5_RX_HUNT_EMPTY s=343593 e=343603 ret=-116 sys=00000000 phy=2 cfg=1 aw=1 unk=0
89376.306 [0] DBG_ANCHOR_CH5_SCAN_DONE ret=-116 len=0 fail=1 pre=0 q=0 rx_us=11108 complete=1000
89376.306 [0] DBG_STACK_RUN_BEGIN epoch=16284486061926904368 run=239 kind=anchor_scan owner=anchor_uwb_scan queue=0 custody=0 credit=0 retry=0 drain=0 src=16876665336513972910 dst=11068027678940948070 session=0 seq=0 type=48 sequence=0 previous=0 uptime=343604
89376.306 [0] DBG_STACK_SAMPLE_BEGIN epoch=16284486061926904368 run=239 sample=238 kind=anchor_scan owner=anchor_uwb_scan queue=0 custody=0 credit=0 retry=0 drain=0 src=16876665336513972910 dst=11068027678940948070 session=0 seq=0 type=48 uptime=343605
89376.306 [0] DBG_STACK_ISR_CONFIG size=8192 run=239 sample=238
89376.306 [0] DBG_STACK name=anchor_uwb_scan tid=0x2000ca08 used=7952 free=2032 size=9984 ret=0 run=239 sample=238
89376.306 [0] DBG_STACK name=mesh_route tid=0x2000b038 used=6976 free=2496 size=9472 ret=0 run=239 sample=238
89376.306 [0] DBG_STACK name=sysworkq tid=0x2000d980 used=772 free=4604 size=5376 ret=0 run=239 sample=238
89376.335 [0] DBG_STACK name=logging tid=0x2000cec0 used=544 free=1504 size=2048 ret=0 run=239 sample=238
89376.335 [0] DBG_STACK name=idle tid=0x2000d750 used=64 free=256 size=320 ret=0 run=239 sample=238
89376.335 [0] DBG_STACK_SAMPLE_END run=239 sample=238
89376.335 [0] DBG_STACK_RUN_END epoch=16284486061926904368 run=239 kind=anchor_scan owner=anchor_uwb_scan outcome=ack queue=0 custody=0 credit=0 retry=0 drain=0 src=16876665336513972910 dst=11068027678940948070 session=0 seq=0 type=48 samples=1 attempts=1 errors=0 last_error=0 mutex_drops=360 short_drops=2649 sequence=0 previous=0 uptime=343628
89376.689 [0] DBG_ANCHOR_CH5_SCAN_HANDLER role=2
89376.689 [0] DBG_DWM_CH5_RX_HUNT_START acq=10 complete=1000 cap=1020
89376.689 [0] DBG_DWM_CH5_RX_HUNT_EMPTY s=343996 e=344006 ret=-116 sys=00000000 phy=2 cfg=1 aw=1 unk=0
89376.715 [0] DBG_ANCHOR_CH5_SCAN_RESCHED ret=1 delay=380
89377.079 [0] DBG_ANCHOR_CH5_SCAN_HANDLER role=2
89377.079 [0] DBG_DWM_CH5_RX_HUNT_START acq=10 complete=1000 cap=1020
89377.105 [0] DBG_DWM_CH5_RX_HUNT_EMPTY s=344396 e=344406 ret=-116 sys=00000000 phy=2 cfg=1 aw=1 unk=0
89377.105 [0] DBG_ANCHOR_CH5_SCAN_RESCHED ret=1 delay=380
89377.480 [0] DBG_ANCHOR_CH5_SCAN_HANDLER role=2
89377.480 [0] DBG_ANCHOR_CH5_SCAN_ARM now=344788 win=10 complete=15 interval=380 wait=0 tx=0 response=0
89377.480 [0] DBG_DWM_CH5_RX_HUNT_START acq=10 complete=1000 cap=1020
89377.512 [0] DBG_DWM_CH5_RX_HUNT_EMPTY s=344796 e=344806 ret=-116 sys=00000000 phy=2 cfg=1 aw=1 unk=0
89377.512 [0] DBG_ANCHOR_CH5_SCAN_DONE ret=-116 len=0 fail=1 pre=0 q=0 rx_us=10925 complete=1000
89377.512 [0] DBG_STACK_RUN_BEGIN epoch=16284486061926904368 run=240 kind=anchor_scan owner=anchor_uwb_scan queue=0 custody=0 credit=0 retry=0 drain=0 src=16876665336513972910 dst=11068027678940948070 session=0 seq=0 type=48 sequence=0 previous=0 uptime=344807
89377.512 [0] DBG_STACK_SAMPLE_BEGIN epoch=16284486061926904368 run=240 sample=239 kind=anchor_scan owner=anchor_uwb_scan queue=0 custody=0 credit=0 retry=0 drain=0 src=16876665336513972910 dst=11068027678940948070 session=0 seq=0 type=48 uptime=344808
89377.512 [0] DBG_STACK_ISR_CONFIG size=8192 run=240 sample=239
89377.512 [0] DBG_STACK name=anchor_uwb_scan tid=0x2000ca08 used=7952 free=2032 size=9984 ret=0 run=240 sample=239
89377.512 [0] DBG_STACK name=mesh_route tid=0x2000b038 used=6976 free=2496 size=9472 ret=0 run=240 sample=239
89377.512 [0] DBG_STACK name=sysworkq tid=0x2000d980 used=772 free=4604 size=5376 ret=0 run=240 sample=239
89377.542 [0] DBG_STACK name=logging tid=0x2000cec0 used=544 free=1504 size=2048 ret=0 run=240 sample=239
89377.542 [0] DBG_STACK name=idle tid=0x2000d750 used=64 free=256 size=320 ret=0 run=240 sample=239
89377.542 [0] DBG_STACK_SAMPLE_END run=240 sample=239
89377.542 [0] DBG_STACK_RUN_END epoch=16284486061926904368 run=240 kind=anchor_scan owner=anchor_uwb_scan outcome=ack queue=0 custody=0 credit=0 retry=0 drain=0 src=16876665336513972910 dst=11068027678940948070 session=0 seq=0 type=48 samples=1 attempts=1 errors=0 last_error=0 mutex_drops=361 short_drops=2649 sequence=0 previous=0 uptime=344835
89377.892 [0] DBG_ANCHOR_CH5_SCAN_HANDLER role=2
89377.892 [0] DBG_DWM_CH5_RX_HUNT_START acq=10 complete=1000 cap=1020
89377.892 [0] DBG_DWM_CH5_RX_HUNT_EMPTY s=345196 e=345206 ret=-116 sys=00000000 phy=2 cfg=1 aw=1 unk=0
89377.892 [0] DBG_ANCHOR_CH5_SCAN_RESCHED ret=1 delay=380
89378.282 [0] DBG_ANCHOR_CH5_SCAN_HANDLER role=2
89378.282 [0] DBG_DWM_CH5_RX_HUNT_START acq=10 complete=1000 cap=1020
89378.309 [0] DBG_DWM_CH5_RX_HUNT_EMPTY s=345596 e=345606 ret=-116 sys=00000000 phy=2 cfg=1 aw=1 unk=0
89378.309 [0] DBG_ANCHOR_CH5_SCAN_RESCHED ret=1 delay=380
89378.686 [0] DBG_ANCHOR_CH5_SCAN_HANDLER role=2
89378.686 [0] DBG_ANCHOR_CH5_SCAN_ARM now=345988 win=10 complete=15 interval=380 wait=0 tx=0 response=0
89378.686 [0] DBG_DWM_CH5_RX_HUNT_START acq=10 complete=1000 cap=1020
89378.716 [0] DBG_DWM_CH5_RX_HUNT_EMPTY s=345996 e=346006 ret=-116 sys=00000000 phy=2 cfg=1 aw=1 unk=0
89378.716 [0] DBG_ANCHOR_CH5_SCAN_DONE ret=-116 len=0 fail=1 pre=0 q=0 rx_us=10925 complete=1000
89378.716 [0] DBG_STACK_RUN_BEGIN epoch=16284486061926904368 run=241 kind=anchor_scan owner=anchor_uwb_scan queue=0 custody=0 credit=0 retry=0 drain=0 src=16876665336513972910 dst=11068027678940948070 session=0 seq=0 type=48 sequence=0 previous=0 uptime=346007
89378.716 [0] DBG_STACK_SAMPLE_BEGIN epoch=16284486061926904368 run=241 sample=240 kind=anchor_scan owner=anchor_uwb_scan queue=0 custody=0 credit=0 retry=0 drain=0 src=16876665336513972910 dst=11068027678940948070 session=0 seq=0 type=48 uptime=346008
89378.716 [0] DBG_STACK_ISR_CONFIG size=8192 run=241 sample=240
89378.716 [0] DBG_STACK name=anchor_uwb_scan tid=0x2000ca08 used=7952 free=2032 size=9984 ret=0 run=241 sample=240
89378.716 [0] DBG_STACK name=mesh_route tid=0x2000b038 used=6976 free=2496 size=9472 ret=0 run=241 sample=240
89378.716 [0] DBG_STACK name=sysworkq tid=0x2000d980 used=772 free=4604 size=5376 ret=0 run=241 sample=240
89378.746 [0] DBG_STACK name=logging tid=0x2000cec0 used=544 free=1504 size=2048 ret=0 run=241 sample=240
89378.746 [0] DBG_STACK name=idle tid=0x2000d750 used=64 free=256 size=320 ret=0 run=241 sample=240
89378.746 [0] DBG_STACK_SAMPLE_END run=241 sample=240
89378.746 [0] DBG_STACK_RUN_END epoch=16284486061926904368 run=241 kind=anchor_scan owner=anchor_uwb_scan outcome=ack queue=0 custody=0 credit=0 retry=0 drain=0 src=16876665336513972910 dst=11068027678940948070 session=0 seq=0 type=48 samples=1 attempts=1 errors=0 last_error=0 mutex_drops=362 short_drops=2649 sequence=0 previous=0 uptime=346039
89379.078 [0] DBG_ANCHOR_CH5_SCAN_HANDLER role=2
89379.104 [0] DBG_DWM_CH5_RX_HUNT_START acq=10 complete=1000 cap=1020
89379.104 [0] DBG_DWM_CH5_RX_HUNT_EMPTY s=346399 e=346409 ret=-116 sys=00000000 phy=2 cfg=1 aw=1 unk=0
89379.104 [0] DBG_ANCHOR_CH5_SCAN_RESCHED ret=1 delay=380
89379.495 [0] DBG_ANCHOR_CH5_SCAN_HANDLER role=2
89379.495 [0] DBG_DWM_CH5_RX_HUNT_START acq=10 complete=1000 cap=1020
89379.495 [0] DBG_DWM_CH5_RX_HUNT_EMPTY s=346799 e=346809 ret=-116 sys=00000000 phy=2 cfg=1 aw=1 unk=0
89379.495 [0] DBG_ANCHOR_CH5_SCAN_RESCHED ret=1 delay=380
89379.875 [0] DBG_ANCHOR_CH5_SCAN_HANDLER role=2
89379.875 [0] DBG_ANCHOR_CH5_SCAN_ARM now=347191 win=10 complete=15 interval=380 wait=0 tx=0 response=0
89379.907 [0] DBG_DWM_CH5_RX_HUNT_START acq=10 complete=1000 cap=1020
89379.907 [0] DBG_DWM_CH5_RX_HUNT_EMPTY s=347199 e=347209 ret=-116 sys=00000000 phy=2 cfg=1 aw=1 unk=0
89379.907 [0] DBG_ANCHOR_CH5_SCAN_DONE ret=-116 len=0 fail=1 pre=0 q=0 rx_us=10803 complete=1000
89379.907 [0] DBG_ANCHOR_CH5_SCAN_RESCHED ret=1 delay=380
89379.907 [0] DBG_STACK_RUN_BEGIN epoch=16284486061926904368 run=242 kind=anchor_scan owner=anchor_uwb_scan queue=0 custody=0 credit=0 retry=0 drain=0 src=16876665336513972910 dst=11068027678940948070 session=0 seq=0 type=48 sequence=0 previous=0 uptime=347210
89379.907 [0] DBG_STACK_SAMPLE_BEGIN epoch=16284486061926904368 run=242 sample=241 kind=anchor_scan owner=anchor_uwb_scan queue=0 custody=0 credit=0 retry=0 drain=0 src=16876665336513972910 dst=11068027678940948070 session=0 seq=0 type=48 uptime=347211
89379.907 [0] DBG_STACK_ISR_CONFIG size=8192 run=242 sample=241
89379.907 [0] DBG_STACK name=anchor_uwb_scan tid=0x2000ca08 used=7952 free=2032 size=9984 ret=0 run=242 sample=241
89379.907 [0] DBG_STACK name=mesh_route tid=0x2000b038 used=6976 free=2496 size=9472 ret=0 run=242 sample=241
89379.938 [0] DBG_STACK name=sysworkq tid=0x2000d980 used=772 free=4604 size=5376 ret=0 run=242 sample=241
89379.938 [0] DBG_STACK name=logging tid=0x2000cec0 used=544 free=1504 size=2048 ret=0 run=242 sample=241
89379.938 [0] DBG_STACK name=idle tid=0x2000d750 used=64 free=256 size=320 ret=0 run=242 sample=241
89379.938 [0] DBG_STACK_SAMPLE_END run=242 sample=241
89379.938 [0] DBG_STACK_RUN_END epoch=16284486061926904368 run=242 kind=anchor_scan owner=anchor_uwb_scan outcome=ack queue=0 custody=0 credit=0 retry=0 drain=0 src=16876665336513972910 dst=11068027678940948070 session=0 seq=0 type=48 samples=1 attempts=1 errors=0 last_error=0 mutex_drops=362 short_drops=2649 sequence=0 previous=0 uptime=347230
89380.275 [0] DBG_ANCHOR_CH5_SCAN_HANDLER role=2
89380.304 [0] DBG_DWM_CH5_RX_HUNT_START acq=10 complete=1000 cap=1020
89380.304 [0] DBG_DWM_CH5_RX_HUNT_EMPTY s=347599 e=347609 ret=-116 sys=00000000 phy=2 cfg=1 aw=1 unk=0
89380.304 [0] DBG_ANCHOR_CH5_SCAN_RESCHED ret=1 delay=380
89380.671 [0] DBG_ANCHOR_CH5_SCAN_HANDLER role=2
89380.698 [0] DBG_DWM_CH5_RX_HUNT_START acq=10 complete=1000 cap=1020
89380.698 [0] DBG_DWM_CH5_RX_HUNT_EMPTY s=347999 e=348009 ret=-116 sys=00000000 phy=2 cfg=1 aw=1 unk=0
89380.698 [0] DBG_ANCHOR_CH5_SCAN_RESCHED ret=1 delay=380
89381.079 [0] DBG_ANCHOR_CH5_SCAN_HANDLER role=2
89381.079 [0] DBG_ANCHOR_CH5_SCAN_ARM now=348391 win=10 complete=15 interval=380 wait=0 tx=0 response=0
89381.109 [0] DBG_DWM_CH5_RX_HUNT_START acq=10 complete=1000 cap=1020
89381.109 [0] DBG_DWM_CH5_RX_HUNT_EMPTY s=348399 e=348409 ret=-116 sys=00000000 phy=2 cfg=1 aw=1 unk=0
89381.109 [0] DBG_ANCHOR_CH5_SCAN_DONE ret=-116 len=0 fail=1 pre=0 q=0 rx_us=10955 complete=1000
89381.109 [0] DBG_STACK_RUN_BEGIN epoch=16284486061926904368 run=243 kind=anchor_scan owner=anchor_uwb_scan queue=0 custody=0 credit=0 retry=0 drain=0 src=16876665336513972910 dst=11068027678940948070 session=0 seq=0 type=48 sequence=0 previous=0 uptime=348410
89381.109 [0] DBG_STACK_SAMPLE_BEGIN epoch=16284486061926904368 run=243 sample=242 kind=anchor_scan owner=anchor_uwb_scan queue=0 custody=0 credit=0 retry=0 drain=0 src=16876665336513972910 dst=11068027678940948070 session=0 seq=0 type=48 uptime=348411
89381.109 [0] DBG_STACK_ISR_CONFIG size=8192 run=243 sample=242
89381.109 [0] DBG_STACK name=anchor_uwb_scan tid=0x2000ca08 used=7952 free=2032 size=9984 ret=0 run=243 sample=242
89381.109 [0] DBG_STACK name=mesh_route tid=0x2000b038 used=6976 free=2496 size=9472 ret=0 run=243 sample=242
89381.139 [0] DBG_STACK name=sysworkq tid=0x2000d980 used=772 free=4604 size=5376 ret=0 run=243 sample=242
89381.139 [0] DBG_STACK name=logging tid=0x2000cec0 used=544 free=1504 size=2048 ret=0 run=243 sample=242
89381.139 [0] DBG_STACK name=idle tid=0x2000d750 used=64 free=256 size=320 ret=0 run=243 sample=242
89381.139 [0] DBG_STACK_SAMPLE_END run=243 sample=242
89381.139 [0] DBG_STACK_RUN_END epoch=16284486061926904368 run=243 kind=anchor_scan owner=anchor_uwb_scan outcome=ack queue=0 custody=0 credit=0 retry=0 drain=0 src=16876665336513972910 dst=11068027678940948070 session=0 seq=0 type=48 samples=1 attempts=1 errors=0 last_error=0 mutex_drops=363 short_drops=2649 sequence=0 previous=0 uptime=348431
89381.495 [0] DBG_ANCHOR_CH5_SCAN_HANDLER role=2
89381.495 [0] DBG_DWM_CH5_RX_HUNT_START acq=10 complete=1000 cap=1020
89381.495 [0] DBG_DWM_CH5_RX_HUNT_EMPTY s=348802 e=348812 ret=-116 sys=00000000 phy=2 cfg=1 aw=1 unk=0
89381.526 [0] DBG_ANCHOR_CH5_SCAN_RESCHED ret=1 delay=380
89381.897 [0] DBG_ANCHOR_CH5_SCAN_HANDLER role=2
89381.897 [0] DBG_DWM_CH5_RX_HUNT_START acq=10 complete=1000 cap=1020
89381.897 [0] DBG_DWM_CH5_RX_HUNT_EMPTY s=349202 e=349212 ret=-116 sys=00000000 phy=2 cfg=1 aw=1 unk=0
89381.897 [0] DBG_ANCHOR_CH5_SCAN_RESCHED ret=1 delay=380
89382.307 [0] DBG_ANCHOR_CH5_SCAN_HANDLER role=2
89382.307 [0] DBG_ANCHOR_CH5_SCAN_ARM now=349593 win=10 complete=15 interval=380 wait=0 tx=0 response=0
89382.307 [0] DBG_DWM_CH5_RX_HUNT_START acq=10 complete=1000 cap=1020
89382.307 [0] DBG_DWM_CH5_RX_HUNT_EMPTY s=349602 e=349612 ret=-116 sys=00000000 phy=2 cfg=1 aw=1 unk=0
89382.307 [0] DBG_ANCHOR_CH5_SCAN_DONE ret=-116 len=0 fail=1 pre=0 q=0 rx_us=11108 complete=1000
89382.307 [0] DBG_STACK_RUN_BEGIN epoch=16284486061926904368 run=244 kind=anchor_scan owner=anchor_uwb_scan queue=0 custody=0 credit=0 retry=0 drain=0 src=16876665336513972910 dst=11068027678940948070 session=0 seq=0 type=48 sequence=0 previous=0 uptime=349613
89382.307 [0] DBG_STACK_SAMPLE_BEGIN epoch=16284486061926904368 run=244 sample=243 kind=anchor_scan owner=anchor_uwb_scan queue=0 custody=0 credit=0 retry=0 drain=0 src=16876665336513972910 dst=11068027678940948070 session=0 seq=0 type=48 uptime=349614
89382.307 [0] DBG_STACK_ISR_CONFIG size=8192 run=244 sample=243
89382.307 [0] DBG_STACK name=anchor_uwb_scan tid=0x2000ca08 used=7952 free=2032 size=9984 ret=0 run=244 sample=243
89382.338 [0] DBG_STACK name=mesh_route tid=0x2000b038 used=6976 free=2496 size=9472 ret=0 run=244 sample=243
89382.338 [0] DBG_STACK name=sysworkq tid=0x2000d980 used=772 free=4604 size=5376 ret=0 run=244 sample=243
89382.338 [0] DBG_STACK name=logging tid=0x2000cec0 used=544 free=1504 size=2048 ret=0 run=244 sample=243
89382.338 [0] DBG_STACK name=idle tid=0x2000d750 used=64 free=256 size=320 ret=0 run=244 sample=243
89382.338 [0] DBG_STACK_SAMPLE_END run=244 sample=243
89382.338 [0] DBG_STACK_RUN_END epoch=16284486061926904368 run=244 kind=anchor_scan owner=anchor_uwb_scan outcome=ack queue=0 custody=0 credit=0 retry=0 drain=0 src=16876665336513972910 dst=11068027678940948070 session=0 seq=0 type=48 samples=1 attempts=1 errors=0 last_error=0 mutex_drops=364 short_drops=2649 sequence=0 previous=0 uptime=349631
89382.695 [0] DBG_ANCHOR_CH5_SCAN_HANDLER role=2
89382.695 [0] DBG_DWM_CH5_RX_HUNT_START acq=10 complete=1000 cap=1020
89382.722 [0] DBG_DWM_CH5_RX_HUNT_EMPTY s=350004 e=350014 ret=-116 sys=00000000 phy=2 cfg=1 aw=1 unk=0
89382.722 [0] DBG_ANCHOR_CH5_SCAN_RESCHED ret=1 delay=380
89383.095 [0] DBG_ANCHOR_CH5_SCAN_HANDLER role=2
89383.095 [0] DBG_DWM_CH5_RX_HUNT_START acq=10 complete=1000 cap=1020
89383.121 [0] DBG_DWM_CH5_RX_HUNT_EMPTY s=350404 e=350414 ret=-116 sys=00000000 phy=2 cfg=1 aw=1 unk=0
89383.121 [0] DBG_ANCHOR_CH5_SCAN_RESCHED ret=1 delay=380
89383.496 [0] DBG_ANCHOR_CH5_SCAN_HANDLER role=2
89383.496 [0] DBG_ANCHOR_CH5_SCAN_ARM now=350796 win=10 complete=15 interval=380 wait=0 tx=0 response=0
89383.496 [0] DBG_DWM_CH5_RX_HUNT_START acq=10 complete=1000 cap=1020
89383.496 [0] DBG_DWM_CH5_RX_HUNT_EMPTY s=350804 e=350814 ret=-116 sys=00000000 phy=2 cfg=1 aw=1 unk=0
89383.534 [0] DBG_ANCHOR_CH5_SCAN_DONE ret=-116 len=0 fail=1 pre=0 q=0 rx_us=10925 complete=1000
89383.534 [0] DBG_STACK_RUN_BEGIN epoch=16284486061926904368 run=245 kind=anchor_scan owner=anchor_uwb_scan queue=0 custody=0 credit=0 retry=0 drain=0 src=16876665336513972910 dst=11068027678940948070 session=0 seq=0 type=48 sequence=0 previous=0 uptime=350815
89383.534 [0] DBG_STACK_SAMPLE_BEGIN epoch=16284486061926904368 run=245 sample=244 kind=anchor_scan owner=anchor_uwb_scan queue=0 custody=0 credit=0 retry=0 drain=0 src=16876665336513972910 dst=11068027678940948070 session=0 seq=0 type=48 uptime=350816
89383.534 [0] DBG_STACK_ISR_CONFIG size=8192 run=245 sample=244
89383.534 [0] DBG_STACK name=anchor_uwb_scan tid=0x2000ca08 used=7952 free=2032 size=9984 ret=0 run=245 sample=244
89383.534 [0] DBG_STACK name=mesh_route tid=0x2000b038 used=6976 free=2496 size=9472 ret=0 run=245 sample=244
89383.534 [0] DBG_STACK name=sysworkq tid=0x2000d980 used=772 free=4604 size=5376 ret=0 run=245 sample=244
89383.534 [0] DBG_STACK name=logging tid=0x2000cec0 used=544 free=1504 size=2048 ret=0 run=245 sample=244
89383.567 [0] DBG_STACK name=idle tid=0x2000d750 used=64 free=256 size=320 ret=0 run=245 sample=244
89383.567 [0] DBG_STACK_SAMPLE_END run=245 sample=244
89383.567 [0] DBG_STACK_RUN_END epoch=16284486061926904368 run=245 kind=anchor_scan owner=anchor_uwb_scan outcome=ack queue=0 custody=0 credit=0 retry=0 drain=0 src=16876665336513972910 dst=11068027678940948070 session=0 seq=0 type=48 samples=1 attempts=1 errors=0 last_error=0 mutex_drops=365 short_drops=2649 sequence=0 previous=0 uptime=350856
89383.895 [0] DBG_ANCHOR_CH5_SCAN_HANDLER role=2
89383.895 [0] DBG_DWM_CH5_RX_HUNT_START acq=10 complete=1000 cap=1020
89383.921 [0] DBG_DWM_CH5_RX_HUNT_EMPTY s=351205 e=351216 ret=-116 sys=00000000 phy=2 cfg=1 aw=1 unk=0
89383.921 [0] DBG_ANCHOR_CH5_SCAN_RESCHED ret=1 delay=380
89384.291 [0] DBG_ANCHOR_CH5_SCAN_HANDLER role=2
89384.291 [0] DBG_DWM_CH5_RX_HUNT_START acq=10 complete=1000 cap=1020
89384.316 [0] DBG_DWM_CH5_RX_HUNT_EMPTY s=351606 e=351616 ret=-116 sys=00000000 phy=2 cfg=1 aw=1 unk=0
89384.316 [0] DBG_ANCHOR_CH5_SCAN_RESCHED ret=1 delay=380
89384.694 [0] DBG_ANCHOR_CH5_SCAN_HANDLER role=2
89384.694 [0] DBG_ANCHOR_CH5_SCAN_ARM now=351998 win=10 complete=15 interval=380 wait=0 tx=0 response=0
89384.694 [0] DBG_DWM_CH5_RX_HUNT_START acq=10 complete=1000 cap=1020
89384.725 [0] DBG_DWM_CH5_RX_HUNT_EMPTY s=352006 e=352016 ret=-116 sys=00000000 phy=2 cfg=1 aw=1 unk=0
89384.725 [0] DBG_ANCHOR_CH5_SCAN_DONE ret=-116 len=0 fail=1 pre=0 q=0 rx_us=10955 complete=1000
89384.725 [0] DBG_STACK_RUN_BEGIN epoch=16284486061926904368 run=246 kind=anchor_scan owner=anchor_uwb_scan queue=0 custody=0 credit=0 retry=0 drain=0 src=16876665336513972910 dst=11068027678940948070 session=0 seq=0 type=48 sequence=0 previous=0 uptime=352017
89384.725 [0] DBG_STACK_SAMPLE_BEGIN epoch=16284486061926904368 run=246 sample=245 kind=anchor_scan owner=anchor_uwb_scan queue=0 custody=0 credit=0 retry=0 drain=0 src=16876665336513972910 dst=11068027678940948070 session=0 seq=0 type=48 uptime=352018
89384.725 [0] DBG_STACK_ISR_CONFIG size=8192 run=246 sample=245
89384.725 [0] DBG_STACK name=anchor_uwb_scan tid=0x2000ca08 used=7952 free=2032 size=9984 ret=0 run=246 sample=245
89384.725 [0] DBG_STACK name=mesh_route tid=0x2000b038 used=6976 free=2496 size=9472 ret=0 run=246 sample=245
89384.725 [0] DBG_STACK name=sysworkq tid=0x2000d980 used=772 free=4604 size=5376 ret=0 run=246 sample=245
89384.753 [0] DBG_STACK name=logging tid=0x2000cec0 used=544 free=1504 size=2048 ret=0 run=246 sample=245
89384.753 [0] DBG_STACK name=idle tid=0x2000d750 used=64 free=256 size=320 ret=0 run=246 sample=245
89384.753 [0] DBG_STACK_SAMPLE_END run=246 sample=245
89384.753 [0] DBG_STACK_RUN_END epoch=16284486061926904368 run=246 kind=anchor_scan owner=anchor_uwb_scan outcome=ack queue=0 custody=0 credit=0 retry=0 drain=0 src=16876665336513972910 dst=11068027678940948070 session=0 seq=0 type=48 samples=1 attempts=1 errors=0 last_error=0 mutex_drops=366 short_drops=2649 sequence=0 previous=0 uptime=352048
89385.087 [0] DBG_ANCHOR_CH5_SCAN_HANDLER role=2
89385.115 [0] DBG_DWM_CH5_RX_HUNT_START acq=10 complete=1000 cap=1020
89385.115 [0] DBG_DWM_CH5_RX_HUNT_EMPTY s=352409 e=352419 ret=-116 sys=00000000 phy=2 cfg=1 aw=1 unk=0
89385.115 [0] DBG_ANCHOR_CH5_SCAN_RESCHED ret=1 delay=380
89385.505 [0] DBG_ANCHOR_CH5_SCAN_HANDLER role=2
89385.505 [0] DBG_DWM_CH5_RX_HUNT_START acq=10 complete=1000 cap=1020
89385.505 [0] DBG_DWM_CH5_RX_HUNT_EMPTY s=352809 e=352819 ret=-116 sys=00000000 phy=2 cfg=1 aw=1 unk=0
89385.505 [0] DBG_ANCHOR_CH5_SCAN_RESCHED ret=1 delay=380
